-- Batch 412 (200 records)
INSERT INTO contacts (id, first_name, last_name, email, phone, company, address) VALUES
('afee8420-4389-4ae6-889c-53f9cce992e8', 'Andres', 'Spycher', 'spycher-holzbau@bluewin.ch', '079 607 00 18', 'spycher holzbau gmbh', 'Dorf 183, 3635 Uebeschi, Bern'),
('281fe173-0118-4ffa-8505-a93873ca2b8b', 'Reto', 'Spycher', 'info@spycher-ag.ch', '031 972 25 35', 'Spycher Malerei-Gipserei AG', 'Sägemattstrasse 9, 3097 Liebefeld, Bern'),
('c9037348-8527-41de-aaec-7a03d129f152', 'Hansuli', 'Grädel', 'info@kamele.ch', '062 962 11 52', 'Spycher-Handwerk AG', 'Bäch 4, 4953 Schwarzenbach (Huttwil), Bern'),
('7a66356b-961c-46ac-91cc-ccd2b41523c2', 'Andreas', 'Schmid', 'andreas.schmid@spyk.ch', '062 867 90 75', 'Spyk Bänder AG', 'Hauptstrasse 2, 5027 Herznach, Aargau'),
('d223a504-d912-4856-80c4-2b9b20da28c7', 'Daniel', 'Wittwer', 'info@spymag.ch', '033 222 90 60', 'Spymag AG', 'Schlossmattstrasse 10, 3600 Thun, Bern'),
('11a3f5ae-4bc5-4aab-a7bc-e37fb5dd70e3', 'Peter', 'Oehrli', 'spysi@spysi.ch', '031 311 24 65', 'Spysi', 'Junkerngasse 30, 3000 Bern 8, Bern'),
('a4433763-964a-4e42-a5f4-507b253f5f3b', 'Nazif', 'Sate', 'nazif.sate@sqarch.ch', '062 501 10 01', 'SQ Architekten GmbH', 'Zürichstrasse 49, 4665 Oftringen, Aargau'),
('a6639d06-531c-4cd5-ae98-d454899247f6', 'Markus', 'Glaeske', 'info@sqproducts.ch', '041 748 53 00', 'SQ Products AG', 'Industriestrasse 23, 6034 Inwil, Luzern'),
('b2a07bb8-e51a-4d9c-9623-dacb23d84145', 'Melanie', 'Legidis', 'melanie.legidis@sqts.ch', '058 577 10 00', 'SQTS - eine Direktion des Migros-Genossenschafts-Bundes', 'Limmatstrasse 152, 8031 Zürich, Zürich'),
('a7a0f09e-d813-4452-a19a-fb941f157684', 'Reinhard Alexander', 'Squaratti', 'climb@mounta1n.ch', '079 276 25 59', 'Squaratti Mountain GmbH', 'Termerstrasse 50, 3912 Termen, Wallis/Valais'),
('bea09f00-97d7-4976-a7b5-1431ab9b8a48', 'Aram Raoul', 'Mayor', 'mayor@sq1.ch', '052 214 08 39', 'Square One Architekten GmbH', 'Steinberggasse 26, 8400 Winterthur, Zürich'),
('bc22a1f4-6c99-4cfb-b257-5eaacceff6a0', 'Marc', 'Bär-Keller', 'info@squidinks.ch', '056 648 85 35', 'Squid Inks AG', 'Welschloh 299, 8965 Berikon, Aargau'),
('7bdd3f23-9a50-4c9a-87db-5d86bf698489', 'André', 'Ryf', 'andre.ryf@squiis.com', '076 502 08 88', 'squiis GmbH', 'Schaffhauserstrasse 108, 8180 Bülach, Zürich'),
('d33c2ce4-c917-4d29-9f37-cb280276888c', 'René', 'Squindo', 'squindo.baeckerei@bluewin.ch', '062 726 12 83', 'Squindo Bäckerei AG', 'Ruesserain 121, 5054 Moosleerau, Aargau'),
('12ee66a2-5185-4b83-b57f-5e07a6b56636', 'Dorian', 'Selz', 'info@squirro.com', '044 586 98 98', 'Squirro AG', 'Mühlebachstrasse 70, 8008 Zürich, Zürich'),
('8e1a93af-231b-490c-a247-165162f57d88', 'Christian', 'Lusser', 'info@squri.ch', '041 871 14 89', 'SQURI AG', 'Lehnplatz 11, 6460 Altdorf, Uri'),
('035442d7-a829-4cf9-b334-b4f5ffc5fafd', 'Roger', 'Baumer', 'r.baumer@sqwer.ch', '033 222 29 29', 'Sqwer AG', 'Scheibenstrasse 6, 3600 Thun, Bern'),
('f0805654-6c9b-49b4-a259-aed9906696e2', 'Faton', 'Ramani', 'faton.ramani@srbm.ch', '081 633 13 13', 'SR Baumanagement GmbH', 'Kalchbühlstrasse 40, 7000 Chur, Graubünden'),
('474ad52b-7fc2-4b29-8dce-2dc9f3c1345e', 'Christof', 'Ramseier', 'christof.ramseier@srmediengroup.ch', '031 511 00 00', 'SR Medien Group AG c/o Christof Walter Ramseier', 'Hohfuhren 223, 3123 Belp, Bern'),
('c0b1464f-475e-42d4-9b9b-f4f9a068145a', 'Leonhard', 'Wipfli', 'srtec@thurweb.ch', 'N.a.', 'SR Tec GmbH', 'Rebenstrasse 10, 9512 Rossrüti, St. Gallen'),
('d3ec32b0-e982-4d58-9fa8-4c30ea251ebe', 'Martin', 'Thomann', 'sram.immobau@bluewin.ch', '056 664 61 17', 'Sram Immobau AG', 'Schulhausweg 2, 5636 Benzenschwil, Aargau'),
('328f15f4-f0f5-4465-bc0c-f2b578294a50', 'Hansueli', 'Siegenthaler', 'info@s-raumkonzept.ch', '033 221 50 57', 'S-Raumkonezpt GmbH', 'Gappe 17b, 3624 Schwendibach, Bern'),
('d29f9ae7-c333-491d-b6fc-a31b0436a369', 'Bettina', 'Huber', 'bettina.huber@srb.ch', '044 497 87 87', 'SRB Assekuranz Broker AG', 'Luggwegstrasse 9, 8048 Zürich, Zürich'),
('8d7c305d-0031-40cf-9cce-bf59b8b8ce93', 'Sabine', 'Stindt', 'sekretariat@src-architekten.ch', '052 364 16 97', 'Src Architekten', 'Hintergasse 24, 8353 Elgg, Zürich'),
('417ca188-07c5-4e22-8ea4-20bb295d1a02', 'Srecko', 'Grozdanovic', 'info@srecolor.ch', '076 490 58 10', 'SreColor GmbH', 'Plattenstrasse 7, 5736 Burg, Aargau'),
('2f0ae135-25a6-4e72-ba19-ede2e92f9157', 'Maria', 'Gonçalves', 'info@sreinigungen.ch', '044 461 21 40', 'SReinigungen GmbH', 'Flüelastrasse 47, 8047 Zürich, Zürich'),
('e3bd4c1b-b722-4755-a1bb-0a72eaac9dd0', 'Noah', 'Gnädinger', 'brunnenhof@zfv.ch', '044 366 12 60', 'SRF Restaurant', 'Brunnenhofstrasse 22, 8057 Zürich, Zürich'),
('a4b23788-bbda-4758-9e15-473308b40a2f', 'Alexander', 'Menda', 'fernsehstrasse@zfv.ch', '058 134 64 80', 'SRF Restaurant Fernsehstrasse', 'Fernsehstrasse 1-4, 8052 Zürich, Zürich'),
('ebec58d5-80e4-4afb-ac37-f6b734a5c167', 'Gilles', 'Marchand', 'info@srgssr.ch', '031 350 91 11', 'SRG Radio- und Fernsehgesellschaft', 'Giacomettistrasse 1, 3000 Bern, Bern'),
('0e437bb9-d8b7-4d0d-9c22-8e2cec563f89', 'Bernhard', 'Grimm', 'bernhard.grimm@srgch.ch', '043 399 78 88', 'SRG Schweizerische Revisionsgesellschaft AG', 'Zellerstrasse 58, 8038 Zürich, Zürich'),
('a67f07b5-cd12-485b-962e-e93f2e206f09', 'Dunia', 'Eglin', 'info@sriveda.ch', '061 322 11 12', 'Sri Veda Restaurant', 'St. Johanns-Vorstadt 70, 4056 Basel, Basel-Stadt'),
('a48e9707-35e6-4b9d-ac99-f2cb6e0cc178', 'Regula', 'Singh-Steinemann', 'info@swisscurry.ch', '032 682 63 03', 'Srignags GmbH', 'Güterstrasse 2, 4552 Derendingen, Solothurn'),
('c413cd50-cdf8-437d-a8ca-d078077bb0de', 'Andi', 'Balcon', 'andi.balcon@sr-isoliertechnik.ch', '055 225 46 46', 'SR-Isoliertechnik AG', 'Soodring 27, 8134 Adliswil, Zürich'),
('c8dcbc08-534e-446f-b2f5-8d5e0a41357c', 'Judith', 'Rupp', 'judith.rupp@srk-therapie.ch', '081 756 47 54', 'SRK-Therapiestelle für Kinder und Jugendliche', 'Wiedenstrasse 52c, 9470 Buchs, St. Gallen'),
('341aa3ea-36d0-4f03-8c0a-33f8311af6ea', 'Joeri', 'Gredig', 'joeri.gredig@srm-projects.ch', '079 340 44 85', 'Srm-Projects GmbH', 'Roterturmstrasse 19, 7000 Chur, Graubünden'),
('f626d80d-051b-4e9f-8605-934816df1b6d', 'Richard', 'Eyer', 'r.eyer@srp.ch', '027 922 02 56', 'SRP Ingenieur AG', 'Nordstrasse 16, 3900 Brig, Wallis/Valais'),
('92495cf3-f086-428d-af08-8d68f10eca43', 'Beat', 'Britsch', 'info@srs.ch', '044 387 46 46', 'SRS CONSULTING AG', 'Turnerstrasse 6, 8006 Zürich, Zürich'),
('5f45e386-de7b-4d4e-8726-34ac1bbecd4b', 'Rolf', 'Jegerlehner', 'info@srsjegerlehner.ch', '079 652 02 48', 'SRS Jegerlehner', 'Kohlholz 4, 3053 Diemerswil, Bern'),
('77f94cf6-3ca6-4ea3-b69a-7f8b239280eb', 'Andi', 'Leutwyler', 'office@srs-medical.ch', '062 386 00 80', 'SRS Medical GmbH', 'Im Feld 2, 4624 Härkingen, Solothurn'),
('9c8665a8-b546-4f54-9929-f429e5989dfc', 'Patric', 'Kurth', 'info@srt.ch', '031 925 24 24', 'SRT Kurth & Partner AG', 'Papiermühlestrasse 158, 3063 Ittigen, Bern'),
('37b92c56-c704-4dfd-9f5c-9454b141fcbb', 'Suad', 'Selimi', 'info@trendfloor.ch', '076 404 93 97', 'SS Trendfloor GmbH', 'Hauptstrasse 112, 9430 St. Margrethen, St. Gallen'),
('32ece86a-8450-40bc-bc22-a11afde57fd0', 'Ibo', 'Aktepe', 'i.aktepe@ssa-architekten.ch', '061 686 93 24', 'Ssa Architekten AG', 'Horburgstrasse 105, 4057 Basel, Basel-Stadt'),
('5a0ef07e-c431-4a51-8d36-0b99689367c1', 'Olivier', 'Sermeus', 'info@ssangyong.ch', '044 816 45 00', 'SsangYong Schweiz AG', 'Richtiplatz 5, 8304 Wallisellen, Zürich'),
('a7c91f42-634b-48d7-8480-a408846cdc01', 'Kurt', 'Schmid', 'schmidssb@bluemail.ch', '079 621 06 67', 'SSB GmbH Schmid', 'Allmendstrasse 23, 3127 Lohnstorf, Bern'),
('abeab21b-2688-4ba8-91ef-9813219d4cbe', 'Walter', 'Dellenbach', 'info@ssbl.ch', '041 269 35 00', 'SSBL Stiftung für selbstbestimmtes und begleitetes Leben', 'Rathausen 2, 6032 Emmen, Luzern'),
('3f19e0c0-0019-4e79-93dc-62726fad649e', 'Luca', 'Mariotta', 'ch.info@cellssolutions.com', '0800 610 610', 'SSCB SWISS STEM CELLS BIOTECH AG', 'Klaustrasse 10, 8002 Zürich, Zürich'),
('2b7f7bbd-3b1f-4275-83af-cf6fb2417401', 'Marc', 'Schirach', 'schloss.sanitaer@bluewin.ch', '031 829 15 02', 'S-Schloss Sanitär GmbH', 'Ballmoosweg 10, 3033 Wohlen b. Bern, Bern'),
('5765d7bb-7654-4fb2-8112-c63492b86e10', 'Markus', 'Zurbuchen', 'markus.zurbuchen@sseag.ch', 'N.a.', 'SSE Engineering AG', 'Obere Zollgasse 73, 3072 Ostermundigen, Bern'),
('fc0ef19c-4196-488e-8f18-ad16d6fa6cf0', 'Gilles', 'de Preux', 'info@sse-group.com', '027 922 71 11', 'SSE Holding SA', 'Fabrikstrasse 48, 3900 Brig, Wallis/Valais'),
('75427160-2aa8-42a8-94fd-f141d9a12c41', 'Patrick', 'Reichardt', 'kontakt@ssf-ag.ch', '041 857 07 80', 'SSF Swiss Support Forum AG', 'Industriestrasse 21, 6055 Alpnach, Obwalden'),
('76845206-c18d-4c70-b04e-466ec0e887e8', 'Steffen', 'Bersch', 'info@ssi-schaefer.com', '052 687 32 32', 'SSI Schäfer AG', 'Schaffhauserstrasse 10, 8213 Neunkirch, Schaffhausen'),
('8ba0b1ef-8479-4889-af7b-7804150b9fed', 'Fernando', 'Catalano', 'info@ssi-ag.ch', '043 311 99 02', 'SSI Schweiz AG', 'Badenerstrasse 760, 8048 Zürich, Zürich'),
('8f6da57b-11ec-45f4-b8f0-14a9b6a8efaf', 'Manuel', 'Imhof', 'infos@ssi-wm.ch', '044 787 67 00', 'SSI Wealth Management AG', 'Lindenhofweg 4, 8806 Bäch, Schwyz'),
('f4ea4012-c7dd-4aae-8c4b-c0c73e2568c7', 'Patrick', 'Schneider', 'pschneider@ssib.ch', '043 243 75 31', 'SSIB Swiss School for International Business AG', 'Prime Center 1, 8060 Zürich, Zürich'),
('71ab724d-0beb-4df7-b3e7-ea4f0128ecec', 'Jürg', 'Stäuble', 'js@ssmarchitekten.ch', '032 625 24 44', 'Ssm Architekten AG', 'Gibelinstrasse 2, 4500 Solothurn, Solothurn'),
('0233e157-8994-4a4a-bbcf-52588512cdd6', 'Claudio', 'Musto', 'info@ssmpartner.ch', '041 220 20 50', 'SSM Partner AG', 'Stationsstrasse 92, 6023 Rothenburg, Luzern'),
('4bbebfd3-44c2-44f9-b00a-a74c55578b72', 'Per', 'Olofsson', 'per.olofsson@ssm.ch', '044 718 33 11', 'SSM Schärer Schweiter Mettler AG', 'Rütihof 8, 8820 Wädenswil, Zürich'),
('be671f0f-9fba-4a75-aacd-5e90d3d5d094', 'Loris', 'Gross', 'info@searchsolutions.ch', '031 755 40 40', 'S-Solutions GmbH', 'Biberenzelgli 18, 3210 Kerzers, Fribourg/Freiburg'),
('2e3beb27-4ef5-43ce-ab34-9a363301b767', 'Oliver', 'Halter', 'oliver.halter@sso-stiftungen.ch', '031 500 31 91', 'SSO-Vorsorgestiftung für zahnmedizinische Berufe', '3001 Bern, Bern'),
('cf36468c-f0a4-42a2-8895-7aa554d56c53', 'Beat', 'Schmutz', 'beat.schmutz@kaelteplaner.ch', '062 388 03 52', 'SSP Kälteplaner AG', 'Bittertenstrasse 15, 4702 Oensingen, Solothurn'),
('f92eb779-d790-41fb-a1bd-350a56d4874d', 'Thomas', 'Giger', 'giger@sports-publishing.ch', '081 413 43 43', 'SSP Swiss Sports Publishing GmbH', 'Spundisstrasse 21, 7000 Chur, Graubünden'),
('74590903-37ed-49cd-b9de-78a19353da51', 'Andreas', 'Eisenbart', 'a.eisenbart@sspi.ch', '041 259 43 03', 'SSPI GmbH', 'Grossmatte 4, 6014 Luzern, Luzern'),
('1b0cd2bf-d154-4f75-b0a1-c7d186f91178', 'Raphael', 'Disler', 'raphael.disler@ssr-rothrist.ch', '062 794 10 35', 'SSR Sanitär-Spenglerei AG Rothrist', 'Bernstrasse 149, 4852 Rothrist, Aargau'),
('35d8be59-a6dd-45af-90a5-7a02bac36bf2', 'Rinor', 'Alija', 'info@sssreinigung.ch', 'N.a.', 'SSS Reinigung Baar', 'Rigistrasse 8, 6340 Baar, Zug'),
('0a61ab06-2d84-4b81-ad1c-2626a9a4419f', 'Daniel', 'Bieri', 'info@sstgmbh.ch', '031 791 21 30', 'SST Schaltschranktechnik GmbH', 'Langnaustrasse 1, 3532 Zäziwil, Bern'),
('13b3d6f2-7d5f-40b0-beb9-b612bc62c208', 'Markus', 'Schacher', 'markus.schacher@ssys.ch', '079 786 89 12', 'sSys Schacher Fütterungssysteme GmbH', 'Eggschwil 70, 5046 Schmiedrued, Aargau'),
('9baf6fbb-b6f6-4fc6-8cf2-32700785b3a9', 'Marco', 'Hotz', 'info@ssz-camouflage.ch', '041 768 01 40', 'SSZ Camouflage Technology AG', 'Grienbachstrasse 11, 6302 Zug, Zug'),
('199d2b2c-1c0b-48f7-b384-d5d8597e7f16', 'Martin', 'Stoss', 'm.stooss@st-baumanagement.ch', '026 672 91 72', 'ST Baumanagement GmbH', 'Muntelierstrasse 3, 3280 Murten, Fribourg/Freiburg'),
('050f17dc-de9c-48ec-ba88-78b3e42ef488', 'Stefan', 'Trafelet', 'info@stcycling.ch', '044 558 83 71', 'ST Distribution - Cycling & Bike Components, Stefan Trafelet', 'Strickstrasse 7, 8610 Uster, Zürich'),
('48232683-6bb3-427f-8d45-8ebb33952259', 'Bernhard', 'Bührer', 'info@stsprint.com', '052 670 14 34', 'ST Drucksysteme Bührer', 'Dorfstrasse 31, 8263 Buch, Schaffhausen'),
('bec5a3ca-1642-4655-9fd5-f09bbf23252f', 'Sefik', 'Dacic', 'sefik.dacic@stdynamics.ch', '043 888 13 14', 'ST Dynamics AG', 'Roosstrasse 20, 8832 Wollerau, Schwyz'),
('3f8d2b0d-bffe-47ab-8a7e-419492a7faa5', 'Stefan', 'Sutter', 'stefan.sutter@st-suttertreuhand.ch', '062 299 01 10', 'ST Sutter Treuhand', 'Hauptstrasse 1, 4446 Buckten, Basel-Land'),
('623f30c0-c518-4b3c-abb2-e84216c1e562', 'Tobias', 'Schaub', 'tobias.schaub@stalbanstuebli.ch', '061 272 54 15', 'St. Alban Stübli GmbH', 'St. Alban-Vorstadt 74, 4052 Basel, Basel-Stadt'),
('abdd9a0a-1c5f-4a00-b7c4-61674190a964', 'Boris', 'Nikas', 'info@stalbantorzahnarzt.ch', '061 312 54 44', 'St. Albantor-Zahnarzt', 'Gellertstrasse 2a, 4052 Basel, Basel-Stadt'),
('59e4dd7a-75b0-402a-ab31-6a733dc8a1e4', 'Petra', 'Huwiler', 'p.huwiler@annastiftung.ch', '041 375 20 00', 'St. Anna Stiftung', 'Tivolistrasse 21, 6006 Luzern, Luzern'),
('fcb6c818-6a2f-4cb3-b076-0d20152509eb', 'Res', 'Moser', 'm975@bluewin.ch', '078 759 23 26', 'St. Annahof', 'St. Annahof 302, 8477 Oberstammheim, Zürich'),
('333d5daa-f84e-4fd6-af6a-2f4d089d5cb5', 'Monika', 'Otter', 'm.otter@st-antonius-hurden.ch', '055 415 01 21', 'St. Antonius Heim & Hospiz', 'Hurdnerstrasse 104, 8640 Hurden, Schwyz'),
('c10b214b-eabd-428f-b151-6b92afc5e52d', 'Ursula', 'Werner', 'info@st-charles-hall.ch', '041 377 11 43', 'St. Charles Hall-Stiftung Paul und Gertrud Fischbacher-Labhardt', 'Benzeholzstrasse 41, 6045 Meggen, Luzern'),
('971101ab-81ea-4a5b-b12f-be747d78e956', 'Esra', 'Sirin', 'info@st-chrischona.ch', '061 641 15 14', 'St. Chrischona-Apotheke GmbH', 'Baselstrasse 31, 4125 Riehen, Basel-Stadt'),
('782433b0-6e79-44e1-9e11-7319aa60da1f', 'Peter', 'Eichenberger', 'direktion@claraspital.ch', '061 685 86 75', 'St. Claraspital AG', 'Kleinriehenstrasse 30, 4058 Basel, Basel-Stadt'),
('7c75ac29-e92e-46cd-b0d5-1e32fd219eaa', 'Leonz', 'Meyer', 'scs@claraspital.ch', '061 685 85 85', 'St. Clara-Stiftung', 'Kleinriehenstrasse 30, 4016 Basel, Basel-Stadt'),
('aca2673d-1407-4671-ae72-7b259bc80da4', 'Thomas', 'Kirchhofer', 'thomas.kirchhofer@st.gallen-bodensee.ch', '071 227 37 15', 'St. Gallen Bodensee', 'Bankgasse 9, 9000 St. Gallen, St. Gallen'),
('db8e7822-6902-40df-98f6-c1b2c5f576f4', 'Pipp', 'Günther', 'seminare@sgbs.ch', '071 225 40 80', 'St. Gallen Group of Business Schools AG', 'Rosenbergstrasse 36, 9000 St. Gallen, St. Gallen'),
('6dc84124-4752-44fa-88a2-18679adcd263', 'Romed', 'Guntern', 'consulting@sgimc.ch', '071 222 14 00', 'St. Gallen International Management Consulting AG', 'Rosenbergstrasse 36, 9000 St. Gallen, St. Gallen'),
('68d1dc9a-5c89-488d-83b4-be704236d11a', 'Dominik', 'Meli', 'dominik.meli@tvstgallen-ost.ch', '071 298 40 88', 'St. Gallen Ost TV', '9000 St. Gallen, St. Gallen'),
('d2da05fe-b57d-4fe1-9a16-0333b79f8c97', 'Melanie', 'Graf', 'redaktion@bauern-sg.ch', '071 394 60 15', 'St. Galler Bauer', 'Magdenauerstrasse 2, 9230 Flawil, St. Gallen'),
('21f92c53-5940-4249-95d3-3280f7ea21bf', 'Armend', 'Avdili', 'a.avdili@sgmf.ch', '071 335 80 60', 'St. Galler Medizinische Fachschule GmbH', 'Breitfeldstrasse 13, 9015 St. Gallen, St. Gallen'),
('3e3c285c-26e1-4b64-9dd1-af7ab19e3beb', 'Urs', 'Bühler', 'info@sg-metall.ch', '071 278 51 30', 'St. Galler Metallbau GmbH', 'Bildweiherstrasse 5, 9015 St. Gallen, St. Gallen'),
('4523aa74-e15b-4ffc-ba0d-118fa9132a2b', 'Frank', 'Halter', 'praxis@sgnafo.ch', 'N.a.', 'St. Galler Nachfolge', 'Oberwiesstrasse 108b, 8645 Jona, St. Gallen'),
('a1d787e2-8a95-4b34-90d5-8c0ebe44ed8a', 'Christoph', 'Gämperli', 'info@st.galleroel.ch', '071 394 53 02', 'St. Galler Öl AG', 'Mattenweg 11, 9230 Flawil, St. Gallen'),
('03d0308a-c5aa-44f6-b32b-19321bbe72d3', 'José', 'Muro', 'jose.muro@sgse.ch', '071 242 00 26', 'St. Galler Steuerexperten AG', 'Bogenstrasse 9, 9001 St. Gallen, St. Gallen'),
('eba28aa1-6b3b-41b2-8c59-5b20892e77d5', 'Patricia', 'Loher', 'patricia.loher@chmedia.ch', '071 272 72 11', 'St. Galler Tagblatt', 'Fürstenlandstrasse 122, 9001 St. Gallen, St. Gallen'),
('c65b93a5-f619-4bac-83ae-7c4d9846a01b', 'Roland', 'Spirig', 'info@st-gallerhof.ch', '044 271 52 60', 'St. Gallerhof', 'Konradstrasse 2, 8005 Zürich, Zürich'),
('e5c70fbd-a4fd-45e6-af8e-714c8bd51334', 'Norbert', 'Hartwig', 'info@sthelia.ch', 'N.a.', 'St. Helia AG', 'Ennermattstrasse 15, 6314 Unterägeri, Zug'),
('813b69a5-6687-4ada-bcae-28f21782853e', 'Bettina', 'Michel', 'contact@sjapo.ch', '061 272 36 36', 'St. Jakobs-Apotheke Basel AG', 'Aeschenvorstadt 68, 4051 Basel, Basel-Stadt'),
('c02599f7-77be-4e31-bafa-b324515579e6', 'Markus', 'Naewie', 'markus.naewie@schuler.ch', '041 819 33 33', 'St. Jakobskellerei Schuler & Cie AG Schwyz', 'Franzosenstrasse 14, 6423 Seewen, Schwyz'),
('0d4c9256-8008-456a-8949-5f43193e76d2', 'Thomas', 'Kastl', 'thomas.kastl@bs.ch', '061 317 82 22', 'St. Jakobushalle', 'St. Jakobs-Strasse 390, 4052 Basel, Basel-Stadt'),
('779a1738-8d79-40c5-bb77-05f13e1d32c1', 'Stefanie', 'Jenzer', 'info@stj-bodycoach.ch', '079 466 52 47', 'ST. JENZER BODYCOACH', 'Staatsstrasse 102 a, 3626 Hünibach, Bern'),
('da71a4a0-c819-4af1-9763-2a7e469ecde8', 'Peter', 'Heer', 'info@sankt-johann.ch', '041 979 80 40', 'St. Johann - Wohnen und Betreuung im Alter', 'Steinacher 13, 6133 Hergiswil b. Willisau, Luzern'),
('05602992-0fa6-4035-8416-bd4ac2c1d599', 'Peter', 'Schneider', 'stjohanndrogerie@bluewin.ch', '061 321 90 81', 'St. Johann Drogerie - Drogerien Peter Schneider AG', 'Elsässerstrasse 47, 4056 Basel, Basel-Stadt'),
('70aba7b2-e392-402b-ac36-274bd13b80b3', 'Alexandra', 'Stocker-Rouached', '800860@ovan.ch', '061 322 08 07', 'St. Johann-Apotheke AG', 'St. Johanns-Vorstadt 58, 4056 Basel, Basel-Stadt'),
('81a48cec-652e-4858-9f7a-36871630a841', 'Thomas', 'Bopp', 'info@josef-stiftung.ch', '056 648 45 45', 'St. Josef-Stiftung', 'Badstrasse 4, 5620 Bremgarten, Aargau'),
('831ce0f6-9977-43e2-af4f-aed08e705df3', 'Johannes', 'Hiltebrand', 'info@stlaurentius.beer', '043 534 30 03', 'St. Laurentius Craft Beer AG', 'Feldstrasse 70, 8180 Bülach, Zürich'),
('9b8b301d-8f32-4c11-8cbc-7990a65a4a20', 'Robert', 'Joset', 'apo4102@ovan.ch', '061 421 34 11', 'St. Margarethen-Apotheke AG', 'Hauptstrasse 46, 4102 Binningen, Basel-Land'),
('f9c4214e-87d1-4c55-addb-312aaa1c68b1', 'Patrik', 'Casagrande', 'patrik.casagrande@stmoritz-energie.ch', '081 837 59 10', 'St. Moritz Energie', 'Via Signuria 5, 7500 St. Moritz, Graubünden'),
('d8cc139b-f071-4909-99fd-835eccae39c7', 'Matteo', 'Corecco', 'info@stmoritz-home.com', '081 833 55 33', 'St. Moritz Home AG', 'Via Mulin 4, 7500 St. Moritz, Graubünden'),
('628b05fa-6025-4ed2-9a9d-086e0e0ecaef', 'Guido', 'Brun', 'mail@stpeter-apotheke.com', '044 211 44 77', 'St. Peter Apotheke - Silvia Briggen AG', 'St. Peterstrasse 16, 8001 Zürich, Zürich'),
('3b8429c1-c39a-41b0-9cbb-d37619e7da18', 'Beat', 'Aregger-Muri', 'fam-aregger@hotmail.ch', '079 436 09 33', 'St. Ulrich', 'St. Ulrich, 6017 Ruswil, Luzern'),
('925b5a27-ecda-40a3-b612-6f18ec5755e7', 'Günther', 'Tscheulin', 'wendelinsapo@bluewin.ch', '062 871 34 34', 'St. Wendelins Apotheke AG', 'Landstrasse 36, 5073 Gipf-Oberfrick, Aargau'),
('b6594996-2796-45db-a808-4d0697d735e6', 'Tobias', 'Baumann', 'tobias.baumann@st-galler-nachrichten.ch', '071 242 67 70', 'St.Galler Nachrichten / Gossauer Nachrichten / Herisauer Nachrichten', 'Zürcherstrasse 172, 9014 St. Gallen, St. Gallen'),
('20e9797c-d0ef-44b4-8e05-0f9c4adc70e5', 'Stefan', 'Schäfer', 'stefan.schaefer@sgpk.ch', '058 228 77 70', 'St.Galler Pensionskasse', 'Rosenbergstrasse 52, 9001 St. Gallen, St. Gallen'),
('a602c904-a304-492f-af56-c9762d75d4b7', 'Marco', 'Letta', 'kundendienst@sgsw.ch', '0848 747 900', 'St.Galler Stadtwerke', 'Vadianstrasse 8, 9001 St. Gallen, St. Gallen'),
('975bdde3-f68a-40f9-88e7-3e6f8c493946', 'Sebastian', 'Reetz-Spycher', 'sebastian.reetz@sghv.ch', '071 910 21 87', 'St.Gallischer Hilfsverein SGHV', 'Krüsistrasse 4, 9000 St. Gallen, St. Gallen'),
('13b1dfca-8bb0-405b-b5f1-ec0a0190d330', 'Fabio', 'Indri', 'prost@butchersbrew.ch', 'N.a.', 'St.Georg''s Pub Unterendingen', 'Alte Surbtalstrasse 26, 5305 Unterendingen, Aargau'),
('b09a34ae-78a6-45e6-9154-3319e29d9e92', 'Max', 'Ryf', 'st.ursenvorsorge@bluewin.ch', '032 681 30 81', 'St.Ursen-Vorsorgestiftung', 'Nordstrasse 11, 4542 Luterbach, Solothurn'),
('6ad7d5cb-669a-4307-a661-dcf13a5ead8a', 'Roland', 'Schaub', 'sta@stalogistic.com', '044 521 37 33', 'STA Logistic AG', 'Limmatquai 72, 8001 Zürich, Zürich'),
('5f6a25ed-a8c2-4237-a36b-e0e03c9c2d98', 'Daniel', 'Koch', 'wil@sta.jobs', '071 995 55 55', 'STA Personal AG', 'Pestalozzistrasse 33, 9501 Wil, St. Gallen'),
('96d1654a-6142-445f-80a1-8a7a5c84b96e', 'Daniel', 'Koch', 'luzern@sta.jobs', '041 226 60 60', 'STA Personalpartner AG', 'Hirschmattstrasse 40, 6003 Luzern, Luzern'),
('f151c488-562e-4780-b00a-b68bc65b6e86', 'Stefan', 'Marbet', 'stefan.marbet@schweisstech.ch', '079 278 17 06', 'sta Schweisstechnische Ausbildung GmbH', 'Fabrikstrasse 10, 8370 Sirnach, Thurgau'),
('01dbc602-5ab1-40f1-8539-ae8141e76bb2', 'Benoît', 'Demierre', 'info@sta-olten.ch', '062 205 19 80', 'STA Strassen- und Tiefbau AG', 'Belchenstrasse 3, 4600 Olten, Solothurn'),
('ae29cacf-62ee-4650-81b5-1075cf7d8349', 'Reto', 'Bührer', 'reto@staa.ch', '052 533 47 23', 'STAA AG', 'Rogackerweg 1, 8225 Siblingen, Schaffhausen'),
('845d1282-f2c8-4427-8ecf-14057b12a873', 'Elias', 'Devran', 'info@staark.ch', '079 719 54 07', 'Staark Consulting GmbH', 'Ribetschi 1, 6405 Immensee, Schwyz'),
('ecf4e0c3-d479-4f60-9337-1d1c133e7e62', 'Helene', 'Budliger Artieda', 'info@seco.admin.ch', '058 462 56 56', 'Staatssekretariat für Wirtschaft (SECO)', 'Holzikofenweg 36, 3003 Bern, Bern'),
('29884bc7-d0c3-4f18-9cdb-8c0478ade8b1', 'Marcel', 'Henseler', 'info@staba-ag.ch', '041 787 14 57', 'Staba AG Metall- & Apparatebau', 'Beugenstrasse 16, 5647 Oberrüti, Aargau'),
('c28b4190-a4eb-4931-ad16-e647a53275d9', 'Nils', 'Kiefer', 'nk@stabels.ch', '061 725 25 73', 'Stabels Projektdienstleistungen AG', 'Passwangstrasse 16, 4106 Therwil, Basel-Land'),
('b8154610-26c3-45b8-a5c5-f953633586c5', 'Peter', 'Hugo', 'info@stabitec.ch', '027 932 20 00', 'STABITEC AG', 'Beeschi Mattenstrasse 10, 3940 Steg, Wallis/Valais'),
('3ead629c-49f0-4177-baca-345ad1db1273', 'Andreas', 'Bezner', 'info@stableton.com', '041 552 59 00', 'Stableton Financial AG', 'Poststrasse 24, 6300 Zug, Zug'),
('9300d9f0-9be4-459b-a934-cd4fc215254b', 'Marcel', 'Dietsche', 'm.dietsche@stabro.ch', '071 463 13 53', 'Stabro AG', 'Hofstrasse 22, 8590 Romanshorn, Thurgau'),
('798a24f2-e00d-42ab-98d1-271dad2b6879', 'Matthias', 'Stacher', 'matthias.stacher@gmail.com', '076 584 48 50', 'Stacher Gartenbau & Baumpflege', 'Tönler 15, 9548 Matzingen, Thurgau'),
('4ce85025-98d9-4cb6-88da-c4d8b67b4162', 'Franziska', 'Jaun', 'info@stacherimmo.ch', '031 301 00 20', 'Stacher Immobilien AG', 'Kalchackerstrasse 9, 3047 Bremgarten b. Bern, Bern'),
('9efccc35-2309-4867-8377-ebbe27762178', 'Daniel', 'Wegmüller', 'd.wegmueller@stada.ch', '034 402 20 12', 'stada ag', 'Fansrütistrasse 662, 3550 Langnau im Emmental, Bern'),
('ac14ac9a-9fcb-4925-8a38-e55545b222ef', 'Sascha', 'Städeli', 'mail@staedeli-schreinerei.ch', '044 748 26 54', 'Städeli Schreinerei', 'Hardwaldstrasse 9, 8951 Fahrweid, Zürich'),
('d24bb6ac-9cc3-43de-9599-951f6560b34c', 'Urs', 'Städeli', 'urs.staedeli@swissworld.com', '052 657 28 07', 'Städeli UTIL-Treuhand', 'Landenbergerstrasse 15, 8253 Diessenhofen, Thurgau'),
('f9405778-fa0d-43cb-b534-e6c4ab7b6b6a', 'Markus', 'Stadelmann-Doppmann', 'stadelmann.m@bluewin.ch', '041 480 40 69', 'Stadelmann - Beratungen', 'Schwändi 32, 6162 Rengg, Luzern'),
('91f79647-fdda-44e4-aee3-5b74df09a664', 'Philipp', 'Huber', 'stadelmann.huber@bluewin.ch', '044 730 95 50', 'Stadelmann & Huber GmbH', 'Birmensdorferstrasse 24, 8902 Urdorf, Zürich'),
('8e927ae8-43a8-4290-bdef-b8c38f0de125', 'Richard', 'Stadelmann', 'info@sta-st.ch', '056 667 33 04', 'Stadelmann & Stutz AG', 'Bruggmattweg 12, 5615 Fahrwangen, Aargau'),
('7bb17a14-42bc-428b-b5df-e168e9d42586', 'Marco', 'Gernet', 'info@stadelmann-baumanagement.ch', '041 422 18 18', 'Stadelmann Baumanagement AG', 'Maihofstrasse 79, 6006 Luzern, Luzern'),
('04fdd0d8-e39e-43f1-8e19-a31d3cf2c302', 'Hans Peter', 'Stadelmann', 'info@stadelmann-shs.ch', '041 487 72 72', 'Stadelmann Energie & Haustechnik AG', 'Hauptstrasse 141, 6182 Escholzmatt, Luzern'),
('4b595086-6693-4a19-9d23-69cefb12c4e5', 'Herbert', 'Häfliger', 'info@stadelmann-feuerungen.ch', '041 970 28 61', 'Stadelmann Feuerungen AG', 'Steinmatt 10, 6130 Willisau, Luzern'),
('4e95eec8-484f-4e55-b397-e807774aa645', 'Othmar', 'Stadelmann', 'info@garagestadelmann.ch', '041 917 25 55', 'Stadelmann Garage AG Aesch', 'Tellimatt 6, 6287 Aesch, Luzern'),
('fca9d868-e0f9-4bc3-b132-83f10d376f9a', 'Martin', 'Stadelmann', 'info@stadelmann-gaerten.ch', '043 244 06 26', 'Stadelmann Gartengestaltung und Gartenpflege', 'Strandbadstrasse 16, 8810 Horgen, Zürich'),
('706abdd7-9b77-43d6-a297-ac00f9e4b5d9', 'Franz', 'Stadelmann', 'info@stadelmann-gu.ch', '041 486 11 30', 'Stadelmann Generalunternehmung GmbH', 'Hauptstrasse 122, 6182 Escholzmatt, Luzern'),
('7dd14102-6d74-4373-901e-2ba6a6ca04cd', 'Benno', 'Müller', 'b.mueller@staho.ch', '079 777 50 84', 'stadelmann HOLZBAU AG', 'Hauptstrasse 15a, 6287 Aesch, Luzern'),
('17bdbafe-ba5c-49e1-964d-c5a40dda158e', 'Reto', 'Stadelmann', 'r.stadelmann@stadelmannag.ch', '032 341 11 72', 'Stadelmann Malerei AG', 'Zürichstrasse 23, 2504 Biel/Bienne, Bern'),
('7139bdf8-e46b-4ab2-9ddb-f05014f9742c', 'Hans', 'Stadelmann', 'info@stama.ch', '041 984 27 27', 'Stadelmann Maschinen AG', 'Luzernerstrasse 60, 6247 Schötz, Luzern'),
('51d2b248-9d05-4264-91d9-24b26df6112c', 'Markus', 'Stadelmann', 'info@stawi.ch', '041 970 05 24', 'Stadelmann Metallbau AG', 'Hasenburgstrasse 3, 6130 Willisau, Luzern'),
('595f48b8-ca1c-471f-9273-292fdbb163e7', 'Franz', 'Stadelmann', 'info@stadelmann-schreinerei.ch', '041 486 13 30', 'Stadelmann Schreinerei GmbH', 'Hauptstrasse 124, 6182 Escholzmatt, Luzern'),
('7887d696-999b-45f2-b9ae-943d5b4e743a', 'Fabian', 'Stadelmann', 'info@stadelmann-schreinermontagen.ch', '079 347 96 47', 'Stadelmann Schreinermontagen', 'Grindel 8, 6017 Ruswil, Luzern'),
('babff691-0540-4129-aaea-eff9fa3ffb45', 'Jürg', 'Stadelmann', 'info@swisscheesefactory.ch', '071 983 32 30', 'Stadelmann Swiss Cheese Factory AG', 'Grundstrasse 2, 9608 Ganterschwil, St. Gallen'),
('08428055-0b4f-42f7-87f5-5d25ceeb557a', 'Alfred', 'Stadelmann-Erni', 'info@stadelmannbeck.ch', '041 988 14 88', 'Stadelmann-Erni, Bäckerei-Konditorei-Café', 'Bachhaldenstrasse 3, 6144 Zell, Luzern'),
('a547f9f0-c2e0-4d6b-bbd4-ec02c67a3058', 'Barbara', 'Schild', 'b.schild@bscyb.ch', '031 344 88 20', 'Stadion Wankdorf', 'Papiermühlestrasse 71, 3014 Bern, Bern'),
('44f35bb8-3dd2-4c4b-adb3-11a3d13bd03a', 'Hanspeter', 'Stadler', 'hp.stadler@stadler-ag.ch', '034 402 12 69', 'STADLER AG', 'Alpenstrasse 9, 3550 Langnau im Emmental, Bern'),
('4444e0c1-8229-4b85-8a4e-2dbb32600fc9', 'Peter', 'Ineichen', 'peter.ineichen@stadler-elektro.ch', '041 748 31 31', 'Stadler AG, Elektro und Telekommunikation', 'Chollerstrasse 35, 6300 Zug, Zug'),
('ac224662-0e1b-4fad-84fa-5875bd85f3a0', 'Christoph', 'Stadler', 'info@stadlerarchitekten.ch', '044 280 11 40', 'Stadler Architekten', 'Etzelstrasse 42, 8038 Zürich, Zürich'),
('91c88a82-8cc6-4cdc-b8b1-40fc4e4d114f', 'Fritz', 'Stadler', 'info@stadler-architekten.ch', '062 767 60 20', 'Stadler Architekten AG', 'Dinkelhof 8, 5706 Boniswil, Aargau'),
('677959b2-0424-4935-9221-f1cd6aef1988', 'Urs', 'Stadler', 'info@stadler-blechtechnik.ch', '071 722 79 91', 'Stadler Blechtechnik AG', 'Wieslistrasse 7, 9434 Au, St. Gallen'),
('869d5365-8062-48dd-8d5a-7d95645dc4d4', 'Martin', 'Stadler', 'martin.stadler@stadlerform.com', '041 720 48 48', 'Stadler Form Aktiengesellschaft', 'Chamerstrasse 174, 6300 Zug, Zug'),
('a48ce65c-ab1f-4606-a965-53b859f0b9a0', 'Manuel', 'Stadler', 'info@stadler.swiss', '071 393 21 31', 'Stadler Friedhofgärtnerei und Gartenbau GmbH', 'Toggenburgerstrasse 20, 9230 Flawil, St. Gallen'),
('3eb8ef74-6c8e-413c-8801-de36ed5174fe', 'Daniel', 'Stadler', 'info@gartenbaustadler.ch', '079 413 94 83', 'Stadler Gartenbau AG', 'Wolfisbühl 30, 6020 Emmenbrücke, Luzern'),
('04769e6c-5380-445f-917e-d9f5f706708f', 'Dominik', 'Stieger', 'dominik.stieger@stadler-immo.ch', '055 225 39 39', 'Stadler Immobilien AG', 'St. Gallerstrasse 54, 8645 Jona, St. Gallen'),
('88583013-a761-4b61-a0a1-55521d1a21f4', 'Paul', 'Ortiz', 'p.ortiz@stadler-it.ch', '071 278 46 46', 'Stadler IT AG', 'Zürcher Strasse 176, 9014 St. Gallen, St. Gallen'),
('0af786bd-cb83-42ef-944c-45eab44539a1', 'Peter', 'Spuhler', 'stadler.rail@stadlerrail.com', '071 626 21 20', 'Stadler Rail AG', 'Ernst-Stadler-Strasse 1, 9565 Bussnang, Thurgau'),
('83ab688f-cbde-4372-a8cb-6594a51d4672', 'Norbert', 'Stadler', 'n.stadler@schreinerei-stadler.ch', '071 855 13 42', 'Stadler Schreinerei AG', 'Seebleichestrasse 62a, 9404 Rorschacherberg, St. Gallen'),
('8a9b0079-6aad-478f-b082-05e437746c14', 'Michael', 'Schmitz', 'michael.schmitz2@stadlerrail.com', '032 344 45 00', 'Stadler Stahlguss AG', 'Johann-Renfer-Strasse 51, 2504 Biel/Bienne, Bern'),
('781bc5bf-9044-4536-98eb-0348ac85957f', 'Thomas Bruno', 'Stadler', 'mail@stadlervogel.ch', '043 336 60 30', 'Stadler Vogel Architekten AG', 'Badenerstrasse 18, 8004 Zürich, Zürich'),
('012ded71-3bb6-4d7f-8be7-913fdb884ba4', 'Hanspeter', 'Hilfiker', 'hanspeter.hilfiker@aarau.ch', '062 836 06 21', 'Stadt Aarau', 'Rathausgasse 1, 5000 Aarau, Aargau'),
('8db2069f-39f5-450a-ae82-78a1d1e772dc', 'Adrian', 'Hügli', 'a.huegli@aarberg.ch', '079 235 38 88', 'Stadt Aarberg', 'Stadtplatz 46, 3270 Aarberg, Bern'),
('e4df396a-5259-4873-8dec-e774819c8aaf', 'Thomas', 'Winkelmann', 'thomas.winkelmann@adliswil.ch', '044 711 77 21', 'Stadt Adliswil', 'Zürichstrasse 10, 8134 Adliswil, Zürich'),
('7421647c-3fef-4666-9075-24e2d3284472', 'Eveline', 'Fenner', 'eveline.fenner@stadtaffoltern.ch', '044 762 56 77', 'Stadt Affoltern am Albis', 'Marktplatz 1, 8910 Affoltern am Albis, Zürich'),
('d5abc66d-0867-44f8-9766-c38889c15064', 'Ruedi', 'Mattle', 'ruedi.mattle@altstaetten.ch', '071 757 77 01', 'Stadt Altstätten', 'Rathausplatz 2, 9450 Altstätten, St. Gallen'),
('9ed526ee-77c5-48be-bfd5-3c69d36f3d79', 'Gabriel', 'Macedo', 'g.macedo@amriswil.ch', '071 414 12 30', 'Stadt Amriswil', 'Arbonerstrasse 2, 8580 Amriswil, Thurgau'),
('9b2c3726-421c-44f1-af9f-38b2cb5b8e0d', 'René', 'Walther', 'renewalther-fdp@bluewin.ch', '071 447 61 01', 'Stadt Arbon', 'Hauptstrasse 12, 9320 Arbon, Thurgau'),
('d2290153-7f66-443c-b1c4-5f4fc47d513b', 'Markus', 'Schneider', 'stadtammann@baden.ch', '056 200 82 00', 'Stadt Baden', 'Rathausgasse 1, 5400 Baden, Aargau'),
('ded56b4f-d917-48ed-883c-24f3f8086559', 'Alec', 'Von Graffenried', 'alec.vongraffenried@bern.ch', '031 321 61 11', 'Stadt Bern', 'Junkerngasse 47, 3000 Bern 8, Bern'),
('50ece9c4-ee68-4cdf-8387-c5e285bc7c64', 'Erich', 'Fehr', 'erich.fehr@biel-bienne.ch', '032 326 11 01', 'Stadt Biel/Bienne', 'Mühlebrücke 5, 2501 Biel/Bienne, Bern'),
('e4cf6d0d-4a87-405d-88f4-efddc3a9556f', 'Thomas', 'Weingart', 'thomas.weingart@bischofszell.ch', '071 424 24 24', 'Stadt Bischofszell', 'Marktgasse 11, 9220 Bischofszell, Thurgau'),
('d76d4ba2-0173-4f04-a385-560fdf0ca3a7', 'Raymond', 'Tellenbach', 'raymond.tellenbach@bremgarten.ch', '056 648 74 66', 'Stadt Bremgarten', 'Rathausplatz 1, 5620 Bremgarten, Aargau'),
('f910702d-bd2b-40e7-8f0b-85dc85cd0652', 'Barbara', 'Horlacher', 'barbara.horlacher@brugg.ch', '056 461 76 24', 'Stadt Brugg', 'Stadthaus / Hauptstrasse 3, 5201 Brugg, Aargau'),
('b3d6160d-f708-478b-bfc1-4cbeb9be136c', 'Daniel', 'Gut', 'daniel.gut@buchs-sg.ch', '081 755 75 10', 'Stadt Buchs', 'St. Gallerstrasse 2, 9471 Buchs 1, St. Gallen'),
('1a18060e-67f8-4dd1-89dd-b2536f5f38df', 'Stefan', 'Berger', 'stefan.berger@burgdorf.ch', '034 429 92 14', 'Stadt Burgdorf', 'Kirchbühl 23, 3401 Burgdorf, Bern'),
('20732173-f6e9-4f4e-b8d5-11640fe47e1a', 'Urs', 'Marti', 'urs.marti@chur.ch', '081 254 41 00', 'Stadt Chur', 'Rathaus - Poststrasse 33, 7001 Chur, Graubünden'),
('6137bd42-e52f-4108-99c8-162671299fe3', 'Roger', 'Bachmann', 'roger.bachmann@dietikon.ch', '044 744 36 31', 'Stadt Dietikon', 'Bremgartnerstrasse 22, 8953 Dietikon, Zürich'),
('50b424de-b0b3-4994-a9ea-b20a5c2b8e5d', 'André', 'Ingold', 'andre.ingold@duebendorf.ch', '079 219 87 35', 'Stadt Dübendorf', 'Usterstrasse 2, 8600 Dübendorf, Zürich'),
('9e74134f-146e-4771-b9aa-a678d1c4a415', 'Anders', 'Stokholm', 'anders.stokholm@stadtfrauenfeld.ch', '052 724 52 14', 'Stadt Frauenfeld', 'Rathausplaz 4, 8501 Frauenfeld, Thurgau'),
('8d54f45a-03b8-46ee-8acc-2514670c3d13', 'Christian', 'Morf', 'stadt@fuerstenau.ch', '081 651 14 88', 'Stadt Fürstenau', 'Domleschgerstrasse 56, 7414 Fürstenau, Graubünden'),
('abc0b71d-e2cf-4600-86a9-894d2aba8497', 'Wolfgang', 'Giella', 'wolfgang.giella@stadtgossau.ch', '071 388 42 53', 'Stadt Gossau', 'Bahnhofstrasse 25, 9201 Gossau, St. Gallen'),
('eb4c28e1-8f1c-41eb-b013-742125c95633', 'Patrik', 'Schönenberger', 'stadtwerke@stadtgossau.ch', '071 388 47 47', 'Stadt Gossau Stadtwerke', 'Bischofszellerstrasse 90, 9200 Gossau, St. Gallen'),
('27f0c011-ea17-4970-bd2d-1e4b4299bc23', 'François', 'Scheidegger', 'francois.scheidegger@grenchen.ch', '032 655 66 01', 'Stadt Grenchen', 'Bahnhofstrasse 23, 2540 Grenchen, Solothurn'),
('5e38de9e-1469-4af4-9913-7081a1880530', 'Marco', 'Nuzzi', 'marco.nuzzi@ilef.ch', '052 354 24 11', 'Stadt Illnau-Effretikon', 'Stadthaus / Märtplatz 29, 8307 Effretikon, Zürich'),
('66370992-9b28-4bde-bc1c-df7b1ea04f8a', 'René', 'Huber', 'rene.huber@kloten.ch', '044 815 12 90', 'Stadt Kloten', 'Kirchgasse 7, 8302 Kloten, Zürich'),
('5bb465b1-4b9b-464f-89d5-200d8b3e1e41', 'Thomas', 'Niederberger', 'thomas.niederberger@kreuzlingen.ch', '071 677 62 01', 'Stadt Kreuzlingen', 'Hauptstrasse 62, 8280 Kreuzlingen, Thurgau'),
('adb3e985-383d-4352-a8bd-efa7687efa0e', 'René', 'Bienz', 'sport.freizeit@kriens.ch', '041 311 28 43', 'Stadt Kriens', 'Horwerstrasse 24, 6010 Kriens, Luzern'),
('c03f0635-6d38-472f-ad58-97fe05f8bbd4', 'Cordula', 'Weber', 'weber@stadtlandschaft.ch', '044 501 30 61', 'Stadt Landschaft GmbH', 'Seefeldstrasse 198, 8008 Zürich, Zürich'),
('0e7d5b07-9767-42cb-ab1d-15a5a576bd25', 'Reto', 'Müller', 'stadtpraesident@langenthal.ch', '062 916 22 20', 'Stadt Langenthal', 'Jurastrasse 22, 4901 Langenthal, Bern'),
('88e4b782-82e6-4945-9108-9455e9951b5c', 'Salvatore', 'Giglio', 'salvatore.giglio@laufenburg.ch', '062 869 11 45', 'Stadt Laufenburg', 'Spitalstrasse 12, 5080 Laufenburg, Aargau'),
('20908756-4e24-4876-8c4c-1abad6beebe3', 'Daniel', 'Mosimann', 'daniel.mosimann@lenzburg.ch', '062 886 44 22', 'Stadt Lenzburg', 'Rathausgasse 16, 5600 Lenzburg, Aargau'),
('bf3eee0e-6aa9-4bc9-9f94-28448769ca80', 'Mathias', 'Müller', 'mathias.mueller@lichtensteig.sg.ch', '058 228 23 98', 'Stadt Lichtensteig', 'Hauptgasse 8, 9620 Lichtensteig, St. Gallen'),
('913475e5-c527-4f1b-b78d-e363cd7a2cec', 'Daniel', 'Spinnler', 'daniel.spinnler@liestal.bl.ch', '061 927 52 58', 'Stadt Liestal', 'Rathausstrasse 36, 4410 Liestal, Basel-Land'),
('a1604260-8b7b-473a-b312-606a21c56ac7', 'Beat', 'Züsli', 'beat.zuesli@stadtluzern.ch', '041 208 82 51', 'Stadt Luzern', 'Hirschengraben 17, 6002 Luzern, Luzern'),
('69b61013-8bba-474b-8151-b47b91c11f3b', 'Heinz', 'Dürler', 'heinz.duerler@maienfeld.ch', '081 300 45 51', 'Stadt Maienfeld', 'Balatrain 1, 7304 Maienfeld, Graubünden');

INSERT INTO leads (id, contact_id, source, status, value, notes) VALUES
('b2a8290d-8d77-45ee-9bf7-862fddac627e', 'afee8420-4389-4ae6-889c-53f9cce992e8', 'KALTAKQUISE', 'ACTIVE', 0, 'Funktion: Geschäftsführer/in (CEO) | Mitarbeiter: 1 bis 10 | Branche: Schreinerei- & Holzbaubetriebe'),
('3fd55bb8-9b1c-465f-913a-f0d07100283a', '281fe173-0118-4ffa-8505-a93873ca2b8b', 'KALTAKQUISE', 'ACTIVE', 0, 'Funktion: Geschäftsführer/in (CEO) | Mitarbeiter: 1 bis 10 | Branche: Maler- & Gipsergeschäfte | Rechtsform: Aktiengesellschaft'),
('e424d04f-a165-4c70-a09a-449202aaf931', 'c9037348-8527-41de-aaec-7a03d129f152', 'KALTAKQUISE', 'ACTIVE', 0, 'Funktion: Geschäftsführer/in (CEO) | Mitarbeiter: 21 bis 50 | Branche: Textil- & Möbelindustrie / Online Shops | Rechtsform: Aktiengesellschaft'),
('e056ed82-f6db-4bf3-b002-5b1f4d4a73f8', '7a66356b-961c-46ac-91cc-ccd2b41523c2', 'KALTAKQUISE', 'ACTIVE', 0, 'Funktion: Geschäftsführer/in (CEO) | Mitarbeiter: 21 bis 50 | Branche: Textil- & Möbelindustrie | Rechtsform: Aktiengesellschaft'),
('7084dfe6-bcfc-4b9d-9c1e-3470d9132580', 'd223a504-d912-4856-80c4-2b9b20da28c7', 'KALTAKQUISE', 'ACTIVE', 0, 'Funktion: Geschäftsführer/in (CEO) | Mitarbeiter: 1 bis 10 | Branche: Garagen | Rechtsform: Aktiengesellschaft'),
('d313dfdd-4cd5-4c5e-bab6-73a5e7d71d66', '11a3f5ae-4bc5-4aab-a7bc-e37fb5dd70e3', 'KALTAKQUISE', 'ACTIVE', 0, 'Funktion: Geschäftsführer/in (CEO) | Mitarbeiter: 1 bis 10 | Branche: Restaurants'),
('d9d48cbf-f625-4e7d-883d-745ba9f45e6f', 'a4433763-964a-4e42-a5f4-507b253f5f3b', 'KALTAKQUISE', 'ACTIVE', 0, 'Funktion: Geschäftsführer/in (CEO) | Mitarbeiter: 1 bis 10 | Branche: Architekturbüros | Rechtsform: Gesellschaft mit beschränkter Haftung'),
('9f8f0585-25e1-4b4b-a7f7-d8c4fb340449', 'a6639d06-531c-4cd5-ae98-d454899247f6', 'KALTAKQUISE', 'ACTIVE', 0, 'Funktion: Geschäftsführer/in (CEO) | Mitarbeiter: 11 bis 20 | Branche: Elektroindustrie | Rechtsform: Aktiengesellschaft'),
('ed26ad55-a576-4070-823b-be921b662154', 'b2a07bb8-e51a-4d9c-9623-dacb23d84145', 'KALTAKQUISE', 'ACTIVE', 0, 'Funktion: Leitung Marketing (CMO) | Mitarbeiter: 21 bis 50 | Branche: Divers'),
('cc5bc9e8-602a-4b5e-829c-f03c95c242da', 'a7a0f09e-d813-4452-a19a-fb941f157684', 'KALTAKQUISE', 'ACTIVE', 0, 'Funktion: Geschäftsführer/in (CEO) | Mitarbeiter: 1 bis 10 | Branche: Versicherungsbroker & -makler | Rechtsform: Gesellschaft mit beschränkter Haftung'),
('84d2b0af-8689-4035-b337-2c1cdd27c291', 'bea09f00-97d7-4976-a7b5-1431ab9b8a48', 'KALTAKQUISE', 'ACTIVE', 0, 'Funktion: Geschäftsführer/in (CEO) | Mitarbeiter: 1 bis 10 | Branche: Architekturbüros | Rechtsform: Gesellschaft mit beschränkter Haftung'),
('cfbb3ff4-ac1c-438d-a519-3d0edf4f41a1', 'bc22a1f4-6c99-4cfb-b257-5eaacceff6a0', 'KALTAKQUISE', 'ACTIVE', 0, 'Funktion: Geschäftsführer/in (CEO) | Mitarbeiter: 1 bis 10 | Branche: Chemieindustrie | Rechtsform: Aktiengesellschaft'),
('fd177f32-26c2-411e-8315-5fdb3f3e1204', '7bdd3f23-9a50-4c9a-87db-5d86bf698489', 'KALTAKQUISE', 'ACTIVE', 0, 'Funktion: Geschäftsführer/in (CEO) | Mitarbeiter: 1 bis 10 | Branche: Unternehmensberater | Rechtsform: Gesellschaft mit beschränkter Haftung'),
('a4f7971b-a63c-41e4-a340-49da1c5109b6', 'd33c2ce4-c917-4d29-9f37-cb280276888c', 'KALTAKQUISE', 'ACTIVE', 0, 'Funktion: Geschäftsführer/in (CEO) | Mitarbeiter: 1 bis 10 | Branche: Lebensmittelverarbeitung / Restaurants | Rechtsform: Aktiengesellschaft'),
('3d395f7a-2199-4166-b563-a8c87afc3e33', '12ee66a2-5185-4b83-b57f-5e07a6b56636', 'KALTAKQUISE', 'ACTIVE', 0, 'Funktion: Geschäftsführer/in (CEO) | Mitarbeiter: 21 bis 50 | Branche: IT Unternehmen / FinTech | Rechtsform: Aktiengesellschaft'),
('de8fa904-b445-4076-b539-b53e3a8f0548', '8e1a93af-231b-490c-a247-165162f57d88', 'KALTAKQUISE', 'ACTIVE', 0, 'Funktion: Geschäftsführer/in (CEO) | Mitarbeiter: 21 bis 50 | Branche: Chemieindustrie | Rechtsform: Aktiengesellschaft'),
('baf3b574-d661-4881-a47a-65a17b99fb8b', '035442d7-a829-4cf9-b334-b4f5ffc5fafd', 'KALTAKQUISE', 'ACTIVE', 0, 'Funktion: Geschäftsführer/in (CEO) | Mitarbeiter: 1 bis 10 | Branche: Architekturbüros | Rechtsform: Aktiengesellschaft'),
('9fef5cc9-b8aa-450b-b247-f7dfd05ffe7a', 'f0805654-6c9b-49b4-a259-aed9906696e2', 'KALTAKQUISE', 'ACTIVE', 0, 'Funktion: Geschäftsführer/in (CEO) | Mitarbeiter: 1 bis 10 | Branche: Architekturbüros / Bau- & Projektmanagement / General- & Totalunternehmungen / Immobilienvermittlung | Rechtsform: Gesellschaft mit beschränkter Haftung'),
('a0a6382b-1e1c-420a-ba89-4cba3d42d565', '474ad52b-7fc2-4b29-8dce-2dc9f3c1345e', 'KALTAKQUISE', 'ACTIVE', 0, 'Funktion: Geschäftsführer/in (CEO) | Mitarbeiter: 1 bis 10 | Branche: Werbeagenturen | Rechtsform: Aktiengesellschaft'),
('775307f6-1ad0-458d-83fe-f9297992cfe8', 'c0b1464f-475e-42d4-9b9b-f4f9a068145a', 'KALTAKQUISE', 'ACTIVE', 0, 'Funktion: Geschäftsführer/in (CEO) | Mitarbeiter: 1 bis 10 | Branche: Elektroindustrie | Rechtsform: Gesellschaft mit beschränkter Haftung'),
('31c5cc04-0a10-4ec1-a71a-226f93df10ab', 'd3ec32b0-e982-4d58-9fa8-4c30ea251ebe', 'KALTAKQUISE', 'ACTIVE', 0, 'Funktion: Geschäftsführer/in (CEO) | Mitarbeiter: 1 bis 10 | Branche: General- & Totalunternehmungen / Immobilienvermittlung / Immobilienprojektentwicklung | Rechtsform: Aktiengesellschaft'),
('702e2552-4900-4370-9bd6-7175fbb63ca2', '328f15f4-f0f5-4465-bc0c-f2b578294a50', 'KALTAKQUISE', 'ACTIVE', 0, 'Funktion: Geschäftsführer/in (CEO) | Mitarbeiter: 1 bis 10 | Branche: Architekturbüros / Innenausstatter | Rechtsform: Gesellschaft mit beschränkter Haftung'),
('4c500688-923b-416d-8d58-8453d5c4317e', 'd29f9ae7-c333-491d-b6fc-a31b0436a369', 'KALTAKQUISE', 'ACTIVE', 0, 'Funktion: Geschäftsführer/in (CEO) | Mitarbeiter: 11 bis 20 | Branche: Versicherungsbroker & -makler | Rechtsform: Aktiengesellschaft'),
('67a8c8dc-bb6a-443e-a683-98240a253e69', '8d7c305d-0031-40cf-9cce-bf59b8b8ce93', 'KALTAKQUISE', 'ACTIVE', 0, 'Funktion: Geschäftsführer/in (CEO) | Mitarbeiter: 1 bis 10 | Branche: Architekturbüros'),
('87f8edd3-abf6-4fbe-a031-bb85440ad14a', '417ca188-07c5-4e22-8ea4-20bb295d1a02', 'KALTAKQUISE', 'ACTIVE', 0, 'Funktion: Geschäftsführer/in (CEO) | Mitarbeiter: 1 bis 10 | Branche: Maler- & Gipsergeschäfte | Rechtsform: Gesellschaft mit beschränkter Haftung'),
('488f48ec-02d3-4f5d-a668-9079c111bce0', '2f0ae135-25a6-4e72-ba19-ede2e92f9157', 'KALTAKQUISE', 'ACTIVE', 0, 'Funktion: Geschäftsführer/in (CEO) | Mitarbeiter: 1 bis 10 | Branche: Facility Management & Reinigungsfirmen'),
('b95b1314-e2ea-47ee-84fe-168aaf9a2c05', 'e3bd4c1b-b722-4755-a1bb-0a72eaac9dd0', 'KALTAKQUISE', 'ACTIVE', 0, 'Funktion: Geschäftsführer/in (CEO) | Mitarbeiter: 1 bis 10 | Branche: Restaurants'),
('b5f60aa9-9e08-444f-ab08-dca53d162851', 'a4b23788-bbda-4758-9e15-473308b40a2f', 'KALTAKQUISE', 'ACTIVE', 0, 'Funktion: Leitung Standort | Mitarbeiter: 21 bis 50 | Branche: Restaurants'),
('009eccda-38f6-42d8-9752-e713664b52b8', 'ebec58d5-80e4-4afb-ac37-f6b734a5c167', 'KALTAKQUISE', 'ACTIVE', 0, 'Funktion: Geschäftsführer/in (CEO) | Mitarbeiter: Mehr als 500 | Branche: Top 2''000 CH-Unternehmen'),
('f494b209-67c5-4896-bd96-4b2ffdfc35c4', '0e437bb9-d8b7-4d0d-9c22-8e2cec563f89', 'KALTAKQUISE', 'ACTIVE', 0, 'Funktion: Geschäftsführer/in (CEO) | Mitarbeiter: 11 bis 20 | Branche: Treuhandbüros | Rechtsform: Schweizerische Zweigniederlassung'),
('c199e2c3-ab90-4f73-84cd-fd76e7486f0f', 'a67f07b5-cd12-485b-962e-e93f2e206f09', 'KALTAKQUISE', 'ACTIVE', 0, 'Funktion: Geschäftsführer/in (CEO) | Mitarbeiter: 1 bis 10 | Branche: Restaurants'),
('3063c7d9-e746-4645-a21c-edbd0c8df632', 'a48e9707-35e6-4b9d-ac99-f2cb6e0cc178', 'KALTAKQUISE', 'ACTIVE', 0, 'Funktion: Geschäftsführer/in (CEO) | Mitarbeiter: 1 bis 10 | Branche: Restaurants | Rechtsform: Gesellschaft mit beschränkter Haftung'),
('25e33061-b734-456d-9301-112c854e4587', 'c413cd50-cdf8-437d-a8ca-d078077bb0de', 'KALTAKQUISE', 'ACTIVE', 0, 'Funktion: Geschäftsführer/in (CEO) | Mitarbeiter: 1 bis 10 | Branche: Maschinenbauindustrie | Rechtsform: Aktiengesellschaft'),
('b3d086b0-8198-40aa-bbe4-85f212e9a657', 'c8dcbc08-534e-446f-b2f5-8d5e0a41357c', 'KALTAKQUISE', 'ACTIVE', 0, 'Funktion: Leitung Standort | Mitarbeiter: 11 bis 20 | Branche: Physiotherapie'),
('65f1265a-3d7f-4465-b200-810e2326dbb7', '341aa3ea-36d0-4f03-8c0a-33f8311af6ea', 'KALTAKQUISE', 'ACTIVE', 0, 'Funktion: Geschäftsführer/in (CEO) | Mitarbeiter: 1 bis 10 | Branche: Unternehmensberater | Rechtsform: Gesellschaft mit beschränkter Haftung'),
('4c2308b0-d3fc-4404-8f5d-91b376808c3c', 'f626d80d-051b-4e9f-8605-934816df1b6d', 'KALTAKQUISE', 'ACTIVE', 0, 'Funktion: Geschäftsführer/in (CEO) | Mitarbeiter: 21 bis 50 | Branche: Bauingenieurbüros | Rechtsform: Aktiengesellschaft'),
('507381cb-8c46-4069-a416-7ce8eaf23166', '92495cf3-f086-428d-af08-8d68f10eca43', 'KALTAKQUISE', 'ACTIVE', 0, 'Funktion: Geschäftsführer/in (CEO) | Mitarbeiter: 1 bis 10 | Branche: Unternehmensberater | Rechtsform: Aktiengesellschaft'),
('6a3a225c-6421-48bd-a6ce-01180408a8b0', '5f45e386-de7b-4d4e-8726-34ac1bbecd4b', 'KALTAKQUISE', 'ACTIVE', 0, 'Funktion: Geschäftsführer/in (CEO) | Mitarbeiter: 1 bis 10 | Branche: Schreinerei- & Holzbaubetriebe'),
('ad1912cb-6510-4e43-ab5b-c6e60e50505b', '77f94cf6-3ca6-4ea3-b69a-7f8b239280eb', 'KALTAKQUISE', 'ACTIVE', 0, 'Funktion: Geschäftsführer/in (CEO) | Mitarbeiter: 21 bis 50 | Branche: Spitex | Rechtsform: Gesellschaft mit beschränkter Haftung'),
('3b23a886-0894-4b12-8837-f4daab66bb31', '9c8665a8-b546-4f54-9929-f429e5989dfc', 'KALTAKQUISE', 'ACTIVE', 0, 'Funktion: Geschäftsführer/in (CEO) | Mitarbeiter: 1 bis 10 | Branche: Werbeagenturen | Rechtsform: Aktiengesellschaft'),
('c6cd9a82-aedf-405c-ac77-5a23f5e5d758', '37b92c56-c704-4dfd-9f5c-9454b141fcbb', 'KALTAKQUISE', 'ACTIVE', 0, 'Funktion: Geschäftsführer/in (CEO) | Mitarbeiter: 1 bis 10 | Branche: Boden- & Plattenleger'),
('45ad9ab4-374d-4fd3-80c5-fd56b9c5a363', '32ece86a-8450-40bc-bc22-a11afde57fd0', 'KALTAKQUISE', 'ACTIVE', 0, 'Funktion: Geschäftsführer/in (CEO) | Mitarbeiter: 11 bis 20 | Branche: Architekturbüros | Rechtsform: Aktiengesellschaft'),
('416bbdfd-83fd-4dbb-91f1-b67183ba9e58', '5a0ef07e-c431-4a51-8d36-0b99689367c1', 'KALTAKQUISE', 'ACTIVE', 0, 'Funktion: Geschäftsführer/in (CEO) | Mitarbeiter: 1 bis 10 | Branche: Garagen | Rechtsform: Aktiengesellschaft'),
('351328ae-e0d8-4e3a-935a-61b1246844fe', 'a7c91f42-634b-48d7-8480-a408846cdc01', 'KALTAKQUISE', 'ACTIVE', 0, 'Funktion: Geschäftsführer/in (CEO) | Mitarbeiter: 1 bis 10 | Branche: Sanitär & Haustechnik | Rechtsform: Gesellschaft mit beschränkter Haftung'),
('8d62cac4-6650-41a4-9a5e-f84d04bd422d', 'abeab21b-2688-4ba8-91ef-9813219d4cbe', 'KALTAKQUISE', 'ACTIVE', 0, 'Funktion: Geschäftsführer/in (CEO) | Mitarbeiter: Mehr als 500 | Branche: Heime beeintr. Personen / NGO & NPO | Rechtsform: Stiftung'),
('97bc45d8-dee1-41a7-a9c5-5122fe8f17a1', '3f19e0c0-0019-4e79-93dc-62726fad649e', 'KALTAKQUISE', 'ACTIVE', 0, 'Funktion: Geschäftsführer/in (CEO) | Mitarbeiter: 21 bis 50 | Branche: Life-Science-Industrie | Rechtsform: Aktiengesellschaft'),
('22958bfc-b0e2-4344-a713-256e00a7b571', '2b7f7bbd-3b1f-4275-83af-cf6fb2417401', 'KALTAKQUISE', 'ACTIVE', 0, 'Funktion: Geschäftsführer/in (CEO) | Mitarbeiter: 1 bis 10 | Branche: Sanitär & Haustechnik'),
('2c11dbe0-d17e-4af4-807d-7c6c5d18843d', '5765d7bb-7654-4fb2-8112-c63492b86e10', 'KALTAKQUISE', 'ACTIVE', 0, 'Funktion: Geschäftsführer/in (CEO) | Mitarbeiter: 21 bis 50 | Branche: Elektroplanung & Installation'),
('974cdc9e-3f64-465f-b5f2-372e7c77c6a1', 'fc0ef19c-4196-488e-8f18-ad16d6fa6cf0', 'KALTAKQUISE', 'ACTIVE', 0, 'Funktion: Geschäftsführer/in (CEO) | Mitarbeiter: Mehr als 500 | Branche: Top 2''000 CH-Unternehmen | Rechtsform: Aktiengesellschaft'),
('4753bd32-9eef-4f66-a432-16182a707e11', '75427160-2aa8-42a8-94fd-f141d9a12c41', 'KALTAKQUISE', 'ACTIVE', 0, 'Funktion: Geschäftsführer/in (CEO) | Mitarbeiter: 1 bis 10 | Branche: Werbeagenturen | Rechtsform: Aktiengesellschaft'),
('7962d280-2087-464a-bb63-a946f2cff5a5', '76845206-c18d-4c70-b04e-466ec0e887e8', 'KALTAKQUISE', 'ACTIVE', 0, 'Funktion: Geschäftsführer/in (CEO) | Mitarbeiter: Mehr als 500 | Branche: Top 2''000 CH-Unternehmen | Rechtsform: Aktiengesellschaft'),
('7b4f42c1-b52f-4392-85e1-dbfdc61043ad', '8ba0b1ef-8479-4889-af7b-7804150b9fed', 'KALTAKQUISE', 'ACTIVE', 0, 'Funktion: Geschäftsführer/in (CEO) | Mitarbeiter: 11 bis 20 | Branche: Facility Management & Reinigungsfirmen'),
('860b9c40-cb10-4fbf-b477-c3cbe3eee2eb', '8f6da57b-11ec-45f4-b8f0-14a9b6a8efaf', 'KALTAKQUISE', 'ACTIVE', 0, 'Funktion: Geschäftsführer/in (CEO) | Mitarbeiter: 11 bis 20 | Branche: Family Offices / Externe Vermögensverwalter | Rechtsform: Aktiengesellschaft'),
('77aaf097-3787-4a6f-93d4-470490fc3474', 'f4ea4012-c7dd-4aae-8c4b-c0c73e2568c7', 'KALTAKQUISE', 'ACTIVE', 0, 'Funktion: Leitung Schule | Mitarbeiter: 1 bis 10 | Branche: Weiterbildungsinstitute'),
('31b8823b-7fc2-442a-aade-b95b1350df6d', '71ab724d-0beb-4df7-b3e7-ea4f0128ecec', 'KALTAKQUISE', 'ACTIVE', 0, 'Funktion: Geschäftsführer/in (CEO) | Mitarbeiter: 1 bis 10 | Branche: Architekturbüros | Rechtsform: Aktiengesellschaft'),
('5e073587-253d-46e5-bfa7-4c939b731d80', '0233e157-8994-4a4a-bbcf-52588512cdd6', 'KALTAKQUISE', 'ACTIVE', 0, 'Funktion: Geschäftsführer/in (CEO) | Mitarbeiter: 1 bis 10 | Branche: Versicherungsbroker & -makler | Rechtsform: Aktiengesellschaft'),
('c01a8cc6-8c27-45b2-a40d-602fdc1e73c7', '4bbebfd3-44c2-44f9-b00a-a74c55578b72', 'KALTAKQUISE', 'ACTIVE', 0, 'Funktion: Geschäftsführer/in (CEO) | Mitarbeiter: 101 bis 500 | Branche: Maschinenbauindustrie | Rechtsform: Aktiengesellschaft'),
('4c299c70-c2ce-49f5-92fb-a4112e4499c1', 'be671f0f-9fba-4a75-aacd-5e90d3d5d094', 'KALTAKQUISE', 'ACTIVE', 0, 'Funktion: Geschäftsführer/in (CEO) | Mitarbeiter: 1 bis 10 | Branche: Werbeagenturen | Rechtsform: Gesellschaft mit beschränkter Haftung'),
('738cb011-52df-4bb1-853c-c3ce9547626c', '2e3beb27-4ef5-43ce-ab34-9a363301b767', 'KALTAKQUISE', 'ACTIVE', 0, 'Funktion: Geschäftsführer/in (CEO) | Mitarbeiter: 21 bis 50 | Branche: Pensionskassen'),
('202b63a0-5117-4753-aaeb-945a637c0b75', 'cf36468c-f0a4-42a2-8895-7aa554d56c53', 'KALTAKQUISE', 'ACTIVE', 0, 'Funktion: Geschäftsführer/in (CEO) | Mitarbeiter: 11 bis 20 | Branche: Sanitär & Haustechnik | Rechtsform: Aktiengesellschaft'),
('2f59c88b-b5a1-4925-b1b3-e66df9a847c8', 'f92eb779-d790-41fb-a1bd-350a56d4874d', 'KALTAKQUISE', 'ACTIVE', 0, 'Funktion: Geschäftsführer/in (CEO) | Mitarbeiter: 11 bis 20 | Branche: Online Shops | Rechtsform: Gesellschaft mit beschränkter Haftung'),
('cd151eeb-f052-4bd1-9761-258312c936be', '74590903-37ed-49cd-b9de-78a19353da51', 'KALTAKQUISE', 'ACTIVE', 0, 'Funktion: Geschäftsführer/in (CEO) | Mitarbeiter: 101 bis 500 | Branche: Chemieindustrie / Top 2''000 CH-Unternehmen | Rechtsform: Gesellschaft mit beschränkter Haftung'),
('cf97e68c-4a2f-4762-9b9f-ff6c884107ab', '1b0cd2bf-d154-4f75-b0a1-c7d186f91178', 'KALTAKQUISE', 'ACTIVE', 0, 'Funktion: Geschäftsführer/in (CEO) | Mitarbeiter: 1 bis 10 | Branche: Nachhaltigkeitsbereich / Sanitär & Haustechnik / Solar & Photovoltaik | Rechtsform: Aktiengesellschaft'),
('27d67d2a-d333-421d-904c-7a7ffed9075c', '35d8be59-a6dd-45af-90a5-7a02bac36bf2', 'KALTAKQUISE', 'ACTIVE', 0, 'Funktion: Geschäftsführer/in (CEO) | Mitarbeiter: 21 bis 50 | Branche: Facility Management & Reinigungsfirmen'),
('75680a5e-38ae-4c3b-a649-27ce7eacbe9f', '0a61ab06-2d84-4b81-ad1c-2626a9a4419f', 'KALTAKQUISE', 'ACTIVE', 0, 'Funktion: Geschäftsführer/in (CEO) | Mitarbeiter: 1 bis 10 | Branche: Elektroindustrie | Rechtsform: Gesellschaft mit beschränkter Haftung'),
('976b4341-7b8b-4f78-80f8-dfbf0ce7f614', '13b3d6f2-7d5f-40b0-beb9-b612bc62c208', 'KALTAKQUISE', 'ACTIVE', 0, 'Funktion: Geschäftsführer/in (CEO) | Mitarbeiter: 1 bis 10 | Branche: Maschinenbauindustrie | Rechtsform: Gesellschaft mit beschränkter Haftung'),
('896e282b-f0d4-4055-bfdb-a0b5ac1537c8', '9baf6fbb-b6f6-4fc6-8cf2-32700785b3a9', 'KALTAKQUISE', 'ACTIVE', 0, 'Funktion: Geschäftsführer/in (CEO) | Mitarbeiter: 51 bis 100 | Branche: Maschinenbauindustrie | Rechtsform: Aktiengesellschaft'),
('33f9d3ef-1bc8-4fd7-9f50-d189b9d9eba0', '199d2b2c-1c0b-48f7-b384-d5d8597e7f16', 'KALTAKQUISE', 'ACTIVE', 0, 'Funktion: Geschäftsführer/in (CEO) | Mitarbeiter: 1 bis 10 | Branche: Bau- & Projektmanagement | Rechtsform: Gesellschaft mit beschränkter Haftung'),
('7d3b532c-bb2c-41e1-9cf0-398a021731cf', '050f17dc-de9c-48ec-ba88-78b3e42ef488', 'KALTAKQUISE', 'ACTIVE', 0, 'Funktion: Geschäftsführer/in (CEO) | Mitarbeiter: 11 bis 20 | Branche: Online Shops | Rechtsform: Einzelunternehmen'),
('a566653a-fda7-4535-8412-863273c8a19f', '48232683-6bb3-427f-8d45-8ebb33952259', 'KALTAKQUISE', 'ACTIVE', 0, 'Funktion: Geschäftsführer/in (CEO) | Mitarbeiter: 1 bis 10 | Branche: Maschinenbauindustrie | Rechtsform: Einzelunternehmen'),
('72f6da2a-d114-4c13-bc7e-3456ff53e0a4', 'bec5a3ca-1642-4655-9fd5-f09bbf23252f', 'KALTAKQUISE', 'ACTIVE', 0, 'Funktion: Geschäftsführer/in (CEO) | Mitarbeiter: 11 bis 20 | Branche: Garagen | Rechtsform: Aktiengesellschaft'),
('3d119bea-c509-4c20-8b07-1bdfd059672e', '3f8d2b0d-bffe-47ab-8a7e-419492a7faa5', 'KALTAKQUISE', 'ACTIVE', 0, 'Funktion: Geschäftsführer/in (CEO) | Mitarbeiter: 1 bis 10 | Branche: Treuhandbüros | Rechtsform: Einzelunternehmen'),
('28353867-d4ff-4422-8a19-f774f1f8ccc2', '623f30c0-c518-4b3c-abb2-e84216c1e562', 'KALTAKQUISE', 'ACTIVE', 0, 'Funktion: Geschäftsführer/in (CEO) | Mitarbeiter: 1 bis 10 | Branche: Restaurants | Rechtsform: Gesellschaft mit beschränkter Haftung'),
('92944ca4-b15b-4493-bc17-8221c0a29295', 'abdd9a0a-1c5f-4a00-b7c4-61674190a964', 'KALTAKQUISE', 'ACTIVE', 0, 'Funktion: Geschäftsführer/in (CEO) | Mitarbeiter: 1 bis 10 | Branche: Zahnarztpraxen'),
('ab94cde7-5a43-4c03-8301-8330c722f40f', '59e4dd7a-75b0-402a-ab31-6a733dc8a1e4', 'KALTAKQUISE', 'ACTIVE', 0, 'Funktion: Geschäftsführer/in (CEO) | Mitarbeiter: 101 bis 500 | Branche: Alters- & Pflegeheime | Rechtsform: Stiftung'),
('31914e81-cf3b-4bfb-8a25-996736205db0', 'fcb6c818-6a2f-4cb3-b076-0d20152509eb', 'KALTAKQUISE', 'ACTIVE', 0, 'Funktion: Geschäftsführer/in (CEO) | Mitarbeiter: 1 bis 10 | Branche: Hofläden & Bauernhöfe'),
('97204fda-6342-4700-a17f-6ebe05ae37f0', '333d5daa-f84e-4fd6-af6a-2f4d089d5cb5', 'KALTAKQUISE', 'ACTIVE', 0, 'Funktion: Geschäftsführer/in (CEO) | Mitarbeiter: 11 bis 20 | Branche: Alters- & Pflegeheime'),
('70bfa3f9-af46-4592-951f-d4dfe75f3432', 'c10b214b-eabd-428f-b151-6b92afc5e52d', 'KALTAKQUISE', 'ACTIVE', 0, 'Funktion: Geschäftsführer/in (CEO) | Mitarbeiter: 11 bis 20 | Branche: Clubs, Bars & Eventlocations | Rechtsform: Stiftung'),
('cedfff63-f3f8-4080-ba86-945c32dfa653', '971101ab-81ea-4a5b-b12f-be747d78e956', 'KALTAKQUISE', 'ACTIVE', 0, 'Funktion: Geschäftsführer/in (CEO) | Mitarbeiter: 1 bis 10 | Branche: Apotheken & Drogerien | Rechtsform: Gesellschaft mit beschränkter Haftung'),
('2779b90e-d314-492e-95a4-6f85b3f0117a', '782433b0-6e79-44e1-9e11-7319aa60da1f', 'KALTAKQUISE', 'ACTIVE', 0, 'Funktion: Gesamtleitung/Direktion | Mitarbeiter: Mehr als 500 | Branche: Spitäler & Kliniken / Testcenter | Rechtsform: Aktiengesellschaft'),
('b5ef2d6e-0c2b-4e69-8c60-7490d78240f2', '7c75ac29-e92e-46cd-b0d5-1e32fd219eaa', 'KALTAKQUISE', 'ACTIVE', 0, 'Funktion: Geschäftsführer/in (CEO) | Mitarbeiter: 51 bis 100 | Branche: Pensionskassen | Rechtsform: Stiftung'),
('84f78712-3246-4258-a97c-fd730c1f95b2', 'aca2673d-1407-4671-ae72-7b259bc80da4', 'KALTAKQUISE', 'ACTIVE', 0, 'Funktion: Geschäftsführer/in (CEO) | Mitarbeiter: 11 bis 20 | Branche: Divers | Rechtsform: Verein'),
('beb02a30-bcd0-40cf-9a00-4f89fbd2d1a3', 'db8e7822-6902-40df-98f6-c1b2c5f576f4', 'KALTAKQUISE', 'ACTIVE', 0, 'Funktion: Geschäftsführer/in (CEO) | Mitarbeiter: 1 bis 10 | Branche: Weiterbildungsinstitute'),
('708af9b6-bfd7-4f8e-9c63-915a53556345', '6dc84124-4752-44fa-88a2-18679adcd263', 'KALTAKQUISE', 'ACTIVE', 0, 'Funktion: Geschäftsführer/in (CEO) | Mitarbeiter: 1 bis 10 | Branche: Unternehmensberater | Rechtsform: Aktiengesellschaft'),
('1d023d0f-033c-4d34-b87f-3065f4125b51', '68d1dc9a-5c89-488d-83b4-be704236d11a', 'KALTAKQUISE', 'ACTIVE', 0, 'Funktion: Präsidium  | Mitarbeiter: 1 bis 10 | Branche: Turnvereine'),
('568e1197-3115-4fa1-a39f-e56a989b47db', 'd2da05fe-b57d-4fe1-9a16-0333b79f8c97', 'KALTAKQUISE', 'ACTIVE', 0, 'Funktion: Chefredaktion | Mitarbeiter: 1 bis 10 | Branche: Zeitungen & Zeitschriften'),
('13951960-f249-4870-a4cd-29ce83619098', '21f92c53-5940-4249-95d3-3280f7ea21bf', 'KALTAKQUISE', 'ACTIVE', 0, 'Funktion: Leitung Schule | Mitarbeiter: 1 bis 10 | Branche: Weiterbildungsinstitute | Rechtsform: Gesellschaft mit beschränkter Haftung'),
('8ad175aa-770d-42cc-84b9-dfbe8a0b2c85', '3e3c285c-26e1-4b64-9dd1-af7ab19e3beb', 'KALTAKQUISE', 'ACTIVE', 0, 'Funktion: Geschäftsführer/in (CEO) | Mitarbeiter: 1 bis 10 | Branche: Metallbauer | Rechtsform: Gesellschaft mit beschränkter Haftung'),
('0abb15fc-103b-4947-9bbe-6b56d2f99bbc', '4523aa74-e15b-4ffc-ba0d-118fa9132a2b', 'KALTAKQUISE', 'ACTIVE', 0, 'Funktion: Geschäftsführer/in (CEO) | Mitarbeiter: 1 bis 10 | Branche: Unternehmensberater'),
('bf963f8c-b0bc-4067-b00c-f6b7840c062c', 'a1d787e2-8a95-4b34-90d5-8c0ebe44ed8a', 'KALTAKQUISE', 'ACTIVE', 0, 'Funktion: Geschäftsführer/in (CEO) | Mitarbeiter: 1 bis 10 | Branche: Lebensmittelverarbeitung | Rechtsform: Aktiengesellschaft'),
('b442cf3f-bfb4-4053-9a99-506ed5534124', '03d0308a-c5aa-44f6-b32b-19321bbe72d3', 'KALTAKQUISE', 'ACTIVE', 0, 'Funktion: Geschäftsführer/in (CEO) | Mitarbeiter: 11 bis 20 | Branche: Treuhandbüros / Unternehmensberater | Rechtsform: Aktiengesellschaft'),
('01cca713-cb0c-4887-b1f4-ae5e1a53c67c', 'eba28aa1-6b3b-41b2-8c59-5b20892e77d5', 'KALTAKQUISE', 'ACTIVE', 0, 'Funktion: Leitung Sport / Sportchef | Mitarbeiter: 51 bis 100 | Branche: Zeitungen & Zeitschriften'),
('e0a8fc00-0e65-45d1-a8ca-0975197bf7e9', 'c65b93a5-f619-4bac-83ae-7c4d9846a01b', 'KALTAKQUISE', 'ACTIVE', 0, 'Funktion: Geschäftsführer/in (CEO) | Mitarbeiter: 1 bis 10 | Branche: Restaurants'),
('c403b342-c73c-4693-b771-97929e7643c1', 'e5c70fbd-a4fd-45e6-af8e-714c8bd51334', 'KALTAKQUISE', 'ACTIVE', 0, 'Funktion: Geschäftsführer/in (CEO) | Mitarbeiter: 1 bis 10 | Branche: Life-Science-Industrie | Rechtsform: Aktiengesellschaft'),
('49236214-58d0-4853-b70c-afd488dcf056', '813b69a5-6687-4ada-bcae-28f21782853e', 'KALTAKQUISE', 'ACTIVE', 0, 'Funktion: Geschäftsführer/in (CEO) | Mitarbeiter: 1 bis 10 | Branche: Apotheken & Drogerien | Rechtsform: Aktiengesellschaft'),
('fff1255a-8b93-491a-8ff1-42fd603e7a4e', 'c02599f7-77be-4e31-bafa-b324515579e6', 'KALTAKQUISE', 'ACTIVE', 0, 'Funktion: Geschäftsführer/in (CEO) | Mitarbeiter: 101 bis 500 | Branche: Online Shops | Rechtsform: Aktiengesellschaft'),
('4f939a6b-651d-42ca-a2cf-f499e4f1498c', '0d4c9256-8008-456a-8949-5f43193e76d2', 'KALTAKQUISE', 'ACTIVE', 0, 'Funktion: Geschäftsführer/in (CEO) | Mitarbeiter: 101 bis 500 | Branche: Clubs, Bars & Eventlocations'),
('fda1d8a8-7712-485f-b759-499a6f3f8eee', '779a1738-8d79-40c5-bb77-05f13e1d32c1', 'KALTAKQUISE', 'ACTIVE', 0, 'Funktion: Geschäftsführer/in (CEO) | Mitarbeiter: 1 bis 10 | Branche: Fitnessstudios | Rechtsform: Einzelunternehmen'),
('80586227-00d6-4dc2-9e6c-ab2a733bedc5', 'da71a4a0-c819-4af1-9763-2a7e469ecde8', 'KALTAKQUISE', 'ACTIVE', 0, 'Funktion: Geschäftsführer/in (CEO) | Mitarbeiter: 21 bis 50 | Branche: Alters- & Pflegeheime'),
('fc497431-67bf-4aa0-9300-421dcda9710b', '05602992-0fa6-4035-8416-bd4ac2c1d599', 'KALTAKQUISE', 'ACTIVE', 0, 'Funktion: Geschäftsführer/in (CEO) | Mitarbeiter: 1 bis 10 | Branche: Apotheken & Drogerien'),
('d7e1cf36-8986-4d3a-bc70-04bb0d314de5', '70aba7b2-e392-402b-ac36-274bd13b80b3', 'KALTAKQUISE', 'ACTIVE', 0, 'Funktion: Geschäftsführer/in (CEO) | Mitarbeiter: 1 bis 10 | Branche: Apotheken & Drogerien | Rechtsform: Aktiengesellschaft'),
('f96e09d0-d43a-4a98-a633-95941c2c70ad', '81a48cec-652e-4858-9f7a-36871630a841', 'KALTAKQUISE', 'ACTIVE', 0, 'Funktion: Gesamtleitung/Direktion | Mitarbeiter: 101 bis 500 | Branche: Heime beeintr. Personen | Rechtsform: Stiftung'),
('219afae5-bb5a-40dd-8c31-6f087ebb53e2', '831ce0f6-9977-43e2-af4f-aed08e705df3', 'KALTAKQUISE', 'ACTIVE', 0, 'Funktion: Geschäftsführer/in (CEO) | Mitarbeiter: 1 bis 10 | Branche: Online Shops / Restaurants / Getränkeindustrie | Rechtsform: Aktiengesellschaft'),
('8503bf68-f380-46e5-b720-575bafa42958', '9b8b301d-8f32-4c11-8cbc-7990a65a4a20', 'KALTAKQUISE', 'ACTIVE', 0, 'Funktion: Geschäftsführer/in (CEO) | Mitarbeiter: 1 bis 10 | Branche: Apotheken & Drogerien | Rechtsform: Aktiengesellschaft'),
('3e84b4fd-b7d8-459a-9833-8810123ba8cc', 'f9c4214e-87d1-4c55-addb-312aaa1c68b1', 'KALTAKQUISE', 'ACTIVE', 0, 'Funktion: Geschäftsführer/in (CEO) | Mitarbeiter: 21 bis 50 | Branche: Elektroplanung & Installation / Energieindustrie / Energieversorger'),
('aa1b4155-6d4c-46d5-9540-5f86a3a648bb', 'd8cc139b-f071-4909-99fd-835eccae39c7', 'KALTAKQUISE', 'ACTIVE', 0, 'Funktion: Geschäftsführer/in (CEO) | Mitarbeiter: 1 bis 10 | Branche: Immobilienverwaltung / Immobilienvermittlung | Rechtsform: Aktiengesellschaft'),
('d35f260f-c500-4900-bc70-c274009a6517', '628b05fa-6025-4ed2-9a9d-086e0e0ecaef', 'KALTAKQUISE', 'ACTIVE', 0, 'Funktion: Geschäftsführer/in (CEO) | Mitarbeiter: 11 bis 20 | Branche: Apotheken & Drogerien / Online Shops | Rechtsform: Aktiengesellschaft'),
('68ae0273-84d0-45c5-8775-bdbf81c53308', '3b8429c1-c39a-41b0-9cbb-d37619e7da18', 'KALTAKQUISE', 'ACTIVE', 0, 'Funktion: Geschäftsführer/in (CEO) | Mitarbeiter: 1 bis 10 | Branche: Nachhaltigkeitsbereich'),
('889de33a-b07e-4ec0-b856-8c437d75e878', '925b5a27-ecda-40a3-b612-6f18ec5755e7', 'KALTAKQUISE', 'ACTIVE', 0, 'Funktion: Geschäftsführer/in (CEO) | Mitarbeiter: 1 bis 10 | Branche: Apotheken & Drogerien | Rechtsform: Aktiengesellschaft'),
('9ad57f62-ac64-4e02-8443-aa39c16d6f62', 'b6594996-2796-45db-a808-4d0697d735e6', 'KALTAKQUISE', 'ACTIVE', 0, 'Funktion: Chefredaktion | Mitarbeiter: 11 bis 20 | Branche: Zeitungen & Zeitschriften'),
('bdcac608-0b61-475d-8287-73784d30943f', '20e9797c-d0ef-44b4-8e05-0f9c4adc70e5', 'KALTAKQUISE', 'ACTIVE', 0, 'Funktion: Geschäftsführer/in (CEO) | Mitarbeiter: 21 bis 50 | Branche: Pensionskassen | Rechtsform: Institut des öffentlichen Rechts'),
('ae3e7463-388c-438e-ac3b-ed4c25ca6e6d', 'a602c904-a304-492f-af56-c9762d75d4b7', 'KALTAKQUISE', 'ACTIVE', 0, 'Funktion: Geschäftsführer/in (CEO) | Mitarbeiter: 101 bis 500 | Branche: Energieindustrie / Top 2''000 CH-Unternehmen / Energieversorger'),
('1cb4e9c9-855e-48b3-bf48-46ca62eeec71', '975bdde3-f68a-40f9-88e7-3e6f8c493946', 'KALTAKQUISE', 'ACTIVE', 0, 'Funktion: Gesamtleitung/Direktion | Mitarbeiter: 21 bis 50 | Branche: Heime beeintr. Personen / Spitex | Rechtsform: Verein'),
('d9133f8a-7dae-4e19-8bc2-54e460a28e3a', '13b1dfca-8bb0-405b-b5f1-ec0a0190d330', 'KALTAKQUISE', 'ACTIVE', 0, 'Funktion: Geschäftsführer/in (CEO) | Mitarbeiter: 1 bis 10 | Branche: Clubs, Bars & Eventlocations'),
('a6249680-849e-425e-b292-6d32b5b01a2b', 'b09a34ae-78a6-45e6-9154-3319e29d9e92', 'KALTAKQUISE', 'ACTIVE', 0, 'Funktion: Geschäftsführer/in (CEO) | Mitarbeiter: 21 bis 50 | Branche: Pensionskassen | Rechtsform: Stiftung'),
('090a3b98-f716-45b1-ad21-47ca7ca0b3b8', '6ad7d5cb-669a-4307-a661-dcf13a5ead8a', 'KALTAKQUISE', 'ACTIVE', 0, 'Funktion: Geschäftsführer/in (CEO) | Mitarbeiter: 101 bis 500 | Branche: Logistik- & Transportunternehmen | Rechtsform: Aktiengesellschaft'),
('9f4e89d1-aa9e-4725-b77e-a98ffeae9b31', '5f6a25ed-a8c2-4237-a36b-e0e03c9c2d98', 'KALTAKQUISE', 'ACTIVE', 0, 'Funktion: Geschäftsführer/in (CEO) | Mitarbeiter: 51 bis 100 | Branche: Personalvermittler & -berater | Rechtsform: Aktiengesellschaft'),
('ec3ca8f2-0543-47c7-a34e-9bbf30fdb9a9', '96d1654a-6142-445f-80a1-8a7a5c84b96e', 'KALTAKQUISE', 'ACTIVE', 0, 'Funktion: Geschäftsführer/in (CEO) | Mitarbeiter: 1 bis 10 | Branche: Personalvermittler & -berater | Rechtsform: Aktiengesellschaft'),
('f154cb2e-2d92-4358-a0af-c9fa44177895', 'f151c488-562e-4780-b00a-b68bc65b6e86', 'KALTAKQUISE', 'ACTIVE', 0, 'Funktion: Leitung Schule | Mitarbeiter: 1 bis 10 | Branche: Weiterbildungsinstitute | Rechtsform: Gesellschaft mit beschränkter Haftung'),
('1ca292a1-d1e3-43e8-ad1c-a2ccd7ecda27', '01dbc602-5ab1-40f1-8539-ae8141e76bb2', 'KALTAKQUISE', 'ACTIVE', 0, 'Funktion: Geschäftsführer/in (CEO) | Mitarbeiter: 101 bis 500 | Branche: Baugeschäfte | Rechtsform: Aktiengesellschaft'),
('cbb73c96-5942-4193-9b1c-311654eb026e', 'ae29cacf-62ee-4650-81b5-1075cf7d8349', 'KALTAKQUISE', 'ACTIVE', 0, 'Funktion: Geschäftsführer/in (CEO) | Mitarbeiter: 1 bis 10 | Branche: Boden- & Plattenleger'),
('47a63301-2845-4015-98ca-3232bebb729f', '845d1282-f2c8-4427-8ecf-14057b12a873', 'KALTAKQUISE', 'ACTIVE', 0, 'Funktion: Geschäftsführer/in (CEO) | Mitarbeiter: 1 bis 10 | Branche: Unternehmensberater | Rechtsform: Gesellschaft mit beschränkter Haftung'),
('ef11e7fa-b530-4b90-a14e-7cac93c08496', 'ecf4e0c3-d479-4f60-9337-1d1c133e7e62', 'KALTAKQUISE', 'ACTIVE', 0, 'Funktion: Gesamtleitung/Direktion | Mitarbeiter: Mehr als 500 | Branche: Divers'),
('49d08a97-bf57-4dff-a47c-60fdaa63af63', '29884bc7-d0c3-4f18-9cdb-8c0478ade8b1', 'KALTAKQUISE', 'ACTIVE', 0, 'Funktion: Geschäftsführer/in (CEO) | Mitarbeiter: 1 bis 10 | Branche: Metallbauer | Rechtsform: Aktiengesellschaft'),
('4d283715-540e-42df-b0c0-bc222214328e', 'c28b4190-a4eb-4931-ad16-e647a53275d9', 'KALTAKQUISE', 'ACTIVE', 0, 'Funktion: Geschäftsführer/in (CEO) | Mitarbeiter: 1 bis 10 | Branche: General- & Totalunternehmungen / Immobilienvermittlung / Immobilienprojektentwicklung | Rechtsform: Aktiengesellschaft'),
('252b146e-9714-4566-abb7-2cf14c930fea', 'b8154610-26c3-45b8-a5c5-f953633586c5', 'KALTAKQUISE', 'ACTIVE', 0, 'Funktion: Geschäftsführer/in (CEO) | Mitarbeiter: 11 bis 20 | Branche: Metallbauer | Rechtsform: Aktiengesellschaft'),
('8564528f-8d62-4b98-a17c-1bc637b32e00', '3ead629c-49f0-4177-baca-345ad1db1273', 'KALTAKQUISE', 'ACTIVE', 0, 'Funktion: Geschäftsführer/in (CEO) | Mitarbeiter: 1 bis 10 | Branche: FinTech | Rechtsform: Aktiengesellschaft'),
('e02aaa99-ec11-4a05-bc1f-abbad11b9d86', '9300d9f0-9be4-459b-a934-cd4fc215254b', 'KALTAKQUISE', 'ACTIVE', 0, 'Funktion: Geschäftsführer/in (CEO) | Mitarbeiter: 11 bis 20 | Branche: Maschinenbauindustrie | Rechtsform: Aktiengesellschaft'),
('4ccea399-ff56-47bb-8b9d-28fbe475b064', '798a24f2-e00d-42ab-98d1-271dad2b6879', 'KALTAKQUISE', 'ACTIVE', 0, 'Funktion: Inhaber/in (Owner/Founder) | Mitarbeiter: 1 bis 10 | Branche: Gartenbau & -pflege'),
('8fcc7506-2799-46d4-a0ce-28eafc7a0fbf', '4ce85025-98d9-4cb6-88da-c4d8b67b4162', 'KALTAKQUISE', 'ACTIVE', 0, 'Funktion: Geschäftsführer/in (CEO) | Mitarbeiter: 1 bis 10 | Branche: Immobilienvermittlung | Rechtsform: Aktiengesellschaft'),
('0dbd66a3-b24f-4ef5-82fd-ab11d9e2c815', '9efccc35-2309-4867-8377-ebbe27762178', 'KALTAKQUISE', 'ACTIVE', 0, 'Funktion: Geschäftsführer/in (CEO) | Mitarbeiter: 1 bis 10 | Branche: Schreinerei- & Holzbaubetriebe'),
('f004337f-7938-4a70-b206-633c45cc2781', 'ac14ac9a-9fcb-4925-8a38-e55545b222ef', 'KALTAKQUISE', 'ACTIVE', 0, 'Funktion: Geschäftsführer/in (CEO) | Mitarbeiter: 1 bis 10 | Branche: Schreinerei- & Holzbaubetriebe | Rechtsform: Einzelunternehmen'),
('2d95e5d6-3608-4bb9-9451-e3d0912eae1f', 'd24bb6ac-9cc3-43de-9599-951f6560b34c', 'KALTAKQUISE', 'ACTIVE', 0, 'Funktion: Geschäftsführer/in (CEO) | Mitarbeiter: 1 bis 10 | Branche: Treuhandbüros'),
('e528f13e-932d-4bc3-b757-849b034c8563', 'f9405778-fa0d-43cb-b534-e6c4ab7b6b6a', 'KALTAKQUISE', 'ACTIVE', 0, 'Funktion: Geschäftsführer/in (CEO) | Mitarbeiter: 1 bis 10 | Branche: Treuhandbüros | Rechtsform: Einzelunternehmen'),
('68d18f5d-3906-461b-a081-5651d6c55f87', '91f79647-fdda-44e4-aee3-5b74df09a664', 'KALTAKQUISE', 'ACTIVE', 0, 'Funktion: Geschäftsführer/in (CEO) | Mitarbeiter: 1 bis 10 | Branche: Garagen | Rechtsform: Gesellschaft mit beschränkter Haftung'),
('4705b859-a889-4d0c-8d30-5c38647dcad3', '8e927ae8-43a8-4290-bdef-b8c38f0de125', 'KALTAKQUISE', 'ACTIVE', 0, 'Funktion: Geschäftsführer/in (CEO) | Mitarbeiter: 21 bis 50 | Branche: Schreinerei- & Holzbaubetriebe | Rechtsform: Aktiengesellschaft'),
('75b3ac8c-c2a8-43da-b673-042a5804fc33', '7bb17a14-42bc-428b-b5df-e168e9d42586', 'KALTAKQUISE', 'ACTIVE', 0, 'Funktion: Geschäftsführer/in (CEO) | Mitarbeiter: 1 bis 10 | Branche: Bau- & Projektmanagement / Bauherrenvertretung | Rechtsform: Aktiengesellschaft'),
('5e702c16-a458-48b6-8ebe-125ae69de7ad', '04fdd0d8-e39e-43f1-8e19-a31d3cf2c302', 'KALTAKQUISE', 'ACTIVE', 0, 'Funktion: Geschäftsführer/in (CEO) | Mitarbeiter: 11 bis 20 | Branche: Nachhaltigkeitsbereich / Sanitär & Haustechnik / Solar & Photovoltaik | Rechtsform: Aktiengesellschaft'),
('58748652-f677-4fae-bcbc-312ce86e2fc6', '4b595086-6693-4a19-9d23-69cefb12c4e5', 'KALTAKQUISE', 'ACTIVE', 0, 'Funktion: Geschäftsführer/in (CEO) | Mitarbeiter: 1 bis 10 | Branche: Sanitär & Haustechnik'),
('57b0379a-2778-4f25-8ea4-9134c8fe6c2c', '4e95eec8-484f-4e55-b397-e807774aa645', 'KALTAKQUISE', 'ACTIVE', 0, 'Funktion: Geschäftsführer/in (CEO) | Mitarbeiter: 1 bis 10 | Branche: Garagen | Rechtsform: Aktiengesellschaft'),
('192cf111-911f-46a2-96bd-24c36e27f522', 'fca9d868-e0f9-4bc3-b132-83f10d376f9a', 'KALTAKQUISE', 'ACTIVE', 0, 'Funktion: Geschäftsführer/in (CEO) | Mitarbeiter: 1 bis 10 | Branche: Gartenbau & -pflege'),
('5469224a-7863-4e2e-be09-332e08dc97bf', '706abdd7-9b77-43d6-a297-ac00f9e4b5d9', 'KALTAKQUISE', 'ACTIVE', 0, 'Funktion: Geschäftsführer/in (CEO) | Mitarbeiter: 1 bis 10 | Branche: General- & Totalunternehmungen / Immobilienvermittlung / Immobilienprojektentwicklung | Rechtsform: Gesellschaft mit beschränkter Haftung'),
('f4535822-44fe-4948-a5f1-4c8ef569f712', '7dd14102-6d74-4373-901e-2ba6a6ca04cd', 'KALTAKQUISE', 'ACTIVE', 0, 'Funktion: Geschäftsführer/in (CEO) | Mitarbeiter: 11 bis 20 | Branche: Schreinerei- & Holzbaubetriebe'),
('7752954a-6c55-4e61-86db-41ffe0c0e8f8', '17bdbafe-ba5c-49e1-964d-c5a40dda158e', 'KALTAKQUISE', 'ACTIVE', 0, 'Funktion: Geschäftsführer/in (CEO) | Mitarbeiter: 1 bis 10 | Branche: Maler- & Gipsergeschäfte | Rechtsform: Aktiengesellschaft'),
('3cb55bc0-c850-45ed-97b8-4254c6212653', '7139bdf8-e46b-4ab2-9ddb-f05014f9742c', 'KALTAKQUISE', 'ACTIVE', 0, 'Funktion: Geschäftsführer/in (CEO) | Mitarbeiter: 21 bis 50 | Branche: Online Shops | Rechtsform: Aktiengesellschaft'),
('287faed3-fdba-4691-aba4-90a7ea0015a8', '51d2b248-9d05-4264-91d9-24b26df6112c', 'KALTAKQUISE', 'ACTIVE', 0, 'Funktion: Geschäftsführer/in (CEO) | Mitarbeiter: 1 bis 10 | Branche: Metallbauer | Rechtsform: Aktiengesellschaft'),
('e96adcda-1096-472e-8c0a-cd13548681d9', '595f48b8-ca1c-471f-9273-292fdbb163e7', 'KALTAKQUISE', 'ACTIVE', 0, 'Funktion: Geschäftsführer/in (CEO) | Mitarbeiter: 1 bis 10 | Branche: Schreinerei- & Holzbaubetriebe | Rechtsform: Gesellschaft mit beschränkter Haftung'),
('d2e298ff-89d7-4f49-81e0-7b897fb08e34', '7887d696-999b-45f2-b9ae-943d5b4e743a', 'KALTAKQUISE', 'ACTIVE', 0, 'Funktion: Geschäftsführer/in (CEO) | Mitarbeiter: 1 bis 10 | Branche: Schreinerei- & Holzbaubetriebe'),
('e9aecc9b-adf0-4e2d-a9cb-87b21e362b26', 'babff691-0540-4129-aaea-eff9fa3ffb45', 'KALTAKQUISE', 'ACTIVE', 0, 'Funktion: Geschäftsführer/in (CEO) | Mitarbeiter: 1 bis 10 | Branche: Lebensmittelverarbeitung / Online Shops | Rechtsform: Aktiengesellschaft'),
('4c2cd84a-dd4c-4b77-a1e7-39dcc814ebaa', '08428055-0b4f-42f7-87f5-5d25ceeb557a', 'KALTAKQUISE', 'ACTIVE', 0, 'Funktion: Geschäftsführer/in (CEO) | Mitarbeiter: 1 bis 10 | Branche: Lebensmittelverarbeitung | Rechtsform: Einzelunternehmen'),
('bcaf7b3e-39e9-4c87-abc9-2ffc89fccf16', 'a547f9f0-c2e0-4d6b-bbd4-ec02c67a3058', 'KALTAKQUISE', 'ACTIVE', 0, 'Funktion: Geschäftsführer/in (CEO) | Mitarbeiter: 21 bis 50 | Branche: Clubs, Bars & Eventlocations'),
('712454e0-0601-4d03-baf6-e955f8bc423e', '44f35bb8-3dd2-4c4b-adb3-11a3d13bd03a', 'KALTAKQUISE', 'ACTIVE', 0, 'Funktion: Geschäftsführer/in (CEO) | Mitarbeiter: 11 bis 20 | Branche: Boden- & Plattenleger'),
('16b33f04-b22e-47c8-bc75-bb08388a8606', '4444e0c1-8229-4b85-8a4e-2dbb32600fc9', 'KALTAKQUISE', 'ACTIVE', 0, 'Funktion: Geschäftsführer/in (CEO) | Mitarbeiter: 21 bis 50 | Branche: Elektroplanung & Installation | Rechtsform: Aktiengesellschaft'),
('1b8fdaeb-aee0-4fd7-be2e-be974cc267bf', 'ac224662-0e1b-4fad-84fa-5875bd85f3a0', 'KALTAKQUISE', 'ACTIVE', 0, 'Funktion: Geschäftsführer/in (CEO) | Mitarbeiter: 1 bis 10 | Branche: Architekturbüros'),
('aaee1b81-9ff7-41e1-bb3f-129752cc8000', '91c88a82-8cc6-4cdc-b8b1-40fc4e4d114f', 'KALTAKQUISE', 'ACTIVE', 0, 'Funktion: Geschäftsführer/in (CEO) | Mitarbeiter: 1 bis 10 | Branche: Architekturbüros | Rechtsform: Aktiengesellschaft'),
('57316075-ab5e-43c4-823c-2249f8b5c1ae', '677959b2-0424-4935-9221-f1cd6aef1988', 'KALTAKQUISE', 'ACTIVE', 0, 'Funktion: Geschäftsführer/in (CEO) | Mitarbeiter: 1 bis 10 | Branche: Metallbauer | Rechtsform: Aktiengesellschaft'),
('8fdb3a16-3420-4cb2-9edd-d0bcf33680ad', '869d5365-8062-48dd-8d5a-7d95645dc4d4', 'KALTAKQUISE', 'ACTIVE', 0, 'Funktion: Geschäftsführer/in (CEO) | Mitarbeiter: 21 bis 50 | Branche: Maschinenbauindustrie | Rechtsform: Aktiengesellschaft'),
('31c368c7-134a-48db-9982-4ddf6b624349', 'a48ce65c-ab1f-4606-a965-53b859f0b9a0', 'KALTAKQUISE', 'ACTIVE', 0, 'Funktion: Geschäftsführer/in (CEO) | Mitarbeiter: 1 bis 10 | Branche: Gartenbau & -pflege'),
('1b3ec383-a399-408a-b8cf-cbe08a3fc737', '3eb8ef74-6c8e-413c-8801-de36ed5174fe', 'KALTAKQUISE', 'ACTIVE', 0, 'Funktion: Geschäftsführer/in (CEO) | Mitarbeiter: 1 bis 10 | Branche: Gartenbau & -pflege | Rechtsform: Aktiengesellschaft'),
('c11db7cd-f03f-4da5-803e-9125631f8244', '04769e6c-5380-445f-917e-d9f5f706708f', 'KALTAKQUISE', 'ACTIVE', 0, 'Funktion: Geschäftsführer/in (CEO) | Mitarbeiter: 1 bis 10 | Branche: Immobilienverwaltung / Immobilienvermittlung / Immobilienprojektentwicklung | Rechtsform: Aktiengesellschaft'),
('0b936a9c-4548-43d4-a5e8-45f64251bf11', '88583013-a761-4b61-a0a1-55521d1a21f4', 'KALTAKQUISE', 'ACTIVE', 0, 'Funktion: Geschäftsführer/in (CEO) | Mitarbeiter: 1 bis 10 | Branche: IT Unternehmen / Online Shops | Rechtsform: Aktiengesellschaft'),
('7636a2f8-d7ea-46a0-874b-29c71da98174', '0af786bd-cb83-42ef-944c-45eab44539a1', 'KALTAKQUISE', 'ACTIVE', 0, 'Funktion: Geschäftsführer/in (CEO) | Mitarbeiter: Mehr als 500 | Branche: Top 2''000 CH-Unternehmen | Rechtsform: Aktiengesellschaft'),
('72ed5ae7-3975-4aa4-8d5d-d42e9fad4a28', '83ab688f-cbde-4372-a8cb-6594a51d4672', 'KALTAKQUISE', 'ACTIVE', 0, 'Funktion: Geschäftsführer/in (CEO) | Mitarbeiter: 11 bis 20 | Branche: Schreinerei- & Holzbaubetriebe | Rechtsform: Aktiengesellschaft'),
('8436d7fb-9e17-404f-829a-2c0e5dfaa056', '8a9b0079-6aad-478f-b082-05e437746c14', 'KALTAKQUISE', 'ACTIVE', 0, 'Funktion: Geschäftsführer/in (CEO) | Mitarbeiter: 101 bis 500 | Branche: Top 2''000 CH-Unternehmen | Rechtsform: Aktiengesellschaft'),
('7615ecb7-bf0f-4bb7-a9a7-82166541c5f9', '781bc5bf-9044-4536-98eb-0348ac85957f', 'KALTAKQUISE', 'ACTIVE', 0, 'Funktion: Geschäftsführer/in (CEO) | Mitarbeiter: 1 bis 10 | Branche: Architekturbüros | Rechtsform: Aktiengesellschaft'),
('4a955ea2-9c79-4414-83e2-7bc63e72ff40', '012ded71-3bb6-4d7f-8be7-913fdb884ba4', 'KALTAKQUISE', 'ACTIVE', 0, 'Funktion: Leitung Stadtrat (Stadtpräsidium) | Mitarbeiter: Mehr als 500 | Branche: Städte & Kantone'),
('918c04ed-280a-4531-918e-4e7f10dec46a', '8db2069f-39f5-450a-ae82-78a1d1e772dc', 'KALTAKQUISE', 'ACTIVE', 0, 'Funktion: Leitung Stadtrat (Stadtpräsidium) | Mitarbeiter: 51 bis 100 | Branche: Städte & Kantone'),
('37aeceac-b93f-414e-9877-00702763e266', 'e4df396a-5259-4873-8dec-e774819c8aaf', 'KALTAKQUISE', 'ACTIVE', 0, 'Funktion: StadtschreiberIn | Mitarbeiter: 101 bis 500 | Branche: Städte & Kantone'),
('ce2546b0-d750-49dd-989d-ea5b8b74cf2b', '7421647c-3fef-4666-9075-24e2d3284472', 'KALTAKQUISE', 'ACTIVE', 0, 'Funktion: Leitung Stadtrat (Stadtpräsidium) | Mitarbeiter: 101 bis 500 | Branche: Städte & Kantone'),
('a6dae9e9-286c-4e37-b8c5-4dbf7c068aa9', 'd5abc66d-0867-44f8-9766-c38889c15064', 'KALTAKQUISE', 'ACTIVE', 0, 'Funktion: Leitung Stadtrat (Stadtpräsidium) | Mitarbeiter: 51 bis 100 | Branche: Städte & Kantone'),
('448af731-4c2a-4867-ae37-003ff9feaf6f', '9ed526ee-77c5-48be-bfd5-3c69d36f3d79', 'KALTAKQUISE', 'ACTIVE', 0, 'Funktion: Leitung Stadtrat (Stadtpräsidium) | Mitarbeiter: 51 bis 100 | Branche: Städte & Kantone'),
('f0f4e16f-8aba-477a-b2a6-e21b9e607b60', '9b2c3726-421c-44f1-af9f-38b2cb5b8e0d', 'KALTAKQUISE', 'ACTIVE', 0, 'Funktion: Leitung Stadtrat (Stadtpräsidium) | Mitarbeiter: 101 bis 500 | Branche: Städte & Kantone'),
('09fda12f-90f4-40f8-b17e-c06f3492bfb4', 'd2290153-7f66-443c-b1c4-5f4fc47d513b', 'KALTAKQUISE', 'ACTIVE', 0, 'Funktion: Leitung Stadtrat (Stadtpräsidium) | Mitarbeiter: 101 bis 500 | Branche: Städte & Kantone'),
('3f36a493-b78e-41d9-bd6c-4913e8c21e7d', 'ded56b4f-d917-48ed-883c-24f3f8086559', 'KALTAKQUISE', 'ACTIVE', 0, 'Funktion: Leitung Stadtrat (Stadtpräsidium) | Mitarbeiter: Mehr als 500 | Branche: Städte & Kantone'),
('4a187ff6-aa4a-42ff-8bd2-1e4cba254e0e', '50ece9c4-ee68-4cdf-8387-c5e285bc7c64', 'KALTAKQUISE', 'ACTIVE', 0, 'Funktion: Leitung Stadtrat (Stadtpräsidium) | Mitarbeiter: Mehr als 500 | Branche: Städte & Kantone'),
('ba831afa-72a8-4304-844e-70de1d10f95b', 'e4cf6d0d-4a87-405d-88f4-efddc3a9556f', 'KALTAKQUISE', 'ACTIVE', 0, 'Funktion: Leitung Stadtrat (Stadtpräsidium) | Mitarbeiter: 51 bis 100 | Branche: Städte & Kantone'),
('90577a91-5041-4366-b5e9-395af9ec6ea1', 'd76d4ba2-0173-4f04-a385-560fdf0ca3a7', 'KALTAKQUISE', 'ACTIVE', 0, 'Funktion: Leitung Stadtrat (Stadtpräsidium) | Mitarbeiter: 101 bis 500 | Branche: Städte & Kantone'),
('7cc91e58-d60e-4de7-a172-218fee547fd6', 'f910702d-bd2b-40e7-8f0b-85dc85cd0652', 'KALTAKQUISE', 'ACTIVE', 0, 'Funktion: Leitung Stadtrat (Stadtpräsidium) | Mitarbeiter: 51 bis 100 | Branche: Städte & Kantone'),
('4c89a13a-c874-4730-9d2f-cf3302fa66d6', 'b3d6160d-f708-478b-bfc1-4cbeb9be136c', 'KALTAKQUISE', 'ACTIVE', 0, 'Funktion: Leitung Stadtrat (Stadtpräsidium) | Mitarbeiter: 101 bis 500 | Branche: Städte & Kantone'),
('d69bf65b-9cff-4cb6-99f9-37296ea2f382', '1a18060e-67f8-4dd1-89dd-b2536f5f38df', 'KALTAKQUISE', 'ACTIVE', 0, 'Funktion: Leitung Stadtrat (Stadtpräsidium) | Mitarbeiter: 101 bis 500 | Branche: Städte & Kantone'),
('596817b3-0e7b-4910-9589-a19cd50bce98', '20732173-f6e9-4f4e-b8d5-11640fe47e1a', 'KALTAKQUISE', 'ACTIVE', 0, 'Funktion: Leitung Stadtrat (Stadtpräsidium) | Mitarbeiter: Mehr als 500 | Branche: Städte & Kantone'),
('6f8b782f-0fb6-4e25-9536-aef0b4d61dcf', '6137bd42-e52f-4108-99c8-162671299fe3', 'KALTAKQUISE', 'ACTIVE', 0, 'Funktion: Leitung Stadtrat (Stadtpräsidium) | Mitarbeiter: Mehr als 500 | Branche: Städte & Kantone'),
('0f0db6d5-fe0c-4ce1-a43c-208dc9f0fd91', '50b424de-b0b3-4994-a9ea-b20a5c2b8e5d', 'KALTAKQUISE', 'ACTIVE', 0, 'Funktion: Leitung Stadtrat (Stadtpräsidium) | Mitarbeiter: 101 bis 500 | Branche: Städte & Kantone'),
('e68c8e37-6356-4891-92ee-220cdccf0c2f', '9e74134f-146e-4771-b9aa-a678d1c4a415', 'KALTAKQUISE', 'ACTIVE', 0, 'Funktion: Leitung Stadtrat (Stadtpräsidium) | Mitarbeiter: 101 bis 500 | Branche: Städte & Kantone'),
('f35b1312-12da-4f15-8555-214f24f6bcfe', '8d54f45a-03b8-46ee-8acc-2514670c3d13', 'KALTAKQUISE', 'ACTIVE', 0, 'Funktion: Leitung Stadtrat (Stadtpräsidium) | Mitarbeiter: 11 bis 20 | Branche: Städte & Kantone'),
('8458e69c-f13e-4e2e-aae8-8409a0716019', 'abc0b71d-e2cf-4600-86a9-894d2aba8497', 'KALTAKQUISE', 'ACTIVE', 0, 'Funktion: Leitung Stadtrat (Stadtpräsidium) | Mitarbeiter: 101 bis 500 | Branche: Städte & Kantone'),
('214204f7-04ad-4d72-bad6-9d8a7b4bf8f3', 'eb4c28e1-8f1c-41eb-b013-742125c95633', 'KALTAKQUISE', 'ACTIVE', 0, 'Funktion: Geschäftsführer/in (CEO) | Mitarbeiter: 21 bis 50 | Branche: Energieversorger'),
('e8ab5bc6-1a36-4900-b5b7-82cc11471cac', '27f0c011-ea17-4970-bd2d-1e4b4299bc23', 'KALTAKQUISE', 'ACTIVE', 0, 'Funktion: Leitung Stadtrat (Stadtpräsidium) | Mitarbeiter: 101 bis 500 | Branche: Städte & Kantone'),
('e076bbae-c942-4ee8-a1e1-179294820065', '5e38de9e-1469-4af4-9913-7081a1880530', 'KALTAKQUISE', 'ACTIVE', 0, 'Funktion: Leitung Stadtrat (Stadtpräsidium) | Mitarbeiter: 101 bis 500 | Branche: Städte & Kantone'),
('8dc4003f-95b0-4a09-aebe-a08ceb30dcf8', '66370992-9b28-4bde-bc1c-df7b1ea04f8a', 'KALTAKQUISE', 'ACTIVE', 0, 'Funktion: Leitung Stadtrat (Stadtpräsidium) | Mitarbeiter: Mehr als 500 | Branche: Städte & Kantone'),
('ff72f0bf-51c3-4372-837c-24462d0c16e6', '5bb465b1-4b9b-464f-89d5-200d8b3e1e41', 'KALTAKQUISE', 'ACTIVE', 0, 'Funktion: Leitung Stadtrat (Stadtpräsidium) | Mitarbeiter: 101 bis 500 | Branche: Städte & Kantone'),
('c2a9369a-cc8c-4697-8008-3f43715782f7', 'adb3e985-383d-4352-a8bd-efa7687efa0e', 'KALTAKQUISE', 'ACTIVE', 0, 'Funktion: Geschäftsführer/in (CEO) | Mitarbeiter: 21 bis 50 | Branche: Online Shops'),
('56ec5df2-86c8-4f13-978c-14dfbc491e5b', 'c03f0635-6d38-472f-ad58-97fe05f8bbd4', 'KALTAKQUISE', 'ACTIVE', 0, 'Funktion: Geschäftsführer/in (CEO) | Mitarbeiter: 1 bis 10 | Branche: Architekturbüros | Rechtsform: Gesellschaft mit beschränkter Haftung'),
('8261d225-a38b-4920-82ac-7cb23327d7f4', '0e7d5b07-9767-42cb-ab1d-15a5a576bd25', 'KALTAKQUISE', 'ACTIVE', 0, 'Funktion: Leitung Stadtrat (Stadtpräsidium) | Mitarbeiter: 101 bis 500 | Branche: Städte & Kantone'),
('33bde16d-0d34-4f83-a062-af96b9251400', '88e4b782-82e6-4945-9108-9455e9951b5c', 'KALTAKQUISE', 'ACTIVE', 0, 'Funktion: Gesamtleitung/Direktion | Mitarbeiter: 51 bis 100 | Branche: Städte & Kantone / Energieversorger'),
('ff132802-c604-4f60-8387-04bbdedfb99d', '20908756-4e24-4876-8c4c-1abad6beebe3', 'KALTAKQUISE', 'ACTIVE', 0, 'Funktion: Leitung Stadtrat (Stadtpräsidium) | Mitarbeiter: 51 bis 100 | Branche: Städte & Kantone'),
('6ccb5ae0-2f76-4a3c-87bb-c6b8d382a719', 'bf3eee0e-6aa9-4bc9-9f94-28448769ca80', 'KALTAKQUISE', 'ACTIVE', 0, 'Funktion: Leitung Stadtrat (Stadtpräsidium) | Mitarbeiter: 21 bis 50 | Branche: Städte & Kantone'),
('e00152ef-3e5c-4414-b580-236b55bbedb0', '913475e5-c527-4f1b-b78d-e363cd7a2cec', 'KALTAKQUISE', 'ACTIVE', 0, 'Funktion: Leitung Stadtrat (Stadtpräsidium) | Mitarbeiter: 101 bis 500 | Branche: Städte & Kantone'),
('9444096a-99f2-437c-a676-d9aa27a9605c', 'a1604260-8b7b-473a-b312-606a21c56ac7', 'KALTAKQUISE', 'ACTIVE', 0, 'Funktion: Leitung Stadtrat (Stadtpräsidium) | Mitarbeiter: Mehr als 500 | Branche: Städte & Kantone'),
('27b29d52-4a13-4c45-9efc-5da7f94949d0', '69b61013-8bba-474b-8151-b47b91c11f3b', 'KALTAKQUISE', 'ACTIVE', 0, 'Funktion: Leitung Stadtrat (Stadtpräsidium) | Mitarbeiter: 21 bis 50 | Branche: Städte & Kantone');

INSERT INTO lead_tags (lead_id, tag_id) VALUES
('b2a8290d-8d77-45ee-9bf7-862fddac627e', 'ka-b2b'),
('3fd55bb8-9b1c-465f-913a-f0d07100283a', 'ka-b2b'),
('e424d04f-a165-4c70-a09a-449202aaf931', 'ka-b2b'),
('e056ed82-f6db-4bf3-b002-5b1f4d4a73f8', 'ka-b2b'),
('7084dfe6-bcfc-4b9d-9c1e-3470d9132580', 'ka-b2b'),
('d313dfdd-4cd5-4c5e-bab6-73a5e7d71d66', 'ka-b2b'),
('d9d48cbf-f625-4e7d-883d-745ba9f45e6f', 'ka-b2b'),
('9f8f0585-25e1-4b4b-a7f7-d8c4fb340449', 'ka-b2b'),
('ed26ad55-a576-4070-823b-be921b662154', 'ka-b2b'),
('cc5bc9e8-602a-4b5e-829c-f03c95c242da', 'ka-b2b'),
('84d2b0af-8689-4035-b337-2c1cdd27c291', 'ka-b2b'),
('cfbb3ff4-ac1c-438d-a519-3d0edf4f41a1', 'ka-b2b'),
('fd177f32-26c2-411e-8315-5fdb3f3e1204', 'ka-b2b'),
('a4f7971b-a63c-41e4-a340-49da1c5109b6', 'ka-b2b'),
('3d395f7a-2199-4166-b563-a8c87afc3e33', 'ka-b2b'),
('de8fa904-b445-4076-b539-b53e3a8f0548', 'ka-b2b'),
('baf3b574-d661-4881-a47a-65a17b99fb8b', 'ka-b2b'),
('9fef5cc9-b8aa-450b-b247-f7dfd05ffe7a', 'ka-b2b'),
('a0a6382b-1e1c-420a-ba89-4cba3d42d565', 'ka-b2b'),
('775307f6-1ad0-458d-83fe-f9297992cfe8', 'ka-b2b'),
('31c5cc04-0a10-4ec1-a71a-226f93df10ab', 'ka-b2b'),
('702e2552-4900-4370-9bd6-7175fbb63ca2', 'ka-b2b'),
('4c500688-923b-416d-8d58-8453d5c4317e', 'ka-b2b'),
('67a8c8dc-bb6a-443e-a683-98240a253e69', 'ka-b2b'),
('87f8edd3-abf6-4fbe-a031-bb85440ad14a', 'ka-b2b'),
('488f48ec-02d3-4f5d-a668-9079c111bce0', 'ka-b2b'),
('b95b1314-e2ea-47ee-84fe-168aaf9a2c05', 'ka-b2b'),
('b5f60aa9-9e08-444f-ab08-dca53d162851', 'ka-b2b'),
('009eccda-38f6-42d8-9752-e713664b52b8', 'ka-b2b'),
('f494b209-67c5-4896-bd96-4b2ffdfc35c4', 'ka-b2b'),
('c199e2c3-ab90-4f73-84cd-fd76e7486f0f', 'ka-b2b'),
('3063c7d9-e746-4645-a21c-edbd0c8df632', 'ka-b2b'),
('25e33061-b734-456d-9301-112c854e4587', 'ka-b2b'),
('b3d086b0-8198-40aa-bbe4-85f212e9a657', 'ka-b2b'),
('65f1265a-3d7f-4465-b200-810e2326dbb7', 'ka-b2b'),
('4c2308b0-d3fc-4404-8f5d-91b376808c3c', 'ka-b2b'),
('507381cb-8c46-4069-a416-7ce8eaf23166', 'ka-b2b'),
('6a3a225c-6421-48bd-a6ce-01180408a8b0', 'ka-b2b'),
('ad1912cb-6510-4e43-ab5b-c6e60e50505b', 'ka-b2b'),
('3b23a886-0894-4b12-8837-f4daab66bb31', 'ka-b2b'),
('c6cd9a82-aedf-405c-ac77-5a23f5e5d758', 'ka-b2b'),
('45ad9ab4-374d-4fd3-80c5-fd56b9c5a363', 'ka-b2b'),
('416bbdfd-83fd-4dbb-91f1-b67183ba9e58', 'ka-b2b'),
('351328ae-e0d8-4e3a-935a-61b1246844fe', 'ka-b2b'),
('8d62cac4-6650-41a4-9a5e-f84d04bd422d', 'ka-b2b'),
('97bc45d8-dee1-41a7-a9c5-5122fe8f17a1', 'ka-b2b'),
('22958bfc-b0e2-4344-a713-256e00a7b571', 'ka-b2b'),
('2c11dbe0-d17e-4af4-807d-7c6c5d18843d', 'ka-b2b'),
('974cdc9e-3f64-465f-b5f2-372e7c77c6a1', 'ka-b2b'),
('4753bd32-9eef-4f66-a432-16182a707e11', 'ka-b2b'),
('7962d280-2087-464a-bb63-a946f2cff5a5', 'ka-b2b'),
('7b4f42c1-b52f-4392-85e1-dbfdc61043ad', 'ka-b2b'),
('860b9c40-cb10-4fbf-b477-c3cbe3eee2eb', 'ka-b2b'),
('77aaf097-3787-4a6f-93d4-470490fc3474', 'ka-b2b'),
('31b8823b-7fc2-442a-aade-b95b1350df6d', 'ka-b2b'),
('5e073587-253d-46e5-bfa7-4c939b731d80', 'ka-b2b'),
('c01a8cc6-8c27-45b2-a40d-602fdc1e73c7', 'ka-b2b'),
('4c299c70-c2ce-49f5-92fb-a4112e4499c1', 'ka-b2b'),
('738cb011-52df-4bb1-853c-c3ce9547626c', 'ka-b2b'),
('202b63a0-5117-4753-aaeb-945a637c0b75', 'ka-b2b'),
('2f59c88b-b5a1-4925-b1b3-e66df9a847c8', 'ka-b2b'),
('cd151eeb-f052-4bd1-9761-258312c936be', 'ka-b2b'),
('cf97e68c-4a2f-4762-9b9f-ff6c884107ab', 'ka-b2b'),
('27d67d2a-d333-421d-904c-7a7ffed9075c', 'ka-b2b'),
('75680a5e-38ae-4c3b-a649-27ce7eacbe9f', 'ka-b2b'),
('976b4341-7b8b-4f78-80f8-dfbf0ce7f614', 'ka-b2b'),
('896e282b-f0d4-4055-bfdb-a0b5ac1537c8', 'ka-b2b'),
('33f9d3ef-1bc8-4fd7-9f50-d189b9d9eba0', 'ka-b2b'),
('7d3b532c-bb2c-41e1-9cf0-398a021731cf', 'ka-b2b'),
('a566653a-fda7-4535-8412-863273c8a19f', 'ka-b2b'),
('72f6da2a-d114-4c13-bc7e-3456ff53e0a4', 'ka-b2b'),
('3d119bea-c509-4c20-8b07-1bdfd059672e', 'ka-b2b'),
('28353867-d4ff-4422-8a19-f774f1f8ccc2', 'ka-b2b'),
('92944ca4-b15b-4493-bc17-8221c0a29295', 'ka-b2b'),
('ab94cde7-5a43-4c03-8301-8330c722f40f', 'ka-b2b'),
('31914e81-cf3b-4bfb-8a25-996736205db0', 'ka-b2b'),
('97204fda-6342-4700-a17f-6ebe05ae37f0', 'ka-b2b'),
('70bfa3f9-af46-4592-951f-d4dfe75f3432', 'ka-b2b'),
('cedfff63-f3f8-4080-ba86-945c32dfa653', 'ka-b2b'),
('2779b90e-d314-492e-95a4-6f85b3f0117a', 'ka-b2b'),
('b5ef2d6e-0c2b-4e69-8c60-7490d78240f2', 'ka-b2b'),
('84f78712-3246-4258-a97c-fd730c1f95b2', 'ka-b2b'),
('beb02a30-bcd0-40cf-9a00-4f89fbd2d1a3', 'ka-b2b'),
('708af9b6-bfd7-4f8e-9c63-915a53556345', 'ka-b2b'),
('1d023d0f-033c-4d34-b87f-3065f4125b51', 'ka-b2b'),
('568e1197-3115-4fa1-a39f-e56a989b47db', 'ka-b2b'),
('13951960-f249-4870-a4cd-29ce83619098', 'ka-b2b'),
('8ad175aa-770d-42cc-84b9-dfbe8a0b2c85', 'ka-b2b'),
('0abb15fc-103b-4947-9bbe-6b56d2f99bbc', 'ka-b2b'),
('bf963f8c-b0bc-4067-b00c-f6b7840c062c', 'ka-b2b'),
('b442cf3f-bfb4-4053-9a99-506ed5534124', 'ka-b2b'),
('01cca713-cb0c-4887-b1f4-ae5e1a53c67c', 'ka-b2b'),
('e0a8fc00-0e65-45d1-a8ca-0975197bf7e9', 'ka-b2b'),
('c403b342-c73c-4693-b771-97929e7643c1', 'ka-b2b'),
('49236214-58d0-4853-b70c-afd488dcf056', 'ka-b2b'),
('fff1255a-8b93-491a-8ff1-42fd603e7a4e', 'ka-b2b'),
('4f939a6b-651d-42ca-a2cf-f499e4f1498c', 'ka-b2b'),
('fda1d8a8-7712-485f-b759-499a6f3f8eee', 'ka-b2b'),
('80586227-00d6-4dc2-9e6c-ab2a733bedc5', 'ka-b2b'),
('fc497431-67bf-4aa0-9300-421dcda9710b', 'ka-b2b'),
('d7e1cf36-8986-4d3a-bc70-04bb0d314de5', 'ka-b2b'),
('f96e09d0-d43a-4a98-a633-95941c2c70ad', 'ka-b2b'),
('219afae5-bb5a-40dd-8c31-6f087ebb53e2', 'ka-b2b'),
('8503bf68-f380-46e5-b720-575bafa42958', 'ka-b2b'),
('3e84b4fd-b7d8-459a-9833-8810123ba8cc', 'ka-b2b'),
('aa1b4155-6d4c-46d5-9540-5f86a3a648bb', 'ka-b2b'),
('d35f260f-c500-4900-bc70-c274009a6517', 'ka-b2b'),
('68ae0273-84d0-45c5-8775-bdbf81c53308', 'ka-b2b'),
('889de33a-b07e-4ec0-b856-8c437d75e878', 'ka-b2b'),
('9ad57f62-ac64-4e02-8443-aa39c16d6f62', 'ka-b2b'),
('bdcac608-0b61-475d-8287-73784d30943f', 'ka-b2b'),
('ae3e7463-388c-438e-ac3b-ed4c25ca6e6d', 'ka-b2b'),
('1cb4e9c9-855e-48b3-bf48-46ca62eeec71', 'ka-b2b'),
('d9133f8a-7dae-4e19-8bc2-54e460a28e3a', 'ka-b2b'),
('a6249680-849e-425e-b292-6d32b5b01a2b', 'ka-b2b'),
('090a3b98-f716-45b1-ad21-47ca7ca0b3b8', 'ka-b2b'),
('9f4e89d1-aa9e-4725-b77e-a98ffeae9b31', 'ka-b2b'),
('ec3ca8f2-0543-47c7-a34e-9bbf30fdb9a9', 'ka-b2b'),
('f154cb2e-2d92-4358-a0af-c9fa44177895', 'ka-b2b'),
('1ca292a1-d1e3-43e8-ad1c-a2ccd7ecda27', 'ka-b2b'),
('cbb73c96-5942-4193-9b1c-311654eb026e', 'ka-b2b'),
('47a63301-2845-4015-98ca-3232bebb729f', 'ka-b2b'),
('ef11e7fa-b530-4b90-a14e-7cac93c08496', 'ka-b2b'),
('49d08a97-bf57-4dff-a47c-60fdaa63af63', 'ka-b2b'),
('4d283715-540e-42df-b0c0-bc222214328e', 'ka-b2b'),
('252b146e-9714-4566-abb7-2cf14c930fea', 'ka-b2b'),
('8564528f-8d62-4b98-a17c-1bc637b32e00', 'ka-b2b'),
('e02aaa99-ec11-4a05-bc1f-abbad11b9d86', 'ka-b2b'),
('4ccea399-ff56-47bb-8b9d-28fbe475b064', 'ka-b2b'),
('8fcc7506-2799-46d4-a0ce-28eafc7a0fbf', 'ka-b2b'),
('0dbd66a3-b24f-4ef5-82fd-ab11d9e2c815', 'ka-b2b'),
('f004337f-7938-4a70-b206-633c45cc2781', 'ka-b2b'),
('2d95e5d6-3608-4bb9-9451-e3d0912eae1f', 'ka-b2b'),
('e528f13e-932d-4bc3-b757-849b034c8563', 'ka-b2b'),
('68d18f5d-3906-461b-a081-5651d6c55f87', 'ka-b2b'),
('4705b859-a889-4d0c-8d30-5c38647dcad3', 'ka-b2b'),
('75b3ac8c-c2a8-43da-b673-042a5804fc33', 'ka-b2b'),
('5e702c16-a458-48b6-8ebe-125ae69de7ad', 'ka-b2b'),
('58748652-f677-4fae-bcbc-312ce86e2fc6', 'ka-b2b'),
('57b0379a-2778-4f25-8ea4-9134c8fe6c2c', 'ka-b2b'),
('192cf111-911f-46a2-96bd-24c36e27f522', 'ka-b2b'),
('5469224a-7863-4e2e-be09-332e08dc97bf', 'ka-b2b'),
('f4535822-44fe-4948-a5f1-4c8ef569f712', 'ka-b2b'),
('7752954a-6c55-4e61-86db-41ffe0c0e8f8', 'ka-b2b'),
('3cb55bc0-c850-45ed-97b8-4254c6212653', 'ka-b2b'),
('287faed3-fdba-4691-aba4-90a7ea0015a8', 'ka-b2b'),
('e96adcda-1096-472e-8c0a-cd13548681d9', 'ka-b2b'),
('d2e298ff-89d7-4f49-81e0-7b897fb08e34', 'ka-b2b'),
('e9aecc9b-adf0-4e2d-a9cb-87b21e362b26', 'ka-b2b'),
('4c2cd84a-dd4c-4b77-a1e7-39dcc814ebaa', 'ka-b2b'),
('bcaf7b3e-39e9-4c87-abc9-2ffc89fccf16', 'ka-b2b'),
('712454e0-0601-4d03-baf6-e955f8bc423e', 'ka-b2b'),
('16b33f04-b22e-47c8-bc75-bb08388a8606', 'ka-b2b'),
('1b8fdaeb-aee0-4fd7-be2e-be974cc267bf', 'ka-b2b'),
('aaee1b81-9ff7-41e1-bb3f-129752cc8000', 'ka-b2b'),
('57316075-ab5e-43c4-823c-2249f8b5c1ae', 'ka-b2b'),
('8fdb3a16-3420-4cb2-9edd-d0bcf33680ad', 'ka-b2b'),
('31c368c7-134a-48db-9982-4ddf6b624349', 'ka-b2b'),
('1b3ec383-a399-408a-b8cf-cbe08a3fc737', 'ka-b2b'),
('c11db7cd-f03f-4da5-803e-9125631f8244', 'ka-b2b'),
('0b936a9c-4548-43d4-a5e8-45f64251bf11', 'ka-b2b'),
('7636a2f8-d7ea-46a0-874b-29c71da98174', 'ka-b2b'),
('72ed5ae7-3975-4aa4-8d5d-d42e9fad4a28', 'ka-b2b'),
('8436d7fb-9e17-404f-829a-2c0e5dfaa056', 'ka-b2b'),
('7615ecb7-bf0f-4bb7-a9a7-82166541c5f9', 'ka-b2b'),
('4a955ea2-9c79-4414-83e2-7bc63e72ff40', 'ka-b2b'),
('918c04ed-280a-4531-918e-4e7f10dec46a', 'ka-b2b'),
('37aeceac-b93f-414e-9877-00702763e266', 'ka-b2b'),
('ce2546b0-d750-49dd-989d-ea5b8b74cf2b', 'ka-b2b'),
('a6dae9e9-286c-4e37-b8c5-4dbf7c068aa9', 'ka-b2b'),
('448af731-4c2a-4867-ae37-003ff9feaf6f', 'ka-b2b'),
('f0f4e16f-8aba-477a-b2a6-e21b9e607b60', 'ka-b2b'),
('09fda12f-90f4-40f8-b17e-c06f3492bfb4', 'ka-b2b'),
('3f36a493-b78e-41d9-bd6c-4913e8c21e7d', 'ka-b2b'),
('4a187ff6-aa4a-42ff-8bd2-1e4cba254e0e', 'ka-b2b'),
('ba831afa-72a8-4304-844e-70de1d10f95b', 'ka-b2b'),
('90577a91-5041-4366-b5e9-395af9ec6ea1', 'ka-b2b'),
('7cc91e58-d60e-4de7-a172-218fee547fd6', 'ka-b2b'),
('4c89a13a-c874-4730-9d2f-cf3302fa66d6', 'ka-b2b'),
('d69bf65b-9cff-4cb6-99f9-37296ea2f382', 'ka-b2b'),
('596817b3-0e7b-4910-9589-a19cd50bce98', 'ka-b2b'),
('6f8b782f-0fb6-4e25-9536-aef0b4d61dcf', 'ka-b2b'),
('0f0db6d5-fe0c-4ce1-a43c-208dc9f0fd91', 'ka-b2b'),
('e68c8e37-6356-4891-92ee-220cdccf0c2f', 'ka-b2b'),
('f35b1312-12da-4f15-8555-214f24f6bcfe', 'ka-b2b'),
('8458e69c-f13e-4e2e-aae8-8409a0716019', 'ka-b2b'),
('214204f7-04ad-4d72-bad6-9d8a7b4bf8f3', 'ka-b2b'),
('e8ab5bc6-1a36-4900-b5b7-82cc11471cac', 'ka-b2b'),
('e076bbae-c942-4ee8-a1e1-179294820065', 'ka-b2b'),
('8dc4003f-95b0-4a09-aebe-a08ceb30dcf8', 'ka-b2b'),
('ff72f0bf-51c3-4372-837c-24462d0c16e6', 'ka-b2b'),
('c2a9369a-cc8c-4697-8008-3f43715782f7', 'ka-b2b'),
('56ec5df2-86c8-4f13-978c-14dfbc491e5b', 'ka-b2b'),
('8261d225-a38b-4920-82ac-7cb23327d7f4', 'ka-b2b'),
('33bde16d-0d34-4f83-a062-af96b9251400', 'ka-b2b'),
('ff132802-c604-4f60-8387-04bbdedfb99d', 'ka-b2b'),
('6ccb5ae0-2f76-4a3c-87bb-c6b8d382a719', 'ka-b2b'),
('e00152ef-3e5c-4414-b580-236b55bbedb0', 'ka-b2b'),
('9444096a-99f2-437c-a676-d9aa27a9605c', 'ka-b2b'),
('27b29d52-4a13-4c45-9efc-5da7f94949d0', 'ka-b2b');
