-- Batch 422 (200 records)
INSERT INTO contacts (id, first_name, last_name, email, phone, company, address) VALUES
('e9ac15aa-186f-4c87-af52-9c5c92b7f39a', 'Albert', 'Studer', 'skr.technik@bluewin.ch', '079 880 20 10', 'Studer & Krähenbühl AG', 'Cheesturmweg 25, 4624 Härkingen, Solothurn'),
('0cca25ee-25ba-429d-ab01-e885549e4c95', 'Jonas', 'Studer', 'info@eisenmaenner.ch', '079 288 60 92', 'Studer & Staub Metallbau GmbH', 'Deitingenstrasse 19, 4542 Luterbach, Solothurn'),
('84f52456-e134-4f26-8da0-27d1a36ec80a', 'Peter', 'Studer', 'info@studar.ch', '062 291 36 36', 'Studer Architekturbüro GmbH', 'Kürzestrasse 13, 4658 Däniken, Solothurn'),
('feab8432-de86-48d4-9620-524e69d9140d', 'Andreas', 'Studer', 'a.studer@studer-bauengineering.ch', '061 741 22 02', 'Studer Bauengineering GmbH', 'Hauptstrasse 74, 4204 Himmelried, Solothurn'),
('6aeb9c86-3c7b-48a4-8783-37a7e0d1d319', 'Hanspeter', 'Studer', 'studis6@bluewin.ch', '079 706 89 17', 'Studer Baukeramik GmbH', 'Eigenstrasse 6, 6260 Reiden, Luzern'),
('a14a93af-20fe-46b6-9d62-f43356cb5f84', 'Bruno', 'Studer', 'info@studer-bautechnik.ch', '062 398 14 53', 'Studer Bautechnik AG', 'Cheesturmweg 21, 4624 Härkingen, Solothurn'),
('6c2699fe-a899-4c8b-819a-e9aadbca9343', 'Gerhard', 'Bialek', 'studerdruck@bluewin.ch', '062 855 06 30', 'Studer Druck Gränichen AG', 'Vorstadtstrasse 23, 5722 Gränichen, Aargau'),
('52a7f95a-e838-4047-bb91-01c47e703409', 'Roger', 'Studer', 'info@studerelektro.ch', '044 737 11 66', 'Studer Elektro AG', 'Zürcherstrasse 17, 8903 Birmensdorf, Zürich'),
('cacae74f-ec2a-42df-b379-39b0fe38c912', 'Thomas', 'Weber', 'thomas.weber@studer-engineering.ch', '032 510 71 70', 'Studer Engineering GmbH', 'Thurgauerstrasse 56, 8050 Zürich, Zürich'),
('6b68b3a7-49b7-405d-8f19-2c2c2da555c7', 'Roger', 'Dahinden', 'roger.dahinden@elektro-studer.ch', '041 910 15 10', 'Studer Erwin Elektro AG', 'Neudorfstrasse 2, 6027 Römerswil, Luzern'),
('4ab0c7a5-ced5-4260-8a26-a211372d71c5', 'Roger', 'Studer', 'info@studerfamilyoffice.com', '041 553 89 78', 'Studer Family Office AG', 'Zentrum Staldenbach 3, 8808 Pfäffikon, Schwyz'),
('c3bfc5f0-c4bf-426f-b482-a492b80019d2', 'Thomas', 'Studer', 'studer.gartenbau@ggs.ch', '032 636 33 13', 'Studer Gartenbau AG', 'Mühlegasse 1, 4537 Wiedlisbach, Bern'),
('f5287ebc-6b89-4dc9-b0f1-3ed7307e19f2', 'Michael', 'Studer', 'studer@solothurn-gt.ch', '032 517 51 51', 'Studer Gebäudetechnik GmbH', 'Weissensteinstrasse 88, 4500 Solothurn, Solothurn'),
('a6f11e8f-542d-4062-bf07-c87a48b98ae4', 'Roland', 'Studer', 'studer@holzraumwerk.ch', '032 665 32 45', 'studer holz raum werk gmbh', 'Eystrasse 24, 3427 Utzenstorf, Bern'),
('cf68b2cc-1842-462e-b843-6d10ecbfb72c', 'Reto', 'Studer', 'info@s-holzdesign.ch', '079 524 90 67', 'Studer Holz-Design GmbH', 'Wolhuserstrasse 13, 6122 Menznau, Luzern'),
('cfa1b282-8011-4a0c-b829-676c1d23dc1e', 'Michael', 'Studer', 'michael.studer@studer-immobilien.ch', '062 205 70 77', 'Studer Immobilien Treuhand AG', 'Dornacherstrasse 29, 4601 Olten, Solothurn'),
('46f655e4-b7c2-44cc-8e7e-1c4571d97ed4', 'Cyprian', 'Marti', 'c.marti@studer-ag.com', '041 260 27 17', 'Studer Innenausbau AG', 'Staldenhof 1a, 6014 Luzern, Luzern'),
('8a96102e-e121-4224-98fd-8986c2798fa0', 'Beat', 'Studer', 'studer@slbs.ch', '078 763 96 41', 'studer laserbeschriftung & stickerei', 'Mitteldorf 283, 3864 Guttannen, Bern'),
('f881e05b-fbde-4743-9dfb-3312e9cee184', 'Marcel', 'Studer', 'gartenbaustuder@bluewin.ch', 'N.a.', 'Studer Marcel Gartenbau', 'Hochgasse 22, 4632 Trimbach, Solothurn'),
('b3e5e2e4-85f9-4c31-a3d7-4f5e014f34be', 'Jürg', 'Studer', 'info@hunziker-schneepfluege.ch', '056 443 10 50', 'Studer Maschinen- und Fahrzeugbau AG', 'Industriestrasse 16, 5106 Veltheim, Aargau'),
('92b99e73-0a1e-4a72-80e0-ca0c0c76d12c', 'Beat', 'Studer', 'studer@studermetallbau.ch', '033 849 13 43', 'Studer Metallbau', 'Talackerweg 1, 3853 Niederried b. Interlaken, Bern'),
('277cfef1-889f-439e-a4a2-7bb4631ac3a2', 'Hansruedi', 'Schmid', 'info@studer-modellbauplaene.ch', 'N.a.', 'Studer Modellbaupläne', 'Nasenweg 11, 4052 Basel, Basel-Stadt'),
('ee5f0ab3-8197-4da4-bace-7c0526471691', 'Severin', 'Studer', 'info@studermontagen.ch', '079 594 39 79', 'Studer Montagen GmbH', 'Chilchweg 354, 5078 Effingen, Aargau'),
('c411179a-1618-43ab-b30d-1186bafa6d91', 'Daniel', 'Studer', 'info@studer-natursteinarbeiten.ch', '031 702 12 04', 'Studer Natursteinarbeiten', 'Waldeckweg 6, 3508 Arni, Bern'),
('3b959986-909e-4615-bc5e-87eb9a20a31e', 'Tobias', 'Akermann', 'tobias.akermann@studerpartnerag.ch', '078 655 21 25', 'Studer Partner AG', 'Neuenkirchstrasse 19, 6203 Sempach, Luzern'),
('75588a61-42d6-4655-9c91-973715053e0c', 'Thomas', 'Studer', 'studer-sm@bluewin.ch', '044 737 12 93', 'Studer Schleifmittel GmbH', 'Schulhausstrasse 4, 8903 Birmensdorf, Zürich'),
('ae25ed2c-5053-4084-b9da-1f90af48dbbf', 'Peter', 'Studer', 'info@studer-schreinerei.ch', '079 524 18 11', 'Studer Schreinerei GmbH', 'Under-Schwarzenegg 251, 3453 Heimisbach, Bern'),
('891382c4-a3b0-4d88-92a3-6f2ad838644e', 'Zulfija', 'Fazlija', 'info@studershk.ch', '044 301 22 66', 'Studer SHK GmbH', 'Aspstrasse 6, 8154 Oberglatt, Zürich'),
('d07fc49e-5bac-41e4-8697-803383d356ad', 'Lothar', 'Studer', 'lothar.studer@studer-soehne.ch', '027 948 13 13', 'Studer Söhne Elektro AG', 'Pomonastrasse 6, 3930 Visp, Wallis/Valais'),
('db0960b3-5839-4e2e-bf22-39b92b4107b2', 'Damian', 'Studer', 'damian.studer@studer-treuhand.ch', '071 917 18 55', 'Studer Treuhand GmbH', 'Werkstrasse 4, 9542 Münchwilen, Thurgau'),
('da04c189-e092-441a-86f2-e15c90b5a864', 'David', 'Studer', 'david.studer@studer-engadin.ch', '081 833 48 77', 'Studer Treuhand St. Moritz AG', 'Via Surpunt 12, 7500 St. Moritz, Graubünden'),
('7b2ea77f-7db5-47e2-b14b-8318008c8f6f', 'Adrian', 'Studer', 'adrian.studer@bluewin.ch', '079 694 71 40', 'Studer Wohnklima GmbH', 'Schlachthofstrasse 6, 8406 Winterthur, Zürich'),
('a063a8c9-5584-48da-82c6-e3c75d97c50d', 'Daniel', 'Studer', 'info@studersond.ch', '033 341 25 36', 'Studersond AG', 'Kalberweid 139, 3635 Uebeschi, Bern'),
('b5ed2534-7f31-4670-ae31-d734a9ffc3d7', 'Andreas', 'Piatti', 'piatti@stht.ch', '071 433 11 38', 'Studerus Haustechnik GmbH', 'Trön 8, 9225 St. Pelagiberg, Thurgau'),
('1d1f8013-5b28-4094-8288-1ee8ad27db48', 'Kurt', 'Studerus', 'info@studerus-holzbau.ch', '079 540 50 04', 'Studerus Holzbau GmbH', 'Arneggerstrasse 22a, 9205 Waldkirch, St. Gallen'),
('75d98207-fce4-48e6-a061-c7759c5cfedc', 'Patrick', 'Studerus', 'rtv_studerus@bluewin.ch', '071 477 26 22', 'Studerus Radio-TV GmbH', 'Alte Poststrasse 1, 9315 Winden, Thurgau'),
('182095d9-cf2b-44d8-96f9-c285849e20c0', 'Thomas', 'Studhalter', 'thomas@studhalter-transporte.ch', '078 855 70 40', 'Studhalter Transporte', 'Wegmattstrasse 23, 6048 Horw, Luzern'),
('5cb8f427-4d0c-4bd0-8ad2-86a4c8d961f0', 'Micheline', 'Müller', 'micheline.mueller@studiladen.com', 'N.a.', 'Studiladen GmbH', 'Frohburgstrasse 3, 6002 Luzern, Luzern'),
('d0eb8161-8fb0-4460-bef3-d228102e948e', 'Sarina', 'Lehmann-Wermuth', 'info@undsarina.ch', '079 690 88 79', 'Studio &Sarina', '9315 Neukirch (Egnach), Thurgau'),
('50b4ab24-8c5d-4e62-980f-7c8123888469', 'Monika', 'Schönenberger', 'monika.schoenenberger69@gmail.com', '078 660 80 13', 'Studio 13', 'Unterpuntstrasse 13b, 8636 Wald, Zürich'),
('e7dff6bc-d624-418d-87fd-c0654d180232', 'Kathrin', 'Sieber', 'info@zweischoen.ch', '079 348 34 43', 'Studio 2Schön-The Beautylounge', 'Frutigenstrasse 21, 3600 Thun, Bern'),
('a70fd8df-8435-472b-8981-e32cb442d6c5', 'Angelika', 'Angerstein', 'info@aa-permanent.ch', '079 341 89 88', 'Studio AA Permanent Beauty', 'Huobmattstrasse 6, 6045 Meggen, Luzern'),
('1dd97d9e-6eb3-45bb-a5c3-75be983da4cb', 'Salome', 'Egli Staub', 'salome@abasan-massagepraxis.ch', '079 641 89 40', 'Studio Abasan Massagepraxis', 'Heerstrasse 17d, 8635 Dürnten, Zürich'),
('7006ba42-8212-4a06-8bfd-35abe05c4c24', 'Jenifer', 'Niederhauser', 'jenifer.niederhauser@abcbeauty.ch', '032 623 30 50', 'Studio ABCBeauty Ambassador Beauty Care', 'Bleichenbergstrasse 35, 4562 Biberist, Solothurn'),
('8aa33c66-e561-4139-be35-32af75abbd8e', 'Christine', 'Büchel', 'allaboutbeauty@bluewin.ch', '079 843 10 40', 'Studio About Beauty', 'Friedaustrasse 17, 8003 Zürich, Zürich'),
('6f709cf3-10d7-4c18-8711-e3ed175e9595', 'Eliane', 'Soares', 'info@abricot-kosmetik.ch', '043 366 92 03', 'Studio Abricot-Kosmetik GmbH', 'Limmatstrasse 206, 8005 Zürich, Zürich'),
('7a89f86c-4cbd-46b4-bec0-47311913e788', 'Angela', 'Cafarelli', 'accosmeticsi@gmail.com', '078 720 05 34', 'Studio AC Cosmetic', 'Bützenenweg 22, 4450 Sissach, Basel-Land'),
('93845de4-7b40-420c-be64-a85180e4d3c0', 'Monika', 'Amstutz', 'info@acosmetic.ch', '079 877 30 20', 'Studio Acosmetic', 'Stöberstrasse 22, 4055 Basel, Basel-Stadt'),
('434ecd8b-7463-46d1-8282-17a54c3edd7b', 'Andrea', 'di Liberto-Kessler', 'a-cosmetics@bluewin.ch', '076 397 72 43', 'Studio A-Cosmetics', 'Felsenstrasse 99, 9000 St. Gallen, St. Gallen'),
('9f96b83e-9693-474d-a36f-397c4823a083', 'Cristina', 'Musco', 'contact@studioacris.ch', '079 664 95 15', 'studio acris GmbH', 'Bundesstrasse 17, 6300 Zug, Zug'),
('1924bce7-ed15-4fd9-b2c6-48cd6b16abc7', 'Ana', 'Dilevschaia', 'dilevschaia@hotmail.com', '078 674 77 37', 'Studio AD Cosmetics', 'Zürichstrasse 28, 8306 Brüttisellen, Zürich'),
('33207c61-3184-40c0-854d-c5078206c0e8', 'Alice', 'Müller', 'salon@admontes-cosmetics.ch', '081 783 17 18', 'Studio Ad Montes Cosmetics', 'Poststrasse 44, 9478 Azmoos, St. Gallen'),
('77e50e37-a3c8-47da-be2c-4498bbd3208e', 'Mariana', 'Wigger', 'reservation@addict-beauty.ch', '044 240 04 04', 'Studio Addict Beauty', 'Kanzleistrasse 95, 8004 Zürich, Zürich'),
('26f334d8-7356-40b4-995d-ce86d27e522c', 'Aika', 'Poletti', 'info@studioae.ch', '076 295 14 42', 'Studio ae', 'Dufourstrasse 49, 8008 Zürich, Zürich'),
('c7866341-ade7-483c-958a-9e44946af5b8', 'Regula', 'Hunziker', 'info@aesthetic-make-up.ch', '071 440 05 26', 'Studio Aesthetic & Beauty Permanent Make-Up', 'Spechtstrasse 6, 9320 Arbon, Thurgau'),
('924dffc0-99e1-44cf-8ebd-70f4a204ecac', 'Tina', 'Zehnder', 'info@aesthetic-care.ch', '076 208 20 00', 'Studio Aesthetic & Care', 'Untere Bahnhofstrasse 24, 8910 Affoltern am Albis, Zürich'),
('400a8b0a-076f-45ce-b97f-e3675118cf36', 'Petra', 'Notz Roth', 'kontakt@aesthetikum.ch', '041 740 16 77', 'Studio Aesthetikum', 'Bahnhofstrasse 55, 6312 Steinhausen, Zug'),
('552bf9b8-9917-44eb-91a1-400f850e7afb', 'Beatrice', 'Schulz', 'hallo@aesthetische-kosmetik.ch', '079 633 17 46', 'Studio Aesthetische Kosmetik', 'Industriestrasse 25, 8610 Uster, Zürich'),
('0278feed-1741-4bcc-b245-5c524d26059e', 'Alberto', 'Grisendi', 'albertogrisendi@bluewin.ch', '071 993 36 76', 'Studio Alberto', 'Kapplerstrasse 17, 9642 Ebnat-Kappel, St. Gallen'),
('0cae140c-33b1-4016-af5a-256ace4383e1', 'Silvia', 'Fischer', 'silviafischer@aldona-kosmetik.ch', '081 756 50 70', 'Studio Aldona Kosmetik', 'Churerstrasse 97, 9470 Buchs, St. Gallen'),
('a9421251-63f4-4758-8865-2530f49f94a3', 'Alejandra Guido', 'Bono Affolter', 'ale-nails@bluewin.ch', '079 635 85 01', 'Studio Ale Nails', 'Bahnhofstrasse 21a, 6340 Baar, Zug'),
('393c68d2-86b3-4c73-a5ba-a9ca19504860', 'Aleksandra', 'Gajic', 'info@aleksandra-hauttherapie.ch', '076 468 15 01', 'Studio Aleksandra Hauttherapie', 'Rheingoldstrasse 14a, 8212 Neuhausen am Rheinfall, Schaffhausen'),
('bc26c129-6c31-44fb-9c42-bbb73bef57d3', 'Alexandra', 'Steinböck', 'asteinboeck@me.com', '077 481 06 02', 'Studio Alex Nails', 'Hofacher 16, 8630 Rüti, Zürich'),
('e79da4b0-04a2-4aa2-abb3-f3fca86d34bb', 'Alicia', 'Lehmann', 'info@lehmanns.ltd', '075 466 44 44', 'Studio Alicia Lehmann Interior & Cosmetics', 'Churerstrasse 21, 8808 Pfäffikon, Schwyz'),
('8f5252f2-6a52-49ea-bbc0-e4527b52f9d4', 'Svetlana', 'Pfenninger', 'info@allaboutbeauty.ch', '041 740 30 25', 'Studio All About Beauty', 'Aegeristrasse 24, 6300 Zug, Zug'),
('57dda265-1f28-48eb-95c5-301eb9dae740', 'Marina', 'Salzgeber', 'kosmetik@allyourskin-salzgeber.ch', '081 252 20 01', 'Studio All Your Skin Salzgeber', 'Bahnhofstrasse 7, 7000 Chur, Graubünden'),
('8d5536b3-dd8a-4afa-915c-03dfd8a47792', 'Sarala', 'Bechter', 'info@aloha-beauty.ch', '078 656 42 01', 'Studio Aloha Beauty', 'Hauptstrasse 89, 4313 Möhlin, Aargau'),
('8c64c9be-777c-470b-a96b-df67d8930813', 'Claudete', 'de Almeida', 'info@alpha-kosmetik.ch', '078 626 09 88', 'Studio Alpha Kosmetik', 'Gottfried-Keller-Strasse 7, 8001 Zürich, Zürich'),
('82cebbcf-acbd-4df9-b6c2-e6796ceb99de', 'Evelyne', 'Tschümperlin', 'info@altstadtkosmetik.ch', '079 475 82 82', 'Studio Altstadt Kosmetik GmbH', 'Weggisgasse 1, 6004 Luzern, Luzern'),
('fe9d45fe-7dd9-4fd7-92b0-495e163f61e9', 'Olga', 'Frei-Rojas', 'frei@amberkosmetik.ch', '079 240 37 16', 'Studio Amber Kosmetik', 'Sonnenbergstrasse 16, 5408 Ennetbaden, Aargau'),
('75107fc1-9c1e-49db-8632-472029f01242', 'Erika', 'Steiner', 'info@ambiente-kosmetik.ch', '062 721 84 81', 'Studio Ambiente-Kosmetik', 'Picardierstrasse 25, 5040 Schöftland, Aargau'),
('5cb81bc1-c53c-4069-92c4-10ca72eb9ab6', 'Amelia', 'Wapf', 'ameliawapfbeauty@gmail.com', '078 682 59 96', 'Studio Amelia Wapf Beauty', 'Grundstrasse 33, 4600 Olten, Solothurn'),
('a3f18cc0-c55c-46cc-90e3-db40c438a88d', 'Ana Maria', 'Sutter Valdez', 'info@anamaria-visagistin.ch', '032 618 03 46', 'Studio Ana Maria Sutter Valdez', 'Wildbachstrasse 8, 4513 Langendorf, Solothurn'),
('936fcfe7-4493-415f-a545-045c3391bcbc', 'Patricia', 'Schoch', 'kontakt@anais-cosmetic.ch', '079 540 18 99', 'Studio Anaïs Cosmetic', 'Hechtstrasse 19, 9053 Teufen, Appenzell Ausserrhoden'),
('21f84c66-c392-476d-b3ec-d329064c5e30', 'Ana', 'Virgen', 'anavirgen@gmx.ch', '076 549 62 15', 'Studio Ana''s Beauty', 'Matthofring 25, 6005 Luzern, Luzern'),
('f720e4e3-8bfb-48da-9749-71453e831aad', 'Andrea', 'Oechsle-Buchli', 'andrea.cosmetics@bluewin.ch', '079 222 09 90', 'Studio Andrea Cosmetics', 'Vordere Gasse 37, 7012 Felsberg, Graubünden'),
('599195e5-2b9a-4b07-8e8d-632a875506d6', 'Andrea', 'Dörig', 'info@meet-and-greet.ch', '079 562 60 61', 'Studio Andrea Dörig Visagist of Mask', 'Rosenhügelstrasse 19, 9200 Gossau, St. Gallen'),
('0cf16e73-009b-44c8-bea2-318f8be558e3', 'Andrea', 'Leuenberger', 'info@andrealeuenberger.ch', '071 446 16 46', 'Studio Andrea Leuenberger', 'Farbgasse 16, 9320 Arbon, Thurgau'),
('56421b54-8310-4316-85b3-fdcdbbc37738', 'Monique', 'Liem', 'mliem@anfangsquell.ch', '076 337 88 68', 'Studio Anfangsquell', 'Lerchenfeldstrasse 21, 9535 Wilen b. Wil, Thurgau'),
('22f74331-8dfa-4a22-8495-e873e3bae4f6', 'Angela', 'Staubli', 'info@angelbeautylounge.ch', '071 910 14 05', 'Studio Angel Beauty Lounge', 'Obere Bahnhofstrasse 11a, 9500 Wil, St. Gallen'),
('6fdedb9a-57d5-4f95-868a-b86c2e5aeecc', 'Angela', 'Güntensperger-Reust', 'angisbeautycorner@gmail.com', '076 490 44 10', 'Studio Angi''s Beautycorner', 'Blumenweg 6, 8956 Killwangen, Aargau'),
('5d732de6-6ed3-4d24-87b0-71c4a2e452ef', 'Silvia', 'Ciciarelli', 'info@anima-is-life.ch', '076 779 58 31', 'Studio Anima is Life GmbH', 'Gattikonerstrasse 127, 8136 Gattikon, Zürich'),
('7b00352e-c87b-4922-aa44-de2046a9fccc', 'Anita', 'Gelin', 'info@anita-gelin.ch', '078 757 20 31', 'Studio Anita Gelin Ganzheitskosmetik', 'Im Schönengrund 17, 8303 Bassersdorf, Zürich'),
('07a17a1b-4eff-411a-bb9b-63a60eb34385', 'Melanie', 'Schneider', 'hallo@stefaniekuhn.ch', '032 622 22 42', 'Studio Anomai-Praxis für Podologie und Kosmetik', 'Gärtnerstrasse 12, 4500 Solothurn, Solothurn'),
('37f61c7b-0e50-43a8-a7ad-e17dd684e9f9', 'Antonella', 'Iannelli', 'info@antonella-kosmetik.ch', '052 222 32 05', 'Studio Antonella-Kosmetik', 'Rebenweg 40, 8408 Winterthur, Zürich'),
('d2dc6ceb-095b-4988-a921-5348f0ff0b35', 'Antonietta', 'Pirozzo', 'a.nail-beauty@gmx.ch', '076 500 83 50', 'Studio Antonietta''s Nail & Beauty', 'Hauptstrasse 46, 8546 Islikon, Thurgau'),
('e8925e9b-ef45-4578-9ea1-a4df67b1e186', 'Alkibiades', 'Jurth', 'info@studio-apollon.ch', '076 308 10 00', 'Studio Apollon GmbH', 'Langäckerstrasse 28, 8957 Spreitenbach, Aargau'),
('23a0a48b-0b96-4fb8-9bd8-94f563d570fd', 'Daniela', 'Maeder Böhlen', 'info@apricosmetic.ch', '076 349 94 11', 'Studio Apricosmetic', 'Buchsweg 9, 3052 Zollikofen, Bern'),
('9c50ceea-0cf5-4967-a714-95c47c2acf34', 'Grazia', 'Garbaz', 'garbaz.g@bluewin.ch', '061 901 86 07', 'Studio Art Cosmetic', 'Nebengasse 21, 4414 Füllinsdorf, Basel-Land'),
('66d15390-3152-403e-8d7c-bbc29800b4c6', 'Esther', 'Schwab', 'esther@schwabcosmetic.ch', '043 818 68 00', 'Studio Art Cosmetic Esther Schwab', 'Zürcherstrasse 6, 8142 Uitikon Waldegg, Zürich'),
('b2ee2335-2ff9-4cce-9a51-aa7e9ec7dbc2', 'Esther', 'Mangold-Laudischer', 'laudi@hispeed.ch', '061 981 30 11', 'Studio Art of Beauty Gelterkinden', 'Rössligasse 7, 4460 Gelterkinden, Basel-Land'),
('4bd02769-1f9d-4ee8-babd-7e004bec2db8', 'Laura', 'Purrazzello', 'info@beautylaura.ch', '076 377 15 57', 'Studio Art of Beauty Laura', 'Jurastrasse 68, 2540 Grenchen, Solothurn'),
('7aaa24ec-ad6e-46c8-82ab-f477216f8558', 'Petra', 'Gartmann-Ramseier', 'info@kosmetik-lenzerheide.ch', '081 384 51 00', 'Studio Art of Beauty Lenzerheide', 'Voa Principala 68, 7078 Lenzerheide, Graubünden'),
('f27140a4-8cbc-41b2-b5eb-8d0981181af6', 'Nadja', 'Wartenweiler', 'kosmetik@artofbeauty-meilen.ch', '044 793 13 50', 'Studio Art of Beauty Meilen', 'Seestrasse 660, 8706 Meilen, Zürich'),
('54417c0f-d202-4719-8217-cba9770a12b5', 'Nicole', 'Pooler', 'nicole.pooler@bluewin.ch', '078 789 99 14', 'Studio Art of Beauty Wollerau', 'Felsenrainstrasse 17, 8832 Wollerau, Schwyz'),
('e646af14-6305-4fef-bb0b-ad34c2c0db75', 'Saliha', 'Cantekin', 'info@artofbeauty-zug.ch', '079 790 64 44', 'Studio Art of Beauty Zug', 'Zeughausgasse 7a, 6300 Zug, Zug'),
('2d33d2d1-7342-48e6-9ede-f09af29a50e2', 'Antonia', 'Suter-Ditzler', 'antonia.suter@artofnail.ch', '041 760 09 16', 'Studio Art of Nail', 'Rigistrasse 5, 6340 Baar, Zug'),
('9febec08-eab8-4313-98c8-c17008ce8cc1', 'Ken', 'Schmidli', 'info@studioarte.ch', '044 245 86 00', 'Studio Arte AG', 'Stauffacherquai 46, 8004 Zürich, Zürich'),
('93e9dd09-a2d0-45db-8ccb-6415e76e3440', 'Marianne', 'Binggeli', 'info@artecosmetic.ch', '078 889 72 63', 'Studio Arte Cosmetic', 'Dorfplatz 2, 3150 Schwarzenburg, Bern'),
('d6e12c78-dff8-4b78-a87b-426435a0b487', 'Angela', 'Sarda', 'angelasarda@hotmail.com', '079 352 09 79', 'Studio Arte Kosmetikstudio', 'Böllistrasse 422, 5072 Oeschgen, Aargau'),
('6fbf7b55-9dff-4072-93fa-c1be1dbda144', 'Margrith', 'Huwiler', 'info@kosmetik-horw.ch', '041 340 30 53', 'Studio Artemis Kosmetik', 'Kantonsstrasse 34, 6048 Horw, Luzern'),
('0481893d-07e9-4517-ac7d-42aa5e6d9fd4', 'Sonja', 'Gander Meili', 'info@artmake-up.ch', '055 244 49 47', 'Studio ArtMake-Up & Kosmetik', 'Breitlenweg 6, 8634 Hombrechtikon, Zürich'),
('07605743-0e5e-4ea0-9bab-904f9ccfb7c1', 'Astrid', 'Trutmann', 'info@art-nailstudio.ch', '079 432 15 48', 'Studio Art-Nailstudio', 'Seemattweg 2b, 6315 Oberägeri, Zug'),
('9ba9d373-4184-41ce-a3eb-01fcc8a30583', 'Christiane', 'Anthamatten', 'info@asklepion.ch', '079 637 43 55', 'Studio Asklepion Institut für Ayurveda und Ganzheitskosmetik', 'Wildistrasse 2, 3906 Saas-Fee, Wallis/Valais'),
('aada6e43-157b-4239-98e6-2dacc1982888', 'Ermina', 'Ahmedoska', 'mina@atamente.ch', '076 423 31 03', 'Studio Atamente GmbH', 'Zürichstrasse 69, 8600 Dübendorf, Zürich'),
('2cf80e21-e111-4131-9d45-c541c9155a69', 'Marlène', 'Eugster', 'augenblicke.marlene@gmail.com', '078 666 47 13', 'Studio Augen-Blicke by Marlène', 'Mühlenstrasse 21, 8580 Amriswil, Thurgau'),
('0950b892-9ede-4c65-8aa1-cca6b7b5525a', 'Tamara', 'Zizzari', 'aura-beautycenter@outlook.com', '076 484 25 04', 'Studio Aura Beauty Center', 'Bahnhofstrasse, 3400 Burgdorf, Bern'),
('b075973f-fc36-4ff4-b091-736949aff677', 'Barbora', 'Truffer', 'info@aura-fiesch.ch', '079 256 89 85', 'Studio Aura-Babora Truffer', 'Schulhausstrasse 1, 3984 Fiesch, Wallis/Valais'),
('296336da-ec2d-4e9f-9a93-afe8b2a40bf3', 'Josephine', 'Dobersek', 'info@auszeitkosmetik.ch', '032 623 78 78', 'Studio Auszeit Kosmetik', 'Rathausgasse 10, 4500 Solothurn, Solothurn'),
('ac778461-a98c-467d-a78b-c823b0ae71df', 'Elvira', 'Gutzwiller', 'e.gutzwiller@sunrise.ch', '076 380 49 82', 'Studio Aveo Gesundheit + Hautpflegepraxis', 'Langegasse 103, 4104 Oberwil, Basel-Land'),
('deef9a44-ea7f-462c-833b-9126045bfdc1', 'Natacha', 'Wanner-Bechtold', 'info@avita-praxis.ch', '079 892 39 07', 'Studio Avita Praxis', 'Städtchen 11, 4663 Aarburg, Aargau'),
('8506eaab-165a-4b23-ad7c-0f4463ddff90', 'Catalina', 'Mäder', 'info@avous.ch', '079 462 22 46', 'Studio Avous', 'Guldistudstrasse 117, 8632 Tann, Zürich'),
('82c55633-14ea-45ec-800a-060711b056cf', 'Katrin', 'Disler', 'info@ayumina.ch', '079 936 02 46', 'Studio AyuMina', 'Mittlere Strasse 3, 3600 Thun, Bern'),
('20423fff-e464-42e9-9bfc-90274c2c589c', 'Annette', 'Zanni-Bingler', 'azanni@ayurveda-interlaken.ch', '076 324 92 90', 'Studio Ayurveda', 'Habkerngässli 4, 3800 Unterseen, Bern'),
('59163e66-771e-489a-afba-470d5b86307f', 'Francesca', 'Perniola', 'beauty@babor-igeacosmetic.ch', '044 818 02 72', 'Studio Babor Beauty Spa by Igea Cosmetic', 'Chämletenweg 1, 8153 Rümlang, Zürich'),
('002ce692-d374-44b1-8256-a6d845605472', 'Bettina', 'Tapiletti', 'info@bacosmetics.ch', '079 667 23 57', 'Studio Bacosmetics', 'Buechenstrasse 6, 8174 Stadel b. Niederglatt, Zürich'),
('41231ba4-72ff-4d5b-8d04-474c976918ba', 'Rebecca', 'Lanzi', 'info@baderkosmetik.ch', '076 585 90 91', 'Studio BaderKosmetik', 'Langackerstrasse 8, 4431 Bennwil, Basel-Land'),
('58a2674c-e389-46a5-ac00-d49c73f90fa4', 'Nicole', 'Jost-Huber', 'info@balance-cosmetic-institut.ch', '078 631 38 80', 'Studio Balance Cosmetic Grosswangen', 'Bruwald 2b, 6022 Grosswangen, Luzern'),
('d958466f-8437-4283-a295-51dddcc7a3c6', 'Jeanette', 'Hahn', 'balancecosmetic@hotmail.ch', '071 410 06 54', 'Studio Balance Cosmetic Reute', 'Städeli 13, 9411 Reute, Appenzell Ausserrhoden'),
('2e4fc193-f3e4-4afe-a237-5fcca80e98c6', 'Carla', 'Lindauer-Jauch', 'info@balancekosmetik.ch', '079 372 63 36', 'Studio Balance Kosmetik', 'Hasen 14, 6424 Lauerz, Schwyz'),
('6a9456a6-0f1f-4fab-9085-8b5a2f0b9d0c', 'Balthasar', 'Wirz', 'info@atelier-dwa.ch', '061 515 59 90', 'Studio Balthasar Wirz GmbH', 'Sempacherstrasse 17, 4053 Basel, Basel-Stadt'),
('197d3af3-c9b4-476b-a95e-b12c6f35a13b', 'Maja', 'Barandun', 'maja@barandun-kosmetik.ch', '079 432 74 32', 'Studio Barandun-Kosmetik', 'Talstrasse 3, 7270 Davos, Graubünden'),
('7a14c187-8f16-4dae-8a99-78c0f82db45e', 'Barbara', 'Rupp', 'mail@rupp-cosmetic.ch', '033 222 10 80', 'Studio Barbara Rupp Cosmetic', 'Untere Hauptgasse 11, 3600 Thun, Bern'),
('eac7443f-2ffc-480a-a2b3-d3960f0e2b4b', 'Isabel', 'Riedel', 'info@bardabella.ch', '076 437 81 93', 'Studio Bardabella', 'Zugerstrasse 59, 8820 Wädenswil, Zürich'),
('9dac1141-260b-40e2-846d-358f25c88268', 'Daniel', 'Baumann', 'info@studiobaumann.ch', '062 751 50 18', 'Studio Baumann', 'Mühlackerweg 3, 4805 Brittnau, Aargau'),
('e98fb1aa-1e6f-4d31-a6a2-49c7fc69cd2e', 'Jelena', 'Vögtli', 'info@bb-cosmetics.ch', '078 912 31 27', 'Studio BB Cosmetics', 'Baselstrasse 39, 4132 Muttenz, Basel-Land'),
('93a0477d-3b85-4841-92b7-55fab576608c', 'Julia', 'Sauer', 'info@jooli.ch', '076 576 38 00', 'Studio BB Jooli Beauty & Business', 'Bahnweg 2d, 3177 Laupen, Bern'),
('c79b4103-36ba-4643-b5ce-125e69469f9e', 'Diana', 'Genelin-Miri', 'info@be-beauty-genelin.ch', '079 297 18 38', 'Studio Be Beauty', 'Loren-Allee 22, 8610 Uster, Zürich'),
('5741556c-4d8e-46f3-835f-1609656d0ac7', 'Simone', 'Pantoja', 'be-beauty-kosmetik@hotmail.com', '076 802 26 61', 'Studio Be Beauty Kosmetik', 'Laufenstrasse 4, 4226 Breitenbach, Solothurn'),
('76327bad-458c-4bd4-8733-2d6dc2390206', 'Beat', 'Egli', 'studio@beategli.ch', '061 263 24 45', 'Studio Beat Egli', 'Clarastrasse 56, 4058 Basel, Basel-Stadt'),
('5e5abeea-cc53-4732-a694-fb2335ff4000', 'Claudia', 'Maillard', 'info@beauvisage-kosmetik.ch', '052 235 08 01', 'Studio Beau Visage Kosmetik', 'Im Hölderli 13a, 8405 Winterthur, Zürich'),
('e7f9c97b-5553-4c2b-bce8-0955d4b9405e', 'Nadija', 'Spahiu', 'mail@beaudax.ch', '078 262 61 88', 'Studio Beaudax GmbH', 'Steinstrasse 75, 8003 Zürich, Zürich'),
('a49be7a9-3b8d-4890-b087-e98521e4b7d4', 'Carina', 'Graf', 'info@beautarina.ch', '079 226 00 32', 'Studio Beautarina', 'Obere Hinteregg 24, 4450 Sissach, Basel-Land'),
('04edc5b2-f02a-4bf8-9e9a-650b30cf8962', 'Yvonne', 'Wälti', 'cosmetic.beautedespres@gmail.com', '076 568 18 18', 'Studio Beauté Des Prés', 'Chindismülistrasse 3, 8626 Ottikon (Gossau), Zürich'),
('a02c5987-8ba7-453b-a12f-235d3dff1680', 'Carmen', 'Ritter', 'info@beautenaturelle.ch', '077 473 00 92', 'Studio Beauté Naturelle', 'Industriegasse 3, 2502 Biel/Bienne, Bern'),
('12628219-94a1-4db3-94f4-3e51770e9a70', 'Carmen', 'Schwegler', 'carmen.schwegler@beautiful-moments.ch', '079 287 15 33', 'Studio Beautiful Moments', 'Chrummweid 1, 6026 Rain, Luzern'),
('15486369-dea7-4c5b-88f0-a64eb56162d2', 'Petra', 'Ackermann', 'mail@beautiful-style.ch', '076 317 91 11', 'Studio Beautiful Style GmbH', 'Mühlehofstrasse 25, 6030 Ebikon, Luzern'),
('3cfc723b-c751-460c-9831-6f8e63954865', 'Luisa', 'Giudicetti', 'info@beautifulyouluisa.ch', '079 520 62 44', 'Studio Beautiful You by Luisa Giudicetti', 'Querstrasse 4, 8805 Richterswil, Zürich'),
('65bb0ea7-08f8-435c-a032-507f45686cc0', 'Cristina', 'Soares', 'cosmetic@beautique-senses.ch', '044 450 27 37', 'Studio Beautique Cosmetic Senses', 'Friedrichstrasse 4, 8051 Zürich, Zürich'),
('e7d689ff-2058-4114-94a8-272f0644c208', 'Margarete', 'Portmann', 'info@beauty-bodycare.com', '033 853 06 25', 'Studio Beauty & Body Care Interlaken', 'Aarmühlestrasse 4, 3800 Interlaken, Bern'),
('921ea104-42c2-4b12-b7b1-fe43322f97a8', 'Monica', 'Zeller', 'info@kosmetikimseefeld.ch', '044 422 89 37', 'Studio Beauty & Body Care Zürich', 'Othmarstrasse 20, 8008 Zürich, Zürich'),
('56893e66-b0f6-4956-987f-66a749c146f3', 'Jasmin', 'Forster', 'jasmin@beautyandbrows.ch', '076 675 94 54', 'Studio Beauty & Brows', 'Oststrasse 1, 8500 Frauenfeld, Thurgau'),
('7b7860d6-cfc9-476b-84aa-7a38edfe46bc', 'Claudia', 'Walker', 'info@beautymind.ch', '061 831 52 90', 'Studio Beauty & Mind Kosmetik', 'Kaiserstrasse 7a, 4310 Rheinfelden, Aargau'),
('399e5fe2-3fc8-46cd-b62c-da5d40bb3ad0', 'Daniela', 'Bügler', 'info@nails-wattwil.ch', '078 602 82 86', 'Studio Beauty & Nails', 'Dorfplatz 4, 9630 Wattwil, St. Gallen'),
('f7a8f218-28d8-476a-9ecc-e6a9c76c6464', 'Bettina', 'Frei', 'info@bettina-frei.ch', '079 759 67 05', 'Studio Beauty & Nails Bettina', 'Lindenbergstrasse 13, 9442 Berneck, St. Gallen'),
('02ad4aa4-ace6-41a4-b9e0-dfb05a45617f', 'Rina', 'Lentini', 'rina-nails@hotmail.com', '078 738 79 27', 'Studio Beauty & Nails by Rina Lentini', 'Zentralstrasse 13, 8604 Volketswil, Zürich'),
('e2293164-607d-42a9-a593-1496f6a285a4', 'Elena', 'Formato', 'info@beauty-nails.ch', '052 343 20 21', 'Studio Beauty & Nails Effretikon', 'Rikonerstrasse 11, 8307 Effretikon, Zürich'),
('02d75cdb-2f39-4ffd-8fe3-2b4aa074d320', 'Patrizia', 'Sonderer', 'beauty.relax@thurweb.ch', '071 565 23 09', 'Studio Beauty & Relax', 'Reckholder 3, 9527 Niederhelfenschwil, St. Gallen'),
('3acf24e2-f7e2-4348-93ef-21bbc02313e8', 'Rita', 'Egli', 'info@beauty-spa-cosmetics.ch', '062 756 20 90', 'Studio Beauty & Spa Cosmetics', 'Schönbergstrasse 5, 6252 Dagmersellen, Luzern'),
('cd71c25f-4e15-432a-a0a7-ffbe9d6240e8', 'Olivera', 'Mandic', 'info@wellness-kreuzplatz.ch', '076 602 52 52', 'Studio Beauty & Wellness am Kreuzplatz', 'Zofingerstrasse 1, 4802 Strengelbach, Aargau'),
('d5e72694-16aa-4180-935c-093890241e1e', 'Barbara', 'Russ', 'info@beauty-you.ch', '052 364 10 70', 'Studio Beauty & You', 'Dorfstrasse 15a, 8523 Hagenbuch, Zürich'),
('f6a84893-b6bb-4155-87de-ff42d92e9e0f', 'Ute', 'Pfister', 'beauty-body@gmx.ch', '079 763 03 06', 'Studio Beauty + Body', 'Mooswiesstrasse 2, 8864 Reichenburg, Schwyz'),
('a8e2f126-bfd3-4cb1-ae6e-f4f142acf333', 'Maria', 'Tepper', 'info@kosmetik-tepper.ch', '041 930 14 74', 'Studio Beauty 4 You', 'Am Sandhübel 2, 6215 Beromünster, Luzern'),
('29465d22-b4f8-4eba-81a2-a8e12a17a9d0', 'Jngrid', 'Schiavo', 'info@beauty-and-care.ch', '079 334 17 45', 'Studio Beauty and Care Kosmetik', 'Bützenweg 105, 4450 Sissach, Basel-Land'),
('91c3f39f-d70e-46f0-ab16-0ecbbcc7a112', 'Monika', 'Grossenbacher', 'info@beauty-nails-langenthal.ch', '062 923 01 11', 'Studio Beauty and Nails', 'Marktgasse 23, 4900 Langenthal, Bern'),
('21aefe8f-ec60-4b91-8077-62987c564034', 'Francesca', 'Pisani', 'info@beautyarea.ch', '075 402 05 05', 'Studio Beauty Area', 'Hochbordstrasse 39, 8600 Dübendorf, Zürich'),
('e2685104-1f80-4002-8748-3bdbba7cf883', 'Rocio', 'Hänseler', 'info@beautyauthentic.ch', '079 533 50 03', 'Studio Beauty Authentic', 'Schaffhauserstrasse 363, 8050 Zürich, Zürich'),
('0e9a594a-6d7a-4c8b-92bf-72062fd6ba28', 'Beatrice', 'Burgermeister', 'beautybrowscosmetics@bluewin.ch', '079 234 77 77', 'Studio Beauty Brows Cosmetics', 'Tödistrasse 9, 8330 Pfäffikon, Zürich'),
('9f94ec4f-3b70-4e3c-9323-c64f7df7c948', 'Cristina', 'Treu', 'info@beautybycristina.ch', '043 819 00 15', 'Studio Beauty by Cristina', 'Obere Hönggerstrasse 10, 8103 Unterengstringen, Zürich'),
('85dc186c-7e75-40f3-9503-6e188f88ce01', 'Elsebeth', 'Verbon', 'info@beautybyels.com', '079 551 22 02', 'Studio Beauty by Els', 'Moosstrasse 4, 6315 Oberägeri, Zug'),
('e0065f46-b5e7-4b1d-8784-7e3e2aaaedc1', 'Manuela', 'Kuriger', 'beauty-by-kuriger@hotmail.ch', '055 412 80 30', 'Studio Beauty by Kuriger', 'Schwanenstrasse 8, 8840 Einsiedeln, Schwyz'),
('11fdd8e7-5e02-4526-9cb8-7393201caaea', 'Olivera', 'Kasalo', 'info@beauty-by-olivera.ch', '079 284 31 76', 'Studio Beauty by Olivera', 'Weiherstrasse 10, 6020 Emmenbrücke, Luzern'),
('ef5cb4e6-48b0-4170-9175-ac81447bbbba', 'Josiane', 'Gempeler', 'beautybyschosi@gmail.com', '079 764 28 56', 'Studio Beauty by Schosi', 'Kaufplatz 2, 3930 Visp, Wallis/Valais'),
('b88afc61-2101-44a5-95e0-07002ceb8897', 'Brigitte', 'Giger', 'info@bc-kosmetik.ch', '081 285 12 20', 'Studio Beauty Care Kosmetik', 'Masanserstrasse 195, 7000 Chur, Graubünden'),
('b1c02705-15cb-4d70-963d-641fc85803d4', 'Sandra', 'Bellwald', 'kosmetiksandy@gmx.ch', '027 939 23 66', 'Studio Beauty Case Sandra', 'Hauptstrasse 26, 3917 Kippel, Wallis/Valais'),
('1d330481-e444-46b2-a230-bb5da1d177aa', 'Jenny', 'Peters', 'info@beautycenterhergiswil.ch', '041 630 11 16', 'Studio Beauty Center Hergiswil', 'Seestrasse 99, 6052 Hergiswil, Nidwalden'),
('2a62520c-fcb6-4bfb-b1c2-15379bc387bc', 'Ingrid', 'Huggenberger', 'beauty-center-hollywood@bluewin.ch', '079 900 16 01', 'Studio Beauty Center Hollywood', 'Ottenbacherstrasse 32, 8909 Zwillikon, Zürich'),
('96b0ca1c-02e3-485c-b1e8-f650a50d9295', 'Erna', 'Haslimann', 'info@beauty-center-matis.ch', '041 210 66 33', 'Studio Beauty Center Matis', 'Stadthausstrasse 1, 6003 Luzern, Luzern'),
('01273e2c-58e3-43d6-a98b-25b20679d71c', 'Nermin', 'Agbaba', 'info@orchideebeauty.ch', '061 556 48 12', 'Studio Beauty Center Orchidee', 'Hohenrainstrasse 26b, 4133 Pratteln, Basel-Land'),
('a9ae3d8b-9639-44e8-bb6e-43e3964f1490', 'Corina', 'Bucur', 'corina7free@gmail.com', '079 107 71 78', 'Studio Beauty Center Wolke 7', 'Bahnhofstrasse 102, 8500 Frauenfeld, Thurgau'),
('a16f53db-07e2-4da7-b34a-18cddf0d3bf5', 'Nadine', 'Hardegger', 'nadine.hardegger@beautycharisma.ch', '081 322 13 30', 'Studio Beauty Charisma', 'Unterdorfstrasse 8, 7206 Igis, Graubünden'),
('b8392ce8-df73-442f-8386-b5fc1c346ad5', 'Susanne', 'Wirth', 'info@beautyclub.ch', '044 830 35 35', 'Studio Beauty Club Wallisellen', 'Zielackerstrasse 17, 8304 Wallisellen, Zürich'),
('d596de4a-11cc-4df8-9cab-d663c757783b', 'Renata', 'Borer', 'renata@beauty-concept.ch', '061 781 52 34', 'Studio Beauty Concept', 'Fehrenstrasse 12, 4226 Breitenbach, Solothurn'),
('b00e8be0-3976-48dc-b13b-89ac101bdae2', 'Eveline', 'Muggli', 'info@beauty-corner-muggli.ch', '044 862 37 26', 'Studio Beauty Corner Bülach', 'Gartenmatt 3, 8180 Bülach, Zürich'),
('0ec0998f-070e-4d96-9ca4-d6999d66802b', 'Esther', 'Weiss-Knecht', 'esther@weiss-knecht.ch', '056 242 17 43', 'Studio Beauty Corner Endingen', 'Semlistrasse 40, 5304 Endingen, Aargau'),
('4bedc964-d0a8-4610-be9d-bdf771cb4cec', 'Charlotte', 'Schuler', 'charlotte.schuler@bluewin.ch', '041 811 27 13', 'Studio Beauty Corner Kosmetikinstitut', 'Rickenbachstrasse 1, 6430 Schwyz, Schwyz'),
('5dad0719-e7d8-44ad-b184-a547cba419fc', 'Franziska', 'Sterchi-Jäggi', 'info@beautycosmetic.ch', '079 679 75 39', 'Studio Beauty Cosmetic & Fusspflege', 'Hauptstrasse 3, 4528 Zuchwil, Solothurn'),
('51ec8b17-570f-440e-af00-89fb9bd158b6', 'Daniela', 'Widmer-Freuler', 'widmer.cosmetic@gmail.com', '079 422 09 21', 'Studio Beauty Cosmetic Benken', 'Blattenstrasse 4, 8717 Benken, St. Gallen'),
('cde0eb32-7c68-494e-88f2-13a413576dc0', 'Pascale', 'Foitek', 'pfoitek@bluemail.ch', '079 409 62 62', 'Studio Beauty Cosmetic Foitek', 'Haldenstrasse 31, 8904 Aesch, Zürich'),
('03b183de-6e72-4f28-8b77-290efa047d1f', 'Carmen', 'Moretti', 'info@yourbeauty.ch', '052 721 60 49', 'Studio Beauty Cosmetic Frauenfeld', 'Oberstadtstrasse 4, 8500 Frauenfeld, Thurgau'),
('037fe6b0-abf2-4403-a2ee-61570bfab849', 'Jeanette', 'Stirnimann', 'info@beauty-cosmetic-jeanette.ch', '041 740 10 06', 'Studio Beauty Cosmetic Jeanette', 'Hochwachtstrasse 26, 6312 Steinhausen, Zug'),
('d9ae1f1a-9739-403e-9464-9932a7fcd0aa', 'Celenia', 'Knauder', 'info@beauty-cosmetic-knauder.ch', '078 616 08 66', 'Studio Beauty Cosmetic Knauder', 'Werkstrasse 10, 9444 Diepoldsau, St. Gallen'),
('8df31f27-f03d-4126-ba35-96a6842e1d1b', 'Melanie', 'Fluri-Graf', 'info@beauty-cosmetic-melanie.ch', '062 391 16 00', 'Studio Beauty Cosmetic Melanie', 'Pfarrmatt 1, 4710 Balsthal, Solothurn'),
('370e98d0-52ed-4979-8a39-3f4c30a05c4a', 'Margrit', 'Röthlisberger', 'info@beauty-cosmetic.ch', '079 776 96 63', 'Studio Beauty Cosmetic Trub', 'Sägegasse 86, 3556 Trub, Bern'),
('17d266c8-d0cf-4ede-a4fe-e7af06600c36', 'Anita', 'Deuber', 'beauty-donna@bluewin.ch', '041 630 30 47', 'Studio Beauty Donna', 'Seestrasse 79, 6052 Hergiswil, Nidwalden'),
('8bee6012-f364-4221-817e-38ba2a85269e', 'Brigitte', 'Sonderegger', 'brigitte@bb-dream.ch', '079 226 48 02', 'Studio Beauty Dream', 'Bodenstrasse 13, 9436 Balgach, St. Gallen'),
('ba411f34-d937-4cba-ad9b-0b79fe5f71db', 'Andrina', 'Iten', 'welcome@beautyelements.ch', '044 555 50 39', 'Studio Beauty Elements', 'Zwirnereistrasse 21, 8304 Wallisellen, Zürich'),
('b7342dd5-ac6e-4287-9226-ffa653c797d7', 'Mirella', 'Gololuch', 'mirella@beautyeleven.ch', '079 277 34 56', 'Studio Beauty Eleven', 'Bremgartenstrasse 11, 5634 Merenschwand, Aargau'),
('a4df3921-e9f2-488f-b6b9-5ede53aa5955', 'Claudia', 'Steiner', 'kosmetikbeautyface@bluewin.ch', '079 409 25 28', 'Studio Beauty Face Dübendorf', 'Oskar Biderstrasse 33a, 8600 Dübendorf, Zürich'),
('9a14249f-485d-4e03-a110-dfc6ac690eba', 'Ausra', 'Nyffeler', 'info@beautyfaces.ch', '079 919 46 66', 'Studio Beauty Faces Kosmetikinstitut', 'Zürcherstrasse 20, 8906 Bonstetten, Zürich'),
('00862736-ff84-4c58-a40f-30a24e721959', 'Ilona', 'Gombos', 'beautyflashstudio@gmail.com', '079 910 90 94', 'Studio Beauty Flash', 'Seilereistrasse 1A, 8892 Berschis, St. Gallen'),
('b2eec1d7-8509-4bfe-b678-3851f6e2cdaa', 'Katrin', 'Giger', 'reiden@beauty-house.ch', '062 758 24 00', 'Studio Beauty House', 'Bahnhofstrasse 7, 6260 Reiden, Luzern'),
('dfcc441f-b3dc-413d-9bac-585730627994', 'Jovanka', 'Kuzmanovic', 'kuz-manovic@bluewin.ch', '079 447 23 98', 'Studio Beauty Imperial', 'Helvetiastrasse 25, 9000 St. Gallen, St. Gallen'),
('d618c2ab-6e2f-4f62-b230-a8ed05c6c195', 'Daniela', 'Wittwer', 'info@beauty-in-balance.ch', '079 329 54 76', 'Studio Beauty in Balance', 'Neubrückstrasse 51, 3012 Bern, Bern'),
('7b36fcb9-95d2-412b-97b9-9ffc6975b40a', 'Katja', 'Keser Aeschlimann', 'info@beauty-is-lifestyle.ch', '052 640 00 04', 'Studio Beauty is Lifestyle', 'Bahnhofstrasse 52, 8200 Schaffhausen, Schaffhausen'),
('18e1fe22-7d3b-4b3f-a2b7-9f35f4dbb034', 'Michèle', 'Gris-Gaupp', 'michele_gaupp@hotmail.com', '052 720 58 45', 'Studio Beauty Kosmetik Frauenfeld', 'Juchstrasse 45, 8500 Frauenfeld, Thurgau'),
('1cc777af-3a92-4499-ab58-34cd97e3ae62', 'Sonja', 'Lutz', 'info@kosmetikbeauty.ch', '079 667 94 36', 'Studio Beauty Kosmetik Kefikon', 'Menzengrüterstrasse 8, 8543 Kefikon, Zürich'),
('fe53dc37-2734-43ee-adb5-6b4a787127ab', 'Liljana', 'Karbe', 'liljana.karbe@beautylilj.com', '079 528 41 15', 'Studio Beauty Lilj Baden', 'Weite Gasse 13, 5400 Baden, Aargau'),
('2c172817-be6d-49bd-acf1-cc9cab22ee14', 'Silvia', 'Jörg', 'kosmetik@beautyloft.ch', '043 817 80 30', 'Studio Beauty Loft Herrliberg', 'Aryanastrasse 17, 8704 Herrliberg, Zürich'),
('e85fd518-afe8-4f6b-8acc-c0655bb3f2e6', 'Natalie', 'Bürdel', 'info@thunkosmetik.ch', '078 773 40 47', 'Studio Beauty Loft Thun', 'Untere Hauptgasse 12, 3600 Thun, Bern');

INSERT INTO leads (id, contact_id, source, status, value, notes) VALUES
('1e86c952-298b-40c0-aec2-bf8aeac5ef20', 'e9ac15aa-186f-4c87-af52-9c5c92b7f39a', 'KALTAKQUISE', 'ACTIVE', 0, 'Funktion: Geschäftsführer/in (CEO) | Mitarbeiter: 11 bis 20 | Branche: Maschinenbauindustrie | Rechtsform: Aktiengesellschaft'),
('b9fa3da3-a28f-4201-9258-554b1deb33c3', '0cca25ee-25ba-429d-ab01-e885549e4c95', 'KALTAKQUISE', 'ACTIVE', 0, 'Funktion: Geschäftsführer/in (CEO) | Mitarbeiter: 1 bis 10 | Branche: Metallbauer | Rechtsform: Gesellschaft mit beschränkter Haftung'),
('70949079-64b0-45ac-b020-a464f20263aa', '84f52456-e134-4f26-8da0-27d1a36ec80a', 'KALTAKQUISE', 'ACTIVE', 0, 'Funktion: Geschäftsführer/in (CEO) | Mitarbeiter: 1 bis 10 | Branche: Architekturbüros | Rechtsform: Gesellschaft mit beschränkter Haftung'),
('ae62ebf8-cb9e-4c21-9254-fcbcdddf2b07', 'feab8432-de86-48d4-9620-524e69d9140d', 'KALTAKQUISE', 'ACTIVE', 0, 'Funktion: Geschäftsführer/in (CEO) | Mitarbeiter: 1 bis 10 | Branche: Bauingenieurbüros | Rechtsform: Gesellschaft mit beschränkter Haftung'),
('87466eed-d6be-48dc-934c-d56bf1f49833', '6aeb9c86-3c7b-48a4-8783-37a7e0d1d319', 'KALTAKQUISE', 'ACTIVE', 0, 'Funktion: Geschäftsführer/in (CEO) | Mitarbeiter: 1 bis 10 | Branche: Boden- & Plattenleger'),
('7b455f51-8bbc-4775-8240-dfb9d55acbfa', 'a14a93af-20fe-46b6-9d62-f43356cb5f84', 'KALTAKQUISE', 'ACTIVE', 0, 'Funktion: Geschäftsführer/in (CEO) | Mitarbeiter: 21 bis 50 | Branche: Baugeschäfte | Rechtsform: Aktiengesellschaft'),
('82cec804-5577-4af7-8d94-d7d0fe71b1f3', '6c2699fe-a899-4c8b-819a-e9aadbca9343', 'KALTAKQUISE', 'ACTIVE', 0, 'Funktion: Geschäftsführer/in (CEO) | Mitarbeiter: 1 bis 10 | Branche: Druckereibetriebe'),
('a98c4e01-6637-4d6d-aebf-3c7368e4b81b', '52a7f95a-e838-4047-bb91-01c47e703409', 'KALTAKQUISE', 'ACTIVE', 0, 'Funktion: Geschäftsführer/in (CEO) | Mitarbeiter: 1 bis 10 | Branche: Elektroplanung & Installation | Rechtsform: Aktiengesellschaft'),
('551b5ca1-61ad-4a0b-924e-5b7fdd26b58e', 'cacae74f-ec2a-42df-b379-39b0fe38c912', 'KALTAKQUISE', 'ACTIVE', 0, 'Funktion: Geschäftsführer/in (CEO) | Mitarbeiter: 1 bis 10 | Branche: Bauingenieurbüros | Rechtsform: Gesellschaft mit beschränkter Haftung'),
('c6d107fb-ffe3-43d8-a0bb-bdbb7ce4db24', '6b68b3a7-49b7-405d-8f19-2c2c2da555c7', 'KALTAKQUISE', 'ACTIVE', 0, 'Funktion: Geschäftsführer/in (CEO) | Mitarbeiter: 1 bis 10 | Branche: Elektroplanung & Installation | Rechtsform: Aktiengesellschaft'),
('7d023ad4-1049-4a24-96b0-7c5af2ccae93', '4ab0c7a5-ced5-4260-8a26-a211372d71c5', 'KALTAKQUISE', 'ACTIVE', 0, 'Funktion: Geschäftsführer/in (CEO) | Mitarbeiter: 1 bis 10 | Branche: Family Offices / Private Equity & Venture Capital Firmen | Rechtsform: Aktiengesellschaft'),
('512217c6-245b-4a51-8f79-73a95baca847', 'c3bfc5f0-c4bf-426f-b482-a492b80019d2', 'KALTAKQUISE', 'ACTIVE', 0, 'Funktion: Geschäftsführer/in (CEO) | Mitarbeiter: 1 bis 10 | Branche: Gartenbau & -pflege | Rechtsform: Aktiengesellschaft'),
('5ce54a2b-18ed-4f2d-a14c-942adf60544f', 'f5287ebc-6b89-4dc9-b0f1-3ed7307e19f2', 'KALTAKQUISE', 'ACTIVE', 0, 'Funktion: Geschäftsführer/in (CEO) | Mitarbeiter: 21 bis 50 | Branche: Sanitär & Haustechnik | Rechtsform: Aktiengesellschaft'),
('9d92c7e0-e3c4-42b8-8280-2bf9e6a50609', 'a6f11e8f-542d-4062-bf07-c87a48b98ae4', 'KALTAKQUISE', 'ACTIVE', 0, 'Funktion: Geschäftsführer/in (CEO) | Mitarbeiter: 1 bis 10 | Branche: Schreinerei- & Holzbaubetriebe | Rechtsform: Gesellschaft mit beschränkter Haftung'),
('c00113e2-19e9-417c-b52f-f250413e6ff4', 'cf68b2cc-1842-462e-b843-6d10ecbfb72c', 'KALTAKQUISE', 'ACTIVE', 0, 'Funktion: Geschäftsführer/in (CEO) | Mitarbeiter: 1 bis 10 | Branche: Textil- & Möbelindustrie / Schreinerei- & Holzbaubetriebe | Rechtsform: Gesellschaft mit beschränkter Haftung'),
('8bc94306-250f-471a-9599-953ce359fa59', 'cfa1b282-8011-4a0c-b829-676c1d23dc1e', 'KALTAKQUISE', 'ACTIVE', 0, 'Funktion: Geschäftsführer/in (CEO) | Mitarbeiter: 11 bis 20 | Branche: Immobilienverwaltung / Immobilienvermittlung / Immobilienprojektentwicklung / Bauherrenvertretung | Rechtsform: Aktiengesellschaft'),
('ff41f9a0-7908-4a9a-9165-ae77c5d02282', '46f655e4-b7c2-44cc-8e7e-1c4571d97ed4', 'KALTAKQUISE', 'ACTIVE', 0, 'Funktion: Geschäftsführer/in (CEO) | Mitarbeiter: 11 bis 20 | Branche: Textil- & Möbelindustrie / Schreinerei- & Holzbaubetriebe | Rechtsform: Aktiengesellschaft'),
('a56dc0c3-d845-4246-95fb-41b40c8a1971', '8a96102e-e121-4224-98fd-8986c2798fa0', 'KALTAKQUISE', 'ACTIVE', 0, 'Funktion: Geschäftsführer/in (CEO) | Mitarbeiter: 1 bis 10 | Branche: Textil- & Möbelindustrie | Rechtsform: Einzelunternehmen'),
('e3d1da37-90ff-402d-a111-6931663ee6b3', 'f881e05b-fbde-4743-9dfb-3312e9cee184', 'KALTAKQUISE', 'ACTIVE', 0, 'Funktion: Geschäftsführer/in (CEO) | Mitarbeiter: 1 bis 10 | Branche: Gartenbau & -pflege'),
('a770e5af-9605-4e44-bded-71b55acd9049', 'b3e5e2e4-85f9-4c31-a3d7-4f5e014f34be', 'KALTAKQUISE', 'ACTIVE', 0, 'Funktion: Geschäftsführer/in (CEO) | Mitarbeiter: 11 bis 20 | Branche: Maschinenbauindustrie | Rechtsform: Aktiengesellschaft'),
('8d7d8a96-6849-4491-8910-a0935670c386', '92b99e73-0a1e-4a72-80e0-ca0c0c76d12c', 'KALTAKQUISE', 'ACTIVE', 0, 'Funktion: Geschäftsführer/in (CEO) | Mitarbeiter: 1 bis 10 | Branche: Metallbauer | Rechtsform: Einzelunternehmen'),
('103eeb79-8ec9-4769-b21d-268d4ad8be34', '277cfef1-889f-439e-a4a2-7bb4631ac3a2', 'KALTAKQUISE', 'ACTIVE', 0, 'Funktion: Geschäftsführer/in (CEO) | Mitarbeiter: 1 bis 10 | Branche: Spielwaren- & Babyfachhandel'),
('e9775d9f-ce29-468c-80f1-9b818b7df4ad', 'ee5f0ab3-8197-4da4-bace-7c0526471691', 'KALTAKQUISE', 'ACTIVE', 0, 'Funktion: Geschäftsführer/in (CEO) | Mitarbeiter: 1 bis 10 | Branche: Schreinerei- & Holzbaubetriebe'),
('66e052d5-a196-44dc-9cf6-f4c7d8626180', 'c411179a-1618-43ab-b30d-1186bafa6d91', 'KALTAKQUISE', 'ACTIVE', 0, 'Funktion: Geschäftsführer/in (CEO) | Mitarbeiter: 1 bis 10 | Branche: Glas-, Keramik-, Stein- & Baustoffindustrie | Rechtsform: Einzelunternehmen'),
('dc432fee-40a7-4509-8cd8-3aec139c9cc4', '3b959986-909e-4615-bc5e-87eb9a20a31e', 'KALTAKQUISE', 'ACTIVE', 0, 'Funktion: Geschäftsführer/in (CEO) | Mitarbeiter: 11 bis 20 | Branche: Bauingenieurbüros | Rechtsform: Aktiengesellschaft'),
('a67b2983-78ef-4179-852b-6fdc1dcaa31a', '75588a61-42d6-4655-9c91-973715053e0c', 'KALTAKQUISE', 'ACTIVE', 0, 'Funktion: Geschäftsführer/in (CEO) | Mitarbeiter: 1 bis 10 | Branche: Glas-, Keramik-, Stein- & Baustoffindustrie | Rechtsform: Gesellschaft mit beschränkter Haftung'),
('bd486346-d31b-4bd1-b1bc-1981d2708ead', 'ae25ed2c-5053-4084-b9da-1f90af48dbbf', 'KALTAKQUISE', 'ACTIVE', 0, 'Funktion: Geschäftsführer/in (CEO) | Mitarbeiter: 1 bis 10 | Branche: Schreinerei- & Holzbaubetriebe | Rechtsform: Gesellschaft mit beschränkter Haftung'),
('06be5274-3bd8-4560-b295-f4a1ae43035d', '891382c4-a3b0-4d88-92a3-6f2ad838644e', 'KALTAKQUISE', 'ACTIVE', 0, 'Funktion: Geschäftsführer/in (CEO) | Mitarbeiter: 1 bis 10 | Branche: Sanitär & Haustechnik | Rechtsform: Aktiengesellschaft'),
('1cb22508-f3d3-4fce-84f0-aa7752a74984', 'd07fc49e-5bac-41e4-8697-803383d356ad', 'KALTAKQUISE', 'ACTIVE', 0, 'Funktion: Geschäftsführer/in (CEO) | Mitarbeiter: 21 bis 50 | Branche: Elektroplanung & Installation | Rechtsform: Aktiengesellschaft'),
('d384669c-dea9-46f3-8537-33c634001d37', 'db0960b3-5839-4e2e-bf22-39b92b4107b2', 'KALTAKQUISE', 'ACTIVE', 0, 'Funktion: Geschäftsführer/in (CEO) | Mitarbeiter: 1 bis 10 | Branche: Treuhandbüros | Rechtsform: Gesellschaft mit beschränkter Haftung'),
('fd0571d3-47da-4cdf-ad6c-1e57f096a786', 'da04c189-e092-441a-86f2-e15c90b5a864', 'KALTAKQUISE', 'ACTIVE', 0, 'Funktion: Geschäftsführer/in (CEO) | Mitarbeiter: 1 bis 10 | Branche: Treuhandbüros | Rechtsform: Aktiengesellschaft'),
('8aeb160b-69fe-404b-9a94-27e07c8bc746', '7b2ea77f-7db5-47e2-b14b-8318008c8f6f', 'KALTAKQUISE', 'ACTIVE', 0, 'Funktion: Geschäftsführer/in (CEO) | Mitarbeiter: 1 bis 10 | Branche: Schreinerei- & Holzbaubetriebe'),
('8babe8d0-087e-4b71-a99b-a028a38db788', 'a063a8c9-5584-48da-82c6-e3c75d97c50d', 'KALTAKQUISE', 'ACTIVE', 0, 'Funktion: Geschäftsführer/in (CEO) | Mitarbeiter: 11 bis 20 | Branche: Baugeschäfte | Rechtsform: Aktiengesellschaft'),
('51d37c35-f0c0-460b-9800-258956e45ee6', 'b5ed2534-7f31-4670-ae31-d734a9ffc3d7', 'KALTAKQUISE', 'ACTIVE', 0, 'Funktion: Geschäftsführer/in (CEO) | Mitarbeiter: 1 bis 10 | Branche: Sanitär & Haustechnik | Rechtsform: Gesellschaft mit beschränkter Haftung'),
('fc052cee-2903-478c-b251-aeae5821644c', '1d1f8013-5b28-4094-8288-1ee8ad27db48', 'KALTAKQUISE', 'ACTIVE', 0, 'Funktion: Geschäftsführer/in (CEO) | Mitarbeiter: 1 bis 10 | Branche: Schreinerei- & Holzbaubetriebe'),
('6970ba0d-d6ed-400b-a597-27cb55133d8f', '75d98207-fce4-48e6-a061-c7759c5cfedc', 'KALTAKQUISE', 'ACTIVE', 0, 'Funktion: Geschäftsführer/in (CEO) | Mitarbeiter: 1 bis 10 | Branche: Elektroplanung & Installation | Rechtsform: Gesellschaft mit beschränkter Haftung'),
('0181e885-babb-4c2c-a3d1-dfb681cb6086', '182095d9-cf2b-44d8-96f9-c285849e20c0', 'KALTAKQUISE', 'ACTIVE', 0, 'Funktion: Geschäftsführer/in (CEO) | Mitarbeiter: 11 bis 20 | Branche: Logistik- & Transportunternehmen | Rechtsform: Gesellschaft mit beschränkter Haftung'),
('fc88d530-d892-4cd7-8ff0-476c46378d92', '5cb8f427-4d0c-4bd0-8ad2-86a4c8d961f0', 'KALTAKQUISE', 'ACTIVE', 0, 'Funktion: Geschäftsführer/in (CEO) | Mitarbeiter: 1 bis 10 | Branche: Divers | Rechtsform: Gesellschaft mit beschränkter Haftung'),
('6ca16676-6da2-4f6b-9538-2f7719c80cb7', 'd0eb8161-8fb0-4460-bef3-d228102e948e', 'KALTAKQUISE', 'ACTIVE', 0, 'Funktion: Geschäftsführer/in (CEO) | Mitarbeiter: 1 bis 10 | Branche: Kosmetikstudios'),
('0e593aff-f943-4679-8613-51d31a4339ec', '50b4ab24-8c5d-4e62-980f-7c8123888469', 'KALTAKQUISE', 'ACTIVE', 0, 'Funktion: Geschäftsführer/in (CEO) | Mitarbeiter: 1 bis 10 | Branche: Atem- Meditation- & Yogacenter'),
('d81c7e39-27cf-4639-88a1-cb703708680b', 'e7dff6bc-d624-418d-87fd-c0654d180232', 'KALTAKQUISE', 'ACTIVE', 0, 'Funktion: Geschäftsführer/in (CEO) | Mitarbeiter: 1 bis 10 | Branche: Kosmetikstudios'),
('26bb41ce-c604-4472-8b5c-6c7e425b6411', 'a70fd8df-8435-472b-8981-e32cb442d6c5', 'KALTAKQUISE', 'ACTIVE', 0, 'Funktion: Geschäftsführer/in (CEO) | Mitarbeiter: 1 bis 10 | Branche: Kosmetikstudios'),
('09828960-9d7e-4b2b-8aa4-a0d7d2a48fbe', '1dd97d9e-6eb3-45bb-a5c3-75be983da4cb', 'KALTAKQUISE', 'ACTIVE', 0, 'Funktion: Geschäftsführer/in (CEO) | Mitarbeiter: 1 bis 10 | Branche: Kosmetikstudios'),
('00d6c1ea-4295-4fde-9304-72039dc86e0b', '7006ba42-8212-4a06-8bfd-35abe05c4c24', 'KALTAKQUISE', 'ACTIVE', 0, 'Funktion: Geschäftsführer/in (CEO) | Mitarbeiter: 1 bis 10 | Branche: Kosmetikstudios'),
('0b3daa45-ce56-417f-9eb8-1f40c1301d68', '8aa33c66-e561-4139-be35-32af75abbd8e', 'KALTAKQUISE', 'ACTIVE', 0, 'Funktion: Geschäftsführer/in (CEO) | Mitarbeiter: 1 bis 10 | Branche: Kosmetikstudios'),
('074f089a-2514-45bc-9eb8-111770e8ec18', '6f709cf3-10d7-4c18-8711-e3ed175e9595', 'KALTAKQUISE', 'ACTIVE', 0, 'Funktion: Geschäftsführer/in (CEO) | Mitarbeiter: 1 bis 10 | Branche: Kosmetikstudios | Rechtsform: Gesellschaft mit beschränkter Haftung'),
('35e68b9b-4730-4bf6-b564-4bf03ccd765e', '7a89f86c-4cbd-46b4-bec0-47311913e788', 'KALTAKQUISE', 'ACTIVE', 0, 'Funktion: Geschäftsführer/in (CEO) | Mitarbeiter: 1 bis 10 | Branche: Kosmetikstudios'),
('64ac22f5-7f1b-4683-9dc0-78028e13ace9', '93845de4-7b40-420c-be64-a85180e4d3c0', 'KALTAKQUISE', 'ACTIVE', 0, 'Funktion: Geschäftsführer/in (CEO) | Mitarbeiter: 1 bis 10 | Branche: Kosmetikstudios'),
('00b09cd6-8654-4b58-b4b9-3478cc2e20a0', '434ecd8b-7463-46d1-8282-17a54c3edd7b', 'KALTAKQUISE', 'ACTIVE', 0, 'Funktion: Geschäftsführer/in (CEO) | Mitarbeiter: 1 bis 10 | Branche: Kosmetikstudios'),
('663ec887-2a94-4567-945a-7c3058316497', '9f96b83e-9693-474d-a36f-397c4823a083', 'KALTAKQUISE', 'ACTIVE', 0, 'Funktion: Geschäftsführer/in (CEO) | Mitarbeiter: 1 bis 10 | Branche: Unternehmensberater | Rechtsform: Gesellschaft mit beschränkter Haftung'),
('f07f8208-746a-4ef7-9efd-64886092e2b7', '1924bce7-ed15-4fd9-b2c6-48cd6b16abc7', 'KALTAKQUISE', 'ACTIVE', 0, 'Funktion: Geschäftsführer/in (CEO) | Mitarbeiter: 1 bis 10 | Branche: Kosmetikstudios'),
('6006cb86-a62a-410f-9feb-bec144e96588', '33207c61-3184-40c0-854d-c5078206c0e8', 'KALTAKQUISE', 'ACTIVE', 0, 'Funktion: Geschäftsführer/in (CEO) | Mitarbeiter: 1 bis 10 | Branche: Kosmetikstudios'),
('ffbaa378-a874-46b6-a021-28d466250c81', '77e50e37-a3c8-47da-be2c-4498bbd3208e', 'KALTAKQUISE', 'ACTIVE', 0, 'Funktion: Geschäftsführer/in (CEO) | Mitarbeiter: 1 bis 10 | Branche: Kosmetikstudios'),
('3c9b39cb-930a-4396-87f8-272f10769110', '26f334d8-7356-40b4-995d-ce86d27e522c', 'KALTAKQUISE', 'ACTIVE', 0, 'Funktion: Geschäftsführer/in (CEO) | Mitarbeiter: 1 bis 10 | Branche: Architekturbüros / Innenausstatter'),
('0589dc6d-328b-4790-9055-2d34b5534010', 'c7866341-ade7-483c-958a-9e44946af5b8', 'KALTAKQUISE', 'ACTIVE', 0, 'Funktion: Geschäftsführer/in (CEO) | Mitarbeiter: 1 bis 10 | Branche: Kosmetikstudios'),
('ea25d26b-208b-45bb-adf2-6e4a0c47cc56', '924dffc0-99e1-44cf-8ebd-70f4a204ecac', 'KALTAKQUISE', 'ACTIVE', 0, 'Funktion: Geschäftsführer/in (CEO) | Mitarbeiter: 1 bis 10 | Branche: Kosmetikstudios'),
('2f6036e4-c0fc-47ff-9ce3-1a16ee7b4669', '400a8b0a-076f-45ce-b97f-e3675118cf36', 'KALTAKQUISE', 'ACTIVE', 0, 'Funktion: Geschäftsführer/in (CEO) | Mitarbeiter: 1 bis 10 | Branche: Kosmetikstudios / Nachhaltigkeitsbereich'),
('ef38acd7-b330-46b8-84e5-8d905516066b', '552bf9b8-9917-44eb-91a1-400f850e7afb', 'KALTAKQUISE', 'ACTIVE', 0, 'Funktion: Geschäftsführer/in (CEO) | Mitarbeiter: 1 bis 10 | Branche: Kosmetikstudios'),
('033c34ab-0f92-43a5-84fc-863ca18830e7', '0278feed-1741-4bcc-b245-5c524d26059e', 'KALTAKQUISE', 'ACTIVE', 0, 'Funktion: Geschäftsführer/in (CEO) | Mitarbeiter: 1 bis 10 | Branche: Coiffeursalons'),
('fdb5b9f0-7a3f-4e94-b6d2-b746e69560d9', '0cae140c-33b1-4016-af5a-256ace4383e1', 'KALTAKQUISE', 'ACTIVE', 0, 'Funktion: Geschäftsführer/in (CEO) | Mitarbeiter: 1 bis 10 | Branche: Kosmetikstudios'),
('dfbd850b-409f-497d-aab4-6c59669e50f7', 'a9421251-63f4-4758-8865-2530f49f94a3', 'KALTAKQUISE', 'ACTIVE', 0, 'Funktion: Geschäftsführer/in (CEO) | Mitarbeiter: 1 bis 10 | Branche: Kosmetikstudios'),
('8b2b4df9-8974-414c-b97f-55dcedd6cb70', '393c68d2-86b3-4c73-a5ba-a9ca19504860', 'KALTAKQUISE', 'ACTIVE', 0, 'Funktion: Geschäftsführer/in (CEO) | Mitarbeiter: 1 bis 10 | Branche: Kosmetikstudios'),
('bc12f7e7-20d9-4a30-a411-e4549ae1be5b', 'bc26c129-6c31-44fb-9c42-bbb73bef57d3', 'KALTAKQUISE', 'ACTIVE', 0, 'Funktion: Geschäftsführer/in (CEO) | Mitarbeiter: 1 bis 10 | Branche: Kosmetikstudios'),
('29c8eb22-8137-4b8f-9216-a73c80827385', 'e79da4b0-04a2-4aa2-abb3-f3fca86d34bb', 'KALTAKQUISE', 'ACTIVE', 0, 'Funktion: Geschäftsführer/in (CEO) | Mitarbeiter: 1 bis 10 | Branche: Kosmetikstudios | Rechtsform: Einzelunternehmen'),
('5df2d1c0-4d0f-4a58-a692-ace4246c538f', '8f5252f2-6a52-49ea-bbc0-e4527b52f9d4', 'KALTAKQUISE', 'ACTIVE', 0, 'Funktion: Geschäftsführer/in (CEO) | Mitarbeiter: 1 bis 10 | Branche: Kosmetikstudios | Rechtsform: Gesellschaft mit beschränkter Haftung'),
('4ca3a7b0-e38f-4a53-b57b-556508223762', '57dda265-1f28-48eb-95c5-301eb9dae740', 'KALTAKQUISE', 'ACTIVE', 0, 'Funktion: Geschäftsführer/in (CEO) | Mitarbeiter: 1 bis 10 | Branche: Kosmetikstudios | Rechtsform: Einzelunternehmen'),
('1ca3aa9c-1953-4b3d-9c14-cb05d9e51057', '8d5536b3-dd8a-4afa-915c-03dfd8a47792', 'KALTAKQUISE', 'ACTIVE', 0, 'Funktion: Geschäftsführer/in (CEO) | Mitarbeiter: 1 bis 10 | Branche: Kosmetikstudios'),
('fa2c7d2b-d6d1-4476-afe7-8252a7d31942', '8c64c9be-777c-470b-a96b-df67d8930813', 'KALTAKQUISE', 'ACTIVE', 0, 'Funktion: Geschäftsführer/in (CEO) | Mitarbeiter: 1 bis 10 | Branche: Kosmetikstudios'),
('a75ed541-1991-460c-9a7f-d7b57a5e8a1c', '82cebbcf-acbd-4df9-b6c2-e6796ceb99de', 'KALTAKQUISE', 'ACTIVE', 0, 'Funktion: Geschäftsführer/in (CEO) | Mitarbeiter: 1 bis 10 | Branche: Kosmetikstudios'),
('d2a9ba57-9c65-4d62-99fc-93dc23e97bff', 'fe9d45fe-7dd9-4fd7-92b0-495e163f61e9', 'KALTAKQUISE', 'ACTIVE', 0, 'Funktion: Geschäftsführer/in (CEO) | Mitarbeiter: 1 bis 10 | Branche: Kosmetikstudios'),
('ca6e332f-6000-4b4f-acce-38aad76f6646', '75107fc1-9c1e-49db-8632-472029f01242', 'KALTAKQUISE', 'ACTIVE', 0, 'Funktion: Geschäftsführer/in (CEO) | Mitarbeiter: 1 bis 10 | Branche: Kosmetikstudios'),
('093a16df-0180-4315-8421-c40a64c6730b', '5cb81bc1-c53c-4069-92c4-10ca72eb9ab6', 'KALTAKQUISE', 'ACTIVE', 0, 'Funktion: Geschäftsführer/in (CEO) | Mitarbeiter: 1 bis 10 | Branche: Kosmetikstudios | Rechtsform: Einzelunternehmen'),
('999c40db-726e-4c0d-a168-9fd6b26bee80', 'a3f18cc0-c55c-46cc-90e3-db40c438a88d', 'KALTAKQUISE', 'ACTIVE', 0, 'Funktion: Geschäftsführer/in (CEO) | Mitarbeiter: 1 bis 10 | Branche: Kosmetikstudios'),
('88ade400-7b92-4541-a9d1-d69bf9307550', '936fcfe7-4493-415f-a545-045c3391bcbc', 'KALTAKQUISE', 'ACTIVE', 0, 'Funktion: Geschäftsführer/in (CEO) | Mitarbeiter: 1 bis 10 | Branche: Kosmetikstudios'),
('bb9d7c68-4327-4a30-9545-c7222371655d', '21f84c66-c392-476d-b3ec-d329064c5e30', 'KALTAKQUISE', 'ACTIVE', 0, 'Funktion: Geschäftsführer/in (CEO) | Mitarbeiter: 1 bis 10 | Branche: Kosmetikstudios'),
('b388d7a9-2103-4ac5-bd45-09073d79716d', 'f720e4e3-8bfb-48da-9749-71453e831aad', 'KALTAKQUISE', 'ACTIVE', 0, 'Funktion: Geschäftsführer/in (CEO) | Mitarbeiter: 1 bis 10 | Branche: Kosmetikstudios'),
('6ed83ccc-8c0e-4ea5-b1fb-c065ac5cf12f', '599195e5-2b9a-4b07-8e8d-632a875506d6', 'KALTAKQUISE', 'ACTIVE', 0, 'Funktion: Geschäftsführer/in (CEO) | Mitarbeiter: 1 bis 10 | Branche: Kosmetikstudios'),
('2dab2279-c009-415d-a7ff-08828f4899a7', '0cf16e73-009b-44c8-bea2-318f8be558e3', 'KALTAKQUISE', 'ACTIVE', 0, 'Funktion: Geschäftsführer/in (CEO) | Mitarbeiter: 1 bis 10 | Branche: Kosmetikstudios'),
('3dc15d97-defd-4909-8206-7c87dbd55b26', '56421b54-8310-4316-85b3-fdcdbbc37738', 'KALTAKQUISE', 'ACTIVE', 0, 'Funktion: Geschäftsführer/in (CEO) | Mitarbeiter: 1 bis 10 | Branche: Kosmetikstudios'),
('b53a9f09-6c94-4936-b259-f68d91218bcd', '22f74331-8dfa-4a22-8495-e873e3bae4f6', 'KALTAKQUISE', 'ACTIVE', 0, 'Funktion: Geschäftsführer/in (CEO) | Mitarbeiter: 1 bis 10 | Branche: Kosmetikstudios'),
('8418285e-fa7b-4bc6-af16-2f26fcd3157f', '6fdedb9a-57d5-4f95-868a-b86c2e5aeecc', 'KALTAKQUISE', 'ACTIVE', 0, 'Funktion: Geschäftsführer/in (CEO) | Mitarbeiter: 1 bis 10 | Branche: Kosmetikstudios'),
('c9b5218e-c1db-4ef1-b066-ad69b383ee47', '5d732de6-6ed3-4d24-87b0-71c4a2e452ef', 'KALTAKQUISE', 'ACTIVE', 0, 'Funktion: Geschäftsführer/in (CEO) | Mitarbeiter: 1 bis 10 | Branche: Kosmetikstudios / Naturheilpraxen | Rechtsform: Gesellschaft mit beschränkter Haftung'),
('e52ff2d2-5b3c-4d68-be37-919909f940c8', '7b00352e-c87b-4922-aa44-de2046a9fccc', 'KALTAKQUISE', 'ACTIVE', 0, 'Funktion: Geschäftsführer/in (CEO) | Mitarbeiter: 1 bis 10 | Branche: Kosmetikstudios'),
('e90ce87f-b96d-4c4d-b504-24def9ede529', '07a17a1b-4eff-411a-bb9b-63a60eb34385', 'KALTAKQUISE', 'ACTIVE', 0, 'Funktion: Geschäftsführer/in (CEO) | Mitarbeiter: 1 bis 10 | Branche: Kosmetikstudios'),
('ac99bed5-9545-42f1-9538-aaca4e6432d6', '37f61c7b-0e50-43a8-a7ad-e17dd684e9f9', 'KALTAKQUISE', 'ACTIVE', 0, 'Funktion: Geschäftsführer/in (CEO) | Mitarbeiter: 1 bis 10 | Branche: Kosmetikstudios'),
('45cfe5dd-f251-4343-9342-361ecdb91b0c', 'd2dc6ceb-095b-4988-a921-5348f0ff0b35', 'KALTAKQUISE', 'ACTIVE', 0, 'Funktion: Geschäftsführer/in (CEO) | Mitarbeiter: 1 bis 10 | Branche: Kosmetikstudios'),
('b2b17194-b390-43a1-8289-b094feb9a227', 'e8925e9b-ef45-4578-9ea1-a4df67b1e186', 'KALTAKQUISE', 'ACTIVE', 0, 'Funktion: Geschäftsführer/in (CEO) | Mitarbeiter: 1 bis 10 | Branche: Architekturbüros | Rechtsform: Gesellschaft mit beschränkter Haftung'),
('143c4621-217c-4e63-a196-ca4da1a404f9', '23a0a48b-0b96-4fb8-9bd8-94f563d570fd', 'KALTAKQUISE', 'ACTIVE', 0, 'Funktion: Geschäftsführer/in (CEO) | Mitarbeiter: 1 bis 10 | Branche: Kosmetikstudios'),
('d626a732-db4e-4c25-a33c-1e0903256278', '9c50ceea-0cf5-4967-a714-95c47c2acf34', 'KALTAKQUISE', 'ACTIVE', 0, 'Funktion: Geschäftsführer/in (CEO) | Mitarbeiter: 1 bis 10 | Branche: Kosmetikstudios'),
('1351d559-233c-40e5-b8e2-a61d332bdc97', '66d15390-3152-403e-8d7c-bbc29800b4c6', 'KALTAKQUISE', 'ACTIVE', 0, 'Funktion: Geschäftsführer/in (CEO) | Mitarbeiter: 1 bis 10 | Branche: Kosmetikstudios'),
('7313d227-1a66-45fd-955a-8ae405e2a7f4', 'b2ee2335-2ff9-4cce-9a51-aa7e9ec7dbc2', 'KALTAKQUISE', 'ACTIVE', 0, 'Funktion: Geschäftsführer/in (CEO) | Mitarbeiter: 1 bis 10 | Branche: Kosmetikstudios'),
('abdde778-6bf5-40bb-9ee2-7e5b25a67c37', '4bd02769-1f9d-4ee8-babd-7e004bec2db8', 'KALTAKQUISE', 'ACTIVE', 0, 'Funktion: Geschäftsführer/in (CEO) | Mitarbeiter: 1 bis 10 | Branche: Kosmetikstudios'),
('8d82437c-dd33-4836-af5c-6ff15e636a5f', '7aaa24ec-ad6e-46c8-82ab-f477216f8558', 'KALTAKQUISE', 'ACTIVE', 0, 'Funktion: Geschäftsführer/in (CEO) | Mitarbeiter: 1 bis 10 | Branche: Kosmetikstudios'),
('ea58a3fc-b0fc-42b3-b87e-a4c10d799c70', 'f27140a4-8cbc-41b2-b5eb-8d0981181af6', 'KALTAKQUISE', 'ACTIVE', 0, 'Funktion: Geschäftsführer/in (CEO) | Mitarbeiter: 1 bis 10 | Branche: Kosmetikstudios'),
('e31d23a9-f142-4929-bc8f-cc01569bfed3', '54417c0f-d202-4719-8217-cba9770a12b5', 'KALTAKQUISE', 'ACTIVE', 0, 'Funktion: Geschäftsführer/in (CEO) | Mitarbeiter: 1 bis 10 | Branche: Kosmetikstudios'),
('7b72d8ac-3408-4478-a1ef-892a00dc391f', 'e646af14-6305-4fef-bb0b-ad34c2c0db75', 'KALTAKQUISE', 'ACTIVE', 0, 'Funktion: Geschäftsführer/in (CEO) | Mitarbeiter: 1 bis 10 | Branche: Kosmetikstudios'),
('b762022e-a7a7-4d42-a625-78eb129440d8', '2d33d2d1-7342-48e6-9ede-f09af29a50e2', 'KALTAKQUISE', 'ACTIVE', 0, 'Funktion: Geschäftsführer/in (CEO) | Mitarbeiter: 1 bis 10 | Branche: Kosmetikstudios'),
('e0db2f92-7d8a-44d3-9e1e-b18e326e208f', '9febec08-eab8-4313-98c8-c17008ce8cc1', 'KALTAKQUISE', 'ACTIVE', 0, 'Funktion: Geschäftsführer/in (CEO) | Mitarbeiter: 1 bis 10 | Branche: Schreinerei- & Holzbaubetriebe | Rechtsform: Aktiengesellschaft'),
('4bf1c5ec-a524-40c6-930c-a48872540659', '93e9dd09-a2d0-45db-8ccb-6415e76e3440', 'KALTAKQUISE', 'ACTIVE', 0, 'Funktion: Geschäftsführer/in (CEO) | Mitarbeiter: 1 bis 10 | Branche: Kosmetikstudios'),
('15682f87-8974-4f87-8f02-1c96460da69d', 'd6e12c78-dff8-4b78-a87b-426435a0b487', 'KALTAKQUISE', 'ACTIVE', 0, 'Funktion: Geschäftsführer/in (CEO) | Mitarbeiter: 1 bis 10 | Branche: Kosmetikstudios'),
('bfc0a781-63fe-404c-ac73-f8272a70264f', '6fbf7b55-9dff-4072-93fa-c1be1dbda144', 'KALTAKQUISE', 'ACTIVE', 0, 'Funktion: Geschäftsführer/in (CEO) | Mitarbeiter: 1 bis 10 | Branche: Kosmetikstudios'),
('8a93a637-8e53-4ad4-b07e-d8196ae652e7', '0481893d-07e9-4517-ac7d-42aa5e6d9fd4', 'KALTAKQUISE', 'ACTIVE', 0, 'Funktion: Geschäftsführer/in (CEO) | Mitarbeiter: 1 bis 10 | Branche: Kosmetikstudios'),
('96ee430a-18f9-42a8-89fd-157903f90677', '07605743-0e5e-4ea0-9bab-904f9ccfb7c1', 'KALTAKQUISE', 'ACTIVE', 0, 'Funktion: Geschäftsführer/in (CEO) | Mitarbeiter: 1 bis 10 | Branche: Kosmetikstudios'),
('33eefe01-6e2a-47b5-acbf-a0f6fde5772f', '9ba9d373-4184-41ce-a3eb-01fcc8a30583', 'KALTAKQUISE', 'ACTIVE', 0, 'Funktion: Geschäftsführer/in (CEO) | Mitarbeiter: 1 bis 10 | Branche: Kosmetikstudios / Naturheilpraxen'),
('6d3d88b1-a1ed-407a-85f8-ea2dad380d56', 'aada6e43-157b-4239-98e6-2dacc1982888', 'KALTAKQUISE', 'ACTIVE', 0, 'Funktion: Geschäftsführer/in (CEO) | Mitarbeiter: 1 bis 10 | Branche: Kosmetikstudios | Rechtsform: Gesellschaft mit beschränkter Haftung'),
('f69d6ef4-ee3d-4814-af44-0ddb7526254d', '2cf80e21-e111-4131-9d45-c541c9155a69', 'KALTAKQUISE', 'ACTIVE', 0, 'Funktion: Geschäftsführer/in (CEO) | Mitarbeiter: 1 bis 10 | Branche: Kosmetikstudios'),
('1ee60e99-9272-48c6-aa22-8e44f796056b', '0950b892-9ede-4c65-8aa1-cca6b7b5525a', 'KALTAKQUISE', 'ACTIVE', 0, 'Funktion: Geschäftsführer/in (CEO) | Mitarbeiter: 1 bis 10 | Branche: Kosmetikstudios'),
('4d206d8f-ee5d-49e9-a9ef-9132ed3049ca', 'b075973f-fc36-4ff4-b091-736949aff677', 'KALTAKQUISE', 'ACTIVE', 0, 'Funktion: Geschäftsführer/in (CEO) | Mitarbeiter: 1 bis 10 | Branche: Kosmetikstudios'),
('b736baf1-b149-4fe7-bae5-2df4a1531765', '296336da-ec2d-4e9f-9a93-afe8b2a40bf3', 'KALTAKQUISE', 'ACTIVE', 0, 'Funktion: Geschäftsführer/in (CEO) | Mitarbeiter: 1 bis 10 | Branche: Kosmetikstudios'),
('af7ce19a-fe24-45ac-bf97-1b5fab28e047', 'ac778461-a98c-467d-a78b-c823b0ae71df', 'KALTAKQUISE', 'ACTIVE', 0, 'Funktion: Geschäftsführer/in (CEO) | Mitarbeiter: 1 bis 10 | Branche: Kosmetikstudios'),
('38b28399-586e-4bf7-ba34-55486607c771', 'deef9a44-ea7f-462c-833b-9126045bfdc1', 'KALTAKQUISE', 'ACTIVE', 0, 'Funktion: Geschäftsführer/in (CEO) | Mitarbeiter: 1 bis 10 | Branche: Kosmetikstudios'),
('20abd8b1-52dd-40ee-945e-36e200e67ce7', '8506eaab-165a-4b23-ad7c-0f4463ddff90', 'KALTAKQUISE', 'ACTIVE', 0, 'Funktion: Geschäftsführer/in (CEO) | Mitarbeiter: 1 bis 10 | Branche: Kosmetikstudios'),
('9efb735f-b331-42bc-9bc2-9b4b3ecb087e', '82c55633-14ea-45ec-800a-060711b056cf', 'KALTAKQUISE', 'ACTIVE', 0, 'Funktion: Geschäftsführer/in (CEO) | Mitarbeiter: 1 bis 10 | Branche: Kosmetikstudios'),
('91370b00-de41-489b-a481-ddeea3832a8f', '20423fff-e464-42e9-9bfc-90274c2c589c', 'KALTAKQUISE', 'ACTIVE', 0, 'Funktion: Geschäftsführer/in (CEO) | Mitarbeiter: 1 bis 10 | Branche: Kosmetikstudios / Naturheilpraxen'),
('4ae0cbb0-e264-4331-bd09-5c9acef98b33', '59163e66-771e-489a-afba-470d5b86307f', 'KALTAKQUISE', 'ACTIVE', 0, 'Funktion: Geschäftsführer/in (CEO) | Mitarbeiter: 1 bis 10 | Branche: Kosmetikstudios'),
('e53cb9a7-6993-46ee-bbb1-9b08813a8a3e', '002ce692-d374-44b1-8256-a6d845605472', 'KALTAKQUISE', 'ACTIVE', 0, 'Funktion: Geschäftsführer/in (CEO) | Mitarbeiter: 1 bis 10 | Branche: Kosmetikstudios'),
('8b1a24c5-3f00-4f27-b464-298d41b688b0', '41231ba4-72ff-4d5b-8d04-474c976918ba', 'KALTAKQUISE', 'ACTIVE', 0, 'Funktion: Geschäftsführer/in (CEO) | Mitarbeiter: 1 bis 10 | Branche: Kosmetikstudios'),
('315f9910-9a5c-4e33-9886-913d2a98cc1a', '58a2674c-e389-46a5-ac00-d49c73f90fa4', 'KALTAKQUISE', 'ACTIVE', 0, 'Funktion: Geschäftsführer/in (CEO) | Mitarbeiter: 1 bis 10 | Branche: Kosmetikstudios'),
('b63f5729-db18-4c94-9d54-381976a8267a', 'd958466f-8437-4283-a295-51dddcc7a3c6', 'KALTAKQUISE', 'ACTIVE', 0, 'Funktion: Geschäftsführer/in (CEO) | Mitarbeiter: 1 bis 10 | Branche: Kosmetikstudios'),
('cce0cfac-3c92-4d2f-8826-3ceba7bb294b', '2e4fc193-f3e4-4afe-a237-5fcca80e98c6', 'KALTAKQUISE', 'ACTIVE', 0, 'Funktion: Geschäftsführer/in (CEO) | Mitarbeiter: 1 bis 10 | Branche: Kosmetikstudios'),
('84385de0-d283-4550-aa57-b630b8975505', '6a9456a6-0f1f-4fab-9085-8b5a2f0b9d0c', 'KALTAKQUISE', 'ACTIVE', 0, 'Funktion: Geschäftsführer/in (CEO) | Mitarbeiter: 1 bis 10 | Branche: Architekturbüros | Rechtsform: Gesellschaft mit beschränkter Haftung'),
('6ca750c6-9998-4b8c-9bf1-6ac6c68fbdde', '197d3af3-c9b4-476b-a95e-b12c6f35a13b', 'KALTAKQUISE', 'ACTIVE', 0, 'Funktion: Geschäftsführer/in (CEO) | Mitarbeiter: 1 bis 10 | Branche: Kosmetikstudios'),
('af57363d-b622-425c-ab1d-b02dbb92b816', '7a14c187-8f16-4dae-8a99-78c0f82db45e', 'KALTAKQUISE', 'ACTIVE', 0, 'Funktion: Geschäftsführer/in (CEO) | Mitarbeiter: 1 bis 10 | Branche: Kosmetikstudios'),
('5757e967-a62e-4adf-b425-f6d417c186de', 'eac7443f-2ffc-480a-a2b3-d3960f0e2b4b', 'KALTAKQUISE', 'ACTIVE', 0, 'Funktion: Geschäftsführer/in (CEO) | Mitarbeiter: 1 bis 10 | Branche: Kosmetikstudios'),
('7e9f3578-9537-4d76-8995-e56b12a28938', '9dac1141-260b-40e2-846d-358f25c88268', 'KALTAKQUISE', 'ACTIVE', 0, 'Funktion: Geschäftsführer/in (CEO) | Mitarbeiter: 1 bis 10 | Branche: Architekturbüros'),
('8db598b9-4da5-4030-9da5-053f4208ae55', 'e98fb1aa-1e6f-4d31-a6a2-49c7fc69cd2e', 'KALTAKQUISE', 'ACTIVE', 0, 'Funktion: Geschäftsführer/in (CEO) | Mitarbeiter: 1 bis 10 | Branche: Kosmetikstudios'),
('379e9055-a238-41c2-a197-255d750b2977', '93a0477d-3b85-4841-92b7-55fab576608c', 'KALTAKQUISE', 'ACTIVE', 0, 'Funktion: Geschäftsführer/in (CEO) | Mitarbeiter: 1 bis 10 | Branche: Kosmetikstudios'),
('9859bc75-f5dc-4e52-9d3b-490c3f977f3e', 'c79b4103-36ba-4643-b5ce-125e69469f9e', 'KALTAKQUISE', 'ACTIVE', 0, 'Funktion: Geschäftsführer/in (CEO) | Mitarbeiter: 1 bis 10 | Branche: Kosmetikstudios'),
('0a38c5a3-c12e-45e4-9046-13962a49b61c', '5741556c-4d8e-46f3-835f-1609656d0ac7', 'KALTAKQUISE', 'ACTIVE', 0, 'Funktion: Geschäftsführer/in (CEO) | Mitarbeiter: 1 bis 10 | Branche: Kosmetikstudios'),
('37349e50-7812-47d3-9815-3fee9fde1b5b', '76327bad-458c-4bd4-8733-2d6dc2390206', 'KALTAKQUISE', 'ACTIVE', 0, 'Funktion: Geschäftsführer/in (CEO) | Mitarbeiter: 1 bis 10 | Branche: Architekturbüros'),
('7c50ec9c-28bc-4e5a-8a66-155e6e0f5e71', '5e5abeea-cc53-4732-a694-fb2335ff4000', 'KALTAKQUISE', 'ACTIVE', 0, 'Funktion: Geschäftsführer/in (CEO) | Mitarbeiter: 1 bis 10 | Branche: Kosmetikstudios'),
('837ed5f1-981e-4149-bb48-225869f6d165', 'e7f9c97b-5553-4c2b-bce8-0955d4b9405e', 'KALTAKQUISE', 'ACTIVE', 0, 'Funktion: Geschäftsführer/in (CEO) | Mitarbeiter: 1 bis 10 | Branche: Kosmetikstudios'),
('7f24466d-fef9-479c-964c-44337a75599f', 'a49be7a9-3b8d-4890-b087-e98521e4b7d4', 'KALTAKQUISE', 'ACTIVE', 0, 'Funktion: Geschäftsführer/in (CEO) | Mitarbeiter: 1 bis 10 | Branche: Kosmetikstudios'),
('f1f8d5ed-fa90-4a03-ba5d-0c606ca66e2c', '04edc5b2-f02a-4bf8-9e9a-650b30cf8962', 'KALTAKQUISE', 'ACTIVE', 0, 'Funktion: Geschäftsführer/in (CEO) | Mitarbeiter: 1 bis 10 | Branche: Kosmetikstudios'),
('b7ff9fff-c7c0-440f-85c4-648467260157', 'a02c5987-8ba7-453b-a12f-235d3dff1680', 'KALTAKQUISE', 'ACTIVE', 0, 'Funktion: Geschäftsführer/in (CEO) | Mitarbeiter: 1 bis 10 | Branche: Kosmetikstudios'),
('cebe28fe-f53b-41d4-a466-9037dab59aa2', '12628219-94a1-4db3-94f4-3e51770e9a70', 'KALTAKQUISE', 'ACTIVE', 0, 'Funktion: Geschäftsführer/in (CEO) | Mitarbeiter: 1 bis 10 | Branche: Kosmetikstudios'),
('6a7afde4-f6c9-4ef8-9f0b-0c614cfeb8e2', '15486369-dea7-4c5b-88f0-a64eb56162d2', 'KALTAKQUISE', 'ACTIVE', 0, 'Funktion: Geschäftsführer/in (CEO) | Mitarbeiter: 1 bis 10 | Branche: Kosmetikstudios | Rechtsform: Gesellschaft mit beschränkter Haftung'),
('b897993d-77ae-419b-8389-3cf45e46331f', '3cfc723b-c751-460c-9831-6f8e63954865', 'KALTAKQUISE', 'ACTIVE', 0, 'Funktion: Geschäftsführer/in (CEO) | Mitarbeiter: 1 bis 10 | Branche: Kosmetikstudios'),
('ea858e7d-4b38-4cbe-bcbd-d641885edcba', '65bb0ea7-08f8-435c-a032-507f45686cc0', 'KALTAKQUISE', 'ACTIVE', 0, 'Funktion: Geschäftsführer/in (CEO) | Mitarbeiter: 1 bis 10 | Branche: Kosmetikstudios'),
('75dac0ec-7c3a-48e0-b501-f7b0a8223fb3', 'e7d689ff-2058-4114-94a8-272f0644c208', 'KALTAKQUISE', 'ACTIVE', 0, 'Funktion: Geschäftsführer/in (CEO) | Mitarbeiter: 1 bis 10 | Branche: Kosmetikstudios'),
('7d2933e2-d731-4c72-a626-873ce3c80e6d', '921ea104-42c2-4b12-b7b1-fe43322f97a8', 'KALTAKQUISE', 'ACTIVE', 0, 'Funktion: Geschäftsführer/in (CEO) | Mitarbeiter: 1 bis 10 | Branche: Kosmetikstudios'),
('c67422c2-c942-42c2-951d-a22e1fb35fc7', '56893e66-b0f6-4956-987f-66a749c146f3', 'KALTAKQUISE', 'ACTIVE', 0, 'Funktion: Geschäftsführer/in (CEO) | Mitarbeiter: 1 bis 10 | Branche: Kosmetikstudios'),
('35fb280c-b419-4678-ae8b-f43c19f0f343', '7b7860d6-cfc9-476b-84aa-7a38edfe46bc', 'KALTAKQUISE', 'ACTIVE', 0, 'Funktion: Geschäftsführer/in (CEO) | Mitarbeiter: 1 bis 10 | Branche: Kosmetikstudios'),
('c0966308-6578-47bf-99d5-552d1523e272', '399e5fe2-3fc8-46cd-b62c-da5d40bb3ad0', 'KALTAKQUISE', 'ACTIVE', 0, 'Funktion: Geschäftsführer/in (CEO) | Mitarbeiter: 1 bis 10 | Branche: Kosmetikstudios'),
('041bf709-aae5-4ebb-871b-2b7d17bcce45', 'f7a8f218-28d8-476a-9ecc-e6a9c76c6464', 'KALTAKQUISE', 'ACTIVE', 0, 'Funktion: Geschäftsführer/in (CEO) | Mitarbeiter: 1 bis 10 | Branche: Kosmetikstudios'),
('2604b61b-2d5a-4888-b482-b34e34c50670', '02ad4aa4-ace6-41a4-b9e0-dfb05a45617f', 'KALTAKQUISE', 'ACTIVE', 0, 'Funktion: Geschäftsführer/in (CEO) | Mitarbeiter: 1 bis 10 | Branche: Kosmetikstudios'),
('a4001caa-ea3b-4b47-9dee-b5c261d800fe', 'e2293164-607d-42a9-a593-1496f6a285a4', 'KALTAKQUISE', 'ACTIVE', 0, 'Funktion: Geschäftsführer/in (CEO) | Mitarbeiter: 1 bis 10 | Branche: Kosmetikstudios'),
('c05c33e4-6577-4811-b9da-174b61c4ebca', '02d75cdb-2f39-4ffd-8fe3-2b4aa074d320', 'KALTAKQUISE', 'ACTIVE', 0, 'Funktion: Geschäftsführer/in (CEO) | Mitarbeiter: 1 bis 10 | Branche: Kosmetikstudios'),
('ce670eba-753d-4f0c-a01e-bd57f5d5d85b', '3acf24e2-f7e2-4348-93ef-21bbc02313e8', 'KALTAKQUISE', 'ACTIVE', 0, 'Funktion: Geschäftsführer/in (CEO) | Mitarbeiter: 1 bis 10 | Branche: Kosmetikstudios'),
('793b2d62-c04b-4291-a8aa-ed2811cb02c4', 'cd71c25f-4e15-432a-a0a7-ffbe9d6240e8', 'KALTAKQUISE', 'ACTIVE', 0, 'Funktion: Geschäftsführer/in (CEO) | Mitarbeiter: 1 bis 10 | Branche: Kosmetikstudios'),
('c923684f-814b-401a-8ec3-40d85d4c3e13', 'd5e72694-16aa-4180-935c-093890241e1e', 'KALTAKQUISE', 'ACTIVE', 0, 'Funktion: Geschäftsführer/in (CEO) | Mitarbeiter: 1 bis 10 | Branche: Kosmetikstudios'),
('3526f13a-a827-488a-86e9-3680c94c1f38', 'f6a84893-b6bb-4155-87de-ff42d92e9e0f', 'KALTAKQUISE', 'ACTIVE', 0, 'Funktion: Geschäftsführer/in (CEO) | Mitarbeiter: 1 bis 10 | Branche: Kosmetikstudios'),
('f24491a0-de0d-42b6-9a25-51e69747c3dd', 'a8e2f126-bfd3-4cb1-ae6e-f4f142acf333', 'KALTAKQUISE', 'ACTIVE', 0, 'Funktion: Geschäftsführer/in (CEO) | Mitarbeiter: 1 bis 10 | Branche: Kosmetikstudios'),
('c127ee49-2e5d-46d1-b3a9-f7afca98dcf6', '29465d22-b4f8-4eba-81a2-a8e12a17a9d0', 'KALTAKQUISE', 'ACTIVE', 0, 'Funktion: Geschäftsführer/in (CEO) | Mitarbeiter: 1 bis 10 | Branche: Kosmetikstudios'),
('91da9ebf-be16-47f8-87bf-49116cf72ec0', '91c3f39f-d70e-46f0-ab16-0ecbbcc7a112', 'KALTAKQUISE', 'ACTIVE', 0, 'Funktion: Geschäftsführer/in (CEO) | Mitarbeiter: 1 bis 10 | Branche: Kosmetikstudios'),
('c2996558-d679-4aa3-8adc-ef9b5767be7d', '21aefe8f-ec60-4b91-8077-62987c564034', 'KALTAKQUISE', 'ACTIVE', 0, 'Funktion: Geschäftsführer/in (CEO) | Mitarbeiter: 1 bis 10 | Branche: Kosmetikstudios'),
('453be130-048e-498c-a480-a55b62b5b142', 'e2685104-1f80-4002-8748-3bdbba7cf883', 'KALTAKQUISE', 'ACTIVE', 0, 'Funktion: Geschäftsführer/in (CEO) | Mitarbeiter: 1 bis 10 | Branche: Kosmetikstudios | Rechtsform: Einzelunternehmen'),
('28a1c308-cd73-498e-8e96-fd6a1997125e', '0e9a594a-6d7a-4c8b-92bf-72062fd6ba28', 'KALTAKQUISE', 'ACTIVE', 0, 'Funktion: Geschäftsführer/in (CEO) | Mitarbeiter: 1 bis 10 | Branche: Kosmetikstudios'),
('87bc02d6-6aa0-4b0e-b456-5374f1cba67c', '9f94ec4f-3b70-4e3c-9323-c64f7df7c948', 'KALTAKQUISE', 'ACTIVE', 0, 'Funktion: Geschäftsführer/in (CEO) | Mitarbeiter: 1 bis 10 | Branche: Kosmetikstudios'),
('3f0774a6-1888-4e8e-bf8d-e5b1f8ae52c2', '85dc186c-7e75-40f3-9503-6e188f88ce01', 'KALTAKQUISE', 'ACTIVE', 0, 'Funktion: Geschäftsführer/in (CEO) | Mitarbeiter: 1 bis 10 | Branche: Kosmetikstudios'),
('13ad793b-19ec-4d35-87e8-adf1db6ce626', 'e0065f46-b5e7-4b1d-8784-7e3e2aaaedc1', 'KALTAKQUISE', 'ACTIVE', 0, 'Funktion: Geschäftsführer/in (CEO) | Mitarbeiter: 1 bis 10 | Branche: Kosmetikstudios'),
('a0d05efe-ac4c-4227-892e-89da0a322cb9', '11fdd8e7-5e02-4526-9cb8-7393201caaea', 'KALTAKQUISE', 'ACTIVE', 0, 'Funktion: Geschäftsführer/in (CEO) | Mitarbeiter: 1 bis 10 | Branche: Kosmetikstudios'),
('cf871fbd-8e2c-43f3-af8f-2ceff3919560', 'ef5cb4e6-48b0-4170-9175-ac81447bbbba', 'KALTAKQUISE', 'ACTIVE', 0, 'Funktion: Geschäftsführer/in (CEO) | Mitarbeiter: 1 bis 10 | Branche: Kosmetikstudios'),
('e1aa5cc4-b53d-4aa7-a55b-da28fae550ad', 'b88afc61-2101-44a5-95e0-07002ceb8897', 'KALTAKQUISE', 'ACTIVE', 0, 'Funktion: Geschäftsführer/in (CEO) | Mitarbeiter: 1 bis 10 | Branche: Kosmetikstudios'),
('7b31e14c-fc1a-4f95-a822-5f4552f7852c', 'b1c02705-15cb-4d70-963d-641fc85803d4', 'KALTAKQUISE', 'ACTIVE', 0, 'Funktion: Geschäftsführer/in (CEO) | Mitarbeiter: 1 bis 10 | Branche: Kosmetikstudios'),
('2ffe09b4-ed67-4aa1-86da-ba42013e887a', '1d330481-e444-46b2-a230-bb5da1d177aa', 'KALTAKQUISE', 'ACTIVE', 0, 'Funktion: Geschäftsführer/in (CEO) | Mitarbeiter: 1 bis 10 | Branche: Kosmetikstudios'),
('d3c9ca41-990a-42cd-b757-96fd7c8ea943', '2a62520c-fcb6-4bfb-b1c2-15379bc387bc', 'KALTAKQUISE', 'ACTIVE', 0, 'Funktion: Geschäftsführer/in (CEO) | Mitarbeiter: 1 bis 10 | Branche: Kosmetikstudios'),
('f8352976-9ffa-434c-a6ec-8cd7a204dc97', '96b0ca1c-02e3-485c-b1e8-f650a50d9295', 'KALTAKQUISE', 'ACTIVE', 0, 'Funktion: Geschäftsführer/in (CEO) | Mitarbeiter: 1 bis 10 | Branche: Kosmetikstudios'),
('d7575140-36d7-4ee7-bb80-e23c019f405a', '01273e2c-58e3-43d6-a98b-25b20679d71c', 'KALTAKQUISE', 'ACTIVE', 0, 'Funktion: Geschäftsführer/in (CEO) | Mitarbeiter: 1 bis 10 | Branche: Kosmetikstudios'),
('5a41aeb7-2f75-4d4e-b6cb-f94ec6ed6137', 'a9ae3d8b-9639-44e8-bb6e-43e3964f1490', 'KALTAKQUISE', 'ACTIVE', 0, 'Funktion: Geschäftsführer/in (CEO) | Mitarbeiter: 1 bis 10 | Branche: Kosmetikstudios'),
('63be735e-c786-4182-8845-63f8b31c565a', 'a16f53db-07e2-4da7-b34a-18cddf0d3bf5', 'KALTAKQUISE', 'ACTIVE', 0, 'Funktion: Geschäftsführer/in (CEO) | Mitarbeiter: 1 bis 10 | Branche: Kosmetikstudios'),
('516e07cc-179a-4ff0-8152-3bd0854e7dfe', 'b8392ce8-df73-442f-8386-b5fc1c346ad5', 'KALTAKQUISE', 'ACTIVE', 0, 'Funktion: Geschäftsführer/in (CEO) | Mitarbeiter: 1 bis 10 | Branche: Kosmetikstudios'),
('397d7557-d927-4965-a39f-f30efa0b15d9', 'd596de4a-11cc-4df8-9cab-d663c757783b', 'KALTAKQUISE', 'ACTIVE', 0, 'Funktion: Geschäftsführer/in (CEO) | Mitarbeiter: 1 bis 10 | Branche: Kosmetikstudios'),
('ed162ccf-6675-46f1-8720-1b479c095db3', 'b00e8be0-3976-48dc-b13b-89ac101bdae2', 'KALTAKQUISE', 'ACTIVE', 0, 'Funktion: Geschäftsführer/in (CEO) | Mitarbeiter: 1 bis 10 | Branche: Kosmetikstudios'),
('226ff78c-d972-463b-86db-46985b0b73cf', '0ec0998f-070e-4d96-9ca4-d6999d66802b', 'KALTAKQUISE', 'ACTIVE', 0, 'Funktion: Geschäftsführer/in (CEO) | Mitarbeiter: 1 bis 10 | Branche: Kosmetikstudios'),
('50adf1d3-2710-4f26-a0d4-58a4ff9a904f', '4bedc964-d0a8-4610-be9d-bdf771cb4cec', 'KALTAKQUISE', 'ACTIVE', 0, 'Funktion: Geschäftsführer/in (CEO) | Mitarbeiter: 1 bis 10 | Branche: Kosmetikstudios'),
('ca06e9ce-d6b6-45fc-a0ba-fa5b7d83db85', '5dad0719-e7d8-44ad-b184-a547cba419fc', 'KALTAKQUISE', 'ACTIVE', 0, 'Funktion: Geschäftsführer/in (CEO) | Mitarbeiter: 1 bis 10 | Branche: Kosmetikstudios'),
('4390f2e9-0d63-435d-9842-0d3e13612fa5', '51ec8b17-570f-440e-af00-89fb9bd158b6', 'KALTAKQUISE', 'ACTIVE', 0, 'Funktion: Geschäftsführer/in (CEO) | Mitarbeiter: 1 bis 10 | Branche: Kosmetikstudios'),
('4e4d5244-6888-4cfc-86e5-b2b727347f0f', 'cde0eb32-7c68-494e-88f2-13a413576dc0', 'KALTAKQUISE', 'ACTIVE', 0, 'Funktion: Geschäftsführer/in (CEO) | Mitarbeiter: 1 bis 10 | Branche: Kosmetikstudios'),
('53f9fef5-51ed-4816-985d-2cd2f7905af2', '03b183de-6e72-4f28-8b77-290efa047d1f', 'KALTAKQUISE', 'ACTIVE', 0, 'Funktion: Geschäftsführer/in (CEO) | Mitarbeiter: 1 bis 10 | Branche: Kosmetikstudios'),
('535f8ad4-51cb-41e8-8681-85b04a02b7c9', '037fe6b0-abf2-4403-a2ee-61570bfab849', 'KALTAKQUISE', 'ACTIVE', 0, 'Funktion: Geschäftsführer/in (CEO) | Mitarbeiter: 1 bis 10 | Branche: Kosmetikstudios'),
('9628b695-129a-4f6d-8424-ef0561698b94', 'd9ae1f1a-9739-403e-9464-9932a7fcd0aa', 'KALTAKQUISE', 'ACTIVE', 0, 'Funktion: Geschäftsführer/in (CEO) | Mitarbeiter: 1 bis 10 | Branche: Kosmetikstudios | Rechtsform: Einzelunternehmen'),
('789dcf44-fcc3-4616-b368-07bd51c3a292', '8df31f27-f03d-4126-ba35-96a6842e1d1b', 'KALTAKQUISE', 'ACTIVE', 0, 'Funktion: Geschäftsführer/in (CEO) | Mitarbeiter: 1 bis 10 | Branche: Kosmetikstudios'),
('8c03ef78-26f8-4537-8619-9ffe75daee48', '370e98d0-52ed-4979-8a39-3f4c30a05c4a', 'KALTAKQUISE', 'ACTIVE', 0, 'Funktion: Geschäftsführer/in (CEO) | Mitarbeiter: 1 bis 10 | Branche: Kosmetikstudios'),
('6bba8197-b50f-42e1-94fe-843a20ff2700', '17d266c8-d0cf-4ede-a4fe-e7af06600c36', 'KALTAKQUISE', 'ACTIVE', 0, 'Funktion: Geschäftsführer/in (CEO) | Mitarbeiter: 1 bis 10 | Branche: Kosmetikstudios'),
('d6a4c997-cb39-4253-ad54-4638d8a1e5ee', '8bee6012-f364-4221-817e-38ba2a85269e', 'KALTAKQUISE', 'ACTIVE', 0, 'Funktion: Geschäftsführer/in (CEO) | Mitarbeiter: 1 bis 10 | Branche: Kosmetikstudios'),
('5b41d657-7587-41e7-acab-d7ec95801dcc', 'ba411f34-d937-4cba-ad9b-0b79fe5f71db', 'KALTAKQUISE', 'ACTIVE', 0, 'Funktion: Geschäftsführer/in (CEO) | Mitarbeiter: 1 bis 10 | Branche: Kosmetikstudios'),
('84d9b371-8bea-4a73-a657-4b857952cfd1', 'b7342dd5-ac6e-4287-9226-ffa653c797d7', 'KALTAKQUISE', 'ACTIVE', 0, 'Funktion: Geschäftsführer/in (CEO) | Mitarbeiter: 1 bis 10 | Branche: Kosmetikstudios'),
('41d2542a-f66f-4ba6-9040-5950d1eb1902', 'a4df3921-e9f2-488f-b6b9-5ede53aa5955', 'KALTAKQUISE', 'ACTIVE', 0, 'Funktion: Geschäftsführer/in (CEO) | Mitarbeiter: 1 bis 10 | Branche: Kosmetikstudios'),
('0da98d2e-da96-4bf5-a5d8-0539c4119862', '9a14249f-485d-4e03-a110-dfc6ac690eba', 'KALTAKQUISE', 'ACTIVE', 0, 'Funktion: Geschäftsführer/in (CEO) | Mitarbeiter: 1 bis 10 | Branche: Kosmetikstudios'),
('205aab1c-8439-435c-920b-7ebae6810fd3', '00862736-ff84-4c58-a40f-30a24e721959', 'KALTAKQUISE', 'ACTIVE', 0, 'Funktion: Geschäftsführer/in (CEO) | Mitarbeiter: 1 bis 10 | Branche: Kosmetikstudios'),
('39495017-b932-4330-b498-5dbab3b53c71', 'b2eec1d7-8509-4bfe-b678-3851f6e2cdaa', 'KALTAKQUISE', 'ACTIVE', 0, 'Funktion: Geschäftsführer/in (CEO) | Mitarbeiter: 1 bis 10 | Branche: Kosmetikstudios'),
('baf306a8-b758-4eab-957c-908d608e6e41', 'dfcc441f-b3dc-413d-9bac-585730627994', 'KALTAKQUISE', 'ACTIVE', 0, 'Funktion: Geschäftsführer/in (CEO) | Mitarbeiter: 1 bis 10 | Branche: Kosmetikstudios'),
('5400e593-87e4-4ae5-b1a8-901abe971bbe', 'd618c2ab-6e2f-4f62-b230-a8ed05c6c195', 'KALTAKQUISE', 'ACTIVE', 0, 'Funktion: Geschäftsführer/in (CEO) | Mitarbeiter: 1 bis 10 | Branche: Kosmetikstudios'),
('37c51dac-50a8-4b28-b1f4-354140e023b2', '7b36fcb9-95d2-412b-97b9-9ffc6975b40a', 'KALTAKQUISE', 'ACTIVE', 0, 'Funktion: Geschäftsführer/in (CEO) | Mitarbeiter: 1 bis 10 | Branche: Kosmetikstudios'),
('2faa1e19-c1bb-44ab-8e94-e772ed4b62e1', '18e1fe22-7d3b-4b3f-a2b7-9f35f4dbb034', 'KALTAKQUISE', 'ACTIVE', 0, 'Funktion: Geschäftsführer/in (CEO) | Mitarbeiter: 1 bis 10 | Branche: Kosmetikstudios'),
('20c12617-41ab-49b5-8830-fb7092c03acb', '1cc777af-3a92-4499-ab58-34cd97e3ae62', 'KALTAKQUISE', 'ACTIVE', 0, 'Funktion: Geschäftsführer/in (CEO) | Mitarbeiter: 1 bis 10 | Branche: Kosmetikstudios'),
('7ea4093e-228e-4cce-bf42-d64f20dd4f84', 'fe53dc37-2734-43ee-adb5-6b4a787127ab', 'KALTAKQUISE', 'ACTIVE', 0, 'Funktion: Geschäftsführer/in (CEO) | Mitarbeiter: 1 bis 10 | Branche: Kosmetikstudios'),
('de7e905a-5fd9-4574-8a53-23a28eb02da6', '2c172817-be6d-49bd-acf1-cc9cab22ee14', 'KALTAKQUISE', 'ACTIVE', 0, 'Funktion: Geschäftsführer/in (CEO) | Mitarbeiter: 1 bis 10 | Branche: Kosmetikstudios'),
('6d16088b-eb1d-44f3-8cae-24d70fc07309', 'e85fd518-afe8-4f6b-8acc-c0655bb3f2e6', 'KALTAKQUISE', 'ACTIVE', 0, 'Funktion: Geschäftsführer/in (CEO) | Mitarbeiter: 1 bis 10 | Branche: Kosmetikstudios');

INSERT INTO lead_tags (lead_id, tag_id) VALUES
('1e86c952-298b-40c0-aec2-bf8aeac5ef20', 'ka-b2b'),
('b9fa3da3-a28f-4201-9258-554b1deb33c3', 'ka-b2b'),
('70949079-64b0-45ac-b020-a464f20263aa', 'ka-b2b'),
('ae62ebf8-cb9e-4c21-9254-fcbcdddf2b07', 'ka-b2b'),
('87466eed-d6be-48dc-934c-d56bf1f49833', 'ka-b2b'),
('7b455f51-8bbc-4775-8240-dfb9d55acbfa', 'ka-b2b'),
('82cec804-5577-4af7-8d94-d7d0fe71b1f3', 'ka-b2b'),
('a98c4e01-6637-4d6d-aebf-3c7368e4b81b', 'ka-b2b'),
('551b5ca1-61ad-4a0b-924e-5b7fdd26b58e', 'ka-b2b'),
('c6d107fb-ffe3-43d8-a0bb-bdbb7ce4db24', 'ka-b2b'),
('7d023ad4-1049-4a24-96b0-7c5af2ccae93', 'ka-b2b'),
('512217c6-245b-4a51-8f79-73a95baca847', 'ka-b2b'),
('5ce54a2b-18ed-4f2d-a14c-942adf60544f', 'ka-b2b'),
('9d92c7e0-e3c4-42b8-8280-2bf9e6a50609', 'ka-b2b'),
('c00113e2-19e9-417c-b52f-f250413e6ff4', 'ka-b2b'),
('8bc94306-250f-471a-9599-953ce359fa59', 'ka-b2b'),
('ff41f9a0-7908-4a9a-9165-ae77c5d02282', 'ka-b2b'),
('a56dc0c3-d845-4246-95fb-41b40c8a1971', 'ka-b2b'),
('e3d1da37-90ff-402d-a111-6931663ee6b3', 'ka-b2b'),
('a770e5af-9605-4e44-bded-71b55acd9049', 'ka-b2b'),
('8d7d8a96-6849-4491-8910-a0935670c386', 'ka-b2b'),
('103eeb79-8ec9-4769-b21d-268d4ad8be34', 'ka-b2b'),
('e9775d9f-ce29-468c-80f1-9b818b7df4ad', 'ka-b2b'),
('66e052d5-a196-44dc-9cf6-f4c7d8626180', 'ka-b2b'),
('dc432fee-40a7-4509-8cd8-3aec139c9cc4', 'ka-b2b'),
('a67b2983-78ef-4179-852b-6fdc1dcaa31a', 'ka-b2b'),
('bd486346-d31b-4bd1-b1bc-1981d2708ead', 'ka-b2b'),
('06be5274-3bd8-4560-b295-f4a1ae43035d', 'ka-b2b'),
('1cb22508-f3d3-4fce-84f0-aa7752a74984', 'ka-b2b'),
('d384669c-dea9-46f3-8537-33c634001d37', 'ka-b2b'),
('fd0571d3-47da-4cdf-ad6c-1e57f096a786', 'ka-b2b'),
('8aeb160b-69fe-404b-9a94-27e07c8bc746', 'ka-b2b'),
('8babe8d0-087e-4b71-a99b-a028a38db788', 'ka-b2b'),
('51d37c35-f0c0-460b-9800-258956e45ee6', 'ka-b2b'),
('fc052cee-2903-478c-b251-aeae5821644c', 'ka-b2b'),
('6970ba0d-d6ed-400b-a597-27cb55133d8f', 'ka-b2b'),
('0181e885-babb-4c2c-a3d1-dfb681cb6086', 'ka-b2b'),
('fc88d530-d892-4cd7-8ff0-476c46378d92', 'ka-b2b'),
('6ca16676-6da2-4f6b-9538-2f7719c80cb7', 'ka-b2b'),
('0e593aff-f943-4679-8613-51d31a4339ec', 'ka-b2b'),
('d81c7e39-27cf-4639-88a1-cb703708680b', 'ka-b2b'),
('26bb41ce-c604-4472-8b5c-6c7e425b6411', 'ka-b2b'),
('09828960-9d7e-4b2b-8aa4-a0d7d2a48fbe', 'ka-b2b'),
('00d6c1ea-4295-4fde-9304-72039dc86e0b', 'ka-b2b'),
('0b3daa45-ce56-417f-9eb8-1f40c1301d68', 'ka-b2b'),
('074f089a-2514-45bc-9eb8-111770e8ec18', 'ka-b2b'),
('35e68b9b-4730-4bf6-b564-4bf03ccd765e', 'ka-b2b'),
('64ac22f5-7f1b-4683-9dc0-78028e13ace9', 'ka-b2b'),
('00b09cd6-8654-4b58-b4b9-3478cc2e20a0', 'ka-b2b'),
('663ec887-2a94-4567-945a-7c3058316497', 'ka-b2b'),
('f07f8208-746a-4ef7-9efd-64886092e2b7', 'ka-b2b'),
('6006cb86-a62a-410f-9feb-bec144e96588', 'ka-b2b'),
('ffbaa378-a874-46b6-a021-28d466250c81', 'ka-b2b'),
('3c9b39cb-930a-4396-87f8-272f10769110', 'ka-b2b'),
('0589dc6d-328b-4790-9055-2d34b5534010', 'ka-b2b'),
('ea25d26b-208b-45bb-adf2-6e4a0c47cc56', 'ka-b2b'),
('2f6036e4-c0fc-47ff-9ce3-1a16ee7b4669', 'ka-b2b'),
('ef38acd7-b330-46b8-84e5-8d905516066b', 'ka-b2b'),
('033c34ab-0f92-43a5-84fc-863ca18830e7', 'ka-b2b'),
('fdb5b9f0-7a3f-4e94-b6d2-b746e69560d9', 'ka-b2b'),
('dfbd850b-409f-497d-aab4-6c59669e50f7', 'ka-b2b'),
('8b2b4df9-8974-414c-b97f-55dcedd6cb70', 'ka-b2b'),
('bc12f7e7-20d9-4a30-a411-e4549ae1be5b', 'ka-b2b'),
('29c8eb22-8137-4b8f-9216-a73c80827385', 'ka-b2b'),
('5df2d1c0-4d0f-4a58-a692-ace4246c538f', 'ka-b2b'),
('4ca3a7b0-e38f-4a53-b57b-556508223762', 'ka-b2b'),
('1ca3aa9c-1953-4b3d-9c14-cb05d9e51057', 'ka-b2b'),
('fa2c7d2b-d6d1-4476-afe7-8252a7d31942', 'ka-b2b'),
('a75ed541-1991-460c-9a7f-d7b57a5e8a1c', 'ka-b2b'),
('d2a9ba57-9c65-4d62-99fc-93dc23e97bff', 'ka-b2b'),
('ca6e332f-6000-4b4f-acce-38aad76f6646', 'ka-b2b'),
('093a16df-0180-4315-8421-c40a64c6730b', 'ka-b2b'),
('999c40db-726e-4c0d-a168-9fd6b26bee80', 'ka-b2b'),
('88ade400-7b92-4541-a9d1-d69bf9307550', 'ka-b2b'),
('bb9d7c68-4327-4a30-9545-c7222371655d', 'ka-b2b'),
('b388d7a9-2103-4ac5-bd45-09073d79716d', 'ka-b2b'),
('6ed83ccc-8c0e-4ea5-b1fb-c065ac5cf12f', 'ka-b2b'),
('2dab2279-c009-415d-a7ff-08828f4899a7', 'ka-b2b'),
('3dc15d97-defd-4909-8206-7c87dbd55b26', 'ka-b2b'),
('b53a9f09-6c94-4936-b259-f68d91218bcd', 'ka-b2b'),
('8418285e-fa7b-4bc6-af16-2f26fcd3157f', 'ka-b2b'),
('c9b5218e-c1db-4ef1-b066-ad69b383ee47', 'ka-b2b'),
('e52ff2d2-5b3c-4d68-be37-919909f940c8', 'ka-b2b'),
('e90ce87f-b96d-4c4d-b504-24def9ede529', 'ka-b2b'),
('ac99bed5-9545-42f1-9538-aaca4e6432d6', 'ka-b2b'),
('45cfe5dd-f251-4343-9342-361ecdb91b0c', 'ka-b2b'),
('b2b17194-b390-43a1-8289-b094feb9a227', 'ka-b2b'),
('143c4621-217c-4e63-a196-ca4da1a404f9', 'ka-b2b'),
('d626a732-db4e-4c25-a33c-1e0903256278', 'ka-b2b'),
('1351d559-233c-40e5-b8e2-a61d332bdc97', 'ka-b2b'),
('7313d227-1a66-45fd-955a-8ae405e2a7f4', 'ka-b2b'),
('abdde778-6bf5-40bb-9ee2-7e5b25a67c37', 'ka-b2b'),
('8d82437c-dd33-4836-af5c-6ff15e636a5f', 'ka-b2b'),
('ea58a3fc-b0fc-42b3-b87e-a4c10d799c70', 'ka-b2b'),
('e31d23a9-f142-4929-bc8f-cc01569bfed3', 'ka-b2b'),
('7b72d8ac-3408-4478-a1ef-892a00dc391f', 'ka-b2b'),
('b762022e-a7a7-4d42-a625-78eb129440d8', 'ka-b2b'),
('e0db2f92-7d8a-44d3-9e1e-b18e326e208f', 'ka-b2b'),
('4bf1c5ec-a524-40c6-930c-a48872540659', 'ka-b2b'),
('15682f87-8974-4f87-8f02-1c96460da69d', 'ka-b2b'),
('bfc0a781-63fe-404c-ac73-f8272a70264f', 'ka-b2b'),
('8a93a637-8e53-4ad4-b07e-d8196ae652e7', 'ka-b2b'),
('96ee430a-18f9-42a8-89fd-157903f90677', 'ka-b2b'),
('33eefe01-6e2a-47b5-acbf-a0f6fde5772f', 'ka-b2b'),
('6d3d88b1-a1ed-407a-85f8-ea2dad380d56', 'ka-b2b'),
('f69d6ef4-ee3d-4814-af44-0ddb7526254d', 'ka-b2b'),
('1ee60e99-9272-48c6-aa22-8e44f796056b', 'ka-b2b'),
('4d206d8f-ee5d-49e9-a9ef-9132ed3049ca', 'ka-b2b'),
('b736baf1-b149-4fe7-bae5-2df4a1531765', 'ka-b2b'),
('af7ce19a-fe24-45ac-bf97-1b5fab28e047', 'ka-b2b'),
('38b28399-586e-4bf7-ba34-55486607c771', 'ka-b2b'),
('20abd8b1-52dd-40ee-945e-36e200e67ce7', 'ka-b2b'),
('9efb735f-b331-42bc-9bc2-9b4b3ecb087e', 'ka-b2b'),
('91370b00-de41-489b-a481-ddeea3832a8f', 'ka-b2b'),
('4ae0cbb0-e264-4331-bd09-5c9acef98b33', 'ka-b2b'),
('e53cb9a7-6993-46ee-bbb1-9b08813a8a3e', 'ka-b2b'),
('8b1a24c5-3f00-4f27-b464-298d41b688b0', 'ka-b2b'),
('315f9910-9a5c-4e33-9886-913d2a98cc1a', 'ka-b2b'),
('b63f5729-db18-4c94-9d54-381976a8267a', 'ka-b2b'),
('cce0cfac-3c92-4d2f-8826-3ceba7bb294b', 'ka-b2b'),
('84385de0-d283-4550-aa57-b630b8975505', 'ka-b2b'),
('6ca750c6-9998-4b8c-9bf1-6ac6c68fbdde', 'ka-b2b'),
('af57363d-b622-425c-ab1d-b02dbb92b816', 'ka-b2b'),
('5757e967-a62e-4adf-b425-f6d417c186de', 'ka-b2b'),
('7e9f3578-9537-4d76-8995-e56b12a28938', 'ka-b2b'),
('8db598b9-4da5-4030-9da5-053f4208ae55', 'ka-b2b'),
('379e9055-a238-41c2-a197-255d750b2977', 'ka-b2b'),
('9859bc75-f5dc-4e52-9d3b-490c3f977f3e', 'ka-b2b'),
('0a38c5a3-c12e-45e4-9046-13962a49b61c', 'ka-b2b'),
('37349e50-7812-47d3-9815-3fee9fde1b5b', 'ka-b2b'),
('7c50ec9c-28bc-4e5a-8a66-155e6e0f5e71', 'ka-b2b'),
('837ed5f1-981e-4149-bb48-225869f6d165', 'ka-b2b'),
('7f24466d-fef9-479c-964c-44337a75599f', 'ka-b2b'),
('f1f8d5ed-fa90-4a03-ba5d-0c606ca66e2c', 'ka-b2b'),
('b7ff9fff-c7c0-440f-85c4-648467260157', 'ka-b2b'),
('cebe28fe-f53b-41d4-a466-9037dab59aa2', 'ka-b2b'),
('6a7afde4-f6c9-4ef8-9f0b-0c614cfeb8e2', 'ka-b2b'),
('b897993d-77ae-419b-8389-3cf45e46331f', 'ka-b2b'),
('ea858e7d-4b38-4cbe-bcbd-d641885edcba', 'ka-b2b'),
('75dac0ec-7c3a-48e0-b501-f7b0a8223fb3', 'ka-b2b'),
('7d2933e2-d731-4c72-a626-873ce3c80e6d', 'ka-b2b'),
('c67422c2-c942-42c2-951d-a22e1fb35fc7', 'ka-b2b'),
('35fb280c-b419-4678-ae8b-f43c19f0f343', 'ka-b2b'),
('c0966308-6578-47bf-99d5-552d1523e272', 'ka-b2b'),
('041bf709-aae5-4ebb-871b-2b7d17bcce45', 'ka-b2b'),
('2604b61b-2d5a-4888-b482-b34e34c50670', 'ka-b2b'),
('a4001caa-ea3b-4b47-9dee-b5c261d800fe', 'ka-b2b'),
('c05c33e4-6577-4811-b9da-174b61c4ebca', 'ka-b2b'),
('ce670eba-753d-4f0c-a01e-bd57f5d5d85b', 'ka-b2b'),
('793b2d62-c04b-4291-a8aa-ed2811cb02c4', 'ka-b2b'),
('c923684f-814b-401a-8ec3-40d85d4c3e13', 'ka-b2b'),
('3526f13a-a827-488a-86e9-3680c94c1f38', 'ka-b2b'),
('f24491a0-de0d-42b6-9a25-51e69747c3dd', 'ka-b2b'),
('c127ee49-2e5d-46d1-b3a9-f7afca98dcf6', 'ka-b2b'),
('91da9ebf-be16-47f8-87bf-49116cf72ec0', 'ka-b2b'),
('c2996558-d679-4aa3-8adc-ef9b5767be7d', 'ka-b2b'),
('453be130-048e-498c-a480-a55b62b5b142', 'ka-b2b'),
('28a1c308-cd73-498e-8e96-fd6a1997125e', 'ka-b2b'),
('87bc02d6-6aa0-4b0e-b456-5374f1cba67c', 'ka-b2b'),
('3f0774a6-1888-4e8e-bf8d-e5b1f8ae52c2', 'ka-b2b'),
('13ad793b-19ec-4d35-87e8-adf1db6ce626', 'ka-b2b'),
('a0d05efe-ac4c-4227-892e-89da0a322cb9', 'ka-b2b'),
('cf871fbd-8e2c-43f3-af8f-2ceff3919560', 'ka-b2b'),
('e1aa5cc4-b53d-4aa7-a55b-da28fae550ad', 'ka-b2b'),
('7b31e14c-fc1a-4f95-a822-5f4552f7852c', 'ka-b2b'),
('2ffe09b4-ed67-4aa1-86da-ba42013e887a', 'ka-b2b'),
('d3c9ca41-990a-42cd-b757-96fd7c8ea943', 'ka-b2b'),
('f8352976-9ffa-434c-a6ec-8cd7a204dc97', 'ka-b2b'),
('d7575140-36d7-4ee7-bb80-e23c019f405a', 'ka-b2b'),
('5a41aeb7-2f75-4d4e-b6cb-f94ec6ed6137', 'ka-b2b'),
('63be735e-c786-4182-8845-63f8b31c565a', 'ka-b2b'),
('516e07cc-179a-4ff0-8152-3bd0854e7dfe', 'ka-b2b'),
('397d7557-d927-4965-a39f-f30efa0b15d9', 'ka-b2b'),
('ed162ccf-6675-46f1-8720-1b479c095db3', 'ka-b2b'),
('226ff78c-d972-463b-86db-46985b0b73cf', 'ka-b2b'),
('50adf1d3-2710-4f26-a0d4-58a4ff9a904f', 'ka-b2b'),
('ca06e9ce-d6b6-45fc-a0ba-fa5b7d83db85', 'ka-b2b'),
('4390f2e9-0d63-435d-9842-0d3e13612fa5', 'ka-b2b'),
('4e4d5244-6888-4cfc-86e5-b2b727347f0f', 'ka-b2b'),
('53f9fef5-51ed-4816-985d-2cd2f7905af2', 'ka-b2b'),
('535f8ad4-51cb-41e8-8681-85b04a02b7c9', 'ka-b2b'),
('9628b695-129a-4f6d-8424-ef0561698b94', 'ka-b2b'),
('789dcf44-fcc3-4616-b368-07bd51c3a292', 'ka-b2b'),
('8c03ef78-26f8-4537-8619-9ffe75daee48', 'ka-b2b'),
('6bba8197-b50f-42e1-94fe-843a20ff2700', 'ka-b2b'),
('d6a4c997-cb39-4253-ad54-4638d8a1e5ee', 'ka-b2b'),
('5b41d657-7587-41e7-acab-d7ec95801dcc', 'ka-b2b'),
('84d9b371-8bea-4a73-a657-4b857952cfd1', 'ka-b2b'),
('41d2542a-f66f-4ba6-9040-5950d1eb1902', 'ka-b2b'),
('0da98d2e-da96-4bf5-a5d8-0539c4119862', 'ka-b2b'),
('205aab1c-8439-435c-920b-7ebae6810fd3', 'ka-b2b'),
('39495017-b932-4330-b498-5dbab3b53c71', 'ka-b2b'),
('baf306a8-b758-4eab-957c-908d608e6e41', 'ka-b2b'),
('5400e593-87e4-4ae5-b1a8-901abe971bbe', 'ka-b2b'),
('37c51dac-50a8-4b28-b1f4-354140e023b2', 'ka-b2b'),
('2faa1e19-c1bb-44ab-8e94-e772ed4b62e1', 'ka-b2b'),
('20c12617-41ab-49b5-8830-fb7092c03acb', 'ka-b2b'),
('7ea4093e-228e-4cce-bf42-d64f20dd4f84', 'ka-b2b'),
('de7e905a-5fd9-4574-8a53-23a28eb02da6', 'ka-b2b'),
('6d16088b-eb1d-44f3-8cae-24d70fc07309', 'ka-b2b');
