-- Batch 107 (200 records)
INSERT INTO contacts (id, first_name, last_name, email, phone, company, address) VALUES
('3becfee0-2d87-47f8-8bfc-6ffb45cd94b6', 'Martin', 'Tschilar', 'info@e-servis.ch', '032 313 51 25', 'E - Servis Planungs GmbH', 'Neuenburgstrasse 5, 3236 Gampelen, Bern'),
('e3db27ca-b839-49ab-87ad-803144f80d5b', 'Lukas', 'Metzler', 'voile@emweaving.com', '071 385 55 52', 'E & M Manufacturing GmbH', 'Sonnenstrasse 7, 9200 Gossau, St. Gallen'),
('212d23c6-869a-4a8c-8995-24955dc5c259', 'Gjuljsime', 'Ramadani', 'info@eaplattenbelaege.ch', '079 157 16 16', 'E + A Plattenbeläge GmbH', 'Tösstalstrasse 86, 8400 Winterthur, Zürich'),
('89442fb2-56f5-47c5-b469-01d6cd0e55cb', 'Urs', 'Vifian', 'vifian.arch@bluewin.ch', '031 731 13 13', 'E + H Vifian + Partner Dipl Arch AG', 'Wellenried, 3150 Schwarzenburg, Bern'),
('ec40fb44-011e-42f8-bebc-80e0877023c3', 'Stephan', 'Locks', 'info@eloag.com', '071 667 04 04', 'E + L Portfolio-Management AG', 'Poststrasse 22b, 8274 Tägerwilen, Thurgau'),
('579c5d8e-19a2-4597-8226-f04fbf78b602', 'Martin', 'Sterki', 'martin.sterki@ep-architekten.ch', '032 625 81 10', 'E + P Architekten AG', 'Weissensteinstrasse 2, 4500 Solothurn, Solothurn'),
('ef6ce4f1-89e2-4758-97e7-40161a082b73', 'Erika', 'Csaki', 'info@e-consultinggmbh.ch', '079 742 42 78', 'E Consulting GmbH', 'Rehetobelstrasse 64a, 9016 St. Gallen, St. Gallen'),
('b1527809-efb8-4f9b-9547-2d12f0cd6f50', 'Gregor', 'Lack', 'info@eundl-keramik.ch', '062 296 29 64', 'E und L Keramik GmbH', 'Weidweg 1, 4600 Olten, Solothurn'),
('f53ec556-29ab-46e1-96d7-c520f9aa7d4a', 'Gazmend', 'Idrizi', 'info@ee-kuechenbau.ch', '076 580 67 72', 'E&E Küchenbau Idrizi', 'Maurerweg 8a, 2503 Biel/Bienne, Bern'),
('d7356e7a-2fb3-4a13-ace0-d9492c927ab3', 'Markus', 'Jäger', 'info@eo-treuhand.ch', '071 278 10 10', 'e&o treuhand GmbH', 'Lärchenhügel 1, 9032 Engelburg, St. Gallen'),
('0d43e437-72a4-4920-8a29-b40d171366ab', 'Hans', 'Egloff', 'info@ep-immo.ch', '041 672 90 62', 'E&P Immo AG', 'Industriestrasse 21, 6055 Alpnach, Obwalden'),
('8ea708d7-ebaa-48b5-a925-f4eb0b058ee9', 'Ernst', 'Marti', 'marti-druck@bluewin.ch', '031 751 38 00', 'E. & E. Marti Satz und Druck', 'Bernstrasse 122, 3212 Kleingurmels, Fribourg/Freiburg'),
('b0949454-d763-4031-b440-0fcfe2add4f7', 'Lukas', 'Winiger', 'lukas.winiger@winigertransporte.ch', '079 424 56 10', 'E. & L. Winiger Transporte', 'Isenrietstrasse 11, 8617 Mönchaltorf, Zürich'),
('2c2f0380-547f-4706-a0d9-ab454499b35f', 'Mike', 'Forrer', 'm.forrer@forrer-gartenbau.ch', '044 784 27 07', 'E. & R. Forrer Gartenbau AG', 'Churerstrasse 16, 8808 Pfäffikon, Schwyz'),
('c4145812-fc34-422e-85e2-7d35980b7f09', 'Thomas', 'Schmidli', 'info@schmidli-architektur.ch', '061 756 80 30', 'E. + Th. Schmidli Architektur + Immobilien GmbH', 'Hauptstrasse 88, 4147 Aesch, Basel-Land'),
('ef5d5a17-62ae-40b4-86dd-3d9ae2193065', 'Walter', 'Karpf', 'bremgarten@karpf.ch', '056 631 27 71', 'E. + W. Karpf AG', 'Zufikerstrasse 4, 5620 Bremgarten, Aargau'),
('eea32007-b4ac-4ba6-b3f4-e839ac5f941c', 'Erich', 'Abderhalden', 'info@elektro-abderhalden.ch', '044 720 04 53', 'E. Abderhalden', 'Gotthardstrasse 45, 8800 Thalwil, Zürich'),
('f1e37759-0a58-40fd-a574-69950d676ca8', 'Emil', 'Bächi', 'info@baechi.ch', '044 270 80 80', 'E. Bächi Holzbau AG', 'Rietweg 7, 8424 Embrach, Zürich'),
('854f5e3d-06f6-4e63-8aaf-28951b96f12c', 'Yves', 'Beck', 'info@beck-industrieservices.ch', '062 776 40 40', 'E. Beck GmbH', 'Dorfstrasse 17, 5727 Oberkulm, Aargau'),
('86596555-030a-4590-87a4-11eec353c990', 'Erik', 'Bezemer', 'info@bezemer.ch', '081 723 51 11', 'E. Bezemer, Physio Training Center GmbH', 'Grossfeldstrasse 5, 8887 Mels, St. Gallen'),
('c65bb4f7-4204-4ad5-aa82-07eeb837857b', 'Orlando', 'Hügli', 'o.huegli@bieri-ag.ch', '079 221 48 55', 'E. Bieri AG', 'Bützbergstrasse 2, 4912 Aarwangen, Bern'),
('f457a54c-87e9-4edf-8f42-2b18cb7be4c7', 'Reto', 'Lauper', 'service@bigler-transporte.ch', '031 951 00 14', 'E. Bigler Transporte AG', 'Feldstrasse 55, 3073 Gümligen, Bern'),
('ab0f1f09-4706-40fb-9b06-e24d7ca89c59', 'Jürg', 'Büchel', 'info@e-buechelag.ch', '071 761 40 41', 'E. Büchel AG', 'Nordstrasse 13, 9463 Oberriet, St. Gallen'),
('291b1764-51cd-42e8-8185-c115a4ab64e2', 'Ernst', 'Buff', 'info@buffbau.ch', '031 951 25 15', 'E. Buff Bau AG', 'Pelikanweg 6, 3074 Muri b. Bern, Bern'),
('8ff6e278-409f-42e5-a5cc-851a44789d2c', 'Minir', 'Memeti', 'info@buergi-gartenbau.ch', '062 926 36 56', 'E. Bürgi Gartenbau Inhaber Memeti', 'Zürichstrasse 43, 4665 Oftringen, Aargau'),
('ce8ff5ff-fe50-460e-a82f-a2ad1087c9b0', 'Erwin', 'Buschor', 'schreinerei-buschor@bluewin.ch', '071 755 13 71', 'E. Buschor Schreinerei', 'Oberrieterstrasse 43a, 9450 Altstätten, St. Gallen'),
('ecbc8b53-3924-47a1-8692-82dcf17be2a3', 'Egidio', 'Costinha', 'info@e-costinha.ch', '044 865 45 45', 'E. Costinha GmbH', 'Zürcherstrasse 43, 8426 Lufingen, Zürich'),
('566665c1-361f-4b10-bf65-7bbb05eecd61', 'Ernst', 'Dunkel-Kramer', 'e.dunkel@bluewin.ch', '033 222 62 13', 'E. Dunkel AG', 'Mittlere Strasse 83, 3600 Thun, Bern'),
('028820b5-4e4f-4626-86fd-c12a9f65e038', 'Hans', 'Gurtner', 'info@geider.ch', '062 824 93 15', 'E. Geider AG', 'Steinachermatt 3, 5033 Buchs, Aargau'),
('2c2c59fb-7709-472e-bee5-c35a6b1a2667', 'Damian', 'Kreuzer', 'kreuzer-sch@bluewin.ch', '061 983 00 50', 'E. Hofmann & Co. Akustik & Elektronik', 'Fabrikweg 2, 4460 Gelterkinden, Basel-Land'),
('455940d3-cb07-4ea8-bd81-658f724de9d1', 'Claudia', 'Sommerhalder', 'mail@e-howald.ch', '079 647 00 92', 'E. Howald AG', 'Obermatten 21, 5742 Kölliken, Aargau'),
('90ea0c93-b052-4be3-a1db-8c4b18c73d62', 'Peter', 'Manzoni', 'basel@ekaltag.ch', '061 306 36 36', 'E. Kalt AG', 'Belchenstrasse 6, 4054 Basel, Basel-Stadt'),
('2973d6ba-0f87-45a6-ac57-d8b200e36aa2', 'Daniel', 'Hösli', 'info@kamm-baut.ch', '055 614 61 00', 'E. Kamm AG', 'Tiefenwinkel 21, 8874 Mühlehorn, Glarus'),
('b1c8907a-7a09-4b20-a8fc-a3551f8873bc', 'Daniel', 'Rieser', 'd.rieser@kasper.ch', '071 914 80 00', 'E. Kasper AG', 'Bildfeldstrasse 1, 9552 Bronschhofen, St. Gallen'),
('b6f7456c-4b93-45ed-af8b-1b8cb3d04d89', 'Sibylle', 'Kern', 'kern.pharma@bluewin.ch', '055 610 27 27', 'E. Kern AG', 'Hauptstrasse 23, 8867 Niederurnen, Glarus'),
('ec5fdfcc-3f86-4060-9fd1-0a6c399e8d9c', 'Peter', 'Röthlin', 'p.roethlin@elektrobaer-group.ch', '044 809 72 22', 'E. Kessler AG', 'Wallisellerstrasse 19, 8152 Glattbrugg, Zürich'),
('db714741-93db-46b0-abe2-3a06638c7f72', 'Pius', 'Koller', 'pius@koller-zimmerei.ch', '056 634 21 48', 'E. Koller Zimmerei AG', 'Im Letten, 8917 Oberlunkhofen, Aargau'),
('ecdb7b8e-2fc3-4fc4-80b4-62e511d68e77', 'Hansruedi', 'Kollmar', 'info@kuendigag.ch', '041 310 11 33', 'E. Kündig AG Kriens', 'Motelstrasse 1, 6010 Kriens, Luzern'),
('f48afc95-07e8-4679-89d8-2d8765e44e40', 'Eduard', 'Leemann', 'info@garage-leemann.ch', '044 867 16 10', 'E. Leemann AG', 'Roggenfarstrasse 1, 8193 Eglisau, Zürich'),
('b9686fea-4af2-4cf2-aac8-94753abd24ed', 'Fabian', 'Luccarini', 'luccarini@luterbach-ag.ch', '041 464 35 06', 'E. Luterbach AG', 'Mülacher 10, 6024 Hildisrieden, Luzern'),
('64ca2ab5-0fcb-4abd-b41f-4099f123606a', 'Ernst', 'Marti', 'info@martimetall.ch', '055 642 12 03', 'E. Marti AG', 'Sernftalstrasse 42, 8765 Engi, Glarus'),
('3e128808-b015-4d5b-8d96-df11c47d9692', 'Romeo', 'Mattioni', 'mattioni@bluemail.ch', '032 384 39 24', 'E. Mattioni GmbH', 'Industriering 7, 3250 Lyss, Bern'),
('d8ac9de9-7db8-45ac-947d-b2deb123436b', 'Markus', 'Schürch', 'markus.schuerch@meiergartenbau.ch', '044 844 18 55', 'E. Meier Gartenbau AG', 'Fabrikstrasse 1, 8107 Buchs, Zürich'),
('1cf89980-91b2-4df9-8128-60fbb8d7c771', 'Erich', 'Mühlemann', 'muehlemann.gmbh@bluewin.ch', '055 282 39 27', 'E. Mühlemann GmbH', 'Lenzikon 33b, 8732 Neuhaus, St. Gallen'),
('ee81866d-d787-433b-89b7-517b0dff613a', 'Ernst', 'Nüesch', 'info@en-holz.ch', '071 722 16 12', 'E. Nüesch-Kuster & Co.', 'Mühlsteinstrasse 15, 9436 Balgach, St. Gallen'),
('aa120dff-4f43-44a5-a133-981b86103dc7', 'Roland', 'Nützi', 'info@nuetziag.ch', '062 926 13 23', 'E. Nützi Söhne AG', 'Murgenthalerstrase 81, 4628 Wolfwil, Solothurn'),
('2f4b5e18-2167-4618-b5ea-5266f9b226ca', 'Tobias', 'Pfister', 'tp@metallpfister.ch', '044 807 10 01', 'E. Pfister & Cie AG', 'Brüelstrasse 4, 8157 Dielsdorf, Zürich'),
('d35a276f-0f2b-4a67-aa39-a182b0c77a07', 'Philipp', 'Rihs', 'philipp.rihs@rihs.ch', '032 644 26 00', 'E. Rihs AG', 'Grenchenstrasse 52, 2544 Bettlach, Solothurn'),
('fcfb0918-e2db-4b69-b7e9-9ff3afc57f3b', 'Samuel', 'Pulver', 's.pulver@espulver.ch', '033 972 13 41', 'E. S. Pulver Bauingenieure AG', 'Kreuzgasse 8, 3860 Meiringen, Bern'),
('ca9f92e9-15c9-477c-a737-89158a38933e', 'Erich', 'Salvisberg', 'info@salvisbergag.ch', '034 460 35 35', 'E. Salvisberg AG', 'Hauptstrasse 71, 3417 Rüegsau, Bern'),
('445e95ca-3b23-4cae-aeb1-8f75b5d56047', 'Urs', 'Schellenberg', 'u.schellenberg@estextildruck.ch', '044 954 88 67', 'E. Schellenberg Textildruck AG', 'Alte Wermatswilerstrasse 4, 8320 Fehraltorf, Zürich'),
('de09b56f-0121-46b0-8ac5-533000cd5f81', 'Ernesto', 'Schlatter', 'e.schlatter@schlattergartenbau.ch', '079 215 19 67', 'E. Schlatter Gartenbau GmbH', 'Forchstrasse 710, 8704 Herrliberg, Zürich'),
('af125d3e-815e-42ae-b4f7-c64e9c82ecdb', 'Michael', 'Schlums', 'info@schlums-gartenbau.ch', '044 821 37 75', 'E. Schlums Gartenbau und Unterhalt AG', 'Eichstockstrasse 12, 8600 Dübendorf, Zürich'),
('abad549d-0ab4-431e-a8f6-b469cb117b0c', 'Erich', 'Schütz', 'eric.schuetz@schuetz-ums.ch', '032 621 83 66', 'E. Schütz Umwelt- und Managementsysteme GmbH', 'Alte Bernstrasse 28, 4500 Solothurn, Solothurn'),
('2fc5808a-67ab-4e8f-a91d-3e067b966f9e', 'Peca', 'Petrovic', 'info@e-soland.ch', '056 441 25 09', 'E. Soland GmbH', 'Aegertenstrasse 13, 5200 Brugg, Aargau'),
('9d8eeac4-c88a-44f6-bd2f-d5c259f122fc', 'Elliot', 'Tamo', 'info@tamo-maler.ch', '076 576 45 56', 'E. Tamo Malergeschäft & Reinigung', 'Frymannstrasse 56, 8041 Zürich, Zürich'),
('8d59a285-5fd9-4655-9968-6aeb30dfd1e2', 'Christian', 'Renold', 'info@ethomannag.ch', '061 861 11 20', 'E. Thomann AG', 'Kapellenstrasse 4, 4323 Wallbach, Aargau'),
('6c1ae9bf-ae56-438d-bf4f-42d864d073a7', 'Res', 'Binggeli', 'binggeli@thomiag.ch', '032 396 00 41', 'E. Thomi AG', 'Bühlstrasse 25, 3272 Walperswil, Bern'),
('435fbba6-9342-4c81-aa8b-36108564ba34', 'Markus', 'Thurnherr', 'info@thurnherr-ag.ch', '071 761 34 56', 'E. Thurnherr AG', 'Gütlistrasse 27, 9463 Oberriet, St. Gallen'),
('853bf606-d782-4936-88f4-19ef4dd8dd69', 'Arsim', 'Totaj', 'willkommen@baecker-kaenzig.ch', '044 715 40 11', 'E. und F. Känzig AG', 'Bahnhofstrasse 5, 8802 Kilchberg, Zürich'),
('2530993b-0018-48df-be7e-1cac686fbfc1', 'Christophe', 'Vauclair', 'christophe.vauclair@vauclair.ch', '032 344 06 06', 'E. Vauclair SA', 'Westerholz 5, 2500 Biel/Bienne, Bern'),
('eb5927c4-bca8-4817-89c0-cdaa01d4f135', 'Erwin', 'Wanger', 'e.wanger@wanger-architekten.ch', '043 244 20 13', 'E. Wanger AG', 'Seestrasse 81, 8803 Rüschlikon, Zürich'),
('802e9857-3de1-48b0-ae61-7f19d9636664', 'Markus', 'Heiniger', 'info.zurich@webstar.ch', '044 274 82 82', 'E. Weber & Cie AG', 'Förrlibuckstrasse 220, 8005 Zürich, Zürich'),
('a5182c8a-ee43-413a-9f90-e2422f929b63', 'Ueli', 'Weber', 'ueli.weber@weber-wattwil.ch', '071 987 59 10', 'E. Weber AG / GU WECOWA', 'Ebnaterstrasse 79, 9630 Wattwil, St. Gallen'),
('edb6bcb3-bda7-467d-96a3-06e37872d3a1', 'Roger', 'Jess', 'e.wengerag@bluewin.ch', '034 422 12 80', 'E. Wenger AG', 'Steinhofstrasse 69, 3400 Burgdorf, Bern'),
('c2408bf0-a7ef-4668-90bc-61048389b34e', 'Markus', 'Wenger', 'markus.wenger@e-wenger.ch', '031 868 40 80', 'E. Wenger Schreinerei AG', 'Dammweg 21, 3053 Münchenbuchsee, Bern'),
('edd5e654-d547-4110-8efb-616e9424df08', 'Thomas', 'Scheiber', 'ts@ewagsuhr.ch', '062 855 08 80', 'E. Widmer AG', 'Tramstrasse 47, 5034 Suhr, Aargau'),
('28fb5cfd-cb1b-4708-8049-adab06f3ea7c', 'Markus', 'Donzé', 'info@widmermetall.ch', '032 341 36 45', 'E. Widmer Metallbau AG', 'Lengnaustrasse 22, 2504 Biel/Bienne, Bern'),
('f9ca24e1-fb98-425a-9d10-8acb1d5da952', 'Thomas', 'Zimmermann', 'info@fenster-ziwi.ch', '041 970 14 38', 'E. Zimmermann AG', 'Menzbergstrasse 46, 6130 Willisau, Luzern'),
('551a858c-1e1b-461e-bada-82d8979ca6a6', 'Peter', 'Zünd', 'p.zuend@zuend-haustechnik.ch', '062 797 13 33', 'E. Zünd Haustechnik AG', 'Dorfstrasse 17, 5745 Safenwil, Aargau'),
('8621a570-6652-485f-85e9-ae52c08a5e32', 'Reto', 'Ehlers', 'reto.ehlers@ec-fischer.ch', '041 259 09 17', 'E.C. Fischer AG', 'Florastrasse 12, 6014 Luzern, Luzern'),
('c1aeeabc-0267-45c9-b641-cd01fb81eb4b', 'Benedetto', 'Ricciardi', 'benedetto.ricciardi@eecom.ch', '043 233 60 83', 'E.e.com Elektroanlagen AG', 'Hertistrasse 29, 8304 Wallisellen, Zürich'),
('1c0b5f67-eea3-4ecf-9536-455829f82b07', 'Mario', 'De Corso', 'info@eecommerce.ch', '043 233 63 00', 'E.e.commerce GmbH', 'Hertistrasse 29, 8304 Wallisellen, Zürich'),
('2de7f0b2-4ab8-4312-9a66-eb3bad5ee236', 'Benno', 'Rudolf', 'info.switzerland@egoproducts.com', '041 728 70 10', 'E.G.O. Elektro - Geräte AG', 'Hinterbergstrasse 38b, 6312 Steinhausen, Zug'),
('6d33f7dd-9eae-4c7c-ae99-4465a74896c1', 'Hans', 'Beer', 'hans.beer@gmuer.ch', '044 446 88 88', 'E.J. Gmür AG', 'Aargauerstrasse 1, 8048 Zürich, Zürich'),
('944d71fc-496d-415f-98ff-c42796ac72de', 'Peter', 'Birrer', 'info@elutzag.ch', '041 260 77 77', 'E.Lutz AG', 'Rothenring 9a, 6015 Luzern, Luzern'),
('32367a4f-dcef-49ab-8150-9c806be22660', 'Roberto', 'Giustiniani', 'roberto.giustiniani@eoknecht.ch', '044 383 35 50', 'E.O. Knecht AG', 'Aargauerstrasse 180, 8048 Zürich, Zürich'),
('e25657fd-9f9b-4cd5-a2b9-89c6a31b6684', 'Christoph', 'Schär', 'info@e-schaer-ag.ch', '062 961 15 83', 'E.Schär AG', 'Mittelstrasse 11, 3360 Herzogenbuchsee, Bern'),
('12928d10-3af8-4604-9561-3731b1d9760c', 'Thomas', 'Kaufmann', 'info@e-und-a.ch', '061 855 92 92', 'e+a Elektromaschinen und Antriebe AG', 'Bachstrasse 10, 4313 Möhlin, Aargau'),
('3fa12c3b-e09f-4f2d-b8cf-34e6d1b84b5f', 'Samuel', 'Gründler', 's.gruendler@eh-ing.ch', '052 634 03 03', 'E+H Ingenieurbüro für Energie + Haustechnik AG', 'Fischerhäuserstrasse 34, 8200 Schaffhausen, Schaffhausen'),
('5604a008-abb1-4457-bcbc-07de0841c58f', 'Alexander', 'Strub', 'info@em-computershop.ch', '071 279 21 22', 'E+m Computershop Strub', 'Teufenerstrasse 119, 9000 St. Gallen, St. Gallen'),
('1ce155e8-d1c5-4843-baeb-c7a885c34e5b', 'Daniel', 'Graf', 'daniel.graf@eicher-pauli.ch', '061 927 42 74', 'e+p holding AG', 'Eichenweg 6, 4410 Liestal, Basel-Land'),
('42c8b766-6b30-4579-899b-5460b156afae', 'Arthur', 'Braunschweig', 'abraunschweig@e2mc.com', '044 368 50 24', 'E2 Management Consulting AG', 'Wehntalerstrasse 3, 8057 Zürich, Zürich'),
('c521a260-7203-4f24-b4d1-ddd307094074', 'Alexander', 'Schümperli', 'info@e-24.ch', '058 311 10 05', 'e24 AG', 'Nordstrasse 15, 8006 Zürich, Zürich'),
('3028dfb3-9a5f-4ce9-b4b9-9bc7819eb055', 'Thomas', 'Fürling', 'tfuerling@e3ag.ch', '044 400 46 56', 'e3 AG', 'Binzstrasse 24, 8045 Zürich, Zürich'),
('be3502e4-2771-49e5-9f80-fae9407aa607', 'Marco', 'Frischknecht', 'marco.frischknecht@e3-hlk.ch', '071 242 60 00', 'E3 HLK AG', 'Bildstrasse 5, 9015 St. Gallen, St. Gallen'),
('69581380-19d6-4b53-9deb-86e9211dece0', 'Lucas', 'Gossweiler', 'l.gossweiler@e4ag.ch', '061 963 03 10', 'E4 AG Architekten', 'Weidentalweg 9, 4436 Oberdorf, Basel-Land'),
('bb8f5d25-8b23-449b-a4d0-77b9d7bdd1c3', 'Markus', 'Portmann', 'markus.portmann@e4plus.ch', '041 329 16 50', 'E4plus AG', 'Kirchrainweg 4a, 6010 Kriens, Luzern'),
('9058ce12-966a-46b6-b853-8bb21e863092', 'Johann', 'Kronawitter', 'info@e4u.swiss', '027 510 20 05', 'e4u Solutions GmbH', 'Kehrstrasse 10, 3904 Naters, Wallis/Valais'),
('5ff170bc-dcd1-42a5-ac6c-f0b100351625', 'Andreas', 'Meier', 'andi.meier@e575.ch', '056 222 55 02', 'E575 GmbH', 'Weststrasse 5, 5426 Lengnau, Aargau'),
('2c51df3e-5a7f-41e7-94ed-229e6c944502', 'Pascal', 'Zaugg', 'info@e621.ch', '031 630 73 00', 'e621 GmbH', 'Hodlerstrasse 16, 3011 Bern, Bern'),
('1d4190bb-b259-41b0-9a8a-869dbdd5710a', 'Christoph', 'Röösli', 'cr@e7-architektur.ch', '041 220 77 44', 'e7 Architektur AG', 'Marktplatz 2, 6162 Entlebuch, Luzern'),
('62ae03e1-08bf-4d9e-a885-e09b3b13003f', 'Martin', 'Meier', 'info@e724.ch', '041 552 30 21', 'e724 AG', 'Dürrenburgstrasse 1, 6318 Walchwil, Zug'),
('f1e6c633-f430-48ff-9891-22af276940a5', 'Gregor', 'Amrein', 'info@ea-projektentwicklung.ch', '079 327 00 33', 'EA Projektentwicklung AG', 'Hubelmatte 17, 6208 Oberkirch, Luzern'),
('23973b9d-8e2b-4389-95bf-c8b8ac314a0c', 'Almir', 'Besic', 'info@eabmetallglas.ch', '079 629 38 02', 'EAB Metall Glas GmbH', 'Langmatt 2, 5702 Niederlenz, Aargau'),
('c1747122-2f21-4e06-96c4-9b576da6a92a', 'Urs', 'Egli', 'welcome@eadeo.ch', '044 780 20 00', 'eadeo GmbH', 'Rötibodenstrasse 36, 8820 Wädenswil, Zürich'),
('89fcff9e-a073-4747-8485-8131fedc0b1e', 'Armando', 'Conrad', 'conrad@eagle-invest.com', '043 819 20 00', 'Eagle Invest AG', 'Gotthardstrasse 21, 8027 Zürich, Zürich'),
('84a53274-d3b3-4c5c-92f1-0b514027f914', 'Naomi', 'Vouillamoz', 'naomi.vouillamoz@eaposys.com', 'N.a.', 'EAPOSYS SA', 'Schwadernauweg 33, 2504 Biel/Bienne, Bern'),
('c5067805-bbcc-48d5-bb0b-89c32874765f', 'Chris', 'Spencer', 'info@earlfiduciary.com', '044 208 18 18', 'Earl Fiduciary AG', 'General Wille-Strasse 10, 8002 Zürich, Zürich'),
('193c82df-678f-43b7-9265-7d8879db4f1c', 'Hugo', 'Schelbert', 'earl.music@gmx.ch', 'N.a.', 'Earl Music Club Muotatal', 'Industriestrasse 6, 6436 Muotathal, Schwyz'),
('c5a24883-6f51-4ea3-8f8c-9639172f6776', 'Florian', 'Schenk', 'info@earlybeck.ch', '033 748 70 48', 'earlybeck', 'Oeystrasse 42, 3792 Saanen, Bern'),
('9ad898b9-6f33-4009-8fc0-9f3c0aa9261a', 'Tim', 'Schmid', 'tim@earlybird.ch', '043 333 31 91', 'Earlybird Food AG', 'Aargauerstrasse 1, 8048 Zürich, Zürich'),
('518ae3cc-2bc9-4594-9788-6dedb9f0c52d', 'Charles', 'Chojnowski', 'info@earlybyte.ch', '052 511 56 60', 'Earlybyte GmbH', 'Technoparkstrasse 2, 8406 Winterthur, Zürich'),
('36aff5c8-0db7-4d4f-9650-34fe49547d9a', 'Joachim', 'Berlenbach', 'info@earth-investment.com', '041 728 88 48', 'Earth Resource Investments AG (ERI)', 'Dorfstrasse 1, 6300 Zug, Zug'),
('32330c3c-46f4-44b1-ad81-65fb2d73f506', 'Martin', 'Räber', 'info@eartheffect.ch', '062 296 40 90', 'Eartheffect GmbH', 'Baslerstrasse 10, 4600 Olten, Solothurn'),
('e0b88aa4-8df9-480c-95b2-26b8ab593811', 'Karin', 'Schrämli', 'praxis@eastandwest.ch', '079 665 76 40', 'East & West Naturheilpraxis', 'Florastrasse 18, 8610 Uster, Zürich'),
('4d32a91e-7ed7-405f-8aff-60494273e526', 'Dawit', 'Zemikael', 'zemenzemikael@gmail.com', '061 271 30 87', 'Eastafro Restaurant and Bar', 'Küchengasse 7, 4051 Basel, Basel-Stadt'),
('b1ebcd29-0a7f-421c-8a4f-44a808853731', 'Mark J.', 'Costa', 'eastman1@eastman.com', '041 727 58 00', 'Eastman Chemical International GmbH', 'Hertizentrum 6, 6300 Zug, Zug'),
('b016ccad-cdde-4c1f-9074-155a48208172', 'Markus', 'Baumgartner', 'markus.baumgartner@eastphone.ch', '071 388 68 60', 'eastphone ag', 'Gübsenstrasse 85, 9015 St. Gallen, St. Gallen'),
('f7985f84-c181-4fb2-bc6c-26151bb36976', 'Susanna-Christin', 'Hoffmann', 'info@easy-garden-gmbh.com', '078 763 81 51', 'EASY GARDEN GmbH', 'Bertschikerstrasse 47, 8620 Wetzikon, Zürich'),
('364594be-26a9-4651-ab3f-b4bb9cd71602', 'Adrian', 'Tobler', 'info@easy-graphics.ch', '044 931 00 00', 'easy graphics ag', 'Tösstalstrasse 14, 8488 Turbenthal, Zürich'),
('4335974b-5f3d-4b16-a049-a706e2f92c6f', 'Massimiliano', 'Pellegrino', 'info@easyswissmarketing.ch', '076 778 81 02', 'Easy Swiss Marketing GmbH', 'Frohbergstrasse 13, 8162 Steinmaur, Zürich'),
('64ccb82e-1cc2-4389-8b0c-9f95ea2823c3', 'Patrick', 'Winkler', 'info@easy-walk.ch', '061 222 25 90', 'Easy Walk AG', 'Hammerstrasse 14, 4058 Basel, Basel-Stadt'),
('85f5d618-bccc-4b11-ad37-253ccca258a3', 'Patrick', 'Gsell', 'team@easy-click.ch', '071 277 76 75', 'Easy-click', 'Kräzernstrasse 60, 9015 St. Gallen, St. Gallen'),
('7a3dd6a8-85ce-4644-968f-b37896ab8254', 'Thomas', 'Schmid', 'info@easydining.ch', 'N.a.', 'EasyDining GmbH', 'Zürcherstrasse 161, 8010 Zürich, Zürich'),
('ca867806-bc58-456c-8b4e-9711c4257aea', 'Roland', 'Brand', 'schweiz@easyfairs.com', '061 228 10 00', 'easyFairs Switzerland GmbH', 'Kägenstrasse 17, 4153 Reinach, Basel-Land'),
('0c930c92-29d3-44ba-9999-8e353e95e9d2', 'Jörg', 'Anderegg', 'joerg.anderegg@easyhaus.ch', '079 215 02 09', 'EASYHaus Architektur Baumanagement GmbH', 'St. Gallerstrasse 78, 9500 Wil, St. Gallen'),
('9216cf68-2c21-4ff5-8599-58c33550ff83', 'Joel', 'Lehmann', 'zurich@easyhotel.com', '043 322 05 51', 'EasyHotel Zürich', 'Zwinglistrasse 14, 8004 Zürich, Zürich'),
('7b4e0108-665e-4c77-a535-0cdd8eb6aefc', 'Rolf', 'Gschwind', 'info@easypsim.com', '043 388 83 71', 'easypsim AG', 'Schärenmoosstrasse 77, 8052 Zürich, Zürich'),
('8d57d557-e39a-4295-84f9-910a990730b8', 'Ulrich', 'Brunner', 'info@easyrain.net', '061 333 70 33', 'easyrain AG', 'Hardstrasse 129, 4052 Basel, Basel-Stadt'),
('2747eb87-8d50-449d-b730-839cb3ff0a4b', 'Arthur', 'Adam', 'info@easytent.ch', '041 675 16 16', 'Easytent AG', 'Panoramastrasse 17, 6074 Giswil, Obwalden'),
('0110298d-eb2b-4705-bd44-bf36c29e8396', 'Guido', 'Boog', 'info@easytronic.ch', '041 971 07 07', 'Easytronic AG', 'Menzbergstrasse 29, 6130 Willisau, Luzern'),
('fdac99dc-b0a5-4318-818c-aeeac5948674', 'Jerome', 'Gavin', 'info@just-eat.ch', '0848 749 921', 'Eat.ch GmbH', 'Manessestrasse 85, 8045 Zürich, Zürich'),
('5ede1aeb-360d-4c4c-ab5a-061a06198799', 'Roland', 'Heiz', 'r.heiz@eatec.ch', '062 552 17 71', 'eatec Elektro Automation GmbH', 'Haldenstrasse 163, 5728 Gontenschwil, Aargau'),
('e60aae4c-832a-4575-8933-08ea415778ec', 'Arnold', 'Craig', 'effretikonswitzerland@eaton.com', '058 458 14 14', 'Eaton Industries Manufacturing GmbH', 'Im Langhag 14, 8307 Effretikon, Zürich'),
('e08b0118-8a43-45bc-a3b5-2fb5e24b62de', 'Andri', 'Schorro', 'eaulala@davos.gr.ch', '081 413 64 63', 'eau-là-là Wellness- und Erlebnisbad Davos', 'Promenade 90, 7270 Davos, Graubünden'),
('c093e45b-ae5d-4d3f-a2ec-6c4b370d5049', 'Sulacksun', 'Suvendran', 'info@eautherm.ch', '031 812 03 03', 'Eautherm GmbH', 'Dorfbachstrasse 9, 3098 Köniz, Bern'),
('98b5bc4c-de9e-4723-a923-5ecf39f99f6d', 'Janet', 'Hering', 'info@eawag.ch', '058 765 55 11', 'Eawag', 'Überlandstrasse 133, 8600 Dübendorf, Zürich'),
('718c5076-ebb4-462d-b171-42cb694a94ab', 'Tobias', 'Frei', 'info@e-axiom.ch', '061 603 33 10', 'E-Axiom GmbH', 'Breitenstrasse 22, 4416 Bubendorf, Basel-Land'),
('e5e7be39-af1f-4393-a9bb-a4e5c37933ae', 'Matthias', 'Müller', 'm.mueller@eaz.ch', '041 349 51 50', 'EAZ Services AG', 'Technikumstrasse 1, 6048 Horw, Luzern'),
('ac59fcab-267e-499c-9ebc-09ddace2082c', 'Edith', 'Bachmann', 'bachmann@bachmannbauplanung.ch', '079 392 36 81', 'Eb Bachmann Bauplanung AG', 'Rickenstrasse 5, 8730 Uznach, St. Gallen'),
('f1e56000-c625-48ef-b9ee-36e3897d1e22', 'Gloria', 'Granda Ibarra', 'info.eb.facility@gmail.com', '079 969 11 12', 'EB Facility GmbH', 'Neubruchstrasse 11, 7000 Chur, Graubünden'),
('406744df-4db1-4366-8675-21ce13293aff', 'Hans', 'Eggimann', 'info@ebtechnik.ch', '031 701 11 12', 'EB Technik GmbH', 'Syrengasse 21, 3507 Biglen, Bern'),
('d25975fa-356b-4dea-8e29-e5c6b2773bd5', 'Stephan', 'Berndt', 'stephan.berndt@eb-zuerich.ch', '0842 843 844', 'EB Zürich', 'Riesbachstrasse 11, 8090 Zürich, Zürich'),
('bc475cc0-5ba3-4472-b79d-8cc5f242510b', 'Erwin', 'Bucher', 'buchererwin@bluewin.ch', '079 406 07 13', 'EBAG Erwin Bucher GmbH', 'Grossweid 28, 6026 Rain, Luzern'),
('ab63a55d-0e5e-4d2d-963e-6cf723bde344', 'Christine', 'Delessert', 'christine.delessert@ebas.info', '031 911 72 10', 'Ebas', 'Bubenbergplatz 8, 3011 Bern, Bern'),
('8474e62a-66fe-443c-9893-ef298d121054', 'Maurizio', 'D''Arrigo', 'info@ebay.ch', '031 359 06 59', 'eBay Marketplaces GmbH', 'Helvetiastraße 15/17, 3005 Bern, Bern'),
('538d4196-7c01-47b2-bc62-bcc93aa5c7c5', 'Enkeleda', 'Ajdini', 'ledi@ebbau.ch', '071 570 57 70', 'eb-Bau Architektur & Immobilien GmbH', 'Auenstrasse 1, 9443 Widnau, St. Gallen'),
('b5d32eba-0dec-4c8d-b787-40f47060fb16', 'Ilija', 'Karadzic', 'ilija.karadzic@ebcom.ch', '062 765 90 96', 'ebcom ag', 'Aarauerstrasse 32, 5734 Reinach, Aargau'),
('d610e8af-8bda-47ae-a1ba-1fb1592e0132', 'Franz', 'Rufle', 'info@eb-elektrobau.ch', '061 333 30 03', 'EB-ElektroBau GmbH', 'Zürcherstrasse 11, 4332 Stein, Aargau'),
('04023be0-96b7-4962-ae6f-1163bdeef690', 'Erika', 'Berger', 'info@hotel-morgarten.ch', '041 750 12 91', 'ebemo GmbH', 'Sattelstrasse 1, 6315 Morgarten, Zug'),
('266c148d-e16a-4061-bd67-bfb96d4ffa34', 'Adrian', 'Ebenberger', 'ebenberger@ebenberger.ch', '079 357 96 93', 'Ebenberger Kommunikation', 'Engelstrasse 1, 8820 Wädenswil, Zürich'),
('e1148579-f52e-42b8-977e-92188037796c', 'Mauro', 'Sedda', 'info@ebener-service.ch', '081 416 77 37', 'Ebener Service AG', 'Promenade 14, 7270 Davos, Graubünden'),
('d4a21048-44f0-4e2a-9ae2-a087cd5911f6', 'Christian', 'Ulmann', 'anfrage@ebenholz.ch', '044 542 82 47', 'ebenHOLZ - Handwerksarbeiten in Massivholz GmbH', 'Ibelweg 20, 6300 Zug, Zug'),
('355064aa-d6f9-4270-bbd1-c2bfdac951a5', 'Christoph', 'Böbner', 'christoph.boebner@bl.ch', '061 552 21 27', 'Ebenrain – Zentrum für Landwirtschaft, Natur und Ernährung', 'Ebenrainweg 27, 4450 Sissach, Basel-Land'),
('a8dcea32-c08b-46e1-88fe-c175f8c1cfe3', 'Michael', 'Burkert', 'info@gasthof-eberg.ch', '062 559 04 49', 'EBERG GmbH', 'Engelbergstrasse 140, 5746 Walterswil, Solothurn'),
('5f5d78ab-db59-4a00-89f2-84b048eb9015', 'Caspar', 'Eberhard', 'hi@appenzeller-gurt.com', 'N.a.', 'Eberhard - Appenzeller Gurt', 'Schipfe 45, 8001 Zürich, Zürich'),
('2c85c857-4e51-4388-b5b0-1776ea5903e5', 'Martin', 'Eberhard', 'martin@eberhard.ch', '043 211 22 14', 'Eberhard Bau AG', 'Steinackerstrasse 56, 8302 Kloten, Zürich'),
('8386ad42-2885-44f6-ade9-5ff25d11fce9', 'Max', 'Eberhard-Bischofberger', 'info@eberhard-gartenbau.ch', '044 804 10 70', 'Eberhard Gartenbau AG', 'Gerlisbergstrasse 21, 8302 Kloten, Zürich'),
('f6ad9a9b-66e7-4bf6-9121-a3ea55e5bef5', 'Reto', 'Eberhard', 'info@eberhard-gartenpflege.ch', '078 859 47 78', 'Eberhard Gartenpflege AG', 'Zumhofstrasse 1, 6048 Horw, Luzern'),
('39d2c423-2e73-4ced-9d0a-5fae85c5115e', 'Martin', 'Eberhard', 'info@eberhard-sanitaer.ch', '079 631 06 66', 'Eberhard Sanitär GmbH', 'Grafenaustrasse 10, 8722 Kaltbrunn, St. Gallen'),
('287e3c84-d309-4da8-8752-ab28e85acf7c', 'Erik', 'Gehre', 'info@eberhard-schreinerei.ch', '033 243 65 00', 'Eberhard Schreinerei AG', 'Staatsstrasse 98, 3626 Hünibach, Bern'),
('15c9c6eb-512f-4cd1-a653-f695468e1d7e', 'Christian', 'Eberhart', 'info@eberhart-gartenbau.ch', '062 962 26 69', 'Eberhart Gartenbau GmbH', 'Langenthalstrasse 51, 4950 Huttwil, Bern'),
('9a556db2-796d-4ac7-b5d9-6134706d63ac', 'Rolf', 'Eberhart', 'info@eberhart-schreinerei.ch', '052 319 43 71', 'Eberhart GmbH', 'Chüeweg 4, 8463 Benken, Zürich'),
('088619d2-d277-4e8b-9771-fc3ac1626ad1', 'Hans', 'Eberhart', 'info@eberhart-holzbau.ch', '031 558 06 44', 'Eberhart Holzbau und Innenausbau GmbH', 'Wydenstrasse 32, 3076 Worb, Bern'),
('2e6973f4-e1e5-4b3c-8974-7b99beb02094', 'Bernhard', 'Reber', 'bernhard.reber@bauleitungen.ch', '031 333 39 39', 'Eberhart Partner Bauleitungen AG', 'Sickingerstrasse 6, 3014 Bern, Bern'),
('ef67f679-9405-4ade-909c-46b589f329a1', 'Cornel', 'Eberle', 'eberle@diestraussenfarm.ch', '079 388 00 21', 'Eberle - DieStraussenfarm.ch', 'Aachen 3, 9402 Mörschwil, St. Gallen'),
('d1dbae27-6999-4710-ad56-3887a5e9d8e5', 'Urban', 'Freuler', 'info@eberlefreuler.ch', '081 733 12 69', 'Eberle & Freuler architekten GmbH', 'Bergstrasse 31c, 8890 Flums, St. Gallen'),
('4c98460e-e0ab-4c91-979b-a6a902a85644', 'Daniel', 'Eberle', 'daniel@eberle-partner-ag.ch', '079 794 41 44', 'eberle + partner ag metall- und stahlbau', 'Fischhausenstrasse 13, 8722 Kaltbrunn, St. Gallen'),
('9fa9991d-d515-45b5-82df-944cdef28836', 'Yves', 'Eberle', 'mail@eberle-drogerie.ch', '081 771 15 25', 'Eberle Drogerie Naturheilmittel GmbH', 'Hof 5, 9473 Gams, St. Gallen'),
('4a27e68c-1e7a-4f22-a7d4-aff2d1f26af3', 'Dominik', 'Eberle', 'kontakt@eberlegarten.ch', '079 753 70 25', 'Eberle Floristik & Gärten AG', 'Oberdorf 2, 8752 Näfels, Glarus'),
('a6d8454e-15ac-474d-bf35-9bddce166c2f', 'Severin', 'Eberle', 'info@eberle-gartenbau.ch', '079 759 58 59', 'Eberle Gartenbau GmbH', 'Hinterdorf 20, 9308 Lömmenschwil, St. Gallen'),
('fc6af098-1c6d-4a3b-894f-39990f3b23fd', 'Toni', 'Eberle', 'toni.eberle@eberleag.ch', '071 353 77 20', 'Eberle Landschaftsbau und Grüntechnik AG', 'Ramsen 4250, 9100 Herisau, Appenzell Ausserrhoden'),
('0a6106d9-086f-4844-a008-6d1385c5a649', 'Christoph', 'Eberle', 'c.eberle@eberle-transport.ch', '081 750 66 70', 'Eberle Xaver Transport AG', 'Langäulistrasse 9, 9470 Buchs, St. Gallen'),
('d76b5ed1-a515-4db8-b582-74f059724ca4', 'Andreas', 'Eberle', 'info@eberles-hofladen.ch', '071 695 19 43', 'Eberle''s Hofladen', 'Riggenloostrasse 1, 8595 Altnau, Thurgau'),
('a201eb13-8893-4842-b7be-d362527a0594', 'Alain', 'Grossenbacher', 'alain.grossenbacher@eberli-ag.ch', '041 666 38 35', 'Eberli AG', 'Kägiswilerstrasse 15, 6060 Sarnen, Obwalden'),
('e42c3098-20ca-4eb0-a92e-ed290626d4db', 'Matthias', 'Eberli', 'info@eberli-schreinerei.ch', '071 977 10 34', 'Eberli Schreinerei AG', 'Fischingerstrasse 5, 8372 Wiezikon b. Sirnach, Thurgau'),
('cfd80681-d64d-48b0-95cb-77c0acc15c44', 'Walter', 'Tanner', 'info@e-beta.ch', '071 670 11 03', 'e-beta gmbh', 'Bächligartenweg 7, 8280 Kreuzlingen, Thurgau'),
('2bc9a0a5-3f7f-4cfa-aa1f-bae95bfe377d', 'Bruno', 'Reichmuth', 'bruno.reichmuth@ebfinanz.ch', '041 379 77 11', 'Ebfinanz AG', 'Benzeholzstrasse 1, 6045 Meggen, Luzern'),
('2cac51e6-f35e-46dc-8b8b-bef7d9977b51', 'Ralph', 'Kretschmer', 'info@ebg-is.com', '044 552 27 82', 'EBG Investment Solutions AG', 'Bellerivestrasse 29, 8008 Zürich, Zürich'),
('12d9fbfa-1db5-40c4-8121-51fe4323d465', 'Holger', 'Müller', 'info@ebg-nidau.ch', '079 346 44 97', 'EBG Maltec GmbH', 'Längfeldweg 40, 2504 Biel/Bienne, Bern'),
('5f565f2f-02a2-4d7a-9c92-b6a37fdd0c97', 'Patrick', 'Stähli', 'patrick.staehli@ebicon.ch', '043 411 28 20', 'Ebicon AG', 'Breitloostrasse 7, 8154 Oberglatt, Zürich'),
('91ab6dd1-8eb9-43e4-96cb-5d4d64a92601', 'Ernst', 'Bühler', 'ebuehler@ebing.ch', '033 335 84 24', 'Ebing Bauingenieur GmbH', 'Talackerstrasse 41, 3604 Thun, Bern'),
('86023eb6-bf39-4b19-a749-c92bd815ae39', 'Tobias', 'Ebinger', 'ebinger@art-affiche.ch', '079 223 11 67', 'Ebinger & Partner', 'Dübystrasse 37, 3008 Bern, Bern'),
('abaa3f5a-aca6-4cdf-8f70-7886b2747cd3', 'Roger', 'Morger', 'r.morger@ebingerholzbau.ch', '055 212 38 33', 'Ebinger Holzbau AG', 'Aubrigstrasse 5, 8645 Jona, St. Gallen'),
('27ee64a8-03a6-4327-89bb-5ab6dca8d8c4', 'Peter', 'Ebinger', 'info@ebingeruster.ch', '044 940 15 68', 'Ebinger Schreinerei GmbH', 'Gerbestrasse 2, 8610 Uster, Zürich'),
('85e37992-204c-40b7-b7c7-94048430a0d0', 'Heinz', 'Eberhard', 'ebiox@ebiox.ch', '041 249 40 10', 'Ebiox AG', 'Staldenhof 8, 6014 Luzern, Luzern'),
('1f901383-8ad4-4547-8e71-a251f1a63348', 'Stefan', 'Binz', 'info@ebi-pharm.ch', '031 828 12 22', 'Ebi-Pharm AG', 'Lindachstrasse 8c, 3038 Kirchlindach, Bern'),
('36bfc9d1-737c-4ef9-ac6b-379514bc7e38', 'Tobias', 'Andrist', 'info@ebl.ch', '079 674 58 17', 'EBL (Genossenschaft Elektra Baselland)', 'Mühlemattstrasse 6, 4410 Liestal, Basel-Land'),
('0b0b996e-4a2b-4f6a-a0c4-a8404065d609', 'Daniel', 'Carissimi', 'daniel.carissimi@ebl-elektrobau.ch', '062 916 10 94', 'EBL GmbH', 'Badmattstrasse 6, 4932 Lotzwil, Bern'),
('c25f207e-7a26-4eee-aa03-c1bc35ea9ed6', 'Yves', 'Grebenarov', 'yves.grebenarov@ebl.ch', '061 926 14 73', 'EBL Infrastruktur Management AG', 'Mühlemattstrasse 6, 4410 Liestal, Basel-Land'),
('8cb56427-50f8-4ad0-bc89-de369d8902ec', 'Michele', 'Vela', 'michele.vela@ebnat.ch', '071 992 62 60', 'Ebnat AG', 'Industriestrasse 34, 9642 Ebnat-Kappel, St. Gallen'),
('fe93f1fd-be28-4cc8-8170-3394b9c050ce', 'Pavlo', 'Klyukha', 'info@ebnerparkett.ch', 'N.a.', 'Ebner & Co GmbH Parkettarbeiten', 'Seestrasse 667, 8706 Meilen, Zürich'),
('b62a41c4-9f94-4a7c-85d1-6487bd18b960', 'Christian', 'Biel', 'info@ebneter-biel.ch', '081 833 40 27', 'Ebneter & Biel SA', 'Plazza dal Mulin 6, 7500 St. Moritz, Graubünden'),
('cc3d0a2d-7492-41b4-9f26-0fde42b540cd', 'René', 'Ebneter', 'ebneter.gais@bluewin.ch', '071 791 80 20', 'Ebneter Heizung Sanitär GmbH', 'Gäbrisstrasse 23, 9056 Gais, Appenzell Ausserrhoden'),
('c154295a-4785-4628-b432-98a360f7edbf', 'Martin', 'Beck', 'martin.beck@ebneter.ch', '071 626 20 67', 'Ebneter Partner AG', 'Amriswilerstrasse 57, 8570 Weinfelden, Thurgau'),
('8a017b95-e8b1-4fce-8fc5-6ac818545e7e', 'Markus', 'Hasler', 'hasler.ebnethof@bluewin.ch', '061 871 14 09', 'Ebnethof', 'Ebnethof 282, 4316 Hellikon, Aargau'),
('ce77a5a4-91fc-488c-9ec6-6b35df216003', 'Jürg', 'Ebnöther', 'j.ebnoether@ebnoether-ingenieure.ch', '079 539 88 12', 'Ebnöther Ingenieure GmbH', 'Katzenrütistrasse 65, 8153 Rümlang, Zürich'),
('5a3c53bc-cbc9-4f7e-a574-4bdb0815e6c3', 'Heinz', 'Ebnöther', 'info@ebnoether-partner.ch', '079 649 06 04', 'Ebnöther Sanitäreanlagen', 'Bodmerweg 62, 8807 Freienbach, Schwyz'),
('fb773fb8-998b-455e-9155-2fb4ce3e606e', 'Martin', 'Glocker', 'et-shop@ebosa-trading.ch', '032 645 05 40', 'Ebosa Trading AG', 'Riedstrasse 13, 2544 Bettlach, Solothurn'),
('90729269-9e36-42cd-8e58-1cecd78f877a', 'Christoph', 'Zulauf', 'christoph.zulauf@ebp.ch', '044 395 16 16', 'EBP Schweiz AG', 'Mühlebachstrasse 11, 8032 Zürich, Zürich'),
('d0d6be43-413b-45b4-a229-d73a426f2800', 'Hans', 'Bless', 'hans.bless@ebs.swiss', '041 819 47 47', 'ebs Energie AG', 'Riedstrasse 17, 6431 Schwyz, Schwyz'),
('a5dcd832-6cbb-4f51-97c1-6cb77fcc738e', 'Emmie', 'Balsiger', 'emmie.balsiger@ebs-treuhand.ch', '062 785 49 09', 'EBS Treuhand AG', 'Helblingstrasse 6a, 4852 Rothrist, Aargau'),
('4a90d678-91f3-4525-9815-524ed1e780c9', 'Nadine', 'Zwimpfer', 'info@ebss.ch', '062 892 99 93', 'EBSS GmbH', 'Lenzhardstrasse 1, 5600 Lenzburg, Aargau'),
('1c0821fc-f414-45db-bf5b-3943d8421fe0', 'Hans-Erich', 'Meier', 'h.meier@ebvimmobilien.ch', '044 735 41 00', 'EBV Immobilien AG', 'Birmensdorferstrasse 24, 8902 Urdorf, Zürich'),
('d3440b78-071e-49d8-b7d9-7afa7680bc0e', 'Reto', 'Spirgi', 'onlinesupporteu@avnet.com', '021 654 01 01', 'EBV-Elektronik GmbH & Co KG, Poing, Zweigniederlassung Dietikon', 'Bernstrasse 394, 8953 Dietikon, Zürich'),
('c7bbfc8a-c15f-434e-b7c0-9e7d09d53824', 'Corinne', 'Ott', 'corinne.ott@dbk.so.ch', '032 627 79 35', 'EBZ Erwachsenenbildungszentrum Solothurn-Grenchen', 'Niklaus-Konrad-Strasse 5, 4502 Solothurn, Solothurn'),
('7a873698-9e94-4b98-88d4-c831c293b499', 'Peter', 'Husy', 'info@edelmetallegmbh.ch', '043 833 10 77', 'EC Edelmetalle + Chemie GmbH', 'Eigentalstrasse 7, 8309 Nürensdorf, Zürich'),
('5a4c6396-258f-4824-a837-b6c1fca65307', 'David', 'Laux', 'david.laux@digitall.com', '044 874 44 78', 'Ec4u Expert Consulting (Schweiz) AG', 'Im Gräfli 21, 8808 Pfäffikon, Schwyz'),
('e86bdbde-ac79-4644-b004-bcb7745c4668', 'Theodor', 'von Oppersdorff', 'info@ecamos.ch', '044 253 71 71', 'ecamos Capital AG', 'Bahnhofstrasse 64, 8001 Zürich, Zürich');

INSERT INTO leads (id, contact_id, source, status, value, notes) VALUES
('139a23f3-bfd9-4db8-aee7-8cb69bab458e', '3becfee0-2d87-47f8-8bfc-6ffb45cd94b6', 'KALTAKQUISE', 'ACTIVE', 0, 'Funktion: Geschäftsführer/in (CEO) | Mitarbeiter: 1 bis 10 | Branche: Architekturbüros | Rechtsform: Gesellschaft mit beschränkter Haftung'),
('bed38272-7265-4c23-a809-9691bfd524ca', 'e3db27ca-b839-49ab-87ad-803144f80d5b', 'KALTAKQUISE', 'ACTIVE', 0, 'Funktion: Geschäftsführer/in (CEO) | Mitarbeiter: 101 bis 500 | Branche: Textil- & Möbelindustrie | Rechtsform: Gesellschaft mit beschränkter Haftung'),
('a3cf3b5d-5518-498c-93ad-ee251ebe5b78', '212d23c6-869a-4a8c-8995-24955dc5c259', 'KALTAKQUISE', 'ACTIVE', 0, 'Funktion: Geschäftsführer/in (CEO) | Mitarbeiter: 1 bis 10 | Branche: Boden- & Plattenleger | Rechtsform: Gesellschaft mit beschränkter Haftung'),
('4cae2073-cdb2-46b9-a522-51a483cda011', '89442fb2-56f5-47c5-b469-01d6cd0e55cb', 'KALTAKQUISE', 'ACTIVE', 0, 'Funktion: Geschäftsführer/in (CEO) | Mitarbeiter: 1 bis 10 | Branche: Architekturbüros | Rechtsform: Aktiengesellschaft'),
('9d578199-75f7-410c-afc3-6f0802a9f8fe', 'ec40fb44-011e-42f8-bebc-80e0877023c3', 'KALTAKQUISE', 'ACTIVE', 0, 'Funktion: Geschäftsführer/in (CEO) | Mitarbeiter: 1 bis 10 | Branche: Externe Vermögensverwalter | Rechtsform: Aktiengesellschaft'),
('da12d87e-b521-44d2-ab5e-22f6aa535524', '579c5d8e-19a2-4597-8226-f04fbf78b602', 'KALTAKQUISE', 'ACTIVE', 0, 'Funktion: Geschäftsführer/in (CEO) | Mitarbeiter: 1 bis 10 | Branche: Architekturbüros | Rechtsform: Aktiengesellschaft'),
('ec3dc351-a52e-4ff2-b6d5-a4671a915889', 'ef6ce4f1-89e2-4758-97e7-40161a082b73', 'KALTAKQUISE', 'ACTIVE', 0, 'Funktion: Geschäftsführer/in (CEO) | Mitarbeiter: 1 bis 10 | Branche: Versicherungsbroker & -makler | Rechtsform: Gesellschaft mit beschränkter Haftung'),
('d7ca7f94-8ff5-4046-9ac7-b97fda781e28', 'b1527809-efb8-4f9b-9547-2d12f0cd6f50', 'KALTAKQUISE', 'ACTIVE', 0, 'Funktion: Geschäftsführer/in (CEO) | Mitarbeiter: 11 bis 20 | Branche: Boden- & Plattenleger'),
('b2d93d29-62b7-4c85-ae78-add33cca85fc', 'f53ec556-29ab-46e1-96d7-c520f9aa7d4a', 'KALTAKQUISE', 'ACTIVE', 0, 'Funktion: Inhaber/in (Owner/Founder) | Mitarbeiter: 1 bis 10 | Branche: Schreinerei- & Holzbaubetriebe'),
('3205f6ba-0873-4c5d-a42f-a87f22981b61', 'd7356e7a-2fb3-4a13-ace0-d9492c927ab3', 'KALTAKQUISE', 'ACTIVE', 0, 'Funktion: Geschäftsführer/in (CEO) | Mitarbeiter: 1 bis 10 | Branche: Versicherungsbroker & -makler | Rechtsform: Gesellschaft mit beschränkter Haftung'),
('0c5ee6aa-3d47-4e1e-8049-443e2f679fed', '0d43e437-72a4-4920-8a29-b40d171366ab', 'KALTAKQUISE', 'ACTIVE', 0, 'Funktion: Geschäftsführer/in (CEO) | Mitarbeiter: 1 bis 10 | Branche: Immobilienverwaltung / Immobilienvermittlung / Immobilienprojektentwicklung | Rechtsform: Aktiengesellschaft'),
('f60a573b-4661-4dc6-a051-1b1bebc407d5', '8ea708d7-ebaa-48b5-a925-f4eb0b058ee9', 'KALTAKQUISE', 'ACTIVE', 0, 'Funktion: Geschäftsführer/in (CEO) | Mitarbeiter: 1 bis 10 | Branche: Druckereibetriebe'),
('0af1731d-26f2-4a77-8edb-e8d671fb8a92', 'b0949454-d763-4031-b440-0fcfe2add4f7', 'KALTAKQUISE', 'ACTIVE', 0, 'Funktion: Geschäftsführer/in (CEO) | Mitarbeiter: 1 bis 10 | Branche: Logistik- & Transportunternehmen | Rechtsform: Einzelunternehmen'),
('7d945b5c-defe-456e-b782-4ff98f9ec969', '2c2f0380-547f-4706-a0d9-ab454499b35f', 'KALTAKQUISE', 'ACTIVE', 0, 'Funktion: Geschäftsführer/in (CEO) | Mitarbeiter: 11 bis 20 | Branche: Gartenbau & -pflege'),
('21dcf3c3-3f69-4513-89bf-c3a453355088', 'c4145812-fc34-422e-85e2-7d35980b7f09', 'KALTAKQUISE', 'ACTIVE', 0, 'Funktion: Geschäftsführer/in (CEO) | Mitarbeiter: 1 bis 10 | Branche: Architekturbüros | Rechtsform: Gesellschaft mit beschränkter Haftung'),
('3bff4aa9-483f-4d0a-9534-2527d02a6360', 'ef5d5a17-62ae-40b4-86dd-3d9ae2193065', 'KALTAKQUISE', 'ACTIVE', 0, 'Funktion: Geschäftsführer/in (CEO) | Mitarbeiter: 1 bis 10 | Branche: Online Shops | Rechtsform: Aktiengesellschaft'),
('c3b6273f-d4ad-4d86-aced-8507b796b087', 'eea32007-b4ac-4ba6-b3f4-e839ac5f941c', 'KALTAKQUISE', 'ACTIVE', 0, 'Funktion: Geschäftsführer/in (CEO) | Mitarbeiter: 1 bis 10 | Branche: Elektroplanung & Installation | Rechtsform: Einzelunternehmen'),
('018fe9e8-9604-416e-906e-8a45134dd359', 'f1e37759-0a58-40fd-a574-69950d676ca8', 'KALTAKQUISE', 'ACTIVE', 0, 'Funktion: Geschäftsführer/in (CEO) | Mitarbeiter: 1 bis 10 | Branche: Schreinerei- & Holzbaubetriebe | Rechtsform: Aktiengesellschaft'),
('dd86dc51-112f-4622-bd2d-9e5a6c286143', '854f5e3d-06f6-4e63-8aaf-28951b96f12c', 'KALTAKQUISE', 'ACTIVE', 0, 'Funktion: Geschäftsführer/in (CEO) | Mitarbeiter: 1 bis 10 | Branche: Metallbauer | Rechtsform: Gesellschaft mit beschränkter Haftung'),
('9284d16d-5355-456d-af26-b71c45e6e0bf', '86596555-030a-4590-87a4-11eec353c990', 'KALTAKQUISE', 'ACTIVE', 0, 'Funktion: Geschäftsführer/in (CEO) | Mitarbeiter: 21 bis 50 | Branche: Fitnessstudios / Physiotherapie | Rechtsform: Gesellschaft mit beschränkter Haftung'),
('0674ab1b-cf6b-4490-8343-8fea5c154015', 'c65bb4f7-4204-4ad5-aa82-07eeb837857b', 'KALTAKQUISE', 'ACTIVE', 0, 'Funktion: Geschäftsführer/in (CEO) | Mitarbeiter: 1 bis 10 | Branche: Divers | Rechtsform: Aktiengesellschaft'),
('6a19ff32-29d0-472b-a0c0-ada0640de23a', 'f457a54c-87e9-4edf-8f42-2b18cb7be4c7', 'KALTAKQUISE', 'ACTIVE', 0, 'Funktion: Geschäftsführer/in (CEO) | Mitarbeiter: 1 bis 10 | Branche: Logistik- & Transportunternehmen / Entsorgungsindustrie | Rechtsform: Aktiengesellschaft'),
('b551f9d4-898b-4381-9728-f858a13ffe42', 'ab0f1f09-4706-40fb-9b06-e24d7ca89c59', 'KALTAKQUISE', 'ACTIVE', 0, 'Funktion: Geschäftsführer/in (CEO) | Mitarbeiter: 1 bis 10 | Branche: Bau- & Projektmanagement | Rechtsform: Aktiengesellschaft'),
('361a1b61-1d2e-4b54-8137-346d4e60374e', '291b1764-51cd-42e8-8185-c115a4ab64e2', 'KALTAKQUISE', 'ACTIVE', 0, 'Funktion: Geschäftsführer/in (CEO) | Mitarbeiter: 1 bis 10 | Branche: Baugeschäfte | Rechtsform: Aktiengesellschaft'),
('ae99c0ea-7769-4f7e-ad24-f3328fff3f1f', '8ff6e278-409f-42e5-a5cc-851a44789d2c', 'KALTAKQUISE', 'ACTIVE', 0, 'Funktion: Geschäftsführer/in (CEO) | Mitarbeiter: 1 bis 10 | Branche: Gartenbau & -pflege'),
('7e561551-e78f-42ad-9b84-1de04f6ca5c8', 'ce8ff5ff-fe50-460e-a82f-a2ad1087c9b0', 'KALTAKQUISE', 'ACTIVE', 0, 'Funktion: Geschäftsführer/in (CEO) | Mitarbeiter: 1 bis 10 | Branche: Schreinerei- & Holzbaubetriebe'),
('a3ddb1ac-b1ba-4edb-95fa-5b132646e2b1', 'ecbc8b53-3924-47a1-8692-82dcf17be2a3', 'KALTAKQUISE', 'ACTIVE', 0, 'Funktion: Geschäftsführer/in (CEO) | Mitarbeiter: 1 bis 10 | Branche: Facility Management & Reinigungsfirmen | Rechtsform: Gesellschaft mit beschränkter Haftung'),
('d75b5feb-4caa-4302-a2d6-b9f51129c866', '566665c1-361f-4b10-bf65-7bbb05eecd61', 'KALTAKQUISE', 'ACTIVE', 0, 'Funktion: Geschäftsführer/in (CEO) | Mitarbeiter: 1 bis 10 | Branche: Sanitär & Haustechnik | Rechtsform: Aktiengesellschaft'),
('e69ddf99-2a4b-467e-9090-760c951c4f88', '028820b5-4e4f-4626-86fd-c12a9f65e038', 'KALTAKQUISE', 'ACTIVE', 0, 'Funktion: Geschäftsführer/in (CEO) | Mitarbeiter: 101 bis 500 | Branche: Maschinenbauindustrie | Rechtsform: Aktiengesellschaft'),
('602afe0a-d67c-4023-939c-4617db5d92e4', '2c2c59fb-7709-472e-bee5-c35a6b1a2667', 'KALTAKQUISE', 'ACTIVE', 0, 'Funktion: Geschäftsführer/in (CEO) | Mitarbeiter: 21 bis 50 | Branche: Elektroindustrie | Rechtsform: Einzelunternehmen'),
('d88ac372-a736-4f49-a6c1-b0dd118d8d84', '455940d3-cb07-4ea8-bd81-658f724de9d1', 'KALTAKQUISE', 'ACTIVE', 0, 'Funktion: Geschäftsführer/in (CEO) | Mitarbeiter: 11 bis 20 | Branche: Sanitär & Haustechnik | Rechtsform: Aktiengesellschaft'),
('bc56aa5d-0060-4026-988e-cfcd759e2ed4', '90ea0c93-b052-4be3-a1db-8c4b18c73d62', 'KALTAKQUISE', 'ACTIVE', 0, 'Funktion: Geschäftsführer/in (CEO) | Mitarbeiter: 51 bis 100 | Branche: Bauingenieurbüros / Sanitär & Haustechnik'),
('7b3a4aae-25e6-4e65-8a5d-9b0355fc5174', '2973d6ba-0f87-45a6-ac57-d8b200e36aa2', 'KALTAKQUISE', 'ACTIVE', 0, 'Funktion: Geschäftsführer/in (CEO) | Mitarbeiter: 51 bis 100 | Branche: Baugeschäfte | Rechtsform: Aktiengesellschaft'),
('c1d0fea4-6de4-40dd-af8f-045fdda4d021', 'b1c8907a-7a09-4b20-a8fc-a3551f8873bc', 'KALTAKQUISE', 'ACTIVE', 0, 'Funktion: Geschäftsführer/in (CEO) | Mitarbeiter: 11 bis 20 | Branche: Garagen | Rechtsform: Aktiengesellschaft'),
('1125d7b9-2b83-4765-acdb-5f6a155c691d', 'b6f7456c-4b93-45ed-af8b-1b8cb3d04d89', 'KALTAKQUISE', 'ACTIVE', 0, 'Funktion: Geschäftsführer/in (CEO) | Mitarbeiter: 51 bis 100 | Branche: Life-Science-Industrie | Rechtsform: Aktiengesellschaft'),
('9007003f-39df-469a-affc-f03ac431e3ef', 'ec5fdfcc-3f86-4060-9fd1-0a6c399e8d9c', 'KALTAKQUISE', 'ACTIVE', 0, 'Funktion: Geschäftsführer/in (CEO) | Mitarbeiter: 21 bis 50 | Branche: Elektroplanung & Installation | Rechtsform: Aktiengesellschaft'),
('fae6888d-0c70-4e55-ba29-25f362f17ac8', 'db714741-93db-46b0-abe2-3a06638c7f72', 'KALTAKQUISE', 'ACTIVE', 0, 'Funktion: Geschäftsführer/in (CEO) | Mitarbeiter: 1 bis 10 | Branche: Schreinerei- & Holzbaubetriebe | Rechtsform: Aktiengesellschaft'),
('502572d2-9922-441e-a6e0-7a34703379bd', 'ecdb7b8e-2fc3-4fc4-80b4-62e511d68e77', 'KALTAKQUISE', 'ACTIVE', 0, 'Funktion: Geschäftsführer/in (CEO) | Mitarbeiter: 1 bis 10 | Branche: Elektroindustrie | Rechtsform: Aktiengesellschaft'),
('d4e678cf-7774-463c-ae2e-88ce8338e31f', 'f48afc95-07e8-4679-89d8-2d8765e44e40', 'KALTAKQUISE', 'ACTIVE', 0, 'Funktion: Geschäftsführer/in (CEO) | Mitarbeiter: 1 bis 10 | Branche: Garagen | Rechtsform: Aktiengesellschaft'),
('853f42a8-1d2a-4d06-ae1d-ae87228965d6', 'b9686fea-4af2-4cf2-aac8-94753abd24ed', 'KALTAKQUISE', 'ACTIVE', 0, 'Funktion: Geschäftsführer/in (CEO) | Mitarbeiter: 21 bis 50 | Branche: Chemieindustrie / Maschinenbauindustrie / Sanitär & Haustechnik | Rechtsform: Aktiengesellschaft'),
('d04a1aa1-6ed3-46cf-b5c1-71a445eccb4e', '64ca2ab5-0fcb-4abd-b41f-4099f123606a', 'KALTAKQUISE', 'ACTIVE', 0, 'Funktion: Geschäftsführer/in (CEO) | Mitarbeiter: 1 bis 10 | Branche: Metallbauer | Rechtsform: Aktiengesellschaft'),
('f1c5d44a-7862-4f19-bfec-6aefdf13cb83', '3e128808-b015-4d5b-8d96-df11c47d9692', 'KALTAKQUISE', 'ACTIVE', 0, 'Funktion: Geschäftsführer/in (CEO) | Mitarbeiter: 1 bis 10 | Branche: Maler- & Gipsergeschäfte | Rechtsform: Gesellschaft mit beschränkter Haftung'),
('f62ffea7-9dd5-4c5a-b5f2-9852c1ef4db1', 'd8ac9de9-7db8-45ac-947d-b2deb123436b', 'KALTAKQUISE', 'ACTIVE', 0, 'Funktion: Geschäftsführer/in (CEO) | Mitarbeiter: 11 bis 20 | Branche: Gartenbau & -pflege'),
('0b18636c-e1fc-43a1-8403-2586970e7e6c', '1cf89980-91b2-4df9-8128-60fbb8d7c771', 'KALTAKQUISE', 'ACTIVE', 0, 'Funktion: Geschäftsführer/in (CEO) | Mitarbeiter: 1 bis 10 | Branche: Kunststoffindustrie | Rechtsform: Gesellschaft mit beschränkter Haftung'),
('98b0e1db-2c25-422f-8371-70b8559b2537', 'ee81866d-d787-433b-89b7-517b0dff613a', 'KALTAKQUISE', 'ACTIVE', 0, 'Funktion: Geschäftsführer/in (CEO) | Mitarbeiter: 1 bis 10 | Branche: Schreinerei- & Holzbaubetriebe'),
('878d45c0-200a-450e-b1d0-b521eb91a797', 'aa120dff-4f43-44a5-a133-981b86103dc7', 'KALTAKQUISE', 'ACTIVE', 0, 'Funktion: Geschäftsführer/in (CEO) | Mitarbeiter: 11 bis 20 | Branche: Textil- & Möbelindustrie | Rechtsform: Aktiengesellschaft'),
('9299ff30-165f-433e-98eb-b8fdfc16ed90', '2f4b5e18-2167-4618-b5ea-5266f9b226ca', 'KALTAKQUISE', 'ACTIVE', 0, 'Funktion: Geschäftsführer/in (CEO) | Mitarbeiter: 11 bis 20 | Branche: Online Shops / Metallbauer | Rechtsform: Aktiengesellschaft'),
('332172e5-6be9-40cc-972b-1a092d36ce1d', 'd35a276f-0f2b-4a67-aa39-a182b0c77a07', 'KALTAKQUISE', 'ACTIVE', 0, 'Funktion: Geschäftsführer/in (CEO) | Mitarbeiter: 101 bis 500 | Branche: Metallbauer | Rechtsform: Aktiengesellschaft'),
('be083672-f1fd-413f-90be-420485965087', 'fcfb0918-e2db-4b69-b7e9-9ff3afc57f3b', 'KALTAKQUISE', 'ACTIVE', 0, 'Funktion: Geschäftsführer/in (CEO) | Mitarbeiter: 1 bis 10 | Branche: Bauingenieurbüros | Rechtsform: Aktiengesellschaft'),
('1a3edad8-ef10-49a1-8c00-51bc80f00e11', 'ca9f92e9-15c9-477c-a737-89158a38933e', 'KALTAKQUISE', 'ACTIVE', 0, 'Funktion: Geschäftsführer/in (CEO) | Mitarbeiter: 1 bis 10 | Branche: Glas-, Keramik-, Stein- & Baustoffindustrie | Rechtsform: Aktiengesellschaft'),
('63b83e59-441b-47b6-add7-7a54bbedf35b', '445e95ca-3b23-4cae-aeb1-8f75b5d56047', 'KALTAKQUISE', 'ACTIVE', 0, 'Funktion: Geschäftsführer/in (CEO) | Mitarbeiter: 51 bis 100 | Branche: Textil- & Möbelindustrie | Rechtsform: Aktiengesellschaft'),
('7eab0b9e-5eda-4b98-ac67-48a6b6502eed', 'de09b56f-0121-46b0-8ac5-533000cd5f81', 'KALTAKQUISE', 'ACTIVE', 0, 'Funktion: Inhaber/in (Owner/Founder) | Mitarbeiter: 21 bis 50 | Branche: Gartenbau & -pflege'),
('4b9a1995-d621-4902-b5d7-d350d1d0f6bf', 'af125d3e-815e-42ae-b4f7-c64e9c82ecdb', 'KALTAKQUISE', 'ACTIVE', 0, 'Funktion: Geschäftsführer/in (CEO) | Mitarbeiter: 1 bis 10 | Branche: Gartenbau & -pflege | Rechtsform: Aktiengesellschaft'),
('e8260c46-1d1f-4483-99e9-bbfdca62ada3', 'abad549d-0ab4-431e-a8f6-b469cb117b0c', 'KALTAKQUISE', 'ACTIVE', 0, 'Funktion: Geschäftsführer/in (CEO) | Mitarbeiter: 1 bis 10 | Branche: Nachhaltigkeitsbereich | Rechtsform: Gesellschaft mit beschränkter Haftung'),
('e68b05a7-0136-4d98-ab74-504e172f0ad2', '2fc5808a-67ab-4e8f-a91d-3e067b966f9e', 'KALTAKQUISE', 'ACTIVE', 0, 'Funktion: Geschäftsführer/in (CEO) | Mitarbeiter: 1 bis 10 | Branche: Metallbauer | Rechtsform: Gesellschaft mit beschränkter Haftung'),
('43a0eb10-7af1-44f1-b72a-13087bf79b17', '9d8eeac4-c88a-44f6-bd2f-d5c259f122fc', 'KALTAKQUISE', 'ACTIVE', 0, 'Funktion: Geschäftsführer/in (CEO) | Mitarbeiter: 1 bis 10 | Branche: Facility Management & Reinigungsfirmen / Maler- & Gipsergeschäfte | Rechtsform: Einzelunternehmen'),
('3222934b-fd23-4248-a380-b03989f2c6a6', '8d59a285-5fd9-4655-9968-6aeb30dfd1e2', 'KALTAKQUISE', 'ACTIVE', 0, 'Funktion: Geschäftsführer/in (CEO) | Mitarbeiter: 21 bis 50 | Branche: Schreinerei- & Holzbaubetriebe | Rechtsform: Aktiengesellschaft'),
('8a15a959-eb9d-4613-ac58-38cd8f732b17', '6c1ae9bf-ae56-438d-bf4f-42d864d073a7', 'KALTAKQUISE', 'ACTIVE', 0, 'Funktion: Geschäftsführer/in (CEO) | Mitarbeiter: 1 bis 10 | Branche: Schreinerei- & Holzbaubetriebe'),
('dd1d92ba-f2ac-417b-8c32-5d7d656a479d', '435fbba6-9342-4c81-aa8b-36108564ba34', 'KALTAKQUISE', 'ACTIVE', 0, 'Funktion: Geschäftsführer/in (CEO) | Mitarbeiter: 21 bis 50 | Branche: Baugeschäfte | Rechtsform: Schweizerische Zweigniederlassung'),
('cbf6286f-d20d-499f-aaeb-93e54e8071d8', '853bf606-d782-4936-88f4-19ef4dd8dd69', 'KALTAKQUISE', 'ACTIVE', 0, 'Funktion: Geschäftsführer/in (CEO) | Mitarbeiter: 1 bis 10 | Branche: Lebensmittelverarbeitung / Restaurants | Rechtsform: Aktiengesellschaft'),
('b007212b-0dc8-4a44-bb86-2ebbcfbfe224', '2530993b-0018-48df-be7e-1cac686fbfc1', 'KALTAKQUISE', 'ACTIVE', 0, 'Funktion: Geschäftsführer/in (CEO) | Mitarbeiter: 11 bis 20 | Branche: Sanitär & Haustechnik'),
('844e553f-58a6-4cbd-b2ba-42da26b6a7a9', 'eb5927c4-bca8-4817-89c0-cdaa01d4f135', 'KALTAKQUISE', 'ACTIVE', 0, 'Funktion: Geschäftsführer/in (CEO) | Mitarbeiter: 1 bis 10 | Branche: Architekturbüros | Rechtsform: Aktiengesellschaft'),
('117bb5a1-07a0-42b1-a2db-f786c0245c8c', '802e9857-3de1-48b0-ae61-7f19d9636664', 'KALTAKQUISE', 'ACTIVE', 0, 'Funktion: Geschäftsführer/in (CEO) | Mitarbeiter: 101 bis 500 | Branche: Detailhandel - Food & Getränke | Rechtsform: Aktiengesellschaft'),
('411c0fd9-2169-46f8-9be2-d6ddf8b69654', 'a5182c8a-ee43-413a-9f90-e2422f929b63', 'KALTAKQUISE', 'ACTIVE', 0, 'Funktion: Geschäftsführer/in (CEO) | Mitarbeiter: 21 bis 50 | Branche: Baugeschäfte / General- & Totalunternehmungen / Immobilienvermittlung | Rechtsform: Aktiengesellschaft'),
('648cad24-2ce4-45c8-895b-4970d99ea621', 'edb6bcb3-bda7-467d-96a3-06e37872d3a1', 'KALTAKQUISE', 'ACTIVE', 0, 'Funktion: Geschäftsführer/in (CEO) | Mitarbeiter: 1 bis 10 | Branche: Maler- & Gipsergeschäfte | Rechtsform: Aktiengesellschaft'),
('c5545487-bffc-4adc-968c-db9fe6df6a88', 'c2408bf0-a7ef-4668-90bc-61048389b34e', 'KALTAKQUISE', 'ACTIVE', 0, 'Funktion: Geschäftsführer/in (CEO) | Mitarbeiter: 11 bis 20 | Branche: Schreinerei- & Holzbaubetriebe | Rechtsform: Aktiengesellschaft'),
('9f4c1560-accb-4967-80bd-ee839b6dd799', 'edd5e654-d547-4110-8efb-616e9424df08', 'KALTAKQUISE', 'ACTIVE', 0, 'Funktion: Geschäftsführer/in (CEO) | Mitarbeiter: 21 bis 50 | Branche: Elektroplanung & Installation | Rechtsform: Aktiengesellschaft'),
('2897c44b-6889-4f78-a85b-e287288dfaab', '28fb5cfd-cb1b-4708-8049-adab06f3ea7c', 'KALTAKQUISE', 'ACTIVE', 0, 'Funktion: Geschäftsführer/in (CEO) | Mitarbeiter: 11 bis 20 | Branche: Metallbauer | Rechtsform: Aktiengesellschaft'),
('82fe0865-c423-4967-98a2-a79856e793f0', 'f9ca24e1-fb98-425a-9d10-8acb1d5da952', 'KALTAKQUISE', 'ACTIVE', 0, 'Funktion: Geschäftsführer/in (CEO) | Mitarbeiter: 11 bis 20 | Branche: Schreinerei- & Holzbaubetriebe | Rechtsform: Aktiengesellschaft'),
('f28c4922-29c5-4ca0-b3a5-4adf8764324a', '551a858c-1e1b-461e-bada-82d8979ca6a6', 'KALTAKQUISE', 'ACTIVE', 0, 'Funktion: Geschäftsführer/in (CEO) | Mitarbeiter: 11 bis 20 | Branche: Nachhaltigkeitsbereich / Sanitär & Haustechnik / Solar & Photovoltaik | Rechtsform: Aktiengesellschaft'),
('10cc3d19-665d-4baa-8dd8-e1dad0fae5a2', '8621a570-6652-485f-85e9-ae52c08a5e32', 'KALTAKQUISE', 'ACTIVE', 0, 'Funktion: Leitung Einkauf | Mitarbeiter: 11 bis 20 | Branche: Divers | Rechtsform: Aktiengesellschaft'),
('023549fb-b6b9-4cc7-b4f8-fbb232b43718', 'c1aeeabc-0267-45c9-b641-cd01fb81eb4b', 'KALTAKQUISE', 'ACTIVE', 0, 'Funktion: Geschäftsführer/in (CEO) | Mitarbeiter: 21 bis 50 | Branche: Elektroplanung & Installation | Rechtsform: Aktiengesellschaft'),
('5d332446-c665-4ac0-a78b-69bc4a7caddd', '1c0b5f67-eea3-4ecf-9536-455829f82b07', 'KALTAKQUISE', 'ACTIVE', 0, 'Funktion: Geschäftsführer/in (CEO) | Mitarbeiter: 11 bis 20 | Branche: Online Shops | Rechtsform: Gesellschaft mit beschränkter Haftung'),
('ec048163-7cb8-4faa-ba9c-db9b296569c6', '2de7f0b2-4ab8-4312-9a66-eb3bad5ee236', 'KALTAKQUISE', 'ACTIVE', 0, 'Funktion: Geschäftsführer/in (CEO) | Mitarbeiter: Mehr als 500 | Branche: Elektroindustrie / Top 2''000 CH-Unternehmen | Rechtsform: Aktiengesellschaft'),
('c900c5e0-1f89-4bf7-b258-97a467b8ea49', '6d33f7dd-9eae-4c7c-ae99-4465a74896c1', 'KALTAKQUISE', 'ACTIVE', 0, 'Funktion: Geschäftsführer/in (CEO) | Mitarbeiter: 51 bis 100 | Branche: Lebensmittelverarbeitung / Detailhandel - Food & Getränke | Rechtsform: Aktiengesellschaft'),
('a7449772-d95d-46a4-92a4-d215667eeab9', '944d71fc-496d-415f-98ff-c42796ac72de', 'KALTAKQUISE', 'ACTIVE', 0, 'Funktion: Geschäftsführer/in (CEO) | Mitarbeiter: 1 bis 10 | Branche: Nachhaltigkeitsbereich / Solar & Photovoltaik'),
('c2cfdbd1-5988-45c0-9c51-379bcc02bbc4', '32367a4f-dcef-49ab-8150-9c806be22660', 'KALTAKQUISE', 'ACTIVE', 0, 'Funktion: Geschäftsführer/in (CEO) | Mitarbeiter: 51 bis 100 | Branche: Sanitär & Haustechnik | Rechtsform: Aktiengesellschaft'),
('8ba20f21-296e-48c2-af0d-cadf73949890', 'e25657fd-9f9b-4cd5-a2b9-89c6a31b6684', 'KALTAKQUISE', 'ACTIVE', 0, 'Funktion: Geschäftsführer/in (CEO) | Mitarbeiter: 1 bis 10 | Branche: Baugeschäfte | Rechtsform: Aktiengesellschaft'),
('f21de0a9-0881-4c24-b4d2-5eb292127f15', '12928d10-3af8-4604-9561-3731b1d9760c', 'KALTAKQUISE', 'ACTIVE', 0, 'Funktion: Geschäftsführer/in (CEO) | Mitarbeiter: 21 bis 50 | Branche: Elektroindustrie / Maschinenbauindustrie | Rechtsform: Aktiengesellschaft'),
('9a76ae9d-9445-45e8-a80c-7f24dc98fed9', '3fa12c3b-e09f-4f2d-b8cf-34e6d1b84b5f', 'KALTAKQUISE', 'ACTIVE', 0, 'Funktion: Geschäftsführer/in (CEO) | Mitarbeiter: 11 bis 20 | Branche: Bauingenieurbüros / Sanitär & Haustechnik'),
('e9661852-6ee8-4823-9378-bbf01b94ca96', '5604a008-abb1-4457-bcbc-07de0841c58f', 'KALTAKQUISE', 'ACTIVE', 0, 'Funktion: Geschäftsführer/in (CEO) | Mitarbeiter: 1 bis 10 | Branche: Online Shops | Rechtsform: Einzelunternehmen'),
('0555c139-c4b4-4615-918f-5b5ce459e0a9', '1ce155e8-d1c5-4843-baeb-c7a885c34e5b', 'KALTAKQUISE', 'ACTIVE', 0, 'Funktion: Geschäftsführer/in (CEO) | Mitarbeiter: 101 bis 500 | Branche: Sanitär & Haustechnik | Rechtsform: Aktiengesellschaft'),
('6d17c3dc-06e9-473b-8c5f-091a7573709c', '42c8b766-6b30-4579-899b-5460b156afae', 'KALTAKQUISE', 'ACTIVE', 0, 'Funktion: Geschäftsführer/in (CEO) | Mitarbeiter: 1 bis 10 | Branche: Unternehmensberater | Rechtsform: Aktiengesellschaft'),
('9d9edd10-f06b-4d6c-b5bb-3b0eff9c9ce9', 'c521a260-7203-4f24-b4d1-ddd307094074', 'KALTAKQUISE', 'ACTIVE', 0, 'Funktion: Geschäftsführer/in (CEO) | Mitarbeiter: 1 bis 10 | Branche: FinTech | Rechtsform: Aktiengesellschaft'),
('78906d72-a0bb-42b5-820e-89ac67e7d930', '3028dfb3-9a5f-4ce9-b4b9-9bc7819eb055', 'KALTAKQUISE', 'ACTIVE', 0, 'Funktion: Geschäftsführer/in (CEO) | Mitarbeiter: 11 bis 20 | Branche: IT Unternehmen | Rechtsform: Aktiengesellschaft'),
('d3cab31f-3237-4b15-9267-dc8f3855acee', 'be3502e4-2771-49e5-9f80-fae9407aa607', 'KALTAKQUISE', 'ACTIVE', 0, 'Funktion: Geschäftsführer/in (CEO) | Mitarbeiter: 51 bis 100 | Branche: Sanitär & Haustechnik | Rechtsform: Aktiengesellschaft'),
('a330d023-2cc5-491f-9341-3d7396de45a4', '69581380-19d6-4b53-9deb-86e9211dece0', 'KALTAKQUISE', 'ACTIVE', 0, 'Funktion: Geschäftsführer/in (CEO) | Mitarbeiter: 1 bis 10 | Branche: Architekturbüros | Rechtsform: Aktiengesellschaft'),
('92428af8-fdd6-4fbb-9a65-d4e70479ca8f', 'bb8f5d25-8b23-449b-a4d0-77b9d7bdd1c3', 'KALTAKQUISE', 'ACTIVE', 0, 'Funktion: Geschäftsführer/in (CEO) | Mitarbeiter: 1 bis 10 | Branche: Energieindustrie | Rechtsform: Aktiengesellschaft'),
('3d1c25a4-1cbb-4f41-ab85-1d1e1377f7e9', '9058ce12-966a-46b6-b853-8bb21e863092', 'KALTAKQUISE', 'ACTIVE', 0, 'Funktion: Geschäftsführer/in (CEO) | Mitarbeiter: 1 bis 10 | Branche: Werbeagenturen | Rechtsform: Gesellschaft mit beschränkter Haftung'),
('4a8bddad-fe77-46b7-9918-f844dee55c4b', '5ff170bc-dcd1-42a5-ac6c-f0b100351625', 'KALTAKQUISE', 'ACTIVE', 0, 'Funktion: Geschäftsführer/in (CEO) | Mitarbeiter: 51 bis 100 | Branche: Lebensmittelverarbeitung / Online Shops | Rechtsform: Gesellschaft mit beschränkter Haftung'),
('6c8ddaee-ad4a-41be-a8bf-8c02b0451300', '2c51df3e-5a7f-41e7-94ed-229e6c944502', 'KALTAKQUISE', 'ACTIVE', 0, 'Funktion: Geschäftsführer/in (CEO) | Mitarbeiter: 1 bis 10 | Branche: Werbeagenturen | Rechtsform: Gesellschaft mit beschränkter Haftung'),
('7102ddbb-cecd-48e4-9d9a-6f139f4418ff', '1d4190bb-b259-41b0-9a8a-869dbdd5710a', 'KALTAKQUISE', 'ACTIVE', 0, 'Funktion: Geschäftsführer/in (CEO) | Mitarbeiter: 1 bis 10 | Branche: Architekturbüros | Rechtsform: Aktiengesellschaft'),
('90342dbd-5de0-4a8f-99ae-5d5742ec454d', '62ae03e1-08bf-4d9e-a885-e09b3b13003f', 'KALTAKQUISE', 'ACTIVE', 0, 'Funktion: Geschäftsführer/in (CEO) | Mitarbeiter: 11 bis 20 | Branche: Online Shops | Rechtsform: Aktiengesellschaft'),
('cc206c65-c223-49aa-8773-fdfb3ecd0615', 'f1e6c633-f430-48ff-9891-22af276940a5', 'KALTAKQUISE', 'ACTIVE', 0, 'Funktion: Geschäftsführer/in (CEO) | Mitarbeiter: 1 bis 10 | Branche: Immobilienprojektentwicklung | Rechtsform: Aktiengesellschaft'),
('ec582513-0373-4e0f-a488-53115f727dfa', '23973b9d-8e2b-4389-95bf-c8b8ac314a0c', 'KALTAKQUISE', 'ACTIVE', 0, 'Funktion: Geschäftsführer/in (CEO) | Mitarbeiter: 1 bis 10 | Branche: Metallbauer | Rechtsform: Gesellschaft mit beschränkter Haftung'),
('6a64c4f8-d95f-4e9d-b1f3-44e1835b4654', 'c1747122-2f21-4e06-96c4-9b576da6a92a', 'KALTAKQUISE', 'ACTIVE', 0, 'Funktion: Geschäftsführer/in (CEO) | Mitarbeiter: 21 bis 50 | Branche: Weiterbildungsinstitute | Rechtsform: Gesellschaft mit beschränkter Haftung'),
('7c802c79-d325-4159-a44a-b630b5c50558', '89fcff9e-a073-4747-8485-8131fedc0b1e', 'KALTAKQUISE', 'ACTIVE', 0, 'Funktion: Geschäftsführer/in (CEO) | Mitarbeiter: 1 bis 10 | Branche: Externe Vermögensverwalter | Rechtsform: Aktiengesellschaft'),
('61479333-c2f0-49e8-8e60-c8d48c70aba2', '84a53274-d3b3-4c5c-92f1-0b514027f914', 'KALTAKQUISE', 'ACTIVE', 0, 'Funktion: Geschäftsführer/in (CEO) | Mitarbeiter: 1 bis 10 | Branche: Elektroindustrie / Energieversorger | Rechtsform: Aktiengesellschaft'),
('50dab608-06ee-4ef0-b0f7-915b16802694', 'c5067805-bbcc-48d5-bb0b-89c32874765f', 'KALTAKQUISE', 'ACTIVE', 0, 'Funktion: Geschäftsführer/in (CEO) | Mitarbeiter: 21 bis 50 | Branche: Treuhandbüros | Rechtsform: Aktiengesellschaft'),
('92911e71-4e57-496b-9f7f-89bef39ff971', '193c82df-678f-43b7-9265-7d8879db4f1c', 'KALTAKQUISE', 'ACTIVE', 0, 'Funktion: Geschäftsführer/in (CEO) | Mitarbeiter: 11 bis 20 | Branche: Clubs, Bars & Eventlocations'),
('4927c253-ae36-4208-8bc9-a452c9486ca5', 'c5a24883-6f51-4ea3-8f8c-9639172f6776', 'KALTAKQUISE', 'ACTIVE', 0, 'Funktion: Geschäftsführer/in (CEO) | Mitarbeiter: 21 bis 50 | Branche: Lebensmittelverarbeitung | Rechtsform: Einzelunternehmen'),
('638af8a9-7842-48a7-8492-6bedf6fd10ba', '9ad898b9-6f33-4009-8fc0-9f3c0aa9261a', 'KALTAKQUISE', 'ACTIVE', 0, 'Funktion: Geschäftsführer/in (CEO) | Mitarbeiter: 1 bis 10 | Branche: Restaurants'),
('b307a2ea-0c8c-400c-9e7f-44f1474e1aac', '518ae3cc-2bc9-4594-9788-6dedb9f0c52d', 'KALTAKQUISE', 'ACTIVE', 0, 'Funktion: Geschäftsführer/in (CEO) | Mitarbeiter: 11 bis 20 | Branche: IT Unternehmen | Rechtsform: Gesellschaft mit beschränkter Haftung'),
('987ec2e4-cd82-443b-98cd-409725ad4b52', '36aff5c8-0db7-4d4f-9650-34fe49547d9a', 'KALTAKQUISE', 'ACTIVE', 0, 'Funktion: Geschäftsführer/in (CEO) | Mitarbeiter: 1 bis 10 | Branche: Fonds & sonstige Finanzinstitute | Rechtsform: Aktiengesellschaft'),
('bf3bf029-e214-4f77-8a72-e465a7d4aedd', '32330c3c-46f4-44b1-ad81-65fb2d73f506', 'KALTAKQUISE', 'ACTIVE', 0, 'Funktion: Geschäftsführer/in (CEO) | Mitarbeiter: 11 bis 20 | Branche: Nachhaltigkeitsbereich | Rechtsform: Gesellschaft mit beschränkter Haftung'),
('f0537ff8-8847-48e3-8c8b-e1471426dee7', 'e0b88aa4-8df9-480c-95b2-26b8ab593811', 'KALTAKQUISE', 'ACTIVE', 0, 'Funktion: Geschäftsführer/in (CEO) | Mitarbeiter: 1 bis 10 | Branche: Naturheilpraxen'),
('4ee6f4a5-fdf5-4cba-9341-f15061c94053', '4d32a91e-7ed7-405f-8aff-60494273e526', 'KALTAKQUISE', 'ACTIVE', 0, 'Funktion: Geschäftsführer/in (CEO) | Mitarbeiter: 1 bis 10 | Branche: Restaurants'),
('9963e585-5b7e-4123-b0f2-a4156111bbb6', 'b1ebcd29-0a7f-421c-8a4f-44a808853731', 'KALTAKQUISE', 'ACTIVE', 0, 'Funktion: Geschäftsführer/in (CEO) | Mitarbeiter: Mehr als 500 | Branche: Top 2''000 CH-Unternehmen | Rechtsform: Gesellschaft mit beschränkter Haftung'),
('1da981ab-6562-4c93-a4f5-97b836d85a7a', 'b016ccad-cdde-4c1f-9074-155a48208172', 'KALTAKQUISE', 'ACTIVE', 0, 'Funktion: Geschäftsführer/in (CEO) | Mitarbeiter: 21 bis 50 | Branche: IT Unternehmen | Rechtsform: Aktiengesellschaft'),
('4cfa7f33-11db-4c16-899d-baca54130743', 'f7985f84-c181-4fb2-bc6c-26151bb36976', 'KALTAKQUISE', 'ACTIVE', 0, 'Funktion: Geschäftsführer/in (CEO) | Mitarbeiter: 1 bis 10 | Branche: Gartenbau & -pflege'),
('619082b5-4746-4d0f-b51f-a7ea367d5fec', '364594be-26a9-4651-ab3f-b4bb9cd71602', 'KALTAKQUISE', 'ACTIVE', 0, 'Funktion: Geschäftsführer/in (CEO) | Mitarbeiter: 1 bis 10 | Branche: Werbeagenturen | Rechtsform: Aktiengesellschaft'),
('ddd27f73-8ac1-4804-882b-023fc928fa34', '4335974b-5f3d-4b16-a049-a706e2f92c6f', 'KALTAKQUISE', 'ACTIVE', 0, 'Funktion: Geschäftsführer/in (CEO) | Mitarbeiter: 1 bis 10 | Branche: Werbeagenturen | Rechtsform: Gesellschaft mit beschränkter Haftung'),
('7c325469-966b-4385-9653-816551185d09', '64ccb82e-1cc2-4389-8b0c-9f95ea2823c3', 'KALTAKQUISE', 'ACTIVE', 0, 'Funktion: Geschäftsführer/in (CEO) | Mitarbeiter: 1 bis 10 | Branche: Physiotherapie | Rechtsform: Aktiengesellschaft'),
('2cf3face-d3ec-4b2d-b53b-c38f87aa9fcb', '85f5d618-bccc-4b11-ad37-253ccca258a3', 'KALTAKQUISE', 'ACTIVE', 0, 'Funktion: Geschäftsführer/in (CEO) | Mitarbeiter: 11 bis 20 | Branche: Online Shops | Rechtsform: Einzelunternehmen'),
('c0ba680e-70d0-4f3c-8722-f461afb1c439', '7a3dd6a8-85ce-4644-968f-b37896ab8254', 'KALTAKQUISE', 'ACTIVE', 0, 'Funktion: Geschäftsführer/in (CEO) | Mitarbeiter: 11 bis 20 | Branche: Restaurants | Rechtsform: Aktiengesellschaft'),
('44178352-8311-4afd-8653-61f9257fc84c', 'ca867806-bc58-456c-8b4e-9711c4257aea', 'KALTAKQUISE', 'ACTIVE', 0, 'Funktion: Geschäftsführer/in (CEO) | Mitarbeiter: Mehr als 500 | Branche: Top 2''000 CH-Unternehmen | Rechtsform: Gesellschaft mit beschränkter Haftung'),
('67531e30-c912-4bca-a8f8-e5582b6f1df2', '0c930c92-29d3-44ba-9999-8e353e95e9d2', 'KALTAKQUISE', 'ACTIVE', 0, 'Funktion: Geschäftsführer/in (CEO) | Mitarbeiter: 1 bis 10 | Branche: Architekturbüros / Bau- & Projektmanagement / General- & Totalunternehmungen | Rechtsform: Gesellschaft mit beschränkter Haftung'),
('ddd9cab3-7b86-47ae-8ec1-c845f33d6440', '9216cf68-2c21-4ff5-8599-58c33550ff83', 'KALTAKQUISE', 'ACTIVE', 0, 'Funktion: Gesamtleitung/Direktion | Mitarbeiter: 1 bis 10 | Branche: Hotels'),
('267e577e-3f15-4729-aa02-1811e4c591a2', '7b4e0108-665e-4c77-a535-0cdd8eb6aefc', 'KALTAKQUISE', 'ACTIVE', 0, 'Funktion: Geschäftsführer/in (CEO) | Mitarbeiter: 1 bis 10 | Branche: IT Unternehmen | Rechtsform: Aktiengesellschaft'),
('4167f643-1037-4b2c-8c8c-b98c7253a4d8', '8d57d557-e39a-4295-84f9-910a990730b8', 'KALTAKQUISE', 'ACTIVE', 0, 'Funktion: Geschäftsführer/in (CEO) | Mitarbeiter: 11 bis 20 | Branche: Maschinenbauindustrie | Rechtsform: Aktiengesellschaft'),
('668260d3-4590-4b60-94c4-cff25d5330db', '2747eb87-8d50-449d-b730-839cb3ff0a4b', 'KALTAKQUISE', 'ACTIVE', 0, 'Funktion: Geschäftsführer/in (CEO) | Mitarbeiter: 11 bis 20 | Branche: Textil- & Möbelindustrie | Rechtsform: Aktiengesellschaft'),
('b9c2d5b1-9d7e-4015-9f60-f2ccb92f0977', '0110298d-eb2b-4705-bd44-bf36c29e8396', 'KALTAKQUISE', 'ACTIVE', 0, 'Funktion: Geschäftsführer/in (CEO) | Mitarbeiter: 11 bis 20 | Branche: Online Shops | Rechtsform: Aktiengesellschaft'),
('4503e5a9-af21-458b-8568-7966269d7202', 'fdac99dc-b0a5-4318-818c-aeeac5948674', 'KALTAKQUISE', 'ACTIVE', 0, 'Funktion: Geschäftsführer/in (CEO) | Mitarbeiter: Mehr als 500 | Branche: Online Shops | Rechtsform: Gesellschaft mit beschränkter Haftung'),
('787a2325-0c32-4f92-9b44-808e40737ac0', '5ede1aeb-360d-4c4c-ab5a-061a06198799', 'KALTAKQUISE', 'ACTIVE', 0, 'Funktion: Geschäftsführer/in (CEO) | Mitarbeiter: 1 bis 10 | Branche: Maschinenbauindustrie / Nachhaltigkeitsbereich / Solar & Photovoltaik | Rechtsform: Gesellschaft mit beschränkter Haftung'),
('70982376-556b-4291-adb4-5a8c1dd2e3df', 'e60aae4c-832a-4575-8933-08ea415778ec', 'KALTAKQUISE', 'ACTIVE', 0, 'Funktion: Geschäftsführer/in (CEO) | Mitarbeiter: 51 bis 100 | Branche: Elektroindustrie / Top 2''000 CH-Unternehmen | Rechtsform: Gesellschaft mit beschränkter Haftung'),
('b0cf7117-f46c-4984-9544-bb1d47442a29', 'e08b0118-8a43-45bc-a3b5-2fb5e24b62de', 'KALTAKQUISE', 'ACTIVE', 0, 'Funktion: Geschäftsführer/in (CEO) | Mitarbeiter: 1 bis 10 | Branche: Schwimmbäder'),
('83da5abd-933b-405c-958f-a17d9c90f1a0', 'c093e45b-ae5d-4d3f-a2ec-6c4b370d5049', 'KALTAKQUISE', 'ACTIVE', 0, 'Funktion: Geschäftsführer/in (CEO) | Mitarbeiter: 1 bis 10 | Branche: Sanitär & Haustechnik'),
('2bae8c18-a10d-41ff-bf16-3ac9e1b627f4', '98b5bc4c-de9e-4723-a923-5ecf39f99f6d', 'KALTAKQUISE', 'ACTIVE', 0, 'Funktion: Geschäftsführer/in (CEO) | Mitarbeiter: Mehr als 500 | Branche: Nachhaltigkeitsbereich'),
('ec50ed75-a057-46ed-8149-23bf7e2ee007', '718c5076-ebb4-462d-b171-42cb694a94ab', 'KALTAKQUISE', 'ACTIVE', 0, 'Funktion: Geschäftsführer/in (CEO) | Mitarbeiter: 1 bis 10 | Branche: Nachhaltigkeitsbereich'),
('dde7fc2c-21f5-4d05-ae9d-b425a02e9380', 'e5e7be39-af1f-4393-a9bb-a4e5c37933ae', 'KALTAKQUISE', 'ACTIVE', 0, 'Funktion: Geschäftsführer/in (CEO) | Mitarbeiter: 51 bis 100 | Branche: Schulen / Weiterbildungsinstitute'),
('6ab48333-7188-4f1d-8ada-4f02f7c55778', 'ac59fcab-267e-499c-9ebc-09ddace2082c', 'KALTAKQUISE', 'ACTIVE', 0, 'Funktion: Geschäftsführer/in (CEO) | Mitarbeiter: 1 bis 10 | Branche: Bau- & Projektmanagement | Rechtsform: Aktiengesellschaft'),
('16c8ca31-d577-42ae-a003-ea2363c796f8', 'f1e56000-c625-48ef-b9ee-36e3897d1e22', 'KALTAKQUISE', 'ACTIVE', 0, 'Funktion: Geschäftsführer/in (CEO) | Mitarbeiter: 11 bis 20 | Branche: Facility Management & Reinigungsfirmen | Rechtsform: Gesellschaft mit beschränkter Haftung'),
('23e7460a-f460-46d5-be69-792221da1a13', '406744df-4db1-4366-8675-21ce13293aff', 'KALTAKQUISE', 'ACTIVE', 0, 'Funktion: Geschäftsführer/in (CEO) | Mitarbeiter: 1 bis 10 | Branche: Sanitär & Haustechnik | Rechtsform: Gesellschaft mit beschränkter Haftung'),
('50df919b-5ae6-402b-bd0d-67c1fcf6fb72', 'd25975fa-356b-4dea-8e29-e5c6b2773bd5', 'KALTAKQUISE', 'ACTIVE', 0, 'Funktion: Leitung Schule | Mitarbeiter: 21 bis 50 | Branche: Weiterbildungsinstitute'),
('eabd5caa-27b6-4726-9ef3-e4ad619ae785', 'bc475cc0-5ba3-4472-b79d-8cc5f242510b', 'KALTAKQUISE', 'ACTIVE', 0, 'Funktion: Geschäftsführer/in (CEO) | Mitarbeiter: 1 bis 10 | Branche: Maler- & Gipsergeschäfte'),
('706de259-2241-49e7-9e40-3542d1b4c12f', 'ab63a55d-0e5e-4d2d-963e-6cf723bde344', 'KALTAKQUISE', 'ACTIVE', 0, 'Funktion: Geschäftsführer/in (CEO) | Mitarbeiter: 1 bis 10 | Branche: Physiotherapie'),
('17f12838-3e50-49c6-ac9f-b11189ad99bc', '8474e62a-66fe-443c-9893-ef298d121054', 'KALTAKQUISE', 'ACTIVE', 0, 'Funktion: Geschäftsführer/in (CEO) | Mitarbeiter: Mehr als 500 | Branche: Top 2''000 CH-Unternehmen | Rechtsform: Gesellschaft mit beschränkter Haftung'),
('03d13b41-ea45-4560-b91a-e3a9a4be8cc3', '538d4196-7c01-47b2-bc62-bcc93aa5c7c5', 'KALTAKQUISE', 'ACTIVE', 0, 'Funktion: Geschäftsführer/in (CEO) | Mitarbeiter: 1 bis 10 | Branche: Architekturbüros / Immobilienvermittlung | Rechtsform: Gesellschaft mit beschränkter Haftung'),
('666c783b-a5e8-4e26-9b0b-ce30bf980047', 'b5d32eba-0dec-4c8d-b787-40f47060fb16', 'KALTAKQUISE', 'ACTIVE', 0, 'Funktion: Geschäftsführer/in (CEO) | Mitarbeiter: 11 bis 20 | Branche: IT Unternehmen | Rechtsform: Aktiengesellschaft'),
('d4e803a7-9e44-4764-adf1-3e38ee30ba17', 'd610e8af-8bda-47ae-a1ba-1fb1592e0132', 'KALTAKQUISE', 'ACTIVE', 0, 'Funktion: Geschäftsführer/in (CEO) | Mitarbeiter: 1 bis 10 | Branche: Elektroplanung & Installation | Rechtsform: Gesellschaft mit beschränkter Haftung'),
('8d910744-568b-4980-91dc-e80b9dbaf562', '04023be0-96b7-4962-ae6f-1163bdeef690', 'KALTAKQUISE', 'ACTIVE', 0, 'Funktion: Gesamtleitung/Direktion | Mitarbeiter: 11 bis 20 | Branche: Hotels | Rechtsform: Gesellschaft mit beschränkter Haftung'),
('05c754b3-a82c-4c5d-ac00-4ed85e22af6a', '266c148d-e16a-4061-bd67-bfb96d4ffa34', 'KALTAKQUISE', 'ACTIVE', 0, 'Funktion: Geschäftsführer/in (CEO) | Mitarbeiter: 1 bis 10 | Branche: Werbeagenturen | Rechtsform: Einzelunternehmen'),
('e52bc828-feb8-4618-b161-e4e79214b762', 'e1148579-f52e-42b8-977e-92188037796c', 'KALTAKQUISE', 'ACTIVE', 0, 'Funktion: Geschäftsführer/in (CEO) | Mitarbeiter: 1 bis 10 | Branche: Elektroplanung & Installation | Rechtsform: Aktiengesellschaft'),
('ea318dde-7305-418f-9074-64ac13357326', 'd4a21048-44f0-4e2a-9ae2-a087cd5911f6', 'KALTAKQUISE', 'ACTIVE', 0, 'Funktion: Geschäftsführer/in (CEO) | Mitarbeiter: 1 bis 10 | Branche: Schreinerei- & Holzbaubetriebe'),
('9d757411-8805-4343-9529-a49d6eae701a', '355064aa-d6f9-4270-bbd1-c2bfdac951a5', 'KALTAKQUISE', 'ACTIVE', 0, 'Funktion: Leitung Schule | Mitarbeiter: 51 bis 100 | Branche: Weiterbildungsinstitute'),
('eb66b9b5-db46-4ed0-b44a-a067f33fd906', 'a8dcea32-c08b-46e1-88fe-c175f8c1cfe3', 'KALTAKQUISE', 'ACTIVE', 0, 'Funktion: Geschäftsführer/in (CEO) | Mitarbeiter: 1 bis 10 | Branche: Restaurants'),
('e9d9d37a-25f0-41f0-b45d-3d94eb3594e4', '5f5d78ab-db59-4a00-89f2-84b048eb9015', 'KALTAKQUISE', 'ACTIVE', 0, 'Funktion: Geschäftsführer/in (CEO) | Mitarbeiter: 11 bis 20 | Branche: Online Shops | Rechtsform: Einzelunternehmen'),
('af7bb6f9-312c-4037-abf8-04c923c4d673', '2c85c857-4e51-4388-b5b0-1776ea5903e5', 'KALTAKQUISE', 'ACTIVE', 0, 'Funktion: Geschäftsführer/in (CEO) | Mitarbeiter: Mehr als 500 | Branche: Baugeschäfte / Glas-, Keramik-, Stein- & Baustoffindustrie | Rechtsform: Aktiengesellschaft'),
('e56c0a0d-92e3-4f62-bb39-2dfabb1d2ef8', '8386ad42-2885-44f6-ade9-5ff25d11fce9', 'KALTAKQUISE', 'ACTIVE', 0, 'Funktion: Geschäftsführer/in (CEO) | Mitarbeiter: 1 bis 10 | Branche: Gartenbau & -pflege'),
('5e2bb11f-d2cd-498d-907d-2180efbe34da', 'f6ad9a9b-66e7-4bf6-9121-a3ea55e5bef5', 'KALTAKQUISE', 'ACTIVE', 0, 'Funktion: Geschäftsführer/in (CEO) | Mitarbeiter: 1 bis 10 | Branche: Gartenbau & -pflege'),
('79742f41-0b28-42c0-81cf-db1df7c6aafb', '39d2c423-2e73-4ced-9d0a-5fae85c5115e', 'KALTAKQUISE', 'ACTIVE', 0, 'Funktion: Geschäftsführer/in (CEO) | Mitarbeiter: 1 bis 10 | Branche: Nachhaltigkeitsbereich / Sanitär & Haustechnik / Solar & Photovoltaik | Rechtsform: Gesellschaft mit beschränkter Haftung'),
('423de239-98a5-4a53-bcf6-8e4cbf787d4a', '287e3c84-d309-4da8-8752-ab28e85acf7c', 'KALTAKQUISE', 'ACTIVE', 0, 'Funktion: Geschäftsführer/in (CEO) | Mitarbeiter: 11 bis 20 | Branche: Schreinerei- & Holzbaubetriebe | Rechtsform: Aktiengesellschaft'),
('6c6ef946-f966-4b09-bae8-e8645f92eccb', '15c9c6eb-512f-4cd1-a653-f695468e1d7e', 'KALTAKQUISE', 'ACTIVE', 0, 'Funktion: Geschäftsführer/in (CEO) | Mitarbeiter: 1 bis 10 | Branche: Gartenbau & -pflege | Rechtsform: Gesellschaft mit beschränkter Haftung'),
('9264f7de-cde9-43ff-9429-8c57d2f90a15', '9a556db2-796d-4ac7-b5d9-6134706d63ac', 'KALTAKQUISE', 'ACTIVE', 0, 'Funktion: Geschäftsführer/in (CEO) | Mitarbeiter: 1 bis 10 | Branche: Schreinerei- & Holzbaubetriebe | Rechtsform: Gesellschaft mit beschränkter Haftung'),
('2b7d6b86-8bc4-4624-8c81-6a9654b9fc4d', '088619d2-d277-4e8b-9771-fc3ac1626ad1', 'KALTAKQUISE', 'ACTIVE', 0, 'Funktion: Geschäftsführer/in (CEO) | Mitarbeiter: 1 bis 10 | Branche: Schreinerei- & Holzbaubetriebe'),
('9a6adbab-36ef-4fb4-8961-6f5274fd0925', '2e6973f4-e1e5-4b3c-8974-7b99beb02094', 'KALTAKQUISE', 'ACTIVE', 0, 'Funktion: Geschäftsführer/in (CEO) | Mitarbeiter: 1 bis 10 | Branche: Bau- & Projektmanagement / Immobilienprojektentwicklung / Bauherrenvertretung | Rechtsform: Aktiengesellschaft'),
('3f1ea1f4-66bb-4b0d-a6ae-87726e60f773', 'ef67f679-9405-4ade-909c-46b589f329a1', 'KALTAKQUISE', 'ACTIVE', 0, 'Funktion: Geschäftsführer/in (CEO) | Mitarbeiter: 11 bis 20 | Branche: Clubs, Bars & Eventlocations'),
('c9e831a4-4320-4ab5-b9a7-91bd2da119ba', 'd1dbae27-6999-4710-ad56-3887a5e9d8e5', 'KALTAKQUISE', 'ACTIVE', 0, 'Funktion: Geschäftsführer/in (CEO) | Mitarbeiter: 1 bis 10 | Branche: Architekturbüros | Rechtsform: Gesellschaft mit beschränkter Haftung'),
('1e705cc8-f9e5-4323-8bc3-58157489ebe9', '4c98460e-e0ab-4c91-979b-a6a902a85644', 'KALTAKQUISE', 'ACTIVE', 0, 'Funktion: Geschäftsführer/in (CEO) | Mitarbeiter: 51 bis 100 | Branche: Metallbauer | Rechtsform: Aktiengesellschaft'),
('67e23c7e-b36d-483b-bba4-095fa832d5d5', '9fa9991d-d515-45b5-82df-944cdef28836', 'KALTAKQUISE', 'ACTIVE', 0, 'Funktion: Geschäftsführer/in (CEO) | Mitarbeiter: 1 bis 10 | Branche: Apotheken & Drogerien | Rechtsform: Gesellschaft mit beschränkter Haftung'),
('e0db0001-bc1a-4633-9571-53c147455a97', '4a27e68c-1e7a-4f22-a7d4-aff2d1f26af3', 'KALTAKQUISE', 'ACTIVE', 0, 'Funktion: Geschäftsführer/in (CEO) | Mitarbeiter: 1 bis 10 | Branche: Gartenbau & -pflege | Rechtsform: Aktiengesellschaft'),
('48d4af5f-de5a-4035-a8a0-795693ea875f', 'a6d8454e-15ac-474d-bf35-9bddce166c2f', 'KALTAKQUISE', 'ACTIVE', 0, 'Funktion: Geschäftsführer/in (CEO) | Mitarbeiter: 1 bis 10 | Branche: Gartenbau & -pflege'),
('7fa00891-d103-4301-b5aa-17baf32d9ddb', 'fc6af098-1c6d-4a3b-894f-39990f3b23fd', 'KALTAKQUISE', 'ACTIVE', 0, 'Funktion: Geschäftsführer/in (CEO) | Mitarbeiter: 1 bis 10 | Branche: Gartenbau & -pflege | Rechtsform: Aktiengesellschaft'),
('b15cc9d7-5ec8-4730-875d-8da6ea8ffb57', '0a6106d9-086f-4844-a008-6d1385c5a649', 'KALTAKQUISE', 'ACTIVE', 0, 'Funktion: Geschäftsführer/in (CEO) | Mitarbeiter: 1 bis 10 | Branche: Logistik- & Transportunternehmen | Rechtsform: Ausländische Niederlassung im Handelsregister eingetragen'),
('d71cb567-caed-46a4-baa1-52f552b78233', 'd76b5ed1-a515-4db8-b582-74f059724ca4', 'KALTAKQUISE', 'ACTIVE', 0, 'Funktion: Geschäftsführer/in (CEO) | Mitarbeiter: 1 bis 10 | Branche: Hofläden & Bauernhöfe'),
('044b6f8f-24f0-4106-9e00-e1f0ea594f95', 'a201eb13-8893-4842-b7be-d362527a0594', 'KALTAKQUISE', 'ACTIVE', 0, 'Funktion: Geschäftsführer/in (CEO) | Mitarbeiter: 51 bis 100 | Branche: Bau- & Projektmanagement / Baugeschäfte / General- & Totalunternehmungen / Immobilienverwaltung / Immobilienvermittlung / Immobilienprojektentwicklung | Rechtsform: Aktiengesellschaft'),
('f199e140-e7ed-4413-823c-0a4ce57ca10d', 'e42c3098-20ca-4eb0-a92e-ed290626d4db', 'KALTAKQUISE', 'ACTIVE', 0, 'Funktion: Geschäftsführer/in (CEO) | Mitarbeiter: 1 bis 10 | Branche: Schreinerei- & Holzbaubetriebe | Rechtsform: Aktiengesellschaft'),
('c7a0aaf1-3278-4b76-bf3b-9d3b898c327a', 'cfd80681-d64d-48b0-95cb-77c0acc15c44', 'KALTAKQUISE', 'ACTIVE', 0, 'Funktion: Geschäftsführer/in (CEO) | Mitarbeiter: 1 bis 10 | Branche: Energieindustrie | Rechtsform: Gesellschaft mit beschränkter Haftung'),
('96af6649-29be-45be-a78e-fd6916aa57bb', '2bc9a0a5-3f7f-4cfa-aa1f-bae95bfe377d', 'KALTAKQUISE', 'ACTIVE', 0, 'Funktion: Geschäftsführer/in (CEO) | Mitarbeiter: 11 bis 20 | Branche: Fonds & sonstige Finanzinstitute / Externe Vermögensverwalter | Rechtsform: Aktiengesellschaft'),
('9d450211-585c-4128-945d-c899e54c9390', '2cac51e6-f35e-46dc-8b8b-bef7d9977b51', 'KALTAKQUISE', 'ACTIVE', 0, 'Funktion: Geschäftsführer/in (CEO) | Mitarbeiter: 11 bis 20 | Branche: Private Equity & Venture Capital Firmen / Externe Vermögensverwalter | Rechtsform: Aktiengesellschaft'),
('2072195b-1a18-432b-82a8-ae614fbd991f', '12d9fbfa-1db5-40c4-8121-51fe4323d465', 'KALTAKQUISE', 'ACTIVE', 0, 'Funktion: Geschäftsführer/in (CEO) | Mitarbeiter: 1 bis 10 | Branche: Maler- & Gipsergeschäfte | Rechtsform: Gesellschaft mit beschränkter Haftung'),
('14179bdb-bc2e-4f4d-b50a-8bd1d522f0a8', '5f565f2f-02a2-4d7a-9c92-b6a37fdd0c97', 'KALTAKQUISE', 'ACTIVE', 0, 'Funktion: Geschäftsführer/in (CEO) | Mitarbeiter: 1 bis 10 | Branche: Glas-, Keramik-, Stein- & Baustoffindustrie | Rechtsform: Aktiengesellschaft'),
('ab013457-5883-4fd2-9ec3-fa2e3dec9b34', '91ab6dd1-8eb9-43e4-96cb-5d4d64a92601', 'KALTAKQUISE', 'ACTIVE', 0, 'Funktion: Geschäftsführer/in (CEO) | Mitarbeiter: 1 bis 10 | Branche: Bauingenieurbüros | Rechtsform: Gesellschaft mit beschränkter Haftung'),
('42b96811-0bd5-403b-8b37-bedef73c432b', '86023eb6-bf39-4b19-a749-c92bd815ae39', 'KALTAKQUISE', 'ACTIVE', 0, 'Funktion: Geschäftsführer/in (CEO) | Mitarbeiter: 1 bis 10 | Branche: Online Shops'),
('13834e2b-1766-4806-a23a-dccdf27ab876', 'abaa3f5a-aca6-4cdf-8f70-7886b2747cd3', 'KALTAKQUISE', 'ACTIVE', 0, 'Funktion: Geschäftsführer/in (CEO) | Mitarbeiter: 11 bis 20 | Branche: Schreinerei- & Holzbaubetriebe'),
('939a02f3-f8a3-4942-ac44-b710ff655029', '27ee64a8-03a6-4327-89bb-5ab6dca8d8c4', 'KALTAKQUISE', 'ACTIVE', 0, 'Funktion: Geschäftsführer/in (CEO) | Mitarbeiter: 1 bis 10 | Branche: Schreinerei- & Holzbaubetriebe | Rechtsform: Gesellschaft mit beschränkter Haftung'),
('0e7088c0-1348-4dd2-b672-ee1debbbc2c1', '85e37992-204c-40b7-b7c7-94048430a0d0', 'KALTAKQUISE', 'ACTIVE', 0, 'Funktion: Geschäftsführer/in (CEO) | Mitarbeiter: 11 bis 20 | Branche: Entsorgungsindustrie | Rechtsform: Aktiengesellschaft'),
('71e1379b-5409-42db-b48f-9238c6c4b5f3', '1f901383-8ad4-4547-8e71-a251f1a63348', 'KALTAKQUISE', 'ACTIVE', 0, 'Funktion: Geschäftsführer/in (CEO) | Mitarbeiter: 21 bis 50 | Branche: Life-Science-Industrie | Rechtsform: Aktiengesellschaft'),
('a38db953-a136-44a2-8c05-675aea9f890e', '36bfc9d1-737c-4ef9-ac6b-379514bc7e38', 'KALTAKQUISE', 'ACTIVE', 0, 'Funktion: Geschäftsführer/in (CEO) | Mitarbeiter: 101 bis 500 | Branche: Energieindustrie / Nachhaltigkeitsbereich / Top 2''000 CH-Unternehmen / Solar & Photovoltaik / Energieversorger | Rechtsform: Genossenschaft'),
('28eb7b4e-19a2-4af0-8d25-cd9edd1d4a9a', '0b0b996e-4a2b-4f6a-a0c4-a8404065d609', 'KALTAKQUISE', 'ACTIVE', 0, 'Funktion: Geschäftsführer/in (CEO) | Mitarbeiter: 21 bis 50 | Branche: Elektroplanung & Installation | Rechtsform: Gesellschaft mit beschränkter Haftung'),
('37ac7b26-2e51-45af-9f40-7b65e173df1c', 'c25f207e-7a26-4eee-aa03-c1bc35ea9ed6', 'KALTAKQUISE', 'ACTIVE', 0, 'Funktion: Geschäftsführer/in (CEO) | Mitarbeiter: 1 bis 10 | Branche: Fonds & sonstige Finanzinstitute'),
('3bcfdc80-512d-4028-9060-76cde2129e50', '8cb56427-50f8-4ad0-bc89-de369d8902ec', 'KALTAKQUISE', 'ACTIVE', 0, 'Funktion: Geschäftsführer/in (CEO) | Mitarbeiter: 101 bis 500 | Branche: Top 2''000 CH-Unternehmen | Rechtsform: Aktiengesellschaft'),
('8ab6da0f-0845-434c-bff0-0fc55a8dfc59', 'fe93f1fd-be28-4cc8-8170-3394b9c050ce', 'KALTAKQUISE', 'ACTIVE', 0, 'Funktion: Geschäftsführer/in (CEO) | Mitarbeiter: 11 bis 20 | Branche: Boden- & Plattenleger'),
('e84589bb-d4e0-42e9-9de3-e308fc142251', 'b62a41c4-9f94-4a7c-85d1-6487bd18b960', 'KALTAKQUISE', 'ACTIVE', 0, 'Funktion: Geschäftsführer/in (CEO) | Mitarbeiter: 1 bis 10 | Branche: Spielwaren- & Babyfachhandel | Rechtsform: Aktiengesellschaft'),
('7b278b19-b616-4c7c-98d6-a3634d65e66e', 'cc3d0a2d-7492-41b4-9f26-0fde42b540cd', 'KALTAKQUISE', 'ACTIVE', 0, 'Funktion: Geschäftsführer/in (CEO) | Mitarbeiter: 1 bis 10 | Branche: Sanitär & Haustechnik | Rechtsform: Gesellschaft mit beschränkter Haftung'),
('ca71d5b4-2554-487a-befd-206fd83dd5cd', 'c154295a-4785-4628-b432-98a360f7edbf', 'KALTAKQUISE', 'ACTIVE', 0, 'Funktion: Geschäftsführer/in (CEO) | Mitarbeiter: 1 bis 10 | Branche: Architekturbüros / Bau- & Projektmanagement / General- & Totalunternehmungen / Treuhandbüros / Immobilienvermittlung / Immobilienprojektentwicklung / Bauherrenvertretung | Rechtsform: Aktiengesellschaft'),
('5f50f6f0-6951-46d5-919a-568f9c6fc79e', '8a017b95-e8b1-4fce-8fc5-6ac818545e7e', 'KALTAKQUISE', 'ACTIVE', 0, 'Funktion: Geschäftsführer/in (CEO) | Mitarbeiter: 11 bis 20 | Branche: Hofläden & Bauernhöfe'),
('f0bded04-9f58-4bfa-b68d-2f32094e037e', 'ce77a5a4-91fc-488c-9ec6-6b35df216003', 'KALTAKQUISE', 'ACTIVE', 0, 'Funktion: Geschäftsführer/in (CEO) | Mitarbeiter: 1 bis 10 | Branche: Bauingenieurbüros | Rechtsform: Gesellschaft mit beschränkter Haftung'),
('c3983725-6fbf-4d6a-a32e-c7fb82452ada', '5a3c53bc-cbc9-4f7e-a574-4bdb0815e6c3', 'KALTAKQUISE', 'ACTIVE', 0, 'Funktion: Geschäftsführer/in (CEO) | Mitarbeiter: 1 bis 10 | Branche: Sanitär & Haustechnik'),
('58f1457f-09e8-45ee-a43a-54ef05afb18e', 'fb773fb8-998b-455e-9155-2fb4ce3e606e', 'KALTAKQUISE', 'ACTIVE', 0, 'Funktion: Geschäftsführer/in (CEO) | Mitarbeiter: 1 bis 10 | Branche: Nachhaltigkeitsbereich / Solar & Photovoltaik | Rechtsform: Aktiengesellschaft'),
('3f5fd009-2a4c-4f4c-b34d-63a1937ad0ab', '90729269-9e36-42cd-8e58-1cecd78f877a', 'KALTAKQUISE', 'ACTIVE', 0, 'Funktion: Geschäftsführer/in (CEO) | Mitarbeiter: 101 bis 500 | Branche: Bauingenieurbüros / Elektroplanung & Installation / Energieindustrie / General- & Totalunternehmungen / Nachhaltigkeitsbereich / Solar & Photovoltaik / Bauherrenvertretung | Rechtsform: Aktiengesellschaft'),
('fd7b897a-2bf2-4c09-937b-3fe82e47d146', 'd0d6be43-413b-45b4-a229-d73a426f2800', 'KALTAKQUISE', 'ACTIVE', 0, 'Funktion: Geschäftsführer/in (CEO) | Mitarbeiter: 101 bis 500 | Branche: Energieindustrie / Nachhaltigkeitsbereich / Solar & Photovoltaik / Energieversorger | Rechtsform: Aktiengesellschaft'),
('00b1a64b-3ba3-4c39-8077-902d9b019818', 'a5dcd832-6cbb-4f51-97c1-6cb77fcc738e', 'KALTAKQUISE', 'ACTIVE', 0, 'Funktion: Geschäftsführer/in (CEO) | Mitarbeiter: 1 bis 10 | Branche: Treuhandbüros'),
('074613f5-d293-4448-a464-837ae436c24c', '4a90d678-91f3-4525-9815-524ed1e780c9', 'KALTAKQUISE', 'ACTIVE', 0, 'Funktion: Geschäftsführer/in (CEO) | Mitarbeiter: 1 bis 10 | Branche: Versicherungsbroker & -makler | Rechtsform: Gesellschaft mit beschränkter Haftung'),
('4347d2de-93f8-4d70-97c3-74a7466b65eb', '1c0821fc-f414-45db-bf5b-3943d8421fe0', 'KALTAKQUISE', 'ACTIVE', 0, 'Funktion: Geschäftsführer/in (CEO) | Mitarbeiter: 11 bis 20 | Branche: Immobilienverwaltung / Immobilienvermittlung / Immobilienprojektentwicklung / Bauherrenvertretung | Rechtsform: Aktiengesellschaft'),
('4c7deff1-3874-4045-aee2-83bfd6670476', 'd3440b78-071e-49d8-b7d9-7afa7680bc0e', 'KALTAKQUISE', 'ACTIVE', 0, 'Funktion: Geschäftsführer/in (CEO) | Mitarbeiter: 21 bis 50 | Branche: Elektroindustrie | Rechtsform: Ausländische Niederlassung im Handelsregister eingetragen'),
('7010887d-4972-4d44-8351-be65c8354c67', 'c7bbfc8a-c15f-434e-b7c0-9e7d09d53824', 'KALTAKQUISE', 'ACTIVE', 0, 'Funktion: Leitung Schule | Mitarbeiter: 1 bis 10 | Branche: Weiterbildungsinstitute'),
('f52103dc-a2a1-4a8b-9839-5f26ab1fbd62', '7a873698-9e94-4b98-88d4-c831c293b499', 'KALTAKQUISE', 'ACTIVE', 0, 'Funktion: Geschäftsführer/in (CEO) | Mitarbeiter: 11 bis 20 | Branche: Metallbauer | Rechtsform: Gesellschaft mit beschränkter Haftung'),
('9a82725e-8893-4c2d-8a48-224f890ff2f9', '5a4c6396-258f-4824-a837-b6c1fca65307', 'KALTAKQUISE', 'ACTIVE', 0, 'Funktion: Geschäftsführer/in (CEO) | Mitarbeiter: 51 bis 100 | Branche: Unternehmensberater'),
('858108e3-e4a6-4513-af04-4953532310e4', 'e86bdbde-ac79-4644-b004-bcb7745c4668', 'KALTAKQUISE', 'ACTIVE', 0, 'Funktion: Geschäftsführer/in (CEO) | Mitarbeiter: 1 bis 10 | Branche: Fonds & sonstige Finanzinstitute / Externe Vermögensverwalter | Rechtsform: Aktiengesellschaft');

INSERT INTO lead_tags (lead_id, tag_id) VALUES
('139a23f3-bfd9-4db8-aee7-8cb69bab458e', 'ka-b2b'),
('bed38272-7265-4c23-a809-9691bfd524ca', 'ka-b2b'),
('a3cf3b5d-5518-498c-93ad-ee251ebe5b78', 'ka-b2b'),
('4cae2073-cdb2-46b9-a522-51a483cda011', 'ka-b2b'),
('9d578199-75f7-410c-afc3-6f0802a9f8fe', 'ka-b2b'),
('da12d87e-b521-44d2-ab5e-22f6aa535524', 'ka-b2b'),
('ec3dc351-a52e-4ff2-b6d5-a4671a915889', 'ka-b2b'),
('d7ca7f94-8ff5-4046-9ac7-b97fda781e28', 'ka-b2b'),
('b2d93d29-62b7-4c85-ae78-add33cca85fc', 'ka-b2b'),
('3205f6ba-0873-4c5d-a42f-a87f22981b61', 'ka-b2b'),
('0c5ee6aa-3d47-4e1e-8049-443e2f679fed', 'ka-b2b'),
('f60a573b-4661-4dc6-a051-1b1bebc407d5', 'ka-b2b'),
('0af1731d-26f2-4a77-8edb-e8d671fb8a92', 'ka-b2b'),
('7d945b5c-defe-456e-b782-4ff98f9ec969', 'ka-b2b'),
('21dcf3c3-3f69-4513-89bf-c3a453355088', 'ka-b2b'),
('3bff4aa9-483f-4d0a-9534-2527d02a6360', 'ka-b2b'),
('c3b6273f-d4ad-4d86-aced-8507b796b087', 'ka-b2b'),
('018fe9e8-9604-416e-906e-8a45134dd359', 'ka-b2b'),
('dd86dc51-112f-4622-bd2d-9e5a6c286143', 'ka-b2b'),
('9284d16d-5355-456d-af26-b71c45e6e0bf', 'ka-b2b'),
('0674ab1b-cf6b-4490-8343-8fea5c154015', 'ka-b2b'),
('6a19ff32-29d0-472b-a0c0-ada0640de23a', 'ka-b2b'),
('b551f9d4-898b-4381-9728-f858a13ffe42', 'ka-b2b'),
('361a1b61-1d2e-4b54-8137-346d4e60374e', 'ka-b2b'),
('ae99c0ea-7769-4f7e-ad24-f3328fff3f1f', 'ka-b2b'),
('7e561551-e78f-42ad-9b84-1de04f6ca5c8', 'ka-b2b'),
('a3ddb1ac-b1ba-4edb-95fa-5b132646e2b1', 'ka-b2b'),
('d75b5feb-4caa-4302-a2d6-b9f51129c866', 'ka-b2b'),
('e69ddf99-2a4b-467e-9090-760c951c4f88', 'ka-b2b'),
('602afe0a-d67c-4023-939c-4617db5d92e4', 'ka-b2b'),
('d88ac372-a736-4f49-a6c1-b0dd118d8d84', 'ka-b2b'),
('bc56aa5d-0060-4026-988e-cfcd759e2ed4', 'ka-b2b'),
('7b3a4aae-25e6-4e65-8a5d-9b0355fc5174', 'ka-b2b'),
('c1d0fea4-6de4-40dd-af8f-045fdda4d021', 'ka-b2b'),
('1125d7b9-2b83-4765-acdb-5f6a155c691d', 'ka-b2b'),
('9007003f-39df-469a-affc-f03ac431e3ef', 'ka-b2b'),
('fae6888d-0c70-4e55-ba29-25f362f17ac8', 'ka-b2b'),
('502572d2-9922-441e-a6e0-7a34703379bd', 'ka-b2b'),
('d4e678cf-7774-463c-ae2e-88ce8338e31f', 'ka-b2b'),
('853f42a8-1d2a-4d06-ae1d-ae87228965d6', 'ka-b2b'),
('d04a1aa1-6ed3-46cf-b5c1-71a445eccb4e', 'ka-b2b'),
('f1c5d44a-7862-4f19-bfec-6aefdf13cb83', 'ka-b2b'),
('f62ffea7-9dd5-4c5a-b5f2-9852c1ef4db1', 'ka-b2b'),
('0b18636c-e1fc-43a1-8403-2586970e7e6c', 'ka-b2b'),
('98b0e1db-2c25-422f-8371-70b8559b2537', 'ka-b2b'),
('878d45c0-200a-450e-b1d0-b521eb91a797', 'ka-b2b'),
('9299ff30-165f-433e-98eb-b8fdfc16ed90', 'ka-b2b'),
('332172e5-6be9-40cc-972b-1a092d36ce1d', 'ka-b2b'),
('be083672-f1fd-413f-90be-420485965087', 'ka-b2b'),
('1a3edad8-ef10-49a1-8c00-51bc80f00e11', 'ka-b2b'),
('63b83e59-441b-47b6-add7-7a54bbedf35b', 'ka-b2b'),
('7eab0b9e-5eda-4b98-ac67-48a6b6502eed', 'ka-b2b'),
('4b9a1995-d621-4902-b5d7-d350d1d0f6bf', 'ka-b2b'),
('e8260c46-1d1f-4483-99e9-bbfdca62ada3', 'ka-b2b'),
('e68b05a7-0136-4d98-ab74-504e172f0ad2', 'ka-b2b'),
('43a0eb10-7af1-44f1-b72a-13087bf79b17', 'ka-b2b'),
('3222934b-fd23-4248-a380-b03989f2c6a6', 'ka-b2b'),
('8a15a959-eb9d-4613-ac58-38cd8f732b17', 'ka-b2b'),
('dd1d92ba-f2ac-417b-8c32-5d7d656a479d', 'ka-b2b'),
('cbf6286f-d20d-499f-aaeb-93e54e8071d8', 'ka-b2b'),
('b007212b-0dc8-4a44-bb86-2ebbcfbfe224', 'ka-b2b'),
('844e553f-58a6-4cbd-b2ba-42da26b6a7a9', 'ka-b2b'),
('117bb5a1-07a0-42b1-a2db-f786c0245c8c', 'ka-b2b'),
('411c0fd9-2169-46f8-9be2-d6ddf8b69654', 'ka-b2b'),
('648cad24-2ce4-45c8-895b-4970d99ea621', 'ka-b2b'),
('c5545487-bffc-4adc-968c-db9fe6df6a88', 'ka-b2b'),
('9f4c1560-accb-4967-80bd-ee839b6dd799', 'ka-b2b'),
('2897c44b-6889-4f78-a85b-e287288dfaab', 'ka-b2b'),
('82fe0865-c423-4967-98a2-a79856e793f0', 'ka-b2b'),
('f28c4922-29c5-4ca0-b3a5-4adf8764324a', 'ka-b2b'),
('10cc3d19-665d-4baa-8dd8-e1dad0fae5a2', 'ka-b2b'),
('023549fb-b6b9-4cc7-b4f8-fbb232b43718', 'ka-b2b'),
('5d332446-c665-4ac0-a78b-69bc4a7caddd', 'ka-b2b'),
('ec048163-7cb8-4faa-ba9c-db9b296569c6', 'ka-b2b'),
('c900c5e0-1f89-4bf7-b258-97a467b8ea49', 'ka-b2b'),
('a7449772-d95d-46a4-92a4-d215667eeab9', 'ka-b2b'),
('c2cfdbd1-5988-45c0-9c51-379bcc02bbc4', 'ka-b2b'),
('8ba20f21-296e-48c2-af0d-cadf73949890', 'ka-b2b'),
('f21de0a9-0881-4c24-b4d2-5eb292127f15', 'ka-b2b'),
('9a76ae9d-9445-45e8-a80c-7f24dc98fed9', 'ka-b2b'),
('e9661852-6ee8-4823-9378-bbf01b94ca96', 'ka-b2b'),
('0555c139-c4b4-4615-918f-5b5ce459e0a9', 'ka-b2b'),
('6d17c3dc-06e9-473b-8c5f-091a7573709c', 'ka-b2b'),
('9d9edd10-f06b-4d6c-b5bb-3b0eff9c9ce9', 'ka-b2b'),
('78906d72-a0bb-42b5-820e-89ac67e7d930', 'ka-b2b'),
('d3cab31f-3237-4b15-9267-dc8f3855acee', 'ka-b2b'),
('a330d023-2cc5-491f-9341-3d7396de45a4', 'ka-b2b'),
('92428af8-fdd6-4fbb-9a65-d4e70479ca8f', 'ka-b2b'),
('3d1c25a4-1cbb-4f41-ab85-1d1e1377f7e9', 'ka-b2b'),
('4a8bddad-fe77-46b7-9918-f844dee55c4b', 'ka-b2b'),
('6c8ddaee-ad4a-41be-a8bf-8c02b0451300', 'ka-b2b'),
('7102ddbb-cecd-48e4-9d9a-6f139f4418ff', 'ka-b2b'),
('90342dbd-5de0-4a8f-99ae-5d5742ec454d', 'ka-b2b'),
('cc206c65-c223-49aa-8773-fdfb3ecd0615', 'ka-b2b'),
('ec582513-0373-4e0f-a488-53115f727dfa', 'ka-b2b'),
('6a64c4f8-d95f-4e9d-b1f3-44e1835b4654', 'ka-b2b'),
('7c802c79-d325-4159-a44a-b630b5c50558', 'ka-b2b'),
('61479333-c2f0-49e8-8e60-c8d48c70aba2', 'ka-b2b'),
('50dab608-06ee-4ef0-b0f7-915b16802694', 'ka-b2b'),
('92911e71-4e57-496b-9f7f-89bef39ff971', 'ka-b2b'),
('4927c253-ae36-4208-8bc9-a452c9486ca5', 'ka-b2b'),
('638af8a9-7842-48a7-8492-6bedf6fd10ba', 'ka-b2b'),
('b307a2ea-0c8c-400c-9e7f-44f1474e1aac', 'ka-b2b'),
('987ec2e4-cd82-443b-98cd-409725ad4b52', 'ka-b2b'),
('bf3bf029-e214-4f77-8a72-e465a7d4aedd', 'ka-b2b'),
('f0537ff8-8847-48e3-8c8b-e1471426dee7', 'ka-b2b'),
('4ee6f4a5-fdf5-4cba-9341-f15061c94053', 'ka-b2b'),
('9963e585-5b7e-4123-b0f2-a4156111bbb6', 'ka-b2b'),
('1da981ab-6562-4c93-a4f5-97b836d85a7a', 'ka-b2b'),
('4cfa7f33-11db-4c16-899d-baca54130743', 'ka-b2b'),
('619082b5-4746-4d0f-b51f-a7ea367d5fec', 'ka-b2b'),
('ddd27f73-8ac1-4804-882b-023fc928fa34', 'ka-b2b'),
('7c325469-966b-4385-9653-816551185d09', 'ka-b2b'),
('2cf3face-d3ec-4b2d-b53b-c38f87aa9fcb', 'ka-b2b'),
('c0ba680e-70d0-4f3c-8722-f461afb1c439', 'ka-b2b'),
('44178352-8311-4afd-8653-61f9257fc84c', 'ka-b2b'),
('67531e30-c912-4bca-a8f8-e5582b6f1df2', 'ka-b2b'),
('ddd9cab3-7b86-47ae-8ec1-c845f33d6440', 'ka-b2b'),
('267e577e-3f15-4729-aa02-1811e4c591a2', 'ka-b2b'),
('4167f643-1037-4b2c-8c8c-b98c7253a4d8', 'ka-b2b'),
('668260d3-4590-4b60-94c4-cff25d5330db', 'ka-b2b'),
('b9c2d5b1-9d7e-4015-9f60-f2ccb92f0977', 'ka-b2b'),
('4503e5a9-af21-458b-8568-7966269d7202', 'ka-b2b'),
('787a2325-0c32-4f92-9b44-808e40737ac0', 'ka-b2b'),
('70982376-556b-4291-adb4-5a8c1dd2e3df', 'ka-b2b'),
('b0cf7117-f46c-4984-9544-bb1d47442a29', 'ka-b2b'),
('83da5abd-933b-405c-958f-a17d9c90f1a0', 'ka-b2b'),
('2bae8c18-a10d-41ff-bf16-3ac9e1b627f4', 'ka-b2b'),
('ec50ed75-a057-46ed-8149-23bf7e2ee007', 'ka-b2b'),
('dde7fc2c-21f5-4d05-ae9d-b425a02e9380', 'ka-b2b'),
('6ab48333-7188-4f1d-8ada-4f02f7c55778', 'ka-b2b'),
('16c8ca31-d577-42ae-a003-ea2363c796f8', 'ka-b2b'),
('23e7460a-f460-46d5-be69-792221da1a13', 'ka-b2b'),
('50df919b-5ae6-402b-bd0d-67c1fcf6fb72', 'ka-b2b'),
('eabd5caa-27b6-4726-9ef3-e4ad619ae785', 'ka-b2b'),
('706de259-2241-49e7-9e40-3542d1b4c12f', 'ka-b2b'),
('17f12838-3e50-49c6-ac9f-b11189ad99bc', 'ka-b2b'),
('03d13b41-ea45-4560-b91a-e3a9a4be8cc3', 'ka-b2b'),
('666c783b-a5e8-4e26-9b0b-ce30bf980047', 'ka-b2b'),
('d4e803a7-9e44-4764-adf1-3e38ee30ba17', 'ka-b2b'),
('8d910744-568b-4980-91dc-e80b9dbaf562', 'ka-b2b'),
('05c754b3-a82c-4c5d-ac00-4ed85e22af6a', 'ka-b2b'),
('e52bc828-feb8-4618-b161-e4e79214b762', 'ka-b2b'),
('ea318dde-7305-418f-9074-64ac13357326', 'ka-b2b'),
('9d757411-8805-4343-9529-a49d6eae701a', 'ka-b2b'),
('eb66b9b5-db46-4ed0-b44a-a067f33fd906', 'ka-b2b'),
('e9d9d37a-25f0-41f0-b45d-3d94eb3594e4', 'ka-b2b'),
('af7bb6f9-312c-4037-abf8-04c923c4d673', 'ka-b2b'),
('e56c0a0d-92e3-4f62-bb39-2dfabb1d2ef8', 'ka-b2b'),
('5e2bb11f-d2cd-498d-907d-2180efbe34da', 'ka-b2b'),
('79742f41-0b28-42c0-81cf-db1df7c6aafb', 'ka-b2b'),
('423de239-98a5-4a53-bcf6-8e4cbf787d4a', 'ka-b2b'),
('6c6ef946-f966-4b09-bae8-e8645f92eccb', 'ka-b2b'),
('9264f7de-cde9-43ff-9429-8c57d2f90a15', 'ka-b2b'),
('2b7d6b86-8bc4-4624-8c81-6a9654b9fc4d', 'ka-b2b'),
('9a6adbab-36ef-4fb4-8961-6f5274fd0925', 'ka-b2b'),
('3f1ea1f4-66bb-4b0d-a6ae-87726e60f773', 'ka-b2b'),
('c9e831a4-4320-4ab5-b9a7-91bd2da119ba', 'ka-b2b'),
('1e705cc8-f9e5-4323-8bc3-58157489ebe9', 'ka-b2b'),
('67e23c7e-b36d-483b-bba4-095fa832d5d5', 'ka-b2b'),
('e0db0001-bc1a-4633-9571-53c147455a97', 'ka-b2b'),
('48d4af5f-de5a-4035-a8a0-795693ea875f', 'ka-b2b'),
('7fa00891-d103-4301-b5aa-17baf32d9ddb', 'ka-b2b'),
('b15cc9d7-5ec8-4730-875d-8da6ea8ffb57', 'ka-b2b'),
('d71cb567-caed-46a4-baa1-52f552b78233', 'ka-b2b'),
('044b6f8f-24f0-4106-9e00-e1f0ea594f95', 'ka-b2b'),
('f199e140-e7ed-4413-823c-0a4ce57ca10d', 'ka-b2b'),
('c7a0aaf1-3278-4b76-bf3b-9d3b898c327a', 'ka-b2b'),
('96af6649-29be-45be-a78e-fd6916aa57bb', 'ka-b2b'),
('9d450211-585c-4128-945d-c899e54c9390', 'ka-b2b'),
('2072195b-1a18-432b-82a8-ae614fbd991f', 'ka-b2b'),
('14179bdb-bc2e-4f4d-b50a-8bd1d522f0a8', 'ka-b2b'),
('ab013457-5883-4fd2-9ec3-fa2e3dec9b34', 'ka-b2b'),
('42b96811-0bd5-403b-8b37-bedef73c432b', 'ka-b2b'),
('13834e2b-1766-4806-a23a-dccdf27ab876', 'ka-b2b'),
('939a02f3-f8a3-4942-ac44-b710ff655029', 'ka-b2b'),
('0e7088c0-1348-4dd2-b672-ee1debbbc2c1', 'ka-b2b'),
('71e1379b-5409-42db-b48f-9238c6c4b5f3', 'ka-b2b'),
('a38db953-a136-44a2-8c05-675aea9f890e', 'ka-b2b'),
('28eb7b4e-19a2-4af0-8d25-cd9edd1d4a9a', 'ka-b2b'),
('37ac7b26-2e51-45af-9f40-7b65e173df1c', 'ka-b2b'),
('3bcfdc80-512d-4028-9060-76cde2129e50', 'ka-b2b'),
('8ab6da0f-0845-434c-bff0-0fc55a8dfc59', 'ka-b2b'),
('e84589bb-d4e0-42e9-9de3-e308fc142251', 'ka-b2b'),
('7b278b19-b616-4c7c-98d6-a3634d65e66e', 'ka-b2b'),
('ca71d5b4-2554-487a-befd-206fd83dd5cd', 'ka-b2b'),
('5f50f6f0-6951-46d5-919a-568f9c6fc79e', 'ka-b2b'),
('f0bded04-9f58-4bfa-b68d-2f32094e037e', 'ka-b2b'),
('c3983725-6fbf-4d6a-a32e-c7fb82452ada', 'ka-b2b'),
('58f1457f-09e8-45ee-a43a-54ef05afb18e', 'ka-b2b'),
('3f5fd009-2a4c-4f4c-b34d-63a1937ad0ab', 'ka-b2b'),
('fd7b897a-2bf2-4c09-937b-3fe82e47d146', 'ka-b2b'),
('00b1a64b-3ba3-4c39-8077-902d9b019818', 'ka-b2b'),
('074613f5-d293-4448-a464-837ae436c24c', 'ka-b2b'),
('4347d2de-93f8-4d70-97c3-74a7466b65eb', 'ka-b2b'),
('4c7deff1-3874-4045-aee2-83bfd6670476', 'ka-b2b'),
('7010887d-4972-4d44-8351-be65c8354c67', 'ka-b2b'),
('f52103dc-a2a1-4a8b-9839-5f26ab1fbd62', 'ka-b2b'),
('9a82725e-8893-4c2d-8a48-224f890ff2f9', 'ka-b2b'),
('858108e3-e4a6-4513-af04-4953532310e4', 'ka-b2b');
