-- Batch 249 (200 records)
INSERT INTO contacts (id, first_name, last_name, email, phone, company, address) VALUES
('77131bbb-1667-4a94-b98a-ac91b69428f1', 'Christoph', 'Lienert', 'info@lienert-ag.ch', '061 333 02 03', 'Lienert AG', 'Gempenstrasse 76, 4053 Basel, Basel-Stadt'),
('833e9ceb-e2c1-47ed-95a4-4fcd23dfdeac', 'Urs', 'Lienhard', 'info@lienhard-uetz.ch', '052 203 95 32', 'Lienhard & Uetz', 'Gottfried Keller Strasse 75b, 8400 Winterthur, Zürich'),
('a30073a9-1806-4bcf-b6fb-dd990f4c1c49', 'John', 'Herter', 'info@lienhard-herter.ch', '044 865 35 00', 'Lienhard + Herter AG', 'Tannenstrasse 104, 8424 Embrach, Zürich'),
('2e059362-773c-4660-8299-62ec54d901ef', 'Reto', 'Lienhard', 'box@lienhardpartner.ch', '044 441 70 00', 'Lienhard Partner Bauherrenberatung AG', 'Mühlebachstrasse 86, 8008 Zürich, Zürich'),
('6879b2a0-b8f7-4d91-8f69-ec073a52cf54', 'Pia', 'Lienhard', 'info@lienhardtreuhand.ch', '052 345 32 32', 'Lienhard Treuhand GmbH', 'Im Chrummenacher 36, 8315 Lindau, Zürich'),
('5b2864ae-a72b-4d91-9e69-94a1989c6314', 'Duri', 'Prader', 'info@lienhardt.ch', '044 268 61 61', 'Lienhardt & Partner Privatbank Zürich AG', 'Rämistrasse 23, 8024 Zürich, Zürich'),
('0acc10ea-1385-4931-8f70-09f323b7c287', 'Felix', 'Lienhart', 'admin@lienhart-transporte.ch', '044 837 16 44', 'Lienhart Transporte AG', 'Birchwilerstrasse 44, 8303 Bassersdorf, Zürich'),
('eea27ef3-0395-4b7d-972b-0d400276abd5', 'Murat', 'Baraz', 'mbaraz@lier.ch', '044 831 22 31', 'Lier Energietechnik AG', 'Hertistrasse 25, 8304 Wallisellen, Zürich'),
('daccb1b5-1b72-4223-bdfc-0fff52d5c44b', 'Benno', 'Lutz', 'benno.lutz@liesch.ch', '081 354 95 50', 'Liesch Ingenieure AG', 'Wiesentalstrasse 83, 7000 Chur, Graubünden'),
('c74d38fe-3bf3-419b-a1f4-63ac3a823c20', 'Louis-Heinz', 'Liesch', 'info@lieschbioweine.ch', '078 634 31 73', 'Liesch Weinbau GmbH', 'Bongertrechtiweg 8, 7208 Malans, Graubünden'),
('f974015e-716a-40f8-a797-0242bf41b52e', 'Ueli', 'Liesch', 'info@liesch-weine.ch', '079 297 82 00', 'Liesch Weine AG', 'Weingut Treib, 7208 Malans, Graubünden'),
('5a8e2da6-9902-4955-b399-ff556c1e168c', 'Evert', 'Lieskamp', 'evert.lieskamp@lms-online.ch', '071 380 08 80', 'Lieskamp Management Services', 'Toreggstrasse 32, 9212 Arnegg, St. Gallen'),
('d91c704d-0500-407c-9cdf-6ee56d188ec9', 'Natascha', 'Hofmann', 'n.hofmann@lietreu-immoservice.ch', '031 990 99 00', 'Lietreu Immoservice AG', 'Bodelenweg 21, 3172 Niederwangen b. Bern, Bern'),
('5e678ee4-bb37-4b66-9824-fadbe5d70617', 'Athanasios', 'Dachtiloudis', 'info@lifeandspirit.ch', '076 337 85 49', 'Life & Spirit', 'Steinbrüchelstrasse 2, 8053 Zürich, Zürich'),
('edfccb0d-fc2b-44a2-9fdb-c32f145a1b47', 'Suthakaran', 'Maylvaganam', 'karan@lifeconsulting.ch', '079 109 20 20', 'Life Consulting GmbH', 'Stauffacherstrasse 179, 8004 Zürich, Zürich'),
('13cc8cd5-7f08-418c-9edd-9ab66200a7d0', 'Okan', 'Tüzün', 'ot@lifecore.ch', '044 500 40 10', 'Life Core GmbH', 'Am Schanzengraben 25, 8002 Zürich, Zürich'),
('b074fac1-00ae-4155-8922-dbde375a5812', 'Fränzi', 'Schelldorfer', 'info@shiatsu-lifeflow.ch', '079 304 22 06', 'life flow gmbh', 'Pelzgasse 4, 5000 Aarau, Aargau'),
('9117266a-1bea-4dee-ad80-c4fdfec0d9b7', 'Nico', 'Buchs', 'n.buchs@life-gate.ch', '044 552 35 00', 'Life Gate AG', 'Hochbordstrasse 3, 8001 Zürich, Zürich'),
('535474d1-15b2-439c-b16f-89731e85d642', 'Raffael', 'Störchli', 'raffael.stoerchli@life-hall.ch', '052 624 52 88', 'Life Hall Eventlocation Schaffhausen', 'Schweizersbildstrasse 41, 8207 Schaffhausen, Schaffhausen'),
('638bda79-6f01-427d-b95b-12f051ff5aef', 'Franco', 'Del Principe', 'franco.delprincipe@lis.ch', 'N.a.', 'Life Imaging Services GmbH', 'Efringerstrasse 79, 4057 Basel, Basel-Stadt'),
('63fbe906-266e-4ac7-9b4d-83056f116242', 'Margrit', 'Zeier', 'info@life-resonance.ch', '055 220 88 77', 'Life Resonance AG', 'Werkstrasse 43b, 8630 Rüti, Zürich'),
('519ae853-9599-4d8d-8a64-68af5839ad2c', 'Andreas', 'Knoflach', 'info@praxishd.ch', '044 462 44 10', 'Lifecare Spitex AG', 'Belmontstrasse 1, 7000 Chur, Graubünden'),
('bd4a0a95-8be4-4ca2-b378-c0169c4e8a55', 'Michael', 'Noetzel', 'luzern@lifedent.ch', '041 481 00 00', 'LifeDent', 'Grendelstrasse 15, 6004 Luzern, Luzern'),
('2a04e45b-17fa-45e3-bc9c-1a8c2b8a6a9b', 'Ivan', 'Bucher', 'info@lifefitness24.ch', '041 340 47 51', 'LifeFitness24.ch AG', 'Bahnhofstrasse 2, 6048 Horw, Luzern'),
('700b7799-5b63-4359-afe0-140421ad754c', 'Tamara', 'Schmid', 'tamara@thelifehouse.ch', '041 340 49 49', 'Lifehouse Retreat GmbH', 'Haltenrain 4, 6048 Horw, Luzern'),
('f8f25c0f-6682-4ee1-8fd2-9fad85dc9c99', 'Rudolf', 'Wegmüller', 'info@lifejob.ch', '062 390 80 80', 'Lifejob AG', 'Hintere Bahnhofstrasse 6, 5000 Aarau, Aargau'),
('db6dff4e-2885-4ed8-b7b4-8828776f82dc', 'Gregory', 'Verdine', 'media@lifeminetx.com', 'N.a.', 'LifeMine Therapeutics Switzerland GmBH', 'Klybeckstrasse 191 WKL 136, 4057 Basel, Basel-Stadt'),
('02c37454-dd93-454d-bf89-4f187c101fc5', 'Lifeng', 'Liu', 'info@china-akupunktur.ch', '043 268 42 42', 'Lifeng Liu China Akupunktur Praxis', 'Holbeinstrasse 20, 8008 Zürich, Zürich'),
('3df1f827-2859-4be6-8aba-262f0672210b', 'Juliette', 'von Arx', 'info@lifestage-solutions.ch', '044 533 44 00', 'Lifestage Solutions AG', 'Industriestrasse 19, 8112 Otelfingen, Zürich'),
('7adbe0f5-96e2-4092-a95e-db1b5d713f26', 'Simone', 'Güntensperger', 'simone.g@hotmail.ch', '055 525 89 88', 'LifeStyle Coiffure', 'Rütistrasse 6, 8733 Eschenbach, St. Gallen'),
('ce346d17-1e3d-43b2-a8a9-72acc0791b2f', 'Christian', 'Andres', 'christian.andres@lifestyle-company.ch', '031 351 30 31', 'Lifestyle Company AG', 'Hallwylstrasse 48, 3005 Bern, Bern'),
('b3af30c3-7f1f-4203-a57d-4fa0b2b487c0', 'Irina', 'Bart-Brugger', 'irina@lifestyle-cosmetics.ch', '079 103 50 42', 'Lifestyle Cosmetics Irina Bart', 'Militärstrasse 39, 3014 Bern, Bern'),
('dab66d4c-7483-4677-aa84-c1596fc0d370', 'Philipp', 'Wettstein', 'info@lifestyle-fitundgsund.ch', '062 961 90 90', 'LIFESTYLE Fitness AG', 'Industrieweg 2, 3360 Herzogenbuchsee, Bern'),
('92b5ca7b-e0cd-4a7e-8cd5-e8685fbac4f8', 'Patrick', 'Bernardi', 'grenchen@lifestyle-fitness.ch', '032 652 71 41', 'LIFESTYLE Fitness GmbH Grenchen', 'Bettlachstrasse 8, 2540 Grenchen, Solothurn'),
('717239ec-874f-4e9c-8c3c-a04be1e5e7f6', 'Viktoriya', 'Bachmann', 'lifestyleviktoriya@bluewin.ch', '079 833 53 41', 'Lifestyle Hair & Beauty', 'Schachenstrasse 8, 6010 Kriens, Luzern'),
('0e6d048e-d6ba-4743-bbb2-9e06bac85db1', 'Patrick', 'Mächler', 'pm@lifestyle-immobilien.ch', '055 462 30 00', 'Lifestyle Immobilien AG', 'Alpenblickstrasse 20, 8853 Lachen, Schwyz'),
('9e97e10a-db0d-472f-91a5-7803616da2a8', 'Andia', 'Bruhn', 'info@l-l-l.ch', '055 442 84 00', 'Lifestyle Lounge Lachen', 'Gerbiweg 2, 8853 Lachen, Schwyz'),
('17c73b94-2bd1-4578-a056-60f64f175a48', 'Markus', 'Benz', 'praxis@lifestyle-massagen.ch', '079 898 05 71', 'LifeStyle Massagen', 'Bahnhofstrasse 102, 8500 Frauenfeld, Thurgau'),
('66f976d9-2450-4f5c-b976-66df3b2c3896', 'Carla', 'Calderari', 'info@lifestylecosmetic.ch', '031 305 62 22', 'Lifestylecosmetic', 'Friedhagweg 15, 3047 Bremgarten b. Bern, Bern'),
('51903685-c9fd-4cf1-befd-f184691cf09d', 'Annamarie', 'Piacente', 'annamarie.piacente@lifestylehomes.ch', '079 286 24 35', 'LifestyleHomes Annamarie Piacente AG', 'Via dal Bagn 52, 7500 St. Moritz, Graubünden'),
('0610a959-4dca-4c72-9b39-49dcd556c2e8', 'Susanne', 'Bischoff', 'info@lifestyle-shop.ch', '079 402 96 66', 'LifeStyle-Shop', 'Weidwiesenweg 31, 8580 Amriswil, Thurgau'),
('40763754-4b73-4ae6-8f80-5dbd184e756a', 'Jean-Pierre', 'Jordi', 'jean-pierre.jordi@lifetec.ch', '079 627 08 45', 'Lifetec AG Schweiz', 'Lerzenstrasse 16, 8953 Dietikon, Zürich'),
('44cbd515-1697-47af-8b68-2e9644e8f832', 'Magdalena', 'Felix', 'info@ltmove.ch', '078 893 44 03', 'Lifetime movement', 'Industriestrasse 4, 7402 Bonaduz, Graubünden'),
('fbaad84e-ef6c-404d-8e6b-cdc71d19a123', 'Wilhelm', 'Gudelow', 'cs@lifetrons.com', '071 379 00 88', 'Lifetrons Schweiz AG', 'Kornhausstrasse 26, 9000 St. Gallen, St. Gallen'),
('a996a4f5-af2b-43f2-a903-25b70ef80d58', 'Philipp', 'Aeschbacher', 'info@liflore.ch', '031 839 90 04', 'Liflore AG', 'Hardernstrasse 17, 3250 Lyss, Bern'),
('aac056a3-e546-4aad-b7e2-488160d13782', 'Christian', 'Gantenbein', 'christian.gantenbein@liftag.ch', '044 871 91 91', 'Lift AG', 'Querstrasse 37, 8105 Regensdorf, Zürich'),
('42dd62c6-4bb1-4ebe-8a0c-178c4f437804', 'Verena', 'Schüepp-Lanz', 'info@lift-kurse.ch', '044 261 00 92', 'LiFt GmbH, Lernen in Freiheit', 'Kasinostrasse 5, 8032 Zürich, Zürich'),
('038c2fbc-8dc9-4041-83b5-a8e0dea2035d', 'José', 'Lopez', 'jose.lopez@liftberatungup.ch', '071 463 92 79', 'Liftberatung UP GmbH', 'Zelgstrasse 11b, 8590 Romanshorn, Thurgau'),
('edb6adce-ed98-4c4c-a5cc-eb59fcf42409', 'Chantal', 'Eder', 'chantal.eder@liga.ch', '071 929 31 01', 'LIGA Lindengut-Garage AG', 'Toggenburgerstrasse 146, 9500 Wil, St. Gallen'),
('5d75780f-0bd2-48c9-96d5-086b24976efe', 'André', 'Liggenstorfer', 'liggenstorfer@architextur.ch', '052 238 16 16', 'Liggenstorfer Architekten AG', 'Pflanzschulstrasse 17, 8400 Winterthur, Zürich'),
('41484846-6e4a-4110-b858-4eb67480f054', 'Susanne', 'Häfliger', 'info@lightbyte.ch', '043 311 20 30', 'Light + Byte AG', 'Baslerstrasse 30, 8048 Zürich, Zürich'),
('7cda6cd4-1459-4c64-808b-fad20548c85f', 'Reto Rudolf', 'Richiger', 'info@lightofstone.ch', '075 427 30 27', 'Light of Stone GmbH', 'Glütschbachstrasse 2, 3661 Uetendorf, Bern'),
('fc44dd4f-7dc2-476a-8ad8-5b1680ff1e75', 'Urs', 'Lüscher', 'urs.luescher@lightcom.ch', '056 483 42 27', 'LightCom AG', 'Im Feld 1, 5113 Holderbank, Aargau'),
('6116d09a-a3b0-44e0-b156-54c3fdbc8541', 'Kurt', 'Wiesendanger', 'lightfire@gmx.ch', '052 232 19 45', 'Lightfire Club Winterthur', 'Harzachstrasse 2a, 8404 Winterthur, Zürich'),
('7c6a5151-907d-4644-bfaa-551dcbf6b10a', 'Patrick', 'Zahnd', 'hello@getlipa.com', 'N.a.', 'lightning payment services ag', 'Rothusstrasse 25, 6331 Hünenberg, Zug'),
('eca1a6eb-79b4-4833-9fe6-ba05cd3abcfb', 'Antonio', 'Menezes', 'antonio.menezes@lightronic.ch', '052 355 34 00', 'Lightronic AG', 'Hammerweg 1, 8304 Wallisellen, Zürich'),
('2b11d0d7-94dd-46c2-9706-0bae935ea387', 'Jan', 'Fleischer', 'info@lightsoutbrewing.ch', 'N.a.', 'Lights Out Brewing KLG', 'Sägegasse 2, 3110 Münsingen, Bern'),
('e1c12ace-75a7-41ca-b7aa-767811a28771', 'Andreas', 'Pfeuti', 'info@lightware-solutions.ch', '031 301 15 43', 'Lightware Solutions GmbH', 'Kirchhübeliweg 10a, 3250 Lyss, Bern'),
('b84f3d78-6f9e-4fc2-994c-20b3d0117848', 'Werner', 'Aegerter', 'info@lignaplan-ag.ch', '056 496 73 73', 'Lignaplan AG', 'Täfernstrasse 22a, 5405 Dättwil, Aargau'),
('6c7f262c-9e90-4b82-80ae-b2482bad2404', 'Willi', 'Schläpfer', 'w.schlaepfer@lignaplan.ch', '071 353 09 10', 'Lignaplan Bau AG', 'Urnäscherstrasse 872, 9064 Hundwil, Appenzell Ausserrhoden'),
('9ffc0b1b-cc28-46be-96e7-f48f7e51ce45', 'Andrej', 'Dörig', 'a.doerig@lignatur.ch', '071 353 04 12', 'Lignatur AG', 'Herisauerstrasse 30, 9104 Waldstatt, Appenzell Ausserrhoden'),
('3d1d2414-701d-4c2e-8bd7-081baf9c995b', 'Michael', 'Buchser', 'info@ligniform.ch', '034 445 98 02', 'ligniform GmbH', 'Dorfstrasse 66a, 3421 Lyssach, Bern'),
('fb15af6c-912f-42df-aca4-84e2158d1643', 'Sara', 'Henzmann', 's.henzmann@ligno.ch', '041 267 07 85', 'Ligno in Raum AG', 'Milchhof 2, 6032 Emmen, Luzern'),
('ef28c821-6685-47f7-a3f4-ed9fa407fa01', 'Harald', 'Fichtl', 'info@lignocarbon.ch', '044 933 93 00', 'LignoCarbon Schweiz AG', 'Kempttalstrasse 105, 8308 Illnau, Zürich'),
('26e53307-3ad3-4cff-b00c-7622a822b329', 'Albert', 'Glaus', 'glaus@lignokustik.ch', '055 293 24 05', 'Lignokustik AG', 'Unterhaldenstrasse 32, 8717 Benken, St. Gallen'),
('45cdcde1-e470-4889-b586-6d0ba3079780', 'Katharina Maria', 'Müller', 'info@lignolution.ch', 'N.a.', 'Lignolution GmbH', 'Hochstrasse 26, 8044 Zürich, Zürich'),
('475f8d8a-24ae-4de5-8ea3-92331506f379', 'Klaus', 'Planinz', 'office@ligo-mfy.ch', '076 568 01 99', 'LIGO Inh. Klaus Planinz', 'Weidstrasse 17, 6343 Rotkreuz, Zug'),
('15b02606-6e47-4bee-b97d-84a107331f2b', 'Marco', 'Ramsperger', 'marco.ramsperger@liguster-treuhand.ch', '044 317 80 50', 'Liguster Treuhand- und Verwaltungs- AG', 'Venusstrasse 23, 8050 Zürich, Zürich'),
('28c789c4-3019-450c-bce9-e1c39bc2619a', 'Antonella', 'Sileno Liechti', 'antonella.silenoliechti@liis.ch', '044 450 25 20', 'Liis Architektur GmbH', 'Uetlibergstrasse 20, 8045 Zürich, Zürich'),
('b20c3e37-c236-4e79-836f-e05af02a0b5a', 'Sandro', 'Scalco', 'info@liitu.ch', '079 403 36 13', 'liitu consulting gmbh', 'Villenstrasse 4, 8200 Schaffhausen, Schaffhausen'),
('490c22fa-1691-4231-adbf-ab88cd8e940f', 'Remo', 'Meier', 'info@tintenfleck.ch', '041 248 41 50', 'likita gmbh', 'Staldenhof 17, 6014 Luzern, Luzern'),
('234507d9-6dd8-4886-b28f-e0071440661d', 'Tina', 'Fessel', 'tina@lila.ch', '078 685 10 45', 'Lila -Yoga und mehr', 'Feldstrasse 14, 8902 Urdorf, Zürich'),
('45fe4613-ec42-4c72-b866-6c66d7167274', 'Corinne', 'Ott', 'corinne.ott@lilarosso.ch', '044 515 66 05', 'Lilarosso GmbH', 'Forchstrasse 234, 8032 Zürich, Zürich'),
('09ee2666-370d-4f79-8136-2951c9d8c0e5', 'Lilian', 'Brocker', 'info@lilavendel.ch', '071 571 20 22', 'Lilavendel Schenkt Freude', 'Lindenstrasse 69, 9000 St. Gallen, St. Gallen'),
('a56094d1-6203-40c9-9fc1-64ce4d58f7b5', 'Mischa', 'Rawyler', 'contact@lillyscake.ch', '078 718 74 22', 'Liliana Graf Cáceres, Lilly''s Cake', 'West-Strasse 4, 3273 Kappelen, Bern'),
('3ed2c281-a206-4b7f-a0ef-f8136dc6c73e', 'Liliane', 'Brunner', 'lilianebrunner@hotmail.com', '079 917 05 73', 'Liliane Brunner', 'Rigiplatz 1, 8006 Zürich, Zürich'),
('564e100c-2010-44a4-8453-177a255a2757', 'Lilian', 'Imboden', 'lilianimboden@lilispraxis.ch', '079 537 19 63', 'Lili''s Praxis', 'Bettenhausenstrasse 50, 3360 Herzogenbuchsee, Bern'),
('40fbb7a6-e17d-40fb-b5e1-5e10d9b93293', 'Nicole', 'Brodbeck', 'nicole.brodbeck@liliththerapie.ch', '062 389 80 93', 'Lilith', 'Unterer Bifang 22, 4625 Oberbuchsiten, Solothurn'),
('1367d058-4306-4b35-9e23-2ed4623d9d5e', 'Gabriela', 'Achermann', 'info@lilith-village.ch', 'N.a.', 'Lilith Village c/o G. Achermann', 'Adetswilerstrasse 28d, 8344 Bäretswil, Zürich'),
('93f4d550-2ed2-42dd-ad7b-7aa61793d9a8', 'Ursula', 'Otziger', 'info@lilla-frisoer.ch', '033 525 12 15', 'Lilla Frisör', 'Bachgasse 9, 3652 Hilterfingen, Bern'),
('182f7249-ea4c-4b37-a73b-6bcb6dd521d5', 'Valea', 'Klären', 'info@workout75.com', '078 798 78 66', 'Lillewelt AG', 'Badenerstrasse 75, 8004 Zürich, Zürich'),
('bc532e53-562d-47f1-870b-0b17f5a4b4da', 'Evelyne', 'Bosshard', 'lilliputland1@gmail.com', '071 866 13 06', 'Lilliput Land', 'Fahrn 4, 9402 Mörschwil, St. Gallen'),
('23517a14-5f8f-4b12-8fbd-636268d370db', 'Calogero', 'Giammarinaro', 'info@lillosfit.ch', '056 245 45 10', 'Lillo''s Fitness-Träff GmbH', 'Hauptstrasse 7, 5312 Döttingen, Aargau'),
('33374980-83e7-4fa0-91d5-cfab3d0633c1', 'Thomas Simon', 'Kleber', 'pfingstweid@lillyjo.ch', '043 543 63 51', 'Lilly Jo Restaurant', 'Pfingstweidstrasse 16, 8005 Zürich, Zürich'),
('0589be04-897d-4c31-994f-214a4b600990', 'Ueli', 'Biser', 'familie.biser@gmx.ch', '078 677 13 81', 'Lillybeizli', 'Alp Mittlere Fischegg, 9107 Urnäsch, Appenzell Ausserrhoden'),
('d4b411c0-e21a-43a2-84ff-3dc9ac5c16bf', 'Lilly', 'Galic', 'lilly@herbar-und-kulinarik.ch', '078 403 55 81', 'Lillys Herbar & Kulinarik', 'Städtli 43, 9470 Werdenberg, St. Gallen'),
('7e662572-612d-4b3a-95f7-c59ef9e330a9', 'Lilo', 'Funk​', 'lilo.funk@bluewin.ch', '041 240 00 33', 'Lilo Funk​ Naturheilpraxis', 'Taubenhausstrasse 4, 6005 Luzern, Luzern'),
('5ab85581-cd4f-4de1-8d38-6ef6ee680b43', 'Lilo', 'Ramser-Funk', 'lilo.ramser@atemtherapie.com', '031 901 21 62', 'Lilo Ramser-Funk', 'Weidweg 12, 3032 Hinterkappelen, Bern'),
('b8d98e3e-0add-4841-a2dc-bf191b8037a3', 'Margit', 'Gassner', 'contact@liloustudio.com', '078 803 80 28', 'Lilou Studio GmbH', 'Geroldstrasse 31, 8005 Zürich, Zürich'),
('e96f0d01-a621-4a4d-8144-5602423da64c', 'Xiao Ying', 'Li', 'lilytcm@gmx.ch', '079 889 96 08', 'Lily TCM GmbH', 'Kerngartenstrasse 17, 4104 Oberwil, Basel-Land'),
('fe331301-a13e-4c67-94cc-6f92fc695094', 'Christina', 'Isenegger', 'catering@lilys.ch', '044 440 18 85', 'Lily''s AG', 'Neugasse 84, 8005 Zürich, Zürich'),
('a43935ac-8925-44e6-a9b5-321c17d127a3', 'Thananthorn', 'Lim', 'info@arunie-thai-restaurant.ch', '056 209 08 09', 'Lim Arunie Thai Restaurant', 'Bruggerstrasse 69, 5400 Baden, Aargau'),
('56f3905c-2c53-4c0c-bb4b-aacc4f012076', 'Lucas', 'Huber', 'lucas.huber@birsforum.ch', '061 690 77 00', 'LiMa', 'Malsmattenweg, 4144 Arlesheim, Basel-Land'),
('c1d70d54-0e13-4f1c-9cca-430c6afd9f06', 'Bettina', 'Gamper', 'info@li-ma.ch', '044 576 92 20', 'LiMa - Die Liegenschaftenmanager GmbH', 'Walderstrasse 22, 8340 Hinwil, Zürich'),
('ea5390db-f3c1-4a07-9d6e-813e744f9718', 'Dieter Max', 'Schenk', 'info@lima-solar.ch', '071 552 17 30', 'LIMA Solar AG', 'Sirnacherstrasse 6, 9501 Wil, St. Gallen'),
('67b852b6-810b-4500-ba58-e36930cb0936', 'Alois', 'Limacher', 'info@limacher-innendekoration.ch', '055 412 21 54', 'Limacher Innendekoration AG', 'Schmiedenstrasse 13, 8840 Einsiedeln, Schwyz'),
('fdf4f7bc-63f4-4693-bf12-1fc6daadaddf', 'Meinrad', 'Amrein', 'meinrad.amrein@limacher-treuhand.ch', '041 469 46 00', 'Limacher Treuhand AG', 'Luzernstrasse 1c, 6016 Hellbühl, Luzern'),
('f93454cd-a64c-4a6b-a069-59361320ad5f', 'Mialkhish', 'Limaeva', 'mia.limaeva@gmail.com', 'N.a.', 'Limaeva Baureinigung', 'Bahnhofstrasse 14, 5034 Suhr, Aargau'),
('1fc21e50-3d19-484c-8125-302d3f43c533', 'Neshat', 'Limani', 'n.limani@limani-immo.ch', '041 260 80 90', 'Limani Immo AG', 'Gerliswilstrasse 74, 6020 Emmenbrücke, Luzern'),
('8ee86211-8bac-4c4f-a718-dfec624b007b', 'Wotan', 'Kern', 'info@limantix.ch', '043 444 03 81', 'Limantix AG', 'Zürcherstrasse 17, 8173 Neerach, Zürich'),
('088f3f4b-d539-4b76-8e53-1e0ee2ff0084', 'Sonja', 'Limacher', 'info@haarschliff-luzern.ch', '041 370 16 25', 'LimaSo Haarschliff GmbH', 'Brüelstrasse 1, 6006 Luzern, Luzern'),
('1071cf09-08ac-4911-b125-3c4c9a5e52c1', 'Frank', 'Maier', 'info@limatec-ag.ch', '071 466 75 44', 'Limatec AG', 'Kreuzlingerstrasse 71, 8590 Romanshorn, Thurgau'),
('05b7e8c0-3108-4edf-8754-6b043d95ef84', 'Markus', 'Arnold', 'info@steinhalle.ch', '031 351 51 00', 'Lime Concepts AG Restaurant Steinhalle', 'Helvetiaplatz 5, 3000 Bern, Bern'),
('0b3f150a-a323-473e-a85a-294b687d710a', 'Hanspeter', 'Strebel', 'h.strebel@limec-solution.com', '055 462 35 36', 'Limec Solution GmbH', 'Firststrasse 15, 8835 Feusisberg, Schwyz'),
('3a27dbf8-f81f-4f21-bd18-29151168f874', 'Patrik', 'Feusi', 'patrik.feusi@limeco.ch', '044 745 64 64', 'Limeco', 'Reservatstrasse 5, 8953 Dietikon, Zürich'),
('c96a0652-bb36-46ca-b791-3108b9aab6cb', 'Janique', 'Ingold', 'info@birkenrot.ch', '041 558 86 41', 'Limesone GmbH', 'Chasseralstrasse 1-3, 4900 Langenthal, Bern'),
('0a2451bb-7514-4d1f-80e4-cf2200484ad4', 'Perparim', 'Musliu', 'info@limi-gartenbau.ch', '076 392 83 12', 'LIMI Garten und Tiefbau GmbH', 'Aeussere Klus 17, 4702 Oensingen, Solothurn'),
('fff77fc2-787a-4add-b83e-3e55b00ee291', 'Dome', 'Carnovale', 'limitbar-uster@hotmail.com', '076 474 41 45', 'Limit Lounge Uster', 'Brauereistrasse 8, 8610 Uster, Zürich'),
('ab112c4e-aeaf-4505-8479-57441ea787dc', 'Raphael', 'Rutz', 'rr@limmatcapital.ch', '044 204 19 19', 'LIMMAT CAPITAL Alternative Investments AG', 'Riesbachstrasse 57, 8008 Zürich, Zürich'),
('45e48479-57d4-4b4d-a2c3-26390e0fc96c', 'Jovica', 'Milovanović', 'info@limmatphysio.ch', '056 221 05 00', 'Limmat Physio Milovanovic', 'Limmatpromenade 25, 5400 Baden, Aargau'),
('920c40e9-bbf9-4a1a-a277-a3e8f8679b05', 'Daniel', 'Burri', 'limmat-schreinerei@bluewin.ch', '043 455 53 10', 'Limmat Schreinerei Burri + Weber', 'Brunaustrasse 2, 8951 Fahrweid, Zürich'),
('8b0a1364-0128-407d-a47d-62a6fcc4a660', 'Patrick', 'Binder', 'info@limmatbeck.ch', '044 750 41 30', 'Limmatbeck AG', 'Dorfstrasse 65, 8957 Spreitenbach, Aargau'),
('41536647-df20-4d2f-9839-faef12fc0a55', 'Franz-Werner', 'Haas', 'info@lmtbio.com', '044 733 85 85', 'LimmaTech Biologics AG', 'Grabenstrasse 3, 8952 Schlieren, Zürich'),
('e42e6d70-2a84-458f-9c8b-157e7d76ad3b', 'Robert', 'Kahofer', 'limmat-garage@bluewin.ch', '044 272 10 11', 'Limmat-Garage AG', 'Gasometerstrasse 35, 8005 Zürich, Zürich'),
('551b37ed-10e1-4e58-8a6d-5c2afd09f3bf', 'Annatina', 'Pinösch', 'info@limmathof.ch', '056 200 17 17', 'Limmathof Baden AG', 'Limmatpromenade 28, 5400 Baden, Aargau'),
('138fdc5c-1c3e-4b33-b015-7c8d568fc04d', 'Jennifer', 'Van Düren', 'info@limmatklinik.ch', '044 448 30 30', 'Limmatklinik', 'Hardturmstrasse 133, 8005 Zürich, Zürich'),
('9e89c390-16b7-485a-beb5-8462d039b7e5', 'Isuf', 'Shala', 'info@limmattalimmobilien.ch', '044 508 12 80', 'Limmattal Immobilien GmbH', 'Rebackerstrasse 2c, 8955 Oetwil an der Limmat, Zürich'),
('5aa56b29-02b8-4adf-808b-8cb40fe53ba9', 'Martin', 'Stahl', 'stahl@limmattal-werbetechnik.ch', '079 742 30 00', 'Limmattal Werbetechnik by Martin Stahl', 'Wiesenstrasse 29, 8953 Dietikon, Zürich'),
('b4789148-9c11-41b2-a750-24133fde0c79', 'Rinaldo', 'Feusi', 'rinaldo.feusi@chmedia.ch', '058 200 58 07', 'Limmatwelle', 'Kronenplatz 12, 5600 Lenzburg, Aargau'),
('b032c74f-bb0d-4707-a7a5-a9ae8a473ca7', 'Ursin', 'Schlosser', 'verkauf@limodor.ch', '0800 654 242', 'LIMODOR Lüftungstechnik AG', 'Zielstrasse 13, 9050 Appenzell, Appenzell Innerrhoden'),
('9e4c1231-438a-4eaf-844b-c76599f75538', 'Naim', 'Limoni', 'limoniboeden@bluewin.ch', '076 469 54 24', 'Limoni Böden GmbH', 'Stüdlerstrasse 25, 8913 Ottenbach, Zürich'),
('3a252635-0933-4aed-aa3a-166bb628ca69', 'Valentin', 'Sadrijaj', 'info@limova.ch', '079 358 94 07', 'Limova GmbH', 'Breitrütti 1, 6467 Schattdorf, Uri'),
('9f1a8cb2-54e5-478e-8433-813b17205ae7', 'Ramon', 'Molinillo', 'limpin@bluewin.ch', '079 665 86 11', 'Limpin Reinigungen Molinillo & Co', 'Im Sträler 26, 8047 Zürich, Zürich'),
('4a73e480-72e6-48ec-8354-b54a5ccc066e', 'Jørgen', 'Sobol', 'info@linak.ch', '043 388 31 88', 'LINAK AG', 'Bönirainstrasse 9, 8800 Thalwil, Zürich'),
('86a77966-af09-46a0-afa8-56d3f8101b87', 'Hans', 'Schmid', 'zeit@linardlavin.ch', '081 862 26 26', 'Linard Lavin AG', 'Plazza Gronda 2, 7543 Lavin, Graubünden'),
('7b584be4-69ed-4dc8-a04f-1e0a953c2be0', 'Antonio Adolf', 'Mammone', 'info@assurinvest.ch', '055 286 33 33', 'Linares Giro Assur Invest GmbH', 'Frohburgstrasse 20, 8732 Neuhaus, St. Gallen'),
('dc0f7f16-8f0e-47b5-8288-d25803ec90a3', 'Lisa', 'Nicoletti Kuhn', 'lin@artmyxt.com', '044 886 85 86', 'Linart Myxt', 'Imstlerwäg 36, 8197 Rafz, Zürich'),
('40d4eaee-132f-4fe3-93ac-8a15c1890584', 'Maya', 'Christen', 'info@linas-bar.ch', '052 222 22 75', 'Lina''s GmbH', 'Wartstrasse 38, 8400 Winterthur, Zürich'),
('cb2a0b83-e6da-4009-97a7-3b6ea39fb352', 'Melina', 'Lehmann', 'hair@linas.li', '079 401 53 28', 'Lina''s Hairlounge', 'Neugasse 6, 9220 Bischofszell, Thurgau'),
('aea2e244-b375-4756-bf46-1e53d6a23877', 'Olivier', 'Heiniger', 'info@linaxis.ch', '041 767 40 00', 'Linaxis AG', 'Untermüli 11, 6300 Zug, Zug'),
('cdd1c44c-1f02-4905-aa25-470c3c126949', 'Holger', 'Linck', 'info@linck-werbeagentur.ch', '041 758 06 56', 'Linck Werbeagentur GmbH', 'Zugerstrasse 20, 6318 Walchwil, Zug'),
('e7ab2b01-e809-4ed5-9ad2-ee99069ac9b3', 'Øyvind', 'Bjordal', 'o.bjordal@lincolninternational.ch', '044 576 43 13', 'Lincoln International GmbH, Frankfurt a. M., Zweigniederlassung Zürich', 'Dufourstrasse 43, 8008 Zürich, Zürich'),
('3926ca54-f83e-474a-b2ca-4b5363f3e35a', 'Caroline Chantal Marie-Joseph', 'Lenoir de la Cochetière', 'cdelacochetiere@lincoln-group.com', '078 335 62 74', 'Lincoln Talent, Paris, Zweigniederlassung Zürich', 'Mühlebachstrasse 72, 8008 Zürich, Zürich'),
('0ddb7e8e-95f9-4e0a-b6d7-fbc1bfbe39fe', 'Franz', 'Flühmann', 'f.fluehmann@lincom.ch', '032 381 00 00', 'Lincom AG', 'Werkstrasse 36, 3250 Lyss, Bern'),
('bca88fa9-5b94-458d-bcf4-81eb1738f9d8', 'Linda', 'Bohorc', 'linda.bohorc@li-li.ch', '079 614 58 17', 'Linda Bohorc licht mit konzept.', 'Bahnmeisterweg 14, 8400 Winterthur, Zürich'),
('6d6b7ebd-dd77-4068-9b7b-3f2dff16f154', 'Lirim', 'Ferati', 'info@linda-garage.ch', '076 330 95 85', 'Linda Garage und Autospritzwerk GmbH', 'Eigenackerstrasse 37, 8193 Eglisau, Zürich'),
('9e83a3f6-a8de-4723-85a7-3de974649f16', 'Qamil', 'Ametaj', 'info@linda-reinigungen.ch', '041 781 01 48', 'Linda Reinigungen GmbH', 'Birkenstrasse 47, 6343 Rotkreuz, Zug'),
('44bcafd0-94df-4763-b874-a8e06fa38f03', 'Markus', 'Rohner', 'info.ch@lindab.com', '058 800 31 00', 'Lindab AG', 'Industriestrasse 24, 8112 Otelfingen, Zürich'),
('899453c5-c66e-45f1-b384-a46202c474ef', 'Linda', 'Gualzata', 'lindagualzata@gmx.ch', '041 210 14 00', 'LINDAhair', 'Moosstrasse 15, 6003 Luzern, Luzern'),
('afa54b3c-1fc0-4fac-a5d1-06f2870fcbeb', 'Harald', 'Jessen', 'switzerland@lindalgroup.com', '062 777 13 57', 'Lindal Schweiz GmbH', 'Seetalstrasse 16, 5706 Boniswil, Aargau'),
('fbf2cfc2-817b-4f92-a0c5-de8d853d63ed', 'Selda', 'Tatli', 'info@lindarenmed.ch', '0840 000 200', 'Lindaren Naturheilpraxis Winterthur GmbH', 'Zürcherstrasse 120, 8406 Winterthur, Zürich'),
('1dbc0a09-aab6-417f-8b1f-3617ae007423', 'Linda', 'Ruppen', 'support@lindaruppen.ch', '031 971 05 60', 'Lindaruppen Support GmbH', 'Schwarzenburgstrasse 257, 3098 Köniz, Bern'),
('22ca71cf-89b2-4f5a-991b-d62bb72e55d0', 'Roger', 'Lindauer', 'roger.lindauer@lindauerag.ch', '041 832 16 76', 'Lindauer AG', 'Frauholzstrasse 45, 6422 Steinen, Schwyz'),
('bb71631d-33b0-4cbf-9b5c-d1668982fe01', 'Elisabeth', 'Lindauer', 'info@lindauer-immobilien.ch', '079 530 28 65', 'LINDAUER IMMOBILIEN GmbH', 'Kreuzstrasse 17, 8802 Kilchberg, Zürich'),
('35e35f58-3ae8-4133-b90c-dd9400a36504', 'Gilbert', 'Mohler', 'info@linde-buettikon.ch', '056 622 11 93', 'Linde Büttikon AG', 'Wohlerstrasse 52, 5619 Büttikon, Aargau'),
('463b2e3b-4912-45bf-99fb-dfe158eba3c4', 'Xhevat', 'Ajvazi', 'info@linde-gartenbau.ch', '076 420 75 97', 'Linde Gartenbau AG', 'Ringstrasse 4, 4422 Arisdorf, Basel-Land'),
('e6609c5b-fd03-4bed-a8b5-f803271d7039', 'Lars', 'Blum', 'info@linde-kryotechnik.ch', '052 304 05 55', 'Linde Kyrotechnik AG', 'Dättlikonerstrasse 5, 8422 Pfungen, Zürich'),
('644c3487-010f-4e17-8f35-809f479550ad', 'Andrea', 'Buralli', 'andrea.buralli@linde-mh.ch', '044 835 23 00', 'Linde Material Handling Schweiz AG', 'Dünnernstrasse 37, 4702 Oensingen, Solothurn'),
('5187bec0-0bc9-4381-afff-015f00a8d1b0', 'Philippe', 'Lindegger', 'kontakt@lindegger-gmbh.ch', '055 210 35 20', 'Lindegger GmbH', 'Buechmattstrasse 7, 8645 Jona, St. Gallen'),
('7937452a-31f8-47d0-9617-0e87210e654d', 'Daniel', 'Lindemann', 'info@lindemann.ch', '071 855 81 81', 'Lindemann Versicherungen GmbH', 'Knotternstrasse 2, 9422 Staad, St. Gallen'),
('bdf576c2-1e40-410a-a35a-b4b70a63ee11', 'Guido', 'Lindemann', 'overtime@bluewin.ch', '081 377 55 55', 'Lindemann''s Overtime Bar Arosa', 'Am Postplatz, 7050 Arosa, Graubünden'),
('5ca4f8f0-b66b-4c67-8032-80dd860f2cba', 'Beat Nicolas', 'Hug', 'linden@achillea.ch', '031 388 20 20', 'Linden Apotheke beim Inselspital', 'Freiburgstrasse 2, 3008 Bern, Bern'),
('388ec881-324b-4311-a4a7-82d4b6bc6e53', 'Christian', 'Jenni', 'kontakt@linde-ermatingen.ch', '071 664 14 16', 'Linden Bar Ermatingen', 'Bahnhofstrasse 2, 8272 Ermatingen, Thurgau'),
('09df5449-f35d-46eb-93f3-d6a93106ea9c', 'Susanne', 'Milavec', 'susanne.milavec@lindenacker.ch', '079 336 90 81', 'Lindenacker GmbH', 'Lindenacker 10, 4933 Rütschelen, Bern'),
('68a40333-c418-4b8e-95ea-dcd9c6718356', 'Andreas', 'Brunner', 'info@lindenapo.ch', '062 737 46 37', 'Lindenapotheke AG', 'Schinhuetweg 5, 5035 Unterentfelden, Aargau'),
('601da461-c584-4569-9f84-a893dbed74f9', 'Lisa', 'Runyon', 'lindenapo-dornach@hin.ch', '061 702 02 04', 'Lindenapotheke Dornach', 'Bahnhofstrasse 26, 4143 Dornach, Solothurn'),
('24c7741d-9a1b-4909-bf5f-07dfef4abc7e', 'Marianne', 'Rey', 'lindenapo-entfelden@hin.ch', '062 737 46 37', 'Lindenapotheke Entfelden', 'Schinhuetweg 5, 5035 Unterentfelden, Aargau'),
('53eee15f-9428-4c86-8436-4ab17dd98348', 'Isabelle', 'Brunner', 'lindenapo-kaiseraugst@hin.ch', '061 811 44 52', 'Lindenapotheke Kaiseraugst', 'Giebenacherstrasse 58, 4303 Kaiseraugst, Aargau'),
('18fc158c-fb3d-4469-bd77-42da2188ae02', 'Nicole', 'Günther', 'lindenapo-rupperswil@hin.ch', '062 897 33 48', 'Lindenapotheke Rupperswil', 'Mitteldorf 4, 5102 Rupperswil, Aargau'),
('5c28739a-3b42-437e-bd93-fc15d4c03927', 'Susanne', 'Warthmann', 'lindenapo-zentrum-schoeftland@hin.ch', '062 748 10 10', 'Linden-Apotheke Schöftland', 'Dorfstrasse 38, 5040 Schöftland, Aargau'),
('c50608ce-11cc-4337-a6d4-3771dbe8aa45', 'Nicole', 'Woodtli', 'lindenapo-suhr@hin.ch', '062 855 50 10', 'Lindenapotheke Suhr', 'Bachstrasse 1, 5034 Suhr, Aargau'),
('dd106f8a-f4ca-4839-8f66-303a247dd423', 'Markus', 'Messerli', 'lindenapo-suhr-feld@hin.ch', '062 822 70 70', 'Lindenapotheke Suhr im Feld', 'Tramstrasse 101, 5034 Suhr, Aargau'),
('6e216074-ca0e-4662-895f-84ca45ee18b5', 'Rachel', 'Stenders', 'lindenapo-suhrepark@hin.ch', '062 825 40 80', 'Lindenapotheke Suhre Park', 'Tramstrasse 2, 5034 Suhr, Aargau'),
('2c288bc6-f145-42f4-8283-e57e561ce897', 'Vera', 'Hofstetter', 'lindenapo-park-schoeftland@hin.ch', '062 738 80 00', 'Lindenapotheke und Drogerie Schöftland im Park', 'Dorfstrasse 38, 5040 Schöftland, Aargau'),
('a44c08f0-5dfb-4c5f-8bb5-81c02c20fd4f', 'Daniela', 'Wilhelm', 'lindenapo-uentfelden@hin.ch', '062 723 88 00', 'Lindenapotheke Unterentfelden', 'Jurastrasse 12, 5035 Unterentfelden, Aargau'),
('15720d3f-a88a-4f0b-a15d-79a3069ed3b8', 'Francine', 'Gmünder', 'lindenapo-zofingen@hin.ch', '062 745 20 50', 'Lindenapotheke Zofingen', 'Mühlethalstrasse 29, 4800 Zofingen, Aargau'),
('040b73a5-4a17-47f5-a431-afbea5177c6b', 'Moritz', 'Seiler', 'lindenbaum.immo@gmail.com', '071 870 04 02', 'Lindenbaum Immobilien GmbH', 'Dorf 8, 9038 Rehetobel, Appenzell Ausserrhoden'),
('818e52ba-3a02-4961-b760-432db2966134', 'Franz', 'Ulrich', 'franz.ulrich@lindenberg-energie.ch', '041 910 41 42', 'Lindenberg Energie GmbH', 'Oberebersol 16, 6276 Hohenrain, Luzern'),
('b4111367-4da7-478a-9a10-7397a16b3ff6', 'André', 'Kälin', 'info@lindenberg.ch', '055 451 56 26', 'Lindenberg Technics AG', 'Zürcherstrasse 94, 8852 Altendorf, Schwyz'),
('dfe37c61-b005-4ef3-802b-5510d822eee1', 'Stefan', 'Müller', 'info@lindenberg-garage.ch', '041 917 14 39', 'Lindenberg-Garage AG', 'Guggibadstrasse 14, 6288 Schongau, Luzern'),
('6a8f94c9-cc6c-46c9-9980-e6c5d143ed78', 'Erich', 'Eberle', 'erich_eberle@bluewin.ch', '071 290 11 54', 'Lindenhof', 'Linden 6, 9300 Wittenbach, St. Gallen'),
('706f7ec2-207a-447d-bbed-123260733ee8', 'Joel', 'Müller', 'info@lindenhof-baltenswil.ch', '044 836 40 44', 'Lindenhof Baltenswil', 'Wangenerstrasse 3, 8303 Bassersdorf, Zürich'),
('9e5cb0d0-2735-4ef1-b494-063dffc6f0f3', 'Michael', 'Diener', 'info@lindenhofbauer.ch', '071 699 11 86', 'Lindenhof Bauer', 'Lindenhof 4, 8573 Altishausen, Thurgau'),
('8c3ac5a2-93c4-4dbf-81a6-7571b9994bac', 'Markus', 'Weber', 'weber.mk@gmx.ch', '078 829 27 76', 'Lindenhof Farm', 'Lindenhof 1, 3252 Worben, Bern'),
('31b394ef-4e15-40a0-8171-69c488928a3b', 'Christoph', 'Good', 'hauslieferdienst@frischgemuese.ch', '081 723 40 04', 'Lindenhof Gemüse', 'Ragazerstrasse 81, 8887 Mels, St. Gallen'),
('54397d2f-203c-473e-9a62-67ee5ed41d01', 'Andreas', 'Frischknecht', 'lindenhof-tann@bluewin.ch', '055 240 46 13', 'Lindenhof Hofladen', 'Eichholzstrasse 2, 8632 Tann, Zürich'),
('54245fe3-e35e-4a8d-a4d1-744b7f9c7cb3', 'Yvonne', 'Grieder', 'info@linden-hof.ch', '061 751 19 92', 'Lindenhof Pfeffingen', 'Etterweg 8, 4148 Pfeffingen, Basel-Land'),
('83dc1fdc-2172-45d5-a85e-bf6585371db3', 'Jürg', 'von Wartburg', 'lindenhof52@gmx.ch', '032 621 07 45', 'Lindenhof Rüttenen', 'Oberrüttenenstrasse 52, 4522 Rüttenen, Solothurn'),
('91d94376-5fa8-4183-872f-7198cc99cbe7', 'Sven', 'Bollinger', 'info@lindenhof-tg.ch', '052 740 20 27', 'Lindenhof Thurgau', 'Lindenhof, 8526 Oberneunforn, Thurgau'),
('68175844-7e39-45b2-bd50-611a045e97c0', 'Jan', 'Wiegand', 'info@lindenhofgruppe.ch', '031 300 75 00', 'Lindenhofgruppe AG', '3001 Bern, Bern'),
('1606b779-9284-4b24-a341-1cc2c08a96af', 'Guido', 'Lindenmann', 'info@lindenmann.ch', '071 411 39 39', 'Lindenmann AG', 'Kreuzlingerstrasse 10, 8580 Amriswil, Thurgau'),
('a38b967f-e5ed-49b3-97d2-d0ab08067632', 'Peter', 'Lindenmann', 'info@lincon.ch', '079 296 39 63', 'Lindenmann Consulting GmbH', 'Sänithof 4, 6014 Luzern, Luzern'),
('e2a540ac-e0c5-4e95-94be-2971e4db40b2', 'Hansueli', 'Lindenmann', 'info@gartenbau-lindenmann.ch', '062 772 11 46', 'Lindenmann Gartenbau AG', 'Schwaderhof 15, 5708 Birrwil, Aargau'),
('c8ea27fd-5e1a-45b7-b3cd-0303bdf07a80', 'Claudia', 'Zwimpfer', 'info@lindenpark-huenenberg.ch', '041 747 02 02', 'Lindenpark Wohnen im Alter', 'Lindenpark 1, 6331 Hünenberg, Zug'),
('8f644e08-2a15-40c6-82ae-3857f1c6f3be', 'Christophe', 'Bosshart', 'lindenpraxis@hin.ch', '032 666 20 00', 'LindenPraxis AG', 'Oberdorfstrasse 4, 3427 Utzenstorf, Bern'),
('a523c540-f5d0-41f9-a5e3-7227c53ec387', 'Herbert', 'Bokstaller', 'herbert.bokstaller@l-und-b.ch', '081 710 43 40', 'Linder & Bokstaller AG', 'Grenzweg 1, 8888 Heiligkreuz (Mels), St. Gallen'),
('241e9bac-9eb6-4c0e-911b-c91bbf36c988', 'Bruno', 'Pfund', 'info@linlot.ch', '031 371 00 88', 'Linder & Lötscher AG', 'Rosenweg 25a, 3007 Bern, Bern'),
('f40dd728-1936-4e90-88a1-39d67583efc3', 'Christoph', 'Linder', 'ch.linder@linderarchitektur.ch', '041 390 32 02', 'Linder Architektur GmbH', 'Hertensteinstrasse 118, 6353 Weggis, Luzern'),
('7f513f57-41d0-4792-ac3a-713683171201', 'Thomas', 'Linder', 'info@linder-garden.ch', '079 466 24 50', 'Linder Garden GmbH', 'Gums 526, 8880 Walenstadt, St. Gallen'),
('c99252f9-dfaa-444e-9b46-6fba1070b51e', 'Gilbert', 'Linder', 'gilbertlinder@yahoo.com', '079 743 40 27', 'Linder Garten', 'Schulstrasse 9, 4127 Birsfelden, Basel-Land'),
('46725039-87c9-4d64-b584-eeaaa19c0a52', 'Daniel', 'Maurer', 'd.maurer@lindergartenbau.ch', '033 438 03 05', 'Linder Gartenbau AG', 'Aumattweg 29, 3612 Steffisburg, Bern'),
('2f00c1be-1dcd-45c1-82c9-0e345264022e', 'Marc', 'Linder', 'm.linder@lindermetallbau.ch', '071 422 36 49', 'Linder Metallbau & Schlosserei GmbH', 'Laagerstrasse 6, 9220 Bischofszell, Thurgau'),
('67660947-cb83-4f27-b2ab-b6f360513c8c', 'Hans', 'Linder', 'info@praxis-sirius.ch', '079 341 54 43', 'Linder Naturheilpraxis SIRIUS', 'Knuppenweg 2, 3673 Linden, Bern'),
('2600124c-4458-4b6c-9c03-061fa49bf9b5', 'Klaus', 'Linder', 'info@linder-plattenbelaege.ch', '079 906 18 73', 'Linder Plattenbeläge GmbH', 'Dorf 10b, 9127 St. Peterzell, St. Gallen'),
('4985041d-7145-4905-9849-beccac0a9e99', 'Cendrine', 'Roubaty', 'info@linderprodental.ch', '061 303 93 26', 'Linder Pro-Dental GmbH', 'Allschwilerstrasse 2, 4055 Basel, Basel-Stadt'),
('a6e69f77-efd0-4ffe-8753-b24de60a29d9', 'Beat', 'Geiser', 'info@geiserlindhof.ch', '056 441 20 73', 'Lindhof', 'Lindhof 195, 5210 Windisch, Aargau'),
('4e5f2431-9b33-4b6b-8a59-cec135762d90', 'Zulfije', 'Kodra', 'info@lindi-reinigungen.ch', '062 823 37 53', 'Lindi Reinigungen GmbH', 'Gewerbestrasse 5, 5034 Suhr, Aargau'),
('6f92ff77-f375-4367-9e5f-381928ab90ab', 'Detlef', 'Sommer', 'arlesheim@lindner-group.com', '061 705 40 75', 'Lindner Fassaden GmbH', 'In der Schappe 16/18, 4144 Arlesheim, Basel-Land'),
('0dd97c73-50a0-48fb-9517-2cdaaa9a5ab0', 'Andrea', 'Kunz', 'andrea.kunz@lindnerhotels.ch', '033 826 70 07', 'Lindner Grand Hotel Beau Rivage', 'Höheweg 211, 3800 Interlaken, Bern'),
('f9460aa1-521a-4fcc-a542-5b87bfc7077e', 'Lena', 'Lindner', 'info@lindner-immobilien.ch', '044 390 14 40', 'Lindner Immobilien GmbH', 'Obere Bühlstrasse 27, 8700 Küsnacht, Zürich');

INSERT INTO leads (id, contact_id, source, status, value, notes) VALUES
('a4936e36-31c3-4003-b1b4-472319fe002c', '77131bbb-1667-4a94-b98a-ac91b69428f1', 'KALTAKQUISE', 'ACTIVE', 0, 'Funktion: Geschäftsführer/in (CEO) | Mitarbeiter: 1 bis 10 | Branche: Sanitär & Haustechnik | Rechtsform: Aktiengesellschaft'),
('84ec2b42-ff27-46e6-8788-3f46bab4c276', '833e9ceb-e2c1-47ed-95a4-4fcd23dfdeac', 'KALTAKQUISE', 'ACTIVE', 0, 'Funktion: Geschäftsführer/in (CEO) | Mitarbeiter: 1 bis 10 | Branche: Architekturbüros | Rechtsform: Kollektivgesellschaft'),
('3877d21f-2167-4141-8cb7-655e738495d6', 'a30073a9-1806-4bcf-b6fb-dd990f4c1c49', 'KALTAKQUISE', 'ACTIVE', 0, 'Funktion: Geschäftsführer/in (CEO) | Mitarbeiter: 1 bis 10 | Branche: Sanitär & Haustechnik | Rechtsform: Aktiengesellschaft'),
('9d33a831-edb9-4d37-8217-0871a2e48964', '2e059362-773c-4660-8299-62ec54d901ef', 'KALTAKQUISE', 'ACTIVE', 0, 'Funktion: Geschäftsführer/in (CEO) | Mitarbeiter: 1 bis 10 | Branche: Bau- & Projektmanagement / Immobilienprojektentwicklung / Bauherrenvertretung | Rechtsform: Aktiengesellschaft'),
('14266efe-0b09-4125-93bf-bb2d45872935', '6879b2a0-b8f7-4d91-8f69-ec073a52cf54', 'KALTAKQUISE', 'ACTIVE', 0, 'Funktion: Geschäftsführer/in (CEO) | Mitarbeiter: 1 bis 10 | Branche: Treuhandbüros | Rechtsform: Gesellschaft mit beschränkter Haftung'),
('a4e3e25a-f8b3-4b31-8dbf-f5a49bec76af', '5b2864ae-a72b-4d91-9e69-94a1989c6314', 'KALTAKQUISE', 'ACTIVE', 0, 'Funktion: Geschäftsführer/in (CEO) | Mitarbeiter: 51 bis 100 | Branche: Banken / Fonds & sonstige Finanzinstitute / Immobilienverwaltung / Immobilienvermittlung | Rechtsform: Aktiengesellschaft'),
('bce664e7-c259-49f0-9117-f5b2d5fef167', '0acc10ea-1385-4931-8f70-09f323b7c287', 'KALTAKQUISE', 'ACTIVE', 0, 'Funktion: Geschäftsführer/in (CEO) | Mitarbeiter: 51 bis 100 | Branche: Logistik- & Transportunternehmen | Rechtsform: Aktiengesellschaft'),
('a1a84e92-e8a4-4b78-862d-b69a967a8f54', 'eea27ef3-0395-4b7d-972b-0d400276abd5', 'KALTAKQUISE', 'ACTIVE', 0, 'Funktion: Geschäftsführer/in (CEO) | Mitarbeiter: 21 bis 50 | Branche: Sanitär & Haustechnik | Rechtsform: Aktiengesellschaft'),
('059a586f-28fe-4d4e-85a6-01fb25ab0957', 'daccb1b5-1b72-4223-bdfc-0fff52d5c44b', 'KALTAKQUISE', 'ACTIVE', 0, 'Funktion: Geschäftsführer/in (CEO) | Mitarbeiter: 11 bis 20 | Branche: Bauingenieurbüros | Rechtsform: Aktiengesellschaft'),
('b167c0e2-6311-4aed-8912-ee74c160eb7c', 'c74d38fe-3bf3-419b-a1f4-63ac3a823c20', 'KALTAKQUISE', 'ACTIVE', 0, 'Funktion: Geschäftsführer/in (CEO) | Mitarbeiter: 1 bis 10 | Branche: Bio-Betriebe / Online Shops | Rechtsform: Gesellschaft mit beschränkter Haftung'),
('b823e01b-0ffe-47a3-a0c7-689161582bfe', 'f974015e-716a-40f8-a797-0242bf41b52e', 'KALTAKQUISE', 'ACTIVE', 0, 'Funktion: Geschäftsführer/in (CEO) | Mitarbeiter: 1 bis 10 | Branche: Bio-Betriebe / Nachhaltigkeitsbereich / Online Shops | Rechtsform: Aktiengesellschaft'),
('cf1a0f7f-0c0c-46dd-be49-44be6dbc1423', '5a8e2da6-9902-4955-b399-ff556c1e168c', 'KALTAKQUISE', 'ACTIVE', 0, 'Funktion: Geschäftsführer/in (CEO) | Mitarbeiter: 1 bis 10 | Branche: Unternehmensberater | Rechtsform: Einzelunternehmen'),
('49343849-b1e6-4034-bb15-be14bb641d4a', 'd91c704d-0500-407c-9cdf-6ee56d188ec9', 'KALTAKQUISE', 'ACTIVE', 0, 'Funktion: Geschäftsführer/in (CEO) | Mitarbeiter: 1 bis 10 | Branche: Bau- & Projektmanagement / Immobilienverwaltung / Immobilienvermittlung / Bauherrenvertretung | Rechtsform: Aktiengesellschaft'),
('ab5b3f1d-8333-480d-b64e-c4b53faaa882', '5e678ee4-bb37-4b66-9824-fadbe5d70617', 'KALTAKQUISE', 'ACTIVE', 0, 'Funktion: Geschäftsführer/in (CEO) | Mitarbeiter: 1 bis 10 | Branche: Physiotherapie'),
('dc5bfed3-21ca-4db3-be14-8ec98954b99a', 'edfccb0d-fc2b-44a2-9fdb-c32f145a1b47', 'KALTAKQUISE', 'ACTIVE', 0, 'Funktion: Geschäftsführer/in (CEO) | Mitarbeiter: 1 bis 10 | Branche: Versicherungsbroker & -makler | Rechtsform: Gesellschaft mit beschränkter Haftung'),
('cadeea81-e52e-4fcd-a3da-9a70137ec266', '13cc8cd5-7f08-418c-9edd-9ab66200a7d0', 'KALTAKQUISE', 'ACTIVE', 0, 'Funktion: Geschäftsführer/in (CEO) | Mitarbeiter: 1 bis 10 | Branche: Versicherungsbroker & -makler'),
('4fc8cbf4-27f4-4729-90c7-a2a4d15d50c3', 'b074fac1-00ae-4155-8922-dbde375a5812', 'KALTAKQUISE', 'ACTIVE', 0, 'Funktion: Geschäftsführer/in (CEO) | Mitarbeiter: 1 bis 10 | Branche: Atem- Meditation- & Yogacenter | Rechtsform: Gesellschaft mit beschränkter Haftung'),
('581e0c3f-631b-4116-9bc2-9f61987a0455', '9117266a-1bea-4dee-ad80-c4fdfec0d9b7', 'KALTAKQUISE', 'ACTIVE', 0, 'Funktion: Geschäftsführer/in (CEO) | Mitarbeiter: 1 bis 10 | Branche: Versicherungsbroker & -makler | Rechtsform: Aktiengesellschaft'),
('adde3bd0-ca71-447c-8814-c28e6e49101f', '535474d1-15b2-439c-b16f-89731e85d642', 'KALTAKQUISE', 'ACTIVE', 0, 'Funktion: Geschäftsführer/in (CEO) | Mitarbeiter: 21 bis 50 | Branche: Clubs, Bars & Eventlocations'),
('f53c536a-56eb-4a88-8cdd-9e5ffea42969', '638bda79-6f01-427d-b95b-12f051ff5aef', 'KALTAKQUISE', 'ACTIVE', 0, 'Funktion: Geschäftsführer/in (CEO) | Mitarbeiter: 11 bis 20 | Branche: Elektroindustrie | Rechtsform: Gesellschaft mit beschränkter Haftung'),
('edf932fe-39a7-4add-8d38-0105d1380a44', '63fbe906-266e-4ac7-9b4d-83056f116242', 'KALTAKQUISE', 'ACTIVE', 0, 'Funktion: Geschäftsführer/in (CEO) | Mitarbeiter: 1 bis 10 | Branche: Chemieindustrie | Rechtsform: Aktiengesellschaft'),
('fd0cdac4-49ca-42ce-b269-fb9257c07b36', '519ae853-9599-4d8d-8a64-68af5839ad2c', 'KALTAKQUISE', 'ACTIVE', 0, 'Funktion: Geschäftsführer/in (CEO) | Mitarbeiter: 11 bis 20 | Branche: Spitex | Rechtsform: Aktiengesellschaft'),
('600acb4c-666b-46b2-906c-9079726761a9', 'bd4a0a95-8be4-4ca2-b378-c0169c4e8a55', 'KALTAKQUISE', 'ACTIVE', 0, 'Funktion: Geschäftsführer/in (CEO) | Mitarbeiter: 21 bis 50 | Branche: Zahnarztpraxen'),
('1c8bc201-b85b-4b70-831e-d1df97d4af62', '2a04e45b-17fa-45e3-bc9c-1a8c2b8a6a9b', 'KALTAKQUISE', 'ACTIVE', 0, 'Funktion: Geschäftsführer/in (CEO) | Mitarbeiter: 1 bis 10 | Branche: Fitnessstudios | Rechtsform: Aktiengesellschaft'),
('c49377b4-f970-4c90-b8cb-4a2bc1288d28', '700b7799-5b63-4359-afe0-140421ad754c', 'KALTAKQUISE', 'ACTIVE', 0, 'Funktion: Geschäftsführer/in (CEO) | Mitarbeiter: 1 bis 10 | Branche: Naturheilpraxen | Rechtsform: Gesellschaft mit beschränkter Haftung'),
('eb97f623-d0b6-46c8-ad9d-cf0847227a55', 'f8f25c0f-6682-4ee1-8fd2-9fad85dc9c99', 'KALTAKQUISE', 'ACTIVE', 0, 'Funktion: Geschäftsführer/in (CEO) | Mitarbeiter: 1 bis 10 | Branche: Personalvermittler & -berater | Rechtsform: Aktiengesellschaft'),
('3e250422-179c-4042-9ab6-261ade837545', 'db6dff4e-2885-4ed8-b7b4-8828776f82dc', 'KALTAKQUISE', 'ACTIVE', 0, 'Funktion: Geschäftsführer/in (CEO) | Mitarbeiter: 21 bis 50 | Branche: Life-Science-Industrie | Rechtsform: Gesellschaft mit beschränkter Haftung'),
('9780a4b1-9737-4e4c-a7af-b08335eba41d', '02c37454-dd93-454d-bf89-4f187c101fc5', 'KALTAKQUISE', 'ACTIVE', 0, 'Funktion: Geschäftsführer/in (CEO) | Mitarbeiter: 1 bis 10 | Branche: Naturheilpraxen'),
('aa916052-5755-4469-baf4-45b58a8c885e', '3df1f827-2859-4be6-8aba-262f0672210b', 'KALTAKQUISE', 'ACTIVE', 0, 'Funktion: Geschäftsführer/in (CEO) | Mitarbeiter: 21 bis 50 | Branche: IT Unternehmen | Rechtsform: Aktiengesellschaft'),
('6ff64d92-f161-4025-86b9-1bb38a06ba0e', '7adbe0f5-96e2-4092-a95e-db1b5d713f26', 'KALTAKQUISE', 'ACTIVE', 0, 'Funktion: Geschäftsführer/in (CEO) | Mitarbeiter: 1 bis 10 | Branche: Coiffeursalons'),
('6146e66e-e807-4308-97eb-e9fab6885299', 'ce346d17-1e3d-43b2-a8a9-72acc0791b2f', 'KALTAKQUISE', 'ACTIVE', 0, 'Funktion: Geschäftsführer/in (CEO) | Mitarbeiter: 1 bis 10 | Branche: Bau- & Projektmanagement / Immobilienverwaltung / Immobilienvermittlung | Rechtsform: Aktiengesellschaft'),
('1eed24c8-20f4-4a23-9a82-f3b638fa7238', 'b3af30c3-7f1f-4203-a57d-4fa0b2b487c0', 'KALTAKQUISE', 'ACTIVE', 0, 'Funktion: Geschäftsführer/in (CEO) | Mitarbeiter: 1 bis 10 | Branche: Kosmetikstudios'),
('279c0e59-c61a-4bac-98f3-e6df92cc67a8', 'dab66d4c-7483-4677-aa84-c1596fc0d370', 'KALTAKQUISE', 'ACTIVE', 0, 'Funktion: Geschäftsführer/in (CEO) | Mitarbeiter: 1 bis 10 | Branche: Fitnessstudios | Rechtsform: Aktiengesellschaft'),
('51db1425-0aa6-4a01-a53a-6aea9b73ef6c', '92b5ca7b-e0cd-4a7e-8cd5-e8685fbac4f8', 'KALTAKQUISE', 'ACTIVE', 0, 'Funktion: Geschäftsführer/in (CEO) | Mitarbeiter: 11 bis 20 | Branche: Fitnessstudios | Rechtsform: Gesellschaft mit beschränkter Haftung'),
('9695279d-32bc-41ce-92d6-797ba0c6392b', '717239ec-874f-4e9c-8c3c-a04be1e5e7f6', 'KALTAKQUISE', 'ACTIVE', 0, 'Funktion: Geschäftsführer/in (CEO) | Mitarbeiter: 1 bis 10 | Branche: Coiffeursalons'),
('a361eef6-e6c8-4b80-a660-d53053898a5d', '0e6d048e-d6ba-4743-bbb2-9e06bac85db1', 'KALTAKQUISE', 'ACTIVE', 0, 'Funktion: Geschäftsführer/in (CEO) | Mitarbeiter: 1 bis 10 | Branche: Immobilienvermittlung | Rechtsform: Aktiengesellschaft'),
('cf1cbf2a-53f3-495a-85fc-005bcdbb1e0b', '9e97e10a-db0d-472f-91a5-7803616da2a8', 'KALTAKQUISE', 'ACTIVE', 0, 'Funktion: Geschäftsführer/in (CEO) | Mitarbeiter: 1 bis 10 | Branche: Kosmetikstudios | Rechtsform: Gesellschaft mit beschränkter Haftung'),
('9efdb0db-6165-4afe-81c5-106abd1bf635', '17c73b94-2bd1-4578-a056-60f64f175a48', 'KALTAKQUISE', 'ACTIVE', 0, 'Funktion: Geschäftsführer/in (CEO) | Mitarbeiter: 1 bis 10 | Branche: Atem- Meditation- & Yogacenter | Rechtsform: Gesellschaft mit beschränkter Haftung'),
('d276add9-a4e1-4045-8b4b-3f64b142fc74', '66f976d9-2450-4f5c-b976-66df3b2c3896', 'KALTAKQUISE', 'ACTIVE', 0, 'Funktion: Geschäftsführer/in (CEO) | Mitarbeiter: 1 bis 10 | Branche: Kosmetikstudios'),
('4c2fdb1a-c32e-4b4b-8aaa-e4a314a9cb20', '51903685-c9fd-4cf1-befd-f184691cf09d', 'KALTAKQUISE', 'ACTIVE', 0, 'Funktion: Geschäftsführer/in (CEO) | Mitarbeiter: 1 bis 10 | Branche: Immobilienvermittlung | Rechtsform: Aktiengesellschaft'),
('f3dec3c4-3cd6-4250-bd18-0dde985a1e76', '0610a959-4dca-4c72-9b39-49dcd556c2e8', 'KALTAKQUISE', 'ACTIVE', 0, 'Funktion: Geschäftsführer/in (CEO) | Mitarbeiter: 1 bis 10 | Branche: Online Shops'),
('22c0e1d5-8223-4c09-9a31-946814ec497e', '40763754-4b73-4ae6-8f80-5dbd184e756a', 'KALTAKQUISE', 'ACTIVE', 0, 'Funktion: Geschäftsführer/in (CEO) | Mitarbeiter: 21 bis 50 | Branche: Unternehmensberater / Medizintechnik-Industrie | Rechtsform: Aktiengesellschaft'),
('118c4ee4-854d-453b-845d-ec6eea5138dd', '44cbd515-1697-47af-8b68-2e9644e8f832', 'KALTAKQUISE', 'ACTIVE', 0, 'Funktion: Geschäftsführer/in (CEO) | Mitarbeiter: 1 bis 10 | Branche: Atem- Meditation- & Yogacenter | Rechtsform: Einzelunternehmen'),
('39ed8dde-4623-473d-8d2f-1a17822ff3fb', 'fbaad84e-ef6c-404d-8e6b-cdc71d19a123', 'KALTAKQUISE', 'ACTIVE', 0, 'Funktion: Geschäftsführer/in (CEO) | Mitarbeiter: 1 bis 10 | Branche: Elektroindustrie | Rechtsform: Aktiengesellschaft'),
('83e56447-e67c-435b-9081-89d7dbedfcec', 'a996a4f5-af2b-43f2-a903-25b70ef80d58', 'KALTAKQUISE', 'ACTIVE', 0, 'Funktion: Geschäftsführer/in (CEO) | Mitarbeiter: 1 bis 10 | Branche: Chemieindustrie | Rechtsform: Aktiengesellschaft'),
('0e1739c5-a3dd-459a-957a-12ac0000d78d', 'aac056a3-e546-4aad-b7e2-488160d13782', 'KALTAKQUISE', 'ACTIVE', 0, 'Funktion: Geschäftsführer/in (CEO) | Mitarbeiter: 11 bis 20 | Branche: Divers | Rechtsform: Aktiengesellschaft'),
('2646302a-af0c-433f-bc6f-f7d5f310df95', '42dd62c6-4bb1-4ebe-8a0c-178c4f437804', 'KALTAKQUISE', 'ACTIVE', 0, 'Funktion: Geschäftsführer/in (CEO) | Mitarbeiter: 1 bis 10 | Branche: Weiterbildungsinstitute'),
('f3c6612e-e3d2-4093-9d9e-df859126e575', '038c2fbc-8dc9-4041-83b5-a8e0dea2035d', 'KALTAKQUISE', 'ACTIVE', 0, 'Funktion: Geschäftsführer/in (CEO) | Mitarbeiter: 1 bis 10 | Branche: Unternehmensberater | Rechtsform: Gesellschaft mit beschränkter Haftung'),
('57605e34-3035-429c-b0db-ad1788f2774e', 'edb6adce-ed98-4c4c-a5cc-eb59fcf42409', 'KALTAKQUISE', 'ACTIVE', 0, 'Funktion: Geschäftsführer/in (CEO) | Mitarbeiter: 51 bis 100 | Branche: Garagen | Rechtsform: Aktiengesellschaft'),
('29863e7b-5152-4252-af26-d1540f0d1bc1', '5d75780f-0bd2-48c9-96d5-086b24976efe', 'KALTAKQUISE', 'ACTIVE', 0, 'Funktion: Geschäftsführer/in (CEO) | Mitarbeiter: 11 bis 20 | Branche: Architekturbüros | Rechtsform: Aktiengesellschaft'),
('8fc97c72-c43e-4b14-a7b9-60e3e6cd558e', '41484846-6e4a-4110-b858-4eb67480f054', 'KALTAKQUISE', 'ACTIVE', 0, 'Funktion: Geschäftsführer/in (CEO) | Mitarbeiter: 11 bis 20 | Branche: Elektroplanung & Installation / Online Shops | Rechtsform: Aktiengesellschaft'),
('260f1820-1682-474e-904b-4cef8e41a651', '7cda6cd4-1459-4c64-808b-fad20548c85f', 'KALTAKQUISE', 'ACTIVE', 0, 'Funktion: Geschäftsführer/in (CEO) | Mitarbeiter: 1 bis 10 | Branche: Elektroindustrie | Rechtsform: Gesellschaft mit beschränkter Haftung'),
('dc80166d-01bd-4693-b6b1-bdd26bcb73cc', 'fc44dd4f-7dc2-476a-8ad8-5b1680ff1e75', 'KALTAKQUISE', 'ACTIVE', 0, 'Funktion: Geschäftsführer/in (CEO) | Mitarbeiter: 11 bis 20 | Branche: Elektroindustrie | Rechtsform: Aktiengesellschaft'),
('f58075c6-ce91-42d2-8ce9-f709d39e311a', '6116d09a-a3b0-44e0-b156-54c3fdbc8541', 'KALTAKQUISE', 'ACTIVE', 0, 'Funktion: Geschäftsführer/in (CEO) | Mitarbeiter: 11 bis 20 | Branche: Clubs, Bars & Eventlocations'),
('beb1f754-5823-469a-9533-9e224c887f98', '7c6a5151-907d-4644-bfaa-551dcbf6b10a', 'KALTAKQUISE', 'ACTIVE', 0, 'Funktion: Geschäftsführer/in (CEO) | Mitarbeiter: 11 bis 20 | Branche: FinTech | Rechtsform: Aktiengesellschaft'),
('5fe13084-4cb0-4f41-8f7f-f8a7ef7e0f11', 'eca1a6eb-79b4-4833-9fe6-ba05cd3abcfb', 'KALTAKQUISE', 'ACTIVE', 0, 'Funktion: Gesamtleitung/Direktion | Mitarbeiter: 11 bis 20 | Branche: Elektroindustrie | Rechtsform: Aktiengesellschaft'),
('304511ad-6a92-47d8-b584-274a021804f0', '2b11d0d7-94dd-46c2-9706-0bae935ea387', 'KALTAKQUISE', 'ACTIVE', 0, 'Funktion: Geschäftsführer/in (CEO) | Mitarbeiter: 1 bis 10 | Branche: Getränkeindustrie | Rechtsform: Kollektivgesellschaft'),
('c1091426-ec8e-47f6-ab60-70ea814f6891', 'e1c12ace-75a7-41ca-b7aa-767811a28771', 'KALTAKQUISE', 'ACTIVE', 0, 'Funktion: Geschäftsführer/in (CEO) | Mitarbeiter: 1 bis 10 | Branche: IT Unternehmen | Rechtsform: Gesellschaft mit beschränkter Haftung'),
('559e96a2-450c-4bc3-aa87-6a369541e4b8', 'b84f3d78-6f9e-4fc2-994c-20b3d0117848', 'KALTAKQUISE', 'ACTIVE', 0, 'Funktion: Geschäftsführer/in (CEO) | Mitarbeiter: 1 bis 10 | Branche: Innenausstatter | Rechtsform: Aktiengesellschaft'),
('ed768b2d-bdeb-4b49-8304-d95fd9883e5b', '6c7f262c-9e90-4b82-80ae-b2482bad2404', 'KALTAKQUISE', 'ACTIVE', 0, 'Funktion: Geschäftsführer/in (CEO) | Mitarbeiter: 11 bis 20 | Branche: Schreinerei- & Holzbaubetriebe | Rechtsform: Aktiengesellschaft'),
('04ca9289-3b50-4102-8535-378942fc8fe4', '9ffc0b1b-cc28-46be-96e7-f48f7e51ce45', 'KALTAKQUISE', 'ACTIVE', 0, 'Funktion: Geschäftsführer/in (CEO) | Mitarbeiter: 21 bis 50 | Branche: Schreinerei- & Holzbaubetriebe | Rechtsform: Aktiengesellschaft'),
('8e749995-54f0-4040-b2b4-0645fa89d138', '3d1d2414-701d-4c2e-8bd7-081baf9c995b', 'KALTAKQUISE', 'ACTIVE', 0, 'Funktion: Geschäftsführer/in (CEO) | Mitarbeiter: 1 bis 10 | Branche: Schreinerei- & Holzbaubetriebe | Rechtsform: Gesellschaft mit beschränkter Haftung'),
('69d78e6d-8479-4516-a5c7-04408974b7f4', 'fb15af6c-912f-42df-aca4-84e2158d1643', 'KALTAKQUISE', 'ACTIVE', 0, 'Funktion: Geschäftsführer/in (CEO) | Mitarbeiter: 11 bis 20 | Branche: Innenausstatter | Rechtsform: Aktiengesellschaft'),
('51497e57-8008-4d41-b9bb-e46e322cefb0', 'ef28c821-6685-47f7-a3f4-ed9fa407fa01', 'KALTAKQUISE', 'ACTIVE', 0, 'Funktion: Geschäftsführer/in (CEO) | Mitarbeiter: 1 bis 10 | Branche: Chemieindustrie | Rechtsform: Aktiengesellschaft'),
('df5300bf-dac2-41bc-b813-62e5179afaa1', '26e53307-3ad3-4cff-b00c-7622a822b329', 'KALTAKQUISE', 'ACTIVE', 0, 'Funktion: Geschäftsführer/in (CEO) | Mitarbeiter: 1 bis 10 | Branche: Schreinerei- & Holzbaubetriebe | Rechtsform: Aktiengesellschaft'),
('4f6a361e-8e6f-42e7-9095-052bf10f4448', '45cdcde1-e470-4889-b586-6d0ba3079780', 'KALTAKQUISE', 'ACTIVE', 0, 'Funktion: Geschäftsführer/in (CEO) | Mitarbeiter: 11 bis 20 | Branche: Schreinerei- & Holzbaubetriebe'),
('9a2d6064-ff82-472e-9341-882fc71faca5', '475f8d8a-24ae-4de5-8ea3-92331506f379', 'KALTAKQUISE', 'ACTIVE', 0, 'Funktion: Geschäftsführer/in (CEO) | Mitarbeiter: 1 bis 10 | Branche: Schreinerei- & Holzbaubetriebe'),
('4a94f770-0606-45dc-b2ce-c4ab5ca5d927', '15b02606-6e47-4bee-b97d-84a107331f2b', 'KALTAKQUISE', 'ACTIVE', 0, 'Funktion: Geschäftsführer/in (CEO) | Mitarbeiter: 1 bis 10 | Branche: Treuhandbüros / Immobilienverwaltung | Rechtsform: Aktiengesellschaft'),
('98dc425b-7b5c-4f74-834e-bc25304cc547', '28c789c4-3019-450c-bce9-e1c39bc2619a', 'KALTAKQUISE', 'ACTIVE', 0, 'Funktion: Geschäftsführer/in (CEO) | Mitarbeiter: 1 bis 10 | Branche: Architekturbüros | Rechtsform: Gesellschaft mit beschränkter Haftung'),
('959b229e-7b19-404d-9c58-4f9157043fdf', 'b20c3e37-c236-4e79-836f-e05af02a0b5a', 'KALTAKQUISE', 'ACTIVE', 0, 'Funktion: Geschäftsführer/in (CEO) | Mitarbeiter: 1 bis 10 | Branche: IT Unternehmen | Rechtsform: Gesellschaft mit beschränkter Haftung'),
('f24b86e1-4290-4448-b324-36da8172de86', '490c22fa-1691-4231-adbf-ab88cd8e940f', 'KALTAKQUISE', 'ACTIVE', 0, 'Funktion: Geschäftsführer/in (CEO) | Mitarbeiter: 1 bis 10 | Branche: Online Shops | Rechtsform: Gesellschaft mit beschränkter Haftung'),
('8cdff470-2f47-4cad-a22d-e364343205c3', '234507d9-6dd8-4886-b28f-e0071440661d', 'KALTAKQUISE', 'ACTIVE', 0, 'Funktion: Geschäftsführer/in (CEO) | Mitarbeiter: 1 bis 10 | Branche: Atem- Meditation- & Yogacenter'),
('1e9694d5-7b70-4a00-826b-c69601e08756', '45fe4613-ec42-4c72-b866-6c66d7167274', 'KALTAKQUISE', 'ACTIVE', 0, 'Funktion: Geschäftsführer/in (CEO) | Mitarbeiter: 1 bis 10 | Branche: Architekturbüros / Innenausstatter | Rechtsform: Gesellschaft mit beschränkter Haftung'),
('06212592-48e6-4dcd-afa1-146c14e8e967', '09ee2666-370d-4f79-8136-2951c9d8c0e5', 'KALTAKQUISE', 'ACTIVE', 0, 'Funktion: Geschäftsführer/in (CEO) | Mitarbeiter: 1 bis 10 | Branche: Spielwaren- & Babyfachhandel'),
('bbc67ecd-e64e-4525-b950-80d501701745', 'a56094d1-6203-40c9-9fc1-64ce4d58f7b5', 'KALTAKQUISE', 'ACTIVE', 0, 'Funktion: Geschäftsführer/in (CEO) | Mitarbeiter: 1 bis 10 | Branche: Lebensmittelverarbeitung | Rechtsform: Gesellschaft mit beschränkter Haftung'),
('ad82cdaf-665a-4728-9f03-b1dbee0ca693', '3ed2c281-a206-4b7f-a0ef-f8136dc6c73e', 'KALTAKQUISE', 'ACTIVE', 0, 'Funktion: Geschäftsführer/in (CEO) | Mitarbeiter: 1 bis 10 | Branche: Naturheilpraxen'),
('395c3f79-1d6b-4175-a5c4-dca31f943fb5', '564e100c-2010-44a4-8453-177a255a2757', 'KALTAKQUISE', 'ACTIVE', 0, 'Funktion: Geschäftsführer/in (CEO) | Mitarbeiter: 1 bis 10 | Branche: Atem- Meditation- & Yogacenter'),
('dbddbfff-7f56-4137-a8f8-eac6130937dd', '40fbb7a6-e17d-40fb-b5e1-5e10d9b93293', 'KALTAKQUISE', 'ACTIVE', 0, 'Funktion: Gesamtleitung/Direktion | Mitarbeiter: 21 bis 50 | Branche: Spitäler & Kliniken'),
('bd347fa6-ef92-497c-b0e8-dcfbe16fc1ea', '1367d058-4306-4b35-9e23-2ed4623d9d5e', 'KALTAKQUISE', 'ACTIVE', 0, 'Funktion: Geschäftsführer/in (CEO) | Mitarbeiter: 11 bis 20 | Branche: Online Shops'),
('1ae926d1-14b6-4c8e-8ed1-dfa9a5088d44', '93f4d550-2ed2-42dd-ad7b-7aa61793d9a8', 'KALTAKQUISE', 'ACTIVE', 0, 'Funktion: Geschäftsführer/in (CEO) | Mitarbeiter: 1 bis 10 | Branche: Coiffeursalons'),
('802d48aa-e7f3-4772-8855-e40e36e40b2f', '182f7249-ea4c-4b37-a73b-6bcb6dd521d5', 'KALTAKQUISE', 'ACTIVE', 0, 'Funktion: Geschäftsführer/in (CEO) | Mitarbeiter: 1 bis 10 | Branche: Atem- Meditation- & Yogacenter | Rechtsform: Aktiengesellschaft'),
('09ec33e8-1a24-407a-a908-f0fb6ca08a1a', 'bc532e53-562d-47f1-870b-0b17f5a4b4da', 'KALTAKQUISE', 'ACTIVE', 0, 'Funktion: Geschäftsführer/in (CEO) | Mitarbeiter: 1 bis 10 | Branche: Spielwaren- & Babyfachhandel | Rechtsform: Einzelunternehmen'),
('9d615756-4519-4385-80d5-a807ade87665', '23517a14-5f8f-4b12-8fbd-636268d370db', 'KALTAKQUISE', 'ACTIVE', 0, 'Funktion: Geschäftsführer/in (CEO) | Mitarbeiter: 11 bis 20 | Branche: Fitnessstudios | Rechtsform: Gesellschaft mit beschränkter Haftung'),
('74cc9647-4d6a-4b08-9928-bdfcbce76cde', '33374980-83e7-4fa0-91d5-cfab3d0633c1', 'KALTAKQUISE', 'ACTIVE', 0, 'Funktion: Geschäftsführer/in (CEO) | Mitarbeiter: 1 bis 10 | Branche: Restaurants'),
('29587eaa-9937-4d8f-861e-fa37b2a52380', '0589be04-897d-4c31-994f-214a4b600990', 'KALTAKQUISE', 'ACTIVE', 0, 'Funktion: Gesamtleitung/Direktion | Mitarbeiter: 1 bis 10 | Branche: Beherbergungsstätten'),
('a1698fa0-5398-47ff-886c-225a8c9cec03', 'd4b411c0-e21a-43a2-84ff-3dc9ac5c16bf', 'KALTAKQUISE', 'ACTIVE', 0, 'Funktion: Geschäftsführer/in (CEO) | Mitarbeiter: 1 bis 10 | Branche: Online Shops'),
('0ce068d5-5dc5-4637-aafd-0990100fd5bb', '7e662572-612d-4b3a-95f7-c59ef9e330a9', 'KALTAKQUISE', 'ACTIVE', 0, 'Funktion: Geschäftsführer/in (CEO) | Mitarbeiter: 1 bis 10 | Branche: Naturheilpraxen'),
('d4030493-c37d-4fae-bad8-221069ea1e9a', '5ab85581-cd4f-4de1-8d38-6ef6ee680b43', 'KALTAKQUISE', 'ACTIVE', 0, 'Funktion: Geschäftsführer/in (CEO) | Mitarbeiter: 1 bis 10 | Branche: Atem- Meditation- & Yogacenter'),
('9ba02f71-71af-491b-8131-753f5e15f4b3', 'b8d98e3e-0add-4841-a2dc-bf191b8037a3', 'KALTAKQUISE', 'ACTIVE', 0, 'Funktion: Geschäftsführer/in (CEO) | Mitarbeiter: 1 bis 10 | Branche: IT Unternehmen | Rechtsform: Gesellschaft mit beschränkter Haftung'),
('b53ceea6-a4aa-4f3a-8dfc-80645bfcde39', 'e96f0d01-a621-4a4d-8144-5602423da64c', 'KALTAKQUISE', 'ACTIVE', 0, 'Funktion: Geschäftsführer/in (CEO) | Mitarbeiter: 1 bis 10 | Branche: Naturheilpraxen | Rechtsform: Gesellschaft mit beschränkter Haftung'),
('9e2aed0d-1a5b-4752-8b90-b5dfadf5a985', 'fe331301-a13e-4c67-94cc-6f92fc695094', 'KALTAKQUISE', 'ACTIVE', 0, 'Funktion: Geschäftsführer/in (CEO) | Mitarbeiter: 21 bis 50 | Branche: Nachhaltigkeitsbereich | Rechtsform: Aktiengesellschaft'),
('88e66672-5e01-432a-8878-32cc25deaa35', 'a43935ac-8925-44e6-a9b5-321c17d127a3', 'KALTAKQUISE', 'ACTIVE', 0, 'Funktion: Geschäftsführer/in (CEO) | Mitarbeiter: 1 bis 10 | Branche: Restaurants | Rechtsform: Einzelunternehmen'),
('a7042e12-2954-4fdc-ab85-a66aa77f7005', '56f3905c-2c53-4c0c-bb4b-aacc4f012076', 'KALTAKQUISE', 'ACTIVE', 0, 'Funktion: Chefredaktion | Mitarbeiter: 1 bis 10 | Branche: Zeitungen & Zeitschriften'),
('b48a1230-40e4-409c-8477-667c45a5b0a6', 'c1d70d54-0e13-4f1c-9cca-430c6afd9f06', 'KALTAKQUISE', 'ACTIVE', 0, 'Funktion: Geschäftsführer/in (CEO) | Mitarbeiter: 1 bis 10 | Branche: Immobilienverwaltung / Immobilienvermittlung | Rechtsform: Gesellschaft mit beschränkter Haftung'),
('f04b2ef4-4a23-4caa-ad4c-4bb98e7317e9', 'ea5390db-f3c1-4a07-9d6e-813e744f9718', 'KALTAKQUISE', 'ACTIVE', 0, 'Funktion: Geschäftsführer/in (CEO) | Mitarbeiter: 1 bis 10 | Branche: Energieindustrie / Nachhaltigkeitsbereich / Solar & Photovoltaik | Rechtsform: Aktiengesellschaft'),
('12fcff52-b5be-489e-a581-201e207d3083', '67b852b6-810b-4500-ba58-e36930cb0936', 'KALTAKQUISE', 'ACTIVE', 0, 'Funktion: Geschäftsführer/in (CEO) | Mitarbeiter: 1 bis 10 | Branche: Innenausstatter | Rechtsform: Aktiengesellschaft'),
('9c70e291-a4aa-4af3-b169-5132c57ac9ff', 'fdf4f7bc-63f4-4693-bf12-1fc6daadaddf', 'KALTAKQUISE', 'ACTIVE', 0, 'Funktion: Geschäftsführer/in (CEO) | Mitarbeiter: 11 bis 20 | Branche: Treuhandbüros | Rechtsform: Aktiengesellschaft'),
('7b3a7276-31b7-4925-a5c9-27c9bc2dbc23', 'f93454cd-a64c-4a6b-a069-59361320ad5f', 'KALTAKQUISE', 'ACTIVE', 0, 'Funktion: Geschäftsführer/in (CEO) | Mitarbeiter: 11 bis 20 | Branche: Facility Management & Reinigungsfirmen'),
('b0de8376-db65-4b75-8ecb-784a231d4335', '1fc21e50-3d19-484c-8125-302d3f43c533', 'KALTAKQUISE', 'ACTIVE', 0, 'Funktion: Geschäftsführer/in (CEO) | Mitarbeiter: 1 bis 10 | Branche: Immobilienvermittlung / Immobilienprojektentwicklung | Rechtsform: Aktiengesellschaft'),
('1be3500b-e5d6-42b6-8a55-86ab7337814b', '8ee86211-8bac-4c4f-a718-dfec624b007b', 'KALTAKQUISE', 'ACTIVE', 0, 'Funktion: Geschäftsführer/in (CEO) | Mitarbeiter: 11 bis 20 | Branche: Online Shops | Rechtsform: Aktiengesellschaft'),
('9cdfe4ed-6519-4d17-9f91-c575d0039d96', '088f3f4b-d539-4b76-8e53-1e0ee2ff0084', 'KALTAKQUISE', 'ACTIVE', 0, 'Funktion: Geschäftsführer/in (CEO) | Mitarbeiter: 1 bis 10 | Branche: Coiffeursalons | Rechtsform: Gesellschaft mit beschränkter Haftung'),
('3072b78a-ad9f-4c27-9a68-99f4302f1574', '1071cf09-08ac-4911-b125-3c4c9a5e52c1', 'KALTAKQUISE', 'ACTIVE', 0, 'Funktion: Geschäftsführer/in (CEO) | Mitarbeiter: 11 bis 20 | Branche: Online Shops | Rechtsform: Aktiengesellschaft'),
('93d7d155-3f1b-4312-a525-1117899481e3', '05b7e8c0-3108-4edf-8754-6b043d95ef84', 'KALTAKQUISE', 'ACTIVE', 0, 'Funktion: Geschäftsführer/in (CEO) | Mitarbeiter: 11 bis 20 | Branche: Restaurants'),
('4921e072-4db9-4527-beda-a5ca70e248e8', '0b3f150a-a323-473e-a85a-294b687d710a', 'KALTAKQUISE', 'ACTIVE', 0, 'Funktion: Geschäftsführer/in (CEO) | Mitarbeiter: 1 bis 10 | Branche: Elektroindustrie | Rechtsform: Gesellschaft mit beschränkter Haftung'),
('b2c1a04f-df9a-4280-ad21-37679c60e615', '3a27dbf8-f81f-4f21-bd18-29151168f874', 'KALTAKQUISE', 'ACTIVE', 0, 'Funktion: Geschäftsführer/in (CEO) | Mitarbeiter: 51 bis 100 | Branche: Top 2''000 CH-Unternehmen / Entsorgungsindustrie | Rechtsform: Institut des öffentlichen Rechts'),
('e6d04bfd-6d61-4066-b46b-6665a3eb305b', 'c96a0652-bb36-46ca-b791-3108b9aab6cb', 'KALTAKQUISE', 'ACTIVE', 0, 'Funktion: Geschäftsführer/in (CEO) | Mitarbeiter: 1 bis 10 | Branche: Online Shops / Medizintechnik-Industrie | Rechtsform: Gesellschaft mit beschränkter Haftung'),
('9b245f56-d273-418b-975a-7991a147b923', '0a2451bb-7514-4d1f-80e4-cf2200484ad4', 'KALTAKQUISE', 'ACTIVE', 0, 'Funktion: Geschäftsführer/in (CEO) | Mitarbeiter: 1 bis 10 | Branche: Gartenbau & -pflege'),
('a52213aa-4e3c-40ce-a41a-939a54549424', 'fff77fc2-787a-4add-b83e-3e55b00ee291', 'KALTAKQUISE', 'ACTIVE', 0, 'Funktion: Geschäftsführer/in (CEO) | Mitarbeiter: 1 bis 10 | Branche: Clubs, Bars & Eventlocations'),
('dfd72246-d695-4a8b-bc0f-dfbd0e3521c8', 'ab112c4e-aeaf-4505-8479-57441ea787dc', 'KALTAKQUISE', 'ACTIVE', 0, 'Funktion: Geschäftsführer/in (CEO) | Mitarbeiter: 1 bis 10 | Branche: Fonds & sonstige Finanzinstitute / Externe Vermögensverwalter | Rechtsform: Aktiengesellschaft'),
('b5fba4d4-a1a9-4491-b6b0-1bace23f8139', '45e48479-57d4-4b4d-a2c3-26390e0fc96c', 'KALTAKQUISE', 'ACTIVE', 0, 'Funktion: Geschäftsführer/in (CEO) | Mitarbeiter: 1 bis 10 | Branche: Physiotherapie | Rechtsform: Einzelunternehmen'),
('5266e99e-1bbf-4ec4-8ba7-9cab4083ef94', '920c40e9-bbf9-4a1a-a277-a3e8f8679b05', 'KALTAKQUISE', 'ACTIVE', 0, 'Funktion: Geschäftsführer/in (CEO) | Mitarbeiter: 1 bis 10 | Branche: Schreinerei- & Holzbaubetriebe'),
('d8edcad0-a2f8-424e-97cb-ef980c3855e8', '8b0a1364-0128-407d-a47d-62a6fcc4a660', 'KALTAKQUISE', 'ACTIVE', 0, 'Funktion: Geschäftsführer/in (CEO) | Mitarbeiter: 1 bis 10 | Branche: Lebensmittelverarbeitung / Restaurants | Rechtsform: Aktiengesellschaft'),
('feea3837-09c5-4182-a70f-6415781b3bac', '41536647-df20-4d2f-9839-faef12fc0a55', 'KALTAKQUISE', 'ACTIVE', 0, 'Funktion: Geschäftsführer/in (CEO) | Mitarbeiter: 21 bis 50 | Branche: Life-Science-Industrie | Rechtsform: Aktiengesellschaft'),
('44ad5e6a-a575-4328-bdc2-e3358b1a867f', 'e42e6d70-2a84-458f-9c8b-157e7d76ad3b', 'KALTAKQUISE', 'ACTIVE', 0, 'Funktion: Geschäftsführer/in (CEO) | Mitarbeiter: 1 bis 10 | Branche: Garagen | Rechtsform: Aktiengesellschaft'),
('497d0e68-2e34-4f9c-9994-3177c07243fa', '551b37ed-10e1-4e58-8a6d-5c2afd09f3bf', 'KALTAKQUISE', 'ACTIVE', 0, 'Funktion: Geschäftsführer/in (CEO) | Mitarbeiter: 21 bis 50 | Branche: Online Shops | Rechtsform: Aktiengesellschaft'),
('5e2c5806-d052-468d-a271-70a4d5686f93', '138fdc5c-1c3e-4b33-b015-7c8d568fc04d', 'KALTAKQUISE', 'ACTIVE', 0, 'Funktion: Geschäftsführer/in (CEO) | Mitarbeiter: 101 bis 500 | Branche: Augenarztpraxen / Spitäler & Kliniken / HNO-Arztpraxen | Rechtsform: Aktiengesellschaft'),
('f2f3e40f-63db-422a-bbb4-f1778a6994b4', '9e89c390-16b7-485a-beb5-8462d039b7e5', 'KALTAKQUISE', 'ACTIVE', 0, 'Funktion: Geschäftsführer/in (CEO) | Mitarbeiter: 1 bis 10 | Branche: Architekturbüros / Immobilienvermittlung | Rechtsform: Gesellschaft mit beschränkter Haftung'),
('ecff491a-0c54-4b77-94e2-92d66448fa0e', '5aa56b29-02b8-4adf-808b-8cb40fe53ba9', 'KALTAKQUISE', 'ACTIVE', 0, 'Funktion: Geschäftsführer/in (CEO) | Mitarbeiter: 1 bis 10 | Branche: Divers | Rechtsform: Einzelunternehmen'),
('f661c07d-977e-4e60-bc11-b4567f63d157', 'b4789148-9c11-41b2-a750-24133fde0c79', 'KALTAKQUISE', 'ACTIVE', 0, 'Funktion: Chefredaktion | Mitarbeiter: 1 bis 10 | Branche: Zeitungen & Zeitschriften'),
('f587ef5c-7f5d-4f49-8064-f75847b3dba3', 'b032c74f-bb0d-4707-a7a5-a9ae8a473ca7', 'KALTAKQUISE', 'ACTIVE', 0, 'Funktion: Geschäftsführer/in (CEO) | Mitarbeiter: 1 bis 10 | Branche: Divers | Rechtsform: Aktiengesellschaft'),
('c31c20e1-4ea8-4a53-8114-c7953977a67a', '9e4c1231-438a-4eaf-844b-c76599f75538', 'KALTAKQUISE', 'ACTIVE', 0, 'Funktion: Geschäftsführer/in (CEO) | Mitarbeiter: 1 bis 10 | Branche: Boden- & Plattenleger | Rechtsform: Gesellschaft mit beschränkter Haftung'),
('16ac9c31-ee86-4f7a-8130-2ce7a889b908', '3a252635-0933-4aed-aa3a-166bb628ca69', 'KALTAKQUISE', 'ACTIVE', 0, 'Funktion: Geschäftsführer/in (CEO) | Mitarbeiter: 1 bis 10 | Branche: Druckereibetriebe'),
('8f7ef0cc-cd85-4cc0-833d-efcfc525e42f', '9f1a8cb2-54e5-478e-8433-813b17205ae7', 'KALTAKQUISE', 'ACTIVE', 0, 'Funktion: Geschäftsführer/in (CEO) | Mitarbeiter: 1 bis 10 | Branche: Facility Management & Reinigungsfirmen'),
('55876fc3-e4fb-4409-9e3d-11c2dd302ffe', '4a73e480-72e6-48ec-8354-b54a5ccc066e', 'KALTAKQUISE', 'ACTIVE', 0, 'Funktion: Geschäftsführer/in (CEO) | Mitarbeiter: 11 bis 20 | Branche: Elektroindustrie | Rechtsform: Aktiengesellschaft'),
('fcc940c5-9e37-4986-91ee-717fd7de70ff', '86a77966-af09-46a0-afa8-56d3f8101b87', 'KALTAKQUISE', 'ACTIVE', 0, 'Funktion: Gesamtleitung/Direktion | Mitarbeiter: 1 bis 10 | Branche: Hotels | Rechtsform: Aktiengesellschaft'),
('1e999e44-1402-4cf6-97d3-b5cdc2224a11', '7b584be4-69ed-4dc8-a04f-1e0a953c2be0', 'KALTAKQUISE', 'ACTIVE', 0, 'Funktion: Geschäftsführer/in (CEO) | Mitarbeiter: 1 bis 10 | Branche: Versicherungsbroker & -makler | Rechtsform: Aktiengesellschaft'),
('e4bf64a2-d47b-40e0-838e-31a00dfc258c', 'dc0f7f16-8f0e-47b5-8288-d25803ec90a3', 'KALTAKQUISE', 'ACTIVE', 0, 'Funktion: Geschäftsführer/in (CEO) | Mitarbeiter: 1 bis 10 | Branche: Coiffeursalons'),
('4b202bb0-e0af-48dd-b48a-1e0f8139e7e3', '40d4eaee-132f-4fe3-93ac-8a15c1890584', 'KALTAKQUISE', 'ACTIVE', 0, 'Funktion: Geschäftsführer/in (CEO) | Mitarbeiter: 1 bis 10 | Branche: Clubs, Bars & Eventlocations | Rechtsform: Gesellschaft mit beschränkter Haftung'),
('680ae2a2-d5e4-4ff0-9e08-942fbfcfc1e3', 'cb2a0b83-e6da-4009-97a7-3b6ea39fb352', 'KALTAKQUISE', 'ACTIVE', 0, 'Funktion: Geschäftsführer/in (CEO) | Mitarbeiter: 1 bis 10 | Branche: Coiffeursalons / Kosmetikstudios | Rechtsform: Gesellschaft mit beschränkter Haftung'),
('c637e524-f84d-4c2e-bdcf-674e76388a76', 'aea2e244-b375-4756-bf46-1e53d6a23877', 'KALTAKQUISE', 'ACTIVE', 0, 'Funktion: Geschäftsführer/in (CEO) | Mitarbeiter: 1 bis 10 | Branche: Werbeagenturen | Rechtsform: Aktiengesellschaft'),
('eef6ebc0-8386-4473-9215-2a10601357cf', 'cdd1c44c-1f02-4905-aa25-470c3c126949', 'KALTAKQUISE', 'ACTIVE', 0, 'Funktion: Geschäftsführer/in (CEO) | Mitarbeiter: 1 bis 10 | Branche: Werbeagenturen | Rechtsform: Gesellschaft mit beschränkter Haftung'),
('b981693f-91ee-4626-bb06-8f0af6af589b', 'e7ab2b01-e809-4ed5-9ad2-ee99069ac9b3', 'KALTAKQUISE', 'ACTIVE', 0, 'Funktion: Geschäftsführer/in (CEO) | Mitarbeiter: Mehr als 500 | Branche: Private Equity & Venture Capital Firmen | Rechtsform: Ausländische Niederlassung im Handelsregister eingetragen'),
('5f6678ed-f177-4f03-909e-e906d5bc6162', '3926ca54-f83e-474a-b2ca-4b5363f3e35a', 'KALTAKQUISE', 'ACTIVE', 0, 'Funktion: Geschäftsführer/in (CEO) | Mitarbeiter: 21 bis 50 | Branche: Personalvermittler & -berater | Rechtsform: Ausländische Niederlassung im Handelsregister eingetragen'),
('03ec8a55-90a2-4b37-8940-52424395af75', '0ddb7e8e-95f9-4e0a-b6d7-fbc1bfbe39fe', 'KALTAKQUISE', 'ACTIVE', 0, 'Funktion: Geschäftsführer/in (CEO) | Mitarbeiter: 1 bis 10 | Branche: Elektroplanung & Installation | Rechtsform: Aktiengesellschaft'),
('76e826d8-bbf6-45b6-82eb-d20d89f425b9', 'bca88fa9-5b94-458d-bcf4-81eb1738f9d8', 'KALTAKQUISE', 'ACTIVE', 0, 'Funktion: Geschäftsführer/in (CEO) | Mitarbeiter: 1 bis 10 | Branche: Elektroplanung & Installation'),
('c8aa4b76-45c6-4722-beac-cb5fa6b09cc0', '6d6b7ebd-dd77-4068-9b7b-3f2dff16f154', 'KALTAKQUISE', 'ACTIVE', 0, 'Funktion: Geschäftsführer/in (CEO) | Mitarbeiter: 1 bis 10 | Branche: Garagen | Rechtsform: Gesellschaft mit beschränkter Haftung'),
('18f94dcd-1798-4ba4-9e22-1964086d1a55', '9e83a3f6-a8de-4723-85a7-3de974649f16', 'KALTAKQUISE', 'ACTIVE', 0, 'Funktion: Geschäftsführer/in (CEO) | Mitarbeiter: 1 bis 10 | Branche: Facility Management & Reinigungsfirmen | Rechtsform: Gesellschaft mit beschränkter Haftung'),
('5c0a6d47-f9de-405d-827c-3a925c49cdd8', '44bcafd0-94df-4763-b874-a8e06fa38f03', 'KALTAKQUISE', 'ACTIVE', 0, 'Funktion: Geschäftsführer/in (CEO) | Mitarbeiter: 51 bis 100 | Branche: Maschinenbauindustrie / Online Shops / Top 2''000 CH-Unternehmen | Rechtsform: Aktiengesellschaft'),
('430cba3c-33a6-4286-abb4-5fe3b3db316e', '899453c5-c66e-45f1-b384-a46202c474ef', 'KALTAKQUISE', 'ACTIVE', 0, 'Funktion: Geschäftsführer/in (CEO) | Mitarbeiter: 1 bis 10 | Branche: Coiffeursalons'),
('d8d18f25-b6ee-4091-b185-223132aea7d2', 'afa54b3c-1fc0-4fac-a5d1-06f2870fcbeb', 'KALTAKQUISE', 'ACTIVE', 0, 'Funktion: Geschäftsführer/in (CEO) | Mitarbeiter: 1 bis 10 | Branche: Elektroindustrie | Rechtsform: Gesellschaft mit beschränkter Haftung'),
('b98292be-8aee-4c66-ba0a-855d783649e1', 'fbf2cfc2-817b-4f92-a0c5-de8d853d63ed', 'KALTAKQUISE', 'ACTIVE', 0, 'Funktion: Geschäftsführer/in (CEO) | Mitarbeiter: 1 bis 10 | Branche: Naturheilpraxen | Rechtsform: Gesellschaft mit beschränkter Haftung'),
('d82e3163-c265-434c-9f14-e31b38ed62e1', '1dbc0a09-aab6-417f-8b1f-3617ae007423', 'KALTAKQUISE', 'ACTIVE', 0, 'Funktion: Geschäftsführer/in (CEO) | Mitarbeiter: 1 bis 10 | Branche: Treuhandbüros / Immobilienverwaltung | Rechtsform: Gesellschaft mit beschränkter Haftung'),
('1bf78ea0-91c6-4256-b807-d74172824bd7', '22ca71cf-89b2-4f5a-991b-d62bb72e55d0', 'KALTAKQUISE', 'ACTIVE', 0, 'Funktion: Geschäftsführer/in (CEO) | Mitarbeiter: 11 bis 20 | Branche: Textil- & Möbelindustrie / Schreinerei- & Holzbaubetriebe | Rechtsform: Aktiengesellschaft'),
('a11aae7d-b6d6-4ede-b2de-9a08711649b9', 'bb71631d-33b0-4cbf-9b5c-d1668982fe01', 'KALTAKQUISE', 'ACTIVE', 0, 'Funktion: Geschäftsführer/in (CEO) | Mitarbeiter: 1 bis 10 | Branche: Immobilienvermittlung | Rechtsform: Gesellschaft mit beschränkter Haftung'),
('26e94f63-e32f-40b9-883f-0d2031f49d2e', '35e35f58-3ae8-4133-b90c-dd9400a36504', 'KALTAKQUISE', 'ACTIVE', 0, 'Funktion: Geschäftsführer/in (CEO) | Mitarbeiter: 1 bis 10 | Branche: Restaurants'),
('cb6b0427-5f7f-4e31-ba65-8de2ee8c8ca4', '463b2e3b-4912-45bf-99fb-dfe158eba3c4', 'KALTAKQUISE', 'ACTIVE', 0, 'Funktion: Geschäftsführer/in (CEO) | Mitarbeiter: 21 bis 50 | Branche: Gartenbau & -pflege'),
('5f4836cb-20b9-44f0-bd86-4d196bc796a4', 'e6609c5b-fd03-4bed-a8b5-f803271d7039', 'KALTAKQUISE', 'ACTIVE', 0, 'Funktion: Geschäftsführer/in (CEO) | Mitarbeiter: 101 bis 500 | Branche: Maschinenbauindustrie | Rechtsform: Aktiengesellschaft'),
('62fe4084-54cf-4a2c-a1e2-e25b1ba0c1e3', '644c3487-010f-4e17-8f35-809f479550ad', 'KALTAKQUISE', 'ACTIVE', 0, 'Funktion: Geschäftsführer/in (CEO) | Mitarbeiter: Mehr als 500 | Branche: Top 2''000 CH-Unternehmen | Rechtsform: Aktiengesellschaft'),
('4d515a1d-9841-4559-8629-007f18202e67', '5187bec0-0bc9-4381-afff-015f00a8d1b0', 'KALTAKQUISE', 'ACTIVE', 0, 'Funktion: Geschäftsführer/in (CEO) | Mitarbeiter: 21 bis 50 | Branche: Nachhaltigkeitsbereich | Rechtsform: Gesellschaft mit beschränkter Haftung'),
('6ccd027e-c653-4433-b133-721fdab37005', '7937452a-31f8-47d0-9617-0e87210e654d', 'KALTAKQUISE', 'ACTIVE', 0, 'Funktion: Geschäftsführer/in (CEO) | Mitarbeiter: 1 bis 10 | Branche: Versicherungsbroker & -makler'),
('d871a1d2-ce1a-4b7d-9dda-70559c9e28c0', 'bdf576c2-1e40-410a-a35a-b4b70a63ee11', 'KALTAKQUISE', 'ACTIVE', 0, 'Funktion: Geschäftsführer/in (CEO) | Mitarbeiter: 1 bis 10 | Branche: Clubs, Bars & Eventlocations'),
('92865872-c718-4b93-860e-74abf9ca96d8', '5ca4f8f0-b66b-4c67-8032-80dd860f2cba', 'KALTAKQUISE', 'ACTIVE', 0, 'Funktion: Geschäftsführer/in (CEO) | Mitarbeiter: 1 bis 10 | Branche: Apotheken & Drogerien'),
('098448e5-3d12-4b25-af7d-d81b5960d104', '388ec881-324b-4311-a4a7-82d4b6bc6e53', 'KALTAKQUISE', 'ACTIVE', 0, 'Funktion: Geschäftsführer/in (CEO) | Mitarbeiter: 1 bis 10 | Branche: Clubs, Bars & Eventlocations'),
('abe46317-1010-47ea-bd00-d311705adc08', '09df5449-f35d-46eb-93f3-d6a93106ea9c', 'KALTAKQUISE', 'ACTIVE', 0, 'Funktion: Geschäftsführer/in (CEO) | Mitarbeiter: 1 bis 10 | Branche: Heime beeintr. Personen | Rechtsform: Gesellschaft mit beschränkter Haftung'),
('f7991645-9ae7-4ea3-ae23-fca5ca3bc76e', '68a40333-c418-4b8e-95ea-dcd9c6718356', 'KALTAKQUISE', 'ACTIVE', 0, 'Funktion: Geschäftsführer/in (CEO) | Mitarbeiter: 101 bis 500 | Branche: Apotheken & Drogerien | Rechtsform: Aktiengesellschaft'),
('04e33f30-f9f6-43fb-afba-791708b51612', '601da461-c584-4569-9f84-a893dbed74f9', 'KALTAKQUISE', 'ACTIVE', 0, 'Funktion: Geschäftsführer/in (CEO) | Mitarbeiter: 1 bis 10 | Branche: Apotheken & Drogerien'),
('c2d0a0f7-499c-43ac-9b43-1e03c67330a2', '24c7741d-9a1b-4909-bf5f-07dfef4abc7e', 'KALTAKQUISE', 'ACTIVE', 0, 'Funktion: Geschäftsführer/in (CEO) | Mitarbeiter: 11 bis 20 | Branche: Apotheken & Drogerien | Rechtsform: Aktiengesellschaft'),
('1cc2be13-287a-4d25-81c1-260b9d07270c', '53eee15f-9428-4c86-8436-4ab17dd98348', 'KALTAKQUISE', 'ACTIVE', 0, 'Funktion: Geschäftsführer/in (CEO) | Mitarbeiter: 11 bis 20 | Branche: Apotheken & Drogerien / Testcenter'),
('254df4dd-4356-472c-bb6e-ac8ab0108f82', '18fc158c-fb3d-4469-bd77-42da2188ae02', 'KALTAKQUISE', 'ACTIVE', 0, 'Funktion: Geschäftsführer/in (CEO) | Mitarbeiter: 11 bis 20 | Branche: Apotheken & Drogerien / Testcenter'),
('e0309e0b-6baa-4433-8382-439b5aa5c439', '5c28739a-3b42-437e-bd93-fc15d4c03927', 'KALTAKQUISE', 'ACTIVE', 0, 'Funktion: Geschäftsführer/in (CEO) | Mitarbeiter: 11 bis 20 | Branche: Apotheken & Drogerien'),
('1f1d75d7-1d9e-41a1-a241-2805dc09bf22', 'c50608ce-11cc-4337-a6d4-3771dbe8aa45', 'KALTAKQUISE', 'ACTIVE', 0, 'Funktion: Geschäftsführer/in (CEO) | Mitarbeiter: 11 bis 20 | Branche: Apotheken & Drogerien'),
('f1f236dc-7dea-4816-987f-f8548301f4c2', 'dd106f8a-f4ca-4839-8f66-303a247dd423', 'KALTAKQUISE', 'ACTIVE', 0, 'Funktion: Geschäftsführer/in (CEO) | Mitarbeiter: 1 bis 10 | Branche: Apotheken & Drogerien'),
('7b7094ad-ddf9-4946-92da-319071643d56', '6e216074-ca0e-4662-895f-84ca45ee18b5', 'KALTAKQUISE', 'ACTIVE', 0, 'Funktion: Geschäftsführer/in (CEO) | Mitarbeiter: 1 bis 10 | Branche: Apotheken & Drogerien'),
('16707448-993e-4e37-85fd-d82315d280ff', '2c288bc6-f145-42f4-8283-e57e561ce897', 'KALTAKQUISE', 'ACTIVE', 0, 'Funktion: Geschäftsführer/in (CEO) | Mitarbeiter: 11 bis 20 | Branche: Apotheken & Drogerien'),
('5ca97ea2-c148-4140-a288-4996a79986d6', 'a44c08f0-5dfb-4c5f-8bb5-81c02c20fd4f', 'KALTAKQUISE', 'ACTIVE', 0, 'Funktion: Geschäftsführer/in (CEO) | Mitarbeiter: 1 bis 10 | Branche: Apotheken & Drogerien'),
('6d2cd386-e515-4a1e-843e-1c0f7be3f8b2', '15720d3f-a88a-4f0b-a15d-79a3069ed3b8', 'KALTAKQUISE', 'ACTIVE', 0, 'Funktion: Geschäftsführer/in (CEO) | Mitarbeiter: 11 bis 20 | Branche: Apotheken & Drogerien'),
('eb599b27-ee14-4642-b987-c9c89ff66238', '040b73a5-4a17-47f5-a431-afbea5177c6b', 'KALTAKQUISE', 'ACTIVE', 0, 'Funktion: Geschäftsführer/in (CEO) | Mitarbeiter: 1 bis 10 | Branche: Bau- & Projektmanagement / Immobilienvermittlung | Rechtsform: Gesellschaft mit beschränkter Haftung'),
('c8ee25a0-ce6c-4c8f-b29f-b9ccdca48bde', '818e52ba-3a02-4961-b760-432db2966134', 'KALTAKQUISE', 'ACTIVE', 0, 'Funktion: Geschäftsführer/in (CEO) | Mitarbeiter: 1 bis 10 | Branche: Energieindustrie / Nachhaltigkeitsbereich / Solar & Photovoltaik / Energieversorger | Rechtsform: Gesellschaft mit beschränkter Haftung'),
('341387ef-80ed-4dc8-abf7-2518e2d0553c', 'b4111367-4da7-478a-9a10-7397a16b3ff6', 'KALTAKQUISE', 'ACTIVE', 0, 'Funktion: Geschäftsführer/in (CEO) | Mitarbeiter: 11 bis 20 | Branche: Maschinenbauindustrie | Rechtsform: Aktiengesellschaft'),
('0da84fc3-1fe3-413b-8b06-022543fefe9e', 'dfe37c61-b005-4ef3-802b-5510d822eee1', 'KALTAKQUISE', 'ACTIVE', 0, 'Funktion: Geschäftsführer/in (CEO) | Mitarbeiter: 1 bis 10 | Branche: Garagen | Rechtsform: Aktiengesellschaft'),
('e5e3534c-0ac7-4cda-9e26-a91fe5e2f36e', '6a8f94c9-cc6c-46c9-9980-e6c5d143ed78', 'KALTAKQUISE', 'ACTIVE', 0, 'Funktion: Geschäftsführer/in (CEO) | Mitarbeiter: 1 bis 10 | Branche: Hofläden & Bauernhöfe'),
('8e0b0cf2-83c7-458d-97c6-48d510a568b2', '706f7ec2-207a-447d-bbed-123260733ee8', 'KALTAKQUISE', 'ACTIVE', 0, 'Funktion: Geschäftsführer/in (CEO) | Mitarbeiter: 1 bis 10 | Branche: Hofläden & Bauernhöfe'),
('f4ca4b21-cd1f-4384-930a-72faac2e1232', '9e5cb0d0-2735-4ef1-b494-063dffc6f0f3', 'KALTAKQUISE', 'ACTIVE', 0, 'Funktion: Geschäftsführer/in (CEO) | Mitarbeiter: 1 bis 10 | Branche: Hofläden & Bauernhöfe'),
('0b5d2916-92c6-46fe-8d49-a83b20663a7a', '8c3ac5a2-93c4-4dbf-81a6-7571b9994bac', 'KALTAKQUISE', 'ACTIVE', 0, 'Funktion: Geschäftsführer/in (CEO) | Mitarbeiter: 1 bis 10 | Branche: Hofläden & Bauernhöfe'),
('779ea162-506c-4531-a85a-d3feabeef69e', '31b394ef-4e15-40a0-8171-69c488928a3b', 'KALTAKQUISE', 'ACTIVE', 0, 'Funktion: Geschäftsführer/in (CEO) | Mitarbeiter: 1 bis 10 | Branche: Hofläden & Bauernhöfe'),
('f2dbec1f-054d-4707-bc9a-41b75935725b', '54397d2f-203c-473e-9a62-67ee5ed41d01', 'KALTAKQUISE', 'ACTIVE', 0, 'Funktion: Geschäftsführer/in (CEO) | Mitarbeiter: 1 bis 10 | Branche: Hofläden & Bauernhöfe'),
('e050a125-0f62-4dc0-b175-22e922d5e597', '54245fe3-e35e-4a8d-a4d1-744b7f9c7cb3', 'KALTAKQUISE', 'ACTIVE', 0, 'Funktion: Geschäftsführer/in (CEO) | Mitarbeiter: 1 bis 10 | Branche: Hofläden & Bauernhöfe'),
('301f2d55-2985-40d0-b4ed-04575a7733d0', '83dc1fdc-2172-45d5-a85e-bf6585371db3', 'KALTAKQUISE', 'ACTIVE', 0, 'Funktion: Geschäftsführer/in (CEO) | Mitarbeiter: 1 bis 10 | Branche: Hofläden & Bauernhöfe'),
('3ddb101d-6c05-450d-86b1-50f384c5690a', '91d94376-5fa8-4183-872f-7198cc99cbe7', 'KALTAKQUISE', 'ACTIVE', 0, 'Funktion: Geschäftsführer/in (CEO) | Mitarbeiter: 1 bis 10 | Branche: Hofläden & Bauernhöfe'),
('494734f0-877c-4472-9049-6bf1fa6d87a8', '68175844-7e39-45b2-bd50-611a045e97c0', 'KALTAKQUISE', 'ACTIVE', 0, 'Funktion: Geschäftsführer/in (CEO) | Mitarbeiter: Mehr als 500 | Branche: Spitäler & Kliniken / Top 2''000 CH-Unternehmen | Rechtsform: Aktiengesellschaft'),
('735e9dd0-29c7-4bfe-85ba-e17562fe1252', '1606b779-9284-4b24-a341-1cc2c08a96af', 'KALTAKQUISE', 'ACTIVE', 0, 'Funktion: Mitglied der Geschäftsleitung | Mitarbeiter: 1 bis 10 | Branche: Garagen | Rechtsform: Aktiengesellschaft'),
('69f7296c-5302-4537-9ea0-7253c40de205', 'a38b967f-e5ed-49b3-97d2-d0ab08067632', 'KALTAKQUISE', 'ACTIVE', 0, 'Funktion: Geschäftsführer/in (CEO) | Mitarbeiter: 1 bis 10 | Branche: Versicherungsbroker & -makler | Rechtsform: Gesellschaft mit beschränkter Haftung'),
('8a70995b-3426-4d6b-b338-9522f8120dac', 'e2a540ac-e0c5-4e95-94be-2971e4db40b2', 'KALTAKQUISE', 'ACTIVE', 0, 'Funktion: Geschäftsführer/in (CEO) | Mitarbeiter: 1 bis 10 | Branche: Gartenbau & -pflege | Rechtsform: Aktiengesellschaft'),
('d57f4182-5fbd-4a54-8149-011324192cc0', 'c8ea27fd-5e1a-45b7-b3cd-0303bdf07a80', 'KALTAKQUISE', 'ACTIVE', 0, 'Funktion: Geschäftsführer/in (CEO) | Mitarbeiter: 101 bis 500 | Branche: Alters- & Pflegeheime'),
('1471dbc1-eaa2-4a9a-908f-92076195f738', '8f644e08-2a15-40c6-82ae-3857f1c6f3be', 'KALTAKQUISE', 'ACTIVE', 0, 'Funktion: Geschäftsführer/in (CEO) | Mitarbeiter: 11 bis 20 | Branche: Arztpraxen | Rechtsform: Aktiengesellschaft'),
('56d8a2b2-130d-48a0-8779-7712fc53b725', 'a523c540-f5d0-41f9-a5e3-7227c53ec387', 'KALTAKQUISE', 'ACTIVE', 0, 'Funktion: Geschäftsführer/in (CEO) | Mitarbeiter: 1 bis 10 | Branche: Bauingenieurbüros'),
('a439da63-e1b4-487f-a961-d1e6121d5acd', '241e9bac-9eb6-4c0e-911b-c91bbf36c988', 'KALTAKQUISE', 'ACTIVE', 0, 'Funktion: Geschäftsführer/in (CEO) | Mitarbeiter: 1 bis 10 | Branche: Elektroplanung & Installation | Rechtsform: Aktiengesellschaft'),
('9dfaad12-154f-4714-b796-a71138412106', 'f40dd728-1936-4e90-88a1-39d67583efc3', 'KALTAKQUISE', 'ACTIVE', 0, 'Funktion: Geschäftsführer/in (CEO) | Mitarbeiter: 1 bis 10 | Branche: Architekturbüros | Rechtsform: Gesellschaft mit beschränkter Haftung'),
('9ff7e541-cbe4-4fbd-9a4b-9cece64a0e43', '7f513f57-41d0-4792-ac3a-713683171201', 'KALTAKQUISE', 'ACTIVE', 0, 'Funktion: Geschäftsführer/in (CEO) | Mitarbeiter: 1 bis 10 | Branche: Gartenbau & -pflege'),
('40f44c36-7107-4069-9da5-6f14fd6ba0f3', 'c99252f9-dfaa-444e-9b46-6fba1070b51e', 'KALTAKQUISE', 'ACTIVE', 0, 'Funktion: Geschäftsführer/in (CEO) | Mitarbeiter: 1 bis 10 | Branche: Gartenbau & -pflege'),
('f17a293c-a2a3-4ea1-bdd2-4e1ad52158ff', '46725039-87c9-4d64-b584-eeaaa19c0a52', 'KALTAKQUISE', 'ACTIVE', 0, 'Funktion: Geschäftsführer/in (CEO) | Mitarbeiter: 21 bis 50 | Branche: Gartenbau & -pflege | Rechtsform: Aktiengesellschaft'),
('4680814b-d174-4eb4-bf7a-a92d9322e13f', '2f00c1be-1dcd-45c1-82c9-0e345264022e', 'KALTAKQUISE', 'ACTIVE', 0, 'Funktion: Geschäftsführer/in (CEO) | Mitarbeiter: 11 bis 20 | Branche: Metallbauer | Rechtsform: Gesellschaft mit beschränkter Haftung'),
('61c65639-0e51-4b5d-a7c4-b2b6b536ba3d', '67660947-cb83-4f27-b2ab-b6f360513c8c', 'KALTAKQUISE', 'ACTIVE', 0, 'Funktion: Geschäftsführer/in (CEO) | Mitarbeiter: 1 bis 10 | Branche: Naturheilpraxen | Rechtsform: Einzelunternehmen'),
('3b4eb1f6-7880-4a33-8f37-a286362c9fe5', '2600124c-4458-4b6c-9c03-061fa49bf9b5', 'KALTAKQUISE', 'ACTIVE', 0, 'Funktion: Geschäftsführer/in (CEO) | Mitarbeiter: 1 bis 10 | Branche: Boden- & Plattenleger'),
('6c61a15a-f0f1-42eb-834d-21926f12bc44', '4985041d-7145-4905-9849-beccac0a9e99', 'KALTAKQUISE', 'ACTIVE', 0, 'Funktion: Geschäftsführer/in (CEO) | Mitarbeiter: 1 bis 10 | Branche: Medizintechnik-Industrie | Rechtsform: Gesellschaft mit beschränkter Haftung'),
('b352e195-228f-4563-b089-b9023401f9c2', 'a6e69f77-efd0-4ffe-8753-b24de60a29d9', 'KALTAKQUISE', 'ACTIVE', 0, 'Funktion: Geschäftsführer/in (CEO) | Mitarbeiter: 1 bis 10 | Branche: Hofläden & Bauernhöfe'),
('d05f24f0-6dee-42c4-a8d4-57ef15122177', '4e5f2431-9b33-4b6b-8a59-cec135762d90', 'KALTAKQUISE', 'ACTIVE', 0, 'Funktion: Geschäftsführer/in (CEO) | Mitarbeiter: 1 bis 10 | Branche: Facility Management & Reinigungsfirmen'),
('2145e5c8-e181-443c-a6f7-44a809823fce', '6f92ff77-f375-4367-9e5f-381928ab90ab', 'KALTAKQUISE', 'ACTIVE', 0, 'Funktion: Geschäftsführer/in (CEO) | Mitarbeiter: 1 bis 10 | Branche: Bau- & Projektmanagement | Rechtsform: Ausländische Niederlassung im Handelsregister eingetragen'),
('b0c2d562-11fd-4be4-b0f0-8770710f83b4', '0dd97c73-50a0-48fb-9517-2cdaaa9a5ab0', 'KALTAKQUISE', 'ACTIVE', 0, 'Funktion: Gesamtleitung/Direktion | Mitarbeiter: 1 bis 10 | Branche: Hotels'),
('8fdf551e-2a18-4865-aea5-2514dcd30d3b', 'f9460aa1-521a-4fcc-a542-5b87bfc7077e', 'KALTAKQUISE', 'ACTIVE', 0, 'Funktion: Geschäftsführer/in (CEO) | Mitarbeiter: 1 bis 10 | Branche: Immobilienvermittlung / Bauherrenvertretung | Rechtsform: Gesellschaft mit beschränkter Haftung');

INSERT INTO lead_tags (lead_id, tag_id) VALUES
('a4936e36-31c3-4003-b1b4-472319fe002c', 'ka-b2b'),
('84ec2b42-ff27-46e6-8788-3f46bab4c276', 'ka-b2b'),
('3877d21f-2167-4141-8cb7-655e738495d6', 'ka-b2b'),
('9d33a831-edb9-4d37-8217-0871a2e48964', 'ka-b2b'),
('14266efe-0b09-4125-93bf-bb2d45872935', 'ka-b2b'),
('a4e3e25a-f8b3-4b31-8dbf-f5a49bec76af', 'ka-b2b'),
('bce664e7-c259-49f0-9117-f5b2d5fef167', 'ka-b2b'),
('a1a84e92-e8a4-4b78-862d-b69a967a8f54', 'ka-b2b'),
('059a586f-28fe-4d4e-85a6-01fb25ab0957', 'ka-b2b'),
('b167c0e2-6311-4aed-8912-ee74c160eb7c', 'ka-b2b'),
('b823e01b-0ffe-47a3-a0c7-689161582bfe', 'ka-b2b'),
('cf1a0f7f-0c0c-46dd-be49-44be6dbc1423', 'ka-b2b'),
('49343849-b1e6-4034-bb15-be14bb641d4a', 'ka-b2b'),
('ab5b3f1d-8333-480d-b64e-c4b53faaa882', 'ka-b2b'),
('dc5bfed3-21ca-4db3-be14-8ec98954b99a', 'ka-b2b'),
('cadeea81-e52e-4fcd-a3da-9a70137ec266', 'ka-b2b'),
('4fc8cbf4-27f4-4729-90c7-a2a4d15d50c3', 'ka-b2b'),
('581e0c3f-631b-4116-9bc2-9f61987a0455', 'ka-b2b'),
('adde3bd0-ca71-447c-8814-c28e6e49101f', 'ka-b2b'),
('f53c536a-56eb-4a88-8cdd-9e5ffea42969', 'ka-b2b'),
('edf932fe-39a7-4add-8d38-0105d1380a44', 'ka-b2b'),
('fd0cdac4-49ca-42ce-b269-fb9257c07b36', 'ka-b2b'),
('600acb4c-666b-46b2-906c-9079726761a9', 'ka-b2b'),
('1c8bc201-b85b-4b70-831e-d1df97d4af62', 'ka-b2b'),
('c49377b4-f970-4c90-b8cb-4a2bc1288d28', 'ka-b2b'),
('eb97f623-d0b6-46c8-ad9d-cf0847227a55', 'ka-b2b'),
('3e250422-179c-4042-9ab6-261ade837545', 'ka-b2b'),
('9780a4b1-9737-4e4c-a7af-b08335eba41d', 'ka-b2b'),
('aa916052-5755-4469-baf4-45b58a8c885e', 'ka-b2b'),
('6ff64d92-f161-4025-86b9-1bb38a06ba0e', 'ka-b2b'),
('6146e66e-e807-4308-97eb-e9fab6885299', 'ka-b2b'),
('1eed24c8-20f4-4a23-9a82-f3b638fa7238', 'ka-b2b'),
('279c0e59-c61a-4bac-98f3-e6df92cc67a8', 'ka-b2b'),
('51db1425-0aa6-4a01-a53a-6aea9b73ef6c', 'ka-b2b'),
('9695279d-32bc-41ce-92d6-797ba0c6392b', 'ka-b2b'),
('a361eef6-e6c8-4b80-a660-d53053898a5d', 'ka-b2b'),
('cf1cbf2a-53f3-495a-85fc-005bcdbb1e0b', 'ka-b2b'),
('9efdb0db-6165-4afe-81c5-106abd1bf635', 'ka-b2b'),
('d276add9-a4e1-4045-8b4b-3f64b142fc74', 'ka-b2b'),
('4c2fdb1a-c32e-4b4b-8aaa-e4a314a9cb20', 'ka-b2b'),
('f3dec3c4-3cd6-4250-bd18-0dde985a1e76', 'ka-b2b'),
('22c0e1d5-8223-4c09-9a31-946814ec497e', 'ka-b2b'),
('118c4ee4-854d-453b-845d-ec6eea5138dd', 'ka-b2b'),
('39ed8dde-4623-473d-8d2f-1a17822ff3fb', 'ka-b2b'),
('83e56447-e67c-435b-9081-89d7dbedfcec', 'ka-b2b'),
('0e1739c5-a3dd-459a-957a-12ac0000d78d', 'ka-b2b'),
('2646302a-af0c-433f-bc6f-f7d5f310df95', 'ka-b2b'),
('f3c6612e-e3d2-4093-9d9e-df859126e575', 'ka-b2b'),
('57605e34-3035-429c-b0db-ad1788f2774e', 'ka-b2b'),
('29863e7b-5152-4252-af26-d1540f0d1bc1', 'ka-b2b'),
('8fc97c72-c43e-4b14-a7b9-60e3e6cd558e', 'ka-b2b'),
('260f1820-1682-474e-904b-4cef8e41a651', 'ka-b2b'),
('dc80166d-01bd-4693-b6b1-bdd26bcb73cc', 'ka-b2b'),
('f58075c6-ce91-42d2-8ce9-f709d39e311a', 'ka-b2b'),
('beb1f754-5823-469a-9533-9e224c887f98', 'ka-b2b'),
('5fe13084-4cb0-4f41-8f7f-f8a7ef7e0f11', 'ka-b2b'),
('304511ad-6a92-47d8-b584-274a021804f0', 'ka-b2b'),
('c1091426-ec8e-47f6-ab60-70ea814f6891', 'ka-b2b'),
('559e96a2-450c-4bc3-aa87-6a369541e4b8', 'ka-b2b'),
('ed768b2d-bdeb-4b49-8304-d95fd9883e5b', 'ka-b2b'),
('04ca9289-3b50-4102-8535-378942fc8fe4', 'ka-b2b'),
('8e749995-54f0-4040-b2b4-0645fa89d138', 'ka-b2b'),
('69d78e6d-8479-4516-a5c7-04408974b7f4', 'ka-b2b'),
('51497e57-8008-4d41-b9bb-e46e322cefb0', 'ka-b2b'),
('df5300bf-dac2-41bc-b813-62e5179afaa1', 'ka-b2b'),
('4f6a361e-8e6f-42e7-9095-052bf10f4448', 'ka-b2b'),
('9a2d6064-ff82-472e-9341-882fc71faca5', 'ka-b2b'),
('4a94f770-0606-45dc-b2ce-c4ab5ca5d927', 'ka-b2b'),
('98dc425b-7b5c-4f74-834e-bc25304cc547', 'ka-b2b'),
('959b229e-7b19-404d-9c58-4f9157043fdf', 'ka-b2b'),
('f24b86e1-4290-4448-b324-36da8172de86', 'ka-b2b'),
('8cdff470-2f47-4cad-a22d-e364343205c3', 'ka-b2b'),
('1e9694d5-7b70-4a00-826b-c69601e08756', 'ka-b2b'),
('06212592-48e6-4dcd-afa1-146c14e8e967', 'ka-b2b'),
('bbc67ecd-e64e-4525-b950-80d501701745', 'ka-b2b'),
('ad82cdaf-665a-4728-9f03-b1dbee0ca693', 'ka-b2b'),
('395c3f79-1d6b-4175-a5c4-dca31f943fb5', 'ka-b2b'),
('dbddbfff-7f56-4137-a8f8-eac6130937dd', 'ka-b2b'),
('bd347fa6-ef92-497c-b0e8-dcfbe16fc1ea', 'ka-b2b'),
('1ae926d1-14b6-4c8e-8ed1-dfa9a5088d44', 'ka-b2b'),
('802d48aa-e7f3-4772-8855-e40e36e40b2f', 'ka-b2b'),
('09ec33e8-1a24-407a-a908-f0fb6ca08a1a', 'ka-b2b'),
('9d615756-4519-4385-80d5-a807ade87665', 'ka-b2b'),
('74cc9647-4d6a-4b08-9928-bdfcbce76cde', 'ka-b2b'),
('29587eaa-9937-4d8f-861e-fa37b2a52380', 'ka-b2b'),
('a1698fa0-5398-47ff-886c-225a8c9cec03', 'ka-b2b'),
('0ce068d5-5dc5-4637-aafd-0990100fd5bb', 'ka-b2b'),
('d4030493-c37d-4fae-bad8-221069ea1e9a', 'ka-b2b'),
('9ba02f71-71af-491b-8131-753f5e15f4b3', 'ka-b2b'),
('b53ceea6-a4aa-4f3a-8dfc-80645bfcde39', 'ka-b2b'),
('9e2aed0d-1a5b-4752-8b90-b5dfadf5a985', 'ka-b2b'),
('88e66672-5e01-432a-8878-32cc25deaa35', 'ka-b2b'),
('a7042e12-2954-4fdc-ab85-a66aa77f7005', 'ka-b2b'),
('b48a1230-40e4-409c-8477-667c45a5b0a6', 'ka-b2b'),
('f04b2ef4-4a23-4caa-ad4c-4bb98e7317e9', 'ka-b2b'),
('12fcff52-b5be-489e-a581-201e207d3083', 'ka-b2b'),
('9c70e291-a4aa-4af3-b169-5132c57ac9ff', 'ka-b2b'),
('7b3a7276-31b7-4925-a5c9-27c9bc2dbc23', 'ka-b2b'),
('b0de8376-db65-4b75-8ecb-784a231d4335', 'ka-b2b'),
('1be3500b-e5d6-42b6-8a55-86ab7337814b', 'ka-b2b'),
('9cdfe4ed-6519-4d17-9f91-c575d0039d96', 'ka-b2b'),
('3072b78a-ad9f-4c27-9a68-99f4302f1574', 'ka-b2b'),
('93d7d155-3f1b-4312-a525-1117899481e3', 'ka-b2b'),
('4921e072-4db9-4527-beda-a5ca70e248e8', 'ka-b2b'),
('b2c1a04f-df9a-4280-ad21-37679c60e615', 'ka-b2b'),
('e6d04bfd-6d61-4066-b46b-6665a3eb305b', 'ka-b2b'),
('9b245f56-d273-418b-975a-7991a147b923', 'ka-b2b'),
('a52213aa-4e3c-40ce-a41a-939a54549424', 'ka-b2b'),
('dfd72246-d695-4a8b-bc0f-dfbd0e3521c8', 'ka-b2b'),
('b5fba4d4-a1a9-4491-b6b0-1bace23f8139', 'ka-b2b'),
('5266e99e-1bbf-4ec4-8ba7-9cab4083ef94', 'ka-b2b'),
('d8edcad0-a2f8-424e-97cb-ef980c3855e8', 'ka-b2b'),
('feea3837-09c5-4182-a70f-6415781b3bac', 'ka-b2b'),
('44ad5e6a-a575-4328-bdc2-e3358b1a867f', 'ka-b2b'),
('497d0e68-2e34-4f9c-9994-3177c07243fa', 'ka-b2b'),
('5e2c5806-d052-468d-a271-70a4d5686f93', 'ka-b2b'),
('f2f3e40f-63db-422a-bbb4-f1778a6994b4', 'ka-b2b'),
('ecff491a-0c54-4b77-94e2-92d66448fa0e', 'ka-b2b'),
('f661c07d-977e-4e60-bc11-b4567f63d157', 'ka-b2b'),
('f587ef5c-7f5d-4f49-8064-f75847b3dba3', 'ka-b2b'),
('c31c20e1-4ea8-4a53-8114-c7953977a67a', 'ka-b2b'),
('16ac9c31-ee86-4f7a-8130-2ce7a889b908', 'ka-b2b'),
('8f7ef0cc-cd85-4cc0-833d-efcfc525e42f', 'ka-b2b'),
('55876fc3-e4fb-4409-9e3d-11c2dd302ffe', 'ka-b2b'),
('fcc940c5-9e37-4986-91ee-717fd7de70ff', 'ka-b2b'),
('1e999e44-1402-4cf6-97d3-b5cdc2224a11', 'ka-b2b'),
('e4bf64a2-d47b-40e0-838e-31a00dfc258c', 'ka-b2b'),
('4b202bb0-e0af-48dd-b48a-1e0f8139e7e3', 'ka-b2b'),
('680ae2a2-d5e4-4ff0-9e08-942fbfcfc1e3', 'ka-b2b'),
('c637e524-f84d-4c2e-bdcf-674e76388a76', 'ka-b2b'),
('eef6ebc0-8386-4473-9215-2a10601357cf', 'ka-b2b'),
('b981693f-91ee-4626-bb06-8f0af6af589b', 'ka-b2b'),
('5f6678ed-f177-4f03-909e-e906d5bc6162', 'ka-b2b'),
('03ec8a55-90a2-4b37-8940-52424395af75', 'ka-b2b'),
('76e826d8-bbf6-45b6-82eb-d20d89f425b9', 'ka-b2b'),
('c8aa4b76-45c6-4722-beac-cb5fa6b09cc0', 'ka-b2b'),
('18f94dcd-1798-4ba4-9e22-1964086d1a55', 'ka-b2b'),
('5c0a6d47-f9de-405d-827c-3a925c49cdd8', 'ka-b2b'),
('430cba3c-33a6-4286-abb4-5fe3b3db316e', 'ka-b2b'),
('d8d18f25-b6ee-4091-b185-223132aea7d2', 'ka-b2b'),
('b98292be-8aee-4c66-ba0a-855d783649e1', 'ka-b2b'),
('d82e3163-c265-434c-9f14-e31b38ed62e1', 'ka-b2b'),
('1bf78ea0-91c6-4256-b807-d74172824bd7', 'ka-b2b'),
('a11aae7d-b6d6-4ede-b2de-9a08711649b9', 'ka-b2b'),
('26e94f63-e32f-40b9-883f-0d2031f49d2e', 'ka-b2b'),
('cb6b0427-5f7f-4e31-ba65-8de2ee8c8ca4', 'ka-b2b'),
('5f4836cb-20b9-44f0-bd86-4d196bc796a4', 'ka-b2b'),
('62fe4084-54cf-4a2c-a1e2-e25b1ba0c1e3', 'ka-b2b'),
('4d515a1d-9841-4559-8629-007f18202e67', 'ka-b2b'),
('6ccd027e-c653-4433-b133-721fdab37005', 'ka-b2b'),
('d871a1d2-ce1a-4b7d-9dda-70559c9e28c0', 'ka-b2b'),
('92865872-c718-4b93-860e-74abf9ca96d8', 'ka-b2b'),
('098448e5-3d12-4b25-af7d-d81b5960d104', 'ka-b2b'),
('abe46317-1010-47ea-bd00-d311705adc08', 'ka-b2b'),
('f7991645-9ae7-4ea3-ae23-fca5ca3bc76e', 'ka-b2b'),
('04e33f30-f9f6-43fb-afba-791708b51612', 'ka-b2b'),
('c2d0a0f7-499c-43ac-9b43-1e03c67330a2', 'ka-b2b'),
('1cc2be13-287a-4d25-81c1-260b9d07270c', 'ka-b2b'),
('254df4dd-4356-472c-bb6e-ac8ab0108f82', 'ka-b2b'),
('e0309e0b-6baa-4433-8382-439b5aa5c439', 'ka-b2b'),
('1f1d75d7-1d9e-41a1-a241-2805dc09bf22', 'ka-b2b'),
('f1f236dc-7dea-4816-987f-f8548301f4c2', 'ka-b2b'),
('7b7094ad-ddf9-4946-92da-319071643d56', 'ka-b2b'),
('16707448-993e-4e37-85fd-d82315d280ff', 'ka-b2b'),
('5ca97ea2-c148-4140-a288-4996a79986d6', 'ka-b2b'),
('6d2cd386-e515-4a1e-843e-1c0f7be3f8b2', 'ka-b2b'),
('eb599b27-ee14-4642-b987-c9c89ff66238', 'ka-b2b'),
('c8ee25a0-ce6c-4c8f-b29f-b9ccdca48bde', 'ka-b2b'),
('341387ef-80ed-4dc8-abf7-2518e2d0553c', 'ka-b2b'),
('0da84fc3-1fe3-413b-8b06-022543fefe9e', 'ka-b2b'),
('e5e3534c-0ac7-4cda-9e26-a91fe5e2f36e', 'ka-b2b'),
('8e0b0cf2-83c7-458d-97c6-48d510a568b2', 'ka-b2b'),
('f4ca4b21-cd1f-4384-930a-72faac2e1232', 'ka-b2b'),
('0b5d2916-92c6-46fe-8d49-a83b20663a7a', 'ka-b2b'),
('779ea162-506c-4531-a85a-d3feabeef69e', 'ka-b2b'),
('f2dbec1f-054d-4707-bc9a-41b75935725b', 'ka-b2b'),
('e050a125-0f62-4dc0-b175-22e922d5e597', 'ka-b2b'),
('301f2d55-2985-40d0-b4ed-04575a7733d0', 'ka-b2b'),
('3ddb101d-6c05-450d-86b1-50f384c5690a', 'ka-b2b'),
('494734f0-877c-4472-9049-6bf1fa6d87a8', 'ka-b2b'),
('735e9dd0-29c7-4bfe-85ba-e17562fe1252', 'ka-b2b'),
('69f7296c-5302-4537-9ea0-7253c40de205', 'ka-b2b'),
('8a70995b-3426-4d6b-b338-9522f8120dac', 'ka-b2b'),
('d57f4182-5fbd-4a54-8149-011324192cc0', 'ka-b2b'),
('1471dbc1-eaa2-4a9a-908f-92076195f738', 'ka-b2b'),
('56d8a2b2-130d-48a0-8779-7712fc53b725', 'ka-b2b'),
('a439da63-e1b4-487f-a961-d1e6121d5acd', 'ka-b2b'),
('9dfaad12-154f-4714-b796-a71138412106', 'ka-b2b'),
('9ff7e541-cbe4-4fbd-9a4b-9cece64a0e43', 'ka-b2b'),
('40f44c36-7107-4069-9da5-6f14fd6ba0f3', 'ka-b2b'),
('f17a293c-a2a3-4ea1-bdd2-4e1ad52158ff', 'ka-b2b'),
('4680814b-d174-4eb4-bf7a-a92d9322e13f', 'ka-b2b'),
('61c65639-0e51-4b5d-a7c4-b2b6b536ba3d', 'ka-b2b'),
('3b4eb1f6-7880-4a33-8f37-a286362c9fe5', 'ka-b2b'),
('6c61a15a-f0f1-42eb-834d-21926f12bc44', 'ka-b2b'),
('b352e195-228f-4563-b089-b9023401f9c2', 'ka-b2b'),
('d05f24f0-6dee-42c4-a8d4-57ef15122177', 'ka-b2b'),
('2145e5c8-e181-443c-a6f7-44a809823fce', 'ka-b2b'),
('b0c2d562-11fd-4be4-b0f0-8770710f83b4', 'ka-b2b'),
('8fdf551e-2a18-4865-aea5-2514dcd30d3b', 'ka-b2b');
