-- Batch 228 (200 records)
INSERT INTO contacts (id, first_name, last_name, email, phone, company, address) VALUES
('722d009b-3857-440e-8d72-ed99664005b7', 'Tamara', 'Gygax', 'info@kinderkrippe-zaubergarten.ch', '062 897 28 90', 'Kinderkrippe Zaubergarten GmbH', 'Holunderweg 2, 5102 Rupperswil, Aargau'),
('d32da9a9-4b2e-4241-a769-d8c11147bc8a', 'Susi', 'Baumann', 'sue4baum@gmail.com', '079 103 39 60', 'Kinderkrippe Zauberland', 'Seonerstrasse 37, 5600 Lenzburg, Aargau'),
('d15266d6-7f32-498c-a0ea-433e4ef8ffe9', 'Raphaela', 'Pilia', 'kinderkrippe-zauberschloss@hotmail.com', '044 462 85 78', 'Kinderkrippe Zauberschloss', 'Schrennengasse 21, 8003 Zürich, Zürich'),
('cf4a2967-46db-423e-b7b0-b42e3fa74835', 'Marisa', 'Blättler', 'info@zipfelmuetze.ch', '041 360 61 63', 'Kinderkrippe Zipfelmütze', 'Schützenstrasse 8, 6004 Luzern, Luzern'),
('ca60c532-6da4-4a65-a697-262630d53d14', 'Angela', 'Vogt', 'buelach@krippezoo.ch', '043 931 51 70', 'Kinderkrippe Zoo - Bülach', 'Winterthurerstrasse 36, 8180 Bülach, Zürich'),
('821abcbf-e118-463c-877b-86578350f8d8', 'Carmen', 'Burri', 'duebendorf@krippezoo.ch', '043 931 51 70', 'Kinderkrippe ZOO Dübendorf', 'Ueberlandstrasse 198, 8600 Dübendorf, Zürich'),
('514e61fb-f48d-4cfe-ab15-295c160d679c', 'Anja', 'Camenzind', 'zwaergehuus@abbkinderkrippen.ch', '044 313 07 11', 'Kinderkrippe Zwärgehuus', 'Allmannstrasse 4, 8050 Zürich, Zürich'),
('398c5763-f88b-4ea1-a4e4-8eaff0762127', 'Helena', 'Wegner', 'kita.zwaergenaescht12@gmail.com', '032 505 25 78', 'Kinderkrippe Zwärgenäscht Valente', 'Spärsstrasse 2, 2562 Port, Bern'),
('02e0feff-3c88-430f-9199-855446b8a321', 'Mayuri', 'Thirukeswaran', 'info@zyp.ch', '043 321 81 79', 'Kinderkrippe Zypresse', 'Zentralstrasse 140, 8003 Zürich, Zürich'),
('695adc45-cb66-4b7b-b427-a0154354a518', 'Anke', 'Buchholz', 'blaesikrippe@blaesistift.ch', '061 685 94 40', 'Kinderkrippen Bläsikrippe', 'Bläsiring 97, 4057 Basel, Basel-Stadt'),
('8c2752f3-31f8-4886-8d71-4d7f39b4dd8a', 'Susi', 'Meier', 'camaeleon@abbkinderkrippen.ch', '056 210 99 25', 'Kinderkrippen Camäleon', 'Mellingerstrasse 128, 5400 Baden, Aargau'),
('928691b4-0aae-4dc1-84d4-b7fad7abdb6c', 'Beatrix', 'Dietsche', 'beatrix.dietsche@s-d-m.ch', 'N.a.', 'Kinderkrippen SDM', 'Wieslistrasse 18, 9434 Au, St. Gallen'),
('4ad8c8cf-0601-4e21-b0fe-3b88f59e9dcb', 'Margrit', 'Risch', 'geschaeftsleitung@kkvd.ch', '079 430 94 43', 'Kinderkrippenverein Dietikon', 'Kronenplatz 9, 8953 Dietikon, Zürich'),
('8481db4d-12f2-4d48-b73f-df5767ac6374', 'Lisa', 'Müller-Meyer', 'mueller-meyer@gmx.ch', '079 681 41 54', 'Kinderkulturhaus', 'Stutzstrasse 44, 6005 St. Niklausen, Luzern'),
('9eefee15-b2cb-4746-a36e-fd1970460d2e', 'Tanja Sarina', 'Weber', 'solothurn@babyring.ch', '032 531 05 37', 'Kinderladen ELF', 'Hauptgasse 18, 4500 Solothurn, Solothurn'),
('d2acd900-e212-4c6a-8974-baa4786014d9', 'Pius', 'Steinmann-Neeser', 'info@kinderland.ch', '062 749 22 00', 'Kinderland NEESER AG', 'Höchfluh 4, 6260 Reiden, Luzern'),
('165f7f43-020e-4563-97e4-8bf7912c50cb', 'Melanie', 'Ostertag-Schild', 'melanie.schild@bluewin.ch', '056 610 55 14', 'Kinderlaube GmbH', 'Niederwilerstrasse 9, 5524 Nesselnbach, Aargau'),
('d5d6ada3-1a78-4d53-bfd2-7efee54cc00f', 'Christina', 'Buholzer', 'contact@kinderloft.ch', '044 552 16 10', 'Kinderloft Zwicky', 'Am Wasser 6, 8600 Dübendorf, Zürich'),
('7eed2557-9250-4b2d-8de2-e01dbcb4e507', 'Faruk', 'Hadziselimovic', 'praxis@kindermedizin-zentrum.ch', '061 927 90 90', 'Kindermedizinisches Zentrum', 'Bahnhofplatz 11, 4410 Liestal, Basel-Land'),
('7824ca28-e8c6-42de-847e-6fb97badf2e8', 'Silvano', 'Vella', 'silvano.vella@hin.ch', '031 300 89 63', 'Kinderneurologische Praxis', 'Bremgartenstrasse 115, 3001 Bern, Bern'),
('28afc1f7-e38b-4a7c-8b1d-2a76dd98637a', 'Stephanie', 'Gulino', 'info@kinder-oase.com', '061 321 05 75', 'Kinder-Oase', 'Sundgauerstrasse 2, 4055 Basel, Basel-Stadt'),
('12e267e3-0180-4afa-8544-b06cc3e82d4c', 'Barbara', 'Cook', 'barbara.cook@kinderoasen.ch', '076 424 07 01', 'KinderOasen.ch', 'Dorfstrasse 16, 5436 Würenlos, Aargau'),
('f92144f1-ab2a-490f-8b54-773f8e97a9af', 'Katja', 'Gertsch', 'katja.gertsch@kinder-online-shop.ch', '079 514 42 81', 'Kinder-Online-Shop GmbH', 'Städeliweg 6, 9220 Bischofszell, Thurgau'),
('c8c2db54-162f-497c-a3f9-95e3ef5002bd', 'Xenia', 'Marbler', 'kinderphysio.marbler@me.com', '079 885 80 12', 'Kinderphysio am Pfannenstiel', 'Gewerbestrasse 12, 8132 Egg b. Zürich, Zürich'),
('052c9a56-5a0f-4d0b-9ed3-c08bf043f3be', 'Bettina', 'Grünenfelder', 'bettina@kinderphysio.gl', '055 612 45 40', 'Kinderphysio Glarnerland', 'Rastenhoschet 2, 8752 Näfels, Glarus'),
('72efe79c-dba1-42a4-a385-be82a3d3ada4', 'Marianne', 'Sauser', 'sauser.kinderphysio@gmail.com', '079 622 36 59', 'Kinderphysio Marianne Sauser', 'Talackerstrasse 47, 3604 Thun, Bern'),
('5325416f-2de6-4a10-b42a-0b94866b0b9a', 'Nicole', 'Näf Richiger', 'naef.kinderphysioteam@physio-hin.ch', '077 495 94 72', 'KinderPhysio Team', 'Bohnygasse 1, 4460 Gelterkinden, Basel-Land'),
('5c67ee32-2421-46a0-9ca1-9a101c1781d8', 'Annelies', 'Filart', 'info@kinderphysio-seetal.ch', '041 911 06 20', 'Kinderphysio-Seetal', 'Hofderer Feld 68, 6280 Hochdorf, Luzern'),
('54548a6a-83aa-41e3-b26b-4277c0ca7ff9', 'Barbara', 'Graf Eckert', 'barbara.graf@physio-hin.ch', '076 475 06 58', 'Kinderphysiotherapie Barbara Graf Eckert', 'Trottenwiesenstrasse 2, 8404 Winterthur, Zürich'),
('0d53a454-b579-4619-8894-ecdb745416b4', 'Beatrice', 'Hegi', 'beatrice.hegi@kinderphysio-bs.ch', '061 373 37 00', 'Kinderphysiotherapie Basel', 'Sternengasse 23, 4051 Basel, Basel-Stadt'),
('908da84d-9926-4806-9b60-1335241b6816', 'Ellen', 'Wulfers', 'info@kinderphysio.com', '056 493 10 04', 'Kinderphysiotherapie Ellen Wulfers GmbH', 'Bernardastrasse 38, 5442 Fislisbach, Aargau'),
('595c9bf6-e4a0-4bec-bee1-5b8d60560933', 'Katharina', 'Huber', 'katharina_huber@bluewin.ch', '078 817 06 40', 'Kinderphysiotherapie Gossau', 'St.Gallerstrasse 25, 9200 Gossau, St. Gallen'),
('f68388d4-3b76-44e2-a396-cd022f8ed752', 'Jacqueline', 'Martucci', 'jmartucci@bluewin.ch', '061 481 05 22', 'Kinderphysiotherapie Jacqueline Martucci', 'Dürrenmattweg 80, 4123 Allschwil, Basel-Land'),
('802fd907-99d4-4347-a936-3f8e7ff0dc44', 'Ursula', 'Laager', 'praxis@kinderphysio-laager.ch', '061 703 96 40', 'Kinderphysiotherapie Laager', 'Schalampyweg 2, 4144 Arlesheim, Basel-Land'),
('6bf245f3-9ea7-4189-a8ef-9cef5999794d', 'Christina', 'Spiess', 'kinderphysio.piccolo@hin.ch', '031 922 42 43', 'Kinderphysiotherapie Piccolo', 'Gartenstrasse 1, 3063 Ittigen, Bern'),
('2e5f0b93-3c00-41a2-9b4b-f91dbb6eec0a', 'Rita', 'Joller-Walser', 'r.joller@kinderphysio-therapie.ch', '056 610 60 77', 'Kinderphysiotherapie Rita Joller-Walser', 'Bärengässli 7, 5610 Wohlen, Aargau'),
('50e1aab4-f040-496d-883e-e309ad143b7e', 'Roswita', 'Roth', 'physio.roro@physio-hin.ch', '031 761 34 33', 'Kinderphysiotherapie Roswitha Roth', 'Bimerweg 34, 3303 Jegenstorf, Bern'),
('589cb931-7596-4529-8efa-66053f484088', 'Brigitte', 'Hürzeler Hepting', 'tivoli@physio-hin.ch', '081 258 44 28', 'Kinderphysiotherapie Tivoli', 'Tivolistrasse 3/7, 7000 Chur, Graubünden'),
('a6d74e74-f0d6-4935-ab06-46006111c666', 'Annemieke', 'Lamar', 'info@kinderphysiowil.ch', '071 920 12 12', 'Kinderphysiotherapie Wil', 'Churfirstenstrasse 54, 9500 Wil, St. Gallen'),
('62ad4143-aa20-442f-a36a-735219095ed7', 'Karin', 'Hoyler', 'info@kinderpneumologie-horgen.ch', '043 810 42 64', 'Kinderpneumologie Horgen', 'Seestrasse 278, 8810 Horgen, Zürich'),
('7f1192ca-3722-44b9-8a35-0910c9bc142c', 'Gian', 'Bischoff', 'info@kinderpraxis-altstetten.ch', '043 343 04 37', 'Kinderpraxis Altstetten', 'Hohlstrasse 473, 8048 Zürich, Zürich'),
('8c514a8d-abb8-422c-a46c-61266d1ed928', 'Renate', 'Strebel Caflisch', 'kinderpraxis-baden@hin.ch', '056 221 59 16', 'Kinderpraxis Baden', 'Bahnhofplatz 4, 5400 Baden, Aargau'),
('794d9cbd-e938-4a1a-8061-a1a58cf125da', 'Andrea', 'Stritt', 'info@kinderpraxisduedingen.ch', '026 493 33 88', 'Kinderpraxis Düdingen', 'Hauptstrasse 44, 3186 Düdingen, Fribourg/Freiburg'),
('018a95a1-d379-4062-90e4-5aacedbdf144', 'Lisa', 'Rathgeb', 'praxis@kinderpraxis-kunterbunt.ch', '044 242 33 44', 'kinderpraxis kunterbunt', 'Erismannstrasse 38, 8004 Zürich, Zürich'),
('b12987e8-ab06-4527-a9cf-6f17f4673a6a', 'Anastasia', 'Dimitropoulos', 'kap.obertor8@hin.ch', '052 209 03 80', 'Kinderpraxis Obertor', 'Obertor 8, 8400 Winterthur, Zürich'),
('987359e4-3fb0-4498-81a6-77133c5a5230', 'Brigitte', 'Niederer Blatter', 'brigitte.niederer@kinderarztpraxis-olten.ch', '062 206 00 60', 'kinderpraxis Olten Stadt', 'Leberngasse 7, 4600 Olten, Solothurn'),
('c0324506-6cdf-4bf6-b319-d0e17d91cdc1', 'Berit', 'Saupe', 'berit.saupe@physio-hin.ch', '076 419 06 28', 'Kinderpraxis Physio Wiedikon', 'Wilerstrasse 57, 9536 Schwarzenbach, St. Gallen'),
('596e2178-3801-471f-8e04-da433dab98cb', 'Markus', 'Good', 'kinderpraxissafari@hin.ch', '044 862 08 09', 'Kinderpraxis Safari', 'Grabenstrasse  4b, 8184 Bachenbülach, Zürich'),
('14a22b04-7b46-471c-97e6-0d18e179c408', 'Christian', 'Knoll', 'pediatrie-seeland@hin.ch', 'N.a.', 'Kinderpraxis Seeland', 'Verresiusstrasse 18, 2502 Biel/Bienne, Bern'),
('745eaa0d-c729-4fb1-a359-a062e8167313', 'Franziska', 'Villiger-Theiler', 'info@kinderpraxis-sulperg.ch', '056 427 97 97', 'Kinderpraxis Sulperg', 'Bifangstrasse 56, 5430 Wettingen, Aargau'),
('7d8d4ca9-ff31-4d74-8e17-3aa14f7667ca', 'Jeanine', 'Beauge-Bregy', 'info@kinderpraxis-toctoc.ch', '032 625 50 60', 'Kinderpraxis TocToc', 'Bielstrasse 32, 4500 Solothurn, Solothurn'),
('ecb7a4ae-f9a3-4c80-9a45-0b01957fdb05', 'Marc', 'Lehmann', 'kinderpraxisuetendorf@hin.ch', '033 345 00 33', 'Kinderpraxis Uetendorf AG', 'Glütschbachstrasse 100, 3661 Uetendorf, Bern'),
('0db832ae-4299-4bfe-83aa-81ede9ab82c1', 'Stephanie', 'Stücheli-Herlach', 'kinderpraxisuster@hin.ch', '043 444 23 33', 'Kinderpraxis Uster', 'Winterthurerstrasse 18a, 8610 Uster, Zürich'),
('2272e58b-a2cb-4841-9051-a883c9098c7e', 'Barbara', 'Jean-Richard', 'info@kinderpraxis-waedi.ch', '044 780 00 03', 'Kinderpraxis Wädi', 'Schönenbergstrasse 6, 8820 Wädenswil, Zürich'),
('11d05e23-083d-432f-80ed-a5f2e3fb7ae4', 'Robert', 'Hochstrasser', 'mpa.witikon@hin.ch', '044 381 11 70', 'Kinderpraxis Witikon GmbH', 'Witikonerstrasse 221, 8053 Zürich, Zürich'),
('90553312-82be-4bfb-a058-6bcb849237aa', 'Regula', 'Bernhard Hug', 'regula.bernhard-hug@kinderschutz.ch', '031 384 29 05', 'Kinderschutz Schweiz', 'Schlösslistrasse 9a, 3008 Bern, Bern'),
('807bcce7-09a6-4cb6-bec8-585f16b672a1', 'Barbara', 'Costantino', 'info@kinderspielgruppen-murten.ch', '026 670 58 13', 'Kinderspielgruppen Murten', 'Gotthelfstrasse 17, 3280 Murten, Fribourg/Freiburg'),
('95eb30d1-0793-4561-bf5c-e0e2cdc5a170', 'Johanna', 'Beykirch', 'johanna.beykirch@kispi.uzh.ch', '044 266 80 78', 'Kinderspital UZH Zürich - Psychologische Abteilung', 'Steinwiesstrasse 75, 8032 Zürich, Zürich'),
('44069d3a-e15c-4a64-9db5-a743f84e83f8', 'Claudia', 'Von Arx', 'info@kindersprachclub.ch', '079 196 63 17', 'Kindersprachclub Langenthal', 'Schulhausstrasse 2a, 4900 Langenthal, Bern'),
('f45922d9-800e-44ff-b67c-b5769cf91fb3', 'Corinne', 'Julen', 'regenbogen@fea-zermatt.ch', '027 967 72 52', 'Kinderstätte Rägeboge', 'Spissstrasse 23, 3920 Zermatt, Wallis/Valais'),
('f7bf7df6-9f5a-4a61-9cb9-40c8b19568e2', 'Sebastiana', 'Balosetti-Bonanno', 'info@kita-rotchaeppli.ch', '079 822 20 84', 'Kindertagesheim ''Rotchäppli''', 'Mayenfelserstrasse 74, 4133 Pratteln, Basel-Land'),
('1cfa5223-6db6-4cd4-8fcf-56dd65d144da', 'Kerstin', 'Camenisch', 'ammunot@frauenverein-sh.ch', '052 632 24 22', 'Kindertagesstätte am Munot', 'Pestalozzistrasse 20, 8200 Schaffhausen, Schaffhausen'),
('a5661b48-c6a1-4ba9-8754-7028bcbc805f', 'Cindy', 'Keller', 'g@kita-baerenhoehle.ch', '052 722 30 05', 'Kindertagesstätte Bärenhöhle Gerlikon', 'Oberwilerstrasse 9, 8500 Gerlikon, Thurgau'),
('fff68387-740f-405c-a7b6-75ef8991aafa', 'Nadine', 'Meili', 'm@kita-baerenhoehle.ch', '052 722 30 75', 'Kindertagesstätte Bärenhöhle Mühletobel', 'Mühletobelstrasse 11, 8500 Frauenfeld, Thurgau'),
('e336f64d-27fb-4cb9-9581-c24f0b4af311', 'Sina', 'Nufer', 's@kita-baerenhoehle.ch', '052 722 30 70', 'Kindertagesstätte Bärenhöhle Stadtgarten', 'Stadtgartenweg 5, 8500 Frauenfeld, Thurgau'),
('21e7be46-0c1a-4513-ae49-18ff2af227c8', 'Silvia', 'Burkhalter', 'silvia.burkhalter@spital.so.ch', '032 627 47 60', 'Kindertagesstätte Bürgerspital', 'Schöngrünstrasse 38b, 4500 Solothurn, Solothurn'),
('2a4df2f5-3c99-40a3-abbe-f4b52dfb1eb4', 'Kerstin', 'Reissig', 'info@chaeferstube.ch', '056 402 14 40', 'Kindertagesstätte Chäferstube', 'Im Grund 3, 8957 Spreitenbach, Aargau'),
('84e559e0-5e77-4f40-8bdd-a33983c51202', 'Denise', 'Specker', 'specker@chinderhuus-roessli.ch', '062 896 00 36', 'Kindertagesstätte Chinderhuus Rössli', 'Lenzburgerstrasse 7&9, 5504 Othmarsingen, Aargau'),
('d06f53c3-e6e3-4dfa-b12f-57e8ec4da9bd', 'Patricia', 'Frei', 'hausleitung@spatzenaescht.ch', '056 426 40 40', 'Kindertagesstätte Chinderhuus Spatzenäscht', 'Dorfstrasse 2, 5430 Wettingen, Aargau'),
('d0dbb9d1-9733-4a5a-a9fa-b4cd02f4a84e', 'Fabienne', 'Triponez', 'info@chinderhuus-turbenthal.ch', '052 385 28 12', 'Kindertagesstätte Chinderhuus Turbenthal', 'Schulstrasse 4, 8488 Turbenthal, Zürich'),
('ba40dc72-73f8-4adf-aa44-2339d1696f5c', 'Laura', 'Oliva', 'info@chindertraeumli.ch', '061 721 30 83', 'Kindertagesstätte Chinderträumli', 'Schulgasse 21, 4105 Biel-Benken, Basel-Land'),
('975965d9-c4cb-4b8e-b28a-0453d51effd5', 'Ilona', 'Moser', 'ilona@naki-naturkind.ch', '079 954 96 19', 'Kindertagesstätte Chlyne Prinz', 'Grossmatte 7, 6014 Luzern, Luzern'),
('d64ac740-c18e-4383-bcdd-777389b72096', 'Eva', 'Meier', 'info@chnopftrucke.ch', '041 741 43 66', 'Kindertagesstätte Chnopftrucke', 'Zugerstrasse 14, 6312 Steinhausen, Zug'),
('b50b41e0-e41f-4c5f-b611-4f30c0e3160a', 'Eveline', 'Sägesser', 'kinderkrippe@coccolino.ch', '044 701 80 50', 'Kindertagesstätte Coccolino', 'Reppischtalstrasse 49, 8143 Stallikon, Zürich'),
('25050009-160f-4333-8725-d561fdbda2c0', 'Daniela', 'Jäggi', 'erlenmattkrippe@blaesistift.ch', '061 683 16 56', 'Kindertagesstätte Erlenmattkrippe', 'Erlenmattstrasse 10, 4058 Basel, Basel-Stadt'),
('ce40d628-3f29-4d33-b549-6699269d1109', 'Vanessa', 'Thomas', 'kita.gellert@familycare.ch', '061 311 37 92', 'Kindertagesstätte Familycare Kita Gellert', 'St. Jakobs-Strasse 199, 4052 Basel, Basel-Stadt'),
('0475fc22-2932-4175-9a1d-01aa81f82e35', 'Nadine', 'Läderach-Zehnder', 'info@kitafantasia.ch', '031 981 39 84', 'Kindertagesstätte Fantasia', 'Statthalterstrasse 10, 3018 Bern, Bern'),
('d7904636-ae50-42fb-82a0-332e31d99862', 'Anja', 'Eggler', 'info@kita-firlifanz.ch', '031 333 06 21', 'Kindertagesstätte Firlifanz', 'Jurastrasse 4, 3013 Bern, Bern'),
('44c6eded-a865-4fa1-b299-80a84c40190f', 'Janette', 'Gloor', 'kinderkrippe@gigelisuppe.ch', '044 262 65 95', 'Kindertagesstätte Gigelisuppe', 'Russenweg 39, 8008 Zürich, Zürich'),
('92352041-b341-4e21-b105-3bcec5a4e2af', 'Margot', 'Müntener', 'kontakt@kitagoldach.ch', '071 841 74 35', 'Kindertagesstätte Goldach', 'Haini-Rennhasstrasse 2, 9403 Goldach, St. Gallen'),
('9020799a-b90c-4ea9-b2ad-c7ce74937909', 'Monika', 'Bodmer', 'goldbachkrippe@blaesistift.ch', '061 666 62 80', 'Kindertagesstätte Goldbachkrippe', 'Signalstrasse 25a, 4058 Basel, Basel-Stadt'),
('0b9734ed-f43e-404d-9b71-cb1c89a35614', 'Yvonne', 'Wanner', 'krippenleitung@kinderkrippe-goldraege.ch', '043 288 59 88', 'Kindertagesstätte Goldräge', 'Goldregenweg 30, 8050 Zürich, Zürich'),
('174823ba-8e41-4902-a004-a06a8aea3a3f', 'Mark', 'Meyer', 'info@grendolin.ch', '031 832 46 23', 'Kindertagesstätte Grendolin', 'Bollstrasse 3, 3076 Worb, Bern'),
('493d46f1-9c5c-48f6-bee2-c1e66ab74c50', 'Alena', 'Beutler', 'be.guemligen@kidsco.ch', '031 951 13 33', 'Kindertagesstätte Gümligen', 'Turbenweg 11, 3073 Gümligen, Bern'),
('d0251ce9-e529-4177-a3f6-1d66f411f96d', 'Rhea', 'Wenziker', 'info@kibeplus.ch', '031 980 19 16', 'Kindertagesstätte hagebutte', 'Fabrikstrasse 29d, 3012 Bern, Bern'),
('e07b5a35-1c49-431d-a167-db9b85bcaac3', 'Ursula', 'Kohler', 'ursula.kohler@kindertagesstaette-haslital.ch', '033 972 81 45', 'Kindertagesstätte Haslital', 'Willigen, 3860 Schattenhalb, Bern'),
('4a7b5a02-a003-4bac-9296-c32cf9bdc184', 'Sabine', 'Schaub', 'info@hurrlibutz.ch', '052 317 09 28', 'Kindertagesstätte Hurrlibutz', 'Bollenrain 2, 8450 Andelfingen, Zürich'),
('85f318be-96a1-4afa-aae8-4142c1c719ec', 'Nadine', 'Djurovic', 'info@kita-im-favorite.ch', '031 301 62 07', 'Kindertagesstätte im Favorite', 'Schanzeneckstrasse 27, 3012 Bern, Bern'),
('c2bceee8-6651-4899-b590-3b515a9ef9b6', 'Teresa', 'Kaeser', 'info@kibu.ch', '061 411 11 18', 'Kindertagesstätte KIBU Kinderburg', 'Grellingerstrasse 10, 4206 Seewen, Solothurn'),
('e0e75073-d398-4ec2-a308-7d937c7d6564', 'Gabriela', 'Bosshard', 'info@kidin.ch', '043 549 53 66', 'Kindertagesstätte kidin.ch Uster', 'Schulweg 1, 8616 Riedikon, Zürich'),
('bfb1d51f-c30e-44e9-ae74-0bf9f883936e', 'Keli', 'Kotseva', 'be.lac@kidsco.ch', '032 328 29 92', 'Kindertagesstätte kids & co au Lac', 'Aarbergstrasse 60, 2503 Biel/Bienne, Bern'),
('7f978b6f-29c3-4550-ad0f-e0a90d3184c4', 'Svenia', 'Bigler', 'be.boezingen@kidsco.ch', '032 341 30 03', 'Kindertagesstätte kids & co Bözingen', 'Längfeldweg 93, 2504 Biel/Bienne, Bern'),
('4b9a33c7-9c45-429a-b334-52f292737abe', 'Monika', 'Kappeler', 'zh.campus@kidsco.ch', '043 305 54 32', 'Kindertagesstätte kids & co Campus PH Zürich', 'Lagerstrasse 6, 8004 Zürich, Zürich'),
('0d293988-2e57-4f21-8a45-c702ede0c394', 'Caroline', 'Nentwig', 'zh.city@kidsco.ch', '044 245 20 80', 'Kindertagesstätte kids & co City', 'Selnaustrasse 36, 8001 Zürich, Zürich'),
('f1e70245-bcdf-4e06-a568-2d913f1460cc', 'Sarah', 'Gerber', 'zh.europaallee@kidsco.ch', '044 245 20 30', 'Kindertagesstätte kids & co Europaallee', 'Gustav-Gull-Platz 11, 8004 Zürich, Zürich'),
('cf60f069-95f4-4e91-81b2-a47b3a05ac09', 'Luisa', 'Fattorusso', 'zh.hardau@kidsco.ch', '044 401 04 46', 'Kindertagesstätte kids & co Hardau', 'Hohlstrasse 301, 8004 Zürich, Zürich'),
('f4b4c041-c66a-4b1f-b0ef-c5b9ce344913', 'Emine', 'Bellido', 'zh.kreis-7@kidsco.ch', '044 253 26 76', 'Kindertagesstätte kids & co Kreis 7', 'Freiestrasse 11, 8032 Zürich, Zürich'),
('12d5b09c-aafd-4178-a52f-30c074e35b1a', 'Anita', 'Fuchs', 'zh.kreuzwiesen@kidsco.ch', '044 321 95 40', 'Kindertagesstätte kids & co Kreuzwiesen', 'Kreuzwiesen 2, 8051 Zürich, Zürich'),
('677ed648-f16d-49b5-a0c9-3b0025548200', 'Luisa', 'Fattorusso', 'zh.letzibach@kidsco.ch', '043 811 80 22', 'Kindertagesstätte kids & co Letzibach', 'Hohlstrasse 480, 8048 Zürich, Zürich'),
('f5eb2f81-7f14-4bca-8514-b5f524ba56db', 'Veronica', 'Lins', 'zh.tiergarten@kidsco.ch', '044 451 52 76', 'Kindertagesstätte kids & co Tiergarten', 'Im Tiergarten 12, 8055 Zürich, Zürich'),
('6c102792-a2f5-4fc4-8e75-db57bdea6fb9', 'Sandra', 'Stutzmann', 'be.viktoriastrasse@kidsco.ch', '031 332 78 20', 'Kindertagesstätte kids & co Viktoriastrasse', 'Sonnenbergstrasse 5, 3013 Bern, Bern'),
('c08ccebd-cc25-4ae0-8260-d06ff3dbcb8b', 'Monique', 'Maurer', 'be.wabern@kidsco.ch', '031 961 06 19', 'Kindertagesstätte kids & co Wabern', 'Grünaustrasse 37, 3084 Wabern, Bern'),
('1889aa9a-12d7-4bfb-a1f8-ae6f7b1e4d41', 'Sandra', 'Siegenthaler', 'be.wankdorf@kidsco.ch', '031 331 61 61', 'Kindertagesstätte kids & co Wankdorf', 'Stauffacherstrasse 80, 3014 Bern, Bern'),
('6acd5937-6ab8-4a3a-8837-7fb4e7d8600c', 'Anouk', 'Scheurich', 'zh.wannerstrasse@kidsco.ch', '044 461 02 60', 'Kindertagesstätte kids & co Wannerstrasse', 'Wannerstrasse 13, 8045 Zürich, Zürich'),
('11aebb07-903d-46fd-9140-bc7678c02e12', 'Jessica', 'Cadonau', 'jessica.cadonau@kinderbetreuung-plus.ch', '081 302 24 42', 'Kindertagesstätte Kinderbetreuung plus', 'Bündtliweg 1, 7304 Maienfeld, Graubünden'),
('4b87575c-462a-4915-a7cd-90db0a2cfa25', 'Fabienne', 'Härri', 'fabienne.haerri@wende.ch', '062 724 89 78', 'Kindertagesstätte Kinder-Ländli', 'Grittengasse 24, 5037 Muhen, Aargau'),
('64b05f97-546a-49f3-a424-15bf839184e4', 'Ingrid', 'Hofmann', 'kontakt@kita-strengelbach.ch', '062 752 00 66', 'Kindertagesstätte Kinderträumli', 'Brittnauerstrasse 29, 4802 Strengelbach, Aargau'),
('109dab3e-13b8-4442-957f-1dcfff4bedca', 'Tina', 'Pfluger', 'warteliste@famex.ch', '031 305 21 03', 'Kindertagesstätte Kita balena', 'Neuhausweg 2, 3097 Liebefeld, Bern'),
('01a7bd33-6e34-4f3b-b6d8-38978a41241a', 'Joanna', 'Grüninger', 'info@kitachlostergarte.ch', '056 427 08 63', 'Kindertagesstätte KiTa Chlostergarte', 'Klosterparkgässli 8, 5430 Wettingen, Aargau'),
('f7e2b5bb-1266-4453-8a50-94c3093bd3b3', 'Sarah', 'Arquint', 's.arquint@kita-eichguetli.ch', '033 243 43 24', 'Kindertagesstätte Kita Eichgüetli', 'Staatsstrasse 110, 3626 Hünibach, Bern'),
('cd5ef36b-d82a-4a3b-a086-0d44f68c1a86', 'Sonja', 'Diallo', 'kitakonfetti@gmx.ch', '026 670 16 44', 'Kindertagesstätte KITA Konfetti', 'Hauptstrasse 57, 3286 Muntelier, Fribourg/Freiburg'),
('0a945938-9c00-4abb-a8d3-c9bf4163a260', 'Sandra', 'Allemann', 'buochs@kita-lummerland.ch', '041 610 17 22', 'Kindertagesstätte KiTa Lummerland', 'Ennetbürgerstrasse 1, 6374 Buochs, Nidwalden'),
('a5ab4a53-e383-4469-8a29-b6c98e29bce3', 'Natalie', 'Mangold', 'info@kita-roessli.ch', '061 953 00 15', 'Kindertagesstätte Kita Rössli', 'Hauptstrasse 17, 4434 Hölstein, Basel-Land'),
('5bd8c189-a5bf-4b12-9a08-cc7eed95c535', 'Rosmarie', 'Wagner', 'info@kitaro.ch', '062 929 06 77', 'Kindertagesstätte KitaRo', 'Geissbergstrasse 1, 4914 Roggwil, Bern'),
('1165084e-d47f-4677-8731-b8b8125218bd', 'Rosmarie', 'Pirisinu', 'info@kindertagesstaette-kiwi.ch', '052 338 22 33', 'Kindertagesstätte KIWI', 'Im Trottenrain 9, 8542 Wiesendangen, Zürich'),
('2102fb67-3e75-4564-9808-e74680f1a8d6', 'Barbara', 'Kellerhals', 'klingentalkrippe@blaesistift.ch', '061 691 35 77', 'Kindertagesstätte Klingentalkrippe', 'Klingentalstrasse 45, 4057 Basel, Basel-Stadt'),
('8cedaa49-6541-40f5-b989-236263b3b098', 'Ramona', 'Wehrli', 'info@kita-krokofant.ch', '031 333 04 70', 'Kindertagesstätte Krokofant', 'Allmendstrasse 11, 3014 Bern, Bern'),
('ec7a3370-f2ae-4431-ac52-1475968b4d45', 'Beatrice', 'Nösberger', 'info@kibe-kunterbunt.ch', '026 505 20 90', 'Kindertagesstätte Kunterbunt', 'St. Germanstrasse 13, 3212 Gurmels, Fribourg/Freiburg'),
('975d5794-1850-45f7-9612-333255e40f2e', 'Joachim', 'Marmora', 'kitalifezh@gmail.com', '044 548 32 30', 'Kindertagesstätte L I F E', 'Rudolf Brunnerstrasse 4, 8700 Küsnacht, Zürich'),
('bad40637-80f1-485d-8e25-b478d50ec476', 'Lilli', 'Perkovic', 'laluna@ksw.ch', '052 266 34 34', 'Kindertagesstätte LA LUNA', 'Haldenstrasse 54, 8400 Winterthur, Zürich'),
('fe304170-803d-4467-a9f5-74323a973a67', 'Sabine', 'Donzel', 'kontakt@kitalaebihus.ch', '031 869 34 44', 'Kindertagesstätte Läbihus', 'Mühlestrasse 39, 3053 Münchenbuchsee, Bern'),
('3e1b853a-fac2-4735-994b-be0ecb9909d5', 'Sara', 'Schmid', 'info@kita-laenggasse.ch', '031 307 57 57', 'Kindertagesstätte Länggasse', 'Länggassstrasse 64, 3012 Bern, Bern'),
('e76130ce-9f2a-45ce-9a31-e32654713102', 'Corinne', 'Gehrer', 'mail@lillyundlars.ch', '062 296 34 34', 'Kindertagesstätte Lilly & Lars', 'Untere Hardegg 34, 4600 Olten, Solothurn'),
('558298ef-f765-4bc2-b964-d3316579ca47', 'Leila', 'Hamida', 'info@kita-lindenweg.ch', '031 931 01 07', 'Kindertagesstätte Lindenweg Ostermundigen', 'Lindenweg 16, 3072 Ostermundigen, Bern'),
('b7e84bc8-ff99-40cf-ae9e-f950b537f266', 'Benjamin', 'Dändliker', 'kita@liputto.com', '061 303 73 12', 'Kindertagesstätte Liputto', 'Belchenstrasse 12, 4054 Basel, Basel-Stadt'),
('a9c78c10-03b5-48c5-8d1f-9992fea1ee55', 'Peter', 'Feldmann', 'heimleitung@kitalittlefoot.ch', '076 423 04 41', 'Kindertagesstätte Littlefoot', 'Voltastrasse 92, 4056 Basel, Basel-Stadt'),
('fbd08577-d42e-4ba3-b0d4-02f2f5383b58', 'Lisa', 'Stamm', 'info@kitalunastetten.ch', '078 245 30 30', 'Kindertagesstätte Luna', 'Brämlenstrasse 2, 8234 Stetten, Schaffhausen'),
('13bbe1a7-5ad4-48c8-b6b3-a8f54e6cdf25', 'Mirjam', 'Gerber', 'kti@ipsach.ch', '032 333 78 40', 'Kindertagesstätte Makena', 'Kleinfeldstrasse 18, 2563 Ipsach, Bern'),
('5882d11f-b2c4-4b97-b264-1164adc173b1', 'Rahel', 'Bandi', 'info@kita-mattenhof.ch', '031 381 89 81', 'Kindertagesstätte Mattenhof', 'Mattenhofstrasse 40, 3007 Bern, Bern'),
('3d394c25-9707-4843-9b79-4fb8874f7529', 'Bettina', 'Boss', 'mikado@mobi.ch', '031 381 62 60', 'Kindertagesstätte mikado', 'Sulgenauweg 25, 3007 Bern, Bern'),
('bb4e1cba-1bb8-4ffc-acc7-fea233a2d323', 'Marie-Jeanne', 'Metz Leuenberger', 'kitaschoenegg@mix-max.ch', '031 370 95 75', 'Kindertagesstätte mixmax Schönegg', 'Seftigenstrasse 111, 3007 Bern, Bern'),
('70b6a3cc-3cd3-4d91-a45f-23b3ba4c9757', 'Rosetta', 'De Luca-Scofano', 'kita@mondomagico.ch', '041 260 54 52', 'Kindertagesstätte Mondo Magico', 'Rothenring 22, 6015 Luzern, Luzern'),
('4c33a977-1ac0-43b0-8bb6-182ebdcd966f', 'Jacqueline', 'Burri', 'kita@moosseedorf.ch', '031 859 57 36', 'Kindertagesstätte Moskito', 'Längenbühlstrasse 14, 3302 Moosseedorf, Bern'),
('2f4f295a-0e11-4e0a-a782-40cffa394b6e', 'Pia', 'Aeschimann', 'pia.aeschimann@kitamurifeld.ch', '031 351 17 00', 'Kindertagesstätte Murifeld', 'Waldheimstrasse 14, 3012 Bern, Bern'),
('ce581b06-8279-4a39-9cfa-c57c2423b499', 'Nadine', 'Novotny', 'kita-murmeli@3906.ch', '027 958 11 64', 'Kindertagesstätte Murmeli', 'Parkstrasse 1, 3906 Saas-Fee, Wallis/Valais'),
('27583c9f-0bfd-4224-8fa8-e87825b3c819', 'Silvana', 'Larice', 'sekretariat@muusliburg.ch', '043 477 08 60', 'Kindertagesstätte Müüsliburg', 'Bahnhofstrasse 52, 8712 Stäfa, Zürich'),
('76090bf6-3178-4c06-b6a3-f4510f1cf9b1', 'Sabrina', 'Meister', 'nemo@taeuffelen.ch', '032 396 22 60', 'Kindertagesstätte Nemo', 'Burgerstrasse 10, 2575 Täuffelen, Bern'),
('4b6e60e8-671f-45e4-ba71-a26f6a2c567d', 'Corinne', 'Frei', 'info@kita-nepomuk.ch', '055 282 48 73', 'Kindertagesstätte Nepomuk', 'Rössligass 5, 8733 Eschenbach, St. Gallen'),
('dc4f761a-91e5-4c4b-8dea-8d71d11663a6', 'Andrea', 'Borner', 'neuenhof@waegwyser.ch', '079 904 60 98', 'Kindertagesstätte Neuenhof', 'Lindenstrasse 9, 5432 Neuenhof, Aargau'),
('52065cae-d4e8-4c4d-973e-14fb70c8f13d', 'Nathalie', 'Küng', 'info@operinos.ch', '044 262 40 90', 'Kindertagesstätte Operinos', 'Färberstrasse 15, 8008 Zürich, Zürich'),
('f718a9bc-aa33-4799-9e0e-0f185e8453db', 'Sandra', 'Bichsel', 'info@ottilotti.ch', '031 351 47 14', 'Kindertagesstätte Ottilotti', 'Hallwylstrasse 30, 3005 Bern, Bern'),
('7d411f74-1ac5-4904-9a81-0d291f40662e', 'Lea', 'Thoma', 'info@pink-panther.ch', '062 771 47 77', 'Kindertagesstätte Pink Panther', 'Alte Strasse 47, 5734 Reinach, Aargau'),
('b730a1e6-a1f4-4efc-9dd8-827403ce65bf', 'Mirjam', 'Vespasiano', 'pinocchiokita@bluewin.ch', '052 213 51 41', 'Kindertagesstätte Pinocchio - Scuola Materna Pinocchio', 'Wartstrasse 13, 8400 Winterthur, Zürich'),
('a29b74fa-b65d-4220-ae98-29a2e5eb6b73', 'Silvia', 'Schnyder', 'kontakt@prismalino.ch', '055 552 13 10', 'Kindertagesstätte Prismalino', 'Bachstrasse 19, 8640 Rapperswil, St. Gallen'),
('2e0e2418-1140-4964-91ae-bf7d594402a6', 'Nicole', 'Domig', 'info@kitaleuk.ch', '027 473 11 71', 'Kindertagesstätte Purzilböim Region Leuk', 'Schulhausstrasse 18, 3952 Susten, Wallis/Valais'),
('7ea4c519-1572-48da-ac07-d685bbcff898', 'Maruschka', 'Staffieri', 'staffieri@pusteblume.ch', '052 720 23 30', 'Kindertagesstätte Pusteblume', 'Schollenholzstrasse 10, 8500 Frauenfeld, Thurgau'),
('018a7389-3911-4884-98e1-f1067cb7d4df', 'Stephanie', 'Arnold', 'stephanie.arnold@richterswil.ch', '044 784 06 65', 'Kindertagesstätte Richterswil', 'Etzelstrasse 24, 8805 Richterswil, Zürich'),
('784835f9-749f-4c34-b0c3-dce6a212b7ca', 'Stephan', 'Kegel', 'kontakt@kita-roesslispiel.ch', '041 419 69 00', 'Kindertagesstätte Rösslispiel', 'Rösslimattstrasse 39, 6005 Luzern, Luzern'),
('a66ae737-48c4-48c8-b60e-20e4fd496fd1', 'Eveline', 'Jedele', 'kitaespenstrasse@salzh.ch', '052 222 77 70', 'Kindertagesstätte SalZH', 'Espenstrasse 79, 8408 Winterthur, Zürich'),
('2789f299-6a6e-4bb6-95d6-7570a81d515d', 'Thomas', 'Coray', 'info@kitascalaera.ch', '081 353 90 37', 'Kindertagesstätte Scalära', 'Cadonaustrasse 13, 7000 Chur, Graubünden'),
('b06c0904-136e-47d8-a0a4-b8d270d8dbd3', 'Yvonne', 'Maus', 'kita@steinamrhein.ch', '052 741 59 93', 'Kindertagesstätte Schatztrue', 'Langstuck 7, 8260 Stein am Rhein, Schaffhausen'),
('29bad5c3-514e-48ba-b5af-4ab44daa02b2', 'Ursula', 'Wehrli', 'info@kita-schnooggeloch.ch', '061 222 29 38', 'Kindertagesstätte Schnooggeloch', 'Riehenring 105, 4058 Basel, Basel-Stadt'),
('b3f36b54-1bd1-468e-820c-b8c9d568972a', 'Martina', 'Niederhauser', 'info@kita-seestaern.ch', '033 221 17 39', 'Kindertagesstätte Seestärn', 'Grabenstrasse 8a, 3600 Thun, Bern'),
('6e8a422e-e099-45a1-8736-9db5b4e3ea10', 'Floribeth', 'Sieber', 'info@kinderkrippe-sonnenschein.ch', '043 321 95 37', 'Kindertagesstätte Sonnenschein', 'Dennlerstrasse 37, 8047 Zürich, Zürich'),
('393a43c4-cfff-4b2d-b029-16befbb532f9', 'Heidy', 'Stutz', 'info@spatzenescht.ch', '078 810 62 22', 'Kindertagesstätte Spatzenescht', 'Atlingerstrasse 34, 8215 Hallau, Schaffhausen'),
('348b4f61-8bed-4c1a-a1be-5031a85acf06', 'Marianne', 'Brunner', 'info@spatzennest.ch', '055 212 84 48', 'Kindertagesstätte Spatzennest', 'St. Gallerstrasse 18, 8645 Jona, St. Gallen'),
('5489b2a5-fcaa-445f-ad05-6e914fb46e93', 'Susi', 'Balsiger', 'leitung@kinderkrippe-spielchischte.ch', '044 262 78 78', 'Kindertagesstätte Spielchischte', 'Häldeliweg 10, 8044 Zürich, Zürich'),
('92584e2d-3303-4cd3-9726-5134d47ced68', 'Sarah', 'Abt', 'info@kitaspiez.ch', '033 654 02 88', 'Kindertagesstätte Spiez', 'Asylstrasse 42, 3700 Spiez, Bern'),
('91f71b16-f740-4166-9f45-1fe76f4580b6', 'Lidija', 'Stalder', 'info@spillchischta.ch', '027 946 64 94', 'Kindertagesstätte Spillchischta', 'Wichelgasse 16, 3930 Visp, Wallis/Valais'),
('7fbe95ec-8121-4b9a-800f-2a9d6203ae69', 'Andrea', 'Müller', 'a.mueller@kita-stanna.ch', '041 375 20 20', 'Kindertagesstätte St. Anna', 'Unterlöchli 21a, 6006 Luzern, Luzern'),
('d61a69ff-361e-4c42-826f-290e9cd561b7', 'Nina', 'Rotach', 'kita@staerneschloss.ch', '032 392 67 77', 'Kindertagesstätte Stärneschloss', 'Murtenstrasse 11, 3270 Aarberg, Bern'),
('a748df03-3208-44d8-9a2c-3e0b578e6ee1', 'Sylvia', 'Bangerter', 'kita-3047@bluewin.ch', '031 301 66 86', 'Kindertagesstätte Stärnschnuppe', 'Chutzenstrasse 3a, 3047 Bremgarten b. Bern, Bern'),
('69fb2bbe-f7b6-4903-afa2-4d257e59005c', 'Corinne', 'Rutschi', 'info@kibekonolfingen.ch', '031 791 01 92', 'Kindertagesstätte Stella Luna', 'Industriestrasse 4, 3510 Konolfingen, Bern'),
('9ec9a815-da0b-4cad-87d0-19902d26a0f2', 'Martina', 'Salvisberg', 'kita@sternhuus.ch', '041 370 22 90', 'Kindertagesstätte Sternhuus', 'Würzenbachstrasse 18, 6006 Luzern, Luzern'),
('8c6108cd-37bb-4d92-a756-95bd8d8c18fd', 'Graziella', 'Avellina', 'info@kitasunneschyynbirsfelden.ch', '079 197 03 02', 'Kindertagesstätte Sunneschyyn Birsfelden', 'Rüttihardstrasse 6, 4127 Birsfelden, Basel-Land'),
('8847269f-e8be-4af3-b5a4-b4a93a170cf1', 'Doris', 'Zurbuchen', 'info@taka-tuka.ch', '031 302 92 00', 'Kindertagesstätte Taka Tuka', 'Lerchenweg 33, 3012 Bern, Bern'),
('ec2b4770-13ec-4eb3-afd5-4f5697b67e15', 'Doris', 'Odermatt', 'kita.tatzelwurm@kathbrugg.ch', '056 441 11 39', 'Kindertagesstätte Tatzelwurm', 'Erlenweg 11, 5200 Brugg, Aargau'),
('6973fb62-9876-4d36-ac40-efa3210550f1', 'Sandra', 'Fritsche', 'info@teddybaer-staefa.ch', '044 926 56 69', 'Kindertagesstätte Teddybär', 'Rohrhaldenstrasse 24, 8712 Stäfa, Zürich'),
('4752cbb3-6f2c-4485-9760-a8da5c06d33a', 'Monika', 'Zoss', 'monika.zoss@kita.bachtelen.ch', '032 531 08 01', 'Kindertagesstätte Teddybär Grenchen', 'Bachtelenstrasse 24, 2540 Grenchen, Solothurn'),
('26519b23-5383-4e52-a647-20f5b3a08b56', 'Agnieszka', 'Gorniak', 'info@teddyshouse.ch', '044 715 08 63', 'Kindertagesstätte Teddy''s House', 'Böndlerstrasse 29, 8802 Kilchberg, Zürich'),
('f1ef160c-b580-49b7-b3be-7889e49fa5bb', 'Sarah', 'Bucheli', 'info@fam-plus-huenenberg.ch', '041 785 47 80', 'Kindertagesstätte Teiki', 'Zentrumstrasse 12, 6333 Hünenberg See, Zug'),
('961719dd-daf6-4dce-a79d-c68c0fb97424', 'Susanne', 'Zimmermann', 'kindernetzwerk@kindernetzwerk-buchs.ch', '062 823 56 42', 'Kindertagesstätte Villa Blau', 'Oberdorfstrasse 7, 5033 Buchs, Aargau'),
('f3dac2fb-698a-4846-8836-5c6dd8b98274', 'Mirjam', 'Maurer', 'info@villachribu.ch', '034 422 27 75', 'Kindertagesstätte Villa ChriBu', 'Gotthelfstrasse 17, 3400 Burgdorf, Bern'),
('bae731bf-6f5c-49f0-83cc-3ac94af2b6b3', 'Mia', 'Bächi', 'info@villadoldenhof.ch', '071 688 32 11', 'Kindertagesstätte Villa Doldenhof', 'Hauptstrasse 27, 8280 Kreuzlingen, Thurgau'),
('29eda66e-8691-44e6-a86a-1dbcd5ed3988', 'Adina', 'Ansbach', 'info@villa-kunterbunt.ch', '044 321 21 10', 'Kindertagesstätte Villa Kunterbunt', 'Auzelg 47, 8050 Zürich, Zürich'),
('ac3141d4-e25c-4c43-8eda-ceec251a8c3f', 'Laila', 'Friedli', 'info@villarainbow.ch', '055 422 50 01', 'Kindertagesstätte Villa Rainbow', 'Schilfstrasse 3, 8853 Lachen, Schwyz'),
('326b3b2f-da32-4a8b-a148-a6d5c2c5533a', 'Céline', 'Meier', 'info@kita-vita.ch', '078 755 91 78', 'Kindertagesstätte Vita', 'Binzikerstrasse 5, 8627 Grüningen, Zürich'),
('51e5baf5-b599-45a1-94f9-256bf86116e2', 'Nicole', 'Grimm', 'nicolegrimm@waegwyser.ch', '056 210 11 64', 'Kindertagesstätte Wägwyser', 'Badenerstrasse 27, 5413 Birmenstorf, Aargau'),
('99d2b49f-e5d8-4dfa-af87-690d80fc225d', 'Patricia', 'Laube', 'patricia.laube@kita-windisch.ch', '079 935 26 23', 'Kindertagesstätte Wägwyser', 'Fahrgut 1b, 5210 Windisch, Aargau'),
('8d774cc1-7369-410b-beaa-fb4d7f380acd', 'Chantal', 'Stalder', 'imzentrum@kita-waldfee.ch', '041 340 15 36', 'Kindertagesstätte Waldfee im Zentrum', 'Allmendstrasse 16, 6048 Horw, Luzern'),
('f2f2aefa-5a0b-4b65-934f-298dedd8c0fb', 'Gabi', 'Isler', 'krippe@waesserwiesen.ch', '052 222 55 57', 'Kindertagesstätte Wässerwiesen', 'Wässerwiesenstrasse 670, 8408 Winterthur, Zürich'),
('08cf3cb8-c7dd-4a0e-a1ab-bf77b8b02716', 'Gabi', 'Baumann', 'kita@wichtelburg.ch', '056 555 39 36', 'Kindertagesstätte Wichtelburg', 'Spitalstrasse 33, 5630 Muri, Aargau'),
('8de57d78-e05c-4658-947c-af720a2bdd37', 'Patrick', 'Thomet', 'info@kitawirbelwind.ch', '031 500 15 00', 'Kindertagesstätte Wirbelwind', 'Bernstrasse 23, 3018 Bern, Bern'),
('10da866b-8d27-443b-9e5e-182346963282', 'Melanie', 'Rüedi', 'leitung@kita-madiswil.ch', '062 530 01 49', 'Kindertagesstätte Wunderland', 'Obergasse 18, 4934 Madiswil, Bern'),
('af1ca3c5-7ca2-4a03-be85-0e04c3b29b1b', 'Regula', 'Baudenbacher', 'regbau@gmx.ch', '031 332 35 02', 'Kindertagesstätte Wundertüte', 'Reiterstrasse 19, 3013 Bern, Bern'),
('c1c6e4cd-353b-422b-afa2-aa8ae3a46d6c', 'Katja', 'Steiger', 'info@chinderhus-yoyo.ch', '056 288 05 10', 'Kindertagesstätte Yoyo', 'Im Bungert 20, 5417 Untersiggenthal, Aargau'),
('d8c1aeac-4a8c-4f7d-b0b3-9be413a944c5', 'Ursi', 'Jola', 'info@zauberschiff.ch', '076 824 63 64', 'Kindertagesstätte Zauberschiff', '5722 Gränichen, Aargau'),
('ac253e7f-2869-4cf0-91d9-949cf7bbed74', 'Monika', 'Rüttimann', 'info@kita-zauberwald.ch', '079 446 19 66', 'Kindertagesstätte Zauberwald', 'Gstaltenweg 48, 4416 Bubendorf, Basel-Land'),
('a1167ec4-9dd0-4224-8acd-94030a7882c7', 'Markus', 'Zahnd', 'info@zazabu.ch', '031 352 29 91', 'Kindertagesstätte Zazabu', 'Muristrasse 28, 3006 Bern, Bern'),
('958fbba8-c27e-4806-821d-6145a4ee7c3d', 'Ladina', 'De Pasquale', 'kita@primarschule-marthalen.ch', '052 301 40 38', 'Kindertagesstätte Zingg', 'Zinggestrass 5, 8460 Marthalen, Zürich'),
('c9ead5f1-4687-4680-b817-fcefff3d08d1', 'Nicole', 'Chiozza', 'nicole@kita-zipfelwitz.ch', '079 869 74 68', 'Kindertagesstätte Zipfelwitz', 'Löwenhof 7, 8222 Beringen, Schaffhausen'),
('91fa8aa4-988f-4073-9640-7bb30220ff32', 'Isabelle', 'Heini', 'kontakt@zwaergehuus.ch', '061 971 46 52', 'Kindertagesstätte Zwärgehuus', 'Himmelrainweg 13, 4455 Zunzgen, Basel-Land'),
('f498c7d0-ccb8-4f2d-ad42-51c4813ed9c5', 'Anna', 'Müller', 'zwergehuus@frauenverein-sh.ch', '052 620 10 94', 'Kindertagesstätte Zwergehuus', 'Breitenaustrasse 118, 8200 Schaffhausen, Schaffhausen'),
('8cc4739c-3594-4baf-bc9b-5d2bb155f165', 'Marina', 'Raymann', 'marina.raymann@zwirbelhus.ch', '055 440 27 26', 'Kindertagesstätte Z''Wirbelhus', 'Fabrikstrasse 8, 8854 Siebnen, Schwyz'),
('39a4f505-49ca-47e8-a410-3a5cbb609f53', 'Jörg', 'Bernhard', 'theater@theaterworks.ch', '052 720 77 43', 'Kindertheater Floh Frauenfeld', 'Zeughausstrasse 14, 8500 Frauenfeld, Thurgau'),
('f7795b2d-7894-4c1b-bde3-9b72c539a001', 'Stephanie', 'Janke', 'steph.janke@kitja.ch', '076 610 99 74', 'Kindertherapie Janke', 'Gässli 8, 5737 Menziken, Aargau'),
('e502bad6-437d-4d67-b195-46656177efc8', 'Ulla-Mari', 'Juvonen-de Regt', 'physio@kindertherapie-oberfreiamt.ch', '041 787 28 77', 'Kindertherapiestelle Oberfreiamt', 'Bahnhofstrasse 11, 5643 Sins, Aargau'),
('f808dc78-bb78-4616-ae00-27856c13f764', 'Caroline', 'Morier', 'admin@kindertraum-haus.ch', '043 844 07 08', 'Kindertraum-Haus', 'Unot 22, 8706 Meilen, Zürich'),
('b6c7f6b4-9485-46a6-b089-556ddb7bd96c', 'Kasia', 'Kohlbacher', 'kontakt@kindertreffmaennedorf.ch', '079 820 83 84', 'Kindertreff Männedorf', 'Alte Landstrasse 332, 8708 Männedorf, Zürich'),
('b4aae427-7631-487e-98d4-29d690dc2524', 'Fabienne', 'Rippstein', 'info@kindertreff-miraculix.ch', '041 760 28 37', 'Kindertreff Miraculix', 'Heidengasse 1, 6340 Baar, Zug');

INSERT INTO leads (id, contact_id, source, status, value, notes) VALUES
('1b81f141-bf9a-4b9a-a608-a506a51f59ae', '722d009b-3857-440e-8d72-ed99664005b7', 'KALTAKQUISE', 'ACTIVE', 0, 'Funktion: Gesamtleitung/Direktion | Mitarbeiter: 1 bis 10 | Branche: Kindergärten & -krippen | Rechtsform: Gesellschaft mit beschränkter Haftung'),
('76d412c0-4235-4977-ac9e-b8164fce2d3b', 'd32da9a9-4b2e-4241-a769-d8c11147bc8a', 'KALTAKQUISE', 'ACTIVE', 0, 'Funktion: Gesamtleitung/Direktion | Mitarbeiter: 1 bis 10 | Branche: Kindergärten & -krippen'),
('8ce8818e-e974-4702-a10d-f9470d3edeeb', 'd15266d6-7f32-498c-a0ea-433e4ef8ffe9', 'KALTAKQUISE', 'ACTIVE', 0, 'Funktion: Gesamtleitung/Direktion | Mitarbeiter: 11 bis 20 | Branche: Kindergärten & -krippen | Rechtsform: Gesellschaft mit beschränkter Haftung'),
('e175d991-79c6-4fcc-bdec-4687c20af466', 'cf4a2967-46db-423e-b7b0-b42e3fa74835', 'KALTAKQUISE', 'ACTIVE', 0, 'Funktion: Gesamtleitung/Direktion | Mitarbeiter: 11 bis 20 | Branche: Kindergärten & -krippen | Rechtsform: Gesellschaft mit beschränkter Haftung'),
('72867b60-4849-458c-baab-a1e16c647537', 'ca60c532-6da4-4a65-a697-262630d53d14', 'KALTAKQUISE', 'ACTIVE', 0, 'Funktion: Gesamtleitung/Direktion | Mitarbeiter: 1 bis 10 | Branche: Kindergärten & -krippen'),
('ff43240f-d63e-4707-856a-9d53d2d23d21', '821abcbf-e118-463c-877b-86578350f8d8', 'KALTAKQUISE', 'ACTIVE', 0, 'Funktion: Gesamtleitung/Direktion | Mitarbeiter: 1 bis 10 | Branche: Kindergärten & -krippen'),
('cf9447ef-cc08-4ac0-a254-de7e351278dc', '514e61fb-f48d-4cfe-ab15-295c160d679c', 'KALTAKQUISE', 'ACTIVE', 0, 'Funktion: Gesamtleitung/Direktion | Mitarbeiter: 1 bis 10 | Branche: Kindergärten & -krippen'),
('6441dc39-12d8-4230-906a-a0a12795a036', '398c5763-f88b-4ea1-a4e4-8eaff0762127', 'KALTAKQUISE', 'ACTIVE', 0, 'Funktion: Gesamtleitung/Direktion | Mitarbeiter: 1 bis 10 | Branche: Kindergärten & -krippen'),
('ca6d023b-a150-41a3-ae97-364873048c2d', '02e0feff-3c88-430f-9199-855446b8a321', 'KALTAKQUISE', 'ACTIVE', 0, 'Funktion: Gesamtleitung/Direktion | Mitarbeiter: 1 bis 10 | Branche: Kindergärten & -krippen'),
('6489490e-dff7-41f6-8ea5-679435017686', '695adc45-cb66-4b7b-b427-a0154354a518', 'KALTAKQUISE', 'ACTIVE', 0, 'Funktion: Gesamtleitung/Direktion | Mitarbeiter: 1 bis 10 | Branche: Kindergärten & -krippen'),
('f9a0a6d6-9d0d-4b23-911c-a1cff338c3c6', '8c2752f3-31f8-4886-8d71-4d7f39b4dd8a', 'KALTAKQUISE', 'ACTIVE', 0, 'Funktion: Gesamtleitung/Direktion | Mitarbeiter: 1 bis 10 | Branche: Kindergärten & -krippen'),
('8119f823-4afb-4b89-b418-9c1833fa438c', '928691b4-0aae-4dc1-84d4-b7fad7abdb6c', 'KALTAKQUISE', 'ACTIVE', 0, 'Funktion: Gesamtleitung/Direktion | Mitarbeiter: 11 bis 20 | Branche: Kindergärten & -krippen'),
('5d1a653a-40a9-4605-8f5f-3e4aa6deb134', '4ad8c8cf-0601-4e21-b0fe-3b88f59e9dcb', 'KALTAKQUISE', 'ACTIVE', 0, 'Funktion: Gesamtleitung/Direktion | Mitarbeiter: 1 bis 10 | Branche: Kindergärten & -krippen'),
('6048dd46-90a1-447d-903d-a68caf201f33', '8481db4d-12f2-4d48-b73f-df5767ac6374', 'KALTAKQUISE', 'ACTIVE', 0, 'Funktion: Gesamtleitung/Direktion | Mitarbeiter: 1 bis 10 | Branche: Kindergärten & -krippen'),
('82057ecc-2d42-4a87-af7d-7ef140a890ef', '9eefee15-b2cb-4746-a36e-fd1970460d2e', 'KALTAKQUISE', 'ACTIVE', 0, 'Funktion: Geschäftsführer/in (CEO) | Mitarbeiter: 11 bis 20 | Branche: Spielwaren- & Babyfachhandel | Rechtsform: Gesellschaft mit beschränkter Haftung'),
('fb9588de-42eb-44e0-8e26-580961510228', 'd2acd900-e212-4c6a-8974-baa4786014d9', 'KALTAKQUISE', 'ACTIVE', 0, 'Funktion: Geschäftsführer/in (CEO) | Mitarbeiter: 1 bis 10 | Branche: Spielwaren- & Babyfachhandel'),
('96ef9b3f-df3b-4e7a-b643-f2f9dd83c2e4', '165f7f43-020e-4563-97e4-8bf7912c50cb', 'KALTAKQUISE', 'ACTIVE', 0, 'Funktion: Gesamtleitung/Direktion | Mitarbeiter: 1 bis 10 | Branche: Kindergärten & -krippen | Rechtsform: Gesellschaft mit beschränkter Haftung'),
('4a6fda25-2693-482f-ab5b-6e1e44e49a60', 'd5d6ada3-1a78-4d53-bfd2-7efee54cc00f', 'KALTAKQUISE', 'ACTIVE', 0, 'Funktion: Gesamtleitung/Direktion | Mitarbeiter: 11 bis 20 | Branche: Kindergärten & -krippen | Rechtsform: Verein'),
('82514cab-d513-4e0e-9d77-e3f689b1ff3f', '7eed2557-9250-4b2d-8de2-e01dbcb4e507', 'KALTAKQUISE', 'ACTIVE', 0, 'Funktion: Geschäftsführer/in (CEO) | Mitarbeiter: 1 bis 10 | Branche: Kinderarztpraxen / Physiotherapie | Rechtsform: Aktiengesellschaft'),
('4846c303-d611-4eac-ba56-6544f478d185', '7824ca28-e8c6-42de-847e-6fb97badf2e8', 'KALTAKQUISE', 'ACTIVE', 0, 'Funktion: Geschäftsführer/in (CEO) | Mitarbeiter: 1 bis 10 | Branche: Kinderarztpraxen'),
('a7ef9c16-6c99-48f8-a228-ba8f7307a500', '28afc1f7-e38b-4a7c-8b1d-2a76dd98637a', 'KALTAKQUISE', 'ACTIVE', 0, 'Funktion: Gesamtleitung/Direktion | Mitarbeiter: 1 bis 10 | Branche: Kindergärten & -krippen | Rechtsform: Gesellschaft mit beschränkter Haftung'),
('d842e675-6f32-4612-bce9-a093adb752bc', '12e267e3-0180-4afa-8544-b06cc3e82d4c', 'KALTAKQUISE', 'ACTIVE', 0, 'Funktion: Gesamtleitung/Direktion | Mitarbeiter: 11 bis 20 | Branche: Kindergärten & -krippen | Rechtsform: Gesellschaft mit beschränkter Haftung'),
('970e09ce-bd9b-4ab5-bbce-d1229932dc6f', 'f92144f1-ab2a-490f-8b54-773f8e97a9af', 'KALTAKQUISE', 'ACTIVE', 0, 'Funktion: Geschäftsführer/in (CEO) | Mitarbeiter: 11 bis 20 | Branche: Online Shops / Spielwaren- & Babyfachhandel | Rechtsform: Gesellschaft mit beschränkter Haftung'),
('4f5725f1-5534-4134-9617-a9f37197211a', 'c8c2db54-162f-497c-a3f9-95e3ef5002bd', 'KALTAKQUISE', 'ACTIVE', 0, 'Funktion: Geschäftsführer/in (CEO) | Mitarbeiter: 1 bis 10 | Branche: Physiotherapie'),
('66e0b17c-da33-41e7-86f4-ca7227f30fa3', '052c9a56-5a0f-4d0b-9ed3-c08bf043f3be', 'KALTAKQUISE', 'ACTIVE', 0, 'Funktion: Geschäftsführer/in (CEO) | Mitarbeiter: 1 bis 10 | Branche: Physiotherapie'),
('dc2ce060-c7de-474d-a920-a711ae5236de', '72efe79c-dba1-42a4-a385-be82a3d3ada4', 'KALTAKQUISE', 'ACTIVE', 0, 'Funktion: Geschäftsführer/in (CEO) | Mitarbeiter: 1 bis 10 | Branche: Physiotherapie'),
('171d5d3b-a01b-42c4-a34d-870bb7187a69', '5325416f-2de6-4a10-b42a-0b94866b0b9a', 'KALTAKQUISE', 'ACTIVE', 0, 'Funktion: Geschäftsführer/in (CEO) | Mitarbeiter: 1 bis 10 | Branche: Physiotherapie'),
('2361fc89-fa18-437e-935f-fbab5af9646f', '5c67ee32-2421-46a0-9ca1-9a101c1781d8', 'KALTAKQUISE', 'ACTIVE', 0, 'Funktion: Geschäftsführer/in (CEO) | Mitarbeiter: 1 bis 10 | Branche: Physiotherapie'),
('8568eb92-2c7a-4897-a90a-c0e93088e8a5', '54548a6a-83aa-41e3-b26b-4277c0ca7ff9', 'KALTAKQUISE', 'ACTIVE', 0, 'Funktion: Geschäftsführer/in (CEO) | Mitarbeiter: 1 bis 10 | Branche: Physiotherapie'),
('0c345331-754e-47fe-84b1-cbc69d82d16f', '0d53a454-b579-4619-8894-ecdb745416b4', 'KALTAKQUISE', 'ACTIVE', 0, 'Funktion: Geschäftsführer/in (CEO) | Mitarbeiter: 1 bis 10 | Branche: Physiotherapie'),
('e11d069a-3c49-488a-b0cb-275db64ab42f', '908da84d-9926-4806-9b60-1335241b6816', 'KALTAKQUISE', 'ACTIVE', 0, 'Funktion: Geschäftsführer/in (CEO) | Mitarbeiter: 1 bis 10 | Branche: Physiotherapie | Rechtsform: Gesellschaft mit beschränkter Haftung'),
('2fa8382a-9846-4122-bb06-5ec589315de2', '595c9bf6-e4a0-4bec-bee1-5b8d60560933', 'KALTAKQUISE', 'ACTIVE', 0, 'Funktion: Geschäftsführer/in (CEO) | Mitarbeiter: 1 bis 10 | Branche: Physiotherapie'),
('c865ec4f-e68b-49e1-b36d-fcdc4cfdf7f8', 'f68388d4-3b76-44e2-a396-cd022f8ed752', 'KALTAKQUISE', 'ACTIVE', 0, 'Funktion: Geschäftsführer/in (CEO) | Mitarbeiter: 1 bis 10 | Branche: Physiotherapie'),
('c7b72090-4971-454a-87e3-f07acc053cdf', '802fd907-99d4-4347-a936-3f8e7ff0dc44', 'KALTAKQUISE', 'ACTIVE', 0, 'Funktion: Geschäftsführer/in (CEO) | Mitarbeiter: 1 bis 10 | Branche: Physiotherapie'),
('749a8bdc-a9b5-4223-b28a-3dbcdf85fa5e', '6bf245f3-9ea7-4189-a8ef-9cef5999794d', 'KALTAKQUISE', 'ACTIVE', 0, 'Funktion: Geschäftsführer/in (CEO) | Mitarbeiter: 1 bis 10 | Branche: Physiotherapie'),
('579db168-9a09-4d28-90b7-a2921d45306e', '2e5f0b93-3c00-41a2-9b4b-f91dbb6eec0a', 'KALTAKQUISE', 'ACTIVE', 0, 'Funktion: Geschäftsführer/in (CEO) | Mitarbeiter: 1 bis 10 | Branche: Physiotherapie'),
('bdbcfde8-0694-418a-a81c-dff3f4548d49', '50e1aab4-f040-496d-883e-e309ad143b7e', 'KALTAKQUISE', 'ACTIVE', 0, 'Funktion: Geschäftsführer/in (CEO) | Mitarbeiter: 1 bis 10 | Branche: Physiotherapie'),
('c6c62676-6e14-45ee-ba5a-294b571cfb03', '589cb931-7596-4529-8efa-66053f484088', 'KALTAKQUISE', 'ACTIVE', 0, 'Funktion: Geschäftsführer/in (CEO) | Mitarbeiter: 1 bis 10 | Branche: Physiotherapie'),
('159182ac-c41d-4738-8a75-fcf77d3ec80b', 'a6d74e74-f0d6-4935-ab06-46006111c666', 'KALTAKQUISE', 'ACTIVE', 0, 'Funktion: Geschäftsführer/in (CEO) | Mitarbeiter: 1 bis 10 | Branche: Physiotherapie'),
('ef200f32-12a8-4361-be05-a72a6ef2f445', '62ad4143-aa20-442f-a36a-735219095ed7', 'KALTAKQUISE', 'ACTIVE', 0, 'Funktion: Geschäftsführer/in (CEO) | Mitarbeiter: 1 bis 10 | Branche: Kinderarztpraxen'),
('e3c29341-3fb6-438f-b327-9bcf623d2042', '7f1192ca-3722-44b9-8a35-0910c9bc142c', 'KALTAKQUISE', 'ACTIVE', 0, 'Funktion: Geschäftsführer/in (CEO) | Mitarbeiter: 1 bis 10 | Branche: Kinderarztpraxen'),
('cdbabdd7-5e3a-4601-8bd2-f0c0de0ec189', '8c514a8d-abb8-422c-a46c-61266d1ed928', 'KALTAKQUISE', 'ACTIVE', 0, 'Funktion: Geschäftsführer/in (CEO) | Mitarbeiter: 1 bis 10 | Branche: Kinderarztpraxen'),
('05867c78-9d68-49a5-9222-c7d066a9c585', '794d9cbd-e938-4a1a-8061-a1a58cf125da', 'KALTAKQUISE', 'ACTIVE', 0, 'Funktion: Geschäftsführer/in (CEO) | Mitarbeiter: 1 bis 10 | Branche: Kinderarztpraxen'),
('2c1a5b6c-5ef0-4bfd-8d12-5fc2f3ed1c90', '018a95a1-d379-4062-90e4-5aacedbdf144', 'KALTAKQUISE', 'ACTIVE', 0, 'Funktion: Geschäftsführer/in (CEO) | Mitarbeiter: 1 bis 10 | Branche: Kinderarztpraxen | Rechtsform: Gesellschaft mit beschränkter Haftung'),
('740e38f8-23ca-4a6f-82be-0292eb242731', 'b12987e8-ab06-4527-a9cf-6f17f4673a6a', 'KALTAKQUISE', 'ACTIVE', 0, 'Funktion: Geschäftsführer/in (CEO) | Mitarbeiter: 1 bis 10 | Branche: Kinderarztpraxen | Rechtsform: Aktiengesellschaft'),
('39f326e2-9e3a-4966-9c27-5131a098b295', '987359e4-3fb0-4498-81a6-77133c5a5230', 'KALTAKQUISE', 'ACTIVE', 0, 'Funktion: Geschäftsführer/in (CEO) | Mitarbeiter: 11 bis 20 | Branche: Kinderarztpraxen'),
('b51b0a94-d86d-4223-a49e-e25e434b8fe8', 'c0324506-6cdf-4bf6-b319-d0e17d91cdc1', 'KALTAKQUISE', 'ACTIVE', 0, 'Funktion: Geschäftsführer/in (CEO) | Mitarbeiter: 1 bis 10 | Branche: Physiotherapie'),
('8698cbdc-5b7d-4347-ba84-bc6dcb9bbf8e', '596e2178-3801-471f-8e04-da433dab98cb', 'KALTAKQUISE', 'ACTIVE', 0, 'Funktion: Geschäftsführer/in (CEO) | Mitarbeiter: 11 bis 20 | Branche: Kinderarztpraxen'),
('85e7527c-b629-416b-bfd1-147501d8bcf8', '14a22b04-7b46-471c-97e6-0d18e179c408', 'KALTAKQUISE', 'ACTIVE', 0, 'Funktion: Geschäftsführer/in (CEO) | Mitarbeiter: 11 bis 20 | Branche: Kinderarztpraxen'),
('5399756b-b4ce-4a15-937b-5aa3ba90671a', '745eaa0d-c729-4fb1-a359-a062e8167313', 'KALTAKQUISE', 'ACTIVE', 0, 'Funktion: Geschäftsführer/in (CEO) | Mitarbeiter: 1 bis 10 | Branche: Kinderarztpraxen'),
('6359614f-c83e-4775-ae8d-88b319e50b51', '7d8d4ca9-ff31-4d74-8e17-3aa14f7667ca', 'KALTAKQUISE', 'ACTIVE', 0, 'Funktion: Geschäftsführer/in (CEO) | Mitarbeiter: 1 bis 10 | Branche: Kinderarztpraxen | Rechtsform: Aktiengesellschaft'),
('f7ec4efb-2b36-471a-934e-1d8f26b18ca7', 'ecb7a4ae-f9a3-4c80-9a45-0b01957fdb05', 'KALTAKQUISE', 'ACTIVE', 0, 'Funktion: Geschäftsführer/in (CEO) | Mitarbeiter: 1 bis 10 | Branche: Kinderarztpraxen | Rechtsform: Aktiengesellschaft'),
('b51aa60e-70dc-4119-8e2e-882f50b955d7', '0db832ae-4299-4bfe-83aa-81ede9ab82c1', 'KALTAKQUISE', 'ACTIVE', 0, 'Funktion: Geschäftsführer/in (CEO) | Mitarbeiter: 21 bis 50 | Branche: Kinderarztpraxen'),
('f7c9dfb0-7814-467d-a1af-1237df337d1e', '2272e58b-a2cb-4841-9051-a883c9098c7e', 'KALTAKQUISE', 'ACTIVE', 0, 'Funktion: Geschäftsführer/in (CEO) | Mitarbeiter: 1 bis 10 | Branche: Kinderarztpraxen'),
('0e35d004-bcef-4b67-b1d8-856d1ff69ee7', '11d05e23-083d-432f-80ed-a5f2e3fb7ae4', 'KALTAKQUISE', 'ACTIVE', 0, 'Funktion: Geschäftsführer/in (CEO) | Mitarbeiter: 1 bis 10 | Branche: Arztpraxen | Rechtsform: Gesellschaft mit beschränkter Haftung'),
('c5b4f796-efbe-4979-8d0a-d51dd487b05e', '90553312-82be-4bfb-a058-6bcb849237aa', 'KALTAKQUISE', 'ACTIVE', 0, 'Funktion: Geschäftsführer/in (CEO) | Mitarbeiter: 21 bis 50 | Branche: NGO & NPO | Rechtsform: Stiftung'),
('7d018b19-a6f8-4f6e-bec6-bd0fc2303527', '807bcce7-09a6-4cb6-bec8-585f16b672a1', 'KALTAKQUISE', 'ACTIVE', 0, 'Funktion: Gesamtleitung/Direktion | Mitarbeiter: 1 bis 10 | Branche: Kindergärten & -krippen'),
('a278e7cb-660c-4785-8902-cd64450a621a', '95eb30d1-0793-4561-bf5c-e0e2cdc5a170', 'KALTAKQUISE', 'ACTIVE', 0, 'Funktion: Aerztliche Klinik-Leitung | Mitarbeiter: 51 bis 100 | Branche: Psychiatrie & Psychotherapie'),
('f6540013-9c3a-4e5e-a4b1-1a2c36c08bf7', '44069d3a-e15c-4a64-9db5-a743f84e83f8', 'KALTAKQUISE', 'ACTIVE', 0, 'Funktion: Gesamtleitung/Direktion | Mitarbeiter: 1 bis 10 | Branche: Kindergärten & -krippen | Rechtsform: Einzelunternehmen'),
('a905d2ed-c9c3-4d1b-8451-3c234eba385e', 'f45922d9-800e-44ff-b67c-b5769cf91fb3', 'KALTAKQUISE', 'ACTIVE', 0, 'Funktion: Gesamtleitung/Direktion | Mitarbeiter: 1 bis 10 | Branche: Kindergärten & -krippen'),
('0836e74b-0772-409f-a74d-d759eb7ef499', 'f7bf7df6-9f5a-4a61-9cb9-40c8b19568e2', 'KALTAKQUISE', 'ACTIVE', 0, 'Funktion: Gesamtleitung/Direktion | Mitarbeiter: 11 bis 20 | Branche: Kindergärten & -krippen | Rechtsform: Verein'),
('8021583f-61bb-4ab8-9e1f-e494c6c7e667', '1cfa5223-6db6-4cd4-8fcf-56dd65d144da', 'KALTAKQUISE', 'ACTIVE', 0, 'Funktion: Gesamtleitung/Direktion | Mitarbeiter: 1 bis 10 | Branche: Kindergärten & -krippen'),
('14732042-0986-4d30-b8a6-6787466becdd', 'a5661b48-c6a1-4ba9-8754-7028bcbc805f', 'KALTAKQUISE', 'ACTIVE', 0, 'Funktion: Gesamtleitung/Direktion | Mitarbeiter: 1 bis 10 | Branche: Kindergärten & -krippen'),
('4d5becd5-40ef-4db6-8d57-903f284207c3', 'fff68387-740f-405c-a7b6-75ef8991aafa', 'KALTAKQUISE', 'ACTIVE', 0, 'Funktion: Gesamtleitung/Direktion | Mitarbeiter: 1 bis 10 | Branche: Kindergärten & -krippen'),
('0260f3df-3d0f-4d1e-83e1-5785318e093c', 'e336f64d-27fb-4cb9-9581-c24f0b4af311', 'KALTAKQUISE', 'ACTIVE', 0, 'Funktion: Gesamtleitung/Direktion | Mitarbeiter: 1 bis 10 | Branche: Kindergärten & -krippen'),
('5d9d1842-e5dc-4396-9d6a-7cda37573935', '21e7be46-0c1a-4513-ae49-18ff2af227c8', 'KALTAKQUISE', 'ACTIVE', 0, 'Funktion: Gesamtleitung/Direktion | Mitarbeiter: 1 bis 10 | Branche: Kindergärten & -krippen'),
('45db6570-de43-42c3-ae04-c9bad419c93d', '2a4df2f5-3c99-40a3-abbe-f4b52dfb1eb4', 'KALTAKQUISE', 'ACTIVE', 0, 'Funktion: Gesamtleitung/Direktion | Mitarbeiter: 1 bis 10 | Branche: Kindergärten & -krippen'),
('69ac79f8-c0ab-4733-9282-e572905df814', '84e559e0-5e77-4f40-8bdd-a33983c51202', 'KALTAKQUISE', 'ACTIVE', 0, 'Funktion: Gesamtleitung/Direktion | Mitarbeiter: 1 bis 10 | Branche: Kindergärten & -krippen | Rechtsform: Gesellschaft mit beschränkter Haftung'),
('9a360612-1778-45c9-9498-7d593ec9e6e6', 'd06f53c3-e6e3-4dfa-b12f-57e8ec4da9bd', 'KALTAKQUISE', 'ACTIVE', 0, 'Funktion: Gesamtleitung/Direktion | Mitarbeiter: 11 bis 20 | Branche: Kindergärten & -krippen'),
('e4bb9faa-3292-46cd-b0d8-9b5040c963ae', 'd0dbb9d1-9733-4a5a-a9fa-b4cd02f4a84e', 'KALTAKQUISE', 'ACTIVE', 0, 'Funktion: Gesamtleitung/Direktion | Mitarbeiter: 11 bis 20 | Branche: Kindergärten & -krippen'),
('7f6100c7-2e71-4aa4-96f7-79fdb6ec3e42', 'ba40dc72-73f8-4adf-aa44-2339d1696f5c', 'KALTAKQUISE', 'ACTIVE', 0, 'Funktion: Gesamtleitung/Direktion | Mitarbeiter: 11 bis 20 | Branche: Kindergärten & -krippen'),
('19432f6c-3720-4b61-b3eb-973094033602', '975965d9-c4cb-4b8e-b28a-0453d51effd5', 'KALTAKQUISE', 'ACTIVE', 0, 'Funktion: Gesamtleitung/Direktion | Mitarbeiter: 1 bis 10 | Branche: Kindergärten & -krippen'),
('32d0b0ae-7522-4417-9f25-75c52e256ec2', 'd64ac740-c18e-4383-bcdd-777389b72096', 'KALTAKQUISE', 'ACTIVE', 0, 'Funktion: Gesamtleitung/Direktion | Mitarbeiter: 1 bis 10 | Branche: Kindergärten & -krippen'),
('2fe2b6a6-ebda-4357-8ffe-11866fa14223', 'b50b41e0-e41f-4c5f-b611-4f30c0e3160a', 'KALTAKQUISE', 'ACTIVE', 0, 'Funktion: Gesamtleitung/Direktion | Mitarbeiter: 1 bis 10 | Branche: Kindergärten & -krippen'),
('bfe2ce4d-aab7-422e-a232-ede2db358a33', '25050009-160f-4333-8725-d561fdbda2c0', 'KALTAKQUISE', 'ACTIVE', 0, 'Funktion: Gesamtleitung/Direktion | Mitarbeiter: 1 bis 10 | Branche: Kindergärten & -krippen'),
('37632193-f95e-4f2c-9100-db0687b46acb', 'ce40d628-3f29-4d33-b549-6699269d1109', 'KALTAKQUISE', 'ACTIVE', 0, 'Funktion: Gesamtleitung/Direktion | Mitarbeiter: 1 bis 10 | Branche: Kindergärten & -krippen'),
('f8b4abf2-e264-4fd8-a851-6a4f2fc3c10c', '0475fc22-2932-4175-9a1d-01aa81f82e35', 'KALTAKQUISE', 'ACTIVE', 0, 'Funktion: Gesamtleitung/Direktion | Mitarbeiter: 21 bis 50 | Branche: Kindergärten & -krippen'),
('f1a050fd-c468-4d78-a479-a23203855ab7', 'd7904636-ae50-42fb-82a0-332e31d99862', 'KALTAKQUISE', 'ACTIVE', 0, 'Funktion: Gesamtleitung/Direktion | Mitarbeiter: 1 bis 10 | Branche: Kindergärten & -krippen'),
('81f9d11e-be10-4fdb-b43e-47f690f2b21b', '44c6eded-a865-4fa1-b299-80a84c40190f', 'KALTAKQUISE', 'ACTIVE', 0, 'Funktion: Gesamtleitung/Direktion | Mitarbeiter: 11 bis 20 | Branche: Kindergärten & -krippen'),
('f2e92ea3-0f60-46c8-b893-11ba8e65a75d', '92352041-b341-4e21-b105-3bcec5a4e2af', 'KALTAKQUISE', 'ACTIVE', 0, 'Funktion: Gesamtleitung/Direktion | Mitarbeiter: 11 bis 20 | Branche: Kindergärten & -krippen | Rechtsform: Verein'),
('0d35669a-6eb4-4338-92f3-d7b237d463f2', '9020799a-b90c-4ea9-b2ad-c7ce74937909', 'KALTAKQUISE', 'ACTIVE', 0, 'Funktion: Gesamtleitung/Direktion | Mitarbeiter: 1 bis 10 | Branche: Kindergärten & -krippen'),
('5b52540b-e9a8-465b-ab8c-6d6b11f06f7d', '0b9734ed-f43e-404d-9b71-cb1c89a35614', 'KALTAKQUISE', 'ACTIVE', 0, 'Funktion: Gesamtleitung/Direktion | Mitarbeiter: 11 bis 20 | Branche: Kindergärten & -krippen'),
('4a95e0b6-4835-4711-9f7c-1bc639da76db', '174823ba-8e41-4902-a004-a06a8aea3a3f', 'KALTAKQUISE', 'ACTIVE', 0, 'Funktion: Gesamtleitung/Direktion | Mitarbeiter: 11 bis 20 | Branche: Kindergärten & -krippen'),
('6936e924-fca8-4cd6-9d37-ac442d676d11', '493d46f1-9c5c-48f6-bee2-c1e66ab74c50', 'KALTAKQUISE', 'ACTIVE', 0, 'Funktion: Gesamtleitung/Direktion | Mitarbeiter: 1 bis 10 | Branche: Kindergärten & -krippen'),
('d560ea89-d006-4237-b11b-9b86b0e5d38e', 'd0251ce9-e529-4177-a3f6-1d66f411f96d', 'KALTAKQUISE', 'ACTIVE', 0, 'Funktion: Gesamtleitung/Direktion | Mitarbeiter: 1 bis 10 | Branche: Kindergärten & -krippen'),
('4943dd04-9bd8-4024-aaa6-e1c4eae4e5cb', 'e07b5a35-1c49-431d-a167-db9b85bcaac3', 'KALTAKQUISE', 'ACTIVE', 0, 'Funktion: Gesamtleitung/Direktion | Mitarbeiter: 1 bis 10 | Branche: Kindergärten & -krippen'),
('d4bedc67-64dc-4ba5-992e-cac11b90efb0', '4a7b5a02-a003-4bac-9296-c32cf9bdc184', 'KALTAKQUISE', 'ACTIVE', 0, 'Funktion: Gesamtleitung/Direktion | Mitarbeiter: 11 bis 20 | Branche: Kindergärten & -krippen'),
('575d921f-f0ab-479d-81a5-e1af7cdd87cd', '85f318be-96a1-4afa-aae8-4142c1c719ec', 'KALTAKQUISE', 'ACTIVE', 0, 'Funktion: Gesamtleitung/Direktion | Mitarbeiter: 1 bis 10 | Branche: Kindergärten & -krippen'),
('854bf843-1de6-4e1c-93e9-f2572abb8333', 'c2bceee8-6651-4899-b590-3b515a9ef9b6', 'KALTAKQUISE', 'ACTIVE', 0, 'Funktion: Gesamtleitung/Direktion | Mitarbeiter: 11 bis 20 | Branche: Kindergärten & -krippen'),
('30eb80e9-cb49-4886-a3b8-d4dbee4a9c35', 'e0e75073-d398-4ec2-a308-7d937c7d6564', 'KALTAKQUISE', 'ACTIVE', 0, 'Funktion: Gesamtleitung/Direktion | Mitarbeiter: 1 bis 10 | Branche: Kindergärten & -krippen | Rechtsform: Gesellschaft mit beschränkter Haftung'),
('a9b1ec10-0dc1-4d10-9f86-691fd4e8763d', 'bfb1d51f-c30e-44e9-ae74-0bf9f883936e', 'KALTAKQUISE', 'ACTIVE', 0, 'Funktion: Gesamtleitung/Direktion | Mitarbeiter: 1 bis 10 | Branche: Kindergärten & -krippen'),
('c997c8ee-7770-41fb-a5eb-8c6960ceedb7', '7f978b6f-29c3-4550-ad0f-e0a90d3184c4', 'KALTAKQUISE', 'ACTIVE', 0, 'Funktion: Gesamtleitung/Direktion | Mitarbeiter: 1 bis 10 | Branche: Kindergärten & -krippen'),
('925f5fc6-708c-4da2-8e9d-88b69b4c0124', '4b9a33c7-9c45-429a-b334-52f292737abe', 'KALTAKQUISE', 'ACTIVE', 0, 'Funktion: Gesamtleitung/Direktion | Mitarbeiter: 1 bis 10 | Branche: Kindergärten & -krippen'),
('10ba27fa-b9e5-46bd-807a-385134daf791', '0d293988-2e57-4f21-8a45-c702ede0c394', 'KALTAKQUISE', 'ACTIVE', 0, 'Funktion: Gesamtleitung/Direktion | Mitarbeiter: 1 bis 10 | Branche: Kindergärten & -krippen'),
('02207492-1b9a-4941-883b-0e3ca61a914f', 'f1e70245-bcdf-4e06-a568-2d913f1460cc', 'KALTAKQUISE', 'ACTIVE', 0, 'Funktion: Gesamtleitung/Direktion | Mitarbeiter: 1 bis 10 | Branche: Kindergärten & -krippen'),
('ea05e4cf-e25e-47be-9aa8-7b01729bcf87', 'cf60f069-95f4-4e91-81b2-a47b3a05ac09', 'KALTAKQUISE', 'ACTIVE', 0, 'Funktion: Gesamtleitung/Direktion | Mitarbeiter: 1 bis 10 | Branche: Kindergärten & -krippen'),
('7addf883-0113-433f-8911-ba5bac30720a', 'f4b4c041-c66a-4b1f-b0ef-c5b9ce344913', 'KALTAKQUISE', 'ACTIVE', 0, 'Funktion: Gesamtleitung/Direktion | Mitarbeiter: 1 bis 10 | Branche: Kindergärten & -krippen'),
('d14e4599-e6c2-473a-a5f2-238e027576b2', '12d5b09c-aafd-4178-a52f-30c074e35b1a', 'KALTAKQUISE', 'ACTIVE', 0, 'Funktion: Gesamtleitung/Direktion | Mitarbeiter: 1 bis 10 | Branche: Kindergärten & -krippen'),
('31dcef9d-1d86-4da4-a635-9bd224cefd63', '677ed648-f16d-49b5-a0c9-3b0025548200', 'KALTAKQUISE', 'ACTIVE', 0, 'Funktion: Gesamtleitung/Direktion | Mitarbeiter: 1 bis 10 | Branche: Kindergärten & -krippen'),
('8511ed08-033a-46cc-90cb-8ce90ee8efac', 'f5eb2f81-7f14-4bca-8514-b5f524ba56db', 'KALTAKQUISE', 'ACTIVE', 0, 'Funktion: Gesamtleitung/Direktion | Mitarbeiter: 1 bis 10 | Branche: Kindergärten & -krippen'),
('3949a19d-5c2c-4205-8707-39915bfa4ea0', '6c102792-a2f5-4fc4-8e75-db57bdea6fb9', 'KALTAKQUISE', 'ACTIVE', 0, 'Funktion: Gesamtleitung/Direktion | Mitarbeiter: 1 bis 10 | Branche: Kindergärten & -krippen'),
('a106bb7b-3659-4d06-89e8-8d39c1ccc744', 'c08ccebd-cc25-4ae0-8260-d06ff3dbcb8b', 'KALTAKQUISE', 'ACTIVE', 0, 'Funktion: Gesamtleitung/Direktion | Mitarbeiter: 1 bis 10 | Branche: Kindergärten & -krippen'),
('3d8b9842-3042-45e3-bf01-20ad30036183', '1889aa9a-12d7-4bfb-a1f8-ae6f7b1e4d41', 'KALTAKQUISE', 'ACTIVE', 0, 'Funktion: Gesamtleitung/Direktion | Mitarbeiter: 1 bis 10 | Branche: Kindergärten & -krippen'),
('9fd2d99d-783f-4d19-89be-6109b1ef189b', '6acd5937-6ab8-4a3a-8837-7fb4e7d8600c', 'KALTAKQUISE', 'ACTIVE', 0, 'Funktion: Gesamtleitung/Direktion | Mitarbeiter: 1 bis 10 | Branche: Kindergärten & -krippen'),
('6415abe5-d8fa-4b6e-8118-bea0bd941d34', '11aebb07-903d-46fd-9140-bc7678c02e12', 'KALTAKQUISE', 'ACTIVE', 0, 'Funktion: Gesamtleitung/Direktion | Mitarbeiter: 11 bis 20 | Branche: Kindergärten & -krippen'),
('2f0b18f7-8aeb-4c7e-b7fd-118a56a264ec', '4b87575c-462a-4915-a7cd-90db0a2cfa25', 'KALTAKQUISE', 'ACTIVE', 0, 'Funktion: Gesamtleitung/Direktion | Mitarbeiter: 1 bis 10 | Branche: Kindergärten & -krippen'),
('ed37a86a-f536-4c8f-a607-1c73c6695acc', '64b05f97-546a-49f3-a424-15bf839184e4', 'KALTAKQUISE', 'ACTIVE', 0, 'Funktion: Gesamtleitung/Direktion | Mitarbeiter: 21 bis 50 | Branche: Kindergärten & -krippen'),
('60ca9bd9-76a3-440c-b68a-da1b4819381e', '109dab3e-13b8-4442-957f-1dcfff4bedca', 'KALTAKQUISE', 'ACTIVE', 0, 'Funktion: Gesamtleitung/Direktion | Mitarbeiter: 1 bis 10 | Branche: Kindergärten & -krippen'),
('389a139f-31e0-4a25-a246-c7df42bddfbe', '01a7bd33-6e34-4f3b-b6d8-38978a41241a', 'KALTAKQUISE', 'ACTIVE', 0, 'Funktion: Gesamtleitung/Direktion | Mitarbeiter: 1 bis 10 | Branche: Kindergärten & -krippen'),
('2eff04c6-a9fa-4e12-8211-d6d5b87b6a51', 'f7e2b5bb-1266-4453-8a50-94c3093bd3b3', 'KALTAKQUISE', 'ACTIVE', 0, 'Funktion: Gesamtleitung/Direktion | Mitarbeiter: 11 bis 20 | Branche: Kindergärten & -krippen'),
('0ef147ce-6dd0-430b-bdfd-eee7dde4fb57', 'cd5ef36b-d82a-4a3b-a086-0d44f68c1a86', 'KALTAKQUISE', 'ACTIVE', 0, 'Funktion: Gesamtleitung/Direktion | Mitarbeiter: 11 bis 20 | Branche: Kindergärten & -krippen'),
('b3ed6599-bdc8-4739-987b-591d78fb8e39', '0a945938-9c00-4abb-a8d3-c9bf4163a260', 'KALTAKQUISE', 'ACTIVE', 0, 'Funktion: Gesamtleitung/Direktion | Mitarbeiter: 11 bis 20 | Branche: Kindergärten & -krippen'),
('aa643ca3-a8b1-479c-9598-710cbd1fcdae', 'a5ab4a53-e383-4469-8a29-b6c98e29bce3', 'KALTAKQUISE', 'ACTIVE', 0, 'Funktion: Gesamtleitung/Direktion | Mitarbeiter: 11 bis 20 | Branche: Kindergärten & -krippen'),
('68b747a8-4508-4ffe-be48-123a8345e6a2', '5bd8c189-a5bf-4b12-9a08-cc7eed95c535', 'KALTAKQUISE', 'ACTIVE', 0, 'Funktion: Gesamtleitung/Direktion | Mitarbeiter: 11 bis 20 | Branche: Kindergärten & -krippen'),
('99ec8de6-72a3-4b19-9207-f468266d6889', '1165084e-d47f-4677-8731-b8b8125218bd', 'KALTAKQUISE', 'ACTIVE', 0, 'Funktion: Gesamtleitung/Direktion | Mitarbeiter: 21 bis 50 | Branche: Kindergärten & -krippen'),
('2cbd9a64-14b6-49dd-9afb-76a42b2df791', '2102fb67-3e75-4564-9808-e74680f1a8d6', 'KALTAKQUISE', 'ACTIVE', 0, 'Funktion: Gesamtleitung/Direktion | Mitarbeiter: 1 bis 10 | Branche: Kindergärten & -krippen'),
('d90a835e-1cfb-407f-be5b-1b05d727b841', '8cedaa49-6541-40f5-b989-236263b3b098', 'KALTAKQUISE', 'ACTIVE', 0, 'Funktion: Gesamtleitung/Direktion | Mitarbeiter: 21 bis 50 | Branche: Kindergärten & -krippen | Rechtsform: Gesellschaft mit beschränkter Haftung'),
('493c60bb-7f00-4bba-aa11-298ad652ad65', 'ec7a3370-f2ae-4431-ac52-1475968b4d45', 'KALTAKQUISE', 'ACTIVE', 0, 'Funktion: Gesamtleitung/Direktion | Mitarbeiter: 21 bis 50 | Branche: Kindergärten & -krippen'),
('6db28de5-a428-452e-92a0-3f117df525ec', '975d5794-1850-45f7-9612-333255e40f2e', 'KALTAKQUISE', 'ACTIVE', 0, 'Funktion: Gesamtleitung/Direktion | Mitarbeiter: 11 bis 20 | Branche: Kindergärten & -krippen | Rechtsform: Gesellschaft mit beschränkter Haftung'),
('18e1ef4f-001d-4183-859f-336805ddae52', 'bad40637-80f1-485d-8e25-b478d50ec476', 'KALTAKQUISE', 'ACTIVE', 0, 'Funktion: Gesamtleitung/Direktion | Mitarbeiter: 21 bis 50 | Branche: Kindergärten & -krippen'),
('482dd71f-fcf0-4e6b-bfc6-020097bd0825', 'fe304170-803d-4467-a9f5-74323a973a67', 'KALTAKQUISE', 'ACTIVE', 0, 'Funktion: Gesamtleitung/Direktion | Mitarbeiter: 1 bis 10 | Branche: Kindergärten & -krippen'),
('44b5f925-5a22-4fe3-ad8e-df98066b437a', '3e1b853a-fac2-4735-994b-be0ecb9909d5', 'KALTAKQUISE', 'ACTIVE', 0, 'Funktion: Gesamtleitung/Direktion | Mitarbeiter: 1 bis 10 | Branche: Kindergärten & -krippen'),
('e4f0903e-723c-4299-a000-ce5ce58eb2d8', 'e76130ce-9f2a-45ce-9a31-e32654713102', 'KALTAKQUISE', 'ACTIVE', 0, 'Funktion: Gesamtleitung/Direktion | Mitarbeiter: 11 bis 20 | Branche: Kindergärten & -krippen | Rechtsform: Gesellschaft mit beschränkter Haftung'),
('dea1999c-cbd8-4e2d-9fc5-4634da530220', '558298ef-f765-4bc2-b964-d3316579ca47', 'KALTAKQUISE', 'ACTIVE', 0, 'Funktion: Gesamtleitung/Direktion | Mitarbeiter: 1 bis 10 | Branche: Kindergärten & -krippen'),
('d0f83a74-94c6-4b81-82aa-c636793ad59f', 'b7e84bc8-ff99-40cf-ae9e-f950b537f266', 'KALTAKQUISE', 'ACTIVE', 0, 'Funktion: Gesamtleitung/Direktion | Mitarbeiter: 1 bis 10 | Branche: Kindergärten & -krippen'),
('3800e356-0a82-4084-b765-8f24703893ed', 'a9c78c10-03b5-48c5-8d1f-9992fea1ee55', 'KALTAKQUISE', 'ACTIVE', 0, 'Funktion: Gesamtleitung/Direktion | Mitarbeiter: 1 bis 10 | Branche: Kindergärten & -krippen'),
('70f11bc0-483c-44f4-9d3b-27a10be50cbc', 'fbd08577-d42e-4ba3-b0d4-02f2f5383b58', 'KALTAKQUISE', 'ACTIVE', 0, 'Funktion: Gesamtleitung/Direktion | Mitarbeiter: 1 bis 10 | Branche: Kindergärten & -krippen'),
('813a8377-3fd5-42c0-bb9e-bbecd9439eff', '13bbe1a7-5ad4-48c8-b6b3-a8f54e6cdf25', 'KALTAKQUISE', 'ACTIVE', 0, 'Funktion: Gesamtleitung/Direktion | Mitarbeiter: 1 bis 10 | Branche: Kindergärten & -krippen'),
('10cf5639-19f0-4b74-80b3-2ed336d59fb7', '5882d11f-b2c4-4b97-b264-1164adc173b1', 'KALTAKQUISE', 'ACTIVE', 0, 'Funktion: Gesamtleitung/Direktion | Mitarbeiter: 1 bis 10 | Branche: Kindergärten & -krippen'),
('a0f7272e-88e0-4b4a-9369-6df313a7e8b2', '3d394c25-9707-4843-9b79-4fb8874f7529', 'KALTAKQUISE', 'ACTIVE', 0, 'Funktion: Gesamtleitung/Direktion | Mitarbeiter: 1 bis 10 | Branche: Kindergärten & -krippen'),
('95adf656-e396-4672-96ba-c44be9c1aba3', 'bb4e1cba-1bb8-4ffc-acc7-fea233a2d323', 'KALTAKQUISE', 'ACTIVE', 0, 'Funktion: Gesamtleitung/Direktion | Mitarbeiter: 1 bis 10 | Branche: Kindergärten & -krippen'),
('74ea2612-0f76-455c-9d3a-8424db895dcf', '70b6a3cc-3cd3-4d91-a45f-23b3ba4c9757', 'KALTAKQUISE', 'ACTIVE', 0, 'Funktion: Gesamtleitung/Direktion | Mitarbeiter: 21 bis 50 | Branche: Kindergärten & -krippen | Rechtsform: Verein'),
('1ab6b6ce-16ad-4955-9ec0-c28f143c1dc3', '4c33a977-1ac0-43b0-8bb6-182ebdcd966f', 'KALTAKQUISE', 'ACTIVE', 0, 'Funktion: Gesamtleitung/Direktion | Mitarbeiter: 1 bis 10 | Branche: Kindergärten & -krippen'),
('98b1e7a4-890c-4485-bfb9-160422b48707', '2f4f295a-0e11-4e0a-a782-40cffa394b6e', 'KALTAKQUISE', 'ACTIVE', 0, 'Funktion: Gesamtleitung/Direktion | Mitarbeiter: 1 bis 10 | Branche: Kindergärten & -krippen'),
('f159b08c-8c2f-4513-8a3a-d242499654d7', 'ce581b06-8279-4a39-9cfa-c57c2423b499', 'KALTAKQUISE', 'ACTIVE', 0, 'Funktion: Gesamtleitung/Direktion | Mitarbeiter: 1 bis 10 | Branche: Kindergärten & -krippen'),
('9ca22c63-3b05-4b4e-9406-6a02eef7d531', '27583c9f-0bfd-4224-8fa8-e87825b3c819', 'KALTAKQUISE', 'ACTIVE', 0, 'Funktion: Gesamtleitung/Direktion | Mitarbeiter: 1 bis 10 | Branche: Kindergärten & -krippen'),
('3f43e44e-7902-4f34-a86f-e1f927df4a39', '76090bf6-3178-4c06-b6a3-f4510f1cf9b1', 'KALTAKQUISE', 'ACTIVE', 0, 'Funktion: Gesamtleitung/Direktion | Mitarbeiter: 1 bis 10 | Branche: Kindergärten & -krippen'),
('ea5a1842-c5b8-485a-b898-a3789f6f2c9b', '4b6e60e8-671f-45e4-ba71-a26f6a2c567d', 'KALTAKQUISE', 'ACTIVE', 0, 'Funktion: Gesamtleitung/Direktion | Mitarbeiter: 1 bis 10 | Branche: Kindergärten & -krippen'),
('642d1865-69e7-44c0-bcf5-fab87e45d493', 'dc4f761a-91e5-4c4b-8dea-8d71d11663a6', 'KALTAKQUISE', 'ACTIVE', 0, 'Funktion: Gesamtleitung/Direktion | Mitarbeiter: 1 bis 10 | Branche: Kindergärten & -krippen'),
('375f1c83-816c-4cfc-90fb-7664a62e7681', '52065cae-d4e8-4c4d-973e-14fb70c8f13d', 'KALTAKQUISE', 'ACTIVE', 0, 'Funktion: Gesamtleitung/Direktion | Mitarbeiter: 1 bis 10 | Branche: Kindergärten & -krippen'),
('5c96562e-0a63-4163-858a-a2c85ed8961f', 'f718a9bc-aa33-4799-9e0e-0f185e8453db', 'KALTAKQUISE', 'ACTIVE', 0, 'Funktion: Gesamtleitung/Direktion | Mitarbeiter: 11 bis 20 | Branche: Kindergärten & -krippen'),
('c41a324b-ee35-4946-a236-7c0d0b846c4b', '7d411f74-1ac5-4904-9a81-0d291f40662e', 'KALTAKQUISE', 'ACTIVE', 0, 'Funktion: Gesamtleitung/Direktion | Mitarbeiter: 1 bis 10 | Branche: Kindergärten & -krippen | Rechtsform: Verein'),
('eacfbb62-dc63-4909-819a-eb9532274355', 'b730a1e6-a1f4-4efc-9dd8-827403ce65bf', 'KALTAKQUISE', 'ACTIVE', 0, 'Funktion: Gesamtleitung/Direktion | Mitarbeiter: 1 bis 10 | Branche: Kindergärten & -krippen'),
('37a1673e-57d3-4fb2-a773-f4829237b094', 'a29b74fa-b65d-4220-ae98-29a2e5eb6b73', 'KALTAKQUISE', 'ACTIVE', 0, 'Funktion: Gesamtleitung/Direktion | Mitarbeiter: 11 bis 20 | Branche: Kindergärten & -krippen'),
('39dea02f-3509-4d15-a48f-822d6d3b8985', '2e0e2418-1140-4964-91ae-bf7d594402a6', 'KALTAKQUISE', 'ACTIVE', 0, 'Funktion: Gesamtleitung/Direktion | Mitarbeiter: 11 bis 20 | Branche: Kindergärten & -krippen'),
('ee4f3025-bf5e-462c-8d7d-ef75baedfeef', '7ea4c519-1572-48da-ac07-d685bbcff898', 'KALTAKQUISE', 'ACTIVE', 0, 'Funktion: Gesamtleitung/Direktion | Mitarbeiter: 21 bis 50 | Branche: Kindergärten & -krippen'),
('910516b0-2c04-4ca4-9ab5-f2bf504935d6', '018a7389-3911-4884-98e1-f1067cb7d4df', 'KALTAKQUISE', 'ACTIVE', 0, 'Funktion: Gesamtleitung/Direktion | Mitarbeiter: 1 bis 10 | Branche: Kindergärten & -krippen'),
('9d5a0577-fa6f-4f39-840f-e723b651f957', '784835f9-749f-4c34-b0c3-dce6a212b7ca', 'KALTAKQUISE', 'ACTIVE', 0, 'Funktion: Gesamtleitung/Direktion | Mitarbeiter: 11 bis 20 | Branche: Kindergärten & -krippen'),
('962b78cf-6584-4ae1-ab1a-f6ca68e1f58d', 'a66ae737-48c4-48c8-b60e-20e4fd496fd1', 'KALTAKQUISE', 'ACTIVE', 0, 'Funktion: Gesamtleitung/Direktion | Mitarbeiter: 1 bis 10 | Branche: Kindergärten & -krippen'),
('b4b94856-5558-421e-9acc-a6ee077c7f34', '2789f299-6a6e-4bb6-95d6-7570a81d515d', 'KALTAKQUISE', 'ACTIVE', 0, 'Funktion: Gesamtleitung/Direktion | Mitarbeiter: 11 bis 20 | Branche: Kindergärten & -krippen'),
('1697552b-dc9b-4b4e-8bd0-59143df4daf7', 'b06c0904-136e-47d8-a0a4-b8d270d8dbd3', 'KALTAKQUISE', 'ACTIVE', 0, 'Funktion: Gesamtleitung/Direktion | Mitarbeiter: 1 bis 10 | Branche: Kindergärten & -krippen'),
('b546916a-7e98-4e75-b163-ca64105d90d3', '29bad5c3-514e-48ba-b5af-4ab44daa02b2', 'KALTAKQUISE', 'ACTIVE', 0, 'Funktion: Gesamtleitung/Direktion | Mitarbeiter: 1 bis 10 | Branche: Kindergärten & -krippen'),
('a6401867-6b24-4ff2-bc16-39b075bd3c98', 'b3f36b54-1bd1-468e-820c-b8c9d568972a', 'KALTAKQUISE', 'ACTIVE', 0, 'Funktion: Gesamtleitung/Direktion | Mitarbeiter: 1 bis 10 | Branche: Kindergärten & -krippen'),
('571831e9-fa22-4ee4-98f5-96ff83c14eb0', '6e8a422e-e099-45a1-8736-9db5b4e3ea10', 'KALTAKQUISE', 'ACTIVE', 0, 'Funktion: Gesamtleitung/Direktion | Mitarbeiter: 1 bis 10 | Branche: Kindergärten & -krippen'),
('294e94dc-1cc2-4635-9f2a-5e92d71a19a6', '393a43c4-cfff-4b2d-b029-16befbb532f9', 'KALTAKQUISE', 'ACTIVE', 0, 'Funktion: Gesamtleitung/Direktion | Mitarbeiter: 11 bis 20 | Branche: Kindergärten & -krippen'),
('083f325b-9936-464c-af4e-d79ab4dd74c2', '348b4f61-8bed-4c1a-a1be-5031a85acf06', 'KALTAKQUISE', 'ACTIVE', 0, 'Funktion: Gesamtleitung/Direktion | Mitarbeiter: 11 bis 20 | Branche: Kindergärten & -krippen'),
('68b0cb50-8edc-43ee-ac91-811ed9814726', '5489b2a5-fcaa-445f-ad05-6e914fb46e93', 'KALTAKQUISE', 'ACTIVE', 0, 'Funktion: Gesamtleitung/Direktion | Mitarbeiter: 11 bis 20 | Branche: Kindergärten & -krippen'),
('1e653f41-5a88-4838-be68-88e62dd3a44a', '92584e2d-3303-4cd3-9726-5134d47ced68', 'KALTAKQUISE', 'ACTIVE', 0, 'Funktion: Gesamtleitung/Direktion | Mitarbeiter: 11 bis 20 | Branche: Kindergärten & -krippen'),
('aec87b33-b97b-4674-9d0e-5df88da55741', '91f71b16-f740-4166-9f45-1fe76f4580b6', 'KALTAKQUISE', 'ACTIVE', 0, 'Funktion: Gesamtleitung/Direktion | Mitarbeiter: 1 bis 10 | Branche: Kindergärten & -krippen'),
('6ae0f2fb-aff1-457a-88fd-ff22d2e23aae', '7fbe95ec-8121-4b9a-800f-2a9d6203ae69', 'KALTAKQUISE', 'ACTIVE', 0, 'Funktion: Gesamtleitung/Direktion | Mitarbeiter: 1 bis 10 | Branche: Kindergärten & -krippen'),
('b37ecf00-47e9-422e-89ec-63e66c1b71a6', 'd61a69ff-361e-4c42-826f-290e9cd561b7', 'KALTAKQUISE', 'ACTIVE', 0, 'Funktion: Gesamtleitung/Direktion | Mitarbeiter: 1 bis 10 | Branche: Kindergärten & -krippen | Rechtsform: Gesellschaft mit beschränkter Haftung'),
('eb967fa2-b25e-4164-b683-18e844e16cf4', 'a748df03-3208-44d8-9a2c-3e0b578e6ee1', 'KALTAKQUISE', 'ACTIVE', 0, 'Funktion: Gesamtleitung/Direktion | Mitarbeiter: 1 bis 10 | Branche: Kindergärten & -krippen'),
('5dedf1f6-e746-4be2-95cc-26dade8fa0ea', '69fb2bbe-f7b6-4903-afa2-4d257e59005c', 'KALTAKQUISE', 'ACTIVE', 0, 'Funktion: Gesamtleitung/Direktion | Mitarbeiter: 11 bis 20 | Branche: Kindergärten & -krippen'),
('b034350d-8cc7-457b-b8a8-162f70108162', '9ec9a815-da0b-4cad-87d0-19902d26a0f2', 'KALTAKQUISE', 'ACTIVE', 0, 'Funktion: Gesamtleitung/Direktion | Mitarbeiter: 1 bis 10 | Branche: Kindergärten & -krippen'),
('a2423573-157b-4516-858b-32e8c97c32b3', '8c6108cd-37bb-4d92-a756-95bd8d8c18fd', 'KALTAKQUISE', 'ACTIVE', 0, 'Funktion: Gesamtleitung/Direktion | Mitarbeiter: 21 bis 50 | Branche: Kindergärten & -krippen'),
('94ad8567-2486-482a-8adb-91751a518e33', '8847269f-e8be-4af3-b5a4-b4a93a170cf1', 'KALTAKQUISE', 'ACTIVE', 0, 'Funktion: Gesamtleitung/Direktion | Mitarbeiter: 1 bis 10 | Branche: Kindergärten & -krippen'),
('36efd472-ee85-4bd3-869e-6ac78058075f', 'ec2b4770-13ec-4eb3-afd5-4f5697b67e15', 'KALTAKQUISE', 'ACTIVE', 0, 'Funktion: Gesamtleitung/Direktion | Mitarbeiter: 11 bis 20 | Branche: Kindergärten & -krippen'),
('ea35caa6-0da2-4c24-8043-83dfec5806b5', '6973fb62-9876-4d36-ac40-efa3210550f1', 'KALTAKQUISE', 'ACTIVE', 0, 'Funktion: Gesamtleitung/Direktion | Mitarbeiter: 1 bis 10 | Branche: Kindergärten & -krippen'),
('443c991a-5a43-47c3-b470-73c5c7cf5fdc', '4752cbb3-6f2c-4485-9760-a8da5c06d33a', 'KALTAKQUISE', 'ACTIVE', 0, 'Funktion: Gesamtleitung/Direktion | Mitarbeiter: 11 bis 20 | Branche: Kindergärten & -krippen'),
('b6980fdb-67b2-4b9d-8bda-6fd8fdf183e0', '26519b23-5383-4e52-a647-20f5b3a08b56', 'KALTAKQUISE', 'ACTIVE', 0, 'Funktion: Gesamtleitung/Direktion | Mitarbeiter: 1 bis 10 | Branche: Kindergärten & -krippen'),
('cb929dad-7f19-4348-9258-8882c4a8cbc7', 'f1ef160c-b580-49b7-b3be-7889e49fa5bb', 'KALTAKQUISE', 'ACTIVE', 0, 'Funktion: Gesamtleitung/Direktion | Mitarbeiter: 1 bis 10 | Branche: Kindergärten & -krippen'),
('c1066c30-b4df-43e9-843c-b11e4ca9c751', '961719dd-daf6-4dce-a79d-c68c0fb97424', 'KALTAKQUISE', 'ACTIVE', 0, 'Funktion: Gesamtleitung/Direktion | Mitarbeiter: 21 bis 50 | Branche: Kindergärten & -krippen'),
('1a9b5c2f-ee5d-4d44-9d9c-52d95489ab5e', 'f3dac2fb-698a-4846-8836-5c6dd8b98274', 'KALTAKQUISE', 'ACTIVE', 0, 'Funktion: Gesamtleitung/Direktion | Mitarbeiter: 21 bis 50 | Branche: Kindergärten & -krippen'),
('78355e71-73f6-45c9-b3fe-c086539e9ac8', 'bae731bf-6f5c-49f0-83cc-3ac94af2b6b3', 'KALTAKQUISE', 'ACTIVE', 0, 'Funktion: Gesamtleitung/Direktion | Mitarbeiter: 21 bis 50 | Branche: Kindergärten & -krippen'),
('021d200d-fe4a-45d7-bea2-f6cf3cc03a9d', '29eda66e-8691-44e6-a86a-1dbcd5ed3988', 'KALTAKQUISE', 'ACTIVE', 0, 'Funktion: Gesamtleitung/Direktion | Mitarbeiter: 11 bis 20 | Branche: Kindergärten & -krippen'),
('3c20b1a1-ed3e-466b-9d4c-870609e28df8', 'ac3141d4-e25c-4c43-8eda-ceec251a8c3f', 'KALTAKQUISE', 'ACTIVE', 0, 'Funktion: Gesamtleitung/Direktion | Mitarbeiter: 21 bis 50 | Branche: Kindergärten & -krippen | Rechtsform: Gesellschaft mit beschränkter Haftung'),
('9155499c-5fea-4ac1-8feb-8889855b63fe', '326b3b2f-da32-4a8b-a148-a6d5c2c5533a', 'KALTAKQUISE', 'ACTIVE', 0, 'Funktion: Gesamtleitung/Direktion | Mitarbeiter: 1 bis 10 | Branche: Kindergärten & -krippen'),
('985fecce-9126-4997-8a64-0208f8733027', '51e5baf5-b599-45a1-94f9-256bf86116e2', 'KALTAKQUISE', 'ACTIVE', 0, 'Funktion: Gesamtleitung/Direktion | Mitarbeiter: 1 bis 10 | Branche: Kindergärten & -krippen'),
('f05f97c1-e24a-4c08-ad32-56ce77478ba9', '99d2b49f-e5d8-4dfa-af87-690d80fc225d', 'KALTAKQUISE', 'ACTIVE', 0, 'Funktion: Gesamtleitung/Direktion | Mitarbeiter: 1 bis 10 | Branche: Kindergärten & -krippen'),
('16ecffee-6719-412e-afa7-e927a533f53d', '8d774cc1-7369-410b-beaa-fb4d7f380acd', 'KALTAKQUISE', 'ACTIVE', 0, 'Funktion: Gesamtleitung/Direktion | Mitarbeiter: 1 bis 10 | Branche: Kindergärten & -krippen'),
('34471271-34ea-4446-9652-8cd1669492c5', 'f2f2aefa-5a0b-4b65-934f-298dedd8c0fb', 'KALTAKQUISE', 'ACTIVE', 0, 'Funktion: Gesamtleitung/Direktion | Mitarbeiter: 1 bis 10 | Branche: Kindergärten & -krippen'),
('39c422d9-ffae-40e8-af14-3eb8c3d4d74b', '08cf3cb8-c7dd-4a0e-a1ab-bf77b8b02716', 'KALTAKQUISE', 'ACTIVE', 0, 'Funktion: Gesamtleitung/Direktion | Mitarbeiter: 1 bis 10 | Branche: Kindergärten & -krippen'),
('c7b57223-2016-4bbd-a5a3-485bfc39af27', '8de57d78-e05c-4658-947c-af720a2bdd37', 'KALTAKQUISE', 'ACTIVE', 0, 'Funktion: Gesamtleitung/Direktion | Mitarbeiter: 1 bis 10 | Branche: Kindergärten & -krippen'),
('0bfec4eb-65b1-450c-a124-9c960b373791', '10da866b-8d27-443b-9e5e-182346963282', 'KALTAKQUISE', 'ACTIVE', 0, 'Funktion: Gesamtleitung/Direktion | Mitarbeiter: 1 bis 10 | Branche: Kindergärten & -krippen'),
('18e86878-6edf-4736-8c1f-bd6f3a05968b', 'af1ca3c5-7ca2-4a03-be85-0e04c3b29b1b', 'KALTAKQUISE', 'ACTIVE', 0, 'Funktion: Gesamtleitung/Direktion | Mitarbeiter: 1 bis 10 | Branche: Kindergärten & -krippen'),
('1dbec4a0-5f9b-4aac-8ee3-c399f0409adf', 'c1c6e4cd-353b-422b-afa2-aa8ae3a46d6c', 'KALTAKQUISE', 'ACTIVE', 0, 'Funktion: Gesamtleitung/Direktion | Mitarbeiter: 21 bis 50 | Branche: Kindergärten & -krippen'),
('0bd2ebe1-d60e-406f-aa2a-fd957b978c22', 'd8c1aeac-4a8c-4f7d-b0b3-9be413a944c5', 'KALTAKQUISE', 'ACTIVE', 0, 'Funktion: Gesamtleitung/Direktion | Mitarbeiter: 1 bis 10 | Branche: Kindergärten & -krippen'),
('537882e0-7a30-45f0-9f68-f0bf2994fa54', 'ac253e7f-2869-4cf0-91d9-949cf7bbed74', 'KALTAKQUISE', 'ACTIVE', 0, 'Funktion: Gesamtleitung/Direktion | Mitarbeiter: 11 bis 20 | Branche: Kindergärten & -krippen'),
('3e07c708-8952-4d6d-9753-df6e11cdac81', 'a1167ec4-9dd0-4224-8acd-94030a7882c7', 'KALTAKQUISE', 'ACTIVE', 0, 'Funktion: Gesamtleitung/Direktion | Mitarbeiter: 1 bis 10 | Branche: Kindergärten & -krippen'),
('af7f2b99-30e2-4f05-b099-0caddd626e22', '958fbba8-c27e-4806-821d-6145a4ee7c3d', 'KALTAKQUISE', 'ACTIVE', 0, 'Funktion: Gesamtleitung/Direktion | Mitarbeiter: 1 bis 10 | Branche: Kindergärten & -krippen'),
('181dd208-60df-41af-8a5a-7872c9fc2a73', 'c9ead5f1-4687-4680-b817-fcefff3d08d1', 'KALTAKQUISE', 'ACTIVE', 0, 'Funktion: Gesamtleitung/Direktion | Mitarbeiter: 1 bis 10 | Branche: Kindergärten & -krippen'),
('f92e5771-9c39-4417-b2ce-cfd0fe7af88f', '91fa8aa4-988f-4073-9640-7bb30220ff32', 'KALTAKQUISE', 'ACTIVE', 0, 'Funktion: Gesamtleitung/Direktion | Mitarbeiter: 11 bis 20 | Branche: Kindergärten & -krippen'),
('4cb47a73-8428-4dd0-8d79-ed8e3c3b122b', 'f498c7d0-ccb8-4f2d-ad42-51c4813ed9c5', 'KALTAKQUISE', 'ACTIVE', 0, 'Funktion: Gesamtleitung/Direktion | Mitarbeiter: 1 bis 10 | Branche: Kindergärten & -krippen'),
('b7e571fe-4a4d-458b-9d31-7b8e269e9bdd', '8cc4739c-3594-4baf-bc9b-5d2bb155f165', 'KALTAKQUISE', 'ACTIVE', 0, 'Funktion: Gesamtleitung/Direktion | Mitarbeiter: 1 bis 10 | Branche: Kindergärten & -krippen'),
('c2ab3e8f-4d9a-46e2-88b6-d51169e15422', '39a4f505-49ca-47e8-a410-3a5cbb609f53', 'KALTAKQUISE', 'ACTIVE', 0, 'Funktion: Geschäftsführer/in (CEO) | Mitarbeiter: 1 bis 10 | Branche: Museum & Theater'),
('efb4d243-fccc-4261-8239-c61948f5d508', 'f7795b2d-7894-4c1b-bde3-9b72c539a001', 'KALTAKQUISE', 'ACTIVE', 0, 'Funktion: Geschäftsführer/in (CEO) | Mitarbeiter: 1 bis 10 | Branche: Physiotherapie'),
('a4760e54-cb9b-4408-bdbf-b032a5f1f4cc', 'e502bad6-437d-4d67-b195-46656177efc8', 'KALTAKQUISE', 'ACTIVE', 0, 'Funktion: Geschäftsführer/in (CEO) | Mitarbeiter: 1 bis 10 | Branche: Physiotherapie'),
('a00ea920-2ba5-496b-8492-7cfb7f1c3d96', 'f808dc78-bb78-4616-ae00-27856c13f764', 'KALTAKQUISE', 'ACTIVE', 0, 'Funktion: Gesamtleitung/Direktion | Mitarbeiter: 1 bis 10 | Branche: Kindergärten & -krippen | Rechtsform: Gesellschaft mit beschränkter Haftung'),
('286de11d-5e2f-4910-8def-7fe056b2cfda', 'b6c7f6b4-9485-46a6-b089-556ddb7bd96c', 'KALTAKQUISE', 'ACTIVE', 0, 'Funktion: Gesamtleitung/Direktion | Mitarbeiter: 1 bis 10 | Branche: Kindergärten & -krippen'),
('58c20288-65e6-4616-8d80-6ceec7ba0758', 'b4aae427-7631-487e-98d4-29d690dc2524', 'KALTAKQUISE', 'ACTIVE', 0, 'Funktion: Gesamtleitung/Direktion | Mitarbeiter: 11 bis 20 | Branche: Kindergärten & -krippen | Rechtsform: Gesellschaft mit beschränkter Haftung');

INSERT INTO lead_tags (lead_id, tag_id) VALUES
('1b81f141-bf9a-4b9a-a608-a506a51f59ae', 'ka-b2b'),
('76d412c0-4235-4977-ac9e-b8164fce2d3b', 'ka-b2b'),
('8ce8818e-e974-4702-a10d-f9470d3edeeb', 'ka-b2b'),
('e175d991-79c6-4fcc-bdec-4687c20af466', 'ka-b2b'),
('72867b60-4849-458c-baab-a1e16c647537', 'ka-b2b'),
('ff43240f-d63e-4707-856a-9d53d2d23d21', 'ka-b2b'),
('cf9447ef-cc08-4ac0-a254-de7e351278dc', 'ka-b2b'),
('6441dc39-12d8-4230-906a-a0a12795a036', 'ka-b2b'),
('ca6d023b-a150-41a3-ae97-364873048c2d', 'ka-b2b'),
('6489490e-dff7-41f6-8ea5-679435017686', 'ka-b2b'),
('f9a0a6d6-9d0d-4b23-911c-a1cff338c3c6', 'ka-b2b'),
('8119f823-4afb-4b89-b418-9c1833fa438c', 'ka-b2b'),
('5d1a653a-40a9-4605-8f5f-3e4aa6deb134', 'ka-b2b'),
('6048dd46-90a1-447d-903d-a68caf201f33', 'ka-b2b'),
('82057ecc-2d42-4a87-af7d-7ef140a890ef', 'ka-b2b'),
('fb9588de-42eb-44e0-8e26-580961510228', 'ka-b2b'),
('96ef9b3f-df3b-4e7a-b643-f2f9dd83c2e4', 'ka-b2b'),
('4a6fda25-2693-482f-ab5b-6e1e44e49a60', 'ka-b2b'),
('82514cab-d513-4e0e-9d77-e3f689b1ff3f', 'ka-b2b'),
('4846c303-d611-4eac-ba56-6544f478d185', 'ka-b2b'),
('a7ef9c16-6c99-48f8-a228-ba8f7307a500', 'ka-b2b'),
('d842e675-6f32-4612-bce9-a093adb752bc', 'ka-b2b'),
('970e09ce-bd9b-4ab5-bbce-d1229932dc6f', 'ka-b2b'),
('4f5725f1-5534-4134-9617-a9f37197211a', 'ka-b2b'),
('66e0b17c-da33-41e7-86f4-ca7227f30fa3', 'ka-b2b'),
('dc2ce060-c7de-474d-a920-a711ae5236de', 'ka-b2b'),
('171d5d3b-a01b-42c4-a34d-870bb7187a69', 'ka-b2b'),
('2361fc89-fa18-437e-935f-fbab5af9646f', 'ka-b2b'),
('8568eb92-2c7a-4897-a90a-c0e93088e8a5', 'ka-b2b'),
('0c345331-754e-47fe-84b1-cbc69d82d16f', 'ka-b2b'),
('e11d069a-3c49-488a-b0cb-275db64ab42f', 'ka-b2b'),
('2fa8382a-9846-4122-bb06-5ec589315de2', 'ka-b2b'),
('c865ec4f-e68b-49e1-b36d-fcdc4cfdf7f8', 'ka-b2b'),
('c7b72090-4971-454a-87e3-f07acc053cdf', 'ka-b2b'),
('749a8bdc-a9b5-4223-b28a-3dbcdf85fa5e', 'ka-b2b'),
('579db168-9a09-4d28-90b7-a2921d45306e', 'ka-b2b'),
('bdbcfde8-0694-418a-a81c-dff3f4548d49', 'ka-b2b'),
('c6c62676-6e14-45ee-ba5a-294b571cfb03', 'ka-b2b'),
('159182ac-c41d-4738-8a75-fcf77d3ec80b', 'ka-b2b'),
('ef200f32-12a8-4361-be05-a72a6ef2f445', 'ka-b2b'),
('e3c29341-3fb6-438f-b327-9bcf623d2042', 'ka-b2b'),
('cdbabdd7-5e3a-4601-8bd2-f0c0de0ec189', 'ka-b2b'),
('05867c78-9d68-49a5-9222-c7d066a9c585', 'ka-b2b'),
('2c1a5b6c-5ef0-4bfd-8d12-5fc2f3ed1c90', 'ka-b2b'),
('740e38f8-23ca-4a6f-82be-0292eb242731', 'ka-b2b'),
('39f326e2-9e3a-4966-9c27-5131a098b295', 'ka-b2b'),
('b51b0a94-d86d-4223-a49e-e25e434b8fe8', 'ka-b2b'),
('8698cbdc-5b7d-4347-ba84-bc6dcb9bbf8e', 'ka-b2b'),
('85e7527c-b629-416b-bfd1-147501d8bcf8', 'ka-b2b'),
('5399756b-b4ce-4a15-937b-5aa3ba90671a', 'ka-b2b'),
('6359614f-c83e-4775-ae8d-88b319e50b51', 'ka-b2b'),
('f7ec4efb-2b36-471a-934e-1d8f26b18ca7', 'ka-b2b'),
('b51aa60e-70dc-4119-8e2e-882f50b955d7', 'ka-b2b'),
('f7c9dfb0-7814-467d-a1af-1237df337d1e', 'ka-b2b'),
('0e35d004-bcef-4b67-b1d8-856d1ff69ee7', 'ka-b2b'),
('c5b4f796-efbe-4979-8d0a-d51dd487b05e', 'ka-b2b'),
('7d018b19-a6f8-4f6e-bec6-bd0fc2303527', 'ka-b2b'),
('a278e7cb-660c-4785-8902-cd64450a621a', 'ka-b2b'),
('f6540013-9c3a-4e5e-a4b1-1a2c36c08bf7', 'ka-b2b'),
('a905d2ed-c9c3-4d1b-8451-3c234eba385e', 'ka-b2b'),
('0836e74b-0772-409f-a74d-d759eb7ef499', 'ka-b2b'),
('8021583f-61bb-4ab8-9e1f-e494c6c7e667', 'ka-b2b'),
('14732042-0986-4d30-b8a6-6787466becdd', 'ka-b2b'),
('4d5becd5-40ef-4db6-8d57-903f284207c3', 'ka-b2b'),
('0260f3df-3d0f-4d1e-83e1-5785318e093c', 'ka-b2b'),
('5d9d1842-e5dc-4396-9d6a-7cda37573935', 'ka-b2b'),
('45db6570-de43-42c3-ae04-c9bad419c93d', 'ka-b2b'),
('69ac79f8-c0ab-4733-9282-e572905df814', 'ka-b2b'),
('9a360612-1778-45c9-9498-7d593ec9e6e6', 'ka-b2b'),
('e4bb9faa-3292-46cd-b0d8-9b5040c963ae', 'ka-b2b'),
('7f6100c7-2e71-4aa4-96f7-79fdb6ec3e42', 'ka-b2b'),
('19432f6c-3720-4b61-b3eb-973094033602', 'ka-b2b'),
('32d0b0ae-7522-4417-9f25-75c52e256ec2', 'ka-b2b'),
('2fe2b6a6-ebda-4357-8ffe-11866fa14223', 'ka-b2b'),
('bfe2ce4d-aab7-422e-a232-ede2db358a33', 'ka-b2b'),
('37632193-f95e-4f2c-9100-db0687b46acb', 'ka-b2b'),
('f8b4abf2-e264-4fd8-a851-6a4f2fc3c10c', 'ka-b2b'),
('f1a050fd-c468-4d78-a479-a23203855ab7', 'ka-b2b'),
('81f9d11e-be10-4fdb-b43e-47f690f2b21b', 'ka-b2b'),
('f2e92ea3-0f60-46c8-b893-11ba8e65a75d', 'ka-b2b'),
('0d35669a-6eb4-4338-92f3-d7b237d463f2', 'ka-b2b'),
('5b52540b-e9a8-465b-ab8c-6d6b11f06f7d', 'ka-b2b'),
('4a95e0b6-4835-4711-9f7c-1bc639da76db', 'ka-b2b'),
('6936e924-fca8-4cd6-9d37-ac442d676d11', 'ka-b2b'),
('d560ea89-d006-4237-b11b-9b86b0e5d38e', 'ka-b2b'),
('4943dd04-9bd8-4024-aaa6-e1c4eae4e5cb', 'ka-b2b'),
('d4bedc67-64dc-4ba5-992e-cac11b90efb0', 'ka-b2b'),
('575d921f-f0ab-479d-81a5-e1af7cdd87cd', 'ka-b2b'),
('854bf843-1de6-4e1c-93e9-f2572abb8333', 'ka-b2b'),
('30eb80e9-cb49-4886-a3b8-d4dbee4a9c35', 'ka-b2b'),
('a9b1ec10-0dc1-4d10-9f86-691fd4e8763d', 'ka-b2b'),
('c997c8ee-7770-41fb-a5eb-8c6960ceedb7', 'ka-b2b'),
('925f5fc6-708c-4da2-8e9d-88b69b4c0124', 'ka-b2b'),
('10ba27fa-b9e5-46bd-807a-385134daf791', 'ka-b2b'),
('02207492-1b9a-4941-883b-0e3ca61a914f', 'ka-b2b'),
('ea05e4cf-e25e-47be-9aa8-7b01729bcf87', 'ka-b2b'),
('7addf883-0113-433f-8911-ba5bac30720a', 'ka-b2b'),
('d14e4599-e6c2-473a-a5f2-238e027576b2', 'ka-b2b'),
('31dcef9d-1d86-4da4-a635-9bd224cefd63', 'ka-b2b'),
('8511ed08-033a-46cc-90cb-8ce90ee8efac', 'ka-b2b'),
('3949a19d-5c2c-4205-8707-39915bfa4ea0', 'ka-b2b'),
('a106bb7b-3659-4d06-89e8-8d39c1ccc744', 'ka-b2b'),
('3d8b9842-3042-45e3-bf01-20ad30036183', 'ka-b2b'),
('9fd2d99d-783f-4d19-89be-6109b1ef189b', 'ka-b2b'),
('6415abe5-d8fa-4b6e-8118-bea0bd941d34', 'ka-b2b'),
('2f0b18f7-8aeb-4c7e-b7fd-118a56a264ec', 'ka-b2b'),
('ed37a86a-f536-4c8f-a607-1c73c6695acc', 'ka-b2b'),
('60ca9bd9-76a3-440c-b68a-da1b4819381e', 'ka-b2b'),
('389a139f-31e0-4a25-a246-c7df42bddfbe', 'ka-b2b'),
('2eff04c6-a9fa-4e12-8211-d6d5b87b6a51', 'ka-b2b'),
('0ef147ce-6dd0-430b-bdfd-eee7dde4fb57', 'ka-b2b'),
('b3ed6599-bdc8-4739-987b-591d78fb8e39', 'ka-b2b'),
('aa643ca3-a8b1-479c-9598-710cbd1fcdae', 'ka-b2b'),
('68b747a8-4508-4ffe-be48-123a8345e6a2', 'ka-b2b'),
('99ec8de6-72a3-4b19-9207-f468266d6889', 'ka-b2b'),
('2cbd9a64-14b6-49dd-9afb-76a42b2df791', 'ka-b2b'),
('d90a835e-1cfb-407f-be5b-1b05d727b841', 'ka-b2b'),
('493c60bb-7f00-4bba-aa11-298ad652ad65', 'ka-b2b'),
('6db28de5-a428-452e-92a0-3f117df525ec', 'ka-b2b'),
('18e1ef4f-001d-4183-859f-336805ddae52', 'ka-b2b'),
('482dd71f-fcf0-4e6b-bfc6-020097bd0825', 'ka-b2b'),
('44b5f925-5a22-4fe3-ad8e-df98066b437a', 'ka-b2b'),
('e4f0903e-723c-4299-a000-ce5ce58eb2d8', 'ka-b2b'),
('dea1999c-cbd8-4e2d-9fc5-4634da530220', 'ka-b2b'),
('d0f83a74-94c6-4b81-82aa-c636793ad59f', 'ka-b2b'),
('3800e356-0a82-4084-b765-8f24703893ed', 'ka-b2b'),
('70f11bc0-483c-44f4-9d3b-27a10be50cbc', 'ka-b2b'),
('813a8377-3fd5-42c0-bb9e-bbecd9439eff', 'ka-b2b'),
('10cf5639-19f0-4b74-80b3-2ed336d59fb7', 'ka-b2b'),
('a0f7272e-88e0-4b4a-9369-6df313a7e8b2', 'ka-b2b'),
('95adf656-e396-4672-96ba-c44be9c1aba3', 'ka-b2b'),
('74ea2612-0f76-455c-9d3a-8424db895dcf', 'ka-b2b'),
('1ab6b6ce-16ad-4955-9ec0-c28f143c1dc3', 'ka-b2b'),
('98b1e7a4-890c-4485-bfb9-160422b48707', 'ka-b2b'),
('f159b08c-8c2f-4513-8a3a-d242499654d7', 'ka-b2b'),
('9ca22c63-3b05-4b4e-9406-6a02eef7d531', 'ka-b2b'),
('3f43e44e-7902-4f34-a86f-e1f927df4a39', 'ka-b2b'),
('ea5a1842-c5b8-485a-b898-a3789f6f2c9b', 'ka-b2b'),
('642d1865-69e7-44c0-bcf5-fab87e45d493', 'ka-b2b'),
('375f1c83-816c-4cfc-90fb-7664a62e7681', 'ka-b2b'),
('5c96562e-0a63-4163-858a-a2c85ed8961f', 'ka-b2b'),
('c41a324b-ee35-4946-a236-7c0d0b846c4b', 'ka-b2b'),
('eacfbb62-dc63-4909-819a-eb9532274355', 'ka-b2b'),
('37a1673e-57d3-4fb2-a773-f4829237b094', 'ka-b2b'),
('39dea02f-3509-4d15-a48f-822d6d3b8985', 'ka-b2b'),
('ee4f3025-bf5e-462c-8d7d-ef75baedfeef', 'ka-b2b'),
('910516b0-2c04-4ca4-9ab5-f2bf504935d6', 'ka-b2b'),
('9d5a0577-fa6f-4f39-840f-e723b651f957', 'ka-b2b'),
('962b78cf-6584-4ae1-ab1a-f6ca68e1f58d', 'ka-b2b'),
('b4b94856-5558-421e-9acc-a6ee077c7f34', 'ka-b2b'),
('1697552b-dc9b-4b4e-8bd0-59143df4daf7', 'ka-b2b'),
('b546916a-7e98-4e75-b163-ca64105d90d3', 'ka-b2b'),
('a6401867-6b24-4ff2-bc16-39b075bd3c98', 'ka-b2b'),
('571831e9-fa22-4ee4-98f5-96ff83c14eb0', 'ka-b2b'),
('294e94dc-1cc2-4635-9f2a-5e92d71a19a6', 'ka-b2b'),
('083f325b-9936-464c-af4e-d79ab4dd74c2', 'ka-b2b'),
('68b0cb50-8edc-43ee-ac91-811ed9814726', 'ka-b2b'),
('1e653f41-5a88-4838-be68-88e62dd3a44a', 'ka-b2b'),
('aec87b33-b97b-4674-9d0e-5df88da55741', 'ka-b2b'),
('6ae0f2fb-aff1-457a-88fd-ff22d2e23aae', 'ka-b2b'),
('b37ecf00-47e9-422e-89ec-63e66c1b71a6', 'ka-b2b'),
('eb967fa2-b25e-4164-b683-18e844e16cf4', 'ka-b2b'),
('5dedf1f6-e746-4be2-95cc-26dade8fa0ea', 'ka-b2b'),
('b034350d-8cc7-457b-b8a8-162f70108162', 'ka-b2b'),
('a2423573-157b-4516-858b-32e8c97c32b3', 'ka-b2b'),
('94ad8567-2486-482a-8adb-91751a518e33', 'ka-b2b'),
('36efd472-ee85-4bd3-869e-6ac78058075f', 'ka-b2b'),
('ea35caa6-0da2-4c24-8043-83dfec5806b5', 'ka-b2b'),
('443c991a-5a43-47c3-b470-73c5c7cf5fdc', 'ka-b2b'),
('b6980fdb-67b2-4b9d-8bda-6fd8fdf183e0', 'ka-b2b'),
('cb929dad-7f19-4348-9258-8882c4a8cbc7', 'ka-b2b'),
('c1066c30-b4df-43e9-843c-b11e4ca9c751', 'ka-b2b'),
('1a9b5c2f-ee5d-4d44-9d9c-52d95489ab5e', 'ka-b2b'),
('78355e71-73f6-45c9-b3fe-c086539e9ac8', 'ka-b2b'),
('021d200d-fe4a-45d7-bea2-f6cf3cc03a9d', 'ka-b2b'),
('3c20b1a1-ed3e-466b-9d4c-870609e28df8', 'ka-b2b'),
('9155499c-5fea-4ac1-8feb-8889855b63fe', 'ka-b2b'),
('985fecce-9126-4997-8a64-0208f8733027', 'ka-b2b'),
('f05f97c1-e24a-4c08-ad32-56ce77478ba9', 'ka-b2b'),
('16ecffee-6719-412e-afa7-e927a533f53d', 'ka-b2b'),
('34471271-34ea-4446-9652-8cd1669492c5', 'ka-b2b'),
('39c422d9-ffae-40e8-af14-3eb8c3d4d74b', 'ka-b2b'),
('c7b57223-2016-4bbd-a5a3-485bfc39af27', 'ka-b2b'),
('0bfec4eb-65b1-450c-a124-9c960b373791', 'ka-b2b'),
('18e86878-6edf-4736-8c1f-bd6f3a05968b', 'ka-b2b'),
('1dbec4a0-5f9b-4aac-8ee3-c399f0409adf', 'ka-b2b'),
('0bd2ebe1-d60e-406f-aa2a-fd957b978c22', 'ka-b2b'),
('537882e0-7a30-45f0-9f68-f0bf2994fa54', 'ka-b2b'),
('3e07c708-8952-4d6d-9753-df6e11cdac81', 'ka-b2b'),
('af7f2b99-30e2-4f05-b099-0caddd626e22', 'ka-b2b'),
('181dd208-60df-41af-8a5a-7872c9fc2a73', 'ka-b2b'),
('f92e5771-9c39-4417-b2ce-cfd0fe7af88f', 'ka-b2b'),
('4cb47a73-8428-4dd0-8d79-ed8e3c3b122b', 'ka-b2b'),
('b7e571fe-4a4d-458b-9d31-7b8e269e9bdd', 'ka-b2b'),
('c2ab3e8f-4d9a-46e2-88b6-d51169e15422', 'ka-b2b'),
('efb4d243-fccc-4261-8239-c61948f5d508', 'ka-b2b'),
('a4760e54-cb9b-4408-bdbf-b032a5f1f4cc', 'ka-b2b'),
('a00ea920-2ba5-496b-8492-7cfb7f1c3d96', 'ka-b2b'),
('286de11d-5e2f-4910-8def-7fe056b2cfda', 'ka-b2b'),
('58c20288-65e6-4616-8d80-6ceec7ba0758', 'ka-b2b');
