-- Batch 102 (200 records)
INSERT INTO contacts (id, first_name, last_name, email, phone, company, address) VALUES
('1fd5005d-0740-41e0-8e33-7ae8ca7c05ba', 'Nuno', 'Grilo', 'info@partypanda.ch', '077 428 72 15', 'Doqu GmbH', 'Seeburgstrasse 39, 6006 Luzern, Luzern'),
('7cdda4a4-a0fa-4e1b-a054-1ee0af3df422', 'Leo', 'Dora', 'info@dora-kuechen.ch', '081 641 28 00', 'Dora Küchen AG', 'Dorfstrasse 1, 7402 Bonaduz, Graubünden'),
('3641eb53-3b86-48f6-90e5-b9f18110bf89', 'Ismet', 'Krasniqi', 'i.krasniqi@dora-gmbh.ch', '079 408 35 94', 'Dora Versicherungen GmbH', 'Einschlagstrasse 2, 4622 Egerkingen, Solothurn'),
('9684afbf-95e5-4225-846d-2a7405d91b08', 'Dora', 'Torsello', 'info@dorayoga.ch', '078 656 82 85', 'Dora Yoga Bern', 'Kramgasse 14, 3011 Bern, Bern'),
('1030f613-1e34-4bd9-b7dd-66297ebaeada', 'Ursula', 'Dorer Douguet', 'ursula.dorer@bluewin.ch', '044 937 10 07', 'Dorer Douguet Ursula - Yoga und Energie', 'Gossauerstrasse 14, 8340 Hinwil, Zürich'),
('1f88c5b5-5be5-41ea-8d1a-e785c0782792', 'Priska', 'Lutz', 'willkommen@dorf16.ch', '071 979 00 16', 'Dorf 16', 'Kurhausstrasse 16, 8374 Dussnang, Thurgau'),
('2a77ec9a-1510-4121-a319-f2ad560d10e3', 'Christian', 'Coppex', '511671@ovan.ch', '027 927 31 31', 'Dorf Apotheke Mörel', 'Furkastrasse 28, 3983 Mörel, Wallis/Valais'),
('53d029e1-067b-4ae8-89fd-f3bcb87140a7', 'Alberto', 'Binello', 'dorf@achillea.ch', '033 437 36 36', 'Dorf Apotheke Steffisburg', 'Oberdorfstrasse 17, 3612 Steffisburg, Bern'),
('4e511261-bb55-477d-803c-b3272dd78dbf', 'Cristina', 'Vystejnova', 'cristinav95@hotmail.com', '078 622 20 70', 'Dorf Coiffeur Tinka', 'Hauptstrasse 3, 3752 Wimmis, Bern'),
('66e837b8-805e-442b-84dd-6506d6071161', 'Dorothee', 'Ehmke-Eichenberger', 'info@drogerie-eichenberger.ch', '061 721 26 20', 'Dorf Drogerie Eichenberger GmbH', 'Bahnhofstrasse 5, 4106 Therwil, Basel-Land'),
('3d574009-eaf6-4944-b53a-6813dc15492d', 'Christian', 'Dünser', 'info@duenser.ch', '081 356 60 30', 'Dorf Garage', 'Kirchgasse 1, 7204 Untervaz, Graubünden'),
('c01014df-45dd-441c-b55b-ab701245b8a0', 'Mathias', 'Sonderegger', 'mathias.sonderegger@dorfgarage-heiden.ch', '071 891 28 91', 'Dorf Garage Heiden AG', 'Hinterbissaustrasse 20, 9410 Heiden, Appenzell Ausserrhoden'),
('95c59cf4-ac12-4ce0-94b9-7ac36bce60c8', 'Reinhard', 'Knierim', 'info@garageknierim.ch', '061 481 18 48', 'Dorf Garage R. Knierim', 'Hegenheimermattweg 85, 4123 Allschwil, Basel-Land'),
('b140fe1e-9917-4d57-907c-d8b4f72bbd6c', 'Doris', 'Zürcher', 'info@papeterie-steffisburg.ch', '033 437 88 48', 'Dorf Papeterie', 'Oberdorfstrasse 23, 3612 Steffisburg, Bern'),
('fc1d4ad2-6b00-4f13-ad53-6cadfbdefafc', 'Susanne', 'Wieland', 'dorfapotheke@pharmexpert.ch', '031 901 02 32', 'Dorfapotheke AG Hinterkappelen', 'Dorfstrasse 12, 3032 Hinterkappelen, Bern'),
('89767821-b558-497d-ae66-d87636cc549e', 'Senne', 'Bron', 'dorfapo.bruegg@ovan.ch', '032 373 14 60', 'Dorfapotheke Brügg AG', 'Bielstrasse 12, 2555 Brügg, Bern'),
('c067b237-d449-4c66-ba8f-ef5e9af379b5', 'Andreas', 'Koch', 'info@apo-ipsach.ch', '032 333 15 33', 'Dorfapotheke Ipsach', 'Hauptstrasse 19, 2563 Ipsach, Bern'),
('7c2ee5ae-0143-4957-a03f-5b370763ec1e', 'Claudine', 'Ruppen-Millius', 'dorfapo@ifak-hin.ch', '027 923 41 44', 'DorfApotheke Naters AG', 'Landstrasse 2, 3904 Naters, Wallis/Valais'),
('558ba076-d4c4-469e-a4e9-870ba49bb5d0', 'Fabian', 'Hulliger', 'worb@drgurtner.ch', '031 839 00 80', 'Dorf-Apotheke Worb Dr. Gurtner AG', 'Bernstrasse 21, 3076 Worb, Bern'),
('aec87bc4-1f68-492d-bfdb-9da7fec7322a', 'Rolf', 'Schori', 'dorfbachpraxis@hinmail.ch', '062 212 00 34', 'Dorfbachpraxis', 'Dorfstrasse 9, 4613 Rickenbach, Solothurn'),
('eb2681d6-75bd-4a53-972e-9fa1b7077bef', 'Marianne', 'Schneider-Herren', 'physio.schneider@physio-hin.ch', '079 384 54 44', 'Dorfbachpraxis / Physiotherapie Marianne Schneider-Herren', 'Am Bach 4, 3150 Schwarzenburg, Bern'),
('efe82872-f7f0-43b8-89b2-7334a966c11f', 'Jean Claude', 'Herrmann', 'info@dorfbaeckereiherrmann.ch', '081 783 31 32', 'Dorfbäckerei Herrmann AG', 'Neugrüt 7, 9496 Balzers, Fürstentum Liechtenstein'),
('d2794812-f852-4e0f-851d-d4acd3b8505c', 'Janie', 'Köhler-Priem', 'koehler1@bluewin.ch', '076 611 38 08', 'Dorfbäckerei Hölstein GmbH', 'Bennwilerstrasse 1, 4434 Hölstein, Basel-Land'),
('d90bf7c6-56bb-4ae3-bb13-3dfcd8ea17b7', 'Roland', 'Riedo', 'gurmelsbaeckerei@bluewin.ch', '026 674 12 64', 'Dorfbäckerei Riedo und Defferrard AG', 'Käsereiweg 1, 3212 Gurmels, Fribourg/Freiburg'),
('72915ba8-e13c-4169-8e86-c78088bebf0d', 'Renato', 'Sahli', 'renato.sahli@dorfbeck.be', '031 849 01 86', 'Dorfbeck AG', 'Haltenstrasse 328, 3145 Niederscherli, Bern'),
('db833ab2-2837-4b12-8682-c4b65c1e96c2', 'Silvan', 'Kobelt', 'dorfbeck-kobelt@bluewin.ch', '071 923 30 25', 'DorfBeck Kobelt', 'Unterdorfstrasse 8, 9243 Jonschwil, St. Gallen'),
('96f303ea-79a2-454a-b4ab-19b3da74a97e', 'Denise', 'Nyfeler', 'info@znueni-beck.com', '062 922 22 63', 'Dorfbeck Nyfeler AG', 'Langenthalstrasse 19, 4912 Aarwangen, Bern'),
('3372e547-d380-4182-9447-025fb8b7ac9d', 'Stefan', 'Hunziker', 'brot@dorf-beck.ch', '062 216 27 37', 'Dorf-Beck, Inhaber Hunziker', 'Dorfstrasse 48, 4616 Kappel, Solothurn'),
('0095f319-0270-4e9a-a0e0-1ef07d5316ff', 'Oswald', 'Büeler', 'info@dorfbecksteinen.ch', '041 832 13 71', 'dorfbecksteinen.ch', 'Husmattrain 2, 6422 Steinen, Schwyz'),
('bee936cd-cc4d-4f59-87b2-9891fc5882ab', 'Toni', 'Kaufmann', 'info@dorf-chaesi.ch', '041 979 11 23', 'Dorf-Chäsi Hergiswil AG', 'Dorfstrasse 23, 6133 Hergiswil b. Willisau, Luzern'),
('2b72d9d6-df27-4801-8573-25047dc04a58', 'Thomas', 'Hofer', 'info@dorfchaesi.ch', '062 923 04 10', 'Dorfchäsi Hofer Aarwangen AG', 'Langenthalstrasse 6, 4912 Aarwangen, Bern'),
('ff6e9069-7c8a-4796-b421-68db59af8d73', 'Monika', 'Wolfisberg', 'info@dorfchaesi-wolfisberg.ch', '041 670 37 37', 'Dorfchäsi Wolfisberg AG', 'Alte Landstrasse 5, 6055 Alpnach, Obwalden'),
('25f339a3-3c26-42d9-9fc4-1cebcfc130fb', 'Thomas', 'Baumann', 'info@dorfdrogerie-richterswil.ch', '044 784 00 51', 'Dorfdrogerie Baumann', 'Poststrasse 16, 8805 Richterswil, Zürich'),
('2cde5ae1-4fd7-4a0f-9867-935a22100610', 'Serge', 'Hafen', 'bassersdorf@dorf-drogerie.ch', '044 836 53 62', 'Dorf-Drogerie Hafen AG', 'Klotenerstrasse 8, 8303 Bassersdorf, Zürich'),
('64c4cf9d-23e7-4333-ae9f-9eb8e9114a1e', 'Andreas', 'Mayer', 'andreas.mayer@dorfgarage-lohn.ch', '052 649 43 00', 'Dorfgarage A. Mayer', 'Blattenweg 1, 8235 Lohn, Schaffhausen'),
('78e328dd-5f40-45d9-ae3f-d3d43c71ec28', 'André', 'Tommer', 'info@dorfgarage.ch', '056 266 44 33', 'Dorfgarage A. Tommer AG', 'Landstrasse 62, 5426 Lengnau, Aargau'),
('d3965b58-da99-4eb1-8fa2-02c002638b2c', 'Beat', 'Bossert', 'info@garagebossert.ch', '044 937 17 77', 'Dorfgarage Bossert AG', 'Oberdorfstrasse 6, 8340 Hinwil, Zürich'),
('ce999c37-ea69-45fe-9c84-1950d9357e22', 'Daniel', 'Imfeld', 'info@dorf-garage.ch', '062 844 48 20', 'Dorfgarage Daniel Imfeld AG', 'Gösgerstrasse 29, 5015 Erlinsbach, Solothurn'),
('702ee241-7d01-4a83-915e-8a323b99ad11', 'Peter', 'Odermatt', 'dorfgarage-ersigen@bluewin.ch', '034 445 98 55', 'Dorfgarage Ersigen AG', 'Töpfereistrasse 24, 3423 Ersigen, Bern'),
('3399624c-a48e-496c-bfd4-50bfd3b9dbcc', 'Ronny', 'Feldmann', 'rofeldmann@dorfgarage-tagelswangen.ch', '052 343 67 14', 'Dorfgarage Feldmann GmbH', 'Chlotengasse 10a, 8317 Tagelswangen, Zürich'),
('80159ad5-6748-4a0f-a5bf-427c61f149c6', 'Nicola', 'Fiorentino', 'service@garage-im-dorf.ch', '052 336 15 17', 'Dorfgarage Fiorentino GmbH', 'Hauptstrasse 3, 8543 Gundetswil, Zürich'),
('0b8daecf-6ae5-47e5-830d-1874b78c92ab', 'Fabian', 'Gasser', 'info@dorfgarage-goldau.ch', '041 855 36 71', 'Dorf-Garage Goldau AG', 'Gotthardstrasse 71, 6410 Goldau, Schwyz'),
('a834e5ac-432a-4077-8e7f-f6df5b47956b', 'Ines', 'Narli-Strehler', 'mail@dorfgarage.net', '052 347 19 30', 'Dorfgarage Grafstal GmbH', 'Rikonerstrasse 2, 8310 Grafstal, Zürich'),
('848ed7a2-f4f7-4481-b311-d9b91bcd3886', 'Fabio', 'Grob', 'info@dorfgarage-hundwil.ch', '071 367 14 14', 'Dorfgarage Hundwil GmbH', 'Wies 67, 9064 Hundwil, Appenzell Ausserrhoden'),
('38cc9175-5203-4770-bcb0-b7f4020b326e', 'Alfred', 'Inauen', 'kontakt@dorfgarage-inauen.ch', '071 344 42 28', 'Dorfgarage Inauen AG', 'Wies 26, 9042 Speicher, Appenzell Ausserrhoden'),
('85a9cbba-70b6-4ad5-84cb-9e8c48b7be3b', 'Michael', 'Isler', 'michael.isler@dorfgarage-isler.ch', '056 470 92 91', 'Dorfgarage Isler AG', 'Birmenstorferstrasse 2, 5442 Fislisbach, Aargau'),
('d8a1bbb6-3bb0-4c22-9678-cf245e31ffed', 'Joël', 'Moreillon', 'info@dorfgarage-moreillon.ch', '071 960 07 07', 'Dorfgarage Joel Moreillon AG', 'Industriestrasse 11, 9542 Münchwilen, Thurgau'),
('29d1a01c-aea1-4cf4-974e-46c4c8944abb', 'Stefan', 'Keller', 'info@dorfgarage-keller.ch', '071 385 20 18', 'Dorf-Garage Keller', 'Hauptstrasse 50, 8586 Erlen, Thurgau'),
('e0d5b3ad-f658-4eaa-aaac-6149f4d73eee', 'Köbi', 'Lüchinger', 'dorf-garage@bluewin.ch', '071 761 13 53', 'Dorf-Garage Lüchinger GmbH', 'Dorfstrasse 40, 9462 Montlingen, St. Gallen'),
('811415d9-2efe-457a-94f4-2328f4e0c2c4', 'Besnik', 'Shabani', 'info@garage-nef.ch', '079 215 27 80', 'Dorfgarage Nef GmbH', 'Wilerstrasse 15, 9545 Wängi, Thurgau'),
('26338bfb-266f-4e9d-b698-e8a82c822c86', 'Liri', 'Bekiri', 'info@autopiccolo.ch', '041 440 57 17', 'Dorf-Garage Piccolo GmbH', 'Neuhaltenring 14, 6030 Ebikon, Luzern'),
('2410ebd6-4602-4554-9149-c713d0e72d98', 'René', 'Lämmle', 'garage.laemmle@greenmail.ch', '062 398 23 50', 'Dorfgarage R. Lämmle GmbH', 'Dorfstrasse 27, 4623 Neuendorf, Solothurn'),
('4da9f615-604f-492e-8794-f698d9a54d32', 'Shkelzen', 'Tolaj', 'genitolaj@gmx.ch', '076 377 78 12', 'Dorfgarage Tolaj', 'Dorfstrasse 56, 3216 Ried b. Kerzers, Fribourg/Freiburg'),
('e9f5929c-3099-477a-924b-e3c8ac06f485', 'Urs', 'Wagner', 'dorfgarage@starnet.ch', '041 988 11 50', 'Dorfgarage Wagner AG', 'St. Urbanstrasse 9, 6144 Zell, Luzern'),
('ad7089e1-6095-4280-aa10-a46dc2a9f934', 'Beat Justin', 'Scheiwiller', 'dorfgaragewaldkirch@bluewin.ch', '071 434 66 66', 'Dorfgarage Waldkirch AG', 'Arneggerstrasse 25, 9205 Waldkirch, St. Gallen'),
('12e4153b-32bf-4245-b1fa-7402544f844d', 'Katharina', 'Willi', 'dorfgarage-willi@bluewin.ch', '056 247 15 05', 'Dorfgarage Willi AG', 'Rheintalstrasse 59, 5325 Leibstadt, Aargau'),
('c09415ae-cda0-490d-8b2d-5bddef565753', 'Susanne', 'Blickensdorfer', 's.blickensdorfer@dorfgarage-zumikon.ch', '044 918 72 72', 'Dorfgarage Zumikon AG', 'Farlifangstrasse 12, 8126 Zumikon, Zürich'),
('3e5efd10-0600-449c-987b-a96bc67617f2', 'Markus', 'Raschle', 'm.raschle@raschle.info', '044 713 31 80', 'Dorfgärtnerei Raschle AG', 'Neue Dorfstrasse 35, 8135 Langnau am Albis, Zürich'),
('60b9ad6c-60a4-4e76-9634-2dab68a210b0', 'Remo', 'Mühlebach', 'genuss@dorfgeist.ch', '056 508 07 85', 'Dorfgeist', 'Dorfstrasse 79, 5306 Tegerfelden, Aargau'),
('34880a20-f52e-4ad9-b1f0-3a1e2e42ccbc', 'Heinz', 'Barth', 'info@dorfheftli.ch', '062 765 60 00', 'Dorfheftli See- und Wynental', 'Baselgasse 6a, 5734 Reinach, Aargau'),
('42d84d2b-2d2d-40f1-9e6f-31dd1796f364', 'Viktor', 'Leuenberger', 'leuenberger.viktor@bluewin.ch', '034 423 05 24', 'Dorfhof Heimiswil', 'Niederdorf 2, 3412 Heimiswil, Bern'),
('7a1955dd-952b-4118-8b25-6a2d74bea04b', 'Bruno', 'Leuenberger', 'bruno.leuenberger@dorfkaeserei.ch', '034 413 11 81', 'Dorfkäserei Koppigen AG', 'Hauptstrasse 15, 3425 Koppigen, Bern'),
('5e40e063-1b67-45c2-9c8d-59d039dcf58e', 'Niklaus', 'Käser', 'info@sumiswalder-kaese.ch', '034 431 22 76', 'Dorfkäserei Sumiswald AG', 'Spitalstrasse 19, 3454 Sumiswald, Bern'),
('3057ca8d-5b52-4347-92c6-f17c122d4ab7', 'Ruedi', 'Studerus', 'info@dorfkaeserei-thundorf.ch', '052 376 31 88', 'Dorfkäserei Thundorf Ruedi Studerus', 'Käsereistrasse 5, 8512 Thundorf, Thurgau'),
('5ce08c41-2999-40a2-a3d8-2338d1e22266', 'Pia', 'Greber', 'info@dorfklatsch.ch', '041 620 37 40', 'Dorfklatsch Bar Emmetten', 'Ischenstrasse 5, 6376 Emmetten, Nidwalden'),
('4096b2c8-ced8-4b6d-961a-a440f8e6da88', 'Markus', 'Marti', 'dorflade.marti@bluewin.ch', '031 781 03 85', 'DORFLADE MARTI', 'Dorfstrasse 22, 3115 Gerzensee, Bern'),
('5d88c28b-b922-4b48-972e-79554a1d3135', 'Alina', 'Froelicher', 'info@dorflade-sennhof.ch', 'N.a.', 'Dorflade Sennhof GmbH', 'Oberzelgweg 2, 8482 Sennhof (Winterthur), Zürich'),
('fb662a24-d7fe-4648-8c3c-3120449c78db', 'Artur', 'Dos Santos', 'info@dorflade-wengen.ch', '033 855 14 51', 'Dorflade Wengen GmbH', 'Dorfstrasse, 3823 Wengen, Bern'),
('4234224a-1051-4260-b785-e5bc4b2d9379', 'Peter', 'Illien', 'dorf-laden@bluewin.ch', '055 643 17 00', 'Dorfladen Braunwald KlG', 'Dorfstrasse 4, 8784 Braunwald, Glarus'),
('1eaf1da7-0e19-4b29-b3ad-2f432efbbf0b', 'Philip', 'Joss', 'info@dorfladen-flumserberg.ch', '081 733 16 15', 'Dorfladen Flumserberg GmbH', 'Flumserbergstrasse 178, 8898 Flumserberg Tannenbodenalp, St. Gallen'),
('fd919218-f755-4524-8dba-455f5594232d', 'Judith', 'Landes', 'dorfladen@oberhallau.ch', '052 681 32 85', 'Dorfladen Genossenschaft Oberhallau', 'Dorfstrasse 1, 8216 Oberhallau, Schaffhausen'),
('79e95b35-82ce-4512-83f4-ecf262b35787', 'Benno', 'Burtscher', 'lain@spar.ch', '081 384 22 03', 'Dorfladen Lain AG', 'Voa Nova 10-Lain, 7082 Vaz/Obervaz, Graubünden'),
('42cc66ec-6b4b-4fd7-9ea1-9a399f8d21a6', 'Fritz', 'Liechti', 'info@baeckerei-liechti.ch', '031 825 61 77', 'Dorfladen Liechti Grossaffoltern GmbH', 'Dorfstrasse 41, 3257 Grossaffoltern, Bern'),
('ad960694-5918-4696-ab6b-5fc58e0a2d11', 'Raphael', 'Wallimann', 'info@volg-lungern.ch', '041 678 13 86', 'Dorfladen Lungern GmbH', 'Brünigstrasse 103, 6078 Bürglen, Obwalden'),
('4aacc81b-1cea-4e4e-9212-c7b0fa7bcf04', 'Daniela', 'Kohler-Dober', 'dorflade.merlischachen@gmx.ch', '041 850 03 81', 'Dorfladen Merlischachen GmbH', 'Luzernerstrasse 200, 6402 Merlischachen, Schwyz'),
('07abf1ae-dc68-480e-9a9b-4fbde3c785da', 'Hermann', 'Christen', 'info@mitenand-verein.ch', '032 392 30 81', 'Dorfladen Mitenand', 'Bernstrasse 100, 3267 Seedorf, Bern'),
('0d200b45-3d39-4d2b-8def-c8912dae238b', 'Thomas', 'Burgherr', 'dorfladenreitnaugmbh@bluewin.ch', '062 726 01 23', 'Dorfladen Reitnau GmbH', 'Hängele 1, 5057 Reitnau, Aargau'),
('67590e44-271d-457c-a5c5-9b69c1bde993', 'Peter', 'Raschle', 'dorfladen.schwellbrunn@bluewin.ch', '071 351 70 07', 'Dorfladen Schwellbrunn GmbH', 'Dorf 5, 9103 Schwellbrunn, Appenzell Ausserrhoden'),
('326f804c-7d26-4fe4-9f25-b98047be094e', 'Marion', 'Arnold', 'dorfladen@gemeinde-simplon.ch', '027 979 10 69', 'Dorfladen Simplon Dorf Arnold', 'Alte Simplonstrasse 44, 3907 Simplon Hospiz, Wallis/Valais'),
('cd914b61-13e3-43d4-99c1-aea7c3b69efc', 'Margrith', 'Imhof-Gasser', 'spiringen@prima.ch', '041 879 01 11', 'Dorfladen Spiringen GmbH', 'Rösslistutz 6, 6464 Spiringen, Uri'),
('4d414fe3-47a7-46dd-b6f6-89c6176115c9', 'Armin', 'Zink', 'dorfladen@tschiertschen.ch', '079 529 31 28', 'Dorfladen Tschiertschen Praden', 'Bächli 32, 7064 Tschiertschen, Graubünden'),
('c68db972-add0-4a51-a7ad-cd9c6a80fd84', 'Josef', 'Büeler', 'info@dorfladenwalde.ch', '062 726 18 09', 'Dorfladen Walde', 'Schulstrasse 272, 5046 Schmiedrued, Aargau'),
('33a324b1-5e4c-456d-bc21-3f6792724edf', 'Urs', 'Ritter', 'info@dorfladen-arboldswil.ch', '061 931 17 76', 'Dorfladen-Genossenschaft Arboldswil', 'Titterterstrasse 2, 4424 Arboldswil, Basel-Land'),
('db01e6fc-70e8-4b9c-a4cb-327fb1bca397', 'André', 'Bösiger', 'titterten@prima.ch', '061 941 15 15', 'Dorfladen-Genossenschaft Titterten', 'Hauptstrasse 58, 4425 Titterten, Basel-Land'),
('a0ebe634-23d0-425d-8e59-d2c78763bbbe', 'Marlen', 'Herger', 'dorf-laden@outlook.com', '041 879 11 08', 'Dorfladen-Genossenschaft Unterschächen', 'Schwanden 1, 6465 Unterschächen, Uri'),
('987bac3f-10c2-414e-85eb-21ab16064363', 'Ramon', 'Dörfler', 'info@doerflerag.ch', '043 443 52 00', 'Dörfler AG', 'Hubstrasse 30, 8942 Oberrieden, Zürich'),
('ca1c6921-639e-4228-9267-188764f70a05', 'Brigitte', 'Wacker', 's.b.wacker@bluewin.ch', '062 794 15 12', 'Dörfli Beck GmbH', 'Geisshubelweg 1, 4852 Rothrist, Aargau'),
('139397d6-72eb-44c1-80c5-e24e3770a135', 'Mentor', 'Hotnjani', 'pizzarorbas@hotmail.ch', '044 865 00 09', 'Dörfli Pizza GmbH', 'Alte Brücke 8, 8427 Rorbas, Zürich'),
('b80131a5-874e-420d-a9f9-3d5ed3c5310a', 'Janine', 'Gübeli-Pfeifer', 'j.guebeli@senioren-wohnsitz.ch', '071 923 93 92', 'Dörfli Seniorenwohnsitz AG Alters- und Pflegeheim Schwarzenbach SG', 'Im Dörfli 6, 9536 Schwarzenbach, St. Gallen'),
('e44d422c-7834-4b83-8214-721e2b7d87cb', 'Roger', 'Dörflinger', 'info@mobador.ch', '062 926 11 78', 'Dörfliger Schreinerei GmbH', 'Ewigkeitstrasse 20, 4629 Fulenbach, Solothurn'),
('5243d998-de97-4f8b-afc5-a91c301c5741', 'Walter', 'Bazzani', 'w.bazzani@doerflinger-partner.ch', 'N.a.', 'Dörflinger & Partner AG', 'Sternenstrasse 25, 3360 Herzogenbuchsee, Bern'),
('8602847d-7e8f-40ca-b47a-d4097d1487a5', 'Christoph', 'Meier', 'info@bartwurst.ch', 'N.a.', 'Dorf-Metzg Bäretswil GmbH', 'Baumastrasse 1, 8344 Bäretswil, Zürich'),
('fb9465a0-f3d6-41c7-b107-71822ff8a977', 'Yves', 'Reich', 'info@fleischreich.ch', '079 645 43 12', 'Dorfmetzg Fleisch Reich AG', 'Dorfschulweg 8, 9472 Grabs, St. Gallen'),
('497ade9a-757b-4f32-9b65-491385c31560', 'Rico', 'Müller', 'info@muellerwurst.ch', '062 873 00 13', 'Dorfmetzg Gebr. Müller', 'Zürcherstrasse 31, 4332 Stein, Aargau'),
('1cacbbce-d045-4618-be55-70675a053933', 'Christa', 'Schmid', 'info@schmiddorfmetzg.ch', 'N.a.', 'Dorf-Metzg Schmid', 'Strählgass 8, 5413 Birmenstorf, Aargau'),
('1d588834-cbb7-40c1-a434-53e306e97b19', 'Heinz', 'Wüthrich', 'info@dorfmetzg-wuethrich.ch', '034 497 11 20', 'Dorfmetzg Wüthrich', 'Dorfstrasse 52, 3534 Signau, Bern'),
('2dabd1fe-48a1-4f54-b7ae-e6f3bef7a839', 'Werner', 'Odermatt', 'werner-odermatt@bluewin.ch', '079 211 68 74', 'Dorfmetzgerei Werner Odermatt', 'Luzernstrasse 14, 6016 Hellbühl, Luzern'),
('4f51c3bb-5067-473f-8f4a-20e955d7b713', 'Sabine', 'Koch', 'info@dorfmittiluetzelflueh.ch', '034 535 53 30', 'Dorfmitti Lützelflüh GmbH', 'Dorfstrasse 9, 3432 Lützelflüh-Goldbach, Bern'),
('39fb1e55-71f9-4ec6-953f-7c67491612a1', 'Christoph', 'Zürcher', 'mueso@bluewin.ch', '031 791 08 60', 'Dorfmuseum Alter Bären Konolfingen', 'Burgdorfstrasse 85, 3510 Konolfingen, Bern'),
('217a5cdb-273e-456b-941e-cb5d4727ea63', 'Jeremias', 'Heinimann', 'erthommen@eblcom.ch', '061 951 19 97', 'Dorfmuseum Bennwil', 'Hauptstrasse 42, 4431 Bennwil, Basel-Land'),
('c15a55f2-25a6-415e-b854-f981d5388aa1', 'Marcel', 'Wüest', 'marcel.wueest@gmail.com', '079 420 02 38', 'Dorfmuseum Buchs', 'Gysistrasse 2, 5033 Buchs, Aargau'),
('c0dc9357-5e36-445b-a693-3e6f86f530a8', 'Sergio', 'Bianchi', 'info@dorfmuseum-gontenschwil.ch', '079 463 98 76', 'Dorfmuseum Gontenschwil', 'Dorfstrasse 494, 5728 Gontenschwil, Aargau'),
('9f7641a1-91b2-4a7a-8111-da8322a9acda', 'Werner', 'Meier', 'dorfmuseum@huentwangen.ch', '044 521 05 99', 'Dorfmuseum Hüntwangen', 'Dorfstrasse 59, 8194 Hüntwangen, Zürich'),
('7d668d58-3a50-47b6-adfd-41656d111ba4', 'Rudolf', 'Schneiter', 'info@wimmis.ch', '079 443 32 92', 'Dorfmuseum Wimmis historic', 'Bahnhofstrasse 7, 3752 Wimmis, Bern'),
('00e8ade7-5f7c-4a64-815d-97901b547670', 'Roland', 'Recher', 'roland.recher@gmx.net', '061 931 22 73', 'Dorfmuseum Ziefen', 'Eienstrasse 21, 4417 Ziefen, Basel-Land'),
('653bbfc1-96e4-4159-b964-99efe178258d', 'Tania', 'Zanetti', 'dorfplatz@achillea.ch', '031 724 03 03', 'Dorfplatz Apotheke Münsingen', 'Dorfplatz 2, 3110 Münsingen, Bern'),
('293654bb-3cac-4387-a592-d3ffac9fdf4e', 'Margret', 'Schönbächler', 'info@apotheke-studen.ch', '032 373 30 31', 'Dorfplatz-Apotheke AG', 'Wydenpark 1a, 2557 Studen, Bern'),
('e917192e-cfc8-4141-8d2c-e0a3d079fb5d', 'Brigitte', 'Wirz-Leupolt', 'dorfplatzapotheke@bluewin.ch', '061 481 44 59', 'Dorfplatz-Apotheke Allschwil', 'Baslerstrasse 29, 4123 Allschwil, Basel-Land'),
('25f48e08-b301-4f8f-8027-aeb9a4f293c1', 'Heinz', 'Nydegger', 'info@dorfplatz-zentrum-mm.ch', '033 346 00 66', 'Dorfplatz-Zentrum MoserMuster AG', 'Dorfstrasse 12, 3662 Seftigen, Bern'),
('b2a0c194-0e61-40b6-9ea9-98c8faa81ae5', 'Werner', 'Essig', 'werner.essig@hin.ch', '081 733 11 55', 'Dorfpraxis Flums', 'Kirchstrasse 7, 8890 Flums, St. Gallen'),
('4be942b0-02d5-4edf-80e8-c9495ddbfce9', 'Wolfgang', 'Fehlmann', 'info@dorf-praxis.ch', '056 250 09 00', 'Dorfpraxis Kleindöttingen', 'Hauptstrasse 20, 5314 Kleindöttingen, Aargau'),
('7a6cc8e7-2973-4ae2-ba49-bb1c87c1c656', 'Reto', 'Baumann', 'hallo@dorfpraxis-kuessnacht.ch', '041 531 57 57', 'Dorfpraxis Küssnacht AG', 'Bahnhofstrasse 57, 6403 Küssnacht am Rigi, Schwyz'),
('abbc9841-3d83-4ed5-b6e8-65983e530ba3', 'Antonio', 'Caruso', 'praxis-caruso@hin.ch', '062 785 60 60', 'Dorf-Praxis Rothrist', 'Rosenweg 21c, 4852 Rothrist, Aargau'),
('4bef79ce-5e9e-4404-8a52-6da27209cf4f', 'Fritz', 'Grossen', 'dorfschmitte@bluewin.ch', '079 222 52 46', 'Dorfschmitte GmbH', 'Mülenenstrasse 11, 3703 Aeschi b. Spiez, Bern'),
('cc364513-dd58-4f3c-9445-ac7320595df5', 'Heinz', 'Althaus', 'kuechenatelier@bluewin.ch', '034 411 16 07', 'Dorfschreinerei Heinz Althaus', 'Grauenstein 26, 3325 Hettiswil b. Hindelbank, Bern'),
('a67a90e0-ce27-4abc-868c-94940210fc70', 'Rolf', 'Werdenberg', 'schreinerei-allschwil@bluewin.ch', '061 482 32 65', 'Dorfschreinerei Rolf Werdenberg GmbH', 'Turnerstrasse 19, 4123 Allschwil, Basel-Land'),
('302d3f34-ce69-44de-b51d-2cb0fef7a2af', 'Max', 'Simmen', 'info@dorfschreinerei-andermatt.ch', '079 321 69 77', 'Dorfschreinerei Simmen GmbH', 'Gotthardstrasse 31, 6490 Andermatt, Uri'),
('6b674f98-00c4-43a5-9757-4e4e9f26262f', 'Nadine', 'Hörler', 'nadine.hoerler@schule-berlingen.ch', '052 761 13 96', 'Dorfschule Berlingen', 'Schulstrasse 1, 8267 Berlingen, Thurgau'),
('260a60a3-5d45-4aec-9a24-ca26e48e6a91', 'Gnanendran', 'Rasu', 'grasu@bluewin.ch', '062 849 50 67', 'Dorfstube Myla', 'Oltnerstrasse 29, 5012 Schönenwerd, Solothurn'),
('e6051ce4-0d0d-4647-abef-9a72bab1d747', 'Dorian', 'Huber', 'info@dorian-huber.ch', '044 991 66 00', 'Dorian Huber Interiors AG', 'Forchstrasse 17, 8704 Herrliberg, Zürich'),
('eadec13c-2a26-4756-95cb-a5d21cb4991d', 'Urs', 'Dörig', 'info@doerig-bruelisauer.ch', '071 787 37 32', 'Dörig & Brülisauer GmbH', 'Unterschlatt 16, 9050 Appenzell, Appenzell Innerrhoden'),
('f054f2cb-f6a5-4d88-8ead-6af9795fb3f2', 'Costanza', 'Montagnolo', 'montagnolo@doerig-partner.ch', '062 836 90 29', 'Dörig & Partner AG Finanzdienstleistungen', 'Herzogstrasse 12, 5001 Aarau, Aargau'),
('765ec7a3-d04d-4187-bb32-b1b69948135c', 'Bruno', 'Dörig', 'info@doerig-ag.ch', '071 636 14 71', 'Dörig Bedachungen Fassadenbau AG', 'Hauptstrasse 62, 8572 Berg, Thurgau'),
('07ca541e-beb2-423e-8034-2cbdb46e0ccd', 'Roland', 'Dörig', 'doerigroli@gmx.ch', '079 318 74 59', 'Dörig Gartenbau GmbH', 'Weizenweg 3, 9463 Oberriet, St. Gallen'),
('38dac8c5-2a54-481f-a8e1-675d6c693c8e', 'Thomas', 'Dörig', 'th.doerig@doerigmetallbau.ch', '071 434 60 20', 'Dörig Metallbau AG', 'St. Pelagibergstrasse 20, 9205 Waldkirch, St. Gallen'),
('226ad49d-2db3-41b0-ab4b-0d1f8db34530', 'Thomas', 'Dörig', 'info@doerig-planung.ch', '071 351 12 70', 'Dörig Planung GmbH', 'Oberdorfstrasse 26, 9100 Herisau, Appenzell Ausserrhoden'),
('9e6daef0-3f4b-42c3-90be-c7531a8dc38c', 'Hans', 'Dörig', 'info@doerigub.ch', '071 891 73 60', 'Dörig Unterlagsböden AG', 'Rutlenstrasse 42, 9413 Oberegg, Appenzell Innerrhoden'),
('d3fdd893-3da4-4675-b7dd-1bfe514a57f6', 'Nazi', 'Mossayebi', 'nazimossayebi@yahoo.de', '076 417 40 28', 'Dorinbeauty Center Mossayebi', 'Klosbachstrasse 99, 8032 Zürich, Zürich'),
('a713342d-19b5-42b6-b643-ab3f0eefe5cb', 'Rob', 'Bruijstens', 'info.beatenberg@dorint.com', '033 841 41 11', 'Dorint Blüemlisalp Beatenberg/Interlaken', 'Schmockenstrasse 163, 3803 Beatenberg, Bern'),
('0451a747-5801-4773-8fdf-84f49cc238bb', 'Björn', 'Achstaller', 'info.zuerich@dorint.com', '044 808 10 00', 'Dorint Hotel Airport-Hotel Zürich', 'Riethofstrasse 40, 8152 Opfikon, Zürich'),
('6a43ddd2-8cc7-421b-8d0d-5ff5d79f0f27', 'Doris', 'Baggenstos', 'info@goldkuss.ch', '041 850 82 86', 'Doris Baggenstos, GOLDKUSS', 'Pilgerweg 28, 6410 Goldau, Schwyz'),
('fc44e38d-2376-4dbb-b50c-d196a859448f', 'Doris', 'Bullus', 'info@balance-motion.com', '044 701 24 81', 'Doris Bullus', 'Schachmatten 4, 8906 Bonstetten, Zürich'),
('f4a78a67-d68c-4406-8e14-c63820ecaaab', 'Doris', 'Graf', 'doris.graf@graf-treuhand.ch', '043 411 55 77', 'Doris Graf Treuhand', 'Schützenmattstrasse 46, 8180 Bülach, Zürich'),
('895a319c-8311-4743-8bb9-2eb6cdcedcba', 'Doris', 'Günter', 'info@doris-guenter-yoga.ch', '044 845 04 80', 'Doris Günter', 'Buchserstrasse 15, 8113 Boppelsen, Zürich'),
('828b272a-2eb0-4166-8528-10619c5063fa', 'Doris', 'Henzi', 'dorishenzi@gmail.com', '079 285 10 46', 'Doris Henzi', 'Grabackerstrasse 4, 4500 Solothurn, Solothurn'),
('3af0477d-ca74-42de-a125-eb0d7f5f77b1', 'Doris', 'Looser', 'looserdoris0@gmail.com', '071 222 19 90', 'Doris Looser', 'Lämmlisbrunnenstrasse 34, 9000 St. Gallen, St. Gallen'),
('a5820e22-756f-4363-b39e-1a0f0cc57b5d', 'Doris', 'Oeschger', 'praxis@dorisoeschger.ch', '076 497 02 25', 'Doris Oeschger Physiotherapie', 'Zelgli 3, 5452 Oberrohrdorf, Aargau'),
('13818de7-10e4-4d60-a2fb-351cbc25ea52', 'Doris', 'Seewer', 'info@dorisseewer.ch', '079 706 66 30', 'Doris Seewer', 'Bernstrasse 180, 3072 Ostermundigen, Bern'),
('0cf87678-34fa-4e45-915d-217340224b14', 'Doris', 'Sennhauser', 'info@architektur-sennhauser.ch', '071 951 12 51', 'Doris Sennhauser Architektur und Planung GmbH', 'Toggenburgerstrasse 21, 9532 Rickenbach b. Wil, Thurgau'),
('bce90435-ed37-44e6-83c5-a555face85d5', 'Doris', 'Stelzmüller', 'info@energiewirbeltherapie.ch', '079 300 42 69', 'Doris Stelzmüller', 'Marktstrasse 6, 8500 Frauenfeld, Thurgau'),
('a82e76cc-d5f1-407b-9672-edfbe407c534', 'Dorit', 'Rössler', 'info@doritroessler.com', 'N.a.', 'Dorit Rößler', 'Delfterstrasse 43, 5004 Aarau, Aargau'),
('a0a8f600-d608-4597-bf15-d46cb79cb72b', 'Dorji', 'Thupten', 'dorji@gmx.ch', '081 353 30 58', 'Dorji Baumanagement AG', 'Strässli 26a, 7203 Trimmis, Graubünden'),
('1360e930-7fa9-4339-9122-cc7f62111e21', 'Kevin', 'Huber', 'info@dormen.ch', '041 410 67 67', 'Dormen AG', 'Luzernerstrasse 44, 6030 Ebikon, Luzern'),
('a3f74faf-1cc9-4539-92de-3a07dd4e402c', 'Riccardo', 'Dorn', 'r.dorn@dorn-ag.ch', '081 250 25 95', 'Dorn AG Gebäudehüllen', 'Ringstrasse 35, 7000 Chur, Graubünden'),
('b4e2c86e-142e-44c3-86b9-2b37dd2ae315', 'Andrea', 'Dornbierer', 'info@alterspflege-schweiz.ch', '079 617 98 33', 'Dornbierer Alterspflege-Schweiz', 'Hundgalgen 3, 9050 Appenzell, Appenzell Innerrhoden'),
('92f5456b-248e-4084-b698-1f348380dd88', 'Thomas', 'Ammon', 'info@dornhof-tg.ch', '079 791 66 44', 'Dornhof Gastronomie GmbH', 'Unterdorf 18, 9314 Steinebrunn, Thurgau'),
('2718aa93-7524-48fa-8b23-7a751c224e45', 'Rolf', 'Probst', 'ropro@bluemail.ch', '062 929 11 31', 'DoRo Restaurant GmbH', 'Hintergasse 2, 4914 Roggwil, Bern'),
('bfb11527-a611-427b-ae32-7f490b6ba864', 'Dorothea', 'Braun', 'mail@wederbraun.ch', '061 301 30 30', 'Dorothea Braun + Conradin Weder Architekturbüro GmbH', 'Lehenmattstrasse 353, 4052 Basel, Basel-Stadt'),
('09f89181-76ec-4a4d-86d6-0b98eda6c939', 'Dorothea', 'Reichmuth', 'dorothea-reichmuth@bluewin.ch', '041 820 00 89', 'Dorothea Maria Reichmuth Praxis für Atemtherapie', 'Schmiedgasse 1, 6430 Schwyz, Schwyz'),
('e289aae1-f95a-40ed-abb1-80b024ce0e8b', 'Reto', 'Greminger', 'greminger@biosuissehof.ch', '071 657 11 24', 'Dörr-Hüüsli', 'Ghürststrasse 3, 9503 Stehrenberg, Thurgau'),
('a6211454-6158-453a-bc0d-02d95dbbd892', 'Jürgen', 'Dorsch', 'dorsch_elektronik_ag@dorsch.ch', '071 993 26 86', 'Dorsch Elektronik AG', 'Sunnewis 15, 9631 Ulisbach, St. Gallen'),
('b6cb7091-dee9-47e2-b940-99324b803bc9', 'Patrick', 'Zimmermann', 'mail@dosamigos.ch', '062 393 11 11', 'Dos Amigos', 'Bahnhofplatz 2, 4625 Oberbuchsiten, Solothurn'),
('4a58fefe-c6ae-4472-b377-bbab27eecdd2', 'Ramize', 'Robelli', 'info@dosabau.com', '079 199 99 55', 'DOSA BAU AG', 'Thurgauerstrasse 117, 8152 Glattbrugg, Zürich'),
('1c50a1c1-b5c9-446e-8c57-069e6b4e2939', 'Usha', 'Trepp', 'ushatrepp@doseone.ch', '079 961 95 41', 'Dose One GmbH', 'Bahnhofplatz 3g, 5000 Aarau, Aargau'),
('7a3d1ff8-5e91-4771-af5d-25c73b05a365', 'Markus', 'Dössegger', 'info@doessegger-gartenbau.ch', '044 724 33 44', 'Dössegger Gartenbau AG', 'Langhaldenstrasse 6, 8803 Rüschlikon, Zürich'),
('16be3d48-dc60-483d-a1d4-d9bdf3a83d66', 'Beat', 'Dössegger', 'info@holzbau-seon.ch', '062 775 16 23', 'Dössegger Holzbau GmbH', 'Oholten 15, 5703 Seon, Aargau'),
('a06beaec-a76f-40f1-97db-d572245a181d', 'Andreas', 'Dossenbach', 'info@dossenbach-ag.ch', '041 761 29 71', 'Dossenbach AG', 'Lättichstrasse 17, 6340 Baar, Zug'),
('c934147e-66a6-4305-a786-7609ae22ca1a', 'David', 'Zweifel', 'info@dossenhuette.ch', '033 971 44 94', 'Dossenhütte SAC', '3862 Innertkirchen, Bern'),
('f8703758-2973-4d5d-87c6-78c5cd34dcff', 'Andi', 'Loew', 'info@dost.org', '052 624 11 22', 'Dost Architektur GmbH', 'Finsterwaldstrasse 109, 8200 Schaffhausen, Schaffhausen'),
('e6b9087b-c8e2-4df8-8d41-c4ab85e49ec5', 'Stefan', 'Maag', 'dosteba@dosteba.ch', '043 277 66 00', 'Dosteba AG', 'Länggenstrasse 27, 8184 Bachenbülach, Zürich'),
('241b9e4c-2f77-4150-a837-80e4a313ae3d', 'Caroline', 'Doswald', 'c.doswald@bluewin.ch', '041 711 33 53', 'Doswald Raum + Handwerk AG', 'Gotthardstrasse 20, 6302 Zug, Zug'),
('f2637b43-0048-4aae-af8d-c02d2a6f0958', 'Melanie', 'Rohrer', 'hello@dotmade.ch', '044 535 00 05', 'DOTMADE - Web Logo Print, Melanie Rohrer', 'Schönaustrasse 15, 8620 Wetzikon, Zürich'),
('6f8b0b87-dc46-4214-bc32-9558971f1588', 'Eugenia', 'Balysheva', 'eugenia.balysheva@dotphoton.com', '041 552 50 00', 'Dotphoton AG', 'Nordstrasse 3, 6300 Zug, Zug'),
('7a23dcb2-f270-48c8-9dc3-fd49669faf09', 'Dorothea', 'Dötsch-Jermann', 'info@doetsch-cso.ch', '061 901 72 31', 'Dötsch Craniosacral Therapie', 'Im Mättli 7, 4414 Füllinsdorf, Basel-Land'),
('f76fd4e9-7af0-4464-87b0-f9ddeafcc41c', 'Nicole', 'Zimmermann', 'info@dottihair.ch', '056 610 11 70', 'Dottihair Coiffeur', 'Bahnhofstrasse 25, 5605 Dottikon, Aargau'),
('db61b016-a389-4130-b5e8-12b8c56f6bff', 'Hans', 'Hübscher', 'info@doettinger-ferienhaus.ch', '079 956 17 45', 'Döttinger Ferienhaus', 'Dorfplatz 1, 3984 Fiesch, Wallis/Valais'),
('c5e0a859-9761-4b5a-a7ca-4cdf29b316a8', 'Sandro', 'Dotzauer', 's.dotzauer@dotzauertech.ch', '071 944 18 00', 'Dotzauer Tech', 'Schwalbenstrasse 5, 9514 Wuppenau, Thurgau'),
('866ff81a-eb5d-4721-b269-700d3426d3a0', 'Jordie', 'Doubt', 'doubttattoo@gmail.com', '026 670 50 61', 'Doubt Tattoo', 'Ryf 34, 3280 Murten, Fribourg/Freiburg'),
('6a90a117-dda8-4edc-bf66-73005f97111e', 'Julie', 'Dové', 'j.dove@doveplan.ch', '041 370 13 14', 'Dové Plan AG', 'Mariahilfgasse 2a, 6004 Luzern, Luzern'),
('2bbb9ec3-b2f3-4506-ace9-866fd1f72b85', 'Christoph', 'Stalder', 'service@dovia.ch', 'N.a.', 'Dovia GmbH', 'Ziegleiestrasse 15, 8426 Lufingen, Zürich'),
('a0ace67e-d8a0-4347-a126-5f659dc11f29', 'Valeria', 'Roane', 'info@dow.com', '044 728 21 11', 'Dow Personalvorsorgestiftung (Schweiz)', 'Bachtobelstrasse 3, 8810 Horgen, Zürich'),
('6fb7b8c4-9fa3-4682-96fd-21892955439b', 'Dominique', 'Walter', 'dominique.walter@dowa.ch', '079 437 56 11', 'Dowa Generalbau GmbH', 'Parkstrasse 26, 8200 Schaffhausen, Schaffhausen'),
('588ab829-b7bf-4b67-9790-b15a924d8d02', 'Sonja', 'Düringer', 'info@dowa-soup.ch', '071 695 16 71', 'Dowa Lebensmittel AG', 'Bahnhofstrasse 34, 8594 Güttingen, Thurgau'),
('9da4418d-8312-4467-9fa1-820043360008', 'Pascale', 'Braid', 'info@downtownluzern.ch', '041 410 22 39', 'Down Town Bar Club Luzern', 'Eisengasse 11, 6004 Luzern, Luzern'),
('adcc469b-41f2-438c-9e2a-0af9b1265d3b', 'Janine', 'Gmür', 'janine@downtownyoga.ch', '079 319 60 71', 'Downtown Yoga GmbH', 'Hauptgasse 21, 4600 Olten, Solothurn'),
('5e4d2155-6440-4257-9613-32d9740d16f1', 'Dieter', 'Aegerter', 'downtown-lodge@jungfrau.ch', '033 828 77 30', 'Downtown-Lodge GmbH', 'Dorfstrasse 183, 3818 Grindelwald, Bern'),
('9bb81b00-155d-4c77-be30-dc74ecae8136', 'Peter H.', 'Müller', 'dr_mueller@swissonline.ch', '052 675 50 60', 'doXmedical', 'Schweizersbildstrasse 47, 8200 Schaffhausen, Schaffhausen'),
('a62aa75f-27d2-4eed-9012-f5b0aec0d0a3', 'Nicolas', 'Jäggi', 'info@do-you.ch', '061 486 90 20', 'doyou gmbh', 'Lettenweg 118, 4123 Allschwil, Basel-Land'),
('8513d474-3eb8-4144-b76f-8f484c523b9d', 'Oliver', 'Hochstrasser', 'oliver.hochstrasser@sv-group.ch', '044 632 62 58', 'Dozentenfoyer', 'Rämistrasse 101, 8092 Zürich, Zürich'),
('9a869e78-f7f0-41ef-abc7-65703648e292', 'Rolf', 'Müller', 'rolf.mueller@dozzabau.ch', '079 194 46 63', 'Dozza Bau AG', 'Schwäntenmos 7, 8126 Zumikon, Zürich'),
('a781ecf6-fcfb-4402-bb86-72a2427aeab2', 'Dragan', 'popovic', 'info@dp-consulting.ch', '041 790 77 01', 'DP CONSULTING AG', 'Blegistrasse 1, 6343 Rotkreuz, Zug'),
('308780fe-da24-46ee-9afb-5c4eafc4ea31', 'Dieter', 'Pfister', 'dieter.pfister@dpdienstleistungen.ch', '079 225 48 81', 'dp Dienstleistungen GmbH', 'Hauptstrasse 45a, 4457 Diegten, Basel-Land'),
('12394a54-6f0b-499e-ac5d-b1ab131c68a8', 'Daniel', 'Peter', 'info@dp-immobilienberatung.ch', '061 312 12 34', 'DP Immobilienberatung GmbH', 'Gellertstrasse 19, 4020 Basel, Basel-Stadt'),
('dfc5ed47-ead1-4c6f-bb9f-030e3800ce72', 'Daniel', 'Peng', 'dp@dpimmotrade.ch', '081 558 80 80', 'DP ImmoTrade AG', 'Tittwiesenstrasse 29, 7000 Chur, Graubünden'),
('b92fe0a4-1f79-49c8-954d-c4f44d3db774', 'Daniele', 'Pulvirenti', 'info@dpmalerei.ch', '079 207 86 86', 'DP Malergeschäft', 'Kesslerstrasse 25, 8952 Schlieren, Zürich'),
('2039a0d9-2be6-487e-872c-d958c4977371', 'Michel', 'Kurfürst', 'info@beschriftungunddruck.ch', '055 216 19 00', 'dpcreklamen GmbH', 'Buechstrasse 22, 8645 Jona, St. Gallen'),
('d1fc3a4b-45f1-431f-a03e-fa39dfaec6eb', 'Tilmann', 'Schultze', 'info@dpd.ch', '0848 373 373', 'DPD (Schweiz) AG', 'Mülibachstrasse 41, 8107 Buchs, Zürich'),
('dd609d25-5ad8-4ef2-ba81-c045f02796f7', 'Bruno', 'Schöb', 'bruno.schoeb@d-plast.ch', '071 352 26 33', 'D-Plast AG', 'Industrie Walke 43, 9100 Herisau, Appenzell Ausserrhoden'),
('99ad0f76-0d0e-48a4-80ad-267514b1bd9d', 'Elisabeth', 'Widmer Hug', 'ewidmerhug@bluewin.ch', '061 534 60 98', 'DPraxis Elisabeth Widmer Hug', 'Münzgasse 1, 4001 Basel, Basel-Stadt'),
('7e5a352d-e86c-43eb-a972-0ef5d5746f6b', 'Dejan', 'Pavlovic', 'info@dpskaeltetechnik.ch', '043 466 88 55', 'DPS Kältetechnik GmbH', 'Steinhaldenring 4, 8954 Geroldswil, Zürich'),
('b0cf8864-313e-48fe-ae2f-7a5c8df4e579', 'Daniel', 'Petricevic', 'info@dpv-consulting.ch', '078 602 99 66', 'DPV Consulting GmbH', 'Adlikerstrasse 246, 8105 Regensdorf, Zürich'),
('782f7234-7da2-4d63-9803-eb6bd95e9f1c', 'Daniela', 'Feusi-Vetsch', 'kontakt@df-audit.ch', '071 841 77 65', 'dr audit GmbH', 'Ruhebergstrasse 12, 9327 Tübach, St. Gallen'),
('a3ab06e0-93db-4248-a2c5-de3bd416d5a3', 'Géraldine', 'Meier', 'praesidentin@drbettwiesen.ch', 'N.a.', 'DR BETTWIESEN Damenriege', '9553 Bettwiesen, Thurgau'),
('1cfbf14a-d084-42ab-a369-4225fb4848d0', 'Thomas', 'Keller', 'info@dr-gruen-tom.ch', '079 335 28 47', 'Dr grüen Tom GmbH', 'Eichmatt 3, 3324 Hindelbank, Bern'),
('2fe3be68-5c0a-4d26-8f24-fde59920efd2', 'Marcel', 'Bosshard', 'info@dr-gschaffig.ch', '062 822 00 33', 'dr gschaffig GmbH', 'Hauptstrasse 51, 5026 Densbüren, Aargau'),
('e61801b2-80b2-4b62-b825-db0e21dc3a8a', 'Alexander Josef', 'Hetzel', 'info@dr-medical.ch', '032 621 60 01', 'Dr Medical AG', 'Ziegelmattareal Bau 6, 4503 Solothurn, Solothurn'),
('9efd9f74-c096-446d-ac06-45b29d8e72e0', 'Mark', 'Eisele', 'info@physio-marbach.ch', '071 770 06 92', 'dr'' Physio z'' Marpa GmbH', 'Zinggengasse 5a, 9437 Marbach, St. Gallen'),
('a58a24b1-fb71-425e-9429-527bc1ee15e8', 'Tobias', 'Burkhardt', 'info@platolog.ch', '079 284 49 11', 'dr platolog Tobias Burkhardt', 'Walkeweg 22, 4053 Basel, Basel-Stadt'),
('2a32ec9d-aa56-4476-8e40-5ec16b78f659', 'Merlinda', 'Dauti', 'info@dr-reinigung.ch', '079 296 09 05', 'DR Reinigung GmbH', 'Austrasse 112, 3176 Neuenegg, Bern'),
('42ee88f3-9f0c-41c1-b185-b159b1c2479b', 'Jean-Marc', 'Zumwald', 'jean-marc.zumwald@risch.ch', '058 523 34 86', 'Dr Risch Gruppe', 'Waldeggstrasse 37, 3097 Liebefeld, Bern');

INSERT INTO leads (id, contact_id, source, status, value, notes) VALUES
('cb4504c0-32af-4312-b015-aa9a9e9b523a', '1fd5005d-0740-41e0-8e33-7ae8ca7c05ba', 'KALTAKQUISE', 'ACTIVE', 0, 'Funktion: Geschäftsführer/in (CEO) | Mitarbeiter: 11 bis 20 | Branche: Online Shops | Rechtsform: Gesellschaft mit beschränkter Haftung'),
('0ba21b3e-6e6c-41b5-8a9d-55a4fee00f6b', '7cdda4a4-a0fa-4e1b-a054-1ee0af3df422', 'KALTAKQUISE', 'ACTIVE', 0, 'Funktion: Geschäftsführer/in (CEO) | Mitarbeiter: 11 bis 20 | Branche: Textil- & Möbelindustrie | Rechtsform: Aktiengesellschaft'),
('37d2e2bf-67d1-4e14-9610-4e97d5a29573', '3641eb53-3b86-48f6-90e5-b9f18110bf89', 'KALTAKQUISE', 'ACTIVE', 0, 'Funktion: Geschäftsführer/in (CEO) | Mitarbeiter: 1 bis 10 | Branche: Versicherungsbroker & -makler | Rechtsform: Gesellschaft mit beschränkter Haftung'),
('1b5c241a-fbf1-4da7-8f60-7c615faffd5a', '9684afbf-95e5-4225-846d-2a7405d91b08', 'KALTAKQUISE', 'ACTIVE', 0, 'Funktion: Geschäftsführer/in (CEO) | Mitarbeiter: 1 bis 10 | Branche: Atem- Meditation- & Yogacenter'),
('960664cf-b320-4935-a949-51d18942c335', '1030f613-1e34-4bd9-b7dd-66297ebaeada', 'KALTAKQUISE', 'ACTIVE', 0, 'Funktion: Geschäftsführer/in (CEO) | Mitarbeiter: 1 bis 10 | Branche: Atem- Meditation- & Yogacenter'),
('4a068c49-62da-458c-9cae-44a9265c1488', '1f88c5b5-5be5-41ea-8d1a-e785c0782792', 'KALTAKQUISE', 'ACTIVE', 0, 'Funktion: Geschäftsführer/in (CEO) | Mitarbeiter: 1 bis 10 | Branche: Restaurants'),
('2facc748-4943-415e-b2dd-e28817147f10', '2a77ec9a-1510-4121-a319-f2ad560d10e3', 'KALTAKQUISE', 'ACTIVE', 0, 'Funktion: Geschäftsführer/in (CEO) | Mitarbeiter: 1 bis 10 | Branche: Apotheken & Drogerien'),
('d988cd69-40ed-4f75-9568-6751d1af28a2', '53d029e1-067b-4ae8-89fd-f3bcb87140a7', 'KALTAKQUISE', 'ACTIVE', 0, 'Funktion: Geschäftsführer/in (CEO) | Mitarbeiter: 1 bis 10 | Branche: Apotheken & Drogerien'),
('7382c50c-b801-43c9-afc0-c1ed81ea978b', '4e511261-bb55-477d-803c-b3272dd78dbf', 'KALTAKQUISE', 'ACTIVE', 0, 'Funktion: Geschäftsführer/in (CEO) | Mitarbeiter: 1 bis 10 | Branche: Coiffeursalons'),
('e7c860be-2fed-4ab0-9903-91afe2516586', '66e837b8-805e-442b-84dd-6506d6071161', 'KALTAKQUISE', 'ACTIVE', 0, 'Funktion: Geschäftsführer/in (CEO) | Mitarbeiter: 1 bis 10 | Branche: Apotheken & Drogerien | Rechtsform: Gesellschaft mit beschränkter Haftung'),
('857b6226-b4e5-4bc8-854e-3f0c6b3936af', '3d574009-eaf6-4944-b53a-6813dc15492d', 'KALTAKQUISE', 'ACTIVE', 0, 'Funktion: Geschäftsführer/in (CEO) | Mitarbeiter: 1 bis 10 | Branche: Garagen | Rechtsform: Gesellschaft mit beschränkter Haftung'),
('bac75aab-e6d4-4622-b0e7-e4a7e9f9b27a', 'c01014df-45dd-441c-b55b-ab701245b8a0', 'KALTAKQUISE', 'ACTIVE', 0, 'Funktion: Geschäftsführer/in (CEO) | Mitarbeiter: 1 bis 10 | Branche: Garagen | Rechtsform: Aktiengesellschaft'),
('77fe13da-4cc6-4b12-9da8-ac8bf3d426b1', '95c59cf4-ac12-4ce0-94b9-7ac36bce60c8', 'KALTAKQUISE', 'ACTIVE', 0, 'Funktion: Geschäftsführer/in (CEO) | Mitarbeiter: 1 bis 10 | Branche: Garagen | Rechtsform: Einzelunternehmen'),
('92fea707-e89c-4213-987a-dee563c107fc', 'b140fe1e-9917-4d57-907c-d8b4f72bbd6c', 'KALTAKQUISE', 'ACTIVE', 0, 'Funktion: Geschäftsführer/in (CEO) | Mitarbeiter: 11 bis 20 | Branche: Online Shops | Rechtsform: Einzelunternehmen'),
('5afab040-d570-4438-8122-83ad9c4313e1', 'fc1d4ad2-6b00-4f13-ad53-6cadfbdefafc', 'KALTAKQUISE', 'ACTIVE', 0, 'Funktion: Geschäftsführer/in (CEO) | Mitarbeiter: 11 bis 20 | Branche: Apotheken & Drogerien'),
('fc3221ee-d8c6-4055-9da3-514424d9608c', '89767821-b558-497d-ae66-d87636cc549e', 'KALTAKQUISE', 'ACTIVE', 0, 'Funktion: Geschäftsführer/in (CEO) | Mitarbeiter: 1 bis 10 | Branche: Apotheken & Drogerien | Rechtsform: Aktiengesellschaft'),
('d488c690-ffc1-4d26-8dba-5097fb1be739', 'c067b237-d449-4c66-ba8f-ef5e9af379b5', 'KALTAKQUISE', 'ACTIVE', 0, 'Funktion: Geschäftsführer/in (CEO) | Mitarbeiter: 11 bis 20 | Branche: Apotheken & Drogerien'),
('c0dc8762-cb07-4546-b014-cff8ae8eded3', '7c2ee5ae-0143-4957-a03f-5b370763ec1e', 'KALTAKQUISE', 'ACTIVE', 0, 'Funktion: Geschäftsführer/in (CEO) | Mitarbeiter: 11 bis 20 | Branche: Apotheken & Drogerien'),
('841153d1-0046-4586-80c9-d5691e6f8307', '558ba076-d4c4-469e-a4e9-870ba49bb5d0', 'KALTAKQUISE', 'ACTIVE', 0, 'Funktion: Geschäftsführer/in (CEO) | Mitarbeiter: 1 bis 10 | Branche: Apotheken & Drogerien'),
('d9ccce66-e499-4070-9e6d-e73f0645aebe', 'aec87bc4-1f68-492d-bfdb-9da7fec7322a', 'KALTAKQUISE', 'ACTIVE', 0, 'Funktion: Geschäftsführer/in (CEO) | Mitarbeiter: 1 bis 10 | Branche: Arztpraxen'),
('2f61792f-9560-45c7-9335-30c22dd83ae4', 'eb2681d6-75bd-4a53-972e-9fa1b7077bef', 'KALTAKQUISE', 'ACTIVE', 0, 'Funktion: Geschäftsführer/in (CEO) | Mitarbeiter: 1 bis 10 | Branche: Physiotherapie | Rechtsform: Einzelunternehmen'),
('c33609bb-2f2c-439a-a7ed-8ef444e6bb1d', 'efe82872-f7f0-43b8-89b2-7334a966c11f', 'KALTAKQUISE', 'ACTIVE', 0, 'Funktion: Geschäftsführer/in (CEO) | Mitarbeiter: 1 bis 10 | Branche: Lebensmittelverarbeitung | Rechtsform: Gesellschaft mit beschränkter Haftung'),
('ec42284d-c30b-4882-b2ff-cf02573a0085', 'd2794812-f852-4e0f-851d-d4acd3b8505c', 'KALTAKQUISE', 'ACTIVE', 0, 'Funktion: Geschäftsführer/in (CEO) | Mitarbeiter: 1 bis 10 | Branche: Lebensmittelverarbeitung | Rechtsform: Gesellschaft mit beschränkter Haftung'),
('02360312-27bf-4580-8bf5-2e9c1053c51a', 'd90bf7c6-56bb-4ae3-bb13-3dfcd8ea17b7', 'KALTAKQUISE', 'ACTIVE', 0, 'Funktion: Geschäftsführer/in (CEO) | Mitarbeiter: 1 bis 10 | Branche: Lebensmittelverarbeitung | Rechtsform: Aktiengesellschaft'),
('11001277-8ce9-4aba-a89f-2551e2ddb864', '72915ba8-e13c-4169-8e86-c78088bebf0d', 'KALTAKQUISE', 'ACTIVE', 0, 'Funktion: Geschäftsführer/in (CEO) | Mitarbeiter: 21 bis 50 | Branche: Lebensmittelverarbeitung / Online Shops | Rechtsform: Aktiengesellschaft'),
('ddfe0924-b1f3-4ad3-92dc-59d5ec663624', 'db833ab2-2837-4b12-8682-c4b65c1e96c2', 'KALTAKQUISE', 'ACTIVE', 0, 'Funktion: Geschäftsführer/in (CEO) | Mitarbeiter: 1 bis 10 | Branche: Lebensmittelverarbeitung | Rechtsform: Einzelunternehmen'),
('547faa3d-d72b-414f-b7df-cdad2a5541be', '96f303ea-79a2-454a-b4ab-19b3da74a97e', 'KALTAKQUISE', 'ACTIVE', 0, 'Funktion: Geschäftsführer/in (CEO) | Mitarbeiter: 11 bis 20 | Branche: Lebensmittelverarbeitung | Rechtsform: Aktiengesellschaft'),
('edaaeb4f-5e7f-4d79-b1c9-f8cb5756cff8', '3372e547-d380-4182-9447-025fb8b7ac9d', 'KALTAKQUISE', 'ACTIVE', 0, 'Funktion: Geschäftsführer/in (CEO) | Mitarbeiter: 1 bis 10 | Branche: Lebensmittelverarbeitung | Rechtsform: Einzelunternehmen'),
('0a19c0e1-378f-4c68-87e7-65cffb745bb9', '0095f319-0270-4e9a-a0e0-1ef07d5316ff', 'KALTAKQUISE', 'ACTIVE', 0, 'Funktion: Geschäftsführer/in (CEO) | Mitarbeiter: 1 bis 10 | Branche: Lebensmittelverarbeitung | Rechtsform: Einzelunternehmen'),
('76c29d4f-891b-451b-b184-e1147c8798b4', 'bee936cd-cc4d-4f59-87b2-9891fc5882ab', 'KALTAKQUISE', 'ACTIVE', 0, 'Funktion: Geschäftsführer/in (CEO) | Mitarbeiter: 1 bis 10 | Branche: Lebensmittelverarbeitung | Rechtsform: Aktiengesellschaft'),
('4e0a7d49-c2d9-4b1c-bb94-694c7bf7207c', '2b72d9d6-df27-4801-8573-25047dc04a58', 'KALTAKQUISE', 'ACTIVE', 0, 'Funktion: Geschäftsführer/in (CEO) | Mitarbeiter: 21 bis 50 | Branche: Lebensmittelverarbeitung | Rechtsform: Aktiengesellschaft'),
('32112f9a-4e65-42d8-a53e-ac6bc17c80d4', 'ff6e9069-7c8a-4796-b421-68db59af8d73', 'KALTAKQUISE', 'ACTIVE', 0, 'Funktion: Geschäftsführer/in (CEO) | Mitarbeiter: 1 bis 10 | Branche: Lebensmittelverarbeitung | Rechtsform: Aktiengesellschaft'),
('3872d222-4c09-4056-8f06-fe4dc633edc5', '25f339a3-3c26-42d9-9fc4-1cebcfc130fb', 'KALTAKQUISE', 'ACTIVE', 0, 'Funktion: Geschäftsführer/in (CEO) | Mitarbeiter: 1 bis 10 | Branche: Apotheken & Drogerien | Rechtsform: Gesellschaft mit beschränkter Haftung'),
('37d3396f-1f36-46e1-83fd-c6e81f91faff', '2cde5ae1-4fd7-4a0f-9867-935a22100610', 'KALTAKQUISE', 'ACTIVE', 0, 'Funktion: Geschäftsführer/in (CEO) | Mitarbeiter: 1 bis 10 | Branche: Apotheken & Drogerien'),
('36818669-6b7d-4dd2-9253-de78bd6041ba', '64c4cf9d-23e7-4333-ae9f-9eb8e9114a1e', 'KALTAKQUISE', 'ACTIVE', 0, 'Funktion: Geschäftsführer/in (CEO) | Mitarbeiter: 1 bis 10 | Branche: Garagen | Rechtsform: Einzelunternehmen'),
('5405cef3-87a4-4f39-99f0-3d999318d4ce', '78e328dd-5f40-45d9-ae3f-d3d43c71ec28', 'KALTAKQUISE', 'ACTIVE', 0, 'Funktion: Geschäftsführer/in (CEO) | Mitarbeiter: 11 bis 20 | Branche: Garagen | Rechtsform: Aktiengesellschaft'),
('03c1fe4c-8824-4b1c-a592-33d1064aaf8a', 'd3965b58-da99-4eb1-8fa2-02c002638b2c', 'KALTAKQUISE', 'ACTIVE', 0, 'Funktion: Geschäftsführer/in (CEO) | Mitarbeiter: 1 bis 10 | Branche: Garagen | Rechtsform: Aktiengesellschaft'),
('50999421-dd6b-4228-b199-d5d445232780', 'ce999c37-ea69-45fe-9c84-1950d9357e22', 'KALTAKQUISE', 'ACTIVE', 0, 'Funktion: Geschäftsführer/in (CEO) | Mitarbeiter: 1 bis 10 | Branche: Garagen | Rechtsform: Aktiengesellschaft'),
('a0025092-cc6f-485a-9b6a-e293f6d95a33', '702ee241-7d01-4a83-915e-8a323b99ad11', 'KALTAKQUISE', 'ACTIVE', 0, 'Funktion: Geschäftsführer/in (CEO) | Mitarbeiter: 1 bis 10 | Branche: Garagen | Rechtsform: Aktiengesellschaft'),
('79f8a2f5-140a-4f81-94f6-19aa9d65eb93', '3399624c-a48e-496c-bfd4-50bfd3b9dbcc', 'KALTAKQUISE', 'ACTIVE', 0, 'Funktion: Geschäftsführer/in (CEO) | Mitarbeiter: 1 bis 10 | Branche: Garagen | Rechtsform: Gesellschaft mit beschränkter Haftung'),
('155c8bf9-6fd3-4358-8820-848737b01841', '80159ad5-6748-4a0f-a5bf-427c61f149c6', 'KALTAKQUISE', 'ACTIVE', 0, 'Funktion: Geschäftsführer/in (CEO) | Mitarbeiter: 1 bis 10 | Branche: Garagen | Rechtsform: Gesellschaft mit beschränkter Haftung'),
('f705f4b9-b5d4-4a6b-8e29-85e1950e6af8', '0b8daecf-6ae5-47e5-830d-1874b78c92ab', 'KALTAKQUISE', 'ACTIVE', 0, 'Funktion: Geschäftsführer/in (CEO) | Mitarbeiter: 1 bis 10 | Branche: Garagen | Rechtsform: Aktiengesellschaft'),
('e3ba6dbe-616e-49b0-8241-d805482ad843', 'a834e5ac-432a-4077-8e7f-f6df5b47956b', 'KALTAKQUISE', 'ACTIVE', 0, 'Funktion: Geschäftsführer/in (CEO) | Mitarbeiter: 1 bis 10 | Branche: Garagen | Rechtsform: Gesellschaft mit beschränkter Haftung'),
('6723e7dc-2ae7-4417-844b-30c54aeb05b3', '848ed7a2-f4f7-4481-b311-d9b91bcd3886', 'KALTAKQUISE', 'ACTIVE', 0, 'Funktion: Geschäftsführer/in (CEO) | Mitarbeiter: 1 bis 10 | Branche: Garagen | Rechtsform: Gesellschaft mit beschränkter Haftung'),
('2e80fee2-3ecf-436d-a29c-08891fa84718', '38cc9175-5203-4770-bcb0-b7f4020b326e', 'KALTAKQUISE', 'ACTIVE', 0, 'Funktion: Geschäftsführer/in (CEO) | Mitarbeiter: 1 bis 10 | Branche: Garagen | Rechtsform: Aktiengesellschaft'),
('4d73bae0-4816-4316-a0c3-5260bceac2e1', '85a9cbba-70b6-4ad5-84cb-9e8c48b7be3b', 'KALTAKQUISE', 'ACTIVE', 0, 'Funktion: Geschäftsführer/in (CEO) | Mitarbeiter: 11 bis 20 | Branche: Garagen | Rechtsform: Aktiengesellschaft'),
('f004fa7a-56a2-474e-9835-6507a4758b80', 'd8a1bbb6-3bb0-4c22-9678-cf245e31ffed', 'KALTAKQUISE', 'ACTIVE', 0, 'Funktion: Geschäftsführer/in (CEO) | Mitarbeiter: 1 bis 10 | Branche: Garagen | Rechtsform: Aktiengesellschaft'),
('01d67857-06bb-4160-8c2b-73141ae95002', '29d1a01c-aea1-4cf4-974e-46c4c8944abb', 'KALTAKQUISE', 'ACTIVE', 0, 'Funktion: Geschäftsführer/in (CEO) | Mitarbeiter: 1 bis 10 | Branche: Garagen | Rechtsform: Einzelunternehmen'),
('2f25ba76-b0c5-4aed-83ec-8f7c9754a290', 'e0d5b3ad-f658-4eaa-aaac-6149f4d73eee', 'KALTAKQUISE', 'ACTIVE', 0, 'Funktion: Geschäftsführer/in (CEO) | Mitarbeiter: 1 bis 10 | Branche: Garagen | Rechtsform: Gesellschaft mit beschränkter Haftung'),
('dc423e43-5b2c-4ba1-ac28-6f336bbfe8f9', '811415d9-2efe-457a-94f4-2328f4e0c2c4', 'KALTAKQUISE', 'ACTIVE', 0, 'Funktion: Geschäftsführer/in (CEO) | Mitarbeiter: 1 bis 10 | Branche: Garagen | Rechtsform: Gesellschaft mit beschränkter Haftung'),
('8e29e6d4-cc9d-4392-b6dd-9646c7a914d4', '26338bfb-266f-4e9d-b698-e8a82c822c86', 'KALTAKQUISE', 'ACTIVE', 0, 'Funktion: Geschäftsführer/in (CEO) | Mitarbeiter: 1 bis 10 | Branche: Garagen | Rechtsform: Gesellschaft mit beschränkter Haftung'),
('2a5be26a-75fc-43a2-8fe5-e6f8fc72f375', '2410ebd6-4602-4554-9149-c713d0e72d98', 'KALTAKQUISE', 'ACTIVE', 0, 'Funktion: Geschäftsführer/in (CEO) | Mitarbeiter: 1 bis 10 | Branche: Garagen | Rechtsform: Gesellschaft mit beschränkter Haftung'),
('35c27f32-6aa5-4211-bf51-6aff5de61181', '4da9f615-604f-492e-8794-f698d9a54d32', 'KALTAKQUISE', 'ACTIVE', 0, 'Funktion: Geschäftsführer/in (CEO) | Mitarbeiter: 1 bis 10 | Branche: Garagen | Rechtsform: Einzelunternehmen'),
('fc0b7e27-569e-41ef-ab58-17e5d89dc307', 'e9f5929c-3099-477a-924b-e3c8ac06f485', 'KALTAKQUISE', 'ACTIVE', 0, 'Funktion: Geschäftsführer/in (CEO) | Mitarbeiter: 21 bis 50 | Branche: Garagen | Rechtsform: Aktiengesellschaft'),
('415cb51b-8617-4f9f-8231-5d9c168b3789', 'ad7089e1-6095-4280-aa10-a46dc2a9f934', 'KALTAKQUISE', 'ACTIVE', 0, 'Funktion: Geschäftsführer/in (CEO) | Mitarbeiter: 1 bis 10 | Branche: Garagen | Rechtsform: Aktiengesellschaft'),
('31e2bd92-b5cb-4345-b483-6243ba9d7dbf', '12e4153b-32bf-4245-b1fa-7402544f844d', 'KALTAKQUISE', 'ACTIVE', 0, 'Funktion: Geschäftsführer/in (CEO) | Mitarbeiter: 1 bis 10 | Branche: Garagen | Rechtsform: Aktiengesellschaft'),
('7877fc2f-ca3f-4ac9-8021-1241b7f4fac2', 'c09415ae-cda0-490d-8b2d-5bddef565753', 'KALTAKQUISE', 'ACTIVE', 0, 'Funktion: Geschäftsführer/in (CEO) | Mitarbeiter: 11 bis 20 | Branche: Garagen | Rechtsform: Aktiengesellschaft'),
('bcdf6e9c-3c51-4ebe-97c6-4b922d989f1f', '3e5efd10-0600-449c-987b-a96bc67617f2', 'KALTAKQUISE', 'ACTIVE', 0, 'Funktion: Geschäftsführer/in (CEO) | Mitarbeiter: 21 bis 50 | Branche: Gartenbau & -pflege / Online Shops | Rechtsform: Aktiengesellschaft'),
('07e271c4-a355-4128-991a-29bcc9c63032', '60b9ad6c-60a4-4e76-9634-2dab68a210b0', 'KALTAKQUISE', 'ACTIVE', 0, 'Funktion: Geschäftsführer/in (CEO) | Mitarbeiter: 1 bis 10 | Branche: Hofläden & Bauernhöfe | Rechtsform: Gesellschaft mit beschränkter Haftung'),
('ce7ad142-2418-48d9-8294-3ba0880477bc', '34880a20-f52e-4ad9-b1f0-3a1e2e42ccbc', 'KALTAKQUISE', 'ACTIVE', 0, 'Funktion: Geschäftsführer/in (CEO) | Mitarbeiter: 1 bis 10 | Branche: Zeitungen & Zeitschriften'),
('369c03ef-bba4-4821-aaf9-f8253eedd74b', '42d84d2b-2d2d-40f1-9e6f-31dd1796f364', 'KALTAKQUISE', 'ACTIVE', 0, 'Funktion: Geschäftsführer/in (CEO) | Mitarbeiter: 1 bis 10 | Branche: Hofläden & Bauernhöfe'),
('ea82ec13-e9af-4684-ad69-1ae06666e3c3', '7a1955dd-952b-4118-8b25-6a2d74bea04b', 'KALTAKQUISE', 'ACTIVE', 0, 'Funktion: Geschäftsführer/in (CEO) | Mitarbeiter: 21 bis 50 | Branche: Lebensmittelverarbeitung | Rechtsform: Aktiengesellschaft'),
('305f25f5-c9af-4d80-b1c7-3369bbab4a02', '5e40e063-1b67-45c2-9c8d-59d039dcf58e', 'KALTAKQUISE', 'ACTIVE', 0, 'Funktion: Geschäftsführer/in (CEO) | Mitarbeiter: 11 bis 20 | Branche: Lebensmittelverarbeitung | Rechtsform: Aktiengesellschaft'),
('4495afde-0662-4849-85e5-2ef12fc8363c', '3057ca8d-5b52-4347-92c6-f17c122d4ab7', 'KALTAKQUISE', 'ACTIVE', 0, 'Funktion: Geschäftsführer/in (CEO) | Mitarbeiter: 1 bis 10 | Branche: Lebensmittelverarbeitung | Rechtsform: Einzelunternehmen'),
('1fa2accd-44c0-4851-aac7-2f1681f18e81', '5ce08c41-2999-40a2-a3d8-2338d1e22266', 'KALTAKQUISE', 'ACTIVE', 0, 'Funktion: Geschäftsführer/in (CEO) | Mitarbeiter: 1 bis 10 | Branche: Clubs, Bars & Eventlocations'),
('c46a4d78-72ee-4d84-96e2-a05b56fbed10', '4096b2c8-ced8-4b6d-961a-a440f8e6da88', 'KALTAKQUISE', 'ACTIVE', 0, 'Funktion: Geschäftsführer/in (CEO) | Mitarbeiter: 1 bis 10 | Branche: Detailhandel - Food & Getränke | Rechtsform: Einzelunternehmen'),
('b2e31a51-c029-4089-9e40-16608655fbdb', '5d88c28b-b922-4b48-972e-79554a1d3135', 'KALTAKQUISE', 'ACTIVE', 0, 'Funktion: Geschäftsführer/in (CEO) | Mitarbeiter: 1 bis 10 | Branche: Detailhandel - Food & Getränke | Rechtsform: Gesellschaft mit beschränkter Haftung'),
('acdd1198-48c1-47e1-955f-663c5966c402', 'fb662a24-d7fe-4648-8c3c-3120449c78db', 'KALTAKQUISE', 'ACTIVE', 0, 'Funktion: Geschäftsführer/in (CEO) | Mitarbeiter: 1 bis 10 | Branche: Detailhandel - Food & Getränke | Rechtsform: Gesellschaft mit beschränkter Haftung'),
('b0ed0142-6e46-4ab3-a55c-9a4fd71c9549', '4234224a-1051-4260-b785-e5bc4b2d9379', 'KALTAKQUISE', 'ACTIVE', 0, 'Funktion: Geschäftsführer/in (CEO) | Mitarbeiter: 1 bis 10 | Branche: Detailhandel - Food & Getränke | Rechtsform: Kollektivgesellschaft'),
('92967e99-c4d6-47fe-9a21-1eb46c9333b4', '1eaf1da7-0e19-4b29-b3ad-2f432efbbf0b', 'KALTAKQUISE', 'ACTIVE', 0, 'Funktion: Geschäftsführer/in (CEO) | Mitarbeiter: 1 bis 10 | Branche: Detailhandel - Food & Getränke | Rechtsform: Gesellschaft mit beschränkter Haftung'),
('04a268b1-e9df-4a91-87ea-acc8b26f8c8d', 'fd919218-f755-4524-8dba-455f5594232d', 'KALTAKQUISE', 'ACTIVE', 0, 'Funktion: Geschäftsführer/in (CEO) | Mitarbeiter: 1 bis 10 | Branche: Detailhandel - Food & Getränke | Rechtsform: Genossenschaft'),
('4cfb2371-946a-4b12-a1b4-2530aec1c9b8', '79e95b35-82ce-4512-83f4-ecf262b35787', 'KALTAKQUISE', 'ACTIVE', 0, 'Funktion: Geschäftsführer/in (CEO) | Mitarbeiter: 11 bis 20 | Branche: Detailhandel - Food & Getränke | Rechtsform: Aktiengesellschaft'),
('ada59d3e-392b-428d-b0f2-5c51e2675e5c', '42cc66ec-6b4b-4fd7-9ea1-9a399f8d21a6', 'KALTAKQUISE', 'ACTIVE', 0, 'Funktion: Geschäftsführer/in (CEO) | Mitarbeiter: 11 bis 20 | Branche: Lebensmittelverarbeitung / Detailhandel - Food & Getränke | Rechtsform: Gesellschaft mit beschränkter Haftung'),
('39b9b6ac-e28d-491e-b282-ad2556b86db8', 'ad960694-5918-4696-ab6b-5fc58e0a2d11', 'KALTAKQUISE', 'ACTIVE', 0, 'Funktion: Geschäftsführer/in (CEO) | Mitarbeiter: 1 bis 10 | Branche: Detailhandel - Food & Getränke | Rechtsform: Gesellschaft mit beschränkter Haftung'),
('dd402106-04ac-45a7-9460-4ba6ee332a38', '4aacc81b-1cea-4e4e-9212-c7b0fa7bcf04', 'KALTAKQUISE', 'ACTIVE', 0, 'Funktion: Geschäftsführer/in (CEO) | Mitarbeiter: 1 bis 10 | Branche: Detailhandel - Food & Getränke | Rechtsform: Gesellschaft mit beschränkter Haftung'),
('68fed845-87ab-4ee4-b710-45db63ab10bf', '07abf1ae-dc68-480e-9a9b-4fbde3c785da', 'KALTAKQUISE', 'ACTIVE', 0, 'Funktion: Geschäftsführer/in (CEO) | Mitarbeiter: 1 bis 10 | Branche: Detailhandel - Food & Getränke'),
('608be056-4fb7-4e48-bd05-fa337de065bd', '0d200b45-3d39-4d2b-8def-c8912dae238b', 'KALTAKQUISE', 'ACTIVE', 0, 'Funktion: Geschäftsführer/in (CEO) | Mitarbeiter: 11 bis 20 | Branche: Detailhandel - Food & Getränke | Rechtsform: Gesellschaft mit beschränkter Haftung'),
('9faefb05-b267-492e-9e4f-22dd747146a4', '67590e44-271d-457c-a5c5-9b69c1bde993', 'KALTAKQUISE', 'ACTIVE', 0, 'Funktion: Geschäftsführer/in (CEO) | Mitarbeiter: 1 bis 10 | Branche: Detailhandel - Food & Getränke | Rechtsform: Gesellschaft mit beschränkter Haftung'),
('41f4a544-f50c-4826-927a-99bbcce14ab4', '326f804c-7d26-4fe4-9f25-b98047be094e', 'KALTAKQUISE', 'ACTIVE', 0, 'Funktion: Geschäftsführer/in (CEO) | Mitarbeiter: 1 bis 10 | Branche: Detailhandel - Food & Getränke | Rechtsform: Einzelunternehmen'),
('33a4a768-da48-44f2-87b7-b023c08a5f3e', 'cd914b61-13e3-43d4-99c1-aea7c3b69efc', 'KALTAKQUISE', 'ACTIVE', 0, 'Funktion: Geschäftsführer/in (CEO) | Mitarbeiter: 1 bis 10 | Branche: Detailhandel - Food & Getränke | Rechtsform: Gesellschaft mit beschränkter Haftung'),
('3f2f772a-8db0-4c21-b776-b2ee4e87ef6c', '4d414fe3-47a7-46dd-b6f6-89c6176115c9', 'KALTAKQUISE', 'ACTIVE', 0, 'Funktion: Geschäftsführer/in (CEO) | Mitarbeiter: 1 bis 10 | Branche: Detailhandel - Food & Getränke | Rechtsform: Verein'),
('6f6ed59d-9f01-4cb4-be3a-1f8d582732b9', 'c68db972-add0-4a51-a7ad-cd9c6a80fd84', 'KALTAKQUISE', 'ACTIVE', 0, 'Funktion: Geschäftsführer/in (CEO) | Mitarbeiter: 1 bis 10 | Branche: Detailhandel - Food & Getränke'),
('236a3ce4-9792-4086-85e1-4f4c5e69b60c', '33a324b1-5e4c-456d-bc21-3f6792724edf', 'KALTAKQUISE', 'ACTIVE', 0, 'Funktion: Geschäftsführer/in (CEO) | Mitarbeiter: 1 bis 10 | Branche: Detailhandel - Food & Getränke'),
('c09be0fd-26c2-427d-baf5-63e9ced22099', 'db01e6fc-70e8-4b9c-a4cb-327fb1bca397', 'KALTAKQUISE', 'ACTIVE', 0, 'Funktion: Geschäftsführer/in (CEO) | Mitarbeiter: 1 bis 10 | Branche: Detailhandel - Food & Getränke | Rechtsform: Genossenschaft'),
('63c68d10-6b14-4555-88dc-cfbbfbf7aded', 'a0ebe634-23d0-425d-8e59-d2c78763bbbe', 'KALTAKQUISE', 'ACTIVE', 0, 'Funktion: Geschäftsführer/in (CEO) | Mitarbeiter: 11 bis 20 | Branche: Detailhandel - Food & Getränke | Rechtsform: Genossenschaft'),
('ca0c31b2-ddc4-4fe7-9198-3dd8eb25f5fe', '987bac3f-10c2-414e-85eb-21ab16064363', 'KALTAKQUISE', 'ACTIVE', 0, 'Funktion: Geschäftsführer/in (CEO) | Mitarbeiter: 1 bis 10 | Branche: Nachhaltigkeitsbereich / Sanitär & Haustechnik / Solar & Photovoltaik | Rechtsform: Aktiengesellschaft'),
('daa43f97-543c-4b93-81db-97badc32b371', 'ca1c6921-639e-4228-9267-188764f70a05', 'KALTAKQUISE', 'ACTIVE', 0, 'Funktion: Geschäftsführer/in (CEO) | Mitarbeiter: 1 bis 10 | Branche: Lebensmittelverarbeitung | Rechtsform: Gesellschaft mit beschränkter Haftung'),
('28011e26-c790-4365-9dad-d07343e62d32', '139397d6-72eb-44c1-80c5-e24e3770a135', 'KALTAKQUISE', 'ACTIVE', 0, 'Funktion: Geschäftsführer/in (CEO) | Mitarbeiter: 1 bis 10 | Branche: Restaurants'),
('3fcca12e-0565-47b3-b57f-e4f8ca7a0cdd', 'b80131a5-874e-420d-a9f9-3d5ed3c5310a', 'KALTAKQUISE', 'ACTIVE', 0, 'Funktion: Geschäftsführer/in (CEO) | Mitarbeiter: 21 bis 50 | Branche: Alters- & Pflegeheime | Rechtsform: Aktiengesellschaft'),
('b9393cc7-6607-40e2-888d-55d061891c16', 'e44d422c-7834-4b83-8214-721e2b7d87cb', 'KALTAKQUISE', 'ACTIVE', 0, 'Funktion: Geschäftsführer/in (CEO) | Mitarbeiter: 1 bis 10 | Branche: Schreinerei- & Holzbaubetriebe | Rechtsform: Gesellschaft mit beschränkter Haftung'),
('c0292318-e62e-43fe-8481-7ef0b9c59182', '5243d998-de97-4f8b-afc5-a91c301c5741', 'KALTAKQUISE', 'ACTIVE', 0, 'Funktion: Geschäftsführer/in (CEO) | Mitarbeiter: 11 bis 20 | Branche: Sanitär & Haustechnik | Rechtsform: Aktiengesellschaft'),
('1fd672a5-c3b5-4a87-82d1-ca55ed9e02b3', '8602847d-7e8f-40ca-b47a-d4097d1487a5', 'KALTAKQUISE', 'ACTIVE', 0, 'Funktion: Geschäftsführer/in (CEO) | Mitarbeiter: 1 bis 10 | Branche: Lebensmittelverarbeitung | Rechtsform: Gesellschaft mit beschränkter Haftung'),
('b0032f33-5981-4e28-9dfa-ac089eb65598', 'fb9465a0-f3d6-41c7-b107-71822ff8a977', 'KALTAKQUISE', 'ACTIVE', 0, 'Funktion: Geschäftsführer/in (CEO) | Mitarbeiter: 1 bis 10 | Branche: Lebensmittelverarbeitung | Rechtsform: Aktiengesellschaft'),
('28f1b45e-f813-426b-8447-3fc069807a52', '497ade9a-757b-4f32-9b65-491385c31560', 'KALTAKQUISE', 'ACTIVE', 0, 'Funktion: Geschäftsführer/in (CEO) | Mitarbeiter: 1 bis 10 | Branche: Lebensmittelverarbeitung | Rechtsform: Kollektivgesellschaft'),
('c57b6513-2ba6-421c-98d4-96f977c0c792', '1cacbbce-d045-4618-be55-70675a053933', 'KALTAKQUISE', 'ACTIVE', 0, 'Funktion: Geschäftsführer/in (CEO) | Mitarbeiter: 1 bis 10 | Branche: Lebensmittelverarbeitung | Rechtsform: Einzelunternehmen'),
('4ace0e30-2fad-4774-b464-043fd294cdc6', '1d588834-cbb7-40c1-a434-53e306e97b19', 'KALTAKQUISE', 'ACTIVE', 0, 'Funktion: Geschäftsführer/in (CEO) | Mitarbeiter: 1 bis 10 | Branche: Lebensmittelverarbeitung | Rechtsform: Einzelunternehmen'),
('f33ef2df-de5f-4200-8f6d-0222cbbafdc2', '2dabd1fe-48a1-4f54-b7ae-e6f3bef7a839', 'KALTAKQUISE', 'ACTIVE', 0, 'Funktion: Geschäftsführer/in (CEO) | Mitarbeiter: 1 bis 10 | Branche: Lebensmittelverarbeitung | Rechtsform: Einzelunternehmen'),
('ef2afe6a-533f-4458-8c69-5222ec4849c4', '4f51c3bb-5067-473f-8f4a-20e955d7b713', 'KALTAKQUISE', 'ACTIVE', 0, 'Funktion: Geschäftsführer/in (CEO) | Mitarbeiter: 1 bis 10 | Branche: Detailhandel - Food & Getränke | Rechtsform: Gesellschaft mit beschränkter Haftung'),
('87921637-47a1-467d-b780-fa58e3589bd8', '39fb1e55-71f9-4ec6-953f-7c67491612a1', 'KALTAKQUISE', 'ACTIVE', 0, 'Funktion: Geschäftsführer/in (CEO) | Mitarbeiter: 11 bis 20 | Branche: Museum & Theater'),
('b9377654-d3c8-4dec-864a-a68bfe95a5cd', '217a5cdb-273e-456b-941e-cb5d4727ea63', 'KALTAKQUISE', 'ACTIVE', 0, 'Funktion: Geschäftsführer/in (CEO) | Mitarbeiter: 1 bis 10 | Branche: Museum & Theater'),
('11e68dcc-29ea-4290-8fd1-8f800ded6ca2', 'c15a55f2-25a6-415e-b854-f981d5388aa1', 'KALTAKQUISE', 'ACTIVE', 0, 'Funktion: Geschäftsführer/in (CEO) | Mitarbeiter: 1 bis 10 | Branche: Museum & Theater'),
('36f67044-afaf-4e63-b372-4786df47379c', 'c0dc9357-5e36-445b-a693-3e6f86f530a8', 'KALTAKQUISE', 'ACTIVE', 0, 'Funktion: Geschäftsführer/in (CEO) | Mitarbeiter: 1 bis 10 | Branche: Museum & Theater'),
('79a0389d-14a2-433a-aa67-384e5efc276e', '9f7641a1-91b2-4a7a-8111-da8322a9acda', 'KALTAKQUISE', 'ACTIVE', 0, 'Funktion: Geschäftsführer/in (CEO) | Mitarbeiter: 1 bis 10 | Branche: Museum & Theater'),
('68986cda-f551-46f2-8747-549d9a468728', '7d668d58-3a50-47b6-adfd-41656d111ba4', 'KALTAKQUISE', 'ACTIVE', 0, 'Funktion: Geschäftsführer/in (CEO) | Mitarbeiter: 1 bis 10 | Branche: Museum & Theater'),
('4c793358-6ef0-4d77-88e9-6c0f0f4367e3', '00e8ade7-5f7c-4a64-815d-97901b547670', 'KALTAKQUISE', 'ACTIVE', 0, 'Funktion: Geschäftsführer/in (CEO) | Mitarbeiter: 1 bis 10 | Branche: Museum & Theater'),
('8536d4a1-3cff-4f52-a28b-45e04fc9dedf', '653bbfc1-96e4-4159-b964-99efe178258d', 'KALTAKQUISE', 'ACTIVE', 0, 'Funktion: Geschäftsführer/in (CEO) | Mitarbeiter: 1 bis 10 | Branche: Apotheken & Drogerien'),
('5fef50d5-4446-43e5-bec1-57ddb9f6ffd1', '293654bb-3cac-4387-a592-d3ffac9fdf4e', 'KALTAKQUISE', 'ACTIVE', 0, 'Funktion: Geschäftsführer/in (CEO) | Mitarbeiter: 11 bis 20 | Branche: Apotheken & Drogerien | Rechtsform: Aktiengesellschaft'),
('78735c94-00c6-46ca-8b1e-f9b0253aa257', 'e917192e-cfc8-4141-8d2c-e0a3d079fb5d', 'KALTAKQUISE', 'ACTIVE', 0, 'Funktion: Geschäftsführer/in (CEO) | Mitarbeiter: 1 bis 10 | Branche: Apotheken & Drogerien'),
('a95cce52-afb8-43a5-9b4b-1206e6718a10', '25f48e08-b301-4f8f-8027-aeb9a4f293c1', 'KALTAKQUISE', 'ACTIVE', 0, 'Funktion: Geschäftsführer/in (CEO) | Mitarbeiter: 1 bis 10 | Branche: Detailhandel - Food & Getränke'),
('133d795d-55db-4319-b21c-1871c06d7d09', 'b2a0c194-0e61-40b6-9ea9-98c8faa81ae5', 'KALTAKQUISE', 'ACTIVE', 0, 'Funktion: Geschäftsführer/in (CEO) | Mitarbeiter: 1 bis 10 | Branche: Arztpraxen'),
('0b9bd2f0-fef3-40b5-962a-ac52da1c60c3', '4be942b0-02d5-4edf-80e8-c9495ddbfce9', 'KALTAKQUISE', 'ACTIVE', 0, 'Funktion: Geschäftsführer/in (CEO) | Mitarbeiter: 1 bis 10 | Branche: Arztpraxen | Rechtsform: Gesellschaft mit beschränkter Haftung'),
('d955c1e7-5462-4ed7-9739-fd5c00f4af2e', '7a6cc8e7-2973-4ae2-ba49-bb1c87c1c656', 'KALTAKQUISE', 'ACTIVE', 0, 'Funktion: Geschäftsführer/in (CEO) | Mitarbeiter: 1 bis 10 | Branche: Arztpraxen'),
('4cb4f38f-664b-4924-8cfa-657975d08e8b', 'abbc9841-3d83-4ed5-b6e8-65983e530ba3', 'KALTAKQUISE', 'ACTIVE', 0, 'Funktion: Geschäftsführer/in (CEO) | Mitarbeiter: 11 bis 20 | Branche: Arztpraxen'),
('0eb0ad2c-ac47-44d0-ac80-37d9b8b8cf5f', '4bef79ce-5e9e-4404-8a52-6da27209cf4f', 'KALTAKQUISE', 'ACTIVE', 0, 'Funktion: Geschäftsführer/in (CEO) | Mitarbeiter: 1 bis 10 | Branche: Metallbauer | Rechtsform: Gesellschaft mit beschränkter Haftung'),
('8978b2b0-2ecd-4cd3-bcfc-91456aa82a80', 'cc364513-dd58-4f3c-9445-ac7320595df5', 'KALTAKQUISE', 'ACTIVE', 0, 'Funktion: Inhaber/in (Owner/Founder) | Mitarbeiter: 1 bis 10 | Branche: Schreinerei- & Holzbaubetriebe'),
('813438f5-9013-454b-ad25-f7d54f42b3e6', 'a67a90e0-ce27-4abc-868c-94940210fc70', 'KALTAKQUISE', 'ACTIVE', 0, 'Funktion: Geschäftsführer/in (CEO) | Mitarbeiter: 1 bis 10 | Branche: Schreinerei- & Holzbaubetriebe'),
('430ebb03-751e-4415-afe8-9f074ea3ee88', '302d3f34-ce69-44de-b51d-2cb0fef7a2af', 'KALTAKQUISE', 'ACTIVE', 0, 'Funktion: Geschäftsführer/in (CEO) | Mitarbeiter: 11 bis 20 | Branche: Architekturbüros / Innenausstatter / Schreinerei- & Holzbaubetriebe | Rechtsform: Gesellschaft mit beschränkter Haftung'),
('0fe91006-dcfe-4a0b-9a59-ca8e4b8d2972', '6b674f98-00c4-43a5-9757-4e4e9f26262f', 'KALTAKQUISE', 'ACTIVE', 0, 'Funktion: Leitung Schule | Mitarbeiter: 11 bis 20 | Branche: Schulen'),
('4e0df981-b90b-422e-8eb4-ca0034b668f2', '260a60a3-5d45-4aec-9a24-ca26e48e6a91', 'KALTAKQUISE', 'ACTIVE', 0, 'Funktion: Geschäftsführer/in (CEO) | Mitarbeiter: 1 bis 10 | Branche: Restaurants | Rechtsform: Einzelunternehmen'),
('fba10a51-9c86-45f5-ab85-21dce90d50ad', 'e6051ce4-0d0d-4647-abef-9a72bab1d747', 'KALTAKQUISE', 'ACTIVE', 0, 'Funktion: Geschäftsführer/in (CEO) | Mitarbeiter: 1 bis 10 | Branche: Architekturbüros / Innenausstatter | Rechtsform: Aktiengesellschaft'),
('d3818a98-3027-4bf0-8d4e-6181c532ff53', 'eadec13c-2a26-4756-95cb-a5d21cb4991d', 'KALTAKQUISE', 'ACTIVE', 0, 'Funktion: Geschäftsführer/in (CEO) | Mitarbeiter: 1 bis 10 | Branche: Schreinerei- & Holzbaubetriebe | Rechtsform: Gesellschaft mit beschränkter Haftung'),
('f061bae2-6e80-4a74-97b0-0ec6f2b74714', 'f054f2cb-f6a5-4d88-8ead-6af9795fb3f2', 'KALTAKQUISE', 'ACTIVE', 0, 'Funktion: Geschäftsführer/in (CEO) | Mitarbeiter: 1 bis 10 | Branche: Treuhandbüros | Rechtsform: Aktiengesellschaft'),
('6b8ad9ef-ad41-4bf9-97d7-beb372b023f1', '765ec7a3-d04d-4187-bb32-b1b69948135c', 'KALTAKQUISE', 'ACTIVE', 0, 'Funktion: Geschäftsführer/in (CEO) | Mitarbeiter: 1 bis 10 | Branche: Baugeschäfte | Rechtsform: Aktiengesellschaft'),
('ad8d1348-8ca4-4d16-b4f0-ec3e85be3b5d', '07ca541e-beb2-423e-8034-2cbdb46e0ccd', 'KALTAKQUISE', 'ACTIVE', 0, 'Funktion: Inhaber/in (Owner/Founder) | Mitarbeiter: 1 bis 10 | Branche: Gartenbau & -pflege'),
('90c76552-703a-49b1-9a1f-b7bcac4f715a', '38dac8c5-2a54-481f-a8e1-675d6c693c8e', 'KALTAKQUISE', 'ACTIVE', 0, 'Funktion: Geschäftsführer/in (CEO) | Mitarbeiter: 21 bis 50 | Branche: Metallbauer | Rechtsform: Aktiengesellschaft'),
('ebd1e75f-fbe7-4343-9c35-74f4cd509f5e', '226ad49d-2db3-41b0-ab4b-0d1f8db34530', 'KALTAKQUISE', 'ACTIVE', 0, 'Funktion: Geschäftsführer/in (CEO) | Mitarbeiter: 1 bis 10 | Branche: Bauingenieurbüros / Sanitär & Haustechnik | Rechtsform: Gesellschaft mit beschränkter Haftung'),
('e20ec1a4-18b8-4e1c-a2aa-5595dd32b4ef', '9e6daef0-3f4b-42c3-90be-c7531a8dc38c', 'KALTAKQUISE', 'ACTIVE', 0, 'Funktion: Geschäftsführer/in (CEO) | Mitarbeiter: 11 bis 20 | Branche: Boden- & Plattenleger | Rechtsform: Aktiengesellschaft'),
('acc89baa-e289-4de4-8804-b95c741ee7ea', 'd3fdd893-3da4-4675-b7dd-1bfe514a57f6', 'KALTAKQUISE', 'ACTIVE', 0, 'Funktion: Geschäftsführer/in (CEO) | Mitarbeiter: 1 bis 10 | Branche: Kosmetikstudios'),
('f4bf0928-6cf7-4d0a-ab0a-9a3baa9847be', 'a713342d-19b5-42b6-b643-ab3f0eefe5cb', 'KALTAKQUISE', 'ACTIVE', 0, 'Funktion: Gesamtleitung/Direktion | Mitarbeiter: 11 bis 20 | Branche: Hotels / Restaurants'),
('6a543847-8006-4616-95f2-1541ee19c809', '0451a747-5801-4773-8fdf-84f49cc238bb', 'KALTAKQUISE', 'ACTIVE', 0, 'Funktion: Gesamtleitung/Direktion | Mitarbeiter: 21 bis 50 | Branche: Hotels'),
('fc63bf9d-0d05-49fd-940b-738fbbb817f1', '6a43ddd2-8cc7-421b-8d0d-5ff5d79f0f27', 'KALTAKQUISE', 'ACTIVE', 0, 'Funktion: Geschäftsführer/in (CEO) | Mitarbeiter: 1 bis 10 | Branche: Textil- & Möbelindustrie | Rechtsform: Einzelunternehmen'),
('22fa163a-0d48-4015-97bb-1cc33c7765ae', 'fc44e38d-2376-4dbb-b50c-d196a859448f', 'KALTAKQUISE', 'ACTIVE', 0, 'Funktion: Geschäftsführer/in (CEO) | Mitarbeiter: 1 bis 10 | Branche: Atem- Meditation- & Yogacenter'),
('6c346149-a867-4c23-bc3a-71bb1bc856a0', 'f4a78a67-d68c-4406-8e14-c63820ecaaab', 'KALTAKQUISE', 'ACTIVE', 0, 'Funktion: Geschäftsführer/in (CEO) | Mitarbeiter: 1 bis 10 | Branche: Treuhandbüros | Rechtsform: Einzelunternehmen'),
('c6457391-a352-4b01-ae60-bd30109a5fc8', '895a319c-8311-4743-8bb9-2eb6cdcedcba', 'KALTAKQUISE', 'ACTIVE', 0, 'Funktion: Geschäftsführer/in (CEO) | Mitarbeiter: 1 bis 10 | Branche: Atem- Meditation- & Yogacenter'),
('c454f824-0f04-4cb1-b95d-59a3bd02a184', '828b272a-2eb0-4166-8528-10619c5063fa', 'KALTAKQUISE', 'ACTIVE', 0, 'Funktion: Geschäftsführer/in (CEO) | Mitarbeiter: 1 bis 10 | Branche: Atem- Meditation- & Yogacenter'),
('81d066c0-e09a-46a8-a52e-e093b9e17c2c', '3af0477d-ca74-42de-a125-eb0d7f5f77b1', 'KALTAKQUISE', 'ACTIVE', 0, 'Funktion: Leitung Schule | Mitarbeiter: 1 bis 10 | Branche: Weiterbildungsinstitute'),
('d7cb5b76-46a7-40da-a578-0bac7b92479a', 'a5820e22-756f-4363-b39e-1a0f0cc57b5d', 'KALTAKQUISE', 'ACTIVE', 0, 'Funktion: Geschäftsführer/in (CEO) | Mitarbeiter: 1 bis 10 | Branche: Physiotherapie'),
('1815a727-7d91-4452-afe3-57175307abea', '13818de7-10e4-4d60-a2fb-351cbc25ea52', 'KALTAKQUISE', 'ACTIVE', 0, 'Funktion: Geschäftsführer/in (CEO) | Mitarbeiter: 1 bis 10 | Branche: Naturheilpraxen | Rechtsform: Einzelunternehmen'),
('564a7cc0-eee9-455b-a3af-6fbf1f29aa04', '0cf87678-34fa-4e45-915d-217340224b14', 'KALTAKQUISE', 'ACTIVE', 0, 'Funktion: Geschäftsführer/in (CEO) | Mitarbeiter: 1 bis 10 | Branche: Architekturbüros | Rechtsform: Gesellschaft mit beschränkter Haftung'),
('771aa78d-56f4-4de9-b3bd-b34d64b0ce72', 'bce90435-ed37-44e6-83c5-a555face85d5', 'KALTAKQUISE', 'ACTIVE', 0, 'Funktion: Geschäftsführer/in (CEO) | Mitarbeiter: 1 bis 10 | Branche: Naturheilpraxen'),
('27068f39-5712-4551-a4dd-7c0304916c47', 'a82e76cc-d5f1-407b-9672-edfbe407c534', 'KALTAKQUISE', 'ACTIVE', 0, 'Funktion: Geschäftsführer/in (CEO) | Mitarbeiter: 1 bis 10 | Branche: Atem- Meditation- & Yogacenter'),
('b86a8d1b-9ca2-41fe-8e11-16b4812e3ac5', 'a0a8f600-d608-4597-bf15-d46cb79cb72b', 'KALTAKQUISE', 'ACTIVE', 0, 'Funktion: Geschäftsführer/in (CEO) | Mitarbeiter: 1 bis 10 | Branche: Bau- & Projektmanagement | Rechtsform: Aktiengesellschaft'),
('d2ac7f00-6489-4596-bce4-7403314b3c7a', '1360e930-7fa9-4339-9122-cc7f62111e21', 'KALTAKQUISE', 'ACTIVE', 0, 'Funktion: Geschäftsführer/in (CEO) | Mitarbeiter: 11 bis 20 | Branche: Bau- & Projektmanagement / Family Offices / General- & Totalunternehmungen / Immobilienverwaltung / Immobilienvermittlung / Bauherrenvertretung | Rechtsform: Aktiengesellschaft'),
('cb15c8c4-1269-4706-8d70-b47a62ccf5ef', 'a3f74faf-1cc9-4539-92de-3a07dd4e402c', 'KALTAKQUISE', 'ACTIVE', 0, 'Funktion: Geschäftsführer/in (CEO) | Mitarbeiter: 21 bis 50 | Branche: Nachhaltigkeitsbereich / Sanitär & Haustechnik / Solar & Photovoltaik | Rechtsform: Aktiengesellschaft'),
('efa2a9d8-ee42-4f19-88d0-79ab9585eb20', 'b4e2c86e-142e-44c3-86b9-2b37dd2ae315', 'KALTAKQUISE', 'ACTIVE', 0, 'Funktion: Geschäftsführer/in (CEO) | Mitarbeiter: 1 bis 10 | Branche: Personalvermittler & -berater | Rechtsform: Einzelunternehmen'),
('b8f13a45-9b5c-43a1-a5fc-3d4aafd47a30', '92f5456b-248e-4084-b698-1f348380dd88', 'KALTAKQUISE', 'ACTIVE', 0, 'Funktion: Geschäftsführer/in (CEO) | Mitarbeiter: 1 bis 10 | Branche: Restaurants | Rechtsform: Gesellschaft mit beschränkter Haftung'),
('8cfdc281-35a9-4481-861e-b8518827ded5', '2718aa93-7524-48fa-8b23-7a751c224e45', 'KALTAKQUISE', 'ACTIVE', 0, 'Funktion: Geschäftsführer/in (CEO) | Mitarbeiter: 1 bis 10 | Branche: Restaurants | Rechtsform: Gesellschaft mit beschränkter Haftung'),
('53c0977b-494b-4aed-ac8d-10deace340ec', 'bfb11527-a611-427b-ae32-7f490b6ba864', 'KALTAKQUISE', 'ACTIVE', 0, 'Funktion: Geschäftsführer/in (CEO) | Mitarbeiter: 1 bis 10 | Branche: Architekturbüros | Rechtsform: Gesellschaft mit beschränkter Haftung'),
('19ad278e-9fee-45ea-bf64-9797aff5bb22', '09f89181-76ec-4a4d-86d6-0b98eda6c939', 'KALTAKQUISE', 'ACTIVE', 0, 'Funktion: Geschäftsführer/in (CEO) | Mitarbeiter: 1 bis 10 | Branche: Atem- Meditation- & Yogacenter'),
('bee1a345-a714-4a97-8afd-43127ca0932a', 'e289aae1-f95a-40ed-abb1-80b024ce0e8b', 'KALTAKQUISE', 'ACTIVE', 0, 'Funktion: Geschäftsführer/in (CEO) | Mitarbeiter: 1 bis 10 | Branche: Hofläden & Bauernhöfe'),
('bf563545-34ba-41c6-a1be-bb42ea4a24c6', 'a6211454-6158-453a-bc0d-02d95dbbd892', 'KALTAKQUISE', 'ACTIVE', 0, 'Funktion: Geschäftsführer/in (CEO) | Mitarbeiter: 11 bis 20 | Branche: Elektroindustrie | Rechtsform: Aktiengesellschaft'),
('9655974a-885c-4bc8-8122-9cd9b970c694', 'b6cb7091-dee9-47e2-b940-99324b803bc9', 'KALTAKQUISE', 'ACTIVE', 0, 'Funktion: Geschäftsführer/in (CEO) | Mitarbeiter: 11 bis 20 | Branche: Clubs, Bars & Eventlocations / Restaurants'),
('c7da26da-b534-4647-b56a-2c98561d004f', '4a58fefe-c6ae-4472-b377-bbab27eecdd2', 'KALTAKQUISE', 'ACTIVE', 0, 'Funktion: Geschäftsführer/in (CEO) | Mitarbeiter: 1 bis 10 | Branche: Boden- & Plattenleger'),
('5c4ad336-55cd-479e-8c5d-9245ad0dde52', '1c50a1c1-b5c9-446e-8c57-069e6b4e2939', 'KALTAKQUISE', 'ACTIVE', 0, 'Funktion: Geschäftsführer/in (CEO) | Mitarbeiter: 1 bis 10 | Branche: Werbeagenturen | Rechtsform: Gesellschaft mit beschränkter Haftung'),
('5a3fff87-3a4e-4206-a8e3-6cbac68651b6', '7a3d1ff8-5e91-4771-af5d-25c73b05a365', 'KALTAKQUISE', 'ACTIVE', 0, 'Funktion: Geschäftsführer/in (CEO) | Mitarbeiter: 11 bis 20 | Branche: Gartenbau & -pflege | Rechtsform: Aktiengesellschaft'),
('09a27894-8749-4d37-9d72-e601b9b96645', '16be3d48-dc60-483d-a1d4-d9bdf3a83d66', 'KALTAKQUISE', 'ACTIVE', 0, 'Funktion: Geschäftsführer/in (CEO) | Mitarbeiter: 1 bis 10 | Branche: Schreinerei- & Holzbaubetriebe'),
('bfaba87a-d7c5-42a9-9093-c3584bffee94', 'a06beaec-a76f-40f1-97db-d572245a181d', 'KALTAKQUISE', 'ACTIVE', 0, 'Funktion: Geschäftsführer/in (CEO) | Mitarbeiter: 1 bis 10 | Branche: Divers | Rechtsform: Aktiengesellschaft'),
('b551c436-5df4-4fb8-a4d6-26ec130ecfc4', 'c934147e-66a6-4305-a786-7609ae22ca1a', 'KALTAKQUISE', 'ACTIVE', 0, 'Funktion: Gesamtleitung/Direktion | Mitarbeiter: 1 bis 10 | Branche: Beherbergungsstätten'),
('f0a7f01f-dc43-4549-8adf-aa19a1c00e8b', 'f8703758-2973-4d5d-87c6-78c5cd34dcff', 'KALTAKQUISE', 'ACTIVE', 0, 'Funktion: Geschäftsführer/in (CEO) | Mitarbeiter: 21 bis 50 | Branche: Architekturbüros / Innenausstatter | Rechtsform: Gesellschaft mit beschränkter Haftung'),
('e0c8bd6d-f2bd-49e9-b3d4-757bf262a22d', 'e6b9087b-c8e2-4df8-8d41-c4ab85e49ec5', 'KALTAKQUISE', 'ACTIVE', 0, 'Funktion: Geschäftsführer/in (CEO) | Mitarbeiter: 1 bis 10 | Branche: Glas-, Keramik-, Stein- & Baustoffindustrie | Rechtsform: Aktiengesellschaft'),
('60927e0b-2a00-4b13-bc4b-5addc454dd72', '241b9e4c-2f77-4150-a837-80e4a313ae3d', 'KALTAKQUISE', 'ACTIVE', 0, 'Funktion: Geschäftsführer/in (CEO) | Mitarbeiter: 1 bis 10 | Branche: Architekturbüros / Innenausstatter | Rechtsform: Aktiengesellschaft'),
('85506105-ba0c-47bb-b626-aaf71950506a', 'f2637b43-0048-4aae-af8d-c02d2a6f0958', 'KALTAKQUISE', 'ACTIVE', 0, 'Funktion: Geschäftsführer/in (CEO) | Mitarbeiter: 1 bis 10 | Branche: IT Unternehmen | Rechtsform: Einzelunternehmen'),
('d7d4b92e-1246-487e-ae43-3169c25b35db', '6f8b0b87-dc46-4214-bc32-9558971f1588', 'KALTAKQUISE', 'ACTIVE', 0, 'Funktion: Geschäftsführer/in (CEO) | Mitarbeiter: 51 bis 100 | Branche: Top 2''000 CH-Unternehmen | Rechtsform: Aktiengesellschaft'),
('b45222d4-9162-40ed-9693-a2c1cfb0a41a', '7a23dcb2-f270-48c8-9dc3-fd49669faf09', 'KALTAKQUISE', 'ACTIVE', 0, 'Funktion: Geschäftsführer/in (CEO) | Mitarbeiter: 1 bis 10 | Branche: Physiotherapie | Rechtsform: Einzelunternehmen'),
('a977fdfc-acd3-4628-aaa9-4c91a9afcd85', 'f76fd4e9-7af0-4464-87b0-f9ddeafcc41c', 'KALTAKQUISE', 'ACTIVE', 0, 'Funktion: Geschäftsführer/in (CEO) | Mitarbeiter: 1 bis 10 | Branche: Coiffeursalons | Rechtsform: Einzelunternehmen'),
('b438291d-cfd8-490e-9b5f-4cf993d45a39', 'db61b016-a389-4130-b5e8-12b8c56f6bff', 'KALTAKQUISE', 'ACTIVE', 0, 'Funktion: Gesamtleitung/Direktion | Mitarbeiter: 1 bis 10 | Branche: Beherbergungsstätten'),
('fa1fa330-fffa-42c0-a84c-18512c7e5f9d', 'c5e0a859-9761-4b5a-a7ca-4cdf29b316a8', 'KALTAKQUISE', 'ACTIVE', 0, 'Funktion: Geschäftsführer/in (CEO) | Mitarbeiter: 11 bis 20 | Branche: Elektroindustrie | Rechtsform: Einzelunternehmen'),
('b3bec655-c271-403b-aee1-03ada2931803', '866ff81a-eb5d-4721-b269-700d3426d3a0', 'KALTAKQUISE', 'ACTIVE', 0, 'Funktion: Geschäftsführer/in (CEO) | Mitarbeiter: 1 bis 10 | Branche: Tattoo- & Piercingstudios'),
('9e1d96f4-2072-4354-8f39-7b00582828f6', '6a90a117-dda8-4edc-bf66-73005f97111e', 'KALTAKQUISE', 'ACTIVE', 0, 'Funktion: Projektleitung | Mitarbeiter: 1 bis 10 | Branche: Architekturbüros | Rechtsform: Aktiengesellschaft'),
('8ccbe0c1-056b-4a74-8379-5648e7509cfb', '2bbb9ec3-b2f3-4506-ace9-866fd1f72b85', 'KALTAKQUISE', 'ACTIVE', 0, 'Funktion: Geschäftsführer/in (CEO) | Mitarbeiter: 11 bis 20 | Branche: Online Shops | Rechtsform: Gesellschaft mit beschränkter Haftung'),
('eb75e48d-4876-487a-bae1-e9e70f54b158', 'a0ace67e-d8a0-4347-a126-5f659dc11f29', 'KALTAKQUISE', 'ACTIVE', 0, 'Funktion: Geschäftsführer/in (CEO) | Mitarbeiter: 21 bis 50 | Branche: Pensionskassen | Rechtsform: Stiftung'),
('ac58ec77-586a-446f-9786-b2d4f823ac91', '6fb7b8c4-9fa3-4682-96fd-21892955439b', 'KALTAKQUISE', 'ACTIVE', 0, 'Funktion: Geschäftsführer/in (CEO) | Mitarbeiter: 1 bis 10 | Branche: Immobilienvermittlung / Immobilienprojektentwicklung | Rechtsform: Gesellschaft mit beschränkter Haftung'),
('23b92cfd-bd99-4331-bd42-402d19e0e1fc', '588ab829-b7bf-4b67-9790-b15a924d8d02', 'KALTAKQUISE', 'ACTIVE', 0, 'Funktion: Geschäftsführer/in (CEO) | Mitarbeiter: 1 bis 10 | Branche: Lebensmittelverarbeitung | Rechtsform: Aktiengesellschaft'),
('09257498-bcbe-465b-812f-530067fcf584', '9da4418d-8312-4467-9fa1-820043360008', 'KALTAKQUISE', 'ACTIVE', 0, 'Funktion: Geschäftsführer/in (CEO) | Mitarbeiter: 11 bis 20 | Branche: Clubs, Bars & Eventlocations'),
('4576551d-c2e3-495c-9874-02bec7d2bdfc', 'adcc469b-41f2-438c-9e2a-0af9b1265d3b', 'KALTAKQUISE', 'ACTIVE', 0, 'Funktion: Geschäftsführer/in (CEO) | Mitarbeiter: 1 bis 10 | Branche: Atem- Meditation- & Yogacenter | Rechtsform: Gesellschaft mit beschränkter Haftung'),
('386decbc-965b-417c-976a-1a0e306f5c59', '5e4d2155-6440-4257-9613-32d9740d16f1', 'KALTAKQUISE', 'ACTIVE', 0, 'Funktion: Gesamtleitung/Direktion | Mitarbeiter: 1 bis 10 | Branche: Beherbergungsstätten | Rechtsform: Gesellschaft mit beschränkter Haftung'),
('d02d6e87-96c3-44af-bffb-019a3d4df487', '9bb81b00-155d-4c77-be30-dc74ecae8136', 'KALTAKQUISE', 'ACTIVE', 0, 'Funktion: Chefredaktion | Mitarbeiter: 11 bis 20 | Branche: Zeitungen & Zeitschriften'),
('c94f5d62-08a6-4cf9-8583-09424bdad21b', 'a62aa75f-27d2-4eed-9012-f5b0aec0d0a3', 'KALTAKQUISE', 'ACTIVE', 0, 'Funktion: Geschäftsführer/in (CEO) | Mitarbeiter: 1 bis 10 | Branche: Werbeagenturen | Rechtsform: Gesellschaft mit beschränkter Haftung'),
('6a6cfd0d-a6c3-4e6e-9437-31415a82be8a', '8513d474-3eb8-4144-b76f-8f484c523b9d', 'KALTAKQUISE', 'ACTIVE', 0, 'Funktion: Leitung Standort | Mitarbeiter: 21 bis 50 | Branche: Restaurants'),
('d024c870-d76f-4ea5-9e35-b08c3b6944ed', '9a869e78-f7f0-41ef-abc7-65703648e292', 'KALTAKQUISE', 'ACTIVE', 0, 'Funktion: Geschäftsführer/in (CEO) | Mitarbeiter: 21 bis 50 | Branche: Baugeschäfte'),
('4e10646a-73c9-4bf7-a8e9-81bb59430396', 'a781ecf6-fcfb-4402-bb86-72a2427aeab2', 'KALTAKQUISE', 'ACTIVE', 0, 'Funktion: Geschäftsführer/in (CEO) | Mitarbeiter: 1 bis 10 | Branche: Personalvermittler & -berater | Rechtsform: Aktiengesellschaft'),
('4ddc2bbc-0320-4ab6-8f09-bc3be010be4d', '308780fe-da24-46ee-9afb-5c4eafc4ea31', 'KALTAKQUISE', 'ACTIVE', 0, 'Funktion: Geschäftsführer/in (CEO) | Mitarbeiter: 1 bis 10 | Branche: Unternehmensberater | Rechtsform: Gesellschaft mit beschränkter Haftung'),
('664b18ae-ba59-4de8-8533-3902d4b463ca', '12394a54-6f0b-499e-ac5d-b1ab131c68a8', 'KALTAKQUISE', 'ACTIVE', 0, 'Funktion: Geschäftsführer/in (CEO) | Mitarbeiter: 1 bis 10 | Branche: Unternehmensberater / Immobilienverwaltung | Rechtsform: Gesellschaft mit beschränkter Haftung'),
('6e3268a4-1093-4149-a1f9-e17fbfc410b2', 'dfc5ed47-ead1-4c6f-bb9f-030e3800ce72', 'KALTAKQUISE', 'ACTIVE', 0, 'Funktion: Geschäftsführer/in (CEO) | Mitarbeiter: 1 bis 10 | Branche: Versicherungsbroker & -makler | Rechtsform: Aktiengesellschaft'),
('034f0a0a-c973-4aca-b553-2287f4cebf32', 'b92fe0a4-1f79-49c8-954d-c4f44d3db774', 'KALTAKQUISE', 'ACTIVE', 0, 'Funktion: Geschäftsführer/in (CEO) | Mitarbeiter: 1 bis 10 | Branche: Maler- & Gipsergeschäfte'),
('8bd78dec-4ed6-4706-874b-d20a6de69926', '2039a0d9-2be6-487e-872c-d958c4977371', 'KALTAKQUISE', 'ACTIVE', 0, 'Funktion: Geschäftsführer/in (CEO) | Mitarbeiter: 1 bis 10 | Branche: Druckereibetriebe'),
('35f94623-2178-4bbb-a9f2-e785f18ef7df', 'd1fc3a4b-45f1-431f-a03e-fa39dfaec6eb', 'KALTAKQUISE', 'ACTIVE', 0, 'Funktion: Geschäftsführer/in (CEO) | Mitarbeiter: Mehr als 500 | Branche: Top 2''000 CH-Unternehmen / Logistik- & Transportunternehmen | Rechtsform: Aktiengesellschaft'),
('ec49c681-de2d-4514-94cd-453651c4c3ce', 'dd609d25-5ad8-4ef2-ba81-c045f02796f7', 'KALTAKQUISE', 'ACTIVE', 0, 'Funktion: Geschäftsführer/in (CEO) | Mitarbeiter: 1 bis 10 | Branche: Kunststoffindustrie | Rechtsform: Aktiengesellschaft'),
('dffceb18-7d7e-49b2-8f2e-c0c9ed7aad62', '99ad0f76-0d0e-48a4-80ad-267514b1bd9d', 'KALTAKQUISE', 'ACTIVE', 0, 'Funktion: Geschäftsführer/in (CEO) | Mitarbeiter: 1 bis 10 | Branche: Psychiatrie & Psychotherapie'),
('24c2cbc1-6506-4726-b525-c5552d02f9a0', '7e5a352d-e86c-43eb-a972-0ef5d5746f6b', 'KALTAKQUISE', 'ACTIVE', 0, 'Funktion: Geschäftsführer/in (CEO) | Mitarbeiter: 1 bis 10 | Branche: Sanitär & Haustechnik | Rechtsform: Gesellschaft mit beschränkter Haftung'),
('4fc52b45-484d-4768-af0b-7632c99cd65d', 'b0cf8864-313e-48fe-ae2f-7a5c8df4e579', 'KALTAKQUISE', 'ACTIVE', 0, 'Funktion: Geschäftsführer/in (CEO) | Mitarbeiter: 1 bis 10 | Branche: Unternehmensberater'),
('069d130a-c320-432e-915a-3e968f3031a2', '782f7234-7da2-4d63-9803-eb6bd95e9f1c', 'KALTAKQUISE', 'ACTIVE', 0, 'Funktion: Geschäftsführer/in (CEO) | Mitarbeiter: 1 bis 10 | Branche: Treuhandbüros'),
('0d0e1a68-780d-4d46-9941-cb9808b0ab47', 'a3ab06e0-93db-4248-a2c5-de3bd416d5a3', 'KALTAKQUISE', 'ACTIVE', 0, 'Funktion: Präsidium  | Mitarbeiter: 1 bis 10 | Branche: Turnvereine'),
('dfb1d1f5-8b0b-426b-bd0c-7574c128309a', '1cfbf14a-d084-42ab-a369-4225fb4848d0', 'KALTAKQUISE', 'ACTIVE', 0, 'Funktion: Geschäftsführer/in (CEO) | Mitarbeiter: 1 bis 10 | Branche: Gartenbau & -pflege'),
('c635af13-1203-41b5-92cf-5eafc23c9c46', '2fe3be68-5c0a-4d26-8f24-fde59920efd2', 'KALTAKQUISE', 'ACTIVE', 0, 'Funktion: Geschäftsführer/in (CEO) | Mitarbeiter: 1 bis 10 | Branche: Schreinerei- & Holzbaubetriebe'),
('69c02c38-fc76-446a-90c8-6f807b18a832', 'e61801b2-80b2-4b62-b825-db0e21dc3a8a', 'KALTAKQUISE', 'ACTIVE', 0, 'Funktion: Geschäftsführer/in (CEO) | Mitarbeiter: 11 bis 20 | Branche: Medizintechnik-Industrie | Rechtsform: Aktiengesellschaft'),
('89b11a20-70fe-4cca-ba7b-caad710c0767', '9efd9f74-c096-446d-ac06-45b29d8e72e0', 'KALTAKQUISE', 'ACTIVE', 0, 'Funktion: Geschäftsführer/in (CEO) | Mitarbeiter: 1 bis 10 | Branche: Physiotherapie | Rechtsform: Gesellschaft mit beschränkter Haftung'),
('2ba8eef0-9162-4443-b55f-7d0b5b0e55ff', 'a58a24b1-fb71-425e-9429-527bc1ee15e8', 'KALTAKQUISE', 'ACTIVE', 0, 'Funktion: Geschäftsführer/in (CEO) | Mitarbeiter: 1 bis 10 | Branche: Boden- & Plattenleger'),
('c0eefc4d-5764-4b17-a74e-42109fa47b5c', '2a32ec9d-aa56-4476-8e40-5ec16b78f659', 'KALTAKQUISE', 'ACTIVE', 0, 'Funktion: Geschäftsführer/in (CEO) | Mitarbeiter: 1 bis 10 | Branche: Facility Management & Reinigungsfirmen | Rechtsform: Gesellschaft mit beschränkter Haftung'),
('98b40f12-e6e7-436c-8731-8c5487856a6d', '42ee88f3-9f0c-41c1-b185-b159b1c2479b', 'KALTAKQUISE', 'ACTIVE', 0, 'Funktion: Leitung Einkauf | Mitarbeiter: 51 bis 100 | Branche: Divers | Rechtsform: Aktiengesellschaft');

INSERT INTO lead_tags (lead_id, tag_id) VALUES
('cb4504c0-32af-4312-b015-aa9a9e9b523a', 'ka-b2b'),
('0ba21b3e-6e6c-41b5-8a9d-55a4fee00f6b', 'ka-b2b'),
('37d2e2bf-67d1-4e14-9610-4e97d5a29573', 'ka-b2b'),
('1b5c241a-fbf1-4da7-8f60-7c615faffd5a', 'ka-b2b'),
('960664cf-b320-4935-a949-51d18942c335', 'ka-b2b'),
('4a068c49-62da-458c-9cae-44a9265c1488', 'ka-b2b'),
('2facc748-4943-415e-b2dd-e28817147f10', 'ka-b2b'),
('d988cd69-40ed-4f75-9568-6751d1af28a2', 'ka-b2b'),
('7382c50c-b801-43c9-afc0-c1ed81ea978b', 'ka-b2b'),
('e7c860be-2fed-4ab0-9903-91afe2516586', 'ka-b2b'),
('857b6226-b4e5-4bc8-854e-3f0c6b3936af', 'ka-b2b'),
('bac75aab-e6d4-4622-b0e7-e4a7e9f9b27a', 'ka-b2b'),
('77fe13da-4cc6-4b12-9da8-ac8bf3d426b1', 'ka-b2b'),
('92fea707-e89c-4213-987a-dee563c107fc', 'ka-b2b'),
('5afab040-d570-4438-8122-83ad9c4313e1', 'ka-b2b'),
('fc3221ee-d8c6-4055-9da3-514424d9608c', 'ka-b2b'),
('d488c690-ffc1-4d26-8dba-5097fb1be739', 'ka-b2b'),
('c0dc8762-cb07-4546-b014-cff8ae8eded3', 'ka-b2b'),
('841153d1-0046-4586-80c9-d5691e6f8307', 'ka-b2b'),
('d9ccce66-e499-4070-9e6d-e73f0645aebe', 'ka-b2b'),
('2f61792f-9560-45c7-9335-30c22dd83ae4', 'ka-b2b'),
('c33609bb-2f2c-439a-a7ed-8ef444e6bb1d', 'ka-b2b'),
('ec42284d-c30b-4882-b2ff-cf02573a0085', 'ka-b2b'),
('02360312-27bf-4580-8bf5-2e9c1053c51a', 'ka-b2b'),
('11001277-8ce9-4aba-a89f-2551e2ddb864', 'ka-b2b'),
('ddfe0924-b1f3-4ad3-92dc-59d5ec663624', 'ka-b2b'),
('547faa3d-d72b-414f-b7df-cdad2a5541be', 'ka-b2b'),
('edaaeb4f-5e7f-4d79-b1c9-f8cb5756cff8', 'ka-b2b'),
('0a19c0e1-378f-4c68-87e7-65cffb745bb9', 'ka-b2b'),
('76c29d4f-891b-451b-b184-e1147c8798b4', 'ka-b2b'),
('4e0a7d49-c2d9-4b1c-bb94-694c7bf7207c', 'ka-b2b'),
('32112f9a-4e65-42d8-a53e-ac6bc17c80d4', 'ka-b2b'),
('3872d222-4c09-4056-8f06-fe4dc633edc5', 'ka-b2b'),
('37d3396f-1f36-46e1-83fd-c6e81f91faff', 'ka-b2b'),
('36818669-6b7d-4dd2-9253-de78bd6041ba', 'ka-b2b'),
('5405cef3-87a4-4f39-99f0-3d999318d4ce', 'ka-b2b'),
('03c1fe4c-8824-4b1c-a592-33d1064aaf8a', 'ka-b2b'),
('50999421-dd6b-4228-b199-d5d445232780', 'ka-b2b'),
('a0025092-cc6f-485a-9b6a-e293f6d95a33', 'ka-b2b'),
('79f8a2f5-140a-4f81-94f6-19aa9d65eb93', 'ka-b2b'),
('155c8bf9-6fd3-4358-8820-848737b01841', 'ka-b2b'),
('f705f4b9-b5d4-4a6b-8e29-85e1950e6af8', 'ka-b2b'),
('e3ba6dbe-616e-49b0-8241-d805482ad843', 'ka-b2b'),
('6723e7dc-2ae7-4417-844b-30c54aeb05b3', 'ka-b2b'),
('2e80fee2-3ecf-436d-a29c-08891fa84718', 'ka-b2b'),
('4d73bae0-4816-4316-a0c3-5260bceac2e1', 'ka-b2b'),
('f004fa7a-56a2-474e-9835-6507a4758b80', 'ka-b2b'),
('01d67857-06bb-4160-8c2b-73141ae95002', 'ka-b2b'),
('2f25ba76-b0c5-4aed-83ec-8f7c9754a290', 'ka-b2b'),
('dc423e43-5b2c-4ba1-ac28-6f336bbfe8f9', 'ka-b2b'),
('8e29e6d4-cc9d-4392-b6dd-9646c7a914d4', 'ka-b2b'),
('2a5be26a-75fc-43a2-8fe5-e6f8fc72f375', 'ka-b2b'),
('35c27f32-6aa5-4211-bf51-6aff5de61181', 'ka-b2b'),
('fc0b7e27-569e-41ef-ab58-17e5d89dc307', 'ka-b2b'),
('415cb51b-8617-4f9f-8231-5d9c168b3789', 'ka-b2b'),
('31e2bd92-b5cb-4345-b483-6243ba9d7dbf', 'ka-b2b'),
('7877fc2f-ca3f-4ac9-8021-1241b7f4fac2', 'ka-b2b'),
('bcdf6e9c-3c51-4ebe-97c6-4b922d989f1f', 'ka-b2b'),
('07e271c4-a355-4128-991a-29bcc9c63032', 'ka-b2b'),
('ce7ad142-2418-48d9-8294-3ba0880477bc', 'ka-b2b'),
('369c03ef-bba4-4821-aaf9-f8253eedd74b', 'ka-b2b'),
('ea82ec13-e9af-4684-ad69-1ae06666e3c3', 'ka-b2b'),
('305f25f5-c9af-4d80-b1c7-3369bbab4a02', 'ka-b2b'),
('4495afde-0662-4849-85e5-2ef12fc8363c', 'ka-b2b'),
('1fa2accd-44c0-4851-aac7-2f1681f18e81', 'ka-b2b'),
('c46a4d78-72ee-4d84-96e2-a05b56fbed10', 'ka-b2b'),
('b2e31a51-c029-4089-9e40-16608655fbdb', 'ka-b2b'),
('acdd1198-48c1-47e1-955f-663c5966c402', 'ka-b2b'),
('b0ed0142-6e46-4ab3-a55c-9a4fd71c9549', 'ka-b2b'),
('92967e99-c4d6-47fe-9a21-1eb46c9333b4', 'ka-b2b'),
('04a268b1-e9df-4a91-87ea-acc8b26f8c8d', 'ka-b2b'),
('4cfb2371-946a-4b12-a1b4-2530aec1c9b8', 'ka-b2b'),
('ada59d3e-392b-428d-b0f2-5c51e2675e5c', 'ka-b2b'),
('39b9b6ac-e28d-491e-b282-ad2556b86db8', 'ka-b2b'),
('dd402106-04ac-45a7-9460-4ba6ee332a38', 'ka-b2b'),
('68fed845-87ab-4ee4-b710-45db63ab10bf', 'ka-b2b'),
('608be056-4fb7-4e48-bd05-fa337de065bd', 'ka-b2b'),
('9faefb05-b267-492e-9e4f-22dd747146a4', 'ka-b2b'),
('41f4a544-f50c-4826-927a-99bbcce14ab4', 'ka-b2b'),
('33a4a768-da48-44f2-87b7-b023c08a5f3e', 'ka-b2b'),
('3f2f772a-8db0-4c21-b776-b2ee4e87ef6c', 'ka-b2b'),
('6f6ed59d-9f01-4cb4-be3a-1f8d582732b9', 'ka-b2b'),
('236a3ce4-9792-4086-85e1-4f4c5e69b60c', 'ka-b2b'),
('c09be0fd-26c2-427d-baf5-63e9ced22099', 'ka-b2b'),
('63c68d10-6b14-4555-88dc-cfbbfbf7aded', 'ka-b2b'),
('ca0c31b2-ddc4-4fe7-9198-3dd8eb25f5fe', 'ka-b2b'),
('daa43f97-543c-4b93-81db-97badc32b371', 'ka-b2b'),
('28011e26-c790-4365-9dad-d07343e62d32', 'ka-b2b'),
('3fcca12e-0565-47b3-b57f-e4f8ca7a0cdd', 'ka-b2b'),
('b9393cc7-6607-40e2-888d-55d061891c16', 'ka-b2b'),
('c0292318-e62e-43fe-8481-7ef0b9c59182', 'ka-b2b'),
('1fd672a5-c3b5-4a87-82d1-ca55ed9e02b3', 'ka-b2b'),
('b0032f33-5981-4e28-9dfa-ac089eb65598', 'ka-b2b'),
('28f1b45e-f813-426b-8447-3fc069807a52', 'ka-b2b'),
('c57b6513-2ba6-421c-98d4-96f977c0c792', 'ka-b2b'),
('4ace0e30-2fad-4774-b464-043fd294cdc6', 'ka-b2b'),
('f33ef2df-de5f-4200-8f6d-0222cbbafdc2', 'ka-b2b'),
('ef2afe6a-533f-4458-8c69-5222ec4849c4', 'ka-b2b'),
('87921637-47a1-467d-b780-fa58e3589bd8', 'ka-b2b'),
('b9377654-d3c8-4dec-864a-a68bfe95a5cd', 'ka-b2b'),
('11e68dcc-29ea-4290-8fd1-8f800ded6ca2', 'ka-b2b'),
('36f67044-afaf-4e63-b372-4786df47379c', 'ka-b2b'),
('79a0389d-14a2-433a-aa67-384e5efc276e', 'ka-b2b'),
('68986cda-f551-46f2-8747-549d9a468728', 'ka-b2b'),
('4c793358-6ef0-4d77-88e9-6c0f0f4367e3', 'ka-b2b'),
('8536d4a1-3cff-4f52-a28b-45e04fc9dedf', 'ka-b2b'),
('5fef50d5-4446-43e5-bec1-57ddb9f6ffd1', 'ka-b2b'),
('78735c94-00c6-46ca-8b1e-f9b0253aa257', 'ka-b2b'),
('a95cce52-afb8-43a5-9b4b-1206e6718a10', 'ka-b2b'),
('133d795d-55db-4319-b21c-1871c06d7d09', 'ka-b2b'),
('0b9bd2f0-fef3-40b5-962a-ac52da1c60c3', 'ka-b2b'),
('d955c1e7-5462-4ed7-9739-fd5c00f4af2e', 'ka-b2b'),
('4cb4f38f-664b-4924-8cfa-657975d08e8b', 'ka-b2b'),
('0eb0ad2c-ac47-44d0-ac80-37d9b8b8cf5f', 'ka-b2b'),
('8978b2b0-2ecd-4cd3-bcfc-91456aa82a80', 'ka-b2b'),
('813438f5-9013-454b-ad25-f7d54f42b3e6', 'ka-b2b'),
('430ebb03-751e-4415-afe8-9f074ea3ee88', 'ka-b2b'),
('0fe91006-dcfe-4a0b-9a59-ca8e4b8d2972', 'ka-b2b'),
('4e0df981-b90b-422e-8eb4-ca0034b668f2', 'ka-b2b'),
('fba10a51-9c86-45f5-ab85-21dce90d50ad', 'ka-b2b'),
('d3818a98-3027-4bf0-8d4e-6181c532ff53', 'ka-b2b'),
('f061bae2-6e80-4a74-97b0-0ec6f2b74714', 'ka-b2b'),
('6b8ad9ef-ad41-4bf9-97d7-beb372b023f1', 'ka-b2b'),
('ad8d1348-8ca4-4d16-b4f0-ec3e85be3b5d', 'ka-b2b'),
('90c76552-703a-49b1-9a1f-b7bcac4f715a', 'ka-b2b'),
('ebd1e75f-fbe7-4343-9c35-74f4cd509f5e', 'ka-b2b'),
('e20ec1a4-18b8-4e1c-a2aa-5595dd32b4ef', 'ka-b2b'),
('acc89baa-e289-4de4-8804-b95c741ee7ea', 'ka-b2b'),
('f4bf0928-6cf7-4d0a-ab0a-9a3baa9847be', 'ka-b2b'),
('6a543847-8006-4616-95f2-1541ee19c809', 'ka-b2b'),
('fc63bf9d-0d05-49fd-940b-738fbbb817f1', 'ka-b2b'),
('22fa163a-0d48-4015-97bb-1cc33c7765ae', 'ka-b2b'),
('6c346149-a867-4c23-bc3a-71bb1bc856a0', 'ka-b2b'),
('c6457391-a352-4b01-ae60-bd30109a5fc8', 'ka-b2b'),
('c454f824-0f04-4cb1-b95d-59a3bd02a184', 'ka-b2b'),
('81d066c0-e09a-46a8-a52e-e093b9e17c2c', 'ka-b2b'),
('d7cb5b76-46a7-40da-a578-0bac7b92479a', 'ka-b2b'),
('1815a727-7d91-4452-afe3-57175307abea', 'ka-b2b'),
('564a7cc0-eee9-455b-a3af-6fbf1f29aa04', 'ka-b2b'),
('771aa78d-56f4-4de9-b3bd-b34d64b0ce72', 'ka-b2b'),
('27068f39-5712-4551-a4dd-7c0304916c47', 'ka-b2b'),
('b86a8d1b-9ca2-41fe-8e11-16b4812e3ac5', 'ka-b2b'),
('d2ac7f00-6489-4596-bce4-7403314b3c7a', 'ka-b2b'),
('cb15c8c4-1269-4706-8d70-b47a62ccf5ef', 'ka-b2b'),
('efa2a9d8-ee42-4f19-88d0-79ab9585eb20', 'ka-b2b'),
('b8f13a45-9b5c-43a1-a5fc-3d4aafd47a30', 'ka-b2b'),
('8cfdc281-35a9-4481-861e-b8518827ded5', 'ka-b2b'),
('53c0977b-494b-4aed-ac8d-10deace340ec', 'ka-b2b'),
('19ad278e-9fee-45ea-bf64-9797aff5bb22', 'ka-b2b'),
('bee1a345-a714-4a97-8afd-43127ca0932a', 'ka-b2b'),
('bf563545-34ba-41c6-a1be-bb42ea4a24c6', 'ka-b2b'),
('9655974a-885c-4bc8-8122-9cd9b970c694', 'ka-b2b'),
('c7da26da-b534-4647-b56a-2c98561d004f', 'ka-b2b'),
('5c4ad336-55cd-479e-8c5d-9245ad0dde52', 'ka-b2b'),
('5a3fff87-3a4e-4206-a8e3-6cbac68651b6', 'ka-b2b'),
('09a27894-8749-4d37-9d72-e601b9b96645', 'ka-b2b'),
('bfaba87a-d7c5-42a9-9093-c3584bffee94', 'ka-b2b'),
('b551c436-5df4-4fb8-a4d6-26ec130ecfc4', 'ka-b2b'),
('f0a7f01f-dc43-4549-8adf-aa19a1c00e8b', 'ka-b2b'),
('e0c8bd6d-f2bd-49e9-b3d4-757bf262a22d', 'ka-b2b'),
('60927e0b-2a00-4b13-bc4b-5addc454dd72', 'ka-b2b'),
('85506105-ba0c-47bb-b626-aaf71950506a', 'ka-b2b'),
('d7d4b92e-1246-487e-ae43-3169c25b35db', 'ka-b2b'),
('b45222d4-9162-40ed-9693-a2c1cfb0a41a', 'ka-b2b'),
('a977fdfc-acd3-4628-aaa9-4c91a9afcd85', 'ka-b2b'),
('b438291d-cfd8-490e-9b5f-4cf993d45a39', 'ka-b2b'),
('fa1fa330-fffa-42c0-a84c-18512c7e5f9d', 'ka-b2b'),
('b3bec655-c271-403b-aee1-03ada2931803', 'ka-b2b'),
('9e1d96f4-2072-4354-8f39-7b00582828f6', 'ka-b2b'),
('8ccbe0c1-056b-4a74-8379-5648e7509cfb', 'ka-b2b'),
('eb75e48d-4876-487a-bae1-e9e70f54b158', 'ka-b2b'),
('ac58ec77-586a-446f-9786-b2d4f823ac91', 'ka-b2b'),
('23b92cfd-bd99-4331-bd42-402d19e0e1fc', 'ka-b2b'),
('09257498-bcbe-465b-812f-530067fcf584', 'ka-b2b'),
('4576551d-c2e3-495c-9874-02bec7d2bdfc', 'ka-b2b'),
('386decbc-965b-417c-976a-1a0e306f5c59', 'ka-b2b'),
('d02d6e87-96c3-44af-bffb-019a3d4df487', 'ka-b2b'),
('c94f5d62-08a6-4cf9-8583-09424bdad21b', 'ka-b2b'),
('6a6cfd0d-a6c3-4e6e-9437-31415a82be8a', 'ka-b2b'),
('d024c870-d76f-4ea5-9e35-b08c3b6944ed', 'ka-b2b'),
('4e10646a-73c9-4bf7-a8e9-81bb59430396', 'ka-b2b'),
('4ddc2bbc-0320-4ab6-8f09-bc3be010be4d', 'ka-b2b'),
('664b18ae-ba59-4de8-8533-3902d4b463ca', 'ka-b2b'),
('6e3268a4-1093-4149-a1f9-e17fbfc410b2', 'ka-b2b'),
('034f0a0a-c973-4aca-b553-2287f4cebf32', 'ka-b2b'),
('8bd78dec-4ed6-4706-874b-d20a6de69926', 'ka-b2b'),
('35f94623-2178-4bbb-a9f2-e785f18ef7df', 'ka-b2b'),
('ec49c681-de2d-4514-94cd-453651c4c3ce', 'ka-b2b'),
('dffceb18-7d7e-49b2-8f2e-c0c9ed7aad62', 'ka-b2b'),
('24c2cbc1-6506-4726-b525-c5552d02f9a0', 'ka-b2b'),
('4fc52b45-484d-4768-af0b-7632c99cd65d', 'ka-b2b'),
('069d130a-c320-432e-915a-3e968f3031a2', 'ka-b2b'),
('0d0e1a68-780d-4d46-9941-cb9808b0ab47', 'ka-b2b'),
('dfb1d1f5-8b0b-426b-bd0c-7574c128309a', 'ka-b2b'),
('c635af13-1203-41b5-92cf-5eafc23c9c46', 'ka-b2b'),
('69c02c38-fc76-446a-90c8-6f807b18a832', 'ka-b2b'),
('89b11a20-70fe-4cca-ba7b-caad710c0767', 'ka-b2b'),
('2ba8eef0-9162-4443-b55f-7d0b5b0e55ff', 'ka-b2b'),
('c0eefc4d-5764-4b17-a74e-42109fa47b5c', 'ka-b2b'),
('98b40f12-e6e7-436c-8731-8c5487856a6d', 'ka-b2b');
