-- Batch 22 (200 records)
INSERT INTO contacts (id, first_name, last_name, email, phone, company, address) VALUES
('7f34427d-bf40-477c-8cc2-6e97344bc939', 'Guido', 'Binz', 'info@apotheke-gurmels.ch', '026 674 35 35', 'Apotheke Gurmels', 'Doktorgässli 25, 3212 Gurmels, Fribourg/Freiburg'),
('5f6e322a-98d6-4ad0-8638-10fb1633fc88', 'Philipp', 'Merz', 'herblingermarkt@achillea.ch', '052 640 20 20', 'Apotheke Herblingermarkt AG', 'Stüdliackerstrasse 10, 8207 Schaffhausen, Schaffhausen'),
('7b7343b5-a6fc-4edf-a369-328af2e876bf', 'Kristin', 'Bauer', 'apotheke-reinach@medbase.ch', '061 717 99 33', 'Apotheke Hornstein AG', 'Angensteinerstrasse 5, 4153 Reinach, Basel-Land'),
('30619cd4-8b6a-4211-8af5-4541321a8e31', 'Philipp', 'Bretscher', 'hotz@hin.ch', '044 910 04 04', 'Apotheke Hotz Küsnacht AG', 'Zürichstrasse 176, 8700 Küsnacht, Zürich'),
('17a9cfb9-1f02-42e5-935c-1dd1f2ca3a4c', 'Daniel', 'Aebi', 'info@apotheke-husmatt.ch', '0844 844 600', 'Apotheke Husmatt AG', 'Husmatt 3, 5404 Baden, Aargau'),
('98020855-6dbe-4c2b-a304-425397ce263b', 'Isabelle', 'Blanquet', 'apotheke@carenova.ch', '044 833 50 33', 'Apotheke im Freihof', 'Zürichstasse 28, 8306 Brüttisellen, Zürich'),
('e8c7a5d0-e5f4-46f9-9b34-94185e14db04', 'Katharina', 'Walde Hunkeler', 'info@apo-gaertnerhaus.ch', '062 849 13 46', 'Apotheke im Gärtnerhaus', 'Gösgerstrasse 3, 5012 Schönenwerd, Solothurn'),
('ed8c9223-53a6-445c-a160-37e3f2479528', 'Roland', 'Bürki', 'roland.buerki@apothekeimksw.ch', '052 260 20 20', 'Apotheke im KSW AG', 'Brauereistrasse 15, 8401 Winterthur, Zürich'),
('5d74120c-3cd4-4af1-8417-cd95c965a9dd', 'Raffael', 'Bisig', 'raffael.bisig@paraplegie.ch', '041 939 59 56', 'Apotheke im Schweizer Paraplegiker-Zentrum', 'Guido A. Zäch-Strasse 1, 6207 Nottwil, Luzern'),
('364a7658-3498-4f0d-98de-a3eded3dfba5', 'Katja', 'Renette', 'info@aisaarau.ch', '062 824 41 11', 'Apotheke im Spital Aarau AG', 'Tellstrasse 25, 5001 Aarau 1, Aargau'),
('87e0cc66-d8e2-4db5-8d11-13c622ef8798', 'Barbara', 'Schütz', 'barbara.schuetz@ksgl.ch', '055 646 39 88', 'Apotheke im Spital Glarus', 'Burgstrasse 99, 8750 Glarus, Glarus'),
('ccb4c9f4-e12c-471a-82f5-f869585ec454', 'Belkisa', 'Handzic', 'info@apothekeimzentrum.ch', '043 843 92 65', 'Apotheke Im Zentrum Feldmeilen AG', 'General-Wille-Strasse 65, 8706 Meilen, Zürich'),
('36547d8f-3744-4e43-bda0-ceeffd38f457', 'Claudia', 'Meier-Uffer', 'info@apotheke-gossau.ch', '071 388 83 77', 'Apotheke in Gossau AG', 'St. Gallerstrasse 90, 9200 Gossau, St. Gallen'),
('27befc24-41a3-47d0-b399-5957d23130ff', 'Hae-Rhan', 'Mair-Ryu', 'fluntern.apo@ovan.ch', '044 256 88 44', 'Apotheke Kirche Fluntern', 'Vorderberg 5, 8044 Zürich, Zürich'),
('3bd3204b-103a-4b11-af36-dc5baa6afb57', 'Christian', 'Lagger', 'lagger.visp@ovan.ch', '027 946 23 12', 'Apotheke Lagger AG', 'Bahnhofstrasse 17, 3930 Visp, Wallis/Valais'),
('f45b31d9-70e5-46d7-91fe-240614fe71c5', 'Nairobi', 'Hernández', 'info@apolilie-zentrum.ch', '044 730 59 89', 'Apotheke Lilie Zentrum', 'Utikonerstrasse 9, 8952 Schlieren, Zürich'),
('c1ce06e3-9f61-4da8-91f1-34fe2825257f', 'Kathrin', 'Schiltknecht', 'pharmaservice@bluewin.ch', '044 211 58 00', 'Apotheke Lintheschergasse', 'Lintheschergasse 3, 8001 Zürich, Zürich'),
('3aa92dd3-16a3-44fe-8255-6068ae39d5d5', 'Nadine', 'Dejung', 'info@apotheke-zh.ch', '044 260 82 82', 'apoTHEKE Lunch-Kaffee-Bar', 'Zürichbergstrasse 17, 8032 Zürich, Zürich'),
('1332cbed-09de-483a-b5c1-bd276dfab7fa', 'Dominik', 'Arnold', 'info@apotheke-lyssbach.ch', '032 384 54 54', 'Apotheke Lyssbach Juwi AG', 'Steinweg 26, 3250 Lyss, Bern'),
('b831d276-fc54-49d7-8931-e89ff014711b', 'Steffi', 'Gruhl', 'apo.maienfeld@bluewin.ch', '081 302 11 77', 'Apotheke Maienfeld', 'Aeuli 12, 7304 Maienfeld, Graubünden'),
('307bd056-9126-40c5-9208-0fa618672534', 'Markus', 'Meyer-Langenegger', 'info@apotheke-meyer.ch', '062 929 11 11', 'Apotheke Meyer Roggwil AG', 'Bahnhofstrasse 16, 4914 Roggwil, Bern'),
('2e2e8382-6789-4a71-9e90-cd010b5e9bf3', 'Floriane', 'Weidmann', 'floriane.weidmann@weidmann-apos.ch', '061 855 30 10', 'Apotheke Möhlin AG', 'Hauptstrasse 64, 4313 Möhlin, Aargau'),
('22de9d73-33ac-4409-90b1-fdfa7c65f488', 'Nathalie', 'Moser-Dafflon', 'apomoser@ovan.ch', '031 931 12 65', 'Apotheke Moser AG', 'Bernstrasse 33, 3072 Ostermundigen, Bern'),
('093e5bfb-9cca-49ce-85cc-8a274f726209', 'Markus', 'Hellmüller', 'apothekedottikon@ovan.ch', '056 624 14 24', 'Apotheke Mühlehof AG', 'Bahnhofstrasse 23, 5605 Dottikon, Aargau'),
('7d27df4f-0d21-409f-882d-34e2fb05d1bd', 'Sarah', 'Trefzer', 'mutschellen@achillea.ch', '056 633 44 33', 'Apotheke Mutschellen AG', 'Welschloh 220, 8965 Berikon, Aargau'),
('2838f139-68ea-4c64-ac73-82975070027b', 'Hans-Peter', 'Stutz', 'hp.stutz@burgapotheke.ch', '041 210 43 40', 'Apotheke Neustadt Luzern AG', 'Moosstrasse 26, 6003 Luzern, Luzern'),
('8697a83d-9b31-4ea7-a828-d13d0c98f7be', 'Sara', 'Ebener', 'apotheke.oggier@gampel.ch', '027 932 25 35', 'Apotheke Oggier AG', 'Bahnhofstrasse 22, 3945 Gampel, Wallis/Valais'),
('79dea25f-8f3a-4144-9ad3-4e6657e7dd37', 'Renate', 'Lindauer', 'info@apotheke-parkside.ch', '044 741 59 89', 'Apotheke Parkside', 'Ringstrasse 3, 8952 Schlieren, Zürich'),
('b7c62d58-674d-4fbc-a0f8-5255e277b055', 'Irina', 'Pfammatter-Mammone', 'info@apothekepfammatter.ch', '027 923 11 60', 'Apotheke Pfammatter AG', 'Bahnhofstrasse 11, 3900 Brig, Wallis/Valais'),
('8cc9133d-07e6-49d1-adb2-219aa3a67954', 'René', 'Julen', 'info@rhodania.ch', '027 924 55 77', 'Apotheke Rhodania AG', 'Gliserallee 8, 3902 Glis, Wallis/Valais'),
('aa71a766-7840-4b74-82d1-b73e1680464d', 'Christian', 'Rogenmoser', 'apotheke@rogenmoser.ch', '071 747 55 88', 'Apotheke Rogenmoser AG', 'Neudorfstrasse 60, 9430 St. Margrethen, St. Gallen'),
('f40bee97-6f8c-45b0-860a-1985304e28ed', 'Wolfram', 'Harnisch', 'info@aporo.ch', '052 634 01 20', 'Apotheke Roter Ochsen AG', 'Vorstadt 50, 8200 Schaffhausen, Schaffhausen'),
('ad315cff-b786-44c0-9306-1d04259b99a7', 'Peter', 'Ryser', 'info@apotheke-ryser.ch', '034 422 20 13', 'Apotheke Ryser AG', 'Lyssachstrasse 17, 3400 Burgdorf, Bern'),
('cfe11393-3a05-4446-95de-1527a794db8f', 'Thomas', 'Kappeler', 'kappeler@apothekeschaffhauserplatz.ch', '044 361 61 61', 'Apotheke Schaffhauserplatz AG', 'Seminarstrasse 1, 8057 Zürich, Zürich'),
('a45c2d8e-1bae-4e46-bfef-ac8f8d2c0c62', 'Ante', 'Brekalo', 'schafroth@achillea.ch', '044 431 23 00', 'Apotheke Schafroth AG', 'Badenerstrasse 672, 8048 Zürich, Zürich'),
('221b4853-864c-444b-ab73-f9a480fea2a2', 'Martina', 'Sigg', 'apotheke-schinznach@bluewin.ch', '056 443 12 72', 'Apotheke Schinznach-Dorf AG', 'Oberdorfstrasse 27, 5107 Schinznach Dorf, Aargau'),
('ff20f426-eb30-44c0-910a-beee13a06b1a', 'Corinne', 'Randegger', 'apotheke-schmiedegg@apodro.ch', '055 555 33 90', 'Apotheke Schmiedegg - APODRO', 'Zurlindenstrasse 60, 8003 Zürich, Zürich'),
('a6ff8c64-3c78-42d8-9d5b-5958eaaae5d2', 'Andrea Katharina', 'Schou', 'apotheke-schmitten@ovan.ch', '026 497 51 51', 'Apotheke Schmitten AG', 'F.X. Müllerstrasse 15, 3185 Schmitten, Fribourg/Freiburg'),
('e6ef993d-1077-4fbd-9ce4-706b58ea49b7', 'Marijke', 'Timmerman', 'info@apotheke-schneider.ch', '031 711 02 88', 'Apotheke Schneider AG', 'Bahnhofstrasse 2, 3506 Grosshöchstetten, Bern'),
('7247e51c-8f6f-4cf7-a40a-40d62df4e898', 'Irene', 'Gerber', 'apotheke-seuzach@ovan.ch', '052 335 35 13', 'Apotheke Seuzach', 'Breitestrasse 3, 8472 Seuzach, Zürich'),
('13f8ab19-469d-4793-aeb3-43f44e514c5f', 'Jacqueline', 'Willisch-Schmidt', 'info@apotheke-simploncenter.ch', '027 923 91 91', 'Apotheke Simplon Center Sata Pharm AG', 'Kantonsstrasse 58, 3902 Glis, Wallis/Valais'),
('63c0c154-b12d-4158-9852-c65107ff9020', 'Patrick', 'Frey', 'apothekesins@ovan.ch', '041 787 14 33', 'Apotheke Sins AG', 'Luzernerstrasse 2a, 5643 Sins, Aargau'),
('54e2deac-49b8-43a6-a37d-95b15e35a279', 'Stefan', 'Raduner', 'stefan.raduner@spaeni.ch', '041 329 00 00', 'Apotheke Späni AG', 'Luzernerstrasse 14, 6010 Kriens, Luzern'),
('081b9559-c934-4129-9738-b1f670a15692', 'Simone', 'Spillmann', 'info@apotheke-spillmann.ch', '041 711 15 47', 'Apotheke Spillmann', 'Bahnhofstrasse 11, 6300 Zug, Zug'),
('b1448e63-0526-44a8-8879-187667e0fcfe', 'Rupert', 'Uebelhart', 'info@apotheke-sumiswald.ch', '034 431 43 43', 'Apotheke Sumiswald GmbH', 'Dorfgasse 2, 3454 Sumiswald, Bern'),
('a7b00908-7d99-44cb-90b2-0a2e571dfe35', 'Andrea', 'Hischier', 'info@apotheke-sunnemaert.ch', '056 633 72 82', 'Apotheke Sunne-Märt AG -Bremgarten', 'Sonnengutstrasse 2-4, 5620 Bremgarten, Aargau'),
('254f0727-2167-4850-b540-97e642f9e3be', 'Brigitte', 'Buchs', 'surseepark@ovan.ch', '041 921 78 21', 'Apotheke Surseepark AG', 'Bahnhofstrasse 24, 6210 Sursee, Luzern'),
('20a4ef82-20df-40b0-be89-96c8e5d0a720', 'Alexandra', 'Ernst', 'info@apothekesuessbach.ch', '056 450 30 30', 'Apotheke Süssbach AG', 'Fröhlichstrasse 7, 5200 Brugg, Aargau'),
('273761fd-ce83-4034-b55e-fbbc827e91eb', 'Christina', 'Gentinetta', 'testagrigiapharma@bluewin.ch', '027 966 49 49', 'Apotheke Testa Grigia', 'Bahnhofstrasse 21, 3920 Zermatt, Wallis/Valais'),
('f7606623-5da7-4e48-a389-49b631378d03', 'Christoph', 'Tschupp', 'info@apotheketschupp.ch', '056 441 14 47', 'Apotheke Tschupp AG', 'Bahnhofstrasse 14, 5200 Brugg, Aargau'),
('5aa19518-3a3d-4922-ac9b-db8b2012ca0c', 'Martin', 'Beyeler', 'info@unitobler.ch', '031 301 16 16', 'Apotheke Unitobler AG', 'Neufeldstrasse 1, 3012 Bern, Bern'),
('6bff689a-6200-41f6-b29a-f14512d50114', 'Beat', 'Egloff', 'utogrund@bluemail.ch', '044 492 52 32', 'Apotheke Utogrund', 'Albisriederstrasse 232, 8047 Zürich, Zürich'),
('e64b6016-dc4f-42d6-938a-38acfbc9b47b', 'Urs', 'Gehrig', 'info@apotheke-weissenau.ch', '033 826 22 33', 'Apotheke Weissenau GmbH', 'Weissenaustrasse 27, 3800 Unterseen, Bern'),
('9810d8f7-c9aa-43ee-9410-51ce8c0f230b', 'Rita', 'Santalucia', 'rita.santalucia@apowill.ch', '041 970 17 01', 'Apotheke Willisau AG', 'Postplatz 3, 6130 Willisau, Luzern'),
('e16c9b11-36f2-44dd-b4fd-d1447ced4d24', 'Dieter', 'Hägi', '600627@ovan.ch', '044 273 04 00', 'Apotheke Wipkingerplatz', 'Hönggerstrasse 40, 8037 Zürich, Zürich'),
('fa814ae4-5cfd-403f-8d56-d5edf97e5a39', 'Michaela', 'Anthamatten', 'worb@achillea.ch', '031 839 44 88', 'Apotheke Worb', 'Richigenstrasse 1, 3076 Worb, Bern'),
('4159cfbc-2309-48bc-be52-61578408c0eb', 'Heinz', 'Wyss', 'info@apowyss.ch', '031 924 34 24', 'Apotheke Wyss AG', 'Dorfmärit 10, 3065 Bolligen, Bern'),
('8f560b07-dc55-43a3-b367-091760ffb1ac', 'Roland', 'Wyss', 'roland.wyss@apotheke-wyss.ch', '056 222 48 63', 'Apotheke Wyss AG Baden', 'Bahnhofstrasse 36, 5400 Baden, Aargau'),
('06e51198-33da-46fe-b5a0-1c7898d16271', 'Silvia', 'Azaiez-Meier', 'info@apotheke-zollikon.ch', '044 391 22 55', 'Apotheke Zollikon AG', 'Bergstrasse 22, 8702 Zollikon, Zürich'),
('f579b091-1fb9-457c-a2a1-2f7510e3f987', 'Claudia', 'Rechsteiner', 'dielsdorf@apothekedrkunz.ch', '044 853 21 26', 'Apotheke zum Gerichtshaus', 'Wehntalerstrasse 43, 8157 Dielsdorf, Zürich'),
('bf06dcf2-d8f4-434f-9138-040dfb7bc4c0', 'Julia', 'Baumgartner', 'apotheke.meierhof@ovan.ch', '044 341 22 60', 'Apotheke zum Meierhof AG', 'Limmattalstrasse 177, 8049 Zürich, Zürich'),
('546908b2-6b77-4b30-93c0-02797161242c', 'Claire', 'Ebeling', 'cebeling@apo-click.ch', '052 741 21 33', 'Apotheke zum Mohrenkönig AG', 'Rathausplatz 8, 8260 Stein am Rhein, Schaffhausen'),
('40fa4ce8-627e-418e-abda-719d2358d0c8', 'Claudio', 'Pelloni', 'azm@ovan.ch', '044 322 00 62', 'Apotheke zum Mörser GmbH', 'Hirzenbachstrasse 40, 8051 Zürich, Zürich'),
('b3341bff-8947-4480-a221-d2668215924e', 'Mario Paul', 'Magada', 'info@apothekezumrebstock.ch', '043 477 22 44', 'Apotheke zum Rebstock AG', 'Grundstrasse 4, 8712 Stäfa, Zürich'),
('5d3cb690-2eac-4faa-9875-ae499080f85c', 'Samira', 'Bonderer', 'info@schwefelbad.ch', '081 720 00 00', 'Apotheke zum Schwefelbad AG', 'St. Gallerstrasse 1, 7320 Sargans, St. Gallen'),
('d337c514-5ed1-42f5-b7d6-2754d1ee0f8c', 'Alexandra', 'Endrass-Korach', 'info@apothekebleiche.ch', '044 201 17 25', 'Apotheke zur Bleiche', 'Bleicherweg 46, 8002 Zürich, Zürich'),
('62fd628f-18f9-40b0-ad26-c7aa3fc44434', 'Beate', 'Brozek', 'apotheke@eiche.ch', '071 353 50 70', 'Apotheke zur Eiche AG', 'Platz 9, 9100 Herisau, Appenzell Ausserrhoden'),
('ce1f4098-2702-4385-81b2-248930f79f14', 'Emanuel Nicola', 'Lorini', 'basel.claramarkt@zurrose.ch', '058 810 11 00', 'Apotheke Zur Rose Basel Claramarkt', 'Ochsengasse 2, 4058 Basel, Basel-Stadt'),
('9946bfa1-ac68-43d9-9ee8-76fa10646001', 'Walter Richard', 'Hess', 'bern.marktgasse@zurrose.ch', '058 810 11 02', 'Apotheke Zur Rose Bern Marktgasse', 'Marktgasse 46, 3011 Bern, Bern'),
('a856077a-1a53-408b-9a0b-7f857431ffa8', 'Markus', 'Caminada-Birrer', 'schoenbuehl.shoppyland@zurrose.ch', '058 810 11 16', 'Apotheke Zur Rose Schönbühl Shoppyland', 'Industriestrasse 10, 3321 Schönbühl, Bern'),
('fa8dee92-bf00-40ec-8b23-a6f72415c2db', 'Thomas', 'Kyburz', 'spreitenbach.tivoli@zurrose.ch', '058 810 11 12', 'Apotheke Zur Rose Spreitenbach Tivoli', 'Walzmühlestrasse 60, 8500 Gerlikon, Thurgau'),
('0f01caeb-0166-4ded-9d79-8351dc40e45b', 'Emanuel', 'Lorini', 'steckborn@zurrose.ch', '052 762 00 11', 'Apotheke Zur Rose Steckborn', 'Seestrasse 119, 8266 Steckborn, Thurgau'),
('a235a57c-5c38-4aae-9efd-d172167762d4', 'Emanuel', 'Lorini', 'zuerich.limmatplatz@zurrose.ch', '058 810 11 04', 'Apotheke Zur Rose Zürich Limmatplatz', 'Limmatstrasse 152, 8005 Zürich, Zürich'),
('1a2836e7-e0f3-4d5a-95f2-d78a4e35775b', 'Dominik Julien', 'Summer', 'info@apothekezursonne.ch', '071 733 12 88', 'Apotheke zur Sonne GmbH', 'Hintere Kirchstrasse 2, 9444 Diepoldsau, St. Gallen'),
('e8e2efdf-a62f-4a90-a404-65c8cebbce01', 'Simone', 'Marty-Holzgang', 'apotheke.zur.taube@ovan.ch', '041 850 10 45', 'Apotheke zur Taube', 'Unterdorf 8, 6403 Küssnacht am Rigi, Schwyz'),
('1d8c443e-def4-4aa9-9829-b42790c81a2d', 'Chloé', 'Gutzwiller', 'rezepte.zurwaage@ovan.ch', '061 631 09 60', 'Apotheke zur Waage AG', 'Inselstrasse 51, 4057 Basel, Basel-Stadt'),
('b8721186-23a0-4ba6-9093-c5b1908a2bdb', 'Barbara', 'Kummer', 'info@apodro-bueren.ch', '032 351 11 22', 'Apotheke-Drogerie am Marktplatz AG', 'Hauptgasse 6, 3294 Büren an der Aare, Bern'),
('47f71f0d-5d10-4de4-a85a-11dcbf0ff957', 'Christian', 'Hehl', 'dropa.birrfeld@dropa.ch', '056 444 97 55', 'Apotheke-Drogerie Birrfeld AG', 'Flachsacherstrasse 15, 5242 Lupfig, Aargau'),
('0356f3a5-fe39-4327-9953-d48b6bb6fd99', 'Annina', 'Zuber-Escher', 'brunaupark@bluewin.ch', '044 462 07 00', 'Apotheke-Drogerie Brunaupark AG', 'Giessbühlstrasse 65, 8045 Zürich, Zürich'),
('517200fb-26b7-4960-ab07-79bd69e2d410', 'Cyrill', 'Faden', 'apotheke_faden@bluewin.ch', '041 462 90 60', 'Apotheke-Drogerie Faden AG', 'Stadtstrasse 46, 6204 Sempach, Luzern'),
('a57a02b4-3968-4044-b518-0efc4a48afc5', 'Katja', 'Moser-Weber', 'info@drogeriehirsig.ch', '044 720 06 18', 'Apotheke-Drogerie Hirsig GmbH', 'Im Migros-Markt, 8800 Thalwil, Zürich'),
('0eb3499e-d765-4e3d-b607-bffa4469ccfd', 'Susanna', 'Hug', 'info@apotheke-amriswil.ch', '071 414 77 88', 'Apotheken Amriswil AG', 'Bahnhofstrasse 14, 8580 Amriswil, Thurgau'),
('f2a9d0c4-c390-47c6-bcb7-4cd3a95ef605', 'Mathieu', 'Noyer', 'apotheke@drnoyer.ch', '031 326 28 28', 'Apotheken Dr Noyer AG', 'Neuengasse 15, 3011 Bern, Bern'),
('14ef77bc-997d-463f-988d-472d5e3cf7cc', 'Richard Marc Philippe', 'Meier', 'neue@apothekeduedingen.ch', '026 493 33 22', 'Apotheken Düdingen AG - Central Apotheke & Neue Apotheke', 'Bahnhofstrasse 5, 3186 Düdingen, Fribourg/Freiburg'),
('c869b5ff-028a-46f1-8ae6-3e2200a43fbd', 'Sebastian', 'Schmid', 'sebastian@appmanufacture.ch', '052 558 86 47', 'App Manufacture GmbH', 'Vordergasse 34, 8200 Schaffhausen, Schaffhausen'),
('89dbfe39-a671-4152-8b3a-d1391f6ff71b', 'Rico', 'Cadegg', 'rico.cadegg@app.ch', '058 320 30 30', 'APP Unternehmensberatung AG', 'Monbijoustrasse 10, 3011 Bern, Bern'),
('13ccdc12-5433-4997-ab85-9626118a49a8', 'Christoph', 'Bratschi', 'bratschi@appamics.com', '079 598 18 68', 'appamics GmbH', 'Steinenvorstadt 33, 4051 Basel, Basel-Stadt'),
('b3d23257-a656-4859-a32a-9bd1320708ee', 'Josef', 'Stutz', 'j.stutz@allenspach-ag.ch', '056 648 70 58', 'Apparatebau Allenspach AG', 'Spilhof 4, 5626 Hermetschwil-Staffeln, Aargau'),
('1403b211-532a-424b-a89e-922ada145012', 'Cornelis', 'Quirijns', 'info@ags.ag', '041 588 11 77', 'Appario Global Solutions AG', 'Lindenstrasse 16, 6340 Baar, Zug'),
('e716bcea-a4db-46c8-b585-9494d5d72a4f', 'Natascha', 'Zegg', 'info@hotelnevada.ch', '081 861 91 00', 'Apparthotel Nevada', 'Dorfstrasse 23, 7563 Samnaun Dorf, Graubünden'),
('ad2587d1-66e4-44d5-8efc-18439bae44c0', 'Brigitte', 'Meynet-Perren', 'brigitte.meynetperren@orange.fr', '027 967 07 70', 'Apparthotel Panorama Ski Lodge', 'Staldenstrasse 81, 3920 Zermatt, Wallis/Valais'),
('19a90203-16d1-43ad-a2e5-219331af94f2', 'Monika', 'Steingruber', 'monika.steingruber@museum-urnaesch.ch', '071 364 23 22', 'Appenzeller Brauchtumsmuseum', 'Dorfplatz 6, 9107 Urnäsch, Appenzell Ausserrhoden'),
('1be6d77b-c4ab-4558-9b11-bf8a45f4e412', 'Luca', 'Battilana', 'info@appenzellerbier.ch', '071 788 01 40', 'Appenzeller Brauerei GmbH', 'Brauereiplatz 1, 9050 Appenzell, Appenzell Innerrhoden'),
('cc89f5c1-e7db-4f4e-8321-8520a4f7b98e', 'Samuel', 'Maier', 'info@appenzeller-edelbrand.ch', '071 508 01 28', 'Appenzeller Edelbrand AG', 'Unterdorfstrasse 58, 9107 Urnäsch, Appenzell Ausserrhoden'),
('e5c19d71-4fe1-4ed1-bc99-286d5861f197', 'Philip', 'Fässler', 'info@appenzellerfleisch.ch', '071 787 36 35', 'Appenzeller Fleisch und Feinkost AG', 'Weissbadstrasse 86, 9050 Appenzell, Appenzell Innerrhoden'),
('de3fd963-9fa1-4881-9001-df3eed080ac5', 'Patrick', 'Fries', 'info@appenzellerfood.ch', '071 367 18 90', 'Appenzeller Food Manufaktur AG', 'Rämsen 653, 9063 Stein, Appenzell Ausserrhoden'),
('b3c44335-dfe6-42d3-9d71-2573e1b4f911', 'Reto', 'Appenzeller', 'info@appenzellergartenbauag.ch', '044 980 02 09', 'Appenzeller Gartenbau AG', 'Isenrietstrasse 34, 8617 Mönchaltorf, Zürich'),
('79544709-4073-40bc-a7dc-4c4a4f9f0bee', 'Peter', 'Heierli', 'info@a-holzbau.ch', '071 780 18 10', 'Appenzeller Holzbau GmbH', 'Rosenböhleli 6, 9050 Appenzell, Appenzell Innerrhoden'),
('c4ff83da-a4c1-40fa-8439-e51894bdd87d', 'M''hamed', 'Bouhlal', 'info@appenzeller-kontaktlinsen.ch', '071 344 20 00', 'Appenzeller Kontaktlinsen AG', 'Hauptstrasse 22, 9042 Speicher, Appenzell Ausserrhoden'),
('8ced55ce-c7f0-4fc3-9794-4c730795ec97', 'Urs', 'Stuker', 'info@genusswerkstatt-herisau.ch', '071 367 22 33', 'Appenzeller Line GmbH', 'St.Gallerstrasse 49, 9100 Herisau, Appenzell Ausserrhoden'),
('9f4fffc6-3ce3-4523-9295-3edc020e43e2', 'Angela', 'Müller', 'angela.mueller@appenzellerverlag.ch', '071 353 77 48', 'Appenzeller Magazin', 'Im Rank 83, 9103 Schwellbrunn, Appenzell Ausserrhoden'),
('1db8b08f-d42e-4a23-b1e4-57511dc7132e', 'Marcel', 'Wetter', 'info@appenzeller-milch.ch', '071 787 88 88', 'Appenzeller Milch AG', 'Mettlenstrasse 4, 9050 Appenzell, Appenzell Innerrhoden'),
('1a678bca-c0d7-4176-b210-6ef7b013ba8d', 'Maximilian', 'Schnorr', 'info@ledibelle.ch', '071 508 70 59', 'Appenzeller Naturkosmetik AG', 'Gschwendlistrasse 9, 9108 Jakobsbad, Appenzell Innerrhoden'),
('87f99fe4-1205-4c26-839f-39aa321b391d', 'Daniel', 'Appenzeller', 'info@natuerliche-gaerten.ch', '078 671 65 88', 'appenzeller natürliche gärten', 'Hauptstrasse 14, 4655 Stüsslingen, Solothurn'),
('f678e5ac-57bf-4036-ac97-866b9f983e3a', 'Ralph', 'Böse', 'ralph.boese@schaukaeserei.ch', '071 368 50 70', 'Appenzeller Schaukäserei AG', 'Dorf 711, 9063 Stein, Appenzell Ausserrhoden'),
('679354dc-152f-4302-813f-209aa8e78ad1', 'Regula', 'Moser', 'r.moser@appenzellertreuhand.ch', '071 780 19 90', 'Appenzeller Treuhand AG', 'Mosershalde 22, 9050 Appenzell, Appenzell Innerrhoden'),
('777c2a89-9a3b-43ca-b54d-9ce16950483b', 'Roman', 'Kunz', 'roman.kunz@appvers.ch', '079 300 56 75', 'Appenzeller Versicherungen Genossenschaft', 'Eggerstandenstrasse 2a, 9050 Appenzell, Appenzell Innerrhoden'),
('e848f281-5bee-4e3b-be6b-20a45822aea2', 'Tommaso', 'Manzin', 'tommaso.manzin@dav.ch', '071 354 64 64', 'Appenzeller Volksfreund', 'Kasernenstrasse 64, 9100 Herisau, Appenzell Ausserrhoden'),
('43061b25-ce0f-49f2-b4f1-79747f12df22', 'Caroline', 'Raither-Schärli', 'caroline.raither@appenzeller-museum.ch', '071 368 50 53', 'Appenzeller Volkskunde - Museum Genossenschaft', 'Dorf 821, 9063 Stein, Appenzell Ausserrhoden'),
('8be515b5-9ff1-47a1-a670-8eb0f3df87b1', 'Julia', 'Nehmiz', 'julia.nehmiz@chmedia.ch', '052 728 32 32', 'Appenzeller Zeitung', 'Fürstenlandstrasse 35, 9001 St. Gallen, St. Gallen'),
('e2bf12b6-74c4-4a75-ab96-48ab4d96d05a', 'Matthias', 'Koch', 'info@ziegenprodukte.ch', '071 794 12 74', 'Appenzeller Ziegenprodukte AG', 'Jakobsbadstrasse 14b, 9108 Gonten, Appenzell Innerrhoden'),
('e22e1385-fc89-439f-b0c8-717b9cef3f24', 'Daniel', 'Hanselmann', 'd.hanselmann@appenzellerbauag.ch', '071 795 40 20', 'Appenzellerbau AG', 'Lehnmattstrasse 9, 9050 Appenzell, Appenzell Innerrhoden'),
('65276346-e206-458c-9d14-b6405cc23ded', 'René', 'Appert', 'rene.appert@ahbm.ch', '071 274 91 91', 'Appert Hanselmann AG', 'Fürstenlandstrasse 185, 9014 St. Gallen, St. Gallen'),
('fa929f86-c3aa-4e02-b28f-5c0d45e4e4fd', 'Philipp', 'Appert', 'p.appert@appert-holzbau.ch', '071 978 70 30', 'Appert Holzbau AG', 'Hauptstrasse 2, 8376 Fischingen, Thurgau'),
('0732cff6-8c53-47c3-8f05-968b86ae3096', 'Karl-Andreas', 'Appert', 'ka.appert@appert-zwahlen.ch', '041 784 37 00', 'Appert Zwahlen Partner AG', 'Zugerstrasse 4, 6330 Cham, Zug'),
('598698b2-3fc2-44fc-a978-e8b3039ffef9', 'Xaver', 'Appert', 'apperts.hofladen@bluewin.ch', '041 811 25 35', 'Appert‘s Hofladen', 'Lückenstrasse 21, 6430 Schwyz, Schwyz'),
('320d925d-7f0a-417b-8390-5cf97738bd69', 'Tony', 'Winchester', 'mail@appics.com', 'N.a.', 'APPICS AG', 'Baarerstrasse 10, 6302 Zug, Zug'),
('243d5432-441b-4a48-8fac-6a6ce40b90d8', 'Mario', 'Niederer', 'hallo@apple-lime.ch', '043 500 66 60', 'Apple & Lime GmbH', 'Breitenstrasse 76, 8832 Wollerau, Schwyz'),
('d6327a63-d3d3-45f8-8551-813682b94b63', 'Rolf', 'Weiss', 'media.chde@apple.com', '044 877 91 94', 'Apple Switzerland AG', 'Löwenstrasse 29, 8001 Zürich, Zürich'),
('fbeaa3ff-d6b7-4064-b7d9-35d0d217c0ea', 'Andreas', 'Amstutz', 'verkauf@appleladen.ch', '041 240 36 60', 'Appleladen', 'Kasimir-Pfyffer-Strasse 12, 6003 Luzern, Luzern'),
('929d5df8-f5ed-400a-b7ed-dbf47bbc6e69', 'Georg', 'Mathis', 'g.mathis@appletree-cig.com', '052 209 06 40', 'Appletree CI Group AG', 'Rudolf-Diesel-Strasse 3, 8404 Winterthur, Zürich'),
('1605aabc-4b34-4e8d-b828-a97eead4ae49', 'Bruno', 'Aregger', 'bruno.aregger@apple-tree.com', '041 511 22 33', 'APPLETREE root your brand ag', 'Habsburgerstrasse 23, 6003 Luzern, Luzern'),
('9d3e8549-ca6a-4aa2-940d-ddaf164a7cb6', 'Raphael', 'Briner', 'applica@smgv.ch', '043 233 49 49', 'applica', 'Oberwiesenstrasse 2, 8304 Wallisellen, Zürich'),
('d7a0b4b7-2723-4004-98bd-20e37d84c943', 'Felix', 'Tröster', 'info@applicasa-maler.ch', '076 803 40 47', 'Applicasa Malergeschäft', 'Sandgarten 28, 4312 Magden, Aargau'),
('ff2e69a4-547b-4d3e-bd03-1d54c56fa7f2', 'Stefan', 'Rütti', 'info@applics.ch', '079 686 74 15', 'Applics Innenarchitektur & Farbgestaltung', 'Austrasse 42, 8045 Zürich, Zürich'),
('8bb855df-078f-4ff7-b3df-b31aedc9c238', 'Per', 'Bjöörn', 'office-basel@acat.com', '061 282 82 80', 'Applied Chemicals Schweiz GmbH', 'Neubadstrasse 7, 4054 Basel, Basel-Stadt'),
('f16b3d92-fff7-43da-888a-0bef874cfa91', 'Roman', 'Polo', 'info@a-eng.ch', 'N.a.', 'Applied Engineering GmbH', 'Löchliweg 57, 3048 Worblaufen, Bern'),
('fee103d0-fdd8-499c-a204-db1f458463be', 'Alexandra', 'Greber', 'info@ahc-bern.ch', '031 381 28 43', 'Applied Health Care GmbH', 'Belpstrasse 11, 3007 Bern, Bern'),
('ea37ca3a-b956-49b7-ae7c-202c7d090aea', 'Roger', 'Bischofberger', 'bischofberger@microswiss.li', '081 740 04 24', 'applied microSWISS GmbH', 'Schönfeldstrasse 7, 9470 Buchs, St. Gallen'),
('c2683b03-3377-4684-bc72-60bc17f3ac4d', 'Christian', 'Erismann', 'christian.erismann@applitec.ch', 'N.a.', 'Applitec GmbH', 'Hammergut 6, 6330 Cham, Zug'),
('5e88e99c-5294-4c80-9a4b-809bd0cc25b0', 'Anton', 'Bernhardsgrütter', 'info@appmulti.ch', '071 350 13 80', 'Appmulti AG', 'Waldeggstrasse 18, 8363 Bichelsee, Thurgau'),
('b4cc4a19-0d49-4f36-bcd8-4a6cee281c1b', 'Urs', 'Appoloni', 'info@appolonikeramik.ch', '079 330 72 78', 'appoloni keramik gmbh', 'Oberbleuen, 4943 Oeschenbach, Bern'),
('052abc15-2b68-479c-a66b-8804725df22e', 'Roger', 'Kislig', 'info@approppo.ch', '031 311 38 55', 'approppo GmbH', 'Monbijoustrasse 43, 3011 Bern, Bern'),
('20548638-db8d-4c5f-8885-fe8559779bfd', 'Stephan', 'Klaus', 'stephan@appswithlove.com', '031 333 01 51', 'Apps with love AG', 'Landoltstrasse 63, 3007 Bern, Bern'),
('2fbe23ea-4639-4b28-9d8c-d069ac30d9ab', 'Robert', 'Urben', 'rurben@sunrise.ch', '061 681 36 53', 'appTandem', 'Feldbergstrasse 55, 4057 Basel, Basel-Stadt'),
('e9e6c4a2-881b-45d6-a87d-a73f6010bff0', 'Peter', 'Gugger', 'info@apraxis.ch', '079 588 99 43', 'apraxis gmbh', 'Huggerwald 825, 4245 Kleinlützel, Solothurn'),
('62bf20ee-3ffa-4a87-925c-9a3c34254c04', 'Patrick', 'Schärer', 'info@apricore.ch', '044 935 47 00', 'Apricore AG', 'Waldaustrasse 25, 8606 Nänikon, Zürich'),
('e0cf5379-6170-4a65-8593-1abc98964ada', 'Simon', 'Lutz', 'info@aprioris.ch', '044 442 28 88', 'Aprioris AG', 'Wiesenstrasse 18, 8008 Zürich, Zürich'),
('083e9ade-44fa-4b4f-9648-6c5c1691f4db', 'Pascal', 'Indermitte', 'pascal.indermitte@aproa.ch', '027 948 15 50', 'APROA AG', 'Märtmattenstrasse 1, 3930 Visp, Wallis/Valais'),
('5659fb2b-b415-4966-8e0e-ca149b9eb3ad', 'Stefan', 'Heim', 'info@aproda.ch', '058 200 10 10', 'Aproda AG', 'Birkenstrasse 43B, 6343 Rotkreuz, Zug'),
('b769d33a-7508-4dba-b448-dd93e1f7c5b7', 'Martin', 'Ulmann', 'info@aprofol.com', '071 787 06 06', 'Aprofol AG', 'Brülisauerstrasse 18, 9050 Appenzell, Appenzell Innerrhoden'),
('27cf2f39-2440-49d9-8db4-27277062ffaf', 'Ami', 'Pettermand', 'info@a-projekt.ch', '044 995 66 90', 'A-Projekt Pettermand + Partner', 'Tüfiwis 28, 8332 Russikon, Zürich'),
('9b717211-d818-4b11-9310-b246291823de', 'Sabrina', 'Dreier', 'info@aprop-oh.com', '078 730 13 23', 'aprop-oh! Design GmbH', 'Hausmattweg 53, 3074 Muri b. Bern, Bern'),
('3fbfafe5-902d-493a-832a-3f2bd1861a86', 'Remo', 'Iseli', 'apropos.zh@bluewin.ch', '052 343 10 57', 'Apropos Coiffure Remo Iseli', 'Bahnhofstrasse 27, 8307 Effretikon, Zürich'),
('0bf37e03-d908-4169-bf20-08049ba52578', 'Marco', 'Kramis', 'info@a-pro-pos.ch', 'N.a.', 'A-pro-pos.ch', 'Libellenrain 7, 6004 Luzern, Luzern'),
('101e59df-0a3e-43f3-94ae-718727b8796f', 'Lucas', 'Koll', 'lucas.koll@aproxiall.com', 'N.a.', 'Aproxiall Koll', 'Ahornstrasse 24, 8051 Zürich, Zürich'),
('a85c90a9-9f68-4f45-9e68-e513f5f540d0', 'Elisa', 'Canepa', 'aps_matzingen@bluewin.ch', '052 376 45 45', 'APS - Auffangstation für Papageien und Sittiche', 'Frauenfelderstrasse 95, 9548 Matzingen, Thurgau'),
('bed60b86-c280-4864-bce8-a7603f918d62', 'André', 'Schneider', 'a.schneider@apsdesign.ch', '061 701 24 93', 'Aps Design', 'Im Baumgarten 11, 4144 Arlesheim, Basel-Land'),
('b9ddd35c-f8e0-4e99-9de8-579850443a3e', 'Sandro', 'Maciocia', 'aps@apsag.com', '062 389 88 88', 'APS electronic AG', 'Neumatt 4, 4626 Niederbuchsiten, Solothurn'),
('fe1e8d30-4ecf-492d-a41b-ae9d4a2fe110', 'Urs', 'Christen', 'systems@aps-systems.ch', '062 517 88 33', 'APS systems AG', 'Neumatt 4, 4626 Niederbuchsiten, Solothurn'),
('2cfe0a1c-6274-46fe-b208-2a218af08649', 'Adrian', 'Steiner', 'adrian.steiner@apstreuhand.ch', '041 780 58 51', 'APS Treuhand AG', 'Eichrüti 24, 6333 Hünenberg See, Zug'),
('c917cbfc-bf35-4468-964c-559194bd92d6', 'Christoph', 'Pfister', 'info@kuechen-parkett.ch', '079 443 90 82', 'AP-Schreinerei GmbH', 'Hauptstrasse 288, 3852 Ringgenberg, Bern'),
('6fd25da7-c41f-46de-a3a2-3cb43e2d7478', 'Tom', 'Richter', 'info@apting.ch', '044 254 30 30', 'APT Ingenieure GmbH', 'Hofwiesenstrasse 3, 8042 Zürich, Zürich'),
('237845be-2d54-49a6-9ed6-92aea7dacd2b', 'Peter', 'Strebel', 'info@aptaris.com', '043 336 91 19', 'Aptaris AG', 'Untere Rainstrasse 60, 6340 Baar, Zug'),
('a64a18cb-b09e-4cea-a524-511987494de8', 'Beat', 'Schär', 'beat.schaer@aptomet.ch', '079 277 43 33', 'Aptomet AG', 'Worbstrasse 201, 3073 Gümligen, Bern'),
('325ccf2e-f755-42eb-bb90-6064b96d8673', 'Alois', 'Bernet', 'info@aptus-solutions.ch', '079 347 90 37', 'Aptus Solutions GmbH', 'Feld 1, 6246 Altishofen, Luzern'),
('0c5d9763-a4ce-452a-b6d3-8c9e38b2d897', 'Andreas', 'Wegmann', 'aptus@aptus-systems.ch', '079 521 20 01', 'Aptus Systems GmbH', 'Unterer Bönlerweg 17, 8624 Grüt (Gossau), Zürich'),
('1111061c-5fba-426f-bfd2-8e14246cbd88', 'Oliver', 'Meyer', 'oliver.meyer@apu.ch', '079 456 95 45', 'APU AG', 'Rheinweg 7, 8200 Schaffhausen, Schaffhausen'),
('76ec9c8d-f6af-492c-bb12-7049fbee596c', 'Matthias', 'Gutknecht', 'sale@alpaca.ch', '052 233 89 80', 'Apu Kuntur GmbH', 'Hafenstrasse 48, 8280 Kreuzlingen, Thurgau'),
('46817263-1954-4995-861b-466bfc8d39f1', 'Javier', 'Gonzalez', 'javier.gonzalez@aqagentur.ch', '044 722 50 01', 'AQA AG', 'Seestrasse 40, 8800 Thalwil, Zürich'),
('32343aa5-2cc0-48f6-a5ad-5fc4ee5ec579', 'Niccolò', 'Rubitschung', 'niccolo.rubitschung@aqiptech.ch', '078 875 71 16', 'AQIPTECH Automation', 'Bruggfeldweg 1, 4147 Aesch, Basel-Land'),
('94502aeb-15da-4446-a633-9c2ce4aa69af', 'Margarete', 'Bucheli', 'm.bucheli@svgw.ch', '044 288 33 43', 'Aqua & Gas', 'Grütlistrasse 44, 8027 Zürich, Zürich'),
('93a0a04f-ae0a-444f-b514-9ff57b408905', 'Bernhard', 'Gysi', 'info@aqua-alimenta.ch', '043 243 04 70', 'Aqua Alimenta', 'Stauffacherstrasse 28, 8004 Zürich, Zürich'),
('bf7bd1a3-2bcd-4d18-ae76-f60ca728913c', 'Janine', 'Bunte', 'aqua-allalin@gmx.ch', '027 958 50 60', 'Aqua Allalin', 'Panoramastrasse 1, 3906 Saas-Fee, Wallis/Valais'),
('f82ff995-724e-4e18-a5f2-f8525597cac6', 'Paul', 'Curty', 'service@aquaclic.ch', '044 206 50 44', 'Aqua Art AG', 'Regensbergstrasse 244, 8050 Zürich, Zürich'),
('0a6b741d-0698-4751-bf74-83d581f6b0e7', 'Milica', 'Vrhovac-Grujic', 'info@aqua-cleaning.ch', '071 278 55 00', 'Aqua Cleaning Services AG', 'St. Leonhard-Strasse 75, 9000 St. Gallen, St. Gallen'),
('5de361f6-3f73-4713-9e91-909c5cdb73e3', 'Thomas', 'Möller', 'info@aquaag.ch', '043 243 50 00', 'Aqua Dällikon AG', 'Hüttenwiesenstrasse 9, 8108 Dällikon, Zürich'),
('b2c526b3-2ddb-4821-ae92-ac2b83d0d6bd', 'Reto', 'Wepf', 'info@aqua-emotion.ch', '062 389 05 60', 'Aqua Emotion AG', 'Kreuzackerstrasse 3, 4622 Egerkingen, Solothurn'),
('609d7996-6a25-4ad5-af17-9a4312d991f9', 'Adrian', 'Gsteiger', 'info@aquagold.ch', '076 331 03 03', 'Aqua Gold GmbH', 'Goldhaldenstrasse 22, 8702 Zollikon, Zürich'),
('23917032-3ae1-453f-bfba-317739c7894c', 'Yvonne', 'Meier Burlet', 'info@aquanatura.ch', '055 556 89 52', 'Aqua Natura GmbH', 'Spitzi 10, 8716 Schmerikon, St. Gallen'),
('0a8056da-a94a-4e3b-9eeb-2b56504aad2d', 'Fabian', 'Eigenmann', 'info@aquapowertec.ch', '071 565 72 85', 'Aqua Power Tec GmbH', 'Baumgartenstrasse 10, 9243 Jonschwil, St. Gallen'),
('840647a6-8588-4de9-b25d-12b0cfbd0767', 'Salome', 'Steiner', 'salome.steiner@aquaviva.ch', '052 510 14 50', 'Aqua Viva', 'Neuwiesenstrasse 95, 8400 Winterthur, Zürich'),
('a70313e3-5c2b-47a2-93e5-b20dd1e565bc', 'Michael', 'Spengler', 'info@aquabo.ch', '061 461 14 14', 'Aquabo GmbH', 'Hauptstrasse 7, 4132 Muttenz, Basel-Land'),
('0e2197b6-b839-4911-8931-a95077c17f94', 'Manuel', 'Reinhard', 'info@aquacenter-obwalden.ch', '041 662 00 44', 'Aquacenter Obwalden', 'Sportweg 3, 6064 Kerns, Obwalden'),
('6466185f-0880-48a3-9cd4-14e4948b7cb0', 'Georg Otto', 'Herriger', 'aquafarm@swifish.ch', '027 527 02 52', 'Aquafarm Immo AG', 'Industriestrasse 120, 3952 Susten, Wallis/Valais'),
('a005cf6c-58c9-4538-9556-d8fff0cab03a', 'Alex', 'Kühne', 'info@aquafides.ch', '044 835 22 00', 'Aquafides Schweiz AG', 'Uznacherstrasse 14, 8722 Kaltbrunn, St. Gallen'),
('6bc39080-4cd5-4c57-b376-15c3594088d0', 'Ulrich', 'Kistler', 'info@aquajet.swiss', '055 440 99 20', 'AquaJet AG', 'Benknerstrasse 10, 8864 Reichenburg, Schwyz'),
('5ec00a22-ea82-4ccf-a034-22051936a45d', 'Susanna', 'Bachmann', 'info@aquaklimaag.ch', '044 508 35 07', 'AquaKlima AG', 'Schaffhauserstrasse 84, 8222 Beringen, Schaffhausen'),
('679368b0-85b8-4ff0-9c5c-be5f789493b3', 'Lobi', 'Gyalzur', 'info@aqua-lab.ch', '079 351 94 05', 'AquaLab', 'Heinrichstrasse 237, 8005 Zürich, Zürich'),
('6e40c06f-ce1b-4bf5-8782-b04e20907b6c', 'Jérémie', 'Locher', 'aqualis@ultraweb.ch', '027 470 12 13', 'aqualis haaratelier ag', 'Rathausstrasse 32, 3954 Leukerbad, Wallis/Valais'),
('240e85bd-f8dd-4b9a-b4c6-63918603654c', 'David', 'Jud', 'info@aquamarinefund.com', '044 210 19 00', 'Aquamarine Zürich AG', 'Rämistrasse 18, 8001 Zürich, Zürich'),
('441eaf54-b7ef-4a21-adc1-41deda9eba47', 'Corinne', 'Ruckstuhl', 'info@aquametro-oil-marine.com', '061 725 44 00', 'Aquametro Oil & Marine AG', 'Ringstrasse 75, 4106 Therwil, Basel-Land'),
('f81bc192-f80d-4d31-9e31-1255638a098a', 'Christopher', 'Wenger', 'info@aquantic.ch', '061 717 88 99', 'Aquantic AG', 'Römerstrasse 30, 4314 Zeiningen, Aargau'),
('d59bfc1c-9eaf-43c4-8243-e07e44887939', 'Leonardo', 'Bonni', 'info@aquaperl.ch', '056 470 40 70', 'Aquaperl Sanitär-Heizung GmbH', 'Bruggerstrasse 194, 5400 Baden, Aargau'),
('40b124f7-5164-4158-8d22-c37c6e31ea94', 'Bruno', 'Böhm', 'boehm@aquaplaning-gmbh.ch', '079 475 97 09', 'Aquaplaning GmbH', 'Grenzstrasse 20, 3250 Lyss, Bern'),
('42b408d1-a34f-423b-a382-a68de6745100', 'Markus', 'Heinrich', 'info@aquaplus-drinks.ch', '079 175 96 16', 'AQUAPLUS Drinks AG', 'Ringstrasse 9, 4123 Allschwil, Basel-Land'),
('7cf16ffd-b73b-46e0-b001-dc9fc5580465', 'Kevin', 'Bein', 'info@aquaprint.ch', '031 398 45 02', 'AquaPrint GmbH', 'Sägestrasse 73, 3098 Köniz, Bern'),
('ac80ee6a-0455-4044-b5b9-617494b71513', 'Erich', 'Hildebrandt', 'info@aquaren.com', '032 675 80 70', 'Aquaren GmbH', 'Industrie Bolacker 14/8, 4564 Obergerlafingen, Solothurn'),
('c224162f-9f2c-4047-ba79-f6992fdc12e3', 'Rindo', 'Marcassoli', 'info@aquarex.ch', '056 210 44 12', 'Aquarex Marcassoli', 'Schönbühlstrasse 13b, 5442 Fislisbach, Aargau'),
('c00d183e-e215-45d8-ac91-57919461d1fe', 'Ronald', 'Gächter', 'info@aquarii.ch', '071 757 78 46', 'aquaRii - Bad Oberes Rheintal', 'Tobelbachstrasse 4, 9450 Lüchingen, St. Gallen'),
('303fced3-1ab3-4503-ad7e-9e284152e3b5', 'Oliver', 'Jud', 'info@aquarina.ch', '052 319 24 19', 'Aquarina Hallen- und Freibad Rheinau', 'Ellikonerstrasse 2, 8462 Rheinau, Zürich'),
('b7a239fa-d312-486d-950c-6debcd99ca0f', 'René', 'Fehlmann', 'atag@aquarium-shop.ch', '056 621 02 00', 'Aquarium & Teich AG', 'Wohlerstrasse 35, 5612 Villmergen, Aargau'),
('ce180444-ffb7-4917-886f-50f7c503773a', 'Corine', 'Meyer', 'c.meyer@aqua-sanitaer.ch', '044 984 02 02', 'Aqua-Sanitär GmbH', 'Bahnhofstrasse 14, 8610 Uster, Zürich'),
('22bde2bd-64f6-4a98-860c-0f3af3cf2dca', 'Thomas', 'Inauen', 'ti@aquasant-mt.com', '061 935 50 01', 'Aquasant Messtechnik AG', 'Hauptstrasse 22, 4416 Bubendorf, Basel-Land'),
('273a95ed-8816-4a84-8219-c903c8b3612c', 'Manuela', 'Hügli', 'manuela.huegli@aquasolar.ch', '061 789 91 00', 'Aqua-Solar AG', 'Industriering 66, 4227 Büsserach, Solothurn'),
('e1fc33f5-0179-4adb-a170-4249e7aee5ef', 'Christian', 'Grob Gava', 'info@aquasono.ch', '079 871 72 84', 'Aquasono GmbH', 'Hubertusstrasse 5, 9220 Bischofszell, Thurgau'),
('ece8cae8-5628-48ea-9113-953799663f39', 'Helga', 'Habers-Jongsma', 'info@mineralbad-samedan.ch', '031 859 34 34', 'Aqua-Spa-Resorts AG', 'San Bastiaun 1, 7503 Samedan, Graubünden'),
('1b3a9568-3b86-4151-bc61-139172639166', 'Thomas', 'Vock', 'info@aquateam-haustechnik.ch', '062 893 29 51', 'AquaTeam Haustechnik GmbH', 'Rebweg 10a, 5103 Möriken, Aargau'),
('e718bbb3-2b11-4f12-9641-d57b22990045', 'Lukas', 'Strub', 'info@aquatechgmbh.ch', '061 821 93 93', 'Aquatech Sanitär GmbH', 'Neusatzweg 26, 4133 Pratteln, Basel-Land'),
('ca8bc85f-06cb-40c3-b19e-96d6532291a1', 'Biggi', 'Keller', 'info@aquaterra-herz.ch', '075 422 78 72', 'AquaTerra - Herz', 'Mettlenstrasse 5, 9565 Rothenhausen, Thurgau');

INSERT INTO leads (id, contact_id, source, status, value, notes) VALUES
('a6575e4f-a200-49fc-9467-c08e23fa2288', '7f34427d-bf40-477c-8cc2-6e97344bc939', 'KALTAKQUISE', 'ACTIVE', 0, 'Funktion: Geschäftsführer/in (CEO) | Mitarbeiter: 1 bis 10 | Branche: Apotheken & Drogerien | Rechtsform: Einzelunternehmen'),
('362079a2-4373-41d5-9b86-14663ee8d067', '5f6e322a-98d6-4ad0-8638-10fb1633fc88', 'KALTAKQUISE', 'ACTIVE', 0, 'Funktion: Geschäftsführer/in (CEO) | Mitarbeiter: 1 bis 10 | Branche: Apotheken & Drogerien | Rechtsform: Aktiengesellschaft'),
('8c5bb230-7ce3-4b7d-9083-6daa222dc015', '7b7343b5-a6fc-4edf-a369-328af2e876bf', 'KALTAKQUISE', 'ACTIVE', 0, 'Funktion: Geschäftsführer/in (CEO) | Mitarbeiter: 11 bis 20 | Branche: Apotheken & Drogerien'),
('d6e53fdb-9d63-4517-9791-53205802c505', '30619cd4-8b6a-4211-8af5-4541321a8e31', 'KALTAKQUISE', 'ACTIVE', 0, 'Funktion: Geschäftsführer/in (CEO) | Mitarbeiter: 21 bis 50 | Branche: Apotheken & Drogerien / Testcenter | Rechtsform: Aktiengesellschaft'),
('d4a3f622-0f54-41d5-844b-36774cc5366c', '17a9cfb9-1f02-42e5-935c-1dd1f2ca3a4c', 'KALTAKQUISE', 'ACTIVE', 0, 'Funktion: Geschäftsführer/in (CEO) | Mitarbeiter: 1 bis 10 | Branche: Apotheken & Drogerien | Rechtsform: Aktiengesellschaft'),
('4fe511ad-8792-4a1e-b90e-340ffcf57b94', '98020855-6dbe-4c2b-a304-425397ce263b', 'KALTAKQUISE', 'ACTIVE', 0, 'Funktion: Geschäftsführer/in (CEO) | Mitarbeiter: 1 bis 10 | Branche: Apotheken & Drogerien'),
('85895d81-37a2-4540-a8f0-0ff3126b1643', 'e8c7a5d0-e5f4-46f9-9b34-94185e14db04', 'KALTAKQUISE', 'ACTIVE', 0, 'Funktion: Geschäftsführer/in (CEO) | Mitarbeiter: 1 bis 10 | Branche: Apotheken & Drogerien | Rechtsform: Kollektivgesellschaft'),
('4ec812b9-96fd-4816-955f-913474ef1a2e', 'ed8c9223-53a6-445c-a160-37e3f2479528', 'KALTAKQUISE', 'ACTIVE', 0, 'Funktion: Geschäftsführer/in (CEO) | Mitarbeiter: 11 bis 20 | Branche: Apotheken & Drogerien | Rechtsform: Aktiengesellschaft'),
('b9584d61-53dc-4744-8b47-273d7838b030', '5d74120c-3cd4-4af1-8417-cd95c965a9dd', 'KALTAKQUISE', 'ACTIVE', 0, 'Funktion: Geschäftsführer/in (CEO) | Mitarbeiter: 1 bis 10 | Branche: Apotheken & Drogerien'),
('8e5f2fa5-9bb1-4872-bbeb-5a948e9a50d0', '364a7658-3498-4f0d-98de-a3eded3dfba5', 'KALTAKQUISE', 'ACTIVE', 0, 'Funktion: Geschäftsführer/in (CEO) | Mitarbeiter: 21 bis 50 | Branche: Apotheken & Drogerien'),
('e020c653-6a5a-45d9-9c25-009fd28e1382', '87e0cc66-d8e2-4db5-8d11-13c622ef8798', 'KALTAKQUISE', 'ACTIVE', 0, 'Funktion: Geschäftsführer/in (CEO) | Mitarbeiter: 1 bis 10 | Branche: Apotheken & Drogerien'),
('4613981c-5a0b-4d9e-8a2b-6a7c19db1ce9', 'ccb4c9f4-e12c-471a-82f5-f869585ec454', 'KALTAKQUISE', 'ACTIVE', 0, 'Funktion: Geschäftsführer/in (CEO) | Mitarbeiter: 1 bis 10 | Branche: Apotheken & Drogerien'),
('67906184-e3ea-4a69-86ea-cb15ef109362', '36547d8f-3744-4e43-bda0-ceeffd38f457', 'KALTAKQUISE', 'ACTIVE', 0, 'Funktion: Geschäftsführer/in (CEO) | Mitarbeiter: 11 bis 20 | Branche: Apotheken & Drogerien'),
('7acd75ab-874d-4ea4-ab4c-df8487a699df', '27befc24-41a3-47d0-b399-5957d23130ff', 'KALTAKQUISE', 'ACTIVE', 0, 'Funktion: Geschäftsführer/in (CEO) | Mitarbeiter: 11 bis 20 | Branche: Apotheken & Drogerien'),
('9fe6994e-1995-4ba0-8065-47ca7e41ea29', '3bd3204b-103a-4b11-af36-dc5baa6afb57', 'KALTAKQUISE', 'ACTIVE', 0, 'Funktion: Geschäftsführer/in (CEO) | Mitarbeiter: 1 bis 10 | Branche: Apotheken & Drogerien'),
('3f4ff26f-3fd6-4aa8-8b32-5e9a5e6df305', 'f45b31d9-70e5-46d7-91fe-240614fe71c5', 'KALTAKQUISE', 'ACTIVE', 0, 'Funktion: Geschäftsführer/in (CEO) | Mitarbeiter: 11 bis 20 | Branche: Apotheken & Drogerien'),
('4ec5b59d-6a02-4e57-b223-0182aed1d8bc', 'c1ce06e3-9f61-4da8-91f1-34fe2825257f', 'KALTAKQUISE', 'ACTIVE', 0, 'Funktion: Geschäftsführer/in (CEO) | Mitarbeiter: 1 bis 10 | Branche: Apotheken & Drogerien'),
('c19b7620-7cc1-4872-ae89-e8da3a594bba', '3aa92dd3-16a3-44fe-8255-6068ae39d5d5', 'KALTAKQUISE', 'ACTIVE', 0, 'Funktion: Geschäftsführer/in (CEO) | Mitarbeiter: 1 bis 10 | Branche: Restaurants'),
('57ae118f-4edb-4321-9245-80e3da17b58c', '1332cbed-09de-483a-b5c1-bd276dfab7fa', 'KALTAKQUISE', 'ACTIVE', 0, 'Funktion: Geschäftsführer/in (CEO) | Mitarbeiter: 11 bis 20 | Branche: Apotheken & Drogerien'),
('be848aec-4714-4124-b55c-6bbff14c5aa6', 'b831d276-fc54-49d7-8931-e89ff014711b', 'KALTAKQUISE', 'ACTIVE', 0, 'Funktion: Geschäftsführer/in (CEO) | Mitarbeiter: 1 bis 10 | Branche: Apotheken & Drogerien'),
('1036fdef-579c-4290-975a-2b9853765227', '307bd056-9126-40c5-9208-0fa618672534', 'KALTAKQUISE', 'ACTIVE', 0, 'Funktion: Geschäftsführer/in (CEO) | Mitarbeiter: 11 bis 20 | Branche: Apotheken & Drogerien | Rechtsform: Aktiengesellschaft'),
('6dcc3a2e-06a0-42e9-b1e7-1c714dae2b63', '2e2e8382-6789-4a71-9e90-cd010b5e9bf3', 'KALTAKQUISE', 'ACTIVE', 0, 'Funktion: Geschäftsführer/in (CEO) | Mitarbeiter: 11 bis 20 | Branche: Apotheken & Drogerien | Rechtsform: Aktiengesellschaft'),
('7fc511f6-247d-4338-a6a0-c0ece0ba4e93', '22de9d73-33ac-4409-90b1-fdfa7c65f488', 'KALTAKQUISE', 'ACTIVE', 0, 'Funktion: Geschäftsführer/in (CEO) | Mitarbeiter: 1 bis 10 | Branche: Apotheken & Drogerien | Rechtsform: Aktiengesellschaft'),
('9f5da22e-2915-4971-bd99-5e291cffa277', '093e5bfb-9cca-49ce-85cc-8a274f726209', 'KALTAKQUISE', 'ACTIVE', 0, 'Funktion: Geschäftsführer/in (CEO) | Mitarbeiter: 1 bis 10 | Branche: Apotheken & Drogerien / Testcenter | Rechtsform: Aktiengesellschaft'),
('ddd7db9f-015d-4d3f-9683-62285effa474', '7d27df4f-0d21-409f-882d-34e2fb05d1bd', 'KALTAKQUISE', 'ACTIVE', 0, 'Funktion: Geschäftsführer/in (CEO) | Mitarbeiter: 1 bis 10 | Branche: Apotheken & Drogerien | Rechtsform: Aktiengesellschaft'),
('3cd2425e-2355-451f-9959-cff0aaf2bc5f', '2838f139-68ea-4c64-ac73-82975070027b', 'KALTAKQUISE', 'ACTIVE', 0, 'Funktion: Geschäftsführer/in (CEO) | Mitarbeiter: 1 bis 10 | Branche: Apotheken & Drogerien | Rechtsform: Aktiengesellschaft'),
('5ae3647d-6bea-48a4-83a2-d19c3316f8cb', '8697a83d-9b31-4ea7-a828-d13d0c98f7be', 'KALTAKQUISE', 'ACTIVE', 0, 'Funktion: Geschäftsführer/in (CEO) | Mitarbeiter: 1 bis 10 | Branche: Apotheken & Drogerien | Rechtsform: Aktiengesellschaft'),
('6c076f39-d24d-424c-a91d-2a95c6b85d28', '79dea25f-8f3a-4144-9ad3-4e6657e7dd37', 'KALTAKQUISE', 'ACTIVE', 0, 'Funktion: Geschäftsführer/in (CEO) | Mitarbeiter: 1 bis 10 | Branche: Apotheken & Drogerien'),
('f488393f-3ee0-4d43-9686-ff3dbae51cf0', 'b7c62d58-674d-4fbc-a0f8-5255e277b055', 'KALTAKQUISE', 'ACTIVE', 0, 'Funktion: Geschäftsführer/in (CEO) | Mitarbeiter: 11 bis 20 | Branche: Apotheken & Drogerien / Nachhaltigkeitsbereich | Rechtsform: Aktiengesellschaft'),
('3f41a0e6-ffd2-451b-af38-3dcab9fcff57', '8cc9133d-07e6-49d1-adb2-219aa3a67954', 'KALTAKQUISE', 'ACTIVE', 0, 'Funktion: Geschäftsführer/in (CEO) | Mitarbeiter: 1 bis 10 | Branche: Apotheken & Drogerien / Testcenter | Rechtsform: Aktiengesellschaft'),
('6b80a4b8-00d0-4817-8ec7-28612974629b', 'aa71a766-7840-4b74-82d1-b73e1680464d', 'KALTAKQUISE', 'ACTIVE', 0, 'Funktion: Geschäftsführer/in (CEO) | Mitarbeiter: 21 bis 50 | Branche: Apotheken & Drogerien | Rechtsform: Aktiengesellschaft'),
('3d9a3f1f-a1e7-4ed6-a45e-b7edda5c740d', 'f40bee97-6f8c-45b0-860a-1985304e28ed', 'KALTAKQUISE', 'ACTIVE', 0, 'Funktion: Geschäftsführer/in (CEO) | Mitarbeiter: 11 bis 20 | Branche: Apotheken & Drogerien'),
('a11535d8-e158-4cc6-b582-0ee6ce6e87d7', 'ad315cff-b786-44c0-9306-1d04259b99a7', 'KALTAKQUISE', 'ACTIVE', 0, 'Funktion: Geschäftsführer/in (CEO) | Mitarbeiter: 21 bis 50 | Branche: Apotheken & Drogerien / Nachhaltigkeitsbereich | Rechtsform: Aktiengesellschaft'),
('af7b9043-46f2-4d00-a451-93b951fde2fc', 'cfe11393-3a05-4446-95de-1527a794db8f', 'KALTAKQUISE', 'ACTIVE', 0, 'Funktion: Geschäftsführer/in (CEO) | Mitarbeiter: 11 bis 20 | Branche: Apotheken & Drogerien | Rechtsform: Aktiengesellschaft'),
('bd046132-7957-450a-afb3-e85ab19c4366', 'a45c2d8e-1bae-4e46-bfef-ac8f8d2c0c62', 'KALTAKQUISE', 'ACTIVE', 0, 'Funktion: Geschäftsführer/in (CEO) | Mitarbeiter: 1 bis 10 | Branche: Apotheken & Drogerien | Rechtsform: Aktiengesellschaft'),
('43983735-3ee7-4ce2-8c9c-e4ab9e16cf0d', '221b4853-864c-444b-ab73-f9a480fea2a2', 'KALTAKQUISE', 'ACTIVE', 0, 'Funktion: Geschäftsführer/in (CEO) | Mitarbeiter: 1 bis 10 | Branche: Apotheken & Drogerien'),
('afa2eec5-d955-4507-acf0-f499c0559a5a', 'ff20f426-eb30-44c0-910a-beee13a06b1a', 'KALTAKQUISE', 'ACTIVE', 0, 'Funktion: Geschäftsführer/in (CEO) | Mitarbeiter: 11 bis 20 | Branche: Apotheken & Drogerien / Testcenter'),
('be1e6c55-12ee-4dfb-8719-2df4b6525ab6', 'a6ff8c64-3c78-42d8-9d5b-5958eaaae5d2', 'KALTAKQUISE', 'ACTIVE', 0, 'Funktion: Geschäftsführer/in (CEO) | Mitarbeiter: 1 bis 10 | Branche: Apotheken & Drogerien | Rechtsform: Aktiengesellschaft'),
('dde2a168-75f8-4cf7-8fe4-1520ca925537', 'e6ef993d-1077-4fbd-9ce4-706b58ea49b7', 'KALTAKQUISE', 'ACTIVE', 0, 'Funktion: Geschäftsführer/in (CEO) | Mitarbeiter: 11 bis 20 | Branche: Apotheken & Drogerien / Testcenter | Rechtsform: Aktiengesellschaft'),
('f15fc36f-adb2-4c19-8c8e-f6b73f4d5d14', '7247e51c-8f6f-4cf7-a40a-40d62df4e898', 'KALTAKQUISE', 'ACTIVE', 0, 'Funktion: Geschäftsführer/in (CEO) | Mitarbeiter: 11 bis 20 | Branche: Apotheken & Drogerien | Rechtsform: Aktiengesellschaft'),
('42cff416-6665-4807-b318-fcb41e3c0582', '13f8ab19-469d-4793-aeb3-43f44e514c5f', 'KALTAKQUISE', 'ACTIVE', 0, 'Funktion: Geschäftsführer/in (CEO) | Mitarbeiter: 11 bis 20 | Branche: Apotheken & Drogerien'),
('26982f31-3cee-44ef-adbc-88c13ad11361', '63c0c154-b12d-4158-9852-c65107ff9020', 'KALTAKQUISE', 'ACTIVE', 0, 'Funktion: Geschäftsführer/in (CEO) | Mitarbeiter: 1 bis 10 | Branche: Apotheken & Drogerien'),
('f3318bcd-aaee-4156-9108-d39d5ab345f6', '54e2deac-49b8-43a6-a37d-95b15e35a279', 'KALTAKQUISE', 'ACTIVE', 0, 'Funktion: Geschäftsführer/in (CEO) | Mitarbeiter: 11 bis 20 | Branche: Apotheken & Drogerien | Rechtsform: Aktiengesellschaft'),
('af93681b-f35e-4188-a26e-f5d2e1dfb6a1', '081b9559-c934-4129-9738-b1f670a15692', 'KALTAKQUISE', 'ACTIVE', 0, 'Funktion: Geschäftsführer/in (CEO) | Mitarbeiter: 1 bis 10 | Branche: Apotheken & Drogerien | Rechtsform: Einzelunternehmen'),
('e3bed38b-b84b-4224-84c5-961c075d5021', 'b1448e63-0526-44a8-8879-187667e0fcfe', 'KALTAKQUISE', 'ACTIVE', 0, 'Funktion: Geschäftsführer/in (CEO) | Mitarbeiter: 1 bis 10 | Branche: Apotheken & Drogerien'),
('497a50e5-d81a-4dba-88ea-fbcc67b6d426', 'a7b00908-7d99-44cb-90b2-0a2e571dfe35', 'KALTAKQUISE', 'ACTIVE', 0, 'Funktion: Geschäftsführer/in (CEO) | Mitarbeiter: 11 bis 20 | Branche: Apotheken & Drogerien'),
('cf46ad1d-4dd9-4972-b558-bcec77ad9ed0', '254f0727-2167-4850-b540-97e642f9e3be', 'KALTAKQUISE', 'ACTIVE', 0, 'Funktion: Geschäftsführer/in (CEO) | Mitarbeiter: 11 bis 20 | Branche: Apotheken & Drogerien | Rechtsform: Aktiengesellschaft'),
('364f5b5c-3586-42bf-88e9-fa88263dee09', '20a4ef82-20df-40b0-be89-96c8e5d0a720', 'KALTAKQUISE', 'ACTIVE', 0, 'Funktion: Geschäftsführer/in (CEO) | Mitarbeiter: 1 bis 10 | Branche: Apotheken & Drogerien | Rechtsform: Aktiengesellschaft'),
('52d4c697-58b5-417a-9f9f-c17534accb5f', '273761fd-ce83-4034-b55e-fbbc827e91eb', 'KALTAKQUISE', 'ACTIVE', 0, 'Funktion: Geschäftsführer/in (CEO) | Mitarbeiter: 1 bis 10 | Branche: Apotheken & Drogerien'),
('03ab9592-e75e-43c1-aa0d-b4e73252dc74', 'f7606623-5da7-4e48-a389-49b631378d03', 'KALTAKQUISE', 'ACTIVE', 0, 'Funktion: Geschäftsführer/in (CEO) | Mitarbeiter: 11 bis 20 | Branche: Apotheken & Drogerien | Rechtsform: Aktiengesellschaft'),
('00de3353-31c7-4b18-8d13-127a7479acf3', '5aa19518-3a3d-4922-ac9b-db8b2012ca0c', 'KALTAKQUISE', 'ACTIVE', 0, 'Funktion: Geschäftsführer/in (CEO) | Mitarbeiter: 11 bis 20 | Branche: Apotheken & Drogerien'),
('27fb7b67-16a4-44cf-9acb-704db945ec1d', '6bff689a-6200-41f6-b29a-f14512d50114', 'KALTAKQUISE', 'ACTIVE', 0, 'Funktion: Geschäftsführer/in (CEO) | Mitarbeiter: 1 bis 10 | Branche: Apotheken & Drogerien | Rechtsform: Einzelunternehmen'),
('a9a27e6c-ad5c-45c8-9a5c-2d1bb7df576b', 'e64b6016-dc4f-42d6-938a-38acfbc9b47b', 'KALTAKQUISE', 'ACTIVE', 0, 'Funktion: Geschäftsführer/in (CEO) | Mitarbeiter: 1 bis 10 | Branche: Apotheken & Drogerien | Rechtsform: Gesellschaft mit beschränkter Haftung'),
('cfc3df54-c4aa-4415-963e-0e45f95c6128', '9810d8f7-c9aa-43ee-9410-51ce8c0f230b', 'KALTAKQUISE', 'ACTIVE', 0, 'Funktion: Geschäftsführer/in (CEO) | Mitarbeiter: 11 bis 20 | Branche: Apotheken & Drogerien | Rechtsform: Aktiengesellschaft'),
('4fa6f3e3-a781-46b3-802c-6606f215c097', 'e16c9b11-36f2-44dd-b4fd-d1447ced4d24', 'KALTAKQUISE', 'ACTIVE', 0, 'Funktion: Geschäftsführer/in (CEO) | Mitarbeiter: 1 bis 10 | Branche: Apotheken & Drogerien'),
('25ee1dfb-03b0-45d8-9b63-aa75be64917b', 'fa814ae4-5cfd-403f-8d56-d5edf97e5a39', 'KALTAKQUISE', 'ACTIVE', 0, 'Funktion: Geschäftsführer/in (CEO) | Mitarbeiter: 1 bis 10 | Branche: Apotheken & Drogerien | Rechtsform: Aktiengesellschaft'),
('003700cb-d3d5-4963-9a15-72d2f5dd13a8', '4159cfbc-2309-48bc-be52-61578408c0eb', 'KALTAKQUISE', 'ACTIVE', 0, 'Funktion: Geschäftsführer/in (CEO) | Mitarbeiter: 11 bis 20 | Branche: Apotheken & Drogerien | Rechtsform: Aktiengesellschaft'),
('ef998efd-9561-4653-be92-3b5d99603ada', '8f560b07-dc55-43a3-b367-091760ffb1ac', 'KALTAKQUISE', 'ACTIVE', 0, 'Funktion: Geschäftsführer/in (CEO) | Mitarbeiter: 21 bis 50 | Branche: Apotheken & Drogerien'),
('7d7511c9-7248-4790-a30d-5535bd4d6a43', '06e51198-33da-46fe-b5a0-1c7898d16271', 'KALTAKQUISE', 'ACTIVE', 0, 'Funktion: Geschäftsführer/in (CEO) | Mitarbeiter: 1 bis 10 | Branche: Apotheken & Drogerien'),
('f6bbf697-c194-4a8a-9ba4-cbfb698d20a4', 'f579b091-1fb9-457c-a2a1-2f7510e3f987', 'KALTAKQUISE', 'ACTIVE', 0, 'Funktion: Geschäftsführer/in (CEO) | Mitarbeiter: 11 bis 20 | Branche: Apotheken & Drogerien'),
('2355023a-c86e-4833-a94f-34955de5636a', 'bf06dcf2-d8f4-434f-9138-040dfb7bc4c0', 'KALTAKQUISE', 'ACTIVE', 0, 'Funktion: Geschäftsführer/in (CEO) | Mitarbeiter: 1 bis 10 | Branche: Apotheken & Drogerien | Rechtsform: Aktiengesellschaft'),
('6ada6adb-d1ad-4e5b-aecf-1b248ab4f106', '546908b2-6b77-4b30-93c0-02797161242c', 'KALTAKQUISE', 'ACTIVE', 0, 'Funktion: Geschäftsführer/in (CEO) | Mitarbeiter: 11 bis 20 | Branche: Apotheken & Drogerien | Rechtsform: Aktiengesellschaft'),
('98d39e46-6193-4204-bbd7-00c9318d01e9', '40fa4ce8-627e-418e-abda-719d2358d0c8', 'KALTAKQUISE', 'ACTIVE', 0, 'Funktion: Geschäftsführer/in (CEO) | Mitarbeiter: 11 bis 20 | Branche: Apotheken & Drogerien | Rechtsform: Gesellschaft mit beschränkter Haftung'),
('7df6f57b-02bd-47fe-b6f1-b2ef564af624', 'b3341bff-8947-4480-a221-d2668215924e', 'KALTAKQUISE', 'ACTIVE', 0, 'Funktion: Geschäftsführer/in (CEO) | Mitarbeiter: 1 bis 10 | Branche: Apotheken & Drogerien | Rechtsform: Aktiengesellschaft'),
('2bbdb6ff-8f03-478f-84d0-db58dbec602c', '5d3cb690-2eac-4faa-9875-ae499080f85c', 'KALTAKQUISE', 'ACTIVE', 0, 'Funktion: Geschäftsführer/in (CEO) | Mitarbeiter: 1 bis 10 | Branche: Apotheken & Drogerien'),
('8a7f1c35-b3d5-49cf-95c9-55c2d6c8300d', 'd337c514-5ed1-42f5-b7d6-2754d1ee0f8c', 'KALTAKQUISE', 'ACTIVE', 0, 'Funktion: Geschäftsführer/in (CEO) | Mitarbeiter: 11 bis 20 | Branche: Apotheken & Drogerien | Rechtsform: Einzelunternehmen'),
('bd8763f5-796c-4d6b-925a-34d6ffecc703', '62fd628f-18f9-40b0-ad26-c7aa3fc44434', 'KALTAKQUISE', 'ACTIVE', 0, 'Funktion: Geschäftsführer/in (CEO) | Mitarbeiter: 11 bis 20 | Branche: Apotheken & Drogerien / Online Shops | Rechtsform: Aktiengesellschaft'),
('3aee5908-7f2c-420f-a5a2-be4565662b2b', 'ce1f4098-2702-4385-81b2-248930f79f14', 'KALTAKQUISE', 'ACTIVE', 0, 'Funktion: Geschäftsführer/in (CEO) | Mitarbeiter: 1 bis 10 | Branche: Apotheken & Drogerien'),
('bfeae646-feea-406c-8727-3c5cfe6d0e4f', '9946bfa1-ac68-43d9-9ee8-76fa10646001', 'KALTAKQUISE', 'ACTIVE', 0, 'Funktion: Geschäftsführer/in (CEO) | Mitarbeiter: 1 bis 10 | Branche: Apotheken & Drogerien'),
('0c76a9f9-58ee-49d0-bb4f-ee3de20987e4', 'a856077a-1a53-408b-9a0b-7f857431ffa8', 'KALTAKQUISE', 'ACTIVE', 0, 'Funktion: Geschäftsführer/in (CEO) | Mitarbeiter: 1 bis 10 | Branche: Apotheken & Drogerien'),
('62b2b73e-c89a-4c97-a2a1-d7c0d6f9ccfb', 'fa8dee92-bf00-40ec-8b23-a6f72415c2db', 'KALTAKQUISE', 'ACTIVE', 0, 'Funktion: Geschäftsführer/in (CEO) | Mitarbeiter: 1 bis 10 | Branche: Apotheken & Drogerien'),
('4798b43b-502e-4560-9edb-08c69d3d4f5d', '0f01caeb-0166-4ded-9d79-8351dc40e45b', 'KALTAKQUISE', 'ACTIVE', 0, 'Funktion: Geschäftsführer/in (CEO) | Mitarbeiter: 1 bis 10 | Branche: Apotheken & Drogerien'),
('382ff184-3867-4ecf-97d2-144f470811eb', 'a235a57c-5c38-4aae-9efd-d172167762d4', 'KALTAKQUISE', 'ACTIVE', 0, 'Funktion: Geschäftsführer/in (CEO) | Mitarbeiter: 1 bis 10 | Branche: Apotheken & Drogerien'),
('0120d08b-4a66-4c8c-947c-0a8e77752d1f', '1a2836e7-e0f3-4d5a-95f2-d78a4e35775b', 'KALTAKQUISE', 'ACTIVE', 0, 'Funktion: Geschäftsführer/in (CEO) | Mitarbeiter: 1 bis 10 | Branche: Apotheken & Drogerien'),
('73be9848-4ed2-4211-bff4-306ced5325a5', 'e8e2efdf-a62f-4a90-a404-65c8cebbce01', 'KALTAKQUISE', 'ACTIVE', 0, 'Funktion: Geschäftsführer/in (CEO) | Mitarbeiter: 1 bis 10 | Branche: Apotheken & Drogerien'),
('55d89bc8-a2b2-42e0-9221-c4b1d9a1ce32', '1d8c443e-def4-4aa9-9829-b42790c81a2d', 'KALTAKQUISE', 'ACTIVE', 0, 'Funktion: Geschäftsführer/in (CEO) | Mitarbeiter: 1 bis 10 | Branche: Apotheken & Drogerien | Rechtsform: Aktiengesellschaft'),
('ac584937-19f7-4765-b202-f8439c142ed6', 'b8721186-23a0-4ba6-9093-c5b1908a2bdb', 'KALTAKQUISE', 'ACTIVE', 0, 'Funktion: Geschäftsführer/in (CEO) | Mitarbeiter: 21 bis 50 | Branche: Apotheken & Drogerien | Rechtsform: Aktiengesellschaft'),
('9befef87-bda3-4ec6-b069-68b32d1e5c5c', '47f71f0d-5d10-4de4-a85a-11dcbf0ff957', 'KALTAKQUISE', 'ACTIVE', 0, 'Funktion: Geschäftsführer/in (CEO) | Mitarbeiter: 11 bis 20 | Branche: Apotheken & Drogerien | Rechtsform: Aktiengesellschaft'),
('2f19f8b2-7900-469c-a0ce-998f5e129d4f', '0356f3a5-fe39-4327-9953-d48b6bb6fd99', 'KALTAKQUISE', 'ACTIVE', 0, 'Funktion: Geschäftsführer/in (CEO) | Mitarbeiter: 1 bis 10 | Branche: Apotheken & Drogerien | Rechtsform: Aktiengesellschaft'),
('2c08bbbe-7364-40be-a911-26de5b9caf3a', '517200fb-26b7-4960-ab07-79bd69e2d410', 'KALTAKQUISE', 'ACTIVE', 0, 'Funktion: Geschäftsführer/in (CEO) | Mitarbeiter: 1 bis 10 | Branche: Apotheken & Drogerien | Rechtsform: Aktiengesellschaft'),
('a7b776c2-e4ac-49b5-beb8-cb957051103a', 'a57a02b4-3968-4044-b518-0efc4a48afc5', 'KALTAKQUISE', 'ACTIVE', 0, 'Funktion: Geschäftsführer/in (CEO) | Mitarbeiter: 1 bis 10 | Branche: Apotheken & Drogerien'),
('432a16a8-02e4-407b-bea8-a34c2436018c', '0eb3499e-d765-4e3d-b607-bffa4469ccfd', 'KALTAKQUISE', 'ACTIVE', 0, 'Funktion: Geschäftsführer/in (CEO) | Mitarbeiter: 21 bis 50 | Branche: Apotheken & Drogerien'),
('565d7635-9572-4771-9d03-7e4d909a5da3', 'f2a9d0c4-c390-47c6-bcb7-4cd3a95ef605', 'KALTAKQUISE', 'ACTIVE', 0, 'Funktion: Geschäftsführer/in (CEO) | Mitarbeiter: 21 bis 50 | Branche: Apotheken & Drogerien'),
('d5ce5586-dc36-4ca1-9fd9-9bc6b86dea73', '14ef77bc-997d-463f-988d-472d5e3cf7cc', 'KALTAKQUISE', 'ACTIVE', 0, 'Funktion: Geschäftsführer/in (CEO) | Mitarbeiter: 11 bis 20 | Branche: Apotheken & Drogerien'),
('c7bb9279-425c-498f-a61f-b802ba61d69c', 'c869b5ff-028a-46f1-8ae6-3e2200a43fbd', 'KALTAKQUISE', 'ACTIVE', 0, 'Funktion: Geschäftsführer/in (CEO) | Mitarbeiter: 1 bis 10 | Branche: IT Unternehmen | Rechtsform: Gesellschaft mit beschränkter Haftung'),
('7ea77ff3-c542-445b-b692-c484a818476e', '89dbfe39-a671-4152-8b3a-d1391f6ff71b', 'KALTAKQUISE', 'ACTIVE', 0, 'Funktion: Geschäftsführer/in (CEO) | Mitarbeiter: 51 bis 100 | Branche: IT Unternehmen / Unternehmensberater | Rechtsform: Aktiengesellschaft'),
('9789ebe8-3fd4-45ce-8887-53a85dc25807', '13ccdc12-5433-4997-ab85-9626118a49a8', 'KALTAKQUISE', 'ACTIVE', 0, 'Funktion: Geschäftsführer/in (CEO) | Mitarbeiter: 1 bis 10 | Branche: IT Unternehmen | Rechtsform: Gesellschaft mit beschränkter Haftung'),
('d55a13a5-9e2d-40e5-bf65-6ab0eb316342', 'b3d23257-a656-4859-a32a-9bd1320708ee', 'KALTAKQUISE', 'ACTIVE', 0, 'Funktion: Geschäftsführer/in (CEO) | Mitarbeiter: 21 bis 50 | Branche: Maschinenbauindustrie | Rechtsform: Aktiengesellschaft'),
('5c6f830f-3794-4f78-959e-120119edac89', '1403b211-532a-424b-a89e-922ada145012', 'KALTAKQUISE', 'ACTIVE', 0, 'Funktion: Geschäftsführer/in (CEO) | Mitarbeiter: 1 bis 10 | Branche: Elektroindustrie | Rechtsform: Aktiengesellschaft'),
('a0f38318-d8f8-4ffd-b09a-b3041ec74e69', 'e716bcea-a4db-46c8-b585-9494d5d72a4f', 'KALTAKQUISE', 'ACTIVE', 0, 'Funktion: Gesamtleitung/Direktion | Mitarbeiter: 1 bis 10 | Branche: Hotels / Restaurants'),
('a9799091-c7fe-4169-aa28-bde5c5421247', 'ad2587d1-66e4-44d5-8efc-18439bae44c0', 'KALTAKQUISE', 'ACTIVE', 0, 'Funktion: Gesamtleitung/Direktion | Mitarbeiter: 1 bis 10 | Branche: Hotels'),
('bbf05ffd-df88-422f-b093-bcee9aac5432', '19a90203-16d1-43ad-a2e5-219331af94f2', 'KALTAKQUISE', 'ACTIVE', 0, 'Funktion: Geschäftsführer/in (CEO) | Mitarbeiter: 21 bis 50 | Branche: Museum & Theater'),
('118beccc-a002-4ade-8f9e-a55d843f8c6e', '1be6d77b-c4ab-4558-9b11-bf8a45f4e412', 'KALTAKQUISE', 'ACTIVE', 0, 'Funktion: Geschäftsführer/in (CEO) | Mitarbeiter: 1 bis 10 | Branche: Getränkeindustrie | Rechtsform: Gesellschaft mit beschränkter Haftung'),
('a8d0f9c5-b834-4d61-a8cf-9859f0290cee', 'cc89f5c1-e7db-4f4e-8321-8520a4f7b98e', 'KALTAKQUISE', 'ACTIVE', 0, 'Funktion: Geschäftsführer/in (CEO) | Mitarbeiter: 1 bis 10 | Branche: Getränkeindustrie | Rechtsform: Aktiengesellschaft'),
('ebc0a3ca-8cf6-401b-af42-a9cc14c30a38', 'e5c19d71-4fe1-4ed1-bc99-286d5861f197', 'KALTAKQUISE', 'ACTIVE', 0, 'Funktion: Geschäftsführer/in (CEO) | Mitarbeiter: 1 bis 10 | Branche: Lebensmittelverarbeitung | Rechtsform: Aktiengesellschaft'),
('897b65ef-dcf5-48e5-9ecb-7c3580ea9177', 'de3fd963-9fa1-4881-9001-df3eed080ac5', 'KALTAKQUISE', 'ACTIVE', 0, 'Funktion: Geschäftsführer/in (CEO) | Mitarbeiter: 1 bis 10 | Branche: Lebensmittelverarbeitung | Rechtsform: Aktiengesellschaft'),
('cc99fb4e-d76c-4a8a-9fb6-f9d5b31a415b', 'b3c44335-dfe6-42d3-9d71-2573e1b4f911', 'KALTAKQUISE', 'ACTIVE', 0, 'Funktion: Geschäftsführer/in (CEO) | Mitarbeiter: 11 bis 20 | Branche: Gartenbau & -pflege | Rechtsform: Aktiengesellschaft'),
('2a3fd629-b33c-4f80-8bb3-602fdfc00764', '79544709-4073-40bc-a7dc-4c4a4f9f0bee', 'KALTAKQUISE', 'ACTIVE', 0, 'Funktion: Geschäftsführer/in (CEO) | Mitarbeiter: 21 bis 50 | Branche: Schreinerei- & Holzbaubetriebe | Rechtsform: Gesellschaft mit beschränkter Haftung'),
('71f86654-fecf-40ec-9152-2b722e49f62d', 'c4ff83da-a4c1-40fa-8439-e51894bdd87d', 'KALTAKQUISE', 'ACTIVE', 0, 'Funktion: Geschäftsführer/in (CEO) | Mitarbeiter: 1 bis 10 | Branche: Medizintechnik-Industrie | Rechtsform: Aktiengesellschaft'),
('0b8a6e14-0c2e-4047-84ba-9b86c1339310', '8ced55ce-c7f0-4fc3-9794-4c730795ec97', 'KALTAKQUISE', 'ACTIVE', 0, 'Funktion: Geschäftsführer/in (CEO) | Mitarbeiter: 1 bis 10 | Branche: Online Shops | Rechtsform: Gesellschaft mit beschränkter Haftung'),
('8a6e57af-194c-49a2-8daf-628315d2a8ad', '9f4fffc6-3ce3-4523-9295-3edc020e43e2', 'KALTAKQUISE', 'ACTIVE', 0, 'Funktion: Chefredaktion | Mitarbeiter: 1 bis 10 | Branche: Zeitungen & Zeitschriften'),
('83d27aa4-bc47-4521-ae97-8c58de8ee121', '1db8b08f-d42e-4a23-b1e4-57511dc7132e', 'KALTAKQUISE', 'ACTIVE', 0, 'Funktion: Geschäftsführer/in (CEO) | Mitarbeiter: 1 bis 10 | Branche: Lebensmittelverarbeitung | Rechtsform: Aktiengesellschaft'),
('4a1af5e6-7251-48f3-bf48-4e33f05f9904', '1a678bca-c0d7-4176-b210-6ef7b013ba8d', 'KALTAKQUISE', 'ACTIVE', 0, 'Funktion: Geschäftsführer/in (CEO) | Mitarbeiter: 1 bis 10 | Branche: Chemieindustrie | Rechtsform: Aktiengesellschaft'),
('1dee533b-d6db-4bf1-b482-b59a87017423', '87f99fe4-1205-4c26-839f-39aa321b391d', 'KALTAKQUISE', 'ACTIVE', 0, 'Funktion: Inhaber/in (Owner/Founder) | Mitarbeiter: 1 bis 10 | Branche: Gartenbau & -pflege'),
('7b957b93-7a2e-455c-a9a1-7c31514588a8', 'f678e5ac-57bf-4036-ac97-866b9f983e3a', 'KALTAKQUISE', 'ACTIVE', 0, 'Funktion: Geschäftsführer/in (CEO) | Mitarbeiter: 11 bis 20 | Branche: Museum & Theater / Restaurants | Rechtsform: Aktiengesellschaft'),
('d2a70c25-a35b-4b83-a4c3-bb79ff093253', '679354dc-152f-4302-813f-209aa8e78ad1', 'KALTAKQUISE', 'ACTIVE', 0, 'Funktion: Geschäftsführer/in (CEO) | Mitarbeiter: 1 bis 10 | Branche: Treuhandbüros / Unternehmensberater | Rechtsform: Aktiengesellschaft'),
('13fa01b5-69f5-47d4-8225-94517017fd9f', '777c2a89-9a3b-43ca-b54d-9ce16950483b', 'KALTAKQUISE', 'ACTIVE', 0, 'Funktion: Geschäftsführer/in (CEO) | Mitarbeiter: 11 bis 20 | Branche: Versicherungen | Rechtsform: Genossenschaft'),
('ce8e3163-b2ce-45a7-9bbf-46dc81674afa', 'e848f281-5bee-4e3b-be6b-20a45822aea2', 'KALTAKQUISE', 'ACTIVE', 0, 'Funktion: Chefredaktion | Mitarbeiter: 11 bis 20 | Branche: Zeitungen & Zeitschriften'),
('1d5b99bf-158c-4dcb-9e14-fe175a78c085', '43061b25-ce0f-49f2-b4f1-79747f12df22', 'KALTAKQUISE', 'ACTIVE', 0, 'Funktion: Geschäftsführer/in (CEO) | Mitarbeiter: 11 bis 20 | Branche: Museum & Theater | Rechtsform: Genossenschaft'),
('764dc831-ab96-407d-b23b-cfd695c8fb9f', '8be515b5-9ff1-47a1-a670-8eb0f3df87b1', 'KALTAKQUISE', 'ACTIVE', 0, 'Funktion: Chefredaktion | Mitarbeiter: 21 bis 50 | Branche: Zeitungen & Zeitschriften'),
('52ac0c6e-109f-4c2f-bb13-6e454c4a2c56', 'e2bf12b6-74c4-4a75-ab96-48ab4d96d05a', 'KALTAKQUISE', 'ACTIVE', 0, 'Funktion: Geschäftsführer/in (CEO) | Mitarbeiter: 1 bis 10 | Branche: Lebensmittelverarbeitung | Rechtsform: Aktiengesellschaft'),
('14a297ef-1bb9-436d-a806-56bfc6faa2cc', 'e22e1385-fc89-439f-b0c8-717b9cef3f24', 'KALTAKQUISE', 'ACTIVE', 0, 'Funktion: Geschäftsführer/in (CEO) | Mitarbeiter: 51 bis 100 | Branche: Baugeschäfte | Rechtsform: Schweizerische Zweigniederlassung'),
('e999a2ae-dc05-4f71-8402-c6d4e88db8e9', '65276346-e206-458c-9d14-b6405cc23ded', 'KALTAKQUISE', 'ACTIVE', 0, 'Funktion: Geschäftsführer/in (CEO) | Mitarbeiter: 11 bis 20 | Branche: Bau- & Projektmanagement / General- & Totalunternehmungen / Immobilienprojektentwicklung / Bauherrenvertretung | Rechtsform: Aktiengesellschaft'),
('1c58da5a-66a9-4262-8e25-922b46c7e0d3', 'fa929f86-c3aa-4e02-b28f-5c0d45e4e4fd', 'KALTAKQUISE', 'ACTIVE', 0, 'Funktion: Geschäftsführer/in (CEO) | Mitarbeiter: 1 bis 10 | Branche: Schreinerei- & Holzbaubetriebe | Rechtsform: Aktiengesellschaft'),
('c39d3c62-ea40-4d39-8734-d4758219012f', '0732cff6-8c53-47c3-8f05-968b86ae3096', 'KALTAKQUISE', 'ACTIVE', 0, 'Funktion: Geschäftsführer/in (CEO) | Mitarbeiter: 1 bis 10 | Branche: Architekturbüros | Rechtsform: Aktiengesellschaft'),
('beede009-cf30-4280-b52f-82ac5e0674aa', '598698b2-3fc2-44fc-a978-e8b3039ffef9', 'KALTAKQUISE', 'ACTIVE', 0, 'Funktion: Geschäftsführer/in (CEO) | Mitarbeiter: 1 bis 10 | Branche: Hofläden & Bauernhöfe | Rechtsform: Einzelunternehmen'),
('825f3a9a-2336-481a-97ac-dd442b4880f9', '320d925d-7f0a-417b-8390-5cf97738bd69', 'KALTAKQUISE', 'ACTIVE', 0, 'Funktion: Geschäftsführer/in (CEO) | Mitarbeiter: 21 bis 50 | Branche: FinTech | Rechtsform: Aktiengesellschaft'),
('f9275632-ae62-47da-83f9-0d7d5d6f7bd1', '243d5432-441b-4a48-8fac-6a6ce40b90d8', 'KALTAKQUISE', 'ACTIVE', 0, 'Funktion: Geschäftsführer/in (CEO) | Mitarbeiter: 1 bis 10 | Branche: Werbeagenturen | Rechtsform: Gesellschaft mit beschränkter Haftung'),
('8de4254c-4f3b-49e0-be59-20026014f586', 'd6327a63-d3d3-45f8-8551-813682b94b63', 'KALTAKQUISE', 'ACTIVE', 0, 'Funktion: Geschäftsführer/in (CEO) | Mitarbeiter: Mehr als 500 | Branche: Top 2''000 CH-Unternehmen | Rechtsform: Aktiengesellschaft'),
('db4a9564-7be7-4eac-b4e2-51fc2fdd2150', 'fbeaa3ff-d6b7-4064-b7d9-35d0d217c0ea', 'KALTAKQUISE', 'ACTIVE', 0, 'Funktion: Geschäftsführer/in (CEO) | Mitarbeiter: 11 bis 20 | Branche: Online Shops | Rechtsform: Einzelunternehmen'),
('7ec2cdd1-01c5-4600-b231-365bfd9aec3b', '929d5df8-f5ed-400a-b7ed-dbf47bbc6e69', 'KALTAKQUISE', 'ACTIVE', 0, 'Funktion: Geschäftsführer/in (CEO) | Mitarbeiter: 51 bis 100 | Branche: Life-Science-Industrie | Rechtsform: Aktiengesellschaft'),
('940e10ba-a3c0-479f-b710-b6b0181f2cdd', '1605aabc-4b34-4e8d-b828-a97eead4ae49', 'KALTAKQUISE', 'ACTIVE', 0, 'Funktion: Geschäftsführer/in (CEO) | Mitarbeiter: 1 bis 10 | Branche: Unternehmensberater | Rechtsform: Aktiengesellschaft'),
('4fbe06f8-3e8b-43e1-8db1-7a3b4ac3cc9f', '9d3e8549-ca6a-4aa2-940d-ddaf164a7cb6', 'KALTAKQUISE', 'ACTIVE', 0, 'Funktion: Geschäftsführer/in (CEO) | Mitarbeiter: 1 bis 10 | Branche: Zeitungen & Zeitschriften'),
('73b1269d-a708-4e41-8dfa-68313601ac78', 'd7a0b4b7-2723-4004-98bd-20e37d84c943', 'KALTAKQUISE', 'ACTIVE', 0, 'Funktion: Geschäftsführer/in (CEO) | Mitarbeiter: 1 bis 10 | Branche: Maler- & Gipsergeschäfte | Rechtsform: Einzelunternehmen'),
('549ba064-c812-4070-8c1a-340825ce38d7', 'ff2e69a4-547b-4d3e-bd03-1d54c56fa7f2', 'KALTAKQUISE', 'ACTIVE', 0, 'Funktion: Geschäftsführer/in (CEO) | Mitarbeiter: 1 bis 10 | Branche: Architekturbüros / Innenausstatter'),
('f7e56bf9-f7f7-4158-9357-579b2ee81dba', '8bb855df-078f-4ff7-b3df-b31aedc9c238', 'KALTAKQUISE', 'ACTIVE', 0, 'Funktion: Geschäftsführer/in (CEO) | Mitarbeiter: 11 bis 20 | Branche: Chemieindustrie | Rechtsform: Gesellschaft mit beschränkter Haftung'),
('c1eba812-7075-4dbd-a6c4-c96383a4411d', 'f16b3d92-fff7-43da-888a-0bef874cfa91', 'KALTAKQUISE', 'ACTIVE', 0, 'Funktion: Geschäftsführer/in (CEO) | Mitarbeiter: 1 bis 10 | Branche: Maschinenbauindustrie'),
('d861511e-5d06-4733-a54e-3d8ef10020e1', 'fee103d0-fdd8-499c-a204-db1f458463be', 'KALTAKQUISE', 'ACTIVE', 0, 'Funktion: Geschäftsführer/in (CEO) | Mitarbeiter: 21 bis 50 | Branche: Physiotherapie | Rechtsform: Gesellschaft mit beschränkter Haftung'),
('49c8b1f4-055a-408a-8667-b236f3d3942c', 'ea37ca3a-b956-49b7-ae7c-202c7d090aea', 'KALTAKQUISE', 'ACTIVE', 0, 'Funktion: Geschäftsführer/in (CEO) | Mitarbeiter: 21 bis 50 | Branche: Elektroindustrie | Rechtsform: Gesellschaft mit beschränkter Haftung'),
('b3b90476-e2ea-4890-877f-e73eb74ae784', 'c2683b03-3377-4684-bc72-60bc17f3ac4d', 'KALTAKQUISE', 'ACTIVE', 0, 'Funktion: Geschäftsführer/in (CEO) | Mitarbeiter: 1 bis 10 | Branche: Unternehmensberater | Rechtsform: Gesellschaft mit beschränkter Haftung'),
('33be7fb7-13f1-482a-83ce-39ced011af37', '5e88e99c-5294-4c80-9a4b-809bd0cc25b0', 'KALTAKQUISE', 'ACTIVE', 0, 'Funktion: Geschäftsführer/in (CEO) | Mitarbeiter: 1 bis 10 | Branche: Werbeagenturen | Rechtsform: Aktiengesellschaft'),
('38a8d307-d22a-4446-9d9d-b834fa1433fe', 'b4cc4a19-0d49-4f36-bcd8-4a6cee281c1b', 'KALTAKQUISE', 'ACTIVE', 0, 'Funktion: Geschäftsführer/in (CEO) | Mitarbeiter: 1 bis 10 | Branche: Boden- & Plattenleger'),
('2356d055-fe28-43ad-831c-87582f2cd8ef', '052abc15-2b68-479c-a66b-8804725df22e', 'KALTAKQUISE', 'ACTIVE', 0, 'Funktion: Geschäftsführer/in (CEO) | Mitarbeiter: 1 bis 10 | Branche: IT Unternehmen | Rechtsform: Gesellschaft mit beschränkter Haftung'),
('881cf5d0-2761-4cfb-93bc-ff143b2999d0', '20548638-db8d-4c5f-8885-fe8559779bfd', 'KALTAKQUISE', 'ACTIVE', 0, 'Funktion: Geschäftsführer/in (CEO) | Mitarbeiter: 51 bis 100 | Branche: IT Unternehmen | Rechtsform: Aktiengesellschaft'),
('ee45f344-af4b-4cb4-bd3e-9cb466f9eec1', '2fbe23ea-4639-4b28-9d8c-d069ac30d9ab', 'KALTAKQUISE', 'ACTIVE', 0, 'Funktion: Geschäftsführer/in (CEO) | Mitarbeiter: 1 bis 10 | Branche: Spitex'),
('700bcd2a-b70e-4459-b1bf-46a92904c10c', 'e9e6c4a2-881b-45d6-a87d-a73f6010bff0', 'KALTAKQUISE', 'ACTIVE', 0, 'Funktion: Geschäftsführer/in (CEO) | Mitarbeiter: 1 bis 10 | Branche: Psychiatrie & Psychotherapie | Rechtsform: Gesellschaft mit beschränkter Haftung'),
('605eeb53-3ede-4668-84a8-3d195a775a31', '62bf20ee-3ffa-4a87-925c-9a3c34254c04', 'KALTAKQUISE', 'ACTIVE', 0, 'Funktion: Geschäftsführer/in (CEO) | Mitarbeiter: 1 bis 10 | Branche: Bio-Betriebe | Rechtsform: Aktiengesellschaft'),
('0d2aeff0-4caf-4abb-b1b5-23a11853a7dd', 'e0cf5379-6170-4a65-8593-1abc98964ada', 'KALTAKQUISE', 'ACTIVE', 0, 'Funktion: Geschäftsführer/in (CEO) | Mitarbeiter: 1 bis 10 | Branche: Medizintechnik-Industrie | Rechtsform: Aktiengesellschaft'),
('432cfc22-151b-4a32-884b-0168d6fddd66', '083e9ade-44fa-4b4f-9648-6c5c1691f4db', 'KALTAKQUISE', 'ACTIVE', 0, 'Funktion: Geschäftsführer/in (CEO) | Mitarbeiter: 11 bis 20 | Branche: Treuhandbüros / Unternehmensberater / Immobilienverwaltung / Immobilienvermittlung | Rechtsform: Aktiengesellschaft'),
('5f86280f-1135-4fe3-9c37-ed014317825d', '5659fb2b-b415-4966-8e0e-ca149b9eb3ad', 'KALTAKQUISE', 'ACTIVE', 0, 'Funktion: Geschäftsführer/in (CEO) | Mitarbeiter: 101 bis 500 | Branche: Elektroindustrie / IT Unternehmen | Rechtsform: Aktiengesellschaft'),
('ffdd80d5-889e-42ff-a0c7-96900742d3f0', 'b769d33a-7508-4dba-b448-dd93e1f7c5b7', 'KALTAKQUISE', 'ACTIVE', 0, 'Funktion: Geschäftsführer/in (CEO) | Mitarbeiter: 101 bis 500 | Branche: Life-Science-Industrie | Rechtsform: Aktiengesellschaft'),
('7a6d48a4-07c6-42c5-882c-52b9e3cc6a7a', '27cf2f39-2440-49d9-8db4-27277062ffaf', 'KALTAKQUISE', 'ACTIVE', 0, 'Funktion: Geschäftsführer/in (CEO) | Mitarbeiter: 1 bis 10 | Branche: Architekturbüros'),
('8ea4c3f2-d8ab-44e2-9c53-881dabdd4b49', '9b717211-d818-4b11-9310-b246291823de', 'KALTAKQUISE', 'ACTIVE', 0, 'Funktion: Geschäftsführer/in (CEO) | Mitarbeiter: 1 bis 10 | Branche: Werbeagenturen | Rechtsform: Gesellschaft mit beschränkter Haftung'),
('8f299f2d-c362-414a-b70e-f2e7162b4982', '3fbfafe5-902d-493a-832a-3f2bd1861a86', 'KALTAKQUISE', 'ACTIVE', 0, 'Funktion: Geschäftsführer/in (CEO) | Mitarbeiter: 1 bis 10 | Branche: Coiffeursalons | Rechtsform: Einzelunternehmen'),
('cf689ac4-6f78-492f-8b7b-7e156c521aaa', '0bf37e03-d908-4169-bf20-08049ba52578', 'KALTAKQUISE', 'ACTIVE', 0, 'Funktion: Geschäftsführer/in (CEO) | Mitarbeiter: 1 bis 10 | Branche: Unternehmensberater'),
('7e0819c7-ace8-484a-82e9-8b092b6d97e6', '101e59df-0a3e-43f3-94ae-718727b8796f', 'KALTAKQUISE', 'ACTIVE', 0, 'Funktion: Geschäftsführer/in (CEO) | Mitarbeiter: 1 bis 10 | Branche: Druckereibetriebe | Rechtsform: Einzelunternehmen'),
('e675d033-eca3-4fd0-9385-0fa1cfa5a5cd', 'a85c90a9-9f68-4f45-9e68-e513f5f540d0', 'KALTAKQUISE', 'ACTIVE', 0, 'Funktion: Geschäftsführer/in (CEO) | Mitarbeiter: 1 bis 10 | Branche: Tierarztpraxen'),
('58c3c86a-dd8e-48b4-9d5c-3d057b94bde6', 'bed60b86-c280-4864-bce8-a7603f918d62', 'KALTAKQUISE', 'ACTIVE', 0, 'Funktion: Geschäftsführer/in (CEO) | Mitarbeiter: 1 bis 10 | Branche: Architekturbüros / Innenausstatter'),
('40b375be-5f4b-48c0-9487-581e00766bf0', 'b9ddd35c-f8e0-4e99-9de8-579850443a3e', 'KALTAKQUISE', 'ACTIVE', 0, 'Funktion: Geschäftsführer/in (CEO) | Mitarbeiter: 21 bis 50 | Branche: Divers'),
('163c3ee7-622e-4a53-9cee-dbd4c55a0c25', 'fe1e8d30-4ecf-492d-a41b-ae9d4a2fe110', 'KALTAKQUISE', 'ACTIVE', 0, 'Funktion: Geschäftsführer/in (CEO) | Mitarbeiter: 11 bis 20 | Branche: Elektroindustrie / Maschinenbauindustrie | Rechtsform: Aktiengesellschaft'),
('acc77711-48cf-4686-ba0d-5d401d13352b', '2cfe0a1c-6274-46fe-b208-2a218af08649', 'KALTAKQUISE', 'ACTIVE', 0, 'Funktion: Geschäftsführer/in (CEO) | Mitarbeiter: 1 bis 10 | Branche: Treuhandbüros | Rechtsform: Aktiengesellschaft'),
('2649cefc-b11c-4374-b806-3e14b1d3fde1', 'c917cbfc-bf35-4468-964c-559194bd92d6', 'KALTAKQUISE', 'ACTIVE', 0, 'Funktion: Geschäftsführer/in (CEO) | Mitarbeiter: 1 bis 10 | Branche: Schreinerei- & Holzbaubetriebe'),
('10163338-4063-4614-83cb-65ece0687e01', '6fd25da7-c41f-46de-a3a2-3cb43e2d7478', 'KALTAKQUISE', 'ACTIVE', 0, 'Funktion: Geschäftsführer/in (CEO) | Mitarbeiter: 21 bis 50 | Branche: Bauingenieurbüros | Rechtsform: Gesellschaft mit beschränkter Haftung'),
('721ac60f-1845-4cf5-8ef7-6d19d7260397', '237845be-2d54-49a6-9ed6-92aea7dacd2b', 'KALTAKQUISE', 'ACTIVE', 0, 'Funktion: Geschäftsführer/in (CEO) | Mitarbeiter: 1 bis 10 | Branche: Unternehmensberater | Rechtsform: Aktiengesellschaft'),
('7c4f25f7-f678-417f-baae-beab19859b46', 'a64a18cb-b09e-4cea-a524-511987494de8', 'KALTAKQUISE', 'ACTIVE', 0, 'Funktion: Geschäftsführer/in (CEO) | Mitarbeiter: 21 bis 50 | Branche: Divers | Rechtsform: Aktiengesellschaft'),
('85f75fcd-a9ac-42aa-97a9-39d2310b7b8c', '325ccf2e-f755-42eb-bb90-6064b96d8673', 'KALTAKQUISE', 'ACTIVE', 0, 'Funktion: Geschäftsführer/in (CEO) | Mitarbeiter: 1 bis 10 | Branche: Sanitär & Haustechnik | Rechtsform: Gesellschaft mit beschränkter Haftung'),
('6bdb1ef1-59ef-4661-9214-494fc2d54d31', '0c5d9763-a4ce-452a-b6d3-8c9e38b2d897', 'KALTAKQUISE', 'ACTIVE', 0, 'Funktion: Geschäftsführer/in (CEO) | Mitarbeiter: 11 bis 20 | Branche: Elektroindustrie | Rechtsform: Gesellschaft mit beschränkter Haftung'),
('40340437-0512-40d6-ac44-aec72e6e13bf', '1111061c-5fba-426f-bfd2-8e14246cbd88', 'KALTAKQUISE', 'ACTIVE', 0, 'Funktion: Geschäftsführer/in (CEO) | Mitarbeiter: 101 bis 500 | Branche: Kunststoffindustrie | Rechtsform: Aktiengesellschaft'),
('99d36bbf-8cf7-4ee0-9681-4c7021b7b9c3', '76ec9c8d-f6af-492c-bb12-7049fbee596c', 'KALTAKQUISE', 'ACTIVE', 0, 'Funktion: Geschäftsführer/in (CEO) | Mitarbeiter: 11 bis 20 | Branche: Online Shops | Rechtsform: Gesellschaft mit beschränkter Haftung'),
('09341813-b05a-4543-a0f3-087de89c9671', '46817263-1954-4995-861b-466bfc8d39f1', 'KALTAKQUISE', 'ACTIVE', 0, 'Funktion: Geschäftsführer/in (CEO) | Mitarbeiter: 1 bis 10 | Branche: Werbeagenturen | Rechtsform: Aktiengesellschaft'),
('49567f80-fbf1-40ef-af21-288909cc36fc', '32343aa5-2cc0-48f6-a5ad-5fc4ee5ec579', 'KALTAKQUISE', 'ACTIVE', 0, 'Funktion: Geschäftsführer/in (CEO) | Mitarbeiter: 21 bis 50 | Branche: Maschinenbauindustrie | Rechtsform: Aktiengesellschaft'),
('f828352b-9782-409f-b78b-295210703c0f', '94502aeb-15da-4446-a633-9c2ce4aa69af', 'KALTAKQUISE', 'ACTIVE', 0, 'Funktion: Chefredaktion | Mitarbeiter: 1 bis 10 | Branche: Zeitungen & Zeitschriften'),
('36eca396-a802-40d5-bddc-0ac169af8540', '93a0a04f-ae0a-444f-b514-9ff57b408905', 'KALTAKQUISE', 'ACTIVE', 0, 'Funktion: Geschäftsführer/in (CEO) | Mitarbeiter: 11 bis 20 | Branche: NGO & NPO | Rechtsform: Verein'),
('54e5b9c5-4ffc-48f1-900a-ada805ea2361', 'bf7bd1a3-2bcd-4d18-ae76-f60ca728913c', 'KALTAKQUISE', 'ACTIVE', 0, 'Funktion: Geschäftsführer/in (CEO) | Mitarbeiter: 1 bis 10 | Branche: Schwimmbäder'),
('2434ba4e-6e81-4553-a888-705db6a27c40', 'f82ff995-724e-4e18-a5f2-f8525597cac6', 'KALTAKQUISE', 'ACTIVE', 0, 'Funktion: Geschäftsführer/in (CEO) | Mitarbeiter: 11 bis 20 | Branche: Maschinenbauindustrie / Online Shops | Rechtsform: Aktiengesellschaft'),
('24a7bc97-50dc-4115-b728-e3284c02102e', '0a6b741d-0698-4751-bf74-83d581f6b0e7', 'KALTAKQUISE', 'ACTIVE', 0, 'Funktion: Geschäftsführer/in (CEO) | Mitarbeiter: 11 bis 20 | Branche: Facility Management & Reinigungsfirmen'),
('da57acda-a3b4-452f-af7c-2906213b9720', '5de361f6-3f73-4713-9e91-909c5cdb73e3', 'KALTAKQUISE', 'ACTIVE', 0, 'Funktion: Geschäftsführer/in (CEO) | Mitarbeiter: 1 bis 10 | Branche: Maschinenbauindustrie | Rechtsform: Aktiengesellschaft'),
('7ab72b26-86fe-4974-abb9-ba36521caa23', 'b2c526b3-2ddb-4821-ae92-ac2b83d0d6bd', 'KALTAKQUISE', 'ACTIVE', 0, 'Funktion: Geschäftsführer/in (CEO) | Mitarbeiter: 11 bis 20 | Branche: Online Shops | Rechtsform: Aktiengesellschaft'),
('938e33d4-0c90-4040-ada3-6503f3e6cc4f', '609d7996-6a25-4ad5-af17-9a4312d991f9', 'KALTAKQUISE', 'ACTIVE', 0, 'Funktion: Geschäftsführer/in (CEO) | Mitarbeiter: 1 bis 10 | Branche: Sanitär & Haustechnik | Rechtsform: Gesellschaft mit beschränkter Haftung'),
('7f7294b5-fd3f-46f2-a96b-8171c2656b28', '23917032-3ae1-453f-bfba-317739c7894c', 'KALTAKQUISE', 'ACTIVE', 0, 'Funktion: Geschäftsführer/in (CEO) | Mitarbeiter: 21 bis 50 | Branche: Nachhaltigkeitsbereich / Online Shops | Rechtsform: Gesellschaft mit beschränkter Haftung'),
('ada3c3fe-552d-4f59-81ab-fddfa5343080', '0a8056da-a94a-4e3b-9eeb-2b56504aad2d', 'KALTAKQUISE', 'ACTIVE', 0, 'Funktion: Geschäftsführer/in (CEO) | Mitarbeiter: 1 bis 10 | Branche: Sanitär & Haustechnik | Rechtsform: Gesellschaft mit beschränkter Haftung'),
('9d300c8d-7f60-49ef-af9a-dc401d1bfbb0', '840647a6-8588-4de9-b25d-12b0cfbd0767', 'KALTAKQUISE', 'ACTIVE', 0, 'Funktion: Geschäftsführer/in (CEO) | Mitarbeiter: 21 bis 50 | Branche: Nachhaltigkeitsbereich'),
('a0165a5a-b993-44fd-883e-1d22d4493dc2', 'a70313e3-5c2b-47a2-93e5-b20dd1e565bc', 'KALTAKQUISE', 'ACTIVE', 0, 'Funktion: Geschäftsführer/in (CEO) | Mitarbeiter: 1 bis 10 | Branche: Sanitär & Haustechnik | Rechtsform: Gesellschaft mit beschränkter Haftung'),
('072ce46c-6c5f-4972-8fe9-a838a7f69ff7', '0e2197b6-b839-4911-8931-a95077c17f94', 'KALTAKQUISE', 'ACTIVE', 0, 'Funktion: Geschäftsführer/in (CEO) | Mitarbeiter: 1 bis 10 | Branche: Schwimmbäder'),
('ce45f6af-8b89-4179-8be9-536ccc9b2818', '6466185f-0880-48a3-9cd4-14e4948b7cb0', 'KALTAKQUISE', 'ACTIVE', 0, 'Funktion: Geschäftsführer/in (CEO) | Mitarbeiter: 1 bis 10 | Branche: Lebensmittelverarbeitung | Rechtsform: Aktiengesellschaft'),
('2eef01c6-204b-4398-9184-b1f4697b2050', 'a005cf6c-58c9-4538-9556-d8fff0cab03a', 'KALTAKQUISE', 'ACTIVE', 0, 'Funktion: Geschäftsführer/in (CEO) | Mitarbeiter: 1 bis 10 | Branche: Maschinenbauindustrie | Rechtsform: Aktiengesellschaft'),
('918a9089-b59b-4b0f-9b05-7e8ce648340c', '6bc39080-4cd5-4c57-b376-15c3594088d0', 'KALTAKQUISE', 'ACTIVE', 0, 'Funktion: Geschäftsführer/in (CEO) | Mitarbeiter: 11 bis 20 | Branche: Maschinenbauindustrie | Rechtsform: Aktiengesellschaft'),
('30c5d1c6-9329-4774-bf1f-f385a1df0620', '5ec00a22-ea82-4ccf-a034-22051936a45d', 'KALTAKQUISE', 'ACTIVE', 0, 'Funktion: Geschäftsführer/in (CEO) | Mitarbeiter: 1 bis 10 | Branche: Maschinenbauindustrie | Rechtsform: Aktiengesellschaft'),
('81892c2d-6a5a-401f-b219-cb61bd247970', '679368b0-85b8-4ff0-9c5c-be5f789493b3', 'KALTAKQUISE', 'ACTIVE', 0, 'Funktion: Geschäftsführer/in (CEO) | Mitarbeiter: 1 bis 10 | Branche: Sanitär & Haustechnik'),
('a05de6af-4815-419a-aa02-0190166ef02b', '6e40c06f-ce1b-4bf5-8782-b04e20907b6c', 'KALTAKQUISE', 'ACTIVE', 0, 'Funktion: Geschäftsführer/in (CEO) | Mitarbeiter: 1 bis 10 | Branche: Coiffeursalons | Rechtsform: Aktiengesellschaft'),
('e2f09bf1-2622-4ebc-92e5-815824298755', '240e85bd-f8dd-4b9a-b4c6-63918603654c', 'KALTAKQUISE', 'ACTIVE', 0, 'Funktion: Geschäftsführer/in (CEO) | Mitarbeiter: 11 bis 20 | Branche: Fonds & sonstige Finanzinstitute | Rechtsform: Aktiengesellschaft'),
('7ed5a0be-9b33-4c31-bcc9-9eca601ead52', '441eaf54-b7ef-4a21-adc1-41deda9eba47', 'KALTAKQUISE', 'ACTIVE', 0, 'Funktion: Geschäftsführer/in (CEO) | Mitarbeiter: 21 bis 50 | Branche: Maschinenbauindustrie | Rechtsform: Aktiengesellschaft'),
('e016b9c3-7bc3-49bb-b915-b343b2989fa6', 'f81bc192-f80d-4d31-9e31-1255638a098a', 'KALTAKQUISE', 'ACTIVE', 0, 'Funktion: Geschäftsführer/in (CEO) | Mitarbeiter: 1 bis 10 | Branche: IT Unternehmen | Rechtsform: Aktiengesellschaft'),
('f054d245-169f-4a26-884a-aa1014e8a734', 'd59bfc1c-9eaf-43c4-8243-e07e44887939', 'KALTAKQUISE', 'ACTIVE', 0, 'Funktion: Geschäftsführer/in (CEO) | Mitarbeiter: 1 bis 10 | Branche: Sanitär & Haustechnik | Rechtsform: Gesellschaft mit beschränkter Haftung'),
('accdafce-cf34-44ae-8fb9-cb14db2fef2a', '40b124f7-5164-4158-8d22-c37c6e31ea94', 'KALTAKQUISE', 'ACTIVE', 0, 'Funktion: Geschäftsführer/in (CEO) | Mitarbeiter: 1 bis 10 | Branche: Bauingenieurbüros / Sanitär & Haustechnik | Rechtsform: Gesellschaft mit beschränkter Haftung'),
('9a047ed3-d61a-42d3-86f8-19178cab07f6', '42b408d1-a34f-423b-a382-a68de6745100', 'KALTAKQUISE', 'ACTIVE', 0, 'Funktion: Geschäftsführer/in (CEO) | Mitarbeiter: 1 bis 10 | Branche: Getränkeindustrie | Rechtsform: Aktiengesellschaft'),
('68ee079c-c7ff-4661-a09f-92fed561f41b', '7cf16ffd-b73b-46e0-b001-dc9fc5580465', 'KALTAKQUISE', 'ACTIVE', 0, 'Funktion: Geschäftsführer/in (CEO) | Mitarbeiter: 1 bis 10 | Branche: Druckereibetriebe'),
('62757ee6-cde8-46b5-b501-94e868406970', 'ac80ee6a-0455-4044-b5b9-617494b71513', 'KALTAKQUISE', 'ACTIVE', 0, 'Funktion: Geschäftsführer/in (CEO) | Mitarbeiter: 1 bis 10 | Branche: Nachhaltigkeitsbereich'),
('591e3a3b-0a2d-4553-955e-950b7fafb40f', 'c224162f-9f2c-4047-ba79-f6992fdc12e3', 'KALTAKQUISE', 'ACTIVE', 0, 'Funktion: Geschäftsführer/in (CEO) | Mitarbeiter: 1 bis 10 | Branche: Sanitär & Haustechnik | Rechtsform: Einzelunternehmen'),
('04474a78-1e3f-4656-9d5b-97ecb95de1f6', 'c00d183e-e215-45d8-ac91-57919461d1fe', 'KALTAKQUISE', 'ACTIVE', 0, 'Funktion: Geschäftsführer/in (CEO) | Mitarbeiter: 1 bis 10 | Branche: Schwimmbäder'),
('3599d4b1-9b52-4b0e-8992-2deb0d19d352', '303fced3-1ab3-4503-ad7e-9e284152e3b5', 'KALTAKQUISE', 'ACTIVE', 0, 'Funktion: Geschäftsführer/in (CEO) | Mitarbeiter: 1 bis 10 | Branche: Schwimmbäder'),
('1f2d914e-9b21-4e6d-8128-f64f4efcbfe3', 'b7a239fa-d312-486d-950c-6debcd99ca0f', 'KALTAKQUISE', 'ACTIVE', 0, 'Funktion: Geschäftsführer/in (CEO) | Mitarbeiter: 1 bis 10 | Branche: Online Shops | Rechtsform: Aktiengesellschaft'),
('2efa6aff-8725-4c86-8fbf-b407c750c417', 'ce180444-ffb7-4917-886f-50f7c503773a', 'KALTAKQUISE', 'ACTIVE', 0, 'Funktion: Geschäftsführer/in (CEO) | Mitarbeiter: 1 bis 10 | Branche: Sanitär & Haustechnik | Rechtsform: Aktiengesellschaft'),
('f7e716aa-2ec1-4543-81df-f093728989e0', '22bde2bd-64f6-4a98-860c-0f3af3cf2dca', 'KALTAKQUISE', 'ACTIVE', 0, 'Funktion: Geschäftsführer/in (CEO) | Mitarbeiter: 21 bis 50 | Branche: Chemieindustrie | Rechtsform: Aktiengesellschaft'),
('cbeaefb9-78c7-46da-8335-9ddef3dc399b', '273a95ed-8816-4a84-8219-c903c8b3612c', 'KALTAKQUISE', 'ACTIVE', 0, 'Funktion: Leitung Marketing (CMO) | Mitarbeiter: 21 bis 50 | Branche: Divers | Rechtsform: Aktiengesellschaft'),
('de9d4293-c929-496f-a1cb-55d6ad5aa810', 'e1fc33f5-0179-4adb-a170-4249e7aee5ef', 'KALTAKQUISE', 'ACTIVE', 0, 'Funktion: Geschäftsführer/in (CEO) | Mitarbeiter: 1 bis 10 | Branche: Sanitär & Haustechnik | Rechtsform: Gesellschaft mit beschränkter Haftung'),
('54b8ce9a-6dac-458a-a8e9-ab5fa8ad3955', 'ece8cae8-5628-48ea-9113-953799663f39', 'KALTAKQUISE', 'ACTIVE', 0, 'Funktion: Geschäftsführer/in (CEO) | Mitarbeiter: 21 bis 50 | Branche: Physiotherapie | Rechtsform: Aktiengesellschaft'),
('db7a3d94-4b83-4e93-a9bb-529b7cceadbb', '1b3a9568-3b86-4151-bc61-139172639166', 'KALTAKQUISE', 'ACTIVE', 0, 'Funktion: Geschäftsführer/in (CEO) | Mitarbeiter: 1 bis 10 | Branche: Sanitär & Haustechnik | Rechtsform: Gesellschaft mit beschränkter Haftung'),
('20289854-30f1-4fa7-a3a6-833e775a4a69', 'e718bbb3-2b11-4f12-9641-d57b22990045', 'KALTAKQUISE', 'ACTIVE', 0, 'Funktion: Geschäftsführer/in (CEO) | Mitarbeiter: 1 bis 10 | Branche: Sanitär & Haustechnik | Rechtsform: Gesellschaft mit beschränkter Haftung'),
('577060d6-489d-49b8-85a8-2b03d677c5e8', 'ca8bc85f-06cb-40c3-b19e-96d6532291a1', 'KALTAKQUISE', 'ACTIVE', 0, 'Funktion: Geschäftsführer/in (CEO) | Mitarbeiter: 1 bis 10 | Branche: Tierarztpraxen');

INSERT INTO lead_tags (lead_id, tag_id) VALUES
('a6575e4f-a200-49fc-9467-c08e23fa2288', 'ka-b2b'),
('362079a2-4373-41d5-9b86-14663ee8d067', 'ka-b2b'),
('8c5bb230-7ce3-4b7d-9083-6daa222dc015', 'ka-b2b'),
('d6e53fdb-9d63-4517-9791-53205802c505', 'ka-b2b'),
('d4a3f622-0f54-41d5-844b-36774cc5366c', 'ka-b2b'),
('4fe511ad-8792-4a1e-b90e-340ffcf57b94', 'ka-b2b'),
('85895d81-37a2-4540-a8f0-0ff3126b1643', 'ka-b2b'),
('4ec812b9-96fd-4816-955f-913474ef1a2e', 'ka-b2b'),
('b9584d61-53dc-4744-8b47-273d7838b030', 'ka-b2b'),
('8e5f2fa5-9bb1-4872-bbeb-5a948e9a50d0', 'ka-b2b'),
('e020c653-6a5a-45d9-9c25-009fd28e1382', 'ka-b2b'),
('4613981c-5a0b-4d9e-8a2b-6a7c19db1ce9', 'ka-b2b'),
('67906184-e3ea-4a69-86ea-cb15ef109362', 'ka-b2b'),
('7acd75ab-874d-4ea4-ab4c-df8487a699df', 'ka-b2b'),
('9fe6994e-1995-4ba0-8065-47ca7e41ea29', 'ka-b2b'),
('3f4ff26f-3fd6-4aa8-8b32-5e9a5e6df305', 'ka-b2b'),
('4ec5b59d-6a02-4e57-b223-0182aed1d8bc', 'ka-b2b'),
('c19b7620-7cc1-4872-ae89-e8da3a594bba', 'ka-b2b'),
('57ae118f-4edb-4321-9245-80e3da17b58c', 'ka-b2b'),
('be848aec-4714-4124-b55c-6bbff14c5aa6', 'ka-b2b'),
('1036fdef-579c-4290-975a-2b9853765227', 'ka-b2b'),
('6dcc3a2e-06a0-42e9-b1e7-1c714dae2b63', 'ka-b2b'),
('7fc511f6-247d-4338-a6a0-c0ece0ba4e93', 'ka-b2b'),
('9f5da22e-2915-4971-bd99-5e291cffa277', 'ka-b2b'),
('ddd7db9f-015d-4d3f-9683-62285effa474', 'ka-b2b'),
('3cd2425e-2355-451f-9959-cff0aaf2bc5f', 'ka-b2b'),
('5ae3647d-6bea-48a4-83a2-d19c3316f8cb', 'ka-b2b'),
('6c076f39-d24d-424c-a91d-2a95c6b85d28', 'ka-b2b'),
('f488393f-3ee0-4d43-9686-ff3dbae51cf0', 'ka-b2b'),
('3f41a0e6-ffd2-451b-af38-3dcab9fcff57', 'ka-b2b'),
('6b80a4b8-00d0-4817-8ec7-28612974629b', 'ka-b2b'),
('3d9a3f1f-a1e7-4ed6-a45e-b7edda5c740d', 'ka-b2b'),
('a11535d8-e158-4cc6-b582-0ee6ce6e87d7', 'ka-b2b'),
('af7b9043-46f2-4d00-a451-93b951fde2fc', 'ka-b2b'),
('bd046132-7957-450a-afb3-e85ab19c4366', 'ka-b2b'),
('43983735-3ee7-4ce2-8c9c-e4ab9e16cf0d', 'ka-b2b'),
('afa2eec5-d955-4507-acf0-f499c0559a5a', 'ka-b2b'),
('be1e6c55-12ee-4dfb-8719-2df4b6525ab6', 'ka-b2b'),
('dde2a168-75f8-4cf7-8fe4-1520ca925537', 'ka-b2b'),
('f15fc36f-adb2-4c19-8c8e-f6b73f4d5d14', 'ka-b2b'),
('42cff416-6665-4807-b318-fcb41e3c0582', 'ka-b2b'),
('26982f31-3cee-44ef-adbc-88c13ad11361', 'ka-b2b'),
('f3318bcd-aaee-4156-9108-d39d5ab345f6', 'ka-b2b'),
('af93681b-f35e-4188-a26e-f5d2e1dfb6a1', 'ka-b2b'),
('e3bed38b-b84b-4224-84c5-961c075d5021', 'ka-b2b'),
('497a50e5-d81a-4dba-88ea-fbcc67b6d426', 'ka-b2b'),
('cf46ad1d-4dd9-4972-b558-bcec77ad9ed0', 'ka-b2b'),
('364f5b5c-3586-42bf-88e9-fa88263dee09', 'ka-b2b'),
('52d4c697-58b5-417a-9f9f-c17534accb5f', 'ka-b2b'),
('03ab9592-e75e-43c1-aa0d-b4e73252dc74', 'ka-b2b'),
('00de3353-31c7-4b18-8d13-127a7479acf3', 'ka-b2b'),
('27fb7b67-16a4-44cf-9acb-704db945ec1d', 'ka-b2b'),
('a9a27e6c-ad5c-45c8-9a5c-2d1bb7df576b', 'ka-b2b'),
('cfc3df54-c4aa-4415-963e-0e45f95c6128', 'ka-b2b'),
('4fa6f3e3-a781-46b3-802c-6606f215c097', 'ka-b2b'),
('25ee1dfb-03b0-45d8-9b63-aa75be64917b', 'ka-b2b'),
('003700cb-d3d5-4963-9a15-72d2f5dd13a8', 'ka-b2b'),
('ef998efd-9561-4653-be92-3b5d99603ada', 'ka-b2b'),
('7d7511c9-7248-4790-a30d-5535bd4d6a43', 'ka-b2b'),
('f6bbf697-c194-4a8a-9ba4-cbfb698d20a4', 'ka-b2b'),
('2355023a-c86e-4833-a94f-34955de5636a', 'ka-b2b'),
('6ada6adb-d1ad-4e5b-aecf-1b248ab4f106', 'ka-b2b'),
('98d39e46-6193-4204-bbd7-00c9318d01e9', 'ka-b2b'),
('7df6f57b-02bd-47fe-b6f1-b2ef564af624', 'ka-b2b'),
('2bbdb6ff-8f03-478f-84d0-db58dbec602c', 'ka-b2b'),
('8a7f1c35-b3d5-49cf-95c9-55c2d6c8300d', 'ka-b2b'),
('bd8763f5-796c-4d6b-925a-34d6ffecc703', 'ka-b2b'),
('3aee5908-7f2c-420f-a5a2-be4565662b2b', 'ka-b2b'),
('bfeae646-feea-406c-8727-3c5cfe6d0e4f', 'ka-b2b'),
('0c76a9f9-58ee-49d0-bb4f-ee3de20987e4', 'ka-b2b'),
('62b2b73e-c89a-4c97-a2a1-d7c0d6f9ccfb', 'ka-b2b'),
('4798b43b-502e-4560-9edb-08c69d3d4f5d', 'ka-b2b'),
('382ff184-3867-4ecf-97d2-144f470811eb', 'ka-b2b'),
('0120d08b-4a66-4c8c-947c-0a8e77752d1f', 'ka-b2b'),
('73be9848-4ed2-4211-bff4-306ced5325a5', 'ka-b2b'),
('55d89bc8-a2b2-42e0-9221-c4b1d9a1ce32', 'ka-b2b'),
('ac584937-19f7-4765-b202-f8439c142ed6', 'ka-b2b'),
('9befef87-bda3-4ec6-b069-68b32d1e5c5c', 'ka-b2b'),
('2f19f8b2-7900-469c-a0ce-998f5e129d4f', 'ka-b2b'),
('2c08bbbe-7364-40be-a911-26de5b9caf3a', 'ka-b2b'),
('a7b776c2-e4ac-49b5-beb8-cb957051103a', 'ka-b2b'),
('432a16a8-02e4-407b-bea8-a34c2436018c', 'ka-b2b'),
('565d7635-9572-4771-9d03-7e4d909a5da3', 'ka-b2b'),
('d5ce5586-dc36-4ca1-9fd9-9bc6b86dea73', 'ka-b2b'),
('c7bb9279-425c-498f-a61f-b802ba61d69c', 'ka-b2b'),
('7ea77ff3-c542-445b-b692-c484a818476e', 'ka-b2b'),
('9789ebe8-3fd4-45ce-8887-53a85dc25807', 'ka-b2b'),
('d55a13a5-9e2d-40e5-bf65-6ab0eb316342', 'ka-b2b'),
('5c6f830f-3794-4f78-959e-120119edac89', 'ka-b2b'),
('a0f38318-d8f8-4ffd-b09a-b3041ec74e69', 'ka-b2b'),
('a9799091-c7fe-4169-aa28-bde5c5421247', 'ka-b2b'),
('bbf05ffd-df88-422f-b093-bcee9aac5432', 'ka-b2b'),
('118beccc-a002-4ade-8f9e-a55d843f8c6e', 'ka-b2b'),
('a8d0f9c5-b834-4d61-a8cf-9859f0290cee', 'ka-b2b'),
('ebc0a3ca-8cf6-401b-af42-a9cc14c30a38', 'ka-b2b'),
('897b65ef-dcf5-48e5-9ecb-7c3580ea9177', 'ka-b2b'),
('cc99fb4e-d76c-4a8a-9fb6-f9d5b31a415b', 'ka-b2b'),
('2a3fd629-b33c-4f80-8bb3-602fdfc00764', 'ka-b2b'),
('71f86654-fecf-40ec-9152-2b722e49f62d', 'ka-b2b'),
('0b8a6e14-0c2e-4047-84ba-9b86c1339310', 'ka-b2b'),
('8a6e57af-194c-49a2-8daf-628315d2a8ad', 'ka-b2b'),
('83d27aa4-bc47-4521-ae97-8c58de8ee121', 'ka-b2b'),
('4a1af5e6-7251-48f3-bf48-4e33f05f9904', 'ka-b2b'),
('1dee533b-d6db-4bf1-b482-b59a87017423', 'ka-b2b'),
('7b957b93-7a2e-455c-a9a1-7c31514588a8', 'ka-b2b'),
('d2a70c25-a35b-4b83-a4c3-bb79ff093253', 'ka-b2b'),
('13fa01b5-69f5-47d4-8225-94517017fd9f', 'ka-b2b'),
('ce8e3163-b2ce-45a7-9bbf-46dc81674afa', 'ka-b2b'),
('1d5b99bf-158c-4dcb-9e14-fe175a78c085', 'ka-b2b'),
('764dc831-ab96-407d-b23b-cfd695c8fb9f', 'ka-b2b'),
('52ac0c6e-109f-4c2f-bb13-6e454c4a2c56', 'ka-b2b'),
('14a297ef-1bb9-436d-a806-56bfc6faa2cc', 'ka-b2b'),
('e999a2ae-dc05-4f71-8402-c6d4e88db8e9', 'ka-b2b'),
('1c58da5a-66a9-4262-8e25-922b46c7e0d3', 'ka-b2b'),
('c39d3c62-ea40-4d39-8734-d4758219012f', 'ka-b2b'),
('beede009-cf30-4280-b52f-82ac5e0674aa', 'ka-b2b'),
('825f3a9a-2336-481a-97ac-dd442b4880f9', 'ka-b2b'),
('f9275632-ae62-47da-83f9-0d7d5d6f7bd1', 'ka-b2b'),
('8de4254c-4f3b-49e0-be59-20026014f586', 'ka-b2b'),
('db4a9564-7be7-4eac-b4e2-51fc2fdd2150', 'ka-b2b'),
('7ec2cdd1-01c5-4600-b231-365bfd9aec3b', 'ka-b2b'),
('940e10ba-a3c0-479f-b710-b6b0181f2cdd', 'ka-b2b'),
('4fbe06f8-3e8b-43e1-8db1-7a3b4ac3cc9f', 'ka-b2b'),
('73b1269d-a708-4e41-8dfa-68313601ac78', 'ka-b2b'),
('549ba064-c812-4070-8c1a-340825ce38d7', 'ka-b2b'),
('f7e56bf9-f7f7-4158-9357-579b2ee81dba', 'ka-b2b'),
('c1eba812-7075-4dbd-a6c4-c96383a4411d', 'ka-b2b'),
('d861511e-5d06-4733-a54e-3d8ef10020e1', 'ka-b2b'),
('49c8b1f4-055a-408a-8667-b236f3d3942c', 'ka-b2b'),
('b3b90476-e2ea-4890-877f-e73eb74ae784', 'ka-b2b'),
('33be7fb7-13f1-482a-83ce-39ced011af37', 'ka-b2b'),
('38a8d307-d22a-4446-9d9d-b834fa1433fe', 'ka-b2b'),
('2356d055-fe28-43ad-831c-87582f2cd8ef', 'ka-b2b'),
('881cf5d0-2761-4cfb-93bc-ff143b2999d0', 'ka-b2b'),
('ee45f344-af4b-4cb4-bd3e-9cb466f9eec1', 'ka-b2b'),
('700bcd2a-b70e-4459-b1bf-46a92904c10c', 'ka-b2b'),
('605eeb53-3ede-4668-84a8-3d195a775a31', 'ka-b2b'),
('0d2aeff0-4caf-4abb-b1b5-23a11853a7dd', 'ka-b2b'),
('432cfc22-151b-4a32-884b-0168d6fddd66', 'ka-b2b'),
('5f86280f-1135-4fe3-9c37-ed014317825d', 'ka-b2b'),
('ffdd80d5-889e-42ff-a0c7-96900742d3f0', 'ka-b2b'),
('7a6d48a4-07c6-42c5-882c-52b9e3cc6a7a', 'ka-b2b'),
('8ea4c3f2-d8ab-44e2-9c53-881dabdd4b49', 'ka-b2b'),
('8f299f2d-c362-414a-b70e-f2e7162b4982', 'ka-b2b'),
('cf689ac4-6f78-492f-8b7b-7e156c521aaa', 'ka-b2b'),
('7e0819c7-ace8-484a-82e9-8b092b6d97e6', 'ka-b2b'),
('e675d033-eca3-4fd0-9385-0fa1cfa5a5cd', 'ka-b2b'),
('58c3c86a-dd8e-48b4-9d5c-3d057b94bde6', 'ka-b2b'),
('40b375be-5f4b-48c0-9487-581e00766bf0', 'ka-b2b'),
('163c3ee7-622e-4a53-9cee-dbd4c55a0c25', 'ka-b2b'),
('acc77711-48cf-4686-ba0d-5d401d13352b', 'ka-b2b'),
('2649cefc-b11c-4374-b806-3e14b1d3fde1', 'ka-b2b'),
('10163338-4063-4614-83cb-65ece0687e01', 'ka-b2b'),
('721ac60f-1845-4cf5-8ef7-6d19d7260397', 'ka-b2b'),
('7c4f25f7-f678-417f-baae-beab19859b46', 'ka-b2b'),
('85f75fcd-a9ac-42aa-97a9-39d2310b7b8c', 'ka-b2b'),
('6bdb1ef1-59ef-4661-9214-494fc2d54d31', 'ka-b2b'),
('40340437-0512-40d6-ac44-aec72e6e13bf', 'ka-b2b'),
('99d36bbf-8cf7-4ee0-9681-4c7021b7b9c3', 'ka-b2b'),
('09341813-b05a-4543-a0f3-087de89c9671', 'ka-b2b'),
('49567f80-fbf1-40ef-af21-288909cc36fc', 'ka-b2b'),
('f828352b-9782-409f-b78b-295210703c0f', 'ka-b2b'),
('36eca396-a802-40d5-bddc-0ac169af8540', 'ka-b2b'),
('54e5b9c5-4ffc-48f1-900a-ada805ea2361', 'ka-b2b'),
('2434ba4e-6e81-4553-a888-705db6a27c40', 'ka-b2b'),
('24a7bc97-50dc-4115-b728-e3284c02102e', 'ka-b2b'),
('da57acda-a3b4-452f-af7c-2906213b9720', 'ka-b2b'),
('7ab72b26-86fe-4974-abb9-ba36521caa23', 'ka-b2b'),
('938e33d4-0c90-4040-ada3-6503f3e6cc4f', 'ka-b2b'),
('7f7294b5-fd3f-46f2-a96b-8171c2656b28', 'ka-b2b'),
('ada3c3fe-552d-4f59-81ab-fddfa5343080', 'ka-b2b'),
('9d300c8d-7f60-49ef-af9a-dc401d1bfbb0', 'ka-b2b'),
('a0165a5a-b993-44fd-883e-1d22d4493dc2', 'ka-b2b'),
('072ce46c-6c5f-4972-8fe9-a838a7f69ff7', 'ka-b2b'),
('ce45f6af-8b89-4179-8be9-536ccc9b2818', 'ka-b2b'),
('2eef01c6-204b-4398-9184-b1f4697b2050', 'ka-b2b'),
('918a9089-b59b-4b0f-9b05-7e8ce648340c', 'ka-b2b'),
('30c5d1c6-9329-4774-bf1f-f385a1df0620', 'ka-b2b'),
('81892c2d-6a5a-401f-b219-cb61bd247970', 'ka-b2b'),
('a05de6af-4815-419a-aa02-0190166ef02b', 'ka-b2b'),
('e2f09bf1-2622-4ebc-92e5-815824298755', 'ka-b2b'),
('7ed5a0be-9b33-4c31-bcc9-9eca601ead52', 'ka-b2b'),
('e016b9c3-7bc3-49bb-b915-b343b2989fa6', 'ka-b2b'),
('f054d245-169f-4a26-884a-aa1014e8a734', 'ka-b2b'),
('accdafce-cf34-44ae-8fb9-cb14db2fef2a', 'ka-b2b'),
('9a047ed3-d61a-42d3-86f8-19178cab07f6', 'ka-b2b'),
('68ee079c-c7ff-4661-a09f-92fed561f41b', 'ka-b2b'),
('62757ee6-cde8-46b5-b501-94e868406970', 'ka-b2b'),
('591e3a3b-0a2d-4553-955e-950b7fafb40f', 'ka-b2b'),
('04474a78-1e3f-4656-9d5b-97ecb95de1f6', 'ka-b2b'),
('3599d4b1-9b52-4b0e-8992-2deb0d19d352', 'ka-b2b'),
('1f2d914e-9b21-4e6d-8128-f64f4efcbfe3', 'ka-b2b'),
('2efa6aff-8725-4c86-8fbf-b407c750c417', 'ka-b2b'),
('f7e716aa-2ec1-4543-81df-f093728989e0', 'ka-b2b'),
('cbeaefb9-78c7-46da-8335-9ddef3dc399b', 'ka-b2b'),
('de9d4293-c929-496f-a1cb-55d6ad5aa810', 'ka-b2b'),
('54b8ce9a-6dac-458a-a8e9-ab5fa8ad3955', 'ka-b2b'),
('db7a3d94-4b83-4e93-a9bb-529b7cceadbb', 'ka-b2b'),
('20289854-30f1-4fa7-a3a6-833e775a4a69', 'ka-b2b'),
('577060d6-489d-49b8-85a8-2b03d677c5e8', 'ka-b2b');
