-- Batch 134 (200 records)
INSERT INTO contacts (id, first_name, last_name, email, phone, company, address) VALUES
('77fa426a-c6c3-4112-9268-13f65840630c', 'Urban', 'Keusch', 'sabe.schmid@hotmail.com', '076 488 77 07', 'Flurhof', 'Flurstrasse 12, 5623 Boswil, Aargau'),
('e6b155e0-133b-4235-b1bb-caecce1510fc', 'Lorenz', 'Mathys', 'flurhofgarage@kfnmail.ch', '041 620 32 21', 'Flurhof Garage GmbH', 'Flurhofstrasse 17, 6374 Buochs, Nidwalden'),
('f8e2d928-d688-493e-ad40-db9aa057712e', 'Mario', 'Simic', 'mario.simic@fluriag-planung.ch', '062 386 90 32', 'Fluri AG', 'Dorfstrasse 4, 4717 Mümliswil, Solothurn'),
('deddb455-749f-473f-a2fb-130461cc2af8', 'Pius', 'Gisler', 'info@fluri-gisler.ch', '032 614 17 59', 'Fluri Gisler + Partner Architekten AG', 'Luzernstrasse 28a, 4553 Subingen, Solothurn'),
('0c6a75c2-5148-4899-a073-8ba328ef6a46', 'Jürg', 'Flury', 'info@fluriholz.ch', '032 618 20 80', 'Fluri Holz AG', 'Oberdorfstrasse 1, 4512 Bellach, Solothurn'),
('fa3cf8ab-82ff-49b5-8cda-40bb8f8ef0a0', 'Andrea', 'Fluri', 'andifluri@treuhandfluri.ch', '055 610 41 29', 'Fluri Treuhand GmbH', 'Fronalpstrasse 7, 8867 Niederurnen, Glarus'),
('61f53f43-4451-46b0-ab09-fc90d7a2565c', 'Fljorim', 'Fejzulahi', 'info@flurimhaustechnik.ch', '061 577 79 54', 'Flurim Haustechnik AG', 'Bruggfeldweg 10, 4147 Aesch, Basel-Land'),
('a2e244bb-452b-4b42-a467-8356ba5598e2', 'Patrizio', 'Fortino', 'fluero@bluewin.ch', '052 384 01 80', 'Flüro - Inhaber P. Fortino', 'Dorfstrasse 33, 8484 Weisslingen, Zürich'),
('7f2fd63e-66cf-4371-a2f2-d8ebca054ed5', 'Matthias', 'Flury', 'matthias@flury-flury.ch', '079 555 84 98', 'Flury & Flury GmbH', 'Burg 1, 4543 Deitingen, Solothurn'),
('b4d94f97-832c-43c8-8a8f-2d7d05987aff', 'Christoph', 'Flury', 'info@fluryfurrer.ch', '043 288 55 10', 'Flury + Furrer Architekten GmbH', 'Hardstrasse 322a, 8005 Zürich, Zürich'),
('2009a79b-0f98-443f-addc-ec4d12481655', 'Hubert', 'Meier', 'h.meier@flury-zeltner.ch', '062 389 80 40', 'Flury + Zeltner AG', 'Gäustrasse 30, 4703 Kestenholz, Solothurn'),
('4e4d0880-8802-477d-9223-c2828464eb20', 'Robert', 'Morgenthaler', 'info@baeckerei-flury.ch', '034 413 06 90', 'Flury AG', 'Aspiweg 2, 3425 Koppigen, Bern'),
('e5291d09-f041-427f-adbe-b3be28454a0f', 'Oliver', 'Flury', 'info@fluryag.ch', '058 733 33 55', 'Flury Bauingenieure AG', 'Tramstrasse 11, 5034 Suhr, Aargau'),
('854aaa8c-8015-4e8a-ab0f-00b8a455c8d5', 'Beat', 'Flury', 'beat.flury@flurygartenbau.ch', '032 685 75 65', 'Flury Gartenbau AG', 'Gartenstrasse 1, 4528 Zuchwil, Solothurn'),
('2c92459f-6844-4356-a150-89744d40dbb7', 'Stefan', 'Flury', 'stefan.flury@flury-stans.ch', '041 610 91 91', 'Flury innen & aussen AG', 'Engelbergstrasse 44a, 6370 Stans, Nidwalden'),
('f234bcf4-46ee-4559-a9f7-a3d6fc80985f', 'Philipp', 'Flury', 'info@flury-maler.ch', '062 216 27 09', 'Flury Maler GmbH', 'Grossmattstrasse 1, 4614 Hägendorf, Solothurn'),
('182f1403-746d-4230-b458-645c312a8111', 'Reto', 'Flury', 'info@flury-physiotherapie.ch', '079 671 31 80', 'Flury Physio & Fitness AG, Zweigniederlassung Richterswil ZH', 'Dorfstrasse 9, 8805 Richterswil, Zürich'),
('d1d57361-6003-4edf-9ad2-55ff7ce41a88', 'Barbara', 'Flury-Mettler', 'barbara@flurysports.ch', '079 663 65 50', 'Flury Sport GmbH', 'Schatzalpstrasse 3, 7270 Davos, Graubünden'),
('9388f807-8735-464c-8e74-6d8b0b5757bd', 'Oliver', 'Kleinbrod', 'oliver.kleinbrod@flurystiftung.ch', '081 308 08 11', 'Flury Stiftung', 'Tersierstrasse 7, 7220 Schiers, Graubünden'),
('932b9d35-e58d-4f67-aaaf-eb9dede8c850', 'Sandra', 'Frosio', 'sandra.frosio@flurystiftung.ch', '081 308 08 01', 'Flury Stiftung Spitex / Region Prättigau', 'Tersierstrasse 7, 7220 Schiers, Graubünden'),
('894bfeea-7ced-4341-8547-45d9bec8d7c7', 'Matthias Roger', 'Flury', 'mflury@flurytools.ch', '032 679 55 16', 'Flury Tools AG', 'Römerstrasse West 32, 3296 Arch, Bern'),
('5d7e36b6-bad6-49eb-92ba-89f822543c66', 'Ueli', 'Flury', 'info@flury-treuhand.ch', '081 300 30 41', 'Flury Treuhand', 'Alti Luzeinerstrass 1, 7240 Küblis, Graubünden'),
('7a395cf1-306b-4e6b-b850-de1c21a7b8ea', 'Michael', 'Flury', 'michael.flury@fluryundrudolf.ch', '032 622 32 20', 'Flury und Rudolf Architekten AG', 'Untere Steingrubenstrasse 19, 4500 Solothurn, Solothurn'),
('4f04bb59-68f0-4637-b059-a327b528d4a4', 'Heinrich', 'Stadler', 'info@flussssbar.ch', 'N.a.', 'Flussbar Zürich', 'Wasserwerkstrasse 131, 8037 Zürich, Zürich'),
('3e17e273-b1d7-4c2b-a15c-877cd45d38ce', 'Ueli', 'Schälchli', 'ueli.schaelchli@flussbau.ch', '044 251 51 74', 'Flussbau AG', 'Holbeinstrasse 34, 8008 Zürich, Zürich'),
('0baf293c-1f2b-44c0-baec-ea77ef0fcacf', 'Peter', 'Gross', 'info@flusssteine.ch', '079 248 35 90', 'Flusssteine Peter Gross', 'Gotzäcker 137, 5462 Siglistorf, Aargau'),
('59f4a618-9feb-4a19-8728-8a187b36f5f7', 'Andreas', 'Flühmann', 'info@fluetech.ch', '033 951 33 00', 'Flütech GmbH', 'Hauptstrasse 191, 3855 Brienz, Bern'),
('e0d6dec6-d949-44bb-b710-bdb76c4647e7', 'Andreas', 'Flütsch', 'fluetschholzbau@swissonline.ch', '081 664 11 23', 'Flütsch Holzbau AG', 'Italienische Strasse 41, 7435 Splügen, Graubünden'),
('9e4879b0-e870-40cb-806b-b55582e33752', 'Peter', 'Flütsch', 'winterthur@fliag.ch', '052 212 70 00', 'Flütsch Ingenieure AG', 'Römerstrasse 237, 8404 Winterthur, Zürich'),
('31cf9ad5-f1fb-4bdd-9623-ef29c3ef0a3e', 'Ulrich', 'Flütsch', 'info@fluetsch-kuechen.ch', '079 429 69 11', 'Flütsch Küchen GmbH', 'Landstrasse 133, 7250 Klosters, Graubünden'),
('19a118f8-eaac-4440-b984-1d0669d06bdb', 'Martin', 'Flütsch', 'info@fluetsch.ch', '081 651 61 61', 'Flütsch Treuhand AG', 'Compognastrasse 29, 7430 Thusis, Graubünden'),
('8ce20114-7d5b-43c7-be11-b704f24d763f', 'Sybille', 'Ziegler', 'info@fluxa.ch', '044 240 12 12', 'Flux Architekturbüro GmbH', 'Binzallee 39, 8055 Zürich, Zürich'),
('1047356a-de90-43dc-8211-7c9d992ab97c', 'Beat', 'Ruhstaller', 'info@fluxim.com', '044 500 47 70', 'Fluxim AG', 'Katharina-Sulzer-Platz 2, 8400 Winterthur, Zürich'),
('4d107baf-e105-4af7-973f-128b45e12d95', 'Steffen', 'Tomasi', 'steffen.tomasi@flyerline.ch', '071 686 84 63', 'Flyerline Schweiz AG', 'Landstrasse 30, 8595 Altnau, Thurgau'),
('4f85c0a1-bb7a-48b9-bdf9-100892b2ec75', 'Dennis', 'Kern', 'info@flyerplus.ch', '043 558 66 55', 'Flyerplus Kern', 'Spichergasse 10b, 8185 Winkel, Zürich'),
('9045e3bb-206b-4af0-9d46-c728ebfd426a', 'Hans Ueli', 'Keusch', 'info@flyfoto.ch', '062 775 88 77', 'Flyfoto.ch', 'Hauptstrasse 5a, 6287 Aesch, Luzern'),
('50cd20a6-8fdd-431d-8701-689a8439a670', 'Norman', 'Irion', 'norman@flyingsales.ch', '044 820 85 00', 'Flying Sales GmbH', 'Marktgasse 1, 8600 Dübendorf, Zürich'),
('a813b19f-5b9f-4f50-a0c1-a24592bf8dde', 'Antonio', 'Adrover', 'office@flyingteachers.com', '044 350 33 44', 'Flying Teachers GmbH', 'Löwenstrasse 20, 8001 Zürich, Zürich'),
('a3f6d9d8-b7f7-483f-a2e6-54b89c903e0c', 'Ivana Chiara', 'Baroni', 'info@flyingpharmacist.ch', '044 383 48 48', 'Flyingpharmacist GmbH', 'Stampfenbachstrasse 7, 8001 Zürich, Zürich'),
('a6c0d31e-4ff9-46a3-8ab5-70df24de4bd8', 'André', 'Rüegg', 'info@fmrs-rueegg.ch', '079 287 52 46', 'FM + Reinigungsservice Rüegg', 'Spitalstrasse 238, 8623 Wetzikon, Zürich'),
('c4bf3a9d-7d94-46b6-a177-145e2d8bc211', 'Manuel', 'Huber', 'admin@fmacoustics.com', '044 725 77 77', 'FM Acoustics Ltd', 'Gewerbestrasse 16, 8132 Hinteregg, Zürich'),
('a017e5db-921c-4906-b87a-1dd2fa380c8e', 'Roger', 'Walker', 'r.walker@mannhard.ch', '044 321 21 21', 'FM Fahrschule Mannhard GmbH', 'Sihlquai 344, 8005 Zürich, Zürich'),
('ca826c8b-8137-4e7f-99bb-1b19a5b74490', 'Janja', 'Mrkonjic', 'info@fmreinigung.ch', '079 573 01 02', 'FM Gebäudereinigung Hauswartung GmbH', 'Schaffhauserstrasse 31, 8212 Neuhausen am Rheinfall, Schaffhausen'),
('bee07095-3154-4cfc-8237-65a4c11e0490', 'Giuseppe', 'D''Arrigo', 'fminvest@fminvest.ch', '044 940 83 00', 'FM Invest AG', 'Seestrasse 159A, 8610 Uster, Zürich'),
('3ffac04d-1f82-41dc-ad75-4e18fa06f357', 'Thomas', 'Kirnbauer', 't.kirnbauer@kirnbauer.ch', '044 715 67 47', 'FM Kirnbauer AG', 'Wehntalerstrasse 121, 8057 Zürich, Zürich'),
('d9684f12-66d4-4bde-abaf-10956e5990ec', 'Fernando', 'Masin', 'nmasin@bluewin.ch', '079 205 98 79', 'FM Maleratelier', 'Lutzertstrasse 9, 4132 Muttenz, Basel-Land'),
('f3136564-72d3-49f0-a8ab-57ab25881bc4', 'René', 'Huber', 'rene.huber@fmteam.ch', '044 720 30 40', 'FM Team Die Gebäudeservice AG', 'Zürcherstrasse 59, 8800 Thalwil, Zürich'),
('7336e66c-3343-4d5d-be20-3dbe76f53bbf', 'Filipe', 'Silva Matos', 'info@fmatos.ch', '078 790 20 25', 'FMatos GmbH', 'Brandstrasse 21, 8952 Schlieren, Zürich'),
('594b2ff6-b0e6-4783-a417-fd920387f889', 'Flavio', 'Batista', 'info@fmbag.ch', '079 938 45 16', 'FMB AG', 'Kirchstrasse 70, 8807 Freienbach, Schwyz'),
('5b60ebbb-9df1-416c-aeb4-72b42c56d3f8', 'Mentore', 'Fazliu', 'info@fmb-reinigung.ch', '079 299 54 62', 'FMB Group GmbH', 'Maurenstrasse 1, 8575 Bürglen, Thurgau'),
('daf6cfc6-5467-4b84-b7a4-8eab0911100f', 'Frank', 'Bieringer', 'praxis.grosswangen@hin.ch', '041 980 17 57', 'FMB Med AG', 'Eduard Huber-Strasse 1, 6022 Grosswangen, Luzern'),
('62c90371-1c43-4aed-85e9-6a23ff9e92b0', 'Oliver', 'Strehle', 'oliver.strehle@fmc.ch', 'N.a.', 'Fmc Schweizer Forum für Integrierte Versorgung', 'Zugerstrasse 193, 6314 Neuägeri, Zug'),
('569c0bc2-1ccd-4166-8096-eb9bfee42c4e', 'Sergio', 'Devito', 'info@fmch-versicherungen.ch', '041 220 74 90', 'fmCh Versicherungen AG', 'Hirschengraben 31, 6003 Luzern, Luzern'),
('27279dd8-eee0-482a-839f-a7649b282060', 'Philippe', 'Weber', 'philippe.weber@fmcw.ch', '079 577 88 11', 'FMCW - Facility Management Consulting Weber', 'Mühlegasse 2, 5624 Bünzen, Aargau'),
('45fc2c13-1a72-49e7-8968-1bcf5cf3e561', 'Jürg', 'Friedli', 'info@fmg-montagen.ch', '032 530 00 90', 'FMG Friedli Montagen GmbH', 'Eschenweg 5b, 2542 Pieterlen, Bern'),
('0eb1ff7e-3372-47f9-a274-622207fa0470', 'René', 'Häller', 'rene.haeller@fmhconsulting.ch', '041 244 60 60', 'FMH Consulting Services AG', 'Burghöhe 1, 6208 Oberkirch, Luzern'),
('191b1650-c541-46bb-a66b-4e884c429e59', 'Gontran', 'Sennwald', 'gr_sennwald@hin.ch', '031 331 94 11', 'FMH Orthopädische Chirurgie und Handchirurgie', 'Bernstrasse 98, 3072 Ostermundigen, Bern'),
('27eaf09c-a015-4492-9851-3fb08cc4d1c2', 'Andreia', 'Marques Maone', 'info@fm-laser.ch', '078 713 05 89', 'FM-Laser - A. Marques Maone', 'Im Emmet 1, 5524 Niederwil, Aargau'),
('a5efb56b-4f6a-42c6-b51f-6c52c711e92a', 'Markus', 'Frischknecht', 'info@fm-mechanik.ch', '071 855 22 09', 'FM-Mechanik GmbH', 'Dorfstrasse 1, 9423 Altenrhein, St. Gallen'),
('65d3edf1-432e-4313-b309-10ad014ab00e', 'Philipp', 'Müller', 'pmueller@fm-racine.ch', '041 370 50 01', 'FM-Racine Hydraulik AG', 'Winkelbüel 4, 6043 Adligenswil, Luzern'),
('add744dd-7bad-47ae-9207-068e7db67e2a', 'Rolf', 'Fischer', 'info@fmsconsulting.ch', '071 352 65 55', 'FMS Consulting GmbH', 'Saum 43, 9100 Herisau, Appenzell Ausserrhoden'),
('60b7b1eb-6458-41cf-bd66-7886c7c8474f', 'Jan', 'Knus', 'info@fmsdruck.ch', '071 659 01 59', 'FMS Druck AG', 'Bahnhofstrasse 31, 8560 Märstetten, Thurgau'),
('3adcabed-d748-4867-a169-a516ac2b1c28', 'Jörg', 'Inhelder', 'info@fms-technology.com', '044 852 80 80', 'FMS Force Measuring Systems AG', 'Aspstrasse 6, 8154 Oberglatt, Zürich'),
('9b8a9858-074f-4d84-b876-bead3010a2f2', 'Martin', 'Willener', 'm.willener@fms-technik.ch', '052 687 26 24', 'FMS-TECHNIK AG', 'Hardmorgenweg 19, 8222 Beringen, Schaffhausen'),
('af2e4701-4960-46d6-b6b4-9bb69145efc4', 'Lukas', 'Etter', 'info@fmt-metallbau.ch', '071 911 18 67', 'FMT Metallbau AG', 'Hauptstrasse 62, 9553 Bettwiesen, Thurgau'),
('5d011511-ef66-406b-8123-75ddd1f1585f', 'Daniel', 'Leuenberger', 'd.leuenberger@fmtec.ch', '079 346 97 86', 'FMTEC GmbH', 'Hirschmatt 7, 5522 Tägerig, Aargau'),
('d8a72482-bfc0-47e5-9fb8-2e95442837f6', 'Davide', 'Martelozzo', 'lyss@fmw-gs.ch', '032 385 14 25', 'FMW Global Services GmbH', 'Industriering 58, 3250 Lyss, Bern'),
('61b2ed2d-9829-4c9e-9e1c-1cf06841fcb8', 'Marcel', 'Schleiss', 'm.schleiss@schleiss.ch', '041 611 12 55', 'FN TRANSPORT AG', 'Obermühle 12, 6370 Stans, Nidwalden'),
('99bb086a-ebec-4eff-8859-44316b688a01', 'Phetphachanh', 'Thammavongsa', 'fo.ke.kio@ha-noi.ch', '044 212 85 72', 'fo ke kio AG', 'Talacker 50, 8001 Zürich, Zürich'),
('285b2228-22a0-4c9d-a7c9-75d4a99e44a3', 'Beat', 'Suter', 'info@foba.com', '044 701 90 00', 'Foba AG', 'Friedgrabenstrasse 21, 8907 Wettswil, Zürich'),
('19b1a132-2d1a-47ee-a3a8-cf2a0dc64035', 'Florian', 'Reiser', 'florian@focacceria.ch', '071 220 16 15', 'Focacceria AG', 'Metzgergasse 22, 9000 St. Gallen, St. Gallen'),
('970d0b6c-671b-4bbe-80e1-da563321056e', 'Shako', 'Salih', 'info@fa-webdesign.ch', '079 868 53 38', 'Focus Agency Webdesign KLG', 'Dorfstrasse 26, 3216 Ried b. Kerzers, Fribourg/Freiburg'),
('1e45ccd2-5171-4ce1-b670-3f3d5cf1368a', 'Sarah', 'Branger', 'info@focusbeauty.ch', '062 798 02 02', 'Focus Beauty GmbH', 'Bahnhofstrasse 26, 4663 Aarburg, Aargau'),
('ddaff6cf-a296-434a-a1ee-7b66d2f0559e', 'Madeleine', 'Walder-Binder', 'madeleine@bewegen.ch', '079 339 17 00', 'Focus bewegte Psychotherapie - Bewegen', 'Haltenrebenstrasse 152, 8408 Winterthur, Zürich'),
('713e70cb-8cad-492d-a062-db1aa3a40ac3', 'Pascal', 'Rüeger', 'pascal@fatburningbeast.ch', 'N.a.', 'Focus Food AG', 'Europaallee 35, 8004 Zürich, Zürich'),
('a7242b9d-1d0b-49a9-bb2d-7c64f12be407', 'Ulrich', 'Von Känel', 'ulrich.vkaenel@focusjugend.ch', '032 674 66 22', 'focus jugend', 'Oekingenstrassse 30, 4566 Kriegstetten, Solothurn'),
('d01e33f9-3bb6-4788-b808-0d8d23ea29ab', 'Roger', 'Stettler', 'info@focuspersonalmanagement.ch', '043 288 43 40', 'Focus Personalmanagement Stettler', 'Burgstrasse 29, 8706 Meilen, Zürich'),
('2ecdcd41-6040-4e52-9307-a939928e70d6', 'Nico', 'Galliath', 'info@focus-training.ch', '061 711 22 66', 'Focus Training Galliath GmbH', 'Hauptstrasse 54, 4153 Reinach, Basel-Land'),
('7c527d56-6870-4081-9f3e-2bf05dca0ed9', 'Peter', 'Wanner', 'peter.wanner@focuswanner.ch', '079 338 60 43', 'Focus Wanner GmbH', 'Bohlgass 2, 8228 Beggingen, Schaffhausen'),
('38a71427-2716-4bc9-96b7-bea917bb6bcf', 'Franziska', 'Casutt', 'order@focusana-tea.com', '071 891 20 48', 'Focusana Tea & Spices', 'Hinterergeten 113, 9427 Wolfhalden, Appenzell Ausserrhoden'),
('01659df4-a708-40a7-97d4-abe624340b7e', 'Rolf', 'Tinner', 'rolf.tinner@focushotel.ch', '041 541 67 67', 'focushotel AG', 'Industriestrasse 3, 6210 Sursee, Luzern'),
('1c75726c-4c82-4237-aab1-2014e22131f0', 'Steven', 'Eggenberger', 'info@foerg-sps.ch', '077 469 12 70', 'FOERG surface protection Switzerland GmbH', 'Furtstrasse 39, 9125 Brunnadern, St. Gallen'),
('a29167f9-69b9-4ce7-b227-7c6eac0de48a', 'Egon', 'Wiesler', 'ewiesler@foffa-conrad-holzbau.ch', '079 682 28 73', 'Foffa Conrad Holzbau AG', 'Via Val Müstair 89, 7535 Valchava, Graubünden'),
('d40c4da5-82f1-4fd1-968b-dbcac5093ea1', 'Matthias', 'Vogel', 'info@fogelgmbh.ch', '079 427 99 89', 'FoGel GmbH', 'Sirnacherstrasse 7, 9500 Wil, St. Gallen'),
('8c75bf87-528e-4b7f-8368-f41514c295d2', 'Eduard', 'Karisch', 'info@foglia-treuhand.ch', '041 785 41 42', 'Foglia Treuhand AG', 'Bösch 45, 6331 Hünenberg, Zug'),
('c80fadbc-ab76-4e55-965a-43d968d8106a', 'Martin', 'Waldvogel', 'fohlenweide@moosbrunnen.ch', '043 305 20 39', 'Fohlenweide Moosbrunnen', 'Moosbrunnenstrasse 300, 8426 Lufingen, Zürich'),
('daa4fe4c-f654-449f-ace9-927a970b3b81', 'Peter', 'Föhn', 'info@foehn.immo', '078 780 81 00', 'Föhn Feldmattli Immobilien AG', 'Tramweg 35, 6414 Oberarth, Schwyz'),
('14f3e400-93ea-4d10-9bdc-b2ec678480fd', 'Adrian', 'Föhn', 'af@foehnplatten.ch', '041 825 61 63', 'Föhn Platten AG', 'Gätzlistrasse 2, 6440 Brunnen, Schwyz'),
('9a749419-9fe0-4b11-afff-ea6110e5b676', 'Michael', 'Reichmuth', 'info@foehn-schreinerei.ch', '055 414 13 65', 'Föhn Schreinerei AG', 'Industrie 15, 8842 Unteriberg, Schwyz'),
('d7900f0b-21c7-415a-90c7-6123057741a7', 'Joana', 'Schafer', 'mail@foehnix.ch', '031 533 43 84', 'Föhnix hair + make-Up KLG', 'Gerbegasse 12, 3210 Kerzers, Fribourg/Freiburg'),
('caa613ea-1c7b-4b2b-84c5-a45ea21117ef', 'Tania', 'Kägi', 'info@foehrenbier.ch', '079 751 31 22', 'Föhrenbier Manufaktur', 'Bannholzstrasse 4a, 7205 Zizers, Graubünden'),
('7a3395e2-9e2c-40bd-9639-b8af0d103c6e', 'Marley', 'Posada', 'marley.posada@foehrengarten.ch', '062 865 48 31', 'Föhrengarten AG', 'Föhrenweg 6, 5074 Eiken, Aargau'),
('3d77beb2-8f47-4200-baa2-6290b2d2f65b', 'Werner', 'Felder', 'fohrenhof@bluewin.ch', '041 910 48 87', 'Fohrenhof', 'Fohrenhof 1, 6277 Kleinwangen, Luzern'),
('4408276a-07cd-47b7-90b9-389eabee0f51', 'Dominique', 'Moser', 'sekretariat@foi-praxis.com', '061 921 88 80', 'Foi Praxis', 'Langhagstrasse 4, 4410 Liestal, Basel-Land'),
('92174a81-cf22-439d-acce-6d004bb50789', 'Reinhard', 'Pfaffen', 'r.pfaffen@bluewin.ch', '079 771 81 18', 'FÖIERWERKEN MIT BÖRNI RAUCH, INH. R. PFAFFEN', 'Hübeli 95, 4942 Walterswil, Bern'),
('1d5263e1-b029-456f-b5b5-30dd156a9fbc', 'Reto', 'Foitek', 'reto@foitekautomobile.ch', '055 451 01 01', 'Foitek Automobile AG', 'Zürcherstrasse 70, 8852 Altendorf, Schwyz'),
('11d76840-6648-4a47-bf25-b5b6cbef4f4e', 'Michael', 'Fuchs', 'kontakt@fokus-architektur.ch', '055 264 12 15', 'Fokus Architektur AG', 'Rosengartenstrasse 25, 8608 Bubikon, Zürich'),
('b010e00b-b19d-441e-9f7c-a4a072ed91f6', 'Philippe Georges', 'Soder', 'administration@fokus-broker.ch', '044 253 71 80', 'Fokus Broker AG', 'Schwimmbadstrasse 45, 8004 Zürich, Zürich'),
('b1c520bd-7b30-4073-9447-14b0c176e2dc', 'Nikolaus', 'Natter', 'office@fokus.ch', '071 274 94 00', 'Fokus Management Consulting AG', 'Oberstrasse 222, 9014 St. Gallen, St. Gallen'),
('b35bd9c5-209c-4621-8671-f4f8ea1b8327', 'Peter', 'Hofmann', 'hofmann@fokus-schulentwicklung.ch', '055 243 35 35', 'Fokus Schulentwicklung gmbh', 'Ellenbogenstrasse 26, 8633 Wolfhausen, Zürich'),
('aac9f16a-7421-4540-9abb-c1089c789cc0', 'Andreas', 'Leuthold', 'info@fokuskunden.ch', '052 238 09 26', 'FokusKunden GmbH', 'Bühlackerweg 22, 8405 Winterthur, Zürich'),
('fc9587d4-fed5-45b5-84c4-7f447504fcd4', 'Karin', 'Kopse', 'hallo@fokusraum.ch', '079 768 49 91', 'Fokusraum', 'Maulbeerstrasse 14, 3011 Bern, Bern'),
('cf0f1cb1-1c13-49e2-b0f3-3779051fb576', 'Hans', 'Luder', 'letshelptutorials@gmail.com', '079 683 40 20', 'Folàbolo', 'Neuguetstrasse 6, 8618 Oetwil am See, Zürich'),
('c61aefef-2a00-4497-9550-f1963832c587', 'Marco', 'Folcato', 'mail@folcatoholz.ch', '076 331 31 85', 'Folcato Holz', 'St. Antönierstrasse 8, 7245 Ascharina, Graubünden'),
('5e10ce01-0a38-4580-b3b3-5e494f0c25a1', 'Roman', 'Bucher', 'info@foletti-bucher.ch', '079 292 25 30', 'Foletti Bucher Malerei GmbH', 'Gibraltarstrasse 21, 6003 Luzern, Luzern'),
('06092176-5f7f-47a6-b952-2799b4657bc3', 'Adrian', 'Meile', 'int.sales@folex.ch', '041 819 39 39', 'Folex AG', 'Bahnhofstrasse 92, 6423 Seewen, Schwyz'),
('919b273e-1e05-4786-99e7-caf7829cbc88', 'Ilfete', 'Memishi', 'info@folger-dental.ch', '071 672 58 68', 'Folger GmbH', 'Konstanzerstrasse 24, 8280 Kreuzlingen, Thurgau'),
('78a20da2-6990-4706-8d5b-2feed086be0c', 'Urs', 'Kurath', 'info@folienservice.ch', '043 537 48 65', 'Folien - Express GmbH', 'Aufwiesenstrasse 10, 8305 Dietlikon, Zürich'),
('c51322d5-cf10-46cf-9e41-766a865f5262', 'Fridolin', 'Fischer', 'fridolin.fischer@fofi.com', '056 616 76 00', 'FOLIEN FISCHER AG', 'Bahnhofstrasse 51, 5605 Dottikon, Aargau'),
('c7bd1bd1-8a4f-4305-a056-2e749daca3fb', 'Renate', 'Bühler', 'rbuehler@bch-fps.ch', '033 221 62 88', 'Folio', 'Feldeggstrasse 19, 3098 Köniz, Bern'),
('f07157b0-b15d-451e-971e-c9abd9de3d79', 'Sandra', 'Corbaz', 's.corbaz@folioconsulting.ch', '079 344 63 06', 'Folio Consulting', 'Schaubmatt 2, 3294 Büren an der Aare, Bern'),
('9098bcaa-9d40-41c2-b75f-2aabff8aaf4c', 'Urs', 'Schärer', 'info@foliowerbung.ch', '062 926 31 26', 'Folio-Werbung Gasser AG', 'Färchstrasse 6, 4629 Fulenbach, Solothurn'),
('ad7e0397-c5d7-43a2-af31-fbeb3970ef25', 'Jeannette', 'Folke', 'jeannette@folkepersonaltraining.ch', '079 542 54 51', 'Folke Personal Training', 'Kleinalbis 81, 8045 Zürich, Zürich'),
('69c6154c-b7d0-4fd6-96ab-87451fc8696b', 'Beatrix', 'Steiner-Ruch', 'shop@onlain.ch', '081 353 49 19', 'Folklore-Shop Familie Steiner', 'Montalinstrasse 14, 7203 Trimmis, Graubünden'),
('66fe3c66-6d48-49f6-819f-5204dd7a8744', 'Marcel', 'Follador', 'marcel.follador@folladorbau.ch', '079 406 29 31', 'Follador Bau AG', 'Oberbüel 27, 9054 Haslen, Appenzell Innerrhoden'),
('e1120ab7-b732-4a3d-9542-7699afc0a1c1', 'Marcel', 'Zehnder', 'marcel.zehnder@foellmi.ch', '044 786 71 29', 'Föllmi AG Bauunternehmung', 'Pfäffikonerstrasse 86, 8835 Feusisberg, Schwyz'),
('98210772-0c73-4b2c-ae54-81c956d613d2', 'Hansruedi', 'Föllmi', 'info@foellmi-schreinerei.ch', '076 507 88 85', 'Föllmi Schreinerei GmbH', 'Aeschstrasse 7, 8834 Schindellegi, Schwyz'),
('0011faa5-bc35-43dd-8eba-ce018bcb72f3', 'Sandra', 'Kaufmann', 'info@folybag.ch', '043 488 66 33', 'Folybag GmbH', 'Binzring 11, 8045 Zürich, Zürich'),
('ed7ba0bc-1758-4e42-bd8a-17899484821a', 'Andreas', 'Nauer', 'andreas.nauer@battenberg.ch', '032 344 25 22', 'Fondation Battenberg, Bienne', 'Südstrasse 55, 2500 Biel/Bienne 6, Bern'),
('f01c033a-a5c1-4403-8ba7-f5bc28e66a90', 'Sam', 'Keller', 'kommunikation@fondationbeyeler.ch', '061 645 97 00', 'Fondation Beyeler', 'Baselstrasse 101, 4125 Riehen, Basel-Stadt'),
('ca1d4196-58fb-4366-94a9-e0179521d276', 'Philipp', 'von Büren', 'info@cmsa.ch', '058 360 20 00', 'Fondation de prévoyance de Cendres+Métaux Holding SA', 'Rue de Boujean 122, 2501 Biel/Bienne, Bern'),
('30de6852-6cf1-4885-a060-ec4f04d82663', 'Olivier', 'Naegeli', 'naegeli@fhs-soresa.ch', '032 328 89 14', 'Fondation en faveur du personnel de la Fiduciaire Horlogère Suisse', 'Ernst-Schüler-Strasse 5, 2502 Biel/Bienne, Bern'),
('377fbed5-20ac-4607-af1f-c4a1f9c2433e', 'Caspar', 'Bijleveld', 'contact@papiliorama.ch', '031 756 04 60', 'Fondation Papiliorama', 'Moosmatte 1, 3210 Kerzers, Fribourg/Freiburg'),
('ddf1891c-18b4-4868-8528-ee74c1f08895', 'Brigitte', 'Girardin Häsler', 'info@aiguilla.ch', '032 344 65 65', 'Fonds de prévoyance en faveur du personnel d''Aiguilla SA', 'Rue du Coteau 10, 2502 Biel/Bienne, Bern'),
('154dbbb7-f3c5-4631-bba6-e70b3cf30680', 'Patrick', 'Sandmeier', 'contact@posalux.com', '032 344 75 00', 'Fonds de prévoyance en faveur du personnel de la maison Posalux SA', 'F. Oppliger-Strasse 18, 2500 Biel/Bienne 6, Bern'),
('f4e54e60-48e3-492a-81f3-ef55f7a36892', 'Sébastien', 'Jacot-Descombes', 'info@jacotdescombes.com', '032 344 90 10', 'Fonds de prévoyance en faveur du personnel ''Employés et Ouvriers'' de la maison Jacot des Combes et Cie SA', 'Rue Gottstatt 22, 2500 Biel/Bienne, Bern'),
('ce69fa7d-7609-4a42-8e8d-56a54f4a1829', 'Olivier', 'Schiess', 'info@kleinmetals.swiss', '032 341 73 73', 'Fonds de prévoyance pour le personnel de L. Klein SA', 'Ch. du Long-Champ 110, 2504 Biel/Bienne, Bern'),
('eb41b739-4bda-41c4-9bd5-87283a39e828', 'Patrick Raphael', 'Lengwiler', 'p.lengwiler@evz.ch', '041 725 31 61', 'Fondue Chalet - Zug', 'Arenaplatz, 6303 Zug, Zug'),
('aa1b9d62-fb16-4cd1-9d78-c01acb42877a', 'Marco', 'Mordasini', 'info@fondue-chalet-limmattal.ch', '079 380 84 84', 'Fondue-Chalet Limmattal', 'Brandstrasse, 8952 Schlieren, Zürich'),
('53074940-20ae-4cb6-8391-f6938877a467', 'Carlo', 'Dosch', 'fonduekeller-winterthur@bluewin.ch', '052 224 75 29', 'FondueKeller', 'Tellstrasse 15, 8400 Winterthur, Zürich'),
('ae18761e-19ed-4347-afd2-b1c79fd405d6', 'José Luis', 'Caldas Fonseca', 'info@garten-fonseca.ch', '076 340 79 95', 'FONSECA Gartenpflege GmbH', 'Alte Hedingerstrasse 75, 8910 Affoltern am Albis, Zürich'),
('41f798cd-aa44-4308-b260-9a2213c6c97c', 'Luis', 'Fonseca Goncalves', 'info@fonsecagartenbau.ch', '044 311 27 42', 'Fonseca Garten-Service GmbH', 'Dörflistrasse 14, 8057 Zürich, Zürich'),
('9abaf888-3d4d-40bb-9579-d4f9d1da91c4', 'Félix', 'Fonsegrive', 'felix.fonsegrive@fonsegrive.ch', '061 816 20 00', 'Fonsegrive GmbH', 'Moosmattstrasse 14, 4304 Giebenach, Basel-Land'),
('115c49ad-e148-42f4-a758-54f52b0ea671', 'Jürg', 'Fontana', 'fontana@fontana-leuchten.ch', '079 339 98 76', 'Fontana - Leuchten', 'Heinrichstrasse 177, 8005 Zürich, Zürich'),
('899fb873-2abd-42ac-b297-c795abc9a89a', 'Claudio', 'Fontana', 'info@fontana-fontana.ch', '078 790 08 90', 'Fontana & Fontana AG', 'Buechstrasse 4, 8645 Jona, St. Gallen'),
('0e344ef7-d7d8-4efd-8b22-9ac2bac54fb2', 'Andrea', 'Kübler', 'a.kuebler@fontana-partner.ch', '044 922 40 60', 'Fontana & Partner AG, Immobilien', 'Gewerbestrasse 5b, 8708 Männedorf, Zürich'),
('b3ee5063-528a-4d9a-8700-23782bd3d789', 'René', 'Fontana', 'rene.fontana@bluewin.ch', '071 622 13 72', 'Fontana AG', 'Scheffgässli 9, 9565 Bussnang, Thurgau'),
('f656f081-922d-44b1-8768-57f5325bd86f', 'Irene', 'Odermatt', 'info@fontanaapotheke.ch', '044 242 68 01', 'Fontana Apotheke GmbH', 'Sihlfeldstrasse 150, 8004 Zürich, Zürich'),
('461886fe-9495-4116-b416-9f362a9f302a', 'Carmelo', 'Fontana', 'info@fontana-haustechnik.ch', '062 771 06 06', 'Fontana Haustechnik GmbH', 'Baselstrasse 35, 4222 Zwingen, Basel-Land'),
('3db400d1-324a-4f61-b013-c6fb48e861fc', 'Massimo', 'Fontana', 'fontana@fontana-la.ch', '061 308 99 90', 'Fontana Landschaftsarchitektur GmbH', 'Murbacherstrasse 34, 4056 Basel, Basel-Stadt'),
('76331cb1-cd56-4042-ab89-56f5d1773223', 'Mauro', 'Fontana', 'info@fontanaholz.ch', '081 530 08 80', 'FontanaHolz GmbH', 'Promenada 24c, 7017 Flims Dorf, Graubünden'),
('a4c5cb78-ed66-4261-928e-8b3139b1bc14', 'Samuel', 'Baeriswyl', 'info@fontaris.ch', '031 340 32 22', 'Fontaris AG', 'Jungfraustrasse 1, 3005 Bern, Bern'),
('03aa2ae3-bead-4a25-ab67-272a9c036018', 'Matthias', 'Sauter', 'info@fontarocca.ch', '061 906 70 00', 'Fontarocca Brunnen & Naturstein AG', 'Buchenweg 1, 4410 Liestal, Basel-Land'),
('d389b12e-5d72-4e3a-84a3-2ea191e9712e', 'Francisco', 'Fonti', 'fopa.gartenpflege@hotmail.com', '079 927 36 47', 'Fonti & Palushi Gartenpflege GmbH', 'Finsterrütistrasse 23, 8134 Adliswil, Zürich'),
('a7f55528-8900-442e-979a-0d7fcdd9d214', 'Dominik', 'Klenk', 'd.klenk@fontis.ch', '061 295 60 00', 'Fontis AG', 'Steinentorstrasse 23, 4051 Basel, Basel-Stadt'),
('b7386e78-502f-425e-9952-94814f768b55', 'Romuald', 'Schaniel', 'praxis@fontisana.ch', '081 322 81 25', 'Fontisana GmbH', 'Bahnhofstrasse 1, 7208 Malans, Graubünden'),
('57eeec1f-5d10-45c0-b9bb-651629cfdf25', 'Concettina', 'Abbamonte', 'contact@foodandfactory.ch', '044 204 53 35', 'Food & Factory GmbH', 'Würzgrabenstrasse 5, 8048 Zürich, Zürich'),
('61357edb-ba4b-40aa-ae8a-c0baeed4e6d2', 'Christian Walter', 'Schaub', 'contact@foodbrewer.com', 'N.a.', 'Food Brewer AG', 'Bachtobelstrasse 5, 8810 Horgen, Zürich'),
('bb1e0777-a165-4d41-88f7-91b7c088266b', 'Roman', 'Eggimann', 'post@foodcrew.ch', '079 502 24 83', 'Food Crew GmbH', 'Unterer Aareweg 23, 3250 Lyss, Bern'),
('e2ac4f93-d9e2-46a2-b832-40e275b1063b', 'René', 'Angehrn', 'rene.angehrn@foodengineering.ch', '071 420 02 22', 'Food Engineering GmbH', 'Unterdorfweg 4, 8588 Zihlschlacht, Thurgau'),
('bb46d180-040a-4018-85eb-d1c9156ca9d7', 'Eveline', 'Walz', 'waitress@foodfighters.ch', '043 399 92 92', 'Food Fighters GmbH', 'Seestrasse 367, 8038 Zürich, Zürich'),
('c9b12b98-3663-429d-8a4a-ca318c78dd4c', 'Simon', 'Widmer', 'simon.widmer@sv-group.ch', '044 633 72 20', 'Food Market - ETH Zürich', 'Joseph-von-Deschwanden-Platz 1, 8093 Zürich, Zürich'),
('49a293b7-8967-46a0-b1fb-bfc58c7c66ee', 'Marvin', 'Röthlisberger', 'info@foodmastery.ch', 'N.a.', 'Food Mastery Röthlisberger', 'Neumattweg 112, 3322 Mattstetten, Bern'),
('1c8f57dc-6b35-4158-a1d7-a69b913ab129', 'Kees Diederick', 'Bakker', 'info@lekker-lekker.ch', '055 410 50 00', 'Food und Wein GmbH', 'Zentrum Staldenbach 8, 8808 Pfäffikon, Schwyz'),
('c25ba860-368a-44fc-b415-cb2966b5e172', 'Roland', 'Wyss-Aerni', 'roland.wyss@foodaktuell.ch', '031 380 13 20', 'foodaktuell', '3001 Bern, Bern'),
('1a0f0959-3d9d-4198-9df9-7e684de548b4', 'Simon', 'Keller', 'info@foodkreator.ch', '041 442 01 55', 'FoodKreator AG', 'Sagenhofweg 7, 6030 Ebikon, Luzern'),
('6735211e-7ee9-4145-8318-94aa0be50d97', 'Mirko', 'Buri', 'mail@foodoo.world', '031 318 66 66', 'FOODOO GmbH', 'Lauterbachstrasse 137, 3068 Utzigen, Bern'),
('0c89e60c-2b8e-4b5f-92b0-9c3b274c8b5d', 'Lydia', 'Seidel', 'foodorama@sv-group.ch', '058 586 82 22', 'Foodorama Restaurant', 'Segelhofstrasse 1, 5405 Baden, Aargau'),
('cfac3d26-7acf-4cd5-b428-7a879bc0c1d5', 'Thomas', 'Camenzind', 'hi@foodroots.io', '079 828 28 25', 'foodroots. AG', 'Stückistrasse 15, 6442 Gersau, Schwyz'),
('a74508e7-e30d-4550-bea2-49e26adbee64', 'Julia', 'Deininger', 'office@foodtech.ch', '044 994 44 88', 'Foodtech AG', 'Wermatswilerstrasse 8, 8610 Uster, Zürich'),
('857c1293-5e58-42e3-b586-8b98e48851f4', 'Markus', 'Hurschler', 'markus.hurschler@foodways.ch', '031 331 16 16', 'Foodways Consulting GmbH', 'Murbacherstrasse 34, 4056 Basel, Basel-Stadt'),
('5913cf83-543e-47f6-9d25-c5a4ffea73ea', 'Tuncay', 'Kont', 'info@football-legends.ch', '076 440 41 81', 'Football-Legends.ch', 'Grundgasse 9, 9500 Wil, St. Gallen'),
('f218e7cd-e9c9-4834-b8b3-a476a52324b3', 'Zana', 'Omar', 'info@fopisa-schwyz.ch', '041 810 18 22', 'Fopisa Schwyz', 'Hirzengasse 3, 6430 Schwyz, Schwyz'),
('871121b1-9856-4f71-a23f-e10294b2aa3e', 'Marco', 'Furrer', 'm.furrer@foppa.ch', '081 286 94 24', 'Foppa AG', 'Tardisstrasse 221, 7205 Zizers, Graubünden'),
('67030c00-97ba-4067-b29c-933d68c88a14', 'Rolf', 'Spichtig', 'info@forroof-ag.ch', '055 644 24 37', 'For Roof - Bedachungen AG', 'Untere Allmeind 2, 8773 Haslen, Glarus'),
('098c9a28-8c3d-4e6a-98f2-94fca806e294', 'Roman', 'Büchler', 'roman.buechler@foran.ch', '079 636 07 79', 'foran gmbh', 'Haltelhusstrasse 1, 9402 Mörschwil, St. Gallen'),
('5e8e0595-9c26-48a8-9bf4-c82a3d9f750f', 'Roman', 'Burch', 'info@forb.swiss', '071 244 22 33', 'FORB Kommunikation AG', 'Multergasse 2a, 9000 St. Gallen, St. Gallen'),
('d31d32ed-a9b9-4a3a-b7e0-9c4b851db352', 'Fernando', 'Pérez', 'fp@1advd.ch', '044 884 08 84', 'Forbidden Planet AG', 'Althardstrasse 150, 8105 Regensdorf, Zürich'),
('177395b2-677c-42c1-948c-2888b51dc64c', 'Daniel', 'Gygax', 'siegling.ch@forbo.com', '061 865 62 50', 'Forbo Siegling Schweiz AG', 'Kapellenstrasse 2, 4323 Wallbach, Aargau'),
('a679932d-54e0-4406-93c4-70c8e762b1f1', 'Bernhard', 'Truffer', 'info@gkw-ag.ch', '027 970 58 00', 'Forces Motrices de Conches S.A.', 'Fieschergasse 6, 3995 Ernen, Wallis/Valais'),
('b30f1bca-4455-4f7f-a58a-738bfec36020', 'Oscar', 'Forchini', 'forchinigmbh@bluewin.ch', '079 229 13 53', 'Forchini GmbH', 'Hembergerstrasse 55, 9630 Wattwil, St. Gallen'),
('06f12da2-f9d6-4110-ab0a-f60b4ab79b88', 'Eduardo', 'Salazar', 'info@forctis.io', 'N.a.', 'Forctis AG c/o S&K Partners AG', 'Samstagernstrasse 55, 8832 Wollerau, Schwyz'),
('23a953cf-fc89-463c-886b-c3e963e1c59d', 'Karin', 'Mirsch', 'karin.mirsch@foerderschule.ch', '071 978 70 80', 'Förderschule Fischingen', 'Chilbergstrasse 14, 8376 Fischingen, Thurgau'),
('1ffef9cf-fa17-4384-a16f-14f154da1b01', 'Roswitha', 'Durigan', 'info@foerderstaette-binningen.ch', '061 422 12 08', 'Förderstätte am Schlosspark', 'Baslerstrasse 60, 4102 Binningen, Basel-Land'),
('85b69121-058e-4c60-8911-349ef2cf42c3', 'Cornelia', 'Prezewowsky', 'cprezewowsky@hotmail.com', '079 869 54 73', 'Forel Klinik', 'Hottingerstrasse 18, 8032 Zürich, Zürich'),
('a5445a1b-11b1-4e0c-ae91-8b0110b90e1f', 'Nanda', 'Samimi', 'info@forel-klinik.ch', '052 369 11 11', 'Forel Klinik AG', 'Islikonerstrasse 5, 8548 Ellikon an der Thur, Zürich'),
('684dc139-d720-4bf4-88a7-9f48f53acfc5', 'Susanne', 'Flückiger', 'info@forellenparadies.ch', '062 721 46 46', 'Forellenparadies', 'Hinterhubelstrasse 9, 4813 Uerkheim, Aargau'),
('5975aed4-0f13-4aa0-a342-21d7a19ea3c8', 'Beat', 'Salzmann', 'beat.salzmann@forellensee-garage.ch', '033 722 18 48', 'Forellensee-Garage Holding AG', 'Thunstrasse 28 - 30, 3770 Zweisimmen, Bern'),
('7126bee2-07e0-4773-9201-12a0b19a14b0', 'Jens', 'Sommer', 'info@forensik-praxis-bern.ch', '078 664 98 05', 'Forensik Praxis Bern AG', 'Ryffligässchen 5, 3011 Bern, Bern'),
('3e885978-47ea-499f-8dc4-a6dd0a08bd74', 'Thomas', 'Flury', 't.flury@forensis.ch', '062 213 13 07', 'Forensis Treuhand AG', 'Hübelistrasse 26, 4600 Olten, Solothurn'),
('aa9eda43-ae21-4858-a442-5375511695db', 'Rosaria', 'Barone', 'info@forest-garden.ch', '043 537 62 02', 'Forest Garden Kosmetikstudio', 'Schwamendingenstrasse 116, 8051 Zürich, Zürich'),
('f5c600b7-7f70-4c2d-a9a7-b906da39ddef', 'Sylvie', 'Walder', 'info@foresterbeauty.com', '044 885 58 58', 'Forester Beauty', 'Hagenholzstrasse 86, 8050 Zürich, Zürich'),
('e7b80478-f7e3-49aa-bb8c-dbd75b58c32e', 'Rex', 'Maughan', 'info@flp.ch', '052 235 11 70', 'Forever Living Products Switzerland GmbH', 'Juchstrasse 31, 8500 Frauenfeld, Thurgau'),
('832e03ba-a417-4fe9-8446-fe63ed5a9919', 'Beat', 'Moeri', 'info@forgolfer.ch', '079 322 32 73', 'Forgolfer GmbH', 'Hauptstrasse 130, 4147 Aesch, Basel-Land'),
('4e67f96b-f7bc-424d-a3d3-8b93f5bb0d50', 'Monika', 'Egli-Alge', 'info@forio.ch', '079 650 27 73', 'forio AG', 'Zürcherstrasse 149, 8500 Frauenfeld, Thurgau'),
('f4727417-c3c9-4edf-8f4e-82f266585916', 'Manfred', 'Pristas', 'manfred.pristas@foris-global.com', 'N.a.', 'Foris Global GmbH', 'Kasernenstrasse 39, 9100 Herisau, Appenzell Ausserrhoden'),
('2a1ffc2e-b521-4f93-9f01-282c6298c3c1', 'Michael', 'Goguen', 'reservations@forkandbottle.ch', '044 201 18 17', 'Fork and bottle MG GmbH', 'Allmendstrasse 20, 8002 Zürich, Zürich'),
('ca41af7f-7b80-492f-8943-83d3467c75df', 'Achill', 'Herzig', 'info@form-und-farbe.ch', '052 246 11 11', 'Form & Farbe Herzig AG', 'Spinnereiweg 2, 8307 Effretikon, Zürich'),
('f24dad47-5170-4726-a861-4787fc1629a2', 'Adrian', 'Belser', 'info@form-schnitt.ch', '079 555 91 96', 'form & schnitt gartenpflege gmbh', 'Itenhardstrasse 10, 5620 Bremgarten, Aargau'),
('481bb511-69a3-4cd2-bcf8-475917795427', 'Barbara', 'Hofer Brogini', 'hoferbrogini@formundraum.ch', '031 381 08 08', 'Form + Raum Hofer AG', 'Falkenplatz 5, 3012 Bern, Bern'),
('526a884b-c8b6-45df-80e2-dce414c948b1', 'Thomas', 'Haller', 't.haller@form-atelier.ch', '075 412 20 83', 'Form Atelier GmbH', 'Häsiweg 21, 5018 Erlinsbach, Aargau'),
('a15d91e2-5469-4663-b7e5-e4c80d5313a9', 'Mirjam', 'Blum', 'mb@form-innenarchitektur.ch', '041 817 74 00', 'Form Innenarchitektur GmbH', 'Bahnhofstrasse 15, 6440 Brunnen, Schwyz'),
('5c361d93-d9a6-40a7-9a23-6f14330b7e58', 'Milan', 'Schmid', 'holzbau@form2.ch', '078 343 34 34', 'FORM2 HOLZBAU GMBH', 'Säge 556, 9044 Wald, Appenzell Ausserrhoden'),
('c893a216-86fa-4504-bbcd-289599361cb9', 'Stefan', 'Keller', 'ske@forma.ch', '071 227 63 44', 'Forma Architekten AG', 'Schillerstrasse 9, 9000 St. Gallen, St. Gallen'),
('11c937f8-f639-4352-b22a-755dc5f67e35', 'Antoinette', 'Hunziker-Ebneter', 'antoinette.hunziker@formafutura.com', '044 287 22 87', 'Forma Futura Invest AG', 'Bederstrasse 49, 8002 Zürich, Zürich'),
('ca091963-2d31-4884-939c-513220ed9d47', 'Lars-Helge', 'Weseloh', 'info@formafix.ch', '043 497 79 03', 'FORMAFIX SWITZERLAND AG', 'Stationsstrasse 3, 8335 Hittnau, Zürich'),
('4ffae233-9263-4072-b4d9-e5509f6c0042', 'Rudolf', 'Keller', 'info@form-architektur.ch', '071 446 00 77', 'Formarchitektur GmbH', 'Brühlstrasse 5, 9320 Arbon, Thurgau'),
('dcb8d8c4-4f42-4d0d-9a2e-1557c620a807', 'Werner', 'Zemp', 'info@formare.ch', '041 480 34 66', 'FORMARE GmbH', 'Stocketli 11, 6112 Doppleschwand, Luzern'),
('3d76b235-d474-4aed-ae5a-3d5908a36224', 'Elisabeth', 'Kindlimann', 'info@format41.ch', '055 211 94 80', 'Format 41 Raumgestaltung AG', 'Rütistrasse 41, 8645 Jona, St. Gallen'),
('90c1a230-e98f-47d3-a3d0-018508d06976', 'Bernhard', 'Meier', 'bernhard.meier@format-a.ch', '044 268 69 00', 'Format A AG', 'Wiesenstrasse 9, 8034 Zürich, Zürich');

INSERT INTO leads (id, contact_id, source, status, value, notes) VALUES
('fddcd8bb-482b-47df-8a2b-055e620100cb', '77fa426a-c6c3-4112-9268-13f65840630c', 'KALTAKQUISE', 'ACTIVE', 0, 'Funktion: Geschäftsführer/in (CEO) | Mitarbeiter: 1 bis 10 | Branche: Hofläden & Bauernhöfe'),
('1364e684-ea37-4fb0-b9bb-2af053baf43e', 'e6b155e0-133b-4235-b1bb-caecce1510fc', 'KALTAKQUISE', 'ACTIVE', 0, 'Funktion: Geschäftsführer/in (CEO) | Mitarbeiter: 1 bis 10 | Branche: Garagen | Rechtsform: Gesellschaft mit beschränkter Haftung'),
('ea59b91d-15de-4213-a694-5d02b65aa6c8', 'f8e2d928-d688-493e-ad40-db9aa057712e', 'KALTAKQUISE', 'ACTIVE', 0, 'Funktion: Geschäftsführer/in (CEO) | Mitarbeiter: 1 bis 10 | Branche: Bau- & Projektmanagement / General- & Totalunternehmungen | Rechtsform: Einzelunternehmen'),
('b19ff422-58f7-480a-a312-d650d010eec5', 'deddb455-749f-473f-a2fb-130461cc2af8', 'KALTAKQUISE', 'ACTIVE', 0, 'Funktion: Geschäftsführer/in (CEO) | Mitarbeiter: 1 bis 10 | Branche: Architekturbüros | Rechtsform: Aktiengesellschaft'),
('e05a57f2-2920-482d-96b3-43f983b1acd0', '0c6a75c2-5148-4899-a073-8ba328ef6a46', 'KALTAKQUISE', 'ACTIVE', 0, 'Funktion: Geschäftsführer/in (CEO) | Mitarbeiter: 21 bis 50 | Branche: Schreinerei- & Holzbaubetriebe | Rechtsform: Aktiengesellschaft'),
('f05353d4-2ad6-40d8-bec9-5a8d500962e8', 'fa3cf8ab-82ff-49b5-8cda-40bb8f8ef0a0', 'KALTAKQUISE', 'ACTIVE', 0, 'Funktion: Geschäftsführer/in (CEO) | Mitarbeiter: 1 bis 10 | Branche: Treuhandbüros | Rechtsform: Gesellschaft mit beschränkter Haftung'),
('d74da149-bc58-4fd6-a085-a7f1db6d6291', '61f53f43-4451-46b0-ab09-fc90d7a2565c', 'KALTAKQUISE', 'ACTIVE', 0, 'Funktion: Geschäftsführer/in (CEO) | Mitarbeiter: 11 bis 20 | Branche: Sanitär & Haustechnik | Rechtsform: Aktiengesellschaft'),
('94b27990-3e97-4822-88dd-93e3a863b091', 'a2e244bb-452b-4b42-a467-8356ba5598e2', 'KALTAKQUISE', 'ACTIVE', 0, 'Funktion: Geschäftsführer/in (CEO) | Mitarbeiter: 1 bis 10 | Branche: Sanitär & Haustechnik | Rechtsform: Einzelunternehmen'),
('8e30ccfe-0d53-4dc3-a967-ff4a77d9b55d', '7f2fd63e-66cf-4371-a2f2-d8ebca054ed5', 'KALTAKQUISE', 'ACTIVE', 0, 'Funktion: Geschäftsführer/in (CEO) | Mitarbeiter: 1 bis 10 | Branche: Schreinerei- & Holzbaubetriebe | Rechtsform: Gesellschaft mit beschränkter Haftung'),
('19fc40a3-11b2-451f-ba23-46f12e50f54a', 'b4d94f97-832c-43c8-8a8f-2d7d05987aff', 'KALTAKQUISE', 'ACTIVE', 0, 'Funktion: Geschäftsführer/in (CEO) | Mitarbeiter: 1 bis 10 | Branche: Architekturbüros | Rechtsform: Gesellschaft mit beschränkter Haftung'),
('128f033a-aa27-448d-af46-76fe09a42461', '2009a79b-0f98-443f-addc-ec4d12481655', 'KALTAKQUISE', 'ACTIVE', 0, 'Funktion: Geschäftsführer/in (CEO) | Mitarbeiter: 1 bis 10 | Branche: Garagen | Rechtsform: Aktiengesellschaft'),
('4221c57f-d781-4f3a-a1af-74f96f9a4dd1', '4e4d0880-8802-477d-9223-c2828464eb20', 'KALTAKQUISE', 'ACTIVE', 0, 'Funktion: Geschäftsführer/in (CEO) | Mitarbeiter: 51 bis 100 | Branche: Lebensmittelverarbeitung | Rechtsform: Aktiengesellschaft'),
('6b5b705f-e1f1-4b39-a520-a10e397fa71d', 'e5291d09-f041-427f-adbe-b3be28454a0f', 'KALTAKQUISE', 'ACTIVE', 0, 'Funktion: Geschäftsführer/in (CEO) | Mitarbeiter: 11 bis 20 | Branche: Bauingenieurbüros | Rechtsform: Schweizerische Zweigniederlassung'),
('09139a16-58c8-40f2-bb82-823a0b0c16ff', '854aaa8c-8015-4e8a-ab0f-00b8a455c8d5', 'KALTAKQUISE', 'ACTIVE', 0, 'Funktion: Geschäftsführer/in (CEO) | Mitarbeiter: 11 bis 20 | Branche: Gartenbau & -pflege | Rechtsform: Aktiengesellschaft'),
('4abe9d2a-e862-46d5-86af-51c5919a9b65', '2c92459f-6844-4356-a150-89744d40dbb7', 'KALTAKQUISE', 'ACTIVE', 0, 'Funktion: Geschäftsführer/in (CEO) | Mitarbeiter: 11 bis 20 | Branche: Schreinerei- & Holzbaubetriebe | Rechtsform: Aktiengesellschaft'),
('03be3e24-6685-4e16-91f2-05812fa699ce', 'f234bcf4-46ee-4559-a9f7-a3d6fc80985f', 'KALTAKQUISE', 'ACTIVE', 0, 'Funktion: Geschäftsführer/in (CEO) | Mitarbeiter: 1 bis 10 | Branche: Maler- & Gipsergeschäfte | Rechtsform: Gesellschaft mit beschränkter Haftung'),
('84995134-2d4d-46b8-8215-57aa50da1376', '182f1403-746d-4230-b458-645c312a8111', 'KALTAKQUISE', 'ACTIVE', 0, 'Funktion: Geschäftsführer/in (CEO) | Mitarbeiter: 1 bis 10 | Branche: Physiotherapie | Rechtsform: Schweizerische Zweigniederlassung'),
('1459afda-dc85-491a-a482-be9aed482ff3', 'd1d57361-6003-4edf-9ad2-55ff7ce41a88', 'KALTAKQUISE', 'ACTIVE', 0, 'Funktion: Geschäftsführer/in (CEO) | Mitarbeiter: 1 bis 10 | Branche: Fitnessstudios | Rechtsform: Gesellschaft mit beschränkter Haftung'),
('7269d3ae-0dd4-46b1-8352-2c547b4e5bca', '9388f807-8735-464c-8e74-6d8b0b5757bd', 'KALTAKQUISE', 'ACTIVE', 0, 'Funktion: Geschäftsführer/in (CEO) | Mitarbeiter: Mehr als 500 | Branche: Alters- & Pflegeheime / Spitäler & Kliniken | Rechtsform: Stiftung'),
('3714c985-37a1-4c4e-b37e-0dabf2d34e06', '932b9d35-e58d-4f67-aaaf-eb9dede8c850', 'KALTAKQUISE', 'ACTIVE', 0, 'Funktion: Leitung Pflege | Mitarbeiter: Mehr als 500 | Branche: Spitex'),
('120c86f6-5521-4e20-9777-0f2154e0d529', '894bfeea-7ced-4341-8547-45d9bec8d7c7', 'KALTAKQUISE', 'ACTIVE', 0, 'Funktion: Geschäftsführer/in (CEO) | Mitarbeiter: 1 bis 10 | Branche: Maschinenbauindustrie | Rechtsform: Aktiengesellschaft'),
('8083308c-6bb4-449e-af42-d7aed40d51c6', '5d7e36b6-bad6-49eb-92ba-89f822543c66', 'KALTAKQUISE', 'ACTIVE', 0, 'Funktion: Geschäftsführer/in (CEO) | Mitarbeiter: 1 bis 10 | Branche: Treuhandbüros / Immobilienverwaltung / Immobilienvermittlung | Rechtsform: Aktiengesellschaft'),
('06f4a07e-5acb-41c2-916f-d69f13804211', '7a395cf1-306b-4e6b-b850-de1c21a7b8ea', 'KALTAKQUISE', 'ACTIVE', 0, 'Funktion: Geschäftsführer/in (CEO) | Mitarbeiter: 11 bis 20 | Branche: Architekturbüros | Rechtsform: Aktiengesellschaft'),
('f166f5cc-3bc8-4361-8ed0-33444022ae90', '4f04bb59-68f0-4637-b059-a327b528d4a4', 'KALTAKQUISE', 'ACTIVE', 0, 'Funktion: Geschäftsführer/in (CEO) | Mitarbeiter: 11 bis 20 | Branche: Clubs, Bars & Eventlocations'),
('8602ae2d-b365-4bfc-b441-b84dfe3e991b', '3e17e273-b1d7-4c2b-a15c-877cd45d38ce', 'KALTAKQUISE', 'ACTIVE', 0, 'Funktion: Geschäftsführer/in (CEO) | Mitarbeiter: 11 bis 20 | Branche: Bauingenieurbüros | Rechtsform: Aktiengesellschaft'),
('35ccf61b-91ad-4c5b-b3c2-31502acdafc5', '0baf293c-1f2b-44c0-baec-ea77ef0fcacf', 'KALTAKQUISE', 'ACTIVE', 0, 'Funktion: Geschäftsführer/in (CEO) | Mitarbeiter: 1 bis 10 | Branche: Glas-, Keramik-, Stein- & Baustoffindustrie | Rechtsform: Einzelunternehmen'),
('30b5da50-9e54-4e25-8d56-971c60bceafb', '59f4a618-9feb-4a19-8728-8a187b36f5f7', 'KALTAKQUISE', 'ACTIVE', 0, 'Funktion: Geschäftsführer/in (CEO) | Mitarbeiter: 1 bis 10 | Branche: Energieindustrie | Rechtsform: Gesellschaft mit beschränkter Haftung'),
('50870bbb-5bc0-4306-bbdf-16e5c1cd3c61', 'e0d6dec6-d949-44bb-b710-bdb76c4647e7', 'KALTAKQUISE', 'ACTIVE', 0, 'Funktion: Geschäftsführer/in (CEO) | Mitarbeiter: 1 bis 10 | Branche: Schreinerei- & Holzbaubetriebe | Rechtsform: Aktiengesellschaft'),
('c5377c71-ccb2-42fc-8349-75819bed6b7a', '9e4879b0-e870-40cb-806b-b55582e33752', 'KALTAKQUISE', 'ACTIVE', 0, 'Funktion: Geschäftsführer/in (CEO) | Mitarbeiter: 1 bis 10 | Branche: Bauingenieurbüros | Rechtsform: Aktiengesellschaft'),
('f44f9667-8f3e-418c-82c3-3788fd685c04', '31cf9ad5-f1fb-4bdd-9623-ef29c3ef0a3e', 'KALTAKQUISE', 'ACTIVE', 0, 'Funktion: Geschäftsführer/in (CEO) | Mitarbeiter: 1 bis 10 | Branche: Textil- & Möbelindustrie / Schreinerei- & Holzbaubetriebe | Rechtsform: Gesellschaft mit beschränkter Haftung'),
('39ed2ad0-439f-42b3-b202-a25d847c9254', '19a118f8-eaac-4440-b984-1d0669d06bdb', 'KALTAKQUISE', 'ACTIVE', 0, 'Funktion: Geschäftsführer/in (CEO) | Mitarbeiter: 1 bis 10 | Branche: Treuhandbüros / Immobilienverwaltung / Immobilienvermittlung | Rechtsform: Aktiengesellschaft'),
('12169529-c08b-4064-acc8-4a32a60e47a6', '8ce20114-7d5b-43c7-be11-b704f24d763f', 'KALTAKQUISE', 'ACTIVE', 0, 'Funktion: Geschäftsführer/in (CEO) | Mitarbeiter: 1 bis 10 | Branche: Architekturbüros | Rechtsform: Gesellschaft mit beschränkter Haftung'),
('4c24559a-1b14-4722-85e7-fbc8e98c6dfd', '1047356a-de90-43dc-8211-7c9d992ab97c', 'KALTAKQUISE', 'ACTIVE', 0, 'Funktion: Geschäftsführer/in (CEO) | Mitarbeiter: 1 bis 10 | Branche: Energieindustrie / Nachhaltigkeitsbereich / Solar & Photovoltaik | Rechtsform: Aktiengesellschaft'),
('0d421d92-b9f1-4abc-b44c-6adba2f8fe16', '4d107baf-e105-4af7-973f-128b45e12d95', 'KALTAKQUISE', 'ACTIVE', 0, 'Funktion: Geschäftsführer/in (CEO) | Mitarbeiter: 51 bis 100 | Branche: Online Shops | Rechtsform: Aktiengesellschaft'),
('31f2fbe4-a76f-421e-85c5-d4430fc0a1ca', '4f85c0a1-bb7a-48b9-bdf9-100892b2ec75', 'KALTAKQUISE', 'ACTIVE', 0, 'Funktion: Geschäftsführer/in (CEO) | Mitarbeiter: 1 bis 10 | Branche: Divers | Rechtsform: Einzelunternehmen'),
('c7c85a17-0bbc-420a-96d3-4c258ef086a0', '9045e3bb-206b-4af0-9d46-c728ebfd426a', 'KALTAKQUISE', 'ACTIVE', 0, 'Funktion: Geschäftsführer/in (CEO) | Mitarbeiter: 1 bis 10 | Branche: Divers'),
('50922d3b-be94-436c-ba66-543e3066ca7f', '50cd20a6-8fdd-431d-8701-689a8439a670', 'KALTAKQUISE', 'ACTIVE', 0, 'Funktion: Geschäftsführer/in (CEO) | Mitarbeiter: 1 bis 10 | Branche: Unternehmensberater'),
('8bee2529-fe55-4abc-a58e-fa07e49116c1', 'a813b19f-5b9f-4f50-a0c1-a24592bf8dde', 'KALTAKQUISE', 'ACTIVE', 0, 'Funktion: Leitung Schule | Mitarbeiter: 51 bis 100 | Branche: Weiterbildungsinstitute | Rechtsform: Gesellschaft mit beschränkter Haftung'),
('97c29f8c-b51f-4d9b-b01a-f5606ed1e8db', 'a3f6d9d8-b7f7-483f-a2e6-54b89c903e0c', 'KALTAKQUISE', 'ACTIVE', 0, 'Funktion: Geschäftsführer/in (CEO) | Mitarbeiter: 1 bis 10 | Branche: Apotheken & Drogerien | Rechtsform: Gesellschaft mit beschränkter Haftung'),
('8a6315fd-5d11-4003-9b25-4251e029bc99', 'a6c0d31e-4ff9-46a3-8ab5-70df24de4bd8', 'KALTAKQUISE', 'ACTIVE', 0, 'Funktion: Geschäftsführer/in (CEO) | Mitarbeiter: 1 bis 10 | Branche: Facility Management & Reinigungsfirmen'),
('225d7872-ab8c-4916-8c5c-0271a28a293e', 'c4bf3a9d-7d94-46b6-a177-145e2d8bc211', 'KALTAKQUISE', 'ACTIVE', 0, 'Funktion: Geschäftsführer/in (CEO) | Mitarbeiter: 1 bis 10 | Branche: Elektroindustrie | Rechtsform: Aktiengesellschaft'),
('016ec599-23d7-415a-bd5c-9bab75ab020e', 'a017e5db-921c-4906-b87a-1dd2fa380c8e', 'KALTAKQUISE', 'ACTIVE', 0, 'Funktion: Geschäftsführer/in (CEO) | Mitarbeiter: 11 bis 20 | Branche: Online Shops'),
('03893045-6582-4340-bdf6-e8d37495d349', 'ca826c8b-8137-4e7f-99bb-1b19a5b74490', 'KALTAKQUISE', 'ACTIVE', 0, 'Funktion: Geschäftsführer/in (CEO) | Mitarbeiter: 1 bis 10 | Branche: Facility Management & Reinigungsfirmen | Rechtsform: Gesellschaft mit beschränkter Haftung'),
('b7572981-52f8-42d1-aad7-9468de5264af', 'bee07095-3154-4cfc-8237-65a4c11e0490', 'KALTAKQUISE', 'ACTIVE', 0, 'Funktion: Geschäftsführer/in (CEO) | Mitarbeiter: 1 bis 10 | Branche: Versicherungsbroker & -makler'),
('d6fa3636-290a-47e4-96d1-63d45c4a6ee7', '3ffac04d-1f82-41dc-ad75-4e18fa06f357', 'KALTAKQUISE', 'ACTIVE', 0, 'Funktion: Geschäftsführer/in (CEO) | Mitarbeiter: 11 bis 20 | Branche: Facility Management & Reinigungsfirmen'),
('eb3c1821-a36e-4bad-86a6-8a2cdc97a1f9', 'd9684f12-66d4-4bde-abaf-10956e5990ec', 'KALTAKQUISE', 'ACTIVE', 0, 'Funktion: Geschäftsführer/in (CEO) | Mitarbeiter: 1 bis 10 | Branche: Maler- & Gipsergeschäfte | Rechtsform: Einzelunternehmen'),
('b620fda4-9c8e-47b5-a7ad-78173e6ce4e7', 'f3136564-72d3-49f0-a8ab-57ab25881bc4', 'KALTAKQUISE', 'ACTIVE', 0, 'Funktion: Geschäftsführer/in (CEO) | Mitarbeiter: 11 bis 20 | Branche: Facility Management & Reinigungsfirmen'),
('bb6e1be8-43c0-4fca-835f-ea92eb514d3f', '7336e66c-3343-4d5d-be20-3dbe76f53bbf', 'KALTAKQUISE', 'ACTIVE', 0, 'Funktion: Geschäftsführer/in (CEO) | Mitarbeiter: 1 bis 10 | Branche: Boden- & Plattenleger | Rechtsform: Gesellschaft mit beschränkter Haftung'),
('4bbbf3ed-e249-432b-87c7-089fab2a3e85', '594b2ff6-b0e6-4783-a417-fd920387f889', 'KALTAKQUISE', 'ACTIVE', 0, 'Funktion: Geschäftsführer/in (CEO) | Mitarbeiter: 1 bis 10 | Branche: Schreinerei- & Holzbaubetriebe | Rechtsform: Aktiengesellschaft'),
('12f34c85-f1dc-483b-b607-18b6a5c1d9a9', '5b60ebbb-9df1-416c-aeb4-72b42c56d3f8', 'KALTAKQUISE', 'ACTIVE', 0, 'Funktion: Geschäftsführer/in (CEO) | Mitarbeiter: 11 bis 20 | Branche: Facility Management & Reinigungsfirmen / Boden- & Plattenleger | Rechtsform: Gesellschaft mit beschränkter Haftung'),
('35040059-c106-4969-9e7d-1b3b13069a24', 'daf6cfc6-5467-4b84-b7a4-8eab0911100f', 'KALTAKQUISE', 'ACTIVE', 0, 'Funktion: Geschäftsführer/in (CEO) | Mitarbeiter: 1 bis 10 | Branche: Arztpraxen'),
('66717aba-3ea1-4180-9bf2-bc7364018a6b', '62c90371-1c43-4aed-85e9-6a23ff9e92b0', 'KALTAKQUISE', 'ACTIVE', 0, 'Funktion: Geschäftsführer/in (CEO) | Mitarbeiter: 11 bis 20 | Branche: Divers'),
('ccffd5d9-6366-4a91-a307-e407b08438c3', '569c0bc2-1ccd-4166-8096-eb9bfee42c4e', 'KALTAKQUISE', 'ACTIVE', 0, 'Funktion: Geschäftsführer/in (CEO) | Mitarbeiter: 1 bis 10 | Branche: Versicherungsbroker & -makler | Rechtsform: Aktiengesellschaft'),
('2831f3e2-e19b-4d5b-996f-ed385969c93f', '27279dd8-eee0-482a-839f-a7649b282060', 'KALTAKQUISE', 'ACTIVE', 0, 'Funktion: Geschäftsführer/in (CEO) | Mitarbeiter: 11 bis 20 | Branche: Facility Management & Reinigungsfirmen'),
('7c3d1be8-d9a7-4ff8-bd7f-f9e41a61bd80', '45fc2c13-1a72-49e7-8968-1bcf5cf3e561', 'KALTAKQUISE', 'ACTIVE', 0, 'Funktion: Geschäftsführer/in (CEO) | Mitarbeiter: 1 bis 10 | Branche: Schreinerei- & Holzbaubetriebe'),
('5cc20090-7263-47d8-8769-aadbc2749511', '0eb1ff7e-3372-47f9-a274-622207fa0470', 'KALTAKQUISE', 'ACTIVE', 0, 'Funktion: Geschäftsführer/in (CEO) | Mitarbeiter: 11 bis 20 | Branche: Unternehmensberater | Rechtsform: Aktiengesellschaft'),
('3d63a3d9-0d9f-49c5-872c-be406a6a4400', '191b1650-c541-46bb-a66b-4e884c429e59', 'KALTAKQUISE', 'ACTIVE', 0, 'Funktion: Geschäftsführer/in (CEO) | Mitarbeiter: 1 bis 10 | Branche: Physiotherapie'),
('e0f46c30-396c-46af-b80a-69a9f860aa98', '27eaf09c-a015-4492-9851-3fb08cc4d1c2', 'KALTAKQUISE', 'ACTIVE', 0, 'Funktion: Geschäftsführer/in (CEO) | Mitarbeiter: 1 bis 10 | Branche: Maschinenbauindustrie / Online Shops | Rechtsform: Einzelunternehmen'),
('39812b9c-819b-4a95-bbad-45cb2b3911d7', 'a5efb56b-4f6a-42c6-b51f-6c52c711e92a', 'KALTAKQUISE', 'ACTIVE', 0, 'Funktion: Geschäftsführer/in (CEO) | Mitarbeiter: 1 bis 10 | Branche: Maschinenbauindustrie | Rechtsform: Gesellschaft mit beschränkter Haftung'),
('d0d338f8-ea5b-4f2c-a175-37ac3d7cc54b', '65d3edf1-432e-4313-b309-10ad014ab00e', 'KALTAKQUISE', 'ACTIVE', 0, 'Funktion: Geschäftsführer/in (CEO) | Mitarbeiter: 1 bis 10 | Branche: Maschinenbauindustrie | Rechtsform: Aktiengesellschaft'),
('af8b8947-9297-4ee6-b367-824188ef5ccf', 'add744dd-7bad-47ae-9207-068e7db67e2a', 'KALTAKQUISE', 'ACTIVE', 0, 'Funktion: Geschäftsführer/in (CEO) | Mitarbeiter: 1 bis 10 | Branche: Treuhandbüros / Immobilienverwaltung | Rechtsform: Gesellschaft mit beschränkter Haftung'),
('8a6552af-6967-432f-bf9f-7f0165bb87d7', '60b7b1eb-6458-41cf-bd66-7886c7c8474f', 'KALTAKQUISE', 'ACTIVE', 0, 'Funktion: Geschäftsführer/in (CEO) | Mitarbeiter: 11 bis 20 | Branche: Divers / Druckereibetriebe | Rechtsform: Aktiengesellschaft'),
('93d20358-dc0e-446b-bffe-b183947529e2', '3adcabed-d748-4867-a169-a516ac2b1c28', 'KALTAKQUISE', 'ACTIVE', 0, 'Funktion: Geschäftsführer/in (CEO) | Mitarbeiter: 21 bis 50 | Branche: Elektroindustrie | Rechtsform: Aktiengesellschaft'),
('8605e793-3b65-47fe-a54e-9bcc45d27cce', '9b8a9858-074f-4d84-b876-bead3010a2f2', 'KALTAKQUISE', 'ACTIVE', 0, 'Funktion: Geschäftsführer/in (CEO) | Mitarbeiter: 21 bis 50 | Branche: Maschinenbauindustrie | Rechtsform: Aktiengesellschaft'),
('d2caaace-346b-4d8f-9fc2-f8ae9e116894', 'af2e4701-4960-46d6-b6b4-9bb69145efc4', 'KALTAKQUISE', 'ACTIVE', 0, 'Funktion: Geschäftsführer/in (CEO) | Mitarbeiter: 21 bis 50 | Branche: Metallbauer | Rechtsform: Aktiengesellschaft'),
('5200a2c4-6c4b-4d0d-b58a-674da68e6509', '5d011511-ef66-406b-8123-75ddd1f1585f', 'KALTAKQUISE', 'ACTIVE', 0, 'Funktion: Geschäftsführer/in (CEO) | Mitarbeiter: 11 bis 20 | Branche: Metallbauer | Rechtsform: Gesellschaft mit beschränkter Haftung'),
('cac8ba99-e026-4767-bc84-b04803adc85b', 'd8a72482-bfc0-47e5-9fb8-2e95442837f6', 'KALTAKQUISE', 'ACTIVE', 0, 'Funktion: Geschäftsführer/in (CEO) | Mitarbeiter: 1 bis 10 | Branche: Facility Management & Reinigungsfirmen'),
('a4656276-f1dc-4e55-ba8a-6ecec60feabd', '61b2ed2d-9829-4c9e-9e1c-1cf06841fcb8', 'KALTAKQUISE', 'ACTIVE', 0, 'Funktion: Geschäftsführer/in (CEO) | Mitarbeiter: 11 bis 20 | Branche: Logistik- & Transportunternehmen | Rechtsform: Aktiengesellschaft'),
('0212ebd3-fb73-4f3e-953b-996f9e8d80a1', '99bb086a-ebec-4eff-8859-44316b688a01', 'KALTAKQUISE', 'ACTIVE', 0, 'Funktion: Geschäftsführer/in (CEO) | Mitarbeiter: 1 bis 10 | Branche: Restaurants'),
('68e7e79f-030b-44ef-9a68-b9883d7a4161', '285b2228-22a0-4c9d-a7c9-75d4a99e44a3', 'KALTAKQUISE', 'ACTIVE', 0, 'Funktion: Geschäftsführer/in (CEO) | Mitarbeiter: 1 bis 10 | Branche: Elektroindustrie | Rechtsform: Aktiengesellschaft'),
('478fde19-0378-4a42-9f32-ccd08c097c49', '19b1a132-2d1a-47ee-a3a8-cf2a0dc64035', 'KALTAKQUISE', 'ACTIVE', 0, 'Funktion: Geschäftsführer/in (CEO) | Mitarbeiter: 51 bis 100 | Branche: Restaurants | Rechtsform: Aktiengesellschaft'),
('604c6731-5e2e-4c24-9de6-dae744ef3b11', '970d0b6c-671b-4bbe-80e1-da563321056e', 'KALTAKQUISE', 'ACTIVE', 0, 'Funktion: Geschäftsführer/in (CEO) | Mitarbeiter: 1 bis 10 | Branche: Werbeagenturen | Rechtsform: Kollektivgesellschaft'),
('22b2b20a-ee4f-4098-bdcf-60dd44dc8aab', '1e45ccd2-5171-4ce1-b670-3f3d5cf1368a', 'KALTAKQUISE', 'ACTIVE', 0, 'Funktion: Geschäftsführer/in (CEO) | Mitarbeiter: 1 bis 10 | Branche: Kosmetikstudios | Rechtsform: Gesellschaft mit beschränkter Haftung'),
('4cd6cc5a-15f7-4bde-8d4c-3813093d504f', 'ddaff6cf-a296-434a-a1ee-7b66d2f0559e', 'KALTAKQUISE', 'ACTIVE', 0, 'Funktion: Geschäftsführer/in (CEO) | Mitarbeiter: 1 bis 10 | Branche: Psychiatrie & Psychotherapie'),
('cf96e102-cba9-4d4d-a3f2-089c194f2d1c', '713e70cb-8cad-492d-a062-db1aa3a40ac3', 'KALTAKQUISE', 'ACTIVE', 0, 'Funktion: Geschäftsführer/in (CEO) | Mitarbeiter: 21 bis 50 | Branche: Online Shops / Detailhandel - Food & Getränke | Rechtsform: Aktiengesellschaft'),
('3bc3e76d-ae6c-414a-857b-5be69cc76ee0', 'a7242b9d-1d0b-49a9-bb2d-7c64f12be407', 'KALTAKQUISE', 'ACTIVE', 0, 'Funktion: Geschäftsführer/in (CEO) | Mitarbeiter: 101 bis 500 | Branche: Heime beeintr. Personen | Rechtsform: Stiftung'),
('0fe5c048-e9ba-4070-bd0c-90290b9ecc35', 'd01e33f9-3bb6-4788-b808-0d8d23ea29ab', 'KALTAKQUISE', 'ACTIVE', 0, 'Funktion: Geschäftsführer/in (CEO) | Mitarbeiter: 1 bis 10 | Branche: Personalvermittler & -berater | Rechtsform: Einzelunternehmen'),
('ebe86567-3bb1-4015-a5c2-b742e58ef429', '2ecdcd41-6040-4e52-9307-a939928e70d6', 'KALTAKQUISE', 'ACTIVE', 0, 'Funktion: Geschäftsführer/in (CEO) | Mitarbeiter: 1 bis 10 | Branche: Physiotherapie | Rechtsform: Gesellschaft mit beschränkter Haftung'),
('7ff0c693-028c-4473-bc5f-0b46ca5a2331', '7c527d56-6870-4081-9f3e-2bf05dca0ed9', 'KALTAKQUISE', 'ACTIVE', 0, 'Funktion: Geschäftsführer/in (CEO) | Mitarbeiter: 1 bis 10 | Branche: Treuhandbüros / Versicherungsbroker & -makler | Rechtsform: Gesellschaft mit beschränkter Haftung'),
('d5cbe96d-3c41-435e-8100-b1954d71c045', '38a71427-2716-4bc9-96b7-bea917bb6bcf', 'KALTAKQUISE', 'ACTIVE', 0, 'Funktion: Geschäftsführer/in (CEO) | Mitarbeiter: 1 bis 10 | Branche: Bio-Betriebe / Online Shops / Detailhandel - Food & Getränke'),
('f1727d91-bc1a-443a-bf0b-a1fc8ce43a77', '01659df4-a708-40a7-97d4-abe624340b7e', 'KALTAKQUISE', 'ACTIVE', 0, 'Funktion: Gesamtleitung/Direktion | Mitarbeiter: 11 bis 20 | Branche: Hotels'),
('6e8b31ab-e00c-4131-9f4e-8b3a5c219cc8', '1c75726c-4c82-4237-aab1-2014e22131f0', 'KALTAKQUISE', 'ACTIVE', 0, 'Funktion: Geschäftsführer/in (CEO) | Mitarbeiter: 11 bis 20 | Branche: Chemieindustrie | Rechtsform: Gesellschaft mit beschränkter Haftung'),
('12152fc0-ec1d-4721-a2b4-9a83178e3daf', 'a29167f9-69b9-4ce7-b227-7c6eac0de48a', 'KALTAKQUISE', 'ACTIVE', 0, 'Funktion: Geschäftsführer/in (CEO) | Mitarbeiter: 1 bis 10 | Branche: Schreinerei- & Holzbaubetriebe | Rechtsform: Aktiengesellschaft'),
('f93302e6-d362-47ec-8211-cd869ddf56a9', 'd40c4da5-82f1-4fd1-968b-dbcac5093ea1', 'KALTAKQUISE', 'ACTIVE', 0, 'Funktion: Geschäftsführer/in (CEO) | Mitarbeiter: 1 bis 10 | Branche: Fonds & sonstige Finanzinstitute / Externe Vermögensverwalter | Rechtsform: Gesellschaft mit beschränkter Haftung'),
('73515e18-6403-4ee4-a1d0-995a8c69befe', '8c75bf87-528e-4b7f-8368-f41514c295d2', 'KALTAKQUISE', 'ACTIVE', 0, 'Funktion: Geschäftsführer/in (CEO) | Mitarbeiter: 11 bis 20 | Branche: Treuhandbüros / Immobilienverwaltung / Immobilienvermittlung | Rechtsform: Aktiengesellschaft'),
('3558c978-4cef-4df2-bdbf-e633d9c2d6bd', 'c80fadbc-ab76-4e55-965a-43d968d8106a', 'KALTAKQUISE', 'ACTIVE', 0, 'Funktion: Geschäftsführer/in (CEO) | Mitarbeiter: 1 bis 10 | Branche: Hofläden & Bauernhöfe'),
('b443823b-dfa6-49d3-bae0-787ccd46739e', 'daa4fe4c-f654-449f-ace9-927a970b3b81', 'KALTAKQUISE', 'ACTIVE', 0, 'Funktion: Geschäftsführer/in (CEO) | Mitarbeiter: 1 bis 10 | Branche: Immobilienvermittlung | Rechtsform: Aktiengesellschaft'),
('692a98f0-4169-4600-98ea-326e31c21ffa', '14f3e400-93ea-4d10-9bdc-b2ec678480fd', 'KALTAKQUISE', 'ACTIVE', 0, 'Funktion: Geschäftsführer/in (CEO) | Mitarbeiter: 1 bis 10 | Branche: Boden- & Plattenleger'),
('cab12be7-f222-499d-b89a-6700ccc7ad33', '9a749419-9fe0-4b11-afff-ea6110e5b676', 'KALTAKQUISE', 'ACTIVE', 0, 'Funktion: Geschäftsführer/in (CEO) | Mitarbeiter: 1 bis 10 | Branche: Schreinerei- & Holzbaubetriebe'),
('8500171e-6951-43e8-8a6b-0340d7aceef2', 'd7900f0b-21c7-415a-90c7-6123057741a7', 'KALTAKQUISE', 'ACTIVE', 0, 'Funktion: Geschäftsführer/in (CEO) | Mitarbeiter: 1 bis 10 | Branche: Coiffeursalons'),
('ae79d412-e04b-4194-bd34-fbc345e050a2', 'caa613ea-1c7b-4b2b-84c5-a45ea21117ef', 'KALTAKQUISE', 'ACTIVE', 0, 'Funktion: Geschäftsführer/in (CEO) | Mitarbeiter: 1 bis 10 | Branche: Getränkeindustrie'),
('6ad0935e-0fd4-479a-a668-27af1338fad2', '7a3395e2-9e2c-40bd-9639-b8af0d103c6e', 'KALTAKQUISE', 'ACTIVE', 0, 'Funktion: Geschäftsführer/in (CEO) | Mitarbeiter: 11 bis 20 | Branche: Alters- & Pflegeheime | Rechtsform: Aktiengesellschaft'),
('2dd8b395-6b02-4b9c-b78c-201526278726', '3d77beb2-8f47-4200-baa2-6290b2d2f65b', 'KALTAKQUISE', 'ACTIVE', 0, 'Funktion: Geschäftsführer/in (CEO) | Mitarbeiter: 1 bis 10 | Branche: Hofläden & Bauernhöfe'),
('bf788820-dbe1-490b-ba0b-8437578c17b5', '4408276a-07cd-47b7-90b9-389eabee0f51', 'KALTAKQUISE', 'ACTIVE', 0, 'Funktion: Geschäftsführer/in (CEO) | Mitarbeiter: 1 bis 10 | Branche: Physiotherapie'),
('2b3bd4a0-80d7-4e87-a6f0-798c809c306d', '92174a81-cf22-439d-acce-6d004bb50789', 'KALTAKQUISE', 'ACTIVE', 0, 'Funktion: Geschäftsführer/in (CEO) | Mitarbeiter: 1 bis 10 | Branche: Chemieindustrie | Rechtsform: Einzelunternehmen'),
('ab77313e-f0a6-41e2-9493-223f4e5368ca', '1d5263e1-b029-456f-b5b5-30dd156a9fbc', 'KALTAKQUISE', 'ACTIVE', 0, 'Funktion: Geschäftsführer/in (CEO) | Mitarbeiter: 1 bis 10 | Branche: Garagen | Rechtsform: Aktiengesellschaft'),
('7e8345aa-e8b2-4fc9-883a-34cf6e2ee2ee', '11d76840-6648-4a47-bf25-b5b6cbef4f4e', 'KALTAKQUISE', 'ACTIVE', 0, 'Funktion: Geschäftsführer/in (CEO) | Mitarbeiter: 11 bis 20 | Branche: Architekturbüros | Rechtsform: Aktiengesellschaft'),
('fd8cdd36-4c40-47dd-9fc9-6d47306222b5', 'b010e00b-b19d-441e-9f7c-a4a072ed91f6', 'KALTAKQUISE', 'ACTIVE', 0, 'Funktion: Geschäftsführer/in (CEO) | Mitarbeiter: 1 bis 10 | Branche: Versicherungsbroker & -makler | Rechtsform: Aktiengesellschaft'),
('f3a96aa7-104d-4834-b3a6-54b56d80136c', 'b1c520bd-7b30-4073-9447-14b0c176e2dc', 'KALTAKQUISE', 'ACTIVE', 0, 'Funktion: Geschäftsführer/in (CEO) | Mitarbeiter: 1 bis 10 | Branche: Unternehmensberater | Rechtsform: Aktiengesellschaft'),
('f53fc2f8-59a5-4953-9656-38174493e787', 'b35bd9c5-209c-4621-8671-f4f8ea1b8327', 'KALTAKQUISE', 'ACTIVE', 0, 'Funktion: Geschäftsführer/in (CEO) | Mitarbeiter: 1 bis 10 | Branche: Weiterbildungsinstitute'),
('da387813-4964-4c89-aba4-37f824da43e5', 'aac9f16a-7421-4540-9abb-c1089c789cc0', 'KALTAKQUISE', 'ACTIVE', 0, 'Funktion: Geschäftsführer/in (CEO) | Mitarbeiter: 1 bis 10 | Branche: Unternehmensberater | Rechtsform: Gesellschaft mit beschränkter Haftung'),
('0990e7a0-612f-4450-8dc9-d0ae70434e54', 'fc9587d4-fed5-45b5-84c4-7f447504fcd4', 'KALTAKQUISE', 'ACTIVE', 0, 'Funktion: Geschäftsführer/in (CEO) | Mitarbeiter: 1 bis 10 | Branche: Psychiatrie & Psychotherapie'),
('01bae524-4b6d-48ab-a522-a2593669410b', 'cf0f1cb1-1c13-49e2-b0f3-3779051fb576', 'KALTAKQUISE', 'ACTIVE', 0, 'Funktion: Geschäftsführer/in (CEO) | Mitarbeiter: 1 bis 10 | Branche: Spielwaren- & Babyfachhandel | Rechtsform: Einzelunternehmen'),
('4ef2d704-1fb8-45ac-b82f-9325318f2aa7', 'c61aefef-2a00-4497-9550-f1963832c587', 'KALTAKQUISE', 'ACTIVE', 0, 'Funktion: Geschäftsführer/in (CEO) | Mitarbeiter: 1 bis 10 | Branche: Schreinerei- & Holzbaubetriebe'),
('89e9277c-ee97-40c9-a0a5-583eb21a2f64', '5e10ce01-0a38-4580-b3b3-5e494f0c25a1', 'KALTAKQUISE', 'ACTIVE', 0, 'Funktion: Geschäftsführer/in (CEO) | Mitarbeiter: 1 bis 10 | Branche: Maler- & Gipsergeschäfte | Rechtsform: Gesellschaft mit beschränkter Haftung'),
('0ca73c4d-987b-4d9f-b1da-ec23f55d9e25', '06092176-5f7f-47a6-b952-2799b4657bc3', 'KALTAKQUISE', 'ACTIVE', 0, 'Funktion: Geschäftsführer/in (CEO) | Mitarbeiter: 51 bis 100 | Branche: Online Shops | Rechtsform: Aktiengesellschaft'),
('8c0c2406-0d16-44c3-bb2e-38845e034c52', '919b273e-1e05-4786-99e7-caf7829cbc88', 'KALTAKQUISE', 'ACTIVE', 0, 'Funktion: Geschäftsführer/in (CEO) | Mitarbeiter: 1 bis 10 | Branche: Medizintechnik-Industrie | Rechtsform: Gesellschaft mit beschränkter Haftung'),
('5b056f4a-e2a2-4191-a9e1-a9488527127e', '78a20da2-6990-4706-8d5b-2feed086be0c', 'KALTAKQUISE', 'ACTIVE', 0, 'Funktion: Geschäftsführer/in (CEO) | Mitarbeiter: 11 bis 20 | Branche: Online Shops | Rechtsform: Gesellschaft mit beschränkter Haftung'),
('8dd7049b-bec9-4e4b-a0d1-fd730fdc17b6', 'c51322d5-cf10-46cf-9e41-766a865f5262', 'KALTAKQUISE', 'ACTIVE', 0, 'Funktion: Geschäftsführer/in (CEO) | Mitarbeiter: 11 bis 20 | Branche: Kunststoffindustrie | Rechtsform: Aktiengesellschaft'),
('4c7fc996-bf06-4a87-8f32-43f3f224b233', 'c7bd1bd1-8a4f-4305-a056-2e749daca3fb', 'KALTAKQUISE', 'ACTIVE', 0, 'Funktion: Chefredaktion | Mitarbeiter: 1 bis 10 | Branche: Zeitungen & Zeitschriften'),
('cff396f9-cfae-4b51-9160-8a34e8a19fb3', 'f07157b0-b15d-451e-971e-c9abd9de3d79', 'KALTAKQUISE', 'ACTIVE', 0, 'Funktion: Geschäftsführer/in (CEO) | Mitarbeiter: 1 bis 10 | Branche: Unternehmensberater'),
('e220c5fb-11e5-4902-92a8-5ea398d6d336', '9098bcaa-9d40-41c2-b75f-2aabff8aaf4c', 'KALTAKQUISE', 'ACTIVE', 0, 'Funktion: Geschäftsführer/in (CEO) | Mitarbeiter: 1 bis 10 | Branche: Divers | Rechtsform: Aktiengesellschaft'),
('05001ef0-4868-45f5-be1d-dbf14f107697', 'ad7e0397-c5d7-43a2-af31-fbeb3970ef25', 'KALTAKQUISE', 'ACTIVE', 0, 'Funktion: Geschäftsführer/in (CEO) | Mitarbeiter: 1 bis 10 | Branche: Fitnessstudios | Rechtsform: Einzelunternehmen'),
('aa207392-0c25-49fd-9144-fe49daadb8b8', '69c6154c-b7d0-4fd6-96ab-87451fc8696b', 'KALTAKQUISE', 'ACTIVE', 0, 'Funktion: Geschäftsführer/in (CEO) | Mitarbeiter: 1 bis 10 | Branche: Online Shops | Rechtsform: Aktiengesellschaft'),
('f6a58fb1-2801-410b-9a93-9ab661d1bb85', '66fe3c66-6d48-49f6-819f-5204dd7a8744', 'KALTAKQUISE', 'ACTIVE', 0, 'Funktion: Geschäftsführer/in (CEO) | Mitarbeiter: 1 bis 10 | Branche: Baugeschäfte / Maurer | Rechtsform: Aktiengesellschaft'),
('7680bb36-4120-49bf-9855-c8ae44e0bb5d', 'e1120ab7-b732-4a3d-9542-7699afc0a1c1', 'KALTAKQUISE', 'ACTIVE', 0, 'Funktion: Geschäftsführer/in (CEO) | Mitarbeiter: 21 bis 50 | Branche: Baugeschäfte | Rechtsform: Aktiengesellschaft'),
('0cdef866-143c-451a-a581-3b6e8fa358df', '98210772-0c73-4b2c-ae54-81c956d613d2', 'KALTAKQUISE', 'ACTIVE', 0, 'Funktion: Geschäftsführer/in (CEO) | Mitarbeiter: 1 bis 10 | Branche: Schreinerei- & Holzbaubetriebe | Rechtsform: Einzelunternehmen'),
('32598d05-3cec-443a-8c98-3f9b6c221cf9', '0011faa5-bc35-43dd-8eba-ce018bcb72f3', 'KALTAKQUISE', 'ACTIVE', 0, 'Funktion: Geschäftsführer/in (CEO) | Mitarbeiter: 11 bis 20 | Branche: Online Shops | Rechtsform: Gesellschaft mit beschränkter Haftung'),
('f6152133-9b87-4cf2-885b-3a84ca74ffdf', 'ed7ba0bc-1758-4e42-bd8a-17899484821a', 'KALTAKQUISE', 'ACTIVE', 0, 'Funktion: Gesamtleitung/Direktion | Mitarbeiter: 51 bis 100 | Branche: Heime beeintr. Personen | Rechtsform: Stiftung'),
('1c6f5427-1741-403f-af7d-4652552b0e65', 'f01c033a-a5c1-4403-8ba7-f5bc28e66a90', 'KALTAKQUISE', 'ACTIVE', 0, 'Funktion: Geschäftsführer/in (CEO) | Mitarbeiter: 51 bis 100 | Branche: Museum & Theater'),
('26487f29-8f23-4db6-9d5a-2436ba9306f5', 'ca1d4196-58fb-4366-94a9-e0179521d276', 'KALTAKQUISE', 'ACTIVE', 0, 'Funktion: Geschäftsführer/in (CEO) | Mitarbeiter: 21 bis 50 | Branche: Pensionskassen | Rechtsform: Stiftung'),
('72f0e467-e9b8-4aba-94e7-82a020a26526', '30de6852-6cf1-4885-a060-ec4f04d82663', 'KALTAKQUISE', 'ACTIVE', 0, 'Funktion: Geschäftsführer/in (CEO) | Mitarbeiter: 21 bis 50 | Branche: Pensionskassen'),
('ac7c63c7-ded9-4547-8d2e-5623d07e45a3', '377fbed5-20ac-4607-af1f-c4a1f9c2433e', 'KALTAKQUISE', 'ACTIVE', 0, 'Funktion: Geschäftsführer/in (CEO) | Mitarbeiter: 21 bis 50 | Branche: Freizeitanlagen / Tierarztpraxen | Rechtsform: Stiftung'),
('91520c4e-ec1b-4e87-93a1-48c750429697', 'ddf1891c-18b4-4868-8528-ee74c1f08895', 'KALTAKQUISE', 'ACTIVE', 0, 'Funktion: Geschäftsführer/in (CEO) | Mitarbeiter: 21 bis 50 | Branche: Pensionskassen | Rechtsform: Stiftung'),
('a8946f4b-473c-4686-9e43-a820c10ec3aa', '154dbbb7-f3c5-4631-bba6-e70b3cf30680', 'KALTAKQUISE', 'ACTIVE', 0, 'Funktion: Geschäftsführer/in (CEO) | Mitarbeiter: 21 bis 50 | Branche: Pensionskassen'),
('d8fc2a0d-0136-4e59-8bc4-95b8c665b9ba', 'f4e54e60-48e3-492a-81f3-ef55f7a36892', 'KALTAKQUISE', 'ACTIVE', 0, 'Funktion: Geschäftsführer/in (CEO) | Mitarbeiter: 21 bis 50 | Branche: Pensionskassen'),
('ecfbc5bc-9b17-404a-aae5-1c3bf5ff711d', 'ce69fa7d-7609-4a42-8e8d-56a54f4a1829', 'KALTAKQUISE', 'ACTIVE', 0, 'Funktion: Geschäftsführer/in (CEO) | Mitarbeiter: 1 bis 10 | Branche: Pensionskassen | Rechtsform: Stiftung'),
('a98b842b-2d1e-4a5e-875e-371abda73936', 'eb41b739-4bda-41c4-9bd5-87283a39e828', 'KALTAKQUISE', 'ACTIVE', 0, 'Funktion: Geschäftsführer/in (CEO) | Mitarbeiter: 1 bis 10 | Branche: Restaurants'),
('2ef9c669-9651-4833-935a-ad5f109ce00b', 'aa1b9d62-fb16-4cd1-9d78-c01acb42877a', 'KALTAKQUISE', 'ACTIVE', 0, 'Funktion: Geschäftsführer/in (CEO) | Mitarbeiter: 1 bis 10 | Branche: Restaurants'),
('4b6ead8d-b588-473f-995e-728a60b448f2', '53074940-20ae-4cb6-8391-f6938877a467', 'KALTAKQUISE', 'ACTIVE', 0, 'Funktion: Geschäftsführer/in (CEO) | Mitarbeiter: 1 bis 10 | Branche: Restaurants'),
('4ded1a12-9fed-4e0e-9f78-275bfb92b701', 'ae18761e-19ed-4347-afd2-b1c79fd405d6', 'KALTAKQUISE', 'ACTIVE', 0, 'Funktion: Geschäftsführer/in (CEO) | Mitarbeiter: 1 bis 10 | Branche: Gartenbau & -pflege'),
('8df66bb6-ba70-4f13-8278-958fc46ad10b', '41f798cd-aa44-4308-b260-9a2213c6c97c', 'KALTAKQUISE', 'ACTIVE', 0, 'Funktion: Geschäftsführer/in (CEO) | Mitarbeiter: 1 bis 10 | Branche: Gartenbau & -pflege'),
('fc80a334-068a-45c6-a039-5978c8404df3', '9abaf888-3d4d-40bb-9579-d4f9d1da91c4', 'KALTAKQUISE', 'ACTIVE', 0, 'Funktion: Geschäftsführer/in (CEO) | Mitarbeiter: 11 bis 20 | Branche: Divers | Rechtsform: Gesellschaft mit beschränkter Haftung'),
('a03fdf39-15e1-4bcb-a01e-3e16ad27c371', '115c49ad-e148-42f4-a758-54f52b0ea671', 'KALTAKQUISE', 'ACTIVE', 0, 'Funktion: Geschäftsführer/in (CEO) | Mitarbeiter: 1 bis 10 | Branche: Elektroindustrie | Rechtsform: Einzelunternehmen'),
('134b5e0e-7e9f-4a5d-8b32-c7b4155c5e92', '899fb873-2abd-42ac-b297-c795abc9a89a', 'KALTAKQUISE', 'ACTIVE', 0, 'Funktion: Geschäftsführer/in (CEO) | Mitarbeiter: 51 bis 100 | Branche: Maler- & Gipsergeschäfte | Rechtsform: Aktiengesellschaft'),
('24135726-d23f-4c96-b86e-a0691ee2fe81', '0e344ef7-d7d8-4efd-8b22-9ac2bac54fb2', 'KALTAKQUISE', 'ACTIVE', 0, 'Funktion: Geschäftsführer/in (CEO) | Mitarbeiter: 1 bis 10 | Branche: Immobilienvermittlung | Rechtsform: Aktiengesellschaft'),
('bfde6e40-2b7b-4989-b0e2-70093a316c79', 'b3ee5063-528a-4d9a-8700-23782bd3d789', 'KALTAKQUISE', 'ACTIVE', 0, 'Funktion: Geschäftsführer/in (CEO) | Mitarbeiter: 1 bis 10 | Branche: Maler- & Gipsergeschäfte'),
('322051f3-d395-4afd-9b5f-6b095e6324d8', 'f656f081-922d-44b1-8768-57f5325bd86f', 'KALTAKQUISE', 'ACTIVE', 0, 'Funktion: Geschäftsführer/in (CEO) | Mitarbeiter: 1 bis 10 | Branche: Apotheken & Drogerien | Rechtsform: Gesellschaft mit beschränkter Haftung'),
('fdb91a44-74c8-4c8d-a84c-584b38e79411', '461886fe-9495-4116-b416-9f362a9f302a', 'KALTAKQUISE', 'ACTIVE', 0, 'Funktion: Geschäftsführer/in (CEO) | Mitarbeiter: 1 bis 10 | Branche: Sanitär & Haustechnik'),
('a52f8579-807b-4449-ad13-d8d5e7c2113f', '3db400d1-324a-4f61-b013-c6fb48e861fc', 'KALTAKQUISE', 'ACTIVE', 0, 'Funktion: Geschäftsführer/in (CEO) | Mitarbeiter: 11 bis 20 | Branche: Architekturbüros | Rechtsform: Gesellschaft mit beschränkter Haftung'),
('1c29be2c-9f0c-4ee0-a8c5-3b7f6d34c4be', '76331cb1-cd56-4042-ab89-56f5d1773223', 'KALTAKQUISE', 'ACTIVE', 0, 'Funktion: Geschäftsführer/in (CEO) | Mitarbeiter: 1 bis 10 | Branche: Schreinerei- & Holzbaubetriebe | Rechtsform: Gesellschaft mit beschränkter Haftung'),
('84aefb22-a125-4434-8dcf-7f74ca949f47', 'a4c5cb78-ed66-4261-928e-8b3139b1bc14', 'KALTAKQUISE', 'ACTIVE', 0, 'Funktion: Geschäftsführer/in (CEO) | Mitarbeiter: 11 bis 20 | Branche: Fonds & sonstige Finanzinstitute / Externe Vermögensverwalter | Rechtsform: Aktiengesellschaft'),
('ef476b4c-afc5-4475-afbd-8b64507606cf', '03aa2ae3-bead-4a25-ab67-272a9c036018', 'KALTAKQUISE', 'ACTIVE', 0, 'Funktion: Geschäftsführer/in (CEO) | Mitarbeiter: 1 bis 10 | Branche: Glas-, Keramik-, Stein- & Baustoffindustrie | Rechtsform: Aktiengesellschaft'),
('de3f72ca-6892-4fde-95ee-76573a5016a6', 'd389b12e-5d72-4e3a-84a3-2ea191e9712e', 'KALTAKQUISE', 'ACTIVE', 0, 'Funktion: Geschäftsführer/in (CEO) | Mitarbeiter: 1 bis 10 | Branche: Gartenbau & -pflege'),
('e845e010-a407-4a09-8544-5c477e29abca', 'a7f55528-8900-442e-979a-0d7fcdd9d214', 'KALTAKQUISE', 'ACTIVE', 0, 'Funktion: Geschäftsführer/in (CEO) | Mitarbeiter: 21 bis 50 | Branche: Online Shops'),
('e36116b9-7631-4621-8c06-1e1bd1e45f89', 'b7386e78-502f-425e-9952-94814f768b55', 'KALTAKQUISE', 'ACTIVE', 0, 'Funktion: Geschäftsführer/in (CEO) | Mitarbeiter: 1 bis 10 | Branche: Atem- Meditation- & Yogacenter / Naturheilpraxen | Rechtsform: Gesellschaft mit beschränkter Haftung'),
('cef4cfc8-d1bd-4195-90ad-61ba8dce5f06', '57eeec1f-5d10-45c0-b9bb-651629cfdf25', 'KALTAKQUISE', 'ACTIVE', 0, 'Funktion: Geschäftsführer/in (CEO) | Mitarbeiter: 1 bis 10 | Branche: Lebensmittelverarbeitung | Rechtsform: Gesellschaft mit beschränkter Haftung'),
('82d4e609-59e0-4db0-b26f-9b3ef48bef54', '61357edb-ba4b-40aa-ae8a-c0baeed4e6d2', 'KALTAKQUISE', 'ACTIVE', 0, 'Funktion: Geschäftsführer/in (CEO) | Mitarbeiter: 11 bis 20 | Branche: Lebensmittelverarbeitung | Rechtsform: Aktiengesellschaft'),
('24d8b8f9-6bdd-4e1c-a85d-842032ad1988', 'bb1e0777-a165-4d41-88f7-91b7c088266b', 'KALTAKQUISE', 'ACTIVE', 0, 'Funktion: Geschäftsführer/in (CEO) | Mitarbeiter: 1 bis 10 | Branche: Restaurants | Rechtsform: Gesellschaft mit beschränkter Haftung'),
('57b2165a-0ae6-4234-b3df-ed1ed3bbc25b', 'e2ac4f93-d9e2-46a2-b832-40e275b1063b', 'KALTAKQUISE', 'ACTIVE', 0, 'Funktion: Geschäftsführer/in (CEO) | Mitarbeiter: 1 bis 10 | Branche: Weiterbildungsinstitute'),
('4be54912-d535-4d4e-938f-da27a44dcfe5', 'bb46d180-040a-4018-85eb-d1c9156ca9d7', 'KALTAKQUISE', 'ACTIVE', 0, 'Funktion: Geschäftsführer/in (CEO) | Mitarbeiter: 1 bis 10 | Branche: Catering'),
('b9377e30-114c-4196-b4b7-a36a304d17d9', 'c9b12b98-3663-429d-8a4a-ca318c78dd4c', 'KALTAKQUISE', 'ACTIVE', 0, 'Funktion: Leitung Standort | Mitarbeiter: 21 bis 50 | Branche: Restaurants'),
('3a236c69-8990-4bab-a21f-e5e766a7a2de', '49a293b7-8967-46a0-b1fb-bfc58c7c66ee', 'KALTAKQUISE', 'ACTIVE', 0, 'Funktion: Geschäftsführer/in (CEO) | Mitarbeiter: 1 bis 10 | Branche: Catering'),
('0edbd7b2-e9e2-4156-81af-333770536980', '1c8f57dc-6b35-4158-a1d7-a69b913ab129', 'KALTAKQUISE', 'ACTIVE', 0, 'Funktion: Geschäftsführer/in (CEO) | Mitarbeiter: 1 bis 10 | Branche: Restaurants | Rechtsform: Gesellschaft mit beschränkter Haftung'),
('0bb29a51-8f44-4a75-9ef6-f236c0173a01', 'c25ba860-368a-44fc-b415-cb2966b5e172', 'KALTAKQUISE', 'ACTIVE', 0, 'Funktion: Chefredaktion | Mitarbeiter: 1 bis 10 | Branche: Zeitungen & Zeitschriften'),
('ef1e3484-74b9-4f3e-bf55-f9fd40f8cfcf', '1a0f0959-3d9d-4198-9df9-7e684de548b4', 'KALTAKQUISE', 'ACTIVE', 0, 'Funktion: Geschäftsführer/in (CEO) | Mitarbeiter: 1 bis 10 | Branche: Lebensmittelverarbeitung | Rechtsform: Aktiengesellschaft'),
('f5dec654-2242-4d68-a01f-9bce4a349c55', '6735211e-7ee9-4145-8318-94aa0be50d97', 'KALTAKQUISE', 'ACTIVE', 0, 'Funktion: Geschäftsführer/in (CEO) | Mitarbeiter: 1 bis 10 | Branche: Bio-Betriebe / Lebensmittelverarbeitung / Online Shops | Rechtsform: Gesellschaft mit beschränkter Haftung'),
('81624f39-9752-41e5-b3d0-0e4dec17b4f7', '0c89e60c-2b8e-4b5f-92b0-9c3b274c8b5d', 'KALTAKQUISE', 'ACTIVE', 0, 'Funktion: Leitung Standort | Mitarbeiter: 21 bis 50 | Branche: Restaurants'),
('636451b9-1d6b-4bdc-87dc-a71c55527ad7', 'cfac3d26-7acf-4cd5-b428-7a879bc0c1d5', 'KALTAKQUISE', 'ACTIVE', 0, 'Funktion: Geschäftsführer/in (CEO) | Mitarbeiter: 1 bis 10 | Branche: Unternehmensberater | Rechtsform: Aktiengesellschaft'),
('edae44ea-4c7b-4c84-8aff-4d28ce9e5c07', 'a74508e7-e30d-4550-bea2-49e26adbee64', 'KALTAKQUISE', 'ACTIVE', 0, 'Funktion: Geschäftsführer/in (CEO) | Mitarbeiter: 21 bis 50 | Branche: Lebensmittelverarbeitung | Rechtsform: Aktiengesellschaft'),
('d45b8b7e-a215-4a9e-a2d4-16b6a9776bbd', '857c1293-5e58-42e3-b586-8b98e48851f4', 'KALTAKQUISE', 'ACTIVE', 0, 'Funktion: Geschäftsführer/in (CEO) | Mitarbeiter: 1 bis 10 | Branche: Nachhaltigkeitsbereich / Unternehmensberater | Rechtsform: Gesellschaft mit beschränkter Haftung'),
('cb553378-fa8c-4fa7-a046-ce51ab40d4fd', '5913cf83-543e-47f6-9d25-c5a4ffea73ea', 'KALTAKQUISE', 'ACTIVE', 0, 'Funktion: Geschäftsführer/in (CEO) | Mitarbeiter: 11 bis 20 | Branche: Online Shops'),
('333da92e-a92e-4242-b4b6-7395d8ee3e64', 'f218e7cd-e9c9-4834-b8b3-a476a52324b3', 'KALTAKQUISE', 'ACTIVE', 0, 'Funktion: Geschäftsführer/in (CEO) | Mitarbeiter: 1 bis 10 | Branche: Restaurants'),
('b98a793c-f673-4dfc-9a76-40ae87995091', '871121b1-9856-4f71-a23f-e10294b2aa3e', 'KALTAKQUISE', 'ACTIVE', 0, 'Funktion: Geschäftsführer/in (CEO) | Mitarbeiter: 51 bis 100 | Branche: Online Shops | Rechtsform: Aktiengesellschaft'),
('6a816bfe-f2e2-4ecd-b7ff-99f13dc4f777', '67030c00-97ba-4067-b29c-933d68c88a14', 'KALTAKQUISE', 'ACTIVE', 0, 'Funktion: Geschäftsführer/in (CEO) | Mitarbeiter: 11 bis 20 | Branche: Nachhaltigkeitsbereich / Solar & Photovoltaik | Rechtsform: Aktiengesellschaft'),
('c759630f-3c0c-49aa-8254-fa3b11182109', '098c9a28-8c3d-4e6a-98f2-94fca806e294', 'KALTAKQUISE', 'ACTIVE', 0, 'Funktion: Geschäftsführer/in (CEO) | Mitarbeiter: 1 bis 10 | Branche: Unternehmensberater | Rechtsform: Gesellschaft mit beschränkter Haftung'),
('b14bf5f2-a056-4899-9201-59d4e5f54c31', '5e8e0595-9c26-48a8-9bf4-c82a3d9f750f', 'KALTAKQUISE', 'ACTIVE', 0, 'Funktion: Geschäftsführer/in (CEO) | Mitarbeiter: 1 bis 10 | Branche: Werbeagenturen | Rechtsform: Aktiengesellschaft'),
('2a6561e3-8ce2-448b-b755-8bd13258faba', 'd31d32ed-a9b9-4a3a-b7e0-9c4b851db352', 'KALTAKQUISE', 'ACTIVE', 0, 'Funktion: Geschäftsführer/in (CEO) | Mitarbeiter: 1 bis 10 | Branche: Online Shops | Rechtsform: Aktiengesellschaft'),
('93aacada-035a-48d1-ab7b-0eb5582d1913', '177395b2-677c-42c1-948c-2888b51dc64c', 'KALTAKQUISE', 'ACTIVE', 0, 'Funktion: Geschäftsführer/in (CEO) | Mitarbeiter: Mehr als 500 | Branche: Nachhaltigkeitsbereich / Top 2''000 CH-Unternehmen | Rechtsform: Aktiengesellschaft'),
('03c9cc28-8c03-451d-9d77-7224ec1313ca', 'a679932d-54e0-4406-93c4-70c8e762b1f1', 'KALTAKQUISE', 'ACTIVE', 0, 'Funktion: Geschäftsführer/in (CEO) | Mitarbeiter: 11 bis 20 | Branche: Energieindustrie / Energieversorger | Rechtsform: Aktiengesellschaft'),
('de58b9ed-81d3-4816-94a1-7820eb5d56c0', 'b30f1bca-4455-4f7f-a58a-738bfec36020', 'KALTAKQUISE', 'ACTIVE', 0, 'Funktion: Geschäftsführer/in (CEO) | Mitarbeiter: 1 bis 10 | Branche: Sanitär & Haustechnik | Rechtsform: Gesellschaft mit beschränkter Haftung'),
('366538ba-6685-4721-a29a-3ec48fe17ba7', '06f12da2-f9d6-4110-ab0a-f60b4ab79b88', 'KALTAKQUISE', 'ACTIVE', 0, 'Funktion: Geschäftsführer/in (CEO) | Mitarbeiter: 1 bis 10 | Branche: FinTech | Rechtsform: Aktiengesellschaft'),
('2c58b2a8-b73e-43ad-9526-2ce7269e02b0', '23a953cf-fc89-463c-886b-c3e963e1c59d', 'KALTAKQUISE', 'ACTIVE', 0, 'Funktion: Gesamtleitung/Direktion | Mitarbeiter: 11 bis 20 | Branche: Schulen / Weiterbildungsinstitute'),
('c9d77ddb-9ab4-474b-8d49-b38293f9def9', '1ffef9cf-fa17-4384-a16f-14f154da1b01', 'KALTAKQUISE', 'ACTIVE', 0, 'Funktion: Geschäftsführer/in (CEO) | Mitarbeiter: 21 bis 50 | Branche: Heime beeintr. Personen'),
('5d439172-32d0-40a8-a881-960f63fc462b', '85b69121-058e-4c60-8911-349ef2cf42c3', 'KALTAKQUISE', 'ACTIVE', 0, 'Funktion: Geschäftsführer/in (CEO) | Mitarbeiter: 1 bis 10 | Branche: Psychiatrie & Psychotherapie'),
('973e4340-665c-4994-ad98-c9cbb2b81c43', 'a5445a1b-11b1-4e0c-ae91-8b0110b90e1f', 'KALTAKQUISE', 'ACTIVE', 0, 'Funktion: Geschäftsführer/in (CEO) | Mitarbeiter: 21 bis 50 | Branche: Spitäler & Kliniken | Rechtsform: Aktiengesellschaft'),
('c6a45ade-ab46-4fab-bd59-8957aed7d165', '684dc139-d720-4bf4-88a7-9f48f53acfc5', 'KALTAKQUISE', 'ACTIVE', 0, 'Funktion: Geschäftsführer/in (CEO) | Mitarbeiter: 1 bis 10 | Branche: Lebensmittelverarbeitung'),
('26ffddb5-e9b9-4e29-bb13-3e504010d9aa', '5975aed4-0f13-4aa0-a342-21d7a19ea3c8', 'KALTAKQUISE', 'ACTIVE', 0, 'Funktion: Geschäftsführer/in (CEO) | Mitarbeiter: 11 bis 20 | Branche: Garagen | Rechtsform: Aktiengesellschaft'),
('bdd8f417-df11-49d3-adbf-a52de2434f8f', '7126bee2-07e0-4773-9201-12a0b19a14b0', 'KALTAKQUISE', 'ACTIVE', 0, 'Funktion: Geschäftsführer/in (CEO) | Mitarbeiter: 1 bis 10 | Branche: Psychiatrie & Psychotherapie | Rechtsform: Aktiengesellschaft'),
('e8b7491f-2868-4163-b771-f28f4ddd933e', '3e885978-47ea-499f-8dc4-a6dd0a08bd74', 'KALTAKQUISE', 'ACTIVE', 0, 'Funktion: Geschäftsführer/in (CEO) | Mitarbeiter: 11 bis 20 | Branche: Treuhandbüros / Unternehmensberater | Rechtsform: Aktiengesellschaft'),
('292b9be6-fd5f-4b65-bc6a-ef53317f4dc5', 'aa9eda43-ae21-4858-a442-5375511695db', 'KALTAKQUISE', 'ACTIVE', 0, 'Funktion: Geschäftsführer/in (CEO) | Mitarbeiter: 1 bis 10 | Branche: Kosmetikstudios | Rechtsform: Einzelunternehmen'),
('57ff8575-5034-483a-a69a-43da1b09e46a', 'f5c600b7-7f70-4c2d-a9a7-b906da39ddef', 'KALTAKQUISE', 'ACTIVE', 0, 'Funktion: Geschäftsführer/in (CEO) | Mitarbeiter: 1 bis 10 | Branche: Coiffeursalons | Rechtsform: Gesellschaft mit beschränkter Haftung'),
('54d55087-a7b1-4894-bbf9-aa5ee3fe5c6f', 'e7b80478-f7e3-49aa-bb8c-dbd75b58c32e', 'KALTAKQUISE', 'ACTIVE', 0, 'Funktion: Geschäftsführer/in (CEO) | Mitarbeiter: 1 bis 10 | Branche: Online Shops | Rechtsform: Gesellschaft mit beschränkter Haftung'),
('6e486252-937a-4633-9823-11ea72b8c5d7', '832e03ba-a417-4fe9-8446-fe63ed5a9919', 'KALTAKQUISE', 'ACTIVE', 0, 'Funktion: Geschäftsführer/in (CEO) | Mitarbeiter: 11 bis 20 | Branche: Online Shops'),
('12c92b06-d308-42e1-8623-0bd63f66a2c3', '4e67f96b-f7bc-424d-a3d3-8b93f5bb0d50', 'KALTAKQUISE', 'ACTIVE', 0, 'Funktion: Geschäftsführer/in (CEO) | Mitarbeiter: 1 bis 10 | Branche: Psychiatrie & Psychotherapie | Rechtsform: Aktiengesellschaft'),
('f3e293c0-92dc-47ee-bd3c-864448aeef56', 'f4727417-c3c9-4edf-8f4e-82f266585916', 'KALTAKQUISE', 'ACTIVE', 0, 'Funktion: Geschäftsführer/in (CEO) | Mitarbeiter: 11 bis 20 | Branche: Unternehmensberater | Rechtsform: Gesellschaft mit beschränkter Haftung'),
('1f1c0c2f-6d78-430b-a2a6-0023d2899798', '2a1ffc2e-b521-4f93-9f01-282c6298c3c1', 'KALTAKQUISE', 'ACTIVE', 0, 'Funktion: Geschäftsführer/in (CEO) | Mitarbeiter: 1 bis 10 | Branche: Restaurants | Rechtsform: Gesellschaft mit beschränkter Haftung'),
('9cbe401a-b98b-463d-8a50-ba0c1a93eaa5', 'ca41af7f-7b80-492f-8943-83d3467c75df', 'KALTAKQUISE', 'ACTIVE', 0, 'Funktion: Geschäftsführer/in (CEO) | Mitarbeiter: 1 bis 10 | Branche: Maler- & Gipsergeschäfte | Rechtsform: Aktiengesellschaft'),
('30bdd915-63a1-4ef1-933f-9ec486278b6d', 'f24dad47-5170-4726-a861-4787fc1629a2', 'KALTAKQUISE', 'ACTIVE', 0, 'Funktion: Geschäftsführer/in (CEO) | Mitarbeiter: 1 bis 10 | Branche: Gartenbau & -pflege'),
('04c291d3-bdcf-4973-b3a1-2e9d9d739979', '481bb511-69a3-4cd2-bcf8-475917795427', 'KALTAKQUISE', 'ACTIVE', 0, 'Funktion: Geschäftsführer/in (CEO) | Mitarbeiter: 1 bis 10 | Branche: Architekturbüros / Innenausstatter | Rechtsform: Aktiengesellschaft'),
('59ab4baf-0537-425c-8b6e-863c64273410', '526a884b-c8b6-45df-80e2-dce414c948b1', 'KALTAKQUISE', 'ACTIVE', 0, 'Funktion: Geschäftsführer/in (CEO) | Mitarbeiter: 1 bis 10 | Branche: Architekturbüros | Rechtsform: Gesellschaft mit beschränkter Haftung'),
('bf511d90-e739-492a-801b-eb324f7a34c1', 'a15d91e2-5469-4663-b7e5-e4c80d5313a9', 'KALTAKQUISE', 'ACTIVE', 0, 'Funktion: Geschäftsführer/in (CEO) | Mitarbeiter: 1 bis 10 | Branche: Architekturbüros / Innenausstatter | Rechtsform: Gesellschaft mit beschränkter Haftung'),
('a72322e4-fd64-431f-b4be-177257820806', '5c361d93-d9a6-40a7-9a23-6f14330b7e58', 'KALTAKQUISE', 'ACTIVE', 0, 'Funktion: Geschäftsführer/in (CEO) | Mitarbeiter: 1 bis 10 | Branche: Schreinerei- & Holzbaubetriebe | Rechtsform: Gesellschaft mit beschränkter Haftung'),
('16171f76-99d8-4729-9f99-160e94a4276d', 'c893a216-86fa-4504-bbcd-289599361cb9', 'KALTAKQUISE', 'ACTIVE', 0, 'Funktion: Geschäftsführer/in (CEO) | Mitarbeiter: 11 bis 20 | Branche: Innenausstatter | Rechtsform: Aktiengesellschaft'),
('e2a88bed-823e-455d-b6e6-1f3bd00c1015', '11c937f8-f639-4352-b22a-755dc5f67e35', 'KALTAKQUISE', 'ACTIVE', 0, 'Funktion: Geschäftsführer/in (CEO) | Mitarbeiter: 21 bis 50 | Branche: Fonds & sonstige Finanzinstitute / Externe Vermögensverwalter | Rechtsform: Aktiengesellschaft'),
('1e6bbb47-725f-45a1-9457-e25dbb97bf5d', 'ca091963-2d31-4884-939c-513220ed9d47', 'KALTAKQUISE', 'ACTIVE', 0, 'Funktion: Geschäftsführer/in (CEO) | Mitarbeiter: 1 bis 10 | Branche: Entsorgungsindustrie | Rechtsform: Aktiengesellschaft'),
('9e527e27-da31-4db3-b1e5-b470fd1dad22', '4ffae233-9263-4072-b4d9-e5509f6c0042', 'KALTAKQUISE', 'ACTIVE', 0, 'Funktion: Geschäftsführer/in (CEO) | Mitarbeiter: 1 bis 10 | Branche: Architekturbüros | Rechtsform: Gesellschaft mit beschränkter Haftung'),
('a299bad4-0248-4c98-9608-4b0742c6e62a', 'dcb8d8c4-4f42-4d0d-9a2e-1557c620a807', 'KALTAKQUISE', 'ACTIVE', 0, 'Funktion: Geschäftsführer/in (CEO) | Mitarbeiter: 1 bis 10 | Branche: Schreinerei- & Holzbaubetriebe | Rechtsform: Gesellschaft mit beschränkter Haftung'),
('dbd608a2-6f0f-405f-b83a-0f369659f9c9', '3d76b235-d474-4aed-ae5a-3d5908a36224', 'KALTAKQUISE', 'ACTIVE', 0, 'Funktion: Geschäftsführer/in (CEO) | Mitarbeiter: 1 bis 10 | Branche: Architekturbüros / Innenausstatter | Rechtsform: Aktiengesellschaft'),
('9b263480-0ae4-4800-99ac-3c0e58e56eba', '90c1a230-e98f-47d3-a3d0-018508d06976', 'KALTAKQUISE', 'ACTIVE', 0, 'Funktion: Geschäftsführer/in (CEO) | Mitarbeiter: 21 bis 50 | Branche: Family Offices / Treuhandbüros / Externe Vermögensverwalter | Rechtsform: Aktiengesellschaft');

INSERT INTO lead_tags (lead_id, tag_id) VALUES
('fddcd8bb-482b-47df-8a2b-055e620100cb', 'ka-b2b'),
('1364e684-ea37-4fb0-b9bb-2af053baf43e', 'ka-b2b'),
('ea59b91d-15de-4213-a694-5d02b65aa6c8', 'ka-b2b'),
('b19ff422-58f7-480a-a312-d650d010eec5', 'ka-b2b'),
('e05a57f2-2920-482d-96b3-43f983b1acd0', 'ka-b2b'),
('f05353d4-2ad6-40d8-bec9-5a8d500962e8', 'ka-b2b'),
('d74da149-bc58-4fd6-a085-a7f1db6d6291', 'ka-b2b'),
('94b27990-3e97-4822-88dd-93e3a863b091', 'ka-b2b'),
('8e30ccfe-0d53-4dc3-a967-ff4a77d9b55d', 'ka-b2b'),
('19fc40a3-11b2-451f-ba23-46f12e50f54a', 'ka-b2b'),
('128f033a-aa27-448d-af46-76fe09a42461', 'ka-b2b'),
('4221c57f-d781-4f3a-a1af-74f96f9a4dd1', 'ka-b2b'),
('6b5b705f-e1f1-4b39-a520-a10e397fa71d', 'ka-b2b'),
('09139a16-58c8-40f2-bb82-823a0b0c16ff', 'ka-b2b'),
('4abe9d2a-e862-46d5-86af-51c5919a9b65', 'ka-b2b'),
('03be3e24-6685-4e16-91f2-05812fa699ce', 'ka-b2b'),
('84995134-2d4d-46b8-8215-57aa50da1376', 'ka-b2b'),
('1459afda-dc85-491a-a482-be9aed482ff3', 'ka-b2b'),
('7269d3ae-0dd4-46b1-8352-2c547b4e5bca', 'ka-b2b'),
('3714c985-37a1-4c4e-b37e-0dabf2d34e06', 'ka-b2b'),
('120c86f6-5521-4e20-9777-0f2154e0d529', 'ka-b2b'),
('8083308c-6bb4-449e-af42-d7aed40d51c6', 'ka-b2b'),
('06f4a07e-5acb-41c2-916f-d69f13804211', 'ka-b2b'),
('f166f5cc-3bc8-4361-8ed0-33444022ae90', 'ka-b2b'),
('8602ae2d-b365-4bfc-b441-b84dfe3e991b', 'ka-b2b'),
('35ccf61b-91ad-4c5b-b3c2-31502acdafc5', 'ka-b2b'),
('30b5da50-9e54-4e25-8d56-971c60bceafb', 'ka-b2b'),
('50870bbb-5bc0-4306-bbdf-16e5c1cd3c61', 'ka-b2b'),
('c5377c71-ccb2-42fc-8349-75819bed6b7a', 'ka-b2b'),
('f44f9667-8f3e-418c-82c3-3788fd685c04', 'ka-b2b'),
('39ed2ad0-439f-42b3-b202-a25d847c9254', 'ka-b2b'),
('12169529-c08b-4064-acc8-4a32a60e47a6', 'ka-b2b'),
('4c24559a-1b14-4722-85e7-fbc8e98c6dfd', 'ka-b2b'),
('0d421d92-b9f1-4abc-b44c-6adba2f8fe16', 'ka-b2b'),
('31f2fbe4-a76f-421e-85c5-d4430fc0a1ca', 'ka-b2b'),
('c7c85a17-0bbc-420a-96d3-4c258ef086a0', 'ka-b2b'),
('50922d3b-be94-436c-ba66-543e3066ca7f', 'ka-b2b'),
('8bee2529-fe55-4abc-a58e-fa07e49116c1', 'ka-b2b'),
('97c29f8c-b51f-4d9b-b01a-f5606ed1e8db', 'ka-b2b'),
('8a6315fd-5d11-4003-9b25-4251e029bc99', 'ka-b2b'),
('225d7872-ab8c-4916-8c5c-0271a28a293e', 'ka-b2b'),
('016ec599-23d7-415a-bd5c-9bab75ab020e', 'ka-b2b'),
('03893045-6582-4340-bdf6-e8d37495d349', 'ka-b2b'),
('b7572981-52f8-42d1-aad7-9468de5264af', 'ka-b2b'),
('d6fa3636-290a-47e4-96d1-63d45c4a6ee7', 'ka-b2b'),
('eb3c1821-a36e-4bad-86a6-8a2cdc97a1f9', 'ka-b2b'),
('b620fda4-9c8e-47b5-a7ad-78173e6ce4e7', 'ka-b2b'),
('bb6e1be8-43c0-4fca-835f-ea92eb514d3f', 'ka-b2b'),
('4bbbf3ed-e249-432b-87c7-089fab2a3e85', 'ka-b2b'),
('12f34c85-f1dc-483b-b607-18b6a5c1d9a9', 'ka-b2b'),
('35040059-c106-4969-9e7d-1b3b13069a24', 'ka-b2b'),
('66717aba-3ea1-4180-9bf2-bc7364018a6b', 'ka-b2b'),
('ccffd5d9-6366-4a91-a307-e407b08438c3', 'ka-b2b'),
('2831f3e2-e19b-4d5b-996f-ed385969c93f', 'ka-b2b'),
('7c3d1be8-d9a7-4ff8-bd7f-f9e41a61bd80', 'ka-b2b'),
('5cc20090-7263-47d8-8769-aadbc2749511', 'ka-b2b'),
('3d63a3d9-0d9f-49c5-872c-be406a6a4400', 'ka-b2b'),
('e0f46c30-396c-46af-b80a-69a9f860aa98', 'ka-b2b'),
('39812b9c-819b-4a95-bbad-45cb2b3911d7', 'ka-b2b'),
('d0d338f8-ea5b-4f2c-a175-37ac3d7cc54b', 'ka-b2b'),
('af8b8947-9297-4ee6-b367-824188ef5ccf', 'ka-b2b'),
('8a6552af-6967-432f-bf9f-7f0165bb87d7', 'ka-b2b'),
('93d20358-dc0e-446b-bffe-b183947529e2', 'ka-b2b'),
('8605e793-3b65-47fe-a54e-9bcc45d27cce', 'ka-b2b'),
('d2caaace-346b-4d8f-9fc2-f8ae9e116894', 'ka-b2b'),
('5200a2c4-6c4b-4d0d-b58a-674da68e6509', 'ka-b2b'),
('cac8ba99-e026-4767-bc84-b04803adc85b', 'ka-b2b'),
('a4656276-f1dc-4e55-ba8a-6ecec60feabd', 'ka-b2b'),
('0212ebd3-fb73-4f3e-953b-996f9e8d80a1', 'ka-b2b'),
('68e7e79f-030b-44ef-9a68-b9883d7a4161', 'ka-b2b'),
('478fde19-0378-4a42-9f32-ccd08c097c49', 'ka-b2b'),
('604c6731-5e2e-4c24-9de6-dae744ef3b11', 'ka-b2b'),
('22b2b20a-ee4f-4098-bdcf-60dd44dc8aab', 'ka-b2b'),
('4cd6cc5a-15f7-4bde-8d4c-3813093d504f', 'ka-b2b'),
('cf96e102-cba9-4d4d-a3f2-089c194f2d1c', 'ka-b2b'),
('3bc3e76d-ae6c-414a-857b-5be69cc76ee0', 'ka-b2b'),
('0fe5c048-e9ba-4070-bd0c-90290b9ecc35', 'ka-b2b'),
('ebe86567-3bb1-4015-a5c2-b742e58ef429', 'ka-b2b'),
('7ff0c693-028c-4473-bc5f-0b46ca5a2331', 'ka-b2b'),
('d5cbe96d-3c41-435e-8100-b1954d71c045', 'ka-b2b'),
('f1727d91-bc1a-443a-bf0b-a1fc8ce43a77', 'ka-b2b'),
('6e8b31ab-e00c-4131-9f4e-8b3a5c219cc8', 'ka-b2b'),
('12152fc0-ec1d-4721-a2b4-9a83178e3daf', 'ka-b2b'),
('f93302e6-d362-47ec-8211-cd869ddf56a9', 'ka-b2b'),
('73515e18-6403-4ee4-a1d0-995a8c69befe', 'ka-b2b'),
('3558c978-4cef-4df2-bdbf-e633d9c2d6bd', 'ka-b2b'),
('b443823b-dfa6-49d3-bae0-787ccd46739e', 'ka-b2b'),
('692a98f0-4169-4600-98ea-326e31c21ffa', 'ka-b2b'),
('cab12be7-f222-499d-b89a-6700ccc7ad33', 'ka-b2b'),
('8500171e-6951-43e8-8a6b-0340d7aceef2', 'ka-b2b'),
('ae79d412-e04b-4194-bd34-fbc345e050a2', 'ka-b2b'),
('6ad0935e-0fd4-479a-a668-27af1338fad2', 'ka-b2b'),
('2dd8b395-6b02-4b9c-b78c-201526278726', 'ka-b2b'),
('bf788820-dbe1-490b-ba0b-8437578c17b5', 'ka-b2b'),
('2b3bd4a0-80d7-4e87-a6f0-798c809c306d', 'ka-b2b'),
('ab77313e-f0a6-41e2-9493-223f4e5368ca', 'ka-b2b'),
('7e8345aa-e8b2-4fc9-883a-34cf6e2ee2ee', 'ka-b2b'),
('fd8cdd36-4c40-47dd-9fc9-6d47306222b5', 'ka-b2b'),
('f3a96aa7-104d-4834-b3a6-54b56d80136c', 'ka-b2b'),
('f53fc2f8-59a5-4953-9656-38174493e787', 'ka-b2b'),
('da387813-4964-4c89-aba4-37f824da43e5', 'ka-b2b'),
('0990e7a0-612f-4450-8dc9-d0ae70434e54', 'ka-b2b'),
('01bae524-4b6d-48ab-a522-a2593669410b', 'ka-b2b'),
('4ef2d704-1fb8-45ac-b82f-9325318f2aa7', 'ka-b2b'),
('89e9277c-ee97-40c9-a0a5-583eb21a2f64', 'ka-b2b'),
('0ca73c4d-987b-4d9f-b1da-ec23f55d9e25', 'ka-b2b'),
('8c0c2406-0d16-44c3-bb2e-38845e034c52', 'ka-b2b'),
('5b056f4a-e2a2-4191-a9e1-a9488527127e', 'ka-b2b'),
('8dd7049b-bec9-4e4b-a0d1-fd730fdc17b6', 'ka-b2b'),
('4c7fc996-bf06-4a87-8f32-43f3f224b233', 'ka-b2b'),
('cff396f9-cfae-4b51-9160-8a34e8a19fb3', 'ka-b2b'),
('e220c5fb-11e5-4902-92a8-5ea398d6d336', 'ka-b2b'),
('05001ef0-4868-45f5-be1d-dbf14f107697', 'ka-b2b'),
('aa207392-0c25-49fd-9144-fe49daadb8b8', 'ka-b2b'),
('f6a58fb1-2801-410b-9a93-9ab661d1bb85', 'ka-b2b'),
('7680bb36-4120-49bf-9855-c8ae44e0bb5d', 'ka-b2b'),
('0cdef866-143c-451a-a581-3b6e8fa358df', 'ka-b2b'),
('32598d05-3cec-443a-8c98-3f9b6c221cf9', 'ka-b2b'),
('f6152133-9b87-4cf2-885b-3a84ca74ffdf', 'ka-b2b'),
('1c6f5427-1741-403f-af7d-4652552b0e65', 'ka-b2b'),
('26487f29-8f23-4db6-9d5a-2436ba9306f5', 'ka-b2b'),
('72f0e467-e9b8-4aba-94e7-82a020a26526', 'ka-b2b'),
('ac7c63c7-ded9-4547-8d2e-5623d07e45a3', 'ka-b2b'),
('91520c4e-ec1b-4e87-93a1-48c750429697', 'ka-b2b'),
('a8946f4b-473c-4686-9e43-a820c10ec3aa', 'ka-b2b'),
('d8fc2a0d-0136-4e59-8bc4-95b8c665b9ba', 'ka-b2b'),
('ecfbc5bc-9b17-404a-aae5-1c3bf5ff711d', 'ka-b2b'),
('a98b842b-2d1e-4a5e-875e-371abda73936', 'ka-b2b'),
('2ef9c669-9651-4833-935a-ad5f109ce00b', 'ka-b2b'),
('4b6ead8d-b588-473f-995e-728a60b448f2', 'ka-b2b'),
('4ded1a12-9fed-4e0e-9f78-275bfb92b701', 'ka-b2b'),
('8df66bb6-ba70-4f13-8278-958fc46ad10b', 'ka-b2b'),
('fc80a334-068a-45c6-a039-5978c8404df3', 'ka-b2b'),
('a03fdf39-15e1-4bcb-a01e-3e16ad27c371', 'ka-b2b'),
('134b5e0e-7e9f-4a5d-8b32-c7b4155c5e92', 'ka-b2b'),
('24135726-d23f-4c96-b86e-a0691ee2fe81', 'ka-b2b'),
('bfde6e40-2b7b-4989-b0e2-70093a316c79', 'ka-b2b'),
('322051f3-d395-4afd-9b5f-6b095e6324d8', 'ka-b2b'),
('fdb91a44-74c8-4c8d-a84c-584b38e79411', 'ka-b2b'),
('a52f8579-807b-4449-ad13-d8d5e7c2113f', 'ka-b2b'),
('1c29be2c-9f0c-4ee0-a8c5-3b7f6d34c4be', 'ka-b2b'),
('84aefb22-a125-4434-8dcf-7f74ca949f47', 'ka-b2b'),
('ef476b4c-afc5-4475-afbd-8b64507606cf', 'ka-b2b'),
('de3f72ca-6892-4fde-95ee-76573a5016a6', 'ka-b2b'),
('e845e010-a407-4a09-8544-5c477e29abca', 'ka-b2b'),
('e36116b9-7631-4621-8c06-1e1bd1e45f89', 'ka-b2b'),
('cef4cfc8-d1bd-4195-90ad-61ba8dce5f06', 'ka-b2b'),
('82d4e609-59e0-4db0-b26f-9b3ef48bef54', 'ka-b2b'),
('24d8b8f9-6bdd-4e1c-a85d-842032ad1988', 'ka-b2b'),
('57b2165a-0ae6-4234-b3df-ed1ed3bbc25b', 'ka-b2b'),
('4be54912-d535-4d4e-938f-da27a44dcfe5', 'ka-b2b'),
('b9377e30-114c-4196-b4b7-a36a304d17d9', 'ka-b2b'),
('3a236c69-8990-4bab-a21f-e5e766a7a2de', 'ka-b2b'),
('0edbd7b2-e9e2-4156-81af-333770536980', 'ka-b2b'),
('0bb29a51-8f44-4a75-9ef6-f236c0173a01', 'ka-b2b'),
('ef1e3484-74b9-4f3e-bf55-f9fd40f8cfcf', 'ka-b2b'),
('f5dec654-2242-4d68-a01f-9bce4a349c55', 'ka-b2b'),
('81624f39-9752-41e5-b3d0-0e4dec17b4f7', 'ka-b2b'),
('636451b9-1d6b-4bdc-87dc-a71c55527ad7', 'ka-b2b'),
('edae44ea-4c7b-4c84-8aff-4d28ce9e5c07', 'ka-b2b'),
('d45b8b7e-a215-4a9e-a2d4-16b6a9776bbd', 'ka-b2b'),
('cb553378-fa8c-4fa7-a046-ce51ab40d4fd', 'ka-b2b'),
('333da92e-a92e-4242-b4b6-7395d8ee3e64', 'ka-b2b'),
('b98a793c-f673-4dfc-9a76-40ae87995091', 'ka-b2b'),
('6a816bfe-f2e2-4ecd-b7ff-99f13dc4f777', 'ka-b2b'),
('c759630f-3c0c-49aa-8254-fa3b11182109', 'ka-b2b'),
('b14bf5f2-a056-4899-9201-59d4e5f54c31', 'ka-b2b'),
('2a6561e3-8ce2-448b-b755-8bd13258faba', 'ka-b2b'),
('93aacada-035a-48d1-ab7b-0eb5582d1913', 'ka-b2b'),
('03c9cc28-8c03-451d-9d77-7224ec1313ca', 'ka-b2b'),
('de58b9ed-81d3-4816-94a1-7820eb5d56c0', 'ka-b2b'),
('366538ba-6685-4721-a29a-3ec48fe17ba7', 'ka-b2b'),
('2c58b2a8-b73e-43ad-9526-2ce7269e02b0', 'ka-b2b'),
('c9d77ddb-9ab4-474b-8d49-b38293f9def9', 'ka-b2b'),
('5d439172-32d0-40a8-a881-960f63fc462b', 'ka-b2b'),
('973e4340-665c-4994-ad98-c9cbb2b81c43', 'ka-b2b'),
('c6a45ade-ab46-4fab-bd59-8957aed7d165', 'ka-b2b'),
('26ffddb5-e9b9-4e29-bb13-3e504010d9aa', 'ka-b2b'),
('bdd8f417-df11-49d3-adbf-a52de2434f8f', 'ka-b2b'),
('e8b7491f-2868-4163-b771-f28f4ddd933e', 'ka-b2b'),
('292b9be6-fd5f-4b65-bc6a-ef53317f4dc5', 'ka-b2b'),
('57ff8575-5034-483a-a69a-43da1b09e46a', 'ka-b2b'),
('54d55087-a7b1-4894-bbf9-aa5ee3fe5c6f', 'ka-b2b'),
('6e486252-937a-4633-9823-11ea72b8c5d7', 'ka-b2b'),
('12c92b06-d308-42e1-8623-0bd63f66a2c3', 'ka-b2b'),
('f3e293c0-92dc-47ee-bd3c-864448aeef56', 'ka-b2b'),
('1f1c0c2f-6d78-430b-a2a6-0023d2899798', 'ka-b2b'),
('9cbe401a-b98b-463d-8a50-ba0c1a93eaa5', 'ka-b2b'),
('30bdd915-63a1-4ef1-933f-9ec486278b6d', 'ka-b2b'),
('04c291d3-bdcf-4973-b3a1-2e9d9d739979', 'ka-b2b'),
('59ab4baf-0537-425c-8b6e-863c64273410', 'ka-b2b'),
('bf511d90-e739-492a-801b-eb324f7a34c1', 'ka-b2b'),
('a72322e4-fd64-431f-b4be-177257820806', 'ka-b2b'),
('16171f76-99d8-4729-9f99-160e94a4276d', 'ka-b2b'),
('e2a88bed-823e-455d-b6e6-1f3bd00c1015', 'ka-b2b'),
('1e6bbb47-725f-45a1-9457-e25dbb97bf5d', 'ka-b2b'),
('9e527e27-da31-4db3-b1e5-b470fd1dad22', 'ka-b2b'),
('a299bad4-0248-4c98-9608-4b0742c6e62a', 'ka-b2b'),
('dbd608a2-6f0f-405f-b83a-0f369659f9c9', 'ka-b2b'),
('9b263480-0ae4-4800-99ac-3c0e58e56eba', 'ka-b2b');
