-- Batch 181 (200 records)
INSERT INTO contacts (id, first_name, last_name, email, phone, company, address) VALUES
('fc4c186b-ba54-4477-86f7-93b348d0abf0', 'Gregor', 'Ming', 'welcome@head-on.ch', '079 444 66 65', 'Head-on', 'Seestrasse 97, 6052 Hergiswil, Nidwalden'),
('8e190969-82d1-4f1d-9f2a-13b5e5782dd6', 'Philip', 'Rozran', 'welcome@headquarters.ch', '061 322 01 47', 'Headquarters Individual Hairstyling', 'Totentanz 7, 4051 Basel, Basel-Stadt'),
('837f8cdd-8472-4af8-9ecc-5b704b0ca3bb', 'Sebastian', 'Rumpf', 'contact@headscoiffure.ch', '031 312 17 67', 'Heads Coiffure', 'Storchengässchen 6, 3011 Bern, Bern'),
('9dded263-52f3-4eb3-b4da-321e5353f954', 'Nadine', 'Leuenberger', 'nl@headsforbrands.ch', '044 545 46 00', 'Heads for Brands GmbH', 'Oberallmendstrasse 18, 6300 Zug, Zug'),
('1cbea5c3-570d-4ecc-8b4d-c59f51b2ada4', 'Christoph', 'Zeiss', 'officezeiss@headsinternational.com', '041 711 80 90', 'Heads! International AG', 'Metallstrasse 9, 6302 Zug, Zug'),
('d10a0b22-085e-46d4-821c-3122c8364052', 'Johannes', 'Ermatinger', 'welcome@headscouts.ch', '052 620 20 44', 'headscouts - Ermatinger, Kunz, Schoch KLG', 'Fronwagplatz 9, 8200 Schaffhausen, Schaffhausen'),
('30178b67-b37a-4ebf-8a16-449da8112a6b', 'Nico', 'Bellabarba', 'info@headstart-collective.ch', '077 502 27 59', 'Headstart Collective GmbH', 'St. Niklausstrasse 22, 4500 Solothurn, Solothurn'),
('b324f7ae-a1d7-402b-9888-c5ea34ecaf96', 'Tobias', 'Steinemann', 'hello@headstarterz.com', '061 554 55 74', 'HeadStarterz GmbH', 'St. Johanns-Vorstadt 10, 4056 Basel, Basel-Stadt'),
('4d8b7e11-600a-4824-a4c6-6325894231d4', 'Tamara', 'Strebel', 'tamara.strebel@headtitudes.ch', '079 244 48 48', 'Headtitudes GmbH', 'Eichtalstrasse 55, 8634 Hombrechtikon, Zürich'),
('70af61a8-61d7-4f82-933d-c7d8a8bf1170', 'Daniel', 'Tschirren', 'daniel.tschirren@headware.ch', '032 621 47 47', 'headware informatik ag', 'Gibelinstrasse 27, 4500 Solothurn, Solothurn'),
('444dae04-a16e-462a-b584-f52912caf07f', 'Matthias', 'Gehring', 'info@headway-solutions.com', '044 586 27 71', 'Headway Solutions GmbH', 'Spissenstrasse 73, 6045 Meggen, Luzern'),
('43873a82-f168-4fbc-ba89-e13b6c494293', 'Philipp', 'Nüssli', 'info@headz-agency.ch', '078 878 15 94', 'Headz Agency AG', 'Klosterstrasse 34, 8406 Winterthur, Zürich'),
('918d49cb-4fb6-42ce-bf6b-1369f152d97d', 'Dino', 'Polcari', 'info@healyourdog.ch', '079 680 66 33', 'heal your dog, Dino Polcari, Therapie für Hunde', 'Feldstrasse 6a, 9434 Au, St. Gallen'),
('9fa28916-17a9-4325-aaae-17fd0c724793', 'Nicola', 'Hollender', 'info@health-beauty-lounge.com', '078 695 36 17', 'Health & Beauty Lounge by N. Hollender', 'Albisstrasse 27, 8038 Zürich, Zürich'),
('d4680996-8a3e-424f-a837-35f436180e02', 'Andrea', 'Novak', 'info@health-and-care.ch', '044 420 00 11', 'Health & Care Physiotherapie GmbH', 'Klosbachstrasse 99, 8032 Zürich, Zürich'),
('7f3649ce-38c8-4511-ba00-662fc6f5ccb5', 'Moritz', 'Jäggy', 'info@healthadvances.com', '041 766 81 00', 'Health Advances GmbH', 'Zählerweg 6, 6300 Zug, Zug'),
('70d64b9b-ae96-4930-9ffd-8c311849930e', 'Frank', 'Walter Marent', 'info@health-and-life.ch', '043 883 07 16', 'health and life AG', 'Suhrenmattstrasse 29, 5035 Unterentfelden, Aargau'),
('1c234044-7351-4aa6-926a-38d9cc67f0b7', 'Danilo', 'Domanico', 'info@hbl-dd.com', '043 300 99 69', 'Health Beauty Lifestyle AG', 'Schaffhauserstrasse 276, 8057 Zürich, Zürich'),
('8bbd635f-169f-46e4-bf02-8f478b0ac31e', 'Liana', 'Borghi', 'info@tripleair.ch', '078 400 55 09', 'Health Benefits AG', 'Obere Schwendi 639, 9053 Teufen, Appenzell Ausserrhoden'),
('cb3427c3-1db5-4bc7-a530-9c18f09e1012', 'Carole', 'Winiger-Candolfi', 'info.kapls@hin.ch', '041 541 88 88', 'Health Care Luzern-Kriens AG', 'Ringstrasse 37, 6010 Kriens, Luzern'),
('c110c6bb-f216-4270-ba25-3e2e9a450290', 'Michael', 'Buik', 'michael.buik@health-focus-consulting.ch', '079 717 49 92', 'Health Focus Consulting GmbH c/o Michael Buik', 'Keltenweg 29, 5028 Ueken, Aargau'),
('6393f2ab-a25f-4386-9dbc-ec3905dcd03e', 'Lucas', 'Schult', 'info@hin.ch', '0848 830 740', 'Health Info Net AG', 'Seidenstrasse 4, 8304 Wallisellen, Zürich'),
('267d439b-44f7-44a4-bf65-fde7c5951b3b', 'Marcel', 'Cueni', 'cueni.m@bluewin.ch', '041 780 65 84', 'Health Partners GmbH c/o Financial Consulting & Accounting Group GmbH', 'Vorderbergstrasse 34, 6318 Walchwil, Zug'),
('437f80a3-99b9-4496-b8a4-baf7ad6f59af', 'Nuria', 'Lys', 'nurialys@ymail.com', '078 729 63 49', 'Health4you', 'Dennigkofenweg 122b, 3072 Ostermundigen, Bern'),
('4d4b5219-ce5a-4faa-a411-15e821056cce', 'Urs', 'Bühler', 'info@healthbalance.ch', '071 955 60 62', 'HealthBalance AG', 'Sonnenhügelstrasse 8, 9240 Uzwil, St. Gallen'),
('c055f208-29a6-4517-97be-a8fceafbaeec', 'Frank', 'Stein', 'info@healthcare-projects.ch', '061 922 02 40', 'healthcare projects consulting & management Stein', 'Grammetstrasse 14, 4410 Liestal, Basel-Land'),
('5d1c629a-061e-487a-aea4-a87eb61d6e33', 'Jürgen', 'Stoll', 'info@healthcorppartners.com', '055 552 06 10', 'HealthCorp Partners AG', 'Höh-Rohnenweg 27, 8832 Wollerau, Schwyz'),
('6aa9a5d5-19a1-40be-898a-35568a032fba', 'Stephan', 'Ruckdäschel', 'info@healthecon.com', '061 284 95 60', 'Healthecon AG', 'Steinentorstrasse 19, 4051 Basel, Basel-Stadt'),
('0998adcd-1f5e-4c62-a078-ac6eeb634879', 'Michael', 'Buser', 'info@healthspot.ch', '061 511 92 82', 'Healthsport GmbH', 'Oslo-Strasse 2, 4142 Münchenstein, Basel-Land'),
('b786f313-41e5-4057-99fa-6ca1f77fa7ba', 'Martin', 'Keller', 'info@schlegelhealth.ch', '041 748 76 00', 'Healthworld (Schweiz) AG c/o Ogilvy AG', 'Hardturmstrasse 133, 8005 Zürich, Zürich'),
('ca612de6-225b-4b94-b0e1-fcf8862d6555', 'Gabriela', 'Kleiner', 'email@snacky.ch', '044 775 70 20', 'healthy & snacky ag', 'Riedstrasse 12, 8953 Dietikon, Zürich'),
('9fc887f7-1768-4172-8df9-31099bf4aec7', 'Nicolas', 'Pommier', 'contact@healthycheck.ch', 'N.a.', 'Healthycheck AG', 'Alte Steinhauserstrasse 19, 6330 Cham, Zug'),
('df5bc5e4-d9a7-4dc3-b535-0e9007607482', 'Paul', 'Healy', 'info@healy.ch', '062 836 60 00', 'Healy + Partner Engineering AG', 'Delfterstrasse 12, 5000 Aarau, Aargau'),
('4599818a-bf57-42b3-8f92-9a29576b4e37', 'Michaela', 'Schönauer', 'info@heartdeco.ch', '079 258 16 83', 'Heartdeco GmbH', 'Riedtwilstrasse 8, 3472 Wynigen, Bern'),
('54299dbe-1ba0-4b90-be53-24668e975538', 'Scarlett', 'Kuhn', 'info@heartgame.ch', '062 824 50 01', 'Heartgame KLG', 'Zollrain 12, 5000 Aarau, Aargau'),
('ddd82287-b98b-4ea6-b3c0-b579ba6b1d19', 'Alfred', 'Markaj', 'info@heat-box.ch', '055 212 53 54', 'Heatbox GmbH', 'St. Gallerstrasse 25, 8645 Jona, St. Gallen'),
('f6817f2e-3a92-433c-b4e8-5ca77cab0ce0', 'Rolf', 'In-Albon', 'info@heatcon.ch', '027 923 52 59', 'Heatcon GmbH', 'Gamsen Kantonsstrasse 407, 3900 Brig, Wallis/Valais'),
('c84ee7b5-cf83-45b0-b5da-8cb2eac83a25', 'Philippe', 'Kühni', 'p.kuehni@heatconnect.ch', '043 244 40 00', 'heatconnect AG', 'St. Dionysstrasse 31, 8645 Jona, St. Gallen'),
('7adf91ee-9e7f-4256-93d9-57c8174eba2f', 'Martin', 'Mordasini', 'martin.mordasini@heat-engine.ch', '062 926 10 00', 'heat-engine GmbH', 'Kronengasse 15a, 4628 Wolfwil, Solothurn'),
('3296ecd4-05d6-4bb9-a796-f7bca1ef747a', 'Gasper', 'Krasniqi', 'info@heatplan.ch', '071 252 50 21', 'Heatplan GmbH', 'Rädlibach 42, 9244 Niederuzwil, St. Gallen'),
('05395c2f-924f-426d-99bc-1cc12242b713', 'Jules', 'Pikali', 'info@heatvolution.ch', 'N.a.', 'heatvolution ag', 'Blegistrasse 1, 6343 Rotkreuz, Zug'),
('37564ffd-1e50-49b1-9c73-424ba43e2270', 'Freddy', 'Weibel', 'info@the-heaven.ch', '071 571 33 99', 'Heaven Music Club Bichelsee', 'Hauptstrasse 35, 8362 Balterswil, Thurgau'),
('38936823-31e2-4e98-9595-fd1b00dc76b6', 'Tatjana', 'Forsbach', 'info@heavenofcolours.ch', '061 554 92 04', 'Heaven of Colours', 'Steinenvorstadt 53, 4051 Basel, Basel-Stadt'),
('aecb4658-e8a1-48d1-9772-7e04a447a7ba', 'Linda', 'Mischler', 'info@heavens-himmelried.ch', '061 741 11 38', 'Heavens Pub-Cafe Himmelried', 'Waldeck 95, 4204 Himmelried, Solothurn'),
('7cb560a2-123d-4d36-8319-3efb42530aed', 'Michael', 'Hartmann', 'mha@hebag-ag.ch', '052 235 04 00', 'Hebag AG, Unternehmen für Hebe- und Verschiebetechnik', 'Harzachstrasse 7, 8404 Winterthur, Zürich'),
('91e0e9f8-4f1f-4fb5-992b-0ed1747e6590', 'Mario', 'Müller', 'mario@hebebuehnenschweiz.ch', '032 384 12 12', 'Hebebühnen Schweiz AG', 'Schwalbenweg 2, 3292 Busswil, Bern'),
('4ab462f1-fa92-4be6-aaf7-585e1f503870', 'Michael', 'Hebeisen', 'michael.hebeisen@hebeisen-vatter.ch', '031 357 26 26', 'Hebeisen + Vatter Architekten AG', 'Münzrain 4, 3005 Bern, Bern'),
('b363cc3b-0e99-461e-89e7-ecfd79104af3', 'Gérald', 'Kälin', 'info@hebeisen-maler.ch', '052 222 25 23', 'Hebeisen Fritz AG', 'Weinbergstrasse 6, 8400 Winterthur, Zürich'),
('5102e12c-85cf-47f3-9271-24b4c3ca12bb', 'Matthias', 'Asendorf', 'matthias.asendorf@heberlink-asendorf.ch', '052 242 46 46', 'Heber.Link.Asendorf AG', 'Industriestrasse 26, 8404 Winterthur, Zürich'),
('41a77509-82fd-4d78-be95-36a5e93e95da', 'Martin', 'Zürcher', 'martin.zuercher@heberlein.com', '071 987 43 09', 'Heberlein Technology AG', 'Bleikenstrasse 11, 9630 Wattwil, St. Gallen'),
('f2af324a-85ea-4f4e-9faf-07866b28e95f', 'Thomas', 'Schreier', 'info@hebetec.ch', '061 911 96 92', 'Hebetec Förder- und Hebesysteme AG', 'Liestalerstrasse 33, 4412 Nuglar, Solothurn'),
('d3bf7f92-56ec-4658-8e2d-c37df2218b48', 'Jean-Philippe', 'Ricard', 'info@hebetec.com', '034 411 71 71', 'Hebetecfreyssinet Holding AG', 'Sagi 1, 3324 Hindelbank, Bern'),
('069b6ec9-d1ee-4a01-a91f-66a60012171a', 'Marcel', 'Müller', 'marcel.mueller@hbt-ag.ch', '055 451 02 01', 'Hebetech AG', 'Schufelistrasse 8, 8863 Buttikon, Schwyz'),
('eb6eb876-788f-4bf6-b0f7-9b24a0b4b6ca', 'Thomas', 'Hermann', 'thomas.hermann@hebholz.ch', '079 259 34 56', 'hebHolz AG', 'Dirschstrasse 6, 8893 Flums Hochwiese, St. Gallen'),
('f9d7e428-aeb5-4344-ae60-bd00f5f6742a', 'Peter', 'Hess', 'contact@hebidruck.ch', '041 761 90 37', 'Hebi-Druck AG', 'Oberneuhofstrasse 13, 6340 Baar, Zug'),
('b1fae095-a90d-4ef5-b077-4d69b9ab3d8b', 'Heinz', 'Bucher', 'verkauf@hebu-gmbh.ch', '041 480 07 07', 'Hebu Handels GmbH', 'Russacher 19, 6162 Entlebuch, Luzern'),
('9ce4a342-96f6-484c-b908-dd35b76ca94e', 'Beat', 'Burkhard', 'info@hebu-keramik.ch', '079 632 82 04', 'HEBU-KERAMIK, Burkhard Beat + Hegi Samuel', 'Buetzbergstrasse 2, 4912 Aarwangen, Bern'),
('ba7db54e-fd3a-43ed-902f-c45a55d8ba39', 'Sven', 'Burghard', 'info@hebutec.ch', '071 911 77 11', 'Hebutec AG', 'Freudenaustrasse 12, 9500 Wil, St. Gallen'),
('c917a2fe-7906-403e-8127-3bfb487e049c', 'Ralph', 'Hechelmann', 'info@hechelmann.ch', '071 474 71 00', 'Hechelmann Schreinerei GmbH', 'Schulstrasse 8a, 9322 Egnach, Thurgau'),
('cb6d566a-3397-4349-8b0f-58bed7c24403', 'Daniel', 'Hecht', 'info@hechtdistillerie.ch', '041 460 14 28', 'Hecht Distillerie AG, Sempach', 'Landegg, 6204 Sempach, Luzern'),
('2f65911a-2e79-44c4-b4bd-9a02f02782b4', 'Hubert', 'Hecht', 'hubert.hecht@hecht-holzbau.ch', '041 925 18 48', 'Hecht Holzbau AG', 'Rigistrasse 11a, 6210 Sursee, Luzern'),
('cfe07e05-a2e1-4440-99ff-4a8e1caff0b2', 'Hans Rudolf', 'Hecht', 'hecht@hic-basel.ch', '061 336 30 60', 'Hecht Immo Consult AG', 'Birsigstrasse 2, 4054 Basel, Basel-Stadt'),
('efec0841-a8b8-4a97-b961-97220b92a4ae', 'Oliver', 'Strebel', 'info@hecht-rottenschwil.ch', '056 634 11 06', 'Hecht Rottenschwil AG', 'Hauptstrasse 2, 8919 Rottenschwil, Aargau'),
('cd206329-f274-4bb9-a46f-473e635c79e4', 'Christian', 'Heckendorn', 'info@heckendorn-architekt.ch', '061 953 02 01', 'Heckendorn Architekt GmbH', 'Talweg 5a, 4436 Oberdorf, Basel-Land'),
('96605f3a-155f-474e-8f92-8530beeb7913', 'Paul', 'Schär', 'holzbau@hector-egger.ch', '062 919 07 07', 'Hector Egger Holzbau AG', 'Steinackerweg 18, 4901 Langenthal, Bern'),
('765a5522-e0e6-4b3f-b0ee-18c3037306e6', 'Martin', 'Daniel', 'mail@hectronic.ch', '056 460 74 74', 'Hectronic Schweiz AG', 'Aarauerstrasse 69, 5200 Brugg, Aargau'),
('f4efbcb0-14cb-469a-8e95-012434082c97', 'Viktor', 'Zalepa', 'hi@hedger.fi', 'N.a.', 'hedger.fi AG', 'Grundstrasse 12, 6343 Rotkreuz, Zug'),
('2b9306db-0f13-4521-a0f4-14f5be25a175', 'Hedi', 'Rombach', 'hedirombach@gmail.com', '071 951 14 75', 'Hedi Rombach', 'Ruhbergstrasse 20, 9230 Flawil, St. Gallen'),
('f668e50e-78bf-4094-b327-907097ac4dd3', 'Peter', 'Hediger', 'hediger-automobile@bluewin.ch', '061 971 29 10', 'Hediger Automobile AG', 'Gewerbestrasse 7, 4450 Sissach, Basel-Land'),
('a76d6e31-da1f-47ba-acea-f4afcc5f8afe', 'Samuel', 'Hediger', 'info@hedag.ch', '062 765 60 61', 'Hediger Elektro AG', 'Neue Bahnhofstrasse 15, 5737 Menziken, Aargau'),
('14b05411-9c51-446c-8d14-68e7733f2656', 'Christian', 'Hediger', 'hediger@bluewin.ch', '079 426 58 26', 'Hediger Gartenbau', 'Holzwiesstrasse 33, 8645 Jona, St. Gallen'),
('10dba832-3ca2-4843-b181-1cff0a08ed58', 'Patrik', 'Duvoisin', 'info@thermometer.ch', '044 923 34 44', 'Hediger Lab AG', 'Feldgüetliweg 122a, 8706 Meilen, Zürich'),
('f908a1de-2695-47df-b810-8371f0cd854d', 'Thomas', 'Hediger', 'info@hediger-recycling.ch', '041 933 16 69', 'Hediger Recycling AG', 'Grabmattenstrasse 10, 6233 Büron, Luzern'),
('cc711350-3e21-4ce8-9df9-8c2c57e0e710', 'Lukas', 'Hörler', 'lukas.hoerler@hedinautomotive.ch', '071 282 49 69', 'Hedin Automotive Schweiz AG', 'Schuppisstrasse 9, 9016 St. Gallen, St. Gallen'),
('126bbc8f-b668-4b43-b650-d19d825df409', 'Vito', 'Bellino', 'vito.bellino@hedinautomotive.ch', '071 727 20 65', 'Hedin Automotive Widnau AG', 'Unterdorfstrasse 85, 9443 Widnau, St. Gallen'),
('47aeb092-5ea1-4ee4-8286-d8c3896efc59', 'Patrick', 'Hedinger', 'info@hedingerbau.ch', '052 681 25 26', 'Hedinger Bau GmbH', 'Gewerbestrasse 4, 8217 Wilchingen, Schaffhausen'),
('4b963df9-0153-4fca-8999-aef21bd4fc31', 'René', 'Müller', 'info@hedinger.com', '071 987 11 22', 'Hedinger Tech AG', 'Ebnaterstrasse 138, 9630 Wattwil, St. Gallen'),
('b4b9f5d6-1559-4cd3-abb4-80956f3d1f33', 'Susanne', 'Hedinger', 'susan.rutz@bluewin.ch', '079 742 62 55', 'Hedinger`s Öpfelparadies', 'Sägereistrasse 2, 8217 Wilchingen, Schaffhausen'),
('fee3b6ca-5b91-4372-9a6b-4c83892c90ca', 'Hedwig', 'Plöchl', 'hedwig.ploechl@praxisheilkraft.ch', '079 625 86 17', 'Hedwig Plöchl', 'St. Jakobstrasse 57, 8004 Zürich, Zürich'),
('d20526f8-eea4-4800-bfcf-e064ac11cc8d', 'Hedy', 'Niederer', 'info@niederer-therapie.ch', '079 364 44 09', 'Hedy Niederer', 'Obermoosbergstrasse 12, 9100 Herisau, Appenzell Ausserrhoden'),
('8b380ccd-a134-43d0-8703-411a66ee7b13', 'Stephan', 'Heé', 'info@heeswiss.com', '044 350 16 00', 'HEÉ swiss design', 'Schaffhauserstrasse 127, 8057 Zürich, Zürich'),
('204e167b-580e-4f81-9c4a-bba02a4ad81b', 'Hanspeter', 'Triet', 'info@heeb-enzler.ch', '044 910 02 12', 'Heeb & Enzler AG', 'Untere Wiltisgasse 14, 8700 Küsnacht, Zürich'),
('b9f04557-dd99-4498-8a3d-fbf04db5d3f1', 'Hansruedi', 'Heeb', 'h.heeb@heeb-partner.ch', '078 748 32 33', 'Heeb + Partner AG', 'Sandgruebstrasse 30, 9437 Marbach, St. Gallen'),
('0c060a58-95af-4ed2-94c0-c6d017b04730', 'Kurt', 'Heeb', 'info@heebheizung.ch', '071 747 58 58', 'Heeb AG Heizzungsservice', 'Rheinstrasse 5, 9434 Au, St. Gallen'),
('98af096b-f44c-4c87-9a14-35b3c45c0d3b', 'Hans', 'Heeb', 'hans.heeb@ag-heeb.ch', '079 418 23 83', 'Heeb Architekturbüro AG', 'Lienzigfeld 2, 9466 Sennwald, St. Gallen'),
('e29b0180-eae9-4d8d-ae61-71a0a5dc0d79', 'Adrian', 'Heeb', 'adrian.heeb@heebag.ch', '071 767 70 70', 'Heebag AG', 'Zollstrasse 20, 9464 Lienz, St. Gallen'),
('77e637bf-8aed-4797-a463-c5cb2afda041', 'Markus', 'Heer', 'markus.heer@heer-baumgartner.ch', '071 393 43 26', 'heer & baumgartner AG', 'Goldbachweg 5, 9230 Flawil, St. Gallen'),
('0c34daa0-7e9d-4e32-8472-2417e40ab42e', 'Mathias', 'Heer', 'heer@heer-partner.ch', '041 340 14 34', 'Heer + Partner Malerteam GmbH', 'Krienserstrasse 12a, 6048 Horw, Luzern'),
('fb71c15f-3b8a-4cf1-bc80-d538a1cc3be5', 'Patrick', 'Döbeli', 'info@heerag.ch', '071 351 48 19', 'HEER AG HERISAU', 'Alpsteinstrasse 41b, 9100 Herisau, Appenzell Ausserrhoden'),
('15562d56-75f1-458a-bd24-9a169de92a9f', 'Remo', 'Fidler', 'info@heer-waermetechnik.ch', '061 761 50 40', 'Heer AG, Wärmetechnik', 'Delsbergerstrasse 144, 4242 Laufen, Basel-Land'),
('183f6990-56b8-43a9-b838-58fcb74bcba7', 'Albert', 'Heer', 'a.heer@heer-architektur.com', '043 499 18 40', 'Heer Architektur GmbH', 'Forsterstrasse 48, 8044 Zürich, Zürich'),
('1008fc4b-293d-48e1-b8bf-68d59c378467', 'Jakob', 'Heer', 'holz.heer@bluewin.ch', '079 436 44 54', 'Heer Holz AG', 'Lerchenstrasse 3, 8750 Riedern, Glarus'),
('1e95885d-b31d-4e39-bc11-9505ed90fe1c', 'Christian', 'Heer', 'info@plattenprofi.ch', '052 238 15 35', 'Heer Keramik und Naturstein', 'Sennhofweg 111, 8482 Sennhof (Winterthur), Zürich'),
('a2d30bdc-198d-4b62-89e0-478bcc1a18fb', 'Jörg', 'Heer', 'info@heer-ofenbau.ch', '041 450 53 45', 'Heer Ofenbau + Plattenbeläge AG', 'Hirzenmatt 8, 6037 Root, Luzern'),
('c8db8949-435a-4fb7-a50b-fae2c33c63b2', 'Philipp', 'Heer', 'info@heer-sanitaer-service.ch', '078 621 06 22', 'Heer Sanitär Service GmbH', 'Lettenstrasse 26, 8108 Dällikon, Zürich'),
('5bd93d23-253d-4375-88ec-8d6927eefbc3', 'Adrian', 'Heer', 'info@wandtafel.ch', '071 657 21 18', 'Heer Söhne A.G.', 'Kehlhofstrasse 4, 8560 Märstetten, Thurgau'),
('565085e0-c085-4ad5-b50a-7441d5cf4b33', 'Daniel', 'Schöpfer', 'hefas@bluewin.ch', '041 486 23 10', 'Hefas GmbH', 'Schwandacher 4, 6182 Escholzmatt, Luzern'),
('797f36af-ebc8-470e-8c87-298c5b4e2557', 'Sandro', 'Meier', 'sandro.meier@hefe.ch', '052 369 63 62', 'Hefe Schweiz AG', 'Hauptstrasse 11, 9507 Stettfurt, Thurgau'),
('dcd8145c-717a-4a3a-9549-14a1c247435a', 'Martin', 'Hefti', 'info@402040.com', '033 748 33 63', 'Hefti & Domke Holzbau GmbH', 'Turbachstrasse 39, 3780 Gstaad, Bern'),
('67ad12c1-e19d-49d3-95cc-b396b8ea07cf', 'David', 'Hefti', 'info@hefti-kuechen.ch', '032 312 96 96', 'Hefti Ins AG', 'Rebstockweg 14, 3232 Ins, Bern'),
('4b770858-47db-4f43-81b9-ba2158f86820', 'Karl', 'Hefti', 'heftimetallbauag@bluewin.ch', '055 410 12 50', 'Hefti Metallbau AG', 'Eichenstrasse 10, 8808 Pfäffikon, Schwyz'),
('7c2895b4-df44-4cc8-bda2-b9a5379fd318', 'Urs', 'von Arx', 'urs.vonarx@hhm.ch', '058 520 41 20', 'Hefti. Hess. Martignoni', 'Neumattstrasse 13, 5001 Aarau 1, Aargau'),
('0ee27f95-bcab-4bbb-9426-be6947742d2d', 'Simon', 'Egger', 'info@hegäegger.ch', '076 310 85 63', 'HEgä Egger', 'Eichenweg 8, 4912 Aarwangen, Bern'),
('7d322dde-a9cf-4d02-9188-8989fd7878af', 'Heinz', 'Erb', 'heinz.erb@hegaplast.com', '041 790 38 91', 'HEGA-Plast AG', 'St. Wendelin 3, 6343 Rotkreuz, Zug'),
('3e5b7684-5404-44a6-a10b-3e9410ae26a7', 'Thomas', 'Perren', 'info@h2o-solutions.ch', '026 670 42 22', 'Hege Chimic System AG H2O-Solutions', 'Industriestrasse 34, 3186 Düdingen, Fribourg/Freiburg'),
('d235c7a4-6e30-4e8f-9465-c9db8db381a7', 'Markus', 'Heger', 'info@hegerholzbau.ch', '033 356 31 70', 'Heger Holzbau GmbH', 'Stockentalstrasse 16, 3638 Blumenstein, Bern'),
('41731150-7306-4654-95a2-a93d803e3074', 'Simon', 'Hegetschweiler', 'info@hegetschweiler-gaerten.ch', '055 422 07 66', 'Hegetschweiler Gärten', 'Benzigerstrasse 2, 8840 Einsiedeln, Schwyz'),
('a4bbd4a8-e447-4b2f-a9d2-578edebcc3ff', 'Michael', 'Hegewald', 'info@inspiriertwohnen.ch', '056 249 42 45', 'Hegewald AG', 'Im Rank 18, 5333 Baldingen, Aargau'),
('904eb98e-1cea-43a0-8459-834f11ef3f54', 'Nicola', 'Hegg', 'nicola.hegg@heggconsulting.ch', '079 407 06 35', 'Hegg Consulting GmbH', 'Wassergrabe 6, 6210 Sursee, Luzern'),
('fddc312e-830b-466f-bda6-4feaa83ab571', 'Maurizio', 'Coppe', 'info@heggheizungen.ch', '031 822 61 61', 'Hegg Heizungen AG', 'Moosrainweg 19, 3053 Münchenbuchsee, Bern'),
('dcbb2f1e-2377-4c8c-a421-ae4bd89da95a', 'Marcel', 'Brunner', 'marcel.brunner@hegg.ch', '031 868 30 34', 'Hegg Sanitär AG', 'Dammweg 39, 3053 Münchenbuchsee, Bern'),
('9583e786-355d-4516-82f5-21b66005c94a', 'Rainer', 'Heggli', 'rainer@heggligartenbau.ch', '056 670 98 68', 'Heggli Gartenbau GmbH', 'Benzenschwilerstrasse 7, 5634 Merenschwand, Aargau'),
('2fc07ee5-765e-4a6b-ad66-58fad6be75c3', 'Beat', 'Heggli', 'info@heggliservice.ch', '041 919 90 70', 'Heggli Service AG', 'Schongauerstrasse 9b, 6289 Müswangen, Luzern'),
('a973145b-f509-42ca-91f5-08c717607900', 'Stefan', 'Hegglin', 'sh@hegglincozza.ch', '041 729 40 73', 'Hegglin Cozza Architekten AG', 'Aegeristrasse 38, 6300 Zug, Zug'),
('37ba59b5-58aa-4774-b864-a54ef32112e3', 'Gregor', 'Speck', 'gs@hegglingroup.ch', '058 510 95 78', 'Hegglin Group AG', 'Hinterbergstrasse 24, 6312 Steinhausen, Zug'),
('5a83ad6b-ac8c-44ff-bfc6-c72983acf659', 'Roger', 'Hegglin', 'roger@hegglinmanagement.ch', '079 881 78 68', 'Hegglin Management GmbH', 'Ägeristrasse 25, 6300 Zug, Zug'),
('ee6e9f52-db6e-496e-90c1-c39d622601c9', 'Markus', 'Hegglin', 'info@hegglin-dorfmetzg.ch', '041 755 11 20', 'Hegglin Metzgerei', 'Luegetenstrasse 2, 6313 Menzingen, Zug'),
('e9075dea-c8d4-4e95-9df7-5c24612dc125', 'Christoph', 'Fuchs', 'fuchs@hegigarten.ch', '056 633 16 00', 'Hegi Garten AG', 'Rigiblick, 8965 Berikon, Aargau'),
('6d97c0e9-0549-4e21-b35b-ff057d351eab', 'Stefan', 'Hegi', 'sh@hegikochkolb.ch', '056 619 89 89', 'Hegi Koch Kolb + Partner Architekten AG', 'Zentralstrasse 30a, 5610 Wohlen, Aargau'),
('a7b28738-fade-4a8d-b348-54e97f0620be', 'Salvatore', 'Schirinzi', 'salvatore.schirinzi@hegibau.ch', '062 785 11 10', 'Hegibau Architektur AG', 'Rössliweg 29b, 4852 Rothrist, Aargau'),
('7abef627-88fa-49eb-98cd-caec9d05edae', 'Martina', 'Frei', 'info@hegiprax.ch', '044 381 40 80', 'hegiprax', 'Forchstrasse 106, 8032 Zürich, Zürich'),
('1c6ca3d1-4edc-4a47-a420-28006c084237', 'Ernst', 'Nauer', 'info@heback.ch', '044 908 36 20', 'Hegnauer Bäckerei AG', 'Kindhauserstrasse 20, 8604 Volketswil, Zürich'),
('a1731c8e-1208-4452-b4fc-0007aaa588fb', 'Rudolf', 'Hegner', 'info@hegner-architektur.ch', '055 460 20 88', 'Hegner Architektur GmbH', 'Kantonsstrasse 53, 8863 Buttikon, Schwyz'),
('b5745e62-b06c-4303-a6f2-8be508039470', 'Urs', 'Wittwer', 'wittwer@odermattfenster.ch', '055 505 46 40', 'Hegner Fenster AG', 'Rüsselhofweg 23, 8854 Galgenen, Schwyz'),
('eb2389dc-2dfb-40fb-acd7-b3f2ce671819', 'Rolf', 'Hegner', 'info@hegner-kanalservice.ch', '055 445 12 15', 'Hegner Kanalservice AG', 'Betti 17, 8856 Tuggen, Schwyz'),
('a8e5e36a-2ec1-469d-a6bc-de13335ff5a1', 'Beat', 'Graf', 'info@hegra.ch', '044 761 52 60', 'Hegra AG', 'Mühlerainstrasse 6, 8908 Hedingen, Zürich'),
('8277a379-7b6a-4c3b-8504-d699d835889b', 'Marco', 'Derungs', 'derungs@hehlen.ch', '061 717 83 33', 'Hehlen Treuhand AG', 'Hauptstrasse 8, 4153 Reinach, Basel-Land'),
('f910f6f4-7851-4d2d-81ca-6d112728e81f', 'Paul', 'Heid', 'heid@heidbegruenungen.ch', '061 721 51 52', 'Heid Begrünungen GmbH', 'Brühlstrasse 45, 4107 Ettingen, Basel-Land'),
('9fea1675-a15f-4d0e-8a8a-fdfa83689921', 'Michael', 'Heid', 'info@heid-boden.ch', '061 841 22 19', 'Heid Boden GmbH', 'Eckrainweg 18, 4463 Buus, Basel-Land'),
('708378c7-77a1-4ae6-aa72-551b951d4506', 'Claudio', 'Poles', 'info@heidelberger-consulting.ch', '071 911 81 34', 'Heidelberger Consulting AG', 'Marktgasse 88, 9500 Wil, St. Gallen'),
('a0063ff1-d42f-45fa-ada9-52649904ed90', 'Johannes', 'Bolkart', 'praxis@kieferorthopaedie-heiden.ch', '071 577 58 40', 'HeidenSmile AG', 'Nelkenweg 3, 9410 Heiden, Appenzell Ausserrhoden'),
('27d54ba9-613d-48e2-b7ec-f346b22b192a', 'Heidi', 'Bleiker', 'bleiker.heidi@bluewin.ch', '044 767 15 34', 'Heidi Bleiker', 'Bahnhofstrasse 28, 8932 Mettmenstetten, Zürich'),
('a5de7c23-8848-464c-8788-4b102403d566', 'Heidi', 'Bühler', 'info@immo-buehler.ch', '079 310 24 28', 'Heidi Bühler Immobilien', 'Rugenparkstrasse 2, 3800 Interlaken, Bern'),
('96a2f954-dbff-45af-a55d-7d7d9dbd3938', 'Heidi', 'Enz', 'heidi@praxis-enz.ch', '079 262 44 51', 'Heidi Enz', 'Dorfplatz 3, 6060 Sarnen, Obwalden'),
('7913f6f6-79cb-40ef-9817-092de4b117ea', 'Heidi', 'Gsteiger', 'tcm.heidi.gsteiger@hotmail.com', '055 210 12 13', 'Heidi Gsteiger', 'Bubikerstrasse 2, 8645 Jona, St. Gallen'),
('c88d349c-908f-48c4-8dfe-c55022390b08', 'Heidi', 'Hadorn', 'info@heidi-hadorn.ch', '062 961 71 06', 'Heidi Hadorn', 'Dornegghubel 52, 3367 Ochlenberg, Bern'),
('2e205f3b-a22f-41e0-bee9-dc252d3a3795', 'Heidi', 'Kreis', 'heidi@puppenkinder.li', '041 360 16 49', 'Heidi Kreis Puppenkinder', 'Geissensteinring 46, 6005 Luzern, Luzern'),
('6e84f9ba-ce1e-4cb8-9796-788937ce3b7a', 'Heidi', 'Meyer', 'info@heidimeyer.ch', '079 502 31 16', 'Heidi Meyer', 'Oberlandstrasse 1, 3700 Spiez, Bern'),
('d0682453-7627-4b4a-9020-3d82f71a436f', 'Heidi', 'Kramer', 'info@heidi-natuerlich.ch', '079 288 40 14', 'Heidi natürlich Heidi Kramer', 'Mühleweg 53, 5420 Ehrendingen, Aargau'),
('55862954-1bb2-4d1a-ad0b-421f6bd04e9d', 'Heidi', 'Stocker', 'info@tcm-naturheilpraxis.ch', '041 210 61 61', 'Heidi Stocker - TCM Naturheilpraxis', 'Burgerstrasse 17, 6003 Luzern, Luzern'),
('6f749318-f36e-4f55-ac43-1ffa7306cf7e', 'Heidi', 'Weh', 'heidi.weh@bluewin.ch', '079 467 55 41', 'Heidi Weh', 'Postgasse 6, 9320 Arbon, Thurgau'),
('01f85b17-9bfb-4c2d-82b6-154a6ebc6e5b', 'Heidi', 'Widmer', 'info@tobe-inbalance.ch', '079 357 95 18', 'Heidi Widmer', 'Schulgasse 25, 2560 Nidau, Bern'),
('36815544-b7a5-4b5f-b85d-f5905703f336', 'Heinz', 'Kunz', 'kunz.heidihof@bluewin.ch', '044 948 03 51', 'Heidihof', 'Heidihof 1, 8617 Mönchaltorf, Zürich'),
('d4b901a7-520a-41a3-8656-c00c93ef49bd', 'Orlando', 'Bergamin', 'orlando.bergamin@heidiland.com', '081 720 08 20', 'Heidiland Tourismus AG', 'Valenserstrasse 6, 7310 Bad Ragaz, St. Gallen'),
('70a85d6b-607d-4d18-8231-0109cd6855ca', 'Heidi', 'Rasi', 'info@heidis-partyservice.ch', '079 612 64 20', 'Heidi''s Party-Service GmbH', 'Wehrstrasse 1, 3203 Mühleberg, Bern'),
('ab76a993-0952-48e1-9026-b15fd87a4f59', 'Frank', 'Heid', 'office@heid.ch', '061 976 90 00', 'Heid-Küchen AG', 'Hauptstrasse 136, 4450 Sissach, Basel-Land'),
('d962f6ea-b35a-4cc4-be48-9a577f706a5d', 'Oliver', 'Schlitz', 'oschlitz@heidrick.com', '044 488 13 13', 'Heidrick & Struggles AG', 'Othmarstrasse 8, 8008 Zürich, Zürich'),
('8a3761ae-f7bf-487f-a455-2e3ad276befe', 'Heidy', 'Müller', 'praxis@hm-gesundheitspraxis.ch', '041 675 24 62', 'Heidy Müller zentrum RANFT', 'Hubel 1, 6073 Flüeli-Ranft, Obwalden'),
('02787510-a3ba-46dc-aad6-3e0fc9a85f06', 'Heidy', 'Schärer', 'essen@heidys-huettli.ch', '052 670 00 83', 'Heidy''s Hüttli', 'Zollstrasse 93, 8212 Neuhausen am Rheinfall, Schaffhausen'),
('2d3d05d0-2f56-462b-9d70-c314d1530b94', 'Tobias', 'Gerber', 'tobias.gerber@heierli.ch', '044 360 31 41', 'Heierli AG', 'Culmannstrasse 56, 8006 Zürich, Zürich'),
('281737ea-735d-467e-81da-bbb39b4fe798', 'Emil', 'Heierli', 'emil.heierli@heierli-zimmerei.ch', '071 333 30 40', 'Heierli AG Zimmerei - Bauschreinerei', 'Schlatterlehn 2331, 9053 Teufen, Appenzell Ausserrhoden'),
('b087d2c7-4641-425a-b480-301ac17b517f', 'Martin', 'Heierli', 'm.heierli@heierlipartner.ch', '044 802 80 70', 'Heierli Partner Haustechnik AG', 'In Huebwiesen 9, 8600 Dübendorf, Zürich'),
('8f406742-2ed2-4ef7-a661-be5df4d74c51', 'Peter', 'Heierling', 'peter.heierling@heierlingmaler.ch', '056 250 06 60', 'Heierling Maler AG', 'Limmatstrasse 55, 5412 Gebenstorf, Aargau'),
('2f61f0b2-c8d9-4879-b963-abc6c7030218', 'Stephan', 'Kunz', 'info@heiga.ch', '056 633 12 52', 'Heiga AG', 'Haldenstrasse 10, 8967 Widen, Aargau'),
('7e7ee32e-4339-4e7f-a559-fb644b5f3820', 'Michael', 'Dutsch', 'hergiswil@heikaus.ch', '041 632 47 00', 'HEIKAUS AG', 'Sonnenbergstrasse 9, 6052 Hergiswil, Nidwalden'),
('e8c930b0-0a85-4e6a-9b0d-20ff6781b710', 'Heike', 'Stratmann', 'heike.stratmann@gmx.ch', '056 493 03 60', 'Heike Stratmann - Körper-und Atemtherapie', 'Aarestrasse 53, 5222 Umiken, Aargau'),
('6b15adc6-bbc7-4819-8147-aab7c10da205', 'Heiko', 'Bachmann', 'heiko.bachmann@hb-architekten.ch', '044 720 60 70', 'Heiko Bachmann Architekten', 'Aegertlistrasse 18, 8800 Thalwil, Zürich'),
('f6c7fba2-be3c-4d48-bf83-4c5269e2ab90', 'Cédric Thomas', 'Blatty', 'info@heilmagnet.ch', '041 760 76 60', 'Heil Magnet- und Werkzeugtechnik GmbH', 'Blegistrasse 15, 6340 Baar, Zug'),
('b289bbff-3e19-469d-8291-9c7923bfb0c5', 'Marco', 'Uhlig', 'info@heavenclub.ch', 'N.a.', 'Heile Welt AG', 'Spitalgasse 5, 8001 Zürich, Zürich'),
('3dfa21f9-3d08-4c35-812b-77d61d02d3bc', 'Wolfgang', 'Frey', 'wolfgangfrey@heiligkreuzer-seife.ch', '076 248 21 60', 'Heiligkreuzer Seife Wolfgang Frey', 'Untergasse 4, 8888 Heiligkreuz (Mels), St. Gallen'),
('b60c8afc-39ef-40bc-b687-9ab41cd0073f', 'Urs', 'Tschirren', 'heilihof@gmx.ch', '079 833 62 19', 'HeiliHof', 'Schwendi 307, 3625 Heiligenschwendi, Bern'),
('01ec92c6-e163-4590-a0af-33fbc124486f', 'Patrick', 'Heilinger', 'patrick.heilinger@heilingerag.ch', '044 363 45 75', 'Heilinger AG, Sanitär und Heizungen', 'Winterthurerstrasse 143, 8057 Zürich, Zürich'),
('63774e72-cecd-44ec-b10c-b23522c96e45', 'Peter', 'Gnägi', 'gnaegi@solnet.ch', '031 302 90 60', 'Heilpädagogische Lebensgemeinchaft Fähre', 'Fährstrasse 32, 3004 Bern, Bern'),
('f2edf212-49a6-4251-8057-017be8c21bb5', 'Günter', 'Seger', 'michaelschule@win.ch', '052 267 10 80', 'Heilpädagogische Schule - HPS Michaelschule', 'Florenstrasse 11, 8405 Winterthur, Zürich'),
('3b5b6030-f43c-48d4-aa97-d60e25d603d1', 'Stephanie', 'Lutz', 'stephanie.lutz@bern.ch', '031 321 20 40', 'Heilpädagogische Schule Bern', 'Tscharnerstrasse 10, 3007 Bern, Bern'),
('67a64c14-b9aa-4f12-b484-dbd662b77af1', 'Veronika', 'Seidel', 'veronika.seidel@hpshumlikon.ch', '052 317 20 81', 'Heilpädagogische Schule Bezirk Andelfingen', 'Im Morgen 1, 8457 Humlikon, Zürich'),
('68805b84-4876-412c-b598-6f2dd8f87dc9', 'Fabiano', 'Marchica', 'f.marchica@hps-bezirk-buelach.ch', '044 872 40 81', 'Heilpädagogische Schule Bezirk Bülach', 'Lufingerstrasse 32, 8185 Winkel, Zürich'),
('a0a14f84-d4bc-4be5-9227-f72fd91660ca', 'Irène', 'Inauen', 'schulleitung@hps-heerbrugg.ch', '071 727 20 90', 'Heilpädagogische Schule Heerbrugg', 'Römerstrasse 10, 9435 Heerbrugg, St. Gallen'),
('d2a17439-ddb9-4ee6-b63a-7defc6700755', 'Patrick', 'Geiger', 'patrick.geiger@lenzburg.ch', '062 885 20 78', 'Heilpädagogische Schule Lenzhard', 'Dragonerstrasse 24, 5600 Lenzburg, Aargau'),
('3dd672e7-6f24-4271-82b4-853db4d0d31f', 'Martin', 'Hersberger', 'm.hersberger@hpz-bl.ch', '061 926 77 66', 'Heilpädagogische Schule Liestal', 'Standweg 9, 4410 Liestal, Basel-Land'),
('9566317c-7881-4fec-b011-71e7de904438', 'Ralph', 'Huber', 'huber-ralph@hpsm.ch', '071 634 66 26', 'Heilpädagogische Schule Mauren', 'Dorfstrasse 4, 8576 Mauren, Thurgau'),
('b0aeaaf3-b21e-474a-ab5e-1d1cb6551262', 'Michèle', 'Anwander', 'm.anwander@hpz-bl.ch', '061 416 00 60', 'Heilpädagogische Schule Münchenstein', 'Lärchenstrasse 7, 4142 Münchenstein, Basel-Land'),
('0cd739cc-02a1-4cf7-8efd-6c449f1b30d5', 'Dieter', 'Grenacher', 'dieter.grenacher@hps-oberaargau.ch', '062 552 36 01', 'Heilpädagogische Schule Oberaargau', 'Schorenstrasse 19, 4900 Langenthal, Bern'),
('25c3f4d5-039b-4e6a-bd2d-67f7828fea86', 'Martin', 'Bertschi', 'info@hpsregionthun.ch', '033 438 06 86', 'Heilpädagogische Schule Region Thun', 'Scheidgasse 19, 3612 Steffisburg, Bern'),
('ecccc644-9f76-4a34-9d4f-5b121974049e', 'Thomas', 'Köster', 'thomas.koester@hpzseidenbaum.ch', '081 750 21 02', 'Heilpädagogische Schule Seidenbaum', 'Seidenbaumstrasse 30, 9477 Trübbach, St. Gallen'),
('94084fa9-676c-4434-902b-b4508fea2d0a', 'Barbara', 'Flury', 'barbara.flury@nw.ch', '041 618 74 21', 'Heilpädagogische Schule Stans', 'Buochserstrasse 9c, 6371 Stans, Nidwalden'),
('5e6ecb2d-6127-4713-99ed-2d704b16a54f', 'René', 'Carlin', 'rene.carlin@edulu.ch', '041 228 74 74', 'Heilpädagogische Schule Sursee', 'Kottenmatte 2, 6210 Sursee, Luzern'),
('a4264b65-3e3f-4fe4-bbca-73fbb6149388', 'Regina', 'Diethelm', 'regina.diethelm@hpstoggenburg.ch', '071 988 28 28', 'Heilpädagogische Schule Toggenburg', 'Hofjüngerstrasse 6, 9630 Wattwil, St. Gallen'),
('0f14edd3-d6c4-48f9-a4d3-dfce406d9c41', 'Esther', 'Pfenninger', 'esther.pfenninger@wetzikon.ch', '044 933 53 73', 'Heilpädagogische Schule Wetzikon', 'Aemmetweg 14, 8620 Wetzikon, Zürich'),
('150b2923-f983-4bb4-ac47-4ffc41249560', 'Maria', 'Aebi', 'maria.aebi@bern.ch', '031 321 20 02', 'Heilpädagogische Sonderklassen - Tscharnergut', 'Fellerstrasse 22, 3027 Bern, Bern'),
('d1e99d03-af16-48cb-90d3-de3d6bf26b37', 'Linda', 'Spahr', 'linda.spahr@bern.ch', '031 321 25 52', 'Heilpädagogische Sonderklassen - Wankdorf', 'Morgartenstrasse 2c, 3014 Bern, Bern'),
('efc17ca1-19d0-40ef-962c-4371292fbaec', 'Peter', 'Stöpfer', 'team@billhaus.ch', '032 341 72 07', 'Heilpädagogische Tagesschule Biel', 'Falbringen 20, 2502 Biel/Bienne, Bern'),
('4cae1b7f-e86e-4c1c-8cfe-c537fa10ffdd', 'Nicole', 'Neuenschwander', 'nicole.neuenschwander@hpsz.ch', '062 311 95 00', 'Heilpädagogisches Schulzentrum Kanton Solothurn', 'Falkensteinerstrasse 20, 4710 Balsthal, Solothurn'),
('187ddae7-ba16-4bf9-9119-c7973d446c56', 'Nicole', 'Giesecke', 'sekretariat@hza.sz.ch', '055 415 80 60', 'Heilpädagogisches Zentrum Ausserschwyz', 'Kantonsstrasse 136, 8807 Freienbach, Schwyz'),
('d36d2daf-fdd1-42be-bedb-51717af7b601', 'Christian', 'Hausmann', 'christian.hausmann@hpz.li', '+423 237 61 02', 'Heilpädagogisches Zentrum des Fürstentums Liechtenstein', 'Im Kresta 2, 9494 Schaan, Fürstentum Liechtenstein'),
('b5f2d2d1-5175-4e9f-a7e0-8034490f1a14', 'Nicola', 'Suter', 'nicola.suter@hpzgl.ch', '055 617 33 30', 'Heilpädagogisches Zentrum Glarnerland', 'Arenaweg 6, 8868 Oberurnen, Glarus'),
('5b0b0652-640a-4afe-8924-db57ba16dde9', 'Barbara', 'Ardizzone', 'barbara.ardizzone@hzi.sz.ch', '041 599 23 91', 'Heilpädagogisches Zentrum Innerschwyz', 'Gotthardstrasse 116, 6438 Ibach, Schwyz'),
('f124005a-633b-4985-afa3-909de60c479c', 'Ueli', 'Eichholzer', 'ueli.eichholzer@edulu.ch', '041 228 49 02', 'Heilpädagogisches Zentrum Schüpfheim', 'Chlosterbüel 9, 6170 Schüpfheim, Luzern'),
('a7880af8-8741-4fcb-9f88-0e38c739d9cc', 'Franz', 'Gabriel', 'franzgabriel@bluewin.ch', '061 263 26 76', 'Heilpraktiker Franz Gabriel', 'Spalentorweg 18, 4051 Basel, Basel-Stadt'),
('44c08bc8-c73c-4ff9-b491-0b9bfdabdc2f', 'William', 'Burkhardt', 'info@heilpraktiker.ch', '071 333 25 42', 'Heilpraktiker.ch gmbh William Burkhardt', 'Ebni 14, 9053 Teufen, Appenzell Ausserrhoden'),
('f50ce5ed-bfbb-486c-8b78-19835e80fafa', 'Hein', 'Zalokar', 'hein_zalokar@heilpraktikerschule.ch', '041 418 20 10', 'Heilpraktikerschule Luzern', 'Luzernerstrasse 26c, 6030 Ebikon, Luzern'),
('0872208b-2b12-408f-87bf-db0a891b813c', 'Anja', 'Engel', 'an.engel@bluewin.ch', '077 461 00 39', 'Heilpraxis die Lotusblüte', 'Polygonstrasse 71, 3014 Bern, Bern'),
('601e1b81-5098-4358-944d-6b4704c6511f', 'Edith', 'Studer-Schläpfer', 'edith.studer@gmx.ch', '079 739 39 92', 'Heilpraxis Edith Studer-Schläpfer', 'Obermühleweg 5, 7302 Landquart, Graubünden'),
('17662f48-2f37-44b8-a087-6ca99a6c96dd', 'Priska', 'Fischer', 'info@heilpraxis-fischer.ch', '076 571 70 90', 'Heilpraxis Fischer', 'Bahnhofstrasse 16, 4914 Roggwil, Bern'),
('ecb073e5-0162-43b5-a879-04e888ce0adb', 'Jeannette', 'Desebrock', 'heilpraxis@jeannette-desebrock.ch', '079 450 63 78', 'Heilpraxis Jeannette Desebrock', 'Dorfstrasse 29, 3264 Diessbach b. Büren, Bern'),
('38708a53-30d2-424d-b852-6838794e73fb', 'Mauro', 'Nuzzote', 'landquart@bodyfeet.ch', '076 390 69 79', 'Heilpraxis Mauro Nuzzote', 'Bahnhofstrasse 7, 7302 Landquart, Graubünden'),
('0bf78f28-a2b2-41b5-9bdb-ab1f3e099f45', 'Kurt', 'Henzer', 'khenzer@sunrise.ch', '076 332 03 48', 'Heilpraxis Verum', 'Kirchgässli 3, 3322 Urtenen-Schönbühl, Bern'),
('b359b726-9a4e-427f-875e-3d21d91acc89', 'Liselotte', 'Staub', 'liselotte.st@bluewin.ch', '079 393 86 81', 'Heilpraxis-Lotos', 'Theatergasse 26, 4500 Solothurn, Solothurn'),
('c29165ae-e8f8-434d-8eeb-4b35b043cf6b', 'Simone', 'Durrer-Merkle', 'contact@heilprozess.ch', '076 338 95 59', 'Heilprozess GmbH', 'Werchlaubengässli 14, 6004 Luzern, Luzern'),
('daa1b4db-d09d-4126-bcd7-e454ae7401ac', 'Markus', 'Gerber', 'markus.gerber@heilsarmee.ch', '031 970 63 63', 'Heilsarmee Buchseegut - Wohn- und Werkstätten', 'Buchseeweg 15, 3098 Köniz, Bern');

INSERT INTO leads (id, contact_id, source, status, value, notes) VALUES
('4c9eea45-2e0b-4184-8d5e-9199f29cb1e3', 'fc4c186b-ba54-4477-86f7-93b348d0abf0', 'KALTAKQUISE', 'ACTIVE', 0, 'Funktion: Geschäftsführer/in (CEO) | Mitarbeiter: 1 bis 10 | Branche: Bio-Betriebe | Rechtsform: Einzelunternehmen'),
('db138662-e32a-4ac2-b189-44be14bc7272', '8e190969-82d1-4f1d-9f2a-13b5e5782dd6', 'KALTAKQUISE', 'ACTIVE', 0, 'Funktion: Geschäftsführer/in (CEO) | Mitarbeiter: 1 bis 10 | Branche: Coiffeursalons | Rechtsform: Einzelunternehmen'),
('8f937546-2fd3-475b-adbb-d634d0411f8e', '837f8cdd-8472-4af8-9ecc-5b704b0ca3bb', 'KALTAKQUISE', 'ACTIVE', 0, 'Funktion: Geschäftsführer/in (CEO) | Mitarbeiter: 1 bis 10 | Branche: Coiffeursalons | Rechtsform: Einzelunternehmen'),
('96a48f11-59a4-495a-a82c-448da7fcf962', '9dded263-52f3-4eb3-b4da-321e5353f954', 'KALTAKQUISE', 'ACTIVE', 0, 'Funktion: Geschäftsführer/in (CEO) | Mitarbeiter: 1 bis 10 | Branche: Personalvermittler & -berater | Rechtsform: Gesellschaft mit beschränkter Haftung'),
('a0596d4a-1b52-45bb-a081-b0107613fe0c', '1cbea5c3-570d-4ecc-8b4d-c59f51b2ada4', 'KALTAKQUISE', 'ACTIVE', 0, 'Funktion: Geschäftsführer/in (CEO) | Mitarbeiter: 21 bis 50 | Branche: Unternehmensberater | Rechtsform: Aktiengesellschaft'),
('9255d155-0e98-4b76-a2db-da4dd67dc30c', 'd10a0b22-085e-46d4-821c-3122c8364052', 'KALTAKQUISE', 'ACTIVE', 0, 'Funktion: Geschäftsführer/in (CEO) | Mitarbeiter: 1 bis 10 | Branche: Personalvermittler & -berater | Rechtsform: Kollektivgesellschaft'),
('e744fa97-c866-45f8-9708-10f0a0286eea', '30178b67-b37a-4ebf-8a16-449da8112a6b', 'KALTAKQUISE', 'ACTIVE', 0, 'Funktion: Geschäftsführer/in (CEO) | Mitarbeiter: 11 bis 20 | Branche: Werbeagenturen | Rechtsform: Gesellschaft mit beschränkter Haftung'),
('460d4edd-d528-4d1c-855c-c9e0422ec823', 'b324f7ae-a1d7-402b-9888-c5ea34ecaf96', 'KALTAKQUISE', 'ACTIVE', 0, 'Funktion: Geschäftsführer/in (CEO) | Mitarbeiter: 1 bis 10 | Branche: Unternehmensberater | Rechtsform: Gesellschaft mit beschränkter Haftung'),
('cab9aa70-c3cf-43a8-bc20-12140572d96d', '4d8b7e11-600a-4824-a4c6-6325894231d4', 'KALTAKQUISE', 'ACTIVE', 0, 'Funktion: Geschäftsführer/in (CEO) | Mitarbeiter: 1 bis 10 | Branche: Personalvermittler & -berater | Rechtsform: Gesellschaft mit beschränkter Haftung'),
('abc94b2a-df4a-4fe5-ab73-a0a9d49272dc', '70af61a8-61d7-4f82-933d-c7d8a8bf1170', 'KALTAKQUISE', 'ACTIVE', 0, 'Funktion: Geschäftsführer/in (CEO) | Mitarbeiter: 1 bis 10 | Branche: IT Unternehmen | Rechtsform: Aktiengesellschaft'),
('604c52a7-7581-4b42-9933-857c0e6d11f6', '444dae04-a16e-462a-b584-f52912caf07f', 'KALTAKQUISE', 'ACTIVE', 0, 'Funktion: Geschäftsführer/in (CEO) | Mitarbeiter: 1 bis 10 | Branche: Kunststoffindustrie | Rechtsform: Gesellschaft mit beschränkter Haftung'),
('456b48e2-72a8-43a4-8a18-dbaf46b84da6', '43873a82-f168-4fbc-ba89-e13b6c494293', 'KALTAKQUISE', 'ACTIVE', 0, 'Funktion: Geschäftsführer/in (CEO) | Mitarbeiter: 1 bis 10 | Branche: Werbeagenturen | Rechtsform: Aktiengesellschaft'),
('8aeda344-6af3-420e-921c-6b03c5d26a3f', '918d49cb-4fb6-42ce-bf6b-1369f152d97d', 'KALTAKQUISE', 'ACTIVE', 0, 'Funktion: Geschäftsführer/in (CEO) | Mitarbeiter: 1 bis 10 | Branche: Tierarztpraxen | Rechtsform: Einzelunternehmen'),
('f48c66ff-5b81-4e20-b708-cd3bb8f2e705', '9fa28916-17a9-4325-aaae-17fd0c724793', 'KALTAKQUISE', 'ACTIVE', 0, 'Funktion: Geschäftsführer/in (CEO) | Mitarbeiter: 1 bis 10 | Branche: Kosmetikstudios'),
('4ff8bff7-129e-40b2-b800-784143ab95d1', 'd4680996-8a3e-424f-a837-35f436180e02', 'KALTAKQUISE', 'ACTIVE', 0, 'Funktion: Geschäftsführer/in (CEO) | Mitarbeiter: 1 bis 10 | Branche: Physiotherapie | Rechtsform: Gesellschaft mit beschränkter Haftung'),
('f5c813e2-7877-48e6-87b7-148ebe9bd7c7', '7f3649ce-38c8-4511-ba00-662fc6f5ccb5', 'KALTAKQUISE', 'ACTIVE', 0, 'Funktion: Geschäftsführer/in (CEO) | Mitarbeiter: 21 bis 50 | Branche: Life-Science-Industrie / Unternehmensberater | Rechtsform: Gesellschaft mit beschränkter Haftung'),
('634ca1b3-47ed-4fd6-886d-45d64485eabc', '70d64b9b-ae96-4930-9ffd-8c311849930e', 'KALTAKQUISE', 'ACTIVE', 0, 'Funktion: Geschäftsführer/in (CEO) | Mitarbeiter: 11 bis 20 | Branche: Apotheken & Drogerien / Online Shops | Rechtsform: Aktiengesellschaft'),
('41270424-2294-4acd-ac22-25325fe9c888', '1c234044-7351-4aa6-926a-38d9cc67f0b7', 'KALTAKQUISE', 'ACTIVE', 0, 'Funktion: Geschäftsführer/in (CEO) | Mitarbeiter: 1 bis 10 | Branche: Kosmetikstudios | Rechtsform: Aktiengesellschaft'),
('b3a2d08d-c4bb-4506-bfe3-60e115fbea08', '8bbd635f-169f-46e4-bf02-8f478b0ac31e', 'KALTAKQUISE', 'ACTIVE', 0, 'Funktion: Geschäftsführer/in (CEO) | Mitarbeiter: 1 bis 10 | Branche: Medizintechnik-Industrie | Rechtsform: Aktiengesellschaft'),
('2f5e3fba-8f9c-4054-b2b2-572070436a90', 'cb3427c3-1db5-4bc7-a530-9c18f09e1012', 'KALTAKQUISE', 'ACTIVE', 0, 'Funktion: Geschäftsführer/in (CEO) | Mitarbeiter: 1 bis 10 | Branche: Kinderarztpraxen | Rechtsform: Aktiengesellschaft'),
('4415a4c4-05b8-49ef-8f81-810a87cb9cd1', 'c110c6bb-f216-4270-ba25-3e2e9a450290', 'KALTAKQUISE', 'ACTIVE', 0, 'Funktion: Geschäftsführer/in (CEO) | Mitarbeiter: 1 bis 10 | Branche: Unternehmensberater | Rechtsform: Gesellschaft mit beschränkter Haftung'),
('2e973dcc-79c5-4ada-a34d-6ab1123499c5', '6393f2ab-a25f-4386-9dbc-ec3905dcd03e', 'KALTAKQUISE', 'ACTIVE', 0, 'Funktion: Geschäftsführer/in (CEO) | Mitarbeiter: 21 bis 50 | Branche: Divers | Rechtsform: Aktiengesellschaft'),
('fc9b567e-da83-40b8-bbb2-fa0ac5e6147c', '267d439b-44f7-44a4-bf65-fde7c5951b3b', 'KALTAKQUISE', 'ACTIVE', 0, 'Funktion: Geschäftsführer/in (CEO) | Mitarbeiter: 1 bis 10 | Branche: Medizintechnik-Industrie | Rechtsform: Gesellschaft mit beschränkter Haftung'),
('5ff2b9f1-d913-4bab-b309-9e596dc1ba7d', '437f80a3-99b9-4496-b8a4-baf7ad6f59af', 'KALTAKQUISE', 'ACTIVE', 0, 'Funktion: Geschäftsführer/in (CEO) | Mitarbeiter: 1 bis 10 | Branche: Naturheilpraxen'),
('1b4a80e7-dba3-4c4c-90c7-90e6d416a7e5', '4d4b5219-ce5a-4faa-a411-15e821056cce', 'KALTAKQUISE', 'ACTIVE', 0, 'Funktion: Geschäftsführer/in (CEO) | Mitarbeiter: 11 bis 20 | Branche: Tierarztpraxen'),
('e8e2a5d8-c0d7-4b0a-a34f-21f827c13c0c', 'c055f208-29a6-4517-97be-a8fceafbaeec', 'KALTAKQUISE', 'ACTIVE', 0, 'Funktion: Geschäftsführer/in (CEO) | Mitarbeiter: 1 bis 10 | Branche: Life-Science-Industrie / Unternehmensberater | Rechtsform: Einzelunternehmen'),
('c98fa414-8cf7-43da-b0aa-430e3c1b8871', '5d1c629a-061e-487a-aea4-a87eb61d6e33', 'KALTAKQUISE', 'ACTIVE', 0, 'Funktion: Geschäftsführer/in (CEO) | Mitarbeiter: Mehr als 500 | Branche: Personalvermittler & -berater | Rechtsform: Aktiengesellschaft'),
('f3a15a8c-2b5a-43bb-8f74-0330a2744b6d', '6aa9a5d5-19a1-40be-898a-35568a032fba', 'KALTAKQUISE', 'ACTIVE', 0, 'Funktion: Geschäftsführer/in (CEO) | Mitarbeiter: 11 bis 20 | Branche: Life-Science-Industrie / Unternehmensberater | Rechtsform: Aktiengesellschaft'),
('defe1529-3e59-463d-8ea3-d386d2e64e65', '0998adcd-1f5e-4c62-a078-ac6eeb634879', 'KALTAKQUISE', 'ACTIVE', 0, 'Funktion: Geschäftsführer/in (CEO) | Mitarbeiter: 1 bis 10 | Branche: Arztpraxen'),
('ce75248d-8e15-4393-8ee6-89e085ba2380', 'b786f313-41e5-4057-99fa-6ca1f77fa7ba', 'KALTAKQUISE', 'ACTIVE', 0, 'Funktion: Geschäftsführer/in (CEO) | Mitarbeiter: 21 bis 50 | Branche: Werbeagenturen | Rechtsform: Aktiengesellschaft'),
('5a6786a9-ce7a-4075-bbe6-66bce307599f', 'ca612de6-225b-4b94-b0e1-fcf8862d6555', 'KALTAKQUISE', 'ACTIVE', 0, 'Funktion: Geschäftsführer/in (CEO) | Mitarbeiter: 1 bis 10 | Branche: Bio-Betriebe | Rechtsform: Aktiengesellschaft'),
('102bf15f-4cbc-477b-901c-39889822c56a', '9fc887f7-1768-4172-8df9-31099bf4aec7', 'KALTAKQUISE', 'ACTIVE', 0, 'Funktion: Geschäftsführer/in (CEO) | Mitarbeiter: 1 bis 10 | Branche: Medizintechnik-Industrie | Rechtsform: Aktiengesellschaft'),
('f49ef498-2b75-456e-a9cd-296faa971063', 'df5bc5e4-d9a7-4dc3-b535-0e9007607482', 'KALTAKQUISE', 'ACTIVE', 0, 'Funktion: Geschäftsführer/in (CEO) | Mitarbeiter: 1 bis 10 | Branche: Bauingenieurbüros | Rechtsform: Aktiengesellschaft'),
('910102f3-4191-4ad3-890f-69dacb33cce0', '4599818a-bf57-42b3-8f92-9a29576b4e37', 'KALTAKQUISE', 'ACTIVE', 0, 'Funktion: Geschäftsführer/in (CEO) | Mitarbeiter: 1 bis 10 | Branche: Spielwaren- & Babyfachhandel | Rechtsform: Gesellschaft mit beschränkter Haftung'),
('fa325a4b-816b-412e-88b9-990ebf22184b', '54299dbe-1ba0-4b90-be53-24668e975538', 'KALTAKQUISE', 'ACTIVE', 0, 'Funktion: Geschäftsführer/in (CEO) | Mitarbeiter: 1 bis 10 | Branche: Tattoo- & Piercingstudios'),
('a606b8c4-f0d4-4a16-84bd-ce17a3747b1b', 'ddd82287-b98b-4ea6-b3c0-b579ba6b1d19', 'KALTAKQUISE', 'ACTIVE', 0, 'Funktion: Geschäftsführer/in (CEO) | Mitarbeiter: 1 bis 10 | Branche: Maschinenbauindustrie | Rechtsform: Gesellschaft mit beschränkter Haftung'),
('e265f2f8-31da-48e6-8d7b-ab37d74b0d3e', 'f6817f2e-3a92-433c-b4e8-5ca77cab0ce0', 'KALTAKQUISE', 'ACTIVE', 0, 'Funktion: Geschäftsführer/in (CEO) | Mitarbeiter: 1 bis 10 | Branche: Maschinenbauindustrie | Rechtsform: Gesellschaft mit beschränkter Haftung'),
('0bdfbdc4-2d38-4968-b478-679d7dd5c16f', 'c84ee7b5-cf83-45b0-b5da-8cb2eac83a25', 'KALTAKQUISE', 'ACTIVE', 0, 'Funktion: Geschäftsführer/in (CEO) | Mitarbeiter: 21 bis 50 | Branche: Maschinenbauindustrie | Rechtsform: Aktiengesellschaft'),
('44b4b2de-0792-4394-9d75-e74f6554b263', '7adf91ee-9e7f-4256-93d9-57c8174eba2f', 'KALTAKQUISE', 'ACTIVE', 0, 'Funktion: Geschäftsführer/in (CEO) | Mitarbeiter: 1 bis 10 | Branche: Bauingenieurbüros / Sanitär & Haustechnik / Nachhaltigkeitsbereich | Rechtsform: Gesellschaft mit beschränkter Haftung'),
('a38f88a1-2dd2-4f02-af92-6d2c598a9624', '3296ecd4-05d6-4bb9-a796-f7bca1ef747a', 'KALTAKQUISE', 'ACTIVE', 0, 'Funktion: Geschäftsführer/in (CEO) | Mitarbeiter: 11 bis 20 | Branche: Nachhaltigkeitsbereich / Solar & Photovoltaik | Rechtsform: Gesellschaft mit beschränkter Haftung'),
('db3d6f23-1e8c-4b70-bc1a-05e90af78769', '05395c2f-924f-426d-99bc-1cc12242b713', 'KALTAKQUISE', 'ACTIVE', 0, 'Funktion: Geschäftsführer/in (CEO) | Mitarbeiter: 1 bis 10 | Branche: Energieindustrie | Rechtsform: Aktiengesellschaft'),
('d50f635a-14c0-40f6-9638-d2bc47a6fa3d', '37564ffd-1e50-49b1-9c73-424ba43e2270', 'KALTAKQUISE', 'ACTIVE', 0, 'Funktion: Geschäftsführer/in (CEO) | Mitarbeiter: 11 bis 20 | Branche: Clubs, Bars & Eventlocations'),
('ea45fcb9-7b13-4cd3-8526-a8e8d67e4fc1', '38936823-31e2-4e98-9595-fd1b00dc76b6', 'KALTAKQUISE', 'ACTIVE', 0, 'Funktion: Geschäftsführer/in (CEO) | Mitarbeiter: 1 bis 10 | Branche: Tattoo- & Piercingstudios'),
('e229e94a-37fd-4ba2-ab57-0be735b10ec0', 'aecb4658-e8a1-48d1-9772-7e04a447a7ba', 'KALTAKQUISE', 'ACTIVE', 0, 'Funktion: Geschäftsführer/in (CEO) | Mitarbeiter: 1 bis 10 | Branche: Clubs, Bars & Eventlocations'),
('db868c1c-270d-4335-bc93-a8edc307eb7f', '7cb560a2-123d-4d36-8319-3efb42530aed', 'KALTAKQUISE', 'ACTIVE', 0, 'Funktion: Geschäftsführer/in (CEO) | Mitarbeiter: 21 bis 50 | Branche: Baugeschäfte / Maschinenbauindustrie | Rechtsform: Aktiengesellschaft'),
('b782d1e9-6b32-4b0e-af75-c8b3d12503cc', '91e0e9f8-4f1f-4fb5-992b-0ed1747e6590', 'KALTAKQUISE', 'ACTIVE', 0, 'Funktion: Geschäftsführer/in (CEO) | Mitarbeiter: 1 bis 10 | Branche: Maschinenbauindustrie | Rechtsform: Schweizerische Zweigniederlassung'),
('c3331ba8-c6ab-440d-866f-bbf7a2e2944d', '4ab462f1-fa92-4be6-aaf7-585e1f503870', 'KALTAKQUISE', 'ACTIVE', 0, 'Funktion: Geschäftsführer/in (CEO) | Mitarbeiter: 11 bis 20 | Branche: Architekturbüros | Rechtsform: Aktiengesellschaft'),
('0aa9cd67-d017-4e3c-b454-808976ed042b', 'b363cc3b-0e99-461e-89e7-ecfd79104af3', 'KALTAKQUISE', 'ACTIVE', 0, 'Funktion: Geschäftsführer/in (CEO) | Mitarbeiter: 1 bis 10 | Branche: Maler- & Gipsergeschäfte | Rechtsform: Aktiengesellschaft'),
('e55c0446-6062-4dd7-928a-fc16d8efabc1', '5102e12c-85cf-47f3-9271-24b4c3ca12bb', 'KALTAKQUISE', 'ACTIVE', 0, 'Funktion: Geschäftsführer/in (CEO) | Mitarbeiter: 1 bis 10 | Branche: Werbeagenturen | Rechtsform: Aktiengesellschaft'),
('6085c43a-d22e-43a4-a261-d74033a469ef', '41a77509-82fd-4d78-be95-36a5e93e95da', 'KALTAKQUISE', 'ACTIVE', 0, 'Funktion: Geschäftsführer/in (CEO) | Mitarbeiter: 51 bis 100 | Branche: Maschinenbauindustrie / Top 2''000 CH-Unternehmen | Rechtsform: Aktiengesellschaft'),
('c735bee6-61f8-4a24-9869-190bd9648079', 'f2af324a-85ea-4f4e-9faf-07866b28e95f', 'KALTAKQUISE', 'ACTIVE', 0, 'Funktion: Geschäftsführer/in (CEO) | Mitarbeiter: 21 bis 50 | Branche: Maschinenbauindustrie | Rechtsform: Aktiengesellschaft'),
('183ed066-92ca-478d-8c7c-77a8ab224f03', 'd3bf7f92-56ec-4658-8e2d-c37df2218b48', 'KALTAKQUISE', 'ACTIVE', 0, 'Funktion: Geschäftsführer/in (CEO) | Mitarbeiter: 51 bis 100 | Branche: Top 2''000 CH-Unternehmen | Rechtsform: Aktiengesellschaft'),
('f99b8393-7ae1-4237-8c20-94e440cb848e', '069b6ec9-d1ee-4a01-a91f-66a60012171a', 'KALTAKQUISE', 'ACTIVE', 0, 'Funktion: Geschäftsführer/in (CEO) | Mitarbeiter: 11 bis 20 | Branche: Maschinenbauindustrie / Online Shops | Rechtsform: Aktiengesellschaft'),
('e0a536dc-8472-4a33-b664-8d558031bb96', 'eb6eb876-788f-4bf6-b0f7-9b24a0b4b6ca', 'KALTAKQUISE', 'ACTIVE', 0, 'Funktion: Geschäftsführer/in (CEO) | Mitarbeiter: 1 bis 10 | Branche: Schreinerei- & Holzbaubetriebe'),
('5231f6e9-5688-4e27-80e6-40d27e57098c', 'f9d7e428-aeb5-4344-ae60-bd00f5f6742a', 'KALTAKQUISE', 'ACTIVE', 0, 'Funktion: Geschäftsführer/in (CEO) | Mitarbeiter: 1 bis 10 | Branche: Druckereibetriebe'),
('90b3fc84-1ac3-4f9c-8e67-49d080bd6f18', 'b1fae095-a90d-4ef5-b077-4d69b9ab3d8b', 'KALTAKQUISE', 'ACTIVE', 0, 'Funktion: Geschäftsführer/in (CEO) | Mitarbeiter: 1 bis 10 | Branche: Spielwaren- & Babyfachhandel | Rechtsform: Gesellschaft mit beschränkter Haftung'),
('d3ddf1d9-586d-46a7-b54b-1f266aacbaf1', '9ce4a342-96f6-484c-b908-dd35b76ca94e', 'KALTAKQUISE', 'ACTIVE', 0, 'Funktion: Geschäftsführer/in (CEO) | Mitarbeiter: 1 bis 10 | Branche: Boden- & Plattenleger'),
('91c36783-ad4b-4f7e-8958-96780cb9d5d4', 'ba7db54e-fd3a-43ed-902f-c45a55d8ba39', 'KALTAKQUISE', 'ACTIVE', 0, 'Funktion: Geschäftsführer/in (CEO) | Mitarbeiter: 21 bis 50 | Branche: Metallbauer | Rechtsform: Aktiengesellschaft'),
('4b9dae8b-efe8-4ba1-8dbc-c9960960d3a6', 'c917a2fe-7906-403e-8127-3bfb487e049c', 'KALTAKQUISE', 'ACTIVE', 0, 'Funktion: Geschäftsführer/in (CEO) | Mitarbeiter: 1 bis 10 | Branche: Schreinerei- & Holzbaubetriebe | Rechtsform: Gesellschaft mit beschränkter Haftung'),
('b15da8de-c4a2-4d12-894c-66c7c3b1e2ea', 'cb6d566a-3397-4349-8b0f-58bed7c24403', 'KALTAKQUISE', 'ACTIVE', 0, 'Funktion: Geschäftsführer/in (CEO) | Mitarbeiter: 1 bis 10 | Branche: Getränkeindustrie | Rechtsform: Aktiengesellschaft'),
('5d7b4ffa-a48b-40d5-9879-ac1e284614f9', '2f65911a-2e79-44c4-b4bd-9a02f02782b4', 'KALTAKQUISE', 'ACTIVE', 0, 'Funktion: Inhaber/in (Owner/Founder) | Mitarbeiter: 11 bis 20 | Branche: Schreinerei- & Holzbaubetriebe'),
('3be0f351-93af-4b45-8206-a9262f2932b1', 'cfe07e05-a2e1-4440-99ff-4a8e1caff0b2', 'KALTAKQUISE', 'ACTIVE', 0, 'Funktion: Geschäftsführer/in (CEO) | Mitarbeiter: 1 bis 10 | Branche: Immobilienvermittlung | Rechtsform: Aktiengesellschaft'),
('eecd6aea-9763-43e1-908e-4a7a7ecf7866', 'efec0841-a8b8-4a97-b961-97220b92a4ae', 'KALTAKQUISE', 'ACTIVE', 0, 'Funktion: Geschäftsführer/in (CEO) | Mitarbeiter: 1 bis 10 | Branche: Restaurants'),
('d665acc7-590a-483f-b421-bbb4bfef85af', 'cd206329-f274-4bb9-a46f-473e635c79e4', 'KALTAKQUISE', 'ACTIVE', 0, 'Funktion: Geschäftsführer/in (CEO) | Mitarbeiter: 1 bis 10 | Branche: Architekturbüros | Rechtsform: Gesellschaft mit beschränkter Haftung'),
('d40f19a7-ba9d-4032-b409-702bf6903509', '96605f3a-155f-474e-8f92-8530beeb7913', 'KALTAKQUISE', 'ACTIVE', 0, 'Funktion: Geschäftsführer/in (CEO) | Mitarbeiter: 101 bis 500 | Branche: Schreinerei- & Holzbaubetriebe'),
('68123c25-bc83-4cfd-82a4-2ada628592e1', '765a5522-e0e6-4b3f-b0ee-18c3037306e6', 'KALTAKQUISE', 'ACTIVE', 0, 'Funktion: Geschäftsführer/in (CEO) | Mitarbeiter: 21 bis 50 | Branche: Elektroindustrie | Rechtsform: Aktiengesellschaft'),
('63d4c2fd-b07b-4f5b-b731-b56c879e24df', 'f4efbcb0-14cb-469a-8e95-012434082c97', 'KALTAKQUISE', 'ACTIVE', 0, 'Funktion: Geschäftsführer/in (CEO) | Mitarbeiter: 1 bis 10 | Branche: FinTech | Rechtsform: Aktiengesellschaft'),
('c34ad76a-4355-4eaf-8b21-81324206e459', '2b9306db-0f13-4521-a0f4-14f5be25a175', 'KALTAKQUISE', 'ACTIVE', 0, 'Funktion: Geschäftsführer/in (CEO) | Mitarbeiter: 1 bis 10 | Branche: Atem- Meditation- & Yogacenter'),
('acbb2f9c-c00f-4192-a5d9-bac336833801', 'f668e50e-78bf-4094-b327-907097ac4dd3', 'KALTAKQUISE', 'ACTIVE', 0, 'Funktion: Geschäftsführer/in (CEO) | Mitarbeiter: 1 bis 10 | Branche: Garagen | Rechtsform: Aktiengesellschaft'),
('bfe529ae-acb1-4ad6-b3be-7267ba046257', 'a76d6e31-da1f-47ba-acea-f4afcc5f8afe', 'KALTAKQUISE', 'ACTIVE', 0, 'Funktion: Geschäftsführer/in (CEO) | Mitarbeiter: 11 bis 20 | Branche: Elektroplanung & Installation | Rechtsform: Aktiengesellschaft'),
('b3981b4d-47a0-42b5-a08d-818fabf7c77d', '14b05411-9c51-446c-8d14-68e7733f2656', 'KALTAKQUISE', 'ACTIVE', 0, 'Funktion: Geschäftsführer/in (CEO) | Mitarbeiter: 1 bis 10 | Branche: Gartenbau & -pflege'),
('daefdfcc-2e71-4e73-8d87-a5ba9dd686ed', '10dba832-3ca2-4843-b181-1cff0a08ed58', 'KALTAKQUISE', 'ACTIVE', 0, 'Funktion: Geschäftsführer/in (CEO) | Mitarbeiter: 11 bis 20 | Branche: Medizintechnik-Industrie | Rechtsform: Aktiengesellschaft'),
('5a5aaa3d-6177-4387-82f7-a09b2000d835', 'f908a1de-2695-47df-b810-8371f0cd854d', 'KALTAKQUISE', 'ACTIVE', 0, 'Funktion: Geschäftsführer/in (CEO) | Mitarbeiter: 11 bis 20 | Branche: Nachhaltigkeitsbereich | Rechtsform: Aktiengesellschaft'),
('dc4b9904-8589-40da-bd13-3dbb63b4998b', 'cc711350-3e21-4ce8-9df9-8c2c57e0e710', 'KALTAKQUISE', 'ACTIVE', 0, 'Funktion: Leitung Standort | Mitarbeiter: 101 bis 500 | Branche: Garagen | Rechtsform: Schweizerische Zweigniederlassung'),
('dcdd9214-6257-4b00-804e-ca0dbfdd3057', '126bbc8f-b668-4b43-b650-d19d825df409', 'KALTAKQUISE', 'ACTIVE', 0, 'Funktion: Leitung Standort | Mitarbeiter: 21 bis 50 | Branche: Garagen | Rechtsform: Aktiengesellschaft'),
('4a039051-365b-443f-950f-569b2524805f', '47aeb092-5ea1-4ee4-8286-d8c3896efc59', 'KALTAKQUISE', 'ACTIVE', 0, 'Funktion: Geschäftsführer/in (CEO) | Mitarbeiter: 21 bis 50 | Branche: Baugeschäfte | Rechtsform: Gesellschaft mit beschränkter Haftung'),
('145bf884-dd72-440c-aac0-c215a25d2815', '4b963df9-0153-4fca-8999-aef21bd4fc31', 'KALTAKQUISE', 'ACTIVE', 0, 'Funktion: Geschäftsführer/in (CEO) | Mitarbeiter: 51 bis 100 | Branche: Elektroindustrie | Rechtsform: Aktiengesellschaft'),
('dd62f28d-a480-4e7f-9ec9-71de00f1baf3', 'b4b9f5d6-1559-4cd3-abb4-80956f3d1f33', 'KALTAKQUISE', 'ACTIVE', 0, 'Funktion: Geschäftsführer/in (CEO) | Mitarbeiter: 1 bis 10 | Branche: Hofläden & Bauernhöfe'),
('986cc1c2-b7a1-42f5-89f3-82679a201102', 'fee3b6ca-5b91-4372-9a6b-4c83892c90ca', 'KALTAKQUISE', 'ACTIVE', 0, 'Funktion: Geschäftsführer/in (CEO) | Mitarbeiter: 1 bis 10 | Branche: Naturheilpraxen'),
('150acfdc-9bce-4cb7-8a4c-de45371c54b9', 'd20526f8-eea4-4800-bfcf-e064ac11cc8d', 'KALTAKQUISE', 'ACTIVE', 0, 'Funktion: Geschäftsführer/in (CEO) | Mitarbeiter: 1 bis 10 | Branche: Atem- Meditation- & Yogacenter'),
('9b4f6df4-1ea8-4749-95ea-98727b1ac968', '8b380ccd-a134-43d0-8703-411a66ee7b13', 'KALTAKQUISE', 'ACTIVE', 0, 'Funktion: Geschäftsführer/in (CEO) | Mitarbeiter: 11 bis 20 | Branche: Textil- & Möbelindustrie | Rechtsform: Einzelunternehmen'),
('930fdb7b-5d11-4860-a6f9-ce9b233dcaec', '204e167b-580e-4f81-9c4a-bba02a4ad81b', 'KALTAKQUISE', 'ACTIVE', 0, 'Funktion: Geschäftsführer/in (CEO) | Mitarbeiter: 11 bis 20 | Branche: Elektroplanung & Installation | Rechtsform: Aktiengesellschaft'),
('1d868763-a4b7-428f-8901-64b2dcc011d6', 'b9f04557-dd99-4498-8a3d-fbf04db5d3f1', 'KALTAKQUISE', 'ACTIVE', 0, 'Funktion: Geschäftsführer/in (CEO) | Mitarbeiter: 1 bis 10 | Branche: Treuhandbüros / Immobilienverwaltung | Rechtsform: Aktiengesellschaft'),
('839f1e6c-fe0c-4eb9-9648-40c56fed4706', '0c060a58-95af-4ed2-94c0-c6d017b04730', 'KALTAKQUISE', 'ACTIVE', 0, 'Funktion: Geschäftsführer/in (CEO) | Mitarbeiter: 11 bis 20 | Branche: Sanitär & Haustechnik | Rechtsform: Aktiengesellschaft'),
('818ca615-1dda-4084-bfb7-cc2d42a6bd9e', '98af096b-f44c-4c87-9a14-35b3c45c0d3b', 'KALTAKQUISE', 'ACTIVE', 0, 'Funktion: Geschäftsführer/in (CEO) | Mitarbeiter: 1 bis 10 | Branche: Architekturbüros | Rechtsform: Aktiengesellschaft'),
('22edb429-37b3-4b3a-9024-5499f557fae1', 'e29b0180-eae9-4d8d-ae61-71a0a5dc0d79', 'KALTAKQUISE', 'ACTIVE', 0, 'Funktion: Geschäftsführer/in (CEO) | Mitarbeiter: 1 bis 10 | Branche: Kunststoffindustrie | Rechtsform: Aktiengesellschaft'),
('327c2c7a-5c57-4a31-928e-355c4fd3ba6e', '77e637bf-8aed-4797-a463-c5cb2afda041', 'KALTAKQUISE', 'ACTIVE', 0, 'Funktion: Geschäftsführer/in (CEO) | Mitarbeiter: 1 bis 10 | Branche: Treuhandbüros | Rechtsform: Aktiengesellschaft'),
('7615234e-2d17-4985-80e8-6a7bdb1be5b9', '0c34daa0-7e9d-4e32-8472-2417e40ab42e', 'KALTAKQUISE', 'ACTIVE', 0, 'Funktion: Geschäftsführer/in (CEO) | Mitarbeiter: 1 bis 10 | Branche: Maler- & Gipsergeschäfte'),
('5b2bde83-c0a6-4daf-8348-ac1062d5d5b5', 'fb71c15f-3b8a-4cf1-bc80-d538a1cc3be5', 'KALTAKQUISE', 'ACTIVE', 0, 'Funktion: Geschäftsführer/in (CEO) | Mitarbeiter: 1 bis 10 | Branche: Metallbauer | Rechtsform: Aktiengesellschaft'),
('30388a47-658d-4dbd-9389-a033263be68c', '15562d56-75f1-458a-bd24-9a169de92a9f', 'KALTAKQUISE', 'ACTIVE', 0, 'Funktion: Geschäftsführer/in (CEO) | Mitarbeiter: 1 bis 10 | Branche: Nachhaltigkeitsbereich / Sanitär & Haustechnik / Solar & Photovoltaik | Rechtsform: Aktiengesellschaft'),
('3cbfa58d-6d63-4195-83b2-df3d1efb838c', '183f6990-56b8-43a9-b838-58fcb74bcba7', 'KALTAKQUISE', 'ACTIVE', 0, 'Funktion: Geschäftsführer/in (CEO) | Mitarbeiter: 1 bis 10 | Branche: Nachhaltigkeitsbereich | Rechtsform: Gesellschaft mit beschränkter Haftung'),
('206efbf2-dbc3-4686-a134-4100c945db0a', '1008fc4b-293d-48e1-b8bf-68d59c378467', 'KALTAKQUISE', 'ACTIVE', 0, 'Funktion: Geschäftsführer/in (CEO) | Mitarbeiter: 1 bis 10 | Branche: Logistik- & Transportunternehmen | Rechtsform: Aktiengesellschaft'),
('ea89e5df-6ac8-4dfb-b26d-a1978cdcd921', '1e95885d-b31d-4e39-bc11-9505ed90fe1c', 'KALTAKQUISE', 'ACTIVE', 0, 'Funktion: Geschäftsführer/in (CEO) | Mitarbeiter: 1 bis 10 | Branche: Boden- & Plattenleger'),
('9a17e261-e068-4ada-a452-2d0fa2ec1f25', 'a2d30bdc-198d-4b62-89e0-478bcc1a18fb', 'KALTAKQUISE', 'ACTIVE', 0, 'Funktion: Geschäftsführer/in (CEO) | Mitarbeiter: 1 bis 10 | Branche: Boden- & Plattenleger'),
('050c923f-b62c-44d4-8a77-3445e4dab9cd', 'c8db8949-435a-4fb7-a50b-fae2c33c63b2', 'KALTAKQUISE', 'ACTIVE', 0, 'Funktion: Geschäftsführer/in (CEO) | Mitarbeiter: 1 bis 10 | Branche: Sanitär & Haustechnik | Rechtsform: Gesellschaft mit beschränkter Haftung'),
('f27dcd95-f270-434b-86f5-e5e873904de8', '5bd93d23-253d-4375-88ec-8d6927eefbc3', 'KALTAKQUISE', 'ACTIVE', 0, 'Funktion: Geschäftsführer/in (CEO) | Mitarbeiter: 1 bis 10 | Branche: Textil- & Möbelindustrie / Schreinerei- & Holzbaubetriebe | Rechtsform: Aktiengesellschaft'),
('2518249f-b1f8-4c75-b60d-d34a361e7a36', '565085e0-c085-4ad5-b50a-7441d5cf4b33', 'KALTAKQUISE', 'ACTIVE', 0, 'Funktion: Geschäftsführer/in (CEO) | Mitarbeiter: 1 bis 10 | Branche: Sanitär & Haustechnik | Rechtsform: Gesellschaft mit beschränkter Haftung'),
('4505a516-8054-485a-b801-d2ec116ba6ff', '797f36af-ebc8-470e-8c87-298c5b4e2557', 'KALTAKQUISE', 'ACTIVE', 0, 'Funktion: Geschäftsführer/in (CEO) | Mitarbeiter: 21 bis 50 | Branche: Lebensmittelverarbeitung | Rechtsform: Aktiengesellschaft'),
('869ea493-3568-49b9-a78f-4aef479f1dde', 'dcd8145c-717a-4a3a-9549-14a1c247435a', 'KALTAKQUISE', 'ACTIVE', 0, 'Funktion: Geschäftsführer/in (CEO) | Mitarbeiter: 1 bis 10 | Branche: Schreinerei- & Holzbaubetriebe'),
('5a4ec996-1466-4000-9671-8b721853b6aa', '67ad12c1-e19d-49d3-95cc-b396b8ea07cf', 'KALTAKQUISE', 'ACTIVE', 0, 'Funktion: Geschäftsführer/in (CEO) | Mitarbeiter: 11 bis 20 | Branche: Textil- & Möbelindustrie | Rechtsform: Aktiengesellschaft'),
('283b2eda-223a-474d-a0bb-29cb98e6165b', '4b770858-47db-4f43-81b9-ba2158f86820', 'KALTAKQUISE', 'ACTIVE', 0, 'Funktion: Geschäftsführer/in (CEO) | Mitarbeiter: 1 bis 10 | Branche: Metallbauer | Rechtsform: Aktiengesellschaft'),
('7c80eb7f-bc2d-4a43-a70f-fec4895762ef', '7c2895b4-df44-4cc8-bda2-b9a5379fd318', 'KALTAKQUISE', 'ACTIVE', 0, 'Funktion: Geschäftsführer/in (CEO) | Mitarbeiter: 51 bis 100 | Branche: Elektroplanung & Installation | Rechtsform: Aktiengesellschaft'),
('ea11c20f-6253-4723-98d3-37848a05476a', '0ee27f95-bcab-4bbb-9426-be6947742d2d', 'KALTAKQUISE', 'ACTIVE', 0, 'Funktion: Inhaber/in (Owner/Founder) | Mitarbeiter: 1 bis 10 | Branche: Schreinerei- & Holzbaubetriebe'),
('7391daa5-adf6-4a7c-a8ea-fd527e59bd8d', '7d322dde-a9cf-4d02-9188-8989fd7878af', 'KALTAKQUISE', 'ACTIVE', 0, 'Funktion: Geschäftsführer/in (CEO) | Mitarbeiter: 1 bis 10 | Branche: Kunststoffindustrie | Rechtsform: Aktiengesellschaft'),
('af4dfbea-c88c-4608-8dd2-f9b5605aebca', '3e5b7684-5404-44a6-a10b-3e9410ae26a7', 'KALTAKQUISE', 'ACTIVE', 0, 'Funktion: Geschäftsführer/in (CEO) | Mitarbeiter: 1 bis 10 | Branche: Chemieindustrie / Facility Management & Reinigungsfirmen | Rechtsform: Aktiengesellschaft'),
('72625646-50ee-4a42-8587-985db8a1fec8', 'd235c7a4-6e30-4e8f-9465-c9db8db381a7', 'KALTAKQUISE', 'ACTIVE', 0, 'Funktion: Geschäftsführer/in (CEO) | Mitarbeiter: 1 bis 10 | Branche: Schreinerei- & Holzbaubetriebe'),
('9124fa92-44ff-4e75-9556-789fd6380271', '41731150-7306-4654-95a2-a93d803e3074', 'KALTAKQUISE', 'ACTIVE', 0, 'Funktion: Geschäftsführer/in (CEO) | Mitarbeiter: 1 bis 10 | Branche: Gartenbau & -pflege | Rechtsform: Einzelunternehmen'),
('30351228-725b-42e9-878e-c57e1eb50a33', 'a4bbd4a8-e447-4b2f-a9d2-578edebcc3ff', 'KALTAKQUISE', 'ACTIVE', 0, 'Funktion: Geschäftsführer/in (CEO) | Mitarbeiter: 11 bis 20 | Branche: Online Shops | Rechtsform: Aktiengesellschaft'),
('1e33c97a-7bf2-41a5-b288-02d41b43ca60', '904eb98e-1cea-43a0-8459-834f11ef3f54', 'KALTAKQUISE', 'ACTIVE', 0, 'Funktion: Geschäftsführer/in (CEO) | Mitarbeiter: 1 bis 10 | Branche: Treuhandbüros | Rechtsform: Gesellschaft mit beschränkter Haftung'),
('8c291b30-9c0c-460b-b7c1-5f260e50e5ea', 'fddc312e-830b-466f-bda6-4feaa83ab571', 'KALTAKQUISE', 'ACTIVE', 0, 'Funktion: Geschäftsführer/in (CEO) | Mitarbeiter: 1 bis 10 | Branche: Nachhaltigkeitsbereich / Sanitär & Haustechnik / Solar & Photovoltaik | Rechtsform: Aktiengesellschaft'),
('ffdb992f-93e1-4a81-a834-aac2a6425b09', 'dcbb2f1e-2377-4c8c-a421-ae4bd89da95a', 'KALTAKQUISE', 'ACTIVE', 0, 'Funktion: Geschäftsführer/in (CEO) | Mitarbeiter: 1 bis 10 | Branche: Sanitär & Haustechnik | Rechtsform: Aktiengesellschaft'),
('7abccd24-725f-4336-b766-c5d471e98f81', '9583e786-355d-4516-82f5-21b66005c94a', 'KALTAKQUISE', 'ACTIVE', 0, 'Funktion: Geschäftsführer/in (CEO) | Mitarbeiter: 21 bis 50 | Branche: Gartenbau & -pflege | Rechtsform: Gesellschaft mit beschränkter Haftung'),
('6357958d-75b9-4b0d-88a5-95133a0c4404', '2fc07ee5-765e-4a6b-ad66-58fad6be75c3', 'KALTAKQUISE', 'ACTIVE', 0, 'Funktion: Geschäftsführer/in (CEO) | Mitarbeiter: 11 bis 20 | Branche: Elektroplanung & Installation | Rechtsform: Aktiengesellschaft'),
('bc714990-9380-4d69-b780-7a864e9f7172', 'a973145b-f509-42ca-91f5-08c717607900', 'KALTAKQUISE', 'ACTIVE', 0, 'Funktion: Geschäftsführer/in (CEO) | Mitarbeiter: 1 bis 10 | Branche: Architekturbüros | Rechtsform: Aktiengesellschaft'),
('0e0c681c-2de2-4327-9e58-f6d5df132bad', '37ba59b5-58aa-4774-b864-a54ef32112e3', 'KALTAKQUISE', 'ACTIVE', 0, 'Funktion: Geschäftsführer/in (CEO) | Mitarbeiter: 11 bis 20 | Branche: Immobilienvermittlung | Rechtsform: Aktiengesellschaft'),
('991bceb3-a66a-4907-b870-2200900287b7', '5a83ad6b-ac8c-44ff-bfc6-c72983acf659', 'KALTAKQUISE', 'ACTIVE', 0, 'Funktion: Geschäftsführer/in (CEO) | Mitarbeiter: 1 bis 10 | Branche: Unternehmensberater | Rechtsform: Gesellschaft mit beschränkter Haftung'),
('58957e43-f7c6-4473-bf62-62273f97338a', 'ee6e9f52-db6e-496e-90c1-c39d622601c9', 'KALTAKQUISE', 'ACTIVE', 0, 'Funktion: Geschäftsführer/in (CEO) | Mitarbeiter: 1 bis 10 | Branche: Lebensmittelverarbeitung | Rechtsform: Einzelunternehmen'),
('748b077e-046d-49b3-ba83-b4eb2c23fffe', 'e9075dea-c8d4-4e95-9df7-5c24612dc125', 'KALTAKQUISE', 'ACTIVE', 0, 'Funktion: Geschäftsführer/in (CEO) | Mitarbeiter: 21 bis 50 | Branche: Gartenbau & -pflege | Rechtsform: Aktiengesellschaft'),
('dbbbbbf4-92d0-4c4b-b0e0-12e1bd83b7a3', '6d97c0e9-0549-4e21-b35b-ff057d351eab', 'KALTAKQUISE', 'ACTIVE', 0, 'Funktion: Geschäftsführer/in (CEO) | Mitarbeiter: 1 bis 10 | Branche: Architekturbüros | Rechtsform: Aktiengesellschaft'),
('17fc1a26-e14d-47ec-9dfe-9768b0c9e808', 'a7b28738-fade-4a8d-b348-54e97f0620be', 'KALTAKQUISE', 'ACTIVE', 0, 'Funktion: Geschäftsführer/in (CEO) | Mitarbeiter: 11 bis 20 | Branche: Architekturbüros / General- & Totalunternehmungen / Immobilienvermittlung / Immobilienprojektentwicklung | Rechtsform: Aktiengesellschaft'),
('7ae9aed3-d74d-4841-abf0-1bc14e82323c', '7abef627-88fa-49eb-98cd-caec9d05edae', 'KALTAKQUISE', 'ACTIVE', 0, 'Funktion: Geschäftsführer/in (CEO) | Mitarbeiter: 1 bis 10 | Branche: Arztpraxen'),
('4bbef5ac-d337-491f-a7c9-c6fade0f4719', '1c6ca3d1-4edc-4a47-a420-28006c084237', 'KALTAKQUISE', 'ACTIVE', 0, 'Funktion: Geschäftsführer/in (CEO) | Mitarbeiter: 51 bis 100 | Branche: Lebensmittelverarbeitung | Rechtsform: Aktiengesellschaft'),
('c40c741c-0790-4a85-87f3-642bab09af9d', 'a1731c8e-1208-4452-b4fc-0007aaa588fb', 'KALTAKQUISE', 'ACTIVE', 0, 'Funktion: Geschäftsführer/in (CEO) | Mitarbeiter: 1 bis 10 | Branche: Architekturbüros | Rechtsform: Gesellschaft mit beschränkter Haftung'),
('41d25019-a2f7-4b62-8f6f-53c6ede3a40a', 'b5745e62-b06c-4303-a6f2-8be508039470', 'KALTAKQUISE', 'ACTIVE', 0, 'Funktion: Geschäftsführer/in (CEO) | Mitarbeiter: 11 bis 20 | Branche: Kunststoffindustrie | Rechtsform: Aktiengesellschaft'),
('9ee6426c-65d3-4f2d-aa69-315648208546', 'eb2389dc-2dfb-40fb-acd7-b3f2ce671819', 'KALTAKQUISE', 'ACTIVE', 0, 'Funktion: Geschäftsführer/in (CEO) | Mitarbeiter: 1 bis 10 | Branche: Entsorgungsindustrie | Rechtsform: Aktiengesellschaft'),
('5e4efa8d-4e9a-41a5-b450-7ecc4c79994d', 'a8e5e36a-2ec1-469d-a6bc-de13335ff5a1', 'KALTAKQUISE', 'ACTIVE', 0, 'Funktion: Geschäftsführer/in (CEO) | Mitarbeiter: 1 bis 10 | Branche: Elektroindustrie | Rechtsform: Aktiengesellschaft'),
('96212e74-c777-4b9e-ae1b-993a28973543', '8277a379-7b6a-4c3b-8504-d699d835889b', 'KALTAKQUISE', 'ACTIVE', 0, 'Funktion: Geschäftsführer/in (CEO) | Mitarbeiter: 1 bis 10 | Branche: Treuhandbüros | Rechtsform: Aktiengesellschaft'),
('ae8dd7d8-9b36-4b22-b0a3-f586f8cffd8d', 'f910f6f4-7851-4d2d-81ca-6d112728e81f', 'KALTAKQUISE', 'ACTIVE', 0, 'Funktion: Geschäftsführer/in (CEO) | Mitarbeiter: 1 bis 10 | Branche: Gartenbau & -pflege | Rechtsform: Gesellschaft mit beschränkter Haftung'),
('b17abeb2-48f1-49a9-812a-c4ad60116506', '9fea1675-a15f-4d0e-8a8a-fdfa83689921', 'KALTAKQUISE', 'ACTIVE', 0, 'Funktion: Geschäftsführer/in (CEO) | Mitarbeiter: 1 bis 10 | Branche: Boden- & Plattenleger'),
('c86ca073-cdda-4b6b-970f-9761a21475f8', '708378c7-77a1-4ae6-aa72-551b951d4506', 'KALTAKQUISE', 'ACTIVE', 0, 'Funktion: Geschäftsführer/in (CEO) | Mitarbeiter: 1 bis 10 | Branche: Versicherungsbroker & -makler | Rechtsform: Aktiengesellschaft'),
('f327cf56-ffca-436d-96ae-c4ffd6256c06', 'a0063ff1-d42f-45fa-ada9-52649904ed90', 'KALTAKQUISE', 'ACTIVE', 0, 'Funktion: Geschäftsführer/in (CEO) | Mitarbeiter: 11 bis 20 | Branche: Zahnarztpraxen | Rechtsform: Aktiengesellschaft'),
('ac558e26-2205-47e2-b51f-58cdd3e76763', '27d54ba9-613d-48e2-b7ec-f346b22b192a', 'KALTAKQUISE', 'ACTIVE', 0, 'Funktion: Geschäftsführer/in (CEO) | Mitarbeiter: 1 bis 10 | Branche: Atem- Meditation- & Yogacenter'),
('325097a7-0f4e-4c06-bf40-f94f3aacf5c2', 'a5de7c23-8848-464c-8788-4b102403d566', 'KALTAKQUISE', 'ACTIVE', 0, 'Funktion: Geschäftsführer/in (CEO) | Mitarbeiter: 1 bis 10 | Branche: Immobilienvermittlung | Rechtsform: Einzelunternehmen'),
('eeafe300-aa03-4c81-a795-021fc1c38ce1', '96a2f954-dbff-45af-a55d-7d7d9dbd3938', 'KALTAKQUISE', 'ACTIVE', 0, 'Funktion: Geschäftsführer/in (CEO) | Mitarbeiter: 1 bis 10 | Branche: Naturheilpraxen'),
('95016223-72f2-44eb-81c5-1c0b432bb5e8', '7913f6f6-79cb-40ef-9817-092de4b117ea', 'KALTAKQUISE', 'ACTIVE', 0, 'Funktion: Geschäftsführer/in (CEO) | Mitarbeiter: 1 bis 10 | Branche: Atem- Meditation- & Yogacenter'),
('b3246d13-d381-4526-8839-dfc5e9a324f6', 'c88d349c-908f-48c4-8dfe-c55022390b08', 'KALTAKQUISE', 'ACTIVE', 0, 'Funktion: Geschäftsführer/in (CEO) | Mitarbeiter: 1 bis 10 | Branche: Atem- Meditation- & Yogacenter'),
('cd60e528-e697-4264-a91c-01c98cbc328e', '2e205f3b-a22f-41e0-bee9-dc252d3a3795', 'KALTAKQUISE', 'ACTIVE', 0, 'Funktion: Geschäftsführer/in (CEO) | Mitarbeiter: 1 bis 10 | Branche: Spielwaren- & Babyfachhandel'),
('d1ebec2c-05ec-469f-9a63-9833bad4a9f1', '6e84f9ba-ce1e-4cb8-9796-788937ce3b7a', 'KALTAKQUISE', 'ACTIVE', 0, 'Funktion: Geschäftsführer/in (CEO) | Mitarbeiter: 1 bis 10 | Branche: Atem- Meditation- & Yogacenter'),
('6af947e3-dd75-4df0-954c-4d8062672f6a', 'd0682453-7627-4b4a-9020-3d82f71a436f', 'KALTAKQUISE', 'ACTIVE', 0, 'Funktion: Geschäftsführer/in (CEO) | Mitarbeiter: 11 bis 20 | Branche: Chemieindustrie | Rechtsform: Einzelunternehmen'),
('39ec3998-069e-4d6f-80a4-6260d0a4cd65', '55862954-1bb2-4d1a-ad0b-421f6bd04e9d', 'KALTAKQUISE', 'ACTIVE', 0, 'Funktion: Geschäftsführer/in (CEO) | Mitarbeiter: 1 bis 10 | Branche: Naturheilpraxen'),
('e979ec6b-c329-4cb7-ba6f-0ffca73a46f9', '6f749318-f36e-4f55-ac43-1ffa7306cf7e', 'KALTAKQUISE', 'ACTIVE', 0, 'Funktion: Geschäftsführer/in (CEO) | Mitarbeiter: 1 bis 10 | Branche: Spielwaren- & Babyfachhandel'),
('166a3a85-3bf1-4b3a-a643-6a4298263f4a', '01f85b17-9bfb-4c2d-82b6-154a6ebc6e5b', 'KALTAKQUISE', 'ACTIVE', 0, 'Funktion: Geschäftsführer/in (CEO) | Mitarbeiter: 1 bis 10 | Branche: Naturheilpraxen'),
('8e0b43c1-6ce5-481d-ba90-10eee0180d60', '36815544-b7a5-4b5f-b85d-f5905703f336', 'KALTAKQUISE', 'ACTIVE', 0, 'Funktion: Geschäftsführer/in (CEO) | Mitarbeiter: 1 bis 10 | Branche: Hofläden & Bauernhöfe'),
('65cd53b1-6fab-4ed2-a4ed-a20f7ea1dcd2', 'd4b901a7-520a-41a3-8656-c00c93ef49bd', 'KALTAKQUISE', 'ACTIVE', 0, 'Funktion: Geschäftsführer/in (CEO) | Mitarbeiter: 1 bis 10 | Branche: Divers | Rechtsform: Aktiengesellschaft'),
('03626e57-5115-4da5-8421-81986f816b99', '70a85d6b-607d-4d18-8231-0109cd6855ca', 'KALTAKQUISE', 'ACTIVE', 0, 'Funktion: Geschäftsführer/in (CEO) | Mitarbeiter: 1 bis 10 | Branche: Catering'),
('996413b7-b935-4b24-910f-eafd22deec26', 'ab76a993-0952-48e1-9026-b15fd87a4f59', 'KALTAKQUISE', 'ACTIVE', 0, 'Funktion: Geschäftsführer/in (CEO) | Mitarbeiter: 51 bis 100 | Branche: Textil- & Möbelindustrie / Schreinerei- & Holzbaubetriebe | Rechtsform: Aktiengesellschaft'),
('fd4c6f56-3838-4586-8747-4bfc59043405', 'd962f6ea-b35a-4cc4-be48-9a577f706a5d', 'KALTAKQUISE', 'ACTIVE', 0, 'Funktion: Geschäftsführer/in (CEO) | Mitarbeiter: Mehr als 500 | Branche: Top 2''000 CH-Unternehmen / Personalvermittler & -berater | Rechtsform: Aktiengesellschaft'),
('b1e7e38a-400f-4525-8c88-a5cd004107c0', '8a3761ae-f7bf-487f-a455-2e3ad276befe', 'KALTAKQUISE', 'ACTIVE', 0, 'Funktion: Geschäftsführer/in (CEO) | Mitarbeiter: 1 bis 10 | Branche: Atem- Meditation- & Yogacenter'),
('5cb681bc-2dcc-4923-850b-80f67c4e7686', '02787510-a3ba-46dc-aad6-3e0fc9a85f06', 'KALTAKQUISE', 'ACTIVE', 0, 'Funktion: Geschäftsführer/in (CEO) | Mitarbeiter: 1 bis 10 | Branche: Restaurants'),
('5bca79c4-3c3a-4848-b455-b743b18afbf9', '2d3d05d0-2f56-462b-9d70-c314d1530b94', 'KALTAKQUISE', 'ACTIVE', 0, 'Funktion: Geschäftsführer/in (CEO) | Mitarbeiter: 21 bis 50 | Branche: Bauingenieurbüros'),
('a1af3d9a-67f9-4106-b99a-4bac811644a3', '281737ea-735d-467e-81da-bbb39b4fe798', 'KALTAKQUISE', 'ACTIVE', 0, 'Funktion: Geschäftsführer/in (CEO) | Mitarbeiter: 21 bis 50 | Branche: Schreinerei- & Holzbaubetriebe'),
('5b537556-734c-4698-8125-e8d9464f897e', 'b087d2c7-4641-425a-b480-301ac17b517f', 'KALTAKQUISE', 'ACTIVE', 0, 'Funktion: Geschäftsführer/in (CEO) | Mitarbeiter: 21 bis 50 | Branche: Sanitär & Haustechnik | Rechtsform: Aktiengesellschaft'),
('8809b3ad-445d-4212-8592-3268b199a142', '8f406742-2ed2-4ef7-a661-be5df4d74c51', 'KALTAKQUISE', 'ACTIVE', 0, 'Funktion: Geschäftsführer/in (CEO) | Mitarbeiter: 21 bis 50 | Branche: Maler- & Gipsergeschäfte | Rechtsform: Aktiengesellschaft'),
('90122f28-f82f-4a0a-b0ee-e852ac736b1c', '2f61f0b2-c8d9-4879-b963-abc6c7030218', 'KALTAKQUISE', 'ACTIVE', 0, 'Funktion: Geschäftsführer/in (CEO) | Mitarbeiter: 1 bis 10 | Branche: Energieindustrie / Maschinenbauindustrie | Rechtsform: Aktiengesellschaft'),
('80a4aee8-fae6-4b5b-9971-b7aaeeb93e63', '7e7ee32e-4339-4e7f-a559-fb644b5f3820', 'KALTAKQUISE', 'ACTIVE', 0, 'Funktion: Geschäftsführer/in (CEO) | Mitarbeiter: 51 bis 100 | Branche: Innenausstatter | Rechtsform: Aktiengesellschaft'),
('a74ddd11-8c7e-425b-b348-3cbb69fe89a5', 'e8c930b0-0a85-4e6a-9b0d-20ff6781b710', 'KALTAKQUISE', 'ACTIVE', 0, 'Funktion: Geschäftsführer/in (CEO) | Mitarbeiter: 1 bis 10 | Branche: Atem- Meditation- & Yogacenter'),
('70006e93-eab0-47b8-b623-b82fe782c8e5', '6b15adc6-bbc7-4819-8147-aab7c10da205', 'KALTAKQUISE', 'ACTIVE', 0, 'Funktion: Geschäftsführer/in (CEO) | Mitarbeiter: 1 bis 10 | Branche: Architekturbüros'),
('0cb2a35f-b546-481e-82c4-57fd7bd88c9f', 'f6c7fba2-be3c-4d48-bf83-4c5269e2ab90', 'KALTAKQUISE', 'ACTIVE', 0, 'Funktion: Geschäftsführer/in (CEO) | Mitarbeiter: 1 bis 10 | Branche: Elektroindustrie | Rechtsform: Gesellschaft mit beschränkter Haftung'),
('7e27afc1-1d81-4ce8-8623-0a0600abd4a0', 'b289bbff-3e19-469d-8291-9c7923bfb0c5', 'KALTAKQUISE', 'ACTIVE', 0, 'Funktion: Geschäftsführer/in (CEO) | Mitarbeiter: 21 bis 50 | Branche: Clubs, Bars & Eventlocations | Rechtsform: Aktiengesellschaft'),
('98f3794a-7063-4a3e-a306-8e7e55922503', '3dfa21f9-3d08-4c35-812b-77d61d02d3bc', 'KALTAKQUISE', 'ACTIVE', 0, 'Funktion: Geschäftsführer/in (CEO) | Mitarbeiter: 11 bis 20 | Branche: Chemieindustrie / Online Shops | Rechtsform: Einzelunternehmen'),
('0d800a3d-e43b-4d53-b9d6-e9bc3fd3b36c', 'b60c8afc-39ef-40bc-b687-9ab41cd0073f', 'KALTAKQUISE', 'ACTIVE', 0, 'Funktion: Geschäftsführer/in (CEO) | Mitarbeiter: 1 bis 10 | Branche: Hofläden & Bauernhöfe'),
('c83a73a0-37a3-4551-8d0f-1b9a4184a149', '01ec92c6-e163-4590-a0af-33fbc124486f', 'KALTAKQUISE', 'ACTIVE', 0, 'Funktion: Geschäftsführer/in (CEO) | Mitarbeiter: 1 bis 10 | Branche: Sanitär & Haustechnik | Rechtsform: Aktiengesellschaft'),
('9165074c-7a69-44ed-b842-682824266a67', '63774e72-cecd-44ec-b10c-b23522c96e45', 'KALTAKQUISE', 'ACTIVE', 0, 'Funktion: Geschäftsführer/in (CEO) | Mitarbeiter: 1 bis 10 | Branche: Heime beeintr. Personen'),
('d4a126be-f02b-4dbb-be1e-9ea331ecce8c', 'f2edf212-49a6-4251-8057-017be8c21bb5', 'KALTAKQUISE', 'ACTIVE', 0, 'Funktion: Leitung Schule | Mitarbeiter: 21 bis 50 | Branche: Heime beeintr. Personen / Schulen'),
('08ca45de-da44-4392-b167-4ba736b4fe02', '3b5b6030-f43c-48d4-aa97-d60e25d603d1', 'KALTAKQUISE', 'ACTIVE', 0, 'Funktion: Leitung Schule | Mitarbeiter: 51 bis 100 | Branche: Weiterbildungsinstitute'),
('25c1c96f-c716-4d9b-bc51-dd929fcabfb7', '67a64c14-b9aa-4f12-b484-dbd662b77af1', 'KALTAKQUISE', 'ACTIVE', 0, 'Funktion: Gesamtschulleitung | Mitarbeiter: 21 bis 50 | Branche: Weiterbildungsinstitute'),
('2cc45c18-c362-4e80-b725-adff902900ff', '68805b84-4876-412c-b598-6f2dd8f87dc9', 'KALTAKQUISE', 'ACTIVE', 0, 'Funktion: Geschäftsführer/in (CEO) | Mitarbeiter: 21 bis 50 | Branche: Weiterbildungsinstitute'),
('7d6151a2-c8b8-4392-8cb1-21a64b76e301', 'a0a14f84-d4bc-4be5-9227-f72fd91660ca', 'KALTAKQUISE', 'ACTIVE', 0, 'Funktion: Geschäftsführer/in (CEO) | Mitarbeiter: 21 bis 50 | Branche: Weiterbildungsinstitute'),
('96fd83fe-636b-4f0b-b133-a5ba0f2cafef', 'd2a17439-ddb9-4ee6-b63a-7defc6700755', 'KALTAKQUISE', 'ACTIVE', 0, 'Funktion: Leitung Schule | Mitarbeiter: 11 bis 20 | Branche: Schulen'),
('71e707c6-f8e7-46e0-b707-233ae8259002', '3dd672e7-6f24-4271-82b4-853db4d0d31f', 'KALTAKQUISE', 'ACTIVE', 0, 'Funktion: Leitung Schule | Mitarbeiter: 21 bis 50 | Branche: Schulen'),
('899514ce-7f82-44a4-897c-0e7f65c14396', '9566317c-7881-4fec-b011-71e7de904438', 'KALTAKQUISE', 'ACTIVE', 0, 'Funktion: Geschäftsführer/in (CEO) | Mitarbeiter: 51 bis 100 | Branche: Heime beeintr. Personen'),
('b25d7403-1f4b-4705-a769-fd6b55f85605', 'b0aeaaf3-b21e-474a-ab5e-1d1cb6551262', 'KALTAKQUISE', 'ACTIVE', 0, 'Funktion: Leitung Schule | Mitarbeiter: 11 bis 20 | Branche: Schulen'),
('25a1938f-e8e5-4c69-9110-97433c6d9521', '0cd739cc-02a1-4cf7-8efd-6c449f1b30d5', 'KALTAKQUISE', 'ACTIVE', 0, 'Funktion: Leitung Schule | Mitarbeiter: 51 bis 100 | Branche: Weiterbildungsinstitute | Rechtsform: Stiftung'),
('447cb189-09de-408d-a94f-b602d0561510', '25c3f4d5-039b-4e6a-bd2d-67f7828fea86', 'KALTAKQUISE', 'ACTIVE', 0, 'Funktion: Leitung Schule | Mitarbeiter: 51 bis 100 | Branche: Weiterbildungsinstitute | Rechtsform: Verein'),
('0a0b5713-deea-4b35-98cf-d842c826c034', 'ecccc644-9f76-4a34-9d4f-5b121974049e', 'KALTAKQUISE', 'ACTIVE', 0, 'Funktion: Geschäftsführer/in (CEO) | Mitarbeiter: 21 bis 50 | Branche: Weiterbildungsinstitute'),
('311599da-9bb8-41d6-a2af-454f65a0b991', '94084fa9-676c-4434-902b-b4508fea2d0a', 'KALTAKQUISE', 'ACTIVE', 0, 'Funktion: Geschäftsführer/in (CEO) | Mitarbeiter: 11 bis 20 | Branche: Weiterbildungsinstitute'),
('6184bb1f-93b4-47c4-aac0-392adf89ba10', '5e6ecb2d-6127-4713-99ed-2d704b16a54f', 'KALTAKQUISE', 'ACTIVE', 0, 'Funktion: Geschäftsführer/in (CEO) | Mitarbeiter: 21 bis 50 | Branche: Heime beeintr. Personen'),
('0b635e97-a802-4e51-9c41-5f19f42f1cd4', 'a4264b65-3e3f-4fe4-bbca-73fbb6149388', 'KALTAKQUISE', 'ACTIVE', 0, 'Funktion: Geschäftsführer/in (CEO) | Mitarbeiter: 21 bis 50 | Branche: Weiterbildungsinstitute | Rechtsform: Verein'),
('fbe5e4fe-a976-46a0-b03e-29f3182fb6af', '0f14edd3-d6c4-48f9-a4d3-dfce406d9c41', 'KALTAKQUISE', 'ACTIVE', 0, 'Funktion: Leitung Schule | Mitarbeiter: 51 bis 100 | Branche: Weiterbildungsinstitute'),
('3a4e854e-191b-4dc6-8463-dc551df94ee1', '150b2923-f983-4bb4-ac47-4ffc41249560', 'KALTAKQUISE', 'ACTIVE', 0, 'Funktion: Leitung Schule | Mitarbeiter: 1 bis 10 | Branche: Weiterbildungsinstitute'),
('053ced27-f5db-4cc7-a1a8-5036c7b9382d', 'd1e99d03-af16-48cb-90d3-de3d6bf26b37', 'KALTAKQUISE', 'ACTIVE', 0, 'Funktion: Leitung Standort | Mitarbeiter: 1 bis 10 | Branche: Weiterbildungsinstitute'),
('637a5f96-f52b-4ad2-8712-1396c5c0ed06', 'efc17ca1-19d0-40ef-962c-4371292fbaec', 'KALTAKQUISE', 'ACTIVE', 0, 'Funktion: Leitung Schule | Mitarbeiter: 1 bis 10 | Branche: Weiterbildungsinstitute | Rechtsform: Stiftung'),
('a3c79ed6-3025-48da-a690-dd5754f7b251', '4cae1b7f-e86e-4c1c-8cfe-c537fa10ffdd', 'KALTAKQUISE', 'ACTIVE', 0, 'Funktion: Leitung Schule | Mitarbeiter: 101 bis 500 | Branche: Weiterbildungsinstitute'),
('2688b8bf-960a-4c4e-8dac-02d8fcf127cc', '187ddae7-ba16-4bf9-9119-c7973d446c56', 'KALTAKQUISE', 'ACTIVE', 0, 'Funktion: Geschäftsführer/in (CEO) | Mitarbeiter: 51 bis 100 | Branche: Weiterbildungsinstitute'),
('8c2fcc7e-382e-452d-aa21-13e45cd992e0', 'd36d2daf-fdd1-42be-bedb-51717af7b601', 'KALTAKQUISE', 'ACTIVE', 0, 'Funktion: Geschäftsführer/in (CEO) | Mitarbeiter: 11 bis 20 | Branche: Heime beeintr. Personen'),
('4b4a86ba-ecbb-4f4a-ba58-bb3d417e5c12', 'b5f2d2d1-5175-4e9f-a7e0-8034490f1a14', 'KALTAKQUISE', 'ACTIVE', 0, 'Funktion: Geschäftsführer/in (CEO) | Mitarbeiter: 51 bis 100 | Branche: Heime beeintr. Personen'),
('e48edcc4-65b6-497d-b6ce-32149efdc13a', '5b0b0652-640a-4afe-8924-db57ba16dde9', 'KALTAKQUISE', 'ACTIVE', 0, 'Funktion: Geschäftsführer/in (CEO) | Mitarbeiter: 21 bis 50 | Branche: Weiterbildungsinstitute'),
('7c9de8bd-4d23-41e7-b071-c0dae552be79', 'f124005a-633b-4985-afa3-909de60c479c', 'KALTAKQUISE', 'ACTIVE', 0, 'Funktion: Gesamtleitung/Direktion | Mitarbeiter: 51 bis 100 | Branche: Weiterbildungsinstitute'),
('eb9c4e4f-f9c8-4ad4-90d6-95e67fd612b8', 'a7880af8-8741-4fcb-9f88-0e38c739d9cc', 'KALTAKQUISE', 'ACTIVE', 0, 'Funktion: Geschäftsführer/in (CEO) | Mitarbeiter: 1 bis 10 | Branche: Naturheilpraxen'),
('51de50ea-69a3-4aa8-b8f2-0fad2c523ffe', '44c08bc8-c73c-4ff9-b491-0b9bfdabdc2f', 'KALTAKQUISE', 'ACTIVE', 0, 'Funktion: Geschäftsführer/in (CEO) | Mitarbeiter: 1 bis 10 | Branche: Naturheilpraxen'),
('bab253f0-7a0c-4f36-9972-9e0769015b3e', 'f50ce5ed-bfbb-486c-8b78-19835e80fafa', 'KALTAKQUISE', 'ACTIVE', 0, 'Funktion: Geschäftsführer/in (CEO) | Mitarbeiter: 101 bis 500 | Branche: Atem- Meditation- & Yogacenter'),
('fb0cac12-2690-49ce-abec-0e4ae8f03627', '0872208b-2b12-408f-87bf-db0a891b813c', 'KALTAKQUISE', 'ACTIVE', 0, 'Funktion: Geschäftsführer/in (CEO) | Mitarbeiter: 1 bis 10 | Branche: Atem- Meditation- & Yogacenter'),
('d0459a38-6c3b-498d-ba72-716674fc888d', '601e1b81-5098-4358-944d-6b4704c6511f', 'KALTAKQUISE', 'ACTIVE', 0, 'Funktion: Geschäftsführer/in (CEO) | Mitarbeiter: 1 bis 10 | Branche: Naturheilpraxen'),
('df26e9b0-85b7-42a0-8b96-4f8dc2ecabd2', '17662f48-2f37-44b8-a087-6ca99a6c96dd', 'KALTAKQUISE', 'ACTIVE', 0, 'Funktion: Geschäftsführer/in (CEO) | Mitarbeiter: 1 bis 10 | Branche: Naturheilpraxen'),
('1fa32523-bd10-429a-affd-b98b84857620', 'ecb073e5-0162-43b5-a879-04e888ce0adb', 'KALTAKQUISE', 'ACTIVE', 0, 'Funktion: Geschäftsführer/in (CEO) | Mitarbeiter: 1 bis 10 | Branche: Naturheilpraxen'),
('f579f2cd-89d2-40f2-8d9e-fdcb9d9bb6f9', '38708a53-30d2-424d-b852-6838794e73fb', 'KALTAKQUISE', 'ACTIVE', 0, 'Funktion: Geschäftsführer/in (CEO) | Mitarbeiter: 1 bis 10 | Branche: Atem- Meditation- & Yogacenter'),
('f3d65617-4bb1-41f1-ab7b-ad31d963d5f2', '0bf78f28-a2b2-41b5-9bdb-ab1f3e099f45', 'KALTAKQUISE', 'ACTIVE', 0, 'Funktion: Geschäftsführer/in (CEO) | Mitarbeiter: 1 bis 10 | Branche: Naturheilpraxen'),
('b6e7ca96-8895-42d8-a230-5fd9fbeef3a8', 'b359b726-9a4e-427f-875e-3d21d91acc89', 'KALTAKQUISE', 'ACTIVE', 0, 'Funktion: Geschäftsführer/in (CEO) | Mitarbeiter: 1 bis 10 | Branche: Atem- Meditation- & Yogacenter'),
('e44a9cfc-0429-4d2e-a5ec-5de3edc638c7', 'c29165ae-e8f8-434d-8eeb-4b35b043cf6b', 'KALTAKQUISE', 'ACTIVE', 0, 'Funktion: Geschäftsführer/in (CEO) | Mitarbeiter: 1 bis 10 | Branche: Naturheilpraxen | Rechtsform: Gesellschaft mit beschränkter Haftung'),
('ea691d2e-0314-42b1-9e3c-16297dde4df7', 'daa1b4db-d09d-4126-bcd7-e454ae7401ac', 'KALTAKQUISE', 'ACTIVE', 0, 'Funktion: Gesamtleitung/Direktion | Mitarbeiter: 51 bis 100 | Branche: Heime beeintr. Personen');

INSERT INTO lead_tags (lead_id, tag_id) VALUES
('4c9eea45-2e0b-4184-8d5e-9199f29cb1e3', 'ka-b2b'),
('db138662-e32a-4ac2-b189-44be14bc7272', 'ka-b2b'),
('8f937546-2fd3-475b-adbb-d634d0411f8e', 'ka-b2b'),
('96a48f11-59a4-495a-a82c-448da7fcf962', 'ka-b2b'),
('a0596d4a-1b52-45bb-a081-b0107613fe0c', 'ka-b2b'),
('9255d155-0e98-4b76-a2db-da4dd67dc30c', 'ka-b2b'),
('e744fa97-c866-45f8-9708-10f0a0286eea', 'ka-b2b'),
('460d4edd-d528-4d1c-855c-c9e0422ec823', 'ka-b2b'),
('cab9aa70-c3cf-43a8-bc20-12140572d96d', 'ka-b2b'),
('abc94b2a-df4a-4fe5-ab73-a0a9d49272dc', 'ka-b2b'),
('604c52a7-7581-4b42-9933-857c0e6d11f6', 'ka-b2b'),
('456b48e2-72a8-43a4-8a18-dbaf46b84da6', 'ka-b2b'),
('8aeda344-6af3-420e-921c-6b03c5d26a3f', 'ka-b2b'),
('f48c66ff-5b81-4e20-b708-cd3bb8f2e705', 'ka-b2b'),
('4ff8bff7-129e-40b2-b800-784143ab95d1', 'ka-b2b'),
('f5c813e2-7877-48e6-87b7-148ebe9bd7c7', 'ka-b2b'),
('634ca1b3-47ed-4fd6-886d-45d64485eabc', 'ka-b2b'),
('41270424-2294-4acd-ac22-25325fe9c888', 'ka-b2b'),
('b3a2d08d-c4bb-4506-bfe3-60e115fbea08', 'ka-b2b'),
('2f5e3fba-8f9c-4054-b2b2-572070436a90', 'ka-b2b'),
('4415a4c4-05b8-49ef-8f81-810a87cb9cd1', 'ka-b2b'),
('2e973dcc-79c5-4ada-a34d-6ab1123499c5', 'ka-b2b'),
('fc9b567e-da83-40b8-bbb2-fa0ac5e6147c', 'ka-b2b'),
('5ff2b9f1-d913-4bab-b309-9e596dc1ba7d', 'ka-b2b'),
('1b4a80e7-dba3-4c4c-90c7-90e6d416a7e5', 'ka-b2b'),
('e8e2a5d8-c0d7-4b0a-a34f-21f827c13c0c', 'ka-b2b'),
('c98fa414-8cf7-43da-b0aa-430e3c1b8871', 'ka-b2b'),
('f3a15a8c-2b5a-43bb-8f74-0330a2744b6d', 'ka-b2b'),
('defe1529-3e59-463d-8ea3-d386d2e64e65', 'ka-b2b'),
('ce75248d-8e15-4393-8ee6-89e085ba2380', 'ka-b2b'),
('5a6786a9-ce7a-4075-bbe6-66bce307599f', 'ka-b2b'),
('102bf15f-4cbc-477b-901c-39889822c56a', 'ka-b2b'),
('f49ef498-2b75-456e-a9cd-296faa971063', 'ka-b2b'),
('910102f3-4191-4ad3-890f-69dacb33cce0', 'ka-b2b'),
('fa325a4b-816b-412e-88b9-990ebf22184b', 'ka-b2b'),
('a606b8c4-f0d4-4a16-84bd-ce17a3747b1b', 'ka-b2b'),
('e265f2f8-31da-48e6-8d7b-ab37d74b0d3e', 'ka-b2b'),
('0bdfbdc4-2d38-4968-b478-679d7dd5c16f', 'ka-b2b'),
('44b4b2de-0792-4394-9d75-e74f6554b263', 'ka-b2b'),
('a38f88a1-2dd2-4f02-af92-6d2c598a9624', 'ka-b2b'),
('db3d6f23-1e8c-4b70-bc1a-05e90af78769', 'ka-b2b'),
('d50f635a-14c0-40f6-9638-d2bc47a6fa3d', 'ka-b2b'),
('ea45fcb9-7b13-4cd3-8526-a8e8d67e4fc1', 'ka-b2b'),
('e229e94a-37fd-4ba2-ab57-0be735b10ec0', 'ka-b2b'),
('db868c1c-270d-4335-bc93-a8edc307eb7f', 'ka-b2b'),
('b782d1e9-6b32-4b0e-af75-c8b3d12503cc', 'ka-b2b'),
('c3331ba8-c6ab-440d-866f-bbf7a2e2944d', 'ka-b2b'),
('0aa9cd67-d017-4e3c-b454-808976ed042b', 'ka-b2b'),
('e55c0446-6062-4dd7-928a-fc16d8efabc1', 'ka-b2b'),
('6085c43a-d22e-43a4-a261-d74033a469ef', 'ka-b2b'),
('c735bee6-61f8-4a24-9869-190bd9648079', 'ka-b2b'),
('183ed066-92ca-478d-8c7c-77a8ab224f03', 'ka-b2b'),
('f99b8393-7ae1-4237-8c20-94e440cb848e', 'ka-b2b'),
('e0a536dc-8472-4a33-b664-8d558031bb96', 'ka-b2b'),
('5231f6e9-5688-4e27-80e6-40d27e57098c', 'ka-b2b'),
('90b3fc84-1ac3-4f9c-8e67-49d080bd6f18', 'ka-b2b'),
('d3ddf1d9-586d-46a7-b54b-1f266aacbaf1', 'ka-b2b'),
('91c36783-ad4b-4f7e-8958-96780cb9d5d4', 'ka-b2b'),
('4b9dae8b-efe8-4ba1-8dbc-c9960960d3a6', 'ka-b2b'),
('b15da8de-c4a2-4d12-894c-66c7c3b1e2ea', 'ka-b2b'),
('5d7b4ffa-a48b-40d5-9879-ac1e284614f9', 'ka-b2b'),
('3be0f351-93af-4b45-8206-a9262f2932b1', 'ka-b2b'),
('eecd6aea-9763-43e1-908e-4a7a7ecf7866', 'ka-b2b'),
('d665acc7-590a-483f-b421-bbb4bfef85af', 'ka-b2b'),
('d40f19a7-ba9d-4032-b409-702bf6903509', 'ka-b2b'),
('68123c25-bc83-4cfd-82a4-2ada628592e1', 'ka-b2b'),
('63d4c2fd-b07b-4f5b-b731-b56c879e24df', 'ka-b2b'),
('c34ad76a-4355-4eaf-8b21-81324206e459', 'ka-b2b'),
('acbb2f9c-c00f-4192-a5d9-bac336833801', 'ka-b2b'),
('bfe529ae-acb1-4ad6-b3be-7267ba046257', 'ka-b2b'),
('b3981b4d-47a0-42b5-a08d-818fabf7c77d', 'ka-b2b'),
('daefdfcc-2e71-4e73-8d87-a5ba9dd686ed', 'ka-b2b'),
('5a5aaa3d-6177-4387-82f7-a09b2000d835', 'ka-b2b'),
('dc4b9904-8589-40da-bd13-3dbb63b4998b', 'ka-b2b'),
('dcdd9214-6257-4b00-804e-ca0dbfdd3057', 'ka-b2b'),
('4a039051-365b-443f-950f-569b2524805f', 'ka-b2b'),
('145bf884-dd72-440c-aac0-c215a25d2815', 'ka-b2b'),
('dd62f28d-a480-4e7f-9ec9-71de00f1baf3', 'ka-b2b'),
('986cc1c2-b7a1-42f5-89f3-82679a201102', 'ka-b2b'),
('150acfdc-9bce-4cb7-8a4c-de45371c54b9', 'ka-b2b'),
('9b4f6df4-1ea8-4749-95ea-98727b1ac968', 'ka-b2b'),
('930fdb7b-5d11-4860-a6f9-ce9b233dcaec', 'ka-b2b'),
('1d868763-a4b7-428f-8901-64b2dcc011d6', 'ka-b2b'),
('839f1e6c-fe0c-4eb9-9648-40c56fed4706', 'ka-b2b'),
('818ca615-1dda-4084-bfb7-cc2d42a6bd9e', 'ka-b2b'),
('22edb429-37b3-4b3a-9024-5499f557fae1', 'ka-b2b'),
('327c2c7a-5c57-4a31-928e-355c4fd3ba6e', 'ka-b2b'),
('7615234e-2d17-4985-80e8-6a7bdb1be5b9', 'ka-b2b'),
('5b2bde83-c0a6-4daf-8348-ac1062d5d5b5', 'ka-b2b'),
('30388a47-658d-4dbd-9389-a033263be68c', 'ka-b2b'),
('3cbfa58d-6d63-4195-83b2-df3d1efb838c', 'ka-b2b'),
('206efbf2-dbc3-4686-a134-4100c945db0a', 'ka-b2b'),
('ea89e5df-6ac8-4dfb-b26d-a1978cdcd921', 'ka-b2b'),
('9a17e261-e068-4ada-a452-2d0fa2ec1f25', 'ka-b2b'),
('050c923f-b62c-44d4-8a77-3445e4dab9cd', 'ka-b2b'),
('f27dcd95-f270-434b-86f5-e5e873904de8', 'ka-b2b'),
('2518249f-b1f8-4c75-b60d-d34a361e7a36', 'ka-b2b'),
('4505a516-8054-485a-b801-d2ec116ba6ff', 'ka-b2b'),
('869ea493-3568-49b9-a78f-4aef479f1dde', 'ka-b2b'),
('5a4ec996-1466-4000-9671-8b721853b6aa', 'ka-b2b'),
('283b2eda-223a-474d-a0bb-29cb98e6165b', 'ka-b2b'),
('7c80eb7f-bc2d-4a43-a70f-fec4895762ef', 'ka-b2b'),
('ea11c20f-6253-4723-98d3-37848a05476a', 'ka-b2b'),
('7391daa5-adf6-4a7c-a8ea-fd527e59bd8d', 'ka-b2b'),
('af4dfbea-c88c-4608-8dd2-f9b5605aebca', 'ka-b2b'),
('72625646-50ee-4a42-8587-985db8a1fec8', 'ka-b2b'),
('9124fa92-44ff-4e75-9556-789fd6380271', 'ka-b2b'),
('30351228-725b-42e9-878e-c57e1eb50a33', 'ka-b2b'),
('1e33c97a-7bf2-41a5-b288-02d41b43ca60', 'ka-b2b'),
('8c291b30-9c0c-460b-b7c1-5f260e50e5ea', 'ka-b2b'),
('ffdb992f-93e1-4a81-a834-aac2a6425b09', 'ka-b2b'),
('7abccd24-725f-4336-b766-c5d471e98f81', 'ka-b2b'),
('6357958d-75b9-4b0d-88a5-95133a0c4404', 'ka-b2b'),
('bc714990-9380-4d69-b780-7a864e9f7172', 'ka-b2b'),
('0e0c681c-2de2-4327-9e58-f6d5df132bad', 'ka-b2b'),
('991bceb3-a66a-4907-b870-2200900287b7', 'ka-b2b'),
('58957e43-f7c6-4473-bf62-62273f97338a', 'ka-b2b'),
('748b077e-046d-49b3-ba83-b4eb2c23fffe', 'ka-b2b'),
('dbbbbbf4-92d0-4c4b-b0e0-12e1bd83b7a3', 'ka-b2b'),
('17fc1a26-e14d-47ec-9dfe-9768b0c9e808', 'ka-b2b'),
('7ae9aed3-d74d-4841-abf0-1bc14e82323c', 'ka-b2b'),
('4bbef5ac-d337-491f-a7c9-c6fade0f4719', 'ka-b2b'),
('c40c741c-0790-4a85-87f3-642bab09af9d', 'ka-b2b'),
('41d25019-a2f7-4b62-8f6f-53c6ede3a40a', 'ka-b2b'),
('9ee6426c-65d3-4f2d-aa69-315648208546', 'ka-b2b'),
('5e4efa8d-4e9a-41a5-b450-7ecc4c79994d', 'ka-b2b'),
('96212e74-c777-4b9e-ae1b-993a28973543', 'ka-b2b'),
('ae8dd7d8-9b36-4b22-b0a3-f586f8cffd8d', 'ka-b2b'),
('b17abeb2-48f1-49a9-812a-c4ad60116506', 'ka-b2b'),
('c86ca073-cdda-4b6b-970f-9761a21475f8', 'ka-b2b'),
('f327cf56-ffca-436d-96ae-c4ffd6256c06', 'ka-b2b'),
('ac558e26-2205-47e2-b51f-58cdd3e76763', 'ka-b2b'),
('325097a7-0f4e-4c06-bf40-f94f3aacf5c2', 'ka-b2b'),
('eeafe300-aa03-4c81-a795-021fc1c38ce1', 'ka-b2b'),
('95016223-72f2-44eb-81c5-1c0b432bb5e8', 'ka-b2b'),
('b3246d13-d381-4526-8839-dfc5e9a324f6', 'ka-b2b'),
('cd60e528-e697-4264-a91c-01c98cbc328e', 'ka-b2b'),
('d1ebec2c-05ec-469f-9a63-9833bad4a9f1', 'ka-b2b'),
('6af947e3-dd75-4df0-954c-4d8062672f6a', 'ka-b2b'),
('39ec3998-069e-4d6f-80a4-6260d0a4cd65', 'ka-b2b'),
('e979ec6b-c329-4cb7-ba6f-0ffca73a46f9', 'ka-b2b'),
('166a3a85-3bf1-4b3a-a643-6a4298263f4a', 'ka-b2b'),
('8e0b43c1-6ce5-481d-ba90-10eee0180d60', 'ka-b2b'),
('65cd53b1-6fab-4ed2-a4ed-a20f7ea1dcd2', 'ka-b2b'),
('03626e57-5115-4da5-8421-81986f816b99', 'ka-b2b'),
('996413b7-b935-4b24-910f-eafd22deec26', 'ka-b2b'),
('fd4c6f56-3838-4586-8747-4bfc59043405', 'ka-b2b'),
('b1e7e38a-400f-4525-8c88-a5cd004107c0', 'ka-b2b'),
('5cb681bc-2dcc-4923-850b-80f67c4e7686', 'ka-b2b'),
('5bca79c4-3c3a-4848-b455-b743b18afbf9', 'ka-b2b'),
('a1af3d9a-67f9-4106-b99a-4bac811644a3', 'ka-b2b'),
('5b537556-734c-4698-8125-e8d9464f897e', 'ka-b2b'),
('8809b3ad-445d-4212-8592-3268b199a142', 'ka-b2b'),
('90122f28-f82f-4a0a-b0ee-e852ac736b1c', 'ka-b2b'),
('80a4aee8-fae6-4b5b-9971-b7aaeeb93e63', 'ka-b2b'),
('a74ddd11-8c7e-425b-b348-3cbb69fe89a5', 'ka-b2b'),
('70006e93-eab0-47b8-b623-b82fe782c8e5', 'ka-b2b'),
('0cb2a35f-b546-481e-82c4-57fd7bd88c9f', 'ka-b2b'),
('7e27afc1-1d81-4ce8-8623-0a0600abd4a0', 'ka-b2b'),
('98f3794a-7063-4a3e-a306-8e7e55922503', 'ka-b2b'),
('0d800a3d-e43b-4d53-b9d6-e9bc3fd3b36c', 'ka-b2b'),
('c83a73a0-37a3-4551-8d0f-1b9a4184a149', 'ka-b2b'),
('9165074c-7a69-44ed-b842-682824266a67', 'ka-b2b'),
('d4a126be-f02b-4dbb-be1e-9ea331ecce8c', 'ka-b2b'),
('08ca45de-da44-4392-b167-4ba736b4fe02', 'ka-b2b'),
('25c1c96f-c716-4d9b-bc51-dd929fcabfb7', 'ka-b2b'),
('2cc45c18-c362-4e80-b725-adff902900ff', 'ka-b2b'),
('7d6151a2-c8b8-4392-8cb1-21a64b76e301', 'ka-b2b'),
('96fd83fe-636b-4f0b-b133-a5ba0f2cafef', 'ka-b2b'),
('71e707c6-f8e7-46e0-b707-233ae8259002', 'ka-b2b'),
('899514ce-7f82-44a4-897c-0e7f65c14396', 'ka-b2b'),
('b25d7403-1f4b-4705-a769-fd6b55f85605', 'ka-b2b'),
('25a1938f-e8e5-4c69-9110-97433c6d9521', 'ka-b2b'),
('447cb189-09de-408d-a94f-b602d0561510', 'ka-b2b'),
('0a0b5713-deea-4b35-98cf-d842c826c034', 'ka-b2b'),
('311599da-9bb8-41d6-a2af-454f65a0b991', 'ka-b2b'),
('6184bb1f-93b4-47c4-aac0-392adf89ba10', 'ka-b2b'),
('0b635e97-a802-4e51-9c41-5f19f42f1cd4', 'ka-b2b'),
('fbe5e4fe-a976-46a0-b03e-29f3182fb6af', 'ka-b2b'),
('3a4e854e-191b-4dc6-8463-dc551df94ee1', 'ka-b2b'),
('053ced27-f5db-4cc7-a1a8-5036c7b9382d', 'ka-b2b'),
('637a5f96-f52b-4ad2-8712-1396c5c0ed06', 'ka-b2b'),
('a3c79ed6-3025-48da-a690-dd5754f7b251', 'ka-b2b'),
('2688b8bf-960a-4c4e-8dac-02d8fcf127cc', 'ka-b2b'),
('8c2fcc7e-382e-452d-aa21-13e45cd992e0', 'ka-b2b'),
('4b4a86ba-ecbb-4f4a-ba58-bb3d417e5c12', 'ka-b2b'),
('e48edcc4-65b6-497d-b6ce-32149efdc13a', 'ka-b2b'),
('7c9de8bd-4d23-41e7-b071-c0dae552be79', 'ka-b2b'),
('eb9c4e4f-f9c8-4ad4-90d6-95e67fd612b8', 'ka-b2b'),
('51de50ea-69a3-4aa8-b8f2-0fad2c523ffe', 'ka-b2b'),
('bab253f0-7a0c-4f36-9972-9e0769015b3e', 'ka-b2b'),
('fb0cac12-2690-49ce-abec-0e4ae8f03627', 'ka-b2b'),
('d0459a38-6c3b-498d-ba72-716674fc888d', 'ka-b2b'),
('df26e9b0-85b7-42a0-8b96-4f8dc2ecabd2', 'ka-b2b'),
('1fa32523-bd10-429a-affd-b98b84857620', 'ka-b2b'),
('f579f2cd-89d2-40f2-8d9e-fdcb9d9bb6f9', 'ka-b2b'),
('f3d65617-4bb1-41f1-ab7b-ad31d963d5f2', 'ka-b2b'),
('b6e7ca96-8895-42d8-a230-5fd9fbeef3a8', 'ka-b2b'),
('e44a9cfc-0429-4d2e-a5ec-5de3edc638c7', 'ka-b2b'),
('ea691d2e-0314-42b1-9e3c-16297dde4df7', 'ka-b2b');
