-- Batch 159 (200 records)
INSERT INTO contacts (id, first_name, last_name, email, phone, company, address) VALUES
('59113574-3f21-401c-ad5e-3ace763a1a31', 'Andreas', 'Georgiadis', 'a.georgiadis@genicofamilyoffice.ch', '041 725 25 25', 'Genico Family Office AG', 'Gartenstrasse 7, 6300 Zug, Zug'),
('236f920e-4a4b-491c-9c3b-1dff01e135ba', 'Samuel', 'Zurbuchen', 's.zurbuchen@geniusmedia.ch', '052 723 60 70', 'Genius Media AG', 'Zürcherstrasse 180, 8500 Frauenfeld, Thurgau'),
('a55f2048-1f40-45b0-9e77-28fd353d7eba', 'Philipp', 'Ambühl', 'dufour@geno.ch', '032 329 39 59', 'Geno-Apotheken', 'Dufourstrasse 4, 2502 Biel/Bienne, Bern'),
('84660a7a-e824-4b79-ae48-1500270cdb40', 'Philipp', 'Keel', 'info@genos.ch', '032 558 72 81', 'Genos Energie AG', 'Industriestrasse 10, 4573 Lohn-Ammannsegg, Solothurn'),
('132e0c04-69ad-47db-bfad-fd8f20ff8677', 'Martin', 'Märki', 'maerki@arbastrom.ch', 'N.a.', 'Genossenschaft "SolVent" c/o Genossenschaft Arba Strom Winterthur', 'Rosenstrasse 11, 8400 Winterthur, Zürich'),
('f4bd8099-4018-4428-a871-01447fbde981', 'Raphael', 'Büsser', 'r_buesser@gmx.ch', '076 308 57 12', 'Genossenschaft Achslenblick', 'Cunzstrasse 32, 9016 St. Gallen, St. Gallen'),
('7a00c1bd-b7c6-4ea1-8300-c38d6b8e8d85', 'Conrad', 'Schneider', 'conrad.schneider@wohnlicheradler.ch', '079 291 85 75', 'Genossenschaft Adler Unterstammheim', 'Hinterweg 4, 8468 Waltalingen, Zürich'),
('d1990089-1c87-4657-b4dc-43e43e1194f3', 'Elio', 'Pandolfi', 'info@aelplibahn.ch', '081 322 47 64', 'Genossenschaft Aelplibahn', 'Buchwaldweg 2, 7208 Malans, Graubünden'),
('bfd4a916-1705-4793-b360-5da2ac0c926b', 'Thomas', 'Becker-Baumgartner', 'info@aeugstenbahn.ch', '055 640 81 53', 'Genossenschaft Aeugstenbahn Ennenda', 'Fabrikstrasse 4, 8755 Ennenda, Glarus'),
('b4b548ad-d6f1-4e72-9d7c-37dc60fb3b66', 'Peter', 'Estermann', 'peter.estermann@atsursee.ch', '041 925 80 50', 'Genossenschaft AGRO-Treuhand Region Sursee', 'Grenzstrasse 3b, 6214 Schenkon, Luzern'),
('8d4970ca-5039-4480-9ea7-d93eae141cd0', 'Kathrin', 'Keller', 'kath.keller@bluewin.ch', 'N.a.', 'Genossenschaft Allmendholz', 'Allmendhölzliweg 14, 8810 Horgen, Zürich'),
('9929c493-50fb-4bd7-a73f-bb2715219f91', 'Andreas', 'Zgraggen', 'alp-surenen@outlook.ch', '079 876 98 67', 'Genossenschaft Alpkäserei Surenen', 'Obermatt, 6468 Attinghausen, Uri'),
('cfc7e412-0587-4202-8d56-699223974fc6', 'Walter', 'Beyeler', 'info@wia-boppelsen.ch', '044 844 30 80', 'Genossenschaft Alte Buchserstrasse Boppelsen', 'Alte Buchserstrasse 14, 8113 Boppelsen, Zürich'),
('e8fc349e-040e-4be3-a476-f02af775e7b2', 'Alfred', 'Kaufmann', 'alfredo.kaufmann49@gmail.com', '061 641 29 27', 'Genossenschaft Alte Post', 'Baselstrasse 57, 4125 Riehen, Basel-Stadt'),
('0287b9b1-6e76-4063-9afb-63bb14f9b5bf', 'Gerda', 'Schneider', 'g.schneider@alteschmitte-lohn.ch', '032 677 51 01', 'Genossenschaft Alte Schmitte Lohn zur Förderung und Betreuung geistigbehinderter Erwachsener', 'Alte Schmitte 1, 4573 Lohn-Ammannsegg, Solothurn'),
('0064597a-3d90-469d-b90f-1582b371de77', 'Lorenz Paul', 'Padberg', 'schoenegg.bern@bluewin.ch', '031 370 95 75', 'Genossenschaft Alternative Schönegg Bern', 'Seftigenstrasse 113, 3007 Bern, Bern'),
('641cbad1-25f1-4b85-abed-bb9a8b6a2e09', 'Damian', 'Link', 'gl@krone-ar.ch', '071 878 61 61', 'Genossenschaft Alters- und Pflegeheim "Krone" Rehetobel', 'Oberdorf 3, 9038 Rehetobel, Appenzell Ausserrhoden'),
('983c2bb9-47a3-44c9-b976-637f25d345d1', 'Fabian', 'Ruhlé', 'info@bruegglidulliken.ch', '062 285 45 45', 'Genossenschaft Alters- und Pflegeheim Brüggli', 'Alte Landstrasse 25, 4657 Dulliken, Solothurn'),
('7351b51f-a5cc-4124-8b5d-5f9c456ece61', 'Andreas', 'Steinke', 'andreas.steinke@hausholzenstein.ch', '071 466 90 02', 'Genossenschaft Alters- und Pflegeheim Haus Holzenstein', 'Holzensteinerstrasse 36, 8590 Romanshorn, Thurgau'),
('e47871da-429b-4608-9bae-7711fce1d05f', 'Werner', 'Marti', 'laedi@kallnach.ch', '032 392 15 94', 'Genossenschaft altersgerechtes Wohnen Kallnach', 'Schmittenrain 2, 3283 Kallnach, Bern'),
('37af56ae-54ca-4c71-ac9f-bda0e68afd19', 'Franziska', 'Stübi', 'f.stuebi@alterssiedlung-arbon.ch', '079 438 15 02', 'GENOSSENSCHAFT ALTERSSIEDLUNG ARBON', 'Rebenstrasse 16, 9320 Arbon, Thurgau'),
('9cdc14dd-2579-4303-8e09-aaac52679960', 'Jürg', 'Sturzenegger', 'juerg.bondo@bluewin.ch', '079 224 38 79', 'Genossenschaft Alterssiedlung Dürnten', 'Nauenstrasse 24d, 8632 Tann, Zürich'),
('dcab3407-39a0-4f2f-b0a7-ad60726abd62', 'Georg Anton', 'Raguth', 'georg@raguth.ch', '055 250 50 10', 'Genossenschaft Alterssiedlung Eichlinde', 'Breitenhofstrasse 6, 8630 Rüti, Zürich'),
('039ec568-26b3-4952-bc56-782edc18323f', 'Franz', 'Alberti', 'franz.alberti@bluewin.ch', '079 623 68 32', 'Genossenschaft Alterssiedlung Glarus', 'Zinggenstrasse 3, 8753 Mollis, Glarus'),
('fde06448-d6dd-46fd-ac61-ce3416689a53', 'Christa', 'Keller-Freitag', 'info@lindebuel-pfyn.ch', '079 547 31 64', 'Genossenschaft Alterssiedlung Pfyn und Umgebung', 'Wybergstrasse 2, 8505 Pfyn, Thurgau'),
('020181ca-f8d4-4571-bed3-f40e4c3622af', 'Patrick', 'Trochsler', 'patrick.trochsler@bluewin.ch', '077 430 69 77', 'Genossenschaft Alterssiedlung Rorschacherberg', 'Sulzbergstrasse 26, 9404 Rorschacherberg, St. Gallen'),
('99b64703-f3ea-43ad-9bee-a37652877041', 'Renato', 'Giacometti', 'info@as-trubschachen.ch', '034 497 32 61', 'Genossenschaft Alterssiedlung Trubschachen', 'Obere Wegmattestrasse 8/10, 3555 Trubschachen, Bern'),
('2ce38f99-6ac7-4a08-83b2-522e82bb5820', 'Jakob', 'Nef', 'info@jakobnefag.ch', '071 364 23 47', 'Genossenschaft Alterssiedlung Urnäsch c/o Jakob Nef', 'Sonnhalde 16, 9107 Urnäsch, Appenzell Ausserrhoden'),
('bdaf3d13-f297-45bb-b848-f7ce35991772', 'Alexandra', 'Locher', 'a.locher@aswetzikon.ch', '044 931 17 19', 'Genossenschaft Alterssiedlung Wetzikon', 'Bahnhofstrasse 256, 8623 Wetzikon, Zürich'),
('086398d7-b46a-4074-a8bd-5db28314fd90', 'Walter', 'Rickenmann', 'w.rickenmann@bluewin.ch', '071 385 77 90', 'Genossenschaft Alterssiedlung Wiesental', 'Lindenstrasse 4, 9204 Andwil, St. Gallen'),
('ca95c02f-2508-477f-8a31-897cae9f4130', 'Viola', 'Keller', 'viola.keller@weiherwies.ch', '071 898 83 20', 'Genossenschaft Alterswohn- und Pflegeheim Weiherwies, Grub AR c/o Katharina Zwicker', 'Weiherwies 410, 9035 Grub, Appenzell Ausserrhoden'),
('bc0ca331-1d88-411a-83e9-8060938a8f7d', 'Bruno', 'Schiess', 'praesident@luppmenpark.ch', '044 950 12 21', 'Genossenschaft Alterswohnen Luppmenpark', 'Haldenweg 3, 8335 Hittnau, Zürich'),
('79bc31f0-8941-4b3e-ae88-87086195bd9d', 'Thomas', 'Bühler', 'buehler.thomas@awh-neukirch.ch', '071 474 73 70', 'Genossenschaft Alterswohnheim Neukirch-Egnach', 'Arbonerstrasse 21a, 9315 Neukirch (Egnach), Thurgau'),
('23b54496-41b0-4950-9658-230fffa9d46b', 'Kurt', 'Schüpbach', 'info@alterswohnen-flaachtal.ch', '052 224 09 49', 'Genossenschaft Alterswohnungen Flaachtal', 'Tuechstrasse 6, 8416 Flaach, Zürich'),
('fa5baf27-2b72-4bee-b1bb-c1a689b2e69e', 'Urs', 'Lendenmann', 'lenden@bluewin.ch', '081 783 28 51', 'Genossenschaft Alterswohnungen Grabs', 'Stütlistrasse 25, 9472 Grabs, St. Gallen'),
('4c146752-4e03-4e07-bd29-0122968ac695', 'Marius', 'Jeker', 'info@gawi.ch', '061 971 30 57', 'Genossenschaft Alterswohnungen Itingen (GAWI)', 'Dorfstrasse 46a, 4452 Itingen, Basel-Land'),
('603c528f-aab2-42ba-93a9-f8651b7bd0df', 'Franz', 'Landolt-Hauser', 'hausmirjam@bluewin.ch', '055 612 11 33', 'Genossenschaft Alterswohnungen Linth', 'Zigerribistrasse 4, 8868 Oberurnen, Glarus'),
('197b3e21-32c7-4a34-9b3f-6233463563aa', 'Annamarie', 'Ackermann-Senti', 'annemarie.ackermann@bluewin.ch', '078 679 86 25', 'Genossenschaft Alterswohnungen Mels', 'Schlingsweg 11, 8887 Mels, St. Gallen'),
('040197e0-5607-42d4-a078-963da419bece', 'Adelheid', 'Tobler-Rüdisüli', 'brigiger@bluewin.ch', 'N.a.', 'Genossenschaft Alterswohnungen Schänis', 'Fuchswinkel 25, 8718 Schänis, St. Gallen'),
('c61cc51e-ae15-4f9a-82e6-5a90465fc07b', 'René', 'Schäffeler', 'rene.schaeffeler@bluewin.ch', '052 741 44 05', 'Genossenschaft Alterswohnungen Stein am Rhein', 'Öhningerstrasse 14, 8260 Stein am Rhein, Schaffhausen'),
('c7e60f3c-9130-4574-bad9-3a471a445cb7', 'Jenny', 'Jäggin', 'jaeggin@gaw-wiesendangen.ch', '077 523 04 01', 'Genossenschaft Alterswohnungen Wiesendangen', 'Stationsstrasse 57, 8542 Wiesendangen, Zürich'),
('c9080f02-ed37-47c9-9432-fa1c34f9a79e', 'Andreas', 'Grieshaber', 'andreas.grieshaber@alterszentrumambach.ch', '044 739 39 39', 'Genossenschaft Alterszentrum am Bach', 'Bachstrasse 1, 8903 Birmensdorf, Zürich'),
('8cf324cc-54eb-4393-862a-c80a3fbd0404', 'Marco', 'Styner', 'm.styner@azk.ch', '071 350 60 01', 'Genossenschaft Alterszentrum Kreuzlingen', 'Bärenstrasse 27, 8280 Kreuzlingen, Thurgau'),
('9f3a1f5c-27c4-4386-80bd-076a3061134d', 'Roger', 'Mathis', 'info@azweinfelden.ch', '071 626 38 08', 'Genossenschaft Alterszentrum Weinfelden', 'Alpsteinstrasse 14, 8570 Weinfelden, Thurgau'),
('d0ba021a-0810-4abe-a853-2d7e9cfbbf7b', 'Regula', 'Willi Muchenberger', 'stuerler@bluewin.ch', 'N.a.', 'Genossenschaft Andere Wohnformen im Stürlerhaus am Altenberg', 'Altenbergstrasse 60, 3013 Bern, Bern'),
('2a743e86-ed67-4bde-b0ef-818296831429', 'Peter', 'Kühnis', 'kontakt@anders-wohnen.ch', '071 891 37 73', 'Genossenschaft Anders Wohnen', 'Brunnenstrasse 1a, 9410 Heiden, Appenzell Ausserrhoden'),
('6961747d-a5c6-413e-8a9e-b52f96304c07', 'Pascal', 'Parodi', 'info@aranea.ch', '052 620 12 90', 'Genossenschaft Aranea Plus', 'Ebnatstrasse 65, 8200 Schaffhausen, Schaffhausen'),
('370153da-1e17-46a6-a5b5-57a9daee75a0', 'Stefan', 'Rennhard', 'shrennhard@gmx.ch', 'N.a.', 'Genossenschaft Ärztehaus Reusslistrasse', 'Rooswiesenstrasse 63, 8155 Niederhasli, Zürich'),
('ae94f13e-9916-4cf6-ae45-95268b42d1a1', 'Paul Albert', 'Mathieu', 'info@augstbordkaeserei.ch', '027 932 23 10', 'Genossenschaft Augstbordkäserei', 'Käsereistrasse 2, 3946 Turtmann, Wallis/Valais'),
('7ec61b24-dbfa-4a63-b2ad-8cbdd40397b8', 'Andreas', 'Egger', 'info@baertschihus.ch', '031 951 36 40', 'Genossenschaft Bärtschihus', 'Dorfstrasse 14, 3073 Gümligen, Bern'),
('8def7f7d-1eda-4dbe-9765-db8d05b2e435', 'Nathalie', 'Reinau', 'kontakt@baselunverpackt.ch', '061 543 12 20', 'Genossenschaft Basel unverpackt', 'Feldbergstrasse 26, 4057 Basel, Basel-Stadt'),
('97e14b55-75a5-42d5-9817-eb7286a75a86', 'Ignaz', 'Plaz', 'info@nossa-caschareia.ch', '081 684 14 63', 'Genossenschaft Berg-Käserei Savognin und Umgebung', 'Veia Naloz 16, 7460 Savognin, Graubünden'),
('dff86829-0410-4c82-ba06-89c5d9c287d7', 'Thomas', 'Mainberger', 'betreuung@wohnen-impark.ch', '071 788 06 03', 'Genossenschaft Betreutes Wohnen Appenzell', 'Eggerstandenstrasse 2a, 9050 Appenzell, Appenzell Innerrhoden'),
('07ad6b24-90e8-4ac0-86be-da23b71129de', 'Elsbeth', 'Bade', 'els.bade@vtxmail.ch', '043 960 03 64', 'Genossenschaft BEZET', 'Zentralstrasse 142, 8003 Zürich, Zürich'),
('fbc69fad-dde7-4e51-9283-6fd581fad407', 'Marion', 'Kumschlies', 'info@bioladenulme.ch', '055 640 10 22', 'Genossenschaft Bioladen Ulme', 'Bankstrasse 30, 8750 Glarus, Glarus'),
('fdf56e89-cc43-481f-a619-c570a4804361', 'Johann', 'Meyer', 'hallo@im-spitz.ch', '041 911 30 30', 'Genossenschaft Bistro-Bar-Spitz', 'Hauptstrasse 52, 6280 Hochdorf, Luzern'),
('ac512a25-af0c-4af6-9d94-a54e6ee229e6', 'Christine', 'Lerch', 'christine.lerch@borna.ch', '062 785 01 27', 'Genossenschaft Borna, Arbeits- und Wohngemeinschaft Rothrist', 'Gländstrasse 24, 4852 Rothrist, Aargau'),
('36aedaac-6042-4675-800b-11acb3cd492a', 'Bruno', 'Wernli', 'bruno.wernli@herrenbergbier.ch', '079 659 58 76', 'Genossenschaft Brauerei Herrenberg Nuglar-St. Pantaleon', 'Dorfplatz 17, 4412 Nuglar, Solothurn'),
('4a3680bf-798c-4632-a252-fc65b7b6fe9c', 'René', 'Sutter', 'info@dynamis.ch', '062 797 28 82', 'Genossenschaft Buchhandlung Dynamis', 'Luzernerstrasse 25, 4665 Oftringen, Aargau'),
('e9f8435b-ad84-4168-afad-ca7d448664d9', 'Peter', 'Michel', 'welcome@buddys-pub.ch', 'N.a.', 'Genossenschaft Buddy''s Pub', 'Blumenstrasse 7, 3800 Interlaken, Bern'),
('c13a4e51-d7ac-4a02-a3c7-7bcff3dbdbe2', 'Cornelia', 'Koch', 'vorstand@butia-tarasp.ch', '081 864 14 01', 'Genossenschaft Butia Tarasp', 'Fontana 8, 7553 Tarasp, Graubünden'),
('50843e35-774a-492c-830b-cedcd6d2b7ef', 'Thomas', 'Künzler', 't.kuenzler@caritas-markt.ch', '041 289 13 20', 'Genossenschaft Caritas-Markt', 'Mettenwilstrasse 18, 6203 Sempach, Luzern'),
('37112a4a-9149-444a-b47f-bec87a5b60a6', 'Marco', 'Britt', 'marco.britt@chraiehof.ch', '052 369 66 21', 'GENOSSENSCHAFT CHRAIEHOF', 'Flugplatzstrasse 13, 9506 Lommis, Thurgau'),
('2039b26a-9ebb-4689-a2e4-f85a93044c59', 'Ivo', 'Balmer', 'ivo.balmer@mietshaeusersyndikat.ch', '061 685 25 50', 'Genossenschaft Cohabitat', 'Bärenfelserstrasse 21, 4057 Basel, Basel-Stadt'),
('0c7e8841-7192-4659-a5e2-f33c3afcf1f8', 'Ursula', 'Lehmann', 'info@baufreunde.ch', '043 299 20 60', 'Genossenschaft der Baufreunde', 'Binzmühlestrasse 306, 8046 Zürich, Zürich'),
('ab0944dc-39e6-4fd5-83a6-4040857ecf29', 'Matthias', 'Hochrein', 'm.hochrein@pvow.ch', '041 660 79 67', 'Genossenschaft der Personalvorsorgekasse Obwalden (PVO)', 'Museumstrasse 3, 6061 Sarnen 1, Obwalden'),
('acfe8d4f-8111-475e-b502-07cfa4e44f4d', 'Fabian', 'Kaiser', 'info@frischlinge.ch', '044 524 35 24', 'Genossenschaft die frischlinge', 'Waffenplatzstrasse 49, 8002 Zürich, Zürich'),
('8b784b98-fd1c-4873-a847-15869f93b508', 'Bernhard', 'Brändli', 'info@dorflade-wahlendorf.ch', '031 829 11 76', 'Genossenschaft Dorflade Wahlendorf', 'Dorfstrasse 22, 3046 Wahlendorf, Bern'),
('6acda61c-f6bb-4dba-9f9f-45c590b56084', 'Hansruedi', 'Feuz-Doyon', 'info@dorfladen-frauenkappelen.ch', '033 823 23 50', 'Genossenschaft Dorfladen Gsteigwiler GDG', 'Moosmatte, 3814 Gsteigwiler, Bern'),
('a2945100-a6b2-449b-82a1-1c8d6e4bd035', 'Cäcilia', 'Spörri', 'info@dorfladen-koblenz.ch', '056 246 23 23', 'Genossenschaft Dorfladen Koblenz', 'Hinterdorfstrasse 12, 5322 Koblenz, Aargau'),
('c671a198-a8dd-4fb1-b9d6-4974b9c9d5c1', 'Peter', 'Wegmüller', 'info@chesi-rothenfluh.ch', '061 991 01 86', 'Genossenschaft Dorfladen Rothenfluh', 'Dübachweg 97, 4467 Rothenfluh, Basel-Land'),
('06cd8fbd-5168-4f0c-809f-58441eba3b8e', 'Sonja', 'Pfarrmaier', 'safien@dorflaeden-safiental.ch', '081 647 12 00', 'Genossenschaft Dorfläden Safiental', 'Talstrasse 42, 7107 Safien Platz, Graubünden'),
('438dde62-aa57-4c84-a7e0-f3cb412d039d', 'Rita', 'Christen', 'laden@dorfmarkt-zentrum.ch', '071 917 20 00', 'Genossenschaft Dorfmarkt Zentrum Tobel', 'Hauptstrasse 24, 9555 Tobel, Thurgau'),
('988217e4-7651-4c2a-b9af-15e1e6f067fa', 'Christof', 'Mattenberger', 'praesidium@dorfzentrum-affeltrangen.ch', '079 430 81 85', 'Genossenschaft Dorfzentrum Affeltrangen', 'Märwilerstrasse 3, 9556 Affeltrangen, Thurgau'),
('a22ca552-81c7-4258-aded-5d34e4fc3f18', 'Vittorio', 'Chiarini', 'chiarini@gmx.de', 'N.a.', 'Genossenschaft Dornacherstrasse Basel', 'Dornacherstrasse 28, 4053 Basel, Basel-Stadt'),
('7243e3aa-28f2-40cf-893d-91e475a282bb', 'Pascal', 'Kählin', 'admin@genossenschaftdreieck.ch', '044 242 03 01', 'Genossenschaft Dreieck', 'Gartenhofstrasse 27, 8004 Zürich, Zürich'),
('c94bb4f8-4cf9-4de8-9952-6fc13d7b9318', 'Albert', 'Schwarz', 'a.k.schwarz@bluewin.ch', 'N.a.', 'Genossenschaft Dröschschüür', 'Winkel 5, 8415 Berg am Irchel, Zürich'),
('71655843-39b4-4a88-a2c6-99f524de2ef6', 'Florian', 'Keller', 'florian.keller@genossenschaft1.ch', 'N.a.', 'Genossenschaft eins', 'Schlössliweg 8, 8200 Schaffhausen, Schaffhausen'),
('3ccc6cec-b8d2-4ccf-97ba-9b049f98334b', 'Mike', 'Surer', 'genossenschaft@eisenwerk.ch', '052 728 89 99', 'Genossenschaft Eisenwerk', 'Industriestrasse 23, 8500 Frauenfeld, Thurgau'),
('2bf3b7eb-b308-4d09-9d11-54ff304d2628', 'Sascha', 'Pfändler', 'elektraaugst@teleport.ch', '061 811 68 54', 'Genossenschaft Elektra Augst', '4302 Augst, Basel-Land'),
('8b1a8845-b842-43f4-abd7-d11ec2f880b1', 'Urs', 'Stuber', 'praesident@eawenergie.ch', '062 530 07 96', 'Genossenschaft Elektra Äusseres Wasseramt EAW', 'Bünackerweg 11, 4554 Etziken, Solothurn'),
('375426ba-e9fc-4ade-b133-46b2f4c544be', 'Raymond', 'Marley', 'r.marley@elektra-busslingen.ch', '056 496 11 06', 'genossenschaft elektra busslingen c/o Raymond Marley', 'Steinhaui 13, 5453 Remetschwil, Aargau'),
('d3e1bba1-ceec-4f4e-bf1d-eaa412c9d514', 'Marco', 'Giger', 'marco.giger@elektra-ehrendingen.ch', '056 200 55 24', 'Genossenschaft Elektra Ehrendingen', 'Freienwilerstrasse 3, 5420 Ehrendingen, Aargau'),
('b44d2225-ed8e-41ba-882e-87f2557781fe', 'Herbert', 'Jäggi', 'info@elektra-fislisbach.ch', '056 470 20 33', 'Genossenschaft ELEKTRA Fislisbach', 'Schulstrasse 1b, 5442 Fislisbach, Aargau'),
('2265a7bc-d028-4c05-a270-55bbe39b3240', 'Alfred', 'Hauert', 'alfred_hauert@bluewin.ch', '071 414 20 44', 'Genossenschaft Elektra Hatswil', '8580 Hefenhofen, Thurgau'),
('00fdf80f-b4a8-4471-9f75-a146e6e2d916', 'Martin', 'Jaggi', 'info@elektra-itingen.ch', '061 971 66 87', 'Genossenschaft Elektra Itingen', 'Dorfstrasse 7, 4452 Itingen, Basel-Land'),
('423444c7-a88e-4d6f-ab72-c89ed74297f3', 'Melanie', 'Lüdi', 'info@elektra-koppigen.ch', '034 413 19 00', 'Genossenschaft Elektra Koppigen-Willadingen', 'St. Niklausstrasse 1, 3425 Koppigen, Bern'),
('11427a67-f114-48be-b0ed-d726f56ae89c', 'Bruno', 'Dähler', 'bruno.daehler@elektra-neukirch.ch', '079 209 96 17', 'Genossenschaft Elektra Neukirch-Egnach c/o Bruno Dähler', 'Zellholz 5, 9315 Neukirch (Egnach), Thurgau'),
('77c27a60-139c-41a9-900a-2cfaddf13a57', 'André', 'Meier', 'a.meier@eor.ch', '056 496 60 21', 'Genossenschaft ELEKTRA Oberrohrdorf', 'Bergstrasse 8, 5452 Oberrohrdorf, Aargau'),
('6fe2d382-f68a-49fb-84f7-9a699c8d2c69', 'Roger', 'Burkhard', 'info@eoh.ch', '079 254 60 08', 'Genossenschaft ELEKTRA OEKINGEN HALTEN c/o Roger Burkhard', 'Kirchstrasse 14, 4566 Oekingen, Solothurn'),
('1a967385-5d37-4a61-8eea-a09ed4f87177', 'Roger', 'Boppart', 'info@elektra-rapperswil.ch', '032 677 16 96', 'Genossenschaft Elektra Rapperswil', 'Hauptstrasse 21, 4583 Mühledorf, Solothurn'),
('b76f2fa8-985e-469c-bf22-f68043bd7337', 'Ivan', 'Fust', 'info@elektra-roggwil-freidorf.ch', '079 536 83 77', 'Genossenschaft Elektra Roggwil-Freidorf', 'Rindenweidstrasse 10, 9325 Roggwil, Thurgau'),
('ea6214fb-73d9-4544-bbf6-7c2ae459a1c3', 'Hans', 'Hungerbühler', 'elektra@salmsach.ch', '079 361 65 55', 'Genossenschaft Elektra Salmsach', 'Arbonerstrasse 8, 8599 Salmsach, Thurgau'),
('019134e1-8348-486a-a5cd-65ebc8af5572', 'Walter', 'Welti', 'praesident@egsch.ch', '056 250 40 75', 'Genossenschaft Elektra Schneisingen c/o Walter Welti', 'Espistrasse 19, 5425 Schneisingen, Aargau'),
('87a1f0a3-154a-4f9f-a089-c0acf5a90f6a', 'Stephan', 'Jurt', 'stephan.jurt@elektra-sissach.ch', '061 975 00 23', 'Genossenschaft Elektra Sissach', 'Laimackerweg 3, 4450 Sissach, Basel-Land'),
('7aadba73-f522-4af1-af6a-81dcc0fea41e', 'Reto', 'Zeltner', 'r.zeltner@elektrathal.ch', '062 394 11 12', 'Genossenschaft Elektra Thal', 'Kleinfeldstrasse 3, 4713 Matzendorf, Solothurn'),
('d0c1a5ae-b62b-4f44-86fa-a51e0feb9c6d', 'Michel', 'Gasche', 'mgasche@elektra.ch', '031 763 31 31', 'Genossenschaft Elektra, Jegenstorf', 'Bernstrasse 40, 3303 Jegenstorf, Bern'),
('c100b556-de5f-4a74-9ff8-a722ba975773', 'Christian', 'Weber', 'info@ew-dozwil.ch', '071 410 22 27', 'Genossenschaft Elektrizitäts- und Wasserwerk Dozwil', 'Kesswilerstrasse 16, 8582 Dozwil, Thurgau'),
('0cb5f9e5-262b-407f-9a16-2fd6b72ee900', 'Arnold', 'Zurbriggen', 'arnold.zurbriggen@gmail.com', '079 213 42 13', 'Genossenschaft Elektrizitätsversorgung Saas-Grund c/o Zurbriggen Arnold', 'Dammstrasse 121, 3910 Saas-Grund, Wallis/Valais'),
('ed59025d-622c-4dbf-87ca-2ee21e60b0e1', 'Erwin', 'Waldvogel', 'verwaltung@ewraeterschen.ch', '052 363 18 68', 'Genossenschaft Elektrizitätswerk Räterschen EWR', 'St. Gallerstrasse 46, 8352 Elsau, Zürich'),
('1b7c613e-a398-4d8e-b254-bdaf197f8258', 'Marc', 'Bürgisser', 'info@emdwis.ch', '052 345 32 32', 'Genossenschaft Emdwis Lindau', 'Neuhofstrasse 8, 8315 Lindau, Zürich'),
('b6f89340-2bc5-409c-b381-f97fa4c6d673', 'Daniel', 'Bänziger', 'info@energie-fischingen.ch', '071 977 31 41', 'Genossenschaft Energie Fischingen', 'Schärlibachstrasse 10, 8374 Dussnang, Thurgau'),
('6396e6d0-b771-4a3b-8f2f-fd5f40820cab', 'Elmar', 'Hug', 'behug.moerschwil@bluewin.ch', 'N.a.', 'Genossenschaft Energie Mörschwil', 'Otmarstrasse 17, 9402 Mörschwil, St. Gallen'),
('3e57a373-b991-4f45-ab34-2d2858a36720', 'Manuel', 'Portmann', 'info@energiewillisau.ch', '041 970 34 68', 'Genossenschaft Energie Willisau c/o Manuel Portmann', 'Baumgärtli 16, 6130 Willisau, Luzern'),
('816ab7f7-9728-47c4-9ab0-a5519994bc21', 'Anton', 'Moser', 'info@biosphaeremarkt.ch', '041 482 88 88', 'Genossenschaft Entlebucher Kräuter', 'Bahnhofstrasse 42, 6162 Entlebuch, Luzern'),
('00a6cfdc-8a43-408e-aa2f-a8006812c8e7', 'Thomas', 'Böhner', 'epicerie79a@gmail.com', '032 342 13 05', 'Genossenschaft Epicerie 79a', 'Schützengasse 79a, 2502 Biel/Bienne, Bern'),
('3e2a4ef6-65f8-4b26-b740-edd19fd8943c', 'Urs', 'Hengartner', 'u.hengartner@ewmuenchwilen.ch', '071 969 44 44', 'Genossenschaft EW Münchwilen (EWM)', 'Im Zentrum 4, 9542 Münchwilen, Thurgau'),
('5c43db60-fe51-46ce-9be3-29ebe3e7ec37', 'Johann', 'van der Bie', 'vanderbie@ewromanshorn.ch', '071 466 70 83', 'Genossenschaft EW Romanshorn', 'Bankstrasse 6, 8590 Romanshorn, Thurgau'),
('7234d300-fc17-4549-8367-ee212c148d19', 'Johannes', 'Weisser', 'info@fab-a.ch', 'N.a.', 'Genossenschaft FAB-A', 'Rechbergerstrasse 1, 2501 Biel/Bienne, Bern'),
('4d81aa80-0a44-45f3-9de7-c8c2505fd861', 'Irene', 'Klieber', 'lreichmann@bluewin.ch', 'N.a.', 'Genossenschaft Falkenstein Rheinfelden', 'Rindergasse 2, 4310 Rheinfelden, Aargau'),
('061ef3a6-7387-4a43-a947-b8102dd4a565', 'Camilla', 'Steinböck', 'info@feuerwehrviktoria.ch', '077 430 05 59', 'Genossenschaft Feuerwehr Viktoria', 'Viktoriastrasse 70, 3013 Bern, Bern'),
('7b06dba8-5379-4643-a3b5-0eb7cc2db003', 'Michael', 'Werner', 'michi.werner@bluewin.ch', '079 445 63 22', 'Genossenschaft Fleisch und Wild Chläggi	c/o Michael Werner', 'Gewerbestrasse 9a, 8215 Hallau, Schaffhausen'),
('bc52f3c8-1688-463a-889c-6c7294012d01', 'Cornelia', 'Zimmerli', 'info@badi-entfelden.ch', '062 723 43 53', 'Genossenschaft Frei- und Hallenbad Entfelden', 'Grenzweg 33, 5036 Oberentfelden, Aargau'),
('4d1fef5a-ed41-472c-8020-d20b42f375a5', 'Hans-Rudolf', 'Kubli', 'fronalp@fronalp.ch', '055 612 10 12', 'Genossenschaft Fronalp', 'Hagnenstrasse 3, 8753 Mollis, Glarus'),
('4ac32c38-8b53-4ad7-b307-bd02886f90f5', 'Reto', 'Gasser', 'reto.gasser@2assistu.ch', '061 981 20 11', 'Genossenschaft für altersgerechtes Wohnen in Rickenbach BL (GAWO)', 'Landweg 5, 4462 Rickenbach, Basel-Land'),
('c92dc872-272e-4f56-a977-9c7e87fb7147', 'Regula', 'Egli-Stiefel', 'regula.egli@bluemail.ch', '044 918 29 92', 'Genossenschaft für Alterswohnungen', 'Chapfstrasse 92, 8126 Zumikon, Zürich'),
('c29c017f-4c11-43a8-96b4-02f779960891', 'Hermo', 'Caminada', 'info@alterswohnungen-baar.ch', '041 910 52 04', 'Genossenschaft für Alterswohnungen Baar', 'Sonnenweg 17, 6340 Baar, Zug'),
('88933cbe-46e0-4749-ae41-703dc86d6f17', 'Reto', 'Monsch', 'reto.monsch@alpharheintalbank.ch', '071 747 95 60', 'Genossenschaft für Alterswohnungen Berneck', 'Gemperenstrasse 4c, 9442 Berneck, St. Gallen'),
('bd86c7d9-76e7-4da8-8fef-b33f23706eb9', 'Werner', 'Blaser', 'blaser.werner@bluewin.ch', '071 371 20 79', 'Genossenschaft für Alterswohnungen Degersheim', 'Seeblickstrasse 2, 9113 Degersheim, St. Gallen'),
('f0687ad9-4b71-413f-b838-a942928a63f0', 'Christoph', 'Müller', 'awf.buchhaltung@bluewin.ch', '055 410 53 36', 'Genossenschaft Für Alterswohnungen Freienbach', 'Oberwacht 5, 8808 Pfäffikon, Schwyz'),
('191d8d4a-8eeb-4fdf-82dc-0dc6894c2d7d', 'Kurt', 'Hänggi', 'kurt@haenggi.com', '091 751 17 07', 'Genossenschaft für Alterswohnungen Stöckli', 'Blumentalstrasse 4, 8707 Uetikon am See, Zürich'),
('9ed04410-1b6d-46d4-83a9-661e1c74e0b2', 'Bruno', 'Gähwiler', 'info@zollerpartner.ch', '071 929 50 50', 'Genossenschaft für Alterswohnungen Wil', 'Marktgasse 3, 9500 Wil 1, St. Gallen'),
('d4f7a34e-831d-4b8d-b2ed-9c8aa65e5775', 'Esther', 'Keiser', 'esther.keiser@gewoba.ch', '041 740 05 25', 'Genossenschaft für gemeinnützigen Wohnungsbau', 'General-Guisan-Strasse 22, 6303 Zug, Zug'),
('1558d604-e7f1-41a9-840d-90e08cd4b0ba', 'Georg', 'Volz', 'volz@volzrecht.ch', 'N.a.', 'Genossenschaft für generationenübergreifendes Wohnen', 'Spitalgasse 4, 3011 Bern, Bern'),
('cdc47c89-f5bc-40db-b08f-b0b81638dde7', 'Werner', 'Näf', 'glbneckertal@bluewin.ch', '071 374 14 76', 'Genossenschaft für ländliches Bauen (GLB) Neckertal - Toggenburg', 'Aachsäge 1641, 9122 Mogelsberg, St. Gallen'),
('0cdfdde8-75eb-418c-b06d-79cfa80cf057', 'Danny', 'Freundlieb', 'danny@freundliebtennis.ch', '076 390 14 13', 'Genossenschaft Gasi', 'Industriestrasse 5, 8952 Schlieren, Zürich'),
('9d5cad80-8482-45f3-a81e-6d3bac327cef', 'Susanne', 'Reber', 'hebammen@maternitealpine.ch', '033 722 71 61', 'Genossenschaft Geburtshaus Simmental-Saanenland: Maternité Alpine', 'Eggetlistrasse 5a, 3770 Zweisimmen, Bern'),
('ac67603e-8aa3-4ea5-8266-970aab4fc620', 'Simon', 'Geiser', 'info@lunallena.ch', '031 332 36 00', 'Genossenschaft Gelateria Luna LLena', 'Scheibenstrasse 39, 3014 Bern, Bern'),
('d51c8224-dfbf-4bb0-9010-a9c8fbb9fa79', 'Niklaus', 'Eugster', 'eugster.n@bluemail.ch', '061 761 65 61', 'Genossenschaft Gemeindesiedlung Zwingen', 'August-Cueni-Strasse 19, 4222 Zwingen, Basel-Land'),
('2aecc052-0809-48a8-92f6-44e0a7e38367', 'Armin', 'Koller', 'info@seeberg.ch', '062 968 11 14', 'Genossenschaft GenerationenWohnenSeeberg', 'Kirchgasse 20, 3365 Seeberg, Bern'),
('4c5a7209-b36a-487f-8e3f-5edbc085975d', 'Jörg', 'Vitelli', 'info@gewona.ch', '061 515 07 15', 'Genossenschaft GEWONA NORD-WEST', 'Wartenbergstrasse 40, 4052 Basel, Basel-Stadt'),
('1e06e7f7-e725-457b-884e-aebf806be1fd', 'Martin', 'Klöti', 'martin.kloeti@glaernischtextil.ch', '079 405 69 33', 'Genossenschaft Glärnisch Textil', 'Holenstein 7, 8750 Glarus, Glarus'),
('049924be-d651-4beb-b2e7-4d24bd049ecb', 'Iris', 'Ganz', 'i@irisganz.ch', '061 271 08 62', 'Genossenschaft Grenze', 'Elsässerstrasse 248, 4056 Basel, Basel-Stadt'),
('0744f11c-33cd-4f36-acee-b09ce4150a35', 'Jürg', 'Berchtold', 'lottiwinzeler@gmx.ch', 'N.a.', 'Genossenschaft Grüne Linde', 'Webergasse 18, 8200 Schaffhausen, Schaffhausen'),
('89165657-7cd9-4667-bffb-afff6073c6ef', 'Karin', 'Müller', 'gpsh@hin.ch', '034 427 28 28', 'Genossenschaft Gruppenpraxis Sigristenhaus Heimiswil', 'Oberdorf 3, 3412 Heimiswil, Bern'),
('dae10411-5f95-4ac0-8fce-afdbbe5ad946', 'Christoph', 'Maeder', 'macmaeder@gmail.com', '071 288 44 90', 'Genossenschaft Habilon', 'Cunzstrasse 21, 9016 St. Gallen, St. Gallen'),
('dd7ea5b9-b925-49ef-ad03-fa256f7fbee2', 'Mary Anne', 'Novell', 'mail@halenladen.ch', '031 301 00 39', 'Genossenschaft HalenLaden', 'Siedlung Halen 36a, 3037 Herrenschwanden, Bern'),
('3e6ab612-137d-42fc-8c9c-10a1f10b85c8', 'Harry', 'Kramis', 'h.kramis@hammer.ch', '044 419 91 51', 'Genossenschaft Hammer', 'Binzstrasse 9, 8045 Zürich, Zürich'),
('2d52a267-a21d-4da3-96ea-83d5b17bcedc', 'Annina', 'Zimmermann', 'info@oslo-ateliers.ch', 'N.a.', 'Genossenschaft Haus Oslo Ateliers', 'Oslostrasse 10, 4142 Münchenstein, Basel-Land'),
('9bfcb6ea-344b-4e60-8d04-1359ef302bc6', 'Regula', 'Kuhn', 'info@heimatwerk-haslital.ch', '033 971 33 76', 'Genossenschaft Heimatwerk Haslital', 'Rudenz 10, 3860 Meiringen, Bern'),
('336ecd3f-0fa8-4ab9-ade3-df672cb3d51c', 'Markus Antonius', 'Wigger', 'info@herzetappe10.ch', '077 411 72 32', 'Genossenschaft Herzetappe 10', 'Hermetschloostrasse 70, 8048 Zürich, Zürich'),
('1240e90c-d984-4103-b395-d5e74f196f6d', 'Boris', 'Deister', 'boris.deister@geho.ch', '044 350 09 23', 'Genossenschaft Hofgarten', 'Maneggplatz 34, 8041 Zürich, Zürich'),
('f0ac81e3-bebb-4a24-adf6-4c68f8a728ce', 'Barbara', 'Moser-Tschirren', 'moser_tschirren@bluewin.ch', '032 389 18 49', 'Genossenschaft Hofgemeinschaft Flue', 'Flue 2, 3257 Grossaffoltern, Bern'),
('3030578b-5867-4be2-80bb-8df6476a2a3a', 'Andreas', 'Neuenschwander', 'info@hohgant-kaeserei.ch', '034 493 31 72', 'Genossenschaft Hohgant-Käserei c/o Anton Reber', 'Schmittli, 6197 Schangnau, Bern'),
('97bd96ce-c90d-4fe3-ae0b-533c64acfa6c', 'Christoph', 'Moser', 'post@holzlabor.org', '052 336 17 78', 'Genossenschaft Holzlabor', 'Tösstalstrasse 86, 8400 Winterthur, Zürich'),
('7e53a2ad-3ff4-48ac-b3e8-db407483f5d6', 'Gerhard', 'Fischer', 'bistro@im-chruez.ch', '041 910 17 13', 'Genossenschaft im Chrüz', 'Unterdorfstrasse 1, 6276 Hohenrain, Luzern'),
('08536b11-1e4a-4457-9854-c854329ddd0c', 'Andrea Rosmarie', 'Schuppli', 'andrea.schuppli@gmx.ch', 'N.a.', 'Genossenschaft im Neusatz', 'Mattenstrasse 6, 8212 Neuhausen am Rheinfall, Schaffhausen'),
('31be59d9-67ed-464e-8f9a-72f89b48f403', 'Susanne', 'Peretti', 'susanne.peretti@spilhoefler.ch', '044 200 17 50', 'Genossenschaft Im Spilhöfler', 'Im Spilhöfler 2a, 8142 Uitikon Waldegg, Zürich'),
('284dab49-0826-4ab8-a5f1-857d5433e32c', 'Daniel', 'Stern', 'woz@woz.ch', '044 448 14 14', 'Genossenschaft Infolink WOZ Die Wochenzeitung', 'Hardturmstrasse 66, 8031 Zürich, Zürich'),
('e3b33d39-7a2a-4bce-9110-f337c042efbd', 'Valérie Anouk', 'Clapasson', 'valerie.clapasson@kalkbreite.net', '043 317 17 22', 'Genossenschaft Kalkbreite', 'Kalkbreitestrasse 2, 8003 Zürich, Zürich'),
('4353f489-cf87-49b0-921b-a487c3b288de', 'Peter', 'Achermann', 'peter.achermann@kammgarn.ch', '052 624 01 40', 'Genossenschaft Kammgarn-Beiz', 'Baumgartenstrasse 19, 8200 Schaffhausen, Schaffhausen'),
('312beba4-3668-4c49-96be-b00c1c7c8221', 'Silvan', 'Müggler', 'info@karthago.ch', '044 463 87 94', 'Genossenschaft Karthago', 'Zentralstrasse 150, 8003 Zürich, Zürich'),
('1e880994-5806-46d8-943d-7c901891fea1', 'Florian', 'Schällibaum', 'info@kinopasserelle.ch', '071 988 60 50', 'Genossenschaft Kino Passerelle Wattwil', 'Stutz 55, 9630 Wattwil, St. Gallen'),
('160f8fcd-c024-49cd-ab56-31f86d5db393', 'Cäcilia', 'Küng', 'info@kino-heiden.ch', '071 891 36 36', 'Genossenschaft Kino Rosental Heiden', 'Schulhausstrasse 9, 9410 Heiden, Appenzell Ausserrhoden'),
('65d7b64e-14de-4347-9a6e-49a89dc2183f', 'Lukas', 'Bieri', 'info@konzertundtheater.ch', '071 242 05 05', 'Genossenschaft Konzert und Theater St.Gallen', 'Museumstrasse 2/24, 9004 St. Gallen, St. Gallen'),
('4345eb97-8c58-4606-8f1b-83c953da697f', 'Bernd', 'Austermann', 'bernd.austermann@korn.haus', '071 995 55 95', 'Genossenschaft KORN.HAUS', 'Schwalbenstrasse 7, 8374 Dussnang, Thurgau'),
('0390fafd-32e8-46dc-b6e7-08805ff14620', 'Josef', 'Andres', 'info@slkk.ch', '044 368 70 30', 'Genossenschaft KRANKENKASSE SLKK', 'Hofwiesenstrasse 370, 8050 Zürich, Zürich'),
('6b73aacc-51d1-4052-9c95-a4aafcb589e7', 'Curdin', 'Meng', 'vermietung@krempel.ch', '081 756 50 10', 'Genossenschaft Krempel', 'Wiedenstrasse 48, 9470 Buchs, St. Gallen'),
('bac9ae7a-08a9-42cd-93a5-9242fdf26dfa', 'Felix', 'Epper', 'kreuz@solnet.ch', '032 622 20 20', 'Genossenschaft Kreuz', 'Kreuzgasse 4, 4500 Solothurn, Solothurn'),
('22932127-07aa-4a5d-a981-8a2665a9efe4', 'Jan Marc', 'Kalbermatten', 'immobilien@treuhandtis.ch', 'N.a.', 'Genossenschaft KUKUZ', 'Morgenstrasse 70, 3018 Bern, Bern'),
('55e7d77d-4337-4ed9-a2f0-890efa168df7', 'Christa', 'Debrunner', 'info@kulmsolar.ch', '062 776 14 86', 'Genossenschaft kulmsolar', 'Hauptstrasse 22, 5726 Unterkulm, Aargau'),
('2970b31e-37ea-4268-92f2-508e450ea6ed', 'Jannis', 'Suter', 'haus@roesslistaefa.ch', '044 926 10 21', 'Genossenschaft Kultur-Haus Rössli', 'Bahnhofstrasse 1, 8712 Stäfa, Zürich'),
('df1d12a2-fdae-4cc2-b02d-baf9d504bfec', 'Manfred', 'Schneider-Stäuber', 'info@kurwerk.ch', '034 427 05 05', 'Genossenschaft KurWerk - Praxisgemeinschaft Psychotherapie und Psychiatrie Burgdorf', 'Poststrasse 9, 3400 Burgdorf, Bern'),
('6e2b43da-1bb2-46d8-aabb-071c6c9a5dc2', 'Sascha', 'Gelbhaus', 'sascha.gelbhaus@laebesgarte.ch', '032 671 67 01', 'Genossenschaft Läbesgarte', 'Schachenstrasse 5, 4562 Biberist, Solothurn'),
('ddbae632-144f-4992-b0b6-94dedc275e5c', 'Beatrice', 'Stoffel', 'b.stoffel@bluewin.ch', '079 654 91 70', 'Genossenschaft Lebensraum Belmont', 'Oberdorfweg 4, 3812 Wilderswil, Bern'),
('426379ee-6beb-4929-b9e8-fc9c36b82875', 'René', 'Schläppi', 'info@lenkbergbahnen.ch', '033 736 30 30', 'Genossenschaft Lenk Bergbahnen', 'Badstrasse 1, 3775 Lenk im Simmental, Bern'),
('b25a1945-3a74-43b0-b266-4891a9fc4597', 'Matthias', 'Gut', 'matthias.gut@lkwg.ch', '043 422 40 70', 'Genossenschaft Licht- und Kraftwerke Glattfelden', 'Dorfstrasse 123, 8192 Glattfelden, Zürich'),
('6ae51f5c-1a31-4862-8cf5-88f58913cbc6', 'Beatrice', 'Lüscher', 'info@lindenmuehlebio.ch', '052 317 29 33', 'Genossenschaft Lindenmühle', 'Landstrasse 39, 8450 Andelfingen, Zürich'),
('2ca60785-6d18-4c2d-bf67-2ccd510aad19', 'Amelie', 'Böing', 'zeitreist@gmail.com', 'N.a.', 'Genossenschaft Living Lab', 'Quartiergasse 29, 3013 Bern, Bern'),
('1d169707-70e8-4eb1-b05d-a05fed1af811', 'Walter', 'Wiedmer', 'walter.wiedmer@rothpletz.ch', '031 921 60 36', 'Genossenschaft Lutertalpark', 'Stockerenstrasse 21, 3065 Bolligen, Bern'),
('7b4b08a7-34b6-492d-894f-d14332669f11', 'Christian', 'Schmid', 'info@maeritladen.ch', '031 961 01 10', 'Genossenschaft Märit-Laden Wabern', 'Seftigenstrasse 208, 3084 Wabern, Bern'),
('9a406894-3cf3-4c8f-9e50-88ee96fbea83', 'Ivo', 'Balmer', 'kontakt@mietshaeusersyndikat.ch', 'N.a.', 'Genossenschaft Mietshäuser Syndikat Basel', 'Kaltbrunnenstrasse 35, 4054 Basel, Basel-Stadt'),
('3a6aa428-fc5f-4baf-8adf-ecd93c8e5eec', 'Markus', 'Loosli', 'info@bernaqua.ch', '031 556 95 95', 'Genossenschaft Migros  Aare', 'Industriestrasse 20, 3321 Schönbühl, Bern'),
('9a6cdc1d-b104-4cd3-be43-4906679c09d1', 'Reto', 'Sopranetti', 'media@migrosaare.ch', '058 565 87 08', 'Genossenschaft Migros Aare', 'Industriestrasse 20, 3321 Schönbühl, Bern'),
('1ade9531-273b-42a8-b523-29b3fb98affc', 'Anita', 'Weckherlin', 'medien@migrosbasel.ch', '058 575 55 55', 'Genossenschaft Migros Basel', 'Ruchfeldstrasse 15, 4142 Münchenstein, Basel-Land'),
('639c01f6-0692-44db-a362-fd2638fad294', 'Martin', 'Lutz', 'medien@gmos.ch', '058 712 24 57', 'Genossenschaft Migros Ostschweiz', 'Industriestrasse 47, 9201 Gossau, St. Gallen'),
('1615aa9f-6784-4e25-ad91-ec397aa6b55c', 'Jörg', 'Blunschi', 'medienstelle@gmz.migros.ch', '058 561 57 34', 'Genossenschaft Migros Zürich', 'Pfingstweidstrasse 101, 8005 Zürich, Zürich'),
('a50138b4-e169-4f16-8604-7d218afff681', 'Daniele', 'Di Giacinto', 'digiacinto@mlzd.ch', '032 323 04 72', 'Genossenschaft Mlzd Architekten', 'Alleestrasse 25, 2503 Biel/Bienne, Bern'),
('b08dba2f-2487-4c5a-8ebe-06ecc3c03da2', 'Jürg', 'Romang', 'info@molkerei-gstaad.ch', '033 744 11 15', 'Genossenschaft Molkerei Gstaad', 'Lauenenstrasse 24, 3780 Gstaad, Bern'),
('4339ff8e-8d7b-4baa-a662-8264070833cf', 'Conrad', 'Schneider', 'conrad.schneider@baumotor.ch', 'N.a.', 'Genossenschaft Mülibach Andelfingen', 'Obermühlestrasse 11, 8450 Andelfingen, Zürich'),
('8e70a8d6-3813-4fa9-8cae-84fa9efd727f', 'Céline', 'Kuleli', 'verwaltung@narcissejaune-biel.ch', '032 341 02 28', 'Genossenschaft Narcisse Jaune', 'Narzissenweg 29, 2504 Biel/Bienne, Bern'),
('e44209dc-47a9-42d6-bed7-db2060cd6b6a', 'Michael', 'Nötzli', 'michael.noetzli@neubuehl.ch', '044 482 15 21', 'Genossenschaft Neubühl', 'Nidelbadstrasse 79, 8038 Zürich, Zürich'),
('c2a12391-d355-4cd2-995f-bdc872d2b3e1', 'Paul', 'Weibel', 'weibelgo@bluewin.ch', 'N.a.', 'Genossenschaft Neumühle Goldach', 'Sägestrasse 4, 9403 Goldach, St. Gallen'),
('588b27fe-fea3-4e82-81e8-1af5a63d5bde', 'Manuel', 'Altorfer', 'offkollektiv@gmail.com', 'N.a.', 'Genossenschaft Off', 'Offenburgerstrasse 59, 4057 Basel, Basel-Stadt'),
('059e86e9-11ce-46df-99e3-e41e14116066', 'Heidemarie', 'Buttler', 'info@sennrueti.ch', '071 370 02 53', 'Genossenschaft Ökodorf Sennrüti', 'Sennrütistrasse 23, 9113 Degersheim, St. Gallen'),
('40b46f8d-a7f0-4fdd-9ca4-3669ef9f2d96', 'Christine', 'Bolt', 'christine.bolt@olma-messen.ch', '071 242 01 31', 'Genossenschaft Olma Messen St.Gallen', 'Splügenstrasse 12, 9008 St. Gallen, St. Gallen'),
('f4bf4421-02ff-4c66-b6fb-43439315a094', 'Luzia', 'Grüter', 'solothurn@optima-solar.ch', '032 623 08 71', 'Genossenschaft OPTIMA-SOLAR Solothurn', 'Berntorstrasse 10, 4502 Solothurn, Solothurn'),
('a3c46aab-82ec-4fb6-bb2f-119df1092823', 'Othmar', 'Geisser', 'worblental@optima-solar.ch', '079 822 12 85', 'Genossenschaft OPTIMA-SOLAR Worblental c/o Othmar Geisser', 'Unterer Strassackerweg 19, 3067 Boll, Bern'),
('b43fef32-a34e-4b06-9a47-cd4403268216', 'Renate', 'Kuhn', 'renata.kuhn@bluewin.ch', 'N.a.', 'Genossenschaft Permakultur Allmen', 'Schafbüchelstrasse 12, 9642 Ebnat-Kappel, St. Gallen'),
('2dcb0cc9-7809-4a38-98d3-665685b90c20', 'Thomas', 'von Atzigen', 'sagi@sagi-samstagern.ch', '044 785 07 79', 'Genossenschaft Pro Sagi Samstagern', 'Chrummbächliweg 27, 8805 Richterswil, Zürich'),
('81eb9007-3640-4231-8001-19be71da4b03', 'Nina', 'Steiger', 'info@pfaffhuesli.ch', '044 533 88 38', 'Genossenschaft Quartierladen Pfaffhausen', 'Geerenstrasse 1b, 8118 Pfaffhausen, Zürich'),
('db6dcfb8-e9cf-436d-8aed-c4e08c2b7524', 'Thomas', 'Schweisser', 'genossenschaft@regiochaesi.ch', '041 980 64 67', 'Genossenschaft Regio Chäsi Willisau', 'Dorf, 6217 Kottwil, Luzern'),
('6e0192e8-e78e-4ba1-95de-ceaa6e129987', 'Franco', 'Graf', 'fgraf@tannzapfenland.ch', '071 969 12 01', 'Genossenschaft Regionales Alterszentrum Tannzapfenland', 'Rebenacker 4, 9542 Münchwilen, Thurgau'),
('f8bf7a95-a6c1-480e-8589-7fdec975cfd6', 'Julia', 'Biaggi', 'info@brasserie-lorraine.ch', '031 332 39 29', 'Genossenschaft Restaurant Brasserie Lorraine', 'Quartiergasse 17, 3013 Bern, Bern'),
('1f5fe952-7bfc-4ac5-be00-5c79832875dd', 'Peter', 'Bochsler', 'post@hahnbasel.ch', '061 525 12 51', 'Genossenschaft Restaurant Hahn Basel', 'Hammerstrasse 76, 4057 Basel, Basel-Stadt'),
('8b65f207-b492-4980-a5b5-5e6e299e6602', 'Philippe', 'Werfeli', 'verwaltung@rothuswies.ch', '044 920 02 06', 'Genossenschaft Rothus-Wies', 'Asylstrasse 46, 8708 Männedorf, Zürich'),
('1671a7b4-eb3c-44a7-b5fd-d1fbdf4d89ea', 'Priska', 'Bruggisser', 'info@runa.ch', 'N.a.', 'Genossenschaft Runa', 'Belchenweg 2, 5742 Kölliken, Aargau'),
('0b1286e5-2819-4a3a-9ae2-d76776aa4cf7', 'Michael', 'Oettli', 'info@rysolarplus.ch', '052 244 04 60', 'Genossenschaft Rysolar Plus c/o Kantonsschule Rychenberg', 'Rychenbergstrasse 110, 8400 Winterthur, Zürich'),
('d94b6d6b-57df-4c68-a343-6e98c2a66b6e', 'Walter', 'Achermann', 'walterachermann@bluewin.ch', '043 466 50 18', 'Genossenschaft Säulistrom', 'Rigiblickstrasse 7b, 8915 Hausen am Albis, Zürich'),
('7f0b92fb-9295-42fe-bb87-597f2508b983', 'Marianne', 'Vonäsch-Rentsch', 'schlemmersberg@bluewin.ch', '052 624 24 44', 'Genossenschaft schlEmmersberg', 'Kamorstrasse 5, 8200 Schaffhausen, Schaffhausen');

INSERT INTO leads (id, contact_id, source, status, value, notes) VALUES
('e9047ce8-8c82-4ea7-8f7d-a194b136c142', '59113574-3f21-401c-ad5e-3ace763a1a31', 'KALTAKQUISE', 'ACTIVE', 0, 'Funktion: Geschäftsführer/in (CEO) | Mitarbeiter: 1 bis 10 | Branche: Family Offices / Immobilienvermittlung / Immobilienprojektentwicklung / Private Equity & Venture Capital Firmen | Rechtsform: Aktiengesellschaft'),
('44de2d88-51a2-44a8-b671-4ef0124b7f84', '236f920e-4a4b-491c-9c3b-1dff01e135ba', 'KALTAKQUISE', 'ACTIVE', 0, 'Funktion: Geschäftsführer/in (CEO) | Mitarbeiter: 1 bis 10 | Branche: Druckereibetriebe'),
('7d37e8bd-21c6-408e-89b8-6e2e5be1b9bb', 'a55f2048-1f40-45b0-9e77-28fd353d7eba', 'KALTAKQUISE', 'ACTIVE', 0, 'Funktion: Geschäftsführer/in (CEO) | Mitarbeiter: 21 bis 50 | Branche: Apotheken & Drogerien'),
('89167a31-573a-4fa2-bc9c-92b324d3e9c0', '84660a7a-e824-4b79-ae48-1500270cdb40', 'KALTAKQUISE', 'ACTIVE', 0, 'Funktion: Geschäftsführer/in (CEO) | Mitarbeiter: 1 bis 10 | Branche: Energieindustrie / Nachhaltigkeitsbereich / Solar & Photovoltaik | Rechtsform: Aktiengesellschaft'),
('ac53db03-1e6b-46af-bc88-2c02ecc81064', '132e0c04-69ad-47db-bfad-fd8f20ff8677', 'KALTAKQUISE', 'ACTIVE', 0, 'Funktion: Geschäftsführer/in (CEO) | Mitarbeiter: 1 bis 10 | Branche: Energieindustrie / Nachhaltigkeitsbereich | Rechtsform: Genossenschaft'),
('58e430de-11d0-4767-abe4-77b6550cd91b', 'f4bd8099-4018-4428-a871-01447fbde981', 'KALTAKQUISE', 'ACTIVE', 0, 'Funktion: Geschäftsführer/in (CEO) | Mitarbeiter: 1 bis 10 | Branche: Wohnbaugenossenschaften | Rechtsform: Genossenschaft'),
('059e9328-fc84-4f97-8882-c27a320884e5', '7a00c1bd-b7c6-4ea1-8300-c38d6b8e8d85', 'KALTAKQUISE', 'ACTIVE', 0, 'Funktion: Geschäftsführer/in (CEO) | Mitarbeiter: 1 bis 10 | Branche: Wohnbaugenossenschaften'),
('bc5cc87a-51c7-467c-9e72-f90488bbf172', 'd1990089-1c87-4657-b4dc-43e43e1194f3', 'KALTAKQUISE', 'ACTIVE', 0, 'Funktion: Geschäftsführer/in (CEO) | Mitarbeiter: 1 bis 10 | Branche: Berg- & Seilbahnen'),
('052dbb63-6e02-4541-942d-2a88b22360c4', 'bfd4a916-1705-4793-b360-5da2ac0c926b', 'KALTAKQUISE', 'ACTIVE', 0, 'Funktion: Geschäftsführer/in (CEO) | Mitarbeiter: 11 bis 20 | Branche: Berg- & Seilbahnen'),
('ba58c061-9326-4342-b156-0f17e716f815', 'b4b548ad-d6f1-4e72-9d7c-37dc60fb3b66', 'KALTAKQUISE', 'ACTIVE', 0, 'Funktion: Geschäftsführer/in (CEO) | Mitarbeiter: 1 bis 10 | Branche: Treuhandbüros | Rechtsform: Genossenschaft'),
('7c5cba74-6978-4164-9b30-e0909a90059d', '8d4970ca-5039-4480-9ea7-d93eae141cd0', 'KALTAKQUISE', 'ACTIVE', 0, 'Funktion: Geschäftsführer/in (CEO) | Mitarbeiter: 1 bis 10 | Branche: Wohnbaugenossenschaften | Rechtsform: Genossenschaft'),
('23b58e70-a36c-4f53-a7d5-1c641693081f', '9929c493-50fb-4bd7-a73f-bb2715219f91', 'KALTAKQUISE', 'ACTIVE', 0, 'Funktion: Geschäftsführer/in (CEO) | Mitarbeiter: 11 bis 20 | Branche: Lebensmittelverarbeitung | Rechtsform: Genossenschaft'),
('ad61f58a-d8ac-40c7-8901-6b60f28335ad', 'cfc7e412-0587-4202-8d56-699223974fc6', 'KALTAKQUISE', 'ACTIVE', 0, 'Funktion: Geschäftsführer/in (CEO) | Mitarbeiter: 1 bis 10 | Branche: Wohnbaugenossenschaften | Rechtsform: Genossenschaft'),
('4311dd50-47dc-4774-9db8-f1192205f71c', 'e8fc349e-040e-4be3-a476-f02af775e7b2', 'KALTAKQUISE', 'ACTIVE', 0, 'Funktion: Geschäftsführer/in (CEO) | Mitarbeiter: 11 bis 20 | Branche: Wohnbaugenossenschaften | Rechtsform: Genossenschaft'),
('4c102170-fa4b-4dcd-acfe-577352dae72f', '0287b9b1-6e76-4063-9afb-63bb14f9b5bf', 'KALTAKQUISE', 'ACTIVE', 0, 'Funktion: Geschäftsführer/in (CEO) | Mitarbeiter: 21 bis 50 | Branche: Heime beeintr. Personen | Rechtsform: Genossenschaft'),
('1f8f9706-8527-4cb3-92f6-d60ef6b6993a', '0064597a-3d90-469d-b90f-1582b371de77', 'KALTAKQUISE', 'ACTIVE', 0, 'Funktion: Geschäftsführer/in (CEO) | Mitarbeiter: 1 bis 10 | Branche: Wohnbaugenossenschaften | Rechtsform: Genossenschaft'),
('fd1693b1-3081-4d17-983d-559204de17e7', '641cbad1-25f1-4b85-abed-bb9a8b6a2e09', 'KALTAKQUISE', 'ACTIVE', 0, 'Funktion: Geschäftsführer/in (CEO) | Mitarbeiter: 21 bis 50 | Branche: Alters- & Pflegeheime | Rechtsform: Genossenschaft'),
('e71ace47-39e3-468f-9c80-ab1a8f1ca685', '983c2bb9-47a3-44c9-b976-637f25d345d1', 'KALTAKQUISE', 'ACTIVE', 0, 'Funktion: Geschäftsführer/in (CEO) | Mitarbeiter: 21 bis 50 | Branche: Alters- & Pflegeheime | Rechtsform: Genossenschaft'),
('69e691c9-34fc-40ac-85c8-bd9bf6082e02', '7351b51f-a5cc-4124-8b5d-5f9c456ece61', 'KALTAKQUISE', 'ACTIVE', 0, 'Funktion: Geschäftsführer/in (CEO) | Mitarbeiter: 51 bis 100 | Branche: Alters- & Pflegeheime | Rechtsform: Genossenschaft'),
('3b13e879-c289-4a52-a6f5-e7f10230d4bf', 'e47871da-429b-4608-9bae-7711fce1d05f', 'KALTAKQUISE', 'ACTIVE', 0, 'Funktion: Geschäftsführer/in (CEO) | Mitarbeiter: 1 bis 10 | Branche: Wohnbaugenossenschaften | Rechtsform: Genossenschaft'),
('b7065900-30f3-42c1-847c-f05812edd5fa', '37af56ae-54ca-4c71-ac9f-bda0e68afd19', 'KALTAKQUISE', 'ACTIVE', 0, 'Funktion: Geschäftsführer/in (CEO) | Mitarbeiter: 51 bis 100 | Branche: Alters- & Pflegeheime | Rechtsform: Genossenschaft'),
('955cd89a-e53f-4416-9f58-4c2f118df84c', '9cdc14dd-2579-4303-8e09-aaac52679960', 'KALTAKQUISE', 'ACTIVE', 0, 'Funktion: Geschäftsführer/in (CEO) | Mitarbeiter: 11 bis 20 | Branche: Wohnbaugenossenschaften | Rechtsform: Genossenschaft'),
('067f8b65-3947-48bb-b27c-dca76c43eae6', 'dcab3407-39a0-4f2f-b0a7-ad60726abd62', 'KALTAKQUISE', 'ACTIVE', 0, 'Funktion: Geschäftsführer/in (CEO) | Mitarbeiter: 1 bis 10 | Branche: Wohnbaugenossenschaften'),
('bc94354b-ec29-4ba2-bf63-d0a1d2b3d97f', '039ec568-26b3-4952-bc56-782edc18323f', 'KALTAKQUISE', 'ACTIVE', 0, 'Funktion: Geschäftsführer/in (CEO) | Mitarbeiter: 1 bis 10 | Branche: Wohnbaugenossenschaften'),
('a8cec162-b415-4572-a8fb-d7ebd006cc8d', 'fde06448-d6dd-46fd-ac61-ce3416689a53', 'KALTAKQUISE', 'ACTIVE', 0, 'Funktion: Geschäftsführer/in (CEO) | Mitarbeiter: 1 bis 10 | Branche: Wohnbaugenossenschaften | Rechtsform: Genossenschaft'),
('706423cc-7b3b-4075-9409-9ec1e94d6fd6', '020181ca-f8d4-4571-bed3-f40e4c3622af', 'KALTAKQUISE', 'ACTIVE', 0, 'Funktion: Geschäftsführer/in (CEO) | Mitarbeiter: 1 bis 10 | Branche: Wohnbaugenossenschaften'),
('ad6642bd-f1dd-492e-bacf-9a70f460b23f', '99b64703-f3ea-43ad-9bee-a37652877041', 'KALTAKQUISE', 'ACTIVE', 0, 'Funktion: Geschäftsführer/in (CEO) | Mitarbeiter: 1 bis 10 | Branche: Wohnbaugenossenschaften | Rechtsform: Genossenschaft'),
('bf2d9377-e9f8-47a9-980f-e567ba252b36', '2ce38f99-6ac7-4a08-83b2-522e82bb5820', 'KALTAKQUISE', 'ACTIVE', 0, 'Funktion: Geschäftsführer/in (CEO) | Mitarbeiter: 1 bis 10 | Branche: Wohnbaugenossenschaften | Rechtsform: Genossenschaft'),
('27e90918-0512-435b-86c4-e66b4e68bc85', 'bdaf3d13-f297-45bb-b848-f7ce35991772', 'KALTAKQUISE', 'ACTIVE', 0, 'Funktion: Geschäftsführer/in (CEO) | Mitarbeiter: 1 bis 10 | Branche: Wohnbaugenossenschaften | Rechtsform: Genossenschaft'),
('091d455e-f827-4e49-8a9a-50540ff74f70', '086398d7-b46a-4074-a8bd-5db28314fd90', 'KALTAKQUISE', 'ACTIVE', 0, 'Funktion: Geschäftsführer/in (CEO) | Mitarbeiter: 1 bis 10 | Branche: Wohnbaugenossenschaften'),
('172d828b-f727-4cb8-a3ac-b3256e128011', 'ca95c02f-2508-477f-8a31-897cae9f4130', 'KALTAKQUISE', 'ACTIVE', 0, 'Funktion: Geschäftsführer/in (CEO) | Mitarbeiter: 21 bis 50 | Branche: Alters- & Pflegeheime | Rechtsform: Genossenschaft'),
('9e94e189-e11e-4c58-a2cf-dd6c9dffd11a', 'bc0ca331-1d88-411a-83e9-8060938a8f7d', 'KALTAKQUISE', 'ACTIVE', 0, 'Funktion: Geschäftsführer/in (CEO) | Mitarbeiter: 1 bis 10 | Branche: Wohnbaugenossenschaften | Rechtsform: Genossenschaft'),
('fec5e0e7-2638-4233-ad7b-898d822a2b60', '79bc31f0-8941-4b3e-ae88-87086195bd9d', 'KALTAKQUISE', 'ACTIVE', 0, 'Funktion: Geschäftsführer/in (CEO) | Mitarbeiter: 101 bis 500 | Branche: Alters- & Pflegeheime | Rechtsform: Genossenschaft'),
('a6b87f8e-6d01-4169-87ad-880410d205a0', '23b54496-41b0-4950-9658-230fffa9d46b', 'KALTAKQUISE', 'ACTIVE', 0, 'Funktion: Geschäftsführer/in (CEO) | Mitarbeiter: 1 bis 10 | Branche: Wohnbaugenossenschaften | Rechtsform: Genossenschaft'),
('101f1ebe-4e15-4a5c-be1b-7d2a2c15d95b', 'fa5baf27-2b72-4bee-b1bb-c1a689b2e69e', 'KALTAKQUISE', 'ACTIVE', 0, 'Funktion: Geschäftsführer/in (CEO) | Mitarbeiter: 1 bis 10 | Branche: Wohnbaugenossenschaften | Rechtsform: Genossenschaft'),
('acfb73bc-c300-4f1c-b060-03aad754c4e4', '4c146752-4e03-4e07-bd29-0122968ac695', 'KALTAKQUISE', 'ACTIVE', 0, 'Funktion: Geschäftsführer/in (CEO) | Mitarbeiter: 1 bis 10 | Branche: Wohnbaugenossenschaften'),
('82014b80-c2bc-4cfc-946b-adadb65216c2', '603c528f-aab2-42ba-93a9-f8651b7bd0df', 'KALTAKQUISE', 'ACTIVE', 0, 'Funktion: Geschäftsführer/in (CEO) | Mitarbeiter: 11 bis 20 | Branche: Wohnbaugenossenschaften'),
('79b437ba-0648-4b09-a71f-fba20392cb2d', '197b3e21-32c7-4a34-9b3f-6233463563aa', 'KALTAKQUISE', 'ACTIVE', 0, 'Funktion: Geschäftsführer/in (CEO) | Mitarbeiter: 1 bis 10 | Branche: Wohnbaugenossenschaften | Rechtsform: Genossenschaft'),
('5cfcf56c-50f7-4b85-a645-855f5b9b0c3e', '040197e0-5607-42d4-a078-963da419bece', 'KALTAKQUISE', 'ACTIVE', 0, 'Funktion: Geschäftsführer/in (CEO) | Mitarbeiter: 1 bis 10 | Branche: Wohnbaugenossenschaften | Rechtsform: Genossenschaft'),
('d5e30eae-9d60-4e01-858c-ebeeebda5f86', 'c61cc51e-ae15-4f9a-82e6-5a90465fc07b', 'KALTAKQUISE', 'ACTIVE', 0, 'Funktion: Geschäftsführer/in (CEO) | Mitarbeiter: 1 bis 10 | Branche: Wohnbaugenossenschaften'),
('7e7efa2a-3035-4935-b617-36c2c2341ee9', 'c7e60f3c-9130-4574-bad9-3a471a445cb7', 'KALTAKQUISE', 'ACTIVE', 0, 'Funktion: Geschäftsführer/in (CEO) | Mitarbeiter: 1 bis 10 | Branche: Wohnbaugenossenschaften | Rechtsform: Genossenschaft'),
('85c668c8-0f32-4eb3-900e-b9a751b09ad3', 'c9080f02-ed37-47c9-9432-fa1c34f9a79e', 'KALTAKQUISE', 'ACTIVE', 0, 'Funktion: Geschäftsführer/in (CEO) | Mitarbeiter: 51 bis 100 | Branche: Alters- & Pflegeheime | Rechtsform: Genossenschaft'),
('497704c0-fb11-455a-8225-2709682568a7', '8cf324cc-54eb-4393-862a-c80a3fbd0404', 'KALTAKQUISE', 'ACTIVE', 0, 'Funktion: Geschäftsführer/in (CEO) | Mitarbeiter: 101 bis 500 | Branche: Alters- & Pflegeheime | Rechtsform: Genossenschaft'),
('daf2c742-0ec2-4435-a015-c8d1ab35c947', '9f3a1f5c-27c4-4386-80bd-076a3061134d', 'KALTAKQUISE', 'ACTIVE', 0, 'Funktion: Geschäftsführer/in (CEO) | Mitarbeiter: 101 bis 500 | Branche: Alters- & Pflegeheime | Rechtsform: Genossenschaft'),
('557921a7-b280-48a8-8f36-cbdc5f4feb8a', 'd0ba021a-0810-4abe-a853-2d7e9cfbbf7b', 'KALTAKQUISE', 'ACTIVE', 0, 'Funktion: Geschäftsführer/in (CEO) | Mitarbeiter: 1 bis 10 | Branche: Wohnbaugenossenschaften | Rechtsform: Genossenschaft'),
('29e15c7e-ca84-4327-89eb-dec364cd2185', '2a743e86-ed67-4bde-b0ef-818296831429', 'KALTAKQUISE', 'ACTIVE', 0, 'Funktion: Geschäftsführer/in (CEO) | Mitarbeiter: 11 bis 20 | Branche: Wohnbaugenossenschaften | Rechtsform: Genossenschaft'),
('55344eed-f9ae-40ca-946d-e4b6e87e9981', '6961747d-a5c6-413e-8a9e-b52f96304c07', 'KALTAKQUISE', 'ACTIVE', 0, 'Funktion: Geschäftsführer/in (CEO) | Mitarbeiter: 11 bis 20 | Branche: Freizeitanlagen | Rechtsform: Genossenschaft'),
('6bb9ddb5-0cee-4b7b-a144-942ae68c3359', '370153da-1e17-46a6-a5b5-57a9daee75a0', 'KALTAKQUISE', 'ACTIVE', 0, 'Funktion: Geschäftsführer/in (CEO) | Mitarbeiter: 1 bis 10 | Branche: Wohnbaugenossenschaften | Rechtsform: Genossenschaft'),
('73fc2cdd-3d39-4a12-897b-82a0b0e4924e', 'ae94f13e-9916-4cf6-ae45-95268b42d1a1', 'KALTAKQUISE', 'ACTIVE', 0, 'Funktion: Geschäftsführer/in (CEO) | Mitarbeiter: 1 bis 10 | Branche: Lebensmittelverarbeitung / Online Shops | Rechtsform: Genossenschaft'),
('c42ebe81-295d-4cc5-841e-d917594cf6a6', '7ec61b24-dbfa-4a63-b2ad-8cbdd40397b8', 'KALTAKQUISE', 'ACTIVE', 0, 'Funktion: Geschäftsführer/in (CEO) | Mitarbeiter: 11 bis 20 | Branche: Restaurants | Rechtsform: Genossenschaft'),
('ca734406-ee11-4fd4-8ea7-464fdee9420e', '8def7f7d-1eda-4dbe-9765-db8d05b2e435', 'KALTAKQUISE', 'ACTIVE', 0, 'Funktion: Geschäftsführer/in (CEO) | Mitarbeiter: 1 bis 10 | Branche: Bio-Betriebe | Rechtsform: Genossenschaft'),
('854d6b5e-c6c9-4dac-b564-fd50b68aed00', '97e14b55-75a5-42d5-9817-eb7286a75a86', 'KALTAKQUISE', 'ACTIVE', 0, 'Funktion: Geschäftsführer/in (CEO) | Mitarbeiter: 1 bis 10 | Branche: Lebensmittelverarbeitung | Rechtsform: Genossenschaft'),
('474c666f-d48b-418d-9098-b9bfecb47b41', 'dff86829-0410-4c82-ba06-89c5d9c287d7', 'KALTAKQUISE', 'ACTIVE', 0, 'Funktion: Geschäftsführer/in (CEO) | Mitarbeiter: 1 bis 10 | Branche: Wohnbaugenossenschaften | Rechtsform: Genossenschaft'),
('59e1e046-454f-4b43-86b7-35dd54597c66', '07ad6b24-90e8-4ac0-86be-da23b71129de', 'KALTAKQUISE', 'ACTIVE', 0, 'Funktion: Geschäftsführer/in (CEO) | Mitarbeiter: 11 bis 20 | Branche: Wohnbaugenossenschaften | Rechtsform: Genossenschaft'),
('468713fb-4425-48e7-83e3-0f6f4988405f', 'fbc69fad-dde7-4e51-9283-6fd581fad407', 'KALTAKQUISE', 'ACTIVE', 0, 'Funktion: Geschäftsführer/in (CEO) | Mitarbeiter: 1 bis 10 | Branche: Bio-Betriebe / Nachhaltigkeitsbereich | Rechtsform: Genossenschaft'),
('396c7a92-60e3-4592-aa4e-6e4e73130c98', 'fdf56e89-cc43-481f-a619-c570a4804361', 'KALTAKQUISE', 'ACTIVE', 0, 'Funktion: Geschäftsführer/in (CEO) | Mitarbeiter: 11 bis 20 | Branche: Restaurants'),
('afc5a0d6-0dc2-4135-82e1-52cf62bb69d4', 'ac512a25-af0c-4af6-9d94-a54e6ee229e6', 'KALTAKQUISE', 'ACTIVE', 0, 'Funktion: Geschäftsführer/in (CEO) | Mitarbeiter: 101 bis 500 | Branche: Heime beeintr. Personen | Rechtsform: Genossenschaft'),
('9d4b6e70-238d-4e6c-b828-52f00b310ebe', '36aedaac-6042-4675-800b-11acb3cd492a', 'KALTAKQUISE', 'ACTIVE', 0, 'Funktion: Geschäftsführer/in (CEO) | Mitarbeiter: 1 bis 10 | Branche: Getränkeindustrie | Rechtsform: Genossenschaft'),
('79fca427-ae43-4499-b994-c666803f76b7', '4a3680bf-798c-4632-a252-fc65b7b6fe9c', 'KALTAKQUISE', 'ACTIVE', 0, 'Funktion: Geschäftsführer/in (CEO) | Mitarbeiter: 1 bis 10 | Branche: Online Shops | Rechtsform: Genossenschaft'),
('e70357b7-e7cb-4836-8181-4f63dbbed2da', 'e9f8435b-ad84-4168-afad-ca7d448664d9', 'KALTAKQUISE', 'ACTIVE', 0, 'Funktion: Geschäftsführer/in (CEO) | Mitarbeiter: 1 bis 10 | Branche: Clubs, Bars & Eventlocations | Rechtsform: Genossenschaft'),
('070f6c77-de1a-4583-91e8-e5825923c92f', 'c13a4e51-d7ac-4a02-a3c7-7bcff3dbdbe2', 'KALTAKQUISE', 'ACTIVE', 0, 'Funktion: Geschäftsführer/in (CEO) | Mitarbeiter: 1 bis 10 | Branche: Detailhandel - Food & Getränke | Rechtsform: Genossenschaft'),
('458905ea-aac6-4c7e-aedc-feb5ad7c7d23', '50843e35-774a-492c-830b-cedcd6d2b7ef', 'KALTAKQUISE', 'ACTIVE', 0, 'Funktion: Geschäftsführer/in (CEO) | Mitarbeiter: Mehr als 500 | Branche: NGO & NPO / Detailhandel - Food & Getränke | Rechtsform: Genossenschaft'),
('5e272798-ad75-4c98-8e57-37ab78fe4ea9', '37112a4a-9149-444a-b47f-bec87a5b60a6', 'KALTAKQUISE', 'ACTIVE', 0, 'Funktion: Geschäftsführer/in (CEO) | Mitarbeiter: 11 bis 20 | Branche: Heime beeintr. Personen | Rechtsform: Genossenschaft'),
('f17d6c8f-440d-4b77-9229-524f0bfdfc91', '2039b26a-9ebb-4689-a2e4-f85a93044c59', 'KALTAKQUISE', 'ACTIVE', 0, 'Funktion: Geschäftsführer/in (CEO) | Mitarbeiter: 1 bis 10 | Branche: Wohnbaugenossenschaften | Rechtsform: Genossenschaft'),
('f2286551-c364-4263-9c45-3af4f481da87', '0c7e8841-7192-4659-a5e2-f33c3afcf1f8', 'KALTAKQUISE', 'ACTIVE', 0, 'Funktion: Geschäftsführer/in (CEO) | Mitarbeiter: 11 bis 20 | Branche: Wohnbaugenossenschaften | Rechtsform: Genossenschaft'),
('0dfa9537-5ffd-4f11-ad85-b0d5bc0c482a', 'ab0944dc-39e6-4fd5-83a6-4040857ecf29', 'KALTAKQUISE', 'ACTIVE', 0, 'Funktion: Geschäftsführer/in (CEO) | Mitarbeiter: 21 bis 50 | Branche: Pensionskassen | Rechtsform: Genossenschaft'),
('4e2a252f-5d4b-4af4-834a-dc53e1383dab', 'acfe8d4f-8111-475e-b502-07cfa4e44f4d', 'KALTAKQUISE', 'ACTIVE', 0, 'Funktion: Geschäftsführer/in (CEO) | Mitarbeiter: 1 bis 10 | Branche: Bio-Betriebe'),
('6291b8f7-dc2f-4600-b3e5-a1731edf405a', '8b784b98-fd1c-4873-a847-15869f93b508', 'KALTAKQUISE', 'ACTIVE', 0, 'Funktion: Geschäftsführer/in (CEO) | Mitarbeiter: 1 bis 10 | Branche: Detailhandel - Food & Getränke | Rechtsform: Genossenschaft'),
('98d1fb88-c65b-4446-8cac-3fa1259922b1', '6acda61c-f6bb-4dba-9f9f-45c590b56084', 'KALTAKQUISE', 'ACTIVE', 0, 'Funktion: Geschäftsführer/in (CEO) | Mitarbeiter: 1 bis 10 | Branche: Detailhandel - Food & Getränke | Rechtsform: Genossenschaft'),
('a18969d0-f6da-44f3-a8c3-3cda9ae233cc', 'a2945100-a6b2-449b-82a1-1c8d6e4bd035', 'KALTAKQUISE', 'ACTIVE', 0, 'Funktion: Geschäftsführer/in (CEO) | Mitarbeiter: 1 bis 10 | Branche: Detailhandel - Food & Getränke | Rechtsform: Genossenschaft'),
('e90fc21c-6f29-4c0b-b4b9-08e576d0faec', 'c671a198-a8dd-4fb1-b9d6-4974b9c9d5c1', 'KALTAKQUISE', 'ACTIVE', 0, 'Funktion: Geschäftsführer/in (CEO) | Mitarbeiter: 101 bis 500 | Branche: Detailhandel - Food & Getränke | Rechtsform: Genossenschaft'),
('c67d3d58-4238-4ea7-a83c-3fa55612fba1', '06cd8fbd-5168-4f0c-809f-58441eba3b8e', 'KALTAKQUISE', 'ACTIVE', 0, 'Funktion: Geschäftsführer/in (CEO) | Mitarbeiter: 1 bis 10 | Branche: Detailhandel - Food & Getränke'),
('108b23d5-abcb-4452-bbf8-5fd477d696e6', '438dde62-aa57-4c84-a7e0-f3cb412d039d', 'KALTAKQUISE', 'ACTIVE', 0, 'Funktion: Geschäftsführer/in (CEO) | Mitarbeiter: 1 bis 10 | Branche: Detailhandel - Food & Getränke | Rechtsform: Genossenschaft'),
('cbf89880-8109-462c-bd42-feeb917bb287', '988217e4-7651-4c2a-b9af-15e1e6f067fa', 'KALTAKQUISE', 'ACTIVE', 0, 'Funktion: Geschäftsführer/in (CEO) | Mitarbeiter: 1 bis 10 | Branche: Wohnbaugenossenschaften | Rechtsform: Genossenschaft'),
('06fafac7-c60f-46b6-b3ac-8d42633da1bf', 'a22ca552-81c7-4258-aded-5d34e4fc3f18', 'KALTAKQUISE', 'ACTIVE', 0, 'Funktion: Geschäftsführer/in (CEO) | Mitarbeiter: 1 bis 10 | Branche: Wohnbaugenossenschaften | Rechtsform: Genossenschaft'),
('58f94409-f02b-4eac-a0f1-c056119f1a82', '7243e3aa-28f2-40cf-893d-91e475a282bb', 'KALTAKQUISE', 'ACTIVE', 0, 'Funktion: Geschäftsführer/in (CEO) | Mitarbeiter: 21 bis 50 | Branche: Wohnbaugenossenschaften | Rechtsform: Genossenschaft'),
('c7d913ab-6e0e-40c9-8944-9cd28fe48e32', 'c94bb4f8-4cf9-4de8-9952-6fc13d7b9318', 'KALTAKQUISE', 'ACTIVE', 0, 'Funktion: Geschäftsführer/in (CEO) | Mitarbeiter: 1 bis 10 | Branche: Wohnbaugenossenschaften | Rechtsform: Genossenschaft'),
('099f307f-2ab9-4ba0-9580-5a9c067e3dd1', '71655843-39b4-4a88-a2c6-99f524de2ef6', 'KALTAKQUISE', 'ACTIVE', 0, 'Funktion: Geschäftsführer/in (CEO) | Mitarbeiter: 1 bis 10 | Branche: Wohnbaugenossenschaften | Rechtsform: Genossenschaft'),
('ca49216f-aaf8-4f34-979c-1417279a1931', '3ccc6cec-b8d2-4ccf-97ba-9b049f98334b', 'KALTAKQUISE', 'ACTIVE', 0, 'Funktion: Geschäftsführer/in (CEO) | Mitarbeiter: 1 bis 10 | Branche: Wohnbaugenossenschaften | Rechtsform: Genossenschaft'),
('362885d5-d87b-4375-953c-4b66129a9ce8', '2bf3b7eb-b308-4d09-9d11-54ff304d2628', 'KALTAKQUISE', 'ACTIVE', 0, 'Funktion: Geschäftsführer/in (CEO) | Mitarbeiter: 1 bis 10 | Branche: Energieindustrie | Rechtsform: Genossenschaft'),
('18aa070c-cbc8-4e7e-9b29-25d0c7257128', '8b1a8845-b842-43f4-abd7-d11ec2f880b1', 'KALTAKQUISE', 'ACTIVE', 0, 'Funktion: Geschäftsführer/in (CEO) | Mitarbeiter: 11 bis 20 | Branche: Energieindustrie / Energieversorger | Rechtsform: Genossenschaft'),
('e5b6f5bf-a082-4cc1-b612-628d61453720', '375426ba-e9fc-4ade-b133-46b2f4c544be', 'KALTAKQUISE', 'ACTIVE', 0, 'Funktion: Geschäftsführer/in (CEO) | Mitarbeiter: 1 bis 10 | Branche: Energieversorger | Rechtsform: Genossenschaft'),
('618a5aec-c6b9-42cd-8dbf-a086b16a0afa', 'd3e1bba1-ceec-4f4e-bf1d-eaa412c9d514', 'KALTAKQUISE', 'ACTIVE', 0, 'Funktion: Geschäftsführer/in (CEO) | Mitarbeiter: 11 bis 20 | Branche: Energieindustrie / Nachhaltigkeitsbereich / Solar & Photovoltaik / Energieversorger | Rechtsform: Genossenschaft'),
('21524b06-3d71-497a-b078-40df91085c77', 'b44d2225-ed8e-41ba-882e-87f2557781fe', 'KALTAKQUISE', 'ACTIVE', 0, 'Funktion: Geschäftsführer/in (CEO) | Mitarbeiter: 1 bis 10 | Branche: Energieversorger | Rechtsform: Genossenschaft'),
('4ed29558-7b98-42b7-9200-e9d41e4585ab', '2265a7bc-d028-4c05-a270-55bbe39b3240', 'KALTAKQUISE', 'ACTIVE', 0, 'Funktion: Geschäftsführer/in (CEO) | Mitarbeiter: 11 bis 20 | Branche: Energieindustrie / Energieversorger | Rechtsform: Genossenschaft'),
('cae58f48-cd60-4833-b9ea-5c16d991e1d8', '00fdf80f-b4a8-4471-9f75-a146e6e2d916', 'KALTAKQUISE', 'ACTIVE', 0, 'Funktion: Geschäftsführer/in (CEO) | Mitarbeiter: 21 bis 50 | Branche: Energieindustrie | Rechtsform: Genossenschaft'),
('d28ecc36-3b78-4056-9d07-ad7177b1faa4', '423444c7-a88e-4d6f-ab72-c89ed74297f3', 'KALTAKQUISE', 'ACTIVE', 0, 'Funktion: Geschäftsführer/in (CEO) | Mitarbeiter: 21 bis 50 | Branche: Energieindustrie / Energieversorger | Rechtsform: Genossenschaft'),
('26321180-5606-4151-9cc0-381c37cfeefd', '11427a67-f114-48be-b0ed-d726f56ae89c', 'KALTAKQUISE', 'ACTIVE', 0, 'Funktion: Geschäftsführer/in (CEO) | Mitarbeiter: 11 bis 20 | Branche: Energieindustrie / Energieversorger | Rechtsform: Genossenschaft'),
('7aa5ce81-5c46-4775-9e98-34323748e1ae', '77c27a60-139c-41a9-900a-2cfaddf13a57', 'KALTAKQUISE', 'ACTIVE', 0, 'Funktion: Geschäftsführer/in (CEO) | Mitarbeiter: 1 bis 10 | Branche: Energieindustrie / Energieversorger | Rechtsform: Genossenschaft'),
('87aee773-52da-42b2-9755-6a73b4f18968', '6fe2d382-f68a-49fb-84f7-9a699c8d2c69', 'KALTAKQUISE', 'ACTIVE', 0, 'Funktion: Geschäftsführer/in (CEO) | Mitarbeiter: 11 bis 20 | Branche: Energieindustrie / Energieversorger | Rechtsform: Genossenschaft'),
('e2816847-6cf9-42ca-9d43-b597b252c206', '1a967385-5d37-4a61-8eea-a09ed4f87177', 'KALTAKQUISE', 'ACTIVE', 0, 'Funktion: Geschäftsführer/in (CEO) | Mitarbeiter: 11 bis 20 | Branche: Energieindustrie | Rechtsform: Genossenschaft'),
('7dfa8223-5824-47fb-a6af-ef8c4fa07cef', 'b76f2fa8-985e-469c-bf22-f68043bd7337', 'KALTAKQUISE', 'ACTIVE', 0, 'Funktion: Geschäftsführer/in (CEO) | Mitarbeiter: 11 bis 20 | Branche: Energieindustrie / Energieversorger | Rechtsform: Genossenschaft'),
('e179e95a-0d62-4e9e-b79a-12bb4a0a927a', 'ea6214fb-73d9-4544-bbf6-7c2ae459a1c3', 'KALTAKQUISE', 'ACTIVE', 0, 'Funktion: Geschäftsführer/in (CEO) | Mitarbeiter: 1 bis 10 | Branche: Energieindustrie / Energieversorger | Rechtsform: Genossenschaft'),
('7519ec45-d38f-4e39-a71e-fefb355f0b4f', '019134e1-8348-486a-a5cd-65ebc8af5572', 'KALTAKQUISE', 'ACTIVE', 0, 'Funktion: Geschäftsführer/in (CEO) | Mitarbeiter: 1 bis 10 | Branche: Energieindustrie | Rechtsform: Genossenschaft'),
('c51f0a42-70a5-4c32-a768-63d826d96abe', '87a1f0a3-154a-4f9f-a089-c0acf5a90f6a', 'KALTAKQUISE', 'ACTIVE', 0, 'Funktion: Geschäftsführer/in (CEO) | Mitarbeiter: 11 bis 20 | Branche: Elektroindustrie / Nachhaltigkeitsbereich / Solar & Photovoltaik | Rechtsform: Genossenschaft'),
('bb876109-0bf9-44a3-8a41-a8666cc700bc', '7aadba73-f522-4af1-af6a-81dcc0fea41e', 'KALTAKQUISE', 'ACTIVE', 0, 'Funktion: Geschäftsführer/in (CEO) | Mitarbeiter: 1 bis 10 | Branche: Energieindustrie / Energieversorger | Rechtsform: Genossenschaft'),
('17abc8b1-4eb9-4563-8534-914a9757e530', 'd0c1a5ae-b62b-4f44-86fa-a51e0feb9c6d', 'KALTAKQUISE', 'ACTIVE', 0, 'Funktion: Geschäftsführer/in (CEO) | Mitarbeiter: 21 bis 50 | Branche: Energieindustrie / Nachhaltigkeitsbereich / Solar & Photovoltaik / Energieversorger | Rechtsform: Genossenschaft'),
('9fa03141-1ca8-472a-bd91-1475473fa213', 'c100b556-de5f-4a74-9ff8-a722ba975773', 'KALTAKQUISE', 'ACTIVE', 0, 'Funktion: Geschäftsführer/in (CEO) | Mitarbeiter: 11 bis 20 | Branche: Energieindustrie / Energieversorger | Rechtsform: Genossenschaft'),
('30868e1b-a101-4c6e-a218-162e06eb355c', '0cb5f9e5-262b-407f-9a16-2fd6b72ee900', 'KALTAKQUISE', 'ACTIVE', 0, 'Funktion: Geschäftsführer/in (CEO) | Mitarbeiter: 1 bis 10 | Branche: Energieversorger | Rechtsform: Genossenschaft'),
('6d12b35a-1796-4459-9987-a21becf29cbe', 'ed59025d-622c-4dbf-87ca-2ee21e60b0e1', 'KALTAKQUISE', 'ACTIVE', 0, 'Funktion: Geschäftsführer/in (CEO) | Mitarbeiter: 1 bis 10 | Branche: Energieindustrie / Energieversorger | Rechtsform: Genossenschaft'),
('09fb8017-8ee1-4b46-b078-affdfa45c37a', '1b7c613e-a398-4d8e-b254-bdaf197f8258', 'KALTAKQUISE', 'ACTIVE', 0, 'Funktion: Geschäftsführer/in (CEO) | Mitarbeiter: 1 bis 10 | Branche: Wohnbaugenossenschaften | Rechtsform: Genossenschaft'),
('e26a925b-51dc-40b6-acf3-05abd4855ee0', 'b6f89340-2bc5-409c-b381-f97fa4c6d673', 'KALTAKQUISE', 'ACTIVE', 0, 'Funktion: Geschäftsführer/in (CEO) | Mitarbeiter: 1 bis 10 | Branche: Energieindustrie / Energieversorger | Rechtsform: Genossenschaft'),
('56d5d15c-9949-4137-81b4-c273ddeec05f', '6396e6d0-b771-4a3b-8f2f-fd5f40820cab', 'KALTAKQUISE', 'ACTIVE', 0, 'Funktion: Geschäftsführer/in (CEO) | Mitarbeiter: 1 bis 10 | Branche: Energieindustrie / Energieversorger | Rechtsform: Genossenschaft'),
('4aa312d6-4702-491c-b815-b0c0b1cfdc41', '3e57a373-b991-4f45-ab34-2d2858a36720', 'KALTAKQUISE', 'ACTIVE', 0, 'Funktion: Geschäftsführer/in (CEO) | Mitarbeiter: 11 bis 20 | Branche: Energieindustrie | Rechtsform: Genossenschaft'),
('3559d581-63ea-444e-bb23-591937a9b063', '816ab7f7-9728-47c4-9ab0-a5519994bc21', 'KALTAKQUISE', 'ACTIVE', 0, 'Funktion: Geschäftsführer/in (CEO) | Mitarbeiter: 1 bis 10 | Branche: Lebensmittelverarbeitung | Rechtsform: Genossenschaft'),
('c14f7cc0-741b-42ad-90f0-a134472d012a', '00a6cfdc-8a43-408e-aa2f-a8006812c8e7', 'KALTAKQUISE', 'ACTIVE', 0, 'Funktion: Geschäftsführer/in (CEO) | Mitarbeiter: 1 bis 10 | Branche: Detailhandel - Food & Getränke'),
('582d2a90-5761-47e4-b18f-e3dbac2f4c20', '3e2a4ef6-65f8-4b26-b740-edd19fd8943c', 'KALTAKQUISE', 'ACTIVE', 0, 'Funktion: Geschäftsführer/in (CEO) | Mitarbeiter: 1 bis 10 | Branche: Energieindustrie / Energieversorger | Rechtsform: Genossenschaft'),
('eb426f2f-638b-4c49-872e-daf0534a1436', '5c43db60-fe51-46ce-9be3-29ebe3e7ec37', 'KALTAKQUISE', 'ACTIVE', 0, 'Funktion: Geschäftsführer/in (CEO) | Mitarbeiter: 1 bis 10 | Branche: Energieindustrie / Nachhaltigkeitsbereich / Solar & Photovoltaik / Energieversorger | Rechtsform: Genossenschaft'),
('42f554f9-bcff-4a4c-9635-d20ff6caaa52', '7234d300-fc17-4549-8367-ee212c148d19', 'KALTAKQUISE', 'ACTIVE', 0, 'Funktion: Geschäftsführer/in (CEO) | Mitarbeiter: 1 bis 10 | Branche: Wohnbaugenossenschaften | Rechtsform: Genossenschaft'),
('9e8d0679-042a-4f57-9fde-9338a57943da', '4d81aa80-0a44-45f3-9de7-c8c2505fd861', 'KALTAKQUISE', 'ACTIVE', 0, 'Funktion: Geschäftsführer/in (CEO) | Mitarbeiter: 1 bis 10 | Branche: Wohnbaugenossenschaften | Rechtsform: Genossenschaft'),
('2e92d955-b061-4749-a7af-c958d145bde3', '061ef3a6-7387-4a43-a947-b8102dd4a565', 'KALTAKQUISE', 'ACTIVE', 0, 'Funktion: Geschäftsführer/in (CEO) | Mitarbeiter: 1 bis 10 | Branche: Wohnbaugenossenschaften | Rechtsform: Genossenschaft'),
('f5e326d5-5b00-4c7f-9f9b-da0fedf309e0', '7b06dba8-5379-4643-a3b5-0eb7cc2db003', 'KALTAKQUISE', 'ACTIVE', 0, 'Funktion: Geschäftsführer/in (CEO) | Mitarbeiter: 1 bis 10 | Branche: Lebensmittelverarbeitung | Rechtsform: Genossenschaft'),
('75b5812f-e93a-48dd-93bf-7d212d6b7dbb', 'bc52f3c8-1688-463a-889c-6c7294012d01', 'KALTAKQUISE', 'ACTIVE', 0, 'Funktion: Geschäftsführer/in (CEO) | Mitarbeiter: 1 bis 10 | Branche: Schwimmbäder | Rechtsform: Genossenschaft'),
('6867655c-d97a-42c1-93fb-b84aaa463fbd', '4d1fef5a-ed41-472c-8020-d20b42f375a5', 'KALTAKQUISE', 'ACTIVE', 0, 'Funktion: Geschäftsführer/in (CEO) | Mitarbeiter: 1 bis 10 | Branche: Beherbergungsstätten / Restaurants'),
('7b347703-b76a-42c1-9ffb-9a8ca2b7d178', '4ac32c38-8b53-4ad7-b307-bd02886f90f5', 'KALTAKQUISE', 'ACTIVE', 0, 'Funktion: Geschäftsführer/in (CEO) | Mitarbeiter: 1 bis 10 | Branche: Wohnbaugenossenschaften | Rechtsform: Genossenschaft'),
('64e0e4a8-547a-44d9-94aa-91c406b24e0d', 'c92dc872-272e-4f56-a977-9c7e87fb7147', 'KALTAKQUISE', 'ACTIVE', 0, 'Funktion: Geschäftsführer/in (CEO) | Mitarbeiter: 1 bis 10 | Branche: Wohnbaugenossenschaften'),
('452d5eb7-5bb2-4e6a-86e7-33d1a7913445', 'c29c017f-4c11-43a8-96b4-02f779960891', 'KALTAKQUISE', 'ACTIVE', 0, 'Funktion: Geschäftsführer/in (CEO) | Mitarbeiter: 11 bis 20 | Branche: Wohnbaugenossenschaften | Rechtsform: Genossenschaft'),
('62b35327-902f-4c8b-810b-9f80ea201356', '88933cbe-46e0-4749-ae41-703dc86d6f17', 'KALTAKQUISE', 'ACTIVE', 0, 'Funktion: Geschäftsführer/in (CEO) | Mitarbeiter: 1 bis 10 | Branche: Wohnbaugenossenschaften | Rechtsform: Genossenschaft'),
('24d4d2a1-5d49-4fad-a181-26e6bd7267de', 'bd86c7d9-76e7-4da8-8fef-b33f23706eb9', 'KALTAKQUISE', 'ACTIVE', 0, 'Funktion: Geschäftsführer/in (CEO) | Mitarbeiter: 1 bis 10 | Branche: Wohnbaugenossenschaften'),
('36b86a42-bfd8-400b-a345-78a6cbb96e81', 'f0687ad9-4b71-413f-b838-a942928a63f0', 'KALTAKQUISE', 'ACTIVE', 0, 'Funktion: Geschäftsführer/in (CEO) | Mitarbeiter: 1 bis 10 | Branche: Wohnbaugenossenschaften | Rechtsform: Genossenschaft'),
('5cc22669-8160-47b2-a218-6219b65d6c13', '191d8d4a-8eeb-4fdf-82dc-0dc6894c2d7d', 'KALTAKQUISE', 'ACTIVE', 0, 'Funktion: Geschäftsführer/in (CEO) | Mitarbeiter: 1 bis 10 | Branche: Wohnbaugenossenschaften'),
('325c4935-5727-4b75-9885-3e3aa033be3e', '9ed04410-1b6d-46d4-83a9-661e1c74e0b2', 'KALTAKQUISE', 'ACTIVE', 0, 'Funktion: Geschäftsführer/in (CEO) | Mitarbeiter: 1 bis 10 | Branche: Wohnbaugenossenschaften'),
('ae118ef3-9ee3-4782-9d6e-7471117a25e7', 'd4f7a34e-831d-4b8d-b2ed-9c8aa65e5775', 'KALTAKQUISE', 'ACTIVE', 0, 'Funktion: Geschäftsführer/in (CEO) | Mitarbeiter: 1 bis 10 | Branche: Wohnbaugenossenschaften | Rechtsform: Genossenschaft'),
('d9f22c05-9caa-4ad1-8b5c-a7acfd28064b', '1558d604-e7f1-41a9-840d-90e08cd4b0ba', 'KALTAKQUISE', 'ACTIVE', 0, 'Funktion: Geschäftsführer/in (CEO) | Mitarbeiter: 1 bis 10 | Branche: Wohnbaugenossenschaften | Rechtsform: Genossenschaft'),
('e4425b36-9db3-496e-8539-ec9f693d7523', 'cdc47c89-f5bc-40db-b08f-b0b81638dde7', 'KALTAKQUISE', 'ACTIVE', 0, 'Funktion: Geschäftsführer/in (CEO) | Mitarbeiter: 11 bis 20 | Branche: Baugeschäfte | Rechtsform: Genossenschaft'),
('1d04a217-2d81-418b-be80-e6d2d8905bdb', '0cdfdde8-75eb-418c-b06d-79cfa80cf057', 'KALTAKQUISE', 'ACTIVE', 0, 'Funktion: Geschäftsführer/in (CEO) | Mitarbeiter: 1 bis 10 | Branche: Wohnbaugenossenschaften | Rechtsform: Genossenschaft'),
('8d3800e8-3e45-4f81-9332-557e1deb30cc', '9d5cad80-8482-45f3-a81e-6d3bac327cef', 'KALTAKQUISE', 'ACTIVE', 0, 'Funktion: Leitung Betrieb (COO) | Mitarbeiter: 21 bis 50 | Branche: Spitäler & Kliniken'),
('a5bb505a-4290-4841-8b9a-807fe0dde50b', 'ac67603e-8aa3-4ea5-8266-970aab4fc620', 'KALTAKQUISE', 'ACTIVE', 0, 'Funktion: Geschäftsführer/in (CEO) | Mitarbeiter: 1 bis 10 | Branche: Nachhaltigkeitsbereich | Rechtsform: Genossenschaft'),
('49efb4cd-a6fd-4bd7-a899-fb59016a823e', 'd51c8224-dfbf-4bb0-9010-a9c8fbb9fa79', 'KALTAKQUISE', 'ACTIVE', 0, 'Funktion: Geschäftsführer/in (CEO) | Mitarbeiter: 1 bis 10 | Branche: Wohnbaugenossenschaften | Rechtsform: Genossenschaft'),
('06d53409-cfe2-4809-9304-2b5f94c578ed', '2aecc052-0809-48a8-92f6-44e0a7e38367', 'KALTAKQUISE', 'ACTIVE', 0, 'Funktion: Geschäftsführer/in (CEO) | Mitarbeiter: 1 bis 10 | Branche: Wohnbaugenossenschaften'),
('e67f64eb-da6f-4988-bd44-7a7b8c130888', '4c5a7209-b36a-487f-8e3f-5edbc085975d', 'KALTAKQUISE', 'ACTIVE', 0, 'Funktion: Geschäftsführer/in (CEO) | Mitarbeiter: 11 bis 20 | Branche: Wohnbaugenossenschaften'),
('a5a97f9f-0e5a-41e7-8800-56b34d13a4ca', '1e06e7f7-e725-457b-884e-aebf806be1fd', 'KALTAKQUISE', 'ACTIVE', 0, 'Funktion: Geschäftsführer/in (CEO) | Mitarbeiter: 21 bis 50 | Branche: Textil- & Möbelindustrie | Rechtsform: Genossenschaft'),
('661c6ebf-53d2-4305-860c-2b7c40950860', '049924be-d651-4beb-b2e7-4d24bd049ecb', 'KALTAKQUISE', 'ACTIVE', 0, 'Funktion: Geschäftsführer/in (CEO) | Mitarbeiter: 1 bis 10 | Branche: Wohnbaugenossenschaften | Rechtsform: Genossenschaft'),
('8e939b1d-1094-4e3c-aa38-d344f5117068', '0744f11c-33cd-4f36-acee-b09ce4150a35', 'KALTAKQUISE', 'ACTIVE', 0, 'Funktion: Geschäftsführer/in (CEO) | Mitarbeiter: 1 bis 10 | Branche: Wohnbaugenossenschaften | Rechtsform: Genossenschaft'),
('0d11c36e-6f75-4d2f-b51d-21870bd721c0', '89165657-7cd9-4667-bffb-afff6073c6ef', 'KALTAKQUISE', 'ACTIVE', 0, 'Funktion: Geschäftsführer/in (CEO) | Mitarbeiter: 11 bis 20 | Branche: Physiotherapie | Rechtsform: Genossenschaft'),
('188808da-cb03-4e40-82b5-9f3f5d7690d9', 'dae10411-5f95-4ac0-8fce-afdbbe5ad946', 'KALTAKQUISE', 'ACTIVE', 0, 'Funktion: Geschäftsführer/in (CEO) | Mitarbeiter: 1 bis 10 | Branche: Wohnbaugenossenschaften | Rechtsform: Genossenschaft'),
('768e484f-e75a-4552-9483-a0e2363c44d6', 'dd7ea5b9-b925-49ef-ad03-fa256f7fbee2', 'KALTAKQUISE', 'ACTIVE', 0, 'Funktion: Geschäftsführer/in (CEO) | Mitarbeiter: 1 bis 10 | Branche: Detailhandel - Food & Getränke | Rechtsform: Genossenschaft'),
('c8b49b38-6a9f-452b-80a7-5d0511df0ac0', '3e6ab612-137d-42fc-8c9c-10a1f10b85c8', 'KALTAKQUISE', 'ACTIVE', 0, 'Funktion: Geschäftsführer/in (CEO) | Mitarbeiter: Mehr als 500 | Branche: Top 2''000 CH-Unternehmen | Rechtsform: Genossenschaft'),
('f313ade1-3fc3-4f51-876e-37bf3845af59', '2d52a267-a21d-4da3-96ea-83d5b17bcedc', 'KALTAKQUISE', 'ACTIVE', 0, 'Funktion: Geschäftsführer/in (CEO) | Mitarbeiter: 1 bis 10 | Branche: Wohnbaugenossenschaften | Rechtsform: Genossenschaft'),
('8f4cb547-974d-4a1e-af8f-a26614916a68', '9bfcb6ea-344b-4e60-8d04-1359ef302bc6', 'KALTAKQUISE', 'ACTIVE', 0, 'Funktion: Geschäftsführer/in (CEO) | Mitarbeiter: 1 bis 10 | Branche: Textil- & Möbelindustrie | Rechtsform: Genossenschaft'),
('de76649a-a249-478e-b609-03c9b1d026c8', '336ecd3f-0fa8-4ab9-ade3-df672cb3d51c', 'KALTAKQUISE', 'ACTIVE', 0, 'Funktion: Geschäftsführer/in (CEO) | Mitarbeiter: 1 bis 10 | Branche: Wohnbaugenossenschaften'),
('187fd4ba-19af-4630-97f1-41d695a8378f', '1240e90c-d984-4103-b395-d5e74f196f6d', 'KALTAKQUISE', 'ACTIVE', 0, 'Funktion: Geschäftsführer/in (CEO) | Mitarbeiter: 1 bis 10 | Branche: Wohnbaugenossenschaften | Rechtsform: Genossenschaft'),
('fd31abcd-833e-4cb3-97fb-d76491908ee3', 'f0ac81e3-bebb-4a24-adf6-4c68f8a728ce', 'KALTAKQUISE', 'ACTIVE', 0, 'Funktion: Geschäftsführer/in (CEO) | Mitarbeiter: 11 bis 20 | Branche: Heime beeintr. Personen / Hofläden & Bauernhöfe | Rechtsform: Genossenschaft'),
('1f21a50e-458c-4922-b4f5-13e59cb1e9ab', '3030578b-5867-4be2-80bb-8df6476a2a3a', 'KALTAKQUISE', 'ACTIVE', 0, 'Funktion: Geschäftsführer/in (CEO) | Mitarbeiter: 1 bis 10 | Branche: Lebensmittelverarbeitung | Rechtsform: Genossenschaft'),
('2071ef0a-413e-4412-8f7e-ec1a3f52adc4', '97bd96ce-c90d-4fe3-ae0b-533c64acfa6c', 'KALTAKQUISE', 'ACTIVE', 0, 'Funktion: Geschäftsführer/in (CEO) | Mitarbeiter: 11 bis 20 | Branche: Schreinerei- & Holzbaubetriebe'),
('25c94757-a69b-4bfd-8634-2e1a755ab10f', '7e53a2ad-3ff4-48ac-b3e8-db407483f5d6', 'KALTAKQUISE', 'ACTIVE', 0, 'Funktion: Geschäftsführer/in (CEO) | Mitarbeiter: 1 bis 10 | Branche: Detailhandel - Food & Getränke | Rechtsform: Genossenschaft'),
('e41601bc-6a38-4260-af97-073dd95673e5', '08536b11-1e4a-4457-9854-c854329ddd0c', 'KALTAKQUISE', 'ACTIVE', 0, 'Funktion: Geschäftsführer/in (CEO) | Mitarbeiter: 1 bis 10 | Branche: Wohnbaugenossenschaften | Rechtsform: Genossenschaft'),
('f68e2ac3-3e2f-43f4-9621-4beac7f4a988', '31be59d9-67ed-464e-8f9a-72f89b48f403', 'KALTAKQUISE', 'ACTIVE', 0, 'Funktion: Geschäftsführer/in (CEO) | Mitarbeiter: 21 bis 50 | Branche: Wohnbaugenossenschaften | Rechtsform: Genossenschaft'),
('fc4ea1f4-9b6f-49ce-a199-c74e9712c7de', '284dab49-0826-4ab8-a5f1-857d5433e32c', 'KALTAKQUISE', 'ACTIVE', 0, 'Funktion: Geschäftsführer/in (CEO) | Mitarbeiter: 21 bis 50 | Branche: Online Shops'),
('68382c61-2e99-43ba-b0f5-4f311beabc9c', 'e3b33d39-7a2a-4bce-9110-f337c042efbd', 'KALTAKQUISE', 'ACTIVE', 0, 'Funktion: Geschäftsführer/in (CEO) | Mitarbeiter: 11 bis 20 | Branche: Wohnbaugenossenschaften | Rechtsform: Genossenschaft'),
('b3a466e1-6171-4fe0-a6b9-c00e1382d157', '4353f489-cf87-49b0-921b-a487c3b288de', 'KALTAKQUISE', 'ACTIVE', 0, 'Funktion: Geschäftsführer/in (CEO) | Mitarbeiter: 21 bis 50 | Branche: Clubs, Bars & Eventlocations / Restaurants | Rechtsform: Genossenschaft'),
('87659252-18c3-4c20-b158-2802a4a8a986', '312beba4-3668-4c49-96be-b00c1c7c8221', 'KALTAKQUISE', 'ACTIVE', 0, 'Funktion: Geschäftsführer/in (CEO) | Mitarbeiter: 1 bis 10 | Branche: Wohnbaugenossenschaften | Rechtsform: Genossenschaft'),
('e395b093-7baa-420d-ac1a-1f0684870086', '1e880994-5806-46d8-943d-7c901891fea1', 'KALTAKQUISE', 'ACTIVE', 0, 'Funktion: Geschäftsführer/in (CEO) | Mitarbeiter: 11 bis 20 | Branche: Freizeitanlagen | Rechtsform: Genossenschaft'),
('c4727eae-0571-4be3-9568-7cf0838c865d', '160f8fcd-c024-49cd-ab56-31f86d5db393', 'KALTAKQUISE', 'ACTIVE', 0, 'Funktion: Geschäftsführer/in (CEO) | Mitarbeiter: 21 bis 50 | Branche: Freizeitanlagen | Rechtsform: Genossenschaft'),
('798e543a-ddc7-44dc-bc2f-dbc26a90f26a', '65d7b64e-14de-4347-9a6e-49a89dc2183f', 'KALTAKQUISE', 'ACTIVE', 0, 'Funktion: Geschäftsführer/in (CEO) | Mitarbeiter: 101 bis 500 | Branche: Museum & Theater | Rechtsform: Genossenschaft'),
('7f95c9d5-aa70-4409-992c-b5fea5e6970a', '4345eb97-8c58-4606-8f1b-83c953da697f', 'KALTAKQUISE', 'ACTIVE', 0, 'Funktion: Geschäftsführer/in (CEO) | Mitarbeiter: 21 bis 50 | Branche: Lebensmittelverarbeitung / Online Shops / Schreinerei- & Holzbaubetriebe | Rechtsform: Genossenschaft'),
('1618b43f-3b42-4675-8d55-7d38e8e6b9f2', '0390fafd-32e8-46dc-b6e7-08805ff14620', 'KALTAKQUISE', 'ACTIVE', 0, 'Funktion: Geschäftsführer/in (CEO) | Mitarbeiter: 21 bis 50 | Branche: Krankenkassen | Rechtsform: Genossenschaft'),
('088b5e7e-35c8-492f-8766-38f808dd2821', '6b73aacc-51d1-4052-9c95-a4aafcb589e7', 'KALTAKQUISE', 'ACTIVE', 0, 'Funktion: Geschäftsführer/in (CEO) | Mitarbeiter: 21 bis 50 | Branche: Clubs, Bars & Eventlocations | Rechtsform: Genossenschaft'),
('b14a6c05-a643-49f4-a715-976d0c3456c5', 'bac9ae7a-08a9-42cd-93a5-9242fdf26dfa', 'KALTAKQUISE', 'ACTIVE', 0, 'Funktion: Gesamtleitung/Direktion | Mitarbeiter: 1 bis 10 | Branche: Hotels | Rechtsform: Genossenschaft'),
('4fcb1c58-3c9e-4fac-8434-d5feb6131497', '22932127-07aa-4a5d-a981-8a2665a9efe4', 'KALTAKQUISE', 'ACTIVE', 0, 'Funktion: Geschäftsführer/in (CEO) | Mitarbeiter: 1 bis 10 | Branche: Wohnbaugenossenschaften | Rechtsform: Genossenschaft'),
('a0b6899d-a96b-41c4-b66f-06e17e6c1e2b', '55e7d77d-4337-4ed9-a2f0-890efa168df7', 'KALTAKQUISE', 'ACTIVE', 0, 'Funktion: Geschäftsführer/in (CEO) | Mitarbeiter: 1 bis 10 | Branche: Energieindustrie / Nachhaltigkeitsbereich / Solar & Photovoltaik | Rechtsform: Genossenschaft'),
('575c25c4-c37f-4355-a933-59543b0781e2', '2970b31e-37ea-4268-92f2-508e450ea6ed', 'KALTAKQUISE', 'ACTIVE', 0, 'Funktion: Geschäftsführer/in (CEO) | Mitarbeiter: 1 bis 10 | Branche: Wohnbaugenossenschaften | Rechtsform: Genossenschaft'),
('e1b7a6f9-11aa-4190-8f0c-06da300839fa', 'df1d12a2-fdae-4cc2-b02d-baf9d504bfec', 'KALTAKQUISE', 'ACTIVE', 0, 'Funktion: Geschäftsführer/in (CEO) | Mitarbeiter: 51 bis 100 | Branche: Arztpraxen / Psychiatrie & Psychotherapie | Rechtsform: Genossenschaft'),
('9c749778-8409-40a6-b963-46e19b522133', '6e2b43da-1bb2-46d8-aabb-071c6c9a5dc2', 'KALTAKQUISE', 'ACTIVE', 0, 'Funktion: Geschäftsführer/in (CEO) | Mitarbeiter: 101 bis 500 | Branche: Alters- & Pflegeheime / Heime beeintr. Personen / Spitex | Rechtsform: Genossenschaft'),
('6ec850f0-1a11-46a7-9f9f-6617a55710c3', 'ddbae632-144f-4992-b0b6-94dedc275e5c', 'KALTAKQUISE', 'ACTIVE', 0, 'Funktion: Geschäftsführer/in (CEO) | Mitarbeiter: 1 bis 10 | Branche: Wohnbaugenossenschaften | Rechtsform: Genossenschaft'),
('222dc6ad-a47d-4130-b40c-d5facd91d484', '426379ee-6beb-4929-b9e8-fc9c36b82875', 'KALTAKQUISE', 'ACTIVE', 0, 'Funktion: Geschäftsführer/in (CEO) | Mitarbeiter: 1 bis 10 | Branche: Berg- & Seilbahnen'),
('18b6a77d-419d-48f8-907b-76393d4fae66', 'b25a1945-3a74-43b0-b266-4891a9fc4597', 'KALTAKQUISE', 'ACTIVE', 0, 'Funktion: Geschäftsführer/in (CEO) | Mitarbeiter: 21 bis 50 | Branche: Elektroplanung & Installation / Energieindustrie / Energieversorger | Rechtsform: Genossenschaft'),
('6863b248-4dee-4455-9d4e-ffd5ecb94df7', '6ae51f5c-1a31-4862-8cf5-88f58913cbc6', 'KALTAKQUISE', 'ACTIVE', 0, 'Funktion: Geschäftsführer/in (CEO) | Mitarbeiter: 1 bis 10 | Branche: Bio-Betriebe / Detailhandel - Food & Getränke | Rechtsform: Genossenschaft'),
('dc9dc6d7-81fa-4945-aef4-71c6d529eb2a', '2ca60785-6d18-4c2d-bf67-2ccd510aad19', 'KALTAKQUISE', 'ACTIVE', 0, 'Funktion: Geschäftsführer/in (CEO) | Mitarbeiter: 1 bis 10 | Branche: Wohnbaugenossenschaften'),
('be708895-4e60-4665-9577-5f0b4b585de2', '1d169707-70e8-4eb1-b05d-a05fed1af811', 'KALTAKQUISE', 'ACTIVE', 0, 'Funktion: Geschäftsführer/in (CEO) | Mitarbeiter: 1 bis 10 | Branche: Wohnbaugenossenschaften | Rechtsform: Genossenschaft'),
('cbcb5c97-cc2f-4c55-8530-daf1a1fb62d8', '7b4b08a7-34b6-492d-894f-d14332669f11', 'KALTAKQUISE', 'ACTIVE', 0, 'Funktion: Geschäftsführer/in (CEO) | Mitarbeiter: 11 bis 20 | Branche: Bio-Betriebe / Detailhandel - Food & Getränke | Rechtsform: Genossenschaft'),
('0bd78039-db9b-4aff-a7cd-aaa207e8b035', '9a406894-3cf3-4c8f-9e50-88ee96fbea83', 'KALTAKQUISE', 'ACTIVE', 0, 'Funktion: Geschäftsführer/in (CEO) | Mitarbeiter: 11 bis 20 | Branche: Wohnbaugenossenschaften | Rechtsform: Genossenschaft'),
('2d803469-3d99-4540-b8f7-107bc5d45940', '3a6aa428-fc5f-4baf-8adf-ecd93c8e5eec', 'KALTAKQUISE', 'ACTIVE', 0, 'Funktion: Geschäftsführer/in (CEO) | Mitarbeiter: 11 bis 20 | Branche: Online Shops'),
('434ee296-413c-402d-82b6-c3bd750a1081', '9a6cdc1d-b104-4cd3-be43-4906679c09d1', 'KALTAKQUISE', 'ACTIVE', 0, 'Funktion: Geschäftsführer/in (CEO) | Mitarbeiter: Mehr als 500 | Branche: Top 2''000 CH-Unternehmen / Detailhandel - Food & Getränke | Rechtsform: Genossenschaft'),
('de2cd423-a134-4f23-be59-810d8c4e2a8f', '1ade9531-273b-42a8-b523-29b3fb98affc', 'KALTAKQUISE', 'ACTIVE', 0, 'Funktion: Geschäftsführer/in (CEO) | Mitarbeiter: Mehr als 500 | Branche: Top 2''000 CH-Unternehmen / Detailhandel - Food & Getränke | Rechtsform: Genossenschaft'),
('5b2eb201-da96-4e4e-8ed5-1944d950b74a', '639c01f6-0692-44db-a362-fd2638fad294', 'KALTAKQUISE', 'ACTIVE', 0, 'Funktion: Geschäftsführer/in (CEO) | Mitarbeiter: Mehr als 500 | Branche: Top 2''000 CH-Unternehmen / Detailhandel - Food & Getränke | Rechtsform: Genossenschaft'),
('30bbfcb8-3480-4979-ae3f-13d0c0419de8', '1615aa9f-6784-4e25-ad91-ec397aa6b55c', 'KALTAKQUISE', 'ACTIVE', 0, 'Funktion: Geschäftsführer/in (CEO) | Mitarbeiter: Mehr als 500 | Branche: Top 2''000 CH-Unternehmen / Detailhandel - Food & Getränke | Rechtsform: Genossenschaft'),
('9cd582c0-fc3f-402d-bf22-b664296b7757', 'a50138b4-e169-4f16-8604-7d218afff681', 'KALTAKQUISE', 'ACTIVE', 0, 'Funktion: Geschäftsführer/in (CEO) | Mitarbeiter: 21 bis 50 | Branche: Architekturbüros | Rechtsform: Genossenschaft'),
('4beb2224-32d0-4772-bc3e-f894166f4f24', 'b08dba2f-2487-4c5a-8ebe-06ecc3c03da2', 'KALTAKQUISE', 'ACTIVE', 0, 'Funktion: Geschäftsführer/in (CEO) | Mitarbeiter: 1 bis 10 | Branche: Lebensmittelverarbeitung | Rechtsform: Genossenschaft'),
('ee0177f1-cb58-4f70-a97b-695047649df4', '4339ff8e-8d7b-4baa-a662-8264070833cf', 'KALTAKQUISE', 'ACTIVE', 0, 'Funktion: Präsidium  | Mitarbeiter: 11 bis 20 | Branche: Wohnbaugenossenschaften | Rechtsform: Genossenschaft'),
('759c9d4a-0490-4b12-9518-73f607cf48b9', '8e70a8d6-3813-4fa9-8cae-84fa9efd727f', 'KALTAKQUISE', 'ACTIVE', 0, 'Funktion: Geschäftsführer/in (CEO) | Mitarbeiter: 11 bis 20 | Branche: Wohnbaugenossenschaften | Rechtsform: Genossenschaft'),
('2e6cd224-1f79-44b3-84a9-025a060620d8', 'e44209dc-47a9-42d6-bed7-db2060cd6b6a', 'KALTAKQUISE', 'ACTIVE', 0, 'Funktion: Geschäftsführer/in (CEO) | Mitarbeiter: 1 bis 10 | Branche: Wohnbaugenossenschaften | Rechtsform: Genossenschaft'),
('db7db1cc-5ebc-462b-9a81-db8ecbbedabd', 'c2a12391-d355-4cd2-995f-bdc872d2b3e1', 'KALTAKQUISE', 'ACTIVE', 0, 'Funktion: Geschäftsführer/in (CEO) | Mitarbeiter: 1 bis 10 | Branche: Wohnbaugenossenschaften | Rechtsform: Genossenschaft'),
('2994ae9c-04fc-4546-b805-2302c199a89a', '588b27fe-fea3-4e82-81e8-1af5a63d5bde', 'KALTAKQUISE', 'ACTIVE', 0, 'Funktion: Geschäftsführer/in (CEO) | Mitarbeiter: 1 bis 10 | Branche: Wohnbaugenossenschaften | Rechtsform: Genossenschaft'),
('a98b2100-49ae-467e-8c91-8e63a6c20f31', '059e86e9-11ce-46df-99e3-e41e14116066', 'KALTAKQUISE', 'ACTIVE', 0, 'Funktion: Geschäftsführer/in (CEO) | Mitarbeiter: 1 bis 10 | Branche: Wohnbaugenossenschaften | Rechtsform: Genossenschaft'),
('1b7397e2-f150-4ca0-bbbc-4e18f13b0685', '40b46f8d-a7f0-4fdd-9ca4-3669ef9f2d96', 'KALTAKQUISE', 'ACTIVE', 0, 'Funktion: Geschäftsführer/in (CEO) | Mitarbeiter: 101 bis 500 | Branche: Top 2''000 CH-Unternehmen | Rechtsform: Aktiengesellschaft'),
('3dbfb1ae-2a39-47b8-bfaf-3ed6127f32d4', 'f4bf4421-02ff-4c66-b6fb-43439315a094', 'KALTAKQUISE', 'ACTIVE', 0, 'Funktion: Geschäftsführer/in (CEO) | Mitarbeiter: 11 bis 20 | Branche: Energieindustrie / Solar & Photovoltaik | Rechtsform: Genossenschaft'),
('336172a7-8050-4d11-971f-132c2e426ad0', 'a3c46aab-82ec-4fb6-bb2f-119df1092823', 'KALTAKQUISE', 'ACTIVE', 0, 'Funktion: Geschäftsführer/in (CEO) | Mitarbeiter: 1 bis 10 | Branche: Energieindustrie / Nachhaltigkeitsbereich / Solar & Photovoltaik | Rechtsform: Genossenschaft'),
('82ee7d10-457c-4583-b153-55080258119d', 'b43fef32-a34e-4b06-9a47-cd4403268216', 'KALTAKQUISE', 'ACTIVE', 0, 'Funktion: Geschäftsführer/in (CEO) | Mitarbeiter: 1 bis 10 | Branche: Wohnbaugenossenschaften | Rechtsform: Genossenschaft'),
('19c9b6cf-6711-44ae-943f-002d32a333b6', '2dcb0cc9-7809-4a38-98d3-665685b90c20', 'KALTAKQUISE', 'ACTIVE', 0, 'Funktion: Geschäftsführer/in (CEO) | Mitarbeiter: 1 bis 10 | Branche: Museum & Theater'),
('91a5e5e1-72c5-4143-8ac4-e635a8a19f42', '81eb9007-3640-4231-8001-19be71da4b03', 'KALTAKQUISE', 'ACTIVE', 0, 'Funktion: Geschäftsführer/in (CEO) | Mitarbeiter: 11 bis 20 | Branche: Detailhandel - Food & Getränke | Rechtsform: Genossenschaft'),
('dc3943b8-57ab-4a11-b201-b154e8547451', 'db6dcfb8-e9cf-436d-8aed-c4e08c2b7524', 'KALTAKQUISE', 'ACTIVE', 0, 'Funktion: Geschäftsführer/in (CEO) | Mitarbeiter: 21 bis 50 | Branche: Lebensmittelverarbeitung | Rechtsform: Genossenschaft'),
('6c4cce90-e3e1-476a-911e-95b5fd20d6de', '6e0192e8-e78e-4ba1-95de-ceaa6e129987', 'KALTAKQUISE', 'ACTIVE', 0, 'Funktion: Geschäftsführer/in (CEO) | Mitarbeiter: 51 bis 100 | Branche: Alters- & Pflegeheime | Rechtsform: Genossenschaft'),
('382a26ba-c379-40f2-b633-e48945014673', 'f8bf7a95-a6c1-480e-8589-7fdec975cfd6', 'KALTAKQUISE', 'ACTIVE', 0, 'Funktion: Geschäftsführer/in (CEO) | Mitarbeiter: 11 bis 20 | Branche: Restaurants | Rechtsform: Genossenschaft'),
('3bdd1306-8cf7-499a-a196-26d77533fb2c', '1f5fe952-7bfc-4ac5-be00-5c79832875dd', 'KALTAKQUISE', 'ACTIVE', 0, 'Funktion: Geschäftsführer/in (CEO) | Mitarbeiter: 11 bis 20 | Branche: Clubs, Bars & Eventlocations / Restaurants | Rechtsform: Genossenschaft'),
('0c405e3a-618e-4f2e-ace0-c74020ef4aa9', '8b65f207-b492-4980-a5b5-5e6e299e6602', 'KALTAKQUISE', 'ACTIVE', 0, 'Funktion: Geschäftsführer/in (CEO) | Mitarbeiter: 1 bis 10 | Branche: Wohnbaugenossenschaften | Rechtsform: Genossenschaft'),
('886b9b35-30e9-4795-b27d-fb557e375e10', '1671a7b4-eb3c-44a7-b5fd-d1fbdf4d89ea', 'KALTAKQUISE', 'ACTIVE', 0, 'Funktion: Geschäftsführer/in (CEO) | Mitarbeiter: 1 bis 10 | Branche: Wohnbaugenossenschaften | Rechtsform: Genossenschaft'),
('ae18f9a2-ece8-4a20-90ba-073a908f78de', '0b1286e5-2819-4a3a-9ae2-d76776aa4cf7', 'KALTAKQUISE', 'ACTIVE', 0, 'Funktion: Geschäftsführer/in (CEO) | Mitarbeiter: 11 bis 20 | Branche: Energieindustrie / Solar & Photovoltaik | Rechtsform: Genossenschaft'),
('3b269203-7b25-48b4-bfcb-fa818bb6996f', 'd94b6d6b-57df-4c68-a343-6e98c2a66b6e', 'KALTAKQUISE', 'ACTIVE', 0, 'Funktion: Geschäftsführer/in (CEO) | Mitarbeiter: 1 bis 10 | Branche: Energieindustrie | Rechtsform: Genossenschaft'),
('6c936d60-1880-4f68-aa30-6a5b46851413', '7f0b92fb-9295-42fe-bb87-597f2508b983', 'KALTAKQUISE', 'ACTIVE', 0, 'Funktion: Geschäftsführer/in (CEO) | Mitarbeiter: 1 bis 10 | Branche: Detailhandel - Food & Getränke');

INSERT INTO lead_tags (lead_id, tag_id) VALUES
('e9047ce8-8c82-4ea7-8f7d-a194b136c142', 'ka-b2b'),
('44de2d88-51a2-44a8-b671-4ef0124b7f84', 'ka-b2b'),
('7d37e8bd-21c6-408e-89b8-6e2e5be1b9bb', 'ka-b2b'),
('89167a31-573a-4fa2-bc9c-92b324d3e9c0', 'ka-b2b'),
('ac53db03-1e6b-46af-bc88-2c02ecc81064', 'ka-b2b'),
('58e430de-11d0-4767-abe4-77b6550cd91b', 'ka-b2b'),
('059e9328-fc84-4f97-8882-c27a320884e5', 'ka-b2b'),
('bc5cc87a-51c7-467c-9e72-f90488bbf172', 'ka-b2b'),
('052dbb63-6e02-4541-942d-2a88b22360c4', 'ka-b2b'),
('ba58c061-9326-4342-b156-0f17e716f815', 'ka-b2b'),
('7c5cba74-6978-4164-9b30-e0909a90059d', 'ka-b2b'),
('23b58e70-a36c-4f53-a7d5-1c641693081f', 'ka-b2b'),
('ad61f58a-d8ac-40c7-8901-6b60f28335ad', 'ka-b2b'),
('4311dd50-47dc-4774-9db8-f1192205f71c', 'ka-b2b'),
('4c102170-fa4b-4dcd-acfe-577352dae72f', 'ka-b2b'),
('1f8f9706-8527-4cb3-92f6-d60ef6b6993a', 'ka-b2b'),
('fd1693b1-3081-4d17-983d-559204de17e7', 'ka-b2b'),
('e71ace47-39e3-468f-9c80-ab1a8f1ca685', 'ka-b2b'),
('69e691c9-34fc-40ac-85c8-bd9bf6082e02', 'ka-b2b'),
('3b13e879-c289-4a52-a6f5-e7f10230d4bf', 'ka-b2b'),
('b7065900-30f3-42c1-847c-f05812edd5fa', 'ka-b2b'),
('955cd89a-e53f-4416-9f58-4c2f118df84c', 'ka-b2b'),
('067f8b65-3947-48bb-b27c-dca76c43eae6', 'ka-b2b'),
('bc94354b-ec29-4ba2-bf63-d0a1d2b3d97f', 'ka-b2b'),
('a8cec162-b415-4572-a8fb-d7ebd006cc8d', 'ka-b2b'),
('706423cc-7b3b-4075-9409-9ec1e94d6fd6', 'ka-b2b'),
('ad6642bd-f1dd-492e-bacf-9a70f460b23f', 'ka-b2b'),
('bf2d9377-e9f8-47a9-980f-e567ba252b36', 'ka-b2b'),
('27e90918-0512-435b-86c4-e66b4e68bc85', 'ka-b2b'),
('091d455e-f827-4e49-8a9a-50540ff74f70', 'ka-b2b'),
('172d828b-f727-4cb8-a3ac-b3256e128011', 'ka-b2b'),
('9e94e189-e11e-4c58-a2cf-dd6c9dffd11a', 'ka-b2b'),
('fec5e0e7-2638-4233-ad7b-898d822a2b60', 'ka-b2b'),
('a6b87f8e-6d01-4169-87ad-880410d205a0', 'ka-b2b'),
('101f1ebe-4e15-4a5c-be1b-7d2a2c15d95b', 'ka-b2b'),
('acfb73bc-c300-4f1c-b060-03aad754c4e4', 'ka-b2b'),
('82014b80-c2bc-4cfc-946b-adadb65216c2', 'ka-b2b'),
('79b437ba-0648-4b09-a71f-fba20392cb2d', 'ka-b2b'),
('5cfcf56c-50f7-4b85-a645-855f5b9b0c3e', 'ka-b2b'),
('d5e30eae-9d60-4e01-858c-ebeeebda5f86', 'ka-b2b'),
('7e7efa2a-3035-4935-b617-36c2c2341ee9', 'ka-b2b'),
('85c668c8-0f32-4eb3-900e-b9a751b09ad3', 'ka-b2b'),
('497704c0-fb11-455a-8225-2709682568a7', 'ka-b2b'),
('daf2c742-0ec2-4435-a015-c8d1ab35c947', 'ka-b2b'),
('557921a7-b280-48a8-8f36-cbdc5f4feb8a', 'ka-b2b'),
('29e15c7e-ca84-4327-89eb-dec364cd2185', 'ka-b2b'),
('55344eed-f9ae-40ca-946d-e4b6e87e9981', 'ka-b2b'),
('6bb9ddb5-0cee-4b7b-a144-942ae68c3359', 'ka-b2b'),
('73fc2cdd-3d39-4a12-897b-82a0b0e4924e', 'ka-b2b'),
('c42ebe81-295d-4cc5-841e-d917594cf6a6', 'ka-b2b'),
('ca734406-ee11-4fd4-8ea7-464fdee9420e', 'ka-b2b'),
('854d6b5e-c6c9-4dac-b564-fd50b68aed00', 'ka-b2b'),
('474c666f-d48b-418d-9098-b9bfecb47b41', 'ka-b2b'),
('59e1e046-454f-4b43-86b7-35dd54597c66', 'ka-b2b'),
('468713fb-4425-48e7-83e3-0f6f4988405f', 'ka-b2b'),
('396c7a92-60e3-4592-aa4e-6e4e73130c98', 'ka-b2b'),
('afc5a0d6-0dc2-4135-82e1-52cf62bb69d4', 'ka-b2b'),
('9d4b6e70-238d-4e6c-b828-52f00b310ebe', 'ka-b2b'),
('79fca427-ae43-4499-b994-c666803f76b7', 'ka-b2b'),
('e70357b7-e7cb-4836-8181-4f63dbbed2da', 'ka-b2b'),
('070f6c77-de1a-4583-91e8-e5825923c92f', 'ka-b2b'),
('458905ea-aac6-4c7e-aedc-feb5ad7c7d23', 'ka-b2b'),
('5e272798-ad75-4c98-8e57-37ab78fe4ea9', 'ka-b2b'),
('f17d6c8f-440d-4b77-9229-524f0bfdfc91', 'ka-b2b'),
('f2286551-c364-4263-9c45-3af4f481da87', 'ka-b2b'),
('0dfa9537-5ffd-4f11-ad85-b0d5bc0c482a', 'ka-b2b'),
('4e2a252f-5d4b-4af4-834a-dc53e1383dab', 'ka-b2b'),
('6291b8f7-dc2f-4600-b3e5-a1731edf405a', 'ka-b2b'),
('98d1fb88-c65b-4446-8cac-3fa1259922b1', 'ka-b2b'),
('a18969d0-f6da-44f3-a8c3-3cda9ae233cc', 'ka-b2b'),
('e90fc21c-6f29-4c0b-b4b9-08e576d0faec', 'ka-b2b'),
('c67d3d58-4238-4ea7-a83c-3fa55612fba1', 'ka-b2b'),
('108b23d5-abcb-4452-bbf8-5fd477d696e6', 'ka-b2b'),
('cbf89880-8109-462c-bd42-feeb917bb287', 'ka-b2b'),
('06fafac7-c60f-46b6-b3ac-8d42633da1bf', 'ka-b2b'),
('58f94409-f02b-4eac-a0f1-c056119f1a82', 'ka-b2b'),
('c7d913ab-6e0e-40c9-8944-9cd28fe48e32', 'ka-b2b'),
('099f307f-2ab9-4ba0-9580-5a9c067e3dd1', 'ka-b2b'),
('ca49216f-aaf8-4f34-979c-1417279a1931', 'ka-b2b'),
('362885d5-d87b-4375-953c-4b66129a9ce8', 'ka-b2b'),
('18aa070c-cbc8-4e7e-9b29-25d0c7257128', 'ka-b2b'),
('e5b6f5bf-a082-4cc1-b612-628d61453720', 'ka-b2b'),
('618a5aec-c6b9-42cd-8dbf-a086b16a0afa', 'ka-b2b'),
('21524b06-3d71-497a-b078-40df91085c77', 'ka-b2b'),
('4ed29558-7b98-42b7-9200-e9d41e4585ab', 'ka-b2b'),
('cae58f48-cd60-4833-b9ea-5c16d991e1d8', 'ka-b2b'),
('d28ecc36-3b78-4056-9d07-ad7177b1faa4', 'ka-b2b'),
('26321180-5606-4151-9cc0-381c37cfeefd', 'ka-b2b'),
('7aa5ce81-5c46-4775-9e98-34323748e1ae', 'ka-b2b'),
('87aee773-52da-42b2-9755-6a73b4f18968', 'ka-b2b'),
('e2816847-6cf9-42ca-9d43-b597b252c206', 'ka-b2b'),
('7dfa8223-5824-47fb-a6af-ef8c4fa07cef', 'ka-b2b'),
('e179e95a-0d62-4e9e-b79a-12bb4a0a927a', 'ka-b2b'),
('7519ec45-d38f-4e39-a71e-fefb355f0b4f', 'ka-b2b'),
('c51f0a42-70a5-4c32-a768-63d826d96abe', 'ka-b2b'),
('bb876109-0bf9-44a3-8a41-a8666cc700bc', 'ka-b2b'),
('17abc8b1-4eb9-4563-8534-914a9757e530', 'ka-b2b'),
('9fa03141-1ca8-472a-bd91-1475473fa213', 'ka-b2b'),
('30868e1b-a101-4c6e-a218-162e06eb355c', 'ka-b2b'),
('6d12b35a-1796-4459-9987-a21becf29cbe', 'ka-b2b'),
('09fb8017-8ee1-4b46-b078-affdfa45c37a', 'ka-b2b'),
('e26a925b-51dc-40b6-acf3-05abd4855ee0', 'ka-b2b'),
('56d5d15c-9949-4137-81b4-c273ddeec05f', 'ka-b2b'),
('4aa312d6-4702-491c-b815-b0c0b1cfdc41', 'ka-b2b'),
('3559d581-63ea-444e-bb23-591937a9b063', 'ka-b2b'),
('c14f7cc0-741b-42ad-90f0-a134472d012a', 'ka-b2b'),
('582d2a90-5761-47e4-b18f-e3dbac2f4c20', 'ka-b2b'),
('eb426f2f-638b-4c49-872e-daf0534a1436', 'ka-b2b'),
('42f554f9-bcff-4a4c-9635-d20ff6caaa52', 'ka-b2b'),
('9e8d0679-042a-4f57-9fde-9338a57943da', 'ka-b2b'),
('2e92d955-b061-4749-a7af-c958d145bde3', 'ka-b2b'),
('f5e326d5-5b00-4c7f-9f9b-da0fedf309e0', 'ka-b2b'),
('75b5812f-e93a-48dd-93bf-7d212d6b7dbb', 'ka-b2b'),
('6867655c-d97a-42c1-93fb-b84aaa463fbd', 'ka-b2b'),
('7b347703-b76a-42c1-9ffb-9a8ca2b7d178', 'ka-b2b'),
('64e0e4a8-547a-44d9-94aa-91c406b24e0d', 'ka-b2b'),
('452d5eb7-5bb2-4e6a-86e7-33d1a7913445', 'ka-b2b'),
('62b35327-902f-4c8b-810b-9f80ea201356', 'ka-b2b'),
('24d4d2a1-5d49-4fad-a181-26e6bd7267de', 'ka-b2b'),
('36b86a42-bfd8-400b-a345-78a6cbb96e81', 'ka-b2b'),
('5cc22669-8160-47b2-a218-6219b65d6c13', 'ka-b2b'),
('325c4935-5727-4b75-9885-3e3aa033be3e', 'ka-b2b'),
('ae118ef3-9ee3-4782-9d6e-7471117a25e7', 'ka-b2b'),
('d9f22c05-9caa-4ad1-8b5c-a7acfd28064b', 'ka-b2b'),
('e4425b36-9db3-496e-8539-ec9f693d7523', 'ka-b2b'),
('1d04a217-2d81-418b-be80-e6d2d8905bdb', 'ka-b2b'),
('8d3800e8-3e45-4f81-9332-557e1deb30cc', 'ka-b2b'),
('a5bb505a-4290-4841-8b9a-807fe0dde50b', 'ka-b2b'),
('49efb4cd-a6fd-4bd7-a899-fb59016a823e', 'ka-b2b'),
('06d53409-cfe2-4809-9304-2b5f94c578ed', 'ka-b2b'),
('e67f64eb-da6f-4988-bd44-7a7b8c130888', 'ka-b2b'),
('a5a97f9f-0e5a-41e7-8800-56b34d13a4ca', 'ka-b2b'),
('661c6ebf-53d2-4305-860c-2b7c40950860', 'ka-b2b'),
('8e939b1d-1094-4e3c-aa38-d344f5117068', 'ka-b2b'),
('0d11c36e-6f75-4d2f-b51d-21870bd721c0', 'ka-b2b'),
('188808da-cb03-4e40-82b5-9f3f5d7690d9', 'ka-b2b'),
('768e484f-e75a-4552-9483-a0e2363c44d6', 'ka-b2b'),
('c8b49b38-6a9f-452b-80a7-5d0511df0ac0', 'ka-b2b'),
('f313ade1-3fc3-4f51-876e-37bf3845af59', 'ka-b2b'),
('8f4cb547-974d-4a1e-af8f-a26614916a68', 'ka-b2b'),
('de76649a-a249-478e-b609-03c9b1d026c8', 'ka-b2b'),
('187fd4ba-19af-4630-97f1-41d695a8378f', 'ka-b2b'),
('fd31abcd-833e-4cb3-97fb-d76491908ee3', 'ka-b2b'),
('1f21a50e-458c-4922-b4f5-13e59cb1e9ab', 'ka-b2b'),
('2071ef0a-413e-4412-8f7e-ec1a3f52adc4', 'ka-b2b'),
('25c94757-a69b-4bfd-8634-2e1a755ab10f', 'ka-b2b'),
('e41601bc-6a38-4260-af97-073dd95673e5', 'ka-b2b'),
('f68e2ac3-3e2f-43f4-9621-4beac7f4a988', 'ka-b2b'),
('fc4ea1f4-9b6f-49ce-a199-c74e9712c7de', 'ka-b2b'),
('68382c61-2e99-43ba-b0f5-4f311beabc9c', 'ka-b2b'),
('b3a466e1-6171-4fe0-a6b9-c00e1382d157', 'ka-b2b'),
('87659252-18c3-4c20-b158-2802a4a8a986', 'ka-b2b'),
('e395b093-7baa-420d-ac1a-1f0684870086', 'ka-b2b'),
('c4727eae-0571-4be3-9568-7cf0838c865d', 'ka-b2b'),
('798e543a-ddc7-44dc-bc2f-dbc26a90f26a', 'ka-b2b'),
('7f95c9d5-aa70-4409-992c-b5fea5e6970a', 'ka-b2b'),
('1618b43f-3b42-4675-8d55-7d38e8e6b9f2', 'ka-b2b'),
('088b5e7e-35c8-492f-8766-38f808dd2821', 'ka-b2b'),
('b14a6c05-a643-49f4-a715-976d0c3456c5', 'ka-b2b'),
('4fcb1c58-3c9e-4fac-8434-d5feb6131497', 'ka-b2b'),
('a0b6899d-a96b-41c4-b66f-06e17e6c1e2b', 'ka-b2b'),
('575c25c4-c37f-4355-a933-59543b0781e2', 'ka-b2b'),
('e1b7a6f9-11aa-4190-8f0c-06da300839fa', 'ka-b2b'),
('9c749778-8409-40a6-b963-46e19b522133', 'ka-b2b'),
('6ec850f0-1a11-46a7-9f9f-6617a55710c3', 'ka-b2b'),
('222dc6ad-a47d-4130-b40c-d5facd91d484', 'ka-b2b'),
('18b6a77d-419d-48f8-907b-76393d4fae66', 'ka-b2b'),
('6863b248-4dee-4455-9d4e-ffd5ecb94df7', 'ka-b2b'),
('dc9dc6d7-81fa-4945-aef4-71c6d529eb2a', 'ka-b2b'),
('be708895-4e60-4665-9577-5f0b4b585de2', 'ka-b2b'),
('cbcb5c97-cc2f-4c55-8530-daf1a1fb62d8', 'ka-b2b'),
('0bd78039-db9b-4aff-a7cd-aaa207e8b035', 'ka-b2b'),
('2d803469-3d99-4540-b8f7-107bc5d45940', 'ka-b2b'),
('434ee296-413c-402d-82b6-c3bd750a1081', 'ka-b2b'),
('de2cd423-a134-4f23-be59-810d8c4e2a8f', 'ka-b2b'),
('5b2eb201-da96-4e4e-8ed5-1944d950b74a', 'ka-b2b'),
('30bbfcb8-3480-4979-ae3f-13d0c0419de8', 'ka-b2b'),
('9cd582c0-fc3f-402d-bf22-b664296b7757', 'ka-b2b'),
('4beb2224-32d0-4772-bc3e-f894166f4f24', 'ka-b2b'),
('ee0177f1-cb58-4f70-a97b-695047649df4', 'ka-b2b'),
('759c9d4a-0490-4b12-9518-73f607cf48b9', 'ka-b2b'),
('2e6cd224-1f79-44b3-84a9-025a060620d8', 'ka-b2b'),
('db7db1cc-5ebc-462b-9a81-db8ecbbedabd', 'ka-b2b'),
('2994ae9c-04fc-4546-b805-2302c199a89a', 'ka-b2b'),
('a98b2100-49ae-467e-8c91-8e63a6c20f31', 'ka-b2b'),
('1b7397e2-f150-4ca0-bbbc-4e18f13b0685', 'ka-b2b'),
('3dbfb1ae-2a39-47b8-bfaf-3ed6127f32d4', 'ka-b2b'),
('336172a7-8050-4d11-971f-132c2e426ad0', 'ka-b2b'),
('82ee7d10-457c-4583-b153-55080258119d', 'ka-b2b'),
('19c9b6cf-6711-44ae-943f-002d32a333b6', 'ka-b2b'),
('91a5e5e1-72c5-4143-8ac4-e635a8a19f42', 'ka-b2b'),
('dc3943b8-57ab-4a11-b201-b154e8547451', 'ka-b2b'),
('6c4cce90-e3e1-476a-911e-95b5fd20d6de', 'ka-b2b'),
('382a26ba-c379-40f2-b633-e48945014673', 'ka-b2b'),
('3bdd1306-8cf7-499a-a196-26d77533fb2c', 'ka-b2b'),
('0c405e3a-618e-4f2e-ace0-c74020ef4aa9', 'ka-b2b'),
('886b9b35-30e9-4795-b27d-fb557e375e10', 'ka-b2b'),
('ae18f9a2-ece8-4a20-90ba-073a908f78de', 'ka-b2b'),
('3b269203-7b25-48b4-bfcb-fa818bb6996f', 'ka-b2b'),
('6c936d60-1880-4f68-aa30-6a5b46851413', 'ka-b2b');
