-- Batch 179 (200 records)
INSERT INTO contacts (id, first_name, last_name, email, phone, company, address) VALUES
('0acb8695-a3c2-4d3a-87e0-b00135609479', 'Michael', 'Haueter', 'info@haueter-consulting.ch', '052 550 50 51', 'Haueter Consulting AG', 'Schlösslipark 1, 8598 Bottighofen, Thurgau'),
('ff731508-9683-4c07-a7a9-fef937fe5f01', 'Oliver', 'Haueter', 'info@haueter-haustechnik.ch', '033 681 26 41', 'Haueter Haustechnik AG', 'Bächlenstrasse 1, 3753 Oey, Bern'),
('f6ece759-7b11-4d84-846d-727909d93b82', 'Steffen', 'Homolka', 'info@haug.swiss', '032 344 96 96', 'Haug Biel AG', 'Johann-Renfer-Strasse 60, 2500 Biel/Bienne, Bern'),
('48889828-c54b-44a7-af8a-e0cddfaf3b7d', 'André', 'Rotzetter', 'contact@cafehaug.ch', '041 811 16 16', 'HAUG Confiserie Café Restaurant AG', 'Am Postplatz 4, 6430 Schwyz, Schwyz'),
('8beba500-7cc6-457c-9790-0e22a88c000f', 'Christian', 'Haug', 'hitschhaug@gmail.com', '079 546 68 07', 'Haug Gebäudereinigungen', 'Langholzstrasse 65, 8618 Oetwil am See, Zürich'),
('d66b0a89-e5a3-43a4-9e26-52b8f90d729e', 'Bruno', 'Garcia', 'info@haug.ch', '071 313 99 55', 'HAUG Sauer Kompressoren AG', 'Industriestrasse 6, 9015 St. Gallen, St. Gallen'),
('15f5cab0-a707-45e7-bccc-924b953ebb38', 'Simon', 'Haugk', 'hi@haugk.com', '041 520 69 00', 'Haugk AG', 'Baarerstrasse 75, 6300 Zug, Zug'),
('9ec2d0be-ce70-4707-a27c-e238da1f2348', 'Mischa', 'Bosshard', 'mischa.bosshard@haupt-studer.ch', '044 755 66 49', 'Haupt + Studer AG', 'Wagistrasse 7, 8952 Schlieren, Zürich'),
('570f25a3-a366-4e5a-adc1-d1584f0a0e7c', 'Severin', 'Haupt', 's.haupt@haupt-ag.ch', '041 496 77 57', 'Haupt AG Ruswil', 'Rosswöschstrasse 28, 6017 Ruswil, Luzern'),
('69ab28b5-71ac-409e-a050-507944e6c8c0', 'Patrizia', 'Haupt', 'patrizia.haupt@haupt.ch', '031 309 09 09', 'Haupt Verlag AG', 'Falkenplatz 14, 3012 Bern, Bern'),
('47835496-b3b2-42ef-874d-15bd813c8d62', 'Stéphane', 'Meyer', 'info@haeuptli-marchesi.ch', '062 822 70 88', 'Häuptli & Marchesi AG', 'Rohrerstrasse 62, 5000 Aarau, Aargau'),
('dcf6ef58-2324-4c5b-af2e-3ac8f4164314', 'Werner', 'Häuptli', 'info@haeuptli-elektro.ch', '071 638 06 38', 'Häuptli AG', 'Bahnhofstrasse 9, 8572 Berg, Thurgau'),
('0f672c6a-9d78-4171-9a53-4bf07e7fdfe7', 'David', 'Hauptmann', 'hauptmann@hauptmann.com', 'N.a.', 'Hauptmann und Kompanie Werbeagentur AG', 'Englischviertelstrasse 24, 8032 Zürich, Zürich'),
('f97fa271-faa5-4079-84be-f962c736a62a', 'Daniel', 'Stalder', 'info@coiffeurhauptsache.ch', '041 210 46 70', 'Hauptsache', 'Franziskanerplatz 8, 6003 Luzern, Luzern'),
('051940cb-b81c-475a-a934-ed4eb2c99415', 'Dominik', 'Heinis', 'info@hauptsache.ch', '061 261 60 36', 'Hauptsache GmbH', 'Petersgasse 32, 4051 Basel, Basel-Stadt'),
('aafd0291-7ad3-4cde-aa26-070a1e09576c', 'Doris', 'Gisler-Imhof', 'willkommen@hauptsache-schwyz.ch', '041 811 61 61', 'Hauptsache haar & make-up GmbH', 'Hinterer Steisteg 22, 6430 Schwyz, Schwyz'),
('3ebe611b-a9d3-408f-8388-ccc3fda312a6', 'Thilo', 'Haupt', 'info@hauptsacheholz.ch', '077 527 12 57', 'Hauptsache Holz GmbH', 'Dorfstrasse 97, 8542 Wiesendangen, Zürich'),
('5f3bd599-1095-41aa-9271-d332b10932de', 'Peer Andreas', 'Haupt', 'service@hauptservice.ch', '079 408 21 52', 'HauptService GmbH', 'Müliweg 1, 9602 Bazenheid, St. Gallen'),
('135962cd-872a-4340-8b50-cb449b5a94c5', 'Christian', 'Gamma', 'info@sv-group.ch', '043 814 11 11', 'Hauptsitz - SV (Schweiz) AG', 'Wallisellenstrasse 57, 8600 Dübendorf, Zürich'),
('836426b2-0b50-4fc4-8c24-0fa9d29d2f14', 'Marina', 'Bolzli', 'marina.bolzli@hauptstadt.be', '078 205 46 89', 'Hauptstadt', 'Belpstrasse 53, 3007 Bern, Bern'),
('2a1ce166-ab2f-4d03-899c-53745b456957', 'Daria', 'Bretscher-Gabriel', 'info@hauptstadtcoiffure.ch', '052 720 20 00', 'Hauptstadt Coiffure', 'Zürcherstrasse 125, 8500 Frauenfeld, Thurgau'),
('e7c912da-2ed2-44d2-915d-25cde87411f7', 'René', 'Schwyter', 'info@hauptstadt-genossenschaft.ch', 'N.a.', 'Hauptstadt-Genossenschaft c/o Wohnbaugenossenschaften Bern-Solothurn', 'Freiburgstrasse 257, 3018 Bern, Bern'),
('c7857cc1-b03e-4e20-b397-207ac7fb7395', 'Stephan', 'Glarner', 'stephan.glarner@avegon.ch', '076 491 71 84', 'Hauptstandort AVEGON AG', 'Flughofstrasse 58, 8152 Glattbrugg, Zürich'),
('ab3ff830-2980-40fe-845f-fdd302cfaf90', 'Verena', 'Bauer', 'verena@haupt-taeter.ch', '076 340 32 57', 'Haupt-Täter Verena Bauer', 'Gesellschaftsstrasse 71, 3012 Bern, Bern'),
('66b1e1aa-93fd-4558-8c41-9fd8847dc669', 'Frank', 'Hauri', 'frank.hauri@hauriag.ch', '062 739 16 18', 'Hauri AG Staffelbach', 'Birkenweg 12, 5053 Staffelbach, Aargau'),
('af0ab110-a805-4457-9495-dce821bc1bce', 'Andreas', 'Hauri', 'info@hauri-baumanagement.ch', '062 213 00 41', 'Hauri Baumanagement AG', 'Distelbergstrasse 22, 5000 Aarau, Aargau'),
('eb556617-b0f1-44a8-9e9c-cc56267e8553', 'Remo', 'Hauri', 'info@bauwerkzeuge.ch', '044 954 84 84', 'Hauri Bautechnik AG', 'Allmendstrasse 19, 8320 Fehraltorf, Zürich'),
('5da121b5-1794-45f3-8b58-bda112cb5af5', 'Daniel', 'Hochstrasser', 'info@hauri-elektro.ch', '056 670 10 00', 'Hauri Elektro AG', 'Seefeldstrasse 10, 5616 Meisterschwanden, Aargau'),
('7182e07f-4b06-4cc0-8e37-82bdaa4a6497', 'Thomas', 'Hauri', 'thomas.hauri@hauribasel.ch', '061 361 80 80', 'Hauri Elektroinstallationen', 'Fäschengasse 7, 4059 Basel, Basel-Stadt'),
('74e1fa05-a3e1-4090-9340-63c9bc4e2991', 'Lukas Bernhard', 'Hauri', 'info@bioroesterei.ch', '078 237 10 80', 'Hauri Lü''s Bio Rösterei', 'Oensingerstrasse 36, 4703 Kestenholz, Solothurn'),
('47892161-5212-4c20-b7f8-b6f3c737b391', 'Thomas', 'Hauri', 'info@haurimontagen.ch', '079 415 07 81', 'Hauri Montagen Allg. Schreinerarbeiten und Montagen', 'Crestannes 6, 7270 Davos, Graubünden'),
('d072be77-9412-4a2f-89d6-8971f7053eb0', 'Monica', 'Hauri-Schudel', 'hauri@putz-haexe.ch', '044 955 00 85', 'Hauri Reinigungen GmbH', 'Usterstrasse 12, 8320 Fehraltorf, Zürich'),
('a8faa2dd-8658-414e-8ce7-f0d161bb8376', 'Isabel', 'Hauri-de Almeida', 'info@hauri-topreinigung.ch', '062 822 72 91', 'Hauri Top Reinigung GmbH', 'Rösslimattstrasse 6, 5033 Buchs, Aargau'),
('2e5b0dfc-bed7-4195-97a3-54271ac4ad5f', 'Daniel', 'Gast', 'info@haurigmbh.ch', '032 637 10 70', 'Hauri Transporte GmbH', 'Hauptstrasse 16, 4523 Niederwil, Solothurn'),
('5bf71992-db7c-4483-bdfb-862ccb8f90ff', 'Edwin', 'Wiederkehr', 'info@haus-plan.ch', '056 281 35 65', 'Haus + Plan Architektur GmbH', 'Distelweg 7, 5303 Würenlingen, Aargau'),
('bad838d0-c43a-416c-b1ab-889a0c8847db', 'Toni', 'Reichenbach', 'tohureichenbach@bluewin.ch', '033 744 40 89', 'Haus am Bach', 'Tubegrabe-Stafel, 3781 Turbach, Bern'),
('23660fc1-ef78-4b40-a07f-72064287f23a', 'Marc', 'Stoll', 'stollmarc@gmx.ch', '044 920 66 44', 'Haus am See', 'General-Wille-Strasse 144, 8706 Meilen, Zürich'),
('ebbf4107-83c9-4bed-a3a8-a9ed5fc311e5', 'Adriano', 'Frigo', 'info@amwaldrand.ch', '081 911 30 30', 'Haus am Waldrand', 'Via S. Clau 2a, 7018 Flims Waldhaus, Graubünden'),
('897666de-e335-41d9-84fb-c3c0b861751e', 'Daniela', 'Gätter', 'info@hausanderemme.ch', '076 380 17 71', 'Haus an der Emme', 'Schächli 1, 6170 Schüpfheim, Luzern'),
('51acc562-1344-44b2-ad0f-5c0584930fc3', 'Edith', 'Küchler', 'info@sckerns.ch', '041 660 03 15', 'Haus Bergfrieden', 'Tannalpstrasse 11, 6068 Melchsee-Frutt, Obwalden'),
('b6da3b76-892b-4ca3-9206-345b8b8b2f28', 'Patric', 'Degiampietro', 'anfrage@hausbergheim.ch', '079 560 20 10', 'Haus Bergheim', 'Weissenberge 107, 8766 Matt, Glarus'),
('e79ca7ec-4d20-4adb-a1e3-04a2317f0e67', 'Thorsten', 'Burkhardt', 'info@haus-birsstegweg.ch', '061 312 60 22', 'Haus Birsstegweg', 'Birsstegweg 4, 4127 Birsfelden, Basel-Land'),
('2e4baa1d-2639-4007-947f-dfbb921b99c6', 'Jeannette', 'Deflorin', 'bergschulheim-casoja@bluewin.ch', '081 384 13 29', 'Haus Casoja', 'Voa davos Lai 21, 7077 Valbella, Graubünden'),
('829ba291-9ebd-4742-acbe-f36fcb646bc3', 'Martin', 'Jakob', 'info@edelsteinhandel.ch', '055 285 90 98', 'Haus der Edelsteine GmbH', 'Etzelstrasse 6, 8730 Uznach, St. Gallen'),
('9cc4b508-2ead-4bbb-b519-a98f1cf4951e', 'Stefanie', 'Wettstein', 'wettstein@hausderfarbe.ch', '044 493 40 93', 'Haus der Farbe', 'Thurgauerstraße 60, 8050 Zürich, Zürich'),
('7592f9f8-c724-4448-b641-805d1dba26fe', 'Nicola', 'Guerra', 'fliesenhaus2021@gmail.com', '076 457 06 85', 'Haus der Fliesen Guerra', 'Hauptstrasse 1, 5113 Holderbank, Aargau'),
('09d33cdf-4b0a-46f7-8a72-a92e0c1ed209', 'André', 'Zurbriggen', 'info@haus-der-geschenke.ch', '027 957 25 06', 'Haus der Geschenke', 'Obere Dorfstrasse 40, 3906 Saas-Fee, Wallis/Valais'),
('2e7a8edb-48f2-42b1-98d2-0fc65399847c', 'Anna', 'Wechsler', 'verwaltung@hausderjugend.ch', '026 508 25 65', 'Haus der Jugend Hürlinen', '1716 Schwarzsee, Fribourg/Freiburg'),
('701568e1-e5e4-43b6-97f3-49a0c0b4ef2a', 'Sergei', 'Sirotka', 'team@hausdertexte.ch', '077 403 70 87', 'Haus der Texte', 'Laubeggstrasse 29, 3006 Bern, Bern'),
('a68900c0-9871-4e9e-ac6c-e512a07390a6', 'Béatrice', 'Böhringer', 'beatrice.boehringer@haus-eigenamt.ch', '056 464 22 19', 'Haus Eigenamt AG', 'Flachsacherstrasse 2, 5242 Lupfig, Aargau'),
('4e098f3e-c8ab-4c59-862a-a3908a74a9de', 'Alfons', 'Oehy', 'info@flumsi.ch', '079 678 49 87', 'Haus Flumsi', 'Schwendistrasse 38a, 8898 Flumserberg Tannenbodenalp, St. Gallen'),
('50065f49-2fd9-4777-a1cb-0184c9c540b1', 'Theres', 'Lindt', 'info@hausfuerkinder.ch', '031 922 13 21', 'Haus für Kinder', 'Burgerstrasse 16, 3063 Ittigen, Bern'),
('5fd99057-86ea-4284-b605-ba4a3db9f89b', 'Barbara', 'Zürcher', 'kurator@kunstverein-uri.ch', '041 870 29 29', 'Haus für Kunst Uri', 'Herrengasse 4, 6460 Altdorf, Uri'),
('50e9bcba-3a7a-43f6-ac25-37ba081308da', 'Christoph', 'Harder', 'haus.harder@bluewin.ch', '055 283 25 71', 'Haus Harder', 'Salenstrasse 1, 8739 Rieden, St. Gallen'),
('2ac00b3d-da77-43f9-bea7-2876b564a664', 'Elisabeth', 'Schnebli', 'kontakt@haus-hegifeld.ch', '052 242 52 30', 'Haus Hegifeld AG', 'Hegifeldstrasse 3, 8404 Winterthur, Zürich'),
('52d8d788-f0f1-46b9-87b3-a5cfe0b564bc', 'Markus', 'Weisshaupt', 'kontakt@kaennelalp.ch', '079 540 61 55', 'Haus Kännelalp', 'Kännelalp, 8753 Mollis, Glarus'),
('5cc5e6be-0000-4a83-87d3-07375c2d36b8', 'Denise', 'Fehlmann', 'info@ferienhaus-kaerpf.ch', '079 836 81 93', 'Haus Kärpf', 'Empächli 4, 8767 Elm, Glarus'),
('ad03566d-06f6-4c63-803a-9fbfe12532a9', 'Sandra', 'Müller', 'leonhard@mobilebasel.ch', '061 301 18 38', 'Haus Leonhard', 'In den Ziegelhöfen 24, 4053 Basel, Basel-Stadt'),
('dc81f6a3-28ec-4dc3-a173-aa8a01b1d97f', 'Thomas', 'Gmünder', 'info@lindenbuehl.ch', '071 344 34 34', 'Haus Lindenbühl AG', 'Lindenbüel 1, 9043 Trogen, Appenzell Ausserrhoden'),
('5f1d0376-2d8c-4227-abd0-03a7280dae3d', 'Laurie', 'Boston', 'laurie.boston@cranio-boston.ch', '078 818 99 62', 'Haus Löwen AG', 'Marktstrasse 21, 8890 Flums, St. Gallen'),
('20f46aca-ae64-44fb-a700-b4888a3e691d', 'Alois', 'Hechenberger', 'info@haus-muehlebach.ch', '027 971 14 41', 'Haus Mühlebach', 'Mühlebachstrasse 159, 3995 Ernen, Wallis/Valais'),
('63124a31-345d-4f60-a868-569262cfc148', 'Marianne', 'Gehrig', 'gehrigwalter@bluewin.ch', '044 821 13 79', 'Haus Oberheimet', 'Talalpstrasse 29, 8757 Filzbach, Glarus'),
('bc3115d4-bd0e-450f-95aa-8cbcdbfda052', 'Stephan', 'Bucher', 'sb@haus-oesterreich.ch', '041 220 06 44', 'Haus Österreich Weinimport GmbH', 'Moosstrasse 10, 6003 Luzern, Luzern'),
('0c41fae5-1d2d-4b52-bcc1-e5f30bf35d7b', 'Claudia', 'Winter', 'claudia.winter@haus-rheinblick.ch', '062 874 27 72', 'Haus Rheinblick GmbH', 'Marktplatz 7, 5080 Laufenburg, Aargau'),
('f3596697-94bd-486d-b5a8-2ab9bcdd707b', 'Franz', 'Ilg', 'info@haus-schlossmatt.ch', '032 631 21 30', 'Haus Schlossmatt', 'Hohfurenstrasse 2, 3380 Wangen an der Aare, Bern'),
('34221c48-9b52-4595-ab86-61fb65e5b3fe', 'Roland', 'Beeler', 'roland.beeler@bluewin.ch', '079 610 36 39', 'Haus Schnäls', 'Schnäls 2318, 8896 Flumserberg Bergheim, St. Gallen'),
('86341e43-279d-4bc4-a74b-50c55313a7c7', 'Verena', 'Vetsch', 'kontakt@haus-smaragd.ch', '081 740 39 37', 'Haus Smaragd', 'Bungertstrasse 31, 7323 Wangs, St. Gallen'),
('9d35b861-189a-413d-90a9-74f6470ee1b3', 'Franziska', 'Rohrer', 'f.rohrer@haussonnengarten.ch', '071 599 92 04', 'Haus Sonnengarten', 'Marolanistrasse 2, 9450 Altstätten, St. Gallen'),
('6502c397-645c-4f49-8d70-a1087e3da8e1', 'Lukas', 'Ahr', 'l.ahr@mobilebasel.ch', '061 361 00 17', 'Haus Spektrum', 'Tellstrasse 48, 4053 Basel, Basel-Stadt'),
('f652482c-2d0b-49ba-b342-f6fbf70300fd', 'Claudia', 'Haneke', 'claudi.haneke@haus-stmartin.ch', '031 711 16 33', 'Haus St. Martin - Sozialtherapeutische Gemeinschaft', 'Mattstall 81c, 3531 Oberthal, Bern'),
('3f58f3b0-4b44-4be1-867f-b7ae66b4d9a7', 'Franziska', 'Schmid', 'info@sttheodul-fiesch.ch', '027 970 14 00', 'Haus St. Theodul', 'Fieschertalstrasse 24, 3984 Fiesch, Wallis/Valais'),
('53e901e2-940c-465b-80d7-19ed31239158', 'Christian', 'Sprecher', 'info@hausstrela.ch', '081 374 13 63', 'Haus Strela', '7057 Langwies, Graubünden'),
('3bdb0b97-1e34-42c1-b4fe-0edf6b3d9771', 'Marcel', 'Geisser', 'tao@haustao.ch', '071 888 41 83', 'Haus Tao Meditationszentrum', 'Hinterlochen 335, 9427 Wolfhalden, Appenzell Ausserrhoden'),
('b8c00d1c-317c-4f75-a3a5-1de82423e07b', 'Carlo', 'Waber', 'info@haus-und-gartenpflege.ch', '044 946 07 18', 'Haus und Gartenpflege Waber', 'Zuntwisweg 8, 8605 Gutenswil, Zürich'),
('7dc9a5a9-bdab-4420-bde9-8ccd982191b5', 'Alfred', 'Holderegger', 'f-holderegger@bluewin.ch', '079 411 48 02', 'Haus- und Gartenservice Fredy Holderegger', 'Trasadingerstrasse 12, 8217 Wilchingen, Schaffhausen'),
('6029135e-2207-44a7-b600-da47b98d3857', 'Philipp', 'Nachbaur', 'kundendienst@haus-hobby.ch', '055 450 01 48', 'Haus und Hobby  c/o Mediashop Schweiz AG', 'Leuholz 14, 8855 Wangen, Schwyz'),
('4a71d9bf-5a5b-469c-b3c8-41c3e7a4a25e', 'Peter', 'Grossenbacher', 'praxis.alterswil@hin.ch', '026 494 33 11', 'Haus- und Kinderarztpraxis Alterswil Medium Salutis GmbH', 'Geriwil 4, 1715 Alterswil, Fribourg/Freiburg'),
('f53298aa-f62a-4d46-9a8a-069e550ba2d2', 'Roland', 'Frei', 'roland.frei@hvv-verwaltung.ch', '079 488 69 59', 'Haus und Versicherungs Verwaltung GmbH', 'Im Husacher 4, 5619 Büttikon, Aargau'),
('da2122d5-5260-44d6-9e6a-235dfbc8cb7a', 'Herbert', 'Caspar', 'technik@haus-viadi.ch', '081 650 06 15', 'Haus Viadi', 'Marktplatz 6, 7413 Fürstenaubruck, Graubünden'),
('e8e9d274-ffd1-4a79-b1a4-6873aee24ffc', 'Stephanie', 'Bärtsch', 'stephanie.baertsch@hausviva.ch', '071 757 04 04', 'Haus Viva Wohnen im Alter', 'Bildstrasse 14, 9450 Altstätten, St. Gallen'),
('97f94535-17b4-4ed5-b10c-33c0d0c8eda7', 'Ilir', 'Selmanaj', 'selmanaj@hausvorderdorf.ch', '071 343 82 82', 'Haus Vorderdorf', 'Wäldlerstrasse 4, 9043 Trogen, Appenzell Ausserrhoden'),
('2748f79d-4e1e-4557-b5b7-07fef950dbbe', 'Xaver', 'Miethlich', 'xaver.miethlich@hauswaeckerling.ch', '043 843 37 08', 'Haus Wäckerlin Pflegeheim', 'Tramstrasse 55, 8707 Uetikon am See, Zürich'),
('59e17708-32df-4d46-a12a-0c969e570b81', 'Peter', 'Koller', 'info@panoramazentrum.ch', '071 998 68 68', 'Haus West', 'Hauptstrasse 106, 9658 Wildhaus, St. Gallen'),
('0f67234d-75fb-4f98-80dd-deb62efdd314', 'Domenika', 'Schnider', 'domenika.schnider@haus-wieden.ch', '081 750 65 47', 'Haus Wieden Wohnen & Pflege im Alter', 'Wiedenstrasse 44, 9470 Buchs, St. Gallen'),
('222b5b9d-3835-42d9-a224-907102a1bb56', 'Manuel', 'Menrath', 'info@hauszumdolder.ch', '041 930 16 26', 'Haus zum Dolder', 'Flecken 17, 6215 Beromünster, Luzern'),
('17bb7bb2-2d33-4a73-9d68-e970b4848e4a', 'Hans Rudolf', 'Dürst', 'h.duerst@haus-seeblick.ch', '071 858 11 11', 'Haus zum Seeblick', 'Heidener Strasse 50, 9404 Rorschacherberg, St. Gallen'),
('ee59ca02-d7fa-40d7-a687-29e8ff44aeeb', 'Thomas', 'Christen', 'treuhand@thurgauerhof.ch', '061 927 50 30', 'Haus zum Thurgauerhof AG', 'Lindenstrasse 2, 4410 Liestal, Basel-Land'),
('baf05c8f-8a58-4d2c-a1d1-c161d9a854d2', 'Rolf', 'Grob', 'willkommen@hauszureintracht.ch', '071 761 10 00', 'Haus zur Eintracht', 'Buckstrasse 11, 9463 Oberriet, St. Gallen'),
('1ea5d84a-3422-4f1b-b510-5870e7d88c8c', 'Timo', 'Schneider', 't.schneider@hauszurheimat.ch', '062 287 55 75', 'Haus zur Heimat Alters- und Pflegeheim', 'Pestalozzistrasse 36, 4600 Olten, Solothurn'),
('369bbf67-10de-40bb-923e-3b6ea26a73fe', 'Barbara', 'Sigrist', 'barbara.sigrist@stauffacherin-zuerich.ch', '044 298 11 22', 'Haus zur Stauffacherin', 'Kanzleistrasse 19, 8004 Zürich, Zürich'),
('4d4c7359-783f-4c03-ad86-85b4ea390c69', 'Julia', 'Ambühl', 'ambuehl@praxis-kinderwelt.ch', '027 923 20 14', 'Haus Antares B', 'Glismattenstrasse 4, 3902 Glis, Wallis/Valais'),
('a5e65b4c-2b1c-4da6-a1a5-2d21cc51a4ce', 'Reto', 'Geiser', 'info@hausammann.be', '031 931 64 26', 'Hausammann Bodenbeläge GmbH', 'Wegmühlegässli 62, 3072 Ostermundigen, Bern'),
('81c21779-998c-4f56-97f6-95e79f1c8ca6', 'Bruno', 'Hausammann', 'info@hausammann.ch', '071 466 75 30', 'Hausammann Caravans & Boote AG', 'Kesswilerstrasse 20, 8592 Uttwil, Thurgau'),
('19034570-0b0c-4311-9ee4-e76b90c05a82', 'Walter', 'Hausammann', 'walter.haus@bluewin.ch', '079 244 62 66', 'Hausammann Metallbau', 'Haldenstrasse 1, 9315 Neukirch (Egnach), Thurgau'),
('5998351d-61bd-41a7-b195-d26db6578cbf', 'André', 'Suwanda', 'hausarzt-haus@hin.ch', '055 285 80 00', 'Hausarzt -Haus', 'Gasterstrasse 32, 8730 Uznach, St. Gallen'),
('92d66a74-9d97-45f4-8d40-a29efde2a8a4', 'Andrea', 'Donati', 'hl@hin.ch', '031 721 01 10', 'Hausarzt Lorymatte', 'Thunstrasse 16b, 3110 Münsingen, Bern'),
('b35006e2-9715-4b27-a556-c24d54b5d602', 'Andreas', 'Born-Stein', 'pb@hin.ch', '031 721 44 30', 'hausarzt praxis born', 'Bahnhofmatte 5, 3113 Rubigen, Bern'),
('fda6fbec-01e9-4451-9a0b-17450fb9abcf', 'Paul', 'Lienhard', 'lienhard.rueti@hin.ch', '055 250 50 80', 'Hausarzt Praxis Rüti', 'Bergstrasse 6, 8630 Rüti, Zürich'),
('f051516f-c72a-4afa-bd39-aa4217cce899', 'Christian', 'Loewe', 'praxisloewe@bluewin.ch', '071 333 22 27', 'Hausarzt- und Vitalpraxen Appenzellerland GmbH', 'Dorf 17, 9053 Teufen, Appenzell Ausserrhoden'),
('26c943f3-f9b6-4fb8-8bb2-db6488585b64', 'Marcus', 'Hassemer', 'praxis@hausarzt-volketswil.ch', '044 577 45 45', 'Hausarzt Volketswil', 'Tödiweg 1, 8604 Volketswil, Zürich'),
('fbce88b3-0879-4d4c-9bb7-9e00a24d8069', 'Felix', 'Bleisch', 'info@hab8.ch', '052 269 08 08', 'Hausärzte am Bahnhofplatz', 'Bahnhofplatz 8, 8400 Winterthur, Zürich'),
('db857e64-3099-4af8-a9c7-ce71ff599efa', 'Andreas', 'Berzins', 'empfang@berzins.ch', '061 836 18 00', 'Hausärzte am Gartenweg', 'Gartenweg 12, 4310 Rheinfelden, Aargau'),
('89b39a0c-4122-4648-aea4-8e46ae08187f', 'Marion', 'Habersack', 'hausaerzte.biglen@hin.ch', '031 700 07 07', 'Hausärzte Biglen AG', 'Rohrstrasse 51, 3507 Biglen, Bern'),
('760c68fe-28cc-4b56-954f-c7ee95d8d3d5', 'Verena', 'Spahn', 'verena.spahn@hin.ch', '052 659 60 60', 'Hausärzte Dachsen', 'Dorfstrasse 2a, 8447 Dachsen, Zürich'),
('5eac23fe-186f-4b77-9096-f590399de50e', 'Christoph', 'Simonett', 'praxis.ch.simonett@hin.ch', '062 865 60 80', 'Hausärzte GmbH', 'Zwidellen 2, 5070 Frick, Aargau'),
('0af5175a-220c-4555-be39-6b2302bb21e1', 'Raphael', 'Budmiger', 'praxis.reiden@hin.ch', '062 749 11 33', 'Hausärzte Region Reiden', 'Walke b, 6260 Reiden, Luzern'),
('31228e32-0160-4173-a28f-973a21613d42', 'Thomas', 'Furrer', 'hausaerzte-sarmenstorf@hin.ch', '056 667 36 33', 'Hausärzte Sarmenstorf', 'Kirchweg 31, 5614 Sarmenstorf, Aargau'),
('adfc85cc-c5a7-4c03-b205-be300ac2050b', 'Manfred', 'Wicki-Amrein', 'mwicki@hin.ch', '041 970 17 77', 'Hausärzte Willisau', 'Menzbergstrasse 14a, 6130 Willisau, Luzern'),
('7f611fd7-79bf-4a83-914e-3bb8ccffa5ce', 'Stefan', 'Zinnenlauf', 'hausaerzte-zentrum-witikon@hin.ch', '043 549 00 00', 'Hausärzte Zentrum Witikon', 'Witikonerstrasse 295, 8053 Zürich, Zürich'),
('3be2ca67-bb60-48ab-97f5-d61fc91f99aa', 'Martin', 'Seibl', 'martin.seibl@hin.ch', '041 531 13 13', 'Hausärzte zur Linde', 'Lindenmatt 14, 6343 Rotkreuz, Zug'),
('39505692-8b40-42f5-b58b-ad35135af208', 'Paul', 'Hufschmid', 'hausaerztehaus@hin.ch', '062 739 00 60', 'HausÄrzteHaus', 'Dorfstrasse 13, 5040 Schöftland, Aargau'),
('c19500f7-056b-4e1c-a83e-8eef3cbf3a6b', 'Mark', 'Bitterli', 'hausaerzte-weiningen@hin.ch', '044 752 20 20', 'Hausärzten Weiningen', 'Badenerstrasse 11, 8104 Weiningen, Zürich'),
('51c12dc7-9b44-4378-8de5-04857f434b91', 'Georg', 'Aulmann', 'ha-o@hin.ch', '032 355 23 30', 'HausärzteZentrum Orpund AG', 'Hauptstrasse 201, 2552 Orpund, Bern'),
('c6af2b41-1735-4a49-98cb-7bbe9cc15755', 'Rodolfo', 'Slongo', 'hausarzthaus@hin.ch', '055 610 20 22', 'HAUSARZTHAUS', 'Wiesenstrasse 10, 8867 Niederurnen, Glarus'),
('15e1986d-0cae-44f5-a0e7-9a98a65623a2', 'Patrick', 'Hutter', 'polipraxis.niederuzwil@hin.ch', '071 951 16 51', 'Hausärztliche Praxis Dr. med. Patrick Hutter', 'Herrenhofstrasse 36, 9244 Niederuzwil, St. Gallen'),
('d12ff1b1-2800-48bd-afa8-db43b0a888fb', 'Manfred', 'Hasler', 'manfred.hasler@hin.ch', '081 733 22 33', 'Hausarztpraxis am Bahnhof GmbH', 'Seezweg 3, 8890 Flums, St. Gallen'),
('8b4d4db9-663a-4a01-874e-3a4ef1ee289e', 'Felix', 'Kurth', 'praxisamdeich@hin.ch', '061 721 46 00', 'Hausarztpraxis am Deich', 'Teichstrasse 15, 4106 Therwil, Basel-Land'),
('e6beb671-2b81-4886-8942-faff860732b4', 'Hagen', 'Vetterli', 'praxis-mattenbach@hin.ch', '052 233 10 00', 'Hausarztpraxis am Mattenbach', 'Tösstalstrasse 174, 8400 Winterthur, Zürich'),
('8e5b55c6-1552-4d73-a5d5-5072e4d93920', 'Jürg', 'Fatzer', 'praxis.muehleweiher@hin.ch', '044 853 09 21', 'Hausarztpraxis am Mühleweiher', 'Regensbergstrasse 22, 8157 Dielsdorf, Zürich'),
('83b9c11e-cdcf-4c01-9cff-d57fc59d8ca4', 'Rolf', 'Anderhalden', 'praxis.anderhalden@hin.ch', '031 721 97 10', 'Hausarztpraxis Anderhalden-Groeneweg', 'Belpbergstrasse 51, 3110 Münsingen, Bern'),
('c5751e3d-b75e-400f-9448-d46c7653bd41', 'Liliana', 'Furrer', 'hausarztpraxis.arisdorf@hin.ch', '061 811 50 50', 'Hausarztpraxis Arisdorf', 'Hauptstrasse 72, 4422 Arisdorf, Basel-Land'),
('d96062a2-7526-445c-a3c3-c33a5ed20e8d', 'Richard', 'Kurmann', 'hausarztpraxisbenglen@hin.ch', '044 825 57 67', 'Hausarztpraxis Benglen', 'Buchenweg 17, 8121 Benglen, Zürich'),
('73cf5037-6970-4719-97df-dc09196e438f', 'Christoph', 'Thalmann', 'hausarzt-bilten@hin.ch', '055 619 60 20', 'Hausarztpraxis Bilten', 'Käsernstrasse 3, 8865 Bilten, Glarus'),
('4ed3d33c-98d1-4bdf-bec2-9b676502d6fe', 'Xaver', 'Huber', 'hausarztpraxis.birsfelden@hin.ch', '061 319 91 91', 'Hausarztpraxis Birsfelden', 'Hauptstrasse 35, 4127 Birsfelden, Basel-Land'),
('afeda7f7-61d7-4178-9022-dd9e81dc094e', 'Andrea', 'Krayenbühl', 'hausarztpraxisuster@hin.ch', '044 806 32 22', 'Hausarztpraxis Brauereistrasse', 'Brauereistrasse 3, 8610 Uster, Zürich'),
('54e794bf-2fb1-4d30-8e0d-6fdb83535a66', 'Karin', 'Eng', 'praxisbymbrunne@hin.ch', '061 721 53 53', 'Hausarztpraxis bym Brunne', 'Langgartenstrasse 2, 4105 Biel-Benken, Basel-Land'),
('5024ba46-1ce5-46fb-9320-5a7fac39af50', 'Matthias', 'Patti', 'hausarztpraxis-dinhard@hin.ch', '052 336 19 38', 'Hausarztpraxis Dinhard', 'Welsikerstrasse 8c, 8474 Dinhard, Zürich'),
('9e910bcf-90ac-4620-9611-5eebc8ba7895', 'Barbara', 'Fuchs', 'dorenbachpraxis@hin.ch', '061 421 88 22', 'Hausarztpraxis Dorenbach', 'Hauptstrasse 17, 4102 Binningen, Basel-Land'),
('ba74607b-5fee-4520-b959-8f58b3d67e42', 'Martin', 'Sigg', 'kontakt@hausarztpraxis-dorfplatz.ch', '041 660 52 33', 'Hausarztpraxis Dorfplatz', 'Pilatusstrasse 6, 6072 Sachseln, Obwalden'),
('708f2458-31c2-40a6-9c7c-383e6b03a4f4', 'Marina', 'Strässle-Pfister', 'praxis@hausarztpraxis-straessle.ch', '055 280 33 04', 'Hausarztpraxis Dr. M. Strässle-Pfister', 'Sulzweidstrasse 16a, 8737 Gommiswald, St. Gallen'),
('c20b7c30-ef0c-4fa8-90e3-5be03255c0b5', 'Elke', 'Brandenstein', 'praxis.maihof@hin.ch', '044 784 25 60', 'Hausarztpraxis Dr. med. Elke Brandenstein', 'Schulhausstrasse 1, 8834 Schindellegi, Schwyz'),
('bdb15b1a-54be-42ea-9a74-49b964681921', 'Maya', 'Strähl-Hochstrasser', 'praxis.straehl@bluewin.ch', '044 390 21 10', 'Hausarztpraxis Dr. med. M.Strähl-Hochstrasser und Dr. med. D. Meili', 'Witikonerstrasse 221, 8053 Zürich, Zürich'),
('11380386-fd78-455b-bbf4-1e28ab9bf85c', 'Ruth', 'Mathes', 'praxis-mathes@hin.ch', '055 412 40 40', 'Hausarztpraxis Dr. med. Ruth Mathes', 'Stegstrasse 33, 8808 Pfäffikon, Schwyz'),
('53c5f303-5ed4-4f37-80cc-cea832e5856c', 'Verena', 'Meyboom', 'verena.meyboom@hin.ch', '052 315 24 21', 'Hausarztpraxis Dr. Schindler und Dr. Meyboom', 'Wolfzangenstrasse 30, 8413 Neftenbach, Zürich'),
('e6a90780-ae1b-4872-a07d-5889fb5db6b6', 'Stephan', 'Locher', 's.locher.praxis@hin.ch', '044 322 88 77', 'Hausarztpraxis Dr. Stephan Locher', 'Wallisellenstrasse 333, 8050 Zürich, Zürich'),
('af5010f2-94cc-4ed0-b82c-f08dd39aec48', 'Christoph', 'Waldmann', 'praxiswaldmann@hin.ch', '061 406 96 66', 'Hausarztpraxis Dr. Waldmann und Dr. Rippstein', 'Stephan Gschwind-Strasse 12, 4104 Oberwil, Basel-Land'),
('339b0000-6ba3-4141-bbfe-6f46a6bb4b65', 'Charlotte', 'Regli', 'praxisregli@gmx.ch', '041 880 11 24', 'Hausarztpraxis Dres. Regli und Kummer', 'Gotthardstrasse 110, 6472 Erstfeld, Uri'),
('c45ae6e6-311f-46ad-8a71-0b1e2255cad5', 'Michael', 'Koller', 'hausarztduebendorf@hin.ch', '044 823 90 90', 'Hausarztpraxis Dübendorf', 'Neuhausstrasse 15, 8600 Dübendorf, Zürich'),
('65e4223d-8c02-4d0f-98e3-9ff7d289481a', 'Erich', 'Küenzi', 'hausarztpraxis.duennere@hin.ch', '062 216 00 44', 'Hausarztpraxis Dünnere', 'Bachstrasse 18, 4614 Hägendorf, Solothurn'),
('8ebae2b6-2c76-46d8-91e1-3e0c19eee28c', 'Adrian', 'Siegrist', 'hap-effretikon@hin.ch', '052 343 81 21', 'Hausarztpraxis Effretikon', 'Rikonerstrasse 32, 8307 Effretikon, Zürich'),
('80a133f2-8441-4e9a-b400-506c5647f72b', 'Maria', 'Goridis-Misteli', 'praxis-egg@hin.ch', '044 984 06 07', 'Hausarztpraxis Egg', 'Forchstrasse 143, 8132 Egg b. Zürich, Zürich'),
('36dd366c-f165-4ff4-8c7b-7bf79be8cf39', 'Ruedi', 'Vetsch', 'praxis.vetsch@hin.ch', '071 877 18 25', 'Hausarztpraxis Eggersriet', 'Heidenerstrasse 9, 9034 Eggersriet, St. Gallen'),
('6a53f9d6-9240-4db5-b5ee-78c5f883707a', 'Ulrich', 'Becker', 'praxis.becker.einsiedeln@hin.ch', '055 412 27 38', 'Hausarztpraxis Einsiedeln Im Gesundheitszentrum im Spital Einsiedeln', 'Spitalstrasse 30, 8840 Einsiedeln, Schwyz'),
('8d24d487-e0ab-4935-91b1-4bd14edd444c', 'Jens', 'Harder', 'praxis-eulach@hin.ch', '052 222 33 33', 'Hausarztpraxis Eulach', 'Eulachstrasse 8, 8408 Winterthur, Zürich'),
('04d111a2-3f1f-4dec-b9ed-673ed49e05b9', 'Hendrik', 'Meier', 'hausarztpraxis-faellanden@hin.ch', '044 826 28 50', 'Hausarztpraxis Fällanden', 'Maurstrasse 24a, 8117 Fällanden, Zürich'),
('f6d218c3-f085-4852-b0e1-88b15335fe1b', 'Frank', 'Klein', 'frank.klein@hin.ch', '041 757 10 80', 'Hausarztpraxis Frank Klein', 'Hauptstrasse 12, 6313 Menzingen, Zug'),
('37d147fc-86da-42e3-b393-d5dbf86948b1', 'Peter', 'Steck', 'peter.steck@hin.ch', '031 767 80 40', 'Hausarztpraxis Fraubrunnen', 'Tafelenfeldweg 1, 3312 Fraubrunnen, Bern'),
('99242e50-16ac-48fb-8bfa-70538396013d', 'Mirjam', 'Frey', 'hausarztpraxis-frey@hin.ch', '061 517 50 70', 'Hausarztpraxis Frey', 'Rheinstrasse 12, 4410 Liestal, Basel-Land'),
('a7d83fd2-9ec0-4f08-9bed-8d460591b7d7', 'Holger', 'Hänsch', 'praxis.gauenhof@hin.ch', '055 280 42 02', 'Hausarztpraxis Gauenhof', 'Rickenstrasse 25, 8737 Gommiswald, St. Gallen'),
('53741d7c-681f-4983-ae7b-3670532f9985', 'Cyrill', 'Jeger', 'goldgasse@hin.ch', '062 391 23 83', 'Hausarztpraxis Goldgasse GmbH', 'Goldgasse 14, 4710 Balsthal, Solothurn'),
('ded2dad3-fcf1-42d7-8c05-8e908255c93c', 'Nanette', 'Auerbach', 'info@gulmenmed.ch', '044 780 55 00', 'Hausarztpraxis Gulmenmed AG', 'Zugerstrasse 80, 8820 Wädenswil, Zürich'),
('2f4e91d7-4566-4797-94dc-30011261513b', 'Helena', 'Erni', 'helena.erni@bluewin.ch', '044 422 33 20', 'Hausarztpraxis Helena Erni', 'Sumatrastrasse 25, 8006 Zürich, Zürich'),
('cd9abc81-46f3-4332-97ed-3507e79ea109', 'Petra', 'Mestre', 'praxis.mestre@hin.ch', '041 280 45 22', 'Hausarztpraxis im Bären', 'Flecken 11, 6023 Rothenburg, Luzern'),
('61394bb1-cdac-474f-a52a-fda6e71b78c4', 'Claude', 'Breitenstein', 'claude.breitenstein@hin.ch', '061 906 96 66', 'Hausarztpraxis im Schild', 'Eichenweg 1, 4410 Liestal, Basel-Land'),
('aa7aedcf-c14b-4bce-aba8-7b5fc46c6196', 'Serhiy', 'Ivanytskyy', 'praxis.ivanitsky@hin.ch', '071 411 27 27', 'Hausarztpraxis Ivanytskyy', 'Weinfelderstrasse 61, 8580 Amriswil, Thurgau'),
('fd85d20f-f663-442d-83f3-1860058b54c9', 'Anne-Lise', 'Jordi-Racine', 'hausarztpraxis.kirchenfeld@hin.ch', '031 351 46 11', 'Hausarztpraxis Kirchenfeld Frau Dr. med. Anne-Lise Jordi-Racine', 'Weststrasse 4, 3005 Bern, Bern'),
('3ed20f4f-17f5-4af8-8141-5ab680fccff1', 'Jean-Paul', 'Jürgens', 'jeanpaul.juergens@hin.ch', '081 300 40 50', 'Hausarztpraxis Kirchreben', 'Kirchreben 1, 7310 Bad Ragaz, St. Gallen'),
('27be1ddb-b652-4f63-a917-a39b3826f2a7', 'Elham', 'Montazeri', 'hausarztpraxis@klinikhohmad.ch', '033 225 26 10', 'Hausarztpraxis Klinik Hohmad', 'Hohmadstrasse 1, 3600 Thun, Bern'),
('41a5e7dd-6583-4688-9663-132f0d34bb33', 'Magdalena', 'Bujan', 'praxis.bujan@hin.ch', '044 912 01 01', 'Hausarztpraxis Küsnacht', 'Rosenstrasse 6, 8700 Küsnacht, Zürich'),
('7196737f-44dd-48ca-98b4-4f5bc9d7490c', 'Oliver', 'Kutz', 'praxis-kutz@hin.ch', '041 799 86 10', 'Hausarztpraxis Kutz', 'Schöngrund 1, 6343 Rotkreuz, Zug'),
('c82a6ed6-2f5f-42e9-a5d5-01949ab196ea', 'Giovanni', 'Fantacci', 'fantacci@hin.ch', '044 850 32 85', 'Hausarztpraxis Langackerweg', 'Langackerweg 25, 8155 Niederhasli, Zürich'),
('373b2446-c9df-4735-b4de-ee6e5db1749b', 'Cora Nina', 'Moser', 'hausarztpraxis-liestal@hin.ch', '061 551 09 19', 'Hausarztpraxis Liestal', 'Bahnhofplatz 13, 4410 Liestal, Basel-Land'),
('9b491d9f-67cf-4450-b179-be1b631aa7ab', 'Andreas', 'Bürgi', 'andreas.buergi@hin.ch', '056 221 69 21', 'Hausarztpraxis Limmatpromenade', 'Limmatpromenade 26, 5400 Baden, Aargau'),
('82a564d7-cb54-44a9-9f22-e5985da46947', 'Andreas', 'Bunk', 'praxis@hausarzt-meilen.ch', '044 923 55 77', 'Hausarztpraxis Meilen', 'Winkelstrasse 30, 8706 Meilen, Zürich'),
('ac0939e6-878d-4a08-b9f3-9806e4b24c4c', 'Kathrin', 'Muggli Furrer', 'hausarztpraxis.moeriken@hin.ch', '062 893 33 31', 'Hausarztpraxis Möriken AG', 'Unteräschstrasse 5a, 5103 Möriken, Aargau'),
('4615b101-7f21-4c53-b390-acdb1e8e990c', 'Bernhard', 'Schaller', 'hausarztpraxismuttenz@hin.ch', '061 461 28 28', 'Hausarztpraxis Muttenz AG', 'Ausmattstrasse 1, 4132 Muttenz, Basel-Land'),
('be72c139-5e0b-4558-8ae8-449c604de6ec', 'Daniel', 'Baumann', 'nelken3@hin.ch', '052 212 40 50', 'Hausarztpraxis Nelkenstrasse', 'Nelkenstrasse 3, 8404 Winterthur, Zürich'),
('4e50b0cc-6a45-4a6c-b732-20d0cdd1f304', 'Andriy', 'Zhydkov', 'arztpraxis.niederholz@hin.ch', '061 602 04 20', 'Hausarztpraxis Niederholz', 'Rauracherstrasse 44, 4125 Riehen, Basel-Stadt'),
('c90978ca-ac11-44fd-8705-75d0a9bc01a5', 'Markus', 'Streich', 'markus.streich@hin.ch', '031 829 55 55', 'Hausarztpraxis Ortschwaben', 'Olympiaweg 1, 3042 Ortschwaben, Bern'),
('e823fe16-daf5-4cb1-9918-e6dd691c37ee', 'Stefan P.', 'Kradolfer', 'praxis@hausarztpicassoplatz.ch', '061 271 26 55', 'Hausarztpraxis Picassoplatz', 'Picassoplatz 8, 4052 Basel, Basel-Stadt'),
('72fcf9bc-5cf2-484a-830d-43596613ea88', 'Bettina', 'Bardill', 'bbardill@hin.ch', '081 252 94 22', 'Hausarztpraxis Poststrasse', 'Poststrasse 37, 7000 Chur, Graubünden'),
('e23fdf18-0a82-4016-bc3f-378a0fb99f2c', 'Marcel', 'Schmuki', 'mrcs@hin.ch', '071 222 66 77', 'Hausarztpraxis Poststrasse AG', 'Poststrasse 12, 9000 St. Gallen, St. Gallen'),
('fdd79366-571c-421f-80a5-655356a99eb8', 'Eva', 'Bettler', 'praxisbettler@bluewin.ch', '032 313 19 39', 'Hausarztpraxis Rebstock Ins', 'Rebstockweg 6, 3232 Ins, Bern'),
('5ef898d0-a300-4a99-bded-a92ba4ad4580', 'Julia', 'Bucher', 'hausarztpraxisroggwilwynau@hin.ch', '062 929 25 25', 'Hausarztpraxis Roggwil-Wynau', 'Kilchweg 2b, 4914 Roggwil, Bern'),
('7a4acfb7-52dd-4180-b931-83b73df4ea89', 'Andri', 'Schläpfer', 'mpa.schlaepfer@hin.ch', '081 833 17 77', 'Hausarztpraxis Schläpfer St. Moritz AG', 'Via Maistra 22, 7500 St. Moritz, Graubünden'),
('48158b5e-496e-4c40-9769-c35aa18345cc', 'Christian', 'Rauscher', 'christian.rauscher@hin.ch', '055 282 11 42', 'Hausarztpraxis Schmerikon GmbH', 'Bahnhofstrasse 5, 8716 Schmerikon, St. Gallen'),
('e0de2ba7-3858-497b-b8f8-eb52780227bb', 'Sabina', 'Torlakovic', 'st.praxis@hin.ch', '044 462 61 40', 'Hausarztpraxis Schmiede Wiedikon', 'Birmensdorferstrasse 126, 8003 Zürich, Zürich'),
('84789e37-b310-4348-8bf0-4b03533d15a6', 'Karin', 'Stadelmann', 'hausarzt-schuepbach@hin.ch', '034 497 31 31', 'Hausarztpraxis Schüpbach', 'Eggiwilstrasse 51, 3535 Schüpbach, Bern'),
('ee639148-8204-42ce-8439-c09cbcdc8d9d', 'Stefan', 'Funk', 'anmeldung@med-center.ch', '071 222 67 33', 'Hausarztpraxis St. Leonhard GmbH', 'St. Leonhard-Strasse 31, 9000 St. Gallen, St. Gallen'),
('0c747efa-e0f9-4614-9d70-ea73bd246271', 'Dilek', 'Kisner', 'info@drkisner.ch', '044 512 46 40', 'Hausarztpraxis Stadelhofen', 'Goethestrasse 20, 8001 Zürich, Zürich'),
('6572c440-fe8e-4f36-adb4-984eca33b565', 'Maximilian', 'Thau', 'hausarztpraxis.thau@hin.ch', '032 654 90 70', 'Hausarztpraxis Thau', 'Kirchstrasse 1, 2540 Grenchen, Solothurn'),
('986c16ae-4dd1-4a44-944e-a777a689a19f', 'Felix', 'Greminger', 'info@hausarztpraxis-thun.ch', '033 244 11 44', 'Hausarztpraxis Thun', 'Bernstrasse 1a, 3600 Thun, Bern'),
('49ce2a51-cf6b-4a21-a35d-677b9bda7487', 'Imke', 'Betschart', 'info@praxis-volketswil.ch', '044 945 50 67', 'Hausarztpraxis Volketswil', 'Huzlenstrasse 3, 8604 Volketswil, Zürich'),
('7c00bf78-c0e3-4f4a-86b3-29a97764f604', 'Thomas', 'Bauer', 'praxis.weidenhof@hin.ch', '071 446 06 46', 'Hausarztpraxis Weidenhof', 'Weidenhofstrasse 21, 9323 Steinach, St. Gallen'),
('c1eb1fd2-c1a1-4771-b347-3f3ae62fc62e', 'Andreas', 'Betschart Casti', 'praxis.weissenstein@hin.ch', '032 622 75 22', 'Hausarztpraxis Weissenstein', 'Schulhausstrasse 2, 4513 Langendorf, Solothurn'),
('7b406aec-fd40-4553-95bd-b80bacb75557', 'Can Ahmet', 'Uygun', 'praxisuygun@hin.ch', '052 202 87 80', 'Hausarzt-Praxis Winterthur', 'Unterer Graben 17, 8400 Winterthur, Zürich'),
('453af068-7b87-4126-bf97-df727663d02d', 'Olivier', 'Geisseler', 'hausarztpraxis.wolhusen@hin.ch', '041 490 11 07', 'Hausarztpraxis Wolhusen AG', 'Menznauerstrasse 11a, 6110 Wolhusen, Luzern'),
('fdac3dab-196b-48f2-b97a-6ecf3d025e61', 'Marc-Alain', 'Portmann', 'hausarztpraxis-worb@hin.ch', '031 839 25 03', 'Hausarztpraxis Worb', 'Richigenstrasse 4, 3076 Worb, Bern'),
('68191148-cbc0-4cb7-b0b5-6bab1ef3d13c', 'Daniel', 'Ess', 'info@hausarztpraxis-wuerzenbach.ch', '041 370 14 44', 'Hausarztpraxis Würzenbach', 'Kreuzbuchstrasse 46, 6006 Luzern, Luzern'),
('5945ec84-8b20-4cbc-8606-31b7ce3cfbb2', 'Reto', 'Misteli', 'reto.misteli@hin.ch', '061 973 03 90', 'Hausarztpraxis Zunzgen', 'Hardstrasse 3, 4455 Zunzgen, Basel-Land'),
('695b9cb7-73c5-403d-b394-0b70e8bded9f', 'Christian', 'Däumer', 'dr.daeumer@gmx.ch', '041 855 51 51', 'Hausarztpraxis-Goldau GmbH', 'Parkstrasse 5b, 6410 Goldau, Schwyz'),
('c19d28a2-a9a1-4a27-8a1a-9480f3e584d3', 'Daniel', 'Vuilleumier', 'info@hausarzt-steckborn.ch', '052 761 24 61', 'Hausarzt-Steckborn AG', 'Lindenweg 4, 8266 Steckborn, Thurgau'),
('d9df3259-b602-4250-ae49-cf0e198fbc0d', 'Beat', 'Rickenbacher', 'hausarztzentrum.stadtweg@hin.ch', '061 831 22 22', 'Hausarztzentrum am Stadtweg', 'Sadtweg 4, 4310 Rheinfelden, Aargau'),
('8dab688f-c204-4446-bead-3e4a8eb1be70', 'Joris', 'Budweg', 'hazb@hin.ch', '061 555 18 00', 'Hausarztzentrum Bethesda', 'Gellertstrasse 148.3, 4052 Basel, Basel-Stadt'),
('c0c542d3-8315-4dba-8b42-7c23a7dbf3ba', 'Aldo', 'Kramis', 'empfang@haz-gersag.ch', '041 269 50 00', 'Hausarztzentrum Gersag AG', 'Rüeggisingerstrasse 29, 6020 Emmenbrücke, Luzern'),
('8c57345e-c16c-4fba-965c-933bba7fb1ff', 'Christoph', 'Nägeli', 'mpa.hzif@hin.ch', '052 319 14 00', 'Hausarztzentrum im Fleudebüel.', 'Im Fleudebüel 10, 8460 Marthalen, Zürich'),
('7ebe49ff-8617-45e8-bb13-3df794becb19', 'Daniel', 'Woodtli', 'info@hausarztzentrum-schwyz.ch', '041 818 30 50', 'Hausarztzentrum Schwyz AG', 'Steistegstrasse 13, 6430 Schwyz, Schwyz'),
('e477360a-fe10-4e27-ab5c-62f60cab390e', 'Roland', 'Russi', 'praxisrussi@hin.ch', '071 622 11 88', 'Hausarztzentrum Weinfelden', 'Bankstrasse 2, 8570 Weinfelden, Thurgau'),
('d35a86ab-da5e-43e8-abe9-938273998052', 'Benjamin', 'Flückiger', 'info.benibrau@gmail.com', 'N.a.', 'Hausbrauerei Beni''s Homebrew', 'Alter Schulweg 12, 5102 Rupperswil, Aargau'),
('c4de2987-856e-4fa7-bc76-7545e8e79c20', 'Kurt', 'Hintermann', 'info@buchserbier.ch', '079 665 66 80', 'Hausbrauerei Kudibräu, Kurt Hintermann', 'Mitteldorfstrasse 53, 5033 Buchs, Aargau');

INSERT INTO leads (id, contact_id, source, status, value, notes) VALUES
('25ad3708-c223-4001-9041-274bcd19db25', '0acb8695-a3c2-4d3a-87e0-b00135609479', 'KALTAKQUISE', 'ACTIVE', 0, 'Funktion: Geschäftsführer/in (CEO) | Mitarbeiter: 1 bis 10 | Branche: Unternehmensberater / Versicherungsbroker & -makler | Rechtsform: Aktiengesellschaft'),
('f560fb0b-70ef-4783-b9a4-b03db72c5aae', 'ff731508-9683-4c07-a7a9-fef937fe5f01', 'KALTAKQUISE', 'ACTIVE', 0, 'Funktion: Geschäftsführer/in (CEO) | Mitarbeiter: 1 bis 10 | Branche: Sanitär & Haustechnik | Rechtsform: Aktiengesellschaft'),
('aeaef315-7fab-4458-8c45-52dc2d72f18b', 'f6ece759-7b11-4d84-846d-727909d93b82', 'KALTAKQUISE', 'ACTIVE', 0, 'Funktion: Geschäftsführer/in (CEO) | Mitarbeiter: 51 bis 100 | Branche: Elektroindustrie | Rechtsform: Aktiengesellschaft'),
('51fa19bf-064f-4b5f-bd71-42122d1dc66e', '48889828-c54b-44a7-af8a-e0cddfaf3b7d', 'KALTAKQUISE', 'ACTIVE', 0, 'Funktion: Geschäftsführer/in (CEO) | Mitarbeiter: 101 bis 500 | Branche: Lebensmittelverarbeitung / Restaurants | Rechtsform: Aktiengesellschaft'),
('0772ad8f-26ec-43fc-a1e9-55d5a7956cf4', '8beba500-7cc6-457c-9790-0e22a88c000f', 'KALTAKQUISE', 'ACTIVE', 0, 'Funktion: Geschäftsführer/in (CEO) | Mitarbeiter: 1 bis 10 | Branche: Facility Management & Reinigungsfirmen'),
('e528c6cb-dc12-4a17-b42b-c96f5e80db94', 'd66b0a89-e5a3-43a4-9e26-52b8f90d729e', 'KALTAKQUISE', 'ACTIVE', 0, 'Funktion: Geschäftsführer/in (CEO) | Mitarbeiter: Mehr als 500 | Branche: Maschinenbauindustrie | Rechtsform: Aktiengesellschaft'),
('29ad2407-5c21-49d0-8a6e-6e461a3be39e', '15f5cab0-a707-45e7-bccc-924b953ebb38', 'KALTAKQUISE', 'ACTIVE', 0, 'Funktion: Geschäftsführer/in (CEO) | Mitarbeiter: 1 bis 10 | Branche: Unternehmensberater | Rechtsform: Aktiengesellschaft'),
('2d145942-3b92-49d3-b9e7-545a7c497690', '9ec2d0be-ce70-4707-a27c-e238da1f2348', 'KALTAKQUISE', 'ACTIVE', 0, 'Funktion: Geschäftsführer/in (CEO) | Mitarbeiter: 21 bis 50 | Branche: Elektroplanung & Installation | Rechtsform: Aktiengesellschaft'),
('5c5ce94a-7484-41a3-afc3-60c82848fb4d', '570f25a3-a366-4e5a-adc1-d1584f0a0e7c', 'KALTAKQUISE', 'ACTIVE', 0, 'Funktion: Geschäftsführer/in (CEO) | Mitarbeiter: 101 bis 500 | Branche: Schreinerei- & Holzbaubetriebe | Rechtsform: Aktiengesellschaft'),
('a221c19d-e614-4e40-80b5-36a421c9b827', '69ab28b5-71ac-409e-a050-507944e6c8c0', 'KALTAKQUISE', 'ACTIVE', 0, 'Funktion: Geschäftsführer/in (CEO) | Mitarbeiter: 21 bis 50 | Branche: Online Shops | Rechtsform: Aktiengesellschaft'),
('bcb37e87-86f2-4a8d-9178-cd267954443f', '47835496-b3b2-42ef-874d-15bd813c8d62', 'KALTAKQUISE', 'ACTIVE', 0, 'Funktion: Geschäftsführer/in (CEO) | Mitarbeiter: 1 bis 10 | Branche: Boden- & Plattenleger'),
('3ed3bf1d-cebf-4c8c-9b73-bfaa43e255a0', 'dcf6ef58-2324-4c5b-af2e-3ac8f4164314', 'KALTAKQUISE', 'ACTIVE', 0, 'Funktion: Geschäftsführer/in (CEO) | Mitarbeiter: 1 bis 10 | Branche: Elektroplanung & Installation | Rechtsform: Aktiengesellschaft'),
('9d52985b-c573-4dde-ba28-efa1f31ad009', '0f672c6a-9d78-4171-9a53-4bf07e7fdfe7', 'KALTAKQUISE', 'ACTIVE', 0, 'Funktion: Geschäftsführer/in (CEO) | Mitarbeiter: 1 bis 10 | Branche: Werbeagenturen | Rechtsform: Aktiengesellschaft'),
('f95fb791-66ff-4328-aaed-9d9b24219cf0', 'f97fa271-faa5-4079-84be-f962c736a62a', 'KALTAKQUISE', 'ACTIVE', 0, 'Funktion: Geschäftsführer/in (CEO) | Mitarbeiter: 21 bis 50 | Branche: Coiffeursalons'),
('f2ab78fd-48f8-4095-bf50-1eafa23c5f4d', '051940cb-b81c-475a-a934-ed4eb2c99415', 'KALTAKQUISE', 'ACTIVE', 0, 'Funktion: Geschäftsführer/in (CEO) | Mitarbeiter: 1 bis 10 | Branche: Coiffeursalons | Rechtsform: Gesellschaft mit beschränkter Haftung'),
('5836da0c-af07-4f5c-93b6-b5c8c738b425', 'aafd0291-7ad3-4cde-aa26-070a1e09576c', 'KALTAKQUISE', 'ACTIVE', 0, 'Funktion: Geschäftsführer/in (CEO) | Mitarbeiter: 1 bis 10 | Branche: Coiffeursalons | Rechtsform: Gesellschaft mit beschränkter Haftung'),
('792488a4-4d62-4eec-bc74-82f12b26ff58', '3ebe611b-a9d3-408f-8388-ccc3fda312a6', 'KALTAKQUISE', 'ACTIVE', 0, 'Funktion: Inhaber/in (Owner/Founder) | Mitarbeiter: 1 bis 10 | Branche: Schreinerei- & Holzbaubetriebe'),
('422e578c-24e6-48bf-956b-66d4a515d717', '5f3bd599-1095-41aa-9271-d332b10932de', 'KALTAKQUISE', 'ACTIVE', 0, 'Funktion: Geschäftsführer/in (CEO) | Mitarbeiter: 1 bis 10 | Branche: Energieindustrie | Rechtsform: Gesellschaft mit beschränkter Haftung'),
('4c3e7bad-c7aa-405d-9b9d-4f8c7b781d84', '135962cd-872a-4340-8b50-cb449b5a94c5', 'KALTAKQUISE', 'ACTIVE', 0, 'Funktion: Geschäftsführer/in (CEO) | Mitarbeiter: 11 bis 20 | Branche: Restaurants'),
('49fdfc63-910e-4df8-adb9-e15fbd51d0b8', '836426b2-0b50-4fc4-8c24-0fa9d29d2f14', 'KALTAKQUISE', 'ACTIVE', 0, 'Funktion: Chefredaktion | Mitarbeiter: 11 bis 20 | Branche: Zeitungen & Zeitschriften'),
('e3fe86ac-b409-4722-b696-9bf693726eac', '2a1ce166-ab2f-4d03-899c-53745b456957', 'KALTAKQUISE', 'ACTIVE', 0, 'Funktion: Geschäftsführer/in (CEO) | Mitarbeiter: 1 bis 10 | Branche: Coiffeursalons | Rechtsform: Gesellschaft mit beschränkter Haftung'),
('99d655cd-9a09-4ddb-83a7-e2035fd93db4', 'e7c912da-2ed2-44d2-915d-25cde87411f7', 'KALTAKQUISE', 'ACTIVE', 0, 'Funktion: Geschäftsführer/in (CEO) | Mitarbeiter: 1 bis 10 | Branche: Wohnbaugenossenschaften | Rechtsform: Genossenschaft'),
('41560715-6075-4cd8-ac74-e1ce1da93e15', 'c7857cc1-b03e-4e20-b397-207ac7fb7395', 'KALTAKQUISE', 'ACTIVE', 0, 'Funktion: Geschäftsführer/in (CEO) | Mitarbeiter: 1 bis 10 | Branche: Elektroplanung & Installation'),
('471f95eb-8f06-4a9b-9617-482b308625a3', 'ab3ff830-2980-40fe-845f-fdd302cfaf90', 'KALTAKQUISE', 'ACTIVE', 0, 'Funktion: Geschäftsführer/in (CEO) | Mitarbeiter: 1 bis 10 | Branche: Coiffeursalons'),
('3c638c40-5ec9-4a3f-a79d-64bed35263c8', '66b1e1aa-93fd-4558-8c41-9fd8847dc669', 'KALTAKQUISE', 'ACTIVE', 0, 'Funktion: Geschäftsführer/in (CEO) | Mitarbeiter: 21 bis 50 | Branche: Schreinerei- & Holzbaubetriebe | Rechtsform: Aktiengesellschaft'),
('ad0d1ffe-ca86-42a9-bc19-d0193f865d18', 'af0ab110-a805-4457-9495-dce821bc1bce', 'KALTAKQUISE', 'ACTIVE', 0, 'Funktion: Geschäftsführer/in (CEO) | Mitarbeiter: 1 bis 10 | Branche: Bau- & Projektmanagement / General- & Totalunternehmungen | Rechtsform: Aktiengesellschaft'),
('1c997b48-b1f2-4a3b-b17a-af0828ab4501', 'eb556617-b0f1-44a8-9e9c-cc56267e8553', 'KALTAKQUISE', 'ACTIVE', 0, 'Funktion: Geschäftsführer/in (CEO) | Mitarbeiter: 1 bis 10 | Branche: Online Shops | Rechtsform: Aktiengesellschaft'),
('75fcc8d3-13b0-4ece-ac47-fc523f29b4ed', '5da121b5-1794-45f3-8b58-bda112cb5af5', 'KALTAKQUISE', 'ACTIVE', 0, 'Funktion: Geschäftsführer/in (CEO) | Mitarbeiter: 11 bis 20 | Branche: Elektroplanung & Installation | Rechtsform: Aktiengesellschaft'),
('cad328a4-a663-47b9-a312-4f74bce7aec1', '7182e07f-4b06-4cc0-8e37-82bdaa4a6497', 'KALTAKQUISE', 'ACTIVE', 0, 'Funktion: Geschäftsführer/in (CEO) | Mitarbeiter: 1 bis 10 | Branche: Elektroplanung & Installation | Rechtsform: Einzelunternehmen'),
('d425e98b-de23-4db2-a9cc-6da97f9f87da', '74e1fa05-a3e1-4090-9340-63c9bc4e2991', 'KALTAKQUISE', 'ACTIVE', 0, 'Funktion: Geschäftsführer/in (CEO) | Mitarbeiter: 1 bis 10 | Branche: Lebensmittelverarbeitung / Online Shops | Rechtsform: Einzelunternehmen'),
('a1b2c678-5b3a-4a5e-9201-8d19a44d3721', '47892161-5212-4c20-b7f8-b6f3c737b391', 'KALTAKQUISE', 'ACTIVE', 0, 'Funktion: Geschäftsführer/in (CEO) | Mitarbeiter: 1 bis 10 | Branche: Schreinerei- & Holzbaubetriebe | Rechtsform: Einzelunternehmen'),
('219f9dc7-4d9d-4cf1-8a87-397bce4d1945', 'd072be77-9412-4a2f-89d6-8971f7053eb0', 'KALTAKQUISE', 'ACTIVE', 0, 'Funktion: Geschäftsführer/in (CEO) | Mitarbeiter: 1 bis 10 | Branche: Facility Management & Reinigungsfirmen | Rechtsform: Gesellschaft mit beschränkter Haftung'),
('438c2386-b700-4b5d-ab51-5c88095d2e3e', 'a8faa2dd-8658-414e-8ce7-f0d161bb8376', 'KALTAKQUISE', 'ACTIVE', 0, 'Funktion: Geschäftsführer/in (CEO) | Mitarbeiter: 1 bis 10 | Branche: Facility Management & Reinigungsfirmen | Rechtsform: Gesellschaft mit beschränkter Haftung'),
('21035642-6dd0-46a2-b7b4-57843ec23295', '2e5b0dfc-bed7-4195-97a3-54271ac4ad5f', 'KALTAKQUISE', 'ACTIVE', 0, 'Funktion: Geschäftsführer/in (CEO) | Mitarbeiter: 1 bis 10 | Branche: Logistik- & Transportunternehmen | Rechtsform: Gesellschaft mit beschränkter Haftung'),
('e91175a5-4ccc-4f0d-8c9f-15c84484e114', '5bf71992-db7c-4483-bdfb-862ccb8f90ff', 'KALTAKQUISE', 'ACTIVE', 0, 'Funktion: Geschäftsführer/in (CEO) | Mitarbeiter: 1 bis 10 | Branche: Architekturbüros | Rechtsform: Gesellschaft mit beschränkter Haftung'),
('5c2884eb-2d56-4c70-aa45-7d986101b000', 'bad838d0-c43a-416c-b1ab-889a0c8847db', 'KALTAKQUISE', 'ACTIVE', 0, 'Funktion: Gesamtleitung/Direktion | Mitarbeiter: 1 bis 10 | Branche: Beherbergungsstätten'),
('640911f7-9a7e-46a1-99f0-37d44edf2cdd', '23660fc1-ef78-4b40-a07f-72064287f23a', 'KALTAKQUISE', 'ACTIVE', 0, 'Funktion: Geschäftsführer/in (CEO) | Mitarbeiter: 1 bis 10 | Branche: Psychiatrie & Psychotherapie'),
('d9b28e9f-fb4f-4e53-835c-97b5ef809a56', 'ebbf4107-83c9-4bed-a3a8-a9ed5fc311e5', 'KALTAKQUISE', 'ACTIVE', 0, 'Funktion: Gesamtleitung/Direktion | Mitarbeiter: 1 bis 10 | Branche: Hotels'),
('dfd25e45-83af-4570-aea8-49439cdb9d4e', '897666de-e335-41d9-84fb-c3c0b861751e', 'KALTAKQUISE', 'ACTIVE', 0, 'Funktion: Gesamtleitung/Direktion | Mitarbeiter: 1 bis 10 | Branche: Beherbergungsstätten'),
('9b0fe267-c6f2-4c04-b2d7-16bf9a4767ae', '51acc562-1344-44b2-ad0f-5c0584930fc3', 'KALTAKQUISE', 'ACTIVE', 0, 'Funktion: Gesamtleitung/Direktion | Mitarbeiter: 1 bis 10 | Branche: Beherbergungsstätten'),
('f7ba79e8-ec0c-460e-8d1e-c2b187d16901', 'b6da3b76-892b-4ca3-9206-345b8b8b2f28', 'KALTAKQUISE', 'ACTIVE', 0, 'Funktion: Gesamtleitung/Direktion | Mitarbeiter: 1 bis 10 | Branche: Beherbergungsstätten'),
('ee2270fb-572c-4a8d-8f87-2e330e12f190', 'e79ca7ec-4d20-4adb-a1e3-04a2317f0e67', 'KALTAKQUISE', 'ACTIVE', 0, 'Funktion: Geschäftsführer/in (CEO) | Mitarbeiter: 21 bis 50 | Branche: Heime beeintr. Personen'),
('7b77e6c2-54ba-4654-be43-306b2afe167d', '2e4baa1d-2639-4007-947f-dfbb921b99c6', 'KALTAKQUISE', 'ACTIVE', 0, 'Funktion: Geschäftsführer/in (CEO) | Mitarbeiter: 1 bis 10 | Branche: Beherbergungsstätten'),
('e43a29b9-8359-4888-a96f-dbc72b4d742f', '829ba291-9ebd-4742-acbe-f36fcb646bc3', 'KALTAKQUISE', 'ACTIVE', 0, 'Funktion: Geschäftsführer/in (CEO) | Mitarbeiter: 11 bis 20 | Branche: Online Shops | Rechtsform: Gesellschaft mit beschränkter Haftung'),
('ca8865a9-6a7b-458a-868a-1f2611aae1da', '9cc4b508-2ead-4bbb-b519-a98f1cf4951e', 'KALTAKQUISE', 'ACTIVE', 0, 'Funktion: Leitung Schule | Mitarbeiter: 21 bis 50 | Branche: Weiterbildungsinstitute'),
('7e8316ca-056a-4394-a311-7d3f64910ade', '7592f9f8-c724-4448-b641-805d1dba26fe', 'KALTAKQUISE', 'ACTIVE', 0, 'Funktion: Geschäftsführer/in (CEO) | Mitarbeiter: 1 bis 10 | Branche: Boden- & Plattenleger | Rechtsform: Einzelunternehmen'),
('54d2dc86-cfc6-43e8-8518-8cc03769b2a0', '09d33cdf-4b0a-46f7-8a72-a92e0c1ed209', 'KALTAKQUISE', 'ACTIVE', 0, 'Funktion: Geschäftsführer/in (CEO) | Mitarbeiter: 1 bis 10 | Branche: Spielwaren- & Babyfachhandel | Rechtsform: Aktiengesellschaft'),
('4f782b00-cab1-4b7d-a3c2-4e50a3699780', '2e7a8edb-48f2-42b1-98d2-0fc65399847c', 'KALTAKQUISE', 'ACTIVE', 0, 'Funktion: Gesamtleitung/Direktion | Mitarbeiter: 1 bis 10 | Branche: Beherbergungsstätten'),
('58a9cbae-d126-4b2f-93be-ab0e2f3b03fb', '701568e1-e5e4-43b6-97f3-49a0c0b4ef2a', 'KALTAKQUISE', 'ACTIVE', 0, 'Funktion: Geschäftsführer/in (CEO) | Mitarbeiter: 1 bis 10 | Branche: Werbeagenturen'),
('a6e3f0b7-9a9e-4ecf-9d26-36c5946e0027', 'a68900c0-9871-4e9e-ac6c-e512a07390a6', 'KALTAKQUISE', 'ACTIVE', 0, 'Funktion: Geschäftsführer/in (CEO) | Mitarbeiter: 51 bis 100 | Branche: Alters- & Pflegeheime'),
('0d9829b7-280a-4094-a4b5-689a80357911', '4e098f3e-c8ab-4c59-862a-a3908a74a9de', 'KALTAKQUISE', 'ACTIVE', 0, 'Funktion: Gesamtleitung/Direktion | Mitarbeiter: 1 bis 10 | Branche: Beherbergungsstätten'),
('75366f84-6357-4e10-9439-2df0c9ae986d', '50065f49-2fd9-4777-a1cb-0184c9c540b1', 'KALTAKQUISE', 'ACTIVE', 0, 'Funktion: Gesamtleitung/Direktion | Mitarbeiter: 1 bis 10 | Branche: Kindergärten & -krippen | Rechtsform: Verein'),
('e253e5d0-e7bf-487c-978e-b1ef50bda3b2', '5fd99057-86ea-4284-b605-ba4a3db9f89b', 'KALTAKQUISE', 'ACTIVE', 0, 'Funktion: Geschäftsführer/in (CEO) | Mitarbeiter: 21 bis 50 | Branche: Museum & Theater'),
('9f2a0b05-feff-415f-b71a-78609f8c466c', '50e9bcba-3a7a-43f6-ac25-37ba081308da', 'KALTAKQUISE', 'ACTIVE', 0, 'Funktion: Geschäftsführer/in (CEO) | Mitarbeiter: 21 bis 50 | Branche: Alters- & Pflegeheime'),
('91e6c7ec-d74c-462c-b507-36170f953b05', '2ac00b3d-da77-43f9-bea7-2876b564a664', 'KALTAKQUISE', 'ACTIVE', 0, 'Funktion: Geschäftsführer/in (CEO) | Mitarbeiter: 21 bis 50 | Branche: Heime beeintr. Personen | Rechtsform: Aktiengesellschaft'),
('5eda3762-3b9a-4f9b-a5d1-489fd5934683', '52d8d788-f0f1-46b9-87b3-a5cfe0b564bc', 'KALTAKQUISE', 'ACTIVE', 0, 'Funktion: Gesamtleitung/Direktion | Mitarbeiter: 1 bis 10 | Branche: Beherbergungsstätten'),
('e04bc3b8-d6d7-41b7-b0b6-f90abe496ef9', '5cc5e6be-0000-4a83-87d3-07375c2d36b8', 'KALTAKQUISE', 'ACTIVE', 0, 'Funktion: Gesamtleitung/Direktion | Mitarbeiter: 1 bis 10 | Branche: Beherbergungsstätten'),
('cc987363-cd9b-4b7c-90bb-d57eeae266a9', 'ad03566d-06f6-4c63-803a-9fbfe12532a9', 'KALTAKQUISE', 'ACTIVE', 0, 'Funktion: Geschäftsführer/in (CEO) | Mitarbeiter: 11 bis 20 | Branche: Heime beeintr. Personen'),
('ddf46a4f-3342-4d56-9a50-c6aa9bd78bbc', 'dc81f6a3-28ec-4dc3-a173-aa8a01b1d97f', 'KALTAKQUISE', 'ACTIVE', 0, 'Funktion: Geschäftsführer/in (CEO) | Mitarbeiter: 21 bis 50 | Branche: Alters- & Pflegeheime | Rechtsform: Aktiengesellschaft'),
('f8b43678-5a55-4383-a6fb-d937c885777e', '5f1d0376-2d8c-4227-abd0-03a7280dae3d', 'KALTAKQUISE', 'ACTIVE', 0, 'Funktion: Geschäftsführer/in (CEO) | Mitarbeiter: 1 bis 10 | Branche: Physiotherapie | Rechtsform: Aktiengesellschaft'),
('77b54f9b-743a-48e1-8f1c-46e99040dd9f', '20f46aca-ae64-44fb-a700-b4888a3e691d', 'KALTAKQUISE', 'ACTIVE', 0, 'Funktion: Gesamtleitung/Direktion | Mitarbeiter: 1 bis 10 | Branche: Hotels'),
('905a8f46-c7c3-4351-bc78-ff65fcd47729', '63124a31-345d-4f60-a868-569262cfc148', 'KALTAKQUISE', 'ACTIVE', 0, 'Funktion: Gesamtleitung/Direktion | Mitarbeiter: 1 bis 10 | Branche: Beherbergungsstätten'),
('87fba1e9-0063-498a-8b1a-672ba91ad18f', 'bc3115d4-bd0e-450f-95aa-8cbcdbfda052', 'KALTAKQUISE', 'ACTIVE', 0, 'Funktion: Geschäftsführer/in (CEO) | Mitarbeiter: 1 bis 10 | Branche: Online Shops | Rechtsform: Gesellschaft mit beschränkter Haftung'),
('86d4096b-708d-49be-8c12-9a16e0f57272', '0c41fae5-1d2d-4b52-bcc1-e5f30bf35d7b', 'KALTAKQUISE', 'ACTIVE', 0, 'Funktion: Geschäftsführer/in (CEO) | Mitarbeiter: 21 bis 50 | Branche: Alters- & Pflegeheime | Rechtsform: Gesellschaft mit beschränkter Haftung'),
('c249a571-81be-471d-9f11-8e8233ec0025', 'f3596697-94bd-486d-b5a8-2ab9bcdd707b', 'KALTAKQUISE', 'ACTIVE', 0, 'Funktion: Geschäftsführer/in (CEO) | Mitarbeiter: 11 bis 20 | Branche: Heime beeintr. Personen'),
('53640d63-d7dd-46fc-9d9d-2a1340323547', '34221c48-9b52-4595-ab86-61fb65e5b3fe', 'KALTAKQUISE', 'ACTIVE', 0, 'Funktion: Gesamtleitung/Direktion | Mitarbeiter: 1 bis 10 | Branche: Beherbergungsstätten'),
('524a067c-6745-4891-833d-69c1d5adf87a', '86341e43-279d-4bc4-a74b-50c55313a7c7', 'KALTAKQUISE', 'ACTIVE', 0, 'Funktion: Gesamtleitung/Direktion | Mitarbeiter: 11 bis 20 | Branche: Alters- & Pflegeheime'),
('9fd20e5a-816c-4abd-9677-d9edff995658', '9d35b861-189a-413d-90a9-74f6470ee1b3', 'KALTAKQUISE', 'ACTIVE', 0, 'Funktion: Geschäftsführer/in (CEO) | Mitarbeiter: 21 bis 50 | Branche: Alters- & Pflegeheime'),
('afa8700b-808b-4b81-96c9-68fa4eee1b63', '6502c397-645c-4f49-8d70-a1087e3da8e1', 'KALTAKQUISE', 'ACTIVE', 0, 'Funktion: Geschäftsführer/in (CEO) | Mitarbeiter: 11 bis 20 | Branche: Heime beeintr. Personen'),
('fccd04c7-c346-4180-83c9-1f89f9bf0323', 'f652482c-2d0b-49ba-b342-f6fbf70300fd', 'KALTAKQUISE', 'ACTIVE', 0, 'Funktion: Geschäftsführer/in (CEO) | Mitarbeiter: 21 bis 50 | Branche: Heime beeintr. Personen | Rechtsform: Verein'),
('3ed5b09e-4fa2-4821-8683-523878acb2c5', '3f58f3b0-4b44-4be1-867f-b7ae66b4d9a7', 'KALTAKQUISE', 'ACTIVE', 0, 'Funktion: Geschäftsführer/in (CEO) | Mitarbeiter: 21 bis 50 | Branche: Alters- & Pflegeheime'),
('d02b3c5a-19f8-4492-8788-c224ab1e74ea', '53e901e2-940c-465b-80d7-19ed31239158', 'KALTAKQUISE', 'ACTIVE', 0, 'Funktion: Gesamtleitung/Direktion | Mitarbeiter: 1 bis 10 | Branche: Beherbergungsstätten'),
('0343513d-d73c-434c-b7ba-f065c45e7938', '3bdb0b97-1e34-42c1-b4fe-0edf6b3d9771', 'KALTAKQUISE', 'ACTIVE', 0, 'Funktion: Geschäftsführer/in (CEO) | Mitarbeiter: 1 bis 10 | Branche: Atem- Meditation- & Yogacenter'),
('ee17659a-2d58-436a-b941-528b68c96a96', 'b8c00d1c-317c-4f75-a3a5-1de82423e07b', 'KALTAKQUISE', 'ACTIVE', 0, 'Funktion: Geschäftsführer/in (CEO) | Mitarbeiter: 1 bis 10 | Branche: Gartenbau & -pflege'),
('c4f9d2ae-6eeb-49ac-a0da-f69bf6a80c13', '7dc9a5a9-bdab-4420-bde9-8ccd982191b5', 'KALTAKQUISE', 'ACTIVE', 0, 'Funktion: Geschäftsführer/in (CEO) | Mitarbeiter: 1 bis 10 | Branche: Gartenbau & -pflege'),
('70ab5f8f-ebff-417f-a1af-88cb3c0c63b9', '6029135e-2207-44a7-b600-da47b98d3857', 'KALTAKQUISE', 'ACTIVE', 0, 'Funktion: Geschäftsführer/in (CEO) | Mitarbeiter: 11 bis 20 | Branche: Online Shops'),
('94dad654-300c-4f4e-819a-b72527a4b006', '4a71d9bf-5a5b-469c-b3c8-41c3e7a4a25e', 'KALTAKQUISE', 'ACTIVE', 0, 'Funktion: Geschäftsführer/in (CEO) | Mitarbeiter: 1 bis 10 | Branche: Arztpraxen'),
('ec732b68-2668-456b-b9e4-3e642516a878', 'f53298aa-f62a-4d46-9a8a-069e550ba2d2', 'KALTAKQUISE', 'ACTIVE', 0, 'Funktion: Geschäftsführer/in (CEO) | Mitarbeiter: 11 bis 20 | Branche: Versicherungsbroker & -makler | Rechtsform: Gesellschaft mit beschränkter Haftung'),
('9b19170d-113d-432e-b24d-01f1c9a61ddb', 'da2122d5-5260-44d6-9e6a-235dfbc8cb7a', 'KALTAKQUISE', 'ACTIVE', 0, 'Funktion: Leitung Technischer Dienst | Mitarbeiter: 21 bis 50 | Branche: Alters- & Pflegeheime'),
('caf14e98-a6f0-49f9-894f-11af3f4b821f', 'e8e9d274-ffd1-4a79-b1a4-6873aee24ffc', 'KALTAKQUISE', 'ACTIVE', 0, 'Funktion: Geschäftsführer/in (CEO) | Mitarbeiter: 21 bis 50 | Branche: Alters- & Pflegeheime'),
('e3895d6c-70e3-450a-9331-4ff85505d2fd', '97f94535-17b4-4ed5-b10c-33c0d0c8eda7', 'KALTAKQUISE', 'ACTIVE', 0, 'Funktion: Geschäftsführer/in (CEO) | Mitarbeiter: 1 bis 10 | Branche: Alters- & Pflegeheime'),
('3c889f53-04e9-43b5-b218-f3ed05e35235', '2748f79d-4e1e-4557-b5b7-07fef950dbbe', 'KALTAKQUISE', 'ACTIVE', 0, 'Funktion: Geschäftsführer/in (CEO) | Mitarbeiter: 21 bis 50 | Branche: Alters- & Pflegeheime / Heime beeintr. Personen'),
('a594aa5e-47bd-4338-a142-88751d644b1d', '59e17708-32df-4d46-a12a-0c969e570b81', 'KALTAKQUISE', 'ACTIVE', 0, 'Funktion: Gesamtleitung/Direktion | Mitarbeiter: 1 bis 10 | Branche: Beherbergungsstätten'),
('60cb2212-e510-4cf3-bb8e-3c5e8602847a', '0f67234d-75fb-4f98-80dd-deb62efdd314', 'KALTAKQUISE', 'ACTIVE', 0, 'Funktion: Geschäftsführer/in (CEO) | Mitarbeiter: 101 bis 500 | Branche: Alters- & Pflegeheime'),
('c292fdf7-6882-459a-a383-7c4b819dc7df', '222b5b9d-3835-42d9-a224-907102a1bb56', 'KALTAKQUISE', 'ACTIVE', 0, 'Funktion: Geschäftsführer/in (CEO) | Mitarbeiter: 1 bis 10 | Branche: Museum & Theater'),
('9ed9737e-d53d-453a-b628-186cfc1c0ea2', '17bb7bb2-2d33-4a73-9d68-e970b4848e4a', 'KALTAKQUISE', 'ACTIVE', 0, 'Funktion: Geschäftsführer/in (CEO) | Mitarbeiter: 21 bis 50 | Branche: Alters- & Pflegeheime | Rechtsform: Stiftung'),
('099ad692-fcd5-45dc-a780-ac67a592fd80', 'ee59ca02-d7fa-40d7-a687-29e8ff44aeeb', 'KALTAKQUISE', 'ACTIVE', 0, 'Funktion: Geschäftsführer/in (CEO) | Mitarbeiter: 1 bis 10 | Branche: Treuhandbüros | Rechtsform: Aktiengesellschaft'),
('4e90b399-5020-46cb-959c-be5092acfe59', 'baf05c8f-8a58-4d2c-a1d1-c161d9a854d2', 'KALTAKQUISE', 'ACTIVE', 0, 'Funktion: Gesamtleitung/Direktion | Mitarbeiter: 1 bis 10 | Branche: Hotels | Rechtsform: Aktiengesellschaft'),
('55d66b2b-f1ba-4cf1-afb4-3730bf25ebb5', '1ea5d84a-3422-4f1b-b510-5870e7d88c8c', 'KALTAKQUISE', 'ACTIVE', 0, 'Funktion: Geschäftsführer/in (CEO) | Mitarbeiter: 21 bis 50 | Branche: Alters- & Pflegeheime'),
('0967867a-48fb-458d-8f19-00f802927591', '369bbf67-10de-40bb-923e-3b6ea26a73fe', 'KALTAKQUISE', 'ACTIVE', 0, 'Funktion: Geschäftsführer/in (CEO) | Mitarbeiter: 11 bis 20 | Branche: Heime beeintr. Personen'),
('cd36fa38-ed91-406e-9d6f-89c48e215889', '4d4c7359-783f-4c03-ad86-85b4ea390c69', 'KALTAKQUISE', 'ACTIVE', 0, 'Funktion: Geschäftsführer/in (CEO) | Mitarbeiter: 1 bis 10 | Branche: Kinderarztpraxen'),
('94df8422-cc6f-4ff9-b828-7bebf44fc2ff', 'a5e65b4c-2b1c-4da6-a1a5-2d21cc51a4ce', 'KALTAKQUISE', 'ACTIVE', 0, 'Funktion: Geschäftsführer/in (CEO) | Mitarbeiter: 1 bis 10 | Branche: Boden- & Plattenleger'),
('e2d4f8d4-67e6-4dfd-8a8f-52a77d01baa2', '81c21779-998c-4f56-97f6-95e79f1c8ca6', 'KALTAKQUISE', 'ACTIVE', 0, 'Funktion: Geschäftsführer/in (CEO) | Mitarbeiter: 11 bis 20 | Branche: Camping | Rechtsform: Aktiengesellschaft'),
('9bc218a6-d97a-4124-8888-0b3321d6fc67', '19034570-0b0c-4311-9ee4-e76b90c05a82', 'KALTAKQUISE', 'ACTIVE', 0, 'Funktion: Geschäftsführer/in (CEO) | Mitarbeiter: 1 bis 10 | Branche: Metallbauer | Rechtsform: Einzelunternehmen'),
('06b382ac-129d-4b63-ad62-b15a3d23d195', '5998351d-61bd-41a7-b195-d26db6578cbf', 'KALTAKQUISE', 'ACTIVE', 0, 'Funktion: Geschäftsführer/in (CEO) | Mitarbeiter: 1 bis 10 | Branche: Arztpraxen'),
('8e488157-80cb-4876-ac65-3a97245d18e3', '92d66a74-9d97-45f4-8d40-a29efde2a8a4', 'KALTAKQUISE', 'ACTIVE', 0, 'Funktion: Geschäftsführer/in (CEO) | Mitarbeiter: 1 bis 10 | Branche: Arztpraxen'),
('27d74a00-18fc-419d-a42f-bd98f467433e', 'b35006e2-9715-4b27-a556-c24d54b5d602', 'KALTAKQUISE', 'ACTIVE', 0, 'Funktion: Geschäftsführer/in (CEO) | Mitarbeiter: 1 bis 10 | Branche: Arztpraxen'),
('eb0c65a4-1fed-42d8-ba57-10daae96e7ab', 'fda6fbec-01e9-4451-9a0b-17450fb9abcf', 'KALTAKQUISE', 'ACTIVE', 0, 'Funktion: Geschäftsführer/in (CEO) | Mitarbeiter: 1 bis 10 | Branche: Arztpraxen'),
('ca0e16c3-d2a4-40b5-8705-8bd340d0ca0c', 'f051516f-c72a-4afa-bd39-aa4217cce899', 'KALTAKQUISE', 'ACTIVE', 0, 'Funktion: Geschäftsführer/in (CEO) | Mitarbeiter: 1 bis 10 | Branche: Arztpraxen'),
('97e6989a-450e-4e06-be1a-49fff0b8d044', '26c943f3-f9b6-4fb8-8bb2-db6488585b64', 'KALTAKQUISE', 'ACTIVE', 0, 'Funktion: Geschäftsführer/in (CEO) | Mitarbeiter: 1 bis 10 | Branche: Arztpraxen'),
('b4fdece3-b65c-400d-b358-ecc36f4866f1', 'fbce88b3-0879-4d4c-9bb7-9e00a24d8069', 'KALTAKQUISE', 'ACTIVE', 0, 'Funktion: Geschäftsführer/in (CEO) | Mitarbeiter: 1 bis 10 | Branche: Arztpraxen'),
('90c13f4a-4046-40f5-9f55-b66522d65a1f', 'db857e64-3099-4af8-a9c7-ce71ff599efa', 'KALTAKQUISE', 'ACTIVE', 0, 'Funktion: Geschäftsführer/in (CEO) | Mitarbeiter: 1 bis 10 | Branche: Arztpraxen'),
('06d4a2ee-8e66-4a98-928f-2d0559644132', '89b39a0c-4122-4648-aea4-8e46ae08187f', 'KALTAKQUISE', 'ACTIVE', 0, 'Funktion: Geschäftsführer/in (CEO) | Mitarbeiter: 1 bis 10 | Branche: Arztpraxen'),
('cbeebb2f-b33e-462f-b672-9f8009625b6c', '760c68fe-28cc-4b56-954f-c7ee95d8d3d5', 'KALTAKQUISE', 'ACTIVE', 0, 'Funktion: Geschäftsführer/in (CEO) | Mitarbeiter: 1 bis 10 | Branche: Arztpraxen'),
('ccdfb26d-4e02-4bb2-94c8-1040741e3336', '5eac23fe-186f-4b77-9096-f590399de50e', 'KALTAKQUISE', 'ACTIVE', 0, 'Funktion: Geschäftsführer/in (CEO) | Mitarbeiter: 1 bis 10 | Branche: Arztpraxen | Rechtsform: Gesellschaft mit beschränkter Haftung'),
('f5733bb0-bfb5-4c42-ba56-2a717f26c8f6', '0af5175a-220c-4555-be39-6b2302bb21e1', 'KALTAKQUISE', 'ACTIVE', 0, 'Funktion: Geschäftsführer/in (CEO) | Mitarbeiter: 21 bis 50 | Branche: Arztpraxen | Rechtsform: Aktiengesellschaft'),
('6325bb61-c3f8-49c2-ab77-ba5e241ad135', '31228e32-0160-4173-a28f-973a21613d42', 'KALTAKQUISE', 'ACTIVE', 0, 'Funktion: Geschäftsführer/in (CEO) | Mitarbeiter: 1 bis 10 | Branche: Arztpraxen'),
('db0665d0-4e7a-4c3f-9458-d680d6a1d823', 'adfc85cc-c5a7-4c03-b205-be300ac2050b', 'KALTAKQUISE', 'ACTIVE', 0, 'Funktion: Geschäftsführer/in (CEO) | Mitarbeiter: 11 bis 20 | Branche: Arztpraxen'),
('8d815960-f73b-49cc-a720-7dd6ca680f7b', '7f611fd7-79bf-4a83-914e-3bb8ccffa5ce', 'KALTAKQUISE', 'ACTIVE', 0, 'Funktion: Geschäftsführer/in (CEO) | Mitarbeiter: 11 bis 20 | Branche: Arztpraxen'),
('82163f82-b7a4-44cd-b0e4-6b3516e1c792', '3be2ca67-bb60-48ab-97f5-d61fc91f99aa', 'KALTAKQUISE', 'ACTIVE', 0, 'Funktion: Geschäftsführer/in (CEO) | Mitarbeiter: 11 bis 20 | Branche: Arztpraxen'),
('0fee9b7c-4316-481b-9d4d-1f6a3b9cc067', '39505692-8b40-42f5-b58b-ad35135af208', 'KALTAKQUISE', 'ACTIVE', 0, 'Funktion: Geschäftsführer/in (CEO) | Mitarbeiter: 11 bis 20 | Branche: Arztpraxen'),
('8a943b78-5129-426d-bdd6-0f4e4f793d34', 'c19500f7-056b-4e1c-a83e-8eef3cbf3a6b', 'KALTAKQUISE', 'ACTIVE', 0, 'Funktion: Geschäftsführer/in (CEO) | Mitarbeiter: 1 bis 10 | Branche: Arztpraxen'),
('4a139cb1-8bf8-4703-bf1e-98300ff9f779', '51c12dc7-9b44-4378-8de5-04857f434b91', 'KALTAKQUISE', 'ACTIVE', 0, 'Funktion: Geschäftsführer/in (CEO) | Mitarbeiter: 11 bis 20 | Branche: Arztpraxen'),
('59f86201-32b1-490e-a06e-3fda7689e877', 'c6af2b41-1735-4a49-98cb-7bbe9cc15755', 'KALTAKQUISE', 'ACTIVE', 0, 'Funktion: Geschäftsführer/in (CEO) | Mitarbeiter: 11 bis 20 | Branche: Arztpraxen'),
('07c2a506-5afc-457e-91b3-31fa764e0185', '15e1986d-0cae-44f5-a0e7-9a98a65623a2', 'KALTAKQUISE', 'ACTIVE', 0, 'Funktion: Geschäftsführer/in (CEO) | Mitarbeiter: 1 bis 10 | Branche: Arztpraxen'),
('6f370df4-cb5f-4299-8fae-dce4be9bc5ce', 'd12ff1b1-2800-48bd-afa8-db43b0a888fb', 'KALTAKQUISE', 'ACTIVE', 0, 'Funktion: Geschäftsführer/in (CEO) | Mitarbeiter: 1 bis 10 | Branche: Arztpraxen'),
('9d4eb95e-b590-4225-9dd8-14590f05e468', '8b4d4db9-663a-4a01-874e-3a4ef1ee289e', 'KALTAKQUISE', 'ACTIVE', 0, 'Funktion: Geschäftsführer/in (CEO) | Mitarbeiter: 1 bis 10 | Branche: Arztpraxen | Rechtsform: Aktiengesellschaft'),
('e71fd394-48ca-4959-9bda-95eafcb53e78', 'e6beb671-2b81-4886-8942-faff860732b4', 'KALTAKQUISE', 'ACTIVE', 0, 'Funktion: Geschäftsführer/in (CEO) | Mitarbeiter: 1 bis 10 | Branche: Arztpraxen'),
('d6416092-8536-48ba-810e-0fc62cd891ed', '8e5b55c6-1552-4d73-a5d5-5072e4d93920', 'KALTAKQUISE', 'ACTIVE', 0, 'Funktion: Geschäftsführer/in (CEO) | Mitarbeiter: 1 bis 10 | Branche: Arztpraxen'),
('896b0a8a-303f-4c8c-812f-6d84fdfc2067', '83b9c11e-cdcf-4c01-9cff-d57fc59d8ca4', 'KALTAKQUISE', 'ACTIVE', 0, 'Funktion: Geschäftsführer/in (CEO) | Mitarbeiter: 1 bis 10 | Branche: Arztpraxen'),
('7f57199c-ecb3-4aa6-b8c4-979b9f74e080', 'c5751e3d-b75e-400f-9448-d46c7653bd41', 'KALTAKQUISE', 'ACTIVE', 0, 'Funktion: Geschäftsführer/in (CEO) | Mitarbeiter: 1 bis 10 | Branche: Arztpraxen'),
('702680c4-9f63-4b6c-a68d-b55b7c412ca8', 'd96062a2-7526-445c-a3c3-c33a5ed20e8d', 'KALTAKQUISE', 'ACTIVE', 0, 'Funktion: Geschäftsführer/in (CEO) | Mitarbeiter: 1 bis 10 | Branche: Arztpraxen'),
('8a631061-1366-4697-b7d3-78f656615632', '73cf5037-6970-4719-97df-dc09196e438f', 'KALTAKQUISE', 'ACTIVE', 0, 'Funktion: Geschäftsführer/in (CEO) | Mitarbeiter: 1 bis 10 | Branche: Arztpraxen'),
('40624e41-7c03-4a81-8552-b6ae07a84728', '4ed3d33c-98d1-4bdf-bec2-9b676502d6fe', 'KALTAKQUISE', 'ACTIVE', 0, 'Funktion: Geschäftsführer/in (CEO) | Mitarbeiter: 1 bis 10 | Branche: Arztpraxen'),
('06d3c064-7ba0-4053-a944-275d31a688ee', 'afeda7f7-61d7-4178-9022-dd9e81dc094e', 'KALTAKQUISE', 'ACTIVE', 0, 'Funktion: Geschäftsführer/in (CEO) | Mitarbeiter: 1 bis 10 | Branche: Arztpraxen'),
('cd9c6351-5a8b-4751-9d32-7fb115f769b7', '54e794bf-2fb1-4d30-8e0d-6fdb83535a66', 'KALTAKQUISE', 'ACTIVE', 0, 'Funktion: Geschäftsführer/in (CEO) | Mitarbeiter: 1 bis 10 | Branche: Arztpraxen'),
('e078fd64-d405-41fb-8a9f-874ae5a2b893', '5024ba46-1ce5-46fb-9320-5a7fac39af50', 'KALTAKQUISE', 'ACTIVE', 0, 'Funktion: Geschäftsführer/in (CEO) | Mitarbeiter: 1 bis 10 | Branche: Arztpraxen'),
('c49c06fb-8f39-4e4b-a3d4-201613ad284f', '9e910bcf-90ac-4620-9611-5eebc8ba7895', 'KALTAKQUISE', 'ACTIVE', 0, 'Funktion: Geschäftsführer/in (CEO) | Mitarbeiter: 1 bis 10 | Branche: Arztpraxen'),
('91a8d74a-737f-411c-afd7-287f09a80279', 'ba74607b-5fee-4520-b959-8f58b3d67e42', 'KALTAKQUISE', 'ACTIVE', 0, 'Funktion: Geschäftsführer/in (CEO) | Mitarbeiter: 1 bis 10 | Branche: Arztpraxen'),
('f288f10f-7005-4581-8054-3e7491d7f3e2', '708f2458-31c2-40a6-9c7c-383e6b03a4f4', 'KALTAKQUISE', 'ACTIVE', 0, 'Funktion: Geschäftsführer/in (CEO) | Mitarbeiter: 11 bis 20 | Branche: Arztpraxen'),
('e64f2713-ce9e-4a54-9cf3-f547ae736a2c', 'c20b7c30-ef0c-4fa8-90e3-5be03255c0b5', 'KALTAKQUISE', 'ACTIVE', 0, 'Funktion: Geschäftsführer/in (CEO) | Mitarbeiter: 1 bis 10 | Branche: Arztpraxen'),
('1568d8c8-b610-4ee9-9959-598bacd27be6', 'bdb15b1a-54be-42ea-9a74-49b964681921', 'KALTAKQUISE', 'ACTIVE', 0, 'Funktion: Geschäftsführer/in (CEO) | Mitarbeiter: 1 bis 10 | Branche: Arztpraxen'),
('c85bed9b-6cbc-4722-9d65-687dc3acf9e7', '11380386-fd78-455b-bbf4-1e28ab9bf85c', 'KALTAKQUISE', 'ACTIVE', 0, 'Funktion: Geschäftsführer/in (CEO) | Mitarbeiter: 1 bis 10 | Branche: Arztpraxen'),
('b06d5dd1-dd8e-47d1-9eac-342d92927edd', '53c5f303-5ed4-4f37-80cc-cea832e5856c', 'KALTAKQUISE', 'ACTIVE', 0, 'Funktion: Geschäftsführer/in (CEO) | Mitarbeiter: 1 bis 10 | Branche: Arztpraxen'),
('ddbc2a94-927b-403e-bf70-828ea41bc7d4', 'e6a90780-ae1b-4872-a07d-5889fb5db6b6', 'KALTAKQUISE', 'ACTIVE', 0, 'Funktion: Geschäftsführer/in (CEO) | Mitarbeiter: 1 bis 10 | Branche: Arztpraxen'),
('993a089f-6bb9-450f-bf80-0b050bafe3db', 'af5010f2-94cc-4ed0-b82c-f08dd39aec48', 'KALTAKQUISE', 'ACTIVE', 0, 'Funktion: Geschäftsführer/in (CEO) | Mitarbeiter: 1 bis 10 | Branche: Arztpraxen'),
('d1e1364e-f4fe-4922-9b93-da47fa98517f', '339b0000-6ba3-4141-bbfe-6f46a6bb4b65', 'KALTAKQUISE', 'ACTIVE', 0, 'Funktion: Geschäftsführer/in (CEO) | Mitarbeiter: 1 bis 10 | Branche: Arztpraxen'),
('669f31bb-0728-4576-930d-524514f35821', 'c45ae6e6-311f-46ad-8a71-0b1e2255cad5', 'KALTAKQUISE', 'ACTIVE', 0, 'Funktion: Geschäftsführer/in (CEO) | Mitarbeiter: 1 bis 10 | Branche: Arztpraxen'),
('c933e740-bdfa-4408-9a92-a1f3472441f5', '65e4223d-8c02-4d0f-98e3-9ff7d289481a', 'KALTAKQUISE', 'ACTIVE', 0, 'Funktion: Geschäftsführer/in (CEO) | Mitarbeiter: 1 bis 10 | Branche: Arztpraxen'),
('bf062b61-2b0c-4b64-8724-631551b294aa', '8ebae2b6-2c76-46d8-91e1-3e0c19eee28c', 'KALTAKQUISE', 'ACTIVE', 0, 'Funktion: Geschäftsführer/in (CEO) | Mitarbeiter: 1 bis 10 | Branche: Arztpraxen'),
('aa0cca31-d6d4-4367-b1f6-593c5c9f16eb', '80a133f2-8441-4e9a-b400-506c5647f72b', 'KALTAKQUISE', 'ACTIVE', 0, 'Funktion: Geschäftsführer/in (CEO) | Mitarbeiter: 11 bis 20 | Branche: Arztpraxen'),
('41a8a17c-de72-4096-8f92-bd876c42089a', '36dd366c-f165-4ff4-8c7b-7bf79be8cf39', 'KALTAKQUISE', 'ACTIVE', 0, 'Funktion: Geschäftsführer/in (CEO) | Mitarbeiter: 1 bis 10 | Branche: Arztpraxen'),
('e3cecc65-a571-40a3-9e33-6c64182e6d8d', '6a53f9d6-9240-4db5-b5ee-78c5f883707a', 'KALTAKQUISE', 'ACTIVE', 0, 'Funktion: Geschäftsführer/in (CEO) | Mitarbeiter: 1 bis 10 | Branche: Arztpraxen'),
('37750b01-7723-4bfc-a262-4a5826f07846', '8d24d487-e0ab-4935-91b1-4bd14edd444c', 'KALTAKQUISE', 'ACTIVE', 0, 'Funktion: Geschäftsführer/in (CEO) | Mitarbeiter: 1 bis 10 | Branche: Arztpraxen'),
('7d6a3a1d-ba9c-46bb-94b7-c41bfa4b27d7', '04d111a2-3f1f-4dec-b9ed-673ed49e05b9', 'KALTAKQUISE', 'ACTIVE', 0, 'Funktion: Geschäftsführer/in (CEO) | Mitarbeiter: 1 bis 10 | Branche: Arztpraxen'),
('9a2615a6-e13e-4882-8d0e-fa1ba92682dc', 'f6d218c3-f085-4852-b0e1-88b15335fe1b', 'KALTAKQUISE', 'ACTIVE', 0, 'Funktion: Geschäftsführer/in (CEO) | Mitarbeiter: 1 bis 10 | Branche: Arztpraxen / Naturheilpraxen'),
('88a847fb-6949-47b0-aaf3-e8e9b14a56c9', '37d147fc-86da-42e3-b393-d5dbf86948b1', 'KALTAKQUISE', 'ACTIVE', 0, 'Funktion: Geschäftsführer/in (CEO) | Mitarbeiter: 1 bis 10 | Branche: Arztpraxen'),
('e2a268a2-6cc1-4f9a-8878-a012d253a6e9', '99242e50-16ac-48fb-8bfa-70538396013d', 'KALTAKQUISE', 'ACTIVE', 0, 'Funktion: Geschäftsführer/in (CEO) | Mitarbeiter: 1 bis 10 | Branche: Arztpraxen'),
('df82f08b-f2fb-4adb-8686-0fe2e4a78170', 'a7d83fd2-9ec0-4f08-9bed-8d460591b7d7', 'KALTAKQUISE', 'ACTIVE', 0, 'Funktion: Geschäftsführer/in (CEO) | Mitarbeiter: 1 bis 10 | Branche: Arztpraxen'),
('026d4782-5add-4510-a8c3-0cb9a6ba4c76', '53741d7c-681f-4983-ae7b-3670532f9985', 'KALTAKQUISE', 'ACTIVE', 0, 'Funktion: Geschäftsführer/in (CEO) | Mitarbeiter: 1 bis 10 | Branche: Naturheilpraxen'),
('e09db1b6-3476-4686-9f97-ec88e868423f', 'ded2dad3-fcf1-42d7-8c05-8e908255c93c', 'KALTAKQUISE', 'ACTIVE', 0, 'Funktion: Geschäftsführer/in (CEO) | Mitarbeiter: 1 bis 10 | Branche: Arztpraxen'),
('258b705b-8741-4e16-9ad9-70de674459ce', '2f4e91d7-4566-4797-94dc-30011261513b', 'KALTAKQUISE', 'ACTIVE', 0, 'Funktion: Geschäftsführer/in (CEO) | Mitarbeiter: 1 bis 10 | Branche: Psychiatrie & Psychotherapie'),
('4403a447-c22b-4fd3-af01-3d78fef14eda', 'cd9abc81-46f3-4332-97ed-3507e79ea109', 'KALTAKQUISE', 'ACTIVE', 0, 'Funktion: Geschäftsführer/in (CEO) | Mitarbeiter: 1 bis 10 | Branche: Arztpraxen'),
('a316b407-fc63-4c4d-8f93-6a47ff217a74', '61394bb1-cdac-474f-a52a-fda6e71b78c4', 'KALTAKQUISE', 'ACTIVE', 0, 'Funktion: Geschäftsführer/in (CEO) | Mitarbeiter: 1 bis 10 | Branche: Arztpraxen'),
('e7a26d09-fc57-432a-9bd2-a42df27b9557', 'aa7aedcf-c14b-4bce-aba8-7b5fc46c6196', 'KALTAKQUISE', 'ACTIVE', 0, 'Funktion: Geschäftsführer/in (CEO) | Mitarbeiter: 1 bis 10 | Branche: Arztpraxen | Rechtsform: Einzelunternehmen'),
('b626513e-a12b-4fbd-953c-8193892c9456', 'fd85d20f-f663-442d-83f3-1860058b54c9', 'KALTAKQUISE', 'ACTIVE', 0, 'Funktion: Geschäftsführer/in (CEO) | Mitarbeiter: 1 bis 10 | Branche: Arztpraxen'),
('49c8d3ce-29da-4a12-abad-060c2ab999a6', '3ed20f4f-17f5-4af8-8141-5ab680fccff1', 'KALTAKQUISE', 'ACTIVE', 0, 'Funktion: Geschäftsführer/in (CEO) | Mitarbeiter: 1 bis 10 | Branche: Arztpraxen'),
('8424c294-326d-4ae5-9178-a42ada7bdc1a', '27be1ddb-b652-4f63-a917-a39b3826f2a7', 'KALTAKQUISE', 'ACTIVE', 0, 'Funktion: Geschäftsführer/in (CEO) | Mitarbeiter: 1 bis 10 | Branche: Arztpraxen'),
('a6ddf880-0d1d-47c8-b0c6-406fce19a852', '41a5e7dd-6583-4688-9663-132f0d34bb33', 'KALTAKQUISE', 'ACTIVE', 0, 'Funktion: Geschäftsführer/in (CEO) | Mitarbeiter: 1 bis 10 | Branche: Arztpraxen'),
('7a945e18-c882-43e1-9f18-735300b28c2c', '7196737f-44dd-48ca-98b4-4f5bc9d7490c', 'KALTAKQUISE', 'ACTIVE', 0, 'Funktion: Geschäftsführer/in (CEO) | Mitarbeiter: 1 bis 10 | Branche: Arztpraxen'),
('af10ecd8-b473-4f4c-bae6-7f76b740527c', 'c82a6ed6-2f5f-42e9-a5d5-01949ab196ea', 'KALTAKQUISE', 'ACTIVE', 0, 'Funktion: Geschäftsführer/in (CEO) | Mitarbeiter: 11 bis 20 | Branche: Arztpraxen | Rechtsform: Aktiengesellschaft'),
('2816f4d8-354a-4e53-a828-a4c4fdffb0e3', '373b2446-c9df-4735-b4de-ee6e5db1749b', 'KALTAKQUISE', 'ACTIVE', 0, 'Funktion: Geschäftsführer/in (CEO) | Mitarbeiter: 1 bis 10 | Branche: Arztpraxen'),
('81097605-1b74-4490-9c9d-3e067c57d05a', '9b491d9f-67cf-4450-b179-be1b631aa7ab', 'KALTAKQUISE', 'ACTIVE', 0, 'Funktion: Geschäftsführer/in (CEO) | Mitarbeiter: 11 bis 20 | Branche: Arztpraxen'),
('f93cdb8a-327e-4f7f-b662-4c71f87ab232', '82a564d7-cb54-44a9-9f22-e5985da46947', 'KALTAKQUISE', 'ACTIVE', 0, 'Funktion: Geschäftsführer/in (CEO) | Mitarbeiter: 1 bis 10 | Branche: Arztpraxen'),
('2e28e37d-8c16-4cf6-83ca-9f5df454a6b5', 'ac0939e6-878d-4a08-b9f3-9806e4b24c4c', 'KALTAKQUISE', 'ACTIVE', 0, 'Funktion: Geschäftsführer/in (CEO) | Mitarbeiter: 11 bis 20 | Branche: Arztpraxen | Rechtsform: Aktiengesellschaft'),
('7bd568bc-90de-4bbc-93ef-e2841cfa081f', '4615b101-7f21-4c53-b390-acdb1e8e990c', 'KALTAKQUISE', 'ACTIVE', 0, 'Funktion: Geschäftsführer/in (CEO) | Mitarbeiter: 11 bis 20 | Branche: Arztpraxen'),
('415cb641-f660-4b75-b221-4737068024f1', 'be72c139-5e0b-4558-8ae8-449c604de6ec', 'KALTAKQUISE', 'ACTIVE', 0, 'Funktion: Geschäftsführer/in (CEO) | Mitarbeiter: 1 bis 10 | Branche: Arztpraxen'),
('c2dfd6e3-b915-48fa-a77e-0057cd63c3af', '4e50b0cc-6a45-4a6c-b732-20d0cdd1f304', 'KALTAKQUISE', 'ACTIVE', 0, 'Funktion: Geschäftsführer/in (CEO) | Mitarbeiter: 1 bis 10 | Branche: Arztpraxen | Rechtsform: Gesellschaft mit beschränkter Haftung'),
('41690aef-3311-4ff7-bef9-792005829d84', 'c90978ca-ac11-44fd-8705-75d0a9bc01a5', 'KALTAKQUISE', 'ACTIVE', 0, 'Funktion: Geschäftsführer/in (CEO) | Mitarbeiter: 1 bis 10 | Branche: Arztpraxen'),
('c52c44a2-b35e-4fc0-967e-b4286f4b7651', 'e823fe16-daf5-4cb1-9918-e6dd691c37ee', 'KALTAKQUISE', 'ACTIVE', 0, 'Funktion: Geschäftsführer/in (CEO) | Mitarbeiter: 1 bis 10 | Branche: Arztpraxen'),
('f0f7acd1-1f8b-4dc0-99df-1522c429a168', '72fcf9bc-5cf2-484a-830d-43596613ea88', 'KALTAKQUISE', 'ACTIVE', 0, 'Funktion: Geschäftsführer/in (CEO) | Mitarbeiter: 11 bis 20 | Branche: Arztpraxen'),
('cec4d3b9-9949-44d2-b8fe-aab42cdaefb6', 'e23fdf18-0a82-4016-bc3f-378a0fb99f2c', 'KALTAKQUISE', 'ACTIVE', 0, 'Funktion: Geschäftsführer/in (CEO) | Mitarbeiter: 11 bis 20 | Branche: Arztpraxen | Rechtsform: Aktiengesellschaft'),
('0b3a44eb-3e33-4bbd-a58e-2b630043d8ca', 'fdd79366-571c-421f-80a5-655356a99eb8', 'KALTAKQUISE', 'ACTIVE', 0, 'Funktion: Geschäftsführer/in (CEO) | Mitarbeiter: 11 bis 20 | Branche: Arztpraxen | Rechtsform: Aktiengesellschaft'),
('edb6b265-3c9c-4a01-86cc-80b84268ffe1', '5ef898d0-a300-4a99-bded-a92ba4ad4580', 'KALTAKQUISE', 'ACTIVE', 0, 'Funktion: Geschäftsführer/in (CEO) | Mitarbeiter: 11 bis 20 | Branche: Arztpraxen'),
('7c4d95d5-bd31-456b-92cd-962efb0529a2', '7a4acfb7-52dd-4180-b931-83b73df4ea89', 'KALTAKQUISE', 'ACTIVE', 0, 'Funktion: Geschäftsführer/in (CEO) | Mitarbeiter: 1 bis 10 | Branche: Arztpraxen | Rechtsform: Aktiengesellschaft'),
('80de6710-1599-4c47-b3aa-ec62ead75688', '48158b5e-496e-4c40-9769-c35aa18345cc', 'KALTAKQUISE', 'ACTIVE', 0, 'Funktion: Geschäftsführer/in (CEO) | Mitarbeiter: 1 bis 10 | Branche: Arztpraxen | Rechtsform: Gesellschaft mit beschränkter Haftung'),
('ecc7ad1a-fa4f-492b-ad5f-f8a414870a7b', 'e0de2ba7-3858-497b-b8f8-eb52780227bb', 'KALTAKQUISE', 'ACTIVE', 0, 'Funktion: Geschäftsführer/in (CEO) | Mitarbeiter: 1 bis 10 | Branche: Arztpraxen'),
('10b36fee-8e42-4fb0-8252-1e10e24e1fd4', '84789e37-b310-4348-8bf0-4b03533d15a6', 'KALTAKQUISE', 'ACTIVE', 0, 'Funktion: Geschäftsführer/in (CEO) | Mitarbeiter: 11 bis 20 | Branche: Arztpraxen'),
('35a04455-774c-4298-a826-155d18f0453d', 'ee639148-8204-42ce-8439-c09cbcdc8d9d', 'KALTAKQUISE', 'ACTIVE', 0, 'Funktion: Geschäftsführer/in (CEO) | Mitarbeiter: 1 bis 10 | Branche: Arztpraxen | Rechtsform: Gesellschaft mit beschränkter Haftung'),
('261e8fbf-5f31-4614-95fe-1365fb24f321', '0c747efa-e0f9-4614-9d70-ea73bd246271', 'KALTAKQUISE', 'ACTIVE', 0, 'Funktion: Geschäftsführer/in (CEO) | Mitarbeiter: 1 bis 10 | Branche: Arztpraxen'),
('aaa62efa-4655-4556-b62e-e879a1a63655', '6572c440-fe8e-4f36-adb4-984eca33b565', 'KALTAKQUISE', 'ACTIVE', 0, 'Funktion: Geschäftsführer/in (CEO) | Mitarbeiter: 1 bis 10 | Branche: Arztpraxen'),
('ba7f6e08-d77b-40e9-be9b-5ef7e71cc0c4', '986c16ae-4dd1-4a44-944e-a777a689a19f', 'KALTAKQUISE', 'ACTIVE', 0, 'Funktion: Geschäftsführer/in (CEO) | Mitarbeiter: 11 bis 20 | Branche: Arztpraxen'),
('bc294707-d00c-4400-8568-3aee72b38c37', '49ce2a51-cf6b-4a21-a35d-677b9bda7487', 'KALTAKQUISE', 'ACTIVE', 0, 'Funktion: Geschäftsführer/in (CEO) | Mitarbeiter: 11 bis 20 | Branche: Arztpraxen'),
('7914f98f-9959-49ea-82db-99818ecea00c', '7c00bf78-c0e3-4f4a-86b3-29a97764f604', 'KALTAKQUISE', 'ACTIVE', 0, 'Funktion: Geschäftsführer/in (CEO) | Mitarbeiter: 1 bis 10 | Branche: Arztpraxen'),
('7bcc4e00-a058-4340-b22d-e5e51243feae', 'c1eb1fd2-c1a1-4771-b347-3f3ae62fc62e', 'KALTAKQUISE', 'ACTIVE', 0, 'Funktion: Geschäftsführer/in (CEO) | Mitarbeiter: 1 bis 10 | Branche: Arztpraxen'),
('269791b6-b340-4677-9007-1cf769900b53', '7b406aec-fd40-4553-95bd-b80bacb75557', 'KALTAKQUISE', 'ACTIVE', 0, 'Funktion: Geschäftsführer/in (CEO) | Mitarbeiter: 1 bis 10 | Branche: Arztpraxen'),
('329b9380-9b71-45d8-bbac-30198061c9a7', '453af068-7b87-4126-bf97-df727663d02d', 'KALTAKQUISE', 'ACTIVE', 0, 'Funktion: Geschäftsführer/in (CEO) | Mitarbeiter: 1 bis 10 | Branche: Arztpraxen | Rechtsform: Aktiengesellschaft'),
('3a2aed39-acad-4300-b977-27b8a0d5480e', 'fdac3dab-196b-48f2-b97a-6ecf3d025e61', 'KALTAKQUISE', 'ACTIVE', 0, 'Funktion: Geschäftsführer/in (CEO) | Mitarbeiter: 11 bis 20 | Branche: Arztpraxen | Rechtsform: Kommanditgesellschaft'),
('d9985c22-0141-4810-9515-0529a0e91eaf', '68191148-cbc0-4cb7-b0b5-6bab1ef3d13c', 'KALTAKQUISE', 'ACTIVE', 0, 'Funktion: Geschäftsführer/in (CEO) | Mitarbeiter: 11 bis 20 | Branche: Arztpraxen | Rechtsform: Aktiengesellschaft'),
('04e9860c-a6b7-40ff-81ce-864ae6a39460', '5945ec84-8b20-4cbc-8606-31b7ce3cfbb2', 'KALTAKQUISE', 'ACTIVE', 0, 'Funktion: Geschäftsführer/in (CEO) | Mitarbeiter: 11 bis 20 | Branche: Arztpraxen'),
('90fada64-a9c2-4c5a-83bf-9aaf5d44df1d', '695b9cb7-73c5-403d-b394-0b70e8bded9f', 'KALTAKQUISE', 'ACTIVE', 0, 'Funktion: Geschäftsführer/in (CEO) | Mitarbeiter: 1 bis 10 | Branche: Arztpraxen | Rechtsform: Gesellschaft mit beschränkter Haftung'),
('044646df-4052-4f1c-b6df-9121824afd0c', 'c19d28a2-a9a1-4a27-8a1a-9480f3e584d3', 'KALTAKQUISE', 'ACTIVE', 0, 'Funktion: Geschäftsführer/in (CEO) | Mitarbeiter: 1 bis 10 | Branche: Arztpraxen | Rechtsform: Aktiengesellschaft'),
('5d40f434-9297-469f-b221-81b69589273e', 'd9df3259-b602-4250-ae49-cf0e198fbc0d', 'KALTAKQUISE', 'ACTIVE', 0, 'Funktion: Geschäftsführer/in (CEO) | Mitarbeiter: 11 bis 20 | Branche: Arztpraxen / Physiotherapie'),
('d13fff99-c196-4cd8-96c7-1c8ab0d4700e', '8dab688f-c204-4446-bead-3e4a8eb1be70', 'KALTAKQUISE', 'ACTIVE', 0, 'Funktion: Geschäftsführer/in (CEO) | Mitarbeiter: 1 bis 10 | Branche: Arztpraxen'),
('910b96dd-f727-4795-9028-e58f2392ee19', 'c0c542d3-8315-4dba-8b42-7c23a7dbf3ba', 'KALTAKQUISE', 'ACTIVE', 0, 'Funktion: Geschäftsführer/in (CEO) | Mitarbeiter: 21 bis 50 | Branche: Arztpraxen'),
('bb722a96-632a-47af-afb4-50c9267ad6d8', '8c57345e-c16c-4fba-965c-933bba7fb1ff', 'KALTAKQUISE', 'ACTIVE', 0, 'Funktion: Geschäftsführer/in (CEO) | Mitarbeiter: 21 bis 50 | Branche: Arztpraxen'),
('de895bba-8ebb-47c9-badc-ddaf465093af', '7ebe49ff-8617-45e8-bb13-3df794becb19', 'KALTAKQUISE', 'ACTIVE', 0, 'Funktion: Geschäftsführer/in (CEO) | Mitarbeiter: 1 bis 10 | Branche: Arztpraxen | Rechtsform: Aktiengesellschaft'),
('ac0a9bdf-e3d3-4908-a92d-20b7bc72e070', 'e477360a-fe10-4e27-ab5c-62f60cab390e', 'KALTAKQUISE', 'ACTIVE', 0, 'Funktion: Geschäftsführer/in (CEO) | Mitarbeiter: 21 bis 50 | Branche: Arztpraxen'),
('43852239-ea51-4b73-993c-dc0b29cc0afc', 'd35a86ab-da5e-43e8-abe9-938273998052', 'KALTAKQUISE', 'ACTIVE', 0, 'Funktion: Geschäftsführer/in (CEO) | Mitarbeiter: 1 bis 10 | Branche: Getränkeindustrie'),
('98210895-d035-4a6f-a0dc-fd26807d9d89', 'c4de2987-856e-4fa7-bc76-7545e8e79c20', 'KALTAKQUISE', 'ACTIVE', 0, 'Funktion: Geschäftsführer/in (CEO) | Mitarbeiter: 1 bis 10 | Branche: Getränkeindustrie | Rechtsform: Einzelunternehmen');

INSERT INTO lead_tags (lead_id, tag_id) VALUES
('25ad3708-c223-4001-9041-274bcd19db25', 'ka-b2b'),
('f560fb0b-70ef-4783-b9a4-b03db72c5aae', 'ka-b2b'),
('aeaef315-7fab-4458-8c45-52dc2d72f18b', 'ka-b2b'),
('51fa19bf-064f-4b5f-bd71-42122d1dc66e', 'ka-b2b'),
('0772ad8f-26ec-43fc-a1e9-55d5a7956cf4', 'ka-b2b'),
('e528c6cb-dc12-4a17-b42b-c96f5e80db94', 'ka-b2b'),
('29ad2407-5c21-49d0-8a6e-6e461a3be39e', 'ka-b2b'),
('2d145942-3b92-49d3-b9e7-545a7c497690', 'ka-b2b'),
('5c5ce94a-7484-41a3-afc3-60c82848fb4d', 'ka-b2b'),
('a221c19d-e614-4e40-80b5-36a421c9b827', 'ka-b2b'),
('bcb37e87-86f2-4a8d-9178-cd267954443f', 'ka-b2b'),
('3ed3bf1d-cebf-4c8c-9b73-bfaa43e255a0', 'ka-b2b'),
('9d52985b-c573-4dde-ba28-efa1f31ad009', 'ka-b2b'),
('f95fb791-66ff-4328-aaed-9d9b24219cf0', 'ka-b2b'),
('f2ab78fd-48f8-4095-bf50-1eafa23c5f4d', 'ka-b2b'),
('5836da0c-af07-4f5c-93b6-b5c8c738b425', 'ka-b2b'),
('792488a4-4d62-4eec-bc74-82f12b26ff58', 'ka-b2b'),
('422e578c-24e6-48bf-956b-66d4a515d717', 'ka-b2b'),
('4c3e7bad-c7aa-405d-9b9d-4f8c7b781d84', 'ka-b2b'),
('49fdfc63-910e-4df8-adb9-e15fbd51d0b8', 'ka-b2b'),
('e3fe86ac-b409-4722-b696-9bf693726eac', 'ka-b2b'),
('99d655cd-9a09-4ddb-83a7-e2035fd93db4', 'ka-b2b'),
('41560715-6075-4cd8-ac74-e1ce1da93e15', 'ka-b2b'),
('471f95eb-8f06-4a9b-9617-482b308625a3', 'ka-b2b'),
('3c638c40-5ec9-4a3f-a79d-64bed35263c8', 'ka-b2b'),
('ad0d1ffe-ca86-42a9-bc19-d0193f865d18', 'ka-b2b'),
('1c997b48-b1f2-4a3b-b17a-af0828ab4501', 'ka-b2b'),
('75fcc8d3-13b0-4ece-ac47-fc523f29b4ed', 'ka-b2b'),
('cad328a4-a663-47b9-a312-4f74bce7aec1', 'ka-b2b'),
('d425e98b-de23-4db2-a9cc-6da97f9f87da', 'ka-b2b'),
('a1b2c678-5b3a-4a5e-9201-8d19a44d3721', 'ka-b2b'),
('219f9dc7-4d9d-4cf1-8a87-397bce4d1945', 'ka-b2b'),
('438c2386-b700-4b5d-ab51-5c88095d2e3e', 'ka-b2b'),
('21035642-6dd0-46a2-b7b4-57843ec23295', 'ka-b2b'),
('e91175a5-4ccc-4f0d-8c9f-15c84484e114', 'ka-b2b'),
('5c2884eb-2d56-4c70-aa45-7d986101b000', 'ka-b2b'),
('640911f7-9a7e-46a1-99f0-37d44edf2cdd', 'ka-b2b'),
('d9b28e9f-fb4f-4e53-835c-97b5ef809a56', 'ka-b2b'),
('dfd25e45-83af-4570-aea8-49439cdb9d4e', 'ka-b2b'),
('9b0fe267-c6f2-4c04-b2d7-16bf9a4767ae', 'ka-b2b'),
('f7ba79e8-ec0c-460e-8d1e-c2b187d16901', 'ka-b2b'),
('ee2270fb-572c-4a8d-8f87-2e330e12f190', 'ka-b2b'),
('7b77e6c2-54ba-4654-be43-306b2afe167d', 'ka-b2b'),
('e43a29b9-8359-4888-a96f-dbc72b4d742f', 'ka-b2b'),
('ca8865a9-6a7b-458a-868a-1f2611aae1da', 'ka-b2b'),
('7e8316ca-056a-4394-a311-7d3f64910ade', 'ka-b2b'),
('54d2dc86-cfc6-43e8-8518-8cc03769b2a0', 'ka-b2b'),
('4f782b00-cab1-4b7d-a3c2-4e50a3699780', 'ka-b2b'),
('58a9cbae-d126-4b2f-93be-ab0e2f3b03fb', 'ka-b2b'),
('a6e3f0b7-9a9e-4ecf-9d26-36c5946e0027', 'ka-b2b'),
('0d9829b7-280a-4094-a4b5-689a80357911', 'ka-b2b'),
('75366f84-6357-4e10-9439-2df0c9ae986d', 'ka-b2b'),
('e253e5d0-e7bf-487c-978e-b1ef50bda3b2', 'ka-b2b'),
('9f2a0b05-feff-415f-b71a-78609f8c466c', 'ka-b2b'),
('91e6c7ec-d74c-462c-b507-36170f953b05', 'ka-b2b'),
('5eda3762-3b9a-4f9b-a5d1-489fd5934683', 'ka-b2b'),
('e04bc3b8-d6d7-41b7-b0b6-f90abe496ef9', 'ka-b2b'),
('cc987363-cd9b-4b7c-90bb-d57eeae266a9', 'ka-b2b'),
('ddf46a4f-3342-4d56-9a50-c6aa9bd78bbc', 'ka-b2b'),
('f8b43678-5a55-4383-a6fb-d937c885777e', 'ka-b2b'),
('77b54f9b-743a-48e1-8f1c-46e99040dd9f', 'ka-b2b'),
('905a8f46-c7c3-4351-bc78-ff65fcd47729', 'ka-b2b'),
('87fba1e9-0063-498a-8b1a-672ba91ad18f', 'ka-b2b'),
('86d4096b-708d-49be-8c12-9a16e0f57272', 'ka-b2b'),
('c249a571-81be-471d-9f11-8e8233ec0025', 'ka-b2b'),
('53640d63-d7dd-46fc-9d9d-2a1340323547', 'ka-b2b'),
('524a067c-6745-4891-833d-69c1d5adf87a', 'ka-b2b'),
('9fd20e5a-816c-4abd-9677-d9edff995658', 'ka-b2b'),
('afa8700b-808b-4b81-96c9-68fa4eee1b63', 'ka-b2b'),
('fccd04c7-c346-4180-83c9-1f89f9bf0323', 'ka-b2b'),
('3ed5b09e-4fa2-4821-8683-523878acb2c5', 'ka-b2b'),
('d02b3c5a-19f8-4492-8788-c224ab1e74ea', 'ka-b2b'),
('0343513d-d73c-434c-b7ba-f065c45e7938', 'ka-b2b'),
('ee17659a-2d58-436a-b941-528b68c96a96', 'ka-b2b'),
('c4f9d2ae-6eeb-49ac-a0da-f69bf6a80c13', 'ka-b2b'),
('70ab5f8f-ebff-417f-a1af-88cb3c0c63b9', 'ka-b2b'),
('94dad654-300c-4f4e-819a-b72527a4b006', 'ka-b2b'),
('ec732b68-2668-456b-b9e4-3e642516a878', 'ka-b2b'),
('9b19170d-113d-432e-b24d-01f1c9a61ddb', 'ka-b2b'),
('caf14e98-a6f0-49f9-894f-11af3f4b821f', 'ka-b2b'),
('e3895d6c-70e3-450a-9331-4ff85505d2fd', 'ka-b2b'),
('3c889f53-04e9-43b5-b218-f3ed05e35235', 'ka-b2b'),
('a594aa5e-47bd-4338-a142-88751d644b1d', 'ka-b2b'),
('60cb2212-e510-4cf3-bb8e-3c5e8602847a', 'ka-b2b'),
('c292fdf7-6882-459a-a383-7c4b819dc7df', 'ka-b2b'),
('9ed9737e-d53d-453a-b628-186cfc1c0ea2', 'ka-b2b'),
('099ad692-fcd5-45dc-a780-ac67a592fd80', 'ka-b2b'),
('4e90b399-5020-46cb-959c-be5092acfe59', 'ka-b2b'),
('55d66b2b-f1ba-4cf1-afb4-3730bf25ebb5', 'ka-b2b'),
('0967867a-48fb-458d-8f19-00f802927591', 'ka-b2b'),
('cd36fa38-ed91-406e-9d6f-89c48e215889', 'ka-b2b'),
('94df8422-cc6f-4ff9-b828-7bebf44fc2ff', 'ka-b2b'),
('e2d4f8d4-67e6-4dfd-8a8f-52a77d01baa2', 'ka-b2b'),
('9bc218a6-d97a-4124-8888-0b3321d6fc67', 'ka-b2b'),
('06b382ac-129d-4b63-ad62-b15a3d23d195', 'ka-b2b'),
('8e488157-80cb-4876-ac65-3a97245d18e3', 'ka-b2b'),
('27d74a00-18fc-419d-a42f-bd98f467433e', 'ka-b2b'),
('eb0c65a4-1fed-42d8-ba57-10daae96e7ab', 'ka-b2b'),
('ca0e16c3-d2a4-40b5-8705-8bd340d0ca0c', 'ka-b2b'),
('97e6989a-450e-4e06-be1a-49fff0b8d044', 'ka-b2b'),
('b4fdece3-b65c-400d-b358-ecc36f4866f1', 'ka-b2b'),
('90c13f4a-4046-40f5-9f55-b66522d65a1f', 'ka-b2b'),
('06d4a2ee-8e66-4a98-928f-2d0559644132', 'ka-b2b'),
('cbeebb2f-b33e-462f-b672-9f8009625b6c', 'ka-b2b'),
('ccdfb26d-4e02-4bb2-94c8-1040741e3336', 'ka-b2b'),
('f5733bb0-bfb5-4c42-ba56-2a717f26c8f6', 'ka-b2b'),
('6325bb61-c3f8-49c2-ab77-ba5e241ad135', 'ka-b2b'),
('db0665d0-4e7a-4c3f-9458-d680d6a1d823', 'ka-b2b'),
('8d815960-f73b-49cc-a720-7dd6ca680f7b', 'ka-b2b'),
('82163f82-b7a4-44cd-b0e4-6b3516e1c792', 'ka-b2b'),
('0fee9b7c-4316-481b-9d4d-1f6a3b9cc067', 'ka-b2b'),
('8a943b78-5129-426d-bdd6-0f4e4f793d34', 'ka-b2b'),
('4a139cb1-8bf8-4703-bf1e-98300ff9f779', 'ka-b2b'),
('59f86201-32b1-490e-a06e-3fda7689e877', 'ka-b2b'),
('07c2a506-5afc-457e-91b3-31fa764e0185', 'ka-b2b'),
('6f370df4-cb5f-4299-8fae-dce4be9bc5ce', 'ka-b2b'),
('9d4eb95e-b590-4225-9dd8-14590f05e468', 'ka-b2b'),
('e71fd394-48ca-4959-9bda-95eafcb53e78', 'ka-b2b'),
('d6416092-8536-48ba-810e-0fc62cd891ed', 'ka-b2b'),
('896b0a8a-303f-4c8c-812f-6d84fdfc2067', 'ka-b2b'),
('7f57199c-ecb3-4aa6-b8c4-979b9f74e080', 'ka-b2b'),
('702680c4-9f63-4b6c-a68d-b55b7c412ca8', 'ka-b2b'),
('8a631061-1366-4697-b7d3-78f656615632', 'ka-b2b'),
('40624e41-7c03-4a81-8552-b6ae07a84728', 'ka-b2b'),
('06d3c064-7ba0-4053-a944-275d31a688ee', 'ka-b2b'),
('cd9c6351-5a8b-4751-9d32-7fb115f769b7', 'ka-b2b'),
('e078fd64-d405-41fb-8a9f-874ae5a2b893', 'ka-b2b'),
('c49c06fb-8f39-4e4b-a3d4-201613ad284f', 'ka-b2b'),
('91a8d74a-737f-411c-afd7-287f09a80279', 'ka-b2b'),
('f288f10f-7005-4581-8054-3e7491d7f3e2', 'ka-b2b'),
('e64f2713-ce9e-4a54-9cf3-f547ae736a2c', 'ka-b2b'),
('1568d8c8-b610-4ee9-9959-598bacd27be6', 'ka-b2b'),
('c85bed9b-6cbc-4722-9d65-687dc3acf9e7', 'ka-b2b'),
('b06d5dd1-dd8e-47d1-9eac-342d92927edd', 'ka-b2b'),
('ddbc2a94-927b-403e-bf70-828ea41bc7d4', 'ka-b2b'),
('993a089f-6bb9-450f-bf80-0b050bafe3db', 'ka-b2b'),
('d1e1364e-f4fe-4922-9b93-da47fa98517f', 'ka-b2b'),
('669f31bb-0728-4576-930d-524514f35821', 'ka-b2b'),
('c933e740-bdfa-4408-9a92-a1f3472441f5', 'ka-b2b'),
('bf062b61-2b0c-4b64-8724-631551b294aa', 'ka-b2b'),
('aa0cca31-d6d4-4367-b1f6-593c5c9f16eb', 'ka-b2b'),
('41a8a17c-de72-4096-8f92-bd876c42089a', 'ka-b2b'),
('e3cecc65-a571-40a3-9e33-6c64182e6d8d', 'ka-b2b'),
('37750b01-7723-4bfc-a262-4a5826f07846', 'ka-b2b'),
('7d6a3a1d-ba9c-46bb-94b7-c41bfa4b27d7', 'ka-b2b'),
('9a2615a6-e13e-4882-8d0e-fa1ba92682dc', 'ka-b2b'),
('88a847fb-6949-47b0-aaf3-e8e9b14a56c9', 'ka-b2b'),
('e2a268a2-6cc1-4f9a-8878-a012d253a6e9', 'ka-b2b'),
('df82f08b-f2fb-4adb-8686-0fe2e4a78170', 'ka-b2b'),
('026d4782-5add-4510-a8c3-0cb9a6ba4c76', 'ka-b2b'),
('e09db1b6-3476-4686-9f97-ec88e868423f', 'ka-b2b'),
('258b705b-8741-4e16-9ad9-70de674459ce', 'ka-b2b'),
('4403a447-c22b-4fd3-af01-3d78fef14eda', 'ka-b2b'),
('a316b407-fc63-4c4d-8f93-6a47ff217a74', 'ka-b2b'),
('e7a26d09-fc57-432a-9bd2-a42df27b9557', 'ka-b2b'),
('b626513e-a12b-4fbd-953c-8193892c9456', 'ka-b2b'),
('49c8d3ce-29da-4a12-abad-060c2ab999a6', 'ka-b2b'),
('8424c294-326d-4ae5-9178-a42ada7bdc1a', 'ka-b2b'),
('a6ddf880-0d1d-47c8-b0c6-406fce19a852', 'ka-b2b'),
('7a945e18-c882-43e1-9f18-735300b28c2c', 'ka-b2b'),
('af10ecd8-b473-4f4c-bae6-7f76b740527c', 'ka-b2b'),
('2816f4d8-354a-4e53-a828-a4c4fdffb0e3', 'ka-b2b'),
('81097605-1b74-4490-9c9d-3e067c57d05a', 'ka-b2b'),
('f93cdb8a-327e-4f7f-b662-4c71f87ab232', 'ka-b2b'),
('2e28e37d-8c16-4cf6-83ca-9f5df454a6b5', 'ka-b2b'),
('7bd568bc-90de-4bbc-93ef-e2841cfa081f', 'ka-b2b'),
('415cb641-f660-4b75-b221-4737068024f1', 'ka-b2b'),
('c2dfd6e3-b915-48fa-a77e-0057cd63c3af', 'ka-b2b'),
('41690aef-3311-4ff7-bef9-792005829d84', 'ka-b2b'),
('c52c44a2-b35e-4fc0-967e-b4286f4b7651', 'ka-b2b'),
('f0f7acd1-1f8b-4dc0-99df-1522c429a168', 'ka-b2b'),
('cec4d3b9-9949-44d2-b8fe-aab42cdaefb6', 'ka-b2b'),
('0b3a44eb-3e33-4bbd-a58e-2b630043d8ca', 'ka-b2b'),
('edb6b265-3c9c-4a01-86cc-80b84268ffe1', 'ka-b2b'),
('7c4d95d5-bd31-456b-92cd-962efb0529a2', 'ka-b2b'),
('80de6710-1599-4c47-b3aa-ec62ead75688', 'ka-b2b'),
('ecc7ad1a-fa4f-492b-ad5f-f8a414870a7b', 'ka-b2b'),
('10b36fee-8e42-4fb0-8252-1e10e24e1fd4', 'ka-b2b'),
('35a04455-774c-4298-a826-155d18f0453d', 'ka-b2b'),
('261e8fbf-5f31-4614-95fe-1365fb24f321', 'ka-b2b'),
('aaa62efa-4655-4556-b62e-e879a1a63655', 'ka-b2b'),
('ba7f6e08-d77b-40e9-be9b-5ef7e71cc0c4', 'ka-b2b'),
('bc294707-d00c-4400-8568-3aee72b38c37', 'ka-b2b'),
('7914f98f-9959-49ea-82db-99818ecea00c', 'ka-b2b'),
('7bcc4e00-a058-4340-b22d-e5e51243feae', 'ka-b2b'),
('269791b6-b340-4677-9007-1cf769900b53', 'ka-b2b'),
('329b9380-9b71-45d8-bbac-30198061c9a7', 'ka-b2b'),
('3a2aed39-acad-4300-b977-27b8a0d5480e', 'ka-b2b'),
('d9985c22-0141-4810-9515-0529a0e91eaf', 'ka-b2b'),
('04e9860c-a6b7-40ff-81ce-864ae6a39460', 'ka-b2b'),
('90fada64-a9c2-4c5a-83bf-9aaf5d44df1d', 'ka-b2b'),
('044646df-4052-4f1c-b6df-9121824afd0c', 'ka-b2b'),
('5d40f434-9297-469f-b221-81b69589273e', 'ka-b2b'),
('d13fff99-c196-4cd8-96c7-1c8ab0d4700e', 'ka-b2b'),
('910b96dd-f727-4795-9028-e58f2392ee19', 'ka-b2b'),
('bb722a96-632a-47af-afb4-50c9267ad6d8', 'ka-b2b'),
('de895bba-8ebb-47c9-badc-ddaf465093af', 'ka-b2b'),
('ac0a9bdf-e3d3-4908-a92d-20b7bc72e070', 'ka-b2b'),
('43852239-ea51-4b73-993c-dc0b29cc0afc', 'ka-b2b'),
('98210895-d035-4a6f-a0dc-fd26807d9d89', 'ka-b2b');
