-- Batch 322 (200 records)
INSERT INTO contacts (id, first_name, last_name, email, phone, company, address) VALUES
('82b92c04-e786-40c9-bda8-99efad8c924f', 'Thomas', 'Biner-à Porta', 'info@praxis-biner.ch', '031 352 86 34', 'Praxis Biner', 'Thunstrasse 22, 3005 Bern, Bern'),
('3ac82d76-3159-46a6-814a-f1681058dce9', 'Binia', 'Roth', 'br@roth-psychotherapie.ch', '061 261 50 16', 'Praxis Binia Roth', 'Freie Strasse 27, 4001 Basel, Basel-Stadt'),
('91ae1e13-f4d2-443b-9b9e-5a700dafe093', 'Birgit', 'Burri', 'info@birgitburri.ch', '031 922 12 51', 'Praxis Birgit Burri', 'Silbergasse 8, 2502 Biel/Bienne, Bern'),
('09ece0c8-a2ff-4fdd-a109-80edc6fd7541', 'Birgit', 'Dirnberger', 'dr.birgit.dirnberger@hin.ch', '071 670 19 85', 'Praxis Birgit Dirnberger', 'Bahnhofstrasse 31, 8280 Kreuzlingen, Thurgau'),
('79290a63-a671-42b8-8fe7-4a911911d353', 'Viktorija', 'Birkenmaier', 'praxis-birkenmaier@hin.ch', '061 701 63 64', 'Praxis Birkenmaier', 'Obere Gasse 12, 4144 Arlesheim, Basel-Land'),
('2c06179e-499a-454a-b26b-0e42ee9369aa', 'Bistra', 'Kurz', 'bistra.kurz@hin.ch', '052 242 80 80', 'Praxis Bistra Kurz', 'Wartstrasse 34, 8400 Winterthur, Zürich'),
('3707bc12-a69c-436f-96a2-1edfa3ec5949', 'Björn', 'Press', 'b.press@hin.ch', '079 480 07 26', 'Praxis Björn Press', 'Obergasse 30, 8400 Winterthur, Zürich'),
('7f09c039-73d2-4a71-a0cc-869a9054f9ad', 'Blandina', 'Schär', 'blandina.schaer@seelsorgerin.ch', '052 558 25 20', 'Praxis Blandina Schär', 'Haldenweg 13, 8245 Feuerthalen, Zürich'),
('8d499272-3ca1-45c5-b9b0-6a2369cf7f08', 'Irina', 'Bleuel', 'info@augenaerzte-neuengasse.ch', '031 311 33 92', 'Praxis Bleuel Marti Adam', 'Neuengass-Passage 2, 3011 Bern, Bern'),
('7e073049-215f-4e2a-9947-2532239f46b9', 'Natasha', 'Christensen', 'christensen.blickwechsel@hin.ch', '071 672 23 24', 'Praxis Blickwechsel', 'Hauptstrasse 40, 8280 Kreuzlingen, Thurgau'),
('3017fdd0-1b4e-4554-8d46-cbc6bc1962c7', 'Veronica', 'Bohrmann', 'veronica.bohrmann@hin.ch', '061 981 50 93', 'Praxis Bohrmann', 'Allmendstrasse 11, 4460 Gelterkinden, Basel-Land'),
('8e21d4cf-88ae-488a-ad91-9ab151730ba8', 'Bojana', 'Rüegg', 'bojana.rueegg@hin.ch', '078 700 59 70', 'Praxis Bojana Rüegg', 'Bahnhofstrasse 14, 8708 Männedorf, Zürich'),
('17fada5b-05b0-4eb5-9962-a4938e76067d', 'Wanda', 'Boland', 'wanda.boland@swissworld.com', '076 597 11 44', 'Praxis Boland', 'Rheinfallstrasse 6, 8212 Neuhausen am Rheinfall, Schaffhausen'),
('1261d498-9fdd-4477-9501-cf190a6a00d9', 'Francesca', 'Baracchi', 'baracchi.francesca@gmail.com', '044 912 14 81', 'Praxis Born Together', 'Dorfstrasse 18, 8800 Thalwil, Zürich'),
('dac02808-057b-48db-9a6c-8c6024213bcd', 'Jeanine', 'Born', 'info@bornlife.ch', '079 488 14 54', 'Praxis Born von Arx', 'Wehntalerstrasse 3, 8057 Zürich, Zürich'),
('b30c62ce-52a0-44a1-8388-e240ab2fd6e9', 'Mathias', 'Brandenberger', 'm.brandenberger@hin.ch', '076 540 48 92', 'Praxis Brandenberger', 'Vogelsangstrasse 7, 8006 Zürich, Zürich'),
('6c75eaa6-f112-4407-880d-d25a5b80456d', 'Anna', 'Brandstätter', 'praxis@brandstaetter.pro', '079 758 78 04', 'Praxis Brandstätter Anna', 'Grundstrasse 10, 6343 Rotkreuz, Zug'),
('8407577a-bc79-4307-b8a7-6b2f7e5dda9b', 'Claudio', 'Schmutz', 'praxis-breitiweg@hin.ch', '061 985 96 96', 'Praxis Breitiweg', 'Breitiweg 17, 4460 Gelterkinden, Basel-Land'),
('056ba6ab-9ecf-4945-bebe-ab3079f7245e', 'Brenda', 'Brunner', 'info@drbrendabrunner.com', '044 552 57 77', 'Praxis Brenda Brunner', 'Alte Winterthurerstrasse 31, 8304 Wallisellen, Zürich'),
('7ac0b2ab-2978-4cf8-a3bf-0d1c9fe04407', 'Rolf', 'Brestel', 'praxis@brestel.ch', '044 930 09 80', 'Praxis Brestel', 'Bahnhofstrasse 198, 8620 Wetzikon, Zürich'),
('f06ada6d-55cb-4223-b6ac-0b1319d3d5cf', 'Aisha', 'Ahmed', 'info@praxis-brestenberg.ch', '062 767 80 80', 'Praxis Brestenberg AG', 'Brestenbergstrasse 21, 5707 Seengen, Aargau'),
('ec7f4ee5-fabb-4400-8458-cba31279818d', 'Brigit', 'Hufenus', 'brigit.hufenus@fsp-hin.ch', '077 528 66 53', 'Praxis Brigit Hufenus', 'Engelgasse 5, 9000 St. Gallen, St. Gallen'),
('bdc0af97-a9d8-4db0-a55b-c2fa0dbbeebe', 'Brigit', 'Pedrazzoli', 'info@ayurveda-leben.ch', '076 523 35 38', 'Praxis Brigit Pedrazzoli', 'Dufourstrasse 106, 8008 Zürich, Zürich'),
('eb81bccc-710b-4089-9849-c6c511612f9f', 'Brigitt', 'Steinegger', 'brigitt.steinegger@hin.ch', '052 203 30 03', 'Praxis Brigitt Steinegger', 'Technikumstrasse 98, 8400 Winterthur, Zürich'),
('577f5b05-a33d-407a-bd69-24447a70c824', 'Brigitta', 'Ploke', 'ploke@praxis-ploke.ch', '055 211 92 29', 'Praxis Brigitta Ploke', 'Kreuzstrasse 68, 8640 Rapperswil, St. Gallen'),
('b41bdffd-fc1a-4a34-be46-cf5e1b494464', 'Brigitta', 'Tschudin', 'mail@b-tschudin.ch', '055 243 41 64', 'Praxis Brigitta Tschudin', 'Kirnacherstrasse 9, 8608 Bubikon, Zürich'),
('c7b13b3e-c307-4e78-9539-ce8c221c88fd', 'Brigitte', 'Bernhard', 'info@brigittebernhard.ch', '078 630 43 94', 'Praxis Brigitte Bernhard', 'Gartenstrasse 12, 3007 Bern, Bern'),
('3f03a31b-fc44-487a-90c4-728a0977dd0b', 'Brigitte', 'Ferencz', 'brigitte@ferencz.ch', '079 208 26 10', 'Praxis Brigitte Ferencz', 'Bondelistrasse 34, 3084 Wabern, Bern'),
('32d11c71-ad10-4ac9-8780-d01f747a0ccc', 'Brigitte', 'Heitger', 'brigitte.heitger@bluewin.ch', 'N.a.', 'Praxis Brigitte Heitger', 'Gutenbergstrasse 27, 3011 Bern, Bern'),
('246d1795-56ff-477e-be99-e91eb93c4954', 'Brigitte', 'Hofer', 'brihofer@gmx.ch', '076 332 13 43', 'Praxis brigitte hofer', 'Obertor 46, 8400 Winterthur, Zürich'),
('df046f7c-c6e8-4bb7-b3eb-0465a39a5e0d', 'Brigitte', 'Imhof', 'hello@brigitteimhof.ch', '078 673 14 67', 'Praxis Brigitte Imhof', 'Neuland 3, 6460 Altdorf, Uri'),
('d358dd6c-0420-48cf-8c80-134f378b859c', 'Brigitte', 'Karrer Stüssi', 'karrer@hin.ch', '052 212 13 10', 'Praxis Brigitte Karrar Stüssi', 'Obergasse 32, 8400 Winterthur, Zürich'),
('b6fbd850-8762-4579-943f-d92d44c89f73', 'Brigitte', 'Keller', 'brigitte.keller@fsp-hin.ch', '079 776 61 30', 'Praxis Brigitte Keller', 'Plandadeinstrasse 1, 7215 Fanas, Graubünden'),
('b01e98c6-2b83-43ec-9e9a-18e778d7e1f5', 'Brigitte', 'Neidhart', 'mail@brigitteneidhart.ch', '043 422 90 04', 'Praxis Brigitte Neidhart', 'Dorfstrasse 75, 8192 Glattfelden, Zürich'),
('a538f558-acbf-4997-b669-8ee46d12892a', 'Brigitte', 'Sayour', 'info@seelenheil-sayour.ch', '071 511 73 55', 'Praxis Brigitte Sayour', 'Erlachstrasse 3, 9014 St. Gallen, St. Gallen'),
('385ab400-ceba-4180-9444-a16c72ce94f5', 'Brigitte', 'Seifert', 'brigitte.seifert@ifpb.ch', '071 994 36 33', 'Praxis Brigitte Seifert', 'Notkerstrasse 14, 9000 St. Gallen, St. Gallen'),
('9c702b08-742f-4cc4-a456-d5ed3eb3aa9d', 'Brigitte', 'Stirnemann', 'brigitte.stirnemann@bluewin.ch', '079 655 60 39', 'Praxis Brigitte Stirnemann', 'Bergstrasse 3, 8044 Zürich, Zürich'),
('f75fc04f-cf18-40c9-b60c-05e9d52a2825', 'Brigitte', 'van Wegberg', 'brigitte.vanwegberg@gmail.com', '079 125 34 05', 'Praxis Brigitte van Wegberg', 'Ebenaustrasse 22, 6048 Horw, Luzern'),
('de246178-758f-4859-9e4e-481b5d8a8cb2', 'Brigitte', 'Hauser', 'info@brigittehauser.ch', '041 410 42 08', 'Praxis Brigittte Hauser', 'Fluhmattweg 4, 6004 Luzern, Luzern'),
('578eddab-d30c-4213-819a-b734f96469c9', 'Britta', 'Behrends', 'britta.behrends@psychologie.ch', '041 210 37 75', 'Praxis Britta Behrends', 'Zinggentorstrasse 6, 6006 Luzern, Luzern'),
('83015b9a-c8a6-4637-a4f0-20f3037b54fe', 'Michael', 'Schneider', 'praxis-brueckfeld@bluewin.ch', '079 694 93 37', 'Praxis Brueckfeld', 'Neubrückstrasse 92, 3012 Bern, Bern'),
('434e01b2-dc08-4228-9212-76c0075c039f', 'Urs Sascha', 'Sieber', 'praxisbrunnenhof@hin.ch', '034 411 22 11', 'Praxis Brunnenhof', 'Dorfstrasse 25a, 3324 Hindelbank, Bern'),
('1dbbaca5-b1af-4363-995c-7314b8075b89', 'Vreni', 'Krähenbühl-Keller', 'vre-krae@bluewin.ch', '079 207 64 84', 'Praxis Brunnenweg', 'Brunnenweg 8, 8912 Obfelden, Zürich'),
('0bac30e5-bf74-4155-a414-9bcfe60f50c3', 'Bruno', 'Bachmann', 'bruno-bachmann@bluewin.ch', '079 321 39 12', 'Praxis Bruno Bachmann', 'Zimmeregg 25, 6014 Luzern, Luzern'),
('68148af7-43d9-43e7-8afe-e65f7c8d0ec3', 'Bruno', 'Gmür', 'gmuer.dias@bluewin.ch', 'N.a.', 'Praxis Bruno Gmür', 'Rosenbergstrasse 73, 9000 St. Gallen, St. Gallen'),
('7bc18e0c-ff35-490c-b018-d4ebfd77c03a', 'Bruno', 'Rhyner', 'dr.rhyner@sunrise.ch', '079 285 54 19', 'Praxis Bruno Rhyner', 'Bartholoméplatz 3, 7310 Bad Ragaz, St. Gallen'),
('002ecee3-2ecd-4f87-abee-17c697b02106', 'Markus', 'Battaglia', 'markus.battaglia@praxis-bubenberg.ch', '031 328 88 88', 'Praxis Bubenberg AG', 'Bubenbergplatz 11, 3011 Bern, Bern'),
('57a377b0-4320-4ff1-9844-9941b8df07c9', 'Michael', 'Büchi', 'orl-buechi-wille@hin.ch', '052 213 74 00', 'Praxis Büchi ORL', 'Marktgasse 23, 8400 Winterthur, Zürich'),
('9f86a8a5-aeb7-4aa4-b495-624442b51c69', 'Norbert', 'Stettler', 'praxis.buchsbaum@hinmail.ch', '052 630 00 30', 'Praxis Buchsbaum', 'Schwertstrasse 9, 8200 Schaffhausen, Schaffhausen'),
('db70fa61-5003-4851-a99c-f6b0e97fe57f', 'Markus', 'Burla', 'info@praxisbullingerplatz.ch', '044 296 66 33', 'Praxis Bullingerplatz', 'Stauffacherstrasse 234, 8004 Zürich, Zürich'),
('8fcd3161-f1cf-4b94-82f1-9b73bcdefe76', 'Burkhard', 'Gierer', 'b.gierer@hin.ch', '079 891 21 05', 'Praxis Burkhard Gierer', 'Bärenfelserstrasse 40, 4070 Basel, Basel-Stadt'),
('9bc90746-c298-411a-bb8a-075580229906', 'Sabrina', 'Burkhard', 'sabrinaburkhard@burkhardpsy.ch', '079 582 96 82', 'Praxis Burkhardpsy', 'Quai du bas 23, 2502 Biel/Bienne, Bern'),
('92a39476-ed4a-4b3e-ae78-aa59df92ae16', 'Heiner', 'Burri', 'praxis.hburri@hin.ch', '079 470 72 37', 'Praxis Burri Heiner', 'Tiergartenstrasse 30, 4410 Liestal, Basel-Land'),
('b4eb3231-6b40-4ba2-9220-6739f7640344', 'Rahel', 'D''Angelo', 'rahel.dangelo@hin.ch', '032 384 84 60', 'Praxis Busswil', 'Buchenweg 2, 3292 Busswil, Bern'),
('c4a77677-4620-4a32-8c6f-2afb08eca95b', 'Patricia', 'Haller Hoch', 'info@praxisbymtoerli.ch', '061 511 35 35', 'Praxis bym Törli', 'Wasserturmplatz 3, 4410 Liestal, Basel-Land'),
('0d276af3-5e89-4c5e-963c-a7b232296da2', 'Christoph', 'Montanari', 'praxis.montanari.zurfluh@bluewin.ch', '041 780 24 00', 'Praxis C. Montanari und lic. phil. S. Zurfluh', 'Schmiedstrasse 17, 6330 Cham, Zug'),
('e48316ec-71c7-4ed0-99c1-93adb945f04b', 'Patricia', 'Calandra', 'info@praxiscalandra.ch', '043 411 59 01', 'Praxis Calandra', 'Kaffeestrasse 8d, 8180 Bülach, Zürich'),
('21855d26-0c8a-42d8-a6e1-bb7e8f24f169', 'Elisabeth', 'Camossi', 'info@praxis-camossi.ch', '079 751 61 44', 'Praxis Camossi', 'Neuhausstrasse 29, 8600 Dübendorf, Zürich'),
('552f588f-26d9-46fe-9ec8-0798a558f0d6', 'Lüzza R.', 'Campell-Dietrich', 'luezza.campelldietrich@hin.ch', '081 842 62 68', 'Praxis Campell AG', 'Via Maistra 107, 7504 Pontresina, Graubünden'),
('32a348fd-f562-42c6-8cd4-d826e7b95c0a', 'Michael', 'Canonica', 'canonica@hin.ch', '044 833 11 33', 'Praxis Canonica', 'Stationsstrasse 11, 8306 Brüttisellen, Zürich'),
('28162e4c-6a35-49f1-a75b-4a4a11e76eff', 'Silke', 'Endtinger', 'praxis@caravela.ch', '044 382 94 22', 'Praxis Caravela', 'Trichtenhauser Strasse 2, 8125 Zollikerberg, Zürich'),
('69b6283d-ec48-4cc7-9530-34cfe7612277', 'Denise', 'Balsiger-Walther', 'denisebalsiger@sunrise.ch', '032 392 54 73', 'Praxis Care for body & soul GmbH', 'Steinweg 23, 3283 Kallnach, Bern'),
('ae82bb4f-5986-4130-988b-b550d16b2b62', 'Anna', 'Schwarz', 'anna@caringforfamilies.ch', '078 645 14 91', 'Praxis Caring for Families', 'Sennweidstrasse 45, 6312 Steinhausen, Zug'),
('190a10af-a8b5-4430-91f8-ccc34433ab6c', 'Carl', 'Roth', 'caroth@hin.ch', '043 305 70 00', 'Praxis Carl Roth', 'Schwarzackerstrasse 14, 8304 Wallisellen, Zürich'),
('0e5400b7-44f1-4cba-be58-e9cf9e19e237', 'Carla', 'Gschwind', 'carla.gschwind@gmx.ch', '061 535 06 04', 'Praxis Carla Gschwind', 'Thannerstrasse 5, 4054 Basel, Basel-Stadt'),
('1463965e-ae9b-4b6c-a14c-e442e8427b2f', 'Carla', 'Lanini-Jauch', 'carla.lanini@psychologie.ch', '076 577 57 79', 'Praxis Carla Lanini-Jauch', 'Waserstrasse 78, 8053 Zürich, Zürich'),
('eeeb1964-5453-4720-875f-33b162442b72', 'Alice', 'Carlino', 'info@praxis-carlino.ch', '056 624 03 24', 'Praxis Carlino', 'Waldhofstrasse 2, 5605 Dottikon, Aargau'),
('73cc2190-903c-42a6-85c7-3998dfab0841', 'Carlos', 'Menti', 'contact@psychologie-praxis.ch', '078 703 70 56', 'Praxis Carlos Menti', 'Weinmarkt 15, 6004 Luzern, Luzern'),
('e4594d26-1f5c-4e6b-8513-70ae42ab0840', 'Carlos-Bernhard', 'Gonzales Hofmann', 'c.gonzalez-hofmann@hin.ch', 'N.a.', 'Praxis Carlos-Bernhard Gonzales Hofmann', 'Friedrichshafnerstrasse 55a, 8590 Romanshorn, Thurgau'),
('3847d0aa-5dea-44b8-aace-62fd671cbc5f', 'Carmen', 'Alexe', 'carmen_alexe@hotmail.com', '077 430 81 45', 'Praxis Carmen Alexe', 'Schaffhauserstrasse 18, 8006 Zürich, Zürich'),
('be61bcf5-ee11-43b6-8855-c9df22e0ad8b', 'Carmen', 'Boesch', 'carmen.boesch@psychologie.ch', '079 689 30 61', 'Praxis Carmen Boesch', 'Bruderholzstrasse 16, 4103 Bottmingen, Basel-Land'),
('a4118b65-d840-4256-9f40-f02d052d24d6', 'Carmen', 'Lopez', 'carmen@carmenlopez.co', '055 410 82 20', 'Praxis Carmen Lopez', 'Talstrasse 37, 8808 Pfäffikon, Schwyz'),
('2fc8ad73-f2d1-4fd7-b54e-1f30a1d7e98f', 'Carola', 'Smolenski', 'carola.smolenski@psychologie.ch', '031 543 09 35', 'Praxis Carola Smolenski', 'Mattenhofstrasse 5, 3007 Bern, Bern'),
('1873b4b1-e2a9-42b0-9b84-88b204e79397', 'Carole', 'Frei', 'carole.frei@bluewin.ch', '079 403 40 94', 'Praxis Carole Frei', 'Sennweidstrasse 1a, 8608 Bubikon, Zürich'),
('4e9ee65b-151c-473d-9ea7-1bd50cdb12e9', 'Carolin', 'Börstädt', 'c.borstaedt@hin.ch', '079 224 87 02', 'Praxis Carolin Borstädt', 'Leonhardsstrasse  53, 4051 Basel, Basel-Stadt'),
('3dbcea29-4df6-4850-97ff-38821e744192', 'Carolina', 'Schneiter-Huber', 'carolschneiter@eblcom.ch', '061 321 04 31', 'Praxis Carolina Schneiter-Huber', 'Grabenweg 3, 4414 Füllinsdorf, Basel-Land'),
('0b6b7aa1-e6de-4269-b0c0-394e6697076c', 'Caroline', 'Hart', 'caroline.hart@psychologie.ch', '079 393 21 66', 'Praxis Caroline Hart', 'Altstadtgasse 1, 6210 Sursee, Luzern'),
('93a0e07c-18fb-4447-8bae-24f48f3ec731', 'Caroline', 'Pahud de Mortanges', 'caroline.pahud@bluewin.ch', '077 522 80 22', 'Praxis Caroline Pahud de Mortange', 'Obergasse 30, 8400 Winterthur, Zürich'),
('19c54166-1390-465d-be26-3bd94596e64b', 'Caroline', 'Theurillat', 'caroline-theurillat@bluewin.ch', '061 461 37 56', 'Praxis Caroline Theurillat', 'Postplatz 7, 4144 Arlesheim, Basel-Land'),
('138593c1-c2bc-40cd-bce6-783ec57bac1f', 'Caroline', 'Neuhofer Katz', 'neuhoferkatz@hin.ch', '061 327 10 25', 'Praxis Caroline Neuhofer Katz', 'Friedensgasse 51, 4056 Basel, Basel-Stadt'),
('b7e554ae-6aef-401e-ae99-579781e7375b', 'Catherine', 'Schuler-Dittli', 'praxis@catherine-schuler.ch', '077 478 09 06', 'Praxis Catherine Schuler', 'Gotthardstrasse 96, 6472 Erstfeld, Uri'),
('200dd804-96e1-4b5d-be47-a116d001132f', 'Cedric', 'Kettelhack', 'cedric.kettelhack@hin.ch', '061 271 89 22', 'Praxis Cedric Kettelhack', 'Elsässerstrasse 34, 4056 Basel, Basel-Stadt'),
('71b50df5-da01-4bf5-baeb-67128c4df6d9', 'Urs', 'Stampfli', 'praxis-central@hin.ch', '044 718 18 60', 'Praxis Central', 'Seestrasse 122, 8810 Horgen, Zürich'),
('f7571eef-a066-4119-890b-a8798870163c', 'Cesar', 'Flick', 'cesar.flick@hin.ch', '061 422 11 22', 'Praxis Cesar Flick', 'Burggasse 2, 4132 Muttenz, Basel-Land'),
('06ec2111-b8e0-4e02-bb57-9cbe5189aa0c', 'Hanna', 'Schnyder-Etienne', 'h.schnyder.etienne@bluewin.ch', '027 473 13 06', 'Praxis Chabloz AG', 'Badnerstrasse 2, 3953 Leuk Stadt, Wallis/Valais'),
('ecc9d359-7286-48ba-b4d7-0f9c268f0134', 'Martin', 'Walkmeister', 'walkmeister@praxisarosa.ch', '081 377 27 28', 'Praxis Chalet Erosen', 'Poststrasse 179, 7050 Arosa, Graubünden'),
('ffa67a44-fb14-4467-a7db-0fa5375cee5c', 'Marie-Eve', 'Jetzer', 'mail@shiatsu-reiki-qigong.com', '079 155 23 81', 'Praxis Chalet Michèle', 'Berg 272a, 3764 Weissenburg, Bern'),
('4c53ef71-2938-4f6f-9582-0b8e3d00db9d', 'Charlotte', 'Widler', 'charlotte.widler@hin.ch', 'N.a.', 'Praxis Charlotte Widler', 'Bahnhofstrasse 3, 8590 Romanshorn, Thurgau'),
('74571bac-fe88-41dd-ab2e-d43d26fe5319', 'Charlotte', 'Bucheli Egger', 'charlottebe@bluewin.ch', 'N.a.', 'Praxis Charlotte Bucheli Egger', 'Hutgasse 4, 4001 Basel, Basel-Stadt'),
('2c6ae58a-28c2-4d02-ac9b-bf659a81c2a5', 'Susanna', 'Buchmüller', 'info@tcm-buchmueller.ch', '052 654 16 14', 'Praxis Chinesische Medizin', 'Schaffhauserstrasse 8, 8253 Diessenhofen, Thurgau'),
('d0d29fab-9231-4410-b853-7be3738eb42e', 'Elisa', 'Choi', 'elisa.choi@psychologie.ch', '076 604 46 43', 'Praxis Choi', 'Hönggerstrasse 117, 8037 Zürich, Zürich'),
('76893d71-778b-4733-afb5-41fbba990d9b', 'Marc', 'Meier', 'praxis@marcmeier.ch', '076 522 68 00', 'Praxis Chreis 4', 'Sihlhallenstrasse 30, 8004 Zürich, Zürich'),
('0d9e45c9-96d3-46e5-92be-8cd53b26bcb9', 'Christian', 'Astre', 'christian.astre@neurio.ch', '079 688 29 72', 'Praxis Chreis 4', 'Sihlhallenstrasse 30, 8004 Zürich, Zürich'),
('95e52cfd-56e5-4390-8e4e-69b2dfab50be', 'Christa', 'Bot', 'info@christabot.ch', '052 550 15 12', 'Praxis Christa Bot', 'Stadthausstrasse 65, 8400 Winterthur, Zürich'),
('c4ecc1f5-3223-4419-be68-79f27727816b', 'Christa', 'Furrer', 'christa.furrer@hin.ch', '079 360 96 04', 'Praxis Christa Furrer', 'Neustadtgasse 1a, 8400 Winterthur, Zürich'),
('a3648e49-ca41-4b49-9bec-adc54afa141f', 'Christa', 'Kaiser', 'chr.kaiser@hispeed.ch', '079 457 01 37', 'Praxis Christa Kaiser', 'Paulstrasse 8, 8400 Winterthur, Zürich'),
('72553ed4-f83a-44ba-a93e-4b96876bd364', 'Christian', 'Fritzsche', 'christian.fritzsche@fsp-hin.ch', '079 850 16 67', 'Praxis Christian Fritzsche', 'Granitweg 2, 8006 Zürich, Zürich'),
('72425a43-3f62-48d1-80d2-b8d3db3f1e54', 'Christian', 'Geiger', 'cangeiger@bluewin.ch', '041 410 30 48', 'Praxis Christian Geiger', 'Morgartenstrasse 1, 6003 Luzern, Luzern'),
('9a55c82d-0769-4ace-a676-ebad55a5f9c2', 'Christian', 'Gerber', 'mail@christiangerber.ch', '079 366 69 01', 'Praxis Christian Gerber', 'Lorrainestrasse 32, 3013 Bern, Bern'),
('45af2adb-2433-4e8e-8c9f-be7a32e03fc0', 'Christian', 'Iten', 'info@praxis-iten.ch', '044 212 22 24', 'Praxis Christian Iten', 'Bahnhofstrasse 56, 8001 Zürich, Zürich'),
('62f60771-1b9e-42ca-8618-dbbfd9a1ce68', 'Christian', 'Kläui', 'praxis.klaeui@bluewin.ch', '061 271 89 22', 'Praxis Christian Kläui', 'Therwilerstrasse 7, 4054 Basel, Basel-Stadt'),
('afebe51e-4fe3-4388-a5f2-48acd945be06', 'Christian William', 'Kunze', 'cwk.kunze@gmail.com', '079 655 75 77', 'Praxis Christian Kunze', 'Zihlmattweg 29, 6005 Luzern, Luzern'),
('b6b2c1a0-2bbd-4109-9e80-ab351c2cd740', 'Christian', 'Lauffenburger', 'lauffenburger@bluewin.ch', '079 232 47 42', 'Praxis Christian Lauffenburger', 'Neumarkt 17, 8402 Winterthur, Zürich'),
('e5aa78b3-09b0-4d78-9a67-cc9e87fd5426', 'Christian', 'Präckel', 'christian.praeckel@hin.ch', '079 379 22 61', 'Praxis Christian Präckel', 'Schaffhauserstrasse 8, 8253 Diessenhofen, Thurgau'),
('5d7716fd-2993-40a6-b645-7b3f2d23fe41', 'Christian', 'Rappan', 'christian.rappan@bluewin.ch', '078 645 94 42', 'Praxis Christian Rappan', 'Rigistrasse 9, 8006 Zürich, Zürich'),
('b6bc424e-d4a7-4952-8429-6a164d4508b9', 'Christian', 'Schwegler', 'info@praxisschwegler.ch', '061 751 90 80', 'Praxis Christian Schwegler', 'Batteriestrasse 27, 4101 Bruderholz, Basel-Land'),
('4d254e48-6d17-49df-aa1a-882d6c58ca28', 'Christiana', 'Ludwig', 'christiana-ludwig@hispeed.ch', '079 352 22 09', 'Praxis Christiana Ludwig', 'Obere Gasse 54, 7000 Chur, Graubünden'),
('9bbff110-8ada-49f0-a390-9e22c3a2e8e8', 'Christiane', 'Schräer', 'christiane.schraeer@hin.ch', '079 762 21 82', 'Praxis Christiane Schräer', 'Rosenstrasse 2, 8400 Winterthur, Zürich'),
('32ef20b6-9e61-4abc-99c2-11c6766e4ae8', 'Christina', 'Bräker', 'christina.braeker@hin.ch', '077 496 98 62', 'Praxis Christina Bräker', 'St. Gallerstrasse 49, 9200 Gossau, St. Gallen'),
('7d9ae9bd-b11e-4a23-8252-c9dfd1d5a24c', 'Christina', 'Casanova', 'info@praxiscasanova.ch', '079 560 63 64', 'Praxis Christina Casanova', 'Karlihof 5, 7000 Chur, Graubünden'),
('fdaaa9e3-b0fc-4a01-b67a-9c3431d9b301', 'Christina', 'Hockeler', 'christina.hockeler@hin.ch', '076 525 55 11', 'Praxis Christina Hockeler', 'Heuberg 16, 4051 Basel, Basel-Stadt'),
('25c3d441-e2e6-4847-b80a-036732a3093c', 'Christina', 'Spirig', 'christinaspirig@bluewin.ch', 'N.a.', 'Praxis Christina Spirig', 'Schulhausstrasse 64, 8002 Zürich, Zürich'),
('10bb3e44-b89c-4482-94bd-ef52dc125ef2', 'Christina', 'Stäheli', 'christina.staeheli@asp-hin.ch', '052 720 18 38', 'Praxis Christina Stäheli', 'Galgenholzstrasse 21, 8500 Frauenfeld, Thurgau'),
('b2317e62-f28d-495b-bef7-5d80577c02f4', 'Christine', 'Beer', 'christine.beer@hin.ch', '032 627 16 68', 'Praxis Christine Beer', 'Mottastrasse 33, 3005 Bern, Bern'),
('0873e3e9-ac59-4361-abb5-2b750e873daa', 'Christine', 'Dettli', 'praxis5@christinedettli.ch', '079 705 15 50', 'Praxis Christine Dettli', 'Brunnweg 4, 4143 Dornach, Solothurn'),
('31af92d0-675c-4bf3-8e59-1bf94802a579', 'Christine', 'Eberle', 'chr.eberle@sunrise.ch', '078 765 29 54', 'Praxis Christine Eberle', 'Kirchgasse 28, 8706 Meilen, Zürich'),
('f096bd53-7e3d-4051-9472-8d920ac84f68', 'Christine', 'Forrester Knauss', 'christine.forrester-knauss@bluewin.ch', '061 511 51 50', 'Praxis Christine Forrester Knauss', 'Binningerstrasse 19, 4142 Münchenstein, Basel-Land'),
('f07a21ab-08b3-4809-ae2b-82a5afebce8c', 'Christine', 'Gautschi Coninx', 'christine.gautschi@greenmail.ch', '031 312 54 44', 'Praxis Christine Gautschi Coninx', 'Münstergasse 1, 3011 Bern, Bern'),
('beae3251-630c-4237-aac9-14e391e60013', 'Christine', 'Harzheim', 'mail@christine-harzheim.ch', '078 629 92 98', 'Praxis Christine Harzheim', 'Lorrainestrasse 32, 3013 Bern, Bern'),
('db5ac567-c05c-4a6e-b980-a45457fa95e5', 'Christine', 'Jäggi Ott', 'christine.jaeggi@hin.ch', '077 528 21 18', 'Praxis Christine Jäggi Ott', 'Steinbergstrasse 54, 8400 Winterthur, Zürich'),
('89a2a162-f2cd-4312-bb73-67efe92ed0df', 'Christine', 'Nelevic Longoni', 'luzern@psychotherapeutin.ch', '079 597 17 72', 'Praxis Christine Nelevic Longoni', 'Chlosterbünt 26, 6102 Malters, Luzern'),
('fbd089e1-ea06-45af-b905-5aceeab31668', 'Christine', 'Steiner', 'info@christinesteiner.ch', '078 788 35 08', 'Praxis Christine Steiner', 'Güterstrasse 269, 4053 Basel, Basel-Stadt'),
('28d9934e-833f-4c21-b270-9089dd2d4492', 'Christine', 'Steinmann', 'psy.therapie.ch@gmail.com', '078 627 96 14', 'Praxis Christine Steinmann', 'Universitätsstrasse 87, 8002 Zürich, Zürich'),
('8be29fbc-42f5-48b5-959e-da03fa2459cb', 'Christine', 'Widmer', 'christinewidmer@bluewin.ch', '044 250 44 40', 'Praxis Christine Widmer', 'Freiestrasse 90, 8032 Zürich, Zürich'),
('e732c8d9-c549-4b4a-ac25-f20524cc2f48', 'Christine', 'Baumgartner-Attiger', 'c.baumgartner@intergga.ch', '061 761 24 89', 'Praxis Christine Baumgartner-Attiger', 'Steinackerring 19, 4147 Aesch, Basel-Land'),
('038fc2b7-50e1-4eec-88e8-e645f594d5b9', 'Christine', 'D''Souza', 'praxis.chds@gmail.com', '061 271 56 86', 'Praxis Christine D''Souza', 'Leimenstrasse 46, 4051 Basel, Basel-Stadt'),
('40fe62a6-f8f8-4e25-b198-a328bfe9b7cc', 'Christine', 'Glauser', 'glauser.christine@bluewin.ch', '061 691 70 60', 'Praxis Christine Glauser', 'Bärenfelserstrasse 40, 4057 Basel, Basel-Stadt'),
('2e0942e4-bb25-4078-b4eb-722e2e8a32c3', 'Christine', 'Zinkernagel', 'czinkernagel@bluewin.ch', '061 263 33 51', 'Praxis Christine Zinkernagel', 'Therwilerstrasse 3, 4054 Basel, Basel-Stadt'),
('d0f5e98a-2213-40f7-87c1-52b563d03462', 'Christoph', 'Ettlin', 'ch.ettlin@zmb-basel.ch', '061 691 70 60', 'Praxis Christoph Ettlin', 'Unterer Rheinweg 32, 4057 Basel, Basel-Stadt'),
('f89506be-56c2-4920-893e-56ca4af8aa2b', 'Christoph', 'Moser', 'chmoser@hin.ch', '044 923 02 44', 'Praxis Christoph Moser', 'Kirchgasse 28, 8706 Meilen, Zürich'),
('02c7704f-844f-4083-85fa-c1630b1c84a4', 'Christoph', 'Schützinger', 'office@diepsychiater.com', '044 716 42 54', 'Praxis Christoph Schützinger', 'Bahnhofstrasse 1, 8802 Kilchberg, Zürich'),
('c3b413be-9a00-4931-b02f-4fc4960b111c', 'Christoph', 'Deimel', 'christoph.deimel@hin.ch', '071 280 10 04', 'Praxis Christoph Deimel', 'Schmiedgasse 35, 9000 St. Gallen, St. Gallen'),
('fe8db3d7-4138-4363-a3a6-6f1607cec99b', 'Christoph', 'Grober', 'christoph.grober@hin.ch', 'N.a.', 'Praxis Christoph Grober', 'Thiersteinerallee 61, 4053 Basel, Basel-Stadt'),
('50bf131f-2aeb-4cfd-a919-540bee65e1aa', 'Christoph', 'Strebel', 'ch.strebel@medges.ch', 'N.a.', 'Praxis Christoph Strebel', 'Rebgasse 28, 4058 Basel, Basel-Stadt'),
('6da4c567-855d-47c1-8e12-f8a660d9c71c', 'Cilly', 'Kupper', 'cilly.kupper@psychologie.ch', '041 410 54 57', 'Praxis Cilly Kupper', 'Murbacherstrasse 35, 6003 Luzern, Luzern'),
('824340de-e1cd-405a-9466-1d8a68a665d2', 'Filiz', 'Irmak', 'praxiscitywest@hin.ch', '032 621 45 75', 'Praxis City West AG', 'Brunngrabenstrasse 2, 4500 Solothurn, Solothurn'),
('7fd803e2-e543-4b66-a629-3711e56302e5', 'Claudia', 'Bachmann', 'praxis@claudia-bachmann.ch', '079 755 74 58', 'Praxis Claudia Bachmann', 'Hauptstrasse 10, 6280 Hochdorf, Luzern'),
('c59840d0-c40a-4147-872a-4529818b32af', 'Claudia', 'Disch', 'claudia.disch@hin.ch', '079 421 20 03', 'Praxis Claudia Disch', 'Theaterstrasse 1, 8400 Winterthur, Zürich'),
('e48ced87-e117-49f8-a49c-6c2cd3639945', 'Claudia', 'Eimer', 'claudia.eimer@bluewin.ch', '079 842 81 37', 'Praxis Claudia Eimer', 'Öhringerstrasse 11, 8260 Stein am Rhein, Schaffhausen'),
('b56c8ce9-4095-4b5a-958f-f10e1ed1fc59', 'Claudia', 'Gomm', 'praxis@claudia-gomm.ch', '079 256 44 52', 'Praxis Claudia Gomm', 'Grenzacherstrasse 28, 4058 Basel, Basel-Stadt'),
('86b24420-e59f-47ff-9c5f-8dd1c6aa17fe', 'Claudia', 'Gramespacher', 'claudia.gramespacher@psychologie.ch', '076 497 93 39', 'Praxis Claudia Gramespacher Jakobsen', 'Steinenberg 5, 4051 Basel, Basel-Stadt'),
('28b98e73-dae8-435c-983f-ebbd79bac731', 'Claudia', 'Gysling', 'claudia.gysling@fsp-hin.ch', '076 831 48 08', 'Praxis Claudia Gysling', 'Bundesplatz 6, 6300 Zug, Zug'),
('74e780a6-4746-4d5a-90c4-845c4cfdb74d', 'Claudia', 'Hehli Nussbaumer', 'info@claudiahehli.ch', '079 580 48 84', 'Praxis Claudia Hehli Nussbaumer', 'Kirchgasse 12a, 8472 Seuzach, Zürich'),
('0f22a033-913f-4edd-a70a-cc48579697e9', 'Claudia', 'Kern', 'kontakt@psychotherapie-kern.ch', '061 411 44 84', 'Praxis Claudia Kern', 'Offenburgerstrasse 21, 4057 Basel, Basel-Stadt'),
('368fc75f-21ae-4d52-9b3f-aedaf5169957', 'Claudia', 'Laube', 'claudia.laube@fsp-hin.ch', '056 210 90 23', 'Praxis Claudia Laube', 'Zollrain 2, 5000 Aarau, Aargau'),
('50b078a5-53c1-4888-9f98-6e8f1c1b533a', 'Claudia', 'Lieber Schweizer', 'claudia.lieber@fsp-hin.ch', 'N.a.', 'Praxis Claudia Lieber Schweizer', 'Zinggentorstrasse 6, 6006 Luzern, Luzern'),
('cfd8afad-c17d-4071-a7aa-74faf530b19a', 'Claudia', 'Mösch Lutz', 'cmoesch@hin.ch', '043 317 98 54', 'Praxis Claudia Mösch Lutz', 'Badenerstrasse 67, 8004 Zürich, Zürich'),
('958ad5fd-f42c-40ef-85f3-b196f75241cd', 'Claudia', 'Schuler', 'kontakt@claudia-schuler.ch', '077 421 01 07', 'Praxis Claudia Schuler', 'Seedorferstrasse 19, 6460 Altdorf, Uri'),
('9ec9ad88-0999-469e-92cd-451bf87941ee', 'Claudia', 'Seiler Previdoli', 'cl.seiler@bluewin.ch', '031 333 50 60', 'Praxis Claudia Seiler Previdoli', 'Gutenbergstrasse 21, 3011 Bern, Bern'),
('3eaa398f-9ff9-4378-bf0d-2bfe249f3675', 'Claudia', 'Tapparelli', 'claudia.tapparelli@hin.ch', '079 457 05 79', 'Praxis Claudia Tapparelli', 'Mühlegasse 2, 4410 Liestal, Basel-Land'),
('8a45883d-6457-4e07-97f4-4bdc6d7ace6a', 'Claudia', 'Webinger', 'info@claudiawebinger.net', '032 558 45 41', 'Praxis Claudia Webinger', 'Industriegasse 7, 2502 Biel/Bienne, Bern'),
('65f8031a-5c98-4441-a76e-9544f11b43a9', 'Claudia', 'Winkler', 'praxis@claudia-winkler.ch', '061 261 58 05', 'Praxis Claudia Winkler', 'Güterstrasse 313, 4053 Basel, Basel-Stadt'),
('5d8b6f26-e51c-4c3a-8178-5eb9c4a2b35e', 'Claudia', 'Früh', 'c.e.m.r.frueh@vtxmail.ch', '061 691 66 77', 'Praxis Claudia Früh', 'Haltingerstrasse 65, 4057 Basel, Basel-Stadt'),
('de95881f-d551-43d6-a3f3-34699689d581', 'Claudine', 'Liatowitsch-Lilienfeld', 'cl@liatowitsch.net', '044 381 65 21', 'Praxis Claudine Liatowitsch-Lilienfeld', 'Dufourstrasse 136, 8008 Zürich, Zürich'),
('e5253844-09cf-44c1-a95b-8ca4dcf40986', 'Claudine', 'Aeschbach', 'claudine.aeschbach@hin.ch', '061 511 50 81', 'Praxis Claudine Aeschbach', 'Austrasse 79, 4051 Basel, Basel-Stadt'),
('04263c8a-f145-4b39-af0e-863a65fcbe83', 'Cleber', 'Ribeiro da Silva', 'cleber.farol@gmail.com', '077 512 19 64', 'Praxis Cleber Ribeiro da Silva', 'Owenweg 22, 8038 Zürich, Zürich'),
('51a91937-9765-485f-81a4-fb66e6659eb5', 'Christine', 'Czarnowske', 'info@complethera.ch', '044 860 89 41', 'Praxis CompleThera', 'Sonneggweg 7, 8180 Bülach, Zürich'),
('bae8d231-e0d4-4fb3-9888-365bfa3c961b', 'Sonja', 'Huber', 's.huber@swissonline.ch', '077 401 25 33', 'Praxis Comtari cum Huber', 'Niederwiesstrasse 16, 8832 Wollerau, Schwyz'),
('7f6187f3-0b5f-4611-9f33-a8b270d121a2', 'Constantin', 'Georgiou', 'info@praxis-georgiou.ch', '079 953 55 30', 'Praxis Constantin Georgiou', 'Gallusstrasse 18, 9000 St. Gallen, St. Gallen'),
('a2b0dbc7-f68e-4f82-b94c-935d91d035e6', 'Constanze', 'Römer', 'constanze.roemer@hin.ch', '071 393 44 88', 'Praxis Constanze Römer', 'Bahnhofstrasse 7, 9470 Buchs, St. Gallen'),
('ef1fc591-c2e9-4606-b874-cf0e6ec288c8', 'Petra', 'Schnellmann', 'pschnellmann@bluewin.ch', '079 344 24 26', 'Praxis Cordare', '8855 Wangen, Schwyz'),
('a76525c3-261c-42f4-a55a-eed6bbe82870', 'Aloka Kristina', 'Kern', 'aloka.kern@hin.ch', '076 736 22 07', 'Praxis Coresense', 'Sophienstrasse 16, 8032 Zürich, Zürich'),
('3e1c5b82-bb18-4499-be13-0992c964c6c6', 'Corin', 'Strimer', 'corin.strimer@psychologie.ch', '076 307 03 06', 'Praxis Corin Strimer', 'Duggelistrasse 7, 6330 Cham, Zug'),
('e2c49792-58e8-4b13-bf4a-9d0bb4a0283b', 'Corina', 'Haselmann', 'beratung@pbch.ch', '079 397 50 72', 'Praxis Corina Haselmann', 'Bahnhofstrasse 29, 8810 Horgen, Zürich'),
('c3bc5947-79a0-4ef8-b155-f5d519419b97', 'Corina', 'Tanner', 'corina.tanner@psychologie.ch', '061 511 51 50', 'Praxis Corina Tanner', 'Rathausstrasse 68, 4410 Liestal, Basel-Land'),
('8fe574dc-0ae3-4600-b5e2-99c716bf90f6', 'Corinna', 'Köhre', 'corinna.koehre@psychologie.ch', '081 330 61 39', 'Praxis Corinna Köhre', 'Quaderstrasse 36, 7000 Chur, Graubünden'),
('ec14d3ef-18a8-489d-bb0b-37cf883e0e3f', 'Corinne', 'Handschin', 'corinne.handschin@hin.ch', '044 923 40 80', 'Praxis Corinne Handschin', 'Kirchgasse 28, 8706 Meilen, Zürich'),
('e2a3b1b1-54fe-44a9-87e8-81c076e4d5eb', 'Corinne', 'Kappeler', 'corinne.kappeler@psychologie.ch', '079 223 64 09', 'Praxis Corinne Kappeler', 'Berneggstrasse 11, 9000 St. Gallen, St. Gallen'),
('603dedbd-46a2-43ee-954e-1740c0dac8be', 'Corinne', 'Morgenegg', 'corinne.morgenegg@fsp-hin.ch', '079 447 68 35', 'Praxis Corinne Morgenegg', 'Zürichstrasse 38, 8306 Brüttisellen, Zürich'),
('bb2a194e-5f7e-4e3d-ab27-c81dedb1f3a7', 'Corinne', 'Schärer', 'corinne.schaerer@psychologie.ch', '077 496 01 57', 'Praxis Corinne Schärer', 'Moserstrasse 42, 3014 Bern, Bern'),
('a8cdbe5d-f6d4-46a9-9c4d-d6b2855411e7', 'Corinne', 'Walliser', 'corinne.walliser@psychologiepraxis.ch', '078 898 46 15', 'Praxis Corinne Walliser', 'Postgasse 60, 3011 Bern, Bern'),
('830c70ad-3e12-47c2-8459-255380ddf0b2', 'Cornelia', 'Galanda', 'cornelia.galanda@hin.ch', '044 555 96 02', 'Praxis Cornelia Galanda', 'Steig 11, 8193 Eglisau, Zürich'),
('8b9e53bf-2220-4464-9fa7-9989a4e2e066', 'Cornelia', 'Wyrsch', 'info@homoeopathie-und-klang.ch', '041 660 62 38', 'Praxis Cornelia Wyrsch', 'Dorfplatz 7, 6060 Sarnen, Obwalden'),
('68f6bd76-05fa-4ffd-8f2d-d67f533bcb06', 'Cornelia', 'Zuberbühler', 'c.zuberbuehler@fsp-hin.ch', '078 213 46 77', 'Praxis Cornelia Zuberbühler', 'Marktgasse 29, 3011 Bern, Bern'),
('a3835081-5cf6-4d75-b6b7-e4d93971e8af', 'Cosmin', 'Chita', 'cosmin.chita@hin.ch', '078 960 53 52', 'Praxis Cosmin Chita', 'Usteristrasse 23, 8001 Zürich, Zürich'),
('c53330c9-0945-4898-80e9-ebe3921281f9', 'Regina', 'Germann', 'info@praxis-coucou.ch', '078 798 91 76', 'praxis coucou', 'Kluggasse 11, 8640 Rapperswil, St. Gallen'),
('20d9e256-31dc-404c-b0db-b5e33c8f3867', 'Cristin', 'Tschapnizky', 'cristin.tschapnizky@hin.ch', '077 428 21 38', 'Praxis Cristin Tschapnizky', 'Hutgasse 2, 4001 Basel, Basel-Stadt'),
('a897f1ce-ac71-4b12-babf-9accf806b21b', 'Cristina', 'Robbins', 'cristina@robbinspsychology.ch', '079 758 78 04', 'Praxis Cristina Robbins', 'Eichstrasse 19a, 6330 Cham, Zug'),
('db9536b3-24fd-46e4-b3d1-923635b46b3b', 'Cornelia', 'Scherl', 'c.scherl@fsp-hin.ch', '078 780 00 12', 'Praxis CS Psychologie', 'Alte Landstrasse 8, 8942 Oberrieden, Zürich'),
('9f93e46b-4710-4837-90d7-4ad2c0859a18', 'Cynthia', 'Scarpatetti', 'cynthia@praxis-scarpatetti.ch', '078 849 46 86', 'Praxis Cynthia Scarpatetti', 'Burgunderstrasse 29, 4051 Basel, Basel-Stadt'),
('b8b67516-580a-4e55-aca4-df7f122038bc', 'Cyrill', 'Kälin', 'cyrill.kaelin@bluemail.ch', '044 912 01 72', 'Praxis Cyrill Kälin', 'Toblerstrasse 15, 8044 Zürich, Zürich'),
('02491d41-5e45-45d9-9970-7b2ec73ef4d3', 'Angela', 'Caddick', 'dr.angela.caddick@gmail.com', '044 261 39 39', 'Praxis D29', 'Dufourstrasse 29, 8008 Zürich, Zürich'),
('625c297c-761e-4359-b517-394fc4e6e083', 'Dagmar', 'Nölchen', 'praxis-noelchen@gmx.ch', '061 271 56 86', 'Praxis Dagmar Nölchen', 'Steinenberg 5, 4051 Basel, Basel-Stadt'),
('caf4d405-b563-4cc8-a65f-c163c6004d1b', 'Matthias', 'Scheller', 'praxis-dallenwil@hin.ch', '041 628 10 33', 'Praxis Dallenwil', 'Dorfplatz 4, 6383 Dallenwil, Nidwalden'),
('db1cd322-cd0a-4779-9fc8-e15a980d4b2b', 'Dana', 'Weder', 'dana.weder@hin.ch', '078 223 25 56', 'Praxis Dana Weder', 'Hauptplatz  8, 8640 Rapperswil, St. Gallen'),
('93732ef7-9f68-4a02-9144-06eb6cfb7d8b', 'Dania', 'Schiftan', 'kontakt@daniaschiftan.ch', '075 400 44 22', 'Praxis Dania Schiftan', 'Schaffhauserstrasse 5, 8006 Zürich, Zürich'),
('b56eb6d5-5bbc-4a70-93a5-e231d2184969', 'Daniel', 'Bischof', 'bischof@psychotherapie-bischof.ch', '079 338 79 28', 'Praxis Daniel Bischof', 'Eidmattstrasse 51, 8032 Zürich, Zürich'),
('163ef1b0-bcdb-4279-8c18-0c154ef8c5e5', 'Daniel', 'Frischknecht', 'info@frischknecht-beratungen.ch', '078 839 25 83', 'Praxis Daniel Frischknecht', 'Rütistrasse 17, 8590 Romanshorn, Thurgau'),
('8087e4fc-4994-468c-95c3-1985ac828af4', 'Daniel Georges', 'Zindel', 'dzindel@sunrise.ch', '061 422 00 21', 'Praxis Daniel G. Zindel', 'Grabenweg 10, 4242 Laufen, Basel-Land'),
('5296fb0c-3e34-4f3b-aa0a-ed4c768dc311', 'Daniel', 'Hasler', 'hasler@medical-profiling.ch', '079 651 01 01', 'Praxis Daniel Hasler', 'Neudorfstrasse 47, 7430 Thusis, Graubünden'),
('911f382a-741d-41d4-81cc-6e39881e1af2', 'Daniel', 'Hicklin', 'hicklin@hin.ch', '061 271 48 88', 'Praxis Daniel Hicklin', 'Delsbergerallee 65, 4053 Basel, Basel-Stadt'),
('dfded123-d4fa-4b80-959d-e18be66b0581', 'Daniel', 'Jud', 'daniel.jud@hin.ch', '071 411 97 20', 'Praxis Daniel Jud', 'Weinfelderstrasse 4, 8580 Amriswil, Thurgau'),
('9658ad44-fdd0-40ee-b135-6e6a8ed3c003', 'Daniel', 'Käser', 'anfrage@luzerner-psychotherapie.ch', '041 410 86 06', 'Praxis Daniel Käser', 'Bundesplatz 10, 6003 Luzern, Luzern'),
('5a2435f4-456c-4d93-aaa5-5991c1f6a6f2', 'Daniel', 'Kramer', 'info@deleos.ch', '076 297 34 46', 'Praxis Daniel Kramer', 'Brauereistrasse 18, 8570 Weinfelden, Thurgau'),
('7c08aaaf-1613-471a-bfa5-5647778c19f6', 'Daniel', 'Minder', 'daniel.minder@hin.ch', '052 550 55 88', 'Praxis Daniel Minder', 'Neumarkt 11, 8400 Winterthur, Zürich'),
('81c65fb1-9259-47b4-a4dc-5f1d75556a27', 'Daniel', 'Münger', 'daniel.muenger@hin.ch', '043 233 33 00', 'Praxis Daniel Münger', 'Wilerstrasse 6, 8570 Weinfelden, Thurgau'),
('7b45c045-da68-4504-8c04-2870cb186a54', 'Daniel', 'Barth', 'daniel@barth.net', '061 971 82 42', 'Praxis Daniel Barth', 'Parkstrasse 5, 4102 Binningen, Basel-Land'),
('ec77ed73-6560-4105-bada-6fb58a68396c', 'Daniel', 'Fasnacht', 'dfasnacht@hin.ch', '061 525 95 55', 'Praxis Daniel Fasnacht', 'Rümelinsplatz 14, 4001 Basel, Basel-Stadt'),
('8afa3df6-1a0e-4d21-80d2-6c25264aa773', 'Daniela', 'Achermann', 'praxis@daniela-achermann.ch', '041 310 84 03', 'Praxis Daniela Achermann', 'Obergrundstrasse 88, 6005 Luzern, Luzern'),
('e42f9b4b-b61f-4fb8-b7c5-6672ae26b8f9', 'Daniela', 'Blaser', 'daniela.blaser@fsp-hin.ch', '031 305 41 01', 'Praxis Daniela Blaser', 'Waldheimstrasse 8, 3012 Bern, Bern');

INSERT INTO leads (id, contact_id, source, status, value, notes) VALUES
('7e0a8634-08c7-49c8-aa85-b6909a765bcc', '82b92c04-e786-40c9-bda8-99efad8c924f', 'KALTAKQUISE', 'ACTIVE', 0, 'Funktion: Geschäftsführer/in (CEO) | Mitarbeiter: 1 bis 10 | Branche: Physiotherapie'),
('3e29b929-5a72-42a7-b1e1-dd4f272baddf', '3ac82d76-3159-46a6-814a-f1681058dce9', 'KALTAKQUISE', 'ACTIVE', 0, 'Funktion: Geschäftsführer/in (CEO) | Mitarbeiter: 1 bis 10 | Branche: Psychiatrie & Psychotherapie'),
('145cf5ef-f1ce-481d-a492-4c6d04c8e4e4', '91ae1e13-f4d2-443b-9b9e-5a700dafe093', 'KALTAKQUISE', 'ACTIVE', 0, 'Funktion: Geschäftsführer/in (CEO) | Mitarbeiter: 1 bis 10 | Branche: Psychiatrie & Psychotherapie'),
('f802865b-86ac-47b9-839a-d42307ae6c23', '09ece0c8-a2ff-4fdd-a109-80edc6fd7541', 'KALTAKQUISE', 'ACTIVE', 0, 'Funktion: Geschäftsführer/in (CEO) | Mitarbeiter: 1 bis 10 | Branche: Psychiatrie & Psychotherapie'),
('7d890fca-3ccf-46c8-b5bf-e6c4bc152c59', '79290a63-a671-42b8-8fe7-4a911911d353', 'KALTAKQUISE', 'ACTIVE', 0, 'Funktion: Geschäftsführer/in (CEO) | Mitarbeiter: 1 bis 10 | Branche: Kinderarztpraxen'),
('4d87efac-c2ec-4fcc-9a7f-d15ae25d6873', '2c06179e-499a-454a-b26b-0e42ee9369aa', 'KALTAKQUISE', 'ACTIVE', 0, 'Funktion: Geschäftsführer/in (CEO) | Mitarbeiter: 1 bis 10 | Branche: Psychiatrie & Psychotherapie'),
('6f55676e-b710-461f-9623-8271750fc015', '3707bc12-a69c-436f-96a2-1edfa3ec5949', 'KALTAKQUISE', 'ACTIVE', 0, 'Funktion: Geschäftsführer/in (CEO) | Mitarbeiter: 1 bis 10 | Branche: Psychiatrie & Psychotherapie'),
('a58e2227-58d7-494e-b81d-c870ee9c6eb3', '7f09c039-73d2-4a71-a0cc-869a9054f9ad', 'KALTAKQUISE', 'ACTIVE', 0, 'Funktion: Geschäftsführer/in (CEO) | Mitarbeiter: 1 bis 10 | Branche: Psychiatrie & Psychotherapie'),
('932224c2-ecb2-4eb7-8dec-8a5a6a29992f', '8d499272-3ca1-45c5-b9b0-6a2369cf7f08', 'KALTAKQUISE', 'ACTIVE', 0, 'Funktion: Geschäftsführer/in (CEO) | Mitarbeiter: 1 bis 10 | Branche: Augenarztpraxen'),
('23b39412-cd00-4f7e-b391-cbd0ca799e69', '7e073049-215f-4e2a-9947-2532239f46b9', 'KALTAKQUISE', 'ACTIVE', 0, 'Funktion: Geschäftsführer/in (CEO) | Mitarbeiter: 1 bis 10 | Branche: Psychiatrie & Psychotherapie'),
('36745e46-26d6-49b6-9859-53186f9ba5c7', '3017fdd0-1b4e-4554-8d46-cbc6bc1962c7', 'KALTAKQUISE', 'ACTIVE', 0, 'Funktion: Geschäftsführer/in (CEO) | Mitarbeiter: 1 bis 10 | Branche: Arztpraxen'),
('3e8e9791-b092-466b-bf75-3ce6a1f0f719', '8e21d4cf-88ae-488a-ad91-9ab151730ba8', 'KALTAKQUISE', 'ACTIVE', 0, 'Funktion: Geschäftsführer/in (CEO) | Mitarbeiter: 1 bis 10 | Branche: Psychiatrie & Psychotherapie'),
('a27f003b-b03e-46e9-86d0-8ee1277f2d69', '17fada5b-05b0-4eb5-9962-a4938e76067d', 'KALTAKQUISE', 'ACTIVE', 0, 'Funktion: Geschäftsführer/in (CEO) | Mitarbeiter: 1 bis 10 | Branche: Atem- Meditation- & Yogacenter'),
('b835f5fd-5843-44d4-b68e-5849e50ca61c', '1261d498-9fdd-4477-9501-cf190a6a00d9', 'KALTAKQUISE', 'ACTIVE', 0, 'Funktion: Geschäftsführer/in (CEO) | Mitarbeiter: 1 bis 10 | Branche: Psychiatrie & Psychotherapie'),
('f9bafdaf-731f-4f9a-b863-4a276e40b440', 'dac02808-057b-48db-9a6c-8c6024213bcd', 'KALTAKQUISE', 'ACTIVE', 0, 'Funktion: Geschäftsführer/in (CEO) | Mitarbeiter: 1 bis 10 | Branche: Psychiatrie & Psychotherapie'),
('5f7d7481-3a5c-407a-bbb1-e6f1205ea88b', 'b30c62ce-52a0-44a1-8388-e240ab2fd6e9', 'KALTAKQUISE', 'ACTIVE', 0, 'Funktion: Geschäftsführer/in (CEO) | Mitarbeiter: 1 bis 10 | Branche: Psychiatrie & Psychotherapie'),
('83a91131-b00d-41d3-b43f-5d25143c25d6', '6c75eaa6-f112-4407-880d-d25a5b80456d', 'KALTAKQUISE', 'ACTIVE', 0, 'Funktion: Geschäftsführer/in (CEO) | Mitarbeiter: 1 bis 10 | Branche: Psychiatrie & Psychotherapie'),
('8b7661e2-bf2b-4a90-9264-85f186c94479', '8407577a-bc79-4307-b8a7-6b2f7e5dda9b', 'KALTAKQUISE', 'ACTIVE', 0, 'Funktion: Geschäftsführer/in (CEO) | Mitarbeiter: 11 bis 20 | Branche: Arztpraxen'),
('3c42df18-9187-40b6-992e-c5f58f166950', '056ba6ab-9ecf-4945-bebe-ab3079f7245e', 'KALTAKQUISE', 'ACTIVE', 0, 'Funktion: Geschäftsführer/in (CEO) | Mitarbeiter: 1 bis 10 | Branche: Psychiatrie & Psychotherapie'),
('942bafa1-b39a-44b9-b922-f00ea1ea5287', '7ac0b2ab-2978-4cf8-a3bf-0d1c9fe04407', 'KALTAKQUISE', 'ACTIVE', 0, 'Funktion: Geschäftsführer/in (CEO) | Mitarbeiter: 1 bis 10 | Branche: HNO-Arztpraxen'),
('ed008062-a33b-47f6-9330-4870d24214d9', 'f06ada6d-55cb-4223-b6ac-0b1319d3d5cf', 'KALTAKQUISE', 'ACTIVE', 0, 'Funktion: Geschäftsführer/in (CEO) | Mitarbeiter: 11 bis 20 | Branche: Arztpraxen | Rechtsform: Aktiengesellschaft'),
('b4a1ec22-9cea-4552-848d-c537f1c6698d', 'ec7f4ee5-fabb-4400-8458-cba31279818d', 'KALTAKQUISE', 'ACTIVE', 0, 'Funktion: Geschäftsführer/in (CEO) | Mitarbeiter: 1 bis 10 | Branche: Psychiatrie & Psychotherapie'),
('42b23200-2528-481a-bdb1-d6df078d5f9e', 'bdc0af97-a9d8-4db0-a55b-c2fa0dbbeebe', 'KALTAKQUISE', 'ACTIVE', 0, 'Funktion: Geschäftsführer/in (CEO) | Mitarbeiter: 1 bis 10 | Branche: Naturheilpraxen'),
('583d3cdf-cdc3-4093-8ec4-a6e7d8487abe', 'eb81bccc-710b-4089-9849-c6c511612f9f', 'KALTAKQUISE', 'ACTIVE', 0, 'Funktion: Geschäftsführer/in (CEO) | Mitarbeiter: 1 bis 10 | Branche: Psychiatrie & Psychotherapie'),
('0869e710-3de7-47a1-b2b0-dec821aeff4e', '577f5b05-a33d-407a-bd69-24447a70c824', 'KALTAKQUISE', 'ACTIVE', 0, 'Funktion: Geschäftsführer/in (CEO) | Mitarbeiter: 1 bis 10 | Branche: Naturheilpraxen'),
('b4d9efeb-ceb5-4631-95e6-1f3ff986790e', 'b41bdffd-fc1a-4a34-be46-cf5e1b494464', 'KALTAKQUISE', 'ACTIVE', 0, 'Funktion: Geschäftsführer/in (CEO) | Mitarbeiter: 1 bis 10 | Branche: Psychiatrie & Psychotherapie'),
('c48993bd-6af2-46e1-b5ff-c5b7a9992d7e', 'c7b13b3e-c307-4e78-9539-ce8c221c88fd', 'KALTAKQUISE', 'ACTIVE', 0, 'Funktion: Geschäftsführer/in (CEO) | Mitarbeiter: 1 bis 10 | Branche: Atem- Meditation- & Yogacenter'),
('94883c65-720a-4079-a8d1-49d29e1a98cf', '3f03a31b-fc44-487a-90c4-728a0977dd0b', 'KALTAKQUISE', 'ACTIVE', 0, 'Funktion: Geschäftsführer/in (CEO) | Mitarbeiter: 1 bis 10 | Branche: Naturheilpraxen'),
('ba2fb0a1-98e0-4efa-83b5-4c2b023cda04', '32d11c71-ad10-4ac9-8780-d01f747a0ccc', 'KALTAKQUISE', 'ACTIVE', 0, 'Funktion: Geschäftsführer/in (CEO) | Mitarbeiter: 1 bis 10 | Branche: Psychiatrie & Psychotherapie'),
('4ba53e1f-13c1-4514-89fa-2e29339215c3', '246d1795-56ff-477e-be99-e91eb93c4954', 'KALTAKQUISE', 'ACTIVE', 0, 'Funktion: Geschäftsführer/in (CEO) | Mitarbeiter: 1 bis 10 | Branche: Psychiatrie & Psychotherapie'),
('5f52d926-e7a7-47d1-bdd0-53451b3968b9', 'df046f7c-c6e8-4bb7-b3eb-0465a39a5e0d', 'KALTAKQUISE', 'ACTIVE', 0, 'Funktion: Geschäftsführer/in (CEO) | Mitarbeiter: 1 bis 10 | Branche: Psychiatrie & Psychotherapie'),
('c971842f-3f5c-4afa-9f70-0fe14c7dd7bd', 'd358dd6c-0420-48cf-8c80-134f378b859c', 'KALTAKQUISE', 'ACTIVE', 0, 'Funktion: Geschäftsführer/in (CEO) | Mitarbeiter: 1 bis 10 | Branche: Psychiatrie & Psychotherapie'),
('90bc8dd8-084c-4bb1-a520-cd21d31d15c4', 'b6fbd850-8762-4579-943f-d92d44c89f73', 'KALTAKQUISE', 'ACTIVE', 0, 'Funktion: Geschäftsführer/in (CEO) | Mitarbeiter: 1 bis 10 | Branche: Psychiatrie & Psychotherapie'),
('a79e3575-064a-4f55-87e3-d02c5223931f', 'b01e98c6-2b83-43ec-9e9a-18e778d7e1f5', 'KALTAKQUISE', 'ACTIVE', 0, 'Funktion: Geschäftsführer/in (CEO) | Mitarbeiter: 1 bis 10 | Branche: Psychiatrie & Psychotherapie / Atem- Meditation- & Yogacenter | Rechtsform: Einzelunternehmen'),
('312a618d-f037-439f-95d0-68e972b0ebc0', 'a538f558-acbf-4997-b669-8ee46d12892a', 'KALTAKQUISE', 'ACTIVE', 0, 'Funktion: Geschäftsführer/in (CEO) | Mitarbeiter: 1 bis 10 | Branche: Psychiatrie & Psychotherapie'),
('5728a2e9-c8e2-4186-879c-25a974347690', '385ab400-ceba-4180-9444-a16c72ce94f5', 'KALTAKQUISE', 'ACTIVE', 0, 'Funktion: Geschäftsführer/in (CEO) | Mitarbeiter: 1 bis 10 | Branche: Psychiatrie & Psychotherapie'),
('f14f165c-692d-4c37-9b4e-b227031a941b', '9c702b08-742f-4cc4-a456-d5ed3eb3aa9d', 'KALTAKQUISE', 'ACTIVE', 0, 'Funktion: Geschäftsführer/in (CEO) | Mitarbeiter: 1 bis 10 | Branche: Psychiatrie & Psychotherapie'),
('a8005a32-945c-420d-bd9d-53e3bbf113ab', 'f75fc04f-cf18-40c9-b60c-05e9d52a2825', 'KALTAKQUISE', 'ACTIVE', 0, 'Funktion: Geschäftsführer/in (CEO) | Mitarbeiter: 1 bis 10 | Branche: Psychiatrie & Psychotherapie'),
('1eb3f4e2-ecce-4867-a840-3e069236593e', 'de246178-758f-4859-9e4e-481b5d8a8cb2', 'KALTAKQUISE', 'ACTIVE', 0, 'Funktion: Geschäftsführer/in (CEO) | Mitarbeiter: 1 bis 10 | Branche: Psychiatrie & Psychotherapie'),
('e43e54d3-f1f2-47b1-a80b-385f19255452', '578eddab-d30c-4213-819a-b734f96469c9', 'KALTAKQUISE', 'ACTIVE', 0, 'Funktion: Geschäftsführer/in (CEO) | Mitarbeiter: 1 bis 10 | Branche: Psychiatrie & Psychotherapie'),
('abaee6cc-650a-4f44-85c3-1ba6171e859d', '83015b9a-c8a6-4637-a4f0-20f3037b54fe', 'KALTAKQUISE', 'ACTIVE', 0, 'Funktion: Geschäftsführer/in (CEO) | Mitarbeiter: 1 bis 10 | Branche: Arztpraxen'),
('0120b8eb-f37a-4f3e-a8fe-3b03910ba76a', '434e01b2-dc08-4228-9212-76c0075c039f', 'KALTAKQUISE', 'ACTIVE', 0, 'Funktion: Geschäftsführer/in (CEO) | Mitarbeiter: 11 bis 20 | Branche: Arztpraxen'),
('d8eeeffe-5b1b-4384-b246-5212375d9105', '1dbbaca5-b1af-4363-995c-7314b8075b89', 'KALTAKQUISE', 'ACTIVE', 0, 'Funktion: Geschäftsführer/in (CEO) | Mitarbeiter: 1 bis 10 | Branche: Atem- Meditation- & Yogacenter'),
('d40f35bc-7888-4b28-9561-4b7e1fabca21', '0bac30e5-bf74-4155-a414-9bcfe60f50c3', 'KALTAKQUISE', 'ACTIVE', 0, 'Funktion: Geschäftsführer/in (CEO) | Mitarbeiter: 1 bis 10 | Branche: Psychiatrie & Psychotherapie'),
('86f3bdc2-df73-424e-b235-6079ce970bfb', '68148af7-43d9-43e7-8afe-e65f7c8d0ec3', 'KALTAKQUISE', 'ACTIVE', 0, 'Funktion: Geschäftsführer/in (CEO) | Mitarbeiter: 1 bis 10 | Branche: Psychiatrie & Psychotherapie'),
('49d5dcff-f913-40e7-ac32-df66f6eba9e7', '7bc18e0c-ff35-490c-b018-d4ebfd77c03a', 'KALTAKQUISE', 'ACTIVE', 0, 'Funktion: Geschäftsführer/in (CEO) | Mitarbeiter: 1 bis 10 | Branche: Psychiatrie & Psychotherapie'),
('15e6bd14-d5ad-4106-bab4-fe176e9bcf8a', '002ecee3-2ecd-4f87-abee-17c697b02106', 'KALTAKQUISE', 'ACTIVE', 0, 'Funktion: Geschäftsführer/in (CEO) | Mitarbeiter: 11 bis 20 | Branche: Physiotherapie | Rechtsform: Aktiengesellschaft'),
('c27096aa-b198-47ae-8153-845e7947ee88', '57a377b0-4320-4ff1-9844-9941b8df07c9', 'KALTAKQUISE', 'ACTIVE', 0, 'Funktion: Geschäftsführer/in (CEO) | Mitarbeiter: 1 bis 10 | Branche: HNO-Arztpraxen'),
('6b6edd79-60d9-4ab2-ad8c-4a1b61b81eef', '9f86a8a5-aeb7-4aa4-b495-624442b51c69', 'KALTAKQUISE', 'ACTIVE', 0, 'Funktion: Geschäftsführer/in (CEO) | Mitarbeiter: 21 bis 50 | Branche: Arztpraxen | Rechtsform: Aktiengesellschaft'),
('596a10d3-0ea7-4488-920c-e847b71c7db2', 'db70fa61-5003-4851-a99c-f6b0e97fe57f', 'KALTAKQUISE', 'ACTIVE', 0, 'Funktion: Geschäftsführer/in (CEO) | Mitarbeiter: 11 bis 20 | Branche: Arztpraxen'),
('6f5370f9-a4da-4828-a176-cce5338b9cb5', '8fcd3161-f1cf-4b94-82f1-9b73bcdefe76', 'KALTAKQUISE', 'ACTIVE', 0, 'Funktion: Geschäftsführer/in (CEO) | Mitarbeiter: 1 bis 10 | Branche: Psychiatrie & Psychotherapie'),
('3fa1a1bd-5f6b-426c-933f-2df265eff74d', '9bc90746-c298-411a-bb8a-075580229906', 'KALTAKQUISE', 'ACTIVE', 0, 'Funktion: Geschäftsführer/in (CEO) | Mitarbeiter: 1 bis 10 | Branche: Psychiatrie & Psychotherapie'),
('7f31c534-43ea-40fa-b2e9-92c7441f19d5', '92a39476-ed4a-4b3e-ae78-aa59df92ae16', 'KALTAKQUISE', 'ACTIVE', 0, 'Funktion: Geschäftsführer/in (CEO) | Mitarbeiter: 1 bis 10 | Branche: Psychiatrie & Psychotherapie'),
('f043e0a2-85c6-4529-811d-11fef9dfc2c0', 'b4eb3231-6b40-4ba2-9220-6739f7640344', 'KALTAKQUISE', 'ACTIVE', 0, 'Funktion: Geschäftsführer/in (CEO) | Mitarbeiter: 1 bis 10 | Branche: Arztpraxen'),
('c0d839d7-9eaa-4971-959e-ea6acb5808de', 'c4a77677-4620-4a32-8c6f-2afb08eca95b', 'KALTAKQUISE', 'ACTIVE', 0, 'Funktion: Geschäftsführer/in (CEO) | Mitarbeiter: 1 bis 10 | Branche: Kinderarztpraxen / Physiotherapie'),
('cd92173c-d14a-48bc-991a-b82b1bf7c856', '0d276af3-5e89-4c5e-963c-a7b232296da2', 'KALTAKQUISE', 'ACTIVE', 0, 'Funktion: Geschäftsführer/in (CEO) | Mitarbeiter: 1 bis 10 | Branche: Psychiatrie & Psychotherapie'),
('679cce52-4701-40ff-b1a5-766f32091464', 'e48316ec-71c7-4ed0-99c1-93adb945f04b', 'KALTAKQUISE', 'ACTIVE', 0, 'Funktion: Geschäftsführer/in (CEO) | Mitarbeiter: 1 bis 10 | Branche: Physiotherapie'),
('fcd69f07-7a0b-455d-946f-d14b79147099', '21855d26-0c8a-42d8-a6e1-bb7e8f24f169', 'KALTAKQUISE', 'ACTIVE', 0, 'Funktion: Geschäftsführer/in (CEO) | Mitarbeiter: 1 bis 10 | Branche: Atem- Meditation- & Yogacenter'),
('620080f0-a37c-43e2-8586-57629b25717d', '552f588f-26d9-46fe-9ec8-0798a558f0d6', 'KALTAKQUISE', 'ACTIVE', 0, 'Funktion: Geschäftsführer/in (CEO) | Mitarbeiter: 1 bis 10 | Branche: Arztpraxen'),
('d9c34031-8228-4a0a-9947-077ef6a062ff', '32a348fd-f562-42c6-8cd4-d826e7b95c0a', 'KALTAKQUISE', 'ACTIVE', 0, 'Funktion: Geschäftsführer/in (CEO) | Mitarbeiter: 1 bis 10 | Branche: Arztpraxen'),
('a4edf140-0577-426c-b9d1-74d2f241bb04', '28162e4c-6a35-49f1-a75b-4a4a11e76eff', 'KALTAKQUISE', 'ACTIVE', 0, 'Funktion: Geschäftsführer/in (CEO) | Mitarbeiter: 1 bis 10 | Branche: Psychiatrie & Psychotherapie'),
('b77c73b9-ce34-4407-a3b0-7ae9211951ea', '69b6283d-ec48-4cc7-9530-34cfe7612277', 'KALTAKQUISE', 'ACTIVE', 0, 'Funktion: Geschäftsführer/in (CEO) | Mitarbeiter: 1 bis 10 | Branche: Physiotherapie | Rechtsform: Gesellschaft mit beschränkter Haftung'),
('bfdabfb7-8466-41eb-aa0c-34bb7cde4298', 'ae82bb4f-5986-4130-988b-b550d16b2b62', 'KALTAKQUISE', 'ACTIVE', 0, 'Funktion: Geschäftsführer/in (CEO) | Mitarbeiter: 1 bis 10 | Branche: Psychiatrie & Psychotherapie'),
('4bda8ccb-e68d-4c2d-b78f-1360ff9320ab', '190a10af-a8b5-4430-91f8-ccc34433ab6c', 'KALTAKQUISE', 'ACTIVE', 0, 'Funktion: Geschäftsführer/in (CEO) | Mitarbeiter: 1 bis 10 | Branche: Psychiatrie & Psychotherapie'),
('9727934a-b764-4688-a438-8dc0d750862c', '0e5400b7-44f1-4cba-be58-e9cf9e19e237', 'KALTAKQUISE', 'ACTIVE', 0, 'Funktion: Geschäftsführer/in (CEO) | Mitarbeiter: 1 bis 10 | Branche: Physiotherapie'),
('8eda1088-e40d-4cf8-9db4-fca3b5a13899', '1463965e-ae9b-4b6c-a14c-e442e8427b2f', 'KALTAKQUISE', 'ACTIVE', 0, 'Funktion: Geschäftsführer/in (CEO) | Mitarbeiter: 1 bis 10 | Branche: Psychiatrie & Psychotherapie'),
('f29fbb31-fcc0-4436-aebf-d9d08861231b', 'eeeb1964-5453-4720-875f-33b162442b72', 'KALTAKQUISE', 'ACTIVE', 0, 'Funktion: Geschäftsführer/in (CEO) | Mitarbeiter: 1 bis 10 | Branche: Naturheilpraxen'),
('2b35a844-df69-41e9-ac8f-3dd12f1727bf', '73cc2190-903c-42a6-85c7-3998dfab0841', 'KALTAKQUISE', 'ACTIVE', 0, 'Funktion: Geschäftsführer/in (CEO) | Mitarbeiter: 1 bis 10 | Branche: Psychiatrie & Psychotherapie'),
('fa19b711-8750-4194-aa75-81a6d2f48411', 'e4594d26-1f5c-4e6b-8513-70ae42ab0840', 'KALTAKQUISE', 'ACTIVE', 0, 'Funktion: Geschäftsführer/in (CEO) | Mitarbeiter: 1 bis 10 | Branche: Psychiatrie & Psychotherapie'),
('19cd0dd7-47ed-46aa-adaf-448eaafb858e', '3847d0aa-5dea-44b8-aace-62fd671cbc5f', 'KALTAKQUISE', 'ACTIVE', 0, 'Funktion: Geschäftsführer/in (CEO) | Mitarbeiter: 1 bis 10 | Branche: Psychiatrie & Psychotherapie'),
('59d4ed02-d35c-465e-ac31-5c41159bf3ae', 'be61bcf5-ee11-43b6-8855-c9df22e0ad8b', 'KALTAKQUISE', 'ACTIVE', 0, 'Funktion: Geschäftsführer/in (CEO) | Mitarbeiter: 1 bis 10 | Branche: Psychiatrie & Psychotherapie'),
('898c8ddd-39ac-40fe-b095-3fcba1b97f9f', 'a4118b65-d840-4256-9f40-f02d052d24d6', 'KALTAKQUISE', 'ACTIVE', 0, 'Funktion: Geschäftsführer/in (CEO) | Mitarbeiter: 1 bis 10 | Branche: Psychiatrie & Psychotherapie'),
('42894b4f-ab64-4725-ad32-f5f68b4f643d', '2fc8ad73-f2d1-4fd7-b54e-1f30a1d7e98f', 'KALTAKQUISE', 'ACTIVE', 0, 'Funktion: Geschäftsführer/in (CEO) | Mitarbeiter: 1 bis 10 | Branche: Psychiatrie & Psychotherapie'),
('331a7ad7-b885-440c-bf8c-e831fae18edd', '1873b4b1-e2a9-42b0-9b84-88b204e79397', 'KALTAKQUISE', 'ACTIVE', 0, 'Funktion: Geschäftsführer/in (CEO) | Mitarbeiter: 1 bis 10 | Branche: Psychiatrie & Psychotherapie'),
('6119876f-cf3f-4583-8d86-1e0b82817187', '4e9ee65b-151c-473d-9ea7-1bd50cdb12e9', 'KALTAKQUISE', 'ACTIVE', 0, 'Funktion: Geschäftsführer/in (CEO) | Mitarbeiter: 1 bis 10 | Branche: Psychiatrie & Psychotherapie'),
('581eebc3-6f19-4dee-a59d-1b97a8bc37f9', '3dbcea29-4df6-4850-97ff-38821e744192', 'KALTAKQUISE', 'ACTIVE', 0, 'Funktion: Geschäftsführer/in (CEO) | Mitarbeiter: 1 bis 10 | Branche: Psychiatrie & Psychotherapie'),
('d23f0fbd-3e1d-43db-a21a-86ae750c5f03', '0b6b7aa1-e6de-4269-b0c0-394e6697076c', 'KALTAKQUISE', 'ACTIVE', 0, 'Funktion: Geschäftsführer/in (CEO) | Mitarbeiter: 1 bis 10 | Branche: Psychiatrie & Psychotherapie'),
('64c89fd1-bd9e-4eec-a240-b3325da16de9', '93a0e07c-18fb-4447-8bae-24f48f3ec731', 'KALTAKQUISE', 'ACTIVE', 0, 'Funktion: Geschäftsführer/in (CEO) | Mitarbeiter: 1 bis 10 | Branche: Psychiatrie & Psychotherapie'),
('70bc9520-b50f-4db5-8faa-8ddc5041e39f', '19c54166-1390-465d-be26-3bd94596e64b', 'KALTAKQUISE', 'ACTIVE', 0, 'Funktion: Geschäftsführer/in (CEO) | Mitarbeiter: 1 bis 10 | Branche: Psychiatrie & Psychotherapie'),
('9408d736-68f7-40cd-a979-50f37ef9b6f2', '138593c1-c2bc-40cd-bce6-783ec57bac1f', 'KALTAKQUISE', 'ACTIVE', 0, 'Funktion: Geschäftsführer/in (CEO) | Mitarbeiter: 1 bis 10 | Branche: Psychiatrie & Psychotherapie'),
('e399b71e-0bce-4b4c-9dab-e0d657b6a8f2', 'b7e554ae-6aef-401e-ae99-579781e7375b', 'KALTAKQUISE', 'ACTIVE', 0, 'Funktion: Geschäftsführer/in (CEO) | Mitarbeiter: 1 bis 10 | Branche: Naturheilpraxen'),
('fbffbaf0-db79-42d3-bc36-975a9228a1f8', '200dd804-96e1-4b5d-be47-a116d001132f', 'KALTAKQUISE', 'ACTIVE', 0, 'Funktion: Geschäftsführer/in (CEO) | Mitarbeiter: 1 bis 10 | Branche: Psychiatrie & Psychotherapie'),
('1daf46c6-e7d5-413f-8049-a8281f4992b7', '71b50df5-da01-4bf5-baeb-67128c4df6d9', 'KALTAKQUISE', 'ACTIVE', 0, 'Funktion: Geschäftsführer/in (CEO) | Mitarbeiter: 11 bis 20 | Branche: Arztpraxen'),
('078cdd9c-eeba-4fbc-845f-2fd29f00e747', 'f7571eef-a066-4119-890b-a8798870163c', 'KALTAKQUISE', 'ACTIVE', 0, 'Funktion: Geschäftsführer/in (CEO) | Mitarbeiter: 1 bis 10 | Branche: Psychiatrie & Psychotherapie'),
('98dc7dc8-a141-4b2b-995e-8e86cb57c09a', '06ec2111-b8e0-4e02-bb57-9cbe5189aa0c', 'KALTAKQUISE', 'ACTIVE', 0, 'Funktion: Geschäftsführer/in (CEO) | Mitarbeiter: 11 bis 20 | Branche: Arztpraxen'),
('2f798bb0-9651-415f-8d95-3697fd1d9914', 'ecc9d359-7286-48ba-b4d7-0f9c268f0134', 'KALTAKQUISE', 'ACTIVE', 0, 'Funktion: Geschäftsführer/in (CEO) | Mitarbeiter: 1 bis 10 | Branche: Arztpraxen'),
('6c935186-1984-4837-9600-e8c3a0e77bc6', 'ffa67a44-fb14-4467-a7db-0fa5375cee5c', 'KALTAKQUISE', 'ACTIVE', 0, 'Funktion: Geschäftsführer/in (CEO) | Mitarbeiter: 1 bis 10 | Branche: Atem- Meditation- & Yogacenter'),
('052b1f07-4cbf-4a4d-8ebc-074d15859fb2', '4c53ef71-2938-4f6f-9582-0b8e3d00db9d', 'KALTAKQUISE', 'ACTIVE', 0, 'Funktion: Geschäftsführer/in (CEO) | Mitarbeiter: 1 bis 10 | Branche: Psychiatrie & Psychotherapie'),
('f9c71a0b-db47-41be-bd6a-d9eb715621e6', '74571bac-fe88-41dd-ab2e-d43d26fe5319', 'KALTAKQUISE', 'ACTIVE', 0, 'Funktion: Geschäftsführer/in (CEO) | Mitarbeiter: 1 bis 10 | Branche: Psychiatrie & Psychotherapie'),
('40be4dc5-dd60-47ee-80a8-e28e9d9064a7', '2c6ae58a-28c2-4d02-ac9b-bf659a81c2a5', 'KALTAKQUISE', 'ACTIVE', 0, 'Funktion: Geschäftsführer/in (CEO) | Mitarbeiter: 1 bis 10 | Branche: Atem- Meditation- & Yogacenter'),
('0548e806-21f5-4f3d-9ad4-5d42391b65de', 'd0d29fab-9231-4410-b853-7be3738eb42e', 'KALTAKQUISE', 'ACTIVE', 0, 'Funktion: Geschäftsführer/in (CEO) | Mitarbeiter: 1 bis 10 | Branche: Psychiatrie & Psychotherapie'),
('e9126fff-6a8f-400d-a765-4d59576af675', '76893d71-778b-4733-afb5-41fbba990d9b', 'KALTAKQUISE', 'ACTIVE', 0, 'Funktion: Geschäftsführer/in (CEO) | Mitarbeiter: 1 bis 10 | Branche: Psychiatrie & Psychotherapie'),
('090c587f-22ed-4c8d-ab01-8a058fb73a89', '0d9e45c9-96d3-46e5-92be-8cd53b26bcb9', 'KALTAKQUISE', 'ACTIVE', 0, 'Funktion: Geschäftsführer/in (CEO) | Mitarbeiter: 1 bis 10 | Branche: Psychiatrie & Psychotherapie'),
('9f8f8803-c86f-4561-b88c-5b02442c23d6', '95e52cfd-56e5-4390-8e4e-69b2dfab50be', 'KALTAKQUISE', 'ACTIVE', 0, 'Funktion: Geschäftsführer/in (CEO) | Mitarbeiter: 1 bis 10 | Branche: Psychiatrie & Psychotherapie'),
('faeb79d5-e4e4-43e9-a665-e998b7cba55f', 'c4ecc1f5-3223-4419-be68-79f27727816b', 'KALTAKQUISE', 'ACTIVE', 0, 'Funktion: Geschäftsführer/in (CEO) | Mitarbeiter: 1 bis 10 | Branche: Psychiatrie & Psychotherapie'),
('d2940cb8-3d88-4b92-8b39-736b45262778', 'a3648e49-ca41-4b49-9bec-adc54afa141f', 'KALTAKQUISE', 'ACTIVE', 0, 'Funktion: Geschäftsführer/in (CEO) | Mitarbeiter: 1 bis 10 | Branche: Psychiatrie & Psychotherapie'),
('e3327cd7-1781-4611-8d07-67d0ed6a5a4f', '72553ed4-f83a-44ba-a93e-4b96876bd364', 'KALTAKQUISE', 'ACTIVE', 0, 'Funktion: Geschäftsführer/in (CEO) | Mitarbeiter: 1 bis 10 | Branche: Psychiatrie & Psychotherapie'),
('496328fc-8b32-4744-9b48-bbf09a75c31a', '72425a43-3f62-48d1-80d2-b8d3db3f1e54', 'KALTAKQUISE', 'ACTIVE', 0, 'Funktion: Geschäftsführer/in (CEO) | Mitarbeiter: 1 bis 10 | Branche: Psychiatrie & Psychotherapie'),
('c08e0eb9-4a75-488b-b89a-30635110835d', '9a55c82d-0769-4ace-a676-ebad55a5f9c2', 'KALTAKQUISE', 'ACTIVE', 0, 'Funktion: Geschäftsführer/in (CEO) | Mitarbeiter: 1 bis 10 | Branche: Psychiatrie & Psychotherapie'),
('fe1108c6-4e96-4f62-84d3-84f5ed66dff4', '45af2adb-2433-4e8e-8c9f-be7a32e03fc0', 'KALTAKQUISE', 'ACTIVE', 0, 'Funktion: Geschäftsführer/in (CEO) | Mitarbeiter: 1 bis 10 | Branche: Psychiatrie & Psychotherapie'),
('f8e3c335-3b11-4e5b-9618-7412e253bb6c', '62f60771-1b9e-42ca-8618-dbbfd9a1ce68', 'KALTAKQUISE', 'ACTIVE', 0, 'Funktion: Geschäftsführer/in (CEO) | Mitarbeiter: 1 bis 10 | Branche: Psychiatrie & Psychotherapie'),
('91db5919-145d-497c-937f-992ec115b4fe', 'afebe51e-4fe3-4388-a5f2-48acd945be06', 'KALTAKQUISE', 'ACTIVE', 0, 'Funktion: Geschäftsführer/in (CEO) | Mitarbeiter: 1 bis 10 | Branche: Psychiatrie & Psychotherapie'),
('4880bafd-013c-4da1-9200-73ee69a7d70b', 'b6b2c1a0-2bbd-4109-9e80-ab351c2cd740', 'KALTAKQUISE', 'ACTIVE', 0, 'Funktion: Geschäftsführer/in (CEO) | Mitarbeiter: 1 bis 10 | Branche: Psychiatrie & Psychotherapie'),
('22c9f410-091d-4272-a21e-efa46783c0ab', 'e5aa78b3-09b0-4d78-9a67-cc9e87fd5426', 'KALTAKQUISE', 'ACTIVE', 0, 'Funktion: Geschäftsführer/in (CEO) | Mitarbeiter: 1 bis 10 | Branche: Psychiatrie & Psychotherapie'),
('d6fef630-b612-4f26-98ed-b3cdd2df3b2c', '5d7716fd-2993-40a6-b645-7b3f2d23fe41', 'KALTAKQUISE', 'ACTIVE', 0, 'Funktion: Geschäftsführer/in (CEO) | Mitarbeiter: 1 bis 10 | Branche: Psychiatrie & Psychotherapie'),
('4cafa85c-522b-42bc-b3fc-1fb9cb4b55e4', 'b6bc424e-d4a7-4952-8429-6a164d4508b9', 'KALTAKQUISE', 'ACTIVE', 0, 'Funktion: Geschäftsführer/in (CEO) | Mitarbeiter: 1 bis 10 | Branche: Psychiatrie & Psychotherapie'),
('6cd1d705-2406-41c3-84e8-a90ebc4e058f', '4d254e48-6d17-49df-aa1a-882d6c58ca28', 'KALTAKQUISE', 'ACTIVE', 0, 'Funktion: Geschäftsführer/in (CEO) | Mitarbeiter: 1 bis 10 | Branche: Psychiatrie & Psychotherapie'),
('4b776b5a-be93-401d-ad5a-b417762e1c02', '9bbff110-8ada-49f0-a390-9e22c3a2e8e8', 'KALTAKQUISE', 'ACTIVE', 0, 'Funktion: Geschäftsführer/in (CEO) | Mitarbeiter: 1 bis 10 | Branche: Psychiatrie & Psychotherapie'),
('276adaa0-606c-4052-a78f-89fc26af6ea4', '32ef20b6-9e61-4abc-99c2-11c6766e4ae8', 'KALTAKQUISE', 'ACTIVE', 0, 'Funktion: Geschäftsführer/in (CEO) | Mitarbeiter: 1 bis 10 | Branche: Psychiatrie & Psychotherapie'),
('358c2ba2-e468-4511-859e-eeab4b23db43', '7d9ae9bd-b11e-4a23-8252-c9dfd1d5a24c', 'KALTAKQUISE', 'ACTIVE', 0, 'Funktion: Geschäftsführer/in (CEO) | Mitarbeiter: 1 bis 10 | Branche: Psychiatrie & Psychotherapie'),
('4f654d03-7ec5-44e9-a14a-f550b02d56b3', 'fdaaa9e3-b0fc-4a01-b67a-9c3431d9b301', 'KALTAKQUISE', 'ACTIVE', 0, 'Funktion: Geschäftsführer/in (CEO) | Mitarbeiter: 1 bis 10 | Branche: Psychiatrie & Psychotherapie'),
('e37785ae-9e6b-44e1-bc52-993b256e2ade', '25c3d441-e2e6-4847-b80a-036732a3093c', 'KALTAKQUISE', 'ACTIVE', 0, 'Funktion: Geschäftsführer/in (CEO) | Mitarbeiter: 1 bis 10 | Branche: Psychiatrie & Psychotherapie'),
('8ebf3763-0b17-4a12-9266-626e8e162459', '10bb3e44-b89c-4482-94bd-ef52dc125ef2', 'KALTAKQUISE', 'ACTIVE', 0, 'Funktion: Geschäftsführer/in (CEO) | Mitarbeiter: 1 bis 10 | Branche: Psychiatrie & Psychotherapie'),
('28aad9f5-e091-4ec2-b4a8-831138c57f38', 'b2317e62-f28d-495b-bef7-5d80577c02f4', 'KALTAKQUISE', 'ACTIVE', 0, 'Funktion: Geschäftsführer/in (CEO) | Mitarbeiter: 1 bis 10 | Branche: Psychiatrie & Psychotherapie'),
('8d94827a-1d78-4b99-8845-aed856809b5a', '0873e3e9-ac59-4361-abb5-2b750e873daa', 'KALTAKQUISE', 'ACTIVE', 0, 'Funktion: Geschäftsführer/in (CEO) | Mitarbeiter: 1 bis 10 | Branche: Psychiatrie & Psychotherapie'),
('da410a40-fea2-4f9b-a831-672c9c22452a', '31af92d0-675c-4bf3-8e59-1bf94802a579', 'KALTAKQUISE', 'ACTIVE', 0, 'Funktion: Geschäftsführer/in (CEO) | Mitarbeiter: 1 bis 10 | Branche: Psychiatrie & Psychotherapie'),
('6a86c0de-fd10-487a-83ce-414577b9270c', 'f096bd53-7e3d-4051-9472-8d920ac84f68', 'KALTAKQUISE', 'ACTIVE', 0, 'Funktion: Geschäftsführer/in (CEO) | Mitarbeiter: 1 bis 10 | Branche: Psychiatrie & Psychotherapie'),
('2c35cdd6-c4b6-4eeb-b002-03dc2af3ecb4', 'f07a21ab-08b3-4809-ae2b-82a5afebce8c', 'KALTAKQUISE', 'ACTIVE', 0, 'Funktion: Geschäftsführer/in (CEO) | Mitarbeiter: 1 bis 10 | Branche: Psychiatrie & Psychotherapie'),
('5257f8de-3a0f-4862-99b3-9ccdecc4dd5c', 'beae3251-630c-4237-aac9-14e391e60013', 'KALTAKQUISE', 'ACTIVE', 0, 'Funktion: Geschäftsführer/in (CEO) | Mitarbeiter: 1 bis 10 | Branche: Psychiatrie & Psychotherapie'),
('d397f867-4f13-488c-b031-32012c8c29a1', 'db5ac567-c05c-4a6e-b980-a45457fa95e5', 'KALTAKQUISE', 'ACTIVE', 0, 'Funktion: Geschäftsführer/in (CEO) | Mitarbeiter: 1 bis 10 | Branche: Psychiatrie & Psychotherapie'),
('c3c91325-d024-47cd-ad5c-c92f85b94d61', '89a2a162-f2cd-4312-bb73-67efe92ed0df', 'KALTAKQUISE', 'ACTIVE', 0, 'Funktion: Geschäftsführer/in (CEO) | Mitarbeiter: 1 bis 10 | Branche: Psychiatrie & Psychotherapie'),
('3bc3314d-1718-44c8-91a8-6f1b25d7e1d1', 'fbd089e1-ea06-45af-b905-5aceeab31668', 'KALTAKQUISE', 'ACTIVE', 0, 'Funktion: Geschäftsführer/in (CEO) | Mitarbeiter: 1 bis 10 | Branche: Psychiatrie & Psychotherapie'),
('6a2d476b-3dcb-4f45-84e7-19c6c32f9079', '28d9934e-833f-4c21-b270-9089dd2d4492', 'KALTAKQUISE', 'ACTIVE', 0, 'Funktion: Geschäftsführer/in (CEO) | Mitarbeiter: 1 bis 10 | Branche: Psychiatrie & Psychotherapie'),
('a223bdc8-93c4-4d4c-bef5-93abeca1df83', '8be29fbc-42f5-48b5-959e-da03fa2459cb', 'KALTAKQUISE', 'ACTIVE', 0, 'Funktion: Geschäftsführer/in (CEO) | Mitarbeiter: 1 bis 10 | Branche: Psychiatrie & Psychotherapie'),
('ed240481-78e2-47f7-80d3-50df2d24da25', 'e732c8d9-c549-4b4a-ac25-f20524cc2f48', 'KALTAKQUISE', 'ACTIVE', 0, 'Funktion: Geschäftsführer/in (CEO) | Mitarbeiter: 1 bis 10 | Branche: Psychiatrie & Psychotherapie'),
('00c3e085-dbf9-453e-8b40-f846dc45f91e', '038fc2b7-50e1-4eec-88e8-e645f594d5b9', 'KALTAKQUISE', 'ACTIVE', 0, 'Funktion: Geschäftsführer/in (CEO) | Mitarbeiter: 1 bis 10 | Branche: Psychiatrie & Psychotherapie'),
('669466ea-ffab-4ff6-9eed-306914dabe1f', '40fe62a6-f8f8-4e25-b198-a328bfe9b7cc', 'KALTAKQUISE', 'ACTIVE', 0, 'Funktion: Geschäftsführer/in (CEO) | Mitarbeiter: 1 bis 10 | Branche: Psychiatrie & Psychotherapie'),
('fd718d23-1bbe-4114-b623-7e60e70b4f26', '2e0942e4-bb25-4078-b4eb-722e2e8a32c3', 'KALTAKQUISE', 'ACTIVE', 0, 'Funktion: Geschäftsführer/in (CEO) | Mitarbeiter: 1 bis 10 | Branche: Psychiatrie & Psychotherapie'),
('15404a4e-9cff-4002-8a3d-081595cf7d64', 'd0f5e98a-2213-40f7-87c1-52b563d03462', 'KALTAKQUISE', 'ACTIVE', 0, 'Funktion: Geschäftsführer/in (CEO) | Mitarbeiter: 1 bis 10 | Branche: Psychiatrie & Psychotherapie'),
('18fd3c16-af90-4efa-912c-830c6f9c8755', 'f89506be-56c2-4920-893e-56ca4af8aa2b', 'KALTAKQUISE', 'ACTIVE', 0, 'Funktion: Geschäftsführer/in (CEO) | Mitarbeiter: 1 bis 10 | Branche: Psychiatrie & Psychotherapie'),
('1bfd7ecb-5d11-42ef-a31d-80fcc443aa13', '02c7704f-844f-4083-85fa-c1630b1c84a4', 'KALTAKQUISE', 'ACTIVE', 0, 'Funktion: Geschäftsführer/in (CEO) | Mitarbeiter: 1 bis 10 | Branche: Psychiatrie & Psychotherapie'),
('76ade05d-6b1c-42f5-a620-52e1ad01e852', 'c3b413be-9a00-4931-b02f-4fc4960b111c', 'KALTAKQUISE', 'ACTIVE', 0, 'Funktion: Geschäftsführer/in (CEO) | Mitarbeiter: 1 bis 10 | Branche: Psychiatrie & Psychotherapie'),
('07bc1929-13bd-4e2a-b6bc-5e9068186374', 'fe8db3d7-4138-4363-a3a6-6f1607cec99b', 'KALTAKQUISE', 'ACTIVE', 0, 'Funktion: Geschäftsführer/in (CEO) | Mitarbeiter: 1 bis 10 | Branche: Psychiatrie & Psychotherapie'),
('7fc51da7-0aeb-4fa5-9f64-4c1497da935a', '50bf131f-2aeb-4cfd-a919-540bee65e1aa', 'KALTAKQUISE', 'ACTIVE', 0, 'Funktion: Geschäftsführer/in (CEO) | Mitarbeiter: 1 bis 10 | Branche: Psychiatrie & Psychotherapie'),
('5637e71d-7551-4b1c-8043-31b1a73465bb', '6da4c567-855d-47c1-8e12-f8a660d9c71c', 'KALTAKQUISE', 'ACTIVE', 0, 'Funktion: Geschäftsführer/in (CEO) | Mitarbeiter: 1 bis 10 | Branche: Psychiatrie & Psychotherapie'),
('3a5e4025-90fd-4130-82ae-9ecc13cfbfe3', '824340de-e1cd-405a-9466-1d8a68a665d2', 'KALTAKQUISE', 'ACTIVE', 0, 'Funktion: Geschäftsführer/in (CEO) | Mitarbeiter: 1 bis 10 | Branche: Arztpraxen | Rechtsform: Aktiengesellschaft'),
('ce20d28d-fd1e-4997-965b-2adf79ba13f7', '7fd803e2-e543-4b66-a629-3711e56302e5', 'KALTAKQUISE', 'ACTIVE', 0, 'Funktion: Geschäftsführer/in (CEO) | Mitarbeiter: 1 bis 10 | Branche: Psychiatrie & Psychotherapie'),
('90fd6fc0-f8f6-4f8b-b58b-74da06b3baa3', 'c59840d0-c40a-4147-872a-4529818b32af', 'KALTAKQUISE', 'ACTIVE', 0, 'Funktion: Geschäftsführer/in (CEO) | Mitarbeiter: 1 bis 10 | Branche: Psychiatrie & Psychotherapie'),
('f01636bb-0367-4a25-9d47-598ffba18a39', 'e48ced87-e117-49f8-a49c-6c2cd3639945', 'KALTAKQUISE', 'ACTIVE', 0, 'Funktion: Geschäftsführer/in (CEO) | Mitarbeiter: 1 bis 10 | Branche: Psychiatrie & Psychotherapie / Naturheilpraxen'),
('27fe97e5-d6b1-4cc6-8f91-76c0b44540ef', 'b56c8ce9-4095-4b5a-958f-f10e1ed1fc59', 'KALTAKQUISE', 'ACTIVE', 0, 'Funktion: Geschäftsführer/in (CEO) | Mitarbeiter: 1 bis 10 | Branche: Psychiatrie & Psychotherapie'),
('2f494590-d74c-4a73-807c-9564157db53b', '86b24420-e59f-47ff-9c5f-8dd1c6aa17fe', 'KALTAKQUISE', 'ACTIVE', 0, 'Funktion: Geschäftsführer/in (CEO) | Mitarbeiter: 1 bis 10 | Branche: Psychiatrie & Psychotherapie'),
('3df28ad2-a332-4302-9d4b-776520828f59', '28b98e73-dae8-435c-983f-ebbd79bac731', 'KALTAKQUISE', 'ACTIVE', 0, 'Funktion: Geschäftsführer/in (CEO) | Mitarbeiter: 1 bis 10 | Branche: Psychiatrie & Psychotherapie'),
('c2188b61-99e5-45ae-9efa-b4932fda1b60', '74e780a6-4746-4d5a-90c4-845c4cfdb74d', 'KALTAKQUISE', 'ACTIVE', 0, 'Funktion: Geschäftsführer/in (CEO) | Mitarbeiter: 1 bis 10 | Branche: Psychiatrie & Psychotherapie'),
('646a975b-f656-4d8e-82d0-725a781de545', '0f22a033-913f-4edd-a70a-cc48579697e9', 'KALTAKQUISE', 'ACTIVE', 0, 'Funktion: Geschäftsführer/in (CEO) | Mitarbeiter: 1 bis 10 | Branche: Psychiatrie & Psychotherapie'),
('4e8fffd0-ac43-4801-bc69-92e20a0c3a5f', '368fc75f-21ae-4d52-9b3f-aedaf5169957', 'KALTAKQUISE', 'ACTIVE', 0, 'Funktion: Geschäftsführer/in (CEO) | Mitarbeiter: 1 bis 10 | Branche: Psychiatrie & Psychotherapie'),
('91086fd9-c253-4d24-b7eb-c8f86f8e6429', '50b078a5-53c1-4888-9f98-6e8f1c1b533a', 'KALTAKQUISE', 'ACTIVE', 0, 'Funktion: Geschäftsführer/in (CEO) | Mitarbeiter: 1 bis 10 | Branche: Psychiatrie & Psychotherapie'),
('60b353a5-c409-428c-9a82-9c265ee36225', 'cfd8afad-c17d-4071-a7aa-74faf530b19a', 'KALTAKQUISE', 'ACTIVE', 0, 'Funktion: Geschäftsführer/in (CEO) | Mitarbeiter: 1 bis 10 | Branche: Psychiatrie & Psychotherapie'),
('58c46dea-2834-4d23-b26d-de213305fa68', '958ad5fd-f42c-40ef-85f3-b196f75241cd', 'KALTAKQUISE', 'ACTIVE', 0, 'Funktion: Geschäftsführer/in (CEO) | Mitarbeiter: 1 bis 10 | Branche: Psychiatrie & Psychotherapie'),
('07fe66dd-3bf4-4d76-9aca-f0fd48042dc5', '9ec9ad88-0999-469e-92cd-451bf87941ee', 'KALTAKQUISE', 'ACTIVE', 0, 'Funktion: Geschäftsführer/in (CEO) | Mitarbeiter: 1 bis 10 | Branche: Psychiatrie & Psychotherapie'),
('43ce67c4-888c-4e3f-a25d-0f6f8270c071', '3eaa398f-9ff9-4378-bf0d-2bfe249f3675', 'KALTAKQUISE', 'ACTIVE', 0, 'Funktion: Geschäftsführer/in (CEO) | Mitarbeiter: 1 bis 10 | Branche: Psychiatrie & Psychotherapie'),
('13c0ab9a-3ccf-47df-8aa6-380fc0ebb246', '8a45883d-6457-4e07-97f4-4bdc6d7ace6a', 'KALTAKQUISE', 'ACTIVE', 0, 'Funktion: Geschäftsführer/in (CEO) | Mitarbeiter: 1 bis 10 | Branche: Psychiatrie & Psychotherapie'),
('9565d2ca-33e7-4ff7-a505-190de4fdd653', '65f8031a-5c98-4441-a76e-9544f11b43a9', 'KALTAKQUISE', 'ACTIVE', 0, 'Funktion: Geschäftsführer/in (CEO) | Mitarbeiter: 1 bis 10 | Branche: Psychiatrie & Psychotherapie'),
('0ba2f906-ef03-411d-b9f6-41200664c1c6', '5d8b6f26-e51c-4c3a-8178-5eb9c4a2b35e', 'KALTAKQUISE', 'ACTIVE', 0, 'Funktion: Geschäftsführer/in (CEO) | Mitarbeiter: 1 bis 10 | Branche: Psychiatrie & Psychotherapie'),
('608646ef-4daa-4977-85e8-07da506629c1', 'de95881f-d551-43d6-a3f3-34699689d581', 'KALTAKQUISE', 'ACTIVE', 0, 'Funktion: Geschäftsführer/in (CEO) | Mitarbeiter: 1 bis 10 | Branche: Psychiatrie & Psychotherapie'),
('1dfe44c4-aba5-4393-92af-75e519cbd917', 'e5253844-09cf-44c1-a95b-8ca4dcf40986', 'KALTAKQUISE', 'ACTIVE', 0, 'Funktion: Geschäftsführer/in (CEO) | Mitarbeiter: 1 bis 10 | Branche: Psychiatrie & Psychotherapie'),
('e8c6c670-c0ea-453d-9251-f4c981d513bd', '04263c8a-f145-4b39-af0e-863a65fcbe83', 'KALTAKQUISE', 'ACTIVE', 0, 'Funktion: Geschäftsführer/in (CEO) | Mitarbeiter: 1 bis 10 | Branche: Psychiatrie & Psychotherapie'),
('4109aaed-d365-4bca-86b6-cecf55f8ea6b', '51a91937-9765-485f-81a4-fb66e6659eb5', 'KALTAKQUISE', 'ACTIVE', 0, 'Funktion: Geschäftsführer/in (CEO) | Mitarbeiter: 1 bis 10 | Branche: Physiotherapie'),
('dce01b4b-22e8-430d-abf5-3bfc3dcce415', 'bae8d231-e0d4-4fb3-9888-365bfa3c961b', 'KALTAKQUISE', 'ACTIVE', 0, 'Funktion: Geschäftsführer/in (CEO) | Mitarbeiter: 1 bis 10 | Branche: Psychiatrie & Psychotherapie'),
('e22d30a6-36bf-4528-ada0-04ec44b665df', '7f6187f3-0b5f-4611-9f33-a8b270d121a2', 'KALTAKQUISE', 'ACTIVE', 0, 'Funktion: Geschäftsführer/in (CEO) | Mitarbeiter: 1 bis 10 | Branche: Psychiatrie & Psychotherapie'),
('a6dde72f-e936-468f-9dea-4f8ce12a2fe6', 'a2b0dbc7-f68e-4f82-b94c-935d91d035e6', 'KALTAKQUISE', 'ACTIVE', 0, 'Funktion: Geschäftsführer/in (CEO) | Mitarbeiter: 1 bis 10 | Branche: Psychiatrie & Psychotherapie | Rechtsform: Gesellschaft mit beschränkter Haftung'),
('93b06503-b631-4842-a76b-e0b03e517ecf', 'ef1fc591-c2e9-4606-b874-cf0e6ec288c8', 'KALTAKQUISE', 'ACTIVE', 0, 'Funktion: Geschäftsführer/in (CEO) | Mitarbeiter: 1 bis 10 | Branche: Psychiatrie & Psychotherapie'),
('bf91e01f-863d-40e1-b1f8-a22ce7eba1a7', 'a76525c3-261c-42f4-a55a-eed6bbe82870', 'KALTAKQUISE', 'ACTIVE', 0, 'Funktion: Geschäftsführer/in (CEO) | Mitarbeiter: 1 bis 10 | Branche: Atem- Meditation- & Yogacenter'),
('ad3dbed1-0e8a-424a-9e78-0f8acec50ac6', '3e1c5b82-bb18-4499-be13-0992c964c6c6', 'KALTAKQUISE', 'ACTIVE', 0, 'Funktion: Geschäftsführer/in (CEO) | Mitarbeiter: 1 bis 10 | Branche: Psychiatrie & Psychotherapie'),
('b776f3cc-4250-4602-8c25-73dd695f5288', 'e2c49792-58e8-4b13-bf4a-9d0bb4a0283b', 'KALTAKQUISE', 'ACTIVE', 0, 'Funktion: Geschäftsführer/in (CEO) | Mitarbeiter: 1 bis 10 | Branche: Psychiatrie & Psychotherapie'),
('f77e8a82-3f11-4d40-84af-cb1db7779136', 'c3bc5947-79a0-4ef8-b155-f5d519419b97', 'KALTAKQUISE', 'ACTIVE', 0, 'Funktion: Geschäftsführer/in (CEO) | Mitarbeiter: 1 bis 10 | Branche: Psychiatrie & Psychotherapie'),
('4955118c-cbd2-4d8d-9ab2-d40c5268a541', '8fe574dc-0ae3-4600-b5e2-99c716bf90f6', 'KALTAKQUISE', 'ACTIVE', 0, 'Funktion: Geschäftsführer/in (CEO) | Mitarbeiter: 1 bis 10 | Branche: Psychiatrie & Psychotherapie'),
('93a78035-603e-4e80-9348-3b70fa762a0c', 'ec14d3ef-18a8-489d-bb0b-37cf883e0e3f', 'KALTAKQUISE', 'ACTIVE', 0, 'Funktion: Geschäftsführer/in (CEO) | Mitarbeiter: 1 bis 10 | Branche: Psychiatrie & Psychotherapie'),
('a32cd968-256a-4fd2-bf6d-d71d06d5d719', 'e2a3b1b1-54fe-44a9-87e8-81c076e4d5eb', 'KALTAKQUISE', 'ACTIVE', 0, 'Funktion: Geschäftsführer/in (CEO) | Mitarbeiter: 1 bis 10 | Branche: Psychiatrie & Psychotherapie'),
('36934df0-3ef0-48d1-9eeb-2a4661b0c21c', '603dedbd-46a2-43ee-954e-1740c0dac8be', 'KALTAKQUISE', 'ACTIVE', 0, 'Funktion: Geschäftsführer/in (CEO) | Mitarbeiter: 1 bis 10 | Branche: Psychiatrie & Psychotherapie'),
('bc900ad3-170a-41e5-9165-f22ee5a4e3ad', 'bb2a194e-5f7e-4e3d-ab27-c81dedb1f3a7', 'KALTAKQUISE', 'ACTIVE', 0, 'Funktion: Geschäftsführer/in (CEO) | Mitarbeiter: 1 bis 10 | Branche: Psychiatrie & Psychotherapie'),
('ebf6556c-4733-47b0-8615-f0a416592a4a', 'a8cdbe5d-f6d4-46a9-9c4d-d6b2855411e7', 'KALTAKQUISE', 'ACTIVE', 0, 'Funktion: Geschäftsführer/in (CEO) | Mitarbeiter: 1 bis 10 | Branche: Psychiatrie & Psychotherapie'),
('56d04836-0ae9-4fe5-bc39-0189b04cf5e0', '830c70ad-3e12-47c2-8459-255380ddf0b2', 'KALTAKQUISE', 'ACTIVE', 0, 'Funktion: Geschäftsführer/in (CEO) | Mitarbeiter: 1 bis 10 | Branche: Psychiatrie & Psychotherapie'),
('1bbd9ff3-59e2-4c7a-aea4-6dcfa65a89fc', '8b9e53bf-2220-4464-9fa7-9989a4e2e066', 'KALTAKQUISE', 'ACTIVE', 0, 'Funktion: Geschäftsführer/in (CEO) | Mitarbeiter: 1 bis 10 | Branche: Naturheilpraxen'),
('dbc00e02-426f-4138-84b9-ade4dcadc367', '68f6bd76-05fa-4ffd-8f2d-d67f533bcb06', 'KALTAKQUISE', 'ACTIVE', 0, 'Funktion: Geschäftsführer/in (CEO) | Mitarbeiter: 1 bis 10 | Branche: Psychiatrie & Psychotherapie'),
('47a93824-2b3b-43a8-a376-0e7028e65a8c', 'a3835081-5cf6-4d75-b6b7-e4d93971e8af', 'KALTAKQUISE', 'ACTIVE', 0, 'Funktion: Geschäftsführer/in (CEO) | Mitarbeiter: 1 bis 10 | Branche: Psychiatrie & Psychotherapie'),
('54168131-7ac8-48a1-bbd7-8311e4d2a914', 'c53330c9-0945-4898-80e9-ebe3921281f9', 'KALTAKQUISE', 'ACTIVE', 0, 'Funktion: Geschäftsführer/in (CEO) | Mitarbeiter: 1 bis 10 | Branche: Naturheilpraxen'),
('5158b022-3a6d-40f2-baf0-86ec6ad8fa49', '20d9e256-31dc-404c-b0db-b5e33c8f3867', 'KALTAKQUISE', 'ACTIVE', 0, 'Funktion: Geschäftsführer/in (CEO) | Mitarbeiter: 1 bis 10 | Branche: Psychiatrie & Psychotherapie'),
('ce525ead-ffaf-4b4a-abf5-3517485771cd', 'a897f1ce-ac71-4b12-babf-9accf806b21b', 'KALTAKQUISE', 'ACTIVE', 0, 'Funktion: Geschäftsführer/in (CEO) | Mitarbeiter: 1 bis 10 | Branche: Psychiatrie & Psychotherapie'),
('5effc457-8727-42c4-87b1-0b740451a36e', 'db9536b3-24fd-46e4-b3d1-923635b46b3b', 'KALTAKQUISE', 'ACTIVE', 0, 'Funktion: Geschäftsführer/in (CEO) | Mitarbeiter: 1 bis 10 | Branche: Psychiatrie & Psychotherapie'),
('f2878016-47bf-4cf2-983d-7e6c4d49ea8f', '9f93e46b-4710-4837-90d7-4ad2c0859a18', 'KALTAKQUISE', 'ACTIVE', 0, 'Funktion: Geschäftsführer/in (CEO) | Mitarbeiter: 1 bis 10 | Branche: Naturheilpraxen'),
('a62adae7-ae2b-4864-bf13-e3ca1e4b5441', 'b8b67516-580a-4e55-aca4-df7f122038bc', 'KALTAKQUISE', 'ACTIVE', 0, 'Funktion: Geschäftsführer/in (CEO) | Mitarbeiter: 1 bis 10 | Branche: Psychiatrie & Psychotherapie'),
('711011b5-75c1-4d3c-a7f6-b1581753f57d', '02491d41-5e45-45d9-9970-7b2ec73ef4d3', 'KALTAKQUISE', 'ACTIVE', 0, 'Funktion: Geschäftsführer/in (CEO) | Mitarbeiter: 1 bis 10 | Branche: Arztpraxen'),
('94417802-63bd-429d-80dc-906d43d085fb', '625c297c-761e-4359-b517-394fc4e6e083', 'KALTAKQUISE', 'ACTIVE', 0, 'Funktion: Geschäftsführer/in (CEO) | Mitarbeiter: 1 bis 10 | Branche: Psychiatrie & Psychotherapie'),
('d16b5c2f-5bcc-4811-9195-2b0b7026f6e6', 'caf4d405-b563-4cc8-a65f-c163c6004d1b', 'KALTAKQUISE', 'ACTIVE', 0, 'Funktion: Geschäftsführer/in (CEO) | Mitarbeiter: 1 bis 10 | Branche: Arztpraxen'),
('84128e90-3466-4506-8719-3cc0b55093e2', 'db1cd322-cd0a-4779-9fc8-e15a980d4b2b', 'KALTAKQUISE', 'ACTIVE', 0, 'Funktion: Geschäftsführer/in (CEO) | Mitarbeiter: 1 bis 10 | Branche: Psychiatrie & Psychotherapie'),
('53712a91-7440-40f6-89c5-bf4990aeafaf', '93732ef7-9f68-4a02-9144-06eb6cfb7d8b', 'KALTAKQUISE', 'ACTIVE', 0, 'Funktion: Geschäftsführer/in (CEO) | Mitarbeiter: 1 bis 10 | Branche: Psychiatrie & Psychotherapie'),
('34a50adc-c2b0-4737-afb8-192c9ce24bd4', 'b56eb6d5-5bbc-4a70-93a5-e231d2184969', 'KALTAKQUISE', 'ACTIVE', 0, 'Funktion: Geschäftsführer/in (CEO) | Mitarbeiter: 1 bis 10 | Branche: Psychiatrie & Psychotherapie'),
('930f6e15-be11-4982-90d0-ca12e9a8b80c', '163ef1b0-bcdb-4279-8c18-0c154ef8c5e5', 'KALTAKQUISE', 'ACTIVE', 0, 'Funktion: Geschäftsführer/in (CEO) | Mitarbeiter: 1 bis 10 | Branche: Psychiatrie & Psychotherapie'),
('2339e843-6407-4424-b240-f7133e89f96d', '8087e4fc-4994-468c-95c3-1985ac828af4', 'KALTAKQUISE', 'ACTIVE', 0, 'Funktion: Geschäftsführer/in (CEO) | Mitarbeiter: 1 bis 10 | Branche: Psychiatrie & Psychotherapie'),
('5c6758df-7cdd-4bde-b0f2-8a7f1b980ad7', '5296fb0c-3e34-4f3b-aa0a-ed4c768dc311', 'KALTAKQUISE', 'ACTIVE', 0, 'Funktion: Geschäftsführer/in (CEO) | Mitarbeiter: 1 bis 10 | Branche: Naturheilpraxen'),
('b0394f37-d838-4fee-b407-20f30bd4deeb', '911f382a-741d-41d4-81cc-6e39881e1af2', 'KALTAKQUISE', 'ACTIVE', 0, 'Funktion: Geschäftsführer/in (CEO) | Mitarbeiter: 1 bis 10 | Branche: Psychiatrie & Psychotherapie'),
('9700b5c2-8929-4b67-8914-0b01cedbe0e8', 'dfded123-d4fa-4b80-959d-e18be66b0581', 'KALTAKQUISE', 'ACTIVE', 0, 'Funktion: Geschäftsführer/in (CEO) | Mitarbeiter: 1 bis 10 | Branche: Psychiatrie & Psychotherapie'),
('dc7625a5-860e-49a3-9148-5de0e37067bf', '9658ad44-fdd0-40ee-b135-6e6a8ed3c003', 'KALTAKQUISE', 'ACTIVE', 0, 'Funktion: Geschäftsführer/in (CEO) | Mitarbeiter: 1 bis 10 | Branche: Psychiatrie & Psychotherapie'),
('7688b9a8-61cd-4b43-bd46-f815ee76fe33', '5a2435f4-456c-4d93-aaa5-5991c1f6a6f2', 'KALTAKQUISE', 'ACTIVE', 0, 'Funktion: Geschäftsführer/in (CEO) | Mitarbeiter: 1 bis 10 | Branche: Psychiatrie & Psychotherapie'),
('d356213b-3a56-42b1-9931-724a9bc28af1', '7c08aaaf-1613-471a-bfa5-5647778c19f6', 'KALTAKQUISE', 'ACTIVE', 0, 'Funktion: Geschäftsführer/in (CEO) | Mitarbeiter: 1 bis 10 | Branche: Psychiatrie & Psychotherapie'),
('04b60042-c08a-42f5-b768-12c51bc04d5d', '81c65fb1-9259-47b4-a4dc-5f1d75556a27', 'KALTAKQUISE', 'ACTIVE', 0, 'Funktion: Geschäftsführer/in (CEO) | Mitarbeiter: 1 bis 10 | Branche: Psychiatrie & Psychotherapie'),
('35dbad1b-f16c-4902-a15b-b6df40794a68', '7b45c045-da68-4504-8c04-2870cb186a54', 'KALTAKQUISE', 'ACTIVE', 0, 'Funktion: Geschäftsführer/in (CEO) | Mitarbeiter: 1 bis 10 | Branche: Psychiatrie & Psychotherapie'),
('2293b9ac-6c57-479b-83cd-101358bedc06', 'ec77ed73-6560-4105-bada-6fb58a68396c', 'KALTAKQUISE', 'ACTIVE', 0, 'Funktion: Geschäftsführer/in (CEO) | Mitarbeiter: 1 bis 10 | Branche: Psychiatrie & Psychotherapie'),
('9beab1ff-76ed-4ff6-a347-c1fe3fabe36d', '8afa3df6-1a0e-4d21-80d2-6c25264aa773', 'KALTAKQUISE', 'ACTIVE', 0, 'Funktion: Geschäftsführer/in (CEO) | Mitarbeiter: 1 bis 10 | Branche: Psychiatrie & Psychotherapie'),
('5e132603-fae2-470e-930c-885d22599e51', 'e42f9b4b-b61f-4fb8-b7c5-6672ae26b8f9', 'KALTAKQUISE', 'ACTIVE', 0, 'Funktion: Geschäftsführer/in (CEO) | Mitarbeiter: 1 bis 10 | Branche: Psychiatrie & Psychotherapie');

INSERT INTO lead_tags (lead_id, tag_id) VALUES
('7e0a8634-08c7-49c8-aa85-b6909a765bcc', 'ka-b2b'),
('3e29b929-5a72-42a7-b1e1-dd4f272baddf', 'ka-b2b'),
('145cf5ef-f1ce-481d-a492-4c6d04c8e4e4', 'ka-b2b'),
('f802865b-86ac-47b9-839a-d42307ae6c23', 'ka-b2b'),
('7d890fca-3ccf-46c8-b5bf-e6c4bc152c59', 'ka-b2b'),
('4d87efac-c2ec-4fcc-9a7f-d15ae25d6873', 'ka-b2b'),
('6f55676e-b710-461f-9623-8271750fc015', 'ka-b2b'),
('a58e2227-58d7-494e-b81d-c870ee9c6eb3', 'ka-b2b'),
('932224c2-ecb2-4eb7-8dec-8a5a6a29992f', 'ka-b2b'),
('23b39412-cd00-4f7e-b391-cbd0ca799e69', 'ka-b2b'),
('36745e46-26d6-49b6-9859-53186f9ba5c7', 'ka-b2b'),
('3e8e9791-b092-466b-bf75-3ce6a1f0f719', 'ka-b2b'),
('a27f003b-b03e-46e9-86d0-8ee1277f2d69', 'ka-b2b'),
('b835f5fd-5843-44d4-b68e-5849e50ca61c', 'ka-b2b'),
('f9bafdaf-731f-4f9a-b863-4a276e40b440', 'ka-b2b'),
('5f7d7481-3a5c-407a-bbb1-e6f1205ea88b', 'ka-b2b'),
('83a91131-b00d-41d3-b43f-5d25143c25d6', 'ka-b2b'),
('8b7661e2-bf2b-4a90-9264-85f186c94479', 'ka-b2b'),
('3c42df18-9187-40b6-992e-c5f58f166950', 'ka-b2b'),
('942bafa1-b39a-44b9-b922-f00ea1ea5287', 'ka-b2b'),
('ed008062-a33b-47f6-9330-4870d24214d9', 'ka-b2b'),
('b4a1ec22-9cea-4552-848d-c537f1c6698d', 'ka-b2b'),
('42b23200-2528-481a-bdb1-d6df078d5f9e', 'ka-b2b'),
('583d3cdf-cdc3-4093-8ec4-a6e7d8487abe', 'ka-b2b'),
('0869e710-3de7-47a1-b2b0-dec821aeff4e', 'ka-b2b'),
('b4d9efeb-ceb5-4631-95e6-1f3ff986790e', 'ka-b2b'),
('c48993bd-6af2-46e1-b5ff-c5b7a9992d7e', 'ka-b2b'),
('94883c65-720a-4079-a8d1-49d29e1a98cf', 'ka-b2b'),
('ba2fb0a1-98e0-4efa-83b5-4c2b023cda04', 'ka-b2b'),
('4ba53e1f-13c1-4514-89fa-2e29339215c3', 'ka-b2b'),
('5f52d926-e7a7-47d1-bdd0-53451b3968b9', 'ka-b2b'),
('c971842f-3f5c-4afa-9f70-0fe14c7dd7bd', 'ka-b2b'),
('90bc8dd8-084c-4bb1-a520-cd21d31d15c4', 'ka-b2b'),
('a79e3575-064a-4f55-87e3-d02c5223931f', 'ka-b2b'),
('312a618d-f037-439f-95d0-68e972b0ebc0', 'ka-b2b'),
('5728a2e9-c8e2-4186-879c-25a974347690', 'ka-b2b'),
('f14f165c-692d-4c37-9b4e-b227031a941b', 'ka-b2b'),
('a8005a32-945c-420d-bd9d-53e3bbf113ab', 'ka-b2b'),
('1eb3f4e2-ecce-4867-a840-3e069236593e', 'ka-b2b'),
('e43e54d3-f1f2-47b1-a80b-385f19255452', 'ka-b2b'),
('abaee6cc-650a-4f44-85c3-1ba6171e859d', 'ka-b2b'),
('0120b8eb-f37a-4f3e-a8fe-3b03910ba76a', 'ka-b2b'),
('d8eeeffe-5b1b-4384-b246-5212375d9105', 'ka-b2b'),
('d40f35bc-7888-4b28-9561-4b7e1fabca21', 'ka-b2b'),
('86f3bdc2-df73-424e-b235-6079ce970bfb', 'ka-b2b'),
('49d5dcff-f913-40e7-ac32-df66f6eba9e7', 'ka-b2b'),
('15e6bd14-d5ad-4106-bab4-fe176e9bcf8a', 'ka-b2b'),
('c27096aa-b198-47ae-8153-845e7947ee88', 'ka-b2b'),
('6b6edd79-60d9-4ab2-ad8c-4a1b61b81eef', 'ka-b2b'),
('596a10d3-0ea7-4488-920c-e847b71c7db2', 'ka-b2b'),
('6f5370f9-a4da-4828-a176-cce5338b9cb5', 'ka-b2b'),
('3fa1a1bd-5f6b-426c-933f-2df265eff74d', 'ka-b2b'),
('7f31c534-43ea-40fa-b2e9-92c7441f19d5', 'ka-b2b'),
('f043e0a2-85c6-4529-811d-11fef9dfc2c0', 'ka-b2b'),
('c0d839d7-9eaa-4971-959e-ea6acb5808de', 'ka-b2b'),
('cd92173c-d14a-48bc-991a-b82b1bf7c856', 'ka-b2b'),
('679cce52-4701-40ff-b1a5-766f32091464', 'ka-b2b'),
('fcd69f07-7a0b-455d-946f-d14b79147099', 'ka-b2b'),
('620080f0-a37c-43e2-8586-57629b25717d', 'ka-b2b'),
('d9c34031-8228-4a0a-9947-077ef6a062ff', 'ka-b2b'),
('a4edf140-0577-426c-b9d1-74d2f241bb04', 'ka-b2b'),
('b77c73b9-ce34-4407-a3b0-7ae9211951ea', 'ka-b2b'),
('bfdabfb7-8466-41eb-aa0c-34bb7cde4298', 'ka-b2b'),
('4bda8ccb-e68d-4c2d-b78f-1360ff9320ab', 'ka-b2b'),
('9727934a-b764-4688-a438-8dc0d750862c', 'ka-b2b'),
('8eda1088-e40d-4cf8-9db4-fca3b5a13899', 'ka-b2b'),
('f29fbb31-fcc0-4436-aebf-d9d08861231b', 'ka-b2b'),
('2b35a844-df69-41e9-ac8f-3dd12f1727bf', 'ka-b2b'),
('fa19b711-8750-4194-aa75-81a6d2f48411', 'ka-b2b'),
('19cd0dd7-47ed-46aa-adaf-448eaafb858e', 'ka-b2b'),
('59d4ed02-d35c-465e-ac31-5c41159bf3ae', 'ka-b2b'),
('898c8ddd-39ac-40fe-b095-3fcba1b97f9f', 'ka-b2b'),
('42894b4f-ab64-4725-ad32-f5f68b4f643d', 'ka-b2b'),
('331a7ad7-b885-440c-bf8c-e831fae18edd', 'ka-b2b'),
('6119876f-cf3f-4583-8d86-1e0b82817187', 'ka-b2b'),
('581eebc3-6f19-4dee-a59d-1b97a8bc37f9', 'ka-b2b'),
('d23f0fbd-3e1d-43db-a21a-86ae750c5f03', 'ka-b2b'),
('64c89fd1-bd9e-4eec-a240-b3325da16de9', 'ka-b2b'),
('70bc9520-b50f-4db5-8faa-8ddc5041e39f', 'ka-b2b'),
('9408d736-68f7-40cd-a979-50f37ef9b6f2', 'ka-b2b'),
('e399b71e-0bce-4b4c-9dab-e0d657b6a8f2', 'ka-b2b'),
('fbffbaf0-db79-42d3-bc36-975a9228a1f8', 'ka-b2b'),
('1daf46c6-e7d5-413f-8049-a8281f4992b7', 'ka-b2b'),
('078cdd9c-eeba-4fbc-845f-2fd29f00e747', 'ka-b2b'),
('98dc7dc8-a141-4b2b-995e-8e86cb57c09a', 'ka-b2b'),
('2f798bb0-9651-415f-8d95-3697fd1d9914', 'ka-b2b'),
('6c935186-1984-4837-9600-e8c3a0e77bc6', 'ka-b2b'),
('052b1f07-4cbf-4a4d-8ebc-074d15859fb2', 'ka-b2b'),
('f9c71a0b-db47-41be-bd6a-d9eb715621e6', 'ka-b2b'),
('40be4dc5-dd60-47ee-80a8-e28e9d9064a7', 'ka-b2b'),
('0548e806-21f5-4f3d-9ad4-5d42391b65de', 'ka-b2b'),
('e9126fff-6a8f-400d-a765-4d59576af675', 'ka-b2b'),
('090c587f-22ed-4c8d-ab01-8a058fb73a89', 'ka-b2b'),
('9f8f8803-c86f-4561-b88c-5b02442c23d6', 'ka-b2b'),
('faeb79d5-e4e4-43e9-a665-e998b7cba55f', 'ka-b2b'),
('d2940cb8-3d88-4b92-8b39-736b45262778', 'ka-b2b'),
('e3327cd7-1781-4611-8d07-67d0ed6a5a4f', 'ka-b2b'),
('496328fc-8b32-4744-9b48-bbf09a75c31a', 'ka-b2b'),
('c08e0eb9-4a75-488b-b89a-30635110835d', 'ka-b2b'),
('fe1108c6-4e96-4f62-84d3-84f5ed66dff4', 'ka-b2b'),
('f8e3c335-3b11-4e5b-9618-7412e253bb6c', 'ka-b2b'),
('91db5919-145d-497c-937f-992ec115b4fe', 'ka-b2b'),
('4880bafd-013c-4da1-9200-73ee69a7d70b', 'ka-b2b'),
('22c9f410-091d-4272-a21e-efa46783c0ab', 'ka-b2b'),
('d6fef630-b612-4f26-98ed-b3cdd2df3b2c', 'ka-b2b'),
('4cafa85c-522b-42bc-b3fc-1fb9cb4b55e4', 'ka-b2b'),
('6cd1d705-2406-41c3-84e8-a90ebc4e058f', 'ka-b2b'),
('4b776b5a-be93-401d-ad5a-b417762e1c02', 'ka-b2b'),
('276adaa0-606c-4052-a78f-89fc26af6ea4', 'ka-b2b'),
('358c2ba2-e468-4511-859e-eeab4b23db43', 'ka-b2b'),
('4f654d03-7ec5-44e9-a14a-f550b02d56b3', 'ka-b2b'),
('e37785ae-9e6b-44e1-bc52-993b256e2ade', 'ka-b2b'),
('8ebf3763-0b17-4a12-9266-626e8e162459', 'ka-b2b'),
('28aad9f5-e091-4ec2-b4a8-831138c57f38', 'ka-b2b'),
('8d94827a-1d78-4b99-8845-aed856809b5a', 'ka-b2b'),
('da410a40-fea2-4f9b-a831-672c9c22452a', 'ka-b2b'),
('6a86c0de-fd10-487a-83ce-414577b9270c', 'ka-b2b'),
('2c35cdd6-c4b6-4eeb-b002-03dc2af3ecb4', 'ka-b2b'),
('5257f8de-3a0f-4862-99b3-9ccdecc4dd5c', 'ka-b2b'),
('d397f867-4f13-488c-b031-32012c8c29a1', 'ka-b2b'),
('c3c91325-d024-47cd-ad5c-c92f85b94d61', 'ka-b2b'),
('3bc3314d-1718-44c8-91a8-6f1b25d7e1d1', 'ka-b2b'),
('6a2d476b-3dcb-4f45-84e7-19c6c32f9079', 'ka-b2b'),
('a223bdc8-93c4-4d4c-bef5-93abeca1df83', 'ka-b2b'),
('ed240481-78e2-47f7-80d3-50df2d24da25', 'ka-b2b'),
('00c3e085-dbf9-453e-8b40-f846dc45f91e', 'ka-b2b'),
('669466ea-ffab-4ff6-9eed-306914dabe1f', 'ka-b2b'),
('fd718d23-1bbe-4114-b623-7e60e70b4f26', 'ka-b2b'),
('15404a4e-9cff-4002-8a3d-081595cf7d64', 'ka-b2b'),
('18fd3c16-af90-4efa-912c-830c6f9c8755', 'ka-b2b'),
('1bfd7ecb-5d11-42ef-a31d-80fcc443aa13', 'ka-b2b'),
('76ade05d-6b1c-42f5-a620-52e1ad01e852', 'ka-b2b'),
('07bc1929-13bd-4e2a-b6bc-5e9068186374', 'ka-b2b'),
('7fc51da7-0aeb-4fa5-9f64-4c1497da935a', 'ka-b2b'),
('5637e71d-7551-4b1c-8043-31b1a73465bb', 'ka-b2b'),
('3a5e4025-90fd-4130-82ae-9ecc13cfbfe3', 'ka-b2b'),
('ce20d28d-fd1e-4997-965b-2adf79ba13f7', 'ka-b2b'),
('90fd6fc0-f8f6-4f8b-b58b-74da06b3baa3', 'ka-b2b'),
('f01636bb-0367-4a25-9d47-598ffba18a39', 'ka-b2b'),
('27fe97e5-d6b1-4cc6-8f91-76c0b44540ef', 'ka-b2b'),
('2f494590-d74c-4a73-807c-9564157db53b', 'ka-b2b'),
('3df28ad2-a332-4302-9d4b-776520828f59', 'ka-b2b'),
('c2188b61-99e5-45ae-9efa-b4932fda1b60', 'ka-b2b'),
('646a975b-f656-4d8e-82d0-725a781de545', 'ka-b2b'),
('4e8fffd0-ac43-4801-bc69-92e20a0c3a5f', 'ka-b2b'),
('91086fd9-c253-4d24-b7eb-c8f86f8e6429', 'ka-b2b'),
('60b353a5-c409-428c-9a82-9c265ee36225', 'ka-b2b'),
('58c46dea-2834-4d23-b26d-de213305fa68', 'ka-b2b'),
('07fe66dd-3bf4-4d76-9aca-f0fd48042dc5', 'ka-b2b'),
('43ce67c4-888c-4e3f-a25d-0f6f8270c071', 'ka-b2b'),
('13c0ab9a-3ccf-47df-8aa6-380fc0ebb246', 'ka-b2b'),
('9565d2ca-33e7-4ff7-a505-190de4fdd653', 'ka-b2b'),
('0ba2f906-ef03-411d-b9f6-41200664c1c6', 'ka-b2b'),
('608646ef-4daa-4977-85e8-07da506629c1', 'ka-b2b'),
('1dfe44c4-aba5-4393-92af-75e519cbd917', 'ka-b2b'),
('e8c6c670-c0ea-453d-9251-f4c981d513bd', 'ka-b2b'),
('4109aaed-d365-4bca-86b6-cecf55f8ea6b', 'ka-b2b'),
('dce01b4b-22e8-430d-abf5-3bfc3dcce415', 'ka-b2b'),
('e22d30a6-36bf-4528-ada0-04ec44b665df', 'ka-b2b'),
('a6dde72f-e936-468f-9dea-4f8ce12a2fe6', 'ka-b2b'),
('93b06503-b631-4842-a76b-e0b03e517ecf', 'ka-b2b'),
('bf91e01f-863d-40e1-b1f8-a22ce7eba1a7', 'ka-b2b'),
('ad3dbed1-0e8a-424a-9e78-0f8acec50ac6', 'ka-b2b'),
('b776f3cc-4250-4602-8c25-73dd695f5288', 'ka-b2b'),
('f77e8a82-3f11-4d40-84af-cb1db7779136', 'ka-b2b'),
('4955118c-cbd2-4d8d-9ab2-d40c5268a541', 'ka-b2b'),
('93a78035-603e-4e80-9348-3b70fa762a0c', 'ka-b2b'),
('a32cd968-256a-4fd2-bf6d-d71d06d5d719', 'ka-b2b'),
('36934df0-3ef0-48d1-9eeb-2a4661b0c21c', 'ka-b2b'),
('bc900ad3-170a-41e5-9165-f22ee5a4e3ad', 'ka-b2b'),
('ebf6556c-4733-47b0-8615-f0a416592a4a', 'ka-b2b'),
('56d04836-0ae9-4fe5-bc39-0189b04cf5e0', 'ka-b2b'),
('1bbd9ff3-59e2-4c7a-aea4-6dcfa65a89fc', 'ka-b2b'),
('dbc00e02-426f-4138-84b9-ade4dcadc367', 'ka-b2b'),
('47a93824-2b3b-43a8-a376-0e7028e65a8c', 'ka-b2b'),
('54168131-7ac8-48a1-bbd7-8311e4d2a914', 'ka-b2b'),
('5158b022-3a6d-40f2-baf0-86ec6ad8fa49', 'ka-b2b'),
('ce525ead-ffaf-4b4a-abf5-3517485771cd', 'ka-b2b'),
('5effc457-8727-42c4-87b1-0b740451a36e', 'ka-b2b'),
('f2878016-47bf-4cf2-983d-7e6c4d49ea8f', 'ka-b2b'),
('a62adae7-ae2b-4864-bf13-e3ca1e4b5441', 'ka-b2b'),
('711011b5-75c1-4d3c-a7f6-b1581753f57d', 'ka-b2b'),
('94417802-63bd-429d-80dc-906d43d085fb', 'ka-b2b'),
('d16b5c2f-5bcc-4811-9195-2b0b7026f6e6', 'ka-b2b'),
('84128e90-3466-4506-8719-3cc0b55093e2', 'ka-b2b'),
('53712a91-7440-40f6-89c5-bf4990aeafaf', 'ka-b2b'),
('34a50adc-c2b0-4737-afb8-192c9ce24bd4', 'ka-b2b'),
('930f6e15-be11-4982-90d0-ca12e9a8b80c', 'ka-b2b'),
('2339e843-6407-4424-b240-f7133e89f96d', 'ka-b2b'),
('5c6758df-7cdd-4bde-b0f2-8a7f1b980ad7', 'ka-b2b'),
('b0394f37-d838-4fee-b407-20f30bd4deeb', 'ka-b2b'),
('9700b5c2-8929-4b67-8914-0b01cedbe0e8', 'ka-b2b'),
('dc7625a5-860e-49a3-9148-5de0e37067bf', 'ka-b2b'),
('7688b9a8-61cd-4b43-bd46-f815ee76fe33', 'ka-b2b'),
('d356213b-3a56-42b1-9931-724a9bc28af1', 'ka-b2b'),
('04b60042-c08a-42f5-b768-12c51bc04d5d', 'ka-b2b'),
('35dbad1b-f16c-4902-a15b-b6df40794a68', 'ka-b2b'),
('2293b9ac-6c57-479b-83cd-101358bedc06', 'ka-b2b'),
('9beab1ff-76ed-4ff6-a347-c1fe3fabe36d', 'ka-b2b'),
('5e132603-fae2-470e-930c-885d22599e51', 'ka-b2b');
