-- Batch 399 (200 records)
INSERT INTO contacts (id, first_name, last_name, email, phone, company, address) VALUES
('e0a636f2-a189-4f9d-af42-4db13b2c5d7c', 'Tjibbina', 'Visser Boos', 'vanderboos@hotmail.com', '078 600 93 72', 'Shiatsu Praxis T. Visser Boos', 'Rathausstrasse 68, 4410 Liestal, Basel-Land'),
('f3f1c19b-f603-4048-b8af-de215834f83e', 'Therese', 'Balmer', 'theresebalmer@eblcom.ch', '061 901 94 05', 'Shiatsu Praxis Therese Balmer', 'Im Mättli 9, 4414 Füllinsdorf, Basel-Land'),
('7b1b404b-9bda-4831-9f0e-4a77a11f69a4', 'Bea', 'Häseli Fürst', 'kontakt@shiatsu-zofingen.ch', '062 751 57 81', 'Shiatsu Praxis Zofingen', 'Bärengasse 11, 4800 Zofingen, Aargau'),
('7f366292-9e36-4976-87a7-07e9b6d4dbe1', 'Stefanie', 'Zappimbulso', 'shiatsu@stefaniez.ch', '076 416 11 13', 'Shiatsu Praxis Zürich', 'Sihlstrasse 61, 8001 Zürich, Zürich'),
('6c6db4a4-558a-42a9-a567-e0f61d258b58', 'Ursula', 'Kämpfer', 'shiatsu.kaempfer@teleport.ch', '079 489 11 91', 'Shiatsu Qigong Taiji', 'Sodackerstrasse 36, 4133 Pratteln, Basel-Land'),
('3a759d6d-939e-441b-b7d2-e4727b91cca7', 'Brigitte', 'Reber', 'brigitte.reber@intergga.ch', '076 528 68 50', 'Shiatsu Reber', 'Lerchenbergweg 18b, 4104 Oberwil, Basel-Land'),
('84aa9fc1-a383-454f-899a-8e9680d13edb', 'Reto', 'Wolf', 'wolfreto@bluewin.ch', '078 740 90 06', 'Shiatsu Reto Wolf', 'Bordweg 10, 7204 Untervaz, Graubünden'),
('e872ff2c-0171-4b82-8f46-1e08ac162332', 'Rita', 'Hegglin', 'ritazenshiatsu@hotmail.com', '079 230 86 58', 'Shiatsu Rita Hegglin', 'Paradiesstrasse 19a, 5223 Riniken, Aargau'),
('d863070b-189b-4921-9d3a-508130307895', 'Rita', 'Manser-Stark', 'manser.rita@gmail.com', '078 858 57 18', 'Shiatsu Rita Manser-Stark', 'Gontenstrasse 26, 9050 Appenzell, Appenzell Innerrhoden'),
('60beed05-118d-4815-a8e9-6bb17b778621', 'Christine', 'Stricker Vetsch', 'c_stricker@gmx.ch', '079 646 89 17', 'Shiatsu Ruhe Resonanz', 'Untere Kirchgasse 2, 8400 Winterthur, Zürich'),
('4bde6d65-3d1d-4b85-874e-06cfb7fb3688', 'Ruth', 'Jaag-Hodler', 'jaruth@hotmail.com', '076 231 51 06', 'Shiatsu Ruth Jaag-Hodler', 'Landstrasse 25, 7214 Grüsch, Graubünden'),
('d210a5c3-bc1d-4fff-9f54-521612106fb8', 'Fritz', 'Ungricht', 'f.ungricht@bluewin.ch', '079 316 95 35', 'Shiatsu Ryffel', 'Rosenweg 44, 4153 Reinach, Basel-Land'),
('21be56c1-3b58-40ba-bc06-2304a36b0333', 'Isabelle', 'Ryser', '68isabelleryser68@gmail.com', '079 357 78 46', 'Shiatsu Ryser', 'Schanzenstrasse 15, 4410 Liestal, Basel-Land'),
('3e472634-87eb-4972-bc86-0f7cd25e224b', 'Sabine', 'Flück', 'sabine.ammann82@gmail.com', '079 750 82 91', 'Shiatsu Sabine Flück', 'Hauptstrasse 30, 2560 Nidau, Bern'),
('d7d73d32-eb1b-4b93-a857-23abec7a43f2', 'Romana', 'Scheiring', 'info@shiatsu-scheiring.ch', '076 761 27 38', 'Shiatsu Scheiring', 'Allmendweg 8, 6330 Cham, Zug'),
('ca1fa854-1e0b-4f38-b577-16295f41755b', 'Simone', 'Schütz', 'simi.schuetz@gmail.com', '079 711 51 79', 'Shiatsu Schütz', 'Pilgerstrasse 16, 4055 Basel, Basel-Stadt'),
('299c1457-b77b-4228-8a2e-b2c1ae33dd7f', 'Martin', 'Senn', 'info@shiatsu-senn.ch', '041 211 09 10', 'Shiatsu Senn', 'Denkmalstrasse 1, 6006 Luzern, Luzern'),
('64b06379-0f69-4c5d-979b-db967c3092cc', 'Annina', 'Storni', 'kontakt@shiatsu-storni.ch', '079 275 70 27', 'shiatsu storni', 'Zentweg 13, 3006 Bern, Bern'),
('a0021ff9-84b7-4acc-8d89-3237e0d1dc68', 'Steven', 'Grütter', 'steven@shiatsu-studio.ch', '077 416 50 26', 'Shiatsu Studio', 'Rüschlistrasse 5, 2502 Biel/Bienne, Bern'),
('e5397269-0c6c-49a1-acd5-73d9d453e537', 'Susanne', 'Schärer', 'susanneschaerer@bluewin.ch', '079 861 98 00', 'Shiatsu Susanne Schärer', 'Dorfstrasse 21, 7418 Tumegl/Tomils, Graubünden'),
('c792e533-a465-422b-9bff-4b3ade7dd59a', 'Liliane', 'Bernet', 'bernet@touchforbalance.ch', '079 381 09 12', 'Shiatsu Touch for Balance', 'Lielisloo 47, 8965 Berikon, Aargau'),
('2b79582c-681e-4c4b-85d6-7516238eb5f0', 'Ulrica', 'Plouda', 'spenky@bluewin.ch', '081 864 96 70', 'Shiatsu Ulrica Plouda', 'Pradatsch 11e, 7551 Ftan, Graubünden'),
('17be9de6-f493-43ba-946f-2d2358b772d7', 'Adrian', 'Caduff', 'info@shiatsu-caduff.ch', '081 911 50 74', 'Shiatsu- und Massage-Praxis Adrian Caduff', 'Via Cons 13, 7031 Laax, Graubünden'),
('197b0857-9acb-432c-8622-79d919b8e8eb', 'Ruth', 'Baumgartner', 'boumi.ruth@solnet.ch', '079 758 20 04', 'Shiatsu- und Massagepraxis Baumgartner', 'Dorfstrasse 32, 3054 Schüpfen, Bern'),
('633ba605-6550-42fe-abc2-8566e36a4f7a', 'Till', 'Zehnder', 'mail@tillzehnder.ch', '076 440 97 79', 'Shiatsu und Strukurelle Ausrichtung', 'Ahornstrasse 39, 4055 Basel, Basel-Stadt'),
('25a1854b-da3f-44ae-b648-cfce2064146e', 'Ursina', 'Camenisch', 'ursina@staiboeckli.ch', '079 402 61 76', 'Shiatsu Ursina Camenisch', 'Via Sogn Paul 2, 7403 Rhäzüns, Graubünden'),
('19bd93d4-700a-484e-acd5-7db1597eae72', 'Vreni', 'Zumkehr', 'vrenizumkehr@gmx.ch', '079 282 10 26', 'Shiatsu Vreni Zumkehr', 'Reichsgasse 61, 7000 Chur, Graubünden'),
('6905c759-8cca-46d4-8795-b1e6999626b3', 'Liselotte', 'Weibel', 'info@shiatsu-weibel.ch', '078 791 50 00', 'Shiatsu Weibel', 'Schulhausstrasse 8, 5103 Möriken, Aargau'),
('fa1fe9b5-e921-461e-9682-3e2d018cc537', 'Ursula', 'Werder-Frei', 'kontakt@shiatsu-werder.ch', '079 594 21 03', 'Shiatsu Werder', 'Täfernweg 1, 5405 Dättwil, Aargau'),
('11a1ad8f-901d-4d21-9a64-18cd75e58558', 'Yves', 'Siegrist', 'info@shiatsu-yves-siegrist.ch', '078 897 60 17', 'Shiatsu Yves Siegrist', 'Ermelgasse 30, 5707 Seengen, Aargau'),
('a07b74ea-e7dd-49a0-8479-2e188a3119cd', 'Alice', 'Ginger Zagato', 'shiatsu.zagato@gmail.com', '076 203 57 91', 'Shiatsu Zagato', 'Steinengraben 67, 4051 Basel, Basel-Stadt'),
('fcdbdd71-31f8-4e8e-beeb-0b74acdd14ad', 'Sonja', 'Hoffmann', 'shiatsu.sonja.luzern@gmail.com', '078 604 42 54', 'Shiatsu.Sonja', 'Neustadtstrasse 7, 6005 Luzern, Luzern'),
('12742684-d69c-4594-a5ae-b8ca07f9fb69', 'Tamiko', 'Hechtl-Matsumi', 't.hechtl@gmx.ch', '078 612 46 17', 'Shiatsu-Atelier', 'Unterer Quai 23, 2502 Biel/Bienne, Bern'),
('f13e1e75-45fd-43af-a16e-26572a914e78', 'Hans Rudolf', 'Frey', 'mail@hrf-shiatsu.ch', '033 438 00 83', 'Shiatsu-Hans Rudolf Frey', 'Kniebrecheweg 42a, 3612 Steffisburg, Bern'),
('4fc61061-7246-49aa-960e-772959005888', 'Grit', 'Berger', 'berger@shiatsu-loft-schaffhausen.ch', '076 701 50 90', 'Shiatsuloft Schaffhausen', 'Hochstrasse 5, 8200 Schaffhausen, Schaffhausen'),
('38f407aa-0f43-4030-b27e-33ec2db69709', 'Corinne', 'Weisskopf', 'info@shiatsu-lounge.ch', '078 802 96 79', 'Shiatsu-lounge Corinne Weisskopf', 'Nordstrasse 155, 8037 Zürich, Zürich'),
('711de740-eb96-4cdc-a48f-83ae3c3c5c45', 'Barbara', 'Ettler', 'praxis@shiatsupraxis-ettler.ch', '079 419 30 51', 'Shiatsupraxis Barbara Ettler', 'Spitalstrasse 210, 8623 Wetzikon, Zürich'),
('6e86a5e7-08d2-4ddd-85df-9a2cb4e0d253', 'Silvia', 'Ghezzi', 'silvia.ghezzi@shiatsupraxisbern.ch', '078 863 57 90', 'Shiatsupraxis Bern Silvia Ghezzi', 'Sennweg 1, 3012 Bern, Bern'),
('6fabd3a8-fdd7-4fed-aacd-fb18d77807a6', 'Daniel', 'Lerch', 'daniel@shiatsu-lerch.ch', '079 660 61 17', 'Shiatsupraxis Daniel Lerch', 'Bettenhausenstrasse 50, 3360 Herzogenbuchsee, Bern'),
('fd2cea48-e9f6-40a0-a9a6-c41ca6e4a51c', 'Dorothea', 'Mutz-Negenborn', 'info@shiatsupraxis.ch', '079 412 74 86', 'Shiatsupraxis Dorothea Mutz-Negenborn', 'Benkenstrasse 38, 4054 Basel, Basel-Stadt'),
('33506dbd-acd0-44ff-97fa-8ed90dde7b4f', 'Kathrin', 'Schmid', 'info@kathrinschmid.ch', '079 616 68 27', 'Shiatsu-Praxis Kathrin Schmid', 'Oberzihlweg 5, 8880 Walenstadt, St. Gallen'),
('5431d6c0-d4cd-423b-a711-17bd6290dd3f', 'Margrit', 'Grossmann', 'margrit@grossmann.ch', '041 820 11 67', 'Shiatsupraxis und Traumatherapie', 'Kornmatt 7, 6440 Brunnen, Schwyz'),
('36d54dbb-df0d-494e-bfa7-1cec2b17ea5f', 'Iris', 'Gujan', 'mail@shiatsupraxisraum.ch', '079 680 41 14', 'Shiatsupraxisraum Iris Gujan', 'Kronenstrasse 48, 8006 Zürich, Zürich'),
('595898da-0fa3-4d5c-b6e4-8c01f80ce228', 'Esther', 'Scherler', 'shiatsu.scherler@bluewin.ch', '032 373 25 04', 'Shiatsu-Scherler', 'Hauptstrasse 63, 2560 Nidau, Bern'),
('be215543-19fb-4c57-b72a-3a4cbebd10ac', 'David', 'Imhoof', 'shiatsu_shintai@me.com', '079 518 45 69', 'Shiatsu-ShinTai Praxis Zürich', 'Stauffacherstrasse  149, 8004 Zürich, Zürich'),
('ef33abb3-63eb-4790-b0da-4ee4c6b1f0b7', 'Markus', 'von Wyl', 'markusvonwyl@gmail.com', '079 442 37 90', 'Shiatsu-Therapie von Wyl', 'Suhrerstrasse 24, 5036 Oberentfelden, Aargau'),
('c8ae9cf2-d952-4a85-ba8c-934ac37ea356', 'Arlette', 'Lang', 'info@shiatsuversum.com', '079 730 01 09', 'Shiatsuversum', 'Bodenfeldstrasse 8, 5643 Sins, Aargau'),
('f3cedcb0-8bfe-4c0b-aa99-e3edb84c36cd', 'Kathrin', 'Fischer', 'kathrin@shiatsuzeit.ch', '079 255 52 32', 'ShiatsuZeit – Entspannungspraxis Kathrin Fischer', 'Zollikerstrasse 37, 8008 Zürich, Zürich'),
('f5cabf61-a778-4738-a354-2641be4e4780', 'Sandra', 'Zumstein', 'praxis@shiatsu-zumstein.ch', '076 329 34 12', 'Shiatsu-Zumstein', 'Suhrerstrasse 24, 5036 Oberentfelden, Aargau'),
('fbff9aeb-1c23-448e-b8a0-b18257adca1e', 'Greg', 'Madison', 'info@shieldtx.com', '043 508 07 81', 'Shield TX (Switzerland) AG', 'Sihleggstrasse 23, 8832 Wollerau, Schwyz'),
('973f2e2b-fd4f-4418-93bf-65f15a3a51f2', 'Reto', 'Schmidli', 'info@shiftyourself.ch', '079 296 48 21', 'Shiftyourself', 'Brauerstrasse 25, 9000 St. Gallen, St. Gallen'),
('495505b5-76f2-41f9-8c3f-60fee688b576', 'Shadi Rajab', 'Zadeh', 'info@shila-line.com', '079 648 96 21', 'Shila Line GmbH', 'Kuttelgasse 4, 8001 Zürich, Zürich'),
('967a1d0d-4b26-4821-84ce-599e58b3ed7b', 'Bernadette', 'Habermacher', 'bernadette.habermacher@bluewin.ch', '079 323 08 20', 'ShiMa Bernadette und Shuran Franz Habermacher', 'Halde, 6208 Oberkirch, Luzern'),
('ff073ddd-3100-4eaa-9faa-9f0819eb329b', 'Marco', 'Montagnolo', 'info@shimadzu.ch', '061 717 93 33', 'Shimadzu Schweiz GmbH', 'Hofackerstrasse 40b, 4132 Muttenz, Basel-Land'),
('092e2286-06be-4e29-9461-6f7424746301', 'Isabella', 'Leuenberger', 'leuenberger@shine-cosmetics.ch', '079 635 38 17', 'Shine Cosmetics', 'Hammerstrasse 44, 8008 Zürich, Zürich'),
('b78d3592-664a-4513-825b-8f5d9882e1c3', 'Karin', 'Facchini-Stauffer', 'coiffeur-shine-hair@outlook.com', '031 879 02 82', 'Shine Hair', 'Hauptstrasse 40, 3255 Rapperswil, Bern'),
('6271a36b-37fc-4107-843a-7cda195a74ba', 'Adriana Raquel', 'Venturi', 'infoshinereinigung@gmail.com', '079 172 71 54', 'Shine Reiningung', 'Oberzelgstrasse 5, 8618 Oetwil am See, Zürich'),
('287b1ddc-5c06-43da-8e72-4d2bced3b7a6', 'Natalie', 'Caccese', 'info@shine-stone.ch', '041 780 99 60', 'Shine Stone Caccese', 'Bösch 84, 6331 Hünenberg, Zug'),
('a1d2e52b-b5b9-4681-871e-73901b81c4dd', 'Nathalie', 'Andres', 'nathalie.andres@bluewin.ch', '078 602 80 85', 'Shine your Light', 'Asylweg 18, 3027 Bern, Bern'),
('eb747666-b03a-4dbe-8598-44e8b83f0295', 'Martin', 'Schlozer', 'info@martin-schlozer.ch', '061 701 55 40', 'Shingenki Dojo / Gesundheitspraxis Martin Schlozer', 'Birseckstrasse 99, 4144 Arlesheim, Basel-Land'),
('8904a8d9-16b0-411f-8033-c5c347049965', 'Cigdem', 'Ercan', 'info@shining-hair.ch', '061 302 17 77', 'Shining-Hair GmbH', 'Holeestrasse 160, 4054 Basel, Basel-Stadt'),
('c031d7ed-a014-4636-a8b2-52ec0aeab2ef', 'Barbara', 'Vogelbacher-Wüstefeld', 'barbara.vogelbacher@bluewin.ch', '079 779 49 24', 'Shin-So Shiatsu', 'Kelleräckerstrasse 44, 8967 Widen, Aargau'),
('651c88da-87d6-49f5-a345-9c088af2afff', 'Denson', 'Cunaj', 'kontakt@shiny-cleaning.ch', '076 607 22 21', 'Shiny Cleaning Cunaj', 'Rikonserstrasse 22, 8307 Effretikon, Zürich'),
('d0bee235-a638-423f-8036-23f83351ad88', 'Ronald', 'Perren', 'r.perren@shiptec.ch', '041 367 66 23', 'Shiptec AG', 'Werftestrasse 5, 6002 Luzern, Luzern'),
('55aefda8-ce2a-4134-acaa-819457d563c5', 'Marc', 'Griffone', 'info@shiraconsulting.ch', '044 500 98 80', 'SHIRA Consulting AG', 'Bahnhofstrasse 29, 8810 Horgen, Zürich'),
('77cb3635-8bdc-45fb-8326-e1e6ef6fea5c', 'Shawkat', 'Bachofner', 'info@shirazbarber.ch', '076 404 99 88', 'Shiraz Barber', 'Melchtalstrasse 19, 3014 Bern, Bern'),
('3b1817a4-1406-4d4b-8fee-e9c22def0f37', 'José', 'Rubino', 'info@shirthouse.ch', '033 225 12 25', 'Shirthouse AG', 'Glütschbachstrasse 2, 3661 Uetendorf, Bern'),
('0afba80c-c169-466a-bbf4-eab92fa723f1', 'Carmelo', 'Rivolta', 'info@shirtworld.ch', '061 322 33 33', 'Shirtworld Rivolta', 'Flughafenstrasse 24, 4056 Basel, Basel-Stadt'),
('1cf5e8c5-5ce7-4aaf-9900-cc411df8a961', 'Claudia', 'Göldi', 'claudia.goeldi@shiru.ch', '079 369 81 13', 'shiru advisors ag', 'Sonnenrain 24, 6416 Steinerberg, Schwyz'),
('3a4a98fc-587b-4cc3-b742-04a6f9016875', 'Stefan', 'Meile', 'kundenservice@shisha-koenig.ch', '052 368 30 13', 'Shisha-Koenig.ch - Hemag Nova AG', 'Steigstrasse 2, 8355 Aadorf, Thurgau'),
('75539180-71fb-42f0-bb0d-6d14fa91073b', 'Sandra', 'Schneider', 'info@shivarocks.com', '079 745 61 28', 'Shivarocks Yogaloft', 'Bildstrasse 2b, 9015 St. Gallen, St. Gallen'),
('9ad7e348-9dd2-4152-87c3-6def30d60652', 'Marc', 'Nydegger', 'info@shizuku.ch', '079 474 43 77', 'Shizuku GmbH', 'Englischviertelstrasse 63, 8032 Zürich, Zürich'),
('8306148f-465a-488a-b62c-76e9967e2ffb', 'Sadri', 'Mazrekaj', 'info@shlinstallationen.ch', '043 810 13 08', 'SHL Installationen GmbH', 'Ziegelhüttenweg 6, 8604 Volketswil, Zürich'),
('e0aa41a4-3878-44d9-83d0-bbaaab70d64a', 'Ulrich', 'Faessler', 'switzerland@shl-medical.com', '041 368 00 00', 'SHL Medical AG', 'Gubelstrasse 22, 6300 Zug, Zug'),
('7fe225e3-f436-4d56-a1c1-9cc74ea65294', 'Christa', 'Augsburger', 'christa.augsburger@shl.ch', '041 417 33 00', 'SHL Schweizerische Hotelfachschule Luzern', 'Adligenswilerstrasse 22, 6006 Luzern, Luzern'),
('6554d98f-9d94-4c46-82b8-6f476e67b0b7', 'Josef', 'Özmen', 'info@shlomo-baden.ch', '056 556 35 90', 'Shlomo Res'' Oriental', 'Gstühlplatz 3, 5400 Baden, Aargau'),
('ae60c619-2713-4e10-84a8-6eccfa1887cf', 'Yvan', 'Suter', 'info@shockwave-gym.ch', '026 495 33 33', 'SHOCKWAVE GYM GmbH', 'Hauptstrasse 32, 1713 St. Antoni, Fribourg/Freiburg'),
('279878fc-6c41-475f-aff7-969991b70e29', 'Marcel', 'Urech', 'marcelurech@hotmail.com', '043 355 53 62', 'Shôgen-Dôjo Zürich', 'Zollikerstrasse 269a, 8008 Zürich, Zürich'),
('8b0f894a-bd1a-4398-84b6-c55d84004743', 'Alicia', 'Antonietty', 'info@clickandcare.ch', '041 768 09 90', 'Shop Control AG, click&care', 'Zugerstrasse 77, 6340 Baar, Zug'),
('e68e08e1-7275-44bf-a93c-631ebb47b5e3', 'Peter', 'Hofstetter', 'info@gruppe-thurau.ch', '081 738 12 12', 'Shop Raststätte Thurau AG Zuzwil', 'Autobahnstrasse, 9524 Zuzwil, St. Gallen'),
('6479d73d-aa4a-40bb-ab58-d81de45b06e6', 'Josko', 'Vinkovic', 'info@shop-24.cc', '033 335 31 37', 'Shop-24.cc GmbH', 'Alpenstrasse 83a, 3627 Heimberg, Bern'),
('dd2df736-a6c1-4a0f-a366-c048ab31295b', 'Martin', 'Dornik', 'info@shophouse.ch', '041 450 31 06', 'Shophouse GmbH', 'Spitzackerstrasse 3, 8422 Pfungen, Zürich'),
('c7908fb0-ea8b-47c9-9c92-77739974e8bc', 'Richard', 'Gysler', 'apo-shoppispreitenbach@ovan.ch', '056 401 10 43', 'Shoppi Apotheke Spreitenbach', 'Shopping-Center 4, 8957 Spreitenbach, Aargau'),
('bf7f3d11-b85b-4fb8-8bd6-9317d29df432', 'Peter', 'Kaufmann', 'kontakt@shopping-trolley.ch', 'N.a.', 'shopping-trolley.ch - Kaufmann Trading', 'Industriestrasse 60b, 4144 Arlesheim, Basel-Land'),
('66a821c7-f3b0-4733-8af9-15ab02848be6', 'Thomas', 'Brunner', 'info@shopdeca.ch', '062 298 02 45', 'shopwork GmbH', 'Bachstrasse 38, 4654 Lostorf, Solothurn'),
('7d4d20d0-7b6f-419b-9a4e-1319cdaaba19', 'Andreas', 'Schlunegger', 'info@shotshop.ch', '062 922 99 27', 'Shot Shop AG', 'Käsereistrasse 1, 4900 Langenthal, Bern'),
('a06aeb35-450a-4545-82ac-f1f47cb5349f', 'Hans-Peter', 'Gysel', 'info@shouldcosting.com', '055 536 02 12', 'shouldcosting gmbh', 'Marktgasse 7, 8640 Rapperswil, St. Gallen'),
('f9f8a6d0-8ec8-47df-ae9c-351a215624e1', 'Armin', 'Sennrich', 'info@showcase.ch', '044 210 00 01', 'SHOWCASE GmbH', 'Duggelistrasse 34, 6330 Cham, Zug'),
('b06ab3b7-469b-49e1-8187-89f0dd1ba2a1', 'Felix', 'Brugger', 'felix.brugger@showmyproject.ch', '061 271 16 26', 'ShowMyProject Digital Agentur Basel', 'Steinengraben 18, 4051 Basel, Basel-Stadt'),
('8c27eb4c-8168-4e84-b5f2-9fcce3f16001', 'Christian', 'Häfliger', 'chris@showsupply.ch', '031 720 13 01', 'Showsupply GmbH', 'Moosstrasse 8a, 3322 Urtenen-Schönbühl, Bern'),
('9cc5df8d-f368-482d-ace5-fa2e5f8cee67', 'Morris', 'Calore', 'morris.calore@showtronic.com', '076 366 97 62', 'Showtronic Solutions AG', 'Am Dorfbach 2, 8308 Illnau, Zürich'),
('0695a8c5-be95-404b-99e9-9716b63ac670', 'Olivera', 'Ivkovic', 'shr-haarentfernung@bluewin.ch', '079 341 52 44', 'SHR Haarentfernung GmbH', 'Ullmannstrasse 18a, 9014 St. Gallen, St. Gallen'),
('5e650dec-e992-40a0-b447-1afb7dbd4201', 'Gianluca', 'Marongiu', 'info@shsacademy.ch', '079 751 87 41', 'SHS Academy AG', 'Bernastrasse 8, 3005 Bern, Bern'),
('cf80b06e-32e6-4bfd-bef7-9c6c537d93d3', 'Daniel', 'Hadorn', 'daniel.hadorn@shsarch.ch', '033 226 00 66', 'Shs Architekten AG', 'Kasernenstrasse 5, 3600 Thun, Bern'),
('3a68ac53-acda-4dff-8059-9ea65448e992', 'Peter', 'Feuz', 'p.feuz@shs-haustechnik.ch', '043 322 60 62', 'SHS Haustechnik AG', 'Sagistrasse 12, 8910 Affoltern am Albis, Zürich'),
('b716b1d4-a25d-4097-8c53-923440e722c7', 'Roland', 'Schwyter', 'info@shservice.ch', '079 672 88 05', 'SHS Schwyter Handwerk Service', 'Adetswilerstrasse 8, 8623 Wetzikon, Zürich'),
('7d329569-c0d1-4a47-82ea-57dda5711299', 'Daniel', 'Plancic', 'd.plancic@shsacademy.ch', '079 751 87 41', 'SHS Swiss Heating Solutions GmbH', 'Roosstrasse 53, 8832 Wollerau, Schwyz'),
('24253920-5589-4b51-bc3c-9b4c66092260', 'Patrick', 'Gächter', 'p.gaechter@sht-ing.team', '071 760 01 60', 'Sht Ingenieurteam AG', 'Montlingerstrasse 1, 9463 Oberriet, St. Gallen'),
('1a75339e-27de-4f7d-8119-3a19b6261ece', 'Daniel', 'Deutscher', 'daniel.deutscher@shtag.ch', '044 508 00 65', 'SHT Schweizerische Hotel Treuhand AG', 'Limmatquai 84, 8001 Zürich, Zürich'),
('00c2a039-9b4c-4cbf-8e35-897e1b792264', 'Anel', 'Hadzic', 'info@shtechnik.ch', '056 430 99 60', 'SH-Technik AG', 'Heimstrasse 27, 8953 Dietikon, Zürich'),
('01d47b1f-628d-44c0-86f1-287d1f4ab023', 'Hanspeter', 'Wöhrle', 'hp.woehrle@shuniya.ch', '079 473 40 88', 'Shuniya Kundalini Yoga und Traumatherapie', 'Turmgasse 8, 9000 St. Gallen, St. Gallen'),
('927da868-b636-4633-ac5b-40b1192a4153', 'Christian', 'Hosp', 'office@shw-invest.ch', '044 396 70 00', 'SHW Invest AG', 'Zollikerstrasse 114, 8702 Zollikon, Zürich'),
('429f385a-ebe3-4653-9294-bb770be3dcf3', 'Shaina', 'Knittel', 'info@shyandflo.ch', '044 251 19 00', 'Shy&Flo GmbH', 'Viaduktstrasse 61, 8005 Zürich, Zürich'),
('1adccac9-9768-403b-aabd-5ebe226b5e3f', 'Sheilina', 'Durrer', 'mail@shyoga.ch', '079 792 11 82', 'Shyoga', 'Stansstaderstrasse 26, 6370 Stans, Nidwalden'),
('b818fcc7-ccb6-436e-9d02-b0768b1aab1b', 'Stefan', 'Flühler', 's.fluehler@shz.ch', '055 451 60 40', 'Shz Gebäudetechnik AG', 'Sagenriet 9, 8853 Lachen, Schwyz'),
('0c5693c0-0e4d-4a63-b191-ae7ab8fbfb99', 'Joachim', 'Jack', 'info@si-14.com', 'N.a.', 'Si 14 AG c/o Landtwing Law AG', 'Baarerstrasse 11, 6300 Zug, Zug'),
('df71600f-da1e-44f8-b236-6a878160a1c8', 'Tilde', 'Salvati', 'info@si-casa.ch', '078 220 87 87', 'si casa - Salvati Immobilien GmbH', 'Schulhausweg 4a, 5406 Baden, Aargau'),
('42e4154a-3894-4391-b81e-f789bcc2741e', 'Ismail', 'Selimi', 'info@si-facility-services.ch', '079 847 83 32', 'SI Facility Services GmbH', 'Freiburgstrasse 524, 3172 Niederwangen b. Bern, Bern'),
('6c4ae438-3032-43c2-b6a0-c08963ee03d1', 'Sandra', 'Iten', 'info@latelierh19.ch', '079 454 45 70', 'SI Hair & Make-up GmbH', 'Habsburgerstrasse 19, 6003 Luzern, Luzern'),
('db8a3afd-139b-472c-aef4-3d9a34c0514c', 'Eugen', 'Nutz', 'info@simari.swiss', '079 761 61 25', 'Si Mari GmbH', 'Kantonstrasse 34, 6207 Nottwil, Luzern'),
('976be816-7b05-400c-9274-dcb4eec0fb05', 'Philipp', 'Rohner', 'info@siono.ch', '044 241 03 01', 'Si O No GmbH', 'Ankerstrasse 6, 8004 Zürich, Zürich'),
('a6732b86-8d78-42b0-a043-5812ab105e7d', 'Roman', 'Specogna', 'roman.specogna@specogna-immobilien.ch', '044 804 40 40', 'SI Specogna Immobilien AG', 'Verenagasse 4, 8302 Kloten, Zürich'),
('b86fb827-12c1-4024-ab4d-ef0178c1ea04', 'Jelenko', 'Lukic', 'info@sius-schweiz.ch', '061 381 44 44', 'Si Us (Schweiz) GmbH', 'Auf dem Wolf 10, 4052 Basel, Basel-Stadt'),
('74cf6c99-fe22-45bc-b1eb-e84da8c12f51', 'Alain', 'Schmid', 'sia.ch@sia-abrasives.com', '052 724 44 44', 'sia Abrasives Industries AG', 'Mühlewiesenstrasse 20, 8500 Frauenfeld, Thurgau'),
('2d14217c-8e4d-49ff-ab6c-b43a102e12af', 'Alex', 'Rauchenstein', 'info@s-i-a.ch', '055 617 28 70', 'SIA Funds AG', 'Alpenblickstrasse 25, 8853 Lachen, Schwyz'),
('01146535-0533-4609-a474-cb464620c1b7', 'Giovanni', 'Sia', 'media@sia-media.ch', '043 888 99 49', 'SIA MEDIA AG', 'Mosenstrasse 59, 8854 Galgenen, Schwyz'),
('c38bb779-2a08-4c37-96bf-24c7354eeed2', 'Thomas', 'Triulzi', 'mail@siaa-triulzi.ch', '076 547 01 84', 'Siaa. Triulzi GmbH', 'Gitschenstrasse 4, 6460 Altdorf, Uri'),
('4841bbd2-de8e-4732-b407-c1bf263c8d27', 'Markus', 'Schwendimann', 'info@siag-automobile.ch', '041 921 87 77', 'SIAG Automobile AG', 'Allmendstrasse 8, 6210 Sursee, Luzern'),
('047e2a7a-d6d3-47a7-94d7-25c796c635cc', 'Anselm', 'Sialm', 'info@sialm.ch', '081 947 54 34', 'Sialm AG Fleischtrocknerei', 'Via Foppas 28, 7186 Segnas, Graubünden'),
('69713695-0b76-4060-a876-6002f9addb49', 'Marco', 'Caluori', 'info@siamasiashop.ch', '043 477 88 70', 'Siam Asia Shop GmbH', 'Schönenbergstrasse 24, 8820 Wädenswil, Zürich'),
('d51257b9-cf18-41a1-a3e6-04d28e50503e', 'Somphet', 'Wanso', 'mail@siam-restaurant-takeaway.ch', '071 463 92 02', 'Siam Diamond Restaurant', 'Bankstrasse 2, 8590 Romanshorn, Thurgau'),
('82975b6f-ba7e-45c7-8315-7a8df8d60c34', 'Chawrit', 'Mahiphund', 'info@siamsquare.ch', '044 803 26 72', 'Siam Square Restaurant', 'Gerbegasse 6, 8302 Kloten, Zürich'),
('75dc46ef-8ef4-4381-8be0-834bbbab4c1f', 'Sumita', 'Gantenbein', 'siamthaicatering@gmail.com', '078 663 78 65', 'SIAM THAI CATERING by Sumita Gantenbein', 'Unterstüdtlistrsse 22, 9470 Buchs, St. Gallen'),
('b93a9a4a-e454-473b-aea1-034e84f74ffe', 'Phakom', 'Linsri', 'info@siam-thaigarden.ch', '033 438 19 38', 'Siam Thaigarden', 'Bernstrasse 309, 3627 Heimberg, Bern'),
('8b2d2351-ecf9-42f8-8db3-69ef4bc0dcdb', 'Siamak', 'Shahneshin', 'info@siamak.ch', '044 251 70 88', 'Siamak - Living Architecture', 'Weite Gasse 4, 8001 Zürich, Zürich'),
('7c1a3b9b-8b70-47a1-81f2-309e2645a185', 'Somsiri', 'Rüegsegger', 'mail@siamblossom.ch', '044 747 55 17', 'Siamblossom GmbH', 'Steinhaldenring 8b, 8954 Geroldswil, Zürich'),
('ed56578e-a9aa-4d25-85cd-8cf90f18bc03', 'Ahron', 'Siani', 'sf@siani-food.com', '031 711 44 77', 'Siani Food', 'Sandackerweg 8, 3363 Oberönz, Bern'),
('610219a0-b94e-4e38-97e5-f2e8844b9d14', 'Cornelia', 'Schneebeli-Kilic', 'info@sib-immo.ch', '044 761 65 22', 'SIB Schneebeli Immobilien Beratungen GmbH', 'Wiesengrundstrasse 6, 8910 Affoltern am Albis, Zürich'),
('dff49c3c-f0d9-4d65-abda-e8bb283d0b3b', 'Michel', 'Vinzens', 'info@sib.ch', '043 322 26 66', 'SIB Schweizerisches Institut für Betriebsökonomie AG', 'Lagerstrasse 5, 8004 Zürich, Zürich'),
('0894367f-a9a6-49c5-ab38-92344e718928', 'Alexander', 'Beck', 'a.beck@sibalco.ch', '061 264 10 10', 'Sibalco AG', 'Birmannsgasse 8, 4055 Basel, Basel-Stadt'),
('b14ae0fc-cbc2-45c6-a3e7-06bcfa2962e7', 'Dominic', 'Menzi', 'dominic.menzi@sibatec.ch', '055 253 00 33', 'SIBATEC AG', 'Sennweidstrasse 1d, 8608 Bubikon, Zürich'),
('4762ef51-972c-45ff-b991-1a8ee5ac157a', 'Markus', 'Bauer', 'kontakt@sibatron.com', '052 720 88 22', 'Sibatron AG', 'Hungerbüelstrasse 12a, 8500 Frauenfeld, Thurgau'),
('1a0ff34a-574f-4651-abe4-2b7d7be0a209', 'Ives', 'Hagmann', 'info@sibe20.ch', '079 645 54 45', 'sibe20 Ives Hagmann', 'Zelgweg 5, 3110 Münsingen, Bern'),
('e57c6b3b-4c8d-40e0-a2e1-f91fb572ddfa', 'Andreas', 'Stucki', 'aathal@siber-siber.ch', '044 932 14 33', 'Siber + Siber AG', 'Zürichstrasse 50, 8607 Aathal-Seegräben, Zürich'),
('9d685036-d3b4-46f1-9326-20a74160e166', 'Hekuran', 'Avdili', 'hekuran@sibe-siech.ch', '044 885 58 88', 'SibeSiech GmbH', 'Adlikerstrasse 255, 8105 Regensdorf, Zürich'),
('12e2a45b-2ce8-485a-899b-c5b3b36845de', 'Sibilla', 'Lang', 'cranio@sibilla-lang.ch', '043 300 33 30', 'Sibilla Lang Craniosacral Therapie', 'Badgasse 3, 8400 Winterthur, Zürich'),
('7746934e-0fda-436f-bec6-5aecacb77da5', 'Hans', 'Fischer', 'info@sibirgroup.ch', '044 755 73 00', 'SIBIRGroup AG', 'Bahnhofstrasse 134, 8957 Spreitenbach, Aargau'),
('f49cb560-5db2-4a57-a2a2-98d0b189da7b', 'Uli', 'Wiesendanger', 'sibler@sibler.com', '044 211 55 50', 'Sibler AG', 'Münsterhof 16, 8001 Zürich, Zürich'),
('57209a64-97a3-4e9e-bb54-ddca7a04ee7f', 'Flavio', 'Sibold', 'flavio.sibold@siboldag.ch', '044 391 61 94', 'Sibold AG', 'Im Ziel 27, 8125 Zollikerberg, Zürich'),
('09b11a8e-1b42-463d-b5b0-9229055af0e6', 'Prenk', 'Gjokaj', 'info@sibold.ch', '056 441 82 00', 'Sibold Haustechnik Brugg AG', 'Wildischachenstrasse 36, 5200 Brugg, Aargau'),
('8a80ea43-304f-4635-8890-25426d81682f', 'Sybille', 'Habermacher', 'info@sibu-reinigungen.ch', '076 378 10 75', 'SIBU Reinigungen aller Art GmbH', 'Grünaustrasse 1, 5737 Menziken, Aargau'),
('27d184eb-4d1d-4169-b120-affbe2e326a4', 'Sibylle', 'Brüngger', 'info@sibyllebruengger.ch', '078 910 15 80', 'Sibylle Brüngger Keramik', 'Auwisstrasse 21, 8493 Saland, Zürich'),
('388af663-0451-4f90-b1ed-e204cb998cc7', 'Sibylle', 'Coray', 'coray.sibylle@gmail.com', '078 856 11 81', 'Sibylle Coray', 'Via Sutvi 2, 7141 Luven, Graubünden'),
('0190bf7c-2ab2-4f13-9dc3-aa0005acb68e', 'Sibylle', 'Kaelin', 'sk@sibyllekaelin.ch', '079 404 61 04', 'SIBYLLE KAELIN INTERIORS', 'Grubenstrasse 45, 8045 Zürich, Zürich'),
('188b8abf-291c-4f99-92b6-c1ef80784dd7', 'Georg', 'Schilli', 'contact.switzerland@sic-invent.com', '061 260 24 60', 'SIC invent AG', 'Birmannsgasse 3, 4055 Basel, Basel-Stadt'),
('746c331c-0fd6-47ff-9e07-c4f4b1922c8e', 'Roland', 'Sicher', 'elektrosicherheit@bluewin.ch', '041 620 61 71', 'Sicher Elektrokontroll', 'Obgassweg 6, 6374 Buochs, Nidwalden'),
('6ac695aa-6cbd-41fc-a4a3-514e376cbd76', 'Fabio', 'Sicher', 'fabio@sichermetallplan.ch', '079 555 36 29', 'Sicher Metallplan GmbH', 'Seilergasse 4, 6460 Altdorf, Uri'),
('30666303-4004-455c-b00b-0ba58df295d5', 'Reto', 'Schätti', 'info@sichersatt.ch', '055 246 36 87', 'SicherSatt AG', 'Neuwiesstrasse 6, 8636 Wald, Zürich'),
('2448bb92-e48e-4b4f-850f-ddb1afc5401c', 'Philipp', 'Penelas', 'info@restaurantlemon.ch', '056 200 18 14', 'SichtBar Baden', 'Haselstrasse 17, 5400 Baden, Aargau'),
('5b59aeb6-5692-49ce-92f2-b3986d43048f', 'Karin', 'Hochuli', 'info@sichtbar-kosmetik.ch', '079 273 14 34', 'Sichtbar Kosmetik', 'Klostermatte 8, 5522 Tägerig, Aargau'),
('fa9cb236-df60-48dd-be83-f49d369c271c', 'René', 'Petry', 'info@sichtbar.ag', '044 516 50 55', 'Sichtbar Online Marketing AG', 'Ueberlandstrasse 109, 8600 Dübendorf, Zürich'),
('fc85df50-7e37-4249-867c-3f340e5677da', 'Kai', 'Gualeni', 'info@seebuebegrill.ch', '079 461 10 82', 'SichtBar Uetikon am See', 'Seestrasse 102, 8707 Uetikon am See, Zürich'),
('761e43af-a39a-4548-997f-9c2880cf377b', 'David', 'Oreiro', 'info@sichtfeld.ch', '076 319 39 06', 'Sichtfeld GmbH', 'Ritterquai 8, 4500 Solothurn, Solothurn'),
('e47879da-0dfb-4596-b88f-642276a09b5e', 'Yvonne', 'Gisin', 'info@sicking.ch', '033 744 40 50', 'Sicking Immobilien und Treuhand AG', 'Chalet Madora, 3780 Gstaad, Bern'),
('ca80006d-6ac0-4dd5-87ed-2aef19915dd1', 'Tabea', 'Gamper', 'tg@si-claro.ch', '071 571 86 11', 'Siclaro AG', 'Vadianstrasse 13, 9000 St. Gallen, St. Gallen'),
('8b1c4d43-7e17-401b-95df-0a3426ef2fc0', 'Daniel', 'Willa', 'daniel.willa@sicoag.ch', '027 922 09 02', 'Sico Bauelemente AG', 'Kantonsstrasse 350, 3900 Brig, Wallis/Valais'),
('7d8ba23e-ea11-4cd1-8258-73360b1a5d25', 'Markus', 'Suppiger', 'info@sicotech.ch', '041 449 50 90', 'SICOTECH Agri GmbH', 'Gibelflühstrasse 3, 6275 Ballwil, Luzern'),
('a48f8aea-c2cd-485a-a13a-e89fbe60aaab', 'Alexander', 'Huber', 'alexander.huber@sicovend.ch', '052 354 80 16', 'Sicovend AG', 'Alte Poststrasse 1, 8310 Kemptthal, Zürich'),
('22816a2f-4204-4923-875e-ce8bed8a265d', 'Adrian', 'Durrer', 'adrian.durrer@sicurocentral.ch', '041 249 66 00', 'SicuroCentral AG', 'Täschmattstrasse 2, 6015 Luzern, Luzern'),
('b161ef4f-f50e-4d50-a31f-2579a8f4860e', 'Christine', 'Böckel', 'info@sicilia-ch.com', '071 644 99 88', 'SIDAG AG', 'Weinmoosstrasse 7-9, 8583 Sulgen, Thurgau'),
('20bdcef0-bc49-4158-a168-b86a3626cdd9', 'Hans Ulrich', 'Ramseier', 'center.zuerich@siddhayoga.ch', '079 170 14 75', 'Siddha Yoga Schweiz', 'Tobelhofstrasse 21, 8044 Zürich, Zürich'),
('142c334b-c12b-4926-a793-f99e46ad5951', 'Mark', 'Huber', 'info@pandasup.swiss', '026 412 10 58', 'Side Cut Sports AG', 'Gypsera 223, 1716 Schwarzsee, Fribourg/Freiburg'),
('d8d3c312-e14b-4c2f-8b6c-e72da6acdba3', 'Heidi', 'Moser', 'heidi.moser@sidefyn-cosmetics.ch', '031 381 23 20', 'Sidefyn Cosmetics AG', 'Talgut-Zentrum 7, 3063 Ittigen, Bern'),
('0cb5c217-d5a1-4ece-9da1-86fe1d950a60', 'Tristan', 'Rutishauser', 'tr.rutishauser@bluewin.ch', '071 695 16 51', 'Sidehof', 'Sidehof 380, 8594 Güttingen, Thurgau'),
('b6a54738-1948-4bc0-9cf0-b418b8daf474', 'Carmela', 'Tschenett', 'info@sidelen-huette.ch', '041 887 02 33', 'Sidelenhütte', '6491 Realp, Uri'),
('8db2626d-b51b-47e0-9c84-e02d5f7381f7', 'Ralf', 'Künzler', 'ralf.kuenzler@sidenzia.ch', '043 233 62 01', 'Sidenzia AG', 'Neugutstrasse 6, 8304 Wallisellen, Zürich'),
('f3230bae-9841-46db-a4b7-0cd4e72fe385', 'Dominik', 'Tschümperlin', 'info@sideron.ch', '076 541 76 92', 'SIDERON GmbH', 'Bahnhofstrasse 29, 6430 Schwyz, Schwyz'),
('b72ec954-b105-42f3-9a65-79b60c086e79', 'Mahmud', 'Akbar', 'info@sidler-ag.ch', '062 922 53 57', 'Sidler AG Langenthal', 'Talstrasse 35, 4900 Langenthal, Bern'),
('af0140f3-5260-4b37-8e02-ef28a6bfbfe1', 'René', 'Sidler', 'baden@sidler-architekten.ch', '056 222 66 13', 'Sidler Architekten AG', 'Bahnhofstrasse 8, 5400 Baden, Aargau'),
('e26be1bd-2641-45d9-b5db-38a7dc8975f0', 'Conrad', 'Sidler', 'conrad.sidler@sidlerarchitektur.ch', '079 670 15 93', 'Sidler Architektur GmbH', 'Goldgasse 19, 4710 Balsthal, Solothurn'),
('c6137a60-03c7-4c65-8a5d-35a0af418eda', 'Michael', 'Sidler', 'info@sidler-baumanagement.ch', '041 783 09 09', 'Sidler Baumanagement GmbH', 'Seeblick 1, 6330 Cham, Zug'),
('9875a963-d56f-4282-bd71-772ca4dd620e', 'Marcel', 'Gasser', 'druck@sidlerdruck.ch', '041 790 22 47', 'Sidler Druck GmbH', 'Neustadtstrasse 26, 6003 Luzern, Luzern'),
('99053149-2b09-448c-8547-23cebf2873db', 'Mathias', 'Epp', 'info@sidler-epp.ch', '041 910 00 62', 'Sidler Epp Torbau AG', 'Hohenrainstrasse 52, 6280 Hochdorf, Luzern'),
('47428d10-14ce-4bd3-9695-53e10a7eb8cd', 'Ernst', 'Sidler', 'info@sidler-holzbau.ch', '032 377 11 38', 'Sidler Holzbau AG', 'Konsumweg 3, 2542 Pieterlen, Bern'),
('cde44cf5-a928-4b6c-80aa-fff87282ea1a', 'Hans Ulrich', 'Sidler', 'info@sidler-innenausbau.ch', '044 764 13 11', 'Sidler Innenausbau AG', 'Jonenbachstrasse 30, 8911 Rifferswil, Zürich'),
('e34932f4-c211-4aae-91be-a2680cbc073a', 'Daniel', 'Keller', 'info@sidler.swiss', '071 466 90 10', 'Sidler Metallwaren AG', 'Hofstrasse 42, 8590 Romanshorn, Thurgau'),
('cc73dbd4-93e8-4121-ab8f-d75e0a9ed737', 'Armin', 'Zollinger', 'info@sidlersanitaer.ch', '044 372 02 72', 'Sidler Sanitär GmbH', 'Mühlackerstrasse 122, 8046 Zürich, Zürich'),
('ac08e559-b77a-4a08-8ebc-4d1f7fe0f27a', 'Hans', 'Sidler', 'h.sidler@sidler-treuhand.ch', '071 672 55 33', 'Sidler Treuhand AG', 'Allestrasse 20, 8590 Romanshorn, Thurgau'),
('b4928b1c-8c41-4c65-8332-de52447d349c', 'Hans', 'Sidler', 'info@sidlerzug.ch', '041 711 25 65', 'Sidler Zug AG', 'Artherstrasse 131, 6317 Oberwil b. Zug, Zug'),
('51b1a2cc-316e-4c70-bfd9-1f291adf0b37', 'Robert', 'Sidler', 'robert.sidler@sidler-bauernhof.ch', '044 701 10 36', 'Sidler''s Hofladen', 'Hofstetterweidweg 33, 8143 Stallikon, Zürich'),
('393c9a33-d654-43ad-9120-295b65d607f1', 'Jakob', 'Sidler', 'info@sidlers-neuhof.ch', '041 787 11 46', 'Sidlers-Neuhof', 'Neuhof 1, 5643 Sins, Aargau'),
('836860b7-5425-46fb-a6f0-2d7b67f3a617', 'Patrick', 'Krismer', 'patrick.krismer@sidmar.ch', '044 500 37 82', 'Sidmar AG', 'Esslingerstrasse 32, 8617 Mönchaltorf, Zürich'),
('2b1ecb7d-f81c-4d48-ae51-1636780aabd4', 'Marc', 'Denker', 'produktech@sidroga.com', '061 875 00 75', 'Sidroga AG', 'Weidenweg 15, 4310 Rheinfelden, Aargau'),
('62213759-887f-40e1-aa96-72e35816e563', 'André', 'Schretter', 'kontakt@sidus2.ch', '031 318 70 70', 'sidus advanced partners AG', 'Kapellenstrasse 5, 3001 Bern, Bern'),
('75e8759a-ecaf-4133-a8e4-0408edfac18c', 'Stefan', 'Schüpbach', 'st.schuepbach@sidus.ch', '032 389 26 10', 'Sidus Treuhand AG', 'Bernstrasse 30, 3250 Lyss, Bern'),
('e71ee8c5-a745-46df-8e9b-6513dcd0cdfc', 'Renate', 'Burkhardt', 'sie_er@bluewin.ch', '079 323 49 22', 'Sie und Er Maler GmbH', 'Kreuzstrasse 22, 4600 Olten, Solothurn'),
('5a276544-2fa0-4be4-bd88-d40bc4780264', 'Kuno', 'Auf der Maur', 'kuno@siebart.ch', '041 810 25 41', 'Siebart, Kuno Auf der Maur', 'Fliederweg 6, 6438 Ibach, Schwyz'),
('e10b144b-e04f-488b-9453-386454dcb31b', 'Erika', 'Wyrsch Stöckli', 'info@siebaut.ch', '079 776 90 26', 'Siebaut GmbH', 'Pilatusweg 5, 6374 Buochs, Nidwalden'),
('4537725b-78da-4ef2-b8a5-c9e19c457565', 'Adrian', 'Hostettler', 'info@sieb-druck.ch', '077 512 42 93', 'siebdruck adrian hostettler', 'Krauchthalstrasse 16, 3414 Oberburg, Bern'),
('a777238b-166f-4ca1-8fcc-16a62153fa01', 'Simon', 'Bachmann', 'info@bachmann-textildruck.ch', '062 797 22 80', 'Siebdruck Bachmann AG', 'Unterführungsstrasse 3, 5745 Safenwil, Aargau'),
('785f1ec7-3104-49c5-9ecc-11591fb4b019', 'Jacqueline', 'Feller', 'info@siebdruckerei-stockhorn.ch', '033 341 00 12', 'Siebdruckerei Stockhorn Jacqueline Feller', 'Hofallmendweg 3, 3631 Höfen b. Thun, Bern'),
('8e6f0393-d8f2-45b2-9536-1a357136fc0d', 'Ivan', 'Louis', 'info@siebenberge.com', 'N.a.', 'siebenberge gmbh', 'Toggenburgerstrasse 29, 9652 Neu St. Johann, St. Gallen'),
('b17a2435-b16f-4cad-9281-f5167db8b7ac', 'Tobias', 'Liechti', 'tobias.liechti@sieberliechti.ch', '056 203 40 33', 'Sieber & Liechti GmbH', 'Limmatauweg 9, 5408 Ennetbaden, Aargau'),
('f2395695-b1bd-4229-8c19-42d9c0181bbe', 'Peter', 'Sieber', 'info@sieber-architektur.ch', '052 238 33 33', 'Sieber Architektur', 'Mühlestrasse 5, 8400 Winterthur, Zürich'),
('83ca7013-0dbf-4dee-b331-f67e8b4707ab', 'Rafael', 'Schuler', 'rafael.schuler@scpag.ch', '043 888 03 38', 'Sieber Cassina + Partner AG', 'Roosstrasse 53, 8832 Wollerau, Schwyz'),
('d7913bdb-c593-4bc0-b19e-750502552516', 'Hans-Jürg', 'Aeschlimann', 'hj.aeschlimann@sieber-holzbau.ch', '079 222 72 78', 'Sieber Holzbau AG Utzigen', 'Radelfingenstrasse 126, 3068 Utzigen, Bern'),
('dff3f37f-c710-4226-8f47-ab7b70843d25', 'Marcel', 'Sieber', 'info@malersieber.ch', '079 329 07 30', 'Sieber Ihr Kundenmaler mit Pfiff GmbH', 'Kornfeldstrasse 15, 4565 Recherswil, Solothurn'),
('d9cfcb40-ca2d-498c-82dd-7147b038132c', 'Robert', 'Sieber', 'basel@sieber-kieferortho.ch', '061 225 99 66', 'Sieber Kieferorthopädie AG', 'Steinenring 58, 4051 Basel, Basel-Stadt'),
('c4cd6918-e10c-4639-a2e4-90dc0cee4157', 'Rolf', 'Sieber', 'info@siebergarten.ch', '044 710 81 81', 'Sieber naturnaher Gartenbau GmbH', 'Webereistrasse 69, 8134 Adliswil, Zürich'),
('1862ec0c-bc71-4a80-aff9-936b86ef154d', 'Wilhelm', 'Sieber', 'sieber.parkettgeschaeft@bluewin.ch', '044 984 25 34', 'Sieber Parkettgeschäft AG', 'Flurstrasse 6, 8132 Egg b. Zürich, Zürich');

INSERT INTO leads (id, contact_id, source, status, value, notes) VALUES
('41256ed0-118b-4e2b-8b7f-9248246aa431', 'e0a636f2-a189-4f9d-af42-4db13b2c5d7c', 'KALTAKQUISE', 'ACTIVE', 0, 'Funktion: Geschäftsführer/in (CEO) | Mitarbeiter: 1 bis 10 | Branche: Atem- Meditation- & Yogacenter'),
('7b902a54-a9ba-4cf7-8309-4fe595dedca2', 'f3f1c19b-f603-4048-b8af-de215834f83e', 'KALTAKQUISE', 'ACTIVE', 0, 'Funktion: Geschäftsführer/in (CEO) | Mitarbeiter: 1 bis 10 | Branche: Atem- Meditation- & Yogacenter'),
('5d7623b8-ef91-444b-af05-4742f003c238', '7b1b404b-9bda-4831-9f0e-4a77a11f69a4', 'KALTAKQUISE', 'ACTIVE', 0, 'Funktion: Geschäftsführer/in (CEO) | Mitarbeiter: 1 bis 10 | Branche: Atem- Meditation- & Yogacenter'),
('8ece4365-b7a5-45fe-8d1b-2a85e4e4412a', '7f366292-9e36-4976-87a7-07e9b6d4dbe1', 'KALTAKQUISE', 'ACTIVE', 0, 'Funktion: Geschäftsführer/in (CEO) | Mitarbeiter: 1 bis 10 | Branche: Atem- Meditation- & Yogacenter'),
('76129b6c-5abb-4e67-a2b3-7d303a6dfbe9', '6c6db4a4-558a-42a9-a567-e0f61d258b58', 'KALTAKQUISE', 'ACTIVE', 0, 'Funktion: Geschäftsführer/in (CEO) | Mitarbeiter: 1 bis 10 | Branche: Atem- Meditation- & Yogacenter'),
('9c20e605-1972-4b35-adea-8a5dac8a209c', '3a759d6d-939e-441b-b7d2-e4727b91cca7', 'KALTAKQUISE', 'ACTIVE', 0, 'Funktion: Geschäftsführer/in (CEO) | Mitarbeiter: 1 bis 10 | Branche: Atem- Meditation- & Yogacenter'),
('1a2e0f82-8b80-49a6-bd0d-47ba0d8ebb3f', '84aa9fc1-a383-454f-899a-8e9680d13edb', 'KALTAKQUISE', 'ACTIVE', 0, 'Funktion: Geschäftsführer/in (CEO) | Mitarbeiter: 1 bis 10 | Branche: Atem- Meditation- & Yogacenter'),
('cd3a53e3-01b1-47ae-b3e5-71b24d9181a2', 'e872ff2c-0171-4b82-8f46-1e08ac162332', 'KALTAKQUISE', 'ACTIVE', 0, 'Funktion: Geschäftsführer/in (CEO) | Mitarbeiter: 1 bis 10 | Branche: Atem- Meditation- & Yogacenter'),
('f35d7221-b478-4e40-bf6c-7f360f1172a6', 'd863070b-189b-4921-9d3a-508130307895', 'KALTAKQUISE', 'ACTIVE', 0, 'Funktion: Geschäftsführer/in (CEO) | Mitarbeiter: 1 bis 10 | Branche: Atem- Meditation- & Yogacenter'),
('ddb54d8b-19fd-4650-9782-6875cfc0fc86', '60beed05-118d-4815-a8e9-6bb17b778621', 'KALTAKQUISE', 'ACTIVE', 0, 'Funktion: Geschäftsführer/in (CEO) | Mitarbeiter: 1 bis 10 | Branche: Atem- Meditation- & Yogacenter'),
('e40df793-a7c7-46e3-a069-503de23cee04', '4bde6d65-3d1d-4b85-874e-06cfb7fb3688', 'KALTAKQUISE', 'ACTIVE', 0, 'Funktion: Geschäftsführer/in (CEO) | Mitarbeiter: 1 bis 10 | Branche: Atem- Meditation- & Yogacenter'),
('d96d178e-0b02-450b-a19f-bcc05009ab8e', 'd210a5c3-bc1d-4fff-9f54-521612106fb8', 'KALTAKQUISE', 'ACTIVE', 0, 'Funktion: Geschäftsführer/in (CEO) | Mitarbeiter: 1 bis 10 | Branche: Atem- Meditation- & Yogacenter'),
('ae1d3b84-5f23-4df2-b761-5a497e5678e7', '21be56c1-3b58-40ba-bc06-2304a36b0333', 'KALTAKQUISE', 'ACTIVE', 0, 'Funktion: Geschäftsführer/in (CEO) | Mitarbeiter: 1 bis 10 | Branche: Atem- Meditation- & Yogacenter'),
('3bca6682-f06b-455b-ae8f-a3b459489ff4', '3e472634-87eb-4972-bc86-0f7cd25e224b', 'KALTAKQUISE', 'ACTIVE', 0, 'Funktion: Geschäftsführer/in (CEO) | Mitarbeiter: 1 bis 10 | Branche: Naturheilpraxen'),
('ebb7970e-5da9-4732-9015-cf4c0f45b52d', 'd7d73d32-eb1b-4b93-a857-23abec7a43f2', 'KALTAKQUISE', 'ACTIVE', 0, 'Funktion: Geschäftsführer/in (CEO) | Mitarbeiter: 1 bis 10 | Branche: Atem- Meditation- & Yogacenter'),
('c0724a96-6cfe-496a-a212-38d62a1c737d', 'ca1fa854-1e0b-4f38-b577-16295f41755b', 'KALTAKQUISE', 'ACTIVE', 0, 'Funktion: Geschäftsführer/in (CEO) | Mitarbeiter: 1 bis 10 | Branche: Atem- Meditation- & Yogacenter'),
('0ea5e342-41cc-4e46-a4f5-8b423fbc7c65', '299c1457-b77b-4228-8a2e-b2c1ae33dd7f', 'KALTAKQUISE', 'ACTIVE', 0, 'Funktion: Geschäftsführer/in (CEO) | Mitarbeiter: 1 bis 10 | Branche: Atem- Meditation- & Yogacenter'),
('fca19838-64f7-4253-a4d7-f0210de1b2b9', '64b06379-0f69-4c5d-979b-db967c3092cc', 'KALTAKQUISE', 'ACTIVE', 0, 'Funktion: Geschäftsführer/in (CEO) | Mitarbeiter: 1 bis 10 | Branche: Physiotherapie / Naturheilpraxen'),
('7610b886-998f-406a-9db5-3c7fb93a0d04', 'a0021ff9-84b7-4acc-8d89-3237e0d1dc68', 'KALTAKQUISE', 'ACTIVE', 0, 'Funktion: Geschäftsführer/in (CEO) | Mitarbeiter: 1 bis 10 | Branche: Atem- Meditation- & Yogacenter / Naturheilpraxen'),
('97ff8d82-3abf-4348-ba83-ab88cac69d57', 'e5397269-0c6c-49a1-acd5-73d9d453e537', 'KALTAKQUISE', 'ACTIVE', 0, 'Funktion: Geschäftsführer/in (CEO) | Mitarbeiter: 1 bis 10 | Branche: Atem- Meditation- & Yogacenter'),
('778f83e0-f2c7-4664-9bfd-c3277d7c2c0a', 'c792e533-a465-422b-9bff-4b3ade7dd59a', 'KALTAKQUISE', 'ACTIVE', 0, 'Funktion: Geschäftsführer/in (CEO) | Mitarbeiter: 1 bis 10 | Branche: Atem- Meditation- & Yogacenter'),
('b1bd1e57-a17d-4810-a47b-51b6c17b6e3b', '2b79582c-681e-4c4b-85d6-7516238eb5f0', 'KALTAKQUISE', 'ACTIVE', 0, 'Funktion: Geschäftsführer/in (CEO) | Mitarbeiter: 1 bis 10 | Branche: Atem- Meditation- & Yogacenter'),
('96dc7855-7424-411f-9567-90f8ef338766', '17be9de6-f493-43ba-946f-2d2358b772d7', 'KALTAKQUISE', 'ACTIVE', 0, 'Funktion: Geschäftsführer/in (CEO) | Mitarbeiter: 1 bis 10 | Branche: Atem- Meditation- & Yogacenter'),
('944c2161-e061-448e-95c7-6462aa59337a', '197b0857-9acb-432c-8622-79d919b8e8eb', 'KALTAKQUISE', 'ACTIVE', 0, 'Funktion: Geschäftsführer/in (CEO) | Mitarbeiter: 1 bis 10 | Branche: Atem- Meditation- & Yogacenter'),
('f44e5e68-02fa-40ac-bb63-8d20115104aa', '633ba605-6550-42fe-abc2-8566e36a4f7a', 'KALTAKQUISE', 'ACTIVE', 0, 'Funktion: Geschäftsführer/in (CEO) | Mitarbeiter: 1 bis 10 | Branche: Atem- Meditation- & Yogacenter'),
('d462f034-55ef-4296-ab15-cdcf75dcabc0', '25a1854b-da3f-44ae-b648-cfce2064146e', 'KALTAKQUISE', 'ACTIVE', 0, 'Funktion: Geschäftsführer/in (CEO) | Mitarbeiter: 1 bis 10 | Branche: Atem- Meditation- & Yogacenter'),
('ed1ea317-9846-401c-a7d9-eab3ccb67ea5', '19bd93d4-700a-484e-acd5-7db1597eae72', 'KALTAKQUISE', 'ACTIVE', 0, 'Funktion: Geschäftsführer/in (CEO) | Mitarbeiter: 1 bis 10 | Branche: Atem- Meditation- & Yogacenter'),
('a76b15a7-cee8-420b-b078-23290c66da30', '6905c759-8cca-46d4-8795-b1e6999626b3', 'KALTAKQUISE', 'ACTIVE', 0, 'Funktion: Geschäftsführer/in (CEO) | Mitarbeiter: 1 bis 10 | Branche: Atem- Meditation- & Yogacenter'),
('c2d5d979-1e6e-4d0d-a6cb-9bd069026176', 'fa1fe9b5-e921-461e-9682-3e2d018cc537', 'KALTAKQUISE', 'ACTIVE', 0, 'Funktion: Geschäftsführer/in (CEO) | Mitarbeiter: 1 bis 10 | Branche: Atem- Meditation- & Yogacenter'),
('48d1b5ed-b8a4-4004-8b18-939dcb6b0311', '11a1ad8f-901d-4d21-9a64-18cd75e58558', 'KALTAKQUISE', 'ACTIVE', 0, 'Funktion: Geschäftsführer/in (CEO) | Mitarbeiter: 1 bis 10 | Branche: Atem- Meditation- & Yogacenter'),
('9778a6af-724b-4ade-b545-82be5a7025ae', 'a07b74ea-e7dd-49a0-8479-2e188a3119cd', 'KALTAKQUISE', 'ACTIVE', 0, 'Funktion: Geschäftsführer/in (CEO) | Mitarbeiter: 1 bis 10 | Branche: Atem- Meditation- & Yogacenter'),
('da9baec9-6e95-473f-b999-fad681fc7342', 'fcdbdd71-31f8-4e8e-beeb-0b74acdd14ad', 'KALTAKQUISE', 'ACTIVE', 0, 'Funktion: Geschäftsführer/in (CEO) | Mitarbeiter: 1 bis 10 | Branche: Atem- Meditation- & Yogacenter'),
('2695a507-b670-4409-94ae-bf3d7f39f249', '12742684-d69c-4594-a5ae-b8ca07f9fb69', 'KALTAKQUISE', 'ACTIVE', 0, 'Funktion: Geschäftsführer/in (CEO) | Mitarbeiter: 1 bis 10 | Branche: Atem- Meditation- & Yogacenter / Naturheilpraxen'),
('20361733-2539-42b7-8c9f-c4ebb34144ec', 'f13e1e75-45fd-43af-a16e-26572a914e78', 'KALTAKQUISE', 'ACTIVE', 0, 'Funktion: Geschäftsführer/in (CEO) | Mitarbeiter: 1 bis 10 | Branche: Atem- Meditation- & Yogacenter'),
('96743438-a3fd-4507-9ccd-15db08a0c7bf', '4fc61061-7246-49aa-960e-772959005888', 'KALTAKQUISE', 'ACTIVE', 0, 'Funktion: Geschäftsführer/in (CEO) | Mitarbeiter: 1 bis 10 | Branche: Atem- Meditation- & Yogacenter'),
('b7ec3ac8-3d15-4956-80c0-1b7eb170f376', '38f407aa-0f43-4030-b27e-33ec2db69709', 'KALTAKQUISE', 'ACTIVE', 0, 'Funktion: Geschäftsführer/in (CEO) | Mitarbeiter: 1 bis 10 | Branche: Atem- Meditation- & Yogacenter / Naturheilpraxen'),
('e7b94a27-209f-45a3-aebd-43979177618a', '711de740-eb96-4cdc-a48f-83ae3c3c5c45', 'KALTAKQUISE', 'ACTIVE', 0, 'Funktion: Geschäftsführer/in (CEO) | Mitarbeiter: 1 bis 10 | Branche: Atem- Meditation- & Yogacenter'),
('b283e8ae-d466-4c91-8a49-1f64f4bf2158', '6e86a5e7-08d2-4ddd-85df-9a2cb4e0d253', 'KALTAKQUISE', 'ACTIVE', 0, 'Funktion: Geschäftsführer/in (CEO) | Mitarbeiter: 1 bis 10 | Branche: Atem- Meditation- & Yogacenter / Naturheilpraxen'),
('d14bba57-0cf2-42dc-add6-c7a76929bf53', '6fabd3a8-fdd7-4fed-aacd-fb18d77807a6', 'KALTAKQUISE', 'ACTIVE', 0, 'Funktion: Geschäftsführer/in (CEO) | Mitarbeiter: 1 bis 10 | Branche: Atem- Meditation- & Yogacenter'),
('4f1de8b9-52f5-4447-adf5-a7e878503b23', 'fd2cea48-e9f6-40a0-a9a6-c41ca6e4a51c', 'KALTAKQUISE', 'ACTIVE', 0, 'Funktion: Geschäftsführer/in (CEO) | Mitarbeiter: 1 bis 10 | Branche: Atem- Meditation- & Yogacenter / Physiotherapie'),
('c66fa389-1e16-4a2f-ba2f-fddbfcd4b9dc', '33506dbd-acd0-44ff-97fa-8ed90dde7b4f', 'KALTAKQUISE', 'ACTIVE', 0, 'Funktion: Geschäftsführer/in (CEO) | Mitarbeiter: 1 bis 10 | Branche: Atem- Meditation- & Yogacenter'),
('6fc959d2-4bee-4e9a-bc76-cc8691488aab', '5431d6c0-d4cd-423b-a711-17bd6290dd3f', 'KALTAKQUISE', 'ACTIVE', 0, 'Funktion: Geschäftsführer/in (CEO) | Mitarbeiter: 1 bis 10 | Branche: Atem- Meditation- & Yogacenter'),
('caf0fa49-f17e-43de-92ad-a6556fa429ca', '36d54dbb-df0d-494e-bfa7-1cec2b17ea5f', 'KALTAKQUISE', 'ACTIVE', 0, 'Funktion: Geschäftsführer/in (CEO) | Mitarbeiter: 1 bis 10 | Branche: Atem- Meditation- & Yogacenter'),
('caeb5c99-8a14-4b2f-b53c-d0c6cd4e2e8f', '595898da-0fa3-4d5c-b6e4-8c01f80ce228', 'KALTAKQUISE', 'ACTIVE', 0, 'Funktion: Geschäftsführer/in (CEO) | Mitarbeiter: 1 bis 10 | Branche: Atem- Meditation- & Yogacenter / Naturheilpraxen'),
('20849e5d-3019-4ede-9d47-140d96238c3d', 'be215543-19fb-4c57-b72a-3a4cbebd10ac', 'KALTAKQUISE', 'ACTIVE', 0, 'Funktion: Geschäftsführer/in (CEO) | Mitarbeiter: 1 bis 10 | Branche: Atem- Meditation- & Yogacenter / Naturheilpraxen'),
('d85b0157-b4a6-4f5a-a6e5-64d648b4373c', 'ef33abb3-63eb-4790-b0da-4ee4c6b1f0b7', 'KALTAKQUISE', 'ACTIVE', 0, 'Funktion: Geschäftsführer/in (CEO) | Mitarbeiter: 1 bis 10 | Branche: Atem- Meditation- & Yogacenter'),
('75103609-2767-463a-bc20-3c3195f3eee6', 'c8ae9cf2-d952-4a85-ba8c-934ac37ea356', 'KALTAKQUISE', 'ACTIVE', 0, 'Funktion: Geschäftsführer/in (CEO) | Mitarbeiter: 1 bis 10 | Branche: Atem- Meditation- & Yogacenter'),
('0e2929f2-2a4a-47a9-aa28-f78e58d60506', 'f3cedcb0-8bfe-4c0b-aa99-e3edb84c36cd', 'KALTAKQUISE', 'ACTIVE', 0, 'Funktion: Geschäftsführer/in (CEO) | Mitarbeiter: 1 bis 10 | Branche: Atem- Meditation- & Yogacenter / Naturheilpraxen'),
('514348bd-ac91-491a-97f1-e3a3d8d69b6f', 'f5cabf61-a778-4738-a354-2641be4e4780', 'KALTAKQUISE', 'ACTIVE', 0, 'Funktion: Geschäftsführer/in (CEO) | Mitarbeiter: 1 bis 10 | Branche: Atem- Meditation- & Yogacenter'),
('0474640c-c048-4e7f-84f6-18232d7bc303', 'fbff9aeb-1c23-448e-b8a0-b18257adca1e', 'KALTAKQUISE', 'ACTIVE', 0, 'Funktion: Geschäftsführer/in (CEO) | Mitarbeiter: 21 bis 50 | Branche: Life-Science-Industrie / Unternehmensberater | Rechtsform: Aktiengesellschaft'),
('2f24b793-f82c-4477-a4eb-047b13126287', '973f2e2b-fd4f-4418-93bf-65f15a3a51f2', 'KALTAKQUISE', 'ACTIVE', 0, 'Funktion: Geschäftsführer/in (CEO) | Mitarbeiter: 1 bis 10 | Branche: Atem- Meditation- & Yogacenter'),
('0f1c3075-e1a6-4946-aebe-29ef3c644ad0', '495505b5-76f2-41f9-8c3f-60fee688b576', 'KALTAKQUISE', 'ACTIVE', 0, 'Funktion: Geschäftsführer/in (CEO) | Mitarbeiter: 1 bis 10 | Branche: Kosmetikstudios'),
('15643476-ed31-4761-af74-184c87368811', '967a1d0d-4b26-4821-84ce-599e58b3ed7b', 'KALTAKQUISE', 'ACTIVE', 0, 'Funktion: Geschäftsführer/in (CEO) | Mitarbeiter: 1 bis 10 | Branche: Nachhaltigkeitsbereich'),
('a3a2cd13-a76a-41c7-83f2-58c31e2b126c', 'ff073ddd-3100-4eaa-9faa-9f0819eb329b', 'KALTAKQUISE', 'ACTIVE', 0, 'Funktion: Geschäftsführer/in (CEO) | Mitarbeiter: 21 bis 50 | Branche: Medizintechnik-Industrie | Rechtsform: Gesellschaft mit beschränkter Haftung'),
('e1c94535-1d95-4a26-b1ca-5529bfd833e3', '092e2286-06be-4e29-9461-6f7424746301', 'KALTAKQUISE', 'ACTIVE', 0, 'Funktion: Geschäftsführer/in (CEO) | Mitarbeiter: 1 bis 10 | Branche: Kosmetikstudios'),
('3e76a724-f1d4-42a5-94c4-2ed46c79ec20', 'b78d3592-664a-4513-825b-8f5d9882e1c3', 'KALTAKQUISE', 'ACTIVE', 0, 'Funktion: Geschäftsführer/in (CEO) | Mitarbeiter: 1 bis 10 | Branche: Coiffeursalons'),
('038031e1-6424-4fe9-aaca-3068e0bd46cb', '6271a36b-37fc-4107-843a-7cda195a74ba', 'KALTAKQUISE', 'ACTIVE', 0, 'Funktion: Geschäftsführer/in (CEO) | Mitarbeiter: 1 bis 10 | Branche: Facility Management & Reinigungsfirmen'),
('ebfda197-9723-431d-889a-d30d727b1e28', '287b1ddc-5c06-43da-8e72-4d2bced3b7a6', 'KALTAKQUISE', 'ACTIVE', 0, 'Funktion: Geschäftsführer/in (CEO) | Mitarbeiter: 1 bis 10 | Branche: Boden- & Plattenleger'),
('a2ab58bd-5b8f-45d7-9e95-52ffeca49ea8', 'a1d2e52b-b5b9-4681-871e-73901b81c4dd', 'KALTAKQUISE', 'ACTIVE', 0, 'Funktion: Geschäftsführer/in (CEO) | Mitarbeiter: 1 bis 10 | Branche: Atem- Meditation- & Yogacenter'),
('3aa5cda5-a1d0-46b0-b735-efdb1b5571d2', 'eb747666-b03a-4dbe-8598-44e8b83f0295', 'KALTAKQUISE', 'ACTIVE', 0, 'Funktion: Geschäftsführer/in (CEO) | Mitarbeiter: 1 bis 10 | Branche: Physiotherapie'),
('9c2d13a7-bb48-492a-bdcc-2a229fe847de', '8904a8d9-16b0-411f-8033-c5c347049965', 'KALTAKQUISE', 'ACTIVE', 0, 'Funktion: Geschäftsführer/in (CEO) | Mitarbeiter: 1 bis 10 | Branche: Coiffeursalons | Rechtsform: Gesellschaft mit beschränkter Haftung'),
('a8fc243e-5f44-4f84-a580-879ad596a708', 'c031d7ed-a014-4636-a8b2-52ec0aeab2ef', 'KALTAKQUISE', 'ACTIVE', 0, 'Funktion: Geschäftsführer/in (CEO) | Mitarbeiter: 1 bis 10 | Branche: Atem- Meditation- & Yogacenter'),
('67c1ab30-8ed7-4678-92b3-9553a6d958b8', '651c88da-87d6-49f5-a345-9c088af2afff', 'KALTAKQUISE', 'ACTIVE', 0, 'Funktion: Geschäftsführer/in (CEO) | Mitarbeiter: 1 bis 10 | Branche: Facility Management & Reinigungsfirmen | Rechtsform: Einzelunternehmen'),
('3127298c-ef70-4a5b-823a-b7181759ae96', 'd0bee235-a638-423f-8036-23f83351ad88', 'KALTAKQUISE', 'ACTIVE', 0, 'Funktion: Geschäftsführer/in (CEO) | Mitarbeiter: 21 bis 50 | Branche: Logistik- & Transportunternehmen | Rechtsform: Aktiengesellschaft'),
('bb2bc6e3-6a7c-47de-88a2-d3964b7dd03b', '55aefda8-ce2a-4134-acaa-819457d563c5', 'KALTAKQUISE', 'ACTIVE', 0, 'Funktion: Geschäftsführer/in (CEO) | Mitarbeiter: 1 bis 10 | Branche: Unternehmensberater | Rechtsform: Aktiengesellschaft'),
('f99c0721-b7f3-4211-b76d-42ac1d709be4', '77cb3635-8bdc-45fb-8326-e1e6ef6fea5c', 'KALTAKQUISE', 'ACTIVE', 0, 'Funktion: Geschäftsführer/in (CEO) | Mitarbeiter: 1 bis 10 | Branche: Coiffeursalons | Rechtsform: Einzelunternehmen'),
('418631a7-c4c1-4f6a-80d1-59fdb8326200', '3b1817a4-1406-4d4b-8fee-e9c22def0f37', 'KALTAKQUISE', 'ACTIVE', 0, 'Funktion: Geschäftsführer/in (CEO) | Mitarbeiter: 1 bis 10 | Branche: Textil- & Möbelindustrie | Rechtsform: Aktiengesellschaft'),
('092257da-22e7-45b3-a2f1-424388a8ca84', '0afba80c-c169-466a-bbf4-eab92fa723f1', 'KALTAKQUISE', 'ACTIVE', 0, 'Funktion: Geschäftsführer/in (CEO) | Mitarbeiter: 1 bis 10 | Branche: Textil- & Möbelindustrie | Rechtsform: Einzelunternehmen'),
('16119dc9-bb18-4720-813e-ac7a4804328b', '1cf5e8c5-5ce7-4aaf-9900-cc411df8a961', 'KALTAKQUISE', 'ACTIVE', 0, 'Funktion: Geschäftsführer/in (CEO) | Mitarbeiter: 1 bis 10 | Branche: Unternehmensberater | Rechtsform: Aktiengesellschaft'),
('d84ee8bc-66b8-45fb-aa0d-17ed551b6d85', '3a4a98fc-587b-4cc3-b742-04a6f9016875', 'KALTAKQUISE', 'ACTIVE', 0, 'Funktion: Geschäftsführer/in (CEO) | Mitarbeiter: 11 bis 20 | Branche: Online Shops'),
('ba4dcafa-dc8c-42d0-b9aa-637ee7313dda', '75539180-71fb-42f0-bb0d-6d14fa91073b', 'KALTAKQUISE', 'ACTIVE', 0, 'Funktion: Geschäftsführer/in (CEO) | Mitarbeiter: 1 bis 10 | Branche: Atem- Meditation- & Yogacenter | Rechtsform: Gesellschaft mit beschränkter Haftung'),
('7d381c9c-4f4a-4585-a416-c1ca7facec39', '9ad7e348-9dd2-4152-87c3-6def30d60652', 'KALTAKQUISE', 'ACTIVE', 0, 'Funktion: Geschäftsführer/in (CEO) | Mitarbeiter: 1 bis 10 | Branche: Online Shops | Rechtsform: Gesellschaft mit beschränkter Haftung'),
('0bfb8fb6-2489-4880-adc3-cc582316fe85', '8306148f-465a-488a-b62c-76e9967e2ffb', 'KALTAKQUISE', 'ACTIVE', 0, 'Funktion: Geschäftsführer/in (CEO) | Mitarbeiter: 1 bis 10 | Branche: Sanitär & Haustechnik | Rechtsform: Gesellschaft mit beschränkter Haftung'),
('57fe9fa8-5469-42d4-a776-bab9dc7a4476', 'e0aa41a4-3878-44d9-83d0-bbaaab70d64a', 'KALTAKQUISE', 'ACTIVE', 0, 'Funktion: Geschäftsführer/in (CEO) | Mitarbeiter: 1 bis 10 | Branche: Medizintechnik-Industrie | Rechtsform: Aktiengesellschaft'),
('a9da6940-72c1-4882-a940-48741c62431f', '7fe225e3-f436-4d56-a1c1-9cc74ea65294', 'KALTAKQUISE', 'ACTIVE', 0, 'Funktion: Leitung Schule | Mitarbeiter: 51 bis 100 | Branche: Schulen | Rechtsform: Stiftung'),
('33e40f2c-8fe7-4b3e-94b7-dda75bf0dfe6', '6554d98f-9d94-4c46-82b8-6f476e67b0b7', 'KALTAKQUISE', 'ACTIVE', 0, 'Funktion: Geschäftsführer/in (CEO) | Mitarbeiter: 1 bis 10 | Branche: Restaurants'),
('85eaef4e-a6f7-44ef-a4d4-4c3e34ecc0cd', 'ae60c619-2713-4e10-84a8-6eccfa1887cf', 'KALTAKQUISE', 'ACTIVE', 0, 'Funktion: Geschäftsführer/in (CEO) | Mitarbeiter: 1 bis 10 | Branche: Fitnessstudios | Rechtsform: Gesellschaft mit beschränkter Haftung'),
('626ac6bb-0ef6-451e-88fc-bb5dcb1a0af7', '279878fc-6c41-475f-aff7-969991b70e29', 'KALTAKQUISE', 'ACTIVE', 0, 'Funktion: Geschäftsführer/in (CEO) | Mitarbeiter: 1 bis 10 | Branche: Atem- Meditation- & Yogacenter'),
('3e9e4975-e319-46b1-8190-f83ea6186387', '8b0f894a-bd1a-4398-84b6-c55d84004743', 'KALTAKQUISE', 'ACTIVE', 0, 'Funktion: Geschäftsführer/in (CEO) | Mitarbeiter: 11 bis 20 | Branche: Online Shops | Rechtsform: Aktiengesellschaft'),
('06fe6277-8596-49ca-8e24-cb9636253753', 'e68e08e1-7275-44bf-a93c-631ebb47b5e3', 'KALTAKQUISE', 'ACTIVE', 0, 'Funktion: Geschäftsführer/in (CEO) | Mitarbeiter: 21 bis 50 | Branche: Detailhandel - Food & Getränke | Rechtsform: Aktiengesellschaft'),
('31049b89-89b4-4efe-9c35-8e60389536d7', '6479d73d-aa4a-40bb-ab58-d81de45b06e6', 'KALTAKQUISE', 'ACTIVE', 0, 'Funktion: Geschäftsführer/in (CEO) | Mitarbeiter: 11 bis 20 | Branche: Online Shops | Rechtsform: Gesellschaft mit beschränkter Haftung'),
('0ce2415a-056e-49c9-ac5c-146e581e5c16', 'dd2df736-a6c1-4a0f-a366-c048ab31295b', 'KALTAKQUISE', 'ACTIVE', 0, 'Funktion: Geschäftsführer/in (CEO) | Mitarbeiter: 11 bis 20 | Branche: Online Shops | Rechtsform: Gesellschaft mit beschränkter Haftung'),
('bb9cb121-1bdb-4631-92f0-c7431e49cf36', 'c7908fb0-ea8b-47c9-9c92-77739974e8bc', 'KALTAKQUISE', 'ACTIVE', 0, 'Funktion: Geschäftsführer/in (CEO) | Mitarbeiter: 11 bis 20 | Branche: Apotheken & Drogerien'),
('d5e31819-e19a-4b58-8e99-895fee63284b', 'bf7f3d11-b85b-4fb8-8bd6-9317d29df432', 'KALTAKQUISE', 'ACTIVE', 0, 'Funktion: Geschäftsführer/in (CEO) | Mitarbeiter: 11 bis 20 | Branche: Online Shops | Rechtsform: Einzelunternehmen'),
('318f91a8-cb89-482b-ae3a-46dba66b23c0', '66a821c7-f3b0-4733-8af9-15ab02848be6', 'KALTAKQUISE', 'ACTIVE', 0, 'Funktion: Geschäftsführer/in (CEO) | Mitarbeiter: 1 bis 10 | Branche: Innenausstatter | Rechtsform: Gesellschaft mit beschränkter Haftung'),
('a304d8c1-9838-4723-8c01-32f3fd64e5b8', '7d4d20d0-7b6f-419b-9a4e-1319cdaaba19', 'KALTAKQUISE', 'ACTIVE', 0, 'Funktion: Geschäftsführer/in (CEO) | Mitarbeiter: 11 bis 20 | Branche: Online Shops | Rechtsform: Aktiengesellschaft'),
('42ff9078-086f-4ef3-8c47-ea1abadb127f', 'a06aeb35-450a-4545-82ac-f1f47cb5349f', 'KALTAKQUISE', 'ACTIVE', 0, 'Funktion: Geschäftsführer/in (CEO) | Mitarbeiter: 1 bis 10 | Branche: Unternehmensberater | Rechtsform: Gesellschaft mit beschränkter Haftung'),
('1178237e-e2e2-4c3b-b589-e4dc7f3d69fe', 'f9f8a6d0-8ec8-47df-ae9c-351a215624e1', 'KALTAKQUISE', 'ACTIVE', 0, 'Funktion: Geschäftsführer/in (CEO) | Mitarbeiter: 1 bis 10 | Branche: Werbeagenturen | Rechtsform: Gesellschaft mit beschränkter Haftung'),
('fbf0dc09-59a3-4a85-8d3b-244a7b65b60c', 'b06ab3b7-469b-49e1-8187-89f0dd1ba2a1', 'KALTAKQUISE', 'ACTIVE', 0, 'Funktion: Geschäftsführer/in (CEO) | Mitarbeiter: 1 bis 10 | Branche: Werbeagenturen'),
('d9f69138-3186-4c4d-9f41-72606889c337', '8c27eb4c-8168-4e84-b5f2-9fcce3f16001', 'KALTAKQUISE', 'ACTIVE', 0, 'Funktion: Geschäftsführer/in (CEO) | Mitarbeiter: 1 bis 10 | Branche: Divers'),
('0d1d4fe5-3108-43aa-8b07-577fb3c0b132', '9cc5df8d-f368-482d-ace5-fa2e5f8cee67', 'KALTAKQUISE', 'ACTIVE', 0, 'Funktion: Geschäftsführer/in (CEO) | Mitarbeiter: 11 bis 20 | Branche: Online Shops | Rechtsform: Aktiengesellschaft'),
('b1dbb4e2-52fe-49e7-96e8-198034f6af30', '0695a8c5-be95-404b-99e9-9716b63ac670', 'KALTAKQUISE', 'ACTIVE', 0, 'Funktion: Geschäftsführer/in (CEO) | Mitarbeiter: 1 bis 10 | Branche: Kosmetikstudios'),
('df7cbed6-565a-4725-8a7a-199d6b02f47e', '5e650dec-e992-40a0-b447-1afb7dbd4201', 'KALTAKQUISE', 'ACTIVE', 0, 'Funktion: Geschäftsführer/in (CEO) | Mitarbeiter: 11 bis 20 | Branche: Weiterbildungsinstitute'),
('5a58ac77-bfcf-471a-ae3d-456f72d8825a', 'cf80b06e-32e6-4bfd-bef7-9c6c537d93d3', 'KALTAKQUISE', 'ACTIVE', 0, 'Funktion: Geschäftsführer/in (CEO) | Mitarbeiter: 1 bis 10 | Branche: Architekturbüros | Rechtsform: Aktiengesellschaft'),
('7402d5dc-e653-4c65-b831-53e1c561894f', '3a68ac53-acda-4dff-8059-9ea65448e992', 'KALTAKQUISE', 'ACTIVE', 0, 'Funktion: Geschäftsführer/in (CEO) | Mitarbeiter: 11 bis 20 | Branche: Sanitär & Haustechnik | Rechtsform: Aktiengesellschaft'),
('8f452752-7204-40fd-a6cc-ac66ff7f9ebf', 'b716b1d4-a25d-4097-8c53-923440e722c7', 'KALTAKQUISE', 'ACTIVE', 0, 'Funktion: Geschäftsführer/in (CEO) | Mitarbeiter: 1 bis 10 | Branche: Schreinerei- & Holzbaubetriebe'),
('218f6b30-ab84-4d0a-8671-f950b79ea1d7', '7d329569-c0d1-4a47-82ea-57dda5711299', 'KALTAKQUISE', 'ACTIVE', 0, 'Funktion: Geschäftsführer/in (CEO) | Mitarbeiter: 1 bis 10 | Branche: Unternehmensberater | Rechtsform: Gesellschaft mit beschränkter Haftung'),
('60400321-d0e8-462f-bcc0-121793ddc3a3', '24253920-5589-4b51-bc3c-9b4c66092260', 'KALTAKQUISE', 'ACTIVE', 0, 'Funktion: Geschäftsführer/in (CEO) | Mitarbeiter: 1 bis 10 | Branche: Bauingenieurbüros | Rechtsform: Aktiengesellschaft'),
('9166f825-0ac6-47bf-ac1f-e336e01b987a', '1a75339e-27de-4f7d-8119-3a19b6261ece', 'KALTAKQUISE', 'ACTIVE', 0, 'Funktion: Geschäftsführer/in (CEO) | Mitarbeiter: 1 bis 10 | Branche: Treuhandbüros | Rechtsform: Aktiengesellschaft'),
('1152cc23-06ca-4ae1-bd0b-3760152eda76', '00c2a039-9b4c-4cbf-8e35-897e1b792264', 'KALTAKQUISE', 'ACTIVE', 0, 'Funktion: Geschäftsführer/in (CEO) | Mitarbeiter: 21 bis 50 | Branche: Sanitär & Haustechnik | Rechtsform: Aktiengesellschaft'),
('a442b1c0-15e3-4b76-8145-d5739d788ab4', '01d47b1f-628d-44c0-86f1-287d1f4ab023', 'KALTAKQUISE', 'ACTIVE', 0, 'Funktion: Geschäftsführer/in (CEO) | Mitarbeiter: 1 bis 10 | Branche: Atem- Meditation- & Yogacenter'),
('d64248a3-f8df-4b25-a7f3-f3bb676e862e', '927da868-b636-4633-ac5b-40b1192a4153', 'KALTAKQUISE', 'ACTIVE', 0, 'Funktion: Geschäftsführer/in (CEO) | Mitarbeiter: 1 bis 10 | Branche: Fonds & sonstige Finanzinstitute | Rechtsform: Aktiengesellschaft'),
('847c4b78-0178-4978-8825-2eea3b67da4e', '429f385a-ebe3-4653-9294-bb770be3dcf3', 'KALTAKQUISE', 'ACTIVE', 0, 'Funktion: Geschäftsführer/in (CEO) | Mitarbeiter: 1 bis 10 | Branche: Coiffeursalons | Rechtsform: Gesellschaft mit beschränkter Haftung'),
('c751119e-3fd2-4aab-83c1-aa09f822e304', '1adccac9-9768-403b-aabd-5ebe226b5e3f', 'KALTAKQUISE', 'ACTIVE', 0, 'Funktion: Geschäftsführer/in (CEO) | Mitarbeiter: 1 bis 10 | Branche: Atem- Meditation- & Yogacenter'),
('9d29f874-8fa3-4df2-b976-c367db4e4071', 'b818fcc7-ccb6-436e-9d02-b0768b1aab1b', 'KALTAKQUISE', 'ACTIVE', 0, 'Funktion: Geschäftsführer/in (CEO) | Mitarbeiter: 1 bis 10 | Branche: Bauingenieurbüros | Rechtsform: Aktiengesellschaft'),
('dce720dd-edb0-41b2-a008-b905025d63bf', '0c5693c0-0e4d-4a63-b191-ae7ab8fbfb99', 'KALTAKQUISE', 'ACTIVE', 0, 'Funktion: Geschäftsführer/in (CEO) | Mitarbeiter: 11 bis 20 | Branche: FinTech | Rechtsform: Aktiengesellschaft'),
('4f9e0361-63b4-4422-9106-8ca1b4cbf831', 'df71600f-da1e-44f8-b236-6a878160a1c8', 'KALTAKQUISE', 'ACTIVE', 0, 'Funktion: Geschäftsführer/in (CEO) | Mitarbeiter: 1 bis 10 | Branche: Immobilienverwaltung / Immobilienvermittlung / Immobilienprojektentwicklung | Rechtsform: Gesellschaft mit beschränkter Haftung'),
('0384f89f-adf4-41e3-980d-54a4b68d0f68', '42e4154a-3894-4391-b81e-f789bcc2741e', 'KALTAKQUISE', 'ACTIVE', 0, 'Funktion: Geschäftsführer/in (CEO) | Mitarbeiter: 1 bis 10 | Branche: Facility Management & Reinigungsfirmen'),
('3917569c-be48-4ec1-ab14-d4d753792e50', '6c4ae438-3032-43c2-b6a0-c08963ee03d1', 'KALTAKQUISE', 'ACTIVE', 0, 'Funktion: Geschäftsführer/in (CEO) | Mitarbeiter: 1 bis 10 | Branche: Coiffeursalons'),
('11b8d461-82a7-463c-84cb-9eead19df464', 'db8a3afd-139b-472c-aef4-3d9a34c0514c', 'KALTAKQUISE', 'ACTIVE', 0, 'Funktion: Geschäftsführer/in (CEO) | Mitarbeiter: 1 bis 10 | Branche: Chemieindustrie | Rechtsform: Gesellschaft mit beschränkter Haftung'),
('23811c89-7014-47a9-892e-85de90b47230', '976be816-7b05-400c-9274-dcb4eec0fb05', 'KALTAKQUISE', 'ACTIVE', 0, 'Funktion: Geschäftsführer/in (CEO) | Mitarbeiter: 11 bis 20 | Branche: Clubs, Bars & Eventlocations | Rechtsform: Gesellschaft mit beschränkter Haftung'),
('140ee135-bd80-43e7-83de-e9a56800c3d8', 'a6732b86-8d78-42b0-a043-5812ab105e7d', 'KALTAKQUISE', 'ACTIVE', 0, 'Funktion: Geschäftsführer/in (CEO) | Mitarbeiter: 21 bis 50 | Branche: Immobilienverwaltung / Immobilienvermittlung / Immobilienprojektentwicklung | Rechtsform: Aktiengesellschaft'),
('e9a25252-9895-4eaf-bd3d-abc0a7ea89dc', 'b86fb827-12c1-4024-ab4d-ef0178c1ea04', 'KALTAKQUISE', 'ACTIVE', 0, 'Funktion: Geschäftsführer/in (CEO) | Mitarbeiter: 21 bis 50 | Branche: Medizintechnik-Industrie | Rechtsform: Gesellschaft mit beschränkter Haftung'),
('0164c987-6cd3-4a4a-a3e7-20f9d327d982', '74cf6c99-fe22-45bc-b1eb-e84da8c12f51', 'KALTAKQUISE', 'ACTIVE', 0, 'Funktion: Geschäftsführer/in (CEO) | Mitarbeiter: Mehr als 500 | Branche: Top 2''000 CH-Unternehmen / Glas-, Keramik-, Stein- & Baustoffindustrie | Rechtsform: Aktiengesellschaft'),
('cd8e79eb-eddc-43ef-842e-4243fe151209', '2d14217c-8e4d-49ff-ab6c-b43a102e12af', 'KALTAKQUISE', 'ACTIVE', 0, 'Funktion: Geschäftsführer/in (CEO) | Mitarbeiter: 1 bis 10 | Branche: Fonds & sonstige Finanzinstitute / Externe Vermögensverwalter | Rechtsform: Aktiengesellschaft'),
('5d73e6f2-dfc1-455d-8401-2f5a82e47205', '01146535-0533-4609-a474-cb464620c1b7', 'KALTAKQUISE', 'ACTIVE', 0, 'Funktion: Geschäftsführer/in (CEO) | Mitarbeiter: 1 bis 10 | Branche: Werbeagenturen | Rechtsform: Aktiengesellschaft'),
('4c19c76c-6d17-44d5-973a-580d89b71310', 'c38bb779-2a08-4c37-96bf-24c7354eeed2', 'KALTAKQUISE', 'ACTIVE', 0, 'Funktion: Geschäftsführer/in (CEO) | Mitarbeiter: 1 bis 10 | Branche: Architekturbüros | Rechtsform: Gesellschaft mit beschränkter Haftung'),
('88e93834-14e9-4fcf-be64-2d5e5f966020', '4841bbd2-de8e-4732-b407-c1bf263c8d27', 'KALTAKQUISE', 'ACTIVE', 0, 'Funktion: Geschäftsführer/in (CEO) | Mitarbeiter: 1 bis 10 | Branche: Garagen'),
('ec8735ec-9b05-4766-ab3f-433fee253c82', '047e2a7a-d6d3-47a7-94d7-25c796c635cc', 'KALTAKQUISE', 'ACTIVE', 0, 'Funktion: Geschäftsführer/in (CEO) | Mitarbeiter: 1 bis 10 | Branche: Lebensmittelverarbeitung / Online Shops | Rechtsform: Aktiengesellschaft'),
('ba978ca6-e92b-4e05-b1bd-ffb4b5477d83', '69713695-0b76-4060-a876-6002f9addb49', 'KALTAKQUISE', 'ACTIVE', 0, 'Funktion: Geschäftsführer/in (CEO) | Mitarbeiter: 1 bis 10 | Branche: Restaurants | Rechtsform: Gesellschaft mit beschränkter Haftung'),
('b186a079-0878-4b51-a80a-2f235c92991b', 'd51257b9-cf18-41a1-a3e6-04d28e50503e', 'KALTAKQUISE', 'ACTIVE', 0, 'Funktion: Geschäftsführer/in (CEO) | Mitarbeiter: 1 bis 10 | Branche: Restaurants | Rechtsform: Gesellschaft mit beschränkter Haftung'),
('6dc82776-9c60-4100-a19e-c4d3401863a0', '82975b6f-ba7e-45c7-8315-7a8df8d60c34', 'KALTAKQUISE', 'ACTIVE', 0, 'Funktion: Geschäftsführer/in (CEO) | Mitarbeiter: 1 bis 10 | Branche: Restaurants | Rechtsform: Einzelunternehmen'),
('6f9775d0-f3fd-4e33-990f-19a883107a5f', '75dc46ef-8ef4-4381-8be0-834bbbab4c1f', 'KALTAKQUISE', 'ACTIVE', 0, 'Funktion: Geschäftsführer/in (CEO) | Mitarbeiter: 1 bis 10 | Branche: Catering'),
('0dfd6244-02c6-4fb6-be68-503a8aeba142', 'b93a9a4a-e454-473b-aea1-034e84f74ffe', 'KALTAKQUISE', 'ACTIVE', 0, 'Funktion: Geschäftsführer/in (CEO) | Mitarbeiter: 1 bis 10 | Branche: Restaurants'),
('c2717c24-f170-4675-89ed-6eaaece08c64', '8b2d2351-ecf9-42f8-8db3-69ef4bc0dcdb', 'KALTAKQUISE', 'ACTIVE', 0, 'Funktion: Geschäftsführer/in (CEO) | Mitarbeiter: 11 bis 20 | Branche: Architekturbüros | Rechtsform: Einzelunternehmen'),
('a6ebd036-aaa3-4194-a986-833b0eae2039', '7c1a3b9b-8b70-47a1-81f2-309e2645a185', 'KALTAKQUISE', 'ACTIVE', 0, 'Funktion: Geschäftsführer/in (CEO) | Mitarbeiter: 1 bis 10 | Branche: Restaurants'),
('77668a61-3b56-44fc-b205-7a68615a347e', 'ed56578e-a9aa-4d25-85cd-8cf90f18bc03', 'KALTAKQUISE', 'ACTIVE', 0, 'Funktion: Geschäftsführer/in (CEO) | Mitarbeiter: 1 bis 10 | Branche: Detailhandel - Food & Getränke | Rechtsform: Einzelunternehmen'),
('b6eb3bdd-d8c4-4e2c-a7cf-bcffb72332cf', '610219a0-b94e-4e38-97e5-f2e8844b9d14', 'KALTAKQUISE', 'ACTIVE', 0, 'Funktion: Geschäftsführer/in (CEO) | Mitarbeiter: 1 bis 10 | Branche: Immobilienverwaltung / Immobilienvermittlung | Rechtsform: Gesellschaft mit beschränkter Haftung'),
('74ae8b5d-3c65-45b2-aa3e-a7b682a5800e', 'dff49c3c-f0d9-4d65-abda-e8bb283d0b3b', 'KALTAKQUISE', 'ACTIVE', 0, 'Funktion: Geschäftsführer/in (CEO) | Mitarbeiter: 1 bis 10 | Branche: Weiterbildungsinstitute'),
('432511b7-7602-49d5-a5e1-a5e3b2b96539', '0894367f-a9a6-49c5-ab38-92344e718928', 'KALTAKQUISE', 'ACTIVE', 0, 'Funktion: Geschäftsführer/in (CEO) | Mitarbeiter: 21 bis 50 | Branche: Elektroindustrie / Online Shops | Rechtsform: Aktiengesellschaft'),
('d178ecc2-c3c0-4e7e-85ef-f83f8efc0bea', 'b14ae0fc-cbc2-45c6-a3e7-06bcfa2962e7', 'KALTAKQUISE', 'ACTIVE', 0, 'Funktion: Geschäftsführer/in (CEO) | Mitarbeiter: 1 bis 10 | Branche: Metallbauer | Rechtsform: Aktiengesellschaft'),
('4435daab-719e-4335-949b-c2e2df1ddc24', '4762ef51-972c-45ff-b991-1a8ee5ac157a', 'KALTAKQUISE', 'ACTIVE', 0, 'Funktion: Geschäftsführer/in (CEO) | Mitarbeiter: 21 bis 50 | Branche: Elektroindustrie | Rechtsform: Aktiengesellschaft'),
('50f840f1-7777-4240-83e8-7dca5c3531bf', '1a0ff34a-574f-4651-abe4-2b7d7be0a209', 'KALTAKQUISE', 'ACTIVE', 0, 'Funktion: Geschäftsführer/in (CEO) | Mitarbeiter: 1 bis 10 | Branche: Schreinerei- & Holzbaubetriebe | Rechtsform: Einzelunternehmen'),
('374c40a3-42f5-4097-ab2f-cd426e69c579', 'e57c6b3b-4c8d-40e0-a2e1-f91fb572ddfa', 'KALTAKQUISE', 'ACTIVE', 0, 'Funktion: Geschäftsführer/in (CEO) | Mitarbeiter: 1 bis 10 | Branche: Online Shops | Rechtsform: Aktiengesellschaft'),
('92cefbd7-6690-452e-b8fb-93a34916abae', '9d685036-d3b4-46f1-9326-20a74160e166', 'KALTAKQUISE', 'ACTIVE', 0, 'Funktion: Geschäftsführer/in (CEO) | Mitarbeiter: 1 bis 10 | Branche: Werbeagenturen | Rechtsform: Gesellschaft mit beschränkter Haftung'),
('2b712a1e-2d79-4b48-ab78-f3714058e397', '12e2a45b-2ce8-485a-899b-c5b3b36845de', 'KALTAKQUISE', 'ACTIVE', 0, 'Funktion: Geschäftsführer/in (CEO) | Mitarbeiter: 1 bis 10 | Branche: Physiotherapie'),
('46ed4a93-db2f-42fd-af4b-5c87871032ca', '7746934e-0fda-436f-bec6-5aecacb77da5', 'KALTAKQUISE', 'ACTIVE', 0, 'Funktion: Geschäftsführer/in (CEO) | Mitarbeiter: 101 bis 500 | Branche: Top 2''000 CH-Unternehmen | Rechtsform: Aktiengesellschaft'),
('8d263022-1ba0-434c-bc43-198ce4aaefc0', 'f49cb560-5db2-4a57-a2a2-98d0b189da7b', 'KALTAKQUISE', 'ACTIVE', 0, 'Funktion: Geschäftsführer/in (CEO) | Mitarbeiter: 11 bis 20 | Branche: Online Shops | Rechtsform: Aktiengesellschaft'),
('7ebed842-a27a-4dc9-a93f-dcc079149fcd', '57209a64-97a3-4e9e-bb54-ddca7a04ee7f', 'KALTAKQUISE', 'ACTIVE', 0, 'Funktion: Geschäftsführer/in (CEO) | Mitarbeiter: 1 bis 10 | Branche: Sanitär & Haustechnik | Rechtsform: Aktiengesellschaft'),
('1f22f715-6a4f-4ff7-a734-8f5306387621', '09b11a8e-1b42-463d-b5b0-9229055af0e6', 'KALTAKQUISE', 'ACTIVE', 0, 'Funktion: Geschäftsführer/in (CEO) | Mitarbeiter: 1 bis 10 | Branche: Sanitär & Haustechnik | Rechtsform: Aktiengesellschaft'),
('413823b1-5f3e-4f3b-8419-53b62b7de031', '8a80ea43-304f-4635-8890-25426d81682f', 'KALTAKQUISE', 'ACTIVE', 0, 'Funktion: Geschäftsführer/in (CEO) | Mitarbeiter: 1 bis 10 | Branche: Facility Management & Reinigungsfirmen'),
('c80903ee-553a-42f3-b6df-6f0ab5c5b630', '27d184eb-4d1d-4169-b120-affbe2e326a4', 'KALTAKQUISE', 'ACTIVE', 0, 'Funktion: Geschäftsführer/in (CEO) | Mitarbeiter: 1 bis 10 | Branche: Glas-, Keramik-, Stein- & Baustoffindustrie | Rechtsform: Einzelunternehmen'),
('3e9c7ec8-e5a7-4698-909c-132bd8d6e638', '388af663-0451-4f90-b1ed-e204cb998cc7', 'KALTAKQUISE', 'ACTIVE', 0, 'Funktion: Geschäftsführer/in (CEO) | Mitarbeiter: 1 bis 10 | Branche: Naturheilpraxen'),
('2f1083b7-5c1e-4649-b2bd-5f4ba63b0e84', '0190bf7c-2ab2-4f13-9dc3-aa0005acb68e', 'KALTAKQUISE', 'ACTIVE', 0, 'Funktion: Geschäftsführer/in (CEO) | Mitarbeiter: 1 bis 10 | Branche: Innenausstatter'),
('ebc58331-05a2-4cc6-b853-d57f12f6a811', '188b8abf-291c-4f99-92b6-c1ef80784dd7', 'KALTAKQUISE', 'ACTIVE', 0, 'Funktion: Geschäftsführer/in (CEO) | Mitarbeiter: 21 bis 50 | Branche: Medizintechnik-Industrie | Rechtsform: Aktiengesellschaft'),
('0a912d34-650f-4b05-b4c0-0a8851ce0fd1', '746c331c-0fd6-47ff-9e07-c4f4b1922c8e', 'KALTAKQUISE', 'ACTIVE', 0, 'Funktion: Geschäftsführer/in (CEO) | Mitarbeiter: 1 bis 10 | Branche: Elektroindustrie | Rechtsform: Gesellschaft mit beschränkter Haftung'),
('75fddeca-eeaa-4265-8603-715798a56fb1', '6ac695aa-6cbd-41fc-a4a3-514e376cbd76', 'KALTAKQUISE', 'ACTIVE', 0, 'Funktion: Geschäftsführer/in (CEO) | Mitarbeiter: 1 bis 10 | Branche: Metallbauer | Rechtsform: Gesellschaft mit beschränkter Haftung'),
('46ef89b4-6673-40c4-b6f2-40bb146246ec', '30666303-4004-455c-b00b-0ba58df295d5', 'KALTAKQUISE', 'ACTIVE', 0, 'Funktion: Geschäftsführer/in (CEO) | Mitarbeiter: 11 bis 20 | Branche: Online Shops | Rechtsform: Aktiengesellschaft'),
('5e50d3e8-d625-46e3-9584-2dac539c986d', '2448bb92-e48e-4b4f-850f-ddb1afc5401c', 'KALTAKQUISE', 'ACTIVE', 0, 'Funktion: Geschäftsführer/in (CEO) | Mitarbeiter: 11 bis 20 | Branche: Clubs, Bars & Eventlocations'),
('5fb36feb-5a82-41ff-8c80-d59d2293357d', '5b59aeb6-5692-49ce-92f2-b3986d43048f', 'KALTAKQUISE', 'ACTIVE', 0, 'Funktion: Geschäftsführer/in (CEO) | Mitarbeiter: 1 bis 10 | Branche: Kosmetikstudios'),
('6b22ee63-5620-4c5d-b017-8f8f7df5eeab', 'fa9cb236-df60-48dd-be83-f49d369c271c', 'KALTAKQUISE', 'ACTIVE', 0, 'Funktion: Geschäftsführer/in (CEO) | Mitarbeiter: 11 bis 20 | Branche: Werbeagenturen | Rechtsform: Aktiengesellschaft'),
('b1657fed-12d0-428f-9aa8-183e7571e61f', 'fc85df50-7e37-4249-867c-3f340e5677da', 'KALTAKQUISE', 'ACTIVE', 0, 'Funktion: Geschäftsführer/in (CEO) | Mitarbeiter: 1 bis 10 | Branche: Clubs, Bars & Eventlocations'),
('d64b698a-edf4-44f0-ac49-aa7ea0e8f72f', '761e43af-a39a-4548-997f-9c2880cf377b', 'KALTAKQUISE', 'ACTIVE', 0, 'Funktion: Geschäftsführer/in (CEO) | Mitarbeiter: 1 bis 10 | Branche: Werbeagenturen | Rechtsform: Gesellschaft mit beschränkter Haftung'),
('4f50eb6e-8118-45b5-b9a4-1a21e7f78314', 'e47879da-0dfb-4596-b88f-642276a09b5e', 'KALTAKQUISE', 'ACTIVE', 0, 'Funktion: Geschäftsführer/in (CEO) | Mitarbeiter: 1 bis 10 | Branche: Immobilienverwaltung / Immobilienvermittlung | Rechtsform: Aktiengesellschaft'),
('ec6507b6-f284-4b14-b6a7-b012ac2cf88c', 'ca80006d-6ac0-4dd5-87ed-2aef19915dd1', 'KALTAKQUISE', 'ACTIVE', 0, 'Funktion: Geschäftsführer/in (CEO) | Mitarbeiter: 11 bis 20 | Branche: Bau- & Projektmanagement / Immobilienverwaltung / Immobilienvermittlung | Rechtsform: Aktiengesellschaft'),
('f939012f-bfc3-4bd6-afef-9fc4ba504626', '8b1c4d43-7e17-401b-95df-0a3426ef2fc0', 'KALTAKQUISE', 'ACTIVE', 0, 'Funktion: Geschäftsführer/in (CEO) | Mitarbeiter: 1 bis 10 | Branche: Metallbauer | Rechtsform: Aktiengesellschaft'),
('0907ca9e-9d42-4ca9-9d8a-b7cbb8dc4a1c', '7d8ba23e-ea11-4cd1-8258-73360b1a5d25', 'KALTAKQUISE', 'ACTIVE', 0, 'Funktion: Geschäftsführer/in (CEO) | Mitarbeiter: 1 bis 10 | Branche: Maschinenbauindustrie | Rechtsform: Gesellschaft mit beschränkter Haftung'),
('22df2649-2604-4d7f-88c7-eaf30a53c939', 'a48f8aea-c2cd-485a-a13a-e89fbe60aaab', 'KALTAKQUISE', 'ACTIVE', 0, 'Funktion: Geschäftsführer/in (CEO) | Mitarbeiter: 21 bis 50 | Branche: Elektroindustrie | Rechtsform: Aktiengesellschaft'),
('c5a25640-1e33-4dc7-939d-3d9bad333767', '22816a2f-4204-4923-875e-ce8bed8a265d', 'KALTAKQUISE', 'ACTIVE', 0, 'Funktion: Geschäftsführer/in (CEO) | Mitarbeiter: 11 bis 20 | Branche: Elektroplanung & Installation | Rechtsform: Aktiengesellschaft'),
('c6ba32bb-14f7-4708-b284-a0206222cfe1', 'b161ef4f-f50e-4d50-a31f-2579a8f4860e', 'KALTAKQUISE', 'ACTIVE', 0, 'Funktion: Geschäftsführer/in (CEO) | Mitarbeiter: 21 bis 50 | Branche: Lebensmittelverarbeitung | Rechtsform: Aktiengesellschaft'),
('a1ceb3d3-d3d7-42ff-977a-d2117b6c2d31', '20bdcef0-bc49-4158-a168-b86a3626cdd9', 'KALTAKQUISE', 'ACTIVE', 0, 'Funktion: Geschäftsführer/in (CEO) | Mitarbeiter: 11 bis 20 | Branche: Atem- Meditation- & Yogacenter'),
('7fd888d8-88dc-4890-a111-f956ba56a118', '142c334b-c12b-4926-a793-f99e46ad5951', 'KALTAKQUISE', 'ACTIVE', 0, 'Funktion: Geschäftsführer/in (CEO) | Mitarbeiter: 11 bis 20 | Branche: Online Shops | Rechtsform: Aktiengesellschaft'),
('c9471591-3fff-4733-8141-3f73795c8fbe', 'd8d3c312-e14b-4c2f-8b6c-e72da6acdba3', 'KALTAKQUISE', 'ACTIVE', 0, 'Funktion: Geschäftsführer/in (CEO) | Mitarbeiter: 1 bis 10 | Branche: Chemieindustrie | Rechtsform: Aktiengesellschaft'),
('4a468af4-222c-49f1-8bc5-871e0ea34205', '0cb5c217-d5a1-4ece-9da1-86fe1d950a60', 'KALTAKQUISE', 'ACTIVE', 0, 'Funktion: Geschäftsführer/in (CEO) | Mitarbeiter: 1 bis 10 | Branche: Hofläden & Bauernhöfe'),
('389eb358-8281-4eb3-911d-51c948451e2c', 'b6a54738-1948-4bc0-9cf0-b418b8daf474', 'KALTAKQUISE', 'ACTIVE', 0, 'Funktion: Gesamtleitung/Direktion | Mitarbeiter: 1 bis 10 | Branche: Beherbergungsstätten'),
('d3dd8fe7-a04b-4aa3-81e9-e2c98eaf7254', '8db2626d-b51b-47e0-9c84-e02d5f7381f7', 'KALTAKQUISE', 'ACTIVE', 0, 'Funktion: Geschäftsführer/in (CEO) | Mitarbeiter: 21 bis 50 | Branche: Immobilienverwaltung / Immobilienvermittlung | Rechtsform: Aktiengesellschaft'),
('45a15252-120f-43c5-8c2b-7610246017e2', 'f3230bae-9841-46db-a4b7-0cd4e72fe385', 'KALTAKQUISE', 'ACTIVE', 0, 'Funktion: Geschäftsführer/in (CEO) | Mitarbeiter: 1 bis 10 | Branche: Maschinenbauindustrie | Rechtsform: Gesellschaft mit beschränkter Haftung'),
('3c20d41a-8a0e-4c77-94c6-05d186cdf7c0', 'b72ec954-b105-42f3-9a65-79b60c086e79', 'KALTAKQUISE', 'ACTIVE', 0, 'Funktion: Geschäftsführer/in (CEO) | Mitarbeiter: 1 bis 10 | Branche: Divers | Rechtsform: Aktiengesellschaft'),
('3f1b5eae-5328-4f42-ae54-8336e0a9cb5a', 'af0140f3-5260-4b37-8e02-ef28a6bfbfe1', 'KALTAKQUISE', 'ACTIVE', 0, 'Funktion: Geschäftsführer/in (CEO) | Mitarbeiter: 1 bis 10 | Branche: Architekturbüros | Rechtsform: Aktiengesellschaft'),
('e2d85d92-7a03-45a8-9ebe-05e0eb96e080', 'e26be1bd-2641-45d9-b5db-38a7dc8975f0', 'KALTAKQUISE', 'ACTIVE', 0, 'Funktion: Geschäftsführer/in (CEO) | Mitarbeiter: 1 bis 10 | Branche: Architekturbüros | Rechtsform: Gesellschaft mit beschränkter Haftung'),
('d3d40cf9-95f2-4b16-a1b5-bdd2543d5a9b', 'c6137a60-03c7-4c65-8a5d-35a0af418eda', 'KALTAKQUISE', 'ACTIVE', 0, 'Funktion: Geschäftsführer/in (CEO) | Mitarbeiter: 1 bis 10 | Branche: Bau- & Projektmanagement | Rechtsform: Gesellschaft mit beschränkter Haftung'),
('33569827-95a9-4dd4-a34b-bb1f4602a06a', '9875a963-d56f-4282-bd71-772ca4dd620e', 'KALTAKQUISE', 'ACTIVE', 0, 'Funktion: Geschäftsführer/in (CEO) | Mitarbeiter: 1 bis 10 | Branche: Druckereibetriebe'),
('c8947dde-9944-4dd4-9d34-5a36d15e5a09', '99053149-2b09-448c-8547-23cebf2873db', 'KALTAKQUISE', 'ACTIVE', 0, 'Funktion: Geschäftsführer/in (CEO) | Mitarbeiter: 1 bis 10 | Branche: Metallbauer | Rechtsform: Aktiengesellschaft'),
('9bac297b-bf04-434d-bed3-e19999f199bf', '47428d10-14ce-4bd3-9695-53e10a7eb8cd', 'KALTAKQUISE', 'ACTIVE', 0, 'Funktion: Geschäftsführer/in (CEO) | Mitarbeiter: 1 bis 10 | Branche: Schreinerei- & Holzbaubetriebe'),
('a76502ab-b0e7-4a06-a380-1b9a3bfb5d37', 'cde44cf5-a928-4b6c-80aa-fff87282ea1a', 'KALTAKQUISE', 'ACTIVE', 0, 'Funktion: Geschäftsführer/in (CEO) | Mitarbeiter: 1 bis 10 | Branche: Schreinerei- & Holzbaubetriebe'),
('08d686a5-bd81-43b9-b53e-36603690f217', 'e34932f4-c211-4aae-91be-a2680cbc073a', 'KALTAKQUISE', 'ACTIVE', 0, 'Funktion: Geschäftsführer/in (CEO) | Mitarbeiter: 51 bis 100 | Branche: Textil- & Möbelindustrie | Rechtsform: Aktiengesellschaft'),
('569d1741-d2bf-4571-bced-7e0efc5cf5d5', 'cc73dbd4-93e8-4121-ab8f-d75e0a9ed737', 'KALTAKQUISE', 'ACTIVE', 0, 'Funktion: Geschäftsführer/in (CEO) | Mitarbeiter: 1 bis 10 | Branche: Sanitär & Haustechnik | Rechtsform: Gesellschaft mit beschränkter Haftung'),
('a4c4e20f-a645-4eb7-939f-a757d515464f', 'ac08e559-b77a-4a08-8ebc-4d1f7fe0f27a', 'KALTAKQUISE', 'ACTIVE', 0, 'Funktion: Geschäftsführer/in (CEO) | Mitarbeiter: 1 bis 10 | Branche: Treuhandbüros | Rechtsform: Aktiengesellschaft'),
('93060aa6-0767-43db-b868-c083adf9a455', 'b4928b1c-8c41-4c65-8332-de52447d349c', 'KALTAKQUISE', 'ACTIVE', 0, 'Funktion: Geschäftsführer/in (CEO) | Mitarbeiter: 1 bis 10 | Branche: Boden- & Plattenleger'),
('04457967-0650-46ff-9284-943f61a889bc', '51b1a2cc-316e-4c70-bfd9-1f291adf0b37', 'KALTAKQUISE', 'ACTIVE', 0, 'Funktion: Geschäftsführer/in (CEO) | Mitarbeiter: 1 bis 10 | Branche: Hofläden & Bauernhöfe'),
('8fb1be85-a908-4588-838a-287241956515', '393c9a33-d654-43ad-9120-295b65d607f1', 'KALTAKQUISE', 'ACTIVE', 0, 'Funktion: Geschäftsführer/in (CEO) | Mitarbeiter: 1 bis 10 | Branche: Hofläden & Bauernhöfe'),
('8dda7341-ec5b-440b-951b-9c787b0e3910', '836860b7-5425-46fb-a6f0-2d7b67f3a617', 'KALTAKQUISE', 'ACTIVE', 0, 'Funktion: Geschäftsführer/in (CEO) | Mitarbeiter: 11 bis 20 | Branche: IT Unternehmen | Rechtsform: Aktiengesellschaft'),
('45741845-ed3b-4ea3-9b66-c280491915bf', '2b1ecb7d-f81c-4d48-ae51-1636780aabd4', 'KALTAKQUISE', 'ACTIVE', 0, 'Funktion: Geschäftsführer/in (CEO) | Mitarbeiter: 101 bis 500 | Branche: Life-Science-Industrie | Rechtsform: Aktiengesellschaft'),
('5496278e-3ea8-4348-ad1b-552442e3d0fe', '62213759-887f-40e1-aa96-72e35816e563', 'KALTAKQUISE', 'ACTIVE', 0, 'Funktion: Geschäftsführer/in (CEO) | Mitarbeiter: 1 bis 10 | Branche: Treuhandbüros / Immobilienverwaltung / Immobilienvermittlung | Rechtsform: Aktiengesellschaft'),
('881cc48f-160b-4f43-87b7-ac01c7ab8c2b', '75e8759a-ecaf-4133-a8e4-0408edfac18c', 'KALTAKQUISE', 'ACTIVE', 0, 'Funktion: Geschäftsführer/in (CEO) | Mitarbeiter: 11 bis 20 | Branche: Treuhandbüros | Rechtsform: Aktiengesellschaft'),
('e32efa53-1bcc-4064-9081-5325d0b79d48', 'e71ee8c5-a745-46df-8e9b-6513dcd0cdfc', 'KALTAKQUISE', 'ACTIVE', 0, 'Funktion: Geschäftsführer/in (CEO) | Mitarbeiter: 1 bis 10 | Branche: Maler- & Gipsergeschäfte | Rechtsform: Gesellschaft mit beschränkter Haftung'),
('e5fb77bc-ce14-4231-b8b3-8f35aca21de8', '5a276544-2fa0-4be4-bd88-d40bc4780264', 'KALTAKQUISE', 'ACTIVE', 0, 'Funktion: Geschäftsführer/in (CEO) | Mitarbeiter: 1 bis 10 | Branche: Divers | Rechtsform: Einzelunternehmen'),
('adf7c928-1b0d-4c81-a0d6-0809d4f7f52c', 'e10b144b-e04f-488b-9453-386454dcb31b', 'KALTAKQUISE', 'ACTIVE', 0, 'Funktion: Geschäftsführer/in (CEO) | Mitarbeiter: 1 bis 10 | Branche: Architekturbüros | Rechtsform: Gesellschaft mit beschränkter Haftung'),
('72c2ced8-a015-40df-8c28-4fff18223f7e', '4537725b-78da-4ef2-b8a5-c9e19c457565', 'KALTAKQUISE', 'ACTIVE', 0, 'Funktion: Geschäftsführer/in (CEO) | Mitarbeiter: 1 bis 10 | Branche: Druckereibetriebe'),
('a5b7a864-0e72-4381-9f77-34944195bdfd', 'a777238b-166f-4ca1-8fcc-16a62153fa01', 'KALTAKQUISE', 'ACTIVE', 0, 'Funktion: Geschäftsführer/in (CEO) | Mitarbeiter: 1 bis 10 | Branche: Druckereibetriebe'),
('9ad6b3af-a23e-4b1f-8859-ee5bb39d8558', '785f1ec7-3104-49c5-9ecc-11591fb4b019', 'KALTAKQUISE', 'ACTIVE', 0, 'Funktion: Geschäftsführer/in (CEO) | Mitarbeiter: 1 bis 10 | Branche: Druckereibetriebe'),
('2326da17-cb1b-4c76-96f8-f4b052c00839', '8e6f0393-d8f2-45b2-9536-1a357136fc0d', 'KALTAKQUISE', 'ACTIVE', 0, 'Funktion: Geschäftsführer/in (CEO) | Mitarbeiter: 1 bis 10 | Branche: IT Unternehmen / FinTech | Rechtsform: Gesellschaft mit beschränkter Haftung'),
('0497237a-79be-41e5-9f5e-7b4b068cfcfe', 'b17a2435-b16f-4cad-9281-f5167db8b7ac', 'KALTAKQUISE', 'ACTIVE', 0, 'Funktion: Geschäftsführer/in (CEO) | Mitarbeiter: 1 bis 10 | Branche: Nachhaltigkeitsbereich | Rechtsform: Gesellschaft mit beschränkter Haftung'),
('6123fbb2-93d6-48b3-bf3e-a876401d61ad', 'f2395695-b1bd-4229-8c19-42d9c0181bbe', 'KALTAKQUISE', 'ACTIVE', 0, 'Funktion: Geschäftsführer/in (CEO) | Mitarbeiter: 1 bis 10 | Branche: Architekturbüros | Rechtsform: Einzelunternehmen'),
('246cfad9-f7ae-4442-aec6-5b17c1d2064e', '83ca7013-0dbf-4dee-b331-f67e8b4707ab', 'KALTAKQUISE', 'ACTIVE', 0, 'Funktion: Geschäftsführer/in (CEO) | Mitarbeiter: 21 bis 50 | Branche: Bauingenieurbüros | Rechtsform: Schweizerische Zweigniederlassung'),
('f256396c-04fe-4374-b5df-dc53d83197eb', 'd7913bdb-c593-4bc0-b19e-750502552516', 'KALTAKQUISE', 'ACTIVE', 0, 'Funktion: Geschäftsführer/in (CEO) | Mitarbeiter: 1 bis 10 | Branche: Schreinerei- & Holzbaubetriebe'),
('b9858d50-8351-46c0-ab19-a0be50f84b29', 'dff3f37f-c710-4226-8f47-ab7b70843d25', 'KALTAKQUISE', 'ACTIVE', 0, 'Funktion: Geschäftsführer/in (CEO) | Mitarbeiter: 1 bis 10 | Branche: Maler- & Gipsergeschäfte | Rechtsform: Gesellschaft mit beschränkter Haftung'),
('66ef2695-5622-4cce-a112-6666c7672766', 'd9cfcb40-ca2d-498c-82dd-7147b038132c', 'KALTAKQUISE', 'ACTIVE', 0, 'Funktion: Geschäftsführer/in (CEO) | Mitarbeiter: 11 bis 20 | Branche: Zahnarztpraxen | Rechtsform: Aktiengesellschaft'),
('7bd2af23-af64-40f7-b821-33ab1aa8a74f', 'c4cd6918-e10c-4639-a2e4-90dc0cee4157', 'KALTAKQUISE', 'ACTIVE', 0, 'Funktion: Geschäftsführer/in (CEO) | Mitarbeiter: 1 bis 10 | Branche: Gartenbau & -pflege'),
('6591cbe7-7459-4a4b-b308-fcfebeb1e0f0', '1862ec0c-bc71-4a80-aff9-936b86ef154d', 'KALTAKQUISE', 'ACTIVE', 0, 'Funktion: Geschäftsführer/in (CEO) | Mitarbeiter: 1 bis 10 | Branche: Boden- & Plattenleger | Rechtsform: Aktiengesellschaft');

INSERT INTO lead_tags (lead_id, tag_id) VALUES
('41256ed0-118b-4e2b-8b7f-9248246aa431', 'ka-b2b'),
('7b902a54-a9ba-4cf7-8309-4fe595dedca2', 'ka-b2b'),
('5d7623b8-ef91-444b-af05-4742f003c238', 'ka-b2b'),
('8ece4365-b7a5-45fe-8d1b-2a85e4e4412a', 'ka-b2b'),
('76129b6c-5abb-4e67-a2b3-7d303a6dfbe9', 'ka-b2b'),
('9c20e605-1972-4b35-adea-8a5dac8a209c', 'ka-b2b'),
('1a2e0f82-8b80-49a6-bd0d-47ba0d8ebb3f', 'ka-b2b'),
('cd3a53e3-01b1-47ae-b3e5-71b24d9181a2', 'ka-b2b'),
('f35d7221-b478-4e40-bf6c-7f360f1172a6', 'ka-b2b'),
('ddb54d8b-19fd-4650-9782-6875cfc0fc86', 'ka-b2b'),
('e40df793-a7c7-46e3-a069-503de23cee04', 'ka-b2b'),
('d96d178e-0b02-450b-a19f-bcc05009ab8e', 'ka-b2b'),
('ae1d3b84-5f23-4df2-b761-5a497e5678e7', 'ka-b2b'),
('3bca6682-f06b-455b-ae8f-a3b459489ff4', 'ka-b2b'),
('ebb7970e-5da9-4732-9015-cf4c0f45b52d', 'ka-b2b'),
('c0724a96-6cfe-496a-a212-38d62a1c737d', 'ka-b2b'),
('0ea5e342-41cc-4e46-a4f5-8b423fbc7c65', 'ka-b2b'),
('fca19838-64f7-4253-a4d7-f0210de1b2b9', 'ka-b2b'),
('7610b886-998f-406a-9db5-3c7fb93a0d04', 'ka-b2b'),
('97ff8d82-3abf-4348-ba83-ab88cac69d57', 'ka-b2b'),
('778f83e0-f2c7-4664-9bfd-c3277d7c2c0a', 'ka-b2b'),
('b1bd1e57-a17d-4810-a47b-51b6c17b6e3b', 'ka-b2b'),
('96dc7855-7424-411f-9567-90f8ef338766', 'ka-b2b'),
('944c2161-e061-448e-95c7-6462aa59337a', 'ka-b2b'),
('f44e5e68-02fa-40ac-bb63-8d20115104aa', 'ka-b2b'),
('d462f034-55ef-4296-ab15-cdcf75dcabc0', 'ka-b2b'),
('ed1ea317-9846-401c-a7d9-eab3ccb67ea5', 'ka-b2b'),
('a76b15a7-cee8-420b-b078-23290c66da30', 'ka-b2b'),
('c2d5d979-1e6e-4d0d-a6cb-9bd069026176', 'ka-b2b'),
('48d1b5ed-b8a4-4004-8b18-939dcb6b0311', 'ka-b2b'),
('9778a6af-724b-4ade-b545-82be5a7025ae', 'ka-b2b'),
('da9baec9-6e95-473f-b999-fad681fc7342', 'ka-b2b'),
('2695a507-b670-4409-94ae-bf3d7f39f249', 'ka-b2b'),
('20361733-2539-42b7-8c9f-c4ebb34144ec', 'ka-b2b'),
('96743438-a3fd-4507-9ccd-15db08a0c7bf', 'ka-b2b'),
('b7ec3ac8-3d15-4956-80c0-1b7eb170f376', 'ka-b2b'),
('e7b94a27-209f-45a3-aebd-43979177618a', 'ka-b2b'),
('b283e8ae-d466-4c91-8a49-1f64f4bf2158', 'ka-b2b'),
('d14bba57-0cf2-42dc-add6-c7a76929bf53', 'ka-b2b'),
('4f1de8b9-52f5-4447-adf5-a7e878503b23', 'ka-b2b'),
('c66fa389-1e16-4a2f-ba2f-fddbfcd4b9dc', 'ka-b2b'),
('6fc959d2-4bee-4e9a-bc76-cc8691488aab', 'ka-b2b'),
('caf0fa49-f17e-43de-92ad-a6556fa429ca', 'ka-b2b'),
('caeb5c99-8a14-4b2f-b53c-d0c6cd4e2e8f', 'ka-b2b'),
('20849e5d-3019-4ede-9d47-140d96238c3d', 'ka-b2b'),
('d85b0157-b4a6-4f5a-a6e5-64d648b4373c', 'ka-b2b'),
('75103609-2767-463a-bc20-3c3195f3eee6', 'ka-b2b'),
('0e2929f2-2a4a-47a9-aa28-f78e58d60506', 'ka-b2b'),
('514348bd-ac91-491a-97f1-e3a3d8d69b6f', 'ka-b2b'),
('0474640c-c048-4e7f-84f6-18232d7bc303', 'ka-b2b'),
('2f24b793-f82c-4477-a4eb-047b13126287', 'ka-b2b'),
('0f1c3075-e1a6-4946-aebe-29ef3c644ad0', 'ka-b2b'),
('15643476-ed31-4761-af74-184c87368811', 'ka-b2b'),
('a3a2cd13-a76a-41c7-83f2-58c31e2b126c', 'ka-b2b'),
('e1c94535-1d95-4a26-b1ca-5529bfd833e3', 'ka-b2b'),
('3e76a724-f1d4-42a5-94c4-2ed46c79ec20', 'ka-b2b'),
('038031e1-6424-4fe9-aaca-3068e0bd46cb', 'ka-b2b'),
('ebfda197-9723-431d-889a-d30d727b1e28', 'ka-b2b'),
('a2ab58bd-5b8f-45d7-9e95-52ffeca49ea8', 'ka-b2b'),
('3aa5cda5-a1d0-46b0-b735-efdb1b5571d2', 'ka-b2b'),
('9c2d13a7-bb48-492a-bdcc-2a229fe847de', 'ka-b2b'),
('a8fc243e-5f44-4f84-a580-879ad596a708', 'ka-b2b'),
('67c1ab30-8ed7-4678-92b3-9553a6d958b8', 'ka-b2b'),
('3127298c-ef70-4a5b-823a-b7181759ae96', 'ka-b2b'),
('bb2bc6e3-6a7c-47de-88a2-d3964b7dd03b', 'ka-b2b'),
('f99c0721-b7f3-4211-b76d-42ac1d709be4', 'ka-b2b'),
('418631a7-c4c1-4f6a-80d1-59fdb8326200', 'ka-b2b'),
('092257da-22e7-45b3-a2f1-424388a8ca84', 'ka-b2b'),
('16119dc9-bb18-4720-813e-ac7a4804328b', 'ka-b2b'),
('d84ee8bc-66b8-45fb-aa0d-17ed551b6d85', 'ka-b2b'),
('ba4dcafa-dc8c-42d0-b9aa-637ee7313dda', 'ka-b2b'),
('7d381c9c-4f4a-4585-a416-c1ca7facec39', 'ka-b2b'),
('0bfb8fb6-2489-4880-adc3-cc582316fe85', 'ka-b2b'),
('57fe9fa8-5469-42d4-a776-bab9dc7a4476', 'ka-b2b'),
('a9da6940-72c1-4882-a940-48741c62431f', 'ka-b2b'),
('33e40f2c-8fe7-4b3e-94b7-dda75bf0dfe6', 'ka-b2b'),
('85eaef4e-a6f7-44ef-a4d4-4c3e34ecc0cd', 'ka-b2b'),
('626ac6bb-0ef6-451e-88fc-bb5dcb1a0af7', 'ka-b2b'),
('3e9e4975-e319-46b1-8190-f83ea6186387', 'ka-b2b'),
('06fe6277-8596-49ca-8e24-cb9636253753', 'ka-b2b'),
('31049b89-89b4-4efe-9c35-8e60389536d7', 'ka-b2b'),
('0ce2415a-056e-49c9-ac5c-146e581e5c16', 'ka-b2b'),
('bb9cb121-1bdb-4631-92f0-c7431e49cf36', 'ka-b2b'),
('d5e31819-e19a-4b58-8e99-895fee63284b', 'ka-b2b'),
('318f91a8-cb89-482b-ae3a-46dba66b23c0', 'ka-b2b'),
('a304d8c1-9838-4723-8c01-32f3fd64e5b8', 'ka-b2b'),
('42ff9078-086f-4ef3-8c47-ea1abadb127f', 'ka-b2b'),
('1178237e-e2e2-4c3b-b589-e4dc7f3d69fe', 'ka-b2b'),
('fbf0dc09-59a3-4a85-8d3b-244a7b65b60c', 'ka-b2b'),
('d9f69138-3186-4c4d-9f41-72606889c337', 'ka-b2b'),
('0d1d4fe5-3108-43aa-8b07-577fb3c0b132', 'ka-b2b'),
('b1dbb4e2-52fe-49e7-96e8-198034f6af30', 'ka-b2b'),
('df7cbed6-565a-4725-8a7a-199d6b02f47e', 'ka-b2b'),
('5a58ac77-bfcf-471a-ae3d-456f72d8825a', 'ka-b2b'),
('7402d5dc-e653-4c65-b831-53e1c561894f', 'ka-b2b'),
('8f452752-7204-40fd-a6cc-ac66ff7f9ebf', 'ka-b2b'),
('218f6b30-ab84-4d0a-8671-f950b79ea1d7', 'ka-b2b'),
('60400321-d0e8-462f-bcc0-121793ddc3a3', 'ka-b2b'),
('9166f825-0ac6-47bf-ac1f-e336e01b987a', 'ka-b2b'),
('1152cc23-06ca-4ae1-bd0b-3760152eda76', 'ka-b2b'),
('a442b1c0-15e3-4b76-8145-d5739d788ab4', 'ka-b2b'),
('d64248a3-f8df-4b25-a7f3-f3bb676e862e', 'ka-b2b'),
('847c4b78-0178-4978-8825-2eea3b67da4e', 'ka-b2b'),
('c751119e-3fd2-4aab-83c1-aa09f822e304', 'ka-b2b'),
('9d29f874-8fa3-4df2-b976-c367db4e4071', 'ka-b2b'),
('dce720dd-edb0-41b2-a008-b905025d63bf', 'ka-b2b'),
('4f9e0361-63b4-4422-9106-8ca1b4cbf831', 'ka-b2b'),
('0384f89f-adf4-41e3-980d-54a4b68d0f68', 'ka-b2b'),
('3917569c-be48-4ec1-ab14-d4d753792e50', 'ka-b2b'),
('11b8d461-82a7-463c-84cb-9eead19df464', 'ka-b2b'),
('23811c89-7014-47a9-892e-85de90b47230', 'ka-b2b'),
('140ee135-bd80-43e7-83de-e9a56800c3d8', 'ka-b2b'),
('e9a25252-9895-4eaf-bd3d-abc0a7ea89dc', 'ka-b2b'),
('0164c987-6cd3-4a4a-a3e7-20f9d327d982', 'ka-b2b'),
('cd8e79eb-eddc-43ef-842e-4243fe151209', 'ka-b2b'),
('5d73e6f2-dfc1-455d-8401-2f5a82e47205', 'ka-b2b'),
('4c19c76c-6d17-44d5-973a-580d89b71310', 'ka-b2b'),
('88e93834-14e9-4fcf-be64-2d5e5f966020', 'ka-b2b'),
('ec8735ec-9b05-4766-ab3f-433fee253c82', 'ka-b2b'),
('ba978ca6-e92b-4e05-b1bd-ffb4b5477d83', 'ka-b2b'),
('b186a079-0878-4b51-a80a-2f235c92991b', 'ka-b2b'),
('6dc82776-9c60-4100-a19e-c4d3401863a0', 'ka-b2b'),
('6f9775d0-f3fd-4e33-990f-19a883107a5f', 'ka-b2b'),
('0dfd6244-02c6-4fb6-be68-503a8aeba142', 'ka-b2b'),
('c2717c24-f170-4675-89ed-6eaaece08c64', 'ka-b2b'),
('a6ebd036-aaa3-4194-a986-833b0eae2039', 'ka-b2b'),
('77668a61-3b56-44fc-b205-7a68615a347e', 'ka-b2b'),
('b6eb3bdd-d8c4-4e2c-a7cf-bcffb72332cf', 'ka-b2b'),
('74ae8b5d-3c65-45b2-aa3e-a7b682a5800e', 'ka-b2b'),
('432511b7-7602-49d5-a5e1-a5e3b2b96539', 'ka-b2b'),
('d178ecc2-c3c0-4e7e-85ef-f83f8efc0bea', 'ka-b2b'),
('4435daab-719e-4335-949b-c2e2df1ddc24', 'ka-b2b'),
('50f840f1-7777-4240-83e8-7dca5c3531bf', 'ka-b2b'),
('374c40a3-42f5-4097-ab2f-cd426e69c579', 'ka-b2b'),
('92cefbd7-6690-452e-b8fb-93a34916abae', 'ka-b2b'),
('2b712a1e-2d79-4b48-ab78-f3714058e397', 'ka-b2b'),
('46ed4a93-db2f-42fd-af4b-5c87871032ca', 'ka-b2b'),
('8d263022-1ba0-434c-bc43-198ce4aaefc0', 'ka-b2b'),
('7ebed842-a27a-4dc9-a93f-dcc079149fcd', 'ka-b2b'),
('1f22f715-6a4f-4ff7-a734-8f5306387621', 'ka-b2b'),
('413823b1-5f3e-4f3b-8419-53b62b7de031', 'ka-b2b'),
('c80903ee-553a-42f3-b6df-6f0ab5c5b630', 'ka-b2b'),
('3e9c7ec8-e5a7-4698-909c-132bd8d6e638', 'ka-b2b'),
('2f1083b7-5c1e-4649-b2bd-5f4ba63b0e84', 'ka-b2b'),
('ebc58331-05a2-4cc6-b853-d57f12f6a811', 'ka-b2b'),
('0a912d34-650f-4b05-b4c0-0a8851ce0fd1', 'ka-b2b'),
('75fddeca-eeaa-4265-8603-715798a56fb1', 'ka-b2b'),
('46ef89b4-6673-40c4-b6f2-40bb146246ec', 'ka-b2b'),
('5e50d3e8-d625-46e3-9584-2dac539c986d', 'ka-b2b'),
('5fb36feb-5a82-41ff-8c80-d59d2293357d', 'ka-b2b'),
('6b22ee63-5620-4c5d-b017-8f8f7df5eeab', 'ka-b2b'),
('b1657fed-12d0-428f-9aa8-183e7571e61f', 'ka-b2b'),
('d64b698a-edf4-44f0-ac49-aa7ea0e8f72f', 'ka-b2b'),
('4f50eb6e-8118-45b5-b9a4-1a21e7f78314', 'ka-b2b'),
('ec6507b6-f284-4b14-b6a7-b012ac2cf88c', 'ka-b2b'),
('f939012f-bfc3-4bd6-afef-9fc4ba504626', 'ka-b2b'),
('0907ca9e-9d42-4ca9-9d8a-b7cbb8dc4a1c', 'ka-b2b'),
('22df2649-2604-4d7f-88c7-eaf30a53c939', 'ka-b2b'),
('c5a25640-1e33-4dc7-939d-3d9bad333767', 'ka-b2b'),
('c6ba32bb-14f7-4708-b284-a0206222cfe1', 'ka-b2b'),
('a1ceb3d3-d3d7-42ff-977a-d2117b6c2d31', 'ka-b2b'),
('7fd888d8-88dc-4890-a111-f956ba56a118', 'ka-b2b'),
('c9471591-3fff-4733-8141-3f73795c8fbe', 'ka-b2b'),
('4a468af4-222c-49f1-8bc5-871e0ea34205', 'ka-b2b'),
('389eb358-8281-4eb3-911d-51c948451e2c', 'ka-b2b'),
('d3dd8fe7-a04b-4aa3-81e9-e2c98eaf7254', 'ka-b2b'),
('45a15252-120f-43c5-8c2b-7610246017e2', 'ka-b2b'),
('3c20d41a-8a0e-4c77-94c6-05d186cdf7c0', 'ka-b2b'),
('3f1b5eae-5328-4f42-ae54-8336e0a9cb5a', 'ka-b2b'),
('e2d85d92-7a03-45a8-9ebe-05e0eb96e080', 'ka-b2b'),
('d3d40cf9-95f2-4b16-a1b5-bdd2543d5a9b', 'ka-b2b'),
('33569827-95a9-4dd4-a34b-bb1f4602a06a', 'ka-b2b'),
('c8947dde-9944-4dd4-9d34-5a36d15e5a09', 'ka-b2b'),
('9bac297b-bf04-434d-bed3-e19999f199bf', 'ka-b2b'),
('a76502ab-b0e7-4a06-a380-1b9a3bfb5d37', 'ka-b2b'),
('08d686a5-bd81-43b9-b53e-36603690f217', 'ka-b2b'),
('569d1741-d2bf-4571-bced-7e0efc5cf5d5', 'ka-b2b'),
('a4c4e20f-a645-4eb7-939f-a757d515464f', 'ka-b2b'),
('93060aa6-0767-43db-b868-c083adf9a455', 'ka-b2b'),
('04457967-0650-46ff-9284-943f61a889bc', 'ka-b2b'),
('8fb1be85-a908-4588-838a-287241956515', 'ka-b2b'),
('8dda7341-ec5b-440b-951b-9c787b0e3910', 'ka-b2b'),
('45741845-ed3b-4ea3-9b66-c280491915bf', 'ka-b2b'),
('5496278e-3ea8-4348-ad1b-552442e3d0fe', 'ka-b2b'),
('881cc48f-160b-4f43-87b7-ac01c7ab8c2b', 'ka-b2b'),
('e32efa53-1bcc-4064-9081-5325d0b79d48', 'ka-b2b'),
('e5fb77bc-ce14-4231-b8b3-8f35aca21de8', 'ka-b2b'),
('adf7c928-1b0d-4c81-a0d6-0809d4f7f52c', 'ka-b2b'),
('72c2ced8-a015-40df-8c28-4fff18223f7e', 'ka-b2b'),
('a5b7a864-0e72-4381-9f77-34944195bdfd', 'ka-b2b'),
('9ad6b3af-a23e-4b1f-8859-ee5bb39d8558', 'ka-b2b'),
('2326da17-cb1b-4c76-96f8-f4b052c00839', 'ka-b2b'),
('0497237a-79be-41e5-9f5e-7b4b068cfcfe', 'ka-b2b'),
('6123fbb2-93d6-48b3-bf3e-a876401d61ad', 'ka-b2b'),
('246cfad9-f7ae-4442-aec6-5b17c1d2064e', 'ka-b2b'),
('f256396c-04fe-4374-b5df-dc53d83197eb', 'ka-b2b'),
('b9858d50-8351-46c0-ab19-a0be50f84b29', 'ka-b2b'),
('66ef2695-5622-4cce-a112-6666c7672766', 'ka-b2b'),
('7bd2af23-af64-40f7-b821-33ab1aa8a74f', 'ka-b2b'),
('6591cbe7-7459-4a4b-b308-fcfebeb1e0f0', 'ka-b2b');
