-- Batch 239 (200 records)
INSERT INTO contacts (id, first_name, last_name, email, phone, company, address) VALUES
('0888c676-54b8-4c2a-855f-6b55345addb4', 'Marco', 'Krähenbühl', 'kontakt@kt-treuhand.ch', '041 530 12 12', 'KT Krähenbühl Treuhand GmbH', 'Sprützehusweg 6, 6315 Alosen, Zug'),
('c38c6c07-1052-4cbb-be25-d423e05c60ed', 'Peter', 'Krapf', 'peter.krapf@kt-krapftreuhand.ch', '071 278 66 40', 'kT Krapf Treuhand AG', 'Breitschachenstrasse 12a, 9032 Engelburg, St. Gallen'),
('c894357d-c20b-4bb0-9af2-bb1628437e27', 'Thorsten', 'Lange', 'info@ktcolor.ch', '044 994 50 25', 'kt.COLOR AG', 'Aathalstrasse 74, 8610 Uster, Zürich'),
('5c85a5df-2967-403b-9207-967246374907', 'Maria', 'Azzarito', 'maria.azzarito@ktb-treuhand.ch', '061 271 88 55', 'KTB-Treuhand AG', 'Eulerstrasse 54, 4051 Basel, Basel-Stadt'),
('047ccc52-b261-4bf5-886c-66cd458c0ac3', 'Rolf', 'Egli', 'rolf.egli@k-tec.ch', '044 683 24 40', 'K-Tec Spritzgiesstechnik AG', 'Pfarrmatte 6, 8807 Freienbach, Schwyz'),
('f3f0000b-0453-4e62-8bc9-f7cf1bf505d1', 'Klaus', 'Thaler', 'info@ktipprechtsschutz.ch', '044 527 22 22', 'K-Tipp Rechtsschutz AG', '8024 Zürich, Zürich'),
('591423e9-c8d9-42d6-8c8c-bfa5e439d1d8', 'Rowena', 'Vettiger', 'info@ktk.ch', '061 927 94 27', 'KTK Kindertagesklinik Liestal', 'Oristalstrasse 87a, 4410 Liestal, Basel-Land'),
('2b593938-0b94-4cec-8f43-b238a358dfe4', 'Manuel', 'Amstutz', 'info@k-t-p.ch', '031 972 77 77', 'KTP Klein-Teile-Produktions GmbH', 'Könizstrasse 161, 3097 Liebefeld, Bern'),
('8c8832d6-cbb3-4b55-99d3-7a635dd321fa', 'Pascal', 'Kolb', 'p.kolb@hotmail.com', '071 761 25 52', 'KTV Oberriet', '9463 Oberriet, St. Gallen'),
('ac99c6f3-1d30-4ce2-b42d-8ae0c7b5b16d', 'Shaban', 'Morina', 'info@ktvswiss.ch', '044 419 00 30', 'KTV Swiss GmbH', 'Albulastrasse 57, 8048 Zürich, Zürich'),
('89930157-f41d-42d0-ae6c-8879728b9598', 'Urs', 'Meissner', 'urs.meissner@thurweb.ch', 'N.a.', 'KTV Wil bewegt', 'Schanzweg 9, 9533 Kirchberg, St. Gallen'),
('036b7ae5-62b6-4363-894b-55badcd509a3', 'Anja', 'Casada-Kummer', 'yin@kuan-shiatsu.ch', '079 404 04 89', 'Kuan Shiatsu', 'Bruggerstrasse 37, 5400 Baden, Aargau'),
('a7fd40a4-6ec3-4ccc-a1b2-c8408d971a75', 'Thomas', 'Kesseli', 'thomas.kesseli@kubarch.ch', '041 811 66 00', 'Kub Architekten AG', 'Herrengasse 10, 6430 Schwyz, Schwyz'),
('81d855ec-b6c4-474b-b62c-ab747f3c207e', 'Eric', 'Heini', 'ee.heini@gmail.com', '079 944 06 69', 'KuBa Restaurant Rheinfelden', 'Baslerstrasse 72, 4310 Rheinfelden, Aargau'),
('8ae5ff07-e028-4c9d-b4a7-77b9e1cd39c1', 'Tobias', 'Winkler', 'info@kubaa.ch', 'N.a.', 'Kubaa Eventlocation Zürich', 'Bachmannweg 16, 8046 Zürich, Zürich'),
('b1b3d708-dd5a-4115-9d65-aafb538f8b89', 'Jann', 'Walter', 'kubaco@kubaco.ch', '052 343 39 39', 'KUBACO AG', 'Ringstrasse 12, 8317 Tagelswangen, Zürich'),
('f1ddd41d-781f-44e6-bbdb-a67eee56a34a', 'Enisa', 'Kurtovic', 'info@kubafloor.ch', '031 503 12 04', 'Kubafloor GmbH', 'Biberiststrasse 7, 4563 Gerlafingen, Solothurn'),
('5d0eb073-af4c-48ac-8372-201c462d470c', 'Benjamin', 'Hermann', 'info@kubehaustechnik.ch', '071 470 02 13', 'Kube Haustechnik GmbH', 'Langgasse 57a, 9056 Gais, Appenzell Ausserrhoden'),
('13b28cf9-83dc-4322-bfc8-38d10a41f0d7', 'Matthias', 'Kubli', 'mail@kubes.ch', '044 244 27 00', 'Kubes AG', 'Motorenstrasse 36, 8623 Wetzikon, Zürich'),
('9b2da7d0-857f-4da3-84a6-79edd738bd13', 'Willi', 'Kübler', 'w.kuebler@kuebler-holzbau.ch', '043 844 80 00', 'Kübler AG Holzbau', 'Rinderweid 1, 8618 Oetwil am See, Zürich'),
('66e5364f-d396-478d-94e2-cc9654be7aae', 'Roland', 'Ammann', 'r.ammann@kuebler-schreinerei.ch', '043 843 40 02', 'Kübler AG Innenausbau + Schreinerei', 'Gewerbestrasse 7, 8708 Männedorf, Zürich'),
('71f11c36-07d0-4c75-a611-786eaa743ab2', 'Julia', 'Kübler', 'info@kuebler-balance.ch', '052 721 29 46', 'Kübler Balance Physiotherapie', 'In der Breite 2, 8532 Warth, Thurgau'),
('0b1e3c1d-5b04-4ec5-8ea9-caa70b48a6c5', 'Ramiro', 'Kübler', 'info@kuebler-haustechnik.ch', '061 781 13 92', 'Kübler Haustechnik AG', 'Industriering 45, 4227 Büsserach, Solothurn'),
('3cb0be56-c0cb-4aff-93cb-9ec7c17460a3', 'Steffen', 'Kübler', 'info@zahnaerztezuerich.ch', '043 244 80 40', 'Kübler Truninger Zahnärzte Zürich', 'Stadelhoferstrasse 42, 8001 Zürich, Zürich'),
('258fdebd-c8ac-4fec-b806-b5fd4419f294', 'Robert', 'Kübler', 'info@kuebler-treuhand.ch', '044 501 45 00', 'Kübler-Augustoni Treuhand', 'Bodenacherstrasse 11, 8604 Volketswil, Zürich'),
('dadc35a7-bdd4-4c90-a588-844caefd5408', 'Mario', 'Müller', 'kublimaler@bluewin.ch', '079 919 42 02', 'Kubli Maler GmbH', 'Mühlebachweg 7, 8867 Niederurnen, Glarus'),
('0274cf80-d88f-4274-9362-0e56283facc9', 'Daniel', 'Kubli', 'kubli@kubli-architektur.ch', '044 910 96 28', 'Kubli Partner Architektur AG', 'Allmendstrasse 9, 8700 Küsnacht, Zürich'),
('7aec0067-dc99-463d-b0f5-38b15352a925', 'Sepp', 'Kubli', 'info@sankubli.ch', '055 640 71 38', 'Kubli Sanitär GmbH', 'Hinterbühl 11, 8754 Netstal, Glarus'),
('c83d9fbf-24ad-44c8-80c9-6112d784b92e', 'Alexandre', 'Naef', 'info@kubo.ch', '052 354 18 18', 'Kubo Tech AG', 'Im Langhag 5, 8307 Effretikon, Zürich'),
('d60ea6cf-c340-4304-bb20-7507f12e92bc', 'Silvia', 'Brauchli', 'info@kubrix.ch', '058 750 03 00', 'Kubrix AG', 'Ziegeleistrasse 7, 8422 Pfungen, Zürich'),
('d5dc67d5-f058-4f19-8246-61cb3d1626cc', 'Jan', 'Kamarys', 'info@kubus-eventlokal.ch', '031 838 10 10', 'Kubus Eventlokal', 'Freiburgstrasse 249b, 3018 Bern, Bern'),
('d606f1c5-815a-472c-af6f-96dc34db5cc9', 'Angelo', 'Beetschen', 'angelo.beetschen@kubusre.ch', '044 252 71 80', 'Kubus Real Estate AG', 'Seefeldstrasse 9, 8008 Zürich, Zürich'),
('1355595b-92fe-4c2b-b123-92e7cda6efee', 'Roman', 'Imfeld', 'roman@kuechen-imfeld.ch', '041 611 03 44', 'Küchen Imfeld GmbH', 'Stansstaderstrasse 48, 6370 Stans, Nidwalden'),
('a6a2e156-80c2-4ab2-a442-d1f081fb875a', 'Thomas', 'Zurbrügg', 'info@kuechenakzente.ch', '031 381 70 07', 'Küchenakzente AG', 'Schwarzenburgstrasse 217, 3097 Liebefeld, Bern'),
('8adffcab-fe55-491a-994b-5d4b7d5d35f6', 'Reto', 'Gmür', 'info@gmuerkuechen.ch', '055 640 33 33', 'Küchenbau Gmür + Braun AG', 'Wiesstrasse 2, 8755 Ennenda, Glarus'),
('75eb31a9-7422-4838-9a1f-b1c5878db4d3', 'Richard', 'Walker', 'info@kuechenbauwalker.ch', '041 871 25 23', 'Küchenbau Walker GmbH', 'Dürrbach 1, 3099 Rüti b. Riggisberg, Bern'),
('062b0559-4d35-4527-8971-82ed3d90696e', 'Nikole', 'Leienbach', 'kuchenliebe@gmx.ch', '079 294 52 57', 'Kuchenliebe KlG', 'Rehhalden 6, 6244 Nebikon, Luzern'),
('820b0852-1953-473c-8fe9-71ca2c2dba20', 'Claudia', 'Zuppinger', 'info@kuchenstube.ch', 'N.a.', 'Kuchenstube Zuppinger', 'Spitzwiesenstrasse 35, 8957 Spreitenbach, Aargau'),
('fb26b88c-67a6-4449-bc1b-9fbb022b6c83', 'Robert Bruno', 'Kaufmann', 'info@kuw.ch', '041 660 55 10', 'Küchler + Wyrsch AG', 'Kreuzstrasse 33, 6056 Kägiswil, Obwalden'),
('db9f7986-a6b5-437b-aa8d-b1120f5a4b00', 'Walter', 'Küchler', 'kuechler.architektur@tep.ch', '041 662 40 70', 'Küchler Architektur GmbH', 'Industriestrasse 20, 6060 Sarnen, Obwalden'),
('0fdc3549-e7ff-48ff-8b1c-025d930b9c58', 'Josef', 'Küchler', 'mail@kuechler-druck.ch', '041 675 22 22', 'Küchler Druck AG', 'Industriestrasse 28, 6074 Giswil, Obwalden'),
('bd4e2a9c-36d0-4731-9b9e-b33da235a4b6', 'René', 'Küchler', 'info@kuechler-gmbh.ch', '041 937 16 18', 'Küchler René GmbH', 'Luzernerstrasse 21, 6030 Ebikon, Luzern'),
('60197c26-d0fb-477d-ab16-879041f74750', 'Jörg', 'Küchler', 'jk@kuechler-technik.ch', '041 329 20 20', 'Küchler Technik AG', 'Schlundmatt 30, 6010 Kriens, Luzern'),
('24e5048f-7019-4ff9-adfb-29c67d29f96e', 'Denis', 'Bernhardt', 'd.bernhardt@kuck-uck.com', '079 660 68 22', 'KUCK UCK GmbH', 'St.Alban-Rheinweg 96, 4052 Basel, Basel-Stadt'),
('9602e063-bc10-438c-a7d3-ed97fc543f1f', 'Jürg', 'Küenzi', 'info@kueenzicoag.ch', '031 869 01 47', 'Küenzi & Co. AG', 'Dammweg 45, 3053 Münchenbuchsee, Bern'),
('fca33908-08ba-4a4d-a8f5-4013677d9460', 'Martin', 'Küenzi', 'info@malerkuenzi.ch', '031 711 27 02', 'Küenzi Maler und Gipser AG', 'Gewerbestrasse 4, 3532 Zäziwil, Bern'),
('7ce1020d-3f64-4cbc-8122-b2637bb58182', 'Philipp', 'Küffer', 'info@kueffer-mulden.ch', '026 494 12 76', 'Küffer AG', 'Galteren 21, 1712 Tafers, Fribourg/Freiburg'),
('283b4e75-0063-43ea-b47d-f53167f291a6', 'Jürg', 'Steffen', 'info@ketag.ch', '034 445 26 26', 'Küffer Elektro-Technik AG', 'Industrie Neuhof 31, 3422 Kirchberg, Bern'),
('5982fde2-8262-4e7e-9bc4-c38d8d4a7f4a', 'Dieter', 'Küffer', 'kuefferht@evard.ch', '032 397 20 53', 'Küffer Haustechnik Sanitär/Heizung', 'Weidweg 6, 3272 Epsach, Bern'),
('1e9f3204-8106-4645-89e1-db7dd694f9cd', 'Stefan', 'Küffer', 'kuefferplatten@bluewin.ch', '079 346 76 28', 'Küffer Platten GmbH', 'Beundenstrasse 28, 3803 Beatenberg, Bern'),
('59930894-1ca1-4355-8982-b3f51d8939a9', 'Ivo', 'Sonderegger', 'info@kueffer.ag', '031 819 09 81', 'Küffer Reinigungen AG', 'Bernapark 4, 3066 Stettlen, Bern'),
('025f4afd-ea2d-4de1-9ec5-7c40f21ab42d', 'Adrian', 'Rihs', 'adrian.rihs@schreinerei-kueffer.ch', '032 377 22 55', 'Küffer Schreinerei AG', 'Beundenweg 4, 2542 Pieterlen, Bern'),
('351e4f8f-ce78-4b60-9de4-f47f34bff6bb', 'Sandra Helena', 'Kugelmeier-Heller', 'info@kugelmeiers.com', '044 562 49 57', 'Kugelmeiers AG', 'Bahnhofstrasse 40, 8703 Erlenbach, Zürich'),
('2fb2390a-24ea-45a2-ab96-a3f7ce5f0f5e', 'Remo', 'Kugler', 'kuglergartenbau@gmx.ch', '071 470 03 35', 'kugler gartenbau gmbh', 'Staubishub 7, 9315 Winden, Thurgau'),
('0866dbb7-c23b-49b5-9f3b-435805928567', 'Walter', 'Kugler', 'kuglerholzbau@bluewin.ch', '071 890 08 90', 'Kugler Holzbau AG', 'Hinterergeten 909, 9427 Wolfhalden, Appenzell Ausserrhoden'),
('cb28b0c8-1f43-4363-a65b-4a67239ca955', 'Ronja', 'Fehr', 'info@tschuggenhuette.ch', '081 378 84 45', 'Kuhbar Arosa', 'Tschuggenhütte, 7050 Arosa, Graubünden'),
('c4c3aaa5-1d64-4ec3-b027-62a33048af64', 'Stefan', 'Peters', 'mail@kupe.ch', '044 450 77 81', 'Kuhlbrodt & Peters Architekten', 'Binzstrasse 12, 8045 Zürich, Zürich'),
('29b7d995-e2aa-44cb-9edf-7190d939a342', 'Bernd', 'Kuhlin', 'info@kuhlin.com', '043 501 92 60', 'kuhlin.com gmbh', 'Untere Paulistrasse 57, 8834 Schindellegi, Schwyz'),
('4c7cae3d-c9cd-4ac4-8415-7aa4ebf6bc91', 'Bernhard Georg', 'Fuchs', 'sales@kuhlmann-europe.com', 'N.a.', 'Kuhlmann Switzerland AG', 'Ostzelg 340, 5332 Rekingen, Aargau'),
('84fd6843-1a4f-43d8-8be7-2e93f801d8b7', 'Barbara', 'Grübl', 'office@kuehltherm.ch', '071 660 02 77', 'KühlTherm GmbH', 'Hinterdorfstrasse 4, 8598 Bottighofen, Thurgau'),
('70facf29-6049-4089-bfc3-54b37a5e1c3b', 'Reto', 'Kuhn', 'info@autokuhn.ch', '052 741 60 56', 'Kuhn AG Service-Center', 'Stegackerstrasse 40, 8264 Eschenz, Thurgau'),
('2ccb2c63-21e6-4255-9fc2-1fa2027522bd', 'Michael', 'Kuhn', 'michael.kuhn@kam-architekten.ch', '056 221 32 75', 'Kuhn Altendorfer Meyer Architekten AG', 'Oberstadtstrasse 10a, 5400 Baden, Aargau'),
('fab996d7-0310-42dd-acb9-836b7b298860', 'Richard', 'Kuhn', 'info@baeckerei-kuhn.ch', '071 374 12 35', 'Kuhn Back & Gastro AG', 'Dorfstrasse 28, 9125 Brunnadern, St. Gallen'),
('11edc978-4123-4903-bce6-0662531a3ee3', 'Marcel', 'Kuhn', 'info@kuhn-bildhaueratelier.ch', '071 277 57 74', 'Kuhn Bildhaueratelier GmbH', 'Feldlistrasse 15, 9000 St. Gallen, St. Gallen'),
('5713b1c9-34e6-427f-83d6-821442460f8c', 'Rolf', 'Kuhn', 'kuhncad@datacomm.ch', '071 911 04 48', 'Kuhn Cad-Baubüro', 'Fürstenaugasse 8, 9500 Wil, St. Gallen'),
('3cfdee96-f46e-4ff8-a18d-aa7aacee083a', 'Steven', 'Kuhn', 'infokuhndienstleistungengmbh@gmail.com', '041 513 21 01', 'Kuhn Dienstleistungen GmbH', 'Brandstrasse 7, 8340 Hinwil, Zürich'),
('824582fe-7ce3-481c-9720-3e426488c7b4', 'André', 'Kuhn', 'kuhngartenbau@hispeed.ch', '081 353 34 83', 'Kuhn Gartenbau AG', 'Montalinstrasse 25, 7203 Trimmis, Graubünden'),
('5d2184fb-1e40-4377-9efb-5a63046ad5e6', 'Alexander', 'Kuhn', 'info@konditoreikuhn.ch', '044 700 23 23', 'Kuhn GmbH Konditorei Bäckerei Confiserie', 'Schulstrasse 2, 8907 Wettswil, Zürich'),
('193be94c-36e1-4497-8825-f3edb3a9b05d', 'Peter', 'Kuhn', 'info@kuhn-haustechnik.ch', '044 860 44 35', 'Kuhn Haustechnik AG', 'Altmannsteinstrasse 25, 8181 Höri, Zürich'),
('b558b1c9-d7fd-4288-b22e-004c4ad8e03d', 'Jürg', 'Messerli', 'juerg.messerli@immo-kuhn.ch', '031 838 48 46', 'Kuhn Immobilien, Inhaber Jürg Messerli', 'Güterstrasse 2, 3076 Worb, Bern'),
('1f7c76a7-2287-4243-9b5e-80b82c8a056b', 'Stephan', 'Kuhn', 'kuhn@kuhn-la.ch', '044 291 18 19', 'Kuhn Landschaftsarchitekten GmbH', 'Ankerstrasse 3, 8004 Zürich, Zürich'),
('5458f14b-8614-40c3-8b6f-0b5501decc9e', 'Roland', 'Kuhn', 'roland.kuhn@kuhn-property.ch', '078 878 38 16', 'Kuhn Property AG', 'Lerchenweg 13a, 8835 Feusisberg, Schwyz'),
('ee0710c1-d443-4283-ad3c-5243cde35d99', 'Tobias', 'Gerfin', 'management@kuhnrikon.ch', '052 396 01 01', 'Kuhn Rikon AG', 'Neschwilerstrasse 4, 8486 Rikon im Tösstal, Zürich'),
('0d13e10a-a0ff-4aa6-a562-bf999cd12634', 'Roger', 'Küng', 'roger.kueng@robertkuhn.ch', '055 264 18 00', 'Kuhn Robert AG', 'Poststrasse 4, 8634 Hombrechtikon, Zürich'),
('700f95f3-0c28-4d76-9f98-6aac5a1cdb3b', 'Robert', 'Kuhn', 'info@robertkuhn.ch', '055 264 18 00', 'Kuhn Robert AG', 'Poststrasse 4, 8634 Hombrechtikon, Zürich'),
('0f4a95d2-54a9-4607-a25c-0a66b8b4538e', 'Dieter', 'Kuhn', 'info@kuhnsails.ch', '071 793 12 49', 'Kuhn Sailingcenter GmbH', 'Arbonerstrasse 4, 8590 Romanshorn, Thurgau'),
('f736d262-a967-4f23-b001-069b6a1f0538', 'Markus', 'Joho', 'joho@kuhnbieri.ch', '031 970 01 70', 'Kuhn und Bieri AG', 'Sägestrasse 75, 3098 Köniz, Bern'),
('d7fb689e-3e25-47c6-9e67-a244f6784652', 'Ueli', 'Kuhn', 'ueli@kuhn-bisikon.ch', '052 343 35 70', 'Kuhn-Bisikon', 'Hauptstrasse 6, 8307 Effretikon, Zürich'),
('b61cc5b0-933e-40d7-a3f5-3f03bd184182', 'Detlef', 'Trefzger', 'info.glattbrugg@kuehne-nagel.com', '044 866 81 00', 'Kühne + Nagel International AG', 'Wright-Strasse 1, 8152 Opfikon, Zürich'),
('e4da23ab-5dc5-429f-b36b-e918dd410d1d', 'André', 'Kühne', 'maler.kuehne@bluewin.ch', '044 780 04 95', 'Kühne AG', 'Schlossbergstrasse 9, 8820 Wädenswil, Zürich'),
('8f4da2ed-5cc7-4f2d-a795-47c806ba6fe3', 'Martin', 'Kühne', 'mkarch@bluewin.ch', '071 446 34 32', 'Kühne Architektur und Planung AG', 'Hafenstrasse 9, 9323 Steinach, St. Gallen'),
('f1e3c177-3e02-4a29-8deb-d28477286864', 'Remo', 'Kühne', 'info@kuehneholzbau.ch', '055 615 12 15', 'Kühne Holzbau AG', 'Dörfli, 8723 Maseltrangen, St. Gallen'),
('18d8deea-4ea1-4b6d-8e05-5603443b3349', 'Michael', 'Kühne', 'info@kuehnemetallbau.ch', '081 303 80 70', 'Kühne Metallbau GmbH', 'Eschenstrasse 15, 7310 Bad Ragaz, St. Gallen'),
('e04d0a94-c063-4a73-b2b2-3c9191b85add', 'Richard', 'Kühne', 'kuehne@planungundholz.ch', '076 566 48 60', 'Kühne Planung + Holz GmbH', 'Rebenstrasse 11, 8730 Uznach, St. Gallen'),
('ccf9ad54-3c30-44c1-bebd-036e96bdd811', 'Ruedi', 'Kühne', 'info@kuehne-holzbau.ch', '055 284 11 14', 'Kühne Ruedi Holzbau AG', 'Sonnenwiesstrasse 1, 8638 Goldingen, St. Gallen'),
('1f7a30fa-703c-4ea5-b181-beb686997664', 'Markus', 'Kühne', 'info@kuehne-waerme.ch', '055 615 40 40', 'Kühne Wärmetechnik GmbH', 'Feld 20, 8718 Schänis, St. Gallen'),
('106a09e5-694d-45c1-a3b1-88f34ffaf9cf', 'Matthias', 'Kuhnen', 'p.kuhnen@hotmail.com', '033 722 48 63', 'Kuhnens Biohof', 'Schmitzenriedstrasse 14, 3772 St. Stephan, Bern'),
('2baacaaa-7444-42c1-8c5e-4ec0f91248d0', 'Quoc', 'Kühne', 'kuehnes.parkett@gmail.com', '079 153 41 82', 'Kühnes Parkett GmbH', 'Untere Bahnhofstrasse 2, 8580 Amriswil, Thurgau'),
('5fd7aec4-8c06-4224-90ac-954f3d5ca25a', 'Ernst', 'Kühni', 'ernst.kuehni@kuehni.ch', '079 210 22 80', 'KÜHNI AG', 'Emmentalstrasse 102, 3435 Ramsei, Bern'),
('eca0f0af-ef4a-4204-95b3-366313471caf', 'Adrian', 'Kühni', 'info@schreinerei-kuehni-ag.ch', '034 411 14 22', 'Kühni AG Schreinerei', 'Längasse 23, 3326 Krauchthal, Bern'),
('f4ebcaba-2142-493a-8ce5-55f76a0a34bb', 'Marcel', 'Kühni', 'admin@kuehni-elektro.ch', '034 461 06 61', 'Kühni Elektro AG', 'Alpenstrasse 14, 3432 Lützelflüh-Goldbach, Bern'),
('2614e500-0efe-4d15-a228-b1d62d763c1a', 'Priska', 'Gessl', 'priska@gessl.ch', '052 640 09 39', 'Kuhstall Buschenschank', 'Ausserdorf 9, 8235 Lohn, Schaffhausen'),
('fb16275b-d8ef-4a20-8cec-9b5991a91138', 'Ivo', 'Kuijper', 'info@kuijper.ch', '079 306 21 71', 'Kuijper Modell- und Formenbau GmbH', 'Felbenstrasse 18, 9403 Goldach, St. Gallen'),
('67cdb0ea-ba64-4262-b441-f17d4c3e9e43', 'Manuel', 'Inauen', 'info@kuk.ch', '071 788 38 00', 'KUK Electronic AG', 'Industriestrasse 10, 9050 Appenzell, Appenzell Innerrhoden'),
('8a2bb7db-0f29-4f66-9ef9-d3bde4362147', 'Urim', 'Kukani', 'info@restaurant-hoeck.ch', '032 384 32 50', 'Kukani GmbH', 'Bielstrasse 46, 3250 Lyss, Bern'),
('5dbbe3f0-194b-4710-b1cd-4f61890d7f77', 'Anna', 'Portmann', 'kukui@kukui.ch', '043 243 03 44', 'Kukui GmbH', 'Dienerstrasse 70, 8004 Zürich, Zürich'),
('9ad970fa-727c-4d38-bdf9-a8d42ced028d', 'Kurt', 'Kunfermann', 'info@kukuma.ch', '079 420 19 19', 'Kukuma Raumflächen AG', 'Ringstrasse 35d, 7000 Chur, Graubünden'),
('ec3ec603-e964-4726-b0d0-17b49c8e0213', 'Samuel', 'Külhan', 'beratung@kupa.ch', '031 312 00 70', 'Külhan & Partner AG', 'Marktgasse 61, 3011 Bern, Bern'),
('e1d3cff1-5b8f-4230-99b2-27be39d00758', 'Michael', 'Zenoni', 'info@kuli-muli.com', '056 610 52 42', 'Kuli-Muli AG', 'Rotmatt 1, 5626 Hermetschwil-Staffeln, Aargau'),
('d6738997-c3a8-4332-b81f-63be7ec03296', 'Catia', 'Ulmann Azzolino', 'kulinartis@gmail.com', '076 690 92 74', 'kulinartis gmbh c/o Catia Ulmann-Azzolino', 'Im Täli 2a, 5452 Oberrohrdorf, Aargau'),
('b7727f1d-9ca5-4244-a5c1-da373e8216bf', 'Rolf', 'Grünenwald', 'rolf.gruenenwald@kull-elektro.ch', '044 739 49 49', 'Kull Elektro AG', 'Industriestrasse 6, 8903 Birmensdorf, Zürich'),
('a8c6c6c2-af0f-43d6-8ed6-c6fe771a7175', 'Roni', 'Kull', 'info@kullwegmann.ch', '079 564 85 69', 'Kull Wegmann GmbH', 'Richard Wagner Strasse 21, 8002 Zürich, Zürich'),
('6ba88149-9c0b-4438-be0c-a9f07adf32a0', 'Fatime', 'Pnishi-Thaqi', 'info@kulla.restaurant', '032 652 19 19', 'Kulla GmbH', 'Bielstrasse 120, 2540 Grenchen, Solothurn'),
('fca9f062-76d0-4d95-95e8-b6bef65f71a3', 'Christoph', 'Kulli', 'kontakt@kullikhan.ch', '062 922 16 16', 'Kulli Khan AG', 'Einschlagstrasse 6, 4622 Egerkingen, Solothurn'),
('2eda8201-0f15-4150-8405-8b08ba99666e', 'Roland', 'Külling', 'info@kuelling-ag.ch', '052 687 37 00', 'Külling AG', 'Bahnhofstrasse 11, 8217 Wilchingen, Schaffhausen'),
('1fcce87c-7665-48aa-904e-7a51375fb901', 'Claudio', 'Külling', 'info@fit-online.ch', 'N.a.', 'Külling Nutrition', 'Güpfstrasse 2a, 5610 Wohlen, Aargau'),
('20a4571f-746d-4394-8faf-114ecf261e47', 'Rainer', 'Külling', 'rk@kuelling-consulting.ch', '079 462 88 83', 'külling.consulting gmbh', 'Bernstrasse 30, 3270 Aarberg, Bern'),
('ff42fa05-b5c8-4cf6-9712-ef654c8afd4f', 'Christophe', 'Kull', 'info@kull-landschaft.ch', '031 982 00 31', 'Kull-Landschaft', 'Landoltstrasse 46, 3007 Bern, Bern'),
('ec503ecd-03da-4838-a4f9-c8e36e8031cc', 'Michael', 'Christen', 'michael.christen@kulltec.ch', '079 338 39 40', 'kulltec ag', 'Turmstrasse 8, 8330 Pfäffikon, Zürich'),
('850e8d67-8df5-490a-8fc4-d88629819acc', 'Verena', 'Nunzi', 'kulmapo@ovan.ch', '081 833 40 51', 'Kulm Apotheke & Parfumerie AG', 'Via Maistra 27, 7500 St. Moritz, Graubünden'),
('9ee2b087-8b0f-41d1-a289-cfba77f58139', 'Genc', 'Shala', 'genc.shala@kulmi.ch', '077 914 46 18', 'Kulm Immobilien GmbH', 'Irchelstrasse 6b, 8180 Bülach, Zürich'),
('4afa48b4-563e-4a5b-aa05-c82bddd5797f', 'Alain', 'Ducrey', 'alain@kultagentur-hauta.ch', '026 508 70 88', 'Kult-Agentur Hauta AG', 'Hauptstrasse 95, 1715 Alterswil, Fribourg/Freiburg'),
('140c09a8-8df8-40ef-9a0b-80dc3c1b7a65', 'Elsbeth', 'Gallusser', 'info@kul-tour.ch', '071 340 09 01', 'Kul-Tour Eventlocation', 'Hohrüti 1, 9042 Speicher, Appenzell Ausserrhoden'),
('d7f23e69-0151-4199-899a-4d4641e3431e', 'Walter', 'Marbot', 'walter.marbot@bluewin.ch', '079 329 19 33', 'Kultschüür', 'Hinterer Wasen 48, 5080 Laufenburg, Aargau'),
('3ef41b11-4f59-4af9-b3d4-796e3dba36ee', 'Daniel', 'Weder', 'info@kugl.ch', 'N.a.', 'Kultur am Gleis - KUGL', 'Güterbahnhofstrasse 2b, 9000 St. Gallen, St. Gallen'),
('5df7de3a-ebf6-4598-aadb-f0755f73a6a4', 'Gunar', 'Ernst', 'gunar.ernst@bluewin.ch', '079 449 13 81', 'Kultur im Rex', 'Tumbelenstrasse 6, 8330 Pfäffikon, Zürich'),
('93149ea2-6a53-4ae5-b9ee-31ae31e75581', 'Andreas', 'Jung', 'andy.jung@bluewin.ch', '041 921 44 34', 'Kultur- und Heimatmuseum Oberkirch', 'Luzernstrasse 60, 6208 Oberkirch, Luzern'),
('79edb445-926a-40d9-9568-453afbb767dc', 'Sibylle', 'Ramseier', 'kuk@aarau.ch', '062 843 50 50', 'Kultur und Kongresshaus Aarau', 'Schlossplatz 9, 5000 Aarau, Aargau'),
('32e018db-3ade-422e-af22-9f6a7249a379', 'Markus', 'Zimmermann', 'zimmermann@besonet.ch', '062 929 28 50', 'Kultur- und Museumsverein Roggwil BE', 'Käsereistrasse 12, 4914 Roggwil, Bern'),
('45e28943-3dcf-4067-9789-6626c7d04b7e', 'Claudia', 'Rütsche', 'mail@kulturama.ch', '044 260 60 44', 'Kulturama-Stiftung', 'Englischviertelstrasse 9, 8032 Zürich, Zürich'),
('ed6cad2d-c8d9-4669-9a12-a87f0e242f8a', 'Kevian', 'Steiner', 'kevian@samasama.ch', '079 736 21 33', 'kulturbrand GmbH', 'Süesswinkel 7, 6004 Luzern, Luzern'),
('d36081de-00f1-4525-b7a8-304c28122b43', 'Bert', 'De Raeymaecker', 'bertderaeymaecker@gmail.com', '076 396 03 31', 'Kulturcafé Baden', 'Rütistrasse 3a, 5400 Baden, Aargau'),
('0bf9cf1f-bb9d-420d-a38b-fe28872a1a9b', 'Pipo', 'Kofmehl', 'office@kofmehl.net', '032 621 20 60', 'Kulturfabrik Kofmehl', 'Kofmehlweg 1, 4503 Solothurn, Solothurn'),
('598dabf7-1934-4ff6-8409-e013cdc8513a', 'Michael', 'Fürstenberger', 'kulturforum.laufen@bluewin.ch', 'N.a.', 'Kulturforum Laufen', 'Seidenweg 55, 4242 Laufen, Basel-Land'),
('679148da-5e37-4bd1-94b9-7e41a0b13090', 'Stefan', 'Widmer', 'hallo@kulturgruen.ch', '044 364 20 20', 'Kulturgrün Gartenbau GmbH', 'Mülistrasse 32, 8309 Nürensdorf, Zürich'),
('bedb1fbb-959e-42c5-8484-4e11cf7a20d9', 'Michael', 'Minder', 'info@gleis21.ch', '044 545 87 22', 'Kulturhaus & Bistro GLEIS21 - Verein Gleis21', 'Buchsackerstrasse 21, 8953 Dietikon, Zürich'),
('5e6edd57-43fb-432b-a057-da63b12bc3d8', 'Niklaus', 'Messerli', 'niggimesserli@bluewin.ch', '061 921 50 62', 'Kulturhaus Palazzo Aktiengesellschaft', 'Postrasse 2, 4410 Liestal, Basel-Land'),
('6e0685c9-3c6e-4578-b9ec-120c6b4057d1', 'Anina', 'Riniker', 'bureau@royalbaden.ch', 'N.a.', 'Kulturhaus Royal Baden', 'Bahnhofstrasse 39, 5400 Baden, Aargau'),
('a94d5450-567f-4737-8c96-b0cc73c8adfa', 'Andrea', 'Kipfer', 'info@kulturhauswest.ch', '079 652 30 52', 'Kulturhaus West Kipfer & Kipfer', 'Weststrasse 2, 4800 Zofingen, Aargau'),
('cc640ec2-cf6b-454e-86dd-80e9a57b2fe5', 'Anne', 'Hasselmann', 'anne.hasselmann@museumgrenchen.ch', '032 652 09 79', 'Kultur-Historisches Museum Grenchen', 'Absyte 3, 2540 Grenchen, Solothurn'),
('2db4908d-3f5c-4678-948e-60f6905dd290', 'Corinne', 'Husmann', 'info@hinter-musegg.ch', '041 412 19 31', 'Kulturhof Hinter Musegg', 'Diebold-Schilling-Strasse 13, 6004 Luzern, Luzern'),
('903a2de7-ccde-40a9-9a89-cd96afda1ecf', 'Doris', 'Weyeneth', 'info@kulturhof-weyeneth.ch', '032 622 21 60', 'Kulturhof Weyeneth GmbH', 'Dorfstrasse 40, 4574 Nennigkofen, Solothurn'),
('31ab33fd-d9ce-4f20-965d-902b9a3be5c6', 'Beat', 'Rufi', 'beat.rufi@kulturhof.ch', '031 972 46 46', 'Kulturhof-Schloss Köniz', 'Muhlernstrasse 11, 3098 Köniz, Bern'),
('3becf3d7-ee58-43ee-8536-54d71f6b8804', 'Eric', 'Rütsche', 'chef@guggenheimliestal.ch', '061 534 00 02', 'Kulturhotel Guggenheim', 'Wasserturmplatz 6/7, 4410 Liestal, Basel-Land'),
('acdf60cb-2126-4b48-85a7-3d120a339c5b', 'Dani', 'von Wattenwyl', 'kulturhuus@haebse.ch', '061 691 44 74', 'Kulturhuus Häbse', 'Klingentalstrasse 79, 4057 Basel, Basel-Stadt'),
('2f2d46d7-d62d-48d3-9620-f0882266e009', 'Marylise', 'Schiesser', 'schweiz@kulturlegi.ch', '041 419 22 82', 'KulturLegi Schweiz', 'Adligenswilerstrasse 15, 6002 Luzern, Luzern'),
('cfa84920-c56c-44f3-875d-d3e677506fd9', 'Anja', 'Bösch', 'info@kulturm.ch', 'N.a.', 'Kulturm Eventlocation Solothurn', 'St. Urbangasse 15, 4500 Solothurn, Solothurn'),
('f4590abc-1140-476a-95a5-addf655ffa4b', 'Christine', 'Ginsberg', 'christine.ginsberg@kulturmarkt.ch', '044 457 10 77', 'Kulturmarkt', 'Aemtlerstrasse 23, 8003 Zürich, Zürich'),
('941854e4-7a7b-4519-9171-98c5e01b12f9', 'Mario', 'Schubiger', 'info@kulturmuehlehorw.ch', '041 340 12 21', 'Kulturmühle Horw', 'Papiermühleweg 1, 6048 Horw, Luzern'),
('097a6d7d-91c2-46dd-809d-3c1b51033a85', 'Monika', 'Gfeller', 'info@kulturmuehle.ch', '034 461 36 23', 'Kulturmühle Lützelflüh', 'Mühlegasse 29, 3432 Lützelflüh-Goldbach, Bern'),
('fca3cfc2-7c39-4c14-b072-3f3e3d3a26ea', 'Werner', 'Leupin-Walther', 'info@kulturscheune.ch', '061 923 19 92', 'Kulturscheune Eventlocation Liestal', 'Kasernenstrasse 21A, 4410 Liestal, Basel-Land'),
('ee81a3e3-1ca6-47bc-aaaa-1694f8bed3c6', 'Hans Peter', 'Kocher', 'hans.peter.kocher@schawalder-kocher.ch', '081 422 51 64', 'Kulturschuppen Klosters', 'Aeussere Bahnhofstrasse 3, 7250 Klosters, Graubünden'),
('be58a725-7f08-43bc-8161-89e9fc228b70', 'Babina', 'Cathomen', 'redaktion@kultur-tipp.ch', '044 253 83 10', 'Kulturtipp', 'Kreuzplatz 5, 8024 Zürich, Zürich'),
('fbbcfc7b-f382-4a73-a05f-a662f039ccc4', 'Claudia', 'Rüfenacht', 'krippenmuseum@bluewin.ch', '061 931 32 92', 'Kulturverein Bubendorf', 'Dorfschulhaus, 4416 Bubendorf, Basel-Land'),
('2d3226ba-3fad-44b6-9249-3c6e34928605', 'Marlise', 'Steimle-Wild', 'info@kuma-solution.ch', '062 794 37 41', 'KUMA Solution GmbH', 'Neuweg 31a, 4852 Rothrist, Aargau'),
('85afa685-53a7-4ec3-8bd7-f45fd4601015', 'Kumar', 'Kamlesh', 'info@aquafit-sursee.ch', '041 921 49 49', 'Kumar Kamlesh GmbH', 'Buchenstrasse 7, 6210 Sursee, Luzern'),
('7e351c48-c6cf-480b-9051-6b72fded48f2', 'Martin', 'Kümin', 'mk@kuemin-metallbau.ch', 'N.a.', 'Kümin Metallbau AG', 'Bürerfeld 1a, 9245 Oberbüren, St. Gallen'),
('b79c8954-2c57-478a-b315-8799b14a1496', 'Remo', 'Kümin', 'info@rossberg-schindellegi.ch', '044 788 11 89', 'Kümin&Kälin Gastro', 'Rossbergstrasse 51, 8834 Schindellegi, Schwyz'),
('640204e6-2d35-46b6-88ce-f3457484956f', 'Rolf', 'Kummer', 'kummerkera@bluewin.ch', '078 755 91 48', 'Kummer', 'Diessbachstrasse 31, 3253 Schnottwil, Solothurn'),
('54b5d31c-bc23-42cf-b492-a3285f34c4f4', 'Reto', 'Kummer', 'kummerbauag@bluewin.ch', '079 208 54 47', 'Kummer Bau AG', 'Sandstrasse 4, 4573 Lohn-Ammannsegg, Solothurn'),
('012c43d4-8d2f-414a-b971-98c51898c5dc', 'Ralf', 'Kummer', 'info@gartenbaukummer.ch', '062 398 08 31', 'Kummer Garten- und Landschaftsbau AG', 'Bahnhofstrasse 20, 4622 Egerkingen, Solothurn'),
('327b8eaa-9753-41c8-8aec-e44b5f971262', 'Bernhard', 'Kummer', 'info@kummer-keramik.ch', '033 437 97 67', 'Kummer Keramik GmbH', 'Oeleweg 4, 3612 Steffisburg, Bern'),
('36b58bc5-f524-437b-a3dd-0f6e85676a44', 'Martin', 'Kummer', 'schreinerei-kummer@gmx.ch', '079 291 22 62', 'Kummer Martin', 'Kreuzlingerstrasse 20, 8570 Weinfelden, Thurgau'),
('430e157a-ba8e-4625-b4c4-56ab60c245da', 'Yvonne', 'Kummer', 'kummer@kummer-partner.ch', '076 417 40 60', 'Kummer Partner Bauberatung GmbH', 'Thurgauerstrasse 70, 8050 Zürich, Zürich'),
('65a20e02-25cd-45c8-8079-980bb99f520a', 'Michael', 'Kummer', 'info@kummer-transporte.ch', '055 244 22 65', 'Kummer Transporte', 'Eichhöhe 6, 8634 Hombrechtikon, Zürich'),
('6828ef0a-a106-4036-b021-08879ccfe6fc', 'Christoph Ulrich', 'Kummer', 'kummer@treuhandweb.com', '062 922 16 37', 'Kummer Treuhand AG', 'Mittelstrasse 14, 4900 Langenthal, Bern'),
('e90f6076-38cf-4045-b4c9-f1f03274e5ab', 'Michael', 'Käser', 'michael.kaeser@kummerpartner.ch', '062 922 44 88', 'Kummerpartner Architekten und Planer AG', 'Rosenweg 19, 4900 Langenthal, Bern'),
('6591a999-ae27-4ea1-8a15-fa50d5fcb585', 'Stephan', 'Güpfert', 'info@kummlermatter.ch', '044 247 47 47', 'Kummler + Matter AG', 'Rietstrasse 14, 8108 Dällikon, Zürich'),
('69328886-6c45-402f-9ecf-5a3aca52790e', 'Farkas', 'Forgo', 'kuemo-innenausbau@gmx.ch', '031 333 22 02', 'Kümo Innenausbau GmbH', 'Schoren 15, 3653 Oberhofen am Thunersee, Bern'),
('6dacc942-3a7b-4106-bdcb-610621fd578e', 'Fredy', 'Kumschick', 'office@kumschick.ch', '041 980 05 80', 'Kumschick Sport Cars AG', 'Luzernerstrasse 57, 6247 Schötz, Luzern'),
('ecab678e-0ae7-4555-9c94-f1d11139a03f', 'Muriel', 'Eysel', 'info@kumulus.ch', '032 331 58 30', 'Kumulus', 'Hauptstrasse 29, 2560 Nidau, Bern'),
('e851cad8-54a8-439e-a364-0e676505aca4', 'Giovanni', 'Rotondaro', 'info@kumun.ch', '044 512 90 17', 'Kumun GmbH', 'Neustadtgasse 1a, 8400 Winterthur, Zürich'),
('c3bd7a06-633a-4295-a7dc-85af6d7e7b6f', 'Nadia', 'Papaleo', 'info@kuna.ch', '044 687 10 10', 'KUNA Hair & Color Factory GmbH', 'Strählgasse 2, 8832 Wollerau, Schwyz'),
('dbb190c9-8085-414f-a80d-fa92f102e809', 'Danaé', 'Breukel', 'danae@kun-amo.ch', '079 939 98 54', 'kun-amo', 'Weissenbühlweg 6, 3007 Bern, Bern'),
('8a18b0a6-00c7-4b12-8317-4ed4a0500297', 'Harry', 'Reinert', 'kundaliniyoga@sunrise.ch', '079 642 41 06', 'Kundalini Yoga', 'Hunkele 2, 6016 Hellbühl, Luzern'),
('6051171b-ab4a-4eef-a655-7c886098f8c4', 'Giulia', 'Bonaldi', 'giulia.bonaldi@sunrise.ch', '076 558 23 58', 'Kundalini Yoga', 'Waldmannstrasse 8, 8001 Zürich, Zürich'),
('a70b7173-c5e0-443e-ba0e-94902545a73c', 'Andrea', 'Schwingruber-Häfliger', 'andrea@yoga-kundalini.net', '041 260 53 61', 'Kundalini Yoga Emmen', 'Unter-Grundhof 20, 6032 Emmen, Luzern'),
('fa7ef060-427a-44db-be78-2af73fd34081', 'Mariane', 'Steffen', 'info@corporate-yoga.ch', '078 819 89 04', 'Kundalini Yoga RAUM SAMYAMA', 'Sandweg 7, 5600 Lenzburg, Aargau'),
('8b3f807d-4bf2-4463-af1f-e1a7168feca6', 'Nadine', 'Kunz', 'kontakt@kugarten.ch', '079 674 01 77', 'KundengärtnerIn Kunz', 'Gislifluhweg 10, 5102 Rupperswil, Aargau'),
('b8782ec5-32e0-4b7e-8731-e81d2678e8ee', 'Philippe', 'Groux', 'philippe.groux@kundengerecht.ch', 'N.a.', 'kundengerecht.ch GmbH c/o Philippe Groux und Sandra Lambroia Groux', 'Alpenstrasse 22, 4950 Huttwil, Bern'),
('95e51cd0-8af8-4f1c-ba49-70571cb8faf7', 'Zarco', 'Jerkic', 'info@kundenmagnetakademie.com', '079 472 53 30', 'Kundenmagnet GmbH', 'Heimstrasse 14b, 8953 Dietikon, Zürich'),
('b9328fea-e0c3-4e8d-bc8c-13f7ff23b07b', 'Claudio', 'Lovato', 'clovato@bluewin.ch', '079 356 73 86', 'Kundenmaler Claudio Lovato GmbH', 'Chillmattenstrasse 61, 4105 Biel-Benken, Basel-Land'),
('ff918428-6179-48cc-877c-2e2b198ea19b', 'Louis', 'Willi', 'louis.willi@rsnweb.ch', '079 366 52 75', 'Kundenmaler Willi Louis', 'Parfannastrasse 36, 8887 Mels, St. Gallen'),
('d652fbc5-de9e-4247-b00a-13013a43317f', 'Daniela', 'Bolliger', 'info@kundenmalerin-bolliger.ch', '079 821 21 53', 'Kundenmalerin Bolliger', 'Büelstrasse 75, 8854 Galgenen, Schwyz'),
('2fb98265-145e-450f-8b54-f3e503358987', 'Rolf', 'Zbinden', 'info@zbinden-gmbh.ch', '061 322 02 70', 'Kundenmaurer Zbinden GmbH', 'Metzerstrasse 15, 4009 Basel, Basel-Stadt'),
('eede78f5-fa6c-4096-b7e0-12aa2284accb', 'Stefan', 'Kretz', 'stefankretz@bluewin.ch', '079 568 96 10', 'Kundenmetzger Stefan Kretz GmbH', 'Unterer Kirchweg 5, 5064 Wittnau, Aargau'),
('bded492a-aab3-46cf-9a94-fa4f41defff6', 'Jakob', 'Rempfler', 'info@metzgerei-rempfler.ch', '079 672 06 74', 'Kundenmetzgerei K. Rempfler', 'Sornthalstrasse 1, 9213 Hauptwil, Thurgau'),
('5259a3d7-829c-4a3e-bad6-a3d3c9729625', 'Adrian', 'Kohler', 'a.kohler@hotmail.ch', '079 531 89 12', 'Kundenmetzgerei Kohler', 'Industriestrasse 18, 3422 Rüdtligen, Bern'),
('4c1ead8a-d876-499e-bae5-d2c764c6564a', 'André', 'Prediger', 'info@prediger.ch', '079 214 20 75', 'Kundenplattenleger, André Prediger', 'Weizacherstrasse 34, 3930 Eyholz, Wallis/Valais'),
('d344cb3b-a6d5-4682-b2f2-04bc43609d8b', 'Werner', 'Metz', 'werner.metz@bluewin.ch', '079 285 27 28', 'Kundenschreiner - Metz', 'Im Sand 5, 8105 Regensdorf, Zürich'),
('b5245244-4df8-4d28-baee-64f00e65fa3c', 'Peter', 'Bucher', 'info@bucherpeter.ch', '079 337 40 07', 'Kundenschreiner Bucher GmbH', 'Industriestrasse 8, 6064 Kerns, Obwalden'),
('2444249f-6dfb-466e-97cf-8db0f849fe28', 'Lorenz', 'Kettiger', 'kundenschreiner-kettiger@gmx.ch', '077 425 59 35', 'Kundenschreiner Lorenz Kettiger', 'Mühlemattstrasse 33, 4104 Oberwil, Basel-Land'),
('0168558e-97f4-433a-a29e-4f85a4344180', 'Tobias', 'Roth', 'info@kundenschreiner-roth.ch', '076 395 61 94', 'Kundenschreiner Roth', 'Am Rain 16, 4419 Lupsingen, Basel-Land'),
('bd4e106c-6a0a-4e17-8600-5eed547c148a', 'Benjamin', 'Schuler', 'info@kundenschreiner-schuler.ch', '079 436 91 33', 'Kunden-Schreiner Schuler Benjamin', 'Gründlistrasse 9, 6464 Spiringen, Uri'),
('9adf416b-b580-4693-8fd0-e2f9c884ff36', 'Toni', 'Kempf-Wyrsch', 'info@familienbetrieb-kempf.ch', '041 878 14 17', 'Kundenschreinerei / Holzbau Kempf', 'Weid 2, 6461 Isenthal, Uri'),
('fd9fa7bc-1746-4ca4-b3ff-8e5d1f122b7f', 'Mario', 'Christen', 'info@kundenschreinerei-christen.ch', '079 718 65 25', 'Kundenschreinerei Christen GmbH', 'Schlatt 24, 8714 Feldbach, Zürich'),
('7ae912d4-76cf-479a-b3be-1839a718a5e4', 'Fredy', 'Heinzer', 'info@heinzer-gmbh.ch', '076 489 97 11', 'Kundenschreinerei Heinzer GmbH Illgau', 'Sonnmatt 2, 6434 Illgau, Schwyz'),
('f1bffae4-c731-43cf-b3cc-6fa6086ab07d', 'Manuel', 'Stöckli', 'info@holz-plus-design.ch', '079 603 91 86', 'Kundenschreinerei Manuel Stöckli', 'Paradiesweg 1, 5630 Muri, Aargau'),
('e18d432d-5c9c-4dd8-952c-f13fa4574688', 'Paul', 'Peter', 'info@hreber.ch', '061 302 36 07', 'Kundenschreinerei Reber GmbH', 'Oberalpstrasse 59, 4054 Basel, Basel-Stadt'),
('696ec016-4ea1-46b8-a41f-86e9f1244b66', 'Marcel', 'Stäbler', 'info@staebler-gmbh.ch', '031 859 13 09', 'Kundenschreinerei Stäbler GmbH', 'Hausmattweg 8, 3323 Bäriswil, Bern'),
('2b9d9122-c111-4452-b16f-2f3b168ce005', 'Hermann', 'Rothen', 'info@rothen-service.ch', '079 218 45 20', 'Kunden-Service Rothen Hermann', 'Neuhausacher 10, 3213 Liebistorf, Fribourg/Freiburg'),
('cde45203-29ed-49d9-a9f8-6e079c9cd2da', 'Philip', 'Lehrmann', 'kundenstopper.discount@gmail.com', '076 343 96 87', 'Kundenstopper-Discount.ch', 'Allmendstrasse 27, 8142 Uitikon Waldegg, Zürich'),
('fce6646b-bb6e-496f-9441-160c5216b506', 'Roland', 'Aregger', 'info@aregger-davos.ch', '079 488 70 78', 'Kundenzimmerei Aregger GmbH', 'Mattastrasse 42, 7270 Davos, Graubünden'),
('2e0a808a-198d-4818-ac69-99a7ed204234', 'Stefan', 'Kundert', 'stefan.kundert@kundert.ch', '055 225 16 16', 'KUNDERT AG', 'Buechstrasse 33, 8645 Jona, St. Gallen'),
('6b938d1a-9955-4963-9a4e-fcca470a0cb2', 'Marius', 'Frieden', 'info@kundert-automation.ch', '044 441 52 70', 'Kundert Automation AG', 'Ifangstrasse 6, 8952 Schlieren, Zürich'),
('a4445032-c9c6-4296-ab98-cd9b7ade0104', 'Roger', 'Kundert', 'info@kundertfm.ch', '043 343 90 29', 'Kundert Facility Management GmbH', 'Othmar Blumer-Strasse 1, 8427 Freienstein, Zürich'),
('b7aaa4ee-8363-4973-8e2b-cf6206cd26b3', 'Thomas', 'Kundert', 'info@kundertvario.ch', '055 243 43 20', 'Kundert Vario AG', 'Huebstrasse 3, 8633 Wolfhausen, Zürich'),
('957be439-72c9-4a26-8183-1c9e922b5af3', 'Lukas', 'Kündig', 'info@kundig.com', '043 477 30 01', 'Kündig AG', 'Hofstrasse 95, 8620 Wetzikon, Zürich'),
('3da3555d-ad7d-4f49-8f71-da4e748d9861', 'Heinz', 'Kündig', 'info@kuendig-architekten.ch', '044 363 20 20', 'Kündig Architekten AG', 'Hochstrasse 16, 8330 Pfäffikon, Zürich'),
('569e2700-7008-4c5f-a72b-4711294e0d82', 'Joe', 'Kündig', 'joe.kuendig@kuendig-architektur.ch', '041 910 44 37', 'Kündig Architektur AG', 'Brunnenmöslistrasse 1, 6280 Hochdorf, Luzern');

INSERT INTO leads (id, contact_id, source, status, value, notes) VALUES
('978fda33-1314-4e54-baee-97fff809185e', '0888c676-54b8-4c2a-855f-6b55345addb4', 'KALTAKQUISE', 'ACTIVE', 0, 'Funktion: Geschäftsführer/in (CEO) | Mitarbeiter: 1 bis 10 | Branche: Treuhandbüros / Unternehmensberater | Rechtsform: Gesellschaft mit beschränkter Haftung'),
('81992f4b-0c28-4e95-881b-bdbe7a3b7aa0', 'c38c6c07-1052-4cbb-be25-d423e05c60ed', 'KALTAKQUISE', 'ACTIVE', 0, 'Funktion: Geschäftsführer/in (CEO) | Mitarbeiter: 1 bis 10 | Branche: Treuhandbüros | Rechtsform: Aktiengesellschaft'),
('df79597d-bccb-422f-9bf8-0f9383502c97', 'c894357d-c20b-4bb0-9af2-bb1628437e27', 'KALTAKQUISE', 'ACTIVE', 0, 'Funktion: Geschäftsführer/in (CEO) | Mitarbeiter: 11 bis 20 | Branche: Chemieindustrie | Rechtsform: Aktiengesellschaft'),
('5765e419-eefd-4c01-bbed-c7c3ee3f3cbc', '5c85a5df-2967-403b-9207-967246374907', 'KALTAKQUISE', 'ACTIVE', 0, 'Funktion: Geschäftsführer/in (CEO) | Mitarbeiter: 1 bis 10 | Branche: Treuhandbüros | Rechtsform: Aktiengesellschaft'),
('f16e4685-c405-4d5f-9441-7746eb229c32', '047ccc52-b261-4bf5-886c-66cd458c0ac3', 'KALTAKQUISE', 'ACTIVE', 0, 'Funktion: Geschäftsführer/in (CEO) | Mitarbeiter: 11 bis 20 | Branche: Kunststoffindustrie | Rechtsform: Aktiengesellschaft'),
('0a955445-6cf9-4ce5-996d-dd88e9f70e97', 'f3f0000b-0453-4e62-8bc9-f7cf1bf505d1', 'KALTAKQUISE', 'ACTIVE', 0, 'Funktion: Geschäftsführer/in (CEO) | Mitarbeiter: 101 bis 500 | Branche: Versicherungen | Rechtsform: Aktiengesellschaft'),
('eeeeb4c1-b747-49e5-99ae-410ff2120626', '591423e9-c8d9-42d6-8c8c-bfa5e439d1d8', 'KALTAKQUISE', 'ACTIVE', 0, 'Funktion: Gesamtleitung/Direktion | Mitarbeiter: 21 bis 50 | Branche: Spitäler & Kliniken | Rechtsform: Aktiengesellschaft'),
('8c86f1ab-693b-41da-808f-77af40eec824', '2b593938-0b94-4cec-8f43-b238a358dfe4', 'KALTAKQUISE', 'ACTIVE', 0, 'Funktion: Geschäftsführer/in (CEO) | Mitarbeiter: 1 bis 10 | Branche: Maschinenbauindustrie | Rechtsform: Gesellschaft mit beschränkter Haftung'),
('ac83ecfa-f3f9-4502-a309-d56d9a35e803', '8c8832d6-cbb3-4b55-99d3-7a635dd321fa', 'KALTAKQUISE', 'ACTIVE', 0, 'Funktion: Präsidium  | Mitarbeiter: 1 bis 10 | Branche: Turnvereine'),
('4c85fdb6-40df-4c78-83a6-f88df8ec5948', 'ac99c6f3-1d30-4ce2-b42d-8ae0c7b5b16d', 'KALTAKQUISE', 'ACTIVE', 0, 'Funktion: Geschäftsführer/in (CEO) | Mitarbeiter: 1 bis 10 | Branche: Versicherungsbroker & -makler | Rechtsform: Gesellschaft mit beschränkter Haftung'),
('ff7c7ade-ac51-4784-bc7c-e60462a61c43', '89930157-f41d-42d0-ae6c-8879728b9598', 'KALTAKQUISE', 'ACTIVE', 0, 'Funktion: Präsidium  | Mitarbeiter: 1 bis 10 | Branche: Turnvereine'),
('07484349-9337-4399-af1e-e05bdcd92c46', '036b7ae5-62b6-4363-894b-55badcd509a3', 'KALTAKQUISE', 'ACTIVE', 0, 'Funktion: Geschäftsführer/in (CEO) | Mitarbeiter: 1 bis 10 | Branche: Atem- Meditation- & Yogacenter'),
('b4aaef10-2f6d-4204-8886-ef228dffa649', 'a7fd40a4-6ec3-4ccc-a1b2-c8408d971a75', 'KALTAKQUISE', 'ACTIVE', 0, 'Funktion: Geschäftsführer/in (CEO) | Mitarbeiter: 1 bis 10 | Branche: Architekturbüros | Rechtsform: Aktiengesellschaft'),
('67dbed11-9170-409f-8a5f-1e2be9ef6ae0', '81d855ec-b6c4-474b-b62c-ab747f3c207e', 'KALTAKQUISE', 'ACTIVE', 0, 'Funktion: Geschäftsführer/in (CEO) | Mitarbeiter: 1 bis 10 | Branche: Restaurants'),
('8aa00adc-8b46-4a04-809b-1dc384e75b01', '8ae5ff07-e028-4c9d-b4a7-77b9e1cd39c1', 'KALTAKQUISE', 'ACTIVE', 0, 'Funktion: Geschäftsführer/in (CEO) | Mitarbeiter: 11 bis 20 | Branche: Clubs, Bars & Eventlocations'),
('ad42fc76-53ed-427d-9b33-6c01626c2e39', 'b1b3d708-dd5a-4115-9d65-aafb538f8b89', 'KALTAKQUISE', 'ACTIVE', 0, 'Funktion: Geschäftsführer/in (CEO) | Mitarbeiter: 1 bis 10 | Branche: Maschinenbauindustrie | Rechtsform: Aktiengesellschaft'),
('3ed166a3-d04d-4ebb-9d33-7283b164d8a1', 'f1ddd41d-781f-44e6-bbdb-a67eee56a34a', 'KALTAKQUISE', 'ACTIVE', 0, 'Funktion: Geschäftsführer/in (CEO) | Mitarbeiter: 1 bis 10 | Branche: Boden- & Plattenleger'),
('87ba48ea-8943-472c-9f4b-ece9838946cd', '5d0eb073-af4c-48ac-8372-201c462d470c', 'KALTAKQUISE', 'ACTIVE', 0, 'Funktion: Geschäftsführer/in (CEO) | Mitarbeiter: 1 bis 10 | Branche: Sanitär & Haustechnik | Rechtsform: Gesellschaft mit beschränkter Haftung'),
('b3a36e81-141c-49c1-8ef7-4f081a696c2c', '13b28cf9-83dc-4322-bfc8-38d10a41f0d7', 'KALTAKQUISE', 'ACTIVE', 0, 'Funktion: Geschäftsführer/in (CEO) | Mitarbeiter: 1 bis 10 | Branche: IT Unternehmen | Rechtsform: Aktiengesellschaft'),
('65ad347a-0b91-4e2c-bb20-86b0bf8e18c8', '9b2da7d0-857f-4da3-84a6-79edd738bd13', 'KALTAKQUISE', 'ACTIVE', 0, 'Funktion: Geschäftsführer/in (CEO) | Mitarbeiter: 11 bis 20 | Branche: Schreinerei- & Holzbaubetriebe'),
('f909da61-3565-42d4-944c-246f44009b19', '66e5364f-d396-478d-94e2-cc9654be7aae', 'KALTAKQUISE', 'ACTIVE', 0, 'Funktion: Geschäftsführer/in (CEO) | Mitarbeiter: 21 bis 50 | Branche: Schreinerei- & Holzbaubetriebe'),
('7d12d5f9-4790-4982-88f5-ef7b986f52d1', '71f11c36-07d0-4c75-a611-786eaa743ab2', 'KALTAKQUISE', 'ACTIVE', 0, 'Funktion: Geschäftsführer/in (CEO) | Mitarbeiter: 1 bis 10 | Branche: Physiotherapie'),
('58104b60-26bd-4241-b7d3-36b1de3efca5', '0b1e3c1d-5b04-4ec5-8ea9-caa70b48a6c5', 'KALTAKQUISE', 'ACTIVE', 0, 'Funktion: Geschäftsführer/in (CEO) | Mitarbeiter: 1 bis 10 | Branche: Nachhaltigkeitsbereich / Sanitär & Haustechnik / Solar & Photovoltaik | Rechtsform: Aktiengesellschaft'),
('ccc24e4a-aaad-4249-b2e5-fb116cf2cd70', '3cb0be56-c0cb-4aff-93cb-9ec7c17460a3', 'KALTAKQUISE', 'ACTIVE', 0, 'Funktion: Geschäftsführer/in (CEO) | Mitarbeiter: 21 bis 50 | Branche: Zahnarztpraxen'),
('455cc21d-eb9d-4595-a8b5-68df2b9b5d08', '258fdebd-c8ac-4fec-b806-b5fd4419f294', 'KALTAKQUISE', 'ACTIVE', 0, 'Funktion: Geschäftsführer/in (CEO) | Mitarbeiter: 1 bis 10 | Branche: Treuhandbüros | Rechtsform: Einzelunternehmen'),
('a3087272-3701-4076-aa55-39501b35ed00', 'dadc35a7-bdd4-4c90-a588-844caefd5408', 'KALTAKQUISE', 'ACTIVE', 0, 'Funktion: Geschäftsführer/in (CEO) | Mitarbeiter: 1 bis 10 | Branche: Maler- & Gipsergeschäfte | Rechtsform: Gesellschaft mit beschränkter Haftung'),
('3d711dce-a2a4-4150-8830-a8dfcff93748', '0274cf80-d88f-4274-9362-0e56283facc9', 'KALTAKQUISE', 'ACTIVE', 0, 'Funktion: Geschäftsführer/in (CEO) | Mitarbeiter: 11 bis 20 | Branche: Architekturbüros | Rechtsform: Aktiengesellschaft'),
('721ad0de-f879-4c89-85df-9442551345cc', '7aec0067-dc99-463d-b0f5-38b15352a925', 'KALTAKQUISE', 'ACTIVE', 0, 'Funktion: Geschäftsführer/in (CEO) | Mitarbeiter: 1 bis 10 | Branche: Sanitär & Haustechnik | Rechtsform: Gesellschaft mit beschränkter Haftung'),
('12f55f54-f908-4a82-899b-5bc6f2a9dcd6', 'c83d9fbf-24ad-44c8-80c9-6112d784b92e', 'KALTAKQUISE', 'ACTIVE', 0, 'Funktion: Geschäftsführer/in (CEO) | Mitarbeiter: 11 bis 20 | Branche: Maschinenbauindustrie / Online Shops | Rechtsform: Aktiengesellschaft'),
('6b9ffdbd-de0d-4ac9-b9cb-2e135fe9a199', 'd60ea6cf-c340-4304-bb20-7507f12e92bc', 'KALTAKQUISE', 'ACTIVE', 0, 'Funktion: Geschäftsführer/in (CEO) | Mitarbeiter: 1 bis 10 | Branche: Glas-, Keramik-, Stein- & Baustoffindustrie | Rechtsform: Aktiengesellschaft'),
('62fa6534-d22c-456f-b8eb-68d00d08d925', 'd5dc67d5-f058-4f19-8246-61cb3d1626cc', 'KALTAKQUISE', 'ACTIVE', 0, 'Funktion: Geschäftsführer/in (CEO) | Mitarbeiter: 21 bis 50 | Branche: Clubs, Bars & Eventlocations'),
('ce0400b8-ec9e-49fd-a64e-aef5ca9b8a34', 'd606f1c5-815a-472c-af6f-96dc34db5cc9', 'KALTAKQUISE', 'ACTIVE', 0, 'Funktion: Geschäftsführer/in (CEO) | Mitarbeiter: 1 bis 10 | Branche: Immobilienverwaltung / Immobilienvermittlung / Immobilienprojektentwicklung | Rechtsform: Aktiengesellschaft'),
('f9f7fe07-f44b-4818-970f-71c1323e7f6e', '1355595b-92fe-4c2b-b123-92e7cda6efee', 'KALTAKQUISE', 'ACTIVE', 0, 'Funktion: Geschäftsführer/in (CEO) | Mitarbeiter: 1 bis 10 | Branche: Schreinerei- & Holzbaubetriebe | Rechtsform: Gesellschaft mit beschränkter Haftung'),
('b1a43c20-806b-420f-8d2b-651a0f40ef37', 'a6a2e156-80c2-4ab2-a442-d1f081fb875a', 'KALTAKQUISE', 'ACTIVE', 0, 'Funktion: Geschäftsführer/in (CEO) | Mitarbeiter: 1 bis 10 | Branche: Textil- & Möbelindustrie | Rechtsform: Aktiengesellschaft'),
('f64d7a3b-8c2c-4709-9626-a10969c137c3', '8adffcab-fe55-491a-994b-5d4b7d5d35f6', 'KALTAKQUISE', 'ACTIVE', 0, 'Funktion: Geschäftsführer/in (CEO) | Mitarbeiter: 1 bis 10 | Branche: Textil- & Möbelindustrie | Rechtsform: Aktiengesellschaft'),
('5f725912-9374-45d2-9130-8a2a9402f6c7', '75eb31a9-7422-4838-9a1f-b1c5878db4d3', 'KALTAKQUISE', 'ACTIVE', 0, 'Funktion: Geschäftsführer/in (CEO) | Mitarbeiter: 1 bis 10 | Branche: Textil- & Möbelindustrie / Schreinerei- & Holzbaubetriebe | Rechtsform: Gesellschaft mit beschränkter Haftung'),
('78b3ed25-90bb-4fcb-85d1-e7baab55e228', '062b0559-4d35-4527-8971-82ed3d90696e', 'KALTAKQUISE', 'ACTIVE', 0, 'Funktion: Geschäftsführer/in (CEO) | Mitarbeiter: 1 bis 10 | Branche: Lebensmittelverarbeitung | Rechtsform: Kollektivgesellschaft'),
('b489bd41-f7d9-488e-b202-5a6229afde9a', '820b0852-1953-473c-8fe9-71ca2c2dba20', 'KALTAKQUISE', 'ACTIVE', 0, 'Funktion: Geschäftsführer/in (CEO) | Mitarbeiter: 1 bis 10 | Branche: Lebensmittelverarbeitung | Rechtsform: Einzelunternehmen'),
('4cb5dacf-216a-4b03-afee-1ce18ca1dd85', 'fb26b88c-67a6-4449-bc1b-9fbb022b6c83', 'KALTAKQUISE', 'ACTIVE', 0, 'Funktion: Geschäftsführer/in (CEO) | Mitarbeiter: 11 bis 20 | Branche: Kunststoffindustrie | Rechtsform: Aktiengesellschaft'),
('9db01dd3-a509-486d-ada0-440f96808439', 'db9f7986-a6b5-437b-aa8d-b1120f5a4b00', 'KALTAKQUISE', 'ACTIVE', 0, 'Funktion: Geschäftsführer/in (CEO) | Mitarbeiter: 1 bis 10 | Branche: Architekturbüros | Rechtsform: Schweizerische Zweigniederlassung'),
('819cefb8-6c9b-49e7-aa81-a17c3d50ddcd', '0fdc3549-e7ff-48ff-8b1c-025d930b9c58', 'KALTAKQUISE', 'ACTIVE', 0, 'Funktion: Geschäftsführer/in (CEO) | Mitarbeiter: 1 bis 10 | Branche: Druckereibetriebe'),
('c80e098c-9a8a-40bc-ada0-f9cd54342f5d', 'bd4e2a9c-36d0-4731-9b9e-b33da235a4b6', 'KALTAKQUISE', 'ACTIVE', 0, 'Funktion: Geschäftsführer/in (CEO) | Mitarbeiter: 1 bis 10 | Branche: Sanitär & Haustechnik | Rechtsform: Gesellschaft mit beschränkter Haftung'),
('8f4249dc-87d4-4c7c-ae57-8a819a857791', '60197c26-d0fb-477d-ab16-879041f74750', 'KALTAKQUISE', 'ACTIVE', 0, 'Funktion: Geschäftsführer/in (CEO) | Mitarbeiter: 21 bis 50 | Branche: Divers | Rechtsform: Aktiengesellschaft'),
('a6acbfdd-e12e-4065-a6e6-f94a840ed60a', '24e5048f-7019-4ff9-adfb-29c67d29f96e', 'KALTAKQUISE', 'ACTIVE', 0, 'Funktion: Geschäftsführer/in (CEO) | Mitarbeiter: 1 bis 10 | Branche: Werbeagenturen | Rechtsform: Gesellschaft mit beschränkter Haftung'),
('fa096a03-d9a7-430f-9249-26ffe6d49e25', '9602e063-bc10-438c-a7d3-ed97fc543f1f', 'KALTAKQUISE', 'ACTIVE', 0, 'Funktion: Geschäftsführer/in (CEO) | Mitarbeiter: 1 bis 10 | Branche: Nachhaltigkeitsbereich / Sanitär & Haustechnik / Solar & Photovoltaik | Rechtsform: Aktiengesellschaft'),
('5d17fde6-de00-4280-bb7e-1ec57aea50f8', 'fca33908-08ba-4a4d-a8f5-4013677d9460', 'KALTAKQUISE', 'ACTIVE', 0, 'Funktion: Geschäftsführer/in (CEO) | Mitarbeiter: 1 bis 10 | Branche: Maler- & Gipsergeschäfte | Rechtsform: Aktiengesellschaft'),
('41e85a1e-143f-40cd-a9c1-c5232a8bca12', '7ce1020d-3f64-4cbc-8122-b2637bb58182', 'KALTAKQUISE', 'ACTIVE', 0, 'Funktion: Geschäftsführer/in (CEO) | Mitarbeiter: 1 bis 10 | Branche: Entsorgungsindustrie | Rechtsform: Aktiengesellschaft'),
('e7574d53-0b9c-4ef1-b29f-c197a90df1ad', '283b4e75-0063-43ea-b47d-f53167f291a6', 'KALTAKQUISE', 'ACTIVE', 0, 'Funktion: Geschäftsführer/in (CEO) | Mitarbeiter: 11 bis 20 | Branche: Maschinenbauindustrie | Rechtsform: Aktiengesellschaft'),
('6e711ea3-a6ac-4181-8f45-0c7ab476e4cb', '5982fde2-8262-4e7e-9bc4-c38d8d4a7f4a', 'KALTAKQUISE', 'ACTIVE', 0, 'Funktion: Geschäftsführer/in (CEO) | Mitarbeiter: 1 bis 10 | Branche: Sanitär & Haustechnik | Rechtsform: Einzelunternehmen'),
('35560ada-1575-455c-aeef-b88830a3a2ce', '1e9f3204-8106-4645-89e1-db7dd694f9cd', 'KALTAKQUISE', 'ACTIVE', 0, 'Funktion: Geschäftsführer/in (CEO) | Mitarbeiter: 1 bis 10 | Branche: Boden- & Plattenleger'),
('deac4bed-f811-48a8-a0e1-4eef50ffef6b', '59930894-1ca1-4355-8982-b3f51d8939a9', 'KALTAKQUISE', 'ACTIVE', 0, 'Funktion: Geschäftsführer/in (CEO) | Mitarbeiter: 1 bis 10 | Branche: Facility Management & Reinigungsfirmen | Rechtsform: Aktiengesellschaft'),
('3540e738-2886-43b1-b963-e569c9872fdb', '025f4afd-ea2d-4de1-9ec5-7c40f21ab42d', 'KALTAKQUISE', 'ACTIVE', 0, 'Funktion: Geschäftsführer/in (CEO) | Mitarbeiter: 11 bis 20 | Branche: Schreinerei- & Holzbaubetriebe | Rechtsform: Aktiengesellschaft'),
('4adc68ff-121b-4d28-94d4-57f9e8a7c997', '351e4f8f-ce78-4b60-9de4-f47f34bff6bb', 'KALTAKQUISE', 'ACTIVE', 0, 'Funktion: Geschäftsführer/in (CEO) | Mitarbeiter: 1 bis 10 | Branche: Medizintechnik-Industrie | Rechtsform: Aktiengesellschaft'),
('8a491bfc-6bf4-4978-9076-2f58a6280cb3', '2fb2390a-24ea-45a2-ab96-a3f7ce5f0f5e', 'KALTAKQUISE', 'ACTIVE', 0, 'Funktion: Geschäftsführer/in (CEO) | Mitarbeiter: 1 bis 10 | Branche: Gartenbau & -pflege'),
('257a3cfb-2162-40bf-8740-1d4767a6a444', '0866dbb7-c23b-49b5-9f3b-435805928567', 'KALTAKQUISE', 'ACTIVE', 0, 'Funktion: Geschäftsführer/in (CEO) | Mitarbeiter: 1 bis 10 | Branche: Schreinerei- & Holzbaubetriebe | Rechtsform: Aktiengesellschaft'),
('98e9bf4f-ea74-4bde-a374-18d8a57eaa7c', 'cb28b0c8-1f43-4363-a65b-4a67239ca955', 'KALTAKQUISE', 'ACTIVE', 0, 'Funktion: Geschäftsführer/in (CEO) | Mitarbeiter: 11 bis 20 | Branche: Clubs, Bars & Eventlocations'),
('da833ad0-7b06-48e0-b7a7-1a888dd79f58', 'c4c3aaa5-1d64-4ec3-b027-62a33048af64', 'KALTAKQUISE', 'ACTIVE', 0, 'Funktion: Geschäftsführer/in (CEO) | Mitarbeiter: 1 bis 10 | Branche: Architekturbüros | Rechtsform: Kollektivgesellschaft'),
('15f82a92-7f39-4e4a-a7ad-8ea0dc0ed25a', '29b7d995-e2aa-44cb-9edf-7190d939a342', 'KALTAKQUISE', 'ACTIVE', 0, 'Funktion: Geschäftsführer/in (CEO) | Mitarbeiter: 1 bis 10 | Branche: Unternehmensberater | Rechtsform: Gesellschaft mit beschränkter Haftung'),
('26a50122-0beb-4e61-92d0-c49b89a06888', '4c7cae3d-c9cd-4ac4-8415-7aa4ebf6bc91', 'KALTAKQUISE', 'ACTIVE', 0, 'Funktion: Geschäftsführer/in (CEO) | Mitarbeiter: Mehr als 500 | Branche: Top 2''000 CH-Unternehmen | Rechtsform: Aktiengesellschaft'),
('6d1a35ba-1484-47a6-9478-4660517e9876', '84fd6843-1a4f-43d8-8be7-2e93f801d8b7', 'KALTAKQUISE', 'ACTIVE', 0, 'Funktion: Geschäftsführer/in (CEO) | Mitarbeiter: 1 bis 10 | Branche: Sanitär & Haustechnik | Rechtsform: Gesellschaft mit beschränkter Haftung'),
('24705f7c-4331-49dd-a81c-11c77598cc7a', '70facf29-6049-4089-bfc3-54b37a5e1c3b', 'KALTAKQUISE', 'ACTIVE', 0, 'Funktion: Geschäftsführer/in (CEO) | Mitarbeiter: 1 bis 10 | Branche: Garagen'),
('bd3a7d22-1e54-4941-ba59-dbe1c7bdf4bf', '2ccb2c63-21e6-4255-9fc2-1fa2027522bd', 'KALTAKQUISE', 'ACTIVE', 0, 'Funktion: Geschäftsführer/in (CEO) | Mitarbeiter: 1 bis 10 | Branche: Architekturbüros | Rechtsform: Aktiengesellschaft'),
('043d67b1-530e-4c4f-9bf3-945f5ce40d9b', 'fab996d7-0310-42dd-acb9-836b7b298860', 'KALTAKQUISE', 'ACTIVE', 0, 'Funktion: Geschäftsführer/in (CEO) | Mitarbeiter: 101 bis 500 | Branche: Online Shops / Restaurants | Rechtsform: Aktiengesellschaft'),
('f69e2542-ac1c-4352-99c1-60eccd223f6d', '11edc978-4123-4903-bce6-0662531a3ee3', 'KALTAKQUISE', 'ACTIVE', 0, 'Funktion: Geschäftsführer/in (CEO) | Mitarbeiter: 1 bis 10 | Branche: Glas-, Keramik-, Stein- & Baustoffindustrie | Rechtsform: Gesellschaft mit beschränkter Haftung'),
('b720d086-9032-430d-a2d0-eecbd97dacc7', '5713b1c9-34e6-427f-83d6-821442460f8c', 'KALTAKQUISE', 'ACTIVE', 0, 'Funktion: Geschäftsführer/in (CEO) | Mitarbeiter: 1 bis 10 | Branche: Bauingenieurbüros | Rechtsform: Einzelunternehmen'),
('7a02af3d-340d-486c-9b07-0a8359d50917', '3cfdee96-f46e-4ff8-a18d-aa7aacee083a', 'KALTAKQUISE', 'ACTIVE', 0, 'Funktion: Geschäftsführer/in (CEO) | Mitarbeiter: 1 bis 10 | Branche: Schreinerei- & Holzbaubetriebe | Rechtsform: Gesellschaft mit beschränkter Haftung'),
('f44040e9-1011-4778-8a5a-cbeecdf63832', '824582fe-7ce3-481c-9720-3e426488c7b4', 'KALTAKQUISE', 'ACTIVE', 0, 'Funktion: Geschäftsführer/in (CEO) | Mitarbeiter: 11 bis 20 | Branche: Gartenbau & -pflege'),
('1b77f020-795c-46b0-9e47-7cc2baf2bfb8', '5d2184fb-1e40-4377-9efb-5a63046ad5e6', 'KALTAKQUISE', 'ACTIVE', 0, 'Funktion: Geschäftsführer/in (CEO) | Mitarbeiter: 1 bis 10 | Branche: Lebensmittelverarbeitung | Rechtsform: Gesellschaft mit beschränkter Haftung'),
('5fea3d8c-3e7e-4206-8143-f794b259a6ee', '193be94c-36e1-4497-8825-f3edb3a9b05d', 'KALTAKQUISE', 'ACTIVE', 0, 'Funktion: Geschäftsführer/in (CEO) | Mitarbeiter: 1 bis 10 | Branche: Nachhaltigkeitsbereich / Sanitär & Haustechnik / Solar & Photovoltaik | Rechtsform: Aktiengesellschaft'),
('5373d37e-f99b-48f3-9620-8b52725b895c', 'b558b1c9-d7fd-4288-b22e-004c4ad8e03d', 'KALTAKQUISE', 'ACTIVE', 0, 'Funktion: Geschäftsführer/in (CEO) | Mitarbeiter: 1 bis 10 | Branche: Immobilienverwaltung / Immobilienvermittlung | Rechtsform: Einzelunternehmen'),
('ad554e76-2d46-4dc9-ac71-ecc18e2c0e8e', '1f7c76a7-2287-4243-9b5e-80b82c8a056b', 'KALTAKQUISE', 'ACTIVE', 0, 'Funktion: Geschäftsführer/in (CEO) | Mitarbeiter: 1 bis 10 | Branche: Architekturbüros | Rechtsform: Gesellschaft mit beschränkter Haftung'),
('2ea2b203-2b6a-4046-90e0-7a9a4dbbcede', '5458f14b-8614-40c3-8b6f-0b5501decc9e', 'KALTAKQUISE', 'ACTIVE', 0, 'Funktion: Geschäftsführer/in (CEO) | Mitarbeiter: 1 bis 10 | Branche: Immobilienverwaltung / Immobilienvermittlung | Rechtsform: Aktiengesellschaft'),
('bb4a658e-12ac-405a-b698-0dc1f7323e85', 'ee0710c1-d443-4283-ad3c-5243cde35d99', 'KALTAKQUISE', 'ACTIVE', 0, 'Funktion: Geschäftsführer/in (CEO) | Mitarbeiter: 101 bis 500 | Branche: Online Shops | Rechtsform: Aktiengesellschaft'),
('f556868a-f90d-4fb2-8b6c-0e3f455f302c', '0d13e10a-a0ff-4aa6-a562-bf999cd12634', 'KALTAKQUISE', 'ACTIVE', 0, 'Funktion: Geschäftsführer/in (CEO) | Mitarbeiter: 1 bis 10 | Branche: Spielwaren- & Babyfachhandel | Rechtsform: Aktiengesellschaft'),
('659147c8-1858-46ae-b376-a2cad825691e', '700f95f3-0c28-4d76-9f98-6aac5a1cdb3b', 'KALTAKQUISE', 'ACTIVE', 0, 'Funktion: Geschäftsführer/in (CEO) | Mitarbeiter: 1 bis 10 | Branche: Spielwaren- & Babyfachhandel | Rechtsform: Aktiengesellschaft'),
('bfe47bb7-1d77-4b7a-b34c-d92153ea3eea', '0f4a95d2-54a9-4607-a25c-0a66b8b4538e', 'KALTAKQUISE', 'ACTIVE', 0, 'Funktion: Geschäftsführer/in (CEO) | Mitarbeiter: 1 bis 10 | Branche: Textil- & Möbelindustrie | Rechtsform: Gesellschaft mit beschränkter Haftung'),
('902e03e5-8974-4aad-a17d-ea70a61c723c', 'f736d262-a967-4f23-b001-069b6a1f0538', 'KALTAKQUISE', 'ACTIVE', 0, 'Funktion: Geschäftsführer/in (CEO) | Mitarbeiter: 51 bis 100 | Branche: Nachhaltigkeitsbereich | Rechtsform: Aktiengesellschaft'),
('a504b6e2-125e-4912-aa10-248a46bafbe1', 'd7fb689e-3e25-47c6-9e67-a244f6784652', 'KALTAKQUISE', 'ACTIVE', 0, 'Funktion: Geschäftsführer/in (CEO) | Mitarbeiter: 1 bis 10 | Branche: Hofläden & Bauernhöfe'),
('24b29ea9-bbee-47bc-acfb-e905574e8c5d', 'b61cc5b0-933e-40d7-a3f5-3f03bd184182', 'KALTAKQUISE', 'ACTIVE', 0, 'Funktion: Geschäftsführer/in (CEO) | Mitarbeiter: Mehr als 500 | Branche: Top 2''000 CH-Unternehmen / Logistik- & Transportunternehmen | Rechtsform: Aktiengesellschaft'),
('9a5e6105-5f82-4907-8d57-6b09fd4047c4', 'e4da23ab-5dc5-429f-b36b-e918dd410d1d', 'KALTAKQUISE', 'ACTIVE', 0, 'Funktion: Geschäftsführer/in (CEO) | Mitarbeiter: 1 bis 10 | Branche: Maler- & Gipsergeschäfte'),
('f269f74d-c02f-4e14-a0d8-71d285069dfc', '8f4da2ed-5cc7-4f2d-a795-47c806ba6fe3', 'KALTAKQUISE', 'ACTIVE', 0, 'Funktion: Geschäftsführer/in (CEO) | Mitarbeiter: 1 bis 10 | Branche: Architekturbüros | Rechtsform: Aktiengesellschaft'),
('d63c3553-e158-4587-8db9-e68aef36e4ae', 'f1e3c177-3e02-4a29-8deb-d28477286864', 'KALTAKQUISE', 'ACTIVE', 0, 'Funktion: Geschäftsführer/in (CEO) | Mitarbeiter: 11 bis 20 | Branche: Schreinerei- & Holzbaubetriebe | Rechtsform: Aktiengesellschaft'),
('e52e3fe8-a2a4-4e94-80c3-e4194bde0724', '18d8deea-4ea1-4b6d-8e05-5603443b3349', 'KALTAKQUISE', 'ACTIVE', 0, 'Funktion: Geschäftsführer/in (CEO) | Mitarbeiter: 1 bis 10 | Branche: Metallbauer | Rechtsform: Gesellschaft mit beschränkter Haftung'),
('0da4b158-21a9-48f5-8c36-b3c96c5a8992', 'e04d0a94-c063-4a73-b2b2-3c9191b85add', 'KALTAKQUISE', 'ACTIVE', 0, 'Funktion: Geschäftsführer/in (CEO) | Mitarbeiter: 1 bis 10 | Branche: Schreinerei- & Holzbaubetriebe'),
('0614c6c0-f2fe-4618-8aaa-190b31bdf7ba', 'ccf9ad54-3c30-44c1-bebd-036e96bdd811', 'KALTAKQUISE', 'ACTIVE', 0, 'Funktion: Geschäftsführer/in (CEO) | Mitarbeiter: 1 bis 10 | Branche: Schreinerei- & Holzbaubetriebe'),
('aeb9637c-3cd3-4c24-970b-768a9e055666', '1f7a30fa-703c-4ea5-b181-beb686997664', 'KALTAKQUISE', 'ACTIVE', 0, 'Funktion: Geschäftsführer/in (CEO) | Mitarbeiter: 1 bis 10 | Branche: Sanitär & Haustechnik | Rechtsform: Gesellschaft mit beschränkter Haftung'),
('f283bc89-3fb8-4abc-a94c-c2a5b60034e5', '106a09e5-694d-45c1-a3b1-88f34ffaf9cf', 'KALTAKQUISE', 'ACTIVE', 0, 'Funktion: Geschäftsführer/in (CEO) | Mitarbeiter: 1 bis 10 | Branche: Hofläden & Bauernhöfe'),
('db626c4a-73dd-4b38-bf82-b667ace0f996', '2baacaaa-7444-42c1-8c5e-4ec0f91248d0', 'KALTAKQUISE', 'ACTIVE', 0, 'Funktion: Geschäftsführer/in (CEO) | Mitarbeiter: 1 bis 10 | Branche: Boden- & Plattenleger'),
('a9961010-0832-413e-8d33-3873c547f1ae', '5fd7aec4-8c06-4224-90ac-954f3d5ca25a', 'KALTAKQUISE', 'ACTIVE', 0, 'Funktion: Geschäftsführer/in (CEO) | Mitarbeiter: 101 bis 500 | Branche: Schreinerei- & Holzbaubetriebe | Rechtsform: Aktiengesellschaft'),
('326b020a-e4eb-40bd-931b-44e2c6755802', 'eca0f0af-ef4a-4204-95b3-366313471caf', 'KALTAKQUISE', 'ACTIVE', 0, 'Funktion: Geschäftsführer/in (CEO) | Mitarbeiter: 1 bis 10 | Branche: Schreinerei- & Holzbaubetriebe | Rechtsform: Aktiengesellschaft'),
('4860e417-73ba-458b-91e5-ec911f3dcfac', 'f4ebcaba-2142-493a-8ce5-55f76a0a34bb', 'KALTAKQUISE', 'ACTIVE', 0, 'Funktion: Geschäftsführer/in (CEO) | Mitarbeiter: 11 bis 20 | Branche: Elektroplanung & Installation | Rechtsform: Aktiengesellschaft'),
('39c10169-86ea-4f8e-94c3-9209c2441559', '2614e500-0efe-4d15-a228-b1d62d763c1a', 'KALTAKQUISE', 'ACTIVE', 0, 'Funktion: Geschäftsführer/in (CEO) | Mitarbeiter: 1 bis 10 | Branche: Restaurants'),
('26206bb9-70b0-41f6-912c-94a8254a423a', 'fb16275b-d8ef-4a20-8cec-9b5991a91138', 'KALTAKQUISE', 'ACTIVE', 0, 'Funktion: Geschäftsführer/in (CEO) | Mitarbeiter: 1 bis 10 | Branche: Maschinenbauindustrie | Rechtsform: Gesellschaft mit beschränkter Haftung'),
('d4daf273-da2a-4b2e-bad4-2403622c49a0', '67cdb0ea-ba64-4262-b441-f17d4c3e9e43', 'KALTAKQUISE', 'ACTIVE', 0, 'Funktion: Geschäftsführer/in (CEO) | Mitarbeiter: Mehr als 500 | Branche: Elektroindustrie | Rechtsform: Aktiengesellschaft'),
('78d9d6ec-2c61-436d-b685-06b14fd142ac', '8a2bb7db-0f29-4f66-9ef9-d3bde4362147', 'KALTAKQUISE', 'ACTIVE', 0, 'Funktion: Geschäftsführer/in (CEO) | Mitarbeiter: 1 bis 10 | Branche: Restaurants | Rechtsform: Gesellschaft mit beschränkter Haftung'),
('38a87317-42c7-4924-9ec1-2b386eac5f00', '5dbbe3f0-194b-4710-b1cd-4f61890d7f77', 'KALTAKQUISE', 'ACTIVE', 0, 'Funktion: Geschäftsführer/in (CEO) | Mitarbeiter: 1 bis 10 | Branche: Online Shops | Rechtsform: Gesellschaft mit beschränkter Haftung'),
('822eb6e8-a55f-47d8-baa9-e0818c05c98e', '9ad970fa-727c-4d38-bdf9-a8d42ced028d', 'KALTAKQUISE', 'ACTIVE', 0, 'Funktion: Geschäftsführer/in (CEO) | Mitarbeiter: 11 bis 20 | Branche: Boden- & Plattenleger | Rechtsform: Aktiengesellschaft'),
('e9d0b44f-fb4a-4159-8a2b-e7517f5fec42', 'ec3ec603-e964-4726-b0d0-17b49c8e0213', 'KALTAKQUISE', 'ACTIVE', 0, 'Funktion: Geschäftsführer/in (CEO) | Mitarbeiter: 1 bis 10 | Branche: Versicherungsbroker & -makler | Rechtsform: Aktiengesellschaft'),
('a75f0795-686d-4138-a06a-c10db3bfd266', 'e1d3cff1-5b8f-4230-99b2-27be39d00758', 'KALTAKQUISE', 'ACTIVE', 0, 'Funktion: Geschäftsführer/in (CEO) | Mitarbeiter: 1 bis 10 | Branche: Online Shops / Spielwaren- & Babyfachhandel | Rechtsform: Aktiengesellschaft'),
('181d62ca-f219-4ecd-bedc-ae6f858ac36f', 'd6738997-c3a8-4332-b81f-63be7ec03296', 'KALTAKQUISE', 'ACTIVE', 0, 'Funktion: Geschäftsführer/in (CEO) | Mitarbeiter: 1 bis 10 | Branche: Online Shops / Detailhandel - Food & Getränke | Rechtsform: Gesellschaft mit beschränkter Haftung'),
('668f39f1-a167-49a3-b49a-df45830fc4e8', 'b7727f1d-9ca5-4244-a5c1-da373e8216bf', 'KALTAKQUISE', 'ACTIVE', 0, 'Funktion: Geschäftsführer/in (CEO) | Mitarbeiter: 21 bis 50 | Branche: Elektroplanung & Installation | Rechtsform: Aktiengesellschaft'),
('f8636a3a-e7ce-4ab5-86d4-5b42572e7a93', 'a8c6c6c2-af0f-43d6-8ed6-c6fe771a7175', 'KALTAKQUISE', 'ACTIVE', 0, 'Funktion: Geschäftsführer/in (CEO) | Mitarbeiter: 1 bis 10 | Branche: Architekturbüros | Rechtsform: Gesellschaft mit beschränkter Haftung'),
('58161ed1-5d2b-4d09-95ae-1e25dcbcfd05', '6ba88149-9c0b-4438-be0c-a9f07adf32a0', 'KALTAKQUISE', 'ACTIVE', 0, 'Funktion: Geschäftsführer/in (CEO) | Mitarbeiter: 1 bis 10 | Branche: Lebensmittelverarbeitung / Restaurants | Rechtsform: Gesellschaft mit beschränkter Haftung'),
('c6dcdde9-bc42-4f3e-8000-9834ee3143f7', 'fca9f062-76d0-4d95-95e8-b6bef65f71a3', 'KALTAKQUISE', 'ACTIVE', 0, 'Funktion: Geschäftsführer/in (CEO) | Mitarbeiter: 1 bis 10 | Branche: Versicherungsbroker & -makler | Rechtsform: Aktiengesellschaft'),
('75304e9b-d67f-40ff-acc9-4ad848878928', '2eda8201-0f15-4150-8405-8b08ba99666e', 'KALTAKQUISE', 'ACTIVE', 0, 'Funktion: Geschäftsführer/in (CEO) | Mitarbeiter: 1 bis 10 | Branche: Glas-, Keramik-, Stein- & Baustoffindustrie | Rechtsform: Aktiengesellschaft'),
('671d4dfa-7145-4d36-9942-31ade750636e', '1fcce87c-7665-48aa-904e-7a51375fb901', 'KALTAKQUISE', 'ACTIVE', 0, 'Funktion: Geschäftsführer/in (CEO) | Mitarbeiter: 11 bis 20 | Branche: Online Shops'),
('90fa405b-4e26-447e-975c-03da27564e38', '20a4571f-746d-4394-8faf-114ecf261e47', 'KALTAKQUISE', 'ACTIVE', 0, 'Funktion: Geschäftsführer/in (CEO) | Mitarbeiter: 1 bis 10 | Branche: Unternehmensberater | Rechtsform: Gesellschaft mit beschränkter Haftung'),
('7e08e709-86bf-4f54-9f3d-d1fffaa74328', 'ff42fa05-b5c8-4cf6-9712-ef654c8afd4f', 'KALTAKQUISE', 'ACTIVE', 0, 'Funktion: Geschäftsführer/in (CEO) | Mitarbeiter: 1 bis 10 | Branche: Architekturbüros | Rechtsform: Einzelunternehmen'),
('dbb2c64d-84ea-4ee9-9751-8ae1cdcad9e7', 'ec503ecd-03da-4838-a4f9-c8e36e8031cc', 'KALTAKQUISE', 'ACTIVE', 0, 'Funktion: Geschäftsführer/in (CEO) | Mitarbeiter: 11 bis 20 | Branche: Divers | Rechtsform: Aktiengesellschaft'),
('61170a82-bbee-45db-8ec8-6c212aa19f7f', '850e8d67-8df5-490a-8fc4-d88629819acc', 'KALTAKQUISE', 'ACTIVE', 0, 'Funktion: Geschäftsführer/in (CEO) | Mitarbeiter: 1 bis 10 | Branche: Apotheken & Drogerien'),
('0b37e7c5-ccb6-45d9-abdf-a925d660bd42', '9ee2b087-8b0f-41d1-a289-cfba77f58139', 'KALTAKQUISE', 'ACTIVE', 0, 'Funktion: Geschäftsführer/in (CEO) | Mitarbeiter: 1 bis 10 | Branche: Immobilienvermittlung | Rechtsform: Gesellschaft mit beschränkter Haftung'),
('da9e23b6-95cb-4d83-960b-16f287d184c3', '4afa48b4-563e-4a5b-aa05-c82bddd5797f', 'KALTAKQUISE', 'ACTIVE', 0, 'Funktion: Geschäftsführer/in (CEO) | Mitarbeiter: 1 bis 10 | Branche: Werbeagenturen | Rechtsform: Aktiengesellschaft'),
('9156d07a-71fe-4848-92ff-6265850c06e0', '140c09a8-8df8-40ef-9a0b-80dc3c1b7a65', 'KALTAKQUISE', 'ACTIVE', 0, 'Funktion: Geschäftsführer/in (CEO) | Mitarbeiter: 1 bis 10 | Branche: Clubs, Bars & Eventlocations'),
('4da6dbf4-8eff-4901-b78b-95488abb4924', 'd7f23e69-0151-4199-899a-4d4641e3431e', 'KALTAKQUISE', 'ACTIVE', 0, 'Funktion: Geschäftsführer/in (CEO) | Mitarbeiter: 11 bis 20 | Branche: Clubs, Bars & Eventlocations'),
('c8123c32-28e6-4615-9a71-0ecf2436cd11', '3ef41b11-4f59-4af9-b3d4-796e3dba36ee', 'KALTAKQUISE', 'ACTIVE', 0, 'Funktion: Geschäftsführer/in (CEO) | Mitarbeiter: 21 bis 50 | Branche: Clubs, Bars & Eventlocations'),
('2aed3adb-4ed4-4486-b72a-79b1f746c4f4', '5df7de3a-ebf6-4598-aadb-f0755f73a6a4', 'KALTAKQUISE', 'ACTIVE', 0, 'Funktion: Geschäftsführer/in (CEO) | Mitarbeiter: 11 bis 20 | Branche: Freizeitanlagen'),
('fbce0207-0710-4f0e-9c78-47356b283214', '93149ea2-6a53-4ae5-b9ee-31ae31e75581', 'KALTAKQUISE', 'ACTIVE', 0, 'Funktion: Geschäftsführer/in (CEO) | Mitarbeiter: 21 bis 50 | Branche: Museum & Theater'),
('afee8723-f0d3-4fae-965e-9d0a57eb2a46', '79edb445-926a-40d9-9568-453afbb767dc', 'KALTAKQUISE', 'ACTIVE', 0, 'Funktion: Geschäftsführer/in (CEO) | Mitarbeiter: 21 bis 50 | Branche: Clubs, Bars & Eventlocations'),
('98043b48-5ff0-464b-9461-60dd92dae5f4', '32e018db-3ade-422e-af22-9f6a7249a379', 'KALTAKQUISE', 'ACTIVE', 0, 'Funktion: Geschäftsführer/in (CEO) | Mitarbeiter: 1 bis 10 | Branche: Museum & Theater'),
('8ca20faf-b22c-4d00-84cd-0f3cf8d0caba', '45e28943-3dcf-4067-9789-6626c7d04b7e', 'KALTAKQUISE', 'ACTIVE', 0, 'Funktion: Geschäftsführer/in (CEO) | Mitarbeiter: 21 bis 50 | Branche: Museum & Theater | Rechtsform: Stiftung'),
('67c3252b-e18c-4e39-bd52-785841e3dc18', 'ed6cad2d-c8d9-4669-9a12-a87f0e242f8a', 'KALTAKQUISE', 'ACTIVE', 0, 'Funktion: Geschäftsführer/in (CEO) | Mitarbeiter: 1 bis 10 | Branche: Online Shops | Rechtsform: Gesellschaft mit beschränkter Haftung'),
('6a399c4b-3c0d-44c7-869e-246b44f7ee30', 'd36081de-00f1-4525-b7a8-304c28122b43', 'KALTAKQUISE', 'ACTIVE', 0, 'Funktion: Geschäftsführer/in (CEO) | Mitarbeiter: 1 bis 10 | Branche: Clubs, Bars & Eventlocations'),
('9c136e43-ff0b-473f-a368-71d2e92df7f3', '0bf9cf1f-bb9d-420d-a38b-fe28872a1a9b', 'KALTAKQUISE', 'ACTIVE', 0, 'Funktion: Geschäftsführer/in (CEO) | Mitarbeiter: 21 bis 50 | Branche: Clubs, Bars & Eventlocations'),
('1cec451e-26b6-438e-8d1c-fe7e83770b7e', '598dabf7-1934-4ff6-8409-e013cdc8513a', 'KALTAKQUISE', 'ACTIVE', 0, 'Funktion: Geschäftsführer/in (CEO) | Mitarbeiter: 1 bis 10 | Branche: Museum & Theater'),
('cf583a51-e4cc-44ef-bbd3-5a5a7e01e362', '679148da-5e37-4bd1-94b9-7e41a0b13090', 'KALTAKQUISE', 'ACTIVE', 0, 'Funktion: Geschäftsführer/in (CEO) | Mitarbeiter: 11 bis 20 | Branche: Gartenbau & -pflege'),
('d839b585-1fcc-4adc-acdc-c525669ff7ca', 'bedb1fbb-959e-42c5-8484-4e11cf7a20d9', 'KALTAKQUISE', 'ACTIVE', 0, 'Funktion: Geschäftsführer/in (CEO) | Mitarbeiter: 1 bis 10 | Branche: Restaurants'),
('b6e7c664-820b-4ba5-a711-0065c73641dc', '5e6edd57-43fb-432b-a057-da63b12bc3d8', 'KALTAKQUISE', 'ACTIVE', 0, 'Funktion: Geschäftsführer/in (CEO) | Mitarbeiter: 11 bis 20 | Branche: Clubs, Bars & Eventlocations | Rechtsform: Aktiengesellschaft'),
('29e0b0eb-2e2b-4cd1-a14b-951e0aca4ec9', '6e0685c9-3c6e-4578-b9ec-120c6b4057d1', 'KALTAKQUISE', 'ACTIVE', 0, 'Funktion: Geschäftsführer/in (CEO) | Mitarbeiter: 21 bis 50 | Branche: Clubs, Bars & Eventlocations'),
('7aa1de8a-913d-488e-b7c3-b6633405086d', 'a94d5450-567f-4737-8c96-b0cc73c8adfa', 'KALTAKQUISE', 'ACTIVE', 0, 'Funktion: Geschäftsführer/in (CEO) | Mitarbeiter: 11 bis 20 | Branche: Clubs, Bars & Eventlocations | Rechtsform: Kollektivgesellschaft'),
('d8e83c67-1b35-4a1a-a217-aec92eb67d93', 'cc640ec2-cf6b-454e-86dd-80e9a57b2fe5', 'KALTAKQUISE', 'ACTIVE', 0, 'Funktion: Geschäftsführer/in (CEO) | Mitarbeiter: 21 bis 50 | Branche: Museum & Theater | Rechtsform: Stiftung'),
('f6c4c300-d0bf-4529-acbf-cd13b6aafaa4', '2db4908d-3f5c-4678-948e-60f6905dd290', 'KALTAKQUISE', 'ACTIVE', 0, 'Funktion: Geschäftsführer/in (CEO) | Mitarbeiter: 21 bis 50 | Branche: Restaurants'),
('559d5525-8ec1-45a5-aec6-b0048a2d57e0', '903a2de7-ccde-40a9-9a89-cd96afda1ecf', 'KALTAKQUISE', 'ACTIVE', 0, 'Funktion: Geschäftsführer/in (CEO) | Mitarbeiter: 1 bis 10 | Branche: Nachhaltigkeitsbereich | Rechtsform: Gesellschaft mit beschränkter Haftung'),
('15bc4969-680b-4627-9668-80f51411734b', '31ab33fd-d9ce-4f20-965d-902b9a3be5c6', 'KALTAKQUISE', 'ACTIVE', 0, 'Funktion: Geschäftsführer/in (CEO) | Mitarbeiter: 11 bis 20 | Branche: Clubs, Bars & Eventlocations'),
('a862256c-f584-4165-b60c-36b960446346', '3becf3d7-ee58-43ee-8536-54d71f6b8804', 'KALTAKQUISE', 'ACTIVE', 0, 'Funktion: Geschäftsführer/in (CEO) | Mitarbeiter: 11 bis 20 | Branche: Hotels / Restaurants'),
('8bff2d15-6707-4c78-a48a-cd5ec0cb3ec1', 'acdf60cb-2126-4b48-85a7-3d120a339c5b', 'KALTAKQUISE', 'ACTIVE', 0, 'Funktion: Geschäftsführer/in (CEO) | Mitarbeiter: 1 bis 10 | Branche: Museum & Theater | Rechtsform: Aktiengesellschaft'),
('c8a163b4-d37c-4926-b5bf-503e9d15ed08', '2f2d46d7-d62d-48d3-9620-f0882266e009', 'KALTAKQUISE', 'ACTIVE', 0, 'Funktion: Leitung Schule | Mitarbeiter: 1 bis 10 | Branche: Weiterbildungsinstitute'),
('357b71d8-ea17-4d14-bd7b-6a77ecb23084', 'cfa84920-c56c-44f3-875d-d3e677506fd9', 'KALTAKQUISE', 'ACTIVE', 0, 'Funktion: Geschäftsführer/in (CEO) | Mitarbeiter: 11 bis 20 | Branche: Clubs, Bars & Eventlocations'),
('e0c6c14a-f861-42f6-a55a-1c96ede63728', 'f4590abc-1140-476a-95a5-addf655ffa4b', 'KALTAKQUISE', 'ACTIVE', 0, 'Funktion: Geschäftsführer/in (CEO) | Mitarbeiter: 11 bis 20 | Branche: Divers'),
('a82c54c8-7855-4219-a98e-5efc0bd58917', '941854e4-7a7b-4519-9171-98c5e01b12f9', 'KALTAKQUISE', 'ACTIVE', 0, 'Funktion: Geschäftsführer/in (CEO) | Mitarbeiter: 21 bis 50 | Branche: Clubs, Bars & Eventlocations'),
('190e0ff5-4d6f-4c35-a516-0c6c7799c2ad', '097a6d7d-91c2-46dd-809d-3c1b51033a85', 'KALTAKQUISE', 'ACTIVE', 0, 'Funktion: Gesamtleitung/Direktion | Mitarbeiter: 1 bis 10 | Branche: Beherbergungsstätten'),
('76eaa442-9be6-435e-aca8-5dd9fbbeaeb6', 'fca3cfc2-7c39-4c14-b072-3f3e3d3a26ea', 'KALTAKQUISE', 'ACTIVE', 0, 'Funktion: Geschäftsführer/in (CEO) | Mitarbeiter: 11 bis 20 | Branche: Clubs, Bars & Eventlocations'),
('98e2b026-2873-4555-88c0-8fabcfb576ae', 'ee81a3e3-1ca6-47bc-aaaa-1694f8bed3c6', 'KALTAKQUISE', 'ACTIVE', 0, 'Funktion: Geschäftsführer/in (CEO) | Mitarbeiter: 11 bis 20 | Branche: Freizeitanlagen'),
('12edec9c-6488-47a5-aefb-adeda89b8cd6', 'be58a725-7f08-43bc-8161-89e9fc228b70', 'KALTAKQUISE', 'ACTIVE', 0, 'Funktion: Chefredaktion | Mitarbeiter: 21 bis 50 | Branche: Zeitungen & Zeitschriften'),
('41f32b1d-23ed-4d11-8e28-ec7e04d539d0', 'fbbcfc7b-f382-4a73-a05f-a662f039ccc4', 'KALTAKQUISE', 'ACTIVE', 0, 'Funktion: Geschäftsführer/in (CEO) | Mitarbeiter: 101 bis 500 | Branche: Museum & Theater'),
('e7de946f-c4dd-4544-826b-355a961af4cd', '2d3226ba-3fad-44b6-9249-3c6e34928605', 'KALTAKQUISE', 'ACTIVE', 0, 'Funktion: Geschäftsführer/in (CEO) | Mitarbeiter: 1 bis 10 | Branche: Kunststoffindustrie | Rechtsform: Gesellschaft mit beschränkter Haftung'),
('59ad6a7a-c646-490b-969f-b8c0da9860bc', '85afa685-53a7-4ec3-8bd7-f45fd4601015', 'KALTAKQUISE', 'ACTIVE', 0, 'Funktion: Gesamtleitung/Direktion | Mitarbeiter: 1 bis 10 | Branche: Hotels / Physiotherapie | Rechtsform: Gesellschaft mit beschränkter Haftung'),
('24b20ee9-d11f-4e74-b41c-f41110958bfa', '7e351c48-c6cf-480b-9051-6b72fded48f2', 'KALTAKQUISE', 'ACTIVE', 0, 'Funktion: Geschäftsführer/in (CEO) | Mitarbeiter: 11 bis 20 | Branche: Metallbauer | Rechtsform: Aktiengesellschaft'),
('60853fbd-8518-41e0-86a9-f4d4bab9248e', 'b79c8954-2c57-478a-b315-8799b14a1496', 'KALTAKQUISE', 'ACTIVE', 0, 'Funktion: Geschäftsführer/in (CEO) | Mitarbeiter: 1 bis 10 | Branche: Restaurants'),
('7a114657-1a4a-4f96-8364-49447e7cc6f3', '640204e6-2d35-46b6-88ce-f3457484956f', 'KALTAKQUISE', 'ACTIVE', 0, 'Funktion: Geschäftsführer/in (CEO) | Mitarbeiter: 1 bis 10 | Branche: Boden- & Plattenleger'),
('85598cfd-0369-4380-83e9-3ef4faddc303', '54b5d31c-bc23-42cf-b492-a3285f34c4f4', 'KALTAKQUISE', 'ACTIVE', 0, 'Funktion: Geschäftsführer/in (CEO) | Mitarbeiter: 21 bis 50 | Branche: Baugeschäfte | Rechtsform: Aktiengesellschaft'),
('411e2562-cf20-4c12-a0fc-762abb7f57fe', '012c43d4-8d2f-414a-b971-98c51898c5dc', 'KALTAKQUISE', 'ACTIVE', 0, 'Funktion: Geschäftsführer/in (CEO) | Mitarbeiter: 11 bis 20 | Branche: Gartenbau & -pflege | Rechtsform: Aktiengesellschaft'),
('244a6383-690f-4148-becd-6188563ca1d3', '327b8eaa-9753-41c8-8aec-e44b5f971262', 'KALTAKQUISE', 'ACTIVE', 0, 'Funktion: Geschäftsführer/in (CEO) | Mitarbeiter: 1 bis 10 | Branche: Boden- & Plattenleger'),
('544f6820-2e1b-42ba-9e78-c7c5a1164a5d', '36b58bc5-f524-437b-a3dd-0f6e85676a44', 'KALTAKQUISE', 'ACTIVE', 0, 'Funktion: Geschäftsführer/in (CEO) | Mitarbeiter: 1 bis 10 | Branche: Innenausstatter'),
('0f2dd8c5-8279-4ebb-b31c-5e8816995898', '430e157a-ba8e-4625-b4c4-56ab60c245da', 'KALTAKQUISE', 'ACTIVE', 0, 'Funktion: Geschäftsführer/in (CEO) | Mitarbeiter: 1 bis 10 | Branche: Bau- & Projektmanagement / Bauherrenvertretung | Rechtsform: Gesellschaft mit beschränkter Haftung'),
('271c0034-6290-4e8b-a784-7001b85b6dec', '65a20e02-25cd-45c8-8079-980bb99f520a', 'KALTAKQUISE', 'ACTIVE', 0, 'Funktion: Geschäftsführer/in (CEO) | Mitarbeiter: 21 bis 50 | Branche: Logistik- & Transportunternehmen | Rechtsform: Einzelunternehmen'),
('d8e01edb-692e-4a9d-9b3e-0a3eef43496a', '6828ef0a-a106-4036-b021-08879ccfe6fc', 'KALTAKQUISE', 'ACTIVE', 0, 'Funktion: Geschäftsführer/in (CEO) | Mitarbeiter: 1 bis 10 | Branche: Treuhandbüros | Rechtsform: Aktiengesellschaft'),
('b0d0f094-d4ff-488f-a8ef-0663caf36b45', 'e90f6076-38cf-4045-b4c9-f1f03274e5ab', 'KALTAKQUISE', 'ACTIVE', 0, 'Funktion: Geschäftsführer/in (CEO) | Mitarbeiter: 11 bis 20 | Branche: Architekturbüros | Rechtsform: Aktiengesellschaft'),
('01ef7c5c-e7b8-48ce-b950-ae038e9bd9b3', '6591a999-ae27-4ea1-8a15-fa50d5fcb585', 'KALTAKQUISE', 'ACTIVE', 0, 'Funktion: Geschäftsführer/in (CEO) | Mitarbeiter: Mehr als 500 | Branche: Top 2''000 CH-Unternehmen | Rechtsform: Aktiengesellschaft'),
('29b5a6bd-c129-48dc-9e8c-1d28acbb86f4', '69328886-6c45-402f-9ecf-5a3aca52790e', 'KALTAKQUISE', 'ACTIVE', 0, 'Funktion: Geschäftsführer/in (CEO) | Mitarbeiter: 1 bis 10 | Branche: Schreinerei- & Holzbaubetriebe'),
('758d09af-36b2-4630-9197-bf8457551245', '6dacc942-3a7b-4106-bdcb-610621fd578e', 'KALTAKQUISE', 'ACTIVE', 0, 'Funktion: Inhaber/in (Owner/Founder) | Mitarbeiter: 1 bis 10 | Branche: Garagen | Rechtsform: Aktiengesellschaft'),
('d11f3fd4-5021-4cb6-aae8-8554c6bbb7a7', 'ecab678e-0ae7-4555-9c94-f1d11139a03f', 'KALTAKQUISE', 'ACTIVE', 0, 'Funktion: Geschäftsführer/in (CEO) | Mitarbeiter: 11 bis 20 | Branche: Spielwaren- & Babyfachhandel | Rechtsform: Einzelunternehmen'),
('d6bc5e81-8a7a-4dc0-bbaa-8eda482599f6', 'e851cad8-54a8-439e-a364-0e676505aca4', 'KALTAKQUISE', 'ACTIVE', 0, 'Funktion: Geschäftsführer/in (CEO) | Mitarbeiter: 1 bis 10 | Branche: Werbeagenturen | Rechtsform: Gesellschaft mit beschränkter Haftung'),
('8c8b901a-7fb6-4510-ad44-931355bf6ed0', 'c3bd7a06-633a-4295-a7dc-85af6d7e7b6f', 'KALTAKQUISE', 'ACTIVE', 0, 'Funktion: Geschäftsführer/in (CEO) | Mitarbeiter: 1 bis 10 | Branche: Coiffeursalons | Rechtsform: Gesellschaft mit beschränkter Haftung'),
('b2744d97-dac7-4c9d-a830-6b37c1ac7508', 'dbb190c9-8085-414f-a80d-fa92f102e809', 'KALTAKQUISE', 'ACTIVE', 0, 'Funktion: Geschäftsführer/in (CEO) | Mitarbeiter: 1 bis 10 | Branche: Atem- Meditation- & Yogacenter'),
('0f73b4cb-f999-425b-a803-c9226dd4a39c', '8a18b0a6-00c7-4b12-8317-4ed4a0500297', 'KALTAKQUISE', 'ACTIVE', 0, 'Funktion: Geschäftsführer/in (CEO) | Mitarbeiter: 1 bis 10 | Branche: Atem- Meditation- & Yogacenter'),
('07ad9e95-5009-4e69-9694-00a42769fa8b', '6051171b-ab4a-4eef-a655-7c886098f8c4', 'KALTAKQUISE', 'ACTIVE', 0, 'Funktion: Geschäftsführer/in (CEO) | Mitarbeiter: 1 bis 10 | Branche: Atem- Meditation- & Yogacenter'),
('59472872-1b44-4c53-9c94-900f4bec64eb', 'a70b7173-c5e0-443e-ba0e-94902545a73c', 'KALTAKQUISE', 'ACTIVE', 0, 'Funktion: Geschäftsführer/in (CEO) | Mitarbeiter: 1 bis 10 | Branche: Atem- Meditation- & Yogacenter'),
('3b811f2e-0074-4cad-aff5-3e94fd2816a0', 'fa7ef060-427a-44db-be78-2af73fd34081', 'KALTAKQUISE', 'ACTIVE', 0, 'Funktion: Geschäftsführer/in (CEO) | Mitarbeiter: 1 bis 10 | Branche: Atem- Meditation- & Yogacenter'),
('da9f7629-7bb1-431d-97a1-abbf44922835', '8b3f807d-4bf2-4463-af1f-e1a7168feca6', 'KALTAKQUISE', 'ACTIVE', 0, 'Funktion: Geschäftsführer/in (CEO) | Mitarbeiter: 1 bis 10 | Branche: Gartenbau & -pflege | Rechtsform: Gesellschaft mit beschränkter Haftung'),
('5fccc75d-295a-46a1-b1e6-94eac074e39a', 'b8782ec5-32e0-4b7e-8731-e81d2678e8ee', 'KALTAKQUISE', 'ACTIVE', 0, 'Funktion: Geschäftsführer/in (CEO) | Mitarbeiter: 1 bis 10 | Branche: Unternehmensberater | Rechtsform: Gesellschaft mit beschränkter Haftung'),
('507de96c-bfb0-4e23-9a8f-2e98e4c60d24', '95e51cd0-8af8-4f1c-ba49-70571cb8faf7', 'KALTAKQUISE', 'ACTIVE', 0, 'Funktion: Geschäftsführer/in (CEO) | Mitarbeiter: 1 bis 10 | Branche: Unternehmensberater | Rechtsform: Gesellschaft mit beschränkter Haftung'),
('c28d4f04-97cc-4441-846e-d50fa7427af5', 'b9328fea-e0c3-4e8d-bc8c-13f7ff23b07b', 'KALTAKQUISE', 'ACTIVE', 0, 'Funktion: Geschäftsführer/in (CEO) | Mitarbeiter: 1 bis 10 | Branche: Maler- & Gipsergeschäfte | Rechtsform: Gesellschaft mit beschränkter Haftung'),
('3274e0df-502b-4ecb-8709-47cb80775f6f', 'ff918428-6179-48cc-877c-2e2b198ea19b', 'KALTAKQUISE', 'ACTIVE', 0, 'Funktion: Geschäftsführer/in (CEO) | Mitarbeiter: 1 bis 10 | Branche: Maler- & Gipsergeschäfte'),
('92c56737-112c-451d-a746-1d778c8bb9b9', 'd652fbc5-de9e-4247-b00a-13013a43317f', 'KALTAKQUISE', 'ACTIVE', 0, 'Funktion: Geschäftsführer/in (CEO) | Mitarbeiter: 1 bis 10 | Branche: Maler- & Gipsergeschäfte | Rechtsform: Einzelunternehmen'),
('105b5779-06a2-4129-95a2-62be00bff6ad', '2fb98265-145e-450f-8b54-f3e503358987', 'KALTAKQUISE', 'ACTIVE', 0, 'Funktion: Geschäftsführer/in (CEO) | Mitarbeiter: 1 bis 10 | Branche: Baugeschäfte / Maurer | Rechtsform: Gesellschaft mit beschränkter Haftung'),
('fe867bd0-24b8-4c14-8537-68d504c9edc8', 'eede78f5-fa6c-4096-b7e0-12aa2284accb', 'KALTAKQUISE', 'ACTIVE', 0, 'Funktion: Geschäftsführer/in (CEO) | Mitarbeiter: 1 bis 10 | Branche: Lebensmittelverarbeitung | Rechtsform: Gesellschaft mit beschränkter Haftung'),
('59cac8a6-48c1-433a-b3e5-edc8d4b5c18a', 'bded492a-aab3-46cf-9a94-fa4f41defff6', 'KALTAKQUISE', 'ACTIVE', 0, 'Funktion: Geschäftsführer/in (CEO) | Mitarbeiter: 1 bis 10 | Branche: Lebensmittelverarbeitung | Rechtsform: Einzelunternehmen'),
('ac643a8d-7ca4-4105-8051-afaac35bae7c', '5259a3d7-829c-4a3e-bad6-a3d3c9729625', 'KALTAKQUISE', 'ACTIVE', 0, 'Funktion: Geschäftsführer/in (CEO) | Mitarbeiter: 1 bis 10 | Branche: Lebensmittelverarbeitung | Rechtsform: Einzelunternehmen'),
('a2cc067e-c756-409e-8456-2a18c324a98d', '4c1ead8a-d876-499e-bae5-d2c764c6564a', 'KALTAKQUISE', 'ACTIVE', 0, 'Funktion: Geschäftsführer/in (CEO) | Mitarbeiter: 1 bis 10 | Branche: Boden- & Plattenleger | Rechtsform: Einzelunternehmen'),
('4c2e981a-3872-442c-8899-2d69b5bfed58', 'd344cb3b-a6d5-4682-b2f2-04bc43609d8b', 'KALTAKQUISE', 'ACTIVE', 0, 'Funktion: Geschäftsführer/in (CEO) | Mitarbeiter: 1 bis 10 | Branche: Schreinerei- & Holzbaubetriebe | Rechtsform: Einzelunternehmen'),
('591c2a30-1229-4169-9f76-4019e9873d3f', 'b5245244-4df8-4d28-baee-64f00e65fa3c', 'KALTAKQUISE', 'ACTIVE', 0, 'Funktion: Geschäftsführer/in (CEO) | Mitarbeiter: 1 bis 10 | Branche: Schreinerei- & Holzbaubetriebe | Rechtsform: Gesellschaft mit beschränkter Haftung'),
('81b9b11d-cf8f-4bd2-b101-76c533a6e054', '2444249f-6dfb-466e-97cf-8db0f849fe28', 'KALTAKQUISE', 'ACTIVE', 0, 'Funktion: Geschäftsführer/in (CEO) | Mitarbeiter: 1 bis 10 | Branche: Schreinerei- & Holzbaubetriebe'),
('3d9e7a2b-4419-4cf6-8b15-cc113e1e5be6', '0168558e-97f4-433a-a29e-4f85a4344180', 'KALTAKQUISE', 'ACTIVE', 0, 'Funktion: Geschäftsführer/in (CEO) | Mitarbeiter: 1 bis 10 | Branche: Schreinerei- & Holzbaubetriebe'),
('fa1f0625-e2d0-468f-ba69-64addd69c6ec', 'bd4e106c-6a0a-4e17-8600-5eed547c148a', 'KALTAKQUISE', 'ACTIVE', 0, 'Funktion: Geschäftsführer/in (CEO) | Mitarbeiter: 1 bis 10 | Branche: Schreinerei- & Holzbaubetriebe'),
('adec82a6-73dc-4ab0-bc33-f960c18b2f2c', '9adf416b-b580-4693-8fd0-e2f9c884ff36', 'KALTAKQUISE', 'ACTIVE', 0, 'Funktion: Geschäftsführer/in (CEO) | Mitarbeiter: 1 bis 10 | Branche: Schreinerei- & Holzbaubetriebe'),
('72583f84-4863-481e-a078-66c1a6f050ce', 'fd9fa7bc-1746-4ca4-b3ff-8e5d1f122b7f', 'KALTAKQUISE', 'ACTIVE', 0, 'Funktion: Geschäftsführer/in (CEO) | Mitarbeiter: 1 bis 10 | Branche: Schreinerei- & Holzbaubetriebe'),
('2e1348eb-4c19-4ab9-903e-5189b22a1083', '7ae912d4-76cf-479a-b3be-1839a718a5e4', 'KALTAKQUISE', 'ACTIVE', 0, 'Funktion: Geschäftsführer/in (CEO) | Mitarbeiter: 1 bis 10 | Branche: Schreinerei- & Holzbaubetriebe | Rechtsform: Gesellschaft mit beschränkter Haftung'),
('02e8b35b-b3b8-42b2-8ed8-961dde53fe33', 'f1bffae4-c731-43cf-b3cc-6fa6086ab07d', 'KALTAKQUISE', 'ACTIVE', 0, 'Funktion: Geschäftsführer/in (CEO) | Mitarbeiter: 1 bis 10 | Branche: Schreinerei- & Holzbaubetriebe | Rechtsform: Einzelunternehmen'),
('34acedfe-7a45-4fb9-9fc2-cec8a8063ebc', 'e18d432d-5c9c-4dd8-952c-f13fa4574688', 'KALTAKQUISE', 'ACTIVE', 0, 'Funktion: Geschäftsführer/in (CEO) | Mitarbeiter: 1 bis 10 | Branche: Schreinerei- & Holzbaubetriebe | Rechtsform: Gesellschaft mit beschränkter Haftung'),
('ba24db13-34a2-4b24-9ea8-d1b56e57406b', '696ec016-4ea1-46b8-a41f-86e9f1244b66', 'KALTAKQUISE', 'ACTIVE', 0, 'Funktion: Geschäftsführer/in (CEO) | Mitarbeiter: 1 bis 10 | Branche: Schreinerei- & Holzbaubetriebe | Rechtsform: Gesellschaft mit beschränkter Haftung'),
('19490022-b85a-44b4-b979-dc474875bd9c', '2b9d9122-c111-4452-b16f-2f3b168ce005', 'KALTAKQUISE', 'ACTIVE', 0, 'Funktion: Inhaber/in (Owner/Founder) | Mitarbeiter: 1 bis 10 | Branche: Schreinerei- & Holzbaubetriebe'),
('c628597e-73b7-4331-bb78-b0679664b2f7', 'cde45203-29ed-49d9-a9f8-6e079c9cd2da', 'KALTAKQUISE', 'ACTIVE', 0, 'Funktion: Geschäftsführer/in (CEO) | Mitarbeiter: 1 bis 10 | Branche: Online Shops'),
('fd75d395-bf6d-44d4-9109-aa3a19eb9e72', 'fce6646b-bb6e-496f-9441-160c5216b506', 'KALTAKQUISE', 'ACTIVE', 0, 'Funktion: Geschäftsführer/in (CEO) | Mitarbeiter: 1 bis 10 | Branche: Schreinerei- & Holzbaubetriebe | Rechtsform: Gesellschaft mit beschränkter Haftung'),
('8d8166ad-e0a9-42aa-be5b-aabfddc2d55d', '2e0a808a-198d-4818-ac69-99a7ed204234', 'KALTAKQUISE', 'ACTIVE', 0, 'Funktion: Geschäftsführer/in (CEO) | Mitarbeiter: 101 bis 500 | Branche: Kunststoffindustrie | Rechtsform: Aktiengesellschaft'),
('21ef2260-efac-4fcf-8182-192dc57798cc', '6b938d1a-9955-4963-9a4e-fcca470a0cb2', 'KALTAKQUISE', 'ACTIVE', 0, 'Funktion: Geschäftsführer/in (CEO) | Mitarbeiter: 21 bis 50 | Branche: Maschinenbauindustrie | Rechtsform: Aktiengesellschaft'),
('68991195-4342-4d2f-a00c-9ba8b9d0fd68', 'a4445032-c9c6-4296-ab98-cd9b7ade0104', 'KALTAKQUISE', 'ACTIVE', 0, 'Funktion: Geschäftsführer/in (CEO) | Mitarbeiter: 1 bis 10 | Branche: Facility Management & Reinigungsfirmen'),
('c1863214-d74c-4107-9b67-bdbc9caa041b', 'b7aaa4ee-8363-4973-8e2b-cf6206cd26b3', 'KALTAKQUISE', 'ACTIVE', 0, 'Funktion: Geschäftsführer/in (CEO) | Mitarbeiter: 1 bis 10 | Branche: Camping | Rechtsform: Aktiengesellschaft'),
('376ce66b-2c5f-4479-aca4-060befd5eb66', '957be439-72c9-4a26-8183-1c9e922b5af3', 'KALTAKQUISE', 'ACTIVE', 0, 'Funktion: Geschäftsführer/in (CEO) | Mitarbeiter: 51 bis 100 | Branche: Maschinenbauindustrie | Rechtsform: Aktiengesellschaft'),
('c8b02f3b-a632-4c49-b3ac-1b2175c2b1c4', '3da3555d-ad7d-4f49-8f71-da4e748d9861', 'KALTAKQUISE', 'ACTIVE', 0, 'Funktion: Geschäftsführer/in (CEO) | Mitarbeiter: 1 bis 10 | Branche: Architekturbüros | Rechtsform: Aktiengesellschaft'),
('fb0c2784-738a-43d6-9915-904d5992351f', '569e2700-7008-4c5f-a72b-4711294e0d82', 'KALTAKQUISE', 'ACTIVE', 0, 'Funktion: Geschäftsführer/in (CEO) | Mitarbeiter: 1 bis 10 | Branche: Architekturbüros / Bau- & Projektmanagement / Immobilienvermittlung | Rechtsform: Aktiengesellschaft');

INSERT INTO lead_tags (lead_id, tag_id) VALUES
('978fda33-1314-4e54-baee-97fff809185e', 'ka-b2b'),
('81992f4b-0c28-4e95-881b-bdbe7a3b7aa0', 'ka-b2b'),
('df79597d-bccb-422f-9bf8-0f9383502c97', 'ka-b2b'),
('5765e419-eefd-4c01-bbed-c7c3ee3f3cbc', 'ka-b2b'),
('f16e4685-c405-4d5f-9441-7746eb229c32', 'ka-b2b'),
('0a955445-6cf9-4ce5-996d-dd88e9f70e97', 'ka-b2b'),
('eeeeb4c1-b747-49e5-99ae-410ff2120626', 'ka-b2b'),
('8c86f1ab-693b-41da-808f-77af40eec824', 'ka-b2b'),
('ac83ecfa-f3f9-4502-a309-d56d9a35e803', 'ka-b2b'),
('4c85fdb6-40df-4c78-83a6-f88df8ec5948', 'ka-b2b'),
('ff7c7ade-ac51-4784-bc7c-e60462a61c43', 'ka-b2b'),
('07484349-9337-4399-af1e-e05bdcd92c46', 'ka-b2b'),
('b4aaef10-2f6d-4204-8886-ef228dffa649', 'ka-b2b'),
('67dbed11-9170-409f-8a5f-1e2be9ef6ae0', 'ka-b2b'),
('8aa00adc-8b46-4a04-809b-1dc384e75b01', 'ka-b2b'),
('ad42fc76-53ed-427d-9b33-6c01626c2e39', 'ka-b2b'),
('3ed166a3-d04d-4ebb-9d33-7283b164d8a1', 'ka-b2b'),
('87ba48ea-8943-472c-9f4b-ece9838946cd', 'ka-b2b'),
('b3a36e81-141c-49c1-8ef7-4f081a696c2c', 'ka-b2b'),
('65ad347a-0b91-4e2c-bb20-86b0bf8e18c8', 'ka-b2b'),
('f909da61-3565-42d4-944c-246f44009b19', 'ka-b2b'),
('7d12d5f9-4790-4982-88f5-ef7b986f52d1', 'ka-b2b'),
('58104b60-26bd-4241-b7d3-36b1de3efca5', 'ka-b2b'),
('ccc24e4a-aaad-4249-b2e5-fb116cf2cd70', 'ka-b2b'),
('455cc21d-eb9d-4595-a8b5-68df2b9b5d08', 'ka-b2b'),
('a3087272-3701-4076-aa55-39501b35ed00', 'ka-b2b'),
('3d711dce-a2a4-4150-8830-a8dfcff93748', 'ka-b2b'),
('721ad0de-f879-4c89-85df-9442551345cc', 'ka-b2b'),
('12f55f54-f908-4a82-899b-5bc6f2a9dcd6', 'ka-b2b'),
('6b9ffdbd-de0d-4ac9-b9cb-2e135fe9a199', 'ka-b2b'),
('62fa6534-d22c-456f-b8eb-68d00d08d925', 'ka-b2b'),
('ce0400b8-ec9e-49fd-a64e-aef5ca9b8a34', 'ka-b2b'),
('f9f7fe07-f44b-4818-970f-71c1323e7f6e', 'ka-b2b'),
('b1a43c20-806b-420f-8d2b-651a0f40ef37', 'ka-b2b'),
('f64d7a3b-8c2c-4709-9626-a10969c137c3', 'ka-b2b'),
('5f725912-9374-45d2-9130-8a2a9402f6c7', 'ka-b2b'),
('78b3ed25-90bb-4fcb-85d1-e7baab55e228', 'ka-b2b'),
('b489bd41-f7d9-488e-b202-5a6229afde9a', 'ka-b2b'),
('4cb5dacf-216a-4b03-afee-1ce18ca1dd85', 'ka-b2b'),
('9db01dd3-a509-486d-ada0-440f96808439', 'ka-b2b'),
('819cefb8-6c9b-49e7-aa81-a17c3d50ddcd', 'ka-b2b'),
('c80e098c-9a8a-40bc-ada0-f9cd54342f5d', 'ka-b2b'),
('8f4249dc-87d4-4c7c-ae57-8a819a857791', 'ka-b2b'),
('a6acbfdd-e12e-4065-a6e6-f94a840ed60a', 'ka-b2b'),
('fa096a03-d9a7-430f-9249-26ffe6d49e25', 'ka-b2b'),
('5d17fde6-de00-4280-bb7e-1ec57aea50f8', 'ka-b2b'),
('41e85a1e-143f-40cd-a9c1-c5232a8bca12', 'ka-b2b'),
('e7574d53-0b9c-4ef1-b29f-c197a90df1ad', 'ka-b2b'),
('6e711ea3-a6ac-4181-8f45-0c7ab476e4cb', 'ka-b2b'),
('35560ada-1575-455c-aeef-b88830a3a2ce', 'ka-b2b'),
('deac4bed-f811-48a8-a0e1-4eef50ffef6b', 'ka-b2b'),
('3540e738-2886-43b1-b963-e569c9872fdb', 'ka-b2b'),
('4adc68ff-121b-4d28-94d4-57f9e8a7c997', 'ka-b2b'),
('8a491bfc-6bf4-4978-9076-2f58a6280cb3', 'ka-b2b'),
('257a3cfb-2162-40bf-8740-1d4767a6a444', 'ka-b2b'),
('98e9bf4f-ea74-4bde-a374-18d8a57eaa7c', 'ka-b2b'),
('da833ad0-7b06-48e0-b7a7-1a888dd79f58', 'ka-b2b'),
('15f82a92-7f39-4e4a-a7ad-8ea0dc0ed25a', 'ka-b2b'),
('26a50122-0beb-4e61-92d0-c49b89a06888', 'ka-b2b'),
('6d1a35ba-1484-47a6-9478-4660517e9876', 'ka-b2b'),
('24705f7c-4331-49dd-a81c-11c77598cc7a', 'ka-b2b'),
('bd3a7d22-1e54-4941-ba59-dbe1c7bdf4bf', 'ka-b2b'),
('043d67b1-530e-4c4f-9bf3-945f5ce40d9b', 'ka-b2b'),
('f69e2542-ac1c-4352-99c1-60eccd223f6d', 'ka-b2b'),
('b720d086-9032-430d-a2d0-eecbd97dacc7', 'ka-b2b'),
('7a02af3d-340d-486c-9b07-0a8359d50917', 'ka-b2b'),
('f44040e9-1011-4778-8a5a-cbeecdf63832', 'ka-b2b'),
('1b77f020-795c-46b0-9e47-7cc2baf2bfb8', 'ka-b2b'),
('5fea3d8c-3e7e-4206-8143-f794b259a6ee', 'ka-b2b'),
('5373d37e-f99b-48f3-9620-8b52725b895c', 'ka-b2b'),
('ad554e76-2d46-4dc9-ac71-ecc18e2c0e8e', 'ka-b2b'),
('2ea2b203-2b6a-4046-90e0-7a9a4dbbcede', 'ka-b2b'),
('bb4a658e-12ac-405a-b698-0dc1f7323e85', 'ka-b2b'),
('f556868a-f90d-4fb2-8b6c-0e3f455f302c', 'ka-b2b'),
('659147c8-1858-46ae-b376-a2cad825691e', 'ka-b2b'),
('bfe47bb7-1d77-4b7a-b34c-d92153ea3eea', 'ka-b2b'),
('902e03e5-8974-4aad-a17d-ea70a61c723c', 'ka-b2b'),
('a504b6e2-125e-4912-aa10-248a46bafbe1', 'ka-b2b'),
('24b29ea9-bbee-47bc-acfb-e905574e8c5d', 'ka-b2b'),
('9a5e6105-5f82-4907-8d57-6b09fd4047c4', 'ka-b2b'),
('f269f74d-c02f-4e14-a0d8-71d285069dfc', 'ka-b2b'),
('d63c3553-e158-4587-8db9-e68aef36e4ae', 'ka-b2b'),
('e52e3fe8-a2a4-4e94-80c3-e4194bde0724', 'ka-b2b'),
('0da4b158-21a9-48f5-8c36-b3c96c5a8992', 'ka-b2b'),
('0614c6c0-f2fe-4618-8aaa-190b31bdf7ba', 'ka-b2b'),
('aeb9637c-3cd3-4c24-970b-768a9e055666', 'ka-b2b'),
('f283bc89-3fb8-4abc-a94c-c2a5b60034e5', 'ka-b2b'),
('db626c4a-73dd-4b38-bf82-b667ace0f996', 'ka-b2b'),
('a9961010-0832-413e-8d33-3873c547f1ae', 'ka-b2b'),
('326b020a-e4eb-40bd-931b-44e2c6755802', 'ka-b2b'),
('4860e417-73ba-458b-91e5-ec911f3dcfac', 'ka-b2b'),
('39c10169-86ea-4f8e-94c3-9209c2441559', 'ka-b2b'),
('26206bb9-70b0-41f6-912c-94a8254a423a', 'ka-b2b'),
('d4daf273-da2a-4b2e-bad4-2403622c49a0', 'ka-b2b'),
('78d9d6ec-2c61-436d-b685-06b14fd142ac', 'ka-b2b'),
('38a87317-42c7-4924-9ec1-2b386eac5f00', 'ka-b2b'),
('822eb6e8-a55f-47d8-baa9-e0818c05c98e', 'ka-b2b'),
('e9d0b44f-fb4a-4159-8a2b-e7517f5fec42', 'ka-b2b'),
('a75f0795-686d-4138-a06a-c10db3bfd266', 'ka-b2b'),
('181d62ca-f219-4ecd-bedc-ae6f858ac36f', 'ka-b2b'),
('668f39f1-a167-49a3-b49a-df45830fc4e8', 'ka-b2b'),
('f8636a3a-e7ce-4ab5-86d4-5b42572e7a93', 'ka-b2b'),
('58161ed1-5d2b-4d09-95ae-1e25dcbcfd05', 'ka-b2b'),
('c6dcdde9-bc42-4f3e-8000-9834ee3143f7', 'ka-b2b'),
('75304e9b-d67f-40ff-acc9-4ad848878928', 'ka-b2b'),
('671d4dfa-7145-4d36-9942-31ade750636e', 'ka-b2b'),
('90fa405b-4e26-447e-975c-03da27564e38', 'ka-b2b'),
('7e08e709-86bf-4f54-9f3d-d1fffaa74328', 'ka-b2b'),
('dbb2c64d-84ea-4ee9-9751-8ae1cdcad9e7', 'ka-b2b'),
('61170a82-bbee-45db-8ec8-6c212aa19f7f', 'ka-b2b'),
('0b37e7c5-ccb6-45d9-abdf-a925d660bd42', 'ka-b2b'),
('da9e23b6-95cb-4d83-960b-16f287d184c3', 'ka-b2b'),
('9156d07a-71fe-4848-92ff-6265850c06e0', 'ka-b2b'),
('4da6dbf4-8eff-4901-b78b-95488abb4924', 'ka-b2b'),
('c8123c32-28e6-4615-9a71-0ecf2436cd11', 'ka-b2b'),
('2aed3adb-4ed4-4486-b72a-79b1f746c4f4', 'ka-b2b'),
('fbce0207-0710-4f0e-9c78-47356b283214', 'ka-b2b'),
('afee8723-f0d3-4fae-965e-9d0a57eb2a46', 'ka-b2b'),
('98043b48-5ff0-464b-9461-60dd92dae5f4', 'ka-b2b'),
('8ca20faf-b22c-4d00-84cd-0f3cf8d0caba', 'ka-b2b'),
('67c3252b-e18c-4e39-bd52-785841e3dc18', 'ka-b2b'),
('6a399c4b-3c0d-44c7-869e-246b44f7ee30', 'ka-b2b'),
('9c136e43-ff0b-473f-a368-71d2e92df7f3', 'ka-b2b'),
('1cec451e-26b6-438e-8d1c-fe7e83770b7e', 'ka-b2b'),
('cf583a51-e4cc-44ef-bbd3-5a5a7e01e362', 'ka-b2b'),
('d839b585-1fcc-4adc-acdc-c525669ff7ca', 'ka-b2b'),
('b6e7c664-820b-4ba5-a711-0065c73641dc', 'ka-b2b'),
('29e0b0eb-2e2b-4cd1-a14b-951e0aca4ec9', 'ka-b2b'),
('7aa1de8a-913d-488e-b7c3-b6633405086d', 'ka-b2b'),
('d8e83c67-1b35-4a1a-a217-aec92eb67d93', 'ka-b2b'),
('f6c4c300-d0bf-4529-acbf-cd13b6aafaa4', 'ka-b2b'),
('559d5525-8ec1-45a5-aec6-b0048a2d57e0', 'ka-b2b'),
('15bc4969-680b-4627-9668-80f51411734b', 'ka-b2b'),
('a862256c-f584-4165-b60c-36b960446346', 'ka-b2b'),
('8bff2d15-6707-4c78-a48a-cd5ec0cb3ec1', 'ka-b2b'),
('c8a163b4-d37c-4926-b5bf-503e9d15ed08', 'ka-b2b'),
('357b71d8-ea17-4d14-bd7b-6a77ecb23084', 'ka-b2b'),
('e0c6c14a-f861-42f6-a55a-1c96ede63728', 'ka-b2b'),
('a82c54c8-7855-4219-a98e-5efc0bd58917', 'ka-b2b'),
('190e0ff5-4d6f-4c35-a516-0c6c7799c2ad', 'ka-b2b'),
('76eaa442-9be6-435e-aca8-5dd9fbbeaeb6', 'ka-b2b'),
('98e2b026-2873-4555-88c0-8fabcfb576ae', 'ka-b2b'),
('12edec9c-6488-47a5-aefb-adeda89b8cd6', 'ka-b2b'),
('41f32b1d-23ed-4d11-8e28-ec7e04d539d0', 'ka-b2b'),
('e7de946f-c4dd-4544-826b-355a961af4cd', 'ka-b2b'),
('59ad6a7a-c646-490b-969f-b8c0da9860bc', 'ka-b2b'),
('24b20ee9-d11f-4e74-b41c-f41110958bfa', 'ka-b2b'),
('60853fbd-8518-41e0-86a9-f4d4bab9248e', 'ka-b2b'),
('7a114657-1a4a-4f96-8364-49447e7cc6f3', 'ka-b2b'),
('85598cfd-0369-4380-83e9-3ef4faddc303', 'ka-b2b'),
('411e2562-cf20-4c12-a0fc-762abb7f57fe', 'ka-b2b'),
('244a6383-690f-4148-becd-6188563ca1d3', 'ka-b2b'),
('544f6820-2e1b-42ba-9e78-c7c5a1164a5d', 'ka-b2b'),
('0f2dd8c5-8279-4ebb-b31c-5e8816995898', 'ka-b2b'),
('271c0034-6290-4e8b-a784-7001b85b6dec', 'ka-b2b'),
('d8e01edb-692e-4a9d-9b3e-0a3eef43496a', 'ka-b2b'),
('b0d0f094-d4ff-488f-a8ef-0663caf36b45', 'ka-b2b'),
('01ef7c5c-e7b8-48ce-b950-ae038e9bd9b3', 'ka-b2b'),
('29b5a6bd-c129-48dc-9e8c-1d28acbb86f4', 'ka-b2b'),
('758d09af-36b2-4630-9197-bf8457551245', 'ka-b2b'),
('d11f3fd4-5021-4cb6-aae8-8554c6bbb7a7', 'ka-b2b'),
('d6bc5e81-8a7a-4dc0-bbaa-8eda482599f6', 'ka-b2b'),
('8c8b901a-7fb6-4510-ad44-931355bf6ed0', 'ka-b2b'),
('b2744d97-dac7-4c9d-a830-6b37c1ac7508', 'ka-b2b'),
('0f73b4cb-f999-425b-a803-c9226dd4a39c', 'ka-b2b'),
('07ad9e95-5009-4e69-9694-00a42769fa8b', 'ka-b2b'),
('59472872-1b44-4c53-9c94-900f4bec64eb', 'ka-b2b'),
('3b811f2e-0074-4cad-aff5-3e94fd2816a0', 'ka-b2b'),
('da9f7629-7bb1-431d-97a1-abbf44922835', 'ka-b2b'),
('5fccc75d-295a-46a1-b1e6-94eac074e39a', 'ka-b2b'),
('507de96c-bfb0-4e23-9a8f-2e98e4c60d24', 'ka-b2b'),
('c28d4f04-97cc-4441-846e-d50fa7427af5', 'ka-b2b'),
('3274e0df-502b-4ecb-8709-47cb80775f6f', 'ka-b2b'),
('92c56737-112c-451d-a746-1d778c8bb9b9', 'ka-b2b'),
('105b5779-06a2-4129-95a2-62be00bff6ad', 'ka-b2b'),
('fe867bd0-24b8-4c14-8537-68d504c9edc8', 'ka-b2b'),
('59cac8a6-48c1-433a-b3e5-edc8d4b5c18a', 'ka-b2b'),
('ac643a8d-7ca4-4105-8051-afaac35bae7c', 'ka-b2b'),
('a2cc067e-c756-409e-8456-2a18c324a98d', 'ka-b2b'),
('4c2e981a-3872-442c-8899-2d69b5bfed58', 'ka-b2b'),
('591c2a30-1229-4169-9f76-4019e9873d3f', 'ka-b2b'),
('81b9b11d-cf8f-4bd2-b101-76c533a6e054', 'ka-b2b'),
('3d9e7a2b-4419-4cf6-8b15-cc113e1e5be6', 'ka-b2b'),
('fa1f0625-e2d0-468f-ba69-64addd69c6ec', 'ka-b2b'),
('adec82a6-73dc-4ab0-bc33-f960c18b2f2c', 'ka-b2b'),
('72583f84-4863-481e-a078-66c1a6f050ce', 'ka-b2b'),
('2e1348eb-4c19-4ab9-903e-5189b22a1083', 'ka-b2b'),
('02e8b35b-b3b8-42b2-8ed8-961dde53fe33', 'ka-b2b'),
('34acedfe-7a45-4fb9-9fc2-cec8a8063ebc', 'ka-b2b'),
('ba24db13-34a2-4b24-9ea8-d1b56e57406b', 'ka-b2b'),
('19490022-b85a-44b4-b979-dc474875bd9c', 'ka-b2b'),
('c628597e-73b7-4331-bb78-b0679664b2f7', 'ka-b2b'),
('fd75d395-bf6d-44d4-9109-aa3a19eb9e72', 'ka-b2b'),
('8d8166ad-e0a9-42aa-be5b-aabfddc2d55d', 'ka-b2b'),
('21ef2260-efac-4fcf-8182-192dc57798cc', 'ka-b2b'),
('68991195-4342-4d2f-a00c-9ba8b9d0fd68', 'ka-b2b'),
('c1863214-d74c-4107-9b67-bdbc9caa041b', 'ka-b2b'),
('376ce66b-2c5f-4479-aca4-060befd5eb66', 'ka-b2b'),
('c8b02f3b-a632-4c49-b3ac-1b2175c2b1c4', 'ka-b2b'),
('fb0c2784-738a-43d6-9915-904d5992351f', 'ka-b2b');
