-- Batch 81 (200 records)
INSERT INTO contacts (id, first_name, last_name, email, phone, company, address) VALUES
('23013bdb-06d6-4212-b577-5191e0786ce2', 'René', 'Bognar', 'rene.bognar@bienebank.clientis.ch', '071 757 82 00', 'Clientis Biene Bank im Rheintal Genossenschaft', 'Rorschacherstrasse 9, 9450 Altstätten, St. Gallen'),
('df0b58e3-9cd5-4566-ac0a-cebec6e32b50', 'Alfons', 'Schmid', 'alfons.schmid@eb.clientis.ch', '041 208 08 08', 'Clientis EB Entlebucher Bank AG', 'Hauptstrasse 32, 6170 Schüpfheim, Luzern'),
('c789743f-09af-4d23-99d0-253f634093fa', 'Andreas', 'Pally', 'andreas.pally@thayngen.clientis.ch', '052 645 00 50', 'Clientis Spar- und Leihkasse Thayngen AG', 'Bahnhofstrasse 32, 8240 Thayngen, Schaffhausen'),
('531b7bcc-92b3-4a2e-b533-f4cf538c3aec', 'Marcel', 'Melliger', 'marcel.melliger@spc.clientis.ch', '044 762 20 60', 'Clientis Sparcassa 1816 Genossenschaft', 'Zugerstrasse 18, 8820 Wädenswil, Zürich'),
('449bf31b-b20a-4acc-b636-a56a3fe2f988', 'Daniel', 'Studer', 'daniel.studer@sko.clientis.ch', '062 797 25 25', 'Clientis Sparkasse Oftringen Genossenschaft', 'Baslerstrasse 1, 4665 Oftringen, Aargau'),
('a82f8277-f982-4ce3-af2f-bd3440b1ef25', 'Ivan', 'Brügger', 'ivan.bruegger@sks.clientis.ch', '026 494 58 00', 'Clientis Sparkasse Sense', 'Mariahilfstrasse 4, 1712 Tafers, Fribourg/Freiburg'),
('a7624588-6c6f-4138-a356-5285b0fa71fc', 'Felice', 'Stabile', 'info@climaswiss.ch', '044 850 04 18', 'Clima Swiss GT GmbH', 'Im Vorderasp 4, 8154 Oberglatt, Zürich'),
('5806691c-357a-40e3-8c4e-9c7547143cde', 'Ennio', 'Dalla Rossa', 'info@climaaria.ch', '044 830 04 14', 'ClimaAria Lüftungs- und Klimaanlagen GmbH', 'Tödistrasse 14, 8304 Wallisellen, Zürich'),
('1514ef65-aa44-428b-82dc-b25cb7328c7c', 'Sebastian', 'Glink', 'contact@climada.tech', 'N.a.', 'CLIMADA Technologies AG', 'Kanzleistrasse 3, 8004 Zürich, Zürich'),
('d045d932-66c7-40f2-9a4b-2b18ff43f138', 'Roman', 'Bättig', 'rob@climanova.ch', '041 785 25 99', 'Clima-Nova AG', 'Friedaustrasse 17, 8003 Zürich, Zürich'),
('f88c0749-7cbf-4d7f-8974-c71c85e1ba52', 'Moritz', 'Lehmkuhl', 'm.lehmkuhl@climatepartner.com', '043 556 78 50', 'ClimatePartner GmbH', 'Technoparkstrasse 1, 8005 Zürich, Zürich'),
('c3995117-aecf-4a02-8f71-a097232283f7', 'Fredy', 'Baumeler', 'info@climatex.com', '055 511 41 55', 'Climatex AG', 'Bahnhofstrasse 1, 8852 Altendorf, Schwyz'),
('3e9b0a93-7bb2-4f9f-bf3e-e9b8ca97921c', 'Peter', 'Schmidlin', 'info@climeo.com', '044 520 06 17', 'Climeo AG', 'Buchgrindelstrasse 9, 8620 Wetzikon, Zürich'),
('196082a5-8dcd-4af6-a473-74e5bbe848a0', 'Jan', 'Wurzbacher', 'jw@climeworks.com', '044 533 29 99', 'Climeworks AG', 'Birchstrasse 155, 8050 Zürich, Zürich'),
('6b704659-c5b0-41af-9053-0e5e7b51a9cb', 'Mario', 'Prosoparis', 'info@profidress.ch', '044 925 39 00', 'Clinic & Job Dress AG', 'General-Wille-Strasse 201, 8706 Meilen, Zürich'),
('cac7a026-d8fe-48dd-b8e8-fd14fce0938b', 'Christine', 'Jacobsen', 'info@facialsurgery.ch', '044 289 60 60', 'Clinic Beethovenstrasse AG', 'Claridenstrasse 40, 8002 Zürich, Zürich'),
('c0e8fafa-bf5a-4590-83e7-c16412563b8b', 'Christophe', 'Christ', 'clinic-bellerive@ono-estetika.com', '044 211 01 10', 'Clinic Bellerive', 'Bellerivestrasse 10, 8008 Zürich, Zürich'),
('e79de349-043c-4f74-9f89-97d4e89a2941', 'Hans Peter', 'Kern', 'info@clinickern.ch', '044 252 65 80', 'clinic kern', 'Dufourstrasse 31, 8008 Zürich, Zürich'),
('313fbb8c-4167-41e4-abc5-54d9b7ed4114', 'Sonja', 'Meier', 'info@plastica.ch', '052 222 20 00', 'Clinic Plastica', 'Rudolfstrasse 9, 8400 Winterthur, Zürich'),
('715056ff-712e-419a-92db-93b2ad5568ba', 'Enrique', 'Steiger', 'dr.esteiger@clinicutoquai.ch', '043 268 10 60', 'Clinic Utoquai', 'Utoquai 41, 8008 Zürich, Zürich'),
('0ed19d4a-e350-4233-b12d-65c2c158ec0c', 'Benjamin', 'Biner', 'sekretariat@clinica-alpina.ch', '081 861 00 88', 'Clinica Alpina SA', 'Buorna - Clinica Alpina Tiermedizinisches Zentrum, 7550 Scuol, Graubünden'),
('bb56afce-d41e-4396-ab3a-39b2a14b6ddd', 'Marco', 'Oesch', 'marco.oesch@clinica-holistica.ch', '081 300 20 30', 'Clinica Holistica Engiadina SA', 'Plaz 40, 7542 Susch, Graubünden'),
('79b4e629-14df-43f1-bc6b-831ffd92bb30', 'Giuseppe', 'Ferramosca', 'info@clinicamedicus.ch', '055 451 27 28', 'Clinica Medicus Naturalis GmbH', 'Zürcherstrasse 22a, 8852 Altendorf, Schwyz'),
('a58de7df-c274-4b2f-baa6-7f5785998007', 'Rolf', 'Pokorny', 'rolf.pokorny@cddc.ch', 'N.a.', 'Clinical Drug Development Consulting AG', 'St. Annaweg 28, 4112 Flüh, Solothurn'),
('94d6c5c8-aea7-432f-9753-3757ac3c469d', 'Thomas', 'Degen', 'info@clinicdent.ch', '044 361 66 60', 'Clinicdent Milchbuck', 'Schaffhauserstrasse 113, 8057 Zürich, Zürich'),
('20015783-24d6-44d2-9963-8a09d0f24052', 'Susanna', 'Roger', 'switzerland@clinisciences.com', '044 805 76 81', 'CliniSciences AG', 'Marktgasse 18, 8302 Kloten, Zürich'),
('2814da32-1576-43c7-96c1-1790ef5fa722', 'Stefanie', 'Heussner', 'sekretariat.clinius-praxis@hin.ch', '044 586 06 60', 'clinius praxis', 'Alte Badenerstrasse 30, 8173 Neerach, Zürich'),
('6c8d4b26-4438-41d6-90c3-4c5a4543f0bf', 'Philippe', 'Wolgen', 'mail@clinuvel.com', '041 761 60 66', 'Clinuvel AG', 'Bahnhofstrasse 9, 6340 Baar, Zug'),
('40d78dae-1141-490c-ad7b-eb5532ef48fd', 'Nicole', 'Reifler', 'info@cliqswiss.com', '081 720 01 03', 'CLiQ SwissTech AG', 'Bahnhofstrasse 3, 7320 Sargans, St. Gallen'),
('b70c340c-4a2a-4ffa-ad8b-be69b292b909', 'Thomas', 'Lanbacher', 'info@clixmedia.ch', '043 535 00 54', 'Clixmedia GmbH', 'Neudorfstrasse 44, 8820 Wädenswil, Zürich'),
('3f15a665-21e9-400e-9f00-3c269d771e19', 'Sandro', 'Jungi', 's.jungi@clockworkdigital.ch', 'N.a.', 'Clockwork Digital GmbH', 'Effingerstrasse 10, 3011 Bern, Bern'),
('67e9b946-dec4-4b29-ac45-2a35bd9361c8', 'Dominic', 'Dieckow', 'support@clomes.ch', 'N.a.', 'Clomes GmbH', 'Rathausgasse 8, 3011 Bern, Bern'),
('356e5fe8-c604-4a33-91c1-542deebdf9d5', 'Andreas', 'Margesin', 'info@clooc-design.ch', '071 552 04 64', 'CLOOC GmbH', 'St. Leonhardstrasse 45, 9001 St. Gallen, St. Gallen'),
('8d92dbcd-7cfd-4f0f-b656-7d176d7cba6c', 'Johann-Jacob', 'Clopath', 'info@clopath-schreinerei.ch', '079 468 81 26', 'Clopath Schreinerei', 'Rheinrütenen 14, 7205 Zizers, Graubünden'),
('11374d38-f8c5-403c-b699-a77576dbff72', 'Albi', 'Christen', 'albi@clou.ch', '041 240 56 62', 'clou kreativagentur GmbH', 'Mythenstrasse 7, 6003 Luzern, Luzern'),
('49eb92ef-e7e1-4511-8af1-66aab46bd111', 'Christian', 'Spörri', 'info@cloud-9.ch', '052 203 99 09', 'Cloud 9 Distribution AG', 'Lagerplatz 7, 8400 Winterthur, Zürich'),
('3b8470e1-1272-4e2b-88ed-0230e3cdb9f4', 'Andreas', 'Sansano', 'contact@cloudconnection.ch', '081 833 91 59', 'Cloud Connection GmbH', 'Via Serlas 23, 7500 St. Moritz, Graubünden'),
('1fda30d4-064f-42c3-8eca-11b5d96f1628', 'Claudia', 'Stebler', 'contact@cloud8.ch', '076 393 43 35', 'Cloud8 Claudia Stebler Schmuck', 'Martastrasse 109, 8004 Zürich, Zürich'),
('e58cf4d6-009f-4f48-9a57-f22cc9da3d79', 'Robert', 'Buck', 'robert.buck@cloudrexx.com', '033 550 02 55', 'Cloudrexx AG', 'Länggasse 55, 3600 Thun, Bern'),
('4dc2f798-0a0a-4842-af04-5c8d709d6928', 'Claudio', 'Bieri', 'info@clouds.ch', '044 404 30 00', 'CLOUDS Restaurant', 'Maagplatz 5, 8005 Zürich, Zürich'),
('0dfc7cb7-f333-4fda-83de-2732ee418672', 'Manuel', 'Schweizer', 'hallo@cloudscale.ch', '044 552 22 55', 'cloudscale.ch AG', 'Neugasse 6, 8005 Zürich, Zürich'),
('35c57318-389e-4b0b-8f7e-bc4492dadf7b', 'Christian', 'Knellwolf', 'hello@cloudtec.ch', '031 300 21 60', 'cloudtec AG', 'Sandrainstrasse 17, 3007 Bern, Bern'),
('87fce991-e128-4b63-abe9-68f13190ced1', 'Martina', 'Bernet', 'info@cloudweb.ch', '052 536 15 04', 'cloudWEB GmbH', 'Zürcherstrasse 182, 8406 Winterthur, Zürich'),
('c2b0e18d-25e8-44d7-b599-23199f5dba40', 'Santino', 'Cambria', 'santino.cambria@clover-schweiz.ch', '061 260 95 01', 'Clover Coaching AG', 'Riehenring 174, 4058 Basel, Basel-Stadt'),
('06a24fc5-5fc5-4b13-a99c-47a65fd92b05', 'Satish', 'Deng', 'info@clovers.ch', '041 811 56 36', 'Clovers Gastro GmbH', 'Bahnhofstrasse 127, 6423 Seewen, Schwyz'),
('d92a0016-ff13-4730-9b9b-e3ff082b404e', 'Astrit', 'Dervishaj', 'info@fiftynine.ch', '061 281 59 50', 'Club 59 Basel', 'Steinenvorstadt 33, 4051 Basel, Basel-Stadt'),
('3f67490b-4772-4e44-85bd-4ea304ad61c7', 'Beat', 'Zürcher', 'info@dutheatre.ch', '031 311 44 33', 'Club am Theaterplatz AG', 'Theaterplatz 5, 3011 Bern, Bern'),
('0a2d7faa-491b-447f-94bc-e361f4cd971e', 'Marco', 'Ammann', 'info.13810@csdmail.ch', '044 251 33 41', 'Club Bellevue AG', 'Rämistrasse 6, 8001 Zürich, Zürich'),
('75ce1ab8-7f62-48cf-a1e9-3017c262de70', 'Venanzio', 'Berno', 'info@clubcafe-kerzers.ch', '031 755 53 16', 'Club Café Bahnhof Berno Venanzio', 'Bahnhofplatz 16, 3210 Kerzers, Fribourg/Freiburg'),
('225dcce2-3cf4-4a31-9bf9-8acb7bcf1f9f', 'Andrej', 'Maissen', 'andrejmaissen@hotmail.com', '076 533 37 77', 'Club da tennis Danis-Tavanasa', 'Isletta, 7162 Tavanasa, Graubünden'),
('da3ed706-b04a-45ad-90aa-4a07e9a88491', 'Luigi', 'Sbano', 'info@clubnapoli.ch', '078 881 84 02', 'Club Napoli Sbano', 'Bahnhofstrasse 24, 8590 Romanshorn, Thurgau'),
('f6d78468-d6c1-40fc-93d1-879619179ae1', 'Rolf', 'Schneider', 'info@silbando.ch', '044 271 62 64', 'Club Silbando', 'Förrlibuckstrasse 62, 8005 Zürich, Zürich'),
('4f2f4712-7020-4d1c-8cda-8bbec217dfd7', 'Peter', 'Brechbühl', 'binggis@bluewin.ch', '032 614 25 19', 'Clubhaus Backi', 'Backiweg, 4716 Gänsbrunnen, Solothurn'),
('ccc18479-bd9e-4791-8972-f1713ae2aad7', 'Ruth', 'Meierhofer', 'info@eseltritt.ch', '079 386 15 92', 'Clubhaus Eseltritt', '8843 Oberiberg, Schwyz'),
('0dccc3e6-38ce-4cdf-beb9-22940dfdddad', 'Helen', 'Elmiger', 'clubh.oa.gwald@bluewin.ch', '077 449 78 29', 'Clubhaus Grindelwald', 'Baumen, 3818 Grindelwald, Bern'),
('35426f08-06a1-48a7-bac5-f86ec7858379', 'Brigitte', 'Conscience', 'j.conscience@bluewin.ch', '071 385 30 29', 'Clubhaus Hackbüehl', 'Laufteggstrasse 23, 9108 Gonten, Appenzell Innerrhoden'),
('b4506e56-c28b-453f-99e1-b19bf2c494d9', 'Armin', 'Leuenberger', 'clubhaus@sac-huttwil.ch', '079 632 93 53', 'Clubhaus Metsch', '3725 Achseten, Bern'),
('2f43cb5c-ef40-4741-a66a-3d700723cab1', 'Felix', 'Wilhelm', 'schneuhausen@gmail.com', '079 317 37 19', 'Clubhaus Oberguet', 'Schwendi, 9657 Unterwasser, St. Gallen'),
('f3a86c08-3b61-4ccb-ad84-f6fbadaf9998', 'Karin', 'Moser', 'webmaster@rueblihorn.ch', '079 689 32 40', 'Clubhaus Rüeblihorn', 'Pfaffenbühlweg, 3604 Thun, Bern'),
('71743e5a-c042-4f64-99d0-6ba33f5bfae7', 'Karin', 'Maroggi', 'k.maroggi@glattnet.ch', '079 486 33 13', 'Clubhaus Velo Club "An der Sihl"', 'Cafridastrasse 15, 8897 Flumserberg Tannenheim, St. Gallen'),
('8ff54d71-f061-4c89-ac73-71d3f0cce301', 'Markus', 'Schweizer', 'schweizermarkus@bluewin.ch', '079 336 18 28', 'Clubhütte Edelweiss', 'Kleinwald, 9107 Urnäsch, Appenzell Ausserrhoden'),
('4c1b8032-764b-4a55-87d1-eee2d85de1b0', 'Patrick', 'Müller', 'patrick.mueller@slfrutigen.ch', '079 785 03 84', 'Clubhütte Gehrenen', '3714 Frutigen, Bern'),
('8ba8d2ff-60e2-4dd6-86fe-68722da287cd', 'Ernst', 'Göldi', 'skiclub.kobelwald@hotmail.com', '071 761 27 40', 'Clubhütte Skiclub Kobelwald', 'Alp Frosen, 9463 Oberriet, St. Gallen'),
('5e5e5831-7514-43eb-b120-3e7aa2c1d46e', 'Walter', 'Stauffer', 'huettenchef@alpsteinclub.ch', '071 722 56 18', 'Clubhütte Wagenlücke', 'Wagenlücke, 9057 Schwende, Appenzell Innerrhoden'),
('2c1e89b2-4da7-4fbb-abea-8b9e9aec2c97', 'Emil', 'Weber', 'office@golfbreitenloo.ch', '044 836 40 80', 'Clubrestaurant Golfclub Breitenloo', 'Golfstrasse 16, 8309 Nürensdorf, Zürich'),
('4aa023e3-7ab0-432d-8cc2-f489a468ae46', 'Peter', 'Knab', 'info@tennisclub-thun.ch', '033 336 89 40', 'Clubrestaurant Tie-Break', 'Zeltweg 14, 3600 Thun, Bern'),
('3023fb00-c9c7-4feb-aa05-7ebc5ba39352', 'Johannes', 'Raff', 'info@clue.ch', '044 667 77 66', 'Clue Security Services AG', 'Neuhofstrasse 5A, 6340 Baar, Zug'),
('5323521c-ae85-4570-a83e-a5189d527fd6', 'Adrian', 'Huber', 'adrian.huber@cluebiz.ch', '056 552 00 25', 'cluebiz GmbH', 'Wybäumetstrasse 24, 4452 Itingen, Basel-Land'),
('82fd8540-8467-4dc7-85b7-861e0a4eba67', 'Dominic', 'Müller', 'dominic@clycbird.io', 'N.a.', 'clycbird GmbH c/o Hochschule Luzern - Wirtschaft Smart-up', 'Zentralstrasse 9, 6002 Luzern, Luzern'),
('879a5d9a-f45e-425d-8c0d-efeb55d94475', 'Markus', 'Rölli', 'markus.roelli@cmautomobile.ch', '041 558 50 60', 'CM Automobile AG', 'Rengglochstrasse 19, 6012 Obernau, Luzern'),
('c8f3ef47-e882-46ee-8185-69a5b93bd4a2', 'Peter', 'Borchhardt', 'info@cmgroup.ch', '081 511 20 50', 'CM Group AG', 'Tittwiesenstrasse 66, 7000 Chur, Graubünden'),
('34db2415-60ca-4a3d-bd91-abbc03b84458', 'Stefan', 'Bosshard', 'stefan.bosshard@cmiag.ch', '043 355 33 82', 'CM Informatik AG', 'Ringstrasse 7, 8603 Schwerzenbach, Zürich'),
('be91e72a-ac14-4f37-a070-aeec2a90f787', 'Cornelia', 'Meier', 'info@connymeier.ch', '079 192 36 86', 'Cm Interior & Design GmbH', 'Breitwies 22, 5420 Ehrendingen, Aargau'),
('c97c4091-b454-4242-8340-cc228a6c4ecb', 'Dario', 'Capone', 'info@cm-maler.ch', '079 430 92 53', 'CM Malergeschäft GmbH', 'Zelgstrasse 28, 8134 Adliswil, Zürich'),
('beca9674-25be-4144-bfc8-e6565ed46aa2', 'Claudine', 'Meichtry', 'cm@cmtax.ch', '078 633 82 01', 'CM TAX Claudine Meichtry dipl. Steuerexpertin', 'Rothusstrasse 88, 3065 Bolligen, Bern'),
('27c7ae2c-58c9-462d-b34e-d548a7703304', 'Christian', 'Manser', 'info@cmtreuhand.ch', '071 672 71 92', 'CM Treuhand GmbH', 'Müligässli 1, 8598 Bottighofen, Thurgau'),
('bb5f348f-cbe0-4da4-9723-ad969b568d61', 'Michael', 'Schachtler-Sarri', 'ms@cnc-mechanik.ch', '071 757 11 93', 'CMA CNC Mechanik Altstätten AG', 'Heidenerstrasse 29, 9450 Altstätten, St. Gallen'),
('e6dd9503-5f6f-4c13-accc-3592f580876b', 'Alfred', 'Köcher', 'alfred.koecher@cmatrix.ch', '043 300 56 50', 'C-Matrix Communications AG', 'Bäckerstrasse 52, 8004 Zürich, Zürich'),
('ba07113b-f15f-48e8-816f-6a0430ecd45f', 'Ivica', 'Vukasovic', 'info@cmcprotection.ch', '056 426 67 57', 'CMC, I Protection AG', 'Hardstrasse 47b, 5430 Wettingen, Aargau'),
('15f0a112-f4a7-4c8d-abe1-64788c87b5b0', 'Matthias', 'Rödter', 'info@my-cmd.com', '043 244 10 60', 'CMD Management Group GmbH', 'Florhofstrasse 13, 8820 Wädenswil, Zürich'),
('bc140a26-3025-4ce7-b0b1-e6fd2ddb2f55', 'Christoph', 'Meister', 'info@cm-design.ch', '079 601 60 85', 'cm-design AG', 'Soodring 19, 8134 Adliswil, Zürich'),
('16f02c4a-49ad-40ba-ad90-a037f5d0f306', 'Bodo Severin', 'von Gadomski', 'zahnklinik@mail.ch', '044 888 99 44', 'CMD-Zahnklinik', 'Samstagernstrasse 57, 8832 Wollerau, Schwyz'),
('b2850670-a49c-410f-b546-915a2129c465', 'Tamara', 'Orzhelskyi', 'info@cmeswiss.com', '071 920 03 00', 'CME SWISS AG', 'Dorfstrasse 28, 9248 Bichwil, St. Gallen'),
('4d4b7ab2-ecea-43ac-b29a-a9224517758d', 'Roger', 'Reichen', 'info@cmg-schweiz.ch', '044 837 11 90', 'CMG Schweiz GmbH', 'Industriestrasse 39a, 8304 Wallisellen, Zürich'),
('157b6d6d-0f83-449c-b99b-fb2dac8ec43a', 'Carlo', 'Meybohm', 'cranio@cm-health.ch', '078 761 61 81', 'cm-health GmbH', 'Heinrich Wettsteinstrasse 12, 8700 Küsnacht, Zürich'),
('57c510bc-4651-4b29-b7b5-2ad07d68ed5f', 'Katharina', 'Diekamp', 'gfs@gfs-zh.ch', '071 421 34 05', 'CMI Holding AG', 'Ringstrasse 7, 8603 Schwerzenbach, Zürich'),
('c5165eed-817c-4d4f-8681-9295b22fc3ad', 'Christina', 'Tremonte', 'christina.tremonte@cmkadvice.com', '043 544 24 66', 'CMK advice GmbH', 'Alderstrasse 40, 8008 Zürich, Zürich'),
('22a72fe7-d883-433c-8bef-40cfa03e1a7d', 'Claudio', 'Mele', 'cmm@cmmhairpoint.ch', '061 711 28 08', 'CMM Hairpoint', 'Hauptstrasse 8, 4153 Reinach, Basel-Land'),
('a1d4b1c0-4444-4b56-a9d6-43385fe1ff19', 'Stefanie', 'Seiz', 'info@cm-p.ch', '044 266 90 90', 'CMP - Change Management Partner', 'Spindelstrasse 2, 8002 Zürich, Zürich'),
('a8673cd1-df25-4620-a179-49a8a2ec45a8', 'Verena', 'Nacke', 'info@cmpartners.ch', '041 783 02 75', 'CMP Competent Management Partners AG', 'Huobstrasse 25, 6333 Hünenberg See, Zug'),
('9924fab1-29fb-45d1-9c4b-c7cbf7a0e1b2', 'Christian', 'Schmocker', 'info@cms-liegenschaftsdienst.ch', '031 932 36 00', 'CMS Liegenschaftsdienst GmbH', 'Tulpenweg 2, 3072 Ostermundigen, Bern'),
('eb202eea-722f-4785-8081-700d33fc8958', 'Stefan', 'Brunnschweiler', 'stefan.brunnschweiler@cms-vep.com', '044 285 11 11', 'CMS von Erlach Partners AG', 'Dreikönigstrasse 7, 8022 Zürich, Zürich'),
('fa2731bc-99b5-4db2-9dd8-7eceb4f89b5c', 'Anton', 'Bosshard', 'info@cms-cre-action.ch', '032 622 97 71', 'CMS Cré-Action', 'Westbahnhofstrasse 12, 4500 Solothurn, Solothurn'),
('a2fb50cd-bdae-4155-80f8-ea4336db2bcb', 'Josef', 'Manser', 'josef.manser@cmt.ch', '071 788 08 03', 'cmt ag', 'Sandgrube 29, 9050 Appenzell, Appenzell Innerrhoden'),
('e0c70cc3-92d4-4090-a678-95c770ad2c5f', 'Sven', 'Schmucki', 's.schmucki@cnc-ag.ch', '044 939 14 44', 'CNC Blechverarbeitung und Leichtmetallbau AG', 'Schürlistrasse 9, 8344 Bäretswil, Zürich'),
('d0f935e3-1dcc-4fef-b10a-174572b21696', 'Claudia', 'Engler', 'info@cnc-cosmetics.ch', '056 210 18 10', 'CNC Cosmetics GmbH', 'Aarestrasse 17, 5412 Vogelsang, Aargau'),
('8ac086fe-0d2c-45c1-9c04-d2737fbbc6ad', 'Lirim', 'Jerliu', 'lj@cncfactory.ch', '071 554 22 32', 'CNC Factory GmbH', 'Ringstrasse 9, 9500 Wil, St. Gallen'),
('8acef48a-b480-4233-9417-09c0e05158b1', 'Renato', 'Projer', 'info@cncholz.ch', '079 275 31 34', 'CNC Holz Group SA', 'Frevgias 308, 7477 Filisur, Graubünden'),
('958fd3b5-549d-452f-9493-f822e87557cf', 'Markus', 'Schraner', 'info@cnc-schreinerei-lindenbaum.ch', '062 544 73 00', 'CNC Schreinerei Lindenbaum, Markus Schraner', 'Eggstrasse 13, 5276 Wil, Aargau'),
('74677868-7b02-45e4-b464-ef73e74be93e', 'Daniel', 'Grossglauser', 'info@cnc-grossglauser.ch', '071 755 45 25', 'CNC-Mechanik Grossglauser AG', 'Im Fleuben 2, 9450 Altstätten, St. Gallen'),
('aa5fb016-317b-4cd8-a93c-9a6e145750b4', 'Olivier', 'Tschudi', 'info@conception.ch', '078 680 40 40', 'CNM Cargo Network Management GmbH', 'Buchenrain 65, 8704 Herrliberg, Zürich'),
('7d3d3364-b36c-4758-9a8e-6c03db891de0', 'Oliver', 'Nedela', 'info@co-handelszentrum.ch', '041 766 31 50', 'CO - Handelszentrum GmbH', 'Haldenstrasse 5, 6340 Baar, Zug'),
('4b21a1d8-2e36-4d62-a6c8-849d3fcf6fc5', 'Christian', 'Baumgartner', 'christian.baumgartner@co-architekten.ch', '031 320 10 13', 'Co. Architekten AG', 'Stauffacherstrasse 78, 3014 Bern, Bern'),
('5126e11c-5a02-4de8-87a8-a6be6cf007a6', 'Daniel', 'Wendel', 'dw@co2-kommunikation.ch', '043 540 40 47', 'CO2 Kommunikation', 'Seconda Posta Vecchia / Adetswilerstrasse 45b, 8345 Adetswil, Zürich'),
('e9a68283-acff-4220-881f-40a0042bd5dd', 'Thomas Rainer', 'Herbert Schmidt', 'info@co2glober.com', '071 571 89 23', 'CO2Glober AG', 'Oberdorfstraße 14b, 9100 Herisau, Appenzell Ausserrhoden'),
('9021d212-578d-4cc9-a7e5-36ca8422aa7f', 'Nicole', 'Amrein', 'nicole@amrein-landwirtschaft.ch', '078 633 65 78', 'Coach Amrein GmbH', 'Kleinbuchli, 6130 Willisau, Luzern'),
('9bc32a89-c48e-4eb0-a5a3-a29c53586738', 'Sabrina Claudia', 'Wacker', 'info@coaching4c.ch', '076 282 14 14', 'Coaching 4C', 'Sonneggstrasse 86, 8006 Zürich, Zürich'),
('0cde2fe3-9079-46c3-a973-96643993c742', 'Brigitte', 'Harder', 'brigitte@harder.li', '079 685 43 22', 'Coaching Brigitte Harder', 'Kreuzlingerstrasse 158, 8587 Oberaach, Thurgau'),
('bf0bdcb3-6f58-4c63-9d34-d88466b35385', 'Barbara', 'Bucher Senn', 'b-bucher@hotmail.ch', '056 631 66 77', 'Coaching Bucher', 'Märzengasse 44, 5430 Wettingen, Aargau'),
('56427aae-f704-4389-b49b-0fb57cae12a0', 'Valerie', 'Hostettler', 'info@coaching-headquarters.com', '079 959 04 27', 'Coaching Headquarters', 'Allmendstrasse 4c, 6210 Sursee, Luzern'),
('a428b80a-d9ae-4d78-8ce5-c499689e2fcb', 'Andrea', 'Suter', 'info@andrea-sauter.ch', '071 374 29 02', 'Coaching Point Andrea Suter', 'Hauptstrasse 16, 8280 Kreuzlingen, Thurgau'),
('11676b82-617e-4fe1-a208-843b572ae571', 'Unda', 'Niedermann-Veith', 'unda.nw@bluewin.ch', '079 337 07 63', 'Coaching und Physiotherapie Unda Niedermann-Veith', 'Gryphenhübeliweg 46, 3006 Bern, Bern'),
('8c558887-4d67-471f-a2f9-0ef06ce25e2a', 'Heike', 'Rudolf von Rohr', 'heike@rudolfvonrohr.ch', '044 817 60 70', 'Coaching4Excellence', 'Althardstrasse 70, 8105 Regensdorf, Zürich'),
('ba075113-f06a-4c6b-9ae6-d4353af1c917', 'Lorenza', 'Egloff', 'info@coaching8.ch', '079 650 76 40', 'coaching8', 'Aavorstadt 37, 5600 Lenzburg, Aargau'),
('76525142-174a-41d4-b035-ce48ca1869b7', 'Monika', 'Ingold', 'info@coachingold.com', '078 616 53 56', 'Coachingold', 'General Herzog-Strasse 1, 5600 Lenzburg, Aargau'),
('40045772-8342-4b52-bb93-7b56ba09e44e', 'Doris', 'Sager', 'sager.doris@coaching-place.ch', '076 366 48 20', 'coaching-place GmbH', 'Guggebüel 28, 5105 Auenstein, Aargau'),
('b1c7c7ba-382b-4dcd-9782-710bf62ef3a5', 'Marcel', 'Hager', 'info@coachingplus.ch', '044 865 37 73', 'Coachingplus GmbH', 'Sagistrasse 8a, 8910 Affoltern am Albis, Zürich'),
('37e5a8be-8cee-424c-8e66-d2e2afaeaca7', 'Simona', 'Gisler', 'remona@gmx.ch', '078 602 78 78', 'Coachingraum 78 individuell einzigartig', 'Schwarzhorngasse 14, 8260 Stein am Rhein, Schaffhausen'),
('1d5a38f5-c73f-430e-8ae0-620475fbc61a', 'Sonja', 'Kupferschmid Boxler', 'sonja.kupferschmid@coachingzentrum.ch', '062 926 43 93', 'Coachingzentrum Olten GmbH', 'Konradstrasse 30, 4600 Olten, Solothurn'),
('7f9f1597-5dcf-4a64-8f9c-da22dc45ce52', 'Andor', 'Bariska', 'info@coatmaster.com', '052 212 02 77', 'coatmaster AG', 'Flugplatzstrasse 5, 8404 Winterthur, Zürich'),
('850fc0b6-db19-496d-8d9b-e639396eebd8', 'Barbara', 'Biedermann', 'info@cobedix.ch', '044 552 01 30', 'Cobedix AG', 'Stapfetenstrasse 18, 8345 Adetswil, Zürich'),
('24e0fc4f-3f27-48b9-b756-b0b84f9f0cf0', 'Beatrice', 'Auderset', 'beatrice.auderset@cobianchi.ch', '031 720 50 50', 'Cobianchi Liftteile AG', 'Weststrasse 16, 3672 Oberdiessbach, Bern'),
('ea5dada5-dd3d-4962-9b48-5a77867aeddd', 'Anna', 'Egli-Schönenberger', 'info@cobofact.ch', '071 388 99 20', 'Cobofact AG', 'Bischofszellerstrasse 77, 9200 Gossau, St. Gallen'),
('94976e34-4a65-49d3-9abb-3998735f62ae', 'Jürgen', 'Litz', 'juergen.litz@cobraag.ch', '071 666 80 40', 'Cobra Computer''s Brainware AG', 'Bahnstrasse 1, 8274 Tägerwilen, Thurgau'),
('3f04ae40-7d06-4400-952d-680409c74dd1', 'Igor', 'Ferrari', 'info@cobrasw.ch', '061 706 83 33', 'Cobra Software AG', 'Im Lee 22, 4144 Arlesheim, Basel-Land'),
('30e33566-cc64-4bd7-b6d4-a913e9752d4d', 'Zoran', 'Bogdanovic', 'zoran.bogdanovic@cchellenic.com', '041 726 01 10', 'Coca-Cola HBC AG', 'Turmstrasse 26, 6312 Steinhausen, Zug'),
('5f5f32aa-c4e9-4aef-b69b-1d194bfdb5ce', 'Thomas', 'Krennbauer', 'coca.cola@cchellenic.com', '044 835 91 11', 'Coca-Cola HBC Schweiz AG', 'Thurgauerstrasse 134, 8152 Opfikon, Zürich'),
('088c7937-d194-40e3-bbd4-45ae1634d9f9', 'Sarah-Rebecca', 'Zimmer', 'zim@cocc.ch', '079 880 03 00', 'COCC. and coherent AG', 'Burggraben 28, 9000 St. Gallen, St. Gallen'),
('b8fcf771-2cab-4717-bb12-eaafa8058511', 'Luigi', 'Cuppoletta', 'luigi@gartenbau-aarau.ch', '076 277 57 89', 'Cocci Garten Cuppoletta', 'Büntenweg 3, 5015 Erlinsbach, Solothurn'),
('bd8b2116-5dec-45fb-ade3-3918a2569b75', 'Jürg', 'Wyss', 'redaktion@cockpit.aero', '056 442 92 46', 'Cockpit', 'Aarauerstrasse 20, 5116 Schinznach, Aargau'),
('ade7f485-71c4-4518-969d-0a5bb186a4cb', 'Nazife', 'Cosgun', 'info@cocobeauty.ch', '078 620 31 61', 'Coco Beauty Cosgun', 'Birmensdorferstraße 255, 8055 Zürich, Zürich'),
('c508e342-9554-4ac5-8094-57c9a5021b00', 'Daniele', 'Sonderegger-Hug', 'pepe66@bluewin.ch', '071 891 55 65', 'Coco Coiffure', 'Obereggerstrasse 30, 9410 Heiden, Appenzell Ausserrhoden'),
('321f3e9c-5355-4e43-9a99-abc9166b2ead', 'Dominik', 'Moser', 'info@restaurant-coco.ch', '044 211 98 98', 'Coco Grill & Bar', 'Bleicherweg 1a, 8001 Zürich, Zürich'),
('2f939979-a016-44de-9a7c-56fcddc2c903', 'Mike Roy', 'Stähelin', 'm.staehelin@cocomu.ch', '076 377 02 11', 'Cocomu GmbH', 'Lagerhausstrasse 1, 4500 Solothurn, Solothurn'),
('cefea77c-969b-41d5-903d-38e14434d160', 'Mohamed Abdullahi', 'Ibrahim', 'info@coconutsclub.ch', '078 710 22 44', 'Coconuts GmbH', 'Bahnhofstrasse 15, 9000 St. Gallen, St. Gallen'),
('e785adf3-7ef5-4563-b48f-c5c530c5fac3', 'Sylvie', 'Mcintosh', 'mail@cocoonstyling.ch', '062 961 24 02', 'Cocoon Styling', 'Zürichstrasse 3, 3360 Herzogenbuchsee, Bern'),
('e4402886-777c-4607-9cf8-d6ffcd542a27', 'Rahel', 'Röllin', 'rahel@bio-oel.ch', '041 508 10 10', 'Cocotec AG', 'Bruchstrasse 16, 6005 Luzern, Luzern'),
('28847d0f-ab28-4b6e-a5da-b016ec559a25', 'Fabio', 'Fornaro', 'info@cocumacaffe.com', '032 341 30 07', 'Cocuma AG', 'Längfeldweg 110, 2504 Biel/Bienne, Bern'),
('93e9886b-cc14-4ab6-9d07-0c6164cd2f82', 'Oliver', 'Ullmann', 'codan@codanargus.com', '041 785 09 44', 'CODAN ARGUS AG', 'Oberneuhofstrasse 10, 6340 Baar, Zug'),
('f80ac817-581c-48ec-8345-b18a64e269d5', 'Riccardo', 'Codazzo', 'info@codax-ag.ch', '079 301 57 68', 'Codax AG', 'Wangenstrasse 57, 3018 Bern, Bern'),
('b29ba2da-3853-4fce-9072-38466e978d77', 'Stefan', 'Sutter', 'advertising@codeag.ch', '044 721 04 05', 'Code AG für Communication & Design', 'Seestrasse 631, 8706 Meilen, Zürich'),
('28d47eee-264c-40f3-bf7b-8ccaeee203f4', 'Patrick', 'Tobler', 'info@code18.team', 'N.a.', 'Code18 AG', 'Weinmanngasse 24, 8700 Küsnacht, Zürich'),
('39d864c9-cc28-4aa5-98d8-d5a40f5ae195', 'Claude', 'Gex', 'contact@codeblock.ch', '031 533 42 28', 'Codeblock GmbH', 'Lindenrain 2, 3012 Bern, Bern'),
('f5dc3a84-50bb-4876-b38c-61a449f4bced', 'Jörg Walter', 'Steinhauer', 'office@codeblue.ch', '032 633 05 63', 'codeblue GmbH', 'Gummenweg 9, 4539 Rumisberg, Bern'),
('0d5165f3-a98c-4690-a46a-759f38ff577e', 'Elmaz', 'Osmani', 'elmi@codefriends.ch', '071 688 45 45', 'Codefriends AG', 'Obere Mühlestrasse 5, 8598 Bottighofen, Thurgau'),
('be9f1c24-9d2e-40db-84a4-18554913cff4', 'Cesar', 'Colqui', 'cesar.colqui@gmail.com', 'N.a.', 'CODELCO Family Office AG', 'Gerechtigkeitsgasse 25, 8001 Zürich, Zürich'),
('56c48718-2cb4-48f0-8dba-d5493e44f091', 'Adrian', 'Koch', 'info@codemonks.ch', '044 585 35 98', 'CodeMonks GmbH c/o Patrick und Sonja Truninger', 'Benkemergässli 30, 8447 Dachsen, Zürich'),
('3576e692-2525-49bc-a2e3-fdaea438124c', 'Alex', 'Kurmis', 'lite@codes.ch', '044 275 20 57', 'Codes Lite GmbH', 'Viaduktstrasse 75, 8005 Zürich, Zürich'),
('2e0b0aa2-b2bb-4a62-81ab-dfc89ef499d6', 'Christoph', 'Zingg', 'info@codit.swiss', '044 553 00 50', 'Codit Switzerland AG', 'The Circle 6, 8058 Zürich, Zürich'),
('fcf4b8bf-872a-417f-8557-8cff54ce7bf4', 'Susanne', 'Codoni', 'info@codonis.com', '061 539 15 59', 'CODONIS AG', 'Tramstrasse 99, 4132 Muttenz, Basel-Land'),
('c111654a-4baf-46f4-9d63-e0728276d423', 'Roland', 'Bigler', 'info@codx.ch', '041 798 11 22', 'CodX Software AG', 'Sinserstrasse 47, 6330 Cham, Zug'),
('72d2e59b-ef76-48eb-bf51-d6929da57c7f', 'Gert', 'Coester', 'gert@coester.ch', '044 760 20 40', 'Coester Consulting GmbH', 'Feldstrasse 15, 8704 Herrliberg, Zürich'),
('8c1c8863-6a1f-4f4a-90e5-335c9bb6bfce', 'Boudewijn', 'Beerkens', 'mail@cofraholding.com', '041 728 00 00', 'COFRA Holding AG', 'Grafenauweg 10, 6301 Zug, Zug'),
('4634f4d3-927a-4f4f-ac59-2a09fcc84828', 'Stefan', 'Zillikens', 's.zillikens@cogent-hc.com', 'N.a.', 'Cogent Healthcare GmbH', 'Breitackerweg 6, 8566 Neuwilen, Thurgau'),
('b006ff87-e010-4b22-ba59-50f7f7beadef', 'Markus', 'Lengacher', 'info@cogitum.ch', '031 536 44 54', 'cogitum gmbh', 'Alpenweg 30, 3284 Fräschels, Fribourg/Freiburg'),
('0763309c-f7fa-4303-98cf-3d72f5bfa045', 'Sally', 'Bantock', 'info@cogmokids.ch', '043 844 06 60', 'Cogmo Kids Bilingual Preschool', 'Dorfplatz 14, 8126 Zumikon, Zürich'),
('d65053ef-a03b-4557-93bc-34a26c3dcb31', 'Robert', 'Willett', 'contactus@cognex.com', '044 578 88 77', 'Cognex Switzerland GmbH', 'Leutschenbachstrasse 95, 8050 Zürich, Zürich'),
('7d1d6c32-0fd9-4500-bf0f-bcf2f0914e55', 'Christian', 'Beilborn', 'info@cognita.ch', '044 500 44 60', 'cognita AG', 'General Wille-Strasse 59, 8706 Meilen, Zürich'),
('928d5cdc-2166-4949-b102-fb6e8d1c25ae', 'Ravi', 'Kumar', 'inquiry@cognizant.com', '041 724 66 45', 'Cognizant Technology Solutions AG', 'Altgasse 63, 6340 Baar, Zug'),
('1fee0a3a-aeb7-484a-ac96-52e5fdae460b', 'Fabio', 'Mätzler', 'fm@cohaga.ch', '071 221 00 31', 'cohaga AG', 'Fürstenlandstrasse 41, 9000 St. Gallen, St. Gallen'),
('73751651-658e-422c-b172-8b1414e41363', 'Jacqueline', 'Urso', 'info@cohatec.ch', '062 871 70 07', 'Cohatec AG', 'Birkenweg 455, 5072 Oeschgen, Aargau'),
('e45bbe09-4898-4021-9ed2-30efe25a86f9', 'Andy', 'Mattes', 'tech.sales@coherent.com', '033 227 45 45', 'Coherent Switzerland AG', 'Aemmenmattstrasse 43, 3123 Belp, Bern'),
('3c4dbc58-c406-4f97-a5e5-a28baea397b4', 'Yolanda', 'Krummenacher', 'info@coideux.ch', '061 261 80 00', 'Coi Deux Haute Coiffure', 'Leonhardsgraben 26, 4051 Basel, Basel-Stadt'),
('50f29604-7a4d-4566-a4ec-12ccbb86633b', 'Heinz', 'Egger', 'info@coidro.ch', '041 660 71 50', 'Coidro AG', 'Industriestrasse 23, 6064 Kerns, Obwalden'),
('c50b053f-8f65-4042-aaf3-0e82de493a44', 'Pino', 'Zinna', 'info@coiffyoursuccess.ch', '031 311 57 07', 'Coiff Your Success', 'Marktgasse 35, 3011 Bern, Bern'),
('dc04a90f-1a68-46df-88f3-e3a72e88a2ec', 'Bernie', 'Reichenstein', 'bernier@bluewin.ch', '061 261 12 80', 'Coiffeteria Onyx GmbH', 'Blumenrain 32, 4051 Basel, Basel-Stadt'),
('993a8bb0-f0ec-42d0-9313-f9b6fa657cb6', 'Jacqueline', 'Schirgi', 'info@coiffeur-adamundeva.ch', '061 482 16 70', 'COIFFEUR  adamUNDeva   HAIR AND MAKE-UP', 'Lindenstrasse 7, 4123 Allschwil, Basel-Land'),
('abead6ae-9c39-413b-9a0e-829753259b34', 'Sandra', 'Straubhaar', 'bianco-e-nero@gmx.ch', '079 103 52 82', 'Coiffeur  Nero GmbH', 'Schadaustrasse 30, 3604 Thun, Bern'),
('dd12d779-3864-4983-9e11-6918589d5fe8', 'Irene', 'Niggli', 'pidtni@bluewin.ch', '062 926 33 57', 'Coiffeur - Salon Irene Niggli', 'Rain 4, 4628 Wolfwil, Solothurn'),
('4dab4e3d-4a9f-44c1-91d7-9aee2b077e8c', 'Claudia', 'Wieland', 'claudia@coiffeur-beauty.ch', '052 525 33 99', 'Coiffeur & Beauty Aadorf', 'Bahnhofstrasse 12, 8355 Aadorf, Thurgau'),
('8d58d0d5-82a5-433e-8b83-d2e37288a6cf', 'Flavia', 'Wagner', 'flavia@coiffeur-hair-flair.ch', '071 977 12 30', 'Coiffeur & Lounge Nelly', 'Tanneggerstrasse 2, 8374 Dussnang, Thurgau'),
('63ffaf9b-9667-42f7-9faa-f0bd62953674', 'Irene', 'Meienberg', 'info@coiffeur-nail-vision.ch', '055 246 10 66', 'Coiffeur & Nail Vision', 'Rütistrasse 24, 8636 Wald, Zürich'),
('9ff150fc-b6d4-46f0-9d8e-2d6101f6f95b', 'Domenica', 'Romeo', 'mail@coiffeur-domenica.ch', '081 252 40 34', 'Coiffeur + Nail Garo', 'Reichsgasse 46, 7000 Chur, Graubünden'),
('cb2acbe3-a79c-41d6-900a-08d95bff0b85', 'Nicole', 'Saner', 'coiffeur1abreitenbach@gmail.com', '061 781 29 72', 'Coiffeur 1a', 'Bodenackerstrasse 10, 4226 Breitenbach, Solothurn'),
('3bd3a11b-e388-4d26-a1b0-80fe60ae4c26', 'Marie-Anne', 'Reber', 'marie_anne@gmx.ch', '031 819 07 01', 'Coiffeur 22', 'Bahnhofstrasse 22, 3125 Toffen, Bern'),
('6b1e3103-f134-44e5-81ca-1a3504f2326e', 'Prisca', 'Andreoli', 'info@coiffeur33.ch', '031 971 33 77', 'Coiffeur 33 GmbH', 'Hessstrasse 42, 3097 Liebefeld, Bern'),
('6ece0a6e-b5e5-4269-9e24-08b8efcb23bf', 'Hoger', 'Jallki', 'info@coiffeur-4.ch', '076 718 68 58', 'Coiffeur 4 Jallki', 'Badenerstrasse 75, 8004 Zürich, Zürich'),
('691c99a8-75ae-4013-b915-966a4d5abbd3', 'Iris', 'Herberg', 'i.herberg@gmx.ch', '052 721 21 11', 'Coiffeur Abraxas', 'Erchingerstrasse 2, 8500 Frauenfeld, Thurgau'),
('9a015a43-87d4-4bb0-b244-66c34f680598', 'Beatrix', 'Frey', 'coiffeurakademiefreyundwidmer@gmail.com', '044 796 10 03', 'Coiffeur Akademie Stäfa', 'Bahnhofstrasse 26, 8712 Stäfa, Zürich'),
('c8000a15-19e0-4bd2-8310-acf9ec1875df', 'Ali', 'Nasr', 'coiffeur.ali.zh@gmail.com', '076 608 58 88', 'Coiffeur Ali', 'Fabrikstrasse 21, 8005 Zürich, Zürich'),
('e775b607-1b8f-4ed9-8614-53bb3488450a', 'Denise', 'Wetzel', 'info@coiffeur-florhof.ch', '076 570 42 11', 'Coiffeur am Florhof', 'Florhofstrasse 25, 8820 Wädenswil, Zürich'),
('8ffcb71d-130e-4c1d-944b-9e257d17404d', 'Karin', 'Rohner', 'coiffeur_am_rhy@gmx.ch', '071 599 45 43', 'Coiffeur am Rhy', 'Rheinstrasse 39, 9443 Widnau, St. Gallen'),
('4d5d2208-cbfb-4709-bbe4-ac1e6c77b7d3', 'Tamara', 'Columberg', 'tamaracolumberg@gmail.com', '081 943 18 30', 'Coiffeur Amara', 'Via Surrein 12, 7172 Rabius, Graubünden'),
('39e22e95-0bed-41d9-b824-5ca0181f7f61', 'Catherine', 'Holzer', 'cathi19@bluemail.ch', '027 473 46 06', 'Coiffeur Ambiance Leuk-Stadt', 'Rathausplatz 4, 3953 Leuk Stadt, Wallis/Valais'),
('c6767fb8-a828-4ec7-b230-544d5ff6b00c', 'Irène', 'Amstutz-Burri', 'info-ca@bluewin.ch', '041 543 38 63', 'Coiffeur Amstutz', 'Luzernerstrasse 24a, 6010 Kriens, Luzern'),
('04a7d46c-e56c-469a-9740-09a8671ecba2', 'Gzima', 'Osmani', 'info@coiffeur-andora.ch', '055 214 33 88', 'Coiffeur Andora', 'Eichfeldstrasse 1, 8645 Jona, St. Gallen'),
('cb805f1a-e49b-4c1f-915d-e649060d9e88', 'André', 'Frei', 'freicoiffeur@bluewin.ch', '052 643 22 17', 'Coiffeur André Frei', 'Hochstrasse 246, 8200 Schaffhausen, Schaffhausen'),
('89e9cba4-6745-4d31-8afc-a5efa900cf72', 'Angela', 'Hodel-Porcelli', 'info@coiffeurangela.ch', '062 398 11 50', 'Coiffeur Angela - Egerkingen', 'Kornhausplatz 2, 4622 Egerkingen, Solothurn'),
('e7f71be3-1bf2-42c1-8a59-2937ed19b189', 'Angelo', 'Marino', 'coiffeurangelo@bluewin.ch', '027 967 21 67', 'Coiffeur Angelo, Marino Angelo', 'Steinmattstrasse 7, 3920 Zermatt, Wallis/Valais'),
('9c3b3893-bd16-4f03-b6f9-764b8b4aebc1', 'Anita', 'Leonardo', 'coiffeuranita@hotmail.com', '061 554 37 89', 'Coiffeur Anita Leonardo', 'Binningerstrasse 1, 4153 Reinach, Basel-Land'),
('aff32893-5c32-4027-b450-1f203065c36c', 'Annagrazia', 'La Torre', 'coiffeur.annagrazia@yahoo.de', 'N.a.', 'Coiffeur Annagrazia', 'St. Gallerstrasse 25, 8853 Lachen, Schwyz'),
('100879a5-6377-4875-9478-c91caf2c3099', 'Annelies', 'Heim', 'heimannelies@rhone.ch', '027 470 38 58', 'Coiffeur Annelies', 'Grunibodenstrasse 23, 3954 Leukerbad, Wallis/Valais'),
('c14b1a5a-6362-4ec9-87c7-ebfe955aa797', 'Antonella', 'Cianciarulo', 'info@coiffeur-antonella.ch', '052 394 22 94', 'Coiffeur Antonella - Turbenthal', 'Tösstalstrasse 47, 8488 Turbenthal, Zürich'),
('1199b8e5-321f-4d2c-979a-d6a28873c303', 'Loris', 'Cosentino', 'info@coiffeur-antonio.ch', '062 295 42 39', 'Coiffeur Antonio', 'Bahnhofstrasse 7, 4657 Dulliken, Solothurn'),
('17a65cdd-2bc3-4e7c-961f-0b85aaf42da1', 'Riyadh', 'Mirza', 'info@coiffeur-aram.ch', '044 291 60 60', 'Coiffeur Aram, Inh. Mirza Riyadh', 'Schwandelstrasse 4, 8800 Thalwil, Zürich'),
('15765c57-0989-42b4-9533-7bf405baf1ca', 'Azad', 'Ento', 'info@coiffeuraras.ch', '071 553 15 10', 'Coiffeur Aras', 'St. Gallerstrasse 18, 9300 Wittenbach, St. Gallen'),
('6a01da49-ecd1-406b-b7d5-7e65be1a779c', 'Franco', 'Arena', 'info@franco-arena.ch', '081 723 28 33', 'Coiffeur Arena Stile Capelli', 'Zürcherstrasse 59, 7320 Sargans, St. Gallen'),
('f913d60f-b892-44fa-b6fa-5c3cd2b3dae7', 'lbrahim', 'Hassan', 'aris.coiffeur@hotmail.com', '061 506 10 22', 'Coiffeur ARIS GmbH', 'Hauptstrasse 72, 4450 Sissach, Basel-Land'),
('2699e665-2f8c-4b7e-aa22-a2f00f59909c', 'Jürg', 'Duchilio', 'info@coiffure-art.ch', '079 363 74 03', 'Coiffeur Art', 'Luzernerstrasse 15, 6206 Neuenkirch, Luzern'),
('49bdf106-bea7-4056-886b-09bbf8c1db36', 'Letizia', 'Carangelo', 'letizia.carangelo@gmail.com', '076 415 52 42', 'Coiffeur Arte', 'Lilienstrasse 2, 5212 Hausen, Aargau');

INSERT INTO leads (id, contact_id, source, status, value, notes) VALUES
('43860e62-a935-4f28-819c-60139f2056d3', '23013bdb-06d6-4212-b577-5191e0786ce2', 'KALTAKQUISE', 'ACTIVE', 0, 'Funktion: Geschäftsführer/in (CEO) | Mitarbeiter: 21 bis 50 | Branche: Banken | Rechtsform: Genossenschaft'),
('71635acd-dd09-4949-ace6-d64c043440c5', 'df0b58e3-9cd5-4566-ac0a-cebec6e32b50', 'KALTAKQUISE', 'ACTIVE', 0, 'Funktion: Geschäftsführer/in (CEO) | Mitarbeiter: 51 bis 100 | Branche: Banken | Rechtsform: Aktiengesellschaft'),
('ecea36b7-56ad-421a-a2bb-22b25d20c9c4', 'c789743f-09af-4d23-99d0-253f634093fa', 'KALTAKQUISE', 'ACTIVE', 0, 'Funktion: Geschäftsführer/in (CEO) | Mitarbeiter: 21 bis 50 | Branche: Banken | Rechtsform: Aktiengesellschaft'),
('0fcc5035-bb1d-47f7-bd7c-7e5c43ec6a15', '531b7bcc-92b3-4a2e-b533-f4cf538c3aec', 'KALTAKQUISE', 'ACTIVE', 0, 'Funktion: Geschäftsführer/in (CEO) | Mitarbeiter: 21 bis 50 | Branche: Banken | Rechtsform: Genossenschaft'),
('404e3c35-ce75-4489-873a-538ef29d6856', '449bf31b-b20a-4acc-b636-a56a3fe2f988', 'KALTAKQUISE', 'ACTIVE', 0, 'Funktion: Geschäftsführer/in (CEO) | Mitarbeiter: 11 bis 20 | Branche: Banken | Rechtsform: Genossenschaft'),
('d8b9336f-5de3-49bd-97ba-29d6eb13d783', 'a82f8277-f982-4ce3-af2f-bd3440b1ef25', 'KALTAKQUISE', 'ACTIVE', 0, 'Funktion: Geschäftsführer/in (CEO) | Mitarbeiter: 11 bis 20 | Branche: Banken | Rechtsform: Institut des öffentlichen Rechts'),
('60d397a5-cd7b-47c5-8637-72315441c294', 'a7624588-6c6f-4138-a356-5285b0fa71fc', 'KALTAKQUISE', 'ACTIVE', 0, 'Funktion: Geschäftsführer/in (CEO) | Mitarbeiter: 21 bis 50 | Branche: Maschinenbauindustrie | Rechtsform: Gesellschaft mit beschränkter Haftung'),
('1c4b52eb-663c-49eb-a048-2eaf9167056c', '5806691c-357a-40e3-8c4e-9c7547143cde', 'KALTAKQUISE', 'ACTIVE', 0, 'Funktion: Geschäftsführer/in (CEO) | Mitarbeiter: 1 bis 10 | Branche: Sanitär & Haustechnik | Rechtsform: Gesellschaft mit beschränkter Haftung'),
('9c02b2e8-188e-4011-b7fa-efea78d74ea2', '1514ef65-aa44-428b-82dc-b25cb7328c7c', 'KALTAKQUISE', 'ACTIVE', 0, 'Funktion: Geschäftsführer/in (CEO) | Mitarbeiter: 1 bis 10 | Branche: FinTech | Rechtsform: Aktiengesellschaft'),
('e67942ef-7ac9-43f9-a3da-f5bfde34ee7d', 'd045d932-66c7-40f2-9a4b-2b18ff43f138', 'KALTAKQUISE', 'ACTIVE', 0, 'Funktion: Geschäftsführer/in (CEO) | Mitarbeiter: 1 bis 10 | Branche: Sanitär & Haustechnik | Rechtsform: Aktiengesellschaft'),
('378d02c0-f4b1-4b35-9fdb-1f213e2453c9', 'f88c0749-7cbf-4d7f-8974-c71c85e1ba52', 'KALTAKQUISE', 'ACTIVE', 0, 'Funktion: Geschäftsführer/in (CEO) | Mitarbeiter: 101 bis 500 | Branche: Nachhaltigkeitsbereich | Rechtsform: Aktiengesellschaft'),
('f1286406-831b-47ab-854d-52fd28f971ec', 'c3995117-aecf-4a02-8f71-a097232283f7', 'KALTAKQUISE', 'ACTIVE', 0, 'Funktion: Geschäftsführer/in (CEO) | Mitarbeiter: 21 bis 50 | Branche: Textil- & Möbelindustrie | Rechtsform: Aktiengesellschaft'),
('21417c05-2c13-45c2-a812-43dc62ac2e43', '3e9b0a93-7bb2-4f9f-bf3e-e9b8ca97921c', 'KALTAKQUISE', 'ACTIVE', 0, 'Funktion: Geschäftsführer/in (CEO) | Mitarbeiter: 1 bis 10 | Branche: Elektroindustrie | Rechtsform: Aktiengesellschaft'),
('b00ca085-4f3f-4a5d-b3b7-0945d8fa198f', '196082a5-8dcd-4af6-a473-74e5bbe848a0', 'KALTAKQUISE', 'ACTIVE', 0, 'Funktion: Geschäftsführer/in (CEO) | Mitarbeiter: 51 bis 100 | Branche: Elektroindustrie / Maschinenbauindustrie | Rechtsform: Aktiengesellschaft'),
('c5da95c7-446f-437f-a6d8-f4823ab39614', '6b704659-c5b0-41af-9053-0e5e7b51a9cb', 'KALTAKQUISE', 'ACTIVE', 0, 'Funktion: Geschäftsführer/in (CEO) | Mitarbeiter: 11 bis 20 | Branche: Online Shops | Rechtsform: Aktiengesellschaft'),
('bc0aab2d-ea23-46f8-ac02-19d3b440ea18', 'cac7a026-d8fe-48dd-b8e8-fd14fce0938b', 'KALTAKQUISE', 'ACTIVE', 0, 'Funktion: Geschäftsführer/in (CEO) | Mitarbeiter: 1 bis 10 | Branche: Zahnarztpraxen | Rechtsform: Aktiengesellschaft'),
('08962630-c0d3-410f-95a7-effe61c711ce', 'c0e8fafa-bf5a-4590-83e7-c16412563b8b', 'KALTAKQUISE', 'ACTIVE', 0, 'Funktion: Geschäftsführer/in (CEO) | Mitarbeiter: 1 bis 10 | Branche: Kosmetikstudios'),
('29086a8e-b911-45c8-87a4-f8dc034a95ae', 'e79de349-043c-4f74-9f89-97d4e89a2941', 'KALTAKQUISE', 'ACTIVE', 0, 'Funktion: Gesamtleitung/Direktion | Mitarbeiter: 1 bis 10 | Branche: Spitäler & Kliniken'),
('c4619c85-154e-4338-a42b-dea358be8256', '313fbb8c-4167-41e4-abc5-54d9b7ed4114', 'KALTAKQUISE', 'ACTIVE', 0, 'Funktion: Gesamtleitung/Direktion | Mitarbeiter: 1 bis 10 | Branche: Spitäler & Kliniken'),
('328c200b-85ef-411f-8e55-14330169f661', '715056ff-712e-419a-92db-93b2ad5568ba', 'KALTAKQUISE', 'ACTIVE', 0, 'Funktion: Gesamtleitung/Direktion | Mitarbeiter: 51 bis 100 | Branche: Spitäler & Kliniken | Rechtsform: Aktiengesellschaft'),
('c2c55f45-a522-4e80-b7e1-d59c74d8d944', '0ed19d4a-e350-4233-b12d-65c2c158ec0c', 'KALTAKQUISE', 'ACTIVE', 0, 'Funktion: Geschäftsführer/in (CEO) | Mitarbeiter: 11 bis 20 | Branche: Tierarztpraxen | Rechtsform: Aktiengesellschaft'),
('75cfc09c-e466-4790-9fba-f6d40a045cbd', 'bb56afce-d41e-4396-ab3a-39b2a14b6ddd', 'KALTAKQUISE', 'ACTIVE', 0, 'Funktion: Gesamtleitung/Direktion | Mitarbeiter: 51 bis 100 | Branche: Spitäler & Kliniken | Rechtsform: Aktiengesellschaft'),
('ff3b8e44-0025-4842-bded-8b46ac62d291', '79b4e629-14df-43f1-bc6b-831ffd92bb30', 'KALTAKQUISE', 'ACTIVE', 0, 'Funktion: Geschäftsführer/in (CEO) | Mitarbeiter: 11 bis 20 | Branche: Arztpraxen / Naturheilpraxen'),
('d499bdf5-9f52-411f-b858-2772e28d4a27', 'a58de7df-c274-4b2f-baa6-7f5785998007', 'KALTAKQUISE', 'ACTIVE', 0, 'Funktion: Geschäftsführer/in (CEO) | Mitarbeiter: 1 bis 10 | Branche: Life-Science-Industrie | Rechtsform: Aktiengesellschaft'),
('2cc572f4-f514-4746-a553-c8162276a7da', '94d6c5c8-aea7-432f-9753-3757ac3c469d', 'KALTAKQUISE', 'ACTIVE', 0, 'Funktion: Geschäftsführer/in (CEO) | Mitarbeiter: 11 bis 20 | Branche: Zahnarztpraxen'),
('20b0ddd7-d2a4-4472-b243-36b74517b4d4', '20015783-24d6-44d2-9963-8a09d0f24052', 'KALTAKQUISE', 'ACTIVE', 0, 'Funktion: Geschäftsführer/in (CEO) | Mitarbeiter: 1 bis 10 | Branche: Life-Science-Industrie / Medizintechnik-Industrie | Rechtsform: Aktiengesellschaft'),
('d993e338-64a5-4d7a-839c-0a62c16b3147', '2814da32-1576-43c7-96c1-1790ef5fa722', 'KALTAKQUISE', 'ACTIVE', 0, 'Funktion: Geschäftsführer/in (CEO) | Mitarbeiter: 1 bis 10 | Branche: Arztpraxen'),
('77d8345f-cc43-4783-baa1-5f80a223601e', '6c8d4b26-4438-41d6-90c3-4c5a4543f0bf', 'KALTAKQUISE', 'ACTIVE', 0, 'Funktion: Geschäftsführer/in (CEO) | Mitarbeiter: 51 bis 100 | Branche: Life-Science-Industrie | Rechtsform: Aktiengesellschaft'),
('43de07d8-c028-423d-86e7-685116eb0827', '40d78dae-1141-490c-ad7b-eb5532ef48fd', 'KALTAKQUISE', 'ACTIVE', 0, 'Funktion: Geschäftsführer/in (CEO) | Mitarbeiter: 1 bis 10 | Branche: Chemieindustrie | Rechtsform: Aktiengesellschaft'),
('100c7dab-2833-4911-9121-190d02868936', 'b70c340c-4a2a-4ffa-ad8b-be69b292b909', 'KALTAKQUISE', 'ACTIVE', 0, 'Funktion: Geschäftsführer/in (CEO) | Mitarbeiter: 1 bis 10 | Branche: IT Unternehmen | Rechtsform: Gesellschaft mit beschränkter Haftung'),
('0aa4a4ee-e7ff-448f-8bfc-9e1e8c78a099', '3f15a665-21e9-400e-9f00-3c269d771e19', 'KALTAKQUISE', 'ACTIVE', 0, 'Funktion: Geschäftsführer/in (CEO) | Mitarbeiter: 1 bis 10 | Branche: Werbeagenturen | Rechtsform: Gesellschaft mit beschränkter Haftung'),
('84494a24-4345-4597-badf-a266065df208', '67e9b946-dec4-4b29-ac45-2a35bd9361c8', 'KALTAKQUISE', 'ACTIVE', 0, 'Funktion: Geschäftsführer/in (CEO) | Mitarbeiter: 11 bis 20 | Branche: Online Shops | Rechtsform: Gesellschaft mit beschränkter Haftung'),
('5c5819d0-931d-48db-8588-d4b52a8b02cc', '356e5fe8-c604-4a33-91c1-542deebdf9d5', 'KALTAKQUISE', 'ACTIVE', 0, 'Funktion: Geschäftsführer/in (CEO) | Mitarbeiter: 1 bis 10 | Branche: Werbeagenturen | Rechtsform: Gesellschaft mit beschränkter Haftung'),
('1c2d74f0-d498-46e4-a096-b96cb386b3f3', '8d92dbcd-7cfd-4f0f-b656-7d176d7cba6c', 'KALTAKQUISE', 'ACTIVE', 0, 'Funktion: Geschäftsführer/in (CEO) | Mitarbeiter: 1 bis 10 | Branche: Schreinerei- & Holzbaubetriebe | Rechtsform: Einzelunternehmen'),
('d27b0c6c-bf59-42a0-b883-31d78c74cc83', '11374d38-f8c5-403c-b699-a77576dbff72', 'KALTAKQUISE', 'ACTIVE', 0, 'Funktion: Geschäftsführer/in (CEO) | Mitarbeiter: 1 bis 10 | Branche: Werbeagenturen | Rechtsform: Gesellschaft mit beschränkter Haftung'),
('b6b57119-556b-400b-ad4f-27cd576265f8', '49eb92ef-e7e1-4511-8af1-66aab46bd111', 'KALTAKQUISE', 'ACTIVE', 0, 'Funktion: Geschäftsführer/in (CEO) | Mitarbeiter: 11 bis 20 | Branche: Online Shops | Rechtsform: Aktiengesellschaft'),
('656a6daf-0221-4695-bf0a-ba5986b73316', '3b8470e1-1272-4e2b-88ed-0230e3cdb9f4', 'KALTAKQUISE', 'ACTIVE', 0, 'Funktion: Geschäftsführer/in (CEO) | Mitarbeiter: 1 bis 10 | Branche: Unternehmensberater | Rechtsform: Gesellschaft mit beschränkter Haftung'),
('32d0515f-0dc4-425b-86d1-37e6f8d755ad', '1fda30d4-064f-42c3-8eca-11b5d96f1628', 'KALTAKQUISE', 'ACTIVE', 0, 'Funktion: Geschäftsführer/in (CEO) | Mitarbeiter: 1 bis 10 | Branche: Nachhaltigkeitsbereich'),
('4a9617f8-9176-4fcc-9531-423fadb73005', 'e58cf4d6-009f-4f48-9a57-f22cc9da3d79', 'KALTAKQUISE', 'ACTIVE', 0, 'Funktion: Geschäftsführer/in (CEO) | Mitarbeiter: 1 bis 10 | Branche: IT Unternehmen | Rechtsform: Aktiengesellschaft'),
('6b23d978-85dc-42e4-bf34-1a8841e2f801', '4dc2f798-0a0a-4842-af04-5c8d709d6928', 'KALTAKQUISE', 'ACTIVE', 0, 'Funktion: Geschäftsführer/in (CEO) | Mitarbeiter: 11 bis 20 | Branche: Clubs, Bars & Eventlocations / Restaurants'),
('78d752a7-0087-42ce-91f8-135a2fe8a231', '0dfc7cb7-f333-4fda-83de-2732ee418672', 'KALTAKQUISE', 'ACTIVE', 0, 'Funktion: Geschäftsführer/in (CEO) | Mitarbeiter: 1 bis 10 | Branche: IT Unternehmen | Rechtsform: Aktiengesellschaft'),
('62446d26-795c-4c5d-890c-ddff325cb009', '35c57318-389e-4b0b-8f7e-bc4492dadf7b', 'KALTAKQUISE', 'ACTIVE', 0, 'Funktion: Geschäftsführer/in (CEO) | Mitarbeiter: 11 bis 20 | Branche: IT Unternehmen | Rechtsform: Aktiengesellschaft'),
('179cc7c1-88b3-42b9-9e20-4f54f6665329', '87fce991-e128-4b63-abe9-68f13190ced1', 'KALTAKQUISE', 'ACTIVE', 0, 'Funktion: Geschäftsführer/in (CEO) | Mitarbeiter: 1 bis 10 | Branche: IT Unternehmen / Werbeagenturen | Rechtsform: Gesellschaft mit beschränkter Haftung'),
('f68400d7-4524-4419-a9c6-1be1ca3760bc', 'c2b0e18d-25e8-44d7-b599-23199f5dba40', 'KALTAKQUISE', 'ACTIVE', 0, 'Funktion: Geschäftsführer/in (CEO) | Mitarbeiter: 21 bis 50 | Branche: Weiterbildungsinstitute'),
('fd1f3ed4-96e6-4404-803a-fcbb6f3a82a1', '06a24fc5-5fc5-4b13-a99c-47a65fd92b05', 'KALTAKQUISE', 'ACTIVE', 0, 'Funktion: Geschäftsführer/in (CEO) | Mitarbeiter: 11 bis 20 | Branche: Clubs, Bars & Eventlocations / Restaurants | Rechtsform: Gesellschaft mit beschränkter Haftung'),
('43214c9e-2ab0-468a-91a5-8b6732639d22', 'd92a0016-ff13-4730-9b9b-e3ff082b404e', 'KALTAKQUISE', 'ACTIVE', 0, 'Funktion: Geschäftsführer/in (CEO) | Mitarbeiter: 11 bis 20 | Branche: Clubs, Bars & Eventlocations'),
('b7b65cae-aae0-4c34-8248-bdc3f0ddd415', '3f67490b-4772-4e44-85bd-4ea304ad61c7', 'KALTAKQUISE', 'ACTIVE', 0, 'Funktion: Geschäftsführer/in (CEO) | Mitarbeiter: 21 bis 50 | Branche: Clubs, Bars & Eventlocations / Restaurants | Rechtsform: Aktiengesellschaft'),
('8b6a4a91-58db-48f5-be4e-0b23417fee68', '0a2d7faa-491b-447f-94bc-e361f4cd971e', 'KALTAKQUISE', 'ACTIVE', 0, 'Funktion: Geschäftsführer/in (CEO) | Mitarbeiter: 11 bis 20 | Branche: Clubs, Bars & Eventlocations'),
('2a54707e-f433-43a0-8507-66f4364195c8', '75ce1ab8-7f62-48cf-a1e9-3017c262de70', 'KALTAKQUISE', 'ACTIVE', 0, 'Funktion: Geschäftsführer/in (CEO) | Mitarbeiter: 1 bis 10 | Branche: Clubs, Bars & Eventlocations / Restaurants | Rechtsform: Einzelunternehmen'),
('14fca8db-89d9-47af-a6f0-7dda18015c40', '225dcce2-3cf4-4a31-9bf9-8acb7bcf1f9f', 'KALTAKQUISE', 'ACTIVE', 0, 'Funktion: Präsidium  | Mitarbeiter: 1 bis 10 | Branche: Tennisvereine'),
('371ef5ff-7327-4832-9b1f-61283f5f63f6', 'da3ed706-b04a-45ad-90aa-4a07e9a88491', 'KALTAKQUISE', 'ACTIVE', 0, 'Funktion: Geschäftsführer/in (CEO) | Mitarbeiter: 1 bis 10 | Branche: Clubs, Bars & Eventlocations / Restaurants | Rechtsform: Einzelunternehmen'),
('2cd3e2c6-42c6-4275-82e2-5277eab639ed', 'f6d78468-d6c1-40fc-93d1-879619179ae1', 'KALTAKQUISE', 'ACTIVE', 0, 'Funktion: Geschäftsführer/in (CEO) | Mitarbeiter: 11 bis 20 | Branche: Clubs, Bars & Eventlocations'),
('6a82f634-d631-4741-869f-9d0060745183', '4f2f4712-7020-4d1c-8cda-8bbec217dfd7', 'KALTAKQUISE', 'ACTIVE', 0, 'Funktion: Gesamtleitung/Direktion | Mitarbeiter: 1 bis 10 | Branche: Beherbergungsstätten'),
('d5cf783f-3e58-4c48-9244-079e82993bab', 'ccc18479-bd9e-4791-8972-f1713ae2aad7', 'KALTAKQUISE', 'ACTIVE', 0, 'Funktion: Gesamtleitung/Direktion | Mitarbeiter: 1 bis 10 | Branche: Beherbergungsstätten'),
('7f5fabd8-1306-477b-aede-29a183d6bf4d', '0dccc3e6-38ce-4cdf-beb9-22940dfdddad', 'KALTAKQUISE', 'ACTIVE', 0, 'Funktion: Gesamtleitung/Direktion | Mitarbeiter: 1 bis 10 | Branche: Beherbergungsstätten'),
('a39871f6-14cc-4cdf-ab65-db0cc2256357', '35426f08-06a1-48a7-bac5-f86ec7858379', 'KALTAKQUISE', 'ACTIVE', 0, 'Funktion: Gesamtleitung/Direktion | Mitarbeiter: 1 bis 10 | Branche: Beherbergungsstätten'),
('8be1a2ce-5be6-478c-adc1-1faa56cda504', 'b4506e56-c28b-453f-99e1-b19bf2c494d9', 'KALTAKQUISE', 'ACTIVE', 0, 'Funktion: Gesamtleitung/Direktion | Mitarbeiter: 1 bis 10 | Branche: Beherbergungsstätten'),
('f5d2dc93-146f-4f02-ac14-2d6f476839d5', '2f43cb5c-ef40-4741-a66a-3d700723cab1', 'KALTAKQUISE', 'ACTIVE', 0, 'Funktion: Gesamtleitung/Direktion | Mitarbeiter: 1 bis 10 | Branche: Beherbergungsstätten'),
('23d09ef9-4b00-4b92-b06b-b7446cd1251f', 'f3a86c08-3b61-4ccb-ad84-f6fbadaf9998', 'KALTAKQUISE', 'ACTIVE', 0, 'Funktion: Gesamtleitung/Direktion | Mitarbeiter: 1 bis 10 | Branche: Beherbergungsstätten'),
('c5a27aa7-1a18-4fee-b8f2-675f6a188914', '71743e5a-c042-4f64-99d0-6ba33f5bfae7', 'KALTAKQUISE', 'ACTIVE', 0, 'Funktion: Gesamtleitung/Direktion | Mitarbeiter: 1 bis 10 | Branche: Beherbergungsstätten'),
('44abe111-78a9-4ae9-852b-c9753d832fc0', '8ff54d71-f061-4c89-ac73-71d3f0cce301', 'KALTAKQUISE', 'ACTIVE', 0, 'Funktion: Gesamtleitung/Direktion | Mitarbeiter: 1 bis 10 | Branche: Beherbergungsstätten'),
('63495578-53ec-46d2-8626-88004513b7ac', '4c1b8032-764b-4a55-87d1-eee2d85de1b0', 'KALTAKQUISE', 'ACTIVE', 0, 'Funktion: Gesamtleitung/Direktion | Mitarbeiter: 1 bis 10 | Branche: Beherbergungsstätten'),
('ba3df5ad-698a-4358-9c24-5c13e8591db8', '8ba8d2ff-60e2-4dd6-86fe-68722da287cd', 'KALTAKQUISE', 'ACTIVE', 0, 'Funktion: Gesamtleitung/Direktion | Mitarbeiter: 1 bis 10 | Branche: Beherbergungsstätten'),
('fa338692-f85e-4b5b-bc6a-524d5f942c11', '5e5e5831-7514-43eb-b120-3e7aa2c1d46e', 'KALTAKQUISE', 'ACTIVE', 0, 'Funktion: Gesamtleitung/Direktion | Mitarbeiter: 1 bis 10 | Branche: Beherbergungsstätten'),
('acedb3b9-993a-4b8d-83e6-8243db47d746', '2c1e89b2-4da7-4fbb-abea-8b9e9aec2c97', 'KALTAKQUISE', 'ACTIVE', 0, 'Funktion: Präsidium  | Mitarbeiter: 21 bis 50 | Branche: Golfvereine'),
('ded2f53a-a90a-4b45-b11a-1ca49e4769cb', '4aa023e3-7ab0-432d-8cc2-f489a468ae46', 'KALTAKQUISE', 'ACTIVE', 0, 'Funktion: Geschäftsführer/in (CEO) | Mitarbeiter: 1 bis 10 | Branche: Restaurants'),
('7056dced-5195-4fb6-9b04-94ff538feee7', '3023fb00-c9c7-4feb-aa05-7ebc5ba39352', 'KALTAKQUISE', 'ACTIVE', 0, 'Funktion: Geschäftsführer/in (CEO) | Mitarbeiter: Mehr als 500 | Branche: IT Unternehmen | Rechtsform: Aktiengesellschaft'),
('be1c9f5d-338b-4645-bf73-5db68896662c', '5323521c-ae85-4570-a83e-a5189d527fd6', 'KALTAKQUISE', 'ACTIVE', 0, 'Funktion: Geschäftsführer/in (CEO) | Mitarbeiter: 1 bis 10 | Branche: IT Unternehmen | Rechtsform: Gesellschaft mit beschränkter Haftung'),
('1c24b7d5-e336-476b-aa7c-c90e4b341a13', '82fd8540-8467-4dc7-85b7-861e0a4eba67', 'KALTAKQUISE', 'ACTIVE', 0, 'Funktion: Geschäftsführer/in (CEO) | Mitarbeiter: 1 bis 10 | Branche: Werbeagenturen | Rechtsform: Gesellschaft mit beschränkter Haftung'),
('aaa38a3e-d087-4405-b1a3-60589755bbc1', '879a5d9a-f45e-425d-8c0d-efeb55d94475', 'KALTAKQUISE', 'ACTIVE', 0, 'Funktion: Geschäftsführer/in (CEO) | Mitarbeiter: 1 bis 10 | Branche: Garagen | Rechtsform: Schweizerische Zweigniederlassung'),
('a4e7de2a-d71a-4587-9b4f-3bac9275d888', 'c8f3ef47-e882-46ee-8185-69a5b93bd4a2', 'KALTAKQUISE', 'ACTIVE', 0, 'Funktion: Geschäftsführer/in (CEO) | Mitarbeiter: 21 bis 50 | Branche: Bau- & Projektmanagement / Bauherrenvertretung | Rechtsform: Aktiengesellschaft'),
('d7043c8f-5b4f-44a2-a794-12faec6847bb', '34db2415-60ca-4a3d-bd91-abbc03b84458', 'KALTAKQUISE', 'ACTIVE', 0, 'Funktion: Geschäftsführer/in (CEO) | Mitarbeiter: 51 bis 100 | Branche: IT Unternehmen | Rechtsform: Aktiengesellschaft'),
('ead2f661-f8b9-4bdc-9691-b4e763052dea', 'be91e72a-ac14-4f37-a070-aeec2a90f787', 'KALTAKQUISE', 'ACTIVE', 0, 'Funktion: Geschäftsführer/in (CEO) | Mitarbeiter: 1 bis 10 | Branche: Architekturbüros / Innenausstatter | Rechtsform: Gesellschaft mit beschränkter Haftung'),
('401c6b66-cb84-4f74-9a7d-b8884154152a', 'c97c4091-b454-4242-8340-cc228a6c4ecb', 'KALTAKQUISE', 'ACTIVE', 0, 'Funktion: Geschäftsführer/in (CEO) | Mitarbeiter: 1 bis 10 | Branche: Maler- & Gipsergeschäfte | Rechtsform: Gesellschaft mit beschränkter Haftung'),
('196141e4-47dd-4d4c-ab7a-c6bc330c7612', 'beca9674-25be-4144-bfc8-e6565ed46aa2', 'KALTAKQUISE', 'ACTIVE', 0, 'Funktion: Geschäftsführer/in (CEO) | Mitarbeiter: 1 bis 10 | Branche: Treuhandbüros | Rechtsform: Einzelunternehmen'),
('7b1eb2f0-e59c-4de6-91f5-2cfb6a3ae054', '27c7ae2c-58c9-462d-b34e-d548a7703304', 'KALTAKQUISE', 'ACTIVE', 0, 'Funktion: Geschäftsführer/in (CEO) | Mitarbeiter: 1 bis 10 | Branche: Treuhandbüros'),
('7cfb636a-b7fa-4f2f-aaa4-5ebae2e32267', 'bb5f348f-cbe0-4da4-9723-ad969b568d61', 'KALTAKQUISE', 'ACTIVE', 0, 'Funktion: Geschäftsführer/in (CEO) | Mitarbeiter: 21 bis 50 | Branche: Maschinenbauindustrie | Rechtsform: Aktiengesellschaft'),
('f5fc09fb-9b1c-44ad-a1e2-c47960637c31', 'e6dd9503-5f6f-4c13-accc-3592f580876b', 'KALTAKQUISE', 'ACTIVE', 0, 'Funktion: Geschäftsführer/in (CEO) | Mitarbeiter: 1 bis 10 | Branche: Werbeagenturen | Rechtsform: Aktiengesellschaft'),
('5880c5e1-1ed4-4c7b-856b-bfce0a660307', 'ba07113b-f15f-48e8-816f-6a0430ecd45f', 'KALTAKQUISE', 'ACTIVE', 0, 'Funktion: Geschäftsführer/in (CEO) | Mitarbeiter: 1 bis 10 | Branche: Elektroindustrie | Rechtsform: Aktiengesellschaft'),
('4409dede-b4a1-4039-ae89-ac88b338f657', '15f0a112-f4a7-4c8d-abe1-64788c87b5b0', 'KALTAKQUISE', 'ACTIVE', 0, 'Funktion: Geschäftsführer/in (CEO) | Mitarbeiter: 1 bis 10 | Branche: Unternehmensberater | Rechtsform: Gesellschaft mit beschränkter Haftung'),
('2be6daa1-1b66-441c-8695-5769d8f2a936', 'bc140a26-3025-4ce7-b0b1-e6fd2ddb2f55', 'KALTAKQUISE', 'ACTIVE', 0, 'Funktion: Geschäftsführer/in (CEO) | Mitarbeiter: 1 bis 10 | Branche: Kunststoffindustrie | Rechtsform: Aktiengesellschaft'),
('92f73817-d0e2-4c72-951d-31e6442902a4', '16f02c4a-49ad-40ba-ad90-a037f5d0f306', 'KALTAKQUISE', 'ACTIVE', 0, 'Funktion: Geschäftsführer/in (CEO) | Mitarbeiter: 1 bis 10 | Branche: Zahnarztpraxen | Rechtsform: Aktiengesellschaft'),
('5dc9b086-2895-440a-9060-347f5c2d012c', 'b2850670-a49c-410f-b546-915a2129c465', 'KALTAKQUISE', 'ACTIVE', 0, 'Funktion: Geschäftsführer/in (CEO) | Mitarbeiter: 1 bis 10 | Branche: Elektroindustrie | Rechtsform: Aktiengesellschaft'),
('bad256f1-5fba-4fe5-a2e6-54a46ca1daf8', '4d4b7ab2-ecea-43ac-b29a-a9224517758d', 'KALTAKQUISE', 'ACTIVE', 0, 'Funktion: Geschäftsführer/in (CEO) | Mitarbeiter: 11 bis 20 | Branche: Online Shops | Rechtsform: Gesellschaft mit beschränkter Haftung'),
('0bdb2c1e-a225-4158-9879-fcc7296ba228', '157b6d6d-0f83-449c-b99b-fb2dac8ec43a', 'KALTAKQUISE', 'ACTIVE', 0, 'Funktion: Geschäftsführer/in (CEO) | Mitarbeiter: 1 bis 10 | Branche: Physiotherapie | Rechtsform: Gesellschaft mit beschränkter Haftung'),
('7dccb390-4157-4b7d-b791-6f2bcb49c2dc', '57c510bc-4651-4b29-b7b5-2ad07d68ed5f', 'KALTAKQUISE', 'ACTIVE', 0, 'Funktion: Leitung Marketing (CMO) | Mitarbeiter: 51 bis 100 | Branche: Divers | Rechtsform: Aktiengesellschaft'),
('809813d4-60fb-4d22-a86b-006db2bc145e', 'c5165eed-817c-4d4f-8681-9295b22fc3ad', 'KALTAKQUISE', 'ACTIVE', 0, 'Funktion: Geschäftsführer/in (CEO) | Mitarbeiter: 1 bis 10 | Branche: Versicherungsbroker & -makler | Rechtsform: Gesellschaft mit beschränkter Haftung'),
('bfd2dd58-716a-48c1-93c1-c73a012408c5', '22a72fe7-d883-433c-8bef-40cfa03e1a7d', 'KALTAKQUISE', 'ACTIVE', 0, 'Funktion: Geschäftsführer/in (CEO) | Mitarbeiter: 1 bis 10 | Branche: Coiffeursalons | Rechtsform: Gesellschaft mit beschränkter Haftung'),
('f6c4ec99-d60e-43f3-98c6-de3ba69b2250', 'a1d4b1c0-4444-4b56-a9d6-43385fe1ff19', 'KALTAKQUISE', 'ACTIVE', 0, 'Funktion: Leitung Schule | Mitarbeiter: 21 bis 50 | Branche: Weiterbildungsinstitute'),
('b89815e9-979e-430d-983e-9440038d4b7b', 'a8673cd1-df25-4620-a179-49a8a2ec45a8', 'KALTAKQUISE', 'ACTIVE', 0, 'Funktion: Geschäftsführer/in (CEO) | Mitarbeiter: 1 bis 10 | Branche: Unternehmensberater | Rechtsform: Aktiengesellschaft'),
('df2ce19e-940a-4d87-8ff9-229897d420fb', '9924fab1-29fb-45d1-9c4b-c7cbf7a0e1b2', 'KALTAKQUISE', 'ACTIVE', 0, 'Funktion: Geschäftsführer/in (CEO) | Mitarbeiter: 11 bis 20 | Branche: Facility Management & Reinigungsfirmen / Sanitär & Haustechnik | Rechtsform: Gesellschaft mit beschränkter Haftung'),
('90dada88-c74c-4b00-a86e-5b91539b9c24', 'eb202eea-722f-4785-8081-700d33fc8958', 'KALTAKQUISE', 'ACTIVE', 0, 'Funktion: Geschäftsführer/in (CEO) | Mitarbeiter: Mehr als 500 | Branche: Fonds & sonstige Finanzinstitute / Private Equity & Venture Capital Firmen / Externe Vermögensverwalter'),
('6ee39b01-b372-4ecc-a745-1694dcf20d90', 'fa2731bc-99b5-4db2-9dd8-7eceb4f89b5c', 'KALTAKQUISE', 'ACTIVE', 0, 'Funktion: Geschäftsführer/in (CEO) | Mitarbeiter: 1 bis 10 | Branche: Spielwaren- & Babyfachhandel'),
('bd5833a1-c136-4dfa-a77b-bbe730e0486b', 'a2fb50cd-bdae-4155-80f8-ea4336db2bcb', 'KALTAKQUISE', 'ACTIVE', 0, 'Funktion: Geschäftsführer/in (CEO) | Mitarbeiter: 11 bis 20 | Branche: Treuhandbüros / Unternehmensberater | Rechtsform: Aktiengesellschaft'),
('20f40f49-d72b-4077-8d15-7d2494715370', 'e0c70cc3-92d4-4090-a678-95c770ad2c5f', 'KALTAKQUISE', 'ACTIVE', 0, 'Funktion: Geschäftsführer/in (CEO) | Mitarbeiter: 21 bis 50 | Branche: Metallbauer | Rechtsform: Aktiengesellschaft'),
('7e655487-f98b-4a94-8043-9326fafd88c6', 'd0f935e3-1dcc-4fef-b10a-174572b21696', 'KALTAKQUISE', 'ACTIVE', 0, 'Funktion: Leitung Standort | Mitarbeiter: 1 bis 10 | Branche: Kosmetikstudios'),
('350a0378-72a5-4a96-93dd-2b27152fa414', '8ac086fe-0d2c-45c1-9c04-d2737fbbc6ad', 'KALTAKQUISE', 'ACTIVE', 0, 'Funktion: Geschäftsführer/in (CEO) | Mitarbeiter: 1 bis 10 | Branche: Maschinenbauindustrie / Metallbauer | Rechtsform: Gesellschaft mit beschränkter Haftung'),
('6c59911d-2e21-41c0-ab41-567ca6490e2f', '8acef48a-b480-4233-9417-09c0e05158b1', 'KALTAKQUISE', 'ACTIVE', 0, 'Funktion: Geschäftsführer/in (CEO) | Mitarbeiter: 1 bis 10 | Branche: Schreinerei- & Holzbaubetriebe'),
('a471371e-3967-4471-b70c-b2c108cfc111', '958fd3b5-549d-452f-9493-f822e87557cf', 'KALTAKQUISE', 'ACTIVE', 0, 'Funktion: Geschäftsführer/in (CEO) | Mitarbeiter: 1 bis 10 | Branche: Schreinerei- & Holzbaubetriebe | Rechtsform: Einzelunternehmen'),
('882bf97d-82a5-4f8c-8523-43b20655032e', '74677868-7b02-45e4-b464-ef73e74be93e', 'KALTAKQUISE', 'ACTIVE', 0, 'Funktion: Geschäftsführer/in (CEO) | Mitarbeiter: 1 bis 10 | Branche: Maschinenbauindustrie | Rechtsform: Aktiengesellschaft'),
('6db13c96-60a7-4da5-bf2d-96a7b39251ed', 'aa5fb016-317b-4cd8-a93c-9a6e145750b4', 'KALTAKQUISE', 'ACTIVE', 0, 'Funktion: Geschäftsführer/in (CEO) | Mitarbeiter: 1 bis 10 | Branche: Unternehmensberater | Rechtsform: Gesellschaft mit beschränkter Haftung'),
('568ff6c4-7bc0-4c3e-84df-10f5c2b14a36', '7d3d3364-b36c-4758-9a8e-6c03db891de0', 'KALTAKQUISE', 'ACTIVE', 0, 'Funktion: Geschäftsführer/in (CEO) | Mitarbeiter: 1 bis 10 | Branche: Unternehmensberater | Rechtsform: Gesellschaft mit beschränkter Haftung'),
('829e69ae-f6c2-4810-863b-d46755b08bdb', '4b21a1d8-2e36-4d62-a6c8-849d3fcf6fc5', 'KALTAKQUISE', 'ACTIVE', 0, 'Funktion: Geschäftsführer/in (CEO) | Mitarbeiter: 21 bis 50 | Branche: Architekturbüros | Rechtsform: Aktiengesellschaft'),
('4e99ac58-ea37-423e-8938-fa525ae2046b', '5126e11c-5a02-4de8-87a8-a6be6cf007a6', 'KALTAKQUISE', 'ACTIVE', 0, 'Funktion: Geschäftsführer/in (CEO) | Mitarbeiter: 1 bis 10 | Branche: Werbeagenturen | Rechtsform: Einzelunternehmen'),
('6c140cb4-95ad-4760-9911-53bec75c273a', 'e9a68283-acff-4220-881f-40a0042bd5dd', 'KALTAKQUISE', 'ACTIVE', 0, 'Funktion: Geschäftsführer/in (CEO) | Mitarbeiter: 1 bis 10 | Branche: Energieindustrie | Rechtsform: Aktiengesellschaft'),
('9a03ad3d-7250-4356-ab7c-7d329f227367', '9021d212-578d-4cc9-a7e5-36ca8422aa7f', 'KALTAKQUISE', 'ACTIVE', 0, 'Funktion: Geschäftsführer/in (CEO) | Mitarbeiter: 1 bis 10 | Branche: Weiterbildungsinstitute'),
('025fe917-ef48-44c7-8108-3921826b51fd', '9bc32a89-c48e-4eb0-a5a3-a29c53586738', 'KALTAKQUISE', 'ACTIVE', 0, 'Funktion: Geschäftsführer/in (CEO) | Mitarbeiter: 1 bis 10 | Branche: Psychiatrie & Psychotherapie'),
('c5b96857-1ca7-4c28-9bfe-8efa2a2dcc6a', '0cde2fe3-9079-46c3-a973-96643993c742', 'KALTAKQUISE', 'ACTIVE', 0, 'Funktion: Geschäftsführer/in (CEO) | Mitarbeiter: 1 bis 10 | Branche: Atem- Meditation- & Yogacenter'),
('569fc216-1bad-4437-81e4-e1b1047e245e', 'bf0bdcb3-6f58-4c63-9d34-d88466b35385', 'KALTAKQUISE', 'ACTIVE', 0, 'Funktion: Geschäftsführer/in (CEO) | Mitarbeiter: 1 bis 10 | Branche: Psychiatrie & Psychotherapie'),
('d6cb1f0e-cf12-43b7-98e8-1ca37443f25d', '56427aae-f704-4389-b49b-0fb57cae12a0', 'KALTAKQUISE', 'ACTIVE', 0, 'Funktion: Geschäftsführer/in (CEO) | Mitarbeiter: 1 bis 10 | Branche: Fitnessstudios | Rechtsform: Gesellschaft mit beschränkter Haftung'),
('3508b659-1edc-403f-8783-ad5e56819e1f', 'a428b80a-d9ae-4d78-8ce5-c499689e2fcb', 'KALTAKQUISE', 'ACTIVE', 0, 'Funktion: Geschäftsführer/in (CEO) | Mitarbeiter: 1 bis 10 | Branche: Psychiatrie & Psychotherapie | Rechtsform: Einzelunternehmen'),
('df890832-8e65-42e7-9262-7622e0ee1d9d', '11676b82-617e-4fe1-a208-843b572ae571', 'KALTAKQUISE', 'ACTIVE', 0, 'Funktion: Geschäftsführer/in (CEO) | Mitarbeiter: 1 bis 10 | Branche: Physiotherapie'),
('ae62c0ec-e88b-4f4b-88c5-24d57d783ae9', '8c558887-4d67-471f-a2f9-0ef06ce25e2a', 'KALTAKQUISE', 'ACTIVE', 0, 'Funktion: Geschäftsführer/in (CEO) | Mitarbeiter: 1 bis 10 | Branche: Psychiatrie & Psychotherapie'),
('34deb861-54b6-4837-ac0b-8b60291c8a6e', 'ba075113-f06a-4c6b-9ae6-d4353af1c917', 'KALTAKQUISE', 'ACTIVE', 0, 'Funktion: Geschäftsführer/in (CEO) | Mitarbeiter: 1 bis 10 | Branche: Atem- Meditation- & Yogacenter'),
('3efa1526-574b-41c9-97c1-b529935e834e', '76525142-174a-41d4-b035-ce48ca1869b7', 'KALTAKQUISE', 'ACTIVE', 0, 'Funktion: Geschäftsführer/in (CEO) | Mitarbeiter: 1 bis 10 | Branche: Atem- Meditation- & Yogacenter'),
('af628567-329f-44bb-a455-90c0e512cb9e', '40045772-8342-4b52-bb93-7b56ba09e44e', 'KALTAKQUISE', 'ACTIVE', 0, 'Funktion: Geschäftsführer/in (CEO) | Mitarbeiter: 1 bis 10 | Branche: Weiterbildungsinstitute'),
('e4d13815-cc8a-43c4-8437-fb1984407193', 'b1c7c7ba-382b-4dcd-9782-710bf62ef3a5', 'KALTAKQUISE', 'ACTIVE', 0, 'Funktion: Geschäftsführer/in (CEO) | Mitarbeiter: 1 bis 10 | Branche: Weiterbildungsinstitute'),
('3f52e122-4c67-4046-b86b-64c87b414e55', '37e5a8be-8cee-424c-8e66-d2e2afaeaca7', 'KALTAKQUISE', 'ACTIVE', 0, 'Funktion: Geschäftsführer/in (CEO) | Mitarbeiter: 1 bis 10 | Branche: Atem- Meditation- & Yogacenter'),
('213f021b-fe9c-4f81-b4f7-ec2c25a32afa', '1d5a38f5-c73f-430e-8ae0-620475fbc61a', 'KALTAKQUISE', 'ACTIVE', 0, 'Funktion: Geschäftsführer/in (CEO) | Mitarbeiter: 11 bis 20 | Branche: Weiterbildungsinstitute | Rechtsform: Gesellschaft mit beschränkter Haftung'),
('5cf89c99-f6b5-4b25-b357-f5c9b46f4276', '7f9f1597-5dcf-4a64-8f9c-da22dc45ce52', 'KALTAKQUISE', 'ACTIVE', 0, 'Funktion: Geschäftsführer/in (CEO) | Mitarbeiter: 1 bis 10 | Branche: Elektroindustrie / Maschinenbauindustrie | Rechtsform: Aktiengesellschaft'),
('744d6e4f-7c6a-41f4-b91c-7879bd234e86', '850fc0b6-db19-496d-8d9b-e639396eebd8', 'KALTAKQUISE', 'ACTIVE', 0, 'Funktion: Geschäftsführer/in (CEO) | Mitarbeiter: 1 bis 10 | Branche: IT Unternehmen / Medizintechnik-Industrie | Rechtsform: Aktiengesellschaft'),
('d83c6e38-8cd4-465c-8df1-e024ffdf14da', '24e0fc4f-3f27-48b9-b756-b0b84f9f0cf0', 'KALTAKQUISE', 'ACTIVE', 0, 'Funktion: Geschäftsführer/in (CEO) | Mitarbeiter: 21 bis 50 | Branche: Elektroindustrie | Rechtsform: Aktiengesellschaft'),
('6486f144-1e74-4383-ae9f-07675753578a', 'ea5dada5-dd3d-4962-9b48-5a77867aeddd', 'KALTAKQUISE', 'ACTIVE', 0, 'Funktion: Geschäftsführer/in (CEO) | Mitarbeiter: 1 bis 10 | Branche: Maschinenbauindustrie | Rechtsform: Aktiengesellschaft'),
('50d394cb-f29d-4d98-bc89-974e9d82ce4e', '94976e34-4a65-49d3-9abb-3998735f62ae', 'KALTAKQUISE', 'ACTIVE', 0, 'Funktion: Geschäftsführer/in (CEO) | Mitarbeiter: 11 bis 20 | Branche: IT Unternehmen | Rechtsform: Aktiengesellschaft'),
('bbf17428-067e-486e-b900-4a279b65a88b', '3f04ae40-7d06-4400-952d-680409c74dd1', 'KALTAKQUISE', 'ACTIVE', 0, 'Funktion: Geschäftsführer/in (CEO) | Mitarbeiter: 11 bis 20 | Branche: IT Unternehmen | Rechtsform: Aktiengesellschaft'),
('9b6f873a-8f82-40f7-83ed-0a85cd500429', '30e33566-cc64-4bd7-b6d4-a913e9752d4d', 'KALTAKQUISE', 'ACTIVE', 0, 'Funktion: Geschäftsführer/in (CEO) | Mitarbeiter: Mehr als 500 | Branche: Top 2''000 CH-Unternehmen | Rechtsform: Aktiengesellschaft'),
('23b3f912-e582-4f85-9f76-20c6cb42b522', '5f5f32aa-c4e9-4aef-b69b-1d194bfdb5ce', 'KALTAKQUISE', 'ACTIVE', 0, 'Funktion: Geschäftsführer/in (CEO) | Mitarbeiter: Mehr als 500 | Branche: Top 2''000 CH-Unternehmen / Getränkeindustrie | Rechtsform: Aktiengesellschaft'),
('9fb53dce-2a33-47f2-983e-749168f5f264', '088c7937-d194-40e3-bbd4-45ae1634d9f9', 'KALTAKQUISE', 'ACTIVE', 0, 'Funktion: Geschäftsführer/in (CEO) | Mitarbeiter: 1 bis 10 | Branche: Innenausstatter | Rechtsform: Aktiengesellschaft'),
('ce854334-680f-43f0-baec-87d3e34dc8aa', 'b8fcf771-2cab-4717-bb12-eaafa8058511', 'KALTAKQUISE', 'ACTIVE', 0, 'Funktion: Geschäftsführer/in (CEO) | Mitarbeiter: 1 bis 10 | Branche: Gartenbau & -pflege'),
('8e66dbb1-e1bf-49c3-98d0-88edf5e801bd', 'bd8b2116-5dec-45fb-ade3-3918a2569b75', 'KALTAKQUISE', 'ACTIVE', 0, 'Funktion: Chefredaktion | Mitarbeiter: 11 bis 20 | Branche: Zeitungen & Zeitschriften'),
('ee9016f1-c30f-43cb-9b2b-b8ccd4391047', 'ade7f485-71c4-4518-969d-0a5bb186a4cb', 'KALTAKQUISE', 'ACTIVE', 0, 'Funktion: Geschäftsführer/in (CEO) | Mitarbeiter: 1 bis 10 | Branche: Kosmetikstudios'),
('80af3458-02d7-4bca-9119-1ddecbde9541', 'c508e342-9554-4ac5-8094-57c9a5021b00', 'KALTAKQUISE', 'ACTIVE', 0, 'Funktion: Geschäftsführer/in (CEO) | Mitarbeiter: 1 bis 10 | Branche: Coiffeursalons'),
('395b7678-167c-47d6-86ea-8a7cd8cb417c', '321f3e9c-5355-4e43-9a99-abc9166b2ead', 'KALTAKQUISE', 'ACTIVE', 0, 'Funktion: Geschäftsführer/in (CEO) | Mitarbeiter: 1 bis 10 | Branche: Restaurants'),
('3ca54e53-42cb-4c4c-a148-c257179e9d87', '2f939979-a016-44de-9a7c-56fcddc2c903', 'KALTAKQUISE', 'ACTIVE', 0, 'Funktion: Geschäftsführer/in (CEO) | Mitarbeiter: 1 bis 10 | Branche: Werbeagenturen | Rechtsform: Gesellschaft mit beschränkter Haftung'),
('adca8fc5-4b77-495b-921d-0aeae9a04741', 'cefea77c-969b-41d5-903d-38e14434d160', 'KALTAKQUISE', 'ACTIVE', 0, 'Funktion: Geschäftsführer/in (CEO) | Mitarbeiter: 11 bis 20 | Branche: Clubs, Bars & Eventlocations | Rechtsform: Gesellschaft mit beschränkter Haftung'),
('38ade787-67a3-4e38-b079-4ad23dd2d7db', 'e785adf3-7ef5-4563-b48f-c5c530c5fac3', 'KALTAKQUISE', 'ACTIVE', 0, 'Funktion: Geschäftsführer/in (CEO) | Mitarbeiter: 1 bis 10 | Branche: Coiffeursalons'),
('d5ed6f06-9cb7-4172-a58b-cf2a112771be', 'e4402886-777c-4607-9cf8-d6ffcd542a27', 'KALTAKQUISE', 'ACTIVE', 0, 'Funktion: Geschäftsführer/in (CEO) | Mitarbeiter: 1 bis 10 | Branche: Bio-Betriebe / Online Shops / Detailhandel - Food & Getränke | Rechtsform: Aktiengesellschaft'),
('e0eb8cf2-933e-43a2-840c-4e7fd9a4afac', '28847d0f-ab28-4b6e-a5da-b016ec559a25', 'KALTAKQUISE', 'ACTIVE', 0, 'Funktion: Geschäftsführer/in (CEO) | Mitarbeiter: 1 bis 10 | Branche: Nachhaltigkeitsbereich | Rechtsform: Aktiengesellschaft'),
('8153f58e-e54d-4860-b489-06dc7c1edf3c', '93e9886b-cc14-4ab6-9d07-0c6164cd2f82', 'KALTAKQUISE', 'ACTIVE', 0, 'Funktion: Geschäftsführer/in (CEO) | Mitarbeiter: 21 bis 50 | Branche: Medizintechnik-Industrie | Rechtsform: Aktiengesellschaft'),
('b3923a74-1d81-4e38-bddf-19312c19036f', 'f80ac817-581c-48ec-8345-b18a64e269d5', 'KALTAKQUISE', 'ACTIVE', 0, 'Funktion: Geschäftsführer/in (CEO) | Mitarbeiter: 1 bis 10 | Branche: Boden- & Plattenleger'),
('bb6b0bb7-5c0c-45c2-914c-15610705806a', 'b29ba2da-3853-4fce-9072-38466e978d77', 'KALTAKQUISE', 'ACTIVE', 0, 'Funktion: Geschäftsführer/in (CEO) | Mitarbeiter: 1 bis 10 | Branche: Werbeagenturen | Rechtsform: Aktiengesellschaft'),
('04fc42ce-e59b-4298-aac5-712a107a6eb2', '28d47eee-264c-40f3-bf7b-8ccaeee203f4', 'KALTAKQUISE', 'ACTIVE', 0, 'Funktion: Geschäftsführer/in (CEO) | Mitarbeiter: 11 bis 20 | Branche: Unternehmensberater | Rechtsform: Aktiengesellschaft'),
('131af999-7b57-41eb-b9ea-f65311411607', '39d864c9-cc28-4aa5-98d8-d5a40f5ae195', 'KALTAKQUISE', 'ACTIVE', 0, 'Funktion: Geschäftsführer/in (CEO) | Mitarbeiter: 1 bis 10 | Branche: IT Unternehmen | Rechtsform: Gesellschaft mit beschränkter Haftung'),
('53ef2e53-be8a-4fb0-be18-04b8f63b1f49', 'f5dc3a84-50bb-4876-b38c-61a449f4bced', 'KALTAKQUISE', 'ACTIVE', 0, 'Funktion: Geschäftsführer/in (CEO) | Mitarbeiter: 1 bis 10 | Branche: Personalvermittler & -berater | Rechtsform: Gesellschaft mit beschränkter Haftung'),
('c644c30e-1058-40eb-88a9-5c833a095ff1', '0d5165f3-a98c-4690-a46a-759f38ff577e', 'KALTAKQUISE', 'ACTIVE', 0, 'Funktion: Geschäftsführer/in (CEO) | Mitarbeiter: 11 bis 20 | Branche: IT Unternehmen | Rechtsform: Aktiengesellschaft'),
('572e20b5-0684-4461-9f71-bafe85cb5699', 'be9f1c24-9d2e-40db-84a4-18554913cff4', 'KALTAKQUISE', 'ACTIVE', 0, 'Funktion: Geschäftsführer/in (CEO) | Mitarbeiter: 1 bis 10 | Branche: Family Offices'),
('157865ba-08e5-429f-b4f1-232b922f99de', '56c48718-2cb4-48f0-8dba-d5493e44f091', 'KALTAKQUISE', 'ACTIVE', 0, 'Funktion: Geschäftsführer/in (CEO) | Mitarbeiter: 11 bis 20 | Branche: Werbeagenturen | Rechtsform: Gesellschaft mit beschränkter Haftung'),
('9838b30c-d473-4286-945e-a9ba695fbf24', '3576e692-2525-49bc-a2e3-fdaea438124c', 'KALTAKQUISE', 'ACTIVE', 0, 'Funktion: Geschäftsführer/in (CEO) | Mitarbeiter: 11 bis 20 | Branche: Elektroindustrie | Rechtsform: Gesellschaft mit beschränkter Haftung'),
('10f5034f-7d06-45c9-aa0a-5ef401548601', '2e0b0aa2-b2bb-4a62-81ab-dfc89ef499d6', 'KALTAKQUISE', 'ACTIVE', 0, 'Funktion: Geschäftsführer/in (CEO) | Mitarbeiter: 1 bis 10 | Branche: IT Unternehmen | Rechtsform: Aktiengesellschaft'),
('897cf1fc-15d1-49b3-9efe-94b045ac9dfa', 'fcf4b8bf-872a-417f-8557-8cff54ce7bf4', 'KALTAKQUISE', 'ACTIVE', 0, 'Funktion: Geschäftsführer/in (CEO) | Mitarbeiter: 1 bis 10 | Branche: Medizintechnik-Industrie | Rechtsform: Aktiengesellschaft'),
('ea8c7b82-13c1-491b-aeda-c4910f834e1c', 'c111654a-4baf-46f4-9d63-e0728276d423', 'KALTAKQUISE', 'ACTIVE', 0, 'Funktion: Geschäftsführer/in (CEO) | Mitarbeiter: 21 bis 50 | Branche: IT Unternehmen | Rechtsform: Aktiengesellschaft'),
('8493a1d0-c8e8-4e4e-b94e-df36cf5e72e9', '72d2e59b-ef76-48eb-bf51-d6929da57c7f', 'KALTAKQUISE', 'ACTIVE', 0, 'Funktion: Geschäftsführer/in (CEO) | Mitarbeiter: 1 bis 10 | Branche: Unternehmensberater | Rechtsform: Gesellschaft mit beschränkter Haftung'),
('9abdc0d6-15ab-422c-a9db-c7de0e4e4129', '8c1c8863-6a1f-4f4a-90e5-335c9bb6bfce', 'KALTAKQUISE', 'ACTIVE', 0, 'Funktion: Geschäftsführer/in (CEO) | Mitarbeiter: 1 bis 10 | Branche: Family Offices / Fonds & sonstige Finanzinstitute / Private Equity & Venture Capital Firmen | Rechtsform: Aktiengesellschaft'),
('d342f90b-1c52-4369-bc04-5236d90b85fd', '4634f4d3-927a-4f4f-ac59-2a09fcc84828', 'KALTAKQUISE', 'ACTIVE', 0, 'Funktion: Geschäftsführer/in (CEO) | Mitarbeiter: 51 bis 100 | Branche: Unternehmensberater | Rechtsform: Gesellschaft mit beschränkter Haftung'),
('45b189a2-63cb-4702-a248-305f823d35f6', 'b006ff87-e010-4b22-ba59-50f7f7beadef', 'KALTAKQUISE', 'ACTIVE', 0, 'Funktion: Geschäftsführer/in (CEO) | Mitarbeiter: 1 bis 10 | Branche: Unternehmensberater | Rechtsform: Gesellschaft mit beschränkter Haftung'),
('3806223f-2352-468c-b8d9-acd5469fa31b', '0763309c-f7fa-4303-98cf-3d72f5bfa045', 'KALTAKQUISE', 'ACTIVE', 0, 'Funktion: Gesamtleitung/Direktion | Mitarbeiter: 1 bis 10 | Branche: Kindergärten & -krippen'),
('8cda4661-939b-4007-887e-91657f3cd4a6', 'd65053ef-a03b-4557-93bc-34a26c3dcb31', 'KALTAKQUISE', 'ACTIVE', 0, 'Funktion: Geschäftsführer/in (CEO) | Mitarbeiter: Mehr als 500 | Branche: Maschinenbauindustrie'),
('8b0285c2-6caa-4b16-aa20-a558f1c04f32', '7d1d6c32-0fd9-4500-bf0f-bcf2f0914e55', 'KALTAKQUISE', 'ACTIVE', 0, 'Funktion: Geschäftsführer/in (CEO) | Mitarbeiter: 1 bis 10 | Branche: Maschinenbauindustrie | Rechtsform: Aktiengesellschaft'),
('e2210bb7-c5b2-4481-96ef-1d5187927234', '928d5cdc-2166-4949-b102-fb6e8d1c25ae', 'KALTAKQUISE', 'ACTIVE', 0, 'Funktion: Geschäftsführer/in (CEO) | Mitarbeiter: Mehr als 500 | Branche: Top 2''000 CH-Unternehmen / Unternehmensberater | Rechtsform: Aktiengesellschaft'),
('1b825ff2-09c6-4105-9196-e6130fd2cc17', '1fee0a3a-aeb7-484a-ac96-52e5fdae460b', 'KALTAKQUISE', 'ACTIVE', 0, 'Funktion: Geschäftsführer/in (CEO) | Mitarbeiter: 11 bis 20 | Branche: Werbeagenturen | Rechtsform: Aktiengesellschaft'),
('52e684ee-cde2-481e-b5c2-b151ae63c478', '73751651-658e-422c-b172-8b1414e41363', 'KALTAKQUISE', 'ACTIVE', 0, 'Funktion: Geschäftsführer/in (CEO) | Mitarbeiter: 11 bis 20 | Branche: Sanitär & Haustechnik | Rechtsform: Aktiengesellschaft'),
('a54ee547-0d56-4d3b-b1c0-6e8ad013e150', 'e45bbe09-4898-4021-9ed2-30efe25a86f9', 'KALTAKQUISE', 'ACTIVE', 0, 'Funktion: Geschäftsführer/in (CEO) | Mitarbeiter: Mehr als 500 | Branche: Elektroindustrie / Maschinenbauindustrie | Rechtsform: Aktiengesellschaft'),
('55409949-6f8b-4d07-ad1b-18519194c9be', '3c4dbc58-c406-4f97-a5e5-a28baea397b4', 'KALTAKQUISE', 'ACTIVE', 0, 'Funktion: Geschäftsführer/in (CEO) | Mitarbeiter: 1 bis 10 | Branche: Coiffeursalons'),
('4ecafd62-02aa-4a47-adf9-9204d15b43b6', '50f29604-7a4d-4566-a4ec-12ccbb86633b', 'KALTAKQUISE', 'ACTIVE', 0, 'Funktion: Geschäftsführer/in (CEO) | Mitarbeiter: 1 bis 10 | Branche: Kosmetikstudios | Rechtsform: Aktiengesellschaft'),
('980a0905-6ae6-44f4-80c0-32bfb0f79f92', 'c50b053f-8f65-4042-aaf3-0e82de493a44', 'KALTAKQUISE', 'ACTIVE', 0, 'Funktion: Geschäftsführer/in (CEO) | Mitarbeiter: 1 bis 10 | Branche: Coiffeursalons | Rechtsform: Kollektivgesellschaft'),
('b2a11f72-7920-4ae8-a15e-d5c30c1c4ea3', 'dc04a90f-1a68-46df-88f3-e3a72e88a2ec', 'KALTAKQUISE', 'ACTIVE', 0, 'Funktion: Geschäftsführer/in (CEO) | Mitarbeiter: 1 bis 10 | Branche: Coiffeursalons | Rechtsform: Gesellschaft mit beschränkter Haftung'),
('5e0dc76d-d30d-4f0e-8dd5-9a0b2ee05a57', '993a8bb0-f0ec-42d0-9313-f9b6fa657cb6', 'KALTAKQUISE', 'ACTIVE', 0, 'Funktion: Geschäftsführer/in (CEO) | Mitarbeiter: 1 bis 10 | Branche: Coiffeursalons | Rechtsform: Gesellschaft mit beschränkter Haftung'),
('58f2cb89-f520-476e-bd38-32c95a97c05a', 'abead6ae-9c39-413b-9a0e-829753259b34', 'KALTAKQUISE', 'ACTIVE', 0, 'Funktion: Geschäftsführer/in (CEO) | Mitarbeiter: 1 bis 10 | Branche: Coiffeursalons | Rechtsform: Gesellschaft mit beschränkter Haftung'),
('8eaac422-318c-4705-ab6a-e90069440675', 'dd12d779-3864-4983-9e11-6918589d5fe8', 'KALTAKQUISE', 'ACTIVE', 0, 'Funktion: Geschäftsführer/in (CEO) | Mitarbeiter: 1 bis 10 | Branche: Coiffeursalons'),
('5690a291-c328-4aa0-bcbe-73dd17a82cca', '4dab4e3d-4a9f-44c1-91d7-9aee2b077e8c', 'KALTAKQUISE', 'ACTIVE', 0, 'Funktion: Geschäftsführer/in (CEO) | Mitarbeiter: 1 bis 10 | Branche: Coiffeursalons'),
('df9d9ee0-9dd0-4b0d-8056-1407c2c5c9fd', '8d58d0d5-82a5-433e-8b83-d2e37288a6cf', 'KALTAKQUISE', 'ACTIVE', 0, 'Funktion: Geschäftsführer/in (CEO) | Mitarbeiter: 1 bis 10 | Branche: Coiffeursalons'),
('9fff5927-a8e8-49d3-ba28-731fbf15aa90', '63ffaf9b-9667-42f7-9faa-f0bd62953674', 'KALTAKQUISE', 'ACTIVE', 0, 'Funktion: Geschäftsführer/in (CEO) | Mitarbeiter: 1 bis 10 | Branche: Coiffeursalons | Rechtsform: Einzelunternehmen'),
('befb181f-29c3-4637-b55a-28626739c8d1', '9ff150fc-b6d4-46f0-9d8e-2d6101f6f95b', 'KALTAKQUISE', 'ACTIVE', 0, 'Funktion: Geschäftsführer/in (CEO) | Mitarbeiter: 1 bis 10 | Branche: Coiffeursalons'),
('3d4a1c09-ff3a-448d-be1f-940757e94cd1', 'cb2acbe3-a79c-41d6-900a-08d95bff0b85', 'KALTAKQUISE', 'ACTIVE', 0, 'Funktion: Geschäftsführer/in (CEO) | Mitarbeiter: 1 bis 10 | Branche: Coiffeursalons'),
('ccf9e2f8-1226-4d3d-83ce-11b6aa0e0e92', '3bd3a11b-e388-4d26-a1b0-80fe60ae4c26', 'KALTAKQUISE', 'ACTIVE', 0, 'Funktion: Geschäftsführer/in (CEO) | Mitarbeiter: 1 bis 10 | Branche: Coiffeursalons'),
('8118378f-9391-4928-ae55-36f9a2010cc7', '6b1e3103-f134-44e5-81ca-1a3504f2326e', 'KALTAKQUISE', 'ACTIVE', 0, 'Funktion: Geschäftsführer/in (CEO) | Mitarbeiter: 1 bis 10 | Branche: Coiffeursalons | Rechtsform: Gesellschaft mit beschränkter Haftung'),
('7fccab0b-6073-42f1-b3dd-fac1cffebbee', '6ece0a6e-b5e5-4269-9e24-08b8efcb23bf', 'KALTAKQUISE', 'ACTIVE', 0, 'Funktion: Geschäftsführer/in (CEO) | Mitarbeiter: 1 bis 10 | Branche: Coiffeursalons | Rechtsform: Einzelunternehmen'),
('69a255f2-d052-4708-ad98-e98b3e4ce39a', '691c99a8-75ae-4013-b915-966a4d5abbd3', 'KALTAKQUISE', 'ACTIVE', 0, 'Funktion: Geschäftsführer/in (CEO) | Mitarbeiter: 1 bis 10 | Branche: Coiffeursalons'),
('39d5d104-8944-450f-a2a1-6c7940b5be8e', '9a015a43-87d4-4bb0-b244-66c34f680598', 'KALTAKQUISE', 'ACTIVE', 0, 'Funktion: Geschäftsführer/in (CEO) | Mitarbeiter: 1 bis 10 | Branche: Coiffeursalons | Rechtsform: Kollektivgesellschaft'),
('58aed434-e6c5-41db-9379-737602bdfafa', 'c8000a15-19e0-4bd2-8310-acf9ec1875df', 'KALTAKQUISE', 'ACTIVE', 0, 'Funktion: Geschäftsführer/in (CEO) | Mitarbeiter: 1 bis 10 | Branche: Coiffeursalons | Rechtsform: Einzelunternehmen'),
('006c7642-b16f-4cef-be6e-d42fed638d2e', 'e775b607-1b8f-4ed9-8614-53bb3488450a', 'KALTAKQUISE', 'ACTIVE', 0, 'Funktion: Geschäftsführer/in (CEO) | Mitarbeiter: 1 bis 10 | Branche: Coiffeursalons | Rechtsform: Einzelunternehmen'),
('563aec1d-702d-4f57-99d0-406d16d34656', '8ffcb71d-130e-4c1d-944b-9e257d17404d', 'KALTAKQUISE', 'ACTIVE', 0, 'Funktion: Geschäftsführer/in (CEO) | Mitarbeiter: 1 bis 10 | Branche: Coiffeursalons | Rechtsform: Einzelunternehmen'),
('eeb0dae4-c043-43f6-87de-ea1e2fae91b2', '4d5d2208-cbfb-4709-bbe4-ac1e6c77b7d3', 'KALTAKQUISE', 'ACTIVE', 0, 'Funktion: Geschäftsführer/in (CEO) | Mitarbeiter: 1 bis 10 | Branche: Coiffeursalons'),
('7d8674a9-f9eb-4107-b8cd-b3119fb807ca', '39e22e95-0bed-41d9-b824-5ca0181f7f61', 'KALTAKQUISE', 'ACTIVE', 0, 'Funktion: Geschäftsführer/in (CEO) | Mitarbeiter: 1 bis 10 | Branche: Coiffeursalons'),
('b6b4430b-8f63-4130-844a-e9c965738620', 'c6767fb8-a828-4ec7-b230-544d5ff6b00c', 'KALTAKQUISE', 'ACTIVE', 0, 'Funktion: Geschäftsführer/in (CEO) | Mitarbeiter: 1 bis 10 | Branche: Coiffeursalons | Rechtsform: Einzelunternehmen'),
('0b03749b-611b-4c93-9d38-93e0b2e164a5', '04a7d46c-e56c-469a-9740-09a8671ecba2', 'KALTAKQUISE', 'ACTIVE', 0, 'Funktion: Geschäftsführer/in (CEO) | Mitarbeiter: 1 bis 10 | Branche: Coiffeursalons | Rechtsform: Einzelunternehmen'),
('0fad7b83-b041-4111-8277-613a15e53e12', 'cb805f1a-e49b-4c1f-915d-e649060d9e88', 'KALTAKQUISE', 'ACTIVE', 0, 'Funktion: Geschäftsführer/in (CEO) | Mitarbeiter: 1 bis 10 | Branche: Coiffeursalons'),
('3b5f4240-7484-48c7-9eca-40560f41c5f7', '89e9cba4-6745-4d31-8afc-a5efa900cf72', 'KALTAKQUISE', 'ACTIVE', 0, 'Funktion: Geschäftsführer/in (CEO) | Mitarbeiter: 1 bis 10 | Branche: Coiffeursalons'),
('f318ce17-7b85-4c1c-9129-64773216d34d', 'e7f71be3-1bf2-42c1-8a59-2937ed19b189', 'KALTAKQUISE', 'ACTIVE', 0, 'Funktion: Geschäftsführer/in (CEO) | Mitarbeiter: 1 bis 10 | Branche: Coiffeursalons | Rechtsform: Einzelunternehmen'),
('1f1f1a12-5b6e-4daa-9e22-7ea56a6af086', '9c3b3893-bd16-4f03-b6f9-764b8b4aebc1', 'KALTAKQUISE', 'ACTIVE', 0, 'Funktion: Geschäftsführer/in (CEO) | Mitarbeiter: 1 bis 10 | Branche: Coiffeursalons | Rechtsform: Einzelunternehmen'),
('c17f88bc-c392-4106-95aa-bbbed68e866e', 'aff32893-5c32-4027-b450-1f203065c36c', 'KALTAKQUISE', 'ACTIVE', 0, 'Funktion: Geschäftsführer/in (CEO) | Mitarbeiter: 1 bis 10 | Branche: Coiffeursalons'),
('a8859a9f-2180-41ad-ab62-b18db3a88df8', '100879a5-6377-4875-9478-c91caf2c3099', 'KALTAKQUISE', 'ACTIVE', 0, 'Funktion: Geschäftsführer/in (CEO) | Mitarbeiter: 1 bis 10 | Branche: Coiffeursalons'),
('1973a7c1-a26f-4f51-947e-6858b73d0ac1', 'c14b1a5a-6362-4ec9-87c7-ebfe955aa797', 'KALTAKQUISE', 'ACTIVE', 0, 'Funktion: Geschäftsführer/in (CEO) | Mitarbeiter: 1 bis 10 | Branche: Coiffeursalons'),
('604eb563-2561-4402-88ae-895ab67953c4', '1199b8e5-321f-4d2c-979a-d6a28873c303', 'KALTAKQUISE', 'ACTIVE', 0, 'Funktion: Geschäftsführer/in (CEO) | Mitarbeiter: 1 bis 10 | Branche: Coiffeursalons'),
('6cf436fb-7547-4e37-836a-9bc04eba2610', '17a65cdd-2bc3-4e7c-961f-0b85aaf42da1', 'KALTAKQUISE', 'ACTIVE', 0, 'Funktion: Geschäftsführer/in (CEO) | Mitarbeiter: 1 bis 10 | Branche: Coiffeursalons | Rechtsform: Einzelunternehmen'),
('8881420a-c65a-49a2-bae8-0bb86d5599b1', '15765c57-0989-42b4-9533-7bf405baf1ca', 'KALTAKQUISE', 'ACTIVE', 0, 'Funktion: Geschäftsführer/in (CEO) | Mitarbeiter: 1 bis 10 | Branche: Coiffeursalons'),
('ae33cdc2-e3d7-41c1-ba9a-527fe3aa3b86', '6a01da49-ecd1-406b-b7d5-7e65be1a779c', 'KALTAKQUISE', 'ACTIVE', 0, 'Funktion: Geschäftsführer/in (CEO) | Mitarbeiter: 1 bis 10 | Branche: Coiffeursalons'),
('90b5a833-f2d2-4c22-b13c-75c9764b3fc5', 'f913d60f-b892-44fa-b6fa-5c3cd2b3dae7', 'KALTAKQUISE', 'ACTIVE', 0, 'Funktion: Geschäftsführer/in (CEO) | Mitarbeiter: 1 bis 10 | Branche: Coiffeursalons | Rechtsform: Gesellschaft mit beschränkter Haftung'),
('ee3890c9-9db9-46a5-8ce5-da603d2567ca', '2699e665-2f8c-4b7e-aa22-a2f00f59909c', 'KALTAKQUISE', 'ACTIVE', 0, 'Funktion: Geschäftsführer/in (CEO) | Mitarbeiter: 1 bis 10 | Branche: Coiffeursalons'),
('1afcabc9-beba-46d4-92aa-d609c3aa0f35', '49bdf106-bea7-4056-886b-09bbf8c1db36', 'KALTAKQUISE', 'ACTIVE', 0, 'Funktion: Geschäftsführer/in (CEO) | Mitarbeiter: 1 bis 10 | Branche: Coiffeursalons');

INSERT INTO lead_tags (lead_id, tag_id) VALUES
('43860e62-a935-4f28-819c-60139f2056d3', 'ka-b2b'),
('71635acd-dd09-4949-ace6-d64c043440c5', 'ka-b2b'),
('ecea36b7-56ad-421a-a2bb-22b25d20c9c4', 'ka-b2b'),
('0fcc5035-bb1d-47f7-bd7c-7e5c43ec6a15', 'ka-b2b'),
('404e3c35-ce75-4489-873a-538ef29d6856', 'ka-b2b'),
('d8b9336f-5de3-49bd-97ba-29d6eb13d783', 'ka-b2b'),
('60d397a5-cd7b-47c5-8637-72315441c294', 'ka-b2b'),
('1c4b52eb-663c-49eb-a048-2eaf9167056c', 'ka-b2b'),
('9c02b2e8-188e-4011-b7fa-efea78d74ea2', 'ka-b2b'),
('e67942ef-7ac9-43f9-a3da-f5bfde34ee7d', 'ka-b2b'),
('378d02c0-f4b1-4b35-9fdb-1f213e2453c9', 'ka-b2b'),
('f1286406-831b-47ab-854d-52fd28f971ec', 'ka-b2b'),
('21417c05-2c13-45c2-a812-43dc62ac2e43', 'ka-b2b'),
('b00ca085-4f3f-4a5d-b3b7-0945d8fa198f', 'ka-b2b'),
('c5da95c7-446f-437f-a6d8-f4823ab39614', 'ka-b2b'),
('bc0aab2d-ea23-46f8-ac02-19d3b440ea18', 'ka-b2b'),
('08962630-c0d3-410f-95a7-effe61c711ce', 'ka-b2b'),
('29086a8e-b911-45c8-87a4-f8dc034a95ae', 'ka-b2b'),
('c4619c85-154e-4338-a42b-dea358be8256', 'ka-b2b'),
('328c200b-85ef-411f-8e55-14330169f661', 'ka-b2b'),
('c2c55f45-a522-4e80-b7e1-d59c74d8d944', 'ka-b2b'),
('75cfc09c-e466-4790-9fba-f6d40a045cbd', 'ka-b2b'),
('ff3b8e44-0025-4842-bded-8b46ac62d291', 'ka-b2b'),
('d499bdf5-9f52-411f-b858-2772e28d4a27', 'ka-b2b'),
('2cc572f4-f514-4746-a553-c8162276a7da', 'ka-b2b'),
('20b0ddd7-d2a4-4472-b243-36b74517b4d4', 'ka-b2b'),
('d993e338-64a5-4d7a-839c-0a62c16b3147', 'ka-b2b'),
('77d8345f-cc43-4783-baa1-5f80a223601e', 'ka-b2b'),
('43de07d8-c028-423d-86e7-685116eb0827', 'ka-b2b'),
('100c7dab-2833-4911-9121-190d02868936', 'ka-b2b'),
('0aa4a4ee-e7ff-448f-8bfc-9e1e8c78a099', 'ka-b2b'),
('84494a24-4345-4597-badf-a266065df208', 'ka-b2b'),
('5c5819d0-931d-48db-8588-d4b52a8b02cc', 'ka-b2b'),
('1c2d74f0-d498-46e4-a096-b96cb386b3f3', 'ka-b2b'),
('d27b0c6c-bf59-42a0-b883-31d78c74cc83', 'ka-b2b'),
('b6b57119-556b-400b-ad4f-27cd576265f8', 'ka-b2b'),
('656a6daf-0221-4695-bf0a-ba5986b73316', 'ka-b2b'),
('32d0515f-0dc4-425b-86d1-37e6f8d755ad', 'ka-b2b'),
('4a9617f8-9176-4fcc-9531-423fadb73005', 'ka-b2b'),
('6b23d978-85dc-42e4-bf34-1a8841e2f801', 'ka-b2b'),
('78d752a7-0087-42ce-91f8-135a2fe8a231', 'ka-b2b'),
('62446d26-795c-4c5d-890c-ddff325cb009', 'ka-b2b'),
('179cc7c1-88b3-42b9-9e20-4f54f6665329', 'ka-b2b'),
('f68400d7-4524-4419-a9c6-1be1ca3760bc', 'ka-b2b'),
('fd1f3ed4-96e6-4404-803a-fcbb6f3a82a1', 'ka-b2b'),
('43214c9e-2ab0-468a-91a5-8b6732639d22', 'ka-b2b'),
('b7b65cae-aae0-4c34-8248-bdc3f0ddd415', 'ka-b2b'),
('8b6a4a91-58db-48f5-be4e-0b23417fee68', 'ka-b2b'),
('2a54707e-f433-43a0-8507-66f4364195c8', 'ka-b2b'),
('14fca8db-89d9-47af-a6f0-7dda18015c40', 'ka-b2b'),
('371ef5ff-7327-4832-9b1f-61283f5f63f6', 'ka-b2b'),
('2cd3e2c6-42c6-4275-82e2-5277eab639ed', 'ka-b2b'),
('6a82f634-d631-4741-869f-9d0060745183', 'ka-b2b'),
('d5cf783f-3e58-4c48-9244-079e82993bab', 'ka-b2b'),
('7f5fabd8-1306-477b-aede-29a183d6bf4d', 'ka-b2b'),
('a39871f6-14cc-4cdf-ab65-db0cc2256357', 'ka-b2b'),
('8be1a2ce-5be6-478c-adc1-1faa56cda504', 'ka-b2b'),
('f5d2dc93-146f-4f02-ac14-2d6f476839d5', 'ka-b2b'),
('23d09ef9-4b00-4b92-b06b-b7446cd1251f', 'ka-b2b'),
('c5a27aa7-1a18-4fee-b8f2-675f6a188914', 'ka-b2b'),
('44abe111-78a9-4ae9-852b-c9753d832fc0', 'ka-b2b'),
('63495578-53ec-46d2-8626-88004513b7ac', 'ka-b2b'),
('ba3df5ad-698a-4358-9c24-5c13e8591db8', 'ka-b2b'),
('fa338692-f85e-4b5b-bc6a-524d5f942c11', 'ka-b2b'),
('acedb3b9-993a-4b8d-83e6-8243db47d746', 'ka-b2b'),
('ded2f53a-a90a-4b45-b11a-1ca49e4769cb', 'ka-b2b'),
('7056dced-5195-4fb6-9b04-94ff538feee7', 'ka-b2b'),
('be1c9f5d-338b-4645-bf73-5db68896662c', 'ka-b2b'),
('1c24b7d5-e336-476b-aa7c-c90e4b341a13', 'ka-b2b'),
('aaa38a3e-d087-4405-b1a3-60589755bbc1', 'ka-b2b'),
('a4e7de2a-d71a-4587-9b4f-3bac9275d888', 'ka-b2b'),
('d7043c8f-5b4f-44a2-a794-12faec6847bb', 'ka-b2b'),
('ead2f661-f8b9-4bdc-9691-b4e763052dea', 'ka-b2b'),
('401c6b66-cb84-4f74-9a7d-b8884154152a', 'ka-b2b'),
('196141e4-47dd-4d4c-ab7a-c6bc330c7612', 'ka-b2b'),
('7b1eb2f0-e59c-4de6-91f5-2cfb6a3ae054', 'ka-b2b'),
('7cfb636a-b7fa-4f2f-aaa4-5ebae2e32267', 'ka-b2b'),
('f5fc09fb-9b1c-44ad-a1e2-c47960637c31', 'ka-b2b'),
('5880c5e1-1ed4-4c7b-856b-bfce0a660307', 'ka-b2b'),
('4409dede-b4a1-4039-ae89-ac88b338f657', 'ka-b2b'),
('2be6daa1-1b66-441c-8695-5769d8f2a936', 'ka-b2b'),
('92f73817-d0e2-4c72-951d-31e6442902a4', 'ka-b2b'),
('5dc9b086-2895-440a-9060-347f5c2d012c', 'ka-b2b'),
('bad256f1-5fba-4fe5-a2e6-54a46ca1daf8', 'ka-b2b'),
('0bdb2c1e-a225-4158-9879-fcc7296ba228', 'ka-b2b'),
('7dccb390-4157-4b7d-b791-6f2bcb49c2dc', 'ka-b2b'),
('809813d4-60fb-4d22-a86b-006db2bc145e', 'ka-b2b'),
('bfd2dd58-716a-48c1-93c1-c73a012408c5', 'ka-b2b'),
('f6c4ec99-d60e-43f3-98c6-de3ba69b2250', 'ka-b2b'),
('b89815e9-979e-430d-983e-9440038d4b7b', 'ka-b2b'),
('df2ce19e-940a-4d87-8ff9-229897d420fb', 'ka-b2b'),
('90dada88-c74c-4b00-a86e-5b91539b9c24', 'ka-b2b'),
('6ee39b01-b372-4ecc-a745-1694dcf20d90', 'ka-b2b'),
('bd5833a1-c136-4dfa-a77b-bbe730e0486b', 'ka-b2b'),
('20f40f49-d72b-4077-8d15-7d2494715370', 'ka-b2b'),
('7e655487-f98b-4a94-8043-9326fafd88c6', 'ka-b2b'),
('350a0378-72a5-4a96-93dd-2b27152fa414', 'ka-b2b'),
('6c59911d-2e21-41c0-ab41-567ca6490e2f', 'ka-b2b'),
('a471371e-3967-4471-b70c-b2c108cfc111', 'ka-b2b'),
('882bf97d-82a5-4f8c-8523-43b20655032e', 'ka-b2b'),
('6db13c96-60a7-4da5-bf2d-96a7b39251ed', 'ka-b2b'),
('568ff6c4-7bc0-4c3e-84df-10f5c2b14a36', 'ka-b2b'),
('829e69ae-f6c2-4810-863b-d46755b08bdb', 'ka-b2b'),
('4e99ac58-ea37-423e-8938-fa525ae2046b', 'ka-b2b'),
('6c140cb4-95ad-4760-9911-53bec75c273a', 'ka-b2b'),
('9a03ad3d-7250-4356-ab7c-7d329f227367', 'ka-b2b'),
('025fe917-ef48-44c7-8108-3921826b51fd', 'ka-b2b'),
('c5b96857-1ca7-4c28-9bfe-8efa2a2dcc6a', 'ka-b2b'),
('569fc216-1bad-4437-81e4-e1b1047e245e', 'ka-b2b'),
('d6cb1f0e-cf12-43b7-98e8-1ca37443f25d', 'ka-b2b'),
('3508b659-1edc-403f-8783-ad5e56819e1f', 'ka-b2b'),
('df890832-8e65-42e7-9262-7622e0ee1d9d', 'ka-b2b'),
('ae62c0ec-e88b-4f4b-88c5-24d57d783ae9', 'ka-b2b'),
('34deb861-54b6-4837-ac0b-8b60291c8a6e', 'ka-b2b'),
('3efa1526-574b-41c9-97c1-b529935e834e', 'ka-b2b'),
('af628567-329f-44bb-a455-90c0e512cb9e', 'ka-b2b'),
('e4d13815-cc8a-43c4-8437-fb1984407193', 'ka-b2b'),
('3f52e122-4c67-4046-b86b-64c87b414e55', 'ka-b2b'),
('213f021b-fe9c-4f81-b4f7-ec2c25a32afa', 'ka-b2b'),
('5cf89c99-f6b5-4b25-b357-f5c9b46f4276', 'ka-b2b'),
('744d6e4f-7c6a-41f4-b91c-7879bd234e86', 'ka-b2b'),
('d83c6e38-8cd4-465c-8df1-e024ffdf14da', 'ka-b2b'),
('6486f144-1e74-4383-ae9f-07675753578a', 'ka-b2b'),
('50d394cb-f29d-4d98-bc89-974e9d82ce4e', 'ka-b2b'),
('bbf17428-067e-486e-b900-4a279b65a88b', 'ka-b2b'),
('9b6f873a-8f82-40f7-83ed-0a85cd500429', 'ka-b2b'),
('23b3f912-e582-4f85-9f76-20c6cb42b522', 'ka-b2b'),
('9fb53dce-2a33-47f2-983e-749168f5f264', 'ka-b2b'),
('ce854334-680f-43f0-baec-87d3e34dc8aa', 'ka-b2b'),
('8e66dbb1-e1bf-49c3-98d0-88edf5e801bd', 'ka-b2b'),
('ee9016f1-c30f-43cb-9b2b-b8ccd4391047', 'ka-b2b'),
('80af3458-02d7-4bca-9119-1ddecbde9541', 'ka-b2b'),
('395b7678-167c-47d6-86ea-8a7cd8cb417c', 'ka-b2b'),
('3ca54e53-42cb-4c4c-a148-c257179e9d87', 'ka-b2b'),
('adca8fc5-4b77-495b-921d-0aeae9a04741', 'ka-b2b'),
('38ade787-67a3-4e38-b079-4ad23dd2d7db', 'ka-b2b'),
('d5ed6f06-9cb7-4172-a58b-cf2a112771be', 'ka-b2b'),
('e0eb8cf2-933e-43a2-840c-4e7fd9a4afac', 'ka-b2b'),
('8153f58e-e54d-4860-b489-06dc7c1edf3c', 'ka-b2b'),
('b3923a74-1d81-4e38-bddf-19312c19036f', 'ka-b2b'),
('bb6b0bb7-5c0c-45c2-914c-15610705806a', 'ka-b2b'),
('04fc42ce-e59b-4298-aac5-712a107a6eb2', 'ka-b2b'),
('131af999-7b57-41eb-b9ea-f65311411607', 'ka-b2b'),
('53ef2e53-be8a-4fb0-be18-04b8f63b1f49', 'ka-b2b'),
('c644c30e-1058-40eb-88a9-5c833a095ff1', 'ka-b2b'),
('572e20b5-0684-4461-9f71-bafe85cb5699', 'ka-b2b'),
('157865ba-08e5-429f-b4f1-232b922f99de', 'ka-b2b'),
('9838b30c-d473-4286-945e-a9ba695fbf24', 'ka-b2b'),
('10f5034f-7d06-45c9-aa0a-5ef401548601', 'ka-b2b'),
('897cf1fc-15d1-49b3-9efe-94b045ac9dfa', 'ka-b2b'),
('ea8c7b82-13c1-491b-aeda-c4910f834e1c', 'ka-b2b'),
('8493a1d0-c8e8-4e4e-b94e-df36cf5e72e9', 'ka-b2b'),
('9abdc0d6-15ab-422c-a9db-c7de0e4e4129', 'ka-b2b'),
('d342f90b-1c52-4369-bc04-5236d90b85fd', 'ka-b2b'),
('45b189a2-63cb-4702-a248-305f823d35f6', 'ka-b2b'),
('3806223f-2352-468c-b8d9-acd5469fa31b', 'ka-b2b'),
('8cda4661-939b-4007-887e-91657f3cd4a6', 'ka-b2b'),
('8b0285c2-6caa-4b16-aa20-a558f1c04f32', 'ka-b2b'),
('e2210bb7-c5b2-4481-96ef-1d5187927234', 'ka-b2b'),
('1b825ff2-09c6-4105-9196-e6130fd2cc17', 'ka-b2b'),
('52e684ee-cde2-481e-b5c2-b151ae63c478', 'ka-b2b'),
('a54ee547-0d56-4d3b-b1c0-6e8ad013e150', 'ka-b2b'),
('55409949-6f8b-4d07-ad1b-18519194c9be', 'ka-b2b'),
('4ecafd62-02aa-4a47-adf9-9204d15b43b6', 'ka-b2b'),
('980a0905-6ae6-44f4-80c0-32bfb0f79f92', 'ka-b2b'),
('b2a11f72-7920-4ae8-a15e-d5c30c1c4ea3', 'ka-b2b'),
('5e0dc76d-d30d-4f0e-8dd5-9a0b2ee05a57', 'ka-b2b'),
('58f2cb89-f520-476e-bd38-32c95a97c05a', 'ka-b2b'),
('8eaac422-318c-4705-ab6a-e90069440675', 'ka-b2b'),
('5690a291-c328-4aa0-bcbe-73dd17a82cca', 'ka-b2b'),
('df9d9ee0-9dd0-4b0d-8056-1407c2c5c9fd', 'ka-b2b'),
('9fff5927-a8e8-49d3-ba28-731fbf15aa90', 'ka-b2b'),
('befb181f-29c3-4637-b55a-28626739c8d1', 'ka-b2b'),
('3d4a1c09-ff3a-448d-be1f-940757e94cd1', 'ka-b2b'),
('ccf9e2f8-1226-4d3d-83ce-11b6aa0e0e92', 'ka-b2b'),
('8118378f-9391-4928-ae55-36f9a2010cc7', 'ka-b2b'),
('7fccab0b-6073-42f1-b3dd-fac1cffebbee', 'ka-b2b'),
('69a255f2-d052-4708-ad98-e98b3e4ce39a', 'ka-b2b'),
('39d5d104-8944-450f-a2a1-6c7940b5be8e', 'ka-b2b'),
('58aed434-e6c5-41db-9379-737602bdfafa', 'ka-b2b'),
('006c7642-b16f-4cef-be6e-d42fed638d2e', 'ka-b2b'),
('563aec1d-702d-4f57-99d0-406d16d34656', 'ka-b2b'),
('eeb0dae4-c043-43f6-87de-ea1e2fae91b2', 'ka-b2b'),
('7d8674a9-f9eb-4107-b8cd-b3119fb807ca', 'ka-b2b'),
('b6b4430b-8f63-4130-844a-e9c965738620', 'ka-b2b'),
('0b03749b-611b-4c93-9d38-93e0b2e164a5', 'ka-b2b'),
('0fad7b83-b041-4111-8277-613a15e53e12', 'ka-b2b'),
('3b5f4240-7484-48c7-9eca-40560f41c5f7', 'ka-b2b'),
('f318ce17-7b85-4c1c-9129-64773216d34d', 'ka-b2b'),
('1f1f1a12-5b6e-4daa-9e22-7ea56a6af086', 'ka-b2b'),
('c17f88bc-c392-4106-95aa-bbbed68e866e', 'ka-b2b'),
('a8859a9f-2180-41ad-ab62-b18db3a88df8', 'ka-b2b'),
('1973a7c1-a26f-4f51-947e-6858b73d0ac1', 'ka-b2b'),
('604eb563-2561-4402-88ae-895ab67953c4', 'ka-b2b'),
('6cf436fb-7547-4e37-836a-9bc04eba2610', 'ka-b2b'),
('8881420a-c65a-49a2-bae8-0bb86d5599b1', 'ka-b2b'),
('ae33cdc2-e3d7-41c1-ba9a-527fe3aa3b86', 'ka-b2b'),
('90b5a833-f2d2-4c22-b13c-75c9764b3fc5', 'ka-b2b'),
('ee3890c9-9db9-46a5-8ce5-da603d2567ca', 'ka-b2b'),
('1afcabc9-beba-46d4-92aa-d609c3aa0f35', 'ka-b2b');
