-- Batch 264 (200 records)
INSERT INTO contacts (id, first_name, last_name, email, phone, company, address) VALUES
('867eed20-c9a7-42e2-a12f-45074f708059', 'Margrit', 'Crottogini', 'info@margritwellpower.ch', '078 685 10 99', 'Massagepraxis Wellpower', 'Mühlemoosweg 10, 6414 Oberarth, Schwyz'),
('389ed296-cbd1-4629-ba43-ae4a9daa2972', 'Ruth', 'Widmer', 'widmer-angst@bluewin.ch', '055 283 41 88', 'Massagepraxis Widmer Ruth', 'Giessenstrasse 17, 8717 Benken, St. Gallen'),
('e92450a4-bf2f-4d64-bd8d-33e759104f59', 'Ivan', 'Massaro', 'info@massaroelektro.ch', '052 534 72 78', 'Massaro Elektro Installationen GmbH', 'Kempttalstrasse 113, 8308 Illnau, Zürich'),
('23428992-7f63-4559-9b27-5edf31d3c3d9', 'Roger', 'Windels', 'r.windels@massbau.ch', '052 675 55 33', 'Massbau Architektur AG', 'Zur Stahlgiesserei 17, 8200 Schaffhausen, Schaffhausen'),
('03af0a25-2af1-4bda-a622-a9337c1871cc', 'Felix', 'Furrer', 'f.furrer@massgenau.ch', '044 977 18 47', 'massGenau AG', 'Kemptnerstrasse 11, 8340 Hinwil, Zürich'),
('f48bd638-7934-42bc-8fd4-4a36fa767300', 'Karl', 'Baggenstos', 'info@massholzbau.ch', '041 497 31 25', 'Massholzbau GmbH', 'Eistrasse 5, 6102 Malters, Luzern'),
('f2a44068-1edc-4294-804c-64041b041c42', 'Hans', 'Ruchti', 'info@massivbau.ch', '034 448 34 22', 'Massivbau Immobilien AG', 'Kanalweg 1, 3422 Kirchberg, Bern'),
('058653f4-2cad-49d2-85b4-51f6094e1778', 'Marco', 'Huber', 'info@massivholzdesign.ch', '079 731 05 73', 'Massivholz Design', 'Alte Husenstrasse 5, 9533 Kirchberg, St. Gallen'),
('057122cc-6cc9-4c8c-8078-1f980c22352b', 'Vinzenz', 'Jud', 'vinzenz.jud@holzweg.ch', '078 621 23 85', 'Massivholzschreinerei Holzweg GmbH', 'Grabackerstrasse 21, 8722 Kaltbrunn, St. Gallen'),
('8654dfed-c0d5-48ef-91a6-286a58bc7ecc', 'Abraham', 'Lederberger', 'info@massivo.ch', '044 440 01 01', 'MASSIVO GmbH', 'Birmensdorferstrasse 256, 8055 Zürich, Zürich'),
('792429c1-aea7-4a57-bea1-2979517cc040', 'Remi', 'Schlegel', 'info@massiv-werk.ch', '078 682 42 31', 'Massiv-werk / Inhaber Remi Schlegel', 'Bubikonerstrasse 41d, 8635 Dürnten, Zürich'),
('0bf73820-d3e5-4a06-af8a-e94be85bbcd9', 'Benedikt', 'Berger', 'info@massmanufaktur.ch', '076 512 45 23', 'Massmanufaktur GmbH', 'Günsbergstrasse 5, 4523 Niederwil, Solothurn'),
('8d982668-778e-403b-903a-3f6b972e6ae6', 'Thomas', 'Wolf', 'schreinerei.arxhof@bl.ch', '061 552 23 88', 'Massnahmenzentrum für junge Erwachsene Arxhof', 'Arxhof 1, 4435 Niederdorf, Basel-Land'),
('d32870a9-b860-45bf-a98d-4e15aa89738a', 'Werner', 'Kunz', 'w.kunz@massplan.ch', '041 521 20 20', 'Massplan AG', 'Grindel 31, 6017 Ruswil, Luzern'),
('fd67aeb8-c278-4d01-aeb1-5494865d2c2c', 'Alessio', 'Carnuccio', 'contact@massuona.ch', 'N.a.', 'Massuona KLG', 'Rütihofstrasse 2, 8400 Winterthur, Zürich'),
('7a0feb3e-33dc-43e6-a3e8-49f7d32cc489', 'Ronnie', 'Stirnimann', 'ronnie.stirnimann@masswerk.com', '041 311 19 19', 'Masswerk Architekten AG', 'Brünigstrasse 25, 6005 Luzern, Luzern'),
('eeae2c0b-a98d-4c64-af31-e50137294f37', 'Seraina', 'Mastai', 'info@mastai.ch', '052 260 00 00', 'Mastai, Comestibles en gros', 'Sandgrubenstrasse 3, 8409 Winterthur, Zürich'),
('d37883ca-2e62-48fe-b14e-482f64baab2a', 'André', 'Germann', 'andre.germann@masterbuilders.com', '079 345 44 37', 'Master Builders Solutions Schweiz AG', 'Schachen, 5113 Holderbank, Aargau'),
('128fd88a-2d0a-42d0-be42-101fdc7436dc', 'Julien', 'De Bortoli', 'info@masteroftime.ch', '032 552 03 04', 'Master of Time SA', 'Route de Soleure 141, 2504 Biel/Bienne, Bern'),
('4475ca34-2d87-4534-a0f3-db3a2c4c7684', 'Abdessamad', 'Chlaabba', 'info@master-clean.ch', '078 260 56 56', 'MasterClean Chlaabba', 'Greterhof 1, 6033 Buchrain, Luzern'),
('fd96b45b-1cef-4edf-b60e-5ce086a20d8b', 'Roland', 'Laux', 'info@re-coffee.ch', '071 228 55 41', 'Mastercoldbrewer AG', 'Rosenbergstrasse 8, 9000 St. Gallen, St. Gallen'),
('374c963e-fad3-4cbe-ad4e-e2eeae6dcd43', 'Marco', 'Helfenstein', 'info@masterplant.ch', '076 401 06 08', 'Masterplant GmbH', 'Eschenweg 5, 6207 Nottwil, Luzern'),
('cd09c09a-de8f-469c-aaa3-677e116d2796', 'Marcel', 'Piller', 'info@mastra.ch', '031 850 18 50', 'Mastra-Druck AG', 'Moosstrasse 14, 3322 Urtenen-Schönbühl, Bern'),
('74567014-ce19-4ed6-b7aa-2b28b248d931', 'Padman', 'Perumal', 'contact@masttro.com', '044 214 68 16', 'Masttro Switzerland AG', 'Europaallee 41, 8004 Zürich, Zürich'),
('007bf229-b7bf-4c6d-b4f4-d7c18612dd63', 'Huevo', 'Cimato', 'info@matahari-bar.ch', '043 205 22 50', 'Mata Hari Bar Zürich', 'Langstrasse 237, 8005 Zürich, Zürich'),
('24bd8843-4435-4652-8ccf-134fd23f3c2a', 'Christian', 'Staub', 'ch.staub@matchcom.ch', '044 272 20 12', 'Match Communications GmbH', 'Förrlibuckstrasse 10, 8005 Zürich, Zürich'),
('4c848402-8218-49a0-872c-6df6bdd5505c', 'Jaime', 'Byrom', 'sales@match-hospitality.com', '044 583 14 61', 'MATCH Hospitality AG', 'Freigutstrasse 20, 8002 Zürich, Zürich'),
('4a4ad2f5-ba4e-486c-b01d-c9accbd45de9', 'Michael', 'Jakobi', 'support@matchmycolor.com', '061 524 00 20', 'matchmycolor GmbH', 'Gartenstrasse 95, 4052 Basel, Basel-Stadt'),
('ef63def9-1f9a-497f-bc7c-ac25daf3c0f2', 'Patric', 'Scheurer', 'info@matco-engineering.ch', '044 748 08 08', 'matco engineering ag', 'Althardstrasse 160, 8105 Regensdorf, Zürich'),
('69cbafd7-109d-4edc-937c-7542917ea810', 'Peter', 'Schär', 'info@matecswiss.com', '062 966 18 32', 'MATEC System + Technik GmbH', 'Eisenbahnstrasse 25, 4900 Langenthal, Bern'),
('d9039f7c-7f9d-4d87-906e-46fa913e8444', 'Matei', 'Manaila', 'mm@manaila.com', '044 363 67 55', 'Matei Manaila Architekten GmbH', 'Eibenstrasse 9, 8045 Zürich, Zürich'),
('d32b4e5a-1223-47ea-8ae0-5dd786a250c4', 'Franz', 'Ulmann', 'info@matel-technik.ch', '044 461 20 25', 'Matel-Technik AG', 'Tramweg 35, 6414 Oberarth, Schwyz'),
('36ddfd7b-c872-43b2-bb5e-1f300d675db0', 'Verica', 'Nikolov', 'info@mateo-reinigung.ch', '076 814 45 34', 'Mateo Reinigung GmbH', 'Hirzliblick 7, 8718 Schänis, St. Gallen'),
('fc134d5b-2a8a-4d12-b942-5d1f87af56fb', 'Kornel', 'Matern', 'info@matern.ch', '079 396 51 27', 'Matern''s Schreiner Montagen GmbH', 'Hubstrasse 4, 9535 Wilen b. Wil, Thurgau'),
('16ab082e-dc1e-497e-9db9-d8adcad262e1', 'Andreas', 'Rupp', 'office@matexpert.ch', '033 221 64 50', 'MatExpert GmbH', 'Feuerwerkerstrasse 39, 3603 Thun, Bern'),
('b5bfdd6f-175a-4160-a5b1-3b2f03343579', 'Max', 'Matheis', 'info@matheis.ch', '041 611 04 61', 'Matheis Kälte-Klimatechnik', 'Seestrasse 13, 6052 Hergiswil, Nidwalden'),
('f5afcd4d-61a2-44be-9183-ba6fa909abbb', 'Daniel', 'Reichmuth', 'rektorat@mng.ch', '044 265 64 64', 'Mathematisch-Naturwissenschaftliches Gymnasium Rämibühl', 'Rämistrasse 58, 8001 Zürich, Zürich'),
('a0b80cd5-c424-44d8-bff5-725ed98533be', 'Mathias', 'Hofmann', 'mail@mathias-hofmann.ch', '079 233 24 85', 'Mathias Hofmann Metall und Maschinen', 'Einsiedlerstrasse 30, 8820 Wädenswil, Zürich'),
('3ce11b59-6be9-4531-af73-7f8b8ea0fe4b', 'Mathias', 'Müller', 'info@mueller-bauunternehmung.ch', '052 741 34 63', 'Mathias Müller Bauunternehmung GmbH', 'Hauptstrasse 24, 8259 Kaltenbach, Thurgau'),
('c7b9ce86-d982-4064-a1bd-4de3ba88a5c8', 'Mathias', 'Odermatt', 'info@odermatt-architektur.ch', '041 311 06 22', 'Mathias Odermatt AG', 'Schürliweg 4, 6062 Wilen (Sarnen), Obwalden'),
('76546163-b0a6-47f1-b137-99fb19832ad8', 'Mathias', 'Oggier', 'mo@oggier-personal.ch', '044 210 06 06', 'mathias oggier personal- & executive search', 'Rennweg 24, 8001 Zürich, Zürich'),
('0f994486-84e3-4129-b093-89162a8c5cf3', 'Mathias', 'Roffler', 'mathias.roffler@gmail.com', '079 473 51 86', 'Mathias Roffler Plattenleger GmbH', 'Obere Plessurstrasse 45, 7000 Chur, Graubünden'),
('2a06ffae-7c5d-49fa-8842-ee97a5aa4348', 'Monika', 'Schuler', 'info@mschulerag.ch', '044 310 13 00', 'Mathias Schuler AG', 'Birchstrasse 122, 8050 Zürich, Zürich'),
('ef0168c0-2862-4dac-a673-c6ce1d832474', 'Mathias', 'Steiner', 'mathias@steinertreuhand.ch', '041 661 01 40', 'Mathias Steiner Treuhand GmbH', 'Güterstrasse 3, 6060 Sarnen, Obwalden'),
('676fa574-29bd-48fc-a841-dcf778d65736', 'Mathias', 'Wüthrich', 'bauenmitholz@bluewin.ch', '079 541 32 63', 'Mathias Wüthrich GmbH', 'Gruebeweg 6, 3284 Fräschels, Fribourg/Freiburg'),
('6a4fe979-63d4-43e3-81b0-f06d41e15684', 'Mathias', 'Wüthrich', 'hallo@mw-schreinerhandwerk.ch', '076 405 12 41', 'Mathias Wüthrich Schreinerhandwerk', 'Halde 5, 9467 Frümsen, St. Gallen'),
('9c2fed97-4282-48d9-8690-baf185ad126a', 'Katharina', 'Hildebrand', 'k.hildebrand@mathilde-escher.ch', '044 389 62 03', 'Mathilde Escher Stiftung', 'Lengghalde 1, 8008 Zürich, Zürich'),
('9f59f8f6-0574-471f-8841-6dd5ba1632cc', 'Roland', 'Mathis', 'info@mgelektro.ch', '071 980 08 66', 'Mathis & Gerschwiler Elektro AG', 'Sonnhaldenstrasse 5, 9607 Mosnang, St. Gallen'),
('a18d0416-1eda-460d-b4bf-05b9b5edc448', 'Daniel', 'Mathis', 'info@mathisbau.ch', '041 675 28 84', 'Mathis Bau AG', 'Stampfiriedstrasse 10, 6074 Giswil, Obwalden'),
('53c08e1c-85aa-4e5f-817c-103fda94ee3f', 'Sibylle', 'Mathis', 'info@sibylle-cosmetic.ch', '081 302 62 61', 'Mathis Cosmetics GmbH', 'Am Platz 4, 7310 Bad Ragaz, St. Gallen'),
('4a01053b-a7ff-4332-9773-881ff76c79a7', 'Erich', 'Mathis', 'info@mathis-gartenpflege.ch', '056 668 23 33', 'Mathis Gartenpflege und Gestaltung GmbH', 'Brunnwil 2, 5637 Beinwil (Freiamt), Aargau'),
('eaa7bed6-c74d-4380-beb7-b795661a1e34', 'Patrick', 'Christen', 'info@mathishaustechnik.ch', '041 628 21 30', 'Mathis Haustechnik AG', 'Oberrickenbachstrasse 10, 6386 Wolfenschiessen, Nidwalden'),
('4dacc6b0-fa70-4034-aeca-cb27fd676a3c', 'Sascha', 'Mathis', 'mail@mathiskamplade.com', '043 539 99 48', 'Mathis Kamplade Architekten AG', 'Birmensdorferstrasse 177, 8003 Zürich, Zürich'),
('035833df-e163-40cb-8167-243fe4656cd2', 'Margret', 'Mathis', 'margret.mathis@malerei-mathis.ch', '081 302 24 66', 'Mathis Malerbetriebe GmbH', 'Weiligstrasse 45, 7310 Bad Ragaz, St. Gallen'),
('d30a7147-b87b-4452-9f21-e4bef8ddcf0b', 'Mathis', 'Müller', 'mail@mathismueller.ch', '061 365 70 60', 'Mathis Müller Architekt', 'Güterstrasse 144, 4053 Basel, Basel-Stadt'),
('3ce51f7b-8d2f-4d12-92bb-16d335d18af3', 'Marius', 'Mathys', 'info@mathis-sanitaer.ch', '052 376 15 53', 'Mathis Sanitär GmbH', 'Alte Poststrasse 11, 9548 Matzingen, Thurgau'),
('d1e89b97-c42a-426c-8bf4-9755267e5cd3', 'Arnold', 'Mathis', 'info@mathistech.ch', '079 328 01 91', 'Mathis Tech Solar, Elektro + Wärme GmbH', 'Schulhausstrasse 1, 6370 Oberdorf, Nidwalden'),
('8ddd9315-8c51-4b0c-8a7a-8f4d39523087', 'Toni', 'Mathis', 'info@mathis-hof.ch', '061 421 14 57', 'Mathis-Hof', 'Dubackerweg 2, 4103 Bottmingen, Basel-Land'),
('424e5ad5-2ada-4ee9-98fe-9e49af47bb98', 'Fabian', 'Mathys', 'fabian@mathys-boeden.ch', '079 730 41 37', 'Mathys & Co. Bodenbelagstechnik', 'Bleichestrasse 75, 3066 Stettlen, Bern'),
('82c2ed49-a25b-4581-8dce-a1c15b5a8eec', 'Adrian', 'Götschmann', 'info@mathysgoetschmann.ch', '031 311 34 34', 'Mathys & Götschmann AG', 'Rathausgasse 21, 3011 Bern, Bern'),
('2f9ae5a4-9cb9-44bc-9f8c-59456eede19f', 'Marco', 'Mathys', 'info@mathys-aegerter.ch', '033 345 51 72', 'Mathys + Aegerter Malerei GmbH', 'Juch 20b, 3663 Gurzelen, Bern'),
('ae2a79cd-c298-41a2-83eb-e1b2db2977d0', 'Benjamin', 'Reinmann', 'benjamin.reinmann@mathysmedical.com', '032 644 16 44', 'Mathys AG Bettlach', 'Robert Mathys Strasse 5, 2544 Bettlach, Solothurn'),
('b9b224f3-cb64-46ac-b44c-eaed8bf50829', 'Reinhard', 'Mathys', 'architektur.mathys@bluewin.ch', '032 396 15 13', 'Mathys Architektur - Planung - Immobilien GmbH', 'Chasseralstrasse 6, 3272 Walperswil, Bern'),
('c98086ef-bc86-4c21-8cea-1e7db70037c4', 'Beat', 'Mathys', 'b.mathys@main.ch', '062 737 74 75', 'Mathys Informatik AG', 'Marchweg 6, 5035 Unterentfelden, Aargau'),
('5b1af7e1-9556-4dca-a1c2-576d2e289101', 'Michael', 'Mathys', 'info@schryberhof.ch', '056 441 29 55', 'Mathys Schryberhof', 'Schryberhof, 5213 Villnachern, Aargau'),
('72a60ae2-6ba3-485d-be78-cbe1c64b537f', 'Willy', 'Mathys', 'info@mathysgruen.ch', '079 217 99 63', 'MathysGrün GmbH', 'Birmensdorferstrasse 36, 8142 Uitikon Waldegg, Zürich'),
('6ec0a868-a60d-4031-92c0-0fa70c274bbb', 'Ramon', 'Martin', 'mati@mati.ch', 'N.a.', 'Matí AG', 'Webereistrasse 68, 8134 Adliswil, Zürich'),
('b59010f4-82eb-45ad-8b0d-43c2a5e5b9ae', 'Sinisa', 'Matic', 'matic-party@bluewin.ch', '079 405 39 59', 'Matic Party - Service', 'Altwiesenstrasse 141, 8051 Zürich, Zürich'),
('49b18452-ed6e-41b2-898c-b4e4c24fdbd6', 'Marc', 'Lüthi', 'marc.luethi@matica.ch', '044 250 64 45', 'Matica AG', 'Hauptstrasse 2, 8259 Kaltenbach, Thurgau'),
('c9721079-fe97-45af-bc93-00178a742e99', 'Giovanni', 'Criscione', 'matifina@bluewin.ch', '061 273 85 80', 'Matifina GmbH', 'Klybeckstrasse 141, 4057 Basel, Basel-Stadt'),
('ab15ab13-f16c-46f1-bc63-af206246455a', 'Marcel', 'Mathys', 'mm@matma.ch', '044 947 50 05', 'Matma Immobilien AG', 'Javastrasse 11, 8604 Volketswil, Zürich'),
('e84e6322-7528-417b-8000-cfe03cf9c0b6', 'Claude', 'Mathis', 'info@matochem.ch', '071 971 29 09', 'Matochem GmbH', 'Fischingerstrasse 66, 8370 Sirnach, Thurgau'),
('737a3a25-b1c3-4ef1-93aa-785e4932477d', 'Wulf', 'Lipski', 'info@matom.ch', '061 961 05 90', 'Matom Betriebs AG', 'Lampenbergstrasse 12, 4435 Niederdorf, Basel-Land'),
('6c49aa11-d651-4be3-8fc9-1c0024896077', 'Mato', 'Tufekovic', 'info@matos-plattenbelaege.ch', '056 521 33 36', 'Mato''s Plattenbeläge Tufekovic', 'Obere Kirchzelg 5, 5430 Wettingen, Aargau'),
('7760f395-c7b0-434b-b570-e7c9e7d7d944', 'Tingjing', 'Wu', 'kundenservice@matratzen-concord.ch', '061 421 00 16', 'Matratzen Concord (Schweiz) AG', 'Bahnhofstrasse 7, 6102 Malters, Luzern'),
('0f591fde-4ab6-4fca-aaa5-fbf2f6795cb3', 'Sabine', 'Ibach', 'service@matratzenland.ch', '041 612 28 78', 'Matratzenland GmbH', 'Rotzbergstrasse 17, 6362 Stansstad, Nidwalden'),
('b834c01e-227c-472a-8138-8e8e66dde93f', 'Stéphane', 'Ferner', 'kontakt@matratzen-universum.ch', '041 610 05 00', 'Matratzen-Universum, SF Swiss Trade GmbH', 'Fadenbrücke 14, 6374 Buochs, Nidwalden'),
('0a45fb33-20ed-4624-ac2e-b3ce69023f7b', 'André', 'Bernard', 'contact@matriq.ch', '071 571 48 65', 'Matriq AG', 'Lerchenfeldstrasse 3, 9014 St. Gallen, St. Gallen'),
('6f150845-11f6-44f6-b714-5a37b61c2336', 'Matthias', 'Schubert', 'schubert@matrisk.com', '043 817 28 40', 'Matrisk GmbH', 'Alte Obfelderstrasses 50, 8910 Affoltern am Albis, Zürich'),
('6f518d39-4050-454c-9932-5881d77e5ec9', 'Bernd', 'Tippkemper', 'info@matrix-elektronik.com', '056 204 00 20', 'Matrix Elektronik AG', 'Kirchweg 24, 5420 Ehrendingen, Aargau'),
('9e33ac0f-fe1a-487d-a6bc-fc3efc3cd0ad', 'John', 'Hutter', 'info@matrixhair.ch', '071 722 44 66', 'Matrix Hair GmbH', 'Bahnhofstrasse 23, 9443 Widnau, St. Gallen'),
('f35ca790-fe33-4479-8bbc-a4e4d3ebefe6', 'Reto', 'Gehri', 'gehri@matrix-immo.ch', '031 313 33 15', 'MATRIX Immobilien-Management AG', 'Europaplatz 1a, 3008 Bern, Bern'),
('a6e05645-a47c-4d38-a2bb-b5dfb8157fb7', 'Tamara', 'Portmann', 'info@coiffeur-matrix.ch', '041 920 30 20', 'Matrix Le Coiffeur GmbH', 'Josef-Müller-Weg 6, 6210 Sursee, Luzern'),
('023523c8-0384-4f43-aa30-3aa2bdcb0e4d', 'Rosa-Maria', 'Ventre', 'info@matrix-design.ch', '071 351 77 18', 'Matrix-Design & Kommunikation GmbH', 'Kasernenstrasse 39a, 9100 Herisau, Appenzell Ausserrhoden'),
('55b6f787-4246-4e80-80df-d985e0089319', 'Dejan', 'Martinovic', 'info@matrx.ch', '078 707 33 97', 'Matrx Keramik GmbH', 'Lerchenstrasse 17, 9200 Gossau, St. Gallen'),
('d2808e9a-ef9b-4024-a748-6fdaa1f80dca', 'Mathias', 'Germann', 'info@matsmetall.ch', '079 417 83 84', 'Mats Metall AG', 'Landstrasse 136a, 3715 Adelboden, Bern'),
('37b7b736-d794-4d61-8711-0d24e3c0e5fc', 'Jarin', 'Huber', 'info@matt-elly.com', '061 692 70 70', 'Matt & Elly AG', 'Erlenmattstrasse 93, 4058 Basel, Basel-Stadt'),
('43e3f2a9-4447-498f-940a-83f3faee2d76', 'Josef', 'Vogel', 'mattehof@bluewin.ch', '041 980 37 42', 'Mattehof', 'Mattenhof 1, 6242 Wauwil, Luzern'),
('754937d5-5ff6-4b51-a2cb-dd29dc61440d', 'Tobias', 'Lehmann', 'mattehof@sv-group.ch', '031 398 07 45', 'Mattehof Gastronomie', 'Belpstrasse 39, 3007 Bern, Bern'),
('e931a09f-1f74-4d26-86ab-951a8cb904c4', 'Alfred', 'Angst', 'info@mattenbach.ch', '052 234 52 52', 'Mattenbach AG', 'Technoramastrasse 19, 8404 Winterthur, Zürich'),
('1345528e-e6d3-44d4-ad0d-a58a77291610', 'Philipp', 'Brugger', 'heimleitung@mattenheim.ch', '061 721 93 73', 'Mattenheim, Verein zur Betreuung und Förderung geistig behinderter Erwachsener', 'Reichensteinerweg 6, 4107 Ettingen, Basel-Land'),
('93c6d30f-0dac-4ca4-b3aa-214a867ad129', 'Christian', 'Gamp-Vogel', 'info@mattenhof.info', '062 723 77 21', 'Mattenhof', 'Mattenhof 101, 5742 Kölliken, Aargau'),
('3f6f7f49-0605-409c-bc8d-35113c4e7b23', 'Daniel', 'Dennler', 'mattenhof.dennler@bluewin.ch', '079 545 14 19', 'Mattenhof Gemüse', 'Matten 5, 4917 Melchnau, Bern'),
('a98b3017-0c1b-408b-a791-795990c88ede', 'Michael', 'Rüttimann', 'info@mattenhof-jonen.ch', '079 569 50 40', 'Mattenhof Jonen', 'Mattenhof 3, 8916 Jonen, Aargau'),
('ac47acee-9ebe-4586-8442-5aff1c15046f', 'Stefan', 'Probst', 'info@pinzgauerrind.ch', '079 359 40 16', 'Mattenhof Rotkreuz', 'Mattenhof 1, 6343 Rotkreuz, Zug'),
('dd831a63-9eac-4a98-982b-85333963f2cb', 'Eugen', 'Strub', 'info@strub-mattenhof.ch', '062 299 27 32', 'Mattenhof Strub', 'Mattenhof 33, 4445 Häfelfingen, Basel-Land'),
('88ff434a-ec54-448c-8f10-9475cd8fe462', 'Andreas', 'Nussbaumer', 'info@mattenhofladen.ch', '077 423 64 02', 'Mattenhofladen', 'Lantelstrasse 4, 4633 Hauenstein, Solothurn'),
('5bac87fd-a691-4b6b-a3f7-be6992af7e86', 'Daniel', 'Schlatter', 'info@mattelift.ch', '031 336 69 69', 'Matte-Plattform AG c/o Hagmann Treuhand AG', 'Badgasse 16, 3011 Bern, Bern'),
('a9034aac-538a-4a6e-8104-200974ceeedd', 'Daniel', 'Matter', 'info@matter-immobilien.ch', '041 750 43 84', 'Matter & Partner Immobilien AG', 'Zugerstrasse 4, 6314 Unterägeri, Zug'),
('c5cc0799-3cd0-448b-9c36-a3ee4c20eaef', 'Hansruedi', 'Ammann', 'hr.ammann@matter-ammann.ch', '079 651 18 13', 'Matter + Ammann AG', 'Weissensteinstrasse 80, 3007 Bern, Bern'),
('7558a084-b78e-4d53-85ec-44a6419a9579', 'Patrick', 'Matter', 'info@matterag.ch', '031 829 03 17', 'Matter AG', 'Bernstrasse 10, 3045 Meikirch, Bern'),
('7561e96c-50da-406c-b7ed-ea7bf95fb347', 'Matthias', 'Matter', 'info@matterarchitekten.ch', '041 910 40 80', 'Matter Architekten AG', 'Bahnhofstrasse 13a, 6285 Hitzkirch, Luzern'),
('a0efd641-38ac-4004-b7a3-26f9297df3a3', 'Patrick', 'Matter', 'info@mattergarten.ch', '044 847 40 70', 'Matter Garten AG', 'Dielsdorferstrasse 32, 8107 Buchs, Zürich'),
('171dd951-c281-4304-9f98-fb3f48fa44fe', 'Thomas', 'Matter', 'info@mattergroup.ch', '044 925 00 90', 'Matter Group AG', 'Toggwilerstrasse 96, 8706 Meilen, Zürich'),
('99505fbd-19dc-48f0-a552-86c66363009b', 'Guido', 'Matter', 'gmhausgemachtes@gmail.com', '076 370 77 74', 'Matter Hausgemachtes', 'Süsswinkelstrasse 16, 8864 Reichenburg, Schwyz'),
('a8d3f4b6-7650-42e4-a56e-9d90ebe49c14', 'Thomas', 'Unternährer', 't.unternaehrer@matter-ag.ch', '041 259 11 50', 'Matter Metallbau AG', 'Staldenhof 6, 6014 Luzern, Luzern'),
('7e1c464e-7401-4a7d-a862-da6a67fec4cb', 'Jürgen', 'Weiss', 'j.weiss@me-bauing.ch', '027 966 64 42', 'Matterhorn Engineering AG', 'Bahnhofplatz 1, 3920 Zermatt, Wallis/Valais'),
('e9610ddf-e84c-438a-87a5-4a2a9e9bb432', 'Alain', 'Biner', 'biner@matterhornfamilyoffice.com', '079 601 30 09', 'Matterhorn Family Office Gmbh', 'Bettlistrasse 28, 8600 Dübendorf, Zürich'),
('87949103-6501-4cfd-9eb7-42af8c2e0af0', 'Maurizio', 'Monticelli', 'mail@matterhorngolfhotel.com', '027 967 32 33', 'Matterhorn Golf Hotel', 'Dorfstrasse 379, 3928 Randa, Wallis/Valais'),
('5a808c74-f5a1-4392-8650-f20462374da3', 'Fabian', 'Lauber', 'welcome@matterhornlodge.ch', '027 966 46 00', 'Matterhorn Lodge AG', 'Englischer Viertel 11, 3920 Zermatt, Wallis/Valais'),
('f41b797f-4d65-48c3-9ddc-f087b24dc3cd', 'Olivier', 'Andenmatten', 'info@hannigalp.ch', '027 955 10 00', 'Matterhorn Valley Hotels Franchise GmbH', 'Heiminen 468, 3925 Grächen, Wallis/Valais'),
('4e9779f1-d057-426a-a4a7-0e8306e6508d', 'Claudia', 'Zumtaugwald', 'info@mazot-zermatt.ch', '027 966 06 06', 'Matterhorn View GmbH', 'Winkelmattenweg 41, 3920 Zermatt, Wallis/Valais'),
('2d7bcbe7-6ba0-4d97-9903-06d15a9c2a20', 'Mario', 'Aufdenblatten', 'info@matterhorn-inn.com', '027 966 26 44', 'Matterhorn-Inn AG c/o Alpen Resort AG', 'Spissstrasse 52, 3920 Zermatt, Wallis/Valais'),
('948ec73b-a083-40f6-b9b5-e02e8311d7f4', 'Nils', 'Pihl Bohlin', 'info@matterless.com', 'N.a.', 'Matterless Studios AG c/o Sielva Management SA', 'Gubelstrasse 11, 6300 Zug, Zug'),
('d6c51e16-9dd3-4bf6-b72c-7a8ef8a8cdd1', 'Aly', 'El Sahy', 'matthaeusapothe@sunrise.ch', '061 692 40 30', 'Matthäus Apotheke AG', 'Efringerstrasse 28, 4057 Basel, Basel-Stadt'),
('6db43d8f-8f0c-42a2-9cee-b69d3a5e8905', 'Laurent', 'Burdet', 'matthaeuspraxis@hin.ch', '061 692 20 90', 'Matthäuspraxis', 'Hammerstrasse 177, 4057 Basel, Basel-Stadt'),
('96979f7e-6a10-4c11-821b-02839fb60720', 'Matthew', 'Howell', 'atelier@matthewhowell.ch', '076 381 93 17', 'Matthew Howell Architekturbüro', 'Hofweg 10, 3013 Bern, Bern'),
('06368355-d511-4716-b8a8-70ed75161c02', 'Matthias', 'Bill', 'matthiasbill@icloud.com', '079 511 24 25', 'Matthias Bill, Architekt', 'Maiengasse 13a, 4056 Basel, Basel-Stadt'),
('e11c3bf9-3ee2-43d9-94a0-42eca344c398', 'Matthias', 'Blass', 'mb@matthiasblass.com', '076 414 14 71', 'Matthias Blass Architekten GmbH', 'Eisenbahnweg 3, 5400 Baden, Aargau'),
('736eba97-a99e-40b9-91a6-1aba6d41f864', 'Matthias', 'Buser', 'info@buserarchitekten.ch', '061 681 39 10', 'Matthias Buser Architektur', 'Niederholzstrasse 43, 4125 Riehen, Basel-Stadt'),
('133fa31b-0e88-4f46-b14e-95a0dcbc4706', 'Matthias', 'Degen', 'info@matthias-degen.ch', '061 981 24 11', 'Matthias Degen Architekturbüro', 'In den Reben 5, 4495 Zeglingen, Basel-Land'),
('36d05412-2f5c-4537-9538-5e8e3b3a9647', 'Matthias', 'Döll', 'info@matthias-doell.ch', '041 729 00 60', 'Matthias Döll GmbH', 'Zugerstrasse 76b, 6340 Baar, Zug'),
('ccdf1d68-1bdb-49f4-9c80-668175269bff', 'Thomas', 'Müller', 'tommueller@datacomm.ch', '061 321 28 47', 'Matthias Gorges Bioladen Eichblatt', 'St. Johanns-Vorstadt 70, 4056 Basel, Basel-Stadt'),
('97ae0163-462d-4832-a89f-3f7ff6549727', 'Matthias', 'Gubler', 'info@matthiasgubler.ch', '031 352 33 44', 'Matthias Gubler AG', 'Thunstrasse 31, 3005 Bern, Bern'),
('308d1aaf-e288-4cad-ba54-360217e6361d', 'Michael', 'Alder', 'info@mh-parkett.ch', '079 653 01 65', 'Matthias Haab AG', 'Berglistrasse 39, 8180 Bülach, Zürich'),
('d47d6a7e-7a71-43cf-b058-c38d54a050ea', 'Matthias', 'Heiniger', 'mheiniger@sunrise.ch', '079 350 87 85', 'Matthias Heiniger', 'Lotzwilstrasse 9a, 4900 Langenthal, Bern'),
('718e86d5-dcc0-4b10-b79c-b59937f97bb3', 'Matthias', 'Keller', 'mkeller@lebensformen.ch', '062 849 50 26', 'Matthias Keller Lebensformen Innenarchitektur', 'Oltnerstrasse 14, 5012 Schönenwerd, Solothurn'),
('a5ad337d-0451-47a3-8810-8a7efe5fa11b', 'Matthias', 'Künzler', 'matthiaskuenzler@bluemail.ch', '079 201 66 85', 'Matthias Künzler Schreinerei Orgelbau', 'Dorfstrasse 7, 5512 Wohlenschwil, Aargau'),
('a6e889be-5cc3-4d55-aefd-0ed918f5b464', 'Matthias', 'Lüscher', 'matthias@matthiasluescher.ch', 'N.a.', 'Matthias Lüscher GmbH', 'Siewerdststrasse 26, 8050 Zürich, Zürich'),
('ff7378ae-8726-49ac-9fc5-c99caf424d7d', 'Matthias', 'Schneider', 'info@steinschneider.ch', '079 355 73 45', 'Matthias Schneider Bildhauer und Steinmetz GmbH', 'Wieslistrasse 6, 8267 Berlingen, Thurgau'),
('658ddaff-846f-46f5-a0c6-44ba185c8f65', 'Matthias', 'Sigrist', 'info@malerei-sigrist.ch', '079 354 52 10', 'Matthias Sigrist Malerei', 'Weier 169c, 3762 Erlenbach im Simmental, Bern'),
('aa12d46d-09d5-4a9c-a4e0-87f273f83cfc', 'Matthias', 'Thüring', 'thuering@thuering-gartenbau.ch', '079 321 67 69', 'Matthias Thüring Gartenbau', 'Gartenstrasse 2, 4107 Ettingen, Basel-Land'),
('cad15bd8-91ab-4488-8227-77adb6026fec', 'Matthias', 'Widmer', 'info@schreinerarbeiten-widmer.ch', '079 324 05 15', 'Matthias Widmer Schreinerarbeiten', 'Dorfstrasse 38, 5425 Schneisingen, Aargau'),
('6aff68db-a2f0-4bf1-930e-6f4b21f16969', 'Benjamin', 'Matthiessen', 'info@matthiessen-architektur.ch', '081 710 40 50', 'Matthiessen Architektur GmbH', 'Staatsstrasse 29, 8888 Heiligkreuz (Mels), St. Gallen'),
('3f87b00c-92db-4a81-8ab3-e7967db9b1f8', 'Matthis', 'Heider', 'info@matthisheider.ch', '052 365 10 01', 'Matthis Heider AG', 'Châtelstrasse 6, 8355 Aadorf, Thurgau'),
('1ec5236a-f508-41b4-a5d8-8e92c9449ce5', 'Thomas', 'Amrein', 'info@mattitech.ch', '071 424 09 40', 'Matti Engineering AG', 'Industriestrasse 9, 8583 Sulgen, Thurgau'),
('5f8334b6-e26c-40c0-9aaa-fe17e32658b2', 'Patricia', 'Matti', 'p@matti-management.ch', '033 744 48 30', 'Matti Management GmbH', 'Unterbortstrasse 10, 3792 Saanen, Bern'),
('21e02605-99df-467f-971e-14b90fed8835', 'Rolf', 'Matti', 'rolf@intersport-matti.ch', '033 722 12 76', 'Matti Papeterie Spiel & Sport AG', 'Bahnhofstrasse 42, 3770 Zweisimmen, Bern'),
('7ee61cda-b32a-4cac-a898-8e437b712bff', 'Roland', 'Hitz', 'roland.hitz@mrh.ch', '031 970 00 66', 'Matti Ragaz Hitz Architekten AG', 'Schwarzenburgstrasse 200, 3097 Liebefeld, Bern'),
('53db3c51-f7bc-48fa-b643-fc9fecccfeee', 'Ramon', 'Mattich', 'r.mattich@mattich-sanitaer.ch', '078 757 32 18', 'Mattich Sanitär GmbH', 'Winkelbüel 4, 6043 Adligenswil, Luzern'),
('a9ab4691-45bc-4467-903b-86382285c0b8', 'Remo', 'Mattle', 'info@holzbau-landwerk.ch', '078 791 70 01', 'Mattle Holzbau & Landwerk GmbH', 'Churerstrasse 6, 9463 Oberriet, St. Gallen'),
('b76f2604-50c6-469e-9e41-b8f7d720b760', 'Alfred', 'Mattle', 'fredi.mattle@mattle-immo.ch', '071 230 17 71', 'Mattle Immobilien AG', 'Rorschacher Strasse 275c, 9016 St. Gallen, St. Gallen'),
('15759d8f-bef9-4409-b6ab-be2699525e19', 'Wolfgang', 'Mattle', 'mattlewurstwaren@hotmail.com', '078 624 82 59', 'Mattle Wurstwaren GmbH', 'Blosenbergstrasse 6, 9464 Rüthi (Rheintal), St. Gallen'),
('b65b2184-f359-49b4-9696-c5c968646a11', 'Pascal', 'Mattli', 'pascal.mattli@mattli.ch', '041 886 80 80', 'Mattli Beton AG', 'Gotthardstrasse 16, 6484 Wassen, Uri'),
('ce2fd562-8267-40d8-b520-818c33bcde15', 'Walter', 'Mattmann', 'info@mattmann-partner.ch', '041 370 59 00', 'Mattmann & Partner', 'Dorfstrasse 34, 6044 Udligenswil, Luzern'),
('547ae3aa-87f4-4b5d-9987-d27f2c47abc6', 'Rafael', 'Mattmann', 'info@mattmann-gartenbau.ch', '079 824 41 55', 'Mattmann Gartenbau GmbH', 'Mittlerriedholz 2, 6030 Ebikon, Luzern'),
('366a9a7c-fee0-4f57-bcb4-e8e6a740d344', 'Luigi', 'Brovelli', 'luigi.brovelli@sluz.ch', '041 349 71 90', 'Maturitätsschule für Erwachsene (MSE)', 'Ruopigenstrasse 40, 6015 Luzern, Luzern'),
('98efd4c5-1369-4b5a-a9ca-105310e3a130', 'Urban', 'von Allmen', 'urban.vonallmen@mw-ing.ch', '033 826 10 19', 'Mätzener & Wyss Bauingenieure AG', 'Florastrasse 5, 3800 Interlaken, Bern'),
('bc486f1e-57c8-44bf-8682-7d8d993114c2', 'Peter', 'Mätzener', 'psmaetzener@bluewin.ch', '079 247 70 65', 'Mätzener Peter Architekturbüro', 'Strandbadstrasse 3, 3800 Interlaken, Bern'),
('78ddbb1d-7893-4dda-9b1e-43015088fdab', 'Reto', 'Engelhard', 'reto.engelhard@matzinger.ch', '052 338 11 22', 'Matzinger Elektro-Technik AG', 'Im Winkel 8, 8474 Dinhard, Zürich'),
('d965efdf-4de0-4da4-a8f0-ea9f23f332b7', 'Georges', 'Mauch', 'info@mauch.biz', '079 336 25 58', 'mauch.biz', 'Bachstrasse 63b, 5034 Suhr, Aargau'),
('b2b1ff48-9635-496a-ba80-233fa5b14fa9', 'Felix', 'Mauchle', 'felix.mauchle@mauchlestahlbau.ch', '041 925 12 10', 'Mauchle Stahlbau AG', 'Industriestrasse 9, 6210 Sursee, Luzern'),
('3c1bfdd3-7755-425e-9fb5-eb7e27903c90', 'Guido', 'Eigenmann', 'g.eigenmann@mauchle-treuhand.ch', '071 388 70 50', 'Mauchle Treuhand AG', 'Bahnhofstrasse 6, 9201 Gossau, St. Gallen'),
('11dc02d4-0e2d-4d1b-b406-6e6cc3e2d67b', 'Hugo', 'Mauderli', 'info@mauderli.ch', '041 497 34 34', 'MAUDERLI AG', 'Industrie Nord 6, 6105 Schachen, Luzern'),
('ab400502-4f56-459a-bff0-cf09deb7e6c8', 'Patrick', 'Bilgerig', 'patrick.bilgerig@mauell.ch', '044 847 42 12', 'Mauell AG', 'Furtbachstrasse 17, 8107 Buchs, Zürich'),
('33cd2ab4-0905-422e-b117-180b93918193', 'Gerhard', 'Mauerhofer', 'info@parkett-bern.ch', '079 424 00 90', 'Mauerhofer Bodenbeläge', 'Könizstrasse 161, 3097 Liebefeld, Bern'),
('ae1389e8-832a-4dd4-b826-0f18155bc334', 'Urs', 'Maugweiler', 'info@maugweiler-schreinerei.ch', '079 626 95 25', 'Maugweiler GmbH', 'Chilchweg 10, 8461 Oerlingen, Zürich'),
('94618ed6-84c6-4010-af75-c6c00b8102f2', 'Oliver', 'Stastny', 'info@maunalej.com', 'N.a.', 'Maunalej GmbH', 'Via dal Bagn 22, 7500 St. Moritz, Graubünden'),
('0d6ff611-5a31-4f92-a3af-16930ab0397e', 'Daniel', 'Knoch', 'willkommen@maunawai.ch', 'N.a.', 'Maunawai Schweiz GmbH', 'Schulhausstrasse 4, 6045 Meggen, Luzern'),
('6152271b-5706-4380-bea3-20fa82f2f4fe', 'Franco', 'Pizzimenti', 'franco.pizzimenti@pizzimenti.ch', '031 378 14 46', 'Maurer & Pizzimenti AG', 'Breitenrainstrasse 22, 3013 Bern, Bern'),
('4c47bda6-8e01-497c-ba5f-e47d5a2ed6f9', 'Eric', 'Meyer', 'meyer@maurer-raz.ch', '033 971 10 41', 'Maurer + Raz AG', 'Steinigässli 4, 3862 Innertkirchen, Bern'),
('b8a5e136-5bee-4e71-8811-b08eb0ac0e3d', 'Ulrich', 'Maurer', 'info@maurer-bauleitung.ch', '031 550 20 10', 'Maurer Bauleitung GmbH', 'Bellevuestrasse 30, 3095 Spiegel b. Bern, Bern'),
('63f258a0-b173-40ed-9878-2b8b5d0b1b3a', 'Philippe', 'Maurer', 'info@maurer-consulting.ch', '079 415 31 32', 'Maurer Business Consulting GmbH', 'Chrischonastrasse 35, 4132 Muttenz, Basel-Land'),
('30f7c72f-7109-44e5-a458-fefed395edbc', 'Peter', 'Maurer', 'peter.maurer@maurelma.ch', '062 721 44 84', 'Maurer Elektromaschinen GmbH', 'Ruederstrasse 6, 5040 Schöftland, Aargau'),
('973a8fac-65d1-4986-9afa-39ce3f02e4fa', 'Pius', 'Stalder', 'info.stalder@maurer-gartenbau.ch', '062 758 25 59', 'Maurer Gartenbau AG', 'Stumpenweg 15, 6260 Reiden, Luzern'),
('26609828-8a64-4257-a001-717d7d6e97c2', 'Peter', 'Jenni', 'info@gartenbau-maurer.ch', '031 711 33 77', 'Maurer Gartenbau, Inh. Peter Jenni', 'Alpenweg 8, 3506 Grosshöchstetten, Bern'),
('43d602db-fbed-42fa-b029-d4194dfe87bc', 'Andreas', 'Baschung', 'baschung@ibmaurer.ch', '071 447 50 50', 'Maurer Ingenieurbüro AG', 'Brühlstrasse 103, 9320 Arbon, Thurgau'),
('fb681584-a345-4b5b-8736-ddb5aa6e040f', 'Rolf', 'Maurer', 'basel@mlsvv.ch', '061 284 94 00', 'Maurer Lasagni Stüdeli AG', 'Rittergasse 31, 4051 Basel, Basel-Stadt'),
('8d3d6f21-0ba4-4da6-9dc8-7d4e98d11f95', 'Albert', 'Maurer', 'info@maurermagnetic.com', '044 936 60 30', 'Maurer Magnetic AG', 'Industriestrasse8, 8627 Grüningen, Zürich'),
('41be23c3-68aa-40be-aafb-ae9d0ec85012', 'Marco', 'Maurer', 'maurermarco@gmx.ch', '079 292 15 36', 'Maurer Marco Keramische Wand- und Bodenbeläge', 'Niesenstrasse 2, 3634 Thierachern, Bern'),
('f30cd770-8170-4c7c-a88d-5787179327b4', 'Mirko', 'Maurer', 'info@maurer-planung.ch', '081 353 44 44', 'Maurer Planung für Haustechnik', 'Herrengasse 7, 7000 Chur, Graubünden'),
('67efb77d-6ba9-4cbc-9a76-aaa025898690', 'Thomas', 'Engler', 'info@maurer-pm.ch', '044 954 28 60', 'Maurer Präzisionsmechanik GmbH', 'Schickmattweg 9, 8332 Russikon, Zürich'),
('a02f4d51-6f4d-498d-a3a5-26b6e236e056', 'Christoph', 'Maurer', 'info@maurer-schallschutz.ch', '032 328 70 00', 'Maurer Schallschutz Beringen AG', 'Industriestrasse 7, 8222 Beringen, Schaffhausen'),
('3c6de485-0210-4eed-ad70-99f90585243a', 'Hansruedi', 'Maurer', 'hansruedimaurer@bluewin.ch', '062 726 12 40', 'Maurer''s Imkerei', 'Eggschwil 73, 5046 Schmiedrued, Aargau'),
('e5ed8082-7519-4d1b-8eb8-8d5395a74816', 'Selina', 'Madianos', 'selina.madianos@win.ch', '052 267 17 81', 'Maurerschule', 'Unterer Deutweg 83, 8400 Winterthur, Zürich'),
('974e94a8-55a4-4f23-8aaf-ade27809dccc', 'Daniel', 'Dreifuss', 'info@mauricedemauriac.ch', '076 565 41 79', 'Maurice de Mauriac SA', 'Tödistrasse 48, 8002 Zürich, Zürich'),
('2a184e06-8c3a-4c84-b89c-90d54161bb2e', 'Maurice', 'Richard', 'sandro.gianini@rhyfalldistillerie.com', '079 573 87 41', 'Maurice Richard GmbH', 'Gänsacker 26a, 5070 Frick, Aargau'),
('892ff687-6e27-4363-97e9-bd3b2c17a3ba', 'Rita', 'Görbedi', 'info@mauritaspatisserie.ch', '078 830 17 71', 'Maurita’s Patisserie', 'Burgstrasse 7, 8124 Maur, Zürich'),
('225fbe6e-7f91-4d46-9b5c-80f8a04c048d', 'Philipp', 'Sutter', 'info@mauritiuspensionskasse.ch', '061 564 56 64', 'Mauritius Pensionskasse', 'Dornacherstrasse 230, 4018 Basel, Basel-Stadt'),
('740f1903-b7ae-45cb-bbbb-a774cf2b1b56', 'Maurizio', 'Cappellari', 'info@malerei-restauration.ch', '079 669 20 72', 'Maurizio Cappellari Malerei & Restaurationen', 'Zettlereistrasse 13, 8880 Walenstadt, St. Gallen'),
('e866f44f-0c46-4245-bd37-9648ce54e533', 'Mauro', 'Cosetti', 'cosettim@gmail.com', '079 333 96 93', 'Mauro Cosetti', 'Ziegelhofstrasse 11a, 5242 Lupfig, Aargau'),
('90f602af-ed31-4461-8582-b43b66d8dff7', 'Mauro', 'De Pedrini', 'm.de-pedrini@bluewin.ch', '081 833 06 07', 'Mauro De Pedrini', 'Via Nouva 5, 7505 Celerina/Schlarigna, Graubünden'),
('9cbe4d72-49c3-4a8a-ae2a-f4c795b0497c', 'Mauro', 'Donati', 'oscargianluca17@gmail.com', '079 232 28 59', 'Mauro Donati GmbH', 'Kasthoferstrasse 14, 3006 Bern, Bern'),
('30375193-6207-43ad-aee2-8a61580ad41e', 'Mauro', 'Mongella', 'mauro@mongella.ch', '041 340 77 50', 'Mauro Mongella', 'Kantonsstrasse 49/51, 6048 Horw, Luzern'),
('ba196086-d620-4857-a5fc-6974cbfb03fa', 'Mauro', 'Rossi', 'faszination@maurorossi.ch', '041 240 44 04', 'mauro rossi faszination klang', 'Bruchstrasse 41, 6003 Luzern, Luzern'),
('b7274615-0dc2-4195-90d6-df03a10d6bd9', 'Mauro', 'Sgrò', 'info@ms-maler.ch', '079 231 70 40', 'Mauro Sgrò Malergeschäft', 'Landvogt-Waser-Strasse 50, 8405 Winterthur, Zürich'),
('b24ba066-65f6-4691-b5a2-859b178dbfd1', 'Mauro', 'Zala', 'maurozala@bluewin.ch', '079 872 68 98', 'Mauro Zala Schreinerarbeiten', 'Via Vuorcha 38, 7524 Zuoz, Graubünden'),
('9da4e3f7-58b1-4420-a507-995c705cdd08', 'Markus', 'Hauert', 'info@maurolin.ch', '062 285 30 70', 'Maurolin AG', 'Bodenackerstrasse 64, 4657 Dulliken, Solothurn'),
('763a6ca1-3e2f-4bf7-a52e-6af487d1f465', 'Sacha', 'Mauron', 'info@mauron-hlk.ch', '071 245 90 90', 'Mauron Gebäudetechnik GmbH', 'Schachenstrasse 7, 9016 St. Gallen, St. Gallen'),
('955fb9f4-da4b-4069-9137-b4bd0e2b899c', 'Maurus', 'Schifferli', 'ms@msbern.ch', '031 320 11 21', 'Maurus Schifferli Landschaftsarchitekten AG', 'Amthausgasse 5, 3011 Bern, Bern'),
('abc969c4-413a-43af-9684-97f4a934cd08', 'Franco', 'Cadruvi', 'franco.cadruvi@maurusfrei.ch', '081 252 15 06', 'Maurusfrei Architekten AG', 'Rätusstrasse 23, 7000 Chur, Graubünden'),
('a6a79e41-8927-4714-a28c-f1d0872ef496', 'Charly', 'Maus', 'charly.maus@maus-ag.ch', '052 741 28 13', 'Maus AG', 'Hauptstrasse 70, 8264 Eschenz, Thurgau'),
('4ccc56a6-e339-47d3-ac5b-b08b6ab084b1', 'Melissa Salome', 'Meyer', 'melissa@maeusekinder.ch', 'N.a.', 'Mäusekinder | Individuelle Kinderbetreuung', 'Schanzenstrasse 10a, 4410 Liestal, Basel-Land'),
('f7d3a814-7025-4c60-8576-e168775c208a', 'Patrick', 'Mäusli', 'patrick@maeusli.ch', '032 391 00 00', 'Mäusli Bau AG', 'Bernstrasse 62, 3267 Seedorf, Bern'),
('c2c06e7e-7250-42bf-813a-51b1355719bc', 'André', 'Kälin', 'info@mauz-einsiedeln.ch', 'N.a.', 'Mauz Music-Club Einsiedeln', 'Zürichstrasse 38, 8840 Einsiedeln, Schwyz'),
('01c7b910-04d0-4efb-a279-14a70b0d041e', 'Beat', 'Hüsler', 'sales-mavag@pfaudler.com', '052 687 02 02', 'Mavag AG', 'Kleiner Letten 9, 8213 Neunkirch, Schaffhausen'),
('7915e35c-f631-4d52-9f3a-98590dcfc0d9', 'Martin', 'Riegler', 'mavag@mavag.li', '+423 373 23 88', 'Mavag AG- Mauren', 'Klosterwingert 16, 9493 Mauren FL, Fürstentum Liechtenstein'),
('a87caad6-dd94-4078-926c-7e8be6344c7d', 'Marilyn', 'Hosein-Leicht', 'info@mavenagency.io', 'N.a.', 'Maven Agency AG', 'Blegistrasse 7, 6340 Baar, Zug'),
('56192365-3b3c-4c68-8d2b-b1e50af33cb9', 'Stefan', 'Hug', 'stefan.hug@mavenum.ch', '044 922 12 88', 'MAVENUM GmbH', 'Grütstrasse 56, 8704 Herrliberg, Zürich'),
('2a6c35db-9ef7-4407-9455-71487af67eb3', 'Martin', 'Durot', 'info@mavericks-bar.ch', 'N.a.', 'Maverick''s Bar', 'Augustinergasse 19, 9000 St. Gallen, St. Gallen');

INSERT INTO leads (id, contact_id, source, status, value, notes) VALUES
('3393d347-cdb5-4110-9df9-d35d1e44af83', '867eed20-c9a7-42e2-a12f-45074f708059', 'KALTAKQUISE', 'ACTIVE', 0, 'Funktion: Geschäftsführer/in (CEO) | Mitarbeiter: 1 bis 10 | Branche: Atem- Meditation- & Yogacenter'),
('b2dd1b64-e723-4b0a-bc5d-af38049ca416', '389ed296-cbd1-4629-ba43-ae4a9daa2972', 'KALTAKQUISE', 'ACTIVE', 0, 'Funktion: Geschäftsführer/in (CEO) | Mitarbeiter: 1 bis 10 | Branche: Naturheilpraxen'),
('07b89415-4ad1-4d38-afa8-288666084923', 'e92450a4-bf2f-4d64-bd8d-33e759104f59', 'KALTAKQUISE', 'ACTIVE', 0, 'Funktion: Geschäftsführer/in (CEO) | Mitarbeiter: 1 bis 10 | Branche: Elektroplanung & Installation | Rechtsform: Gesellschaft mit beschränkter Haftung'),
('7fa885d5-aefc-40b7-ac22-ae584104b768', '23428992-7f63-4559-9b27-5edf31d3c3d9', 'KALTAKQUISE', 'ACTIVE', 0, 'Funktion: Geschäftsführer/in (CEO) | Mitarbeiter: 1 bis 10 | Branche: Architekturbüros | Rechtsform: Aktiengesellschaft'),
('03fa0c8d-2b4d-46be-86a3-36fee6b402f7', '03af0a25-2af1-4bda-a622-a9337c1871cc', 'KALTAKQUISE', 'ACTIVE', 0, 'Funktion: Geschäftsführer/in (CEO) | Mitarbeiter: 11 bis 20 | Branche: Schreinerei- & Holzbaubetriebe | Rechtsform: Aktiengesellschaft'),
('f73ad09b-32fa-4906-94f3-fe69cb70dc60', 'f48bd638-7934-42bc-8fd4-4a36fa767300', 'KALTAKQUISE', 'ACTIVE', 0, 'Funktion: Geschäftsführer/in (CEO) | Mitarbeiter: 1 bis 10 | Branche: Schreinerei- & Holzbaubetriebe'),
('f613863d-a826-4498-a1e1-add8508c7ee0', 'f2a44068-1edc-4294-804c-64041b041c42', 'KALTAKQUISE', 'ACTIVE', 0, 'Funktion: Geschäftsführer/in (CEO) | Mitarbeiter: 1 bis 10 | Branche: Immobilienverwaltung / Immobilienvermittlung / Immobilienprojektentwicklung | Rechtsform: Aktiengesellschaft'),
('0005f99e-d2dc-48a9-ae43-4c18e7ad4231', '058653f4-2cad-49d2-85b4-51f6094e1778', 'KALTAKQUISE', 'ACTIVE', 0, 'Funktion: Geschäftsführer/in (CEO) | Mitarbeiter: 1 bis 10 | Branche: Textil- & Möbelindustrie'),
('a388619b-f354-4307-bdeb-c286f23f1c9b', '057122cc-6cc9-4c8c-8078-1f980c22352b', 'KALTAKQUISE', 'ACTIVE', 0, 'Funktion: Geschäftsführer/in (CEO) | Mitarbeiter: 1 bis 10 | Branche: Schreinerei- & Holzbaubetriebe | Rechtsform: Gesellschaft mit beschränkter Haftung'),
('d86309fd-f7e8-4297-ae57-e0e76ba719f9', '8654dfed-c0d5-48ef-91a6-286a58bc7ecc', 'KALTAKQUISE', 'ACTIVE', 0, 'Funktion: Geschäftsführer/in (CEO) | Mitarbeiter: 1 bis 10 | Branche: Schreinerei- & Holzbaubetriebe'),
('f039b406-1906-4247-9a91-bbd678b8f0ae', '792429c1-aea7-4a57-bea1-2979517cc040', 'KALTAKQUISE', 'ACTIVE', 0, 'Funktion: Geschäftsführer/in (CEO) | Mitarbeiter: 1 bis 10 | Branche: Schreinerei- & Holzbaubetriebe | Rechtsform: Einzelunternehmen'),
('a642639d-f67f-4609-8681-52e538c04dc6', '0bf73820-d3e5-4a06-af8a-e94be85bbcd9', 'KALTAKQUISE', 'ACTIVE', 0, 'Funktion: Geschäftsführer/in (CEO) | Mitarbeiter: 1 bis 10 | Branche: Schreinerei- & Holzbaubetriebe'),
('b04e7bb4-7174-4e42-95f5-300f210d7adc', '8d982668-778e-403b-903a-3f6b972e6ae6', 'KALTAKQUISE', 'ACTIVE', 0, 'Funktion: Geschäftsführer/in (CEO) | Mitarbeiter: 11 bis 20 | Branche: Schreinerei- & Holzbaubetriebe'),
('fff68454-b660-4b91-b2b1-b78a1056a5c7', 'd32870a9-b860-45bf-a98d-4e15aa89738a', 'KALTAKQUISE', 'ACTIVE', 0, 'Funktion: Geschäftsführer/in (CEO) | Mitarbeiter: 21 bis 50 | Branche: Architekturbüros | Rechtsform: Aktiengesellschaft'),
('70028717-1dc0-4b9b-91d2-a336f53a789e', 'fd67aeb8-c278-4d01-aeb1-5494865d2c2c', 'KALTAKQUISE', 'ACTIVE', 0, 'Funktion: Geschäftsführer/in (CEO) | Mitarbeiter: 1 bis 10 | Branche: Elektroindustrie | Rechtsform: Kollektivgesellschaft'),
('b7e71ab5-3403-4f1d-8c3c-6d0664bdeba0', '7a0feb3e-33dc-43e6-a3e8-49f7d32cc489', 'KALTAKQUISE', 'ACTIVE', 0, 'Funktion: Geschäftsführer/in (CEO) | Mitarbeiter: 21 bis 50 | Branche: Architekturbüros | Rechtsform: Aktiengesellschaft'),
('9de38dcf-e0aa-432d-9162-ec7a9536d04d', 'eeae2c0b-a98d-4c64-af31-e50137294f37', 'KALTAKQUISE', 'ACTIVE', 0, 'Funktion: Geschäftsführer/in (CEO) | Mitarbeiter: 11 bis 20 | Branche: Lebensmittelverarbeitung | Rechtsform: Einzelunternehmen'),
('09445bf0-32a0-413e-8575-febc0e90d180', 'd37883ca-2e62-48fe-b14e-482f64baab2a', 'KALTAKQUISE', 'ACTIVE', 0, 'Funktion: Geschäftsführer/in (CEO) | Mitarbeiter: 21 bis 50 | Branche: Chemieindustrie / Glas-, Keramik-, Stein- & Baustoffindustrie | Rechtsform: Aktiengesellschaft'),
('645664f7-4884-4e49-af89-22a54531fbb5', '128fd88a-2d0a-42d0-be42-101fdc7436dc', 'KALTAKQUISE', 'ACTIVE', 0, 'Funktion: Geschäftsführer/in (CEO) | Mitarbeiter: 1 bis 10 | Branche: Uhrenindustrie | Rechtsform: Aktiengesellschaft'),
('0d4151fc-a864-496b-943f-57b2230d450c', '4475ca34-2d87-4534-a0f3-db3a2c4c7684', 'KALTAKQUISE', 'ACTIVE', 0, 'Funktion: Geschäftsführer/in (CEO) | Mitarbeiter: 1 bis 10 | Branche: Facility Management & Reinigungsfirmen | Rechtsform: Einzelunternehmen'),
('bae5a30e-2afa-4ba5-b74d-36d6952d8161', 'fd96b45b-1cef-4edf-b60e-5ce086a20d8b', 'KALTAKQUISE', 'ACTIVE', 0, 'Funktion: Geschäftsführer/in (CEO) | Mitarbeiter: 11 bis 20 | Branche: Lebensmittelverarbeitung / Online Shops | Rechtsform: Aktiengesellschaft'),
('317b9f9b-e89c-48f6-a170-1d28a1a85c1b', '374c963e-fad3-4cbe-ad4e-e2eeae6dcd43', 'KALTAKQUISE', 'ACTIVE', 0, 'Funktion: Geschäftsführer/in (CEO) | Mitarbeiter: 1 bis 10 | Branche: Lebensmittelverarbeitung | Rechtsform: Gesellschaft mit beschränkter Haftung'),
('6fa47fda-e8f7-400c-a352-ac8194cd8c76', 'cd09c09a-de8f-469c-aaa3-677e116d2796', 'KALTAKQUISE', 'ACTIVE', 0, 'Funktion: Geschäftsführer/in (CEO) | Mitarbeiter: 1 bis 10 | Branche: Druckereibetriebe'),
('dd97acca-d4e9-4140-ae1f-e71a6c93600a', '74567014-ce19-4ed6-b7aa-2b28b248d931', 'KALTAKQUISE', 'ACTIVE', 0, 'Funktion: Geschäftsführer/in (CEO) | Mitarbeiter: 11 bis 20 | Branche: IT Unternehmen / FinTech | Rechtsform: Aktiengesellschaft'),
('4d64f7d5-f167-4496-9a2d-b027b7ce9938', '007bf229-b7bf-4c6d-b4f4-d7c18612dd63', 'KALTAKQUISE', 'ACTIVE', 0, 'Funktion: Geschäftsführer/in (CEO) | Mitarbeiter: 11 bis 20 | Branche: Clubs, Bars & Eventlocations'),
('05cf2bdb-7be2-4f06-85c2-ec982958eb3e', '24bd8843-4435-4652-8ccf-134fd23f3c2a', 'KALTAKQUISE', 'ACTIVE', 0, 'Funktion: Geschäftsführer/in (CEO) | Mitarbeiter: 11 bis 20 | Branche: Werbeagenturen | Rechtsform: Gesellschaft mit beschränkter Haftung'),
('9e4110b1-5648-4b34-90b4-4803dfaffaad', '4c848402-8218-49a0-872c-6df6bdd5505c', 'KALTAKQUISE', 'ACTIVE', 0, 'Funktion: Geschäftsführer/in (CEO) | Mitarbeiter: Mehr als 500 | Branche: Top 2''000 CH-Unternehmen | Rechtsform: Aktiengesellschaft'),
('221913de-8b75-4282-91f6-c0dc0ad01f88', '4a4ad2f5-ba4e-486c-b01d-c9accbd45de9', 'KALTAKQUISE', 'ACTIVE', 0, 'Funktion: Geschäftsführer/in (CEO) | Mitarbeiter: 11 bis 20 | Branche: IT Unternehmen | Rechtsform: Gesellschaft mit beschränkter Haftung'),
('4342e90b-d0f5-412e-9caf-80cf5710a6a8', 'ef63def9-1f9a-497f-bc7c-ac25daf3c0f2', 'KALTAKQUISE', 'ACTIVE', 0, 'Funktion: Geschäftsführer/in (CEO) | Mitarbeiter: 11 bis 20 | Branche: Sanitär & Haustechnik | Rechtsform: Aktiengesellschaft'),
('b907acfc-33a4-4a39-acd4-2173b71517e6', '69cbafd7-109d-4edc-937c-7542917ea810', 'KALTAKQUISE', 'ACTIVE', 0, 'Funktion: Geschäftsführer/in (CEO) | Mitarbeiter: 1 bis 10 | Branche: Maschinenbauindustrie | Rechtsform: Gesellschaft mit beschränkter Haftung'),
('f6c4c95f-eef0-47c8-bcf3-93103ce8cbcf', 'd9039f7c-7f9d-4d87-906e-46fa913e8444', 'KALTAKQUISE', 'ACTIVE', 0, 'Funktion: Geschäftsführer/in (CEO) | Mitarbeiter: 1 bis 10 | Branche: Architekturbüros | Rechtsform: Gesellschaft mit beschränkter Haftung'),
('fc959f02-1ca6-4eb4-a6e4-ae4308c32268', 'd32b4e5a-1223-47ea-8ae0-5dd786a250c4', 'KALTAKQUISE', 'ACTIVE', 0, 'Funktion: Geschäftsführer/in (CEO) | Mitarbeiter: 1 bis 10 | Branche: Elektroindustrie | Rechtsform: Aktiengesellschaft'),
('1802f0a1-9942-4bb8-b3ae-3c5b3a787576', '36ddfd7b-c872-43b2-bb5e-1f300d675db0', 'KALTAKQUISE', 'ACTIVE', 0, 'Funktion: Geschäftsführer/in (CEO) | Mitarbeiter: 1 bis 10 | Branche: Facility Management & Reinigungsfirmen | Rechtsform: Gesellschaft mit beschränkter Haftung'),
('09020d7d-3fcf-4437-80e2-d420ba8b9412', 'fc134d5b-2a8a-4d12-b942-5d1f87af56fb', 'KALTAKQUISE', 'ACTIVE', 0, 'Funktion: Geschäftsführer/in (CEO) | Mitarbeiter: 1 bis 10 | Branche: Schreinerei- & Holzbaubetriebe'),
('e7d8c82e-250f-4e1f-9694-5f1e7dc583a4', '16ab082e-dc1e-497e-9db9-d8adcad262e1', 'KALTAKQUISE', 'ACTIVE', 0, 'Funktion: Geschäftsführer/in (CEO) | Mitarbeiter: 11 bis 20 | Branche: Glas-, Keramik-, Stein- & Baustoffindustrie | Rechtsform: Gesellschaft mit beschränkter Haftung'),
('a6d91e6e-0d72-4004-902a-edec1fe548e5', 'b5bfdd6f-175a-4160-a5b1-3b2f03343579', 'KALTAKQUISE', 'ACTIVE', 0, 'Funktion: Geschäftsführer/in (CEO) | Mitarbeiter: 1 bis 10 | Branche: Sanitär & Haustechnik | Rechtsform: Einzelunternehmen'),
('5d5cf3ca-2150-4d72-b634-e9c3046211e2', 'f5afcd4d-61a2-44be-9183-ba6fa909abbb', 'KALTAKQUISE', 'ACTIVE', 0, 'Funktion: Leitung Schule | Mitarbeiter: 101 bis 500 | Branche: Schulen'),
('e1ee9780-94ce-48f2-a0d1-05844c1329b4', 'a0b80cd5-c424-44d8-bff5-725ed98533be', 'KALTAKQUISE', 'ACTIVE', 0, 'Funktion: Geschäftsführer/in (CEO) | Mitarbeiter: 1 bis 10 | Branche: Metallbauer | Rechtsform: Einzelunternehmen'),
('4505f350-5739-43f7-8c31-ded9c77c8f1d', '3ce11b59-6be9-4531-af73-7f8b8ea0fe4b', 'KALTAKQUISE', 'ACTIVE', 0, 'Funktion: Geschäftsführer/in (CEO) | Mitarbeiter: 11 bis 20 | Branche: Baugeschäfte | Rechtsform: Einzelunternehmen'),
('7294f487-93df-406c-be7a-12886e98a6d9', 'c7b9ce86-d982-4064-a1bd-4de3ba88a5c8', 'KALTAKQUISE', 'ACTIVE', 0, 'Funktion: Geschäftsführer/in (CEO) | Mitarbeiter: 1 bis 10 | Branche: Architekturbüros | Rechtsform: Aktiengesellschaft'),
('8c125ede-797b-4478-982a-cc4762af8f99', '76546163-b0a6-47f1-b137-99fb19832ad8', 'KALTAKQUISE', 'ACTIVE', 0, 'Funktion: Geschäftsführer/in (CEO) | Mitarbeiter: 1 bis 10 | Branche: Personalvermittler & -berater | Rechtsform: Einzelunternehmen'),
('461c1168-6551-4422-8297-f5e4b38b419c', '0f994486-84e3-4129-b093-89162a8c5cf3', 'KALTAKQUISE', 'ACTIVE', 0, 'Funktion: Geschäftsführer/in (CEO) | Mitarbeiter: 1 bis 10 | Branche: Boden- & Plattenleger'),
('0f9e62d6-d718-49d5-9fa4-544326cfbd08', '2a06ffae-7c5d-49fa-8842-ee97a5aa4348', 'KALTAKQUISE', 'ACTIVE', 0, 'Funktion: Geschäftsführer/in (CEO) | Mitarbeiter: 11 bis 20 | Branche: Maler- & Gipsergeschäfte | Rechtsform: Aktiengesellschaft'),
('b3c37564-c1a0-479e-be46-5847f938aace', 'ef0168c0-2862-4dac-a673-c6ce1d832474', 'KALTAKQUISE', 'ACTIVE', 0, 'Funktion: Geschäftsführer/in (CEO) | Mitarbeiter: 1 bis 10 | Branche: Treuhandbüros | Rechtsform: Gesellschaft mit beschränkter Haftung'),
('596f0ea1-97d8-4db3-bb3b-6345b3a1b1aa', '676fa574-29bd-48fc-a841-dcf778d65736', 'KALTAKQUISE', 'ACTIVE', 0, 'Funktion: Geschäftsführer/in (CEO) | Mitarbeiter: 11 bis 20 | Branche: Schreinerei- & Holzbaubetriebe'),
('0aa2eb28-5fab-471f-9563-94727243a958', '6a4fe979-63d4-43e3-81b0-f06d41e15684', 'KALTAKQUISE', 'ACTIVE', 0, 'Funktion: Geschäftsführer/in (CEO) | Mitarbeiter: 1 bis 10 | Branche: Schreinerei- & Holzbaubetriebe'),
('e7e0787a-42b6-46cb-8838-7f9a854f80f8', '9c2fed97-4282-48d9-8690-baf185ad126a', 'KALTAKQUISE', 'ACTIVE', 0, 'Funktion: Geschäftsführer/in (CEO) | Mitarbeiter: 21 bis 50 | Branche: Alters- & Pflegeheime / Heime beeintr. Personen'),
('8c28c08b-2606-4b49-9d4a-8ca19d37df4e', '9f59f8f6-0574-471f-8841-6dd5ba1632cc', 'KALTAKQUISE', 'ACTIVE', 0, 'Funktion: Geschäftsführer/in (CEO) | Mitarbeiter: 11 bis 20 | Branche: Elektroplanung & Installation / Nachhaltigkeitsbereich / Solar & Photovoltaik | Rechtsform: Aktiengesellschaft'),
('9a68adb9-6701-4ae9-8858-17eee7e121ee', 'a18d0416-1eda-460d-b4bf-05b9b5edc448', 'KALTAKQUISE', 'ACTIVE', 0, 'Funktion: Geschäftsführer/in (CEO) | Mitarbeiter: 1 bis 10 | Branche: Baugeschäfte | Rechtsform: Aktiengesellschaft'),
('5a9e24fe-1380-4120-887c-63dfaf8af39b', '53c08e1c-85aa-4e5f-817c-103fda94ee3f', 'KALTAKQUISE', 'ACTIVE', 0, 'Funktion: Geschäftsführer/in (CEO) | Mitarbeiter: 1 bis 10 | Branche: Kosmetikstudios | Rechtsform: Gesellschaft mit beschränkter Haftung'),
('3ce1254c-9fa5-40e7-a570-446865b00b64', '4a01053b-a7ff-4332-9773-881ff76c79a7', 'KALTAKQUISE', 'ACTIVE', 0, 'Funktion: Geschäftsführer/in (CEO) | Mitarbeiter: 1 bis 10 | Branche: Gartenbau & -pflege'),
('6c8b6c40-f5a8-4a5b-9b61-5c366ac007c9', 'eaa7bed6-c74d-4380-beb7-b795661a1e34', 'KALTAKQUISE', 'ACTIVE', 0, 'Funktion: Geschäftsführer/in (CEO) | Mitarbeiter: 1 bis 10 | Branche: Sanitär & Haustechnik | Rechtsform: Aktiengesellschaft'),
('6e6c4e12-b185-42eb-bda5-32e94721377c', '4dacc6b0-fa70-4034-aeca-cb27fd676a3c', 'KALTAKQUISE', 'ACTIVE', 0, 'Funktion: Geschäftsführer/in (CEO) | Mitarbeiter: 1 bis 10 | Branche: Architekturbüros | Rechtsform: Aktiengesellschaft'),
('a0498ec2-7ea3-44a3-a206-61f4c9eaf9ae', '035833df-e163-40cb-8167-243fe4656cd2', 'KALTAKQUISE', 'ACTIVE', 0, 'Funktion: Geschäftsführer/in (CEO) | Mitarbeiter: 1 bis 10 | Branche: Maler- & Gipsergeschäfte | Rechtsform: Gesellschaft mit beschränkter Haftung'),
('ce6ed5fe-6235-4838-863a-9fc77ee904f2', 'd30a7147-b87b-4452-9f21-e4bef8ddcf0b', 'KALTAKQUISE', 'ACTIVE', 0, 'Funktion: Geschäftsführer/in (CEO) | Mitarbeiter: 11 bis 20 | Branche: Architekturbüros | Rechtsform: Einzelunternehmen'),
('315bb17a-e02b-43ad-9538-cb0741348dfc', '3ce51f7b-8d2f-4d12-92bb-16d335d18af3', 'KALTAKQUISE', 'ACTIVE', 0, 'Funktion: Geschäftsführer/in (CEO) | Mitarbeiter: 11 bis 20 | Branche: Sanitär & Haustechnik'),
('49f8aac9-6bb8-401b-907f-e9e0061b8efc', 'd1e89b97-c42a-426c-8bf4-9755267e5cd3', 'KALTAKQUISE', 'ACTIVE', 0, 'Funktion: Geschäftsführer/in (CEO) | Mitarbeiter: 1 bis 10 | Branche: Nachhaltigkeitsbereich / Sanitär & Haustechnik / Solar & Photovoltaik | Rechtsform: Gesellschaft mit beschränkter Haftung'),
('2fb40616-6c46-4481-84af-9f14a7135b47', '8ddd9315-8c51-4b0c-8a7a-8f4d39523087', 'KALTAKQUISE', 'ACTIVE', 0, 'Funktion: Geschäftsführer/in (CEO) | Mitarbeiter: 1 bis 10 | Branche: Hofläden & Bauernhöfe'),
('bf03cdd4-8397-4a3c-8b47-041f02b4ff9f', '424e5ad5-2ada-4ee9-98fe-9e49af47bb98', 'KALTAKQUISE', 'ACTIVE', 0, 'Funktion: Geschäftsführer/in (CEO) | Mitarbeiter: 1 bis 10 | Branche: Boden- & Plattenleger'),
('383bb43f-97ae-47d5-87e8-28d627dfbbb6', '82c2ed49-a25b-4581-8dce-a1c15b5a8eec', 'KALTAKQUISE', 'ACTIVE', 0, 'Funktion: Geschäftsführer/in (CEO) | Mitarbeiter: 11 bis 20 | Branche: Elektroplanung & Installation'),
('cbbd005c-8b70-4053-b8c0-741a82b4f465', '2f9ae5a4-9cb9-44bc-9f8c-59456eede19f', 'KALTAKQUISE', 'ACTIVE', 0, 'Funktion: Geschäftsführer/in (CEO) | Mitarbeiter: 1 bis 10 | Branche: Maler- & Gipsergeschäfte | Rechtsform: Gesellschaft mit beschränkter Haftung'),
('8dc64e4b-a8df-4321-890a-ac596a072f53', 'ae2a79cd-c298-41a2-83eb-e1b2db2977d0', 'KALTAKQUISE', 'ACTIVE', 0, 'Funktion: Geschäftsführer/in (CEO) | Mitarbeiter: 101 bis 500 | Branche: Medizintechnik-Industrie | Rechtsform: Aktiengesellschaft'),
('629b4631-1164-4f4d-878a-0f11e5dd3b36', 'b9b224f3-cb64-46ac-b44c-eaed8bf50829', 'KALTAKQUISE', 'ACTIVE', 0, 'Funktion: Geschäftsführer/in (CEO) | Mitarbeiter: 1 bis 10 | Branche: Architekturbüros | Rechtsform: Gesellschaft mit beschränkter Haftung'),
('a50a4ff1-053e-4105-9b33-cfc2d5375669', 'c98086ef-bc86-4c21-8cea-1e7db70037c4', 'KALTAKQUISE', 'ACTIVE', 0, 'Funktion: Geschäftsführer/in (CEO) | Mitarbeiter: 1 bis 10 | Branche: IT Unternehmen | Rechtsform: Aktiengesellschaft'),
('9fe806e4-8737-4c04-aef4-6ee9ff416a9a', '5b1af7e1-9556-4dca-a1c2-576d2e289101', 'KALTAKQUISE', 'ACTIVE', 0, 'Funktion: Geschäftsführer/in (CEO) | Mitarbeiter: 11 bis 20 | Branche: Nachhaltigkeitsbereich'),
('86ae82a3-d7f8-451a-9fca-31d32b0ba76f', '72a60ae2-6ba3-485d-be78-cbe1c64b537f', 'KALTAKQUISE', 'ACTIVE', 0, 'Funktion: Geschäftsführer/in (CEO) | Mitarbeiter: 1 bis 10 | Branche: Gartenbau & -pflege'),
('f75051db-c618-45ce-8b5c-fdb30685ebca', '6ec0a868-a60d-4031-92c0-0fa70c274bbb', 'KALTAKQUISE', 'ACTIVE', 0, 'Funktion: Geschäftsführer/in (CEO) | Mitarbeiter: 1 bis 10 | Branche: Elektroindustrie | Rechtsform: Aktiengesellschaft'),
('75d8e5ae-74f0-40e4-8155-eb27032580cf', 'b59010f4-82eb-45ad-8b0d-43c2a5e5b9ae', 'KALTAKQUISE', 'ACTIVE', 0, 'Funktion: Geschäftsführer/in (CEO) | Mitarbeiter: 1 bis 10 | Branche: Catering'),
('5ba3374f-647d-450e-b783-dbd1cf64c7a7', '49b18452-ed6e-41b2-898c-b4e4c24fdbd6', 'KALTAKQUISE', 'ACTIVE', 0, 'Funktion: Geschäftsführer/in (CEO) | Mitarbeiter: 1 bis 10 | Branche: Maschinenbauindustrie | Rechtsform: Aktiengesellschaft'),
('1b380e75-1c27-403d-a5e2-a1fbcd45412c', 'c9721079-fe97-45af-bc93-00178a742e99', 'KALTAKQUISE', 'ACTIVE', 0, 'Funktion: Geschäftsführer/in (CEO) | Mitarbeiter: 1 bis 10 | Branche: Externe Vermögensverwalter | Rechtsform: Gesellschaft mit beschränkter Haftung'),
('0f21f438-3207-47e4-9a84-b1f38548cfd4', 'ab15ab13-f16c-46f1-bc63-af206246455a', 'KALTAKQUISE', 'ACTIVE', 0, 'Funktion: Geschäftsführer/in (CEO) | Mitarbeiter: 21 bis 50 | Branche: Immobilienverwaltung / Immobilienvermittlung | Rechtsform: Aktiengesellschaft'),
('cfb1acf1-781e-4805-adb7-563343ed743f', 'e84e6322-7528-417b-8000-cfe03cf9c0b6', 'KALTAKQUISE', 'ACTIVE', 0, 'Funktion: Geschäftsführer/in (CEO) | Mitarbeiter: 1 bis 10 | Branche: Chemieindustrie | Rechtsform: Gesellschaft mit beschränkter Haftung'),
('046b05d4-7e44-4268-8e3f-735cfa69da4e', '737a3a25-b1c3-4ef1-93aa-785e4932477d', 'KALTAKQUISE', 'ACTIVE', 0, 'Funktion: Geschäftsführer/in (CEO) | Mitarbeiter: 1 bis 10 | Branche: Kunststoffindustrie | Rechtsform: Aktiengesellschaft'),
('efd946cd-eaa2-4be2-980e-1cf06b7eeb07', '6c49aa11-d651-4be3-8fc9-1c0024896077', 'KALTAKQUISE', 'ACTIVE', 0, 'Funktion: Geschäftsführer/in (CEO) | Mitarbeiter: 1 bis 10 | Branche: Boden- & Plattenleger'),
('de8b0729-a535-488f-99e9-204272570ea2', '7760f395-c7b0-434b-b570-e7c9e7d7d944', 'KALTAKQUISE', 'ACTIVE', 0, 'Funktion: Geschäftsführer/in (CEO) | Mitarbeiter: 101 bis 500 | Branche: Online Shops | Rechtsform: Aktiengesellschaft'),
('cc6b0574-f936-4f84-9e0f-b1c45fca2116', '0f591fde-4ab6-4fca-aaa5-fbf2f6795cb3', 'KALTAKQUISE', 'ACTIVE', 0, 'Funktion: Geschäftsführer/in (CEO) | Mitarbeiter: 11 bis 20 | Branche: Online Shops | Rechtsform: Gesellschaft mit beschränkter Haftung'),
('70ba98ca-89e4-4a2b-92c5-1777bad7fb55', 'b834c01e-227c-472a-8138-8e8e66dde93f', 'KALTAKQUISE', 'ACTIVE', 0, 'Funktion: Geschäftsführer/in (CEO) | Mitarbeiter: 51 bis 100 | Branche: Online Shops | Rechtsform: Gesellschaft mit beschränkter Haftung'),
('ff374fb8-8628-4d9f-a40b-e13dcb2da545', '0a45fb33-20ed-4624-ac2e-b3ce69023f7b', 'KALTAKQUISE', 'ACTIVE', 0, 'Funktion: Geschäftsführer/in (CEO) | Mitarbeiter: 1 bis 10 | Branche: Kunststoffindustrie | Rechtsform: Aktiengesellschaft'),
('65bf36d9-66ca-4b18-b11e-a681420281ad', '6f150845-11f6-44f6-b714-5a37b61c2336', 'KALTAKQUISE', 'ACTIVE', 0, 'Funktion: Geschäftsführer/in (CEO) | Mitarbeiter: 1 bis 10 | Branche: Bauingenieurbüros | Rechtsform: Gesellschaft mit beschränkter Haftung'),
('f84632fc-a7e6-4b12-8d9d-26c97841ab1b', '6f518d39-4050-454c-9932-5881d77e5ec9', 'KALTAKQUISE', 'ACTIVE', 0, 'Funktion: Geschäftsführer/in (CEO) | Mitarbeiter: 11 bis 20 | Branche: Elektroindustrie | Rechtsform: Aktiengesellschaft'),
('c5ce007b-6941-4d33-8f2e-ba7c15930618', '9e33ac0f-fe1a-487d-a6bc-fc3efc3cd0ad', 'KALTAKQUISE', 'ACTIVE', 0, 'Funktion: Geschäftsführer/in (CEO) | Mitarbeiter: 11 bis 20 | Branche: Coiffeursalons | Rechtsform: Gesellschaft mit beschränkter Haftung'),
('62120ad2-e860-4d95-8a85-389782c14c36', 'f35ca790-fe33-4479-8bbc-a4e4d3ebefe6', 'KALTAKQUISE', 'ACTIVE', 0, 'Funktion: Geschäftsführer/in (CEO) | Mitarbeiter: 1 bis 10 | Branche: Immobilienvermittlung / Bauherrenvertretung | Rechtsform: Aktiengesellschaft'),
('1e44faba-3d62-474b-bb8d-b87a6c603934', 'a6e05645-a47c-4d38-a2bb-b5dfb8157fb7', 'KALTAKQUISE', 'ACTIVE', 0, 'Funktion: Geschäftsführer/in (CEO) | Mitarbeiter: 1 bis 10 | Branche: Coiffeursalons | Rechtsform: Gesellschaft mit beschränkter Haftung'),
('8f3a3761-ad5f-418a-a3f4-8df133abeb90', '023523c8-0384-4f43-aa30-3aa2bdcb0e4d', 'KALTAKQUISE', 'ACTIVE', 0, 'Funktion: Geschäftsführer/in (CEO) | Mitarbeiter: 1 bis 10 | Branche: Werbeagenturen | Rechtsform: Gesellschaft mit beschränkter Haftung'),
('31e5bd4e-67b6-4e1f-9844-a45920a2eaa8', '55b6f787-4246-4e80-80df-d985e0089319', 'KALTAKQUISE', 'ACTIVE', 0, 'Funktion: Geschäftsführer/in (CEO) | Mitarbeiter: 1 bis 10 | Branche: Boden- & Plattenleger'),
('c2fb91af-d00a-4952-a50c-a85c924ae276', 'd2808e9a-ef9b-4024-a748-6fdaa1f80dca', 'KALTAKQUISE', 'ACTIVE', 0, 'Funktion: Geschäftsführer/in (CEO) | Mitarbeiter: 1 bis 10 | Branche: Metallbauer | Rechtsform: Aktiengesellschaft'),
('cab2f845-da64-40a6-9608-b19f2e3d9e99', '37b7b736-d794-4d61-8711-0d24e3c0e5fc', 'KALTAKQUISE', 'ACTIVE', 0, 'Funktion: Geschäftsführer/in (CEO) | Mitarbeiter: 1 bis 10 | Branche: Restaurants / Getränkeindustrie | Rechtsform: Aktiengesellschaft'),
('750238ca-89de-4325-b9c2-ffb873803365', '43e3f2a9-4447-498f-940a-83f3faee2d76', 'KALTAKQUISE', 'ACTIVE', 0, 'Funktion: Geschäftsführer/in (CEO) | Mitarbeiter: 1 bis 10 | Branche: Hofläden & Bauernhöfe'),
('7480b065-90ec-409f-85dd-06fcfee94aa9', '754937d5-5ff6-4b51-a2cb-dd29dc61440d', 'KALTAKQUISE', 'ACTIVE', 0, 'Funktion: Leitung Standort | Mitarbeiter: 21 bis 50 | Branche: Restaurants'),
('6d1874b9-54c2-4f20-9b76-eced7f33dd72', 'e931a09f-1f74-4d26-86ab-951a8cb904c4', 'KALTAKQUISE', 'ACTIVE', 0, 'Funktion: Geschäftsführer/in (CEO) | Mitarbeiter: 1 bis 10 | Branche: Druckereibetriebe'),
('8aafcc4d-25f9-4cf3-80a4-fb9abb6549e0', '1345528e-e6d3-44d4-ad0d-a58a77291610', 'KALTAKQUISE', 'ACTIVE', 0, 'Funktion: Geschäftsführer/in (CEO) | Mitarbeiter: 51 bis 100 | Branche: Heime beeintr. Personen | Rechtsform: Verein'),
('14091a88-d343-4866-beb2-a2462ebc587f', '93c6d30f-0dac-4ca4-b3aa-214a867ad129', 'KALTAKQUISE', 'ACTIVE', 0, 'Funktion: Geschäftsführer/in (CEO) | Mitarbeiter: 1 bis 10 | Branche: Hofläden & Bauernhöfe / Nachhaltigkeitsbereich'),
('ce72b3b2-9011-4982-af84-5fa16d8cd0ff', '3f6f7f49-0605-409c-bc8d-35113c4e7b23', 'KALTAKQUISE', 'ACTIVE', 0, 'Funktion: Geschäftsführer/in (CEO) | Mitarbeiter: 1 bis 10 | Branche: Hofläden & Bauernhöfe'),
('d2846b4f-47c1-4fc2-90fb-dabcf643d3c7', 'a98b3017-0c1b-408b-a791-795990c88ede', 'KALTAKQUISE', 'ACTIVE', 0, 'Funktion: Geschäftsführer/in (CEO) | Mitarbeiter: 1 bis 10 | Branche: Hofläden & Bauernhöfe'),
('278f5b25-5e31-484e-93a1-0b942284288a', 'ac47acee-9ebe-4586-8442-5aff1c15046f', 'KALTAKQUISE', 'ACTIVE', 0, 'Funktion: Geschäftsführer/in (CEO) | Mitarbeiter: 1 bis 10 | Branche: Hofläden & Bauernhöfe'),
('eeb8ce0f-9498-49af-8151-e25575768b70', 'dd831a63-9eac-4a98-982b-85333963f2cb', 'KALTAKQUISE', 'ACTIVE', 0, 'Funktion: Geschäftsführer/in (CEO) | Mitarbeiter: 1 bis 10 | Branche: Hofläden & Bauernhöfe'),
('3dba61c8-5cde-44d2-84da-48c030a79f64', '88ff434a-ec54-448c-8f10-9475cd8fe462', 'KALTAKQUISE', 'ACTIVE', 0, 'Funktion: Geschäftsführer/in (CEO) | Mitarbeiter: 1 bis 10 | Branche: Hofläden & Bauernhöfe'),
('fd8eb42e-eefe-4d47-a648-327d76b75606', '5bac87fd-a691-4b6b-a3f7-be6992af7e86', 'KALTAKQUISE', 'ACTIVE', 0, 'Funktion: Geschäftsführer/in (CEO) | Mitarbeiter: 1 bis 10 | Branche: Berg- & Seilbahnen'),
('ac25bb60-e6e3-4bdc-8d02-9c8e5f62772d', 'a9034aac-538a-4a6e-8104-200974ceeedd', 'KALTAKQUISE', 'ACTIVE', 0, 'Funktion: Geschäftsführer/in (CEO) | Mitarbeiter: 1 bis 10 | Branche: Immobilienverwaltung / Immobilienvermittlung | Rechtsform: Aktiengesellschaft'),
('a6c5c07b-e202-4499-bc59-77ba220ea7b7', 'c5cc0799-3cd0-448b-9c36-a3ee4c20eaef', 'KALTAKQUISE', 'ACTIVE', 0, 'Funktion: Geschäftsführer/in (CEO) | Mitarbeiter: 21 bis 50 | Branche: Sanitär & Haustechnik | Rechtsform: Aktiengesellschaft'),
('18a00d03-9028-4ae8-b58e-e32819e08b56', '7558a084-b78e-4d53-85ec-44a6419a9579', 'KALTAKQUISE', 'ACTIVE', 0, 'Funktion: Geschäftsführer/in (CEO) | Mitarbeiter: 1 bis 10 | Branche: Sanitär & Haustechnik'),
('aef805e4-054a-4d23-b669-485651a9fb2f', '7561e96c-50da-406c-b7ed-ea7bf95fb347', 'KALTAKQUISE', 'ACTIVE', 0, 'Funktion: Geschäftsführer/in (CEO) | Mitarbeiter: 1 bis 10 | Branche: Architekturbüros / Bau- & Projektmanagement | Rechtsform: Aktiengesellschaft'),
('99bf312f-88cc-489b-b7ac-8d7fb9681cfb', 'a0efd641-38ac-4004-b7a3-26f9297df3a3', 'KALTAKQUISE', 'ACTIVE', 0, 'Funktion: Geschäftsführer/in (CEO) | Mitarbeiter: 21 bis 50 | Branche: Gartenbau & -pflege | Rechtsform: Aktiengesellschaft'),
('6d3d668f-4ca8-417a-9c03-3af0d83bfbf9', '171dd951-c281-4304-9f98-fb3f48fa44fe', 'KALTAKQUISE', 'ACTIVE', 0, 'Funktion: Geschäftsführer/in (CEO) | Mitarbeiter: 1 bis 10 | Branche: Family Offices / Private Equity & Venture Capital Firmen | Rechtsform: Aktiengesellschaft'),
('422030c2-75b5-4adc-b71c-4b66561e78aa', '99505fbd-19dc-48f0-a552-86c66363009b', 'KALTAKQUISE', 'ACTIVE', 0, 'Funktion: Geschäftsführer/in (CEO) | Mitarbeiter: 11 bis 20 | Branche: Lebensmittelverarbeitung / Online Shops | Rechtsform: Einzelunternehmen'),
('d7e0a0ae-7759-4330-81c3-ac246d260eab', 'a8d3f4b6-7650-42e4-a56e-9d90ebe49c14', 'KALTAKQUISE', 'ACTIVE', 0, 'Funktion: Geschäftsführer/in (CEO) | Mitarbeiter: 11 bis 20 | Branche: Metallbauer | Rechtsform: Aktiengesellschaft'),
('be841126-ac1f-4d77-9b0c-e007a3e4e025', '7e1c464e-7401-4a7d-a862-da6a67fec4cb', 'KALTAKQUISE', 'ACTIVE', 0, 'Funktion: Geschäftsführer/in (CEO) | Mitarbeiter: 1 bis 10 | Branche: Bauingenieurbüros | Rechtsform: Aktiengesellschaft'),
('b350b378-0b21-4179-881e-5639d2702677', 'e9610ddf-e84c-438a-87a5-4a2a9e9bb432', 'KALTAKQUISE', 'ACTIVE', 0, 'Funktion: Geschäftsführer/in (CEO) | Mitarbeiter: 1 bis 10 | Branche: Family Offices / Externe Vermögensverwalter'),
('d9190900-9aee-4bce-9bec-a6971bbbc686', '87949103-6501-4cfd-9eb7-42af8c2e0af0', 'KALTAKQUISE', 'ACTIVE', 0, 'Funktion: Gesamtleitung/Direktion | Mitarbeiter: 1 bis 10 | Branche: Hotels | Rechtsform: Kollektivgesellschaft'),
('9244ca0f-50db-4c55-9a2e-284e9a022c17', '5a808c74-f5a1-4392-8650-f20462374da3', 'KALTAKQUISE', 'ACTIVE', 0, 'Funktion: Gesamtleitung/Direktion | Mitarbeiter: 1 bis 10 | Branche: Clubs, Bars & Eventlocations / Hotels | Rechtsform: Aktiengesellschaft'),
('dd8f54f6-b8c2-4c85-bcd6-168e14665569', 'f41b797f-4d65-48c3-9ddc-f087b24dc3cd', 'KALTAKQUISE', 'ACTIVE', 0, 'Funktion: Gesamtleitung/Direktion | Mitarbeiter: 1 bis 10 | Branche: Hotels | Rechtsform: Gesellschaft mit beschränkter Haftung'),
('ddf415df-1991-4c56-9db7-3c3447de5180', '4e9779f1-d057-426a-a4a7-0e8306e6508d', 'KALTAKQUISE', 'ACTIVE', 0, 'Funktion: Gesamtleitung/Direktion | Mitarbeiter: 1 bis 10 | Branche: Hotels | Rechtsform: Gesellschaft mit beschränkter Haftung'),
('7b483462-32d8-4538-b92e-f92971216075', '2d7bcbe7-6ba0-4d97-9903-06d15a9c2a20', 'KALTAKQUISE', 'ACTIVE', 0, 'Funktion: Gesamtleitung/Direktion | Mitarbeiter: 1 bis 10 | Branche: Hotels | Rechtsform: Aktiengesellschaft'),
('59ebfe91-f4ab-427c-bf2e-d1a84bdfcbdd', '948ec73b-a083-40f6-b9b5-e02e8311d7f4', 'KALTAKQUISE', 'ACTIVE', 0, 'Funktion: Geschäftsführer/in (CEO) | Mitarbeiter: 11 bis 20 | Branche: FinTech | Rechtsform: Aktiengesellschaft'),
('b95d9cfa-8e11-404f-8f3c-6687f3acc1f6', 'd6c51e16-9dd3-4bf6-b72c-7a8ef8a8cdd1', 'KALTAKQUISE', 'ACTIVE', 0, 'Funktion: Geschäftsführer/in (CEO) | Mitarbeiter: 1 bis 10 | Branche: Apotheken & Drogerien | Rechtsform: Aktiengesellschaft'),
('bb2f0fe2-7468-488d-8a49-92c9a0e3e286', '6db43d8f-8f0c-42a2-9cee-b69d3a5e8905', 'KALTAKQUISE', 'ACTIVE', 0, 'Funktion: Geschäftsführer/in (CEO) | Mitarbeiter: 11 bis 20 | Branche: Arztpraxen'),
('c87a31b3-a3da-4c11-b84e-5646ac6c08f7', '96979f7e-6a10-4c11-821b-02839fb60720', 'KALTAKQUISE', 'ACTIVE', 0, 'Funktion: Geschäftsführer/in (CEO) | Mitarbeiter: 1 bis 10 | Branche: Architekturbüros'),
('ebf9f7fc-6502-4904-b968-6986081f6101', '06368355-d511-4716-b8a8-70ed75161c02', 'KALTAKQUISE', 'ACTIVE', 0, 'Funktion: Geschäftsführer/in (CEO) | Mitarbeiter: 1 bis 10 | Branche: Architekturbüros | Rechtsform: Einzelunternehmen'),
('c359b3ea-50dc-452e-8c44-f68d07acbb92', 'e11c3bf9-3ee2-43d9-94a0-42eca344c398', 'KALTAKQUISE', 'ACTIVE', 0, 'Funktion: Geschäftsführer/in (CEO) | Mitarbeiter: 1 bis 10 | Branche: Architekturbüros | Rechtsform: Gesellschaft mit beschränkter Haftung'),
('a7d0a404-d5d0-4c26-9278-33a460c58bc0', '736eba97-a99e-40b9-91a6-1aba6d41f864', 'KALTAKQUISE', 'ACTIVE', 0, 'Funktion: Geschäftsführer/in (CEO) | Mitarbeiter: 1 bis 10 | Branche: Architekturbüros'),
('5174ba0a-2c0e-4fd6-bf6a-3ff61f884d71', '133fa31b-0e88-4f46-b14e-95a0dcbc4706', 'KALTAKQUISE', 'ACTIVE', 0, 'Funktion: Geschäftsführer/in (CEO) | Mitarbeiter: 1 bis 10 | Branche: Architekturbüros'),
('31297295-c7e8-488e-8619-48f38e2845c9', '36d05412-2f5c-4537-9538-5e8e3b3a9647', 'KALTAKQUISE', 'ACTIVE', 0, 'Funktion: Geschäftsführer/in (CEO) | Mitarbeiter: 1 bis 10 | Branche: Personalvermittler & -berater | Rechtsform: Gesellschaft mit beschränkter Haftung'),
('ce0af85f-f055-4034-aa43-01cb819ac98e', 'ccdf1d68-1bdb-49f4-9c80-668175269bff', 'KALTAKQUISE', 'ACTIVE', 0, 'Funktion: Geschäftsführer/in (CEO) | Mitarbeiter: 1 bis 10 | Branche: Bio-Betriebe / Detailhandel - Food & Getränke | Rechtsform: Einzelunternehmen'),
('1dea557b-ac5c-41c5-84b4-fc8b3b68d25f', '97ae0163-462d-4832-a89f-3f7ff6549727', 'KALTAKQUISE', 'ACTIVE', 0, 'Funktion: Geschäftsführer/in (CEO) | Mitarbeiter: 1 bis 10 | Branche: Externe Vermögensverwalter'),
('dbdf11fe-f953-49fc-b21e-4d98c7016190', '308d1aaf-e288-4cad-ba54-360217e6361d', 'KALTAKQUISE', 'ACTIVE', 0, 'Funktion: Geschäftsführer/in (CEO) | Mitarbeiter: 1 bis 10 | Branche: Boden- & Plattenleger'),
('a90af8f7-25ff-4f0c-a504-1147b4730644', 'd47d6a7e-7a71-43cf-b058-c38d54a050ea', 'KALTAKQUISE', 'ACTIVE', 0, 'Funktion: Geschäftsführer/in (CEO) | Mitarbeiter: 1 bis 10 | Branche: Schreinerei- & Holzbaubetriebe | Rechtsform: Einzelunternehmen'),
('4496b59a-cbeb-4cbc-9b39-be1d0452358e', '718e86d5-dcc0-4b10-b79c-b59937f97bb3', 'KALTAKQUISE', 'ACTIVE', 0, 'Funktion: Geschäftsführer/in (CEO) | Mitarbeiter: 1 bis 10 | Branche: Architekturbüros / Innenausstatter | Rechtsform: Einzelunternehmen'),
('4a6fa0dc-fcc5-467a-9117-ad7409e43ab2', 'a5ad337d-0451-47a3-8810-8a7efe5fa11b', 'KALTAKQUISE', 'ACTIVE', 0, 'Funktion: Inhaber/in (Owner/Founder) | Mitarbeiter: 1 bis 10 | Branche: Schreinerei- & Holzbaubetriebe'),
('7d1c1ab2-f854-45b5-bf3a-57e5d8196c45', 'a6e889be-5cc3-4d55-aefd-0ed918f5b464', 'KALTAKQUISE', 'ACTIVE', 0, 'Funktion: Geschäftsführer/in (CEO) | Mitarbeiter: 1 bis 10 | Branche: Werbeagenturen | Rechtsform: Gesellschaft mit beschränkter Haftung'),
('ef53e785-cd06-420e-be4d-019566a8ff2f', 'ff7378ae-8726-49ac-9fc5-c99caf424d7d', 'KALTAKQUISE', 'ACTIVE', 0, 'Funktion: Geschäftsführer/in (CEO) | Mitarbeiter: 1 bis 10 | Branche: Glas-, Keramik-, Stein- & Baustoffindustrie | Rechtsform: Gesellschaft mit beschränkter Haftung'),
('2cb52dc9-9159-4a49-bd53-8d1bc4636424', '658ddaff-846f-46f5-a0c6-44ba185c8f65', 'KALTAKQUISE', 'ACTIVE', 0, 'Funktion: Geschäftsführer/in (CEO) | Mitarbeiter: 1 bis 10 | Branche: Maler- & Gipsergeschäfte | Rechtsform: Einzelunternehmen'),
('fa7ae943-4563-4087-a2fc-512cdb6305ab', 'aa12d46d-09d5-4a9c-a4e0-87f273f83cfc', 'KALTAKQUISE', 'ACTIVE', 0, 'Funktion: Geschäftsführer/in (CEO) | Mitarbeiter: 1 bis 10 | Branche: Gartenbau & -pflege'),
('56eae588-2332-447d-b4aa-f82adfc9d51a', 'cad15bd8-91ab-4488-8227-77adb6026fec', 'KALTAKQUISE', 'ACTIVE', 0, 'Funktion: Geschäftsführer/in (CEO) | Mitarbeiter: 1 bis 10 | Branche: Schreinerei- & Holzbaubetriebe'),
('cb1fd1ef-6d4b-4938-99ce-b520c774170e', '6aff68db-a2f0-4bf1-930e-6f4b21f16969', 'KALTAKQUISE', 'ACTIVE', 0, 'Funktion: Geschäftsführer/in (CEO) | Mitarbeiter: 1 bis 10 | Branche: Architekturbüros | Rechtsform: Gesellschaft mit beschränkter Haftung'),
('498204ee-2987-410d-b905-25a44b3ee1d2', '3f87b00c-92db-4a81-8ab3-e7967db9b1f8', 'KALTAKQUISE', 'ACTIVE', 0, 'Funktion: Geschäftsführer/in (CEO) | Mitarbeiter: 1 bis 10 | Branche: Architekturbüros | Rechtsform: Aktiengesellschaft'),
('9ccfcebd-3dca-48fa-8e9f-b7d569038232', '1ec5236a-f508-41b4-a5d8-8e92c9449ce5', 'KALTAKQUISE', 'ACTIVE', 0, 'Funktion: Geschäftsführer/in (CEO) | Mitarbeiter: 101 bis 500 | Branche: Elektroindustrie | Rechtsform: Aktiengesellschaft'),
('29a1dbe2-5e07-4e07-80d1-78b9a423bc76', '5f8334b6-e26c-40c0-9aaa-fe17e32658b2', 'KALTAKQUISE', 'ACTIVE', 0, 'Funktion: Geschäftsführer/in (CEO) | Mitarbeiter: 1 bis 10 | Branche: Bau- & Projektmanagement / Bauherrenvertretung | Rechtsform: Gesellschaft mit beschränkter Haftung'),
('c796136f-9c84-46d3-9552-27810e932312', '21e02605-99df-467f-971e-14b90fed8835', 'KALTAKQUISE', 'ACTIVE', 0, 'Funktion: Geschäftsführer/in (CEO) | Mitarbeiter: 1 bis 10 | Branche: Spielwaren- & Babyfachhandel | Rechtsform: Aktiengesellschaft'),
('5d599aae-e30c-4c1c-828b-aa554a76a6c2', '7ee61cda-b32a-4cac-a898-8e437b712bff', 'KALTAKQUISE', 'ACTIVE', 0, 'Funktion: Geschäftsführer/in (CEO) | Mitarbeiter: 21 bis 50 | Branche: Architekturbüros | Rechtsform: Aktiengesellschaft'),
('d24ab4ad-52a6-4be9-a5ef-5736cd84466b', '53db3c51-f7bc-48fa-b643-fc9fecccfeee', 'KALTAKQUISE', 'ACTIVE', 0, 'Funktion: Geschäftsführer/in (CEO) | Mitarbeiter: 1 bis 10 | Branche: Sanitär & Haustechnik | Rechtsform: Gesellschaft mit beschränkter Haftung'),
('9d3c82ee-2fc1-4e0f-9a5e-a8bb2934e4ff', 'a9ab4691-45bc-4467-903b-86382285c0b8', 'KALTAKQUISE', 'ACTIVE', 0, 'Funktion: Geschäftsführer/in (CEO) | Mitarbeiter: 1 bis 10 | Branche: Schreinerei- & Holzbaubetriebe'),
('af6c406c-78d4-403d-918b-8aeee5c8d2c6', 'b76f2604-50c6-469e-9e41-b8f7d720b760', 'KALTAKQUISE', 'ACTIVE', 0, 'Funktion: Geschäftsführer/in (CEO) | Mitarbeiter: 1 bis 10 | Branche: Immobilienvermittlung | Rechtsform: Aktiengesellschaft'),
('2c833853-20d2-45d9-bfe1-76a51a94fb57', '15759d8f-bef9-4409-b6ab-be2699525e19', 'KALTAKQUISE', 'ACTIVE', 0, 'Funktion: Geschäftsführer/in (CEO) | Mitarbeiter: 1 bis 10 | Branche: Lebensmittelverarbeitung | Rechtsform: Gesellschaft mit beschränkter Haftung'),
('f1f08783-3f1b-4e0b-a8ac-821db23e1de4', 'b65b2184-f359-49b4-9696-c5c968646a11', 'KALTAKQUISE', 'ACTIVE', 0, 'Funktion: Geschäftsführer/in (CEO) | Mitarbeiter: 1 bis 10 | Branche: Glas-, Keramik-, Stein- & Baustoffindustrie | Rechtsform: Aktiengesellschaft'),
('f8c9abfa-458f-41ac-a8bc-25870b3a6103', 'ce2fd562-8267-40d8-b520-818c33bcde15', 'KALTAKQUISE', 'ACTIVE', 0, 'Funktion: Geschäftsführer/in (CEO) | Mitarbeiter: 1 bis 10 | Branche: Bauingenieurbüros | Rechtsform: Kollektivgesellschaft'),
('11d08909-f10b-4d6d-a055-b3b6e012685f', '547ae3aa-87f4-4b5d-9987-d27f2c47abc6', 'KALTAKQUISE', 'ACTIVE', 0, 'Funktion: Geschäftsführer/in (CEO) | Mitarbeiter: 1 bis 10 | Branche: Gartenbau & -pflege | Rechtsform: Gesellschaft mit beschränkter Haftung'),
('3b8946f9-0bd9-46f7-85cc-6cacdab63cee', '366a9a7c-fee0-4f57-bcb4-e8e6a740d344', 'KALTAKQUISE', 'ACTIVE', 0, 'Funktion: Leitung Schule | Mitarbeiter: 11 bis 20 | Branche: Weiterbildungsinstitute'),
('09a45248-dd64-48cd-8058-74f0001b2b38', '98efd4c5-1369-4b5a-a9ca-105310e3a130', 'KALTAKQUISE', 'ACTIVE', 0, 'Funktion: Geschäftsführer/in (CEO) | Mitarbeiter: 21 bis 50 | Branche: Bau- & Projektmanagement / Bauingenieurbüros | Rechtsform: Schweizerische Zweigniederlassung'),
('895e9dad-3a09-463c-a3ca-6de8bb37d661', 'bc486f1e-57c8-44bf-8682-7d8d993114c2', 'KALTAKQUISE', 'ACTIVE', 0, 'Funktion: Geschäftsführer/in (CEO) | Mitarbeiter: 1 bis 10 | Branche: Architekturbüros / Bau- & Projektmanagement | Rechtsform: Einzelunternehmen'),
('6685a5d1-c190-4b8f-80c4-2a99e52ba616', '78ddbb1d-7893-4dda-9b1e-43015088fdab', 'KALTAKQUISE', 'ACTIVE', 0, 'Funktion: Leitung Elektroinstallation | Mitarbeiter: 11 bis 20 | Branche: Elektroplanung & Installation | Rechtsform: Aktiengesellschaft'),
('6209787f-5b12-46b5-9239-bf0a7fc13241', 'd965efdf-4de0-4da4-a8f0-ea9f23f332b7', 'KALTAKQUISE', 'ACTIVE', 0, 'Funktion: Geschäftsführer/in (CEO) | Mitarbeiter: 1 bis 10 | Branche: Unternehmensberater | Rechtsform: Einzelunternehmen'),
('561c27d9-8fcf-4108-81ef-383003c89686', 'b2b1ff48-9635-496a-ba80-233fa5b14fa9', 'KALTAKQUISE', 'ACTIVE', 0, 'Funktion: Geschäftsführer/in (CEO) | Mitarbeiter: 51 bis 100 | Branche: Metallbauer | Rechtsform: Aktiengesellschaft'),
('19dedfa0-31d1-4b89-9f18-e5027ac87d92', '3c1bfdd3-7755-425e-9fb5-eb7e27903c90', 'KALTAKQUISE', 'ACTIVE', 0, 'Funktion: Geschäftsführer/in (CEO) | Mitarbeiter: 1 bis 10 | Branche: Treuhandbüros | Rechtsform: Aktiengesellschaft'),
('850c44cf-0df6-40c9-9610-54bf3b975de7', '11dc02d4-0e2d-4d1b-b406-6e6cc3e2d67b', 'KALTAKQUISE', 'ACTIVE', 0, 'Funktion: Geschäftsführer/in (CEO) | Mitarbeiter: 1 bis 10 | Branche: Kunststoffindustrie | Rechtsform: Aktiengesellschaft'),
('8a482be6-c50a-4783-b1bd-77e62e9066af', 'ab400502-4f56-459a-bff0-cf09deb7e6c8', 'KALTAKQUISE', 'ACTIVE', 0, 'Funktion: Geschäftsführer/in (CEO) | Mitarbeiter: 1 bis 10 | Branche: Elektroindustrie / Energieindustrie | Rechtsform: Aktiengesellschaft'),
('fb72f0ae-971a-4515-89e1-4a0c64fbb325', '33cd2ab4-0905-422e-b117-180b93918193', 'KALTAKQUISE', 'ACTIVE', 0, 'Funktion: Geschäftsführer/in (CEO) | Mitarbeiter: 1 bis 10 | Branche: Boden- & Plattenleger'),
('40143779-df6c-44d4-a9f6-a418c40870bf', 'ae1389e8-832a-4dd4-b826-0f18155bc334', 'KALTAKQUISE', 'ACTIVE', 0, 'Funktion: Geschäftsführer/in (CEO) | Mitarbeiter: 1 bis 10 | Branche: Schreinerei- & Holzbaubetriebe | Rechtsform: Gesellschaft mit beschränkter Haftung'),
('6eb02c19-ccf9-44eb-93d9-2b00f15bbd29', '94618ed6-84c6-4010-af75-c6c00b8102f2', 'KALTAKQUISE', 'ACTIVE', 0, 'Funktion: Geschäftsführer/in (CEO) | Mitarbeiter: 1 bis 10 | Branche: Innenausstatter | Rechtsform: Gesellschaft mit beschränkter Haftung'),
('f1910d40-3737-4409-b80a-eb091d3e4a97', '0d6ff611-5a31-4f92-a3af-16930ab0397e', 'KALTAKQUISE', 'ACTIVE', 0, 'Funktion: Geschäftsführer/in (CEO) | Mitarbeiter: 1 bis 10 | Branche: Maschinenbauindustrie | Rechtsform: Gesellschaft mit beschränkter Haftung'),
('adb3c4fc-6bc9-4102-b14f-48a98e98811c', '6152271b-5706-4380-bea3-20fa82f2f4fe', 'KALTAKQUISE', 'ACTIVE', 0, 'Funktion: Geschäftsführer/in (CEO) | Mitarbeiter: 1 bis 10 | Branche: Versicherungsbroker & -makler | Rechtsform: Aktiengesellschaft'),
('d19da87a-ae71-4138-8c84-c1a08d3e7b5c', '4c47bda6-8e01-497c-ba5f-e47d5a2ed6f9', 'KALTAKQUISE', 'ACTIVE', 0, 'Funktion: Geschäftsführer/in (CEO) | Mitarbeiter: 51 bis 100 | Branche: Baugeschäfte | Rechtsform: Aktiengesellschaft'),
('80ea1367-84bc-41fa-8174-f997679b0011', 'b8a5e136-5bee-4e71-8811-b08eb0ac0e3d', 'KALTAKQUISE', 'ACTIVE', 0, 'Funktion: Geschäftsführer/in (CEO) | Mitarbeiter: 1 bis 10 | Branche: Bau- & Projektmanagement | Rechtsform: Gesellschaft mit beschränkter Haftung'),
('bb657e0e-5959-4b06-af10-0ff09a7d0714', '63f258a0-b173-40ed-9878-2b8b5d0b1b3a', 'KALTAKQUISE', 'ACTIVE', 0, 'Funktion: Geschäftsführer/in (CEO) | Mitarbeiter: 1 bis 10 | Branche: Unternehmensberater | Rechtsform: Gesellschaft mit beschränkter Haftung'),
('485f273b-8689-459a-86be-3d24e6da51a2', '30f7c72f-7109-44e5-a458-fefed395edbc', 'KALTAKQUISE', 'ACTIVE', 0, 'Funktion: Geschäftsführer/in (CEO) | Mitarbeiter: 11 bis 20 | Branche: Elektroindustrie / Nachhaltigkeitsbereich / Online Shops / Solar & Photovoltaik | Rechtsform: Gesellschaft mit beschränkter Haftung'),
('accbf999-82f4-4f7f-b081-1b008bbb036b', '973a8fac-65d1-4986-9afa-39ce3f02e4fa', 'KALTAKQUISE', 'ACTIVE', 0, 'Funktion: Geschäftsführer/in (CEO) | Mitarbeiter: 11 bis 20 | Branche: Gartenbau & -pflege | Rechtsform: Aktiengesellschaft'),
('576597fe-d834-48b1-bae6-370b4890b7b8', '26609828-8a64-4257-a001-717d7d6e97c2', 'KALTAKQUISE', 'ACTIVE', 0, 'Funktion: Geschäftsführer/in (CEO) | Mitarbeiter: 1 bis 10 | Branche: Gartenbau & -pflege'),
('aa07ffb3-0836-424c-a842-1d193dc87db4', '43d602db-fbed-42fa-b029-d4194dfe87bc', 'KALTAKQUISE', 'ACTIVE', 0, 'Funktion: Geschäftsführer/in (CEO) | Mitarbeiter: 1 bis 10 | Branche: Nachhaltigkeitsbereich | Rechtsform: Aktiengesellschaft'),
('29c5f083-ad74-4547-a626-7e323b20856f', 'fb681584-a345-4b5b-8736-ddb5aa6e040f', 'KALTAKQUISE', 'ACTIVE', 0, 'Funktion: Geschäftsführer/in (CEO) | Mitarbeiter: 1 bis 10 | Branche: Family Offices / Externe Vermögensverwalter | Rechtsform: Aktiengesellschaft'),
('1ffa884d-6a8d-46f5-90fd-bc7c297e1f6e', '8d3d6f21-0ba4-4da6-9dc8-7d4e98d11f95', 'KALTAKQUISE', 'ACTIVE', 0, 'Funktion: Geschäftsführer/in (CEO) | Mitarbeiter: 11 bis 20 | Branche: Online Shops | Rechtsform: Aktiengesellschaft'),
('fcf8d3f1-9348-4476-83eb-0f34b2f264ac', '41be23c3-68aa-40be-aafb-ae9d0ec85012', 'KALTAKQUISE', 'ACTIVE', 0, 'Funktion: Geschäftsführer/in (CEO) | Mitarbeiter: 1 bis 10 | Branche: Boden- & Plattenleger'),
('54002981-982d-42b4-961e-9c1982a05ff3', 'f30cd770-8170-4c7c-a88d-5787179327b4', 'KALTAKQUISE', 'ACTIVE', 0, 'Funktion: Geschäftsführer/in (CEO) | Mitarbeiter: 1 bis 10 | Branche: Sanitär & Haustechnik | Rechtsform: Einzelunternehmen'),
('609d1562-34c2-4813-ab05-31cf151eb458', '67efb77d-6ba9-4cbc-9a76-aaa025898690', 'KALTAKQUISE', 'ACTIVE', 0, 'Funktion: Geschäftsführer/in (CEO) | Mitarbeiter: 1 bis 10 | Branche: Metallbauer | Rechtsform: Gesellschaft mit beschränkter Haftung'),
('2f8b4684-0479-490f-ada0-eaed2e836b4a', 'a02f4d51-6f4d-498d-a3a5-26b6e236e056', 'KALTAKQUISE', 'ACTIVE', 0, 'Funktion: Geschäftsführer/in (CEO) | Mitarbeiter: 11 bis 20 | Branche: Kunststoffindustrie | Rechtsform: Aktiengesellschaft'),
('24413870-ca9f-4766-8fbd-ed6eb5d897bf', '3c6de485-0210-4eed-ad70-99f90585243a', 'KALTAKQUISE', 'ACTIVE', 0, 'Funktion: Geschäftsführer/in (CEO) | Mitarbeiter: 1 bis 10 | Branche: Hofläden & Bauernhöfe'),
('6a947ce0-6650-40b1-86ad-13c52dc4e65c', 'e5ed8082-7519-4d1b-8eb8-8d5395a74816', 'KALTAKQUISE', 'ACTIVE', 0, 'Funktion: Leitung Schule | Mitarbeiter: 101 bis 500 | Branche: Schulen'),
('1b60f90f-ddc1-4b67-94d7-e24a8f952e62', '974e94a8-55a4-4f23-8aaf-ade27809dccc', 'KALTAKQUISE', 'ACTIVE', 0, 'Funktion: Geschäftsführer/in (CEO) | Mitarbeiter: 1 bis 10 | Branche: Online Shops / Uhrenindustrie | Rechtsform: Aktiengesellschaft'),
('decdcd6d-0f26-4a57-bc89-1e05a5880b2a', '2a184e06-8c3a-4c84-b89c-90d54161bb2e', 'KALTAKQUISE', 'ACTIVE', 0, 'Funktion: Geschäftsführer/in (CEO) | Mitarbeiter: 1 bis 10 | Branche: Getränkeindustrie | Rechtsform: Gesellschaft mit beschränkter Haftung'),
('ad405a44-dcde-4a52-b571-f1cb7309e8bb', '892ff687-6e27-4363-97e9-bd3b2c17a3ba', 'KALTAKQUISE', 'ACTIVE', 0, 'Funktion: Geschäftsführer/in (CEO) | Mitarbeiter: 1 bis 10 | Branche: Lebensmittelverarbeitung | Rechtsform: Einzelunternehmen'),
('bf1fc83e-81e7-4290-9ab9-ae59adce187c', '225fbe6e-7f91-4d46-9b5c-80f8a04c048d', 'KALTAKQUISE', 'ACTIVE', 0, 'Funktion: Geschäftsführer/in (CEO) | Mitarbeiter: 11 bis 20 | Branche: Pensionskassen | Rechtsform: Stiftung'),
('717b3940-80a2-42d6-8734-8a67fd4c51ba', '740f1903-b7ae-45cb-bbbb-a774cf2b1b56', 'KALTAKQUISE', 'ACTIVE', 0, 'Funktion: Geschäftsführer/in (CEO) | Mitarbeiter: 1 bis 10 | Branche: Maler- & Gipsergeschäfte'),
('634f63b3-f232-4255-8d99-e4b8af7a1adf', 'e866f44f-0c46-4245-bd37-9648ce54e533', 'KALTAKQUISE', 'ACTIVE', 0, 'Funktion: Geschäftsführer/in (CEO) | Mitarbeiter: 1 bis 10 | Branche: Unternehmensberater'),
('4f9e4889-3199-4d1c-97ca-12fdcc6cd0f5', '90f602af-ed31-4461-8582-b43b66d8dff7', 'KALTAKQUISE', 'ACTIVE', 0, 'Funktion: Geschäftsführer/in (CEO) | Mitarbeiter: 1 bis 10 | Branche: Elektroindustrie | Rechtsform: Einzelunternehmen'),
('809c0e7c-ea84-41a6-be9f-c50685278c44', '9cbe4d72-49c3-4a8a-ae2a-f4c795b0497c', 'KALTAKQUISE', 'ACTIVE', 0, 'Funktion: Geschäftsführer/in (CEO) | Mitarbeiter: 1 bis 10 | Branche: Maler- & Gipsergeschäfte | Rechtsform: Gesellschaft mit beschränkter Haftung'),
('275a4fee-e6fe-430e-954c-945a3e1fc4ab', '30375193-6207-43ad-aee2-8a61580ad41e', 'KALTAKQUISE', 'ACTIVE', 0, 'Funktion: Geschäftsführer/in (CEO) | Mitarbeiter: 1 bis 10 | Branche: Atem- Meditation- & Yogacenter | Rechtsform: Einzelunternehmen'),
('53f4f789-55be-48c8-a61e-34f8cfb03d4a', 'ba196086-d620-4857-a5fc-6974cbfb03fa', 'KALTAKQUISE', 'ACTIVE', 0, 'Funktion: Geschäftsführer/in (CEO) | Mitarbeiter: 1 bis 10 | Branche: Elektroindustrie | Rechtsform: Einzelunternehmen'),
('25d253fb-f296-4875-99d3-f775e2a22f5f', 'b7274615-0dc2-4195-90d6-df03a10d6bd9', 'KALTAKQUISE', 'ACTIVE', 0, 'Funktion: Geschäftsführer/in (CEO) | Mitarbeiter: 1 bis 10 | Branche: Maler- & Gipsergeschäfte | Rechtsform: Einzelunternehmen'),
('bc642f71-86c2-429b-b107-d417188e2922', 'b24ba066-65f6-4691-b5a2-859b178dbfd1', 'KALTAKQUISE', 'ACTIVE', 0, 'Funktion: Inhaber/in (Owner/Founder) | Mitarbeiter: 1 bis 10 | Branche: Schreinerei- & Holzbaubetriebe'),
('44dd0ea4-fdaa-4a51-96f1-1b7ceb93b3b3', '9da4e3f7-58b1-4420-a507-995c705cdd08', 'KALTAKQUISE', 'ACTIVE', 0, 'Funktion: Geschäftsführer/in (CEO) | Mitarbeiter: 11 bis 20 | Branche: Chemieindustrie | Rechtsform: Aktiengesellschaft'),
('a661cd88-bc32-450e-a1df-e1323b4c571e', '763a6ca1-3e2f-4bf7-a52e-6af487d1f465', 'KALTAKQUISE', 'ACTIVE', 0, 'Funktion: Geschäftsführer/in (CEO) | Mitarbeiter: 11 bis 20 | Branche: Sanitär & Haustechnik | Rechtsform: Gesellschaft mit beschränkter Haftung'),
('118e23bb-4377-4d5f-8677-359c64640f44', '955fb9f4-da4b-4069-9137-b4bd0e2b899c', 'KALTAKQUISE', 'ACTIVE', 0, 'Funktion: Geschäftsführer/in (CEO) | Mitarbeiter: 21 bis 50 | Branche: Architekturbüros | Rechtsform: Aktiengesellschaft'),
('fc464cfc-5ec1-441b-92c9-26fbbc923234', 'abc969c4-413a-43af-9684-97f4a934cd08', 'KALTAKQUISE', 'ACTIVE', 0, 'Funktion: Geschäftsführer/in (CEO) | Mitarbeiter: 21 bis 50 | Branche: Architekturbüros | Rechtsform: Aktiengesellschaft'),
('62636d2a-12de-4796-9b95-fe63b515be4d', 'a6a79e41-8927-4714-a28c-f1d0872ef496', 'KALTAKQUISE', 'ACTIVE', 0, 'Funktion: Geschäftsführer/in (CEO) | Mitarbeiter: 11 bis 20 | Branche: Sanitär & Haustechnik | Rechtsform: Aktiengesellschaft'),
('b68e9fd9-55d4-402b-922d-b6cd4faad40b', '4ccc56a6-e339-47d3-ac5b-b08b6ab084b1', 'KALTAKQUISE', 'ACTIVE', 0, 'Funktion: Gesamtleitung/Direktion | Mitarbeiter: 1 bis 10 | Branche: Kindergärten & -krippen | Rechtsform: Gesellschaft mit beschränkter Haftung'),
('eb5a358e-cd4b-4862-b0de-152dbf1abc0e', 'f7d3a814-7025-4c60-8576-e168775c208a', 'KALTAKQUISE', 'ACTIVE', 0, 'Funktion: Geschäftsführer/in (CEO) | Mitarbeiter: 21 bis 50 | Branche: Baugeschäfte | Rechtsform: Aktiengesellschaft'),
('d286933d-33e3-4f8e-8595-03b04d0e0f2d', 'c2c06e7e-7250-42bf-813a-51b1355719bc', 'KALTAKQUISE', 'ACTIVE', 0, 'Funktion: Geschäftsführer/in (CEO) | Mitarbeiter: 21 bis 50 | Branche: Clubs, Bars & Eventlocations'),
('bb96cbc5-12ac-4cc5-b324-cb51b131a366', '01c7b910-04d0-4efb-a279-14a70b0d041e', 'KALTAKQUISE', 'ACTIVE', 0, 'Funktion: Geschäftsführer/in (CEO) | Mitarbeiter: 101 bis 500 | Branche: Medizintechnik-Industrie | Rechtsform: Aktiengesellschaft'),
('0e14a4d6-2615-469d-b71a-2257530846da', '7915e35c-f631-4d52-9f3a-98590dcfc0d9', 'KALTAKQUISE', 'ACTIVE', 0, 'Funktion: Geschäftsführer/in (CEO) | Mitarbeiter: 1 bis 10 | Branche: Sanitär & Haustechnik'),
('1fc7addc-8299-4b9f-9800-69fc5a5bb3c9', 'a87caad6-dd94-4078-926c-7e8be6344c7d', 'KALTAKQUISE', 'ACTIVE', 0, 'Funktion: Geschäftsführer/in (CEO) | Mitarbeiter: 1 bis 10 | Branche: Werbeagenturen | Rechtsform: Aktiengesellschaft'),
('649ce658-9505-474f-9f8c-9dd6312c87a9', '56192365-3b3c-4c68-8d2b-b1e50af33cb9', 'KALTAKQUISE', 'ACTIVE', 0, 'Funktion: Geschäftsführer/in (CEO) | Mitarbeiter: 1 bis 10 | Branche: Lebensmittelverarbeitung | Rechtsform: Gesellschaft mit beschränkter Haftung'),
('4da3e62c-2c7c-41f5-8737-4339e26ea8f1', '2a6c35db-9ef7-4407-9455-71487af67eb3', 'KALTAKQUISE', 'ACTIVE', 0, 'Funktion: Geschäftsführer/in (CEO) | Mitarbeiter: 1 bis 10 | Branche: Clubs, Bars & Eventlocations');

INSERT INTO lead_tags (lead_id, tag_id) VALUES
('3393d347-cdb5-4110-9df9-d35d1e44af83', 'ka-b2b'),
('b2dd1b64-e723-4b0a-bc5d-af38049ca416', 'ka-b2b'),
('07b89415-4ad1-4d38-afa8-288666084923', 'ka-b2b'),
('7fa885d5-aefc-40b7-ac22-ae584104b768', 'ka-b2b'),
('03fa0c8d-2b4d-46be-86a3-36fee6b402f7', 'ka-b2b'),
('f73ad09b-32fa-4906-94f3-fe69cb70dc60', 'ka-b2b'),
('f613863d-a826-4498-a1e1-add8508c7ee0', 'ka-b2b'),
('0005f99e-d2dc-48a9-ae43-4c18e7ad4231', 'ka-b2b'),
('a388619b-f354-4307-bdeb-c286f23f1c9b', 'ka-b2b'),
('d86309fd-f7e8-4297-ae57-e0e76ba719f9', 'ka-b2b'),
('f039b406-1906-4247-9a91-bbd678b8f0ae', 'ka-b2b'),
('a642639d-f67f-4609-8681-52e538c04dc6', 'ka-b2b'),
('b04e7bb4-7174-4e42-95f5-300f210d7adc', 'ka-b2b'),
('fff68454-b660-4b91-b2b1-b78a1056a5c7', 'ka-b2b'),
('70028717-1dc0-4b9b-91d2-a336f53a789e', 'ka-b2b'),
('b7e71ab5-3403-4f1d-8c3c-6d0664bdeba0', 'ka-b2b'),
('9de38dcf-e0aa-432d-9162-ec7a9536d04d', 'ka-b2b'),
('09445bf0-32a0-413e-8575-febc0e90d180', 'ka-b2b'),
('645664f7-4884-4e49-af89-22a54531fbb5', 'ka-b2b'),
('0d4151fc-a864-496b-943f-57b2230d450c', 'ka-b2b'),
('bae5a30e-2afa-4ba5-b74d-36d6952d8161', 'ka-b2b'),
('317b9f9b-e89c-48f6-a170-1d28a1a85c1b', 'ka-b2b'),
('6fa47fda-e8f7-400c-a352-ac8194cd8c76', 'ka-b2b'),
('dd97acca-d4e9-4140-ae1f-e71a6c93600a', 'ka-b2b'),
('4d64f7d5-f167-4496-9a2d-b027b7ce9938', 'ka-b2b'),
('05cf2bdb-7be2-4f06-85c2-ec982958eb3e', 'ka-b2b'),
('9e4110b1-5648-4b34-90b4-4803dfaffaad', 'ka-b2b'),
('221913de-8b75-4282-91f6-c0dc0ad01f88', 'ka-b2b'),
('4342e90b-d0f5-412e-9caf-80cf5710a6a8', 'ka-b2b'),
('b907acfc-33a4-4a39-acd4-2173b71517e6', 'ka-b2b'),
('f6c4c95f-eef0-47c8-bcf3-93103ce8cbcf', 'ka-b2b'),
('fc959f02-1ca6-4eb4-a6e4-ae4308c32268', 'ka-b2b'),
('1802f0a1-9942-4bb8-b3ae-3c5b3a787576', 'ka-b2b'),
('09020d7d-3fcf-4437-80e2-d420ba8b9412', 'ka-b2b'),
('e7d8c82e-250f-4e1f-9694-5f1e7dc583a4', 'ka-b2b'),
('a6d91e6e-0d72-4004-902a-edec1fe548e5', 'ka-b2b'),
('5d5cf3ca-2150-4d72-b634-e9c3046211e2', 'ka-b2b'),
('e1ee9780-94ce-48f2-a0d1-05844c1329b4', 'ka-b2b'),
('4505f350-5739-43f7-8c31-ded9c77c8f1d', 'ka-b2b'),
('7294f487-93df-406c-be7a-12886e98a6d9', 'ka-b2b'),
('8c125ede-797b-4478-982a-cc4762af8f99', 'ka-b2b'),
('461c1168-6551-4422-8297-f5e4b38b419c', 'ka-b2b'),
('0f9e62d6-d718-49d5-9fa4-544326cfbd08', 'ka-b2b'),
('b3c37564-c1a0-479e-be46-5847f938aace', 'ka-b2b'),
('596f0ea1-97d8-4db3-bb3b-6345b3a1b1aa', 'ka-b2b'),
('0aa2eb28-5fab-471f-9563-94727243a958', 'ka-b2b'),
('e7e0787a-42b6-46cb-8838-7f9a854f80f8', 'ka-b2b'),
('8c28c08b-2606-4b49-9d4a-8ca19d37df4e', 'ka-b2b'),
('9a68adb9-6701-4ae9-8858-17eee7e121ee', 'ka-b2b'),
('5a9e24fe-1380-4120-887c-63dfaf8af39b', 'ka-b2b'),
('3ce1254c-9fa5-40e7-a570-446865b00b64', 'ka-b2b'),
('6c8b6c40-f5a8-4a5b-9b61-5c366ac007c9', 'ka-b2b'),
('6e6c4e12-b185-42eb-bda5-32e94721377c', 'ka-b2b'),
('a0498ec2-7ea3-44a3-a206-61f4c9eaf9ae', 'ka-b2b'),
('ce6ed5fe-6235-4838-863a-9fc77ee904f2', 'ka-b2b'),
('315bb17a-e02b-43ad-9538-cb0741348dfc', 'ka-b2b'),
('49f8aac9-6bb8-401b-907f-e9e0061b8efc', 'ka-b2b'),
('2fb40616-6c46-4481-84af-9f14a7135b47', 'ka-b2b'),
('bf03cdd4-8397-4a3c-8b47-041f02b4ff9f', 'ka-b2b'),
('383bb43f-97ae-47d5-87e8-28d627dfbbb6', 'ka-b2b'),
('cbbd005c-8b70-4053-b8c0-741a82b4f465', 'ka-b2b'),
('8dc64e4b-a8df-4321-890a-ac596a072f53', 'ka-b2b'),
('629b4631-1164-4f4d-878a-0f11e5dd3b36', 'ka-b2b'),
('a50a4ff1-053e-4105-9b33-cfc2d5375669', 'ka-b2b'),
('9fe806e4-8737-4c04-aef4-6ee9ff416a9a', 'ka-b2b'),
('86ae82a3-d7f8-451a-9fca-31d32b0ba76f', 'ka-b2b'),
('f75051db-c618-45ce-8b5c-fdb30685ebca', 'ka-b2b'),
('75d8e5ae-74f0-40e4-8155-eb27032580cf', 'ka-b2b'),
('5ba3374f-647d-450e-b783-dbd1cf64c7a7', 'ka-b2b'),
('1b380e75-1c27-403d-a5e2-a1fbcd45412c', 'ka-b2b'),
('0f21f438-3207-47e4-9a84-b1f38548cfd4', 'ka-b2b'),
('cfb1acf1-781e-4805-adb7-563343ed743f', 'ka-b2b'),
('046b05d4-7e44-4268-8e3f-735cfa69da4e', 'ka-b2b'),
('efd946cd-eaa2-4be2-980e-1cf06b7eeb07', 'ka-b2b'),
('de8b0729-a535-488f-99e9-204272570ea2', 'ka-b2b'),
('cc6b0574-f936-4f84-9e0f-b1c45fca2116', 'ka-b2b'),
('70ba98ca-89e4-4a2b-92c5-1777bad7fb55', 'ka-b2b'),
('ff374fb8-8628-4d9f-a40b-e13dcb2da545', 'ka-b2b'),
('65bf36d9-66ca-4b18-b11e-a681420281ad', 'ka-b2b'),
('f84632fc-a7e6-4b12-8d9d-26c97841ab1b', 'ka-b2b'),
('c5ce007b-6941-4d33-8f2e-ba7c15930618', 'ka-b2b'),
('62120ad2-e860-4d95-8a85-389782c14c36', 'ka-b2b'),
('1e44faba-3d62-474b-bb8d-b87a6c603934', 'ka-b2b'),
('8f3a3761-ad5f-418a-a3f4-8df133abeb90', 'ka-b2b'),
('31e5bd4e-67b6-4e1f-9844-a45920a2eaa8', 'ka-b2b'),
('c2fb91af-d00a-4952-a50c-a85c924ae276', 'ka-b2b'),
('cab2f845-da64-40a6-9608-b19f2e3d9e99', 'ka-b2b'),
('750238ca-89de-4325-b9c2-ffb873803365', 'ka-b2b'),
('7480b065-90ec-409f-85dd-06fcfee94aa9', 'ka-b2b'),
('6d1874b9-54c2-4f20-9b76-eced7f33dd72', 'ka-b2b'),
('8aafcc4d-25f9-4cf3-80a4-fb9abb6549e0', 'ka-b2b'),
('14091a88-d343-4866-beb2-a2462ebc587f', 'ka-b2b'),
('ce72b3b2-9011-4982-af84-5fa16d8cd0ff', 'ka-b2b'),
('d2846b4f-47c1-4fc2-90fb-dabcf643d3c7', 'ka-b2b'),
('278f5b25-5e31-484e-93a1-0b942284288a', 'ka-b2b'),
('eeb8ce0f-9498-49af-8151-e25575768b70', 'ka-b2b'),
('3dba61c8-5cde-44d2-84da-48c030a79f64', 'ka-b2b'),
('fd8eb42e-eefe-4d47-a648-327d76b75606', 'ka-b2b'),
('ac25bb60-e6e3-4bdc-8d02-9c8e5f62772d', 'ka-b2b'),
('a6c5c07b-e202-4499-bc59-77ba220ea7b7', 'ka-b2b'),
('18a00d03-9028-4ae8-b58e-e32819e08b56', 'ka-b2b'),
('aef805e4-054a-4d23-b669-485651a9fb2f', 'ka-b2b'),
('99bf312f-88cc-489b-b7ac-8d7fb9681cfb', 'ka-b2b'),
('6d3d668f-4ca8-417a-9c03-3af0d83bfbf9', 'ka-b2b'),
('422030c2-75b5-4adc-b71c-4b66561e78aa', 'ka-b2b'),
('d7e0a0ae-7759-4330-81c3-ac246d260eab', 'ka-b2b'),
('be841126-ac1f-4d77-9b0c-e007a3e4e025', 'ka-b2b'),
('b350b378-0b21-4179-881e-5639d2702677', 'ka-b2b'),
('d9190900-9aee-4bce-9bec-a6971bbbc686', 'ka-b2b'),
('9244ca0f-50db-4c55-9a2e-284e9a022c17', 'ka-b2b'),
('dd8f54f6-b8c2-4c85-bcd6-168e14665569', 'ka-b2b'),
('ddf415df-1991-4c56-9db7-3c3447de5180', 'ka-b2b'),
('7b483462-32d8-4538-b92e-f92971216075', 'ka-b2b'),
('59ebfe91-f4ab-427c-bf2e-d1a84bdfcbdd', 'ka-b2b'),
('b95d9cfa-8e11-404f-8f3c-6687f3acc1f6', 'ka-b2b'),
('bb2f0fe2-7468-488d-8a49-92c9a0e3e286', 'ka-b2b'),
('c87a31b3-a3da-4c11-b84e-5646ac6c08f7', 'ka-b2b'),
('ebf9f7fc-6502-4904-b968-6986081f6101', 'ka-b2b'),
('c359b3ea-50dc-452e-8c44-f68d07acbb92', 'ka-b2b'),
('a7d0a404-d5d0-4c26-9278-33a460c58bc0', 'ka-b2b'),
('5174ba0a-2c0e-4fd6-bf6a-3ff61f884d71', 'ka-b2b'),
('31297295-c7e8-488e-8619-48f38e2845c9', 'ka-b2b'),
('ce0af85f-f055-4034-aa43-01cb819ac98e', 'ka-b2b'),
('1dea557b-ac5c-41c5-84b4-fc8b3b68d25f', 'ka-b2b'),
('dbdf11fe-f953-49fc-b21e-4d98c7016190', 'ka-b2b'),
('a90af8f7-25ff-4f0c-a504-1147b4730644', 'ka-b2b'),
('4496b59a-cbeb-4cbc-9b39-be1d0452358e', 'ka-b2b'),
('4a6fa0dc-fcc5-467a-9117-ad7409e43ab2', 'ka-b2b'),
('7d1c1ab2-f854-45b5-bf3a-57e5d8196c45', 'ka-b2b'),
('ef53e785-cd06-420e-be4d-019566a8ff2f', 'ka-b2b'),
('2cb52dc9-9159-4a49-bd53-8d1bc4636424', 'ka-b2b'),
('fa7ae943-4563-4087-a2fc-512cdb6305ab', 'ka-b2b'),
('56eae588-2332-447d-b4aa-f82adfc9d51a', 'ka-b2b'),
('cb1fd1ef-6d4b-4938-99ce-b520c774170e', 'ka-b2b'),
('498204ee-2987-410d-b905-25a44b3ee1d2', 'ka-b2b'),
('9ccfcebd-3dca-48fa-8e9f-b7d569038232', 'ka-b2b'),
('29a1dbe2-5e07-4e07-80d1-78b9a423bc76', 'ka-b2b'),
('c796136f-9c84-46d3-9552-27810e932312', 'ka-b2b'),
('5d599aae-e30c-4c1c-828b-aa554a76a6c2', 'ka-b2b'),
('d24ab4ad-52a6-4be9-a5ef-5736cd84466b', 'ka-b2b'),
('9d3c82ee-2fc1-4e0f-9a5e-a8bb2934e4ff', 'ka-b2b'),
('af6c406c-78d4-403d-918b-8aeee5c8d2c6', 'ka-b2b'),
('2c833853-20d2-45d9-bfe1-76a51a94fb57', 'ka-b2b'),
('f1f08783-3f1b-4e0b-a8ac-821db23e1de4', 'ka-b2b'),
('f8c9abfa-458f-41ac-a8bc-25870b3a6103', 'ka-b2b'),
('11d08909-f10b-4d6d-a055-b3b6e012685f', 'ka-b2b'),
('3b8946f9-0bd9-46f7-85cc-6cacdab63cee', 'ka-b2b'),
('09a45248-dd64-48cd-8058-74f0001b2b38', 'ka-b2b'),
('895e9dad-3a09-463c-a3ca-6de8bb37d661', 'ka-b2b'),
('6685a5d1-c190-4b8f-80c4-2a99e52ba616', 'ka-b2b'),
('6209787f-5b12-46b5-9239-bf0a7fc13241', 'ka-b2b'),
('561c27d9-8fcf-4108-81ef-383003c89686', 'ka-b2b'),
('19dedfa0-31d1-4b89-9f18-e5027ac87d92', 'ka-b2b'),
('850c44cf-0df6-40c9-9610-54bf3b975de7', 'ka-b2b'),
('8a482be6-c50a-4783-b1bd-77e62e9066af', 'ka-b2b'),
('fb72f0ae-971a-4515-89e1-4a0c64fbb325', 'ka-b2b'),
('40143779-df6c-44d4-a9f6-a418c40870bf', 'ka-b2b'),
('6eb02c19-ccf9-44eb-93d9-2b00f15bbd29', 'ka-b2b'),
('f1910d40-3737-4409-b80a-eb091d3e4a97', 'ka-b2b'),
('adb3c4fc-6bc9-4102-b14f-48a98e98811c', 'ka-b2b'),
('d19da87a-ae71-4138-8c84-c1a08d3e7b5c', 'ka-b2b'),
('80ea1367-84bc-41fa-8174-f997679b0011', 'ka-b2b'),
('bb657e0e-5959-4b06-af10-0ff09a7d0714', 'ka-b2b'),
('485f273b-8689-459a-86be-3d24e6da51a2', 'ka-b2b'),
('accbf999-82f4-4f7f-b081-1b008bbb036b', 'ka-b2b'),
('576597fe-d834-48b1-bae6-370b4890b7b8', 'ka-b2b'),
('aa07ffb3-0836-424c-a842-1d193dc87db4', 'ka-b2b'),
('29c5f083-ad74-4547-a626-7e323b20856f', 'ka-b2b'),
('1ffa884d-6a8d-46f5-90fd-bc7c297e1f6e', 'ka-b2b'),
('fcf8d3f1-9348-4476-83eb-0f34b2f264ac', 'ka-b2b'),
('54002981-982d-42b4-961e-9c1982a05ff3', 'ka-b2b'),
('609d1562-34c2-4813-ab05-31cf151eb458', 'ka-b2b'),
('2f8b4684-0479-490f-ada0-eaed2e836b4a', 'ka-b2b'),
('24413870-ca9f-4766-8fbd-ed6eb5d897bf', 'ka-b2b'),
('6a947ce0-6650-40b1-86ad-13c52dc4e65c', 'ka-b2b'),
('1b60f90f-ddc1-4b67-94d7-e24a8f952e62', 'ka-b2b'),
('decdcd6d-0f26-4a57-bc89-1e05a5880b2a', 'ka-b2b'),
('ad405a44-dcde-4a52-b571-f1cb7309e8bb', 'ka-b2b'),
('bf1fc83e-81e7-4290-9ab9-ae59adce187c', 'ka-b2b'),
('717b3940-80a2-42d6-8734-8a67fd4c51ba', 'ka-b2b'),
('634f63b3-f232-4255-8d99-e4b8af7a1adf', 'ka-b2b'),
('4f9e4889-3199-4d1c-97ca-12fdcc6cd0f5', 'ka-b2b'),
('809c0e7c-ea84-41a6-be9f-c50685278c44', 'ka-b2b'),
('275a4fee-e6fe-430e-954c-945a3e1fc4ab', 'ka-b2b'),
('53f4f789-55be-48c8-a61e-34f8cfb03d4a', 'ka-b2b'),
('25d253fb-f296-4875-99d3-f775e2a22f5f', 'ka-b2b'),
('bc642f71-86c2-429b-b107-d417188e2922', 'ka-b2b'),
('44dd0ea4-fdaa-4a51-96f1-1b7ceb93b3b3', 'ka-b2b'),
('a661cd88-bc32-450e-a1df-e1323b4c571e', 'ka-b2b'),
('118e23bb-4377-4d5f-8677-359c64640f44', 'ka-b2b'),
('fc464cfc-5ec1-441b-92c9-26fbbc923234', 'ka-b2b'),
('62636d2a-12de-4796-9b95-fe63b515be4d', 'ka-b2b'),
('b68e9fd9-55d4-402b-922d-b6cd4faad40b', 'ka-b2b'),
('eb5a358e-cd4b-4862-b0de-152dbf1abc0e', 'ka-b2b'),
('d286933d-33e3-4f8e-8595-03b04d0e0f2d', 'ka-b2b'),
('bb96cbc5-12ac-4cc5-b324-cb51b131a366', 'ka-b2b'),
('0e14a4d6-2615-469d-b71a-2257530846da', 'ka-b2b'),
('1fc7addc-8299-4b9f-9800-69fc5a5bb3c9', 'ka-b2b'),
('649ce658-9505-474f-9f8c-9dd6312c87a9', 'ka-b2b'),
('4da3e62c-2c7c-41f5-8737-4339e26ea8f1', 'ka-b2b');
