-- Batch 75 (200 records)
INSERT INTO contacts (id, first_name, last_name, email, phone, company, address) VALUES
('ff906fb5-3113-4c0c-828a-4a636695770b', 'Damian', 'Cavelti', 'info@caveltiplatten.ch', '081 921 55 44', 'caveltiplatten gmbh', 'Via Val 15, 7031 Laax, Graubünden'),
('ead80f54-fa4c-4e42-9fc5-d57d01ac78ee', 'Philippe', 'Muntwyler', 'philippe@caveo.ch', '044 278 80 60', 'Caveo AG', 'Hardturmstrasse 134, 8001 Zürich, Zürich'),
('d28265fd-337d-48f4-ade9-b999f51fa7db', 'Daniel', 'Brunner', 'info@caviarsuisse.ch', '044 952 50 00', 'Caviarsuisse (Brunner & Brunner GmbH)', 'Witzbergstrasse 7, 8330 Pfäffikon, Zürich'),
('6d4cc406-77a2-42fa-ab57-cc044e910970', 'Reto', 'Müller', 'info@caviezel-ag.ch', '081 410 00 00', 'Caviezel AG', 'Brämabüelstrasse 4a, 7270 Davos, Graubünden'),
('d0f266e8-3928-4f46-bf8b-b73dfb3e762e', 'Stefan', 'Caviezel', 'caviezelag@caviezelag.ch', '081 286 64 84', 'Caviezel AG, Holzbau, Innenausbau, Küchen', 'Ringstrasse 35c, 7000 Chur, Graubünden'),
('e58f7048-79c4-47a1-bf4a-8881ac21abae', 'Othmar', 'Caviezel', 'info@caviezelbau.ch', '081 655 16 16', 'Caviezel Bauunternehmung GmbH', 'Dorfstrasse 73, 7418 Tumegl/Tomils, Graubünden'),
('8af59a5d-04ee-42c3-a772-51d869729e99', 'Paul Jakob', 'Fässler', 'verkauf@scaviezelag.ch', '071 447 11 00', 'Caviezel Giovanettoni AG', 'Schöntalstrasse 31, 9320 Arbon, Thurgau'),
('e606bafd-fd4f-4056-a7dc-2efc5b32e3dd', 'Pius', 'Caviezel', 'caviezel.schaltanlagen@bluewin.ch', 'N.a.', 'Caviezel Schaltanlagen AG', 'Pellas 115, 7144 Vella, Graubünden'),
('76097d9d-4d4b-4565-88db-601a7b7f3fed', 'Jürg', 'Caviezel', 'info@caviezel-transport.ch', '081 632 30 00', 'Caviezel Transport AG', 'Löserweg 2, 7430 Thusis, Graubünden'),
('857c70bc-2bea-4ec4-b94f-29bd008b0776', 'Christoph', 'Cavigelli', 'christoph@cavigelli.com', '044 480 20 02', 'Cavigelli & Associates AG', 'Waldmannstrasse 10, 8001 Zürich, Zürich'),
('d6c09246-7680-4a63-8739-ab6a36f5d612', 'Sergio', 'Cavigelli', 'sergio.cavigelli@bwzbrugg.ch', '056 210 14 68', 'CAVIGELLI GARTENBAU', 'Hauptstrasse 7, 5234 Villigen, Aargau'),
('95a80627-536a-4e22-b261-22358d036129', 'Kurt', 'Vieli', 'kurt.vieli@cavigelli.ch', '081 920 09 20', 'Cavigelli Ingenieure AG', 'Via Sorts 27, 7130 Ilanz, Graubünden'),
('a536d784-822b-4e6e-aa7d-dc915c171fa3', 'Vital', 'Cavigelli', 'cavigelli.vital@bluewin.ch', '081 941 13 85', 'Cavigelli Transport', 'Via Sorts 9, 7162 Tavanasa, Graubünden'),
('de9d2516-b98b-478b-b62b-c805202df76a', 'Cavit', 'Temürtürkan', 'info@baslerraumung.ch', '078 896 54 00', 'Cavit Temürtürkan', 'Auf dem Hummel 2, 4059 Basel, Basel-Stadt'),
('0d3adaf6-dd66-4aea-8ebb-8ece0831aaf6', 'Philipp', 'Caluori', 'info.cawa@gmail.com', '061 981 31 88', 'Cawa-Vertrieb Philipp Caluori AG', 'General Guisan-strasse 25, 4144 Arlesheim, Basel-Land'),
('abdf4a5b-f801-402e-bab7-74885df74db2', 'Brigitte', 'Gallucci-Widmer', 'gallucci@cawi-treuhand.ch', '052 365 33 38', 'Cawi Treuhand', 'Sonnhalde 7, 8355 Aadorf, Thurgau'),
('2f528c4a-1b55-4cb3-9d8c-e8a8c9614632', 'Heinz', 'Achermann', 'info@cay.ch', '041 790 28 21', 'cay management AG', 'Lettenstrasse 2, 6343 Rotkreuz, Zug'),
('1da2c9ba-d1c2-4364-9553-164fec324ca5', 'Andrea', 'Grüter', 'info@cayana.ch', '079 440 79 19', 'Cayana Textil Upcycling', 'Hellbühlerstrasse 30, 6017 Ruswil, Luzern'),
('eb035f98-b2b4-4c1b-8f15-de59227ae69d', 'Cayra', 'Arcangioli', 'mail@cayra-arcangioli.com', '041 448 28 88', 'Cayra Arcangioli GmbH', 'Löwenplatz 6, 5712 Beinwil am See, Aargau'),
('f8982807-fad5-4395-9a7d-c81d9589b1b0', 'Adrian', 'Baumann', 'info@cayroscapital.com', '061 331 55 56', 'Cayros Capital AG', 'Thiersteinerallee 29, 4053 Basel, Basel-Stadt'),
('0de930a0-f1f8-4241-a60d-dbd3c7f20b57', 'Thomas', 'Blapp', 'blapp@cbconsulting.ch', '044 991 55 44', 'CB Consulting AG', 'Dorf 27, 8704 Herrliberg, Zürich'),
('51091401-7c59-4b86-b5ec-a5d0f321d8c5', 'Caroline', 'Brogli', 'c.brogli@ebmnet.ch', '076 329 01 85', 'CB Interiors', 'Fiechtenweg 65, 4153 Reinach, Basel-Land'),
('c544d2d6-96df-495c-9b9d-63d08c1f9d6b', 'Toni', 'Camathias', 'toni.camathias@cblaax.ch', '079 345 92 47', 'CB Laax', '7031 Laax, Graubünden'),
('4a706af0-0862-4c22-a200-66fac4d581f2', 'Silvan', 'Caduff', 'president@cblumnezia.ch', '079 296 90 17', 'CB Lumnezia', '7144 Vella, Graubünden'),
('33b27732-185c-42e1-8923-74f553610044', 'Claudio', 'Bolleter', 'mail@cb-manufaktur.ch', '079 293 83 41', 'cb manufaktur, Bolleter', 'Hanfgartenstrasse 4, 8620 Wetzikon, Zürich'),
('4d4f41f1-249d-4d00-837b-3cd0160f9fc9', 'Caroline', 'Bianchi', 'physio-wilen@hin.ch', '044 786 28 28', 'CB Physio AG', 'Wilenstrasse 106, 8832 Wollerau, Schwyz'),
('49861ea0-bf9e-41be-8f1a-80020804f0b9', 'Domenic', 'Bott', 'd.bott@gmx.ch', '079 634 64 07', 'CB Scuol', '7550 Scuol, Graubünden'),
('2884ff3b-06c0-4b81-b6a3-325f2bc83e56', 'Ivan', 'Brenn', 'ibrenn@bluewin.ch', '079 721 97 94', 'CB Surses', 'Veia Purmaglera 9, 7460 Savognin, Graubünden'),
('8c3bc2bc-9f10-490b-8361-de0bde70a34c', 'Patrik', 'Marty', 'marty@cbtreuhand.ch', '044 991 55 30', 'CB Treuhand GmbH', 'Dorf 27, 8704 Herrliberg, Zürich'),
('8b6416d5-8c79-460e-b8d2-46a453aa3f82', 'Otto', 'Beer', 'president@cb-trun-rabius.ch', '079 610 54 21', 'CB Trun/Rabius', '7166 Trun, Graubünden'),
('228fddf3-2528-414f-93e2-4c969eba6995', 'Jürg', 'Adam', 'praesident@cbuniontrin.ch', '079 417 51 45', 'CB Union Trin', 'Via Cava 6, 7016 Trin Mulin, Graubünden'),
('81fa193c-2849-467d-9d7d-1cf8feb830ce', 'Christian', 'Barun', 'c.barun@cbarchitettura.ch', '079 530 64 58', 'CBA Architettura Sagl', 'Lützelmattstrasse 13, 6006 Luzern, Luzern'),
('f2ff330d-25cd-4cb1-84cc-e8c4e41d775e', 'Daniel', 'Walser', 'daniel.walser@cbb-ag.ch', '079 355 85 75', 'CBB AG Baurealisierung', 'Bergstrasse 143, 8707 Uetikon am See, Zürich'),
('a5ec5f0b-b64f-476a-8885-35cb52877f91', 'Oliver', 'Hamid', 'info@cbchealth.ch', '079 591 82 69', 'CBC Devices AG', 'Bodenhof 4, 6014 Luzern, Luzern'),
('802fb2bb-adc1-4749-82d6-f9e40d487cb6', 'Luc', 'Zurbuchen', 'info@cbd-tempel.ch', '079 321 23 23', 'CBD Tempel KLG', 'Hauptstrasse 23, 4132 Muttenz, Basel-Land'),
('593197d7-0d7f-4d18-bc2b-349fcfa649aa', 'Mark', 'Schmid', 'mark.schmid@cbmswiss.ch', '044 275 21 74', 'CBM Christoffel Blindenmission', 'Schützenstrasse 7, 8800 Thalwil, Zürich'),
('b955a17a-b336-4cac-a8b9-ffe9970d1870', 'Luis Ernst', 'Jucker', 'info@cbm.ch', '032 313 46 46', 'CBM Group AG', 'Mitteldorf 17, 3283 Kallnach, Bern'),
('37651805-f6df-4202-8904-c5eba0e27716', 'Carmen', 'Büchel-Malik', 'cbm@cbm-counselling.com', '076 472 01 44', 'CBM-Counseling', 'Florhofstrasse 2, 8820 Wädenswil, Zürich'),
('9d40cefd-4220-4ed3-b936-f21f4a1937ce', 'Florian', 'Kuprecht', 'florian.kuprecht@cbre.com', '044 226 30 00', 'CBRE Holding Switzerland Sàrl', 'Bärengasse 29, 8001 Zürich, Zürich'),
('e563384d-7937-40d7-8221-9dc5ab1cc5ab', 'Nicole', 'Böhm', 'n.boehm@cb-stiftung.ch', '044 319 80 40', 'cb-stiftung', 'Siewerdtstrasse 25, 8050 Zürich, Zürich'),
('3c4faed4-8ab5-4d34-b1f4-b93a06d7f1fc', 'Roman', 'Gubser', 'roman.gubser@cbtag.ch', '079 855 55 77', 'CBT Bodensee AG', '9422 Staad, St. Gallen'),
('6891d7c1-418a-4915-a6c5-319bef99c45d', 'Mario', 'Mäder', 'mario.maeder@cb-technik.ch', '055 224 30 20', 'cb-TECHNIK GmbH', 'Schachenstrasse 82, 8645 Jona, St. Gallen'),
('dc475e71-d35a-45b4-9fe8-5e53e38f37d2', 'Michael', 'Czwalina', 'info@cc-consulting.ag', '061 645 96 50', 'CC Czwalina Consulting AG', 'Inzlingerstrasse 65, 4125 Riehen, Basel-Stadt'),
('cc50c5aa-d9a3-4674-bba0-39111e1245cd', 'Stefan', 'Liebler', 'ceo@ccft.ch', '044 515 33 12', 'CC Finanz und Treuhand AG', 'Talstrasse 20, 8001 Zürich, Zürich'),
('170f25e1-aaab-4ea7-8226-d667f38ce1cc', 'Umberto', 'Curatolo', 'cc@ccmetallbau.ch', '044 740 05 50', 'CC Metallbau GmbH', 'Grabenackerstrasse 24, 8156 Oberhasli, Zürich'),
('d343bc53-8a59-42a3-aa5a-0317fde8e28d', 'Peppi', 'Schnieper', 'info@cctrust.ch', '041 545 65 56', 'CC Trust Group AG', 'Neuhofstrasse 24, 6340 Baar, Zug'),
('ea964caf-734a-46c9-896c-300cc8864a19', 'Mario', 'Lemus', 'lautarochile@hotmail.com', '079 714 46 12', 'CCD Lautaro-Chile', '8050 Zürich, Zürich'),
('d7ab92a5-557b-480c-815b-fe78ce38064e', 'Rino', 'Borini', 'hello@ccfe.ch', '076 761 65 30', 'CCFE - Certified Crypto Finance Expert', 'Langstrasse 136, 8004 Zürich, Zürich'),
('416855db-c4bf-4a4f-b7f4-64df38fd13aa', 'Patrick', 'Cotting', 'pcotting@cci-cotting.com', '043 541 40 00', 'CCI COTTING CONSULTING AG', 'Zilstrasse 27, 8153 Rümlang, Zürich'),
('72d1c796-97c3-4ce4-b4aa-3ceae303d135', 'Tobias', 'Bertschi', 'info@carcareking.ch', '079 867 91 60', 'CCK e-commerce GmbH', 'Badhüsliweg 2, 5036 Oberentfelden, Aargau'),
('1ffb4e33-2c29-45ec-863b-f9dd93c76f57', 'Claudio', 'Casanova', 'c.casanova@cc-nova.ch', '081 650 35 33', 'CC-Nova AG', 'Churerstrasse 5, 7013 Domat/Ems, Graubünden'),
('d356e890-c490-4c8a-b1ab-69e020cd3e73', 'Roger', 'Schmutz', 'cco.schmutz@weggis.ch', '079 414 69 69', 'CCO Classic Colors', 'Luzernerstrasse 39, 6403 Küssnacht am Rigi, Schwyz'),
('61c5a012-7e3c-43dc-8e83-a5dddfa66cec', 'Massimo', 'D''Avella', 'massimo.davella@ccp.ch', '034 420 34 34', 'CCP Customized Citrus Products LTD', 'Karl-Neuhaus-Strasse 8, 2502 Biel/Bienne, Bern'),
('53faad75-6734-4552-83e2-5a8d5d4e274c', 'Harald', 'Jackszties', 'info@ccpmarketing.ch', 'N.a.', 'CCP Marketing AG', 'Schmiedeweg 2, 4563 Gerlafingen, Solothurn'),
('83a11eb4-4d26-4d92-b973-62e6eae91e89', 'Daniele', 'Canadea', 'daniele.canadea@cct-elektro.ch', '044 880 35 00', 'CCT Elektro AG', 'Sägereistrasse 6, 8152 Glattbrugg, Zürich'),
('c2ef62cb-1855-40b2-9b3a-ff3554eccb4e', 'Patrick', 'Scarpelli', 'patrick.scarpelli@cctm.ch', '079 205 97 80', 'cctm consulting AG', 'Stiftsgasse 9, 4051 Basel, Basel-Stadt'),
('882cab11-de3c-4782-add2-792660de64df', 'Christian', 'Dotzauer', 'christian.dotzauer@cd-design.ch', '071 277 99 49', 'CD Design Studio AG', 'Lehnstrasse 90, 9014 St. Gallen, St. Gallen'),
('78cc4dba-c80a-4489-952a-bcebd6c58d06', 'Fredy', 'Stäheli', 'info@cdcdruck.ch', '081 252 17 17', 'CDC Chur AG', 'Gäuggelistrasse 7, 7000 Chur, Graubünden'),
('51c7a2c4-6017-400b-9dad-6d98feeb218a', 'Michel', 'Beuchat', 'info@cdc-biel.ch', '032 322 07 88', 'CDC Zahnarztpraxis', 'Bahnhofstrasse 54, 2500 Biel/Bienne, Bern'),
('792b89ad-48d0-4cd1-b609-7b4a35c76cc2', 'Dimitrios', 'Gizanis', 'info@cdq.ch', '071 571 10 40', 'CDQ AG', 'Lukasstrasse 4, 9008 St. Gallen, St. Gallen'),
('4241caff-000c-4037-b6f6-f02d79d3e181', 'Christian', 'Leisner', 'christian.leisner@cdr-life.com', '044 515 98 98', 'CDR-Life AG', 'Tödistrasse 46, 8810 Horgen, Zürich'),
('fc03a152-95b0-465c-af1c-31a115973766', 'Remo', 'Sieber', 'rsieber@cds-sieber.ch', '071 726 11 55', 'Cds Bauingenieure AG', 'Berneckerstrasse 231, 9435 Heerbrugg, St. Gallen'),
('5702ba62-caf4-4751-934b-f47de4948887', 'Rudolf', 'Perrollaz-Berchtold', 'rp@cdsemmen.ch', '041 280 90 40', 'CDS Copy Druck Service AG', 'Wattenwylstrasse 6, 6020 Emmenbrücke, Luzern'),
('6ecfaf30-63e6-4c93-8743-5f1ed4d69f6b', 'Gerhard', 'Schiechl', 'kundendienst@fotocharly.ch', '043 537 07 79', 'CD-Suisse Fotolabor GmbH', 'Untere Weidstrasse 26, 8820 Wädenswil, Zürich'),
('eb5dd2ad-9d8b-4c5a-bf9f-c61003c65c9e', 'Ramona', 'Züger', 'info@cdz.ch', '041 792 08 31', 'CDZ Cabling Discount Züger', 'Oberneuhofstrasse 2, 6340 Baar, Zug'),
('cbbd4f72-7bd3-4b71-9344-7f483eb3c7ef', 'Carola', 'Eigenmann', 'ce@ce-architektur.ch', '052 763 20 26', 'Ce Architektur GmbH', 'Frauenfelderstrasse 35, 8555 Müllheim Dorf, Thurgau'),
('ad99fc52-f78c-4b98-9e3d-84c53b644194', 'Peter', 'Zschernack', 'info-ch@cideon-engineering.com', '061 205 77 50', 'CE cideon engineering Schweiz AG', 'Aeschengraben 6, 4051 Basel, Basel-Stadt'),
('5f06acf6-3ef8-48cb-bf39-57ab176a92f4', 'Ivan', 'Fust', 'ivan.fust@conceptenergy.ch', '071 278 60 00', 'CE Concept Energy AG', 'Poststrasse 1, 9325 Roggwil, Thurgau'),
('4dc7237f-5714-4891-a9ef-6082aeec04a2', 'Christiane', 'Ehrensperger', 'ce@ce-consularia.ch', '044 382 97 24', 'CE Consularia GmbH', 'Zollikerstrasse 87, 8008 Zürich, Zürich'),
('f5174cf2-6221-459b-b4b9-8244c243c231', 'Cornelia', 'Eisenhut', 'info@ceeisenhut.ch', '071 280 13 13', 'CE Eisenhut GmbH', 'Arthur-Schiess-Strasse 4, 9100 Herisau, Appenzell Ausserrhoden'),
('8752a121-d081-4e2f-a60f-48638a05e1dc', 'André', 'Friederich', 'info@ceap.ch', '032 675 61 80', 'CEAP Electronics GmbH c/o Kurt Friederich', 'Bachstrasse 15, 4566 Kriegstetten, Solothurn'),
('0d14628a-3062-43f8-b244-04f40fc97e38', 'Dario', 'Cecchettin', 'office@ce-la.ch', '079 729 38 74', 'cecchettin landscapes ag', 'St. Gallerstrasse 84, 8853 Lachen, Schwyz'),
('0a749804-0161-43e8-9c33-4f96709d877d', 'Jean-Pierre', 'Ceccon', 'jp.ceccon@cecconsult.ch', '061 261 08 08', 'Ceccon Consulting & Partner AG', 'Baselstrasse 10, 4222 Zwingen, Basel-Land'),
('02b6fcb0-b4eb-4a79-bde3-e448ecf43777', 'Marco', 'Cecconi', 'info@cecconi-dental.ch', '044 833 39 40', 'Cecconi Dental', 'Säntisstrasse 1, 8305 Dietlikon, Zürich'),
('fba6c2db-4bc2-40db-b303-fc5e5339fa03', 'Christian', 'Rudlof', 'onlineshop@kundenservice.cecil.ch', '0848 616 161', 'Cecil AG', 'Schuetzenmattstrasse 71, 8180 Bülach, Zürich'),
('c2366a3d-300b-48ea-a5c3-a7a3c301b76f', 'Cécile', 'Dürst', 'cecile.duerst@hispeed.ch', '079 755 28 86', 'Cécile Dürst - atemvoll', 'Beaumontweg 14, 2502 Biel/Bienne, Bern'),
('93f07f3c-f757-4ae3-b8ec-b2c0e94046aa', 'Michael', 'Bach', 'contact@ceco.ch', '032 322 97 55', 'CeCo AG', 'Neuengasse 5, 2502 Biel/Bienne, Bern'),
('8be0a13c-8f01-4b98-8f44-056db5ea9049', 'Roben', 'Ohanessian', 'info@cec-system.ch', '079 156 19 01', 'CEC-System SA', 'St. Niklausstrasse 14, 8103 Unterengstringen, Zürich'),
('08f01a25-1a18-45f8-a5c4-89a97133040c', 'Joel', 'Probst', 'mail@cecu.gmbh', '078 888 58 55', 'Cecu GmbH', 'Gewerbestrasse 5, 6330 Cham, Zug'),
('db11c09a-4457-4783-8433-976c8a1bf1fa', 'Rasha', 'Oudeh', 'info@cedemag.com', '043 544 45 88', 'CEDEM AG', 'Bergstrasse 107, 8032 Zürich, Zürich'),
('96c91aba-7c02-4fc6-bb64-9b7f37478d5b', 'Tobias', 'Rinderspacher', 'info@cederus.ch', '079 668 96 91', 'Cederus AG', 'Lange Gasse 98, 4104 Oberwil, Basel-Land'),
('e0e70bda-6d18-4bfb-837c-7fd87bb67665', 'Christian-Erik', 'Thöny', 'info@cedes.com', '081 307 23 23', 'Cedes AG', 'Kantonsstrasse 14, 7302 Landquart, Graubünden'),
('7c7e2013-11b2-40cf-a56c-0bff4def08e9', 'Philippe', 'Stuker', 'management@cede.ch', '052 235 12 80', 'CeDe-Shop AG', 'Mattenbachstrasse 8, 8401 Winterthur, Zürich'),
('ea356e39-586f-47cb-ae70-e872889843e1', 'Cyrill', 'Kressibucher', 'ckressibucher@outlook.com', '079 714 57 41', 'cee-kay-designs Metallbau by Cyrill Kressibucher', 'Happerswilerstrasse 8, 8586 Kümmertshausen, Thurgau'),
('ff04b229-42c4-4a97-96c1-f758ad3eb61d', 'Claudio', 'Cefola', 'info@cefola-gmbh.ch', '055 412 39 25', 'Cefola GmbH', 'Trachslauerstrasse 53, 8840 Trachslau, Schwyz'),
('3b6df63c-b78e-460a-9884-997fe292a161', 'Robert', 'Straw', 'rstraw@ceibs.edu', '041 447 28 99', 'CEIBS Switzerland AG', 'Hirsackerstrasse 46, 8810 Horgen, Zürich'),
('0d72117c-9494-4796-bfad-15c4d5d134e2', 'Burim', 'Ceka', 'info@cekareinigung.ch', '044 820 76 76', 'Ceka Reinigung GmbH', 'Giessenstrasse 1, 8600 Dübendorf, Zürich'),
('6a567853-88e0-4868-aab9-a8f3effd1e34', 'Xhelal', 'Hoxha', 'info@maler-cela.ch', '043 321 63 06', 'Cela Malergeschäft. Xhelal Hoxha', 'Püntenstrasse 1, 8152 Opfikon, Zürich'),
('ec305d7a-e8da-4434-9f96-feba9670230b', 'Susan', 'Thornton', 'info@celerion.com', '043 355 76 76', 'Celerion Switzerland AG', 'Allmendstrasse 32, 8320 Fehraltorf, Zürich'),
('bd5788fb-7704-45d2-81bd-4f2722af9ebe', 'Rolf', 'Vogel', 'info@celeritas.ch', '043 539 69 49', 'Celeritas Treuhand GmbH', 'Alpenstrasse 40, 8620 Wetzikon, Zürich'),
('d034e9c2-4df8-4579-bcde-209c8e1a6224', 'Célia', 'Faria', 'celia.studio@gmx.ch', '076 688 17 19', 'Célia Massage & Kosmetik', 'Girardstrasse 8, 2540 Grenchen, Solothurn'),
('9309556e-ec2a-4620-ab36-4d28347a15e2', 'Erkan', 'Celik', 'ec@celikimmo.ch', '076 414 06 74', 'Celik Immobilien GmbH', 'Grafenaustrasse 7, 6300 Zug, Zug'),
('a106dd1f-8f3c-44aa-a873-c9f03f13527a', 'Ilmi', 'Mustafa', 'info@celina-gmbh.ch', '079 263 99 06', 'CELINA GmbH', 'Kurzrüttistrasse 6b, 4313 Möhlin, Aargau'),
('a27299fa-1b96-4802-b563-4dda56c6a752', 'Christina', 'Froudaraki-Da Silva', 'info@cellpremiumlounge.ch', '044 382 31 71', 'Cell Premium Lounge by Dr. Gerny', 'Witikonerstrasse 3, 8032 Zürich, Zürich'),
('73c337d2-1b16-4ff6-990c-b8ec6821ec17', 'Claudia', 'Primoceri-Pürro', 'info@cellcare.ch', '031 312 66 00', 'Cellcare Lab AG', 'Bahngässli 16, 3172 Niederwangen b. Bern, Bern'),
('5ec82fb4-cc92-4e62-80c3-1799fccd7b34', 'Werner M.', 'Enz', 'info@cellecbiotek.com', 'N.a.', 'Cellec Biotek AG', 'Elisabethenstrasse 44, 4051 Basel, Basel-Stadt'),
('d0398c65-9f54-4b4a-b91d-19d9e42ac2f9', 'Marco', 'Cellere', 'marco.cellere@cellere.ch', '071 243 33 53', 'Cellere Bau AG', 'Hodlerstrasse 2, 9008 St. Gallen, St. Gallen'),
('a99ca2f2-6f10-403c-b918-caf0904bce00', 'Andreas', 'Lutterotti', 'info@cellerys.com', '041 544 98 80', 'Cellerys AG', 'Wagistrasse 21, 8952 Schlieren, Zürich'),
('b030e94b-1d26-432b-9f50-3307aff15121', 'Italo', 'Celli', 'info@celli-maler.ch', '079 687 12 94', 'Celli GmbH', 'Ischlagweg 15, 4460 Gelterkinden, Basel-Land'),
('0d41f3ac-e711-4ea5-ba7d-aae4b50af6a2', 'Lutz', 'Quasdorf', 'info@cellinicaffe.ch', '044 542 38 38', 'Cellini Caffè (Schweiz) AG', 'Dufourstrasse 116, 8008 Zürich, Zürich'),
('dec6866f-c599-4925-923c-1700fe76a4fd', 'Magdalena', 'Król', 'office@cellis.eu', 'N.a.', 'Cellis AG', 'Bleicherweg 45, 8002 Zürich, Zürich'),
('68e2ba8d-5e93-4c9b-86ba-db6b073a5c8d', 'Eliane', 'Müller', 'info@cellntec.com', '031 331 95 82', 'CellnTec Advanced Cell Systems AG', 'Stauffacherstrasse 130a, 3014 Bern, Bern'),
('82a65a2c-84df-49a1-afd1-5c1d2427623c', 'David', 'Peter', 'info@celloclair.ch', '061 927 84 44', 'Celloclair AG', 'Oristalstrasse 96, 4410 Liestal, Basel-Land'),
('a0f48a3c-1db2-47d6-9a39-e71ab545b2ce', 'Rolf', 'Haller', 'philippe.keusch@cellpack.com', '079 874 68 17', 'Cellpack Power Systems AG', 'Anglikerstrasse 99, 5612 Villmergen, Aargau'),
('d1f83ed1-d9b0-42d4-8a51-bc02df73e1e9', 'Robert', 'Zwicky', 'info@cellphaplast.ch', '061 631 49 38', 'Cellpha-Plast Handels AG', 'Weilerweg 20, 4057 Basel, Basel-Stadt'),
('2606d042-12bd-435b-8cef-02666806a373', 'Alexander Sebastian', 'Schüller', 'contact@cellvie.bio', '044 591 89 21', 'Cellvie AG', 'Technoparkstrasse 1, 8005 Zürich, Zürich'),
('cb377c05-fbee-4e93-8a38-5da8be4efcae', 'Edwin', 'Meier', 'info@cellvital-homecare.com', '071 588 02 75', 'CellVital Clinics AG', 'Brändlistrasse 1, 9435 Heerbrugg, St. Gallen'),
('f3a0858f-6026-4f17-b7b1-bb7c979f051f', 'Benedikt', 'Zenhäusern', 'b.zenhaeusern@cellwar.com', '033 334 90 00', 'Cellwar GmbH', 'Im Schoren 28, 3645 Gwatt (Thun), Bern'),
('9865e72e-945f-4fbc-b286-8a2b14123624', 'Konstantin', 'Matentzoglu', 'sales@celonic.com', '061 564 91 50', 'Celonic AG', 'Eulerstrasse 55, 4051 Basel, Basel-Stadt'),
('aaa1e885-275a-4667-b612-a1c134b32146', 'Igel', 'Nüesch', 'celtic.tattoo@bluewin.ch', '071 383 35 69', 'Celtic Tattoo & Piercing', 'Hochschorenstrasse 4, 9200 Gossau, St. Gallen'),
('8ada347c-fb47-4056-aa21-13c5580be677', 'Cem', 'Taninmis', 'info@cem-immobilien.ch', '031 372 88 55', 'CEM Immobilien AG', 'Gotenstrasse 4, 3018 Bern, Bern'),
('a8ba1363-de69-473b-b8be-2a4e3b802c5a', 'Holger', 'Laubenthal', 'investor.relations@cembra.ch', '044 439 81 11', 'Cembra Money Bank AG', 'Bändliweg 20, 8048 Zürich, Zürich'),
('6201753d-d8fd-47dd-9bd0-5703f5dea5b6', 'Anne', 'Dekeukelaere', 'contact@cementis.com', '079 500 77 23', 'CEMENTIS GmbH c/o Milliarium GmbH', 'Glärnischstrasse 1, 8118 Pfaffhausen, Zürich'),
('39afd523-061d-46d5-98a4-ecc6a2b5fe6f', 'Gjergj', 'Cena', 'info@cena-bodenbelaege.ch', '076 382 24 49', 'Cena Bodenbeläge GmbH', 'Huebwiesenstrasse 31, 8954 Geroldswil, Zürich'),
('ab1b8183-9117-4f48-b5b9-e98324582b90', 'Gëzim', 'Cena', 'info@cena-gartenbau.ch', '076 398 88 20', 'Cena Gartenbau', 'Seestrasse 11, 8805 Richterswil, Zürich'),
('bf0a9ade-6af4-462f-91a3-8e4deeb71a55', 'Andreas', 'Cenci', 'info@cencisport.ch', '061 645 90 72', 'Cenci Sport GmbH', 'Schmiedgasse 23, 4125 Riehen, Basel-Stadt'),
('388d966c-90d2-4242-ba8a-e1a00f7d7230', 'Nicolas', 'Huissoud', 'info@cenic-watches.ch', '032 322 22 88', 'Cenic Watches AG', 'Solothurnstrasse 1, 3295 Rüti b. Büren, Bern'),
('50eaddb0-ee9f-4ba7-b656-38de85143084', 'Claude', 'Bauer', 'c.bauer@ceno-consulting.ch', '061 225 43 71', 'Ceno Consulting Claude Bauer', 'Aeschengraben 29, 4051 Basel, Basel-Stadt'),
('39487152-1d26-48f9-91e6-11d32959e33e', 'Jürg', 'Reimann', 'info@cenovis.ch', '061 831 57 00', 'Cenovis AG', 'Berstelstrasse 16, 4422 Arisdorf, Basel-Land'),
('bbaa990d-04f6-4f55-8198-d52cd03cb735', 'Dario', 'Censi', 'bau@censi.ch', '081 252 69 22', 'Censi Bau AG', 'Seidengut 4, 7000 Chur, Graubünden'),
('bc424763-5bce-4e65-8ca8-ceee1dc63f59', 'Cédric', 'Stämpfli', 'mail@centara.ch', '032 373 56 29', 'Centara Gartenbau GmbH', 'Müllerstrasse 11, 2562 Port, Bern'),
('70888bd6-caa3-475a-9014-089b83e004dc', 'Fredy', 'Hugentobler', 'info@centaurea.ch', '071 744 66 57', 'Centaurea Fredy Hugentobler', 'Hauptstrasse 30, 9434 Au, St. Gallen'),
('232e3951-d7c6-40ab-90ae-09b5236f9527', 'Sebastian', 'Gegenschatz', 's_gegenschatz@msn.com', '071 222 22 15', 'Center Coiffeur GmbH', 'Kornhausstrasse 26, 9000 St. Gallen, St. Gallen'),
('36212bd3-b379-4b16-82c4-59e61e63e345', 'Petar', 'Corusa', 'petar.corusa@bzs-surselva.ch', '081 926 25 50', 'Center da formaziun Surselva CFS / Bildungszentrum Surselva BZS', 'Glennerstrasse 22a, 7130 Ilanz, Graubünden'),
('72f9fa56-efef-4ed8-971d-e8d5a97582fb', 'Claudia', 'Husmann', 'info@cds-savognin.ch', '081 669 14 00', 'Center da Sanadad Savognin SA', 'Stradung 52, 7460 Savognin, Graubünden'),
('f9a2ddfd-94ae-4abf-97e1-d19bf66b1add', 'Judith', 'Fasser', 'judith.fasser@csvm.ch', '081 851 61 11', 'Center da sandà Val Müstair', 'Via Val Müstair 186, 7536 Sta. Maria Val Müstair, Graubünden'),
('91ff9a6d-dcd0-4897-a845-66debf496d19', 'Katrin', 'Dreissigacker', 'info@katrin-dreissigacker.com', '041 740 40 40', 'Center for Individual Face Balance', 'Grafenauweg 11, 6300 Zug, Zug'),
('b88cfc23-9615-40b8-b237-f47e7270effb', 'Roland', 'Abegglen', 'r.abegglen@bluewin.ch', '079 477 29 04', 'Center for Psychology and Behavioral Therapy', 'Lindenstrasse 10, 6340 Baar, Zug'),
('d6ad2a99-90b1-4c73-87c5-ec62bda5c691', 'Dominique', 'Märki', 'beauty@dominiquem.ch', '079 322 26 94', 'Center of Beauty Dominique Märki', 'Hubackerweg 48, 4153 Reinach, Basel-Land'),
('545a2673-ee26-4eb9-a425-02b20841c310', 'Paul', 'Stein', 'info@centerboard.ch', '061 511 24 24', 'Centerboard AG', 'Wallstrasse 12, 4051 Basel, Basel-Stadt'),
('7581b42e-c6d9-4455-a36c-2fe85f419ff0', 'Roland', 'Ambauen', 'roland.ambauen@centerbroke.ch', '044 225 90 90', 'Centerbroke und Beratungs GmbH', 'Rennweg 32/34, 8001 Zürich, Zürich'),
('3eba3cee-54d6-4140-8dcf-80a403442484', 'Peter', 'Kurti', 'peter.kurti@centerbroke.ch', '041 449 55 77', 'Centerbroke Zentralschweiz GmbH', 'Industriestrasse 57, 6034 Inwil, Luzern'),
('e10551eb-da65-40bb-bd25-38638cbe7160', 'Thomas', 'Fischer', 'mail@centerclinic.ch', '031 311 58 22', 'Centerclinic', 'Hirschengraben 7, 3012 Bern, Bern'),
('51c6a857-ae6a-48f0-b683-10efdec4cb31', 'Selin', 'Dizdar', 'info@centerdent.ch', '044 342 44 44', 'CenterDent AG', 'Giesshübelstrasse 15, 8045 Zürich, Zürich'),
('4141357b-80a9-4cf6-9894-3f1d7d63bdf9', 'Hélène', 'Winzenried', 'centerpraxis@hin.ch', '031 710 35 35', 'Centerpraxis', 'Dorfstrasse 4c, 3506 Grosshöchstetten, Bern'),
('4fd80cdb-8955-41de-b272-49be206690ad', 'Bernhard', 'Müller', 'bernhard@centi.ch', 'N.a.', 'Centi AG', 'Im Schilf 4, 8044 Zürich, Zürich'),
('6acd0534-9573-40d0-a4ba-4db29fe76864', 'Yves', 'Müller', 'info@centinoag.ch', '041 780 38 26', 'centino ag', 'Bösch 65, 6331 Hünenberg, Zug'),
('66622f39-ae44-4f90-8269-f3d70e1a187b', 'Fabian', 'Centorame', 'sekretariat@centorame.ch', '081 404 11 94', 'Centorame AG', 'Parfurgga 12, 7493 Schmitten (Albula), Graubünden'),
('c18978e6-2464-42b8-b6f2-15063dc6f42b', 'Matthias', 'Otto', 'info@centrachem.ch', '062 388 97 00', 'Centrachem AG', 'Im Feld 2, 4624 Härkingen, Solothurn'),
('e97a9896-c474-409e-a640-65f75962c0b1', 'Jeanette', 'Voisard', 'info@centralapotheke-allschwil.ch', '061 481 36 55', 'Central Apotheke Allschwil GmbH', 'Baslerstrasse 169, 4123 Allschwil, Basel-Land'),
('a45c3047-3447-4952-9bc4-424fb6a710bb', 'Ursula', 'Flury', 'info@apotheke-horgen.ch', '044 725 40 76', 'Central Apotheke Horgen GmbH', 'Dorfgasse 5, 8810 Horgen, Zürich'),
('683f31e8-884b-4be0-a552-f2c595c8768f', 'Alfred', 'Chappuis', 'alfred.chappuis@central-apotheke.ch', '027 923 51 51', 'Central Apotheke Naters AG', 'Hauptstrasse 79, 3992 Bettmeralp, Wallis/Valais'),
('3bd61995-c4f7-478c-9da0-9bf1478ba61e', 'Manuela', 'Aeberhard-Riva', 'central@apotheke-olten.ch', '062 212 90 80', 'Central Apotheke Olten AG', 'Baslerstrasse 72, 4600 Olten, Solothurn'),
('a1ddf291-1d4c-4d2a-ac7a-41efa1de9511', 'Günter', 'Tscheulin', 'central_aposissach@ifak-hin.ch', '061 971 29 01', 'Central Apotheke Sissach', 'Hauptstrasse 46, 4450 Sissach, Basel-Land'),
('f231e405-f2c0-4c26-a7f2-f249474cfda1', 'Catherine', 'Diller', 'info@apotheke-thalwil.ch', '044 720 06 92', 'Central Apotheke Thalwil AG', 'Gotthardstrasse 16a, 8800 Thalwil, Zürich'),
('955f82e5-e959-4d3c-8d28-f965b7e0b34d', 'Markus', 'Messerli', 'mail@centralapotheke-thun.ch', '033 223 27 33', 'Central Apotheke Thun AG', 'Bälliz 34, 3600 Thun, Bern'),
('c157660e-db9f-4688-89a7-b90959af158a', 'Walter', 'Ramseier', 'walter.ramseier@autohaus-gammenthal.ch', '079 426 28 92', 'Central Carrosserie Sumiswald AG', 'Gammenthal 680, 3454 Sumiswald, Bern'),
('7251b182-9166-4a89-8858-f4da996dd195', 'Markus', 'Meier', 'info@centralenergy.ch', '041 729 01 40', 'Central Energy AG', 'Grafenauweg 2, 6300 Zug, Zug'),
('91c26588-92e1-47ab-9d46-b3a69b7ea4ab', 'Felix', 'Spielhofer', 'info@central-aegeri.ch', '041 754 40 45', 'Central Eventlocation Unterägeri', 'Zugerstrasse 13, 6314 Unterägeri, Zug'),
('d7a71c82-bdf9-46f3-a945-4520159d0dd5', 'Rolf', 'Müller', 'info@centralgarage.ch', '044 720 60 27', 'Central Garage AG', 'Ludretikonerstrasse 40-42, 8800 Thalwil, Zürich'),
('44f260c9-53ea-4d44-817d-2fc9236a8a0a', 'Marco', 'Greco', 'centralgarage@swissonline.ch', '055 650 19 19', 'Central Garage Glarus GmbH', 'Zaunplatz, 8750 Glarus, Glarus'),
('f2f9c660-e67f-443e-accc-da5cc9f11618', 'Zsolt', 'Tscheligi', 'info@cntrl.ch', 'N.a.', 'Central GmbH', 'Ankerstrasse 65, 8004 Zürich, Zürich'),
('ca02e4d5-9e10-4c7e-901e-d8c20e5bff15', 'Helmut', 'Gold', 'hotel@postchur.ch', '081 255 84 84', 'Central Hotel Post Chur', 'Poststrasse 11, 7000 Chur, Graubünden'),
('72eb9484-4cb0-4998-b6e3-ddb67d08f1b3', 'Andreas', 'Kaufmann', 'hotel@central-wolter.ch', '033 854 33 33', 'Central Hotel Wolter', 'Dorfstrasse 93, 3818 Grindelwald, Bern'),
('a1bd9ce9-d80a-4825-95d3-c0339d839ce8', 'Dave Mike Cyrill', 'Meyer', 'info@central.ch', '044 256 57 55', 'Central Plaza Hotel', 'Central 1, 8001 Zürich, Zürich'),
('f51847a9-1494-43a8-8877-a8d12fa19ffd', 'Patricia Marina', 'Guyan', 'reservation@central-davos.ch', '081 415 82 00', 'Central Sporthotel Davos AG', 'Tobelmühlestrasse 1, 7270 Davos, Graubünden'),
('a4f157a3-b597-4dd4-9e4f-e1fd3325f3db', 'Kirsten', 'Rehder', 'info@trainingcentral.ch', '061 713 00 30', 'Central Training & Therapie by Van der Merwe Center', 'Baslerstrasse 200, 4123 Allschwil, Basel-Land'),
('4846bf0b-6256-4ce4-b0dd-f45477eacbc2', 'Frank', 'Oertel', 'info@central-apo.ch', '062 822 25 83', 'Central-Apotheke Aarau AG', 'Hintere Bahnhofstrasse 102, 5000 Aarau, Aargau'),
('2ae4a851-cb67-49f1-8456-85c32893136e', 'Franz', 'Kesselring', 'info@central-apotheke.com', '062 765 15 60', 'Central-Apotheke Reinach', 'Hauptstrasse 37, 5734 Reinach, Aargau'),
('87bd54f4-6523-4d1d-8c05-23195aeff07f', 'Jan', 'Barth', 'jan.barth@barthag.ch', '031 997 18 01', 'Centralgarage Barth AG', 'Freiburgstrasse 396, 3018 Bern, Bern'),
('d86ba56e-4bdb-4d03-b08e-93a8cee3137d', 'Riet', 'Bulfoni', 'r.bulfoni@garage-denoth.ch', '081 864 11 33', 'Central-Garage Denoth AG', 'Stradun 270, 7550 Scuol, Graubünden'),
('e28dd07e-70fa-47df-a7e3-2c6af784d39f', 'Stefan', 'Diener', 'stef@centralgaragediener.ch', '052 654 13 41', 'Central-Garage Diener AG', 'Bahnhofstrasse 22, 8253 Diessenhofen, Thurgau'),
('a0d09c1c-8113-4d76-bf3a-f38441ddfd97', 'Martin', 'Reist', 'info@cg-gruenen.ch', '034 431 22 61', 'Central-Garage Grünen AG', 'Grünenstrasse 10, 3455 Grünen, Bern'),
('b68f96d5-e8ef-4296-9ad8-65276bcc3ff0', 'Monika', 'Böckmann', 'monika.boeckmann@cghb.ch', '055 285 20 85', 'Central-Garage H. Böckmann AG', 'Benknerstrasse 20, 8730 Uznach, St. Gallen'),
('6e4d703a-542b-4c14-865b-d6ed5091ef0b', 'Johannes', 'Bernet', 'centralgarageklosters@bluewin.ch', '081 422 12 82', 'Centralgarage Klosters AG', 'Kantonsstrasse 2, 7252 Klosters Dorf, Graubünden'),
('72d70904-1053-4b39-8a5c-24ce7f60d548', 'Guido', 'Moser', 'info@cgmu.ch', '079 446 82 01', 'Central-Garage Münsingen GmbH', 'Bernstrasse 14, 3110 Münsingen, Bern'),
('a075ccf4-3eee-4ff5-bb19-40825890937c', 'Markus', 'Wälty', 'm.waelty@centralgarage-waelty.ch', '062 888 25 50', 'Central-Garage O. Wälty AG', 'Lenzburgerstrasse 6, 5702 Niederlenz, Aargau'),
('7841ec8b-f058-4dcd-b896-78f8a501a129', 'Markus', 'Niffeler', 'markus.niffeler@ford-sursee.ch', '041 921 11 44', 'Centralgarage Sursee AG', 'Luzernstrasse 18, 6210 Sursee, Luzern'),
('20f0e4b6-2ae7-4be0-b843-70d38a140962', 'René', 'Huber', 'rene.huber@centralgarage-weinfelden.ch', '071 622 74 74', 'Centralgarage Weinfelden AG', 'Walkestrasse 27, 8570 Weinfelden, Thurgau'),
('e952d3c1-6c46-4e8e-8f93-000854e260f5', 'Patrick', 'Wirz', 'info@central-garagewirz.ch', '041 490 13 30', 'Central-Garage Wirz AG', 'Bahnhofstrasse 27, 6110 Wolhusen, Luzern'),
('3fb75da0-3e80-4cb6-8c7c-9e79e06cc7b8', 'Daniel', 'Wenaweser', 'd.wenaweser@zech.li', '+423 237 15 15', 'CENTRALGARAGE ZECH AKTIENGESELLSCHAFT', 'Vorarlbergerstrasse 91, 9486 Schaanwald, Fürstentum Liechtenstein'),
('94848e50-7f3d-4ac1-89a5-45e769db484f', 'Mathias', 'Dolder', 'central-praxis@hin.ch', '044 251 52 62', 'Central-Praxis AG', 'Weinbergstrasse 26, 8001 Zürich, Zürich'),
('4ec12d16-b70b-48cd-870b-5f92c9e951de', 'Filiz', 'Akyildiz', 'central.reinigung@hotmail.com', '076 336 62 24', 'Centralreinigungen Akyildiz', 'Alfred-Schindlerstrasse 16, 6030 Ebikon, Luzern'),
('f355ad55-a0af-46db-97bb-3bf38bea26ec', 'Heidi', 'Zbinden', 'info.basel@centramed.ch', '058 320 47 47', 'Centramed AG', 'Sternengasse 21, 4051 Basel, Basel-Stadt'),
('fdf229fc-8342-461b-a48e-3e1654f8ee1a', 'Harry', 'Reinert', 'h.reinert@centra.ch', '041 280 83 33', 'Centra-Therm AG', 'Station-Ost 11, 6023 Rothenburg, Luzern'),
('c8332c4c-63d5-4c1f-94c0-c2785bf07aff', 'Rainer', 'Betken', 'r.betken@centravo.ch', '032 387 47 47', 'Centravo Holding AG', 'Industriering 32, 3250 Lyss, Bern'),
('a661b31a-3ac4-4e9a-916a-ffe3b9a476a6', 'Roger', 'von Wattenwyl', 'info@centrealbertanker.ch', '032 313 53 54', 'Centre Albert Anker', 'Müntschemiergasse 7, 3232 Ins, Bern'),
('5026b1c4-fce6-41b9-b81f-81b7f147aeeb', 'Hanspeter', 'Kramer', 'info@centre-rochat.ch', '032 328 01 01', 'Centre Rochat AG', 'Unterer Quai 45, 2502 Biel/Bienne, Bern'),
('57e7fa99-b7c4-4a3c-a54a-3782debaccfd', 'Patrick', 'Progin', 'info@centrisag.ch', '032 625 44 44', 'Centris AG', 'Grabackerstrasse 3, 4500 Solothurn, Solothurn'),
('ee7016de-5958-4c7b-8bd0-b70bc159cb3e', 'José', 'Rodriquez Regueira', 'centro.galego@bluewin.ch', '041 710 74 36', 'Centro Galego de Zug "A nosa terra"', 'Zugerstrasse 4, 6312 Steinhausen, Zug'),
('2c1921e3-c665-4ff0-b878-42ee62e03eb2', 'Emanuel', 'Rizza', 'info@centrohair.ch', '071 385 88 88', 'Centro Hair', 'St Gallerstrasse 219, 9200 Gossau, St. Gallen'),
('9151f9ed-d8df-4ede-a223-dd3a64bf1cd1', 'Murat', 'Polat', 'centro.lounge@gmx.ch', '032 653 01 87', 'Centro Lounge', 'Bettlachstrasse 8, 2540 Grenchen, Solothurn'),
('f7a385ec-f906-4215-a07d-be9170bcf9b1', 'Armindo', 'Alves', 'armindo.alves@garage-mutschellen.ch', '079 222 09 14', 'Centro Lusitano Zurich', 'Bernstrasse 4, 8965 Berikon, Aargau'),
('f28a45de-1dff-4dd4-8273-de5c662e8110', 'David', 'Benz', 'info@centrodent.ch', '031 954 77 77', 'Centrodent Köniz AG', 'Schanzenstrasse 4b, 3008 Bern, Bern'),
('6564783f-5aed-4cc6-a7ad-f667b8e7a07e', 'Marc', 'Wyss', 'info@centrodental.ch', '032 323 33 00', 'Centrodental GmbH', 'Bahnhofstrasse 16, 2502 Biel/Bienne, Bern'),
('bc0d8093-9780-4f90-9f5d-4937d0188370', 'Hans', 'Eggenberger', 'centrum-garage@bluewin.ch', '071 433 20 45', 'Centrum Garage Bernhardzell AG', 'St. Gallerstrasse 11, 9304 Bernhardzell, St. Gallen'),
('ad2480f0-5cca-415e-adaa-6a736ce008da', 'Fiona', 'Lanfranconi', 'info@centrum-praxis.ch', '079 456 06 78', 'Centrum Praxis Luzern', 'Kauffmannweg 24, 6003 Luzern, Luzern'),
('e2d510f0-6aaa-4b9b-8eda-989b00b2389e', 'Philip', 'Klingenberg', 'info@century.ch', '032 332 98 88', 'Century Time Gems Ltd', 'Zihlstrasse 50, 2560 Nidau, Bern'),
('76624378-5841-4910-b541-e97752a473e8', 'Christoph', 'Giertz', 'info@catering-event.ch', '079 687 78 46', 'CEO Catering & Event Organisation Christoph Giertz', 'Weidenweg 5, 4402 Frenkendorf, Basel-Land'),
('083252ce-4d96-4c67-ba05-247e0eed4772', 'Steffi', 'Schumacher', 'info@ceoo.ch', '043 508 94 11', 'CEOO Marketing GmbH	c/o Exantum Advisory Services Aktiengesellschaft', 'Hedwigstrasse 3, 8032 Zürich, Zürich'),
('c819cc28-c216-4594-bbf0-f46889664f55', 'Johann', 'Egger', 'ordersswitzerland@cepheid.com', '044 722 50 10', 'Cepheid Switzerland GmbH', 'Zürcherstrasse 66, 8800 Thalwil, Zürich'),
('c31bdc84-2a63-4d83-8e52-779829cd5d82', 'Cornel', 'Eigenmann', 'info@ceplus.ch', '071 955 99 22', 'ceplus AG', 'Martinsbruggstrasse 78, 9016 St. Gallen, St. Gallen'),
('3abf30ba-cb03-4e48-a894-67591f3f40d5', 'Claudio', 'Strebel', 'info@cepower.ch', '043 477 84 22', 'CePower GmbH', 'Zugerstrasse 76, 8820 Wädenswil, Zürich'),
('ef47cebb-28df-4453-914f-46d7c7ce8225', 'Bradley', 'Paddock', 'info@cequr.com', '041 500 48 62', 'CeQur SA', 'Ebenaustrasse 10, 6048 Horw, Luzern'),
('958dabd9-f145-4504-8a56-75f8d5520993', 'Dibran', 'Kadrija', 'info@ceranova.ch', '071 298 93 00', 'Cera Nova Wittenbach GmbH', 'Romanshornerstrasse 21, 9300 Wittenbach, St. Gallen'),
('2cb211dc-fb98-48c2-83e0-38bd05eaa619', 'Hans', 'Bürgi', 'portwine@portwine.ch', '061 307 91 77', 'Ceracom AG', '4010 Basel, Basel-Stadt'),
('20d2a942-ce61-42eb-9fb3-22d14748fc21', 'Urs', 'Siegenthaler', 'usiegenthaler@ceramdis.com', '079 407 02 69', 'Ceramdis GmbH', 'Im Tubental 5, 8352 Elsau, Zürich'),
('49dd4f54-8009-420a-818e-6883afd608d2', 'Frédéric', 'Pfammatter', 'pfammatter.plattenleger@gmail.com', '079 673 81 17', 'Ceramic World GmbH', 'Sportplatzweg 34, 3904 Naters, Wallis/Valais'),
('0a363c70-a49d-49ab-87e0-2ac023bf8a0e', 'Marco', 'Pusceddu', 'info@ceramica.ch', '079 422 10 56', 'Ceramica Baukeramik AG', 'Althardstrasse 160, 8105 Regensdorf, Zürich'),
('6db060a5-ec96-45b7-bfff-48b3baf7c5ac', 'Biagio', 'Giannachi', 'biagio.ceramica@bluewin.ch', '079 300 51 01', 'Ceramica Biagio Giannachi', 'Morgenstrasse 21, 3073 Gümligen, Bern');

INSERT INTO leads (id, contact_id, source, status, value, notes) VALUES
('873c7bda-4ed1-4a2d-a004-97af71d15a8c', 'ff906fb5-3113-4c0c-828a-4a636695770b', 'KALTAKQUISE', 'ACTIVE', 0, 'Funktion: Geschäftsführer/in (CEO) | Mitarbeiter: 1 bis 10 | Branche: Boden- & Plattenleger'),
('e82134f9-13b7-4159-8c61-1d566f08f9d3', 'ead80f54-fa4c-4e42-9fc5-d57d01ac78ee', 'KALTAKQUISE', 'ACTIVE', 0, 'Funktion: Geschäftsführer/in (CEO) | Mitarbeiter: 11 bis 20 | Branche: IT Unternehmen / Versicherungsbroker & -makler | Rechtsform: Aktiengesellschaft'),
('624fb68b-4ede-4de4-8486-69377bd9290a', 'd28265fd-337d-48f4-ade9-b999f51fa7db', 'KALTAKQUISE', 'ACTIVE', 0, 'Funktion: Geschäftsführer/in (CEO) | Mitarbeiter: 1 bis 10 | Branche: Lebensmittelverarbeitung | Rechtsform: Gesellschaft mit beschränkter Haftung'),
('0f7ffbc2-ee5a-4f35-b98e-c14f9ad44cc5', '6d4cc406-77a2-42fa-ab57-cc044e910970', 'KALTAKQUISE', 'ACTIVE', 0, 'Funktion: Geschäftsführer/in (CEO) | Mitarbeiter: 21 bis 50 | Branche: Elektroplanung & Installation'),
('e1733473-94e0-4993-834d-9776c52d12b7', 'd0f266e8-3928-4f46-bf8b-b73dfb3e762e', 'KALTAKQUISE', 'ACTIVE', 0, 'Funktion: Geschäftsführer/in (CEO) | Mitarbeiter: 11 bis 20 | Branche: Schreinerei- & Holzbaubetriebe | Rechtsform: Aktiengesellschaft'),
('86c2c210-20be-42de-bc3d-cc2777c71f12', 'e58f7048-79c4-47a1-bf4a-8881ac21abae', 'KALTAKQUISE', 'ACTIVE', 0, 'Funktion: Geschäftsführer/in (CEO) | Mitarbeiter: 1 bis 10 | Branche: Baugeschäfte | Rechtsform: Gesellschaft mit beschränkter Haftung'),
('274899dd-60f3-4a5e-a064-ffd1fe6d2246', '8af59a5d-04ee-42c3-a772-51d869729e99', 'KALTAKQUISE', 'ACTIVE', 0, 'Funktion: Geschäftsführer/in (CEO) | Mitarbeiter: 21 bis 50 | Branche: Detailhandel - Food & Getränke | Rechtsform: Aktiengesellschaft'),
('83a8e110-382a-4506-85ed-d8a748f6079e', 'e606bafd-fd4f-4056-a7dc-2efc5b32e3dd', 'KALTAKQUISE', 'ACTIVE', 0, 'Funktion: Geschäftsführer/in (CEO) | Mitarbeiter: 1 bis 10 | Branche: Elektroindustrie | Rechtsform: Aktiengesellschaft'),
('0aabfddf-abf7-4135-9941-565ca49b0f4e', '76097d9d-4d4b-4565-88db-601a7b7f3fed', 'KALTAKQUISE', 'ACTIVE', 0, 'Funktion: Geschäftsführer/in (CEO) | Mitarbeiter: 11 bis 20 | Branche: Logistik- & Transportunternehmen | Rechtsform: Aktiengesellschaft'),
('22f94c9c-347d-4de7-8740-5e20191ecb37', '857c70bc-2bea-4ec4-b94f-29bd008b0776', 'KALTAKQUISE', 'ACTIVE', 0, 'Funktion: Geschäftsführer/in (CEO) | Mitarbeiter: 1 bis 10 | Branche: Architekturbüros | Rechtsform: Aktiengesellschaft'),
('e9649b44-3728-4789-9028-8ea8f9520f1e', 'd6c09246-7680-4a63-8739-ab6a36f5d612', 'KALTAKQUISE', 'ACTIVE', 0, 'Funktion: Geschäftsführer/in (CEO) | Mitarbeiter: 1 bis 10 | Branche: Gartenbau & -pflege | Rechtsform: Einzelunternehmen'),
('d2444c54-4dc5-428d-ac79-f84cb25df7d4', '95a80627-536a-4e22-b261-22358d036129', 'KALTAKQUISE', 'ACTIVE', 0, 'Funktion: Geschäftsführer/in (CEO) | Mitarbeiter: 21 bis 50 | Branche: Bauingenieurbüros | Rechtsform: Aktiengesellschaft'),
('4183a1be-e872-4941-8f4a-67bb9b6e0373', 'a536d784-822b-4e6e-aa7d-dc915c171fa3', 'KALTAKQUISE', 'ACTIVE', 0, 'Funktion: Geschäftsführer/in (CEO) | Mitarbeiter: 1 bis 10 | Branche: Logistik- & Transportunternehmen | Rechtsform: Aktiengesellschaft'),
('962bfdc2-4090-476c-bab9-82d7cf244d75', 'de9d2516-b98b-478b-b62b-c805202df76a', 'KALTAKQUISE', 'ACTIVE', 0, 'Funktion: Geschäftsführer/in (CEO) | Mitarbeiter: 1 bis 10 | Branche: Logistik- & Transportunternehmen'),
('a12d3e31-7d86-4605-a024-dd3411abbd15', '0d3adaf6-dd66-4aea-8ebb-8ece0831aaf6', 'KALTAKQUISE', 'ACTIVE', 0, 'Funktion: Geschäftsführer/in (CEO) | Mitarbeiter: 1 bis 10 | Branche: Sanitär & Haustechnik'),
('bea0db69-59ab-4f8b-805b-084f59bb8253', 'abdf4a5b-f801-402e-bab7-74885df74db2', 'KALTAKQUISE', 'ACTIVE', 0, 'Funktion: Geschäftsführer/in (CEO) | Mitarbeiter: 1 bis 10 | Branche: Treuhandbüros | Rechtsform: Einzelunternehmen'),
('681d362f-fb1f-4124-a423-90c746519727', '2f528c4a-1b55-4cb3-9d8c-e8a8c9614632', 'KALTAKQUISE', 'ACTIVE', 0, 'Funktion: Geschäftsführer/in (CEO) | Mitarbeiter: 1 bis 10 | Branche: Unternehmensberater | Rechtsform: Aktiengesellschaft'),
('f5e8dfb4-fa13-4df9-9379-4e968ed15401', '1da2c9ba-d1c2-4364-9553-164fec324ca5', 'KALTAKQUISE', 'ACTIVE', 0, 'Funktion: Geschäftsführer/in (CEO) | Mitarbeiter: 1 bis 10 | Branche: Textil- & Möbelindustrie'),
('5a772141-8c9f-4982-9cf0-540ffef25c10', 'eb035f98-b2b4-4c1b-8f15-de59227ae69d', 'KALTAKQUISE', 'ACTIVE', 0, 'Funktion: Geschäftsführer/in (CEO) | Mitarbeiter: 1 bis 10 | Branche: Tierarztpraxen | Rechtsform: Einzelunternehmen'),
('b93c31dc-4c0e-484b-9d25-40534c9f64d8', 'f8982807-fad5-4395-9a7d-c81d9589b1b0', 'KALTAKQUISE', 'ACTIVE', 0, 'Funktion: Geschäftsführer/in (CEO) | Mitarbeiter: 1 bis 10 | Branche: Externe Vermögensverwalter | Rechtsform: Aktiengesellschaft'),
('28611b85-c6f9-4d54-b5ba-e866529dd736', '0de930a0-f1f8-4241-a60d-dbd3c7f20b57', 'KALTAKQUISE', 'ACTIVE', 0, 'Funktion: Geschäftsführer/in (CEO) | Mitarbeiter: 1 bis 10 | Branche: Versicherungsbroker & -makler | Rechtsform: Aktiengesellschaft'),
('eba836ca-0988-4572-ad98-1e6f309d1938', '51091401-7c59-4b86-b5ec-a5d0f321d8c5', 'KALTAKQUISE', 'ACTIVE', 0, 'Funktion: Geschäftsführer/in (CEO) | Mitarbeiter: 1 bis 10 | Branche: Architekturbüros / Innenausstatter'),
('c452e0cc-8f71-468b-a23b-96829092bca8', 'c544d2d6-96df-495c-9b9d-63d08c1f9d6b', 'KALTAKQUISE', 'ACTIVE', 0, 'Funktion: Präsidium  | Mitarbeiter: 1 bis 10 | Branche: Fussballvereine'),
('631322bb-6fd1-4741-87aa-adf59f0f36e6', '4a706af0-0862-4c22-a200-66fac4d581f2', 'KALTAKQUISE', 'ACTIVE', 0, 'Funktion: Präsidium  | Mitarbeiter: 1 bis 10 | Branche: Fussballvereine'),
('a72f3004-42f9-449e-a33f-bffccddb2752', '33b27732-185c-42e1-8923-74f553610044', 'KALTAKQUISE', 'ACTIVE', 0, 'Funktion: Inhaber/in (Owner/Founder) | Mitarbeiter: 1 bis 10 | Branche: Schreinerei- & Holzbaubetriebe'),
('41d518c6-e4dc-4bfa-a7cf-0e2854b4a06a', '4d4f41f1-249d-4d00-837b-3cd0160f9fc9', 'KALTAKQUISE', 'ACTIVE', 0, 'Funktion: Geschäftsführer/in (CEO) | Mitarbeiter: 1 bis 10 | Branche: Physiotherapie | Rechtsform: Aktiengesellschaft'),
('cc5003e8-01c7-470d-847c-ccd964ffcb32', '49861ea0-bf9e-41be-8f1a-80020804f0b9', 'KALTAKQUISE', 'ACTIVE', 0, 'Funktion: Präsidium  | Mitarbeiter: 1 bis 10 | Branche: Fussballvereine'),
('337e9a8a-5225-4dad-9fb8-fa49aee40ab9', '2884ff3b-06c0-4b81-b6a3-325f2bc83e56', 'KALTAKQUISE', 'ACTIVE', 0, 'Funktion: Präsidium  | Mitarbeiter: 1 bis 10 | Branche: Fussballvereine'),
('f2cfe16e-3634-400f-8cd6-641b0873bf7e', '8c3bc2bc-9f10-490b-8361-de0bde70a34c', 'KALTAKQUISE', 'ACTIVE', 0, 'Funktion: Geschäftsführer/in (CEO) | Mitarbeiter: 1 bis 10 | Branche: Treuhandbüros / Immobilienverwaltung | Rechtsform: Gesellschaft mit beschränkter Haftung'),
('4d506cc5-e22a-423b-9224-fca6563c080c', '8b6416d5-8c79-460e-b8d2-46a453aa3f82', 'KALTAKQUISE', 'ACTIVE', 0, 'Funktion: Präsidium  | Mitarbeiter: 1 bis 10 | Branche: Fussballvereine'),
('b2f00dfd-7ac5-4bcc-8c44-11ad76d94883', '228fddf3-2528-414f-93e2-4c969eba6995', 'KALTAKQUISE', 'ACTIVE', 0, 'Funktion: Präsidium  | Mitarbeiter: 1 bis 10 | Branche: Fussballvereine'),
('2e4f0aa7-ebe8-4a0f-9170-b1faba20fda3', '81fa193c-2849-467d-9d7d-1cf8feb830ce', 'KALTAKQUISE', 'ACTIVE', 0, 'Funktion: Geschäftsführer/in (CEO) | Mitarbeiter: 1 bis 10 | Branche: Architekturbüros | Rechtsform: Gesellschaft mit beschränkter Haftung'),
('d14d6a8c-6482-4b2a-a9a1-46516a3d63ff', 'f2ff330d-25cd-4cb1-84cc-e8c4e41d775e', 'KALTAKQUISE', 'ACTIVE', 0, 'Funktion: Geschäftsführer/in (CEO) | Mitarbeiter: 21 bis 50 | Branche: Bau- & Projektmanagement / General- & Totalunternehmungen / Immobilienprojektentwicklung / Bauherrenvertretung | Rechtsform: Aktiengesellschaft'),
('3debe1cb-ea4a-481d-9353-7fdd70c1bc3a', 'a5ec5f0b-b64f-476a-8885-35cb52877f91', 'KALTAKQUISE', 'ACTIVE', 0, 'Funktion: Geschäftsführer/in (CEO) | Mitarbeiter: 11 bis 20 | Branche: Medizintechnik-Industrie | Rechtsform: Aktiengesellschaft'),
('d10fc8d3-b396-4e1a-b1e3-76a986255bfe', '802fb2bb-adc1-4749-82d6-f9e40d487cb6', 'KALTAKQUISE', 'ACTIVE', 0, 'Funktion: Geschäftsführer/in (CEO) | Mitarbeiter: 11 bis 20 | Branche: Online Shops | Rechtsform: Kollektivgesellschaft'),
('030a47d9-5674-4b57-9636-e97a057389a7', '593197d7-0d7f-4d18-bc2b-349fcfa649aa', 'KALTAKQUISE', 'ACTIVE', 0, 'Funktion: Geschäftsführer/in (CEO) | Mitarbeiter: 21 bis 50 | Branche: NGO & NPO'),
('fdd585e2-c4a0-4014-ba86-ae8c31e2b25e', 'b955a17a-b336-4cac-a8b9-ffe9970d1870', 'KALTAKQUISE', 'ACTIVE', 0, 'Funktion: Geschäftsführer/in (CEO) | Mitarbeiter: 21 bis 50 | Branche: Sanitär & Haustechnik | Rechtsform: Aktiengesellschaft'),
('1087e70a-5462-4112-8a6c-71936cc2dbca', '37651805-f6df-4202-8904-c5eba0e27716', 'KALTAKQUISE', 'ACTIVE', 0, 'Funktion: Geschäftsführer/in (CEO) | Mitarbeiter: 1 bis 10 | Branche: Psychiatrie & Psychotherapie'),
('a10ac3c7-de14-4b00-afc9-816aa0af85b2', '9d40cefd-4220-4ed3-b936-f21f4a1937ce', 'KALTAKQUISE', 'ACTIVE', 0, 'Funktion: Geschäftsführer/in (CEO) | Mitarbeiter: 11 bis 20 | Branche: Immobilienverwaltung / Immobilienvermittlung / Private Equity & Venture Capital Firmen | Rechtsform: Gesellschaft mit beschränkter Haftung'),
('3a396aee-c504-497f-b134-3c04ff9d408b', 'e563384d-7937-40d7-8221-9dc5ab1cc5ab', 'KALTAKQUISE', 'ACTIVE', 0, 'Funktion: Geschäftsführer/in (CEO) | Mitarbeiter: 11 bis 20 | Branche: Heime beeintr. Personen | Rechtsform: Stiftung'),
('7dde7c4d-fda7-4c9f-8a6b-1b15b974ca5c', '3c4faed4-8ab5-4d34-b1f4-b93a06d7f1fc', 'KALTAKQUISE', 'ACTIVE', 0, 'Funktion: Geschäftsführer/in (CEO) | Mitarbeiter: 1 bis 10 | Branche: Versicherungsbroker & -makler'),
('e2040051-e689-4e73-811d-058d3cf1b602', '6891d7c1-418a-4915-a6c5-319bef99c45d', 'KALTAKQUISE', 'ACTIVE', 0, 'Funktion: Geschäftsführer/in (CEO) | Mitarbeiter: 1 bis 10 | Branche: Kunststoffindustrie / Metallbauer | Rechtsform: Gesellschaft mit beschränkter Haftung'),
('c78a97f0-10d5-47e8-9682-58558afb84fe', 'dc475e71-d35a-45b4-9fe8-5e53e38f37d2', 'KALTAKQUISE', 'ACTIVE', 0, 'Funktion: Geschäftsführer/in (CEO) | Mitarbeiter: 1 bis 10 | Branche: Unternehmensberater | Rechtsform: Aktiengesellschaft'),
('a57282fb-9bb3-475f-9e37-81a9d32e05cf', 'cc50c5aa-d9a3-4674-bba0-39111e1245cd', 'KALTAKQUISE', 'ACTIVE', 0, 'Funktion: Geschäftsführer/in (CEO) | Mitarbeiter: 1 bis 10 | Branche: Treuhandbüros | Rechtsform: Aktiengesellschaft'),
('64facce9-f491-4135-a526-f38b4b9730a4', '170f25e1-aaab-4ea7-8226-d667f38ce1cc', 'KALTAKQUISE', 'ACTIVE', 0, 'Funktion: Geschäftsführer/in (CEO) | Mitarbeiter: 1 bis 10 | Branche: Metallbauer | Rechtsform: Gesellschaft mit beschränkter Haftung'),
('c48f3d20-a324-4ad9-806c-9ea379de8659', 'd343bc53-8a59-42a3-aa5a-0317fde8e28d', 'KALTAKQUISE', 'ACTIVE', 0, 'Funktion: Geschäftsführer/in (CEO) | Mitarbeiter: 1 bis 10 | Branche: Family Offices / Private Equity & Venture Capital Firmen / Externe Vermögensverwalter'),
('7657c5b8-f054-439d-b398-057e88c44e22', 'ea964caf-734a-46c9-896c-300cc8864a19', 'KALTAKQUISE', 'ACTIVE', 0, 'Funktion: Präsidium  | Mitarbeiter: 1 bis 10 | Branche: Fussballvereine'),
('a257ad85-05f6-4cab-b538-9c97fb27f648', 'd7ab92a5-557b-480c-815b-fe78ce38064e', 'KALTAKQUISE', 'ACTIVE', 0, 'Funktion: Geschäftsführer/in (CEO) | Mitarbeiter: 1 bis 10 | Branche: FinTech | Rechtsform: Verein'),
('fe925f53-fb69-45a6-b599-001e4903aa87', '416855db-c4bf-4a4f-b7f4-64df38fd13aa', 'KALTAKQUISE', 'ACTIVE', 0, 'Funktion: Geschäftsführer/in (CEO) | Mitarbeiter: 1 bis 10 | Branche: Unternehmensberater | Rechtsform: Schweizerische Zweigniederlassung'),
('38b58c91-a499-4cc4-9863-e17387c965ca', '72d1c796-97c3-4ce4-b4aa-3ceae303d135', 'KALTAKQUISE', 'ACTIVE', 0, 'Funktion: Geschäftsführer/in (CEO) | Mitarbeiter: 1 bis 10 | Branche: Online Shops | Rechtsform: Gesellschaft mit beschränkter Haftung'),
('a4d2d13b-7bb0-4338-b64b-460e67efbccb', '1ffb4e33-2c29-45ec-863b-f9dd93c76f57', 'KALTAKQUISE', 'ACTIVE', 0, 'Funktion: Geschäftsführer/in (CEO) | Mitarbeiter: 1 bis 10 | Branche: Garagen | Rechtsform: Aktiengesellschaft'),
('c1dfd3e4-f977-412c-82a9-141d689e5458', 'd356e890-c490-4c8a-b1ab-69e020cd3e73', 'KALTAKQUISE', 'ACTIVE', 0, 'Funktion: Geschäftsführer/in (CEO) | Mitarbeiter: 1 bis 10 | Branche: Maler- & Gipsergeschäfte | Rechtsform: Einzelunternehmen'),
('f227fd8e-4ad5-42d1-9eda-045add297905', '61c5a012-7e3c-43dc-8e83-a5dddfa66cec', 'KALTAKQUISE', 'ACTIVE', 0, 'Funktion: Leitung Einkauf | Mitarbeiter: 1 bis 10 | Branche: Divers | Rechtsform: Aktiengesellschaft'),
('92803f39-24c1-416f-8f79-bb0c7e38eb49', '53faad75-6734-4552-83e2-5a8d5d4e274c', 'KALTAKQUISE', 'ACTIVE', 0, 'Funktion: Geschäftsführer/in (CEO) | Mitarbeiter: 1 bis 10 | Branche: Werbeagenturen | Rechtsform: Aktiengesellschaft'),
('b7042313-f3dc-41e8-9d5c-12f5b6501876', '83a11eb4-4d26-4d92-b973-62e6eae91e89', 'KALTAKQUISE', 'ACTIVE', 0, 'Funktion: Geschäftsführer/in (CEO) | Mitarbeiter: 1 bis 10 | Branche: Elektroplanung & Installation | Rechtsform: Aktiengesellschaft'),
('01dad978-c312-428a-9c3d-4976effd94a7', 'c2ef62cb-1855-40b2-9b3a-ff3554eccb4e', 'KALTAKQUISE', 'ACTIVE', 0, 'Funktion: Geschäftsführer/in (CEO) | Mitarbeiter: 1 bis 10 | Branche: Unternehmensberater | Rechtsform: Aktiengesellschaft'),
('1215baf7-8e4b-4fdd-97ca-908fd6ed339f', '882cab11-de3c-4782-add2-792660de64df', 'KALTAKQUISE', 'ACTIVE', 0, 'Funktion: Geschäftsführer/in (CEO) | Mitarbeiter: 1 bis 10 | Branche: Textil- & Möbelindustrie | Rechtsform: Aktiengesellschaft'),
('6be08522-4776-4465-9f69-28da9f2ac640', '78cc4dba-c80a-4489-952a-bcebd6c58d06', 'KALTAKQUISE', 'ACTIVE', 0, 'Funktion: Geschäftsführer/in (CEO) | Mitarbeiter: 1 bis 10 | Branche: Druckereibetriebe'),
('1e2e598d-b01e-4dbc-bd27-aab771f89fde', '51c7a2c4-6017-400b-9dad-6d98feeb218a', 'KALTAKQUISE', 'ACTIVE', 0, 'Funktion: Geschäftsführer/in (CEO) | Mitarbeiter: 11 bis 20 | Branche: Zahnarztpraxen'),
('207a1172-c74b-4e38-b142-170814be88cc', '792b89ad-48d0-4cd1-b609-7b4a35c76cc2', 'KALTAKQUISE', 'ACTIVE', 0, 'Funktion: Geschäftsführer/in (CEO) | Mitarbeiter: 1 bis 10 | Branche: Unternehmensberater | Rechtsform: Aktiengesellschaft'),
('e774c66e-f714-495f-b62a-451e7f709ebe', '4241caff-000c-4037-b6f6-f02d79d3e181', 'KALTAKQUISE', 'ACTIVE', 0, 'Funktion: Geschäftsführer/in (CEO) | Mitarbeiter: 21 bis 50 | Branche: Life-Science-Industrie | Rechtsform: Aktiengesellschaft'),
('a3d6247a-bda5-4a98-9129-b0bc891df110', 'fc03a152-95b0-465c-af1c-31a115973766', 'KALTAKQUISE', 'ACTIVE', 0, 'Funktion: Geschäftsführer/in (CEO) | Mitarbeiter: 11 bis 20 | Branche: Bauingenieurbüros | Rechtsform: Aktiengesellschaft'),
('15794e8f-1c00-4cb7-a2da-b5c0debd36af', '5702ba62-caf4-4751-934b-f47de4948887', 'KALTAKQUISE', 'ACTIVE', 0, 'Funktion: Geschäftsführer/in (CEO) | Mitarbeiter: 1 bis 10 | Branche: Divers / Online Shops | Rechtsform: Aktiengesellschaft'),
('34d04461-5992-4ccb-8072-1305457b0a17', '6ecfaf30-63e6-4c93-8743-5f1ed4d69f6b', 'KALTAKQUISE', 'ACTIVE', 0, 'Funktion: Geschäftsführer/in (CEO) | Mitarbeiter: 11 bis 20 | Branche: Online Shops | Rechtsform: Gesellschaft mit beschränkter Haftung'),
('9b28ae3f-b659-424d-aa91-26ce4ea00ceb', 'eb5dd2ad-9d8b-4c5a-bf9f-c61003c65c9e', 'KALTAKQUISE', 'ACTIVE', 0, 'Funktion: Geschäftsführer/in (CEO) | Mitarbeiter: 11 bis 20 | Branche: Online Shops | Rechtsform: Einzelunternehmen'),
('6e22157a-c002-4adc-96da-35284736adb8', 'cbbd4f72-7bd3-4b71-9344-7f483eb3c7ef', 'KALTAKQUISE', 'ACTIVE', 0, 'Funktion: Geschäftsführer/in (CEO) | Mitarbeiter: 1 bis 10 | Branche: Architekturbüros | Rechtsform: Gesellschaft mit beschränkter Haftung'),
('694550b5-b2f6-4be2-bd50-e2497184b07a', 'ad99fc52-f78c-4b98-9e3d-84c53b644194', 'KALTAKQUISE', 'ACTIVE', 0, 'Funktion: Geschäftsführer/in (CEO) | Mitarbeiter: 21 bis 50 | Branche: Maschinenbauindustrie | Rechtsform: Aktiengesellschaft'),
('33e9dfe9-62f3-486c-9499-8e665898b66e', '5f06acf6-3ef8-48cb-bf39-57ab176a92f4', 'KALTAKQUISE', 'ACTIVE', 0, 'Funktion: Geschäftsführer/in (CEO) | Mitarbeiter: 1 bis 10 | Branche: Energieindustrie / Nachhaltigkeitsbereich / Solar & Photovoltaik | Rechtsform: Aktiengesellschaft'),
('6eddd8a0-a6cd-48df-9366-6a8944580f66', '4dc7237f-5714-4891-a9ef-6082aeec04a2', 'KALTAKQUISE', 'ACTIVE', 0, 'Funktion: Geschäftsführer/in (CEO) | Mitarbeiter: 1 bis 10 | Branche: Unternehmensberater | Rechtsform: Gesellschaft mit beschränkter Haftung'),
('0cd36dd8-45fc-4c2e-aa55-4115a00b0677', 'f5174cf2-6221-459b-b4b9-8244c243c231', 'KALTAKQUISE', 'ACTIVE', 0, 'Funktion: Geschäftsführer/in (CEO) | Mitarbeiter: 1 bis 10 | Branche: Coiffeursalons | Rechtsform: Gesellschaft mit beschränkter Haftung'),
('7cd6803e-c54a-48d5-9ef0-ba070329aa87', '8752a121-d081-4e2f-a60f-48638a05e1dc', 'KALTAKQUISE', 'ACTIVE', 0, 'Funktion: Geschäftsführer/in (CEO) | Mitarbeiter: 11 bis 20 | Branche: Elektroindustrie | Rechtsform: Gesellschaft mit beschränkter Haftung'),
('bb6b6cc4-01cd-48d8-98e0-9fbe0eecc97e', '0d14628a-3062-43f8-b244-04f40fc97e38', 'KALTAKQUISE', 'ACTIVE', 0, 'Funktion: Geschäftsführer/in (CEO) | Mitarbeiter: 1 bis 10 | Branche: Gartenbau & -pflege'),
('cf4574fa-d4fb-4c03-804a-5b657aef6aeb', '0a749804-0161-43e8-9c33-4f96709d877d', 'KALTAKQUISE', 'ACTIVE', 0, 'Funktion: Geschäftsführer/in (CEO) | Mitarbeiter: 11 bis 20 | Branche: Treuhandbüros | Rechtsform: Aktiengesellschaft'),
('1951424b-67a3-433d-a639-3b1dbc41ad1e', '02b6fcb0-b4eb-4a79-bde3-e448ecf43777', 'KALTAKQUISE', 'ACTIVE', 0, 'Funktion: Geschäftsführer/in (CEO) | Mitarbeiter: 1 bis 10 | Branche: Zahnarztpraxen'),
('01d97675-699e-4f78-b1b5-3af506a33058', 'fba6c2db-4bc2-40db-b303-fc5e5339fa03', 'KALTAKQUISE', 'ACTIVE', 0, 'Funktion: Geschäftsführer/in (CEO) | Mitarbeiter: Mehr als 500 | Branche: Online Shops'),
('4df788c7-fce6-4b76-ba69-99e34b62f3ae', 'c2366a3d-300b-48ea-a5c3-a7a3c301b76f', 'KALTAKQUISE', 'ACTIVE', 0, 'Funktion: Geschäftsführer/in (CEO) | Mitarbeiter: 1 bis 10 | Branche: Atem- Meditation- & Yogacenter'),
('7b84ff51-f1da-40a6-8395-51e27b2312c6', '93f07f3c-f757-4ae3-b8ec-b2c0e94046aa', 'KALTAKQUISE', 'ACTIVE', 0, 'Funktion: Geschäftsführer/in (CEO) | Mitarbeiter: 11 bis 20 | Branche: Online Shops | Rechtsform: Aktiengesellschaft'),
('c85661f0-d7e9-45c3-b073-1f2d77f023ee', '8be0a13c-8f01-4b98-8f44-056db5ea9049', 'KALTAKQUISE', 'ACTIVE', 0, 'Funktion: Geschäftsführer/in (CEO) | Mitarbeiter: 1 bis 10 | Branche: Kunststoffindustrie | Rechtsform: Aktiengesellschaft'),
('45d532d4-7907-497c-a35c-b6ddd49d28fd', '08f01a25-1a18-45f8-a5c4-89a97133040c', 'KALTAKQUISE', 'ACTIVE', 0, 'Funktion: Geschäftsführer/in (CEO) | Mitarbeiter: 1 bis 10 | Branche: General- & Totalunternehmungen | Rechtsform: Gesellschaft mit beschränkter Haftung'),
('8126d6c3-9331-42be-b7fc-f1ceb695c27a', 'db11c09a-4457-4783-8433-976c8a1bf1fa', 'KALTAKQUISE', 'ACTIVE', 0, 'Funktion: Geschäftsführer/in (CEO) | Mitarbeiter: 51 bis 100 | Branche: Life-Science-Industrie | Rechtsform: Aktiengesellschaft'),
('3ccc23e6-9956-4477-a01a-f2e6d4e061a9', '96c91aba-7c02-4fc6-bb64-9b7f37478d5b', 'KALTAKQUISE', 'ACTIVE', 0, 'Funktion: Geschäftsführer/in (CEO) | Mitarbeiter: 1 bis 10 | Branche: Gartenbau & -pflege | Rechtsform: Aktiengesellschaft'),
('b1a51281-93e0-489f-bb4d-32e05c4d9326', 'e0e70bda-6d18-4bfb-837c-7fd87bb67665', 'KALTAKQUISE', 'ACTIVE', 0, 'Funktion: Geschäftsführer/in (CEO) | Mitarbeiter: 101 bis 500 | Branche: Elektroindustrie / Top 2''000 CH-Unternehmen | Rechtsform: Aktiengesellschaft'),
('345cacad-009e-453d-8158-ec748bbaa44b', '7c7e2013-11b2-40cf-a56c-0bff4def08e9', 'KALTAKQUISE', 'ACTIVE', 0, 'Funktion: Geschäftsführer/in (CEO) | Mitarbeiter: 51 bis 100 | Branche: Online Shops | Rechtsform: Aktiengesellschaft'),
('e5995cb1-cea7-46f5-b19b-427596cb9a0f', 'ea356e39-586f-47cb-ae70-e872889843e1', 'KALTAKQUISE', 'ACTIVE', 0, 'Funktion: Geschäftsführer/in (CEO) | Mitarbeiter: 1 bis 10 | Branche: Metallbauer | Rechtsform: Einzelunternehmen'),
('34cf1f4a-8cc6-4f21-8081-96d986a2c4d6', 'ff04b229-42c4-4a97-96c1-f758ad3eb61d', 'KALTAKQUISE', 'ACTIVE', 0, 'Funktion: Geschäftsführer/in (CEO) | Mitarbeiter: 1 bis 10 | Branche: Boden- & Plattenleger'),
('32c7ba53-34ff-474a-b575-c286a21bec85', '3b6df63c-b78e-460a-9884-997fe292a161', 'KALTAKQUISE', 'ACTIVE', 0, 'Funktion: Geschäftsführer/in (CEO) | Mitarbeiter: 1 bis 10 | Branche: Weiterbildungsinstitute'),
('230d76af-ab86-4cad-9ed7-fb83a032236c', '0d72117c-9494-4796-bfad-15c4d5d134e2', 'KALTAKQUISE', 'ACTIVE', 0, 'Funktion: Geschäftsführer/in (CEO) | Mitarbeiter: 1 bis 10 | Branche: Facility Management & Reinigungsfirmen | Rechtsform: Gesellschaft mit beschränkter Haftung'),
('96a9d812-c14b-4439-a9ca-7593b5d64328', '6a567853-88e0-4868-aab9-a8f3effd1e34', 'KALTAKQUISE', 'ACTIVE', 0, 'Funktion: Geschäftsführer/in (CEO) | Mitarbeiter: 1 bis 10 | Branche: Maler- & Gipsergeschäfte | Rechtsform: Einzelunternehmen'),
('07e8d0b5-95c0-4d50-a7bb-5474ec7f6d15', 'ec305d7a-e8da-4434-9f96-feba9670230b', 'KALTAKQUISE', 'ACTIVE', 0, 'Funktion: Geschäftsführer/in (CEO) | Mitarbeiter: Mehr als 500 | Branche: Life-Science-Industrie | Rechtsform: Aktiengesellschaft'),
('fc27b08b-866e-472b-8243-c9b7ca7410fd', 'bd5788fb-7704-45d2-81bd-4f2722af9ebe', 'KALTAKQUISE', 'ACTIVE', 0, 'Funktion: Geschäftsführer/in (CEO) | Mitarbeiter: 1 bis 10 | Branche: Treuhandbüros'),
('ee3c4f66-c1be-400d-9a0b-27f24d9a29a7', 'd034e9c2-4df8-4579-bcde-209c8e1a6224', 'KALTAKQUISE', 'ACTIVE', 0, 'Funktion: Geschäftsführer/in (CEO) | Mitarbeiter: 1 bis 10 | Branche: Kosmetikstudios'),
('561d35df-d7ec-488d-a7b1-d0092765d6ef', '9309556e-ec2a-4620-ab36-4d28347a15e2', 'KALTAKQUISE', 'ACTIVE', 0, 'Funktion: Geschäftsführer/in (CEO) | Mitarbeiter: 1 bis 10 | Branche: Immobilienvermittlung / Immobilienprojektentwicklung | Rechtsform: Gesellschaft mit beschränkter Haftung'),
('20efcf9c-0d3e-46fe-97d8-4d423fbf3fb1', 'a106dd1f-8f3c-44aa-a873-c9f03f13527a', 'KALTAKQUISE', 'ACTIVE', 0, 'Funktion: Geschäftsführer/in (CEO) | Mitarbeiter: 1 bis 10 | Branche: Entsorgungsindustrie | Rechtsform: Gesellschaft mit beschränkter Haftung'),
('25a43829-01cc-4720-8bfa-ca44df64d27f', 'a27299fa-1b96-4802-b563-4dda56c6a752', 'KALTAKQUISE', 'ACTIVE', 0, 'Funktion: Geschäftsführer/in (CEO) | Mitarbeiter: 1 bis 10 | Branche: Kosmetikstudios'),
('56190e31-23a5-47b8-ad2f-018faed6f186', '73c337d2-1b16-4ff6-990c-b8ec6821ec17', 'KALTAKQUISE', 'ACTIVE', 0, 'Funktion: Geschäftsführer/in (CEO) | Mitarbeiter: 1 bis 10 | Branche: Chemieindustrie | Rechtsform: Aktiengesellschaft'),
('9227fd4f-7d9c-43e9-b000-933ec0c93db5', '5ec82fb4-cc92-4e62-80c3-1799fccd7b34', 'KALTAKQUISE', 'ACTIVE', 0, 'Funktion: Geschäftsführer/in (CEO) | Mitarbeiter: 1 bis 10 | Branche: Life-Science-Industrie | Rechtsform: Aktiengesellschaft'),
('40ba7697-9924-47b4-ac55-bf031337f620', 'd0398c65-9f54-4b4a-b91d-19d9e42ac2f9', 'KALTAKQUISE', 'ACTIVE', 0, 'Funktion: Geschäftsführer/in (CEO) | Mitarbeiter: Mehr als 500 | Branche: Baugeschäfte / Top 2''000 CH-Unternehmen | Rechtsform: Aktiengesellschaft'),
('3e86a4a7-cd91-43fa-8114-2019b4544cdd', 'a99ca2f2-6f10-403c-b918-caf0904bce00', 'KALTAKQUISE', 'ACTIVE', 0, 'Funktion: Geschäftsführer/in (CEO) | Mitarbeiter: 21 bis 50 | Branche: Life-Science-Industrie | Rechtsform: Aktiengesellschaft'),
('a3e068d5-4d8d-46fd-997c-984caf06f5fe', 'b030e94b-1d26-432b-9f50-3307aff15121', 'KALTAKQUISE', 'ACTIVE', 0, 'Funktion: Geschäftsführer/in (CEO) | Mitarbeiter: 1 bis 10 | Branche: Maler- & Gipsergeschäfte | Rechtsform: Gesellschaft mit beschränkter Haftung'),
('34abc5e8-89a6-4ad0-97d8-eca27b89a71d', '0d41f3ac-e711-4ea5-ba7d-aae4b50af6a2', 'KALTAKQUISE', 'ACTIVE', 0, 'Funktion: Geschäftsführer/in (CEO) | Mitarbeiter: 11 bis 20 | Branche: Online Shops | Rechtsform: Aktiengesellschaft'),
('899dcb95-2a8c-46a4-9f72-d85537f39d93', 'dec6866f-c599-4925-923c-1700fe76a4fd', 'KALTAKQUISE', 'ACTIVE', 0, 'Funktion: Geschäftsführer/in (CEO) | Mitarbeiter: 21 bis 50 | Branche: Life-Science-Industrie | Rechtsform: Aktiengesellschaft'),
('08e96049-01a5-4337-8db6-e071baae3732', '68e2ba8d-5e93-4c9b-86ba-db6b073a5c8d', 'KALTAKQUISE', 'ACTIVE', 0, 'Funktion: Geschäftsführer/in (CEO) | Mitarbeiter: 11 bis 20 | Branche: Life-Science-Industrie | Rechtsform: Aktiengesellschaft'),
('e21411dd-1ce6-41f9-9700-ca1a5c170976', '82a65a2c-84df-49a1-afd1-5c1d2427623c', 'KALTAKQUISE', 'ACTIVE', 0, 'Funktion: Geschäftsführer/in (CEO) | Mitarbeiter: 11 bis 20 | Branche: Kunststoffindustrie | Rechtsform: Aktiengesellschaft'),
('012e95cb-dc4d-467d-b8ab-e5432cee1bc4', 'a0f48a3c-1db2-47d6-9a39-e71ab545b2ce', 'KALTAKQUISE', 'ACTIVE', 0, 'Funktion: Geschäftsführer/in (CEO) | Mitarbeiter: 101 bis 500 | Branche: Elektroindustrie | Rechtsform: Aktiengesellschaft'),
('60948489-f4dd-42db-ab6c-458aec1c5322', 'd1f83ed1-d9b0-42d4-8a51-bc02df73e1e9', 'KALTAKQUISE', 'ACTIVE', 0, 'Funktion: Geschäftsführer/in (CEO) | Mitarbeiter: 21 bis 50 | Branche: Kunststoffindustrie | Rechtsform: Aktiengesellschaft'),
('9b34c959-e70e-4ea5-87f6-57a9098ef932', '2606d042-12bd-435b-8cef-02666806a373', 'KALTAKQUISE', 'ACTIVE', 0, 'Funktion: Geschäftsführer/in (CEO) | Mitarbeiter: 51 bis 100 | Branche: Life-Science-Industrie | Rechtsform: Aktiengesellschaft'),
('1d4f895d-9b9c-45d9-bdb7-70604bb098c5', 'cb377c05-fbee-4e93-8a38-5da8be4efcae', 'KALTAKQUISE', 'ACTIVE', 0, 'Funktion: Geschäftsführer/in (CEO) | Mitarbeiter: 1 bis 10 | Branche: Medizintechnik-Industrie | Rechtsform: Aktiengesellschaft'),
('6255a559-5bc7-4a42-a4d6-b72b09740abc', 'f3a0858f-6026-4f17-b7b1-bb7c979f051f', 'KALTAKQUISE', 'ACTIVE', 0, 'Funktion: Geschäftsführer/in (CEO) | Mitarbeiter: 21 bis 50 | Branche: Kunststoffindustrie | Rechtsform: Gesellschaft mit beschränkter Haftung'),
('64f56c9d-5e6a-4cee-a4ab-025b63e254b3', '9865e72e-945f-4fbc-b286-8a2b14123624', 'KALTAKQUISE', 'ACTIVE', 0, 'Funktion: Geschäftsführer/in (CEO) | Mitarbeiter: 21 bis 50 | Branche: Life-Science-Industrie | Rechtsform: Aktiengesellschaft'),
('31bac32b-5ba5-4c51-9d84-c0d45ef5d5f9', 'aaa1e885-275a-4667-b612-a1c134b32146', 'KALTAKQUISE', 'ACTIVE', 0, 'Funktion: Geschäftsführer/in (CEO) | Mitarbeiter: 1 bis 10 | Branche: Tattoo- & Piercingstudios'),
('39876d29-f80a-4823-ae79-3d8b67210398', '8ada347c-fb47-4056-aa21-13c5580be677', 'KALTAKQUISE', 'ACTIVE', 0, 'Funktion: Geschäftsführer/in (CEO) | Mitarbeiter: 1 bis 10 | Branche: Immobilienverwaltung / Immobilienvermittlung | Rechtsform: Aktiengesellschaft'),
('5888b86c-c07d-47f3-89a6-06d581fc840d', 'a8ba1363-de69-473b-b8be-2a4e3b802c5a', 'KALTAKQUISE', 'ACTIVE', 0, 'Funktion: Geschäftsführer/in (CEO) | Mitarbeiter: Mehr als 500 | Branche: Banken / Nachhaltigkeitsbereich | Rechtsform: Aktiengesellschaft'),
('b284380c-e630-42a8-ae26-b5740ddb3eb5', '6201753d-d8fd-47dd-9bd0-5703f5dea5b6', 'KALTAKQUISE', 'ACTIVE', 0, 'Funktion: Geschäftsführer/in (CEO) | Mitarbeiter: 1 bis 10 | Branche: Unternehmensberater | Rechtsform: Gesellschaft mit beschränkter Haftung'),
('922127d7-3a35-4f83-8e62-cb99236207c3', '39afd523-061d-46d5-98a4-ecc6a2b5fe6f', 'KALTAKQUISE', 'ACTIVE', 0, 'Funktion: Geschäftsführer/in (CEO) | Mitarbeiter: 1 bis 10 | Branche: Boden- & Plattenleger'),
('8f5de113-6e39-44ff-b9f4-3231067ddf12', 'ab1b8183-9117-4f48-b5b9-e98324582b90', 'KALTAKQUISE', 'ACTIVE', 0, 'Funktion: Geschäftsführer/in (CEO) | Mitarbeiter: 1 bis 10 | Branche: Gartenbau & -pflege'),
('31ce3628-f523-49b8-bb44-59e8d0b9939b', 'bf0a9ade-6af4-462f-91a3-8e4deeb71a55', 'KALTAKQUISE', 'ACTIVE', 0, 'Funktion: Geschäftsführer/in (CEO) | Mitarbeiter: 1 bis 10 | Branche: Spielwaren- & Babyfachhandel | Rechtsform: Gesellschaft mit beschränkter Haftung'),
('8e91b6d1-2252-48dd-9854-5e4d14e6cf44', '388d966c-90d2-4242-ba8a-e1a00f7d7230', 'KALTAKQUISE', 'ACTIVE', 0, 'Funktion: Geschäftsführer/in (CEO) | Mitarbeiter: 1 bis 10 | Branche: Uhrenindustrie | Rechtsform: Aktiengesellschaft'),
('d49c94ee-dc8a-4653-b36b-2b1e8293be7e', '50eaddb0-ee9f-4ba7-b656-38de85143084', 'KALTAKQUISE', 'ACTIVE', 0, 'Funktion: Geschäftsführer/in (CEO) | Mitarbeiter: 1 bis 10 | Branche: Treuhandbüros | Rechtsform: Einzelunternehmen'),
('6b0ba862-369e-4ce4-a4d7-65f62d12b7bf', '39487152-1d26-48f9-91e6-11d32959e33e', 'KALTAKQUISE', 'ACTIVE', 0, 'Funktion: Geschäftsführer/in (CEO) | Mitarbeiter: 1 bis 10 | Branche: Lebensmittelverarbeitung / Online Shops | Rechtsform: Aktiengesellschaft'),
('26af4807-eab9-4f42-b762-5abf8e97d317', 'bbaa990d-04f6-4f55-8198-d52cd03cb735', 'KALTAKQUISE', 'ACTIVE', 0, 'Funktion: Geschäftsführer/in (CEO) | Mitarbeiter: 11 bis 20 | Branche: Baugeschäfte | Rechtsform: Aktiengesellschaft'),
('e00912f5-7f08-4955-bdb5-0a97124511ce', 'bc424763-5bce-4e65-8ca8-ceee1dc63f59', 'KALTAKQUISE', 'ACTIVE', 0, 'Funktion: Geschäftsführer/in (CEO) | Mitarbeiter: 21 bis 50 | Branche: Gartenbau & -pflege'),
('4db01919-5fa5-4011-9875-eb7e340fae72', '70888bd6-caa3-475a-9014-089b83e004dc', 'KALTAKQUISE', 'ACTIVE', 0, 'Funktion: Geschäftsführer/in (CEO) | Mitarbeiter: 1 bis 10 | Branche: Bio-Betriebe / Detailhandel - Food & Getränke'),
('a3697fc1-907a-4786-be92-e430d2a3f71d', '232e3951-d7c6-40ab-90ae-09b5236f9527', 'KALTAKQUISE', 'ACTIVE', 0, 'Funktion: Geschäftsführer/in (CEO) | Mitarbeiter: 11 bis 20 | Branche: Coiffeursalons | Rechtsform: Gesellschaft mit beschränkter Haftung'),
('be19460e-018b-4b78-9950-c63006e80c8d', '36212bd3-b379-4b16-82c4-59e61e63e345', 'KALTAKQUISE', 'ACTIVE', 0, 'Funktion: Leitung Schule | Mitarbeiter: 21 bis 50 | Branche: Weiterbildungsinstitute'),
('8466d643-655f-48d6-9f00-ee0d23c1a46a', '72f9fa56-efef-4ed8-971d-e8d5a97582fb', 'KALTAKQUISE', 'ACTIVE', 0, 'Funktion: Gesamtleitung/Direktion | Mitarbeiter: 51 bis 100 | Branche: Spitäler & Kliniken | Rechtsform: Aktiengesellschaft'),
('53280772-61e4-4c73-9dfa-f504c8a411e2', 'f9a2ddfd-94ae-4abf-97e1-d19bf66b1add', 'KALTAKQUISE', 'ACTIVE', 0, 'Funktion: Gesamtleitung/Direktion | Mitarbeiter: 21 bis 50 | Branche: Spitex / Spitäler & Kliniken'),
('aa96a8cc-4f35-4502-b934-52eb3c758d60', '91ff9a6d-dcd0-4897-a845-66debf496d19', 'KALTAKQUISE', 'ACTIVE', 0, 'Funktion: Gesamtleitung/Direktion | Mitarbeiter: 1 bis 10 | Branche: Kosmetikstudios / Spitäler & Kliniken | Rechtsform: Aktiengesellschaft'),
('fc0a6f76-af65-4850-80b9-6995b6fb0cd2', 'b88cfc23-9615-40b8-b237-f47e7270effb', 'KALTAKQUISE', 'ACTIVE', 0, 'Funktion: Geschäftsführer/in (CEO) | Mitarbeiter: 1 bis 10 | Branche: Psychiatrie & Psychotherapie'),
('1d35b87a-918f-41c2-8b31-f0af19c91cf3', 'd6ad2a99-90b1-4c73-87c5-ec62bda5c691', 'KALTAKQUISE', 'ACTIVE', 0, 'Funktion: Geschäftsführer/in (CEO) | Mitarbeiter: 1 bis 10 | Branche: Kosmetikstudios | Rechtsform: Gesellschaft mit beschränkter Haftung'),
('e36afb82-c781-490f-8bbe-d4c3dceb8baf', '545a2673-ee26-4eb9-a425-02b20841c310', 'KALTAKQUISE', 'ACTIVE', 0, 'Funktion: Geschäftsführer/in (CEO) | Mitarbeiter: 21 bis 50 | Branche: IT Unternehmen | Rechtsform: Aktiengesellschaft'),
('a89b9d6e-24a3-4237-ade2-ba7b0b8472b9', '7581b42e-c6d9-4455-a36c-2fe85f419ff0', 'KALTAKQUISE', 'ACTIVE', 0, 'Funktion: Geschäftsführer/in (CEO) | Mitarbeiter: 1 bis 10 | Branche: Versicherungsbroker & -makler | Rechtsform: Gesellschaft mit beschränkter Haftung'),
('473beeea-f0de-4b2b-b3c6-568f81169b9b', '3eba3cee-54d6-4140-8dcf-80a403442484', 'KALTAKQUISE', 'ACTIVE', 0, 'Funktion: Leitung Standort | Mitarbeiter: 1 bis 10 | Branche: Versicherungsbroker & -makler | Rechtsform: Gesellschaft mit beschränkter Haftung'),
('73418092-b0fe-4336-992f-c2003c6a8a30', 'e10551eb-da65-40bb-bd25-38638cbe7160', 'KALTAKQUISE', 'ACTIVE', 0, 'Funktion: Gesamtleitung/Direktion | Mitarbeiter: 1 bis 10 | Branche: Spitäler & Kliniken'),
('51f759c0-d471-47e5-984c-bfd25f643e19', '51c6a857-ae6a-48f0-b683-10efdec4cb31', 'KALTAKQUISE', 'ACTIVE', 0, 'Funktion: Geschäftsführer/in (CEO) | Mitarbeiter: 11 bis 20 | Branche: Zahnarztpraxen | Rechtsform: Aktiengesellschaft'),
('474f87a8-cf84-4f3e-9c97-a876625a691d', '4141357b-80a9-4cf6-9894-3f1d7d63bdf9', 'KALTAKQUISE', 'ACTIVE', 0, 'Funktion: Geschäftsführer/in (CEO) | Mitarbeiter: 11 bis 20 | Branche: Arztpraxen | Rechtsform: Aktiengesellschaft'),
('5038970c-0d12-49ec-85f6-10cd8f26aba7', '4fd80cdb-8955-41de-b272-49be206690ad', 'KALTAKQUISE', 'ACTIVE', 0, 'Funktion: Geschäftsführer/in (CEO) | Mitarbeiter: 1 bis 10 | Branche: FinTech | Rechtsform: Aktiengesellschaft'),
('f754e397-421f-4053-afd0-6959e0f1358a', '6acd0534-9573-40d0-a4ba-4db29fe76864', 'KALTAKQUISE', 'ACTIVE', 0, 'Funktion: Geschäftsführer/in (CEO) | Mitarbeiter: 11 bis 20 | Branche: Maschinenbauindustrie | Rechtsform: Aktiengesellschaft'),
('c4d36c6b-e7b6-4f9e-9747-f40650dbd6df', '66622f39-ae44-4f90-8269-f3d70e1a187b', 'KALTAKQUISE', 'ACTIVE', 0, 'Funktion: Geschäftsführer/in (CEO) | Mitarbeiter: 51 bis 100 | Branche: Baugeschäfte / Top 2''000 CH-Unternehmen | Rechtsform: Aktiengesellschaft'),
('2eaff30d-25e6-4979-b2db-6d670c786994', 'c18978e6-2464-42b8-b6f2-15063dc6f42b', 'KALTAKQUISE', 'ACTIVE', 0, 'Funktion: Geschäftsführer/in (CEO) | Mitarbeiter: 51 bis 100 | Branche: Life-Science-Industrie | Rechtsform: Aktiengesellschaft'),
('46dcdd6f-e32f-4649-91de-28f4cc3b8219', 'e97a9896-c474-409e-a640-65f75962c0b1', 'KALTAKQUISE', 'ACTIVE', 0, 'Funktion: Geschäftsführer/in (CEO) | Mitarbeiter: 1 bis 10 | Branche: Apotheken & Drogerien'),
('567a98e6-078b-4bfc-afe6-d5295380418a', 'a45c3047-3447-4952-9bc4-424fb6a710bb', 'KALTAKQUISE', 'ACTIVE', 0, 'Funktion: Geschäftsführer/in (CEO) | Mitarbeiter: 1 bis 10 | Branche: Apotheken & Drogerien | Rechtsform: Gesellschaft mit beschränkter Haftung'),
('c13b3343-1bb0-436e-8065-553809c7fe8e', '683f31e8-884b-4be0-a552-f2c595c8768f', 'KALTAKQUISE', 'ACTIVE', 0, 'Funktion: Geschäftsführer/in (CEO) | Mitarbeiter: 1 bis 10 | Branche: Apotheken & Drogerien'),
('b04c59f4-8e7f-489f-8611-22f7a2f27228', '3bd61995-c4f7-478c-9da0-9bf1478ba61e', 'KALTAKQUISE', 'ACTIVE', 0, 'Funktion: Geschäftsführer/in (CEO) | Mitarbeiter: 21 bis 50 | Branche: Apotheken & Drogerien | Rechtsform: Aktiengesellschaft'),
('bd2afac2-bf2f-4fae-9e6a-50b64444e147', 'a1ddf291-1d4c-4d2a-ac7a-41efa1de9511', 'KALTAKQUISE', 'ACTIVE', 0, 'Funktion: Geschäftsführer/in (CEO) | Mitarbeiter: 11 bis 20 | Branche: Apotheken & Drogerien'),
('e72d51a0-1e48-4911-a890-2b6696b8b6f8', 'f231e405-f2c0-4c26-a7f2-f249474cfda1', 'KALTAKQUISE', 'ACTIVE', 0, 'Funktion: Geschäftsführer/in (CEO) | Mitarbeiter: 11 bis 20 | Branche: Apotheken & Drogerien'),
('d353a145-3f49-4cfa-9e12-97a0cd239e4e', '955f82e5-e959-4d3c-8d28-f965b7e0b34d', 'KALTAKQUISE', 'ACTIVE', 0, 'Funktion: Geschäftsführer/in (CEO) | Mitarbeiter: 1 bis 10 | Branche: Apotheken & Drogerien | Rechtsform: Aktiengesellschaft'),
('3110bac6-8458-41bb-9ccc-c4fc065d6bf7', 'c157660e-db9f-4688-89a7-b90959af158a', 'KALTAKQUISE', 'ACTIVE', 0, 'Funktion: Geschäftsführer/in (CEO) | Mitarbeiter: 1 bis 10 | Branche: Garagen | Rechtsform: Aktiengesellschaft'),
('2001b003-8f6e-4ab2-931e-92ef86661b08', '7251b182-9166-4a89-8858-f4da996dd195', 'KALTAKQUISE', 'ACTIVE', 0, 'Funktion: Geschäftsführer/in (CEO) | Mitarbeiter: Mehr als 500 | Branche: Top 2''000 CH-Unternehmen | Rechtsform: Aktiengesellschaft'),
('270b8edc-220c-4575-992d-3cb748784f61', '91c26588-92e1-47ab-9d46-b3a69b7ea4ab', 'KALTAKQUISE', 'ACTIVE', 0, 'Funktion: Geschäftsführer/in (CEO) | Mitarbeiter: 11 bis 20 | Branche: Clubs, Bars & Eventlocations'),
('4d38fa4b-91a6-44b4-9ab1-064e56e65cd8', 'd7a71c82-bdf9-46f3-a945-4520159d0dd5', 'KALTAKQUISE', 'ACTIVE', 0, 'Funktion: Geschäftsführer/in (CEO) | Mitarbeiter: 11 bis 20 | Branche: Garagen | Rechtsform: Aktiengesellschaft'),
('cc557a87-bafa-453d-8128-a426e88dfe74', '44f260c9-53ea-4d44-817d-2fc9236a8a0a', 'KALTAKQUISE', 'ACTIVE', 0, 'Funktion: Geschäftsführer/in (CEO) | Mitarbeiter: 1 bis 10 | Branche: Garagen | Rechtsform: Gesellschaft mit beschränkter Haftung'),
('12bccf9d-013f-4627-88f7-f2162dc118d2', 'f2f9c660-e67f-443e-accc-da5cc9f11618', 'KALTAKQUISE', 'ACTIVE', 0, 'Funktion: Geschäftsführer/in (CEO) | Mitarbeiter: 11 bis 20 | Branche: Clubs, Bars & Eventlocations | Rechtsform: Gesellschaft mit beschränkter Haftung'),
('08651e3a-0ad2-40b6-8a1e-39beafac2c9f', 'ca02e4d5-9e10-4c7e-901e-d8c20e5bff15', 'KALTAKQUISE', 'ACTIVE', 0, 'Funktion: Gesamtleitung/Direktion | Mitarbeiter: 1 bis 10 | Branche: Hotels'),
('cca7cacb-53ec-4028-bdae-f3c8359fc819', '72eb9484-4cb0-4998-b6e3-ddb67d08f1b3', 'KALTAKQUISE', 'ACTIVE', 0, 'Funktion: Gesamtleitung/Direktion | Mitarbeiter: 1 bis 10 | Branche: Hotels'),
('d1602195-9c5a-48f2-a4c0-7b08c7299670', 'a1bd9ce9-d80a-4825-95d3-c0339d839ce8', 'KALTAKQUISE', 'ACTIVE', 0, 'Funktion: Gesamtleitung/Direktion | Mitarbeiter: 1 bis 10 | Branche: Hotels / Restaurants | Rechtsform: Aktiengesellschaft'),
('e9faa812-d4f3-4d8e-89fe-011046e14743', 'f51847a9-1494-43a8-8877-a8d12fa19ffd', 'KALTAKQUISE', 'ACTIVE', 0, 'Funktion: Gesamtleitung/Direktion | Mitarbeiter: 11 bis 20 | Branche: Hotels / Restaurants'),
('89832380-63e6-46d5-8f13-7c1ba3c8f5c3', 'a4f157a3-b597-4dd4-9e4f-e1fd3325f3db', 'KALTAKQUISE', 'ACTIVE', 0, 'Funktion: Geschäftsführer/in (CEO) | Mitarbeiter: 1 bis 10 | Branche: Physiotherapie'),
('2ae0b5ae-2507-44c0-bfaf-99860366db85', '4846bf0b-6256-4ce4-b0dd-f45477eacbc2', 'KALTAKQUISE', 'ACTIVE', 0, 'Funktion: Geschäftsführer/in (CEO) | Mitarbeiter: 1 bis 10 | Branche: Apotheken & Drogerien | Rechtsform: Aktiengesellschaft'),
('95a320eb-7429-4c7f-a782-986725ab4658', '2ae4a851-cb67-49f1-8456-85c32893136e', 'KALTAKQUISE', 'ACTIVE', 0, 'Funktion: Geschäftsführer/in (CEO) | Mitarbeiter: 11 bis 20 | Branche: Apotheken & Drogerien'),
('ffd01c90-fe91-4de9-9e54-b000b6b4af9a', '87bd54f4-6523-4d1d-8c05-23195aeff07f', 'KALTAKQUISE', 'ACTIVE', 0, 'Funktion: Geschäftsführer/in (CEO) | Mitarbeiter: 11 bis 20 | Branche: Garagen | Rechtsform: Aktiengesellschaft'),
('6aef2df6-4984-4925-b9c9-93861bc25ef1', 'd86ba56e-4bdb-4d03-b08e-93a8cee3137d', 'KALTAKQUISE', 'ACTIVE', 0, 'Funktion: Geschäftsführer/in (CEO) | Mitarbeiter: 11 bis 20 | Branche: Garagen | Rechtsform: Aktiengesellschaft'),
('adafda3b-ec30-4273-83eb-d5463a0c4133', 'e28dd07e-70fa-47df-a7e3-2c6af784d39f', 'KALTAKQUISE', 'ACTIVE', 0, 'Funktion: Geschäftsführer/in (CEO) | Mitarbeiter: 1 bis 10 | Branche: Garagen | Rechtsform: Aktiengesellschaft'),
('6cd0df84-4391-4149-8749-735ab972d903', 'a0d09c1c-8113-4d76-bf3a-f38441ddfd97', 'KALTAKQUISE', 'ACTIVE', 0, 'Funktion: Geschäftsführer/in (CEO) | Mitarbeiter: 11 bis 20 | Branche: Garagen | Rechtsform: Aktiengesellschaft'),
('eb67d3f3-a8dc-470f-9d5a-c0a738635f54', 'b68f96d5-e8ef-4296-9ad8-65276bcc3ff0', 'KALTAKQUISE', 'ACTIVE', 0, 'Funktion: Mitglied der Geschäftsleitung | Mitarbeiter: 21 bis 50 | Branche: Garagen | Rechtsform: Aktiengesellschaft'),
('5db90244-e8c2-4030-9d68-4c0a05b8f065', '6e4d703a-542b-4c14-865b-d6ed5091ef0b', 'KALTAKQUISE', 'ACTIVE', 0, 'Funktion: Geschäftsführer/in (CEO) | Mitarbeiter: 1 bis 10 | Branche: Garagen | Rechtsform: Aktiengesellschaft'),
('f1fb746b-3368-49ef-ab8a-2ad18789a2b7', '72d70904-1053-4b39-8a5c-24ce7f60d548', 'KALTAKQUISE', 'ACTIVE', 0, 'Funktion: Geschäftsführer/in (CEO) | Mitarbeiter: 1 bis 10 | Branche: Garagen | Rechtsform: Gesellschaft mit beschränkter Haftung'),
('f62ee7e1-9726-4ae2-8b1d-7e82f34ea870', 'a075ccf4-3eee-4ff5-bb19-40825890937c', 'KALTAKQUISE', 'ACTIVE', 0, 'Funktion: Geschäftsführer/in (CEO) | Mitarbeiter: 11 bis 20 | Branche: Garagen | Rechtsform: Aktiengesellschaft'),
('205549a4-7c22-41da-af9b-ff5a7de5894f', '7841ec8b-f058-4dcd-b896-78f8a501a129', 'KALTAKQUISE', 'ACTIVE', 0, 'Funktion: Geschäftsführer/in (CEO) | Mitarbeiter: 21 bis 50 | Branche: Garagen | Rechtsform: Aktiengesellschaft'),
('231951f5-3fdb-4902-bb42-9675b967c3ff', '20f0e4b6-2ae7-4be0-b843-70d38a140962', 'KALTAKQUISE', 'ACTIVE', 0, 'Funktion: Geschäftsführer/in (CEO) | Mitarbeiter: 1 bis 10 | Branche: Garagen | Rechtsform: Aktiengesellschaft'),
('c1933605-89ef-40c7-842f-81d2f478eb98', 'e952d3c1-6c46-4e8e-8f93-000854e260f5', 'KALTAKQUISE', 'ACTIVE', 0, 'Funktion: Geschäftsführer/in (CEO) | Mitarbeiter: 1 bis 10 | Branche: Garagen | Rechtsform: Aktiengesellschaft'),
('e674af93-d25f-4628-8ca4-98d05328a8a4', '3fb75da0-3e80-4cb6-8c7c-9e79e06cc7b8', 'KALTAKQUISE', 'ACTIVE', 0, 'Funktion: Geschäftsführer/in (CEO) | Mitarbeiter: 1 bis 10 | Branche: Garagen'),
('9cc17f4e-2667-4942-a4bd-e29d4d3bdeb3', '94848e50-7f3d-4ac1-89a5-45e769db484f', 'KALTAKQUISE', 'ACTIVE', 0, 'Funktion: Geschäftsführer/in (CEO) | Mitarbeiter: 11 bis 20 | Branche: Arztpraxen'),
('0185adc6-c88a-4069-bec5-6a0dc4c1dc1d', '4ec12d16-b70b-48cd-870b-5f92c9e951de', 'KALTAKQUISE', 'ACTIVE', 0, 'Funktion: Geschäftsführer/in (CEO) | Mitarbeiter: 1 bis 10 | Branche: Facility Management & Reinigungsfirmen | Rechtsform: Einzelunternehmen'),
('99cd81e7-dafe-4df5-afaf-44f0def3c580', 'f355ad55-a0af-46db-97bb-3bf38bea26ec', 'KALTAKQUISE', 'ACTIVE', 0, 'Funktion: Geschäftsführer/in (CEO) | Mitarbeiter: 101 bis 500 | Branche: Arztpraxen'),
('2492f22f-658e-4e6b-9ba0-03ff8264ea4b', 'fdf229fc-8342-461b-a48e-3e1654f8ee1a', 'KALTAKQUISE', 'ACTIVE', 0, 'Funktion: Geschäftsführer/in (CEO) | Mitarbeiter: 11 bis 20 | Branche: Nachhaltigkeitsbereich / Sanitär & Haustechnik / Solar & Photovoltaik | Rechtsform: Aktiengesellschaft'),
('37c139a2-ec11-4892-a9b7-1ed5cf6167c7', 'c8332c4c-63d5-4c1f-94c0-c2785bf07aff', 'KALTAKQUISE', 'ACTIVE', 0, 'Funktion: Geschäftsführer/in (CEO) | Mitarbeiter: 101 bis 500 | Branche: Top 2''000 CH-Unternehmen | Rechtsform: Aktiengesellschaft'),
('725c7388-5d16-4c30-a59a-06144bc17b98', 'a661b31a-3ac4-4e9a-916a-ffe3b9a476a6', 'KALTAKQUISE', 'ACTIVE', 0, 'Funktion: Geschäftsführer/in (CEO) | Mitarbeiter: 1 bis 10 | Branche: Museum & Theater | Rechtsform: Stiftung'),
('f1606c3b-5ec8-4b11-ab03-413a23b8735a', '5026b1c4-fce6-41b9-b81f-81b7f147aeeb', 'KALTAKQUISE', 'ACTIVE', 0, 'Funktion: Geschäftsführer/in (CEO) | Mitarbeiter: 21 bis 50 | Branche: Alters- & Pflegeheime | Rechtsform: Aktiengesellschaft'),
('1741882b-bf67-4f2e-9596-54034d814d9e', '57e7fa99-b7c4-4a3c-a54a-3782debaccfd', 'KALTAKQUISE', 'ACTIVE', 0, 'Funktion: Geschäftsführer/in (CEO) | Mitarbeiter: 101 bis 500 | Branche: IT Unternehmen / Top 2''000 CH-Unternehmen | Rechtsform: Aktiengesellschaft'),
('889b1875-831f-4d64-8b97-f23d5d04c19c', 'ee7016de-5958-4c7b-8bd0-b70bc159cb3e', 'KALTAKQUISE', 'ACTIVE', 0, 'Funktion: Geschäftsführer/in (CEO) | Mitarbeiter: 11 bis 20 | Branche: Restaurants'),
('bf2488bd-b5a7-4d1c-8cb6-23f53beb0cda', '2c1921e3-c665-4ff0-b878-42ee62e03eb2', 'KALTAKQUISE', 'ACTIVE', 0, 'Funktion: Geschäftsführer/in (CEO) | Mitarbeiter: 1 bis 10 | Branche: Coiffeursalons'),
('d974bdc0-e0eb-4488-9f47-9fe2d05e0ede', '9151f9ed-d8df-4ede-a223-dd3a64bf1cd1', 'KALTAKQUISE', 'ACTIVE', 0, 'Funktion: Geschäftsführer/in (CEO) | Mitarbeiter: 11 bis 20 | Branche: Clubs, Bars & Eventlocations'),
('1c7cb96c-74dd-47ea-b93f-1980a8726d33', 'f7a385ec-f906-4215-a07d-be9170bcf9b1', 'KALTAKQUISE', 'ACTIVE', 0, 'Funktion: Präsidium  | Mitarbeiter: 1 bis 10 | Branche: Fussballvereine'),
('c0fe8c6e-9653-4fbd-aaad-0cf6f5575fb7', 'f28a45de-1dff-4dd4-8273-de5c662e8110', 'KALTAKQUISE', 'ACTIVE', 0, 'Funktion: Geschäftsführer/in (CEO) | Mitarbeiter: 21 bis 50 | Branche: Zahnarztpraxen | Rechtsform: Aktiengesellschaft'),
('0bb54a4a-d065-4c81-b1ae-d00ebdc1cbeb', '6564783f-5aed-4cc6-a7ad-f667b8e7a07e', 'KALTAKQUISE', 'ACTIVE', 0, 'Funktion: Geschäftsführer/in (CEO) | Mitarbeiter: 1 bis 10 | Branche: Medizintechnik-Industrie | Rechtsform: Gesellschaft mit beschränkter Haftung'),
('7ac564f6-a829-452f-8652-dff3a4e51a9c', 'bc0d8093-9780-4f90-9f5d-4937d0188370', 'KALTAKQUISE', 'ACTIVE', 0, 'Funktion: Geschäftsführer/in (CEO) | Mitarbeiter: 1 bis 10 | Branche: Garagen | Rechtsform: Aktiengesellschaft'),
('1182dfd4-dc54-49d6-8438-7be4683b69cd', 'ad2480f0-5cca-415e-adaa-6a736ce008da', 'KALTAKQUISE', 'ACTIVE', 0, 'Funktion: Geschäftsführer/in (CEO) | Mitarbeiter: 1 bis 10 | Branche: Atem- Meditation- & Yogacenter'),
('5e953533-00c0-4560-a2b6-d5a5d3241f96', 'e2d510f0-6aaa-4b9b-8eda-989b00b2389e', 'KALTAKQUISE', 'ACTIVE', 0, 'Funktion: Geschäftsführer/in (CEO) | Mitarbeiter: 51 bis 100 | Branche: Uhrenindustrie | Rechtsform: Aktiengesellschaft'),
('1920c4c2-3249-46d7-b5ce-42f8a1f6f95b', '76624378-5841-4910-b541-e97752a473e8', 'KALTAKQUISE', 'ACTIVE', 0, 'Funktion: Geschäftsführer/in (CEO) | Mitarbeiter: 1 bis 10 | Branche: Catering'),
('c0d007ab-2455-4e39-9cd9-3de55f8de369', '083252ce-4d96-4c67-ba05-247e0eed4772', 'KALTAKQUISE', 'ACTIVE', 0, 'Funktion: Geschäftsführer/in (CEO) | Mitarbeiter: 1 bis 10 | Branche: Werbeagenturen | Rechtsform: Gesellschaft mit beschränkter Haftung'),
('dffb521d-895a-4034-a209-ddf7950a5adc', 'c819cc28-c216-4594-bbf0-f46889664f55', 'KALTAKQUISE', 'ACTIVE', 0, 'Funktion: Geschäftsführer/in (CEO) | Mitarbeiter: Mehr als 500 | Branche: Medizintechnik-Industrie | Rechtsform: Gesellschaft mit beschränkter Haftung'),
('515da676-0bdf-4626-925c-a2d45efe350c', 'c31bdc84-2a63-4d83-8e52-779829cd5d82', 'KALTAKQUISE', 'ACTIVE', 0, 'Funktion: Geschäftsführer/in (CEO) | Mitarbeiter: 1 bis 10 | Branche: Architekturbüros / Innenausstatter | Rechtsform: Aktiengesellschaft'),
('29e0b60c-f76f-49a6-b21b-316dc3692bef', '3abf30ba-cb03-4e48-a894-67591f3f40d5', 'KALTAKQUISE', 'ACTIVE', 0, 'Funktion: Geschäftsführer/in (CEO) | Mitarbeiter: 1 bis 10 | Branche: Life-Science-Industrie | Rechtsform: Gesellschaft mit beschränkter Haftung'),
('311a334d-69fb-4727-b28a-14b17ad523f3', 'ef47cebb-28df-4453-914f-46d7c7ce8225', 'KALTAKQUISE', 'ACTIVE', 0, 'Funktion: Geschäftsführer/in (CEO) | Mitarbeiter: 11 bis 20 | Branche: Medizintechnik-Industrie | Rechtsform: Aktiengesellschaft'),
('3941b777-35ee-4ff8-9736-bdb61752cc63', '958dabd9-f145-4504-8a56-75f8d5520993', 'KALTAKQUISE', 'ACTIVE', 0, 'Funktion: Geschäftsführer/in (CEO) | Mitarbeiter: 1 bis 10 | Branche: Boden- & Plattenleger'),
('2805e264-7716-49a0-b133-a85ea0fb6df5', '2cb211dc-fb98-48c2-83e0-38bd05eaa619', 'KALTAKQUISE', 'ACTIVE', 0, 'Funktion: Geschäftsführer/in (CEO) | Mitarbeiter: 1 bis 10 | Branche: Online Shops | Rechtsform: Aktiengesellschaft'),
('57516d15-4f99-409f-b21c-fb863caa71fc', '20d2a942-ce61-42eb-9fb3-22d14748fc21', 'KALTAKQUISE', 'ACTIVE', 0, 'Funktion: Geschäftsführer/in (CEO) | Mitarbeiter: 11 bis 20 | Branche: Glas-, Keramik-, Stein- & Baustoffindustrie | Rechtsform: Gesellschaft mit beschränkter Haftung'),
('598ca94a-e4bb-4509-9ea7-e26ff90479d7', '49dd4f54-8009-420a-818e-6883afd608d2', 'KALTAKQUISE', 'ACTIVE', 0, 'Funktion: Geschäftsführer/in (CEO) | Mitarbeiter: 1 bis 10 | Branche: Boden- & Plattenleger'),
('21c64036-9803-411d-b080-23c120e6b5d3', '0a363c70-a49d-49ab-87e0-2ac023bf8a0e', 'KALTAKQUISE', 'ACTIVE', 0, 'Funktion: Geschäftsführer/in (CEO) | Mitarbeiter: 1 bis 10 | Branche: Boden- & Plattenleger'),
('aa4c4fe2-aff9-4e27-81c4-a91977b85dde', '6db060a5-ec96-45b7-bfff-48b3baf7c5ac', 'KALTAKQUISE', 'ACTIVE', 0, 'Funktion: Geschäftsführer/in (CEO) | Mitarbeiter: 1 bis 10 | Branche: Boden- & Plattenleger');

INSERT INTO lead_tags (lead_id, tag_id) VALUES
('873c7bda-4ed1-4a2d-a004-97af71d15a8c', 'ka-b2b'),
('e82134f9-13b7-4159-8c61-1d566f08f9d3', 'ka-b2b'),
('624fb68b-4ede-4de4-8486-69377bd9290a', 'ka-b2b'),
('0f7ffbc2-ee5a-4f35-b98e-c14f9ad44cc5', 'ka-b2b'),
('e1733473-94e0-4993-834d-9776c52d12b7', 'ka-b2b'),
('86c2c210-20be-42de-bc3d-cc2777c71f12', 'ka-b2b'),
('274899dd-60f3-4a5e-a064-ffd1fe6d2246', 'ka-b2b'),
('83a8e110-382a-4506-85ed-d8a748f6079e', 'ka-b2b'),
('0aabfddf-abf7-4135-9941-565ca49b0f4e', 'ka-b2b'),
('22f94c9c-347d-4de7-8740-5e20191ecb37', 'ka-b2b'),
('e9649b44-3728-4789-9028-8ea8f9520f1e', 'ka-b2b'),
('d2444c54-4dc5-428d-ac79-f84cb25df7d4', 'ka-b2b'),
('4183a1be-e872-4941-8f4a-67bb9b6e0373', 'ka-b2b'),
('962bfdc2-4090-476c-bab9-82d7cf244d75', 'ka-b2b'),
('a12d3e31-7d86-4605-a024-dd3411abbd15', 'ka-b2b'),
('bea0db69-59ab-4f8b-805b-084f59bb8253', 'ka-b2b'),
('681d362f-fb1f-4124-a423-90c746519727', 'ka-b2b'),
('f5e8dfb4-fa13-4df9-9379-4e968ed15401', 'ka-b2b'),
('5a772141-8c9f-4982-9cf0-540ffef25c10', 'ka-b2b'),
('b93c31dc-4c0e-484b-9d25-40534c9f64d8', 'ka-b2b'),
('28611b85-c6f9-4d54-b5ba-e866529dd736', 'ka-b2b'),
('eba836ca-0988-4572-ad98-1e6f309d1938', 'ka-b2b'),
('c452e0cc-8f71-468b-a23b-96829092bca8', 'ka-b2b'),
('631322bb-6fd1-4741-87aa-adf59f0f36e6', 'ka-b2b'),
('a72f3004-42f9-449e-a33f-bffccddb2752', 'ka-b2b'),
('41d518c6-e4dc-4bfa-a7cf-0e2854b4a06a', 'ka-b2b'),
('cc5003e8-01c7-470d-847c-ccd964ffcb32', 'ka-b2b'),
('337e9a8a-5225-4dad-9fb8-fa49aee40ab9', 'ka-b2b'),
('f2cfe16e-3634-400f-8cd6-641b0873bf7e', 'ka-b2b'),
('4d506cc5-e22a-423b-9224-fca6563c080c', 'ka-b2b'),
('b2f00dfd-7ac5-4bcc-8c44-11ad76d94883', 'ka-b2b'),
('2e4f0aa7-ebe8-4a0f-9170-b1faba20fda3', 'ka-b2b'),
('d14d6a8c-6482-4b2a-a9a1-46516a3d63ff', 'ka-b2b'),
('3debe1cb-ea4a-481d-9353-7fdd70c1bc3a', 'ka-b2b'),
('d10fc8d3-b396-4e1a-b1e3-76a986255bfe', 'ka-b2b'),
('030a47d9-5674-4b57-9636-e97a057389a7', 'ka-b2b'),
('fdd585e2-c4a0-4014-ba86-ae8c31e2b25e', 'ka-b2b'),
('1087e70a-5462-4112-8a6c-71936cc2dbca', 'ka-b2b'),
('a10ac3c7-de14-4b00-afc9-816aa0af85b2', 'ka-b2b'),
('3a396aee-c504-497f-b134-3c04ff9d408b', 'ka-b2b'),
('7dde7c4d-fda7-4c9f-8a6b-1b15b974ca5c', 'ka-b2b'),
('e2040051-e689-4e73-811d-058d3cf1b602', 'ka-b2b'),
('c78a97f0-10d5-47e8-9682-58558afb84fe', 'ka-b2b'),
('a57282fb-9bb3-475f-9e37-81a9d32e05cf', 'ka-b2b'),
('64facce9-f491-4135-a526-f38b4b9730a4', 'ka-b2b'),
('c48f3d20-a324-4ad9-806c-9ea379de8659', 'ka-b2b'),
('7657c5b8-f054-439d-b398-057e88c44e22', 'ka-b2b'),
('a257ad85-05f6-4cab-b538-9c97fb27f648', 'ka-b2b'),
('fe925f53-fb69-45a6-b599-001e4903aa87', 'ka-b2b'),
('38b58c91-a499-4cc4-9863-e17387c965ca', 'ka-b2b'),
('a4d2d13b-7bb0-4338-b64b-460e67efbccb', 'ka-b2b'),
('c1dfd3e4-f977-412c-82a9-141d689e5458', 'ka-b2b'),
('f227fd8e-4ad5-42d1-9eda-045add297905', 'ka-b2b'),
('92803f39-24c1-416f-8f79-bb0c7e38eb49', 'ka-b2b'),
('b7042313-f3dc-41e8-9d5c-12f5b6501876', 'ka-b2b'),
('01dad978-c312-428a-9c3d-4976effd94a7', 'ka-b2b'),
('1215baf7-8e4b-4fdd-97ca-908fd6ed339f', 'ka-b2b'),
('6be08522-4776-4465-9f69-28da9f2ac640', 'ka-b2b'),
('1e2e598d-b01e-4dbc-bd27-aab771f89fde', 'ka-b2b'),
('207a1172-c74b-4e38-b142-170814be88cc', 'ka-b2b'),
('e774c66e-f714-495f-b62a-451e7f709ebe', 'ka-b2b'),
('a3d6247a-bda5-4a98-9129-b0bc891df110', 'ka-b2b'),
('15794e8f-1c00-4cb7-a2da-b5c0debd36af', 'ka-b2b'),
('34d04461-5992-4ccb-8072-1305457b0a17', 'ka-b2b'),
('9b28ae3f-b659-424d-aa91-26ce4ea00ceb', 'ka-b2b'),
('6e22157a-c002-4adc-96da-35284736adb8', 'ka-b2b'),
('694550b5-b2f6-4be2-bd50-e2497184b07a', 'ka-b2b'),
('33e9dfe9-62f3-486c-9499-8e665898b66e', 'ka-b2b'),
('6eddd8a0-a6cd-48df-9366-6a8944580f66', 'ka-b2b'),
('0cd36dd8-45fc-4c2e-aa55-4115a00b0677', 'ka-b2b'),
('7cd6803e-c54a-48d5-9ef0-ba070329aa87', 'ka-b2b'),
('bb6b6cc4-01cd-48d8-98e0-9fbe0eecc97e', 'ka-b2b'),
('cf4574fa-d4fb-4c03-804a-5b657aef6aeb', 'ka-b2b'),
('1951424b-67a3-433d-a639-3b1dbc41ad1e', 'ka-b2b'),
('01d97675-699e-4f78-b1b5-3af506a33058', 'ka-b2b'),
('4df788c7-fce6-4b76-ba69-99e34b62f3ae', 'ka-b2b'),
('7b84ff51-f1da-40a6-8395-51e27b2312c6', 'ka-b2b'),
('c85661f0-d7e9-45c3-b073-1f2d77f023ee', 'ka-b2b'),
('45d532d4-7907-497c-a35c-b6ddd49d28fd', 'ka-b2b'),
('8126d6c3-9331-42be-b7fc-f1ceb695c27a', 'ka-b2b'),
('3ccc23e6-9956-4477-a01a-f2e6d4e061a9', 'ka-b2b'),
('b1a51281-93e0-489f-bb4d-32e05c4d9326', 'ka-b2b'),
('345cacad-009e-453d-8158-ec748bbaa44b', 'ka-b2b'),
('e5995cb1-cea7-46f5-b19b-427596cb9a0f', 'ka-b2b'),
('34cf1f4a-8cc6-4f21-8081-96d986a2c4d6', 'ka-b2b'),
('32c7ba53-34ff-474a-b575-c286a21bec85', 'ka-b2b'),
('230d76af-ab86-4cad-9ed7-fb83a032236c', 'ka-b2b'),
('96a9d812-c14b-4439-a9ca-7593b5d64328', 'ka-b2b'),
('07e8d0b5-95c0-4d50-a7bb-5474ec7f6d15', 'ka-b2b'),
('fc27b08b-866e-472b-8243-c9b7ca7410fd', 'ka-b2b'),
('ee3c4f66-c1be-400d-9a0b-27f24d9a29a7', 'ka-b2b'),
('561d35df-d7ec-488d-a7b1-d0092765d6ef', 'ka-b2b'),
('20efcf9c-0d3e-46fe-97d8-4d423fbf3fb1', 'ka-b2b'),
('25a43829-01cc-4720-8bfa-ca44df64d27f', 'ka-b2b'),
('56190e31-23a5-47b8-ad2f-018faed6f186', 'ka-b2b'),
('9227fd4f-7d9c-43e9-b000-933ec0c93db5', 'ka-b2b'),
('40ba7697-9924-47b4-ac55-bf031337f620', 'ka-b2b'),
('3e86a4a7-cd91-43fa-8114-2019b4544cdd', 'ka-b2b'),
('a3e068d5-4d8d-46fd-997c-984caf06f5fe', 'ka-b2b'),
('34abc5e8-89a6-4ad0-97d8-eca27b89a71d', 'ka-b2b'),
('899dcb95-2a8c-46a4-9f72-d85537f39d93', 'ka-b2b'),
('08e96049-01a5-4337-8db6-e071baae3732', 'ka-b2b'),
('e21411dd-1ce6-41f9-9700-ca1a5c170976', 'ka-b2b'),
('012e95cb-dc4d-467d-b8ab-e5432cee1bc4', 'ka-b2b'),
('60948489-f4dd-42db-ab6c-458aec1c5322', 'ka-b2b'),
('9b34c959-e70e-4ea5-87f6-57a9098ef932', 'ka-b2b'),
('1d4f895d-9b9c-45d9-bdb7-70604bb098c5', 'ka-b2b'),
('6255a559-5bc7-4a42-a4d6-b72b09740abc', 'ka-b2b'),
('64f56c9d-5e6a-4cee-a4ab-025b63e254b3', 'ka-b2b'),
('31bac32b-5ba5-4c51-9d84-c0d45ef5d5f9', 'ka-b2b'),
('39876d29-f80a-4823-ae79-3d8b67210398', 'ka-b2b'),
('5888b86c-c07d-47f3-89a6-06d581fc840d', 'ka-b2b'),
('b284380c-e630-42a8-ae26-b5740ddb3eb5', 'ka-b2b'),
('922127d7-3a35-4f83-8e62-cb99236207c3', 'ka-b2b'),
('8f5de113-6e39-44ff-b9f4-3231067ddf12', 'ka-b2b'),
('31ce3628-f523-49b8-bb44-59e8d0b9939b', 'ka-b2b'),
('8e91b6d1-2252-48dd-9854-5e4d14e6cf44', 'ka-b2b'),
('d49c94ee-dc8a-4653-b36b-2b1e8293be7e', 'ka-b2b'),
('6b0ba862-369e-4ce4-a4d7-65f62d12b7bf', 'ka-b2b'),
('26af4807-eab9-4f42-b762-5abf8e97d317', 'ka-b2b'),
('e00912f5-7f08-4955-bdb5-0a97124511ce', 'ka-b2b'),
('4db01919-5fa5-4011-9875-eb7e340fae72', 'ka-b2b'),
('a3697fc1-907a-4786-be92-e430d2a3f71d', 'ka-b2b'),
('be19460e-018b-4b78-9950-c63006e80c8d', 'ka-b2b'),
('8466d643-655f-48d6-9f00-ee0d23c1a46a', 'ka-b2b'),
('53280772-61e4-4c73-9dfa-f504c8a411e2', 'ka-b2b'),
('aa96a8cc-4f35-4502-b934-52eb3c758d60', 'ka-b2b'),
('fc0a6f76-af65-4850-80b9-6995b6fb0cd2', 'ka-b2b'),
('1d35b87a-918f-41c2-8b31-f0af19c91cf3', 'ka-b2b'),
('e36afb82-c781-490f-8bbe-d4c3dceb8baf', 'ka-b2b'),
('a89b9d6e-24a3-4237-ade2-ba7b0b8472b9', 'ka-b2b'),
('473beeea-f0de-4b2b-b3c6-568f81169b9b', 'ka-b2b'),
('73418092-b0fe-4336-992f-c2003c6a8a30', 'ka-b2b'),
('51f759c0-d471-47e5-984c-bfd25f643e19', 'ka-b2b'),
('474f87a8-cf84-4f3e-9c97-a876625a691d', 'ka-b2b'),
('5038970c-0d12-49ec-85f6-10cd8f26aba7', 'ka-b2b'),
('f754e397-421f-4053-afd0-6959e0f1358a', 'ka-b2b'),
('c4d36c6b-e7b6-4f9e-9747-f40650dbd6df', 'ka-b2b'),
('2eaff30d-25e6-4979-b2db-6d670c786994', 'ka-b2b'),
('46dcdd6f-e32f-4649-91de-28f4cc3b8219', 'ka-b2b'),
('567a98e6-078b-4bfc-afe6-d5295380418a', 'ka-b2b'),
('c13b3343-1bb0-436e-8065-553809c7fe8e', 'ka-b2b'),
('b04c59f4-8e7f-489f-8611-22f7a2f27228', 'ka-b2b'),
('bd2afac2-bf2f-4fae-9e6a-50b64444e147', 'ka-b2b'),
('e72d51a0-1e48-4911-a890-2b6696b8b6f8', 'ka-b2b'),
('d353a145-3f49-4cfa-9e12-97a0cd239e4e', 'ka-b2b'),
('3110bac6-8458-41bb-9ccc-c4fc065d6bf7', 'ka-b2b'),
('2001b003-8f6e-4ab2-931e-92ef86661b08', 'ka-b2b'),
('270b8edc-220c-4575-992d-3cb748784f61', 'ka-b2b'),
('4d38fa4b-91a6-44b4-9ab1-064e56e65cd8', 'ka-b2b'),
('cc557a87-bafa-453d-8128-a426e88dfe74', 'ka-b2b'),
('12bccf9d-013f-4627-88f7-f2162dc118d2', 'ka-b2b'),
('08651e3a-0ad2-40b6-8a1e-39beafac2c9f', 'ka-b2b'),
('cca7cacb-53ec-4028-bdae-f3c8359fc819', 'ka-b2b'),
('d1602195-9c5a-48f2-a4c0-7b08c7299670', 'ka-b2b'),
('e9faa812-d4f3-4d8e-89fe-011046e14743', 'ka-b2b'),
('89832380-63e6-46d5-8f13-7c1ba3c8f5c3', 'ka-b2b'),
('2ae0b5ae-2507-44c0-bfaf-99860366db85', 'ka-b2b'),
('95a320eb-7429-4c7f-a782-986725ab4658', 'ka-b2b'),
('ffd01c90-fe91-4de9-9e54-b000b6b4af9a', 'ka-b2b'),
('6aef2df6-4984-4925-b9c9-93861bc25ef1', 'ka-b2b'),
('adafda3b-ec30-4273-83eb-d5463a0c4133', 'ka-b2b'),
('6cd0df84-4391-4149-8749-735ab972d903', 'ka-b2b'),
('eb67d3f3-a8dc-470f-9d5a-c0a738635f54', 'ka-b2b'),
('5db90244-e8c2-4030-9d68-4c0a05b8f065', 'ka-b2b'),
('f1fb746b-3368-49ef-ab8a-2ad18789a2b7', 'ka-b2b'),
('f62ee7e1-9726-4ae2-8b1d-7e82f34ea870', 'ka-b2b'),
('205549a4-7c22-41da-af9b-ff5a7de5894f', 'ka-b2b'),
('231951f5-3fdb-4902-bb42-9675b967c3ff', 'ka-b2b'),
('c1933605-89ef-40c7-842f-81d2f478eb98', 'ka-b2b'),
('e674af93-d25f-4628-8ca4-98d05328a8a4', 'ka-b2b'),
('9cc17f4e-2667-4942-a4bd-e29d4d3bdeb3', 'ka-b2b'),
('0185adc6-c88a-4069-bec5-6a0dc4c1dc1d', 'ka-b2b'),
('99cd81e7-dafe-4df5-afaf-44f0def3c580', 'ka-b2b'),
('2492f22f-658e-4e6b-9ba0-03ff8264ea4b', 'ka-b2b'),
('37c139a2-ec11-4892-a9b7-1ed5cf6167c7', 'ka-b2b'),
('725c7388-5d16-4c30-a59a-06144bc17b98', 'ka-b2b'),
('f1606c3b-5ec8-4b11-ab03-413a23b8735a', 'ka-b2b'),
('1741882b-bf67-4f2e-9596-54034d814d9e', 'ka-b2b'),
('889b1875-831f-4d64-8b97-f23d5d04c19c', 'ka-b2b'),
('bf2488bd-b5a7-4d1c-8cb6-23f53beb0cda', 'ka-b2b'),
('d974bdc0-e0eb-4488-9f47-9fe2d05e0ede', 'ka-b2b'),
('1c7cb96c-74dd-47ea-b93f-1980a8726d33', 'ka-b2b'),
('c0fe8c6e-9653-4fbd-aaad-0cf6f5575fb7', 'ka-b2b'),
('0bb54a4a-d065-4c81-b1ae-d00ebdc1cbeb', 'ka-b2b'),
('7ac564f6-a829-452f-8652-dff3a4e51a9c', 'ka-b2b'),
('1182dfd4-dc54-49d6-8438-7be4683b69cd', 'ka-b2b'),
('5e953533-00c0-4560-a2b6-d5a5d3241f96', 'ka-b2b'),
('1920c4c2-3249-46d7-b5ce-42f8a1f6f95b', 'ka-b2b'),
('c0d007ab-2455-4e39-9cd9-3de55f8de369', 'ka-b2b'),
('dffb521d-895a-4034-a209-ddf7950a5adc', 'ka-b2b'),
('515da676-0bdf-4626-925c-a2d45efe350c', 'ka-b2b'),
('29e0b60c-f76f-49a6-b21b-316dc3692bef', 'ka-b2b'),
('311a334d-69fb-4727-b28a-14b17ad523f3', 'ka-b2b'),
('3941b777-35ee-4ff8-9736-bdb61752cc63', 'ka-b2b'),
('2805e264-7716-49a0-b133-a85ea0fb6df5', 'ka-b2b'),
('57516d15-4f99-409f-b21c-fb863caa71fc', 'ka-b2b'),
('598ca94a-e4bb-4509-9ea7-e26ff90479d7', 'ka-b2b'),
('21c64036-9803-411d-b080-23c120e6b5d3', 'ka-b2b'),
('aa4c4fe2-aff9-4e27-81c4-a91977b85dde', 'ka-b2b');
