-- Batch 174 (200 records)
INSERT INTO contacts (id, first_name, last_name, email, phone, company, address) VALUES
('210ef912-4d26-4074-93fd-38b7c548a940', 'Walter', 'Haefliger', 'info@haefliger-soehne.ch', '041 210 45 61', 'Haefliger Söhne Sanitär- und Heizungs GmbH', 'Obergrundstrasse 78a, 6005 St. Niklausen, Luzern'),
('d25b931e-e005-4aac-b754-200de1716162', 'Gediminas', 'Mikutis', 'info@haelixa.com', '044 592 69 00', 'Haelixa AG', 'Kemptpark 4, 8310 Kemptthal, Zürich'),
('244bb777-f945-4d1c-9e92-d502d09f0168', 'Peter', 'Hellstern', 'info@haemoclot.ch', '044 360 80 70', 'Haemoclot AG', 'Weinbergstrasse 157, 8006 Zürich, Zürich'),
('deeafeef-f0a9-44d1-a280-0f7fe82b77b1', 'Remo', 'Soliva', 'remo.soliva@haenerag.ch', '061 781 16 95', 'Haener AG Heizung Sanitär', 'Bodenackerstrasse 22, 4226 Breitenbach, Solothurn'),
('d63047a1-3dbb-4ce3-96ad-9bd1eb0b3110', 'Marianne', 'Haener-Frieden', 'sekretariat@haenertreuhand.ch', '033 225 00 66', 'Haener Treuhand AG', 'Haldenweg 16b, 3626 Hünibach, Bern'),
('f6368605-bdc3-4200-9bdb-58a6fad5a260', 'Oliver', 'Vietze', 'info@haenni-scales.com', '031 506 54 00', 'Haenni Instruments AG', 'Industrie Neuhof 66, 3422 Kirchberg, Bern'),
('1c8a067f-97ed-49fa-99a7-89fe191141c2', 'Raphael', 'Wyniger', 'hello@haenowitzpage.ch', 'N.a.', 'Haenowitz & Page GmbH', 'Gärtnerstrasse 46, 4057 Basel, Basel-Stadt'),
('30673b93-d099-42f6-8a3e-ba8fcdf61c0d', 'Dario', 'Papalo', 'papalo@haerlehubacher.ch', '044 488 11 30', 'Haerle Hubacher Partner GmbH', 'Hofackerstrasse 11a, 8032 Zürich, Zürich'),
('45258e2e-071f-4354-92b6-feaf812bb893', 'Peter', 'Haerry', 'info@glas-haerry.ch', '062 765 04 04', 'Haerry & Frey AG Glas & Spiegel', 'Widenmattstrasse 2, 5712 Beinwil am See, Aargau'),
('83621444-0b89-46f7-ae06-1db4e82e8f59', 'Christian', 'Sohm', 'c.sohm@haerter-partner.ch', '044 284 25 33', 'Haerter & Partner AG', 'Luggwegstrasse 9, 8048 Zürich, Zürich'),
('5fb2826f-e78b-4983-831e-73d7e9240cc6', 'Urs', 'Grütter', 'info@haeusler.com', '061 755 22 22', 'Haeusler AG Duggingen', 'Baselstrasse 21, 4202 Duggingen, Basel-Land'),
('af07263e-361f-46cf-934b-669cd3b20977', 'Stefanie', 'Seiler', 'ahoi@hafebar.ch', '032 508 08 82', 'Hafebar Solothurn', 'Prisongasse 4, 4500 Solothurn, Solothurn'),
('7c908270-da0a-4c0c-8609-bddfdb8cf0b0', 'Mario', 'Häfeli', 'info@altmetalle-recycling.ch', '078 821 80 34', 'Häfeli Altmetalle + Entsorgungen', 'Bronschhoferstrasse 20, 9500 Wil, St. Gallen'),
('917cf960-2207-44dc-8f85-8f3f22b24780', 'Stefan', 'Häfeli', 'info@haefeli-fenster.ch', '062 775 26 68', 'Häfeli Fenster AG', 'Seengerstrasse 24, 5704 Egliswil, Aargau'),
('10241816-0234-451f-8277-0f936d043278', 'Andreas', 'Häfeli', 'haefeligartenbau@hotmail.com', '077 463 46 89', 'Häfeli Gartenbau', 'Dorfstrasse 34, 5442 Fislisbach, Aargau'),
('3967aa07-ccc2-4f9e-9f91-72d93cee47f1', 'Simon', 'Flückiger', 'simon.flueckiger@haefelitransporte.ch', '056 544 56 27', 'Häfeli Logistik und Transporte AG', 'Birrfeldstrasse 35, 5507 Mellingen, Aargau'),
('e8b17b4b-8e00-4d1e-82e1-d0df280a1ca5', 'Patrick', 'Häfeli', 'patrick@haefeli-technik.ch', '076 389 93 90', 'Häfeli Maschinentechnik GmbH', 'Zürcherstrasse 4, 5400 Baden, Aargau'),
('bab83e80-0f5f-424b-ba2f-636475a1fcb6', 'Stefan', 'Häfeli', 'info@haefeli-raumgestaltung.ch', '056 424 11 17', 'Häfeli Raumgestaltung', 'Dammstrasse 7, 8112 Otelfingen, Zürich'),
('4fdbb233-e939-485a-8a4f-c3ad6e662ff7', 'Ernst', 'Müller', 'anfrage@haefeli.ch', '062 885 08 08', 'Häfeli Recycling AG', 'Hardstrasse 6, 5600 Lenzburg, Aargau'),
('42b4ae6d-5fc9-4a95-bd10-dea962d7091f', 'Fabio', 'Pollini', 'f.pollini@haefelin-ag.ch', '052 725 05 05', 'Häfelin AG', 'Algisserstrasse 6, 8500 Frauenfeld, Thurgau'),
('da1188bf-f759-4924-977c-d71f1e5b057f', 'Urs', 'Schmidhauser', 'info@hafenlounge.ch', '071 463 95 95', 'Hafenlounge Romanshorn', 'Hafenstrasse 29, 8590 Romanshorn, Thurgau'),
('ebe6037c-65e3-472d-9f5a-4a9fe55822bd', 'Daniel', 'Frei', 'hafenrestaurant@remimag.ch', '041 711 90 70', 'Hafenrestaurant Zug', 'Hafenplatz 2, 6300 Zug, Zug'),
('7e714b69-7a93-453b-a605-53e5d0966922', 'Christoph', 'Haffa', 'info@haffa-tiefbau.ch', '071 648 13 87', 'Haffa Rückbau- Tiefbau AG', 'Sulgerstrasse 27, 8575 Bürglen, Thurgau'),
('d7656aee-68c5-415e-85de-051070db6a55', 'Christoph', 'Kausch', 'info@hafiba.ch', 'N.a.', 'Hafiba AG', 'Bettingerstrasse 136, 4125 Riehen, Basel-Stadt'),
('3e8251ec-01dd-4e46-a59e-9efb5d2fa524', 'Regula', 'Hartmann', 'info@hafida-treuhand.ch', '044 918 19 55', 'Hafida Treuhand AG', 'Dorfstrasse 59, 8126 Zumikon, Zürich'),
('cadd26cb-dd53-45d6-9133-72ce3a14308f', 'Christian', 'Häfliger', 'haefligermoesch@bluewin.ch', '062 758 51 75', 'Häfliger & Mösch GmbH Schreinerei', 'Industriestrasse 20, 6260 Reiden, Luzern'),
('410692ef-eb91-439f-8a24-b04097d200df', 'Jörg', 'Häfliger', 'haefliger@zahnaerzte-luzern.ch', '041 410 31 35', 'Häfliger & Zaugg, Praxis für Zahnmedizin', 'Haldenstrasse 12, 6006 Luzern, Luzern'),
('e03fb557-80b1-492a-8aae-e45f0f081547', 'Patrik', 'Häfliger', 'info@stoeckli-fenster.ch', '041 493 01 20', 'Häfliger + Stöckli Immobilien AG', 'Wolhuserstrasse 24, 6122 Menznau, Luzern'),
('917d5e07-eb0c-41c3-9cee-2da5e3d9cf08', 'Roland', 'Häfliger', 'info@haefligerbau.ch', '079 432 80 09', 'Häfliger Bau AG', 'Bernstrasse 18, 6144 Zell, Luzern'),
('06612b03-7c4a-4c57-94f2-e69a9d571907', 'Michael', 'Häfliger', 'michael.haefliger@myhaefliger.ch', '079 704 37 16', 'Häfliger Baumanagement GmbH', 'Ettiswilerstrasse 33, 6130 Willisau, Luzern'),
('585d699c-1a11-437a-976e-2d31a8061fc3', 'Fredy', 'Häfliger', 'fredy.haefliger@fredyhaefligerag.ch', '044 214 68 18', 'Häfliger Fredy AG', 'Bahnhofstrasse 71, 8001 Zürich, Zürich'),
('5b1f420e-6620-4f34-8662-28fc506768b2', 'Brian', 'Häfliger', 'brian@haefliger-gartenbau.ch', '079 501 56 58', 'Häfliger Gartenbau GmbH', 'Heinrich-Zahn-Weg 10, 5036 Oberentfelden, Aargau'),
('2e043df1-5ad0-4cf1-9721-5240aa65e983', 'Thomas', 'Häfliger', 'haefliger-holzbau@gmx.ch', '079 511 68 31', 'Häfliger Holzbau AG', 'Parkweg 23, 6210 Sursee, Luzern'),
('08a638be-30b3-4aaf-abe0-6f104eb0ce86', 'Richard', 'Häfliger', 'info@haefligerag.ch', '062 726 11 77', 'Häfliger Innenausbau AG', 'Dorfstrasse 14, 5057 Reitnau, Aargau'),
('3ba1888d-53eb-4e7c-9045-29fbf76475fc', 'Regula', 'Häfliger', 'hello@haefliger-media.ch', '079 798 17 74', 'Häfliger Media AG', 'Pilatusstrasse 58, 6003 Luzern, Luzern'),
('4dd0afcc-7e3f-482e-a3b2-8033b6e7bbe2', 'Stefan', 'Häfliger', 'mail@haefliger-plattenbelaege.ch', '079 435 52 93', 'Häfliger Plattenbeläge AG', 'Chrummweid 10, 6026 Rain, Luzern'),
('5e2ae19a-63c2-4481-a359-9e63c161fa1a', 'Stephan', 'Häfliger', 'info@haefliger.sh', '0800 343 678', 'Häfliger Technology AG', 'Moosgasse 28, 3210 Kerzers, Fribourg/Freiburg'),
('d90069cb-337c-470c-aa30-61ca8fea24e5', 'Thomas', 'Häfliger', 'info@haefliger-treuhand.ch', '062 739 30 30', 'Häfliger Treuhand AG Holziken', 'Waagstrasse 10, 5043 Holziken, Aargau'),
('3f0fea0a-ac07-426c-8e05-61176bef61c9', 'Jeannette', 'Kuriger', 'info@haflingerhof.ch', '055 412 55 56', 'Haflingerhof', 'Frühboden 2, 8847 Egg, Schwyz'),
('f2e7ef2a-056b-49ca-8fd0-947f9bd5ebca', 'André', 'Hafner', 'a.hafner@hafner-schallschutz.ch', '041 618 60 52', 'Hafner AG', 'Galgenried 6, 6370 Stans, Nidwalden'),
('d84f30e1-85f1-445d-987b-b90aa7b90a61', 'Daniel', 'Hafner', 'daniel.hafner@gawnet.ch', '079 658 40 28', 'Hafner Daniel', 'Zuchwilerstrasse 60, 4500 Solothurn, Solothurn'),
('8a8178e3-a66e-4293-8ae2-1b5eeb606577', 'Peter', 'Hafner', 'info@hafner-gartenbau.ch', '071 250 00 22', 'Hafner Gartenbau und Baumschule', 'Gapf 345, 9200 Gossau, St. Gallen'),
('2532f186-25b0-4fe2-bc7e-5a5a665799a7', 'Mathias', 'Hafner', 'hafner@gruengestaltung.ch', '079 156 77 77', 'Hafner Grüngestaltung GmbH', 'Paradies 185, 9402 Mörschwil, St. Gallen'),
('9e4d198c-9b40-49ba-8160-ae0e455adfef', 'Bruno', 'Wickihalder', 'mail@hafnersursee.ch', '041 921 22 28', 'Hafner Haustech GmbH', 'Schlottermilch 8a, 6210 Sursee, Luzern'),
('da3dff1c-ade1-4a3a-838d-91f65b48a994', 'Kurt', 'Hafner-Horak', 'schreiner@gschieder.ch', '062 293 31 18', 'Hafner-Horak Schreinerei', 'Freie Strasse 6, 4632 Trimbach, Solothurn'),
('55cef6b0-2563-4ac3-beda-a8e85ede31c8', 'Christina', 'Leiter', 'info@hafnia.ch', '044 261 25 25', 'Hafnia GmbH', 'Scheitergasse 3, 8001 Zürich, Zürich'),
('e8bc5fcc-3194-4c67-b96a-8b6e32c54869', 'Pascal', 'Gretener', 'info@hag-gretener.ch', '052 316 16 58', 'HAG Gretener AG', 'Oberwilerstrasse 5, 8442 Hettlingen, Zürich'),
('8c794632-ff75-4943-8b1e-8833ea16a856', 'Thomas', 'Bühler', 'info@haganatur.ch', '062 889 18 18', 'HAGA AG Naturbaustoffe', 'Amselweg 36, 5102 Rupperswil, Aargau'),
('c1aab22f-e959-4480-b7ca-5ef1123fc4d1', 'Ralf', 'Hagedorn', 'info@hagedorn-gmbh.ch', '079 745 23 05', 'Hagedorn & Partner GmbH', 'Bannstrasse 1, 6312 Steinhausen, Zug'),
('d5460702-c8db-4c5e-959f-f1574c0dda50', 'Roman', 'Kohler', 'roman.kohler@hagedorn.ch', '043 844 11 25', 'Hagedorn AG', 'Industriestrasse 6, 8808 Pfäffikon, Schwyz'),
('4ba1fa88-99a4-4a9b-a216-fe836f9dc9a3', 'Christa', 'Hägeli', 'info@haegeli-treuhand.ch', '043 333 16 60', 'Hägeli Treuhand GmbH', 'Aegertenstrasse 56, 8003 Zürich, Zürich'),
('26a68815-d4d2-4f0c-9886-3c884c767c63', 'Martin', 'Hagen', 'hagenbau@bluewin.ch', '079 642 99 29', 'Hagen Bau GmbH', 'Mitteldorfstrasse 6, 9215 Schönenberg an der Thur, Thurgau'),
('c2544c25-5e49-4cbc-bb9a-5838642d3e03', 'Hagen', 'Grote', 'service@hagengrote.ch', '0848 607 066', 'Hagen Grote GmbH', '4019 Basel, Basel-Stadt'),
('52baeb37-3527-4023-ab0e-480a0228082e', 'Roman', 'Hagen', 'info@hagen.swiss', '071 951 50 51', 'Hagen Handels GmbH', 'Bürerfeld 2, 9245 Oberbüren, St. Gallen'),
('75cb231b-d660-45fb-9542-a37e9b9a0fe8', 'Atanas', 'Golubov', 'hagen-kabelkonfektion@bluewin.ch', '071 722 51 03', 'Hagen Kabelkonfektionen AG', 'Rütistrasse 6, 9443 Widnau, St. Gallen'),
('1afb2fd9-c011-4820-9fa3-03d749c7417b', 'Peter', 'Hagen', 'peter@hagen.ch', '079 227 48 28', 'HAGEN PROJECT', 'Im Vorderdorf 22, 8906 Bonstetten, Zürich'),
('784a725f-1454-422a-b91a-5e086fce29b5', 'Tamara', 'Hagenbuch', 'info@hagenbuch-immobilien.ch', '081 286 67 67', 'Hagenbuch Immobilien & Treuhand GmbH', 'Tittwiesenstrasse 66, 7000 Chur, Graubünden'),
('996371e3-8363-44f5-9063-330f28778832', 'Kurt', 'Hagenbuch', 'hagi@bluewin.ch', '079 639 93 44', 'Hagenbuch Kurt Malergeschäft', 'Aescherstrasse 3, 8903 Birmensdorf, Zürich'),
('ff4078f3-4439-4487-9535-593211450755', 'Cindy', 'Mäder-Seiler', 'info@hagenbuch-malerhandwerk.ch', '056 634 13 57', 'Hagenbuch Malerhandwerk AG', 'Gjuchstrasse 1, 8905 Islisberg, Aargau'),
('7d0f4eb2-b8eb-4db8-b280-6040d0f64c3e', 'Anna', 'Hagenfeldt', 'gunilla@hagenfeldtconsulting.com', '079 301 46 33', 'Hagenfeldt Consulting GmbH', 'Im Veltlin 4, 8706 Meilen, Zürich'),
('b6f2df04-7255-497d-8639-e5148f5eede0', 'Hans', 'Hager-Hösli', 'mollis@spar.ch', '055 622 20 30', 'Hager Lebensmittel GmbH', 'Bahnhofstrasse 4, 8753 Mollis, Glarus'),
('2ecb7612-7efb-4965-b801-e5cafd6bcd96', 'Adrian', 'Hager', 'a.hager@hagerag.ch', '055 617 21 63', 'Hager Zierbeschläge AG', 'Windeggstrasse 7, 8867 Niederurnen, Glarus'),
('513d518d-c79a-4f9f-a130-57d7cb9ee854', 'Stefan', 'Hager', 'hager.st@outlook.com', 'N.a.', 'Hager''s Öpfustübli', 'Fraubrunnenstrasse 5, 3426 Aefligen, Bern'),
('fe4004ef-2bd1-4f0f-9f4a-08c826e83af1', 'Werner', 'Hägi', 'info@haegi-metallbau.ch', '079 357 45 76', 'Hägi Metallbau GmbH', 'Hübscheren 1, 8932 Mettmenstetten, Zürich'),
('0af95343-37b7-407e-82cc-c8f63a8779ce', 'Florian', 'Hägi', 'hallo@hr-architektur.ch', '043 543 20 62', 'Hägi Riatsch Architektur', 'Allmendstrasse 149, 8041 Zürich, Zürich'),
('4a972777-d148-4942-9254-16a35a666ad4', 'Philipp', 'Rieder', 'info@haegi-ag.ch', '061 378 88 00', 'Hägi Treuhand AG', 'Wartenbergstrasse 41, 4052 Basel, Basel-Stadt'),
('761b4120-e168-4100-b2d0-27a949613867', 'Patrick', 'Haegi', 'p.haegi@haegi-partner.ch', '062 871 37 37', 'HÄGI+PARTNER AG', 'Hauptstrasse 30, 5028 Ueken, Aargau'),
('8ce53a74-ca0e-4b45-89d0-49fdaad6445b', 'Bernadette', 'Grünig', 'info@hagli.ch', '076 433 15 83', 'Hagli Beiz', 'Hinteres Hagli 53, 4719 Ramiswil, Solothurn'),
('2922c253-7a1f-4c2f-8811-b9e328384009', 'Andrea', 'Wetter', 'info@buero-hagmann.ch', '062 751 12 71', 'Hagmann AG', 'Sägetstrasse 6, 4802 Strengelbach, Aargau'),
('1e6c9965-1c19-4ec4-8047-ddbaaa047088', 'Stefan', 'Halbheer', 'info@hagmannag.ch', '071 844 19 20', 'Hagmann AG', 'Säntisstrasse 16, 9400 Rorschach, St. Gallen'),
('252b5ce2-2e39-4c39-8851-b695b0d1b7fc', 'Daniel', 'Hagmann', 'info@haboden.ch', '076 343 88 78', 'Hagmann Bodenbeläge', 'Bronschhoferstrasse 66, 9500 Wil, St. Gallen'),
('92486f27-07e3-4b67-a4bb-2250028572c1', 'Stefan', 'Hagmann', 'stefan_hagmann@bluewin.ch', '071 393 65 85', 'Hagmann Parkett, Teppich und Bodenbeläge', 'Ergetenstrasse 7, 9203 Niederwil, St. Gallen'),
('cb3e87fb-c53b-4559-a259-04491c6c0ec8', 'Hans Peter', 'Hagmann', 'info@sicherheitstuer.ch', '041 260 91 81', 'Hagmann Schreinerei und Sicherheitstechnik AG', 'Meierhöflistrasse 12, 6020 Emmenbrücke, Luzern'),
('6496edcd-3ceb-4865-abc2-df9510b64ecc', 'Karin', 'Wiesendanger', 'info@hagmann-siebdruck.ch', '052 233 55 12', 'Hagmann Siebdruck GmbH', 'Pflanzschulstrasse 17, 8400 Winterthur, Zürich'),
('3e55992a-a1b8-4433-a361-596c73f3bae2', 'Markus', 'Tschaggelar', 'info@hagmann-tec.com', '032 641 66 41', 'Hagmann Tec AG', 'Bohnackerweg 6, 2545 Selzach, Solothurn'),
('68e52ebe-eb88-4308-a7ce-4f628903b1b6', 'Marc', 'Hagmann', 'marc.hagmann@hagmanntreuhand.ch', '031 336 69 69', 'Hagmann Treuhand AG', 'Nordring 10a, 3013 Bern, Bern'),
('1127982d-011f-48e4-b797-1ead4c0b47ce', 'Emin', 'Ablak', 'info@hagneco.ch', '079 840 10 25', 'Hagne Co. GmbH', 'Bellariarain 6, 8038 Zürich, Zürich'),
('6c58ff80-a6d3-4e4d-9b56-c3308e9ea33c', 'Guy', 'Lorétan', 'info@haegni.ch', '044 463 18 18', 'Hägni AG', 'Räffelstrasse 11, 8045 Zürich, Zürich'),
('2ed88f4a-dfbe-4392-a037-638604f1b7b4', 'Haki', 'Golaj', 'info@hago-tec.ch', '056 246 06 27', 'HAGO-TEC GmbH', 'Schybenächerweg 332, 5324 Full-Reuenthal, Aargau'),
('4bc81d9c-c79e-475d-9f63-f4077e8b6121', 'Jürgen', 'Hagspiel', 'office@architektur-hagspiel.com', '071 740 06 06', 'Hagspiel Architekten AG', 'Neugrüttstrasse 3, 9430 St. Margrethen, St. Gallen'),
('883c2342-762f-4b29-8af5-6f7b3d75ba36', 'Matthias', 'Frank', 'info@franksliqueur.ch', 'N.a.', 'Haguhans Production GmbH', 'Untere Hauptgasse 18, 3600 Thun, Bern'),
('1f8438a8-fa0b-4b5a-afe7-6cbc1a4c47b3', 'Ruedi', 'Hählen', 'info@haehlen-gstaad.ch', '033 744 13 27', 'Hählen Bed & Baby', 'Gsteigstrasse 3, 3780 Gstaad, Bern'),
('5af371d4-6a1c-43df-8360-12b72da0ff4a', 'Andreas', 'Riedl', 'info@hahn-media.ch', '044 515 90 40', 'HAHN media group ag.', 'Grindelstrasse 5, 8303 Bassersdorf, Zürich'),
('889a009a-7e59-477f-a6af-e7f03c738252', 'Alain', 'Jenny', 'post@hahn-rickli.ch', '061 706 55 44', 'Hahn-Rickli AG', 'Talstrasse 84, 4144 Arlesheim, Basel-Land'),
('5e599d4c-e3d8-4d38-85a4-77c0ed8287f8', 'Marc', 'Haidorfer', 'info@haidorfer-gmbh.ch', '079 372 66 93', 'Haidorfer Bauhandwerk GmbH', 'Steinbühlstrasse 21, 8474 Dinhard, Zürich'),
('08c709b5-dcef-44f7-9294-2750bbb3037b', 'Deniz', 'Kulac', 'info@haifischbar.ch', '044 251 06 25', 'Haifisch-Bar GmbH', 'Mühlegasse 3, 8001 Zürich, Zürich'),
('6d88e4f2-25d7-4292-a617-195338f7d72d', 'Jonathan', 'Jacobson', 'contact@alehouse.ch', '044 542 87 45', 'Haile Trading GmbH - The Alehouse', 'Universitätstrasse 23, 8006 Zürich, Zürich'),
('84b3f26a-0fe4-4562-97f4-e424f482c5f5', 'Beyza', 'Tut-Durmus', 'info@hairandbeautybeyza.ch', '056 442 26 16', 'Hair & Beauty Beyza GmbH', 'Bahnhofplatz 7, 5200 Brugg, Aargau'),
('6689bad8-2071-4e29-9158-e1f33ec32f09', 'Sara', 'Sener', 'info@hair-beauty-club.ch', '043 542 20 55', 'Hair & Beauty Club', 'Binzackerstrasse 2, 8620 Wetzikon, Zürich'),
('374157ad-c065-4ad4-9cce-e5619c713d51', 'Matteo', 'Cangemi', 'info@coiffeurdielsdorf.ch', '043 810 30 77', 'Hair & Beauty Dielsdorf', 'Kronenstrasse 10, 8157 Dielsdorf, Zürich'),
('e4072207-641a-4202-9335-ab71d90a0bf2', 'Jessie', 'Zonca', 'info@hairandbeauty.ch', '041 917 13 52', 'Hair & Beauty Holliger GmbH', 'Bahnhofstrasse 7, 6285 Hitzkirch, Luzern'),
('d1e9417e-b4e4-40c1-9cbe-d318833e2af8', 'Iris', 'Schildknecht', 'info@hair-beautylounge.ch', '043 305 87 28', 'Hair & Beauty Lounge GmbH', 'Feldstrasse 20, 8105 Regensdorf, Zürich'),
('cbc38877-1d79-4847-a5a3-70223b1b9d28', 'Marilena', 'Babele', 'info@hairandbeautymarilena.ch', '062 534 01 01', 'Hair & Beauty Marilena GmbH', 'Alte Aarburgerstrasse 34, 4852 Rothrist, Aargau'),
('135b41e2-f9e1-4cef-a49c-ce15a3c00245', 'Matild', 'Solis', 'matild.solis@bluewin.ch', '079 337 59 25', 'Hair & Beauty Matild Solis', 'Schwyzerstrasse 27, 8805 Richterswil, Zürich'),
('94afec37-8d5c-4829-95e5-9503f5e3a41b', 'Purificacion', 'Abegue', 'salonpura@gmail.com', '078 695 02 14', 'Hair & Beauty Pura', 'Bettenstrasse 18, 4123 Allschwil, Basel-Land'),
('9341e28e-6cbe-407b-9c5b-244bc102238d', 'Rima', 'Malki', 'hairandbeautysalonbuchs@hotmail.com', '062 558 65 48', 'Hair & Beauty Salon', 'Mitteldorfstrasse 65, 5033 Buchs, Aargau'),
('fb7514f6-6aff-4aa4-a806-78dbde6275e2', 'Diana Maria', 'Lötscher', 'hairandbeautysalondiana@hotmail.com', '041 484 22 93', 'Hair & Beauty Salon Diana GmbH', 'Im Bienz 32, 6170 Schüpfheim, Luzern'),
('2d168506-f149-4cbf-9115-e9a701fbd93d', 'Daniela', 'Hafner', 'hairandbeautystudiohafner@gmail.com', '061 601 19 42', 'Hair & Beauty Studio Hafner', 'Baselstrasse 18, 4125 Riehen, Basel-Stadt'),
('87faab06-0388-4e75-b87d-c2e655543529', 'Olivia', 'Kallweit', 'o.kallweit@bluewin.ch', '078 827 33 22', 'hair & interior design', 'Birmensdorferstrasse 53, 8966 Oberwil-Lieli, Aargau'),
('1d8f79f6-90b1-4dfd-b8cf-1113a14ff54c', 'Laura', 'Picecchi', 'picecchi.laura@hotmail.com', '079 857 69 01', 'Hair & Make-up Lounge', 'Kapellweg 4, 6472 Erstfeld, Uri'),
('0b67422b-5371-4edc-a46c-e8d0b253510b', 'Luana', 'Plati', 'info@hairandmore.ch', '052 720 16 74', 'Hair & More', 'Zürcherstrasse 194, 8500 Frauenfeld, Thurgau'),
('e5fee3df-cde3-426f-8d0b-e8a986ba995e', 'Daniela', 'Bachmann', 'hair@bydaniela.ch', '079 721 21 91', 'Hair & More by Daniela', 'Dorfplatz 4, 6362 Stansstad, Nidwalden'),
('e996ab3e-3743-4eaa-b753-5b7c5dee2db7', 'Brigitta', 'Andri', 'mail@hairnail-andri.ch', '081 330 80 20', 'Hair & Nail Andri', 'Schulstrasse 47, 7302 Landquart, Graubünden'),
('b1e57e08-b690-4344-80b0-5aa24c3196b0', 'Lydia', 'Schafer', 'ly.schafer@bluewin.ch', '079 612 03 09', 'Hair & Nail Lydia Schafer', 'Hinterdorf 15, 3213 Liebistorf, Fribourg/Freiburg'),
('2ae5a76e-24b5-4fee-9061-0e9241589bf9', 'Daniela', 'Bachmann', 'info@hair-style-daniela.ch', '078 898 14 42', 'Hair & Style', 'Wolfikon 73, 9533 Kirchberg, St. Gallen'),
('f2911bd6-d2ba-4b28-91d1-6d84cea1e165', 'Karin', 'Niemetz', 'info@hairstylecoiffure.ch', '033 823 31 32', 'Hair & Style Coiffure Oberland GmbH', 'Hauptstrasse 39, 3806 Bönigen b. Interlaken, Bern'),
('65bd7831-b1e4-47c0-a9d3-1360f4cc5e19', 'Carmen', 'Kubanek', 'hair@home-surselva.ch', '079 760 65 52', 'Hair @ Home', 'Denter vias 15b, 7017 Flims Dorf, Graubünden'),
('5f19b6c0-8aa4-4450-9240-af24d2426a45', 'Gjaklina', 'Nikolla', 'gjaklina.hairbb@gmail.com', '076 422 01 64', 'Hair + Beauty Guy Diallo', 'Leonhardsstrasse 42, 4051 Basel, Basel-Stadt'),
('35ee6255-b8b3-4603-99e1-e686e06949a7', 'Daniela', 'Partoll', 'hair.gallery@sunrise.ch', '071 278 79 59', 'Hair + Gallery', 'Zürcherstrasse 213, 9014 St. Gallen, St. Gallen'),
('19dd53f5-df66-425a-ba1c-fe0537d42379', 'Connie', 'Weibel', 'info@connieweibel.ch', '079 305 09 73', 'Hair + Make-up Connie Weibel', 'Kleinfeldstrasse 17, 6210 Sursee, Luzern'),
('de6bd434-d239-46a1-996f-df80c9a6b8fd', 'Zineta', 'Ramic', 'hair4you@bluewin.ch', '041 780 88 22', 'Hair 4 You', 'Zugerstrasse 17, 6330 Cham, Zug'),
('07ff79c3-c702-4aeb-b02f-528377eff60b', 'Laura', 'La Piana', 'info@hair-affair.ch', '044 760 46 60', 'Hair Affair', 'Leuengasse 51, 8142 Uitikon Waldegg, Zürich'),
('db3b0e51-b442-4fa8-83c4-4d04962a06fe', 'Sarah', 'Neuhaus', 'sarah@hairandbody.ch', '079 213 76 06', 'Hair and Body', 'Hauptstrasse 81, 5085 Sulz, Aargau'),
('b656d0b7-4d6c-48ac-9e15-3065347cdbe6', 'Anna', 'Mettler', 'info@hair-and-care.ch', '041 811 47 22', 'Hair and Care', 'Archivgasse 8, 6430 Schwyz, Schwyz'),
('21c437f8-5831-467f-93a5-5c28b03aef42', 'Ursula', 'Wenk', 'info@hair-and-energy.ch', '079 220 77 78', 'Hair and Energy', 'Museumstrasse, 4712 Laupersdorf, Solothurn'),
('5e78ca09-965a-4cc0-a209-6580fbf2d550', 'Robin', 'Scherer', 'info@hairandfaceart.ch', '041 310 52 47', 'Hair and Face Art', 'Seestrasse 129, 6052 Hergiswil, Nidwalden'),
('8ec7bae2-d3e4-4891-b826-ff6fadebde8b', 'Andrea', 'Jäggi', 'andrea_jaggi@bluewin.ch', '044 850 18 60', 'Hair and More Oberglatt', 'Bahnhofstrasse 62, 8154 Oberglatt, Zürich'),
('82685179-f338-4410-b242-76b3ebf91ba7', 'Caterina', 'Puntillo', 'info@hairandwine.ch', '056 221 70 00', 'Hair and Wine', 'Chamstrasse 33, 8934 Knonau, Zürich'),
('24e077cd-136b-4ff7-b698-345b9858d79b', 'Ramona', 'Caluori', 'hairangels@gmx.ch', '076 701 96 99', 'Hair Angels', 'Untere Gasse 1, 7000 Chur, Graubünden'),
('d9d52207-6772-4c35-840b-3144f2e52732', 'Amanda', 'Lauper', 'hairatelier111@bluewin.ch', '044 450 18 50', 'Hair Atelier 111 Amanda', 'Uetlibergstrasse 111, 8045 Zürich, Zürich'),
('8a2e24af-99e0-4a1f-bad3-16294a33c9a0', 'Sandrine', 'Cordones', 'sandrine@hairatelier111.ch', '044 557 44 58', 'Hair Atelier 111 Sandrine', 'Uetlibergstrasse 111, 8045 Zürich, Zürich'),
('aecb14a8-0214-49d7-bd7d-3178efacdf93', 'Andrea', 'Bay', 'info@hairbay.ch', '044 310 24 00', 'Hair Bay & Co', 'Wattstrasse 9, 8050 Zürich, Zürich'),
('801d05e0-69fd-43b9-ab00-35d0aa6ccfd2', 'Nathalie', 'Widmer', 'nathalie_widmer@gmx.ch', '079 554 30 09', 'Hair Beauty and Styling', 'Dorfstrasse 28, 5420 Ehrendingen, Aargau'),
('e8c65fa6-49f1-42c4-85bb-08b177458d3b', 'Susi', 'von Däniken', 'hairbox@sunrise.ch', '041 611 19 09', 'Hair Box', 'Rotzbergstrasse 2d, 6362 Stansstad, Nidwalden'),
('9f6ab0f4-68cc-4693-aa3c-184555908c79', 'Steffi', 'Weydemann', 'info@hairbox.ch', '044 761 23 20', 'Hair Box Ottenbach', 'Affolternstrasse 5, 8913 Ottenbach, Zürich'),
('d23f799b-6161-4280-9a85-a9e3a4b0927e', 'Prisca', 'Antorini', 'prisca.hairbox@bluewin.ch', '044 830 07 02', 'Hair Box Prisca Antorini GmbH', 'Bahnhofstrasse 21, 8304 Wallisellen, Zürich'),
('ce5dd808-58d2-4822-adaa-4fbd715384bc', 'Marisa', 'Speidel', 'termin@hairbybudu.ch', '044 380 22 88', 'Hair by Budu', 'Klosbachstrasse 54, 8032 Zürich, Zürich'),
('d1a29dfa-914d-4d7c-bbfe-68fa4646c118', 'Delchuaz', 'Ale', 'sb.bydilo@gmail.com', '061 271 52 60', 'Hair by Dilo', 'Steinentorstrasse 14, 4051 Basel, Basel-Stadt'),
('0278b87e-cb4e-43af-ae19-5cf2727ad2e3', 'Doris Maria', 'Seeholzer-Kamm', 'info@hairbydoris.ch', '055 440 34 24', 'Hair by Doris Seeholzer', 'Ausserdorfweg 4, 8854 Siebnen, Schwyz'),
('038e218a-2b5a-40f1-bf7a-5cdacd0d41e5', 'Vicky', 'Zeka', 'hairbyroland@hispeed.ch', '044 784 37 63', 'Hair by Vicky', 'Dorfbachstrasse 17, 8805 Richterswil, Zürich'),
('c92e7805-6914-49c9-9a11-c5efcb51d14a', 'Catia', 'Ankeshian', 'info@hair-caian.ch', '044 910 10 59', 'Hair Caian', 'Bahnhofstrasse 6, 8700 Küsnacht, Zürich'),
('69bd70b7-9e07-408b-85f4-1ead16b3c9ce', 'Eveline', 'Benz', 'info@haircaretobenz.ch', '061 981 11 83', 'Hair Care to Benz', 'Ochsengasse 1, 4460 Gelterkinden, Basel-Land'),
('4d98a8b1-ffa4-4d8b-ba0c-73fb824a53cc', 'Yvonne', 'Weiss', 'y.weiss73@gmx.net', '071 222 14 67', 'Hair Care Yvonne Weiss', 'Oberer Graben 11, 9000 St. Gallen, St. Gallen'),
('267af15e-4c66-4751-8e45-a1b228d49a4f', 'Lars', 'Heitmann', 'info@fue-haartransplantation.ch', '079 275 80 80', 'Hair Clinic Dr. Lars Heitmann', 'Forchstrasse 186, 8032 Zürich, Zürich'),
('4e142dd2-7173-4e50-bc5d-364e16694a64', 'Franziska', 'Oberhänsli', 'oberhaensli@hairconnection.ch', '071 461 15 10', 'Hair Connection', 'Uttwilerstrasse 7, 8593 Kesswil, Thurgau'),
('13792eb6-43d6-4add-a9a3-4371c844e6ad', 'Marielle', 'Rech', 'info@coiffeur-haircorner.ch', '052 337 10 27', 'Hair Corner', 'Dorfstrasse 36, 8542 Wiesendangen, Zürich'),
('dc8963ce-7c11-4648-9349-83c5ac06618f', 'Marina', 'Friesen', 'info@haircouture-friesen.ch', '056 427 95 00', 'Hair Couture Marina Friesen', 'Landstrasse 85, 5430 Wettingen, Aargau'),
('036d456d-549d-4e42-a576-2edafff874fe', 'Despina', 'Zoro', 'info@coiffeur-zoro.ch', '044 361 77 80', 'Hair Création Zoro', 'Stolzestrasse 15, 8006 Zürich, Zürich'),
('ddf9eda7-e9e8-4ec3-943c-5354d61ed865', 'Daniel', 'Haldner', 'daniel@haircreativdaniel.ch', '071 222 64 04', 'Hair Creativ Daniel', 'Brühlgasse 23, 9000 St. Gallen, St. Gallen'),
('261b004b-46d3-4cd5-9d73-a91ec14bf98d', 'Katrin', 'Uhl', 'info@hair-cut.ch', '071 688 56 07', 'Hair Cut Katrin Uhl', 'Hafenstrasse 20, 8280 Kreuzlingen, Thurgau'),
('714b6e18-d29d-4804-9e1e-c3e119fb54bf', 'Anastasia', 'Grossmann', 'info@hairdeluxe.ch', '044 381 00 80', 'Hair Deluxe', 'Forchstrasse 331, 8008 Zürich, Zürich'),
('7991a35f-970f-4019-abdb-b7ee89d25c3d', 'Metin', 'Ulucan', 'info@hairdesignangel.ch', '061 361 64 63', 'Hair Design Angel GmbH', 'Tellplatz 11, 4053 Basel, Basel-Stadt'),
('4618fc01-62cb-41c2-9cc6-890d5222ccf7', 'Barry', 'Cook', 'hairdesignbybarry@gmail.com', '079 711 72 67', 'Hair Design by Barry', 'Falknerstrasse 12, 4051 Basel, Basel-Stadt'),
('92fd6c93-2c2e-4ad1-a093-3c509a043828', 'Véronique', 'Amigo', 'cosy.bs@gmail.com', '079 835 65 66', 'Hair design Cosy', 'Schneidergasse 32, 4051 Basel, Basel-Stadt'),
('fb7e816f-968d-4540-9f1b-47f8c848455a', 'Maria', 'Zahnd-Martin', 'info@hairdesign-coiffeur.ch', '079 216 89 21', 'Hair Design Hair & Make-Up Amlikon', 'Wilerstrasse 54, 8514 Amlikon-Bissegg, Thurgau'),
('5eb5525e-5814-411f-a2c4-c4c561c46868', 'Markus', 'Jordi', 'info@jordi-hairdesign.ch', '061 681 16 66', 'Hair Design Markus Jordi', 'Riehenstrasse 64, 4058 Basel, Basel-Stadt'),
('091e5e22-da41-489a-9056-9cb6130f81aa', 'Ruth', 'Ackermann', 'hairdesign.ra@bluewin.ch', '052 765 17 67', 'Hair Design RA', 'Hauptstrasse 23, 8552 Felben-Wellhausen, Thurgau'),
('29b16e59-4a79-40b6-a987-9faed576f6c4', 'Susanne', 'Müller', 'hairdesignsusanne@yahoo.de', '071 977 23 30', 'Hair Design Susanne', 'Hagenbachstrasse 11, 8374 Dussnang, Thurgau'),
('5b20522f-6136-4b7b-8bc5-e996f6f0572b', 'Sonja', 'Bisignano', 'info@hair-dream.ch', '071 411 16 13', 'Hair Dream Coiffure / Nagelstudio', 'Rennweg 7, 8580 Amriswil, Thurgau'),
('d28faa8f-1d65-4a6d-9e81-1daf28f00922', 'Volkan', 'Alben', 'info@hairfactory.ch', '044 940 87 33', 'Hair Factory GmbH', 'Bahnhofpassage 8, 8610 Uster, Zürich'),
('c46cd988-1985-4feb-84b8-339e8890eaaf', 'Elfie', 'Thoma', 'hairfair@gmail.com', '076 222 20 02', 'Hair Fair', 'Dietlikerstrasse 67, 8302 Kloten, Zürich'),
('607f596f-60b2-4c78-90bb-ebde29e0af1c', 'Laura', 'Tschaggelar', 'info@hair-fashionhouse.ch', '032 622 68 68', 'Hair Fashion by Laura Tschaggelar', 'Stalden 5, 4500 Solothurn, Solothurn'),
('7a87252d-5cf3-4a13-8a00-8b4739ffc51a', 'Morena', 'Ambruosi-Santoro', 'modada82@sunrise.ch', '044 850 13 07', 'Hair Fashion by Morena', 'Nöschikonerstrasse 7, 8155 Niederhasli, Zürich'),
('abdf2f29-ff57-44af-9ae6-63cdd5e79373', 'Karin', 'Berchtold', 'mail@hairfashionlangenthal.ch', '062 922 64 85', 'Hair Fashion Langenthal GmbH', 'Brauihof 20a, 4900 Langenthal, Bern'),
('41fb474c-a174-4edb-ac18-99f89ae809be', 'Marisa', 'Callerame', 'popparelle@gmx.ch', '056 622 12 15', 'Hair Fashion Marisa', 'Bahnhofstrasse 14, 5610 Wohlen, Aargau'),
('ec534724-a63d-464c-ab9b-3475f23f4bad', 'Sonja', 'Keller', 'hair-flair-sonja@gmx.ch', '071 947 20 20', 'Hair flair by Sonja', 'Hauptstrasse 23, 9526 Zuckenriet, St. Gallen'),
('1e37999e-bd08-45f5-9ea1-568327ef3056', 'Elena', 'Dattilo', 'elena_dattilo@hotmail.com', '061 401 60 60', 'Hair Flair Hair & Make-Up Specialist', 'Baslerstrasse 55, 4102 Binningen, Basel-Land'),
('cbb14892-85bf-4789-a134-4aca38dd5385', 'Manuela', 'Kesselring', 'hairforfeeling@hotmail.com', '078 799 31 00', 'Hair for Feeling', 'Gallusstrasse 7, 6010 Kriens, Luzern'),
('1185781a-f7f5-422d-98e9-64128b2d3e65', 'Bojana', 'Milojevic', 'hairgallery@hotmail.ch', '043 399 04 94', 'Hair Gallery GmbH', 'Uster-West 34, 8610 Uster, Zürich'),
('f2b3c248-e8cd-4790-bc39-38a93cd330b7', 'Nelya', 'Meister', 'info@hair-house.ch', '041 211 02 03', 'Hair House GmbH Luzern', 'Moosstrasse 19, 6003 Luzern, Luzern'),
('b6de9049-5904-4565-8d4c-05153baff625', 'Nicole', 'Steinger', 'info@hair-in.ch', '062 296 78 68', 'Hair In', 'Neuhardstrasse 11, 4600 Olten, Solothurn'),
('361d0959-09ec-4918-ac11-b5adea4ab2b7', 'Dana', 'Arndt', 'info@hair-inart.ch', '076 404 30 40', 'Hair in Art', 'Rorschacherstrasse 65, 9450 Lüchingen, St. Gallen'),
('7beda230-d3f8-481c-ab81-5a7139b93b64', 'Sofia', 'Vieira', 'vieirasofia@hotmail.com', '041 410 57 52', 'Hair In by Louis', 'Alpenstrasse 5, 6004 Luzern, Luzern'),
('f0201598-7465-46a1-98e0-f46b51319a11', 'Monika', 'Haller', 'info@hairinhand.ch', '044 741 36 61', 'Hair in Hand', 'Zürcherstrasse 126, 8953 Dietikon, Zürich'),
('e87794ae-2979-4792-b35b-66ce2a137ccb', 'Vesna', 'Tavic', 'info@hairinspiration.ch', '044 222 22 77', 'Hair Inspiration GmbH', 'Rothstrasse 58, 8057 Zürich, Zürich'),
('bdc11bc4-bbbe-48db-a530-bdaec0926e0d', 'Janine', 'Brunner', 'salon@hairlegere.ch', '071 983 00 13', 'Hair Légère', 'Kirchgasse 8, 9606 Bütschwil, St. Gallen'),
('01761750-3ebd-4e72-bee1-e22c2be589cb', 'Brigitte', 'Scaglia', 'info@hairlooks.ch', '031 371 51 29', 'Hair Looks', 'Mühlemattstrasse 53, 3007 Bern, Bern'),
('fab430aa-ba37-40f9-a583-d523f5d1f0fe', 'Jasmin', 'Frei', 'hair.lounge.jasmin@gmail.com', '052 552 54 54', 'Hair Lounge Jasmin', 'Im Gugge 28, 9545 Wängi, Thurgau'),
('2ee5b766-30a7-4be5-a8d1-0c58d2a3d921', 'Patricia', 'Hess', 'info@hairloungepatty.ch', '052 552 18 80', 'Hair Lounge Patty', 'Hauptstrasse 17, 9507 Stettfurt, Thurgau'),
('d54ac9ed-ab9a-465e-bdd1-990205533032', 'Roswitha', 'Steiner-Moser', 'rs@hairlounge-solothurn.ch', '032 621 66 88', 'Hair Lounge Solothurn', 'Chilchackerstarsse 11, 4562 Biberist, Solothurn'),
('f5eb5c3e-19f3-4863-b00d-937751bb6595', 'Karin', 'Di Sabatino', 'mail@struwwel-peter.ch', '052 657 22 07', 'Hair Lounge Struwwelpeter', 'Obertor 6, 8253 Diessenhofen, Thurgau'),
('8e3e5b5b-5f69-400a-bdc9-a8721175fe83', 'Andy', 'Steiner', 'info@hairlounge-trendhairstyling.ch', '044 260 11 12', 'Hair Lounge Trend Hair Styling', 'Niederdorfstrasse 41, 8001 Zürich, Zürich'),
('c9de82c4-fb4b-473d-8d4c-0d3c984257cf', 'Gerardo', 'Basso', 'hairmeetsart@bluewin.ch', '061 681 40 12', 'Hair meets Art', 'Innere Margarethenstrasse 7, 4051 Basel, Basel-Stadt'),
('8153c040-9710-4f9b-b5d5-7ec6ee2d4e8b', 'Tanja', 'Nyfeler', 'info@hairoasis.ch', '061 508 01 99', 'Hair Oasis Tanja Nyfeler', 'Bahnhofstrasse 3, 4142 Münchenstein, Basel-Land'),
('1e7c84bc-49c0-47e7-a095-749cd370fbe0', 'Jacqueline', 'Spinatsch', 'info@hair-passiun.ch', '081 637 18 00', 'Hair Passiun', 'Stradung 11, 7460 Savognin, Graubünden'),
('c5219a1d-b604-4cbf-aa7a-679613ab5a7b', 'Balthasar', 'Müller', 'info@hairplus.ch', '062 295 20 50', 'Hair Plus AG', 'Hardstrasse 77, 4657 Dulliken, Solothurn'),
('973f25fa-f230-42e3-994d-327396aeeaf8', 'Angelika', 'Hüsler', 'info@coiffure-hairpoint.ch', '052 740 33 70', 'Hair Point', 'Hauptstrasse 9, 8259 Wagenhausen, Thurgau'),
('29952408-3158-4367-883c-7ab2d6a31f08', 'Leila', 'Schwager', 'info@hair-rider.ch', '076 494 42 70', 'Hair Rider GmbH', 'Hauptstrasse 30, 9400 Rorschach, St. Gallen'),
('85b69738-1390-4a19-8025-0419e5bee509', 'Monica', 'Bigler', 'info@hairroomgstaad.ch', '033 744 98 88', 'Hair Room Gstaad', 'Lauenenstrasse 32, 3780 Gstaad, Bern'),
('bf36df86-1eda-4625-8825-16643dbfa409', 'Edith', 'Werren-Meier', 'hairshop@hispeed.ch', '079 693 90 57', 'Hair Shop Edith Werren-Meier', 'Theiligerstrasse 36, 8484 Weisslingen, Zürich'),
('67a54edc-51d6-41f4-a631-d8410a594f6b', 'Fausto', 'Lucchesi', 'info@hairsign.ch', '061 831 12 55', 'Hair Sign/ Coiffeur Köhli-Lucchesi GmbH', 'F.J. Dietschyweg 5, 4310 Rheinfelden, Aargau'),
('13fd1540-316c-4c7e-901b-d805c75f39d6', 'Urs', 'Ruchti', 'info@hair-solutions.ch', '044 363 16 44', 'Hair Solutions', 'Weinbergstrasse 91, 8006 Zürich, Zürich'),
('44c99ca7-064c-4fc2-89e6-709bfe9c55dd', 'Luigi', 'Bernardo', 'info@hairsolutions.ch', '044 850 24 44', 'Hair Solutions AG Oerlikon', 'Max-Bill-Platz 7, 8050 Zürich, Zürich'),
('5dff590b-20a4-46d1-ae09-f63cdc4376c1', 'Markus', 'Spring', 'info@hairspring.ch', '044 311 73 00', 'Hair Spring', 'Baumackerstrasse 42, 8050 Zürich, Zürich'),
('69ec66a0-9a7e-48e6-8b7a-370c58ef625b', 'Conny', 'Meier', 'conny@hairstark.ch', '081 740 56 20', 'Hair Stark', 'Wiedenstrasse 52, 9470 Buchs, St. Gallen'),
('0b63aba5-7cb6-4e46-9280-b072d7bab64d', 'Doris', 'Schneider', 'doris.schneider9462@icloud.com', '071 766 20 25', 'Hair Station', 'Stationsstrasse 4, 9464 Rüthi (Rheintal), St. Gallen'),
('f4a800b0-c82c-4e3e-a76e-d5fa4c7e1306', 'Annett', 'Abend-Merta', 'hairstuebli@gmail.com', '041 637 10 04', 'Hair Stübli Engelberg', 'Klosterstrasse 8, 6390 Engelberg, Obwalden'),
('bf9f4015-ba47-4d35-8952-3fe698f54f0b', 'Lucia', 'Loparco-Tagliente', 'info@hairstudiolucia.ch', '071 695 10 16', 'Hair Studio Lucia - Zur Seemöwe', 'Hauptstrasse 52, 8594 Güttingen, Thurgau'),
('08910d84-cc98-42f6-9652-a2c96d8f55d8', 'Stefania', 'Perrotta', 'kontakt@hair-studio-stefania.ch', '071 911 30 51', 'Hair Studio Stefania', 'Konstanzerstrasse 5, 9512 Rossrüti, St. Gallen'),
('00b3e678-2938-47e5-b793-74e50c1231f8', 'Carmen', 'Eggel-Simmen', 'hairstyle-carmen@bluewin.ch', '041 887 17 06', 'Hair Style Andermatt', 'Gotthardstrasse 139, 6490 Andermatt, Uri'),
('ffe25f8f-1c05-48a9-8312-a6fbe387afdb', 'Giuseppina', 'Imperatore', 'giusi78@outlook.com', '079 370 78 94', 'Hair Style Giusi', 'Lindenhof 26, 8854 Siebnen, Schwyz'),
('448e4356-20ee-444e-9ef9-b24be73ef136', 'Renate', 'Scuderi', 'info@hair-style-rs.ch', '062 216 32 47', 'Hair Style Gunzgen', 'Mittelgäustrasse 35, 4617 Gunzgen, Solothurn'),
('eedddd82-67c6-4393-8d1c-74569560799e', 'Nicole', 'Frischknecht', 'hairstyle-n@bluewin.ch', '081 258 78 90', 'Hair Style N.', 'Gäuggelistrasse 60, 7000 Chur, Graubünden'),
('20c25bf2-7c69-4183-99ca-e7c2d57abd9e', 'Angelo', 'Basile', 'angelo@hairstylingbasile.ch', '044 813 24 24', 'Hair Styling Basile', 'Marktgasse 11, 8302 Kloten, Zürich'),
('ed337069-6d0b-40b1-a830-6fb5b1d982e3', 'Walter', 'Kammermann', 'hallo@coiffeur-basel.ch', '061 272 10 11', 'Hair Sun Intercoiffure', 'Elisabethenanlage 11, 4051 Basel, Basel-Stadt'),
('ad7fbec9-547a-4943-b662-1b1fcad64133', 'Corinne Fabienne', 'Neher', 'info@hair-time.ch', '041 760 36 12', 'Hair Time GmbH', 'Rigistrasse 5, 6340 Baar, Zug'),
('14ff278c-3486-4ff2-a321-5989d9dbe6ec', 'Yvonne', 'Rügge', 'hairvision@bluewin.ch', '071 911 10 07', 'Hair Vision and More', 'Kirchgasse 17, 9500 Wil, St. Gallen'),
('0fb26210-54f6-47bd-b5ad-bd6e482f312f', 'Melanie', 'Straub-Horlemann', 'info@hair-vision.ch', '044 850 20 50', 'Hair Vision Coiffeur', 'Rümlangstrasse 6, 8154 Oberglatt, Zürich'),
('0ca7c758-fa07-44fd-b455-f648fe045a92', 'Sandra', 'Hintzmann', 'info@hairxpress.ch', '062 822 88 44', 'Hair Xpress', 'Rathausgasse 17, 5000 Aarau, Aargau'),
('e3c42ab5-e9c5-45c1-b706-651ec0b1a404', 'Ramadan', 'Krasniqi', 'info@janisa.ch', '077 495 67 81', 'Hair&Beauty Janisa Inhaber Krasniqi', 'Berninaplatz 2, 8057 Zürich, Zürich');

INSERT INTO leads (id, contact_id, source, status, value, notes) VALUES
('076d9127-7acd-4aaf-9d88-f52c14380358', '210ef912-4d26-4074-93fd-38b7c548a940', 'KALTAKQUISE', 'ACTIVE', 0, 'Funktion: Geschäftsführer/in (CEO) | Mitarbeiter: 1 bis 10 | Branche: Sanitär & Haustechnik | Rechtsform: Gesellschaft mit beschränkter Haftung'),
('0d15dd14-0fbd-4c11-9ffb-13462bc3bb1b', 'd25b931e-e005-4aac-b754-200de1716162', 'KALTAKQUISE', 'ACTIVE', 0, 'Funktion: Geschäftsführer/in (CEO) | Mitarbeiter: 51 bis 100 | Branche: Chemieindustrie / Top 2''000 CH-Unternehmen | Rechtsform: Aktiengesellschaft'),
('fa9ebd77-7346-4019-afb5-e41d7e5ee832', '244bb777-f945-4d1c-9e92-d502d09f0168', 'KALTAKQUISE', 'ACTIVE', 0, 'Funktion: Geschäftsführer/in (CEO) | Mitarbeiter: 1 bis 10 | Branche: Arztpraxen'),
('d52190a2-b700-4587-b229-309091a3addf', 'deeafeef-f0a9-44d1-a280-0f7fe82b77b1', 'KALTAKQUISE', 'ACTIVE', 0, 'Funktion: Geschäftsführer/in (CEO) | Mitarbeiter: 21 bis 50 | Branche: Sanitär & Haustechnik | Rechtsform: Aktiengesellschaft'),
('629a8a25-46c1-4cd1-8e1d-06b68ba00668', 'd63047a1-3dbb-4ce3-96ad-9bd1eb0b3110', 'KALTAKQUISE', 'ACTIVE', 0, 'Funktion: Geschäftsführer/in (CEO) | Mitarbeiter: 1 bis 10 | Branche: Treuhandbüros | Rechtsform: Aktiengesellschaft'),
('24149f75-bb1e-4a1a-81d4-005471e15681', 'f6368605-bdc3-4200-9bdb-58a6fad5a260', 'KALTAKQUISE', 'ACTIVE', 0, 'Funktion: Geschäftsführer/in (CEO) | Mitarbeiter: 21 bis 50 | Branche: Elektroindustrie | Rechtsform: Aktiengesellschaft'),
('8f0e66b3-ec35-407b-a8f9-3fabcbc30c23', '1c8a067f-97ed-49fa-99a7-89fe191141c2', 'KALTAKQUISE', 'ACTIVE', 0, 'Funktion: Geschäftsführer/in (CEO) | Mitarbeiter: 1 bis 10 | Branche: Lebensmittelverarbeitung / Online Shops | Rechtsform: Gesellschaft mit beschränkter Haftung'),
('070c2b09-091e-4da2-aa45-2da11495257a', '30673b93-d099-42f6-8a3e-ba8fcdf61c0d', 'KALTAKQUISE', 'ACTIVE', 0, 'Funktion: Geschäftsführer/in (CEO) | Mitarbeiter: 1 bis 10 | Branche: Architekturbüros | Rechtsform: Gesellschaft mit beschränkter Haftung'),
('e53c75ca-d368-4fdc-809f-87cd1d5ff151', '45258e2e-071f-4354-92b6-feaf812bb893', 'KALTAKQUISE', 'ACTIVE', 0, 'Funktion: Geschäftsführer/in (CEO) | Mitarbeiter: 51 bis 100 | Branche: Glas-, Keramik-, Stein- & Baustoffindustrie | Rechtsform: Aktiengesellschaft'),
('d717192d-1ff2-4998-9829-f17fcda22b61', '83621444-0b89-46f7-ae06-1db4e82e8f59', 'KALTAKQUISE', 'ACTIVE', 0, 'Funktion: Geschäftsführer/in (CEO) | Mitarbeiter: 21 bis 50 | Branche: Sanitär & Haustechnik | Rechtsform: Aktiengesellschaft'),
('bcfedd18-e74b-44f3-8f8c-c25200b9cd08', '5fb2826f-e78b-4983-831e-73d7e9240cc6', 'KALTAKQUISE', 'ACTIVE', 0, 'Funktion: Geschäftsführer/in (CEO) | Mitarbeiter: 101 bis 500 | Branche: Maschinenbauindustrie | Rechtsform: Aktiengesellschaft'),
('6829fbd9-b4fe-46a9-b2eb-a075dd3e67c6', 'af07263e-361f-46cf-934b-669cd3b20977', 'KALTAKQUISE', 'ACTIVE', 0, 'Funktion: Geschäftsführer/in (CEO) | Mitarbeiter: 1 bis 10 | Branche: Clubs, Bars & Eventlocations'),
('1be3724d-7f6a-4aa4-90ec-046515bc94a3', '7c908270-da0a-4c0c-8609-bddfdb8cf0b0', 'KALTAKQUISE', 'ACTIVE', 0, 'Funktion: Geschäftsführer/in (CEO) | Mitarbeiter: 1 bis 10 | Branche: Nachhaltigkeitsbereich | Rechtsform: Einzelunternehmen'),
('b73a90d5-d6f6-4543-bc90-9b9776298baf', '917cf960-2207-44dc-8f85-8f3f22b24780', 'KALTAKQUISE', 'ACTIVE', 0, 'Funktion: Geschäftsführer/in (CEO) | Mitarbeiter: 1 bis 10 | Branche: Schreinerei- & Holzbaubetriebe'),
('d4bdeeb8-7d9a-420b-84a5-d7f2ad909edd', '10241816-0234-451f-8277-0f936d043278', 'KALTAKQUISE', 'ACTIVE', 0, 'Funktion: Geschäftsführer/in (CEO) | Mitarbeiter: 1 bis 10 | Branche: Gartenbau & -pflege'),
('4e9fb04c-270d-4d69-851a-4cfc0e689936', '3967aa07-ccc2-4f9e-9f91-72d93cee47f1', 'KALTAKQUISE', 'ACTIVE', 0, 'Funktion: Geschäftsführer/in (CEO) | Mitarbeiter: 21 bis 50 | Branche: Logistik- & Transportunternehmen | Rechtsform: Aktiengesellschaft'),
('c541ad5c-cfb6-4ddc-830f-5d538f0e590d', 'e8b17b4b-8e00-4d1e-82e1-d0df280a1ca5', 'KALTAKQUISE', 'ACTIVE', 0, 'Funktion: Geschäftsführer/in (CEO) | Mitarbeiter: 1 bis 10 | Branche: Maschinenbauindustrie | Rechtsform: Gesellschaft mit beschränkter Haftung'),
('e60da532-d20e-4be8-bb5c-c22ebf4c4362', 'bab83e80-0f5f-424b-ba2f-636475a1fcb6', 'KALTAKQUISE', 'ACTIVE', 0, 'Funktion: Geschäftsführer/in (CEO) | Mitarbeiter: 1 bis 10 | Branche: Boden- & Plattenleger | Rechtsform: Einzelunternehmen'),
('3097a05f-64c7-45d8-bc23-e96272c01344', '4fdbb233-e939-485a-8a4f-c3ad6e662ff7', 'KALTAKQUISE', 'ACTIVE', 0, 'Funktion: Geschäftsführer/in (CEO) | Mitarbeiter: 1 bis 10 | Branche: Nachhaltigkeitsbereich | Rechtsform: Aktiengesellschaft'),
('58314a3f-5478-4113-8df0-814298524b98', '42b4ae6d-5fc9-4a95-bd10-dea962d7091f', 'KALTAKQUISE', 'ACTIVE', 0, 'Funktion: Geschäftsführer/in (CEO) | Mitarbeiter: 21 bis 50 | Branche: Sanitär & Haustechnik | Rechtsform: Aktiengesellschaft'),
('d8bd366e-8822-4aa9-93df-cd0203a191b8', 'da1188bf-f759-4924-977c-d71f1e5b057f', 'KALTAKQUISE', 'ACTIVE', 0, 'Funktion: Geschäftsführer/in (CEO) | Mitarbeiter: 11 bis 20 | Branche: Clubs, Bars & Eventlocations / Restaurants'),
('6aaa9779-b320-487d-9e4a-cc23139bb3c3', 'ebe6037c-65e3-472d-9f5a-4a9fe55822bd', 'KALTAKQUISE', 'ACTIVE', 0, 'Funktion: Leitung Standort | Mitarbeiter: 1 bis 10 | Branche: Restaurants'),
('673888fa-acbc-412a-9540-da83c8227720', '7e714b69-7a93-453b-a605-53e5d0966922', 'KALTAKQUISE', 'ACTIVE', 0, 'Funktion: Geschäftsführer/in (CEO) | Mitarbeiter: 11 bis 20 | Branche: Baugeschäfte | Rechtsform: Aktiengesellschaft'),
('38be1845-e4f6-4b73-be25-ef4fa8d2c128', 'd7656aee-68c5-415e-85de-051070db6a55', 'KALTAKQUISE', 'ACTIVE', 0, 'Funktion: Geschäftsführer/in (CEO) | Mitarbeiter: 1 bis 10 | Branche: Uhrenindustrie | Rechtsform: Aktiengesellschaft'),
('1f04677a-3126-4a78-8bbb-f00fc8e0bd97', '3e8251ec-01dd-4e46-a59e-9efb5d2fa524', 'KALTAKQUISE', 'ACTIVE', 0, 'Funktion: Geschäftsführer/in (CEO) | Mitarbeiter: 1 bis 10 | Branche: Treuhandbüros | Rechtsform: Aktiengesellschaft'),
('c8af0186-23d8-4aac-a6d5-2cd42151b648', 'cadd26cb-dd53-45d6-9133-72ce3a14308f', 'KALTAKQUISE', 'ACTIVE', 0, 'Funktion: Geschäftsführer/in (CEO) | Mitarbeiter: 21 bis 50 | Branche: Schreinerei- & Holzbaubetriebe | Rechtsform: Gesellschaft mit beschränkter Haftung'),
('853ad85b-712d-496b-b7fa-7beca6499d70', '410692ef-eb91-439f-8a24-b04097d200df', 'KALTAKQUISE', 'ACTIVE', 0, 'Funktion: Geschäftsführer/in (CEO) | Mitarbeiter: 11 bis 20 | Branche: Zahnarztpraxen'),
('4df8e66f-69ca-45ab-af8b-f4a136ddd1ed', 'e03fb557-80b1-492a-8aae-e45f0f081547', 'KALTAKQUISE', 'ACTIVE', 0, 'Funktion: Geschäftsführer/in (CEO) | Mitarbeiter: 1 bis 10 | Branche: Kunststoffindustrie | Rechtsform: Aktiengesellschaft'),
('e64909c1-751a-4ea7-9ed3-98b797cb5504', '917d5e07-eb0c-41c3-9cee-2da5e3d9cf08', 'KALTAKQUISE', 'ACTIVE', 0, 'Funktion: Geschäftsführer/in (CEO) | Mitarbeiter: 11 bis 20 | Branche: Baugeschäfte | Rechtsform: Aktiengesellschaft'),
('cc739b88-89e4-4d59-9441-269f385a3589', '06612b03-7c4a-4c57-94f2-e69a9d571907', 'KALTAKQUISE', 'ACTIVE', 0, 'Funktion: Geschäftsführer/in (CEO) | Mitarbeiter: 1 bis 10 | Branche: Bau- & Projektmanagement | Rechtsform: Gesellschaft mit beschränkter Haftung'),
('b6a20c05-a7cf-49d5-b522-904a9756fae4', '585d699c-1a11-437a-976e-2d31a8061fc3', 'KALTAKQUISE', 'ACTIVE', 0, 'Funktion: Geschäftsführer/in (CEO) | Mitarbeiter: 1 bis 10 | Branche: Sanitär & Haustechnik | Rechtsform: Schweizerische Zweigniederlassung'),
('2404d4df-b335-4bbf-82c0-9859ab22f30b', '5b1f420e-6620-4f34-8662-28fc506768b2', 'KALTAKQUISE', 'ACTIVE', 0, 'Funktion: Geschäftsführer/in (CEO) | Mitarbeiter: 1 bis 10 | Branche: Gartenbau & -pflege | Rechtsform: Gesellschaft mit beschränkter Haftung'),
('525bf92b-529f-4dba-9e1f-2d668b005875', '2e043df1-5ad0-4cf1-9721-5240aa65e983', 'KALTAKQUISE', 'ACTIVE', 0, 'Funktion: Geschäftsführer/in (CEO) | Mitarbeiter: 1 bis 10 | Branche: Schreinerei- & Holzbaubetriebe'),
('f000304d-fbaf-41bf-8fb0-0a57987cf97c', '08a638be-30b3-4aaf-abe0-6f104eb0ce86', 'KALTAKQUISE', 'ACTIVE', 0, 'Funktion: Geschäftsführer/in (CEO) | Mitarbeiter: 11 bis 20 | Branche: Schreinerei- & Holzbaubetriebe | Rechtsform: Aktiengesellschaft'),
('469bad07-23ff-4dd6-b6d5-72228d66ef2c', '3ba1888d-53eb-4e7c-9045-29fbf76475fc', 'KALTAKQUISE', 'ACTIVE', 0, 'Funktion: Geschäftsführer/in (CEO) | Mitarbeiter: 1 bis 10 | Branche: Werbeagenturen | Rechtsform: Aktiengesellschaft'),
('cccdace5-c91c-4263-92f5-74c1644e96cc', '4dd0afcc-7e3f-482e-a3b2-8033b6e7bbe2', 'KALTAKQUISE', 'ACTIVE', 0, 'Funktion: Geschäftsführer/in (CEO) | Mitarbeiter: 1 bis 10 | Branche: Boden- & Plattenleger'),
('24429fe4-6a54-47da-b150-ae0df3dcee20', '5e2ae19a-63c2-4481-a359-9e63c161fa1a', 'KALTAKQUISE', 'ACTIVE', 0, 'Funktion: Geschäftsführer/in (CEO) | Mitarbeiter: 1 bis 10 | Branche: Maschinenbauindustrie | Rechtsform: Aktiengesellschaft'),
('512e963a-20b7-4b4a-93cc-fcdd3ce696c7', 'd90069cb-337c-470c-aa30-61ca8fea24e5', 'KALTAKQUISE', 'ACTIVE', 0, 'Funktion: Geschäftsführer/in (CEO) | Mitarbeiter: 1 bis 10 | Branche: Unternehmensberater | Rechtsform: Aktiengesellschaft'),
('14a81e3b-2f12-48bd-9113-2757a7de4b1b', '3f0fea0a-ac07-426c-8e05-61176bef61c9', 'KALTAKQUISE', 'ACTIVE', 0, 'Funktion: Geschäftsführer/in (CEO) | Mitarbeiter: 1 bis 10 | Branche: Restaurants'),
('f237df69-1673-4e51-9776-cfdbaa67eb5a', 'f2e7ef2a-056b-49ca-8fd0-947f9bd5ebca', 'KALTAKQUISE', 'ACTIVE', 0, 'Funktion: Geschäftsführer/in (CEO) | Mitarbeiter: 11 bis 20 | Branche: Glas-, Keramik-, Stein- & Baustoffindustrie | Rechtsform: Aktiengesellschaft'),
('7c40e76c-4c68-429b-b28b-d937771acc92', 'd84f30e1-85f1-445d-987b-b90aa7b90a61', 'KALTAKQUISE', 'ACTIVE', 0, 'Funktion: Geschäftsführer/in (CEO) | Mitarbeiter: 1 bis 10 | Branche: Schreinerei- & Holzbaubetriebe | Rechtsform: Einzelunternehmen'),
('f9774170-23ee-421f-8ddb-7dce91cf067e', '8a8178e3-a66e-4293-8ae2-1b5eeb606577', 'KALTAKQUISE', 'ACTIVE', 0, 'Funktion: Geschäftsführer/in (CEO) | Mitarbeiter: 1 bis 10 | Branche: Gartenbau & -pflege | Rechtsform: Einzelunternehmen'),
('406600fe-a4f0-49ad-ba33-5c03153f911d', '2532f186-25b0-4fe2-bc7e-5a5a665799a7', 'KALTAKQUISE', 'ACTIVE', 0, 'Funktion: Geschäftsführer/in (CEO) | Mitarbeiter: 1 bis 10 | Branche: Gartenbau & -pflege | Rechtsform: Gesellschaft mit beschränkter Haftung'),
('bf25c905-5b9b-4cba-9cb2-d779edfcd730', '9e4d198c-9b40-49ba-8160-ae0e455adfef', 'KALTAKQUISE', 'ACTIVE', 0, 'Funktion: Geschäftsführer/in (CEO) | Mitarbeiter: 1 bis 10 | Branche: Sanitär & Haustechnik | Rechtsform: Gesellschaft mit beschränkter Haftung'),
('599721df-1be9-48cf-a0b6-bb276a50194e', 'da3dff1c-ade1-4a3a-838d-91f65b48a994', 'KALTAKQUISE', 'ACTIVE', 0, 'Funktion: Geschäftsführer/in (CEO) | Mitarbeiter: 11 bis 20 | Branche: Schreinerei- & Holzbaubetriebe | Rechtsform: Einzelunternehmen'),
('fde398df-70ec-4d2a-b533-2ff54bdb0a6e', '55cef6b0-2563-4ac3-beda-a8e85ede31c8', 'KALTAKQUISE', 'ACTIVE', 0, 'Funktion: Geschäftsführer/in (CEO) | Mitarbeiter: 11 bis 20 | Branche: Online Shops | Rechtsform: Gesellschaft mit beschränkter Haftung'),
('442824cf-8742-4fd4-b327-c8a2b215041f', 'e8bc5fcc-3194-4c67-b96a-8b6e32c54869', 'KALTAKQUISE', 'ACTIVE', 0, 'Funktion: Geschäftsführer/in (CEO) | Mitarbeiter: 11 bis 20 | Branche: Maschinenbauindustrie | Rechtsform: Aktiengesellschaft'),
('baed6381-d756-4bf9-bef8-75b696832d8a', '8c794632-ff75-4943-8b1e-8833ea16a856', 'KALTAKQUISE', 'ACTIVE', 0, 'Funktion: Geschäftsführer/in (CEO) | Mitarbeiter: 21 bis 50 | Branche: Chemieindustrie | Rechtsform: Aktiengesellschaft'),
('560ea36b-7f0c-47cd-8b4f-95ee4d120228', 'c1aab22f-e959-4480-b7ca-5ef1123fc4d1', 'KALTAKQUISE', 'ACTIVE', 0, 'Funktion: Geschäftsführer/in (CEO) | Mitarbeiter: 1 bis 10 | Branche: Boden- & Plattenleger'),
('17ecd051-8f9f-408a-9a9f-21dae27f3cb8', 'd5460702-c8db-4c5e-959f-f1574c0dda50', 'KALTAKQUISE', 'ACTIVE', 0, 'Funktion: Geschäftsführer/in (CEO) | Mitarbeiter: 101 bis 500 | Branche: Baugeschäfte | Rechtsform: Aktiengesellschaft'),
('08cc3701-3a79-40c1-a40f-835d34459b72', '4ba1fa88-99a4-4a9b-a216-fe836f9dc9a3', 'KALTAKQUISE', 'ACTIVE', 0, 'Funktion: Geschäftsführer/in (CEO) | Mitarbeiter: 1 bis 10 | Branche: Treuhandbüros | Rechtsform: Gesellschaft mit beschränkter Haftung'),
('8b644e7e-6271-42b4-b65a-bffef749c509', '26a68815-d4d2-4f0c-9886-3c884c767c63', 'KALTAKQUISE', 'ACTIVE', 0, 'Funktion: Geschäftsführer/in (CEO) | Mitarbeiter: 1 bis 10 | Branche: Baugeschäfte | Rechtsform: Gesellschaft mit beschränkter Haftung'),
('dfea2661-0bf2-44ce-8e67-e8b9398e8a90', 'c2544c25-5e49-4cbc-bb9a-5838642d3e03', 'KALTAKQUISE', 'ACTIVE', 0, 'Funktion: Geschäftsführer/in (CEO) | Mitarbeiter: 11 bis 20 | Branche: Online Shops'),
('11883966-9f05-4b7d-bbe0-131273fb15b9', '52baeb37-3527-4023-ab0e-480a0228082e', 'KALTAKQUISE', 'ACTIVE', 0, 'Funktion: Geschäftsführer/in (CEO) | Mitarbeiter: 1 bis 10 | Branche: Chemieindustrie | Rechtsform: Gesellschaft mit beschränkter Haftung'),
('f0889e2e-9958-48bf-b32a-3eb719075fd0', '75cb231b-d660-45fb-9542-a37e9b9a0fe8', 'KALTAKQUISE', 'ACTIVE', 0, 'Funktion: Geschäftsführer/in (CEO) | Mitarbeiter: 11 bis 20 | Branche: Elektroindustrie | Rechtsform: Aktiengesellschaft'),
('aaeafd46-d418-4699-963b-5d0329208c9f', '1afb2fd9-c011-4820-9fa3-03d749c7417b', 'KALTAKQUISE', 'ACTIVE', 0, 'Funktion: Geschäftsführer/in (CEO) | Mitarbeiter: 1 bis 10 | Branche: Bau- & Projektmanagement / Immobilienprojektentwicklung / Bauherrenvertretung'),
('c9d8e5a3-dbb9-4f32-9727-ab4b891f51af', '784a725f-1454-422a-b91a-5e086fce29b5', 'KALTAKQUISE', 'ACTIVE', 0, 'Funktion: Geschäftsführer/in (CEO) | Mitarbeiter: 1 bis 10 | Branche: Immobilienverwaltung / Immobilienvermittlung | Rechtsform: Gesellschaft mit beschränkter Haftung'),
('18084ba9-79ea-4069-80e0-f76499aebc73', '996371e3-8363-44f5-9063-330f28778832', 'KALTAKQUISE', 'ACTIVE', 0, 'Funktion: Geschäftsführer/in (CEO) | Mitarbeiter: 1 bis 10 | Branche: Maler- & Gipsergeschäfte'),
('bc92bf79-c7a3-486d-acc4-375f6557a305', 'ff4078f3-4439-4487-9535-593211450755', 'KALTAKQUISE', 'ACTIVE', 0, 'Funktion: Geschäftsführer/in (CEO) | Mitarbeiter: 1 bis 10 | Branche: Maler- & Gipsergeschäfte'),
('aafdb4ab-e14d-4220-ba25-2f69e548ce0c', '7d0f4eb2-b8eb-4db8-b280-6040d0f64c3e', 'KALTAKQUISE', 'ACTIVE', 0, 'Funktion: Geschäftsführer/in (CEO) | Mitarbeiter: 1 bis 10 | Branche: Unternehmensberater | Rechtsform: Gesellschaft mit beschränkter Haftung'),
('e5317e71-338c-4307-8d14-8403f778008b', 'b6f2df04-7255-497d-8639-e5148f5eede0', 'KALTAKQUISE', 'ACTIVE', 0, 'Funktion: Geschäftsführer/in (CEO) | Mitarbeiter: 11 bis 20 | Branche: Detailhandel - Food & Getränke'),
('0bc897d6-25f5-4572-b5b2-95728d7b7bd3', '2ecb7612-7efb-4965-b801-e5cafd6bcd96', 'KALTAKQUISE', 'ACTIVE', 0, 'Funktion: Geschäftsführer/in (CEO) | Mitarbeiter: 21 bis 50 | Branche: Metallbauer | Rechtsform: Aktiengesellschaft'),
('8a227b37-3742-48c4-970a-20e534d492c5', '513d518d-c79a-4f9f-a130-57d7cb9ee854', 'KALTAKQUISE', 'ACTIVE', 0, 'Funktion: Geschäftsführer/in (CEO) | Mitarbeiter: 1 bis 10 | Branche: Hofläden & Bauernhöfe'),
('99558a5c-2275-4c74-8b5c-ef6179381ea9', 'fe4004ef-2bd1-4f0f-9f4a-08c826e83af1', 'KALTAKQUISE', 'ACTIVE', 0, 'Funktion: Geschäftsführer/in (CEO) | Mitarbeiter: 1 bis 10 | Branche: Metallbauer | Rechtsform: Gesellschaft mit beschränkter Haftung'),
('7a25cf0f-e546-4535-9055-ab706c4cf2aa', '0af95343-37b7-407e-82cc-c8f63a8779ce', 'KALTAKQUISE', 'ACTIVE', 0, 'Funktion: Geschäftsführer/in (CEO) | Mitarbeiter: 1 bis 10 | Branche: Architekturbüros | Rechtsform: Einzelunternehmen'),
('fd172f33-54d2-414c-a64a-719b9420786d', '4a972777-d148-4942-9254-16a35a666ad4', 'KALTAKQUISE', 'ACTIVE', 0, 'Funktion: Geschäftsführer/in (CEO) | Mitarbeiter: 1 bis 10 | Branche: Treuhandbüros | Rechtsform: Aktiengesellschaft'),
('66bb82df-a856-4670-9e2f-f4e658d062c4', '761b4120-e168-4100-b2d0-27a949613867', 'KALTAKQUISE', 'ACTIVE', 0, 'Funktion: Geschäftsführer/in (CEO) | Mitarbeiter: 1 bis 10 | Branche: Bau- & Projektmanagement | Rechtsform: Aktiengesellschaft'),
('3ab1193b-1fab-488f-8e54-f79d8e7a50d3', '8ce53a74-ca0e-4b45-89d0-49fdaad6445b', 'KALTAKQUISE', 'ACTIVE', 0, 'Funktion: Geschäftsführer/in (CEO) | Mitarbeiter: 1 bis 10 | Branche: Restaurants'),
('8d5395f2-1861-4661-b385-97d501335f45', '2922c253-7a1f-4c2f-8811-b9e328384009', 'KALTAKQUISE', 'ACTIVE', 0, 'Funktion: Geschäftsführer/in (CEO) | Mitarbeiter: 1 bis 10 | Branche: Online Shops | Rechtsform: Aktiengesellschaft'),
('79d30c1c-fe2d-4739-bb7f-6d948a2374c6', '1e6c9965-1c19-4ec4-8047-ddbaaa047088', 'KALTAKQUISE', 'ACTIVE', 0, 'Funktion: Geschäftsführer/in (CEO) | Mitarbeiter: 1 bis 10 | Branche: Sanitär & Haustechnik | Rechtsform: Aktiengesellschaft'),
('4f651a50-b7b7-4a86-93fd-9b3630f7e898', '252b5ce2-2e39-4c39-8851-b695b0d1b7fc', 'KALTAKQUISE', 'ACTIVE', 0, 'Funktion: Geschäftsführer/in (CEO) | Mitarbeiter: 1 bis 10 | Branche: Boden- & Plattenleger | Rechtsform: Einzelunternehmen'),
('17c97dad-1c1c-4d05-9235-b089ac9e5661', '92486f27-07e3-4b67-a4bb-2250028572c1', 'KALTAKQUISE', 'ACTIVE', 0, 'Funktion: Geschäftsführer/in (CEO) | Mitarbeiter: 1 bis 10 | Branche: Boden- & Plattenleger'),
('79656406-8e2e-4155-a9fd-74c42573456e', 'cb3e87fb-c53b-4559-a259-04491c6c0ec8', 'KALTAKQUISE', 'ACTIVE', 0, 'Funktion: Geschäftsführer/in (CEO) | Mitarbeiter: 1 bis 10 | Branche: Schreinerei- & Holzbaubetriebe | Rechtsform: Aktiengesellschaft'),
('d8a28841-fe68-41f2-ade6-d8680446be07', '6496edcd-3ceb-4865-abc2-df9510b64ecc', 'KALTAKQUISE', 'ACTIVE', 0, 'Funktion: Geschäftsführer/in (CEO) | Mitarbeiter: 11 bis 20 | Branche: Druckereibetriebe'),
('7cd18157-35ae-4b92-9307-6918f758337c', '3e55992a-a1b8-4433-a361-596c73f3bae2', 'KALTAKQUISE', 'ACTIVE', 0, 'Funktion: Geschäftsführer/in (CEO) | Mitarbeiter: 51 bis 100 | Branche: Maschinenbauindustrie | Rechtsform: Aktiengesellschaft'),
('5703a96e-d277-42f0-a080-17c72a8f5a34', '68e52ebe-eb88-4308-a7ce-4f628903b1b6', 'KALTAKQUISE', 'ACTIVE', 0, 'Funktion: Geschäftsführer/in (CEO) | Mitarbeiter: 1 bis 10 | Branche: Treuhandbüros | Rechtsform: Aktiengesellschaft'),
('2ae4a6f6-83d1-4d6d-8f35-276b649f0c1e', '1127982d-011f-48e4-b797-1ead4c0b47ce', 'KALTAKQUISE', 'ACTIVE', 0, 'Funktion: Geschäftsführer/in (CEO) | Mitarbeiter: 1 bis 10 | Branche: Textil- & Möbelindustrie | Rechtsform: Gesellschaft mit beschränkter Haftung'),
('ded48252-8e3b-469a-978e-e5416cc4dc8a', '6c58ff80-a6d3-4e4d-9b56-c3308e9ea33c', 'KALTAKQUISE', 'ACTIVE', 0, 'Funktion: Geschäftsführer/in (CEO) | Mitarbeiter: 101 bis 500 | Branche: Facility Management & Reinigungsfirmen | Rechtsform: Aktiengesellschaft'),
('7f642eee-434d-4453-a7f0-68883cd7ed93', '2ed88f4a-dfbe-4392-a037-638604f1b7b4', 'KALTAKQUISE', 'ACTIVE', 0, 'Funktion: Geschäftsführer/in (CEO) | Mitarbeiter: 1 bis 10 | Branche: Metallbauer | Rechtsform: Gesellschaft mit beschränkter Haftung'),
('a7f8e907-a98e-405a-b99b-447fae53d135', '4bc81d9c-c79e-475d-9f63-f4077e8b6121', 'KALTAKQUISE', 'ACTIVE', 0, 'Funktion: Geschäftsführer/in (CEO) | Mitarbeiter: 1 bis 10 | Branche: Architekturbüros | Rechtsform: Aktiengesellschaft'),
('b2789e7d-06f5-4cc1-9415-3d578766ff31', '883c2342-762f-4b29-8af5-6f7b3d75ba36', 'KALTAKQUISE', 'ACTIVE', 0, 'Funktion: Geschäftsführer/in (CEO) | Mitarbeiter: 1 bis 10 | Branche: Lebensmittelverarbeitung / Online Shops | Rechtsform: Gesellschaft mit beschränkter Haftung'),
('ba95b151-7de6-4577-88f5-678fcd924f24', '1f8438a8-fa0b-4b5a-afe7-6cbc1a4c47b3', 'KALTAKQUISE', 'ACTIVE', 0, 'Funktion: Geschäftsführer/in (CEO) | Mitarbeiter: 21 bis 50 | Branche: Spielwaren- & Babyfachhandel | Rechtsform: Aktiengesellschaft'),
('268e4712-ee5f-4b26-a86f-4914c2c6b093', '5af371d4-6a1c-43df-8360-12b72da0ff4a', 'KALTAKQUISE', 'ACTIVE', 0, 'Funktion: Geschäftsführer/in (CEO) | Mitarbeiter: 1 bis 10 | Branche: Werbeagenturen | Rechtsform: Aktiengesellschaft'),
('b5dd0547-df2e-4e65-8bdb-f15e9bb25df7', '889a009a-7e59-477f-a6af-e7f03c738252', 'KALTAKQUISE', 'ACTIVE', 0, 'Funktion: Geschäftsführer/in (CEO) | Mitarbeiter: 11 bis 20 | Branche: Divers | Rechtsform: Aktiengesellschaft'),
('43d9d1cd-cb8a-4558-90fe-ec38f8719249', '5e599d4c-e3d8-4d38-85a4-77c0ed8287f8', 'KALTAKQUISE', 'ACTIVE', 0, 'Funktion: Geschäftsführer/in (CEO) | Mitarbeiter: 1 bis 10 | Branche: Bauingenieurbüros | Rechtsform: Gesellschaft mit beschränkter Haftung'),
('c6e98918-e792-4ec0-a7ac-51f7a7eb86e6', '08c709b5-dcef-44f7-9294-2750bbb3037b', 'KALTAKQUISE', 'ACTIVE', 0, 'Funktion: Geschäftsführer/in (CEO) | Mitarbeiter: 11 bis 20 | Branche: Clubs, Bars & Eventlocations'),
('b59f01b8-e2c3-490d-b940-0b165309e3ff', '6d88e4f2-25d7-4292-a617-195338f7d72d', 'KALTAKQUISE', 'ACTIVE', 0, 'Funktion: Geschäftsführer/in (CEO) | Mitarbeiter: 11 bis 20 | Branche: Clubs, Bars & Eventlocations / Restaurants | Rechtsform: Gesellschaft mit beschränkter Haftung'),
('b4287e11-802f-498c-be97-6331f5b550ac', '84b3f26a-0fe4-4562-97f4-e424f482c5f5', 'KALTAKQUISE', 'ACTIVE', 0, 'Funktion: Geschäftsführer/in (CEO) | Mitarbeiter: 1 bis 10 | Branche: Coiffeursalons | Rechtsform: Gesellschaft mit beschränkter Haftung'),
('e2158760-1c8a-4d56-bc73-02926cffa7f6', '6689bad8-2071-4e29-9158-e1f33ec32f09', 'KALTAKQUISE', 'ACTIVE', 0, 'Funktion: Geschäftsführer/in (CEO) | Mitarbeiter: 1 bis 10 | Branche: Coiffeursalons / Kosmetikstudios | Rechtsform: Einzelunternehmen'),
('46e0b2b5-5173-4fde-857b-650f9a38c33e', '374157ad-c065-4ad4-9cce-e5619c713d51', 'KALTAKQUISE', 'ACTIVE', 0, 'Funktion: Geschäftsführer/in (CEO) | Mitarbeiter: 1 bis 10 | Branche: Coiffeursalons'),
('76afd3ca-cdc8-466a-9eab-f267eba57ff4', 'e4072207-641a-4202-9335-ab71d90a0bf2', 'KALTAKQUISE', 'ACTIVE', 0, 'Funktion: Geschäftsführer/in (CEO) | Mitarbeiter: 1 bis 10 | Branche: Coiffeursalons | Rechtsform: Gesellschaft mit beschränkter Haftung'),
('257f0027-cd3b-4089-98a4-59a3533234a7', 'd1e9417e-b4e4-40c1-9cbe-d318833e2af8', 'KALTAKQUISE', 'ACTIVE', 0, 'Funktion: Geschäftsführer/in (CEO) | Mitarbeiter: 1 bis 10 | Branche: Coiffeursalons | Rechtsform: Gesellschaft mit beschränkter Haftung'),
('2004d815-d44a-4692-8fe9-28045a9d6fcb', 'cbc38877-1d79-4847-a5a3-70223b1b9d28', 'KALTAKQUISE', 'ACTIVE', 0, 'Funktion: Geschäftsführer/in (CEO) | Mitarbeiter: 1 bis 10 | Branche: Coiffeursalons | Rechtsform: Gesellschaft mit beschränkter Haftung'),
('bdcfe8b7-7d89-458c-805a-b1239e8e0408', '135b41e2-f9e1-4cef-a49c-ce15a3c00245', 'KALTAKQUISE', 'ACTIVE', 0, 'Funktion: Geschäftsführer/in (CEO) | Mitarbeiter: 1 bis 10 | Branche: Coiffeursalons'),
('75bdaffa-d2b4-421b-9ce8-9d32d6521bfa', '94afec37-8d5c-4829-95e5-9503f5e3a41b', 'KALTAKQUISE', 'ACTIVE', 0, 'Funktion: Geschäftsführer/in (CEO) | Mitarbeiter: 1 bis 10 | Branche: Coiffeursalons'),
('81cd5c26-5b5e-4fab-8f8f-ac3196e29522', '9341e28e-6cbe-407b-9c5b-244bc102238d', 'KALTAKQUISE', 'ACTIVE', 0, 'Funktion: Geschäftsführer/in (CEO) | Mitarbeiter: 1 bis 10 | Branche: Coiffeursalons | Rechtsform: Einzelunternehmen'),
('e0a11603-283f-41c0-ae90-b4fdcfa0bb39', 'fb7514f6-6aff-4aa4-a806-78dbde6275e2', 'KALTAKQUISE', 'ACTIVE', 0, 'Funktion: Geschäftsführer/in (CEO) | Mitarbeiter: 1 bis 10 | Branche: Coiffeursalons | Rechtsform: Gesellschaft mit beschränkter Haftung'),
('e8b70f42-4b7b-43ca-9052-bb7f1d97b536', '2d168506-f149-4cbf-9115-e9a701fbd93d', 'KALTAKQUISE', 'ACTIVE', 0, 'Funktion: Geschäftsführer/in (CEO) | Mitarbeiter: 1 bis 10 | Branche: Coiffeursalons'),
('1faa762c-0737-4666-b2e6-cf76d0e49497', '87faab06-0388-4e75-b87d-c2e655543529', 'KALTAKQUISE', 'ACTIVE', 0, 'Funktion: Geschäftsführer/in (CEO) | Mitarbeiter: 1 bis 10 | Branche: Innenausstatter'),
('bb1bccbc-0062-4224-a75c-abf0db1d788e', '1d8f79f6-90b1-4dfd-b8cf-1113a14ff54c', 'KALTAKQUISE', 'ACTIVE', 0, 'Funktion: Geschäftsführer/in (CEO) | Mitarbeiter: 1 bis 10 | Branche: Coiffeursalons'),
('648666ec-56a9-4b95-a02d-0f1ea9db8d71', '0b67422b-5371-4edc-a46c-e8d0b253510b', 'KALTAKQUISE', 'ACTIVE', 0, 'Funktion: Geschäftsführer/in (CEO) | Mitarbeiter: 1 bis 10 | Branche: Coiffeursalons | Rechtsform: Einzelunternehmen'),
('1037bb3b-037d-4f38-aba3-abecf8c0e9e8', 'e5fee3df-cde3-426f-8d0b-e8a986ba995e', 'KALTAKQUISE', 'ACTIVE', 0, 'Funktion: Geschäftsführer/in (CEO) | Mitarbeiter: 1 bis 10 | Branche: Coiffeursalons'),
('f212d21f-062b-431b-8bca-46225a848020', 'e996ab3e-3743-4eaa-b753-5b7c5dee2db7', 'KALTAKQUISE', 'ACTIVE', 0, 'Funktion: Geschäftsführer/in (CEO) | Mitarbeiter: 1 bis 10 | Branche: Coiffeursalons'),
('44d0dd73-1384-4a61-a9ea-8fc2cfccd081', 'b1e57e08-b690-4344-80b0-5aa24c3196b0', 'KALTAKQUISE', 'ACTIVE', 0, 'Funktion: Geschäftsführer/in (CEO) | Mitarbeiter: 1 bis 10 | Branche: Coiffeursalons'),
('a3e608c4-c1e2-497e-ae7b-3250488e9469', '2ae5a76e-24b5-4fee-9061-0e9241589bf9', 'KALTAKQUISE', 'ACTIVE', 0, 'Funktion: Geschäftsführer/in (CEO) | Mitarbeiter: 1 bis 10 | Branche: Coiffeursalons'),
('f82a5bd0-9fea-4cff-a930-887c20821ad3', 'f2911bd6-d2ba-4b28-91d1-6d84cea1e165', 'KALTAKQUISE', 'ACTIVE', 0, 'Funktion: Geschäftsführer/in (CEO) | Mitarbeiter: 1 bis 10 | Branche: Coiffeursalons'),
('dc25d232-ccd6-4295-aa55-ae2597faf235', '65bd7831-b1e4-47c0-a9d3-1360f4cc5e19', 'KALTAKQUISE', 'ACTIVE', 0, 'Funktion: Geschäftsführer/in (CEO) | Mitarbeiter: 1 bis 10 | Branche: Coiffeursalons'),
('80a4a61f-7c9b-4dac-b117-9a08c8553d12', '5f19b6c0-8aa4-4450-9240-af24d2426a45', 'KALTAKQUISE', 'ACTIVE', 0, 'Funktion: Geschäftsführer/in (CEO) | Mitarbeiter: 1 bis 10 | Branche: Coiffeursalons | Rechtsform: Einzelunternehmen'),
('222b7f62-9524-4f85-af6b-38c8678c4f6b', '35ee6255-b8b3-4603-99e1-e686e06949a7', 'KALTAKQUISE', 'ACTIVE', 0, 'Funktion: Geschäftsführer/in (CEO) | Mitarbeiter: 1 bis 10 | Branche: Coiffeursalons'),
('c2f7d28c-6076-4fb1-8a52-a3b1566c0fec', '19dd53f5-df66-425a-ba1c-fe0537d42379', 'KALTAKQUISE', 'ACTIVE', 0, 'Funktion: Geschäftsführer/in (CEO) | Mitarbeiter: 1 bis 10 | Branche: Coiffeursalons'),
('27a4aa0b-df0e-46c9-bdde-ebf8224fcbe5', 'de6bd434-d239-46a1-996f-df80c9a6b8fd', 'KALTAKQUISE', 'ACTIVE', 0, 'Funktion: Geschäftsführer/in (CEO) | Mitarbeiter: 1 bis 10 | Branche: Coiffeursalons'),
('609942c0-119c-4189-838a-500a1a7f6136', '07ff79c3-c702-4aeb-b02f-528377eff60b', 'KALTAKQUISE', 'ACTIVE', 0, 'Funktion: Geschäftsführer/in (CEO) | Mitarbeiter: 1 bis 10 | Branche: Coiffeursalons'),
('0244a90c-e30a-49a0-ba84-543f79f1fb38', 'db3b0e51-b442-4fa8-83c4-4d04962a06fe', 'KALTAKQUISE', 'ACTIVE', 0, 'Funktion: Geschäftsführer/in (CEO) | Mitarbeiter: 1 bis 10 | Branche: Coiffeursalons'),
('0879c7c0-ed5b-4d67-8260-c1440fc42d0b', 'b656d0b7-4d6c-48ac-9e15-3065347cdbe6', 'KALTAKQUISE', 'ACTIVE', 0, 'Funktion: Geschäftsführer/in (CEO) | Mitarbeiter: 1 bis 10 | Branche: Coiffeursalons | Rechtsform: Einzelunternehmen'),
('41357761-0816-417c-8e7f-aa9c8a25a842', '21c437f8-5831-467f-93a5-5c28b03aef42', 'KALTAKQUISE', 'ACTIVE', 0, 'Funktion: Geschäftsführer/in (CEO) | Mitarbeiter: 1 bis 10 | Branche: Coiffeursalons'),
('41456de4-25cf-4c05-a360-320d518b8cf9', '5e78ca09-965a-4cc0-a209-6580fbf2d550', 'KALTAKQUISE', 'ACTIVE', 0, 'Funktion: Geschäftsführer/in (CEO) | Mitarbeiter: 1 bis 10 | Branche: Coiffeursalons'),
('3d1c835c-82c5-4e5e-9937-2f0c300c2e56', '8ec7bae2-d3e4-4891-b826-ff6fadebde8b', 'KALTAKQUISE', 'ACTIVE', 0, 'Funktion: Geschäftsführer/in (CEO) | Mitarbeiter: 1 bis 10 | Branche: Coiffeursalons'),
('c4f7e1eb-c0e0-42de-9de9-f436c1932e49', '82685179-f338-4410-b242-76b3ebf91ba7', 'KALTAKQUISE', 'ACTIVE', 0, 'Funktion: Geschäftsführer/in (CEO) | Mitarbeiter: 1 bis 10 | Branche: Coiffeursalons'),
('15082b3e-8424-4baa-a640-7a30b4169c5d', '24e077cd-136b-4ff7-b698-345b9858d79b', 'KALTAKQUISE', 'ACTIVE', 0, 'Funktion: Geschäftsführer/in (CEO) | Mitarbeiter: 1 bis 10 | Branche: Coiffeursalons'),
('844f5edb-253a-468f-9670-075d4120fac5', 'd9d52207-6772-4c35-840b-3144f2e52732', 'KALTAKQUISE', 'ACTIVE', 0, 'Funktion: Leitung Standort | Mitarbeiter: 1 bis 10 | Branche: Coiffeursalons'),
('84db1293-fedb-4bb7-a8cb-966faf7939a1', '8a2e24af-99e0-4a1f-bad3-16294a33c9a0', 'KALTAKQUISE', 'ACTIVE', 0, 'Funktion: Geschäftsführer/in (CEO) | Mitarbeiter: 1 bis 10 | Branche: Coiffeursalons'),
('7af9bf0a-e8c6-453a-bda0-aaa7ead867df', 'aecb14a8-0214-49d7-bd7d-3178efacdf93', 'KALTAKQUISE', 'ACTIVE', 0, 'Funktion: Geschäftsführer/in (CEO) | Mitarbeiter: 1 bis 10 | Branche: Coiffeursalons'),
('d30f9a96-d2e0-4a3e-808c-5f18335b867a', '801d05e0-69fd-43b9-ab00-35d0aa6ccfd2', 'KALTAKQUISE', 'ACTIVE', 0, 'Funktion: Geschäftsführer/in (CEO) | Mitarbeiter: 1 bis 10 | Branche: Coiffeursalons'),
('70333f13-39b4-4e27-97e0-1483bc5ddb0c', 'e8c65fa6-49f1-42c4-85bb-08b177458d3b', 'KALTAKQUISE', 'ACTIVE', 0, 'Funktion: Geschäftsführer/in (CEO) | Mitarbeiter: 1 bis 10 | Branche: Coiffeursalons'),
('46f57cd0-e20d-49e4-ad2a-0d3cd61f163a', '9f6ab0f4-68cc-4693-aa3c-184555908c79', 'KALTAKQUISE', 'ACTIVE', 0, 'Funktion: Geschäftsführer/in (CEO) | Mitarbeiter: 1 bis 10 | Branche: Coiffeursalons'),
('988df7b1-9495-4023-82f4-a385e9582238', 'd23f799b-6161-4280-9a85-a9e3a4b0927e', 'KALTAKQUISE', 'ACTIVE', 0, 'Funktion: Geschäftsführer/in (CEO) | Mitarbeiter: 1 bis 10 | Branche: Coiffeursalons | Rechtsform: Gesellschaft mit beschränkter Haftung'),
('3e033f9c-53b7-4d64-80a2-6eb8ba285e99', 'ce5dd808-58d2-4822-adaa-4fbd715384bc', 'KALTAKQUISE', 'ACTIVE', 0, 'Funktion: Geschäftsführer/in (CEO) | Mitarbeiter: 1 bis 10 | Branche: Coiffeursalons'),
('bc0579d6-ea1a-4b3a-a5d2-89da36a09a6c', 'd1a29dfa-914d-4d7c-bbfe-68fa4646c118', 'KALTAKQUISE', 'ACTIVE', 0, 'Funktion: Geschäftsführer/in (CEO) | Mitarbeiter: 1 bis 10 | Branche: Coiffeursalons'),
('0db912e7-e47e-4363-89d9-fbef943ead01', '0278b87e-cb4e-43af-ae19-5cf2727ad2e3', 'KALTAKQUISE', 'ACTIVE', 0, 'Funktion: Geschäftsführer/in (CEO) | Mitarbeiter: 1 bis 10 | Branche: Coiffeursalons | Rechtsform: Einzelunternehmen'),
('bd0a5842-7503-469f-92f8-453b624ba213', '038e218a-2b5a-40f1-bf7a-5cdacd0d41e5', 'KALTAKQUISE', 'ACTIVE', 0, 'Funktion: Geschäftsführer/in (CEO) | Mitarbeiter: 1 bis 10 | Branche: Coiffeursalons'),
('b4638fb4-aa40-4e1b-8be6-95b8c95e3130', 'c92e7805-6914-49c9-9a11-c5efcb51d14a', 'KALTAKQUISE', 'ACTIVE', 0, 'Funktion: Geschäftsführer/in (CEO) | Mitarbeiter: 1 bis 10 | Branche: Coiffeursalons'),
('fe40174f-c062-4807-8c2c-55277e783e64', '69bd70b7-9e07-408b-85f4-1ead16b3c9ce', 'KALTAKQUISE', 'ACTIVE', 0, 'Funktion: Geschäftsführer/in (CEO) | Mitarbeiter: 1 bis 10 | Branche: Coiffeursalons | Rechtsform: Einzelunternehmen'),
('95cd4c86-e475-40b3-a91f-c8a540126368', '4d98a8b1-ffa4-4d8b-ba0c-73fb824a53cc', 'KALTAKQUISE', 'ACTIVE', 0, 'Funktion: Geschäftsführer/in (CEO) | Mitarbeiter: 1 bis 10 | Branche: Coiffeursalons'),
('1656b92d-ba1a-4287-9794-d2a749b83e01', '267af15e-4c66-4751-8e45-a1b228d49a4f', 'KALTAKQUISE', 'ACTIVE', 0, 'Funktion: Geschäftsführer/in (CEO) | Mitarbeiter: 1 bis 10 | Branche: Arztpraxen'),
('5f278438-743c-4d39-a51d-975d2ae6baea', '4e142dd2-7173-4e50-bc5d-364e16694a64', 'KALTAKQUISE', 'ACTIVE', 0, 'Funktion: Geschäftsführer/in (CEO) | Mitarbeiter: 1 bis 10 | Branche: Coiffeursalons'),
('966274e5-9f54-48b3-9258-58720fa701d5', '13792eb6-43d6-4add-a9a3-4371c844e6ad', 'KALTAKQUISE', 'ACTIVE', 0, 'Funktion: Geschäftsführer/in (CEO) | Mitarbeiter: 1 bis 10 | Branche: Coiffeursalons'),
('131cb390-059f-4f64-a600-c7fc3c1423e3', 'dc8963ce-7c11-4648-9349-83c5ac06618f', 'KALTAKQUISE', 'ACTIVE', 0, 'Funktion: Geschäftsführer/in (CEO) | Mitarbeiter: 1 bis 10 | Branche: Coiffeursalons | Rechtsform: Einzelunternehmen'),
('c804f460-d5a7-40a6-b3d8-2dfb8cb2cc62', '036d456d-549d-4e42-a576-2edafff874fe', 'KALTAKQUISE', 'ACTIVE', 0, 'Funktion: Geschäftsführer/in (CEO) | Mitarbeiter: 1 bis 10 | Branche: Coiffeursalons | Rechtsform: Einzelunternehmen'),
('ff06c3d3-9d22-413f-97d1-ec1116f1ec56', 'ddf9eda7-e9e8-4ec3-943c-5354d61ed865', 'KALTAKQUISE', 'ACTIVE', 0, 'Funktion: Geschäftsführer/in (CEO) | Mitarbeiter: 1 bis 10 | Branche: Coiffeursalons | Rechtsform: Einzelunternehmen'),
('be045889-a201-4033-93cf-36f65ab29fe5', '261b004b-46d3-4cd5-9d73-a91ec14bf98d', 'KALTAKQUISE', 'ACTIVE', 0, 'Funktion: Geschäftsführer/in (CEO) | Mitarbeiter: 1 bis 10 | Branche: Coiffeursalons'),
('948f8898-8415-4ac5-965a-c6c6c134a10c', '714b6e18-d29d-4804-9e1e-c3e119fb54bf', 'KALTAKQUISE', 'ACTIVE', 0, 'Funktion: Geschäftsführer/in (CEO) | Mitarbeiter: 1 bis 10 | Branche: Coiffeursalons'),
('f0c4e940-9027-41c5-988f-a88d46a902a5', '7991a35f-970f-4019-abdb-b7ee89d25c3d', 'KALTAKQUISE', 'ACTIVE', 0, 'Funktion: Geschäftsführer/in (CEO) | Mitarbeiter: 1 bis 10 | Branche: Coiffeursalons | Rechtsform: Gesellschaft mit beschränkter Haftung'),
('c088557b-d0e4-4504-9ede-26106e56bbbe', '4618fc01-62cb-41c2-9cc6-890d5222ccf7', 'KALTAKQUISE', 'ACTIVE', 0, 'Funktion: Geschäftsführer/in (CEO) | Mitarbeiter: 1 bis 10 | Branche: Coiffeursalons'),
('38ab1cf2-e3b4-4c0b-9e8c-318e665ef269', '92fd6c93-2c2e-4ad1-a093-3c509a043828', 'KALTAKQUISE', 'ACTIVE', 0, 'Funktion: Geschäftsführer/in (CEO) | Mitarbeiter: 1 bis 10 | Branche: Coiffeursalons | Rechtsform: Einzelunternehmen'),
('c1e5abca-1420-4edb-abf1-4464101f14a5', 'fb7e816f-968d-4540-9f1b-47f8c848455a', 'KALTAKQUISE', 'ACTIVE', 0, 'Funktion: Geschäftsführer/in (CEO) | Mitarbeiter: 1 bis 10 | Branche: Coiffeursalons'),
('6e71300f-79f6-4124-bc6b-26afcb4174a9', '5eb5525e-5814-411f-a2c4-c4c561c46868', 'KALTAKQUISE', 'ACTIVE', 0, 'Funktion: Geschäftsführer/in (CEO) | Mitarbeiter: 1 bis 10 | Branche: Coiffeursalons'),
('6f82f6a1-becc-414f-9fdd-d20ea0f266c0', '091e5e22-da41-489a-9056-9cb6130f81aa', 'KALTAKQUISE', 'ACTIVE', 0, 'Funktion: Geschäftsführer/in (CEO) | Mitarbeiter: 1 bis 10 | Branche: Coiffeursalons | Rechtsform: Einzelunternehmen'),
('a8e2f8bb-dfe9-4a5c-a6bb-b7ebe377f24b', '29b16e59-4a79-40b6-a987-9faed576f6c4', 'KALTAKQUISE', 'ACTIVE', 0, 'Funktion: Geschäftsführer/in (CEO) | Mitarbeiter: 1 bis 10 | Branche: Coiffeursalons'),
('1b12500f-1b60-4a3a-a8e0-9889e89cf518', '5b20522f-6136-4b7b-8bc5-e996f6f0572b', 'KALTAKQUISE', 'ACTIVE', 0, 'Funktion: Geschäftsführer/in (CEO) | Mitarbeiter: 1 bis 10 | Branche: Coiffeursalons'),
('b85184e2-b9e7-4255-b727-0d65b7325e11', 'd28faa8f-1d65-4a6d-9e81-1daf28f00922', 'KALTAKQUISE', 'ACTIVE', 0, 'Funktion: Geschäftsführer/in (CEO) | Mitarbeiter: 1 bis 10 | Branche: Coiffeursalons'),
('0cf983d1-fef9-492e-82bd-19d4533dd6be', 'c46cd988-1985-4feb-84b8-339e8890eaaf', 'KALTAKQUISE', 'ACTIVE', 0, 'Funktion: Geschäftsführer/in (CEO) | Mitarbeiter: 1 bis 10 | Branche: Coiffeursalons'),
('2940d105-b339-48f0-8777-be34382249df', '607f596f-60b2-4c78-90bb-ebde29e0af1c', 'KALTAKQUISE', 'ACTIVE', 0, 'Funktion: Geschäftsführer/in (CEO) | Mitarbeiter: 1 bis 10 | Branche: Coiffeursalons'),
('e9285572-6cc4-46e4-8bee-759be36154fb', '7a87252d-5cf3-4a13-8a00-8b4739ffc51a', 'KALTAKQUISE', 'ACTIVE', 0, 'Funktion: Geschäftsführer/in (CEO) | Mitarbeiter: 1 bis 10 | Branche: Coiffeursalons'),
('a9a47e26-60b7-4de6-861c-fcc02521e9d7', 'abdf2f29-ff57-44af-9ae6-63cdd5e79373', 'KALTAKQUISE', 'ACTIVE', 0, 'Funktion: Geschäftsführer/in (CEO) | Mitarbeiter: 1 bis 10 | Branche: Coiffeursalons | Rechtsform: Gesellschaft mit beschränkter Haftung'),
('f4a81ac9-7c67-4e89-880b-52d887fcd8c7', '41fb474c-a174-4edb-ac18-99f89ae809be', 'KALTAKQUISE', 'ACTIVE', 0, 'Funktion: Geschäftsführer/in (CEO) | Mitarbeiter: 1 bis 10 | Branche: Coiffeursalons'),
('5f188778-08a6-4f52-988f-0583c001a158', 'ec534724-a63d-464c-ab9b-3475f23f4bad', 'KALTAKQUISE', 'ACTIVE', 0, 'Funktion: Geschäftsführer/in (CEO) | Mitarbeiter: 1 bis 10 | Branche: Coiffeursalons | Rechtsform: Einzelunternehmen'),
('b70a4639-eed8-45b3-b165-bb687cbde904', '1e37999e-bd08-45f5-9ea1-568327ef3056', 'KALTAKQUISE', 'ACTIVE', 0, 'Funktion: Geschäftsführer/in (CEO) | Mitarbeiter: 1 bis 10 | Branche: Coiffeursalons'),
('93510d99-a8ea-4ade-afba-2856cc8a1400', 'cbb14892-85bf-4789-a134-4aca38dd5385', 'KALTAKQUISE', 'ACTIVE', 0, 'Funktion: Geschäftsführer/in (CEO) | Mitarbeiter: 1 bis 10 | Branche: Coiffeursalons'),
('ef60d97e-fc4e-4023-954e-e43f28c0843e', '1185781a-f7f5-422d-98e9-64128b2d3e65', 'KALTAKQUISE', 'ACTIVE', 0, 'Funktion: Geschäftsführer/in (CEO) | Mitarbeiter: 1 bis 10 | Branche: Coiffeursalons | Rechtsform: Gesellschaft mit beschränkter Haftung'),
('7c5541c7-7dfb-44ad-9108-72a0676a2302', 'f2b3c248-e8cd-4790-bc39-38a93cd330b7', 'KALTAKQUISE', 'ACTIVE', 0, 'Funktion: Geschäftsführer/in (CEO) | Mitarbeiter: 1 bis 10 | Branche: Coiffeursalons | Rechtsform: Gesellschaft mit beschränkter Haftung'),
('93c36c7a-08d3-47b7-a1c6-89751ff06964', 'b6de9049-5904-4565-8d4c-05153baff625', 'KALTAKQUISE', 'ACTIVE', 0, 'Funktion: Geschäftsführer/in (CEO) | Mitarbeiter: 1 bis 10 | Branche: Coiffeursalons'),
('4c0c3acf-0d22-4cc7-b8c8-6d0be722b4b8', '361d0959-09ec-4918-ac11-b5adea4ab2b7', 'KALTAKQUISE', 'ACTIVE', 0, 'Funktion: Geschäftsführer/in (CEO) | Mitarbeiter: 1 bis 10 | Branche: Coiffeursalons'),
('69d6dce3-8780-4c80-b79a-a68ca98c2432', '7beda230-d3f8-481c-ab81-5a7139b93b64', 'KALTAKQUISE', 'ACTIVE', 0, 'Funktion: Geschäftsführer/in (CEO) | Mitarbeiter: 1 bis 10 | Branche: Coiffeursalons'),
('d1c3c081-97f7-44cb-acaa-4c4da0cf292d', 'f0201598-7465-46a1-98e0-f46b51319a11', 'KALTAKQUISE', 'ACTIVE', 0, 'Funktion: Geschäftsführer/in (CEO) | Mitarbeiter: 1 bis 10 | Branche: Coiffeursalons'),
('3afdcf43-71cd-400e-8083-f8a1a8ca063f', 'e87794ae-2979-4792-b35b-66ce2a137ccb', 'KALTAKQUISE', 'ACTIVE', 0, 'Funktion: Geschäftsführer/in (CEO) | Mitarbeiter: 1 bis 10 | Branche: Coiffeursalons | Rechtsform: Gesellschaft mit beschränkter Haftung'),
('14fd798d-bb5e-4d5b-9d95-746c72d71fbc', 'bdc11bc4-bbbe-48db-a530-bdaec0926e0d', 'KALTAKQUISE', 'ACTIVE', 0, 'Funktion: Geschäftsführer/in (CEO) | Mitarbeiter: 1 bis 10 | Branche: Coiffeursalons'),
('0bd25dab-88f6-403b-ad2f-38ae81b2b9da', '01761750-3ebd-4e72-bee1-e22c2be589cb', 'KALTAKQUISE', 'ACTIVE', 0, 'Funktion: Geschäftsführer/in (CEO) | Mitarbeiter: 1 bis 10 | Branche: Coiffeursalons | Rechtsform: Einzelunternehmen'),
('1e5db820-fab5-4aed-97d6-99293544aa39', 'fab430aa-ba37-40f9-a583-d523f5d1f0fe', 'KALTAKQUISE', 'ACTIVE', 0, 'Funktion: Geschäftsführer/in (CEO) | Mitarbeiter: 1 bis 10 | Branche: Coiffeursalons'),
('11180b0a-e9a3-49c9-8e32-b3cf4cecc721', '2ee5b766-30a7-4be5-a8d1-0c58d2a3d921', 'KALTAKQUISE', 'ACTIVE', 0, 'Funktion: Geschäftsführer/in (CEO) | Mitarbeiter: 1 bis 10 | Branche: Coiffeursalons'),
('308f6a19-0747-42ba-a253-52c146ee9974', 'd54ac9ed-ab9a-465e-bdd1-990205533032', 'KALTAKQUISE', 'ACTIVE', 0, 'Funktion: Geschäftsführer/in (CEO) | Mitarbeiter: 1 bis 10 | Branche: Coiffeursalons'),
('838e738b-4e83-4270-9eb7-176d5a0c4d8e', 'f5eb5c3e-19f3-4863-b00d-937751bb6595', 'KALTAKQUISE', 'ACTIVE', 0, 'Funktion: Geschäftsführer/in (CEO) | Mitarbeiter: 1 bis 10 | Branche: Coiffeursalons | Rechtsform: Einzelunternehmen'),
('2a7b457f-881a-4667-a5ea-e5bebe1e378b', '8e3e5b5b-5f69-400a-bdc9-a8721175fe83', 'KALTAKQUISE', 'ACTIVE', 0, 'Funktion: Geschäftsführer/in (CEO) | Mitarbeiter: 1 bis 10 | Branche: Coiffeursalons'),
('fef46670-db8e-4f28-be79-02caf9d4a3b3', 'c9de82c4-fb4b-473d-8d4c-0d3c984257cf', 'KALTAKQUISE', 'ACTIVE', 0, 'Funktion: Geschäftsführer/in (CEO) | Mitarbeiter: 1 bis 10 | Branche: Coiffeursalons | Rechtsform: Einzelunternehmen'),
('dca3058a-d7be-4497-b3e8-af5ed7d61312', '8153c040-9710-4f9b-b5d5-7ec6ee2d4e8b', 'KALTAKQUISE', 'ACTIVE', 0, 'Funktion: Geschäftsführer/in (CEO) | Mitarbeiter: 1 bis 10 | Branche: Coiffeursalons | Rechtsform: Einzelunternehmen'),
('d160527f-9fd0-4c65-b57d-0f2a37ae7852', '1e7c84bc-49c0-47e7-a095-749cd370fbe0', 'KALTAKQUISE', 'ACTIVE', 0, 'Funktion: Geschäftsführer/in (CEO) | Mitarbeiter: 1 bis 10 | Branche: Coiffeursalons'),
('4e10cc53-dcf0-448a-9584-91e573ec2df5', 'c5219a1d-b604-4cbf-aa7a-679613ab5a7b', 'KALTAKQUISE', 'ACTIVE', 0, 'Funktion: Geschäftsführer/in (CEO) | Mitarbeiter: 1 bis 10 | Branche: Coiffeursalons | Rechtsform: Aktiengesellschaft'),
('f7efc771-5073-4148-827d-3b76c87f05a4', '973f25fa-f230-42e3-994d-327396aeeaf8', 'KALTAKQUISE', 'ACTIVE', 0, 'Funktion: Geschäftsführer/in (CEO) | Mitarbeiter: 1 bis 10 | Branche: Coiffeursalons | Rechtsform: Einzelunternehmen'),
('6ce66028-5737-4658-b604-4f6d422503f8', '29952408-3158-4367-883c-7ab2d6a31f08', 'KALTAKQUISE', 'ACTIVE', 0, 'Funktion: Geschäftsführer/in (CEO) | Mitarbeiter: 1 bis 10 | Branche: Coiffeursalons | Rechtsform: Gesellschaft mit beschränkter Haftung'),
('778e2d54-41ef-4884-8e2c-dcf8748a8dca', '85b69738-1390-4a19-8025-0419e5bee509', 'KALTAKQUISE', 'ACTIVE', 0, 'Funktion: Geschäftsführer/in (CEO) | Mitarbeiter: 1 bis 10 | Branche: Coiffeursalons'),
('b5a0b7bb-ad10-44fb-b825-6ed0ad495d31', 'bf36df86-1eda-4625-8825-16643dbfa409', 'KALTAKQUISE', 'ACTIVE', 0, 'Funktion: Geschäftsführer/in (CEO) | Mitarbeiter: 1 bis 10 | Branche: Coiffeursalons'),
('372dc27f-d296-4c38-9143-6e6e919c5ae4', '67a54edc-51d6-41f4-a631-d8410a594f6b', 'KALTAKQUISE', 'ACTIVE', 0, 'Funktion: Geschäftsführer/in (CEO) | Mitarbeiter: 1 bis 10 | Branche: Coiffeursalons'),
('94b8dea2-7a1e-4d01-af5f-93bc0870121d', '13fd1540-316c-4c7e-901b-d805c75f39d6', 'KALTAKQUISE', 'ACTIVE', 0, 'Funktion: Geschäftsführer/in (CEO) | Mitarbeiter: 1 bis 10 | Branche: Coiffeursalons'),
('82355fd3-9cee-489e-83a9-f8b60e6f55c9', '44c99ca7-064c-4fc2-89e6-709bfe9c55dd', 'KALTAKQUISE', 'ACTIVE', 0, 'Funktion: Geschäftsführer/in (CEO) | Mitarbeiter: 11 bis 20 | Branche: Coiffeursalons | Rechtsform: Aktiengesellschaft'),
('57565712-505b-41a3-91f0-b592e0fdddc3', '5dff590b-20a4-46d1-ae09-f63cdc4376c1', 'KALTAKQUISE', 'ACTIVE', 0, 'Funktion: Geschäftsführer/in (CEO) | Mitarbeiter: 11 bis 20 | Branche: Coiffeursalons | Rechtsform: Aktiengesellschaft'),
('80aeaea2-e7dc-4d0d-934a-75719bbcad6e', '69ec66a0-9a7e-48e6-8b7a-370c58ef625b', 'KALTAKQUISE', 'ACTIVE', 0, 'Funktion: Geschäftsführer/in (CEO) | Mitarbeiter: 1 bis 10 | Branche: Coiffeursalons'),
('57624d9e-88c8-44fe-8136-fa80df3bd147', '0b63aba5-7cb6-4e46-9280-b072d7bab64d', 'KALTAKQUISE', 'ACTIVE', 0, 'Funktion: Geschäftsführer/in (CEO) | Mitarbeiter: 1 bis 10 | Branche: Coiffeursalons'),
('223158e3-666b-4ba0-abcc-5eac7c11b719', 'f4a800b0-c82c-4e3e-a76e-d5fa4c7e1306', 'KALTAKQUISE', 'ACTIVE', 0, 'Funktion: Geschäftsführer/in (CEO) | Mitarbeiter: 1 bis 10 | Branche: Coiffeursalons'),
('6595a638-48d2-48a7-98d8-aeb95f6c8732', 'bf9f4015-ba47-4d35-8952-3fe698f54f0b', 'KALTAKQUISE', 'ACTIVE', 0, 'Funktion: Geschäftsführer/in (CEO) | Mitarbeiter: 1 bis 10 | Branche: Coiffeursalons'),
('9178aaf3-d765-4ab0-bbde-145b76cbd5d7', '08910d84-cc98-42f6-9652-a2c96d8f55d8', 'KALTAKQUISE', 'ACTIVE', 0, 'Funktion: Geschäftsführer/in (CEO) | Mitarbeiter: 1 bis 10 | Branche: Coiffeursalons'),
('f3220d10-8395-49f6-ba29-12c66ee35431', '00b3e678-2938-47e5-b793-74e50c1231f8', 'KALTAKQUISE', 'ACTIVE', 0, 'Funktion: Geschäftsführer/in (CEO) | Mitarbeiter: 1 bis 10 | Branche: Coiffeursalons'),
('ade4c018-0980-4278-a0da-67cdb9da9d4b', 'ffe25f8f-1c05-48a9-8312-a6fbe387afdb', 'KALTAKQUISE', 'ACTIVE', 0, 'Funktion: Geschäftsführer/in (CEO) | Mitarbeiter: 1 bis 10 | Branche: Coiffeursalons | Rechtsform: Einzelunternehmen'),
('4c2b3873-1f86-4323-91ed-06dab38c6d74', '448e4356-20ee-444e-9ef9-b24be73ef136', 'KALTAKQUISE', 'ACTIVE', 0, 'Funktion: Geschäftsführer/in (CEO) | Mitarbeiter: 1 bis 10 | Branche: Coiffeursalons'),
('a7cc6e14-5347-4a9f-babd-faf8af9c3740', 'eedddd82-67c6-4393-8d1c-74569560799e', 'KALTAKQUISE', 'ACTIVE', 0, 'Funktion: Geschäftsführer/in (CEO) | Mitarbeiter: 1 bis 10 | Branche: Coiffeursalons'),
('dc915bdf-a6cd-4d9d-8f44-86776ac26c45', '20c25bf2-7c69-4183-99ca-e7c2d57abd9e', 'KALTAKQUISE', 'ACTIVE', 0, 'Funktion: Geschäftsführer/in (CEO) | Mitarbeiter: 1 bis 10 | Branche: Coiffeursalons'),
('604a0077-c6e7-4680-880e-8132f4f9fab1', 'ed337069-6d0b-40b1-a830-6fb5b1d982e3', 'KALTAKQUISE', 'ACTIVE', 0, 'Funktion: Geschäftsführer/in (CEO) | Mitarbeiter: 1 bis 10 | Branche: Coiffeursalons'),
('56eb4da1-9e96-46ab-8de5-cfe134f8b920', 'ad7fbec9-547a-4943-b662-1b1fcad64133', 'KALTAKQUISE', 'ACTIVE', 0, 'Funktion: Geschäftsführer/in (CEO) | Mitarbeiter: 1 bis 10 | Branche: Coiffeursalons | Rechtsform: Gesellschaft mit beschränkter Haftung'),
('60961ad8-c98d-453e-9b4f-ecad9bb8f920', '14ff278c-3486-4ff2-a321-5989d9dbe6ec', 'KALTAKQUISE', 'ACTIVE', 0, 'Funktion: Geschäftsführer/in (CEO) | Mitarbeiter: 1 bis 10 | Branche: Coiffeursalons'),
('bdedd05a-a843-4a80-91a3-f7544a988a50', '0fb26210-54f6-47bd-b5ad-bd6e482f312f', 'KALTAKQUISE', 'ACTIVE', 0, 'Funktion: Geschäftsführer/in (CEO) | Mitarbeiter: 1 bis 10 | Branche: Coiffeursalons'),
('e1ae3985-d35b-4f18-a69e-c38388c30f50', '0ca7c758-fa07-44fd-b455-f648fe045a92', 'KALTAKQUISE', 'ACTIVE', 0, 'Funktion: Geschäftsführer/in (CEO) | Mitarbeiter: 1 bis 10 | Branche: Coiffeursalons'),
('cbb19994-7f57-43c4-842f-ac57f8dcaf31', 'e3c42ab5-e9c5-45c1-b706-651ec0b1a404', 'KALTAKQUISE', 'ACTIVE', 0, 'Funktion: Geschäftsführer/in (CEO) | Mitarbeiter: 1 bis 10 | Branche: Coiffeursalons | Rechtsform: Einzelunternehmen');

INSERT INTO lead_tags (lead_id, tag_id) VALUES
('076d9127-7acd-4aaf-9d88-f52c14380358', 'ka-b2b'),
('0d15dd14-0fbd-4c11-9ffb-13462bc3bb1b', 'ka-b2b'),
('fa9ebd77-7346-4019-afb5-e41d7e5ee832', 'ka-b2b'),
('d52190a2-b700-4587-b229-309091a3addf', 'ka-b2b'),
('629a8a25-46c1-4cd1-8e1d-06b68ba00668', 'ka-b2b'),
('24149f75-bb1e-4a1a-81d4-005471e15681', 'ka-b2b'),
('8f0e66b3-ec35-407b-a8f9-3fabcbc30c23', 'ka-b2b'),
('070c2b09-091e-4da2-aa45-2da11495257a', 'ka-b2b'),
('e53c75ca-d368-4fdc-809f-87cd1d5ff151', 'ka-b2b'),
('d717192d-1ff2-4998-9829-f17fcda22b61', 'ka-b2b'),
('bcfedd18-e74b-44f3-8f8c-c25200b9cd08', 'ka-b2b'),
('6829fbd9-b4fe-46a9-b2eb-a075dd3e67c6', 'ka-b2b'),
('1be3724d-7f6a-4aa4-90ec-046515bc94a3', 'ka-b2b'),
('b73a90d5-d6f6-4543-bc90-9b9776298baf', 'ka-b2b'),
('d4bdeeb8-7d9a-420b-84a5-d7f2ad909edd', 'ka-b2b'),
('4e9fb04c-270d-4d69-851a-4cfc0e689936', 'ka-b2b'),
('c541ad5c-cfb6-4ddc-830f-5d538f0e590d', 'ka-b2b'),
('e60da532-d20e-4be8-bb5c-c22ebf4c4362', 'ka-b2b'),
('3097a05f-64c7-45d8-bc23-e96272c01344', 'ka-b2b'),
('58314a3f-5478-4113-8df0-814298524b98', 'ka-b2b'),
('d8bd366e-8822-4aa9-93df-cd0203a191b8', 'ka-b2b'),
('6aaa9779-b320-487d-9e4a-cc23139bb3c3', 'ka-b2b'),
('673888fa-acbc-412a-9540-da83c8227720', 'ka-b2b'),
('38be1845-e4f6-4b73-be25-ef4fa8d2c128', 'ka-b2b'),
('1f04677a-3126-4a78-8bbb-f00fc8e0bd97', 'ka-b2b'),
('c8af0186-23d8-4aac-a6d5-2cd42151b648', 'ka-b2b'),
('853ad85b-712d-496b-b7fa-7beca6499d70', 'ka-b2b'),
('4df8e66f-69ca-45ab-af8b-f4a136ddd1ed', 'ka-b2b'),
('e64909c1-751a-4ea7-9ed3-98b797cb5504', 'ka-b2b'),
('cc739b88-89e4-4d59-9441-269f385a3589', 'ka-b2b'),
('b6a20c05-a7cf-49d5-b522-904a9756fae4', 'ka-b2b'),
('2404d4df-b335-4bbf-82c0-9859ab22f30b', 'ka-b2b'),
('525bf92b-529f-4dba-9e1f-2d668b005875', 'ka-b2b'),
('f000304d-fbaf-41bf-8fb0-0a57987cf97c', 'ka-b2b'),
('469bad07-23ff-4dd6-b6d5-72228d66ef2c', 'ka-b2b'),
('cccdace5-c91c-4263-92f5-74c1644e96cc', 'ka-b2b'),
('24429fe4-6a54-47da-b150-ae0df3dcee20', 'ka-b2b'),
('512e963a-20b7-4b4a-93cc-fcdd3ce696c7', 'ka-b2b'),
('14a81e3b-2f12-48bd-9113-2757a7de4b1b', 'ka-b2b'),
('f237df69-1673-4e51-9776-cfdbaa67eb5a', 'ka-b2b'),
('7c40e76c-4c68-429b-b28b-d937771acc92', 'ka-b2b'),
('f9774170-23ee-421f-8ddb-7dce91cf067e', 'ka-b2b'),
('406600fe-a4f0-49ad-ba33-5c03153f911d', 'ka-b2b'),
('bf25c905-5b9b-4cba-9cb2-d779edfcd730', 'ka-b2b'),
('599721df-1be9-48cf-a0b6-bb276a50194e', 'ka-b2b'),
('fde398df-70ec-4d2a-b533-2ff54bdb0a6e', 'ka-b2b'),
('442824cf-8742-4fd4-b327-c8a2b215041f', 'ka-b2b'),
('baed6381-d756-4bf9-bef8-75b696832d8a', 'ka-b2b'),
('560ea36b-7f0c-47cd-8b4f-95ee4d120228', 'ka-b2b'),
('17ecd051-8f9f-408a-9a9f-21dae27f3cb8', 'ka-b2b'),
('08cc3701-3a79-40c1-a40f-835d34459b72', 'ka-b2b'),
('8b644e7e-6271-42b4-b65a-bffef749c509', 'ka-b2b'),
('dfea2661-0bf2-44ce-8e67-e8b9398e8a90', 'ka-b2b'),
('11883966-9f05-4b7d-bbe0-131273fb15b9', 'ka-b2b'),
('f0889e2e-9958-48bf-b32a-3eb719075fd0', 'ka-b2b'),
('aaeafd46-d418-4699-963b-5d0329208c9f', 'ka-b2b'),
('c9d8e5a3-dbb9-4f32-9727-ab4b891f51af', 'ka-b2b'),
('18084ba9-79ea-4069-80e0-f76499aebc73', 'ka-b2b'),
('bc92bf79-c7a3-486d-acc4-375f6557a305', 'ka-b2b'),
('aafdb4ab-e14d-4220-ba25-2f69e548ce0c', 'ka-b2b'),
('e5317e71-338c-4307-8d14-8403f778008b', 'ka-b2b'),
('0bc897d6-25f5-4572-b5b2-95728d7b7bd3', 'ka-b2b'),
('8a227b37-3742-48c4-970a-20e534d492c5', 'ka-b2b'),
('99558a5c-2275-4c74-8b5c-ef6179381ea9', 'ka-b2b'),
('7a25cf0f-e546-4535-9055-ab706c4cf2aa', 'ka-b2b'),
('fd172f33-54d2-414c-a64a-719b9420786d', 'ka-b2b'),
('66bb82df-a856-4670-9e2f-f4e658d062c4', 'ka-b2b'),
('3ab1193b-1fab-488f-8e54-f79d8e7a50d3', 'ka-b2b'),
('8d5395f2-1861-4661-b385-97d501335f45', 'ka-b2b'),
('79d30c1c-fe2d-4739-bb7f-6d948a2374c6', 'ka-b2b'),
('4f651a50-b7b7-4a86-93fd-9b3630f7e898', 'ka-b2b'),
('17c97dad-1c1c-4d05-9235-b089ac9e5661', 'ka-b2b'),
('79656406-8e2e-4155-a9fd-74c42573456e', 'ka-b2b'),
('d8a28841-fe68-41f2-ade6-d8680446be07', 'ka-b2b'),
('7cd18157-35ae-4b92-9307-6918f758337c', 'ka-b2b'),
('5703a96e-d277-42f0-a080-17c72a8f5a34', 'ka-b2b'),
('2ae4a6f6-83d1-4d6d-8f35-276b649f0c1e', 'ka-b2b'),
('ded48252-8e3b-469a-978e-e5416cc4dc8a', 'ka-b2b'),
('7f642eee-434d-4453-a7f0-68883cd7ed93', 'ka-b2b'),
('a7f8e907-a98e-405a-b99b-447fae53d135', 'ka-b2b'),
('b2789e7d-06f5-4cc1-9415-3d578766ff31', 'ka-b2b'),
('ba95b151-7de6-4577-88f5-678fcd924f24', 'ka-b2b'),
('268e4712-ee5f-4b26-a86f-4914c2c6b093', 'ka-b2b'),
('b5dd0547-df2e-4e65-8bdb-f15e9bb25df7', 'ka-b2b'),
('43d9d1cd-cb8a-4558-90fe-ec38f8719249', 'ka-b2b'),
('c6e98918-e792-4ec0-a7ac-51f7a7eb86e6', 'ka-b2b'),
('b59f01b8-e2c3-490d-b940-0b165309e3ff', 'ka-b2b'),
('b4287e11-802f-498c-be97-6331f5b550ac', 'ka-b2b'),
('e2158760-1c8a-4d56-bc73-02926cffa7f6', 'ka-b2b'),
('46e0b2b5-5173-4fde-857b-650f9a38c33e', 'ka-b2b'),
('76afd3ca-cdc8-466a-9eab-f267eba57ff4', 'ka-b2b'),
('257f0027-cd3b-4089-98a4-59a3533234a7', 'ka-b2b'),
('2004d815-d44a-4692-8fe9-28045a9d6fcb', 'ka-b2b'),
('bdcfe8b7-7d89-458c-805a-b1239e8e0408', 'ka-b2b'),
('75bdaffa-d2b4-421b-9ce8-9d32d6521bfa', 'ka-b2b'),
('81cd5c26-5b5e-4fab-8f8f-ac3196e29522', 'ka-b2b'),
('e0a11603-283f-41c0-ae90-b4fdcfa0bb39', 'ka-b2b'),
('e8b70f42-4b7b-43ca-9052-bb7f1d97b536', 'ka-b2b'),
('1faa762c-0737-4666-b2e6-cf76d0e49497', 'ka-b2b'),
('bb1bccbc-0062-4224-a75c-abf0db1d788e', 'ka-b2b'),
('648666ec-56a9-4b95-a02d-0f1ea9db8d71', 'ka-b2b'),
('1037bb3b-037d-4f38-aba3-abecf8c0e9e8', 'ka-b2b'),
('f212d21f-062b-431b-8bca-46225a848020', 'ka-b2b'),
('44d0dd73-1384-4a61-a9ea-8fc2cfccd081', 'ka-b2b'),
('a3e608c4-c1e2-497e-ae7b-3250488e9469', 'ka-b2b'),
('f82a5bd0-9fea-4cff-a930-887c20821ad3', 'ka-b2b'),
('dc25d232-ccd6-4295-aa55-ae2597faf235', 'ka-b2b'),
('80a4a61f-7c9b-4dac-b117-9a08c8553d12', 'ka-b2b'),
('222b7f62-9524-4f85-af6b-38c8678c4f6b', 'ka-b2b'),
('c2f7d28c-6076-4fb1-8a52-a3b1566c0fec', 'ka-b2b'),
('27a4aa0b-df0e-46c9-bdde-ebf8224fcbe5', 'ka-b2b'),
('609942c0-119c-4189-838a-500a1a7f6136', 'ka-b2b'),
('0244a90c-e30a-49a0-ba84-543f79f1fb38', 'ka-b2b'),
('0879c7c0-ed5b-4d67-8260-c1440fc42d0b', 'ka-b2b'),
('41357761-0816-417c-8e7f-aa9c8a25a842', 'ka-b2b'),
('41456de4-25cf-4c05-a360-320d518b8cf9', 'ka-b2b'),
('3d1c835c-82c5-4e5e-9937-2f0c300c2e56', 'ka-b2b'),
('c4f7e1eb-c0e0-42de-9de9-f436c1932e49', 'ka-b2b'),
('15082b3e-8424-4baa-a640-7a30b4169c5d', 'ka-b2b'),
('844f5edb-253a-468f-9670-075d4120fac5', 'ka-b2b'),
('84db1293-fedb-4bb7-a8cb-966faf7939a1', 'ka-b2b'),
('7af9bf0a-e8c6-453a-bda0-aaa7ead867df', 'ka-b2b'),
('d30f9a96-d2e0-4a3e-808c-5f18335b867a', 'ka-b2b'),
('70333f13-39b4-4e27-97e0-1483bc5ddb0c', 'ka-b2b'),
('46f57cd0-e20d-49e4-ad2a-0d3cd61f163a', 'ka-b2b'),
('988df7b1-9495-4023-82f4-a385e9582238', 'ka-b2b'),
('3e033f9c-53b7-4d64-80a2-6eb8ba285e99', 'ka-b2b'),
('bc0579d6-ea1a-4b3a-a5d2-89da36a09a6c', 'ka-b2b'),
('0db912e7-e47e-4363-89d9-fbef943ead01', 'ka-b2b'),
('bd0a5842-7503-469f-92f8-453b624ba213', 'ka-b2b'),
('b4638fb4-aa40-4e1b-8be6-95b8c95e3130', 'ka-b2b'),
('fe40174f-c062-4807-8c2c-55277e783e64', 'ka-b2b'),
('95cd4c86-e475-40b3-a91f-c8a540126368', 'ka-b2b'),
('1656b92d-ba1a-4287-9794-d2a749b83e01', 'ka-b2b'),
('5f278438-743c-4d39-a51d-975d2ae6baea', 'ka-b2b'),
('966274e5-9f54-48b3-9258-58720fa701d5', 'ka-b2b'),
('131cb390-059f-4f64-a600-c7fc3c1423e3', 'ka-b2b'),
('c804f460-d5a7-40a6-b3d8-2dfb8cb2cc62', 'ka-b2b'),
('ff06c3d3-9d22-413f-97d1-ec1116f1ec56', 'ka-b2b'),
('be045889-a201-4033-93cf-36f65ab29fe5', 'ka-b2b'),
('948f8898-8415-4ac5-965a-c6c6c134a10c', 'ka-b2b'),
('f0c4e940-9027-41c5-988f-a88d46a902a5', 'ka-b2b'),
('c088557b-d0e4-4504-9ede-26106e56bbbe', 'ka-b2b'),
('38ab1cf2-e3b4-4c0b-9e8c-318e665ef269', 'ka-b2b'),
('c1e5abca-1420-4edb-abf1-4464101f14a5', 'ka-b2b'),
('6e71300f-79f6-4124-bc6b-26afcb4174a9', 'ka-b2b'),
('6f82f6a1-becc-414f-9fdd-d20ea0f266c0', 'ka-b2b'),
('a8e2f8bb-dfe9-4a5c-a6bb-b7ebe377f24b', 'ka-b2b'),
('1b12500f-1b60-4a3a-a8e0-9889e89cf518', 'ka-b2b'),
('b85184e2-b9e7-4255-b727-0d65b7325e11', 'ka-b2b'),
('0cf983d1-fef9-492e-82bd-19d4533dd6be', 'ka-b2b'),
('2940d105-b339-48f0-8777-be34382249df', 'ka-b2b'),
('e9285572-6cc4-46e4-8bee-759be36154fb', 'ka-b2b'),
('a9a47e26-60b7-4de6-861c-fcc02521e9d7', 'ka-b2b'),
('f4a81ac9-7c67-4e89-880b-52d887fcd8c7', 'ka-b2b'),
('5f188778-08a6-4f52-988f-0583c001a158', 'ka-b2b'),
('b70a4639-eed8-45b3-b165-bb687cbde904', 'ka-b2b'),
('93510d99-a8ea-4ade-afba-2856cc8a1400', 'ka-b2b'),
('ef60d97e-fc4e-4023-954e-e43f28c0843e', 'ka-b2b'),
('7c5541c7-7dfb-44ad-9108-72a0676a2302', 'ka-b2b'),
('93c36c7a-08d3-47b7-a1c6-89751ff06964', 'ka-b2b'),
('4c0c3acf-0d22-4cc7-b8c8-6d0be722b4b8', 'ka-b2b'),
('69d6dce3-8780-4c80-b79a-a68ca98c2432', 'ka-b2b'),
('d1c3c081-97f7-44cb-acaa-4c4da0cf292d', 'ka-b2b'),
('3afdcf43-71cd-400e-8083-f8a1a8ca063f', 'ka-b2b'),
('14fd798d-bb5e-4d5b-9d95-746c72d71fbc', 'ka-b2b'),
('0bd25dab-88f6-403b-ad2f-38ae81b2b9da', 'ka-b2b'),
('1e5db820-fab5-4aed-97d6-99293544aa39', 'ka-b2b'),
('11180b0a-e9a3-49c9-8e32-b3cf4cecc721', 'ka-b2b'),
('308f6a19-0747-42ba-a253-52c146ee9974', 'ka-b2b'),
('838e738b-4e83-4270-9eb7-176d5a0c4d8e', 'ka-b2b'),
('2a7b457f-881a-4667-a5ea-e5bebe1e378b', 'ka-b2b'),
('fef46670-db8e-4f28-be79-02caf9d4a3b3', 'ka-b2b'),
('dca3058a-d7be-4497-b3e8-af5ed7d61312', 'ka-b2b'),
('d160527f-9fd0-4c65-b57d-0f2a37ae7852', 'ka-b2b'),
('4e10cc53-dcf0-448a-9584-91e573ec2df5', 'ka-b2b'),
('f7efc771-5073-4148-827d-3b76c87f05a4', 'ka-b2b'),
('6ce66028-5737-4658-b604-4f6d422503f8', 'ka-b2b'),
('778e2d54-41ef-4884-8e2c-dcf8748a8dca', 'ka-b2b'),
('b5a0b7bb-ad10-44fb-b825-6ed0ad495d31', 'ka-b2b'),
('372dc27f-d296-4c38-9143-6e6e919c5ae4', 'ka-b2b'),
('94b8dea2-7a1e-4d01-af5f-93bc0870121d', 'ka-b2b'),
('82355fd3-9cee-489e-83a9-f8b60e6f55c9', 'ka-b2b'),
('57565712-505b-41a3-91f0-b592e0fdddc3', 'ka-b2b'),
('80aeaea2-e7dc-4d0d-934a-75719bbcad6e', 'ka-b2b'),
('57624d9e-88c8-44fe-8136-fa80df3bd147', 'ka-b2b'),
('223158e3-666b-4ba0-abcc-5eac7c11b719', 'ka-b2b'),
('6595a638-48d2-48a7-98d8-aeb95f6c8732', 'ka-b2b'),
('9178aaf3-d765-4ab0-bbde-145b76cbd5d7', 'ka-b2b'),
('f3220d10-8395-49f6-ba29-12c66ee35431', 'ka-b2b'),
('ade4c018-0980-4278-a0da-67cdb9da9d4b', 'ka-b2b'),
('4c2b3873-1f86-4323-91ed-06dab38c6d74', 'ka-b2b'),
('a7cc6e14-5347-4a9f-babd-faf8af9c3740', 'ka-b2b'),
('dc915bdf-a6cd-4d9d-8f44-86776ac26c45', 'ka-b2b'),
('604a0077-c6e7-4680-880e-8132f4f9fab1', 'ka-b2b'),
('56eb4da1-9e96-46ab-8de5-cfe134f8b920', 'ka-b2b'),
('60961ad8-c98d-453e-9b4f-ecad9bb8f920', 'ka-b2b'),
('bdedd05a-a843-4a80-91a3-f7544a988a50', 'ka-b2b'),
('e1ae3985-d35b-4f18-a69e-c38388c30f50', 'ka-b2b'),
('cbb19994-7f57-43c4-842f-ac57f8dcaf31', 'ka-b2b');
