-- Batch 257 (200 records)
INSERT INTO contacts (id, first_name, last_name, email, phone, company, address) VALUES
('82e23474-0a05-450c-a7a1-18ff16e60016', 'Besir', 'Kisa', 'info@malbobau.ch', '076 585 49 82', 'Malbo Bau GmbH', 'Staffelstrasse 60, 5430 Wettingen, Aargau'),
('1c69eeeb-f8fe-4feb-b356-6af917a5b989', 'Artur', 'Chabowski', 'info@malcisbo.com', '044 732 22 00', 'Malcisbo AG', 'Wagistrasse 27a, 8952 Schlieren, Zürich'),
('000f8966-1342-4f6c-b4ca-2a9a18aeca97', 'Roberto', 'Larcher', 'malennachfarben@gmail.com', '078 421 42 44', 'Malen nach Farben', 'Bahnhofstrasse 98, 9445 Rebstein, St. Gallen'),
('d28276b0-ca18-4300-a6b5-a1fdaec7a09f', 'Urim', 'Tika', 'tika.u@hotmail.com', '032 535 54 33', 'Maler - Gipser Tika GmbH', 'Mettlenweg 100, 2504 Biel/Bienne, Bern'),
('1c90ac9a-f615-4f27-86ff-1f4da4909e97', 'Roger', 'Ribary', 'r.ribary@bluewin.ch', '079 402 38 62', 'Maler & Gipser Roger Ribary', 'Usser-Vollikon 31, 8132 Egg b. Zürich, Zürich'),
('cd839e9c-8908-4613-a83f-bbf69f934798', 'Zef', 'Manrecaj', 'malerei.zef@sunrise.ch', '078 768 80 14', 'Maler- & Gipserservice Zef GmbH', 'Bürgliweg 1, 3706 Leissigen, Bern'),
('0b6a2bfc-32cd-43bb-b564-7c2e1e78f40c', 'Renato', 'Lingua', 'maler.lingua@bluewin.ch', '044 840 24 77', 'Maler & Tapezierergeschäft Renato Lingua', 'Pumpwerkstrasse 23, 8105 Regensdorf, Zürich'),
('bbff3b8a-1d88-4c99-b27d-7a77247444f8', 'Antonio', 'Laurito', 'info@malerlaurito.ch', '076 320 60 75', 'Maler A. Laurito GmbH', 'Gewerbestrasse 24, 8800 Thalwil, Zürich'),
('40ff1051-90b3-4edd-8ddc-75003862b69c', 'Stephan', 'Ackermann', 'info@maler-ackermann.ch', '079 247 26 54', 'Maler Ackermann', 'Hauptstrasse 59, 8872 Weesen, St. Gallen'),
('c8540435-0c9b-42de-8fb0-6989b59581f5', 'Rainer', 'Aeberhard', 'info@maler-aeberhard.ch', '041 787 13 10', 'Maler Aeberhard GmbH', 'Obergrundstrasse 4, 5643 Sins, Aargau'),
('846c9a6d-ede4-4b63-8357-552059e37de7', 'Adrian', 'Altmann', 'info@maleraltmann.ch', '081 377 21 31', 'Maler Altmann', 'Jöri-Jenni-Strasse 2, 7050 Arosa, Graubünden'),
('6d983935-fcd4-4997-a9fd-d41058fd16b3', 'Roland', 'Arn', 'maler.arn@gmail.com', '044 850 00 77', 'Maler Arn GmbH', 'Hofstetterstrasse 10, 8154 Oberglatt, Zürich'),
('d7d8be4b-3053-4e58-9f8b-197039417573', 'Evelyne', 'Morgenthaler-Bachmann', 'maler.bachmann@bluewin.ch', '044 271 82 67', 'Maler Bachmann GmbH', 'Sihlquai 240, 8005 Zürich, Zürich'),
('ced5c14b-35b7-4e63-9c25-5cd751d24fd6', 'René', 'Bärtsch', 'info@maler-baertsch.ch', '081 599 38 99', 'Maler Bärtsch GmbH', 'Tscherfingergasse 43, 8888 Heiligkreuz (Mels), St. Gallen'),
('a272972d-968c-4f14-a83c-81efb0b3d7f8', 'Stephan-Erich', 'Beez', 'mail@maler-beez.ch', '081 356 65 44', 'Maler Beez AG', 'Neuwiesstrasse 10, 7050 Arosa, Graubünden'),
('778167c5-edca-473b-b493-6c42dd8436fc', 'Joel', 'Beti', 'info@malerbeti.ch', '079 267 28 65', 'Maler Beti GmbH', 'Breitensteinstrasse 20, 8037 Zürich, Zürich'),
('0351b9db-1a73-4a13-8032-06c253742bfd', 'René', 'Betschart', 'info@maler-betschart.ch', '079 225 64 09', 'Maler Betschart Muotathal GmbH', 'Marktstrasse 18a, 6436 Muotathal, Schwyz'),
('c21c21d3-ef20-4cf1-9f71-6b8ba04f0d68', 'Jérôme', 'Kneuss', 'info@malerbieri.ch', '076 805 04 20', 'Maler Bieri AG', 'Unterdorfstrasse 100, 5246 Scherz, Aargau'),
('5c0c48a0-f8c0-4cfa-be1b-4b58764878f0', 'Patrik', 'Bilgeri', 'info@malerbilgeri.ch', '071 463 25 47', 'Maler Bilgeri AG', 'Alleestrasse 60, 8590 Romanshorn, Thurgau'),
('c7f557e8-6fe0-4e28-80ba-cd21ab8c88a2', 'Stefan', 'Binder', 'info@malerbinderundnick.ch', '052 242 84 32', 'Maler Binder & Nick GmbH', 'Obstgartenweg 14, 8404 Winterthur, Zürich'),
('50e46a13-521f-4adb-ad00-f508eb85fe4e', 'Philipp', 'Bischofberger', 'info@maler-bischi.ch', '076 494 87 92', 'Maler Bischi GmbH', 'Flurhofstrasse 17, 8370 Sirnach, Thurgau'),
('677d0ddb-1dc0-4a65-a012-ed5cae4f179b', 'Guido', 'Blaser', 'info@maler-blaser.ch', '041 760 03 83', 'Maler Blaser Team AG', 'Oberneuhofstrasse 7, 6340 Baar, Zug'),
('6e305344-b848-4859-87c6-214bd3ff2065', 'Michael', 'Bleiker', 'malerbleiker@bluewin.ch', '078 775 50 30', 'Maler Bleiker', 'Neuegg 1, 5630 Muri, Aargau'),
('258fe992-6bd0-4696-bec7-80f91840b251', 'Marcel', 'Blum', 'info@malerblum.ch', '079 218 07 64', 'Maler Blum', 'August-Müllerstrasse 13, 8134 Adliswil, Zürich'),
('6c45fad2-bfce-41c6-9bf6-9102837bc41e', 'Markus', 'Born', 'maler-born@bluewin.ch', '079 407 97 40', 'Maler Born', 'Hauptstrasse 115, 4313 Möhlin, Aargau'),
('25d73b31-b770-4a1f-93fc-c718bb4fb866', 'Andreas', 'Bosshard', 'maler-bosshard@bluewin.ch', '071 669 14 24', 'Maler Bosshard GmbH', 'Palmenweg 3, 8274 Tägerwilen, Thurgau'),
('2e731933-d155-48db-986d-0ba89eed3676', 'Stefanie', 'Briner', 'stefanie.briner@maler-briner.ch', '078 691 04 76', 'Maler Briner AG', 'Mühlemattstrasse 91, 5000 Aarau, Aargau'),
('cac7d813-60f8-458b-a031-78c806c02040', 'Heinz', 'Brogli', 'maler-brogli@bluewin.ch', '056 247 18 10', 'Maler Brogli GmbH', 'Rheintalstrasse 56, 5325 Leibstadt, Aargau'),
('b41e3eb1-6484-4f54-8dfe-cf6eaed69b19', 'Hans Peter', 'Bühler', 'maler@malerbuehler-ag.ch', '041 970 43 38', 'Maler Bühler AG', 'Rossgassmoos 7, 6130 Willisau, Luzern'),
('31b1a3db-88ae-4dac-a76b-6dfa40a3ba1b', 'Peter', 'Burkart', 'malerburkart@bluewin.ch', '041 420 46 45', 'Maler Burkart', 'Rotseehöhe 11, 6006 Luzern, Luzern'),
('2b6d1f96-9401-4aa8-a8a8-070964d6cedb', 'Reto', 'Burri', 'info@malerburri.ch', '079 644 37 75', 'Maler Burri', 'Horriwilstrasse 12, 4553 Subingen, Solothurn'),
('9cd4d253-19ab-4a3d-851f-c603f5795e18', 'Meinrad', 'Carigiet', 'info@malercarigiet.ch', '044 865 65 26', 'Maler Carigiet', 'Dorfstrasse 56, 8424 Embrach, Zürich'),
('75553613-e8c3-47b0-9705-367730140b2c', 'Hans-Peter', 'Casutt', 'maler.casutt@bluewin.ch', '079 678 86 63', 'Maler Casutt & Co.', 'Via Mulinas 5, 7151 Schluein, Graubünden'),
('e4640985-c4ca-4a56-a2a3-40c8806b22e3', 'Ismail', 'Civrilli', 'info@malercivrilli.ch', '076 528 06 64', 'Maler Civrilli GmbH', 'Zürcherstrasse 47, 8620 Wetzikon, Zürich'),
('984f0e08-77a4-4518-9675-84a0201bf43b', 'Patrick', 'Meyer', 'info@maler-cornut.ch', '081 413 37 77', 'Maler Conut', 'Mattastrasse 2, 7270 Davos, Graubünden'),
('87f3c5d1-ffe6-4fd0-98c1-61ef0e61586d', 'Rocco', 'Dapoto', 'info@maler-dapoto.ch', '079 300 25 34', 'Maler Dapoto', 'Ufenaustrasse 4, 8807 Freienbach, Schwyz'),
('e1a33587-2fce-488c-b1e5-20092ceedf99', 'Dave', 'Jung', 'info@maler-dave.ch', '078 717 21 99', 'Maler Dave', 'Sandrainstrasse 17, 3007 Bern, Bern'),
('75b0f631-c71a-49f9-bd63-46a36ec2c421', 'Miriam', 'Deubelbeiss', 'info@maler-deubelbeiss.ch', '079 318 01 80', 'Maler Deubelbeiss GmbH', 'Lindenweg 55, 5112 Thalheim, Aargau'),
('3777c250-ced0-4e55-93ca-ef8fb171e65b', 'Sascha', 'Dietiker', 'info@maler-dietiker.ch', '052 301 18 85', 'Maler Dietiker GmbH', 'Schaffhauserstrasse 16, 8442 Hettlingen, Zürich'),
('523b04dc-b77f-4ba2-90f7-0f9004a9b914', 'Donato', 'Grecuccio', 'info@malerdonato.ch', '079 449 07 39', 'Maler Donato', 'Barblanstrasse 18a, 7000 Chur, Graubünden'),
('6f9044a9-7025-44e1-994c-15502a358367', 'Rene', 'Dorazio', 'malerdorazio@bluewin.ch', '079 444 49 65', 'MALER DORAZIO', 'Gigonweg 16, 3027 Bern, Bern'),
('ae9204dc-3fdc-447e-9c6d-13ac2413590a', 'Stefan', 'Duff', 'info@malerduff.ch', '052 346 23 23', 'Maler Duff GmbH', 'Rigacher 9, 8315 Lindau, Zürich'),
('5b66287e-e411-4000-81fa-16de58671dd0', 'Philipp', 'Dünner', 'maler.duenner@bluewin.ch', '079 478 89 63', 'Maler Dünner Philipp GmbH', 'Dorfbachstrasse 20, 6418 Rothenthurm, Schwyz'),
('fe58744d-f72e-48a5-98eb-53d80fbc2863', 'Andreas', 'Eberle', 'hornussen@maler-eberle.ch', '062 865 50 00', 'Maler Eberle GmbH', 'Hauptstrasse 154, 5075 Hornussen, Aargau'),
('bdc30a29-47c6-456b-9da1-35543afba0ef', 'Christian', 'Erb', 'info@maler-erb.ch', '052 317 11 26', 'Maler Erb', 'Kanzleistrasse 7, 8461 Oerlingen, Zürich'),
('bad78c14-49e5-43ac-ba94-76e8ee98e91e', 'David', 'Esposito', 'desposito@bluewin.ch', '041 930 00 66', 'Maler Esposito', 'Herlisbergstrasse 1, 6215 Beromünster, Luzern'),
('886e5424-8457-49f6-9509-d73e7ef2cbe5', 'Andrea', 'Estermann', 'info@maler-estermann.ch', '079 605 35 05', 'Maler Estermann GmbH', 'Alte Landstrasse 92, 8804 Au, Zürich'),
('ca2a3935-39ab-4375-aa13-36ee64d3ab2e', 'Salvatore', 'Fabio', 'maler.fabio@bluewin.ch', '078 723 62 93', 'Maler Fabio GmbH', 'Haldenstrasse 13, 8904 Aesch, Zürich'),
('4914dc0a-6eb1-4e7b-8932-8825580d0e9a', 'Fabian', 'Bachmann', 'maler@malerfachmann.ch', '076 435 78 05', 'Maler Fachmann GmbH', 'Artherstrasse 18, 6403 Küssnacht am Rigi, Schwyz'),
('2550d770-5227-4587-8271-2bff3ac02c1a', 'Thomas', 'Fäh', 'info@maler-faeh.ch', '077 437 30 47', 'MALER FÄH', 'Im Ried 26, 9034 Eggersriet, St. Gallen'),
('a0f71e9b-ad89-424a-b069-5dcaf29bd818', 'Hansjürg', 'Fankhauser', 'info@maler-fankhauser.ch', '079 468 62 62', 'Maler Fankhauser AG', 'Gwigg 3, 5452 Oberrohrdorf, Aargau'),
('f487a8fb-f7b9-40b4-950d-727be24e3728', 'Marcus', 'Federspiel', 'info@malerfederspiel.ch', '081 633 31 64', 'Maler Federspiel GmbH', 'Riel 13, 7013 Domat/Ems, Graubünden'),
('bc60de99-3d74-49df-9f24-c8c512d01601', 'Michael', 'Feurer', 'michel.feurer@malerfeurer.ch', '044 715 21 20', 'Maler Feurer AG', 'Dorfstrasse 24, 8802 Kilchberg, Zürich'),
('5ea43f12-a1c3-48b1-91c9-4c6d8ac40515', 'Paul', 'Fischer', 'info@maler-fischer.ch', '079 410 07 30', 'Maler Fischer', 'Langackerstrasse 39, 6330 Cham, Zug'),
('885d8d6e-4253-43ee-b227-c2dfa09b2032', 'Tobias', 'Fleig', 'info@malerfleig.ch', '061 831 60 51', 'Maler Fleig AG', 'Chesselacker 5, 4316 Hellikon, Aargau'),
('3aabe99c-c03b-43fc-bebd-5a36a5c0c165', 'Dominik', 'Erne', 'info@maler-erne.ch', '079 360 51 48', 'Maler Franz', 'Schiffmüliweg 6, 5316 Leuggern, Aargau'),
('bc084af3-daca-4670-b1aa-32102f191474', 'Franz', 'Weber', 'info@maler-franz.ch', '044 830 20 30', 'Maler Franz GmbH', 'Riedenerstrasse 52, 8304 Wallisellen, Zürich'),
('70e4f272-c186-4c8f-839f-ac65e5e2fb7b', 'Simon', 'Friedli', 'info@maler-friedli.ch', '031 771 10 41', 'Maler Friedli GmbH', 'Thunstrasse 11, 3672 Oberdiessbach, Bern'),
('3da6a439-8d28-48b1-9aea-ebb6ad11d5ca', 'Mario', 'Fritz', 'info@maler-fritz.ch', '079 794 85 74', 'Maler Fritz GmbH', 'Fliederweg 5, 9463 Oberriet, St. Gallen'),
('a809625b-cac2-48c5-8c60-504bb07f38b0', 'Markus', 'Furter', 'info@malerfurter.ch', '079 339 21 61', 'Maler Furter', 'Schönenwerderstrasse 12, 5036 Oberentfelden, Aargau'),
('753fa567-4d11-4618-8b0b-d5c9fc9c8486', 'Roland', 'Gasser', 'malergasser@bluewin.ch', '079 418 10 81', 'maler gasser', 'Wieslergasse 3, 8049 Zürich, Zürich'),
('77509d62-926b-471d-8d61-351449f06290', 'Roger', 'Gehringer', 'info@malergehringer.ch', '079 341 86 43', 'Maler Gehringer AG', 'Alter Hubelweg 4, 6331 Hünenberg, Zug'),
('3ed3650d-9905-476a-9d41-0d88c8a1f4f2', 'Beat', 'Gerber', 'mail@evequoz-gerber.ch', '079 209 40 34', 'Maler Gerber GmbH', 'Am Bahndamm 23, 4058 Basel, Basel-Stadt'),
('7d1bff8e-5828-45be-83c2-cb55e1710a17', 'Urs', 'Giger', 'info@maler-giger.ch', '078 612 51 55', 'MALER GIGER', 'Eibachstrasse 1, 4653 Obergösgen, Solothurn'),
('a5f6a1a1-1396-483f-b1c2-dd983ff5f193', 'Loris', 'Scorza', 'info@malergipseratelier.ch', '079 656 44 18', 'Maler Gipser Atelier GmbH Dillon', 'Industriestrasse 10, 4562 Biberist, Solothurn'),
('8ca648da-7587-46d2-b035-4f9119e63bb2', 'Raphael', 'Steiner', 'malgisteiner@bluewin.ch', '032 355 52 77', 'Maler Gipser Steiner', 'Käsereiweg 3, 2554 Meinisberg, Bern'),
('cf4c7734-6149-4f08-ac88-f5d6660f20d5', 'Marcel', 'Gmünder', 'maler.gmuender@gmx.ch', '079 338 61 77', 'Maler Gmünder GmbH', 'Kesswilerstrasse 4, 8592 Uttwil, Thurgau'),
('10a64ee9-40cb-499b-a682-572fc8733c4f', 'Leandro', 'Gomes', 'info@maler-gomes.ch', '079 784 67 99', 'Maler Gomes GmbH', 'Kantonsstrasse 157, 8807 Freienbach, Schwyz'),
('8ec16183-989d-47f1-9589-73e6812a30b5', 'Marcel', 'Good', 'd.good@malergood.ch', '081 723 48 78', 'Maler Good AG', 'Ragazerstrasse 5, 7320 Sargans, St. Gallen'),
('0f5636ad-eace-4367-b240-1fd38f5c837d', 'Kay', 'Götschi', 'info@maler-goetschi.ch', '044 776 61 52', 'Maler Götschi', 'Lierenhof 2, 8926 Kappel am Albis, Zürich'),
('ea7b94fa-b0ed-4f1f-bad7-12f07d1c7ddd', 'Heinz', 'Graf', 'info@malergraf.ch', '052 385 28 30', 'Maler Graf AG', 'Püntstrasse 13, 8492 Wila, Zürich'),
('8fa6052c-face-4b7b-bb4f-f53dc22ae9e3', 'Roland', 'Grieder', 'info@maler-grieder.ch', '079 398 39 54', 'Maler Grieder GmbH', 'Hauptstrasse 63, 4451 Wintersingen, Basel-Land'),
('172a3612-7a52-464e-a3ea-6ecd0ee46c54', 'Franz', 'Grimm', 'info@maler-grimm.ch', '041 630 02 15', 'Maler Grimm AG', 'Werkhofstrasse 8, 6052 Hergiswil, Nidwalden'),
('7fd563c0-8793-4d17-b70b-6d40a75c3b03', 'Othmar', 'Gübeli', 'guebeliothmar@bluewin.ch', '079 330 81 09', 'maler gübeli GmbH', 'Kronenwiese 6a, 9630 Wattwil, St. Gallen'),
('7843b91c-f6fe-4f3e-836a-a8a7c01c886b', 'Sasho', 'Spasov', 'saso.spasov73@gmail.com', '079 138 72 94', 'Maler Gütsch GmbH', 'Gütschstrasse 1, 6003 Luzern, Luzern'),
('70719059-59ee-438f-96a9-804e519c8c81', 'Stefanie', 'Habermacher', 'info@maler-habermacher.ch', '041 921 08 07', 'Maler Habermacher AG', 'Merkurstrasse 13, 6210 Sursee, Luzern'),
('9b548f83-1fdb-432e-8038-254749a3897c', 'Gérald', 'Businger', 'info@malerhardegger.ch', '079 302 61 49', 'Maler Hardegger GmbH', 'Via Punt La Reisga 1, 7017 Flims Dorf, Graubünden'),
('558b0103-a1f6-48f8-a5db-2b0200d4ff89', 'Dieter', 'Hauri', 'dieter@malerhauri.ch', '079 379 32 35', 'Maler Hauri Dieter', 'Holzstrasse 61, 5036 Oberentfelden, Aargau'),
('2a61a7ac-4451-4952-aa4c-5e8df10113fd', 'Hermann', 'Suter', 'info@malersuter.ch', '079 425 87 90', 'Maler Hermann Suter', 'Michael-Maggi-Strasse 20, 8046 Zürich, Zürich'),
('0a41655f-15d2-45be-8c58-276b6cddfaff', 'Rudolf', 'Hinter', 'kontakt@malerhinter.ch', '041 660 28 33', 'Maler Hinter AG', 'Brünigstrasse 126a, 6072 Sachseln, Obwalden'),
('f9f6d1d6-13a1-4abe-bad8-91a7d9abaac4', 'Bruno', 'Horat', 'horat@regiomaler.ch', '079 343 20 14', 'Maler Horat Schwyz', 'Neumattweg 7, 6438 Ibach, Schwyz'),
('3cee8aad-c4db-43de-a004-c0b45544f020', 'Pascal', 'Huber', 'huber@malerhorw.ch', '078 742 01 01', 'Maler Huber GmbH', 'Kastanienbaumstrasse 79, 6048 Horw, Luzern'),
('838f0bd5-607d-46ba-84e0-8d93155489ec', 'Michael', 'Hug', 'info@malerhug.ch', '079 666 10 74', 'MALER HUG', 'Grossackerstrasse 26, 8152 Opfikon, Zürich'),
('b87abf29-cc5b-4a95-9570-8fc9cbef208f', 'Maja', 'Taseva', 'info@maler-huesli-gmbh.ch', '079 628 52 04', 'Maler Hüsli GmbH', 'Dunantstrasse 5, 6020 Emmenbrücke, Luzern'),
('73348d76-990f-4a42-81a1-5af26263a52b', 'Eugen', 'Huwiler', 'e.huwiler@malerhuwiler.ch', '079 432 80 05', 'Maler Huwiler AG', 'Rothusstrsse 5b, 6331 Hünenberg, Zug'),
('860ecdc3-a9cf-441a-b766-1fa15c2863eb', 'Roger', 'Indergand', 'info@maler-indergand.ch', '079 669 74 89', 'Maler Indergand', 'Vorderer Radrain 4, 8132 Egg b. Zürich, Zürich'),
('d2ba8640-567a-46a1-8797-d164bd24818a', 'Janos', 'Gabor Kantor', 'kantor@regiomaler.ch', '079 302 60 73', 'Maler Kantor GmbH', 'Luzernerstrasse 109, 6014 Luzern, Luzern'),
('504935c4-1d79-401c-a568-7155a177f6bf', 'Roland', 'Kärle', 'info@kaerle.ch', '032 682 04 05', 'Maler Kärle', 'Hauptstrasse 89, 4552 Derendingen, Solothurn'),
('72ec5454-4c76-42f3-8b4b-51528280508c', 'Katinka', 'Voramwald-Schneiter', 'info@malerkatinka.ch', '032 661 16 05', 'Maler Katinka GmbH', 'Ziegelhütteweg 6, 4587 Aetingen, Solothurn'),
('8a99051a-fd05-4fec-a3b8-b2d3df2c8a25', 'Dominik', 'Kiefer', 'info@malerkiefer.ch', '062 849 10 57', 'Maler Kiefer AG', 'Aarauerstrasse 13, 5012 Schönenwerd, Solothurn'),
('587bf724-515d-4ea7-ac4d-432d84b489dd', 'Lars', 'Kiener', 'info@malerkienerag.ch', '079 641 41 24', 'Maler Kiener AG', 'Schützrain 30, 6012 Obernau, Luzern'),
('d14f5a9c-20e0-4cdb-af1b-e135739f801e', 'Bruno', 'Killer', 'info@malerkiller.ch', '079 641 41 24', 'Maler Killer AG', 'Bahnstrasse 10, 8603 Schwerzenbach, Zürich'),
('867e23fa-cd8b-4aa3-bfc1-1ee399b6d102', 'Daniel', 'Kläger', 'maler-klaeger@bluewin.ch', '071 983 19 40', 'Maler Kläger AG', 'Schulstrasse 13, 9607 Mosnang, St. Gallen'),
('33da34db-4153-41ec-86a5-50b39e916228', 'Stephan', 'Klee', 'info@maler-klee.ch', '079 202 40 78', 'Maler Klee', 'Rebhaldenstrasse 14, 8596 Scherzingen, Thurgau'),
('13ea30e4-833e-481a-8574-e0d0a14f94fa', 'Marco', 'Isler', 'm.isler@maler-koch.ch', '041 780 05 53', 'Maler Koch', 'Langackerstrasse 29, 6330 Cham, Zug'),
('7027f356-a9c7-4da5-baa6-d52b575e9ba5', 'Andreas', 'Koch', 'info@malerkoch.ch', '079 642 24 41', 'Maler Koch GmbH', 'Im Halbiacker 5, 8352 Elsau, Zürich'),
('b4bcd825-2061-45bc-8cf8-aa93ed1bfcca', 'Fredi', 'Koller', 'info@maler-koller.ch', '044 461 11 20', 'Maler Koller Zürich AG', 'Dietzingerstrasse 10, 8003 Zürich, Zürich'),
('e5e207dc-80be-45fe-9fb6-2b91a6837674', 'Reto', 'Kolp', 'info@waldstattmaler.ch', '079 307 01 23', 'Maler Kolp GmbH', 'Geisshaldenstrasse 37, 9104 Waldstatt, Appenzell Ausserrhoden'),
('3b7c95f4-d2c9-4277-ba45-a89a776c5cd5', 'Francesco', 'Zaccaria', 'info@malerlanghart.ch', '044 381 24 20', 'Maler Langhart GmbH', 'Balgriststrasse 18, 8008 Zürich, Zürich'),
('ef164c0f-f9b3-4b78-b07e-a5878c171e67', 'Armin', 'Lanz', 'info@malerlanz.ch', '079 630 66 77', 'Maler Lanz', 'Dorfstrasse 16, 8606 Greifensee, Zürich'),
('124c1c31-6ec0-4523-bdc1-73a37d52e62e', 'Daniel', 'Launer', 'maler-launer@bluewin.ch', '044 761 41 61', 'Maler Launer', 'Dorfstrasse 88, 8912 Obfelden, Zürich'),
('fdc7c257-f8c1-49f8-915b-a5346d73d700', 'Olivier R.', 'Lehmann', 'info@malerlehmann.ch', '062 797 12 34', 'Maler Lehmann AG', 'Baslerstrasse 14, 4665 Oftringen, Aargau'),
('35b4f2bc-3b86-4a76-9f25-066364d24b85', 'Pascal', 'Leibacher', 'info@malerleibi.ch', '079 416 45 68', 'Maler Leibi', 'Hauptstrasse 25, 8919 Rottenschwil, Aargau'),
('6882a819-cdc8-403c-9072-41e5e94ab14c', 'André', 'Leuppi', 'info@maler-leuppi.ch', '052 202 28 80', 'Maler Leuppi GmbH', 'Reutgasse 11, 8406 Winterthur, Zürich'),
('f9af823d-296e-46fa-a20b-4aaec80e21e3', 'Hans Ruedi', 'Emmenegger', 'info@malerlink.ch', '079 671 45 87', 'Maler Link AG', 'Oberdorfstrasse 33, 8702 Zollikon, Zürich'),
('b46c9738-ebaf-47cc-a6c9-296716bd3289', 'Stefan', 'Lipp', 'info@malerlipp.ch', '041 280 30 30', 'Maler Lipp AG', 'Buzibachstrasse 33, 6023 Rothenburg, Luzern'),
('ea426da9-a375-4158-8282-0bf73d2ca8b1', 'Irene', 'Meli', 'info@maler-loosli.ch', '078 896 24 25', 'Maler Loosli GmbH', 'Neuhofstrasse 6, 8630 Rüti, Zürich'),
('b63b1757-56d4-4b46-95bc-9c6848ccfcf7', 'Max', 'Lucchini', 'info@malerlucchini.ch', '079 689 87 44', 'Maler Luccini Gmbh', 'Letzistrasse 5c, 6300 Zug, Zug'),
('0c260e99-764e-4402-a22c-6e46ec9ae5c4', 'Peter', 'Lüscher', 'maler-luescher@bluewin.ch', '079 320 08 78', 'Maler Lüscher', 'Tannwaldstrasse 119, 4600 Olten, Solothurn'),
('21142f91-6522-4083-9a04-7c8b1b9fba6b', 'Marco', 'Lütscher', 'marco.luetscher@maler-luetscher.ch', '081 354 90 50', 'Maler Lütscher AG', 'Deutsche Strasse 35, 7000 Chur, Graubünden'),
('fb87e0ef-d767-4fdc-bfa1-d819885a1a9c', 'Michel', 'Zaugg', 'info@malermaeder.ch', '079 752 35 03', 'Maler Mäder AG', 'Pilatusstrasse 36, 5630 Muri, Aargau'),
('c3c0968b-28d0-4052-82a8-1287e48d7879', 'Benjamin', 'Mäder', 'info@maler-maeder.ch', '079 343 47 66', 'Maler Mäder GmbH', 'Müntschemiergasse 28, 3232 Ins, Bern'),
('87bb0eab-a747-47f9-9464-18b6569b5840', 'Urs', 'Mahler', 'info@malermahler.ch', '076 371 07 21', 'Maler Mahler', 'Hagenbuchstrasse 1, 8413 Neftenbach, Zürich'),
('1558c44b-b51f-47a0-a56e-53d5c428145d', 'Romeo', 'Manco', 'romeo@malermanco.ch', '079 207 85 28', 'Maler Manco', 'Pestalozziweg 17, 8810 Horgen, Zürich'),
('f7994ba3-d3af-43f3-879b-c96a73b81552', 'Marco', 'Milone', 'm.marco@gmx.ch', '079 677 72 63', 'Maler Marco Milone GmbH', 'Sonnenstrasse 42, 8280 Kreuzlingen, Thurgau'),
('14ca1b36-9728-4416-a8ca-4d8b9b2db4d6', 'Marino', 'Belloni', 'info@maler-belloni.ch', '071 912 19 03', 'Maler Marino Belloni', 'Ragoren 14, 9543 St. Margarethen, Thurgau'),
('16d507c3-d4f7-4c1e-af15-ee00c12c94b7', 'Priska', 'Märki', 'info@maler-maerki.ch', '076 386 29 35', 'Maler Märki', 'Zürcherstrasse 73, 8800 Thalwil, Zürich'),
('00d0e52f-9303-4bd4-8b84-bbec47770927', 'Andreas', 'Marti', 'info@maler-marti.ch', '032 392 48 42', 'Maler Marti AG', 'Gimmerz 1, 3283 Kallnach, Bern'),
('fa1a71b4-3c93-4d1c-afe3-b1f8b72e94aa', 'Martin', 'Ort', 'ort.suhr@bluewin.ch', '062 842 02 37', 'Maler Martin Ort', 'Belchenweg 3, 5034 Suhr, Aargau'),
('3142dc67-5126-46ca-9707-9cfdcb23527b', 'Roger', 'Mathis', 'info@maler-mathis.ch', '079 455 09 78', 'Maler Mathis AG', 'Schrotmättli 12a, 6014 Luzern, Luzern'),
('8e2ba876-b8ec-48d4-b245-29fefa5ddc2c', 'Fabian', 'von Moos', 'fvm@maler-mathis.ch', '041 259 49 39', 'Maler Mathis Seetal', 'Luzernstrasse 2, 6275 Ballwil, Luzern'),
('901d8094-9718-4382-804b-69d9852b3c79', 'Patrick', 'May', 'patrick@maler-may.ch', '044 950 10 17', 'Maler May AG', 'Isikerstrasse 19, 8335 Hittnau, Zürich'),
('2d4aeaf9-c89c-4a4d-8580-04bcbf2111dc', 'Guido', 'Meier', 'maler.meier@bluewin.ch', '041 832 25 63', 'Maler Meier', 'Oberstockstrasse 21, 6416 Steinerberg, Schwyz'),
('ef4a40ab-504a-4d36-a1f0-ec47ab3c2ce9', 'Bernd', 'Meier', 'info@malermeier.ch', '079 403 25 52', 'Maler Meier', 'Im Grindel 37, 8932 Mettmenstetten, Zürich'),
('8ef3254f-a849-4fa3-b4ff-e920d0c4d5d7', 'Patrick', 'Melliger', 'malermelliger@bluewin.ch', '076 588 86 25', 'Maler Melliger Patrick', 'Pilatusstrasse 9, 6330 Cham, Zug'),
('0368f22a-8950-4be3-996d-d45a38e33e76', 'André', 'Krauer', 'krauer@maler-mennel.ch', '041 910 28 26', 'Maler Mennel GmbH', 'Peter-Halterweg 13, 6280 Hochdorf, Luzern'),
('11c6c5c4-54c0-4c66-a809-bf09b91a2ff9', 'Dominik', 'Merkofer', 'maler.d.merkofer@bluewin.ch', '062 877 16 26', 'Maler Merkofer GmbH', 'Mühlmet 406, 5063 Wölflinswil, Aargau'),
('6aca414a-e6f6-4535-a8fd-aeefddc32b30', 'Muhamet', 'Zogaj', 'info@maler-meti.ch', '041 377 04 04', 'Maler Meti GmbH', 'Luzernerstrasse 131, 6014 Luzern, Luzern'),
('b95ca48b-187d-4f90-a8e0-8b52c3428999', 'Daniel', 'Meyer', 'malermeyer_gmbh@gmx.ch', '062 751 70 31', 'Maler Meyer GmbH', 'Untere Brühlstrasse 11, 4800 Zofingen, Aargau'),
('e8bd476b-f087-4796-acba-4db9fb763cee', 'Gerold', 'Michel', 'g.michel@maler-michel.ch', '079 208 88 45', 'Maler Michel AG', 'Sagenwaldstrasse 12, 6033 Buchrain, Luzern'),
('59b14c0c-acb2-4e21-8863-9e67fa512ea4', 'Urs', 'Montalta', 'info@maler-montalta.ch', '044 302 66 44', 'Maler Montalta AG', 'Stoffelstrasse 19, 8052 Zürich, Zürich'),
('73463e0f-7bb5-4d7e-944e-9173cfb6f3b6', 'Matthias', 'Moor', 'info@malermoor.ch', '079 614 94 68', 'Maler Moor AG', 'Schützenmattweg 15, 4460 Gelterkinden, Basel-Land'),
('1740c037-0504-4773-91fb-32dfd04a4973', 'Roger', 'Zimmermann', 'info@maler-muhen.ch', '062 724 97 70', 'Maler Muhen GmbH', 'Kesslerstrasse 4, 5037 Muhen, Aargau'),
('84fdb443-5edb-488a-8ed5-b0d18eaee264', 'Andreas', 'Müller', 'malermueller@hispeed.ch', '044 836 61 23', 'maler müller', 'Baumgartenstrasse 6, 8309 Nürensdorf, Zürich'),
('f94fbc5e-a9b4-4303-a0e9-87fb62fcdd18', 'Christian', 'Gisler', 'info@maler-nideroest-ag.ch', '078 892 88 79', 'Maler Nideröst AG', 'Neuland 12, 6460 Altdorf, Uri'),
('7f046f7f-2dc2-484d-972e-7960c57975a3', 'Ricardo', 'Nogueira', 'info@maler-nogueira.ch', '076 396 98 90', 'Maler Nogueira AG', 'Lägernstrasse 9, 8037 Zürich, Zürich'),
('e39237d6-310a-45c7-bcaa-73ea68b55719', 'Arthur Marcus', 'Osbahr', 'info@osbahr.ch', '044 482 74 04', 'Maler Osbahr', 'Birmensdorferstrasse 567, 8055 Zürich, Zürich'),
('61a47601-0ef7-47c7-bb97-22343f22184b', 'Sacha', 'Perbellini', 'sacha.perbellini@bluewin.ch', '079 666 53 59', 'maler perbellini', 'Strickstrasse 7, 8192 Glattfelden, Zürich'),
('c5d37db6-c6ee-4b37-9342-b1fef5c95998', 'Jaime', 'Gomes Pereira', 'jaime.pereira@bluewin.ch', '079 603 13 00', 'Maler Pereira', 'Georg-Kempf-Strasse 1, 8046 Zürich, Zürich'),
('02f2314d-753b-43f7-95c4-94bd27e52b22', 'Thomas', 'Pfaller', 'maler@thomaspfaller.ch', '079 309 44 04', 'Maler Pfaller GmbH', 'Dorfstrasse 31, 8302 Kloten, Zürich'),
('d2e8f946-d8ec-4dc6-ab33-33380fd8d869', 'Raphael', 'Piani', 'info@malerpiani.ch', '056 534 90 04', 'Maler Piani GmbH', 'Ziegelweg 26, 5200 Brugg, Aargau'),
('c8208ef1-4c0f-4d0a-89cf-31e07ee58e32', 'Renato', 'Piatti', 'maler.piatti@bluewin.ch', '079 122 44 12', 'Maler Piatti', 'Guldistudweg 15, 8632 Tann, Zürich'),
('1dc6ec41-fcfc-49a8-8740-a65df6c4cf70', 'Marco', 'Prati', 'info@malerprati.ch', '044 491 67 57', 'Maler Prati', 'Albisriederstrasse 187, 8047 Zürich, Zürich'),
('0a1af18e-6a53-4265-a5e4-3905e88148b3', 'Felix', 'Pratter', 'mail@malerpratter.ch', '056 664 40 10', 'Maler Pratter AG', 'Ringstrasse 15, 5634 Merenschwand, Aargau'),
('e53a8414-973f-40de-8c4e-caa79c80afed', 'Mark', 'Prince', 'm.prince@bluewin.ch', '079 408 83 84', 'Maler Prince', 'Gutenbergstrasse 48, 3011 Bern, Bern'),
('eb65eaa8-8504-4d1d-b3e6-de91e1922ca7', 'Isabel', 'Räber', 'info@maler-raeber.ch', '079 887 29 79', 'Maler Räber', 'Obere Büelhalde 8, 5634 Merenschwand, Aargau'),
('ff3f93ad-d6a6-4fe9-ad4f-37ab96931090', 'Rene', 'Reiser', 'maler-reiser@bluewin.ch', '079 707 89 78', 'Maler Reiser GmbH', 'Hintermattli 2, 6314 Unterägeri, Zug'),
('5c93b289-f5fe-4847-ac59-44f508da327c', 'Remo', 'Molinari', 'malermolinari@bluewin.ch', '055 445 10 62', 'Maler Remo Molinari', 'Zeughausstrasse 41, 8854 Galgenen, Schwyz'),
('9b8cf8ca-566b-4a5d-a3f2-5ab1321325e1', 'Rene', 'Graf', 'maler_rene@bluewin.ch', '079 708 85 11', 'Maler René Graf & Co.', 'Bernstrasse 13, 3455 Grünen, Bern'),
('5e27edef-a572-49eb-8de2-be5172c230d6', 'Reto', 'Grassi', 'reto-grassi@bluewin.ch', '044 720 06 66', 'Maler Reto Grassi', 'Gattikonerstrasse 129, 8136 Gattikon, Zürich'),
('23e7a22c-d7f3-42b9-ac2d-3ebb86a9b492', 'Roger', 'Riesen', 'maler.riesen@gmx.ch', '079 237 05 58', 'Maler Riesen GmbH', 'Dorfstrasse 2, 5442 Fislisbach, Aargau'),
('c559e50d-8ae3-4e2f-ab6e-bd31d125751f', 'Marco', 'Rindlisbacher', 'info@maler-rindlisbacher.ch', '041 260 43 44', 'Maler Rindlisbacher GmbH', 'Grünmattstrasse 2, 6032 Emmen, Luzern'),
('3ff5875e-22b9-4109-8c62-609d5e884a5e', 'Roland', 'Kappeler', 'info@maler-roli.ch', '041 870 09 80', 'Maler Roli', 'Eygasse 11a, 6460 Altdorf, Uri'),
('55c0e8c4-a23a-4b05-902c-aba36713d471', 'Nicole', 'Stutz', 'info@malerrolle.ch', '079 261 60 30', 'Maler Rolle GmbH', 'Häderlistrasse 6, 8964 Rudolfstetten, Aargau'),
('2c915448-9372-4cca-9e35-9756ef6dc623', 'Roman', 'Hochstrasser', 'info@maler-roemer.ch', '044 825 48 88', 'Maler Römer', 'Schossackerstrasse 54, 8603 Schwerzenbach, Zürich'),
('6dc997c7-9b70-47f6-a413-ab9d0ebee09d', 'Rolf', 'Ruef', 'ruefrolf62@sunrise.ch', '076 451 83 37', 'Maler Ruef', 'Panoramastrasse 19, 3854 Oberried am Brienzersee, Bern'),
('41496260-9d89-44ca-8746-06a08e565a75', 'Antonio', 'Sabatella', 'sabatella@malersabatella.ch', '079 433 72 11', 'Maler Sabatella', 'Industriestrasse 5d, 8864 Reichenburg, Schwyz'),
('3e7cf928-d1ad-4f01-98e9-73dcf105e5ca', 'Nadine', 'Salm', 'nadine87_salm@gmx.ch', '079 731 24 72', 'Maler Salm', 'Küngenwinkel 9, 5412 Gebenstorf, Aargau'),
('faf7a081-5a13-43a8-8c6c-f95ad3fc903a', 'Dominic', 'Schaad', 'info@malerschaad.ch', '044 344 20 90', 'Maler Schaad GmbH', 'Limmattalstrasse 177, 8049 Zürich, Zürich'),
('a62a1805-2a13-4606-a45c-5e59efaa4231', 'Koni', 'Scheuber', 'mail@maler-scheuber.ch', '079 448 02 20', 'Maler Scheuber Gmbh', 'Grund 65, 6474 Amsteg, Uri'),
('62a0c97b-7a26-4123-a780-b428182a307e', 'Alois', 'Schibig', 'maler@maler-schibig.ch', '041 711 10 02', 'Maler Schibig AG', 'Zugerstrasse 195, 6314 Neuägeri, Zug'),
('e841486b-e00f-41cc-aaaa-c2b414d94c8a', 'Hans Peter', 'Schaffner', 'info@schlotterbeck.ch', '041 429 98 10', 'Maler Schlotterbeck AG', 'Ebikonerstrasse 75, 6043 Adligenswil, Luzern'),
('235edfea-c302-470e-83e1-a13429bd53f7', 'Rolf', 'Schmid', 'info@malerschmid-weggis.ch', '079 641 10 38', 'Maler Schmid GmbH', 'Bühlstrasse 5, 6353 Weggis, Luzern'),
('e79ac6fa-a5cc-4b20-aa65-f6cf5d717787', 'Martin', 'Schmid', 'maler.schmidmartin@bluewin.ch', '041 610 71 68', 'Maler Schmid Martin GmbH', 'Riedstrasse 8, 6362 Stansstad, Nidwalden'),
('8cb4b706-7447-47ce-8939-a62e005c3e88', 'Armin', 'Schmid', 'info@schmid-maler.ch', '079 631 52 00', 'Maler Schmid Trimmis GmbH', 'Herawisweg 40, 7203 Trimmis, Graubünden'),
('5f43dc3f-6212-4f32-96a3-20eab84d3d0b', 'Tino', 'Schnabel', 'info@malerschnabel.ch', '079 757 76 02', 'Maler Schnabel GmbH', 'Obere Goldey 73, 3800 Unterseen, Bern'),
('5a23cd60-986d-4ed6-8e5e-97a795503a5f', 'René', 'Schoop', 'malerschoopgmbh@bluewin.ch', '071 411 76 74', 'Maler Schoop GmbH', 'Buchackernstrasse 1, 8581 Schocherswil, Thurgau'),
('8f1bec77-2566-43d1-abc8-70fa9ee0fc4f', 'Stefan', 'Schröder', 'info@maler-schroeder.ch', '079 430 59 67', 'Maler Schröder GmbH', 'Rankstrasse 5, 8413 Neftenbach, Zürich'),
('c2650c19-d98e-4f4f-99e9-b20e77e1f4f0', 'Sandra', 'Schuler', 'maler-s@bluewin.ch', '078 697 80 79', 'Maler Schuler', 'Summelenweg 100, 8808 Pfäffikon, Schwyz'),
('33dcd240-f8e4-43d0-8c01-5a81978fe46b', 'Patrick', 'Huber', 'info@msph.ch', '079 356 47 17', 'Maler Service Patrick Huber AG', 'Lindfeldstrasse 3, 5506 Mägenwil, Aargau'),
('94247db9-5d1b-4f6f-87fb-e2c676b7ffe0', 'Fabian', 'Wehrli', 'info@maler-sommer.ch', '044 841 04 36', 'Maler Sommer', 'Trockenloostrasse 101, 8105 Regensdorf, Zürich'),
('01d209f0-d989-443b-806d-8287b498a89f', 'Ignazio', 'Spica', 'malerspica@gmail.com', '078 902 52 32', 'Maler Spica', 'Enzianweg 1, 5314 Kleindöttingen, Aargau'),
('995e366c-7f6a-40db-a7c3-b5288d5d6dfb', 'Christoph', 'Steinauer', 'info@maler-steinauer.ch', '044 888 13 47', 'Maler Steinauer GmbH', 'Pünten 5, 8602 Wangen b. Dübendorf, Zürich'),
('3d51b925-2e6f-440e-9cd4-0d81b29b2fbf', 'Simon', 'Steinmann', 'info@maler-steinmann.ch', '056 622 24 40', 'Maler Steinmann AG', 'Juch 16, 5622 Waltenschwil, Aargau'),
('326511dd-77a3-4264-8b39-33f5ae491c85', 'Benno', 'Stieger', 'info@maler-stieger.ch', '079 681 31 12', 'Maler Stieger AG', 'Rheinstrasse 7a, 7310 Bad Ragaz, St. Gallen'),
('8ad7001b-b4c2-4f9a-adcd-b05079bd97d9', 'Patrick', 'Stocker', 'info@malerstocker.ch', '079 746 03 09', 'Maler Stocker AG', 'Bleicheweg 18, 5630 Muri, Aargau'),
('e9724ce9-5813-453a-86ea-6ce75e0f36b1', 'Marcel', 'Strüby', 'info@malerstrueby.ch', '055 412 55 67', 'Maler Strüby AG', 'Zürichstrasse 38a, 8840 Einsiedeln, Schwyz'),
('63f75fe0-ed0c-494d-b83d-eeeaef38ece6', 'Philipp', 'Dornbierer', 'info@malerstuedeli.ch', '032 621 41 31', 'Maler Stüdeli AG', 'Küngoltstrasse 40, 4500 Solothurn, Solothurn'),
('e35fb35d-b6b9-49f1-9e0b-a034f3f11f26', 'Roland Bernhard', 'Lütolf', 'info@maler-stutz.ch', '041 318 60 60', 'Maler Stutz AG', 'Lindengartenweg 5, 6005 Luzern, Luzern'),
('98959bf9-b305-4680-838f-d4b995c718bc', 'Othmar', 'Suter', 'info@sutermalerbl.ch', '061 971 80 20', 'Maler Suter AG', 'Kürzeweg 2, 4455 Zunzgen, Basel-Land'),
('e1056dd1-b19c-4ec2-b10b-f94edb3b542b', 'Stefan', 'Tenner', 'maler-tenner@bluewin.ch', '081 936 62 37', 'Maler Tenner GmbH', 'Via Palius 5, 7165 Breil/Brigels, Graubünden'),
('f6e99ab8-607a-4563-a6ac-c104a0fe6bc4', 'Luigi', 'Thoma', 'malertoma@bluewin.ch', '078 633 66 66', 'Maler Toma', 'Feusisbergli 24, 8048 Zürich, Zürich'),
('e59fb838-23cf-46bc-baa6-906ccf672988', 'Andreas', 'Füglistaler', 'maler.trinkl@gmail.com', '079 710 57 70', 'Maler Trinkl Inh. A. Füglistaler', 'Zugerstrasse 22, 5620 Bremgarten, Aargau'),
('27260a85-de6e-4184-8b01-76ce305ae51c', 'Patrick', 'Trümpi', 'info@maler-truempi.ch', '079 421 52 94', 'Maler Trümpi', 'Oberdorf 9, 8718 Schänis, St. Gallen'),
('53ecfbf3-5268-4ec5-96dc-2b4a037fbda4', 'Erich', 'Weber', 'erich.weber@mgg.ch', '079 607 12 44', 'Maler- und Gipsergenossenschaft Biel', 'Solothurnstrasse 126a, 2504 Biel/Bienne, Bern'),
('ae42e5c0-6d28-43f0-af30-6660b4a0a05b', 'Alfons Paul', 'Kaufmann', 'info@kaufmanngmbh.ch', '061 861 18 34', 'Maler- und Gipsergeschäft Alfons P. Kaufmann GmbH', 'Albrechts-Platz 3, 4310 Rheinfelden, Aargau'),
('f1921c47-2efb-4208-a503-1f9d48b22c16', 'Markus', 'Galliker', 'info@matraag.ch', '061 683 09 30', 'Maler- und Gipsergeschäft Matra AG', 'Venedig-Strasse 31, 4142 Münchenstein, Basel-Land'),
('b6f7ca01-deae-4d5d-816b-8f78b8abb71c', 'Daniel', 'von Euw', 'info@maler-voneuw.ch', '079 155 82 02', 'Maler von Euw GmbH', 'Gätzlistrasse 5, 6440 Brunnen, Schwyz'),
('a6dfde1f-645f-48cc-96ec-3d4a30985d41', 'Parmela', 'Billeter', 'malerwagner@bluewin.ch', '055 244 44 43', 'Maler Wagner', 'Höhenstrasse 24, 8635 Dürnten, Zürich'),
('15c4befa-20bc-431e-967b-9593c343f0ed', 'Raphael', 'Walker', 'info@maler-walker.ch', '041 250 27 01', 'Maler Walker', 'Mattrain 6, 6014 Luzern, Luzern'),
('a8ab33a2-8af0-4077-95d2-6a6c06f7f2f1', 'Andi', 'Walser', 'info@walsermaler.ch', '079 681 60 76', 'Maler Walser AG', 'Segantinistrasse 5, 7000 Chur, Graubünden'),
('88a6cb68-1daf-4b12-931e-1f289aef2d2f', 'Irene', 'Mehr', 'info@maler-wangler.ch', '044 725 66 05', 'Maler Wangler Horgen GmbH', 'Gehrenstrasse 15, 8810 Horgen, Zürich'),
('6a2ecd0e-42eb-4070-8b13-e9b6752910bb', 'Roland', 'Waser', 'info@maler-waser-gmbh.ch', '079 292 78 53', 'Maler Waser GmbH', 'Lindenmatt 32, 6343 Rotkreuz, Zug'),
('68f202d2-1de2-4ed7-81e1-2ef053621c5a', 'Roland', 'Weber', 'info@malerweber.ch', '044 760 18 02', 'Maler Weber / Fassaden - Tapeten', 'Alte Schulhausstrasse 11, 8912 Obfelden, Zürich'),
('5207c36d-6c6b-48de-8b84-05c5212bfb49', 'Andreas', 'Wesemann', 'info@wesemannag.ch', '041 711 15 35', 'Maler Wesemann AG', 'Erlenstrasse 12a, 6300 Zug, Zug'),
('a1066a9c-8c6c-4e57-840f-aa48db12101d', 'Raphael', 'Wigger', 'info@woodtli-renovationen.ch', '079 903 56 04', 'Maler Wigger GmbH', 'Dorf 61, 6162 Entlebuch, Luzern'),
('06d55905-1037-4d4c-8a3a-0d767d68d5e4', 'Thomas', 'Wild', 'info@malerwild.ch', '062 892 31 77', 'Maler Wild GmbH', 'Lenzburgerstrasse 3, 5503 Schafisheim, Aargau'),
('c48e93e1-b7fc-4d89-9df4-730a08e8e583', 'Reto', 'Huber', 'info@maler-wind.ch', '056 200 85 85', 'Maler Wind Baden-Wettingen', 'Seminarstrasse 27, 5400 Baden, Aargau'),
('276695bf-36d0-48b8-b2e1-0c9376e6bb9a', 'Thomas', 'Winkler', 'info@malerwinkler.ch', '052 336 21 21', 'Maler Winkler GmbH', 'Römerstrasse 3, 8545 Rickenbach, Zürich'),
('d80b910b-aa1f-4103-9135-7271c27782b7', 'Ernst', 'Wipfli-Pfister', 'office@malerwipfli.ch', '044 340 10 30', 'Maler Wipfli GmbH', 'Riedhofstrasse 303, 8049 Zürich, Zürich');

INSERT INTO leads (id, contact_id, source, status, value, notes) VALUES
('0ae36f6d-4306-4d9d-a043-ef474afad353', '82e23474-0a05-450c-a7a1-18ff16e60016', 'KALTAKQUISE', 'ACTIVE', 0, 'Funktion: Geschäftsführer/in (CEO) | Mitarbeiter: 1 bis 10 | Branche: Boden- & Plattenleger'),
('155b81b9-729f-4826-9531-9d52619b91b1', '1c69eeeb-f8fe-4feb-b356-6af917a5b989', 'KALTAKQUISE', 'ACTIVE', 0, 'Funktion: Geschäftsführer/in (CEO) | Mitarbeiter: 1 bis 10 | Branche: Life-Science-Industrie | Rechtsform: Aktiengesellschaft'),
('40e6af91-a96f-4963-a5fe-f8078260aea9', '000f8966-1342-4f6c-b4ca-2a9a18aeca97', 'KALTAKQUISE', 'ACTIVE', 0, 'Funktion: Geschäftsführer/in (CEO) | Mitarbeiter: 1 bis 10 | Branche: Maler- & Gipsergeschäfte | Rechtsform: Einzelunternehmen'),
('df284f78-acba-4774-9b1b-3b3e2989de6f', 'd28276b0-ca18-4300-a6b5-a1fdaec7a09f', 'KALTAKQUISE', 'ACTIVE', 0, 'Funktion: Geschäftsführer/in (CEO) | Mitarbeiter: 1 bis 10 | Branche: Maler- & Gipsergeschäfte | Rechtsform: Gesellschaft mit beschränkter Haftung'),
('b950839a-df52-4e01-a00c-a8bac8d66d1f', '1c90ac9a-f615-4f27-86ff-1f4da4909e97', 'KALTAKQUISE', 'ACTIVE', 0, 'Funktion: Geschäftsführer/in (CEO) | Mitarbeiter: 1 bis 10 | Branche: Maler- & Gipsergeschäfte | Rechtsform: Einzelunternehmen'),
('4993d387-2140-46d0-8d15-460b9c168633', 'cd839e9c-8908-4613-a83f-bbf69f934798', 'KALTAKQUISE', 'ACTIVE', 0, 'Funktion: Geschäftsführer/in (CEO) | Mitarbeiter: 1 bis 10 | Branche: Maler- & Gipsergeschäfte | Rechtsform: Gesellschaft mit beschränkter Haftung'),
('53ddbb0b-4e05-4de7-a2b1-896220d0567d', '0b6a2bfc-32cd-43bb-b564-7c2e1e78f40c', 'KALTAKQUISE', 'ACTIVE', 0, 'Funktion: Geschäftsführer/in (CEO) | Mitarbeiter: 1 bis 10 | Branche: Maler- & Gipsergeschäfte'),
('eabcd484-4478-4b9d-80de-ab77f57c8aae', 'bbff3b8a-1d88-4c99-b27d-7a77247444f8', 'KALTAKQUISE', 'ACTIVE', 0, 'Funktion: Geschäftsführer/in (CEO) | Mitarbeiter: 1 bis 10 | Branche: Maler- & Gipsergeschäfte | Rechtsform: Gesellschaft mit beschränkter Haftung'),
('14e43485-8fd9-4335-943f-746f1d307a7b', '40ff1051-90b3-4edd-8ddc-75003862b69c', 'KALTAKQUISE', 'ACTIVE', 0, 'Funktion: Geschäftsführer/in (CEO) | Mitarbeiter: 1 bis 10 | Branche: Maler- & Gipsergeschäfte'),
('3a3183f6-60c4-4ebc-98f8-d70c000e0222', 'c8540435-0c9b-42de-8fb0-6989b59581f5', 'KALTAKQUISE', 'ACTIVE', 0, 'Funktion: Geschäftsführer/in (CEO) | Mitarbeiter: 1 bis 10 | Branche: Maler- & Gipsergeschäfte | Rechtsform: Gesellschaft mit beschränkter Haftung'),
('2fd66106-751f-497a-9fb5-be055ff5003b', '846c9a6d-ede4-4b63-8357-552059e37de7', 'KALTAKQUISE', 'ACTIVE', 0, 'Funktion: Geschäftsführer/in (CEO) | Mitarbeiter: 11 bis 20 | Branche: Maler- & Gipsergeschäfte'),
('7eae535c-1519-4f7c-853d-976385014a2e', '6d983935-fcd4-4997-a9fd-d41058fd16b3', 'KALTAKQUISE', 'ACTIVE', 0, 'Funktion: Geschäftsführer/in (CEO) | Mitarbeiter: 1 bis 10 | Branche: Maler- & Gipsergeschäfte | Rechtsform: Gesellschaft mit beschränkter Haftung'),
('cd84766a-d2c6-4826-9af4-3f3fa5bdba26', 'd7d8be4b-3053-4e58-9f8b-197039417573', 'KALTAKQUISE', 'ACTIVE', 0, 'Funktion: Geschäftsführer/in (CEO) | Mitarbeiter: 1 bis 10 | Branche: Maler- & Gipsergeschäfte | Rechtsform: Gesellschaft mit beschränkter Haftung'),
('3e9a0930-252e-4902-ba4c-501f01817f76', 'ced5c14b-35b7-4e63-9c25-5cd751d24fd6', 'KALTAKQUISE', 'ACTIVE', 0, 'Funktion: Geschäftsführer/in (CEO) | Mitarbeiter: 1 bis 10 | Branche: Maler- & Gipsergeschäfte | Rechtsform: Gesellschaft mit beschränkter Haftung'),
('f671b8f1-d651-43b4-a28b-c0adae862f3d', 'a272972d-968c-4f14-a83c-81efb0b3d7f8', 'KALTAKQUISE', 'ACTIVE', 0, 'Funktion: Geschäftsführer/in (CEO) | Mitarbeiter: 1 bis 10 | Branche: Maler- & Gipsergeschäfte | Rechtsform: Aktiengesellschaft'),
('12f55701-2122-497c-9781-3920703c9f04', '778167c5-edca-473b-b493-6c42dd8436fc', 'KALTAKQUISE', 'ACTIVE', 0, 'Funktion: Geschäftsführer/in (CEO) | Mitarbeiter: 1 bis 10 | Branche: Maler- & Gipsergeschäfte | Rechtsform: Gesellschaft mit beschränkter Haftung'),
('ac262a93-ef66-4022-8f53-5e5b366f94ae', '0351b9db-1a73-4a13-8032-06c253742bfd', 'KALTAKQUISE', 'ACTIVE', 0, 'Funktion: Geschäftsführer/in (CEO) | Mitarbeiter: 1 bis 10 | Branche: Maler- & Gipsergeschäfte | Rechtsform: Gesellschaft mit beschränkter Haftung'),
('2522910e-83e5-4b14-9a42-ff19f343c719', 'c21c21d3-ef20-4cf1-9f71-6b8ba04f0d68', 'KALTAKQUISE', 'ACTIVE', 0, 'Funktion: Geschäftsführer/in (CEO) | Mitarbeiter: 1 bis 10 | Branche: Maler- & Gipsergeschäfte | Rechtsform: Aktiengesellschaft'),
('9a28b955-ff4a-4371-8e14-50f106382bf9', '5c0c48a0-f8c0-4cfa-be1b-4b58764878f0', 'KALTAKQUISE', 'ACTIVE', 0, 'Funktion: Geschäftsführer/in (CEO) | Mitarbeiter: 11 bis 20 | Branche: Maler- & Gipsergeschäfte'),
('cbca5ae0-3f16-4937-8e10-fb969fcd6751', 'c7f557e8-6fe0-4e28-80ba-cd21ab8c88a2', 'KALTAKQUISE', 'ACTIVE', 0, 'Funktion: Geschäftsführer/in (CEO) | Mitarbeiter: 1 bis 10 | Branche: Maler- & Gipsergeschäfte | Rechtsform: Gesellschaft mit beschränkter Haftung'),
('ac119c6f-0f19-4275-8e29-820da92a74f4', '50e46a13-521f-4adb-ad00-f508eb85fe4e', 'KALTAKQUISE', 'ACTIVE', 0, 'Funktion: Geschäftsführer/in (CEO) | Mitarbeiter: 1 bis 10 | Branche: Maler- & Gipsergeschäfte | Rechtsform: Gesellschaft mit beschränkter Haftung'),
('93bf19b5-b266-4da0-8885-95abce588959', '677d0ddb-1dc0-4a65-a012-ed5cae4f179b', 'KALTAKQUISE', 'ACTIVE', 0, 'Funktion: Geschäftsführer/in (CEO) | Mitarbeiter: 1 bis 10 | Branche: Maler- & Gipsergeschäfte | Rechtsform: Aktiengesellschaft'),
('9a60bcd9-6c90-4f46-9f06-00398beaeee8', '6e305344-b848-4859-87c6-214bd3ff2065', 'KALTAKQUISE', 'ACTIVE', 0, 'Funktion: Geschäftsführer/in (CEO) | Mitarbeiter: 1 bis 10 | Branche: Maler- & Gipsergeschäfte | Rechtsform: Einzelunternehmen'),
('fc872961-7f78-4340-be47-a97c51ff6b55', '258fe992-6bd0-4696-bec7-80f91840b251', 'KALTAKQUISE', 'ACTIVE', 0, 'Funktion: Geschäftsführer/in (CEO) | Mitarbeiter: 1 bis 10 | Branche: Maler- & Gipsergeschäfte | Rechtsform: Einzelunternehmen'),
('c8e83196-62e0-444b-8e4b-f747c7da5efc', '6c45fad2-bfce-41c6-9bf6-9102837bc41e', 'KALTAKQUISE', 'ACTIVE', 0, 'Funktion: Geschäftsführer/in (CEO) | Mitarbeiter: 1 bis 10 | Branche: Maler- & Gipsergeschäfte | Rechtsform: Einzelunternehmen'),
('26df03ac-b90d-4eec-8740-8154e6e81667', '25d73b31-b770-4a1f-93fc-c718bb4fb866', 'KALTAKQUISE', 'ACTIVE', 0, 'Funktion: Geschäftsführer/in (CEO) | Mitarbeiter: 1 bis 10 | Branche: Maler- & Gipsergeschäfte | Rechtsform: Gesellschaft mit beschränkter Haftung'),
('131347f5-9f46-494e-80c4-77a1365f7020', '2e731933-d155-48db-986d-0ba89eed3676', 'KALTAKQUISE', 'ACTIVE', 0, 'Funktion: Geschäftsführer/in (CEO) | Mitarbeiter: 1 bis 10 | Branche: Maler- & Gipsergeschäfte | Rechtsform: Aktiengesellschaft'),
('ea32b9e1-66cc-4f26-8ee9-e69e0e673f3f', 'cac7d813-60f8-458b-a031-78c806c02040', 'KALTAKQUISE', 'ACTIVE', 0, 'Funktion: Geschäftsführer/in (CEO) | Mitarbeiter: 1 bis 10 | Branche: Maler- & Gipsergeschäfte | Rechtsform: Gesellschaft mit beschränkter Haftung'),
('8e729c96-04f0-45ec-ba2d-2f6f8d42bfc8', 'b41e3eb1-6484-4f54-8dfe-cf6eaed69b19', 'KALTAKQUISE', 'ACTIVE', 0, 'Funktion: Geschäftsführer/in (CEO) | Mitarbeiter: 1 bis 10 | Branche: Maler- & Gipsergeschäfte'),
('44ca8553-bdc4-4e41-921e-dc6147fecc3f', '31b1a3db-88ae-4dac-a76b-6dfa40a3ba1b', 'KALTAKQUISE', 'ACTIVE', 0, 'Funktion: Geschäftsführer/in (CEO) | Mitarbeiter: 1 bis 10 | Branche: Maler- & Gipsergeschäfte'),
('d018088e-a592-4396-bd01-3aff8dd9e774', '2b6d1f96-9401-4aa8-a8a8-070964d6cedb', 'KALTAKQUISE', 'ACTIVE', 0, 'Funktion: Geschäftsführer/in (CEO) | Mitarbeiter: 1 bis 10 | Branche: Maler- & Gipsergeschäfte'),
('05a964d9-ef49-4042-97c9-587d954b5d88', '9cd4d253-19ab-4a3d-851f-c603f5795e18', 'KALTAKQUISE', 'ACTIVE', 0, 'Funktion: Geschäftsführer/in (CEO) | Mitarbeiter: 1 bis 10 | Branche: Maler- & Gipsergeschäfte'),
('b0f1d822-55b5-4b67-bfdf-5344bee1e930', '75553613-e8c3-47b0-9705-367730140b2c', 'KALTAKQUISE', 'ACTIVE', 0, 'Funktion: Geschäftsführer/in (CEO) | Mitarbeiter: 1 bis 10 | Branche: Maler- & Gipsergeschäfte | Rechtsform: Kollektivgesellschaft'),
('c385b467-63b6-4173-83f7-1020f15f919f', 'e4640985-c4ca-4a56-a2a3-40c8806b22e3', 'KALTAKQUISE', 'ACTIVE', 0, 'Funktion: Geschäftsführer/in (CEO) | Mitarbeiter: 1 bis 10 | Branche: Maler- & Gipsergeschäfte | Rechtsform: Gesellschaft mit beschränkter Haftung'),
('e6fc4faa-4b41-4e47-94c3-7bf873f29390', '984f0e08-77a4-4518-9675-84a0201bf43b', 'KALTAKQUISE', 'ACTIVE', 0, 'Funktion: Geschäftsführer/in (CEO) | Mitarbeiter: 1 bis 10 | Branche: Maler- & Gipsergeschäfte'),
('341695b0-7c25-43e0-9b7a-f7b32d78a8e1', '87f3c5d1-ffe6-4fd0-98c1-61ef0e61586d', 'KALTAKQUISE', 'ACTIVE', 0, 'Funktion: Geschäftsführer/in (CEO) | Mitarbeiter: 1 bis 10 | Branche: Maler- & Gipsergeschäfte'),
('94287e8d-3ac7-4829-ba5a-cb506fc78d21', 'e1a33587-2fce-488c-b1e5-20092ceedf99', 'KALTAKQUISE', 'ACTIVE', 0, 'Funktion: Geschäftsführer/in (CEO) | Mitarbeiter: 1 bis 10 | Branche: Maler- & Gipsergeschäfte'),
('a2884659-4491-432d-af38-b6fa3fb936bc', '75b0f631-c71a-49f9-bd63-46a36ec2c421', 'KALTAKQUISE', 'ACTIVE', 0, 'Funktion: Geschäftsführer/in (CEO) | Mitarbeiter: 1 bis 10 | Branche: Maler- & Gipsergeschäfte | Rechtsform: Gesellschaft mit beschränkter Haftung'),
('00e82206-7a4a-4c69-b669-5ec10579ab61', '3777c250-ced0-4e55-93ca-ef8fb171e65b', 'KALTAKQUISE', 'ACTIVE', 0, 'Funktion: Geschäftsführer/in (CEO) | Mitarbeiter: 1 bis 10 | Branche: Maler- & Gipsergeschäfte | Rechtsform: Gesellschaft mit beschränkter Haftung'),
('466c9e72-dbf4-48d8-b65a-963bbebc917e', '523b04dc-b77f-4ba2-90f7-0f9004a9b914', 'KALTAKQUISE', 'ACTIVE', 0, 'Funktion: Geschäftsführer/in (CEO) | Mitarbeiter: 1 bis 10 | Branche: Maler- & Gipsergeschäfte | Rechtsform: Einzelunternehmen'),
('dfbd23dc-f499-48bf-bd26-080b4fac86df', '6f9044a9-7025-44e1-994c-15502a358367', 'KALTAKQUISE', 'ACTIVE', 0, 'Funktion: Geschäftsführer/in (CEO) | Mitarbeiter: 1 bis 10 | Branche: Maler- & Gipsergeschäfte'),
('6e0744e3-069c-41e4-95a0-a59fb90e1567', 'ae9204dc-3fdc-447e-9c6d-13ac2413590a', 'KALTAKQUISE', 'ACTIVE', 0, 'Funktion: Geschäftsführer/in (CEO) | Mitarbeiter: 1 bis 10 | Branche: Maler- & Gipsergeschäfte'),
('eee20f18-6a6f-4d11-9fca-07d1cdbac891', '5b66287e-e411-4000-81fa-16de58671dd0', 'KALTAKQUISE', 'ACTIVE', 0, 'Funktion: Geschäftsführer/in (CEO) | Mitarbeiter: 1 bis 10 | Branche: Maler- & Gipsergeschäfte | Rechtsform: Gesellschaft mit beschränkter Haftung'),
('0927d88c-171d-4293-880a-1618d86a0995', 'fe58744d-f72e-48a5-98eb-53d80fbc2863', 'KALTAKQUISE', 'ACTIVE', 0, 'Funktion: Geschäftsführer/in (CEO) | Mitarbeiter: 1 bis 10 | Branche: Maler- & Gipsergeschäfte | Rechtsform: Gesellschaft mit beschränkter Haftung'),
('35bf372b-9260-4485-97d4-c26852723e34', 'bdc30a29-47c6-456b-9da1-35543afba0ef', 'KALTAKQUISE', 'ACTIVE', 0, 'Funktion: Geschäftsführer/in (CEO) | Mitarbeiter: 1 bis 10 | Branche: Maler- & Gipsergeschäfte'),
('d747ff05-8845-47bd-8614-8f4fc2d83f47', 'bad78c14-49e5-43ac-ba94-76e8ee98e91e', 'KALTAKQUISE', 'ACTIVE', 0, 'Funktion: Geschäftsführer/in (CEO) | Mitarbeiter: 1 bis 10 | Branche: Maler- & Gipsergeschäfte | Rechtsform: Einzelunternehmen'),
('6c79d51f-0c5a-45f2-b60d-2d5ff416b723', '886e5424-8457-49f6-9509-d73e7ef2cbe5', 'KALTAKQUISE', 'ACTIVE', 0, 'Funktion: Geschäftsführer/in (CEO) | Mitarbeiter: 1 bis 10 | Branche: Maler- & Gipsergeschäfte | Rechtsform: Gesellschaft mit beschränkter Haftung'),
('9999c676-6148-4a7e-a4a4-c90e021ca513', 'ca2a3935-39ab-4375-aa13-36ee64d3ab2e', 'KALTAKQUISE', 'ACTIVE', 0, 'Funktion: Geschäftsführer/in (CEO) | Mitarbeiter: 1 bis 10 | Branche: Maler- & Gipsergeschäfte | Rechtsform: Gesellschaft mit beschränkter Haftung'),
('34d20726-9f29-4e00-8fc3-6eb3124bb9f2', '4914dc0a-6eb1-4e7b-8932-8825580d0e9a', 'KALTAKQUISE', 'ACTIVE', 0, 'Funktion: Geschäftsführer/in (CEO) | Mitarbeiter: 1 bis 10 | Branche: Maler- & Gipsergeschäfte | Rechtsform: Gesellschaft mit beschränkter Haftung'),
('a9d585ee-2dfa-4466-99d3-5c48d102a43e', '2550d770-5227-4587-8271-2bff3ac02c1a', 'KALTAKQUISE', 'ACTIVE', 0, 'Funktion: Geschäftsführer/in (CEO) | Mitarbeiter: 1 bis 10 | Branche: Maler- & Gipsergeschäfte | Rechtsform: Einzelunternehmen'),
('e2c6c882-b49e-4260-b312-7a5005d1bbb4', 'a0f71e9b-ad89-424a-b069-5dcaf29bd818', 'KALTAKQUISE', 'ACTIVE', 0, 'Funktion: Geschäftsführer/in (CEO) | Mitarbeiter: 1 bis 10 | Branche: Maler- & Gipsergeschäfte | Rechtsform: Aktiengesellschaft'),
('d7528844-cfde-4e2a-bc84-f63478d10743', 'f487a8fb-f7b9-40b4-950d-727be24e3728', 'KALTAKQUISE', 'ACTIVE', 0, 'Funktion: Geschäftsführer/in (CEO) | Mitarbeiter: 1 bis 10 | Branche: Maler- & Gipsergeschäfte | Rechtsform: Gesellschaft mit beschränkter Haftung'),
('656a889b-47cd-4590-a73a-48a77458a296', 'bc60de99-3d74-49df-9f24-c8c512d01601', 'KALTAKQUISE', 'ACTIVE', 0, 'Funktion: Geschäftsführer/in (CEO) | Mitarbeiter: 11 bis 20 | Branche: Maler- & Gipsergeschäfte | Rechtsform: Aktiengesellschaft'),
('55d0163b-481e-4e38-9a33-ff317ad61e6d', '5ea43f12-a1c3-48b1-91c9-4c6d8ac40515', 'KALTAKQUISE', 'ACTIVE', 0, 'Funktion: Geschäftsführer/in (CEO) | Mitarbeiter: 1 bis 10 | Branche: Maler- & Gipsergeschäfte | Rechtsform: Einzelunternehmen'),
('477d74cb-1c58-49fc-a095-e6c81c2cf5b3', '885d8d6e-4253-43ee-b227-c2dfa09b2032', 'KALTAKQUISE', 'ACTIVE', 0, 'Funktion: Geschäftsführer/in (CEO) | Mitarbeiter: 11 bis 20 | Branche: Maler- & Gipsergeschäfte'),
('0f8d6af0-4164-4416-b196-2235cc65e4f9', '3aabe99c-c03b-43fc-bebd-5a36a5c0c165', 'KALTAKQUISE', 'ACTIVE', 0, 'Funktion: Geschäftsführer/in (CEO) | Mitarbeiter: 1 bis 10 | Branche: Maler- & Gipsergeschäfte | Rechtsform: Einzelunternehmen'),
('efb99b3a-fb1b-400f-9223-1aefcd18a813', 'bc084af3-daca-4670-b1aa-32102f191474', 'KALTAKQUISE', 'ACTIVE', 0, 'Funktion: Geschäftsführer/in (CEO) | Mitarbeiter: 1 bis 10 | Branche: Maler- & Gipsergeschäfte | Rechtsform: Gesellschaft mit beschränkter Haftung'),
('b135c851-aae9-4e69-a80e-5da05448bae4', '70e4f272-c186-4c8f-839f-ac65e5e2fb7b', 'KALTAKQUISE', 'ACTIVE', 0, 'Funktion: Geschäftsführer/in (CEO) | Mitarbeiter: 1 bis 10 | Branche: Maler- & Gipsergeschäfte | Rechtsform: Gesellschaft mit beschränkter Haftung'),
('91a1dfa1-2d06-4114-bdef-7ac9e2d4b759', '3da6a439-8d28-48b1-9aea-ebb6ad11d5ca', 'KALTAKQUISE', 'ACTIVE', 0, 'Funktion: Geschäftsführer/in (CEO) | Mitarbeiter: 1 bis 10 | Branche: Maler- & Gipsergeschäfte | Rechtsform: Gesellschaft mit beschränkter Haftung'),
('c6829b0b-e9c3-4d75-8ea2-58e0c19f62af', 'a809625b-cac2-48c5-8c60-504bb07f38b0', 'KALTAKQUISE', 'ACTIVE', 0, 'Funktion: Geschäftsführer/in (CEO) | Mitarbeiter: 1 bis 10 | Branche: Maler- & Gipsergeschäfte | Rechtsform: Einzelunternehmen'),
('71b59a26-e939-453b-8549-3633961128ba', '753fa567-4d11-4618-8b0b-d5c9fc9c8486', 'KALTAKQUISE', 'ACTIVE', 0, 'Funktion: Geschäftsführer/in (CEO) | Mitarbeiter: 1 bis 10 | Branche: Maler- & Gipsergeschäfte'),
('d66b35ab-f407-4a26-a606-1cd06a13c7bc', '77509d62-926b-471d-8d61-351449f06290', 'KALTAKQUISE', 'ACTIVE', 0, 'Funktion: Geschäftsführer/in (CEO) | Mitarbeiter: 1 bis 10 | Branche: Maler- & Gipsergeschäfte | Rechtsform: Aktiengesellschaft'),
('35c09a98-bf43-4764-834c-cf1112c9f48d', '3ed3650d-9905-476a-9d41-0d88c8a1f4f2', 'KALTAKQUISE', 'ACTIVE', 0, 'Funktion: Geschäftsführer/in (CEO) | Mitarbeiter: 1 bis 10 | Branche: Maler- & Gipsergeschäfte | Rechtsform: Gesellschaft mit beschränkter Haftung'),
('3154b4f6-0b8d-430c-b9e2-d8753e4bd280', '7d1bff8e-5828-45be-83c2-cb55e1710a17', 'KALTAKQUISE', 'ACTIVE', 0, 'Funktion: Geschäftsführer/in (CEO) | Mitarbeiter: 1 bis 10 | Branche: Maler- & Gipsergeschäfte | Rechtsform: Einzelunternehmen'),
('2160aeed-9e68-4b39-8b1a-04a9503fb9e3', 'a5f6a1a1-1396-483f-b1c2-dd983ff5f193', 'KALTAKQUISE', 'ACTIVE', 0, 'Funktion: Geschäftsführer/in (CEO) | Mitarbeiter: 1 bis 10 | Branche: Maler- & Gipsergeschäfte | Rechtsform: Gesellschaft mit beschränkter Haftung'),
('f60eaeae-b4d1-4cad-a8cf-1cc31a1b08dd', '8ca648da-7587-46d2-b035-4f9119e63bb2', 'KALTAKQUISE', 'ACTIVE', 0, 'Funktion: Geschäftsführer/in (CEO) | Mitarbeiter: 1 bis 10 | Branche: Maler- & Gipsergeschäfte | Rechtsform: Einzelunternehmen'),
('1fb97f04-a6cd-452a-a003-bb9a3bf25ec2', 'cf4c7734-6149-4f08-ac88-f5d6660f20d5', 'KALTAKQUISE', 'ACTIVE', 0, 'Funktion: Geschäftsführer/in (CEO) | Mitarbeiter: 1 bis 10 | Branche: Maler- & Gipsergeschäfte | Rechtsform: Gesellschaft mit beschränkter Haftung'),
('f411b234-e753-407b-8aaf-07ce7641cba6', '10a64ee9-40cb-499b-a682-572fc8733c4f', 'KALTAKQUISE', 'ACTIVE', 0, 'Funktion: Geschäftsführer/in (CEO) | Mitarbeiter: 11 bis 20 | Branche: Maler- & Gipsergeschäfte | Rechtsform: Gesellschaft mit beschränkter Haftung'),
('927e1891-4d49-4d2b-b705-ed3230f18a10', '8ec16183-989d-47f1-9589-73e6812a30b5', 'KALTAKQUISE', 'ACTIVE', 0, 'Funktion: Geschäftsführer/in (CEO) | Mitarbeiter: 1 bis 10 | Branche: Maler- & Gipsergeschäfte | Rechtsform: Aktiengesellschaft'),
('385b7607-dd84-434d-aab1-7dbd9fa5758d', '0f5636ad-eace-4367-b240-1fd38f5c837d', 'KALTAKQUISE', 'ACTIVE', 0, 'Funktion: Geschäftsführer/in (CEO) | Mitarbeiter: 1 bis 10 | Branche: Maler- & Gipsergeschäfte'),
('0b04d5eb-36be-4de5-a7eb-96de218cbdd0', 'ea7b94fa-b0ed-4f1f-bad7-12f07d1c7ddd', 'KALTAKQUISE', 'ACTIVE', 0, 'Funktion: Geschäftsführer/in (CEO) | Mitarbeiter: 1 bis 10 | Branche: Maler- & Gipsergeschäfte | Rechtsform: Aktiengesellschaft'),
('0fdd408e-0a17-4852-a7e1-6de2fa5476b7', '8fa6052c-face-4b7b-bb4f-f53dc22ae9e3', 'KALTAKQUISE', 'ACTIVE', 0, 'Funktion: Geschäftsführer/in (CEO) | Mitarbeiter: 1 bis 10 | Branche: Maler- & Gipsergeschäfte | Rechtsform: Gesellschaft mit beschränkter Haftung'),
('fecff68e-bc70-42c1-bfdc-628ba2414b8f', '172a3612-7a52-464e-a3ea-6ecd0ee46c54', 'KALTAKQUISE', 'ACTIVE', 0, 'Funktion: Geschäftsführer/in (CEO) | Mitarbeiter: 1 bis 10 | Branche: Maler- & Gipsergeschäfte | Rechtsform: Aktiengesellschaft'),
('51070ea8-39c7-416b-96c9-58d9e0ae9e36', '7fd563c0-8793-4d17-b70b-6d40a75c3b03', 'KALTAKQUISE', 'ACTIVE', 0, 'Funktion: Geschäftsführer/in (CEO) | Mitarbeiter: 1 bis 10 | Branche: Maler- & Gipsergeschäfte'),
('448c6951-3c5b-4f2c-a24a-aa32c551c6af', '7843b91c-f6fe-4f3e-836a-a8a7c01c886b', 'KALTAKQUISE', 'ACTIVE', 0, 'Funktion: Geschäftsführer/in (CEO) | Mitarbeiter: 1 bis 10 | Branche: Maler- & Gipsergeschäfte | Rechtsform: Gesellschaft mit beschränkter Haftung'),
('6f540dad-d9de-4b59-95d1-94200317b7b2', '70719059-59ee-438f-96a9-804e519c8c81', 'KALTAKQUISE', 'ACTIVE', 0, 'Funktion: Geschäftsführer/in (CEO) | Mitarbeiter: 1 bis 10 | Branche: Maler- & Gipsergeschäfte | Rechtsform: Aktiengesellschaft'),
('ff262d09-94d2-4dc0-b328-60880d4f1c49', '9b548f83-1fdb-432e-8038-254749a3897c', 'KALTAKQUISE', 'ACTIVE', 0, 'Funktion: Geschäftsführer/in (CEO) | Mitarbeiter: 1 bis 10 | Branche: Maler- & Gipsergeschäfte | Rechtsform: Gesellschaft mit beschränkter Haftung'),
('2fe493ef-a307-4403-8f0f-ad11d688c4b6', '558b0103-a1f6-48f8-a5db-2b0200d4ff89', 'KALTAKQUISE', 'ACTIVE', 0, 'Funktion: Geschäftsführer/in (CEO) | Mitarbeiter: 1 bis 10 | Branche: Maler- & Gipsergeschäfte'),
('e7b0e948-b7e9-4c94-86bb-03b845037ec4', '2a61a7ac-4451-4952-aa4c-5e8df10113fd', 'KALTAKQUISE', 'ACTIVE', 0, 'Funktion: Geschäftsführer/in (CEO) | Mitarbeiter: 1 bis 10 | Branche: Maler- & Gipsergeschäfte'),
('60be57b1-8226-405a-87f3-2cbb87049818', '0a41655f-15d2-45be-8c58-276b6cddfaff', 'KALTAKQUISE', 'ACTIVE', 0, 'Funktion: Geschäftsführer/in (CEO) | Mitarbeiter: 1 bis 10 | Branche: Chemieindustrie | Rechtsform: Gesellschaft mit beschränkter Haftung'),
('ae63afb9-d2dc-43c2-b137-2d6749053a36', 'f9f6d1d6-13a1-4abe-bad8-91a7d9abaac4', 'KALTAKQUISE', 'ACTIVE', 0, 'Funktion: Geschäftsführer/in (CEO) | Mitarbeiter: 11 bis 20 | Branche: Maler- & Gipsergeschäfte'),
('4e78fd04-3a84-4c1a-aef4-2695c5d24ccf', '3cee8aad-c4db-43de-a004-c0b45544f020', 'KALTAKQUISE', 'ACTIVE', 0, 'Funktion: Geschäftsführer/in (CEO) | Mitarbeiter: 1 bis 10 | Branche: Maler- & Gipsergeschäfte | Rechtsform: Gesellschaft mit beschränkter Haftung'),
('460ad5d7-cd2e-43ac-b3a2-78887932cfa3', '838f0bd5-607d-46ba-84e0-8d93155489ec', 'KALTAKQUISE', 'ACTIVE', 0, 'Funktion: Geschäftsführer/in (CEO) | Mitarbeiter: 1 bis 10 | Branche: Maler- & Gipsergeschäfte'),
('d25cc1da-0f33-4e55-ac5c-1eb33a7bfc0c', 'b87abf29-cc5b-4a95-9570-8fc9cbef208f', 'KALTAKQUISE', 'ACTIVE', 0, 'Funktion: Geschäftsführer/in (CEO) | Mitarbeiter: 1 bis 10 | Branche: Maler- & Gipsergeschäfte | Rechtsform: Gesellschaft mit beschränkter Haftung'),
('d8430d4b-38f6-4f08-a3bd-511a916513c0', '73348d76-990f-4a42-81a1-5af26263a52b', 'KALTAKQUISE', 'ACTIVE', 0, 'Funktion: Geschäftsführer/in (CEO) | Mitarbeiter: 1 bis 10 | Branche: Maler- & Gipsergeschäfte | Rechtsform: Aktiengesellschaft'),
('992d0493-d108-4e1b-b92d-13869681b183', '860ecdc3-a9cf-441a-b766-1fa15c2863eb', 'KALTAKQUISE', 'ACTIVE', 0, 'Funktion: Geschäftsführer/in (CEO) | Mitarbeiter: 1 bis 10 | Branche: Maler- & Gipsergeschäfte | Rechtsform: Einzelunternehmen'),
('c662a5c3-861c-4a2f-85aa-cd1ff797ac6a', 'd2ba8640-567a-46a1-8797-d164bd24818a', 'KALTAKQUISE', 'ACTIVE', 0, 'Funktion: Geschäftsführer/in (CEO) | Mitarbeiter: 1 bis 10 | Branche: Maler- & Gipsergeschäfte | Rechtsform: Gesellschaft mit beschränkter Haftung'),
('e6140659-5503-4924-aade-0cb595b331ce', '504935c4-1d79-401c-a568-7155a177f6bf', 'KALTAKQUISE', 'ACTIVE', 0, 'Funktion: Geschäftsführer/in (CEO) | Mitarbeiter: 1 bis 10 | Branche: Maler- & Gipsergeschäfte'),
('12b507dd-dbb7-4964-9448-b2e243c408f3', '72ec5454-4c76-42f3-8b4b-51528280508c', 'KALTAKQUISE', 'ACTIVE', 0, 'Funktion: Geschäftsführer/in (CEO) | Mitarbeiter: 1 bis 10 | Branche: Maler- & Gipsergeschäfte | Rechtsform: Gesellschaft mit beschränkter Haftung'),
('01de0551-bcc0-49bb-9685-28cf2684686c', '8a99051a-fd05-4fec-a3b8-b2d3df2c8a25', 'KALTAKQUISE', 'ACTIVE', 0, 'Funktion: Geschäftsführer/in (CEO) | Mitarbeiter: 1 bis 10 | Branche: Maler- & Gipsergeschäfte | Rechtsform: Aktiengesellschaft'),
('8c6c0a25-4904-4d8d-9cf2-6255f94be858', '587bf724-515d-4ea7-ac4d-432d84b489dd', 'KALTAKQUISE', 'ACTIVE', 0, 'Funktion: Geschäftsführer/in (CEO) | Mitarbeiter: 1 bis 10 | Branche: Maler- & Gipsergeschäfte | Rechtsform: Aktiengesellschaft'),
('cab0322a-8375-46b9-bda8-20cae1690f23', 'd14f5a9c-20e0-4cdb-af1b-e135739f801e', 'KALTAKQUISE', 'ACTIVE', 0, 'Funktion: Geschäftsführer/in (CEO) | Mitarbeiter: 1 bis 10 | Branche: Maler- & Gipsergeschäfte | Rechtsform: Aktiengesellschaft'),
('f3ff0618-60c1-498f-9bac-c64470d549aa', '867e23fa-cd8b-4aa3-bfc1-1ee399b6d102', 'KALTAKQUISE', 'ACTIVE', 0, 'Funktion: Geschäftsführer/in (CEO) | Mitarbeiter: 1 bis 10 | Branche: Maler- & Gipsergeschäfte | Rechtsform: Aktiengesellschaft'),
('5e97e704-b918-4129-a462-780b70ed3137', '33da34db-4153-41ec-86a5-50b39e916228', 'KALTAKQUISE', 'ACTIVE', 0, 'Funktion: Geschäftsführer/in (CEO) | Mitarbeiter: 1 bis 10 | Branche: Maler- & Gipsergeschäfte'),
('fcd0cfed-1dd0-44cb-b9c8-ab4dc69109ca', '13ea30e4-833e-481a-8574-e0d0a14f94fa', 'KALTAKQUISE', 'ACTIVE', 0, 'Funktion: Geschäftsführer/in (CEO) | Mitarbeiter: 1 bis 10 | Branche: Maler- & Gipsergeschäfte | Rechtsform: Schweizerische Zweigniederlassung'),
('245dbddc-46ae-49cc-9627-2dfdf7f330f2', '7027f356-a9c7-4da5-baa6-d52b575e9ba5', 'KALTAKQUISE', 'ACTIVE', 0, 'Funktion: Geschäftsführer/in (CEO) | Mitarbeiter: 1 bis 10 | Branche: Maler- & Gipsergeschäfte | Rechtsform: Gesellschaft mit beschränkter Haftung'),
('fa915298-b9c3-4745-8d15-ca7c22dcffcb', 'b4bcd825-2061-45bc-8cf8-aa93ed1bfcca', 'KALTAKQUISE', 'ACTIVE', 0, 'Funktion: Geschäftsführer/in (CEO) | Mitarbeiter: 1 bis 10 | Branche: Maler- & Gipsergeschäfte | Rechtsform: Aktiengesellschaft'),
('43cb2858-1e5b-419d-9b0e-d6297872e781', 'e5e207dc-80be-45fe-9fb6-2b91a6837674', 'KALTAKQUISE', 'ACTIVE', 0, 'Funktion: Geschäftsführer/in (CEO) | Mitarbeiter: 1 bis 10 | Branche: Maler- & Gipsergeschäfte | Rechtsform: Gesellschaft mit beschränkter Haftung'),
('c3072c68-a016-4889-92a5-49a611393366', '3b7c95f4-d2c9-4277-ba45-a89a776c5cd5', 'KALTAKQUISE', 'ACTIVE', 0, 'Funktion: Geschäftsführer/in (CEO) | Mitarbeiter: 1 bis 10 | Branche: Maler- & Gipsergeschäfte | Rechtsform: Gesellschaft mit beschränkter Haftung'),
('a4dba850-9754-4573-ae95-64970d8b8973', 'ef164c0f-f9b3-4b78-b07e-a5878c171e67', 'KALTAKQUISE', 'ACTIVE', 0, 'Funktion: Geschäftsführer/in (CEO) | Mitarbeiter: 1 bis 10 | Branche: Maler- & Gipsergeschäfte'),
('9a293968-1de0-4fc6-bc35-f4a9a4f3f366', '124c1c31-6ec0-4523-bdc1-73a37d52e62e', 'KALTAKQUISE', 'ACTIVE', 0, 'Funktion: Geschäftsführer/in (CEO) | Mitarbeiter: 1 bis 10 | Branche: Maler- & Gipsergeschäfte | Rechtsform: Einzelunternehmen'),
('f5bb0896-a60f-44c1-a802-cf9940cacff7', 'fdc7c257-f8c1-49f8-915b-a5346d73d700', 'KALTAKQUISE', 'ACTIVE', 0, 'Funktion: Geschäftsführer/in (CEO) | Mitarbeiter: 1 bis 10 | Branche: Maler- & Gipsergeschäfte | Rechtsform: Aktiengesellschaft'),
('81fa5c58-27bf-4498-b581-b1fb8ccdb508', '35b4f2bc-3b86-4a76-9f25-066364d24b85', 'KALTAKQUISE', 'ACTIVE', 0, 'Funktion: Geschäftsführer/in (CEO) | Mitarbeiter: 1 bis 10 | Branche: Maler- & Gipsergeschäfte'),
('39e63903-485d-4a18-b367-3291da9ecdb1', '6882a819-cdc8-403c-9072-41e5e94ab14c', 'KALTAKQUISE', 'ACTIVE', 0, 'Funktion: Geschäftsführer/in (CEO) | Mitarbeiter: 1 bis 10 | Branche: Maler- & Gipsergeschäfte | Rechtsform: Gesellschaft mit beschränkter Haftung'),
('dd47641a-4597-4839-a211-70dcdc0711c9', 'f9af823d-296e-46fa-a20b-4aaec80e21e3', 'KALTAKQUISE', 'ACTIVE', 0, 'Funktion: Geschäftsführer/in (CEO) | Mitarbeiter: 1 bis 10 | Branche: Maler- & Gipsergeschäfte | Rechtsform: Aktiengesellschaft'),
('aea126cb-3fd8-4f6f-a05b-79e9fbec9bfc', 'b46c9738-ebaf-47cc-a6c9-296716bd3289', 'KALTAKQUISE', 'ACTIVE', 0, 'Funktion: Geschäftsführer/in (CEO) | Mitarbeiter: 1 bis 10 | Branche: Maler- & Gipsergeschäfte | Rechtsform: Aktiengesellschaft'),
('fd3198df-5832-4bcd-9118-bb770e959c59', 'ea426da9-a375-4158-8282-0bf73d2ca8b1', 'KALTAKQUISE', 'ACTIVE', 0, 'Funktion: Geschäftsführer/in (CEO) | Mitarbeiter: 1 bis 10 | Branche: Maler- & Gipsergeschäfte'),
('1a7cb35b-6a62-4ee7-a534-f1da324ddefb', 'b63b1757-56d4-4b46-95bc-9c6848ccfcf7', 'KALTAKQUISE', 'ACTIVE', 0, 'Funktion: Geschäftsführer/in (CEO) | Mitarbeiter: 1 bis 10 | Branche: Maler- & Gipsergeschäfte | Rechtsform: Gesellschaft mit beschränkter Haftung'),
('9b813800-eecf-4a90-ad56-a0c68cfc5670', '0c260e99-764e-4402-a22c-6e46ec9ae5c4', 'KALTAKQUISE', 'ACTIVE', 0, 'Funktion: Geschäftsführer/in (CEO) | Mitarbeiter: 1 bis 10 | Branche: Maler- & Gipsergeschäfte | Rechtsform: Gesellschaft mit beschränkter Haftung'),
('230b4d6b-0683-4961-afbb-9f89a6650408', '21142f91-6522-4083-9a04-7c8b1b9fba6b', 'KALTAKQUISE', 'ACTIVE', 0, 'Funktion: Geschäftsführer/in (CEO) | Mitarbeiter: 1 bis 10 | Branche: Maler- & Gipsergeschäfte | Rechtsform: Aktiengesellschaft'),
('ff61aae0-e5e5-404b-b80f-2917810df520', 'fb87e0ef-d767-4fdc-bfa1-d819885a1a9c', 'KALTAKQUISE', 'ACTIVE', 0, 'Funktion: Geschäftsführer/in (CEO) | Mitarbeiter: 11 bis 20 | Branche: Maler- & Gipsergeschäfte | Rechtsform: Aktiengesellschaft'),
('b8eadd15-dc7c-4b23-92dd-f5bdb76a70c4', 'c3c0968b-28d0-4052-82a8-1287e48d7879', 'KALTAKQUISE', 'ACTIVE', 0, 'Funktion: Geschäftsführer/in (CEO) | Mitarbeiter: 1 bis 10 | Branche: Maler- & Gipsergeschäfte | Rechtsform: Gesellschaft mit beschränkter Haftung'),
('f3463f08-2de0-4274-9c7e-e10d41284a3a', '87bb0eab-a747-47f9-9464-18b6569b5840', 'KALTAKQUISE', 'ACTIVE', 0, 'Funktion: Geschäftsführer/in (CEO) | Mitarbeiter: 1 bis 10 | Branche: Maler- & Gipsergeschäfte'),
('c882d19b-f8f5-4d6e-b19f-0ef9138e05ab', '1558c44b-b51f-47a0-a56e-53d5c428145d', 'KALTAKQUISE', 'ACTIVE', 0, 'Funktion: Geschäftsführer/in (CEO) | Mitarbeiter: 1 bis 10 | Branche: Maler- & Gipsergeschäfte'),
('25b81769-4939-4212-a06a-3a6844bdf6a4', 'f7994ba3-d3af-43f3-879b-c96a73b81552', 'KALTAKQUISE', 'ACTIVE', 0, 'Funktion: Geschäftsführer/in (CEO) | Mitarbeiter: 1 bis 10 | Branche: Maler- & Gipsergeschäfte | Rechtsform: Gesellschaft mit beschränkter Haftung'),
('5f00d46d-9293-48d3-bbe1-2fd36402f8d4', '14ca1b36-9728-4416-a8ca-4d8b9b2db4d6', 'KALTAKQUISE', 'ACTIVE', 0, 'Funktion: Geschäftsführer/in (CEO) | Mitarbeiter: 1 bis 10 | Branche: Maler- & Gipsergeschäfte'),
('0ec15f57-7685-4959-8862-28b59b77b26a', '16d507c3-d4f7-4c1e-af15-ee00c12c94b7', 'KALTAKQUISE', 'ACTIVE', 0, 'Funktion: Geschäftsführer/in (CEO) | Mitarbeiter: 1 bis 10 | Branche: Maler- & Gipsergeschäfte | Rechtsform: Einzelunternehmen'),
('a98c5e53-97fd-4a59-a351-b4fb9bae3793', '00d0e52f-9303-4bd4-8b84-bbec47770927', 'KALTAKQUISE', 'ACTIVE', 0, 'Funktion: Geschäftsführer/in (CEO) | Mitarbeiter: 1 bis 10 | Branche: Maler- & Gipsergeschäfte | Rechtsform: Aktiengesellschaft'),
('47af9aa8-207e-4935-888b-91f21fa04a3e', 'fa1a71b4-3c93-4d1c-afe3-b1f8b72e94aa', 'KALTAKQUISE', 'ACTIVE', 0, 'Funktion: Geschäftsführer/in (CEO) | Mitarbeiter: 1 bis 10 | Branche: Maler- & Gipsergeschäfte | Rechtsform: Aktiengesellschaft'),
('d73e8787-9191-4018-8150-bb4ec143a127', '3142dc67-5126-46ca-9707-9cfdcb23527b', 'KALTAKQUISE', 'ACTIVE', 0, 'Funktion: Geschäftsführer/in (CEO) | Mitarbeiter: 1 bis 10 | Branche: Maler- & Gipsergeschäfte | Rechtsform: Aktiengesellschaft'),
('10ba62ca-8b7f-497b-8d07-68245fddcebf', '8e2ba876-b8ec-48d4-b245-29fefa5ddc2c', 'KALTAKQUISE', 'ACTIVE', 0, 'Funktion: Geschäftsführer/in (CEO) | Mitarbeiter: 1 bis 10 | Branche: Maler- & Gipsergeschäfte'),
('d8fa0aef-c8ed-4577-b1ff-542fbcd06ee9', '901d8094-9718-4382-804b-69d9852b3c79', 'KALTAKQUISE', 'ACTIVE', 0, 'Funktion: Geschäftsführer/in (CEO) | Mitarbeiter: 11 bis 20 | Branche: Maler- & Gipsergeschäfte | Rechtsform: Aktiengesellschaft'),
('a665801f-ad45-4b62-a480-ad9952bc334d', '2d4aeaf9-c89c-4a4d-8580-04bcbf2111dc', 'KALTAKQUISE', 'ACTIVE', 0, 'Funktion: Leitung Standort | Mitarbeiter: 1 bis 10 | Branche: Maler- & Gipsergeschäfte | Rechtsform: Einzelunternehmen'),
('0e7ba319-5454-4b82-ba31-ae8c1f5c6f1e', 'ef4a40ab-504a-4d36-a1f0-ec47ab3c2ce9', 'KALTAKQUISE', 'ACTIVE', 0, 'Funktion: Geschäftsführer/in (CEO) | Mitarbeiter: 1 bis 10 | Branche: Maler- & Gipsergeschäfte'),
('e48cc37e-4b50-456d-8b99-c993fa03ef28', '8ef3254f-a849-4fa3-b4ff-e920d0c4d5d7', 'KALTAKQUISE', 'ACTIVE', 0, 'Funktion: Geschäftsführer/in (CEO) | Mitarbeiter: 1 bis 10 | Branche: Maler- & Gipsergeschäfte | Rechtsform: Einzelunternehmen'),
('8dc6a086-75cb-47f8-a2d2-0a4837616b91', '0368f22a-8950-4be3-996d-d45a38e33e76', 'KALTAKQUISE', 'ACTIVE', 0, 'Funktion: Geschäftsführer/in (CEO) | Mitarbeiter: 1 bis 10 | Branche: Maler- & Gipsergeschäfte | Rechtsform: Gesellschaft mit beschränkter Haftung'),
('d7a95aba-b34d-40f6-ac2a-b45b8f8f956d', '11c6c5c4-54c0-4c66-a809-bf09b91a2ff9', 'KALTAKQUISE', 'ACTIVE', 0, 'Funktion: Geschäftsführer/in (CEO) | Mitarbeiter: 1 bis 10 | Branche: Maler- & Gipsergeschäfte | Rechtsform: Gesellschaft mit beschränkter Haftung'),
('0cbd7993-ea9d-4ff6-b7f6-958520a1b95d', '6aca414a-e6f6-4535-a8fd-aeefddc32b30', 'KALTAKQUISE', 'ACTIVE', 0, 'Funktion: Geschäftsführer/in (CEO) | Mitarbeiter: 1 bis 10 | Branche: Maler- & Gipsergeschäfte | Rechtsform: Gesellschaft mit beschränkter Haftung'),
('0bb126e5-aa54-4c14-aef8-002d6d9cb5c7', 'b95ca48b-187d-4f90-a8e0-8b52c3428999', 'KALTAKQUISE', 'ACTIVE', 0, 'Funktion: Geschäftsführer/in (CEO) | Mitarbeiter: 1 bis 10 | Branche: Maler- & Gipsergeschäfte | Rechtsform: Gesellschaft mit beschränkter Haftung'),
('d374f434-19a8-4523-aa6e-5a5b4bbc8b80', 'e8bd476b-f087-4796-acba-4db9fb763cee', 'KALTAKQUISE', 'ACTIVE', 0, 'Funktion: Geschäftsführer/in (CEO) | Mitarbeiter: 1 bis 10 | Branche: Maler- & Gipsergeschäfte | Rechtsform: Aktiengesellschaft'),
('4b9e1783-1869-44f4-8c8f-9e2fb66439dd', '59b14c0c-acb2-4e21-8863-9e67fa512ea4', 'KALTAKQUISE', 'ACTIVE', 0, 'Funktion: Geschäftsführer/in (CEO) | Mitarbeiter: 1 bis 10 | Branche: Maler- & Gipsergeschäfte | Rechtsform: Aktiengesellschaft'),
('cb54ab9d-8ff0-4eb9-a6f6-8e48b47f1e94', '73463e0f-7bb5-4d7e-944e-9173cfb6f3b6', 'KALTAKQUISE', 'ACTIVE', 0, 'Funktion: Geschäftsführer/in (CEO) | Mitarbeiter: 1 bis 10 | Branche: Maler- & Gipsergeschäfte | Rechtsform: Aktiengesellschaft'),
('c2a54260-80ca-4eae-a3f2-1113bd35742f', '1740c037-0504-4773-91fb-32dfd04a4973', 'KALTAKQUISE', 'ACTIVE', 0, 'Funktion: Geschäftsführer/in (CEO) | Mitarbeiter: 1 bis 10 | Branche: Maler- & Gipsergeschäfte | Rechtsform: Gesellschaft mit beschränkter Haftung'),
('0038a972-35df-4f66-9d18-e974a998ff4e', '84fdb443-5edb-488a-8ed5-b0d18eaee264', 'KALTAKQUISE', 'ACTIVE', 0, 'Funktion: Geschäftsführer/in (CEO) | Mitarbeiter: 1 bis 10 | Branche: Maler- & Gipsergeschäfte | Rechtsform: Einzelunternehmen'),
('40d12ea8-07b6-4520-a3bf-6e6c681acc8a', 'f94fbc5e-a9b4-4303-a0e9-87fb62fcdd18', 'KALTAKQUISE', 'ACTIVE', 0, 'Funktion: Geschäftsführer/in (CEO) | Mitarbeiter: 1 bis 10 | Branche: Maler- & Gipsergeschäfte | Rechtsform: Aktiengesellschaft'),
('7f69a66c-a5b9-4a67-bb68-ef59de7e09f2', '7f046f7f-2dc2-484d-972e-7960c57975a3', 'KALTAKQUISE', 'ACTIVE', 0, 'Funktion: Geschäftsführer/in (CEO) | Mitarbeiter: 1 bis 10 | Branche: Maler- & Gipsergeschäfte | Rechtsform: Aktiengesellschaft'),
('a6f7c0c9-b5e1-4a90-a94a-e9dbbcbf2c7c', 'e39237d6-310a-45c7-bcaa-73ea68b55719', 'KALTAKQUISE', 'ACTIVE', 0, 'Funktion: Geschäftsführer/in (CEO) | Mitarbeiter: 1 bis 10 | Branche: Maler- & Gipsergeschäfte | Rechtsform: Aktiengesellschaft'),
('5d140ef2-b84d-44d6-80b8-74490523c4db', '61a47601-0ef7-47c7-bb97-22343f22184b', 'KALTAKQUISE', 'ACTIVE', 0, 'Funktion: Geschäftsführer/in (CEO) | Mitarbeiter: 1 bis 10 | Branche: Maler- & Gipsergeschäfte'),
('5f4490fe-3b0b-4f8c-bb43-a05f8a831af9', 'c5d37db6-c6ee-4b37-9342-b1fef5c95998', 'KALTAKQUISE', 'ACTIVE', 0, 'Funktion: Geschäftsführer/in (CEO) | Mitarbeiter: 1 bis 10 | Branche: Maler- & Gipsergeschäfte | Rechtsform: Gesellschaft mit beschränkter Haftung'),
('ded21da9-a7d4-4f97-bfc9-78caa05bd25c', '02f2314d-753b-43f7-95c4-94bd27e52b22', 'KALTAKQUISE', 'ACTIVE', 0, 'Funktion: Geschäftsführer/in (CEO) | Mitarbeiter: 1 bis 10 | Branche: Maler- & Gipsergeschäfte | Rechtsform: Gesellschaft mit beschränkter Haftung'),
('af1bac8b-b4aa-4543-b14a-e6cb4dfc7add', 'd2e8f946-d8ec-4dc6-ab33-33380fd8d869', 'KALTAKQUISE', 'ACTIVE', 0, 'Funktion: Geschäftsführer/in (CEO) | Mitarbeiter: 1 bis 10 | Branche: Maler- & Gipsergeschäfte'),
('7d63ac87-5289-4cba-a05b-16802f17d423', 'c8208ef1-4c0f-4d0a-89cf-31e07ee58e32', 'KALTAKQUISE', 'ACTIVE', 0, 'Funktion: Geschäftsführer/in (CEO) | Mitarbeiter: 1 bis 10 | Branche: Maler- & Gipsergeschäfte | Rechtsform: Einzelunternehmen'),
('d048789f-b756-4368-a739-79b3144f5a39', '1dc6ec41-fcfc-49a8-8740-a65df6c4cf70', 'KALTAKQUISE', 'ACTIVE', 0, 'Funktion: Geschäftsführer/in (CEO) | Mitarbeiter: 1 bis 10 | Branche: Maler- & Gipsergeschäfte'),
('cd207983-978e-4764-81b2-010941669273', '0a1af18e-6a53-4265-a5e4-3905e88148b3', 'KALTAKQUISE', 'ACTIVE', 0, 'Funktion: Geschäftsführer/in (CEO) | Mitarbeiter: 1 bis 10 | Branche: Maler- & Gipsergeschäfte | Rechtsform: Aktiengesellschaft'),
('733e900c-cc22-45d9-a0a9-acea9f61f5c6', 'e53a8414-973f-40de-8c4e-caa79c80afed', 'KALTAKQUISE', 'ACTIVE', 0, 'Funktion: Geschäftsführer/in (CEO) | Mitarbeiter: 1 bis 10 | Branche: Maler- & Gipsergeschäfte'),
('30081394-2b0c-4493-87ed-a7a925c7ecfb', 'eb65eaa8-8504-4d1d-b3e6-de91e1922ca7', 'KALTAKQUISE', 'ACTIVE', 0, 'Funktion: Geschäftsführer/in (CEO) | Mitarbeiter: 1 bis 10 | Branche: Maler- & Gipsergeschäfte'),
('53c6554e-c625-492f-ac52-407aa282a31a', 'ff3f93ad-d6a6-4fe9-ad4f-37ab96931090', 'KALTAKQUISE', 'ACTIVE', 0, 'Funktion: Geschäftsführer/in (CEO) | Mitarbeiter: 1 bis 10 | Branche: Maler- & Gipsergeschäfte | Rechtsform: Gesellschaft mit beschränkter Haftung'),
('e7158ef0-b783-4a9d-aa28-8775b79f2723', '5c93b289-f5fe-4847-ac59-44f508da327c', 'KALTAKQUISE', 'ACTIVE', 0, 'Funktion: Geschäftsführer/in (CEO) | Mitarbeiter: 1 bis 10 | Branche: Maler- & Gipsergeschäfte | Rechtsform: Einzelunternehmen'),
('3def3a7e-1290-4d13-9924-72ceaa9e041b', '9b8cf8ca-566b-4a5d-a3f2-5ab1321325e1', 'KALTAKQUISE', 'ACTIVE', 0, 'Funktion: Geschäftsführer/in (CEO) | Mitarbeiter: 1 bis 10 | Branche: Maler- & Gipsergeschäfte | Rechtsform: Kommanditgesellschaft'),
('ae351411-eb4b-4926-a5ff-e527c3222875', '5e27edef-a572-49eb-8de2-be5172c230d6', 'KALTAKQUISE', 'ACTIVE', 0, 'Funktion: Geschäftsführer/in (CEO) | Mitarbeiter: 1 bis 10 | Branche: Maler- & Gipsergeschäfte | Rechtsform: Einzelunternehmen'),
('d7e17f6a-8440-4593-8fa7-585df767dd13', '23e7a22c-d7f3-42b9-ac2d-3ebb86a9b492', 'KALTAKQUISE', 'ACTIVE', 0, 'Funktion: Geschäftsführer/in (CEO) | Mitarbeiter: 1 bis 10 | Branche: Maler- & Gipsergeschäfte | Rechtsform: Gesellschaft mit beschränkter Haftung'),
('fc9294df-fd3a-46c3-9cc9-3a2eb4e77622', 'c559e50d-8ae3-4e2f-ab6e-bd31d125751f', 'KALTAKQUISE', 'ACTIVE', 0, 'Funktion: Geschäftsführer/in (CEO) | Mitarbeiter: 1 bis 10 | Branche: Maler- & Gipsergeschäfte | Rechtsform: Gesellschaft mit beschränkter Haftung'),
('7aaf6361-9f35-4c1a-915f-5a7fb6a245cc', '3ff5875e-22b9-4109-8c62-609d5e884a5e', 'KALTAKQUISE', 'ACTIVE', 0, 'Funktion: Geschäftsführer/in (CEO) | Mitarbeiter: 1 bis 10 | Branche: Maler- & Gipsergeschäfte | Rechtsform: Einzelunternehmen'),
('7d8d0687-0071-407c-8a60-8659b1dff2e4', '55c0e8c4-a23a-4b05-902c-aba36713d471', 'KALTAKQUISE', 'ACTIVE', 0, 'Funktion: Geschäftsführer/in (CEO) | Mitarbeiter: 1 bis 10 | Branche: Maler- & Gipsergeschäfte | Rechtsform: Gesellschaft mit beschränkter Haftung'),
('164148af-9eb2-44ae-9dc8-5af57202c8b2', '2c915448-9372-4cca-9e35-9756ef6dc623', 'KALTAKQUISE', 'ACTIVE', 0, 'Funktion: Geschäftsführer/in (CEO) | Mitarbeiter: 1 bis 10 | Branche: Maler- & Gipsergeschäfte | Rechtsform: Einzelunternehmen'),
('d9e85650-2901-406c-bca0-82c575110d6e', '6dc997c7-9b70-47f6-a413-ab9d0ebee09d', 'KALTAKQUISE', 'ACTIVE', 0, 'Funktion: Geschäftsführer/in (CEO) | Mitarbeiter: 1 bis 10 | Branche: Maler- & Gipsergeschäfte | Rechtsform: Einzelunternehmen'),
('55de9c46-7bb9-4bcc-a894-f9ccb78857fd', '41496260-9d89-44ca-8746-06a08e565a75', 'KALTAKQUISE', 'ACTIVE', 0, 'Funktion: Geschäftsführer/in (CEO) | Mitarbeiter: 1 bis 10 | Branche: Maler- & Gipsergeschäfte'),
('542bcc0e-d67b-473d-aa41-451fdec89c73', '3e7cf928-d1ad-4f01-98e9-73dcf105e5ca', 'KALTAKQUISE', 'ACTIVE', 0, 'Funktion: Geschäftsführer/in (CEO) | Mitarbeiter: 1 bis 10 | Branche: Maler- & Gipsergeschäfte'),
('ea381609-a239-436c-8ccf-aff2a02f5aaa', 'faf7a081-5a13-43a8-8c6c-f95ad3fc903a', 'KALTAKQUISE', 'ACTIVE', 0, 'Funktion: Geschäftsführer/in (CEO) | Mitarbeiter: 1 bis 10 | Branche: Maler- & Gipsergeschäfte | Rechtsform: Gesellschaft mit beschränkter Haftung'),
('21b2ffe4-e188-4d86-8e3c-e9462bf5ab08', 'a62a1805-2a13-4606-a45c-5e59efaa4231', 'KALTAKQUISE', 'ACTIVE', 0, 'Funktion: Geschäftsführer/in (CEO) | Mitarbeiter: 1 bis 10 | Branche: Maler- & Gipsergeschäfte | Rechtsform: Gesellschaft mit beschränkter Haftung'),
('7b72b69e-2e16-485a-8ef3-a2b156b83486', '62a0c97b-7a26-4123-a780-b428182a307e', 'KALTAKQUISE', 'ACTIVE', 0, 'Funktion: Geschäftsführer/in (CEO) | Mitarbeiter: 1 bis 10 | Branche: Maler- & Gipsergeschäfte'),
('200e4eca-a486-4621-85fb-da95ac841b43', 'e841486b-e00f-41cc-aaaa-c2b414d94c8a', 'KALTAKQUISE', 'ACTIVE', 0, 'Funktion: Geschäftsführer/in (CEO) | Mitarbeiter: 1 bis 10 | Branche: Maler- & Gipsergeschäfte | Rechtsform: Aktiengesellschaft'),
('716721a7-7181-4752-935d-02e6fada7830', '235edfea-c302-470e-83e1-a13429bd53f7', 'KALTAKQUISE', 'ACTIVE', 0, 'Funktion: Geschäftsführer/in (CEO) | Mitarbeiter: 1 bis 10 | Branche: Maler- & Gipsergeschäfte | Rechtsform: Gesellschaft mit beschränkter Haftung'),
('6b908280-1963-4537-88cf-38947179b444', 'e79ac6fa-a5cc-4b20-aa65-f6cf5d717787', 'KALTAKQUISE', 'ACTIVE', 0, 'Funktion: Geschäftsführer/in (CEO) | Mitarbeiter: 1 bis 10 | Branche: Maler- & Gipsergeschäfte | Rechtsform: Gesellschaft mit beschränkter Haftung'),
('e2cf3083-9c34-49f6-9e37-283e77c61e3e', '8cb4b706-7447-47ce-8939-a62e005c3e88', 'KALTAKQUISE', 'ACTIVE', 0, 'Funktion: Geschäftsführer/in (CEO) | Mitarbeiter: 1 bis 10 | Branche: Maler- & Gipsergeschäfte | Rechtsform: Gesellschaft mit beschränkter Haftung'),
('48b2f7ed-0277-44bf-935a-51c57b99b344', '5f43dc3f-6212-4f32-96a3-20eab84d3d0b', 'KALTAKQUISE', 'ACTIVE', 0, 'Funktion: Geschäftsführer/in (CEO) | Mitarbeiter: 1 bis 10 | Branche: Maler- & Gipsergeschäfte | Rechtsform: Gesellschaft mit beschränkter Haftung'),
('0f47a8e8-c62b-4d2c-96ac-3fcd5c3c2bb6', '5a23cd60-986d-4ed6-8e5e-97a795503a5f', 'KALTAKQUISE', 'ACTIVE', 0, 'Funktion: Geschäftsführer/in (CEO) | Mitarbeiter: 1 bis 10 | Branche: Maler- & Gipsergeschäfte | Rechtsform: Gesellschaft mit beschränkter Haftung'),
('20588223-7e40-408a-ba6d-6d1a144e9abc', '8f1bec77-2566-43d1-abc8-70fa9ee0fc4f', 'KALTAKQUISE', 'ACTIVE', 0, 'Funktion: Geschäftsführer/in (CEO) | Mitarbeiter: 1 bis 10 | Branche: Maler- & Gipsergeschäfte | Rechtsform: Schweizerische Zweigniederlassung'),
('917585f2-0e9d-4b0a-afa1-acd377e46631', 'c2650c19-d98e-4f4f-99e9-b20e77e1f4f0', 'KALTAKQUISE', 'ACTIVE', 0, 'Funktion: Geschäftsführer/in (CEO) | Mitarbeiter: 1 bis 10 | Branche: Maler- & Gipsergeschäfte | Rechtsform: Gesellschaft mit beschränkter Haftung'),
('154dc5df-6299-476f-ba99-653c5ca731f7', '33dcd240-f8e4-43d0-8c01-5a81978fe46b', 'KALTAKQUISE', 'ACTIVE', 0, 'Funktion: Geschäftsführer/in (CEO) | Mitarbeiter: 1 bis 10 | Branche: Maler- & Gipsergeschäfte | Rechtsform: Aktiengesellschaft'),
('e18e9a15-17cf-445e-a4c2-74f3199e462a', '94247db9-5d1b-4f6f-87fb-e2c676b7ffe0', 'KALTAKQUISE', 'ACTIVE', 0, 'Funktion: Geschäftsführer/in (CEO) | Mitarbeiter: 1 bis 10 | Branche: Maler- & Gipsergeschäfte | Rechtsform: Gesellschaft mit beschränkter Haftung'),
('16cfcbe6-bca3-4e2e-ad4d-a27a91a1c3e4', '01d209f0-d989-443b-806d-8287b498a89f', 'KALTAKQUISE', 'ACTIVE', 0, 'Funktion: Geschäftsführer/in (CEO) | Mitarbeiter: 1 bis 10 | Branche: Maler- & Gipsergeschäfte'),
('53851d45-71b9-4352-8ebc-ceac43263923', '995e366c-7f6a-40db-a7c3-b5288d5d6dfb', 'KALTAKQUISE', 'ACTIVE', 0, 'Funktion: Geschäftsführer/in (CEO) | Mitarbeiter: 1 bis 10 | Branche: Maler- & Gipsergeschäfte | Rechtsform: Gesellschaft mit beschränkter Haftung'),
('f637885a-34ac-45e6-860e-353669e3d3e0', '3d51b925-2e6f-440e-9cd4-0d81b29b2fbf', 'KALTAKQUISE', 'ACTIVE', 0, 'Funktion: Geschäftsführer/in (CEO) | Mitarbeiter: 11 bis 20 | Branche: Maler- & Gipsergeschäfte | Rechtsform: Aktiengesellschaft'),
('7f4184a1-461a-4983-b06f-5a39125d1ada', '326511dd-77a3-4264-8b39-33f5ae491c85', 'KALTAKQUISE', 'ACTIVE', 0, 'Funktion: Geschäftsführer/in (CEO) | Mitarbeiter: 1 bis 10 | Branche: Maler- & Gipsergeschäfte | Rechtsform: Aktiengesellschaft'),
('46135b10-9d87-47f3-bb3d-26dcd634eecb', '8ad7001b-b4c2-4f9a-adcd-b05079bd97d9', 'KALTAKQUISE', 'ACTIVE', 0, 'Funktion: Geschäftsführer/in (CEO) | Mitarbeiter: 1 bis 10 | Branche: Maler- & Gipsergeschäfte'),
('c6350d82-9bdf-4e1a-80a5-24fb8cc7aa43', 'e9724ce9-5813-453a-86ea-6ce75e0f36b1', 'KALTAKQUISE', 'ACTIVE', 0, 'Funktion: Geschäftsführer/in (CEO) | Mitarbeiter: 11 bis 20 | Branche: Maler- & Gipsergeschäfte | Rechtsform: Aktiengesellschaft'),
('e894b9ae-ff3a-4f33-9717-a386d810fa64', '63f75fe0-ed0c-494d-b83d-eeeaef38ece6', 'KALTAKQUISE', 'ACTIVE', 0, 'Funktion: Geschäftsführer/in (CEO) | Mitarbeiter: 11 bis 20 | Branche: Maler- & Gipsergeschäfte | Rechtsform: Aktiengesellschaft'),
('90006362-14f9-4b4c-86fd-6a34d2991b6e', 'e35fb35d-b6b9-49f1-9e0b-a034f3f11f26', 'KALTAKQUISE', 'ACTIVE', 0, 'Funktion: Geschäftsführer/in (CEO) | Mitarbeiter: 1 bis 10 | Branche: Maler- & Gipsergeschäfte | Rechtsform: Aktiengesellschaft'),
('4895b5ac-6248-455a-af28-206a8de35c80', '98959bf9-b305-4680-838f-d4b995c718bc', 'KALTAKQUISE', 'ACTIVE', 0, 'Funktion: Geschäftsführer/in (CEO) | Mitarbeiter: 1 bis 10 | Branche: Maler- & Gipsergeschäfte | Rechtsform: Aktiengesellschaft'),
('926a77ba-7625-47f8-abb2-e03ffacbaea8', 'e1056dd1-b19c-4ec2-b10b-f94edb3b542b', 'KALTAKQUISE', 'ACTIVE', 0, 'Funktion: Geschäftsführer/in (CEO) | Mitarbeiter: 1 bis 10 | Branche: Maler- & Gipsergeschäfte | Rechtsform: Gesellschaft mit beschränkter Haftung'),
('0c5159d6-09dc-4dfd-823a-ca4659b0ee1d', 'f6e99ab8-607a-4563-a6ac-c104a0fe6bc4', 'KALTAKQUISE', 'ACTIVE', 0, 'Funktion: Geschäftsführer/in (CEO) | Mitarbeiter: 1 bis 10 | Branche: Maler- & Gipsergeschäfte'),
('aab5f8cd-8684-4800-8775-b5820e62eada', 'e59fb838-23cf-46bc-baa6-906ccf672988', 'KALTAKQUISE', 'ACTIVE', 0, 'Funktion: Geschäftsführer/in (CEO) | Mitarbeiter: 1 bis 10 | Branche: Maler- & Gipsergeschäfte'),
('48e5d968-aff7-45de-81e6-2378e078711f', '27260a85-de6e-4184-8b01-76ce305ae51c', 'KALTAKQUISE', 'ACTIVE', 0, 'Funktion: Geschäftsführer/in (CEO) | Mitarbeiter: 1 bis 10 | Branche: Maler- & Gipsergeschäfte'),
('e2877bd1-da70-4591-bbd5-fa50dbc7832f', '53ecfbf3-5268-4ec5-96dc-2b4a037fbda4', 'KALTAKQUISE', 'ACTIVE', 0, 'Funktion: Geschäftsführer/in (CEO) | Mitarbeiter: 1 bis 10 | Branche: Maler- & Gipsergeschäfte | Rechtsform: Genossenschaft'),
('887b3584-cee0-400d-896e-8e6240453515', 'ae42e5c0-6d28-43f0-af30-6660b4a0a05b', 'KALTAKQUISE', 'ACTIVE', 0, 'Funktion: Geschäftsführer/in (CEO) | Mitarbeiter: 11 bis 20 | Branche: Maler- & Gipsergeschäfte'),
('e87d8d40-be67-4d28-9167-6e01874fd634', 'f1921c47-2efb-4208-a503-1f9d48b22c16', 'KALTAKQUISE', 'ACTIVE', 0, 'Funktion: Geschäftsführer/in (CEO) | Mitarbeiter: 1 bis 10 | Branche: Maler- & Gipsergeschäfte | Rechtsform: Aktiengesellschaft'),
('6c48a4fa-2b93-4feb-b1e7-eb22c026d8ca', 'b6f7ca01-deae-4d5d-816b-8f78b8abb71c', 'KALTAKQUISE', 'ACTIVE', 0, 'Funktion: Geschäftsführer/in (CEO) | Mitarbeiter: 1 bis 10 | Branche: Maler- & Gipsergeschäfte | Rechtsform: Gesellschaft mit beschränkter Haftung'),
('5b02a4b0-4541-4865-a5c7-92dd0d3b0368', 'a6dfde1f-645f-48cc-96ec-3d4a30985d41', 'KALTAKQUISE', 'ACTIVE', 0, 'Funktion: Geschäftsführer/in (CEO) | Mitarbeiter: 1 bis 10 | Branche: Maler- & Gipsergeschäfte | Rechtsform: Einzelunternehmen'),
('4852c512-08a8-4c69-946a-91aca08cb139', '15c4befa-20bc-431e-967b-9593c343f0ed', 'KALTAKQUISE', 'ACTIVE', 0, 'Funktion: Geschäftsführer/in (CEO) | Mitarbeiter: 1 bis 10 | Branche: Maler- & Gipsergeschäfte | Rechtsform: Einzelunternehmen'),
('76753073-a1e9-453e-92cf-d9882d6adde2', 'a8ab33a2-8af0-4077-95d2-6a6c06f7f2f1', 'KALTAKQUISE', 'ACTIVE', 0, 'Funktion: Geschäftsführer/in (CEO) | Mitarbeiter: 21 bis 50 | Branche: Maler- & Gipsergeschäfte | Rechtsform: Aktiengesellschaft'),
('42c40bad-eec0-4b7d-82b9-c416772ed69a', '88a6cb68-1daf-4b12-931e-1f289aef2d2f', 'KALTAKQUISE', 'ACTIVE', 0, 'Funktion: Geschäftsführer/in (CEO) | Mitarbeiter: 1 bis 10 | Branche: Maler- & Gipsergeschäfte | Rechtsform: Gesellschaft mit beschränkter Haftung'),
('dec0c72f-4a8b-4548-9b19-a7c346d1dc9a', '6a2ecd0e-42eb-4070-8b13-e9b6752910bb', 'KALTAKQUISE', 'ACTIVE', 0, 'Funktion: Geschäftsführer/in (CEO) | Mitarbeiter: 1 bis 10 | Branche: Maler- & Gipsergeschäfte | Rechtsform: Gesellschaft mit beschränkter Haftung'),
('c58333e0-5e3b-494b-92bd-33a5be693df2', '68f202d2-1de2-4ed7-81e1-2ef053621c5a', 'KALTAKQUISE', 'ACTIVE', 0, 'Funktion: Geschäftsführer/in (CEO) | Mitarbeiter: 1 bis 10 | Branche: Maler- & Gipsergeschäfte'),
('5aebff73-47dd-4f92-87a9-e5ba389cc5d8', '5207c36d-6c6b-48de-8b84-05c5212bfb49', 'KALTAKQUISE', 'ACTIVE', 0, 'Funktion: Geschäftsführer/in (CEO) | Mitarbeiter: 1 bis 10 | Branche: Maler- & Gipsergeschäfte | Rechtsform: Aktiengesellschaft'),
('4dcbcb31-6e8a-4cd9-8ad9-248b200342a5', 'a1066a9c-8c6c-4e57-840f-aa48db12101d', 'KALTAKQUISE', 'ACTIVE', 0, 'Funktion: Geschäftsführer/in (CEO) | Mitarbeiter: 1 bis 10 | Branche: Maler- & Gipsergeschäfte | Rechtsform: Gesellschaft mit beschränkter Haftung'),
('e455b7bb-e664-419f-9b55-b83f75eb5013', '06d55905-1037-4d4c-8a3a-0d767d68d5e4', 'KALTAKQUISE', 'ACTIVE', 0, 'Funktion: Geschäftsführer/in (CEO) | Mitarbeiter: 1 bis 10 | Branche: Maler- & Gipsergeschäfte | Rechtsform: Gesellschaft mit beschränkter Haftung'),
('381c4d5b-344c-413c-9923-b7ed9a46fdb7', 'c48e93e1-b7fc-4d89-9df4-730a08e8e583', 'KALTAKQUISE', 'ACTIVE', 0, 'Funktion: Geschäftsführer/in (CEO) | Mitarbeiter: 1 bis 10 | Branche: Maler- & Gipsergeschäfte | Rechtsform: Einzelunternehmen'),
('ceab5a95-5e08-4d19-8bec-7750c86facb6', '276695bf-36d0-48b8-b2e1-0c9376e6bb9a', 'KALTAKQUISE', 'ACTIVE', 0, 'Funktion: Geschäftsführer/in (CEO) | Mitarbeiter: 1 bis 10 | Branche: Maler- & Gipsergeschäfte | Rechtsform: Gesellschaft mit beschränkter Haftung'),
('9de8d28c-6ffa-4b68-8033-01bd7c1424d8', 'd80b910b-aa1f-4103-9135-7271c27782b7', 'KALTAKQUISE', 'ACTIVE', 0, 'Funktion: Geschäftsführer/in (CEO) | Mitarbeiter: 1 bis 10 | Branche: Maler- & Gipsergeschäfte');

INSERT INTO lead_tags (lead_id, tag_id) VALUES
('0ae36f6d-4306-4d9d-a043-ef474afad353', 'ka-b2b'),
('155b81b9-729f-4826-9531-9d52619b91b1', 'ka-b2b'),
('40e6af91-a96f-4963-a5fe-f8078260aea9', 'ka-b2b'),
('df284f78-acba-4774-9b1b-3b3e2989de6f', 'ka-b2b'),
('b950839a-df52-4e01-a00c-a8bac8d66d1f', 'ka-b2b'),
('4993d387-2140-46d0-8d15-460b9c168633', 'ka-b2b'),
('53ddbb0b-4e05-4de7-a2b1-896220d0567d', 'ka-b2b'),
('eabcd484-4478-4b9d-80de-ab77f57c8aae', 'ka-b2b'),
('14e43485-8fd9-4335-943f-746f1d307a7b', 'ka-b2b'),
('3a3183f6-60c4-4ebc-98f8-d70c000e0222', 'ka-b2b'),
('2fd66106-751f-497a-9fb5-be055ff5003b', 'ka-b2b'),
('7eae535c-1519-4f7c-853d-976385014a2e', 'ka-b2b'),
('cd84766a-d2c6-4826-9af4-3f3fa5bdba26', 'ka-b2b'),
('3e9a0930-252e-4902-ba4c-501f01817f76', 'ka-b2b'),
('f671b8f1-d651-43b4-a28b-c0adae862f3d', 'ka-b2b'),
('12f55701-2122-497c-9781-3920703c9f04', 'ka-b2b'),
('ac262a93-ef66-4022-8f53-5e5b366f94ae', 'ka-b2b'),
('2522910e-83e5-4b14-9a42-ff19f343c719', 'ka-b2b'),
('9a28b955-ff4a-4371-8e14-50f106382bf9', 'ka-b2b'),
('cbca5ae0-3f16-4937-8e10-fb969fcd6751', 'ka-b2b'),
('ac119c6f-0f19-4275-8e29-820da92a74f4', 'ka-b2b'),
('93bf19b5-b266-4da0-8885-95abce588959', 'ka-b2b'),
('9a60bcd9-6c90-4f46-9f06-00398beaeee8', 'ka-b2b'),
('fc872961-7f78-4340-be47-a97c51ff6b55', 'ka-b2b'),
('c8e83196-62e0-444b-8e4b-f747c7da5efc', 'ka-b2b'),
('26df03ac-b90d-4eec-8740-8154e6e81667', 'ka-b2b'),
('131347f5-9f46-494e-80c4-77a1365f7020', 'ka-b2b'),
('ea32b9e1-66cc-4f26-8ee9-e69e0e673f3f', 'ka-b2b'),
('8e729c96-04f0-45ec-ba2d-2f6f8d42bfc8', 'ka-b2b'),
('44ca8553-bdc4-4e41-921e-dc6147fecc3f', 'ka-b2b'),
('d018088e-a592-4396-bd01-3aff8dd9e774', 'ka-b2b'),
('05a964d9-ef49-4042-97c9-587d954b5d88', 'ka-b2b'),
('b0f1d822-55b5-4b67-bfdf-5344bee1e930', 'ka-b2b'),
('c385b467-63b6-4173-83f7-1020f15f919f', 'ka-b2b'),
('e6fc4faa-4b41-4e47-94c3-7bf873f29390', 'ka-b2b'),
('341695b0-7c25-43e0-9b7a-f7b32d78a8e1', 'ka-b2b'),
('94287e8d-3ac7-4829-ba5a-cb506fc78d21', 'ka-b2b'),
('a2884659-4491-432d-af38-b6fa3fb936bc', 'ka-b2b'),
('00e82206-7a4a-4c69-b669-5ec10579ab61', 'ka-b2b'),
('466c9e72-dbf4-48d8-b65a-963bbebc917e', 'ka-b2b'),
('dfbd23dc-f499-48bf-bd26-080b4fac86df', 'ka-b2b'),
('6e0744e3-069c-41e4-95a0-a59fb90e1567', 'ka-b2b'),
('eee20f18-6a6f-4d11-9fca-07d1cdbac891', 'ka-b2b'),
('0927d88c-171d-4293-880a-1618d86a0995', 'ka-b2b'),
('35bf372b-9260-4485-97d4-c26852723e34', 'ka-b2b'),
('d747ff05-8845-47bd-8614-8f4fc2d83f47', 'ka-b2b'),
('6c79d51f-0c5a-45f2-b60d-2d5ff416b723', 'ka-b2b'),
('9999c676-6148-4a7e-a4a4-c90e021ca513', 'ka-b2b'),
('34d20726-9f29-4e00-8fc3-6eb3124bb9f2', 'ka-b2b'),
('a9d585ee-2dfa-4466-99d3-5c48d102a43e', 'ka-b2b'),
('e2c6c882-b49e-4260-b312-7a5005d1bbb4', 'ka-b2b'),
('d7528844-cfde-4e2a-bc84-f63478d10743', 'ka-b2b'),
('656a889b-47cd-4590-a73a-48a77458a296', 'ka-b2b'),
('55d0163b-481e-4e38-9a33-ff317ad61e6d', 'ka-b2b'),
('477d74cb-1c58-49fc-a095-e6c81c2cf5b3', 'ka-b2b'),
('0f8d6af0-4164-4416-b196-2235cc65e4f9', 'ka-b2b'),
('efb99b3a-fb1b-400f-9223-1aefcd18a813', 'ka-b2b'),
('b135c851-aae9-4e69-a80e-5da05448bae4', 'ka-b2b'),
('91a1dfa1-2d06-4114-bdef-7ac9e2d4b759', 'ka-b2b'),
('c6829b0b-e9c3-4d75-8ea2-58e0c19f62af', 'ka-b2b'),
('71b59a26-e939-453b-8549-3633961128ba', 'ka-b2b'),
('d66b35ab-f407-4a26-a606-1cd06a13c7bc', 'ka-b2b'),
('35c09a98-bf43-4764-834c-cf1112c9f48d', 'ka-b2b'),
('3154b4f6-0b8d-430c-b9e2-d8753e4bd280', 'ka-b2b'),
('2160aeed-9e68-4b39-8b1a-04a9503fb9e3', 'ka-b2b'),
('f60eaeae-b4d1-4cad-a8cf-1cc31a1b08dd', 'ka-b2b'),
('1fb97f04-a6cd-452a-a003-bb9a3bf25ec2', 'ka-b2b'),
('f411b234-e753-407b-8aaf-07ce7641cba6', 'ka-b2b'),
('927e1891-4d49-4d2b-b705-ed3230f18a10', 'ka-b2b'),
('385b7607-dd84-434d-aab1-7dbd9fa5758d', 'ka-b2b'),
('0b04d5eb-36be-4de5-a7eb-96de218cbdd0', 'ka-b2b'),
('0fdd408e-0a17-4852-a7e1-6de2fa5476b7', 'ka-b2b'),
('fecff68e-bc70-42c1-bfdc-628ba2414b8f', 'ka-b2b'),
('51070ea8-39c7-416b-96c9-58d9e0ae9e36', 'ka-b2b'),
('448c6951-3c5b-4f2c-a24a-aa32c551c6af', 'ka-b2b'),
('6f540dad-d9de-4b59-95d1-94200317b7b2', 'ka-b2b'),
('ff262d09-94d2-4dc0-b328-60880d4f1c49', 'ka-b2b'),
('2fe493ef-a307-4403-8f0f-ad11d688c4b6', 'ka-b2b'),
('e7b0e948-b7e9-4c94-86bb-03b845037ec4', 'ka-b2b'),
('60be57b1-8226-405a-87f3-2cbb87049818', 'ka-b2b'),
('ae63afb9-d2dc-43c2-b137-2d6749053a36', 'ka-b2b'),
('4e78fd04-3a84-4c1a-aef4-2695c5d24ccf', 'ka-b2b'),
('460ad5d7-cd2e-43ac-b3a2-78887932cfa3', 'ka-b2b'),
('d25cc1da-0f33-4e55-ac5c-1eb33a7bfc0c', 'ka-b2b'),
('d8430d4b-38f6-4f08-a3bd-511a916513c0', 'ka-b2b'),
('992d0493-d108-4e1b-b92d-13869681b183', 'ka-b2b'),
('c662a5c3-861c-4a2f-85aa-cd1ff797ac6a', 'ka-b2b'),
('e6140659-5503-4924-aade-0cb595b331ce', 'ka-b2b'),
('12b507dd-dbb7-4964-9448-b2e243c408f3', 'ka-b2b'),
('01de0551-bcc0-49bb-9685-28cf2684686c', 'ka-b2b'),
('8c6c0a25-4904-4d8d-9cf2-6255f94be858', 'ka-b2b'),
('cab0322a-8375-46b9-bda8-20cae1690f23', 'ka-b2b'),
('f3ff0618-60c1-498f-9bac-c64470d549aa', 'ka-b2b'),
('5e97e704-b918-4129-a462-780b70ed3137', 'ka-b2b'),
('fcd0cfed-1dd0-44cb-b9c8-ab4dc69109ca', 'ka-b2b'),
('245dbddc-46ae-49cc-9627-2dfdf7f330f2', 'ka-b2b'),
('fa915298-b9c3-4745-8d15-ca7c22dcffcb', 'ka-b2b'),
('43cb2858-1e5b-419d-9b0e-d6297872e781', 'ka-b2b'),
('c3072c68-a016-4889-92a5-49a611393366', 'ka-b2b'),
('a4dba850-9754-4573-ae95-64970d8b8973', 'ka-b2b'),
('9a293968-1de0-4fc6-bc35-f4a9a4f3f366', 'ka-b2b'),
('f5bb0896-a60f-44c1-a802-cf9940cacff7', 'ka-b2b'),
('81fa5c58-27bf-4498-b581-b1fb8ccdb508', 'ka-b2b'),
('39e63903-485d-4a18-b367-3291da9ecdb1', 'ka-b2b'),
('dd47641a-4597-4839-a211-70dcdc0711c9', 'ka-b2b'),
('aea126cb-3fd8-4f6f-a05b-79e9fbec9bfc', 'ka-b2b'),
('fd3198df-5832-4bcd-9118-bb770e959c59', 'ka-b2b'),
('1a7cb35b-6a62-4ee7-a534-f1da324ddefb', 'ka-b2b'),
('9b813800-eecf-4a90-ad56-a0c68cfc5670', 'ka-b2b'),
('230b4d6b-0683-4961-afbb-9f89a6650408', 'ka-b2b'),
('ff61aae0-e5e5-404b-b80f-2917810df520', 'ka-b2b'),
('b8eadd15-dc7c-4b23-92dd-f5bdb76a70c4', 'ka-b2b'),
('f3463f08-2de0-4274-9c7e-e10d41284a3a', 'ka-b2b'),
('c882d19b-f8f5-4d6e-b19f-0ef9138e05ab', 'ka-b2b'),
('25b81769-4939-4212-a06a-3a6844bdf6a4', 'ka-b2b'),
('5f00d46d-9293-48d3-bbe1-2fd36402f8d4', 'ka-b2b'),
('0ec15f57-7685-4959-8862-28b59b77b26a', 'ka-b2b'),
('a98c5e53-97fd-4a59-a351-b4fb9bae3793', 'ka-b2b'),
('47af9aa8-207e-4935-888b-91f21fa04a3e', 'ka-b2b'),
('d73e8787-9191-4018-8150-bb4ec143a127', 'ka-b2b'),
('10ba62ca-8b7f-497b-8d07-68245fddcebf', 'ka-b2b'),
('d8fa0aef-c8ed-4577-b1ff-542fbcd06ee9', 'ka-b2b'),
('a665801f-ad45-4b62-a480-ad9952bc334d', 'ka-b2b'),
('0e7ba319-5454-4b82-ba31-ae8c1f5c6f1e', 'ka-b2b'),
('e48cc37e-4b50-456d-8b99-c993fa03ef28', 'ka-b2b'),
('8dc6a086-75cb-47f8-a2d2-0a4837616b91', 'ka-b2b'),
('d7a95aba-b34d-40f6-ac2a-b45b8f8f956d', 'ka-b2b'),
('0cbd7993-ea9d-4ff6-b7f6-958520a1b95d', 'ka-b2b'),
('0bb126e5-aa54-4c14-aef8-002d6d9cb5c7', 'ka-b2b'),
('d374f434-19a8-4523-aa6e-5a5b4bbc8b80', 'ka-b2b'),
('4b9e1783-1869-44f4-8c8f-9e2fb66439dd', 'ka-b2b'),
('cb54ab9d-8ff0-4eb9-a6f6-8e48b47f1e94', 'ka-b2b'),
('c2a54260-80ca-4eae-a3f2-1113bd35742f', 'ka-b2b'),
('0038a972-35df-4f66-9d18-e974a998ff4e', 'ka-b2b'),
('40d12ea8-07b6-4520-a3bf-6e6c681acc8a', 'ka-b2b'),
('7f69a66c-a5b9-4a67-bb68-ef59de7e09f2', 'ka-b2b'),
('a6f7c0c9-b5e1-4a90-a94a-e9dbbcbf2c7c', 'ka-b2b'),
('5d140ef2-b84d-44d6-80b8-74490523c4db', 'ka-b2b'),
('5f4490fe-3b0b-4f8c-bb43-a05f8a831af9', 'ka-b2b'),
('ded21da9-a7d4-4f97-bfc9-78caa05bd25c', 'ka-b2b'),
('af1bac8b-b4aa-4543-b14a-e6cb4dfc7add', 'ka-b2b'),
('7d63ac87-5289-4cba-a05b-16802f17d423', 'ka-b2b'),
('d048789f-b756-4368-a739-79b3144f5a39', 'ka-b2b'),
('cd207983-978e-4764-81b2-010941669273', 'ka-b2b'),
('733e900c-cc22-45d9-a0a9-acea9f61f5c6', 'ka-b2b'),
('30081394-2b0c-4493-87ed-a7a925c7ecfb', 'ka-b2b'),
('53c6554e-c625-492f-ac52-407aa282a31a', 'ka-b2b'),
('e7158ef0-b783-4a9d-aa28-8775b79f2723', 'ka-b2b'),
('3def3a7e-1290-4d13-9924-72ceaa9e041b', 'ka-b2b'),
('ae351411-eb4b-4926-a5ff-e527c3222875', 'ka-b2b'),
('d7e17f6a-8440-4593-8fa7-585df767dd13', 'ka-b2b'),
('fc9294df-fd3a-46c3-9cc9-3a2eb4e77622', 'ka-b2b'),
('7aaf6361-9f35-4c1a-915f-5a7fb6a245cc', 'ka-b2b'),
('7d8d0687-0071-407c-8a60-8659b1dff2e4', 'ka-b2b'),
('164148af-9eb2-44ae-9dc8-5af57202c8b2', 'ka-b2b'),
('d9e85650-2901-406c-bca0-82c575110d6e', 'ka-b2b'),
('55de9c46-7bb9-4bcc-a894-f9ccb78857fd', 'ka-b2b'),
('542bcc0e-d67b-473d-aa41-451fdec89c73', 'ka-b2b'),
('ea381609-a239-436c-8ccf-aff2a02f5aaa', 'ka-b2b'),
('21b2ffe4-e188-4d86-8e3c-e9462bf5ab08', 'ka-b2b'),
('7b72b69e-2e16-485a-8ef3-a2b156b83486', 'ka-b2b'),
('200e4eca-a486-4621-85fb-da95ac841b43', 'ka-b2b'),
('716721a7-7181-4752-935d-02e6fada7830', 'ka-b2b'),
('6b908280-1963-4537-88cf-38947179b444', 'ka-b2b'),
('e2cf3083-9c34-49f6-9e37-283e77c61e3e', 'ka-b2b'),
('48b2f7ed-0277-44bf-935a-51c57b99b344', 'ka-b2b'),
('0f47a8e8-c62b-4d2c-96ac-3fcd5c3c2bb6', 'ka-b2b'),
('20588223-7e40-408a-ba6d-6d1a144e9abc', 'ka-b2b'),
('917585f2-0e9d-4b0a-afa1-acd377e46631', 'ka-b2b'),
('154dc5df-6299-476f-ba99-653c5ca731f7', 'ka-b2b'),
('e18e9a15-17cf-445e-a4c2-74f3199e462a', 'ka-b2b'),
('16cfcbe6-bca3-4e2e-ad4d-a27a91a1c3e4', 'ka-b2b'),
('53851d45-71b9-4352-8ebc-ceac43263923', 'ka-b2b'),
('f637885a-34ac-45e6-860e-353669e3d3e0', 'ka-b2b'),
('7f4184a1-461a-4983-b06f-5a39125d1ada', 'ka-b2b'),
('46135b10-9d87-47f3-bb3d-26dcd634eecb', 'ka-b2b'),
('c6350d82-9bdf-4e1a-80a5-24fb8cc7aa43', 'ka-b2b'),
('e894b9ae-ff3a-4f33-9717-a386d810fa64', 'ka-b2b'),
('90006362-14f9-4b4c-86fd-6a34d2991b6e', 'ka-b2b'),
('4895b5ac-6248-455a-af28-206a8de35c80', 'ka-b2b'),
('926a77ba-7625-47f8-abb2-e03ffacbaea8', 'ka-b2b'),
('0c5159d6-09dc-4dfd-823a-ca4659b0ee1d', 'ka-b2b'),
('aab5f8cd-8684-4800-8775-b5820e62eada', 'ka-b2b'),
('48e5d968-aff7-45de-81e6-2378e078711f', 'ka-b2b'),
('e2877bd1-da70-4591-bbd5-fa50dbc7832f', 'ka-b2b'),
('887b3584-cee0-400d-896e-8e6240453515', 'ka-b2b'),
('e87d8d40-be67-4d28-9167-6e01874fd634', 'ka-b2b'),
('6c48a4fa-2b93-4feb-b1e7-eb22c026d8ca', 'ka-b2b'),
('5b02a4b0-4541-4865-a5c7-92dd0d3b0368', 'ka-b2b'),
('4852c512-08a8-4c69-946a-91aca08cb139', 'ka-b2b'),
('76753073-a1e9-453e-92cf-d9882d6adde2', 'ka-b2b'),
('42c40bad-eec0-4b7d-82b9-c416772ed69a', 'ka-b2b'),
('dec0c72f-4a8b-4548-9b19-a7c346d1dc9a', 'ka-b2b'),
('c58333e0-5e3b-494b-92bd-33a5be693df2', 'ka-b2b'),
('5aebff73-47dd-4f92-87a9-e5ba389cc5d8', 'ka-b2b'),
('4dcbcb31-6e8a-4cd9-8ad9-248b200342a5', 'ka-b2b'),
('e455b7bb-e664-419f-9b55-b83f75eb5013', 'ka-b2b'),
('381c4d5b-344c-413c-9923-b7ed9a46fdb7', 'ka-b2b'),
('ceab5a95-5e08-4d19-8bec-7750c86facb6', 'ka-b2b'),
('9de8d28c-6ffa-4b68-8033-01bd7c1424d8', 'ka-b2b');
