-- Batch 106 (200 records)
INSERT INTO contacts (id, first_name, last_name, email, phone, company, address) VALUES
('361313a5-3b07-419a-a34a-1024e358af30', 'Heidi', 'Altmann', 'heidi.altmann@ggaweb.ch', '044 922 44 44', 'DTV Küsnacht', 'Sonnenrain 56, 8700 Küsnacht, Zürich'),
('db7e4186-8c96-47a3-bef6-fcfc3edfae12', 'Barbara', 'Bürki', 'praesidentin@dtvmaerstetten.ch', '076 454 00 47', 'DTV Märstetten', 'Dorfstrasse 4, 8560 Märstetten, Thurgau'),
('5b07ace7-c5e3-4e45-a509-73159b97a1b1', 'Barbara', 'Michel', 'baerbi_91@hotmail.com', 'N.a.', 'DTV Neukirch-Egnach', 'Seewiesenzelg 1, 9322 Egnach, Thurgau'),
('108c17b6-3a30-426e-8d8a-011bc9f919ea', 'Rahel', 'Knaus', 'rahelulrich@bluewin.ch', '079 850 68 04', 'DTV OBERHOFEN-ILLIGHAUSEN', 'Kirchstrasse 3, 8583 Sulgen, Thurgau'),
('31cb91e3-f6fc-4f99-9627-237b4b126cd4', 'Daniela', 'Dreier', 'beisitzerin@dtvpfaeffikon.ch', 'N.a.', 'DTV Pfäffikon ZH', 'Hotzenweidstrasse 44, 8330 Pfäffikon, Zürich'),
('5e7e1b44-f7ef-4948-a835-e0b9dab8ba30', 'Stefanie', 'Fässler', 'stefanie.faessler97@gmail.com', 'N.a.', 'DTV Seuzach', 'Turnerstrasse 21, 8472 Seuzach, Zürich'),
('8bc6ecb1-d588-4b80-ba23-2462e867b14e', 'Insook', 'du Fresne', 'idf@d-company.ch', '031 922 10 74', 'Du Fresne-Company AG', 'Müntschemiergasse 16, 3232 Ins, Bern'),
('8b13da9b-6ef9-4f49-a8d8-f63bd65d2fd8', 'Suzanne Rosalie', 'Durrer', 'info@du-treuhand.ch', '041 361 67 23', 'DU Treuhand AG', 'Tribschenstrasse 70, 6005 Luzern, Luzern'),
('889e00ba-1837-4574-ae4e-11f0ee626896', 'Gabriel', 'Lüthi', 'info@du-ich.ch', '062 212 96 07', 'Du+Ich Sozial- und Heilpäd. Wohngruppe', 'Mühleweg 2, 4632 Trimbach, Solothurn'),
('712b17e3-aa04-466b-ba33-3b1f907cbaad', 'Michael', 'Goldbach', 'mail@duagon.com', '044 743 73 00', 'duagon International GmbH', 'Riedstrasse 12, 8953 Dietikon, Zürich'),
('f9edc7d8-18b0-47f5-b391-a3843b46627e', 'Marcel', 'Hügi', 'info@dual.ch', '032 621 21 40', 'Dual Architekten GmbH', 'Luzernstrasse 29, 4500 Solothurn, Solothurn'),
('b01f1a8c-47b5-45bc-a201-fe5010bfaf8a', 'Peter', 'Dual', 'info@dual-ofen.ch', '056 496 59 50', 'Dual GmbH', 'Mutschellenstrasse 22, 5454 Bellikon, Aargau'),
('6790d8f5-8970-44b8-899f-12defe8634c3', 'Annett', 'Marschollek', 'info@dualswiss.com', '044 585 99 00', 'DUAL Swiss GmbH', 'Im Park 4, 8800 Thalwil, Zürich'),
('4b5bb910-1a6e-4f50-b06e-fce7177f7ef9', 'Adrian', 'von Aesch', 'info@dualis.swiss', '052 646 00 90', 'Dualis GmbH', 'Ratihard 9, 8253 Diessenhofen, Thurgau'),
('8ad85d9c-b9e3-4cf1-8267-9e66d696adda', 'Raphael', 'Mösch', 'raphael.moesch@dualoo.com', '071 552 14 14', 'Dualoo AG', 'Rietbergstrasse 37, 9403 Goldach, St. Gallen'),
('a73c73d7-483d-411e-a9af-71f55272533a', 'Paul', 'Helbling', 'marketing@dualsystems.com', '044 738 50 00', 'Dualsystems Biotech AG', 'Grabenstrasse 11a, 8952 Schlieren, Zürich'),
('409a04b8-e40a-4bd2-9855-24cb729ddfe8', 'Urban', 'Riedi', 'urban@duano.ch', '061 512 69 71', 'DUANO AG', 'Brunngasse 14, 4202 Duggingen, Basel-Land'),
('4e22152c-73e7-4aec-8a91-946c358ada72', 'Manuel', 'Gomes Duarte', 'manuel@m-duarte.ch', '078 906 55 45', 'Duarte GmbH', 'Mühlebachstrasse 4, 8124 Maur, Zürich'),
('50073985-828e-4f93-9b93-c5c7e56df694', 'Jürg', 'Dubach', 'd.w.hinwil@bluewin.ch', '044 937 45 38', 'Dubach + Wittwer AG Planer und Ingenieure', 'Gulmstrasse 57B, 6315 Morgarten, Zug'),
('bd7be856-7ed5-41af-9179-0d0869d1a84a', 'Andreas', 'Dubach', 'info@malergeschaeft-dubach.ch', '079 659 60 12', 'Dubach Andreas', 'Brunnenhofstrasse 2, 3065 Bolligen, Bern'),
('9062fc8b-4738-4ed4-8e9e-e884fd95a424', 'Erich', 'Dubach', 'dubach@besonet.ch', '032 641 10 42', 'Dubach Erich', 'Dorfstrasse 24, 2545 Selzach, Solothurn'),
('e0c5e3eb-8787-4c16-b529-18e9e165d727', 'Florian', 'Dubach', 'info@dubach-garten.ch', '079 777 83 32', 'Dubach Garten GmbH', 'Zelgmattstrasse 27, 8132 Egg b. Zürich, Zürich'),
('d68fa94d-c2f4-442f-9813-1fc08d1a5707', 'Thomas', 'Wechsler', 't.wechsler@dubachholzbau.ch', '041 924 11 31', 'Dubach Holzbau AG', 'Bernstrasse 11, 6152 Hüswil, Luzern'),
('9795729e-f7d1-4e2b-99a1-adf50266858b', 'Stefan', 'Dubach', 'office@dubachholzinger.ch', '044 421 21 90', 'Dubach Holzinger Architekten AG', 'Neptunstrasse 34, 8032 Zürich, Zürich'),
('25ce710c-e0fc-4334-aae4-9ceb9c6e94a0', 'David', 'Grimm', 'info@duebelsteinag.ch', '076 522 37 37', 'Dübelstein Consulting AG', 'Bahnhofstrasse 48, 8600 Dübendorf, Zürich'),
('1d7f5e39-e85c-4a72-b2ac-e9ba42876844', 'Yusein', 'Ahmed', 'info@zahnarztdubendorf.ch', '044 821 05 85', 'Dübi Dental Zahnarztpraxis', 'Zürichstrasse 29, 8600 Dübendorf, Zürich'),
('0efc3e7c-91e9-42a6-b4ba-fd3c0a1657be', 'Bruno', 'Dübendorfer', 'dtech@bluewin.ch', '052 385 32 25', 'Dübitech AG', 'Huebwiesstrasse 4, 8492 Wila, Zürich'),
('3217e6bb-9a57-4eda-b17a-e9479fb74528', 'Peter', 'Dubler', 'info@dubler-elektro.ch', '056 621 99 77', 'Dubler Elektro Anlagen GmbH', 'Ehrunsbachstrasse 12, 5610 Wohlen, Aargau'),
('558be34f-13ed-4a0e-940b-3cee6851100b', 'Michael', 'Dubler', 'info@dubler-gartenbau.ch', '079 359 35 96', 'Dubler Gartenbau GmbH', 'Hauptstrasse 21b, 2575 Hagneck, Bern'),
('d6a3df7a-2ddd-4f19-83f0-5a1beacdb1d3', 'Elisabeth', 'Dubler', 'info@dubler-immobilien.ch', '079 969 94 22', 'Dubler Immobilien Verwaltung & Verkauf AG', 'Am Bogen 8, 5620 Bremgarten, Aargau'),
('31ec0217-6bb8-47d6-b92e-cf42782f4aa1', 'Markus', 'Dubler', 'm.dubler@dubler-treuhand.ch', '044 947 27 23', 'Dubler Treuhand AG', 'Geissbüelstrasse 24, 8604 Volketswil, Zürich'),
('52f0678b-6d21-41a7-96a2-053bbb41f264', 'Werner', 'Dubno', 'info@dubno.ag', '044 308 90 40', 'Dubno AG', 'Thurgauerstrasse 72, 8050 Zürich, Zürich'),
('97540d94-d253-4ff4-8c56-56e6691b0b0d', 'Holger', 'Nussbeck', 'info@dueboer.com', '062 865 62 40', 'Dübör Backtrennmittel- und Apparatebau AG', 'Gehrenstrasse 4, 5074 Eiken, Aargau'),
('4abed28d-1fdf-4e69-80e0-974539d4c4bf', 'Erick', 'Krummenacher', 'info@dubroplast.ch', '041 498 06 77', 'Dubro Plast AG', 'Werkstrasse 13, 6102 Malters, Luzern'),
('13883d7d-dd67-4ea6-9eb8-a6fbd0b716b0', 'Lukas', 'Dubs', 'lukas@dubs-partner.ch', '079 757 09 63', 'Dubs & Partner Recruitment AG', 'Riedstrasse 13, 6330 Cham, Zug'),
('3cb2751b-2290-4398-8201-eb21409cc22d', 'Beat', 'Neukomm', 'info@dueby-ag.ch', '062 922 10 68', 'Düby AG Spezialitäten', 'Marktgasse 23, 4900 Langenthal, Bern'),
('c4b7bc09-16af-499d-8895-4af42c68250a', 'René', 'Duc', 'info@duclufttechnik.ch', '056 631 64 34', 'Duc Lufttechnik GmbH', 'Birrenbergstrasse 17, 5620 Bremgarten, Aargau'),
('5b145144-f3f5-4150-85ad-4383a81a47f8', 'Michael', 'Fischer', 'm.fischer@duckschanliker.ch', '044 537 85 01', 'Ducksch Anliker Architekten AG', 'Rautistrasse 55, 8048 Zürich, Zürich'),
('056090d0-8e8a-4b28-a7cf-81465f7a1d59', 'Gian', 'Kämpf', 'g.kaempf@duckschanliker.ch', '041 362 17 17', 'Ducksch Anliker Totalunternehmung AG', 'Bleienbachstrasse 22, 4900 Langenthal, Bern'),
('c8de2608-bcc4-40fa-b55e-01c9cee498d2', 'Esther', 'Streng', 'info@system4.ch', '044 854 94 94', 'Duco System AG', 'Ruchwiesenstrasse 8, 8157 Dielsdorf, Zürich'),
('a7f4f494-9f6b-4571-806b-3314e99c480d', 'Siranusch', 'Herzog', 'care@ducos.ch', '041 511 56 00', 'Ducos GmbH', 'Eschenring 3, 6300 Zug, Zug'),
('3eeb0619-8a12-47c9-803f-00a0d08a137f', 'Stefan', 'Meier', 'stefan.meier@ducretag.ch', '056 481 89 80', 'Ducret AG', 'Hauptstrasse 37, 5512 Wohlenschwil, Aargau'),
('ce42b7f0-ed44-406d-bbd8-540bba084a59', 'Bernard', 'Fenner', 'bernard.fenner@ductor.com', '041 710 10 92', 'Ductor AG', 'Bahnhofstrasse 17, 6300 Zug, Zug'),
('c9d923e4-bc6f-4ebe-a540-d66d2e79c6b5', 'Oliver', 'Dudli', 'info@dudli-gipserhandwerk.ch', '078 888 59 86', 'Dudli Gipserhandwerk', 'Oberdorfstrasse 14, 9246 Niederbüren, St. Gallen'),
('d8c409e9-3fc2-40dc-94ef-a6883b5b5a32', 'Rita', 'Portmann-Achermann', 'due@due.ch', '041 480 14 70', 'due café & bar Portmann', 'Wilgutstrasse 2, 6162 Entlebuch, Luzern'),
('9bf45792-c25a-45e9-bc45-3ec89f7c5bf0', 'Markus', 'Abegg', 'kontakt@dueemme.ch', '041 362 32 32', 'DUE EMME werbeagentur/-design Abegg', 'Tribschenstrasse 30, 6005 Luzern, Luzern'),
('bf61618b-e730-421e-a534-b17e7ab31fa7', 'Thomas', 'Dührsen', 'info@schattenspender.ch', '079 756 06 75', 'DUEHRSEN GmbH', 'Spittelweg 8, 3600 Thun, Bern'),
('382ba9a4-b0bf-4cbc-b0a2-c126fece993d', 'Dusko', 'Bakalic', 'info@freedreams.ch', '041 769 35 05', 'DuetHotel AG', 'Haldenstrasse 1, 6341 Baar, Zug'),
('19aa8239-b930-4bc5-a649-a6a7ef9147a8', 'Daniel', 'Hofer', 'info@duetto.ch', 'N.a.', 'Duetto Audio Systems GmbH', 'Neuenkirchstrasse 2, 6017 Ruswil, Luzern'),
('500c7e33-6266-4a87-8112-f13b507b7715', 'Thomas', 'Pfammatter', 'thomas@dufour.aero', '078 770 50 82', 'Dufour Aerospace AG', 'Ueberlandstrasse 271, 8600 Dübendorf, Zürich'),
('7df7fd92-2bc2-4822-927f-a119494ecda5', 'Ryan', 'Held', 'info@dufour-capital.ch', '043 243 64 45', 'DUFOUR CAPITAL AG', 'Klosbachstrasse 103, 8032 Zürich, Zürich'),
('a7b818c1-0f92-4246-b886-fff1fcf53c62', 'Thomas', 'Laeuchli', 'thomas.laeuchli@dufour-treuhand.ch', '061 560 88 88', 'Dufour Treuhand AG', 'Tiergartenrain 3, 4054 Basel, Basel-Stadt'),
('59b9eec5-203d-44b6-a535-7c1c99bc6687', 'Regula', 'Bösiger', 'dufourpraxis@hin.ch', '032 323 17 23', 'Dufourpraxis', 'Dufourstrasse 17, 2502 Biel/Bienne, Bern'),
('92f43f02-c6d2-4c9b-8442-18b5ecb79e59', 'Xavier', 'Rossinyol', 'headoffice@dufry.com', '061 266 44 44', 'DUFRY INTERNATIONAL AG', 'Brunngässlein 12, 4020 Basel, Basel-Stadt'),
('1615fb4a-fcd5-4e08-9b79-d44cbc34c30b', 'Sandra', 'Rothermann Lüthold', 'sandra@duftbengel.ch', '079 239 19 65', 'Duftbengel S. Rothermann Lüthold', 'Hirseren 5, 3633 Amsoldingen, Bern'),
('81d7ccc6-8ec0-45b4-84d5-de53a886ebb5', 'Linda', 'Flückiger', 'info@duftkreis.ch', '079 752 21 75', 'Duftkreis Flückiger', 'Bernstrasse 10, 3053 Münchenbuchsee, Bern'),
('49627e18-0c3f-40f1-9643-fdc473a7a68f', 'Peter', 'Nüesch', 'info@duftschloss.ch', '071 944 48 48', 'Duftschloss AG', 'Dorfstrasse 1, 9514 Wuppenau, Thurgau'),
('541a5172-f68b-4fa4-96fc-829854946157', 'Beat', 'Durrer', 'b.durrer@duka-gartenbau.ch', '041 662 09 62', 'Duka Gartenbau AG', 'Niderholzstrasse 40, 6062 Wilen (Sarnen), Obwalden'),
('6f850c76-8a83-4813-b27c-d91a6224abcf', 'Markus', 'Huber', 'info@dukes.ch', '043 244 40 40', 'Duke''s GmbH', 'Sihlbrugg 3, 8816 Hirzel, Zürich'),
('e8e74516-9478-412d-811a-62986dbcb593', 'Dule', 'Idrizi', 'duli_reinigung@hotmail.com', '076 570 18 73', 'Duli Reinigungen GmbH', 'Hanfteilstrasse 1, 8716 Schmerikon, St. Gallen'),
('6391e226-1f35-469d-a820-6fe8dbe44511', 'Avdulla', 'Musliu', 'duli-coiffeur@hotmail.ch', '044 557 57 29', 'Duli-Coiffeur', 'Bremgartnerstrasse 19, 8953 Dietikon, Zürich'),
('9878e3c6-61ff-4074-8e3c-90e1e716001d', 'Pascal', 'Dumas', 'pdumas@dumas-fassaden.ch', '061 731 34 32', 'Dumas AG', 'Oberdorfstrasse 16, 4107 Ettingen, Basel-Land'),
('ea5ab18c-cf33-4322-844b-a8525393cbfd', 'Daniel', 'Dumelin', 'info@dumelin-schreinerei.ch', '071 622 19 31', 'Dumelin Schreinerei GmbH', 'Istighoferstrasse 3, 8575 Bürglen, Thurgau'),
('9f5c11d1-ef89-4810-92a6-8ebeb00d5c3f', 'Josef', 'Arnold', 'j.arnold@dumet.ch', '041 784 50 17', 'Dumet AG', 'Sumpfstrasse 30, 6312 Steinhausen, Zug'),
('bd787316-939f-4424-81b4-f3ebc47246aa', 'Ralph', 'Haller', 'info@dumo.ch', '056 418 10 50', 'Dumo Informatik & Scanning AG', 'Bodenäckerstrasse 3, 8957 Spreitenbach, Aargau'),
('212d29fc-8f3c-4d60-af85-2dae44b60dab', 'Macario', 'Juan', 'juanm@dnb.com', '044 735 61 11', 'Dun & Bradstreet Schweiz AG', 'Grossmattstrasse 9, 8902 Urdorf, Zürich'),
('dcccd813-a955-40cf-bd80-56262b08bb9a', 'Christian', 'Schürch', 'info@ds-elektro.ch', '061 931 17 83', 'Dunkel & Schürch AG, Elektrische Anlagen', 'Hauptstrasse 24, 4416 Bubendorf, Basel-Land'),
('aae770d8-68f6-4b85-bca9-d384e1e60b3e', 'Christoph', 'Schumacher', 'info@dunkelweiss.ch', '041 761 81 60', 'Dunkelweiss GmbH', 'Chamerstrasse 175, 6300 Zug, Zug'),
('02737c11-846c-41fb-8a85-fa6eed9ca054', 'Martin', 'Dünki', 'dg@breitband.ch', '079 778 97 66', 'Dünki Grünblatt Dach- und Holzbau', 'In der Gasse 3, 4431 Bennwil, Basel-Land'),
('00143dcf-b4ea-4229-afe6-9629a2b6d1fb', 'Roberto', 'De Miguel', 'r.demiguel@duenkitrans.ch', '044 800 86 85', 'Dünki Transporte AG', 'Oberfeldstrasse 12b, 8302 Kloten, Zürich'),
('42b43885-298f-4337-a3bf-c6a612d8ce40', 'Urs', 'Dünnenberger', 'info@d-ing.ch', '052 223 27 27', 'Dünnenberger Projektentwicklung GmbH', 'Zürcherstrasse 105, 8500 Frauenfeld, Thurgau'),
('a11749f4-ce4c-4209-8145-90f5a412bb1a', 'Roger', 'Müller', 'info@duennern-garage.ch', '062 398 22 77', 'Dünnern-Garage AG', 'Bahnhofstrasse 30, 4622 Egerkingen, Solothurn'),
('8ef7d7ad-0a19-49cb-b245-73836c1a8820', 'Karl', 'Dunst', 'info@schreinereidunst.ch', '041 610 44 26', 'Dunst GmbH', 'Sonnmattstrasse 1, 6052 Hergiswil, Nidwalden'),
('104db7cf-0336-437e-839c-13201ec857e4', 'Joshua', 'Jörin', 'joerin@alba-gmbh.ch', '077 448 88 86', 'Duo Alba GmbH', 'Hans Huber-Strasse 41, 4500 Solothurn, Solothurn'),
('c40bdc44-14fd-43f8-b290-66809a844e25', 'Sascha', 'D''Antonio', 'info@2uo.ch', '032 322 93 77', 'DUO Entertainment GmbH', 'Zentralstrasse 54, 2502 Biel/Bienne, Bern'),
('0924d487-03de-41ea-810e-1174b5225871', 'Christian', 'Voit', 'c.voit@duoton.ch', '044 451 00 25', 'Duoton GmbH', 'Wagistrasse 7, 8952 Schlieren, Zürich'),
('8eaee64f-edf4-40a0-950f-8b9e534dba89', 'Andreas', 'Duppenthaler', 'info@du-ga.ch', '079 689 99 25', 'Duppenthaler Gartengestaltung GmbH', 'Feldstrasse 5, 4917 Melchnau, Bern'),
('a85c9c66-da5d-4072-b9d9-8c1ad1a62204', 'Marc', 'Dupper', 'info@dupper.ch', '071 440 40 10', 'Dupper Sanitär + Heizung GmbH', 'Hauptstrasse 46, 9323 Steinach, St. Gallen'),
('40600f55-4c47-4db4-8407-f98260c7d1c0', 'Alexander', 'Beck', 'alexander.beck@dups-elektro.ch', '061 901 39 00', 'Dups AG', 'Eichenweg 1, 4410 Liestal, Basel-Land'),
('755395c5-b20d-4284-9720-6309e3166268', 'Zija', 'Dura', 'info@durahaustechnik.ch', '079 518 88 21', 'Dura Haustechnik GmbH', 'Obere Zollgasse 1, 3072 Ostermundigen, Bern'),
('c98555a9-1015-44ae-ad24-26df1f44dc91', 'Ali', 'Zenuni', 'dura_maschinenbau@hotmail.com', '026 495 01 59', 'DURA Maschinenbau GmbH', 'Dorf, 1713 St. Antoni, Fribourg/Freiburg'),
('73e828c8-94bd-49af-8f30-e8a3029583c9', 'Niklaus', 'Haller', 'niklaus.haller@studiodurable.ch', '044 517 00 57', 'Durable Planung und Beratung GmbH', 'Binzstrasse 12, 8045 Zürich, Zürich'),
('96f18966-8851-4cbc-b118-566eed801aa9', 'Mohamed', 'Zelfani', 'contact@duraled.ch', '043 540 05 88', 'Duraled Lighting Solutions GmbH', 'Birmensdorferstrasse 111, 8003 Zürich, Zürich'),
('920ad3c7-a07b-488d-83c0-83649015ef04', 'Amabelle', 'Duran', 'info@duran-nannies.ch', '076 337 31 83', 'duran ACTS GmbH', 'Engenbüelstrasse 10, 8304 Wallisellen, Zürich'),
('682ea954-c85e-4c48-87cd-543b28ee9c47', 'Lucas', 'Duran', 'info@duran.swiss', 'N.a.', 'Duran Werbetechnik', 'Löhren 89, 5046 Schmiedrued, Aargau'),
('569bf7d1-c8b4-411e-9703-188e209a03bc', 'Patrizio', 'Durante', 'info@durante.ch', '061 461 05 72', 'Durante GmbH', 'Sevogelstrasse 79, 4132 Muttenz, Basel-Land'),
('9763802a-a585-4f98-9b26-d80133525b60', 'Bianca', 'Zbinden', 'info@durchstarter.ch', '041 810 37 00', 'Durchstarter Werbetechnik GmbH', 'Rickenbachstrasse 10, 6430 Schwyz, Schwyz'),
('78426374-b240-4d48-84ab-960d2e645548', 'Tim', 'Eric Engel', 'tim@durchzwei.ch', '076 379 70 77', 'durchzwei - Visuelle Kommunikation - Tim Engel', 'Sandrainstrasse 3, 3007 Bern, Bern'),
('d044847d-ba0a-43df-a458-7a470095def7', 'Othmar', 'Arnold', 'info@durena.ch', '062 886 93 79', 'Durena AG', 'Murackerstrasse 6, 5600 Lenzburg, Aargau'),
('5b1e40bf-7c02-4d7c-8720-d8ea79926c2a', 'Philip', 'Willis', 'philip.willis@duresco.ch', '061 726 62 10', 'Duresco GmbH', 'Benkenstrasse 250, 4108 Witterswil, Solothurn'),
('812acb20-a2c5-495c-b2d4-e547a9a9edcb', 'Peter', 'Emmenegger', 'info@duerigundpartner.ch', '031 762 14 44', 'Dürig & Partner AG', 'Brüggackerstrasse 4, 3303 Jegenstorf, Bern'),
('3ca5b4b0-7f44-4e4d-b85a-5459c2bb81b2', 'Raphael', 'Bösch', 'r.boesch@duerig.org', '044 245 46 30', 'Dürig AG', 'Feldstrasse 133, 8004 Zürich, Zürich'),
('4cffe221-fa7b-433c-ba35-7d9740db97b3', 'Markus', 'Dürig', 'gartenbauduerig@bluewin.ch', '031 859 06 02', 'Dürig Gartenbau', 'Unterdorfstrasse 13, 3322 Urtenen-Schönbühl, Bern'),
('b99f7117-1561-4bb1-a03e-503cae976f9e', 'Xaver', 'Dürig', 'duerig@vomschreiner.ch', '031 332 62 32', 'Dürig und Völkel GmbH', 'Scheibenstrasse 62, 3014 Bern, Bern'),
('1ac5b3f4-d106-4dff-b1d5-793db4665dfa', 'Reto', 'Wegmüller', 'wegmueller@dueriggaerten.ch', '079 696 72 75', 'DürigGärten AG', 'Grande Ferme 19, 3280 Murten, Fribourg/Freiburg'),
('96b044c7-60f1-414f-9494-d33e8548d85d', 'Heinz', 'Düring', 'info@dueringag.ch', '044 847 27 47', 'Düring AG', 'Langwiesenstrasse 1, 8108 Dällikon, Zürich'),
('06041f94-730e-4cd0-a7c1-e5e33111b1b7', 'Patrick', 'Düring', 'info@duering.ch', '041 445 12 12', 'Düring AG Ebikon', 'Ronmatte 9, 6030 Ebikon, Luzern'),
('57f12757-37c6-4778-9d8e-7386f074293a', 'Roland', 'Berger', 'info@durinox.ch', '032 679 21 16', 'Durinox AG', 'Industriestrasse 13, 2543 Lengnau, Bern'),
('c7e4d83c-6538-41b4-98d2-f108207cb157', 'Adrian', 'Stieger', 'adrian.stieger@durlum.ch', '079 703 15 46', 'durlum AG', 'Steinhaldenstrasse 28, 8954 Geroldswil, Zürich'),
('6cfc80b4-00ec-4ec1-8260-a83b32617243', 'Ramona Silvia', 'Teixeira Fernandes', 'verkauf@durlux.ch', '061 692 92 92', 'Durlux AG', 'Herrenweg 60, 4123 Allschwil, Basel-Land'),
('7a653d25-a868-4865-bb4a-68a7de0c1dd2', 'Adolf', 'Beeler', 'durmetal@durmetal.ch', '041 666 29 66', 'Durmetal AG', 'Melchtalerstrasse 69, 6066 St. Niklausen, Obwalden'),
('91cbedb1-ea33-4c83-8aa7-b2ca9ae2674b', 'Christian', 'Dreier', 'ch.dreier@durolaminat.ch', '061 599 88 10', 'Durolaminat AG', 'Industriering 37, 4227 Büsserach, Solothurn'),
('107b1690-feed-460f-8d0a-544dd569d1cf', 'Stephan', 'Huwiler', 'info@durovis.ch', '041 455 60 10', 'Durovis AG', 'Elsihof 5, 6035 Perlen, Luzern'),
('64be5fce-2847-4758-89bf-d3a38e706ea4', 'Patrick', 'Jörg', 'patrick.joerg@duerrdental.com', '044 885 06 34', 'Dürr Dental Schweiz AG', 'Grabenackerstrasse 27, 8156 Oberhasli, Zürich'),
('eec7abd0-ea15-463c-9eef-d971433935d9', 'Lorenz', 'Dürr', 'info@duerr-haustechnik.ch', '081 771 12 34', 'Dürr Haustechnik AG', 'Haagerstrasse 61, 9473 Gams, St. Gallen'),
('2c5d12d0-8cbe-4e58-8837-ad6c6d86c896', 'Roland', 'Dürr', 'malerei.duerr@bluewin.ch', '071 755 27 67', 'Dürr Malerei GmbH', 'Härdlistrasse 32, 9453 Eichberg, St. Gallen'),
('8d286265-6869-4e8e-aaae-d8864f9e3357', 'Erich', 'Dürrenberger', 'erich@duerrenbergermaler.ch', '061 666 65 62', 'dürrenberger maler ag', 'Auf dem Wolf 37, 4052 Basel, Basel-Stadt'),
('da02d47a-93cc-400c-b0fa-b122a6b30157', 'Matthias', 'Dürrenmatt', 'info@vermietung-verkauf-wohnmobile.ch', '032 558 40 11', 'Dürrenmatt''s Wohnmobile & Yachtcharter', 'Sägemattstrasse 17, 2540 Grenchen, Solothurn'),
('a0eda182-30fb-4de0-936f-263cb49e9af9', 'Kurt', 'Durrer', 'info@durrer-gartenbau.ch', '041 660 62 08', 'durrer & vogt gartenbau GmbH', 'Chapfli 18, 6072 Sachseln, Obwalden'),
('0fe31af2-9373-4018-9f5c-5103d2d212ed', 'Hansruedi', 'Durrer', 'du-pa@bluewin.ch', '041 660 59 30', 'Durrer + Partner AG', 'Schneggenhubel 2, 6064 Kerns, Obwalden'),
('eff33637-2dd2-4ab3-963d-c729426489a0', 'Daniel', 'Durrer', 'mail@durrerarchitekten.ch', '041 662 17 71', 'Durrer Architekten AG', 'Moosstrasse 7, 6003 Luzern, Luzern'),
('057b9ae5-c419-4460-86d8-4366fed0a5de', 'Christian Peter', 'Durrer', 'd.c.t@kfnmail.ch', '041 620 68 49', 'Durrer Combined Technology', 'Pilatusweg 4, 6374 Buochs, Nidwalden'),
('2d4cd35e-e139-42f3-be14-2c7dfe47e5b5', 'Josef', 'Durrer', 'j.durrer@gartenbaudurrer.ch', '062 963 23 22', 'Durrer Gartenbau AG', 'Wangenstrasse 64a, 3360 Herzogenbuchsee, Bern'),
('3033adc0-ae0a-4951-abad-3d87b41ec516', 'Jost', 'Durrer', 'info@durrerenergie.ch', '041 660 86 66', 'Durrer Jost Energie GmbH', 'Flüelistrasse 26, 6064 Kerns, Obwalden'),
('fd6af962-d54f-43ca-bdf1-e70a6e1f9882', 'Ludwig', 'Durrer', 'info@durrer.com', '041 854 40 60', 'Durrer Spezialmaschinen AG', 'Calendariaweg 2, 6405 Immensee, Schwyz'),
('6bc7afa5-1908-49a3-aec3-fe3afe117068', 'Alois', 'Durrer', 'info@durriso.ch', '041 661 00 43', 'Durriso Fenster AG', 'Breitenstrasse 7, 6064 Kerns, Obwalden'),
('b49eb886-49fb-4b07-8d62-ccf3b83ae953', 'André', 'Meyer', 'info@durrisolkuster.ch', '061 906 16 16', 'Durrisol Kuster AG', 'Parkstrasse 6, 4402 Frenkendorf, Basel-Land'),
('5d6be0ee-0379-4a4b-8664-a8c9eb5f66c8', 'Edgar', 'Durschei', 'edgar.durschei@durschei.ch', '081 936 46 00', 'Durschei Fiduziaria SA', 'Via Lucmagn 7, 7180 Disentis/Mustér, Graubünden'),
('c83cfdbb-9536-4344-95ab-44c173f0bf3e', 'Annalise', 'Durscher', 'info@durscher-genuss.ch', '071 988 43 62', 'Durscher Feinkost GmbH', 'Schönenbergstrasse 1048, 9630 Wattwil, St. Gallen'),
('4a3bc2d3-18ca-4c19-bd60-2d8ea68d9b24', 'Jakob', 'Durscher', 'info@ihrbauberater.ch', '071 988 43 62', 'Durscher Solution GmbH', 'Vorderer Schönenberg 1048, 9630 Wattwil, St. Gallen'),
('e1601500-2090-4973-9310-1aaf3cdbc5f0', 'Jakob', 'Dürst', 'info@duerstag.ch', '071 932 17 10', 'Dürst AG', 'Remis 73, 9533 Kirchberg, St. Gallen'),
('2b395880-bba4-45d8-a786-9fec69be7b3d', 'Peter', 'Durst', 'office@durst-hauswart.ch', '061 853 97 50', 'Durst GmbH', 'Kraftwerkstrasse 1, 4313 Möhlin, Aargau'),
('17ac5616-9291-485f-a5a2-26bb91008fb6', 'Walter', 'Dürst', 'wdu@duerstreinigungen.ch', '056 442 52 59', 'Dürst Reinigungen GmbH', 'Veltheimerstrasse 3, 5107 Schinznach Dorf, Aargau'),
('84ba6ca9-0ac9-42e6-9442-94f086c17cac', 'Marcel', 'Ziegler', 'ziegler@duerst-immotreu.ch', '055 240 53 70', 'Dürst Treuhand AG', 'Neuguetstrasse 8, 8630 Rüti, Zürich'),
('25c14691-3a1e-4927-ab36-0ff426369f86', 'Daniela', 'Fernández', 'durst@fgg.ch', '058 123 41 71', 'Durst/Sete/Soif', 'Theophil-Roniger-Strasse, 4310 Rheinfelden, Aargau'),
('b640e00c-bb43-41ce-90a0-4b193bfbd276', 'Thomas', 'Dürsteler', 'thomas@duersteler.ch', '052 244 06 83', 'Dürsteler Bauplaner GmbH', 'Rudolf Diesel-Strasse 3, 8404 Winterthur, Zürich'),
('f60e67d2-03e1-4fe0-979d-5c7421edf28f', 'Annamarie', 'Keller', 'annamarie.keller@kellerengineering.ch', '044 936 55 92', 'Dürstelerhaus', 'Grüningerstrasse 150, 8626 Ottikon (Gossau), Zürich'),
('4e3ef8d0-c280-4c3b-bef4-ac9b7664d881', 'Simon', 'Gahlinger', 'simon.gahlinger@durtschi.ch', '061 921 27 27', 'Durtschi AG', 'Lindenstrasse 2, 4410 Liestal, Basel-Land'),
('a0d5b102-17d8-4f8a-a431-84e7eed95a78', 'Kurt', 'Duschinger', 'info@duschinger.ch', '044 980 42 16', 'Duschinger Gartenbau AG', 'Brunnenwisstrasse 8, 8627 Grüningen, Zürich'),
('9b9cb9bb-5aee-4281-9cb9-b01ac11d4913', 'Andreas', 'Bernt-Bärtl', 'info@duscholux.ch', '033 334 41 11', 'Duscholux AG', 'C.F.L.-Lohner-Strasse 30, 3604 Thun, Bern'),
('b2a0f7d2-b1b2-4d92-b8b3-019b929c4b54', 'Mario', 'Düsel', 'info@duesel.ch', '081 756 32 30', 'Düsel Bodenbeläge AG', 'Churerstrasse 59, 9470 Buchs, St. Gallen'),
('05d769af-4411-41be-9234-4de0970e79b0', 'Leonard', 'Dushi', 'leonard.dushi@outlook.com', '079 750 82 72', 'Dushi Bodenbeläge GmbH', 'Obere Erlen 21, 6020 Emmenbrücke, Luzern'),
('ab21f5f6-52cb-4525-80aa-bc0d4ad61e6c', 'Khwin', 'Duski', 'dusky@hotmail.ch', '041 210 22 82', 'Dusky GmbH', 'Kauffmannweg 8, 6003 Luzern, Luzern'),
('38f66aa9-9833-4a5b-a2e4-54dfc506efd6', 'Philipp', 'Duss', 'info@dussmueller.ch', '041 787 31 32', 'Duss & Müller GmbH', 'Hirselen 3, 6042 Dietwil, Aargau'),
('ee7b81b4-2a70-4a96-b438-3f24f281264b', 'Joseph', 'Duss', 'info@dussbau.ch', '041 467 07 29', 'Duss Bau AG Luzern', 'Industriestrasse 16, 6010 Kriens, Luzern'),
('d793b941-6bcd-4464-ba1f-bf1fbc448001', 'Bruno', 'Duss', 'bruno@duss-baumanagement.ch', '041 620 00 01', 'Duss Baumanagement AG', 'Vorderlinden 2, 6374 Buochs, Nidwalden'),
('7eb26b82-7b15-43b4-941e-a77d60295b82', 'Herbert', 'Duss', 'info@coiffure-duss.ch', '062 794 01 01', 'Duss Coiffure', 'Bernstrasse 67, 4852 Rothrist, Aargau'),
('b4a5dfe7-35e7-4cd3-9bfc-fa06c339ae9b', 'René', 'Widmer', 'r.widmer@duss-kuechen.ch', '041 269 06 46', 'Duss Küchen AG', 'Emmenweidstrasse 12, 6020 Emmenbrücke, Luzern'),
('17f7d797-ed60-4ca5-9075-24ba7bc25ca4', 'Thomas', 'Duss', 'kontakt@duss-planung.ch', '041 210 40 90', 'Duss Planungsbüro Sanitär & Sprinkler', 'Seestrasse 10, 6203 Sempach, Luzern'),
('a657e3df-d81b-47b2-b96a-ceebd531255d', 'Stefan', 'Duss', 'info@duss-plattenbelaege.ch', '079 652 16 47', 'Duss Plattenbeläge GmbH', 'Willisauerstrasse 52, 6248 Alberswil, Luzern'),
('bfe2bfe9-25e3-41e6-a609-705ce4cf34c5', 'Rita', 'Huwiler', 'info@duss-service.ch', '079 138 29 36', 'Duss Service GmbH', 'Ebnet 29, 6163 Ebnet, Luzern'),
('7649ef21-e838-4ae0-8c8a-220eb99169d1', 'Diana', 'Duss Birrer', 'd.duss@dusstreuhand.ch', '041 710 47 70', 'Duss Treuhand GmbH', 'Allmendstrasse 1, 6303 Zug, Zug'),
('477d3eb0-93fb-4a0a-8835-5af65e43bc69', 'Markus', 'Schmutz', 'info@dussmann.ch', '058 433 34 34', 'Dussmann Service AG', 'Hohlstrasse 535, 8048 Zürich, Zürich'),
('e83d2cbd-5a8c-4e9f-8760-b13a50c6f21c', 'David', 'Dussol', 'dussolservice@outlook.com', '078 722 46 52', 'Dussol Service', 'Martinsgasse 20, 4051 Basel, Basel-Stadt'),
('1729ddf5-6317-4156-a9fb-0858c4e38074', 'Thomas', 'Steinmann', 'ts@dussteinmann.ch', '041 980 00 10', 'DusSteinmann Transport AG', 'Mööslimatten 15, 6218 Ettiswil, Luzern'),
('45f6cae3-931c-4988-ad11-81e4e4611496', 'Markus', 'Dutli', 'info@dutlimetallbau.com', '044 740 15 40', 'Dutli Stahl-und Metallbau', 'Moosmattstrasse 16, 8953 Dietikon, Zürich'),
('64dc5b58-43b3-4282-8b32-a3d64c3a89a3', 'Bernhard', 'Dütschler', 'info@duetschler-gebaeudetechnik.ch', '055 240 30 00', 'Dütschler Gebäudetechnik GmbH', 'Schlossbergstrasse 39, 8630 Rüti, Zürich'),
('86bbda35-a922-48fb-a283-515f3e470423', 'Bruno', 'Zindel', 'zindel@duetschler-ag.ch', '081 740 45 49', 'Dütschler Schreinerei AG', 'Hofstatt 7, 9465 Salez, St. Gallen'),
('b0d4dfb0-b7c7-4ec8-b9a6-7fc102db0845', 'Gian Andrea', 'Duttweiler', 'info@duttweiler-ag.ch', '081 851 07 50', 'Duttweiler AG', 'Quadratscha 15, 7503 Samedan, Graubünden'),
('29f840b9-6fb5-456c-a60d-5355d2a9dd20', 'Jürg', 'Duttweiler', 'info@duttigaerten.ch', '044 850 65 46', 'Duttweiler Gartenbau', 'Brunnenwiesenstrasse 15, 8172 Niederglatt, Zürich'),
('6a3a282e-339e-47ca-8a05-5feb7672b01d', 'Michael', 'Herrmann', 'michael.herrmann@duttweiler-treuhand.ch', '061 927 97 22', 'Duttweiler Treuhand AG', 'Arisdörferstrasse 2, 4410 Liestal, Basel-Land'),
('290f6b28-e8ca-45b8-bfe0-1e80ddd34980', 'Albert', 'Duttwyler', 'service@duttwyler-service.ch', '071 351 50 81', 'Duttwyler-Service GmbH', 'Gossauerstrasse 99, 9100 Herisau, Appenzell Ausserrhoden'),
('165e66d0-8ffa-42cc-8d24-c64a3ad2a4e7', 'Florian', 'Bischof', 'info@duxon.ch', '055 451 00 40', 'Duxon AG', 'Betti 46, 8856 Tuggen, Schwyz'),
('220673cc-05a9-4219-9104-04965cc90d53', 'Zeynep', 'Duyar', 'info@duyart.ch', '044 211 86 51', 'Duyart Coiffure', 'Strehlgasse 8, 8001 Zürich, Zürich'),
('8bf78570-d4ed-4bc7-8331-ddc8348af346', 'Xaver', 'Weibel', 'hallo@dvbern.ch', '031 378 24 24', 'DV Bern AG', 'Nussbaumstrasse 21, 3000 Bern 22, Bern'),
('766586ec-56f0-4bb8-8188-af45b97757df', 'Derya', 'Vural', 'info@dvi-elektroplan.ch', '044 500 39 09', 'DVI ELEKTROPLAN GMBH', 'Schönauring 40, 8052 Zürich, Zürich'),
('4e14d309-fc1e-4291-b639-4321dd017a55', 'Dominik', 'von Känel', 'info@dvk-alacarte.ch', '079 222 48 82', 'dvk Coaching/Conception/Moderation à la Carte GmbH', 'Niesenweg 57, 3125 Toffen, Bern'),
('a067f88b-dea3-47a9-9080-a88b161f24c1', 'Patrik', 'Dvorak', 'dvorak@dvorak-partner.ch', '071 911 65 00', 'Dvorak & Partner', 'Zürcherstrasse 65, 9500 Wil, St. Gallen'),
('eec76cf1-ab52-4f57-a0b4-69583a8c1deb', 'Daniel', 'Wirth', 'info@fwconcept.ch', '043 488 80 00', 'dw design & concept ag', 'Hofstrasse 106, 8623 Wetzikon, Zürich'),
('b8857ccb-5106-4908-83ec-2d098b0dfebf', 'Dino', 'Waldvogel', 'info@dw-gmbh.ch', '052 741 32 86', 'DW Finanz GmbH', 'Im Bölli 16, 8259 Kaltenbach, Thurgau'),
('b2579820-cd56-4791-8d3c-33fda0db8d22', 'Dieter', 'Wanner', 'info@joker-sissach.ch', '061 723 13 00', 'DW Joker GmbH', 'Im Hofacher 1, 4461 Böckten, Basel-Land'),
('9d971a93-1ba0-41c2-a166-7032344bc1c1', 'Damir', 'Wella', 'info@konzept-bau.ch', '079 199 46 77', 'DW Konzeptbau AG', 'Hauptstrasse 30, 5312 Döttingen, Aargau'),
('1f50e4f6-78cb-4ca2-a59e-72f3065fd08e', 'Denis', 'Weber', 'info@dwh-immobilien.ch', '041 781 51 10', 'DWH Immobilien AG', 'Dorfgässli 4, 6331 Hünenberg, Zug'),
('de5135c3-4028-4389-b191-2dfab73db1e3', 'Bjoern', 'Jesch', 'dws.ch@dws.com', '044 227 37 47', 'DWS CH AG', 'Hardstrasse 201, 8005 Zürich, Zürich'),
('6626ab6d-c58b-4ec2-93f8-823abbce3cfe', 'Peter', 'Gugler', 'lab@dxc-rt.com', '061 713 72 88', 'DXC RT AG', 'Gewerbestrasse 7a, 4147 Aesch, Basel-Land'),
('4a8d702b-d917-4ef5-8225-72e9bd0c6729', 'René', 'Weiermann', 'info@ch.csc.com', '043 547 19 00', 'DXC Technology Switzerland GmbH', 'Neue Winterthurerstrasse 99, 8304 Wallisellen, Zürich'),
('49d98388-da06-41bd-8af7-277f7ff437d1', 'Emanuel', 'Kaeser', 'info@dygaertner.ch', '076 420 33 22', 'DY Gärtner GmbH', 'Grellingerstrasse 10, 4206 Seewen, Solothurn'),
('044616b7-b92b-404d-9487-68e9c729d912', 'Jana', 'Gross', 'info@dybuster.com', '044 250 76 10', 'Dybuster  AG', 'Lintheschergasse 7, 8001 Zürich, Zürich'),
('38b70900-d75b-4cb8-a834-09ccb67dda23', 'Hubert', 'Zimmermann', 'mail.dyconex@mst.com', '043 266 11 00', 'Dyconex AG', 'Grindelstrasse 40, 8303 Bassersdorf, Zürich'),
('70418948-99a1-408b-b548-6d87c3a6daba', 'Hans-Peter', 'Güllich', 'info@dydon.net', '043 243 64 45', 'Dydon AG', 'Hechlenberg 17, 8704 Herrliberg, Zürich'),
('c879ec84-02a1-4c5a-8bc5-e4fe3fcdf135', 'Jonny', 'Zangger', 'jonny@dyer-smith.ch', '044 244 62 62', 'DYER-SMITH AG', 'Bergstrasse 23, 8953 Dietikon, Zürich'),
('f15a747d-7139-4824-b8d3-6478df18530a', 'Pierre', 'Toudjip Kouamo', 'info@dy-fit.ch', '061 411 16 05', 'Dy-Fit GmbH', 'Tramstrasse 66, 4142 Münchenstein, Basel-Land'),
('8d05d709-ad9f-47de-bfda-19711eb68ee8', 'Ralf', 'Weidkuhn', 'r.weidkuhn@dyhrberg.ch', '062 386 80 00', 'Dyhrberg AG', 'Solothurnerstrasse 40, 4710 Balsthal, Solothurn'),
('7388f0b8-266d-41af-9441-789e4b051c92', 'Jacobo', 'Perez Turina', 'info@dynakom.ch', '061 405 10 20', 'Dynacom GmbH, Agentur für Marketing-Kommunikation c/o MMO Treuhand Monika Mosimann', 'Freie Strasse 8, 4001 Basel, Basel-Stadt'),
('ac7175e0-434c-4c8c-9172-247683f4c8be', 'Sergio', 'Capuzzi', 's.capuzzi@dynamic-asc.ch', '076 681 60 52', 'Dynamic ASC GmbH', 'Breitfeld 5, 6403 Küssnacht am Rigi, Schwyz'),
('1765a4b0-32ad-4e40-8b8f-2a36a0829221', 'Monika', 'Hauri', 'info@dynamic-center.ch', '071 333 45 33', 'dynamic center teufen GmbH', 'Ebni 1, 9053 Teufen, Appenzell Ausserrhoden'),
('7c55f69e-937a-43b2-ae21-186e46d30292', 'Ursula', 'Björkman', 'info@dynamiccoach.ch', '078 867 86 09', 'Dynamic Coach - Ursula Björkman', 'Fabrikstrasse 17, 8505 Pfyn, Thurgau'),
('80e56f3a-d039-441d-9555-9adc18d9caad', 'Anja', 'Sigmund', 'info@dynamic-equilibrium.ch', '079 94 49 375', 'Dynamic Equilibrium Rotkreuz', 'Schöngrund 1, 6343 Rotkreuz, Zug'),
('aa1f274e-94db-4596-9a5e-3a2a892da59f', 'Tino', 'Passafaro-Benz', 'info@dynamic-fitness.ch', '041 260 85 22', 'Dynamic Fitness-Center GmbH', 'Rüeggisingerstraße 29, 6020 Emmenbrücke, Luzern'),
('4d0a140d-8e8b-4f43-896f-88628f10b09e', 'Dennis', 'Kräling', 'info@dynamicphysio.ch', '061 381 02 02', 'Dynamic Physio GmbH', 'Kaysersbergerstrasse 45, 4055 Basel, Basel-Stadt'),
('81320829-c22c-476d-8789-5b024deba8dd', 'Ritu', 'Jansen', 'ritu@jansenpost.ch', '076 404 55 57', 'Dynamic Yoga Zug', 'Feldhof 23, 6300 Zug, Zug'),
('6e91fb37-7fba-463b-82f9-21891cbb9efb', 'Beatrice', 'Brupbacher', 'info@dynamic-duo.ch', '044 920 58 77', 'dynamic-duo Webagentur GmbH', 'Alte Landstrasse 1, 8707 Uetikon am See, Zürich'),
('667c007d-4e1a-48ae-92c8-6638c67452da', 'Friedrich', 'Kisters', 'friedrich.kisters@dynamicelement.com', 'N.a.', 'DynamicElement AG', 'Rothausstrasse 1, 8280 Kreuzlingen, Thurgau'),
('3a007dd6-fcd6-4f60-9be9-d4ac1962f4fb', 'Denis', 'Müller', 'mueller@dynamikag.ch', '079 405 26 71', 'Dynamik Beratung AG', 'Seestrasse 353, 8038 Zürich, Zürich'),
('65724eab-3452-4d13-bc32-8778824e6784', 'Matthias', 'Keller', 'info@dynamikprozessor.ch', '079 780 79 19', 'Dynamikprozessor GmbH', 'Zugerstrasse 32, 6340 Baar, Zug'),
('604c9c59-1278-4407-b11c-6266cdf73540', 'Rita', 'Manhart', 'rita.manhart@dynamis-1-2-3.ch', '078 880 84 56', 'dynamis 1 2 3 Rita Manhart', 'Kirchgasse 7, 4450 Sissach, Basel-Land'),
('5c991c89-768a-4242-ae62-ffdc0097c5a3', 'Sonja', 'Madörin', 'sonja.madoerin@dynamis-1-2-3.ch', '079 295 92 46', 'dynamis 1 2 3 Sonja Madörin', 'Dornacherstrasse 192, 4053 Basel, Basel-Stadt'),
('ea1096b2-15ae-4478-bd8d-7e7e8dfa7815', 'Lilly', 'Stössel', 'dynamis@bluewin.ch', '052 238 17 11', 'Dynamis Freie Naturmedizin', 'Oberseenerstrasse 136, 8405 Winterthur, Zürich'),
('31cc62d2-e234-4041-b8eb-7c91da9e2a1d', 'Andreas', 'Wüthrich', 'info@dynamis-treuhand.ch', '062 892 49 49', 'Dynamis Treuhand AG', 'Aarauerstrasse 10, 5600 Lenzburg, Aargau'),
('30f42f9a-098a-42d2-9ebc-58c7c7643f6d', 'Adrian', 'Käser', 'email@dynamo-sport.ch', '061 831 70 41', 'Dynamo Sport', 'Fassbindstrasse 2A, 4310 Rheinfelden, Aargau'),
('68801f50-e695-4fdb-a782-47bda34d0f08', 'Simon', 'Lüdi', 'simon.luedi@dynasoft.ch', '032 624 17 77', 'Dynasoft AG', 'Niklaus-Konrad-Strasse 16, 4500 Solothurn, Solothurn'),
('edaedeb0-01d0-4641-b059-474250cb6460', 'Eduardo', 'Carvalho', 'contato@dynastygi.com', 'N.a.', 'Dynasty Global Investments AG', 'Gartenstrasse 6, 6300 Zug, Zug'),
('62e006fc-6ece-48fb-9116-74964a985aef', 'Erwin Anton', 'Durrer', 'lechuza_support@dynco.ch', '031 555 79 79', 'DYNCO AG', 'Bolligenstrasse 90, 3065 Bolligen, Bern'),
('a8c1118e-bfa3-4388-b5d1-e802013378e1', 'Andreas Christian', 'Studer', 'support@glassy.ch', '055 224 40 20', 'Dynoptic Partner AG', 'Feldlistrasse 29, 8645 Jona, St. Gallen'),
('c2f1a1ae-4c45-4a8e-8f1d-f38de70d3830', 'Robert', 'Webster', 'help@dyson.ch', '0848 807 817', 'Dyson SA', 'Kalanderplatz 5, 8045 Zürich, Zürich'),
('efab4b28-2064-4ba6-9794-1de21a562a0c', 'Daniel', 'de Zordo', 'ddezordo@bluewin.ch', '079 305 29 69', 'dz management GmbH', 'Seftigenstrasse 310, 3084 Wabern, Bern'),
('2e84d528-5af1-4b69-acaa-236a216b89f2', 'Erich', 'Hegner', 'info.ch@dz-privatbank.com', '044 214 94 00', 'DZ PRIVATBANK (Schweiz) AG', '8022 Zürich, Zürich'),
('21f4d464-2a04-4886-956a-d827c315a66c', 'Ferit', 'Dzaferi', 'info@dzaferi-gartenbau.ch', '079 402 56 21', 'Dzaferi Gartenbau GmbH', 'Usser-Vollikon 10, 8123 Ebmatingen, Zürich'),
('fdfd705c-cdca-432e-88da-044befa1705f', 'Jürg', 'Mosimann', 'juerg.mosimann@tamedia.ch', '044 248 61 60', 'DZZ Druckzentrum Zürich AG', 'Bubenbergstrasse 1, 8045 Zürich, Zürich'),
('82b15b2e-a720-4c53-a27e-b4c910c355b4', 'Gianni', 'Cantelmi', 'info@dzz.ch', '062 751 28 65', 'DZZ Lutz & Cantelmi AG', 'Niklaus-Thut Platz 7, 4800 Zofingen, Aargau');

INSERT INTO leads (id, contact_id, source, status, value, notes) VALUES
('d8b8e081-4b6f-4b88-b381-12562f6f3539', '361313a5-3b07-419a-a34a-1024e358af30', 'KALTAKQUISE', 'ACTIVE', 0, 'Funktion: Geschäftsführer/in (CEO) | Mitarbeiter: 1 bis 10 | Branche: Turnvereine'),
('1bc8cf41-b380-46d2-ae22-4dfa23f7c891', 'db7e4186-8c96-47a3-bef6-fcfc3edfae12', 'KALTAKQUISE', 'ACTIVE', 0, 'Funktion: Präsidium  | Mitarbeiter: 1 bis 10 | Branche: Turnvereine'),
('f3453ae3-d7cd-433b-8fb7-b3fad84553a0', '5b07ace7-c5e3-4e45-a509-73159b97a1b1', 'KALTAKQUISE', 'ACTIVE', 0, 'Funktion: Präsidium  | Mitarbeiter: 1 bis 10 | Branche: Turnvereine'),
('84056975-4bb4-4213-ae4f-2e1098c5e213', '108c17b6-3a30-426e-8d8a-011bc9f919ea', 'KALTAKQUISE', 'ACTIVE', 0, 'Funktion: Präsidium  | Mitarbeiter: 1 bis 10 | Branche: Turnvereine'),
('c66f61ca-d6ca-45a2-b53b-e35427124c81', '31cb91e3-f6fc-4f99-9627-237b4b126cd4', 'KALTAKQUISE', 'ACTIVE', 0, 'Funktion: Geschäftsführer/in (CEO) | Mitarbeiter: 1 bis 10 | Branche: Turnvereine'),
('9298b2d6-a001-44af-88e7-de8d6f2d5c26', '5e7e1b44-f7ef-4948-a835-e0b9dab8ba30', 'KALTAKQUISE', 'ACTIVE', 0, 'Funktion: Geschäftsführer/in (CEO) | Mitarbeiter: 1 bis 10 | Branche: Turnvereine'),
('30a6799e-7ac1-446f-aaf7-08b2fb471898', '8bc6ecb1-d588-4b80-ba23-2462e867b14e', 'KALTAKQUISE', 'ACTIVE', 0, 'Funktion: Geschäftsführer/in (CEO) | Mitarbeiter: 1 bis 10 | Branche: Architekturbüros | Rechtsform: Aktiengesellschaft'),
('eb1d6e9e-c21d-4144-b28d-93da77de5d9e', '8b13da9b-6ef9-4f49-a8d8-f63bd65d2fd8', 'KALTAKQUISE', 'ACTIVE', 0, 'Funktion: Geschäftsführer/in (CEO) | Mitarbeiter: 1 bis 10 | Branche: Treuhandbüros'),
('5ad83664-df9c-471d-be8d-24fb2a81b5c5', '889e00ba-1837-4574-ae4e-11f0ee626896', 'KALTAKQUISE', 'ACTIVE', 0, 'Funktion: Geschäftsführer/in (CEO) | Mitarbeiter: 1 bis 10 | Branche: Heime beeintr. Personen | Rechtsform: Gesellschaft mit beschränkter Haftung'),
('5a5a24dd-3dad-461a-b149-b2b47aa740a4', '712b17e3-aa04-466b-ba33-3b1f907cbaad', 'KALTAKQUISE', 'ACTIVE', 0, 'Funktion: Geschäftsführer/in (CEO) | Mitarbeiter: 1 bis 10 | Branche: Elektroindustrie | Rechtsform: Gesellschaft mit beschränkter Haftung'),
('8910b3dc-723f-4415-9d0e-51fb1dad1dc7', 'f9edc7d8-18b0-47f5-b391-a3843b46627e', 'KALTAKQUISE', 'ACTIVE', 0, 'Funktion: Geschäftsführer/in (CEO) | Mitarbeiter: 1 bis 10 | Branche: Architekturbüros | Rechtsform: Gesellschaft mit beschränkter Haftung'),
('26777b29-b7ce-4797-9c9b-2a56c6088127', 'b01f1a8c-47b5-45bc-a201-fe5010bfaf8a', 'KALTAKQUISE', 'ACTIVE', 0, 'Funktion: Geschäftsführer/in (CEO) | Mitarbeiter: 1 bis 10 | Branche: Boden- & Plattenleger | Rechtsform: Gesellschaft mit beschränkter Haftung'),
('9af5a07f-15f8-4de2-b60b-283cbeb124c7', '6790d8f5-8970-44b8-899f-12defe8634c3', 'KALTAKQUISE', 'ACTIVE', 0, 'Funktion: Geschäftsführer/in (CEO) | Mitarbeiter: 1 bis 10 | Branche: Versicherungsbroker & -makler'),
('a6962c7f-9d3b-43ea-95fe-822d36a81039', '4b5bb910-1a6e-4f50-b06e-fce7177f7ef9', 'KALTAKQUISE', 'ACTIVE', 0, 'Funktion: Geschäftsführer/in (CEO) | Mitarbeiter: 11 bis 20 | Branche: Energieindustrie / Metallbauer | Rechtsform: Gesellschaft mit beschränkter Haftung'),
('f18987a6-7760-4b5a-9032-c44ed6f20088', '8ad85d9c-b9e3-4cf1-8267-9e66d696adda', 'KALTAKQUISE', 'ACTIVE', 0, 'Funktion: Geschäftsführer/in (CEO) | Mitarbeiter: 1 bis 10 | Branche: IT Unternehmen | Rechtsform: Aktiengesellschaft'),
('2ee349f4-3f27-4f42-ab33-80393e19e389', 'a73c73d7-483d-411e-a9af-71f55272533a', 'KALTAKQUISE', 'ACTIVE', 0, 'Funktion: Geschäftsführer/in (CEO) | Mitarbeiter: 51 bis 100 | Branche: Life-Science-Industrie | Rechtsform: Aktiengesellschaft'),
('7f1ee830-908f-4615-aecc-1a90d0c87e49', '409a04b8-e40a-4bd2-9855-24cb729ddfe8', 'KALTAKQUISE', 'ACTIVE', 0, 'Funktion: Geschäftsführer/in (CEO) | Mitarbeiter: 1 bis 10 | Branche: Unternehmensberater | Rechtsform: Aktiengesellschaft'),
('7364622c-fea8-47be-9a84-cbf32f2a4e28', '4e22152c-73e7-4aec-8a91-946c358ada72', 'KALTAKQUISE', 'ACTIVE', 0, 'Funktion: Geschäftsführer/in (CEO) | Mitarbeiter: 1 bis 10 | Branche: Gartenbau & -pflege'),
('3166e10b-9784-4782-9449-da523077782f', '50073985-828e-4f93-9b93-c5c7e56df694', 'KALTAKQUISE', 'ACTIVE', 0, 'Funktion: Geschäftsführer/in (CEO) | Mitarbeiter: 1 bis 10 | Branche: Bauingenieurbüros | Rechtsform: Aktiengesellschaft'),
('4090620d-cd8d-47bb-81b3-41215cefa2d4', 'bd7be856-7ed5-41af-9179-0d0869d1a84a', 'KALTAKQUISE', 'ACTIVE', 0, 'Funktion: Geschäftsführer/in (CEO) | Mitarbeiter: 1 bis 10 | Branche: Maler- & Gipsergeschäfte'),
('3601dbb3-d4e0-4b98-9b66-1653fd5f0f19', '9062fc8b-4738-4ed4-8e9e-e884fd95a424', 'KALTAKQUISE', 'ACTIVE', 0, 'Funktion: Geschäftsführer/in (CEO) | Mitarbeiter: 11 bis 20 | Branche: Lebensmittelverarbeitung | Rechtsform: Einzelunternehmen'),
('53b56a1a-f605-4718-9bfb-e7a384a8a4d1', 'e0c5e3eb-8787-4c16-b529-18e9e165d727', 'KALTAKQUISE', 'ACTIVE', 0, 'Funktion: Geschäftsführer/in (CEO) | Mitarbeiter: 11 bis 20 | Branche: Gartenbau & -pflege'),
('71fe625c-817a-4df9-b0a1-a0160281ad56', 'd68fa94d-c2f4-442f-9813-1fc08d1a5707', 'KALTAKQUISE', 'ACTIVE', 0, 'Funktion: Inhaber/in (Owner/Founder) | Mitarbeiter: 21 bis 50 | Branche: Schreinerei- & Holzbaubetriebe'),
('1e9f7914-1cd0-47d1-bed1-3d9a76d4b318', '9795729e-f7d1-4e2b-99a1-adf50266858b', 'KALTAKQUISE', 'ACTIVE', 0, 'Funktion: Geschäftsführer/in (CEO) | Mitarbeiter: 1 bis 10 | Branche: Architekturbüros | Rechtsform: Aktiengesellschaft'),
('a6cb38fd-690c-468d-96c9-3a28af6c0a3e', '25ce710c-e0fc-4334-aae4-9ceb9c6e94a0', 'KALTAKQUISE', 'ACTIVE', 0, 'Funktion: Geschäftsführer/in (CEO) | Mitarbeiter: 1 bis 10 | Branche: Versicherungsbroker & -makler | Rechtsform: Aktiengesellschaft'),
('32f681f4-1935-478f-8b2a-8e73dd635c5a', '1d7f5e39-e85c-4a72-b2ac-e9ba42876844', 'KALTAKQUISE', 'ACTIVE', 0, 'Funktion: Geschäftsführer/in (CEO) | Mitarbeiter: 1 bis 10 | Branche: Zahnarztpraxen | Rechtsform: Einzelunternehmen'),
('c4151ae5-242b-4c35-a2d1-eb7871a1c062', '0efc3e7c-91e9-42a6-b4ba-fd3c0a1657be', 'KALTAKQUISE', 'ACTIVE', 0, 'Funktion: Geschäftsführer/in (CEO) | Mitarbeiter: 1 bis 10 | Branche: Lebensmittelverarbeitung / Maschinenbauindustrie | Rechtsform: Aktiengesellschaft'),
('fba9cbec-4e1d-469f-a926-3051a097a6fe', '3217e6bb-9a57-4eda-b17a-e9479fb74528', 'KALTAKQUISE', 'ACTIVE', 0, 'Funktion: Geschäftsführer/in (CEO) | Mitarbeiter: 1 bis 10 | Branche: Elektroplanung & Installation | Rechtsform: Gesellschaft mit beschränkter Haftung'),
('6fb17e1f-7a16-4b98-8e7c-e5379c61627b', '558be34f-13ed-4a0e-940b-3cee6851100b', 'KALTAKQUISE', 'ACTIVE', 0, 'Funktion: Geschäftsführer/in (CEO) | Mitarbeiter: 1 bis 10 | Branche: Gartenbau & -pflege'),
('205e08e8-17d5-4dd8-b76c-0d8acc148a6e', 'd6a3df7a-2ddd-4f19-83f0-5a1beacdb1d3', 'KALTAKQUISE', 'ACTIVE', 0, 'Funktion: Geschäftsführer/in (CEO) | Mitarbeiter: 1 bis 10 | Branche: Immobilienvermittlung | Rechtsform: Aktiengesellschaft'),
('44eb7868-5c67-45e4-b257-3dd85689f655', '31ec0217-6bb8-47d6-b92e-cf42782f4aa1', 'KALTAKQUISE', 'ACTIVE', 0, 'Funktion: Geschäftsführer/in (CEO) | Mitarbeiter: 1 bis 10 | Branche: Treuhandbüros'),
('06fee39a-59c4-487c-9c49-d880412657de', '52f0678b-6d21-41a7-96a2-053bbb41f264', 'KALTAKQUISE', 'ACTIVE', 0, 'Funktion: Geschäftsführer/in (CEO) | Mitarbeiter: 1 bis 10 | Branche: Personalvermittler & -berater | Rechtsform: Aktiengesellschaft'),
('42a4a4f3-93c7-4fc8-827e-4650ed15700d', '97540d94-d253-4ff4-8c56-56e6691b0b0d', 'KALTAKQUISE', 'ACTIVE', 0, 'Funktion: Geschäftsführer/in (CEO) | Mitarbeiter: 11 bis 20 | Branche: Online Shops | Rechtsform: Aktiengesellschaft'),
('a060880d-b212-4d34-ae83-30c7492af768', '4abed28d-1fdf-4e69-80e0-974539d4c4bf', 'KALTAKQUISE', 'ACTIVE', 0, 'Funktion: Geschäftsführer/in (CEO) | Mitarbeiter: 1 bis 10 | Branche: Kunststoffindustrie | Rechtsform: Aktiengesellschaft'),
('00837a24-df80-4010-a7f0-f6099c3925d2', '13883d7d-dd67-4ea6-9eb8-a6fbd0b716b0', 'KALTAKQUISE', 'ACTIVE', 0, 'Funktion: Geschäftsführer/in (CEO) | Mitarbeiter: 11 bis 20 | Branche: Personalvermittler & -berater | Rechtsform: Aktiengesellschaft'),
('a3fc960e-dce0-4e01-9b99-0ca8a74c5e58', '3cb2751b-2290-4398-8201-eb21409cc22d', 'KALTAKQUISE', 'ACTIVE', 0, 'Funktion: Geschäftsführer/in (CEO) | Mitarbeiter: 1 bis 10 | Branche: Bio-Betriebe / Nachhaltigkeitsbereich / Online Shops / Detailhandel - Food & Getränke | Rechtsform: Aktiengesellschaft'),
('3e2fad57-03ba-4eab-a720-211e0f667772', 'c4b7bc09-16af-499d-8895-4af42c68250a', 'KALTAKQUISE', 'ACTIVE', 0, 'Funktion: Geschäftsführer/in (CEO) | Mitarbeiter: 1 bis 10 | Branche: Sanitär & Haustechnik | Rechtsform: Gesellschaft mit beschränkter Haftung'),
('85796604-5965-435f-be5d-29cd9e1b2d8b', '5b145144-f3f5-4150-85ad-4383a81a47f8', 'KALTAKQUISE', 'ACTIVE', 0, 'Funktion: Geschäftsführer/in (CEO) | Mitarbeiter: 51 bis 100 | Branche: Architekturbüros | Rechtsform: Aktiengesellschaft'),
('0e9626e2-260c-4b3b-ab29-6a01e756e26f', '056090d0-8e8a-4b28-a7cf-81465f7a1d59', 'KALTAKQUISE', 'ACTIVE', 0, 'Funktion: Geschäftsführer/in (CEO) | Mitarbeiter: 51 bis 100 | Branche: Architekturbüros / General- & Totalunternehmungen / Immobilienverwaltung / Immobilienvermittlung / Immobilienprojektentwicklung / Bauherrenvertretung | Rechtsform: Aktiengesellschaft'),
('e3763a50-06c5-49d3-8b59-33ff343c2570', 'c8de2608-bcc4-40fa-b55e-01c9cee498d2', 'KALTAKQUISE', 'ACTIVE', 0, 'Funktion: Geschäftsführer/in (CEO) | Mitarbeiter: 11 bis 20 | Branche: Textil- & Möbelindustrie | Rechtsform: Aktiengesellschaft'),
('d8320b06-9539-4ce2-8b29-73fd9d8ff65b', 'a7f4f494-9f6b-4571-806b-3314e99c480d', 'KALTAKQUISE', 'ACTIVE', 0, 'Funktion: Geschäftsführer/in (CEO) | Mitarbeiter: 1 bis 10 | Branche: Chemieindustrie | Rechtsform: Gesellschaft mit beschränkter Haftung'),
('ccbd00cb-5653-4652-b8a9-21f1f4e4f1e8', '3eeb0619-8a12-47c9-803f-00a0d08a137f', 'KALTAKQUISE', 'ACTIVE', 0, 'Funktion: Geschäftsführer/in (CEO) | Mitarbeiter: 11 bis 20 | Branche: Divers | Rechtsform: Aktiengesellschaft'),
('b759cee8-c644-44c7-a3d5-1e70f0875db3', 'ce42b7f0-ed44-406d-bbd8-540bba084a59', 'KALTAKQUISE', 'ACTIVE', 0, 'Funktion: Geschäftsführer/in (CEO) | Mitarbeiter: 101 bis 500 | Branche: Life-Science-Industrie | Rechtsform: Aktiengesellschaft'),
('9b98334d-bb84-46a7-9530-94d719b329a8', 'c9d923e4-bc6f-4ebe-a540-d66d2e79c6b5', 'KALTAKQUISE', 'ACTIVE', 0, 'Funktion: Geschäftsführer/in (CEO) | Mitarbeiter: 1 bis 10 | Branche: Maler- & Gipsergeschäfte | Rechtsform: Einzelunternehmen'),
('a4bbb002-c1c7-4a17-b543-93c4a54069b2', 'd8c409e9-3fc2-40dc-94ef-a6883b5b5a32', 'KALTAKQUISE', 'ACTIVE', 0, 'Funktion: Geschäftsführer/in (CEO) | Mitarbeiter: 1 bis 10 | Branche: Clubs, Bars & Eventlocations | Rechtsform: Einzelunternehmen'),
('d11e0374-55c3-4ea5-9d22-ce85d1204699', '9bf45792-c25a-45e9-bc45-3ec89f7c5bf0', 'KALTAKQUISE', 'ACTIVE', 0, 'Funktion: Geschäftsführer/in (CEO) | Mitarbeiter: 1 bis 10 | Branche: Werbeagenturen | Rechtsform: Einzelunternehmen'),
('891ab9ca-1ec2-4aad-a340-5dc233bbfb4a', 'bf61618b-e730-421e-a534-b17e7ab31fa7', 'KALTAKQUISE', 'ACTIVE', 0, 'Funktion: Geschäftsführer/in (CEO) | Mitarbeiter: 1 bis 10 | Branche: Textil- & Möbelindustrie | Rechtsform: Gesellschaft mit beschränkter Haftung'),
('79fb937d-c803-4abe-9fa0-3e1ab4c45476', '382ba9a4-b0bf-4cbc-b0a2-c126fece993d', 'KALTAKQUISE', 'ACTIVE', 0, 'Funktion: Geschäftsführer/in (CEO) | Mitarbeiter: 11 bis 20 | Branche: Online Shops | Rechtsform: Aktiengesellschaft'),
('4cfbf9e9-7662-40f7-9360-81df4dcec7dd', '19aa8239-b930-4bc5-a649-a6a7ef9147a8', 'KALTAKQUISE', 'ACTIVE', 0, 'Funktion: Geschäftsführer/in (CEO) | Mitarbeiter: 11 bis 20 | Branche: Elektroindustrie | Rechtsform: Gesellschaft mit beschränkter Haftung'),
('dd085502-ca16-4907-abbb-7e6ec4559362', '500c7e33-6266-4a87-8112-f13b507b7715', 'KALTAKQUISE', 'ACTIVE', 0, 'Funktion: Geschäftsführer/in (CEO) | Mitarbeiter: 51 bis 100 | Branche: Top 2''000 CH-Unternehmen | Rechtsform: Schweizerische Zweigniederlassung'),
('f18743a6-8068-4a83-be5f-6d2d05186baf', '7df7fd92-2bc2-4822-927f-a119494ecda5', 'KALTAKQUISE', 'ACTIVE', 0, 'Funktion: Geschäftsführer/in (CEO) | Mitarbeiter: 1 bis 10 | Branche: FinTech | Rechtsform: Aktiengesellschaft'),
('bf04e23f-212e-4a3b-8f8f-90c5bf40145f', 'a7b818c1-0f92-4246-b886-fff1fcf53c62', 'KALTAKQUISE', 'ACTIVE', 0, 'Funktion: Geschäftsführer/in (CEO) | Mitarbeiter: 11 bis 20 | Branche: Treuhandbüros / Unternehmensberater / Immobilienverwaltung | Rechtsform: Aktiengesellschaft'),
('a539ab6b-c40a-4dac-8eac-ad4aeb89f5b2', '59b9eec5-203d-44b6-a535-7c1c99bc6687', 'KALTAKQUISE', 'ACTIVE', 0, 'Funktion: Geschäftsführer/in (CEO) | Mitarbeiter: 1 bis 10 | Branche: Arztpraxen'),
('f7c7e064-385a-413e-90e5-f5237268c98a', '92f43f02-c6d2-4c9b-8442-18b5ecb79e59', 'KALTAKQUISE', 'ACTIVE', 0, 'Funktion: Geschäftsführer/in (CEO) | Mitarbeiter: Mehr als 500 | Branche: Top 2''000 CH-Unternehmen | Rechtsform: Aktiengesellschaft'),
('154a60cb-1412-4722-b3b5-64e7aea4a849', '1615fb4a-fcd5-4e08-9b79-d44cbc34c30b', 'KALTAKQUISE', 'ACTIVE', 0, 'Funktion: Geschäftsführer/in (CEO) | Mitarbeiter: 1 bis 10 | Branche: Chemieindustrie | Rechtsform: Einzelunternehmen'),
('16fdbcb5-bf39-43c3-830a-6e1aa4412af6', '81d7ccc6-8ec0-45b4-84d5-de53a886ebb5', 'KALTAKQUISE', 'ACTIVE', 0, 'Funktion: Geschäftsführer/in (CEO) | Mitarbeiter: 1 bis 10 | Branche: Naturheilpraxen | Rechtsform: Einzelunternehmen'),
('c40df8d9-9421-4b4e-87c4-6514f6d07693', '49627e18-0c3f-40f1-9643-fdc473a7a68f', 'KALTAKQUISE', 'ACTIVE', 0, 'Funktion: Geschäftsführer/in (CEO) | Mitarbeiter: 11 bis 20 | Branche: Chemieindustrie | Rechtsform: Aktiengesellschaft'),
('aa529d05-2ec0-47b3-97ad-12825a9eecba', '541a5172-f68b-4fa4-96fc-829854946157', 'KALTAKQUISE', 'ACTIVE', 0, 'Funktion: Geschäftsführer/in (CEO) | Mitarbeiter: 1 bis 10 | Branche: Gartenbau & -pflege | Rechtsform: Aktiengesellschaft'),
('0a205ce2-f7bf-4cb5-984f-db1ad80a5aea', '6f850c76-8a83-4813-b27c-d91a6224abcf', 'KALTAKQUISE', 'ACTIVE', 0, 'Funktion: Geschäftsführer/in (CEO) | Mitarbeiter: 1 bis 10 | Branche: Restaurants'),
('3bd6323b-1bae-47dd-8247-937ad88d049a', 'e8e74516-9478-412d-811a-62986dbcb593', 'KALTAKQUISE', 'ACTIVE', 0, 'Funktion: Geschäftsführer/in (CEO) | Mitarbeiter: 1 bis 10 | Branche: Facility Management & Reinigungsfirmen'),
('9ade09c2-e4f1-452b-a709-5933df2bd847', '6391e226-1f35-469d-a820-6fe8dbe44511', 'KALTAKQUISE', 'ACTIVE', 0, 'Funktion: Geschäftsführer/in (CEO) | Mitarbeiter: 1 bis 10 | Branche: Coiffeursalons | Rechtsform: Einzelunternehmen'),
('e7bb6170-dca5-4801-a8ef-582d642c8a00', '9878e3c6-61ff-4074-8e3c-90e1e716001d', 'KALTAKQUISE', 'ACTIVE', 0, 'Funktion: Geschäftsführer/in (CEO) | Mitarbeiter: 1 bis 10 | Branche: Maler- & Gipsergeschäfte | Rechtsform: Aktiengesellschaft'),
('c675ca3f-a80c-4f3d-a88b-5b789f16fd5c', 'ea5ab18c-cf33-4322-844b-a8525393cbfd', 'KALTAKQUISE', 'ACTIVE', 0, 'Funktion: Geschäftsführer/in (CEO) | Mitarbeiter: 1 bis 10 | Branche: Schreinerei- & Holzbaubetriebe | Rechtsform: Gesellschaft mit beschränkter Haftung'),
('b9bca0d5-99e6-428e-9814-495a30e38478', '9f5c11d1-ef89-4810-92a6-8ebeb00d5c3f', 'KALTAKQUISE', 'ACTIVE', 0, 'Funktion: Geschäftsführer/in (CEO) | Mitarbeiter: 11 bis 20 | Branche: Divers | Rechtsform: Aktiengesellschaft'),
('ecf6343d-6709-4bc8-b9f9-54f117c0faf3', 'bd787316-939f-4424-81b4-f3ebc47246aa', 'KALTAKQUISE', 'ACTIVE', 0, 'Funktion: Geschäftsführer/in (CEO) | Mitarbeiter: 1 bis 10 | Branche: IT Unternehmen | Rechtsform: Aktiengesellschaft'),
('38cb0275-c645-4d16-ad65-1cfef5a828d6', '212d29fc-8f3c-4d60-af85-2dae44b60dab', 'KALTAKQUISE', 'ACTIVE', 0, 'Funktion: Geschäftsführer/in (CEO) | Mitarbeiter: 51 bis 100 | Branche: Top 2''000 CH-Unternehmen | Rechtsform: Aktiengesellschaft'),
('46cc8505-98a1-4307-98e6-deef66db0b08', 'dcccd813-a955-40cf-bd80-56262b08bb9a', 'KALTAKQUISE', 'ACTIVE', 0, 'Funktion: Geschäftsführer/in (CEO) | Mitarbeiter: 21 bis 50 | Branche: Elektroplanung & Installation / Maschinenbauindustrie / Solar & Photovoltaik | Rechtsform: Aktiengesellschaft'),
('37e67a7f-4c67-45c0-96a3-77f0fdc15918', 'aae770d8-68f6-4b85-bca9-d384e1e60b3e', 'KALTAKQUISE', 'ACTIVE', 0, 'Funktion: Geschäftsführer/in (CEO) | Mitarbeiter: 1 bis 10 | Branche: Werbeagenturen | Rechtsform: Gesellschaft mit beschränkter Haftung'),
('5b3fe383-27c0-42a3-9887-906e71fbff81', '02737c11-846c-41fb-8a85-fa6eed9ca054', 'KALTAKQUISE', 'ACTIVE', 0, 'Funktion: Geschäftsführer/in (CEO) | Mitarbeiter: 11 bis 20 | Branche: Schreinerei- & Holzbaubetriebe | Rechtsform: Einzelunternehmen'),
('2db33639-eed6-4ccf-9889-d0ad28ddff64', '00143dcf-b4ea-4229-afe6-9629a2b6d1fb', 'KALTAKQUISE', 'ACTIVE', 0, 'Funktion: Geschäftsführer/in (CEO) | Mitarbeiter: 1 bis 10 | Branche: Logistik- & Transportunternehmen | Rechtsform: Aktiengesellschaft'),
('ee9e1eb8-3a9a-480f-b003-0a2759f42bf7', '42b43885-298f-4337-a3bf-c6a612d8ce40', 'KALTAKQUISE', 'ACTIVE', 0, 'Funktion: Geschäftsführer/in (CEO) | Mitarbeiter: 1 bis 10 | Branche: Immobilienprojektentwicklung / Bauherrenvertretung | Rechtsform: Gesellschaft mit beschränkter Haftung'),
('68fda4f8-5f18-4e9f-ab82-67f12e6b0df1', 'a11749f4-ce4c-4209-8145-90f5a412bb1a', 'KALTAKQUISE', 'ACTIVE', 0, 'Funktion: Geschäftsführer/in (CEO) | Mitarbeiter: 1 bis 10 | Branche: Garagen | Rechtsform: Aktiengesellschaft'),
('9e36824f-225f-411e-8fa2-275798e2a2ad', '8ef7d7ad-0a19-49cb-b245-73836c1a8820', 'KALTAKQUISE', 'ACTIVE', 0, 'Funktion: Geschäftsführer/in (CEO) | Mitarbeiter: 1 bis 10 | Branche: Schreinerei- & Holzbaubetriebe | Rechtsform: Gesellschaft mit beschränkter Haftung'),
('d3cbbbb4-a922-4df1-9a9e-ccf191f706e4', '104db7cf-0336-437e-839c-13201ec857e4', 'KALTAKQUISE', 'ACTIVE', 0, 'Funktion: Geschäftsführer/in (CEO) | Mitarbeiter: 1 bis 10 | Branche: Schreinerei- & Holzbaubetriebe'),
('3d44413c-d201-4d8a-a6ef-4f17ef81d3df', 'c40bdc44-14fd-43f8-b290-66809a844e25', 'KALTAKQUISE', 'ACTIVE', 0, 'Funktion: Geschäftsführer/in (CEO) | Mitarbeiter: 21 bis 50 | Branche: Clubs, Bars & Eventlocations'),
('bf86b694-9640-40a3-a018-ee7f1d949570', '0924d487-03de-41ea-810e-1174b5225871', 'KALTAKQUISE', 'ACTIVE', 0, 'Funktion: Geschäftsführer/in (CEO) | Mitarbeiter: 1 bis 10 | Branche: Maler- & Gipsergeschäfte / Nachhaltigkeitsbereich | Rechtsform: Gesellschaft mit beschränkter Haftung'),
('d7a01023-0911-4657-863d-910f05c45781', '8eaee64f-edf4-40a0-950f-8b9e534dba89', 'KALTAKQUISE', 'ACTIVE', 0, 'Funktion: Geschäftsführer/in (CEO) | Mitarbeiter: 1 bis 10 | Branche: Gartenbau & -pflege'),
('001289d6-3069-4bf3-9225-e8cf67190686', 'a85c9c66-da5d-4072-b9d9-8c1ad1a62204', 'KALTAKQUISE', 'ACTIVE', 0, 'Funktion: Geschäftsführer/in (CEO) | Mitarbeiter: 11 bis 20 | Branche: Sanitär & Haustechnik | Rechtsform: Gesellschaft mit beschränkter Haftung'),
('a6a1e4cb-fd01-4c00-9e5d-17839b732225', '40600f55-4c47-4db4-8407-f98260c7d1c0', 'KALTAKQUISE', 'ACTIVE', 0, 'Funktion: Geschäftsführer/in (CEO) | Mitarbeiter: 11 bis 20 | Branche: Elektroplanung & Installation | Rechtsform: Aktiengesellschaft'),
('7c44ed4b-5cf7-47a3-baef-2b142c20185a', '755395c5-b20d-4284-9720-6309e3166268', 'KALTAKQUISE', 'ACTIVE', 0, 'Funktion: Geschäftsführer/in (CEO) | Mitarbeiter: 11 bis 20 | Branche: Energieindustrie / Nachhaltigkeitsbereich / Solar & Photovoltaik | Rechtsform: Gesellschaft mit beschränkter Haftung'),
('7cc6509d-feb4-4e1b-99d9-417b39eff0e3', 'c98555a9-1015-44ae-ad24-26df1f44dc91', 'KALTAKQUISE', 'ACTIVE', 0, 'Funktion: Geschäftsführer/in (CEO) | Mitarbeiter: Mehr als 500 | Branche: Maschinenbauindustrie | Rechtsform: Gesellschaft mit beschränkter Haftung'),
('b2a9201d-c811-4dac-9067-73c944cc56cf', '73e828c8-94bd-49af-8f30-e8a3029583c9', 'KALTAKQUISE', 'ACTIVE', 0, 'Funktion: Geschäftsführer/in (CEO) | Mitarbeiter: 1 bis 10 | Branche: Bauingenieurbüros / Immobilienprojektentwicklung | Rechtsform: Gesellschaft mit beschränkter Haftung'),
('9801be52-1bfb-4f66-af40-87c92f327cba', '96f18966-8851-4cbc-b118-566eed801aa9', 'KALTAKQUISE', 'ACTIVE', 0, 'Funktion: Geschäftsführer/in (CEO) | Mitarbeiter: 1 bis 10 | Branche: Elektroindustrie | Rechtsform: Gesellschaft mit beschränkter Haftung'),
('292b20e5-6bc4-4ee9-9160-0ca94e842a53', '920ad3c7-a07b-488d-83c0-83649015ef04', 'KALTAKQUISE', 'ACTIVE', 0, 'Funktion: Geschäftsführer/in (CEO) | Mitarbeiter: 1 bis 10 | Branche: Personalvermittler & -berater | Rechtsform: Gesellschaft mit beschränkter Haftung'),
('4cb7c102-d8a3-4c0a-a930-3ff863f798d6', '682ea954-c85e-4c48-87cd-543b28ee9c47', 'KALTAKQUISE', 'ACTIVE', 0, 'Funktion: Geschäftsführer/in (CEO) | Mitarbeiter: 1 bis 10 | Branche: Druckereibetriebe'),
('2412d50f-c6f7-4f9a-827c-39ff8a1b320f', '569bf7d1-c8b4-411e-9703-188e209a03bc', 'KALTAKQUISE', 'ACTIVE', 0, 'Funktion: Geschäftsführer/in (CEO) | Mitarbeiter: 1 bis 10 | Branche: Maler- & Gipsergeschäfte'),
('b5116710-9ce4-4405-ad73-378c439990a2', '9763802a-a585-4f98-9b26-d80133525b60', 'KALTAKQUISE', 'ACTIVE', 0, 'Funktion: Geschäftsführer/in (CEO) | Mitarbeiter: 1 bis 10 | Branche: Divers / Druckereibetriebe | Rechtsform: Gesellschaft mit beschränkter Haftung'),
('a7de38c7-6927-4715-9cfa-95091e248477', '78426374-b240-4d48-84ab-960d2e645548', 'KALTAKQUISE', 'ACTIVE', 0, 'Funktion: Geschäftsführer/in (CEO) | Mitarbeiter: 1 bis 10 | Branche: Druckereibetriebe'),
('4d15763b-995b-4dd0-896d-528f7ac50b41', 'd044847d-ba0a-43df-a458-7a470095def7', 'KALTAKQUISE', 'ACTIVE', 0, 'Funktion: Geschäftsführer/in (CEO) | Mitarbeiter: 21 bis 50 | Branche: Energieindustrie | Rechtsform: Aktiengesellschaft'),
('5e34fede-37e5-4b6a-80c0-adb51abbaaf3', '5b1e40bf-7c02-4d7c-8720-d8ea79926c2a', 'KALTAKQUISE', 'ACTIVE', 0, 'Funktion: Geschäftsführer/in (CEO) | Mitarbeiter: 21 bis 50 | Branche: Kunststoffindustrie | Rechtsform: Gesellschaft mit beschränkter Haftung'),
('b9071ec2-c173-47af-bd92-9def1919f07d', '812acb20-a2c5-495c-b2d4-e547a9a9edcb', 'KALTAKQUISE', 'ACTIVE', 0, 'Funktion: Geschäftsführer/in (CEO) | Mitarbeiter: 11 bis 20 | Branche: Elektroplanung & Installation | Rechtsform: Aktiengesellschaft'),
('6471dd02-7ea3-45bf-ad2c-02c2ff9ef490', '3ca5b4b0-7f44-4e4d-b85a-5459c2bb81b2', 'KALTAKQUISE', 'ACTIVE', 0, 'Funktion: Geschäftsführer/in (CEO) | Mitarbeiter: 21 bis 50 | Branche: Architekturbüros | Rechtsform: Aktiengesellschaft'),
('368a491c-424f-499a-9184-6c7f355c98a1', '4cffe221-fa7b-433c-ba35-7d9740db97b3', 'KALTAKQUISE', 'ACTIVE', 0, 'Funktion: Inhaber/in (Owner/Founder) | Mitarbeiter: 11 bis 20 | Branche: Gartenbau & -pflege'),
('6e08237f-5792-47b6-a374-1b5b8c51f924', 'b99f7117-1561-4bb1-a03e-503cae976f9e', 'KALTAKQUISE', 'ACTIVE', 0, 'Funktion: Geschäftsführer/in (CEO) | Mitarbeiter: 11 bis 20 | Branche: Schreinerei- & Holzbaubetriebe | Rechtsform: Gesellschaft mit beschränkter Haftung'),
('96a1b2cc-532d-4868-8554-87f46501522d', '1ac5b3f4-d106-4dff-b1d5-793db4665dfa', 'KALTAKQUISE', 'ACTIVE', 0, 'Funktion: Inhaber/in (Owner/Founder) | Mitarbeiter: 21 bis 50 | Branche: Gartenbau & -pflege'),
('89f7aff9-d3d6-4cb7-ab16-50b140097114', '96b044c7-60f1-414f-9494-d33e8548d85d', 'KALTAKQUISE', 'ACTIVE', 0, 'Funktion: Geschäftsführer/in (CEO) | Mitarbeiter: 1 bis 10 | Branche: Chemieindustrie | Rechtsform: Aktiengesellschaft'),
('cc1176c9-099e-4e68-bc17-bc9ad1d5c513', '06041f94-730e-4cd0-a7c1-e5e33111b1b7', 'KALTAKQUISE', 'ACTIVE', 0, 'Funktion: Geschäftsführer/in (CEO) | Mitarbeiter: 11 bis 20 | Branche: Entsorgungsindustrie | Rechtsform: Aktiengesellschaft'),
('cf8a7d66-e3d0-4e9f-b421-ef3afb7ccfb3', '57f12757-37c6-4778-9d8e-7386f074293a', 'KALTAKQUISE', 'ACTIVE', 0, 'Funktion: Geschäftsführer/in (CEO) | Mitarbeiter: 1 bis 10 | Branche: Metallbauer | Rechtsform: Aktiengesellschaft'),
('d1f2936f-e1db-4d81-9c76-121e3d5e8349', 'c7e4d83c-6538-41b4-98d2-f108207cb157', 'KALTAKQUISE', 'ACTIVE', 0, 'Funktion: Geschäftsführer/in (CEO) | Mitarbeiter: 11 bis 20 | Branche: Elektroindustrie | Rechtsform: Aktiengesellschaft'),
('0e2af245-283b-4781-9769-307f276a82e0', '6cfc80b4-00ec-4ec1-8260-a83b32617243', 'KALTAKQUISE', 'ACTIVE', 0, 'Funktion: Geschäftsführer/in (CEO) | Mitarbeiter: 1 bis 10 | Branche: Elektroindustrie | Rechtsform: Aktiengesellschaft'),
('ef828fc1-7508-4fd9-a112-2e37b6ab5ce5', '7a653d25-a868-4865-bb4a-68a7de0c1dd2', 'KALTAKQUISE', 'ACTIVE', 0, 'Funktion: Geschäftsführer/in (CEO) | Mitarbeiter: 1 bis 10 | Branche: Chemieindustrie | Rechtsform: Aktiengesellschaft'),
('7a8aabe6-e0de-4ed5-8451-fbb0ca5f6520', '91cbedb1-ea33-4c83-8aa7-b2ca9ae2674b', 'KALTAKQUISE', 'ACTIVE', 0, 'Funktion: Geschäftsführer/in (CEO) | Mitarbeiter: 11 bis 20 | Branche: Kunststoffindustrie | Rechtsform: Aktiengesellschaft'),
('7214ba3b-991a-4e13-b8ba-489e99fc3db6', '107b1690-feed-460f-8d0a-544dd569d1cf', 'KALTAKQUISE', 'ACTIVE', 0, 'Funktion: Geschäftsführer/in (CEO) | Mitarbeiter: 1 bis 10 | Branche: Kunststoffindustrie / Metallbauer | Rechtsform: Aktiengesellschaft'),
('4500f811-2d5e-4b72-881e-e5921d531d55', '64be5fce-2847-4758-89bf-d3a38e706ea4', 'KALTAKQUISE', 'ACTIVE', 0, 'Funktion: Geschäftsführer/in (CEO) | Mitarbeiter: 21 bis 50 | Branche: Medizintechnik-Industrie | Rechtsform: Aktiengesellschaft'),
('ae6b45a9-2ff2-4e4e-a414-e4ce52963880', 'eec7abd0-ea15-463c-9eef-d971433935d9', 'KALTAKQUISE', 'ACTIVE', 0, 'Funktion: Geschäftsführer/in (CEO) | Mitarbeiter: 11 bis 20 | Branche: Nachhaltigkeitsbereich / Sanitär & Haustechnik / Solar & Photovoltaik | Rechtsform: Aktiengesellschaft'),
('5b03c4b9-ba30-4fc1-9477-f61e1d244b8e', '2c5d12d0-8cbe-4e58-8837-ad6c6d86c896', 'KALTAKQUISE', 'ACTIVE', 0, 'Funktion: Geschäftsführer/in (CEO) | Mitarbeiter: 1 bis 10 | Branche: Maler- & Gipsergeschäfte'),
('8ea3a6e0-77ea-45a1-907b-d3e6ffc9e479', '8d286265-6869-4e8e-aaae-d8864f9e3357', 'KALTAKQUISE', 'ACTIVE', 0, 'Funktion: Geschäftsführer/in (CEO) | Mitarbeiter: 1 bis 10 | Branche: Maler- & Gipsergeschäfte | Rechtsform: Aktiengesellschaft'),
('41ac4702-b3f6-40fe-887e-35fb210a7f67', 'da02d47a-93cc-400c-b0fa-b122a6b30157', 'KALTAKQUISE', 'ACTIVE', 0, 'Funktion: Geschäftsführer/in (CEO) | Mitarbeiter: 1 bis 10 | Branche: Camping'),
('ed32e206-bc7d-479a-8715-ee63bbaaf77b', 'a0eda182-30fb-4de0-936f-263cb49e9af9', 'KALTAKQUISE', 'ACTIVE', 0, 'Funktion: Geschäftsführer/in (CEO) | Mitarbeiter: 1 bis 10 | Branche: Gartenbau & -pflege'),
('2dade494-a466-4be9-ac58-f4cfb5de3cbf', '0fe31af2-9373-4018-9f5c-5103d2d212ed', 'KALTAKQUISE', 'ACTIVE', 0, 'Funktion: Geschäftsführer/in (CEO) | Mitarbeiter: 1 bis 10 | Branche: Bauingenieurbüros | Rechtsform: Aktiengesellschaft'),
('491b87b9-8ac6-489d-8ff5-17103556383d', 'eff33637-2dd2-4ab3-963d-c729426489a0', 'KALTAKQUISE', 'ACTIVE', 0, 'Funktion: Geschäftsführer/in (CEO) | Mitarbeiter: 1 bis 10 | Branche: Architekturbüros | Rechtsform: Aktiengesellschaft'),
('cbb26dae-21dc-4ee6-9c69-fa13c76c2543', '057b9ae5-c419-4460-86d8-4366fed0a5de', 'KALTAKQUISE', 'ACTIVE', 0, 'Funktion: Geschäftsführer/in (CEO) | Mitarbeiter: 1 bis 10 | Branche: Elektroindustrie | Rechtsform: Einzelunternehmen'),
('73b51019-69c6-42f3-b7d4-875510ea98a1', '2d4cd35e-e139-42f3-be14-2c7dfe47e5b5', 'KALTAKQUISE', 'ACTIVE', 0, 'Funktion: Geschäftsführer/in (CEO) | Mitarbeiter: 11 bis 20 | Branche: Gartenbau & -pflege | Rechtsform: Aktiengesellschaft'),
('cef17c06-e9ab-4ca9-a03d-85599b7b2d06', '3033adc0-ae0a-4951-abad-3d87b41ec516', 'KALTAKQUISE', 'ACTIVE', 0, 'Funktion: Geschäftsführer/in (CEO) | Mitarbeiter: 1 bis 10 | Branche: Elektroplanung & Installation / Sanitär & Haustechnik | Rechtsform: Gesellschaft mit beschränkter Haftung'),
('afd1be2a-8bf6-4bfa-9448-d8a6299bb0c6', 'fd6af962-d54f-43ca-bdf1-e70a6e1f9882', 'KALTAKQUISE', 'ACTIVE', 0, 'Funktion: Geschäftsführer/in (CEO) | Mitarbeiter: 51 bis 100 | Branche: Maschinenbauindustrie | Rechtsform: Aktiengesellschaft'),
('f398e00a-5cb2-451b-bc29-fbf9e4407364', '6bc7afa5-1908-49a3-aec3-fe3afe117068', 'KALTAKQUISE', 'ACTIVE', 0, 'Funktion: Geschäftsführer/in (CEO) | Mitarbeiter: 1 bis 10 | Branche: Schreinerei- & Holzbaubetriebe'),
('cc083024-47b7-4c22-b8d5-f06f779f55f5', 'b49eb886-49fb-4b07-8d62-ccf3b83ae953', 'KALTAKQUISE', 'ACTIVE', 0, 'Funktion: Geschäftsführer/in (CEO) | Mitarbeiter: 1 bis 10 | Branche: Maschinenbauindustrie | Rechtsform: Aktiengesellschaft'),
('0774e13e-2426-4ad4-97f9-493c2d94e772', '5d6be0ee-0379-4a4b-8664-a8c9eb5f66c8', 'KALTAKQUISE', 'ACTIVE', 0, 'Funktion: Geschäftsführer/in (CEO) | Mitarbeiter: 1 bis 10 | Branche: Treuhandbüros / Unternehmensberater / Immobilienverwaltung / Immobilienvermittlung | Rechtsform: Aktiengesellschaft'),
('56f658ec-2192-4c1f-97bb-5ca33228d1ac', 'c83cfdbb-9536-4344-95ab-44c173f0bf3e', 'KALTAKQUISE', 'ACTIVE', 0, 'Funktion: Geschäftsführer/in (CEO) | Mitarbeiter: 1 bis 10 | Branche: Getränkeindustrie | Rechtsform: Gesellschaft mit beschränkter Haftung'),
('74994deb-0b1a-489a-b4c7-cfe496be1695', '4a3bc2d3-18ca-4c19-bd60-2d8ea68d9b24', 'KALTAKQUISE', 'ACTIVE', 0, 'Funktion: Geschäftsführer/in (CEO) | Mitarbeiter: 1 bis 10 | Branche: Bau- & Projektmanagement | Rechtsform: Gesellschaft mit beschränkter Haftung'),
('b99da857-a506-4b17-866c-f30cdfb4b0cd', 'e1601500-2090-4973-9310-1aaf3cdbc5f0', 'KALTAKQUISE', 'ACTIVE', 0, 'Funktion: Geschäftsführer/in (CEO) | Mitarbeiter: 51 bis 100 | Branche: Maschinenbauindustrie | Rechtsform: Aktiengesellschaft'),
('9677b77f-4bfb-43a9-980b-f4427e249d31', '2b395880-bba4-45d8-a786-9fec69be7b3d', 'KALTAKQUISE', 'ACTIVE', 0, 'Funktion: Geschäftsführer/in (CEO) | Mitarbeiter: 1 bis 10 | Branche: Facility Management & Reinigungsfirmen | Rechtsform: Gesellschaft mit beschränkter Haftung'),
('aac5276b-f16f-474b-8e41-95cfdbfd80ec', '17ac5616-9291-485f-a5a2-26bb91008fb6', 'KALTAKQUISE', 'ACTIVE', 0, 'Funktion: Geschäftsführer/in (CEO) | Mitarbeiter: 1 bis 10 | Branche: Facility Management & Reinigungsfirmen | Rechtsform: Gesellschaft mit beschränkter Haftung'),
('13b9eba7-0fdd-4789-bc66-21bed379983c', '84ba6ca9-0ac9-42e6-9442-94f086c17cac', 'KALTAKQUISE', 'ACTIVE', 0, 'Funktion: Geschäftsführer/in (CEO) | Mitarbeiter: 1 bis 10 | Branche: Treuhandbüros | Rechtsform: Aktiengesellschaft'),
('a9a80f11-07ee-4789-96bc-feede20f0605', '25c14691-3a1e-4927-ab36-0ff426369f86', 'KALTAKQUISE', 'ACTIVE', 0, 'Funktion: Chefredaktion | Mitarbeiter: 11 bis 20 | Branche: Zeitungen & Zeitschriften'),
('bdf7af2d-6baf-48ea-8234-a5d499edb179', 'b640e00c-bb43-41ce-90a0-4b193bfbd276', 'KALTAKQUISE', 'ACTIVE', 0, 'Funktion: Geschäftsführer/in (CEO) | Mitarbeiter: 1 bis 10 | Branche: Architekturbüros / Bau- & Projektmanagement / Bauingenieurbüros | Rechtsform: Gesellschaft mit beschränkter Haftung'),
('772d9f14-43f5-4900-8eab-629ababee839', 'f60e67d2-03e1-4fe0-979d-5c7421edf28f', 'KALTAKQUISE', 'ACTIVE', 0, 'Funktion: Geschäftsführer/in (CEO) | Mitarbeiter: 11 bis 20 | Branche: Museum & Theater'),
('1bcf7d21-9269-4555-9eb5-73bf88fea515', '4e3ef8d0-c280-4c3b-bef4-ac9b7664d881', 'KALTAKQUISE', 'ACTIVE', 0, 'Funktion: Geschäftsführer/in (CEO) | Mitarbeiter: 21 bis 50 | Branche: Baugeschäfte | Rechtsform: Aktiengesellschaft'),
('f47f4e62-cd38-4752-b2e3-5492ce76a323', 'a0d5b102-17d8-4f8a-a431-84e7eed95a78', 'KALTAKQUISE', 'ACTIVE', 0, 'Funktion: Geschäftsführer/in (CEO) | Mitarbeiter: 1 bis 10 | Branche: Gartenbau & -pflege'),
('0db782f3-d8fe-49d5-9949-786eb0851b74', '9b9cb9bb-5aee-4281-9cb9-b01ac11d4913', 'KALTAKQUISE', 'ACTIVE', 0, 'Funktion: Geschäftsführer/in (CEO) | Mitarbeiter: Mehr als 500 | Branche: Online Shops / Top 2''000 CH-Unternehmen | Rechtsform: Aktiengesellschaft'),
('b9641ba3-1924-4244-94b2-885b928b4e26', 'b2a0f7d2-b1b2-4d92-b8b3-019b929c4b54', 'KALTAKQUISE', 'ACTIVE', 0, 'Funktion: Geschäftsführer/in (CEO) | Mitarbeiter: 1 bis 10 | Branche: Boden- & Plattenleger'),
('94cf70fd-f48e-40d2-b18d-476a07c992c1', '05d769af-4411-41be-9234-4de0970e79b0', 'KALTAKQUISE', 'ACTIVE', 0, 'Funktion: Geschäftsführer/in (CEO) | Mitarbeiter: 1 bis 10 | Branche: Boden- & Plattenleger'),
('297e67e0-0f73-428a-8933-bf8913d932ec', 'ab21f5f6-52cb-4525-80aa-bc0d4ad61e6c', 'KALTAKQUISE', 'ACTIVE', 0, 'Funktion: Geschäftsführer/in (CEO) | Mitarbeiter: 1 bis 10 | Branche: Coiffeursalons / Kosmetikstudios'),
('994726d3-c9c2-4c00-81d4-b59ea7d64b5a', '38f66aa9-9833-4a5b-a2e4-54dfc506efd6', 'KALTAKQUISE', 'ACTIVE', 0, 'Funktion: Geschäftsführer/in (CEO) | Mitarbeiter: 1 bis 10 | Branche: Garagen | Rechtsform: Gesellschaft mit beschränkter Haftung'),
('27ffeaa1-fb73-4d8c-becf-9175aac99526', 'ee7b81b4-2a70-4a96-b438-3f24f281264b', 'KALTAKQUISE', 'ACTIVE', 0, 'Funktion: Geschäftsführer/in (CEO) | Mitarbeiter: 11 bis 20 | Branche: Bauingenieurbüros | Rechtsform: Aktiengesellschaft'),
('e14ce93a-4b0b-4b86-962a-98bbd2340911', 'd793b941-6bcd-4464-ba1f-bf1fbc448001', 'KALTAKQUISE', 'ACTIVE', 0, 'Funktion: Geschäftsführer/in (CEO) | Mitarbeiter: 1 bis 10 | Branche: Bau- & Projektmanagement / Immobilienprojektentwicklung / Bauherrenvertretung | Rechtsform: Aktiengesellschaft'),
('daff8486-3e92-4497-a963-ef3fdaf2bcbe', '7eb26b82-7b15-43b4-941e-a77d60295b82', 'KALTAKQUISE', 'ACTIVE', 0, 'Funktion: Geschäftsführer/in (CEO) | Mitarbeiter: 1 bis 10 | Branche: Coiffeursalons'),
('30b10ca8-bca2-4be1-a0ab-6663a1a3abc5', 'b4a5dfe7-35e7-4cd3-9bfc-fa06c339ae9b', 'KALTAKQUISE', 'ACTIVE', 0, 'Funktion: Geschäftsführer/in (CEO) | Mitarbeiter: 11 bis 20 | Branche: Textil- & Möbelindustrie / Schreinerei- & Holzbaubetriebe | Rechtsform: Aktiengesellschaft'),
('ba12d306-4a50-45b9-92b2-0f0797ae507f', '17f7d797-ed60-4ca5-9075-24ba7bc25ca4', 'KALTAKQUISE', 'ACTIVE', 0, 'Funktion: Geschäftsführer/in (CEO) | Mitarbeiter: 1 bis 10 | Branche: Sanitär & Haustechnik | Rechtsform: Einzelunternehmen'),
('c5a61a76-f406-4e5d-881e-80b351178ec4', 'a657e3df-d81b-47b2-b96a-ceebd531255d', 'KALTAKQUISE', 'ACTIVE', 0, 'Funktion: Geschäftsführer/in (CEO) | Mitarbeiter: 1 bis 10 | Branche: Boden- & Plattenleger'),
('a3e71c59-bbca-460a-938a-07182359289d', 'bfe2bfe9-25e3-41e6-a609-705ce4cf34c5', 'KALTAKQUISE', 'ACTIVE', 0, 'Funktion: Geschäftsführer/in (CEO) | Mitarbeiter: 1 bis 10 | Branche: Facility Management & Reinigungsfirmen | Rechtsform: Gesellschaft mit beschränkter Haftung'),
('85bf96ac-047d-4ab4-a892-893358c97301', '7649ef21-e838-4ae0-8c8a-220eb99169d1', 'KALTAKQUISE', 'ACTIVE', 0, 'Funktion: Geschäftsführer/in (CEO) | Mitarbeiter: 1 bis 10 | Branche: Treuhandbüros | Rechtsform: Gesellschaft mit beschränkter Haftung'),
('1587f50a-0e01-430f-9528-9e57baf82b1d', '477d3eb0-93fb-4a0a-8835-5af65e43bc69', 'KALTAKQUISE', 'ACTIVE', 0, 'Funktion: Geschäftsführer/in (CEO) | Mitarbeiter: 101 bis 500 | Branche: Facility Management & Reinigungsfirmen | Rechtsform: Aktiengesellschaft'),
('1c9322cb-6581-4cb0-bc9f-8968683261c4', 'e83d2cbd-5a8c-4e9f-8760-b13a50c6f21c', 'KALTAKQUISE', 'ACTIVE', 0, 'Funktion: Geschäftsführer/in (CEO) | Mitarbeiter: 1 bis 10 | Branche: Sanitär & Haustechnik | Rechtsform: Einzelunternehmen'),
('55501d8c-d547-40ed-ae7a-e93cbb9c18d0', '1729ddf5-6317-4156-a9fb-0858c4e38074', 'KALTAKQUISE', 'ACTIVE', 0, 'Funktion: Geschäftsführer/in (CEO) | Mitarbeiter: 21 bis 50 | Branche: Logistik- & Transportunternehmen | Rechtsform: Aktiengesellschaft'),
('baf3a68b-5cfd-4997-aa34-5f687e90e937', '45f6cae3-931c-4988-ad11-81e4e4611496', 'KALTAKQUISE', 'ACTIVE', 0, 'Funktion: Geschäftsführer/in (CEO) | Mitarbeiter: 1 bis 10 | Branche: Metallbauer | Rechtsform: Einzelunternehmen'),
('ea5b5305-caba-4788-a570-5bb7cf42e348', '64dc5b58-43b3-4282-8b32-a3d64c3a89a3', 'KALTAKQUISE', 'ACTIVE', 0, 'Funktion: Geschäftsführer/in (CEO) | Mitarbeiter: 1 bis 10 | Branche: Nachhaltigkeitsbereich / Sanitär & Haustechnik / Solar & Photovoltaik | Rechtsform: Gesellschaft mit beschränkter Haftung'),
('9174fc39-009b-4d40-bfa5-0321955b35a9', '86bbda35-a922-48fb-a283-515f3e470423', 'KALTAKQUISE', 'ACTIVE', 0, 'Funktion: Geschäftsführer/in (CEO) | Mitarbeiter: 11 bis 20 | Branche: Schreinerei- & Holzbaubetriebe | Rechtsform: Aktiengesellschaft'),
('aa0693bf-0088-4c0b-85b6-3c1106bc0279', 'b0d4dfb0-b7c7-4ec8-b9a6-7fc102db0845', 'KALTAKQUISE', 'ACTIVE', 0, 'Funktion: Geschäftsführer/in (CEO) | Mitarbeiter: 21 bis 50 | Branche: Sanitär & Haustechnik | Rechtsform: Aktiengesellschaft'),
('43b37bb1-106c-4381-8ae1-0304c6529579', '29f840b9-6fb5-456c-a60d-5355d2a9dd20', 'KALTAKQUISE', 'ACTIVE', 0, 'Funktion: Geschäftsführer/in (CEO) | Mitarbeiter: 1 bis 10 | Branche: Gartenbau & -pflege'),
('84938822-f582-4eab-a961-f990b53ac16d', '6a3a282e-339e-47ca-8a05-5feb7672b01d', 'KALTAKQUISE', 'ACTIVE', 0, 'Funktion: Geschäftsführer/in (CEO) | Mitarbeiter: 21 bis 50 | Branche: Treuhandbüros | Rechtsform: Aktiengesellschaft'),
('f5545b53-8d29-4e8d-be5f-9554524b827f', '290f6b28-e8ca-45b8-bfe0-1e80ddd34980', 'KALTAKQUISE', 'ACTIVE', 0, 'Funktion: Geschäftsführer/in (CEO) | Mitarbeiter: 1 bis 10 | Branche: Nachhaltigkeitsbereich | Rechtsform: Gesellschaft mit beschränkter Haftung'),
('de88dfcf-5201-4f0c-97ed-afd2f32cbb1e', '165e66d0-8ffa-42cc-8d24-c64a3ad2a4e7', 'KALTAKQUISE', 'ACTIVE', 0, 'Funktion: Geschäftsführer/in (CEO) | Mitarbeiter: 21 bis 50 | Branche: Elektroindustrie | Rechtsform: Aktiengesellschaft'),
('ab27ff33-76ac-4c65-a17a-147f09f3174b', '220673cc-05a9-4219-9104-04965cc90d53', 'KALTAKQUISE', 'ACTIVE', 0, 'Funktion: Geschäftsführer/in (CEO) | Mitarbeiter: 1 bis 10 | Branche: Coiffeursalons'),
('b35438d3-d552-4668-b683-65b3a68e4487', '8bf78570-d4ed-4bc7-8331-ddc8348af346', 'KALTAKQUISE', 'ACTIVE', 0, 'Funktion: Geschäftsführer/in (CEO) | Mitarbeiter: 101 bis 500 | Branche: IT Unternehmen | Rechtsform: Aktiengesellschaft'),
('cae53df9-597b-4a5b-91ba-bab0b081e9e5', '766586ec-56f0-4bb8-8188-af45b97757df', 'KALTAKQUISE', 'ACTIVE', 0, 'Funktion: Geschäftsführer/in (CEO) | Mitarbeiter: 1 bis 10 | Branche: Elektroplanung & Installation'),
('f27e5b0c-84d4-4f35-9876-8b0bdbc9cecb', '4e14d309-fc1e-4291-b639-4321dd017a55', 'KALTAKQUISE', 'ACTIVE', 0, 'Funktion: Geschäftsführer/in (CEO) | Mitarbeiter: 1 bis 10 | Branche: Weiterbildungsinstitute'),
('90dc4f18-1334-4482-b5ff-6e462faeae50', 'a067f88b-dea3-47a9-9080-a88b161f24c1', 'KALTAKQUISE', 'ACTIVE', 0, 'Funktion: Geschäftsführer/in (CEO) | Mitarbeiter: 1 bis 10 | Branche: Architekturbüros | Rechtsform: Kommanditgesellschaft'),
('1884fe45-9301-4b23-8746-fa01a3363f27', 'eec76cf1-ab52-4f57-a0b4-69583a8c1deb', 'KALTAKQUISE', 'ACTIVE', 0, 'Funktion: Geschäftsführer/in (CEO) | Mitarbeiter: 11 bis 20 | Branche: Innenausstatter | Rechtsform: Aktiengesellschaft'),
('09da68a5-e967-4a4f-ae91-63a769c9ec60', 'b8857ccb-5106-4908-83ec-2d098b0dfebf', 'KALTAKQUISE', 'ACTIVE', 0, 'Funktion: Geschäftsführer/in (CEO) | Mitarbeiter: 1 bis 10 | Branche: Treuhandbüros | Rechtsform: Gesellschaft mit beschränkter Haftung'),
('48d58a4b-d5d1-418f-86e9-038bf2e8fbb7', 'b2579820-cd56-4791-8d3c-33fda0db8d22', 'KALTAKQUISE', 'ACTIVE', 0, 'Funktion: Geschäftsführer/in (CEO) | Mitarbeiter: 1 bis 10 | Branche: Freizeitanlagen | Rechtsform: Gesellschaft mit beschränkter Haftung'),
('fafdf71c-76a4-46f7-9ae1-9a5836783e80', '9d971a93-1ba0-41c2-a166-7032344bc1c1', 'KALTAKQUISE', 'ACTIVE', 0, 'Funktion: Geschäftsführer/in (CEO) | Mitarbeiter: 1 bis 10 | Branche: Maler- & Gipsergeschäfte | Rechtsform: Aktiengesellschaft'),
('4a8705ac-5afc-4345-b002-101ad3db9767', '1f50e4f6-78cb-4ca2-a59e-72f3065fd08e', 'KALTAKQUISE', 'ACTIVE', 0, 'Funktion: Geschäftsführer/in (CEO) | Mitarbeiter: 1 bis 10 | Branche: Immobilienverwaltung / Immobilienvermittlung | Rechtsform: Aktiengesellschaft'),
('89c9b327-8039-45ac-acfc-6f5639d286d5', 'de5135c3-4028-4389-b191-2dfab73db1e3', 'KALTAKQUISE', 'ACTIVE', 0, 'Funktion: Geschäftsführer/in (CEO) | Mitarbeiter: 21 bis 50 | Branche: Fonds & sonstige Finanzinstitute / Externe Vermögensverwalter | Rechtsform: Aktiengesellschaft'),
('5b18a390-74c3-4a45-b866-a07596c41e3c', '6626ab6d-c58b-4ec2-93f8-823abbce3cfe', 'KALTAKQUISE', 'ACTIVE', 0, 'Funktion: Geschäftsführer/in (CEO) | Mitarbeiter: 21 bis 50 | Branche: Life-Science-Industrie | Rechtsform: Aktiengesellschaft'),
('53685cd4-ad40-4f76-9946-a79da94841a8', '4a8d702b-d917-4ef5-8225-72e9bd0c6729', 'KALTAKQUISE', 'ACTIVE', 0, 'Funktion: Geschäftsführer/in (CEO) | Mitarbeiter: Mehr als 500 | Branche: Top 2''000 CH-Unternehmen | Rechtsform: Gesellschaft mit beschränkter Haftung'),
('4f3fcf8a-0f3c-4bca-9785-50448a10ea15', '49d98388-da06-41bd-8af7-277f7ff437d1', 'KALTAKQUISE', 'ACTIVE', 0, 'Funktion: Geschäftsführer/in (CEO) | Mitarbeiter: 1 bis 10 | Branche: Gartenbau & -pflege'),
('a84a9dda-6791-4daa-b26b-f30f8d842aa5', '044616b7-b92b-404d-9487-68e9c729d912', 'KALTAKQUISE', 'ACTIVE', 0, 'Funktion: Geschäftsführer/in (CEO) | Mitarbeiter: 11 bis 20 | Branche: Online Shops | Rechtsform: Aktiengesellschaft'),
('d9333cb9-7d4a-4bb1-8452-42a77b28342c', '38b70900-d75b-4cb8-a834-09ccb67dda23', 'KALTAKQUISE', 'ACTIVE', 0, 'Funktion: Geschäftsführer/in (CEO) | Mitarbeiter: 1 bis 10 | Branche: Elektroindustrie | Rechtsform: Aktiengesellschaft'),
('857d59bc-3c58-4a89-889f-ac828d02b41a', '70418948-99a1-408b-b548-6d87c3a6daba', 'KALTAKQUISE', 'ACTIVE', 0, 'Funktion: Geschäftsführer/in (CEO) | Mitarbeiter: 1 bis 10 | Branche: FinTech | Rechtsform: Aktiengesellschaft'),
('c3e2dec7-87aa-4df3-a73a-bf8581432950', 'c879ec84-02a1-4c5a-8bc5-e4fe3fcdf135', 'KALTAKQUISE', 'ACTIVE', 0, 'Funktion: Geschäftsführer/in (CEO) | Mitarbeiter: 11 bis 20 | Branche: Innenausstatter | Rechtsform: Aktiengesellschaft'),
('a9243d0e-d454-4fdf-8aa6-fd60b862839f', 'f15a747d-7139-4824-b8d3-6478df18530a', 'KALTAKQUISE', 'ACTIVE', 0, 'Funktion: Geschäftsführer/in (CEO) | Mitarbeiter: 21 bis 50 | Branche: Fitnessstudios | Rechtsform: Gesellschaft mit beschränkter Haftung'),
('f9149ee1-70e0-44ff-9168-15d784d61a22', '8d05d709-ad9f-47de-bfda-19711eb68ee8', 'KALTAKQUISE', 'ACTIVE', 0, 'Funktion: Geschäftsführer/in (CEO) | Mitarbeiter: 51 bis 100 | Branche: Lebensmittelverarbeitung | Rechtsform: Aktiengesellschaft'),
('e5ffd60e-1669-437f-8bd9-950cfec991fe', '7388f0b8-266d-41af-9441-789e4b051c92', 'KALTAKQUISE', 'ACTIVE', 0, 'Funktion: Geschäftsführer/in (CEO) | Mitarbeiter: 1 bis 10 | Branche: Werbeagenturen | Rechtsform: Gesellschaft mit beschränkter Haftung'),
('3f405b41-3d34-4c9e-9a24-0264eb102b2a', 'ac7175e0-434c-4c8c-9172-247683f4c8be', 'KALTAKQUISE', 'ACTIVE', 0, 'Funktion: Geschäftsführer/in (CEO) | Mitarbeiter: 1 bis 10 | Branche: Versicherungsbroker & -makler | Rechtsform: Gesellschaft mit beschränkter Haftung'),
('4d7ba912-f1d0-422c-8975-c06e13902579', '1765a4b0-32ad-4e40-8b8f-2a36a0829221', 'KALTAKQUISE', 'ACTIVE', 0, 'Funktion: Geschäftsführer/in (CEO) | Mitarbeiter: 1 bis 10 | Branche: Physiotherapie | Rechtsform: Gesellschaft mit beschränkter Haftung'),
('b6936e1e-3f92-4e9a-b795-94c1262742b8', '7c55f69e-937a-43b2-ae21-186e46d30292', 'KALTAKQUISE', 'ACTIVE', 0, 'Funktion: Geschäftsführer/in (CEO) | Mitarbeiter: 1 bis 10 | Branche: Atem- Meditation- & Yogacenter'),
('a2aed7ee-4cbe-4d5e-ac0d-70305298acb0', '80e56f3a-d039-441d-9555-9adc18d9caad', 'KALTAKQUISE', 'ACTIVE', 0, 'Funktion: Geschäftsführer/in (CEO) | Mitarbeiter: 1 bis 10 | Branche: Atem- Meditation- & Yogacenter'),
('1033ba9b-0d87-4390-bb32-4b97e87e0277', 'aa1f274e-94db-4596-9a5e-3a2a892da59f', 'KALTAKQUISE', 'ACTIVE', 0, 'Funktion: Geschäftsführer/in (CEO) | Mitarbeiter: 21 bis 50 | Branche: Fitnessstudios | Rechtsform: Gesellschaft mit beschränkter Haftung'),
('9558b007-bf11-46b2-b1a4-f0f6b2610397', '4d0a140d-8e8b-4f43-896f-88628f10b09e', 'KALTAKQUISE', 'ACTIVE', 0, 'Funktion: Geschäftsführer/in (CEO) | Mitarbeiter: 1 bis 10 | Branche: Physiotherapie | Rechtsform: Gesellschaft mit beschränkter Haftung'),
('8e2caa37-d3e2-46d8-9547-9939c1a02ffe', '81320829-c22c-476d-8789-5b024deba8dd', 'KALTAKQUISE', 'ACTIVE', 0, 'Funktion: Geschäftsführer/in (CEO) | Mitarbeiter: 1 bis 10 | Branche: Atem- Meditation- & Yogacenter'),
('1c6365b1-3992-484b-98f5-f4b01c81df80', '6e91fb37-7fba-463b-82f9-21891cbb9efb', 'KALTAKQUISE', 'ACTIVE', 0, 'Funktion: Geschäftsführer/in (CEO) | Mitarbeiter: 1 bis 10 | Branche: IT Unternehmen / Werbeagenturen | Rechtsform: Gesellschaft mit beschränkter Haftung'),
('0b5b9577-c879-49fd-803e-f19de9f3f302', '667c007d-4e1a-48ae-92c8-6638c67452da', 'KALTAKQUISE', 'ACTIVE', 0, 'Funktion: Geschäftsführer/in (CEO) | Mitarbeiter: 1 bis 10 | Branche: FinTech | Rechtsform: Aktiengesellschaft'),
('e45889e4-08e3-41c6-b1fe-43ed398f4eee', '3a007dd6-fcd6-4f60-9be9-d4ac1962f4fb', 'KALTAKQUISE', 'ACTIVE', 0, 'Funktion: Geschäftsführer/in (CEO) | Mitarbeiter: 1 bis 10 | Branche: Personalvermittler & -berater | Rechtsform: Aktiengesellschaft'),
('ffd7c168-6db7-4e62-9495-c87e00369f27', '65724eab-3452-4d13-bc32-8778824e6784', 'KALTAKQUISE', 'ACTIVE', 0, 'Funktion: Geschäftsführer/in (CEO) | Mitarbeiter: 1 bis 10 | Branche: Unternehmensberater | Rechtsform: Gesellschaft mit beschränkter Haftung'),
('209e1ceb-b7fa-41d2-8e70-ff88d67eb78e', '604c9c59-1278-4407-b11c-6266cdf73540', 'KALTAKQUISE', 'ACTIVE', 0, 'Funktion: Geschäftsführer/in (CEO) | Mitarbeiter: 1 bis 10 | Branche: Physiotherapie / Naturheilpraxen'),
('09ff9daa-8e0f-4885-ac16-b88943afb680', '5c991c89-768a-4242-ae62-ffdc0097c5a3', 'KALTAKQUISE', 'ACTIVE', 0, 'Funktion: Geschäftsführer/in (CEO) | Mitarbeiter: 1 bis 10 | Branche: Physiotherapie / Naturheilpraxen'),
('68092e73-3ce0-4df7-9566-a981959d53d2', 'ea1096b2-15ae-4478-bd8d-7e7e8dfa7815', 'KALTAKQUISE', 'ACTIVE', 0, 'Funktion: Geschäftsführer/in (CEO) | Mitarbeiter: 1 bis 10 | Branche: Naturheilpraxen'),
('ca1a7739-6b67-483e-b29c-8765023a543b', '31cc62d2-e234-4041-b8eb-7c91da9e2a1d', 'KALTAKQUISE', 'ACTIVE', 0, 'Funktion: Geschäftsführer/in (CEO) | Mitarbeiter: 1 bis 10 | Branche: Unternehmensberater | Rechtsform: Aktiengesellschaft'),
('2fedd389-4777-4082-bb74-46e25d3fa3f1', '30f42f9a-098a-42d2-9ebc-58c7c7643f6d', 'KALTAKQUISE', 'ACTIVE', 0, 'Funktion: Geschäftsführer/in (CEO) | Mitarbeiter: 11 bis 20 | Branche: Fitnessstudios'),
('3a75a303-6e6d-4020-942e-1494f0572a7a', '68801f50-e695-4fdb-a782-47bda34d0f08', 'KALTAKQUISE', 'ACTIVE', 0, 'Funktion: Geschäftsführer/in (CEO) | Mitarbeiter: 21 bis 50 | Branche: IT Unternehmen | Rechtsform: Aktiengesellschaft'),
('eac2c0b6-9554-4bde-be01-1eba4944f6b0', 'edaedeb0-01d0-4641-b059-474250cb6460', 'KALTAKQUISE', 'ACTIVE', 0, 'Funktion: Geschäftsführer/in (CEO) | Mitarbeiter: 1 bis 10 | Branche: FinTech | Rechtsform: Aktiengesellschaft'),
('04e2af76-0fdf-4c1e-90bd-52db0225715b', '62e006fc-6ece-48fb-9116-74964a985aef', 'KALTAKQUISE', 'ACTIVE', 0, 'Funktion: Geschäftsführer/in (CEO) | Mitarbeiter: 11 bis 20 | Branche: Online Shops | Rechtsform: Aktiengesellschaft'),
('ea3df6b2-55c4-46fe-8ba4-6b75aa64a90b', 'a8c1118e-bfa3-4388-b5d1-e802013378e1', 'KALTAKQUISE', 'ACTIVE', 0, 'Funktion: Geschäftsführer/in (CEO) | Mitarbeiter: 11 bis 20 | Branche: Online Shops | Rechtsform: Aktiengesellschaft'),
('298b9d26-18da-4c0c-9b4a-806c92f62aec', 'c2f1a1ae-4c45-4a8e-8f1d-f38de70d3830', 'KALTAKQUISE', 'ACTIVE', 0, 'Funktion: Geschäftsführer/in (CEO) | Mitarbeiter: 51 bis 100 | Branche: Elektroindustrie / Online Shops | Rechtsform: Aktiengesellschaft'),
('f3d69546-9f21-42e9-9d56-225ddf3a078a', 'efab4b28-2064-4ba6-9794-1de21a562a0c', 'KALTAKQUISE', 'ACTIVE', 0, 'Funktion: Geschäftsführer/in (CEO) | Mitarbeiter: 1 bis 10 | Branche: Bau- & Projektmanagement / Bauherrenvertretung | Rechtsform: Gesellschaft mit beschränkter Haftung'),
('76359910-cf0f-4bd8-ae10-a2b0570ec007', '2e84d528-5af1-4b69-acaa-236a216b89f2', 'KALTAKQUISE', 'ACTIVE', 0, 'Funktion: Geschäftsführer/in (CEO) | Mitarbeiter: 101 bis 500 | Branche: Banken | Rechtsform: Aktiengesellschaft'),
('f17d5cac-c086-4daf-90d9-2b15c382cf73', '21f4d464-2a04-4886-956a-d827c315a66c', 'KALTAKQUISE', 'ACTIVE', 0, 'Funktion: Geschäftsführer/in (CEO) | Mitarbeiter: 11 bis 20 | Branche: Gartenbau & -pflege'),
('c891f479-4c04-4171-b313-f05387676620', 'fdfd705c-cdca-432e-88da-044befa1705f', 'KALTAKQUISE', 'ACTIVE', 0, 'Funktion: Geschäftsführer/in (CEO) | Mitarbeiter: Mehr als 500 | Branche: Top 2''000 CH-Unternehmen | Rechtsform: Aktiengesellschaft'),
('9320c7a4-31db-454e-b6f5-65ab8b3954ef', '82b15b2e-a720-4c53-a27e-b4c910c355b4', 'KALTAKQUISE', 'ACTIVE', 0, 'Funktion: Geschäftsführer/in (CEO) | Mitarbeiter: 1 bis 10 | Branche: Zahnarztpraxen | Rechtsform: Aktiengesellschaft');

INSERT INTO lead_tags (lead_id, tag_id) VALUES
('d8b8e081-4b6f-4b88-b381-12562f6f3539', 'ka-b2b'),
('1bc8cf41-b380-46d2-ae22-4dfa23f7c891', 'ka-b2b'),
('f3453ae3-d7cd-433b-8fb7-b3fad84553a0', 'ka-b2b'),
('84056975-4bb4-4213-ae4f-2e1098c5e213', 'ka-b2b'),
('c66f61ca-d6ca-45a2-b53b-e35427124c81', 'ka-b2b'),
('9298b2d6-a001-44af-88e7-de8d6f2d5c26', 'ka-b2b'),
('30a6799e-7ac1-446f-aaf7-08b2fb471898', 'ka-b2b'),
('eb1d6e9e-c21d-4144-b28d-93da77de5d9e', 'ka-b2b'),
('5ad83664-df9c-471d-be8d-24fb2a81b5c5', 'ka-b2b'),
('5a5a24dd-3dad-461a-b149-b2b47aa740a4', 'ka-b2b'),
('8910b3dc-723f-4415-9d0e-51fb1dad1dc7', 'ka-b2b'),
('26777b29-b7ce-4797-9c9b-2a56c6088127', 'ka-b2b'),
('9af5a07f-15f8-4de2-b60b-283cbeb124c7', 'ka-b2b'),
('a6962c7f-9d3b-43ea-95fe-822d36a81039', 'ka-b2b'),
('f18987a6-7760-4b5a-9032-c44ed6f20088', 'ka-b2b'),
('2ee349f4-3f27-4f42-ab33-80393e19e389', 'ka-b2b'),
('7f1ee830-908f-4615-aecc-1a90d0c87e49', 'ka-b2b'),
('7364622c-fea8-47be-9a84-cbf32f2a4e28', 'ka-b2b'),
('3166e10b-9784-4782-9449-da523077782f', 'ka-b2b'),
('4090620d-cd8d-47bb-81b3-41215cefa2d4', 'ka-b2b'),
('3601dbb3-d4e0-4b98-9b66-1653fd5f0f19', 'ka-b2b'),
('53b56a1a-f605-4718-9bfb-e7a384a8a4d1', 'ka-b2b'),
('71fe625c-817a-4df9-b0a1-a0160281ad56', 'ka-b2b'),
('1e9f7914-1cd0-47d1-bed1-3d9a76d4b318', 'ka-b2b'),
('a6cb38fd-690c-468d-96c9-3a28af6c0a3e', 'ka-b2b'),
('32f681f4-1935-478f-8b2a-8e73dd635c5a', 'ka-b2b'),
('c4151ae5-242b-4c35-a2d1-eb7871a1c062', 'ka-b2b'),
('fba9cbec-4e1d-469f-a926-3051a097a6fe', 'ka-b2b'),
('6fb17e1f-7a16-4b98-8e7c-e5379c61627b', 'ka-b2b'),
('205e08e8-17d5-4dd8-b76c-0d8acc148a6e', 'ka-b2b'),
('44eb7868-5c67-45e4-b257-3dd85689f655', 'ka-b2b'),
('06fee39a-59c4-487c-9c49-d880412657de', 'ka-b2b'),
('42a4a4f3-93c7-4fc8-827e-4650ed15700d', 'ka-b2b'),
('a060880d-b212-4d34-ae83-30c7492af768', 'ka-b2b'),
('00837a24-df80-4010-a7f0-f6099c3925d2', 'ka-b2b'),
('a3fc960e-dce0-4e01-9b99-0ca8a74c5e58', 'ka-b2b'),
('3e2fad57-03ba-4eab-a720-211e0f667772', 'ka-b2b'),
('85796604-5965-435f-be5d-29cd9e1b2d8b', 'ka-b2b'),
('0e9626e2-260c-4b3b-ab29-6a01e756e26f', 'ka-b2b'),
('e3763a50-06c5-49d3-8b59-33ff343c2570', 'ka-b2b'),
('d8320b06-9539-4ce2-8b29-73fd9d8ff65b', 'ka-b2b'),
('ccbd00cb-5653-4652-b8a9-21f1f4e4f1e8', 'ka-b2b'),
('b759cee8-c644-44c7-a3d5-1e70f0875db3', 'ka-b2b'),
('9b98334d-bb84-46a7-9530-94d719b329a8', 'ka-b2b'),
('a4bbb002-c1c7-4a17-b543-93c4a54069b2', 'ka-b2b'),
('d11e0374-55c3-4ea5-9d22-ce85d1204699', 'ka-b2b'),
('891ab9ca-1ec2-4aad-a340-5dc233bbfb4a', 'ka-b2b'),
('79fb937d-c803-4abe-9fa0-3e1ab4c45476', 'ka-b2b'),
('4cfbf9e9-7662-40f7-9360-81df4dcec7dd', 'ka-b2b'),
('dd085502-ca16-4907-abbb-7e6ec4559362', 'ka-b2b'),
('f18743a6-8068-4a83-be5f-6d2d05186baf', 'ka-b2b'),
('bf04e23f-212e-4a3b-8f8f-90c5bf40145f', 'ka-b2b'),
('a539ab6b-c40a-4dac-8eac-ad4aeb89f5b2', 'ka-b2b'),
('f7c7e064-385a-413e-90e5-f5237268c98a', 'ka-b2b'),
('154a60cb-1412-4722-b3b5-64e7aea4a849', 'ka-b2b'),
('16fdbcb5-bf39-43c3-830a-6e1aa4412af6', 'ka-b2b'),
('c40df8d9-9421-4b4e-87c4-6514f6d07693', 'ka-b2b'),
('aa529d05-2ec0-47b3-97ad-12825a9eecba', 'ka-b2b'),
('0a205ce2-f7bf-4cb5-984f-db1ad80a5aea', 'ka-b2b'),
('3bd6323b-1bae-47dd-8247-937ad88d049a', 'ka-b2b'),
('9ade09c2-e4f1-452b-a709-5933df2bd847', 'ka-b2b'),
('e7bb6170-dca5-4801-a8ef-582d642c8a00', 'ka-b2b'),
('c675ca3f-a80c-4f3d-a88b-5b789f16fd5c', 'ka-b2b'),
('b9bca0d5-99e6-428e-9814-495a30e38478', 'ka-b2b'),
('ecf6343d-6709-4bc8-b9f9-54f117c0faf3', 'ka-b2b'),
('38cb0275-c645-4d16-ad65-1cfef5a828d6', 'ka-b2b'),
('46cc8505-98a1-4307-98e6-deef66db0b08', 'ka-b2b'),
('37e67a7f-4c67-45c0-96a3-77f0fdc15918', 'ka-b2b'),
('5b3fe383-27c0-42a3-9887-906e71fbff81', 'ka-b2b'),
('2db33639-eed6-4ccf-9889-d0ad28ddff64', 'ka-b2b'),
('ee9e1eb8-3a9a-480f-b003-0a2759f42bf7', 'ka-b2b'),
('68fda4f8-5f18-4e9f-ab82-67f12e6b0df1', 'ka-b2b'),
('9e36824f-225f-411e-8fa2-275798e2a2ad', 'ka-b2b'),
('d3cbbbb4-a922-4df1-9a9e-ccf191f706e4', 'ka-b2b'),
('3d44413c-d201-4d8a-a6ef-4f17ef81d3df', 'ka-b2b'),
('bf86b694-9640-40a3-a018-ee7f1d949570', 'ka-b2b'),
('d7a01023-0911-4657-863d-910f05c45781', 'ka-b2b'),
('001289d6-3069-4bf3-9225-e8cf67190686', 'ka-b2b'),
('a6a1e4cb-fd01-4c00-9e5d-17839b732225', 'ka-b2b'),
('7c44ed4b-5cf7-47a3-baef-2b142c20185a', 'ka-b2b'),
('7cc6509d-feb4-4e1b-99d9-417b39eff0e3', 'ka-b2b'),
('b2a9201d-c811-4dac-9067-73c944cc56cf', 'ka-b2b'),
('9801be52-1bfb-4f66-af40-87c92f327cba', 'ka-b2b'),
('292b20e5-6bc4-4ee9-9160-0ca94e842a53', 'ka-b2b'),
('4cb7c102-d8a3-4c0a-a930-3ff863f798d6', 'ka-b2b'),
('2412d50f-c6f7-4f9a-827c-39ff8a1b320f', 'ka-b2b'),
('b5116710-9ce4-4405-ad73-378c439990a2', 'ka-b2b'),
('a7de38c7-6927-4715-9cfa-95091e248477', 'ka-b2b'),
('4d15763b-995b-4dd0-896d-528f7ac50b41', 'ka-b2b'),
('5e34fede-37e5-4b6a-80c0-adb51abbaaf3', 'ka-b2b'),
('b9071ec2-c173-47af-bd92-9def1919f07d', 'ka-b2b'),
('6471dd02-7ea3-45bf-ad2c-02c2ff9ef490', 'ka-b2b'),
('368a491c-424f-499a-9184-6c7f355c98a1', 'ka-b2b'),
('6e08237f-5792-47b6-a374-1b5b8c51f924', 'ka-b2b'),
('96a1b2cc-532d-4868-8554-87f46501522d', 'ka-b2b'),
('89f7aff9-d3d6-4cb7-ab16-50b140097114', 'ka-b2b'),
('cc1176c9-099e-4e68-bc17-bc9ad1d5c513', 'ka-b2b'),
('cf8a7d66-e3d0-4e9f-b421-ef3afb7ccfb3', 'ka-b2b'),
('d1f2936f-e1db-4d81-9c76-121e3d5e8349', 'ka-b2b'),
('0e2af245-283b-4781-9769-307f276a82e0', 'ka-b2b'),
('ef828fc1-7508-4fd9-a112-2e37b6ab5ce5', 'ka-b2b'),
('7a8aabe6-e0de-4ed5-8451-fbb0ca5f6520', 'ka-b2b'),
('7214ba3b-991a-4e13-b8ba-489e99fc3db6', 'ka-b2b'),
('4500f811-2d5e-4b72-881e-e5921d531d55', 'ka-b2b'),
('ae6b45a9-2ff2-4e4e-a414-e4ce52963880', 'ka-b2b'),
('5b03c4b9-ba30-4fc1-9477-f61e1d244b8e', 'ka-b2b'),
('8ea3a6e0-77ea-45a1-907b-d3e6ffc9e479', 'ka-b2b'),
('41ac4702-b3f6-40fe-887e-35fb210a7f67', 'ka-b2b'),
('ed32e206-bc7d-479a-8715-ee63bbaaf77b', 'ka-b2b'),
('2dade494-a466-4be9-ac58-f4cfb5de3cbf', 'ka-b2b'),
('491b87b9-8ac6-489d-8ff5-17103556383d', 'ka-b2b'),
('cbb26dae-21dc-4ee6-9c69-fa13c76c2543', 'ka-b2b'),
('73b51019-69c6-42f3-b7d4-875510ea98a1', 'ka-b2b'),
('cef17c06-e9ab-4ca9-a03d-85599b7b2d06', 'ka-b2b'),
('afd1be2a-8bf6-4bfa-9448-d8a6299bb0c6', 'ka-b2b'),
('f398e00a-5cb2-451b-bc29-fbf9e4407364', 'ka-b2b'),
('cc083024-47b7-4c22-b8d5-f06f779f55f5', 'ka-b2b'),
('0774e13e-2426-4ad4-97f9-493c2d94e772', 'ka-b2b'),
('56f658ec-2192-4c1f-97bb-5ca33228d1ac', 'ka-b2b'),
('74994deb-0b1a-489a-b4c7-cfe496be1695', 'ka-b2b'),
('b99da857-a506-4b17-866c-f30cdfb4b0cd', 'ka-b2b'),
('9677b77f-4bfb-43a9-980b-f4427e249d31', 'ka-b2b'),
('aac5276b-f16f-474b-8e41-95cfdbfd80ec', 'ka-b2b'),
('13b9eba7-0fdd-4789-bc66-21bed379983c', 'ka-b2b'),
('a9a80f11-07ee-4789-96bc-feede20f0605', 'ka-b2b'),
('bdf7af2d-6baf-48ea-8234-a5d499edb179', 'ka-b2b'),
('772d9f14-43f5-4900-8eab-629ababee839', 'ka-b2b'),
('1bcf7d21-9269-4555-9eb5-73bf88fea515', 'ka-b2b'),
('f47f4e62-cd38-4752-b2e3-5492ce76a323', 'ka-b2b'),
('0db782f3-d8fe-49d5-9949-786eb0851b74', 'ka-b2b'),
('b9641ba3-1924-4244-94b2-885b928b4e26', 'ka-b2b'),
('94cf70fd-f48e-40d2-b18d-476a07c992c1', 'ka-b2b'),
('297e67e0-0f73-428a-8933-bf8913d932ec', 'ka-b2b'),
('994726d3-c9c2-4c00-81d4-b59ea7d64b5a', 'ka-b2b'),
('27ffeaa1-fb73-4d8c-becf-9175aac99526', 'ka-b2b'),
('e14ce93a-4b0b-4b86-962a-98bbd2340911', 'ka-b2b'),
('daff8486-3e92-4497-a963-ef3fdaf2bcbe', 'ka-b2b'),
('30b10ca8-bca2-4be1-a0ab-6663a1a3abc5', 'ka-b2b'),
('ba12d306-4a50-45b9-92b2-0f0797ae507f', 'ka-b2b'),
('c5a61a76-f406-4e5d-881e-80b351178ec4', 'ka-b2b'),
('a3e71c59-bbca-460a-938a-07182359289d', 'ka-b2b'),
('85bf96ac-047d-4ab4-a892-893358c97301', 'ka-b2b'),
('1587f50a-0e01-430f-9528-9e57baf82b1d', 'ka-b2b'),
('1c9322cb-6581-4cb0-bc9f-8968683261c4', 'ka-b2b'),
('55501d8c-d547-40ed-ae7a-e93cbb9c18d0', 'ka-b2b'),
('baf3a68b-5cfd-4997-aa34-5f687e90e937', 'ka-b2b'),
('ea5b5305-caba-4788-a570-5bb7cf42e348', 'ka-b2b'),
('9174fc39-009b-4d40-bfa5-0321955b35a9', 'ka-b2b'),
('aa0693bf-0088-4c0b-85b6-3c1106bc0279', 'ka-b2b'),
('43b37bb1-106c-4381-8ae1-0304c6529579', 'ka-b2b'),
('84938822-f582-4eab-a961-f990b53ac16d', 'ka-b2b'),
('f5545b53-8d29-4e8d-be5f-9554524b827f', 'ka-b2b'),
('de88dfcf-5201-4f0c-97ed-afd2f32cbb1e', 'ka-b2b'),
('ab27ff33-76ac-4c65-a17a-147f09f3174b', 'ka-b2b'),
('b35438d3-d552-4668-b683-65b3a68e4487', 'ka-b2b'),
('cae53df9-597b-4a5b-91ba-bab0b081e9e5', 'ka-b2b'),
('f27e5b0c-84d4-4f35-9876-8b0bdbc9cecb', 'ka-b2b'),
('90dc4f18-1334-4482-b5ff-6e462faeae50', 'ka-b2b'),
('1884fe45-9301-4b23-8746-fa01a3363f27', 'ka-b2b'),
('09da68a5-e967-4a4f-ae91-63a769c9ec60', 'ka-b2b'),
('48d58a4b-d5d1-418f-86e9-038bf2e8fbb7', 'ka-b2b'),
('fafdf71c-76a4-46f7-9ae1-9a5836783e80', 'ka-b2b'),
('4a8705ac-5afc-4345-b002-101ad3db9767', 'ka-b2b'),
('89c9b327-8039-45ac-acfc-6f5639d286d5', 'ka-b2b'),
('5b18a390-74c3-4a45-b866-a07596c41e3c', 'ka-b2b'),
('53685cd4-ad40-4f76-9946-a79da94841a8', 'ka-b2b'),
('4f3fcf8a-0f3c-4bca-9785-50448a10ea15', 'ka-b2b'),
('a84a9dda-6791-4daa-b26b-f30f8d842aa5', 'ka-b2b'),
('d9333cb9-7d4a-4bb1-8452-42a77b28342c', 'ka-b2b'),
('857d59bc-3c58-4a89-889f-ac828d02b41a', 'ka-b2b'),
('c3e2dec7-87aa-4df3-a73a-bf8581432950', 'ka-b2b'),
('a9243d0e-d454-4fdf-8aa6-fd60b862839f', 'ka-b2b'),
('f9149ee1-70e0-44ff-9168-15d784d61a22', 'ka-b2b'),
('e5ffd60e-1669-437f-8bd9-950cfec991fe', 'ka-b2b'),
('3f405b41-3d34-4c9e-9a24-0264eb102b2a', 'ka-b2b'),
('4d7ba912-f1d0-422c-8975-c06e13902579', 'ka-b2b'),
('b6936e1e-3f92-4e9a-b795-94c1262742b8', 'ka-b2b'),
('a2aed7ee-4cbe-4d5e-ac0d-70305298acb0', 'ka-b2b'),
('1033ba9b-0d87-4390-bb32-4b97e87e0277', 'ka-b2b'),
('9558b007-bf11-46b2-b1a4-f0f6b2610397', 'ka-b2b'),
('8e2caa37-d3e2-46d8-9547-9939c1a02ffe', 'ka-b2b'),
('1c6365b1-3992-484b-98f5-f4b01c81df80', 'ka-b2b'),
('0b5b9577-c879-49fd-803e-f19de9f3f302', 'ka-b2b'),
('e45889e4-08e3-41c6-b1fe-43ed398f4eee', 'ka-b2b'),
('ffd7c168-6db7-4e62-9495-c87e00369f27', 'ka-b2b'),
('209e1ceb-b7fa-41d2-8e70-ff88d67eb78e', 'ka-b2b'),
('09ff9daa-8e0f-4885-ac16-b88943afb680', 'ka-b2b'),
('68092e73-3ce0-4df7-9566-a981959d53d2', 'ka-b2b'),
('ca1a7739-6b67-483e-b29c-8765023a543b', 'ka-b2b'),
('2fedd389-4777-4082-bb74-46e25d3fa3f1', 'ka-b2b'),
('3a75a303-6e6d-4020-942e-1494f0572a7a', 'ka-b2b'),
('eac2c0b6-9554-4bde-be01-1eba4944f6b0', 'ka-b2b'),
('04e2af76-0fdf-4c1e-90bd-52db0225715b', 'ka-b2b'),
('ea3df6b2-55c4-46fe-8ba4-6b75aa64a90b', 'ka-b2b'),
('298b9d26-18da-4c0c-9b4a-806c92f62aec', 'ka-b2b'),
('f3d69546-9f21-42e9-9d56-225ddf3a078a', 'ka-b2b'),
('76359910-cf0f-4bd8-ae10-a2b0570ec007', 'ka-b2b'),
('f17d5cac-c086-4daf-90d9-2b15c382cf73', 'ka-b2b'),
('c891f479-4c04-4171-b313-f05387676620', 'ka-b2b'),
('9320c7a4-31db-454e-b6f5-65ab8b3954ef', 'ka-b2b');
