-- Batch 231 (200 records)
INSERT INTO contacts (id, first_name, last_name, email, phone, company, address) VALUES
('6f142388-bfba-40eb-9499-f070cd612a58', 'Corinne', 'Wenger', 'corinne.wenger@sgfbern.ch', '031 381 75 50', 'Kita murtenstrasse', 'Holligerhof 8, 3008 Bern, Bern'),
('193defbb-e906-4ce1-be08-789d97d2096e', 'Rina', 'Ramadani', 'allmend@muesliburg.com', '041 311 15 00', 'KITA Müsliburg Allmend Luzern', 'Zihlmattweg 42, 6005 Luzern, Luzern'),
('242df34b-2a23-4caa-826a-1d55265da59d', 'Silja', 'Renggli', 'alpenquai@muesliburg.com', '041 361 14 40', 'KITA Müsliburg Alpenquai', 'Landenbergstrasse 2, 6005 Luzern, Luzern'),
('6deb17c5-4450-434a-b156-c68ae49a15f9', 'Michael', 'Meyer', 'citybay@muesliburg.com', '041 361 14 60', 'KITA Müsliburg Citybay Luzern', 'Güterstrasse 2a, 6005 Luzern, Luzern'),
('561032b3-5978-413d-ba61-51852fbb6b42', 'Michèle', 'Goll', 'stans@muesliburg.com', '041 610 28 60', 'KITA Müsliburg Stans', 'Riedenmatt 4, 6370 Stans, Nidwalden'),
('3e3d6be2-d65c-4711-864d-f3c2ebf594f5', 'Luzia', 'Wiget', 'info@kita-mythenand.ch', '041 811 75 75', 'Kita Mythenand', 'Franzosenstrasse 18, 6423 Seewen, Schwyz'),
('3fe59fca-2256-4b26-b2c1-e8eab42fbb80', 'Vanessa', 'Perroncello-Fina', 'info@kitanano.ch', '041 558 17 18', 'KiTa nano Neugasse', 'Neugasse 52, 6340 Baar, Zug'),
('e09da2b0-7789-45d5-aed2-26dd7bb83368', 'Noé', 'Stranieri', 'info@nido-frick.ch', '079 943 37 44', 'Kita Nido Frick', 'Hauptstrasse 27, 5070 Frick, Aargau'),
('e327d65e-4c49-4ff1-a8d8-e5d436018ce7', 'Nur', 'Gümrük', 'kita@nonnenweg.ch', '079 384 32 40', 'Kita Nonnenweg', 'Nonnenweg 60, 4055 Basel, Basel-Stadt'),
('6c8069f9-246b-498f-9874-f6554d977a99', 'Daniel', 'Frankhauser', 'kita_os@bluewin.ch', '079 857 65 38', 'KiTA Obersimmental - Lenk', 'Gässli 14, 3775 Lenk im Simmental, Bern'),
('f8e4f744-3876-4151-b837-a97519926abc', 'Jean-Daniel Dimitri', 'Bombampete', 'wallisellenstrasse@kitaorchidee.ch', '043 558 76 73', 'Kita Orchidee', 'Wallisellenstrasse 333, 8050 Zürich, Zürich'),
('cc8056a6-5794-4765-a219-480cc6a9a66e', 'Tanja', 'Romero', 'oberfeld@popepoppa.ch', '031 552 04 20', 'Kita Ostermundigen Pop E Poppa Oberfeld', 'Oberfeldweg 11, 3072 Ostermundigen, Bern'),
('09195a2f-4e7e-4170-b605-1c3f23861a86', 'Jolanda', 'Green', 'info@pandakids.ch', '043 557 61 99', 'KiTa Panda Kids Richterswil', 'Schwyzerstrasse 33, 8805 Richterswil, Zürich'),
('7d9f0f49-797b-46ce-b911-5595dadba7dd', 'Brigitte', 'Fallert', 'kontakt@kitaparadiesli.ch', '062 771 95 61', 'Kita Paradiesli', 'Reinacherstrasse 15, 5712 Beinwil am See, Aargau'),
('f9ed3880-87e5-495d-b868-03ac59707c01', 'Rebecca', 'Messerli', 'rebecca.messerli@kita-bueren.ch', '032 351 22 88', 'Kita Pepe', 'Bahnhofstrasse 11, 3294 Büren an der Aare, Bern'),
('c6597739-fb0c-4063-bd3c-9d3028bf0f3f', 'Alexandra', 'Blunier', 'info@kita-pfiffikus.ch', '044 834 00 88', 'KiTa Pfiffikus', 'Bahnhofstrasse 54, 8305 Dietlikon, Zürich'),
('47354c8e-97a5-4582-ba41-462825c7085b', 'Aimée', 'Scotoni', 'info@kita-pinocchio.ch', '032 313 11 17', 'Kita Pinocchio', 'Dorfstrasse 7, 3225 Müntschemier, Bern'),
('c332c029-761e-4908-b644-de9ad8418b42', 'Sandy', 'Kinnigkeit', 'sandy_kinnigkeit@gmx.ch', '078 926 00 84', 'Kita Piratenland', 'Göslikerstrasse 13, 5524 Niederwil, Aargau'),
('5656d61d-f7a6-424e-9a86-c70300dc84e0', 'Sylvie', 'Doppler', 'info@piratennest.ch', '077 530 01 30', 'Kita Piratennest', 'Mariasteinstrasse 1, 4114 Hofstetten, Solothurn'),
('5b61b5a4-eeb3-492b-99d2-60d698664aac', 'Isabelle', 'Gmür', 'info@kitaplus.ch', '055 243 51 03', 'KiTa plus Hort', 'Zinkereistrasse 12, 8633 Wolfhausen, Zürich'),
('a93301a7-5e9c-466b-911b-df0a7e893a62', 'Jennifer', 'Berger', 'kita.ponticello@gmail.com', '032 325 77 77', 'Kita Ponticello', 'Lischenweg 9a, 2503 Biel/Bienne, Bern'),
('587a7809-6221-4c2c-abd9-d1414aa96775', 'Elena', 'Sommer', 'elena.sommer@sgfbern.ch', '031 371 30 90', 'Kita publica', 'Scheuerrain 6, 3007 Bern, Bern'),
('0129da8a-94bb-404d-87ce-8199d8133223', 'Nicole', 'Lenggenhager', 'info@pumpenhaus.ch', '052 533 42 62', 'KITA Pumpenhaus', 'Freistrasse 1, 8200 Schaffhausen, Schaffhausen'),
('e03911eb-953d-4739-8417-0fdfca592ee5', 'Corina', 'Peer', 'info@chinderstube-wurzelbaum.ch', '044 776 80 81', 'Kita Purlimunter', 'Rossauerstrasse 12, 8932 Mettmenstetten, Zürich'),
('1a1240e1-d43a-478f-9d9c-79495d028a7f', 'Valentina', 'Vachshuk', 'purzelbaum@maennedorf.ch', '044 921 68 73', 'Kita Purzelbaum', 'Asylstrasse 50, 8708 Männedorf, Zürich'),
('dabea4d5-96e3-4ffd-a9c2-2e1596eb08ea', 'Corinne', 'Frei', 'info@purzel.ch', '043 543 22 78', 'Kita Purzelschloss', 'Riethofstrasse 1, 8152 Opfikon, Zürich'),
('3f3bb909-85af-4222-b290-a42d81218ab7', 'Melanie', 'Waser', 'info@kita-puumaja.ch', '079 123 93 64', 'Kita Puumaja', 'Oberhof 1, 6274 Eschenbach, Luzern'),
('56bb368e-235e-4bfb-970c-10e66fd03838', 'Lilian', 'Höhener', 'faz.kreuzlingen@gmail.com', '076 371 32 47', 'Kita Rägäbogä', 'Schützenstrasse 8, 8280 Kreuzlingen, Thurgau'),
('a6eb6769-6d58-44e9-8954-35ab8342618e', 'Gabriela', 'Hofer Aegerter', 'raegeboge@diakonissen-riehen.ch', '061 645 44 80', 'Kita Rägeboge', 'Schützengasse 53, 4125 Riehen, Basel-Stadt'),
('6328f3cb-1ac6-46c8-9bba-671ed3a730c3', 'Leila', 'Balmer', 'kita.pzb@k-z-u.ch', '044 838 51 98', 'Kita Rägebogefisch', 'Im Bächli 1, 8303 Bassersdorf, Zürich'),
('143b3f9b-eab2-4e09-a78d-9a941bb5c56d', 'Judith', 'Berchtold-Kummer', 'kita@termen.ch', '079 152 14 38', 'KiTa Rägubogu', 'Dorfstrasse 7, 3912 Termen, Wallis/Valais'),
('49be09d8-b286-4e01-8828-4d7838237014', 'Markus', 'Guhn', 'regenbogen@ortefuerkinder.ch', '044 440 01 80', 'Kita Regenbogen', 'Josefstrasse 212, 8005 Zürich, Zürich'),
('61d73ebb-b854-4b11-bd3d-d02aff12359e', 'Markus', 'Marti', 'info@kita-riedtli.ch', '044 361 92 44', 'Kita Riedtli', 'Stolzestrasse 23, 8006 Zürich, Zürich'),
('269e2c87-39ad-4ae0-b204-fb0ed8406cd2', 'Olga', 'Braunschmidt', 'braunschmidt@braunschmidt.ch', '041 371 05 10', 'KITA RIGI International', 'Breiteichlimatt 5, 6044 Udligenswil, Luzern'),
('ecb2a1de-84fb-4349-bae3-060e1d5a4181', 'Virginie', 'Furrer-Quillet', 'kita.rochette@biel-bienne.ch', '032 326 28 55', 'Kita Rochette', 'Redernweg 6, 2502 Biel/Bienne, Bern'),
('a27baf29-42bd-4481-a361-eec5583e4532', 'Manuela', 'Zehnder', 'kunterbunt@kita-rohrdorf.ch', '056 470 77 30', 'Kita Rohrdorf', 'Rebhaldenweg 24, 5443 Niederrohrdorf, Aargau'),
('7884d38d-d31c-413f-b74f-40108cf3ae4b', 'Gaby', 'Keller', 'gaby.keller@sgfbern.ch', '031 371 88 75', 'Kita rosenweg', 'Rosenweg 26, 3007 Bern, Bern'),
('09d9194b-e011-4f10-9365-080989ff554c', 'Kaa', 'Schüler', 'info@kitarotizora.ch', '031 331 38 85', 'Kita Roti Zora', 'Allmendstrasse 21, 3014 Bern, Bern'),
('b0fa7bf0-5775-42ac-b89b-d4ded9a487c8', 'Markus', 'Dohner', 'admin@rumpelchischte.ch', '078 410 13 93', 'KiTa Rumpelchischtä GmbH', 'Bergstrasse 6, 8353 Elgg, Zürich'),
('21144d50-fe72-4d8f-b4dc-118f51841e09', 'Ursula', 'Egolf-Ziegler', 'ursula.egolf@schule-herrliberg.ch', '058 211 86 30', 'Kita Rumpelchischte', 'Schulhausstrasse 41, 8704 Herrliberg, Zürich'),
('a581bff6-c035-473e-97f6-b0bd636cbeb0', 'Annette', 'Spielmann', 'info@kita-rumpelkiste.ch', '044 381 60 57', 'KITA Rumpelkiste', 'Dufourstrasse 146, 8008 Zürich, Zürich'),
('b43c7029-7fc6-4efe-b9cc-01be524397e9', 'Olivia', 'Seiler', 'olivia.seiler@sgfbern.ch', '031 351 53 17', 'Kita sandburg', 'Fischerweg 3, 3012 Bern, Bern'),
('75c35b42-0a95-471a-b207-00924c5d044a', 'Priska', 'Denzler', 'info@kita-schatzinsel.ch', '043 321 64 25', 'Kita Schatzinsel', 'Luegislandstrasse 597, 8051 Zürich, Zürich'),
('de18d215-b5a0-4d09-bd77-126258dd59b1', 'Andrea', 'Hufschmid', 'info@kitaschatzinsel.ch', '061 423 01 33', 'KiTa Schatzinsel', 'Schlossrebenrain 9, 4102 Binningen, Basel-Land'),
('6725071b-ad57-4d33-9892-4806d5f4aa55', 'Melanie', 'Zwahlen', 'kita@schildli.ch', '026 670 25 35', 'Kita Schildli', 'Merlachfeld 2, 3280 Murten, Fribourg/Freiburg'),
('dd729c0b-eb3b-4422-8d42-e4a0c5e79ecd', 'Monica', 'Weber', 'kita@zsburgdorf.ch', '034 421 93 93', 'Kita Schloss Stern', 'Einschlagweg 38, 3400 Burgdorf, Bern'),
('db3ff111-c67b-433e-8690-71be6e250438', 'Marisol', 'Villa Moreno', 'info@kita-schlumpfenland.ch', '078 755 32 19', 'KiTa Schlumpfäland', 'Frauenfelderstrasse 3, 9542 Münchwilen, Thurgau'),
('7cf423ed-325b-43f9-baef-9788f7e8a5a7', 'Barbara', 'Bruderer', 'kontakt@kitaschnaeggehuesli.ch', '079 637 41 45', 'KiTa Schnäggehüsli', 'Dorfbergstrasse 2, 3550 Langnau im Emmental, Bern'),
('26897862-4976-4f29-8705-5df14ccb318b', 'Cécile', 'Brancher', 'info@schtaernli-kita.ch', '079 736 84 26', 'Kita Schtärnli Cécile Brancher', 'Staatsstrasse 6, 3653 Oberhofen am Thunersee, Bern'),
('efdba99a-59b4-4ef2-a03d-10b7b5d392a5', 'Erika', 'Hofmann', 'info@schwanenaescht.ch', '078 746 10 08', 'Kita Schwanenäscht', 'Delfterstrasse 14, 5000 Aarau, Aargau'),
('4118ef14-f5fa-4803-8507-641ca654db4f', 'Lisa', 'Meier', 'info@kitaseegarten.ch', '044 941 53 50', 'Kita Seegarten', 'Seefeldstrasse 4a, 8610 Uster, Zürich'),
('db0f670f-201d-430e-94e3-692e0c3ca9dd', 'Andrea', 'Hayoz', 'kita@seisemuesli.ch', '026 419 00 35', 'Kita Seisemüsli', 'Rüttistrasse 45, 1716 Plaffeien, Fribourg/Freiburg'),
('5dccf892-d462-41fc-a72b-5c988b57f413', 'Carine', 'Steiert', 'kita.soleil@biel-bienne.ch', '032 326 28 60', 'Kita Soleil', 'Sonnenstrasse 30, 2504 Biel/Bienne, Bern'),
('f93f049d-864c-4951-ac62-64e2919c6a18', 'Julia', 'Bremgartner', 'kontakt@kitasonnbuehl.ch', '041 525 17 18', 'KITA Sonnbühl', 'Sonnbühl 3, 6218 Ettiswil, Luzern'),
('cbb396d9-c951-4b96-b945-9fa2e43626ad', 'Isil', 'Tut', 'info@kita-sonneblueme.ch', '062 797 90 90', 'Kita Sonnenblume', 'Färbestrasse 13, 4665 Oftringen, Aargau'),
('7b08e59a-7232-4104-82ff-99d467d66463', 'AnaÏs', 'Bach', 'kitasonnenblume@gmx.com', '077 960 45 59', 'KITA Sonnenblume-Tournesol', 'Baslerstrasse 54, 4102 Binningen, Basel-Land'),
('f4da708e-a33d-4836-98d5-16a60e19950d', 'Céline', 'Christener', 'info@kita-sonneschiin.ch', '041 922 06 06', 'Kita Sonneschiin', 'Münsterstrasse 1e, 6214 Schenkon, Luzern'),
('a97ac362-10f1-4b25-b2d1-26c5fbdb9222', 'Bettina', 'Lichtl', 'info@kita-spatzenaeschtli.ch', '079 104 71 18', 'Kita Spatzenäschtli', 'Zihlmattweg 5, 6005 Luzern, Luzern'),
('cd37b9e8-225d-41fb-8a24-ed3d04bc4227', 'Cornelia', 'Bianchin', 'info@spatzennestaadorf.ch', '052 365 25 20', 'KITA SPATZENNEST AADORF', 'Käsernstrasse 1, 8355 Aadorf, Thurgau'),
('8c06f2c8-f490-45e3-abd4-419db36db3e5', 'Florian', 'Diener', 'kontakt@kitaspezial.ch', '0800 755 555', 'Kita Spezial Onlineshop', 'Ruessenstrasse 12, 6340 Baar, Zug'),
('275b11c7-92d7-4795-aa9d-e1d92c55ebf2', 'Martina', 'Schürch', 'info@kita-spielburg.ch', '041 449 00 77', 'KiTa Spielburg Inwil', 'Hauptstrasse 57, 6034 Inwil, Luzern'),
('4bf7e7d9-674c-4b9e-9a51-77e579717f93', 'Renate', 'Elsener', 'spieloase@bluewin.ch', '061 833 19 59', 'Kita Spieloase', 'Zürcherstrasse 1, 4310 Rheinfelden, Aargau'),
('dfbde975-429c-4983-b417-e10747e5a6de', 'Pia', 'Brunschwiler', 'pia.brunschwiler@bruehlgut.ch', '052 208 13 68', 'KiTa Spielpark', 'Sträulistrasse 6, 8400 Winterthur, Zürich'),
('990c1744-d2be-4519-be1e-fd9e1b120e64', 'Alice', 'Zweifel', 'kita@kitasputnik.ch', '044 261 48 74', 'KITA Sputnik Stadelhofen', 'Schanzengasse 11, 8001 Zürich, Zürich'),
('aebe60c2-7e1f-4546-81d8-834720cbacc6', 'Jessica', 'Bätschmann', 'info@kita-stgeorgen.ch', '071 223 76 20', 'KITA St. Georgen', 'Hebelstrasse 13, 9000 St. Gallen, St. Gallen'),
('a3014304-0c5a-44ba-a62e-9e0ff5efbffb', 'Jacqueline', 'Ott', 'kita-sternehimu@bluewin.ch', '079 907 08 70', 'Kita Stärnähimu GmbH', 'Marktstrasse 9, 6060 Sarnen, Obwalden'),
('f239570f-24c3-486f-a70a-91b577df2a63', 'Cornelia', 'Zbinden', 'info@kids-carebern.ch', '078 758 39 58', 'Kita steinhölzli', 'Kirchstrasse 38, 3097 Liebefeld, Bern'),
('18c4a667-8d07-45e7-8234-ebf026e09c47', 'Alice', 'Roschi', 'info@sterndli.ch', '041 780 33 88', 'Kita Sterndli Cham', 'Langackerstrasse 21, 6330 Cham, Zug'),
('f31cbcdf-69cc-424e-848d-8c3805ac3796', 'Nicole', 'Bär', 'sternen@verein-fee.ch', '044 923 43 42', 'Kita Sternen', 'Seestrasse 565, 8706 Meilen, Zürich'),
('7d6cf9ae-f9ff-4ac5-bdf0-6a344901d41d', 'Celina', 'Ranzi', 'info@kitasternenstaub.ch', '044 300 32 32', 'Kita Sternenstaub GmbH', 'Thurgauerstrasse 66, 8050 Zürich, Zürich'),
('6579b9e0-c717-4764-80bb-268ebf0c8ef7', 'Sybil', 'Scatigna', 'info@kita-sternli.ch', '052 640 23 29', 'Kita sternli', 'Hochstrasse 313, 8200 Schaffhausen, Schaffhausen'),
('7f59dee6-d578-4f43-9272-fd20650b2c86', 'Angela', 'Graci', 'info@elternverein-niedergoesgen.ch', '062 849 07 72', 'Kita Sternschnuppe', 'Kreuzstrasse 40, 5013 Niedergösgen, Solothurn'),
('4ca607a6-2d6a-4b32-909a-bca815d542a2', 'Stefanie', 'Schaller', 'leitung@krippe.ch', '079 755 01 97', 'KITA Storchenäscht', 'Gerbegasse 14, 3210 Kerzers, Fribourg/Freiburg'),
('22d55714-d028-46a5-8d7d-43389c63989f', 'Michèle', 'Reisinger', 'michele.reisinger@kita-storchennest.ch', '032 389 12 12', 'KiTa Storchennest', 'Wengistrasse 7, 3257 Grossaffoltern, Bern'),
('2ab603f1-d943-467c-85c2-9485011f84df', 'Gabi', 'Würgler', 'kita.strickhof@familiaris.ch', '052 222 07 70', 'Kita Strickhof', 'Weinbergstrasse 181, 8408 Winterthur, Zürich'),
('b646565b-f8ad-48c0-bc96-1097e8ebfe67', 'Jasmine', 'Maurer', 'info@kitazuzwil.ch', '071 940 00 92', 'Kita Summervogel Zuzwil GmbH', 'Unterdorfstrasse 36c, 9524 Zuzwil, St. Gallen'),
('26a433b3-2ded-4952-a086-97169f3f3c54', 'Sarah', 'Haberthür', 'info@kitaarosa.ch', '081 378 75 07', 'Kita Sunnastrahl Arosa', 'Poststrasse 240, 7050 Arosa, Graubünden'),
('478aba23-f313-4087-b7b3-a4bcd6c99a9e', 'Daniel', 'Salzmann', 'info@kita-sunneberg.ch', '052 232 45 74', 'Kita Sunneberg', 'Hinterdorfstrasse 4, 8405 Winterthur, Zürich'),
('b52bcff8-dde0-422c-abca-b1415495bfee', 'Karin', 'Faes', 'kitasunneschii@faesag.ch', '062 776 05 66', 'KiTa Sunneschii', 'Juraweg 10a, 5040 Schöftland, Aargau'),
('c656e0d7-ddd6-40e0-b05a-569ddbcdf6a0', 'Angelina', 'Mokroski-Thaqi', 'bleicher@kita-sunneschiin.ch', '079 950 05 95', 'Kita Sunneschiin 1', 'Bleicherstrasse 11, 6003 Luzern, Luzern'),
('c0f3c3d6-ff21-45ef-8538-c9685e97445c', 'Peter', 'Surbeck', 'info@kita-sunneschyn.ch', '031 822 60 70', 'KITA SUNNESCHYN', 'Bernstrasse 1&3b, 3053 Münchenbuchsee, Bern'),
('bd9f3a66-af1d-4636-ba96-d21963ed6fad', 'Salome', 'Jakob', 'koppigen@kita-sunnestrahl.ch', '079 234 51 46', 'KiTa Sunnestrahl', 'Moosgässli 12, 3425 Koppigen, Bern'),
('1e062204-b9f3-4d51-a1f6-5068c2cbec30', 'Lena', 'Höner-Nenzén', 'sunnestrahl@verein-fee.ch', '044 923 67 00', 'Kita Sunnestrahl', 'Seestrasse 139, 8706 Meilen, Zürich'),
('a1febdd5-560b-4dca-a5a2-ec5a8d279a0a', 'Nathalie', 'Günter', 'info@kita-sunnestube.ch', '033 822 01 13', 'KiTa Sunnestube', 'Spitalweg 17, 3800 Unterseen, Bern'),
('a85ac956-fd4b-4c29-b6be-d52215a9b309', 'Sabine', 'Reuter-Engler', 'info@kita-sunnigehof.ch', '044 325 12 62', 'Kita Sunnige Hof', 'Mattenhof 11, 8051 Zürich, Zürich'),
('7e30d596-1f11-47d5-8a27-f1c71b906433', 'Klaus', 'Keiser', 'info@kitatabaluga.ch', '061 599 78 96', 'Kita Tabaluga', 'Baslerstrasse 10, 4103 Bottmingen, Basel-Land'),
('dc382dce-6e47-47c1-8dba-2f8f0c0ffac6', 'Anika', 'Bühler', 'anika.buehler@taff-schweiz.ch', '041 440 05 08', 'Kita TaFF Ebikon', 'St. Annastrasse 5, 6030 Ebikon, Luzern'),
('52d909a3-26be-468b-9753-0f7b1e6d24bd', 'Sandra', 'Kaspari', 'sandra.kaspari@taff-schweiz.ch', '041 370 06 06', 'Kita TaFF Luzern', 'Büttenenhalde 42, 6006 Luzern, Luzern'),
('f2c1379b-3e68-449c-84c2-f6d5874afedc', 'Julia', 'Wüller', 'julia.wueller@taff-schweiz.ch', '041 390 37 60', 'Kita TaFF Weggis', 'Rigiblickstrasse 6, 6353 Weggis, Luzern'),
('cccffb55-8709-4f2f-93ec-8902777466d0', 'Alice', 'Kostadinoski', 'alice.kostadinoski@taff-schweiz.ch', '041 490 20 90', 'Kita TaFF Wolhusen', 'Im Schmitteli 2, 6110 Wolhusen, Luzern'),
('2f878a57-5ec8-4fb7-bd58-7790f343e2f9', 'Andrea', 'Vernaleken', 'info@kita-talgutzentrum.ch', '031 918 40 36', 'Kita Talgutzentrum', 'Talgutzentrum 25, 3063 Ittigen, Bern'),
('a623e72c-4edd-4ecc-9bf4-94bb01ea49dc', 'Cornelia', 'Ruckstuhl', 'info@kita-tandem.ch', '079 946 94 40', 'Kita Tandem Binz', 'Binzallee 29, 8055 Zürich, Zürich'),
('eb7ab244-1abd-4826-9c1e-20eac7cc5a60', 'Maike', 'Maurer', 'maike.maurer@eulachtal.ch', '052 368 51 04', 'KiTa Tartaruga', 'Im Halbiacker 1, 8352 Elsau, Zürich'),
('96144f4f-5e7a-4968-b57a-f38d2ab88b72', 'Nina', 'Iff', 'info@kita-tazli.ch', '077 522 63 47', 'KiTa Tazli', 'Hindelbankstrasse 38, 3322 Urtenen-Schönbühl, Bern'),
('52d23b4f-75be-4c0f-8976-b97892e28142', 'Samara', 'Cabrera', 'kontakt@thalito.ch', '044 578 44 57', 'KITA Thalito', 'Im Park 6, 8800 Thalwil, Zürich'),
('362b22e6-b06e-4237-860a-4e7da5342dcb', 'Sigrid', 'Bässler', 'info@kita-thun.ch', '033 225 08 70', 'Kita Thun', 'Hopfenweg 21, 3600 Thun, Bern'),
('b695e7b7-61c8-4507-b801-a1f390faf891', 'Tanja', 'Nestola', 'schlossburg@popepoppa.ch', '033 552 02 60', 'Kita Thun Pop E Poppa', 'Burgstrasse 2, 3600 Thun, Bern'),
('18adeaf8-bac1-43bb-b2ba-9743514a6efc', 'Petra', 'Matter Anderegg', 'info@kita-tigerente.ch', '044 554 77 41', 'Kita TigerEnte', 'Hofstrasse 94, 8620 Wetzikon, Zürich'),
('0baa1c9b-39e0-4d66-b92f-1e19d80a71a9', 'Sarah', 'Stauffer', 'tiqtaq@kita-oberbipp.ch', '032 636 04 04', 'Kita TIQ TAQ', 'Mettlenstrasse 2, 4538 Oberbipp, Bern'),
('22aa4c3b-83e6-4177-ba34-f3923e65cdd7', 'Zehra', 'Bakir', 'info@kita-tonwerk.ch', '076 526 15 62', 'Kita Tonwerk', 'Bahnhofstrasse 3, 4415 Lausen, Basel-Land'),
('fb622ff2-7919-4d5a-9762-cdef0f37e264', 'Sonja', 'Senoner', 'sonjasenoner@yahoo.de', '078 404 71 45', 'KITA Tortuga', 'Esslingerstrasse 16a, 8618 Oetwil am See, Zürich'),
('8850f62c-222c-4d92-8483-f4b9de7c2638', 'Dorothea', 'Pfaff', 'dorothea.pfaff@kita-thalwil.ch', '043 305 70 78', 'Kita Trauminsel', 'Alte Landstrasse 121a, 8800 Thalwil, Zürich'),
('3d59fe1d-95e4-4d20-85be-9d6b35a842b0', 'Daniela', 'Müller', 'info@kita-triengen.ch', '041 933 07 07', 'Kita Triengen', 'Oberdorf 14b, 6234 Triengen, Luzern'),
('5ddd2b92-385b-4874-a4f0-595795961358', 'Ulrike', 'Kleefeld', 'info@kita-tropicana.ch', '076 77 88 264', 'Kita Tropicana GmbH', 'Bremgarterstrasse 56, 8967 Widen, Aargau'),
('ebd277d9-4f33-4233-a7c6-60c77ec5aafa', 'Janine', 'Bütikofer', 'kita@tubeschlag.ch', '032 623 46 23', 'Kita Tubeschlag', 'St. Josefsgasse 7a, 4500 Solothurn, Solothurn'),
('b25041c9-e1de-4de9-82b6-39e967eb4695', 'Jenny', 'Hug', 'info@kita-turgi.ch', '079 325 42 45', 'Kita Turgi', 'Dammweg 3, 5300 Turgi, Aargau'),
('b4605935-0537-4379-b9da-06d80fb59cdc', 'Beatrice', 'Frei', 'beatrice.frei@frauenundkinder.org', '032 322 69 11', 'Kita TuttiFrutti', 'Seevorstadt 46, 2502 Biel/Bienne, Bern'),
('ecbac030-0db2-474f-8c62-894a81583c34', 'Sandra', 'Keller', 'kita.leitung@clienia.ch', '071 929 62 55', 'Kita Tuusigfüessler', 'Hauptstrasse 142, 9573 Littenheid, Thurgau'),
('10e57ec1-64f7-44d2-a727-c74851be82c7', 'Nadia', 'Schweizer', 'info@unlimitedkids.ch', '062 721 06 53', 'KiTa Unlimited Kids', 'Dorfstrasse 20, 5053 Staffelbach, Aargau'),
('b285ad59-b452-41f1-9b73-5bd703fa69f2', 'Andrea', 'Schumacher', 'kita@stiftung-papilio.ch', '041 874 13 17', 'Kita Uri', 'Gotthardstrasse 14, 6460 Altdorf, Uri'),
('c3fe4331-2146-4c15-b4fb-90846d2829df', 'Brigitte', 'Marti', 'info@kita-vagalume.ch', '061 271 60 10', 'Kita Vagalume', 'Dornacherstrasse 10, 4053 Basel, Basel-Stadt'),
('77c66a1b-5919-4f33-b678-9ecccc5e63ab', 'Karin', 'Murnig', 'info@kunterbunt-kita.ch', '081 250 37 51', 'KITA Villa Kunterbunt', 'Segantinistrasse 12, 7000 Chur, Graubünden'),
('3559bf5f-87d7-40e9-afe7-f85eaef6396c', 'Viola', 'Bietenholz', 'langstrumpf@kita-rohrdorf.ch', '056 470 17 27', 'Kita Villa Langstrumpf', 'Luxmattenstrasse 33, 5452 Oberrohrdorf, Aargau'),
('ab9438cd-1022-41b4-b11c-66f8fc016339', 'Melita', 'Schurter', 'admin@kita-villa-pfungen.ch', '078 410 34 06', 'KiTa Villa Pfungen', 'Weiacherstrasse 16, 8422 Pfungen, Zürich'),
('9fce3da3-6e59-4e36-a4b8-4130d344b3bb', 'Angela', 'Frischknecht', 'kita-villa-raegeboge@gmx.ch', '052 654 18 44', 'Kita Villa Rägeboge', 'Hauptstrasse 32, 8252 Schlatt, Thurgau'),
('cf3d1be1-1dc9-4f61-8bb0-7c08c948e046', 'Jelena', 'Müller', 'info@kitavisavie.ch', '032 544 76 06', 'Kita VISAVIE', 'Schwanengasse 27, 2503 Biel/Bienne, Bern'),
('a703435d-6ea6-4b4f-bc89-fcea529d397a', 'Alessia', 'Mächler', 'info@kita-vogelsang.ch', '052 202 55 31', 'Kita Vogelsang', 'Untere Vogelsangstrasse 197, 8400 Winterthur, Zürich'),
('e5a26745-6d54-4e9e-8418-1179b78b7057', 'Martina', 'Siegfried', 'wabern@fiorino.ch', '031 381 75 81', 'Kita Wabern bei Bern', 'Eichholzstrasse 12, 3084 Wabern, Bern'),
('f73d3103-37e9-4dee-b0af-eb97fc6aa9cb', 'Lydia', 'Zwyssig', 'info@kita-waedenswil.ch', '044 680 21 67', 'KiTa Wädenswil', 'Luftstrasse 26b, 8820 Wädenswil, Zürich'),
('32fd1598-4ca8-43d7-9014-c09d5167e826', 'Cécile', 'Cantor', 'amwald@kita-waldfee.ch', '041 340 15 35', 'Kita Waldfee am Wald', 'Brändistrasse 18, 6048 Horw, Luzern'),
('00f23dc6-3e36-406c-a789-eacf498256bb', 'Susanne', 'Nocito', 'info@kitawaldi.ch', '031 371 81 81', 'Kita Waldi GmbH', 'Bürenstrasse 10, 3007 Bern, Bern'),
('3e5624c7-9f75-49b6-88ba-3108e40920b1', 'Christine', 'Bachmann', 'info@kitawaldmuus.ch', '079 259 30 16', 'Kita Waldmuus', 'Loostrasse 7, 8803 Rüschlikon, Zürich'),
('e7d4e9aa-b30a-4b56-91e5-5ffca7769fb4', 'Sonja', 'Alder-Zähner', 'leitung@kitawaldstatt.ch', '071 351 24 02', 'Kita Waldstatt', 'Herisauerstrasse 23, 9104 Waldstatt, Appenzell Ausserrhoden'),
('53095b51-71cd-4c9f-9979-8de2e57e998d', 'Denise', 'Eggenberger', 'info@kita-wandelbar.ch', '079 781 30 00', 'KiTa Wandelbar', 'Zugerstrasse 63a, 8820 Wädenswil, Zürich'),
('84cb723c-5722-4082-a8b0-b7df3535deb4', 'Angela', 'Reist', 'info@kita-wasen.ch', '034 437 05 17', 'Kita Wasen', 'Gmündenstrasse 13, 3457 Wasen im Emmental, Bern'),
('0bd188c6-2f50-4d31-a4e3-ab7112b943cf', 'Cony', 'Leuzinger', 'info@kita-wattwil.ch', '071 988 78 68', 'Kita Wattwil Bärehuus', 'Hofjüngerstrasse, 9630 Wattwil, St. Gallen'),
('077476b9-bcb5-4bcb-a946-039749e8f0c9', 'Gabrijela', 'Ivankovic', 'gabrijela.ivankovic@sgfbern.ch', '031 372 31 41', 'Kita weissenbühl', 'Friedheimweg 18, 3007 Bern, Bern'),
('632f3531-2157-4700-9dff-35c99afd56bf', 'Manuela', 'Torri', 'eltern@kitabadenwettingen.ch', '056 426 17 37', 'Kita Wettingen', 'Schartenstrasse 42, 5430 Wettingen, Aargau'),
('8483eb02-1307-422b-b9bc-1ed6cd2bf6c3', 'Jana', 'Rupp', 'jana.rupp@s-d-m.ch', '071 726 11 49', 'Kita Widnau', 'Rütistrasse 23, 9443 Widnau, St. Gallen'),
('bade4f61-7c24-4ae0-9502-89de6b48d095', 'Tanja', 'Helg', 'kita.sued@kita-wil.ch', '071 912 25 75', 'Kita Wil Süd', 'St. Gallerstrasse 5, 9500 Wil, St. Gallen'),
('ad6bf0f8-61fe-4e1d-91fb-33fba0e50f21', 'Dajana', 'Vetter', 'kita.nord@kita-wil.ch', '071 565 96 90', 'Kita Will Nord', 'Neugrubenstrasse 19, 9500 Wil, St. Gallen'),
('32f256bc-e418-4514-a234-c59976f83731', 'Christina', 'Ammann', 'info@kita-wimmis.ch', '033 657 01 44', 'Kita Wimmis', 'Bahnhofstrasse 6, 3752 Wimmis, Bern'),
('4e80b9f4-268f-47a5-b27b-e68a8847209f', 'Melanie', 'Bänninger', 'info@kita-windraedli.ch', '052 202 07 27', 'Kita Windrädli', 'Riedhofstrasse 65, 8408 Winterthur, Zürich'),
('ebd8f03e-cafa-4710-a810-68c7028644d3', 'Yvonne', 'Staub', 'info.kitawindredli@gmail.com', '041 448 00 15', 'Kita Windredli', 'Margrethenweg 6, 6275 Ballwil, Luzern'),
('5aea3e9a-d7c8-4211-a3b1-1b5813cae86d', 'Silke', 'Schneider', 'windredli@kita-muttenz.ch', '061 462 07 07', 'KITA Windredli Muttenz', 'St. Jakobs-Strasse 110, 4132 Muttenz, Basel-Land'),
('6c979629-eb29-46b4-80f4-d7465350333b', 'Daniel', 'Stöckli', 'daniel.stoeckli@kibez.ch', '031 911 09 80', 'Kita Wirbelwind', 'Kreuzstrasse 2, 3052 Zollikofen, Bern'),
('32c97912-839c-4971-a5b2-026086849118', 'Anne', 'Zesiger-Hotz', 'anne.zesiger@solnet.ch', '071 891 15 02', 'Kita Wirbelwind', 'Wüschbach 160, 9427 Wolfhalden, Appenzell Ausserrhoden'),
('8701b8de-438e-42f0-9635-5b9732976d63', 'Kathrin', 'Kress', 'info@kita-wolke.ch', '044 525 95 95', 'Kita Wolke', 'Aspstrasse 1, 8426 Lufingen, Zürich'),
('dd9b4589-0ee8-43de-a601-a344b8f606dd', 'Rajmonda', 'Quni', 'rajmonda.quni@kita-woelkli.ch', '041 710 63 30', 'Kita Wölkli', 'Eggried 4, 6319 Allenwinden, Zug'),
('070d364d-b8b5-49a9-af4e-b9c657272d62', 'Daniela', 'Pfister', 'kontakt@kitawombat.ch', '031 352 09 90', 'Kita Wombat', 'Buchserstrasse 3, 3006 Bern, Bern'),
('3e4afb0b-3ef8-40b8-a459-41020241d1c7', 'Sandra', 'Bigler', 'info@kita-worb.com', '031 832 00 74', 'Kita Worb', 'Enggisteinstrasse 5, 3076 Worb, Bern'),
('3aed779d-5dd2-4d59-a806-3924db1f3318', 'Sabrina', 'Krauer', 'info@kita-wunderfitz.ch', '043 244 08 32', 'Kita Wunderfitz', 'Seestrasse 296, 8810 Horgen, Zürich'),
('add72b5f-89a8-461f-873c-96032b92fe91', 'Danira', 'Muslic', 'info@kitawundergarten.ch', '079 859 20 62', 'Kita Wundergarten', 'Ringstrasse 8, 5452 Oberrohrdorf, Aargau'),
('67ff35d2-4691-4281-a03b-abdecb5f9ff7', 'Nicole', 'Weibel', 'leitung@kita-wunderland.ch', '044 431 97 80', 'Kita Wunderland', 'Badenerstrasse 710, 8048 Zürich, Zürich'),
('13596c5d-8d57-4a47-affa-fd2a6f2b85f3', 'Beatrice', 'Neuenschwander', 'kitawunderlandbinningen@gmx.ch', '078 713 41 18', 'KITA Wunderland', 'Bündtenmattstrasse 91, 4102 Binningen, Basel-Land'),
('90972a04-972e-44df-8cf0-afdef3565a88', 'Jennifer', 'Vizcaino', 'leitung@wundernasa.ch', '027 510 12 09', 'Kita Wundernasa', 'Lowinerstrasse 21, 3911 Ried-Brig, Wallis/Valais'),
('02e8bbf4-44ba-4634-b5cb-99c84e4754f3', 'Franca', 'Schmid', 'info@kitawyfelde.ch', '071 622 52 52', 'Kita Wyfelde', 'Amriswilerstrasse 52, 8570 Weinfelden, Thurgau'),
('2206c8d9-155c-4577-944e-7ab25a1f0c47', 'Marina', 'Blachava', 'bruderholz@ylaa.ch', '079 809 01 60', 'Kita ylaa Basel Bruderholz', 'Schönenbergstrasse 22, 4059 Basel, Basel-Stadt'),
('6317f6a4-3ea9-4634-98b6-8b028d6a3031', 'Marion', 'Höfele', 'densapark@ylaa.ch', '079 809 01 56', 'Kita ylaa Basel Densa Park', 'Neuhausstrasse 36, 4057 Basel, Basel-Stadt'),
('fcbce61b-8a75-49bd-b9f0-62cb77e88117', 'Verena', 'Kummer', 'kita-zappelchischte@gmx.ch', '062 922 88 44', 'Kita Zappelchischte', 'Rütschelenstrasse 12, 4932 Lotzwil, Bern'),
('7b9512ba-05fb-40fa-a4c5-dae3704b1fa6', 'Silvia', 'Imlig', 'info@kita-zauberbrunnen.ch', '041 820 04 04', 'KiTa Zauberbrunnen', 'Im Acher 6, 6440 Brunnen, Schwyz'),
('18edd909-2958-45d1-b178-2132a3cf7747', 'Rahel', 'Biasca', 'info@kita-zauberburg.ch', '043 321 50 93', 'Kita Zauberburg', 'Winterthurerstrasse 689, 8051 Zürich, Zürich'),
('2e738948-a528-4fad-b700-80ac74be454c', 'Susi', 'Pielli', 'info@zauberburg.ch', '062 893 06 93', 'Kita Zauberburg Möriken', 'Hornimattstrasse 8, 5103 Wildegg, Aargau'),
('2275458d-ea24-4c7e-8890-a0e053feb1ee', 'Rahel', 'Cheng', 'info@zauberchaeschtli.ch', '041 282 42 79', 'Kita Zauberchäschtli', 'Benziwil 27, 6020 Emmenbrücke, Luzern'),
('68482052-b70b-4239-97a7-331fce449a72', 'ANita', 'Stadelmann-Isepponi', 'info@zaubercheschte.ch', '041 448 47 57', 'KiTa Zaubercheschte', 'Industriestrasse 72, 6034 Inwil, Luzern'),
('b1735a9b-e03e-479b-acd4-86592f772b71', 'Melis', 'Sollar', 'kita@zauberchischte.ch', '078 410 27 13', 'KiTa Zauberchischtä', 'Zürichstrasse 23, 8413 Neftenbach, Zürich'),
('69e8d964-eee5-4896-a424-31ba6caea62e', 'Claudia', 'Schaller', 'kita.zaubergarte@gmail.com', '079 886 18 42', 'Kita Zaubergarte', 'Neuenkirchstrasse 16, 6020 Emmenbrücke, Luzern'),
('54db9423-fcac-4cab-ba37-8e2385c5f619', 'Sonya', 'Terreaux', 'info@zauberhuesli.ch', '061 753 75 40', 'KiTa Zauberhüüsli', 'Schofhübelweg 1, 4147 Aesch, Basel-Land'),
('0f71b96e-287e-42b1-a252-75c467bf123e', 'Lara', 'Stecher', 'st.georgen@fiorino.ch', '071 511 50 90', 'Kita Zauberlehrling', 'Folchartstrasse 18, 9000 St. Gallen, St. Gallen'),
('233ab2e1-c850-45bd-bf80-c70794a4151a', 'Daniela', 'Bucheli', 'info@kitazauberloki.ch', '079 874 12 16', 'Kita Zauberloki', 'Beim Bahnhof 2a, 6312 Steinhausen, Zug'),
('9d09201e-595c-47c3-8da9-8a670cdb02ba', 'Ariane', 'Bremgartner', 'luzern@zauberstaern.ch', '041 558 69 46', 'KITA Zauberstärn', 'Matthofring 25a, 6005 Luzern, Luzern'),
('e463fd84-e26d-43d8-a0f3-1f8030e551f7', 'Eliane', 'Stalder', 'info@kita-zauberstern.ch', '062 393 34 44', 'Kita Zauberstern', 'Kirchgasse 6, 4625 Oberbuchsiten, Solothurn'),
('62f8ee3f-5b78-4c9c-b693-4230eb775577', 'Yasmin', 'Häusermann', 'info@zauber-stern.ch', '041 763 13 08', 'Kita Zauber-Stern', 'Baarerstrasse 110, 6300 Zug, Zug'),
('baaed1b1-d54c-424b-95b0-c014aeebf8bd', 'Karin', 'Staub', 'kitazebra@gmail.com', '076 568 23 32', 'Kita Zebra', 'Entfelderstrasse 39, 5000 Aarau, Aargau'),
('4195c8a0-92d0-428a-aa9a-46980dc3cee4', 'Susanne', 'Schnell', 'info@kita-zizers.ch', '079 258 94 96', 'KiTa Zizers', 'Kantonsstrasse 6, 7205 Zizers, Graubünden'),
('2f9ff6cb-7bd2-481d-a07b-432bb8c9dd41', 'Daniela', 'Suter', 'info@zottelbaer.li', '061 544 80 20', 'KITA Zottelbär', 'Klosgasse 6, 8880 Walenstadt, St. Gallen'),
('9cc5d5c6-504d-48b2-bc8a-0f64fa372d19', 'Christina', 'Luthiger', 'info@kita-zugwest.ch', '041 530 61 10', 'Kita ZugWest', 'Bösch 80b, 6331 Hünenberg, Zug'),
('1ef852fb-7f10-42e4-947f-ac23849eaa80', 'Corin', 'Von Niederhäusern', 'info@kita-zwaergeland.ch', '078 607 94 30', 'KITA Zwärgeland', 'Spillgässli 19, 6205 Eich, Luzern'),
('6ac0838e-225c-4745-a809-b33c8c98f151', 'Brigitte', 'Hasler', 'kita@zwergenburg.ch', '079 730 71 71', 'Kita Zwergenburg Bättwil', 'Hauptstrasse 90, 4112 Bättwil, Solothurn'),
('93ba9069-4125-4bf6-aad1-b74b7bcfcec8', 'Madlen', 'Matzke', 'kita-zwergenland@hotmail.com', '078 885 30 22', 'Kita Zwergenland', 'Wylgasse 37, 5600 Lenzburg, Aargau'),
('88191c5d-a5a4-4c44-b8e9-605b4876dc4d', 'Monika', 'Geisser', 'monika.geisser@zwergenland-sg.ch', '071 288 96 69', 'KITA Zwergenland St.Gallen', 'Lindenstrasse 160, 9016 St. Gallen, St. Gallen'),
('b3f535b8-3652-4045-a03c-a21a2cc53128', 'Deborah', 'Cavallucci', 'info@kita-zwergenschiff.ch', '044 752 08 37', 'Kita Zwergenschiff', 'Heerenschürlistrasse 8, 8051 Zürich, Zürich'),
('d87e78fb-adbb-4631-ab58-d0e3ff534f17', 'Stefanie', 'Herzog', 'info@kitazwergenwelt.ch', '076 831 24 56', 'Kita Zwergenwelt', 'Gerlafingenstrasse 1, 4565 Recherswil, Solothurn'),
('9a8514d4-eeb8-45c8-a391-dbeb966ad186', 'Sara', 'Giger', 'zofingen@kianakrippen.ch', '062 751 65 85', 'Kita Zwerglihuus', 'Pilatusweg 2, 4800 Zofingen, Aargau'),
('7cbf6df4-c6c2-4b1a-9b20-ba63e8fd07c0', 'Marina', 'Rageth', 'marina.rageth@thal.ch', '071 888 13 10', 'KITA Zwerglihuus', 'Kruft 9, 9425 Thal, St. Gallen'),
('e0dcfe97-17d4-4424-ab7e-ab8e44c7609c', 'Martin', 'Gorla', 'info@kitazwerglinge.ch', '043 553 15 37', 'Kita Zwerglinge GmbH', 'Mülibachstrasse 42, 8107 Buchs, Zürich'),
('b0501754-1313-45eb-9f8a-81a62af9e977', 'Alissa', 'Von Ballmoos', 'info@kita-jojo.ch', '031 971 42 78', 'KiTa zwirbu', 'Schwandenhubelstrasse 11, 3098 Köniz, Bern'),
('0e3fc5b5-de6f-4005-9da6-2a540093944e', 'Evelyn', 'Tremp', 'info@kita-benken.ch', '055 511 93 92', 'Kita-Benken', 'Uznacherstrasse 2, 8717 Benken, St. Gallen'),
('86ddd5a2-259a-442b-99e6-495ff138d0f7', 'Sandra', 'Bieri', 'info@kita-farbenspiel.ch', '041 467 39 39', 'Kita-Farbenspiel', 'Maiengrüenistrasse 2, 6206 Neuenkirch, Luzern'),
('756c63aa-3e01-4bd2-86cc-c80e637c1fa0', 'Andrea', 'Pechlaner', 'info@pekiland.ch', '079 687 75 40', 'KiTaHort PekiLand', 'Bremgartenstrasse 11, 5634 Merenschwand, Aargau'),
('9b4d149b-5b24-43b6-b472-368076cc1e1d', 'Patrizia', 'Barner', 'info@kitalina.ch', '033 221 01 28', 'KITALINA Kindertagesstätte NaPa', 'Feldheimstrasse 6, 3600 Thun, Bern'),
('2f006868-7210-4ab8-b4cf-93d2426d7ef5', 'Jeanine', 'Jäger', 'jeanine.jaeger@kitawas.ch', '081 740 21 88', 'KITAME Kindertagesstätte Mels', 'Sarganserstrasse 9, 8887 Mels, St. Gallen'),
('c3eb7e86-2e6c-47c7-80ce-226b0cb4890f', 'Anne', 'Zürcher', 'kitamu@bluewin.ch', '062 923 51 37', 'KITAMU', 'Eigerweg 11, 4912 Aarwangen, Bern'),
('df7e6c41-eef9-4420-b7b1-e7938f24d125', 'Peter', 'Hruza', 'kitaplus@stiftung-kifa.ch', '041 241 06 00', 'KITAplus', 'St. Karlistrasse 8, 6004 Luzern, Luzern'),
('a200aa03-1663-49a5-b722-71922833f0f7', 'Fabienne', 'Burgy', 'info@kitapunkt.ch', '032 530 38 36', 'Kitapunkt', 'Baschistrasse 3, 4543 Deitingen, Solothurn'),
('acc86e64-a003-4af3-8671-bd8f5ee28e37', 'Cindy', 'Good', 'cindy.good@kitawas.ch', '081 740 29 94', 'KITASA Kindertagesstätte Sargans', 'Zürcherstrasse 52, 7320 Sargans, St. Gallen'),
('e484895f-504a-429a-9d1d-16fe038347c0', 'Corinna', 'Schaad', 'kids@kitasia.ch', '076 227 84 86', 'Kitasia Kita', 'Hälegärtlistrasse 2, 4515 Oberdorf, Solothurn'),
('3c93ad62-c7fd-45bd-9814-4a3d7af50de2', 'Denise', 'Dürst', 'denise.duerst@kitawas.ch', '081 740 21 87', 'KITAVIWA Kindertagesstätte Vilters-Wangs', 'Aeulistrasse 8, 7324 Vilters, St. Gallen'),
('8bcce7b2-47e6-41a1-8657-8b0e115838eb', 'Jacqueline', 'Gabathuler', 'jacqueline.gabathuler@kitawas.ch', '081 740 29 91', 'KITAWAS Kindertagesstätten', 'Poststrasse 11, 9477 Trübbach, St. Gallen'),
('f8053283-1f0a-4017-8e5b-83e97270139d', 'Martin', 'Jehli', 'info@kitchen41.ch', '061 506 12 70', 'Kitchen 41 GmbH', 'Kornhausgasse 10, 4051 Basel, Basel-Stadt'),
('9666fc29-31d5-431d-a90d-c1448c588289', 'Fabian', 'Ehinger', 'info@kitchenbrew.ch', 'N.a.', 'KITCHEN BREW', 'Binningerstrasse 101, 4123 Allschwil, Basel-Land'),
('52b05031-7b74-4dfd-95db-579b83d74e59', 'Gilbert', 'Gisler', 'info@kitchenclub.ch', '044 940 35 95', 'Kitchen Club Uster', 'Zürichstrasse 7, 8610 Uster, Zürich'),
('6414b411-0347-4c60-8505-93287b33fc01', 'Sarah', 'Huber', 'shop@kitchener.ch', '031 327 13 50', 'Kitchener AG', 'Aarbergergasse 40, 3011 Bern, Bern'),
('8a1e8e49-62b8-4373-a1d1-313dd16a3d01', 'Gerhard', 'Huber', 'mail@kitra.ch', '031 301 00 01', 'Kitra Treuhand GmbH', 'Hostalenweg 39, 3037 Herrenschwanden, Bern'),
('0df3b89c-88ab-4dac-9307-a2587277d415', 'Gabriela', 'Fieseler', 'info@kits-dayschool.ch', '071 920 02 11', 'KiTs Tagesschule GmbH', 'Industriestrasse 4, 9552 Bronschhofen, St. Gallen'),
('f692acf8-e087-4f01-be3f-434d34e456f8', 'Stanimir', 'Lazarevic', 'info@kittexpress.ch', '079 321 16 08', 'KittExpress GmbH', 'Aspacherstrasse 54, 8413 Neftenbach, Zürich'),
('842e8495-9d4b-40f2-aed7-82c002871b73', 'Kittipon', 'Kerdchuen', 'mail@kittipon-thai-restaurant.ch', '061 421 20 42', 'Kittipon''s Finest Thai Cuisine', 'Hauptstrasse 127, 4102 Binningen, Basel-Land'),
('f65001ed-d204-49af-b265-31dce536ebd9', 'Katja', 'Hochstrasser', 'hochka@bluewin.ch', '079 309 48 26', 'KITU Kinderturnen Homburg', 'Alte Landstrasse 20, 8508 Homburg, Thurgau'),
('50bc2fea-0d5d-4d37-9fb0-b7a84c825af9', 'Martin', 'Truninger', 'andrea.truninger@bluewin.ch', '078 820 04 30', 'Kitu Rikon', 'Schulsstrasse 6, 8486 Rikon im Tösstal, Zürich'),
('04a2e115-4885-4394-8cff-9f6117e80689', 'Ivana', 'Kuzma', 'info@kivana.ch', '078 602 84 89', 'Kivana Productions GmbH', 'Unterdorfstrasse 10, 8105 Watt, Zürich');

INSERT INTO leads (id, contact_id, source, status, value, notes) VALUES
('b78979b1-210a-479b-8f92-0f43ad4cac57', '6f142388-bfba-40eb-9499-f070cd612a58', 'KALTAKQUISE', 'ACTIVE', 0, 'Funktion: Gesamtleitung/Direktion | Mitarbeiter: 1 bis 10 | Branche: Kindergärten & -krippen'),
('b7cfcfe1-7438-4fa5-89a0-b7538e35f81e', '193defbb-e906-4ce1-be08-789d97d2096e', 'KALTAKQUISE', 'ACTIVE', 0, 'Funktion: Gesamtleitung/Direktion | Mitarbeiter: 1 bis 10 | Branche: Kindergärten & -krippen'),
('be7f9c15-ccb0-4943-a3b5-c742905a6f09', '242df34b-2a23-4caa-826a-1d55265da59d', 'KALTAKQUISE', 'ACTIVE', 0, 'Funktion: Gesamtleitung/Direktion | Mitarbeiter: 1 bis 10 | Branche: Kindergärten & -krippen'),
('541a111b-6424-47ab-a4c9-fab68865b244', '6deb17c5-4450-434a-b156-c68ae49a15f9', 'KALTAKQUISE', 'ACTIVE', 0, 'Funktion: Gesamtleitung/Direktion | Mitarbeiter: 1 bis 10 | Branche: Kindergärten & -krippen | Rechtsform: Gesellschaft mit beschränkter Haftung'),
('d57f981c-c845-4687-97cc-42651a87e242', '561032b3-5978-413d-ba61-51852fbb6b42', 'KALTAKQUISE', 'ACTIVE', 0, 'Funktion: Gesamtleitung/Direktion | Mitarbeiter: 1 bis 10 | Branche: Kindergärten & -krippen | Rechtsform: Gesellschaft mit beschränkter Haftung'),
('f0443e27-b307-4b68-bf8b-31ee8638c946', '3e3d6be2-d65c-4711-864d-f3c2ebf594f5', 'KALTAKQUISE', 'ACTIVE', 0, 'Funktion: Gesamtleitung/Direktion | Mitarbeiter: 1 bis 10 | Branche: Kindergärten & -krippen'),
('33982995-7ff7-499a-b962-d474c68cfc7a', '3fe59fca-2256-4b26-b2c1-e8eab42fbb80', 'KALTAKQUISE', 'ACTIVE', 0, 'Funktion: Gesamtleitung/Direktion | Mitarbeiter: 1 bis 10 | Branche: Kindergärten & -krippen'),
('6e7aa7ca-b8c8-4ff1-ab68-e99393f62086', 'e09da2b0-7789-45d5-aed2-26dd7bb83368', 'KALTAKQUISE', 'ACTIVE', 0, 'Funktion: Gesamtleitung/Direktion | Mitarbeiter: 1 bis 10 | Branche: Kindergärten & -krippen'),
('faec15be-6e27-415f-8ded-d558e0eeb067', 'e327d65e-4c49-4ff1-a8d8-e5d436018ce7', 'KALTAKQUISE', 'ACTIVE', 0, 'Funktion: Gesamtleitung/Direktion | Mitarbeiter: 1 bis 10 | Branche: Kindergärten & -krippen'),
('b5ddaccd-4f5b-46fc-9d2e-426b7a497b97', '6c8069f9-246b-498f-9874-f6554d977a99', 'KALTAKQUISE', 'ACTIVE', 0, 'Funktion: Gesamtleitung/Direktion | Mitarbeiter: 11 bis 20 | Branche: Kindergärten & -krippen'),
('85ed11f0-9781-4aed-8ba7-36d8782395e6', 'f8e4f744-3876-4151-b837-a97519926abc', 'KALTAKQUISE', 'ACTIVE', 0, 'Funktion: Gesamtleitung/Direktion | Mitarbeiter: 11 bis 20 | Branche: Kindergärten & -krippen'),
('ad1a2a11-a3b3-4600-8a8d-3153be8aa7f0', 'cc8056a6-5794-4765-a219-480cc6a9a66e', 'KALTAKQUISE', 'ACTIVE', 0, 'Funktion: Gesamtleitung/Direktion | Mitarbeiter: 1 bis 10 | Branche: Kindergärten & -krippen'),
('a0b15ffb-8a21-4096-85eb-3a42ce53d1cf', '09195a2f-4e7e-4170-b605-1c3f23861a86', 'KALTAKQUISE', 'ACTIVE', 0, 'Funktion: Gesamtleitung/Direktion | Mitarbeiter: 51 bis 100 | Branche: Kindergärten & -krippen | Rechtsform: Gesellschaft mit beschränkter Haftung'),
('9a2351b7-11d4-49d1-af2f-71d943b10c0c', '7d9f0f49-797b-46ce-b911-5595dadba7dd', 'KALTAKQUISE', 'ACTIVE', 0, 'Funktion: Gesamtleitung/Direktion | Mitarbeiter: 1 bis 10 | Branche: Kindergärten & -krippen'),
('e8c673fc-6e35-4ea9-91d9-170842005c35', 'f9ed3880-87e5-495d-b868-03ac59707c01', 'KALTAKQUISE', 'ACTIVE', 0, 'Funktion: Gesamtleitung/Direktion | Mitarbeiter: 1 bis 10 | Branche: Kindergärten & -krippen | Rechtsform: Gesellschaft mit beschränkter Haftung'),
('7d0cbbff-a6e1-4fc0-84a1-9df0661e7a3c', 'c6597739-fb0c-4063-bd3c-9d3028bf0f3f', 'KALTAKQUISE', 'ACTIVE', 0, 'Funktion: Gesamtleitung/Direktion | Mitarbeiter: 1 bis 10 | Branche: Kindergärten & -krippen | Rechtsform: Gesellschaft mit beschränkter Haftung'),
('9b9dc4f5-237c-41b3-a6e6-abc7a5406cef', '47354c8e-97a5-4582-ba41-462825c7085b', 'KALTAKQUISE', 'ACTIVE', 0, 'Funktion: Gesamtleitung/Direktion | Mitarbeiter: 11 bis 20 | Branche: Kindergärten & -krippen'),
('0a69ea83-7e50-4639-8244-93e41a7d145b', 'c332c029-761e-4908-b644-de9ad8418b42', 'KALTAKQUISE', 'ACTIVE', 0, 'Funktion: Gesamtleitung/Direktion | Mitarbeiter: 11 bis 20 | Branche: Kindergärten & -krippen'),
('c926bf55-46b7-43cd-9a28-b81db5d4712f', '5656d61d-f7a6-424e-9a86-c70300dc84e0', 'KALTAKQUISE', 'ACTIVE', 0, 'Funktion: Gesamtleitung/Direktion | Mitarbeiter: 1 bis 10 | Branche: Kindergärten & -krippen'),
('4a1f7af7-48e9-473f-ac1b-c331b9fe6a19', '5b61b5a4-eeb3-492b-99d2-60d698664aac', 'KALTAKQUISE', 'ACTIVE', 0, 'Funktion: Gesamtleitung/Direktion | Mitarbeiter: 11 bis 20 | Branche: Kindergärten & -krippen'),
('ace8e93a-b62f-48b2-a946-fd851fb4c46f', 'a93301a7-5e9c-466b-911b-df0a7e893a62', 'KALTAKQUISE', 'ACTIVE', 0, 'Funktion: Gesamtleitung/Direktion | Mitarbeiter: 11 bis 20 | Branche: Kindergärten & -krippen'),
('909f50b9-6927-4049-8e75-0d2e19299df6', '587a7809-6221-4c2c-abd9-d1414aa96775', 'KALTAKQUISE', 'ACTIVE', 0, 'Funktion: Gesamtleitung/Direktion | Mitarbeiter: 1 bis 10 | Branche: Kindergärten & -krippen'),
('e02543ad-d639-461e-9ce9-4de0e77371ab', '0129da8a-94bb-404d-87ce-8199d8133223', 'KALTAKQUISE', 'ACTIVE', 0, 'Funktion: Gesamtleitung/Direktion | Mitarbeiter: 11 bis 20 | Branche: Kindergärten & -krippen | Rechtsform: Gesellschaft mit beschränkter Haftung'),
('f00140ce-163e-4f5d-a80e-ee1cf5467017', 'e03911eb-953d-4739-8417-0fdfca592ee5', 'KALTAKQUISE', 'ACTIVE', 0, 'Funktion: Gesamtleitung/Direktion | Mitarbeiter: 11 bis 20 | Branche: Kindergärten & -krippen'),
('35306ea4-67b5-470a-adae-36ee8e940ff8', '1a1240e1-d43a-478f-9d9c-79495d028a7f', 'KALTAKQUISE', 'ACTIVE', 0, 'Funktion: Gesamtleitung/Direktion | Mitarbeiter: 1 bis 10 | Branche: Kindergärten & -krippen'),
('819ea929-91c9-4275-8c6d-571003ee8007', 'dabea4d5-96e3-4ffd-a9c2-2e1596eb08ea', 'KALTAKQUISE', 'ACTIVE', 0, 'Funktion: Gesamtleitung/Direktion | Mitarbeiter: 11 bis 20 | Branche: Kindergärten & -krippen'),
('0b5060c5-5379-4407-a595-f1db4b22dfb7', '3f3bb909-85af-4222-b290-a42d81218ab7', 'KALTAKQUISE', 'ACTIVE', 0, 'Funktion: Gesamtleitung/Direktion | Mitarbeiter: 1 bis 10 | Branche: Kindergärten & -krippen | Rechtsform: Verein'),
('30ec3ff2-ad17-4e9a-8e24-79e3d3809c4f', '56bb368e-235e-4bfb-970c-10e66fd03838', 'KALTAKQUISE', 'ACTIVE', 0, 'Funktion: Gesamtleitung/Direktion | Mitarbeiter: 1 bis 10 | Branche: Kindergärten & -krippen'),
('3da11e63-2ed9-4996-91b0-2eb36f10c8e6', 'a6eb6769-6d58-44e9-8954-35ab8342618e', 'KALTAKQUISE', 'ACTIVE', 0, 'Funktion: Gesamtleitung/Direktion | Mitarbeiter: 11 bis 20 | Branche: Kindergärten & -krippen'),
('4fab4f23-9583-45b9-985e-cf299c686244', '6328f3cb-1ac6-46c8-9bba-671ed3a730c3', 'KALTAKQUISE', 'ACTIVE', 0, 'Funktion: Gesamtleitung/Direktion | Mitarbeiter: 1 bis 10 | Branche: Kindergärten & -krippen'),
('46ad9ee7-1333-4f37-9386-9428145e3e4e', '143b3f9b-eab2-4e09-a78d-9a941bb5c56d', 'KALTAKQUISE', 'ACTIVE', 0, 'Funktion: Gesamtleitung/Direktion | Mitarbeiter: 1 bis 10 | Branche: Kindergärten & -krippen'),
('b6ad3e60-212a-4cb3-85b8-0c528b719e60', '49be09d8-b286-4e01-8828-4d7838237014', 'KALTAKQUISE', 'ACTIVE', 0, 'Funktion: Gesamtleitung/Direktion | Mitarbeiter: 21 bis 50 | Branche: Kindergärten & -krippen'),
('64cb992c-5c56-4ddf-9a44-f33f365c4c28', '61d73ebb-b854-4b11-bd3d-d02aff12359e', 'KALTAKQUISE', 'ACTIVE', 0, 'Funktion: Gesamtleitung/Direktion | Mitarbeiter: 11 bis 20 | Branche: Kindergärten & -krippen'),
('5499e73a-a6c5-4e44-a651-c236295db3ff', '269e2c87-39ad-4ae0-b204-fb0ed8406cd2', 'KALTAKQUISE', 'ACTIVE', 0, 'Funktion: Gesamtleitung/Direktion | Mitarbeiter: 1 bis 10 | Branche: Kindergärten & -krippen'),
('a1bbc947-1120-4965-a4dd-ecdaf7f51b3a', 'ecb2a1de-84fb-4349-bae3-060e1d5a4181', 'KALTAKQUISE', 'ACTIVE', 0, 'Funktion: Gesamtleitung/Direktion | Mitarbeiter: 1 bis 10 | Branche: Kindergärten & -krippen'),
('eba0d9aa-df76-4f40-9ba7-cd21534cbec6', 'a27baf29-42bd-4481-a361-eec5583e4532', 'KALTAKQUISE', 'ACTIVE', 0, 'Funktion: Gesamtleitung/Direktion | Mitarbeiter: 21 bis 50 | Branche: Kindergärten & -krippen'),
('b7fc5c25-eb73-4c70-aba6-76608b517c90', '7884d38d-d31c-413f-b74f-40108cf3ae4b', 'KALTAKQUISE', 'ACTIVE', 0, 'Funktion: Gesamtleitung/Direktion | Mitarbeiter: 1 bis 10 | Branche: Kindergärten & -krippen'),
('28663a5b-1190-4779-a9c5-79a2a70f940d', '09d9194b-e011-4f10-9365-080989ff554c', 'KALTAKQUISE', 'ACTIVE', 0, 'Funktion: Gesamtleitung/Direktion | Mitarbeiter: 1 bis 10 | Branche: Kindergärten & -krippen'),
('3054968b-e2f0-4250-81db-0a4352ee68dd', 'b0fa7bf0-5775-42ac-b89b-d4ded9a487c8', 'KALTAKQUISE', 'ACTIVE', 0, 'Funktion: Gesamtleitung/Direktion | Mitarbeiter: 1 bis 10 | Branche: Kindergärten & -krippen | Rechtsform: Gesellschaft mit beschränkter Haftung'),
('9134a343-9b03-425d-923a-6e045a093441', '21144d50-fe72-4d8f-b4dc-118f51841e09', 'KALTAKQUISE', 'ACTIVE', 0, 'Funktion: Gesamtleitung/Direktion | Mitarbeiter: 1 bis 10 | Branche: Kindergärten & -krippen'),
('e3ed08c3-eb77-4f17-94d6-f19956a51a50', 'a581bff6-c035-473e-97f6-b0bd636cbeb0', 'KALTAKQUISE', 'ACTIVE', 0, 'Funktion: Gesamtleitung/Direktion | Mitarbeiter: 21 bis 50 | Branche: Kindergärten & -krippen'),
('f8c45189-c5c9-45f2-92b8-75f13576bc30', 'b43c7029-7fc6-4efe-b9cc-01be524397e9', 'KALTAKQUISE', 'ACTIVE', 0, 'Funktion: Gesamtleitung/Direktion | Mitarbeiter: 1 bis 10 | Branche: Kindergärten & -krippen'),
('25fdaded-ba5e-419c-940b-fde6ad1c5028', '75c35b42-0a95-471a-b207-00924c5d044a', 'KALTAKQUISE', 'ACTIVE', 0, 'Funktion: Gesamtleitung/Direktion | Mitarbeiter: 11 bis 20 | Branche: Kindergärten & -krippen'),
('e585e7ac-3c40-43ff-838b-57d67b5e8c5a', 'de18d215-b5a0-4d09-bd77-126258dd59b1', 'KALTAKQUISE', 'ACTIVE', 0, 'Funktion: Gesamtleitung/Direktion | Mitarbeiter: 1 bis 10 | Branche: Kindergärten & -krippen | Rechtsform: Gesellschaft mit beschränkter Haftung'),
('30050cbc-e156-4467-95c8-8246fa7c331d', '6725071b-ad57-4d33-9892-4806d5f4aa55', 'KALTAKQUISE', 'ACTIVE', 0, 'Funktion: Gesamtleitung/Direktion | Mitarbeiter: 11 bis 20 | Branche: Kindergärten & -krippen'),
('e65e24a0-5c1e-4768-98b9-5b8c10944546', 'dd729c0b-eb3b-4422-8d42-e4a0c5e79ecd', 'KALTAKQUISE', 'ACTIVE', 0, 'Funktion: Gesamtleitung/Direktion | Mitarbeiter: 1 bis 10 | Branche: Kindergärten & -krippen'),
('82330539-0d48-4942-bf2f-559e8144ab70', 'db3ff111-c67b-433e-8690-71be6e250438', 'KALTAKQUISE', 'ACTIVE', 0, 'Funktion: Gesamtleitung/Direktion | Mitarbeiter: 11 bis 20 | Branche: Kindergärten & -krippen | Rechtsform: Gesellschaft mit beschränkter Haftung'),
('c3b77e7d-1376-41fa-a632-eee75ae38320', '7cf423ed-325b-43f9-baef-9788f7e8a5a7', 'KALTAKQUISE', 'ACTIVE', 0, 'Funktion: Gesamtleitung/Direktion | Mitarbeiter: 1 bis 10 | Branche: Kindergärten & -krippen'),
('16b3eeaa-a09e-48b7-b692-59ac5e12dc3a', '26897862-4976-4f29-8705-5df14ccb318b', 'KALTAKQUISE', 'ACTIVE', 0, 'Funktion: Gesamtleitung/Direktion | Mitarbeiter: 1 bis 10 | Branche: Kindergärten & -krippen'),
('4cdfe78d-0c13-4499-8fe3-7303ec9cfa95', 'efdba99a-59b4-4ef2-a03d-10b7b5d392a5', 'KALTAKQUISE', 'ACTIVE', 0, 'Funktion: Gesamtleitung/Direktion | Mitarbeiter: 11 bis 20 | Branche: Kindergärten & -krippen'),
('cdbc0949-7277-4da0-a60f-1f17af47fd36', '4118ef14-f5fa-4803-8507-641ca654db4f', 'KALTAKQUISE', 'ACTIVE', 0, 'Funktion: Gesamtleitung/Direktion | Mitarbeiter: 1 bis 10 | Branche: Kindergärten & -krippen'),
('93505198-a769-4cbc-b56c-51b6352fef35', 'db0f670f-201d-430e-94e3-692e0c3ca9dd', 'KALTAKQUISE', 'ACTIVE', 0, 'Funktion: Gesamtleitung/Direktion | Mitarbeiter: 1 bis 10 | Branche: Kindergärten & -krippen'),
('21ac79e0-721c-4bd9-9175-1818ef008792', '5dccf892-d462-41fc-a72b-5c988b57f413', 'KALTAKQUISE', 'ACTIVE', 0, 'Funktion: Gesamtleitung/Direktion | Mitarbeiter: 1 bis 10 | Branche: Kindergärten & -krippen'),
('ab9d3e63-f3c5-4b08-895c-6b74d8a51f9d', 'f93f049d-864c-4951-ac62-64e2919c6a18', 'KALTAKQUISE', 'ACTIVE', 0, 'Funktion: Gesamtleitung/Direktion | Mitarbeiter: 1 bis 10 | Branche: Kindergärten & -krippen | Rechtsform: Verein'),
('bde09a8c-5ffe-4bb2-932d-8d9568811ab8', 'cbb396d9-c951-4b96-b945-9fa2e43626ad', 'KALTAKQUISE', 'ACTIVE', 0, 'Funktion: Gesamtleitung/Direktion | Mitarbeiter: 1 bis 10 | Branche: Kindergärten & -krippen'),
('cb77c667-16b9-4974-b994-5c446c5f0dba', '7b08e59a-7232-4104-82ff-99d467d66463', 'KALTAKQUISE', 'ACTIVE', 0, 'Funktion: Gesamtleitung/Direktion | Mitarbeiter: 1 bis 10 | Branche: Kindergärten & -krippen | Rechtsform: Gesellschaft mit beschränkter Haftung'),
('dc3e2544-c401-4578-9485-81b31faf787b', 'f4da708e-a33d-4836-98d5-16a60e19950d', 'KALTAKQUISE', 'ACTIVE', 0, 'Funktion: Gesamtleitung/Direktion | Mitarbeiter: 1 bis 10 | Branche: Kindergärten & -krippen | Rechtsform: Gesellschaft mit beschränkter Haftung'),
('92c75cb4-98a6-4578-a01a-c77956d16e39', 'a97ac362-10f1-4b25-b2d1-26c5fbdb9222', 'KALTAKQUISE', 'ACTIVE', 0, 'Funktion: Gesamtleitung/Direktion | Mitarbeiter: 1 bis 10 | Branche: Kindergärten & -krippen | Rechtsform: Gesellschaft mit beschränkter Haftung'),
('6ff1d5b7-f072-4a92-a18f-540c3df17497', 'cd37b9e8-225d-41fb-8a24-ed3d04bc4227', 'KALTAKQUISE', 'ACTIVE', 0, 'Funktion: Gesamtleitung/Direktion | Mitarbeiter: 11 bis 20 | Branche: Kindergärten & -krippen'),
('f07585b0-a75c-4d0d-9445-ab3467ffd6bd', '8c06f2c8-f490-45e3-abd4-419db36db3e5', 'KALTAKQUISE', 'ACTIVE', 0, 'Funktion: Geschäftsführer/in (CEO) | Mitarbeiter: 11 bis 20 | Branche: Spielwaren- & Babyfachhandel'),
('60840d72-a4f9-4a43-b5e0-e92d3868c7b4', '275b11c7-92d7-4795-aa9d-e1d92c55ebf2', 'KALTAKQUISE', 'ACTIVE', 0, 'Funktion: Gesamtleitung/Direktion | Mitarbeiter: 1 bis 10 | Branche: Kindergärten & -krippen'),
('0b743f9a-41b7-4d0e-8293-bf865bc612fe', '4bf7e7d9-674c-4b9e-9a51-77e579717f93', 'KALTAKQUISE', 'ACTIVE', 0, 'Funktion: Gesamtleitung/Direktion | Mitarbeiter: 1 bis 10 | Branche: Kindergärten & -krippen'),
('67333fd1-693f-439e-bd68-a00e30345b5a', 'dfbde975-429c-4983-b417-e10747e5a6de', 'KALTAKQUISE', 'ACTIVE', 0, 'Funktion: Gesamtleitung/Direktion | Mitarbeiter: 1 bis 10 | Branche: Kindergärten & -krippen'),
('f623f93f-c5d4-4867-8b3e-e7d9386584c5', '990c1744-d2be-4519-be1e-fd9e1b120e64', 'KALTAKQUISE', 'ACTIVE', 0, 'Funktion: Gesamtleitung/Direktion | Mitarbeiter: 1 bis 10 | Branche: Kindergärten & -krippen'),
('c96bd99d-ffa7-4a8f-b67f-469a8866c10a', 'aebe60c2-7e1f-4546-81d8-834720cbacc6', 'KALTAKQUISE', 'ACTIVE', 0, 'Funktion: Gesamtleitung/Direktion | Mitarbeiter: 1 bis 10 | Branche: Kindergärten & -krippen'),
('3ab46748-56c6-4f33-9d09-8a3f8946e552', 'a3014304-0c5a-44ba-a62e-9e0ff5efbffb', 'KALTAKQUISE', 'ACTIVE', 0, 'Funktion: Gesamtleitung/Direktion | Mitarbeiter: 1 bis 10 | Branche: Kindergärten & -krippen | Rechtsform: Gesellschaft mit beschränkter Haftung'),
('5ff72e23-47ed-4060-a1cd-270d847d6223', 'f239570f-24c3-486f-a70a-91b577df2a63', 'KALTAKQUISE', 'ACTIVE', 0, 'Funktion: Gesamtleitung/Direktion | Mitarbeiter: 11 bis 20 | Branche: Kindergärten & -krippen'),
('534fa80f-bed8-4ab4-bc54-68d96a88a9df', '18c4a667-8d07-45e7-8234-ebf026e09c47', 'KALTAKQUISE', 'ACTIVE', 0, 'Funktion: Gesamtleitung/Direktion | Mitarbeiter: 1 bis 10 | Branche: Kindergärten & -krippen | Rechtsform: Gesellschaft mit beschränkter Haftung'),
('71483b38-cb0a-49c8-b403-13a28883f532', 'f31cbcdf-69cc-424e-848d-8c3805ac3796', 'KALTAKQUISE', 'ACTIVE', 0, 'Funktion: Gesamtleitung/Direktion | Mitarbeiter: 1 bis 10 | Branche: Kindergärten & -krippen'),
('19273170-f89c-4325-aa82-20b2fc1fa34e', '7d6cf9ae-f9ff-4ac5-bdf0-6a344901d41d', 'KALTAKQUISE', 'ACTIVE', 0, 'Funktion: Gesamtleitung/Direktion | Mitarbeiter: 11 bis 20 | Branche: Kindergärten & -krippen | Rechtsform: Gesellschaft mit beschränkter Haftung'),
('a0682f10-70fb-4338-99f9-c94116896103', '6579b9e0-c717-4764-80bb-268ebf0c8ef7', 'KALTAKQUISE', 'ACTIVE', 0, 'Funktion: Gesamtleitung/Direktion | Mitarbeiter: 1 bis 10 | Branche: Kindergärten & -krippen'),
('495a6584-2851-4717-b247-2ccf974db22b', '7f59dee6-d578-4f43-9272-fd20650b2c86', 'KALTAKQUISE', 'ACTIVE', 0, 'Funktion: Gesamtleitung/Direktion | Mitarbeiter: 11 bis 20 | Branche: Kindergärten & -krippen'),
('50aaec5f-55c9-4918-a10d-17a5f7ce2442', '4ca607a6-2d6a-4b32-909a-bca815d542a2', 'KALTAKQUISE', 'ACTIVE', 0, 'Funktion: Gesamtleitung/Direktion | Mitarbeiter: 11 bis 20 | Branche: Kindergärten & -krippen'),
('b9d3d12d-bcda-444e-9a7c-4aeabf056417', '22d55714-d028-46a5-8d7d-43389c63989f', 'KALTAKQUISE', 'ACTIVE', 0, 'Funktion: Gesamtleitung/Direktion | Mitarbeiter: 11 bis 20 | Branche: Kindergärten & -krippen'),
('54d8909d-076a-497f-843a-fdfea33d700b', '2ab603f1-d943-467c-85c2-9485011f84df', 'KALTAKQUISE', 'ACTIVE', 0, 'Funktion: Gesamtleitung/Direktion | Mitarbeiter: 1 bis 10 | Branche: Kindergärten & -krippen'),
('dd54075d-88a8-4510-a774-8e8c91e7f8df', 'b646565b-f8ad-48c0-bc96-1097e8ebfe67', 'KALTAKQUISE', 'ACTIVE', 0, 'Funktion: Gesamtleitung/Direktion | Mitarbeiter: 11 bis 20 | Branche: Kindergärten & -krippen | Rechtsform: Gesellschaft mit beschränkter Haftung'),
('7a6a3a57-c2d7-4663-a791-0e775d2af8bb', '26a433b3-2ded-4952-a086-97169f3f3c54', 'KALTAKQUISE', 'ACTIVE', 0, 'Funktion: Gesamtleitung/Direktion | Mitarbeiter: 1 bis 10 | Branche: Kindergärten & -krippen'),
('6143febe-e37c-4375-99be-cf0c3cda6b00', '478aba23-f313-4087-b7b3-a4bcd6c99a9e', 'KALTAKQUISE', 'ACTIVE', 0, 'Funktion: Gesamtleitung/Direktion | Mitarbeiter: 11 bis 20 | Branche: Kindergärten & -krippen'),
('6265f43a-f078-4513-917b-e2c55ac2f5f8', 'b52bcff8-dde0-422c-abca-b1415495bfee', 'KALTAKQUISE', 'ACTIVE', 0, 'Funktion: Gesamtleitung/Direktion | Mitarbeiter: 1 bis 10 | Branche: Kindergärten & -krippen'),
('5c6dfcac-caaf-4387-91b9-c40bdd6b4e0e', 'c656e0d7-ddd6-40e0-b05a-569ddbcdf6a0', 'KALTAKQUISE', 'ACTIVE', 0, 'Funktion: Gesamtleitung/Direktion | Mitarbeiter: 1 bis 10 | Branche: Kindergärten & -krippen'),
('4f950094-97cc-4954-9ac5-9c137cd27e0a', 'c0f3c3d6-ff21-45ef-8538-c9685e97445c', 'KALTAKQUISE', 'ACTIVE', 0, 'Funktion: Gesamtleitung/Direktion | Mitarbeiter: 1 bis 10 | Branche: Kindergärten & -krippen'),
('11545b4d-323c-4b5f-9d12-db7e5d559813', 'bd9f3a66-af1d-4636-ba96-d21963ed6fad', 'KALTAKQUISE', 'ACTIVE', 0, 'Funktion: Gesamtleitung/Direktion | Mitarbeiter: 1 bis 10 | Branche: Kindergärten & -krippen | Rechtsform: Gesellschaft mit beschränkter Haftung'),
('b6a4b15d-b787-47a3-97cd-5ce7d7db7961', '1e062204-b9f3-4d51-a1f6-5068c2cbec30', 'KALTAKQUISE', 'ACTIVE', 0, 'Funktion: Gesamtleitung/Direktion | Mitarbeiter: 1 bis 10 | Branche: Kindergärten & -krippen'),
('12edf7fe-ddc2-43d8-a423-d01448a39f90', 'a1febdd5-560b-4dca-a5a2-ec5a8d279a0a', 'KALTAKQUISE', 'ACTIVE', 0, 'Funktion: Gesamtleitung/Direktion | Mitarbeiter: 1 bis 10 | Branche: Kindergärten & -krippen'),
('fcc84a5b-77f5-4252-90ca-c179986c16aa', 'a85ac956-fd4b-4c29-b6be-d52215a9b309', 'KALTAKQUISE', 'ACTIVE', 0, 'Funktion: Gesamtleitung/Direktion | Mitarbeiter: 21 bis 50 | Branche: Kindergärten & -krippen'),
('d400332a-bed0-49b9-8b60-80089e4a31bb', '7e30d596-1f11-47d5-8a27-f1c71b906433', 'KALTAKQUISE', 'ACTIVE', 0, 'Funktion: Gesamtleitung/Direktion | Mitarbeiter: 11 bis 20 | Branche: Kindergärten & -krippen'),
('15c50176-e8dd-4f76-9edb-f4f8ce96d5f9', 'dc382dce-6e47-47c1-8dba-2f8f0c0ffac6', 'KALTAKQUISE', 'ACTIVE', 0, 'Funktion: Gesamtleitung/Direktion | Mitarbeiter: 1 bis 10 | Branche: Kindergärten & -krippen'),
('4d7cfdc2-a4f0-4b5c-9273-95d2c7a6982e', '52d909a3-26be-468b-9753-0f7b1e6d24bd', 'KALTAKQUISE', 'ACTIVE', 0, 'Funktion: Gesamtleitung/Direktion | Mitarbeiter: 1 bis 10 | Branche: Kindergärten & -krippen | Rechtsform: Gesellschaft mit beschränkter Haftung'),
('aed0c149-a021-48f6-8766-8267defe2833', 'f2c1379b-3e68-449c-84c2-f6d5874afedc', 'KALTAKQUISE', 'ACTIVE', 0, 'Funktion: Gesamtleitung/Direktion | Mitarbeiter: 1 bis 10 | Branche: Kindergärten & -krippen | Rechtsform: Gesellschaft mit beschränkter Haftung'),
('10c32d33-e84e-46c3-ae50-d765cc9b2f68', 'cccffb55-8709-4f2f-93ec-8902777466d0', 'KALTAKQUISE', 'ACTIVE', 0, 'Funktion: Gesamtleitung/Direktion | Mitarbeiter: 1 bis 10 | Branche: Kindergärten & -krippen | Rechtsform: Gesellschaft mit beschränkter Haftung'),
('f423b22e-526c-4931-9d51-fd3406f437f5', '2f878a57-5ec8-4fb7-bd58-7790f343e2f9', 'KALTAKQUISE', 'ACTIVE', 0, 'Funktion: Gesamtleitung/Direktion | Mitarbeiter: 11 bis 20 | Branche: Kindergärten & -krippen'),
('64e97786-530b-45d6-bd75-2094ac6ba2d2', 'a623e72c-4edd-4ecc-9bf4-94bb01ea49dc', 'KALTAKQUISE', 'ACTIVE', 0, 'Funktion: Gesamtleitung/Direktion | Mitarbeiter: 1 bis 10 | Branche: Kindergärten & -krippen / Nachhaltigkeitsbereich | Rechtsform: Gesellschaft mit beschränkter Haftung'),
('4d8baa25-d9ff-4685-92ca-309646628d23', 'eb7ab244-1abd-4826-9c1e-20eac7cc5a60', 'KALTAKQUISE', 'ACTIVE', 0, 'Funktion: Gesamtleitung/Direktion | Mitarbeiter: 1 bis 10 | Branche: Kindergärten & -krippen'),
('194a3202-4981-4572-9618-191ce2c49067', '96144f4f-5e7a-4968-b57a-f38d2ab88b72', 'KALTAKQUISE', 'ACTIVE', 0, 'Funktion: Gesamtleitung/Direktion | Mitarbeiter: 1 bis 10 | Branche: Kindergärten & -krippen | Rechtsform: Gesellschaft mit beschränkter Haftung'),
('00c11f5d-defc-4dc2-b3a0-dd6b4ceec399', '52d23b4f-75be-4c0f-8976-b97892e28142', 'KALTAKQUISE', 'ACTIVE', 0, 'Funktion: Gesamtleitung/Direktion | Mitarbeiter: 1 bis 10 | Branche: Kindergärten & -krippen'),
('3c979b09-0c9b-4c58-a014-3ef1265808ef', '362b22e6-b06e-4237-860a-4e7da5342dcb', 'KALTAKQUISE', 'ACTIVE', 0, 'Funktion: Gesamtleitung/Direktion | Mitarbeiter: 21 bis 50 | Branche: Kindergärten & -krippen'),
('4ce731a4-a722-4b08-a7d9-9be54dd05a94', 'b695e7b7-61c8-4507-b801-a1f390faf891', 'KALTAKQUISE', 'ACTIVE', 0, 'Funktion: Gesamtleitung/Direktion | Mitarbeiter: 1 bis 10 | Branche: Kindergärten & -krippen'),
('d3c04c50-5f72-495d-8de9-ba201d5e19a2', '18adeaf8-bac1-43bb-b2ba-9743514a6efc', 'KALTAKQUISE', 'ACTIVE', 0, 'Funktion: Gesamtleitung/Direktion | Mitarbeiter: 11 bis 20 | Branche: Kindergärten & -krippen'),
('abe269fe-f5fc-4292-b7ef-e2d2d70f9ff2', '0baa1c9b-39e0-4d66-b92f-1e19d80a71a9', 'KALTAKQUISE', 'ACTIVE', 0, 'Funktion: Gesamtleitung/Direktion | Mitarbeiter: 11 bis 20 | Branche: Kindergärten & -krippen'),
('b8b2e4a7-8c16-400e-b7ed-e421549a3bfb', '22aa4c3b-83e6-4177-ba34-f3923e65cdd7', 'KALTAKQUISE', 'ACTIVE', 0, 'Funktion: Gesamtleitung/Direktion | Mitarbeiter: 1 bis 10 | Branche: Kindergärten & -krippen'),
('12784c07-7c31-42cf-816c-529a88fbbf0b', 'fb622ff2-7919-4d5a-9762-cdef0f37e264', 'KALTAKQUISE', 'ACTIVE', 0, 'Funktion: Gesamtleitung/Direktion | Mitarbeiter: 1 bis 10 | Branche: Kindergärten & -krippen'),
('8f7eb6e5-3706-4adc-b0ee-c24d2e37759e', '8850f62c-222c-4d92-8483-f4b9de7c2638', 'KALTAKQUISE', 'ACTIVE', 0, 'Funktion: Gesamtleitung/Direktion | Mitarbeiter: 1 bis 10 | Branche: Kindergärten & -krippen'),
('5aeb2d3d-b655-4618-96b9-20efe2a1902a', '3d59fe1d-95e4-4d20-85be-9d6b35a842b0', 'KALTAKQUISE', 'ACTIVE', 0, 'Funktion: Gesamtleitung/Direktion | Mitarbeiter: 1 bis 10 | Branche: Kindergärten & -krippen | Rechtsform: Gesellschaft mit beschränkter Haftung'),
('7624c06f-e7fc-407f-a8db-20d6db1790ab', '5ddd2b92-385b-4874-a4f0-595795961358', 'KALTAKQUISE', 'ACTIVE', 0, 'Funktion: Gesamtleitung/Direktion | Mitarbeiter: 1 bis 10 | Branche: Kindergärten & -krippen | Rechtsform: Gesellschaft mit beschränkter Haftung'),
('e46a3095-b28e-4d43-8039-536b8660c6c4', 'ebd277d9-4f33-4233-a7c6-60c77ec5aafa', 'KALTAKQUISE', 'ACTIVE', 0, 'Funktion: Gesamtleitung/Direktion | Mitarbeiter: 11 bis 20 | Branche: Kindergärten & -krippen'),
('356a4fb6-a7f1-4d8f-9bc2-4df41ec6c89b', 'b25041c9-e1de-4de9-82b6-39e967eb4695', 'KALTAKQUISE', 'ACTIVE', 0, 'Funktion: Gesamtleitung/Direktion | Mitarbeiter: 11 bis 20 | Branche: Kindergärten & -krippen'),
('4655994e-1809-4473-9b10-3be9a1df5ee3', 'b4605935-0537-4379-b9da-06d80fb59cdc', 'KALTAKQUISE', 'ACTIVE', 0, 'Funktion: Gesamtleitung/Direktion | Mitarbeiter: 11 bis 20 | Branche: Kindergärten & -krippen'),
('ac1b2161-438b-4bb1-ba6a-064bbc6aaae3', 'ecbac030-0db2-474f-8c62-894a81583c34', 'KALTAKQUISE', 'ACTIVE', 0, 'Funktion: Gesamtleitung/Direktion | Mitarbeiter: 11 bis 20 | Branche: Kindergärten & -krippen'),
('68e8a1d4-c26e-4d4a-8af6-337dce18c8de', '10e57ec1-64f7-44d2-a727-c74851be82c7', 'KALTAKQUISE', 'ACTIVE', 0, 'Funktion: Gesamtleitung/Direktion | Mitarbeiter: 1 bis 10 | Branche: Kindergärten & -krippen'),
('8f44d982-9be8-452a-b628-f084e6deab6e', 'b285ad59-b452-41f1-9b73-5bd703fa69f2', 'KALTAKQUISE', 'ACTIVE', 0, 'Funktion: Gesamtleitung/Direktion | Mitarbeiter: 1 bis 10 | Branche: Kindergärten & -krippen'),
('e6c60ae6-4d7d-4c9c-a2a4-d89ac4f89959', 'c3fe4331-2146-4c15-b4fb-90846d2829df', 'KALTAKQUISE', 'ACTIVE', 0, 'Funktion: Gesamtleitung/Direktion | Mitarbeiter: 11 bis 20 | Branche: Kindergärten & -krippen'),
('002aa8e5-04ba-4804-a7d0-d576c32d519e', '77c66a1b-5919-4f33-b678-9ecccc5e63ab', 'KALTAKQUISE', 'ACTIVE', 0, 'Funktion: Gesamtleitung/Direktion | Mitarbeiter: 1 bis 10 | Branche: Kindergärten & -krippen'),
('b20f8c43-3fb7-436b-bc07-239270432cf1', '3559bf5f-87d7-40e9-afe7-f85eaef6396c', 'KALTAKQUISE', 'ACTIVE', 0, 'Funktion: Gesamtleitung/Direktion | Mitarbeiter: 1 bis 10 | Branche: Kindergärten & -krippen'),
('c92f33bf-1675-463a-8c95-a3ad16ff892c', 'ab9438cd-1022-41b4-b11c-66f8fc016339', 'KALTAKQUISE', 'ACTIVE', 0, 'Funktion: Gesamtleitung/Direktion | Mitarbeiter: 1 bis 10 | Branche: Kindergärten & -krippen'),
('0ca8d02e-6c1b-4ffc-a897-0371bba137ad', '9fce3da3-6e59-4e36-a4b8-4130d344b3bb', 'KALTAKQUISE', 'ACTIVE', 0, 'Funktion: Gesamtleitung/Direktion | Mitarbeiter: 1 bis 10 | Branche: Kindergärten & -krippen'),
('6353e192-b959-410b-9ae9-45538ebf26a8', 'cf3d1be1-1dc9-4f61-8bb0-7c08c948e046', 'KALTAKQUISE', 'ACTIVE', 0, 'Funktion: Gesamtleitung/Direktion | Mitarbeiter: 11 bis 20 | Branche: Kindergärten & -krippen'),
('e1a5ad38-ad87-4eb9-ac3d-70efd038d589', 'a703435d-6ea6-4b4f-bc89-fcea529d397a', 'KALTAKQUISE', 'ACTIVE', 0, 'Funktion: Gesamtleitung/Direktion | Mitarbeiter: 1 bis 10 | Branche: Kindergärten & -krippen'),
('54176c8d-5f20-49e6-a283-799386e7511d', 'e5a26745-6d54-4e9e-8418-1179b78b7057', 'KALTAKQUISE', 'ACTIVE', 0, 'Funktion: Gesamtleitung/Direktion | Mitarbeiter: 1 bis 10 | Branche: Kindergärten & -krippen'),
('00088228-8d7b-4bcf-ab60-01141992477f', 'f73d3103-37e9-4dee-b0af-eb97fc6aa9cb', 'KALTAKQUISE', 'ACTIVE', 0, 'Funktion: Gesamtleitung/Direktion | Mitarbeiter: 11 bis 20 | Branche: Kindergärten & -krippen'),
('636e0dfa-69cf-4ac2-88d2-8ee89c9895a9', '32fd1598-4ca8-43d7-9014-c09d5167e826', 'KALTAKQUISE', 'ACTIVE', 0, 'Funktion: Gesamtleitung/Direktion | Mitarbeiter: 1 bis 10 | Branche: Kindergärten & -krippen'),
('04c99253-d9c5-4a79-a215-996bf172e958', '00f23dc6-3e36-406c-a789-eacf498256bb', 'KALTAKQUISE', 'ACTIVE', 0, 'Funktion: Gesamtleitung/Direktion | Mitarbeiter: 1 bis 10 | Branche: Kindergärten & -krippen | Rechtsform: Gesellschaft mit beschränkter Haftung'),
('55f72c5f-a890-49fa-9af5-a3ae3fc87c19', '3e5624c7-9f75-49b6-88ba-3108e40920b1', 'KALTAKQUISE', 'ACTIVE', 0, 'Funktion: Gesamtleitung/Direktion | Mitarbeiter: 1 bis 10 | Branche: Kindergärten & -krippen'),
('6f216f6d-dc92-4db9-9edb-debfcf47c6bc', 'e7d4e9aa-b30a-4b56-91e5-5ffca7769fb4', 'KALTAKQUISE', 'ACTIVE', 0, 'Funktion: Gesamtleitung/Direktion | Mitarbeiter: 1 bis 10 | Branche: Kindergärten & -krippen'),
('835e61b2-ba4b-4d35-8ff0-322a911a2246', '53095b51-71cd-4c9f-9979-8de2e57e998d', 'KALTAKQUISE', 'ACTIVE', 0, 'Funktion: Gesamtleitung/Direktion | Mitarbeiter: 1 bis 10 | Branche: Kindergärten & -krippen | Rechtsform: Gesellschaft mit beschränkter Haftung'),
('63e3fc71-3d42-42b9-861b-368183edf87a', '84cb723c-5722-4082-a8b0-b7df3535deb4', 'KALTAKQUISE', 'ACTIVE', 0, 'Funktion: Gesamtleitung/Direktion | Mitarbeiter: 1 bis 10 | Branche: Kindergärten & -krippen'),
('cea68c15-d895-44a9-a022-8b47c104d0ff', '0bd188c6-2f50-4d31-a4e3-ab7112b943cf', 'KALTAKQUISE', 'ACTIVE', 0, 'Funktion: Gesamtleitung/Direktion | Mitarbeiter: 11 bis 20 | Branche: Kindergärten & -krippen'),
('828ae947-b9b3-4825-8592-1d15580fd778', '077476b9-bcb5-4bcb-a946-039749e8f0c9', 'KALTAKQUISE', 'ACTIVE', 0, 'Funktion: Gesamtleitung/Direktion | Mitarbeiter: 1 bis 10 | Branche: Kindergärten & -krippen'),
('fa545bb4-3de4-47f8-a02b-c21815651c92', '632f3531-2157-4700-9dff-35c99afd56bf', 'KALTAKQUISE', 'ACTIVE', 0, 'Funktion: Gesamtleitung/Direktion | Mitarbeiter: 1 bis 10 | Branche: Kindergärten & -krippen'),
('c6429bb2-2eb3-4ffd-bfb8-f323a2c5c044', '8483eb02-1307-422b-b9bc-1ed6cd2bf6c3', 'KALTAKQUISE', 'ACTIVE', 0, 'Funktion: Gesamtleitung/Direktion | Mitarbeiter: 1 bis 10 | Branche: Kindergärten & -krippen'),
('e3799d6e-8308-4c1c-bfa4-2d3e893dc1c5', 'bade4f61-7c24-4ae0-9502-89de6b48d095', 'KALTAKQUISE', 'ACTIVE', 0, 'Funktion: Gesamtleitung/Direktion | Mitarbeiter: 11 bis 20 | Branche: Kindergärten & -krippen'),
('e8979a72-0995-4b7e-a37d-4f1fe07802e2', 'ad6bf0f8-61fe-4e1d-91fb-33fba0e50f21', 'KALTAKQUISE', 'ACTIVE', 0, 'Funktion: Gesamtleitung/Direktion | Mitarbeiter: 1 bis 10 | Branche: Kindergärten & -krippen'),
('86de63c1-f102-4552-b984-f3b43e27f594', '32f256bc-e418-4514-a234-c59976f83731', 'KALTAKQUISE', 'ACTIVE', 0, 'Funktion: Gesamtleitung/Direktion | Mitarbeiter: 11 bis 20 | Branche: Kindergärten & -krippen'),
('bbeb805d-c959-48f8-b2eb-3fb837b6a8f4', '4e80b9f4-268f-47a5-b27b-e68a8847209f', 'KALTAKQUISE', 'ACTIVE', 0, 'Funktion: Gesamtleitung/Direktion | Mitarbeiter: 1 bis 10 | Branche: Kindergärten & -krippen'),
('916601dc-1cab-4284-bfad-f3afe91c00c5', 'ebd8f03e-cafa-4710-a810-68c7028644d3', 'KALTAKQUISE', 'ACTIVE', 0, 'Funktion: Gesamtleitung/Direktion | Mitarbeiter: 1 bis 10 | Branche: Kindergärten & -krippen | Rechtsform: Gesellschaft mit beschränkter Haftung'),
('e9a9fb8a-1966-48f7-abcc-46bf8ef37dec', '5aea3e9a-d7c8-4211-a3b1-1b5813cae86d', 'KALTAKQUISE', 'ACTIVE', 0, 'Funktion: Gesamtleitung/Direktion | Mitarbeiter: 11 bis 20 | Branche: Kindergärten & -krippen'),
('4dfc0a63-28b4-442b-be7c-0352ff9a3642', '6c979629-eb29-46b4-80f4-d7465350333b', 'KALTAKQUISE', 'ACTIVE', 0, 'Funktion: Gesamtleitung/Direktion | Mitarbeiter: 11 bis 20 | Branche: Kindergärten & -krippen'),
('9354eb0d-0d37-4176-aaf6-6c9f6140d248', '32c97912-839c-4971-a5b2-026086849118', 'KALTAKQUISE', 'ACTIVE', 0, 'Funktion: Gesamtleitung/Direktion | Mitarbeiter: 21 bis 50 | Branche: Kindergärten & -krippen'),
('217efd57-a639-4001-9185-7f3c10dd94af', '8701b8de-438e-42f0-9635-5b9732976d63', 'KALTAKQUISE', 'ACTIVE', 0, 'Funktion: Gesamtleitung/Direktion | Mitarbeiter: 1 bis 10 | Branche: Kindergärten & -krippen'),
('32191da3-337e-4f48-97b6-e952102d8335', 'dd9b4589-0ee8-43de-a601-a344b8f606dd', 'KALTAKQUISE', 'ACTIVE', 0, 'Funktion: Gesamtleitung/Direktion | Mitarbeiter: 1 bis 10 | Branche: Kindergärten & -krippen | Rechtsform: Gesellschaft mit beschränkter Haftung'),
('a3b442fd-3638-45ce-a826-dbd5524cd22e', '070d364d-b8b5-49a9-af4e-b9c657272d62', 'KALTAKQUISE', 'ACTIVE', 0, 'Funktion: Gesamtleitung/Direktion | Mitarbeiter: 21 bis 50 | Branche: Kindergärten & -krippen | Rechtsform: Gesellschaft mit beschränkter Haftung'),
('ccfc769e-afe6-4312-9496-571862e9d133', '3e4afb0b-3ef8-40b8-a459-41020241d1c7', 'KALTAKQUISE', 'ACTIVE', 0, 'Funktion: Gesamtleitung/Direktion | Mitarbeiter: 1 bis 10 | Branche: Kindergärten & -krippen'),
('3273b40a-47a2-4c1c-9695-fc81e0a3f13d', '3aed779d-5dd2-4d59-a806-3924db1f3318', 'KALTAKQUISE', 'ACTIVE', 0, 'Funktion: Gesamtleitung/Direktion | Mitarbeiter: 1 bis 10 | Branche: Kindergärten & -krippen'),
('fc243f31-b2b8-4403-a6b6-9fbd93ee21d3', 'add72b5f-89a8-461f-873c-96032b92fe91', 'KALTAKQUISE', 'ACTIVE', 0, 'Funktion: Gesamtleitung/Direktion | Mitarbeiter: 1 bis 10 | Branche: Kindergärten & -krippen'),
('bf8e3082-e3d2-4985-a939-8694d8a08fd1', '67ff35d2-4691-4281-a03b-abdecb5f9ff7', 'KALTAKQUISE', 'ACTIVE', 0, 'Funktion: Gesamtleitung/Direktion | Mitarbeiter: 11 bis 20 | Branche: Kindergärten & -krippen'),
('6f20b888-5e37-4dcd-aae2-c1df3ebd1d68', '13596c5d-8d57-4a47-affa-fd2a6f2b85f3', 'KALTAKQUISE', 'ACTIVE', 0, 'Funktion: Gesamtleitung/Direktion | Mitarbeiter: 1 bis 10 | Branche: Kindergärten & -krippen | Rechtsform: Einzelunternehmen'),
('cfd08cca-c616-4cfe-aff4-72a1810cbd5f', '90972a04-972e-44df-8cf0-afdef3565a88', 'KALTAKQUISE', 'ACTIVE', 0, 'Funktion: Gesamtleitung/Direktion | Mitarbeiter: 1 bis 10 | Branche: Kindergärten & -krippen'),
('ca1da309-7c81-4daa-8522-ce555454818f', '02e8bbf4-44ba-4634-b5cb-99c84e4754f3', 'KALTAKQUISE', 'ACTIVE', 0, 'Funktion: Gesamtleitung/Direktion | Mitarbeiter: 21 bis 50 | Branche: Kindergärten & -krippen'),
('651cb1c9-2052-45c4-9194-8d7544392d9e', '2206c8d9-155c-4577-944e-7ab25a1f0c47', 'KALTAKQUISE', 'ACTIVE', 0, 'Funktion: Gesamtleitung/Direktion | Mitarbeiter: 1 bis 10 | Branche: Kindergärten & -krippen'),
('f8bb109f-4a26-4ba9-9008-a7fd260ecfef', '6317f6a4-3ea9-4634-98b6-8b028d6a3031', 'KALTAKQUISE', 'ACTIVE', 0, 'Funktion: Gesamtleitung/Direktion | Mitarbeiter: 1 bis 10 | Branche: Kindergärten & -krippen'),
('36485ae4-bf3a-4735-9dfc-7dee128b516d', 'fcbce61b-8a75-49bd-b9f0-62cb77e88117', 'KALTAKQUISE', 'ACTIVE', 0, 'Funktion: Gesamtleitung/Direktion | Mitarbeiter: 11 bis 20 | Branche: Kindergärten & -krippen'),
('78a97209-3bca-49c7-af00-3cbf91f30280', '7b9512ba-05fb-40fa-a4c5-dae3704b1fa6', 'KALTAKQUISE', 'ACTIVE', 0, 'Funktion: Gesamtleitung/Direktion | Mitarbeiter: 11 bis 20 | Branche: Kindergärten & -krippen | Rechtsform: Gesellschaft mit beschränkter Haftung'),
('7ea069b0-b0d9-40a2-84f7-1ac5338c220e', '18edd909-2958-45d1-b178-2132a3cf7747', 'KALTAKQUISE', 'ACTIVE', 0, 'Funktion: Gesamtleitung/Direktion | Mitarbeiter: 21 bis 50 | Branche: Kindergärten & -krippen'),
('7025b06a-52af-4758-a8ee-144fc4054495', '2e738948-a528-4fad-b700-80ac74be454c', 'KALTAKQUISE', 'ACTIVE', 0, 'Funktion: Gesamtleitung/Direktion | Mitarbeiter: 21 bis 50 | Branche: Kindergärten & -krippen'),
('5bc22c0c-82c4-4097-84a9-95b083520956', '2275458d-ea24-4c7e-8890-a0e053feb1ee', 'KALTAKQUISE', 'ACTIVE', 0, 'Funktion: Gesamtleitung/Direktion | Mitarbeiter: 1 bis 10 | Branche: Kindergärten & -krippen | Rechtsform: Gesellschaft mit beschränkter Haftung'),
('f41160db-a9a6-42d9-ad27-86939b10f4e0', '68482052-b70b-4239-97a7-331fce449a72', 'KALTAKQUISE', 'ACTIVE', 0, 'Funktion: Gesamtleitung/Direktion | Mitarbeiter: 21 bis 50 | Branche: Kindergärten & -krippen'),
('216843a8-68e1-498d-8795-9fbcbf5e927c', 'b1735a9b-e03e-479b-acd4-86592f772b71', 'KALTAKQUISE', 'ACTIVE', 0, 'Funktion: Gesamtleitung/Direktion | Mitarbeiter: 11 bis 20 | Branche: Kindergärten & -krippen'),
('fc915cbd-d2b6-4c23-8791-ca7efbca17f7', '69e8d964-eee5-4896-a424-31ba6caea62e', 'KALTAKQUISE', 'ACTIVE', 0, 'Funktion: Gesamtleitung/Direktion | Mitarbeiter: 1 bis 10 | Branche: Kindergärten & -krippen | Rechtsform: Gesellschaft mit beschränkter Haftung'),
('f84e445f-141d-4dab-acc1-4cc113d9a5bb', '54db9423-fcac-4cab-ba37-8e2385c5f619', 'KALTAKQUISE', 'ACTIVE', 0, 'Funktion: Gesamtleitung/Direktion | Mitarbeiter: 1 bis 10 | Branche: Kindergärten & -krippen | Rechtsform: Gesellschaft mit beschränkter Haftung'),
('6b0c7422-21b9-4746-81c0-d2f5a5518de1', '0f71b96e-287e-42b1-a252-75c467bf123e', 'KALTAKQUISE', 'ACTIVE', 0, 'Funktion: Gesamtleitung/Direktion | Mitarbeiter: 11 bis 20 | Branche: Kindergärten & -krippen'),
('4dd244e8-8c13-4997-b964-b3026ab7c763', '233ab2e1-c850-45bd-bf80-c70794a4151a', 'KALTAKQUISE', 'ACTIVE', 0, 'Funktion: Gesamtleitung/Direktion | Mitarbeiter: 1 bis 10 | Branche: Kindergärten & -krippen | Rechtsform: Verein'),
('6fe89e7d-b62e-4ed4-8cb3-14ffaee13d61', '9d09201e-595c-47c3-8da9-8a670cdb02ba', 'KALTAKQUISE', 'ACTIVE', 0, 'Funktion: Gesamtleitung/Direktion | Mitarbeiter: 11 bis 20 | Branche: Kindergärten & -krippen | Rechtsform: Gesellschaft mit beschränkter Haftung'),
('2ce3c5a0-6072-4485-b421-639486ccb8f9', 'e463fd84-e26d-43d8-a0f3-1f8030e551f7', 'KALTAKQUISE', 'ACTIVE', 0, 'Funktion: Gesamtleitung/Direktion | Mitarbeiter: 1 bis 10 | Branche: Kindergärten & -krippen'),
('b9de0b29-12dd-4e5e-9ca5-a87bdcf31abc', '62f8ee3f-5b78-4c9c-b693-4230eb775577', 'KALTAKQUISE', 'ACTIVE', 0, 'Funktion: Gesamtleitung/Direktion | Mitarbeiter: 11 bis 20 | Branche: Kindergärten & -krippen'),
('bdafaeb2-d039-4057-ad07-8578a7717531', 'baaed1b1-d54c-424b-95b0-c014aeebf8bd', 'KALTAKQUISE', 'ACTIVE', 0, 'Funktion: Gesamtleitung/Direktion | Mitarbeiter: 1 bis 10 | Branche: Kindergärten & -krippen | Rechtsform: Einzelunternehmen'),
('f1042640-f808-47a6-a67d-63a6294c2b8b', '4195c8a0-92d0-428a-aa9a-46980dc3cee4', 'KALTAKQUISE', 'ACTIVE', 0, 'Funktion: Gesamtleitung/Direktion | Mitarbeiter: 1 bis 10 | Branche: Kindergärten & -krippen'),
('2a00343c-bcee-44ff-8a99-3b1989e82f72', '2f9ff6cb-7bd2-481d-a07b-432bb8c9dd41', 'KALTAKQUISE', 'ACTIVE', 0, 'Funktion: Geschäftsführer/in (CEO) | Mitarbeiter: 1 bis 10 | Branche: Kindergärten & -krippen'),
('16e0a724-c1dd-4321-bc50-cb6d4d555f6d', '9cc5d5c6-504d-48b2-bc8a-0f64fa372d19', 'KALTAKQUISE', 'ACTIVE', 0, 'Funktion: Gesamtleitung/Direktion | Mitarbeiter: 21 bis 50 | Branche: Kindergärten & -krippen | Rechtsform: Gesellschaft mit beschränkter Haftung'),
('27ce2cfe-fe7e-40f5-8247-a918e3a628bb', '1ef852fb-7f10-42e4-947f-ac23849eaa80', 'KALTAKQUISE', 'ACTIVE', 0, 'Funktion: Gesamtleitung/Direktion | Mitarbeiter: 1 bis 10 | Branche: Kindergärten & -krippen | Rechtsform: Gesellschaft mit beschränkter Haftung'),
('e0270d36-e910-49f1-b8bb-476a4b76ba03', '6ac0838e-225c-4745-a809-b33c8c98f151', 'KALTAKQUISE', 'ACTIVE', 0, 'Funktion: Gesamtleitung/Direktion | Mitarbeiter: 1 bis 10 | Branche: Kindergärten & -krippen | Rechtsform: Gesellschaft mit beschränkter Haftung'),
('2a733a77-c7b2-4129-96a8-7128b3199fe3', '93ba9069-4125-4bf6-aad1-b74b7bcfcec8', 'KALTAKQUISE', 'ACTIVE', 0, 'Funktion: Gesamtleitung/Direktion | Mitarbeiter: 1 bis 10 | Branche: Kindergärten & -krippen'),
('b29845a1-196c-4d53-b117-d9075328d07f', '88191c5d-a5a4-4c44-b8e9-605b4876dc4d', 'KALTAKQUISE', 'ACTIVE', 0, 'Funktion: Gesamtleitung/Direktion | Mitarbeiter: 1 bis 10 | Branche: Kindergärten & -krippen'),
('22981a75-4b0c-4ab4-b2b4-4a5f81125cec', 'b3f535b8-3652-4045-a03c-a21a2cc53128', 'KALTAKQUISE', 'ACTIVE', 0, 'Funktion: Gesamtleitung/Direktion | Mitarbeiter: 11 bis 20 | Branche: Kindergärten & -krippen'),
('7acf7fa5-ca2f-4f25-8350-6e4a64e404ea', 'd87e78fb-adbb-4631-ab58-d0e3ff534f17', 'KALTAKQUISE', 'ACTIVE', 0, 'Funktion: Gesamtleitung/Direktion | Mitarbeiter: 1 bis 10 | Branche: Kindergärten & -krippen | Rechtsform: Gesellschaft mit beschränkter Haftung'),
('14de2bad-a07b-4849-826c-6b84282eb720', '9a8514d4-eeb8-45c8-a391-dbeb966ad186', 'KALTAKQUISE', 'ACTIVE', 0, 'Funktion: Gesamtleitung/Direktion | Mitarbeiter: 1 bis 10 | Branche: Kindergärten & -krippen'),
('ef5f18eb-22fb-469b-a348-77bdb08b2610', '7cbf6df4-c6c2-4b1a-9b20-ba63e8fd07c0', 'KALTAKQUISE', 'ACTIVE', 0, 'Funktion: Gesamtleitung/Direktion | Mitarbeiter: 1 bis 10 | Branche: Kindergärten & -krippen'),
('f1372eb1-58e2-4f3f-bfd8-ba15418661e1', 'e0dcfe97-17d4-4424-ab7e-ab8e44c7609c', 'KALTAKQUISE', 'ACTIVE', 0, 'Funktion: Gesamtleitung/Direktion | Mitarbeiter: 21 bis 50 | Branche: Kindergärten & -krippen | Rechtsform: Gesellschaft mit beschränkter Haftung'),
('d1313f7d-34d6-486b-b6bd-2fdc505d02bd', 'b0501754-1313-45eb-9f8a-81a62af9e977', 'KALTAKQUISE', 'ACTIVE', 0, 'Funktion: Gesamtleitung/Direktion | Mitarbeiter: 1 bis 10 | Branche: Kindergärten & -krippen'),
('aa6494d1-45ef-4dbe-9fb8-ed964454a61b', '0e3fc5b5-de6f-4005-9da6-2a540093944e', 'KALTAKQUISE', 'ACTIVE', 0, 'Funktion: Gesamtleitung/Direktion | Mitarbeiter: 1 bis 10 | Branche: Kindergärten & -krippen | Rechtsform: Gesellschaft mit beschränkter Haftung'),
('c9c9807f-455c-4202-bc18-38506e16ea7d', '86ddd5a2-259a-442b-99e6-495ff138d0f7', 'KALTAKQUISE', 'ACTIVE', 0, 'Funktion: Gesamtleitung/Direktion | Mitarbeiter: 1 bis 10 | Branche: Kindergärten & -krippen | Rechtsform: Gesellschaft mit beschränkter Haftung'),
('84be2e60-4915-47fb-abc0-e0098350f65f', '756c63aa-3e01-4bd2-86cc-c80e637c1fa0', 'KALTAKQUISE', 'ACTIVE', 0, 'Funktion: Gesamtleitung/Direktion | Mitarbeiter: 1 bis 10 | Branche: Kindergärten & -krippen'),
('d579998d-3395-44d7-85a6-ac6c4305539e', '9b4d149b-5b24-43b6-b472-368076cc1e1d', 'KALTAKQUISE', 'ACTIVE', 0, 'Funktion: Gesamtleitung/Direktion | Mitarbeiter: 1 bis 10 | Branche: Kindergärten & -krippen'),
('ee6afdc2-36a4-475a-b231-d846c20a657a', '2f006868-7210-4ab8-b4cf-93d2426d7ef5', 'KALTAKQUISE', 'ACTIVE', 0, 'Funktion: Gesamtleitung/Direktion | Mitarbeiter: 21 bis 50 | Branche: Kindergärten & -krippen'),
('328283ad-b184-4583-94aa-b5522a2a0a36', 'c3eb7e86-2e6c-47c7-80ce-226b0cb4890f', 'KALTAKQUISE', 'ACTIVE', 0, 'Funktion: Gesamtleitung/Direktion | Mitarbeiter: 11 bis 20 | Branche: Kindergärten & -krippen | Rechtsform: Gesellschaft mit beschränkter Haftung'),
('a5e80b47-09c0-40a9-91c6-72260576a264', 'df7e6c41-eef9-4420-b7b1-e7938f24d125', 'KALTAKQUISE', 'ACTIVE', 0, 'Funktion: Gesamtleitung/Direktion | Mitarbeiter: 11 bis 20 | Branche: Kindergärten & -krippen'),
('459dcb1c-ea5f-4919-9a30-03d5c2e0c241', 'a200aa03-1663-49a5-b722-71922833f0f7', 'KALTAKQUISE', 'ACTIVE', 0, 'Funktion: Gesamtleitung/Direktion | Mitarbeiter: 11 bis 20 | Branche: Kindergärten & -krippen | Rechtsform: Gesellschaft mit beschränkter Haftung'),
('12ae66bc-50a9-4591-8d0b-667e4fc2e7c6', 'acc86e64-a003-4af3-8671-bd8f5ee28e37', 'KALTAKQUISE', 'ACTIVE', 0, 'Funktion: Gesamtleitung/Direktion | Mitarbeiter: 1 bis 10 | Branche: Kindergärten & -krippen'),
('20990d4b-23a1-4b13-8ea6-d943056c94c1', 'e484895f-504a-429a-9d1d-16fe038347c0', 'KALTAKQUISE', 'ACTIVE', 0, 'Funktion: Gesamtleitung/Direktion | Mitarbeiter: 1 bis 10 | Branche: Kindergärten & -krippen | Rechtsform: Gesellschaft mit beschränkter Haftung'),
('e1156b72-2088-4699-89af-04b7188f652f', '3c93ad62-c7fd-45bd-9814-4a3d7af50de2', 'KALTAKQUISE', 'ACTIVE', 0, 'Funktion: Gesamtleitung/Direktion | Mitarbeiter: 1 bis 10 | Branche: Kindergärten & -krippen'),
('638e1526-eb14-4fcb-9bfb-6bdd3a533f9c', '8bcce7b2-47e6-41a1-8657-8b0e115838eb', 'KALTAKQUISE', 'ACTIVE', 0, 'Funktion: Gesamtleitung/Direktion | Mitarbeiter: 1 bis 10 | Branche: Kindergärten & -krippen | Rechtsform: Verein'),
('285d8f20-f922-43af-8f05-fc6914487b03', 'f8053283-1f0a-4017-8e5b-83e97270139d', 'KALTAKQUISE', 'ACTIVE', 0, 'Funktion: Geschäftsführer/in (CEO) | Mitarbeiter: 11 bis 20 | Branche: Restaurants | Rechtsform: Gesellschaft mit beschränkter Haftung'),
('763bfc35-16b1-4649-b705-1f9812b41804', '9666fc29-31d5-431d-a90d-c1448c588289', 'KALTAKQUISE', 'ACTIVE', 0, 'Funktion: Geschäftsführer/in (CEO) | Mitarbeiter: 11 bis 20 | Branche: Clubs, Bars & Eventlocations / Getränkeindustrie'),
('aee20bb7-7d91-45e5-a071-169a5672a109', '52b05031-7b74-4dfd-95db-579b83d74e59', 'KALTAKQUISE', 'ACTIVE', 0, 'Funktion: Geschäftsführer/in (CEO) | Mitarbeiter: 11 bis 20 | Branche: Clubs, Bars & Eventlocations'),
('ae949431-733d-4e2b-a78b-53e9da137e06', '6414b411-0347-4c60-8505-93287b33fc01', 'KALTAKQUISE', 'ACTIVE', 0, 'Funktion: Geschäftsführer/in (CEO) | Mitarbeiter: 21 bis 50 | Branche: Online Shops / Detailhandel - Food & Getränke | Rechtsform: Aktiengesellschaft'),
('0d3e6d82-7afe-4933-abc7-3cbd7216987d', '8a1e8e49-62b8-4373-a1d1-313dd16a3d01', 'KALTAKQUISE', 'ACTIVE', 0, 'Funktion: Geschäftsführer/in (CEO) | Mitarbeiter: 1 bis 10 | Branche: Treuhandbüros | Rechtsform: Gesellschaft mit beschränkter Haftung'),
('614df534-5da8-43fe-bc8a-8b4a1dbb15ef', '0df3b89c-88ab-4dac-9307-a2587277d415', 'KALTAKQUISE', 'ACTIVE', 0, 'Funktion: Gesamtleitung/Direktion | Mitarbeiter: 21 bis 50 | Branche: Kindergärten & -krippen | Rechtsform: Gesellschaft mit beschränkter Haftung'),
('7019542a-4b8d-440c-83bf-628508402757', 'f692acf8-e087-4f01-be3f-434d34e456f8', 'KALTAKQUISE', 'ACTIVE', 0, 'Funktion: Geschäftsführer/in (CEO) | Mitarbeiter: 1 bis 10 | Branche: Boden- & Plattenleger'),
('d1039465-aedb-4232-9933-6edb0875891b', '842e8495-9d4b-40f2-aed7-82c002871b73', 'KALTAKQUISE', 'ACTIVE', 0, 'Funktion: Geschäftsführer/in (CEO) | Mitarbeiter: 11 bis 20 | Branche: Restaurants'),
('132c2996-02a1-4468-9eb0-b32f74fb859f', 'f65001ed-d204-49af-b265-31dce536ebd9', 'KALTAKQUISE', 'ACTIVE', 0, 'Funktion: Präsidium  | Mitarbeiter: 1 bis 10 | Branche: Turnvereine'),
('4b35ea21-dee7-4812-92bf-53c8354e6a8f', '50bc2fea-0d5d-4d37-9fb0-b7a84c825af9', 'KALTAKQUISE', 'ACTIVE', 0, 'Funktion: Präsidium  | Mitarbeiter: 1 bis 10 | Branche: Turnvereine'),
('f8632295-fced-4db1-a10d-8b26764fe390', '04a2e115-4885-4394-8cff-9f6117e80689', 'KALTAKQUISE', 'ACTIVE', 0, 'Funktion: Geschäftsführer/in (CEO) | Mitarbeiter: 1 bis 10 | Branche: Chemieindustrie | Rechtsform: Gesellschaft mit beschränkter Haftung');

INSERT INTO lead_tags (lead_id, tag_id) VALUES
('b78979b1-210a-479b-8f92-0f43ad4cac57', 'ka-b2b'),
('b7cfcfe1-7438-4fa5-89a0-b7538e35f81e', 'ka-b2b'),
('be7f9c15-ccb0-4943-a3b5-c742905a6f09', 'ka-b2b'),
('541a111b-6424-47ab-a4c9-fab68865b244', 'ka-b2b'),
('d57f981c-c845-4687-97cc-42651a87e242', 'ka-b2b'),
('f0443e27-b307-4b68-bf8b-31ee8638c946', 'ka-b2b'),
('33982995-7ff7-499a-b962-d474c68cfc7a', 'ka-b2b'),
('6e7aa7ca-b8c8-4ff1-ab68-e99393f62086', 'ka-b2b'),
('faec15be-6e27-415f-8ded-d558e0eeb067', 'ka-b2b'),
('b5ddaccd-4f5b-46fc-9d2e-426b7a497b97', 'ka-b2b'),
('85ed11f0-9781-4aed-8ba7-36d8782395e6', 'ka-b2b'),
('ad1a2a11-a3b3-4600-8a8d-3153be8aa7f0', 'ka-b2b'),
('a0b15ffb-8a21-4096-85eb-3a42ce53d1cf', 'ka-b2b'),
('9a2351b7-11d4-49d1-af2f-71d943b10c0c', 'ka-b2b'),
('e8c673fc-6e35-4ea9-91d9-170842005c35', 'ka-b2b'),
('7d0cbbff-a6e1-4fc0-84a1-9df0661e7a3c', 'ka-b2b'),
('9b9dc4f5-237c-41b3-a6e6-abc7a5406cef', 'ka-b2b'),
('0a69ea83-7e50-4639-8244-93e41a7d145b', 'ka-b2b'),
('c926bf55-46b7-43cd-9a28-b81db5d4712f', 'ka-b2b'),
('4a1f7af7-48e9-473f-ac1b-c331b9fe6a19', 'ka-b2b'),
('ace8e93a-b62f-48b2-a946-fd851fb4c46f', 'ka-b2b'),
('909f50b9-6927-4049-8e75-0d2e19299df6', 'ka-b2b'),
('e02543ad-d639-461e-9ce9-4de0e77371ab', 'ka-b2b'),
('f00140ce-163e-4f5d-a80e-ee1cf5467017', 'ka-b2b'),
('35306ea4-67b5-470a-adae-36ee8e940ff8', 'ka-b2b'),
('819ea929-91c9-4275-8c6d-571003ee8007', 'ka-b2b'),
('0b5060c5-5379-4407-a595-f1db4b22dfb7', 'ka-b2b'),
('30ec3ff2-ad17-4e9a-8e24-79e3d3809c4f', 'ka-b2b'),
('3da11e63-2ed9-4996-91b0-2eb36f10c8e6', 'ka-b2b'),
('4fab4f23-9583-45b9-985e-cf299c686244', 'ka-b2b'),
('46ad9ee7-1333-4f37-9386-9428145e3e4e', 'ka-b2b'),
('b6ad3e60-212a-4cb3-85b8-0c528b719e60', 'ka-b2b'),
('64cb992c-5c56-4ddf-9a44-f33f365c4c28', 'ka-b2b'),
('5499e73a-a6c5-4e44-a651-c236295db3ff', 'ka-b2b'),
('a1bbc947-1120-4965-a4dd-ecdaf7f51b3a', 'ka-b2b'),
('eba0d9aa-df76-4f40-9ba7-cd21534cbec6', 'ka-b2b'),
('b7fc5c25-eb73-4c70-aba6-76608b517c90', 'ka-b2b'),
('28663a5b-1190-4779-a9c5-79a2a70f940d', 'ka-b2b'),
('3054968b-e2f0-4250-81db-0a4352ee68dd', 'ka-b2b'),
('9134a343-9b03-425d-923a-6e045a093441', 'ka-b2b'),
('e3ed08c3-eb77-4f17-94d6-f19956a51a50', 'ka-b2b'),
('f8c45189-c5c9-45f2-92b8-75f13576bc30', 'ka-b2b'),
('25fdaded-ba5e-419c-940b-fde6ad1c5028', 'ka-b2b'),
('e585e7ac-3c40-43ff-838b-57d67b5e8c5a', 'ka-b2b'),
('30050cbc-e156-4467-95c8-8246fa7c331d', 'ka-b2b'),
('e65e24a0-5c1e-4768-98b9-5b8c10944546', 'ka-b2b'),
('82330539-0d48-4942-bf2f-559e8144ab70', 'ka-b2b'),
('c3b77e7d-1376-41fa-a632-eee75ae38320', 'ka-b2b'),
('16b3eeaa-a09e-48b7-b692-59ac5e12dc3a', 'ka-b2b'),
('4cdfe78d-0c13-4499-8fe3-7303ec9cfa95', 'ka-b2b'),
('cdbc0949-7277-4da0-a60f-1f17af47fd36', 'ka-b2b'),
('93505198-a769-4cbc-b56c-51b6352fef35', 'ka-b2b'),
('21ac79e0-721c-4bd9-9175-1818ef008792', 'ka-b2b'),
('ab9d3e63-f3c5-4b08-895c-6b74d8a51f9d', 'ka-b2b'),
('bde09a8c-5ffe-4bb2-932d-8d9568811ab8', 'ka-b2b'),
('cb77c667-16b9-4974-b994-5c446c5f0dba', 'ka-b2b'),
('dc3e2544-c401-4578-9485-81b31faf787b', 'ka-b2b'),
('92c75cb4-98a6-4578-a01a-c77956d16e39', 'ka-b2b'),
('6ff1d5b7-f072-4a92-a18f-540c3df17497', 'ka-b2b'),
('f07585b0-a75c-4d0d-9445-ab3467ffd6bd', 'ka-b2b'),
('60840d72-a4f9-4a43-b5e0-e92d3868c7b4', 'ka-b2b'),
('0b743f9a-41b7-4d0e-8293-bf865bc612fe', 'ka-b2b'),
('67333fd1-693f-439e-bd68-a00e30345b5a', 'ka-b2b'),
('f623f93f-c5d4-4867-8b3e-e7d9386584c5', 'ka-b2b'),
('c96bd99d-ffa7-4a8f-b67f-469a8866c10a', 'ka-b2b'),
('3ab46748-56c6-4f33-9d09-8a3f8946e552', 'ka-b2b'),
('5ff72e23-47ed-4060-a1cd-270d847d6223', 'ka-b2b'),
('534fa80f-bed8-4ab4-bc54-68d96a88a9df', 'ka-b2b'),
('71483b38-cb0a-49c8-b403-13a28883f532', 'ka-b2b'),
('19273170-f89c-4325-aa82-20b2fc1fa34e', 'ka-b2b'),
('a0682f10-70fb-4338-99f9-c94116896103', 'ka-b2b'),
('495a6584-2851-4717-b247-2ccf974db22b', 'ka-b2b'),
('50aaec5f-55c9-4918-a10d-17a5f7ce2442', 'ka-b2b'),
('b9d3d12d-bcda-444e-9a7c-4aeabf056417', 'ka-b2b'),
('54d8909d-076a-497f-843a-fdfea33d700b', 'ka-b2b'),
('dd54075d-88a8-4510-a774-8e8c91e7f8df', 'ka-b2b'),
('7a6a3a57-c2d7-4663-a791-0e775d2af8bb', 'ka-b2b'),
('6143febe-e37c-4375-99be-cf0c3cda6b00', 'ka-b2b'),
('6265f43a-f078-4513-917b-e2c55ac2f5f8', 'ka-b2b'),
('5c6dfcac-caaf-4387-91b9-c40bdd6b4e0e', 'ka-b2b'),
('4f950094-97cc-4954-9ac5-9c137cd27e0a', 'ka-b2b'),
('11545b4d-323c-4b5f-9d12-db7e5d559813', 'ka-b2b'),
('b6a4b15d-b787-47a3-97cd-5ce7d7db7961', 'ka-b2b'),
('12edf7fe-ddc2-43d8-a423-d01448a39f90', 'ka-b2b'),
('fcc84a5b-77f5-4252-90ca-c179986c16aa', 'ka-b2b'),
('d400332a-bed0-49b9-8b60-80089e4a31bb', 'ka-b2b'),
('15c50176-e8dd-4f76-9edb-f4f8ce96d5f9', 'ka-b2b'),
('4d7cfdc2-a4f0-4b5c-9273-95d2c7a6982e', 'ka-b2b'),
('aed0c149-a021-48f6-8766-8267defe2833', 'ka-b2b'),
('10c32d33-e84e-46c3-ae50-d765cc9b2f68', 'ka-b2b'),
('f423b22e-526c-4931-9d51-fd3406f437f5', 'ka-b2b'),
('64e97786-530b-45d6-bd75-2094ac6ba2d2', 'ka-b2b'),
('4d8baa25-d9ff-4685-92ca-309646628d23', 'ka-b2b'),
('194a3202-4981-4572-9618-191ce2c49067', 'ka-b2b'),
('00c11f5d-defc-4dc2-b3a0-dd6b4ceec399', 'ka-b2b'),
('3c979b09-0c9b-4c58-a014-3ef1265808ef', 'ka-b2b'),
('4ce731a4-a722-4b08-a7d9-9be54dd05a94', 'ka-b2b'),
('d3c04c50-5f72-495d-8de9-ba201d5e19a2', 'ka-b2b'),
('abe269fe-f5fc-4292-b7ef-e2d2d70f9ff2', 'ka-b2b'),
('b8b2e4a7-8c16-400e-b7ed-e421549a3bfb', 'ka-b2b'),
('12784c07-7c31-42cf-816c-529a88fbbf0b', 'ka-b2b'),
('8f7eb6e5-3706-4adc-b0ee-c24d2e37759e', 'ka-b2b'),
('5aeb2d3d-b655-4618-96b9-20efe2a1902a', 'ka-b2b'),
('7624c06f-e7fc-407f-a8db-20d6db1790ab', 'ka-b2b'),
('e46a3095-b28e-4d43-8039-536b8660c6c4', 'ka-b2b'),
('356a4fb6-a7f1-4d8f-9bc2-4df41ec6c89b', 'ka-b2b'),
('4655994e-1809-4473-9b10-3be9a1df5ee3', 'ka-b2b'),
('ac1b2161-438b-4bb1-ba6a-064bbc6aaae3', 'ka-b2b'),
('68e8a1d4-c26e-4d4a-8af6-337dce18c8de', 'ka-b2b'),
('8f44d982-9be8-452a-b628-f084e6deab6e', 'ka-b2b'),
('e6c60ae6-4d7d-4c9c-a2a4-d89ac4f89959', 'ka-b2b'),
('002aa8e5-04ba-4804-a7d0-d576c32d519e', 'ka-b2b'),
('b20f8c43-3fb7-436b-bc07-239270432cf1', 'ka-b2b'),
('c92f33bf-1675-463a-8c95-a3ad16ff892c', 'ka-b2b'),
('0ca8d02e-6c1b-4ffc-a897-0371bba137ad', 'ka-b2b'),
('6353e192-b959-410b-9ae9-45538ebf26a8', 'ka-b2b'),
('e1a5ad38-ad87-4eb9-ac3d-70efd038d589', 'ka-b2b'),
('54176c8d-5f20-49e6-a283-799386e7511d', 'ka-b2b'),
('00088228-8d7b-4bcf-ab60-01141992477f', 'ka-b2b'),
('636e0dfa-69cf-4ac2-88d2-8ee89c9895a9', 'ka-b2b'),
('04c99253-d9c5-4a79-a215-996bf172e958', 'ka-b2b'),
('55f72c5f-a890-49fa-9af5-a3ae3fc87c19', 'ka-b2b'),
('6f216f6d-dc92-4db9-9edb-debfcf47c6bc', 'ka-b2b'),
('835e61b2-ba4b-4d35-8ff0-322a911a2246', 'ka-b2b'),
('63e3fc71-3d42-42b9-861b-368183edf87a', 'ka-b2b'),
('cea68c15-d895-44a9-a022-8b47c104d0ff', 'ka-b2b'),
('828ae947-b9b3-4825-8592-1d15580fd778', 'ka-b2b'),
('fa545bb4-3de4-47f8-a02b-c21815651c92', 'ka-b2b'),
('c6429bb2-2eb3-4ffd-bfb8-f323a2c5c044', 'ka-b2b'),
('e3799d6e-8308-4c1c-bfa4-2d3e893dc1c5', 'ka-b2b'),
('e8979a72-0995-4b7e-a37d-4f1fe07802e2', 'ka-b2b'),
('86de63c1-f102-4552-b984-f3b43e27f594', 'ka-b2b'),
('bbeb805d-c959-48f8-b2eb-3fb837b6a8f4', 'ka-b2b'),
('916601dc-1cab-4284-bfad-f3afe91c00c5', 'ka-b2b'),
('e9a9fb8a-1966-48f7-abcc-46bf8ef37dec', 'ka-b2b'),
('4dfc0a63-28b4-442b-be7c-0352ff9a3642', 'ka-b2b'),
('9354eb0d-0d37-4176-aaf6-6c9f6140d248', 'ka-b2b'),
('217efd57-a639-4001-9185-7f3c10dd94af', 'ka-b2b'),
('32191da3-337e-4f48-97b6-e952102d8335', 'ka-b2b'),
('a3b442fd-3638-45ce-a826-dbd5524cd22e', 'ka-b2b'),
('ccfc769e-afe6-4312-9496-571862e9d133', 'ka-b2b'),
('3273b40a-47a2-4c1c-9695-fc81e0a3f13d', 'ka-b2b'),
('fc243f31-b2b8-4403-a6b6-9fbd93ee21d3', 'ka-b2b'),
('bf8e3082-e3d2-4985-a939-8694d8a08fd1', 'ka-b2b'),
('6f20b888-5e37-4dcd-aae2-c1df3ebd1d68', 'ka-b2b'),
('cfd08cca-c616-4cfe-aff4-72a1810cbd5f', 'ka-b2b'),
('ca1da309-7c81-4daa-8522-ce555454818f', 'ka-b2b'),
('651cb1c9-2052-45c4-9194-8d7544392d9e', 'ka-b2b'),
('f8bb109f-4a26-4ba9-9008-a7fd260ecfef', 'ka-b2b'),
('36485ae4-bf3a-4735-9dfc-7dee128b516d', 'ka-b2b'),
('78a97209-3bca-49c7-af00-3cbf91f30280', 'ka-b2b'),
('7ea069b0-b0d9-40a2-84f7-1ac5338c220e', 'ka-b2b'),
('7025b06a-52af-4758-a8ee-144fc4054495', 'ka-b2b'),
('5bc22c0c-82c4-4097-84a9-95b083520956', 'ka-b2b'),
('f41160db-a9a6-42d9-ad27-86939b10f4e0', 'ka-b2b'),
('216843a8-68e1-498d-8795-9fbcbf5e927c', 'ka-b2b'),
('fc915cbd-d2b6-4c23-8791-ca7efbca17f7', 'ka-b2b'),
('f84e445f-141d-4dab-acc1-4cc113d9a5bb', 'ka-b2b'),
('6b0c7422-21b9-4746-81c0-d2f5a5518de1', 'ka-b2b'),
('4dd244e8-8c13-4997-b964-b3026ab7c763', 'ka-b2b'),
('6fe89e7d-b62e-4ed4-8cb3-14ffaee13d61', 'ka-b2b'),
('2ce3c5a0-6072-4485-b421-639486ccb8f9', 'ka-b2b'),
('b9de0b29-12dd-4e5e-9ca5-a87bdcf31abc', 'ka-b2b'),
('bdafaeb2-d039-4057-ad07-8578a7717531', 'ka-b2b'),
('f1042640-f808-47a6-a67d-63a6294c2b8b', 'ka-b2b'),
('2a00343c-bcee-44ff-8a99-3b1989e82f72', 'ka-b2b'),
('16e0a724-c1dd-4321-bc50-cb6d4d555f6d', 'ka-b2b'),
('27ce2cfe-fe7e-40f5-8247-a918e3a628bb', 'ka-b2b'),
('e0270d36-e910-49f1-b8bb-476a4b76ba03', 'ka-b2b'),
('2a733a77-c7b2-4129-96a8-7128b3199fe3', 'ka-b2b'),
('b29845a1-196c-4d53-b117-d9075328d07f', 'ka-b2b'),
('22981a75-4b0c-4ab4-b2b4-4a5f81125cec', 'ka-b2b'),
('7acf7fa5-ca2f-4f25-8350-6e4a64e404ea', 'ka-b2b'),
('14de2bad-a07b-4849-826c-6b84282eb720', 'ka-b2b'),
('ef5f18eb-22fb-469b-a348-77bdb08b2610', 'ka-b2b'),
('f1372eb1-58e2-4f3f-bfd8-ba15418661e1', 'ka-b2b'),
('d1313f7d-34d6-486b-b6bd-2fdc505d02bd', 'ka-b2b'),
('aa6494d1-45ef-4dbe-9fb8-ed964454a61b', 'ka-b2b'),
('c9c9807f-455c-4202-bc18-38506e16ea7d', 'ka-b2b'),
('84be2e60-4915-47fb-abc0-e0098350f65f', 'ka-b2b'),
('d579998d-3395-44d7-85a6-ac6c4305539e', 'ka-b2b'),
('ee6afdc2-36a4-475a-b231-d846c20a657a', 'ka-b2b'),
('328283ad-b184-4583-94aa-b5522a2a0a36', 'ka-b2b'),
('a5e80b47-09c0-40a9-91c6-72260576a264', 'ka-b2b'),
('459dcb1c-ea5f-4919-9a30-03d5c2e0c241', 'ka-b2b'),
('12ae66bc-50a9-4591-8d0b-667e4fc2e7c6', 'ka-b2b'),
('20990d4b-23a1-4b13-8ea6-d943056c94c1', 'ka-b2b'),
('e1156b72-2088-4699-89af-04b7188f652f', 'ka-b2b'),
('638e1526-eb14-4fcb-9bfb-6bdd3a533f9c', 'ka-b2b'),
('285d8f20-f922-43af-8f05-fc6914487b03', 'ka-b2b'),
('763bfc35-16b1-4649-b705-1f9812b41804', 'ka-b2b'),
('aee20bb7-7d91-45e5-a071-169a5672a109', 'ka-b2b'),
('ae949431-733d-4e2b-a78b-53e9da137e06', 'ka-b2b'),
('0d3e6d82-7afe-4933-abc7-3cbd7216987d', 'ka-b2b'),
('614df534-5da8-43fe-bc8a-8b4a1dbb15ef', 'ka-b2b'),
('7019542a-4b8d-440c-83bf-628508402757', 'ka-b2b'),
('d1039465-aedb-4232-9933-6edb0875891b', 'ka-b2b'),
('132c2996-02a1-4468-9eb0-b32f74fb859f', 'ka-b2b'),
('4b35ea21-dee7-4812-92bf-53c8354e6a8f', 'ka-b2b'),
('f8632295-fced-4db1-a10d-8b26764fe390', 'ka-b2b');
