-- Batch 453 (200 records)
INSERT INTO contacts (id, first_name, last_name, email, phone, company, address) VALUES
('5a33a66e-e05b-472c-a03b-4862dd71b41d', 'Pietro', 'Gallelli', 'pietro.gallelli@bluewin.ch', '079 420 36 91', 'U.S. Virtus Badolato', '8620 Wetzikon, Zürich'),
('c8e623d2-49bd-48cd-a29c-980acd80bea3', 'Urim', 'Miftari', 'info@uaschreiner.ch', '079 155 38 88', 'U+A Schreinermontagen GmbH', 'Hauptstrasse 116, 8215 Hallau, Schaffhausen'),
('3c80c2b8-9c6c-483c-8e49-aebaab66858c', 'Dieter', 'Ulshöfer', 'info@ulshoefer-architekten.ch', '044 711 18 58', 'U2 Ulshöfer AG Architekten', 'Leuengasse 60, 8142 Uitikon Waldegg, Zürich'),
('c1a2fcd9-8a72-43c8-995e-1b3f437ee9bc', 'Walter', 'Wenger', 'nachricht@uap.ch', '061 756 66 44', 'UAP Unabhängige Allfinanz Partner AG', 'Rüttelistrasse 18, 4416 Bubendorf, Basel-Land'),
('18207bf5-e645-449a-bf0d-26d4c904cb9b', 'Afrdita', 'Abdiu', 'info@ub-facility.ch', '031 918 00 68', 'UB Facility Services', 'Talgut-Zentrum 5, 3063 Ittigen, Bern'),
('14a44f6c-f5df-47ea-aa1b-d6c38d2735a6', 'Urs', 'Brunner', 'info@ub-schreinerei.ch', '055 244 54 72', 'ub Schreinerei Urs Brunner', 'Steinenbrugg 17, 8733 Eschenbach, St. Gallen'),
('05c24e41-45e9-42ed-a81e-4013d1441f62', 'Benedikt', 'Brönnimann', 'b.broennimann@umbauservice.ch', '079 741 20 04', 'UB Umbau-Service AG', 'Bethlehemstrasse 114, 3018 Bern, Bern'),
('d0734648-87e2-4337-98bf-d3825086a4db', 'Urs', 'Baumann', 'info@ubag-ing.ch', '043 888 15 70', 'Ubag Ingenieur & Planer AG', 'Weberrütistrasse 16, 8833 Samstagern, Zürich'),
('0cf48249-a654-488a-b226-c3b7a2428377', 'Vanessa', 'Ubaldo', 'contact@ubaldoalphamed.ch', '076 446 68 87', 'Ubaldo alphamed GmbH', 'Brüderhofweg 26, 8057 Zürich, Zürich'),
('fc5124c2-7ff3-40bf-8b55-3bc5643065a4', 'Thomas', 'Bornhauser', 't.bornhauser@ubbo.ch', '041 371 22 33', 'UBBO Unternehmensberatung Bornhauser', 'Ebnetstrasse 7, 6043 Adligenswil, Luzern'),
('d8a089e8-0fb1-4e99-ae0a-ff1df9c7a771', 'Ivan', 'Lang', 'info@coiffure-lang.ch', '061 361 85 45', 'ÜBER KURZ ODER LANG Coiffure Lang', 'Gundeldingerstrasse 311, 4053 Basel, Basel-Stadt'),
('b322d86a-6e51-40c6-b0f0-5df760b267f7', 'Mehran', 'Amini', 'office@ueberallumzug.ch', '031 333 13 87', 'Überall Umzug AG', 'Birkenweg 44, 3072 Ostermundigen, Bern'),
('a827f6ca-8f03-4131-87a0-672b3535a0d1', 'Markus', 'Meyer', 'ueberland-garage@bluewin.ch', '032 641 13 69', 'Überland-Garage M. Meyer GmbH', 'Bielstrasse 21, 2545 Selzach, Solothurn'),
('d97df1d6-5cb0-4470-9d69-b1cc37f8edbd', 'Raphael', 'Kull', 'r.kull@spectrumevent.ch', '079 729 84 47', 'Übersehbar Villmergen', 'Bachstrasse 48, 5612 Villmergen, Aargau'),
('d5fe128d-0b3e-44e6-bc6b-d89e36970688', 'Urs', 'Brülisauer', 'drehrestaurant@hoherkasten.ch', '071 799 11 17', 'UB-Gastro AG', 'Hoher Kasten 1, 9058 Brülisau, Appenzell Innerrhoden'),
('a4895449-6cd4-48b2-805a-ed4ff33e775c', 'Jörg', 'Grabinski', 'joerg.grabinski@ubit.ch', '052 242 78 56', 'UBit Schweiz AG', 'Garnmarkt 1, 8400 Winterthur, Zürich'),
('08b878d6-3735-4b56-ba34-fc4932d80084', 'Thomas', 'Seiler', 'info@u-blox.com', '044 722 74 44', 'u-blox AG', 'Zürcherstrasse 68, 8800 Thalwil, Zürich'),
('586101dd-fe9f-44b4-b46c-721f632a5849', 'Urs', 'Bernold', 'info@ub-office.ch', '071 677 30 80', 'UB-office AG', 'Gutenbergstrasse 4, 8280 Kreuzlingen, Thurgau'),
('bc4d5e10-408a-4eaa-aea8-00521516e1e9', 'Aleksandar', 'Ivanovic', 'aleksandar.ivanovic@ubs.com', '061 288 49 10', 'UBS Asset Management Switzerland AG', 'Bahnhofstrasse 45, 8001 Zürich, Zürich'),
('e42a8c33-2366-4983-8114-1afeb18da41a', 'Jakob', 'Spur', 'fund-management-services@ubs.com', '061 288 49 10', 'UBS Fund Management (Switzerland) AG', '4002 Basel, Basel-Stadt'),
('f6235939-6bf2-4dd4-b742-34176d8a3bca', 'Steven', 'Lowe', 'gruenenhof@zfv.ch', '044 234 50 71', 'UBS Restaurant Grünenhof', 'Nüschelerstrasse 9, 8001 Zürich, Zürich'),
('5bfe3966-8bdb-48af-8489-8fd128175a26', 'Sergio P.', 'Ermotti', 'mediarelations@ubs.com', '044 234 11 11', 'UBS Switzerland AG', 'Bahnhofstrasse 45, 8098 Zürich, Zürich'),
('faadce79-0118-4633-984e-36ba1ba9bb6b', 'Daniel', 'Christen', 'christen.daniel@ubv-immobilien.ch', '044 922 90 11', 'UBV Immobilien Treuhand AG', 'Seestrasse 97, 8707 Uetikon am See, Zürich'),
('b0538a6b-e8c6-4e07-819e-7a8c7fa8bc99', 'Michael', 'Lanz', 'm.lanz@ubv.ch', '044 396 85 85', 'UBV Lanz AG', 'Alte Landstrasse 128, 8702 Zollikon, Zürich'),
('74cac917-a994-47b7-9fb8-ed2c2e2c3225', 'Urs', 'Christen', 'info@ucoffice.ch', '052 301 07 07', 'UC Office', 'Sonnhalenstrasse 9, 8413 Neftenbach, Zürich'),
('cf4a03ee-4550-4ff9-8d09-c8ca4286c203', 'Michele', 'Fabrizio', 'michele.fabrizio@ucc-projects.ch', '052 551 25 01', 'UC&C Projects GmbH', 'Bahnhofstrasse 56, 8500 Frauenfeld, Thurgau'),
('4eced05f-6eec-4cc3-a31a-3c21a8fd6c57', 'Umut', 'Ucak', 'info@ucak-malerei.ch', '079 785 13 12', 'Ucak Malerei', 'Gärtnerstrasse 107, 4057 Basel, Basel-Stadt'),
('23a196d0-cde3-485e-bae4-eb91758a7ac8', 'Markus', 'Andres', 'informatik@ucc-coffee.ch', '031 550 54 20', 'UCC COFFEE SWITZERLAND AG', 'Bernstrasse 168, 3052 Zollikofen, Bern'),
('b525d19c-2cbe-43af-a56b-b51d944fa53f', 'Thi', 'Pham', 'info@uccswitzerland.com', 'N.a.', 'UCC Switzerland GmbH', 'Baarerstrasse 25, 6300 Zug, Zug'),
('b3f1f0fc-2dd9-4d3a-ba53-b8c612fb9bcc', 'Ulrich', 'Mosch', 'info@ucm-ag.com', '071 886 67 60', 'UCM AG', 'Langenhagstrasse 25, 9424 Rheineck, St. Gallen'),
('7a24c05b-4455-4462-959c-7fc80b03542f', 'Reto', 'Nägeli', 'info@ucw-elektro.ch', '044 817 34 08', 'Ucw Elektro AG', 'Riedackerstrasse 19, 8153 Rümlang, Zürich'),
('2322adbc-3442-497f-9e51-65889a496e72', 'Ulrich', 'Küng-Müller', 'info@udm-regreen.ch', '052 740 30 42', 'UDM-regreen gmbh', 'Oberschlatthof 1, 8259 Kaltenbach, Thurgau'),
('684cb7bc-3b6c-4224-9eb1-854b2d6bfc88', 'Thorsten', 'Louis', 'service@udobaer.ch', '041 768 91 91', 'Udo Bär & Partner AG', 'Mühlegasse 36, 6340 Baar, Zug'),
('a795061e-d92e-4b83-b252-156906004725', 'Gian', 'Udvardi', 'gian@udvardi-gartenbau.ch', '079 821 61 36', 'Udvardi Gartenbau', 'Allenwindenstrasse 10, 6004 Luzern, Luzern'),
('3a1e5ebf-8fd4-4f09-971f-9083027dd416', 'Corinne', 'Uebelhart', 'uw@uebelharttreuhand.ch', '032 625 82 82', 'Uebelhart Treuhand GmbH', 'Segetzstrasse 3, 4502 Solothurn, Solothurn'),
('b5b0cf4a-dd4e-47f4-9564-e75e507e12a1', 'Luzius', 'Überschlag', 'lu@ueberdent.ch', '041 761 81 81', 'Ueberdent', 'Zugerstrasse 76b, 6340 Baar, Zug'),
('95f1cfbe-5078-4185-96a6-9a41ece952e6', 'Christoph', 'Steiner', 'sanitaer-uebersax@besonet.ch', '062 961 14 34', 'Uebersax + Partner Haustechnik AG', 'Hegenrain 11, 3366 Bettenhausen, Bern'),
('515bfb85-4299-4a64-bc7f-587f0a763bd3', 'Samuel', 'Uebersax', 'hi@uebersaxsamuel.ch', 'N.a.', 'Uebersax Design GmbH c/o Samuel Uebersax', 'Luegislandstrasse 597, 8051 Zürich, Zürich'),
('519e8734-db90-4c57-ae7d-d6dc5c58f7f9', 'Jürg', 'Uebigau', 'info@uebigau.ch', '052 720 27 02', 'Uebigau Gartenbau', 'Unterfeldstrasse 16, 8500 Frauenfeld, Thurgau'),
('98d43d2b-16b3-415a-85a1-b55c61b304ff', 'Jonas', 'Schafer', 'info@uechtland.com', '079 402 55 56', 'Üechtland Käse GmbH', 'Obere Mühle 27, 3213 Liebistorf, Fribourg/Freiburg'),
('4654ddd0-b56d-4065-a7d9-eaec504a8e9b', 'Thomas', 'Uehlinger', 'info@uehlingerimmo.ch', '081 384 18 18', 'Uehlinger Alpine Living AG', 'Voa Principala 43, 7078 Lenzerheide, Graubünden'),
('f0d6164d-7193-442b-aa80-08485a7f642e', 'Martin', 'Uehlinger', 'uehlinger-holzbau@hotmail.com', '052 685 50 44', 'Uehlinger Holzbau KLG', 'Rogackerweg 7, 8225 Siblingen, Schaffhausen'),
('e80eb51f-e9c2-47c0-8783-25510bddcb28', 'Ueli', 'Baumann', 'baumann@atelierimpark.ch', '061 205 55 02', 'Ueli Baumann Architekturbüro', 'Angensteinerstrasse 32, 4052 Basel, Basel-Stadt'),
('1965735e-3c5b-40a6-ba5b-e84eb4511f68', 'Ulrich', 'Büschlen', 'info@büschlen-kanalreinigung.ch', '079 432 75 82', 'Ueli Büschlen Allroundservice', 'Parallelstrasse 72, 3714 Frutigen, Bern'),
('f22a632e-c783-4f0c-bb3f-b543900db523', 'Kim Oliver', 'Kaufmann', 'info@udp.ch', '032 675 60 01', 'Ueli der Pächter GmbH', 'Hauptstrasse 66, 4566 Kriegstetten, Solothurn'),
('1f9c324f-1b44-4a5d-9ab1-bcb62735e73a', 'Ueli', 'Fässler', 'ueli@dae-gaertner.ch', '079 463 83 82', 'Ueli Fässler dä Gärtner', 'Rossbergstrasse 50, 8834 Schindellegi, Schwyz'),
('32ec3abc-4a55-471d-9005-d161c5f0b05f', 'Ueli', 'Geiger', 'info@architekt-geiger.ch', '079 667 38 42', 'Ueli Geiger Architekturbüro', 'Höhenstrasse 2, 8810 Horgen, Zürich'),
('d85d4dbc-0187-4775-a967-6b1ac57474bd', 'Ueli', 'Hartmann-Rominger', 'info@hartmann-haustechnik.ch', '081 332 26 52', 'Ueli Hartmann-Rominger Heizung- und Sanitärinstallationen', 'Hochegg 4, 7233 Jenaz, Graubünden'),
('3c8a9e90-7843-43ef-9dea-9f9f7d1f5b3c', 'Nino', 'Kunfermann', 'info@ueliholz.ch', '079 610 31 71', 'Ueli Holz AG', 'Italienische Strasse 127, 7408 Cazis, Graubünden'),
('0a5777c0-1f73-4194-a684-4009c5dcc57e', 'Ueli', 'Nietlispach', 'nietlispach.u@bluewin.ch', '079 349 13 85', 'Ueli Nietlispach Schreinerei', 'Rüeterswilerstrasse 2, 8735 St. Gallen, St. Gallen'),
('1d5938cd-513f-4709-9faa-50b412d591e9', 'Ulrich', 'Riget', 'riget@riget-holzbau.ch', '052 368 68 68', 'Ueli Riget, Holzbau', 'Florastrasse 3, 8353 Elgg, Zürich'),
('205569b2-8903-4bec-b0cd-4bccb86bc70d', 'Ueli', 'Scherrer', 'info@holz-werke.ch', '079 681 75 84', 'Ueli Scherrer Holz-Werke.ch GmbH', 'Neufeldstrasse 7a, 9533 Kirchberg, St. Gallen'),
('dec42d07-e4b5-47d5-b1e3-7b8b7314eaaf', 'Ueli', 'Wehrli', 'ueli.wehrli@sunrise.ch', '079 440 84 94', 'Ueli Wehrli Schreinerei GmbH', 'Winkelstrasse 12, 7247 Saas im Prättigau, Graubünden'),
('a9765e27-f794-4dd4-993d-31e1e33997fc', 'Martin', 'Schmitz', 'm.schmitz@uelihof.ch', '041 911 22 24', 'Ueli-Hof AG', 'Industriestrasse 1, 6030 Ebikon, Luzern'),
('06cd5552-b727-4390-936e-96b246022d20', 'Anne', 'Meier', 'anne@uelis-stoeckli.ch', '076 339 03 79', 'Uelis Stöckli', 'Moosgasse 8, 3045 Meikirch, Bern'),
('55ebc352-bc1a-4b1b-9754-5239ac2c5367', 'Erich', 'Stark', 'contact@uetikermuseum.ch', '043 843 59 31', 'Uetiker Museum', 'Bergstrasse 109, 8707 Uetikon am See, Zürich'),
('72145e1d-e7a7-48a3-aa33-894c06fb2b40', 'Paul', 'Steiner', 'marketing@ufa.ch', '058 434 11 00', 'UFA AG', 'Byfangstrasse 7, 3360 Herzogenbuchsee, Bern'),
('7376ab66-0199-4129-b484-111fd8263f05', 'Martin', 'Knauf', 'service@ufag-laboratorien.ch', '058 434 42 00', 'UFAG Laboratorien AG', 'Kornfeldstrasse 4, 6210 Sursee, Luzern'),
('8c0435ec-f492-41d6-8312-2360a89f2d41', 'Willy', 'Walker', 'willy.walker@ufamed.ch', '058 434 46 00', 'ufamed AG', 'Kornfeldstrasse 2, 6210 Sursee, Luzern'),
('28dcba2c-47d7-4e98-8fcc-93482a4284ec', 'Markus', 'Röösli', 'markus.roeoesli@ufarevue.ch', '058 433 65 33', 'UFA-Revue', 'Theaterstrasse 15a, 8401 Winterthur, Zürich'),
('1c173d1d-3526-4a31-b747-3b898f7e71ec', 'Ralf', 'Flore', 'info@ucp.ch', '044 482 66 66', 'Ufenau Capital Partners AG', 'Huobstrasse 3, 8808 Pfäffikon, Schwyz'),
('b4425456-1d7d-4a9f-824d-a1a482f2c52d', 'Claudio', 'Fernando', 'info@uferlos-brugg.ch', '079 205 59 68', 'Uferlos Bar Brugg', 'Kanalstrasse 20, 5200 Brugg, Aargau'),
('5994d7be-e378-4514-911d-6a9444ffe9c9', 'Enrico', 'Uffer', 'enrico.uffer@uffer.swiss', '081 660 30 00', 'Uffer AG', 'Veia Padnal 1, 7460 Savognin, Graubünden'),
('ba906191-4e6b-4e59-a9e2-9e6f38391606', 'Roman Markus', 'Meili', 'info@u-flex.swiss', '052 742 89 20', 'u-Flex GmbH', 'Sonnenstrasse 408, 8262 Ramsen, Schaffhausen'),
('739e76c9-b38f-4ffa-a357-fa0c886038b0', 'Frank Roland', 'Heisler', 'info@ufp.finance', '076 454 20 18', 'UFP GmbH', 'Rathausstrasse 14, 6340 Baar, Zug'),
('11e95e3a-0f82-4a7c-b144-151d76a5d2be', 'Peter', 'Blatter', 'peter.blatter@ufsag.ch', '044 389 25 25', 'UFS Insurance Broker AG', 'Tödistrasse 48, 8810 Horgen, Zürich'),
('9a4965a4-4074-4865-ba03-2ba822272fe0', 'Peter', 'Mosimann', 'p.mosimann@ufwaerts-aaretal.ch', '031 722 83 10', 'Ufwärts GmbH', 'Im Luchli 1, 3110 Münsingen, Bern'),
('5674967f-6691-4e58-8140-c9761149ed3c', 'Armin', 'Feltscher', 'fe@ughini.ch', '081 650 03 00', 'Ughini Metallbau AG', 'Italienische Strasse 33, 7408 Cazis, Graubünden'),
('75a80299-63d9-4ecd-952b-efff9b728e99', 'Caroline Annie', 'Schneidewind', 'info@u-guet.ch', '079 537 78 56', 'U-guet GmbH', 'Unterdorf 5, 8235 Lohn, Schaffhausen'),
('96474129-91cc-42c1-bb1b-3a5cc32a8337', 'Urs', 'Hirsiger', 'info@uhiprint.ch', '062 754 02 22', 'Uhiprint Pfaffnau Urs Hirsiger', 'Hurtweg 1, 6264 Pfaffnau, Luzern'),
('eed38206-9044-4056-abe4-dca1daff5486', 'Roland', 'Uhlig', 'garage@uhlig.ch', '044 867 38 66', 'Uhlig AG', 'Aarütistrasse 4, 8192 Glattfelden, Zürich'),
('28dfe730-ffaf-455d-8c01-79b499c8ab1b', 'Christoph', 'Uhlmann', 'mail@gup-ht.ch', '031 991 97 57', 'Uhlmann & Partner GmbH', 'Morgenstrasse 131b, 3018 Bern, Bern'),
('7e91266e-493e-47ae-bf26-ea963dfcc338', 'Stephan Sten', 'Frey', 'team@uhoo.ch', '079 357 89 13', 'Uhoo AG', 'Badenerstrasse 120, 8004 Zürich, Zürich'),
('01557396-aba5-44f0-84a1-3b00da12404f', 'Bernhard', 'Uhr', 'verkauf@up-immo.ch', '079 652 19 27', 'Uhr & Partner Immobilien AG', 'Gewerbestrasse 11, 3053 Lätti, Bern'),
('27f6fa78-f8c4-4991-965d-2cb03e9670ae', 'Roland', 'Hohl', 'info@uhrban.ch', '043 539 53 79', 'Uhrban GmbH', 'Albisriederstrasse 416, 8047 Zürich, Zürich'),
('af83ae12-f86a-4ab0-9c64-47d508aa49a3', 'Brigitte', 'Vinzens', 'uhrenmuseum@win.ch', '052 267 51 36', 'Uhrenmuseum Winterthur', 'Kirchplatz 14, 8400 Winterthur, Zürich'),
('ca904eb5-4b0a-4a86-8c89-f9041273e0e3', 'Reto', 'Brunschwiler', 'info@uhrenshop24.ch', '071 290 04 56', 'Uhrenshop24.ch', 'Eichenstrasse 12a, 9300 Wittenbach, St. Gallen'),
('e5e83177-210f-4e3e-941a-345d9fd63b31', 'Andreas', 'Strehler', 'info@uhrteil.ch', '071 966 11 88', 'UhrTeil AG', 'Standbachstrasse 26, 8370 Sirnach, Thurgau'),
('b42ccff3-dba7-4737-b9c3-52510f25bf6f', 'Annika', 'Hug', 'mail@uhrwerk2.ch', '071 460 21 05', 'Uhrwerk 2 GmbH', 'Seetalstrasse 4, 8593 Kesswil, Thurgau'),
('d6def9b4-e2f7-44c4-a9d4-0aa29b513810', 'Matthäus', 'Friedli', 'service@uhrwerkstatt.ch', '078 215 59 61', 'Uhrwerkstatt Friedli GmbH', 'Riedholzplatz 24, 4500 Solothurn, Solothurn'),
('8cdd5203-c505-4c6a-9c80-d908cbe87586', 'Ramona', 'Künzle', 'info@uhu-waengi.ch', '052 378 29 10', 'UHU Druck & Medien GmbH', 'Wilerstrasse 3, 9545 Wängi, Thurgau'),
('5b2e6759-c7dc-4737-b9d1-95f6eb447188', 'Michele', 'Corrieri', 'mail@uiker.ch', '0848 800 840', 'UIKER Antriebstechnik AG', 'Schwerzistrasse 30, 8807 Freienbach, Schwyz'),
('4c84dbf0-43d2-4c34-9bef-34e9b83182ae', 'Karin', 'Keil', 'info@ukuvaiafrica.ch', '044 942 10 52', 'Ukuva I Africa', 'Rebackerweg 26, 8305 Dietlikon, Zürich'),
('f3e02460-9e94-4abc-9e41-9db634b98706', 'Jakob', 'Engel', 'jakob.engel@ulagaweiss.ch', '061 260 10 57', 'Ulaga Weiss AG', 'Hutgasse 1, 4001 Basel, Basel-Stadt'),
('5984d424-2dd5-4fe5-be13-8c0433e92218', 'Markus', 'Scheidegger', 'info@uldry.ch', '031 909 19 19', 'Uldry AG', 'Dorfstrasse 23, 3032 Hinterkappelen, Bern'),
('a02c3bc9-3f87-401d-a7d6-962a9b6ab19b', 'Daniela', 'Guardia-Lippuner', 'info@ulippuner.ch', '081 723 02 25', 'Uli Lippuner AG', 'Ragazerstrasse 29, 7320 Sargans, St. Gallen'),
('d88b7cb4-979f-4122-a2c6-47f7ca34b8ef', 'Daniel', 'Ulli', 'daniel.ulli@ullipartner.ch', '061 683 31 31', 'Ulli + Partner Architekten GmbH', 'Burgstrasse 128, 4125 Riehen, Basel-Stadt'),
('17f91a68-5d3d-4dc6-9375-e14256acb1f7', 'Beat', 'Ullmann', 'info@ullmann-gartenbau.ch', '071 841 72 76', 'Ullmann Gartenbau AG', 'Feldstrasse 9, 9326 Horn, Thurgau'),
('0a36f269-7855-4a26-85ac-7c8876d8905a', 'Brian', 'Wilson', 'brian@ullrbier.ch', 'N.a.', 'Ullr Brewing GmbH', 'Sonnenrainweg 8, 8824 Schönenberg, Zürich'),
('4f2d015b-241f-4d8f-bce4-334a8bbcf03a', 'Eugen', 'Kazimi', 'info@ulma-dent.ch', '044 350 12 82', 'UlmaDent GmbH', 'Hochstrasse 28, 8044 Zürich, Zürich'),
('783710ed-d7d2-4ea5-8525-aae4a765a6bd', 'Sepp', 'Ulmann', 'info@ulmann-ag.ch', '071 626 55 70', 'Ulmann AG', 'Lagerstrasse 15, 8570 Weinfelden, Thurgau'),
('9a2f5a75-a818-4c13-acbd-55659443e3d7', 'Bruno', 'Ulmann', 'ulmann@oberhaenslibau.ch', '079 464 85 86', 'Ulmann Betonbearbeitung AG', 'Ebnaterstrasse 130, 9630 Wattwil, St. Gallen'),
('bd1da7a4-344d-4921-8475-f0f7ce4fd0b5', 'Adrian', 'Kunz', 'a.kunz@ulmannkunz.ch', '061 312 97 31', 'Ulmann Kunz Bauingeneure AG', 'Engelgasse 83a, 4052 Basel, Basel-Stadt'),
('6f193fac-bed8-4216-98fc-fe66ea9b4787', 'Markus', 'Ulmann', 'info@feuerungen-ulmann.ch', '071 787 45 53', 'Ulmann Markus Feuerungen GmbH', 'Rinkenbach 46, 9050 Appenzell, Appenzell Innerrhoden'),
('560d6e27-14f3-406f-ab07-c6fad6521768', 'Heinz', 'Ulmer', 'info@ulmerledergerber.ch', '052 630 05 63', 'Ulmer Lederberger Architekten AG', 'Freier Platz 3, 8200 Schaffhausen, Schaffhausen'),
('8f729c0c-ff4b-406a-a638-7a1fa485b5f2', 'Stephan', 'Wildi', 'info@formundholz.ch', '062 777 67 77', 'Ulmi Form & Holz GmbH', 'Egliswilerstrasse 27, 5707 Seengen, Aargau'),
('b04b2186-7cd2-4b72-8621-bafb9f6d1326', 'André', 'Ulrich', 'a.ulrich@ulrichhefti.ch', '041 671 08 11', 'Ulrich + Hefti AG', 'Industriestrasse 16, 6055 Alpnach, Obwalden'),
('1100f402-00c5-4a36-a9c3-a2cff1a2864a', 'Martin', 'Koller', 'martin.koller@ulrich-swiss.ch', '071 314 62 62', 'Ulrich AG', 'Mövenstrasse 12, 9015 St. Gallen, St. Gallen'),
('46e46918-1bfa-4e5a-85b4-0600f20b7b80', 'Reto', 'Ulrich', 'reto.ulrich@ulrich.ch', '055 418 74 18', 'Ulrich Architektur & Immobilien AG', 'Schafmattstrasse 4, 8841 Gross, Schwyz'),
('76c9f5c6-3f76-4ebb-986d-ed2a88f7925b', 'Patrick', 'Ulrich', 'info@ulrich-automobile.ch', '031 782 08 81', 'Ulrich Automobile Wichtrach GmbH', 'Dorfplatz 3, 3114 Wichtrach, Bern'),
('e0350bc0-5b4f-4e15-9bcb-012ed7429959', 'Ulrich', 'Briggen', 'info@briggen-gartenservice.ch', '061 941 17 89', 'Ulrich Briggen Gartenservice AG', 'Oberbiel 38, 4418 Reigoldswil, Basel-Land'),
('c7c2dcf8-9997-443f-ade3-c04a65493f7e', 'Karl', 'Ulrich', 'info@ulrich-elektrik.ch', '041 850 69 69', 'Ulrich Elektrik GmbH', 'Chlösterlistrasse 57, 6403 Küssnacht am Rigi, Schwyz'),
('813d7a86-d340-44e2-ab95-a8ef3e54a6fb', 'Shaip', 'Murina', 'shaip.murina@fueglistaler.ch', '044 710 88 44', 'Ulrich Füglistaler AG', 'Austrasse 37, 8134 Adliswil, Zürich'),
('44e58972-beeb-4ab0-8b2d-fa27a99dbfc9', 'Matthias', 'Ulrich', 'matthias@ulrichgartenbau.ch', '079 678 00 02', 'Ulrich Gartenbau AG', 'Haltikon 18, 6403 Küssnacht am Rigi, Schwyz'),
('71ffb350-8290-4be7-aaf0-474cdde06e1d', 'Stefan', 'Ulrich', 'ulrich@heizungsbedarf.ch', '052 659 25 29', 'Ulrich Heizungsbedarf AG', 'Buechbrunnenstrasse 8, 8447 Dachsen, Zürich'),
('8406758b-f03c-471b-b1de-88b40db102bd', 'Daniel', 'Ulrich', 'info@ulrich-innenausbau.ch', '052 745 16 50', 'Ulrich Innenausbau', 'Unterdorf 12, 8476 Unterstammheim, Zürich'),
('9f5139f4-6a8d-4137-8caf-6b84d938ced2', 'Richard', 'Ulrich', 'info@ulrichkeramik.ch', '079 607 04 47', 'ULRICH KERAMIK', 'Schornenweg 9, 6422 Steinen, Schwyz'),
('e9854df4-4028-4fe2-954e-67b43538c761', 'Ulrich', 'Kormann', 'u.n.kormann@gmail.com', '034 437 19 25', 'Ulrich Kormann', 'Bahnhofstrasse 8, 3457 Wasen im Emmental, Bern'),
('8c039eb2-dead-4e5f-825d-81cc8271966a', 'Marc', 'Pulver', 'info@pulver-haustechnik.ch', '031 380 86 86', 'Ulrich Pulver AG', 'Gartenstadtstrasse 4, 3098 Köniz, Bern'),
('e392bddd-3343-4df4-841d-d1d9fbc5c4b3', 'Thomas', 'Raschle', 'th.raschle@ulrich-raschle.ch', '071 655 12 31', 'Ulrich Raschle AG', 'Weingarten 3, 9504 Friltschen, Thurgau'),
('ef9be5af-b2d5-4367-877a-64c62aedb181', 'Antonio', 'De Sorbo', 'desorbo@rettenmundag.ch', '031 331 06 05', 'Ulrich Rettenmund AG', 'Waffenweg 5, 3014 Bern, Bern'),
('2bf5de72-70cb-47db-af58-ede9975da4d5', 'Ulrich', 'Staub', 'ulrich.staub@treuhandstaub.ch', '062 961 46 17', 'Ulrich Staub Buchhaltungs- und Treuhandbüro AG', 'Weingartenstrasse 3, 3367 Thörigen, Bern'),
('d67feef0-acfb-454f-8514-ad10358198f5', 'Werner', 'Ulrich', 'info@ulrichtreuhand.ch', '041 769 77 77', 'Ulrich Treuhand AG', 'Baarerstrasse 110a, 6302 Zug, Zug'),
('69d3396e-4746-4a3c-90e8-085fd683ea4f', 'Ulrika', 'Räber', 'ulrika.raeber@bluewin.ch', '062 844 37 44', 'Ulrika Räber', 'Kapellenweg 13, 5015 Erlinsbach, Solothurn'),
('7484cef4-929f-410c-bb61-9b70e9d2ca1b', 'Ulrike', 'Fellner', 'hello@ulrikefellner.com', '079 108 08 30', 'ULRIKE FELLNER Interior Design Styling', 'Holzgasse 6, 8001 Zürich, Zürich'),
('ff1c28f9-4be1-4384-892d-a62c6bc546d7', 'Frank', 'Ulsamer', 'ulsamer@innobase.ch', '079 309 63 18', 'ULSAMER INNOBASE', 'Tannerstrasse 32, 9445 Rebstein, St. Gallen'),
('78980547-388c-4fbc-a540-93a658e16c64', 'Simon', 'Le Cossec', 'info@ultimamanagement.com', '022 779 33 33', 'Ultima Gstaad Resort', 'Gsteigstrasse 70, 3780 Gstaad, Bern'),
('52b976d8-42e6-47bf-9d88-3e0f3602e5f6', 'Roger', 'Büchi', 'info@ultimativo.ch', '044 500 38 20', 'Ultimativo Consulting GmbH', 'Schärenmoosstrasse 77, 8052 Zürich, Zürich'),
('47ac1f17-5894-4542-93d3-bb261291dd34', 'Markus', 'Rüegg', 'info@promoshirt.ch', '071 977 21 18', 'Ultra Marine GmbH', 'Hulfteggstrasse 5, 9534 Gähwil, St. Gallen'),
('f5e82932-1734-43b2-b2ad-791b6ce95379', 'Thomas', 'Knopf', 't.knopf@u-b.ch', '061 639 72 00', 'ULTRA-BRAG AG', '4019 Basel, Basel-Stadt'),
('731ac158-b37a-4f8e-829a-96840783468a', 'Hans-Martin', 'Kessler', 'info@ultramatic.ch', '052 242 85 27', 'ULTRAMATIC AG', 'Hintermühlenstrasse 6, 8409 Winterthur, Zürich'),
('b322af23-fa2b-4b83-9cb5-def80d5c55f4', 'Marcel', 'Härtlein', 'info@ultrasun.ch', '044 946 10 00', 'Ultrasun AG', 'Grubenstrasse 18, 8045 Zürich, Zürich'),
('04232f1d-6291-448e-a76e-6dc15194c94f', 'Phillipe', 'Tschan', 'p.tschan@umundbau.ch', '034 445 53 35', 'Um&Bau GmbH', 'Freiburgstrasse 420, 3018 Bern, Bern'),
('005410ad-f2d9-46f4-a911-6869f79c270e', 'Denis', 'Weinberg', 'denis@eat-umami.ch', '043 543 24 14', 'UMAMI AG', 'Badenerstrasse 569, 8048 Zürich, Zürich'),
('a4b9435e-5fc2-41e8-8d69-a002e5a29f95', 'Ben', 'Espinosa', 'ben.espinosa@umano.ch', '079 688 00 23', 'Umano AG', 'Dienerstrasse 12, 8004 Zürich, Zürich'),
('027b76f2-edff-4113-8c3b-02a81f760f05', 'Martin', 'Gartmann', 'martin.gartmann@umb.ch', '058 510 12 15', 'UMB AG', 'Hinterbergstrasse 19, 6330 Cham, Zug'),
('2464ad03-1156-491f-8c7c-48083fc11194', 'Christoph', 'Bösel', 'info@umbau-zuerich.ch', '044 444 50 05', 'Umbau Zürich', 'Zentralstrasse 26, 8604 Volketswil, Zürich'),
('615e4381-1805-47ef-bb0a-87c913c5ad48', 'Hansueli', 'Zaugg', 'info@um-bau.ch', '079 731 37 94', 'Um-bau.ch GmbH', 'Dorfstrasse 11a, 3073 Gümligen, Bern'),
('13728fb7-2d39-4d59-9305-cc525eed01e9', 'Werner', 'Meier', 'info@umbaupartner.ch', '071 565 15 17', 'UmBauPartner Architektur GmbH', 'Toggenburgerstrasse 20, 9500 Wil, St. Gallen'),
('3d1aae6b-2ebc-4590-a82a-a368186714ae', 'Roland', 'Oberholzer', 'info@umbauvisionen.ch', '071 433 15 15', 'Umbauvisionen GmbH', 'Hinterchirchstrasse 1, 9304 Bernhardzell, St. Gallen'),
('f4a0be6e-e8b8-43f4-b369-fda055630c5b', 'Ruedi', 'Umberg', 'ruedi.umberg@umberg-treuhand.ch', '055 640 66 04', 'Umberg Treuhand AG', 'Zwinglistrasse 6, 8750 Glarus, Glarus'),
('6790e060-ff32-4aa9-9e18-818307f84338', 'Peter', 'Trachsel', 'pt@umbra.ch', '031 944 10 04', 'Umbra Architektur Genossenschaft', 'Merzenacker 81a, 3006 Bern, Bern'),
('fb815064-af14-41ab-99ce-a29854112dcd', 'Marcus', 'Canclini', 'umbrail-garage@bluewin.ch', '081 858 51 31', 'Umbrail Garage GmbH', 'Do Fuschina 102, 7536 Sta. Maria Val Müstair, Graubünden'),
('754a6ba4-37f6-428e-8469-628a80a96ba0', 'Yann Artur', 'Güttinger', 'hello@golfimport.ch', '044 515 39 39', 'Umbrail Golf Import AG', 'St. Pelagibergstrasse 32a, 9205 Waldkirch, St. Gallen'),
('2d2a96e7-e775-48a4-924c-ff26598b2c3f', 'Richard', 'Umbricht', 'info@apero-trailer.ch', '078 722 34 24', 'Umbricht Apero-Trailer', 'Im Rüteli 3, 5405 Dättwil, Aargau'),
('2cee5757-52d9-4e79-863a-af8b432d3136', 'Raphael', 'Umbricht', 'umbricht.raphael@gmx.ch', '078 860 10 17', 'Umbricht Garten GmbH', 'Flurstrasse 25, 4573 Lohn-Ammannsegg, Solothurn'),
('233fe4ca-e311-41f4-b06d-8aadb32ef9b6', 'Markus', 'Müller', 'info@umcor.ch', '043 960 79 79', 'Umcor AG', 'Steinstrasse 21, 8003 Zürich, Zürich'),
('deb20bb0-98cd-47b6-b74f-f6fb3dc72c49', 'Manfred', 'Nef', 'manfred.nef@bluewin.ch', '079 217 94 47', 'Umgebungsarbeiten Nef', 'Kronenstrasse 2, 9472 Grabs, St. Gallen'),
('dace2d2d-4aaa-4dba-9731-3e42a1a99ccf', 'Brigitte', 'Nyffenegger', 'mail@umland.ch', '043 818 22 40', 'Umland GmbH', 'Feldstrasse 133, 8004 Zürich, Zürich'),
('029085e4-ffab-4304-bf55-81760a2aba78', 'Manuel', 'Sturzenegger', 'info@umraum.com', '071 622 42 42', 'Umraum Landschaftsarchitektur GmbH', 'Weststrasse 51, 8570 Weinfelden, Thurgau'),
('e98ecd82-375b-41fd-bbfe-f0d958f46cad', 'Werner', 'Odermatt', 'info@umso.ch', '041 620 64 78', 'UMSO Consulting GmbH', 'Herrenhofweg 12, 6374 Buochs, Nidwalden'),
('7b35152e-d37d-47c8-8256-8da3b45d0bad', 'Tonia', 'Zimmermann', 'hello@umushroom.com', 'N.a.', 'UMushroom AG', 'Josefstrasse 206, 8005 Zürich, Zürich'),
('b2536c98-c47b-461d-a725-889f783d371a', 'Sabah', 'Nerwey', 'sabah.nerwey@gmail.com', '078 608 06 48', 'Umzug Clean', 'Spinnereistrasse 2, 9472 Grabs, St. Gallen'),
('407fb7a6-ac33-468d-a8c4-027c6e86fef4', 'Diana', 'Al Ribet', 'info@umzugprofis.ch', '078 720 80 05', 'Umzug Profis', 'Bahnhofstrasse 57, 5000 Aarau, Aargau'),
('7ad9cb35-0b66-4f69-9902-50702be43f83', 'Burim', 'Shala', 'info@umzugshaus.ch', '056 426 90 90', 'UmzugsHaus & Reinigungen GmbH', 'Landstrasse 2, 5436 Würenlos, Aargau'),
('fe9141f2-80e6-4fc6-aa35-6a741f48c339', 'Andrea', 'Benz', 'andrea.benz@unaconsulting.ch', '041 850 06 01', 'una consulting gmbh', 'Hochrütihalde 8, 6045 Meggen, Luzern'),
('05c8c3c5-9877-46a1-9bb5-8f433e0ac055', 'Mujesir', 'Duric', 'info@unapm.ch', '076 422 41 35', 'UNA Planung und Montage GmbH', 'Zürcherstrasse 4, 8956 Killwangen, Aargau'),
('210bc9f7-306e-4e74-864b-c42ab14d3d14', 'Antonela', 'Skoro', 'info@unaswissmedical.ch', '044 557 57 59', 'Una Swiss Medical Spitex', 'Steinwiesstrasse 4, 8032 Zürich, Zürich'),
('60c1937f-7da5-41f9-9408-2b2bb0b3048d', 'Luca', 'Zerbini', 'luca@unaterra.vc', '078 723 33 70', 'Una Terra Venture Studio AG', 'Weinmanngasse 33, 8700 Küsnacht, Zürich'),
('92315bd6-920e-430d-8f78-f1e7744a2ccf', 'Kate', 'Isler', 'contact@unaidea.ch', '079 408 19 28', 'UNA Werbeagentur AG', 'Birmannsgasse 12b, 4055 Basel, Basel-Stadt'),
('2cbe277e-aea5-4162-95ca-ecbb7be2e718', 'Marco', 'Zörner', 'info@ufsz.ch', '041 819 02 82', 'Unabhängige Freizügigkeitsstiftung Schwyz', 'Herrengasse 23, 6431 Schwyz, Schwyz'),
('f96ba414-807d-41d6-85f3-54209908920a', 'Sandra', 'Fiorentino', 'sandra.fiorentino@walser.ch', '044 724 50 45', 'Unabhängige Gemeinschaftsstiftung Zürich UGZ', 'Moosstrasse 2a, 8803 Rüschlikon, Zürich'),
('b835303e-91aa-4b4d-a1a2-6bd5e3c3dde0', 'Ralph Alan', 'Müller', 'mail@unarc.ch', '043 960 02 60', 'Unarc GmbH', 'Werdstrasse 127, 8003 Zürich, Zürich'),
('a5b8e779-d919-4a4f-8283-7742e4b96804', 'Bruno', 'Füchslin', 'info@unasolar.ch', '055 422 06 90', 'Unasolar AG', 'Im Feld 19, 8840 Einsiedeln, Schwyz'),
('e7ae286c-5bed-4ace-8c0e-f74e6b5fd922', 'Luc', 'Haldimann', 'info@unblu.com', '061 511 11 50', 'unblu inc.', 'Centralbahnplatz 10, 4051 Basel, Basel-Stadt'),
('cb88cf8e-c6df-4f93-9615-a124078d0442', 'Philipp', 'Hübner', 'welcome@unboundnation.io', 'N.a.', 'Unbound Nation AG', 'Baarerstrasse 10, 6300 Zug, Zug'),
('e9049735-a9b0-4899-a158-aa3f9525d4d7', 'David', 'Taylor', 'info@unbound-potential.com', '044 527 34 70', 'Unbound Potential GmbH', 'Bönirainstrasse 14/16, 8800 Thalwil, Zürich'),
('4b25b9e9-a861-4b12-a224-026795931520', 'Pascal', 'Kaufmann', 'pascal@unchained.shop', '043 505 18 46', 'Unchained Commerce GmbH', 'Hardturmstrasse 161, 8005 Zürich, Zürich'),
('419572b3-0232-46ec-bebd-553df6871de0', 'Stefanie', 'Gloor', 'stefanie.gloor@undmoritz.ch', '061 515 08 68', 'und moritz gmbh - kommunikation & design', 'Davidsbodenstrasse 11, 4056 Basel, Basel-Stadt'),
('9ce7855b-2a69-4b33-a8ec-a0085d23d1f8', 'Urs', 'Egg', 'urs.egg@undend.ch', '043 322 20 10', 'Undend Architektur AG', 'Schöntalstrasse 21, 8004 Zürich, Zürich'),
('828f54f4-918f-4e69-b2fe-558b0626f0c6', 'Lukas', 'Etzweiler', 'info@underbar.ch', '078 788 49 00', 'Underbar Stein am Rhien', 'Understad 21, 8260 Stein am Rhein, Schaffhausen'),
('27714e6e-10c2-4864-bb5f-7731be772ee9', 'Noomi', 'Bauer', 'info@underbarabullar.com', '078 907 63 77', 'Underbara Bullar Noomi Bauer', 'Engerain 22, 3004 Bern, Bern'),
('39e8d66d-2d09-4c97-bec9-9af3af347617', 'Matthias', 'Blatti', 'info@underdog-coffee.ch', '079 488 31 06', 'Underdog Coffee KLG', 'Uttigenstrasse 56, 3661 Uetendorf, Bern'),
('b0e44a19-2986-4a3c-8aa5-4f077c309093', 'Matthew', 'Underwood', 'underwood.matt@yahoo.co.uk', '079 464 98 49', 'underwood gardens', 'Winterfeldweg 116A, 3018 Bern, Bern'),
('eaea5f21-a3c2-49ed-b033-d52624e64332', 'Kurt', 'Hefti', 'kurt.hefti@miraoptik.ch', '043 277 01 01', 'Underwösch.ch by Mira Optik AG', 'Kronenhölzlistrasse 7, 8620 Wetzikon, Zürich'),
('07a7da9e-dad5-4331-aa28-265f6639db0a', 'Peter', 'Knupp', 'info@undknup.com', '044 450 85 85', 'undknup ag', 'Wachtelstrasse 22, 8038 Zürich, Zürich'),
('72e9a957-24ea-462e-9270-7cba095f54aa', 'Marc', 'Frehner', 'marc@une.rocks', 'N.a.', 'UNE Works SA', 'Attisholzstrasse 10, 4533 Riedholz, Solothurn'),
('8754cbea-d4e5-4df0-9ef4-a58f9988739a', 'Rudolf', 'Broder', 'info@uneltech.ch', '077 511 41 00', 'Uneltech Electronic AG', 'Oskar Bieder-Strasse 33, 8600 Dübendorf, Zürich'),
('b7394a26-bffa-4c7f-816a-31a838a97c09', 'Franziska', 'Zuber', 'wohlfuehlen@undendlich.ch', '079 380 51 05', 'Unendlich Wohlfühlen', 'Bielstrasse 1, 2545 Selzach, Solothurn'),
('3483098f-e3c1-4d21-9052-a4c2ec5f871c', 'Elena', 'Furrer', 'info@unew.ch', '077 477 77 00', 'UNEW Beauty Couture AG', 'Sinserstrasse 8, 6330 Cham, Zug'),
('bfd10a03-389a-4a28-974e-cf89d40d60b2', 'Wolfgang', 'Keckeis', 'info@unex-lighting.com', '044 404 22 22', 'unex lighting AG', 'Flüelastrasse 12, 8048 Zürich, Zürich'),
('d5bea227-ebee-48a8-b789-0902cd4f9624', 'Roman', 'Emele', 'roman.emele@uvz.ch', '044 412 55 01', 'Unfallversicherung Stadt Zürich UVZ', 'Stadelhoferstrasse 33, 8022 Zürich, Zürich'),
('cdb7d519-c7b6-4b34-b450-35baf13d4715', 'Andrè', 'Treina', 'office@ungertreina.ch', '044 438 50 00', 'Unger & Treina AG', 'Aargauerstrasse 250, 8048 Zürich, Zürich'),
('3306ac7e-c480-4a19-8faa-2b0cebce12a3', 'Markus', 'Unger', 'unger@unger.ag', '041 541 02 13', 'Unger Unternehmensberatung', 'Hinterbergstrasse 32a, 6312 Steinhausen, Zug'),
('a924e430-18de-4a36-8191-94b65ba6d58a', 'Peter', 'Ungerer', 'peter.ungerer@ungerer.ch', '079 227 98 58', 'Ungerer Projekte und Baumanagement AG', 'Bollenfeldstrasse 1, 4653 Obergösgen, Solothurn'),
('53bf8132-c6b6-4f78-8097-6fadba5b9335', 'Beat', 'Unholz', 'info@unholz-waerme.swiss', '044 942 41 53', 'Unholz Wärme AG', 'Zur Säge 15, 8606 Greifensee, Zürich'),
('6b89f7eb-c677-4dc0-8a91-d38b83ac4f04', 'Jovana', 'Milosevic', 'info@unispitex24.ch', '044 558 81 31', 'Uni Spitex 24 GmbH', 'Limmattalstrasse 232, 8049 Zürich, Zürich'),
('d748786a-2285-4eef-b963-f28cece3d29b', 'Marcel', 'Walther', 'unibind@bluewin.ch', '044 709 01 01', 'Unibind-Walther AG', 'Soodstrasse 57, 8134 Adliswil, Zürich'),
('98f1d053-dd85-4072-9463-d9cfaab282e6', 'Philippe', 'Surber', 'philippe.surber@unic.com', '044 560 12 44', 'Unic AG', 'Baslerstrasse 60, 8048 Zürich, Zürich'),
('0e21f2ff-609b-4daa-a927-6e2b279cf414', 'Yolanda', 'Sangermano', 'hello@unica.coffee', '078 615 82 28', 'Unica Coffee GmbH', 'Lauerzring 26, 6010 Kriens, Luzern'),
('e8987aa5-e338-4901-a320-20b09ee2a919', 'Elhame', 'Ljamalari', 'info@unicamarketing.com', '044 520 04 09', 'Unica Marketing GmbH', 'Badenerstrasse 313, 8003 Zürich, Zürich'),
('9b23d04f-d046-488b-8904-156db6741dd1', 'Carlos', 'Peter', 'carlos.peter@unica-schule.ch', '061 923 82 01', 'Unica Schule', 'Sigmundstrasse 1, 4410 Liestal, Basel-Land'),
('56051242-dc14-490a-b77f-b9592a6742c8', 'Philippe', 'Donche', 'philippe.donche@unicada.ch', '061 551 10 10', 'Unicada AG', 'Peter Merian-Strasse 45, 4052 Basel, Basel-Stadt'),
('4bb21c11-5a83-4c8a-8340-ddb9efe8597d', 'Anton', 'Van Gameren', 'info@unicalag.ch', '071 622 30 15', 'Unical AG', 'Mühlfangstrasse 12, 8570 Weinfelden, Thurgau'),
('772b8f8d-8e53-47df-a553-3ecd5a0868df', 'Dirk N.', 'Tillmann', 'info@my-cups.ch', 'N.a.', 'UniCaps Suisse AG', 'Seestrasse 5a, 8810 Horgen, Zürich'),
('85580cd4-eda0-4152-b5ec-d79d67bad998', 'Asa Michaela', 'Sjöberg Langner', 'info@unicef.ch', '044 317 22 66', 'UNICEF Schweiz und Liechtenstein', 'Pfingstweidstrasse 10, 8005 Zürich, Zürich'),
('98be8d90-c226-4d96-896e-ffb5365ece87', 'Myriam', 'Baechler', 'myriam.baechler@unicepta.com', '044 515 99 38', 'UNICEPTA Suisse AG', 'Bahnhofstrasse 65, 8001 Zürich, Zürich'),
('4b40e623-4100-4d59-873b-c48187ea3f34', 'Nicholas', 'Arthur', 'info@unick-solutions.com', '061 551 27 00', 'UNICK Solutions GmbH', 'Aeschenvorstadt 71, 4051 Basel, Basel-Stadt'),
('743c4d7c-1a5f-43e9-a42f-44527fdeaed8', 'Stephan', 'Nyfeler', 'contact@unicoadvisory.ch', '079 335 03 77', 'UNICO Advisory, Stephan Nyfeler', 'Feldstrasse 46, 8704 Herrliberg, Zürich'),
('a6eb616c-ed27-405f-b2a1-3fdda3ec76e3', 'Niklaus', 'Liechti', 'n.liechti@unicofrutigen.ch', '033 671 53 48', 'unico frutigen ag', 'Dorfstrasse 13, 3714 Frutigen, Bern'),
('59fa45dd-5361-4136-9572-6b1b3e1b93b1', 'Oscar', 'Martire', 'office@unicoag.ch', 'N.a.', 'UNICO gebäudetechnik ag', 'Streitgasse 4, 4051 Basel, Basel-Stadt'),
('631fb88f-caeb-400c-88c8-bea563862a9b', 'Dominique', 'Graber', 'info@unicograber.com', '061 951 15 55', 'Unico Graber AG', 'Stöckackerstrasse 30, 4142 Münchenstein, Basel-Land'),
('a58a3130-96b4-490e-8ae9-a17a7a7fec3e', 'Michael', 'Weingartner', 'reservation@unicozug.ch', '079 780 52 71', 'Unico Restaurant', 'Aegeristrasse 17, 6300 Zug, Zug'),
('3a519bc6-8dad-4d02-9a4b-592b9b55b5b3', 'Jürg', 'Rolli', 'j.rolli@unicothun.ch', '033 227 33 99', 'Unico Thun AG', 'Niesenstrasse 1, 3602 Thun, Bern'),
('11f304e3-bd12-481c-99b8-f76dd3b9203b', 'Daniel', 'Jäggi', 'd.jaeggi@unicotreuhand.ch', '032 621 45 35', 'Unico Treuhand Solothurn AG', 'Kapuzinerstrasse 11, 4500 Solothurn, Solothurn'),
('3a25c5cf-da46-4fcf-9630-36cff39d9713', 'Karl-Heinz', 'Gampp', 'info@unicolor-ag.ch', '055 451 29 29', 'Unicolor AG', 'Löberenstrasse 47, 6302 Zug, Zug'),
('658156b8-880a-4911-b79b-f9a61550ea2e', 'Markus', 'Fries', 'mail@unicorn-sa.ch', '056 622 52 36', 'Unicorn (Suisse) SA', 'Brühlmattenstrasse 24, 5525 Fischbach-Göslikon, Aargau'),
('448c3979-46e9-4ef4-9621-42c3036bde2b', 'Ralf', 'Geisser', 'ralf@unicumhome.ch', '071 860 04 92', 'Unicumhome GmbH', 'St. Gallerstrasse 9a, 9402 Mörschwil, St. Gallen'),
('78c0f064-3530-4077-b0dd-c1d492355f48', 'Florian', 'Jehle', 'info@unicyte.ch', '041 552 49 89', 'Unicyte AG', 'Aawasserstrasse 2, 6370 Oberdorf, Nidwalden'),
('f0ca7ec7-45eb-489a-9b84-3099db45fe24', 'Patrick', 'Traber', 'support@uniestro.com', '044 578 44 30', 'Uniestro AG', 'Sihlbruggstrasse 109, 6340 Baar, Zug');

INSERT INTO leads (id, contact_id, source, status, value, notes) VALUES
('0867f8c4-7f62-4bcd-9849-ad2e8e5bcbd0', '5a33a66e-e05b-472c-a03b-4862dd71b41d', 'KALTAKQUISE', 'ACTIVE', 0, 'Funktion: Präsidium  | Mitarbeiter: 1 bis 10 | Branche: Fussballvereine'),
('06eb527f-6966-4933-8157-a422bef1a868', 'c8e623d2-49bd-48cd-a29c-980acd80bea3', 'KALTAKQUISE', 'ACTIVE', 0, 'Funktion: Geschäftsführer/in (CEO) | Mitarbeiter: 1 bis 10 | Branche: Schreinerei- & Holzbaubetriebe'),
('73842df2-7d7e-4189-80c2-c9a7eec5d202', '3c80c2b8-9c6c-483c-8e49-aebaab66858c', 'KALTAKQUISE', 'ACTIVE', 0, 'Funktion: Geschäftsführer/in (CEO) | Mitarbeiter: 1 bis 10 | Branche: Architekturbüros | Rechtsform: Aktiengesellschaft'),
('37cc14f4-1291-4cae-9b6c-814aa3783840', 'c1a2fcd9-8a72-43c8-995e-1b3f437ee9bc', 'KALTAKQUISE', 'ACTIVE', 0, 'Funktion: Geschäftsführer/in (CEO) | Mitarbeiter: 1 bis 10 | Branche: Versicherungsbroker & -makler | Rechtsform: Aktiengesellschaft'),
('68d85c33-c878-4b14-9da7-89d9eae201e8', '18207bf5-e645-449a-bf0d-26d4c904cb9b', 'KALTAKQUISE', 'ACTIVE', 0, 'Funktion: Geschäftsführer/in (CEO) | Mitarbeiter: 1 bis 10 | Branche: Facility Management & Reinigungsfirmen'),
('beb3b254-f203-43b4-8cda-49b13c286af0', '14a44f6c-f5df-47ea-aa1b-d6c38d2735a6', 'KALTAKQUISE', 'ACTIVE', 0, 'Funktion: Geschäftsführer/in (CEO) | Mitarbeiter: 1 bis 10 | Branche: Schreinerei- & Holzbaubetriebe | Rechtsform: Einzelunternehmen'),
('f3379d38-6ee7-4432-96fb-7cfffa317571', '05c24e41-45e9-42ed-a81e-4013d1441f62', 'KALTAKQUISE', 'ACTIVE', 0, 'Funktion: Geschäftsführer/in (CEO) | Mitarbeiter: 21 bis 50 | Branche: Maler- & Gipsergeschäfte / Boden- & Plattenleger | Rechtsform: Aktiengesellschaft'),
('79c85848-d37a-45ea-948d-446f30c5170b', 'd0734648-87e2-4337-98bf-d3825086a4db', 'KALTAKQUISE', 'ACTIVE', 0, 'Funktion: Geschäftsführer/in (CEO) | Mitarbeiter: 1 bis 10 | Branche: Bauingenieurbüros | Rechtsform: Aktiengesellschaft'),
('815fa754-931c-417e-ae27-9764b51aff72', '0cf48249-a654-488a-b226-c3b7a2428377', 'KALTAKQUISE', 'ACTIVE', 0, 'Funktion: Geschäftsführer/in (CEO) | Mitarbeiter: 1 bis 10 | Branche: Personalvermittler & -berater | Rechtsform: Gesellschaft mit beschränkter Haftung'),
('d9e2e4ff-136a-48de-a438-fe2c6d00ea28', 'fc5124c2-7ff3-40bf-8b55-3bc5643065a4', 'KALTAKQUISE', 'ACTIVE', 0, 'Funktion: Geschäftsführer/in (CEO) | Mitarbeiter: 1 bis 10 | Branche: Unternehmensberater | Rechtsform: Einzelunternehmen'),
('440a6485-c160-4c06-9286-8290494b978a', 'd8a089e8-0fb1-4e99-ae0a-ff1df9c7a771', 'KALTAKQUISE', 'ACTIVE', 0, 'Funktion: Geschäftsführer/in (CEO) | Mitarbeiter: 1 bis 10 | Branche: Coiffeursalons'),
('1f421e03-2c9d-4b21-9b8f-e9b08aaa4af8', 'b322d86a-6e51-40c6-b0f0-5df760b267f7', 'KALTAKQUISE', 'ACTIVE', 0, 'Funktion: Geschäftsführer/in (CEO) | Mitarbeiter: 11 bis 20 | Branche: Facility Management & Reinigungsfirmen'),
('52b725c3-d9c5-42b8-bd3e-6fc1a69126bd', 'a827f6ca-8f03-4131-87a0-672b3535a0d1', 'KALTAKQUISE', 'ACTIVE', 0, 'Funktion: Geschäftsführer/in (CEO) | Mitarbeiter: 1 bis 10 | Branche: Garagen | Rechtsform: Gesellschaft mit beschränkter Haftung'),
('0546f70d-dbb3-4c02-8df9-1d119900f10f', 'd97df1d6-5cb0-4470-9d69-b1cc37f8edbd', 'KALTAKQUISE', 'ACTIVE', 0, 'Funktion: Geschäftsführer/in (CEO) | Mitarbeiter: 11 bis 20 | Branche: Clubs, Bars & Eventlocations'),
('d2579417-a620-49a0-b8f4-4f03949fa308', 'd5fe128d-0b3e-44e6-bc6b-d89e36970688', 'KALTAKQUISE', 'ACTIVE', 0, 'Funktion: Leitung Standort | Mitarbeiter: 11 bis 20 | Branche: Restaurants'),
('14a31123-8648-485e-8589-ab68da0afb7d', 'a4895449-6cd4-48b2-805a-ed4ff33e775c', 'KALTAKQUISE', 'ACTIVE', 0, 'Funktion: Geschäftsführer/in (CEO) | Mitarbeiter: 1 bis 10 | Branche: IT Unternehmen | Rechtsform: Aktiengesellschaft'),
('984839ca-07fe-42d0-aa63-53058e0af09e', '08b878d6-3735-4b56-ba34-fc4932d80084', 'KALTAKQUISE', 'ACTIVE', 0, 'Funktion: Geschäftsführer/in (CEO) | Mitarbeiter: Mehr als 500 | Branche: Elektroindustrie / Top 2''000 CH-Unternehmen | Rechtsform: Aktiengesellschaft'),
('b2906a8e-3017-4b67-9425-702b90b3e499', '586101dd-fe9f-44b4-b46c-721f632a5849', 'KALTAKQUISE', 'ACTIVE', 0, 'Funktion: Geschäftsführer/in (CEO) | Mitarbeiter: 1 bis 10 | Branche: Treuhandbüros | Rechtsform: Aktiengesellschaft'),
('8f6a0cf7-bd38-4f58-81dd-8604ecda8b75', 'bc4d5e10-408a-4eaa-aea8-00521516e1e9', 'KALTAKQUISE', 'ACTIVE', 0, 'Funktion: Geschäftsführer/in (CEO) | Mitarbeiter: 21 bis 50 | Branche: Fonds & sonstige Finanzinstitute / Private Equity & Venture Capital Firmen / Externe Vermögensverwalter | Rechtsform: Aktiengesellschaft'),
('e25bed76-76f0-4ffb-acae-b74eba105e7a', 'e42a8c33-2366-4983-8114-1afeb18da41a', 'KALTAKQUISE', 'ACTIVE', 0, 'Funktion: Geschäftsführer/in (CEO) | Mitarbeiter: Mehr als 500 | Branche: Fonds & sonstige Finanzinstitute'),
('45a3a829-cf0a-49be-8f70-dcc90bbd1c5e', 'f6235939-6bf2-4dd4-b742-34176d8a3bca', 'KALTAKQUISE', 'ACTIVE', 0, 'Funktion: Leitung Standort | Mitarbeiter: 1 bis 10 | Branche: Restaurants'),
('c2dcbd50-187e-4a3c-80d6-1e67600936d1', '5bfe3966-8bdb-48af-8489-8fd128175a26', 'KALTAKQUISE', 'ACTIVE', 0, 'Funktion: Geschäftsführer/in (CEO) | Mitarbeiter: Mehr als 500 | Branche: Banken / Top 2''000 CH-Unternehmen | Rechtsform: Aktiengesellschaft'),
('775d292a-216d-4412-93d5-72253bda6fc7', 'faadce79-0118-4633-984e-36ba1ba9bb6b', 'KALTAKQUISE', 'ACTIVE', 0, 'Funktion: Geschäftsführer/in (CEO) | Mitarbeiter: 11 bis 20 | Branche: Immobilienverwaltung / Immobilienvermittlung | Rechtsform: Aktiengesellschaft'),
('54f234d5-b3d2-4781-9334-5c83864fc9d1', 'b0538a6b-e8c6-4e07-819e-7a8c7fa8bc99', 'KALTAKQUISE', 'ACTIVE', 0, 'Funktion: Geschäftsführer/in (CEO) | Mitarbeiter: 1 bis 10 | Branche: Versicherungsbroker & -makler | Rechtsform: Aktiengesellschaft'),
('252f0959-74bc-46fa-b301-63e4ca6b50ec', '74cac917-a994-47b7-9fb8-ed2c2e2c3225', 'KALTAKQUISE', 'ACTIVE', 0, 'Funktion: Geschäftsführer/in (CEO) | Mitarbeiter: 1 bis 10 | Branche: Unternehmensberater'),
('acb676bc-10b1-4c33-9a81-b52b8a048ff3', 'cf4a03ee-4550-4ff9-8d09-c8ca4286c203', 'KALTAKQUISE', 'ACTIVE', 0, 'Funktion: Geschäftsführer/in (CEO) | Mitarbeiter: 1 bis 10 | Branche: Unternehmensberater | Rechtsform: Gesellschaft mit beschränkter Haftung'),
('02f39d8e-42fd-4bc7-aab0-769e6ff47160', '4eced05f-6eec-4cc3-a31a-3c21a8fd6c57', 'KALTAKQUISE', 'ACTIVE', 0, 'Funktion: Geschäftsführer/in (CEO) | Mitarbeiter: 1 bis 10 | Branche: Maler- & Gipsergeschäfte'),
('3d62bb90-f5f2-4ef5-bda3-fccec2ad86bf', '23a196d0-cde3-485e-bae4-eb91758a7ac8', 'KALTAKQUISE', 'ACTIVE', 0, 'Funktion: Geschäftsführer/in (CEO) | Mitarbeiter: Mehr als 500 | Branche: Lebensmittelverarbeitung / Online Shops | Rechtsform: Aktiengesellschaft'),
('56e57746-ba45-412c-81bb-15b380ce962d', 'b525d19c-2cbe-43af-a56b-b51d944fa53f', 'KALTAKQUISE', 'ACTIVE', 0, 'Funktion: Geschäftsführer/in (CEO) | Mitarbeiter: 1 bis 10 | Branche: Chemieindustrie | Rechtsform: Gesellschaft mit beschränkter Haftung'),
('3a7f749a-ea41-4cdf-ab6b-f678fe0ba1d6', 'b3f1f0fc-2dd9-4d3a-ba53-b8c612fb9bcc', 'KALTAKQUISE', 'ACTIVE', 0, 'Funktion: Geschäftsführer/in (CEO) | Mitarbeiter: 51 bis 100 | Branche: Maschinenbauindustrie / Top 2''000 CH-Unternehmen | Rechtsform: Aktiengesellschaft'),
('946cf007-ae35-4ea3-ae97-9a380781962a', '7a24c05b-4455-4462-959c-7fc80b03542f', 'KALTAKQUISE', 'ACTIVE', 0, 'Funktion: Geschäftsführer/in (CEO) | Mitarbeiter: 1 bis 10 | Branche: Elektroplanung & Installation | Rechtsform: Aktiengesellschaft'),
('7019e4a4-f0a8-43f5-af95-1e53a1f98d95', '2322adbc-3442-497f-9e51-65889a496e72', 'KALTAKQUISE', 'ACTIVE', 0, 'Funktion: Geschäftsführer/in (CEO) | Mitarbeiter: 1 bis 10 | Branche: Entsorgungsindustrie | Rechtsform: Gesellschaft mit beschränkter Haftung'),
('fd899e95-e6bf-4ad8-9219-83e33c744260', '684cb7bc-3b6c-4224-9eb1-854b2d6bfc88', 'KALTAKQUISE', 'ACTIVE', 0, 'Funktion: Geschäftsführer/in (CEO) | Mitarbeiter: 11 bis 20 | Branche: Online Shops | Rechtsform: Aktiengesellschaft'),
('402c5e4d-03c8-4b61-8b6e-9447cf96ea9a', 'a795061e-d92e-4b83-b252-156906004725', 'KALTAKQUISE', 'ACTIVE', 0, 'Funktion: Geschäftsführer/in (CEO) | Mitarbeiter: 1 bis 10 | Branche: Gartenbau & -pflege'),
('733b9ee3-9dbf-48bd-8829-5bf0bba265bf', '3a1e5ebf-8fd4-4f09-971f-9083027dd416', 'KALTAKQUISE', 'ACTIVE', 0, 'Funktion: Geschäftsführer/in (CEO) | Mitarbeiter: 1 bis 10 | Branche: Treuhandbüros | Rechtsform: Gesellschaft mit beschränkter Haftung'),
('638066a3-3945-4502-8707-68fe2787b000', 'b5b0cf4a-dd4e-47f4-9564-e75e507e12a1', 'KALTAKQUISE', 'ACTIVE', 0, 'Funktion: Geschäftsführer/in (CEO) | Mitarbeiter: 11 bis 20 | Branche: Zahnarztpraxen'),
('66ba60ba-a1ba-4758-8a43-c4983cb6e0de', '95f1cfbe-5078-4185-96a6-9a41ece952e6', 'KALTAKQUISE', 'ACTIVE', 0, 'Funktion: Geschäftsführer/in (CEO) | Mitarbeiter: 1 bis 10 | Branche: Sanitär & Haustechnik | Rechtsform: Aktiengesellschaft'),
('189daf62-f7b2-4604-b2bb-9adc16d24e01', '515bfb85-4299-4a64-bc7f-587f0a763bd3', 'KALTAKQUISE', 'ACTIVE', 0, 'Funktion: Geschäftsführer/in (CEO) | Mitarbeiter: 1 bis 10 | Branche: Werbeagenturen | Rechtsform: Gesellschaft mit beschränkter Haftung'),
('7364fedd-bef0-41e8-8e16-36ae5873bbb7', '519e8734-db90-4c57-ae7d-d6dc5c58f7f9', 'KALTAKQUISE', 'ACTIVE', 0, 'Funktion: Geschäftsführer/in (CEO) | Mitarbeiter: 1 bis 10 | Branche: Gartenbau & -pflege | Rechtsform: Einzelunternehmen'),
('4da47bb4-24e4-41db-b47a-b41ffdd29fc2', '98d43d2b-16b3-415a-85a1-b55c61b304ff', 'KALTAKQUISE', 'ACTIVE', 0, 'Funktion: Geschäftsführer/in (CEO) | Mitarbeiter: 1 bis 10 | Branche: Lebensmittelverarbeitung | Rechtsform: Gesellschaft mit beschränkter Haftung'),
('71f39463-dda3-429d-9104-18d629ea2003', '4654ddd0-b56d-4065-a7d9-eaec504a8e9b', 'KALTAKQUISE', 'ACTIVE', 0, 'Funktion: Geschäftsführer/in (CEO) | Mitarbeiter: 1 bis 10 | Branche: Immobilienverwaltung / Immobilienvermittlung | Rechtsform: Aktiengesellschaft'),
('c6f949c5-70b0-4377-a55e-29f6a70ad5e7', 'f0d6164d-7193-442b-aa80-08485a7f642e', 'KALTAKQUISE', 'ACTIVE', 0, 'Funktion: Geschäftsführer/in (CEO) | Mitarbeiter: 1 bis 10 | Branche: Schreinerei- & Holzbaubetriebe | Rechtsform: Kollektivgesellschaft'),
('750655b0-eaf4-42bd-8380-074b8ddbf1bb', 'e80eb51f-e9c2-47c0-8783-25510bddcb28', 'KALTAKQUISE', 'ACTIVE', 0, 'Funktion: Geschäftsführer/in (CEO) | Mitarbeiter: 1 bis 10 | Branche: Architekturbüros'),
('cf72584c-b4e2-4fc8-ae28-1c3eaf591beb', '1965735e-3c5b-40a6-ba5b-e84eb4511f68', 'KALTAKQUISE', 'ACTIVE', 0, 'Funktion: Geschäftsführer/in (CEO) | Mitarbeiter: 1 bis 10 | Branche: Entsorgungsindustrie | Rechtsform: Einzelunternehmen'),
('a4fd7636-60b7-45f3-a30c-910d7d5bc207', 'f22a632e-c783-4f0c-bb3f-b543900db523', 'KALTAKQUISE', 'ACTIVE', 0, 'Funktion: Geschäftsführer/in (CEO) | Mitarbeiter: 1 bis 10 | Branche: Nachhaltigkeitsbereich | Rechtsform: Gesellschaft mit beschränkter Haftung'),
('a9748fb0-f408-4bc6-80ac-26f1aec488d6', '1f9c324f-1b44-4a5d-9ab1-bcb62735e73a', 'KALTAKQUISE', 'ACTIVE', 0, 'Funktion: Geschäftsführer/in (CEO) | Mitarbeiter: 1 bis 10 | Branche: Gartenbau & -pflege'),
('5477e571-afff-410d-b80b-e59d575d452d', '32ec3abc-4a55-471d-9005-d161c5f0b05f', 'KALTAKQUISE', 'ACTIVE', 0, 'Funktion: Geschäftsführer/in (CEO) | Mitarbeiter: 1 bis 10 | Branche: Architekturbüros | Rechtsform: Einzelunternehmen'),
('50878725-bd2a-408b-a774-582134967766', 'd85d4dbc-0187-4775-a967-6b1ac57474bd', 'KALTAKQUISE', 'ACTIVE', 0, 'Funktion: Geschäftsführer/in (CEO) | Mitarbeiter: 1 bis 10 | Branche: Sanitär & Haustechnik | Rechtsform: Einzelunternehmen'),
('d21e4711-5c72-44be-9a98-145a3a45e77c', '3c8a9e90-7843-43ef-9dea-9f9f7d1f5b3c', 'KALTAKQUISE', 'ACTIVE', 0, 'Funktion: Geschäftsführer/in (CEO) | Mitarbeiter: 1 bis 10 | Branche: Schreinerei- & Holzbaubetriebe | Rechtsform: Aktiengesellschaft'),
('ab6401b4-3c1a-4766-ae0a-28477ea15c16', '0a5777c0-1f73-4194-a684-4009c5dcc57e', 'KALTAKQUISE', 'ACTIVE', 0, 'Funktion: Geschäftsführer/in (CEO) | Mitarbeiter: 1 bis 10 | Branche: Schreinerei- & Holzbaubetriebe'),
('9fa967b9-0e01-4329-9dab-e4c33a10f904', '1d5938cd-513f-4709-9faa-50b412d591e9', 'KALTAKQUISE', 'ACTIVE', 0, 'Funktion: Geschäftsführer/in (CEO) | Mitarbeiter: 1 bis 10 | Branche: Schreinerei- & Holzbaubetriebe'),
('3fde57ed-d614-4ad9-a92c-ad8b91173ea1', '205569b2-8903-4bec-b0cd-4bccb86bc70d', 'KALTAKQUISE', 'ACTIVE', 0, 'Funktion: Geschäftsführer/in (CEO) | Mitarbeiter: 1 bis 10 | Branche: Schreinerei- & Holzbaubetriebe'),
('f6ac9089-8f58-456e-8b12-860166b4a4ab', 'dec42d07-e4b5-47d5-b1e3-7b8b7314eaaf', 'KALTAKQUISE', 'ACTIVE', 0, 'Funktion: Geschäftsführer/in (CEO) | Mitarbeiter: 1 bis 10 | Branche: Schreinerei- & Holzbaubetriebe | Rechtsform: Gesellschaft mit beschränkter Haftung'),
('8c0ee453-1d1b-4908-9ba9-0d790639f796', 'a9765e27-f794-4dd4-993d-31e1e33997fc', 'KALTAKQUISE', 'ACTIVE', 0, 'Funktion: Geschäftsführer/in (CEO) | Mitarbeiter: 51 bis 100 | Branche: Hofläden & Bauernhöfe / Lebensmittelverarbeitung / Nachhaltigkeitsbereich | Rechtsform: Aktiengesellschaft'),
('563d0f77-f703-487b-89c9-2d74b7cc8d02', '06cd5552-b727-4390-936e-96b246022d20', 'KALTAKQUISE', 'ACTIVE', 0, 'Funktion: Geschäftsführer/in (CEO) | Mitarbeiter: 1 bis 10 | Branche: Hofläden & Bauernhöfe'),
('3e39d7a0-eec0-4d8d-b2c5-f8cd0439e6d6', '55ebc352-bc1a-4b1b-9754-5239ac2c5367', 'KALTAKQUISE', 'ACTIVE', 0, 'Funktion: Geschäftsführer/in (CEO) | Mitarbeiter: 1 bis 10 | Branche: Museum & Theater'),
('45b93f88-68e1-4f3d-8940-d6c15c08e866', '72145e1d-e7a7-48a3-aa33-894c06fb2b40', 'KALTAKQUISE', 'ACTIVE', 0, 'Funktion: Geschäftsführer/in (CEO) | Mitarbeiter: Mehr als 500 | Branche: Top 2''000 CH-Unternehmen | Rechtsform: Aktiengesellschaft'),
('257c1273-9108-4681-83c2-454a440342d2', '7376ab66-0199-4129-b484-111fd8263f05', 'KALTAKQUISE', 'ACTIVE', 0, 'Funktion: Geschäftsführer/in (CEO) | Mitarbeiter: 51 bis 100 | Branche: Top 2''000 CH-Unternehmen / Life-Science-Industrie | Rechtsform: Aktiengesellschaft'),
('7cae85c8-a75d-4c88-9f49-3c421e4e5488', '8c0435ec-f492-41d6-8312-2360a89f2d41', 'KALTAKQUISE', 'ACTIVE', 0, 'Funktion: Geschäftsführer/in (CEO) | Mitarbeiter: 51 bis 100 | Branche: Top 2''000 CH-Unternehmen / Life-Science-Industrie | Rechtsform: Aktiengesellschaft'),
('66075ec6-e995-43a1-a507-4d8e2504f951', '28dcba2c-47d7-4e98-8fcc-93482a4284ec', 'KALTAKQUISE', 'ACTIVE', 0, 'Funktion: Geschäftsführer/in (CEO) | Mitarbeiter: 1 bis 10 | Branche: Zeitungen & Zeitschriften'),
('7e4675af-5c5c-4bfa-a1b3-cd4477b0149b', '1c173d1d-3526-4a31-b747-3b898f7e71ec', 'KALTAKQUISE', 'ACTIVE', 0, 'Funktion: Geschäftsführer/in (CEO) | Mitarbeiter: 11 bis 20 | Branche: Fonds & sonstige Finanzinstitute / Private Equity & Venture Capital Firmen | Rechtsform: Aktiengesellschaft'),
('be02db97-138b-43a9-8250-fc063b544937', 'b4425456-1d7d-4a9f-824d-a1a482f2c52d', 'KALTAKQUISE', 'ACTIVE', 0, 'Funktion: Geschäftsführer/in (CEO) | Mitarbeiter: 11 bis 20 | Branche: Clubs, Bars & Eventlocations'),
('bf7fb817-b86c-4766-a937-e2a178db178c', '5994d7be-e378-4514-911d-6a9444ffe9c9', 'KALTAKQUISE', 'ACTIVE', 0, 'Funktion: Geschäftsführer/in (CEO) | Mitarbeiter: 51 bis 100 | Branche: Baugeschäfte | Rechtsform: Aktiengesellschaft'),
('61fc6761-aefa-4625-b02a-65ef763ed664', 'ba906191-4e6b-4e59-a9e2-9e6f38391606', 'KALTAKQUISE', 'ACTIVE', 0, 'Funktion: Geschäftsführer/in (CEO) | Mitarbeiter: 1 bis 10 | Branche: Maschinenbauindustrie | Rechtsform: Gesellschaft mit beschränkter Haftung'),
('4b028719-8101-47b2-a3da-e80f07037c04', '739e76c9-b38f-4ffa-a357-fa0c886038b0', 'KALTAKQUISE', 'ACTIVE', 0, 'Funktion: Geschäftsführer/in (CEO) | Mitarbeiter: 1 bis 10 | Branche: Versicherungsbroker & -makler | Rechtsform: Gesellschaft mit beschränkter Haftung'),
('95154c6e-5160-49cc-8a3a-706bf491ada7', '11e95e3a-0f82-4a7c-b144-151d76a5d2be', 'KALTAKQUISE', 'ACTIVE', 0, 'Funktion: Geschäftsführer/in (CEO) | Mitarbeiter: 1 bis 10 | Branche: Versicherungsbroker & -makler | Rechtsform: Aktiengesellschaft'),
('268fe189-ec27-49e9-8eb5-f2e26397d300', '9a4965a4-4074-4865-ba03-2ba822272fe0', 'KALTAKQUISE', 'ACTIVE', 0, 'Funktion: Geschäftsführer/in (CEO) | Mitarbeiter: 1 bis 10 | Branche: Facility Management & Reinigungsfirmen | Rechtsform: Gesellschaft mit beschränkter Haftung'),
('b497fe55-3654-460f-9be7-a28c648203ec', '5674967f-6691-4e58-8140-c9761149ed3c', 'KALTAKQUISE', 'ACTIVE', 0, 'Funktion: Geschäftsführer/in (CEO) | Mitarbeiter: 11 bis 20 | Branche: Metallbauer | Rechtsform: Aktiengesellschaft'),
('49279a6a-7b01-4a7c-8fbc-bd046deb64dd', '75a80299-63d9-4ecd-952b-efff9b728e99', 'KALTAKQUISE', 'ACTIVE', 0, 'Funktion: Geschäftsführer/in (CEO) | Mitarbeiter: 1 bis 10 | Branche: Lebensmittelverarbeitung | Rechtsform: Gesellschaft mit beschränkter Haftung'),
('7a902370-fc9a-4702-8c7c-2e0bfcdcbe87', '96474129-91cc-42c1-bb1b-3a5cc32a8337', 'KALTAKQUISE', 'ACTIVE', 0, 'Funktion: Geschäftsführer/in (CEO) | Mitarbeiter: 1 bis 10 | Branche: Druckereibetriebe'),
('9cca2fc3-2309-4152-b919-c3d5d666134f', 'eed38206-9044-4056-abe4-dca1daff5486', 'KALTAKQUISE', 'ACTIVE', 0, 'Funktion: Geschäftsführer/in (CEO) | Mitarbeiter: 1 bis 10 | Branche: Garagen | Rechtsform: Aktiengesellschaft'),
('bce5190b-3da3-43a8-9838-d14daaa6ca15', '28dfe730-ffaf-455d-8c01-79b499c8ab1b', 'KALTAKQUISE', 'ACTIVE', 0, 'Funktion: Geschäftsführer/in (CEO) | Mitarbeiter: 1 bis 10 | Branche: Sanitär & Haustechnik | Rechtsform: Gesellschaft mit beschränkter Haftung'),
('9afe0432-421a-4c0d-ac75-ff8cdc7c7fb4', '7e91266e-493e-47ae-bf26-ea963dfcc338', 'KALTAKQUISE', 'ACTIVE', 0, 'Funktion: Geschäftsführer/in (CEO) | Mitarbeiter: 1 bis 10 | Branche: Werbeagenturen | Rechtsform: Aktiengesellschaft'),
('7ac4587e-8153-4c4b-8d7e-b100d9308eff', '01557396-aba5-44f0-84a1-3b00da12404f', 'KALTAKQUISE', 'ACTIVE', 0, 'Funktion: Geschäftsführer/in (CEO) | Mitarbeiter: 1 bis 10 | Branche: Immobilienvermittlung | Rechtsform: Aktiengesellschaft'),
('101bcd96-7b84-4f5d-a948-2839e7487ebf', '27f6fa78-f8c4-4991-965d-2cb03e9670ae', 'KALTAKQUISE', 'ACTIVE', 0, 'Funktion: Geschäftsführer/in (CEO) | Mitarbeiter: 1 bis 10 | Branche: Uhrenindustrie | Rechtsform: Gesellschaft mit beschränkter Haftung'),
('8290b6e3-0a2c-44c8-8843-0be168d82e29', 'af83ae12-f86a-4ab0-9c64-47d508aa49a3', 'KALTAKQUISE', 'ACTIVE', 0, 'Funktion: Geschäftsführer/in (CEO) | Mitarbeiter: 1 bis 10 | Branche: Museum & Theater'),
('48119346-44f0-4791-8800-d375be226c9c', 'ca904eb5-4b0a-4a86-8c89-f9041273e0e3', 'KALTAKQUISE', 'ACTIVE', 0, 'Funktion: Geschäftsführer/in (CEO) | Mitarbeiter: 11 bis 20 | Branche: Online Shops'),
('3e10fad6-eeb6-4f02-b761-841458af89f3', 'e5e83177-210f-4e3e-941a-345d9fd63b31', 'KALTAKQUISE', 'ACTIVE', 0, 'Funktion: Geschäftsführer/in (CEO) | Mitarbeiter: 1 bis 10 | Branche: Uhrenindustrie | Rechtsform: Aktiengesellschaft'),
('26939b2e-887d-4244-a4cf-890ab5f38ec1', 'b42ccff3-dba7-4737-b9c3-52510f25bf6f', 'KALTAKQUISE', 'ACTIVE', 0, 'Funktion: Geschäftsführer/in (CEO) | Mitarbeiter: 1 bis 10 | Branche: Werbeagenturen | Rechtsform: Gesellschaft mit beschränkter Haftung'),
('97277018-3100-4313-8bd5-db4538c7f511', 'd6def9b4-e2f7-44c4-a9d4-0aa29b513810', 'KALTAKQUISE', 'ACTIVE', 0, 'Funktion: Geschäftsführer/in (CEO) | Mitarbeiter: 1 bis 10 | Branche: Uhrenindustrie | Rechtsform: Gesellschaft mit beschränkter Haftung'),
('317e7094-8a2a-478a-bae9-b05c963807f0', '8cdd5203-c505-4c6a-9c80-d908cbe87586', 'KALTAKQUISE', 'ACTIVE', 0, 'Funktion: Geschäftsführer/in (CEO) | Mitarbeiter: 1 bis 10 | Branche: Werbeagenturen | Rechtsform: Gesellschaft mit beschränkter Haftung'),
('6ccc5863-d521-4a18-a71e-34cb7813f4c9', '5b2e6759-c7dc-4737-b9d1-95f6eb447188', 'KALTAKQUISE', 'ACTIVE', 0, 'Funktion: Geschäftsführer/in (CEO) | Mitarbeiter: 101 bis 500 | Branche: Elektroindustrie / Maschinenbauindustrie | Rechtsform: Aktiengesellschaft'),
('29ac4377-d539-49dd-827f-c1a46334c54c', '4c84dbf0-43d2-4c34-9bef-34e9b83182ae', 'KALTAKQUISE', 'ACTIVE', 0, 'Funktion: Geschäftsführer/in (CEO) | Mitarbeiter: 1 bis 10 | Branche: Nachhaltigkeitsbereich'),
('464950eb-76d4-4bbb-b8c5-d246c77a8691', 'f3e02460-9e94-4abc-9e41-9db634b98706', 'KALTAKQUISE', 'ACTIVE', 0, 'Funktion: Geschäftsführer/in (CEO) | Mitarbeiter: 1 bis 10 | Branche: Bauingenieurbüros | Rechtsform: Aktiengesellschaft'),
('c9968765-167b-41b5-a90b-4f2b37612790', '5984d424-2dd5-4fe5-be13-8c0433e92218', 'KALTAKQUISE', 'ACTIVE', 0, 'Funktion: Geschäftsführer/in (CEO) | Mitarbeiter: 1 bis 10 | Branche: Druckereibetriebe'),
('ee3c4f3c-ff51-4387-abe9-7b367d1ec5ec', 'a02c3bc9-3f87-401d-a7d6-962a9b6ab19b', 'KALTAKQUISE', 'ACTIVE', 0, 'Funktion: Geschäftsführer/in (CEO) | Mitarbeiter: 11 bis 20 | Branche: Bauingenieurbüros | Rechtsform: Aktiengesellschaft'),
('a1066510-1936-4d40-9340-7016472eb96e', 'd88b7cb4-979f-4122-a2c6-47f7ca34b8ef', 'KALTAKQUISE', 'ACTIVE', 0, 'Funktion: Geschäftsführer/in (CEO) | Mitarbeiter: 1 bis 10 | Branche: Architekturbüros | Rechtsform: Gesellschaft mit beschränkter Haftung'),
('f9b1cbc7-bd1c-4c13-aa45-5c7454e9f15e', '17f91a68-5d3d-4dc6-9375-e14256acb1f7', 'KALTAKQUISE', 'ACTIVE', 0, 'Funktion: Geschäftsführer/in (CEO) | Mitarbeiter: 1 bis 10 | Branche: Gartenbau & -pflege | Rechtsform: Aktiengesellschaft'),
('e0173586-0c19-4af0-b50e-ee4aa28ee2d3', '0a36f269-7855-4a26-85ac-7c8876d8905a', 'KALTAKQUISE', 'ACTIVE', 0, 'Funktion: Geschäftsführer/in (CEO) | Mitarbeiter: 1 bis 10 | Branche: Getränkeindustrie | Rechtsform: Gesellschaft mit beschränkter Haftung'),
('ce6617a9-be55-44fa-a4ab-229f890a437d', '4f2d015b-241f-4d8f-bce4-334a8bbcf03a', 'KALTAKQUISE', 'ACTIVE', 0, 'Funktion: Geschäftsführer/in (CEO) | Mitarbeiter: 1 bis 10 | Branche: Medizintechnik-Industrie | Rechtsform: Gesellschaft mit beschränkter Haftung'),
('ac18c7fd-77e6-4f35-a5fe-30c2ab828584', '783710ed-d7d2-4ea5-8525-aae4a765a6bd', 'KALTAKQUISE', 'ACTIVE', 0, 'Funktion: Geschäftsführer/in (CEO) | Mitarbeiter: 11 bis 20 | Branche: Garagen | Rechtsform: Aktiengesellschaft'),
('a2bcf482-c8fe-431a-b7e8-93ffe0aeea1f', '9a2f5a75-a818-4c13-acbd-55659443e3d7', 'KALTAKQUISE', 'ACTIVE', 0, 'Funktion: Geschäftsführer/in (CEO) | Mitarbeiter: 1 bis 10 | Branche: Baugeschäfte | Rechtsform: Aktiengesellschaft'),
('2223f871-f14d-4154-97b6-1b53b3e545bc', 'bd1da7a4-344d-4921-8475-f0f7ce4fd0b5', 'KALTAKQUISE', 'ACTIVE', 0, 'Funktion: Geschäftsführer/in (CEO) | Mitarbeiter: 1 bis 10 | Branche: Bauingenieurbüros | Rechtsform: Aktiengesellschaft'),
('bcb73287-b734-4363-8758-f64b00902c10', '6f193fac-bed8-4216-98fc-fe66ea9b4787', 'KALTAKQUISE', 'ACTIVE', 0, 'Funktion: Geschäftsführer/in (CEO) | Mitarbeiter: 1 bis 10 | Branche: Maschinenbauindustrie / Sanitär & Haustechnik | Rechtsform: Gesellschaft mit beschränkter Haftung'),
('95307eb1-e3e3-4e6a-9694-a25fc27c5cf9', '560d6e27-14f3-406f-ab07-c6fad6521768', 'KALTAKQUISE', 'ACTIVE', 0, 'Funktion: Geschäftsführer/in (CEO) | Mitarbeiter: 11 bis 20 | Branche: Architekturbüros | Rechtsform: Aktiengesellschaft'),
('7dce50ba-01ac-48eb-a59e-ff86eed77359', '8f729c0c-ff4b-406a-a638-7a1fa485b5f2', 'KALTAKQUISE', 'ACTIVE', 0, 'Funktion: Geschäftsführer/in (CEO) | Mitarbeiter: 1 bis 10 | Branche: Schreinerei- & Holzbaubetriebe | Rechtsform: Gesellschaft mit beschränkter Haftung'),
('4796ec32-6b6e-4866-be0d-697e0ffca372', 'b04b2186-7cd2-4b72-8621-bafb9f6d1326', 'KALTAKQUISE', 'ACTIVE', 0, 'Funktion: Geschäftsführer/in (CEO) | Mitarbeiter: 21 bis 50 | Branche: Elektroplanung & Installation | Rechtsform: Aktiengesellschaft'),
('dc101e03-3159-487b-88a5-56a9333d82e7', '1100f402-00c5-4a36-a9c3-a2cff1a2864a', 'KALTAKQUISE', 'ACTIVE', 0, 'Funktion: Geschäftsführer/in (CEO) | Mitarbeiter: 21 bis 50 | Branche: Medizintechnik-Industrie | Rechtsform: Aktiengesellschaft'),
('c57e83df-0ac2-4151-b17d-c16267fca9ba', '46e46918-1bfa-4e5a-85b4-0600f20b7b80', 'KALTAKQUISE', 'ACTIVE', 0, 'Funktion: Geschäftsführer/in (CEO) | Mitarbeiter: 1 bis 10 | Branche: General- & Totalunternehmungen / Immobilienverwaltung / Immobilienvermittlung / Immobilienprojektentwicklung | Rechtsform: Aktiengesellschaft'),
('2813f354-8175-4730-90da-a9edf632263d', '76c9f5c6-3f76-4ebb-986d-ed2a88f7925b', 'KALTAKQUISE', 'ACTIVE', 0, 'Funktion: Geschäftsführer/in (CEO) | Mitarbeiter: 1 bis 10 | Branche: Garagen | Rechtsform: Gesellschaft mit beschränkter Haftung'),
('813fc3dd-96e6-4ac0-b03f-072cd9ded90e', 'e0350bc0-5b4f-4e15-9bcb-012ed7429959', 'KALTAKQUISE', 'ACTIVE', 0, 'Funktion: Geschäftsführer/in (CEO) | Mitarbeiter: 11 bis 20 | Branche: Gartenbau & -pflege | Rechtsform: Aktiengesellschaft'),
('2b17c2b1-33f0-4a6c-98aa-1e8e51296f42', 'c7c2dcf8-9997-443f-ade3-c04a65493f7e', 'KALTAKQUISE', 'ACTIVE', 0, 'Funktion: Geschäftsführer/in (CEO) | Mitarbeiter: 1 bis 10 | Branche: Elektroplanung & Installation | Rechtsform: Gesellschaft mit beschränkter Haftung'),
('422bf8a9-bc60-4100-bc4f-d2edbd0dcf99', '813d7a86-d340-44e2-ab95-a8ef3e54a6fb', 'KALTAKQUISE', 'ACTIVE', 0, 'Funktion: Geschäftsführer/in (CEO) | Mitarbeiter: 1 bis 10 | Branche: Garagen'),
('d6cd015b-4c5f-435d-8e63-b0e4197d95a7', '44e58972-beeb-4ab0-8b2d-fa27a99dbfc9', 'KALTAKQUISE', 'ACTIVE', 0, 'Funktion: Geschäftsführer/in (CEO) | Mitarbeiter: 1 bis 10 | Branche: Gartenbau & -pflege'),
('702e1bfb-c254-4cad-9842-ee7c60cec345', '71ffb350-8290-4be7-aaf0-474cdde06e1d', 'KALTAKQUISE', 'ACTIVE', 0, 'Funktion: Geschäftsführer/in (CEO) | Mitarbeiter: 1 bis 10 | Branche: Sanitär & Haustechnik | Rechtsform: Aktiengesellschaft'),
('4db0f6d4-10eb-4e10-82f4-dfcf31c92470', '8406758b-f03c-471b-b1de-88b40db102bd', 'KALTAKQUISE', 'ACTIVE', 0, 'Funktion: Inhaber/in (Owner/Founder) | Mitarbeiter: 1 bis 10 | Branche: Schreinerei- & Holzbaubetriebe'),
('ef5621c7-c297-4e58-be40-4a1a76744bc4', '9f5139f4-6a8d-4137-8caf-6b84d938ced2', 'KALTAKQUISE', 'ACTIVE', 0, 'Funktion: Geschäftsführer/in (CEO) | Mitarbeiter: 11 bis 20 | Branche: Boden- & Plattenleger'),
('b2f7a3f4-765d-4ce2-8db1-4c7eaf9f92d5', 'e9854df4-4028-4fe2-954e-67b43538c761', 'KALTAKQUISE', 'ACTIVE', 0, 'Funktion: Geschäftsführer/in (CEO) | Mitarbeiter: 1 bis 10 | Branche: Atem- Meditation- & Yogacenter'),
('9e5a77c6-37f1-44f4-9541-38b0c2aa3c05', '8c039eb2-dead-4e5f-825d-81cc8271966a', 'KALTAKQUISE', 'ACTIVE', 0, 'Funktion: Geschäftsführer/in (CEO) | Mitarbeiter: 21 bis 50 | Branche: Sanitär & Haustechnik / Solar & Photovoltaik | Rechtsform: Aktiengesellschaft'),
('8126bf99-959a-44a0-b370-05d217e592c8', 'e392bddd-3343-4df4-841d-d1d9fbc5c4b3', 'KALTAKQUISE', 'ACTIVE', 0, 'Funktion: Geschäftsführer/in (CEO) | Mitarbeiter: 1 bis 10 | Branche: Sanitär & Haustechnik | Rechtsform: Aktiengesellschaft'),
('9b01db7c-3a3f-47d7-b69d-73f1d204a0eb', 'ef9be5af-b2d5-4367-877a-64c62aedb181', 'KALTAKQUISE', 'ACTIVE', 0, 'Funktion: Geschäftsführer/in (CEO) | Mitarbeiter: 11 bis 20 | Branche: Maler- & Gipsergeschäfte | Rechtsform: Aktiengesellschaft'),
('18a95f8c-23d1-46e0-bc0a-0b93467e7fe4', '2bf5de72-70cb-47db-af58-ede9975da4d5', 'KALTAKQUISE', 'ACTIVE', 0, 'Funktion: Geschäftsführer/in (CEO) | Mitarbeiter: 1 bis 10 | Branche: Treuhandbüros | Rechtsform: Aktiengesellschaft'),
('298e1fe0-a89a-4a36-bf1f-1bf02be2e64c', 'd67feef0-acfb-454f-8514-ad10358198f5', 'KALTAKQUISE', 'ACTIVE', 0, 'Funktion: Geschäftsführer/in (CEO) | Mitarbeiter: 1 bis 10 | Branche: Treuhandbüros | Rechtsform: Aktiengesellschaft'),
('4d4975c7-a949-4a49-b7db-e385c23b78c7', '69d3396e-4746-4a3c-90e8-085fd683ea4f', 'KALTAKQUISE', 'ACTIVE', 0, 'Funktion: Geschäftsführer/in (CEO) | Mitarbeiter: 1 bis 10 | Branche: Atem- Meditation- & Yogacenter'),
('56ba1a27-b75b-404b-b8e5-9cdfdd1124fe', '7484cef4-929f-410c-bb61-9b70e9d2ca1b', 'KALTAKQUISE', 'ACTIVE', 0, 'Funktion: Geschäftsführer/in (CEO) | Mitarbeiter: 1 bis 10 | Branche: Innenausstatter'),
('5cdeac2c-57c9-42b5-bd72-406988a02051', 'ff1c28f9-4be1-4384-892d-a62c6bc546d7', 'KALTAKQUISE', 'ACTIVE', 0, 'Funktion: Geschäftsführer/in (CEO) | Mitarbeiter: 1 bis 10 | Branche: Unternehmensberater'),
('f0e4f071-566f-4791-b140-e91f703fffd7', '78980547-388c-4fbc-a540-93a658e16c64', 'KALTAKQUISE', 'ACTIVE', 0, 'Funktion: Gesamtleitung/Direktion | Mitarbeiter: 1 bis 10 | Branche: Hotels'),
('60cba746-c336-44c5-b475-95971af55e35', '52b976d8-42e6-47bf-9d88-3e0f3602e5f6', 'KALTAKQUISE', 'ACTIVE', 0, 'Funktion: Geschäftsführer/in (CEO) | Mitarbeiter: 1 bis 10 | Branche: Unternehmensberater | Rechtsform: Gesellschaft mit beschränkter Haftung'),
('64574ed5-dbfe-4387-b5ba-7b3722aef3d6', '47ac1f17-5894-4542-93d3-bb261291dd34', 'KALTAKQUISE', 'ACTIVE', 0, 'Funktion: Geschäftsführer/in (CEO) | Mitarbeiter: 11 bis 20 | Branche: Textil- & Möbelindustrie / Online Shops | Rechtsform: Gesellschaft mit beschränkter Haftung'),
('057c25f0-01bc-41c9-84d2-31e438197cf2', 'f5e82932-1734-43b2-b2ad-791b6ce95379', 'KALTAKQUISE', 'ACTIVE', 0, 'Funktion: Geschäftsführer/in (CEO) | Mitarbeiter: 101 bis 500 | Branche: Top 2''000 CH-Unternehmen / Logistik- & Transportunternehmen | Rechtsform: Aktiengesellschaft'),
('feb10903-440c-4d47-8e11-355e1e529c85', '731ac158-b37a-4f8e-829a-96840783468a', 'KALTAKQUISE', 'ACTIVE', 0, 'Funktion: Geschäftsführer/in (CEO) | Mitarbeiter: 11 bis 20 | Branche: Maschinenbauindustrie | Rechtsform: Aktiengesellschaft'),
('bfcb40d8-bba2-4085-924e-8e618d27225c', 'b322af23-fa2b-4b83-9cb5-def80d5c55f4', 'KALTAKQUISE', 'ACTIVE', 0, 'Funktion: Geschäftsführer/in (CEO) | Mitarbeiter: 1 bis 10 | Branche: Chemieindustrie | Rechtsform: Aktiengesellschaft'),
('bb3892ae-fda2-4fcc-83a1-7243b9b1f10d', '04232f1d-6291-448e-a76e-6dc15194c94f', 'KALTAKQUISE', 'ACTIVE', 0, 'Funktion: Geschäftsführer/in (CEO) | Mitarbeiter: 1 bis 10 | Branche: Schreinerei- & Holzbaubetriebe | Rechtsform: Gesellschaft mit beschränkter Haftung'),
('9f9cb4ca-acf1-41e5-93fa-c4d03ac72da7', '005410ad-f2d9-46f4-a911-6869f79c270e', 'KALTAKQUISE', 'ACTIVE', 0, 'Funktion: Geschäftsführer/in (CEO) | Mitarbeiter: 51 bis 100 | Branche: Lebensmittelverarbeitung | Rechtsform: Aktiengesellschaft'),
('436f5d31-732d-4e22-bdd6-2497ae978346', 'a4b9435e-5fc2-41e8-8d69-a002e5a29f95', 'KALTAKQUISE', 'ACTIVE', 0, 'Funktion: Geschäftsführer/in (CEO) | Mitarbeiter: 11 bis 20 | Branche: Personalvermittler & -berater | Rechtsform: Aktiengesellschaft'),
('33a12e2b-2655-4608-ac18-6b09afc06271', '027b76f2-edff-4113-8c3b-02a81f760f05', 'KALTAKQUISE', 'ACTIVE', 0, 'Funktion: Geschäftsführer/in (CEO) | Mitarbeiter: 101 bis 500 | Branche: IT Unternehmen / Top 2''000 CH-Unternehmen / Unternehmensberater | Rechtsform: Aktiengesellschaft'),
('1da1621b-7839-45e5-acda-a191cb05e9a9', '2464ad03-1156-491f-8c7c-48083fc11194', 'KALTAKQUISE', 'ACTIVE', 0, 'Funktion: Geschäftsführer/in (CEO) | Mitarbeiter: 1 bis 10 | Branche: Baugeschäfte / General- & Totalunternehmungen'),
('a4747ba5-0310-4926-af56-52fd080dfd9c', '615e4381-1805-47ef-bb0a-87c913c5ad48', 'KALTAKQUISE', 'ACTIVE', 0, 'Funktion: Geschäftsführer/in (CEO) | Mitarbeiter: 1 bis 10 | Branche: Schreinerei- & Holzbaubetriebe'),
('421302aa-65c3-4f80-8623-e73ff2be4bf8', '13728fb7-2d39-4d59-9305-cc525eed01e9', 'KALTAKQUISE', 'ACTIVE', 0, 'Funktion: Geschäftsführer/in (CEO) | Mitarbeiter: 1 bis 10 | Branche: Architekturbüros / Bau- & Projektmanagement | Rechtsform: Gesellschaft mit beschränkter Haftung'),
('88fc0a92-dde1-4c99-836c-bd95ef80bc4c', '3d1aae6b-2ebc-4590-a82a-a368186714ae', 'KALTAKQUISE', 'ACTIVE', 0, 'Funktion: Geschäftsführer/in (CEO) | Mitarbeiter: 1 bis 10 | Branche: Architekturbüros | Rechtsform: Gesellschaft mit beschränkter Haftung'),
('3288b470-9109-4ba1-8b81-5d5099a3cce2', 'f4a0be6e-e8b8-43f4-b369-fda055630c5b', 'KALTAKQUISE', 'ACTIVE', 0, 'Funktion: Geschäftsführer/in (CEO) | Mitarbeiter: 11 bis 20 | Branche: Treuhandbüros | Rechtsform: Aktiengesellschaft'),
('142fcfd9-e1d0-482f-99da-5c0866d7ed17', '6790e060-ff32-4aa9-9e18-818307f84338', 'KALTAKQUISE', 'ACTIVE', 0, 'Funktion: Geschäftsführer/in (CEO) | Mitarbeiter: 1 bis 10 | Branche: Architekturbüros | Rechtsform: Aktiengesellschaft'),
('c13a9ae5-ae21-47f7-a54a-35af17beb5ea', 'fb815064-af14-41ab-99ce-a29854112dcd', 'KALTAKQUISE', 'ACTIVE', 0, 'Funktion: Geschäftsführer/in (CEO) | Mitarbeiter: 1 bis 10 | Branche: Garagen | Rechtsform: Gesellschaft mit beschränkter Haftung'),
('e70035de-b1d1-4f2c-b927-0dce89778eeb', '754a6ba4-37f6-428e-8469-628a80a96ba0', 'KALTAKQUISE', 'ACTIVE', 0, 'Funktion: Geschäftsführer/in (CEO) | Mitarbeiter: 11 bis 20 | Branche: Online Shops | Rechtsform: Aktiengesellschaft'),
('2c3d3b3d-7dda-4536-b1d8-45b519b35165', '2d2a96e7-e775-48a4-924c-ff26598b2c3f', 'KALTAKQUISE', 'ACTIVE', 0, 'Funktion: Geschäftsführer/in (CEO) | Mitarbeiter: 1 bis 10 | Branche: Catering'),
('6f54c9de-f051-4f5d-8a33-77796d3380db', '2cee5757-52d9-4e79-863a-af8b432d3136', 'KALTAKQUISE', 'ACTIVE', 0, 'Funktion: Geschäftsführer/in (CEO) | Mitarbeiter: 1 bis 10 | Branche: Gartenbau & -pflege'),
('dc743a3b-755c-45d1-9288-f3c423b98234', '233fe4ca-e311-41f4-b06d-8aadb32ef9b6', 'KALTAKQUISE', 'ACTIVE', 0, 'Funktion: Geschäftsführer/in (CEO) | Mitarbeiter: 51 bis 100 | Branche: Top 2''000 CH-Unternehmen | Rechtsform: Aktiengesellschaft'),
('b89d5f47-4431-431d-9e6c-acd641ed6ca8', 'deb20bb0-98cd-47b6-b74f-f6fb3dc72c49', 'KALTAKQUISE', 'ACTIVE', 0, 'Funktion: Geschäftsführer/in (CEO) | Mitarbeiter: 1 bis 10 | Branche: Gartenbau & -pflege'),
('dfbcd6eb-a49f-4808-82ff-a83a84a6e5a5', 'dace2d2d-4aaa-4dba-9731-3e42a1a99ccf', 'KALTAKQUISE', 'ACTIVE', 0, 'Funktion: Geschäftsführer/in (CEO) | Mitarbeiter: 1 bis 10 | Branche: Architekturbüros | Rechtsform: Gesellschaft mit beschränkter Haftung'),
('e4936f63-a923-49bd-80af-ecb14d42f967', '029085e4-ffab-4304-bf55-81760a2aba78', 'KALTAKQUISE', 'ACTIVE', 0, 'Funktion: Geschäftsführer/in (CEO) | Mitarbeiter: 1 bis 10 | Branche: Architekturbüros | Rechtsform: Gesellschaft mit beschränkter Haftung'),
('2c57b460-9857-4efb-a11a-2265627fabec', 'e98ecd82-375b-41fd-bbfe-f0d958f46cad', 'KALTAKQUISE', 'ACTIVE', 0, 'Funktion: Geschäftsführer/in (CEO) | Mitarbeiter: 1 bis 10 | Branche: Unternehmensberater | Rechtsform: Gesellschaft mit beschränkter Haftung'),
('4ade7fe5-9138-45d8-bb85-253bc69023ff', '7b35152e-d37d-47c8-8256-8da3b45d0bad', 'KALTAKQUISE', 'ACTIVE', 0, 'Funktion: Geschäftsführer/in (CEO) | Mitarbeiter: 1 bis 10 | Branche: FinTech | Rechtsform: Aktiengesellschaft'),
('41cf8807-58cc-4c36-b53c-4f045bb36e3f', 'b2536c98-c47b-461d-a725-889f783d371a', 'KALTAKQUISE', 'ACTIVE', 0, 'Funktion: Geschäftsführer/in (CEO) | Mitarbeiter: 1 bis 10 | Branche: Facility Management & Reinigungsfirmen | Rechtsform: Einzelunternehmen'),
('4599381f-c4e6-48ed-9c44-d93c2f65aedf', '407fb7a6-ac33-468d-a8c4-027c6e86fef4', 'KALTAKQUISE', 'ACTIVE', 0, 'Funktion: Geschäftsführer/in (CEO) | Mitarbeiter: 11 bis 20 | Branche: Facility Management & Reinigungsfirmen'),
('50553304-9000-468a-9fb1-2e474050de5b', '7ad9cb35-0b66-4f69-9902-50702be43f83', 'KALTAKQUISE', 'ACTIVE', 0, 'Funktion: Geschäftsführer/in (CEO) | Mitarbeiter: 11 bis 20 | Branche: Facility Management & Reinigungsfirmen | Rechtsform: Gesellschaft mit beschränkter Haftung'),
('007a7e1a-dd7a-4950-b431-88f9a0ae1dda', 'fe9141f2-80e6-4fc6-aa35-6a741f48c339', 'KALTAKQUISE', 'ACTIVE', 0, 'Funktion: Geschäftsführer/in (CEO) | Mitarbeiter: 1 bis 10 | Branche: Unternehmensberater | Rechtsform: Gesellschaft mit beschränkter Haftung'),
('822b83d7-b93e-444b-8eda-c39e28b99051', '05c8c3c5-9877-46a1-9bb5-8f433e0ac055', 'KALTAKQUISE', 'ACTIVE', 0, 'Funktion: Geschäftsführer/in (CEO) | Mitarbeiter: 1 bis 10 | Branche: Schreinerei- & Holzbaubetriebe'),
('d64af7f5-38cc-4403-a9b7-5e5466f24b9b', '210bc9f7-306e-4e74-864b-c42ab14d3d14', 'KALTAKQUISE', 'ACTIVE', 0, 'Funktion: Geschäftsführer/in (CEO) | Mitarbeiter: 11 bis 20 | Branche: Spitex | Rechtsform: Gesellschaft mit beschränkter Haftung'),
('984a8f0b-0cd8-415f-bb9f-da8c11a30ed1', '60c1937f-7da5-41f9-9408-2b2bb0b3048d', 'KALTAKQUISE', 'ACTIVE', 0, 'Funktion: Geschäftsführer/in (CEO) | Mitarbeiter: 1 bis 10 | Branche: Private Equity & Venture Capital Firmen'),
('ab2f43d3-9c8c-44ca-be77-702648a3e311', '92315bd6-920e-430d-8f78-f1e7744a2ccf', 'KALTAKQUISE', 'ACTIVE', 0, 'Funktion: Geschäftsführer/in (CEO) | Mitarbeiter: 1 bis 10 | Branche: Werbeagenturen | Rechtsform: Aktiengesellschaft'),
('5678ab23-01e3-439f-bef3-df3c87787972', '2cbe277e-aea5-4162-95ca-ecbb7be2e718', 'KALTAKQUISE', 'ACTIVE', 0, 'Funktion: Geschäftsführer/in (CEO) | Mitarbeiter: 21 bis 50 | Branche: Pensionskassen | Rechtsform: Stiftung'),
('a32a7eb6-ad1b-4e06-8888-9d28dd9646e4', 'f96ba414-807d-41d6-85f3-54209908920a', 'KALTAKQUISE', 'ACTIVE', 0, 'Funktion: Leitung Finanzen (CFO) | Mitarbeiter: 21 bis 50 | Branche: Pensionskassen | Rechtsform: Stiftung'),
('b546e015-0b37-4f56-984a-a65bd4a87af5', 'b835303e-91aa-4b4d-a1a2-6bd5e3c3dde0', 'KALTAKQUISE', 'ACTIVE', 0, 'Funktion: Geschäftsführer/in (CEO) | Mitarbeiter: 1 bis 10 | Branche: Architekturbüros | Rechtsform: Gesellschaft mit beschränkter Haftung'),
('31b02def-d05e-48f0-baa7-90db82bf2279', 'a5b8e779-d919-4a4f-8283-7742e4b96804', 'KALTAKQUISE', 'ACTIVE', 0, 'Funktion: Geschäftsführer/in (CEO) | Mitarbeiter: 1 bis 10 | Branche: Nachhaltigkeitsbereich / Solar & Photovoltaik | Rechtsform: Aktiengesellschaft'),
('ff622962-f8b8-4014-a3b0-0e7f3b33c9ad', 'e7ae286c-5bed-4ace-8c0e-f74e6b5fd922', 'KALTAKQUISE', 'ACTIVE', 0, 'Funktion: Geschäftsführer/in (CEO) | Mitarbeiter: 21 bis 50 | Branche: IT Unternehmen / FinTech | Rechtsform: Aktiengesellschaft'),
('180ec025-2b36-49a5-80be-d34eea210575', 'cb88cf8e-c6df-4f93-9615-a124078d0442', 'KALTAKQUISE', 'ACTIVE', 0, 'Funktion: Geschäftsführer/in (CEO) | Mitarbeiter: 1 bis 10 | Branche: FinTech | Rechtsform: Aktiengesellschaft'),
('91055a12-5843-4209-ace4-92cb4ee99bd0', 'e9049735-a9b0-4899-a158-aa3f9525d4d7', 'KALTAKQUISE', 'ACTIVE', 0, 'Funktion: Geschäftsführer/in (CEO) | Mitarbeiter: 21 bis 50 | Branche: Elektroindustrie / Nachhaltigkeitsbereich | Rechtsform: Gesellschaft mit beschränkter Haftung'),
('170fde9a-df81-44d0-a3b8-1ed527731db3', '4b25b9e9-a861-4b12-a224-026795931520', 'KALTAKQUISE', 'ACTIVE', 0, 'Funktion: Geschäftsführer/in (CEO) | Mitarbeiter: 1 bis 10 | Branche: IT Unternehmen | Rechtsform: Gesellschaft mit beschränkter Haftung'),
('b1f4ff6c-c16b-4c5d-bcaa-84771c05fbfb', '419572b3-0232-46ec-bebd-553df6871de0', 'KALTAKQUISE', 'ACTIVE', 0, 'Funktion: Geschäftsführer/in (CEO) | Mitarbeiter: 1 bis 10 | Branche: Werbeagenturen | Rechtsform: Gesellschaft mit beschränkter Haftung'),
('1ba93d55-992b-4547-bedf-f096b0471cdd', '9ce7855b-2a69-4b33-a8ec-a0085d23d1f8', 'KALTAKQUISE', 'ACTIVE', 0, 'Funktion: Geschäftsführer/in (CEO) | Mitarbeiter: 21 bis 50 | Branche: Architekturbüros | Rechtsform: Aktiengesellschaft'),
('e5103970-4f0f-42b5-acb4-0d6af2036512', '828f54f4-918f-4e69-b2fe-558b0626f0c6', 'KALTAKQUISE', 'ACTIVE', 0, 'Funktion: Geschäftsführer/in (CEO) | Mitarbeiter: 1 bis 10 | Branche: Clubs, Bars & Eventlocations'),
('3feedffc-d060-429a-8810-2582a1d08ac8', '27714e6e-10c2-4864-bb5f-7731be772ee9', 'KALTAKQUISE', 'ACTIVE', 0, 'Funktion: Geschäftsführer/in (CEO) | Mitarbeiter: 1 bis 10 | Branche: Lebensmittelverarbeitung | Rechtsform: Einzelunternehmen'),
('0fe2c2db-857f-45eb-a1a5-c1c16cdce733', '39e8d66d-2d09-4c97-bec9-9af3af347617', 'KALTAKQUISE', 'ACTIVE', 0, 'Funktion: Geschäftsführer/in (CEO) | Mitarbeiter: 1 bis 10 | Branche: Lebensmittelverarbeitung / Online Shops | Rechtsform: Kollektivgesellschaft'),
('5c100c1a-dcbd-43d6-a561-fedb6b020f92', 'b0e44a19-2986-4a3c-8aa5-4f077c309093', 'KALTAKQUISE', 'ACTIVE', 0, 'Funktion: Geschäftsführer/in (CEO) | Mitarbeiter: 1 bis 10 | Branche: Gartenbau & -pflege'),
('04e1ae73-d53b-45ae-ac04-c0dc557d9b32', 'eaea5f21-a3c2-49ed-b033-d52624e64332', 'KALTAKQUISE', 'ACTIVE', 0, 'Funktion: Geschäftsführer/in (CEO) | Mitarbeiter: 11 bis 20 | Branche: Online Shops | Rechtsform: Aktiengesellschaft'),
('754cb9c6-e227-4ca6-b42d-766586be6dcc', '07a7da9e-dad5-4331-aa28-265f6639db0a', 'KALTAKQUISE', 'ACTIVE', 0, 'Funktion: Geschäftsführer/in (CEO) | Mitarbeiter: 1 bis 10 | Branche: Werbeagenturen | Rechtsform: Aktiengesellschaft'),
('13b8884c-bd5c-4998-a40c-2665bffc9fa4', '72e9a957-24ea-462e-9270-7cba095f54aa', 'KALTAKQUISE', 'ACTIVE', 0, 'Funktion: Geschäftsführer/in (CEO) | Mitarbeiter: 1 bis 10 | Branche: Uhrenindustrie | Rechtsform: Aktiengesellschaft'),
('b30145d8-05c9-4c6e-9a19-130d33ef28e8', '8754cbea-d4e5-4df0-9ef4-a58f9988739a', 'KALTAKQUISE', 'ACTIVE', 0, 'Funktion: Geschäftsführer/in (CEO) | Mitarbeiter: 1 bis 10 | Branche: Online Shops | Rechtsform: Aktiengesellschaft'),
('1de1ff86-a48e-42d1-a65b-3a105a3e6e55', 'b7394a26-bffa-4c7f-816a-31a838a97c09', 'KALTAKQUISE', 'ACTIVE', 0, 'Funktion: Geschäftsführer/in (CEO) | Mitarbeiter: 1 bis 10 | Branche: Kosmetikstudios'),
('a106daeb-7e0a-4696-a793-2cc0c7094232', '3483098f-e3c1-4d21-9052-a4c2ec5f871c', 'KALTAKQUISE', 'ACTIVE', 0, 'Funktion: Geschäftsführer/in (CEO) | Mitarbeiter: 1 bis 10 | Branche: Kosmetikstudios'),
('3bb92815-6779-4124-8a24-8989a08d4cd3', 'bfd10a03-389a-4a28-974e-cf89d40d60b2', 'KALTAKQUISE', 'ACTIVE', 0, 'Funktion: Geschäftsführer/in (CEO) | Mitarbeiter: 21 bis 50 | Branche: Elektroindustrie / Elektroplanung & Installation | Rechtsform: Aktiengesellschaft'),
('55a720c2-e47c-4e0e-816b-e6ba5e2d5214', 'd5bea227-ebee-48a8-b789-0902cd4f9624', 'KALTAKQUISE', 'ACTIVE', 0, 'Funktion: Geschäftsführer/in (CEO) | Mitarbeiter: 21 bis 50 | Branche: Versicherungen'),
('6f5e6f5f-3d99-40a8-9c0e-428389081fdc', 'cdb7d519-c7b6-4b34-b450-35baf13d4715', 'KALTAKQUISE', 'ACTIVE', 0, 'Funktion: Geschäftsführer/in (CEO) | Mitarbeiter: 1 bis 10 | Branche: Architekturbüros | Rechtsform: Aktiengesellschaft'),
('78b438cf-b37e-482a-aeb6-5f58b984890b', '3306ac7e-c480-4a19-8faa-2b0cebce12a3', 'KALTAKQUISE', 'ACTIVE', 0, 'Funktion: Geschäftsführer/in (CEO) | Mitarbeiter: 1 bis 10 | Branche: Unternehmensberater | Rechtsform: Einzelunternehmen'),
('6fc9eea9-f537-45b2-85bb-453956bc1a1d', 'a924e430-18de-4a36-8191-94b65ba6d58a', 'KALTAKQUISE', 'ACTIVE', 0, 'Funktion: Geschäftsführer/in (CEO) | Mitarbeiter: 1 bis 10 | Branche: Architekturbüros / Bau- & Projektmanagement / Bauherrenvertretung | Rechtsform: Aktiengesellschaft'),
('573bebbb-d327-4f0a-bdf1-dedfbf4414b9', '53bf8132-c6b6-4f78-8097-6fadba5b9335', 'KALTAKQUISE', 'ACTIVE', 0, 'Funktion: Geschäftsführer/in (CEO) | Mitarbeiter: 11 bis 20 | Branche: Logistik- & Transportunternehmen | Rechtsform: Aktiengesellschaft'),
('91e3c35a-c3f4-40d6-b758-32c644ebb789', '6b89f7eb-c677-4dc0-8a91-d38b83ac4f04', 'KALTAKQUISE', 'ACTIVE', 0, 'Funktion: Geschäftsführer/in (CEO) | Mitarbeiter: 1 bis 10 | Branche: Spitex | Rechtsform: Gesellschaft mit beschränkter Haftung'),
('5d668fb8-3b93-4fc1-a4b5-38a3e38f6e59', 'd748786a-2285-4eef-b963-f28cece3d29b', 'KALTAKQUISE', 'ACTIVE', 0, 'Funktion: Geschäftsführer/in (CEO) | Mitarbeiter: 1 bis 10 | Branche: Medizintechnik-Industrie | Rechtsform: Aktiengesellschaft'),
('0f0c2a25-986f-4e65-a4ab-796072bc42e7', '98f1d053-dd85-4072-9463-d9cfaab282e6', 'KALTAKQUISE', 'ACTIVE', 0, 'Funktion: Geschäftsführer/in (CEO) | Mitarbeiter: 101 bis 500 | Branche: IT Unternehmen / Unternehmensberater | Rechtsform: Aktiengesellschaft'),
('770e4185-9d69-4ab8-beeb-08d7d3b6a944', '0e21f2ff-609b-4daa-a927-6e2b279cf414', 'KALTAKQUISE', 'ACTIVE', 0, 'Funktion: Geschäftsführer/in (CEO) | Mitarbeiter: 11 bis 20 | Branche: Elektroindustrie | Rechtsform: Gesellschaft mit beschränkter Haftung'),
('73f619df-bac1-42cf-924d-84848dd2990e', 'e8987aa5-e338-4901-a320-20b09ee2a919', 'KALTAKQUISE', 'ACTIVE', 0, 'Funktion: Geschäftsführer/in (CEO) | Mitarbeiter: 1 bis 10 | Branche: Werbeagenturen | Rechtsform: Gesellschaft mit beschränkter Haftung'),
('d5775fc1-1239-4d4e-82a9-5b464489242d', '9b23d04f-d046-488b-8904-156db6741dd1', 'KALTAKQUISE', 'ACTIVE', 0, 'Funktion: Leitung Schule | Mitarbeiter: 21 bis 50 | Branche: Schulen'),
('3e70316a-ff54-4f93-b5e1-9305dd155fc7', '56051242-dc14-490a-b77f-b9592a6742c8', 'KALTAKQUISE', 'ACTIVE', 0, 'Funktion: Geschäftsführer/in (CEO) | Mitarbeiter: 1 bis 10 | Branche: Personalvermittler & -berater | Rechtsform: Aktiengesellschaft'),
('5aa70297-fd97-4f01-859b-2394dc845541', '4bb21c11-5a83-4c8a-8340-ddb9efe8597d', 'KALTAKQUISE', 'ACTIVE', 0, 'Funktion: Geschäftsführer/in (CEO) | Mitarbeiter: 1 bis 10 | Branche: Metallbauer | Rechtsform: Aktiengesellschaft'),
('26e83c11-b110-4be3-9049-601fe89332ea', '772b8f8d-8e53-47df-a553-3ecd5a0868df', 'KALTAKQUISE', 'ACTIVE', 0, 'Funktion: Geschäftsführer/in (CEO) | Mitarbeiter: 11 bis 20 | Branche: Online Shops | Rechtsform: Aktiengesellschaft'),
('0ec0ee76-ac38-46e9-bf08-821633b14c50', '85580cd4-eda0-4152-b5ec-d79d67bad998', 'KALTAKQUISE', 'ACTIVE', 0, 'Funktion: Geschäftsführer/in (CEO) | Mitarbeiter: 51 bis 100 | Branche: NGO & NPO / Online Shops | Rechtsform: Verein'),
('79ff1f0b-e40b-4013-899d-b6161c292fa7', '98be8d90-c226-4d96-896e-ffb5365ece87', 'KALTAKQUISE', 'ACTIVE', 0, 'Funktion: Geschäftsführer/in (CEO) | Mitarbeiter: 1 bis 10 | Branche: IT Unternehmen | Rechtsform: Aktiengesellschaft'),
('cf1de012-662c-4b1f-8ec9-98f3338ed1dd', '4b40e623-4100-4d59-873b-c48187ea3f34', 'KALTAKQUISE', 'ACTIVE', 0, 'Funktion: Geschäftsführer/in (CEO) | Mitarbeiter: 1 bis 10 | Branche: Unternehmensberater / Private Equity & Venture Capital Firmen | Rechtsform: Gesellschaft mit beschränkter Haftung'),
('0ab063bf-eeed-4b71-8d3d-e2a173deca8a', '743c4d7c-1a5f-43e9-a42f-44527fdeaed8', 'KALTAKQUISE', 'ACTIVE', 0, 'Funktion: Geschäftsführer/in (CEO) | Mitarbeiter: 1 bis 10 | Branche: Unternehmensberater | Rechtsform: Einzelunternehmen'),
('dc4914d6-db20-4168-a66f-4d9e46f6e2f4', 'a6eb616c-ed27-405f-b2a1-3fdda3ec76e3', 'KALTAKQUISE', 'ACTIVE', 0, 'Funktion: Geschäftsführer/in (CEO) | Mitarbeiter: 1 bis 10 | Branche: Treuhandbüros | Rechtsform: Aktiengesellschaft'),
('69ee9f01-d106-463b-a5b0-bab6ba6b67ac', '59fa45dd-5361-4136-9572-6b1b3e1b93b1', 'KALTAKQUISE', 'ACTIVE', 0, 'Funktion: Geschäftsführer/in (CEO) | Mitarbeiter: 11 bis 20 | Branche: Sanitär & Haustechnik / Immobilienprojektentwicklung / Bauherrenvertretung | Rechtsform: Aktiengesellschaft'),
('025a5bce-2c41-4347-9ada-9614ef526fc3', '631fb88f-caeb-400c-88c8-bea563862a9b', 'KALTAKQUISE', 'ACTIVE', 0, 'Funktion: Geschäftsführer/in (CEO) | Mitarbeiter: 11 bis 20 | Branche: Medizintechnik-Industrie | Rechtsform: Aktiengesellschaft'),
('89c3849d-a1cd-46d1-8e3b-bba164726947', 'a58a3130-96b4-490e-8ae9-a17a7a7fec3e', 'KALTAKQUISE', 'ACTIVE', 0, 'Funktion: Geschäftsführer/in (CEO) | Mitarbeiter: 1 bis 10 | Branche: Restaurants'),
('81ee2f91-f699-4daa-8374-c4f2f6e3e093', '3a519bc6-8dad-4d02-9a4b-592b9b55b5b3', 'KALTAKQUISE', 'ACTIVE', 0, 'Funktion: Geschäftsführer/in (CEO) | Mitarbeiter: 11 bis 20 | Branche: Treuhandbüros | Rechtsform: Aktiengesellschaft'),
('1ceb4152-c4dc-4ce6-9256-de6c71b4f331', '11f304e3-bd12-481c-99b8-f76dd3b9203b', 'KALTAKQUISE', 'ACTIVE', 0, 'Funktion: Geschäftsführer/in (CEO) | Mitarbeiter: 1 bis 10 | Branche: Treuhandbüros | Rechtsform: Aktiengesellschaft'),
('3e1b63ed-686d-4b92-838b-21b5cd0a27a1', '3a25c5cf-da46-4fcf-9630-36cff39d9713', 'KALTAKQUISE', 'ACTIVE', 0, 'Funktion: Geschäftsführer/in (CEO) | Mitarbeiter: 1 bis 10 | Branche: Chemieindustrie | Rechtsform: Aktiengesellschaft'),
('dbb39101-a794-4b00-aace-bcb1dd491a8b', '658156b8-880a-4911-b79b-f9a61550ea2e', 'KALTAKQUISE', 'ACTIVE', 0, 'Funktion: Geschäftsführer/in (CEO) | Mitarbeiter: 11 bis 20 | Branche: Lebensmittelverarbeitung | Rechtsform: Aktiengesellschaft'),
('e5c2f16e-d9e5-402a-a7d8-9933a556d4aa', '448c3979-46e9-4ef4-9621-42c3036bde2b', 'KALTAKQUISE', 'ACTIVE', 0, 'Funktion: Geschäftsführer/in (CEO) | Mitarbeiter: 1 bis 10 | Branche: Bau- & Projektmanagement / Bauherrenvertretung | Rechtsform: Gesellschaft mit beschränkter Haftung'),
('1f77d1e1-da42-40e6-8e70-b8eef7a86ea8', '78c0f064-3530-4077-b0dd-c1d492355f48', 'KALTAKQUISE', 'ACTIVE', 0, 'Funktion: Geschäftsführer/in (CEO) | Mitarbeiter: 11 bis 20 | Branche: Life-Science-Industrie | Rechtsform: Aktiengesellschaft'),
('796c78f7-3df7-4243-afc5-5e24e9f6aec6', 'f0ca7ec7-45eb-489a-9b84-3099db45fe24', 'KALTAKQUISE', 'ACTIVE', 0, 'Funktion: Geschäftsführer/in (CEO) | Mitarbeiter: 11 bis 20 | Branche: Unternehmensberater | Rechtsform: Aktiengesellschaft');

INSERT INTO lead_tags (lead_id, tag_id) VALUES
('0867f8c4-7f62-4bcd-9849-ad2e8e5bcbd0', 'ka-b2b'),
('06eb527f-6966-4933-8157-a422bef1a868', 'ka-b2b'),
('73842df2-7d7e-4189-80c2-c9a7eec5d202', 'ka-b2b'),
('37cc14f4-1291-4cae-9b6c-814aa3783840', 'ka-b2b'),
('68d85c33-c878-4b14-9da7-89d9eae201e8', 'ka-b2b'),
('beb3b254-f203-43b4-8cda-49b13c286af0', 'ka-b2b'),
('f3379d38-6ee7-4432-96fb-7cfffa317571', 'ka-b2b'),
('79c85848-d37a-45ea-948d-446f30c5170b', 'ka-b2b'),
('815fa754-931c-417e-ae27-9764b51aff72', 'ka-b2b'),
('d9e2e4ff-136a-48de-a438-fe2c6d00ea28', 'ka-b2b'),
('440a6485-c160-4c06-9286-8290494b978a', 'ka-b2b'),
('1f421e03-2c9d-4b21-9b8f-e9b08aaa4af8', 'ka-b2b'),
('52b725c3-d9c5-42b8-bd3e-6fc1a69126bd', 'ka-b2b'),
('0546f70d-dbb3-4c02-8df9-1d119900f10f', 'ka-b2b'),
('d2579417-a620-49a0-b8f4-4f03949fa308', 'ka-b2b'),
('14a31123-8648-485e-8589-ab68da0afb7d', 'ka-b2b'),
('984839ca-07fe-42d0-aa63-53058e0af09e', 'ka-b2b'),
('b2906a8e-3017-4b67-9425-702b90b3e499', 'ka-b2b'),
('8f6a0cf7-bd38-4f58-81dd-8604ecda8b75', 'ka-b2b'),
('e25bed76-76f0-4ffb-acae-b74eba105e7a', 'ka-b2b'),
('45a3a829-cf0a-49be-8f70-dcc90bbd1c5e', 'ka-b2b'),
('c2dcbd50-187e-4a3c-80d6-1e67600936d1', 'ka-b2b'),
('775d292a-216d-4412-93d5-72253bda6fc7', 'ka-b2b'),
('54f234d5-b3d2-4781-9334-5c83864fc9d1', 'ka-b2b'),
('252f0959-74bc-46fa-b301-63e4ca6b50ec', 'ka-b2b'),
('acb676bc-10b1-4c33-9a81-b52b8a048ff3', 'ka-b2b'),
('02f39d8e-42fd-4bc7-aab0-769e6ff47160', 'ka-b2b'),
('3d62bb90-f5f2-4ef5-bda3-fccec2ad86bf', 'ka-b2b'),
('56e57746-ba45-412c-81bb-15b380ce962d', 'ka-b2b'),
('3a7f749a-ea41-4cdf-ab6b-f678fe0ba1d6', 'ka-b2b'),
('946cf007-ae35-4ea3-ae97-9a380781962a', 'ka-b2b'),
('7019e4a4-f0a8-43f5-af95-1e53a1f98d95', 'ka-b2b'),
('fd899e95-e6bf-4ad8-9219-83e33c744260', 'ka-b2b'),
('402c5e4d-03c8-4b61-8b6e-9447cf96ea9a', 'ka-b2b'),
('733b9ee3-9dbf-48bd-8829-5bf0bba265bf', 'ka-b2b'),
('638066a3-3945-4502-8707-68fe2787b000', 'ka-b2b'),
('66ba60ba-a1ba-4758-8a43-c4983cb6e0de', 'ka-b2b'),
('189daf62-f7b2-4604-b2bb-9adc16d24e01', 'ka-b2b'),
('7364fedd-bef0-41e8-8e16-36ae5873bbb7', 'ka-b2b'),
('4da47bb4-24e4-41db-b47a-b41ffdd29fc2', 'ka-b2b'),
('71f39463-dda3-429d-9104-18d629ea2003', 'ka-b2b'),
('c6f949c5-70b0-4377-a55e-29f6a70ad5e7', 'ka-b2b'),
('750655b0-eaf4-42bd-8380-074b8ddbf1bb', 'ka-b2b'),
('cf72584c-b4e2-4fc8-ae28-1c3eaf591beb', 'ka-b2b'),
('a4fd7636-60b7-45f3-a30c-910d7d5bc207', 'ka-b2b'),
('a9748fb0-f408-4bc6-80ac-26f1aec488d6', 'ka-b2b'),
('5477e571-afff-410d-b80b-e59d575d452d', 'ka-b2b'),
('50878725-bd2a-408b-a774-582134967766', 'ka-b2b'),
('d21e4711-5c72-44be-9a98-145a3a45e77c', 'ka-b2b'),
('ab6401b4-3c1a-4766-ae0a-28477ea15c16', 'ka-b2b'),
('9fa967b9-0e01-4329-9dab-e4c33a10f904', 'ka-b2b'),
('3fde57ed-d614-4ad9-a92c-ad8b91173ea1', 'ka-b2b'),
('f6ac9089-8f58-456e-8b12-860166b4a4ab', 'ka-b2b'),
('8c0ee453-1d1b-4908-9ba9-0d790639f796', 'ka-b2b'),
('563d0f77-f703-487b-89c9-2d74b7cc8d02', 'ka-b2b'),
('3e39d7a0-eec0-4d8d-b2c5-f8cd0439e6d6', 'ka-b2b'),
('45b93f88-68e1-4f3d-8940-d6c15c08e866', 'ka-b2b'),
('257c1273-9108-4681-83c2-454a440342d2', 'ka-b2b'),
('7cae85c8-a75d-4c88-9f49-3c421e4e5488', 'ka-b2b'),
('66075ec6-e995-43a1-a507-4d8e2504f951', 'ka-b2b'),
('7e4675af-5c5c-4bfa-a1b3-cd4477b0149b', 'ka-b2b'),
('be02db97-138b-43a9-8250-fc063b544937', 'ka-b2b'),
('bf7fb817-b86c-4766-a937-e2a178db178c', 'ka-b2b'),
('61fc6761-aefa-4625-b02a-65ef763ed664', 'ka-b2b'),
('4b028719-8101-47b2-a3da-e80f07037c04', 'ka-b2b'),
('95154c6e-5160-49cc-8a3a-706bf491ada7', 'ka-b2b'),
('268fe189-ec27-49e9-8eb5-f2e26397d300', 'ka-b2b'),
('b497fe55-3654-460f-9be7-a28c648203ec', 'ka-b2b'),
('49279a6a-7b01-4a7c-8fbc-bd046deb64dd', 'ka-b2b'),
('7a902370-fc9a-4702-8c7c-2e0bfcdcbe87', 'ka-b2b'),
('9cca2fc3-2309-4152-b919-c3d5d666134f', 'ka-b2b'),
('bce5190b-3da3-43a8-9838-d14daaa6ca15', 'ka-b2b'),
('9afe0432-421a-4c0d-ac75-ff8cdc7c7fb4', 'ka-b2b'),
('7ac4587e-8153-4c4b-8d7e-b100d9308eff', 'ka-b2b'),
('101bcd96-7b84-4f5d-a948-2839e7487ebf', 'ka-b2b'),
('8290b6e3-0a2c-44c8-8843-0be168d82e29', 'ka-b2b'),
('48119346-44f0-4791-8800-d375be226c9c', 'ka-b2b'),
('3e10fad6-eeb6-4f02-b761-841458af89f3', 'ka-b2b'),
('26939b2e-887d-4244-a4cf-890ab5f38ec1', 'ka-b2b'),
('97277018-3100-4313-8bd5-db4538c7f511', 'ka-b2b'),
('317e7094-8a2a-478a-bae9-b05c963807f0', 'ka-b2b'),
('6ccc5863-d521-4a18-a71e-34cb7813f4c9', 'ka-b2b'),
('29ac4377-d539-49dd-827f-c1a46334c54c', 'ka-b2b'),
('464950eb-76d4-4bbb-b8c5-d246c77a8691', 'ka-b2b'),
('c9968765-167b-41b5-a90b-4f2b37612790', 'ka-b2b'),
('ee3c4f3c-ff51-4387-abe9-7b367d1ec5ec', 'ka-b2b'),
('a1066510-1936-4d40-9340-7016472eb96e', 'ka-b2b'),
('f9b1cbc7-bd1c-4c13-aa45-5c7454e9f15e', 'ka-b2b'),
('e0173586-0c19-4af0-b50e-ee4aa28ee2d3', 'ka-b2b'),
('ce6617a9-be55-44fa-a4ab-229f890a437d', 'ka-b2b'),
('ac18c7fd-77e6-4f35-a5fe-30c2ab828584', 'ka-b2b'),
('a2bcf482-c8fe-431a-b7e8-93ffe0aeea1f', 'ka-b2b'),
('2223f871-f14d-4154-97b6-1b53b3e545bc', 'ka-b2b'),
('bcb73287-b734-4363-8758-f64b00902c10', 'ka-b2b'),
('95307eb1-e3e3-4e6a-9694-a25fc27c5cf9', 'ka-b2b'),
('7dce50ba-01ac-48eb-a59e-ff86eed77359', 'ka-b2b'),
('4796ec32-6b6e-4866-be0d-697e0ffca372', 'ka-b2b'),
('dc101e03-3159-487b-88a5-56a9333d82e7', 'ka-b2b'),
('c57e83df-0ac2-4151-b17d-c16267fca9ba', 'ka-b2b'),
('2813f354-8175-4730-90da-a9edf632263d', 'ka-b2b'),
('813fc3dd-96e6-4ac0-b03f-072cd9ded90e', 'ka-b2b'),
('2b17c2b1-33f0-4a6c-98aa-1e8e51296f42', 'ka-b2b'),
('422bf8a9-bc60-4100-bc4f-d2edbd0dcf99', 'ka-b2b'),
('d6cd015b-4c5f-435d-8e63-b0e4197d95a7', 'ka-b2b'),
('702e1bfb-c254-4cad-9842-ee7c60cec345', 'ka-b2b'),
('4db0f6d4-10eb-4e10-82f4-dfcf31c92470', 'ka-b2b'),
('ef5621c7-c297-4e58-be40-4a1a76744bc4', 'ka-b2b'),
('b2f7a3f4-765d-4ce2-8db1-4c7eaf9f92d5', 'ka-b2b'),
('9e5a77c6-37f1-44f4-9541-38b0c2aa3c05', 'ka-b2b'),
('8126bf99-959a-44a0-b370-05d217e592c8', 'ka-b2b'),
('9b01db7c-3a3f-47d7-b69d-73f1d204a0eb', 'ka-b2b'),
('18a95f8c-23d1-46e0-bc0a-0b93467e7fe4', 'ka-b2b'),
('298e1fe0-a89a-4a36-bf1f-1bf02be2e64c', 'ka-b2b'),
('4d4975c7-a949-4a49-b7db-e385c23b78c7', 'ka-b2b'),
('56ba1a27-b75b-404b-b8e5-9cdfdd1124fe', 'ka-b2b'),
('5cdeac2c-57c9-42b5-bd72-406988a02051', 'ka-b2b'),
('f0e4f071-566f-4791-b140-e91f703fffd7', 'ka-b2b'),
('60cba746-c336-44c5-b475-95971af55e35', 'ka-b2b'),
('64574ed5-dbfe-4387-b5ba-7b3722aef3d6', 'ka-b2b'),
('057c25f0-01bc-41c9-84d2-31e438197cf2', 'ka-b2b'),
('feb10903-440c-4d47-8e11-355e1e529c85', 'ka-b2b'),
('bfcb40d8-bba2-4085-924e-8e618d27225c', 'ka-b2b'),
('bb3892ae-fda2-4fcc-83a1-7243b9b1f10d', 'ka-b2b'),
('9f9cb4ca-acf1-41e5-93fa-c4d03ac72da7', 'ka-b2b'),
('436f5d31-732d-4e22-bdd6-2497ae978346', 'ka-b2b'),
('33a12e2b-2655-4608-ac18-6b09afc06271', 'ka-b2b'),
('1da1621b-7839-45e5-acda-a191cb05e9a9', 'ka-b2b'),
('a4747ba5-0310-4926-af56-52fd080dfd9c', 'ka-b2b'),
('421302aa-65c3-4f80-8623-e73ff2be4bf8', 'ka-b2b'),
('88fc0a92-dde1-4c99-836c-bd95ef80bc4c', 'ka-b2b'),
('3288b470-9109-4ba1-8b81-5d5099a3cce2', 'ka-b2b'),
('142fcfd9-e1d0-482f-99da-5c0866d7ed17', 'ka-b2b'),
('c13a9ae5-ae21-47f7-a54a-35af17beb5ea', 'ka-b2b'),
('e70035de-b1d1-4f2c-b927-0dce89778eeb', 'ka-b2b'),
('2c3d3b3d-7dda-4536-b1d8-45b519b35165', 'ka-b2b'),
('6f54c9de-f051-4f5d-8a33-77796d3380db', 'ka-b2b'),
('dc743a3b-755c-45d1-9288-f3c423b98234', 'ka-b2b'),
('b89d5f47-4431-431d-9e6c-acd641ed6ca8', 'ka-b2b'),
('dfbcd6eb-a49f-4808-82ff-a83a84a6e5a5', 'ka-b2b'),
('e4936f63-a923-49bd-80af-ecb14d42f967', 'ka-b2b'),
('2c57b460-9857-4efb-a11a-2265627fabec', 'ka-b2b'),
('4ade7fe5-9138-45d8-bb85-253bc69023ff', 'ka-b2b'),
('41cf8807-58cc-4c36-b53c-4f045bb36e3f', 'ka-b2b'),
('4599381f-c4e6-48ed-9c44-d93c2f65aedf', 'ka-b2b'),
('50553304-9000-468a-9fb1-2e474050de5b', 'ka-b2b'),
('007a7e1a-dd7a-4950-b431-88f9a0ae1dda', 'ka-b2b'),
('822b83d7-b93e-444b-8eda-c39e28b99051', 'ka-b2b'),
('d64af7f5-38cc-4403-a9b7-5e5466f24b9b', 'ka-b2b'),
('984a8f0b-0cd8-415f-bb9f-da8c11a30ed1', 'ka-b2b'),
('ab2f43d3-9c8c-44ca-be77-702648a3e311', 'ka-b2b'),
('5678ab23-01e3-439f-bef3-df3c87787972', 'ka-b2b'),
('a32a7eb6-ad1b-4e06-8888-9d28dd9646e4', 'ka-b2b'),
('b546e015-0b37-4f56-984a-a65bd4a87af5', 'ka-b2b'),
('31b02def-d05e-48f0-baa7-90db82bf2279', 'ka-b2b'),
('ff622962-f8b8-4014-a3b0-0e7f3b33c9ad', 'ka-b2b'),
('180ec025-2b36-49a5-80be-d34eea210575', 'ka-b2b'),
('91055a12-5843-4209-ace4-92cb4ee99bd0', 'ka-b2b'),
('170fde9a-df81-44d0-a3b8-1ed527731db3', 'ka-b2b'),
('b1f4ff6c-c16b-4c5d-bcaa-84771c05fbfb', 'ka-b2b'),
('1ba93d55-992b-4547-bedf-f096b0471cdd', 'ka-b2b'),
('e5103970-4f0f-42b5-acb4-0d6af2036512', 'ka-b2b'),
('3feedffc-d060-429a-8810-2582a1d08ac8', 'ka-b2b'),
('0fe2c2db-857f-45eb-a1a5-c1c16cdce733', 'ka-b2b'),
('5c100c1a-dcbd-43d6-a561-fedb6b020f92', 'ka-b2b'),
('04e1ae73-d53b-45ae-ac04-c0dc557d9b32', 'ka-b2b'),
('754cb9c6-e227-4ca6-b42d-766586be6dcc', 'ka-b2b'),
('13b8884c-bd5c-4998-a40c-2665bffc9fa4', 'ka-b2b'),
('b30145d8-05c9-4c6e-9a19-130d33ef28e8', 'ka-b2b'),
('1de1ff86-a48e-42d1-a65b-3a105a3e6e55', 'ka-b2b'),
('a106daeb-7e0a-4696-a793-2cc0c7094232', 'ka-b2b'),
('3bb92815-6779-4124-8a24-8989a08d4cd3', 'ka-b2b'),
('55a720c2-e47c-4e0e-816b-e6ba5e2d5214', 'ka-b2b'),
('6f5e6f5f-3d99-40a8-9c0e-428389081fdc', 'ka-b2b'),
('78b438cf-b37e-482a-aeb6-5f58b984890b', 'ka-b2b'),
('6fc9eea9-f537-45b2-85bb-453956bc1a1d', 'ka-b2b'),
('573bebbb-d327-4f0a-bdf1-dedfbf4414b9', 'ka-b2b'),
('91e3c35a-c3f4-40d6-b758-32c644ebb789', 'ka-b2b'),
('5d668fb8-3b93-4fc1-a4b5-38a3e38f6e59', 'ka-b2b'),
('0f0c2a25-986f-4e65-a4ab-796072bc42e7', 'ka-b2b'),
('770e4185-9d69-4ab8-beeb-08d7d3b6a944', 'ka-b2b'),
('73f619df-bac1-42cf-924d-84848dd2990e', 'ka-b2b'),
('d5775fc1-1239-4d4e-82a9-5b464489242d', 'ka-b2b'),
('3e70316a-ff54-4f93-b5e1-9305dd155fc7', 'ka-b2b'),
('5aa70297-fd97-4f01-859b-2394dc845541', 'ka-b2b'),
('26e83c11-b110-4be3-9049-601fe89332ea', 'ka-b2b'),
('0ec0ee76-ac38-46e9-bf08-821633b14c50', 'ka-b2b'),
('79ff1f0b-e40b-4013-899d-b6161c292fa7', 'ka-b2b'),
('cf1de012-662c-4b1f-8ec9-98f3338ed1dd', 'ka-b2b'),
('0ab063bf-eeed-4b71-8d3d-e2a173deca8a', 'ka-b2b'),
('dc4914d6-db20-4168-a66f-4d9e46f6e2f4', 'ka-b2b'),
('69ee9f01-d106-463b-a5b0-bab6ba6b67ac', 'ka-b2b'),
('025a5bce-2c41-4347-9ada-9614ef526fc3', 'ka-b2b'),
('89c3849d-a1cd-46d1-8e3b-bba164726947', 'ka-b2b'),
('81ee2f91-f699-4daa-8374-c4f2f6e3e093', 'ka-b2b'),
('1ceb4152-c4dc-4ce6-9256-de6c71b4f331', 'ka-b2b'),
('3e1b63ed-686d-4b92-838b-21b5cd0a27a1', 'ka-b2b'),
('dbb39101-a794-4b00-aace-bcb1dd491a8b', 'ka-b2b'),
('e5c2f16e-d9e5-402a-a7d8-9933a556d4aa', 'ka-b2b'),
('1f77d1e1-da42-40e6-8e70-b8eef7a86ea8', 'ka-b2b'),
('796c78f7-3df7-4243-afc5-5e24e9f6aec6', 'ka-b2b');
