-- Batch 48 (200 records)
INSERT INTO contacts (id, first_name, last_name, email, phone, company, address) VALUES
('dd94ae8f-922e-4167-82b5-6810733df80b', 'Ben', 'Belaid', 'belaids.reinigungen@gmail.com', '076 791 20 30', 'BELAIDS REINIGUNGEN', 'Freiburgstrasse 545, 3172 Niederwangen b. Bern, Bern'),
('c9a52a1a-162d-4e3a-91d8-53b3c90e0d8e', 'Urs', 'Zenhäusern', 'bahnen@belalp.ch', '027 921 65 10', 'Belalp Bahnen AG', 'Rischinustrasse 5, 3914 Blatten b. Naters, Wallis/Valais'),
('00e6425e-4c31-42f2-a669-560791ddeb3a', 'Daniel', 'Widmann', 'info@belarlicht.ch', '031 371 77 30', 'Belar Licht AG', 'Wilkerstrasse 20, 3097 Liebefeld, Bern'),
('414ebba0-a62a-4ca5-a562-ce41afa47df0', 'Sven', 'Bodenmann', 'sven.bodenmann@belarosa.ch', '081 378 89 89', 'BelArosa Hotel', 'Eichhörnliweg 1, 7050 Arosa, Graubünden'),
('fec67f0e-76e6-4d0c-a46a-d9af01191796', 'Denis', 'Belart', 'denis@belart-immobilien.ch', '078 805 44 88', 'Belart-Immobilien AG', 'Wolfackerstrasse 3a, 4658 Däniken, Solothurn'),
('8a5cd552-e404-44e5-8474-2cadac36f991', 'Jürgen', 'Schaerer', 'info@belatec.ch', '061 971 78 00', 'Belatec AG', 'Blumattstrasse 31, 4451 Wintersingen, Basel-Land'),
('5940f011-ab7a-42ba-ba5c-cb4739f46b5c', 'Alessandro', 'Belperio', 'alessandro.belperio@belcall.ch', '076 488 15 71', 'Belcall AG', 'Bernstrasse 55, 8952 Schlieren, Zürich'),
('810a678e-83ae-4cdc-ab0b-55f47932203e', 'Fritz', 'Seelhofer', 'info@belcap.net', '052 675 59 00', 'BelCap Switzerland AG', 'Haldenstrasse 18, 8315 Lindau, Zürich'),
('633c6bc8-7493-4e8e-8a90-4f6527d6ec91', 'Ilario', 'Fulco', 'info@belcare.ch', '062 823 75 05', 'BelCare', 'Bahnhofstrasse 88, 5000 Aarau, Aargau'),
('6062d233-3dad-43e2-ba5d-1d35e2ab39b1', 'Patrick', 'Meier', 'info@belcolor.ch', '071 313 21 21', 'Belcolor AG Flooring', 'Zürcherstrasse 493, 9015 St. Gallen, St. Gallen'),
('3fcf2f67-e4b0-48c5-bdd4-76b62c060874', 'Gregor', 'Hüni', 'kundenservice@beldona.com', '0848 800 180', 'Beldona AG', 'Im Langacker 16, 5405 Dättwil, Aargau'),
('805c5240-544d-4ba6-8851-58cd0a989aa3', 'Bruno', 'Mihovilovic', 'info@b-electro.ch', '031 951 47 47', 'B''Electro AG', 'Belpstrasse 11, 3074 Muri b. Bern, Bern'),
('e8363e30-1713-4703-9a62-d45bee9d2fd1', 'Jürg', 'Bircher', 'info@belemcafe.ch', '031 879 01 63', 'Belém Café Rösterei AG', 'Bundkofen 508, 3054 Schüpfen, Bern'),
('a942b84e-2dd1-433b-bdca-d8c3f582b877', 'Simon', 'Hilty', 'mail@belenos-gaerten.ch', '079 170 75 74', 'Belenos Gärten, Simon Hilty', 'Girenbadstrasse 107, 8340 Hinwil, Zürich'),
('09abe313-b19d-44d6-bfb9-4232ffa2f7dc', 'René', 'Krebs', 'info@belesta.ch', '044 200 09 09', 'Belesta AG', 'Zugerstrasse 76b, 6340 Baar, Zug'),
('a9478684-5dda-4aeb-b053-b5c219049d0d', 'Carel', 'Van Boetzelaer', 'info@beleuchtungdirekt.ch', '043 508 28 02', 'Beleuchtungdirekt.ch', 'Baarerstrasse 135, 6300 Zug, Zug'),
('7dc5ead8-6991-4038-9814-aed0785ef8cd', 'Guido', 'Kunz', 'gk@belevo.ch', '041 494 90 61', 'BELEVO AG', 'Lihrenmoos 1, 6122 Menznau, Luzern'),
('73a72b99-1fad-4f13-abf2-db9e08f746e7', 'Simone', 'Capurso', 'sc@belfo.ch', '043 497 35 50', 'Belfo Consulting GmbH', 'Seehofstrasse 4, 8008 Zürich, Zürich'),
('6d0ab365-8835-46b5-a1f0-1b9d606f8c52', 'Nicola', 'Rüegg', 'info@ch.belfor.com', '041 455 01 11', 'BELFOR (Suisse) AG', 'Reuss-Strasse 9, 6038 Gisikon, Luzern'),
('c15e7ab3-ef35-4379-b11f-d16e33a95ac1', 'Aliya', 'Lampert', 'office@belfort-cg.ch', '044 288 36 80', 'Belfort Capital Group AG', 'Claridenstrasse 40, 8002 Zürich, Zürich'),
('0b26942a-32cd-4df6-a3d5-5cc5d248e4dc', 'Monika', 'Lorenz', 'info@belfort-garage.ch', '081 681 11 77', 'Belfort Garage Lorenz AG', 'Voia Principala 79, 7083 Lantsch/Lenz, Graubünden'),
('106b8eca-eee2-40c8-83d1-ff978a8ca07f', 'Cornel', 'Alpiger', 'info@belfuma.ch', '062 776 00 77', 'Belfuma Alpiger', 'Toggenburgerstrasse 21, 9652 Neu St. Johann, St. Gallen'),
('eaa864b6-08b0-4ddf-b68b-013ec8cca53c', 'Stephan', 'Potisek', 'potisek@belgomine.ch', '061 416 07 70', 'Belgomine AG', 'Emil Frey-Strasse 167, 4142 Münchenstein, Basel-Land'),
('e7e73152-a032-48f8-9359-272e0672b225', 'Joana', 'Dos Santos', 'info@belhair-coiffeur.ch', '078 901 08 96', 'Belhair Coiffeur', 'Rosenstrasse 6, 8700 Küsnacht, Zürich'),
('e446a87c-eab4-467f-9c43-c18ebd84d603', 'Rafet', 'Sabanovic', 'belimet@bluewin.ch', '079 776 83 21', 'Beli Metallbau Schlosserei, Inhaber R. Sabanovic', 'Rainstrasse 11, 8733 Eschenbach, St. Gallen'),
('532efecd-e350-4da7-a57e-35caf3430b81', 'Michael', 'Widmer', 'mail@beliani.ch', '043 508 22 33', 'Beliani (Switzerland) GmbH', 'Lindenstrasse 16, 6340 Baar, Zug'),
('bd2fb32c-a376-45c4-a35e-90089be5325d', 'Dominik', 'Arnold', 'info@belimed.com', '041 449 78 88', 'Belimed AG', 'Grienbachstrasse 11, 6300 Zug, Zug'),
('ca43fc11-93c4-4f67-b977-f93c1f20ec88', 'Adrian', 'Staufer', 'info@belimo.ch', '043 843 61 11', 'BELIMO Automation AG', 'Brunnenbachstrasse 1, 8340 Hinwil, Zürich'),
('91a78ba1-7486-439b-ba28-1f420a3f8d38', 'Pascal', 'Feucht', 'pf@beljanfeucht.ch', '041 378 00 58', 'Beljan + Feucht AG', 'Am Dorfplatz 1, 6045 Meggen, Luzern'),
('12ac2dcf-c351-4bad-969b-cb3bd94f37af', 'Ralph', 'Belke', 'info@belke.ch', '062 298 19 44', 'Belke Gartenbau AG', 'Fuchslochstrasse 9, 4654 Lostorf, Solothurn'),
('f665f53a-3677-4898-9f60-c8e92a72a856', 'Lorenz', 'Wyss', 'info@bellfoodgroup.com', '058 326 30 30', 'Bell Food Group AG', '4002 Basel, Basel-Stadt'),
('368e078b-968a-4de7-9930-55073e7ffee0', 'Therese', 'Kern-Berger', 'info@glocken.ch', '034 408 38 38', 'Bell Foundry Berger LLC - GmbH', 'Baeraustrasse 8, 3552 Bärau, Bern'),
('7b39f34b-e74a-4251-aadf-9bcb1bc0fd92', 'Benjamin', 'Bellardant', 'info@bellnbread.ch', '079 240 78 57', 'Bell N Bread SNC', 'Madretschstrasse 39, 2503 Biel/Bienne, Bern'),
('c05e221c-826b-44f7-a11b-1e6b0ba2216a', 'Davide', 'Elia', 'info@bell.ch', '058 326 26 26', 'Bell Schweiz AG', 'Elsässerstrasse 174, 4056 Basel, Basel-Stadt'),
('bacf0983-3d64-4f11-9777-bef45ba921ce', 'Hanspeter', 'Strebel', 'hanspeter.strebel@bc-bellacasa.ch', '079 641 17 37', 'Bella Casa AG', 'Wydeweg 1, 5620 Bremgarten, Aargau'),
('4a4cf899-d2a0-4a9c-997e-e8fca48c7511', 'Bea', 'Strauss', 'labor@bella-dental.ch', '078 734 12 50', 'Bella Dental Zahntechnik Inhaberin Bea Strauss', 'Hauptstrasse 17, 2563 Ipsach, Bern'),
('1d232cc1-6b4b-422d-ab8d-f4a1f79c97d5', 'Deniz', 'Coban', 'info@pizza-bella-mare.ch', '033 650 15 88', 'Bella Mare Gastro GmbH', 'Bahnhofstrasse 37, 3700 Spiez, Bern'),
('60daaacc-9d34-4134-8015-e6430933df1c', 'Lucia', 'Lucia Petralito', 'contact@makesomenoise.ch', '062 530 50 10', 'Bella Stella Coiffure & Beauty', 'Burgstrasse 6, 5012 Schönenwerd, Solothurn'),
('1b79aed6-8f4f-42e6-8605-ade283980ffb', 'Bella', 'Trové', 'bella@bellatrove.com', '079 381 07 05', 'Bella Trové', 'Florastrasse 3, 9230 Flawil, St. Gallen'),
('1b1d731d-556d-4abd-bdbc-2ec6d03eb9c0', 'Sascha', 'Anders', 'info@bellawork.ch', 'N.a.', 'Bella Work AG', 'Steinacker 13, 4565 Recherswil, Solothurn'),
('7a6b712c-3500-4e2f-8ffc-1aeae61a067e', 'Johnny', 'Makhlouf Bkaakafri', 'info@bella-garage.ch', '081 633 10 20', 'Bella-Garage AG', 'Plong Muling 8, 7013 Domat/Ems, Graubünden'),
('34c27c0d-191c-425e-8779-d814831e0b1e', 'Teo', 'Bellaiuto', 'info@bellaiuto.ch', '044 820 01 69', 'Bellaiuto Coiffeurteam', 'Wangenstrasse 5, 8600 Dübendorf, Zürich'),
('620dfb47-73e0-480e-9a84-32b008058106', 'Bella', 'Heim', 'webshop@bellaland.ch', '079 966 60 96', 'Bellaland GmbH', 'Storenberg 9A, 8555 Müllheim Dorf, Thurgau'),
('cd958d7b-4e6b-4a3e-be8e-ce2a0beaf291', 'Tobias', 'Stadelmann', 'info@bellaplant.ch', '062 917 30 40', 'Bellaplant AG', 'Industrie Bännli 17, 4628 Wolfwil, Solothurn'),
('58e9bd86-310b-49c9-9843-61b042e4d434', 'Thomas', 'Räber', 'reservation@baspo.admin.ch', '058 467 61 11', 'Bellavista', 'Swiss Olympic House, 2532 Magglingen/Macolin, Bern'),
('385f3400-36b8-423c-a480-778427b15c0f', 'Nico', 'Romanowski', 'bellavita@pontresina.ch', '081 837 00 37', 'Bellavita Erlebnisbad und Spa', 'Via Maistra 178, 7504 Pontresina, Graubünden'),
('0e0e7891-1ff3-4da9-ac50-52c3c977c4d8', 'Seraina', 'Kohler', 'seraina@bellebeauhair.ch', '076 479 18 47', 'Belle & Beau – Hair Passion', 'Schulweg 2, 8610 Uster, Zürich'),
('8d7c05b9-098c-497c-ab94-090418d88afe', 'Alberto', 'Oreno', 'info@belleartitattoo.ch', '078 796 60 07', 'Belle Arti Tattoo', 'Ringstrasse 50, 8887 Mels, St. Gallen'),
('7ece4e95-5ce4-44f6-8217-5ec6a0a31ea7', 'Manuela', 'Aebersold-Brechbühl', 'info@belle-atelier.ch', '034 402 88 00', 'Belle Atelier', 'Bernstrasse 31, 3550 Langnau im Emmental, Bern'),
('c8942605-7958-4893-8d7e-8b3eeada49e5', 'Sabrina', 'Hiltmann', 'info@belle-cosmetic.ch', '056 496 60 00', 'Belle cosmetic GmbH', 'Ringstrasse 22, 5452 Oberrohrdorf, Aargau'),
('f39d94c4-15bc-4222-97d1-455b42835d4d', 'Roger', 'Brand', 'roger.brand@belle-immo.ch', '044 802 90 00', 'Belle Immo AG', 'Bettlistrasse 35, 8600 Dübendorf, Zürich'),
('afef5855-dbc5-4c70-8972-1aeb25964979', 'Vivian', 'Lüthi', 'info@belle-pastell.ch', '076 801 92 52', 'Belle Pastell', 'Marktstrasse 4, 9435 Heerbrugg, St. Gallen'),
('2a7bd4d4-4bf2-41c4-9f76-bcff62657401', 'Michelle', 'Birri', 'info@belletax.ch', '043 543 20 37', 'belle tax gmbh', 'Alte Winterthurerstrasse 79, 8304 Wallisellen, Zürich'),
('64773a62-9428-467f-a392-884b87accc0a', 'Mark', 'Eberle', 'mark.eberle@bellecapital.ch', '044 268 11 04', 'Bellecapital AG', 'Bellevueplatz 5, 8001 Zürich, Zürich'),
('059e9e7a-ae41-47f4-9f9f-998518fc2ec0', 'Rolf', 'Hüsler', 'huesler@bellemedic.ch', '041 412 06 86', 'bellemedic Luzern', 'Zürichstrasse 7, 6004 Luzern, Luzern'),
('096f7568-92ee-4343-850d-305fa4a273a9', 'Beat', 'Belleri-Brunner', 'info@belleri-bau.ch', '079 682 00 20', 'Belleri Bauunternehmung', 'Capäls, 7240 Küblis, Graubünden'),
('1e671ce6-72f4-4e61-bbde-68f6316f783a', 'Karin', 'Dreiding', 'kdrei@bluewin.ch', '043 343 98 44', 'Bellerive3', 'Bellerivestrasse 3, 8008 Zürich, Zürich'),
('b81cacc6-0d90-4c7e-bee0-ff0bc1ccba32', 'Erhard', 'Kohli', 'info@bellerivecamping.ch', '033 744 63 30', 'Bellerivecamping', 'Bellerivestrasse 38, 3780 Gstaad, Bern'),
('0ed87c5d-1e5f-4fc4-b448-f4bdb2e9f862', 'Leif', 'Orthmann', 'info@belleside.com', '071 447 60 40', 'Belleside Real Estate AG', 'Schulstrasse 6, 9323 Steinach, St. Gallen'),
('7d527850-2c40-4141-af57-f18d190d7517', 'Samira', 'Giunca', 'info@bell-essere.ch', '078 404 07 44', 'Bell-Essere', 'Industriestrasse 7, 4410 Liestal, Basel-Land'),
('c485c3f1-3565-4eac-aea4-436ca904561d', 'Cyrill', 'Lüscher', 'cl@bellevia.ch', '044 330 33 71', 'Bellevia Immobilien GmbH', 'Auenstrasse 8, 8600 Dübendorf, Zürich'),
('e575a474-a91e-4aa6-accc-d44f4005eda3', 'Sabine', 'Hofer', 'sabine.hofer@bellevie.ch', '031 537 07 00', 'BelleVie Suisse AG', 'Morgenstrasse 1, 3073 Gümligen, Bern'),
('5fdb78ca-d517-4a4c-86e3-4fc9fb0999b5', 'Regula', 'Dübendorfer', 'info@bellevue-interlaken.ch', '033 822 44 31', 'Bellevue & Alplodge AG', 'Marktgasse 59, 3800 Interlaken, Bern'),
('b780ca0e-a653-4a13-a6fd-84adcd068aae', 'Patrick', 'Beeli', 'pbe@bellevue7k.ch', '081 515 47 05', 'Bellevue 7K GmbH', 'Werkstrasse 2, 7000 Chur, Graubünden'),
('c3cc2cd0-aa5b-4916-ab38-12b712e0e0ec', 'Dina', 'Grizman', 'info@bellevueresidenz.ch', '044 251 74 45', 'Bellevue Alters- und Pflegeresidenz', 'Klosbachstrasse 155, 8032 Zürich, Zürich'),
('3d2bd05d-29d7-4aaa-baa5-8027a51586c3', 'Metin', 'San', 'info@bazh.ch', '044 266 62 22', 'Bellevue Apotheke AG', 'Theaterstrasse 14, 8001 Zürich, Zürich'),
('1bc6a5a4-280c-4690-a091-55c84296d497', 'Ioannis', 'Botonakis', 'info@bellevue-medicalcenter.com', '044 240 14 54', 'Bellevue Medical Center', 'Rämistrasse 4, 8001 Zürich, Zürich'),
('6aea4158-b4cb-4bc1-99a1-08e34ab12556', 'Erich', 'Amstad', 'hotel@bellevue-seelisberg.ch', '041 825 66 66', 'Bellevue Seelisberg', 'Dorfstrasse 70, 6377 Seelisberg, Uri'),
('a662862b-edb4-49ae-9557-68d4084ef945', 'Norayk', 'Menevis', 'team@bellevuetreuhand.ch', '044 780 80 01', 'Bellevue Treuhand GmbH', 'Torgasse 6, 8001 Zürich, Zürich'),
('c06d6563-6282-4af5-b4c5-3c8139415bd4', 'Ulrich', 'Arhold', 'info@bellevue-zahnaerzte.ch', '044 515 64 31', 'Bellevue Zahnärzte AG', 'Theaterstrasse 14, 8001 Zürich, Zürich'),
('8bf6fbd7-19b3-41df-a5ba-2271e3acc741', 'Regula', 'D''Ambrosio', 'empfang@kosmetik-bellezza.ch', '031 311 35 75', 'Bellezza Babor Beauty Spa', 'Ryffligässchen 5, 3011 Bern, Bern'),
('21d81e08-0115-4d62-b256-e2f582a31627', 'Nicole', 'Röösli', 'info.bellezza@bluewin.ch', '041 488 18 80', 'Bellezza Coiffure & Nail', 'Alpweidstrasse 2c, 6174 Sörenberg, Luzern'),
('2d1aa135-dcb1-49a6-9eaa-a22bf477b2c5', 'Gaby', 'Matter-Blättler', 'gabymatter@kosmetikbellezza.ch', '079 488 41 72', 'Bellezza Kosmetik Studio', 'Weingasse 84, 5613 Hilfikon, Aargau'),
('6bd2b5b6-1336-4d87-a5de-9633a3d12185', 'Alexander', 'van''t Wout', 'info@bellicon.ch', '056 470 73 73', 'bellicon schweiz ag', 'Taubenhausstrasse 14, 6005 Luzern, Luzern'),
('8539380d-2872-4d0b-ac43-3f7461d73a9f', 'Francesco', 'Faga', 'info@bellingua.ch', '044 250 20 00', 'Bellingua GmbH', 'Nüschelerstrasse 45, 8001 Zürich, Zürich'),
('b5262361-e12f-4e1a-92bb-a8ffe972d3a7', 'Michel', 'Michel', 'zuerich@bellini.ch', '058 059 59 59', 'Bellini Personal AG', 'Stauffacherstrasse 16, 8004 Zürich, Zürich'),
('76457629-e5a8-42fa-8f87-d3ca25e56b2e', 'Nicole', 'Gilgen', 'bellis-farm@gmx.ch', '079 583 73 29', 'Bellis Farm', 'Dorfstrasse 4a, 3294 Meienried, Bern'),
('bc80a76d-c723-4e6e-be3e-657541915e07', 'Claudia', 'Schnider', 'info@bellissima.ch', '041 480 02 76', 'Bellissima Kosmetik & Coiffure', 'Mooshof 1, 6166 Hasle, Luzern'),
('9eeb4258-7b8a-4c73-be8d-33120509f6eb', 'Isabella', 'Nardozza', 'info@kosmetik-bellissima.ch', '052 625 59 46', 'Bellissima Kosmetikstudio GmbH', 'Nordstrasse 104, 8200 Schaffhausen, Schaffhausen'),
('d21c9a62-1a8e-4785-9f9a-90f5cdf1fd5c', 'Matthias', 'Fischer', 'info@bellmann.ch', '044 461 71 21', 'Bellmann - Orthopädie Technik GmbH', 'Seebahnstrasse 31, 8003 Zürich, Zürich'),
('77c53362-f8c3-429b-b8f8-f39f6a028f52', 'Martin', 'Bellmont', 'info@bellmontbau.ch', '079 459 92 68', 'Bellmont Bau AG', 'Rotenhof 4, 6403 Küssnacht am Rigi, Schwyz'),
('3ca9942b-b726-48ce-b14a-0a70172a418c', 'Patrick', 'Bellomo', 'patrick.bellomo@bellomotreuhand.ch', '061 416 30 30', 'Bellomo Treuhand AG', 'Kaspar Pfeiffer-Strasse 4, 4142 Münchenstein, Basel-Land'),
('34880e71-d124-4e1b-bb46-4d9396439809', 'Ursula', 'Belloni', 'info@bellonitreuhand.ch', '071 642 31 82', 'Belloni Treuhand GmbH', 'Weinfelderstrasse 42, 8580 Amriswil, Thurgau'),
('ae9a2db2-1450-483d-abcf-fe7dd53b7cc8', 'Pascale Melanie', 'Bellorini', 'pb@bellorini-architekten.ch', '031 311 79 29', 'Bellorini Architekten AG', 'Wasserwerkgasse 6a, 3011 Bern, Bern'),
('2f972bc6-d3bc-49c8-bf7a-f2d18d116d55', 'Emin', 'Salihu', 'info@bellskeramik.ch', '078 687 93 83', 'Bells-Keramik GmbH 	c/o Emin Salihu', 'Holzlegistrasse 8, 8408 Winterthur, Zürich'),
('f1e473a6-e708-40f0-b097-acea1abe4aa9', 'Peter', 'Rempfler', 'pr@bellson.ch', '076 423 93 06', 'Bellson GmbH', 'Osterwiesenweg 4, 9306 Freidorf, Thurgau'),
('62a1b884-1934-4ec9-932b-e38806a11395', 'Edwin', 'Gubler', 'information@bells-privatschule.ch', '041 535 23 37', 'Bells-Privatschule', 'Oberdierikonerstrasse 3, 6030 Ebikon, Luzern'),
('b19d5ad7-a005-454b-845a-8433fbb9262b', 'Stefan', 'Furrer', 'stefan.furrer@bellton.ch', '041 227 30 90', 'Bellton AG', 'Grabenhofstrasse 1, 6010 Kriens, Luzern'),
('9b6a72f0-d002-477a-802b-cd67f3661aeb', 'Riccardo', 'Belluz', 'info@belluz.ch', '079 234 30 00', 'Belluz Managementsysteme GmbH', 'Bienenweg 4, 5734 Reinach, Aargau'),
('4f403b35-da4d-4783-abe0-d9b3fdaf9852', 'Daniel', 'Seiler', 'info@bellvida.ch', '062 552 00 01', 'BellVida Training AG', 'Bernstrasse Ost 50, 5034 Suhr, Aargau'),
('9bda8979-1dad-4f0f-8ab9-f1f61830123b', 'Carsten', 'Draheim', 'info@bellvita.ch', '061 683 09 77', 'Bellvita Vertrieb GmbH', 'Hauptstrasse 43, 4417 Ziefen, Basel-Land'),
('9a5cc65f-eb22-41a6-87df-3f32ba7ffd78', 'Markus', 'Bellwald', 'bellwald@bellwaldag.ch', '052 260 20 81', 'Bellwald Architekten AG', 'Rosenstrasse 12, 8400 Winterthur, Zürich'),
('1a5e07eb-a22d-4861-8ab6-1982353f25be', 'Svend', 'Pianzola', 'info@bellwald-plattenbelaege.ch', '079 342 39 63', 'Bellwald Plattenbeläge GmbH', 'Sonnenstrasse 7, 3930 Visp, Wallis/Valais'),
('728eaa1a-653e-4a3a-ac1e-f5bdfa94b21a', 'Marco', 'Del Curto', 'marco@delcurto.ch', '081 302 38 38', 'Belly Chair GmbH', 'Pardellgasse 48, 7304 Maienfeld, Graubünden'),
('f7fbf489-cc83-4c27-905a-f3d74f588930', 'Michel', 'Christen', 'christen@belma.ch', '032 321 00 00', 'Belma Metallbau AG', 'Ipsachstrasse 10, 2560 Nidau, Bern'),
('f1031eec-8c64-423c-b8ca-7b714cc3e125', 'Beat', 'Keller', 'keller@belmoag.ch', '041 784 37 33', 'Belmo Immobilien AG', 'Bösch 65, 6331 Hünenberg, Zug'),
('205eddcc-7636-4689-b84d-5fcf453e1010', 'Damian', 'Schönenberger', 'info@belmo-treuhand.ch', '076 364 56 57', 'belmo treuhand gmbh', 'Obere Bahnhofstrasse 43, 9500 Wil, St. Gallen'),
('77743e85-3d00-4b05-82de-c6c7cd165814', 'Vassil', 'Arnaudov', 'info@belmontimmo.ch', '076 588 46 55', 'Belmont Immobilien GmbH', 'Bahnhofstrasse 44, 7000 Chur, Graubünden'),
('ad71b238-4b71-4518-846e-9bd0676932d6', 'Roger', 'Sonder', 'roger.sonder@belnea.ch', '041 792 22 93', 'Belnea AG', 'Sinserstrasse 67, 6300 Zug, Zug'),
('639cf1ac-e139-470d-95ee-c0dc13966de2', 'Özgür', 'Doganbey', 'info@belperpizza.ch', '031 812 70 70', 'Belper Pizza Kurier', 'Steinbachstrasse 10, 3123 Belp, Bern'),
('be5162b9-57e3-4898-9f94-934f816de8c5', 'Peter', 'Künzler', 'infomail@belsano.ch', '076 391 88 73', 'belsano cosmetics', 'Harztannenstrasse 29, 9450 Altstätten, St. Gallen'),
('42250d7a-7432-4bd1-83d0-9f9bac4c1eee', 'Bernhard', 'Wenger', 'info@belsat.ch', '056 266 40 40', 'Belsat AG', 'Oststrasse 9, 5426 Lengnau, Aargau'),
('12f9d936-29a7-4229-9662-2893e9643975', 'Thomas', 'Schumacher', 'tschumacher@belsped.com', '031 381 44 22', 'Belsped Espace Logistics GmbH', 'Weyermannsstrasse 10, 3008 Bern, Bern'),
('f9999f4a-5a58-4ee2-a227-2d7c90422fb3', 'Peter', 'Jenzer', 'info@beltech.ch', '056 677 71 80', 'Beltech Schaltanlagen AG', 'Pilatusstrasse 41, 5630 Muri, Aargau'),
('0fd98b4a-a0d1-47b1-b661-be9a9cd3e168', 'Reto', 'Ledergerber', 'info@beltronic-inox.ch', '044 869 32 57', 'beltronic INOX AG', 'Im Hard 22, 8197 Rafz, Zürich'),
('62336a11-7fd0-4cf5-a248-fe93c436b703', 'André', 'Frischknecht', 'andre.frischknecht@beltronic.ch', '044 864 30 30', 'beltronic it ag', 'Hammerstrasse 8, 8180 Bülach, Zürich'),
('b276d18f-7df2-44dd-8d23-c8dcaade2340', 'Lucrezia', 'Decurtins', 'lucrezia@belude.ch', '077 406 52 30', 'Belude', 'Reichsgasse 25, 7000 Chur, Graubünden'),
('592c95c9-d3b1-4f6e-9424-b8ef3fd7ca2e', 'Beat', 'Schönmann', 'bs@belugacapital.ch', '079 402 45 04', 'Beluga Capital AG', 'Hochstrasse 13, 8044 Zürich, Zürich'),
('4e40de22-ea28-4ff9-924a-6eef78af2868', 'Franziska', 'Masullo', 'service@belugakids.ch', 'N.a.', 'Beluga Kids', 'Bahnhofweg 20, 8132 Hinteregg, Zürich'),
('01eeae57-f358-4593-9d23-4157a5a3b976', 'Bettina', 'Oberhänsli', 'hallo@beluga-kommunikation.ch', '052 551 09 90', 'Beluga Kommunikation GmbH c/o Bettina Oberhänsli', 'Weinbergstrasse 116, 8408 Winterthur, Zürich'),
('9d94cadd-3a9b-44c1-8e4a-67a7f2b60051', 'George', 'Schlagmüller', 'info@belvalor.ch', '044 533 20 22', 'Belvalor AG', 'Bederstrasse 33, 8002 Zürich, Zürich'),
('e08bd78c-3b07-4395-914e-83a32f3cd902', 'Thérèse', 'Meier', 'therese.meier@belvedere-am.com', '055 645 00 70', 'Belvédère Asset Management AG', 'Hauptstrasse 45, 8750 Glarus, Glarus'),
('4e5bca7e-5a5c-4426-bcb6-37982245fbcb', 'Bruno', 'Affentranger', 'info@belvedere-spiez.ch', '033 655 66 66', 'Belvédère Strandhotel & Restaurant', 'Schachenstrasse 39, 3700 Spiez, Bern'),
('46cf0364-7660-4188-992a-8cd1a1e458a5', 'Markus', 'Schneider', 'info@belvita.ch', 'N.a.', 'Belvita Schweiz AG', 'Winterbergstrasse 6, 8804 Au, Zürich'),
('77506ead-6998-4887-823c-13252ddf6298', 'Steffen', 'Bauke', 'bauke@belvoircapital.com', '079 247 33 72', 'Belvoir Capital AG', 'Beethovenstrasse 9, 8002 Zürich, Zürich'),
('6d4c28ff-c0a1-454b-9b84-0bf24b837611', 'Deepak', 'Soni', 'info@belvoirwealth.com', '043 244 75 50', 'Belvoir Wealth Management AG', 'Tödistrasse 16, 8002 Zürich, Zürich'),
('40404863-37e8-4041-93fc-404f8ccc3e6a', 'Christian', 'Ritz', 'christian.ritz@belwag.ch', '031 819 11 55', 'BELWAG AG BERN', 'Viehweidstrasse 12, 3123 Belp, Bern'),
('c8661603-60f2-4bf3-a178-8fd9386b1812', 'Hansjürg', 'Etter', 'bem@bem-architekten.ch', '056 222 15 20', 'Bem Architekten AG', 'Bruggerstrasse 69, 5400 Baden, Aargau'),
('4154f359-98d1-4e7c-8780-e5526907f3ba', 'Markus', 'Berry', 'info@bemaplatten.ch', '079 669 26 57', 'BEMA PLATTEN GMBH', 'Sagenstrasse 3, 7247 Saas im Prättigau, Graubünden'),
('0f280864-a63e-423a-ab87-07ca819d793c', 'Urs', 'Buser', 'urs.buser@bemag.ch', '061 976 76 42', 'Bemag Objekteinrichtungen AG', 'Netzenstrasse 4, 4450 Sissach, Basel-Land'),
('746f084e-0f72-4661-b4ad-5e7a186d97af', 'Ismail', 'Bellikli', 'info@bemo-montagen.ch', '079 474 82 28', 'BEMO BODENBELÄGE + MONTAGEN BELLIKLI', 'Wallisellerstrasse 92, 8152 Opfikon, Zürich'),
('9d43bf4e-af25-4f55-8490-2685e8d5604b', 'Thomas', 'Bechtiger', 'info@bemoto.ch', '044 311 48 30', 'Bemoto GmbH', 'Winterthurerstrasse 281, 8057 Zürich, Zürich'),
('3e9063a9-4841-40f8-9d7a-d1f63c09303b', 'Roland', 'Berner', 'info@bemue.ch', '062 291 10 14', 'bemü ag däniken', 'Aarefeldstrasse 19, 4658 Däniken, Solothurn'),
('4ef2c372-577d-4030-bc66-4ccdaf2a1609', 'Bernadette', 'Ullmann-Maier', 'b.ullmann@bemu-treuhand.ch', '071 657 26 92', 'bemu treuhand AG', 'Dorfstrasse 2, 8556 Engwang, Thurgau'),
('9b2ce6ee-797b-41a2-bf57-db4d2db6a84e', 'Brigitte', 'Eugster', 'info@bena.ch', '041 559 47 99', 'BENA-Mode GmbH', 'Eisengasse 14, 6000 Luzern, Luzern'),
('caa079a2-5753-4069-8f01-755dcc0c9696', 'Arsim', 'Ismajlaj', 'info@benardi.ch', '079 478 02 22', 'Benardi Malergeschäft GmbH', 'Sägereistrasse 6, 8172 Niederglatt, Zürich'),
('9de98a07-f239-495d-a288-5463428854f0', 'Jonathan', 'Benhamu', 'mail@benarici.com', '078 611 05 93', 'Benarici GmbH', 'Gerbergasse 30, 4001 Basel, Basel-Stadt'),
('94b0ddc9-e23d-4ee9-bb8e-ca853033a38c', 'Marc-Antoine', 'Meyer', 'meyerm@bencard.com', '044 942 00 13', 'Bencard AG', 'Tumigerstrasse 71, 8606 Greifensee, Zürich'),
('64aee1f6-fa2b-462f-b300-9937a3cfd6f5', 'Christian', 'Benderer', 'info@benderer.com', '081 864 02 75', 'Benderer Sent GmbH', 'Quadra Secha, 7556 Ramosch, Graubünden'),
('66f5cf3b-6029-4d3d-9b06-33a62bf77a25', 'Jürgen', 'Bendig', 'kontakt@bendig.ch', '079 946 67 07', 'Bendig Baukeramik', 'Hardstrasse 11, 4127 Birsfelden, Basel-Land'),
('beb31847-5b93-4ae8-ad5a-11877638aebc', 'Edi', 'Hess', 'helenedi@bluewin.ch', '041 910 05 33', 'Bendlihof', 'Bendlismatte 1, 6289 Müswangen, Luzern'),
('c83eaf82-9513-4228-a7fa-13fc9d25ba14', 'Susanne', 'Wyss', 'susannewyss@bene.ch', '079 294 57 70', 'BENE Susanne Wyss', 'Kilchwiesenweg 3, 8610 Uster, Zürich'),
('94405234-79b7-4834-b2fa-15662c5cd820', 'Bekim', 'Kabashi', 'info@benea.ch', '041 554 38 48', 'BENEA Baudienstleistungen GmbH', 'Industriestrasse 16, 6210 Sursee, Luzern'),
('2df1ea28-0e98-48c1-8ba1-294de9a0914c', 'Rinaldo', 'Benedetto', 'benedetto@uitikon.ch', '044 405 70 00', 'Benedetto Haustechnik', 'Breitenacherstrasse, 8142 Uitikon Waldegg, Zürich'),
('beba9b8e-6766-4ce2-aa77-adbd2d947bde', 'Christoph', 'Benedetto', 'christoph@maler-benedetto.ch', '044 492 57 52', 'Benedetto malermeister GmbH', 'Letzigraben 152, 8047 Zürich, Zürich'),
('323666cf-b913-49ca-8579-9d158f29cf0b', 'Heinrich Konrad', 'Meister', 'info.zh@benedict.ch', '044 242 12 60', 'Bénédict-Schule Zürich AG', 'Vulkanstrasse 106, 8048 Zürich, Zürich'),
('5b245a47-2e9e-4bb4-9cec-fe195f9e8816', 'Benedikt', 'Stähli', 'mail@benediktstaehli.ch', '041 780 47 80', 'Benedikt Stähli Landschaftsarchitektur', 'Sinserstrasse 8, 6330 Cham, Zug'),
('3a8984d7-4346-4c78-8e8e-a7e58e843e2f', 'André', 'Aregger', 'info@benerz.ch', '041 929 53 99', 'Benerz AG', 'Gewerbering 20, 6018 Buttisholz, Luzern'),
('9e3da763-2369-4ac9-a53c-bfc5fe4eb6ad', 'Raphael', 'Rohner', 'kontakt@benevablack.ch', 'N.a.', 'Beneva International AG', 'Zugerstrasse 77, 6340 Baar, Zug'),
('0f06c918-31b8-4342-9db6-f0a42aa7e1d7', 'Gabriela', 'Campisi', 'find_celi@hotmail.com', '079 637 18 21', 'Benevita Gymnastikstudio', 'Neuwiesenstrasse 9a, 8610 Uster, Zürich'),
('497bd38a-3547-4b7f-97e8-d037c429c18c', 'Antonio', 'Figueiredo', 'info@benfica-zurique.ch', '043 495 08 76', 'Benfica Clube de Zuique', 'Unterrohrstrasse 5, 8952 Schlieren, Zürich'),
('4552dc68-a556-421c-b70d-35a7120ad134', 'Diana', 'Zugschwerdt', 'diana@steinbockklosters.ch', '081 422 45 45', 'Benflora GmbH', 'Landstrasse 146, 7250 Klosters, Graubünden'),
('b09831f6-e3ee-4ecc-9d43-562ada77ee1a', 'Lars', 'Bengtson', 'zahnklinik@bengtson-zahnmedizin.ch', '071 344 22 66', 'Bengtson Zahnmedizin AG', 'Hauptstrasse 74, 9042 Speicher, Appenzell Ausserrhoden'),
('44efba35-72a2-41a8-98a4-3054336c3256', 'Beni', 'Haslebacher', 'info@benidrogerie.ch', '033 951 09 77', 'Beni & Drogerie Team GmbH', 'Hauptstrasse 131, 3855 Brienz, Bern'),
('ae32bbfc-9bda-48a6-923e-c1d13c7b8ec4', 'Mario', 'Beni', 'info@beni-baumeister.ch', '081 651 14 42', 'Beni Baumeister AG', 'Äussere Heinzenbergstrasse 4, 7430 Thusis, Graubünden'),
('6e41564f-570c-4968-bc60-b908eab8648e', 'Rudolf', 'Bischofberger', 'admin@burtscher.com', '071 929 91 30', 'Beni Burtscher AG', 'Niederstettenstrasse 15, 9536 Schwarzenbach, St. Gallen'),
('d8b498fa-62e6-444c-a24e-2ead6220826f', 'Hichem', 'Mansour', 'info@beniexpress.ch', '044 552 73 95', 'Beni Express GmbH', 'Silbernstrasse 10, 8953 Dietikon, Zürich'),
('a77f218d-dbf5-45a5-b02b-13ac75af4630', 'Arben', 'Hajdari', 'arben.hajdari@beni-platten.ch', '078 882 67 58', 'BENI Plattenbeläge GmbH', 'Zürcherstrasse 322, 8406 Winterthur, Zürich'),
('e72eaaa0-4c3a-4390-ad6e-6f65cd068a01', 'Benvenuto', 'Keller', 'keller@beniholzbau.ch', '079 636 60 11', 'BeniHolzbau Beni Keller Zimmerei', 'Sägeweg 1, 8166 Niederweningen, Zürich'),
('1ab4f890-4583-43eb-afea-85c285e477f1', 'Erol', 'Bekiri', 'info@benis-soehne.ch', '071 565 40 89', 'Beni''s Söhne Elektro GmbH', 'Speerstrasse 23, 9500 Wil, St. Gallen'),
('9437bb7c-a975-4178-a025-42fb0fa5984f', 'Benjamin', 'Dodell', 'info@dodell.ch', '078 608 53 28', 'Benjamin Dodell Innenarchitekturbüro', 'Gutenbergstrasse 44, 3011 Bern, Bern'),
('510f9b5d-44bf-425a-9bcb-d3fd0fdf73df', 'Benjamin', 'Hartmann', 'hartmannkeramik@bluewin.ch', '079 459 17 24', 'Benjamin Hartmann AG', 'Hauptstrasse 16, 8526 Oberneunforn, Thurgau'),
('14717bd4-816d-4f07-adbd-e00c29669fa6', 'Benjamin', 'Lüchinger', 'info@luechinger-heizungen.ch', '076 450 02 11', 'Benjamin Lüchinger GmbH', 'Härdliweg 2, 9463 Oberriet, St. Gallen'),
('e1af48eb-142e-43e9-a863-cc3673d2b619', 'Benjamin', 'Sprunger', 'info@sprungergarten.ch', '076 389 83 53', 'Benjamin Sprunger Gartengestaltung', 'Hauptstrasse 63, 4417 Ziefen, Basel-Land'),
('54c002c4-d23b-4151-bf89-7a1159d2bc44', 'Benjamin', 'Zuber', 'info@2bforhair.ch', '043 268 46 70', 'Benjamin Zuber Coiffeur GmbH', 'Rämistrasse 2, 8001 Zürich, Zürich'),
('3072df49-5fa2-4782-99c9-a550dcd09c7c', 'Kesayini', 'Hackl', 'info@ketoshop.ch', '077 530 82 83', 'Benkei GmbH', 'Bahnhofstrasse 24, 8800 Thalwil, Zürich'),
('ccc2ac25-a01e-4b02-aca8-8d0215df7273', 'Patrick', 'Bennesch', 'patrick.bennesch@bluewin.ch', '055 212 16 92', 'Bennesch Gipsergeschäft GmbH', 'Schachenstrasse 82, 8645 Jona, St. Gallen'),
('9f3ebb33-6460-4aa9-9cfb-b8e2f0cb6a95', 'Beat', 'Meienberger', 'info@benningergroup.com', '071 955 85 85', 'Benninger AG', 'Fabrikstrasse, 9240 Uzwil, St. Gallen'),
('b1316280-60a0-4932-8399-e4078b594069', 'Johannes', 'Beckmann', 'johannes.beckmann@benningerguss.ch', '071 955 88 47', 'Benninger Guss AG', 'Fabrikstrasse, 9240 Uzwil, St. Gallen'),
('8f481175-81ca-48e1-81b7-66aaa91e3663', 'Roger', 'Peter', 'roger.peter@benninger-immobilien.ch', '079 332 75 95', 'Benninger Immobilien AG', 'Säntisstrasse 18, 9240 Uzwil, St. Gallen'),
('ae8f8af1-6124-4e1a-acaa-f3145395059c', 'Sven', 'Manser', 'info@manser-ag.ch', '071 722 23 87', 'Benno Manser AG', 'Hauptstrasse 76, 9436 Balgach, St. Gallen'),
('e85e4231-1704-431c-98ff-50067d100ea9', 'Benjamin', 'Rast', 'info@bennorast.ch', '041 448 34 92', 'Benno Rast AG', 'Industriestrasse 1, 6034 Inwil, Luzern'),
('8ef46474-4ebc-4be9-8f21-dba29a2efc83', 'Benno', 'Stadelmann', 'benno.stadelmann@gmail.com', '079 642 76 40', 'Benno Stadelmann Malergeschäft GmbH', 'Hauptstrasse 26, 8832 Wollerau, Schwyz'),
('9d5ef5f8-18d5-44bc-af50-666b1bf6553c', 'André', 'Wälti', 'info@benoit-metall.ch', '031 312 14 20', 'BenoitMetallwerkstatt', 'Normannenstrasse 14, 3018 Bern, Bern'),
('0ce2c111-fe41-40c9-867a-b7415f7e532a', 'Shu-Hsiu', 'Hsu', 'kontakt@benq.ch', '044 743 99 99', 'BenQ Deutschland GmbH', 'Täfernstrasse 32, 5405 Dättwil, Aargau'),
('8b74eb5e-dba8-4bdb-9be6-a4db47379bba', 'Ingomar', 'Bensberg', 'info@bensberg-consulting.ch', '044 920 58 77', 'Bensberg Consulting', 'Alte Landstrasse 1, 8707 Uetikon am See, Zürich'),
('10bff92b-ea20-4e1a-9481-2beec3e03210', 'Benson', 'Gascon', 'info@bensongascon.ch', 'N.a.', 'Benson Gascon Studios GmbH', 'Mattenhofstrasse 10, 3007 Bern, Bern'),
('e553a1e3-79ba-4a50-accc-622b472d4f42', 'Volkmar', 'Bente', 'info@orthocenter.ch', '081 755 80 80', 'Bente Orthopädie- und Rehatechnik AG', 'Grünaustrasse 19, 9470 Buchs, St. Gallen'),
('9b77c8a1-801d-4ed3-bd0a-4ce7a3685ae2', 'Ralf', 'Göttel', 'inforch@benteler.de', '062 785 51 11', 'BENTELER Rothrist AG', 'Neue Industriestrasse 14, 4852 Rothrist, Aargau'),
('8064ac1d-7e6d-4504-8833-2770d9aa937c', 'Franz', 'Stähli', 'info@bentelis.ch', '079 345 96 33', 'Benteli''s Gastro AG', 'Bümplizstrasse 101, 3018 Bern, Bern'),
('4f1bff81-1995-4e21-80c0-634bda2c0ed6', 'Marc', 'Bentin', 'info@bentinpartners.ch', '061 544 43 10', 'BentinPartner GmbH', 'Therwilerstrasse 16, 4054 Basel, Basel-Stadt'),
('edae3bcd-f9f1-4d5b-b5dd-25613348790d', 'Armin', 'Kiser', 'info@bentleyswiss.global', '044 515 82 20', 'Bentley Switzerland AG', 'Winterthurerstrasse, 8247 Flurlingen, Zürich'),
('29300932-1c0d-4bdf-aa95-94e52e6debc9', 'Christoph', 'Hürlimann', 'chhuerlimann@bentom.ch', '041 728 09 09', 'Bentom AG', 'Vorstadt 32, 6302 Zug, Zug'),
('7c3fca8b-17a6-46b2-b484-1e029e34dc8b', 'Céline', 'Freudiger', 'barfuesser@benu.ch', '061 264 95 30', 'BENU Apotheke Barfüsser', 'Barfüsserplatz 14, 4051 Basel, Basel-Stadt'),
('d4f4fe17-27f7-4594-927b-124966be52bf', 'Fausta', 'Benini', 'bienne@benu.ch', '032 323 58 68', 'BENU Apotheke Biel', 'Bahnhofstrasse 36, 2502 Biel/Bienne, Bern'),
('3c4afb54-d9aa-4c5e-8de1-eb9d88935f45', 'Bettina', 'Lütolf', 'huttwil@benu.ch', '062 962 10 03', 'BENU Apotheke Huttwil', 'Marktgasse 10, 4950 Huttwil, Bern'),
('67df5c08-5325-4755-8075-432d9a71e14f', 'Sylvia', 'Rudolf', 'zum-ritter@benu.ch', '062 771 17 06', 'BENU Apotheke zum Ritter', 'Hauptstrasse 31, 5737 Menziken, Aargau'),
('792b0a83-01c9-475b-a273-624bffb40975', 'Benjamin', 'Stöckli', 'stoeckli@benwood.ch', '076 489 87 89', 'benwood Stöckli GmbH', 'Galgenfeldweg 2, 3006 Bern, Bern'),
('9fd3167d-f049-43b6-9c97-d5d56eccaf6c', 'Michael', 'Unholz', 'm.unholz@benzundpartnerag.ch', '061 723 13 35', 'BENZ & PARTNER AG', 'Erlenstrasse 35, 4106 Therwil, Basel-Land'),
('7116775b-503e-431c-bc77-168a597fffc4', 'Andreas', 'Geiger', 'info@benz-geiger.ch', '052 657 30 37', 'Benz + Geiger AG', 'Brunnenhofstrasse 6, 8252 Schlatt, Thurgau'),
('16f73c79-ada8-4e0b-b5fe-ef06746ebbf9', 'André', 'Benz', 'info@benzgaertnerei.ch', '071 777 18 54', 'Benz Gärtnerei', 'Brunnenackerstrasse 4, 9437 Marbach, St. Gallen'),
('b1e00933-5509-46d0-a5da-456bc5dbd7c5', 'Marco', 'Benz', 'marco.benz@bluewin.ch', '071 755 27 27', 'Benz Marco Malergeschäft', 'Flurstrasse 12, 9450 Altstätten, St. Gallen'),
('bf2c3698-5246-4987-8fa1-c9be5009e7e4', 'Markus', 'Benz', 'benz@markusbenz.ch', '044 466 88 99', 'Benz Markus GmbH', 'Höfliweg 1, 8862 Schübelbach, Schwyz'),
('d796756f-8ee1-4fe4-8f45-3c776b63425c', 'Marcel', 'Benz', 'info@benz-reinigungen.swiss', '079 422 18 68', 'Benz Reinigungen GmbH', 'Am Hofibach 18, 8909 Zwillikon, Zürich'),
('d4ed4614-0f4d-4a3d-ace9-bda15fe477e1', 'Ernst', 'Bucher', 'info@benzi-metallbau.ch', '056 668 13 16', 'Benzi Metallbau AG', 'Herdmattenstrasse 35, 5636 Benzenschwil, Aargau'),
('2ae38483-b706-42f1-9e87-592d39ed704b', 'Nils', 'Graf', 'hallo@beo-bauservice.ch', '079 311 80 66', 'BEO Bauservice AG', 'Glashütte 89j, 3807 Iseltwald, Bern'),
('aacc5830-6415-4e47-b859-85134956b1a4', 'Beat', 'Schild', 'info@beoelecom-elektro.ch', '033 821 04 95', 'Beo Elecom GmbH', 'Sendlistrasse 4b, 3800 Interlaken, Bern'),
('0a3904a4-93dd-4ab0-b306-2112c2e2efb7', 'Marianne', 'Kaderli', 'marianne.kaderli@beo-immoteam.ch', '033 223 81 81', 'BEO Immoteam GmbH', 'Marktgasse 18, 3600 Thun, Bern'),
('abb450fb-2ecd-4003-b67f-993a070bf8b8', 'Martin', 'Hüppeler', 'martin.hueppeler@beo-logistik.ch', '033 336 30 25', 'BeO Logistik GmbH', 'Moosweg 38, 3645 Gwatt (Thun), Bern'),
('bbc712ac-f92f-4487-9d2c-b1b528d3fcc9', 'Othmar', 'Benz', 'othmar@beoconsulting.ch', '079 671 73 69', 'Beo Management Consulting GmbH c/o Coworking Frauenfeld GmbH', 'Bahnhofstrasse 56, 8500 Frauenfeld, Thurgau'),
('c929394c-a3a3-4471-9e6e-0e29a12c098d', 'Alan Mohammed', 'Aziz', 'info@beo-pizza.ch', '033 335 12 12', 'Beo Pizzeria', 'Buchholzstrasse 45, 3604 Thun, Bern'),
('7c612931-0592-4e28-854b-2fdf698561f2', 'Martin', 'Ritschard', 'info@beorecycling.ch', '033 821 66 72', 'BeO Recycling AG', 'Geissgasse 26, 3800 Interlaken, Bern'),
('4aa541e2-944a-4918-a706-d2d7774fa73b', 'Markus', 'Abbühl', 'info@beosystems.ch', '079 291 03 64', 'BEO Systems AG', 'Weissenbächli 166B, 3765 Oberwil im Simmental, Bern'),
('7165cf4c-4996-4aa4-986d-c0a63d6eddf5', 'Jean-Luc', 'Amacher', 'amacher@beotreuhand.ch', '033 223 52 72', 'BEO TREUHAND GMBH', 'Frutigenstrasse 16, 3600 Thun, Bern'),
('8548b947-0cf1-4c1e-bfed-b6d7a87e9c23', 'Dominique', 'Strebel', 'dominique.strebel@beobachter.ch', '058 269 21 21', 'Beobachter', 'Flurstrasse 55, 8048 Zürich, Zürich'),
('d5f76240-edf7-46d3-8855-aa600c8e0ba1', 'Jakob', 'Mosimann', 'info@beocad.ch', '079 661 44 72', 'BeoCAD GmbH', 'Hauptstrasse 33, 3854 Oberried am Brienzersee, Bern'),
('b3f2a48c-13a2-4b8b-ba30-e3bc8b3e09c3', 'Markus', 'Gagalick', 'admin@beodent.ch', '033 336 44 88', 'beodent ag', 'Im Schoren 4, 3645 Gwatt (Thun), Bern'),
('f5e0f57e-751c-4dfd-b411-ebe5a0f8db6d', 'Christian', 'Kann', 'c.kann@beo-garden.ch', '044 687 29 10', 'Beo-Garden AG', 'Roosstrasse 53, 8832 Wollerau, Schwyz'),
('7cabf2a2-bc62-4859-abab-139297682cf5', 'Marcel', 'Bloom', 'mab@beosolar.ch', '033 566 52 92', 'Beosolar GmbH', 'Flurweg 4, 3700 Spiez, Bern'),
('9abdfb53-8ec8-4acc-ae9a-be37eb562375', 'Georg', 'Lerf', 'georg.lerf@beowa.ch', '033 650 84 79', 'beowa treuhand ag', 'Hofstatt 2a, 3702 Hondrich, Bern');

INSERT INTO leads (id, contact_id, source, status, value, notes) VALUES
('ee59a5e3-ee0f-47a4-bdd4-92399599ac28', 'dd94ae8f-922e-4167-82b5-6810733df80b', 'KALTAKQUISE', 'ACTIVE', 0, 'Funktion: Geschäftsführer/in (CEO) | Mitarbeiter: 11 bis 20 | Branche: Facility Management & Reinigungsfirmen'),
('fc4d053c-909f-4ac4-80ea-2984f888c5f4', 'c9a52a1a-162d-4e3a-91d8-53b3c90e0d8e', 'KALTAKQUISE', 'ACTIVE', 0, 'Funktion: Geschäftsführer/in (CEO) | Mitarbeiter: 11 bis 20 | Branche: Berg- & Seilbahnen | Rechtsform: Aktiengesellschaft'),
('0925924c-6a98-4682-b227-790ca3cfbec8', '00e6425e-4c31-42f2-a669-560791ddeb3a', 'KALTAKQUISE', 'ACTIVE', 0, 'Funktion: Geschäftsführer/in (CEO) | Mitarbeiter: 1 bis 10 | Branche: Elektroindustrie | Rechtsform: Aktiengesellschaft'),
('7c02fa46-74f9-4f3d-983a-4a78089101c7', '414ebba0-a62a-4ca5-a562-ce41afa47df0', 'KALTAKQUISE', 'ACTIVE', 0, 'Funktion: Gesamtleitung/Direktion | Mitarbeiter: 11 bis 20 | Branche: Hotels | Rechtsform: Einzelunternehmen'),
('633a2480-bdc1-45bd-ac2b-ae968c0d1c98', 'fec67f0e-76e6-4d0c-a46a-d9af01191796', 'KALTAKQUISE', 'ACTIVE', 0, 'Funktion: Geschäftsführer/in (CEO) | Mitarbeiter: 1 bis 10 | Branche: Immobilienvermittlung | Rechtsform: Aktiengesellschaft'),
('d70fd0ac-98bf-4fac-add6-66767a4f67a3', '8a5cd552-e404-44e5-8474-2cadac36f991', 'KALTAKQUISE', 'ACTIVE', 0, 'Funktion: Geschäftsführer/in (CEO) | Mitarbeiter: 11 bis 20 | Branche: Maschinenbauindustrie | Rechtsform: Aktiengesellschaft'),
('d8fe47d8-c1ff-476b-ac1c-29fd15086186', '5940f011-ab7a-42ba-ba5c-cb4739f46b5c', 'KALTAKQUISE', 'ACTIVE', 0, 'Funktion: Geschäftsführer/in (CEO) | Mitarbeiter: 1 bis 10 | Branche: Call Centers | Rechtsform: Aktiengesellschaft'),
('517bde41-d94d-4f57-80a0-35a1ff7670ce', '810a678e-83ae-4cdc-ab0b-55f47932203e', 'KALTAKQUISE', 'ACTIVE', 0, 'Funktion: Geschäftsführer/in (CEO) | Mitarbeiter: 21 bis 50 | Branche: Kunststoffindustrie | Rechtsform: Aktiengesellschaft'),
('7d8503a3-7f44-4955-aa47-cfebe81a92f0', '633c6bc8-7493-4e8e-8a90-4f6527d6ec91', 'KALTAKQUISE', 'ACTIVE', 0, 'Funktion: Gesamtleitung/Direktion | Mitarbeiter: 1 bis 10 | Branche: Spitäler & Kliniken | Rechtsform: Aktiengesellschaft'),
('5a28f524-5a4f-4b52-81e3-27bccba0aa08', '6062d233-3dad-43e2-ba5d-1d35e2ab39b1', 'KALTAKQUISE', 'ACTIVE', 0, 'Funktion: Geschäftsführer/in (CEO) | Mitarbeiter: 51 bis 100 | Branche: Top 2''000 CH-Unternehmen | Rechtsform: Aktiengesellschaft'),
('36bf38a5-e7a2-42de-884a-0f421419f92b', '3fcf2f67-e4b0-48c5-bdd4-76b62c060874', 'KALTAKQUISE', 'ACTIVE', 0, 'Funktion: Geschäftsführer/in (CEO) | Mitarbeiter: Mehr als 500 | Branche: Online Shops / Top 2''000 CH-Unternehmen | Rechtsform: Aktiengesellschaft'),
('d72799cc-5a2e-4f7a-8c6f-faf9738e5802', '805c5240-544d-4ba6-8851-58cd0a989aa3', 'KALTAKQUISE', 'ACTIVE', 0, 'Funktion: Geschäftsführer/in (CEO) | Mitarbeiter: 1 bis 10 | Branche: Elektroplanung & Installation | Rechtsform: Aktiengesellschaft'),
('80f19e67-9b13-4ce9-9559-65fe6cc7e752', 'e8363e30-1713-4703-9a62-d45bee9d2fd1', 'KALTAKQUISE', 'ACTIVE', 0, 'Funktion: Geschäftsführer/in (CEO) | Mitarbeiter: 11 bis 20 | Branche: Lebensmittelverarbeitung / Online Shops | Rechtsform: Aktiengesellschaft'),
('4cb7b517-0b0c-493e-8eb4-31eaf5a3f610', 'a942b84e-2dd1-433b-bdca-d8c3f582b877', 'KALTAKQUISE', 'ACTIVE', 0, 'Funktion: Geschäftsführer/in (CEO) | Mitarbeiter: 1 bis 10 | Branche: Gartenbau & -pflege | Rechtsform: Einzelunternehmen'),
('f54cb114-8526-4f26-bbbb-e1fa9e872c93', '09abe313-b19d-44d6-bfb9-4232ffa2f7dc', 'KALTAKQUISE', 'ACTIVE', 0, 'Funktion: Geschäftsführer/in (CEO) | Mitarbeiter: 1 bis 10 | Branche: Family Offices / Externe Vermögensverwalter | Rechtsform: Aktiengesellschaft'),
('b8bf3517-8a2c-44f6-bca7-e0b627f31404', 'a9478684-5dda-4aeb-b053-b5c219049d0d', 'KALTAKQUISE', 'ACTIVE', 0, 'Funktion: Geschäftsführer/in (CEO) | Mitarbeiter: 11 bis 20 | Branche: Online Shops'),
('35061e7a-f365-4d92-b137-5344f3e9226a', '7dc5ead8-6991-4038-9814-aed0785ef8cd', 'KALTAKQUISE', 'ACTIVE', 0, 'Funktion: Geschäftsführer/in (CEO) | Mitarbeiter: 11 bis 20 | Branche: Elektroplanung & Installation | Rechtsform: Aktiengesellschaft'),
('fc8b4785-c2cc-4ded-b351-9fc7d998ee1a', '73a72b99-1fad-4f13-abf2-db9e08f746e7', 'KALTAKQUISE', 'ACTIVE', 0, 'Funktion: Geschäftsführer/in (CEO) | Mitarbeiter: 1 bis 10 | Branche: Family Offices / Unternehmensberater'),
('bf3fdbd6-1a0f-4bdf-a6c6-d3ad7c94802b', '6d0ab365-8835-46b5-a1f0-1b9d606f8c52', 'KALTAKQUISE', 'ACTIVE', 0, 'Funktion: Geschäftsführer/in (CEO) | Mitarbeiter: Mehr als 500 | Branche: Nachhaltigkeitsbereich | Rechtsform: Aktiengesellschaft'),
('5f6270c7-dd7b-4771-8bd5-6fe798aafdd8', 'c15e7ab3-ef35-4379-b11f-d16e33a95ac1', 'KALTAKQUISE', 'ACTIVE', 0, 'Funktion: Geschäftsführer/in (CEO) | Mitarbeiter: 1 bis 10 | Branche: Family Offices / Externe Vermögensverwalter | Rechtsform: Aktiengesellschaft'),
('dd9d1f7b-a413-4269-a49f-6959b43daafe', '0b26942a-32cd-4df6-a3d5-5cc5d248e4dc', 'KALTAKQUISE', 'ACTIVE', 0, 'Funktion: Geschäftsführer/in (CEO) | Mitarbeiter: 1 bis 10 | Branche: Garagen | Rechtsform: Aktiengesellschaft'),
('2975fb9e-32af-4803-97d6-22fe0e4243d9', '106b8eca-eee2-40c8-83d1-ff978a8ca07f', 'KALTAKQUISE', 'ACTIVE', 0, 'Funktion: Geschäftsführer/in (CEO) | Mitarbeiter: 11 bis 20 | Branche: Online Shops | Rechtsform: Einzelunternehmen'),
('bb5a5ba4-56cf-4c3b-b2f6-d1b4921e6bc0', 'eaa864b6-08b0-4ddf-b68b-013ec8cca53c', 'KALTAKQUISE', 'ACTIVE', 0, 'Funktion: Geschäftsführer/in (CEO) | Mitarbeiter: 51 bis 100 | Branche: Top 2''000 CH-Unternehmen | Rechtsform: Aktiengesellschaft'),
('0a4058ae-4342-4363-be6b-5aab02c1a52c', 'e7e73152-a032-48f8-9359-272e0672b225', 'KALTAKQUISE', 'ACTIVE', 0, 'Funktion: Geschäftsführer/in (CEO) | Mitarbeiter: 1 bis 10 | Branche: Coiffeursalons'),
('cf3a2b0a-40d3-452a-b2fd-b3718d05fb37', 'e446a87c-eab4-467f-9c43-c18ebd84d603', 'KALTAKQUISE', 'ACTIVE', 0, 'Funktion: Geschäftsführer/in (CEO) | Mitarbeiter: 1 bis 10 | Branche: Metallbauer | Rechtsform: Einzelunternehmen'),
('f206cc18-beb8-4018-96fc-0346f1412eea', '532efecd-e350-4da7-a57e-35caf3430b81', 'KALTAKQUISE', 'ACTIVE', 0, 'Funktion: Geschäftsführer/in (CEO) | Mitarbeiter: 101 bis 500 | Branche: Online Shops | Rechtsform: Gesellschaft mit beschränkter Haftung'),
('983075f2-68ff-4253-b045-d126ac195c14', 'bd2fb32c-a376-45c4-a35e-90089be5325d', 'KALTAKQUISE', 'ACTIVE', 0, 'Funktion: Geschäftsführer/in (CEO) | Mitarbeiter: Mehr als 500 | Branche: Top 2''000 CH-Unternehmen / Medizintechnik-Industrie | Rechtsform: Aktiengesellschaft'),
('9e4a6853-d90e-4293-9293-1fcf54bf5cc1', 'ca43fc11-93c4-4f67-b977-f93c1f20ec88', 'KALTAKQUISE', 'ACTIVE', 0, 'Funktion: Geschäftsführer/in (CEO) | Mitarbeiter: Mehr als 500 | Branche: Maschinenbauindustrie / Top 2''000 CH-Unternehmen | Rechtsform: Aktiengesellschaft'),
('952202b0-e893-4acb-9bd8-50519f30db17', '91a78ba1-7486-439b-ba28-1f420a3f8d38', 'KALTAKQUISE', 'ACTIVE', 0, 'Funktion: Geschäftsführer/in (CEO) | Mitarbeiter: 1 bis 10 | Branche: Architekturbüros | Rechtsform: Aktiengesellschaft'),
('0fbb2d14-2775-4dcc-8086-e2bfffa32332', '12ac2dcf-c351-4bad-969b-cb3bd94f37af', 'KALTAKQUISE', 'ACTIVE', 0, 'Funktion: Geschäftsführer/in (CEO) | Mitarbeiter: 21 bis 50 | Branche: Gartenbau & -pflege | Rechtsform: Aktiengesellschaft'),
('d8b2036e-20f1-4bc7-89d6-969c018764fc', 'f665f53a-3677-4898-9f60-c8e92a72a856', 'KALTAKQUISE', 'ACTIVE', 0, 'Funktion: Geschäftsführer/in (CEO) | Mitarbeiter: Mehr als 500 | Branche: Lebensmittelverarbeitung / Top 2''000 CH-Unternehmen | Rechtsform: Aktiengesellschaft'),
('4083253e-cb93-477a-a3f0-50c3decefa5a', '368e078b-968a-4de7-9930-55073e7ffee0', 'KALTAKQUISE', 'ACTIVE', 0, 'Funktion: Leitung Einkauf | Mitarbeiter: 1 bis 10 | Branche: Divers'),
('e8402f37-850c-4082-b8d8-ab1fe3995cad', '7b39f34b-e74a-4251-aadf-9bcb1bc0fd92', 'KALTAKQUISE', 'ACTIVE', 0, 'Funktion: Geschäftsführer/in (CEO) | Mitarbeiter: 1 bis 10 | Branche: Lebensmittelverarbeitung | Rechtsform: Kollektivgesellschaft'),
('d8a45ef8-e93c-47be-a83a-36a5b72fd8c3', 'c05e221c-826b-44f7-a11b-1e6b0ba2216a', 'KALTAKQUISE', 'ACTIVE', 0, 'Funktion: Geschäftsführer/in (CEO) | Mitarbeiter: Mehr als 500 | Branche: Lebensmittelverarbeitung | Rechtsform: Aktiengesellschaft'),
('b939021a-2909-43b8-a77c-de47d404a8f2', 'bacf0983-3d64-4f11-9777-bef45ba921ce', 'KALTAKQUISE', 'ACTIVE', 0, 'Funktion: Geschäftsführer/in (CEO) | Mitarbeiter: 1 bis 10 | Branche: Immobilienverwaltung / Immobilienvermittlung | Rechtsform: Aktiengesellschaft'),
('b3cee604-c8da-407b-94a2-7457a9f48ae8', '4a4cf899-d2a0-4a9c-997e-e8fca48c7511', 'KALTAKQUISE', 'ACTIVE', 0, 'Funktion: Geschäftsführer/in (CEO) | Mitarbeiter: 1 bis 10 | Branche: Medizintechnik-Industrie | Rechtsform: Einzelunternehmen'),
('c660aae5-bd4f-4450-8631-d3e61a836b53', '1d232cc1-6b4b-422d-ab8d-f4a1f79c97d5', 'KALTAKQUISE', 'ACTIVE', 0, 'Funktion: Geschäftsführer/in (CEO) | Mitarbeiter: 1 bis 10 | Branche: Restaurants'),
('2f7d5da5-95fc-43d5-b6c6-47676f313309', '60daaacc-9d34-4134-8015-e6430933df1c', 'KALTAKQUISE', 'ACTIVE', 0, 'Funktion: Geschäftsführer/in (CEO) | Mitarbeiter: 1 bis 10 | Branche: Coiffeursalons | Rechtsform: Einzelunternehmen'),
('a19e23de-6a9f-4e0b-8b16-e049e1bd1e2f', '1b79aed6-8f4f-42e6-8605-ade283980ffb', 'KALTAKQUISE', 'ACTIVE', 0, 'Funktion: Geschäftsführer/in (CEO) | Mitarbeiter: 1 bis 10 | Branche: Atem- Meditation- & Yogacenter'),
('2e79276a-df94-4b84-a993-9fb56590ab5f', '1b1d731d-556d-4abd-bdbc-2ec6d03eb9c0', 'KALTAKQUISE', 'ACTIVE', 0, 'Funktion: Geschäftsführer/in (CEO) | Mitarbeiter: 1 bis 10 | Branche: Personalvermittler & -berater | Rechtsform: Aktiengesellschaft'),
('9beabca2-c7d6-45e1-a668-44b1b89794ab', '7a6b712c-3500-4e2f-8ffc-1aeae61a067e', 'KALTAKQUISE', 'ACTIVE', 0, 'Funktion: Geschäftsführer/in (CEO) | Mitarbeiter: 1 bis 10 | Branche: Garagen | Rechtsform: Aktiengesellschaft'),
('9c477f37-6896-4b62-a16d-f077d5a96cfc', '34c27c0d-191c-425e-8779-d814831e0b1e', 'KALTAKQUISE', 'ACTIVE', 0, 'Funktion: Geschäftsführer/in (CEO) | Mitarbeiter: 1 bis 10 | Branche: Coiffeursalons'),
('c70f01ed-4bb4-401d-9b0e-f685085cfd38', '620dfb47-73e0-480e-9a84-32b008058106', 'KALTAKQUISE', 'ACTIVE', 0, 'Funktion: Geschäftsführer/in (CEO) | Mitarbeiter: 11 bis 20 | Branche: Spielwaren- & Babyfachhandel | Rechtsform: Gesellschaft mit beschränkter Haftung'),
('279dd4a3-f019-4adc-b288-2b9224f96b46', 'cd958d7b-4e6b-4a3e-be8e-ce2a0beaf291', 'KALTAKQUISE', 'ACTIVE', 0, 'Funktion: Geschäftsführer/in (CEO) | Mitarbeiter: 21 bis 50 | Branche: Divers | Rechtsform: Aktiengesellschaft'),
('cf866af5-da6e-4978-953e-1c8dfd83d567', '58e9bd86-310b-49c9-9843-61b042e4d434', 'KALTAKQUISE', 'ACTIVE', 0, 'Funktion: Geschäftsführer/in (CEO) | Mitarbeiter: 21 bis 50 | Branche: Restaurants'),
('25a3d785-6b2d-442b-9980-606cc9571252', '385f3400-36b8-423c-a480-778427b15c0f', 'KALTAKQUISE', 'ACTIVE', 0, 'Funktion: Geschäftsführer/in (CEO) | Mitarbeiter: 1 bis 10 | Branche: Schwimmbäder'),
('33a3a010-3be9-4046-910d-27ca1da3e715', '0e0e7891-1ff3-4da9-ac50-52c3c977c4d8', 'KALTAKQUISE', 'ACTIVE', 0, 'Funktion: Geschäftsführer/in (CEO) | Mitarbeiter: 1 bis 10 | Branche: Coiffeursalons'),
('ce3f11cc-4996-43c8-97c9-b2b066be21d6', '8d7c05b9-098c-497c-ab94-090418d88afe', 'KALTAKQUISE', 'ACTIVE', 0, 'Funktion: Geschäftsführer/in (CEO) | Mitarbeiter: 1 bis 10 | Branche: Tattoo- & Piercingstudios'),
('12c4b042-e3e2-427b-813b-950fa065024f', '7ece4e95-5ce4-44f6-8217-5ec6a0a31ea7', 'KALTAKQUISE', 'ACTIVE', 0, 'Funktion: Geschäftsführer/in (CEO) | Mitarbeiter: 1 bis 10 | Branche: Kosmetikstudios | Rechtsform: Einzelunternehmen'),
('e48d9960-37fe-463a-941a-548455b68318', 'c8942605-7958-4893-8d7e-8b3eeada49e5', 'KALTAKQUISE', 'ACTIVE', 0, 'Funktion: Geschäftsführer/in (CEO) | Mitarbeiter: 1 bis 10 | Branche: Kosmetikstudios | Rechtsform: Gesellschaft mit beschränkter Haftung'),
('97fa9b06-954c-49cb-ad3b-b03160b6e4d0', 'f39d94c4-15bc-4222-97d1-455b42835d4d', 'KALTAKQUISE', 'ACTIVE', 0, 'Funktion: Geschäftsführer/in (CEO) | Mitarbeiter: 1 bis 10 | Branche: Immobilienvermittlung | Rechtsform: Aktiengesellschaft'),
('1170abd6-9b7b-4dcc-b3e8-d1b198d64d0d', 'afef5855-dbc5-4c70-8972-1aeb25964979', 'KALTAKQUISE', 'ACTIVE', 0, 'Funktion: Geschäftsführer/in (CEO) | Mitarbeiter: 1 bis 10 | Branche: Coiffeursalons'),
('ceadffb1-b7a2-4778-8a0c-80e13eb7cd07', '2a7bd4d4-4bf2-41c4-9f76-bcff62657401', 'KALTAKQUISE', 'ACTIVE', 0, 'Funktion: Geschäftsführer/in (CEO) | Mitarbeiter: 1 bis 10 | Branche: Treuhandbüros'),
('b385530b-19f8-4a37-8a47-c4be177f2e99', '64773a62-9428-467f-a392-884b87accc0a', 'KALTAKQUISE', 'ACTIVE', 0, 'Funktion: Geschäftsführer/in (CEO) | Mitarbeiter: 21 bis 50 | Branche: Fonds & sonstige Finanzinstitute / Private Equity & Venture Capital Firmen | Rechtsform: Aktiengesellschaft'),
('d0ea30f7-66e4-4c6e-b792-b64009a198d0', '059e9e7a-ae41-47f4-9f9f-998518fc2ec0', 'KALTAKQUISE', 'ACTIVE', 0, 'Funktion: Gesamtleitung/Direktion | Mitarbeiter: 1 bis 10 | Branche: Spitäler & Kliniken | Rechtsform: Aktiengesellschaft'),
('cf9cbe40-ddef-444d-88ee-924b408f77fb', '096f7568-92ee-4343-850d-305fa4a273a9', 'KALTAKQUISE', 'ACTIVE', 0, 'Funktion: Geschäftsführer/in (CEO) | Mitarbeiter: 1 bis 10 | Branche: Baugeschäfte | Rechtsform: Aktiengesellschaft'),
('ad9b8e49-4d1e-4c7d-86fd-94cef9182297', '1e671ce6-72f4-4e61-bbde-68f6316f783a', 'KALTAKQUISE', 'ACTIVE', 0, 'Funktion: Geschäftsführer/in (CEO) | Mitarbeiter: 1 bis 10 | Branche: Psychiatrie & Psychotherapie'),
('70c2eaf4-3c79-4e1b-95a6-400352e1c89f', 'b81cacc6-0d90-4c7e-bee0-ff0bc1ccba32', 'KALTAKQUISE', 'ACTIVE', 0, 'Funktion: Geschäftsführer/in (CEO) | Mitarbeiter: 1 bis 10 | Branche: Camping'),
('0a048bdf-3292-4b48-bb39-bbe8943f3454', '0ed87c5d-1e5f-4fc4-b448-f4bdb2e9f862', 'KALTAKQUISE', 'ACTIVE', 0, 'Funktion: Geschäftsführer/in (CEO) | Mitarbeiter: 1 bis 10 | Branche: Immobilienvermittlung / Immobilienprojektentwicklung | Rechtsform: Aktiengesellschaft'),
('052d10d4-05a0-404e-a1f3-9b1378a5c888', '7d527850-2c40-4141-af57-f18d190d7517', 'KALTAKQUISE', 'ACTIVE', 0, 'Funktion: Geschäftsführer/in (CEO) | Mitarbeiter: 1 bis 10 | Branche: Kosmetikstudios'),
('37518d30-8b8e-472c-8617-a37f41acb3e3', 'c485c3f1-3565-4eac-aea4-436ca904561d', 'KALTAKQUISE', 'ACTIVE', 0, 'Funktion: Geschäftsführer/in (CEO) | Mitarbeiter: 1 bis 10 | Branche: Immobilienverwaltung / Immobilienvermittlung | Rechtsform: Gesellschaft mit beschränkter Haftung'),
('9fb3963a-e230-4a78-ba28-cc3629ce08a3', 'e575a474-a91e-4aa6-accc-d44f4005eda3', 'KALTAKQUISE', 'ACTIVE', 0, 'Funktion: Geschäftsführer/in (CEO) | Mitarbeiter: 21 bis 50 | Branche: Spitex | Rechtsform: Aktiengesellschaft'),
('3fa8d3be-4574-4716-bf71-bda7bed8e62a', '5fdb78ca-d517-4a4c-86e3-4fc9fb0999b5', 'KALTAKQUISE', 'ACTIVE', 0, 'Funktion: Gesamtleitung/Direktion | Mitarbeiter: 1 bis 10 | Branche: Hotels | Rechtsform: Aktiengesellschaft'),
('865e844a-5134-4fea-8ba9-4dcd3d386dd2', 'b780ca0e-a653-4a13-a6fd-84adcd068aae', 'KALTAKQUISE', 'ACTIVE', 0, 'Funktion: Geschäftsführer/in (CEO) | Mitarbeiter: 1 bis 10 | Branche: Werbeagenturen | Rechtsform: Gesellschaft mit beschränkter Haftung'),
('dce43b6b-3657-4cd1-8eb6-f3b69e2512d7', 'c3cc2cd0-aa5b-4916-ab38-12b712e0e0ec', 'KALTAKQUISE', 'ACTIVE', 0, 'Funktion: Geschäftsführer/in (CEO) | Mitarbeiter: 21 bis 50 | Branche: Alters- & Pflegeheime'),
('b1422982-271f-4ae9-8ad6-57f2af021472', '3d2bd05d-29d7-4aaa-baa5-8027a51586c3', 'KALTAKQUISE', 'ACTIVE', 0, 'Funktion: Geschäftsführer/in (CEO) | Mitarbeiter: 51 bis 100 | Branche: Apotheken & Drogerien | Rechtsform: Aktiengesellschaft'),
('88ba6e36-171e-45d4-931d-97701b53ecd4', '1bc6a5a4-280c-4690-a091-55c84296d497', 'KALTAKQUISE', 'ACTIVE', 0, 'Funktion: Geschäftsführer/in (CEO) | Mitarbeiter: 1 bis 10 | Branche: Augenarztpraxen | Rechtsform: Aktiengesellschaft'),
('58d872ca-b46b-4826-8ce3-e35d0e740886', '6aea4158-b4cb-4bc1-99a1-08e34ab12556', 'KALTAKQUISE', 'ACTIVE', 0, 'Funktion: Gesamtleitung/Direktion | Mitarbeiter: 11 bis 20 | Branche: Hotels / Restaurants'),
('f2f13e03-a116-40e3-8ebc-33f20bcd5b44', 'a662862b-edb4-49ae-9557-68d4084ef945', 'KALTAKQUISE', 'ACTIVE', 0, 'Funktion: Geschäftsführer/in (CEO) | Mitarbeiter: 1 bis 10 | Branche: Treuhandbüros | Rechtsform: Gesellschaft mit beschränkter Haftung'),
('092e373b-1599-443b-9ad4-44618898fd18', 'c06d6563-6282-4af5-b4c5-3c8139415bd4', 'KALTAKQUISE', 'ACTIVE', 0, 'Funktion: Geschäftsführer/in (CEO) | Mitarbeiter: 21 bis 50 | Branche: Zahnarztpraxen | Rechtsform: Aktiengesellschaft'),
('4e8c89f1-f153-41b4-8e49-3f8d4e399460', '8bf6fbd7-19b3-41df-a5ba-2271e3acc741', 'KALTAKQUISE', 'ACTIVE', 0, 'Funktion: Geschäftsführer/in (CEO) | Mitarbeiter: 1 bis 10 | Branche: Kosmetikstudios'),
('373e6e54-0dec-4a19-981a-e245fc23ca4b', '21d81e08-0115-4d62-b256-e2f582a31627', 'KALTAKQUISE', 'ACTIVE', 0, 'Funktion: Geschäftsführer/in (CEO) | Mitarbeiter: 1 bis 10 | Branche: Coiffeursalons'),
('c35cc5ec-7fd8-463a-8183-df5b4a092872', '2d1aa135-dcb1-49a6-9eaa-a22bf477b2c5', 'KALTAKQUISE', 'ACTIVE', 0, 'Funktion: Geschäftsführer/in (CEO) | Mitarbeiter: 1 bis 10 | Branche: Kosmetikstudios'),
('96e23bde-b7f8-4213-82cf-03702655d431', '6bd2b5b6-1336-4d87-a5de-9633a3d12185', 'KALTAKQUISE', 'ACTIVE', 0, 'Funktion: Geschäftsführer/in (CEO) | Mitarbeiter: 51 bis 100 | Branche: Online Shops | Rechtsform: Aktiengesellschaft'),
('86e18969-f56b-46f2-bc6e-dd8280373dc9', '8539380d-2872-4d0b-ac43-3f7461d73a9f', 'KALTAKQUISE', 'ACTIVE', 0, 'Funktion: Leitung Schule | Mitarbeiter: 1 bis 10 | Branche: Weiterbildungsinstitute'),
('eb517bb4-40a2-4c44-931d-36c618e2ab2a', 'b5262361-e12f-4e1a-92bb-a8ffe972d3a7', 'KALTAKQUISE', 'ACTIVE', 0, 'Funktion: Geschäftsführer/in (CEO) | Mitarbeiter: 21 bis 50 | Branche: Personalvermittler & -berater | Rechtsform: Aktiengesellschaft'),
('c1920588-0bc0-42fd-ba28-2439ec8dd430', '76457629-e5a8-42fa-8f87-d3ca25e56b2e', 'KALTAKQUISE', 'ACTIVE', 0, 'Funktion: Geschäftsführer/in (CEO) | Mitarbeiter: 1 bis 10 | Branche: Hofläden & Bauernhöfe'),
('cd3baa24-7d3c-4a1e-b7bc-b8352cca31e9', 'bc80a76d-c723-4e6e-be3e-657541915e07', 'KALTAKQUISE', 'ACTIVE', 0, 'Funktion: Geschäftsführer/in (CEO) | Mitarbeiter: 1 bis 10 | Branche: Kosmetikstudios | Rechtsform: Einzelunternehmen'),
('aeb16770-fe31-46b6-b191-e476f563c084', '9eeb4258-7b8a-4c73-be8d-33120509f6eb', 'KALTAKQUISE', 'ACTIVE', 0, 'Funktion: Geschäftsführer/in (CEO) | Mitarbeiter: 1 bis 10 | Branche: Kosmetikstudios | Rechtsform: Gesellschaft mit beschränkter Haftung'),
('03004b2a-901d-4968-a1ac-5343c198cbc5', 'd21c9a62-1a8e-4785-9f9a-90f5cdf1fd5c', 'KALTAKQUISE', 'ACTIVE', 0, 'Funktion: Geschäftsführer/in (CEO) | Mitarbeiter: 1 bis 10 | Branche: Medizintechnik-Industrie | Rechtsform: Gesellschaft mit beschränkter Haftung'),
('f5fbce26-d0e6-447c-8d80-1630d49558fb', '77c53362-f8c3-429b-b8f8-f39f6a028f52', 'KALTAKQUISE', 'ACTIVE', 0, 'Funktion: Geschäftsführer/in (CEO) | Mitarbeiter: 1 bis 10 | Branche: Schreinerei- & Holzbaubetriebe'),
('616a284c-6086-486e-a27b-107753521f25', '3ca9942b-b726-48ce-b14a-0a70172a418c', 'KALTAKQUISE', 'ACTIVE', 0, 'Funktion: Geschäftsführer/in (CEO) | Mitarbeiter: 11 bis 20 | Branche: Divers | Rechtsform: Aktiengesellschaft'),
('15c445a7-f650-4e56-858a-eace34a32873', '34880e71-d124-4e1b-bb46-4d9396439809', 'KALTAKQUISE', 'ACTIVE', 0, 'Funktion: Geschäftsführer/in (CEO) | Mitarbeiter: 1 bis 10 | Branche: Treuhandbüros | Rechtsform: Gesellschaft mit beschränkter Haftung'),
('e05ad13b-f56e-4ab7-96a7-d78b61b83278', 'ae9a2db2-1450-483d-abcf-fe7dd53b7cc8', 'KALTAKQUISE', 'ACTIVE', 0, 'Funktion: Geschäftsführer/in (CEO) | Mitarbeiter: 1 bis 10 | Branche: Architekturbüros | Rechtsform: Aktiengesellschaft'),
('524aee21-ba4d-4699-b032-7c8ca61395d3', '2f972bc6-d3bc-49c8-bf7a-f2d18d116d55', 'KALTAKQUISE', 'ACTIVE', 0, 'Funktion: Geschäftsführer/in (CEO) | Mitarbeiter: 1 bis 10 | Branche: Boden- & Plattenleger'),
('76ab70c6-ee41-496c-b652-0d387cdfc31a', 'f1e473a6-e708-40f0-b097-acea1abe4aa9', 'KALTAKQUISE', 'ACTIVE', 0, 'Funktion: Geschäftsführer/in (CEO) | Mitarbeiter: 1 bis 10 | Branche: Elektroplanung & Installation | Rechtsform: Gesellschaft mit beschränkter Haftung'),
('cb2d049f-df2d-4248-b5d2-7e375fcf3336', '62a1b884-1934-4ec9-932b-e38806a11395', 'KALTAKQUISE', 'ACTIVE', 0, 'Funktion: Leitung Schule | Mitarbeiter: 1 bis 10 | Branche: Weiterbildungsinstitute | Rechtsform: Gesellschaft mit beschränkter Haftung'),
('a07c44ed-8e85-41d0-b20c-e374431464d7', 'b19d5ad7-a005-454b-845a-8433fbb9262b', 'KALTAKQUISE', 'ACTIVE', 0, 'Funktion: Geschäftsführer/in (CEO) | Mitarbeiter: 11 bis 20 | Branche: Divers | Rechtsform: Aktiengesellschaft'),
('521bb5e8-767c-44e8-8df6-94923c0bf1b2', '9b6a72f0-d002-477a-802b-cd67f3661aeb', 'KALTAKQUISE', 'ACTIVE', 0, 'Funktion: Geschäftsführer/in (CEO) | Mitarbeiter: 1 bis 10 | Branche: Nachhaltigkeitsbereich | Rechtsform: Gesellschaft mit beschränkter Haftung'),
('3a11b8af-236b-445e-882c-1d0fb9d83ef7', '4f403b35-da4d-4783-abe0-d9b3fdaf9852', 'KALTAKQUISE', 'ACTIVE', 0, 'Funktion: Geschäftsführer/in (CEO) | Mitarbeiter: 1 bis 10 | Branche: Fitnessstudios | Rechtsform: Aktiengesellschaft'),
('4c30f19b-8392-455f-b2c3-6b13994dbe6a', '9bda8979-1dad-4f0f-8ab9-f1f61830123b', 'KALTAKQUISE', 'ACTIVE', 0, 'Funktion: Geschäftsführer/in (CEO) | Mitarbeiter: 11 bis 20 | Branche: Online Shops | Rechtsform: Gesellschaft mit beschränkter Haftung'),
('d3cdf3cd-5ab3-4a92-af24-4a9cc9fc5153', '9a5cc65f-eb22-41a6-87df-3f32ba7ffd78', 'KALTAKQUISE', 'ACTIVE', 0, 'Funktion: Geschäftsführer/in (CEO) | Mitarbeiter: 11 bis 20 | Branche: Architekturbüros | Rechtsform: Aktiengesellschaft'),
('c391b77e-7cbc-4143-9343-a3d134b2096b', '1a5e07eb-a22d-4861-8ab6-1982353f25be', 'KALTAKQUISE', 'ACTIVE', 0, 'Funktion: Geschäftsführer/in (CEO) | Mitarbeiter: 1 bis 10 | Branche: Boden- & Plattenleger'),
('ac6e661f-4209-4f7c-a047-7fb2febf9bb1', '728eaa1a-653e-4a3a-ac1e-f5bdfa94b21a', 'KALTAKQUISE', 'ACTIVE', 0, 'Funktion: Geschäftsführer/in (CEO) | Mitarbeiter: 11 bis 20 | Branche: Elektroindustrie | Rechtsform: Gesellschaft mit beschränkter Haftung'),
('9750d0d2-3188-459a-a7f6-1e08647975e6', 'f7fbf489-cc83-4c27-905a-f3d74f588930', 'KALTAKQUISE', 'ACTIVE', 0, 'Funktion: Geschäftsführer/in (CEO) | Mitarbeiter: 11 bis 20 | Branche: Metallbauer | Rechtsform: Aktiengesellschaft'),
('6c8887b2-2ead-4b7a-af3d-e5ce42548a14', 'f1031eec-8c64-423c-b8ca-7b714cc3e125', 'KALTAKQUISE', 'ACTIVE', 0, 'Funktion: Geschäftsführer/in (CEO) | Mitarbeiter: 1 bis 10 | Branche: Immobilienverwaltung / Immobilienvermittlung | Rechtsform: Aktiengesellschaft'),
('5f987da1-43c6-457c-a505-2999029e2e21', '205eddcc-7636-4689-b84d-5fcf453e1010', 'KALTAKQUISE', 'ACTIVE', 0, 'Funktion: Geschäftsführer/in (CEO) | Mitarbeiter: 1 bis 10 | Branche: Treuhandbüros'),
('59f71ff1-05e3-45e4-8a6d-853c11979228', '77743e85-3d00-4b05-82de-c6c7cd165814', 'KALTAKQUISE', 'ACTIVE', 0, 'Funktion: Geschäftsführer/in (CEO) | Mitarbeiter: 11 bis 20 | Branche: Facility Management & Reinigungsfirmen | Rechtsform: Gesellschaft mit beschränkter Haftung'),
('d319efc5-5d18-4fe6-9a48-2f19631bb929', 'ad71b238-4b71-4518-846e-9bd0676932d6', 'KALTAKQUISE', 'ACTIVE', 0, 'Funktion: Geschäftsführer/in (CEO) | Mitarbeiter: 1 bis 10 | Branche: General- & Totalunternehmungen | Rechtsform: Aktiengesellschaft'),
('7478b609-e10f-429a-9b17-0dd93fb35e65', '639cf1ac-e139-470d-95ee-c0dc13966de2', 'KALTAKQUISE', 'ACTIVE', 0, 'Funktion: Geschäftsführer/in (CEO) | Mitarbeiter: 1 bis 10 | Branche: Restaurants | Rechtsform: Einzelunternehmen'),
('4226ebc4-3c1a-40f7-9f19-52ae58016419', 'be5162b9-57e3-4898-9f94-934f816de8c5', 'KALTAKQUISE', 'ACTIVE', 0, 'Funktion: Geschäftsführer/in (CEO) | Mitarbeiter: 11 bis 20 | Branche: Chemieindustrie | Rechtsform: Einzelunternehmen'),
('53a1e32d-a547-46fc-85fc-7083fb52e704', '42250d7a-7432-4bd1-83d0-9f9bac4c1eee', 'KALTAKQUISE', 'ACTIVE', 0, 'Funktion: Geschäftsführer/in (CEO) | Mitarbeiter: 11 bis 20 | Branche: Elektroindustrie | Rechtsform: Aktiengesellschaft'),
('a0792950-7495-46a0-977a-bd02bfba7473', '12f9d936-29a7-4229-9662-2893e9643975', 'KALTAKQUISE', 'ACTIVE', 0, 'Funktion: Geschäftsführer/in (CEO) | Mitarbeiter: 101 bis 500 | Branche: Logistik- & Transportunternehmen | Rechtsform: Gesellschaft mit beschränkter Haftung'),
('b271c170-1755-4d65-855c-d090aee7f644', 'f9999f4a-5a58-4ee2-a227-2d7c90422fb3', 'KALTAKQUISE', 'ACTIVE', 0, 'Funktion: Geschäftsführer/in (CEO) | Mitarbeiter: 1 bis 10 | Branche: Elektroindustrie | Rechtsform: Aktiengesellschaft'),
('9bda3629-350d-46b2-9b84-f44a2c82c9e8', '0fd98b4a-a0d1-47b1-b661-be9a9cd3e168', 'KALTAKQUISE', 'ACTIVE', 0, 'Funktion: Geschäftsführer/in (CEO) | Mitarbeiter: 1 bis 10 | Branche: Metallbauer | Rechtsform: Aktiengesellschaft'),
('f80af453-d285-45a7-9079-5b292a92f917', '62336a11-7fd0-4cf5-a248-fe93c436b703', 'KALTAKQUISE', 'ACTIVE', 0, 'Funktion: Geschäftsführer/in (CEO) | Mitarbeiter: 21 bis 50 | Branche: IT Unternehmen | Rechtsform: Aktiengesellschaft'),
('47a67a4e-a5d1-44dc-a1df-b0bfc53b315d', 'b276d18f-7df2-44dd-8d23-c8dcaade2340', 'KALTAKQUISE', 'ACTIVE', 0, 'Funktion: Geschäftsführer/in (CEO) | Mitarbeiter: 1 bis 10 | Branche: Atem- Meditation- & Yogacenter'),
('db6d8ee7-540d-4b3d-bb4e-0ef25c83db30', '592c95c9-d3b1-4f6e-9424-b8ef3fd7ca2e', 'KALTAKQUISE', 'ACTIVE', 0, 'Funktion: Geschäftsführer/in (CEO) | Mitarbeiter: 1 bis 10 | Branche: Private Equity & Venture Capital Firmen | Rechtsform: Aktiengesellschaft'),
('94cfc989-9b7e-4517-b13a-24dffe0ad429', '4e40de22-ea28-4ff9-924a-6eef78af2868', 'KALTAKQUISE', 'ACTIVE', 0, 'Funktion: Geschäftsführer/in (CEO) | Mitarbeiter: 1 bis 10 | Branche: Spielwaren- & Babyfachhandel'),
('01e42c1c-8125-4b1c-b236-c4e7364f0900', '01eeae57-f358-4593-9d23-4157a5a3b976', 'KALTAKQUISE', 'ACTIVE', 0, 'Funktion: Geschäftsführer/in (CEO) | Mitarbeiter: 1 bis 10 | Branche: Werbeagenturen | Rechtsform: Gesellschaft mit beschränkter Haftung'),
('8c95c27f-c740-44a8-b27e-3a4f2d09e32f', '9d94cadd-3a9b-44c1-8e4a-67a7f2b60051', 'KALTAKQUISE', 'ACTIVE', 0, 'Funktion: Geschäftsführer/in (CEO) | Mitarbeiter: 1 bis 10 | Branche: Family Offices / Externe Vermögensverwalter | Rechtsform: Aktiengesellschaft'),
('bd8913a7-dbba-49b3-a2ad-89afe8c2d987', 'e08bd78c-3b07-4395-914e-83a32f3cd902', 'KALTAKQUISE', 'ACTIVE', 0, 'Funktion: Geschäftsführer/in (CEO) | Mitarbeiter: 21 bis 50 | Branche: Family Offices / Fonds & sonstige Finanzinstitute / Externe Vermögensverwalter | Rechtsform: Aktiengesellschaft'),
('e232533f-182e-4eba-9971-e67a87725760', '4e5bca7e-5a5c-4426-bcb6-37982245fbcb', 'KALTAKQUISE', 'ACTIVE', 0, 'Funktion: Gesamtleitung/Direktion | Mitarbeiter: 11 bis 20 | Branche: Hotels'),
('f6643052-6a59-4e81-a554-59c3af2f2c81', '46cf0364-7660-4188-992a-8cd1a1e458a5', 'KALTAKQUISE', 'ACTIVE', 0, 'Funktion: Geschäftsführer/in (CEO) | Mitarbeiter: 11 bis 20 | Branche: Spitex | Rechtsform: Aktiengesellschaft'),
('1e3b35dd-337a-41d5-a4cd-4b505cf4a400', '77506ead-6998-4887-823c-13252ddf6298', 'KALTAKQUISE', 'ACTIVE', 0, 'Funktion: Geschäftsführer/in (CEO) | Mitarbeiter: 11 bis 20 | Branche: Family Offices / Fonds & sonstige Finanzinstitute / Private Equity & Venture Capital Firmen / Externe Vermögensverwalter | Rechtsform: Aktiengesellschaft'),
('169d991f-8d21-4b87-b5bc-2468f9fff14a', '6d4c28ff-c0a1-454b-9b84-0bf24b837611', 'KALTAKQUISE', 'ACTIVE', 0, 'Funktion: Geschäftsführer/in (CEO) | Mitarbeiter: 1 bis 10 | Branche: Externe Vermögensverwalter | Rechtsform: Aktiengesellschaft'),
('e84cb96e-281c-4700-a022-2deded4f349e', '40404863-37e8-4041-93fc-404f8ccc3e6a', 'KALTAKQUISE', 'ACTIVE', 0, 'Funktion: Geschäftsführer/in (CEO) | Mitarbeiter: 101 bis 500 | Branche: Garagen | Rechtsform: Aktiengesellschaft'),
('6f0b7a97-5a5c-4e43-9aff-e64358ae6c43', 'c8661603-60f2-4bf3-a178-8fd9386b1812', 'KALTAKQUISE', 'ACTIVE', 0, 'Funktion: Geschäftsführer/in (CEO) | Mitarbeiter: 11 bis 20 | Branche: Architekturbüros | Rechtsform: Aktiengesellschaft'),
('0ab9e297-4974-496b-ab05-d448f3cca2ec', '4154f359-98d1-4e7c-8780-e5526907f3ba', 'KALTAKQUISE', 'ACTIVE', 0, 'Funktion: Geschäftsführer/in (CEO) | Mitarbeiter: 1 bis 10 | Branche: Boden- & Plattenleger'),
('e7f1a3cb-36ff-48d7-94a9-62081dc243ec', '0f280864-a63e-423a-ab87-07ca819d793c', 'KALTAKQUISE', 'ACTIVE', 0, 'Funktion: Geschäftsführer/in (CEO) | Mitarbeiter: 11 bis 20 | Branche: Divers | Rechtsform: Aktiengesellschaft'),
('d5b99857-e58c-4402-b8d4-81c0b84c6a7e', '746f084e-0f72-4661-b4ad-5e7a186d97af', 'KALTAKQUISE', 'ACTIVE', 0, 'Funktion: Geschäftsführer/in (CEO) | Mitarbeiter: 1 bis 10 | Branche: Boden- & Plattenleger'),
('d7aeec25-792a-4a31-b8f5-9093bf4f5171', '9d43bf4e-af25-4f55-8490-2685e8d5604b', 'KALTAKQUISE', 'ACTIVE', 0, 'Funktion: Geschäftsführer/in (CEO) | Mitarbeiter: 1 bis 10 | Branche: Nachhaltigkeitsbereich | Rechtsform: Gesellschaft mit beschränkter Haftung'),
('20cd626b-fbc1-4218-a163-158702bfbbd1', '3e9063a9-4841-40f8-9d7a-d1f63c09303b', 'KALTAKQUISE', 'ACTIVE', 0, 'Funktion: Geschäftsführer/in (CEO) | Mitarbeiter: 1 bis 10 | Branche: Schreinerei- & Holzbaubetriebe'),
('9d0179a7-19a5-43e0-83df-1282c8dff70f', '4ef2c372-577d-4030-bc66-4ccdaf2a1609', 'KALTAKQUISE', 'ACTIVE', 0, 'Funktion: Geschäftsführer/in (CEO) | Mitarbeiter: 1 bis 10 | Branche: Treuhandbüros | Rechtsform: Aktiengesellschaft'),
('c337eaab-41ec-49fd-b699-8ba3409908f2', '9b2ce6ee-797b-41a2-bf57-db4d2db6a84e', 'KALTAKQUISE', 'ACTIVE', 0, 'Funktion: Geschäftsführer/in (CEO) | Mitarbeiter: 1 bis 10 | Branche: Tattoo- & Piercingstudios'),
('05240bb9-c0ca-4f8c-8488-3f560e79010d', 'caa079a2-5753-4069-8f01-755dcc0c9696', 'KALTAKQUISE', 'ACTIVE', 0, 'Funktion: Geschäftsführer/in (CEO) | Mitarbeiter: 1 bis 10 | Branche: Maler- & Gipsergeschäfte | Rechtsform: Gesellschaft mit beschränkter Haftung'),
('31bf6e2e-a8f6-4e1d-bef4-b3a8ae87d26d', '9de98a07-f239-495d-a288-5463428854f0', 'KALTAKQUISE', 'ACTIVE', 0, 'Funktion: Geschäftsführer/in (CEO) | Mitarbeiter: 1 bis 10 | Branche: Architekturbüros | Rechtsform: Gesellschaft mit beschränkter Haftung'),
('eefcef2c-3222-4870-aa0e-2b1a1ed73aea', '94b0ddc9-e23d-4ee9-bb8e-ca853033a38c', 'KALTAKQUISE', 'ACTIVE', 0, 'Funktion: Geschäftsführer/in (CEO) | Mitarbeiter: 11 bis 20 | Branche: Life-Science-Industrie | Rechtsform: Aktiengesellschaft'),
('01a8e10e-aaad-4407-8b91-74e5f2fb4b98', '64aee1f6-fa2b-462f-b300-9937a3cfd6f5', 'KALTAKQUISE', 'ACTIVE', 0, 'Funktion: Geschäftsführer/in (CEO) | Mitarbeiter: 11 bis 20 | Branche: Sanitär & Haustechnik | Rechtsform: Gesellschaft mit beschränkter Haftung'),
('831426af-f743-4ea9-84c0-9dfbe5bbe9c6', '66f5cf3b-6029-4d3d-9b06-33a62bf77a25', 'KALTAKQUISE', 'ACTIVE', 0, 'Funktion: Geschäftsführer/in (CEO) | Mitarbeiter: 11 bis 20 | Branche: Boden- & Plattenleger'),
('6df75d13-298d-4f15-a92a-71ce8e4d18cd', 'beb31847-5b93-4ae8-ad5a-11877638aebc', 'KALTAKQUISE', 'ACTIVE', 0, 'Funktion: Geschäftsführer/in (CEO) | Mitarbeiter: 1 bis 10 | Branche: Hofläden & Bauernhöfe'),
('e6b92d76-85ff-46c4-9347-936441fbca72', 'c83eaf82-9513-4228-a7fa-13fc9d25ba14', 'KALTAKQUISE', 'ACTIVE', 0, 'Funktion: Geschäftsführer/in (CEO) | Mitarbeiter: 1 bis 10 | Branche: Unternehmensberater | Rechtsform: Einzelunternehmen'),
('8d7c320e-73cc-4719-84e2-28c902c1eeb2', '94405234-79b7-4834-b2fa-15662c5cd820', 'KALTAKQUISE', 'ACTIVE', 0, 'Funktion: Geschäftsführer/in (CEO) | Mitarbeiter: 1 bis 10 | Branche: Boden- & Plattenleger'),
('e3f8bb08-7976-4ef1-9108-302184b57937', '2df1ea28-0e98-48c1-8ba1-294de9a0914c', 'KALTAKQUISE', 'ACTIVE', 0, 'Funktion: Geschäftsführer/in (CEO) | Mitarbeiter: 1 bis 10 | Branche: Sanitär & Haustechnik | Rechtsform: Einzelunternehmen'),
('ee06db6f-53a1-43b8-bbbe-7042803b3a1c', 'beba9b8e-6766-4ce2-aa77-adbd2d947bde', 'KALTAKQUISE', 'ACTIVE', 0, 'Funktion: Geschäftsführer/in (CEO) | Mitarbeiter: 1 bis 10 | Branche: Maler- & Gipsergeschäfte | Rechtsform: Gesellschaft mit beschränkter Haftung'),
('94beec69-9d65-4eed-ad5e-036b7a117c02', '323666cf-b913-49ca-8579-9d158f29cf0b', 'KALTAKQUISE', 'ACTIVE', 0, 'Funktion: Leitung Schule | Mitarbeiter: 1 bis 10 | Branche: Weiterbildungsinstitute'),
('ab8bf7f4-8ebd-47a8-8503-e806a8b904fe', '5b245a47-2e9e-4bb4-9cec-fe195f9e8816', 'KALTAKQUISE', 'ACTIVE', 0, 'Funktion: Geschäftsführer/in (CEO) | Mitarbeiter: 1 bis 10 | Branche: Architekturbüros'),
('fae39339-a3f1-428d-a233-adea38707e9e', '3a8984d7-4346-4c78-8e8e-a7e58e843e2f', 'KALTAKQUISE', 'ACTIVE', 0, 'Funktion: Geschäftsführer/in (CEO) | Mitarbeiter: 1 bis 10 | Branche: Entsorgungsindustrie | Rechtsform: Aktiengesellschaft'),
('4724bb47-4542-457c-b16b-a34535f1adc0', '9e3da763-2369-4ac9-a53c-bfc5fe4eb6ad', 'KALTAKQUISE', 'ACTIVE', 0, 'Funktion: Geschäftsführer/in (CEO) | Mitarbeiter: 1 bis 10 | Branche: Online Shops | Rechtsform: Aktiengesellschaft'),
('0968fa0d-a255-4d05-88a3-f8456096bd92', '0f06c918-31b8-4342-9db6-f0a42aa7e1d7', 'KALTAKQUISE', 'ACTIVE', 0, 'Funktion: Geschäftsführer/in (CEO) | Mitarbeiter: 1 bis 10 | Branche: Fitnessstudios'),
('ed546bd9-5f4e-4d95-88b5-dc07a1e80050', '497bd38a-3547-4b7f-97e8-d037c429c18c', 'KALTAKQUISE', 'ACTIVE', 0, 'Funktion: Präsidium  | Mitarbeiter: 11 bis 20 | Branche: Fussballvereine'),
('bc7af950-d92b-4ef5-9600-7703ad5865f7', '4552dc68-a556-421c-b70d-35a7120ad134', 'KALTAKQUISE', 'ACTIVE', 0, 'Funktion: Gesamtleitung/Direktion | Mitarbeiter: 21 bis 50 | Branche: Hotels | Rechtsform: Gesellschaft mit beschränkter Haftung'),
('9704205e-3e47-492b-bf6e-5be3593d3ac0', 'b09831f6-e3ee-4ecc-9d43-562ada77ee1a', 'KALTAKQUISE', 'ACTIVE', 0, 'Funktion: Geschäftsführer/in (CEO) | Mitarbeiter: 11 bis 20 | Branche: Zahnarztpraxen | Rechtsform: Aktiengesellschaft'),
('7a5e964e-aaff-4765-bcae-b795a3f3b776', '44efba35-72a2-41a8-98a4-3054336c3256', 'KALTAKQUISE', 'ACTIVE', 0, 'Funktion: Geschäftsführer/in (CEO) | Mitarbeiter: 1 bis 10 | Branche: Apotheken & Drogerien'),
('c46ca826-379f-4af3-9977-3e285e8b5f43', 'ae32bbfc-9bda-48a6-923e-c1d13c7b8ec4', 'KALTAKQUISE', 'ACTIVE', 0, 'Funktion: Geschäftsführer/in (CEO) | Mitarbeiter: 21 bis 50 | Branche: Baugeschäfte | Rechtsform: Aktiengesellschaft'),
('5d6e11f7-28da-4fea-9b05-c21860b146ef', '6e41564f-570c-4968-bc60-b908eab8648e', 'KALTAKQUISE', 'ACTIVE', 0, 'Funktion: Geschäftsführer/in (CEO) | Mitarbeiter: 21 bis 50 | Branche: Metallbauer | Rechtsform: Aktiengesellschaft'),
('09ea2a48-51a2-45de-b038-dd4d5bf27522', 'd8b498fa-62e6-444c-a24e-2ead6220826f', 'KALTAKQUISE', 'ACTIVE', 0, 'Funktion: Geschäftsführer/in (CEO) | Mitarbeiter: 1 bis 10 | Branche: Entsorgungsindustrie | Rechtsform: Gesellschaft mit beschränkter Haftung'),
('4fc6368f-73f4-4fcb-b2cb-0c981e23f917', 'a77f218d-dbf5-45a5-b02b-13ac75af4630', 'KALTAKQUISE', 'ACTIVE', 0, 'Funktion: Geschäftsführer/in (CEO) | Mitarbeiter: 1 bis 10 | Branche: Boden- & Plattenleger'),
('af369d08-9b8a-406e-9a66-1591f84b4e02', 'e72eaaa0-4c3a-4390-ad6e-6f65cd068a01', 'KALTAKQUISE', 'ACTIVE', 0, 'Funktion: Geschäftsführer/in (CEO) | Mitarbeiter: 1 bis 10 | Branche: Schreinerei- & Holzbaubetriebe'),
('2d53f9e6-07eb-4c61-b074-3dfe684dc544', '1ab4f890-4583-43eb-afea-85c285e477f1', 'KALTAKQUISE', 'ACTIVE', 0, 'Funktion: Geschäftsführer/in (CEO) | Mitarbeiter: 1 bis 10 | Branche: Elektroplanung & Installation | Rechtsform: Gesellschaft mit beschränkter Haftung'),
('7f046169-4ba9-4a26-b5ee-0269515f9cf0', '9437bb7c-a975-4178-a025-42fb0fa5984f', 'KALTAKQUISE', 'ACTIVE', 0, 'Funktion: Geschäftsführer/in (CEO) | Mitarbeiter: 1 bis 10 | Branche: Architekturbüros'),
('bad28a21-bbee-4bcf-b79e-8f31e3a856ff', '510f9b5d-44bf-425a-9bcb-d3fd0fdf73df', 'KALTAKQUISE', 'ACTIVE', 0, 'Funktion: Geschäftsführer/in (CEO) | Mitarbeiter: 1 bis 10 | Branche: Boden- & Plattenleger'),
('267db833-c261-429f-a4c1-2f6757ff2cd3', '14717bd4-816d-4f07-adbd-e00c29669fa6', 'KALTAKQUISE', 'ACTIVE', 0, 'Funktion: Geschäftsführer/in (CEO) | Mitarbeiter: 1 bis 10 | Branche: Energieindustrie | Rechtsform: Gesellschaft mit beschränkter Haftung'),
('992f3ad6-c998-421e-9100-9423a624c346', 'e1af48eb-142e-43e9-a863-cc3673d2b619', 'KALTAKQUISE', 'ACTIVE', 0, 'Funktion: Inhaber/in (Owner/Founder) | Mitarbeiter: 1 bis 10 | Branche: Gartenbau & -pflege'),
('6d0a67b3-3562-4a82-91ef-e9287caeb620', '54c002c4-d23b-4151-bf89-7a1159d2bc44', 'KALTAKQUISE', 'ACTIVE', 0, 'Funktion: Geschäftsführer/in (CEO) | Mitarbeiter: 1 bis 10 | Branche: Coiffeursalons | Rechtsform: Gesellschaft mit beschränkter Haftung'),
('0c8ac7e1-c9c1-40ee-ad17-10cda34db123', '3072df49-5fa2-4782-99c9-a550dcd09c7c', 'KALTAKQUISE', 'ACTIVE', 0, 'Funktion: Geschäftsführer/in (CEO) | Mitarbeiter: 1 bis 10 | Branche: Detailhandel - Food & Getränke | Rechtsform: Gesellschaft mit beschränkter Haftung'),
('18920649-6f64-434e-9714-d80ab305ef1c', 'ccc2ac25-a01e-4b02-aca8-8d0215df7273', 'KALTAKQUISE', 'ACTIVE', 0, 'Funktion: Geschäftsführer/in (CEO) | Mitarbeiter: 1 bis 10 | Branche: Maler- & Gipsergeschäfte | Rechtsform: Gesellschaft mit beschränkter Haftung'),
('b45a564c-06f2-4bd9-a1e1-ba628a7bd000', '9f3ebb33-6460-4aa9-9cfb-b8e2f0cb6a95', 'KALTAKQUISE', 'ACTIVE', 0, 'Funktion: Geschäftsführer/in (CEO) | Mitarbeiter: 101 bis 500 | Branche: Textil- & Möbelindustrie / Top 2''000 CH-Unternehmen | Rechtsform: Aktiengesellschaft'),
('51b7e64f-b0ed-4513-b604-4cc7f404ee9a', 'b1316280-60a0-4932-8399-e4078b594069', 'KALTAKQUISE', 'ACTIVE', 0, 'Funktion: Geschäftsführer/in (CEO) | Mitarbeiter: 21 bis 50 | Branche: Maschinenbauindustrie | Rechtsform: Aktiengesellschaft'),
('01291802-d400-460e-91e3-64e8a56ece3b', '8f481175-81ca-48e1-81b7-66aaa91e3663', 'KALTAKQUISE', 'ACTIVE', 0, 'Funktion: Geschäftsführer/in (CEO) | Mitarbeiter: Mehr als 500 | Branche: Top 2''000 CH-Unternehmen / Immobilienverwaltung / Immobilienvermittlung | Rechtsform: Aktiengesellschaft'),
('bedf44ab-bdcf-4df8-9025-135a4f7ad70c', 'ae8f8af1-6124-4e1a-acaa-f3145395059c', 'KALTAKQUISE', 'ACTIVE', 0, 'Funktion: Geschäftsführer/in (CEO) | Mitarbeiter: 1 bis 10 | Branche: Schreinerei- & Holzbaubetriebe | Rechtsform: Aktiengesellschaft'),
('98b2be37-07a7-4fc3-a13b-c893909bd725', 'e85e4231-1704-431c-98ff-50067d100ea9', 'KALTAKQUISE', 'ACTIVE', 0, 'Funktion: Geschäftsführer/in (CEO) | Mitarbeiter: 1 bis 10 | Branche: Boden- & Plattenleger'),
('ec1b8d85-0f88-4088-9543-571428bbdb8b', '8ef46474-4ebc-4be9-8f21-dba29a2efc83', 'KALTAKQUISE', 'ACTIVE', 0, 'Funktion: Geschäftsführer/in (CEO) | Mitarbeiter: 1 bis 10 | Branche: Maler- & Gipsergeschäfte | Rechtsform: Gesellschaft mit beschränkter Haftung'),
('e2dbc695-5a25-456b-804b-aec0175b7b1f', '9d5ef5f8-18d5-44bc-af50-666b1bf6553c', 'KALTAKQUISE', 'ACTIVE', 0, 'Funktion: Geschäftsführer/in (CEO) | Mitarbeiter: 1 bis 10 | Branche: Metallbauer'),
('8faa99ff-9b88-4303-bb76-eb7624d68ee6', '0ce2c111-fe41-40c9-867a-b7415f7e532a', 'KALTAKQUISE', 'ACTIVE', 0, 'Funktion: Geschäftsführer/in (CEO) | Mitarbeiter: Mehr als 500 | Branche: Top 2''000 CH-Unternehmen | Rechtsform: Ausländische Niederlassung im Handelsregister eingetragen'),
('f4ae8cd7-72bf-4b53-824c-2b6d393406d1', '8b74eb5e-dba8-4bdb-9be6-a4db47379bba', 'KALTAKQUISE', 'ACTIVE', 0, 'Funktion: Geschäftsführer/in (CEO) | Mitarbeiter: 1 bis 10 | Branche: Unternehmensberater | Rechtsform: Einzelunternehmen'),
('0f18628a-2c08-40b4-bead-52116f713f59', '10bff92b-ea20-4e1a-9481-2beec3e03210', 'KALTAKQUISE', 'ACTIVE', 0, 'Funktion: Geschäftsführer/in (CEO) | Mitarbeiter: 1 bis 10 | Branche: Tattoo- & Piercingstudios'),
('3c56ce3c-5fd1-4a2a-abc1-c79f4e051c1a', 'e553a1e3-79ba-4a50-accc-622b472d4f42', 'KALTAKQUISE', 'ACTIVE', 0, 'Funktion: Geschäftsführer/in (CEO) | Mitarbeiter: 1 bis 10 | Branche: Medizintechnik-Industrie | Rechtsform: Aktiengesellschaft'),
('b4d32a7d-5293-4c38-8bf9-95db499b8c0f', '9b77c8a1-801d-4ed3-bd0a-4ce7a3685ae2', 'KALTAKQUISE', 'ACTIVE', 0, 'Funktion: Geschäftsführer/in (CEO) | Mitarbeiter: Mehr als 500 | Branche: Top 2''000 CH-Unternehmen | Rechtsform: Aktiengesellschaft'),
('9e87b0f3-2af0-4826-b54a-be6838c23ee2', '8064ac1d-7e6d-4504-8833-2770d9aa937c', 'KALTAKQUISE', 'ACTIVE', 0, 'Funktion: Geschäftsführer/in (CEO) | Mitarbeiter: 11 bis 20 | Branche: Clubs, Bars & Eventlocations / Freizeitanlagen | Rechtsform: Aktiengesellschaft'),
('159bdc2c-7410-4955-ad50-970b4011d6ae', '4f1bff81-1995-4e21-80c0-634bda2c0ed6', 'KALTAKQUISE', 'ACTIVE', 0, 'Funktion: Geschäftsführer/in (CEO) | Mitarbeiter: 1 bis 10 | Branche: Externe Vermögensverwalter | Rechtsform: Gesellschaft mit beschränkter Haftung'),
('f93713d0-f90a-4484-beb4-a0635d33dca5', 'edae3bcd-f9f1-4d5b-b5dd-25613348790d', 'KALTAKQUISE', 'ACTIVE', 0, 'Funktion: Geschäftsführer/in (CEO) | Mitarbeiter: 11 bis 20 | Branche: Medizintechnik-Industrie | Rechtsform: Aktiengesellschaft'),
('fb7d5e3d-1836-4d90-86c5-663bb482deab', '29300932-1c0d-4bdf-aa95-94e52e6debc9', 'KALTAKQUISE', 'ACTIVE', 0, 'Funktion: Geschäftsführer/in (CEO) | Mitarbeiter: 1 bis 10 | Branche: Immobilienverwaltung / Immobilienvermittlung / Immobilienprojektentwicklung | Rechtsform: Aktiengesellschaft'),
('158d89e5-21c6-4d61-b001-830bff6789f8', '7c3fca8b-17a6-46b2-b484-1e029e34dc8b', 'KALTAKQUISE', 'ACTIVE', 0, 'Funktion: Geschäftsführer/in (CEO) | Mitarbeiter: 1 bis 10 | Branche: Apotheken & Drogerien'),
('d677f1b8-77ae-4e6a-b9ed-ce6db1ddba6a', 'd4f4fe17-27f7-4594-927b-124966be52bf', 'KALTAKQUISE', 'ACTIVE', 0, 'Funktion: Geschäftsführer/in (CEO) | Mitarbeiter: 11 bis 20 | Branche: Apotheken & Drogerien'),
('a7ccc03a-b6e2-4538-8fa2-4ef3d668fd03', '3c4afb54-d9aa-4c5e-8de1-eb9d88935f45', 'KALTAKQUISE', 'ACTIVE', 0, 'Funktion: Geschäftsführer/in (CEO) | Mitarbeiter: 1 bis 10 | Branche: Apotheken & Drogerien'),
('a8ae0e53-7183-4d2d-84c3-0b6ce9f10227', '67df5c08-5325-4755-8075-432d9a71e14f', 'KALTAKQUISE', 'ACTIVE', 0, 'Funktion: Geschäftsführer/in (CEO) | Mitarbeiter: 1 bis 10 | Branche: Apotheken & Drogerien'),
('93504b73-f707-499e-aacb-e0ff6ddc3f74', '792b0a83-01c9-475b-a273-624bffb40975', 'KALTAKQUISE', 'ACTIVE', 0, 'Funktion: Geschäftsführer/in (CEO) | Mitarbeiter: 1 bis 10 | Branche: Schreinerei- & Holzbaubetriebe | Rechtsform: Gesellschaft mit beschränkter Haftung'),
('136ed277-9871-4ca4-95e7-b2b664789f6f', '9fd3167d-f049-43b6-9c97-d5d56eccaf6c', 'KALTAKQUISE', 'ACTIVE', 0, 'Funktion: Geschäftsführer/in (CEO) | Mitarbeiter: 11 bis 20 | Branche: Metallbauer | Rechtsform: Aktiengesellschaft'),
('9a4c851b-c840-49ef-bfb3-3670eb061df5', '7116775b-503e-431c-bc77-168a597fffc4', 'KALTAKQUISE', 'ACTIVE', 0, 'Funktion: Geschäftsführer/in (CEO) | Mitarbeiter: 1 bis 10 | Branche: Sanitär & Haustechnik | Rechtsform: Aktiengesellschaft'),
('fa9d13b9-89f5-4ea2-9f4d-c20d8ea9d429', '16f73c79-ada8-4e0b-b5fe-ef06746ebbf9', 'KALTAKQUISE', 'ACTIVE', 0, 'Funktion: Geschäftsführer/in (CEO) | Mitarbeiter: 1 bis 10 | Branche: Gartenbau & -pflege | Rechtsform: Einzelunternehmen'),
('8824a980-949d-4bdb-90fe-c2a9100d6825', 'b1e00933-5509-46d0-a5da-456bc5dbd7c5', 'KALTAKQUISE', 'ACTIVE', 0, 'Funktion: Geschäftsführer/in (CEO) | Mitarbeiter: 1 bis 10 | Branche: Maler- & Gipsergeschäfte | Rechtsform: Einzelunternehmen'),
('53c8fb6a-f6c6-4d7b-8f06-7f7018c18f6f', 'bf2c3698-5246-4987-8fa1-c9be5009e7e4', 'KALTAKQUISE', 'ACTIVE', 0, 'Funktion: Geschäftsführer/in (CEO) | Mitarbeiter: 1 bis 10 | Branche: Bau- & Projektmanagement | Rechtsform: Gesellschaft mit beschränkter Haftung'),
('2d0363e7-7421-4d84-8b06-0271ea85411d', 'd796756f-8ee1-4fe4-8f45-3c776b63425c', 'KALTAKQUISE', 'ACTIVE', 0, 'Funktion: Geschäftsführer/in (CEO) | Mitarbeiter: 1 bis 10 | Branche: Facility Management & Reinigungsfirmen | Rechtsform: Gesellschaft mit beschränkter Haftung'),
('726b757e-6a78-4f02-9c9c-354ee840e0f4', 'd4ed4614-0f4d-4a3d-ace9-bda15fe477e1', 'KALTAKQUISE', 'ACTIVE', 0, 'Funktion: Geschäftsführer/in (CEO) | Mitarbeiter: 1 bis 10 | Branche: Metallbauer | Rechtsform: Aktiengesellschaft'),
('b8bd3b7d-fede-44df-b181-97ebb83f5edf', '2ae38483-b706-42f1-9e87-592d39ed704b', 'KALTAKQUISE', 'ACTIVE', 0, 'Funktion: Geschäftsführer/in (CEO) | Mitarbeiter: 1 bis 10 | Branche: Bau- & Projektmanagement / Immobilienvermittlung / Immobilienprojektentwicklung / Bauherrenvertretung | Rechtsform: Aktiengesellschaft'),
('eb5ab995-e109-4ea7-a202-ee7ff96f38b5', 'aacc5830-6415-4e47-b859-85134956b1a4', 'KALTAKQUISE', 'ACTIVE', 0, 'Funktion: Geschäftsführer/in (CEO) | Mitarbeiter: 1 bis 10 | Branche: Elektroplanung & Installation | Rechtsform: Gesellschaft mit beschränkter Haftung'),
('186e48b9-bc18-4b32-8f57-e3f01c336ef8', '0a3904a4-93dd-4ab0-b306-2112c2e2efb7', 'KALTAKQUISE', 'ACTIVE', 0, 'Funktion: Geschäftsführer/in (CEO) | Mitarbeiter: 1 bis 10 | Branche: Immobilienverwaltung / Immobilienvermittlung | Rechtsform: Gesellschaft mit beschränkter Haftung'),
('494acb2e-25be-4d7b-b614-57877499f1d3', 'abb450fb-2ecd-4003-b67f-993a070bf8b8', 'KALTAKQUISE', 'ACTIVE', 0, 'Funktion: Geschäftsführer/in (CEO) | Mitarbeiter: 11 bis 20 | Branche: Logistik- & Transportunternehmen | Rechtsform: Gesellschaft mit beschränkter Haftung'),
('57c514ba-22af-4a12-b496-ff9286d73060', 'bbc712ac-f92f-4487-9d2c-b1b528d3fcc9', 'KALTAKQUISE', 'ACTIVE', 0, 'Funktion: Geschäftsführer/in (CEO) | Mitarbeiter: 1 bis 10 | Branche: Unternehmensberater | Rechtsform: Gesellschaft mit beschränkter Haftung'),
('664fa9fd-e5ad-41bf-8849-78957db4fa29', 'c929394c-a3a3-4471-9e6e-0e29a12c098d', 'KALTAKQUISE', 'ACTIVE', 0, 'Funktion: Geschäftsführer/in (CEO) | Mitarbeiter: 1 bis 10 | Branche: Restaurants'),
('7f01a55d-7c05-48b7-bd74-50c52c17a9a3', '7c612931-0592-4e28-854b-2fdf698561f2', 'KALTAKQUISE', 'ACTIVE', 0, 'Funktion: Geschäftsführer/in (CEO) | Mitarbeiter: 11 bis 20 | Branche: Nachhaltigkeitsbereich | Rechtsform: Aktiengesellschaft'),
('6c59ccdf-1de0-4153-bc5f-56ae0fdf9ccf', '4aa541e2-944a-4918-a706-d2d7774fa73b', 'KALTAKQUISE', 'ACTIVE', 0, 'Funktion: Geschäftsführer/in (CEO) | Mitarbeiter: 11 bis 20 | Branche: Maschinenbauindustrie | Rechtsform: Aktiengesellschaft'),
('1c973071-f311-4a44-8bbc-789c95b20dcb', '7165cf4c-4996-4aa4-986d-c0a63d6eddf5', 'KALTAKQUISE', 'ACTIVE', 0, 'Funktion: Geschäftsführer/in (CEO) | Mitarbeiter: 1 bis 10 | Branche: Treuhandbüros'),
('ddedc516-34ee-4047-8368-1dc6b709dea0', '8548b947-0cf1-4c1e-bfed-b6d7a87e9c23', 'KALTAKQUISE', 'ACTIVE', 0, 'Funktion: Chefredaktion | Mitarbeiter: 21 bis 50 | Branche: Zeitungen & Zeitschriften'),
('c9879c64-943c-44e7-b734-d1b3c1b80966', 'd5f76240-edf7-46d3-8855-aa600c8e0ba1', 'KALTAKQUISE', 'ACTIVE', 0, 'Funktion: Geschäftsführer/in (CEO) | Mitarbeiter: 1 bis 10 | Branche: Schreinerei- & Holzbaubetriebe'),
('65bf3ec2-b073-4541-82fe-c1fcd4fa9669', 'b3f2a48c-13a2-4b8b-ba30-e3bc8b3e09c3', 'KALTAKQUISE', 'ACTIVE', 0, 'Funktion: Geschäftsführer/in (CEO) | Mitarbeiter: 1 bis 10 | Branche: Zahnarztpraxen | Rechtsform: Aktiengesellschaft'),
('4c82903b-a1e3-4437-afc6-af8cfb3b9a69', 'f5e0f57e-751c-4dfd-b411-ebe5a0f8db6d', 'KALTAKQUISE', 'ACTIVE', 0, 'Funktion: Geschäftsführer/in (CEO) | Mitarbeiter: 51 bis 100 | Branche: Divers | Rechtsform: Aktiengesellschaft'),
('715d2abf-91b8-4f88-9926-6c9c66d9207d', '7cabf2a2-bc62-4859-abab-139297682cf5', 'KALTAKQUISE', 'ACTIVE', 0, 'Funktion: Geschäftsführer/in (CEO) | Mitarbeiter: 11 bis 20 | Branche: Nachhaltigkeitsbereich / Sanitär & Haustechnik / Solar & Photovoltaik | Rechtsform: Gesellschaft mit beschränkter Haftung'),
('7259e935-3220-4a07-bfaa-7255b09d951c', '9abdfb53-8ec8-4acc-ae9a-be37eb562375', 'KALTAKQUISE', 'ACTIVE', 0, 'Funktion: Geschäftsführer/in (CEO) | Mitarbeiter: 21 bis 50 | Branche: Treuhandbüros');

INSERT INTO lead_tags (lead_id, tag_id) VALUES
('ee59a5e3-ee0f-47a4-bdd4-92399599ac28', 'ka-b2b'),
('fc4d053c-909f-4ac4-80ea-2984f888c5f4', 'ka-b2b'),
('0925924c-6a98-4682-b227-790ca3cfbec8', 'ka-b2b'),
('7c02fa46-74f9-4f3d-983a-4a78089101c7', 'ka-b2b'),
('633a2480-bdc1-45bd-ac2b-ae968c0d1c98', 'ka-b2b'),
('d70fd0ac-98bf-4fac-add6-66767a4f67a3', 'ka-b2b'),
('d8fe47d8-c1ff-476b-ac1c-29fd15086186', 'ka-b2b'),
('517bde41-d94d-4f57-80a0-35a1ff7670ce', 'ka-b2b'),
('7d8503a3-7f44-4955-aa47-cfebe81a92f0', 'ka-b2b'),
('5a28f524-5a4f-4b52-81e3-27bccba0aa08', 'ka-b2b'),
('36bf38a5-e7a2-42de-884a-0f421419f92b', 'ka-b2b'),
('d72799cc-5a2e-4f7a-8c6f-faf9738e5802', 'ka-b2b'),
('80f19e67-9b13-4ce9-9559-65fe6cc7e752', 'ka-b2b'),
('4cb7b517-0b0c-493e-8eb4-31eaf5a3f610', 'ka-b2b'),
('f54cb114-8526-4f26-bbbb-e1fa9e872c93', 'ka-b2b'),
('b8bf3517-8a2c-44f6-bca7-e0b627f31404', 'ka-b2b'),
('35061e7a-f365-4d92-b137-5344f3e9226a', 'ka-b2b'),
('fc8b4785-c2cc-4ded-b351-9fc7d998ee1a', 'ka-b2b'),
('bf3fdbd6-1a0f-4bdf-a6c6-d3ad7c94802b', 'ka-b2b'),
('5f6270c7-dd7b-4771-8bd5-6fe798aafdd8', 'ka-b2b'),
('dd9d1f7b-a413-4269-a49f-6959b43daafe', 'ka-b2b'),
('2975fb9e-32af-4803-97d6-22fe0e4243d9', 'ka-b2b'),
('bb5a5ba4-56cf-4c3b-b2f6-d1b4921e6bc0', 'ka-b2b'),
('0a4058ae-4342-4363-be6b-5aab02c1a52c', 'ka-b2b'),
('cf3a2b0a-40d3-452a-b2fd-b3718d05fb37', 'ka-b2b'),
('f206cc18-beb8-4018-96fc-0346f1412eea', 'ka-b2b'),
('983075f2-68ff-4253-b045-d126ac195c14', 'ka-b2b'),
('9e4a6853-d90e-4293-9293-1fcf54bf5cc1', 'ka-b2b'),
('952202b0-e893-4acb-9bd8-50519f30db17', 'ka-b2b'),
('0fbb2d14-2775-4dcc-8086-e2bfffa32332', 'ka-b2b'),
('d8b2036e-20f1-4bc7-89d6-969c018764fc', 'ka-b2b'),
('4083253e-cb93-477a-a3f0-50c3decefa5a', 'ka-b2b'),
('e8402f37-850c-4082-b8d8-ab1fe3995cad', 'ka-b2b'),
('d8a45ef8-e93c-47be-a83a-36a5b72fd8c3', 'ka-b2b'),
('b939021a-2909-43b8-a77c-de47d404a8f2', 'ka-b2b'),
('b3cee604-c8da-407b-94a2-7457a9f48ae8', 'ka-b2b'),
('c660aae5-bd4f-4450-8631-d3e61a836b53', 'ka-b2b'),
('2f7d5da5-95fc-43d5-b6c6-47676f313309', 'ka-b2b'),
('a19e23de-6a9f-4e0b-8b16-e049e1bd1e2f', 'ka-b2b'),
('2e79276a-df94-4b84-a993-9fb56590ab5f', 'ka-b2b'),
('9beabca2-c7d6-45e1-a668-44b1b89794ab', 'ka-b2b'),
('9c477f37-6896-4b62-a16d-f077d5a96cfc', 'ka-b2b'),
('c70f01ed-4bb4-401d-9b0e-f685085cfd38', 'ka-b2b'),
('279dd4a3-f019-4adc-b288-2b9224f96b46', 'ka-b2b'),
('cf866af5-da6e-4978-953e-1c8dfd83d567', 'ka-b2b'),
('25a3d785-6b2d-442b-9980-606cc9571252', 'ka-b2b'),
('33a3a010-3be9-4046-910d-27ca1da3e715', 'ka-b2b'),
('ce3f11cc-4996-43c8-97c9-b2b066be21d6', 'ka-b2b'),
('12c4b042-e3e2-427b-813b-950fa065024f', 'ka-b2b'),
('e48d9960-37fe-463a-941a-548455b68318', 'ka-b2b'),
('97fa9b06-954c-49cb-ad3b-b03160b6e4d0', 'ka-b2b'),
('1170abd6-9b7b-4dcc-b3e8-d1b198d64d0d', 'ka-b2b'),
('ceadffb1-b7a2-4778-8a0c-80e13eb7cd07', 'ka-b2b'),
('b385530b-19f8-4a37-8a47-c4be177f2e99', 'ka-b2b'),
('d0ea30f7-66e4-4c6e-b792-b64009a198d0', 'ka-b2b'),
('cf9cbe40-ddef-444d-88ee-924b408f77fb', 'ka-b2b'),
('ad9b8e49-4d1e-4c7d-86fd-94cef9182297', 'ka-b2b'),
('70c2eaf4-3c79-4e1b-95a6-400352e1c89f', 'ka-b2b'),
('0a048bdf-3292-4b48-bb39-bbe8943f3454', 'ka-b2b'),
('052d10d4-05a0-404e-a1f3-9b1378a5c888', 'ka-b2b'),
('37518d30-8b8e-472c-8617-a37f41acb3e3', 'ka-b2b'),
('9fb3963a-e230-4a78-ba28-cc3629ce08a3', 'ka-b2b'),
('3fa8d3be-4574-4716-bf71-bda7bed8e62a', 'ka-b2b'),
('865e844a-5134-4fea-8ba9-4dcd3d386dd2', 'ka-b2b'),
('dce43b6b-3657-4cd1-8eb6-f3b69e2512d7', 'ka-b2b'),
('b1422982-271f-4ae9-8ad6-57f2af021472', 'ka-b2b'),
('88ba6e36-171e-45d4-931d-97701b53ecd4', 'ka-b2b'),
('58d872ca-b46b-4826-8ce3-e35d0e740886', 'ka-b2b'),
('f2f13e03-a116-40e3-8ebc-33f20bcd5b44', 'ka-b2b'),
('092e373b-1599-443b-9ad4-44618898fd18', 'ka-b2b'),
('4e8c89f1-f153-41b4-8e49-3f8d4e399460', 'ka-b2b'),
('373e6e54-0dec-4a19-981a-e245fc23ca4b', 'ka-b2b'),
('c35cc5ec-7fd8-463a-8183-df5b4a092872', 'ka-b2b'),
('96e23bde-b7f8-4213-82cf-03702655d431', 'ka-b2b'),
('86e18969-f56b-46f2-bc6e-dd8280373dc9', 'ka-b2b'),
('eb517bb4-40a2-4c44-931d-36c618e2ab2a', 'ka-b2b'),
('c1920588-0bc0-42fd-ba28-2439ec8dd430', 'ka-b2b'),
('cd3baa24-7d3c-4a1e-b7bc-b8352cca31e9', 'ka-b2b'),
('aeb16770-fe31-46b6-b191-e476f563c084', 'ka-b2b'),
('03004b2a-901d-4968-a1ac-5343c198cbc5', 'ka-b2b'),
('f5fbce26-d0e6-447c-8d80-1630d49558fb', 'ka-b2b'),
('616a284c-6086-486e-a27b-107753521f25', 'ka-b2b'),
('15c445a7-f650-4e56-858a-eace34a32873', 'ka-b2b'),
('e05ad13b-f56e-4ab7-96a7-d78b61b83278', 'ka-b2b'),
('524aee21-ba4d-4699-b032-7c8ca61395d3', 'ka-b2b'),
('76ab70c6-ee41-496c-b652-0d387cdfc31a', 'ka-b2b'),
('cb2d049f-df2d-4248-b5d2-7e375fcf3336', 'ka-b2b'),
('a07c44ed-8e85-41d0-b20c-e374431464d7', 'ka-b2b'),
('521bb5e8-767c-44e8-8df6-94923c0bf1b2', 'ka-b2b'),
('3a11b8af-236b-445e-882c-1d0fb9d83ef7', 'ka-b2b'),
('4c30f19b-8392-455f-b2c3-6b13994dbe6a', 'ka-b2b'),
('d3cdf3cd-5ab3-4a92-af24-4a9cc9fc5153', 'ka-b2b'),
('c391b77e-7cbc-4143-9343-a3d134b2096b', 'ka-b2b'),
('ac6e661f-4209-4f7c-a047-7fb2febf9bb1', 'ka-b2b'),
('9750d0d2-3188-459a-a7f6-1e08647975e6', 'ka-b2b'),
('6c8887b2-2ead-4b7a-af3d-e5ce42548a14', 'ka-b2b'),
('5f987da1-43c6-457c-a505-2999029e2e21', 'ka-b2b'),
('59f71ff1-05e3-45e4-8a6d-853c11979228', 'ka-b2b'),
('d319efc5-5d18-4fe6-9a48-2f19631bb929', 'ka-b2b'),
('7478b609-e10f-429a-9b17-0dd93fb35e65', 'ka-b2b'),
('4226ebc4-3c1a-40f7-9f19-52ae58016419', 'ka-b2b'),
('53a1e32d-a547-46fc-85fc-7083fb52e704', 'ka-b2b'),
('a0792950-7495-46a0-977a-bd02bfba7473', 'ka-b2b'),
('b271c170-1755-4d65-855c-d090aee7f644', 'ka-b2b'),
('9bda3629-350d-46b2-9b84-f44a2c82c9e8', 'ka-b2b'),
('f80af453-d285-45a7-9079-5b292a92f917', 'ka-b2b'),
('47a67a4e-a5d1-44dc-a1df-b0bfc53b315d', 'ka-b2b'),
('db6d8ee7-540d-4b3d-bb4e-0ef25c83db30', 'ka-b2b'),
('94cfc989-9b7e-4517-b13a-24dffe0ad429', 'ka-b2b'),
('01e42c1c-8125-4b1c-b236-c4e7364f0900', 'ka-b2b'),
('8c95c27f-c740-44a8-b27e-3a4f2d09e32f', 'ka-b2b'),
('bd8913a7-dbba-49b3-a2ad-89afe8c2d987', 'ka-b2b'),
('e232533f-182e-4eba-9971-e67a87725760', 'ka-b2b'),
('f6643052-6a59-4e81-a554-59c3af2f2c81', 'ka-b2b'),
('1e3b35dd-337a-41d5-a4cd-4b505cf4a400', 'ka-b2b'),
('169d991f-8d21-4b87-b5bc-2468f9fff14a', 'ka-b2b'),
('e84cb96e-281c-4700-a022-2deded4f349e', 'ka-b2b'),
('6f0b7a97-5a5c-4e43-9aff-e64358ae6c43', 'ka-b2b'),
('0ab9e297-4974-496b-ab05-d448f3cca2ec', 'ka-b2b'),
('e7f1a3cb-36ff-48d7-94a9-62081dc243ec', 'ka-b2b'),
('d5b99857-e58c-4402-b8d4-81c0b84c6a7e', 'ka-b2b'),
('d7aeec25-792a-4a31-b8f5-9093bf4f5171', 'ka-b2b'),
('20cd626b-fbc1-4218-a163-158702bfbbd1', 'ka-b2b'),
('9d0179a7-19a5-43e0-83df-1282c8dff70f', 'ka-b2b'),
('c337eaab-41ec-49fd-b699-8ba3409908f2', 'ka-b2b'),
('05240bb9-c0ca-4f8c-8488-3f560e79010d', 'ka-b2b'),
('31bf6e2e-a8f6-4e1d-bef4-b3a8ae87d26d', 'ka-b2b'),
('eefcef2c-3222-4870-aa0e-2b1a1ed73aea', 'ka-b2b'),
('01a8e10e-aaad-4407-8b91-74e5f2fb4b98', 'ka-b2b'),
('831426af-f743-4ea9-84c0-9dfbe5bbe9c6', 'ka-b2b'),
('6df75d13-298d-4f15-a92a-71ce8e4d18cd', 'ka-b2b'),
('e6b92d76-85ff-46c4-9347-936441fbca72', 'ka-b2b'),
('8d7c320e-73cc-4719-84e2-28c902c1eeb2', 'ka-b2b'),
('e3f8bb08-7976-4ef1-9108-302184b57937', 'ka-b2b'),
('ee06db6f-53a1-43b8-bbbe-7042803b3a1c', 'ka-b2b'),
('94beec69-9d65-4eed-ad5e-036b7a117c02', 'ka-b2b'),
('ab8bf7f4-8ebd-47a8-8503-e806a8b904fe', 'ka-b2b'),
('fae39339-a3f1-428d-a233-adea38707e9e', 'ka-b2b'),
('4724bb47-4542-457c-b16b-a34535f1adc0', 'ka-b2b'),
('0968fa0d-a255-4d05-88a3-f8456096bd92', 'ka-b2b'),
('ed546bd9-5f4e-4d95-88b5-dc07a1e80050', 'ka-b2b'),
('bc7af950-d92b-4ef5-9600-7703ad5865f7', 'ka-b2b'),
('9704205e-3e47-492b-bf6e-5be3593d3ac0', 'ka-b2b'),
('7a5e964e-aaff-4765-bcae-b795a3f3b776', 'ka-b2b'),
('c46ca826-379f-4af3-9977-3e285e8b5f43', 'ka-b2b'),
('5d6e11f7-28da-4fea-9b05-c21860b146ef', 'ka-b2b'),
('09ea2a48-51a2-45de-b038-dd4d5bf27522', 'ka-b2b'),
('4fc6368f-73f4-4fcb-b2cb-0c981e23f917', 'ka-b2b'),
('af369d08-9b8a-406e-9a66-1591f84b4e02', 'ka-b2b'),
('2d53f9e6-07eb-4c61-b074-3dfe684dc544', 'ka-b2b'),
('7f046169-4ba9-4a26-b5ee-0269515f9cf0', 'ka-b2b'),
('bad28a21-bbee-4bcf-b79e-8f31e3a856ff', 'ka-b2b'),
('267db833-c261-429f-a4c1-2f6757ff2cd3', 'ka-b2b'),
('992f3ad6-c998-421e-9100-9423a624c346', 'ka-b2b'),
('6d0a67b3-3562-4a82-91ef-e9287caeb620', 'ka-b2b'),
('0c8ac7e1-c9c1-40ee-ad17-10cda34db123', 'ka-b2b'),
('18920649-6f64-434e-9714-d80ab305ef1c', 'ka-b2b'),
('b45a564c-06f2-4bd9-a1e1-ba628a7bd000', 'ka-b2b'),
('51b7e64f-b0ed-4513-b604-4cc7f404ee9a', 'ka-b2b'),
('01291802-d400-460e-91e3-64e8a56ece3b', 'ka-b2b'),
('bedf44ab-bdcf-4df8-9025-135a4f7ad70c', 'ka-b2b'),
('98b2be37-07a7-4fc3-a13b-c893909bd725', 'ka-b2b'),
('ec1b8d85-0f88-4088-9543-571428bbdb8b', 'ka-b2b'),
('e2dbc695-5a25-456b-804b-aec0175b7b1f', 'ka-b2b'),
('8faa99ff-9b88-4303-bb76-eb7624d68ee6', 'ka-b2b'),
('f4ae8cd7-72bf-4b53-824c-2b6d393406d1', 'ka-b2b'),
('0f18628a-2c08-40b4-bead-52116f713f59', 'ka-b2b'),
('3c56ce3c-5fd1-4a2a-abc1-c79f4e051c1a', 'ka-b2b'),
('b4d32a7d-5293-4c38-8bf9-95db499b8c0f', 'ka-b2b'),
('9e87b0f3-2af0-4826-b54a-be6838c23ee2', 'ka-b2b'),
('159bdc2c-7410-4955-ad50-970b4011d6ae', 'ka-b2b'),
('f93713d0-f90a-4484-beb4-a0635d33dca5', 'ka-b2b'),
('fb7d5e3d-1836-4d90-86c5-663bb482deab', 'ka-b2b'),
('158d89e5-21c6-4d61-b001-830bff6789f8', 'ka-b2b'),
('d677f1b8-77ae-4e6a-b9ed-ce6db1ddba6a', 'ka-b2b'),
('a7ccc03a-b6e2-4538-8fa2-4ef3d668fd03', 'ka-b2b'),
('a8ae0e53-7183-4d2d-84c3-0b6ce9f10227', 'ka-b2b'),
('93504b73-f707-499e-aacb-e0ff6ddc3f74', 'ka-b2b'),
('136ed277-9871-4ca4-95e7-b2b664789f6f', 'ka-b2b'),
('9a4c851b-c840-49ef-bfb3-3670eb061df5', 'ka-b2b'),
('fa9d13b9-89f5-4ea2-9f4d-c20d8ea9d429', 'ka-b2b'),
('8824a980-949d-4bdb-90fe-c2a9100d6825', 'ka-b2b'),
('53c8fb6a-f6c6-4d7b-8f06-7f7018c18f6f', 'ka-b2b'),
('2d0363e7-7421-4d84-8b06-0271ea85411d', 'ka-b2b'),
('726b757e-6a78-4f02-9c9c-354ee840e0f4', 'ka-b2b'),
('b8bd3b7d-fede-44df-b181-97ebb83f5edf', 'ka-b2b'),
('eb5ab995-e109-4ea7-a202-ee7ff96f38b5', 'ka-b2b'),
('186e48b9-bc18-4b32-8f57-e3f01c336ef8', 'ka-b2b'),
('494acb2e-25be-4d7b-b614-57877499f1d3', 'ka-b2b'),
('57c514ba-22af-4a12-b496-ff9286d73060', 'ka-b2b'),
('664fa9fd-e5ad-41bf-8849-78957db4fa29', 'ka-b2b'),
('7f01a55d-7c05-48b7-bd74-50c52c17a9a3', 'ka-b2b'),
('6c59ccdf-1de0-4153-bc5f-56ae0fdf9ccf', 'ka-b2b'),
('1c973071-f311-4a44-8bbc-789c95b20dcb', 'ka-b2b'),
('ddedc516-34ee-4047-8368-1dc6b709dea0', 'ka-b2b'),
('c9879c64-943c-44e7-b734-d1b3c1b80966', 'ka-b2b'),
('65bf3ec2-b073-4541-82fe-c1fcd4fa9669', 'ka-b2b'),
('4c82903b-a1e3-4437-afc6-af8cfb3b9a69', 'ka-b2b'),
('715d2abf-91b8-4f88-9926-6c9c66d9207d', 'ka-b2b'),
('7259e935-3220-4a07-bfaa-7255b09d951c', 'ka-b2b');
