-- Batch 382 (200 records)
INSERT INTO contacts (id, first_name, last_name, email, phone, company, address) VALUES
('3799fdcd-5fb0-4c58-bd5b-6d18620b0421', 'Ruedi', 'Rüfenacht', 'info@zimmerei-ruefenacht.ch', '031 839 51 03', 'scheyenHolzbau gmbh', 'Scheyenholz, 3075 Rüfenacht, Bern'),
('37143758-0d92-4bd7-9af0-e2a9d8c3f6b5', 'Tina', 'Kehl', 'kehl@schike.ch', '081 330 01 05', 'Schi.ke Architektur Schibler + Kehl', 'Schulstrasse 33, 7302 Landquart, Graubünden'),
('c4c94717-5a5d-470e-b616-147376a30276', 'Bruno', 'Schiavano', 'info@schiavano.ch', '044 784 40 96', 'Schiavano GmbH', 'Fälmisstrasse 10e, 8833 Samstagern, Zürich'),
('4dada630-c628-494f-8c07-6e69773f50e2', 'Daniele', 'Schibano', 'info@schibano-pharma.ch', '071 360 02 24', 'Schibano Pharma AG', 'Tüfi 450, 9105 Schönengrund, Appenzell Ausserrhoden'),
('17ccdfa4-5f8e-496f-ab5f-f438e0c843d3', 'Gerhard', 'Schibi', 'servus@schibis-reblaus.ch', '078 864 20 91', 'Schibi''s Reblaus', 'Glärnischstrasse 48b, 8712 Stäfa, Zürich'),
('0da8f019-f787-4ac7-a193-3dbc9a16c0ba', 'Martin', 'Schibler', 'info@schiblerundhaldi.ch', '079 330 81 81', 'Schibler + Haldi AG', 'Murtenstrasse 5, 3202 Frauenkappelen, Bern'),
('870a24c3-2299-474a-a60b-eb33f4f59efc', 'Tobias', 'Schibler', 't.schibler@schibler-ag.ch', '061 462 00 00', 'Schibler AG', 'Güterbahnhofplatz 10, 4132 Muttenz, Basel-Land'),
('c6536f5d-0d00-4863-b577-6d4e7377f0a1', 'Simon', 'Schibler', 'info@schibler-sanitaer.ch', '076 328 63 35', 'Schibler Sanitär GmbH', 'Oberemattstrasse 5, 4133 Pratteln, Basel-Land'),
('ecba5449-4566-45c0-81bb-afc24aa71c48', 'Florence', 'Schibler', 'info@schibler-werkzeugbau.ch', '032 672 32 46', 'Schibler Werkzeugbau AG', 'Jurastrasse 24, 4562 Biberist, Solothurn'),
('f66b502e-5f15-44a8-b41e-d03a47ceb898', 'Gabriel', 'Schibli', 'schibli.co@bluewin.ch', '056 493 10 22', 'Schibli & Co', 'Müslen 6, 5406 Rütihof, Aargau'),
('75113227-aa7e-40a8-b66c-35961d7beb36', 'Hans-Peter', 'Fink', 'info@schiblipartner.ch', '071 913 38 30', 'SCHIBLI + PARTNER GmbH', 'Industriestrasse 9, 9552 Bronschhofen, St. Gallen'),
('626b6942-8825-46bf-abf1-9f6e108f4dcc', 'Stefan', 'Witzig', 'stefan.witzig@schibli.com', '044 265 61 88', 'Schibli AG', 'Klosbachstrasse 67, 8032 Zürich, Zürich'),
('9fae3d34-0ad2-4811-8080-009c243cabc8', 'Philipp', 'Schibli', 'info@haustechniker.com', '056 491 21 11', 'Schibli Bauspengler und Sanitär', 'Laubisbachstrasse 3, 5512 Wohlenschwil, Aargau'),
('1e0a29ca-219b-46f1-a621-ec32da8d39d1', 'Sergio', 'Peloso', 'info@malergeschaeft-schibli.ch', '062 791 41 85', 'Schibli Maler & Gipser GmbH', 'Oltnerstrasse 50, 4663 Aarburg, Aargau'),
('d6f5fd94-c86a-4249-8cd5-26de3e088e73', 'Sara', 'Schibli', 'info@schibli-treuhand.ch', '062 888 88 88', 'Schibli Treuhand und Verwaltungs AG', 'Hauptstrasse 44, 5032 Aarau Rohr, Aargau'),
('3c38c489-7c74-4321-97a2-df8ebe1a9ddc', 'Markus', 'Holenstein', 'm.holenstein@schibliholenstein.ch', '044 245 85 20', 'Schibliholenstein AG', 'Verena Conzett Strasse 7, 8004 Zürich, Zürich'),
('9d88d4d8-fda5-4f74-a3c9-6c7b54b233c1', 'Markus', 'Schibli', 'info@schiblis-hofladen.ch', '044 844 32 09', 'Schibli''s Hofladen', 'Landstrasse 49, 8112 Otelfingen, Zürich'),
('a05845f9-5443-402b-a121-13556f7e5e4c', 'Gilbert', 'Arn', 'schibusgmbh@besonet.ch', '079 779 00 43', 'Schibu''s GmbH', 'Bielstrasse 5, 3263 Büetigen, Bern'),
('72660354-f895-4978-84a0-1031f9fe2aa2', 'Judith', 'Schick', 'j.schick@schick-personal.ch', '079 485 88 88', 'Schick Personal GmbH', 'Bahnhofstrasse 21, 6300 Zug, Zug'),
('3fe8c1ce-1f62-4755-9b4d-2be3fc9f67e1', 'Marc', 'Blickenstorfer', 'bussi@schickeria.ch', '078 729 95 45', 'Schickeria', 'Neufrankengasse 4, 8004 Zürich, Zürich'),
('e177eea2-611c-4396-95a0-2f8d6c89b2bf', 'Marcel', 'Rohrer', 'schickeria@intergga.ch', '061 401 29 55', 'Schickeria Bar / Restaurant Jägerstübli', 'Bahnhofstrasse 11, 4104 Oberwil, Basel-Land'),
('3c9ade88-e28a-4bd5-a05f-c6c773900a23', 'Christian', 'Schickli', 'info@schickli-gartenbau.ch', '079 659 09 63', 'Schickli Gartenbau', 'Wolfswinkel 16, 8046 Zürich, Zürich'),
('bcef3bcd-5fb0-437d-90b3-08ebb648c1b7', 'Daniel', 'Schiebler', 'dschiebler@schiebler.ch', '056 427 40 50', 'Schiebler Wärmetechnik GmbH', 'Tägerhardring 4, 5436 Würenlos, Aargau'),
('cc8ecec8-15c7-4de5-b313-f38ee1a2f05c', 'Yannick', 'Schier', 'info@schier-gaerten.ch', '055 280 10 55', 'Schier Gärten GmbH', 'Buchbergstrasse 4, 8730 Uznach, St. Gallen'),
('5dcfe111-aa39-4e76-ac2e-0b6f7184e5f8', 'Désirée', 'Schiess', 'desiree.schiess@schiessag.ch', '052 233 56 23', 'Schiess AG', 'Fröschenweidstrasse 10a, 8404 Winterthur, Zürich'),
('3246f5be-977b-4303-a6c9-995de214c72a', 'Peter', 'Schiess', 'peter@schiess-innenausbau.ch', '079 658 08 37', 'Schiess Innenausbau AG', 'Industriestrasse 2, 9450 Altstätten, St. Gallen'),
('38aa46ca-1891-4491-9f1b-5a0fa833bf37', 'Daniel', 'Küpfer', 'dk@schiess-iti.ch', '044 365 64 20', 'Schiess ITI AG', 'Schaffhauserstrasse 560, 8052 Zürich, Zürich'),
('fa7c66f6-a65e-46fc-8134-dacdec14640f', 'Werner', 'Schiess', 'info@schiess-ag.ch', '071 311 31 11', 'Schiess Transport AG', 'Moosstrasse 8, 9030 Abtwil, St. Gallen'),
('fdfa9690-42ac-4982-aa5e-8510a356d2ae', 'Silvan', 'Meier', 'silvan.meier@swissshooting.ch', '041 418 00 10', 'Schiessen Schweiz', 'Lidostrasse 6, 6006 Luzern, Luzern'),
('b1026c7f-98b5-4868-a3e4-ceca6f43d161', 'Andreas', 'Zweifel', 'andreas.zweifel@schiesser-architektur.ch', '055 644 40 49', 'Schiesser Architektur und Bauingenieur AG', 'Bankstrasse 20, 8750 Glarus, Glarus'),
('3e4a446d-cb0f-4d36-8d28-0ff626afa00c', 'Tom', 'Franzl', 'welcome@franzl.ch', '081 332 15 33', 'Schifer Berghaus', 'Schiferstrasse, 7249 Serneus, Graubünden'),
('157bd1d7-3ec6-4649-a8fa-3efac55a47d0', 'Priska', 'Fritschi', 'info@hensa-schifffahrt.ch', '055 220 67 22', 'Schiffahrtsbetrieb Hensa AG', 'Hafen, 8640 Rapperswil, St. Gallen'),
('348612a0-92ee-4ed6-a439-4227ab014b02', 'Arthur', 'Varnholt', 'durst@schiffbrau.ch', 'N.a.', 'Schiffbrau GmbH c/o Arthur Varnholt', 'Schiffbaustrasse 12, 8005 Zürich, Zürich'),
('4b5f7d04-e974-4ea6-a0c6-2b22cce8240c', 'Christian', 'Theiler', 'info@schiffcatering-thunersee.ch', '058 327 48 34', 'Schiffcatering Thuner- und Brienzersee', 'Lachenweg 19, 3604 Thun, Bern'),
('84c33fe9-ed4c-4dfc-93b9-6f44e8663fcd', 'Günter', 'Tscheulin', 'schifflaende.apo.basel@ifak-hin.ch', '061 261 49 48', 'Schifflände Apotheke AG', 'Marktgasse 5, 4051 Basel, Basel-Stadt'),
('d7bfc819-8aa4-40d3-b63f-76e30d567cd1', 'Eduard', 'Räber', 'mail@schiffrestaurant.ch', '041 410 23 30', 'Schiffrestaurant Wilhelm Tell', 'Landungsbrücke 9, 6006 Luzern, Luzern'),
('ff7301ee-acac-4359-b573-d858c7ffce20', 'Beat', 'Schild', 'beat.schild@schildarch.ch', '031 920 12 12', 'Schild Architekten AG', 'Sonnenweg 3, 3098 Köniz, Bern'),
('95c5cbb2-f5ff-4fe5-8dc4-24ca8c86e1e4', 'Karl', 'Wyss', 'k.wyss@schild-elektro.ch', '033 952 88 88', 'Schild Elektro AG', 'Hauptstrasse 121, 3855 Brienz, Bern'),
('d414c7f5-c83a-4129-98e8-43ff520b88a6', 'Urs', 'Schild', 'info@schild-gartenbau.ch', '044 836 67 48', 'Schild Gartenbau AG', 'Holzacherweg 1, 8303 Bassersdorf, Zürich'),
('6c4d34ed-ff6f-495c-98ed-9e462cc574dd', 'Christof', 'Ryter', 'info@schild-ag.ch', '033 675 11 41', 'Schild Haustechnik AG', 'Innere Dorfstrasse 56, 3718 Kandersteg, Bern'),
('4dc030cf-d0fc-49a1-8a4f-d59dc2e5d1e8', 'Roman', 'Schildknecht', 'info@schildknecht-gartenbau.ch', '071 463 90 45', 'Schildknecht Gartenbau GmbH', 'Schönenbohl 1, 8585 Langrickenbach, Thurgau'),
('d7797259-8327-4202-b6b7-3cc20ad766e4', 'Beat', 'Schildknecht', 'schildknecht@leunet.ch', '052 376 36 86', 'Schildknecht malen gipsen isolieren AG', 'Breitenstrasse 16, 8500 Frauenfeld, Thurgau'),
('31e496cd-2052-40a0-97d2-86beebd9e2f5', 'Marcel', 'Schildknecht', 'schildknechtofenbau@bluewin.ch', '079 329 99 76', 'Schildknecht Ofenbau und Plattenbeläge', 'Enzenbühlstrasse 42, 9230 Flawil, St. Gallen'),
('586ef005-e2b3-4bdc-a5e6-5233d4ca8f29', 'Gerhard', 'Lauper', 'g.lauper@schilla.com', '062 289 40 70', 'Schilla Bodenbelags AG', 'Baslerstrasse 98, 4632 Trimbach, Solothurn'),
('5cdb031d-4ed5-4001-b37e-401eb156ba94', 'Wolfgang', 'Bertschmann', 'schillerweinbau@gmail.com', 'N.a.', 'Schiller - Weinbaugenossenschaft Bucheggberg (SWB) c/o Dr. Ulrich Abbühl', 'Talrainweg 1, 4581 Küttigkofen, Solothurn'),
('a282c75d-aa97-4e53-b43c-423265e1be08', 'Alfred', 'Schiller', 'info@schiller.ch', '041 766 42 42', 'Schiller AG', 'Altgasse 68, 6341 Baar, Zug'),
('482c1c65-5bdb-4926-95c8-165ee3043d27', 'Klaus', 'Schiller', 'schiller@kjschiller.com', 'N.a.', 'SCHILLER Executive Search AG', 'Ackerstrasse 16, 8267 Berlingen, Thurgau'),
('07d74bca-2687-4f6c-a394-42ffe68777bc', 'Peter', 'Schillig', 'p.schillig@schillig-architekt.ch', '044 420 18 18', 'Schillig Architekten', 'Florastrasse 56, 8008 Zürich, Zürich'),
('2bce4a3f-f779-4efc-9b59-8ac7652b3ba8', 'Ernest', 'Schilliger', 'info@schilliger.ch', '041 854 08 00', 'Schilliger Holz AG', 'Haltikon 33, 6403 Küssnacht am Rigi, Schwyz'),
('fd6b62c4-367e-483a-81f1-88eaba183f90', 'René', 'Harzenmoser', 'info@schilling-ag.ch', '071 944 21 32', 'Schilling AG', 'Gewerbestrasse 2, 9524 Zuzwil, St. Gallen'),
('d8e6c6c8-5c25-42dd-9d6e-4896680b67fb', 'René', 'Spichiger', 'info@schilling-ag-birr.ch', '079 663 84 67', 'SCHILLING AG Birr', 'Alte Lenzburgerstrasse 6, 5242 Birr, Aargau'),
('5c119f41-bf15-4c2f-ae49-be612daddb56', 'Beat', 'Jäger', 'info@schillingholzdesign.ch', '062 871 72 73', 'Schilling Holzdesign AG', 'Kaistenbergstrasse 10, 5070 Frick, Aargau'),
('da4be4ba-16af-477f-beb9-f85935a02711', 'Guido', 'Schilling', 'info@schilling-transporte.ch', '071 411 26 16', 'Schilling Spezialtransporte GmbH', 'Hauptstrasse 1, 8588 Zihlschlacht, Thurgau'),
('cf55467b-ef79-4cfe-b98d-7947fbd73378', 'Michael', 'Schilt', 'info@schilt-partner.ch', '032 671 62 54', 'Schilt & Partner AG', 'Oberburgstrasse 12, 3400 Burgdorf, Bern'),
('cdfa7072-6cf3-4e87-9510-d14a7001b8f5', 'Manuela', 'Schilt', 'mama_s@bluewin.ch', '079 825 39 44', 'Schilt ''s Stick & Nähstübli', 'Gartenstrasse 12, 3176 Neuenegg, Bern'),
('1b6c647f-51f1-45f9-b49a-ca18ec2f0e55', 'Beat', 'Schilt', 'info@schiltenhof.ch', '033 845 13 47', 'Schiltenhof', 'Ey 93, 3807 Iseltwald, Bern'),
('51ef57ad-7386-4944-bf8d-2c21c898cc20', 'Markus', 'Schilter', 'info@malerschilter.ch', '079 658 05 59', 'Schilter Malergeschäft', 'Gotthardstrasse 30, 6410 Goldau, Schwyz'),
('bee8adf9-6574-4d71-81ee-42b5aad5ea3d', 'Lorenz', 'Schilter', 'schilter-seilbahnen@bluewin.ch', '041 880 11 32', 'Schilter, Seilbahn- und Metallbau GmbH', 'Reussstrasse 36b, 6472 Erstfeld, Uri'),
('47179705-f9f9-4f7c-9ac3-07b53eaf3b87', 'Elmar', 'Schilter', 'elmar@schilter.tech', '078 689 27 01', 'schilter.tech gmbh', 'Säge 11, 8852 Altendorf, Schwyz'),
('023ec785-a5cf-4fc6-8313-b90a1e287937', 'Christoph', 'Egger', 'christophegger@schilthorn.ch', '033 826 00 00', 'Schilthornbahn AG', 'Lengwald 301, 3824 Stechelberg, Bern'),
('0f0f0cbe-96b5-47e3-9df8-4e719143f44e', 'Urs', 'Baumgartner', 'info@schiltrac.ch', '041 620 67 69', 'Schiltrac Fahrzeugbau GmbH', 'Fadenbrücke 12, 6374 Buochs, Nidwalden'),
('0fae2467-6348-4421-b4b0-f3c2887cef6a', 'Fredi', 'Schär', 'fredi.schaer@gmail.com', '062 390 17 57', 'Schindle Grill - Restaurant Frohsinn', 'Hauptstrasse 90, 4718 Holderbank, Solothurn'),
('cf245d1a-a52b-41a4-89fd-bd5ec82aa11f', 'Urs', 'Aeschlimann', 'u.aeschlimann@schindler-scheibling.ch', '044 944 93 47', 'Schindler & Scheibling AG', 'Aathalstrasse 88, 8610 Uster, Zürich'),
('75aa2459-5677-4682-b1a2-1d6e6aaa6d6e', 'Thomas', 'Schindler', 'info@schindler-ag.ch', '061 411 57 23', 'Schindler AG Kühl- und Energietechnik', 'Grabenackerstrasse 8b, 4142 Münchenstein, Basel-Land'),
('212bb75b-09d1-4cb4-91ea-1ca2759b7b0c', 'Patrick', 'Hess', 'luzern.ch@schindler.com', '041 369 82 82', 'Schindler Aufzüge AG', 'Zugerstrasse 13, 6030 Ebikon, Luzern'),
('3dd0e29f-b72c-43c4-8602-d941a67734be', 'Walter', 'Schindler', 'schindlergarten@bluewin.ch', '032 653 18 08', 'Schindler Garten AG', 'Bachtelenstrasse 21, 2540 Grenchen, Solothurn'),
('8ad64b1a-1be3-4390-9627-e38038a0f4fd', 'Daniel', 'Schindler', 'info@schindlergaerten.ch', '041 377 05 06', 'Schindler Gärten GmbH', 'Zürichstrasse 16, 6006 Luzern, Luzern'),
('1615c047-2b67-4435-84fc-9d25c8cd5f3c', 'Roland', 'Schindler', 'office@schindler-malerei.ch', '062 794 23 24', 'Schindler Malerei AG', 'Mumenthalstrasse 53, 4912 Aarwangen, Bern'),
('95a867e0-e2bd-4caa-b31a-bb341d504222', 'Silvio', 'Napoli', 'email@schindler.com', '041 445 32 32', 'Schindler Management AG', 'Zugerstrasse 13, 6030 Ebikon, Luzern'),
('488a4924-6026-4437-9b94-10f1dda55ad3', 'Mario', 'Passerini', 'mario.passerini@schindler.com', '041 445 30 11', 'Schindler Pensionskasse', 'Zugerstrasse 13, 6030 Ebikon, Luzern'),
('1f869154-8681-4107-b6e3-9b475d9ba695', 'Marco', 'Schindler', 'schindlermarco@hotmail.com', '079 297 78 25', 'Schindler Schreinerei', 'Baareggstrasse 9, 8934 Knonau, Zürich'),
('b55226a9-2487-4818-b306-d086f3da62bd', 'Christoph', 'Schindler', 'info@schindlersalmeron.com', '043 960 06 13', 'schindlersalmerón GmbH', 'Zeughausstrasse 67, 8004 Zürich, Zürich'),
('850bfe8c-e806-43ce-bc4b-426414fe4e80', 'Antonietta', 'Despeaux-Russo', 'kulturstiftung@schindler.com', '041 632 85 81', 'Schindler-Stiftung', 'Seestrasse 55, 6052 Hergiswil, Nidwalden'),
('22b5dcda-5721-4982-ab81-cff7d417937c', 'Martin', 'Zemp', 'info@schintbuehlglace.ch', '041 480 09 01', 'Schintbühl Glace AG', 'Schintbühl, 6163 Ebnet, Luzern'),
('5d1c5bfe-2995-4014-a5cf-8d4d3433dd7b', 'Nurhan', 'Altun', 'gf@schinzenhof.ch', '044 725 27 05', 'Schinzenhof', 'Alte Landstrasse 24, 8810 Horgen, Zürich'),
('cc9099d4-04fb-4e52-97b0-89252840c5cb', 'Benjamin', 'Dieterle', 'info@schipfe33.ch', '044 211 55 92', 'Schipfe33 GmbH', 'Schipfe 33, 8001 Zürich, Zürich'),
('569436d5-ab74-4d2b-92a7-b11fc31d8b6e', 'Reymond', 'Schorer', 'schippertdruck@bluewin.ch', '044 980 44 33', 'Schippert AG Druckerei und Verlag', 'Bachtobelstrasse 11a, 8123 Ebmatingen, Zürich'),
('07c6776a-7d27-45fe-9eb3-e3d50c7e086b', 'Martin', 'Schips', 'schips.ag@schips.com', '071 846 80 80', 'Schips AG', 'Steinacherstrasse 35, 9327 Tübach, St. Gallen'),
('39d5551d-2064-4928-bac4-02b83a85d1a3', 'Ursula', 'Schirmer', 'us@schirmerconsulting.ch', '056 664 80 20', 'Schirmer Consulting GmbH', 'Zugerstrasse 6, 6330 Cham, Zug'),
('506925c3-1045-4f37-b966-cdee296becb3', 'Tobias', 'Schindler', 'info@schito.ch', '079 504 51 35', 'SCHITO Fabrik Schindler', 'Guldinerweg 14, 8047 Zürich, Zürich'),
('0a300543-15de-430e-9d5d-ff5838eae9a1', 'Rico', 'Lamprecht', 'info@agricultura-valmuestair.ch', '081 858 51 94', 'Schlacht- und Verarbeitungsgenossenschaft "Bacharia Val Müstair"', 'Chassellas 121a, 7537 Müstair, Graubünden'),
('c35d4b6b-87bb-4ac0-ab65-24ad649446af', 'Kurt', 'Widmer', 'sekretariat@sbag-sg.ch', '071 314 12 12', 'Schlachtbetrieb St.Gallen AG', 'Schlachthofstrasse 24 Gossau, 9015 St. Gallen, St. Gallen'),
('9ec091b6-9967-423c-a783-e8711dcc13f2', 'Stefan', 'Henzi', 'info@schlachthaus-langenthal.ch', '062 922 11 29', 'Schlachthausgenossenschaft Langenthal', 'Gaswerkstrasse 68, 4900 Langenthal, Bern'),
('a6bdbbbc-25dd-4d9e-8ed3-591cf2bb2511', 'Michael', 'Büttner', 'info@schlachthofbuettner.ch', '056 281 32 00', 'Schlachthof Büttner AG', 'Industriestrasse Althau 15, 5303 Würenlingen, Aargau'),
('287db1d5-9e9b-40b7-a60b-6128d3805c48', 'Oscar', 'Duschletta', 'schlachthofmittelbuenden@bluewin.ch', '081 630 01 04', 'Schlachthof Mittelbünden AG', 'Unterrealta, 7408 Cazis, Graubünden'),
('c1f712d6-26df-4466-9009-d9e91d0c9ac3', 'Thomas', 'Leppkes', 'tom@schlachtmobil.ch', '081 637 11 58', 'Schlachtmobil GmbH', 'Stradung 38, 7452 Cunter, Graubünden'),
('37c61f1a-cd08-413d-a690-12e8bdb71b31', 'Markus', 'Krapf', 'info@schlaefli-ag.ch', '041 630 33 70', 'Schlaefli AG, Balterswil', 'Feldstrasse 2, 8363 Bichelsee, Thurgau'),
('0bb3279f-aa4b-47b0-acf6-4d6ab6e58bdb', 'René', 'Schläpfer', 'rene@schlaepfer-sasch.ch', '071 763 80 60', 'Schlaepfer Architektur & Design AG', 'Im Oberfeld 6, 9450 Lüchingen, St. Gallen'),
('e041ecf1-2db2-442a-80a9-25cb6b889e7e', 'Fränzi', 'Gasser', 'gasser-hinti@bluewin.ch', '078 788 70 41', 'Schlafen im Bergstall', '6078 Lungern, Obwalden'),
('2dec732c-1fb2-4f11-abe0-836347d9b1a1', 'Rita', 'Margreth', 'rita.margreth@bluewin.ch', '081 384 62 28', 'Schlafen im Stall', 'Voa Nova 8, 7082 Vaz/Obervaz, Graubünden'),
('d242878b-28af-4b69-ac78-d8a067cb19eb', 'Lisa', 'Danner', 'marchhof@bluewin.ch', '081 723 06 69', 'Schlaffass Marchhof', 'Staatsstrasse 50, 8890 Flums, St. Gallen'),
('7d987d66-c363-4e6b-836f-7976d4251d08', 'Oliver', 'Schläfli', 'info@schlaefligartenbau.ch', '032 682 43 09', 'Schläfli Gartenbau', 'Nordstrasse 13, 4542 Luterbach, Solothurn'),
('f3e3e2ba-6ba8-4b24-bd92-25fd1cc94b0a', 'Sandra', 'Pleisch', 'info@schlafli.com', '032 351 50 70', 'Schläfli-Engineering AG', 'Bahnhofstrasse 22, 3294 Büren an der Aare, Bern'),
('7baf55d6-2596-49aa-8189-77f628930716', 'Rolf', 'Schlaginhaufen', 'info@schlaginhaufen-consulting.ch', '052 722 16 51', 'Schlaginhaufen Consulting GmbH', 'Wielsteinstrasse 45, 8500 Frauenfeld, Thurgau'),
('3e8f4350-5160-49ce-82cb-a86ebd6e0b73', 'Hilde', 'Villars', 'info@schlangenzoo.ch', '071 970 06 36', 'Schlangen Zoo Eschlikon GmbH', 'Tösstalstrasse 10, 8360 Wallenwil, Thurgau'),
('3fc76367-751b-4e91-9493-3f48f51d7fe6', 'Vitus', 'Schlanser', 'kontakt@schlanser.ch', '081 941 21 06', 'Schlanser GmbH', 'Bergstrasse 31, 8890 Flums, St. Gallen'),
('ef2a08ab-1533-4963-922c-b1700bd81f36', 'Daniel', 'Schlapbach', 'info@schlapbachtransporte.ch', '079 300 52 60', 'Schlapbach Transport AG', 'Alpenstrasse 111, 3627 Heimberg, Bern'),
('a74617f8-13a2-4a8d-a807-7098b0d5cdcb', 'Frederik', 'Fuchs', 'f.fuchs@sping.ch', '044 455 70 90', 'Schläpfer & Partner Ingenieurbüro AG', 'Staffelstrasse 12, 8045 Zürich, Zürich'),
('a46f3933-7289-42f4-a69c-ef32042f2517', 'Ruedi', 'Stüssi', 'ruedi.stuessi@schlaepfer-altmetall.ch', '071 282 41 89', 'Schläpfer Altmetall AG', 'Martinsbruggstrasse 111a, 9016 St. Gallen, St. Gallen'),
('49f5921b-40fa-49ff-b180-05222339d641', 'Daniel', 'Schläpfer', 'ds@schlaepfercarstensen.ch', '043 811 56 50', 'Schläpfer Carstensen Landschaftsarchitekten GmbH', 'Flüelastrasse 6, 8048 Zürich, Zürich'),
('294fc8e1-cdc9-47ec-bf84-f2dd34c0ecb8', 'Max', 'Schläpfer', 'info@schlaepfer-sanitaerservice.ch', '071 891 31 85', 'Schläpfer Sanitär Service', 'Brauerstrasse 81a, 9016 St. Gallen, St. Gallen'),
('f36414cf-7e68-48d7-a2dc-c352eec46342', 'Alex', 'Schläpfer', 'schlaepfer-treuhand@bluewin.ch', '071 841 18 18', 'Schläpfer Treuhand AG', 'Thannstrasse 2, 9403 Goldach, St. Gallen'),
('0dd4020c-f899-40b5-970b-d70e6c46955a', 'Michael', 'Schläppi', 'info@schlaeppi-innenausbau.ch', '033 733 18 24', 'Schläppi Innenausbau GmbH', 'Boden, 3775 Lenk im Simmental, Bern'),
('ff65b492-8754-489e-96b6-3b2e16b49874', 'Esther', 'Bieri', 'bieri@schlaraffenland.ch', '079 667 36 87', 'Schlaraffenland Handels GmbH', 'Dorfstrasse 149, 3437 Rüderswil, Bern'),
('29136932-7e27-4cc3-93c4-4947a5f3f12d', 'Stephan', 'Schlatter', 'stephan.schlatter@schlatterbauag.ch', '052 643 53 23', 'Schlatter Bau AG', 'Schweizersbildstrasse 51, 8200 Schaffhausen, Schaffhausen'),
('f69c5d84-07d2-4c12-9f4b-df39bb9d524a', 'Benno', 'Schlatter', 'schlatter@blech-tech.ch', '044 876 04 88', 'schlatter blechtech', 'Irchelstrasse 25, 8427 Rorbas, Zürich'),
('942a620d-092a-4c7b-a438-6ad7d1c17645', 'Felix', 'Schlatter', 'info@schlatterholzbau.ch', '044 850 11 66', 'Schlatter Holzbau AG', 'Im Sandacher 24, 8154 Oberglatt, Zürich'),
('569d7d87-bfe6-4043-a68d-9f49394ebda0', 'Thomas', 'Schlatter', 'info@schlatter-ic.ch', '044 350 66 22', 'Schlatter Immobilien & Consulting AG', 'Winkelriedstrasse 15, 8006 Zürich, Zürich'),
('3a188836-e507-4e90-a297-3eee8666c1fc', 'Fritz', 'Schlatter', 'info@schlatterdesign.ch', '044 853 37 05', 'Schlatter Innenausbau GmbH', 'Gewerbestrasse 7, 8162 Steinmaur, Zürich'),
('24a2a7d9-f33d-495f-a6fe-3588f71aded2', 'Evelyn', 'Thöny', 'info@schlatter-plastic.ch', '044 850 29 21', 'Schlatter Plastic AG', 'Industriegebiet Salen / Niederstettenstrasse 8, 9536 Schwarzenbach, St. Gallen'),
('4ab5c90a-2652-459f-ae21-30dff88b6b6f', 'Andrin', 'Ledergerber', 'info@schlattgut.ch', '044 915 01 68', 'Schlattgut GmbH', 'Schlattstrasse 67, 8704 Herrliberg, Zürich'),
('93ab0147-bb8c-4ae2-8ca8-7412542106e1', 'Mathias', 'Ackermann', 'info@schlatthof.ch', '062 926 36 44', 'Schlatthof GmbH', 'Schlatthof 1, 4628 Wolfwil, Solothurn'),
('738eeb8b-0883-4c54-a49d-dbaf0a543bca', 'Stefan', 'Schlauri', 'stefan@schlauri-holenstein.ch', '071 948 70 40', 'Schlauri + Holenstein AG', 'Hauptstrasse 14, 9526 Zuckenriet, St. Gallen'),
('22a13680-77bb-472c-a53d-317674e6af6f', 'Sandra', 'Schlauss', 's.schlauss@streuhand.ch', '041 210 81 72', 'Schlauss Treuhand GmbH', 'Industriestrasse 3, 6034 Inwil, Luzern'),
('5c8aa2db-6205-4821-a65f-8870776ff5ff', 'Jolanda', 'Birchmeier', 'mail@schlegel-basel.ch', '061 279 97 80', 'Schlegel & Co. AG', '4010 Basel, Basel-Stadt'),
('50871144-e766-4b6f-b363-50ca81f7520a', 'Fritz', 'Hofer', 'fritz.hofer@schlegel-hofer.ch', '081 750 21 32', 'Schlegel + Hofer AG', 'Bahnhofstrasse 4, 9471 Buchs 1, St. Gallen'),
('27dbd9e2-e116-479a-87d3-719d63c58e9b', 'Erik', 'Brenner', 'erik.brenner@schlegel.ch', '071 844 26 26', 'Schlegel AG', 'Blumenfeldstrasse 14, 9403 Goldach, St. Gallen'),
('c5980526-77d8-42fb-89b1-48a2d22e987d', 'Ulrich', 'Schlegel', 'u.schlegel@schlegelarchitekten.ch', '044 310 85 44', 'Schlegel Architekten', 'Affolternstrasse 120, 8050 Zürich, Zürich'),
('7612de8f-e3de-44ee-b66a-3b78af12a13a', 'Dario', 'Schlegel', 'info@schlegel-boeden.ch', '079 699 10 06', 'Schlegel Böden AG', 'Oberdorfstrasse 36, 8887 Mels, St. Gallen'),
('0da8a274-86ab-44cd-8413-e0859bfc47da', 'Sandro', 'Schlegel', 'info@schlegelgarten.ch', '076 343 72 80', 'Schlegel Garten GmbH', 'Mythenstrasse 35, 8640 Rapperswil, St. Gallen'),
('c474a661-4973-4c02-8af2-b51868e27835', 'Hansueli', 'Alder', 'hua@schlegel-holzbau.ch', '071 988 11 74', 'Schlegel Holzbau AG', 'Rickenstrasse 41, 9630 Wattwil, St. Gallen'),
('8f7b065c-7928-47b9-b6b6-b91ee21f4e84', 'Urs', 'Schlegel', 'urs@schlegel-treuhand.ch', '081 720 22 22', 'Schlegel Treuhand AG', 'Seestrasse 58, 8880 Walenstadt, St. Gallen'),
('599eb92c-7dc2-4dc2-97a8-e1cb3840480a', 'Carli', 'Collenberg', 'schleichcollenberg@bluewin.ch', '081 925 26 36', 'Schleich + Collenberg AG', 'Glennerstrasse 21, 7130 Ilanz, Graubünden'),
('8e9212c2-b03e-467c-b133-dd317dc3c616', 'Roman', 'Schleiss', 'info@schleiss-ag.ch', '041 637 22 65', 'Schleiss AG', 'Wasserfallstrasse 72b, 6390 Engelberg, Obwalden'),
('2a902fb4-d249-4e93-baa8-5545865c4490', 'Fredi', 'Schleiss', 'fschleiss@vtxmail.ch', '061 361 80 22', 'Schleiss Modellbau', 'Dornacherstrasse 109, 4053 Basel, Basel-Stadt'),
('f977bc23-e685-4e99-b16a-4b024ea5dd0a', 'Paramanathan', 'Kandiah', 'info@metzgerbeiz.ch', '055 212 39 33', 'Schlemmerecke Jona GmbH', 'Molkereistrasse 2, 8645 Jona, St. Gallen'),
('c81eeab8-2f77-4985-9291-96ff2915993a', 'Monica', 'Burri', 'info@schlemmerwerk.ch', '044 937 42 72', 'Schlemmerwerk.ch', 'Lenzdorflistrasse 2a, 8340 Hinwil, Zürich'),
('5af6e06c-22fe-449c-bf51-a0518531e3ae', 'Gertrud', 'Schlenker', 'info@schlenker.ch', '044 937 37 00', 'Schlenker AG', 'Studbachstrasse 18, 8340 Hinwil, Zürich'),
('5814b68c-4c1e-440b-85c7-29d3b2508591', 'Marco', 'Schlepfer', 'marco@schlepfer-herzog.ch', '071 690 03 60', 'Schlepfer & Herzog AG', 'Waldhof 1a, 8585 Langrickenbach, Thurgau'),
('495b4871-2ea0-4976-a5b0-dbde20cb3579', 'Yves', 'Schleuniger', 'maler.schleuniger@bluewin.ch', '079 620 10 82', 'Schleuniger & Sohn', 'Aarestrasse 2, 5313 Klingnau, Aargau'),
('47bf0a47-7060-471f-8e2d-fcc9fc13ade1', 'Predrag Matijas', 'Meyer', 'info@schleuniger.ch', '033 334 03 33', 'Schleuniger AG', 'Bierigutstrasse 9, 3608 Thun, Bern'),
('330a9a1e-2fcc-4254-a24b-c107820ec0e7', 'Roman', 'Schleuniger', 'schleuniger@bodenseemetzg.ch', '071 446 48 63', 'Schleuniger Bodenseemetzg GmbH', 'St. Gallerstrasse 216, 9320 Stachen, Thurgau'),
('aa7f5394-9489-4f32-b60b-1fe3891c72b0', 'Bruno', 'Rinaldi', 'info@schlichtherle-gillner.ch', '044 830 64 71', 'Schlichtherle + Gillner AG', 'Dietlikonerstrasse 1, 8304 Wallisellen, Zürich'),
('84aa7d95-c00d-4f0a-9951-56c557b7936c', 'Martin', 'Schlienger', 'martin@schlienger-bau.ch', '079 927 23 77', 'Schlienger Bau', 'Kirchgasse 2, 4315 Zuzgen, Aargau'),
('9f8298b4-f870-4877-9ab4-e2852d885ad0', 'Michael', 'Schlitner', 'info@schlitnerlandschaftsplanung.ch', '079 713 94 68', 'Schlitner Landschaftsplanung GmbH', 'Sonnhaldenstrasse 3b, 8610 Uster, Zürich'),
('8a8da631-8642-4279-8f8d-d7254927b1f8', 'Xaver', 'Reichlin-Kyburz', 'xaver@schlittelstuebli.ch', '079 520 30 60', 'Schlittelstübli & Forest Climb', 'Fryfang, 8849 Alpthal, Schwyz'),
('9e3023fb-b8da-4095-9e72-70ecbf1b1997', 'Hansueli', 'Schlittler', 'info@schlittlerteppiche.ch', '079 172 71 71', 'Schlittler Teppiche Parkett Bodenbeläge', 'Chlupfgasse 11, 8303 Bassersdorf, Zürich'),
('b64483cf-cba1-40e8-aa87-0c3115cd4873', 'Liridon', 'Kroni', 'info@schloms.ch', '081 757 16 25', 'Schloms Kunststoffe AG', 'Arinstrasse 35, 9475 Sevelen, St. Gallen'),
('c92193b6-201d-4e19-87a6-4b5202844e77', 'Philipp', 'Baschung', 'info@ferienimschloss.ch', '081 664 11 45', 'Schloss', 'Italienische Strasse 24, 7437 Nufenen, Graubünden'),
('36f33c77-8078-442a-a612-7075f2dd5ff6', 'Andreas', 'Von Roll', 'aarhof@hin.ch', '032 622 51 41', 'Schloss Aarhof Praxiszentrum für Bewegungsmedizin', 'Römerstrasse 32, 4500 Solothurn, Solothurn'),
('dc65b731-0cec-4e06-be4c-c96c6fdc6c5c', 'Ana', 'Chiorean', 'schlossapotheke@bluewin.ch', '032 331 93 42', 'Schloss Apotheke Nidau AG', 'Hauptstrasse 30, 2560 Nidau, Bern'),
('1ac46036-3d74-496b-adfd-2634e0f42783', 'Daniel', 'Furter', 'furter@schloss-burgdorf.ch', '034 426 10 41', 'Schloss Burgdorf', 'Schlossgässli 1, 3400 Burgdorf, Bern'),
('6f4928ee-e4ec-4190-9877-0ca5dfe058b8', 'Daniela', 'Kircher', 'info@schloss-freudenfels.ch', '052 742 72 11', 'Schloss Freudenfels', 'Schlossweg, 8264 Eschenz, Thurgau'),
('9a413030-d621-4ff7-8e08-42d43ec04d55', 'Angela', 'Dettling', 'angela.dettling@ag.ch', '0848 871 200', 'Schloss Habsburg - Museum Aargau', 'Schlossgasse 30, 5245 Habsburg, Aargau'),
('e3934b2a-ed11-4a1c-a706-3b123a4420af', 'Martin', 'Sulser', 'martin.sulser@ag.ch', '0848 871 200', 'Schloss Hallwyl - Museum Aargau', '5707 Seengen, Aargau'),
('0586044e-691f-44f0-a669-90f34538bcc8', 'Lyudmyla', 'Schloss', 'info@spielmarkt.ch', 'N.a.', 'Schloss Handelskontor GmbH', 'Bahnhofstrasse 11, 3236 Gampelen, Bern'),
('95f342f6-3c82-4d8e-b3b3-a6465e9a784c', 'Dieter', 'Ruckstuhl', 'dieter.ruckstuhl@heidegg.ch', '041 917 13 11', 'Schloss Heidegg', '6284 Gelfingen, Luzern'),
('386b031f-3cd3-4853-a90e-37c6c9a4e0f7', 'Amin', 'Strom', 'armin.strom@schlossherdern.ch', '079 339 62 25', 'Schloss Herdern', 'Haldenstrasse 1, 8535 Herdern, Thurgau'),
('f164c633-714d-4715-b2bc-5d0a446b8f35', 'Alex', 'Perren', 'info@schlosshotelzermatt.ch', '027 966 44 00', 'Schloss Hotel Zermatt', 'Bahnhofplatz 18, 3920 Zermatt, Wallis/Valais'),
('d32912fa-45e9-4ec5-831c-2b2cf7caac99', 'Therese', 'Linder', 'info@schlosshuenegg.ch', '033 243 19 82', 'Schloss Hünegg', 'Staatsstrasse 52, 3652 Hilterfingen, Bern'),
('202c5404-3b34-4180-9226-2aa4d2a11dbe', 'Mario', 'Bucher', 'mario.bucher@schlosshuenigen.ch', '031 791 26 11', 'Schloss Hünigen AG', 'Freimettigenstrasse 9, 3510 Konolfingen, Bern'),
('08935857-9af0-485a-9c72-2398e8170764', 'Michael', 'Keller', 'michael.keller@schloss-jegenstorf.ch', '031 761 01 59', 'Schloss Jegenstorf', 'General Guisanstrasse 5, 3303 Jegenstorf, Bern'),
('0de3741f-52da-4136-8220-b29c121b7776', 'Elsbeth', 'Geiger', 'info@schlosslaufen.ch', '052 659 67 67', 'Schloss Laufen am Rheinfall', '8447 Dachsen, Zürich'),
('8f5102a5-0ddb-4ce9-9b86-5361d0715250', 'Thomas', 'Schmid', 'info@schloss-muenchenwiler.ch', '026 672 81 81', 'Schloss Münchenwiler', 'Kühergasse 7, 1797 Münchenwiler, Bern'),
('f9cdf329-de84-4d28-a1fa-b1efca3149a0', 'Roger', 'Lehmann', 'info@schloss-schadau.ch', '033 222 25 00', 'Schloss Schadau', 'Seestrasse 45, 3600 Thun, Bern'),
('073ea726-7fdf-43c2-8966-a6a178e3e88e', 'Barbara', 'Egli', 'barbara.egli@schloss-spiez.ch', '033 654 15 06', 'Schloss Spiez', 'Schlossstrasse 16, 3700 Spiez, Bern'),
('5bedbbc6-b233-4009-8cf2-39560d1e8674', 'Tanja', 'Oldag', 'info@schloss-thunstetten.ch', '062 963 11 50', 'Schloss Thunstetten', 'Berggasse 5, 4922 Thunstetten, Bern'),
('af31e3a2-4690-4d54-a2d3-f20e81fdc368', 'Tobias', 'Burkhalter', 'info@schlossueberstorf.ch', '031 741 47 17', 'Schloss Ueberstorf', 'Schlossstrasse 14, 3182 Ueberstorf, Fribourg/Freiburg'),
('9ee0cc4a-1ff7-48fe-a589-a869fad0624c', 'Markus', 'von Däniken', 'schlosswartenfels@lostorf.ch', '062 298 25 21', 'Schloss Wartenfels', 'Schlosstrasse 26, 4654 Lostorf, Solothurn'),
('2f8c22b5-fa9d-4f2a-ae9c-2de7d4461b69', 'Boris', 'Kessler', 'kessler@schloss-weinberg.ch', '071 888 42 51', 'Schloss Weinberg', 'Schloss Weinberg, 9430 St. Margrethen, St. Gallen'),
('404c62a1-1b20-4c00-b76b-52e4ce100361', 'Sarah-Vanessa', 'Schneider', 'info@schloss-apotheke-bern.ch', '031 381 88 36', 'Schloss-Apotheke - Bern', 'Könizstrasse 3, 3008 Bern, Bern'),
('66dbdf8f-48f2-4ffd-a720-830f4b9ab6a4', 'Erich', 'Gubler', 'info@schloss-apotheke.ch', '033 222 45 51', 'Schlossapotheke AG - Thun', 'Obere Hauptgasse 33, 3600 Thun, Bern'),
('e0161b6a-0b66-4401-9fa7-5242788353ac', 'Ferit', 'Avci', 'welcome@schlossatelier.ch', '044 501 55 69', 'Schlossatelier Group AG', 'Schwyzerstrasse 46, 8832 Wollerau, Schwyz'),
('1bbb7322-1314-4704-ae2b-2d449b345bf5', 'Sonja', 'Kuster', 'info@schloss-beck.ch', '032 331 86 11', 'Schloss-Beck GmbH', 'Hauptstrasse 17, 2560 Nidau, Bern'),
('b069c5bf-7164-4d45-9096-bfd1ec22a086', 'Marcel', 'Frei', 'info@schlossberg-aerzte.ch', '052 728 40 70', 'Schlossberg Ärztezentrum', 'Bahnhofstrasse 61, 8500 Frauenfeld, Thurgau'),
('ea948e6b-3136-4622-829b-c3a53ecc3657', 'Ivar', 'Jeker', 'onlineshop@schlossberg.ch', '052 396 23 15', 'Schlossberg Switzerland AG', 'Tösstalstrasse 15, 8488 Turbenthal, Zürich'),
('6be7ddb6-2478-4e42-bb17-12708b36fc19', 'André', 'Philipp', 'schlossberg-zahnarzt@bluewin.ch', '052 720 19 19', 'Schlossberg Zahnarzt', 'Bahnhofstrasse 61, 8500 Frauenfeld, Thurgau'),
('fc66581f-4798-4eb9-9d98-ab45ab29053c', 'Peter', 'Wyler', 'info@schlossbergbeck.ch', '041 420 60 34', 'Schlossberg-Beck Peter Wyler', 'Maihofstrasse 1, 6004 Luzern, Luzern'),
('6a52508f-1cbd-44ff-8767-6040de1b36e4', 'Jane', 'Melmuka', 'info@schloesschen-biberist.ch', '032 672 29 89', 'Schlösschen Vorder-Bleichenberg', 'Asylweg 15, 4562 Biberist, Solothurn'),
('116bb74f-3a83-481d-8389-43235883d059', 'Urs', 'Zurfluh', 'urs.zurfluh@troegliag.ch', '041 870 59 70', 'Schlosserei "Trögli" AG', 'Industriestrasse 32, 6460 Altdorf, Uri'),
('ede406cd-25f0-4e11-bb17-831f42413d64', 'Andreas', 'Kürsteiner', 'info@schlosserei-kuersteiner.ch', '079 322 43 71', 'Schlosserei + Metallbau A. Kürsteiner', 'Hohestrasse 134, 4104 Oberwil, Basel-Land'),
('7678313a-6084-4d75-9af7-3f6ecdb3aaeb', 'Samuel', 'Schöni', 'info@baeumlinmetallbau.ch', '031 301 88 28', 'Schlosserei + Metallbau Daniel Bäumlin GmbH', 'Engehaldenstrasse 128, 3012 Bern, Bern'),
('c7e3e60c-76e9-4470-8e1a-855d53bf734a', 'Janic', 'von Arx', 'jva@vonarx-metallbau.ch', '061 603 26 80', 'Schlosserei + Metallbau von Arx', 'Rüchligweg 65, 4125 Riehen, Basel-Stadt'),
('33308fdb-e2d1-48e5-a898-59de936454d4', 'Raphael', 'Anderegg', 'info@schlosserei-anderegg.ch', '032 633 18 24', 'Schlosserei Anderegg GmbH', 'Obere Dürrmühlestrasse 10, 4704 Niederbipp, Bern'),
('9dce213b-4a66-4ffd-94a8-b3eb9517d7cd', 'Andreas', 'Rohrer', 'ar@schlosserei-rohrer.ch', '041 497 00 71', 'Schlosserei Andreas Rohrer AG', 'Galileo-Strasse 6, 6056 Kägiswil, Obwalden'),
('bca69f5c-c21a-47c4-ae2f-cce6c00e3827', 'Kurt', 'Burgherr', 'info@metalldesigner.ch', '062 891 28 24', 'Schlosserei Bürgin AG', 'Industriestrasse 24, 5600 Lenzburg, Aargau'),
('c725c262-68b1-4a29-be75-5031fd43d2ef', 'Urs', 'Frischknecht', 'info@schlosserei-frischknecht.ch', '071 351 52 55', 'Schlosserei Frischknecht GmbH', 'Schützenstrasse 42, 9100 Herisau, Appenzell Ausserrhoden'),
('38dee1fd-a10c-4cf9-88d1-a8905a829416', 'Andreas', 'Preisig', 'andi.preisig@gmx.ch', '052 625 41 50', 'Schlosserei Preisig', 'Mühlentalsträsschen 39, 8200 Schaffhausen, Schaffhausen'),
('6b4b6913-6f59-46b9-8bab-cbee974bf336', 'Patrick', 'Epple', 'epple@strub.ch', '071 744 24 55', 'Schlosserei Strub AG', 'Hauptstrasse 145, 9434 Au, St. Gallen'),
('a3c6e83a-585f-4a87-a6c0-caebc9b48391', 'Ludwig', 'Rischatsch', 'info@schlosserei-rischatsch.ch', '081 384 33 24', 'Schlosserei-Metallbau-Kunstschmiede', 'Quadra 12, 7082 Vaz/Obervaz, Graubünden'),
('67f62188-fa89-4832-9f1d-652c2a5dec2b', 'Nicole', 'Schlosser', 'schlossers-shop@bluewin.ch', '079 596 52 02', 'Schlosser''s Shop', 'Trottenweg 12, 5313 Klingnau, Aargau'),
('515893e1-9612-439f-bc10-7e5821788d8c', 'Franz', 'Braun', 'schlossgaragebettwiesen@bluewin.ch', '071 911 56 02', 'Schlossgarage Bettwiesen AG', 'Hauptstrasse 26, 9553 Bettwiesen, Thurgau'),
('5b2d2d1e-b421-4620-aca9-23e4210f0bf5', 'Christian', 'Portmann', 'christian.portmann@schlossgarage-brunegg.ch', '062 889 66 60', 'Schlossgarage Brunegg AG', 'Alte Lenzburgerstrasse 3, 5505 Brunegg, Aargau'),
('05e634f0-3a22-4973-ae63-466d1d43e8bf', 'Daniel', 'Büchel', 'daniel.buechel@schlossgarage.ch', '071 761 15 33', 'Schloss-Garage Büchel AG', 'Rheinstrasse 4, 9463 Oberriet, St. Gallen'),
('df66f332-4da0-44d0-bafe-7be35712b50c', 'Filippo', 'Faliti', 'info@furrerag.ch', '044 935 12 03', 'Schloss-Garage Furrer AG', 'Esslingerstrasse 2, 8627 Grüningen, Zürich'),
('d5d64a2b-5f44-4063-86a2-6281f5e13f12', 'Adrian', 'Bösch', 'adrian.boesch@schlossgarage.com', '052 640 18 26', 'Schlossgarage Herblingen AG', 'Herblingerstrasse 44, 8207 Schaffhausen, Schaffhausen'),
('46772d88-1217-40f0-a2a9-97512540c682', 'Michael', 'Steffen', 'michael.steffen@schlossgarage-seengen.ch', '062 767 50 90', 'Schlossgarage Seengen AG', 'Boniswilerstrasse 33, 5707 Seengen, Aargau'),
('e2a23636-2628-4ac1-893e-de3f4e1c1f77', 'Christian', 'Maier', 'c.maier@schloss-garage.com', '052 222 62 22', 'Schloss-Garage Winterthur AG', 'Wülflingerstrasse 227, 8408 Winterthur, Zürich'),
('717e315e-4288-4932-a97d-f097aaa9cae5', 'Luca', 'Lo Faso', 'luca.lofaso@schlogari.ch', '031 808 81 02', 'Schlossgarten Riggisberg AG', 'Schlossweg 5, 3132 Riggisberg, Bern'),
('1671a99c-db22-40f4-be45-213f8b8a22a5', 'Hans', 'Kipfer', 'mail@schlossgut-muensingen.ch', '031 720 40 60', 'Schlossgut Münsingen', 'Schlossstrasse 8, 3110 Münsingen, Bern'),
('5fe09dbc-1f00-4cc1-a8e3-0706d7cc746a', 'Pajtim', 'Arifi', 'info@schlossgut-schadau.ch', '033 221 01 88', 'Schlossgut Schadau', 'Seestrasse 26, 3600 Thun, Bern'),
('8b0624e8-64aa-4580-bd4a-b0a486713390', 'Silvia', 'Huber', 'info@schlossgut-wildegg.ch', '062 893 12 04', 'Schlossgut Wildegg', 'Effingerweg 3, 5103 Wildegg, Aargau'),
('a45835d6-09b9-471a-8547-11f73b1bc66b', 'Dominic', 'Sprunger', 'info@drsprunger.ch', '061 931 20 87', 'Schlossgut Wildenstein', 'Schloss Wildenstein 37, 4416 Bubendorf, Basel-Land'),
('75178f96-3b12-4370-a525-b3e3dc7e086d', 'Hans', 'Glesti', 'info@schlosshalde-winterthur.ch', '052 233 78 78', 'Schlosshalden GmbH', 'Mörsburgstrasse 36, 8404 Winterthur, Zürich'),
('580afb97-c003-4f56-83dc-87f5aec0c24f', 'Jörg Moritz', 'Zenklusen', 'info@schlosshotel.ch', '079 289 85 41', 'Schlosshotel Brig', 'Spittelweg 3, 3900 Brig, Wallis/Valais'),
('2a04e130-3c73-446f-bce7-41c6700c0516', 'Rudolf M.', 'Pazeller', 'chaste@schlosshoteltarasp.ch', '081 861 30 60', 'Schlosshotel Chastè Tarasp', 'Sparsels, 7553 Tarasp, Graubünden'),
('74801b32-0546-41ae-901e-63c4a40ce032', 'Martina', 'Schnyder', 'schnyder@schlosshotel-leuk.ch', '027 473 12 13', 'Schlosshotel Leuk', 'Leukerstrasse 14, 3953 Leuk Stadt, Wallis/Valais'),
('cddeb736-fe69-45bd-96b7-1be204293f2b', 'Kaspar', 'Lenz', 'schloss@wartensee.ch', '071 858 73 73', 'Schloss-Hotel Wartensee', 'Wartensee 1, 9404 Rorschacherberg, St. Gallen'),
('d6a946ac-aec4-4ebb-881d-5d7bc79219d0', 'Ambros', 'Wirth', 'info@schloessli-sg.ch', '071 222 12 56', 'Schlössli am Spisertor', 'Zeughausgasse 17, 9000 St. Gallen, St. Gallen'),
('fc9c78eb-518d-4205-9d05-62fe6297768b', 'Philipp', 'Kämpfer', 'philipp.kaempfer@schloessli-biel.ch', '032 344 08 25', 'Schlössli Biel-Bienne', 'Mühlestrasse 11, 2504 Biel/Bienne, Bern');

INSERT INTO leads (id, contact_id, source, status, value, notes) VALUES
('bf9f0491-7c93-4453-872e-5c3e81e860c4', '3799fdcd-5fb0-4c58-bd5b-6d18620b0421', 'KALTAKQUISE', 'ACTIVE', 0, 'Funktion: Geschäftsführer/in (CEO) | Mitarbeiter: 1 bis 10 | Branche: Schreinerei- & Holzbaubetriebe'),
('b0886427-a799-4540-a4d5-d1a379e6ac93', '37143758-0d92-4bd7-9af0-e2a9d8c3f6b5', 'KALTAKQUISE', 'ACTIVE', 0, 'Funktion: Geschäftsführer/in (CEO) | Mitarbeiter: 1 bis 10 | Branche: Architekturbüros | Rechtsform: Kollektivgesellschaft'),
('ba0db168-e59b-42a5-8bf5-11ac1f75a804', 'c4c94717-5a5d-470e-b616-147376a30276', 'KALTAKQUISE', 'ACTIVE', 0, 'Funktion: Geschäftsführer/in (CEO) | Mitarbeiter: 1 bis 10 | Branche: Maler- & Gipsergeschäfte | Rechtsform: Gesellschaft mit beschränkter Haftung'),
('4553a6d0-aeff-4ec6-b018-c52739996b83', '4dada630-c628-494f-8c07-6e69773f50e2', 'KALTAKQUISE', 'ACTIVE', 0, 'Funktion: Geschäftsführer/in (CEO) | Mitarbeiter: 21 bis 50 | Branche: Life-Science-Industrie | Rechtsform: Aktiengesellschaft'),
('a757a778-503f-4a8c-a6bc-94651cc971f2', '17ccdfa4-5f8e-496f-ab5f-f438e0c843d3', 'KALTAKQUISE', 'ACTIVE', 0, 'Funktion: Geschäftsführer/in (CEO) | Mitarbeiter: 11 bis 20 | Branche: Detailhandel - Food & Getränke'),
('a86d7fcb-6bbc-476d-a1cc-db36c61a605f', '0da8f019-f787-4ac7-a193-3dbc9a16c0ba', 'KALTAKQUISE', 'ACTIVE', 0, 'Funktion: Geschäftsführer/in (CEO) | Mitarbeiter: 21 bis 50 | Branche: Baugeschäfte | Rechtsform: Aktiengesellschaft'),
('411841b9-9fbd-488c-b803-83e223ca7c1b', '870a24c3-2299-474a-a60b-eb33f4f59efc', 'KALTAKQUISE', 'ACTIVE', 0, 'Funktion: Geschäftsführer/in (CEO) | Mitarbeiter: 1 bis 10 | Branche: Sanitär & Haustechnik | Rechtsform: Aktiengesellschaft'),
('5a0b4280-c6d2-47fe-8c05-93ffd1a5a4ee', 'c6536f5d-0d00-4863-b577-6d4e7377f0a1', 'KALTAKQUISE', 'ACTIVE', 0, 'Funktion: Geschäftsführer/in (CEO) | Mitarbeiter: 1 bis 10 | Branche: Sanitär & Haustechnik | Rechtsform: Gesellschaft mit beschränkter Haftung'),
('0d8671f3-55f0-400e-be61-54912fcabf66', 'ecba5449-4566-45c0-81bb-afc24aa71c48', 'KALTAKQUISE', 'ACTIVE', 0, 'Funktion: Geschäftsführer/in (CEO) | Mitarbeiter: 1 bis 10 | Branche: Kunststoffindustrie | Rechtsform: Aktiengesellschaft'),
('88864077-90a4-4e02-b832-465a84e24ef3', 'f66b502e-5f15-44a8-b41e-d03a47ceb898', 'KALTAKQUISE', 'ACTIVE', 0, 'Funktion: Geschäftsführer/in (CEO) | Mitarbeiter: 1 bis 10 | Branche: Hofläden & Bauernhöfe | Rechtsform: Kollektivgesellschaft'),
('9f652e08-be41-40f9-8804-13ff8b6ee671', '75113227-aa7e-40a8-b66c-35961d7beb36', 'KALTAKQUISE', 'ACTIVE', 0, 'Funktion: Geschäftsführer/in (CEO) | Mitarbeiter: 1 bis 10 | Branche: Elektroindustrie | Rechtsform: Gesellschaft mit beschränkter Haftung'),
('7e391ec3-1260-4502-83e2-5adc21bf929f', '626b6942-8825-46bf-abf1-9f6e108f4dcc', 'KALTAKQUISE', 'ACTIVE', 0, 'Funktion: Geschäftsführer/in (CEO) | Mitarbeiter: 51 bis 100 | Branche: Elektroplanung & Installation / Energieindustrie / Nachhaltigkeitsbereich / Top 2''000 CH-Unternehmen / Solar & Photovoltaik | Rechtsform: Aktiengesellschaft'),
('d8971ce6-c60f-447f-9331-6ade14fe7cd5', '9fae3d34-0ad2-4811-8080-009c243cabc8', 'KALTAKQUISE', 'ACTIVE', 0, 'Funktion: Geschäftsführer/in (CEO) | Mitarbeiter: 1 bis 10 | Branche: Sanitär & Haustechnik'),
('f94b2950-aa19-49f2-85c8-b761683617a5', '1e0a29ca-219b-46f1-a621-ec32da8d39d1', 'KALTAKQUISE', 'ACTIVE', 0, 'Funktion: Geschäftsführer/in (CEO) | Mitarbeiter: 1 bis 10 | Branche: Maler- & Gipsergeschäfte | Rechtsform: Gesellschaft mit beschränkter Haftung'),
('0b8f9d5f-8c0b-4fb9-8707-17ffab549e4a', 'd6f5fd94-c86a-4249-8cd5-26de3e088e73', 'KALTAKQUISE', 'ACTIVE', 0, 'Funktion: Geschäftsführer/in (CEO) | Mitarbeiter: 1 bis 10 | Branche: Treuhandbüros / Immobilienverwaltung / Immobilienvermittlung | Rechtsform: Aktiengesellschaft'),
('ac8e31f0-6236-49b2-a868-c9511e6dc432', '3c38c489-7c74-4321-97a2-df8ebe1a9ddc', 'KALTAKQUISE', 'ACTIVE', 0, 'Funktion: Geschäftsführer/in (CEO) | Mitarbeiter: 11 bis 20 | Branche: Architekturbüros | Rechtsform: Aktiengesellschaft'),
('c484086d-8a88-424b-a082-b46f2c88876f', '9d88d4d8-fda5-4f74-a3c9-6c7b54b233c1', 'KALTAKQUISE', 'ACTIVE', 0, 'Funktion: Geschäftsführer/in (CEO) | Mitarbeiter: 1 bis 10 | Branche: Hofläden & Bauernhöfe / Lebensmittelverarbeitung'),
('19830cb1-b4d6-4b29-8ffd-7b35da28efd7', 'a05845f9-5443-402b-a121-13556f7e5e4c', 'KALTAKQUISE', 'ACTIVE', 0, 'Funktion: Inhaber/in (Owner/Founder) | Mitarbeiter: 1 bis 10 | Branche: Schreinerei- & Holzbaubetriebe'),
('8c736bbc-171a-4609-b233-7d865f3caa53', '72660354-f895-4978-84a0-1031f9fe2aa2', 'KALTAKQUISE', 'ACTIVE', 0, 'Funktion: Geschäftsführer/in (CEO) | Mitarbeiter: 1 bis 10 | Branche: Personalvermittler & -berater | Rechtsform: Gesellschaft mit beschränkter Haftung'),
('a5209229-dc08-4e0f-b547-8dcb43bf3a11', '3fe8c1ce-1f62-4755-9b4d-2be3fc9f67e1', 'KALTAKQUISE', 'ACTIVE', 0, 'Funktion: Geschäftsführer/in (CEO) | Mitarbeiter: 1 bis 10 | Branche: Clubs, Bars & Eventlocations'),
('735ec2b2-f62b-40eb-bdd6-74b3bfdf9d47', 'e177eea2-611c-4396-95a0-2f8d6c89b2bf', 'KALTAKQUISE', 'ACTIVE', 0, 'Funktion: Geschäftsführer/in (CEO) | Mitarbeiter: 1 bis 10 | Branche: Restaurants'),
('76d5d327-6b56-4095-a22c-c44f0deacecc', '3c9ade88-e28a-4bd5-a05f-c6c773900a23', 'KALTAKQUISE', 'ACTIVE', 0, 'Funktion: Geschäftsführer/in (CEO) | Mitarbeiter: 1 bis 10 | Branche: Gartenbau & -pflege'),
('10edeced-1f73-4c13-b690-644fbe365f93', 'bcef3bcd-5fb0-437d-90b3-08ebb648c1b7', 'KALTAKQUISE', 'ACTIVE', 0, 'Funktion: Geschäftsführer/in (CEO) | Mitarbeiter: 1 bis 10 | Branche: Nachhaltigkeitsbereich / Sanitär & Haustechnik / Solar & Photovoltaik | Rechtsform: Gesellschaft mit beschränkter Haftung'),
('a00702dc-3f0f-4ac3-b69d-0920c7dfdf2f', 'cc8ecec8-15c7-4de5-b313-f38ee1a2f05c', 'KALTAKQUISE', 'ACTIVE', 0, 'Funktion: Geschäftsführer/in (CEO) | Mitarbeiter: 1 bis 10 | Branche: Gartenbau & -pflege'),
('0926553c-0d0e-48c6-ab7a-9eca814997a4', '5dcfe111-aa39-4e76-ac2e-0b6f7184e5f8', 'KALTAKQUISE', 'ACTIVE', 0, 'Funktion: Geschäftsführer/in (CEO) | Mitarbeiter: 1 bis 10 | Branche: Facility Management & Reinigungsfirmen | Rechtsform: Aktiengesellschaft'),
('5ff2f3ba-7fc7-4314-8d73-c3bbd016f0eb', '3246f5be-977b-4303-a6c9-995de214c72a', 'KALTAKQUISE', 'ACTIVE', 0, 'Funktion: Geschäftsführer/in (CEO) | Mitarbeiter: 1 bis 10 | Branche: Schreinerei- & Holzbaubetriebe | Rechtsform: Aktiengesellschaft'),
('755cc808-d098-4543-adde-2853d8345300', '38aa46ca-1891-4491-9f1b-5a0fa833bf37', 'KALTAKQUISE', 'ACTIVE', 0, 'Funktion: Geschäftsführer/in (CEO) | Mitarbeiter: 21 bis 50 | Branche: Architekturbüros / Bauingenieurbüros / General- & Totalunternehmungen | Rechtsform: Aktiengesellschaft'),
('74e58eb5-09c2-46ad-9c50-66a1d1c14a78', 'fa7c66f6-a65e-46fc-8134-dacdec14640f', 'KALTAKQUISE', 'ACTIVE', 0, 'Funktion: Geschäftsführer/in (CEO) | Mitarbeiter: 11 bis 20 | Branche: Online Shops | Rechtsform: Aktiengesellschaft'),
('b16d3630-0202-46cd-b888-57270c030211', 'fdfa9690-42ac-4982-aa5e-8510a356d2ae', 'KALTAKQUISE', 'ACTIVE', 0, 'Funktion: Geschäftsführer/in (CEO) | Mitarbeiter: 1 bis 10 | Branche: Zeitungen & Zeitschriften'),
('18cdfd30-4194-472d-83cf-3d761126fce6', 'b1026c7f-98b5-4868-a3e4-ceca6f43d161', 'KALTAKQUISE', 'ACTIVE', 0, 'Funktion: Geschäftsführer/in (CEO) | Mitarbeiter: 1 bis 10 | Branche: Architekturbüros / Bauingenieurbüros / General- & Totalunternehmungen / Bauherrenvertretung | Rechtsform: Aktiengesellschaft'),
('76e7be43-a06a-48f2-9cc2-a70b54895e17', '3e4a446d-cb0f-4d36-8d28-0ff626afa00c', 'KALTAKQUISE', 'ACTIVE', 0, 'Funktion: Gesamtleitung/Direktion | Mitarbeiter: 1 bis 10 | Branche: Hotels'),
('2953ff04-b5cc-4adb-bf09-99b380f8c201', '157bd1d7-3ec6-4649-a8fa-3efac55a47d0', 'KALTAKQUISE', 'ACTIVE', 0, 'Funktion: Geschäftsführer/in (CEO) | Mitarbeiter: 11 bis 20 | Branche: Clubs, Bars & Eventlocations | Rechtsform: Aktiengesellschaft'),
('342992f8-8016-4564-9542-999b0b098ee9', '348612a0-92ee-4ed6-a439-4227ab014b02', 'KALTAKQUISE', 'ACTIVE', 0, 'Funktion: Geschäftsführer/in (CEO) | Mitarbeiter: 1 bis 10 | Branche: Getränkeindustrie | Rechtsform: Gesellschaft mit beschränkter Haftung'),
('5c03c3c3-62bf-414a-b29a-3f870bd17cab', '4b5f7d04-e974-4ea6-a0c6-2b22cce8240c', 'KALTAKQUISE', 'ACTIVE', 0, 'Funktion: Leitung Standort | Mitarbeiter: 21 bis 50 | Branche: Restaurants'),
('b538bb4f-0201-412a-aca2-0164516a011c', '84c33fe9-ed4c-4dfc-93b9-6f44e8663fcd', 'KALTAKQUISE', 'ACTIVE', 0, 'Funktion: Geschäftsführer/in (CEO) | Mitarbeiter: 1 bis 10 | Branche: Apotheken & Drogerien | Rechtsform: Aktiengesellschaft'),
('995a8fdc-09ab-432d-b1df-8ea320fd2e4d', 'd7bfc819-8aa4-40d3-b63f-76e30d567cd1', 'KALTAKQUISE', 'ACTIVE', 0, 'Funktion: Geschäftsführer/in (CEO) | Mitarbeiter: 1 bis 10 | Branche: Restaurants'),
('7576aec4-9647-4d53-acb8-f2f4733bfe8f', 'ff7301ee-acac-4359-b573-d858c7ffce20', 'KALTAKQUISE', 'ACTIVE', 0, 'Funktion: Geschäftsführer/in (CEO) | Mitarbeiter: 1 bis 10 | Branche: Architekturbüros | Rechtsform: Aktiengesellschaft'),
('081c37d8-4d6a-4f72-8c71-85480462345e', '95c5cbb2-f5ff-4fe5-8dc4-24ca8c86e1e4', 'KALTAKQUISE', 'ACTIVE', 0, 'Funktion: Geschäftsführer/in (CEO) | Mitarbeiter: 21 bis 50 | Branche: Elektroplanung & Installation | Rechtsform: Aktiengesellschaft'),
('ce51d1e7-91f5-4857-893d-597cd55c3da9', 'd414c7f5-c83a-4129-98e8-43ff520b88a6', 'KALTAKQUISE', 'ACTIVE', 0, 'Funktion: Geschäftsführer/in (CEO) | Mitarbeiter: 1 bis 10 | Branche: Gartenbau & -pflege'),
('044b02a0-0147-42e5-a858-9ada7895e381', '6c4d34ed-ff6f-495c-98ed-9e462cc574dd', 'KALTAKQUISE', 'ACTIVE', 0, 'Funktion: Geschäftsführer/in (CEO) | Mitarbeiter: 1 bis 10 | Branche: Nachhaltigkeitsbereich / Solar & Photovoltaik | Rechtsform: Aktiengesellschaft'),
('1d578ec8-220d-4c41-baf2-8f70d70e18c0', '4dc030cf-d0fc-49a1-8a4f-d59dc2e5d1e8', 'KALTAKQUISE', 'ACTIVE', 0, 'Funktion: Geschäftsführer/in (CEO) | Mitarbeiter: 1 bis 10 | Branche: Gartenbau & -pflege'),
('77d7f1b1-8a8b-4c9c-b5eb-2fc0da40824b', 'd7797259-8327-4202-b6b7-3cc20ad766e4', 'KALTAKQUISE', 'ACTIVE', 0, 'Funktion: Geschäftsführer/in (CEO) | Mitarbeiter: 1 bis 10 | Branche: Maler- & Gipsergeschäfte | Rechtsform: Aktiengesellschaft'),
('a936556c-8111-4ef5-8c34-4f4c216bc4de', '31e496cd-2052-40a0-97d2-86beebd9e2f5', 'KALTAKQUISE', 'ACTIVE', 0, 'Funktion: Geschäftsführer/in (CEO) | Mitarbeiter: 1 bis 10 | Branche: Boden- & Plattenleger'),
('15b22ab4-de3b-48d7-add7-3c9b4365228c', '586ef005-e2b3-4bdc-a5e6-5233d4ca8f29', 'KALTAKQUISE', 'ACTIVE', 0, 'Funktion: Geschäftsführer/in (CEO) | Mitarbeiter: 1 bis 10 | Branche: Boden- & Plattenleger'),
('dc7c99ca-35bd-419f-b8bf-3f8234128246', '5cdb031d-4ed5-4001-b37e-401eb156ba94', 'KALTAKQUISE', 'ACTIVE', 0, 'Funktion: Geschäftsführer/in (CEO) | Mitarbeiter: 1 bis 10 | Branche: Getränkeindustrie | Rechtsform: Genossenschaft'),
('96246da3-3ad3-4674-92d8-3fab9abb9476', 'a282c75d-aa97-4e53-b43c-423265e1be08', 'KALTAKQUISE', 'ACTIVE', 0, 'Funktion: Geschäftsführer/in (CEO) | Mitarbeiter: Mehr als 500 | Branche: Elektroindustrie / Medizintechnik-Industrie | Rechtsform: Aktiengesellschaft'),
('a861fc3d-3ce0-46b2-9a57-65f884fcc9b9', '482c1c65-5bdb-4926-95c8-165ee3043d27', 'KALTAKQUISE', 'ACTIVE', 0, 'Funktion: Geschäftsführer/in (CEO) | Mitarbeiter: 1 bis 10 | Branche: Personalvermittler & -berater | Rechtsform: Aktiengesellschaft'),
('9ba3a64d-5850-46cf-9226-9e047ce2ce12', '07d74bca-2687-4f6c-a394-42ffe68777bc', 'KALTAKQUISE', 'ACTIVE', 0, 'Funktion: Geschäftsführer/in (CEO) | Mitarbeiter: 1 bis 10 | Branche: Architekturbüros'),
('a47c7ba9-9590-43d1-8d29-fab317f067a3', '2bce4a3f-f779-4efc-9b59-8ac7652b3ba8', 'KALTAKQUISE', 'ACTIVE', 0, 'Funktion: Geschäftsführer/in (CEO) | Mitarbeiter: 101 bis 500 | Branche: Top 2''000 CH-Unternehmen | Rechtsform: Aktiengesellschaft'),
('d202a86a-8bc4-42b1-8d42-005dce09c956', 'fd6b62c4-367e-483a-81f1-88eaba183f90', 'KALTAKQUISE', 'ACTIVE', 0, 'Funktion: Geschäftsführer/in (CEO) | Mitarbeiter: 1 bis 10 | Branche: Maler- & Gipsergeschäfte | Rechtsform: Aktiengesellschaft'),
('b9de1eb2-4303-4f3d-8729-2f16c3e167d0', 'd8e6c6c8-5c25-42dd-9d6e-4896680b67fb', 'KALTAKQUISE', 'ACTIVE', 0, 'Funktion: Geschäftsführer/in (CEO) | Mitarbeiter: 11 bis 20 | Branche: Baugeschäfte | Rechtsform: Aktiengesellschaft'),
('6a15f35f-7009-4367-a9b2-61979f7ac991', '5c119f41-bf15-4c2f-ae49-be612daddb56', 'KALTAKQUISE', 'ACTIVE', 0, 'Funktion: Geschäftsführer/in (CEO) | Mitarbeiter: 11 bis 20 | Branche: Schreinerei- & Holzbaubetriebe | Rechtsform: Aktiengesellschaft'),
('cd13e40e-24e5-4118-b5cf-7023a890aa84', 'da4be4ba-16af-477f-beb9-f85935a02711', 'KALTAKQUISE', 'ACTIVE', 0, 'Funktion: Geschäftsführer/in (CEO) | Mitarbeiter: 1 bis 10 | Branche: Logistik- & Transportunternehmen | Rechtsform: Gesellschaft mit beschränkter Haftung'),
('0c03cf56-0e98-4ee3-bfbb-0bdfa3c0c6af', 'cf55467b-ef79-4cfe-b98d-7947fbd73378', 'KALTAKQUISE', 'ACTIVE', 0, 'Funktion: Geschäftsführer/in (CEO) | Mitarbeiter: 1 bis 10 | Branche: Immobilienprojektentwicklung | Rechtsform: Aktiengesellschaft'),
('3a263083-a3a5-4b39-8bb0-1b8555cc1c79', 'cdfa7072-6cf3-4e87-9510-d14a7001b8f5', 'KALTAKQUISE', 'ACTIVE', 0, 'Funktion: Geschäftsführer/in (CEO) | Mitarbeiter: 1 bis 10 | Branche: Textil- & Möbelindustrie | Rechtsform: Einzelunternehmen'),
('57bb487a-1ceb-4408-916c-7f99969148b3', '1b6c647f-51f1-45f9-b49a-ca18ec2f0e55', 'KALTAKQUISE', 'ACTIVE', 0, 'Funktion: Gesamtleitung/Direktion | Mitarbeiter: 1 bis 10 | Branche: Beherbergungsstätten'),
('153f3f77-5b69-4c1d-bafa-340f3c50a8f7', '51ef57ad-7386-4944-bf8d-2c21c898cc20', 'KALTAKQUISE', 'ACTIVE', 0, 'Funktion: Geschäftsführer/in (CEO) | Mitarbeiter: 1 bis 10 | Branche: Maler- & Gipsergeschäfte'),
('8f7b709c-483b-49fd-a8c4-b5d06f698776', 'bee8adf9-6574-4d71-81ee-42b5aad5ea3d', 'KALTAKQUISE', 'ACTIVE', 0, 'Funktion: Geschäftsführer/in (CEO) | Mitarbeiter: 1 bis 10 | Branche: Berg- & Seilbahnen | Rechtsform: Gesellschaft mit beschränkter Haftung'),
('b44b6299-232a-4ebf-8adb-df52bda1316d', '47179705-f9f9-4f7c-9ac3-07b53eaf3b87', 'KALTAKQUISE', 'ACTIVE', 0, 'Funktion: Geschäftsführer/in (CEO) | Mitarbeiter: 1 bis 10 | Branche: Nachhaltigkeitsbereich / Solar & Photovoltaik | Rechtsform: Gesellschaft mit beschränkter Haftung'),
('2bb169b1-05a9-4031-bfbd-3536bc9b3afb', '023ec785-a5cf-4fc6-8313-b90a1e287937', 'KALTAKQUISE', 'ACTIVE', 0, 'Funktion: Geschäftsführer/in (CEO) | Mitarbeiter: 21 bis 50 | Branche: Online Shops / Berg- & Seilbahnen | Rechtsform: Aktiengesellschaft'),
('12823e6e-9ecf-418d-98be-cc115f95ee61', '0f0f0cbe-96b5-47e3-9df8-4e719143f44e', 'KALTAKQUISE', 'ACTIVE', 0, 'Funktion: Geschäftsführer/in (CEO) | Mitarbeiter: 11 bis 20 | Branche: Maschinenbauindustrie | Rechtsform: Gesellschaft mit beschränkter Haftung'),
('8ad3df62-fe16-4474-803c-29a7e1275bdc', '0fae2467-6348-4421-b4b0-f3c2887cef6a', 'KALTAKQUISE', 'ACTIVE', 0, 'Funktion: Geschäftsführer/in (CEO) | Mitarbeiter: 1 bis 10 | Branche: Restaurants'),
('513d141c-e51d-4acf-80db-473189b40454', 'cf245d1a-a52b-41a4-89fd-bd5ec82aa11f', 'KALTAKQUISE', 'ACTIVE', 0, 'Funktion: Geschäftsführer/in (CEO) | Mitarbeiter: 21 bis 50 | Branche: Schreinerei- & Holzbaubetriebe | Rechtsform: Aktiengesellschaft'),
('feaca9ca-4af5-4437-834d-fc23b14b16a3', '75aa2459-5677-4682-b1a2-1d6e6aaa6d6e', 'KALTAKQUISE', 'ACTIVE', 0, 'Funktion: Geschäftsführer/in (CEO) | Mitarbeiter: 51 bis 100 | Branche: Maschinenbauindustrie | Rechtsform: Aktiengesellschaft'),
('36c2260a-3a9a-443f-8d2a-c590a1c95bd7', '212bb75b-09d1-4cb4-91ea-1ca2759b7b0c', 'KALTAKQUISE', 'ACTIVE', 0, 'Funktion: Geschäftsführer/in (CEO) | Mitarbeiter: Mehr als 500 | Branche: Top 2''000 CH-Unternehmen | Rechtsform: Aktiengesellschaft'),
('969d4694-aaa1-484b-9595-b86d7e1fb26f', '3dd0e29f-b72c-43c4-8602-d941a67734be', 'KALTAKQUISE', 'ACTIVE', 0, 'Funktion: Geschäftsführer/in (CEO) | Mitarbeiter: 1 bis 10 | Branche: Gartenbau & -pflege'),
('92c386cf-1fff-4166-8b69-fb3ae97386c1', '8ad64b1a-1be3-4390-9627-e38038a0f4fd', 'KALTAKQUISE', 'ACTIVE', 0, 'Funktion: Geschäftsführer/in (CEO) | Mitarbeiter: 1 bis 10 | Branche: Gartenbau & -pflege | Rechtsform: Gesellschaft mit beschränkter Haftung'),
('926a7843-17eb-4e55-9e34-583f495956d3', '1615c047-2b67-4435-84fc-9d25c8cd5f3c', 'KALTAKQUISE', 'ACTIVE', 0, 'Funktion: Geschäftsführer/in (CEO) | Mitarbeiter: 1 bis 10 | Branche: Maler- & Gipsergeschäfte'),
('46707b64-4795-45f1-b989-735a7adf6acf', '95a867e0-e2bd-4caa-b31a-bb341d504222', 'KALTAKQUISE', 'ACTIVE', 0, 'Funktion: Geschäftsführer/in (CEO) | Mitarbeiter: Mehr als 500 | Branche: Top 2''000 CH-Unternehmen | Rechtsform: Aktiengesellschaft'),
('8c1f5b12-80d5-4974-b7b7-5733e32f612c', '488a4924-6026-4437-9b94-10f1dda55ad3', 'KALTAKQUISE', 'ACTIVE', 0, 'Funktion: Geschäftsführer/in (CEO) | Mitarbeiter: 21 bis 50 | Branche: Pensionskassen | Rechtsform: Stiftung'),
('a9c01db0-72c7-4c9c-8b1a-d9a758b5cc55', '1f869154-8681-4107-b6e3-9b475d9ba695', 'KALTAKQUISE', 'ACTIVE', 0, 'Funktion: Inhaber/in (Owner/Founder) | Mitarbeiter: 1 bis 10 | Branche: Schreinerei- & Holzbaubetriebe'),
('00be2cca-0084-488b-9dd1-b75ba24e1edc', 'b55226a9-2487-4818-b306-d086f3da62bd', 'KALTAKQUISE', 'ACTIVE', 0, 'Funktion: Geschäftsführer/in (CEO) | Mitarbeiter: 1 bis 10 | Branche: Textil- & Möbelindustrie | Rechtsform: Gesellschaft mit beschränkter Haftung'),
('cd22f73f-b8f9-4e3f-9ae9-17271aff1454', '850bfe8c-e806-43ce-bc4b-426414fe4e80', 'KALTAKQUISE', 'ACTIVE', 0, 'Funktion: Geschäftsführer/in (CEO) | Mitarbeiter: 101 bis 500 | Branche: Pensionskassen | Rechtsform: Stiftung'),
('4a57055a-cca2-4daa-a991-f28598d34f85', '22b5dcda-5721-4982-ab81-cff7d417937c', 'KALTAKQUISE', 'ACTIVE', 0, 'Funktion: Geschäftsführer/in (CEO) | Mitarbeiter: 1 bis 10 | Branche: Hofläden & Bauernhöfe / Lebensmittelverarbeitung | Rechtsform: Aktiengesellschaft'),
('4f02cd20-19a1-455e-af66-2bf756bdc4ab', '5d1c5bfe-2995-4014-a5cf-8d4d3433dd7b', 'KALTAKQUISE', 'ACTIVE', 0, 'Funktion: Geschäftsführer/in (CEO) | Mitarbeiter: 1 bis 10 | Branche: Restaurants | Rechtsform: Aktiengesellschaft'),
('c0542a1b-aa78-4d19-bd38-f308dc26ce81', 'cc9099d4-04fb-4e52-97b0-89252840c5cb', 'KALTAKQUISE', 'ACTIVE', 0, 'Funktion: Geschäftsführer/in (CEO) | Mitarbeiter: 1 bis 10 | Branche: Schreinerei- & Holzbaubetriebe'),
('fac7f76b-8df3-4201-8991-77eedb934e05', '569436d5-ab74-4d2b-92a7-b11fc31d8b6e', 'KALTAKQUISE', 'ACTIVE', 0, 'Funktion: Geschäftsführer/in (CEO) | Mitarbeiter: 1 bis 10 | Branche: Druckereibetriebe'),
('885f4abb-d1da-4abf-8e56-492afe64f5d5', '07c6776a-7d27-45fe-9eb3-e3d50c7e086b', 'KALTAKQUISE', 'ACTIVE', 0, 'Funktion: Geschäftsführer/in (CEO) | Mitarbeiter: 21 bis 50 | Branche: Maschinenbauindustrie | Rechtsform: Aktiengesellschaft'),
('976eac35-d444-4ba9-a04a-5c6ea96675ea', '39d5551d-2064-4928-bac4-02b83a85d1a3', 'KALTAKQUISE', 'ACTIVE', 0, 'Funktion: Geschäftsführer/in (CEO) | Mitarbeiter: 1 bis 10 | Branche: Unternehmensberater | Rechtsform: Gesellschaft mit beschränkter Haftung'),
('d9eed9c2-ce73-4bf8-a9bb-b03cef3b79da', '506925c3-1045-4f37-b966-cdee296becb3', 'KALTAKQUISE', 'ACTIVE', 0, 'Funktion: Inhaber/in (Owner/Founder) | Mitarbeiter: 1 bis 10 | Branche: Schreinerei- & Holzbaubetriebe'),
('cdd7454e-488b-4bfd-9ac0-73de354090bf', '0a300543-15de-430e-9d5d-ff5838eae9a1', 'KALTAKQUISE', 'ACTIVE', 0, 'Funktion: Geschäftsführer/in (CEO) | Mitarbeiter: 1 bis 10 | Branche: Lebensmittelverarbeitung | Rechtsform: Genossenschaft'),
('6ebb315b-3d8d-48db-a0ae-6d1481b62a87', 'c35d4b6b-87bb-4ac0-ab65-24ad649446af', 'KALTAKQUISE', 'ACTIVE', 0, 'Funktion: Geschäftsführer/in (CEO) | Mitarbeiter: 1 bis 10 | Branche: Lebensmittelverarbeitung | Rechtsform: Aktiengesellschaft'),
('094928d2-5860-4e58-950f-d66e554facb0', '9ec091b6-9967-423c-a783-e8711dcc13f2', 'KALTAKQUISE', 'ACTIVE', 0, 'Funktion: Geschäftsführer/in (CEO) | Mitarbeiter: 21 bis 50 | Branche: Lebensmittelverarbeitung | Rechtsform: Genossenschaft'),
('80065da9-04ea-4e43-ba4a-a5be3ee17d5f', 'a6bdbbbc-25dd-4d9e-8ed3-591cf2bb2511', 'KALTAKQUISE', 'ACTIVE', 0, 'Funktion: Geschäftsführer/in (CEO) | Mitarbeiter: 1 bis 10 | Branche: Lebensmittelverarbeitung | Rechtsform: Aktiengesellschaft'),
('507f2137-a8cb-4c53-819e-27245b36f4e8', '287db1d5-9e9b-40b7-a60b-6128d3805c48', 'KALTAKQUISE', 'ACTIVE', 0, 'Funktion: Geschäftsführer/in (CEO) | Mitarbeiter: 1 bis 10 | Branche: Lebensmittelverarbeitung | Rechtsform: Aktiengesellschaft'),
('67a3fbb6-d5dd-4298-94fd-0b9ef0f587a8', 'c1f712d6-26df-4466-9009-d9e91d0c9ac3', 'KALTAKQUISE', 'ACTIVE', 0, 'Funktion: Geschäftsführer/in (CEO) | Mitarbeiter: 1 bis 10 | Branche: Lebensmittelverarbeitung | Rechtsform: Gesellschaft mit beschränkter Haftung'),
('b8fa6921-af77-4ffe-a3eb-4f86cef55132', '37c61f1a-cd08-413d-a690-12e8bdb71b31', 'KALTAKQUISE', 'ACTIVE', 0, 'Funktion: Geschäftsführer/in (CEO) | Mitarbeiter: 1 bis 10 | Branche: Maschinenbauindustrie | Rechtsform: Aktiengesellschaft'),
('bb70cc20-36a2-4f6f-955c-05444cb0bf6a', '0bb3279f-aa4b-47b0-acf6-4d6ab6e58bdb', 'KALTAKQUISE', 'ACTIVE', 0, 'Funktion: Geschäftsführer/in (CEO) | Mitarbeiter: 1 bis 10 | Branche: Architekturbüros | Rechtsform: Aktiengesellschaft'),
('effd7336-b5c2-442f-bcfa-1580119d39f3', 'e041ecf1-2db2-442a-80a9-25cb6b889e7e', 'KALTAKQUISE', 'ACTIVE', 0, 'Funktion: Gesamtleitung/Direktion | Mitarbeiter: 1 bis 10 | Branche: Beherbergungsstätten'),
('a03ccc83-926f-4a09-abdb-4b6e3c56b395', '2dec732c-1fb2-4f11-abe0-836347d9b1a1', 'KALTAKQUISE', 'ACTIVE', 0, 'Funktion: Gesamtleitung/Direktion | Mitarbeiter: 1 bis 10 | Branche: Beherbergungsstätten'),
('11d23025-6baa-4f49-848e-a04f54533fc6', 'd242878b-28af-4b69-ac78-d8a067cb19eb', 'KALTAKQUISE', 'ACTIVE', 0, 'Funktion: Gesamtleitung/Direktion | Mitarbeiter: 1 bis 10 | Branche: Hotels'),
('c4af617a-a5c4-4eef-ae94-a1e3321d0946', '7d987d66-c363-4e6b-836f-7976d4251d08', 'KALTAKQUISE', 'ACTIVE', 0, 'Funktion: Geschäftsführer/in (CEO) | Mitarbeiter: 1 bis 10 | Branche: Gartenbau & -pflege | Rechtsform: Einzelunternehmen'),
('c89b1ae5-8541-4306-ab5d-4297bfc0356a', 'f3e3e2ba-6ba8-4b24-bd92-25fd1cc94b0a', 'KALTAKQUISE', 'ACTIVE', 0, 'Funktion: Geschäftsführer/in (CEO) | Mitarbeiter: 11 bis 20 | Branche: Maschinenbauindustrie | Rechtsform: Aktiengesellschaft'),
('651dae2c-3803-4553-ba2b-48e86f726845', '7baf55d6-2596-49aa-8189-77f628930716', 'KALTAKQUISE', 'ACTIVE', 0, 'Funktion: Geschäftsführer/in (CEO) | Mitarbeiter: 1 bis 10 | Branche: Bauingenieurbüros | Rechtsform: Gesellschaft mit beschränkter Haftung'),
('ef42ebf3-ba42-463f-bb6a-d99f42923418', '3e8f4350-5160-49ce-82cb-a86ebd6e0b73', 'KALTAKQUISE', 'ACTIVE', 0, 'Funktion: Geschäftsführer/in (CEO) | Mitarbeiter: 1 bis 10 | Branche: Freizeitanlagen / Tierarztpraxen | Rechtsform: Gesellschaft mit beschränkter Haftung'),
('055bc638-2b0e-4f13-819e-e1255480a452', '3fc76367-751b-4e91-9493-3f48f51d7fe6', 'KALTAKQUISE', 'ACTIVE', 0, 'Funktion: Geschäftsführer/in (CEO) | Mitarbeiter: 11 bis 20 | Branche: Online Shops | Rechtsform: Gesellschaft mit beschränkter Haftung'),
('72b8660f-6ad1-455c-8d14-94bee6c0379c', 'ef2a08ab-1533-4963-922c-b1700bd81f36', 'KALTAKQUISE', 'ACTIVE', 0, 'Funktion: Geschäftsführer/in (CEO) | Mitarbeiter: 21 bis 50 | Branche: Logistik- & Transportunternehmen | Rechtsform: Aktiengesellschaft'),
('cd2dee28-68b7-4f3a-bc21-7c2a2056d8af', 'a74617f8-13a2-4a8d-a807-7098b0d5cdcb', 'KALTAKQUISE', 'ACTIVE', 0, 'Funktion: Geschäftsführer/in (CEO) | Mitarbeiter: 11 bis 20 | Branche: Bauingenieurbüros | Rechtsform: Aktiengesellschaft'),
('b9695c0b-74ad-48cb-a547-d25608c1d7d1', 'a46f3933-7289-42f4-a69c-ef32042f2517', 'KALTAKQUISE', 'ACTIVE', 0, 'Funktion: Geschäftsführer/in (CEO) | Mitarbeiter: 21 bis 50 | Branche: Nachhaltigkeitsbereich / Metallbauer | Rechtsform: Aktiengesellschaft'),
('1b565cf0-a738-4866-92cd-da015634a067', '49f5921b-40fa-49ff-b180-05222339d641', 'KALTAKQUISE', 'ACTIVE', 0, 'Funktion: Geschäftsführer/in (CEO) | Mitarbeiter: 1 bis 10 | Branche: Architekturbüros | Rechtsform: Gesellschaft mit beschränkter Haftung'),
('6f7e0947-62ee-4ab4-b272-19dcafe1f131', '294fc8e1-cdc9-47ec-bf84-f2dd34c0ecb8', 'KALTAKQUISE', 'ACTIVE', 0, 'Funktion: Geschäftsführer/in (CEO) | Mitarbeiter: 1 bis 10 | Branche: Sanitär & Haustechnik | Rechtsform: Einzelunternehmen'),
('b6db4fa2-da3d-4169-8681-a81beb6a7076', 'f36414cf-7e68-48d7-a2dc-c352eec46342', 'KALTAKQUISE', 'ACTIVE', 0, 'Funktion: Geschäftsführer/in (CEO) | Mitarbeiter: 1 bis 10 | Branche: Treuhandbüros | Rechtsform: Aktiengesellschaft'),
('250a1dac-8a31-47aa-a0cd-d49378ebe332', '0dd4020c-f899-40b5-970b-d70e6c46955a', 'KALTAKQUISE', 'ACTIVE', 0, 'Funktion: Geschäftsführer/in (CEO) | Mitarbeiter: 1 bis 10 | Branche: Schreinerei- & Holzbaubetriebe'),
('9424282d-b937-47ee-be57-7600545b158d', 'ff65b492-8754-489e-96b6-3b2e16b49874', 'KALTAKQUISE', 'ACTIVE', 0, 'Funktion: Geschäftsführer/in (CEO) | Mitarbeiter: 1 bis 10 | Branche: Online Shops | Rechtsform: Gesellschaft mit beschränkter Haftung'),
('b0e70778-a51a-4c33-a282-928820ae7ae2', '29136932-7e27-4cc3-93c4-4947a5f3f12d', 'KALTAKQUISE', 'ACTIVE', 0, 'Funktion: Geschäftsführer/in (CEO) | Mitarbeiter: 21 bis 50 | Branche: Baugeschäfte | Rechtsform: Aktiengesellschaft'),
('48a290c9-3aff-46f5-84ca-a45906c33f45', 'f69c5d84-07d2-4c12-9f4b-df39bb9d524a', 'KALTAKQUISE', 'ACTIVE', 0, 'Funktion: Geschäftsführer/in (CEO) | Mitarbeiter: 1 bis 10 | Branche: Metallbauer | Rechtsform: Einzelunternehmen'),
('0ab2d51d-1e12-4e1b-b849-cb9916c762c8', '942a620d-092a-4c7b-a438-6ad7d1c17645', 'KALTAKQUISE', 'ACTIVE', 0, 'Funktion: Geschäftsführer/in (CEO) | Mitarbeiter: 11 bis 20 | Branche: Schreinerei- & Holzbaubetriebe | Rechtsform: Aktiengesellschaft'),
('c3c62e1e-5d0d-4ee4-9f3c-ae510891533e', '569d7d87-bfe6-4043-a68d-9f49394ebda0', 'KALTAKQUISE', 'ACTIVE', 0, 'Funktion: Geschäftsführer/in (CEO) | Mitarbeiter: 1 bis 10 | Branche: Immobilienverwaltung / Immobilienvermittlung | Rechtsform: Aktiengesellschaft'),
('846a47bd-7268-42f1-8793-1a75910fd82c', '3a188836-e507-4e90-a297-3eee8666c1fc', 'KALTAKQUISE', 'ACTIVE', 0, 'Funktion: Geschäftsführer/in (CEO) | Mitarbeiter: 1 bis 10 | Branche: Schreinerei- & Holzbaubetriebe | Rechtsform: Gesellschaft mit beschränkter Haftung'),
('bb8a9292-9f37-4cb3-bb9b-18dbdeb6eb27', '24a2a7d9-f33d-495f-a6fe-3588f71aded2', 'KALTAKQUISE', 'ACTIVE', 0, 'Funktion: Geschäftsführer/in (CEO) | Mitarbeiter: 1 bis 10 | Branche: Kunststoffindustrie | Rechtsform: Aktiengesellschaft'),
('0530c7e4-2b22-40c9-8326-e9050bd2166d', '4ab5c90a-2652-459f-ae21-30dff88b6b6f', 'KALTAKQUISE', 'ACTIVE', 0, 'Funktion: Geschäftsführer/in (CEO) | Mitarbeiter: 1 bis 10 | Branche: Hofläden & Bauernhöfe | Rechtsform: Gesellschaft mit beschränkter Haftung'),
('7a0ff3c8-2822-4e6a-af5a-054766f1d315', '93ab0147-bb8c-4ae2-8ca8-7412542106e1', 'KALTAKQUISE', 'ACTIVE', 0, 'Funktion: Geschäftsführer/in (CEO) | Mitarbeiter: 1 bis 10 | Branche: Nachhaltigkeitsbereich | Rechtsform: Gesellschaft mit beschränkter Haftung'),
('a68fe0e8-8028-4d58-9edf-83bd18a70ccf', '738eeb8b-0883-4c54-a49d-dbaf0a543bca', 'KALTAKQUISE', 'ACTIVE', 0, 'Funktion: Geschäftsführer/in (CEO) | Mitarbeiter: 21 bis 50 | Branche: Architekturbüros / Baugeschäfte / General- & Totalunternehmungen | Rechtsform: Aktiengesellschaft'),
('9943e628-2fef-4eaa-8829-97fc453a7d36', '22a13680-77bb-472c-a53d-317674e6af6f', 'KALTAKQUISE', 'ACTIVE', 0, 'Funktion: Geschäftsführer/in (CEO) | Mitarbeiter: 1 bis 10 | Branche: Treuhandbüros | Rechtsform: Gesellschaft mit beschränkter Haftung'),
('ee5ad8a3-5d3d-49a6-a399-5680bde03187', '5c8aa2db-6205-4821-a65f-8870776ff5ff', 'KALTAKQUISE', 'ACTIVE', 0, 'Funktion: Geschäftsführer/in (CEO) | Mitarbeiter: 11 bis 20 | Branche: Textil- & Möbelindustrie | Rechtsform: Aktiengesellschaft'),
('8f48b6a0-242e-4136-884f-c056d06f77fd', '50871144-e766-4b6f-b363-50ca81f7520a', 'KALTAKQUISE', 'ACTIVE', 0, 'Funktion: Geschäftsführer/in (CEO) | Mitarbeiter: 1 bis 10 | Branche: Architekturbüros | Rechtsform: Aktiengesellschaft'),
('a1f63d92-82e5-4a8e-83cb-7c0fc7029767', '27dbd9e2-e116-479a-87d3-719d63c58e9b', 'KALTAKQUISE', 'ACTIVE', 0, 'Funktion: Geschäftsführer/in (CEO) | Mitarbeiter: 101 bis 500 | Branche: Top 2''000 CH-Unternehmen / Metallbauer | Rechtsform: Aktiengesellschaft'),
('9823928f-0f4d-4658-8060-dcd1cfbe1a9d', 'c5980526-77d8-42fb-89b1-48a2d22e987d', 'KALTAKQUISE', 'ACTIVE', 0, 'Funktion: Geschäftsführer/in (CEO) | Mitarbeiter: 1 bis 10 | Branche: Architekturbüros'),
('a26e833c-0a51-4557-afa4-654579ab2b26', '7612de8f-e3de-44ee-b66a-3b78af12a13a', 'KALTAKQUISE', 'ACTIVE', 0, 'Funktion: Geschäftsführer/in (CEO) | Mitarbeiter: 11 bis 20 | Branche: Boden- & Plattenleger'),
('aad21cb9-0d5d-429e-90af-6c3dc7c5dfea', '0da8a274-86ab-44cd-8413-e0859bfc47da', 'KALTAKQUISE', 'ACTIVE', 0, 'Funktion: Geschäftsführer/in (CEO) | Mitarbeiter: 1 bis 10 | Branche: Gartenbau & -pflege | Rechtsform: Gesellschaft mit beschränkter Haftung'),
('9e6b1fd3-a2c9-4f1f-86f8-c00da7b48ca7', 'c474a661-4973-4c02-8af2-b51868e27835', 'KALTAKQUISE', 'ACTIVE', 0, 'Funktion: Geschäftsführer/in (CEO) | Mitarbeiter: 11 bis 20 | Branche: Schreinerei- & Holzbaubetriebe'),
('931cfce0-21f9-40bf-bc8b-de7ee5d55ee4', '8f7b065c-7928-47b9-b6b6-b91ee21f4e84', 'KALTAKQUISE', 'ACTIVE', 0, 'Funktion: Geschäftsführer/in (CEO) | Mitarbeiter: 1 bis 10 | Branche: Treuhandbüros | Rechtsform: Aktiengesellschaft'),
('a6d2f781-823f-459e-b352-2e8d728842c0', '599eb92c-7dc2-4dc2-97a8-e1cb3840480a', 'KALTAKQUISE', 'ACTIVE', 0, 'Funktion: Geschäftsführer/in (CEO) | Mitarbeiter: 11 bis 20 | Branche: Sanitär & Haustechnik'),
('8153c0a0-856d-4f56-87d0-39180e44c74c', '8e9212c2-b03e-467c-b133-dd317dc3c616', 'KALTAKQUISE', 'ACTIVE', 0, 'Funktion: Geschäftsführer/in (CEO) | Mitarbeiter: 1 bis 10 | Branche: Sanitär & Haustechnik'),
('2ee2dac8-6394-4eb8-b7fb-7b629cae41d9', '2a902fb4-d249-4e93-baa8-5545865c4490', 'KALTAKQUISE', 'ACTIVE', 0, 'Funktion: Geschäftsführer/in (CEO) | Mitarbeiter: 1 bis 10 | Branche: Spielwaren- & Babyfachhandel'),
('6bae07bf-698c-4518-a0e7-89c355325c40', 'f977bc23-e685-4e99-b16a-4b024ea5dd0a', 'KALTAKQUISE', 'ACTIVE', 0, 'Funktion: Geschäftsführer/in (CEO) | Mitarbeiter: 1 bis 10 | Branche: Restaurants'),
('eb821cfa-6049-4c82-be46-e84f1e02f7bb', 'c81eeab8-2f77-4985-9291-96ff2915993a', 'KALTAKQUISE', 'ACTIVE', 0, 'Funktion: Geschäftsführer/in (CEO) | Mitarbeiter: 1 bis 10 | Branche: Lebensmittelverarbeitung'),
('63f323a0-32df-449b-9697-0abdec06108e', '5af6e06c-22fe-449c-bf51-a0518531e3ae', 'KALTAKQUISE', 'ACTIVE', 0, 'Funktion: Geschäftsführer/in (CEO) | Mitarbeiter: 11 bis 20 | Branche: Online Shops | Rechtsform: Aktiengesellschaft'),
('f5831055-e838-4392-afac-3c21f64f7b85', '5814b68c-4c1e-440b-85c7-29d3b2508591', 'KALTAKQUISE', 'ACTIVE', 0, 'Funktion: Geschäftsführer/in (CEO) | Mitarbeiter: 1 bis 10 | Branche: Architekturbüros | Rechtsform: Aktiengesellschaft'),
('4e2fcb51-aacb-495c-9b7e-945d34b25db5', '495b4871-2ea0-4976-a5b0-dbde20cb3579', 'KALTAKQUISE', 'ACTIVE', 0, 'Funktion: Geschäftsführer/in (CEO) | Mitarbeiter: 1 bis 10 | Branche: Maler- & Gipsergeschäfte'),
('77e7c426-e0f5-41b2-bd00-691b77828077', '47bf0a47-7060-471f-8e2d-fcc9fc13ade1', 'KALTAKQUISE', 'ACTIVE', 0, 'Funktion: Geschäftsführer/in (CEO) | Mitarbeiter: Mehr als 500 | Branche: Maschinenbauindustrie / Top 2''000 CH-Unternehmen | Rechtsform: Aktiengesellschaft'),
('000fe991-7805-4ab8-b157-60af4b709b6e', '330a9a1e-2fcc-4254-a24b-c107820ec0e7', 'KALTAKQUISE', 'ACTIVE', 0, 'Funktion: Geschäftsführer/in (CEO) | Mitarbeiter: 1 bis 10 | Branche: Lebensmittelverarbeitung | Rechtsform: Gesellschaft mit beschränkter Haftung'),
('2f309eb4-7e51-4b6e-93d6-2f99308b65b7', 'aa7f5394-9489-4f32-b60b-1fe3891c72b0', 'KALTAKQUISE', 'ACTIVE', 0, 'Funktion: Geschäftsführer/in (CEO) | Mitarbeiter: 1 bis 10 | Branche: Nachhaltigkeitsbereich / Sanitär & Haustechnik / Solar & Photovoltaik | Rechtsform: Aktiengesellschaft'),
('94cfcef4-afcc-4a21-bcfe-714424679d6d', '84aa7d95-c00d-4f0a-9951-56c557b7936c', 'KALTAKQUISE', 'ACTIVE', 0, 'Funktion: Geschäftsführer/in (CEO) | Mitarbeiter: 1 bis 10 | Branche: Baugeschäfte'),
('748c2b1a-35f5-4951-9cee-262fafffcf8c', '9f8298b4-f870-4877-9ab4-e2852d885ad0', 'KALTAKQUISE', 'ACTIVE', 0, 'Funktion: Geschäftsführer/in (CEO) | Mitarbeiter: 1 bis 10 | Branche: Architekturbüros | Rechtsform: Gesellschaft mit beschränkter Haftung'),
('bc1edb5c-8b63-4d88-9ad8-d20446639d8a', '8a8da631-8642-4279-8f8d-d7254927b1f8', 'KALTAKQUISE', 'ACTIVE', 0, 'Funktion: Geschäftsführer/in (CEO) | Mitarbeiter: 1 bis 10 | Branche: Restaurants'),
('d1a05e63-ab20-493b-a35a-712200577b31', '9e3023fb-b8da-4095-9e72-70ecbf1b1997', 'KALTAKQUISE', 'ACTIVE', 0, 'Funktion: Geschäftsführer/in (CEO) | Mitarbeiter: 1 bis 10 | Branche: Boden- & Plattenleger'),
('46ceca8e-24d7-428c-9e94-3ce9c2060fae', 'b64483cf-cba1-40e8-aa87-0c3115cd4873', 'KALTAKQUISE', 'ACTIVE', 0, 'Funktion: Geschäftsführer/in (CEO) | Mitarbeiter: 1 bis 10 | Branche: Kunststoffindustrie | Rechtsform: Aktiengesellschaft'),
('56c5b184-1496-47ae-9d42-a2584338169d', 'c92193b6-201d-4e19-87a6-4b5202844e77', 'KALTAKQUISE', 'ACTIVE', 0, 'Funktion: Geschäftsführer/in (CEO) | Mitarbeiter: 1 bis 10 | Branche: Hofläden & Bauernhöfe'),
('5e9d837b-ec72-482e-bb03-04c2fbd33e5c', '36f33c77-8078-442a-a612-7075f2dd5ff6', 'KALTAKQUISE', 'ACTIVE', 0, 'Funktion: Geschäftsführer/in (CEO) | Mitarbeiter: 1 bis 10 | Branche: Arztpraxen'),
('54ec1a27-9a1f-4f8a-8bfa-885adb4586a0', 'dc65b731-0cec-4e06-be4c-c96c6fdc6c5c', 'KALTAKQUISE', 'ACTIVE', 0, 'Funktion: Geschäftsführer/in (CEO) | Mitarbeiter: 1 bis 10 | Branche: Apotheken & Drogerien | Rechtsform: Aktiengesellschaft'),
('999acaf1-8d44-46b1-8541-db829ff4ee32', '1ac46036-3d74-496b-adfd-2634e0f42783', 'KALTAKQUISE', 'ACTIVE', 0, 'Funktion: Geschäftsführer/in (CEO) | Mitarbeiter: 1 bis 10 | Branche: Museum & Theater / Restaurants'),
('ac515618-6181-43a6-b56f-70199e56c14b', '6f4928ee-e4ec-4190-9877-0ca5dfe058b8', 'KALTAKQUISE', 'ACTIVE', 0, 'Funktion: Geschäftsführer/in (CEO) | Mitarbeiter: 1 bis 10 | Branche: Hotels / Restaurants | Rechtsform: Aktiengesellschaft'),
('89609d44-9d5d-4c3f-9e4d-55bc32158710', '9a413030-d621-4ff7-8e08-42d43ec04d55', 'KALTAKQUISE', 'ACTIVE', 0, 'Funktion: Leitung Kunstvermittlung | Mitarbeiter: 21 bis 50 | Branche: Museum & Theater'),
('a1b5bb76-fc0c-447e-9dd7-b9215abb4a72', 'e3934b2a-ed11-4a1c-a706-3b123a4420af', 'KALTAKQUISE', 'ACTIVE', 0, 'Funktion: Geschäftsführer/in (CEO) | Mitarbeiter: 21 bis 50 | Branche: Museum & Theater'),
('2e5c4b9d-9eea-4fdc-99dc-cede058368d8', '0586044e-691f-44f0-a669-90f34538bcc8', 'KALTAKQUISE', 'ACTIVE', 0, 'Funktion: Geschäftsführer/in (CEO) | Mitarbeiter: 1 bis 10 | Branche: Spielwaren- & Babyfachhandel | Rechtsform: Gesellschaft mit beschränkter Haftung'),
('73f5c16a-50ef-4ef9-9f9f-a84bb9fcc545', '95f342f6-3c82-4d8e-b3b3-a6465e9a784c', 'KALTAKQUISE', 'ACTIVE', 0, 'Funktion: Geschäftsführer/in (CEO) | Mitarbeiter: 11 bis 20 | Branche: Museum & Theater'),
('d3dc9818-d755-4f26-a413-2e1db480ea2d', '386b031f-3cd3-4853-a90e-37c6c9a4e0f7', 'KALTAKQUISE', 'ACTIVE', 0, 'Funktion: Geschäftsführer/in (CEO) | Mitarbeiter: 11 bis 20 | Branche: Heime beeintr. Personen | Rechtsform: Verein'),
('5e06b0e2-9f0c-49a9-b28e-091fd76ec2f7', 'f164c633-714d-4715-b2bc-5d0a446b8f35', 'KALTAKQUISE', 'ACTIVE', 0, 'Funktion: Gesamtleitung/Direktion | Mitarbeiter: 1 bis 10 | Branche: Hotels'),
('815326d5-4b88-4beb-8408-72faea6e9296', 'd32912fa-45e9-4ec5-831c-2b2cf7caac99', 'KALTAKQUISE', 'ACTIVE', 0, 'Funktion: Geschäftsführer/in (CEO) | Mitarbeiter: 1 bis 10 | Branche: Museum & Theater | Rechtsform: Stiftung'),
('f4e72e06-8115-4e90-838e-cdeeaa6c4c9e', '202c5404-3b34-4180-9226-2aa4d2a11dbe', 'KALTAKQUISE', 'ACTIVE', 0, 'Funktion: Gesamtleitung/Direktion | Mitarbeiter: 11 bis 20 | Branche: Hotels | Rechtsform: Aktiengesellschaft'),
('b3673ec8-b26a-4941-8e3f-60f1d06ec657', '08935857-9af0-485a-9c72-2398e8170764', 'KALTAKQUISE', 'ACTIVE', 0, 'Funktion: Geschäftsführer/in (CEO) | Mitarbeiter: 11 bis 20 | Branche: Museum & Theater | Rechtsform: Stiftung'),
('4718cde9-45c2-4c72-b874-5f417e878ed7', '0de3741f-52da-4136-8220-b29c121b7776', 'KALTAKQUISE', 'ACTIVE', 0, 'Funktion: Leitung Marketing (CMO) | Mitarbeiter: 11 bis 20 | Branche: Restaurants'),
('7e7f37ee-be9f-41fc-a41a-ab366d21952f', '8f5102a5-0ddb-4ce9-9b86-5361d0715250', 'KALTAKQUISE', 'ACTIVE', 0, 'Funktion: Gesamtleitung/Direktion | Mitarbeiter: 1 bis 10 | Branche: Hotels'),
('7d0d201e-55e2-47f0-9fe1-679534e74f4d', 'f9cdf329-de84-4d28-a1fa-b1efca3149a0', 'KALTAKQUISE', 'ACTIVE', 0, 'Funktion: Gesamtleitung/Direktion | Mitarbeiter: 1 bis 10 | Branche: Hotels'),
('aa4c9288-fc17-4739-9b6c-339e3b94af0b', '073ea726-7fdf-43c2-8966-a6a178e3e88e', 'KALTAKQUISE', 'ACTIVE', 0, 'Funktion: Geschäftsführer/in (CEO) | Mitarbeiter: 21 bis 50 | Branche: Museum & Theater | Rechtsform: Stiftung'),
('9625fb71-aeb7-4194-82bb-2e9225d67624', '5bedbbc6-b233-4009-8cf2-39560d1e8674', 'KALTAKQUISE', 'ACTIVE', 0, 'Funktion: Geschäftsführer/in (CEO) | Mitarbeiter: 11 bis 20 | Branche: Clubs, Bars & Eventlocations'),
('1d3afbd8-5748-43d9-8a52-7971a1ef3c0c', 'af31e3a2-4690-4d54-a2d3-f20e81fdc368', 'KALTAKQUISE', 'ACTIVE', 0, 'Funktion: Gesamtleitung/Direktion | Mitarbeiter: 1 bis 10 | Branche: Hotels'),
('782c8c13-a3dc-4bf5-8810-729b74b84053', '9ee0cc4a-1ff7-48fe-a589-a869fad0624c', 'KALTAKQUISE', 'ACTIVE', 0, 'Funktion: Geschäftsführer/in (CEO) | Mitarbeiter: 1 bis 10 | Branche: Museum & Theater'),
('b0d09f24-7433-4f7e-aae3-cfd1e49714b6', '2f8c22b5-fa9d-4f2a-ae9c-2de7d4461b69', 'KALTAKQUISE', 'ACTIVE', 0, 'Funktion: Geschäftsführer/in (CEO) | Mitarbeiter: 1 bis 10 | Branche: Hofläden & Bauernhöfe'),
('dc264285-a6c7-46da-bed3-d3906ee2ec3f', '404c62a1-1b20-4c00-b76b-52e4ce100361', 'KALTAKQUISE', 'ACTIVE', 0, 'Funktion: Geschäftsführer/in (CEO) | Mitarbeiter: 1 bis 10 | Branche: Apotheken & Drogerien'),
('8e001a2d-0238-4694-a2de-0757e64b251a', '66dbdf8f-48f2-4ffd-a720-830f4b9ab6a4', 'KALTAKQUISE', 'ACTIVE', 0, 'Funktion: Geschäftsführer/in (CEO) | Mitarbeiter: 1 bis 10 | Branche: Apotheken & Drogerien / Testcenter'),
('08a94758-aa07-4abb-b07c-d08c55e6ef2f', 'e0161b6a-0b66-4401-9fa7-5242788353ac', 'KALTAKQUISE', 'ACTIVE', 0, 'Funktion: Geschäftsführer/in (CEO) | Mitarbeiter: 21 bis 50 | Branche: Textil- & Möbelindustrie | Rechtsform: Aktiengesellschaft'),
('c6b6ba69-f53c-445a-aa01-9cdc223c06b9', '1bbb7322-1314-4704-ae2b-2d449b345bf5', 'KALTAKQUISE', 'ACTIVE', 0, 'Funktion: Geschäftsführer/in (CEO) | Mitarbeiter: 1 bis 10 | Branche: Lebensmittelverarbeitung | Rechtsform: Gesellschaft mit beschränkter Haftung'),
('f161694c-5560-418c-8aef-7274b55bb1dd', 'b069c5bf-7164-4d45-9096-bfd1ec22a086', 'KALTAKQUISE', 'ACTIVE', 0, 'Funktion: Geschäftsführer/in (CEO) | Mitarbeiter: 1 bis 10 | Branche: Arztpraxen | Rechtsform: Aktiengesellschaft'),
('c757ef11-65bf-4139-911e-a9c371fa7e11', 'ea948e6b-3136-4622-829b-c3a53ecc3657', 'KALTAKQUISE', 'ACTIVE', 0, 'Funktion: Geschäftsführer/in (CEO) | Mitarbeiter: 21 bis 50 | Branche: Textil- & Möbelindustrie / Online Shops | Rechtsform: Aktiengesellschaft'),
('19d12f5d-fd8f-4e4b-951e-8915ce66a315', '6be7ddb6-2478-4e42-bb17-12708b36fc19', 'KALTAKQUISE', 'ACTIVE', 0, 'Funktion: Geschäftsführer/in (CEO) | Mitarbeiter: 1 bis 10 | Branche: Zahnarztpraxen'),
('399fac33-2cc0-40be-8093-fa05160ca22d', 'fc66581f-4798-4eb9-9d98-ab45ab29053c', 'KALTAKQUISE', 'ACTIVE', 0, 'Funktion: Geschäftsführer/in (CEO) | Mitarbeiter: 1 bis 10 | Branche: Lebensmittelverarbeitung | Rechtsform: Einzelunternehmen'),
('6e141eb7-24a8-4ada-882c-af96cea6a7ca', '6a52508f-1cbd-44ff-8767-6040de1b36e4', 'KALTAKQUISE', 'ACTIVE', 0, 'Funktion: Geschäftsführer/in (CEO) | Mitarbeiter: 1 bis 10 | Branche: Museum & Theater'),
('b13c4e3e-3b9a-497d-b726-5b2ee89a1b37', '116bb74f-3a83-481d-8389-43235883d059', 'KALTAKQUISE', 'ACTIVE', 0, 'Funktion: Geschäftsführer/in (CEO) | Mitarbeiter: 21 bis 50 | Branche: Metallbauer | Rechtsform: Aktiengesellschaft'),
('51868ce7-5ccb-4c70-afa0-44af3028accb', 'ede406cd-25f0-4e11-bb17-831f42413d64', 'KALTAKQUISE', 'ACTIVE', 0, 'Funktion: Geschäftsführer/in (CEO) | Mitarbeiter: 1 bis 10 | Branche: Metallbauer | Rechtsform: Einzelunternehmen'),
('bd6f5d6e-5b83-44a7-9096-e231be8c75e9', '7678313a-6084-4d75-9af7-3f6ecdb3aaeb', 'KALTAKQUISE', 'ACTIVE', 0, 'Funktion: Geschäftsführer/in (CEO) | Mitarbeiter: 1 bis 10 | Branche: Metallbauer | Rechtsform: Gesellschaft mit beschränkter Haftung'),
('f6f2df72-89de-4f98-8686-46bab0ce162c', 'c7e3e60c-76e9-4470-8e1a-855d53bf734a', 'KALTAKQUISE', 'ACTIVE', 0, 'Funktion: Geschäftsführer/in (CEO) | Mitarbeiter: 11 bis 20 | Branche: Metallbauer | Rechtsform: Einzelunternehmen'),
('b308f92b-4087-48b1-a7e6-a08a63567f69', '33308fdb-e2d1-48e5-a898-59de936454d4', 'KALTAKQUISE', 'ACTIVE', 0, 'Funktion: Geschäftsführer/in (CEO) | Mitarbeiter: 1 bis 10 | Branche: Metallbauer | Rechtsform: Gesellschaft mit beschränkter Haftung'),
('9940a8c4-0ad4-440e-a12a-6c2220f52538', '9dce213b-4a66-4ffd-94a8-b3eb9517d7cd', 'KALTAKQUISE', 'ACTIVE', 0, 'Funktion: Geschäftsführer/in (CEO) | Mitarbeiter: 21 bis 50 | Branche: Metallbauer | Rechtsform: Aktiengesellschaft'),
('e55f05ef-93ec-4586-87f0-e6b234c344bb', 'bca69f5c-c21a-47c4-ae2f-cce6c00e3827', 'KALTAKQUISE', 'ACTIVE', 0, 'Funktion: Geschäftsführer/in (CEO) | Mitarbeiter: 1 bis 10 | Branche: Metallbauer | Rechtsform: Aktiengesellschaft'),
('a43b1c04-884d-4ec3-82e8-7a5eb30b9991', 'c725c262-68b1-4a29-be75-5031fd43d2ef', 'KALTAKQUISE', 'ACTIVE', 0, 'Funktion: Geschäftsführer/in (CEO) | Mitarbeiter: 1 bis 10 | Branche: Metallbauer | Rechtsform: Gesellschaft mit beschränkter Haftung'),
('28d3a297-e31d-4f57-b4a0-5befbb9bb3c0', '38dee1fd-a10c-4cf9-88d1-a8905a829416', 'KALTAKQUISE', 'ACTIVE', 0, 'Funktion: Geschäftsführer/in (CEO) | Mitarbeiter: 1 bis 10 | Branche: Metallbauer | Rechtsform: Einzelunternehmen'),
('96e5f646-238e-4737-936b-c56e568c0b95', '6b4b6913-6f59-46b9-8bab-cbee974bf336', 'KALTAKQUISE', 'ACTIVE', 0, 'Funktion: Geschäftsführer/in (CEO) | Mitarbeiter: 11 bis 20 | Branche: Metallbauer | Rechtsform: Aktiengesellschaft'),
('995cb24b-8cf3-4c84-b301-65b47c5b3329', 'a3c6e83a-585f-4a87-a6c0-caebc9b48391', 'KALTAKQUISE', 'ACTIVE', 0, 'Funktion: Geschäftsführer/in (CEO) | Mitarbeiter: 1 bis 10 | Branche: Metallbauer'),
('d693a0e9-cac1-420e-a489-cf9a0b93c2a2', '67f62188-fa89-4832-9f1d-652c2a5dec2b', 'KALTAKQUISE', 'ACTIVE', 0, 'Funktion: Geschäftsführer/in (CEO) | Mitarbeiter: 1 bis 10 | Branche: Textil- & Möbelindustrie | Rechtsform: Einzelunternehmen'),
('188fce63-c37f-449d-9d53-9a1360e91f44', '515893e1-9612-439f-bc10-7e5821788d8c', 'KALTAKQUISE', 'ACTIVE', 0, 'Funktion: Geschäftsführer/in (CEO) | Mitarbeiter: 1 bis 10 | Branche: Garagen | Rechtsform: Aktiengesellschaft'),
('66c5a5d6-289d-49c5-a727-362dca2c5669', '5b2d2d1e-b421-4620-aca9-23e4210f0bf5', 'KALTAKQUISE', 'ACTIVE', 0, 'Funktion: Geschäftsführer/in (CEO) | Mitarbeiter: 11 bis 20 | Branche: Garagen | Rechtsform: Aktiengesellschaft'),
('169034b5-117d-4dab-bdc3-4a4202fcc485', '05e634f0-3a22-4973-ae63-466d1d43e8bf', 'KALTAKQUISE', 'ACTIVE', 0, 'Funktion: Geschäftsführer/in (CEO) | Mitarbeiter: 11 bis 20 | Branche: Garagen | Rechtsform: Aktiengesellschaft'),
('392efc10-6999-49e8-bba0-f9e79514161b', 'df66f332-4da0-44d0-bafe-7be35712b50c', 'KALTAKQUISE', 'ACTIVE', 0, 'Funktion: Geschäftsführer/in (CEO) | Mitarbeiter: 1 bis 10 | Branche: Garagen | Rechtsform: Aktiengesellschaft'),
('21c9066a-327c-4621-b7e8-2ceab06e74cb', 'd5d64a2b-5f44-4063-86a2-6281f5e13f12', 'KALTAKQUISE', 'ACTIVE', 0, 'Funktion: Geschäftsführer/in (CEO) | Mitarbeiter: 11 bis 20 | Branche: Garagen | Rechtsform: Aktiengesellschaft'),
('bd8bc854-48a5-4744-b22b-24e3ecb84800', '46772d88-1217-40f0-a2a9-97512540c682', 'KALTAKQUISE', 'ACTIVE', 0, 'Funktion: Geschäftsführer/in (CEO) | Mitarbeiter: 11 bis 20 | Branche: Garagen | Rechtsform: Aktiengesellschaft'),
('7db5e782-1248-48bf-92fc-24ea346d1d1a', 'e2a23636-2628-4ac1-893e-de3f4e1c1f77', 'KALTAKQUISE', 'ACTIVE', 0, 'Funktion: Geschäftsführer/in (CEO) | Mitarbeiter: 21 bis 50 | Branche: Garagen | Rechtsform: Aktiengesellschaft'),
('abe6f6a5-8333-4db5-b006-56ff8fc76db0', '717e315e-4288-4932-a97d-f097aaa9cae5', 'KALTAKQUISE', 'ACTIVE', 0, 'Funktion: Geschäftsführer/in (CEO) | Mitarbeiter: 51 bis 100 | Branche: Alters- & Pflegeheime / Heime beeintr. Personen | Rechtsform: Aktiengesellschaft'),
('839fbda7-f615-405e-9ca7-be28379a2c6f', '1671a99c-db22-40f4-be45-213f8b8a22a5', 'KALTAKQUISE', 'ACTIVE', 0, 'Funktion: Geschäftsführer/in (CEO) | Mitarbeiter: 11 bis 20 | Branche: Restaurants | Rechtsform: Gesellschaft mit beschränkter Haftung'),
('c8e8e998-faac-4451-acf6-5c4a82f903e5', '5fe09dbc-1f00-4cc1-a8e3-0706d7cc746a', 'KALTAKQUISE', 'ACTIVE', 0, 'Funktion: Geschäftsführer/in (CEO) | Mitarbeiter: 21 bis 50 | Branche: Alters- & Pflegeheime | Rechtsform: Verein'),
('2fc1ba16-8fc6-4113-9aa6-2bbdec68392d', '8b0624e8-64aa-4580-bd4a-b0a486713390', 'KALTAKQUISE', 'ACTIVE', 0, 'Funktion: Geschäftsführer/in (CEO) | Mitarbeiter: 1 bis 10 | Branche: Bio-Betriebe / Hofläden & Bauernhöfe'),
('3506100b-87dd-4583-8d34-6bb102cecff8', 'a45835d6-09b9-471a-8547-11f73b1bc66b', 'KALTAKQUISE', 'ACTIVE', 0, 'Funktion: Geschäftsführer/in (CEO) | Mitarbeiter: 1 bis 10 | Branche: Hofläden & Bauernhöfe'),
('3e0413c8-41a3-4be0-a186-9ea5f85f9642', '75178f96-3b12-4370-a525-b3e3dc7e086d', 'KALTAKQUISE', 'ACTIVE', 0, 'Funktion: Geschäftsführer/in (CEO) | Mitarbeiter: 1 bis 10 | Branche: Restaurants'),
('5302955c-005a-47bd-95cd-c76335aaf1f1', '580afb97-c003-4f56-83dc-87f5aec0c24f', 'KALTAKQUISE', 'ACTIVE', 0, 'Funktion: Gesamtleitung/Direktion | Mitarbeiter: 1 bis 10 | Branche: Hotels'),
('f47f3e8a-3858-4e60-bc86-4ead1a3bfb62', '2a04e130-3c73-446f-bce7-41c6700c0516', 'KALTAKQUISE', 'ACTIVE', 0, 'Funktion: Gesamtleitung/Direktion | Mitarbeiter: 1 bis 10 | Branche: Hotels / Restaurants'),
('f7d8c67d-94c2-467a-b1e1-a71427d9035b', '74801b32-0546-41ae-901e-63c4a40ce032', 'KALTAKQUISE', 'ACTIVE', 0, 'Funktion: Gesamtleitung/Direktion | Mitarbeiter: 1 bis 10 | Branche: Hotels | Rechtsform: Verein'),
('8ec672c9-e991-4702-8532-d4d0a1a259fc', 'cddeb736-fe69-45bd-96b7-1be204293f2b', 'KALTAKQUISE', 'ACTIVE', 0, 'Funktion: Gesamtleitung/Direktion | Mitarbeiter: 1 bis 10 | Branche: Hotels'),
('4357e8b4-5374-477d-905a-564f812b697f', 'd6a946ac-aec4-4ebb-881d-5d7bc79219d0', 'KALTAKQUISE', 'ACTIVE', 0, 'Funktion: Geschäftsführer/in (CEO) | Mitarbeiter: 1 bis 10 | Branche: Restaurants'),
('ab95f30d-f070-4846-8991-4fbb7cd64554', 'fc9c78eb-518d-4205-9d05-62fe6297768b', 'KALTAKQUISE', 'ACTIVE', 0, 'Funktion: Gesamtleitung/Direktion | Mitarbeiter: 101 bis 500 | Branche: Spitäler & Kliniken | Rechtsform: Verein');

INSERT INTO lead_tags (lead_id, tag_id) VALUES
('bf9f0491-7c93-4453-872e-5c3e81e860c4', 'ka-b2b'),
('b0886427-a799-4540-a4d5-d1a379e6ac93', 'ka-b2b'),
('ba0db168-e59b-42a5-8bf5-11ac1f75a804', 'ka-b2b'),
('4553a6d0-aeff-4ec6-b018-c52739996b83', 'ka-b2b'),
('a757a778-503f-4a8c-a6bc-94651cc971f2', 'ka-b2b'),
('a86d7fcb-6bbc-476d-a1cc-db36c61a605f', 'ka-b2b'),
('411841b9-9fbd-488c-b803-83e223ca7c1b', 'ka-b2b'),
('5a0b4280-c6d2-47fe-8c05-93ffd1a5a4ee', 'ka-b2b'),
('0d8671f3-55f0-400e-be61-54912fcabf66', 'ka-b2b'),
('88864077-90a4-4e02-b832-465a84e24ef3', 'ka-b2b'),
('9f652e08-be41-40f9-8804-13ff8b6ee671', 'ka-b2b'),
('7e391ec3-1260-4502-83e2-5adc21bf929f', 'ka-b2b'),
('d8971ce6-c60f-447f-9331-6ade14fe7cd5', 'ka-b2b'),
('f94b2950-aa19-49f2-85c8-b761683617a5', 'ka-b2b'),
('0b8f9d5f-8c0b-4fb9-8707-17ffab549e4a', 'ka-b2b'),
('ac8e31f0-6236-49b2-a868-c9511e6dc432', 'ka-b2b'),
('c484086d-8a88-424b-a082-b46f2c88876f', 'ka-b2b'),
('19830cb1-b4d6-4b29-8ffd-7b35da28efd7', 'ka-b2b'),
('8c736bbc-171a-4609-b233-7d865f3caa53', 'ka-b2b'),
('a5209229-dc08-4e0f-b547-8dcb43bf3a11', 'ka-b2b'),
('735ec2b2-f62b-40eb-bdd6-74b3bfdf9d47', 'ka-b2b'),
('76d5d327-6b56-4095-a22c-c44f0deacecc', 'ka-b2b'),
('10edeced-1f73-4c13-b690-644fbe365f93', 'ka-b2b'),
('a00702dc-3f0f-4ac3-b69d-0920c7dfdf2f', 'ka-b2b'),
('0926553c-0d0e-48c6-ab7a-9eca814997a4', 'ka-b2b'),
('5ff2f3ba-7fc7-4314-8d73-c3bbd016f0eb', 'ka-b2b'),
('755cc808-d098-4543-adde-2853d8345300', 'ka-b2b'),
('74e58eb5-09c2-46ad-9c50-66a1d1c14a78', 'ka-b2b'),
('b16d3630-0202-46cd-b888-57270c030211', 'ka-b2b'),
('18cdfd30-4194-472d-83cf-3d761126fce6', 'ka-b2b'),
('76e7be43-a06a-48f2-9cc2-a70b54895e17', 'ka-b2b'),
('2953ff04-b5cc-4adb-bf09-99b380f8c201', 'ka-b2b'),
('342992f8-8016-4564-9542-999b0b098ee9', 'ka-b2b'),
('5c03c3c3-62bf-414a-b29a-3f870bd17cab', 'ka-b2b'),
('b538bb4f-0201-412a-aca2-0164516a011c', 'ka-b2b'),
('995a8fdc-09ab-432d-b1df-8ea320fd2e4d', 'ka-b2b'),
('7576aec4-9647-4d53-acb8-f2f4733bfe8f', 'ka-b2b'),
('081c37d8-4d6a-4f72-8c71-85480462345e', 'ka-b2b'),
('ce51d1e7-91f5-4857-893d-597cd55c3da9', 'ka-b2b'),
('044b02a0-0147-42e5-a858-9ada7895e381', 'ka-b2b'),
('1d578ec8-220d-4c41-baf2-8f70d70e18c0', 'ka-b2b'),
('77d7f1b1-8a8b-4c9c-b5eb-2fc0da40824b', 'ka-b2b'),
('a936556c-8111-4ef5-8c34-4f4c216bc4de', 'ka-b2b'),
('15b22ab4-de3b-48d7-add7-3c9b4365228c', 'ka-b2b'),
('dc7c99ca-35bd-419f-b8bf-3f8234128246', 'ka-b2b'),
('96246da3-3ad3-4674-92d8-3fab9abb9476', 'ka-b2b'),
('a861fc3d-3ce0-46b2-9a57-65f884fcc9b9', 'ka-b2b'),
('9ba3a64d-5850-46cf-9226-9e047ce2ce12', 'ka-b2b'),
('a47c7ba9-9590-43d1-8d29-fab317f067a3', 'ka-b2b'),
('d202a86a-8bc4-42b1-8d42-005dce09c956', 'ka-b2b'),
('b9de1eb2-4303-4f3d-8729-2f16c3e167d0', 'ka-b2b'),
('6a15f35f-7009-4367-a9b2-61979f7ac991', 'ka-b2b'),
('cd13e40e-24e5-4118-b5cf-7023a890aa84', 'ka-b2b'),
('0c03cf56-0e98-4ee3-bfbb-0bdfa3c0c6af', 'ka-b2b'),
('3a263083-a3a5-4b39-8bb0-1b8555cc1c79', 'ka-b2b'),
('57bb487a-1ceb-4408-916c-7f99969148b3', 'ka-b2b'),
('153f3f77-5b69-4c1d-bafa-340f3c50a8f7', 'ka-b2b'),
('8f7b709c-483b-49fd-a8c4-b5d06f698776', 'ka-b2b'),
('b44b6299-232a-4ebf-8adb-df52bda1316d', 'ka-b2b'),
('2bb169b1-05a9-4031-bfbd-3536bc9b3afb', 'ka-b2b'),
('12823e6e-9ecf-418d-98be-cc115f95ee61', 'ka-b2b'),
('8ad3df62-fe16-4474-803c-29a7e1275bdc', 'ka-b2b'),
('513d141c-e51d-4acf-80db-473189b40454', 'ka-b2b'),
('feaca9ca-4af5-4437-834d-fc23b14b16a3', 'ka-b2b'),
('36c2260a-3a9a-443f-8d2a-c590a1c95bd7', 'ka-b2b'),
('969d4694-aaa1-484b-9595-b86d7e1fb26f', 'ka-b2b'),
('92c386cf-1fff-4166-8b69-fb3ae97386c1', 'ka-b2b'),
('926a7843-17eb-4e55-9e34-583f495956d3', 'ka-b2b'),
('46707b64-4795-45f1-b989-735a7adf6acf', 'ka-b2b'),
('8c1f5b12-80d5-4974-b7b7-5733e32f612c', 'ka-b2b'),
('a9c01db0-72c7-4c9c-8b1a-d9a758b5cc55', 'ka-b2b'),
('00be2cca-0084-488b-9dd1-b75ba24e1edc', 'ka-b2b'),
('cd22f73f-b8f9-4e3f-9ae9-17271aff1454', 'ka-b2b'),
('4a57055a-cca2-4daa-a991-f28598d34f85', 'ka-b2b'),
('4f02cd20-19a1-455e-af66-2bf756bdc4ab', 'ka-b2b'),
('c0542a1b-aa78-4d19-bd38-f308dc26ce81', 'ka-b2b'),
('fac7f76b-8df3-4201-8991-77eedb934e05', 'ka-b2b'),
('885f4abb-d1da-4abf-8e56-492afe64f5d5', 'ka-b2b'),
('976eac35-d444-4ba9-a04a-5c6ea96675ea', 'ka-b2b'),
('d9eed9c2-ce73-4bf8-a9bb-b03cef3b79da', 'ka-b2b'),
('cdd7454e-488b-4bfd-9ac0-73de354090bf', 'ka-b2b'),
('6ebb315b-3d8d-48db-a0ae-6d1481b62a87', 'ka-b2b'),
('094928d2-5860-4e58-950f-d66e554facb0', 'ka-b2b'),
('80065da9-04ea-4e43-ba4a-a5be3ee17d5f', 'ka-b2b'),
('507f2137-a8cb-4c53-819e-27245b36f4e8', 'ka-b2b'),
('67a3fbb6-d5dd-4298-94fd-0b9ef0f587a8', 'ka-b2b'),
('b8fa6921-af77-4ffe-a3eb-4f86cef55132', 'ka-b2b'),
('bb70cc20-36a2-4f6f-955c-05444cb0bf6a', 'ka-b2b'),
('effd7336-b5c2-442f-bcfa-1580119d39f3', 'ka-b2b'),
('a03ccc83-926f-4a09-abdb-4b6e3c56b395', 'ka-b2b'),
('11d23025-6baa-4f49-848e-a04f54533fc6', 'ka-b2b'),
('c4af617a-a5c4-4eef-ae94-a1e3321d0946', 'ka-b2b'),
('c89b1ae5-8541-4306-ab5d-4297bfc0356a', 'ka-b2b'),
('651dae2c-3803-4553-ba2b-48e86f726845', 'ka-b2b'),
('ef42ebf3-ba42-463f-bb6a-d99f42923418', 'ka-b2b'),
('055bc638-2b0e-4f13-819e-e1255480a452', 'ka-b2b'),
('72b8660f-6ad1-455c-8d14-94bee6c0379c', 'ka-b2b'),
('cd2dee28-68b7-4f3a-bc21-7c2a2056d8af', 'ka-b2b'),
('b9695c0b-74ad-48cb-a547-d25608c1d7d1', 'ka-b2b'),
('1b565cf0-a738-4866-92cd-da015634a067', 'ka-b2b'),
('6f7e0947-62ee-4ab4-b272-19dcafe1f131', 'ka-b2b'),
('b6db4fa2-da3d-4169-8681-a81beb6a7076', 'ka-b2b'),
('250a1dac-8a31-47aa-a0cd-d49378ebe332', 'ka-b2b'),
('9424282d-b937-47ee-be57-7600545b158d', 'ka-b2b'),
('b0e70778-a51a-4c33-a282-928820ae7ae2', 'ka-b2b'),
('48a290c9-3aff-46f5-84ca-a45906c33f45', 'ka-b2b'),
('0ab2d51d-1e12-4e1b-b849-cb9916c762c8', 'ka-b2b'),
('c3c62e1e-5d0d-4ee4-9f3c-ae510891533e', 'ka-b2b'),
('846a47bd-7268-42f1-8793-1a75910fd82c', 'ka-b2b'),
('bb8a9292-9f37-4cb3-bb9b-18dbdeb6eb27', 'ka-b2b'),
('0530c7e4-2b22-40c9-8326-e9050bd2166d', 'ka-b2b'),
('7a0ff3c8-2822-4e6a-af5a-054766f1d315', 'ka-b2b'),
('a68fe0e8-8028-4d58-9edf-83bd18a70ccf', 'ka-b2b'),
('9943e628-2fef-4eaa-8829-97fc453a7d36', 'ka-b2b'),
('ee5ad8a3-5d3d-49a6-a399-5680bde03187', 'ka-b2b'),
('8f48b6a0-242e-4136-884f-c056d06f77fd', 'ka-b2b'),
('a1f63d92-82e5-4a8e-83cb-7c0fc7029767', 'ka-b2b'),
('9823928f-0f4d-4658-8060-dcd1cfbe1a9d', 'ka-b2b'),
('a26e833c-0a51-4557-afa4-654579ab2b26', 'ka-b2b'),
('aad21cb9-0d5d-429e-90af-6c3dc7c5dfea', 'ka-b2b'),
('9e6b1fd3-a2c9-4f1f-86f8-c00da7b48ca7', 'ka-b2b'),
('931cfce0-21f9-40bf-bc8b-de7ee5d55ee4', 'ka-b2b'),
('a6d2f781-823f-459e-b352-2e8d728842c0', 'ka-b2b'),
('8153c0a0-856d-4f56-87d0-39180e44c74c', 'ka-b2b'),
('2ee2dac8-6394-4eb8-b7fb-7b629cae41d9', 'ka-b2b'),
('6bae07bf-698c-4518-a0e7-89c355325c40', 'ka-b2b'),
('eb821cfa-6049-4c82-be46-e84f1e02f7bb', 'ka-b2b'),
('63f323a0-32df-449b-9697-0abdec06108e', 'ka-b2b'),
('f5831055-e838-4392-afac-3c21f64f7b85', 'ka-b2b'),
('4e2fcb51-aacb-495c-9b7e-945d34b25db5', 'ka-b2b'),
('77e7c426-e0f5-41b2-bd00-691b77828077', 'ka-b2b'),
('000fe991-7805-4ab8-b157-60af4b709b6e', 'ka-b2b'),
('2f309eb4-7e51-4b6e-93d6-2f99308b65b7', 'ka-b2b'),
('94cfcef4-afcc-4a21-bcfe-714424679d6d', 'ka-b2b'),
('748c2b1a-35f5-4951-9cee-262fafffcf8c', 'ka-b2b'),
('bc1edb5c-8b63-4d88-9ad8-d20446639d8a', 'ka-b2b'),
('d1a05e63-ab20-493b-a35a-712200577b31', 'ka-b2b'),
('46ceca8e-24d7-428c-9e94-3ce9c2060fae', 'ka-b2b'),
('56c5b184-1496-47ae-9d42-a2584338169d', 'ka-b2b'),
('5e9d837b-ec72-482e-bb03-04c2fbd33e5c', 'ka-b2b'),
('54ec1a27-9a1f-4f8a-8bfa-885adb4586a0', 'ka-b2b'),
('999acaf1-8d44-46b1-8541-db829ff4ee32', 'ka-b2b'),
('ac515618-6181-43a6-b56f-70199e56c14b', 'ka-b2b'),
('89609d44-9d5d-4c3f-9e4d-55bc32158710', 'ka-b2b'),
('a1b5bb76-fc0c-447e-9dd7-b9215abb4a72', 'ka-b2b'),
('2e5c4b9d-9eea-4fdc-99dc-cede058368d8', 'ka-b2b'),
('73f5c16a-50ef-4ef9-9f9f-a84bb9fcc545', 'ka-b2b'),
('d3dc9818-d755-4f26-a413-2e1db480ea2d', 'ka-b2b'),
('5e06b0e2-9f0c-49a9-b28e-091fd76ec2f7', 'ka-b2b'),
('815326d5-4b88-4beb-8408-72faea6e9296', 'ka-b2b'),
('f4e72e06-8115-4e90-838e-cdeeaa6c4c9e', 'ka-b2b'),
('b3673ec8-b26a-4941-8e3f-60f1d06ec657', 'ka-b2b'),
('4718cde9-45c2-4c72-b874-5f417e878ed7', 'ka-b2b'),
('7e7f37ee-be9f-41fc-a41a-ab366d21952f', 'ka-b2b'),
('7d0d201e-55e2-47f0-9fe1-679534e74f4d', 'ka-b2b'),
('aa4c9288-fc17-4739-9b6c-339e3b94af0b', 'ka-b2b'),
('9625fb71-aeb7-4194-82bb-2e9225d67624', 'ka-b2b'),
('1d3afbd8-5748-43d9-8a52-7971a1ef3c0c', 'ka-b2b'),
('782c8c13-a3dc-4bf5-8810-729b74b84053', 'ka-b2b'),
('b0d09f24-7433-4f7e-aae3-cfd1e49714b6', 'ka-b2b'),
('dc264285-a6c7-46da-bed3-d3906ee2ec3f', 'ka-b2b'),
('8e001a2d-0238-4694-a2de-0757e64b251a', 'ka-b2b'),
('08a94758-aa07-4abb-b07c-d08c55e6ef2f', 'ka-b2b'),
('c6b6ba69-f53c-445a-aa01-9cdc223c06b9', 'ka-b2b'),
('f161694c-5560-418c-8aef-7274b55bb1dd', 'ka-b2b'),
('c757ef11-65bf-4139-911e-a9c371fa7e11', 'ka-b2b'),
('19d12f5d-fd8f-4e4b-951e-8915ce66a315', 'ka-b2b'),
('399fac33-2cc0-40be-8093-fa05160ca22d', 'ka-b2b'),
('6e141eb7-24a8-4ada-882c-af96cea6a7ca', 'ka-b2b'),
('b13c4e3e-3b9a-497d-b726-5b2ee89a1b37', 'ka-b2b'),
('51868ce7-5ccb-4c70-afa0-44af3028accb', 'ka-b2b'),
('bd6f5d6e-5b83-44a7-9096-e231be8c75e9', 'ka-b2b'),
('f6f2df72-89de-4f98-8686-46bab0ce162c', 'ka-b2b'),
('b308f92b-4087-48b1-a7e6-a08a63567f69', 'ka-b2b'),
('9940a8c4-0ad4-440e-a12a-6c2220f52538', 'ka-b2b'),
('e55f05ef-93ec-4586-87f0-e6b234c344bb', 'ka-b2b'),
('a43b1c04-884d-4ec3-82e8-7a5eb30b9991', 'ka-b2b'),
('28d3a297-e31d-4f57-b4a0-5befbb9bb3c0', 'ka-b2b'),
('96e5f646-238e-4737-936b-c56e568c0b95', 'ka-b2b'),
('995cb24b-8cf3-4c84-b301-65b47c5b3329', 'ka-b2b'),
('d693a0e9-cac1-420e-a489-cf9a0b93c2a2', 'ka-b2b'),
('188fce63-c37f-449d-9d53-9a1360e91f44', 'ka-b2b'),
('66c5a5d6-289d-49c5-a727-362dca2c5669', 'ka-b2b'),
('169034b5-117d-4dab-bdc3-4a4202fcc485', 'ka-b2b'),
('392efc10-6999-49e8-bba0-f9e79514161b', 'ka-b2b'),
('21c9066a-327c-4621-b7e8-2ceab06e74cb', 'ka-b2b'),
('bd8bc854-48a5-4744-b22b-24e3ecb84800', 'ka-b2b'),
('7db5e782-1248-48bf-92fc-24ea346d1d1a', 'ka-b2b'),
('abe6f6a5-8333-4db5-b006-56ff8fc76db0', 'ka-b2b'),
('839fbda7-f615-405e-9ca7-be28379a2c6f', 'ka-b2b'),
('c8e8e998-faac-4451-acf6-5c4a82f903e5', 'ka-b2b'),
('2fc1ba16-8fc6-4113-9aa6-2bbdec68392d', 'ka-b2b'),
('3506100b-87dd-4583-8d34-6bb102cecff8', 'ka-b2b'),
('3e0413c8-41a3-4be0-a186-9ea5f85f9642', 'ka-b2b'),
('5302955c-005a-47bd-95cd-c76335aaf1f1', 'ka-b2b'),
('f47f3e8a-3858-4e60-bc86-4ead1a3bfb62', 'ka-b2b'),
('f7d8c67d-94c2-467a-b1e1-a71427d9035b', 'ka-b2b'),
('8ec672c9-e991-4702-8532-d4d0a1a259fc', 'ka-b2b'),
('4357e8b4-5374-477d-905a-564f812b697f', 'ka-b2b'),
('ab95f30d-f070-4846-8991-4fbb7cd64554', 'ka-b2b');
