-- Batch 55 (200 records)
INSERT INTO contacts (id, first_name, last_name, email, phone, company, address) VALUES
('55ff2c02-e4aa-413f-bbe0-2fdc5ad7380b', 'Corinne', 'Loser-Röthlisberger', 'info@biohofbild.ch', 'N.a.', 'Biohof Bild', 'Bild 674, 9608 Ganterschwil, St. Gallen'),
('b18e72e4-5993-446d-9366-93ccc281b14c', 'Fredy', 'Pfister', 'info@biohof-blatten.ch', '078 793 88 60', 'Biohof Blatten', 'Blatten 1, 8133 Esslingen, Zürich'),
('1970c9b8-16c9-4155-b90e-0a2271a72887', 'Dani', 'Kälin', 'dani.kaelin@biohof-brandegg.ch', '078 794 37 84', 'Biohof Brandegg', 'Brandegg 5, 8847 Egg, Schwyz'),
('bce1873a-5306-4e72-afe5-279ec6c284fb', 'Ivo', 'Knüsel', 'info@biohof-breiten.ch', '079 483 38 13', 'Biohof Breiten', 'Breiten 2, 6343 Rotkreuz, Zug'),
('26eaa123-b57f-48f9-b735-785382807184', 'Adrian', 'Iten-Marty', 'ladi@bruhst.ch', '077 526 78 27', 'Biohof Bruhst', 'Bruhst 1, 6315 Oberägeri, Zug'),
('afcb239c-de05-4699-98ee-d97e98da38ea', 'Markus', 'Müller', 'info@buebliswil.ch', '041 450 45 02', 'Biohof Büebliswil', 'Büebliswil 1, 6344 Meierskappel, Luzern'),
('05033b91-0349-433a-9348-b5d6ad549ac4', 'Beat', 'Allemann', 'sieben_brunnen@hotmail.com', '033 733 12 86', 'Biohof Burgbühl', 'Oberriedstrasse 23, 3775 Lenk im Simmental, Bern'),
('7728af3a-ada6-450e-b143-aaecc1108c1c', 'Damian', 'Cadalbert', 'd.cadalbert@bluewin.ch', '081 925 23 57', 'Biohof Cadalbert', 'Curschetta 211, 7127 Sevgein, Graubünden'),
('0d6fa761-46c1-4cee-9ca4-0e853f0e7f3c', 'Gion', 'Carigiet', 'info@biopur.ch', '081 941 31 74', 'Biohof Carigiet', 'Via Capaul 9, 7164 Dardin, Graubünden'),
('f1ac454e-d7d8-4913-9be5-9aa2dc5cd16f', 'Daniel', 'Casutt', 'info@biohof-casutt.ch', '081 645 12 42', 'BioHof Casutt', 'Ausserberg 26, 7106 Tenna, Graubünden'),
('f3dd0ce0-72ef-4285-a8d6-4c1675691d43', 'Erwin', 'Corrodi', 'info@biohof-corrodi.ch', '052 319 28 40', 'Biohof Corrodi', 'Leebere 1, 8460 Marthalen, Zürich'),
('da059477-1326-4dc9-9a0e-1ffcc3642b8e', 'Christian', 'Rudin', 'biohofdangern@bluewin.ch', '062 299 15 97', 'Bio-Hof Dangern', 'Dangern 173, 4458 Eptingen, Basel-Land'),
('2fae9dbb-cb09-4621-bc94-23f64eeedc5a', 'Johannes', 'Danuser', 'info@biohof-danuser.ch', '081 253 30 79', 'Biohof Danuser', 'Neugüterstrasse 13, 7012 Felsberg, Graubünden'),
('2ca04daa-a8e5-405b-b5ff-d9a8f9d6e8a1', 'Paulin', 'Pfister', 'janinecaduff@hotmail.com', '079 721 20 81', 'Biohof Demvitg', 'Demvitg 5, 7158 Waltensburg/Vuorz, Graubünden'),
('e7db2677-cdd5-404f-acfc-f42b6ed07685', 'Martin', 'Gartmann', 'hofdoerfli@bluewin.ch', '081 647 11 70', 'Biohof Dörfli', 'Usser Zalön 4, 7107 Safien Platz, Graubünden'),
('559cbfa8-7f06-4079-a85f-db751f543dc8', 'Christian', 'Enderlin', 'info@biohof-enderlin.ch', '078 834 13 84', 'Biohof Enderlin', 'Lengwil 6, 9315 Winden, Thurgau'),
('afbdf1de-4f8e-46b5-b588-ab40fa607db1', 'Monika', 'Kempf', 'monika_k@gmx.ch', '078 664 45 93', 'Biohof Eyelen', 'Eyelen 2, 6468 Attinghausen, Uri'),
('940bb0a8-4035-4756-87fd-2284621c535c', 'Orlando', 'Schmid', 'lior02@bluewin.ch', '027 946 52 09', 'Biohof Fischerbiel', 'Fischerbiel, 3938 Ausserberg, Wallis/Valais'),
('86fd7d8f-9c05-410f-aabf-a81e999f1108', 'Andreas', 'Flückiger', 'info@hof-flueckiger.ch', '031 839 16 94', 'Bio-Hof Flückiger', 'Vorderer Wuhl 197B, 3068 Utzigen, Bern'),
('dc36bbda-5cf2-4577-876d-db22e84dd18d', 'Michael', 'Reichmuth', 'biohof@fluofeld.ch', '041 855 31 69', 'Biohof Fluofeld', 'Alter Pilgerweg 4, 6414 Oberarth, Schwyz'),
('65bc5937-9549-4f76-b7a2-cd129574baa2', 'Finn', 'Thiele', 'info@fondlihof.ch', '044 524 96 13', 'Biohof Fondli GmbH', 'Spreitenbacherstrasse 35, 8953 Dietikon, Zürich'),
('166c864e-a7aa-43a8-8938-8902c57058f2', 'Simon', 'Frei', 'biohof-frei@bluewin.ch', '079 918 34 43', 'Biohof Frei', 'Innere Altachen 33, 4800 Zofingen, Aargau'),
('76a518a2-4eac-4a0d-83b9-e2661dcf7485', 'Lorenz', 'Kunz', 'biohof-frohberg@bluewin.ch', '043 277 05 05', 'Biohof Frohberg', 'Frohberg, 8133 Esslingen, Zürich'),
('42268787-4665-43cc-9433-cb984468ffe9', 'Marc', 'Schlotterbeck', 'mschlotterbeck@bluewin.ch', '033 442 12 22', 'Biohof Fruchtwald', 'Fuhren 63b, 3622 Homberg b. Thun, Bern'),
('02744519-73ff-448b-829e-3c63b4ffa328', 'Hans', 'Gaberthüel', 'hk.gab@epost.ch', '052 319 41 72', 'Biohof Gaberthüel', 'Bahnweg 2, 8460 Marthalen, Zürich'),
('cfb36af8-4207-4e39-9788-831b23da2cb2', 'Doris', 'Gehrig', 'biohof.gehrig@bluewin.ch', '078 826 77 26', 'Biohof Gehrig', 'Zelg 3, 3632 Niederstocken, Bern'),
('337c3e14-0a20-4b27-b5cd-6bbf918382b4', 'Florian', 'Kälin', 'info@glarnernbeef.ch', '055 412 68 63', 'Biohof Glarnern', 'Glarnern 1, 8840 Trachslau, Schwyz'),
('1d2c03d3-8e85-4aff-a948-6aef73c87897', 'Christian', 'Vetsch', 'hallo@gramsegg.ch', '079 308 89 54', 'Biohof Gramsegg', 'Gramsegg, 9475 Sevelen, St. Gallen'),
('f8a7d39b-20ee-400d-b971-fa3e16ab165f', 'Tamara', 'Stoller', 'tamara.stoller@icloud.com', '078 914 00 36', 'Biohof Grossegg', 'Grossegg 1, 8496 Steg im Tösstal, Zürich'),
('8412d041-6bcb-4841-a314-4bb367c578d5', 'Aldo', 'Arpagaus', 'gudigliel@bluewin.ch', '078 703 78 36', 'Bio-Hof Gudigliel', 'Entadem vitg 94, 7142 Cumbel, Graubünden'),
('c02e3925-6d65-4b7f-b858-9b55d7af35a9', 'Markus', 'Alpiger', 'info@biohofgula.ch', '081 925 17 05', 'Biohof Gula', 'Hof Gula 8, 7156 Rueun, Graubünden'),
('5b3fe6cb-5f3b-4639-9857-88f7e74ec7e0', 'Evelyn', 'Hebeisen', 'jehebise@bluewin.ch', '071 352 45 71', 'Biohof Hebeisen', 'Wiesen 2486, 9100 Herisau, Appenzell Ausserrhoden'),
('799dd8df-acd5-48ed-8a09-a2eff78bb8e8', 'Oskar', 'Bissig', 'info@hermisegg.ch', '041 878 14 74', 'Biohof Hermisegg', 'Kleintalerstrasse 8, 6461 Isenthal, Uri'),
('5f1a562e-9a2b-4beb-9aa6-6341ae2e6656', 'Peter', 'Waltenspül', 'peter61@sunrise.ch', '079 566 34 53', 'Biohof Hintersennweid', 'Hintersennweid 2, 6345 Neuheim, Zug'),
('3818005a-b9c4-4ab5-a924-e6003cdc2c38', 'Albert', 'Hess', 'hittenberg@vtxmail.ch', '077 403 78 98', 'Biohof Hittenberg', 'Hittenbergstrasse 36, 8636 Wald, Zürich'),
('d7cdb917-e9f3-45c8-a43a-c2c120c264fc', 'Barbara', 'Joos', 'b.joos@hotmail.com', '079 680 08 62', 'BioHof Hofsatt', 'Ausserberg 6, 7106 Tenna, Graubünden'),
('b3c58bd5-d401-446a-86f8-98d0132d3252', 'Fanny', 'Rediger', 'fanny.rediger@bluewin.ch', '078 648 41 43', 'Biohof Hohweid', 'Brechershäusern 343, 3474 Rüedisbach, Bern'),
('a59c6ca2-ef2a-4940-b8be-9b83e94707e9', 'Richard', 'Bircher', 'sr.bircher@bluewin.ch', '062 877 16 77', 'Biohof Holderstall', 'Holderstall 248, 5063 Wölflinswil, Aargau'),
('b4f48cd1-3eff-472e-92e9-39a514b22c97', 'Alfred', 'Jud', 'alfred-jud@bluewin.ch', '055 283 16 64', 'Biohof Hornen', 'Hornen 4, 8717 Benken, St. Gallen'),
('644b2963-211d-4e60-81a5-ecc6ab707264', 'Simon', 'Läderach', 'biohofimgraben@bluewin.ch', '062 962 10 09', 'Biohof im Graben', '4955 Gondiswil, Bern'),
('de5d6019-3cf7-4ca8-b8cf-455d755de23b', 'This', 'Vögele', 'voegele_family@bluewin.ch', '052 681 26 05', 'Biohof Im Horn', 'Rietwiesstrasse 2, 8213 Neunkirch, Schaffhausen'),
('e268c0ee-5406-4adb-b5a4-052d0f723f9c', 'Thomas', 'Nagel', 'thomas.nagel@bluewin.ch', '071 477 10 05', 'Bio-Hof im Rank', 'St. Gallerstrasse 1, 9315 Winden, Thurgau'),
('f4c78b70-58f2-45e6-9cb3-e8e246023de6', 'Paul', 'Wüthrich', 'biohof@kellerhuesli.ch', '062 965 26 68', 'Biohof Kellerhüsli', 'Kellerhüsli, 4938 Rohrbach, Bern'),
('bbcc4384-22f2-4081-ae06-cc8959c7490c', 'Roland', 'Keller', 'ro_ko87@hotmail.com', '079 487 55 45', 'Biohof Krindenhubel', 'Tüelenweg 2, 3656 Ringoldswil, Bern'),
('04837aea-62b4-4aff-abac-4d0ab0d109ba', 'Ruedi', 'Schelbert', 'ruedi.schelbert@hotmail.com', '041 558 98 82', 'Biohof Langberg', 'Bergstrasse 11, 6424 Lauerz, Schwyz'),
('548bdda4-1e43-4d25-bcc7-93fa522acb4b', 'Marcel', 'Heinrich', 'info@lasorts.ch', '081 404 16 15', 'Biohof Las Sorts', 'La Sorts, 7477 Filisur, Graubünden'),
('42cad873-ba81-424d-a5e0-2de16668531c', 'Hansueli', 'Lehmann', 'h.m.lehmann@bluewin.ch', '032 665 36 02', 'Biohof Lehmann', 'Altwyden 4, 3427 Utzenstorf, Bern'),
('48ff6df5-9e07-4ba1-a3bc-29158c2785be', 'Lina', 'Ott', 'lina.biohof@gmail.com', '044 932 47 07', 'Biohof Lützelsee', 'Lützelsee 3, 8634 Hombrechtikon, Zürich'),
('ea00cc33-2373-4485-9fc8-930bf4371160', 'Florian', 'Ziehli', 'fziehli@gmail.com', '079 746 22 92', 'Biohof Maiacher', 'Maiacher 28, 3324 Mötschwil, Bern'),
('029d2df2-2825-4bd5-897b-d7afb33bd8ac', 'Lukas', 'Frei', 'biohof_margel@gmx.ch', '043 466 82 60', 'Biohof Margel', 'Im Margel, 8934 Knonau, Zürich'),
('c09fda11-433d-4c43-a2cd-a87c210db1e9', 'Fredy', 'Zumofen', 'fy.zumofen@bluewin.ch', '027 973 35 43', 'Biohof Matte', 'Haltenweg 38, 3989 Selkingen, Wallis/Valais'),
('9bd1cf22-eafc-418a-a3ec-ac269392d260', 'Hans', 'Oppikofer', 'leben@mausacker.ch', '071 477 11 37', 'Biohof Mausacker', 'Mausacker 1, 9314 Steinebrunn, Thurgau'),
('68301016-b7d3-4e81-9ef4-9d732e13b664', 'Christoph', 'Ming', 'biohof-ming@gmx.ch', '079 285 94 25', 'Biohof Ming', 'Grundstrasse 84, 6430 Schwyz, Schwyz'),
('ab52151b-53af-4e1e-ba40-86074c4fd9f8', 'Josef', 'Steinmann-Kreienbühl', 'info@biohof-netzelen.ch', '062 754 16 55', 'BioHof Netzelen', 'Netzelen 24, 6265 Roggliswil, Luzern'),
('2444bb22-1958-4a4d-a06b-5fd4799b822f', 'Peter', 'Wirth', 'biohof-neuhaus@bluewin.ch', '071 950 00 51', 'Biohof Neuhaus', 'Flawilerstrasse 31, 9244 Niederuzwil, St. Gallen'),
('6e46c230-733c-4ac6-bc90-713307358cce', 'Werner', 'Saurer', 'info@biohofniggenberg.ch', '079 830 07 09', 'BioHof Niggenberg', 'Niggenberg 22, 8627 Grüningen, Zürich'),
('ff74ad24-2e11-4ccf-bb52-0bd9719cf249', 'Rüedu', 'Schüpbach', 'biohof@obereichi.ch', '031 731 29 96', 'Biohof Obereichi', 'Obereichi, 3148 Lanzenhäusern, Bern'),
('17f43240-f7ec-42d2-9afa-e7a2a6e39362', 'Urs', 'Küng', 'ursoberguetkueng@bluewin.ch', '078 717 59 23', 'Biohof Oberguet', 'Oberguet 1022, 9657 Unterwasser, St. Gallen'),
('ef168aee-bf1f-419d-b1ba-4a189f1ef0cd', 'Alois', 'Abt', 'email@biohof-ortenstein.ch', '081 630 11 78', 'Biohof Ortenstein', 'Ortenstein 4, 7418 Tumegl/Tomils, Graubünden'),
('5899d176-d90f-4a92-8eb7-e3e757adb70e', 'Tobias', 'Ottiger', 'info@biohof-ottiger.ch', '079 440 78 12', 'Biohof Ottiger', 'Götighoferstrasse 15, 8586 Erlen, Thurgau'),
('ad9e3f3c-49c4-4813-982c-443726e0be62', 'Yves', 'Hänggi', 'yves.haenggi@bluewin.ch', '081 943 31 75', 'Biohof Pansal', 'Via Pansal 3, 7168 Schlans, Graubünden'),
('a6603479-01dc-4a97-a4f7-df1383f42b84', 'Vici', 'Buchli', 'vici_2@hotmail.com', '079 338 92 02', 'Biohof Pro d''Alva', 'Pro d''Alva 1, 7412 Scharans, Graubünden'),
('179c52d0-fc6e-4ae8-a3a8-76a406bbf5b2', 'Benjamin', 'Prevost', 'info@biohofquadrella.ch', '079 317 00 47', 'Biohof Quadrella', 'Fuschina 103, 7545 Guarda, Graubünden'),
('91aa3a9a-c5ee-43d3-a508-70a3bebf7f8c', 'Jan', 'Reichert', 'reichert_90@hotmail.com', '079 822 94 34', 'Biohof Reichert', 'Garten 4, 8487 Zell, Zürich'),
('4e13d475-51e5-42bf-afad-c5d9ef721330', 'Weriand', 'Koch', 'reukliweid@gmail.com', '056 508 50 65', 'Biohof Reukliweid', 'Reukliweid, 6110 Wolhusen, Luzern'),
('1745561d-f765-478b-8db6-b55f48f7ad90', 'Bruno', 'Salis-Keller', 'salis.bruno@bluewin.ch', '079 610 51 39', 'Biohof Salis', 'Tges Alva 401, 7457 Bivio, Graubünden'),
('57192adc-0254-40ae-9e87-b869bb9663d5', 'Matthias', 'Schär', 'willkommen@biohof-schaer.ch', '062 752 11 42', 'Biohof Schär', 'Grienmattweg 1, 4805 Brittnau, Aargau'),
('3cf8f524-7526-488e-b955-17d3af14e14d', 'Dieter', 'Scheibler', 'info@biohof-scheibler.ch', '062 797 59 43', 'Biohof Scheibler', 'Lauterbachstrasse 11, 4665 Oftringen, Aargau'),
('ba4d2bb0-ab3c-4b8e-becf-d8588836ffe2', 'Susanne', 'Kalapos', 'info@biohof-schiesser.ch', '081 651 61 80', 'Biohof Schiesser', 'Dalaus, 7425 Masein, Graubünden'),
('9db045c3-11d1-4115-a101-6960729187ab', 'Samuel', 'Schneider', 'schneider_regula@gmx.ch', '031 503 13 40', 'Biohof Schore', 'Schore 426, 3176 Neuenegg, Bern'),
('da914645-264f-4f43-ad76-d8fd3e516572', 'Robert', 'Schwander', 'biohofschwander@bluewin.ch', '041 910 18 51', 'Biohof Schwander', 'Reckholdern 1, 6283 Baldegg, Luzern'),
('8928b642-4127-478d-9a4b-56c1a4d36ad0', 'Anton', 'Seeli', 'anton.seeli@gmail.com', '079 682 28 94', 'Biohof Seeli', 'Via Priel 3, 7158 Waltensburg/Vuorz, Graubünden'),
('f177c188-fff6-464f-b5e3-b961f041601b', 'Patrick', 'Dönz', 'p.donz87@gmail.com', '078 612 84 54', 'Biohof Sendas', 'Sendas 2, 7423 Sarn, Graubünden'),
('102290f0-e72c-4a7e-b224-0c147980746b', 'Simon', 'Vögeli', 'stauffenbuehl@gmail.com', '033 557 83 83', 'Biohof Stauffenbühl', 'Stauffenbühl 140, 3664 Burgistein, Bern'),
('cf7006b6-1f21-46b1-8f4c-dd5052451d7a', 'Martina', 'Frei', 'info@biohofstierva.ch', '081 925 19 36', 'Biohof Stierva', 'Veia Mezvei 17, 7459 Stierva, Graubünden'),
('7afeea02-0abb-4a3a-b32e-cf46b1bec2e9', 'Gabriel', 'Epp', 'biohof@stigli.ch', 'N.a.', 'Biohof Stigli', 'Stigli 1, 6422 Steinen, Schwyz'),
('c8e0ebb3-32d1-4c60-8814-069905f2a43a', 'Peter', 'Mathis', 'info@hof-surri.ch', '081 328 16 89', 'Biohof Surri', 'Foppastrasse 4, 7226 Stels, Graubünden'),
('d5c73887-010f-4460-963c-50863efa273f', 'Elias', 'Casanova', 'siat.casanova@outlook.com', '079 103 98 01', 'Biohof Termun', 'Via Termun 2, 7157 Siat, Graubünden'),
('a2218514-0af2-4a2a-b9dc-ae973049cc61', 'Petra', 'Langhart', 'info@biohoftrottengarten.ch', '052 745 27 46', 'BIOHOF TROTTENGARTEN', 'Breitenweg 1, 8477 Oberstammheim, Zürich'),
('71a3c171-1217-4e26-b580-ebbffe09a4ab', 'Ady', 'Inderbitzin', 'info@truempis.ch', '055 412 64 42', 'Biohof Trümpis', 'Trümpis 2, 8849 Alpthal, Schwyz'),
('84ab0b97-cc84-4615-a051-61ce05f5b6b4', 'Martina', 'Meier-Schuler', 'info@biohof-ueberwurf.ch', '041 835 10 09', 'Biohof Überwurf', 'Lutzistrasse 33, 6417 Sattel, Schwyz'),
('eb8ff749-cac5-411a-9a00-46a09cf4b750', 'Felix', 'Bruderer', 'fkbruderer@hotmail.com', '052 378 14 35', 'Biohof unten im Dorf', 'Möriswangstrasse 13, 9545 Wängi, Thurgau'),
('24d4ece1-ef2b-456a-b0b7-33a304a056a4', 'Markus', 'Mischler', 'info@biohofunterwahlern.ch', '031 731 35 46', 'Biohof Unterwahlern', 'Unterwahlern 10, 3150 Schwarzenburg, Bern'),
('e1e405c9-de40-4dd3-9015-b453eaeea371', 'Beni', 'Wunderli', 'biohof@uttenwil.ch', '071 988 56 01', 'Biohof Uttenwil', 'Uttenwil 291, 9620 Lichtensteig, St. Gallen'),
('c491913b-231f-47bd-8a50-e8e8f05bc6bd', 'Dominik', 'Leu', 'info@biohof-waldegg.ch', '044 865 04 38', 'Biohof Waldegg', 'Waldeggstrasse 42, 8424 Embrach, Zürich'),
('d108c4ad-fb97-4800-b55a-19ac487e5b6a', 'Peter', 'Zimmermann', 'info@biohof-wattwil.ch', '052 743 17 52', 'Biohof Wattwil', 'Wattwilerhof 2, 5462 Siglistorf, Aargau'),
('16097784-50b9-4e3a-8abd-8c028f826e50', 'Alex', 'Lusti', 'info@biohof-weisserlen.ch', '079 566 69 50', 'BioHof Weisserlen', 'Weisserlen 2, 8824 Schönenberg, Zürich'),
('62b6f536-ae8c-4897-a72c-d1f290292a5c', 'Gabriel', 'Peter', 'biohof-wellberg@gmx.ch', '078 721 45 17', 'Biohof Wellberg', 'Ausser-Wellberg 1, 6130 Willisau, Luzern'),
('657c9fe2-343f-4367-b59f-6cf028a035ff', 'Guido', 'Wigger', 'biohof@wigger-obernau.ch', '041 320 22 15', 'BIOHOF WIGGER OBERNAU', 'Ober Hackenrain 1, 6012 Obernau, Luzern'),
('03116d60-844c-4559-8166-c84c812614c5', 'Beat', 'Wüthrich', 'wingey@bluewin.ch', '034 495 61 46', 'Biohof Wingey', 'Hinter Wingey 455, 3555 Trubschachen, Bern'),
('ba238632-cf38-41b7-9f44-b8b87c96e77c', 'Bruno', 'Wirth', 'info@buurehof.ch', '061 841 06 50', 'Biohof Wirth', 'Hirsacker 104, 4305 Olsberg, Aargau'),
('d5dc7894-a978-4d80-993d-43c295569dbe', 'Walter', 'Lussi-Durrer', 'bio-hof.wydacher@brunaline.ch', '041 610 74 48', 'Bio-Hof Wydacher', 'Wydacher 1, 6370 Oberdorf, Nidwalden'),
('884a5408-5a40-4d05-942a-17f9874d9757', 'Robert', 'Hasenfratz', 'rhasenfratz@bluewin.ch', '052 746 15 02', 'Biohof Wyden', 'Wyden 12, 8524 Uesslingen, Thurgau'),
('4167c03e-4fba-4d31-a719-16063cda3d78', 'Niklaus', 'Zaugg', 'info@biohofzaugg.ch', '031 761 00 57', 'Biohof Zaugg AG', 'Moosgasse 21, 3305 Iffwil, Bern'),
('24ace287-700f-4bf0-aa9c-3d3d709287f2', 'Stefan', 'Zollinger', 'zollinger.maur@gmail.com', '079 411 68 46', 'Biohof Zollinger', 'Rellikonstrasse 1, 8124 Maur, Zürich'),
('85510ca2-cd2a-463e-b76b-898abfc059de', 'Toni', 'Niederberger', 'laden@biohofzug.ch', '041 711 97 02', 'Biohof Zug', 'Artherstrasse 59, 6300 Zug, Zug'),
('5704e783-9ada-4b66-8d48-ab2718f2984e', 'Urs', 'Adam', 'urs.adam@bluewin.ch', '032 621 36 80', 'Biohof-Adam', 'Langendorfstrasse 8, 4515 Oberdorf, Solothurn'),
('0202ffe6-296c-4ac9-ab14-d783792a05bc', 'Stefan', 'Eberli', 'biohof-emmetti@outlook.com', '079 450 85 64', 'Biohof-Emmetti', 'Emmetti 1, 6074 Giswil, Obwalden'),
('46d368b6-812d-4643-bd0b-00d206265ec7', 'Hanspeter', 'Hofer', 'info@biohofer.ch', '034 497 13 37', 'Biohofer', 'Ried 170a, 3543 Emmenmatt, Bern'),
('74529f35-95be-4f76-8326-93743ed85c8e', 'Marinette', 'Krieg', 'krieg-stucki@bluewin.ch', '031 781 41 05', 'Biohof-Krieg', 'Wilstrasse 16, 3114 Wichtrach, Bern'),
('d86e7fa3-d040-4a8c-9b4b-e0ace24966cf', 'Andreas', 'Müller', 'biohof-mueller@bluewin.ch', '062 752 11 16', 'Biohof-Müller', 'Sägetstrasse 160, 4802 Strengelbach, Aargau'),
('d738a307-6d2b-48a2-b26c-5d23a02530b4', 'Patrick', 'Guarisco', 'info@bio-hofwerk.ch', '079 847 85 32', 'BiO-HOFWERK', 'Dorfstrasse 20, 8525 Wilen b. Neunforn, Thurgau'),
('db6cd7ed-ceb1-4e4b-9529-bf4d5522243b', 'Christoph', 'Schäfer', 'christoph.schaefer@bioinitials.com', 'N.a.', 'BioInitials AG', 'Moosackerweg 19, 4105 Biel-Benken, Basel-Land'),
('254aa4dd-ea98-4039-a3b1-3de8c65a702c', 'Sandra', 'Locher', 'info@biokosmetik-locher.ch', '034 496 51 17', 'Biokosmetik Sandra Locher', 'Langnaustrasse 32, 3436 Zollbrück, Bern'),
('95fe4764-c6ad-4c42-8218-5e8e406c55aa', 'Cornelia', 'Hollenstein', 'info@biolade.ch', '071 951 60 33', 'Biolade Lindengarten Doris Wagner', 'Im Lindengarten 16, 9242 Oberuzwil, St. Gallen'),
('cb735f45-0a32-4cdd-8df2-bc1a02675129', 'Martin', 'Häggi', 'biodavos@bluewin.ch', '081 413 10 04', 'Bioladen Davos', 'Talstraße 19, 7270 Davos, Graubünden'),
('6930491f-d187-42ff-89d1-35a21f31d368', 'Oliver', 'Rüegsegger', 'oliver.rueegsegger@dondrin-naturkost.ch', '055 240 60 59', 'Bioladen Glück unverpackt', 'Dorfstrasse 4, 8630 Rüti, Zürich'),
('1583da37-299c-4bcb-aac3-7839539eadef', 'Carmen', 'Trutmann', 'bioladen.salvia@bluewin.ch', '056 631 14 25', 'Bioladen Salvia, Carmen Trutmann', 'Obertorplatz 1, 5620 Bremgarten, Aargau'),
('a0d1b96b-d81a-4b71-b355-33c8fce15e2d', 'Manuela', 'Heyne', 'web@stoeckenweid.ch', '043 844 10 77', 'Bioladen Stöckenweid', 'Schulhausstrasse 18, 8706 Meilen, Zürich'),
('2f7d918b-cd8e-4bdb-b780-325b4a22352f', 'Natalie', 'Erni', 'bioladen-uznach@bluewin.ch', '055 280 49 42', 'Bioladen Uznach Erni', 'Burgerfeldstrasse 4, 8730 Uznach, St. Gallen'),
('630e372c-c625-4152-bd47-312d1b3651ac', 'Elena', 'Baumann', 'info@bioplusfair.ch', '071 988 26 77', 'Bioladen Wattwil', 'Volkshausstrasse 21, 9630 Wattwil, St. Gallen'),
('aefb950c-35c7-49a2-8664-4b88f4b06602', 'Samuel', 'Müller', 'samuel@mueller-steinmaur.ch', '044 853 23 00', 'BioLand Agrarprodukte AG', 'Hauptstrasse 56, 8162 Steinmaur, Zürich'),
('86bb5966-f08b-4e8f-b4a5-b53713464964', 'Peter', 'Ackermann', 'ackermann.bio@bluewin.ch', '071 952 61 81', 'Bioland- und Gemüsebau', 'Haslen 597, 9244 Niederuzwil, St. Gallen'),
('0dbc389e-d7ea-4f3c-ab48-5f511f09f447', 'Bruno', 'Zähner', 'info@biolandbau-guggenbuel.ch', '078 632 84 46', 'Biolandbau Guggenbüel', 'Im Guggenbüel 3, 8308 Illnau, Zürich'),
('b69df627-8607-4c81-ab6e-4bd2d269e030', 'Eunji', 'Yoo', 'info@bioleben-switzerland.com', '078 664 97 22', 'BIOLEBEN Switzerland GmbH', 'Säntisstrasse 24, 9240 Uzwil, St. Gallen'),
('d3310599-da64-4229-ae7e-139cbb52ad0b', 'Christian', 'Maurer', 'bio@laferme1794.ch', '026 565 46 12', 'Bioleguma', 'Perrettenweg 9, 3216 Ried b. Kerzers, Fribourg/Freiburg'),
('fe519f17-7531-40a7-9795-0c9813672cc0', 'Dominic', 'Amacher', 'dominic.amacher@biollay-spezialbau.ch', '031 533 55 41', 'Biollay Spezialbau AG', 'Rehhagstrasse 3, 3018 Bern, Bern'),
('a5032ba4-af29-41e0-aa7f-3cf42e54b967', 'Gianni', 'Di Franco', 'info@biologisch-difranco.ch', '062 558 71 59', 'BIO-LOGISCH!', 'Lenzburgerstrasse 2, 5702 Niederlenz, Aargau'),
('3fb34142-8824-40c4-bdd4-d27f0138f7f8', 'Hans-Jörg', 'Bühler-Hugi', 'buehler@biologische-praxis.ch', '055 422 32 71', 'BioLogische Praxis', 'Neuburgstrasse 3, 8840 Einsiedeln, Schwyz'),
('e983dccf-1a21-4889-9c5c-4c305c8113ba', 'Stefan', 'Rupp', 'info@biologische-tagesklinik.ch', '071 354 80 00', 'Biologische Tagesklinik Dr. Rupp', 'Kasernenstrasse 30, 9100 Herisau, Appenzell Ausserrhoden'),
('cc530d78-3fd7-47e8-a4ae-6f84b636361b', 'Martin', 'Lüssi', 'bioluessi@bluewin.ch', '052 385 11 88', 'Biolüssi Wärmeverbund GmbH', 'Ramsbergstrasse 2, 8488 Turbenthal, Zürich'),
('92d09ab5-514d-407d-ba48-331a7bee3ce7', 'Adrian', 'Härri', 'info@biolytix.ch', '061 725 20 70', 'Biolytix AG', 'Neumattweg 16, 4243 Dittingen, Basel-Land'),
('78f9d397-e913-441a-bdc3-228f07d78fe0', 'Rebecca', 'Tschumi', 'biomarkt@murimoos.ch', '056 675 72 62', 'Bio-Markt Murimoos', 'Murimoos, 5630 Muri, Aargau'),
('9e9d4cde-3f0b-407c-ba6a-17c9fc6c7698', 'Nicolin Simon', 'Sonder', 'info@bio-einstreu.ch', '081 515 18 35', 'Biomassa Grischun GmbH', 'Gneida 4, 7462 Salouf, Graubünden'),
('870733ba-ebda-4493-bdc5-57fb63d226b0', 'Rolf', 'Erb', 'info@biomassehof.ch', '052 222 67 60', 'Biomassehof AG', 'Zürcherstrasse 350, 8406 Winterthur, Zürich'),
('773ae92a-723d-4183-837f-918e7fe628b2', 'Thomas', 'Lüthy', 'thomas.luethy@bkw.ch', '076 370 14 87', 'Biomassekraftwerk Otelfingen AG', 'Harbernstrasse 19, 8112 Otelfingen, Zürich'),
('b7c9756a-ebde-4402-925c-d04af7490371', 'Thomas', 'Rau', 'info@biomed-sonnenberg.com', '071 353 36 36', 'BioMed Center Sonnenberg AG', 'Sonnenberg 16, 9103 Schwellbrunn, Appenzell Ausserrhoden'),
('65766460-7100-406b-b07e-33e960547ff6', 'Markus', 'Dätwyler', 'info@bio-medica-basel.ch', '061 283 77 77', 'Bio-Medica Fachschule GmbH', 'Schweizergasse 33, 4054 Basel, Basel-Stadt'),
('804208ec-119e-4db3-b9a5-2cab4c680d92', 'Markus', 'Hosang', 'hosang@biomedvc.com', '079 456 38 12', 'BioMedPartners AG', 'Elisabethenanlage 11, 4051 Basel, Basel-Stadt'),
('9c5595df-4831-49d1-82d3-94f97f471910', 'Hanspeter', 'Meier', 'biomeier@bluewin.ch', '056 246 22 18', 'Biomeier', 'Hauptstrasse 103, 5324 Full-Reuenthal, Aargau'),
('86330532-8a2a-4681-8644-81abd638ab3d', 'Walter', 'Niederberger', 'wn@bio-metzg.ch', '062 922 18 13', 'Bio-Metzg AG', 'Erlenweg 6, 3422 Kirchberg, Bern'),
('e562cee3-1ff9-475f-8a14-cd0977eb768b', 'Martin', 'Thomi', 'info@biomilk.ch', '031 721 64 20', 'Biomilk AG', 'Neufeldstrasse 3, 3076 Worb, Bern'),
('35df5419-54e4-4a61-a8bd-a840712b2bcc', 'Kari', 'Gmür', 'biomobil@bluewin.ch', '056 664 00 62', 'BIOmobil', 'Galizistrasse 6, 5632 Buttwil, Aargau'),
('5d296257-4565-4d66-bdec-beb961b06257', 'Daniel', 'Brändli', 'daniel.braendli@bionbauhaus.ch', '071 420 01 02', 'Bion Bauhaus AG', 'Im Dorf 23, 9203 Niederwil, St. Gallen'),
('e3175bc8-f7ab-467c-9f2f-24b452b23b66', 'Daniel', 'Hermann', 'info@bion4.ch', '079 537 39 36', 'Bion4 GmbH', 'Bionstrasse 4, 9015 St. Gallen, St. Gallen'),
('323afd86-db2e-435f-8e89-ca3dcd1e2daa', 'Tarik', 'Karayel', 'info@crazymodell.ch', '062 295 50 20', 'Bionda Masken Bio & Sandra', 'Oltnerstrasse 89, 4652 Winznau, Solothurn'),
('e185a3f6-b2c1-446d-91ea-9355621dcda7', 'Raffaele', 'Biondo', 'hair@biondoscut.ch', '076 582 05 00', 'Biondo’s Cut', 'Rennweg 12, 8001 Zürich, Zürich'),
('529939e8-0413-45db-971d-2fceebdeb0f7', 'Ulrich', 'Forster', 'composites@biontec.ch', '071 242 72 00', 'Bionic Composite Technologies AG', 'Flurhofstrasse 150, 9000 St. Gallen, St. Gallen'),
('fd81ce78-bab5-4d31-bc1f-bb29d7241224', 'Davide', 'Sposato', 'marketing@bionic-sport.com', '044 252 20 60', 'Bionic Franchise GmbH', 'Ernst-Nobs-Platz 1, 8004 Zürich, Zürich'),
('d1e30ca8-d356-462b-83ab-28bc9d43e3e8', 'Reinhard', 'Vogt', 'info@bionter.com', '077 424 02 75', 'Bionter AG', 'Inzlingerstrasse 238, 4125 Riehen, Basel-Stadt'),
('683e6e43-e00f-477d-a1ca-7f4a3e2de986', 'Helmut', 'Müller', 'bioobst@bluewin.ch', '071 477 28 71', 'Bio-Obst', 'Stocken, 9315 Neukirch (Egnach), Thurgau'),
('d55fcb3b-7d18-4659-a909-ae4540f9406e', 'Marianne', 'Martinelli', 'info@biophanie.ch', '079 358 29 07', 'Biophanie GmbH', 'Junkholzweg 1, 4303 Kaiseraugst, Aargau'),
('fc554c11-0a42-425e-828d-41e5c3f23e5e', 'Jacques G.', 'Fuchs', 'jacques.fuchs@biophyt.ch', '079 216 11 35', 'Biophyt AG', 'Nackthof 41, 5465 Mellikon, Aargau'),
('872d5bd0-ec82-4ce8-9200-a73e8dff92e2', 'Michael', 'Keller', 'info@bio-power.ch', '061 926 16 96', 'Biopower Nordwestschweiz AG', 'Mühlemattstrasse 6, 4410 Liestal, Basel-Land'),
('56623cf3-4256-44c1-9426-781679a62749', 'Vinzenz', 'Hunn', 'v.hunn@bio-hunn.ch', '056 496 23 55', 'Bio-Produkte M. + V. Hunn', 'Unterdorfstrasse 19, 5608 Stetten, Aargau'),
('75d53c21-6257-4d27-9f44-2d2e384d141d', 'Vincent', 'Auberson', 'light@bioptron.com', '043 888 24 00', 'Bioptron AG', 'Sihleggstrasse 23, 8832 Wollerau, Schwyz'),
('c137266c-8e7f-4d65-b222-e4e25e502f3e', 'Stephanie', 'Träger', 'eden@biopunktbasel.com', '061 506 17 16', 'BioPunktBasel Stephanie Traeger', 'Mülhauserstrasse 78, 4056 Basel, Basel-Stadt'),
('0a69807b-c30c-4acc-8ad1-3afa3813f234', 'Felix', 'Meier', 'info@biorana.ch', '044 929 15 16', 'Biorana GmbH Naturgärten - Umweltberatung', 'Bäpur 41, 8618 Oetwil am See, Zürich'),
('9ce29274-97fa-4031-bd45-8226e83cb2b2', 'Dijana', 'Stolz', 'admin@bioreba.ch', '061 712 11 25', 'Bioreba AG', 'Christoph Merian-Ring 7, 4153 Reinach, Basel-Land'),
('1777ecd0-62b2-4037-a038-e28f31fa0370', 'Pascal', 'Winnen', 'info@bioreperia.com', 'N.a.', 'BioReperia AG', 'Kasernenstrasse 30, 4410 Liestal, Basel-Land'),
('e9f299ce-c10d-4730-bd16-3bc3c928860f', 'Alexandra', 'Moser', 'alexandra.moser@almoka.ch', '078 823 19 95', 'Bioresonanz & Shiatsu Therapie', 'Bodenmattweg 12, 5082 Kaisten, Aargau'),
('2833bab9-a8d8-4210-af12-7d8161e4de14', 'Melanie', 'Kunz', 'bioresonanz-naturheilpraxis@bluewin.ch', '044 940 53 50', 'Bioresonanz Naturheilpraxis Melanie Kunz', 'Florastrasse 38, 8610 Uster, Zürich'),
('7fd72984-0e2f-493c-b754-7aafaa1280e9', 'Silvia', 'Herren-Hollenstein', 'silvia-herren@bluewin.ch', '077 477 87 12', 'Bioresonanz und Naturheilpraxis', 'Breitenrainweg 22, 5703 Seon, Aargau'),
('45d8f480-6fa9-4614-bd9d-ea826ab40ece', 'Susanne', 'Rölke', 'info@bioresonanzzentrum.ch', '076 330 27 60', 'Bioresonanzzentrum', 'Im Heidacher 4, 8620 Wetzikon, Zürich'),
('d187eac2-33fd-4a02-84d6-8fb10c8565ab', 'Patrick', 'Fuchs', 'info@samaranatura.ch', '044 586 27 27', 'BioSamara GmbH c/o Stiftung Ancora-Meilestei', 'Werkstrasse 3, 8620 Wetzikon, Zürich'),
('5bf7bdb3-b023-490a-8649-e5f3ccd08989', 'Talitha', 'Federle', 'info@biosana.ch', '031 771 23 01', 'Biosana AG', 'Industriestrasse 16, 3672 Oberdiessbach, Bern'),
('d3d99f23-096d-4dd9-9fd0-672422f5326d', 'Oskar', 'Bärtschi', 'baertschio@gmail.com', '079 303 61 37', 'BiOsk, Oskar Bärtschi', 'Rebenweg 7, 9470 Buchs, St. Gallen'),
('b247f634-2f42-4f18-8fb8-a1a516460fdd', 'Esther', 'Köppel', 'esther.koeppel@biosmart.ch', '031 318 28 08', 'Biosmart GmbH', 'Weihergasse 11, 3005 Bern, Bern'),
('d9e06255-cda3-4a19-b8c7-76bd1dc9602f', 'Beat', 'Disler', 'laden@biosphaere-berg-kaeserei.ch', '041 484 21 41', 'Biosphäre Berg-Käserei Entlebuch AG', 'Hauptstrasse 17, 6170 Schüpfheim, Luzern'),
('cf7ae579-9a4b-4a2f-ba0f-741b4a753623', 'Glenn', 'Stanley', 'glenn.stanley@biostart.ch', '043 444 02 05', 'BIOSTART Consulting GmbH', 'Schwärzen 33, 8185 Winkel, Zürich'),
('019bef70-c5e9-42d4-8fc1-47f886e96c1b', 'Erkan Hasan', 'Inan', 'info@biosti.ch', '026 494 26 01', 'BIOSTI (Swiss technology of implantology and biomaterials) GmbH', 'Zelgstrasse 29, 1712 Tafers, Fribourg/Freiburg'),
('6f06ec05-b949-4f93-8511-7adaa1309fcf', 'Fabio', 'Maissen', 'info@biostruct.ch', '044 972 15 48', 'BioStruct GmbH', 'Hofstrasse 91a, 8620 Wetzikon, Zürich'),
('d055ed3a-c37b-467c-96bb-8bdbb1e0395d', 'Delf', 'Heger', 'info@bioswisstec.com', '078 619 95 50', 'Bioswisstec AG', 'Ebnatstrasse 65, 8200 Schaffhausen, Schaffhausen'),
('8919048e-a084-4c2e-9c42-622bf2cfe1bd', 'Urs', 'Spitz', 'urs.spitz@biosynth.ch', '071 858 20 20', 'Biosynth AG', 'Rietlistrasse 4, 9422 Staad, St. Gallen'),
('39bd908c-42be-44a0-bc38-609c91a283bd', 'Eliane', 'Aebi', 'info@biosystems.ch', '061 795 96 10', 'Biosystems Switzerland AG', 'Hofackerstrasse 40a, 4132 Muttenz, Basel-Land'),
('ab41c25e-9b50-4731-8447-bb4a6084a834', 'Oliver', 'Kälin', 'info@biotalent.com', 'N.a.', 'BioTalent GmbH', 'Baarerstrasse 135, 6300 Zug, Zug'),
('afa35488-3a92-4113-baa9-6f3d186e07e0', 'Serge', 'Perriard', 'contact@biotalk.ch', '079 421 34 58', 'BioTalk GmbH', 'Dorfstrasse 22, 8126 Zumikon, Zürich'),
('de2d6076-ec59-4757-9b87-048fe8f1df4d', 'Wolfgang', 'Minas', 'info@biotech-concepts.com', 'N.a.', 'Biotech Concepts GmbH', 'Regensdorferstrasse 5, 8049 Zürich, Zürich'),
('8d57ed18-c668-4a9a-b635-351e48595c4e', 'Mario', 'Jenni', 'mario.jenni@bio-technopark.ch', '076 336 99 44', 'BIO-TECHNOPARK Schlieren-Zürich c/o GHZ Gewerbe- und Handelszentrum Schlieren AG', 'Wagistrasse 23, 8952 Schlieren, Zürich'),
('504880a1-3356-419f-b724-f0f9de86498f', 'Lukas', 'Krüsi', 'info@biotektron.ch', '071 414 04 44', 'Biotektron AG', 'Weinfelderstrasse 113, 8580 Amriswil, Thurgau'),
('19ed19b4-a0e9-4839-ac69-a6144df8b02f', 'Christine', 'Kunovits', 'c.kunovits@bioterra.ch', '044 454 48 48', 'Bioterra', 'Scheideggstrasse 73, 8038 Zürich, Zürich'),
('b40b057f-444d-4e46-9fb8-f84bf2c747cc', 'Martina', 'Siegrist', 'linkes.zuerichseeufer@bioterra.ch', '044 454 48 45', 'Bioterra Schweiz', 'Scheideggstrasse 73, 8038 Zürich, Zürich'),
('f391bdfd-7a43-4bb2-b736-fa2033862211', 'Dieter', 'Naeher', 'dieter.naeher@biotest.com', '062 889 00 00', 'Biotest (Schweiz) AG', 'Schützenstrasse 17, 5102 Rupperswil, Aargau'),
('fd03d85e-85d7-4fe3-9cc7-ab1853e6ec0b', 'Josef Nicola', 'Macaluso', 'info@biotoolswiss.com', '034 423 50 60', 'BioTool AG', 'Industrie Neuhof 9, 3422 Kirchberg, Bern'),
('1c420933-5905-41ae-be81-d07c15524c33', 'Lukas', 'de Boer', 'info@biotopf.ch', '079 810 45 07', 'Biotopf Garten & Holz, Lukas de Boer', 'Lochweg 2, 8636 Wald, Zürich'),
('4a9cf025-3810-481d-b4fa-d6fed243557f', 'Marcel', 'Ackermann', 'sales@biotronik.ch', '041 560 36 60', 'Biotronik Schweiz AG', 'Neuhofstrasse 4, 6341 Baar, Zug'),
('41bc9fee-19f2-481a-9996-ef78e5b19960', 'Daniel', 'Lutz', 'info@biotta.ch', '071 466 48 70', 'Biotta AG', 'Pflanzbergstrasse 8, 8274 Tägerwilen, Thurgau'),
('fa781f05-485f-453a-8ff9-7806ad4d9612', 'Markus', 'Johann', 'info@bioverita.ch', '062 965 39 70', 'bioverita Geschäftsstelle', 'Schmidenmattweg 11, 4900 Langenthal, Bern'),
('040fe185-2509-4a1e-a333-8b4fe389d16b', 'Marc', 'Gitzinger', 'info@bioversys.com', '061 633 22 50', 'Bioversys AG', 'Hochbergerstrasse 60c, 4057 Basel, Basel-Stadt'),
('f0b0fe79-358d-48f2-88b4-c0f37efe521b', 'Bruno', 'Martin', 'info@biovin-martin.ch', '079 432 05 07', 'Biovin Martin', 'Dorfgasse 63, 2514 Ligerz, Bern'),
('f113a4b2-322f-4ce1-bde6-80cdeeefe39d', 'Frank', 'Eyhorn', 'f.eyhorn@biovision.ch', '044 512 58 58', 'Biovision', 'Heinrichstrasse 147, 8005 Zürich, Zürich'),
('1800f3ac-3790-46e5-89ba-3631e84987da', 'Peter', 'Hofstetter', 'info@biow.ch', '041 743 14 14', 'Biow Health & Beauty AG', 'Bundesplatz 9, 6300 Zug, Zug'),
('a9e4ec19-7d33-4742-bea1-6e77831ddd51', 'Roland', 'Lenz', 'info@weingut-lenz.ch', '052 746 13 86', 'Bioweingut Lenz AG', 'In Iselisberg 23, 8524 Uesslingen, Thurgau'),
('80398905-5437-46c2-8a30-85d7d3952e37', 'Nora', 'Breitschmid', 'nora.breitschmid@sitenrain.ch', '041 377 37 70', 'Bioweingut Sitenrain', 'Sitenstrasse 6, 6045 Meggen, Luzern'),
('4c99d947-d33a-43fb-add2-bc9175dddb22', 'Gerda', 'Zürcher', 'info@biowelt-amriswil.ch', '071 411 19 18', 'Biowelt', 'Bahnhofstrasse 35, 8580 Amriswil, Thurgau'),
('0b99b57d-6d03-46e1-82e7-59580cc46022', 'Alexander', 'Fierz', 'info@biplast.ch', '071 424 22 80', 'Biplast AG', 'Langäckerstrasse 13, 8589 Sitterdorf, Thurgau'),
('0af29d3b-a4e2-4ce7-bdbc-6458d9a583e0', 'Michel', 'Strub', 'brot@bipperbeck.ch', '032 633 14 23', 'Bipperbeck', 'Wydenstrasse 16, 4704 Niederbipp, Bern'),
('ea893f3e-efd2-4946-a328-04be33ec0300', 'Fabian', 'Biraghi', 'info@biraghi.ch', '071 845 54 52', 'Biraghi GmbH', 'Hauptstrasse 6, 9403 Goldach, St. Gallen'),
('8ce426ce-3bcf-47bf-a531-015fe287689c', 'Rolf', 'Müller', 'info@biral.ch', '031 720 90 00', 'Biral AG', 'Südstrasse 10, 3110 Münsingen, Bern'),
('67424027-af3d-454d-a534-84b04c74986a', 'Christoph', 'Vogel', 'office@bircherag.ch', '062 855 55 55', 'Bircher AG', 'Tramstrasse 79, 5034 Suhr, Aargau'),
('922335d9-3dd4-430f-baac-4ef5f167fe29', 'Ivan', 'Michel', 'ivan.michel@bircherplatten.ch', '033 654 24 24', 'Bircher Plattenbeläge AG', 'Sonnenrain 11, 3700 Spiez, Bern'),
('3adb5e74-c10f-456a-9912-59456e916927', 'Manuel', 'Bircher', 'manuel.bircher@bircher-sanitaer.ch', '041 624 40 70', 'Bircher Sanitäre Anlagen AG', 'Stanserstrasse 104, 6373 Ennetbürgen, Nidwalden'),
('561e930d-822d-43e2-901f-cbbbc2061397', 'Theodor', 'Bircher', 'tb@bircherseilbahnen.ch', '079 682 77 21', 'Bircher Seilbahnen GmbH', 'Hahnenmoosstrasse 38, 3715 Adelboden, Bern'),
('4240ac36-f629-4378-8d4e-67bc9e8dfa91', 'Ruedi', 'Birchler', 'r.birchler@birchler-architektur.ch', '055 412 77 17', 'Birchler Architektur AG', 'Allmeindstrasse 17, 8840 Einsiedeln, Schwyz'),
('d76aa5bc-55f9-4d45-9f35-65a4b6268880', 'Othmar', 'Birchler', 'info@birchlerholzbau.ch', '055 412 27 65', 'Birchler Holzbau AG', 'Zürichstrasse 20a, 8840 Einsiedeln, Schwyz'),
('8326c3dc-de5c-4980-84f9-f9efcc1e3c4b', 'Hanspeter', 'Birchler-Bösch', 'info@birchlerindeko.ch', '041 377 29 54', 'Birchler Innendekorationen', 'Hauptstrasse 11, 6045 Meggen, Luzern'),
('81c25f91-8921-448c-b66b-b8ae06f05243', 'Markus', 'Birchmeier', 'verkauf@birchmeier-ag.ch', '056 633 77 77', 'Birchmeier AG', 'Oberebenestrasse 61, 5620 Bremgarten, Aargau'),
('6f371e6e-f6a3-48cf-b584-71b1a1063894', 'Markus', 'Birchmeier', 'haustechnik@birchmeier-ag.ch', '056 633 77 77', 'Birchmeier AG-Bremgarten', 'Oberebenestrasse 65, 5620 Bremgarten, Aargau'),
('16b03e54-0fcd-47c1-8ce3-748d8356b89c', 'Reto', 'Ryffel', 'reto.ryffel@birchmeier-gruppe.ch', '056 269 21 21', 'Birchmeier Bau AG', 'Gewerbestrasse 21, 5312 Döttingen, Aargau'),
('8ca9b80b-b9da-4e78-9465-82c591f9780e', 'Michel', 'Peter', 'michel.peter@birchmeier-gruppe.ch', '056 269 21 60', 'Birchmeier Baumanagement AG', 'Gewerbestrasse 21, 5312 Döttingen, Aargau');

INSERT INTO leads (id, contact_id, source, status, value, notes) VALUES
('e06be432-ec42-40f9-8a52-e568a3cf1815', '55ff2c02-e4aa-413f-bbe0-2fdc5ad7380b', 'KALTAKQUISE', 'ACTIVE', 0, 'Funktion: Geschäftsführer/in (CEO) | Mitarbeiter: 1 bis 10 | Branche: Hofläden & Bauernhöfe'),
('e871188b-f98b-457a-b26f-af6730906f92', 'b18e72e4-5993-446d-9366-93ccc281b14c', 'KALTAKQUISE', 'ACTIVE', 0, 'Funktion: Geschäftsführer/in (CEO) | Mitarbeiter: 1 bis 10 | Branche: Hofläden & Bauernhöfe'),
('52f258d8-ad77-498c-8d03-0d37e2d0a241', '1970c9b8-16c9-4155-b90e-0a2271a72887', 'KALTAKQUISE', 'ACTIVE', 0, 'Funktion: Geschäftsführer/in (CEO) | Mitarbeiter: 1 bis 10 | Branche: Bio-Betriebe / Hofläden & Bauernhöfe'),
('f4cc4fc9-2715-4bde-8d0d-6945f5706f55', 'bce1873a-5306-4e72-afe5-279ec6c284fb', 'KALTAKQUISE', 'ACTIVE', 0, 'Funktion: Geschäftsführer/in (CEO) | Mitarbeiter: 1 bis 10 | Branche: Nachhaltigkeitsbereich'),
('eebe4d8b-9f37-42af-bcee-397dc79ca740', '26eaa123-b57f-48f9-b735-785382807184', 'KALTAKQUISE', 'ACTIVE', 0, 'Funktion: Geschäftsführer/in (CEO) | Mitarbeiter: 1 bis 10 | Branche: Bio-Betriebe / Lebensmittelverarbeitung'),
('e77dc5f0-37c9-4865-9dfd-f2a77379d572', 'afcb239c-de05-4699-98ee-d97e98da38ea', 'KALTAKQUISE', 'ACTIVE', 0, 'Funktion: Geschäftsführer/in (CEO) | Mitarbeiter: 1 bis 10 | Branche: Bio-Betriebe / Hofläden & Bauernhöfe / Nachhaltigkeitsbereich'),
('2488c52c-3a5b-44e3-8f54-6bae210ce5e3', '05033b91-0349-433a-9348-b5d6ad549ac4', 'KALTAKQUISE', 'ACTIVE', 0, 'Funktion: Geschäftsführer/in (CEO) | Mitarbeiter: 1 bis 10 | Branche: Hofläden & Bauernhöfe'),
('0a283cc7-2654-47ad-9ef1-b0ccf92d9632', '7728af3a-ada6-450e-b143-aaecc1108c1c', 'KALTAKQUISE', 'ACTIVE', 0, 'Funktion: Geschäftsführer/in (CEO) | Mitarbeiter: 1 bis 10 | Branche: Hofläden & Bauernhöfe'),
('5a6ab1be-ee8d-4c7f-9514-cbd789493cbd', '0d6fa761-46c1-4cee-9ca4-0e853f0e7f3c', 'KALTAKQUISE', 'ACTIVE', 0, 'Funktion: Geschäftsführer/in (CEO) | Mitarbeiter: 1 bis 10 | Branche: Hofläden & Bauernhöfe'),
('0dfca415-f485-499e-b67e-34f5f95316ee', 'f1ac454e-d7d8-4913-9be5-9aa2dc5cd16f', 'KALTAKQUISE', 'ACTIVE', 0, 'Funktion: Geschäftsführer/in (CEO) | Mitarbeiter: 1 bis 10 | Branche: Hofläden & Bauernhöfe'),
('574d41f9-015c-4b90-a640-3e1b6f643c68', 'f3dd0ce0-72ef-4285-a8d6-4c1675691d43', 'KALTAKQUISE', 'ACTIVE', 0, 'Funktion: Geschäftsführer/in (CEO) | Mitarbeiter: 1 bis 10 | Branche: Hofläden & Bauernhöfe'),
('ece1820f-b92b-4a6d-8e9c-f23295564c13', 'da059477-1326-4dc9-9a0e-1ffcc3642b8e', 'KALTAKQUISE', 'ACTIVE', 0, 'Funktion: Geschäftsführer/in (CEO) | Mitarbeiter: 1 bis 10 | Branche: Hofläden & Bauernhöfe'),
('aa849c41-b3c3-4fea-943a-d8ff222353a7', '2fae9dbb-cb09-4621-bc94-23f64eeedc5a', 'KALTAKQUISE', 'ACTIVE', 0, 'Funktion: Gesamtleitung/Direktion | Mitarbeiter: 1 bis 10 | Branche: Beherbergungsstätten'),
('514b72ac-3605-4c8c-99e5-ea8506083ae9', '2ca04daa-a8e5-405b-b5ff-d9a8f9d6e8a1', 'KALTAKQUISE', 'ACTIVE', 0, 'Funktion: Geschäftsführer/in (CEO) | Mitarbeiter: 1 bis 10 | Branche: Hofläden & Bauernhöfe'),
('f14d21d4-bb6d-4228-a069-394745dd792f', 'e7db2677-cdd5-404f-acfc-f42b6ed07685', 'KALTAKQUISE', 'ACTIVE', 0, 'Funktion: Geschäftsführer/in (CEO) | Mitarbeiter: 1 bis 10 | Branche: Hofläden & Bauernhöfe'),
('1a77d0e1-8bab-47a6-adc3-d3a630d6040a', '559cbfa8-7f06-4079-a85f-db751f543dc8', 'KALTAKQUISE', 'ACTIVE', 0, 'Funktion: Geschäftsführer/in (CEO) | Mitarbeiter: 1 bis 10 | Branche: Hofläden & Bauernhöfe'),
('0e6812f9-3225-4197-8a84-709cd091e7f1', 'afbdf1de-4f8e-46b5-b588-ab40fa607db1', 'KALTAKQUISE', 'ACTIVE', 0, 'Funktion: Geschäftsführer/in (CEO) | Mitarbeiter: 1 bis 10 | Branche: Hofläden & Bauernhöfe / Nachhaltigkeitsbereich'),
('04264190-155e-4c7c-9d7f-74a51d441143', '940bb0a8-4035-4756-87fd-2284621c535c', 'KALTAKQUISE', 'ACTIVE', 0, 'Funktion: Geschäftsführer/in (CEO) | Mitarbeiter: 1 bis 10 | Branche: Nachhaltigkeitsbereich'),
('b300820b-3cde-4afa-bb3f-23ccc47c1b3d', '86fd7d8f-9c05-410f-aabf-a81e999f1108', 'KALTAKQUISE', 'ACTIVE', 0, 'Funktion: Geschäftsführer/in (CEO) | Mitarbeiter: 1 bis 10 | Branche: Hofläden & Bauernhöfe'),
('37fc22c3-baf7-4828-b553-1bb97bdb649b', 'dc36bbda-5cf2-4577-876d-db22e84dd18d', 'KALTAKQUISE', 'ACTIVE', 0, 'Funktion: Geschäftsführer/in (CEO) | Mitarbeiter: 21 bis 50 | Branche: Hofläden & Bauernhöfe'),
('f0b02337-c363-43a3-8c9c-dc2eba514e40', '65bc5937-9549-4f76-b7a2-cd129574baa2', 'KALTAKQUISE', 'ACTIVE', 0, 'Funktion: Geschäftsführer/in (CEO) | Mitarbeiter: 1 bis 10 | Branche: Hofläden & Bauernhöfe / Nachhaltigkeitsbereich | Rechtsform: Gesellschaft mit beschränkter Haftung'),
('cdf1ecdd-7a78-45b6-9752-4f5f93722de6', '166c864e-a7aa-43a8-8938-8902c57058f2', 'KALTAKQUISE', 'ACTIVE', 0, 'Funktion: Geschäftsführer/in (CEO) | Mitarbeiter: 1 bis 10 | Branche: Hofläden & Bauernhöfe'),
('64264248-8383-45db-8f1e-b6d4c1a97d2a', '76a518a2-4eac-4a0d-83b9-e2661dcf7485', 'KALTAKQUISE', 'ACTIVE', 0, 'Funktion: Geschäftsführer/in (CEO) | Mitarbeiter: 1 bis 10 | Branche: Hofläden & Bauernhöfe'),
('5b1b2a82-3c3e-48a7-a2e8-c9aaca1e21cf', '42268787-4665-43cc-9433-cb984468ffe9', 'KALTAKQUISE', 'ACTIVE', 0, 'Funktion: Geschäftsführer/in (CEO) | Mitarbeiter: 1 bis 10 | Branche: Nachhaltigkeitsbereich'),
('769cfc30-b419-4f2d-8992-e4ac515bda6c', '02744519-73ff-448b-829e-3c63b4ffa328', 'KALTAKQUISE', 'ACTIVE', 0, 'Funktion: Geschäftsführer/in (CEO) | Mitarbeiter: 1 bis 10 | Branche: Hofläden & Bauernhöfe'),
('f336ecd3-f15e-4443-8875-4765b2eae84d', 'cfb36af8-4207-4e39-9788-831b23da2cb2', 'KALTAKQUISE', 'ACTIVE', 0, 'Funktion: Gesamtleitung/Direktion | Mitarbeiter: 1 bis 10 | Branche: Beherbergungsstätten'),
('00857fe9-317b-421e-903a-a086f4513f3c', '337c3e14-0a20-4b27-b5cd-6bbf918382b4', 'KALTAKQUISE', 'ACTIVE', 0, 'Funktion: Geschäftsführer/in (CEO) | Mitarbeiter: 1 bis 10 | Branche: Hofläden & Bauernhöfe'),
('a3dcd3cc-fdfa-4731-ae36-e5246986c0c1', '1d2c03d3-8e85-4aff-a948-6aef73c87897', 'KALTAKQUISE', 'ACTIVE', 0, 'Funktion: Geschäftsführer/in (CEO) | Mitarbeiter: 1 bis 10 | Branche: Hofläden & Bauernhöfe'),
('f531b310-9fd6-4e3c-80c5-9d327fe2a368', 'f8a7d39b-20ee-400d-b971-fa3e16ab165f', 'KALTAKQUISE', 'ACTIVE', 0, 'Funktion: Geschäftsführer/in (CEO) | Mitarbeiter: 1 bis 10 | Branche: Bio-Betriebe'),
('61a34044-e0ef-42a5-be19-2da650b4df7b', '8412d041-6bcb-4841-a314-4bb367c578d5', 'KALTAKQUISE', 'ACTIVE', 0, 'Funktion: Geschäftsführer/in (CEO) | Mitarbeiter: 1 bis 10 | Branche: Hofläden & Bauernhöfe'),
('9ff0d812-aa8d-416c-a6f9-41ed1042553a', 'c02e3925-6d65-4b7f-b858-9b55d7af35a9', 'KALTAKQUISE', 'ACTIVE', 0, 'Funktion: Geschäftsführer/in (CEO) | Mitarbeiter: 1 bis 10 | Branche: Hofläden & Bauernhöfe'),
('59b21de8-a990-4d66-94e4-32e833fa66a7', '5b3fe6cb-5f3b-4639-9857-88f7e74ec7e0', 'KALTAKQUISE', 'ACTIVE', 0, 'Funktion: Geschäftsführer/in (CEO) | Mitarbeiter: 1 bis 10 | Branche: Bio-Betriebe'),
('37817698-7333-4a29-9275-a1b21961a817', '799dd8df-acd5-48ed-8a09-a2eff78bb8e8', 'KALTAKQUISE', 'ACTIVE', 0, 'Funktion: Geschäftsführer/in (CEO) | Mitarbeiter: 1 bis 10 | Branche: Hofläden & Bauernhöfe'),
('c9a45021-2365-4f49-9e60-42d74cf1ac09', '5f1a562e-9a2b-4beb-9aa6-6341ae2e6656', 'KALTAKQUISE', 'ACTIVE', 0, 'Funktion: Geschäftsführer/in (CEO) | Mitarbeiter: 1 bis 10 | Branche: Hofläden & Bauernhöfe'),
('ae6edd98-2342-4869-8d8c-f141f503d730', '3818005a-b9c4-4ab5-a924-e6003cdc2c38', 'KALTAKQUISE', 'ACTIVE', 0, 'Funktion: Geschäftsführer/in (CEO) | Mitarbeiter: 1 bis 10 | Branche: Hofläden & Bauernhöfe'),
('3fc744e9-0b9c-4fd0-9ee4-a8175692d861', 'd7cdb917-e9f3-45c8-a43a-c2c120c264fc', 'KALTAKQUISE', 'ACTIVE', 0, 'Funktion: Geschäftsführer/in (CEO) | Mitarbeiter: 1 bis 10 | Branche: Hofläden & Bauernhöfe'),
('3130e568-45e5-45fc-aa77-7f537038e8a9', 'b3c58bd5-d401-446a-86f8-98d0132d3252', 'KALTAKQUISE', 'ACTIVE', 0, 'Funktion: Geschäftsführer/in (CEO) | Mitarbeiter: 1 bis 10 | Branche: Hofläden & Bauernhöfe'),
('ab0d199c-b074-4704-91ba-f9c43ce7cbf6', 'a59c6ca2-ef2a-4940-b8be-9b83e94707e9', 'KALTAKQUISE', 'ACTIVE', 0, 'Funktion: Geschäftsführer/in (CEO) | Mitarbeiter: 1 bis 10 | Branche: Hofläden & Bauernhöfe'),
('8e33892d-3bd2-43d0-a465-e31eab75518e', 'b4f48cd1-3eff-472e-92e9-39a514b22c97', 'KALTAKQUISE', 'ACTIVE', 0, 'Funktion: Geschäftsführer/in (CEO) | Mitarbeiter: 1 bis 10 | Branche: Bio-Betriebe'),
('33a18cc9-2897-417c-a185-5c78df330840', '644b2963-211d-4e60-81a5-ecc6ab707264', 'KALTAKQUISE', 'ACTIVE', 0, 'Funktion: Gesamtleitung/Direktion | Mitarbeiter: 1 bis 10 | Branche: Beherbergungsstätten'),
('11526eba-85d4-4566-9c48-7230b8e0ca52', 'de5d6019-3cf7-4ca8-b8cf-455d755de23b', 'KALTAKQUISE', 'ACTIVE', 0, 'Funktion: Geschäftsführer/in (CEO) | Mitarbeiter: 1 bis 10 | Branche: Hofläden & Bauernhöfe'),
('e3173e04-5525-4c7e-9f11-a2b2e8f95f9b', 'e268c0ee-5406-4adb-b5a4-052d0f723f9c', 'KALTAKQUISE', 'ACTIVE', 0, 'Funktion: Geschäftsführer/in (CEO) | Mitarbeiter: 1 bis 10 | Branche: Hofläden & Bauernhöfe'),
('f0ba8d44-08c6-404c-af4b-5b5db3a74cf7', 'f4c78b70-58f2-45e6-9cb3-e8e246023de6', 'KALTAKQUISE', 'ACTIVE', 0, 'Funktion: Geschäftsführer/in (CEO) | Mitarbeiter: 1 bis 10 | Branche: Hofläden & Bauernhöfe'),
('c4e186d4-060e-416a-ab9c-666887022f2c', 'bbcc4384-22f2-4081-ae06-cc8959c7490c', 'KALTAKQUISE', 'ACTIVE', 0, 'Funktion: Geschäftsführer/in (CEO) | Mitarbeiter: 1 bis 10 | Branche: Hofläden & Bauernhöfe'),
('8b15cf8b-a712-4ce6-bf29-7688bab68b6c', '04837aea-62b4-4aff-abac-4d0ab0d109ba', 'KALTAKQUISE', 'ACTIVE', 0, 'Funktion: Geschäftsführer/in (CEO) | Mitarbeiter: 1 bis 10 | Branche: Hofläden & Bauernhöfe'),
('70d53dd4-c6c5-4964-8646-36095a9727fc', '548bdda4-1e43-4d25-bcc7-93fa522acb4b', 'KALTAKQUISE', 'ACTIVE', 0, 'Funktion: Geschäftsführer/in (CEO) | Mitarbeiter: 1 bis 10 | Branche: Hofläden & Bauernhöfe'),
('badd955e-00dd-453f-b43f-8f7db09741ac', '42cad873-ba81-424d-a5e0-2de16668531c', 'KALTAKQUISE', 'ACTIVE', 0, 'Funktion: Geschäftsführer/in (CEO) | Mitarbeiter: 1 bis 10 | Branche: Hofläden & Bauernhöfe'),
('a4b0af69-5af5-47cb-a42b-cdc9239153e8', '48ff6df5-9e07-4ba1-a3bc-29158c2785be', 'KALTAKQUISE', 'ACTIVE', 0, 'Funktion: Geschäftsführer/in (CEO) | Mitarbeiter: 1 bis 10 | Branche: Hofläden & Bauernhöfe'),
('19d20b0a-2d19-4a32-af00-620d921b7bd6', 'ea00cc33-2373-4485-9fc8-930bf4371160', 'KALTAKQUISE', 'ACTIVE', 0, 'Funktion: Geschäftsführer/in (CEO) | Mitarbeiter: 1 bis 10 | Branche: Hofläden & Bauernhöfe'),
('62893f86-ad17-4646-b96e-6fb1b0c9f2c9', '029d2df2-2825-4bd5-897b-d7afb33bd8ac', 'KALTAKQUISE', 'ACTIVE', 0, 'Funktion: Geschäftsführer/in (CEO) | Mitarbeiter: 1 bis 10 | Branche: Hofläden & Bauernhöfe'),
('38cd7f4a-827e-479c-a621-8f6b2e5ee04d', 'c09fda11-433d-4c43-a2cd-a87c210db1e9', 'KALTAKQUISE', 'ACTIVE', 0, 'Funktion: Geschäftsführer/in (CEO) | Mitarbeiter: 1 bis 10 | Branche: Hofläden & Bauernhöfe'),
('4f96b1e4-ff19-48ba-a743-7e9bcb362c10', '9bd1cf22-eafc-418a-a3ec-ac269392d260', 'KALTAKQUISE', 'ACTIVE', 0, 'Funktion: Geschäftsführer/in (CEO) | Mitarbeiter: 1 bis 10 | Branche: Hofläden & Bauernhöfe / Restaurants'),
('d0c2c95d-c0c8-4ea8-b327-cffca13bd7f8', '68301016-b7d3-4e81-9ef4-9d732e13b664', 'KALTAKQUISE', 'ACTIVE', 0, 'Funktion: Geschäftsführer/in (CEO) | Mitarbeiter: 1 bis 10 | Branche: Hofläden & Bauernhöfe'),
('88949aab-409c-40df-b7de-5d165d3925b0', 'ab52151b-53af-4e1e-ba40-86074c4fd9f8', 'KALTAKQUISE', 'ACTIVE', 0, 'Funktion: Geschäftsführer/in (CEO) | Mitarbeiter: 1 bis 10 | Branche: Bio-Betriebe'),
('803475eb-94b7-4149-a33e-5c8488666650', '2444bb22-1958-4a4d-a06b-5fd4799b822f', 'KALTAKQUISE', 'ACTIVE', 0, 'Funktion: Geschäftsführer/in (CEO) | Mitarbeiter: 1 bis 10 | Branche: Hofläden & Bauernhöfe'),
('8053337a-37d3-4779-91d9-6cb392785983', '6e46c230-733c-4ac6-bc90-713307358cce', 'KALTAKQUISE', 'ACTIVE', 0, 'Funktion: Geschäftsführer/in (CEO) | Mitarbeiter: 1 bis 10 | Branche: Nachhaltigkeitsbereich'),
('b5bb68d7-cd51-4874-af5f-56dd7dac9ab6', 'ff74ad24-2e11-4ccf-bb52-0bd9719cf249', 'KALTAKQUISE', 'ACTIVE', 0, 'Funktion: Geschäftsführer/in (CEO) | Mitarbeiter: 1 bis 10 | Branche: Hofläden & Bauernhöfe'),
('7d7eaced-95d4-4f10-9c98-4b672f393415', '17f43240-f7ec-42d2-9afa-e7a2a6e39362', 'KALTAKQUISE', 'ACTIVE', 0, 'Funktion: Geschäftsführer/in (CEO) | Mitarbeiter: 1 bis 10 | Branche: Hofläden & Bauernhöfe'),
('116d90fa-7a64-4f1b-9ea1-dabc144ada89', 'ef168aee-bf1f-419d-b1ba-4a189f1ef0cd', 'KALTAKQUISE', 'ACTIVE', 0, 'Funktion: Geschäftsführer/in (CEO) | Mitarbeiter: 11 bis 20 | Branche: Hofläden & Bauernhöfe'),
('a14320bf-73f9-49d4-90eb-8c3059c1a0d0', '5899d176-d90f-4a92-8eb7-e3e757adb70e', 'KALTAKQUISE', 'ACTIVE', 0, 'Funktion: Geschäftsführer/in (CEO) | Mitarbeiter: 1 bis 10 | Branche: Hofläden & Bauernhöfe'),
('df396708-8584-450e-a19c-a1a53ddb04ef', 'ad9e3f3c-49c4-4813-982c-443726e0be62', 'KALTAKQUISE', 'ACTIVE', 0, 'Funktion: Geschäftsführer/in (CEO) | Mitarbeiter: 1 bis 10 | Branche: Hofläden & Bauernhöfe'),
('4a458e10-b38a-47d0-83e6-edaec23b52be', 'a6603479-01dc-4a97-a4f7-df1383f42b84', 'KALTAKQUISE', 'ACTIVE', 0, 'Funktion: Geschäftsführer/in (CEO) | Mitarbeiter: 1 bis 10 | Branche: Hofläden & Bauernhöfe'),
('73a0c37c-1a0e-41a4-a53d-2edd21c50994', '179c52d0-fc6e-4ae8-a3a8-76a406bbf5b2', 'KALTAKQUISE', 'ACTIVE', 0, 'Funktion: Geschäftsführer/in (CEO) | Mitarbeiter: 1 bis 10 | Branche: Hofläden & Bauernhöfe'),
('a977b495-c60a-4a1b-8268-552a1e474c44', '91aa3a9a-c5ee-43d3-a508-70a3bebf7f8c', 'KALTAKQUISE', 'ACTIVE', 0, 'Funktion: Geschäftsführer/in (CEO) | Mitarbeiter: 1 bis 10 | Branche: Hofläden & Bauernhöfe'),
('b6d7b442-4654-42bf-b1a4-7960501a70fb', '4e13d475-51e5-42bf-afad-c5d9ef721330', 'KALTAKQUISE', 'ACTIVE', 0, 'Funktion: Geschäftsführer/in (CEO) | Mitarbeiter: 1 bis 10 | Branche: Hofläden & Bauernhöfe'),
('517ebd1c-dd2e-407c-8cfc-9b7ec038ad00', '1745561d-f765-478b-8db6-b55f48f7ad90', 'KALTAKQUISE', 'ACTIVE', 0, 'Funktion: Gesamtleitung/Direktion | Mitarbeiter: 1 bis 10 | Branche: Beherbergungsstätten'),
('23449258-632d-42bf-b8e6-ee0f66d3503d', '57192adc-0254-40ae-9e87-b869bb9663d5', 'KALTAKQUISE', 'ACTIVE', 0, 'Funktion: Geschäftsführer/in (CEO) | Mitarbeiter: 1 bis 10 | Branche: Bio-Betriebe / Hofläden & Bauernhöfe'),
('89950e60-6a0a-479e-883f-e7de82df4fcd', '3cf8f524-7526-488e-b955-17d3af14e14d', 'KALTAKQUISE', 'ACTIVE', 0, 'Funktion: Geschäftsführer/in (CEO) | Mitarbeiter: 1 bis 10 | Branche: Hofläden & Bauernhöfe'),
('fed022e4-f369-4a80-8de2-1e41e94d8aa6', 'ba4d2bb0-ab3c-4b8e-becf-d8588836ffe2', 'KALTAKQUISE', 'ACTIVE', 0, 'Funktion: Geschäftsführer/in (CEO) | Mitarbeiter: 1 bis 10 | Branche: Hofläden & Bauernhöfe'),
('46226eed-0809-40d3-a491-daee5cc1b42a', '9db045c3-11d1-4115-a101-6960729187ab', 'KALTAKQUISE', 'ACTIVE', 0, 'Funktion: Geschäftsführer/in (CEO) | Mitarbeiter: 1 bis 10 | Branche: Hofläden & Bauernhöfe'),
('92dcfd9d-a56b-4cdf-9e14-aa73c299eaad', 'da914645-264f-4f43-ad76-d8fd3e516572', 'KALTAKQUISE', 'ACTIVE', 0, 'Funktion: Geschäftsführer/in (CEO) | Mitarbeiter: 1 bis 10 | Branche: Hofläden & Bauernhöfe'),
('9826c97b-c286-440b-8c16-d5f7dd1a8e7f', '8928b642-4127-478d-9a4b-56c1a4d36ad0', 'KALTAKQUISE', 'ACTIVE', 0, 'Funktion: Geschäftsführer/in (CEO) | Mitarbeiter: 1 bis 10 | Branche: Hofläden & Bauernhöfe'),
('ee19e82c-d0c6-4eb3-ae2a-c04572ce1e34', 'f177c188-fff6-464f-b5e3-b961f041601b', 'KALTAKQUISE', 'ACTIVE', 0, 'Funktion: Geschäftsführer/in (CEO) | Mitarbeiter: 1 bis 10 | Branche: Hofläden & Bauernhöfe'),
('1e30aeea-d5ee-4e06-b85c-896beb2a7be1', '102290f0-e72c-4a7e-b224-0c147980746b', 'KALTAKQUISE', 'ACTIVE', 0, 'Funktion: Geschäftsführer/in (CEO) | Mitarbeiter: 1 bis 10 | Branche: Hofläden & Bauernhöfe'),
('95d5b628-8719-43c6-9d3f-a8881cb14369', 'cf7006b6-1f21-46b1-8f4c-dd5052451d7a', 'KALTAKQUISE', 'ACTIVE', 0, 'Funktion: Geschäftsführer/in (CEO) | Mitarbeiter: 1 bis 10 | Branche: Hofläden & Bauernhöfe'),
('0476f6b2-4770-40e3-9e5d-584e6f2de72f', '7afeea02-0abb-4a3a-b32e-cf46b1bec2e9', 'KALTAKQUISE', 'ACTIVE', 0, 'Funktion: Geschäftsführer/in (CEO) | Mitarbeiter: 1 bis 10 | Branche: Hofläden & Bauernhöfe'),
('29e0c466-950a-4e71-a9c0-34e286c6d326', 'c8e0ebb3-32d1-4c60-8814-069905f2a43a', 'KALTAKQUISE', 'ACTIVE', 0, 'Funktion: Geschäftsführer/in (CEO) | Mitarbeiter: 1 bis 10 | Branche: Hofläden & Bauernhöfe'),
('9b2c8572-5462-4f53-b662-d2fad5600397', 'd5c73887-010f-4460-963c-50863efa273f', 'KALTAKQUISE', 'ACTIVE', 0, 'Funktion: Geschäftsführer/in (CEO) | Mitarbeiter: 1 bis 10 | Branche: Hofläden & Bauernhöfe'),
('44eaceb0-cbf9-429f-80c3-73f547a819f3', 'a2218514-0af2-4a2a-b9dc-ae973049cc61', 'KALTAKQUISE', 'ACTIVE', 0, 'Funktion: Geschäftsführer/in (CEO) | Mitarbeiter: 1 bis 10 | Branche: Hofläden & Bauernhöfe'),
('40a2be03-4d21-4120-a646-5b694121fb1e', '71a3c171-1217-4e26-b580-ebbffe09a4ab', 'KALTAKQUISE', 'ACTIVE', 0, 'Funktion: Geschäftsführer/in (CEO) | Mitarbeiter: 1 bis 10 | Branche: Hofläden & Bauernhöfe'),
('08c6785b-1555-419e-a608-90045528c119', '84ab0b97-cc84-4615-a051-61ce05f5b6b4', 'KALTAKQUISE', 'ACTIVE', 0, 'Funktion: Geschäftsführer/in (CEO) | Mitarbeiter: 1 bis 10 | Branche: Hofläden & Bauernhöfe'),
('38eb356d-b91d-4cf6-b8d0-8d433db044c3', 'eb8ff749-cac5-411a-9a00-46a09cf4b750', 'KALTAKQUISE', 'ACTIVE', 0, 'Funktion: Geschäftsführer/in (CEO) | Mitarbeiter: 1 bis 10 | Branche: Hofläden & Bauernhöfe'),
('a231eb34-8c42-4c6e-8b2f-8c29512429b1', '24d4ece1-ef2b-456a-b0b7-33a304a056a4', 'KALTAKQUISE', 'ACTIVE', 0, 'Funktion: Geschäftsführer/in (CEO) | Mitarbeiter: 1 bis 10 | Branche: Hofläden & Bauernhöfe'),
('23949fc4-3401-4c48-a59f-24586d7b4725', 'e1e405c9-de40-4dd3-9015-b453eaeea371', 'KALTAKQUISE', 'ACTIVE', 0, 'Funktion: Geschäftsführer/in (CEO) | Mitarbeiter: 1 bis 10 | Branche: Hofläden & Bauernhöfe'),
('26d7e693-4892-4edd-9579-f1b4c4d704de', 'c491913b-231f-47bd-8a50-e8e8f05bc6bd', 'KALTAKQUISE', 'ACTIVE', 0, 'Funktion: Geschäftsführer/in (CEO) | Mitarbeiter: 1 bis 10 | Branche: Hofläden & Bauernhöfe'),
('fedd141a-4de6-4c37-9acf-334107a14933', 'd108c4ad-fb97-4800-b55a-19ac487e5b6a', 'KALTAKQUISE', 'ACTIVE', 0, 'Funktion: Geschäftsführer/in (CEO) | Mitarbeiter: 1 bis 10 | Branche: Bio-Betriebe'),
('9c93e92d-302a-44ca-addf-e256490ab19f', '16097784-50b9-4e3a-8abd-8c028f826e50', 'KALTAKQUISE', 'ACTIVE', 0, 'Funktion: Geschäftsführer/in (CEO) | Mitarbeiter: 1 bis 10 | Branche: Hofläden & Bauernhöfe'),
('b96e9ff4-dddb-43ab-b343-1eca5ecb0d1b', '62b6f536-ae8c-4897-a72c-d1f290292a5c', 'KALTAKQUISE', 'ACTIVE', 0, 'Funktion: Geschäftsführer/in (CEO) | Mitarbeiter: 1 bis 10 | Branche: Hofläden & Bauernhöfe'),
('135dbb90-75fd-448b-9837-fcc9e8f5d1b2', '657c9fe2-343f-4367-b59f-6cf028a035ff', 'KALTAKQUISE', 'ACTIVE', 0, 'Funktion: Geschäftsführer/in (CEO) | Mitarbeiter: 1 bis 10 | Branche: Hofläden & Bauernhöfe / Nachhaltigkeitsbereich'),
('183af696-4df3-4103-bee4-3db1a198b9bb', '03116d60-844c-4559-8166-c84c812614c5', 'KALTAKQUISE', 'ACTIVE', 0, 'Funktion: Geschäftsführer/in (CEO) | Mitarbeiter: 1 bis 10 | Branche: Hofläden & Bauernhöfe'),
('65c521c9-4f8f-4b0a-a32b-871041a4847c', 'ba238632-cf38-41b7-9f44-b8b87c96e77c', 'KALTAKQUISE', 'ACTIVE', 0, 'Funktion: Geschäftsführer/in (CEO) | Mitarbeiter: 1 bis 10 | Branche: Hofläden & Bauernhöfe'),
('b08feb3e-d6f6-4f1e-a03a-6ca7e37fc097', 'd5dc7894-a978-4d80-993d-43c295569dbe', 'KALTAKQUISE', 'ACTIVE', 0, 'Funktion: Geschäftsführer/in (CEO) | Mitarbeiter: 1 bis 10 | Branche: Hofläden & Bauernhöfe'),
('06ee6981-2868-49c6-8fdf-7076ce71c7f9', '884a5408-5a40-4d05-942a-17f9874d9757', 'KALTAKQUISE', 'ACTIVE', 0, 'Funktion: Geschäftsführer/in (CEO) | Mitarbeiter: 1 bis 10 | Branche: Hofläden & Bauernhöfe'),
('998cd736-1818-4b7e-b190-9b9da274bb37', '4167c03e-4fba-4d31-a719-16063cda3d78', 'KALTAKQUISE', 'ACTIVE', 0, 'Funktion: Geschäftsführer/in (CEO) | Mitarbeiter: 21 bis 50 | Branche: Hofläden & Bauernhöfe | Rechtsform: Aktiengesellschaft'),
('d1779232-121a-46f8-bfb7-db2fdea2c116', '24ace287-700f-4bf0-aa9c-3d3d709287f2', 'KALTAKQUISE', 'ACTIVE', 0, 'Funktion: Geschäftsführer/in (CEO) | Mitarbeiter: 1 bis 10 | Branche: Hofläden & Bauernhöfe'),
('a67df257-cf83-4447-a8cf-46eb78e9448d', '85510ca2-cd2a-463e-b76b-898abfc059de', 'KALTAKQUISE', 'ACTIVE', 0, 'Funktion: Geschäftsführer/in (CEO) | Mitarbeiter: 11 bis 20 | Branche: Bio-Betriebe / Hofläden & Bauernhöfe'),
('5bf90ca5-dcdc-463b-9671-c447ec7a0c26', '5704e783-9ada-4b66-8d48-ab2718f2984e', 'KALTAKQUISE', 'ACTIVE', 0, 'Funktion: Geschäftsführer/in (CEO) | Mitarbeiter: 1 bis 10 | Branche: Hofläden & Bauernhöfe'),
('e6951f69-aeb4-49c1-8211-e010626b0edf', '0202ffe6-296c-4ac9-ab14-d783792a05bc', 'KALTAKQUISE', 'ACTIVE', 0, 'Funktion: Geschäftsführer/in (CEO) | Mitarbeiter: 1 bis 10 | Branche: Nachhaltigkeitsbereich'),
('63353510-66e0-4d01-951b-cd11af022bcc', '46d368b6-812d-4643-bd0b-00d206265ec7', 'KALTAKQUISE', 'ACTIVE', 0, 'Funktion: Geschäftsführer/in (CEO) | Mitarbeiter: 1 bis 10 | Branche: Hofläden & Bauernhöfe'),
('dba64ce9-2c31-4e84-9f93-c11291ba0eb0', '74529f35-95be-4f76-8326-93743ed85c8e', 'KALTAKQUISE', 'ACTIVE', 0, 'Funktion: Geschäftsführer/in (CEO) | Mitarbeiter: 1 bis 10 | Branche: Hofläden & Bauernhöfe'),
('e6bd6600-a983-4749-a9bd-08926d5c8049', 'd86e7fa3-d040-4a8c-9b4b-e0ace24966cf', 'KALTAKQUISE', 'ACTIVE', 0, 'Funktion: Geschäftsführer/in (CEO) | Mitarbeiter: 1 bis 10 | Branche: Hofläden & Bauernhöfe'),
('9d785419-e269-4efa-a689-3f34e387242b', 'd738a307-6d2b-48a2-b26c-5d23a02530b4', 'KALTAKQUISE', 'ACTIVE', 0, 'Funktion: Geschäftsführer/in (CEO) | Mitarbeiter: 1 bis 10 | Branche: Bio-Betriebe / Hofläden & Bauernhöfe'),
('eb91b9be-f06d-4942-bd92-f7f7111a9896', 'db6cd7ed-ceb1-4e4b-9529-bf4d5522243b', 'KALTAKQUISE', 'ACTIVE', 0, 'Funktion: Geschäftsführer/in (CEO) | Mitarbeiter: 1 bis 10 | Branche: Life-Science-Industrie | Rechtsform: Aktiengesellschaft'),
('56de1f11-4a12-4efa-8ab3-83ad79902e17', '254aa4dd-ea98-4039-a3b1-3de8c65a702c', 'KALTAKQUISE', 'ACTIVE', 0, 'Funktion: Geschäftsführer/in (CEO) | Mitarbeiter: 1 bis 10 | Branche: Kosmetikstudios | Rechtsform: Einzelunternehmen'),
('1321c22c-a582-4e08-a845-6a3719496724', '95fe4764-c6ad-4c42-8218-5e8e406c55aa', 'KALTAKQUISE', 'ACTIVE', 0, 'Funktion: Geschäftsführer/in (CEO) | Mitarbeiter: 1 bis 10 | Branche: Bio-Betriebe / Detailhandel - Food & Getränke | Rechtsform: Einzelunternehmen'),
('afd2817a-554d-4af5-82ff-279b44c3d050', 'cb735f45-0a32-4cdd-8df2-bc1a02675129', 'KALTAKQUISE', 'ACTIVE', 0, 'Funktion: Geschäftsführer/in (CEO) | Mitarbeiter: 1 bis 10 | Branche: Bio-Betriebe / Nachhaltigkeitsbereich / Detailhandel - Food & Getränke'),
('ba392c98-6beb-4adf-ba8e-058835857432', '6930491f-d187-42ff-89d1-35a21f31d368', 'KALTAKQUISE', 'ACTIVE', 0, 'Funktion: Geschäftsführer/in (CEO) | Mitarbeiter: 1 bis 10 | Branche: Bio-Betriebe / Detailhandel - Food & Getränke'),
('0c61d8e1-675f-4e97-9369-7fc614fac372', '1583da37-299c-4bcb-aac3-7839539eadef', 'KALTAKQUISE', 'ACTIVE', 0, 'Funktion: Geschäftsführer/in (CEO) | Mitarbeiter: 1 bis 10 | Branche: Bio-Betriebe / Detailhandel - Food & Getränke | Rechtsform: Einzelunternehmen'),
('ed66bb55-8b69-4c90-b415-ce1418cb2d6d', 'a0d1b96b-d81a-4b71-b355-33c8fce15e2d', 'KALTAKQUISE', 'ACTIVE', 0, 'Funktion: Geschäftsführer/in (CEO) | Mitarbeiter: 1 bis 10 | Branche: Bio-Betriebe'),
('2e3edd6f-634f-4079-9007-c3361c102874', '2f7d918b-cd8e-4bdb-b780-325b4a22352f', 'KALTAKQUISE', 'ACTIVE', 0, 'Funktion: Geschäftsführer/in (CEO) | Mitarbeiter: 1 bis 10 | Branche: Bio-Betriebe / Detailhandel - Food & Getränke | Rechtsform: Einzelunternehmen'),
('a9acfc9a-432b-42d9-972c-400152703336', '630e372c-c625-4152-bd47-312d1b3651ac', 'KALTAKQUISE', 'ACTIVE', 0, 'Funktion: Geschäftsführer/in (CEO) | Mitarbeiter: 1 bis 10 | Branche: Bio-Betriebe / Detailhandel - Food & Getränke'),
('9c52c8bb-fe1d-4300-afa4-dd8f2ca1b61c', 'aefb950c-35c7-49a2-8664-4b88f4b06602', 'KALTAKQUISE', 'ACTIVE', 0, 'Funktion: Geschäftsführer/in (CEO) | Mitarbeiter: 21 bis 50 | Branche: Bio-Betriebe / Hofläden & Bauernhöfe / Nachhaltigkeitsbereich | Rechtsform: Aktiengesellschaft'),
('9950825f-53b0-4a92-b98f-c91b66148313', '86bb5966-f08b-4e8f-b4a5-b53713464964', 'KALTAKQUISE', 'ACTIVE', 0, 'Funktion: Geschäftsführer/in (CEO) | Mitarbeiter: 1 bis 10 | Branche: Hofläden & Bauernhöfe'),
('4abaff2b-8e0e-4a1f-9f74-06830c081d4a', '0dbc389e-d7ea-4f3c-ab48-5f511f09f447', 'KALTAKQUISE', 'ACTIVE', 0, 'Funktion: Geschäftsführer/in (CEO) | Mitarbeiter: 1 bis 10 | Branche: Hofläden & Bauernhöfe'),
('94e1d313-c040-4e66-a1aa-a1eadd02185f', 'b69df627-8607-4c81-ab6e-4bd2d269e030', 'KALTAKQUISE', 'ACTIVE', 0, 'Funktion: Geschäftsführer/in (CEO) | Mitarbeiter: 1 bis 10 | Branche: Chemieindustrie | Rechtsform: Gesellschaft mit beschränkter Haftung'),
('52e33777-b2b5-43d6-a904-572f9f3f6c5b', 'd3310599-da64-4229-ae7e-139cbb52ad0b', 'KALTAKQUISE', 'ACTIVE', 0, 'Funktion: Geschäftsführer/in (CEO) | Mitarbeiter: 51 bis 100 | Branche: Hofläden & Bauernhöfe'),
('78531818-dfe6-4d58-89b7-ce3068bf0c79', 'fe519f17-7531-40a7-9795-0c9813672cc0', 'KALTAKQUISE', 'ACTIVE', 0, 'Funktion: Geschäftsführer/in (CEO) | Mitarbeiter: 1 bis 10 | Branche: Baugeschäfte | Rechtsform: Aktiengesellschaft'),
('8ba0b3b5-dc11-46ce-8891-f493b8991337', 'a5032ba4-af29-41e0-aa7f-3cf42e54b967', 'KALTAKQUISE', 'ACTIVE', 0, 'Funktion: Geschäftsführer/in (CEO) | Mitarbeiter: 1 bis 10 | Branche: Bio-Betriebe | Rechtsform: Einzelunternehmen'),
('8cb12b41-7a29-4a61-a766-f3b632d3446a', '3fb34142-8824-40c4-bdd4-d27f0138f7f8', 'KALTAKQUISE', 'ACTIVE', 0, 'Funktion: Geschäftsführer/in (CEO) | Mitarbeiter: 1 bis 10 | Branche: Arztpraxen'),
('dd01cc80-90b9-48e1-88e6-7841ada5b973', 'e983dccf-1a21-4889-9c5c-4c305c8113ba', 'KALTAKQUISE', 'ACTIVE', 0, 'Funktion: Geschäftsführer/in (CEO) | Mitarbeiter: 1 bis 10 | Branche: Arztpraxen'),
('58819254-c122-45de-9d99-bb1c890d8742', 'cc530d78-3fd7-47e8-a4ae-6f84b636361b', 'KALTAKQUISE', 'ACTIVE', 0, 'Funktion: Geschäftsführer/in (CEO) | Mitarbeiter: 1 bis 10 | Branche: Energieindustrie | Rechtsform: Gesellschaft mit beschränkter Haftung'),
('66bdf6e0-d7f6-4469-ac49-dd22b8730a89', '92d09ab5-514d-407d-ba48-331a7bee3ce7', 'KALTAKQUISE', 'ACTIVE', 0, 'Funktion: Geschäftsführer/in (CEO) | Mitarbeiter: 21 bis 50 | Branche: Life-Science-Industrie | Rechtsform: Aktiengesellschaft'),
('f57c2a1f-772d-45f3-8ca4-26554c606d9a', '78f9d397-e913-441a-bdc3-228f07d78fe0', 'KALTAKQUISE', 'ACTIVE', 0, 'Funktion: Geschäftsführer/in (CEO) | Mitarbeiter: 1 bis 10 | Branche: Bio-Betriebe'),
('7380f7f3-5ead-4505-949e-a6a88350b6d1', '9e9d4cde-3f0b-407c-ba6a-17c9fc6c7698', 'KALTAKQUISE', 'ACTIVE', 0, 'Funktion: Geschäftsführer/in (CEO) | Mitarbeiter: 1 bis 10 | Branche: Energieindustrie | Rechtsform: Gesellschaft mit beschränkter Haftung'),
('eda8098c-f6c5-457d-b16b-636fe7701771', '870733ba-ebda-4493-bdc5-57fb63d226b0', 'KALTAKQUISE', 'ACTIVE', 0, 'Funktion: Geschäftsführer/in (CEO) | Mitarbeiter: 1 bis 10 | Branche: Entsorgungsindustrie | Rechtsform: Aktiengesellschaft'),
('505bf10d-8d68-48db-96ef-1dac0c6e8b47', '773ae92a-723d-4183-837f-918e7fe628b2', 'KALTAKQUISE', 'ACTIVE', 0, 'Funktion: Geschäftsführer/in (CEO) | Mitarbeiter: 51 bis 100 | Branche: Elektroindustrie / Energieindustrie / Energieversorger | Rechtsform: Aktiengesellschaft'),
('e0fa7117-2668-42e5-b596-decbd1750568', 'b7c9756a-ebde-4402-925c-d04af7490371', 'KALTAKQUISE', 'ACTIVE', 0, 'Funktion: Geschäftsführer/in (CEO) | Mitarbeiter: 1 bis 10 | Branche: Naturheilpraxen'),
('25ecef81-93c5-41df-81c2-ed4955c089b6', '65766460-7100-406b-b07e-33e960547ff6', 'KALTAKQUISE', 'ACTIVE', 0, 'Funktion: Geschäftsführer/in (CEO) | Mitarbeiter: 11 bis 20 | Branche: Naturheilpraxen | Rechtsform: Gesellschaft mit beschränkter Haftung'),
('25b95f51-9271-4579-b072-2775e59a9ecc', '804208ec-119e-4db3-b9a5-2cab4c680d92', 'KALTAKQUISE', 'ACTIVE', 0, 'Funktion: Geschäftsführer/in (CEO) | Mitarbeiter: 1 bis 10 | Branche: Unternehmensberater | Rechtsform: Aktiengesellschaft'),
('97f48a30-1b34-443b-a698-00d27ff4588a', '9c5595df-4831-49d1-82d3-94f97f471910', 'KALTAKQUISE', 'ACTIVE', 0, 'Funktion: Geschäftsführer/in (CEO) | Mitarbeiter: 1 bis 10 | Branche: Hofläden & Bauernhöfe'),
('2be84af4-943b-4f89-8bdf-c04f17630b15', '86330532-8a2a-4681-8644-81abd638ab3d', 'KALTAKQUISE', 'ACTIVE', 0, 'Funktion: Geschäftsführer/in (CEO) | Mitarbeiter: 1 bis 10 | Branche: Lebensmittelverarbeitung / Nachhaltigkeitsbereich | Rechtsform: Aktiengesellschaft'),
('77b92d52-d535-4b21-9ff3-2006d675ff17', 'e562cee3-1ff9-475f-8a14-cd0977eb768b', 'KALTAKQUISE', 'ACTIVE', 0, 'Funktion: Geschäftsführer/in (CEO) | Mitarbeiter: 11 bis 20 | Branche: Bio-Betriebe / Lebensmittelverarbeitung | Rechtsform: Aktiengesellschaft'),
('1be8559e-1151-4c95-98c0-1d91c3a12612', '35df5419-54e4-4a61-a8bd-a840712b2bcc', 'KALTAKQUISE', 'ACTIVE', 0, 'Funktion: Geschäftsführer/in (CEO) | Mitarbeiter: 1 bis 10 | Branche: Bio-Betriebe'),
('09de0bca-81b5-47cf-a899-fb9fbcfb3ad7', '5d296257-4565-4d66-bdec-beb961b06257', 'KALTAKQUISE', 'ACTIVE', 0, 'Funktion: Geschäftsführer/in (CEO) | Mitarbeiter: 11 bis 20 | Branche: Sanitär & Haustechnik | Rechtsform: Schweizerische Zweigniederlassung'),
('a5faf0b5-e0a3-4a28-b70d-996a1882f8e2', 'e3175bc8-f7ab-467c-9f2f-24b452b23b66', 'KALTAKQUISE', 'ACTIVE', 0, 'Funktion: Geschäftsführer/in (CEO) | Mitarbeiter: 1 bis 10 | Branche: Architekturbüros | Rechtsform: Gesellschaft mit beschränkter Haftung'),
('40f79302-7544-4f52-b8b3-4ca761f192b3', '323afd86-db2e-435f-8e89-ca3dcd1e2daa', 'KALTAKQUISE', 'ACTIVE', 0, 'Funktion: Geschäftsführer/in (CEO) | Mitarbeiter: 1 bis 10 | Branche: Spielwaren- & Babyfachhandel | Rechtsform: Einzelunternehmen'),
('4a6dc0b8-5ae6-42aa-b40a-e23bb82853fb', 'e185a3f6-b2c1-446d-91ea-9355621dcda7', 'KALTAKQUISE', 'ACTIVE', 0, 'Funktion: Geschäftsführer/in (CEO) | Mitarbeiter: 1 bis 10 | Branche: Coiffeursalons'),
('321003c3-0959-43fb-8c21-1d3da0301d1d', '529939e8-0413-45db-971d-2fceebdeb0f7', 'KALTAKQUISE', 'ACTIVE', 0, 'Funktion: Geschäftsführer/in (CEO) | Mitarbeiter: 101 bis 500 | Branche: Textil- & Möbelindustrie | Rechtsform: Aktiengesellschaft'),
('3bd02d2b-7116-41ca-a008-6885e52abb7e', 'fd81ce78-bab5-4d31-bc1f-bb29d7241224', 'KALTAKQUISE', 'ACTIVE', 0, 'Funktion: Geschäftsführer/in (CEO) | Mitarbeiter: 51 bis 100 | Branche: Fitnessstudios | Rechtsform: Gesellschaft mit beschränkter Haftung'),
('97bb10c4-799a-4880-9530-61394e2c20e7', 'd1e30ca8-d356-462b-83ab-28bc9d43e3e8', 'KALTAKQUISE', 'ACTIVE', 0, 'Funktion: Geschäftsführer/in (CEO) | Mitarbeiter: 1 bis 10 | Branche: Maschinenbauindustrie | Rechtsform: Aktiengesellschaft'),
('97b446c5-2e6a-4f64-9b29-612c52f946ab', '683e6e43-e00f-477d-a1ca-7f4a3e2de986', 'KALTAKQUISE', 'ACTIVE', 0, 'Funktion: Geschäftsführer/in (CEO) | Mitarbeiter: 1 bis 10 | Branche: Bio-Betriebe / Lebensmittelverarbeitung'),
('2637ba6f-c0de-4210-85c6-0983e984af33', 'd55fcb3b-7d18-4659-a909-ae4540f9406e', 'KALTAKQUISE', 'ACTIVE', 0, 'Funktion: Geschäftsführer/in (CEO) | Mitarbeiter: 1 bis 10 | Branche: Architekturbüros / Innenausstatter | Rechtsform: Gesellschaft mit beschränkter Haftung'),
('79e83412-6f9e-4480-9165-7f23f32548c0', 'fc554c11-0a42-425e-828d-41e5c3f23e5e', 'KALTAKQUISE', 'ACTIVE', 0, 'Funktion: Geschäftsführer/in (CEO) | Mitarbeiter: 1 bis 10 | Branche: Chemieindustrie / Life-Science-Industrie | Rechtsform: Aktiengesellschaft'),
('588ed139-614a-4018-8445-e1e3e36313d1', '872d5bd0-ec82-4ce8-9200-a73e8dff92e2', 'KALTAKQUISE', 'ACTIVE', 0, 'Funktion: Geschäftsführer/in (CEO) | Mitarbeiter: 11 bis 20 | Branche: Energieindustrie | Rechtsform: Aktiengesellschaft'),
('a78ffa1f-39eb-4a31-9296-1bf69dfe4ad2', '56623cf3-4256-44c1-9426-781679a62749', 'KALTAKQUISE', 'ACTIVE', 0, 'Funktion: Geschäftsführer/in (CEO) | Mitarbeiter: 1 bis 10 | Branche: Bio-Betriebe / Hofläden & Bauernhöfe / Nachhaltigkeitsbereich'),
('be40acf8-eedb-4f77-b49a-eeb84c134def', '75d53c21-6257-4d27-9f44-2d2e384d141d', 'KALTAKQUISE', 'ACTIVE', 0, 'Funktion: Geschäftsführer/in (CEO) | Mitarbeiter: 21 bis 50 | Branche: Medizintechnik-Industrie | Rechtsform: Aktiengesellschaft'),
('087382f0-cc8e-4e2f-a674-1d82ca0ad47f', 'c137266c-8e7f-4d65-b222-e4e25e502f3e', 'KALTAKQUISE', 'ACTIVE', 0, 'Funktion: Geschäftsführer/in (CEO) | Mitarbeiter: 1 bis 10 | Branche: Bio-Betriebe | Rechtsform: Einzelunternehmen'),
('67b25ba6-44ce-44b5-9c1b-bce464e00657', '0a69807b-c30c-4acc-8ad1-3afa3813f234', 'KALTAKQUISE', 'ACTIVE', 0, 'Funktion: Geschäftsführer/in (CEO) | Mitarbeiter: 1 bis 10 | Branche: Gartenbau & -pflege | Rechtsform: Gesellschaft mit beschränkter Haftung'),
('44def2d2-c2a6-45d5-968e-87a415777c48', '9ce29274-97fa-4031-bd45-8226e83cb2b2', 'KALTAKQUISE', 'ACTIVE', 0, 'Funktion: Geschäftsführer/in (CEO) | Mitarbeiter: 11 bis 20 | Branche: Life-Science-Industrie | Rechtsform: Aktiengesellschaft'),
('dccc0292-b1f8-405b-a887-b1a26ba3d931', '1777ecd0-62b2-4037-a038-e28f31fa0370', 'KALTAKQUISE', 'ACTIVE', 0, 'Funktion: Geschäftsführer/in (CEO) | Mitarbeiter: 11 bis 20 | Branche: Life-Science-Industrie | Rechtsform: Aktiengesellschaft'),
('08f01128-94f6-4ca5-9471-60002159c1af', 'e9f299ce-c10d-4730-bd16-3bc3c928860f', 'KALTAKQUISE', 'ACTIVE', 0, 'Funktion: Geschäftsführer/in (CEO) | Mitarbeiter: 1 bis 10 | Branche: Atem- Meditation- & Yogacenter'),
('a5827370-06d3-4fd0-a8b4-64d3cafdb3bb', '2833bab9-a8d8-4210-af12-7d8161e4de14', 'KALTAKQUISE', 'ACTIVE', 0, 'Funktion: Geschäftsführer/in (CEO) | Mitarbeiter: 1 bis 10 | Branche: Naturheilpraxen | Rechtsform: Einzelunternehmen'),
('ad7db728-02a8-4124-a8cc-289feff07aab', '7fd72984-0e2f-493c-b754-7aafaa1280e9', 'KALTAKQUISE', 'ACTIVE', 0, 'Funktion: Geschäftsführer/in (CEO) | Mitarbeiter: 1 bis 10 | Branche: Atem- Meditation- & Yogacenter'),
('096fa288-5ba1-458c-a3ee-50796284729a', '45d8f480-6fa9-4614-bd9d-ea826ab40ece', 'KALTAKQUISE', 'ACTIVE', 0, 'Funktion: Geschäftsführer/in (CEO) | Mitarbeiter: 1 bis 10 | Branche: Naturheilpraxen'),
('3fcaa288-6abf-45ef-91b0-b14df12252f3', 'd187eac2-33fd-4a02-84d6-8fb10c8565ab', 'KALTAKQUISE', 'ACTIVE', 0, 'Funktion: Geschäftsführer/in (CEO) | Mitarbeiter: 11 bis 20 | Branche: Nachhaltigkeitsbereich / Online Shops | Rechtsform: Gesellschaft mit beschränkter Haftung'),
('a78e2dfd-33bc-40b8-b3e4-8276bb8ea9d9', '5bf7bdb3-b023-490a-8649-e5f3ccd08989', 'KALTAKQUISE', 'ACTIVE', 0, 'Funktion: Geschäftsführer/in (CEO) | Mitarbeiter: 21 bis 50 | Branche: Lebensmittelverarbeitung / Online Shops | Rechtsform: Aktiengesellschaft'),
('30865d9b-e096-46db-9393-380ad0446dd0', 'd3d99f23-096d-4dd9-9fd0-672422f5326d', 'KALTAKQUISE', 'ACTIVE', 0, 'Funktion: Geschäftsführer/in (CEO) | Mitarbeiter: 1 bis 10 | Branche: Bio-Betriebe | Rechtsform: Einzelunternehmen'),
('021e278d-611b-4ea0-8a09-310752e3c7ed', 'b247f634-2f42-4f18-8fb8-a1a516460fdd', 'KALTAKQUISE', 'ACTIVE', 0, 'Funktion: Geschäftsführer/in (CEO) | Mitarbeiter: 11 bis 20 | Branche: Life-Science-Industrie | Rechtsform: Gesellschaft mit beschränkter Haftung'),
('fffd8673-420c-4aac-853c-39439dc1bd41', 'd9e06255-cda3-4a19-b8c7-76bd1dc9602f', 'KALTAKQUISE', 'ACTIVE', 0, 'Funktion: Geschäftsführer/in (CEO) | Mitarbeiter: 11 bis 20 | Branche: Online Shops | Rechtsform: Aktiengesellschaft'),
('ad37e898-7e9a-4e87-bf35-f7e2b4818d25', 'cf7ae579-9a4b-4a2f-ba0f-741b4a753623', 'KALTAKQUISE', 'ACTIVE', 0, 'Funktion: Geschäftsführer/in (CEO) | Mitarbeiter: 1 bis 10 | Branche: Unternehmensberater | Rechtsform: Gesellschaft mit beschränkter Haftung'),
('f27517bb-0661-4527-b351-b0e7dac02a73', '019bef70-c5e9-42d4-8fc1-47f886e96c1b', 'KALTAKQUISE', 'ACTIVE', 0, 'Funktion: Geschäftsführer/in (CEO) | Mitarbeiter: 1 bis 10 | Branche: Medizintechnik-Industrie | Rechtsform: Gesellschaft mit beschränkter Haftung'),
('ecb86c0f-9383-4ed9-a6d9-0d6bd5157eb1', '6f06ec05-b949-4f93-8511-7adaa1309fcf', 'KALTAKQUISE', 'ACTIVE', 0, 'Funktion: Geschäftsführer/in (CEO) | Mitarbeiter: 1 bis 10 | Branche: Maschinenbauindustrie | Rechtsform: Gesellschaft mit beschränkter Haftung'),
('4248245e-2cb8-4f3e-923f-93b5a367948b', 'd055ed3a-c37b-467c-96bb-8bdbb1e0395d', 'KALTAKQUISE', 'ACTIVE', 0, 'Funktion: Geschäftsführer/in (CEO) | Mitarbeiter: 21 bis 50 | Branche: Medizintechnik-Industrie | Rechtsform: Aktiengesellschaft'),
('aee7098f-fb33-4cc3-bbad-3ab71b50857b', '8919048e-a084-4c2e-9c42-622bf2cfe1bd', 'KALTAKQUISE', 'ACTIVE', 0, 'Funktion: Geschäftsführer/in (CEO) | Mitarbeiter: Mehr als 500 | Branche: Life-Science-Industrie | Rechtsform: Aktiengesellschaft'),
('84460af7-840a-4c27-801d-ec2f7cbab92a', '39bd908c-42be-44a0-bc38-609c91a283bd', 'KALTAKQUISE', 'ACTIVE', 0, 'Funktion: Geschäftsführer/in (CEO) | Mitarbeiter: 21 bis 50 | Branche: Medizintechnik-Industrie | Rechtsform: Aktiengesellschaft'),
('c828e5e5-2998-4ee9-844a-5838013a39ad', 'ab41c25e-9b50-4731-8447-bb4a6084a834', 'KALTAKQUISE', 'ACTIVE', 0, 'Funktion: Geschäftsführer/in (CEO) | Mitarbeiter: 21 bis 50 | Branche: Personalvermittler & -berater'),
('fb85802d-8480-4d86-8f77-414e741bcb7e', 'afa35488-3a92-4113-baa9-6f3d186e07e0', 'KALTAKQUISE', 'ACTIVE', 0, 'Funktion: Geschäftsführer/in (CEO) | Mitarbeiter: 1 bis 10 | Branche: Unternehmensberater | Rechtsform: Gesellschaft mit beschränkter Haftung'),
('cd7e4e25-151e-40fa-a732-e7b21bb83d4e', 'de2d6076-ec59-4757-9b87-048fe8f1df4d', 'KALTAKQUISE', 'ACTIVE', 0, 'Funktion: Geschäftsführer/in (CEO) | Mitarbeiter: 1 bis 10 | Branche: Life-Science-Industrie | Rechtsform: Gesellschaft mit beschränkter Haftung'),
('5e7ce36b-4ec4-4b0b-bc98-1d8595414629', '8d57ed18-c668-4a9a-b635-351e48595c4e', 'KALTAKQUISE', 'ACTIVE', 0, 'Funktion: Geschäftsführer/in (CEO) | Mitarbeiter: 11 bis 20 | Branche: Life-Science-Industrie / Unternehmensberater | Rechtsform: Verein'),
('9458da78-f463-407d-9275-094879f4cd1d', '504880a1-3356-419f-b724-f0f9de86498f', 'KALTAKQUISE', 'ACTIVE', 0, 'Funktion: Geschäftsführer/in (CEO) | Mitarbeiter: 1 bis 10 | Branche: Elektroindustrie | Rechtsform: Aktiengesellschaft'),
('d312e930-849e-423a-ba83-4902ee2fb71e', '19ed19b4-a0e9-4839-ac69-a6144df8b02f', 'KALTAKQUISE', 'ACTIVE', 0, 'Funktion: Geschäftsführer/in (CEO) | Mitarbeiter: 1 bis 10 | Branche: Zeitungen & Zeitschriften'),
('6e5dcf97-aae0-46cd-918b-8fd2991b43c1', 'b40b057f-444d-4e46-9fb8-f84bf2c747cc', 'KALTAKQUISE', 'ACTIVE', 0, 'Funktion: Geschäftsführer/in (CEO) | Mitarbeiter: 11 bis 20 | Branche: Bio-Betriebe'),
('2c3042ee-85a0-4496-b3ae-e1485437f121', 'f391bdfd-7a43-4bb2-b736-fa2033862211', 'KALTAKQUISE', 'ACTIVE', 0, 'Funktion: Geschäftsführer/in (CEO) | Mitarbeiter: 51 bis 100 | Branche: Life-Science-Industrie | Rechtsform: Aktiengesellschaft'),
('7a099c46-29b2-4f32-a7ac-d5c43e9598f9', 'fd03d85e-85d7-4fe3-9cc7-ab1853e6ec0b', 'KALTAKQUISE', 'ACTIVE', 0, 'Funktion: Geschäftsführer/in (CEO) | Mitarbeiter: 21 bis 50 | Branche: Medizintechnik-Industrie | Rechtsform: Aktiengesellschaft'),
('583f7365-dce7-4f70-a6d2-60f26061d57e', '1c420933-5905-41ae-be81-d07c15524c33', 'KALTAKQUISE', 'ACTIVE', 0, 'Funktion: Geschäftsführer/in (CEO) | Mitarbeiter: 1 bis 10 | Branche: Gartenbau & -pflege'),
('dff39bbd-02e3-46c0-bac5-4157bfa876a3', '4a9cf025-3810-481d-b4fa-d6fed243557f', 'KALTAKQUISE', 'ACTIVE', 0, 'Funktion: Geschäftsführer/in (CEO) | Mitarbeiter: Mehr als 500 | Branche: Top 2''000 CH-Unternehmen / Medizintechnik-Industrie | Rechtsform: Aktiengesellschaft'),
('01a3c99f-d322-4abf-8fc0-cd3611e81eb3', '41bc9fee-19f2-481a-9996-ef78e5b19960', 'KALTAKQUISE', 'ACTIVE', 0, 'Funktion: Geschäftsführer/in (CEO) | Mitarbeiter: 1 bis 10 | Branche: Getränkeindustrie | Rechtsform: Aktiengesellschaft'),
('30cda16b-9c4d-4ff6-b044-e54b37a3a050', 'fa781f05-485f-453a-8ff9-7806ad4d9612', 'KALTAKQUISE', 'ACTIVE', 0, 'Funktion: Geschäftsführer/in (CEO) | Mitarbeiter: 1 bis 10 | Branche: Bio-Betriebe'),
('42f3fe78-a6bf-4f7d-8e1f-01acb6ce087a', '040fe185-2509-4a1e-a333-8b4fe389d16b', 'KALTAKQUISE', 'ACTIVE', 0, 'Funktion: Geschäftsführer/in (CEO) | Mitarbeiter: 51 bis 100 | Branche: Life-Science-Industrie | Rechtsform: Aktiengesellschaft'),
('7ca0f911-ac94-4c9d-a56d-cf41ea924c4e', 'f0b0fe79-358d-48f2-88b4-c0f37efe521b', 'KALTAKQUISE', 'ACTIVE', 0, 'Funktion: Geschäftsführer/in (CEO) | Mitarbeiter: 1 bis 10 | Branche: Bio-Betriebe / Hofläden & Bauernhöfe'),
('1793f777-9d29-459f-8c69-9c0aa3d8e6aa', 'f113a4b2-322f-4ce1-bde6-80cdeeefe39d', 'KALTAKQUISE', 'ACTIVE', 0, 'Funktion: Geschäftsführer/in (CEO) | Mitarbeiter: 21 bis 50 | Branche: NGO & NPO | Rechtsform: Verein'),
('e0b9c67d-d1f5-43d0-8237-b56aa3c40f92', '1800f3ac-3790-46e5-89ba-3631e84987da', 'KALTAKQUISE', 'ACTIVE', 0, 'Funktion: Geschäftsführer/in (CEO) | Mitarbeiter: 1 bis 10 | Branche: Maschinenbauindustrie / Online Shops / Medizintechnik-Industrie | Rechtsform: Aktiengesellschaft'),
('0bac4a43-9535-43a7-b235-29e99b5a26ca', 'a9e4ec19-7d33-4742-bea1-6e77831ddd51', 'KALTAKQUISE', 'ACTIVE', 0, 'Funktion: Geschäftsführer/in (CEO) | Mitarbeiter: 1 bis 10 | Branche: Bio-Betriebe / Online Shops | Rechtsform: Aktiengesellschaft'),
('945fc70c-dabc-4e81-a6a0-34b91b4ecf17', '80398905-5437-46c2-8a30-85d7d3952e37', 'KALTAKQUISE', 'ACTIVE', 0, 'Funktion: Geschäftsführer/in (CEO) | Mitarbeiter: 1 bis 10 | Branche: Bio-Betriebe'),
('8196daf7-894a-4239-a4da-cd95cf70f908', '4c99d947-d33a-43fb-add2-bc9175dddb22', 'KALTAKQUISE', 'ACTIVE', 0, 'Funktion: Geschäftsführer/in (CEO) | Mitarbeiter: 1 bis 10 | Branche: Bio-Betriebe / Detailhandel - Food & Getränke'),
('28851b2a-507c-4986-9b59-a57f4562f8c8', '0b99b57d-6d03-46e1-82e7-59580cc46022', 'KALTAKQUISE', 'ACTIVE', 0, 'Funktion: Geschäftsführer/in (CEO) | Mitarbeiter: 51 bis 100 | Branche: Kunststoffindustrie | Rechtsform: Aktiengesellschaft'),
('6d30e786-baec-4fcf-b921-63670fbf8f82', '0af29d3b-a4e2-4ce7-bdbc-6458d9a583e0', 'KALTAKQUISE', 'ACTIVE', 0, 'Funktion: Geschäftsführer/in (CEO) | Mitarbeiter: 11 bis 20 | Branche: Lebensmittelverarbeitung | Rechtsform: Einzelunternehmen'),
('b80668a3-e1f5-4868-90d7-6504d2b337e0', 'ea893f3e-efd2-4946-a328-04be33ec0300', 'KALTAKQUISE', 'ACTIVE', 0, 'Funktion: Geschäftsführer/in (CEO) | Mitarbeiter: 1 bis 10 | Branche: Architekturbüros | Rechtsform: Gesellschaft mit beschränkter Haftung'),
('47a9ac48-111b-4e5a-b885-f8d493e8cd90', '8ce426ce-3bcf-47bf-a531-015fe287689c', 'KALTAKQUISE', 'ACTIVE', 0, 'Funktion: Geschäftsführer/in (CEO) | Mitarbeiter: 101 bis 500 | Branche: Maschinenbauindustrie | Rechtsform: Aktiengesellschaft'),
('a645500f-1da8-4356-aa1d-e1fc8982325a', '67424027-af3d-454d-a534-84b04c74986a', 'KALTAKQUISE', 'ACTIVE', 0, 'Funktion: Geschäftsführer/in (CEO) | Mitarbeiter: 1 bis 10 | Branche: Maler- & Gipsergeschäfte | Rechtsform: Aktiengesellschaft'),
('778e3f18-0ffd-465e-b81a-5c649fa3eb7c', '922335d9-3dd4-430f-baac-4ef5f167fe29', 'KALTAKQUISE', 'ACTIVE', 0, 'Funktion: Geschäftsführer/in (CEO) | Mitarbeiter: 1 bis 10 | Branche: Boden- & Plattenleger'),
('ec714de7-2a76-4c2e-99dd-742b47eb3a82', '3adb5e74-c10f-456a-9912-59456e916927', 'KALTAKQUISE', 'ACTIVE', 0, 'Funktion: Geschäftsführer/in (CEO) | Mitarbeiter: 21 bis 50 | Branche: Sanitär & Haustechnik | Rechtsform: Aktiengesellschaft'),
('e71d5e8d-ca63-4844-af6d-9a44e9c419ea', '561e930d-822d-43e2-901f-cbbbc2061397', 'KALTAKQUISE', 'ACTIVE', 0, 'Funktion: Geschäftsführer/in (CEO) | Mitarbeiter: 1 bis 10 | Branche: Berg- & Seilbahnen | Rechtsform: Gesellschaft mit beschränkter Haftung'),
('327d55ed-407f-4d9a-a269-e592158d0ba1', '4240ac36-f629-4378-8d4e-67bc9e8dfa91', 'KALTAKQUISE', 'ACTIVE', 0, 'Funktion: Geschäftsführer/in (CEO) | Mitarbeiter: 1 bis 10 | Branche: Architekturbüros | Rechtsform: Aktiengesellschaft'),
('29f15292-9508-4a57-8a7f-5bc218c63c34', 'd76aa5bc-55f9-4d45-9f35-65a4b6268880', 'KALTAKQUISE', 'ACTIVE', 0, 'Funktion: Geschäftsführer/in (CEO) | Mitarbeiter: 1 bis 10 | Branche: Schreinerei- & Holzbaubetriebe | Rechtsform: Aktiengesellschaft'),
('c36165c1-c3c8-47bc-9a00-e2c56e35cee9', '8326c3dc-de5c-4980-84f9-f9efcc1e3c4b', 'KALTAKQUISE', 'ACTIVE', 0, 'Funktion: Geschäftsführer/in (CEO) | Mitarbeiter: 1 bis 10 | Branche: Innenausstatter | Rechtsform: Einzelunternehmen'),
('11a7a63b-c558-4f9f-967b-ba4f4044d234', '81c25f91-8921-448c-b66b-b8ae06f05243', 'KALTAKQUISE', 'ACTIVE', 0, 'Funktion: Geschäftsführer/in (CEO) | Mitarbeiter: 11 bis 20 | Branche: Maschinenbauindustrie / Metallbauer | Rechtsform: Aktiengesellschaft'),
('ca6e5a7d-9fc2-485d-a65b-e8fbb6447fd9', '6f371e6e-f6a3-48cf-b584-71b1a1063894', 'KALTAKQUISE', 'ACTIVE', 0, 'Funktion: Geschäftsführer/in (CEO) | Mitarbeiter: 1 bis 10 | Branche: Sanitär & Haustechnik'),
('5074a63d-8da1-449b-b779-8e03426fdb7b', '16b03e54-0fcd-47c1-8ce3-748d8356b89c', 'KALTAKQUISE', 'ACTIVE', 0, 'Funktion: Geschäftsführer/in (CEO) | Mitarbeiter: 101 bis 500 | Branche: Baugeschäfte / General- & Totalunternehmungen / Schreinerei- & Holzbaubetriebe | Rechtsform: Aktiengesellschaft'),
('d4e2427a-15ad-4989-829a-2493d605a283', '8ca9b80b-b9da-4e78-9465-82c591f9780e', 'KALTAKQUISE', 'ACTIVE', 0, 'Funktion: Geschäftsführer/in (CEO) | Mitarbeiter: 51 bis 100 | Branche: Bau- & Projektmanagement | Rechtsform: Aktiengesellschaft');

INSERT INTO lead_tags (lead_id, tag_id) VALUES
('e06be432-ec42-40f9-8a52-e568a3cf1815', 'ka-b2b'),
('e871188b-f98b-457a-b26f-af6730906f92', 'ka-b2b'),
('52f258d8-ad77-498c-8d03-0d37e2d0a241', 'ka-b2b'),
('f4cc4fc9-2715-4bde-8d0d-6945f5706f55', 'ka-b2b'),
('eebe4d8b-9f37-42af-bcee-397dc79ca740', 'ka-b2b'),
('e77dc5f0-37c9-4865-9dfd-f2a77379d572', 'ka-b2b'),
('2488c52c-3a5b-44e3-8f54-6bae210ce5e3', 'ka-b2b'),
('0a283cc7-2654-47ad-9ef1-b0ccf92d9632', 'ka-b2b'),
('5a6ab1be-ee8d-4c7f-9514-cbd789493cbd', 'ka-b2b'),
('0dfca415-f485-499e-b67e-34f5f95316ee', 'ka-b2b'),
('574d41f9-015c-4b90-a640-3e1b6f643c68', 'ka-b2b'),
('ece1820f-b92b-4a6d-8e9c-f23295564c13', 'ka-b2b'),
('aa849c41-b3c3-4fea-943a-d8ff222353a7', 'ka-b2b'),
('514b72ac-3605-4c8c-99e5-ea8506083ae9', 'ka-b2b'),
('f14d21d4-bb6d-4228-a069-394745dd792f', 'ka-b2b'),
('1a77d0e1-8bab-47a6-adc3-d3a630d6040a', 'ka-b2b'),
('0e6812f9-3225-4197-8a84-709cd091e7f1', 'ka-b2b'),
('04264190-155e-4c7c-9d7f-74a51d441143', 'ka-b2b'),
('b300820b-3cde-4afa-bb3f-23ccc47c1b3d', 'ka-b2b'),
('37fc22c3-baf7-4828-b553-1bb97bdb649b', 'ka-b2b'),
('f0b02337-c363-43a3-8c9c-dc2eba514e40', 'ka-b2b'),
('cdf1ecdd-7a78-45b6-9752-4f5f93722de6', 'ka-b2b'),
('64264248-8383-45db-8f1e-b6d4c1a97d2a', 'ka-b2b'),
('5b1b2a82-3c3e-48a7-a2e8-c9aaca1e21cf', 'ka-b2b'),
('769cfc30-b419-4f2d-8992-e4ac515bda6c', 'ka-b2b'),
('f336ecd3-f15e-4443-8875-4765b2eae84d', 'ka-b2b'),
('00857fe9-317b-421e-903a-a086f4513f3c', 'ka-b2b'),
('a3dcd3cc-fdfa-4731-ae36-e5246986c0c1', 'ka-b2b'),
('f531b310-9fd6-4e3c-80c5-9d327fe2a368', 'ka-b2b'),
('61a34044-e0ef-42a5-be19-2da650b4df7b', 'ka-b2b'),
('9ff0d812-aa8d-416c-a6f9-41ed1042553a', 'ka-b2b'),
('59b21de8-a990-4d66-94e4-32e833fa66a7', 'ka-b2b'),
('37817698-7333-4a29-9275-a1b21961a817', 'ka-b2b'),
('c9a45021-2365-4f49-9e60-42d74cf1ac09', 'ka-b2b'),
('ae6edd98-2342-4869-8d8c-f141f503d730', 'ka-b2b'),
('3fc744e9-0b9c-4fd0-9ee4-a8175692d861', 'ka-b2b'),
('3130e568-45e5-45fc-aa77-7f537038e8a9', 'ka-b2b'),
('ab0d199c-b074-4704-91ba-f9c43ce7cbf6', 'ka-b2b'),
('8e33892d-3bd2-43d0-a465-e31eab75518e', 'ka-b2b'),
('33a18cc9-2897-417c-a185-5c78df330840', 'ka-b2b'),
('11526eba-85d4-4566-9c48-7230b8e0ca52', 'ka-b2b'),
('e3173e04-5525-4c7e-9f11-a2b2e8f95f9b', 'ka-b2b'),
('f0ba8d44-08c6-404c-af4b-5b5db3a74cf7', 'ka-b2b'),
('c4e186d4-060e-416a-ab9c-666887022f2c', 'ka-b2b'),
('8b15cf8b-a712-4ce6-bf29-7688bab68b6c', 'ka-b2b'),
('70d53dd4-c6c5-4964-8646-36095a9727fc', 'ka-b2b'),
('badd955e-00dd-453f-b43f-8f7db09741ac', 'ka-b2b'),
('a4b0af69-5af5-47cb-a42b-cdc9239153e8', 'ka-b2b'),
('19d20b0a-2d19-4a32-af00-620d921b7bd6', 'ka-b2b'),
('62893f86-ad17-4646-b96e-6fb1b0c9f2c9', 'ka-b2b'),
('38cd7f4a-827e-479c-a621-8f6b2e5ee04d', 'ka-b2b'),
('4f96b1e4-ff19-48ba-a743-7e9bcb362c10', 'ka-b2b'),
('d0c2c95d-c0c8-4ea8-b327-cffca13bd7f8', 'ka-b2b'),
('88949aab-409c-40df-b7de-5d165d3925b0', 'ka-b2b'),
('803475eb-94b7-4149-a33e-5c8488666650', 'ka-b2b'),
('8053337a-37d3-4779-91d9-6cb392785983', 'ka-b2b'),
('b5bb68d7-cd51-4874-af5f-56dd7dac9ab6', 'ka-b2b'),
('7d7eaced-95d4-4f10-9c98-4b672f393415', 'ka-b2b'),
('116d90fa-7a64-4f1b-9ea1-dabc144ada89', 'ka-b2b'),
('a14320bf-73f9-49d4-90eb-8c3059c1a0d0', 'ka-b2b'),
('df396708-8584-450e-a19c-a1a53ddb04ef', 'ka-b2b'),
('4a458e10-b38a-47d0-83e6-edaec23b52be', 'ka-b2b'),
('73a0c37c-1a0e-41a4-a53d-2edd21c50994', 'ka-b2b'),
('a977b495-c60a-4a1b-8268-552a1e474c44', 'ka-b2b'),
('b6d7b442-4654-42bf-b1a4-7960501a70fb', 'ka-b2b'),
('517ebd1c-dd2e-407c-8cfc-9b7ec038ad00', 'ka-b2b'),
('23449258-632d-42bf-b8e6-ee0f66d3503d', 'ka-b2b'),
('89950e60-6a0a-479e-883f-e7de82df4fcd', 'ka-b2b'),
('fed022e4-f369-4a80-8de2-1e41e94d8aa6', 'ka-b2b'),
('46226eed-0809-40d3-a491-daee5cc1b42a', 'ka-b2b'),
('92dcfd9d-a56b-4cdf-9e14-aa73c299eaad', 'ka-b2b'),
('9826c97b-c286-440b-8c16-d5f7dd1a8e7f', 'ka-b2b'),
('ee19e82c-d0c6-4eb3-ae2a-c04572ce1e34', 'ka-b2b'),
('1e30aeea-d5ee-4e06-b85c-896beb2a7be1', 'ka-b2b'),
('95d5b628-8719-43c6-9d3f-a8881cb14369', 'ka-b2b'),
('0476f6b2-4770-40e3-9e5d-584e6f2de72f', 'ka-b2b'),
('29e0c466-950a-4e71-a9c0-34e286c6d326', 'ka-b2b'),
('9b2c8572-5462-4f53-b662-d2fad5600397', 'ka-b2b'),
('44eaceb0-cbf9-429f-80c3-73f547a819f3', 'ka-b2b'),
('40a2be03-4d21-4120-a646-5b694121fb1e', 'ka-b2b'),
('08c6785b-1555-419e-a608-90045528c119', 'ka-b2b'),
('38eb356d-b91d-4cf6-b8d0-8d433db044c3', 'ka-b2b'),
('a231eb34-8c42-4c6e-8b2f-8c29512429b1', 'ka-b2b'),
('23949fc4-3401-4c48-a59f-24586d7b4725', 'ka-b2b'),
('26d7e693-4892-4edd-9579-f1b4c4d704de', 'ka-b2b'),
('fedd141a-4de6-4c37-9acf-334107a14933', 'ka-b2b'),
('9c93e92d-302a-44ca-addf-e256490ab19f', 'ka-b2b'),
('b96e9ff4-dddb-43ab-b343-1eca5ecb0d1b', 'ka-b2b'),
('135dbb90-75fd-448b-9837-fcc9e8f5d1b2', 'ka-b2b'),
('183af696-4df3-4103-bee4-3db1a198b9bb', 'ka-b2b'),
('65c521c9-4f8f-4b0a-a32b-871041a4847c', 'ka-b2b'),
('b08feb3e-d6f6-4f1e-a03a-6ca7e37fc097', 'ka-b2b'),
('06ee6981-2868-49c6-8fdf-7076ce71c7f9', 'ka-b2b'),
('998cd736-1818-4b7e-b190-9b9da274bb37', 'ka-b2b'),
('d1779232-121a-46f8-bfb7-db2fdea2c116', 'ka-b2b'),
('a67df257-cf83-4447-a8cf-46eb78e9448d', 'ka-b2b'),
('5bf90ca5-dcdc-463b-9671-c447ec7a0c26', 'ka-b2b'),
('e6951f69-aeb4-49c1-8211-e010626b0edf', 'ka-b2b'),
('63353510-66e0-4d01-951b-cd11af022bcc', 'ka-b2b'),
('dba64ce9-2c31-4e84-9f93-c11291ba0eb0', 'ka-b2b'),
('e6bd6600-a983-4749-a9bd-08926d5c8049', 'ka-b2b'),
('9d785419-e269-4efa-a689-3f34e387242b', 'ka-b2b'),
('eb91b9be-f06d-4942-bd92-f7f7111a9896', 'ka-b2b'),
('56de1f11-4a12-4efa-8ab3-83ad79902e17', 'ka-b2b'),
('1321c22c-a582-4e08-a845-6a3719496724', 'ka-b2b'),
('afd2817a-554d-4af5-82ff-279b44c3d050', 'ka-b2b'),
('ba392c98-6beb-4adf-ba8e-058835857432', 'ka-b2b'),
('0c61d8e1-675f-4e97-9369-7fc614fac372', 'ka-b2b'),
('ed66bb55-8b69-4c90-b415-ce1418cb2d6d', 'ka-b2b'),
('2e3edd6f-634f-4079-9007-c3361c102874', 'ka-b2b'),
('a9acfc9a-432b-42d9-972c-400152703336', 'ka-b2b'),
('9c52c8bb-fe1d-4300-afa4-dd8f2ca1b61c', 'ka-b2b'),
('9950825f-53b0-4a92-b98f-c91b66148313', 'ka-b2b'),
('4abaff2b-8e0e-4a1f-9f74-06830c081d4a', 'ka-b2b'),
('94e1d313-c040-4e66-a1aa-a1eadd02185f', 'ka-b2b'),
('52e33777-b2b5-43d6-a904-572f9f3f6c5b', 'ka-b2b'),
('78531818-dfe6-4d58-89b7-ce3068bf0c79', 'ka-b2b'),
('8ba0b3b5-dc11-46ce-8891-f493b8991337', 'ka-b2b'),
('8cb12b41-7a29-4a61-a766-f3b632d3446a', 'ka-b2b'),
('dd01cc80-90b9-48e1-88e6-7841ada5b973', 'ka-b2b'),
('58819254-c122-45de-9d99-bb1c890d8742', 'ka-b2b'),
('66bdf6e0-d7f6-4469-ac49-dd22b8730a89', 'ka-b2b'),
('f57c2a1f-772d-45f3-8ca4-26554c606d9a', 'ka-b2b'),
('7380f7f3-5ead-4505-949e-a6a88350b6d1', 'ka-b2b'),
('eda8098c-f6c5-457d-b16b-636fe7701771', 'ka-b2b'),
('505bf10d-8d68-48db-96ef-1dac0c6e8b47', 'ka-b2b'),
('e0fa7117-2668-42e5-b596-decbd1750568', 'ka-b2b'),
('25ecef81-93c5-41df-81c2-ed4955c089b6', 'ka-b2b'),
('25b95f51-9271-4579-b072-2775e59a9ecc', 'ka-b2b'),
('97f48a30-1b34-443b-a698-00d27ff4588a', 'ka-b2b'),
('2be84af4-943b-4f89-8bdf-c04f17630b15', 'ka-b2b'),
('77b92d52-d535-4b21-9ff3-2006d675ff17', 'ka-b2b'),
('1be8559e-1151-4c95-98c0-1d91c3a12612', 'ka-b2b'),
('09de0bca-81b5-47cf-a899-fb9fbcfb3ad7', 'ka-b2b'),
('a5faf0b5-e0a3-4a28-b70d-996a1882f8e2', 'ka-b2b'),
('40f79302-7544-4f52-b8b3-4ca761f192b3', 'ka-b2b'),
('4a6dc0b8-5ae6-42aa-b40a-e23bb82853fb', 'ka-b2b'),
('321003c3-0959-43fb-8c21-1d3da0301d1d', 'ka-b2b'),
('3bd02d2b-7116-41ca-a008-6885e52abb7e', 'ka-b2b'),
('97bb10c4-799a-4880-9530-61394e2c20e7', 'ka-b2b'),
('97b446c5-2e6a-4f64-9b29-612c52f946ab', 'ka-b2b'),
('2637ba6f-c0de-4210-85c6-0983e984af33', 'ka-b2b'),
('79e83412-6f9e-4480-9165-7f23f32548c0', 'ka-b2b'),
('588ed139-614a-4018-8445-e1e3e36313d1', 'ka-b2b'),
('a78ffa1f-39eb-4a31-9296-1bf69dfe4ad2', 'ka-b2b'),
('be40acf8-eedb-4f77-b49a-eeb84c134def', 'ka-b2b'),
('087382f0-cc8e-4e2f-a674-1d82ca0ad47f', 'ka-b2b'),
('67b25ba6-44ce-44b5-9c1b-bce464e00657', 'ka-b2b'),
('44def2d2-c2a6-45d5-968e-87a415777c48', 'ka-b2b'),
('dccc0292-b1f8-405b-a887-b1a26ba3d931', 'ka-b2b'),
('08f01128-94f6-4ca5-9471-60002159c1af', 'ka-b2b'),
('a5827370-06d3-4fd0-a8b4-64d3cafdb3bb', 'ka-b2b'),
('ad7db728-02a8-4124-a8cc-289feff07aab', 'ka-b2b'),
('096fa288-5ba1-458c-a3ee-50796284729a', 'ka-b2b'),
('3fcaa288-6abf-45ef-91b0-b14df12252f3', 'ka-b2b'),
('a78e2dfd-33bc-40b8-b3e4-8276bb8ea9d9', 'ka-b2b'),
('30865d9b-e096-46db-9393-380ad0446dd0', 'ka-b2b'),
('021e278d-611b-4ea0-8a09-310752e3c7ed', 'ka-b2b'),
('fffd8673-420c-4aac-853c-39439dc1bd41', 'ka-b2b'),
('ad37e898-7e9a-4e87-bf35-f7e2b4818d25', 'ka-b2b'),
('f27517bb-0661-4527-b351-b0e7dac02a73', 'ka-b2b'),
('ecb86c0f-9383-4ed9-a6d9-0d6bd5157eb1', 'ka-b2b'),
('4248245e-2cb8-4f3e-923f-93b5a367948b', 'ka-b2b'),
('aee7098f-fb33-4cc3-bbad-3ab71b50857b', 'ka-b2b'),
('84460af7-840a-4c27-801d-ec2f7cbab92a', 'ka-b2b'),
('c828e5e5-2998-4ee9-844a-5838013a39ad', 'ka-b2b'),
('fb85802d-8480-4d86-8f77-414e741bcb7e', 'ka-b2b'),
('cd7e4e25-151e-40fa-a732-e7b21bb83d4e', 'ka-b2b'),
('5e7ce36b-4ec4-4b0b-bc98-1d8595414629', 'ka-b2b'),
('9458da78-f463-407d-9275-094879f4cd1d', 'ka-b2b'),
('d312e930-849e-423a-ba83-4902ee2fb71e', 'ka-b2b'),
('6e5dcf97-aae0-46cd-918b-8fd2991b43c1', 'ka-b2b'),
('2c3042ee-85a0-4496-b3ae-e1485437f121', 'ka-b2b'),
('7a099c46-29b2-4f32-a7ac-d5c43e9598f9', 'ka-b2b'),
('583f7365-dce7-4f70-a6d2-60f26061d57e', 'ka-b2b'),
('dff39bbd-02e3-46c0-bac5-4157bfa876a3', 'ka-b2b'),
('01a3c99f-d322-4abf-8fc0-cd3611e81eb3', 'ka-b2b'),
('30cda16b-9c4d-4ff6-b044-e54b37a3a050', 'ka-b2b'),
('42f3fe78-a6bf-4f7d-8e1f-01acb6ce087a', 'ka-b2b'),
('7ca0f911-ac94-4c9d-a56d-cf41ea924c4e', 'ka-b2b'),
('1793f777-9d29-459f-8c69-9c0aa3d8e6aa', 'ka-b2b'),
('e0b9c67d-d1f5-43d0-8237-b56aa3c40f92', 'ka-b2b'),
('0bac4a43-9535-43a7-b235-29e99b5a26ca', 'ka-b2b'),
('945fc70c-dabc-4e81-a6a0-34b91b4ecf17', 'ka-b2b'),
('8196daf7-894a-4239-a4da-cd95cf70f908', 'ka-b2b'),
('28851b2a-507c-4986-9b59-a57f4562f8c8', 'ka-b2b'),
('6d30e786-baec-4fcf-b921-63670fbf8f82', 'ka-b2b'),
('b80668a3-e1f5-4868-90d7-6504d2b337e0', 'ka-b2b'),
('47a9ac48-111b-4e5a-b885-f8d493e8cd90', 'ka-b2b'),
('a645500f-1da8-4356-aa1d-e1fc8982325a', 'ka-b2b'),
('778e3f18-0ffd-465e-b81a-5c649fa3eb7c', 'ka-b2b'),
('ec714de7-2a76-4c2e-99dd-742b47eb3a82', 'ka-b2b'),
('e71d5e8d-ca63-4844-af6d-9a44e9c419ea', 'ka-b2b'),
('327d55ed-407f-4d9a-a269-e592158d0ba1', 'ka-b2b'),
('29f15292-9508-4a57-8a7f-5bc218c63c34', 'ka-b2b'),
('c36165c1-c3c8-47bc-9a00-e2c56e35cee9', 'ka-b2b'),
('11a7a63b-c558-4f9f-967b-ba4f4044d234', 'ka-b2b'),
('ca6e5a7d-9fc2-485d-a65b-e8fbb6447fd9', 'ka-b2b'),
('5074a63d-8da1-449b-b779-8e03426fdb7b', 'ka-b2b'),
('d4e2427a-15ad-4989-829a-2493d605a283', 'ka-b2b');
