-- Batch 411 (200 records)
INSERT INTO contacts (id, first_name, last_name, email, phone, company, address) VALUES
('93d7f8a3-7213-4f55-8d99-77842630577d', 'Daniel', 'Hüsler', 'info@sportrock.ch', '041 970 08 65', 'Sport Rock Fitness Willisau GmbH', 'Wydenmatt 8, 6130 Willisau, Luzern'),
('7b82c5fb-1193-4bb9-b154-213f0edffb57', 'Michael', 'Rieble', 'michael@sportschuhfitting.ch', '041 620 67 76', 'Sport Schuh Fitting GmbH', 'Ennetbürgerstrasse 4, 6374 Buochs, Nidwalden'),
('6ce258c4-5f02-4f78-ae4f-d4589582a6fd', 'Raffael', 'Mark', 'sportanlagen@chur.ch', '081 254 42 88', 'Sport- und Eventanlagen Chur', 'Grossbruggerweg 6, 7000 Chur, Graubünden'),
('34502afa-7071-43f6-ab61-2667ffbb2c38', 'Brigitte', 'Schick', 'b.schick@sportundfit.ch', '079 722 68 68', 'Sport und Fit Center Brigitte Schick', 'Höheweg 17, 3800 Interlaken, Bern'),
('332353f8-c71f-40af-8fb8-9810840a3051', 'Sinan', 'Jerliu', 'info@sportcenterrex.ch', '041 610 96 19', 'Sport- und Freizeitcenter Rex Stans', 'Hansmatt 5, 6370 Stans, Nidwalden'),
('b872cc78-ae0d-43d0-867b-dd0eb52b39c5', 'Markus', 'Keller', 'info@hausarztmedizin-cham.ch', '041 780 38 40', 'Sport- und Hausarztmedizin Cham', 'Seestrasse 3, 6330 Cham, Zug'),
('1e40d566-3c43-4b71-909e-a4b6dbaec98f', 'Ludmila', 'Krüsi', 'ludmilap17@gmail.com', '079 283 84 77', 'Sport- und Speiserestaurant Rondo', 'Heimstrasse 14, 9444 Diepoldsau, St. Gallen'),
('87942590-8d59-4150-add0-04e5c9178965', 'Reto', 'Rezzonico', 'reto.rezzonico@stvberg.ch', '071 620 16 66', 'Sport- und Turnverein Berg', 'Lindenstrasse 8, 8572 Berg, Thurgau'),
('8cad9be0-3e94-466d-ac57-fae8abaf399e', 'Christian', 'Stäubli', 'c.staeubli@gitterlibad.ch', '061 921 36 01', 'Sport- und Volksbad Gitterli AG', 'Militärstrasse 14, 4410 Liestal, Basel-Land'),
('be35d7f2-01e2-4fcc-9f89-4e4c868f6b94', 'Marie', 'Gruber-Wasescha', 'info@waseschasport.ch', '081 684 13 13', 'Sport Wasescha AG', 'Hauptstrasse 7, 7460 Savognin, Graubünden'),
('c41b1c2b-633a-4bba-aa96-a9d3e4dea4a5', 'Susanne', 'Blattner', 'info@sublattner.ch', '076 382 84 44', 'Sport-/Gesundheits-Praxis Susanne Blattner', 'Egnacherstrasse 60, 9320 Arbon, Thurgau'),
('b08be312-1573-4209-9e8b-d1524fffe102', 'Denise', 'Stadelmann', 'info@physio-stadelmann.ch', '043 538 50 60', 'Sport-/Physiotherapie Stadelmann', 'Gerbestrasse 8, 8820 Wädenswil, Zürich'),
('d3a58f5f-9e1c-4ebb-9975-70585062bb62', 'Philipp', 'Luginbühl', 'philipp.luginbuehl@bern.ch', '031 321 68 80', 'Sportamt Bern', 'Effingerstrasse 21, 3008 Bern, Bern'),
('944286a6-8fbf-47b1-80f2-ef93c274962b', 'Peter', 'Müller', 'info@erlenpark.ch', '044 854 90 60', 'Sportanlage Erlen', 'Niederhaslistrasse 20, 8157 Dielsdorf, Zürich'),
('54341968-cb1f-41e7-ab8b-0daa3547bd53', 'Daniel', 'Pitsch', 'minschuns@bluewin.ch', '079 419 77 26', 'Sportanlagen AG Val Müstair', 'Chasa Cumünala, 7532 Tschierv, Graubünden'),
('ab7ec501-7b5b-4bb7-86ee-15498b8df55d', 'Guido', 'Sterki', 'info@balmberg.ch', 'N.a.', 'Sportanlagen Balmberg AG', 'Gibelinstrasse 27, 4500 Solothurn, Solothurn'),
('ba054847-f8a5-447b-97d6-d021a9c6a9cd', 'Tiziana', 'Keller-Kurath', 'tiziana@sportatelier.ch', '076 680 05 01', 'Sportatelier Tiziana Keller-Kurath', 'Ruchacherstrasse 9, 8914 Aeugst am Albis, Zürich'),
('e9b1a2d6-3251-42ff-8f34-02a3bae8ba57', 'Thomas', 'Exposito', 'tourismus@amden.ch', '058 228 28 30', 'Sportbahnen Amden AG', 'Dorfstrasse 22, 8873 Amden, St. Gallen'),
('eb0b34b6-f206-4280-b3cc-5d17d176106d', 'Roger', 'Meier', 'roger.meier@atzmaennig.ch', '055 284 64 34', 'Sportbahnen Atzmännig AG', '8638 Goldingen, St. Gallen'),
('ac481e1b-0a2b-4654-b612-ff439a9be156', 'Roger', 'Meier', 'info@atzmaennig.ch', '055 284 64 34', 'Sportbahnen Atzmännig AG Goldingen', '8638 Goldingen, St. Gallen'),
('77cdf28a-154a-47b9-aa10-6a4a25fb5208', 'Rudolf', 'Rubi', 'info@axalp.ch', '033 951 26 32', 'Sportbahnen Axalp Windegg AG', '3855 Brienz, Bern'),
('0dd688bb-e504-4ff4-8c12-b751671e57a0', 'Bruno', 'Landolt', 'bruno.landolt@sportbahnenelm.ch', '055 642 61 61', 'Sportbahnen Elm AG', 'Obmoos, 8767 Elm, Glarus'),
('0d852ffd-0c60-42ee-92a2-1e159f283b85', 'Peter', 'Koller', 'info@gampluet.ch', '071 999 21 72', 'Sportbahnen Gamplüt', 'Schönenbodenstrasse, 9658 Wildhaus, St. Gallen'),
('c2776531-3349-4554-8331-57fab5620c15', 'Patric Ralph', 'Iten', 'info@hochwang.ch', '081 374 11 22', 'Sportbahnen Hochwang AG', 'Fatschél, 7028 St. Peter, Graubünden'),
('b4e03b54-3457-4c32-9de7-7d88390fbb7c', 'Hans', 'Niederhauser', 'info@sportbahnen-jaunpass.ch', '033 773 69 19', 'Sportbahnen Jaunpass AG', 'Allmi 302a, 3766 Boltigen, Bern'),
('222feddc-5c97-436c-aad3-d35d22cf5611', 'Martin', 'Knüsel', 'martin.knuesel@landiwiggen.ch', '079 549 91 48', 'Sportbahnen Marbachegg AG', 'Dorfstrasse 61, 6196 Marbach, Luzern'),
('6cef5c2f-e569-44ef-8eb2-d63e708bae13', 'Yves', 'Bugmann', 'pischa@davosklosters.ch', '081 414 90 46', 'Sportbahnen Pischa AG', 'Promenade 157, 7260 Davos, Graubünden'),
('eaa2c927-9074-40d3-98ec-96d66d9da001', 'Eveline', 'Furrer', 'sportbahnen@unterbaech.ch', '027 934 21 19', 'Sportbahnen Unterbäch AG', 'Dorfstrasse 35, 3944 Unterbäch, Wallis/Valais'),
('1903e63f-9d80-4ed6-a9bb-8a99d44510ec', 'Kevin', 'Stoffel', 'visitvals@vals.ch', '081 920 70 70', 'Sportbahnen Vals AG', 'Poststrasse 44A, 7132 Vals, Graubünden'),
('043c1c06-9e62-4c6f-b217-5ff1c0476b60', 'Luc', 'Estermann', 'info@sportbarbern.ch', '031 351 17 17', 'Sportbar Bern GmbH', 'Jubiläumsstrasse 103, 3005 Bern, Bern'),
('cc5b88df-7b88-4576-90b8-2fffc7ea1173', 'Konrad', 'Frei', 'info@sport-bar.ch', 'N.a.', 'Sportbar GmbH', 'Kanzleistrasse 76, 8004 Zürich, Zürich'),
('74e126ff-6b2b-46d7-9948-4b077d6758fd', 'Alexander', 'Pampel', 'info@sporthotel.ch', '081 838 94 00', 'Sportbar Pontresina', 'Via Maistra 145, 7504 Pontresina, Graubünden'),
('e8fe8ac7-c3ed-4960-8137-ab82c939ad09', 'Kurt', 'Rüegsegger', 'info@sportbasic.ch', '032 351 02 38', 'Sportbasic Onlineshop', 'Bernstrasse 32, 3270 Aarberg, Bern'),
('60538a7f-bed3-40d5-ad79-24382e6ca46c', 'Remo', 'Thöny', 'remo.thoeny@hammernutrition.ch', '081 328 10 00', 'Sportbenzin GmbH', 'Lösli 1, 7220 Schiers, Graubünden'),
('e80f5343-8317-404d-865d-157faea728d6', 'Pascal', 'Weisskopf', 'sportcars@sportcars-wald.ch', '055 246 51 51', 'Sportcars P. Schaufelberger', 'Hauptstrasse 40, 8637 Laupen, Zürich'),
('ab4d8390-1b94-4573-9ebc-7f710026b8ab', 'Vincent', 'Lovens', 'info@sportcenterbueren.ch', '078 687 18 25', 'Sportcenter Büren GmbH', 'Riesenmattstrasse 20, 3294 Büren an der Aare, Bern'),
('a33e2b95-05d2-4e06-8740-393c5b2fc34f', 'Rudolf', 'Erne', 'info@bustelbach.ch', '062 873 30 70', 'Sportcenter Bustelbach AG', 'Sportplatzweg 2, 4332 Stein, Aargau'),
('8ff30199-4848-44af-a84b-c475378d79e3', 'Patrik', 'Burkhart', '55office@gf24.ch', '055 224 30 10', 'Sportcenter Grünfeld AG', 'Grünfeldstrasse 20, 8645 Jona, St. Gallen'),
('57cf6130-73f8-4307-a771-0aab2b26596f', 'Sergio', 'Verdesca', 's.verdesca@bluewin.ch', '079 332 85 86', 'Sportcenter Jurahof Sergio Verdesca', 'Herrenmattstrasse 29, 4658 Däniken, Solothurn'),
('dc288326-0c30-46cb-9f6c-a6d08598f218', 'Janine', 'Bernasconi', 'info@sportcenter-kappel.ch', '062 216 10 22', 'Sportcenter Kappel sck AG', 'Rotsangelstrasse 16, 4616 Kappel, Solothurn'),
('b8761af0-6424-4cfd-8324-eb40c2e65352', 'Renato', 'Rigo', 'info@scl.li', '056 269 10 40', 'Sportcenter Leuggern AG', 'Härdlestrasse 3, 5316 Leuggern, Aargau'),
('8296d0d5-1a5c-47f2-b7c7-7d16d9752ab5', 'René', 'Dieterle', 'info@sportcenter-stork.ch', '044 929 25 10', 'Sportcenter Stork AG', 'Schachenstrasse 15, 8618 Oetwil am See, Zürich'),
('3df4e049-d61d-43f0-8d13-8a6ee8016e81', 'Hans', 'Fux', 'info@olympica.ch', '079 212 38 08', 'Sportcenter Wellness-Hotel Olympica', 'Industriestrasse 94, 3900 Brig, Wallis/Valais'),
('5e0c425f-ae34-43aa-8a01-d87e18c7bbd5', 'Thilo', 'Bönsel', 'physiop5@sportclinic.ch', '044 274 88 88', 'SportClinic Zurich Puls 5', 'Giessereistrasse 18, 8005 Zürich, Zürich'),
('efc0e0aa-7917-416c-97bd-063ef7e076e1', 'Michele', 'Piccinni', 'physio.sihlcity@sportclinic.ch', '044 287 86 60', 'SportClinic Zurich Sihlcity', 'Giesshübelstrasse 15, 8045 Zürich, Zürich'),
('3224f319-64bc-481a-bfe2-62f0b7d8fb42', 'Karin', 'Seidel', 'physioletzi@sportclinic.ch', '044 401 95 60', 'SportClinic Zurich Stadion Letzigrund', 'Badenerstrasse 500, 8048 Zürich, Zürich'),
('61fd9178-2cb0-4f4c-93ff-2fb056210951', 'Mena', 'Suter', 'physio.toedi@sportclinic.ch', '044 209 60 40', 'SportClinic Zurich Tödistrasse', 'Tödistrasse 49, 8002 Zürich, Zürich'),
('50abee09-b18c-49c9-9961-8096ff538846', 'Christoph', 'Zoller', 'christoph.zoller@scbruehl.ch', '079 541 40 82', 'Sportclub Brühl (SCB)', 'Grütlistrasse 27b, 9000 St. Gallen, St. Gallen'),
('b289d9e4-6e95-4f65-af22-4eeae7f621d3', 'Heinz', 'Fischer', 'praesident@scbuochs.ch', '079 332 79 10', 'Sportclub Buochs', 'Seefeld 5, 6374 Buochs, Nidwalden'),
('dfc23e62-f245-4fed-883d-55499ff0502e', 'Gaby', 'Kühni', 'gaby.kuehni@hispeed.ch', '062 797 38 51', 'Sportclub Plüss Staufer', 'Am Tych, 4665 Oftringen, Aargau'),
('0b6be58a-042b-4454-8503-99f61f52e598', 'Conny', 'Gujan', 'techn.leiterin@satus-uster.ch', '044 932 63 06', 'Sportclub Satus Uster', '8610 Uster, Zürich'),
('5036c4c8-2719-424b-ab97-1acfa1fd04c5', 'Marcel', 'Bellante', 'president@sportclub-winkel.ch', '044 860 95 73', 'Sportclub Winkel', 'Dorfstrasse 1, 8185 Winkel, Zürich'),
('d2da8ab7-c81f-4dc4-87bf-119961ae3831', 'Gregory', 'Burkard', 'gregor.burkard@sportec.ch', '043 411 43 00', 'Sportec AG', 'Hofstrasse 17, 8181 Höri, Zürich'),
('5794d0eb-52cd-4aa8-9578-5a22a981cd15', 'Matthias', 'Berger', 'info@sportfeld.ch', '071 521 20 20', 'Sportfeld Gründenmoos', 'Gründenstrasse 34, 9015 St. Gallen, St. Gallen'),
('022074f9-ee87-4ec6-931a-eb9cfaf30e57', 'Marc', 'Schumacher', 'marc@sfcs.ch', '044 823 80 85', 'Sport-Fitness-Center Schumacher AG', 'Am Stadtrand 46, 8600 Dübendorf, Zürich'),
('89b68cf2-8cf9-41e6-800b-c37fb3d2c01c', 'Fabian', 'Ehrler', 'info@sportfood24.ch', 'N.a.', 'Sportfood24.ch', 'Eichholzweg 35c, 6312 Steinhausen, Zug'),
('5435dd16-712f-4c81-bcd0-a39735353ba8', 'Marcel', 'Affentranger', 'sport-garage@bluewin.ch', '062 922 33 03', 'Sport-Garage Affentranger AG', 'Langenthalstrasse 57a, 4932 Lotzwil, Bern'),
('7912ea11-0430-4421-af93-778b6ed80b96', 'Peter', 'Bigler', 'info@sportgaragebigler.ch', '041 490 21 52', 'SPORT-GARAGE PETER BIGLER GmbH', 'Bahnhofstrasse 15, 6110 Wolhusen, Luzern'),
('b13159d2-20a5-44ee-b2aa-4e0ce2214989', 'Ardit', 'Memedi', 'info@sport-garage.ch', '031 971 55 33', 'Sport-Garage Toffen AG', 'Belpbergstrasse 7, 3125 Toffen, Bern'),
('d2ea37c4-82da-4e59-b891-d1a7c44b243c', 'Rico', 'Büeler', 'info@sport-garageuri.ch', '041 870 93 03', 'Sport-Garage Uri GmbH', 'Grossriedstrasse 13, 6462 Seedorf, Uri'),
('d16f1736-dd13-41ce-af72-9d4093a11caa', 'Thomas', 'Widmer', 'info@widmer-spezial.ch', '062 957 50 90', 'Sport-Garage Widmer AG', 'Unterdorf 159, 4937 Ursenbach, Bern'),
('01d99a46-0eb8-4df5-b19b-39ec52487c4a', 'Pascal', 'Gigandet', 'pascal.gigandet@sportgastro.ch', '031 332 56 44', 'Sportgastro AG', 'Postfinance-Arena, 3014 Bern, Bern'),
('c60c342b-7162-4a95-a9e2-26341eee3e1f', 'Alessandro', 'Barnetta', 'service@helme-und-brillen.ch', '071 508 70 18', 'Sportglobe GmbH', 'St. Gallerstrasse 19, 9042 Speicher, Appenzell Ausserrhoden'),
('08ba3066-40b5-4cf4-b679-efe0f2d5d624', 'Rico', 'Raffael', 'info@sportgym.ch', '062 791 41 30', 'Sportgym Heiton AG', 'Wallgrabenstrasse 13, 4663 Aarburg, Aargau'),
('b018f67f-bea2-4bc2-9c34-085e57c8632d', 'Marianne', 'Meyer', 'info@diemtigen.ch', '079 455 55 51', 'Sporthalle Wiriehorn', 'Allmiried Entschwil 32, 3755 Horboden, Bern'),
('79e44f8c-1e45-45b7-9093-533060114426', 'Felix', 'Forster', 'felix.forster@morgenholz.ch', '079 751 95 32', 'Sporthaus Morgenholz', 'Alp Morgenholz, 8867 Niederurnen, Glarus'),
('b720412b-d009-41ad-a00c-a20af355b08a', 'Thomas', 'Ruepp', 'info@sportho.ch', '061 461 71 70', 'Sportho GmbH', 'Bellwalderstrasse 471, 3997 Bellwald, Wallis/Valais'),
('ce17614f-6d99-4fc9-8f1a-b08ff0b5493c', 'Sebastian', 'Bumann', 'info@europa-saasfee.ch', '027 958 96 00', 'Sporthotel Europa', 'Hannigstrasse 41, 3906 Saas-Fee, Wallis/Valais'),
('a58c934e-e0d3-45c9-a124-54c94d4cc501', 'Alex', 'Huser', 'info@sporthotel-habkern.ch', '033 843 13 43', 'Sporthotel Habkern', 'Fahrenbühl, 3804 Habkern, Bern'),
('6e37b431-db06-4e97-ba00-028cf220655a', 'Luzius Georg', 'Bergamin', 'info@kronechurwalden.ch', '081 552 57 57', 'Sporthotel Krone Churwalden AG', 'Hauptstrasse 155, 7075 Churwalden, Graubünden'),
('46b8e1c6-1ace-4a92-b15c-b6a15508e4ec', 'Urs', 'Amstad', 'mail@sporthoteltanne.ch', '079 673 11 43', 'Sporthotel Tanne', 'Fatschél, 7028 St. Peter, Graubünden'),
('a02c7e0f-8d64-42ae-a3a5-2611863d3659', 'Tommy', 'Oehrli', 'info@victoria-gstaad.ch', '033 748 44 22', 'Sporthotel Victoria', 'Promenade 72, 3780 Gstaad, Bern'),
('7719c8d9-8862-41ab-85fd-1726aea0edfc', 'Peter', 'Zenhäusern', 'info@sporthotel-walliserhof.ch', '027 934 28 28', 'Sporthotel Walliserhof', 'Chumport, 3944 Unterbäch, Wallis/Valais'),
('1795c187-286c-4972-a500-b161857a0280', 'Oliver', 'Zolin', 'info@wildstrubel.ch', '033 736 31 11', 'Sporthotel Wildstrubel', 'Lenkstrasse 8, 3775 Lenk im Simmental, Bern'),
('faf09acf-fa2b-4e93-a802-20debd90d0c2', 'Urs', 'Jäggi', 'urs.jaeggi@szzag.ch', '032 686 55 55', 'Sporthotel Zuchwil', 'Amselweg 59, 4528 Zuchwil, Solothurn'),
('e9ca9ff0-7117-40a8-8ad4-b83bd88f2e1b', 'Alen', 'Mahalingasivam', 'alen_mahalingasivam@hotmail.com', '078 911 66 12', 'Sporting Club Schaffhausen', '8200 Schaffhausen, Schaffhausen'),
('5721f417-fda4-4f5c-9ee6-1601230d2eeb', 'René', 'Hunziker', 'r.hunziker@sporting-suhr.ch', '062 842 22 46', 'Sporting gym Suhr', 'Gewerbestrasse 5, 5034 Suhr, Aargau'),
('49bb3665-a922-438d-8edd-2359faa6ae2b', 'Hanspeter', 'Grossen', 'beratung@input.ch', '033 438 26 66', 'Sportiver Input AG', 'Bernstrasse 130, 3613 Steffisburg, Bern'),
('188fb5cd-794e-4c31-aeb7-d363ee463b4d', 'Urs', 'Baumann', 'sportlight@bluewin.ch', '032 621 49 48', 'sportlight / Physiotherapie', 'Oberfeldstrasse 5, 4515 Oberdorf, Solothurn'),
('4c87ecc3-9f08-401e-a555-0536ef35da9a', 'Reto', 'Walter Stamm', 'info@sportliquidation.ch', '079 355 51 33', 'Sportliquidation.ch GmbH', 'Oberfeldstrasse 19, 8570 Weinfelden, Thurgau'),
('205a47c5-cbc5-4f56-acbc-4bb5d04de3b7', 'Michaela', 'Wolf', 'welcome@sport-lodge.ch', '081 422 12 56', 'Sport-Lodge Klosters', 'Doggilochstrasse 36, 7250 Klosters, Graubünden'),
('73b3f715-e9c2-4567-8daa-c46161119d1d', 'Markus', 'Keller', 'info@sportmedizin-cham.ch', '041 780 16 60', 'Sportmedizin Cham', 'Seestrasse 3, 6330 Cham, Zug'),
('ed637be2-e57a-4dad-aaf8-768a4a50a3e5', 'Diethelm', 'Vogel', 'info@smzb.ch', '031 990 03 03', 'Sportmedizinisches Zentrum Bern', 'Bümplizstrasse 101, 3018 Bern, Bern'),
('ac6c14cb-7263-47ad-a6bb-49e4dc61a682', 'Matthias', 'Jauslin', 'info@schuewo-park.ch', '056 622 44 40', 'Sportpark Bünzmatt AG', 'Sorenbühlweg 44, 5610 Wohlen, Aargau'),
('a72deaf7-fca2-49bb-afb2-4af50cb02589', 'Svatava', 'Prorokova', 'pilatus@sportparks-luzern.ch', '041 311 25 22', 'Sportpark Pilatus & Rontal - Genossenschaft Migros Luzern', 'Schlundstrasse, 6010 Kriens, Luzern'),
('3c9ada24-faa1-4fd8-95b5-c2b26ffe3870', 'Cornelis', 'Martens', 'info@sportphysio-martens.ch', '061 851 01 55', 'Sportphysio Martens', 'Weidenpark 1, 4313 Möhlin, Aargau'),
('da691517-be5f-4dac-9c59-488a67a75dd1', 'Christian', 'Stoffel', 'christian.stoffel@physio-getup.ch', '078 677 27 45', 'Sportphysiotherapie Getup', 'Anemonenstrasse 40, 8047 Zürich, Zürich'),
('f430d0d9-9406-46f7-9c68-95f6b15e0519', 'Hans-Rudolf', 'Gerber', 'info@hotshot.ch', '033 453 14 32', 'Sportrestaurant Hot Shot', 'Kreuzweg, 3616 Schwarzenegg, Bern'),
('39359449-43b7-42d7-be10-f4dcc6fdfdcc', 'Markus', 'Thoma', 'info@sonnmatt-tennis.ch', '071 923 67 33', 'Sportrestaurant Sonnmatt', 'Sonnmattstrasse 7, 9532 Rickenbach b. Wil, Thurgau'),
('1f189f83-bb9d-49ca-8038-1bd0d5078844', 'Michael', 'Lüthi', 'michi.luethi@gmail.com', '079 639 34 52', 'Sports Bar Stoos', 'Ringstrasse 124, 6433 Stoos, Schwyz'),
('92c8ac2a-f0a5-4687-b884-e460175e0ecd', 'Monika', 'Stauffer', 'monika@sportshealthyoga.ch', '079 631 61 30', 'SPORTS HEALTH YOGA flow to glow®', 'Theaterplatz 2, 5400 Baden, Aargau'),
('0a60c500-9114-487a-8770-88354e9ad732', 'Richard', 'Greenaway', 'mail@sports-zugerland.ch', '041 748 34 00', 'sports ZUGERLAND AG', 'Riedstrasse 1a, 6330 Cham, Zug'),
('ce0171a3-c273-4b2e-a1a0-f030cbfe02af', 'Hansjörg', 'Stahel', 'info@sportsbar-weinfelden.ch', '071 570 56 24', 'Sportsbar Weinfelden', 'Lauligstrasse 4, 8570 Weinfelden, Thurgau'),
('5fc5ba85-3a33-4ce1-bd37-259ca1fcd9d3', 'Alice', 'Anderegg', 'sportsbar@zumschwarzenschaf.ch', '056 535 71 29', 'Sportsbar zum schwarzen Schaf Bremgarten', 'Sternengasse 1, 5620 Bremgarten, Aargau'),
('e039d685-d4b7-4e7a-ad50-34e4c0d88f6c', 'Beat', 'Camenzind', 'info@sport-schopf.ch', '041 850 10 28', 'Sport-Schopf', 'Artherstrasse 25, 6405 Immensee, Schwyz'),
('42db80bf-ea90-4a31-ab42-52303f59ef6a', 'Claude', 'Keller', 'ck@sportschule-duernten.ch', '055 511 53 15', 'Sportschule Dürnten GmbH', 'Bubikonerstrasse 43a, 8635 Dürnten, Zürich'),
('bdb5530c-a101-4e1c-a59e-fb01b036a6f6', 'Timo', 'Zemp', 't.zemp@sportschule-kriens.ch', '041 329 14 52', 'Sportschule Kriens', 'Horwerstrasse 24a, 6010 Kriens, Luzern'),
('5f300ec6-a0e8-43a8-8e57-04e284f31a32', 'Stéphanie', 'Wiedmer', 'physio@sportsclinicnumber1.ch', '031 356 11 22', 'SportsClinic#1 AG', 'Papiermühlestrasse 73, 3014 Bern, Bern'),
('4efe13b6-ca8f-4d34-a25a-abe2dd40ac7f', 'Maximilian', 'Hohe', 'info@sport-thieme.ch', '071 274 90 59', 'Sport-Thieme AG', 'Fürstenlandstrasse 96, 9014 St. Gallen, St. Gallen'),
('fe5e885c-67f7-48d7-ae52-debc1e639a40', 'Sebastian', 'Campmann', 'info@sport-tiedje.ch', '043 322 22 77', 'Sport-Tiedje Schweiz GmbH', 'Hohlstrasse 190, 8004 Zürich, Zürich'),
('8b57cca2-10a6-4b37-bf31-08e1f6d86edb', 'Hugo', 'Koch', 'info@sts-online.ch', '044 938 38 40', 'Sport-Trend-Shop AG', 'Heuweidlistrasse 25b, 8340 Hinwil, Zürich'),
('e139da1f-a5aa-4188-a2a6-9e88d9e762ed', 'Martin', 'Gubler', 'gubler.m@gmx.ch', '079 647 84 10', 'Sportverein Höngg', 'Kappenbühlstrasse 72/74, 8049 Zürich, Zürich'),
('2a6f67f7-51ed-4ff9-90b9-6fce40038a8c', 'Hans-Beat', 'Rohr', 'hbrohr@bluewin.ch', '079 344 98 18', 'Sportverein Muttenz', '4132 Muttenz 1, Basel-Land'),
('722c26bd-f27a-4688-bc20-35f3dcde22b4', 'Cornelia', 'Keller', 'corneliakeller@svniederweningen.ch', 'N.a.', 'Sportverein Niederweningen', '8166 Niederweningen, Zürich'),
('d101c0d6-e956-43a2-8f65-07c74e7d52e4', 'Patrick', 'Pörtig', 'migros.service@mfmag.ch', '0800 840 848', 'Sportxx AG', 'Limmatstrasse 152, 8031 Zürich, Zürich'),
('f0dabf0f-c3d8-4e37-943e-92b74ca25f02', 'Roger', 'Zwingli', 'info@sportzcenter.ch', '055 442 04 07', 'Sportz Center Lachen GmbH', 'Feldmoosstrasse 45, 8853 Lachen, Schwyz'),
('5982682d-5df2-43bb-9570-4d32b0f87de5', 'Maria', 'Heeb', 'info@forum-sumiswald.ch', '034 432 44 44', 'Sportzentrum Forum Physiotherapie', 'Burghof 104, 3454 Sumiswald, Bern'),
('e35778c8-0dde-49fd-8b81-d5f866233d53', 'Sebastian', 'Stock', 'sebastian.stock@grindelwald.swiss', '033 854 12 35', 'Sportzentrum Grindelwald', 'Dorfstrasse 110, 3818 Grindelwald, Bern'),
('a72dac21-bb7c-4b01-b059-9b17bdee52dc', 'Christoph', 'Würsten', 'fitness@sportzentrum-heimberg.ch', '033 437 33 86', 'Sportzentrum Heimberg Genossenschaft', 'Schützenstrasse 70, 3627 Heimberg, Bern'),
('24c08046-16c0-4f61-8f69-4befc3f94602', 'Andreas', 'Luginbühl', 'andreas.luginbuehl@hirzi.ch', '031 869 34 76', 'Sportzentrum Hirzi', 'Radiostrasse 53, 3053 Münchenbuchsee, Bern'),
('d8c9ab7b-4221-4d58-ab6f-61b3c97d085c', 'René', 'Schneider', 'info@sanapark.ch', '044 739 49 59', 'Sportzentrum Sanapark', 'Industriestrasse 6, 8903 Birmensdorf, Zürich'),
('ecd4df5c-6982-4cb0-ba2f-f3a556ad58a9', 'Matthias', 'Horvath', 'info@wislepark.ch', '031 838 71 71', 'Sportzentrum Worb AG', 'Sportweg 10, 3076 Worb, Bern'),
('1f2f68ed-b35d-4b31-b773-a21dbccb93db', 'Werner', 'Pircher', 'pircher@spotwerbung.ch', '081 837 30 80', 'Spot Werbung Pircher Cantoni AG', 'Via Brattas 2, 7500 St. Moritz, Graubünden'),
('ab3ad7c2-c7f8-43cf-8607-f4d557954cf7', 'Hans', 'Kölliker', 'dispo@spotpromotion.ch', '052 728 05 08', 'Spot-Promotion AG', 'Rebweg 10, 8532 Warth, Thurgau'),
('c1fcd973-7344-4314-9416-12fc367ae407', 'Jörg', 'Hausherr', 'info@spot-tech.ch', '056 631 14 54', 'spot-tech medien ag', 'Grossmattstrasse 12, 8964 Rudolfstetten, Aargau'),
('d80f64c7-31bd-474a-89d6-b14c7e748144', 'Simon', 'Spotti', 'naturel@spotti.ch', '079 519 76 79', 'Spotti interieur naturel GmbH', 'Bleienbachstrasse 9, 4900 Langenthal, Bern'),
('2f16a1c3-43f1-42cb-ac5b-21f857095228', 'Alexandra', 'Schlunegger', 'alexandra.schlunegger@spp-treuhand.ch', '044 310 14 44', 'SPP Schlunegger Park & Partner Treuhand AG', 'Leutschenbachstrasse 45, 8050 Zürich, Zürich'),
('67f13f0b-91fb-4f47-93f8-17af07896a83', 'Peter', 'Trachsler', 'ptrachsler@sppa.ch', '044 286 50 27', 'Sppa Architekten AG', 'Sihlamtsstrasse 10, 8001 Zürich, Zürich'),
('f54ef672-453f-4130-b2d3-e794225b16da', 'Renata', 'Shakirova-Pfister', 'info@spr-studio.ch', '078 615 63 07', 'SPR Beauty Studio', 'Frauengasse 5, 8200 Schaffhausen, Schaffhausen'),
('b4d71fdc-557d-48d2-99e8-b6faba6cfdf0', 'Bea', 'Baumgartner', 'beba@sprachatelier-kunst.ch', '076 543 83 55', 'Sprach- und Kunstatelier Bea Baumgartner', 'Multergasse 9, 9000 St. Gallen, St. Gallen'),
('1dad5c0b-4b2b-4be6-ae1c-a27dd46bdebc', 'Abdullah', 'Yildiz', 'info@sprachenakademie.ch', '043 540 09 53', 'Sprachen Akademie', 'Wehntalerstrasse 293, 8046 Zürich, Zürich'),
('e3b5260d-55e6-4562-81cc-1611da3ad0d1', 'Markus', 'Notter', 'm.notter@sprachheilschule.com', '071 988 57 22', 'Sprachförderzentrum Toggenburg', 'Wilerstrasse 15, 9630 Wattwil, St. Gallen'),
('97d35859-2c95-409e-a7a3-cae6bf80a0b2', 'Sandra', 'Bayrhof', 'sandra.bayrhof@shs-steinen.ch', '041 832 13 15', 'Sprachheilschule Freienbach', 'Wiesenstrasse 24, 8807 Freienbach, Schwyz'),
('9e60742a-ba8a-4cb6-9cec-9aa78775f4d4', 'Divina', 'Suarez', 'd.suarez@sprachheilschule.ch', '071 555 03 00', 'Sprachheilschule Rheintal', 'Hauptstrasse 19a, 9436 Balgach, St. Gallen'),
('34ae4bff-9d6b-4009-aff3-e59c424c57fc', 'Martin', 'Rüegg', 'm.rueegg@sprachheilschule.ch', '071 274 11 11', 'Sprachheilschule St. Gallen', 'Höhenweg 64, 9000 St. Gallen, St. Gallen'),
('3f0ad1c7-8c7e-499e-8f13-a23a7b4b42a5', 'Raimund', 'Mattli', 'staefa@sprachheilschulen.ch', '044 928 19 19', 'Sprachheilschule Stäfa', 'Seestrasse 101, 8712 Stäfa, Zürich'),
('eb188ec7-51c3-4aa1-a18d-da6773df41cb', 'Rita', 'Erni Bächler', 'rita.erni@shs-steinen.ch', '041 832 13 15', 'Sprachheilschule Steinen', 'Weidlistrasse 1, 6422 Steinen, Schwyz'),
('c2a45a49-1160-4b5d-900d-e1991d038097', 'Marcel', 'Vosswinkel', 'winterthur@sprachheilschulen.ch', '052 224 43 53', 'Sprachheilschule Winterthur', 'Lindstrasse 1, 8400 Winterthur, Zürich'),
('ae0d46ba-bfaf-427f-8779-dece94a276bd', 'Florence', 'Aggeler', 'info@sprachpanorama.ch', '062 558 55 22', 'Sprachpanorama', 'Untere Wasengasse 102, 5080 Laufenburg, Aargau'),
('2dfbb58c-26c6-4c4e-9c20-f06a15261779', 'Gabriela', 'Eugster', 'gabi@sproch.ch', '079 705 49 11', 'Sprachraum Eugster', 'Zeughausgasse 14, 6300 Zug, Zug'),
('c757631c-b952-4ccc-92ab-b36b4a760733', 'Antonietta', 'Milano', 'kontakt@amsprachgenuss.ch', '078 861 27 40', 'Sprachschule amSPRACHGENUSS Antonietta Milano', 'Obere Brühlstrasse 4, 4800 Zofingen, Aargau'),
('81325ac0-210a-4c98-b868-cd28229494e0', 'Beatrice', 'Donati', 'sprachschulehoengg.db@bluewin.ch', '044 341 25 69', 'Sprachschule Höngg', 'Geeringstrasse 60, 8049 Zürich, Zürich'),
('2156979c-97b2-4f70-bea1-f0fc6949b99b', 'Yvonne', 'Mathys-Johner', 'info@sprachschule-laufental.ch', '061 761 29 48', 'Sprachschule Laufental', 'In den Spitzen 5, 4242 Laufen, Basel-Land'),
('bb1b32c1-e6c1-4b15-bc90-20e4924d0e02', 'Monika', 'Lauper', 'info@sprachschule-lauper.ch', '043 501 10 44', 'Sprachschule Lauper', 'Mettlenstrasse 12, 8330 Pfäffikon, Zürich'),
('933bf192-34f7-4ac1-ab71-987c14e0f13d', 'Yanping', 'Meiner Wang', 'info@sprachschule-nihao.ch', '079 925 97 61', 'Sprachschule NiHao, Yanping Meiner', 'Militärstrasse 90, 8004 Zürich, Zürich'),
('5baf092d-4d1e-42d1-8e26-fe56875b2c16', 'Kathrin', 'Sigg', 'kathrin@passage.sh', '052 624 06 22', 'Sprachschule Passage', 'Tanne 11, 8200 Schaffhausen, Schaffhausen'),
('0be30160-7a72-4cb5-8c44-a219c0a220ba', 'Wendy', 'Bottlang', 'info@puertadelsol.ch', 'N.a.', 'Sprachschule Puerta del Sol', 'Brättligäu 4, 5600 Lenzburg, Aargau'),
('c4af866b-6092-408c-a30b-c9665bf32369', 'Florian', 'Schneider', 'info@sprachschuleschneider.ch', '044 482 55 55', 'Sprachschule Schneider AG', 'Badenerstrasse 571, 8048 Zürich, Zürich'),
('4a8e610d-3bba-40cb-b2e5-b6d05f81cc30', 'Joël', 'Duss', 'joel.duss@sprachschule-st-annahof.ch', '044 204 60 40', 'Sprachschule St. Annahof', 'Bederstrasse 4, 8027 Zürich, Zürich'),
('c94d905d-7f68-4068-b2f8-3cfc0758a94c', 'Debby', 'Germann-Yang', 'info@sprachschule-yang.ch', '076 339 09 27', 'Sprachschule Yang, Chin Ping Germann-Yang', 'Kalkbreitestrasse 69, 8003 Zürich, Zürich'),
('ad3dfb29-a27c-40dd-bcb7-087842f938b1', 'Jamila', 'Lopez', 'bonjour@sprachstudio.ch', '031 372 49 51', 'Sprachstudio Bonjour', 'Monbijoustrasse 67, 3007 Bern, Bern'),
('95203804-afe0-42fa-bc00-1b322d010a7a', 'Monika', 'Dätwyler', 'info@sprachwelten.ch', '043 277 80 00', 'Sprachwelten GmbH', 'Bodmerstrasse 6, 8002 Zürich, Zürich'),
('2e914a81-b210-4b71-8ad9-a411ee6a82df', 'Marco', 'Spranzi', 'spranzi@bluewin.ch', 'N.a.', 'Spranzi Maschinen & Reparatur GmbH', 'Furkastrasse 274, 3999 Oberwald, Wallis/Valais'),
('b7758f99-e9bb-4cc3-9f6e-da9401299315', 'Martin', 'Christen', 'martin.christen@spraytechnik.ch', '041 460 50 63', 'Spray-Technik Christen', 'Maiengrüenistrasse 5, 6206 Neuenkirch, Luzern'),
('542c3a15-ffe0-4f48-8f8b-ada9603c2666', 'Gabriela', 'Stettler', 'info@sprechbar.ch', '079 245 32 60', 'sprechbar Gabriela Stettler', 'Hartachstrasse 3, 9245 Oberbüren, St. Gallen'),
('0d0f2373-282a-45c5-b2bd-c5f73aca151e', 'Enzo', 'Pasinelli', 'info@sprecherag.ch', '044 242 88 77', 'Sprecher & Co AG Ing.', 'Pflanzschulstrasse 47, 8004 Zürich, Zürich'),
('e787953c-2dad-4a3e-a1a4-13846c057114', 'Fabian', 'Sprecher', 'fabian@sprecher-ag.ch', '081 413 20 20', 'Sprecher AG', 'Landwasserstrasse 70, 7277 Davos, Graubünden'),
('a69f7d9a-9d0e-444b-93a0-c401292f5957', 'Micha', 'Kernen', 'micha.kernen@sprecher.ch', '044 242 88 77', 'Sprecher Sanitär AG-Zürich', 'Pflanzschulstrasse 47, 8004 Zürich, Zürich'),
('31d8db4b-1f49-465e-853f-88a73d1db0df', 'Beat', 'Schraner', 'info@sprecherschneider.ch', '081 416 37 37', 'Sprecher Schneider Architektur AG', 'Skistrasse 10c, 7270 Davos, Graubünden'),
('fd09b81e-df43-4b77-a9fc-7ea08d601a96', 'Samuel', 'Stutz', 'info@doktorstutz.ch', '081 286 01 99', 'Sprechstunde Doktor Stutz', 'Rossbodenstrasse 33, 7000 Chur, Graubünden'),
('e0d474da-e8df-4dad-a386-85f6b2e87d50', 'Felix', 'Spreiter', 'felix@spreiter.ch', '081 920 96 40', 'Spreiter + Partner AG', 'Via Nova 14, 7017 Flims Dorf, Graubünden'),
('19dd88cd-bbcf-4335-bbbc-6b2e9e71a15b', 'Noah', 'Spreng', 'n.spreng@spreng-architekten.ch', '031 300 21 37', 'Spreng + Partner Architekten AG', 'Morillonstrasse 41, 3007 Bern, Bern'),
('e8cc1dd9-6e0c-4412-9739-7e2f28c20167', 'Donato', 'Paradiso', 'info@sprenggmbh.ch', '079 659 10 57', 'Spreng Gmbh', 'Solothurnstrasse 8, 3312 Fraubrunnen, Bern'),
('55e71723-62f5-417c-b710-1da1e93f88a5', 'Florin', 'Banzer', 'florin.banzer@spst.li', '081 302 31 64', 'Sprenger & Steiner', 'Fanalweg 1, 7307 Jenins, Graubünden'),
('eb2f4b01-1172-4eb5-8710-9b4e56c3d5e1', 'Pascal', 'Sprenger', 'pascal.sprenger@sprengerpartner.ch', '061 701 71 17', 'Sprenger Bauingenieure SIA USIC', 'Mattweg 28, 4144 Arlesheim, Basel-Land'),
('2561ab5d-f8f3-436b-b46a-5f02f62e5f2c', 'Max', 'Sprenger', 'max.sprenger@sprenger-fine-foods.com', '071 422 59 35', 'Sprenger Fine Foods AG', 'Birnstielstrasse 5, 9225 Wilen (Gottshaus), Thurgau'),
('91f058d6-f41b-4c45-ad9b-5a97b2470893', 'Patrick', 'Sprenger', 'info@sprenger-holzbau.ch', '071 761 00 67', 'Sprenger Holzbau AG', 'Kriessernstrasse 6b, 9462 Montlingen, St. Gallen'),
('2e29779f-35e1-43d2-add9-0414d11fdc30', 'Timon', 'Sprenger', 'info@holzbausprenger.ch', '078 935 30 05', 'Sprenger Holzbau Uerkheim GmbH', 'Uerkenweg 5, 4813 Uerkheim, Aargau'),
('94c09826-99d5-41cd-b609-ac9f7878c16c', 'Roland', 'Sprenger', 'mail@sprengermoebel.ch', '081 252 63 66', 'Sprenger Möbel AG', 'Comercialstrasse 23, 7000 Chur, Graubünden'),
('7fc09aaf-4ec2-460c-9893-e8262cbdcdc1', 'Edwin', 'Sprenger', 'e.sprenger@sprenger-soehne.ch', '052 305 06 06', 'Sprenger Söhne AG', 'Wolfzangenstrasse 1, 8413 Neftenbach, Zürich'),
('af0bbf04-ba07-4fa8-9bc5-7551edd516b1', 'Andreas', 'Vögele', 'a.voegele@sprenger-soehne.ch', '052 305 05 95', 'Sprenger Söhne Holzbau AG', 'Aspstrasse 15, 8472 Seuzach, Zürich'),
('49657944-cb9d-473c-aa5e-84dcb5b03f48', 'Cordula', 'Giebel', 'sprengipraxis@hin.ch', '041 280 39 39', 'Sprengipraxis', 'Erlenstrasse 2, 6020 Emmenbrücke, Luzern'),
('7995c32f-6848-478e-b611-4dc1e65b9db6', 'Luigi', 'Cirillo', 'luigi.cirillo@sprich.ch', '041 768 10 91', 'SPRICH AG', 'Sihlbruggstrasse 105a, 6340 Baar, Zug'),
('2c3b5967-82d8-411c-b2ba-53fa55b886cb', 'Mariela', 'Müller Romo', 'info@sprichspanisch.com', 'N.a.', 'Sprich Spanisch Luzern', 'Moostrasse 15, 6003 Luzern, Luzern'),
('3d03b2a9-9c27-415f-bb71-46b1b4916c5c', 'Anna', 'Bonnet', 'contact@springconcepts.ch', '044 223 95 39', 'Spring Concepts GmbH', 'Gloriastrasse 55, 8044 Zürich, Zürich'),
('2ccc6776-f270-497b-83ef-adb2e10a38a4', 'Pascal', 'Spring', 'mail@spring-garagen.ch', '041 320 36 34', 'Spring Garagen AG', 'Rengglochstrasse 22, 6012 Obernau, Luzern'),
('5be97c8c-4ef9-4f9c-bf5e-fbaf7e65cfbf', 'Olcay', 'Akbay', 'info@springinvest.ch', '044 215 50 30', 'Spring Investment Services AG', 'Mühlegasse 29, 8001 Zürich, Zürich'),
('bdf5055d-012e-49af-becf-3d5a8ca742ca', 'Marion', 'Spring', 'marion.spring@bluewin.ch', '076 680 29 53', 'SPRiNG KINESIOLOGIE', 'Oberer Hegner 10, 8730 Uznach, St. Gallen'),
('ccbe0670-8620-422a-ba16-4a4eff7a7742', 'Kevin', 'Spring', 'k.spring@spring-treuhand.ch', '033 334 24 64', 'Spring Treuhand AG', 'Bierigutstrasse 8a, 3608 Thun, Bern'),
('b7c4a163-9a52-4438-a5c6-350978d98a4c', 'Raphael', 'Spring', 'info@spring-tschannen-holzbau.ch', '079 237 57 15', 'Spring Tschannen Holzbau - Planung GmbH', 'Ankeloube 4, 1793 Jeuss, Fribourg/Freiburg'),
('508e2a7b-0c14-49b9-beeb-f7f905e60c96', 'Patrick', 'Springer', 'p.springer@springer-akademie.com', '061 511 70 78', 'Springer Akademie GmbH', 'Martinsgasse 20, 4051 Basel, Basel-Stadt'),
('4b636c10-808a-4071-9cf4-a7c54c8390aa', 'Frank', 'Vrancken Peeters', 'customerservice@springernature.com', '041 747 36 00', 'Springer Nature Switzerland AG', 'Gewerbestrasse 11, 6300 Zug, Zug'),
('4a64cf48-dec4-4f88-9223-614c9dc35153', 'Didier', 'Ray', 'office@springerboerse.ch', '041 766 83 76', 'Springerbörse.ch AG', 'Zugerstrasse 32, 6340 Baar, Zug'),
('7b43b273-7465-4989-8f6d-d17490d772b9', 'Stefan', 'Wyss', 'stefan.wyss@springermarkt.ch', '043 366 40 20', 'springermarkt.ch AG', 'Uster West 32, 8610 Uster, Zürich'),
('ae3c9a6f-979f-48e2-8643-95285966d4e1', 'Nalan', 'Seifeddini', 'info@springerpool.com', '044 272 88 22', 'Springerpool AG', 'Othmarstrasse 8, 8008 Zürich, Zürich'),
('67e95e86-a4ac-4f84-a8e7-179214e48abf', 'Frédéric', 'Springmann', 'info@springmann.ch', '032 729 11 22', 'Springmann AG', 'Staatsstrasse 10, 9246 Niederbüren, St. Gallen'),
('0e7a73cc-de88-4f5e-9c71-4b6853048995', 'Michèle', 'Hochreutener', 'info@springs-gmbh.ch', '076 390 25 29', 'Springs GmbH', 'Gerstenweg 8, 4310 Rheinfelden, Aargau'),
('6c41e04e-4abe-40a7-b05b-e3753aa18b12', 'Andreas', 'Bangerter', 'info@sprintreinigung.ch', '071 672 10 32', 'Sprint - Reinigungen AG', 'Hauptstrasse 15, 8598 Bottighofen, Thurgau'),
('385213f2-1f8d-4e53-9324-cefe395c1487', 'Felix', 'Bühlmann', 'felix.buehlmann@sprinterlogistik.ch', '056 649 94 94', 'Sprinter Logistik GmbH', 'Pilatusstrasse 19, 5630 Muri, Aargau'),
('d7665223-e5e6-4341-8267-ed9687a7dc52', 'Florian', 'Meier', 'florian.meier@sur.ag', '071 229 00 22', 'Sproll & Ramseyer AG', 'Poststrasse 23, 9001 St. Gallen, St. Gallen'),
('aedbc35e-b426-4ec0-86d7-a725f0b58400', 'Barbara', 'Wartenweiler', 'info@sprossana.ch', '071 633 20 00', 'Sprossana - Bio-Sprossen', 'Industriestrasse 4, 8576 Mauren, Thurgau'),
('cd62f30a-71a6-4360-910e-6a9e0bc4014d', 'Vincenzo', 'Trazzera', 'info@sprp.ch', '091 225 72 70', 'SPRP GmbH', 'Reussacherstrasse 9, 6460 Altdorf, Uri'),
('b2dcae43-7b71-475f-86bc-d16f345edbdb', 'Lukas', 'Sprung', 'kontakt@sprung.ch', '027 924 30 04', 'Sprung Consulting GmbH', 'Bahnhofstrasse 26, 3952 Susten, Wallis/Valais'),
('c3b57fb9-54c9-4dfc-9193-ebf0e82420fb', 'Enes', 'Akçadag', 'info@sprunglogistics.ch', '058 510 94 50', 'Sprung Logistics GmbH', 'Bahnstrasse 80, 8105 Regensdorf, Zürich'),
('cba84935-2d3a-4c77-8ff7-ff658b01c4be', 'Daniel', 'Sprunger', 'treuhand@sprungerpartner.ch', '031 930 88 80', 'Sprunger Partner AG', 'Zentweg 13, 3006 Bern, Bern'),
('8c9c363d-4102-40b7-bb4a-8c3be0711e2d', 'Marius', 'Szabo', 'info@sp-solution.ch', '076 753 25 22', 'SPS Swiss Personal Solution GmbH', 'Konstanzerstrasse 37, 8274 Tägerwilen, Thurgau'),
('4d81993d-49a4-4721-bd45-06e4442577f1', 'Michael', 'Pfund', 'info@spuag.ch', '033 722 11 35', 'Spuag AG', 'Gewerbestrasse 3, 3770 Zweisimmen, Bern'),
('39e6ab86-2ef8-44cd-868a-cd921b523456', 'Katharina', 'Kälin', 'spuerbar@gmx.ch', '079 316 13 34', 'Spuerbar', 'Schmiedenstrasse 31, 8841 Gross, Schwyz'),
('7f71712d-7297-4bde-aadb-3f75abca390a', 'Thomas', 'Boltshauser', 'info@spuhl.com', '071 292 11 11', 'Spühl GmbH', 'Grüntalstrasse 23, 9300 Wittenbach, St. Gallen'),
('40f4828a-92d3-46af-8942-5bbe5154387a', 'Peter', 'Spühler', 'peter.spuehler@spuehler-tv.ch', '044 886 86 86', 'Spühler & Co Radio TV Kabelkommunikation', 'Märktgass 9, 8197 Rafz, Zürich'),
('5728e347-4583-4826-a27d-2592c5be62b0', 'Rudolf', 'Zbinden', 'info@spuehler-blachen.ch', '044 730 22 44', 'Spühler Blachen GmbH', 'Grabenstrasse 9, 8952 Schlieren, Zürich'),
('02ae4634-8f9d-4631-9aae-299e7c93a8ed', 'Thomas', 'Heim', 't_heim@spuler-ag.ch', '056 242 11 76', 'Spuler AG, Schreinerei', 'Surbmatte 1, 5304 Endingen, Aargau'),
('ced14057-654a-494f-b079-13bab068e2eb', 'Luciano', 'Saggese', 'info@spueltech.ch', '076 232 97 22', 'SPÜL-TECH Saggese', 'Obertor 4, 8253 Diessenhofen, Thurgau'),
('31d9a830-680d-40d5-927f-e797b3806254', 'Dilber', 'Içkin-Yildirim', 'info@spuntino.ch', '043 344 50 50', 'Spuntino AG', 'Bellerivestrasse 253, 8008 Zürich, Zürich'),
('b2495e7a-6e81-4d17-9a67-7c24f82e6671', 'Franco', 'Maggio', 'info@spuntino-pizza-pasta.ch', '055 444 23 22', 'Spuntino Pizza Pasta', 'Hirzlipark Kantonsstrasse 60, 8864 Reichenburg, Schwyz'),
('f0af9d2c-e6f2-47c4-936f-021726d7b653', 'Oliver', 'Singenberger', 'info@spurensicherung.ch', '056 640 93 73', 'Spurensicherung AG', 'Moosmatt 23, 8905 Arni, Aargau'),
('c61cd363-13cf-4e61-ad0a-4fb7dff137cd', 'Anja', 'Fischer', 'info@spuersinn.swiss', '076 710 00 76', 'Spürsinn GmbH', 'Wilkerstrasse 64, 3097 Liebefeld, Bern'),
('a5128969-16ce-4885-a775-7f9eb3a863d7', 'Rene', 'Sager', 'mail@sputnik-sager.ch', '041 220 20 73', 'Sputnik Sager', 'Brünigstrasse 24, 6005 Luzern, Luzern'),
('446dd3be-1ae8-44a9-9694-fa5f7a91c455', 'Peter', 'Spycher', 'info@spycherbaumpflege.ch', '031 731 15 58', 'Spycher Baumpflege GmbH', 'Graneggweg 24, 3152 Mamishaus, Bern'),
('1489c5ea-5e72-43a4-99be-4ce2efb57683', 'Fabian', 'Spycher', 'fs@spycherconsulting.ch', '071 622 15 15', 'Spycher Consulting GmbH', 'Frauenfelderstrasse 32, 8570 Weinfelden, Thurgau');

INSERT INTO leads (id, contact_id, source, status, value, notes) VALUES
('1b512a6c-e275-437c-bf73-1968fcabf44e', '93d7f8a3-7213-4f55-8d99-77842630577d', 'KALTAKQUISE', 'ACTIVE', 0, 'Funktion: Geschäftsführer/in (CEO) | Mitarbeiter: 21 bis 50 | Branche: Clubs, Bars & Eventlocations / Fitnessstudios / Restaurants | Rechtsform: Gesellschaft mit beschränkter Haftung'),
('9beabab1-0e97-4ba0-9b3c-2643848b38c3', '7b82c5fb-1193-4bb9-b154-213f0edffb57', 'KALTAKQUISE', 'ACTIVE', 0, 'Funktion: Geschäftsführer/in (CEO) | Mitarbeiter: 1 bis 10 | Branche: Medizintechnik-Industrie | Rechtsform: Gesellschaft mit beschränkter Haftung'),
('38e44068-3b0a-4e94-bf75-fd21f2270856', '6ce258c4-5f02-4f78-ae4f-d4589582a6fd', 'KALTAKQUISE', 'ACTIVE', 0, 'Funktion: Geschäftsführer/in (CEO) | Mitarbeiter: 1 bis 10 | Branche: Schwimmbäder'),
('6296cbe0-df22-4f07-8d9b-33a6b8487971', '34502afa-7071-43f6-ab61-2667ffbb2c38', 'KALTAKQUISE', 'ACTIVE', 0, 'Funktion: Geschäftsführer/in (CEO) | Mitarbeiter: 1 bis 10 | Branche: Fitnessstudios / Psychiatrie & Psychotherapie / Restaurants | Rechtsform: Einzelunternehmen'),
('ed6023f5-278b-4444-b499-135c7be2bacc', '332353f8-c71f-40af-8fb8-9810840a3051', 'KALTAKQUISE', 'ACTIVE', 0, 'Funktion: Geschäftsführer/in (CEO) | Mitarbeiter: 11 bis 20 | Branche: Freizeitanlagen'),
('909b834c-8347-482f-ac42-04b323a5575f', 'b872cc78-ae0d-43d0-867b-dd0eb52b39c5', 'KALTAKQUISE', 'ACTIVE', 0, 'Funktion: Geschäftsführer/in (CEO) | Mitarbeiter: 1 bis 10 | Branche: Arztpraxen'),
('39384d36-993b-4084-a410-b9b26b4fd1e8', '1e40d566-3c43-4b71-909e-a4b6dbaec98f', 'KALTAKQUISE', 'ACTIVE', 0, 'Funktion: Geschäftsführer/in (CEO) | Mitarbeiter: 1 bis 10 | Branche: Restaurants'),
('66eec3af-93a8-4433-80aa-3fe5cf443e8c', '87942590-8d59-4150-add0-04e5c9178965', 'KALTAKQUISE', 'ACTIVE', 0, 'Funktion: Präsidium  | Mitarbeiter: 1 bis 10 | Branche: Turnvereine'),
('f5bc10bb-29e2-4f02-8541-5930bc4cf2da', '8cad9be0-3e94-466d-ac57-fae8abaf399e', 'KALTAKQUISE', 'ACTIVE', 0, 'Funktion: Geschäftsführer/in (CEO) | Mitarbeiter: 1 bis 10 | Branche: Schwimmbäder | Rechtsform: Aktiengesellschaft'),
('caa06dd7-1bb9-419b-93ba-e5233f94463f', 'be35d7f2-01e2-4fcc-9f89-4e4c868f6b94', 'KALTAKQUISE', 'ACTIVE', 0, 'Funktion: Geschäftsführer/in (CEO) | Mitarbeiter: 1 bis 10 | Branche: Online Shops | Rechtsform: Aktiengesellschaft'),
('8af82439-e159-45ed-9a0f-bc94de6453f0', 'c41b1c2b-633a-4bba-aa96-a9d3e4dea4a5', 'KALTAKQUISE', 'ACTIVE', 0, 'Funktion: Geschäftsführer/in (CEO) | Mitarbeiter: 1 bis 10 | Branche: Physiotherapie'),
('9e5ba210-2469-4b2f-b4fd-a74da05ff3c5', 'b08be312-1573-4209-9e8b-d1524fffe102', 'KALTAKQUISE', 'ACTIVE', 0, 'Funktion: Geschäftsführer/in (CEO) | Mitarbeiter: 1 bis 10 | Branche: Physiotherapie'),
('04ab46c9-4e44-470a-aeca-4db846c94f96', 'd3a58f5f-9e1c-4ebb-9975-70585062bb62', 'KALTAKQUISE', 'ACTIVE', 0, 'Funktion: Geschäftsführer/in (CEO) | Mitarbeiter: 21 bis 50 | Branche: Divers'),
('b04cde39-8807-4c12-83af-85e751d909d8', '944286a6-8fbf-47b1-80f2-ef93c274962b', 'KALTAKQUISE', 'ACTIVE', 0, 'Funktion: Geschäftsführer/in (CEO) | Mitarbeiter: 1 bis 10 | Branche: Schwimmbäder | Rechtsform: Aktiengesellschaft'),
('9c4b3a1a-656c-4040-b7f4-bbf56f80fec8', '54341968-cb1f-41e7-ab8b-0daa3547bd53', 'KALTAKQUISE', 'ACTIVE', 0, 'Funktion: Leitung Betrieb (COO) | Mitarbeiter: 11 bis 20 | Branche: Berg- & Seilbahnen'),
('e160f821-1a54-480b-a8ca-42bd5d0048ac', 'ab7ec501-7b5b-4bb7-86ee-15498b8df55d', 'KALTAKQUISE', 'ACTIVE', 0, 'Funktion: Geschäftsführer/in (CEO) | Mitarbeiter: 11 bis 20 | Branche: Berg- & Seilbahnen'),
('a7186d18-64e4-43e6-b242-f93bd5e4918f', 'ba054847-f8a5-447b-97d6-d021a9c6a9cd', 'KALTAKQUISE', 'ACTIVE', 0, 'Funktion: Geschäftsführer/in (CEO) | Mitarbeiter: 1 bis 10 | Branche: Physiotherapie'),
('fa456937-0e5c-4d76-a6e5-3527132866b9', 'e9b1a2d6-3251-42ff-8f34-02a3bae8ba57', 'KALTAKQUISE', 'ACTIVE', 0, 'Funktion: Geschäftsführer/in (CEO) | Mitarbeiter: 1 bis 10 | Branche: Berg- & Seilbahnen'),
('8b033061-86ff-49bb-a1ce-9fdeda4d7b43', 'eb0b34b6-f206-4280-b3cc-5d17d176106d', 'KALTAKQUISE', 'ACTIVE', 0, 'Funktion: Geschäftsführer/in (CEO) | Mitarbeiter: 21 bis 50 | Branche: Online Shops / Berg- & Seilbahnen | Rechtsform: Aktiengesellschaft'),
('d838d83b-133e-4268-9fe0-f19d5e079903', 'ac481e1b-0a2b-4654-b612-ff439a9be156', 'KALTAKQUISE', 'ACTIVE', 0, 'Funktion: Geschäftsführer/in (CEO) | Mitarbeiter: 1 bis 10 | Branche: Clubs, Bars & Eventlocations / Hotels / Restaurants'),
('c10a6542-ad65-4462-8897-5c016fe1152b', '77cdf28a-154a-47b9-aa10-6a4a25fb5208', 'KALTAKQUISE', 'ACTIVE', 0, 'Funktion: Gesamtleitung/Direktion | Mitarbeiter: 11 bis 20 | Branche: Berg- & Seilbahnen'),
('318bf638-cde2-4cd0-82d5-44910bab5db5', '0dd688bb-e504-4ff4-8c12-b751671e57a0', 'KALTAKQUISE', 'ACTIVE', 0, 'Funktion: Geschäftsführer/in (CEO) | Mitarbeiter: 11 bis 20 | Branche: Berg- & Seilbahnen | Rechtsform: Aktiengesellschaft'),
('db84d849-c99e-4d7b-8f5b-7c861998a842', '0d852ffd-0c60-42ee-92a2-1e159f283b85', 'KALTAKQUISE', 'ACTIVE', 0, 'Funktion: Geschäftsführer/in (CEO) | Mitarbeiter: 11 bis 20 | Branche: Berg- & Seilbahnen'),
('11e554b7-a9fb-416b-9d4e-83acf491dc53', 'c2776531-3349-4554-8331-57fab5620c15', 'KALTAKQUISE', 'ACTIVE', 0, 'Funktion: Geschäftsführer/in (CEO) | Mitarbeiter: 21 bis 50 | Branche: Online Shops / Berg- & Seilbahnen | Rechtsform: Aktiengesellschaft'),
('2c6c4ba7-7cdc-4663-b72a-1ef36ad090ca', 'b4e03b54-3457-4c32-9de7-7d88390fbb7c', 'KALTAKQUISE', 'ACTIVE', 0, 'Funktion: Gesamtleitung/Direktion | Mitarbeiter: 1 bis 10 | Branche: Berg- & Seilbahnen'),
('76c75248-760c-464b-b54e-ae07e8da8ff6', '222feddc-5c97-436c-aad3-d35d22cf5611', 'KALTAKQUISE', 'ACTIVE', 0, 'Funktion: Geschäftsführer/in (CEO) | Mitarbeiter: 21 bis 50 | Branche: Online Shops / Berg- & Seilbahnen | Rechtsform: Aktiengesellschaft'),
('b5814373-60ab-4abe-95cc-18cd9e83bc1d', '6cef5c2f-e569-44ef-8eb2-d63e708bae13', 'KALTAKQUISE', 'ACTIVE', 0, 'Funktion: Geschäftsführer/in (CEO) | Mitarbeiter: 11 bis 20 | Branche: Berg- & Seilbahnen | Rechtsform: Aktiengesellschaft'),
('381593e6-bcb2-4c01-8ffe-3836b7687516', 'eaa2c927-9074-40d3-98ec-96d66d9da001', 'KALTAKQUISE', 'ACTIVE', 0, 'Funktion: Präsidium  | Mitarbeiter: 21 bis 50 | Branche: Berg- & Seilbahnen | Rechtsform: Aktiengesellschaft'),
('ab7bb531-5464-4cc1-8c2a-41ea5b8cb535', '1903e63f-9d80-4ed6-a9bb-8a99d44510ec', 'KALTAKQUISE', 'ACTIVE', 0, 'Funktion: Geschäftsführer/in (CEO) | Mitarbeiter: 1 bis 10 | Branche: Berg- & Seilbahnen'),
('e3c5a8ac-b347-4697-8960-b1671a067e0d', '043c1c06-9e62-4c6f-b217-5ff1c0476b60', 'KALTAKQUISE', 'ACTIVE', 0, 'Funktion: Geschäftsführer/in (CEO) | Mitarbeiter: 11 bis 20 | Branche: Clubs, Bars & Eventlocations / Restaurants | Rechtsform: Gesellschaft mit beschränkter Haftung'),
('ded27758-7e02-4b47-b77e-d7f1f844c66b', 'cc5b88df-7b88-4576-90b8-2fffc7ea1173', 'KALTAKQUISE', 'ACTIVE', 0, 'Funktion: Geschäftsführer/in (CEO) | Mitarbeiter: 1 bis 10 | Branche: Clubs, Bars & Eventlocations | Rechtsform: Gesellschaft mit beschränkter Haftung'),
('b6ed8776-6a6e-4ed6-b5ff-d49cd1628f2a', '74e126ff-6b2b-46d7-9948-4b077d6758fd', 'KALTAKQUISE', 'ACTIVE', 0, 'Funktion: Geschäftsführer/in (CEO) | Mitarbeiter: 1 bis 10 | Branche: Clubs, Bars & Eventlocations'),
('ebddb51b-d8dc-4e50-bbc2-eb2bb4167e09', 'e8fe8ac7-c3ed-4960-8137-ab82c939ad09', 'KALTAKQUISE', 'ACTIVE', 0, 'Funktion: Geschäftsführer/in (CEO) | Mitarbeiter: 11 bis 20 | Branche: Online Shops'),
('d6c120df-5657-4323-be28-b6f8e3349d18', '60538a7f-bed3-40d5-ad79-24382e6ca46c', 'KALTAKQUISE', 'ACTIVE', 0, 'Funktion: Geschäftsführer/in (CEO) | Mitarbeiter: 1 bis 10 | Branche: Online Shops | Rechtsform: Gesellschaft mit beschränkter Haftung'),
('14eabd36-89ba-41be-8edf-3a344da68c0e', 'e80f5343-8317-404d-865d-157faea728d6', 'KALTAKQUISE', 'ACTIVE', 0, 'Funktion: Geschäftsführer/in (CEO) | Mitarbeiter: 1 bis 10 | Branche: Garagen | Rechtsform: Einzelunternehmen'),
('fbe86b00-b10c-4990-83bc-bcbc5cda31b6', 'ab4d8390-1b94-4573-9ebc-7f710026b8ab', 'KALTAKQUISE', 'ACTIVE', 0, 'Funktion: Geschäftsführer/in (CEO) | Mitarbeiter: 11 bis 20 | Branche: Tennisvereine | Rechtsform: Gesellschaft mit beschränkter Haftung'),
('22c05cdf-f71c-4377-b5f3-600f4b612216', 'a33e2b95-05d2-4e06-8740-393c5b2fc34f', 'KALTAKQUISE', 'ACTIVE', 0, 'Funktion: Geschäftsführer/in (CEO) | Mitarbeiter: 1 bis 10 | Branche: Restaurants | Rechtsform: Aktiengesellschaft'),
('3e244ecb-6130-47c4-81e0-283e48c40032', '8ff30199-4848-44af-a84b-c475378d79e3', 'KALTAKQUISE', 'ACTIVE', 0, 'Funktion: Geschäftsführer/in (CEO) | Mitarbeiter: 21 bis 50 | Branche: Tennisvereine | Rechtsform: Aktiengesellschaft'),
('37541d82-33a0-4450-a7b3-2d72787ec739', '57cf6130-73f8-4307-a771-0aab2b26596f', 'KALTAKQUISE', 'ACTIVE', 0, 'Funktion: Geschäftsführer/in (CEO) | Mitarbeiter: 21 bis 50 | Branche: Fitnessstudios | Rechtsform: Einzelunternehmen'),
('a100d094-8ecf-49bf-99b3-8c24c573a335', 'dc288326-0c30-46cb-9f6c-a6d08598f218', 'KALTAKQUISE', 'ACTIVE', 0, 'Funktion: Geschäftsführer/in (CEO) | Mitarbeiter: 21 bis 50 | Branche: Tennisvereine | Rechtsform: Aktiengesellschaft'),
('6f9734e2-b489-40f7-ac08-4c770737279c', 'b8761af0-6424-4cfd-8324-eb40c2e65352', 'KALTAKQUISE', 'ACTIVE', 0, 'Funktion: Geschäftsführer/in (CEO) | Mitarbeiter: 21 bis 50 | Branche: Fitnessstudios | Rechtsform: Aktiengesellschaft'),
('b1c4bf62-3d4f-40e0-abc8-61a7ebf86d92', '8296d0d5-1a5c-47f2-b7c7-7d16d9752ab5', 'KALTAKQUISE', 'ACTIVE', 0, 'Funktion: Geschäftsführer/in (CEO) | Mitarbeiter: 1 bis 10 | Branche: Tennisvereine | Rechtsform: Aktiengesellschaft'),
('91ac355b-fedb-48d4-99de-d754688471df', '3df4e049-d61d-43f0-8d13-8a6ee8016e81', 'KALTAKQUISE', 'ACTIVE', 0, 'Funktion: Gesamtleitung/Direktion | Mitarbeiter: 1 bis 10 | Branche: Hotels'),
('ac22f00c-9ee7-408f-a8e8-b4b5cac8e7ee', '5e0c425f-ae34-43aa-8a01-d87e18c7bbd5', 'KALTAKQUISE', 'ACTIVE', 0, 'Funktion: Leitung Standort | Mitarbeiter: 1 bis 10 | Branche: Physiotherapie'),
('c4c5f839-3bce-41f8-b088-40eec39f7bc3', 'efc0e0aa-7917-416c-97bd-063ef7e076e1', 'KALTAKQUISE', 'ACTIVE', 0, 'Funktion: Geschäftsführer/in (CEO) | Mitarbeiter: 11 bis 20 | Branche: Physiotherapie'),
('cce4d60e-c1d6-4db6-8c1d-2bc1d3ad2ddb', '3224f319-64bc-481a-bfe2-62f0b7d8fb42', 'KALTAKQUISE', 'ACTIVE', 0, 'Funktion: Leitung Standort | Mitarbeiter: 1 bis 10 | Branche: Physiotherapie'),
('68e242b5-22e4-47a2-8885-1c76676ff6bc', '61fd9178-2cb0-4f4c-93ff-2fb056210951', 'KALTAKQUISE', 'ACTIVE', 0, 'Funktion: Leitung Standort | Mitarbeiter: 11 bis 20 | Branche: Physiotherapie'),
('f094810d-955e-41d5-a9ec-107cc5a4106d', '50abee09-b18c-49c9-9961-8096ff538846', 'KALTAKQUISE', 'ACTIVE', 0, 'Funktion: Präsidium  | Mitarbeiter: 11 bis 20 | Branche: Vereine & Stadien | Rechtsform: Verein'),
('87a96e3b-df1b-4277-aeb2-69d980f57d65', 'b289d9e4-6e95-4f65-af22-4eeae7f621d3', 'KALTAKQUISE', 'ACTIVE', 0, 'Funktion: Präsidium  | Mitarbeiter: 11 bis 20 | Branche: Fussballvereine'),
('2052d17e-e3f6-4f39-913d-1f0bda4236fe', 'dfc23e62-f245-4fed-883d-55499ff0502e', 'KALTAKQUISE', 'ACTIVE', 0, 'Funktion: Präsidium  | Mitarbeiter: 1 bis 10 | Branche: Tennisvereine'),
('90fd1429-71bd-46c6-b354-0aac91697d67', '0b6be58a-042b-4454-8503-99f61f52e598', 'KALTAKQUISE', 'ACTIVE', 0, 'Funktion: Geschäftsführer/in (CEO) | Mitarbeiter: 1 bis 10 | Branche: Turnvereine'),
('196ded44-377c-4cf9-9c02-59b45f3deda1', '5036c4c8-2719-424b-ab97-1acfa1fd04c5', 'KALTAKQUISE', 'ACTIVE', 0, 'Funktion: Präsidium  | Mitarbeiter: 1 bis 10 | Branche: Turnvereine'),
('21e0dc57-a3e1-404e-b3b2-82d60f01e7dd', 'd2da8ab7-c81f-4dc4-87bf-119961ae3831', 'KALTAKQUISE', 'ACTIVE', 0, 'Funktion: Geschäftsführer/in (CEO) | Mitarbeiter: 11 bis 20 | Branche: Garagen | Rechtsform: Aktiengesellschaft'),
('e6b3d33d-98c4-4d19-bfe9-9fb609cfed27', '5794d0eb-52cd-4aa8-9578-5a22a981cd15', 'KALTAKQUISE', 'ACTIVE', 0, 'Funktion: Geschäftsführer/in (CEO) | Mitarbeiter: 11 bis 20 | Branche: Tennisvereine | Rechtsform: Aktiengesellschaft'),
('ce62bb8a-e5c9-4038-bc8e-f4246755fdc6', '022074f9-ee87-4ec6-931a-eb9cfaf30e57', 'KALTAKQUISE', 'ACTIVE', 0, 'Funktion: Geschäftsführer/in (CEO) | Mitarbeiter: 21 bis 50 | Branche: Fitnessstudios / Tennisvereine | Rechtsform: Aktiengesellschaft'),
('6f50eb8f-ea48-4d16-b04a-387ac296ce75', '89b68cf2-8cf9-41e6-800b-c37fb3d2c01c', 'KALTAKQUISE', 'ACTIVE', 0, 'Funktion: Geschäftsführer/in (CEO) | Mitarbeiter: 1 bis 10 | Branche: Online Shops | Rechtsform: Kollektivgesellschaft'),
('2381772d-5671-4b89-b698-80b4f3466854', '5435dd16-712f-4c81-bcd0-a39735353ba8', 'KALTAKQUISE', 'ACTIVE', 0, 'Funktion: Geschäftsführer/in (CEO) | Mitarbeiter: 1 bis 10 | Branche: Garagen | Rechtsform: Aktiengesellschaft'),
('f9e85e37-e82c-4d40-81e9-761cd18954a9', '7912ea11-0430-4421-af93-778b6ed80b96', 'KALTAKQUISE', 'ACTIVE', 0, 'Funktion: Geschäftsführer/in (CEO) | Mitarbeiter: 1 bis 10 | Branche: Garagen'),
('41615da4-8385-4f7a-a6b0-acccf3ff47fd', 'b13159d2-20a5-44ee-b2aa-4e0ce2214989', 'KALTAKQUISE', 'ACTIVE', 0, 'Funktion: Geschäftsführer/in (CEO) | Mitarbeiter: 1 bis 10 | Branche: Garagen | Rechtsform: Aktiengesellschaft'),
('e05c1640-83bf-421e-a747-3c56ac60a907', 'd2ea37c4-82da-4e59-b891-d1a7c44b243c', 'KALTAKQUISE', 'ACTIVE', 0, 'Funktion: Geschäftsführer/in (CEO) | Mitarbeiter: 1 bis 10 | Branche: Camping / Garagen | Rechtsform: Gesellschaft mit beschränkter Haftung'),
('4630453c-cc3a-4b9c-a5a8-e415bed28189', 'd16f1736-dd13-41ce-af72-9d4093a11caa', 'KALTAKQUISE', 'ACTIVE', 0, 'Funktion: Geschäftsführer/in (CEO) | Mitarbeiter: 1 bis 10 | Branche: Garagen | Rechtsform: Aktiengesellschaft'),
('d4837034-fa31-41b9-90f6-a0f9d4d50796', '01d99a46-0eb8-4df5-b19b-39ec52487c4a', 'KALTAKQUISE', 'ACTIVE', 0, 'Funktion: Geschäftsführer/in (CEO) | Mitarbeiter: Mehr als 500 | Branche: Restaurants'),
('1279dda7-f57e-4396-b420-1dcc4924c36c', 'c60c342b-7162-4a95-a9e2-26341eee3e1f', 'KALTAKQUISE', 'ACTIVE', 0, 'Funktion: Geschäftsführer/in (CEO) | Mitarbeiter: 11 bis 20 | Branche: Online Shops | Rechtsform: Gesellschaft mit beschränkter Haftung'),
('2814e05f-5290-4743-9704-98b4f5f297e5', '08ba3066-40b5-4cf4-b679-efe0f2d5d624', 'KALTAKQUISE', 'ACTIVE', 0, 'Funktion: Geschäftsführer/in (CEO) | Mitarbeiter: 1 bis 10 | Branche: Fitnessstudios / Physiotherapie | Rechtsform: Aktiengesellschaft'),
('84d28b54-1a99-41f9-951c-b52c36d917a9', 'b018f67f-bea2-4bc2-9c34-085e57c8632d', 'KALTAKQUISE', 'ACTIVE', 0, 'Funktion: Gesamtleitung/Direktion | Mitarbeiter: 1 bis 10 | Branche: Beherbergungsstätten'),
('0ec07ba4-9d6f-4a2a-a3b7-197c562eebfa', '79e44f8c-1e45-45b7-9093-533060114426', 'KALTAKQUISE', 'ACTIVE', 0, 'Funktion: Gesamtleitung/Direktion | Mitarbeiter: 1 bis 10 | Branche: Beherbergungsstätten'),
('2a2ee278-2cd6-4503-8ea1-f45be37a6504', 'b720412b-d009-41ad-a00c-a20af355b08a', 'KALTAKQUISE', 'ACTIVE', 0, 'Funktion: Geschäftsführer/in (CEO) | Mitarbeiter: 1 bis 10 | Branche: Medizintechnik-Industrie | Rechtsform: Gesellschaft mit beschränkter Haftung'),
('654f7ae8-81d2-48d4-a2fa-86007b8b7fe2', 'ce17614f-6d99-4fc9-8f1a-b08ff0b5493c', 'KALTAKQUISE', 'ACTIVE', 0, 'Funktion: Gesamtleitung/Direktion | Mitarbeiter: 1 bis 10 | Branche: Hotels'),
('a31a8ce7-9ba1-40c8-bc81-de7475554766', 'a58c934e-e0d3-45c9-a124-54c94d4cc501', 'KALTAKQUISE', 'ACTIVE', 0, 'Funktion: Gesamtleitung/Direktion | Mitarbeiter: 1 bis 10 | Branche: Hotels'),
('0de7f230-86d6-4f80-9f9d-7a95bfa0ebd0', '6e37b431-db06-4e97-ba00-028cf220655a', 'KALTAKQUISE', 'ACTIVE', 0, 'Funktion: Gesamtleitung/Direktion | Mitarbeiter: 1 bis 10 | Branche: Hotels'),
('27e8ecfe-d9d4-4fa2-bc3a-2dd22eaa443f', '46b8e1c6-1ace-4a92-b15c-b6a15508e4ec', 'KALTAKQUISE', 'ACTIVE', 0, 'Funktion: Gesamtleitung/Direktion | Mitarbeiter: 1 bis 10 | Branche: Hotels'),
('0b8cb557-7a82-40b7-90cc-379ff43dbdc5', 'a02c7e0f-8d64-42ae-a3a5-2611863d3659', 'KALTAKQUISE', 'ACTIVE', 0, 'Funktion: Gesamtleitung/Direktion | Mitarbeiter: 1 bis 10 | Branche: Hotels | Rechtsform: Aktiengesellschaft'),
('92146365-3d9e-4df4-953f-122a0b22c3d5', '7719c8d9-8862-41ab-85fd-1726aea0edfc', 'KALTAKQUISE', 'ACTIVE', 0, 'Funktion: Gesamtleitung/Direktion | Mitarbeiter: 1 bis 10 | Branche: Hotels | Rechtsform: Aktiengesellschaft'),
('afed1f8e-f450-40ef-9dd3-61e189cfb320', '1795c187-286c-4972-a500-b161857a0280', 'KALTAKQUISE', 'ACTIVE', 0, 'Funktion: Gesamtleitung/Direktion | Mitarbeiter: 1 bis 10 | Branche: Hotels / Restaurants | Rechtsform: Aktiengesellschaft'),
('429ddef8-38ca-43b1-965d-4ba9afa9ffc3', 'faf09acf-fa2b-4e93-a802-20debd90d0c2', 'KALTAKQUISE', 'ACTIVE', 0, 'Funktion: Gesamtleitung/Direktion | Mitarbeiter: 1 bis 10 | Branche: Hotels / Schwimmbäder'),
('b8f2d4c3-dafc-450f-93aa-17d0583c5bdc', 'e9ca9ff0-7117-40a8-8ad4-b83bd88f2e1b', 'KALTAKQUISE', 'ACTIVE', 0, 'Funktion: Präsidium  | Mitarbeiter: 1 bis 10 | Branche: Fussballvereine'),
('2c55419a-4190-4bba-b28f-2569d5eb1b0a', '5721f417-fda4-4f5c-9ee6-1601230d2eeb', 'KALTAKQUISE', 'ACTIVE', 0, 'Funktion: Geschäftsführer/in (CEO) | Mitarbeiter: 1 bis 10 | Branche: Fitnessstudios'),
('d419bbeb-51ee-45cb-b3be-1ab04c887c03', '49bb3665-a922-438d-8edd-2359faa6ae2b', 'KALTAKQUISE', 'ACTIVE', 0, 'Funktion: Geschäftsführer/in (CEO) | Mitarbeiter: 21 bis 50 | Branche: Fitnessstudios | Rechtsform: Aktiengesellschaft'),
('2654e2b7-ddfd-4d37-816b-2b35433e46fb', '188fb5cd-794e-4c31-aeb7-d363ee463b4d', 'KALTAKQUISE', 'ACTIVE', 0, 'Funktion: Geschäftsführer/in (CEO) | Mitarbeiter: 1 bis 10 | Branche: Physiotherapie'),
('675a2f67-6c9f-4e14-9fa7-1a46eb903468', '4c87ecc3-9f08-401e-a555-0536ef35da9a', 'KALTAKQUISE', 'ACTIVE', 0, 'Funktion: Geschäftsführer/in (CEO) | Mitarbeiter: 11 bis 20 | Branche: Online Shops | Rechtsform: Gesellschaft mit beschränkter Haftung'),
('5c1569f8-3fe6-4a54-b7ae-ad8f2b9e4303', '205a47c5-cbc5-4f56-acbc-4bb5d04de3b7', 'KALTAKQUISE', 'ACTIVE', 0, 'Funktion: Gesamtleitung/Direktion | Mitarbeiter: 1 bis 10 | Branche: Hotels | Rechtsform: Gesellschaft mit beschränkter Haftung'),
('5cecd066-2cad-4d91-a0b7-340deb40b0a7', '73b3f715-e9c2-4567-8daa-c46161119d1d', 'KALTAKQUISE', 'ACTIVE', 0, 'Funktion: Geschäftsführer/in (CEO) | Mitarbeiter: 1 bis 10 | Branche: Arztpraxen'),
('3dc9efe0-fb4d-4c37-b551-6a16b0c28028', 'ed637be2-e57a-4dad-aaf8-768a4a50a3e5', 'KALTAKQUISE', 'ACTIVE', 0, 'Funktion: Geschäftsführer/in (CEO) | Mitarbeiter: 1 bis 10 | Branche: Arztpraxen | Rechtsform: Einzelunternehmen'),
('119c41f6-bad5-4eff-bceb-b5d14c960fc0', 'ac6c14cb-7263-47ad-a6bb-49e4dc61a682', 'KALTAKQUISE', 'ACTIVE', 0, 'Funktion: Geschäftsführer/in (CEO) | Mitarbeiter: 1 bis 10 | Branche: Schwimmbäder | Rechtsform: Aktiengesellschaft'),
('d734bcbc-f01d-4f9b-bdf7-b390bc030a23', 'a72deaf7-fca2-49bb-afb2-4af50cb02589', 'KALTAKQUISE', 'ACTIVE', 0, 'Funktion: Geschäftsführer/in (CEO) | Mitarbeiter: 21 bis 50 | Branche: Tennisvereine'),
('63d657e8-363d-41a4-9341-3970de2cddc6', '3c9ada24-faa1-4fd8-95b5-c2b26ffe3870', 'KALTAKQUISE', 'ACTIVE', 0, 'Funktion: Geschäftsführer/in (CEO) | Mitarbeiter: 1 bis 10 | Branche: Physiotherapie'),
('18c796b2-cc49-44a9-83ae-61e4f7f7eff1', 'da691517-be5f-4dac-9c59-488a67a75dd1', 'KALTAKQUISE', 'ACTIVE', 0, 'Funktion: Geschäftsführer/in (CEO) | Mitarbeiter: 1 bis 10 | Branche: Physiotherapie'),
('4c722517-ffa5-490d-be04-bd1aacc45671', 'f430d0d9-9406-46f7-9c68-95f6b15e0519', 'KALTAKQUISE', 'ACTIVE', 0, 'Funktion: Geschäftsführer/in (CEO) | Mitarbeiter: 1 bis 10 | Branche: Restaurants | Rechtsform: Einzelunternehmen'),
('54626387-17da-4723-9ed2-8ecf39071e09', '39359449-43b7-42d7-be10-f4dcc6fdfdcc', 'KALTAKQUISE', 'ACTIVE', 0, 'Funktion: Geschäftsführer/in (CEO) | Mitarbeiter: 1 bis 10 | Branche: Restaurants'),
('3f39dc66-ed7d-4d0b-959d-cda8bcf545da', '1f189f83-bb9d-49ca-8038-1bd0d5078844', 'KALTAKQUISE', 'ACTIVE', 0, 'Funktion: Geschäftsführer/in (CEO) | Mitarbeiter: 11 bis 20 | Branche: Clubs, Bars & Eventlocations'),
('968b0c67-dd22-476a-92c6-b303a379f402', '92c8ac2a-f0a5-4687-b884-e460175e0ecd', 'KALTAKQUISE', 'ACTIVE', 0, 'Funktion: Geschäftsführer/in (CEO) | Mitarbeiter: 1 bis 10 | Branche: Atem- Meditation- & Yogacenter'),
('473e9b60-828e-4c1a-92e5-861072a55536', '0a60c500-9114-487a-8770-88354e9ad732', 'KALTAKQUISE', 'ACTIVE', 0, 'Funktion: Geschäftsführer/in (CEO) | Mitarbeiter: 1 bis 10 | Branche: Restaurants / Tennisvereine | Rechtsform: Aktiengesellschaft'),
('15ae550f-4679-4fdd-973b-c42156c63a0f', 'ce0171a3-c273-4b2e-a1a0-f030cbfe02af', 'KALTAKQUISE', 'ACTIVE', 0, 'Funktion: Geschäftsführer/in (CEO) | Mitarbeiter: 1 bis 10 | Branche: Clubs, Bars & Eventlocations'),
('ba4595a0-dd9f-4cd0-a845-f45b7c711278', '5fc5ba85-3a33-4ce1-bd37-259ca1fcd9d3', 'KALTAKQUISE', 'ACTIVE', 0, 'Funktion: Geschäftsführer/in (CEO) | Mitarbeiter: 1 bis 10 | Branche: Clubs, Bars & Eventlocations'),
('a254d726-3f58-46fa-b50a-f451d7fd3ebd', 'e039d685-d4b7-4e7a-ad50-34e4c0d88f6c', 'KALTAKQUISE', 'ACTIVE', 0, 'Funktion: Geschäftsführer/in (CEO) | Mitarbeiter: 11 bis 20 | Branche: Nachhaltigkeitsbereich'),
('ab6fa4e7-42e5-4106-8f64-b7f6356ce9d4', '42db80bf-ea90-4a31-ab42-52303f59ef6a', 'KALTAKQUISE', 'ACTIVE', 0, 'Funktion: Leitung Schule | Mitarbeiter: 1 bis 10 | Branche: Weiterbildungsinstitute'),
('6c35b643-84c8-4351-ab3c-f39a0d5e86ce', 'bdb5530c-a101-4e1c-a59e-fb01b036a6f6', 'KALTAKQUISE', 'ACTIVE', 0, 'Funktion: Leitung Schule | Mitarbeiter: 11 bis 20 | Branche: Weiterbildungsinstitute'),
('13c58d25-06b4-4271-b7f7-20424c44f3bd', '5f300ec6-a0e8-43a8-8e57-04e284f31a32', 'KALTAKQUISE', 'ACTIVE', 0, 'Funktion: Geschäftsführer/in (CEO) | Mitarbeiter: 1 bis 10 | Branche: Physiotherapie'),
('757e67f5-7a91-4a48-9785-a14dda3c7c9a', '4efe13b6-ca8f-4d34-a25a-abe2dd40ac7f', 'KALTAKQUISE', 'ACTIVE', 0, 'Funktion: Geschäftsführer/in (CEO) | Mitarbeiter: 101 bis 500 | Branche: Online Shops / Spielwaren- & Babyfachhandel | Rechtsform: Aktiengesellschaft'),
('ec54aff1-3479-4174-970f-47e0c998e264', 'fe5e885c-67f7-48d7-ae52-debc1e639a40', 'KALTAKQUISE', 'ACTIVE', 0, 'Funktion: Geschäftsführer/in (CEO) | Mitarbeiter: 21 bis 50 | Branche: Online Shops | Rechtsform: Gesellschaft mit beschränkter Haftung'),
('356ac96f-08c4-48bd-a585-93ecce39d199', '8b57cca2-10a6-4b37-bf31-08e1f6d86edb', 'KALTAKQUISE', 'ACTIVE', 0, 'Funktion: Geschäftsführer/in (CEO) | Mitarbeiter: 51 bis 100 | Branche: Divers | Rechtsform: Aktiengesellschaft'),
('430b5b53-5a6b-447c-8bf2-12e2260288d5', 'e139da1f-a5aa-4188-a2a6-9e88d9e762ed', 'KALTAKQUISE', 'ACTIVE', 0, 'Funktion: Präsidium  | Mitarbeiter: 51 bis 100 | Branche: Vereine & Stadien'),
('54728135-4e8e-46c1-94bf-979dc20c53a3', '2a6f67f7-51ed-4ff9-90b9-6fce40038a8c', 'KALTAKQUISE', 'ACTIVE', 0, 'Funktion: Präsidium  | Mitarbeiter: 1 bis 10 | Branche: Fussballvereine / Vereine & Stadien'),
('818426c0-6fb6-4ca3-9c82-eb5ff8e8a3eb', '722c26bd-f27a-4688-bc20-35f3dcde22b4', 'KALTAKQUISE', 'ACTIVE', 0, 'Funktion: Präsidium  | Mitarbeiter: 1 bis 10 | Branche: Turnvereine'),
('0ef73549-b016-4c7c-ace7-e31fdeca44c5', 'd101c0d6-e956-43a2-8f65-07c74e7d52e4', 'KALTAKQUISE', 'ACTIVE', 0, 'Funktion: Geschäftsführer/in (CEO) | Mitarbeiter: Mehr als 500 | Branche: Top 2''000 CH-Unternehmen | Rechtsform: Aktiengesellschaft'),
('529cbf2c-554f-4895-83d5-637de74e99ac', 'f0dabf0f-c3d8-4e37-943e-92b74ca25f02', 'KALTAKQUISE', 'ACTIVE', 0, 'Funktion: Geschäftsführer/in (CEO) | Mitarbeiter: 11 bis 20 | Branche: Fitnessstudios | Rechtsform: Gesellschaft mit beschränkter Haftung'),
('a6c1546f-765c-44d0-968c-28b88ce4f4ec', '5982682d-5df2-43bb-9570-4d32b0f87de5', 'KALTAKQUISE', 'ACTIVE', 0, 'Funktion: Geschäftsführer/in (CEO) | Mitarbeiter: 1 bis 10 | Branche: Physiotherapie'),
('5edf8419-ff05-4834-a4cb-669834c40432', 'e35778c8-0dde-49fd-8b81-d5f866233d53', 'KALTAKQUISE', 'ACTIVE', 0, 'Funktion: Geschäftsführer/in (CEO) | Mitarbeiter: 1 bis 10 | Branche: Schwimmbäder | Rechtsform: Aktiengesellschaft'),
('d528a24a-bf9a-4422-8edc-d27526af5006', 'a72dac21-bb7c-4b01-b059-9b17bdee52dc', 'KALTAKQUISE', 'ACTIVE', 0, 'Funktion: Geschäftsführer/in (CEO) | Mitarbeiter: 21 bis 50 | Branche: Fitnessstudios | Rechtsform: Genossenschaft'),
('c40c8fe4-6b5a-49da-89a8-6a4b2521bf31', '24c08046-16c0-4f61-8f69-4befc3f94602', 'KALTAKQUISE', 'ACTIVE', 0, 'Funktion: Geschäftsführer/in (CEO) | Mitarbeiter: 1 bis 10 | Branche: Schwimmbäder'),
('ffe745d9-6115-44e4-99af-39e25cf56c93', 'd8c9ab7b-4221-4d58-ab6f-61b3c97d085c', 'KALTAKQUISE', 'ACTIVE', 0, 'Funktion: Geschäftsführer/in (CEO) | Mitarbeiter: 1 bis 10 | Branche: Tennisvereine | Rechtsform: Einzelunternehmen'),
('4436dd84-b96a-44b6-b162-4a3129a39087', 'ecd4df5c-6982-4cb0-ba2f-f3a556ad58a9', 'KALTAKQUISE', 'ACTIVE', 0, 'Funktion: Geschäftsführer/in (CEO) | Mitarbeiter: 11 bis 20 | Branche: Fitnessstudios / Restaurants / Schwimmbäder | Rechtsform: Aktiengesellschaft'),
('a6d63238-3fcf-43ed-a6d0-9d7c5c557e0c', '1f2f68ed-b35d-4b31-b773-a21dbccb93db', 'KALTAKQUISE', 'ACTIVE', 0, 'Funktion: Geschäftsführer/in (CEO) | Mitarbeiter: 21 bis 50 | Branche: Werbeagenturen | Rechtsform: Aktiengesellschaft'),
('d4403cc4-5da2-42a7-a048-9be7e5643b45', 'ab3ad7c2-c7f8-43cf-8607-f4d557954cf7', 'KALTAKQUISE', 'ACTIVE', 0, 'Funktion: Geschäftsführer/in (CEO) | Mitarbeiter: 1 bis 10 | Branche: Werbeagenturen | Rechtsform: Aktiengesellschaft'),
('b8300fbe-eb00-4cf3-b6bf-16e53cfd3c6c', 'c1fcd973-7344-4314-9416-12fc367ae407', 'KALTAKQUISE', 'ACTIVE', 0, 'Funktion: Geschäftsführer/in (CEO) | Mitarbeiter: 1 bis 10 | Branche: Druckereibetriebe'),
('5bc783b2-a5f9-45a8-8ce4-1f968a2b5e6e', 'd80f64c7-31bd-474a-89d6-b14c7e748144', 'KALTAKQUISE', 'ACTIVE', 0, 'Funktion: Geschäftsführer/in (CEO) | Mitarbeiter: 1 bis 10 | Branche: Schreinerei- & Holzbaubetriebe'),
('7479f931-c40b-4999-ac4f-1acd600cc705', '2f16a1c3-43f1-42cb-ac5b-21f857095228', 'KALTAKQUISE', 'ACTIVE', 0, 'Funktion: Geschäftsführer/in (CEO) | Mitarbeiter: 11 bis 20 | Branche: Treuhandbüros | Rechtsform: Aktiengesellschaft'),
('c5446ae8-4ceb-4868-93dc-63c6e8b844aa', '67f13f0b-91fb-4f47-93f8-17af07896a83', 'KALTAKQUISE', 'ACTIVE', 0, 'Funktion: Geschäftsführer/in (CEO) | Mitarbeiter: 21 bis 50 | Branche: Architekturbüros | Rechtsform: Aktiengesellschaft'),
('cb03aac8-7c53-45f0-8dce-9e73880db286', 'f54ef672-453f-4130-b2d3-e794225b16da', 'KALTAKQUISE', 'ACTIVE', 0, 'Funktion: Geschäftsführer/in (CEO) | Mitarbeiter: 1 bis 10 | Branche: Kosmetikstudios'),
('5996aa5e-39e6-4dfd-8ebe-e0e6cd63ea00', 'b4d71fdc-557d-48d2-99e8-b6faba6cfdf0', 'KALTAKQUISE', 'ACTIVE', 0, 'Funktion: Leitung Schule | Mitarbeiter: 1 bis 10 | Branche: Weiterbildungsinstitute | Rechtsform: Einzelunternehmen'),
('542280aa-e00f-4852-9089-93721b70982e', '1dad5c0b-4b2b-4be6-ae1c-a27dd46bdebc', 'KALTAKQUISE', 'ACTIVE', 0, 'Funktion: Leitung Schule | Mitarbeiter: 1 bis 10 | Branche: Weiterbildungsinstitute'),
('9959b334-4f3e-4541-b203-9a99b8784f7d', 'e3b5260d-55e6-4562-81cc-1611da3ad0d1', 'KALTAKQUISE', 'ACTIVE', 0, 'Funktion: Gesamtleitung/Direktion | Mitarbeiter: 1 bis 10 | Branche: Weiterbildungsinstitute | Rechtsform: Verein'),
('2794dcbc-5fd8-4297-9b69-3c32821db1bb', '97d35859-2c95-409e-a7a3-cae6bf80a0b2', 'KALTAKQUISE', 'ACTIVE', 0, 'Funktion: Leitung Standort | Mitarbeiter: 101 bis 500 | Branche: Weiterbildungsinstitute'),
('29ac556f-a348-4768-8499-2d41bcb80169', '9e60742a-ba8a-4cb6-9cec-9aa78775f4d4', 'KALTAKQUISE', 'ACTIVE', 0, 'Funktion: Leitung Standort | Mitarbeiter: 1 bis 10 | Branche: Weiterbildungsinstitute'),
('1d6f66f6-4264-4869-a42d-d7959f1702ad', '34ae4bff-9d6b-4009-aff3-e59c424c57fc', 'KALTAKQUISE', 'ACTIVE', 0, 'Funktion: Leitung Standort | Mitarbeiter: 1 bis 10 | Branche: Weiterbildungsinstitute | Rechtsform: Stiftung'),
('bd0ef147-c743-479f-804b-80b0dcd00b14', '3f0ad1c7-8c7e-499e-8f13-a23a7b4b42a5', 'KALTAKQUISE', 'ACTIVE', 0, 'Funktion: Geschäftsführer/in (CEO) | Mitarbeiter: 21 bis 50 | Branche: Weiterbildungsinstitute'),
('fc07c87c-33bc-486d-9ad7-813fefcc42e5', 'eb188ec7-51c3-4aa1-a18d-da6773df41cb', 'KALTAKQUISE', 'ACTIVE', 0, 'Funktion: Geschäftsführer/in (CEO) | Mitarbeiter: 101 bis 500 | Branche: Weiterbildungsinstitute'),
('326d7108-90db-4968-bb3b-7dfc362144d4', 'c2a45a49-1160-4b5d-900d-e1991d038097', 'KALTAKQUISE', 'ACTIVE', 0, 'Funktion: Leitung Standort | Mitarbeiter: 21 bis 50 | Branche: Weiterbildungsinstitute'),
('4944b420-1789-4710-9bf1-ae893175e60e', 'ae0d46ba-bfaf-427f-8779-dece94a276bd', 'KALTAKQUISE', 'ACTIVE', 0, 'Funktion: Geschäftsführer/in (CEO) | Mitarbeiter: 1 bis 10 | Branche: Museum & Theater'),
('13314c91-cde8-4df4-86aa-7e8c8fe69d70', '2dfbb58c-26c6-4c4e-9c20-f06a15261779', 'KALTAKQUISE', 'ACTIVE', 0, 'Funktion: Inhaber/in (Owner/Founder) | Mitarbeiter: 1 bis 10 | Branche: Weiterbildungsinstitute'),
('945e030d-9756-4560-ba33-8b13b316ddc3', 'c757631c-b952-4ccc-92ab-b36b4a760733', 'KALTAKQUISE', 'ACTIVE', 0, 'Funktion: Inhaber/in (Owner/Founder) | Mitarbeiter: 1 bis 10 | Branche: Weiterbildungsinstitute | Rechtsform: Einzelunternehmen'),
('e2d81ca7-5442-45be-8060-6f51cf5090eb', '81325ac0-210a-4c98-b868-cd28229494e0', 'KALTAKQUISE', 'ACTIVE', 0, 'Funktion: Leitung Schule | Mitarbeiter: 1 bis 10 | Branche: Weiterbildungsinstitute'),
('3358b45f-db3e-4826-90a9-754bb58e9b34', '2156979c-97b2-4f70-bea1-f0fc6949b99b', 'KALTAKQUISE', 'ACTIVE', 0, 'Funktion: Leitung Schule | Mitarbeiter: 1 bis 10 | Branche: Weiterbildungsinstitute'),
('3158cb5e-5b57-432a-8d8f-ed9410c0bc7e', 'bb1b32c1-e6c1-4b15-bc90-20e4924d0e02', 'KALTAKQUISE', 'ACTIVE', 0, 'Funktion: Inhaber/in (Owner/Founder) | Mitarbeiter: 1 bis 10 | Branche: Weiterbildungsinstitute | Rechtsform: Einzelunternehmen'),
('01eac721-c27b-46cc-a0e6-c3a70f64969a', '933bf192-34f7-4ac1-ab71-987c14e0f13d', 'KALTAKQUISE', 'ACTIVE', 0, 'Funktion: Leitung Schule | Mitarbeiter: 1 bis 10 | Branche: Weiterbildungsinstitute'),
('86768e5c-5847-4fe7-9e22-0d51a3764c81', '5baf092d-4d1e-42d1-8e26-fe56875b2c16', 'KALTAKQUISE', 'ACTIVE', 0, 'Funktion: Leitung Schule | Mitarbeiter: 1 bis 10 | Branche: Weiterbildungsinstitute'),
('878b5c7d-3aca-48ea-8fd2-c71ac5067f6b', '0be30160-7a72-4cb5-8c44-a219c0a220ba', 'KALTAKQUISE', 'ACTIVE', 0, 'Funktion: Leitung Schule | Mitarbeiter: 1 bis 10 | Branche: Weiterbildungsinstitute'),
('5c89d8d7-1d0b-498a-86bd-0119dde6d6ab', 'c4af866b-6092-408c-a30b-c9665bf32369', 'KALTAKQUISE', 'ACTIVE', 0, 'Funktion: Leitung Schule | Mitarbeiter: 11 bis 20 | Branche: Weiterbildungsinstitute | Rechtsform: Aktiengesellschaft'),
('348c9a4f-eda2-4711-84f6-9d9d54c1be83', '4a8e610d-3bba-40cb-b2e5-b6d05f81cc30', 'KALTAKQUISE', 'ACTIVE', 0, 'Funktion: Leitung Schule | Mitarbeiter: 1 bis 10 | Branche: Weiterbildungsinstitute'),
('d272f4ad-4242-455b-96ae-770f276430bc', 'c94d905d-7f68-4068-b2f8-3cfc0758a94c', 'KALTAKQUISE', 'ACTIVE', 0, 'Funktion: Leitung Schule | Mitarbeiter: 1 bis 10 | Branche: Weiterbildungsinstitute'),
('0146a712-2dd9-420f-bef1-1dbd4ece6161', 'ad3dfb29-a27c-40dd-bcb7-087842f938b1', 'KALTAKQUISE', 'ACTIVE', 0, 'Funktion: Leitung Schule | Mitarbeiter: 1 bis 10 | Branche: Weiterbildungsinstitute'),
('e6c99a26-992a-446a-9517-9710e9c49c04', '95203804-afe0-42fa-bc00-1b322d010a7a', 'KALTAKQUISE', 'ACTIVE', 0, 'Funktion: Leitung Schule | Mitarbeiter: 21 bis 50 | Branche: Weiterbildungsinstitute | Rechtsform: Gesellschaft mit beschränkter Haftung'),
('11f7d04a-303c-4b19-a2fd-eb565404e5f9', '2e914a81-b210-4b71-8ad9-a411ee6a82df', 'KALTAKQUISE', 'ACTIVE', 0, 'Funktion: Geschäftsführer/in (CEO) | Mitarbeiter: 11 bis 20 | Branche: Maschinenbauindustrie | Rechtsform: Gesellschaft mit beschränkter Haftung'),
('831ee20a-8b8a-43eb-8fe3-8fba4936fc57', 'b7758f99-e9bb-4cc3-9f6e-da9401299315', 'KALTAKQUISE', 'ACTIVE', 0, 'Funktion: Geschäftsführer/in (CEO) | Mitarbeiter: 1 bis 10 | Branche: Maschinenbauindustrie | Rechtsform: Einzelunternehmen'),
('080ac163-4945-4249-bcf2-82206ecacc21', '542c3a15-ffe0-4f48-8f8b-ada9603c2666', 'KALTAKQUISE', 'ACTIVE', 0, 'Funktion: Leitung Schule | Mitarbeiter: 1 bis 10 | Branche: Weiterbildungsinstitute | Rechtsform: Einzelunternehmen'),
('1a6bb7ed-4741-4a68-9a59-f648fbb3e3f6', '0d0f2373-282a-45c5-b2bd-c5f73aca151e', 'KALTAKQUISE', 'ACTIVE', 0, 'Funktion: Geschäftsführer/in (CEO) | Mitarbeiter: 1 bis 10 | Branche: Elektroplanung & Installation | Rechtsform: Aktiengesellschaft'),
('99c9040c-825f-4b2f-bbe1-92ea58a4f8fa', 'e787953c-2dad-4a3e-a1a4-13846c057114', 'KALTAKQUISE', 'ACTIVE', 0, 'Funktion: Geschäftsführer/in (CEO) | Mitarbeiter: 1 bis 10 | Branche: Sanitär & Haustechnik | Rechtsform: Aktiengesellschaft'),
('2d31cce5-5f98-4337-8a0e-b071115bb5c3', 'a69f7d9a-9d0e-444b-93a0-c401292f5957', 'KALTAKQUISE', 'ACTIVE', 0, 'Funktion: Geschäftsführer/in (CEO) | Mitarbeiter: 11 bis 20 | Branche: Sanitär & Haustechnik'),
('5de59b24-a32a-42b3-bbf3-bb7131d14623', '31d8db4b-1f49-465e-853f-88a73d1db0df', 'KALTAKQUISE', 'ACTIVE', 0, 'Funktion: Geschäftsführer/in (CEO) | Mitarbeiter: 1 bis 10 | Branche: Architekturbüros | Rechtsform: Aktiengesellschaft'),
('775ddcb3-1972-42af-98ae-958019282f9f', 'fd09b81e-df43-4b77-a9fc-7ea08d601a96', 'KALTAKQUISE', 'ACTIVE', 0, 'Funktion: Geschäftsführer/in (CEO) | Mitarbeiter: 1 bis 10 | Branche: Zeitungen & Zeitschriften'),
('fde65056-e5e7-4881-9a47-7bb6d0410d0c', 'e0d474da-e8df-4dad-a386-85f6b2e87d50', 'KALTAKQUISE', 'ACTIVE', 0, 'Funktion: Geschäftsführer/in (CEO) | Mitarbeiter: 1 bis 10 | Branche: Architekturbüros | Rechtsform: Aktiengesellschaft'),
('10bcd6ee-85c1-47f0-aaba-5b85ecb0337e', '19dd88cd-bbcf-4335-bbbc-6b2e9e71a15b', 'KALTAKQUISE', 'ACTIVE', 0, 'Funktion: Geschäftsführer/in (CEO) | Mitarbeiter: 11 bis 20 | Branche: Architekturbüros | Rechtsform: Aktiengesellschaft'),
('45295174-ead8-45a8-b830-4c156a883ec9', 'e8cc1dd9-6e0c-4412-9739-7e2f28c20167', 'KALTAKQUISE', 'ACTIVE', 0, 'Funktion: Geschäftsführer/in (CEO) | Mitarbeiter: 1 bis 10 | Branche: Maler- & Gipsergeschäfte | Rechtsform: Gesellschaft mit beschränkter Haftung'),
('be1cf032-0733-4af5-92fc-f24a3c532763', '55e71723-62f5-417c-b710-1da1e93f88a5', 'KALTAKQUISE', 'ACTIVE', 0, 'Funktion: Geschäftsführer/in (CEO) | Mitarbeiter: 11 bis 20 | Branche: Bauingenieurbüros'),
('71e96bca-db5a-4ded-b727-31a442617d7e', 'eb2f4b01-1172-4eb5-8710-9b4e56c3d5e1', 'KALTAKQUISE', 'ACTIVE', 0, 'Funktion: Geschäftsführer/in (CEO) | Mitarbeiter: 1 bis 10 | Branche: Bau- & Projektmanagement / Bauingenieurbüros | Rechtsform: Einzelunternehmen'),
('5162f8ab-4db9-4fbf-a181-79da00c6f189', '2561ab5d-f8f3-436b-b46a-5f02f62e5f2c', 'KALTAKQUISE', 'ACTIVE', 0, 'Funktion: Geschäftsführer/in (CEO) | Mitarbeiter: 11 bis 20 | Branche: Lebensmittelverarbeitung | Rechtsform: Aktiengesellschaft'),
('f3ac926e-8106-4420-9772-e1a03d36958e', '91f058d6-f41b-4c45-ad9b-5a97b2470893', 'KALTAKQUISE', 'ACTIVE', 0, 'Funktion: Geschäftsführer/in (CEO) | Mitarbeiter: 1 bis 10 | Branche: Schreinerei- & Holzbaubetriebe | Rechtsform: Aktiengesellschaft'),
('b75d6bbb-dbd2-47fd-8cd1-54cf8a298598', '2e29779f-35e1-43d2-add9-0414d11fdc30', 'KALTAKQUISE', 'ACTIVE', 0, 'Funktion: Geschäftsführer/in (CEO) | Mitarbeiter: 1 bis 10 | Branche: Schreinerei- & Holzbaubetriebe | Rechtsform: Gesellschaft mit beschränkter Haftung'),
('b1ac0f5a-2d05-47c0-b74d-a551d29de94f', '94c09826-99d5-41cd-b609-ac9f7878c16c', 'KALTAKQUISE', 'ACTIVE', 0, 'Funktion: Geschäftsführer/in (CEO) | Mitarbeiter: 21 bis 50 | Branche: Textil- & Möbelindustrie | Rechtsform: Aktiengesellschaft'),
('5477b267-f812-4af0-a035-1a1301887b30', '7fc09aaf-4ec2-460c-9893-e8262cbdcdc1', 'KALTAKQUISE', 'ACTIVE', 0, 'Funktion: Geschäftsführer/in (CEO) | Mitarbeiter: 11 bis 20 | Branche: Schreinerei- & Holzbaubetriebe | Rechtsform: Aktiengesellschaft'),
('30827906-001d-4f6d-b6f4-8e715a39daab', 'af0bbf04-ba07-4fa8-9bc5-7551edd516b1', 'KALTAKQUISE', 'ACTIVE', 0, 'Funktion: Geschäftsführer/in (CEO) | Mitarbeiter: 21 bis 50 | Branche: Schreinerei- & Holzbaubetriebe'),
('ae2d4ab0-42fc-4670-a267-cdec66047c83', '49657944-cb9d-473c-aa5e-84dcb5b03f48', 'KALTAKQUISE', 'ACTIVE', 0, 'Funktion: Geschäftsführer/in (CEO) | Mitarbeiter: 1 bis 10 | Branche: Arztpraxen'),
('0c7a7311-95d7-4dd7-8d20-895d5a328382', '7995c32f-6848-478e-b611-4dc1e65b9db6', 'KALTAKQUISE', 'ACTIVE', 0, 'Funktion: Geschäftsführer/in (CEO) | Mitarbeiter: 21 bis 50 | Branche: Metallbauer | Rechtsform: Aktiengesellschaft'),
('663a1f80-9673-44b2-b416-a869bc6f468b', '2c3b5967-82d8-411c-b2ba-53fa55b886cb', 'KALTAKQUISE', 'ACTIVE', 0, 'Funktion: Leitung Schule | Mitarbeiter: 1 bis 10 | Branche: Weiterbildungsinstitute'),
('45e59eec-6b52-4cc5-8e07-f59008547097', '3d03b2a9-9c27-415f-bb71-46b1b4916c5c', 'KALTAKQUISE', 'ACTIVE', 0, 'Funktion: Geschäftsführer/in (CEO) | Mitarbeiter: 1 bis 10 | Branche: Innenausstatter | Rechtsform: Gesellschaft mit beschränkter Haftung'),
('30317957-8562-4d65-8101-f2e3a7e5701a', '2ccc6776-f270-497b-83ef-adb2e10a38a4', 'KALTAKQUISE', 'ACTIVE', 0, 'Funktion: Geschäftsführer/in (CEO) | Mitarbeiter: 1 bis 10 | Branche: Garagen | Rechtsform: Aktiengesellschaft'),
('6c0a002f-26cb-43ab-b628-86618a61e13b', '5be97c8c-4ef9-4f9c-bf5e-fbaf7e65cfbf', 'KALTAKQUISE', 'ACTIVE', 0, 'Funktion: Geschäftsführer/in (CEO) | Mitarbeiter: 1 bis 10 | Branche: Externe Vermögensverwalter | Rechtsform: Aktiengesellschaft'),
('e8821b84-d3f8-4cd0-9645-fda51c0290dc', 'bdf5055d-012e-49af-becf-3d5a8ca742ca', 'KALTAKQUISE', 'ACTIVE', 0, 'Funktion: Geschäftsführer/in (CEO) | Mitarbeiter: 1 bis 10 | Branche: Naturheilpraxen'),
('447401da-96f7-4c69-aeac-e6a217c7e967', 'ccbe0670-8620-422a-ba16-4a4eff7a7742', 'KALTAKQUISE', 'ACTIVE', 0, 'Funktion: Geschäftsführer/in (CEO) | Mitarbeiter: 1 bis 10 | Branche: Treuhandbüros | Rechtsform: Aktiengesellschaft'),
('16664047-884a-4531-a036-1985430cd2b6', 'b7c4a163-9a52-4438-a5c6-350978d98a4c', 'KALTAKQUISE', 'ACTIVE', 0, 'Funktion: Geschäftsführer/in (CEO) | Mitarbeiter: 1 bis 10 | Branche: Schreinerei- & Holzbaubetriebe'),
('f30a2ea3-6e38-44a1-acf5-889524326554', '508e2a7b-0c14-49b9-beeb-f7f905e60c96', 'KALTAKQUISE', 'ACTIVE', 0, 'Funktion: Geschäftsführer/in (CEO) | Mitarbeiter: 1 bis 10 | Branche: Weiterbildungsinstitute | Rechtsform: Gesellschaft mit beschränkter Haftung'),
('11d5be4a-2e71-478f-8bc1-5cce276857fe', '4b636c10-808a-4071-9cf4-a7c54c8390aa', 'KALTAKQUISE', 'ACTIVE', 0, 'Funktion: Geschäftsführer/in (CEO) | Mitarbeiter: Mehr als 500 | Branche: Top 2''000 CH-Unternehmen | Rechtsform: Aktiengesellschaft'),
('112d405b-4e4f-47e5-8739-4a94eeb9ed8f', '4a64cf48-dec4-4f88-9223-614c9dc35153', 'KALTAKQUISE', 'ACTIVE', 0, 'Funktion: Geschäftsführer/in (CEO) | Mitarbeiter: 1 bis 10 | Branche: Personalvermittler & -berater | Rechtsform: Aktiengesellschaft'),
('893a6d22-09ba-49a8-a8bd-4236efc5555e', '7b43b273-7465-4989-8f6d-d17490d772b9', 'KALTAKQUISE', 'ACTIVE', 0, 'Funktion: Geschäftsführer/in (CEO) | Mitarbeiter: 11 bis 20 | Branche: Personalvermittler & -berater | Rechtsform: Aktiengesellschaft'),
('054e77c8-3533-4c15-b376-e3c6afdd6892', 'ae3c9a6f-979f-48e2-8643-95285966d4e1', 'KALTAKQUISE', 'ACTIVE', 0, 'Funktion: Geschäftsführer/in (CEO) | Mitarbeiter: 1 bis 10 | Branche: Personalvermittler & -berater | Rechtsform: Aktiengesellschaft'),
('23dd8f16-7853-4678-b4a7-3e060757342b', '67e95e86-a4ac-4f84-a8e7-179214e48abf', 'KALTAKQUISE', 'ACTIVE', 0, 'Funktion: Geschäftsführer/in (CEO) | Mitarbeiter: 21 bis 50 | Branche: Maschinenbauindustrie | Rechtsform: Schweizerische Zweigniederlassung'),
('18ca7f09-d4bf-4fb4-aa64-952fdebb8858', '0e7a73cc-de88-4f5e-9c71-4b6853048995', 'KALTAKQUISE', 'ACTIVE', 0, 'Funktion: Geschäftsführer/in (CEO) | Mitarbeiter: 1 bis 10 | Branche: Fitnessstudios | Rechtsform: Gesellschaft mit beschränkter Haftung'),
('3452a8b6-64c2-4913-bbcc-362996997b8d', '6c41e04e-4abe-40a7-b05b-e3753aa18b12', 'KALTAKQUISE', 'ACTIVE', 0, 'Funktion: Geschäftsführer/in (CEO) | Mitarbeiter: 1 bis 10 | Branche: Facility Management & Reinigungsfirmen | Rechtsform: Aktiengesellschaft'),
('83b63481-1f12-4b1d-a355-5562b92174dc', '385213f2-1f8d-4e53-9324-cefe395c1487', 'KALTAKQUISE', 'ACTIVE', 0, 'Funktion: Geschäftsführer/in (CEO) | Mitarbeiter: 11 bis 20 | Branche: Logistik- & Transportunternehmen | Rechtsform: Gesellschaft mit beschränkter Haftung'),
('07900b15-e829-457b-be9a-5a7c7abb02bb', 'd7665223-e5e6-4341-8267-ed9687a7dc52', 'KALTAKQUISE', 'ACTIVE', 0, 'Funktion: Geschäftsführer/in (CEO) | Mitarbeiter: 1 bis 10 | Branche: Immobilienverwaltung / Immobilienvermittlung | Rechtsform: Aktiengesellschaft'),
('ea15112c-af14-4ed3-8518-bfc0901398c4', 'aedbc35e-b426-4ec0-86d7-a725f0b58400', 'KALTAKQUISE', 'ACTIVE', 0, 'Funktion: Geschäftsführer/in (CEO) | Mitarbeiter: 11 bis 20 | Branche: Bio-Betriebe'),
('5a6ebad1-cec8-466e-92fa-e845fd3e4a49', 'cd62f30a-71a6-4360-910e-6a9e0bc4014d', 'KALTAKQUISE', 'ACTIVE', 0, 'Funktion: Geschäftsführer/in (CEO) | Mitarbeiter: 1 bis 10 | Branche: Nachhaltigkeitsbereich | Rechtsform: Gesellschaft mit beschränkter Haftung'),
('9fa99d98-f98e-461c-8bc3-5b44dcd9196f', 'b2dcae43-7b71-475f-86bc-d16f345edbdb', 'KALTAKQUISE', 'ACTIVE', 0, 'Funktion: Geschäftsführer/in (CEO) | Mitarbeiter: 11 bis 20 | Branche: Unternehmensberater | Rechtsform: Gesellschaft mit beschränkter Haftung'),
('4a0d6229-683a-401b-9a8a-7e536c592487', 'c3b57fb9-54c9-4dfc-9193-ebf0e82420fb', 'KALTAKQUISE', 'ACTIVE', 0, 'Funktion: Geschäftsführer/in (CEO) | Mitarbeiter: 11 bis 20 | Branche: Logistik- & Transportunternehmen | Rechtsform: Gesellschaft mit beschränkter Haftung'),
('f423b0dc-7c0f-416d-ac7d-8b2080ef561d', 'cba84935-2d3a-4c77-8ff7-ff658b01c4be', 'KALTAKQUISE', 'ACTIVE', 0, 'Funktion: Geschäftsführer/in (CEO) | Mitarbeiter: 1 bis 10 | Branche: Versicherungsbroker & -makler | Rechtsform: Aktiengesellschaft'),
('76a45c1d-d3a9-4311-b164-2e0ba01a7bfc', '8c9c363d-4102-40b7-bb4a-8c3be0711e2d', 'KALTAKQUISE', 'ACTIVE', 0, 'Funktion: Geschäftsführer/in (CEO) | Mitarbeiter: 1 bis 10 | Branche: Personalvermittler & -berater | Rechtsform: Gesellschaft mit beschränkter Haftung'),
('6ae71ac2-72ca-4435-a4a8-2f0bdacd568e', '4d81993d-49a4-4721-bd45-06e4442577f1', 'KALTAKQUISE', 'ACTIVE', 0, 'Funktion: Geschäftsführer/in (CEO) | Mitarbeiter: 1 bis 10 | Branche: Sanitär & Haustechnik | Rechtsform: Aktiengesellschaft'),
('2be156de-9f48-4c30-9b9b-a15ad61d33fc', '39e6ab86-2ef8-44cd-868a-cd921b523456', 'KALTAKQUISE', 'ACTIVE', 0, 'Funktion: Geschäftsführer/in (CEO) | Mitarbeiter: 1 bis 10 | Branche: Kosmetikstudios'),
('ab184304-2757-4e3d-9e32-aab3cf0e5197', '7f71712d-7297-4bde-aadb-3f75abca390a', 'KALTAKQUISE', 'ACTIVE', 0, 'Funktion: Geschäftsführer/in (CEO) | Mitarbeiter: 101 bis 500 | Branche: Maschinenbauindustrie / Top 2''000 CH-Unternehmen | Rechtsform: Gesellschaft mit beschränkter Haftung'),
('db42a68d-d0b1-4226-827a-6c6728b6fa40', '40f4828a-92d3-46af-8942-5bbe5154387a', 'KALTAKQUISE', 'ACTIVE', 0, 'Funktion: Geschäftsführer/in (CEO) | Mitarbeiter: 1 bis 10 | Branche: Elektroplanung & Installation | Rechtsform: Kommanditgesellschaft'),
('d9b0857f-8aba-41aa-81bd-87ef6d9391b9', '5728e347-4583-4826-a27d-2592c5be62b0', 'KALTAKQUISE', 'ACTIVE', 0, 'Funktion: Geschäftsführer/in (CEO) | Mitarbeiter: 21 bis 50 | Branche: Textil- & Möbelindustrie | Rechtsform: Gesellschaft mit beschränkter Haftung'),
('b8d3328d-07ca-4017-abbe-deb4e939566a', '02ae4634-8f9d-4631-9aae-299e7c93a8ed', 'KALTAKQUISE', 'ACTIVE', 0, 'Funktion: Geschäftsführer/in (CEO) | Mitarbeiter: 11 bis 20 | Branche: Schreinerei- & Holzbaubetriebe | Rechtsform: Aktiengesellschaft'),
('08d35708-9af8-457a-96b5-6e66a8a3b966', 'ced14057-654a-494f-b079-13bab068e2eb', 'KALTAKQUISE', 'ACTIVE', 0, 'Funktion: Geschäftsführer/in (CEO) | Mitarbeiter: 11 bis 20 | Branche: Entsorgungsindustrie | Rechtsform: Einzelunternehmen'),
('ab105312-d534-4f86-8a52-9819d66aff71', '31d9a830-680d-40d5-927f-e797b3806254', 'KALTAKQUISE', 'ACTIVE', 0, 'Funktion: Geschäftsführer/in (CEO) | Mitarbeiter: 1 bis 10 | Branche: Restaurants | Rechtsform: Aktiengesellschaft'),
('199b698b-a4ac-4481-8017-c4305976123a', 'b2495e7a-6e81-4d17-9a67-7c24f82e6671', 'KALTAKQUISE', 'ACTIVE', 0, 'Funktion: Geschäftsführer/in (CEO) | Mitarbeiter: 1 bis 10 | Branche: Restaurants'),
('dba58c53-0b8b-4c5f-8b46-d21820cc9536', 'f0af9d2c-e6f2-47c4-936f-021726d7b653', 'KALTAKQUISE', 'ACTIVE', 0, 'Funktion: Geschäftsführer/in (CEO) | Mitarbeiter: 1 bis 10 | Branche: Online Shops / Kunststoffindustrie | Rechtsform: Aktiengesellschaft'),
('8e7ce7b2-f564-486f-af59-254cdfca0d92', 'c61cd363-13cf-4e61-ad0a-4fb7dff137cd', 'KALTAKQUISE', 'ACTIVE', 0, 'Funktion: Geschäftsführer/in (CEO) | Mitarbeiter: 1 bis 10 | Branche: Werbeagenturen | Rechtsform: Gesellschaft mit beschränkter Haftung'),
('64bb69c4-d0d9-4f3c-b4f3-7d9d3c881d51', 'a5128969-16ce-4885-a775-7f9eb3a863d7', 'KALTAKQUISE', 'ACTIVE', 0, 'Funktion: Geschäftsführer/in (CEO) | Mitarbeiter: 1 bis 10 | Branche: Werbeagenturen | Rechtsform: Einzelunternehmen'),
('4931edc4-455f-482c-b20f-839d0a830b67', '446dd3be-1ae8-44a9-9694-fa5f7a91c455', 'KALTAKQUISE', 'ACTIVE', 0, 'Funktion: Geschäftsführer/in (CEO) | Mitarbeiter: 1 bis 10 | Branche: Gartenbau & -pflege'),
('daf26249-fc2e-47f4-8e54-d72acd2ff750', '1489c5ea-5e72-43a4-99be-4ce2efb57683', 'KALTAKQUISE', 'ACTIVE', 0, 'Funktion: Geschäftsführer/in (CEO) | Mitarbeiter: 1 bis 10 | Branche: Treuhandbüros | Rechtsform: Gesellschaft mit beschränkter Haftung');

INSERT INTO lead_tags (lead_id, tag_id) VALUES
('1b512a6c-e275-437c-bf73-1968fcabf44e', 'ka-b2b'),
('9beabab1-0e97-4ba0-9b3c-2643848b38c3', 'ka-b2b'),
('38e44068-3b0a-4e94-bf75-fd21f2270856', 'ka-b2b'),
('6296cbe0-df22-4f07-8d9b-33a6b8487971', 'ka-b2b'),
('ed6023f5-278b-4444-b499-135c7be2bacc', 'ka-b2b'),
('909b834c-8347-482f-ac42-04b323a5575f', 'ka-b2b'),
('39384d36-993b-4084-a410-b9b26b4fd1e8', 'ka-b2b'),
('66eec3af-93a8-4433-80aa-3fe5cf443e8c', 'ka-b2b'),
('f5bc10bb-29e2-4f02-8541-5930bc4cf2da', 'ka-b2b'),
('caa06dd7-1bb9-419b-93ba-e5233f94463f', 'ka-b2b'),
('8af82439-e159-45ed-9a0f-bc94de6453f0', 'ka-b2b'),
('9e5ba210-2469-4b2f-b4fd-a74da05ff3c5', 'ka-b2b'),
('04ab46c9-4e44-470a-aeca-4db846c94f96', 'ka-b2b'),
('b04cde39-8807-4c12-83af-85e751d909d8', 'ka-b2b'),
('9c4b3a1a-656c-4040-b7f4-bbf56f80fec8', 'ka-b2b'),
('e160f821-1a54-480b-a8ca-42bd5d0048ac', 'ka-b2b'),
('a7186d18-64e4-43e6-b242-f93bd5e4918f', 'ka-b2b'),
('fa456937-0e5c-4d76-a6e5-3527132866b9', 'ka-b2b'),
('8b033061-86ff-49bb-a1ce-9fdeda4d7b43', 'ka-b2b'),
('d838d83b-133e-4268-9fe0-f19d5e079903', 'ka-b2b'),
('c10a6542-ad65-4462-8897-5c016fe1152b', 'ka-b2b'),
('318bf638-cde2-4cd0-82d5-44910bab5db5', 'ka-b2b'),
('db84d849-c99e-4d7b-8f5b-7c861998a842', 'ka-b2b'),
('11e554b7-a9fb-416b-9d4e-83acf491dc53', 'ka-b2b'),
('2c6c4ba7-7cdc-4663-b72a-1ef36ad090ca', 'ka-b2b'),
('76c75248-760c-464b-b54e-ae07e8da8ff6', 'ka-b2b'),
('b5814373-60ab-4abe-95cc-18cd9e83bc1d', 'ka-b2b'),
('381593e6-bcb2-4c01-8ffe-3836b7687516', 'ka-b2b'),
('ab7bb531-5464-4cc1-8c2a-41ea5b8cb535', 'ka-b2b'),
('e3c5a8ac-b347-4697-8960-b1671a067e0d', 'ka-b2b'),
('ded27758-7e02-4b47-b77e-d7f1f844c66b', 'ka-b2b'),
('b6ed8776-6a6e-4ed6-b5ff-d49cd1628f2a', 'ka-b2b'),
('ebddb51b-d8dc-4e50-bbc2-eb2bb4167e09', 'ka-b2b'),
('d6c120df-5657-4323-be28-b6f8e3349d18', 'ka-b2b'),
('14eabd36-89ba-41be-8edf-3a344da68c0e', 'ka-b2b'),
('fbe86b00-b10c-4990-83bc-bcbc5cda31b6', 'ka-b2b'),
('22c05cdf-f71c-4377-b5f3-600f4b612216', 'ka-b2b'),
('3e244ecb-6130-47c4-81e0-283e48c40032', 'ka-b2b'),
('37541d82-33a0-4450-a7b3-2d72787ec739', 'ka-b2b'),
('a100d094-8ecf-49bf-99b3-8c24c573a335', 'ka-b2b'),
('6f9734e2-b489-40f7-ac08-4c770737279c', 'ka-b2b'),
('b1c4bf62-3d4f-40e0-abc8-61a7ebf86d92', 'ka-b2b'),
('91ac355b-fedb-48d4-99de-d754688471df', 'ka-b2b'),
('ac22f00c-9ee7-408f-a8e8-b4b5cac8e7ee', 'ka-b2b'),
('c4c5f839-3bce-41f8-b088-40eec39f7bc3', 'ka-b2b'),
('cce4d60e-c1d6-4db6-8c1d-2bc1d3ad2ddb', 'ka-b2b'),
('68e242b5-22e4-47a2-8885-1c76676ff6bc', 'ka-b2b'),
('f094810d-955e-41d5-a9ec-107cc5a4106d', 'ka-b2b'),
('87a96e3b-df1b-4277-aeb2-69d980f57d65', 'ka-b2b'),
('2052d17e-e3f6-4f39-913d-1f0bda4236fe', 'ka-b2b'),
('90fd1429-71bd-46c6-b354-0aac91697d67', 'ka-b2b'),
('196ded44-377c-4cf9-9c02-59b45f3deda1', 'ka-b2b'),
('21e0dc57-a3e1-404e-b3b2-82d60f01e7dd', 'ka-b2b'),
('e6b3d33d-98c4-4d19-bfe9-9fb609cfed27', 'ka-b2b'),
('ce62bb8a-e5c9-4038-bc8e-f4246755fdc6', 'ka-b2b'),
('6f50eb8f-ea48-4d16-b04a-387ac296ce75', 'ka-b2b'),
('2381772d-5671-4b89-b698-80b4f3466854', 'ka-b2b'),
('f9e85e37-e82c-4d40-81e9-761cd18954a9', 'ka-b2b'),
('41615da4-8385-4f7a-a6b0-acccf3ff47fd', 'ka-b2b'),
('e05c1640-83bf-421e-a747-3c56ac60a907', 'ka-b2b'),
('4630453c-cc3a-4b9c-a5a8-e415bed28189', 'ka-b2b'),
('d4837034-fa31-41b9-90f6-a0f9d4d50796', 'ka-b2b'),
('1279dda7-f57e-4396-b420-1dcc4924c36c', 'ka-b2b'),
('2814e05f-5290-4743-9704-98b4f5f297e5', 'ka-b2b'),
('84d28b54-1a99-41f9-951c-b52c36d917a9', 'ka-b2b'),
('0ec07ba4-9d6f-4a2a-a3b7-197c562eebfa', 'ka-b2b'),
('2a2ee278-2cd6-4503-8ea1-f45be37a6504', 'ka-b2b'),
('654f7ae8-81d2-48d4-a2fa-86007b8b7fe2', 'ka-b2b'),
('a31a8ce7-9ba1-40c8-bc81-de7475554766', 'ka-b2b'),
('0de7f230-86d6-4f80-9f9d-7a95bfa0ebd0', 'ka-b2b'),
('27e8ecfe-d9d4-4fa2-bc3a-2dd22eaa443f', 'ka-b2b'),
('0b8cb557-7a82-40b7-90cc-379ff43dbdc5', 'ka-b2b'),
('92146365-3d9e-4df4-953f-122a0b22c3d5', 'ka-b2b'),
('afed1f8e-f450-40ef-9dd3-61e189cfb320', 'ka-b2b'),
('429ddef8-38ca-43b1-965d-4ba9afa9ffc3', 'ka-b2b'),
('b8f2d4c3-dafc-450f-93aa-17d0583c5bdc', 'ka-b2b'),
('2c55419a-4190-4bba-b28f-2569d5eb1b0a', 'ka-b2b'),
('d419bbeb-51ee-45cb-b3be-1ab04c887c03', 'ka-b2b'),
('2654e2b7-ddfd-4d37-816b-2b35433e46fb', 'ka-b2b'),
('675a2f67-6c9f-4e14-9fa7-1a46eb903468', 'ka-b2b'),
('5c1569f8-3fe6-4a54-b7ae-ad8f2b9e4303', 'ka-b2b'),
('5cecd066-2cad-4d91-a0b7-340deb40b0a7', 'ka-b2b'),
('3dc9efe0-fb4d-4c37-b551-6a16b0c28028', 'ka-b2b'),
('119c41f6-bad5-4eff-bceb-b5d14c960fc0', 'ka-b2b'),
('d734bcbc-f01d-4f9b-bdf7-b390bc030a23', 'ka-b2b'),
('63d657e8-363d-41a4-9341-3970de2cddc6', 'ka-b2b'),
('18c796b2-cc49-44a9-83ae-61e4f7f7eff1', 'ka-b2b'),
('4c722517-ffa5-490d-be04-bd1aacc45671', 'ka-b2b'),
('54626387-17da-4723-9ed2-8ecf39071e09', 'ka-b2b'),
('3f39dc66-ed7d-4d0b-959d-cda8bcf545da', 'ka-b2b'),
('968b0c67-dd22-476a-92c6-b303a379f402', 'ka-b2b'),
('473e9b60-828e-4c1a-92e5-861072a55536', 'ka-b2b'),
('15ae550f-4679-4fdd-973b-c42156c63a0f', 'ka-b2b'),
('ba4595a0-dd9f-4cd0-a845-f45b7c711278', 'ka-b2b'),
('a254d726-3f58-46fa-b50a-f451d7fd3ebd', 'ka-b2b'),
('ab6fa4e7-42e5-4106-8f64-b7f6356ce9d4', 'ka-b2b'),
('6c35b643-84c8-4351-ab3c-f39a0d5e86ce', 'ka-b2b'),
('13c58d25-06b4-4271-b7f7-20424c44f3bd', 'ka-b2b'),
('757e67f5-7a91-4a48-9785-a14dda3c7c9a', 'ka-b2b'),
('ec54aff1-3479-4174-970f-47e0c998e264', 'ka-b2b'),
('356ac96f-08c4-48bd-a585-93ecce39d199', 'ka-b2b'),
('430b5b53-5a6b-447c-8bf2-12e2260288d5', 'ka-b2b'),
('54728135-4e8e-46c1-94bf-979dc20c53a3', 'ka-b2b'),
('818426c0-6fb6-4ca3-9c82-eb5ff8e8a3eb', 'ka-b2b'),
('0ef73549-b016-4c7c-ace7-e31fdeca44c5', 'ka-b2b'),
('529cbf2c-554f-4895-83d5-637de74e99ac', 'ka-b2b'),
('a6c1546f-765c-44d0-968c-28b88ce4f4ec', 'ka-b2b'),
('5edf8419-ff05-4834-a4cb-669834c40432', 'ka-b2b'),
('d528a24a-bf9a-4422-8edc-d27526af5006', 'ka-b2b'),
('c40c8fe4-6b5a-49da-89a8-6a4b2521bf31', 'ka-b2b'),
('ffe745d9-6115-44e4-99af-39e25cf56c93', 'ka-b2b'),
('4436dd84-b96a-44b6-b162-4a3129a39087', 'ka-b2b'),
('a6d63238-3fcf-43ed-a6d0-9d7c5c557e0c', 'ka-b2b'),
('d4403cc4-5da2-42a7-a048-9be7e5643b45', 'ka-b2b'),
('b8300fbe-eb00-4cf3-b6bf-16e53cfd3c6c', 'ka-b2b'),
('5bc783b2-a5f9-45a8-8ce4-1f968a2b5e6e', 'ka-b2b'),
('7479f931-c40b-4999-ac4f-1acd600cc705', 'ka-b2b'),
('c5446ae8-4ceb-4868-93dc-63c6e8b844aa', 'ka-b2b'),
('cb03aac8-7c53-45f0-8dce-9e73880db286', 'ka-b2b'),
('5996aa5e-39e6-4dfd-8ebe-e0e6cd63ea00', 'ka-b2b'),
('542280aa-e00f-4852-9089-93721b70982e', 'ka-b2b'),
('9959b334-4f3e-4541-b203-9a99b8784f7d', 'ka-b2b'),
('2794dcbc-5fd8-4297-9b69-3c32821db1bb', 'ka-b2b'),
('29ac556f-a348-4768-8499-2d41bcb80169', 'ka-b2b'),
('1d6f66f6-4264-4869-a42d-d7959f1702ad', 'ka-b2b'),
('bd0ef147-c743-479f-804b-80b0dcd00b14', 'ka-b2b'),
('fc07c87c-33bc-486d-9ad7-813fefcc42e5', 'ka-b2b'),
('326d7108-90db-4968-bb3b-7dfc362144d4', 'ka-b2b'),
('4944b420-1789-4710-9bf1-ae893175e60e', 'ka-b2b'),
('13314c91-cde8-4df4-86aa-7e8c8fe69d70', 'ka-b2b'),
('945e030d-9756-4560-ba33-8b13b316ddc3', 'ka-b2b'),
('e2d81ca7-5442-45be-8060-6f51cf5090eb', 'ka-b2b'),
('3358b45f-db3e-4826-90a9-754bb58e9b34', 'ka-b2b'),
('3158cb5e-5b57-432a-8d8f-ed9410c0bc7e', 'ka-b2b'),
('01eac721-c27b-46cc-a0e6-c3a70f64969a', 'ka-b2b'),
('86768e5c-5847-4fe7-9e22-0d51a3764c81', 'ka-b2b'),
('878b5c7d-3aca-48ea-8fd2-c71ac5067f6b', 'ka-b2b'),
('5c89d8d7-1d0b-498a-86bd-0119dde6d6ab', 'ka-b2b'),
('348c9a4f-eda2-4711-84f6-9d9d54c1be83', 'ka-b2b'),
('d272f4ad-4242-455b-96ae-770f276430bc', 'ka-b2b'),
('0146a712-2dd9-420f-bef1-1dbd4ece6161', 'ka-b2b'),
('e6c99a26-992a-446a-9517-9710e9c49c04', 'ka-b2b'),
('11f7d04a-303c-4b19-a2fd-eb565404e5f9', 'ka-b2b'),
('831ee20a-8b8a-43eb-8fe3-8fba4936fc57', 'ka-b2b'),
('080ac163-4945-4249-bcf2-82206ecacc21', 'ka-b2b'),
('1a6bb7ed-4741-4a68-9a59-f648fbb3e3f6', 'ka-b2b'),
('99c9040c-825f-4b2f-bbe1-92ea58a4f8fa', 'ka-b2b'),
('2d31cce5-5f98-4337-8a0e-b071115bb5c3', 'ka-b2b'),
('5de59b24-a32a-42b3-bbf3-bb7131d14623', 'ka-b2b'),
('775ddcb3-1972-42af-98ae-958019282f9f', 'ka-b2b'),
('fde65056-e5e7-4881-9a47-7bb6d0410d0c', 'ka-b2b'),
('10bcd6ee-85c1-47f0-aaba-5b85ecb0337e', 'ka-b2b'),
('45295174-ead8-45a8-b830-4c156a883ec9', 'ka-b2b'),
('be1cf032-0733-4af5-92fc-f24a3c532763', 'ka-b2b'),
('71e96bca-db5a-4ded-b727-31a442617d7e', 'ka-b2b'),
('5162f8ab-4db9-4fbf-a181-79da00c6f189', 'ka-b2b'),
('f3ac926e-8106-4420-9772-e1a03d36958e', 'ka-b2b'),
('b75d6bbb-dbd2-47fd-8cd1-54cf8a298598', 'ka-b2b'),
('b1ac0f5a-2d05-47c0-b74d-a551d29de94f', 'ka-b2b'),
('5477b267-f812-4af0-a035-1a1301887b30', 'ka-b2b'),
('30827906-001d-4f6d-b6f4-8e715a39daab', 'ka-b2b'),
('ae2d4ab0-42fc-4670-a267-cdec66047c83', 'ka-b2b'),
('0c7a7311-95d7-4dd7-8d20-895d5a328382', 'ka-b2b'),
('663a1f80-9673-44b2-b416-a869bc6f468b', 'ka-b2b'),
('45e59eec-6b52-4cc5-8e07-f59008547097', 'ka-b2b'),
('30317957-8562-4d65-8101-f2e3a7e5701a', 'ka-b2b'),
('6c0a002f-26cb-43ab-b628-86618a61e13b', 'ka-b2b'),
('e8821b84-d3f8-4cd0-9645-fda51c0290dc', 'ka-b2b'),
('447401da-96f7-4c69-aeac-e6a217c7e967', 'ka-b2b'),
('16664047-884a-4531-a036-1985430cd2b6', 'ka-b2b'),
('f30a2ea3-6e38-44a1-acf5-889524326554', 'ka-b2b'),
('11d5be4a-2e71-478f-8bc1-5cce276857fe', 'ka-b2b'),
('112d405b-4e4f-47e5-8739-4a94eeb9ed8f', 'ka-b2b'),
('893a6d22-09ba-49a8-a8bd-4236efc5555e', 'ka-b2b'),
('054e77c8-3533-4c15-b376-e3c6afdd6892', 'ka-b2b'),
('23dd8f16-7853-4678-b4a7-3e060757342b', 'ka-b2b'),
('18ca7f09-d4bf-4fb4-aa64-952fdebb8858', 'ka-b2b'),
('3452a8b6-64c2-4913-bbcc-362996997b8d', 'ka-b2b'),
('83b63481-1f12-4b1d-a355-5562b92174dc', 'ka-b2b'),
('07900b15-e829-457b-be9a-5a7c7abb02bb', 'ka-b2b'),
('ea15112c-af14-4ed3-8518-bfc0901398c4', 'ka-b2b'),
('5a6ebad1-cec8-466e-92fa-e845fd3e4a49', 'ka-b2b'),
('9fa99d98-f98e-461c-8bc3-5b44dcd9196f', 'ka-b2b'),
('4a0d6229-683a-401b-9a8a-7e536c592487', 'ka-b2b'),
('f423b0dc-7c0f-416d-ac7d-8b2080ef561d', 'ka-b2b'),
('76a45c1d-d3a9-4311-b164-2e0ba01a7bfc', 'ka-b2b'),
('6ae71ac2-72ca-4435-a4a8-2f0bdacd568e', 'ka-b2b'),
('2be156de-9f48-4c30-9b9b-a15ad61d33fc', 'ka-b2b'),
('ab184304-2757-4e3d-9e32-aab3cf0e5197', 'ka-b2b'),
('db42a68d-d0b1-4226-827a-6c6728b6fa40', 'ka-b2b'),
('d9b0857f-8aba-41aa-81bd-87ef6d9391b9', 'ka-b2b'),
('b8d3328d-07ca-4017-abbe-deb4e939566a', 'ka-b2b'),
('08d35708-9af8-457a-96b5-6e66a8a3b966', 'ka-b2b'),
('ab105312-d534-4f86-8a52-9819d66aff71', 'ka-b2b'),
('199b698b-a4ac-4481-8017-c4305976123a', 'ka-b2b'),
('dba58c53-0b8b-4c5f-8b46-d21820cc9536', 'ka-b2b'),
('8e7ce7b2-f564-486f-af59-254cdfca0d92', 'ka-b2b'),
('64bb69c4-d0d9-4f3c-b4f3-7d9d3c881d51', 'ka-b2b'),
('4931edc4-455f-482c-b20f-839d0a830b67', 'ka-b2b'),
('daf26249-fc2e-47f4-8e54-d72acd2ff750', 'ka-b2b');
