-- Batch 19 (200 records)
INSERT INTO contacts (id, first_name, last_name, email, phone, company, address) VALUES
('a8cde00b-63b5-436b-9d34-edda6b95b968', 'Pascal', 'Roth', 'pascal.roth@andrerothag.ch', '056 200 21 81', 'André Roth AG, Immobilien- und Bauberatung', 'Theaterplatz 1, 5400 Baden, Aargau'),
('eb9abf07-b5b0-4a96-98af-81db7532bb89', 'Stefan', 'Diederich', 'info@schreiber-maler.ch', '061 911 91 76', 'André Schreiber AG', 'Oristalstrasse 85, 4410 Liestal, Basel-Land'),
('cd932093-631d-4f1e-93e4-3cd12e77dc2a', 'André', 'Suter', 'andresuter@gartenbausuter.ch', '079 404 43 58', 'André Suter Gartenbau GmbH', 'Weiherstrasse 1, 5423 Freienwil, Aargau'),
('80dfed54-c3fa-4465-bb66-dd29bcb902fb', 'André', 'Suter', 'info@a-suter.ch', '062 772 42 62', 'André Suter GmbH', 'Aarauerstrasse 6, 5712 Beinwil am See, Aargau'),
('0e232eee-5525-4b7a-bcf9-95fa26c5cf4e', 'André', 'Weber', 'weber-arnold@bluewin.ch', '056 668 04 25', 'André Weber keram. Wand- und Bodenbeläge GmbH', 'Winterschwil 1, 5637 Beinwil (Freiamt), Aargau'),
('815adcc9-37bf-4def-89c2-cd89bf3f7026', 'André', 'Widmer', 'info@andrewidmerag.ch', '056 633 14 01', 'André Widmer AG', 'Friedhofstrasse 27, 5620 Bremgarten, Aargau'),
('b5d122bb-dda1-4bc8-8d80-5320e288135e', 'Michael', 'Knecht-Anliker', 'knecht@andreaanliker.ch', '044 804 34 32', 'Andrea Anliker AG', 'Geerenstrasse 24, 8302 Kloten, Zürich'),
('628b99c4-37bc-4785-9c6c-5cabdbc4ddbd', 'Andrea', 'Arnold', 'andrea.arnold@ggaweb.ch', '044 940 28 64', 'Andrea Arnold, Dipl. Integrative Kinesiologin IKZ', 'In der Mettmen 9, 8606 Greifensee, Zürich'),
('1542cc1c-895a-4b35-8fba-c9c95c3a1bb0', 'Andrea', 'Bärtsch', 'sekretariat@baertsch-andrea.ch', '081 422 15 88', 'Andrea Bärtsch Innenausbau', 'Serneuserstrasse 32, 7249 Serneus, Graubünden'),
('1b6b1820-11a7-4e3c-94f2-a4a6452f147a', 'Andrea', 'Braschler', 'info@braschler-kosmetik.ch', '056 631 61 61', 'Andrea Braschler Kosmetik & Fusspflege', 'Bahnhofstrasse 4, 8965 Berikon, Aargau'),
('672d54ef-307c-4c34-beff-2879f3f1d025', 'Andrea', 'Bucher', 'kontakt@andreabucher.ch', '079 549 84 45', 'Andrea Bucher - Naturheilkunde & Coaching', 'Sandgruebestrasse 4, 6210 Sursee, Luzern'),
('3d0e0671-0cef-4364-afba-21c14766b967', 'Andrea', 'Fedier', 'info@andreafedier.ch', '079 392 23 21', 'Andrea Fedier', 'Wattenbühlweg 4, 8942 Oberrieden, Zürich'),
('062f0d36-6e9c-43a1-ac0b-88c2bc0f8457', 'Andrea', 'Frick', 'info@andreafrickosteopathie.ch', '079 945 14 76', 'Andrea Frick Osteopathie', 'Schützenmattstrasse 41, 4051 Basel, Basel-Stadt'),
('898b77e3-b7bf-4607-9bbc-363260f1cf2c', 'Andrea', 'Grau', 'andreagrau@ag-cosmetic.ch', '062 922 35 09', 'Andrea Grau Cosmetic', 'Jurastrasse 29, 4900 Langenthal, Bern'),
('3f3e5fcc-91a3-48e0-8bac-b70d9bfef812', 'Andrea', 'Gredig', 'info@gredig-schreinerei.ch', '081 651 18 51', 'Andrea Gredig Schreinerei + Küchenbau AG', 'Sur Carvutsch 21, 7423 Sarn, Graubünden'),
('3515b54a-05e1-4c22-996b-21fbd88e63bf', 'Andrea', 'Grolimund', 'info@andreagrolimund.ch', '056 427 04 62', 'Andrea Grolimund Iten Architekturbüro', 'Alpenstrasse 8, 5430 Wettingen, Aargau'),
('6cf44870-678e-48e0-befe-e2ec82e22ba0', 'Andrea', 'Gundelsheimer', 'massagen@koerperreise.ch', '079 575 40 18', 'Andrea Gundelsheimer', 'Platzstrasse 7, 8880 Walenstadt, St. Gallen'),
('7067cffd-83e0-4e7d-9f2c-d1476e9e61a3', 'Andrea', 'Hauser', 'andreahauser76@gmail.com', '078 620 67 69', 'Andrea Hauser Yoga in Schaffhausen', 'Promenadenstrasse 21a, 8200 Schaffhausen, Schaffhausen'),
('63cdbf2b-2b3d-4e82-b5b1-ecfe06080e14', 'Andrea', 'Hefti', 'info@andrea-hefti.ch', '041 740 40 74', 'Andrea Hefti Sportphysiotherapie und Gyrotonic', 'Steinhauserstrasse 51, 6300 Zug, Zug'),
('f5fa839a-6cdd-481d-b447-0fcffb4ace59', 'Andrea', 'Huser', 'info@andreahuser.ch', '078 614 07 58', 'Andrea Huser  Interior Design', 'Kyburgerstrasse 35, 5000 Aarau, Aargau'),
('4debf8cd-350d-439e-b484-4d49b6c21e28', 'Andrea', 'Jaermann', 'info@werberin.ch', '052 222 86 87', 'ANDREA JAERMANN Text + Konzept', 'Stöcklirütistrasse 33, 8408 Winterthur, Zürich'),
('451e204a-e853-4c90-b73d-e644b73c7ec9', 'Andrea', 'Stefanoni', 'mail@andreastefanoni.ch', '079 958 14 13', 'ANDREA JULIA STEFANONI', 'Florastrasse 2, 8610 Uster, Zürich'),
('1c434486-3827-4b43-baf3-6695db5b1b80', 'Andrea Loredana', 'Pünkösti', 'moesli-schwarzsee@bluewin.ch', '026 412 13 30', 'Andrea Loredana Pünkösti, Rest. Mösli Schwarzsee', 'Mösli 80, 1716 Schwarzsee, Fribourg/Freiburg'),
('eabad115-92f0-4eae-8830-ed4bce9278f2', 'Andrea', 'Gasser', 'gasser.andrea@bluewin.ch', '061 641 32 64', 'Andrea Maria Gasser', 'Steingrubenweg 151, 4125 Riehen, Basel-Stadt'),
('29bc7134-a4d2-4c8c-a53d-35bfde00ce45', 'Andrea', 'Mätzener', 'mail@andreamaetzener.ch', '078 683 27 99', 'Andrea Mätzener', 'Gesellschaftsstrasse 30, 3012 Bern, Bern'),
('1e1bbb4e-f28d-4e20-a2bb-5b10d06ed32a', 'Andrea', 'Michel', 'andreamichel@bluewin.ch', '081 420 21 40', 'Andrea Michel GmbH', 'Alte Selfrangastrasse 2, 7250 Klosters, Graubünden'),
('c9881c37-7ba0-4bfe-a9ce-99064258ebe6', 'Andrea', 'Neiger', 'info@andreaneiger.ch', '079 753 61 91', 'Andrea Neiger Natha Yoga Schule', 'Kapellen 19, 3860 Meiringen, Bern'),
('d59dfc11-5c5a-4cf5-95f0-79829faf57bc', 'Andrea', 'Olujic', 'andrea@life-praxis.ch', '078 857 52 52', 'Andrea Olujic', 'Monbijoustrasse 10, 3011 Bern, Bern'),
('28f98b41-e7a7-4de9-9da6-9be3503ab876', 'Andrea', 'Schuler', 'a.schuler@kinschu.ch', '076 436 53 49', 'Andrea Schuler - Kinesiologie Praxis Kinschu', 'Effingerstrasse 6, 3011 Bern, Bern'),
('717c8794-99ed-4421-8227-649245c3d84f', 'Andrea', 'Seiler', 'info@andreaseiler.ch', '079 713 91 33', 'Andrea Seiler Innenarchitektur & Design / MZ Möbelzentrum AG', 'Brunnenstrasse 14, 8604 Volketswil, Zürich'),
('dd7d940e-8a63-4fbe-b30f-3ef46b030bb5', 'Andréa', 'Sigrist', 'info@andreasigristagency.com', '076 493 10 35', 'Andréa Sigrist Agency GmbH', 'Mühlebachstrasse 76, 8008 Zürich, Zürich'),
('53fc2929-9ba8-4334-8f8d-6e77020ddda5', 'Andrea', 'Sprecher', 'info@sprecher-holz.ch', '081 374 15 23', 'Andrea Sprecher Holzbau GmbH', 'Bahnhofstrasse 32, 7029 Peist, Graubünden'),
('6110017f-adb2-40e8-a334-aa213ab4ac4f', 'Andrea', 'Stutterich', 'tcm@stutti.ch', '055 284 56 68', 'Andrea Stutterich', 'Sonneckstrasse 17, 8725 Gebertingen, St. Gallen'),
('3f122758-9d54-469e-bf19-3d6d7c5749a6', 'Andrea', 'von Moos', 'andrea@praxisfuerdeinegesundheit.ch', '078 673 45 00', 'Andrea von Moos Praxis für deine Gesundheit', 'Dornacherstrasse 8, 6003 Luzern, Luzern'),
('2106ce4f-b679-4886-8a64-230def09ef85', 'Andrea', 'Wiederkehr', 'andrea@wiederkehr.immo', '076 490 10 09', 'Andrea Wiederkehr Immobilien GmbH', 'Stadelstrasse 16, 6373 Ennetbürgen, Nidwalden'),
('34ca5b8f-a9d9-4e4a-9a38-8705714bfc26', 'Andrea', 'Zeugin', 'info@shiatsu-zeugin.ch', '061 703 74 78', 'Andrea Zeugin SHIATSU', 'Amthausstrasse 21, 4143 Dornach, Solothurn'),
('2b5ea633-a97f-40b6-ae48-96f4fa29a167', 'Simon', 'Gautschi', 'andrea@andreabal.ch', '061 271 95 87', 'Andreabal AG', 'Binningerstrasse 95, 4123 Allschwil, Basel-Land'),
('00ee12a7-022d-44a5-9c68-2e001c73cbd7', 'Andreas', 'Amrein', 'mail@andreasamrein.ch', '041 921 79 15', 'Andreas Amrein Architekturbüro', 'Josefmüllerweg 6, 6210 Sursee, Luzern'),
('55c67edb-babb-4dde-9e81-e7482d92fd33', 'Andreas', 'Angst', 'a.angst@andreas-angst.ch', '079 469 28 76', 'Andreas Angst AG', 'Unterer Winkel 2, 5304 Endingen, Aargau'),
('c587de87-4940-4760-8de7-ceaa392742de', 'Andreas', 'Attinger', 'info@maler-attinger.ch', '079 209 59 82', 'Andreas Attinger Malergeschäft', 'Hoffnungsstrasse 3, 8038 Zürich, Zürich'),
('bba41111-4a2c-4c72-be6e-52a2673d9f49', 'Andreas', 'Bardill', 'poba.bodenbelaege@gmx.ch', '081 284 76 31', 'Andreas Bardill, Poba Teppiche', 'Ringstrasse 37, 7000 Chur, Graubünden'),
('90828e1d-c55e-4c1f-8f57-a5842e095963', 'Andreas', 'Berger', 'info@nidipub.ch', '055 610 40 20', 'Andreas Berger, Niederurner Pub', 'Hauptstrasse 33, 8867 Niederurnen, Glarus'),
('bddfe6aa-266c-4b16-a074-8e63e5905591', 'Andreas', 'Bertet', 'info@bertet.ch', '052 233 96 90', 'Andreas Bertet Architekturbüro', 'Rudolf Diesel Strasse 5, 8404 Winterthur, Zürich'),
('cb1da27e-6832-43e9-bc42-097e68e9dce5', 'Andreas', 'Bischof', 'a.bischof@andreasbischof.ch', '071 999 36 44', 'Andreas Bischof GmbH', 'Sändlistrasse 14, 9657 Unterwasser, St. Gallen'),
('f8142584-634e-4ca0-9794-094cbdd06fe9', 'Andreas', 'Brambach', 'gaertner@brambach.ch', '061 702 12 66', 'Andreas Brambach Gärtner', 'Apfelseestrasse 15, 4147 Aesch, Basel-Land'),
('17f9e173-c9e1-4c76-a295-2c75847cf384', 'Andreas', 'Dellios', 'andreas.dellios@fws.ch', '076 416 06 26', 'Andreas Dellios Energie + Ökologie', 'St. Otmarstrasse 15, 9204 Andwil, St. Gallen'),
('ce5908b5-34e7-48cf-a077-bce8e22bdeae', 'Andreas', 'Egger', 'info@andreasegger.ch', '079 339 61 39', 'ANDREAS EGGER Büro für Architektur und Bauberatung', 'Reichsgasse 30, 7000 Chur, Graubünden'),
('8ecfdbb5-4f92-4fa3-b75e-89fcaf6366ee', 'Andreas', 'Flückiger', 'a-flueckiger@hispeed.ch', '056 621 23 13', 'Andreas Flückiger Heizung und Sanitär', 'Brühlmattenstrasse 28, 5525 Fischbach-Göslikon, Aargau'),
('396a18c9-ea4f-4ed7-89ca-7b531b84bde4', 'Andreas', 'Frei', 'bauplanung@andreasfrei.ch', '079 420 06 57', 'Andreas Frei Bauplanung-Bauführung', 'Wagenhauserstrasse 45, 8260 Stein am Rhein, Schaffhausen'),
('20794da3-ac87-4c08-9b34-9c3e69a44b5b', 'Andreas', 'Fuchs', 'info@archifox.ch', '033 823 35 70', 'Andreas Fuchs Architekten AG', 'Unterdorf 6, 3800 Unterseen, Bern'),
('d31607a3-d14d-46ee-9d0f-ce218afd2f0c', 'Sandro', 'Bianchi', 'info@gartmann-holzbau.ch', '081 935 13 40', 'Andreas Gartmann AG', 'Valleestrasse 160b, 7132 Vals, Graubünden'),
('3e057622-d2d3-4c47-b673-e146eecfdde5', 'Andreas', 'Gasser', 'andreas.gasser@gasserconsulting.ch', '031 368 04 40', 'andreas gasser consulting ag', 'Höheweg 3, 3053 Münchenbuchsee, Bern'),
('667cf382-7c43-4f92-8386-aed8abfcf041', 'Andreas', 'Geser', 'a.geser@andreasgeser.ch', '044 722 54 40', 'Andreas Geser Landschaftsarchitekten AG', 'Freyastrasse 20, 8004 Zürich, Zürich'),
('f476857a-4f2c-4545-bb55-4da332feb974', 'Andreas', 'Gisiger', 'info@a-gisiger.ch', '079 349 64 33', 'Andreas Gisiger GmbH', 'Schaffhauserstrasse 39, 8180 Bülach, Zürich'),
('9e163516-7052-4cd3-8237-eb06ceaf6bde', 'Andreas', 'Graf', 'info@grafbau-speicher.ch', '079 278 15 00', 'Andreas Graf AG', 'Buchschwendi, 9042 Speicher, Appenzell Ausserrhoden'),
('7b6b27f3-f3ae-46d7-a7e2-f805156de7bd', 'Andreas', 'Graf', 'info@immograf.ch', '044 862 10 40', 'Andreas Graf Immobilien GmbH', 'Schützenmattstrasse 46, 8180 Bülach, Zürich'),
('5fb8bf39-51f4-45b1-91f9-56176330cab7', 'Andreas', 'Graf', 'zahntechnik@graf-andi.ch', '044 252 88 38', 'Andreas Graf, ZTM, Atelier für Zahntechnik AG', 'Falkenstrasse 23, 8008 Zürich, Zürich'),
('145c4dde-a0c0-4b20-ae0c-6c82e6828a5d', 'Andreas', 'Heinz', 'info@heinz-holz.ch', '079 354 44 39', 'Andreas Heinz, Schreinerei und Holzbau', 'Gadastattstrasse 6, 7213 Valzeina, Graubünden'),
('535bd3be-9d63-4489-a2a2-d032e9b91c04', 'Andreas', 'Hermann', 'hermann@hermann-architekt.ch', '071 672 86 66', 'Andreas Hermann AG', 'Alleestrasse 20, 8280 Kreuzlingen, Thurgau'),
('8167c751-adc9-47ea-ad14-61dfdd3a5bd1', 'Andreas', 'Herold', 'info@andreasherold.ch', '079 721 47 33', 'Andreas Herold', 'Olgastrasse 10, 8001 Zürich, Zürich'),
('4212f525-4140-4571-bf0a-91e30fd8a4c5', 'Andreas', 'Iseli', 'kundengipserei@bluewin.ch', '079 425 34 41', 'Andreas Iseli Kundengipserei GmbH', 'Cholplatzweg 11, 7203 Trimmis, Graubünden'),
('b20fef7b-b7c7-4b0f-ad70-4c7f9bad7823', 'Andreas', 'Kolbe', 'info@kolbehausen.ch', '044 764 05 45', 'Andreas Kolbe', 'Ebertswilerstrasse 25, 8915 Hausen am Albis, Zürich'),
('f26abeea-ca8e-4ac3-a0d6-8ca76e863c5a', 'Monica', 'Malonni', 'monica.malonni@andreaskopp.ch', '061 725 25 55', 'Andreas Kopp AG', 'Brühlmattweg 1, 4107 Ettingen, Basel-Land'),
('4d13eec0-0b16-4cfb-b54a-113ab4d9d311', 'Andreas', 'Kuhn', 'kuhn@holzkuhn.ch', '079 400 38 73', 'Andreas Kuhn - Holzkuhn', 'Rütistrasse 3, 8634 Hombrechtikon, Zürich'),
('0d8091bb-b614-4572-b6b2-e4b4fcdf6bf1', 'Andreas', 'Kunz', 'ak@andreaskunzdesign.ch', '079 797 40 40', 'ANDREAS KUNZ DESIGN GmbH', 'Forchstrasse 224, 8032 Zürich, Zürich'),
('f8968ef3-06f6-450c-91c3-7d3e29d9f5c7', 'Andreas', 'Kunz', 'info@gartenbau-kunz.ch', '056 667 35 35', 'Andreas Kunz Gartenbau', 'Zelglistrasse 2, 5615 Fahrwangen, Aargau'),
('c73b1a17-083f-4502-915a-b9646a177d85', 'Andreas', 'Kunz', 'kunz@akla.ch', '079 756 89 00', 'Andreas Kunz Landschaftsarchitektur', 'Bedastrasse 2, 9200 Gossau, St. Gallen'),
('d9650b62-860b-4048-8ed6-a814a492fbc8', 'Andreas', 'Langsdorff', 'info@wildesobst.ch', '079 634 90 20', 'Andreas Langsdorff Kultivierte Gärten', 'Bergacherstrasse 31A, 8630 Rüti, Zürich'),
('d9a5e5a8-598e-468c-9b25-2250e70acbbc', 'Andreas', 'Lütscher', 'info@luetscherbauleiter.ch', '081 353 97 79', 'Andreas Lütscher Baumanagement AG', 'Winggel 9, 7023 Haldenstein, Graubünden'),
('b5857682-f8d3-4504-a955-fac20e14481c', 'Andreas', 'Marti', 'info@andreas-marti.ch', '062 822 21 55', 'Andreas Marti + Partner Architekten AG', 'Rathausgasse 29, 5000 Aarau, Aargau'),
('ad6a9117-adf1-48a1-8864-55b1c8e43929', 'Andreas', 'Mathis', 'info@mathis-platten.ch', '079 265 53 33', 'Andreas Mathis Plattenbeläge', 'Schrabachstrasse 9, 7220 Schiers, Graubünden'),
('bc0652d3-9295-4af5-88a4-5ff0e038e4ec', 'Andreas', 'Meier', 'andreas.meier@andreasmeierag.ch', '079 647 16 54', 'Andreas Meier AG', 'Hauptstrasse 34, 5013 Niedergösgen, Solothurn'),
('96938598-f4ee-4e94-96a4-8771841da23b', 'Andreas', 'Meier', 'info@amth.ch', '044 202 20 22', 'Andreas Meier Treuhand', 'Limmatquai 70, 8027 Zürich, Zürich'),
('63731858-aef5-4b2a-bcaf-f67ce3295ba5', 'Andreas', 'Messerli', 'andreas.messerli@messerli.live', '043 931 43 92', 'Andreas Messerli AG', 'Motorenstrasse 35, 8623 Wetzikon, Zürich'),
('a997728a-6f40-40c2-bdf5-e83ebedcf052', 'Andreas', 'Müller', 'am@andreasmueller.ch', '044 440 59 00', 'Andreas Müller Architekten', 'Steinhaldenstrasse 46, 8002 Zürich, Zürich'),
('c52f4521-4374-4c5a-84a4-90a030f4efce', 'Andreas', 'Müller', 'amueller@amueller-ing.ch', '052 218 10 10', 'Andreas Müller GmbH', 'Deisrütistrasse 20, 8472 Seuzach, Zürich'),
('c04653a8-581f-4edb-87f0-67411226e2eb', 'Andreas', 'Mundschin', 'kontakt@zimmerei-mundschin.ch', '079 794 58 10', 'Andreas Mundschin Zimmerei & Innenausbau', 'Breitenweg 19, 4436 Oberdorf, Basel-Land'),
('2d47ebd8-6cd8-4a89-b5d2-41ced80c8bd7', 'Andreas', 'Mürner', 'info@ma-arch.ch', '033 671 25 50', 'Andreas Mürner Architekten GmbH', 'Kanderstegstrasse 46, 3714 Frutigen, Bern'),
('1c7c898b-ca15-4321-9b75-e24f97ae37cd', 'Andreas', 'Neuhaus', 'info@neuhaus-treuhand.ch', '044 936 70 00', 'Andreas Neuhaus Treuhand', 'Itziker Dorf-Strasse 57, 8627 Grüningen, Zürich'),
('1395bf35-ceaf-40a2-8d66-0c19ba5dd89a', 'Andreas', 'Notter', 'info@notter-notter.com', '071 642 16 09', 'Andreas Notter Kommunikation & PR', 'Grabenhaldenstrasse 71, 8583 Sulgen, Thurgau'),
('fca994d0-0a9b-4b85-8823-3f630b26ee7b', 'Andreas', 'Ostertag', 'a.ostertag@swiss-architektur.ch', '044 925 10 50', 'Andreas Ostertag GmbH', 'Dorfstrasse 38, 8706 Meilen, Zürich'),
('f5b2ab67-13e5-4865-ab43-0686e3b5bb38', 'Andreas', 'Räber', 'ar@andreasraeber.com', '079 179 82 47', 'Andreas Räber Kommunikationsagentur GmbH', 'Kirchmoos 9, 5712 Beinwil am See, Aargau'),
('774c4270-eac7-4005-a416-bfd734fd515c', 'Andreas', 'Rudolf', 'mail@andreasrudolf.ch', '079 832 66 57', 'Andreas Rudolf Malergeschäft', 'Ulmenweg 31, 8400 Winterthur, Zürich'),
('b9a6fbb5-02c6-49c7-a729-43fef12af542', 'Andreas', 'Rüedi', 'info@a-ruedi.ch', '081 422 13 92', 'Andreas Rüedi Architekturbüro', 'Talstrasse 12, 7250 Klosters, Graubünden'),
('50383a3f-79e4-4622-b992-3fddbc7b4262', 'Andreas', 'Rütsche', 'info@andreasruetsche.ch', '078 817 98 37', 'Andreas Rütsche GmbH', 'Oberstrasse 165a, 9000 St. Gallen, St. Gallen'),
('8ad04cfa-754f-4a6f-9d1a-e57f91faf81e', 'Andreas', 'Rutz', 'info@rutzholztechnik.ch', '079 377 71 60', 'Andreas Rutz Holztechnik', 'Dorfstrasse 31, 9204 Andwil, St. Gallen'),
('b8b36563-c9bb-4291-868a-7be252436f0a', 'Andreas', 'Schärer', 'schaerer-treuhand@besonet.ch', '079 951 23 60', 'Andreas Schärer Treuhand GmbH', 'Oberstrasse 8, 3360 Herzogenbuchsee, Bern'),
('50725958-caa7-46e5-b056-5379b5d6fe52', 'Andreas', 'Schmid', 'info@as-beratungen.ch', '079 631 93 72', 'Andreas Schild Beratungen GmbH', 'Bernstrasse 18, 2555 Brügg, Bern'),
('02d927fc-6226-48cc-804d-427034e78818', 'Andreas', 'Schwab', 'aszlabor@vzls-hin.ch', '041 760 84 64', 'Andreas Schwab Zahntechnik AG', 'Poststrasse 6, 6341 Baar, Zug'),
('f59aad44-2a18-459b-9702-1243759fe748', 'Andreas', 'Servello', 'maler-servello@bluewin.ch', '079 626 93 21', 'Andreas Servello Malergeschäft', 'Hasenrain 23, 4106 Therwil, Basel-Land'),
('bed46d02-8467-4981-9be9-e2d46092affa', 'Andreas', 'Signer', 'info@andreassigner.ch', '079 486 37 48', 'Andreas Signer Gartenbau', 'Lorettoweidli 23, 9108 Gonten, Appenzell Innerrhoden'),
('5a36c709-c4db-4117-a439-f366b2a411b3', 'Andreas', 'Sommer', 'info@sommer-gartenbau.ch', '079 693 22 79', 'Andreas Sommer Gartenbau GmbH', 'Schatzenrainweg 1, 8624 Grüt (Gossau), Zürich'),
('66fa9a61-38eb-49fe-b319-dbf52c83f233', 'Andreas', 'Sprecher', 'andreas.sprecher@sprecher-haustechnik.ch', '081 785 33 10', 'Andreas Sprecher Haustechnik und Oelbrennerservice GmbH', 'Gewerbestrasse 14, 9470 Buchs, St. Gallen'),
('4a818fe1-cc3c-4314-b2c8-9f1610748a64', 'Andreas', 'Stalder', 'baerneroergeli@bluewin.ch', '031 961 10 06', 'Andreas Stalder AG', 'Unterer Breitenacker 6, 3122 Kehrsatz, Bern'),
('5a221713-857a-4565-a6a4-a1299fc8995c', 'Andreas', 'Steiner', 'consulting@andreassteiner.net', '079 652 28 70', 'Andreas Steiner Consulting GmbH', 'Walderstrasse 43 c, 8340 Hinwil, Zürich'),
('0dbbb0db-983a-41e6-8e7e-ad3a207ed47c', 'Andreas', 'Stettler', 'ask@ask-olten.ch', '079 622 70 12', 'Andreas Stettler Kommunikation', 'Allmendstrasse 43, 4612 Wangen b. Olten, Solothurn'),
('58aae942-0596-4f94-9e02-c8237ed4cef6', 'Andreas', 'Straehl', 'andi@straehl-holzbau.ch', '076 330 19 13', 'Andreas Straehl Holzbau', 'Gehrenstrasse 10, 8266 Steckborn, Thurgau'),
('84eb988a-a113-4166-96c5-95a62336abec', 'Elmas', 'Berchtold', 'elmar.berchtold@bluewin.ch', '027 927 19 85', 'Andreas Transporte AG', 'Bahnhofstrasse 11, 3987 Riederalp, Wallis/Valais'),
('90c0bc1e-fe23-45e8-ad9d-23a0565c6470', 'Roland', 'von Bergen', 'info@arvb-holzbau.ch', '033 971 31 90', 'Andreas und Roland von Bergen AG', 'Urseni 331a, 6085 Hasliberg Goldern, Bern'),
('5a9932ed-d319-4cc5-ae0c-afe039d88c92', 'Manuel', 'Wagner', 'info@wagnergartenbau.ch', '062 961 16 53', 'Andreas Wagner AG', 'Bahnfeldstrasse 2, 3360 Herzogenbuchsee, Bern'),
('e68e702b-740f-45b1-bb9e-874573e21ec2', 'Andreas', 'Walker', 'info@walkergipser.ch', '079 334 35 10', 'Andreas Walker Malerei und Gipserei', 'Schulhausstrasse 5, 4513 Langendorf, Solothurn'),
('24c476bf-5d98-43cc-ba9e-d75ea1880e9f', 'Andreas', 'Wälti', 'info@waeltiworb.ch', '031 839 75 26', 'Andreas Wälti AG', 'Rubigenstrasse 9, 3076 Worb, Bern'),
('3967800e-72ad-4b44-8c34-c5cca310fc48', 'Andreas', 'Wick', 'info@wicksanitaerspengler.ch', '071 951 88 22', 'Andreas Wick GmbH', 'Im Buech 6a, 9247 Henau, St. Gallen'),
('badb574d-96f6-47c4-bd10-7062f83d5ecd', 'Andreas', 'Pfister', 'info@andreas-pfister.ch', '031 333 60 20', 'andreas.pfister möbelschreinerei gmbh', 'Scheibenstrasse 62, 3014 Bern, Bern'),
('420dc625-1e12-49c0-9270-1f35b02d0f68', 'Peter', 'Brändle', 'peter.braendle@hirslanden.ch', '041 784 05 75', 'Andreasklinik', 'Rigistrasse 1, 6330 Cham, Zug'),
('bd54e076-f3d6-4670-9f08-2e449d5d2791', 'Peter', 'Stöcklin', 'info@andreaspark-tieraerzte.ch', '044 300 30 70', 'Andreaspark - Tierärzte GmbH', 'Hagenholzstrasse 80, 8050 Zürich, Zürich'),
('9ba47588-7c9c-46fd-b408-998b4cc8f977', 'Silvano', 'Andreoli', 'andreoli-malerei@deep.ch', '081 353 35 09', 'Andreoli Malerei AG', 'Bahnhofsträssli 4, 7203 Trimmis, Graubünden'),
('0d2ef47b-55df-40f5-a63d-815fbca4178d', 'Dominic', 'Andres', 'da@andresarchitekten.ch', '041 469 44 66', 'Andres & Andres AG, Architekten ETH/SIA', 'Brühlmattweg 1, 4107 Ettingen, Basel-Land'),
('6e1604e8-5956-48e7-bcb3-2560162b8a63', 'Simon', 'Andres', 'info@andres.ag', '032 645 29 77', 'Andres Antriebstechnik AG', 'Diebold-Schilling-Strasse 51, 2544 Bettlach, Solothurn'),
('66af128c-c4f6-4432-b22a-ae778846e827', 'Bernhard', 'Andres', 'mail@a-er.ch', '043 243 46 50', 'Andres'' Entwerfen & Realisieren GmbH', 'Badenerstrasse 125, 8004 Zürich, Zürich'),
('170cc464-cda5-4c97-b435-27b9f54ccbe0', 'Ruth', 'Andres', 'r.andres@bluemail.ch', '032 392 59 94', 'Andres Garten & Design GmbH', 'Chasseralweg 1, 3268 Lobsigen, Bern'),
('b8cc228a-84fb-4607-9ab1-3b7ca427b4e0', 'Andres', 'Hausammann', 'aeschacher@bluewin.ch', '079 693 04 53', 'Andres Hausammann Sanitär, Heizung & Solaranlagen Umbauten Neubauten Reparaturen und Boilerentkalkungen', 'Aeschacker 1, 8496 Steg im Tösstal, Zürich'),
('04305ee6-7f9b-4b03-99fe-50e5fcaf7c97', 'Andres', 'Huber', 'info@gurtentischlerei.ch', '031 961 16 15', 'Andres Huber Werkstatt für antike Möbel & Gurtentischlerei', 'Areal Gurten 20, 3084 Wabern, Bern'),
('8f016e39-aa11-465c-8b1e-56d4c6ab7255', 'Christoph', 'Andres', 'dr.chris.andres@hin.ch', '033 223 75 70', 'Andres Ortho', 'Bälliz 44, 3600 Thun, Bern'),
('9813c871-300e-43c2-bc2c-42f34364d94e', 'Rafael', 'Andres', 'info@andres-reinigungen.ch', '044 461 33 39', 'Andres R. Reinigungen GmbH', 'Rütistrasse 18, 8952 Schlieren, Zürich'),
('f5ecc927-8085-4904-90dc-5106d350b297', 'Andres', 'Roth', 'andres@andresroth.ch', '079 390 39 93', 'Andres Roth GmbH', 'Kirchbühlstrasse 6, 3818 Grindelwald, Bern'),
('e8dc7cec-ce91-4c51-8d71-5a323d8fd3d6', 'Jürg', 'Andres', 'info@sanihei.ch', '056 544 35 60', 'Andres Sanitär-Heizung', 'Schenkgasse 10, 5620 Bremgarten, Aargau'),
('7e334e94-5779-490f-bb3a-44c6a9616257', 'Urs', 'Ziörjen', 'info@andreszioerjen.ch', '061 313 75 75', 'Andres Ziörjen GmbH', 'Helvetiaplatz 10, 4055 Basel, Basel-Stadt'),
('36e1007a-3fca-4287-b492-c16bb6f151a1', 'Daniela Erika', 'Kern Bickel', 'info@andresdruck.ch', '032 342 51 61', 'andresdruck gmbh', 'Grillenweg 13-15, 2500 Biel/Bienne, Bern'),
('baa919f3-55b6-4146-b722-33e638bc7287', 'Esther', 'Andres-Monn', 'andres.architekten@flashcable.ch', '056 496 40 28', 'Andres-Monn Esther + Manfred Architekturbüro', 'Dorfstrasse 32, 5454 Bellikon, Aargau'),
('35906eb6-9043-4d9f-946e-b3bd3777ea92', 'Andrina', 'Tisi', 'hello@andrinatisi.com', '079 191 15 16', 'Andrina Tisi', 'Hegibachstrasse 115, 8032 Zürich, Zürich'),
('8d01be9f-61dc-4372-b9a7-575a4d20b173', 'Christian', 'Andrist', 'info@andrist-elektro.ch', '061 995 90 50', 'Andrist Elektro AG', 'Hauptstrasse 31, 4461 Böckten, Basel-Land'),
('5b287151-8277-4d88-9710-fc3276a08a71', 'Ernst', 'Andrist', 'info@andrist-montagen-ag.ch', '079 741 90 00', 'Andrist Montagen AG', 'Ritterfeldweg 8, 3052 Zollikofen, Bern'),
('48652094-5897-40bf-9eed-639943e2b9da', 'Claudio', 'Nold', 'contact-hydro.ch@andritz.com', '041 329 51 11', 'ANDRITZ HYDRO AG', 'Obernauerstrasse 4, 6010 Kriens, Luzern'),
('3723e037-928a-451c-80ab-3a283e829173', 'Benjamin', 'Winzeler', 'info@androspa.ch', '044 804 44 82', 'AndroSpa GmbH', 'Hölzliwisenstrasse 12, 8604 Volketswil, Zürich'),
('384b4ef0-3ef6-4834-bfd2-3d1fcc50dea7', 'Kaspar', 'Schiesser', 'kaspar@andtex.ch', 'N.a.', 'Andtex GmbH', 'Alte Landstrasse 1, 9436 Balgach, St. Gallen'),
('60995fc9-6f5b-473e-b50e-4ee1ee7836c5', 'Shukri', 'Maliqi', 'info@andulino.ch', '044 830 21 21', 'Andulino Cucina Italiana & Steak House', 'Richtiplatz 4, 8304 Wallisellen, Zürich'),
('a45ea2eb-a4cb-4c1a-8488-74bbd812547c', 'Mercedes', 'Orozco-Miguel', 'info@andurina-wohnmobile.ch', '076 596 93 92', 'Andurina-Wohnmobile Orozco-Miguel', 'Bellevuestrasse 32, 2540 Grenchen, Solothurn'),
('8f72e53d-48a7-4c22-a525-1a499f6a6224', 'Andreas', 'Frank', 'frank22@gmx.ch', '079 447 75 33', 'Ändu''s GmbH', 'Worbboden 1030, 3076 Worb, Bern'),
('54876cf9-3f26-44ca-979d-60cd53e455ad', 'Andy', 'Bürge', 'andy.buerge@gmail.com', '079 655 44 42', 'Andy Bürge Keramik und Naturstein Wand- und Bodenbeläge', 'Münzentalstrasse 5, 5212 Hausen, Aargau'),
('d3b6c5bc-d76e-4925-a810-38bd3e03df75', 'Johann', 'Stadler', 'stadler.gartendesign@gmail.com', '076 387 11 67', 'Andy Jenni AG', 'Hirsmühleweg 16, 8158 Regensberg, Zürich'),
('43c8eb06-236c-446e-a0bd-b9e78bccb547', 'Andy', 'Raeber', 'rae@andyraeber.ch', '079 300 33 85', 'Andy Raeber Architekturbüro', 'Museggstrasse 32, 6004 Luzern, Luzern'),
('8b8a248c-6168-4695-ab1b-fde5e28bb5ff', 'Andreas', 'Schocher', 'info@andysbillard.ch', '079 341 78 88', 'Andy''s Billard GmbH', 'Aeschistrasse 7, 6410 Goldau, Schwyz'),
('4cd3ddc8-b4ba-4687-8f0e-2ee650af7653', 'Beatrix', 'Grau', 'bea.grau@bluewin.ch', '079 235 73 83', 'Andys Limoncello', 'Fineta 50, 1792 Cordast, Fribourg/Freiburg'),
('d3a016a8-6598-40c3-843c-60339fe596c5', 'Maria', 'Stauber', 'info@andys-place.ch', '062 844 16 98', 'Andy''s Place GmbH', 'Hauptstrasse 9, 5015 Erlinsbach, Solothurn'),
('3d1a2399-0afb-4f58-9ab2-80e6b7d157e6', 'Beat', 'Vonmoos', 'info@andys-gym.ch', '062 962 33 60', 'Andy''s-Gym, Inhaber Beat Vonmoos', 'Marktgasse 11, 4950 Huttwil, Bern'),
('d7e7f112-9f16-4871-9b36-71f563d2c5d4', 'Peter', 'Tscherrig', 'info@anenhuette.ch', '079 864 66 44', 'Anenhütte', '3918 Wiler (Lötschen), Wallis/Valais'),
('76044851-1b2f-425a-be00-3497550e04ba', 'Sven', 'Köhler', 'info@anerdgy.com', 'N.a.', 'Anerdgy AG', 'Regina-Kägi-Strasse 11, 8050 Zürich, Zürich'),
('02969d91-169e-41a2-8275-7071eb56f196', 'Anette', 'Engljähringer', 'info@yoga-4-you.ch', '071 669 11 22', 'Anette Engljähringer Yoga for You', 'Kirchstrasse 6, 8274 Gottlieben, Thurgau'),
('fe04ea28-6107-4fba-98bf-b36dbf63eaa1', 'Martin', 'Andres', 'martin.andres@anexis.ch', '079 771 64 90', 'Anexis Systemtechnik AG', 'Torweg 8, 3930 Visp, Wallis/Valais'),
('a771c10a-732e-479d-b523-32097a622ff4', 'Andrej', 'Lorenc', 'info@anexus.ch', '041 588 02 44', 'Anexus AG', 'Industriestrasse 47, 6300 Zug, Zug'),
('bc5d2a52-6fc4-4c3c-a523-48536f8327b2', 'Arne-​Christian', 'Faisst', 'arne.faisst@anfass.ch', '032 508 08 07', 'Anfass Life Technologies AG', 'Weissensteinstrasse 81, 4500 Solothurn, Solothurn'),
('f6e587b6-0f24-4eb2-b260-2dc13c34bb5b', 'Andreas', 'Tempini', 'info@anfos-apotheke.ch', '061 271 25 50', 'Anfos Apotheke', 'Aeschenvorstadt 48, 4051 Basel, Basel-Stadt'),
('1c060a45-c782-41d5-93ae-492b7e9dec62', 'Raphael', 'Altenberger', 'raphael.altenberger@an-group.one', '079 518 26 40', 'ANG Schweiz AG', 'Riedthofstrasse 1, 8105 Regensdorf, Zürich'),
('5db879dc-b21a-4d11-9a8a-abf914c4913d', 'Markus', 'Spiess', 'angehrnspiess@bluewin.ch', '071 911 41 51', 'Angehrn & Spiess', 'Hegiberg 19, 9527 Niederhelfenschwil, St. Gallen'),
('6942b103-e119-4424-8193-fc90399c37af', 'Domenic', 'Crivelli', 'dc@angehrn-elektro.ch', '071 352 33 51', 'Angehrn Elektro + Telecom GmbH', 'Oberdorfstrasse 55, 9100 Herisau, Appenzell Ausserrhoden'),
('50577893-1d4f-4a15-b8bd-2658fb87843a', 'Damiano', 'Angehrn', 'info@kompressionsstruempfe.ch', '071 544 02 11', 'Angehrn Medical GmbH', 'Hasleren 6, 6315 Morgarten, Zug'),
('8683d638-c3da-45bf-80f2-3cc76ef95a61', 'Claudia', 'Fischer', 'info@angel-eyes.ch', '076 348 01 55', 'Angel Eyes by Claudia Fischer', 'Bahnhofstrasse 18, 8304 Wallisellen, Zürich'),
('bd5dd92d-1350-4b94-ad48-cecafe3337fc', 'Marianne', 'Meister', 'info@coiffeur-angelhair.ch', '079 382 73 73', 'Angel Hair Coiffeur', 'Bernstrasse 44, 3072 Ostermundigen, Bern'),
('906d8878-bfb2-43a0-a12c-867731f0be25', 'Katharina', 'Kiry', 'info@aengeloderaff.ch', '078 870 41 42', 'Ängel oder Aff Bistro Basel', 'Andreasplatz 15, 4051 Basel, Basel-Stadt'),
('e73a70f4-d7f3-41b7-a893-e54b447271a7', 'Ulrich', 'Dreher', 'info@angela-bruderer.ch', '058 455 40 40', 'Angela Bruderer AG', 'Pflanzschulstrasse 17, 8400 Winterthur, Zürich'),
('cd447cd8-cc83-46db-ac8e-b8d1937f32f0', 'Miriam', 'Huber', 'oberlandmaert@angelacoiffeur-wetzikon.ch', '044 930 00 22', 'Angela Coiffeur m-two', 'Bahnhofstrasse 151, 8620 Wetzikon, Zürich'),
('25f0a1c7-208d-449b-a8fc-46229a839d49', 'Angela', 'Diener', 'info@adit.ch', '052 301 00 66', 'Angela Diener Immobilien Treuhand', 'Weiherstrasse 11, 8472 Seuzach, Zürich'),
('6e2c6514-94e0-43a2-bf46-05efc6ee975d', 'Angela', 'Faust', 'faust@akupunktur-basel.ch', '078 889 22 87', 'Angela Faust – Praxis Basel', 'Gerbergasse 16, 4051 Basel, Basel-Stadt'),
('c1bf5e4b-e975-4444-bef8-7339fd805c2a', 'Angela', 'Hasler', 'info@angel-hair.ch', '052 365 12 42', 'Angela Hasler', 'Oberdorfstrasse 5, 8500 Gerlikon, Thurgau'),
('bbb473df-748f-4a49-8697-8259913bc1af', 'Angela', 'Keller', 'angela.keller@register-hin.ch', '079 586 56 16', 'Angela Keller Naturheilpraxis', 'Hans Rathgeb Weg 1, 8640 Rapperswil, St. Gallen'),
('77553a52-7ea3-47c4-82e1-75622bc56bc8', 'Angela', 'Rohner', 'angela-leaanada@mail.ch', '079 658 95 50', 'Angela Lea'' Anada', 'Welschdörflistrasse 17, 7000 Chur, Graubünden'),
('aea6d720-6f0b-412c-a1fb-f74b47d74252', 'Georg', 'Keller', 'info@angela-produkte.ch', '062 430 40 01', 'Angela Produkte, Inh. Keller', 'Kreuzstrasse 4, 5737 Menziken, Aargau'),
('19777b58-be78-46b0-ae9f-3918f7a32342', 'Angelika', 'Woodward', 'info@angelhair-haarmelodie.ch', '079 636 38 91', 'AngelHair Haarmelodie', 'Im Sunnegarte 6, 8824 Schönenberg, Zürich'),
('ff0021d6-6775-4dc8-96d4-27863b1fb667', 'Kurt', 'Sahli', 'info@aengelibeck.ch', '031 351 15 05', 'Ängelibeck AG', 'Bläuackerstrasse 1, 3098 Köniz, Bern'),
('c28da77b-c92d-42f8-853d-0e36c47c7b41', 'Angelika', 'Brandenberger', 'angelika.brandenberger@bluewin.ch', '078 640 31 83', 'Angelika Brandenberger', 'Thunstrasse 11c, 3770 Zweisimmen, Bern'),
('6fc7368c-60a4-48be-82c4-3699d683c936', 'Angelika', 'Cordes Weibel', 'cordes@ruecken-becken-fuss.ch', '076 302 70 54', 'Angelika Cordes Weibel', 'Imbodenstrasse 12, 9016 St. Gallen, St. Gallen'),
('0cb3f99a-1bce-4744-9060-cb1efa0e158a', 'Angelika', 'Gassner Odermatt', 'info@gassner-feldenkrais.ch', '041 740 10 90', 'Angelika Gassner Odermatt', 'Grabenstrasse 15d, 6340 Baar, Zug'),
('e90781fc-c045-470e-bf74-e7b22e86dee3', 'Angelika', 'Thürlemann', 'angelikathuerlemann@bluewin.ch', '079 837 13 79', 'Angelika Thürlemann', 'Hardungstrasse 8, 9011 St. Gallen, St. Gallen'),
('f744af34-c5f4-46db-855d-acba0ce04401', 'Angelika', 'Eggmann', 'info@herzmanufaktur.ch', '078 738 38 25', 'Angelika''s Herzmanufaktur GmbH', 'Gerlikonerstrasse 18, 8500 Frauenfeld, Thurgau'),
('554dda37-694c-4ef9-b4f9-454d3786e0c5', 'Angelina', 'Caluori', 'info@angelinayoga.ch', '078 804 77 83', 'Angelina Caluori', 'Schulhausgasse 15, 8880 Walenstadt, St. Gallen'),
('7c939e4f-307f-46c5-8565-f2dc3d330700', 'Angelina', 'Mindell', 'mindell@hin.ch', '078 702 00 00', 'Angelina Physiotherapie', 'Spyristrasse 7, 8044 Zürich, Zürich'),
('73fe06e8-8942-47f6-ba75-2b2fa8263ca0', 'Markus', 'Gabriel', 'cjo@angelink.ch', 'N.a.', 'Angelink AG c/o Markus Gabriel', 'Hotzestrasse 52, 8006 Zürich, Zürich'),
('418f9300-d3f0-4c80-98ef-5cdfbb5c672a', 'Angelo', 'Galasso', 'angelogalasso69@gmail.com', 'N.a.', 'Angelo Galasso Gärtner / Baumpfleger', 'Chrüzackerstrasse 54, 8193 Eglisau, Zürich'),
('8052c21f-9a2b-4359-871f-a81e0e663afd', 'Angelo', 'Rizzi', 'buero@ing-rizzi.ch', '079 681 72 25', 'Angelo Rizzi Ingenieurbüro', 'Luzeinerstrasse 8b, 7240 Küblis, Graubünden'),
('b3207981-634f-4d99-93a8-0cb79ad67135', 'Angelo', 'Sartori', 'info@gipser-sartori.ch', '044 840 24 64', 'Angelo Sartori Gipsergeschäft', 'Mühleweg 17, 8105 Regensdorf, Zürich'),
('7f6590fb-4f38-43e6-9fe6-a23f4f5cc2fb', 'Arsim', 'Mulaj', 'info@angelotparkett.ch', '062 558 25 55', 'ANGELOT Parkett GmbH', 'Hauptstrasse 23, 5013 Niedergösgen, Solothurn'),
('f04ad7e2-f094-4c31-9c6e-66bf92d89453', 'Karolina', 'Angelovska', 'info@angelovska-nurses.ch', '076 688 73 55', 'Angelovska Nurses KLG', 'Rainliweg 10, 6055 Alpnach, Obwalden'),
('05ac65ec-9047-4830-9ce1-1b050eaa17cc', 'Nicole', 'Stamm', 'info@angelsbarherisau.ch', '076 452 84 51', 'Angels Bar Herisau', 'Gossauerstrasse 14, 9100 Herisau, Appenzell Ausserrhoden'),
('49738c3c-3fc6-4ea0-813b-bf00f0efee93', 'Sharon', 'Aeschlimann', 'mail@angelsofbeauty.ch', '071 970 01 01', 'Angels of Beauty Hairstyle', 'Bahnhofstrasse 80a, 8360 Eschlikon, Thurgau'),
('1fc578ca-f7d9-4f56-8334-b8c6d8fd8126', 'Arzu', 'Dogru', 'info@angelsreinigung.ch', '078 651 99 29', 'Angel''s Reinigung', 'Hulfteggstrasse 31, 8400 Winterthur, Zürich'),
('e4d4f0e2-52fb-49fc-b275-1abedf2ff04c', 'Özlem', 'Malkar', 'info@angelsbeautyline.ch', '076 580 47 02', 'Angelsbeautyline Malkar', 'Kasparstrasse 17, 3027 Bern, Bern'),
('a3d22701-fa48-4505-b754-5f9051bc3770', 'Christina', 'Dall Agnola', 'angelwerkstatt@datazug.ch', '041 710 80 68', 'Angelwerkstatt', 'Brunnmatt 43, 6330 Cham, Zug'),
('566c9d42-0991-4c66-a432-98cbe3971b32', 'Hanspeter', 'Angerer', 'davos@angerer.ch', '081 410 60 60', 'Angerer Sport AG', 'Promenade 50, 7270 Davos, Graubünden'),
('7fcce574-0209-4e92-bad6-2348bf7db04d', 'Martin', 'Angermann', 'info@angermann.ch', '043 844 46 70', 'Angermann Gartenbau AG', '8134 Adliswil, Zürich'),
('3237e5bd-addc-41d3-81c9-9054841f7069', 'Simon', 'Federer', 'info@elsaesserzuerich.ch', '044 211 29 55', 'Angestellten-Fürsorgefonds der Elsässer & Cie AG', 'Poststrasse 8, 8001 Zürich, Zürich'),
('28a35995-c7ac-4272-8df4-5df40311971b', 'Peter', 'Minder', 'info@bucherindustries.com', '058 750 15 00', 'Angestellten-Pensionskasse Bucher Schweiz', 'Murzlenstrasse 80, 8166 Niederweningen, Zürich'),
('9f48dbd6-dcfc-456b-ae9f-96192d1741dd', 'Robert', 'Gray', 'robert.gray.rg1@roche.com', '061 688 64 21', 'Angestelltenverband Roche', 'Grenzacherstrasse 124, 4070 Basel, Basel-Stadt'),
('10872aab-0c0f-43f2-b1ec-71b49c61a9bb', 'Andrea', 'Lüthi', 'angewandte-heilkunst@outlook.com', '076 349 08 78', 'Angewandte Heilkunst – Andrea Lüthi', 'Aegerten 7, 5742 Kölliken, Aargau'),
('b441ea26-dbf8-4928-a240-fe37bba58208', 'Johann Christof', 'Ragg', 'info@angioclinic.ch', '044 482 30 30', 'angioclinic Venenzentrum Dr. Ragg Zürich', 'Seestrasse 455b, 8038 Zürich, Zürich'),
('2801b66a-9246-48ac-a26a-bc1cadb4666f', 'Corina', 'Canova', 'corina.canova@angio-gr.ch', '081 253 03 04', 'Angiologie Graubünden', 'Masanserstrasse 2, 7000 Chur, Graubünden'),
('8ed5d472-c337-483c-a705-b8245f92c367', 'Silvia', 'Gretener', 'angiologie.oberaargau@hin.ch', '062 922 11 33', 'Angiologie Oberaargau', 'St. Urbanstrasse 67, 4900 Langenthal, Bern'),
('1d7f57ac-c2a1-4f79-bf4c-10e0caf1d6c9', 'Susan', 'Ly', 'reservation@restaurant-angkor.ch', '043 205 28 88', 'Angkor', 'Giessereistrasse 18, 8005 Zürich, Zürich'),
('62c85460-a54a-4e98-a7e3-698b4a354d01', 'Enrico', 'Lamano', 'info@angolo-dolce.ch', '061 922 02 53', 'Angolo Dolce', 'Rathausstrasse 42, 4410 Liestal, Basel-Land'),
('a9dfd001-13b4-49c4-8655-1b65b6ad63a3', 'Roberto', 'Ferrari-Renzi', 'online@renzifood.com', '041 760 06 27', 'Angolo Food Ag', 'Bösch 108, 6331 Hünenberg, Zug'),
('0ab9237c-6383-435c-ac7b-169d5e3b32ee', 'Angie', 'Klarer', 'info@angsana.ch', '079 356 63 14', 'Angsana', 'Hauptstrasse 33, 4147 Aesch, Basel-Land'),
('20e2898e-bae7-4393-a876-9f38c09907e7', 'Felix', 'Blum', 'info@angst-ag.ch', '052 721 15 05', 'Angst AG', 'Breitenstrasse 22, 8500 Frauenfeld, Thurgau'),
('352ff362-bb86-43ae-b1ed-b035cf034e07', 'Beat', 'Angst', 'ba@angst-gmbh.ch', '052 315 46 89', 'Angst GmbH, Schreinerarbeiten', 'Hauptstrasse 27, 8414 Buch am Irchel, Zürich'),
('19c59be9-efe2-4720-bf6d-e2520acc08e5', 'Rita', 'Fröhlich-Angst', 'mail@ihre-malerin.ch', '071 220 99 94', 'ANGST Malerei & Gestaltung GmbH', 'Industriestrasse 6, 8590 Romanshorn, Thurgau'),
('d4075104-aaac-4592-bcac-ef20d9bfdb62', 'Christoph', 'Angst', 'info@angst-engineering.ch', '071 755 25 71', 'Angst Maschinenbau GmbH', 'Rietblickstrasse 4, 9453 Eichberg, St. Gallen'),
('7732fc7f-4209-4700-9a01-ad512bee27d6', 'René', 'Pfenninger', 'info@angst-mechanik.ch', '055 260 11 82', 'Angst Präzisionsmechanik, Inhaber René Pfenninger', 'Breitenmattstrasse 33, 8635 Dürnten, Zürich'),
('2cb0b431-f8fb-4acb-81d1-feab85c5916a', 'Thomas', 'Röttinger', 'sensorsandpower@angst-pfister.com', '044 877 35 00', 'Angst+Pfister Sensors and Power AG', 'Thurgauerstrasse 66, 8050 Zürich, Zürich'),
('e9b1f42d-e1bc-4acb-979a-a0d173565c34', 'Albert', 'Angstmann', 'angstmann.metallbau@bluewin.ch', '056 633 21 33', 'Angstmann GmbH Stahl- und Metallbau', 'Algierstrasse 7, 5621 Zufikon, Aargau'),
('7ed75ce4-e53c-4828-9027-3c37090dc824', 'Christian', 'Thöni', 'hofthoeni@sunrise.ch', '081 681 17 46', 'Angushof Thöni', 'Sumvei, 7459 Stierva, Graubünden'),
('16fae73a-d185-4b2d-a649-c115ba12379f', 'Albert', 'Elsener', 'naturkonzept@bluewin.ch', '079 606 87 66', 'Angus-Zucht und Bagger-Betrieb', 'Boden 3, 6313 Finstersee, Zug');

INSERT INTO leads (id, contact_id, source, status, value, notes) VALUES
('46fa4a89-e8e1-459a-9b2c-f461ebabf123', 'a8cde00b-63b5-436b-9d34-edda6b95b968', 'KALTAKQUISE', 'ACTIVE', 0, 'Funktion: Geschäftsführer/in (CEO) | Mitarbeiter: 21 bis 50 | Branche: Immobilienverwaltung / Immobilienvermittlung | Rechtsform: Aktiengesellschaft'),
('83d7514f-f328-438f-baf9-a18d756f81b3', 'eb9abf07-b5b0-4a96-98af-81db7532bb89', 'KALTAKQUISE', 'ACTIVE', 0, 'Funktion: Geschäftsführer/in (CEO) | Mitarbeiter: 1 bis 10 | Branche: Maler- & Gipsergeschäfte | Rechtsform: Aktiengesellschaft'),
('eb684707-7a8e-4190-9223-36ba1c22629f', 'cd932093-631d-4f1e-93e4-3cd12e77dc2a', 'KALTAKQUISE', 'ACTIVE', 0, 'Funktion: Geschäftsführer/in (CEO) | Mitarbeiter: 1 bis 10 | Branche: Gartenbau & -pflege'),
('ba7aea24-94e9-41ed-997e-b5e578dae2ff', '80dfed54-c3fa-4465-bb66-dd29bcb902fb', 'KALTAKQUISE', 'ACTIVE', 0, 'Funktion: Geschäftsführer/in (CEO) | Mitarbeiter: 1 bis 10 | Branche: Sanitär & Haustechnik'),
('55f12f7c-e624-44d7-aa76-53a0bf82ad81', '0e232eee-5525-4b7a-bcf9-95fa26c5cf4e', 'KALTAKQUISE', 'ACTIVE', 0, 'Funktion: Geschäftsführer/in (CEO) | Mitarbeiter: 1 bis 10 | Branche: Boden- & Plattenleger | Rechtsform: Gesellschaft mit beschränkter Haftung'),
('8391b3fe-828a-4ec8-9bf0-57cabc5847ae', '815adcc9-37bf-4def-89c2-cd89bf3f7026', 'KALTAKQUISE', 'ACTIVE', 0, 'Funktion: Geschäftsführer/in (CEO) | Mitarbeiter: 1 bis 10 | Branche: Gartenbau & -pflege | Rechtsform: Aktiengesellschaft'),
('338b0b77-b651-4548-87cc-ed0e7aa4e6a3', 'b5d122bb-dda1-4bc8-8d80-5320e288135e', 'KALTAKQUISE', 'ACTIVE', 0, 'Funktion: Geschäftsführer/in (CEO) | Mitarbeiter: 1 bis 10 | Branche: Immobilienvermittlung / Immobilienprojektentwicklung | Rechtsform: Aktiengesellschaft'),
('7f3236a3-af31-46a6-afa8-4b85e170a892', '628b99c4-37bc-4785-9c6c-5cabdbc4ddbd', 'KALTAKQUISE', 'ACTIVE', 0, 'Funktion: Geschäftsführer/in (CEO) | Mitarbeiter: 1 bis 10 | Branche: Atem- Meditation- & Yogacenter'),
('514910a5-c50f-479f-9121-9313a753b7d3', '1542cc1c-895a-4b35-8fba-c9c95c3a1bb0', 'KALTAKQUISE', 'ACTIVE', 0, 'Funktion: Geschäftsführer/in (CEO) | Mitarbeiter: 1 bis 10 | Branche: Architekturbüros / Innenausstatter / Schreinerei- & Holzbaubetriebe'),
('cf18457d-3202-4d73-8ad5-2f233570643b', '1b6b1820-11a7-4e3c-94f2-a4a6452f147a', 'KALTAKQUISE', 'ACTIVE', 0, 'Funktion: Geschäftsführer/in (CEO) | Mitarbeiter: 1 bis 10 | Branche: Kosmetikstudios | Rechtsform: Gesellschaft mit beschränkter Haftung'),
('2e966d48-2e6b-4bef-bc71-68f1a8b4081d', '672d54ef-307c-4c34-beff-2879f3f1d025', 'KALTAKQUISE', 'ACTIVE', 0, 'Funktion: Geschäftsführer/in (CEO) | Mitarbeiter: 1 bis 10 | Branche: Naturheilpraxen'),
('d001b9a5-e785-4496-9fbf-2e1118d97467', '3d0e0671-0cef-4364-afba-21c14766b967', 'KALTAKQUISE', 'ACTIVE', 0, 'Funktion: Geschäftsführer/in (CEO) | Mitarbeiter: 1 bis 10 | Branche: Atem- Meditation- & Yogacenter'),
('87e27846-f87f-4395-8348-0fe136688b42', '062f0d36-6e9c-43a1-ac0b-88c2bc0f8457', 'KALTAKQUISE', 'ACTIVE', 0, 'Funktion: Geschäftsführer/in (CEO) | Mitarbeiter: 1 bis 10 | Branche: Physiotherapie'),
('0ec57c38-0c3b-45d9-8d86-83221c40fee2', '898b77e3-b7bf-4607-9bbc-363260f1cf2c', 'KALTAKQUISE', 'ACTIVE', 0, 'Funktion: Geschäftsführer/in (CEO) | Mitarbeiter: 1 bis 10 | Branche: Kosmetikstudios | Rechtsform: Einzelunternehmen'),
('85092fa2-8d03-48ea-abd8-d38abb890404', '3f3e5fcc-91a3-48e0-8bac-b70d9bfef812', 'KALTAKQUISE', 'ACTIVE', 0, 'Funktion: Geschäftsführer/in (CEO) | Mitarbeiter: 11 bis 20 | Branche: Schreinerei- & Holzbaubetriebe | Rechtsform: Aktiengesellschaft'),
('38920b78-8691-42f6-9ceb-eb437a595a24', '3515b54a-05e1-4c22-996b-21fbd88e63bf', 'KALTAKQUISE', 'ACTIVE', 0, 'Funktion: Geschäftsführer/in (CEO) | Mitarbeiter: 1 bis 10 | Branche: Architekturbüros'),
('b9880e78-a587-490c-96ce-634eeb3845fd', '6cf44870-678e-48e0-befe-e2ec82e22ba0', 'KALTAKQUISE', 'ACTIVE', 0, 'Funktion: Geschäftsführer/in (CEO) | Mitarbeiter: 1 bis 10 | Branche: Atem- Meditation- & Yogacenter'),
('b03b0f26-70d8-45cc-9020-394c6ae1e1e3', '7067cffd-83e0-4e7d-9f2c-d1476e9e61a3', 'KALTAKQUISE', 'ACTIVE', 0, 'Funktion: Geschäftsführer/in (CEO) | Mitarbeiter: 1 bis 10 | Branche: Atem- Meditation- & Yogacenter'),
('cccfa186-486e-49bf-a22c-5966a154172b', '63cdbf2b-2b3d-4e82-b5b1-ecfe06080e14', 'KALTAKQUISE', 'ACTIVE', 0, 'Funktion: Geschäftsführer/in (CEO) | Mitarbeiter: 1 bis 10 | Branche: Physiotherapie'),
('1013cce8-b861-4377-91f0-23ed618df93c', 'f5fa839a-6cdd-481d-b447-0fcffb4ace59', 'KALTAKQUISE', 'ACTIVE', 0, 'Funktion: Geschäftsführer/in (CEO) | Mitarbeiter: 1 bis 10 | Branche: Innenausstatter'),
('08c5ba73-1657-44a3-8d7e-8e0b07b0c9e9', '4debf8cd-350d-439e-b484-4d49b6c21e28', 'KALTAKQUISE', 'ACTIVE', 0, 'Funktion: Geschäftsführer/in (CEO) | Mitarbeiter: 1 bis 10 | Branche: Werbeagenturen'),
('6cff4ad1-2475-4060-ac20-a0200be2ca1a', '451e204a-e853-4c90-b73d-e644b73c7ec9', 'KALTAKQUISE', 'ACTIVE', 0, 'Funktion: Geschäftsführer/in (CEO) | Mitarbeiter: 1 bis 10 | Branche: Atem- Meditation- & Yogacenter'),
('6166a232-f43f-41e1-a3fc-924bd62165ae', '1c434486-3827-4b43-baf3-6695db5b1b80', 'KALTAKQUISE', 'ACTIVE', 0, 'Funktion: Geschäftsführer/in (CEO) | Mitarbeiter: 1 bis 10 | Branche: Restaurants | Rechtsform: Einzelunternehmen'),
('5bd1d49b-18d8-4e80-b904-694d7cf67e06', 'eabad115-92f0-4eae-8830-ed4bce9278f2', 'KALTAKQUISE', 'ACTIVE', 0, 'Funktion: Geschäftsführer/in (CEO) | Mitarbeiter: 1 bis 10 | Branche: Atem- Meditation- & Yogacenter'),
('c0220f20-2269-44c3-9d66-86af44d9906e', '29bc7134-a4d2-4c8c-a53d-35bfde00ce45', 'KALTAKQUISE', 'ACTIVE', 0, 'Funktion: Geschäftsführer/in (CEO) | Mitarbeiter: 1 bis 10 | Branche: Atem- Meditation- & Yogacenter / Naturheilpraxen'),
('6868ccd2-5907-40ee-a2f9-65f6e06dd011', '1e1bbb4e-f28d-4e20-a2bb-5b10d06ed32a', 'KALTAKQUISE', 'ACTIVE', 0, 'Funktion: Geschäftsführer/in (CEO) | Mitarbeiter: 1 bis 10 | Branche: Sanitär & Haustechnik | Rechtsform: Gesellschaft mit beschränkter Haftung'),
('adf2ed2d-ea0f-4514-9bd8-106ec2d55cb0', 'c9881c37-7ba0-4bfe-a9ce-99064258ebe6', 'KALTAKQUISE', 'ACTIVE', 0, 'Funktion: Geschäftsführer/in (CEO) | Mitarbeiter: 1 bis 10 | Branche: Atem- Meditation- & Yogacenter'),
('132732ac-55fe-414d-9512-56b21ce64ae7', 'd59dfc11-5c5a-4cf5-95f0-79829faf57bc', 'KALTAKQUISE', 'ACTIVE', 0, 'Funktion: Geschäftsführer/in (CEO) | Mitarbeiter: 1 bis 10 | Branche: Atem- Meditation- & Yogacenter'),
('8f474006-16e1-4405-8882-3036ff357ca7', '28f98b41-e7a7-4de9-9da6-9be3503ab876', 'KALTAKQUISE', 'ACTIVE', 0, 'Funktion: Geschäftsführer/in (CEO) | Mitarbeiter: 1 bis 10 | Branche: Atem- Meditation- & Yogacenter'),
('cad2223f-ea55-4849-9beb-32bd5bb10e09', '717c8794-99ed-4421-8227-649245c3d84f', 'KALTAKQUISE', 'ACTIVE', 0, 'Funktion: Geschäftsführer/in (CEO) | Mitarbeiter: 1 bis 10 | Branche: Innenausstatter / Bauherrenvertretung | Rechtsform: Aktiengesellschaft'),
('0d553c6b-f7f1-44f6-89ed-cab1ded67872', 'dd7d940e-8a63-4fbe-b30f-3ef46b030bb5', 'KALTAKQUISE', 'ACTIVE', 0, 'Funktion: Geschäftsführer/in (CEO) | Mitarbeiter: 21 bis 50 | Branche: Personalvermittler & -berater | Rechtsform: Gesellschaft mit beschränkter Haftung'),
('30ff9671-0c64-473b-b6dd-19b63311c2cf', '53fc2929-9ba8-4334-8f8d-6e77020ddda5', 'KALTAKQUISE', 'ACTIVE', 0, 'Funktion: Geschäftsführer/in (CEO) | Mitarbeiter: 1 bis 10 | Branche: Schreinerei- & Holzbaubetriebe | Rechtsform: Gesellschaft mit beschränkter Haftung'),
('3827fc0c-8285-48cd-8f6d-1684037d09ed', '6110017f-adb2-40e8-a334-aa213ab4ac4f', 'KALTAKQUISE', 'ACTIVE', 0, 'Funktion: Geschäftsführer/in (CEO) | Mitarbeiter: 1 bis 10 | Branche: Atem- Meditation- & Yogacenter'),
('822f902b-8a55-4395-8897-529e4945e44e', '3f122758-9d54-469e-bf19-3d6d7c5749a6', 'KALTAKQUISE', 'ACTIVE', 0, 'Funktion: Geschäftsführer/in (CEO) | Mitarbeiter: 1 bis 10 | Branche: Naturheilpraxen | Rechtsform: Einzelunternehmen'),
('3afabe75-f38a-4b12-92c3-0050efa33d8b', '2106ce4f-b679-4886-8a64-230def09ef85', 'KALTAKQUISE', 'ACTIVE', 0, 'Funktion: Geschäftsführer/in (CEO) | Mitarbeiter: 1 bis 10 | Branche: Immobilienverwaltung / Immobilienvermittlung | Rechtsform: Gesellschaft mit beschränkter Haftung'),
('b891cdc3-6911-4b6d-9f3c-eaef49fd70f9', '34ca5b8f-a9d9-4e4a-9a38-8705714bfc26', 'KALTAKQUISE', 'ACTIVE', 0, 'Funktion: Geschäftsführer/in (CEO) | Mitarbeiter: 1 bis 10 | Branche: Atem- Meditation- & Yogacenter'),
('046087f9-bd46-4991-8c53-d8d40e3da89c', '2b5ea633-a97f-40b6-ae48-96f4fa29a167', 'KALTAKQUISE', 'ACTIVE', 0, 'Funktion: Geschäftsführer/in (CEO) | Mitarbeiter: 11 bis 20 | Branche: Life-Science-Industrie | Rechtsform: Aktiengesellschaft'),
('9cbc64b0-48f0-477a-bd1e-036e68e6e8ba', '00ee12a7-022d-44a5-9c68-2e001c73cbd7', 'KALTAKQUISE', 'ACTIVE', 0, 'Funktion: Geschäftsführer/in (CEO) | Mitarbeiter: 1 bis 10 | Branche: Architekturbüros'),
('8ebe71a7-10bd-41f5-988f-657ec12ff1ad', '55c67edb-babb-4dde-9e81-e7482d92fd33', 'KALTAKQUISE', 'ACTIVE', 0, 'Funktion: Geschäftsführer/in (CEO) | Mitarbeiter: 11 bis 20 | Branche: Innenausstatter / Schreinerei- & Holzbaubetriebe | Rechtsform: Aktiengesellschaft'),
('4bc2bbb7-7427-4852-b69b-94b030d5a32a', 'c587de87-4940-4760-8de7-ceaa392742de', 'KALTAKQUISE', 'ACTIVE', 0, 'Funktion: Geschäftsführer/in (CEO) | Mitarbeiter: 1 bis 10 | Branche: Maler- & Gipsergeschäfte'),
('cea58035-e25d-4e53-9eb5-2b8154fddf6d', 'bba41111-4a2c-4c72-be6e-52a2673d9f49', 'KALTAKQUISE', 'ACTIVE', 0, 'Funktion: Geschäftsführer/in (CEO) | Mitarbeiter: 1 bis 10 | Branche: Boden- & Plattenleger'),
('1f36957e-742e-4c5c-aa18-5a92cddc2c99', '90828e1d-c55e-4c1f-8f57-a5842e095963', 'KALTAKQUISE', 'ACTIVE', 0, 'Funktion: Geschäftsführer/in (CEO) | Mitarbeiter: 1 bis 10 | Branche: Clubs, Bars & Eventlocations'),
('d42d4f89-f110-4bd0-97b7-17dba1ffc9ac', 'bddfe6aa-266c-4b16-a074-8e63e5905591', 'KALTAKQUISE', 'ACTIVE', 0, 'Funktion: Geschäftsführer/in (CEO) | Mitarbeiter: 1 bis 10 | Branche: Architekturbüros / Bau- & Projektmanagement / Bauherrenvertretung | Rechtsform: Einzelunternehmen'),
('16c7d23e-5f7b-496f-98ca-813f8340ce50', 'cb1da27e-6832-43e9-bc42-097e68e9dce5', 'KALTAKQUISE', 'ACTIVE', 0, 'Funktion: Geschäftsführer/in (CEO) | Mitarbeiter: 1 bis 10 | Branche: Schreinerei- & Holzbaubetriebe'),
('a56c5f38-92fa-489d-8ff3-e7b89096fc47', 'f8142584-634e-4ca0-9794-094cbdd06fe9', 'KALTAKQUISE', 'ACTIVE', 0, 'Funktion: Geschäftsführer/in (CEO) | Mitarbeiter: 1 bis 10 | Branche: Gartenbau & -pflege'),
('17f14ea7-00ed-4529-95d2-88832b1b8239', '17f9e173-c9e1-4c76-a295-2c75847cf384', 'KALTAKQUISE', 'ACTIVE', 0, 'Funktion: Geschäftsführer/in (CEO) | Mitarbeiter: 1 bis 10 | Branche: Sanitär & Haustechnik | Rechtsform: Einzelunternehmen'),
('6019e12e-e8b4-4ec0-b2cd-2174470ab938', 'ce5908b5-34e7-48cf-a077-bce8e22bdeae', 'KALTAKQUISE', 'ACTIVE', 0, 'Funktion: Geschäftsführer/in (CEO) | Mitarbeiter: 1 bis 10 | Branche: Architekturbüros'),
('96e774b6-2ecf-4708-87ef-6c1db7108352', '8ecfdbb5-4f92-4fa3-b75e-89fcaf6366ee', 'KALTAKQUISE', 'ACTIVE', 0, 'Funktion: Geschäftsführer/in (CEO) | Mitarbeiter: 1 bis 10 | Branche: Sanitär & Haustechnik | Rechtsform: Einzelunternehmen'),
('51528541-22bf-40c2-91ac-fd484d72e0ea', '396a18c9-ea4f-4ed7-89ca-7b531b84bde4', 'KALTAKQUISE', 'ACTIVE', 0, 'Funktion: Geschäftsführer/in (CEO) | Mitarbeiter: 1 bis 10 | Branche: Bau- & Projektmanagement | Rechtsform: Einzelunternehmen'),
('0faa34b1-dfd1-4757-81a0-81524a161a7b', '20794da3-ac87-4c08-9b34-9c3e69a44b5b', 'KALTAKQUISE', 'ACTIVE', 0, 'Funktion: Geschäftsführer/in (CEO) | Mitarbeiter: 1 bis 10 | Branche: Architekturbüros | Rechtsform: Aktiengesellschaft'),
('382496a9-57f6-465c-8794-2467e468e2d7', 'd31607a3-d14d-46ee-9d0f-ce218afd2f0c', 'KALTAKQUISE', 'ACTIVE', 0, 'Funktion: Geschäftsführer/in (CEO) | Mitarbeiter: 11 bis 20 | Branche: Schreinerei- & Holzbaubetriebe | Rechtsform: Aktiengesellschaft'),
('47dcbaab-a368-416e-b866-5e1c83fe9980', '3e057622-d2d3-4c47-b673-e146eecfdde5', 'KALTAKQUISE', 'ACTIVE', 0, 'Funktion: Geschäftsführer/in (CEO) | Mitarbeiter: 1 bis 10 | Branche: Treuhandbüros'),
('1258ac14-1218-4b59-8c87-c9690ad65c65', '667cf382-7c43-4f92-8386-aed8abfcf041', 'KALTAKQUISE', 'ACTIVE', 0, 'Funktion: Geschäftsführer/in (CEO) | Mitarbeiter: 11 bis 20 | Branche: Architekturbüros | Rechtsform: Aktiengesellschaft'),
('baef6395-4768-4b11-9dc5-fdd4af5dd694', 'f476857a-4f2c-4545-bb55-4da332feb974', 'KALTAKQUISE', 'ACTIVE', 0, 'Funktion: Geschäftsführer/in (CEO) | Mitarbeiter: 1 bis 10 | Branche: Architekturbüros / Schreinerei- & Holzbaubetriebe | Rechtsform: Gesellschaft mit beschränkter Haftung'),
('f882ea10-61f5-436f-9846-d127360db030', '9e163516-7052-4cd3-8237-eb06ceaf6bde', 'KALTAKQUISE', 'ACTIVE', 0, 'Funktion: Geschäftsführer/in (CEO) | Mitarbeiter: 1 bis 10 | Branche: Baugeschäfte | Rechtsform: Aktiengesellschaft'),
('bd76392c-1186-471c-b237-d4e90f39bce7', '7b6b27f3-f3ae-46d7-a7e2-f805156de7bd', 'KALTAKQUISE', 'ACTIVE', 0, 'Funktion: Geschäftsführer/in (CEO) | Mitarbeiter: 1 bis 10 | Branche: Immobilienvermittlung | Rechtsform: Gesellschaft mit beschränkter Haftung'),
('3b7f3342-1f0b-4721-8c2d-18613df91414', '5fb8bf39-51f4-45b1-91f9-56176330cab7', 'KALTAKQUISE', 'ACTIVE', 0, 'Funktion: Geschäftsführer/in (CEO) | Mitarbeiter: 1 bis 10 | Branche: Medizintechnik-Industrie | Rechtsform: Aktiengesellschaft'),
('3fb9a652-0fcc-424b-a6c8-076cc491b331', '145c4dde-a0c0-4b20-ae0c-6c82e6828a5d', 'KALTAKQUISE', 'ACTIVE', 0, 'Funktion: Inhaber/in (Owner/Founder) | Mitarbeiter: 1 bis 10 | Branche: Schreinerei- & Holzbaubetriebe'),
('d655c2e2-8f5e-4b77-afae-ac636e84f2bb', '535bd3be-9d63-4489-a2a2-d032e9b91c04', 'KALTAKQUISE', 'ACTIVE', 0, 'Funktion: Geschäftsführer/in (CEO) | Mitarbeiter: 1 bis 10 | Branche: Architekturbüros | Rechtsform: Aktiengesellschaft'),
('72972bd7-9665-40cc-85ec-f8ae2b5862e2', '8167c751-adc9-47ea-ad14-61dfdd3a5bd1', 'KALTAKQUISE', 'ACTIVE', 0, 'Funktion: Geschäftsführer/in (CEO) | Mitarbeiter: 11 bis 20 | Branche: Psychiatrie & Psychotherapie / Atem- Meditation- & Yogacenter'),
('96d06f9b-3bfa-4beb-9a35-f511d607b77b', '4212f525-4140-4571-bf0a-91e30fd8a4c5', 'KALTAKQUISE', 'ACTIVE', 0, 'Funktion: Geschäftsführer/in (CEO) | Mitarbeiter: 1 bis 10 | Branche: Maler- & Gipsergeschäfte | Rechtsform: Gesellschaft mit beschränkter Haftung'),
('7a4cc285-d61e-48b4-8642-db5bcc1686fc', 'b20fef7b-b7c7-4b0f-ad70-4c7f9bad7823', 'KALTAKQUISE', 'ACTIVE', 0, 'Funktion: Geschäftsführer/in (CEO) | Mitarbeiter: 1 bis 10 | Branche: Boden- & Plattenleger | Rechtsform: Einzelunternehmen'),
('fdd4f0db-358a-4b6f-9417-827b920855fb', 'f26abeea-ca8e-4ac3-a0d6-8ca76e863c5a', 'KALTAKQUISE', 'ACTIVE', 0, 'Funktion: Geschäftsführer/in (CEO) | Mitarbeiter: 11 bis 20 | Branche: Divers | Rechtsform: Aktiengesellschaft'),
('7e372849-1bf6-46b1-a740-88cc3024de1b', '4d13eec0-0b16-4cfb-b54a-113ab4d9d311', 'KALTAKQUISE', 'ACTIVE', 0, 'Funktion: Inhaber/in (Owner/Founder) | Mitarbeiter: 1 bis 10 | Branche: Schreinerei- & Holzbaubetriebe'),
('f3f3b9ad-5c6d-4505-ba65-310774438505', '0d8091bb-b614-4572-b6b2-e4b4fcdf6bf1', 'KALTAKQUISE', 'ACTIVE', 0, 'Funktion: Geschäftsführer/in (CEO) | Mitarbeiter: 1 bis 10 | Branche: Textil- & Möbelindustrie | Rechtsform: Gesellschaft mit beschränkter Haftung'),
('13be3734-321a-4b8d-bdd4-ea930bf3be97', 'f8968ef3-06f6-450c-91c3-7d3e29d9f5c7', 'KALTAKQUISE', 'ACTIVE', 0, 'Funktion: Geschäftsführer/in (CEO) | Mitarbeiter: 1 bis 10 | Branche: Gartenbau & -pflege'),
('7e00d597-c768-4387-b35c-f0817a84c86c', 'c73b1a17-083f-4502-915a-b9646a177d85', 'KALTAKQUISE', 'ACTIVE', 0, 'Funktion: Geschäftsführer/in (CEO) | Mitarbeiter: 1 bis 10 | Branche: Architekturbüros'),
('0a0889c5-8b22-4609-a241-1c55c5dea31c', 'd9650b62-860b-4048-8ed6-a814a492fbc8', 'KALTAKQUISE', 'ACTIVE', 0, 'Funktion: Geschäftsführer/in (CEO) | Mitarbeiter: 1 bis 10 | Branche: Gartenbau & -pflege'),
('5f59f180-e3b5-4cc7-8342-027e28bc5e00', 'd9a5e5a8-598e-468c-9b25-2250e70acbbc', 'KALTAKQUISE', 'ACTIVE', 0, 'Funktion: Geschäftsführer/in (CEO) | Mitarbeiter: 1 bis 10 | Branche: Bau- & Projektmanagement / General- & Totalunternehmungen / Immobilienvermittlung / Bauherrenvertretung | Rechtsform: Aktiengesellschaft'),
('e63495f5-82ca-4fab-a1cb-e303bb219451', 'b5857682-f8d3-4504-a955-fac20e14481c', 'KALTAKQUISE', 'ACTIVE', 0, 'Funktion: Geschäftsführer/in (CEO) | Mitarbeiter: 1 bis 10 | Branche: Architekturbüros | Rechtsform: Aktiengesellschaft'),
('93a76873-ed49-4eb0-b80e-e1b5a849f057', 'ad6a9117-adf1-48a1-8864-55b1c8e43929', 'KALTAKQUISE', 'ACTIVE', 0, 'Funktion: Geschäftsführer/in (CEO) | Mitarbeiter: 1 bis 10 | Branche: Boden- & Plattenleger | Rechtsform: Einzelunternehmen'),
('14e8d431-a2d6-4839-853f-d1152c060ba8', 'bc0652d3-9295-4af5-88a4-5ff0e038e4ec', 'KALTAKQUISE', 'ACTIVE', 0, 'Funktion: Geschäftsführer/in (CEO) | Mitarbeiter: 1 bis 10 | Branche: Baugeschäfte | Rechtsform: Aktiengesellschaft'),
('f537d031-d15a-4c4e-be37-cb3cfb68ecc3', '96938598-f4ee-4e94-96a4-8771841da23b', 'KALTAKQUISE', 'ACTIVE', 0, 'Funktion: Geschäftsführer/in (CEO) | Mitarbeiter: 1 bis 10 | Branche: Treuhandbüros'),
('6875461e-0251-401c-a3f6-88fad5b3afae', '63731858-aef5-4b2a-bcaf-f67ce3295ba5', 'KALTAKQUISE', 'ACTIVE', 0, 'Funktion: Geschäftsführer/in (CEO) | Mitarbeiter: 1 bis 10 | Branche: Innenausstatter | Rechtsform: Aktiengesellschaft'),
('d1102a95-1b77-416c-9f1b-480eeefe419c', 'a997728a-6f40-40c2-bdf5-e83ebedcf052', 'KALTAKQUISE', 'ACTIVE', 0, 'Funktion: Geschäftsführer/in (CEO) | Mitarbeiter: 1 bis 10 | Branche: Architekturbüros'),
('a30cf0c6-3e4f-4c21-b228-139557c0a482', 'c52f4521-4374-4c5a-84a4-90a030f4efce', 'KALTAKQUISE', 'ACTIVE', 0, 'Funktion: Geschäftsführer/in (CEO) | Mitarbeiter: 1 bis 10 | Branche: Sanitär & Haustechnik / Nachhaltigkeitsbereich | Rechtsform: Gesellschaft mit beschränkter Haftung'),
('ec2109f9-60e6-4d8b-bf2d-990fa549864d', 'c04653a8-581f-4edb-87f0-67411226e2eb', 'KALTAKQUISE', 'ACTIVE', 0, 'Funktion: Geschäftsführer/in (CEO) | Mitarbeiter: 1 bis 10 | Branche: Schreinerei- & Holzbaubetriebe'),
('5e1bb6f0-175d-4e39-acb4-b028becc3f88', '2d47ebd8-6cd8-4a89-b5d2-41ced80c8bd7', 'KALTAKQUISE', 'ACTIVE', 0, 'Funktion: Geschäftsführer/in (CEO) | Mitarbeiter: 1 bis 10 | Branche: Architekturbüros | Rechtsform: Gesellschaft mit beschränkter Haftung'),
('ac88dd2c-a2bf-4184-bbb8-9f8650f17b00', '1c7c898b-ca15-4321-9b75-e24f97ae37cd', 'KALTAKQUISE', 'ACTIVE', 0, 'Funktion: Geschäftsführer/in (CEO) | Mitarbeiter: 1 bis 10 | Branche: Treuhandbüros | Rechtsform: Einzelunternehmen'),
('205abf66-341b-4133-aac2-d054c318b328', '1395bf35-ceaf-40a2-8d66-0c19ba5dd89a', 'KALTAKQUISE', 'ACTIVE', 0, 'Funktion: Geschäftsführer/in (CEO) | Mitarbeiter: 1 bis 10 | Branche: Unternehmensberater | Rechtsform: Einzelunternehmen'),
('84809521-6814-44bd-9e2e-030ed7bbb1a6', 'fca994d0-0a9b-4b85-8823-3f630b26ee7b', 'KALTAKQUISE', 'ACTIVE', 0, 'Funktion: Geschäftsführer/in (CEO) | Mitarbeiter: 1 bis 10 | Branche: Architekturbüros | Rechtsform: Gesellschaft mit beschränkter Haftung'),
('a0a11f7d-ba8b-4943-8e68-971164f20121', 'f5b2ab67-13e5-4865-ab43-0686e3b5bb38', 'KALTAKQUISE', 'ACTIVE', 0, 'Funktion: Geschäftsführer/in (CEO) | Mitarbeiter: 1 bis 10 | Branche: Werbeagenturen | Rechtsform: Gesellschaft mit beschränkter Haftung'),
('89196176-3b7a-48af-9fa3-8a477db362b7', '774c4270-eac7-4005-a416-bfd734fd515c', 'KALTAKQUISE', 'ACTIVE', 0, 'Funktion: Geschäftsführer/in (CEO) | Mitarbeiter: 1 bis 10 | Branche: Maler- & Gipsergeschäfte | Rechtsform: Einzelunternehmen'),
('db0ee9bb-b3a4-4359-80d3-b8dc70221545', 'b9a6fbb5-02c6-49c7-a729-43fef12af542', 'KALTAKQUISE', 'ACTIVE', 0, 'Funktion: Geschäftsführer/in (CEO) | Mitarbeiter: 1 bis 10 | Branche: Architekturbüros'),
('63f97191-4f99-4476-be9f-4a8d8db194dd', '50383a3f-79e4-4622-b992-3fddbc7b4262', 'KALTAKQUISE', 'ACTIVE', 0, 'Funktion: Geschäftsführer/in (CEO) | Mitarbeiter: 1 bis 10 | Branche: Schreinerei- & Holzbaubetriebe'),
('86832466-308d-4ac6-9cea-dccf6bac525d', '8ad04cfa-754f-4a6f-9d1a-e57f91faf81e', 'KALTAKQUISE', 'ACTIVE', 0, 'Funktion: Geschäftsführer/in (CEO) | Mitarbeiter: 1 bis 10 | Branche: Schreinerei- & Holzbaubetriebe'),
('394bd367-a55b-464b-b47e-6ffb724cd9b5', 'b8b36563-c9bb-4291-868a-7be252436f0a', 'KALTAKQUISE', 'ACTIVE', 0, 'Funktion: Geschäftsführer/in (CEO) | Mitarbeiter: 1 bis 10 | Branche: Treuhandbüros | Rechtsform: Gesellschaft mit beschränkter Haftung'),
('df41517e-3a39-40a8-b430-f90c1a2c055f', '50725958-caa7-46e5-b056-5379b5d6fe52', 'KALTAKQUISE', 'ACTIVE', 0, 'Funktion: Geschäftsführer/in (CEO) | Mitarbeiter: 1 bis 10 | Branche: Versicherungsbroker & -makler | Rechtsform: Gesellschaft mit beschränkter Haftung'),
('967f13bc-a5f9-4b2f-a654-114a81994ad0', '02d927fc-6226-48cc-804d-427034e78818', 'KALTAKQUISE', 'ACTIVE', 0, 'Funktion: Geschäftsführer/in (CEO) | Mitarbeiter: 1 bis 10 | Branche: Medizintechnik-Industrie | Rechtsform: Aktiengesellschaft'),
('d327b25e-72d2-4b2b-8890-23501af163de', 'f59aad44-2a18-459b-9702-1243759fe748', 'KALTAKQUISE', 'ACTIVE', 0, 'Funktion: Geschäftsführer/in (CEO) | Mitarbeiter: 1 bis 10 | Branche: Maler- & Gipsergeschäfte | Rechtsform: Einzelunternehmen'),
('a58a6ed5-0082-4026-a782-0dc9c8c08a54', 'bed46d02-8467-4981-9be9-e2d46092affa', 'KALTAKQUISE', 'ACTIVE', 0, 'Funktion: Geschäftsführer/in (CEO) | Mitarbeiter: 1 bis 10 | Branche: Gartenbau & -pflege | Rechtsform: Einzelunternehmen'),
('f3b7df12-695d-4a6c-a4a1-00c2af05cfe8', '5a36c709-c4db-4117-a439-f366b2a411b3', 'KALTAKQUISE', 'ACTIVE', 0, 'Funktion: Geschäftsführer/in (CEO) | Mitarbeiter: 1 bis 10 | Branche: Gartenbau & -pflege'),
('2e4c6834-1278-405c-b1ef-f01e84ab8598', '66fa9a61-38eb-49fe-b319-dbf52c83f233', 'KALTAKQUISE', 'ACTIVE', 0, 'Funktion: Geschäftsführer/in (CEO) | Mitarbeiter: 1 bis 10 | Branche: Nachhaltigkeitsbereich / Sanitär & Haustechnik / Solar & Photovoltaik | Rechtsform: Gesellschaft mit beschränkter Haftung'),
('431cf7dc-75ab-4676-af9b-298defe4fb77', '4a818fe1-cc3c-4314-b2c8-9f1610748a64', 'KALTAKQUISE', 'ACTIVE', 0, 'Funktion: Geschäftsführer/in (CEO) | Mitarbeiter: 1 bis 10 | Branche: Schreinerei- & Holzbaubetriebe | Rechtsform: Aktiengesellschaft'),
('e8adca74-e786-4d3c-8c89-c32e89b52312', '5a221713-857a-4565-a6a4-a1299fc8995c', 'KALTAKQUISE', 'ACTIVE', 0, 'Funktion: Geschäftsführer/in (CEO) | Mitarbeiter: 1 bis 10 | Branche: IT Unternehmen | Rechtsform: Gesellschaft mit beschränkter Haftung'),
('bc6032d9-3749-4131-a41e-6773ca28dd65', '0dbbb0db-983a-41e6-8e7e-ad3a207ed47c', 'KALTAKQUISE', 'ACTIVE', 0, 'Funktion: Geschäftsführer/in (CEO) | Mitarbeiter: 1 bis 10 | Branche: Werbeagenturen | Rechtsform: Einzelunternehmen'),
('344d3e15-522f-4fd6-b9ba-575a77158755', '58aae942-0596-4f94-9e02-c8237ed4cef6', 'KALTAKQUISE', 'ACTIVE', 0, 'Funktion: Geschäftsführer/in (CEO) | Mitarbeiter: 1 bis 10 | Branche: Schreinerei- & Holzbaubetriebe'),
('9fe6bd49-4010-4cbe-a6ff-b21431025342', '84eb988a-a113-4166-96c5-95a62336abec', 'KALTAKQUISE', 'ACTIVE', 0, 'Funktion: Geschäftsführer/in (CEO) | Mitarbeiter: 1 bis 10 | Branche: Logistik- & Transportunternehmen | Rechtsform: Aktiengesellschaft'),
('5c56229f-801f-4a7a-bfb2-60d290ab6e88', '90c0bc1e-fe23-45e8-ad9d-23a0565c6470', 'KALTAKQUISE', 'ACTIVE', 0, 'Funktion: Geschäftsführer/in (CEO) | Mitarbeiter: 11 bis 20 | Branche: Schreinerei- & Holzbaubetriebe | Rechtsform: Aktiengesellschaft'),
('e4b8858c-ec88-415f-b9b0-ca9dad8d6b48', '5a9932ed-d319-4cc5-ae0c-afe039d88c92', 'KALTAKQUISE', 'ACTIVE', 0, 'Funktion: Geschäftsführer/in (CEO) | Mitarbeiter: 21 bis 50 | Branche: Gartenbau & -pflege | Rechtsform: Aktiengesellschaft'),
('00afb9d7-e114-4d00-b923-bdd498b8e6f2', 'e68e702b-740f-45b1-bb9e-874573e21ec2', 'KALTAKQUISE', 'ACTIVE', 0, 'Funktion: Geschäftsführer/in (CEO) | Mitarbeiter: 1 bis 10 | Branche: Maler- & Gipsergeschäfte | Rechtsform: Einzelunternehmen'),
('d7cdd1ba-5715-447a-9a1f-f551f1d9aa64', '24c476bf-5d98-43cc-ba9e-d75ea1880e9f', 'KALTAKQUISE', 'ACTIVE', 0, 'Funktion: Geschäftsführer/in (CEO) | Mitarbeiter: 1 bis 10 | Branche: Bauingenieurbüros | Rechtsform: Aktiengesellschaft'),
('aceefd72-e41f-492d-920a-bab5e5604c9a', '3967800e-72ad-4b44-8c34-c5cca310fc48', 'KALTAKQUISE', 'ACTIVE', 0, 'Funktion: Geschäftsführer/in (CEO) | Mitarbeiter: 1 bis 10 | Branche: Sanitär & Haustechnik'),
('34621a8a-a158-4edc-b7be-07b7bb65e414', 'badb574d-96f6-47c4-bd10-7062f83d5ecd', 'KALTAKQUISE', 'ACTIVE', 0, 'Funktion: Geschäftsführer/in (CEO) | Mitarbeiter: 1 bis 10 | Branche: Textil- & Möbelindustrie / Schreinerei- & Holzbaubetriebe | Rechtsform: Gesellschaft mit beschränkter Haftung'),
('81430e10-c3dd-4c70-a2cc-a75532873120', '420dc625-1e12-49c0-9270-1f35b02d0f68', 'KALTAKQUISE', 'ACTIVE', 0, 'Funktion: Leitung Ohren-Bereich | Mitarbeiter: 51 bis 100 | Branche: HNO-Arztpraxen | Rechtsform: Aktiengesellschaft'),
('9e00806d-9116-4e27-ad1c-eb6694b26ca7', 'bd54e076-f3d6-4670-9f08-2e449d5d2791', 'KALTAKQUISE', 'ACTIVE', 0, 'Funktion: Geschäftsführer/in (CEO) | Mitarbeiter: 1 bis 10 | Branche: Tierarztpraxen | Rechtsform: Gesellschaft mit beschränkter Haftung'),
('b8057795-c9c4-46ed-ae2c-5ec1a3695778', '9ba47588-7c9c-46fd-b408-998b4cc8f977', 'KALTAKQUISE', 'ACTIVE', 0, 'Funktion: Geschäftsführer/in (CEO) | Mitarbeiter: 1 bis 10 | Branche: Maler- & Gipsergeschäfte | Rechtsform: Aktiengesellschaft'),
('6b932d7f-f1d9-4510-8680-3181a6d65ca0', '0d2ef47b-55df-40f5-a63d-815fbca4178d', 'KALTAKQUISE', 'ACTIVE', 0, 'Funktion: Geschäftsführer/in (CEO) | Mitarbeiter: 1 bis 10 | Branche: Architekturbüros | Rechtsform: Aktiengesellschaft'),
('18586ab1-4814-4e49-8dd3-3e6530d0f954', '6e1604e8-5956-48e7-bcb3-2560162b8a63', 'KALTAKQUISE', 'ACTIVE', 0, 'Funktion: Geschäftsführer/in (CEO) | Mitarbeiter: 21 bis 50 | Branche: Uhrenindustrie | Rechtsform: Aktiengesellschaft'),
('90d0f9a2-d3fb-4937-9304-a0b254079b65', '66af128c-c4f6-4432-b22a-ae778846e827', 'KALTAKQUISE', 'ACTIVE', 0, 'Funktion: Geschäftsführer/in (CEO) | Mitarbeiter: 1 bis 10 | Branche: Architekturbüros | Rechtsform: Gesellschaft mit beschränkter Haftung'),
('44f2d99c-b1e7-421e-a802-bfb7aa29bd61', '170cc464-cda5-4c97-b435-27b9f54ccbe0', 'KALTAKQUISE', 'ACTIVE', 0, 'Funktion: Geschäftsführer/in (CEO) | Mitarbeiter: 1 bis 10 | Branche: Gartenbau & -pflege | Rechtsform: Gesellschaft mit beschränkter Haftung'),
('dd313a73-7ec5-4949-9a93-f0a2eaacd5eb', 'b8cc228a-84fb-4607-9ab1-3b7ca427b4e0', 'KALTAKQUISE', 'ACTIVE', 0, 'Funktion: Geschäftsführer/in (CEO) | Mitarbeiter: 1 bis 10 | Branche: Sanitär & Haustechnik / Solar & Photovoltaik | Rechtsform: Einzelunternehmen'),
('703cf52e-c331-4fbf-8f14-e433cd0b6bc4', '04305ee6-7f9b-4b03-99fe-50e5fcaf7c97', 'KALTAKQUISE', 'ACTIVE', 0, 'Funktion: Geschäftsführer/in (CEO) | Mitarbeiter: 1 bis 10 | Branche: Schreinerei- & Holzbaubetriebe'),
('f67a9d50-7b8c-44e9-afce-2b8c73ad9983', '8f016e39-aa11-465c-8b1e-56d4c6ab7255', 'KALTAKQUISE', 'ACTIVE', 0, 'Funktion: Geschäftsführer/in (CEO) | Mitarbeiter: 1 bis 10 | Branche: Physiotherapie'),
('b53de07b-13a4-4220-86ac-6e751ffb7ad8', '9813c871-300e-43c2-bc2c-42f34364d94e', 'KALTAKQUISE', 'ACTIVE', 0, 'Funktion: Geschäftsführer/in (CEO) | Mitarbeiter: 1 bis 10 | Branche: Facility Management & Reinigungsfirmen | Rechtsform: Gesellschaft mit beschränkter Haftung'),
('e4d631f2-b91c-409c-8af2-a1ceec1f51a6', 'f5ecc927-8085-4904-90dc-5106d350b297', 'KALTAKQUISE', 'ACTIVE', 0, 'Funktion: Geschäftsführer/in (CEO) | Mitarbeiter: 1 bis 10 | Branche: Schreinerei- & Holzbaubetriebe'),
('c7a18256-d375-406e-b673-da07fb12e9fb', 'e8dc7cec-ce91-4c51-8d71-5a323d8fd3d6', 'KALTAKQUISE', 'ACTIVE', 0, 'Funktion: Geschäftsführer/in (CEO) | Mitarbeiter: 1 bis 10 | Branche: Sanitär & Haustechnik'),
('37d5a9d1-0f26-4d0d-9e81-da7c605fd0ea', '7e334e94-5779-490f-bb3a-44c6a9616257', 'KALTAKQUISE', 'ACTIVE', 0, 'Funktion: Geschäftsführer/in (CEO) | Mitarbeiter: 1 bis 10 | Branche: Maler- & Gipsergeschäfte | Rechtsform: Gesellschaft mit beschränkter Haftung'),
('94a7d9bf-7c12-4b81-afd9-4581a448681c', '36e1007a-3fca-4287-b492-c16bb6f151a1', 'KALTAKQUISE', 'ACTIVE', 0, 'Funktion: Geschäftsführer/in (CEO) | Mitarbeiter: 1 bis 10 | Branche: Druckereibetriebe'),
('89c73674-0f14-4a53-b9a9-53320f4ba64d', 'baa919f3-55b6-4146-b722-33e638bc7287', 'KALTAKQUISE', 'ACTIVE', 0, 'Funktion: Geschäftsführer/in (CEO) | Mitarbeiter: 1 bis 10 | Branche: Architekturbüros'),
('5f59ef35-0863-4464-96c4-b495591b8148', '35906eb6-9043-4d9f-946e-b3bd3777ea92', 'KALTAKQUISE', 'ACTIVE', 0, 'Funktion: Geschäftsführer/in (CEO) | Mitarbeiter: 1 bis 10 | Branche: Atem- Meditation- & Yogacenter | Rechtsform: Einzelunternehmen'),
('e11ed9a0-81f6-44d2-a8ad-b9ae092bfc46', '8d01be9f-61dc-4372-b9a7-575a4d20b173', 'KALTAKQUISE', 'ACTIVE', 0, 'Funktion: Geschäftsführer/in (CEO) | Mitarbeiter: 11 bis 20 | Branche: Elektroplanung & Installation | Rechtsform: Aktiengesellschaft'),
('6e8455f2-ad18-44fc-81b0-db17d35301dc', '5b287151-8277-4d88-9710-fc3276a08a71', 'KALTAKQUISE', 'ACTIVE', 0, 'Funktion: Geschäftsführer/in (CEO) | Mitarbeiter: 1 bis 10 | Branche: Schreinerei- & Holzbaubetriebe'),
('97d46a17-9d96-4630-a002-b92ae50d46d1', '48652094-5897-40bf-9eed-639943e2b9da', 'KALTAKQUISE', 'ACTIVE', 0, 'Funktion: Geschäftsführer/in (CEO) | Mitarbeiter: 101 bis 500 | Branche: Maschinenbauindustrie / Top 2''000 CH-Unternehmen | Rechtsform: Aktiengesellschaft'),
('13aad9f7-036c-49a5-8a36-9e96ddfd1e5c', '3723e037-928a-451c-80ab-3a283e829173', 'KALTAKQUISE', 'ACTIVE', 0, 'Funktion: Geschäftsführer/in (CEO) | Mitarbeiter: 1 bis 10 | Branche: Nachhaltigkeitsbereich | Rechtsform: Gesellschaft mit beschränkter Haftung'),
('f060e61b-91ba-44b1-9a2e-fd51170b4996', '384b4ef0-3ef6-4834-bfd2-3d1fcc50dea7', 'KALTAKQUISE', 'ACTIVE', 0, 'Funktion: Geschäftsführer/in (CEO) | Mitarbeiter: 1 bis 10 | Branche: Textil- & Möbelindustrie | Rechtsform: Gesellschaft mit beschränkter Haftung'),
('ec14b606-b8b6-49d3-b680-36c18dee02ff', '60995fc9-6f5b-473e-b50e-4ee1ee7836c5', 'KALTAKQUISE', 'ACTIVE', 0, 'Funktion: Geschäftsführer/in (CEO) | Mitarbeiter: 1 bis 10 | Branche: Restaurants'),
('ed2e6f5c-2ec4-4c9a-9785-5e84bed07859', 'a45ea2eb-a4cb-4c1a-8488-74bbd812547c', 'KALTAKQUISE', 'ACTIVE', 0, 'Funktion: Geschäftsführer/in (CEO) | Mitarbeiter: 1 bis 10 | Branche: Camping | Rechtsform: Einzelunternehmen'),
('e3d030c4-d0ca-45a2-aeb0-4b0a34d6085e', '8f72e53d-48a7-4c22-a525-1a499f6a6224', 'KALTAKQUISE', 'ACTIVE', 0, 'Funktion: Geschäftsführer/in (CEO) | Mitarbeiter: 1 bis 10 | Branche: Maler- & Gipsergeschäfte | Rechtsform: Gesellschaft mit beschränkter Haftung'),
('f14025bf-239b-4131-826b-106646fe11b7', '54876cf9-3f26-44ca-979d-60cd53e455ad', 'KALTAKQUISE', 'ACTIVE', 0, 'Funktion: Geschäftsführer/in (CEO) | Mitarbeiter: 1 bis 10 | Branche: Boden- & Plattenleger'),
('8d01fbe7-5cef-4ad6-b66f-36748199199f', 'd3b6c5bc-d76e-4925-a810-38bd3e03df75', 'KALTAKQUISE', 'ACTIVE', 0, 'Funktion: Geschäftsführer/in (CEO) | Mitarbeiter: 1 bis 10 | Branche: Gartenbau & -pflege'),
('b2591e2d-8906-4b66-945e-c010b5b25334', '43c8eb06-236c-446e-a0bd-b9e78bccb547', 'KALTAKQUISE', 'ACTIVE', 0, 'Funktion: Geschäftsführer/in (CEO) | Mitarbeiter: 1 bis 10 | Branche: Architekturbüros'),
('8e295193-1eab-477f-b134-31c3809f49f5', '8b8a248c-6168-4695-ab1b-fde5e28bb5ff', 'KALTAKQUISE', 'ACTIVE', 0, 'Funktion: Geschäftsführer/in (CEO) | Mitarbeiter: 11 bis 20 | Branche: Online Shops | Rechtsform: Gesellschaft mit beschränkter Haftung'),
('f585e07e-f9bc-4e5a-bd48-1cce5273b75e', '4cd3ddc8-b4ba-4687-8f0e-2ee650af7653', 'KALTAKQUISE', 'ACTIVE', 0, 'Funktion: Geschäftsführer/in (CEO) | Mitarbeiter: 1 bis 10 | Branche: Online Shops / Getränkeindustrie'),
('c952c0be-2378-4987-85e3-270ef2248e55', 'd3a016a8-6598-40c3-843c-60339fe596c5', 'KALTAKQUISE', 'ACTIVE', 0, 'Funktion: Geschäftsführer/in (CEO) | Mitarbeiter: 1 bis 10 | Branche: Restaurants'),
('496b7577-d4ef-4938-a4e2-1920db623ea7', '3d1a2399-0afb-4f58-9ab2-80e6b7d157e6', 'KALTAKQUISE', 'ACTIVE', 0, 'Funktion: Geschäftsführer/in (CEO) | Mitarbeiter: 1 bis 10 | Branche: Fitnessstudios | Rechtsform: Einzelunternehmen'),
('1e5dc1f0-6325-4cce-a521-b6fa422225f1', 'd7e7f112-9f16-4871-9b36-71f563d2c5d4', 'KALTAKQUISE', 'ACTIVE', 0, 'Funktion: Gesamtleitung/Direktion | Mitarbeiter: 1 bis 10 | Branche: Beherbergungsstätten'),
('313a67e9-ba3f-4d53-8177-846cd0a851a8', '76044851-1b2f-425a-be00-3497550e04ba', 'KALTAKQUISE', 'ACTIVE', 0, 'Funktion: Geschäftsführer/in (CEO) | Mitarbeiter: 11 bis 20 | Branche: Energieindustrie | Rechtsform: Aktiengesellschaft'),
('81f93197-a79c-4c30-9466-d107fa78abde', '02969d91-169e-41a2-8275-7071eb56f196', 'KALTAKQUISE', 'ACTIVE', 0, 'Funktion: Geschäftsführer/in (CEO) | Mitarbeiter: 1 bis 10 | Branche: Atem- Meditation- & Yogacenter'),
('7466eced-3059-4376-bd56-e9497bb742de', 'fe04ea28-6107-4fba-98bf-b36dbf63eaa1', 'KALTAKQUISE', 'ACTIVE', 0, 'Funktion: Geschäftsführer/in (CEO) | Mitarbeiter: 1 bis 10 | Branche: Sanitär & Haustechnik | Rechtsform: Aktiengesellschaft'),
('84bd01b3-0744-436b-a1dc-20307b82a236', 'a771c10a-732e-479d-b523-32097a622ff4', 'KALTAKQUISE', 'ACTIVE', 0, 'Funktion: Geschäftsführer/in (CEO) | Mitarbeiter: 1 bis 10 | Branche: Catering'),
('3f12161d-bf30-4a2c-a02a-f9e9cfb699e3', 'bc5d2a52-6fc4-4c3c-a523-48536f8327b2', 'KALTAKQUISE', 'ACTIVE', 0, 'Funktion: Geschäftsführer/in (CEO) | Mitarbeiter: 1 bis 10 | Branche: Unternehmensberater | Rechtsform: Aktiengesellschaft'),
('c6e40ee0-4231-4a90-80ad-85e7786d6aaa', 'f6e587b6-0f24-4eb2-b260-2dc13c34bb5b', 'KALTAKQUISE', 'ACTIVE', 0, 'Funktion: Geschäftsführer/in (CEO) | Mitarbeiter: 21 bis 50 | Branche: Apotheken & Drogerien / Testcenter'),
('5cafa470-6c0b-412e-b59e-5eeb2c8553af', '1c060a45-c782-41d5-93ae-492b7e9dec62', 'KALTAKQUISE', 'ACTIVE', 0, 'Funktion: Geschäftsführer/in (CEO) | Mitarbeiter: 11 bis 20 | Branche: IT Unternehmen | Rechtsform: Aktiengesellschaft'),
('6a954b56-f94d-41e8-b7e5-2a8fb13fd846', '5db879dc-b21a-4d11-9a8a-abf914c4913d', 'KALTAKQUISE', 'ACTIVE', 0, 'Funktion: Geschäftsführer/in (CEO) | Mitarbeiter: 1 bis 10 | Branche: Architekturbüros'),
('4fdc2c0b-5800-4020-a249-dedd0bcff4a8', '6942b103-e119-4424-8193-fc90399c37af', 'KALTAKQUISE', 'ACTIVE', 0, 'Funktion: Geschäftsführer/in (CEO) | Mitarbeiter: 1 bis 10 | Branche: Elektroplanung & Installation | Rechtsform: Gesellschaft mit beschränkter Haftung'),
('2636a406-6e30-4831-9561-2cee64cbd4a3', '50577893-1d4f-4a15-b8bd-2658fb87843a', 'KALTAKQUISE', 'ACTIVE', 0, 'Funktion: Geschäftsführer/in (CEO) | Mitarbeiter: 1 bis 10 | Branche: Online Shops | Rechtsform: Gesellschaft mit beschränkter Haftung'),
('9410bc46-4f34-43cc-8357-1c4efdd67207', '8683d638-c3da-45bf-80f2-3cc76ef95a61', 'KALTAKQUISE', 'ACTIVE', 0, 'Funktion: Geschäftsführer/in (CEO) | Mitarbeiter: 1 bis 10 | Branche: Kosmetikstudios'),
('a314c410-9af6-4fa4-b35b-3df8c4e4d637', 'bd5dd92d-1350-4b94-ad48-cecafe3337fc', 'KALTAKQUISE', 'ACTIVE', 0, 'Funktion: Geschäftsführer/in (CEO) | Mitarbeiter: 1 bis 10 | Branche: Coiffeursalons'),
('ff4c9149-6b55-43a8-9d72-6f438b1cc3fd', '906d8878-bfb2-43a0-a12c-867731f0be25', 'KALTAKQUISE', 'ACTIVE', 0, 'Funktion: Geschäftsführer/in (CEO) | Mitarbeiter: 1 bis 10 | Branche: Clubs, Bars & Eventlocations'),
('c9d93650-6172-4267-ab5e-b6f8a7658053', 'e73a70f4-d7f3-41b7-a893-e54b447271a7', 'KALTAKQUISE', 'ACTIVE', 0, 'Funktion: Geschäftsführer/in (CEO) | Mitarbeiter: 11 bis 20 | Branche: Online Shops | Rechtsform: Aktiengesellschaft'),
('702f08a4-a686-4f5f-8394-d19fd260da10', 'cd447cd8-cc83-46db-ac8e-b8d1937f32f0', 'KALTAKQUISE', 'ACTIVE', 0, 'Funktion: Geschäftsführer/in (CEO) | Mitarbeiter: 11 bis 20 | Branche: Coiffeursalons'),
('882363e8-ff18-4c0f-aa9f-28ca96ff614f', '25f0a1c7-208d-449b-a8fc-46229a839d49', 'KALTAKQUISE', 'ACTIVE', 0, 'Funktion: Geschäftsführer/in (CEO) | Mitarbeiter: 1 bis 10 | Branche: Immobilienverwaltung / Immobilienvermittlung / Bauherrenvertretung | Rechtsform: Gesellschaft mit beschränkter Haftung'),
('2103061a-04fc-44b2-a5e2-a68371628e58', '6e2c6514-94e0-43a2-bf46-05efc6ee975d', 'KALTAKQUISE', 'ACTIVE', 0, 'Funktion: Geschäftsführer/in (CEO) | Mitarbeiter: 1 bis 10 | Branche: Naturheilpraxen'),
('08a7b287-d4a1-444b-8d76-2aa3dcebedcd', 'c1bf5e4b-e975-4444-bef8-7339fd805c2a', 'KALTAKQUISE', 'ACTIVE', 0, 'Funktion: Geschäftsführer/in (CEO) | Mitarbeiter: 1 bis 10 | Branche: Coiffeursalons'),
('98ebccb8-3bca-43a9-a9d3-792cc5aa7e82', 'bbb473df-748f-4a49-8697-8259913bc1af', 'KALTAKQUISE', 'ACTIVE', 0, 'Funktion: Geschäftsführer/in (CEO) | Mitarbeiter: 1 bis 10 | Branche: Naturheilpraxen | Rechtsform: Einzelunternehmen'),
('e7689c9a-08ad-4877-a86b-abf94f7addca', '77553a52-7ea3-47c4-82e1-75622bc56bc8', 'KALTAKQUISE', 'ACTIVE', 0, 'Funktion: Geschäftsführer/in (CEO) | Mitarbeiter: 1 bis 10 | Branche: Atem- Meditation- & Yogacenter'),
('9197323f-c544-4405-96e8-7b153d8ff506', 'aea6d720-6f0b-412c-a1fb-f74b47d74252', 'KALTAKQUISE', 'ACTIVE', 0, 'Funktion: Geschäftsführer/in (CEO) | Mitarbeiter: 11 bis 20 | Branche: Chemieindustrie | Rechtsform: Einzelunternehmen'),
('a1c0ea93-4d5f-4de8-be6c-929c4c20123e', '19777b58-be78-46b0-ae9f-3918f7a32342', 'KALTAKQUISE', 'ACTIVE', 0, 'Funktion: Geschäftsführer/in (CEO) | Mitarbeiter: 1 bis 10 | Branche: Coiffeursalons'),
('2709b08a-00eb-4c26-bd91-1238f2110d71', 'ff0021d6-6775-4dc8-96d4-27863b1fb667', 'KALTAKQUISE', 'ACTIVE', 0, 'Funktion: Geschäftsführer/in (CEO) | Mitarbeiter: 21 bis 50 | Branche: Lebensmittelverarbeitung / Nachhaltigkeitsbereich | Rechtsform: Aktiengesellschaft'),
('e60a4cbf-f223-4577-8f5a-6c64043cc461', 'c28da77b-c92d-42f8-853d-0e36c47c7b41', 'KALTAKQUISE', 'ACTIVE', 0, 'Funktion: Geschäftsführer/in (CEO) | Mitarbeiter: 1 bis 10 | Branche: Atem- Meditation- & Yogacenter'),
('f7ccc4f9-8ca1-4bff-b5e9-f8505e5044b1', '6fc7368c-60a4-48be-82c4-3699d683c936', 'KALTAKQUISE', 'ACTIVE', 0, 'Funktion: Geschäftsführer/in (CEO) | Mitarbeiter: 1 bis 10 | Branche: Atem- Meditation- & Yogacenter'),
('5b41733e-8ec1-4bf4-a3de-f1065fedf5af', '0cb3f99a-1bce-4744-9060-cb1efa0e158a', 'KALTAKQUISE', 'ACTIVE', 0, 'Funktion: Geschäftsführer/in (CEO) | Mitarbeiter: 1 bis 10 | Branche: Atem- Meditation- & Yogacenter'),
('6d009863-6c91-4ea9-a9d9-6366c255dcc1', 'e90781fc-c045-470e-bf74-e7b22e86dee3', 'KALTAKQUISE', 'ACTIVE', 0, 'Funktion: Geschäftsführer/in (CEO) | Mitarbeiter: 1 bis 10 | Branche: Atem- Meditation- & Yogacenter'),
('8cf17bdd-db9c-4141-a5f3-1e058027dd88', 'f744af34-c5f4-46db-855d-acba0ce04401', 'KALTAKQUISE', 'ACTIVE', 0, 'Funktion: Geschäftsführer/in (CEO) | Mitarbeiter: 1 bis 10 | Branche: Lebensmittelverarbeitung | Rechtsform: Gesellschaft mit beschränkter Haftung'),
('86d1211d-eef3-4c6f-be89-5dc62a0a3f78', '554dda37-694c-4ef9-b4f9-454d3786e0c5', 'KALTAKQUISE', 'ACTIVE', 0, 'Funktion: Geschäftsführer/in (CEO) | Mitarbeiter: 1 bis 10 | Branche: Atem- Meditation- & Yogacenter'),
('0f264e3e-3a0d-4bae-9aa1-b9d38b459bd2', '7c939e4f-307f-46c5-8565-f2dc3d330700', 'KALTAKQUISE', 'ACTIVE', 0, 'Funktion: Geschäftsführer/in (CEO) | Mitarbeiter: 1 bis 10 | Branche: Physiotherapie'),
('60eb3575-b2c4-4186-a910-02160cb0bb93', '73fe06e8-8942-47f6-ba75-2b2fa8263ca0', 'KALTAKQUISE', 'ACTIVE', 0, 'Funktion: Geschäftsführer/in (CEO) | Mitarbeiter: 1 bis 10 | Branche: Werbeagenturen | Rechtsform: Aktiengesellschaft'),
('c493d6ce-8268-486b-b649-8ffe5551520d', '418f9300-d3f0-4c80-98ef-5cdfbb5c672a', 'KALTAKQUISE', 'ACTIVE', 0, 'Funktion: Geschäftsführer/in (CEO) | Mitarbeiter: 1 bis 10 | Branche: Gartenbau & -pflege'),
('36bc73e1-5d0c-4dc0-a054-8cc4df469be3', '8052c21f-9a2b-4359-871f-a81e0e663afd', 'KALTAKQUISE', 'ACTIVE', 0, 'Funktion: Geschäftsführer/in (CEO) | Mitarbeiter: 1 bis 10 | Branche: Bauingenieurbüros'),
('e5043321-1074-43f9-891c-daa6aa3be88d', 'b3207981-634f-4d99-93a8-0cb79ad67135', 'KALTAKQUISE', 'ACTIVE', 0, 'Funktion: Geschäftsführer/in (CEO) | Mitarbeiter: 1 bis 10 | Branche: Maler- & Gipsergeschäfte | Rechtsform: Einzelunternehmen'),
('3c49b157-f0d7-47a3-97af-adadc25e66f8', '7f6590fb-4f38-43e6-9fe6-a23f4f5cc2fb', 'KALTAKQUISE', 'ACTIVE', 0, 'Funktion: Geschäftsführer/in (CEO) | Mitarbeiter: 1 bis 10 | Branche: Boden- & Plattenleger'),
('653b79b2-1890-42a2-8f52-b4b56fcc73f7', 'f04ad7e2-f094-4c31-9c6e-66bf92d89453', 'KALTAKQUISE', 'ACTIVE', 0, 'Funktion: Geschäftsführer/in (CEO) | Mitarbeiter: 1 bis 10 | Branche: Personalvermittler & -berater | Rechtsform: Kollektivgesellschaft'),
('c662232a-c99d-4438-8426-7acff9396393', '05ac65ec-9047-4830-9ce1-1b050eaa17cc', 'KALTAKQUISE', 'ACTIVE', 0, 'Funktion: Geschäftsführer/in (CEO) | Mitarbeiter: 1 bis 10 | Branche: Clubs, Bars & Eventlocations'),
('01ee5ffe-3f3c-485c-8d3c-520372ea4b99', '49738c3c-3fc6-4ea0-813b-bf00f0efee93', 'KALTAKQUISE', 'ACTIVE', 0, 'Funktion: Geschäftsführer/in (CEO) | Mitarbeiter: 1 bis 10 | Branche: Coiffeursalons | Rechtsform: Einzelunternehmen'),
('f4b5003f-f268-4e7b-90e0-2fc3cd9d1f28', '1fc578ca-f7d9-4f56-8334-b8c6d8fd8126', 'KALTAKQUISE', 'ACTIVE', 0, 'Funktion: Geschäftsführer/in (CEO) | Mitarbeiter: 1 bis 10 | Branche: Facility Management & Reinigungsfirmen'),
('62d0d52e-e09f-4e2c-9915-427340f103f0', 'e4d4f0e2-52fb-49fc-b275-1abedf2ff04c', 'KALTAKQUISE', 'ACTIVE', 0, 'Funktion: Geschäftsführer/in (CEO) | Mitarbeiter: 1 bis 10 | Branche: Kosmetikstudios'),
('7a57aaca-d0a2-4946-8994-c53d58234672', 'a3d22701-fa48-4505-b754-5f9051bc3770', 'KALTAKQUISE', 'ACTIVE', 0, 'Funktion: Geschäftsführer/in (CEO) | Mitarbeiter: 1 bis 10 | Branche: Atem- Meditation- & Yogacenter'),
('4a1a2622-d14d-484c-aa3f-4a0efb5e9316', '566c9d42-0991-4c66-a432-98cbe3971b32', 'KALTAKQUISE', 'ACTIVE', 0, 'Funktion: Geschäftsführer/in (CEO) | Mitarbeiter: 11 bis 20 | Branche: Online Shops | Rechtsform: Aktiengesellschaft'),
('7f222318-914f-4614-969d-ddf8fb3c7847', '7fcce574-0209-4e92-bad6-2348bf7db04d', 'KALTAKQUISE', 'ACTIVE', 0, 'Funktion: Geschäftsführer/in (CEO) | Mitarbeiter: 1 bis 10 | Branche: Gartenbau & -pflege'),
('1491a6a9-5e79-4c60-a9e9-a6fbb33d6ad4', '3237e5bd-addc-41d3-81c9-9054841f7069', 'KALTAKQUISE', 'ACTIVE', 0, 'Funktion: Geschäftsführer/in (CEO) | Mitarbeiter: 1 bis 10 | Branche: Pensionskassen | Rechtsform: Stiftung'),
('9468477f-f3d2-41ed-aedc-b8082f32979f', '28a35995-c7ac-4272-8df4-5df40311971b', 'KALTAKQUISE', 'ACTIVE', 0, 'Funktion: Geschäftsführer/in (CEO) | Mitarbeiter: 101 bis 500 | Branche: Pensionskassen | Rechtsform: Stiftung'),
('5fb797d1-3c37-4871-a72b-e748096a1e6d', '9f48dbd6-dcfc-456b-ae9f-96192d1741dd', 'KALTAKQUISE', 'ACTIVE', 0, 'Funktion: Geschäftsführer/in (CEO) | Mitarbeiter: Mehr als 500 | Branche: Nachhaltigkeitsbereich'),
('0a63df7a-1c6e-43d5-a035-48a35acf85c4', '10872aab-0c0f-43f2-b1ec-71b49c61a9bb', 'KALTAKQUISE', 'ACTIVE', 0, 'Funktion: Geschäftsführer/in (CEO) | Mitarbeiter: 1 bis 10 | Branche: Naturheilpraxen'),
('fcf3eb62-b70f-4994-86db-e4ed0736c331', 'b441ea26-dbf8-4928-a240-fe37bba58208', 'KALTAKQUISE', 'ACTIVE', 0, 'Funktion: Geschäftsführer/in (CEO) | Mitarbeiter: 1 bis 10 | Branche: Arztpraxen'),
('8d6e18c3-1e30-403f-8bd9-ec3d65f1b659', '2801b66a-9246-48ac-a26a-bc1cadb4666f', 'KALTAKQUISE', 'ACTIVE', 0, 'Funktion: Geschäftsführer/in (CEO) | Mitarbeiter: 1 bis 10 | Branche: Arztpraxen'),
('6b1f20ec-aee0-4cd3-9b51-0daeccfe9470', '8ed5d472-c337-483c-a705-b8245f92c367', 'KALTAKQUISE', 'ACTIVE', 0, 'Funktion: Geschäftsführer/in (CEO) | Mitarbeiter: 1 bis 10 | Branche: Arztpraxen'),
('9d103e4c-f3c6-4dcd-a65a-889dd96707f0', '1d7f57ac-c2a1-4f79-bf4c-10e0caf1d6c9', 'KALTAKQUISE', 'ACTIVE', 0, 'Funktion: Geschäftsführer/in (CEO) | Mitarbeiter: 1 bis 10 | Branche: Restaurants'),
('ea757d8f-6943-49d8-8f05-846109443c96', '62c85460-a54a-4e98-a7e3-698b4a354d01', 'KALTAKQUISE', 'ACTIVE', 0, 'Funktion: Geschäftsführer/in (CEO) | Mitarbeiter: 1 bis 10 | Branche: Restaurants'),
('a8d33731-5598-49e9-8d26-f674854da501', 'a9dfd001-13b4-49c4-8655-1b65b6ad63a3', 'KALTAKQUISE', 'ACTIVE', 0, 'Funktion: Geschäftsführer/in (CEO) | Mitarbeiter: 1 bis 10 | Branche: Restaurants | Rechtsform: Aktiengesellschaft'),
('24b388e4-6834-46d5-8213-b4e767278301', '0ab9237c-6383-435c-ac7b-169d5e3b32ee', 'KALTAKQUISE', 'ACTIVE', 0, 'Funktion: Geschäftsführer/in (CEO) | Mitarbeiter: 1 bis 10 | Branche: Atem- Meditation- & Yogacenter'),
('f71b7850-ddf1-44d3-94d2-01a5e5dbbbb7', '20e2898e-bae7-4393-a876-9f38c09907e7', 'KALTAKQUISE', 'ACTIVE', 0, 'Funktion: Geschäftsführer/in (CEO) | Mitarbeiter: 1 bis 10 | Branche: Sanitär & Haustechnik | Rechtsform: Aktiengesellschaft'),
('b0fc62c5-e9d7-43ac-b1b2-851e102e00f4', '352ff362-bb86-43ae-b1ed-b035cf034e07', 'KALTAKQUISE', 'ACTIVE', 0, 'Funktion: Geschäftsführer/in (CEO) | Mitarbeiter: 1 bis 10 | Branche: Schreinerei- & Holzbaubetriebe | Rechtsform: Gesellschaft mit beschränkter Haftung'),
('299fdfed-5e99-437a-9224-20d1d439fdc8', '19c59be9-efe2-4720-bf6d-e2520acc08e5', 'KALTAKQUISE', 'ACTIVE', 0, 'Funktion: Geschäftsführer/in (CEO) | Mitarbeiter: 1 bis 10 | Branche: Maler- & Gipsergeschäfte'),
('47a4b7e3-8eff-46b8-84f3-8b50567f255f', 'd4075104-aaac-4592-bcac-ef20d9bfdb62', 'KALTAKQUISE', 'ACTIVE', 0, 'Funktion: Geschäftsführer/in (CEO) | Mitarbeiter: 11 bis 20 | Branche: Maschinenbauindustrie | Rechtsform: Gesellschaft mit beschränkter Haftung'),
('acef6077-9061-480e-b309-8da7c07c27bc', '7732fc7f-4209-4700-9a01-ad512bee27d6', 'KALTAKQUISE', 'ACTIVE', 0, 'Funktion: Geschäftsführer/in (CEO) | Mitarbeiter: 1 bis 10 | Branche: Metallbauer | Rechtsform: Einzelunternehmen'),
('ff973a2d-da1c-46a9-9e25-cff3c71c116a', '2cb0b431-f8fb-4acb-81d1-feab85c5916a', 'KALTAKQUISE', 'ACTIVE', 0, 'Funktion: Geschäftsführer/in (CEO) | Mitarbeiter: 11 bis 20 | Branche: Online Shops | Rechtsform: Aktiengesellschaft'),
('5eba20ea-fd10-431f-ba94-1b6c83272e60', 'e9b1f42d-e1bc-4acb-979a-a0d173565c34', 'KALTAKQUISE', 'ACTIVE', 0, 'Funktion: Geschäftsführer/in (CEO) | Mitarbeiter: 1 bis 10 | Branche: Metallbauer | Rechtsform: Gesellschaft mit beschränkter Haftung'),
('8fbffe09-826c-441d-a2b7-aec3ba9393a7', '7ed75ce4-e53c-4828-9027-3c37090dc824', 'KALTAKQUISE', 'ACTIVE', 0, 'Funktion: Geschäftsführer/in (CEO) | Mitarbeiter: 1 bis 10 | Branche: Hofläden & Bauernhöfe'),
('011c48b4-b8ba-4ea7-82fc-6b87ae92dc01', '16fae73a-d185-4b2d-a649-c115ba12379f', 'KALTAKQUISE', 'ACTIVE', 0, 'Funktion: Geschäftsführer/in (CEO) | Mitarbeiter: 1 bis 10 | Branche: Hofläden & Bauernhöfe');

INSERT INTO lead_tags (lead_id, tag_id) VALUES
('46fa4a89-e8e1-459a-9b2c-f461ebabf123', 'ka-b2b'),
('83d7514f-f328-438f-baf9-a18d756f81b3', 'ka-b2b'),
('eb684707-7a8e-4190-9223-36ba1c22629f', 'ka-b2b'),
('ba7aea24-94e9-41ed-997e-b5e578dae2ff', 'ka-b2b'),
('55f12f7c-e624-44d7-aa76-53a0bf82ad81', 'ka-b2b'),
('8391b3fe-828a-4ec8-9bf0-57cabc5847ae', 'ka-b2b'),
('338b0b77-b651-4548-87cc-ed0e7aa4e6a3', 'ka-b2b'),
('7f3236a3-af31-46a6-afa8-4b85e170a892', 'ka-b2b'),
('514910a5-c50f-479f-9121-9313a753b7d3', 'ka-b2b'),
('cf18457d-3202-4d73-8ad5-2f233570643b', 'ka-b2b'),
('2e966d48-2e6b-4bef-bc71-68f1a8b4081d', 'ka-b2b'),
('d001b9a5-e785-4496-9fbf-2e1118d97467', 'ka-b2b'),
('87e27846-f87f-4395-8348-0fe136688b42', 'ka-b2b'),
('0ec57c38-0c3b-45d9-8d86-83221c40fee2', 'ka-b2b'),
('85092fa2-8d03-48ea-abd8-d38abb890404', 'ka-b2b'),
('38920b78-8691-42f6-9ceb-eb437a595a24', 'ka-b2b'),
('b9880e78-a587-490c-96ce-634eeb3845fd', 'ka-b2b'),
('b03b0f26-70d8-45cc-9020-394c6ae1e1e3', 'ka-b2b'),
('cccfa186-486e-49bf-a22c-5966a154172b', 'ka-b2b'),
('1013cce8-b861-4377-91f0-23ed618df93c', 'ka-b2b'),
('08c5ba73-1657-44a3-8d7e-8e0b07b0c9e9', 'ka-b2b'),
('6cff4ad1-2475-4060-ac20-a0200be2ca1a', 'ka-b2b'),
('6166a232-f43f-41e1-a3fc-924bd62165ae', 'ka-b2b'),
('5bd1d49b-18d8-4e80-b904-694d7cf67e06', 'ka-b2b'),
('c0220f20-2269-44c3-9d66-86af44d9906e', 'ka-b2b'),
('6868ccd2-5907-40ee-a2f9-65f6e06dd011', 'ka-b2b'),
('adf2ed2d-ea0f-4514-9bd8-106ec2d55cb0', 'ka-b2b'),
('132732ac-55fe-414d-9512-56b21ce64ae7', 'ka-b2b'),
('8f474006-16e1-4405-8882-3036ff357ca7', 'ka-b2b'),
('cad2223f-ea55-4849-9beb-32bd5bb10e09', 'ka-b2b'),
('0d553c6b-f7f1-44f6-89ed-cab1ded67872', 'ka-b2b'),
('30ff9671-0c64-473b-b6dd-19b63311c2cf', 'ka-b2b'),
('3827fc0c-8285-48cd-8f6d-1684037d09ed', 'ka-b2b'),
('822f902b-8a55-4395-8897-529e4945e44e', 'ka-b2b'),
('3afabe75-f38a-4b12-92c3-0050efa33d8b', 'ka-b2b'),
('b891cdc3-6911-4b6d-9f3c-eaef49fd70f9', 'ka-b2b'),
('046087f9-bd46-4991-8c53-d8d40e3da89c', 'ka-b2b'),
('9cbc64b0-48f0-477a-bd1e-036e68e6e8ba', 'ka-b2b'),
('8ebe71a7-10bd-41f5-988f-657ec12ff1ad', 'ka-b2b'),
('4bc2bbb7-7427-4852-b69b-94b030d5a32a', 'ka-b2b'),
('cea58035-e25d-4e53-9eb5-2b8154fddf6d', 'ka-b2b'),
('1f36957e-742e-4c5c-aa18-5a92cddc2c99', 'ka-b2b'),
('d42d4f89-f110-4bd0-97b7-17dba1ffc9ac', 'ka-b2b'),
('16c7d23e-5f7b-496f-98ca-813f8340ce50', 'ka-b2b'),
('a56c5f38-92fa-489d-8ff3-e7b89096fc47', 'ka-b2b'),
('17f14ea7-00ed-4529-95d2-88832b1b8239', 'ka-b2b'),
('6019e12e-e8b4-4ec0-b2cd-2174470ab938', 'ka-b2b'),
('96e774b6-2ecf-4708-87ef-6c1db7108352', 'ka-b2b'),
('51528541-22bf-40c2-91ac-fd484d72e0ea', 'ka-b2b'),
('0faa34b1-dfd1-4757-81a0-81524a161a7b', 'ka-b2b'),
('382496a9-57f6-465c-8794-2467e468e2d7', 'ka-b2b'),
('47dcbaab-a368-416e-b866-5e1c83fe9980', 'ka-b2b'),
('1258ac14-1218-4b59-8c87-c9690ad65c65', 'ka-b2b'),
('baef6395-4768-4b11-9dc5-fdd4af5dd694', 'ka-b2b'),
('f882ea10-61f5-436f-9846-d127360db030', 'ka-b2b'),
('bd76392c-1186-471c-b237-d4e90f39bce7', 'ka-b2b'),
('3b7f3342-1f0b-4721-8c2d-18613df91414', 'ka-b2b'),
('3fb9a652-0fcc-424b-a6c8-076cc491b331', 'ka-b2b'),
('d655c2e2-8f5e-4b77-afae-ac636e84f2bb', 'ka-b2b'),
('72972bd7-9665-40cc-85ec-f8ae2b5862e2', 'ka-b2b'),
('96d06f9b-3bfa-4beb-9a35-f511d607b77b', 'ka-b2b'),
('7a4cc285-d61e-48b4-8642-db5bcc1686fc', 'ka-b2b'),
('fdd4f0db-358a-4b6f-9417-827b920855fb', 'ka-b2b'),
('7e372849-1bf6-46b1-a740-88cc3024de1b', 'ka-b2b'),
('f3f3b9ad-5c6d-4505-ba65-310774438505', 'ka-b2b'),
('13be3734-321a-4b8d-bdd4-ea930bf3be97', 'ka-b2b'),
('7e00d597-c768-4387-b35c-f0817a84c86c', 'ka-b2b'),
('0a0889c5-8b22-4609-a241-1c55c5dea31c', 'ka-b2b'),
('5f59f180-e3b5-4cc7-8342-027e28bc5e00', 'ka-b2b'),
('e63495f5-82ca-4fab-a1cb-e303bb219451', 'ka-b2b'),
('93a76873-ed49-4eb0-b80e-e1b5a849f057', 'ka-b2b'),
('14e8d431-a2d6-4839-853f-d1152c060ba8', 'ka-b2b'),
('f537d031-d15a-4c4e-be37-cb3cfb68ecc3', 'ka-b2b'),
('6875461e-0251-401c-a3f6-88fad5b3afae', 'ka-b2b'),
('d1102a95-1b77-416c-9f1b-480eeefe419c', 'ka-b2b'),
('a30cf0c6-3e4f-4c21-b228-139557c0a482', 'ka-b2b'),
('ec2109f9-60e6-4d8b-bf2d-990fa549864d', 'ka-b2b'),
('5e1bb6f0-175d-4e39-acb4-b028becc3f88', 'ka-b2b'),
('ac88dd2c-a2bf-4184-bbb8-9f8650f17b00', 'ka-b2b'),
('205abf66-341b-4133-aac2-d054c318b328', 'ka-b2b'),
('84809521-6814-44bd-9e2e-030ed7bbb1a6', 'ka-b2b'),
('a0a11f7d-ba8b-4943-8e68-971164f20121', 'ka-b2b'),
('89196176-3b7a-48af-9fa3-8a477db362b7', 'ka-b2b'),
('db0ee9bb-b3a4-4359-80d3-b8dc70221545', 'ka-b2b'),
('63f97191-4f99-4476-be9f-4a8d8db194dd', 'ka-b2b'),
('86832466-308d-4ac6-9cea-dccf6bac525d', 'ka-b2b'),
('394bd367-a55b-464b-b47e-6ffb724cd9b5', 'ka-b2b'),
('df41517e-3a39-40a8-b430-f90c1a2c055f', 'ka-b2b'),
('967f13bc-a5f9-4b2f-a654-114a81994ad0', 'ka-b2b'),
('d327b25e-72d2-4b2b-8890-23501af163de', 'ka-b2b'),
('a58a6ed5-0082-4026-a782-0dc9c8c08a54', 'ka-b2b'),
('f3b7df12-695d-4a6c-a4a1-00c2af05cfe8', 'ka-b2b'),
('2e4c6834-1278-405c-b1ef-f01e84ab8598', 'ka-b2b'),
('431cf7dc-75ab-4676-af9b-298defe4fb77', 'ka-b2b'),
('e8adca74-e786-4d3c-8c89-c32e89b52312', 'ka-b2b'),
('bc6032d9-3749-4131-a41e-6773ca28dd65', 'ka-b2b'),
('344d3e15-522f-4fd6-b9ba-575a77158755', 'ka-b2b'),
('9fe6bd49-4010-4cbe-a6ff-b21431025342', 'ka-b2b'),
('5c56229f-801f-4a7a-bfb2-60d290ab6e88', 'ka-b2b'),
('e4b8858c-ec88-415f-b9b0-ca9dad8d6b48', 'ka-b2b'),
('00afb9d7-e114-4d00-b923-bdd498b8e6f2', 'ka-b2b'),
('d7cdd1ba-5715-447a-9a1f-f551f1d9aa64', 'ka-b2b'),
('aceefd72-e41f-492d-920a-bab5e5604c9a', 'ka-b2b'),
('34621a8a-a158-4edc-b7be-07b7bb65e414', 'ka-b2b'),
('81430e10-c3dd-4c70-a2cc-a75532873120', 'ka-b2b'),
('9e00806d-9116-4e27-ad1c-eb6694b26ca7', 'ka-b2b'),
('b8057795-c9c4-46ed-ae2c-5ec1a3695778', 'ka-b2b'),
('6b932d7f-f1d9-4510-8680-3181a6d65ca0', 'ka-b2b'),
('18586ab1-4814-4e49-8dd3-3e6530d0f954', 'ka-b2b'),
('90d0f9a2-d3fb-4937-9304-a0b254079b65', 'ka-b2b'),
('44f2d99c-b1e7-421e-a802-bfb7aa29bd61', 'ka-b2b'),
('dd313a73-7ec5-4949-9a93-f0a2eaacd5eb', 'ka-b2b'),
('703cf52e-c331-4fbf-8f14-e433cd0b6bc4', 'ka-b2b'),
('f67a9d50-7b8c-44e9-afce-2b8c73ad9983', 'ka-b2b'),
('b53de07b-13a4-4220-86ac-6e751ffb7ad8', 'ka-b2b'),
('e4d631f2-b91c-409c-8af2-a1ceec1f51a6', 'ka-b2b'),
('c7a18256-d375-406e-b673-da07fb12e9fb', 'ka-b2b'),
('37d5a9d1-0f26-4d0d-9e81-da7c605fd0ea', 'ka-b2b'),
('94a7d9bf-7c12-4b81-afd9-4581a448681c', 'ka-b2b'),
('89c73674-0f14-4a53-b9a9-53320f4ba64d', 'ka-b2b'),
('5f59ef35-0863-4464-96c4-b495591b8148', 'ka-b2b'),
('e11ed9a0-81f6-44d2-a8ad-b9ae092bfc46', 'ka-b2b'),
('6e8455f2-ad18-44fc-81b0-db17d35301dc', 'ka-b2b'),
('97d46a17-9d96-4630-a002-b92ae50d46d1', 'ka-b2b'),
('13aad9f7-036c-49a5-8a36-9e96ddfd1e5c', 'ka-b2b'),
('f060e61b-91ba-44b1-9a2e-fd51170b4996', 'ka-b2b'),
('ec14b606-b8b6-49d3-b680-36c18dee02ff', 'ka-b2b'),
('ed2e6f5c-2ec4-4c9a-9785-5e84bed07859', 'ka-b2b'),
('e3d030c4-d0ca-45a2-aeb0-4b0a34d6085e', 'ka-b2b'),
('f14025bf-239b-4131-826b-106646fe11b7', 'ka-b2b'),
('8d01fbe7-5cef-4ad6-b66f-36748199199f', 'ka-b2b'),
('b2591e2d-8906-4b66-945e-c010b5b25334', 'ka-b2b'),
('8e295193-1eab-477f-b134-31c3809f49f5', 'ka-b2b'),
('f585e07e-f9bc-4e5a-bd48-1cce5273b75e', 'ka-b2b'),
('c952c0be-2378-4987-85e3-270ef2248e55', 'ka-b2b'),
('496b7577-d4ef-4938-a4e2-1920db623ea7', 'ka-b2b'),
('1e5dc1f0-6325-4cce-a521-b6fa422225f1', 'ka-b2b'),
('313a67e9-ba3f-4d53-8177-846cd0a851a8', 'ka-b2b'),
('81f93197-a79c-4c30-9466-d107fa78abde', 'ka-b2b'),
('7466eced-3059-4376-bd56-e9497bb742de', 'ka-b2b'),
('84bd01b3-0744-436b-a1dc-20307b82a236', 'ka-b2b'),
('3f12161d-bf30-4a2c-a02a-f9e9cfb699e3', 'ka-b2b'),
('c6e40ee0-4231-4a90-80ad-85e7786d6aaa', 'ka-b2b'),
('5cafa470-6c0b-412e-b59e-5eeb2c8553af', 'ka-b2b'),
('6a954b56-f94d-41e8-b7e5-2a8fb13fd846', 'ka-b2b'),
('4fdc2c0b-5800-4020-a249-dedd0bcff4a8', 'ka-b2b'),
('2636a406-6e30-4831-9561-2cee64cbd4a3', 'ka-b2b'),
('9410bc46-4f34-43cc-8357-1c4efdd67207', 'ka-b2b'),
('a314c410-9af6-4fa4-b35b-3df8c4e4d637', 'ka-b2b'),
('ff4c9149-6b55-43a8-9d72-6f438b1cc3fd', 'ka-b2b'),
('c9d93650-6172-4267-ab5e-b6f8a7658053', 'ka-b2b'),
('702f08a4-a686-4f5f-8394-d19fd260da10', 'ka-b2b'),
('882363e8-ff18-4c0f-aa9f-28ca96ff614f', 'ka-b2b'),
('2103061a-04fc-44b2-a5e2-a68371628e58', 'ka-b2b'),
('08a7b287-d4a1-444b-8d76-2aa3dcebedcd', 'ka-b2b'),
('98ebccb8-3bca-43a9-a9d3-792cc5aa7e82', 'ka-b2b'),
('e7689c9a-08ad-4877-a86b-abf94f7addca', 'ka-b2b'),
('9197323f-c544-4405-96e8-7b153d8ff506', 'ka-b2b'),
('a1c0ea93-4d5f-4de8-be6c-929c4c20123e', 'ka-b2b'),
('2709b08a-00eb-4c26-bd91-1238f2110d71', 'ka-b2b'),
('e60a4cbf-f223-4577-8f5a-6c64043cc461', 'ka-b2b'),
('f7ccc4f9-8ca1-4bff-b5e9-f8505e5044b1', 'ka-b2b'),
('5b41733e-8ec1-4bf4-a3de-f1065fedf5af', 'ka-b2b'),
('6d009863-6c91-4ea9-a9d9-6366c255dcc1', 'ka-b2b'),
('8cf17bdd-db9c-4141-a5f3-1e058027dd88', 'ka-b2b'),
('86d1211d-eef3-4c6f-be89-5dc62a0a3f78', 'ka-b2b'),
('0f264e3e-3a0d-4bae-9aa1-b9d38b459bd2', 'ka-b2b'),
('60eb3575-b2c4-4186-a910-02160cb0bb93', 'ka-b2b'),
('c493d6ce-8268-486b-b649-8ffe5551520d', 'ka-b2b'),
('36bc73e1-5d0c-4dc0-a054-8cc4df469be3', 'ka-b2b'),
('e5043321-1074-43f9-891c-daa6aa3be88d', 'ka-b2b'),
('3c49b157-f0d7-47a3-97af-adadc25e66f8', 'ka-b2b'),
('653b79b2-1890-42a2-8f52-b4b56fcc73f7', 'ka-b2b'),
('c662232a-c99d-4438-8426-7acff9396393', 'ka-b2b'),
('01ee5ffe-3f3c-485c-8d3c-520372ea4b99', 'ka-b2b'),
('f4b5003f-f268-4e7b-90e0-2fc3cd9d1f28', 'ka-b2b'),
('62d0d52e-e09f-4e2c-9915-427340f103f0', 'ka-b2b'),
('7a57aaca-d0a2-4946-8994-c53d58234672', 'ka-b2b'),
('4a1a2622-d14d-484c-aa3f-4a0efb5e9316', 'ka-b2b'),
('7f222318-914f-4614-969d-ddf8fb3c7847', 'ka-b2b'),
('1491a6a9-5e79-4c60-a9e9-a6fbb33d6ad4', 'ka-b2b'),
('9468477f-f3d2-41ed-aedc-b8082f32979f', 'ka-b2b'),
('5fb797d1-3c37-4871-a72b-e748096a1e6d', 'ka-b2b'),
('0a63df7a-1c6e-43d5-a035-48a35acf85c4', 'ka-b2b'),
('fcf3eb62-b70f-4994-86db-e4ed0736c331', 'ka-b2b'),
('8d6e18c3-1e30-403f-8bd9-ec3d65f1b659', 'ka-b2b'),
('6b1f20ec-aee0-4cd3-9b51-0daeccfe9470', 'ka-b2b'),
('9d103e4c-f3c6-4dcd-a65a-889dd96707f0', 'ka-b2b'),
('ea757d8f-6943-49d8-8f05-846109443c96', 'ka-b2b'),
('a8d33731-5598-49e9-8d26-f674854da501', 'ka-b2b'),
('24b388e4-6834-46d5-8213-b4e767278301', 'ka-b2b'),
('f71b7850-ddf1-44d3-94d2-01a5e5dbbbb7', 'ka-b2b'),
('b0fc62c5-e9d7-43ac-b1b2-851e102e00f4', 'ka-b2b'),
('299fdfed-5e99-437a-9224-20d1d439fdc8', 'ka-b2b'),
('47a4b7e3-8eff-46b8-84f3-8b50567f255f', 'ka-b2b'),
('acef6077-9061-480e-b309-8da7c07c27bc', 'ka-b2b'),
('ff973a2d-da1c-46a9-9e25-cff3c71c116a', 'ka-b2b'),
('5eba20ea-fd10-431f-ba94-1b6c83272e60', 'ka-b2b'),
('8fbffe09-826c-441d-a2b7-aec3ba9393a7', 'ka-b2b'),
('011c48b4-b8ba-4ea7-82fc-6b87ae92dc01', 'ka-b2b');
