-- Batch 380 (200 records)
INSERT INTO contacts (id, first_name, last_name, email, phone, company, address) VALUES
('c6de8470-17c2-401d-a559-4859fe079b80', 'Lukas', 'Herren', 'lukas.herren@scduedingen.ch', 'N.a.', 'SC Düdingen', '3186 Düdingen, Fribourg/Freiburg'),
('49171a71-9b1b-48af-99ac-450cec5a69fc', 'Mauro', 'Bättig', 'mauro84usa@hotmail.com', '079 218 28 01', 'SC Eich', '6205 Eich, Luzern'),
('31448c80-b518-41b9-a6ac-9dcee2c7692b', 'Markus', 'Studer', 'markus.studer@sc-emmen.ch', '079 616 49 83', 'SC Emmen', 'Mooshüslistrasse 35, 6032 Emmen, Luzern'),
('61ba3454-f630-404c-8ab8-811186462893', 'Michael', 'Christen', 'michael.christen@scersigen.ch', '079 961 08 85', 'SC Ersigen', '3423 Ersigen, Bern'),
('bb241d98-f006-4029-b13d-e18540485dce', 'Ernst', 'Baumann', 'baumann4573@gmail.com', '032 677 22 14', 'SC Flumenthal', 'Länghölzliweg 2, 4534 Flumenthal, Solothurn'),
('8ffebbde-d6b9-451f-8831-5383ebaa1ade', 'Heinz', 'Eggimann', 'yheggimann@bluewin.ch', '079 402 88 43', 'SC Grafenried', 'Riedweg 27, 3308 Grafenried, Bern'),
('f3f921c5-9584-4de3-9e08-158b01a67898', 'Urs', 'Schlatter', 'urs.schlatter@sc-haller.ch', '052 721 13 13', 'SC Haller AG', 'Hungerbüelstrasse 12b, 8500 Frauenfeld, Thurgau'),
('5532f72b-cec2-484e-95bd-b9a50035614b', 'Lorenzo', 'Cassol', 'praesident@sc-hegi.ch', '077 520 35 01', 'SC Hegi Winterthur', 'Hegistrasse 41h, 8404 Winterthur, Zürich'),
('9c4c6399-e466-4af4-b2a4-3fc7f6aae203', 'Roberto', 'Campanielli', 'president@holligen94.ch', '078 866 88 58', 'SC Holligen 94', 'Steigerhubelstrasse 55b, 3008 Bern, Bern'),
('8c7b526d-9fbe-4f2a-bcdb-60d161483fe8', 'Philip', 'Marti', 'pm@marti-lerch.ch', '079 474 98 73', 'SC Huttwil', '4950 Huttwil, Bern'),
('4dc15003-17a8-422a-bc7f-0dea377eeba7', 'Francesco', 'Marrella', 'italiazurigo@sunrise.ch', 'N.a.', 'SC Italia Oerlikon Zürich', 'Siewerdstrasse 95, 8050 Zürich, Zürich'),
('3d0c4546-f3ff-4373-89a8-823abf2d6aa4', 'Markus', 'Wymann', 'praesident@scittigen.ch', '076 461 13 68', 'SC Ittigen', '3063 Ittigen, Bern'),
('abb168a3-d174-4a3f-acbc-f71fb75e6c13', 'Roland', 'Schneeberger', 'roland.schneeberger@sc-jegenstorf.ch', '079 616 25 23', 'SC Jegenstorf', '3303 Jegenstorf, Bern'),
('76483f2d-ecf7-4d7e-bcb0-82889657f92f', 'Werner', 'Baumgartner', 'werner.baumgartner@sckriens.ch', '041 322 16 16', 'SC Kriens', 'Horwerstrasse 24a, 6010 Kriens, Luzern'),
('aa798e84-b5b1-43ae-868c-22ba50afa7f6', 'Martin', 'Margelisch', 'martin.margelisch@ubs.com', '027 948 97 59', 'SC Lalden', 'Mönchstrasse 4c, 3600 Thun, Bern'),
('5f1816fb-2860-4f66-be77-3849dedc6692', 'Marc', 'Kämpf', 'marc.kaempf@sclangenthal.ch', '062 919 00 20', 'SC Langenthal AG', 'St. Urbanstrasse 1, 4900 Langenthal, Bern'),
('f1412f1b-2b12-416e-8a6a-6d2aa2ac1dfd', 'Michael', 'Meyer', 'praesident@scmenzingen.ch', '079 334 15 51', 'SC Menzingen', 'Chrüzegg 2, 6313 Menzingen, Zug'),
('c87e3feb-2d36-4da6-94f5-3e231fc5d482', 'Marc', 'Luginbühl', 'marc.luginbuehl@scmuenchenbuchsee.ch', '079 621 21 42', 'SC Münchenbuchsee', '3053 Münchenbuchsee, Bern'),
('054974e9-1096-4421-9ea2-be9c20fb00b2', 'Serdal', 'Aktas', 's.aktas@hotmail.ch', '076 392 16 48', 'SC Münchenstein', 'Amthausgasse 7, 4242 Laufen, Basel-Land'),
('e29b856e-475f-40b1-8f46-e028863ae8ba', 'Andreas', 'Bärtschi', 'andreas.baertschi1@bluewin.ch', '079 601 83 19', 'SC Nebikon', '6244 Nebikon, Luzern'),
('650d0b4e-56d7-4eb1-8c4a-43fcecb081da', 'Andreas', 'Piattini', 'andreas.piattini@bluewin.ch', '079 592 61 48', 'SC Obergeissenstein', '6000 Luzern, Luzern'),
('04d4eeb9-6704-4e99-9e7d-9b453e4f3dc8', 'Timo', 'Gerber', 'timo.gerber1992@gmail.com', '079 516 99 66', 'SC Radelfingen', '3271 Radelfingen b. Aarberg, Bern'),
('8684adfb-052d-41ae-a4eb-dada5a5bc00b', 'Karl', 'Staubli', 'karl.staubli@bluewin.ch', '079 916 75 87', 'SC Reiden', '6260 Reiden, Luzern'),
('f4a14837-45c6-41e2-90cd-959148599552', 'Aldo', 'Imperiali', 'aldo.imperiali@scrueti.ch', '079 399 26 92', 'SC Rüti b. Büren', '3294 Büren an der Aare, Bern'),
('91a73bfa-81d6-46a7-bd3a-d8a4a0014ae8', 'Heinz', 'Wölfli', 'dohewoelfli@bluewin.ch', '079 709 66 64', 'SC Schöftland', 'Sportanlage Rütimatten, 5040 Schöftland, Aargau'),
('3b23e3f9-ff23-4772-a399-8b3eb155660b', 'Patrick', 'Wirtensohn', 'praesident@scschwyz.ch', '079 567 18 12', 'SC Schwyz', '6431 Schwyz, Schwyz'),
('d2b817e6-9f37-451b-8de6-8b0570b430d8', 'Adrian', 'Kamm', 'praesident@scseengen.ch', '076 414 00 56', 'SC Seengen', '5707 Seengen, Aargau'),
('ae559bc9-3bb0-4483-a07c-730c7159c38e', 'Guiseppe', 'Ferramosca', 'president@sc-siebnen.ch', '078 808 38 89', 'SC Siebnen', '8854 Siebnen, Schwyz'),
('494359de-79ae-43d3-b81f-f9f197c18441', 'Jürg', 'Leuenberger', 'juerg@alum.wpi.edu', '076 575 09 49', 'SC Soleita Hofstetten', '4114 Hofstetten, Solothurn'),
('1100ea93-32b6-4cbc-934a-a81727c88ef4', 'Bruno', 'Kamm', 'praesidium@sportclubsteinhausen.ch', '079 753 81 38', 'SC Steinhausen', '6312 Steinhausen, Zug'),
('a8d6f219-7cc0-4663-84a0-70611fd34219', 'Michel', 'Glauser', 'michelglauser@gmx.ch', '079 222 51 13', 'SC Thörishaus', '3174 Thörishaus, Bern'),
('c9938922-3b67-49cf-9bdd-441985263c3b', 'Jürg', 'Ryffel', 'jryffel@insektol.ch', '079 663 60 78', 'SC Veltheim', '8401 Winterthur, Zürich'),
('f2b934bc-7ceb-432a-bc12-8aedcca84a44', 'Silas', 'Winkelmann', 'praesi@scwileroltigen.ch', '079 831 89 64', 'SC Wileroltigen', 'Oberdorf 36, 3207 Wileroltigen, Bern'),
('252fc10f-16ee-4a09-ba54-850e252b4414', 'Rahel', 'Jent', 'praesidium@scwipkingen.ch', '078 408 12 08', 'SC Wipkingen ZH', '8037 Zürich, Zürich'),
('a208be06-7a12-40f8-a8da-6a89025353d7', 'Roland', 'Bandi', 'praesident@scwohlensee.ch', '076 427 18 83', 'SC Wohlensee', '3032 Hinterkappelen, Bern'),
('1b6aac36-b704-42c0-9016-7d4872fb4898', 'Roland', 'Graf', 'role.graf@bluewin.ch', '079 280 80 47', 'SC Worb', '3076 Worb, Bern'),
('36e1a483-7163-41fa-b718-50b816523cb6', 'Rolf', 'Scheidegger', 'rolf.scheidegger@bluewin.ch', '079 222 31 12', 'SC Wynau', 'Schulhausstrasse 27, 4923 Wynau, Bern'),
('7978eeac-d115-4df0-a8a5-02acfd9fa11d', 'Piero', 'Bauert', 'piero.bauert@bluewin.ch', '079 605 26 25', 'SC YF Juventus', 'Rietstrasse 2, 8123 Ebmatingen, Zürich'),
('096908ce-377f-4e24-9848-9fa03bec2c4a', 'Ferry', 'Hermida', 'ferry.hermida@gmx.ch', '079 243 42 78', 'SC Zollikon', 'Gustav-Maurer-Strasse 24, 8702 Zollikon, Zürich'),
('0a391df1-e907-4d57-8f84-540ef43bdde5', 'Matthias', 'Fässler', 'matthias.faessler@sczurzach.ch', '079 516 02 88', 'SC Zurzach', '5330 Bad Zurzach, Aargau'),
('1a47c2e7-bac8-424f-8f6a-66d287ed1130', 'Silvia', 'Salvador', 'info@sc4s.ch', '079 339 94 74', 'SC4S Partner GmbH', 'Gotthardstrasse 21, 8002 Zürich, Zürich'),
('6f21defa-6f9b-4554-90fc-ae7c62a7745b', 'Peter', 'Nestorov', 'contact@scailyte.com', 'N.a.', 'Scailyte AG', 'Lichtstrasse 35, 4056 Basel, Basel-Stadt'),
('e482c937-4978-4917-9e7a-45c92f2b0539', 'Patrick', 'Burkhalter', 'patrick.burkhalter@scala-wetzikon.ch', '043 488 04 04', 'Scala', 'Tösstalstrasse 1, 8623 Wetzikon, Zürich'),
('3e472719-10a0-4011-838d-aa2c7bc6bfa7', 'Jürg', 'Fink', 'kultur@scalabasel.ch', '061 270 90 50', 'Scala Basel', 'Freien Strasse 89, 4051 Basel, Basel-Stadt'),
('62130ea6-d83d-4cd2-8b98-f73a82bbbd7a', 'Daniel', 'Gemmet', 'info@scala-brig.ch', '078 707 23 00', 'Scala Gastrobetriebe AG', 'Sennereigasse 6, 3900 Brig, Wallis/Valais'),
('02de9deb-c4ca-4280-84a3-b418b7a4af3b', 'Tino', 'Bucher', 'bucher@scala-reinigung.ch', '041 922 19 86', 'Scala Reinigung GmbH', 'Allmendstrasse 11, 6210 Sursee, Luzern'),
('6f8b87a1-63a4-4c71-bb63-0c427afe4f75', 'Thomas', 'Adank', 'info@s-fabrik.ch', '033 847 00 08', 'Scala Vini – Scala Gusti AG', 'Hauptstrasse 65, 3706 Leissigen, Bern'),
('5c3b208b-bb9f-49b1-9467-643a467a5463', 'Jascha', 'Krähenbühl', 'empower@scale-network.org', 'N.a.', 'Scale Network GmbH c/o Jascha Krähenbühl', 'Solothurnstrasse 41a, 3322 Urtenen-Schönbühl, Bern'),
('445136b2-40a9-453c-b1b0-30d8aecaa8a6', 'Beat', 'Berger', 'info@scalepharm.com', '041 210 14 14', 'Scalepharm AG', 'Sihlbruggstrasse 109, 6340 Baar, Zug'),
('c9a56415-a97e-4745-9a95-52a951ceb48c', 'Andreas', 'Wieser', 'andreas.wieser@scalis.ch', '079 658 07 66', 'Scalis AG', 'Affolternstrasse 18, 8105 Regensdorf, Zürich'),
('2d5ea233-ebed-4b42-9bce-78d7589cded6', 'Daniel', 'Iff', 'info@scamora.ch', '044 930 26 56', 'Scamora Kreative Hobbytechnik GmbH', 'Bahnhofstrasse 116, 8620 Wetzikon, Zürich'),
('044d0c04-6e1f-44b7-9730-f34893fc3142', 'Hanspeter', 'Lips', 'info@scanatron.com', '043 333 99 33', 'Scanatron Technics AG', 'Obfelderstrasse 31, 8910 Affoltern am Albis, Zürich'),
('e3b6e5f9-ab27-40a0-b1ee-29c54633255b', 'Bruno', 'Koller', 'info@scanco.ch', '044 805 98 00', 'Scanco Medical AG', 'Fabrikweg 2, 8306 Brüttisellen, Zürich'),
('30232bd0-8b67-4a0a-9060-d95079c885a2', 'Angelica', 'Leslie', 'info@scandihairnails.ch', '071 780 16 26', 'Scandi Hair & Nails GmbH', 'Unteres Ziel 3, 9050 Appenzell, Appenzell Innerrhoden'),
('169d38d5-b49a-494e-9f28-17e83d5ccb81', 'René', 'Balzano', 'info@scandiags.com', 'N.a.', 'ScanDiags AG', 'Zwicky-Platz 3, 8304 Wallisellen, Zürich'),
('8ce8b139-7fe9-4a59-87ca-e5e785bf451a', 'Matthias', 'Rüegg', 'info@scanel.ch', '071 393 36 42', 'Scanel GmbH', 'Ruhbergstrasse 32, 9230 Flawil, St. Gallen'),
('ccc76bb8-cb27-469a-8108-3e158746005f', 'Francesco', 'Romano', 'francesco.romano@scania.ch', '044 800 14 97', 'Scania Schweiz AG', 'Steinackerstrasse 57, 8302 Kloten, Zürich'),
('cb53efa9-04da-4068-bad8-bab50746d296', 'Loïc', 'Itten', 'info@scanmania.ch', '079 801 81 31', 'Scanmania GmbH', 'Rebenweg 22, 2503 Biel/Bienne, Bern'),
('7ed87a5b-1005-4513-8585-c9fe78ff3df5', 'Damiano', 'Esposito', 'contact@scanmeter.io', 'N.a.', 'scanmeter GmbH', 'Bellariastrasse 12, 8002 Zürich, Zürich'),
('b0e94229-819b-4431-a322-34e377defb88', 'Hans', 'Maurer', 'verkauf@scantrade.ch', '062 842 71 39', 'Scantrade Classics GmbH', 'Guggibadstrasse 10, 6288 Schongau, Luzern'),
('81215663-5217-4024-bda6-d209513c57e0', 'Daniel', 'Peter', 'dp@scanu.ch', '061 683 40 07', 'Scanu Communications GmbH', 'Oberer Rheinweg 45 - 47, 4058 Basel, Basel-Stadt'),
('4e58f760-4f36-4352-8c72-cc9333f4dd21', 'Bruno', 'Baeza', 'scar@freesurf.ch', '044 202 03 23', 'SCAR GmbH', 'Binzstrasse 23, 8045 Zürich, Zürich'),
('059f33ac-1a05-4856-a1ce-c94f3df36f8e', 'Sandro', 'Scarabelli', 'hello@scarabelli-hairdesign.ch', '056 222 12 22', 'Scarabelli Hairdesign', 'Untere Halde 5, 5400 Baden, Aargau'),
('44e44630-40ef-46eb-b7f0-361b2e321b0a', 'Giovanni', 'Scarabelli', 'g.scarabelli@sunrise.ch', '076 382 17 17', 'Scarabelli Interieurs', 'Einsiedlerstrasse 29, 8820 Wädenswil, Zürich'),
('d669c460-694e-41df-96fe-3c52125f0437', 'Lepa', 'Boss', 'office@scarlettbeauty-academy.ch', '079 632 62 94', 'Scarlett Beauty Academy', 'Hauptstrasse 115, 9430 St. Margrethen, St. Gallen'),
('9d7ead92-b8ea-43c7-9021-d214bf838b3e', 'Esther', 'Stingelin', 'info@scartonstingelin.ch', '058 445 15 15', 'Scarton Stingelin AG', 'Waldeggstrasse 37, 3097 Liebefeld, Bern'),
('9f3da038-ad44-48c9-9031-a033c14b1b41', 'Marc', 'Lüthi', 'info@scb.ch', '031 336 80 80', 'SCB Eishockey AG', 'Mingerstrasse 12b, 3014 Bern, Bern'),
('f4c7cbe1-f533-4a60-8516-abb2bfd8d505', 'René', 'Sennhauser', 'info@scckommunikation.ch', '044 260 66 10', 'SCC Kommunikation AG', 'Pfingstweidstrasse 6, 8005 Zürich, Zürich'),
('03a78ca5-2985-4348-a80f-20d550823510', 'Florim', 'Elmazi', 'info@scctreuhand.ch', '079 773 84 00', 'SCC Treuhand Elmazi', 'Schlosstalstrasse 26, 8406 Winterthur, Zürich'),
('9a213944-bf2a-44b6-bf06-f6c6af10f1e6', 'Michel J.', 'Simon', 'msimon@s-ce.ch', '044 272 40 88', 'S-ce consulting AG', 'Hönggerstrasse 117, 8037 Zürich, Zürich'),
('afa696f1-c1bf-4305-967a-db4472208973', 'Marcelo', 'Barreto', 'marcelobarreto31@hotmail.com', '061 921 62 33', 'Scenario Restaurant Tapas Bar', 'Burgstrasse 12, 4410 Liestal, Basel-Land'),
('781eca7c-6154-4e36-ae57-39e61008fed8', 'Bernhard', 'Winter', 'info@scewo.ch', '044 500 86 03', 'Scewo AG', 'Technoparkstrasse 7, 8406 Winterthur, Zürich'),
('e48e1e9d-05e9-45d7-b5f7-ae6cf79e4131', 'Regula', 'Hälg', 'info@beschlaege-online.ch', 'N.a.', 'SCG AG', 'Rütihofstrasse 1, 9052 Niederteufen, Appenzell Ausserrhoden'),
('03937f8b-292b-4d96-aa51-8116dbe9d604', 'Philipp', 'Schweizer', 'hallo@s-ch.ch', '078 696 53 33', 'S-CH Schweizermeister GmbH', 'Sternenhofstrasse 13, 4153 Reinach, Basel-Land'),
('9937d482-41f8-45f4-866e-7d9c8150b64b', 'Ian', 'Schaad', 'info@schaad-ag.ch', '032 623 38 13', 'Schaad AG', 'Bahnhofstrasse 17, 4542 Luterbach, Solothurn'),
('7151b58b-657c-454e-9041-c5387492d1c5', 'Adrian', 'Schaad', 'info@adrianschaad.ch', '044 887 21 40', 'Schaad Renovationen GmbH', 'Zürcherstrasse 55, 8103 Unterengstringen, Zürich'),
('7f143f62-0807-44e3-a2e6-6ed6cf1f5285', 'Fritz', 'Lehmann', 'info@schache.ch', '076 831 26 33', 'Schache Märit', 'Schachenstrasse 62, 3421 Lyssach, Bern'),
('2a8226bd-b82f-42dd-ae44-5e291bf1e1a5', 'Beat', 'Steiner', 'info@schachehof.ch', '041 448 17 29', 'Schachehof', 'Schachenhof 1, 6034 Inwil, Luzern'),
('28d4e2b0-8cbe-4f3c-bf12-54ea74a0ef6b', 'Silvio', 'Krähemann', 'info@schachengarage.ch', '071 761 11 42', 'Schachengarage AG', 'Looweg 2, 9463 Oberriet, St. Gallen'),
('da171bc2-1bcd-44f2-bc07-4aad03cc1a49', 'Stefan', 'Hauger', 'restaurant@schaechengrund.ch', '041 870 14 63', 'Schächengrund', 'Klausenstrasse 3, 6460 Altdorf, Uri'),
('2f2d8080-a938-4b25-a7dc-9cd2ea0ddc81', 'Rita', 'Moser', 'rita_moser@bluewin.ch', '056 634 20 63', 'Schachenhof', 'Schachenhof, 8917 Oberlunkhofen, Aargau'),
('1dc6b7cc-c348-4b48-a398-aceee1603665', 'Florian', 'Rietschi', 'f.rietschi@schachenmann.ch', '061 699 22 22', 'Schachenmann + Co. AG', 'Hochbergerstrasse 60b, 4057 Basel, Basel-Stadt'),
('623eb517-0ef8-41fc-8881-4e9cb80c9d7c', 'Guido', 'Schacher', 'info@schacher-sanitaer.ch', '041 370 30 30', 'Schacher Sanitär AG', 'Sagihof 4, 6043 Adligenswil, Luzern'),
('bdd149d7-2fea-456d-bee3-ca55e753a1aa', 'Roger', 'Schadegg', 'info@schadegg-schreinerwerk.ch', '071 622 16 02', 'schadegg schreinerwerk ag', 'Dufourstrasse 83, 8570 Weinfelden, Thurgau'),
('93072432-ba74-476b-96f2-34d8e2b98468', 'Armin', 'Schädeli', 'gartenbau@schaedeli.ch', '044 371 41 30', 'Schädeli Gartenbau AG', 'Kügeliloostrasse 39, 8046 Zürich, Zürich'),
('ca0e60f0-4970-40fb-aed0-327606f86105', 'Stéphane', 'Schädeli', 'info@schaedeli-treuhand.ch', '031 721 30 12', 'Schädeli Treuhand AG', 'Belpbergstrasse 46c, 3110 Münsingen, Bern'),
('c10d5ae0-a00b-4ffa-959d-b637bed99a8f', 'Roland', 'Hegnauer', 'office@sha-arch.ch', '044 252 62 00', 'Schader Hegnauer Ammann Architekten AG', 'Voltastrasse 1, 8044 Zürich, Zürich'),
('35930d4f-4143-43cf-9ac9-5a3780f802fa', 'Erich', 'Schädler', 'info@schaedler-mulden.ch', '079 437 66 02', 'Schädler Mulden AG', 'Zürichstrasse 64, 8840 Einsiedeln, Schwyz'),
('ae9b21d9-ed69-4dd9-b243-0a3bc4804728', 'Rui', 'Correia', 'r.correia@schaefer-ag.ch', '044 278 48 48', 'Schaefer AG', 'Limmatstasse 210, 8005 Zürich, Zürich'),
('ef7cae05-7e55-4156-9140-9b08caabb237', 'Martin', 'Bossard', 'info@schaefer-tec.ch', '034 423 70 70', 'Schaefer-Tec AG', 'Industrie Neuhof 9, 3422 Kirchberg, Bern'),
('b5563281-9124-44a0-9cf4-336f357b41e9', 'Georg', 'Schaer', 'info@schaer-energie.ch', '071 340 00 18', 'schaer energie ag', 'Kantonsschulstrasse 6, 9043 Trogen, Appenzell Ausserrhoden'),
('8474e841-942b-4bfd-8eab-0c94089f718e', 'Michael', 'Schaer', 'michel.schaer@schaer-pharma.ch', '061 975 05 05', 'Schaer Pharma Service GmbH', 'Dellenbodenweg 8, 4452 Itingen, Basel-Land'),
('f07d840f-a8d7-4def-b57d-1ddef3c4e90e', 'Anita', 'Schär', 'anitaschaer@me.com', '078 823 23 61', 'Schaer Psychologie', 'St. Ursusstrasse 16, 5400 Baden, Aargau'),
('0fb1016f-324a-4246-96c0-89a008874a49', 'Dominik', 'Wilting', 'info@schaerer.com', '032 681 62 00', 'Schaerer AG', 'Niedermattstrasse 3b, 4528 Zuchwil, Solothurn'),
('18bb3347-61cb-464b-9bab-00f1671439e9', 'Max', 'Isler', 'max.isler@schaereregg.ch', '043 277 10 14', 'Schaerer Schreinerei AG', 'Im Hanselmaa 4, 8132 Egg b. Zürich, Zürich'),
('3bcb3e0e-2dd9-4e98-8a74-f7011c49949a', 'Michael', 'Schär', 'michael.schaer@schaerholzbau.ch', '062 917 70 84', 'schaerholzbau ag', 'Kreuzmatte 1, 6147 Altbüron, Luzern'),
('283ecd68-8de5-4426-a07a-d10f779404e7', 'Walter', 'Schär', 'walter.schaer@schaerraum.ch', '041 349 54 02', 'schaerraum ag', 'Altsagenstrasse 24, 6048 Horw, Luzern'),
('27a15f64-f253-4091-9a8a-2571a85bff46', 'Tom', 'Schär', 'tom.schaer@schaertax.ch', '079 942 55 44', 'Schaertax AG', 'Obere Steingrubenstrasse 6, 4500 Solothurn, Solothurn'),
('1c800b64-c121-45ba-a2d2-3efe5ad9e5cd', 'Sonja', 'Winters', 'sonja_winters@k2-verlag.ch', '076 578 78 90', 'Schäfer & Winters Consulting KLG', 'Moserstrasse 27, 8200 Schaffhausen, Schaffhausen'),
('c029daac-c1ec-4d97-b9cb-1f3783faee89', 'Urs', 'Schafer', 'info@schafer-kanal.ch', '079 209 33 55', 'Schafer AG', 'Wiesenstrasse 31, 5734 Reinach, Aargau'),
('ca9259b2-7435-43e2-a7a4-b62e8c202519', 'Manuel', 'Schäfer', 'info@schaefer-bau.ch', '041 280 12 64', 'Schäfer Bau GmbH', 'Rainhofweg 6, 6045 Meggen, Luzern'),
('b6443b4f-5eee-46c7-9880-c22e1ac33f3a', 'Thomas', 'Schäfer', 't.schaefer@schaefer-elektro.ch', '031 791 27 80', 'Schäfer Elektro GmbH', 'Hünigenstrasse 37, 3504 Niederhünigen, Bern'),
('939a200c-8be7-40f7-9db5-5c4025507dbc', 'Hansjörg', 'Steiner', 'hansjoerg.steiner@sht.ch', '056 616 72 20', 'Schäfer Holzbautechnik AG', 'Bahnhofstrasse 48, 5605 Dottikon, Aargau'),
('7e75ba6f-24fc-4eee-9830-2d47074b2968', 'Dieter', 'Schäfer', 'info@schaefer-partner.ch', '062 888 88 44', 'Schäfer Partner AG', 'Bahnhofstrasse 13, 5600 Lenzburg, Aargau'),
('d37c443a-1a40-4051-988a-e517769534d8', 'Oliver', 'Schäfer', 'info@schaefer.ag', '044 260 23 00', 'Schäfer Property and Facility Management AG', 'Josefstraße 92, 8005 Zürich, Zürich'),
('c4c2099e-a015-457b-9f08-719171d9e46a', 'Peter', 'Dinkel', 'info@schaeferag-metallbau.ch', '061 307 97 00', 'Schäfer Schlosserei & Metallbau AG', 'Herrengrabenweg 27, 4054 Basel, Basel-Stadt'),
('5755b2de-fd54-4fb4-8c85-b116c5c1f9a9', 'Lukas', 'Vatter', 'vatter@schaefer-schreinerei.ch', '044 855 40 80', 'Schäfer Schreinerei AG c/o Eugen Schäfer AG', 'Brüelstrasse 18, 8157 Dielsdorf, Zürich'),
('ed2fafc2-133e-4b5e-9900-d3f5a9b36900', 'Michael', 'Gilgen', 'info@schaefer-shop.ch', '0848 333 366', 'Schäfer Shop AG', 'Dünnernstrasse 30, 4702 Oensingen, Solothurn'),
('86dd2fd5-d29a-4138-ab28-e4dc2ced7f7e', 'Peter', 'Schäfer', 'mail@schaeferspielwaren.ch', '032 530 30 81', 'Schäfer Spielwaren GmbH', 'Marktplatz 14, 3250 Lyss, Bern'),
('1afe3230-ee00-4fed-ac99-2bf4bc0f633e', 'Christine', 'Schafer', 'schafer@schafer-training.ch', '061 681 70 60', 'SCHAFER TRAINING', 'Kleinriehenstrasse 43, 4058 Basel, Basel-Stadt'),
('ade0137e-257d-4e32-aba9-bdfbdd5b9a06', 'Nancy', 'Gamper', 'nancy@schaeferei-bar.ch', '052 625 46 77', 'Schäferei Bar Schaffhausen', 'Webergasse 16, 8200 Schaffhausen, Schaffhausen'),
('fb5240f8-377f-4fc8-82f8-33387c866744', 'Tobias', 'Probst', 'tp@schafferag.ch', '079 648 76 52', 'Schaffer AG', 'Mühlehofweg 1, 3455 Grünen, Bern'),
('ceea0696-ed6d-461b-b1bf-99ae59f15ddc', 'Mattias', 'Greuter', 'mattias.greuter@shaz.ch', '052 633 08 33', 'Schaffhauser AZ', 'Webergasse 39, 8201 Schaffhausen, Schaffhausen'),
('28e8ece4-30ac-4670-9abf-1409620c7090', 'Lara', 'Gansser', 'lara.gansser@bockonline.ch', '052 632 30 56', 'Schaffhauser Bock', 'Herrenacker 15, 8200 Schaffhausen, Schaffhausen'),
('8a73e6d0-7e38-4f2b-ac8e-efedeeeb90c6', 'Martin', 'Vogel', 'martin.vogel@shkb.ch', '052 635 22 22', 'Schaffhauser Kantonalbank', 'Vorstadt 53, 8201 Schaffhausen, Schaffhausen'),
('b5618974-6236-4a11-b70e-d79883c0bca7', 'Robin', 'Blanck', 'redaktion@shn.ch', '052 633 31 11', 'Schaffhauser Nachrichten', 'Vordergasse 58, 8201 Schaffhausen, Schaffhausen'),
('92d2513d-d54a-4376-90db-a5f467cb0ed8', 'Mathias', 'Teber', 'mathias.teber@shss.ch', '052 550 57 01', 'Schaffhauser Sonderschulen', 'Hermann-Rorschach-Strasse 2, 8200 Schaffhausen, Schaffhausen'),
('a49d5f23-a4f6-454f-a8d1-44b261c22709', 'Norbert', 'Gschwend', 'norbert.gschwend@shvv.ch', '052 620 00 40', 'Schaffhauser Vermögensverwaltung AG', 'Fronwagplatz 8, 8200 Schaffhausen, Schaffhausen'),
('e0bae935-9175-4de9-a0c8-c3d2763441f7', 'Beat', 'Hedinger', 'info@schaffhauserland.ch', '052 632 40 20', 'Schaffhauserland Tourismus', 'Vordergasse 73, 8200 Schaffhausen, Schaffhausen'),
('b6332f89-edaa-41b1-892f-a5905bf7308f', 'Thomas', 'Schaffner', 'thomas@schaffnerberatung.com', '079 326 76 96', 'SCHAFFNER BERATUNG', 'Grüttstrasse 63, 4562 Biberist, Solothurn'),
('1f4025b0-8eee-4123-a999-65da713338b7', 'Ernst', 'Schaffner', 'schaffner.druck@sunrise.ch', '044 491 50 69', 'Schaffner Druck', 'In der Ey 41, 8047 Zürich, Zürich'),
('daf41ccd-34f4-47fa-a2ee-831b098069cd', 'Pascal', 'Sacher', 'p.sacher@schaffner-gmbh.ch', '061 985 94 99', 'Schaffner GmbH, Produktion elektronischer Systeme', 'Rickenbacherstrasse 29, 4460 Gelterkinden, Basel-Land'),
('722d79bb-295e-4452-afb4-7912e0fc90bf', 'Marc', 'Aeschlimann', 'marc.aeschlimann@schaffner.com', '032 681 66 01', 'Schaffner Holding AG', 'Nordstrasse 11e, 4542 Luterbach, Solothurn'),
('e7183a93-93c4-48dc-b212-d288ad6be07d', 'Dennis Cyril', 'Schaffner', 'info@schaffnernaturgarten.ch', '079 883 92 71', 'Schaffner Naturgarten', 'Bahnweg 14, 4202 Duggingen, Basel-Land'),
('5152b804-f4b6-47e2-a6ae-040858442d23', 'Bruno', 'Weibel', 'info@schaffner-racing.ch', '044 737 28 00', 'Schaffner Racing GmbH', 'Industriestrasse 6, 8903 Birmensdorf, Zürich'),
('613f6f21-22ee-46df-8653-05318b5007a2', 'Aldo', 'Castelli', 'info@schaffner-team.ch', '032 623 89 89', 'Schaffner Sanitär AG', 'Gewerbestrasse 13, 4512 Bellach, Solothurn'),
('805b2606-4aaa-4d2c-ad1d-1077a26d77de', 'Nenad', 'Milic', 'info@schaffnerspenglerei.ch', '032 618 10 00', 'Schaffner Spenglerei Bedachungen AG', 'Gewerbestrasse 13, 4512 Bellach, Solothurn'),
('c9282a1d-ff1e-4865-aba2-908db53f5e6f', 'Reto', 'Plaz', 'plazreto@bluewin.ch', '079 682 41 38', 'Schäflerhütte SAC', '7250 Klosters, Graubünden'),
('2c724c80-de50-4e92-ba4b-fce15bcc43e4', 'Raphael', 'Schäfli', 'raphael.schaefli@haustechnet.ch', '052 723 30 62', 'Schäfli & Dieterich AG', 'Zürcherstrasse 254, 8500 Frauenfeld, Thurgau'),
('0a46d1f5-6968-428f-a939-e68ba76c2c6a', 'Viktor', 'Hümbeli', 'v.huembeli@schaefli.ch', '052 644 08 80', 'Schäfli AG', 'Mühlentalstrasse 174, 8200 Schaffhausen, Schaffhausen'),
('2ebbd1a3-b315-47d4-983c-2f0e4a925275', 'Roger', 'Staub', 'info@schaefli-neuheim.ch', '041 755 21 41', 'Schäfli Gastro GmbH', 'Dorfstrasse 3, 6345 Neuheim, Zug'),
('6ce5cd50-62fd-4912-8953-a9b79e211b96', 'Esther', 'Inauen', 'inauen@schaefli-steinegg.ch', '071 787 12 22', 'Schäfli Steinegg', 'Weissbadstrasse 81, 9050 Appenzell, Appenzell Innerrhoden'),
('4e800167-d5fb-47b5-ac8f-048e997bd33c', 'Dave', 'Woodtli', 'info@schafmatthof.ch', '076 376 15 98', 'Schafmatthof', 'Schafmatthof 38, 4716 Gänsbrunnen, Solothurn'),
('d5ac5bf9-8831-4eae-bbe3-70e59ee10808', 'Anina', 'Adewale-Koster', 'info@schafmilchkaeserei.ch', '077 505 92 13', 'Schafmilchkäserei Koster GmbH', 'Hittenbergstrasse 51, 8636 Wald, Zürich'),
('a47430fd-8857-4127-8f8a-05d0ea5ecf5e', 'Guido', 'Widmer', 'schafpur@bluewin.ch', '044 776 86 42', 'Schafpur', 'Sunnmatt 1, 8932 Mettmenstetten, Zürich'),
('8fa7ee22-b294-4450-99ef-f1e83b3870a2', 'Stefan', 'Schafroth', 'szahntechnik@bluewin.ch', '044 920 47 43', 'Schafroth Zahntechnik GmbH', 'Alte Landstrasse 167, 8706 Meilen, Zürich'),
('48eb04d5-6597-4f01-9183-b71d7c00cc1d', 'Roman', 'Diethelm', 'roman.diethelm@schafwollzentrum-zo.ch', '079 586 03 27', 'Schafwollzentrum Zürcher Oberland GmbH', 'Medikerstrasse 21, 8614 Bertschikon (Gossau), Zürich'),
('ec3628cb-cc4b-49ed-9e08-cc3ab436fed6', 'Jan', 'Schalbetter', 'info@schalbetter-montagen.ch', '079 783 66 99', 'Schalbetter Montagen GmbH', 'Tennlimatt 202, 3503 Gysenstein, Bern'),
('0a3c3e0a-ba52-4a41-83ac-d9c42498250b', 'Werner', 'Ziegler', 'eschlikon@schalch-aeschbacher.ch', '071 971 13 38', 'Schalch + Aeschbacher AG', 'Winterthurerstrasse 4, 8360 Eschlikon, Thurgau'),
('1e530ff4-7acb-4c2b-83cd-5ff5a4c41058', 'Yvette', 'Schalch', 'y.schalch@schalch-kaczmarek.ch', '071 644 93 60', 'Schalch + Kaczmarek Architekturbüro GmbH', 'Fabrikstrasse 1, 8586 Erlen, Thurgau'),
('4fb29862-c51a-4b07-8ea7-106de77a61fb', 'Ambros', 'Schalch', 'schalch@holzmanufaktur-ag.ch', '079 437 85 28', 'Schalch Holzmanufaktur AG', 'Maltbach 4, 8514 Amlikon-Bissegg, Thurgau'),
('9d4f1f74-90f5-498a-9204-03f7c8709a45', 'Shirley', 'Schalcher', 'info@schalcher-engineering.ch', '071 950 12 77', 'Schalcher Engineering GmbH Wolfertswil', 'Städeliweg 7, 9220 Bischofszell, Thurgau'),
('002146e7-7ead-4a0a-8df1-84d03392f4f9', 'Karl', 'Gremlich', 'admin@schalk-druck.ch', '071 672 58 72', 'Schalk Druck GmbH', 'Trottenstrasse 6, 8280 Kreuzlingen, Thurgau'),
('6751c296-68e8-4632-8e26-f60e265eada6', 'Nikhil', 'Bigler', 'nikhil@schallundrauchbar.ch', 'N.a.', 'Schall und Rauch Bar', 'Rheingasse 25, 4058 Basel, Basel-Stadt'),
('167c8e90-9b4d-4bbe-a511-ada379a6a15c', 'Marco', 'Schällebaum', 'info@schaellebaum-parkett.ch', '071 278 22 85', 'Schällebaum Parkett GmbH', 'Distelistrasse 6, 9014 St. Gallen, St. Gallen'),
('a0720ac3-021b-44c5-8b5a-41d7a9e1d08d', 'Benjamin', 'Schaller', 'info@schallergroup.ch', '027 966 28 28', 'Schaller Beton AG', 'Spissstrasse 99, 3920 Zermatt, Wallis/Valais'),
('5a19e115-8d4c-49fc-8121-f88d778b18c0', 'Thomas', 'Schaller', 'schaller.elektro@bluewin.ch', '026 670 15 44', 'Schaller Elektro AG', 'Tavelweg 10, 3280 Murten, Fribourg/Freiburg'),
('9a2277e4-847f-4584-9507-d950ee75cc9a', 'Thomas', 'Schaller', 'info@schaller-haustechnik.ch', '062 929 28 48', 'Schaller Franz AG', 'Bahnhofstrasse 39, 4914 Roggwil, Bern'),
('b9e7b452-b525-49dd-a75a-de1c1d83a5fe', 'Marc', 'Schaller', 'info@gebaeude-solutions.ch', '079 727 50 30', 'Schaller Gebäude Solutions', 'Berghaldenstrasse 18, 8800 Thalwil, Zürich'),
('83b52047-9f98-400f-ac11-9dc4a958641f', 'Oswin', 'Felder', 'office@schallerag.com', '041 448 37 77', 'Schaller Josef AG, Kamin- und Metallbau', 'Schiltwaldstrasse 5, 6033 Buchrain, Luzern'),
('e7a8ee3c-f381-4eee-af4f-1b5e50b99709', 'Robert', 'Schaller', 'spenglerei.schaller@gmx.ch', '026 496 14 07', 'Schaller Robert Spenglerei & sanitäre Anlagen', 'Bahnhofstrasse 36, 3185 Schmitten, Fribourg/Freiburg'),
('8f4e766c-2f94-4f14-bc21-75d5ee4fe183', 'Daniel', 'Schaller', 'info@schaller-schreinerei.ch', '041 468 00 88', 'Schaller Schreinerei & Montage GmbH', 'Eichweid 11, 6203 Sempach, Luzern'),
('4b66fd4c-afc3-488a-b0af-90ba4301a514', 'Frank', 'Nünlist', 'frank.nuenlist@schalleruto.ch', '0800 840 850', 'Schaller Uto AG', 'Industriering 43, 3250 Lyss, Bern'),
('5d7d1744-93c8-45c0-8ab2-a5f95c0ef68d', 'Remo', 'Schällibaum', 'info@schaelli.ch', '044 492 06 66', 'Schällibaum + Partner AG', 'Norastrasse 7, 8040 Zürich, Zürich'),
('9fe94343-4983-49c4-8741-d8cbacc4eba3', 'Ueli', 'Schällibaum', 'u.schaellibaum@schaellibaum.ch', '071 987 60 90', 'Schällibaum AG', 'Ebnaterstrasse 143, 9630 Wattwil, St. Gallen'),
('d16700d1-e6c7-4630-a9b1-32809016f7c7', 'Simon', 'Schällibaum', 'simon.schaellibaum@schaellibaumbau.ch', '071 999 23 20', 'Schällibaum Bau AG', 'Starkenbach, 9656 Alt St. Johann, St. Gallen'),
('2cda08cc-1f6a-4371-bf90-6ab94ffc401e', 'Igor', 'Savicic', 'igor.savicic@schaltag.ch', '052 354 27 27', 'Schaltag AG', 'Industriestrasse, 8307 Effretikon, Zürich'),
('42e9855a-6acb-4eed-927e-710bc9ee49a0', 'Jean-Christophe', 'Martin', 'jean-christophe.martin@schaltraum.ch', '041 984 17 10', 'Schaltraum AG', 'Buzibachring 3a, 6023 Rothenburg, Luzern'),
('3acec7cb-45bc-4825-985f-655a7322b867', 'Martin', 'Kittelmann', 'kittelmann@fatzer-schaltanlagen.ch', '071 841 67 21', 'Schalttafelbau Fatzer AG', 'Kirchstrasse 2d, 9326 Horn, Thurgau'),
('7d6de0c1-07fa-498f-93b6-30eb9ecd622b', 'Mauro', 'Sanguanini', 'info@schalttech.ch', 'N.a.', 'Schalttech AG', 'St. Gallerstrasse 36, 9400 Rorschach, St. Gallen'),
('ef5022b7-ab25-4d70-8e57-2e2a488d61c1', 'Norbert', 'Schaniel', 'info@schanielgarten.ch', '081 322 65 62', 'Schaniel Gartenbau Floristik AG', 'Bannholzweg 2, 7208 Malans, Graubünden'),
('b3857c5a-0f37-44d4-be76-10eaa4de9171', 'Arnold', 'Frauenfelder', 'a.frauenfelder@gmx.ch', '052 630 0 630', 'SCHaP - Psychotherapeutinnen- und Psychotherapeutenverband', 'Vordergasse 54, 8200 Schaffhausen, Schaffhausen'),
('ad630e68-6569-4faa-ae32-30df7e8d847e', 'Remo', 'Schäpper', 'info@schaepper-platten.ch', '056 442 55 77', 'Schäpper Plattenbeläge GmbH', 'Ausserdorfstrasse 25, 5223 Riniken, Aargau'),
('fbbac972-ff96-42df-af30-ce2a9f41294f', 'Roger', 'Meier', 'r.meier@schaeppi-meier.ch', '043 266 22 81', 'Schäppi & Meier AG', 'Grindelstrasse 50, 8303 Bassersdorf, Zürich'),
('6554dc72-d4dc-4ed4-a271-a75fb5fa6853', 'Rolf', 'Schär', 'info@holzbauteam.ch', '079 340 59 44', 'Schär & Plüss Holzbau GmbH', 'Langenthalerstrasse 22, 4803 Vordemwald, Aargau'),
('372f5a38-23d0-4ed5-a437-dfc6b1713e9b', 'Urban', 'Stalder', 'info@gartenbern.ch', '079 364 24 01', 'Schär & Stalder Gartenbau GmbH', 'Steckweg 11, 3014 Bern, Bern'),
('f6be0c1f-d6a8-4e38-9f2a-1dd72d793213', 'Andreas', 'Egli', 'a.egli@schaer-egli.ch', '041 921 78 70', 'Schär + Egli GmbH', 'Centralstrasse 33, 6210 Sursee, Luzern'),
('ae228f47-10a1-4e58-a8bf-ded3c7742086', 'Jürg', 'Kuhn', 'j.kuhn@sll-ag.ch', '062 919 79 19', 'Schär + Leuenberger Schaltanlagen AG', 'Bern-Zürichstrasse 40, 4900 Langenthal, Bern'),
('c9e4c5a6-05d3-47a6-a7eb-c789d449765e', 'Marc', 'Hagmann', 'info@schaer-trojahn.ch', '031 980 10 10', 'Schär + Trojahn AG', 'Bahngässli 12, 3172 Niederwangen b. Bern, Bern'),
('55d1823e-a7b9-4e8e-994c-930c15c1ecb0', 'Fritz', 'Schär', 'f.schaer@schaerburi.ch', '031 357 53 88', 'Schär Buri Architekten AG', 'Ostermundigenstrasse 73, 3006 Bern, Bern'),
('29b09e2b-0936-4fbd-8799-b260ab60604f', 'Urs', 'Schär', 'info@schaer-elektro.ch', '032 641 14 74', 'Schär Elektrische Anlagen AG', 'Dorfstrasse 13, 2545 Selzach, Solothurn'),
('5c9e073f-a308-4a07-8dee-5a6b861c335a', 'Daniel', 'Schär', 'info@schaerelektro.ch', '079 439 21 91', 'Schär Elektro Installationen', 'Brüggmattenweg 27, 2503 Biel/Bienne, Bern'),
('097e0c1e-782d-4390-a53f-2cbc0909e0fa', 'Markus', 'Schär', 'info@schaer-gaerten.ch', '079 602 37 27', 'Schär Gärten GmbH', 'Unterer Kirchweg 4, 5064 Wittnau, Aargau'),
('73a5d7f7-801e-48b4-8c7c-671bc64501be', 'Markus', 'Schär', 'schaergruenpflege@bluewin.ch', '079 945 39 72', 'Schär Grünpflege GmbH', 'Chaletweg 6, 2555 Brügg, Bern'),
('65185098-5e2e-4a88-b988-1876829df3e2', 'Gerhard', 'Schär', 'info@schaer-innenausstattungen.ch', '032 661 11 75', 'Schär Innenausstattungen', 'Mühledorfstrasse 47, 4576 Tscheppach, Solothurn'),
('9220eb63-c0ab-423b-ae8e-911c3f4cc78d', 'Thomas', 'Schär', 'info@schaer-schuhtechnik.ch', '044 730 20 53', 'Schär Schuhtechnik', 'Dorfstrasse 15, 8967 Widen, Aargau'),
('a415e460-bb8d-443f-be08-8dc255c66a40', 'Michelle', 'Laube', 'schaerzouber@bluewin.ch', '077 461 56 46', 'Schär Zouber Michelle Laube', 'Steingrube 10, 6245 Ebersecken, Luzern'),
('3d037f0f-fadf-49d1-9c2c-e009f4fa13a1', 'Claudia', 'Schären', 'info@aktivtherapie.ch', '077 407 70 50', 'Schären Aktivtherapie', 'Hammerallee 23, 4600 Olten, Solothurn'),
('9d48aa7c-5625-4b2d-b970-08f8e54cd3da', 'Helmuth', 'Schärer', 'info@schaererpartner.ch', '032 625 54 44', 'Schärer & Partner Treuhand AG', 'Segetzstrasse 28, 4503 Solothurn, Solothurn'),
('b8248091-2e0e-4265-825f-fed33ca66848', 'Stefan', 'Schärer', 'info@schaererbeck.ch', '041 289 10 89', 'Schärer + Beck AG', 'Industriestrasse 55, 6312 Steinhausen, Zug'),
('85882af6-1332-47f2-90bf-755fbdb2e489', 'Richard', 'Meier', 'rm@schaererkunz.ch', '044 434 80 83', 'Schärer + Kunz AG', 'Hermetschloostrasse 73, 8048 Zürich, Zürich'),
('f7b33763-65f6-482b-9dd8-3b589fdab7ee', 'Urs', 'Schärrer', 'u.schaerer@schaererag.ch', '031 721 11 12', 'Schärer AG', 'Bernstrasse 3, 3110 Münsingen, Bern'),
('5accf023-c8c8-4de8-85ec-1a71a21b591f', 'André', 'Schärer', 'andre@schaerer-architekten.ch', '062 962 33 88', 'Schärer Architekten GmbH', 'Friedhofweg 34, 4950 Huttwil, Bern'),
('e896dc58-9d05-4458-b0a6-0025760f8a64', 'Rolf', 'Schärer', 'info@schaerer-transporte.ch', '056 664 40 80', 'Schärer Beinwil Transport GmbH', 'Rigistrasse 22, 5634 Merenschwand, Aargau'),
('a60ce808-8d43-410b-9208-03c193a998a7', 'Chantal', 'Schärer', 'mail@schaererdecarli.ch', '061 322 77 00', 'Schärer de Carli GmbH', 'Murbacherstrasse 34, 4056 Basel, Basel-Stadt'),
('8ed27877-ede4-465b-b36e-5c5f33e43efc', 'Martin', 'Schärer', 'schaerer.dental-labor@bluewin.ch', '044 830 50 02', 'Schärer Dental-Labor', 'Rütistrasse 47, 8044 Gockhausen, Zürich'),
('756c6e88-5061-46d6-b71d-b5f21c515d18', 'René', 'Schärer', 'ses-ag@bluewin.ch', '056 667 24 16', 'Schärer Elektronik AG', 'Jurastrasse 25, 5614 Sarmenstorf, Aargau'),
('635e876b-defa-4a4f-82f1-6d899cf0846c', 'Heinz', 'Schärer', 'info@schaerergmbh.ch', '031 732 10 20', 'Schärer Fleischverarbeitungen GmbH', 'Thunstrasse 2, 3150 Schwarzenburg, Bern'),
('4bc0629a-074c-41b5-a970-bce30a7e4a18', 'Joshua', 'Schärer', 'josh.schaerer@gmail.com', '079 782 83 38', 'Schärer Holzbau AG', 'Schachen 204, 5113 Holderbank, Aargau'),
('56c1ad72-b809-4961-8208-b5de4256db88', 'Ueli', 'Schärer', 'info@elektro-engineering.ch', '041 768 95 59', 'SCHÄRER PLUS AG', 'Grabenstrasse 25, 6340 Baar, Zug'),
('d5000719-21ee-4fe9-9a8c-1fd0481037f1', 'Jürg', 'Schärer', 'j.schaerer@schaerer-schreinerei.ch', '044 729 92 04', 'Schärer Schreinerei GmbH', 'Zugerstrasse 32, 8816 Hirzel, Zürich'),
('f43872bc-4fba-4853-b9fc-b684b791e5bc', 'Daniel', 'Schärer', 'info@schaerer5103.ch', '062 893 12 62', 'Schärer Söhne AG, Holzbau', 'Birchweg 7, 5103 Möriken, Aargau'),
('7ecadefa-3931-49a4-892b-f5465e5f1344', 'Manuela', 'Herren', 'info@schaererei.ch', '031 781 26 36', 'Schärerei - Coiffeur am Bahnhof', 'Bahnhofstrasse 25a, 3114 Wichtrach, Bern'),
('ade45af1-7822-4bde-b947-941b56a8d2f0', 'Alois', 'Amschwand', 'schaerfservice-ow@bluewin.ch', '079 628 31 37', 'Schärfservice Obwalden GmbH', 'Nawandel 2, 6073 Flüeli-Ranft, Obwalden'),
('15a039e7-a393-41d8-876a-745b7c5c9bd8', 'Kurt', 'Wettstein', 'kurt.wettstein@scharlachrot.ch', '043 322 22 40', 'Scharlachrot AG', 'Binzstrasse 23, 8045 Zürich, Zürich'),
('a0d7de61-30a3-4762-a7b7-2d758cdaff77', 'Thomas', 'Schärli', 'thomas.schaerli@schaerli-partner.ch', '041 418 51 55', 'Schärli & Partner Immobilien-Treuhand AG', 'Zürichstrasse 43, 6000 Luzern 6, Luzern'),
('e22f6aa6-1a2c-4ee8-a192-c11e199d4d38', 'Roland', 'Schärli', 'schaerli.ro@schaerlibossert.ch', '041 492 61 71', 'Schärli + Bossert AG', 'Hackenrüti 10, 6110 Wolhusen, Luzern'),
('0e70c20e-efb8-49c7-8dcd-af4df394814b', 'Tobias', 'Schärli', 'kontakt@schaerlioettli.ch', '043 931 70 00', 'Schärli + Oettli', 'Flüelastrasse 31b, 8047 Zürich, Zürich'),
('385739a3-bc83-4ad3-9aec-e4d2ebd43b65', 'Adriano', 'Bosco', 'adriano.bosco@schaerli-ag.ch', '041 417 17 77', 'Schärli Architekten AG', 'Fluhmattweg 6, 6000 Luzern, Luzern'),
('97f6ad61-5ef0-454e-95a9-d72fe317f46f', 'Daniel', 'Bättig', 'daniel.baettig@sb-partner.ch', '041 552 50 50', 'schärli bättig partner ag', 'Hirschgraben 13, 6003 Luzern, Luzern');

INSERT INTO leads (id, contact_id, source, status, value, notes) VALUES
('279b6a33-50a5-4af9-a755-49eca5728afc', 'c6de8470-17c2-401d-a559-4859fe079b80', 'KALTAKQUISE', 'ACTIVE', 0, 'Funktion: Präsidium  | Mitarbeiter: 1 bis 10 | Branche: Fussballvereine'),
('aa1606e6-629c-46fb-80cb-34b06b5d5bfe', '49171a71-9b1b-48af-99ac-450cec5a69fc', 'KALTAKQUISE', 'ACTIVE', 0, 'Funktion: Präsidium  | Mitarbeiter: 1 bis 10 | Branche: Fussballvereine'),
('4b4d7a91-51b5-4488-87bd-9d27ee449484', '31448c80-b518-41b9-a6ac-9dcee2c7692b', 'KALTAKQUISE', 'ACTIVE', 0, 'Funktion: Präsidium  | Mitarbeiter: 1 bis 10 | Branche: Fussballvereine'),
('13f2d502-2bac-4471-a694-7d19e60fe5f5', '61ba3454-f630-404c-8ab8-811186462893', 'KALTAKQUISE', 'ACTIVE', 0, 'Funktion: Präsidium  | Mitarbeiter: 1 bis 10 | Branche: Fussballvereine'),
('f2254b59-1b9e-49ab-9d92-1a2b578a1765', 'bb241d98-f006-4029-b13d-e18540485dce', 'KALTAKQUISE', 'ACTIVE', 0, 'Funktion: Präsidium  | Mitarbeiter: 1 bis 10 | Branche: Fussballvereine'),
('5b4371ed-59fd-4186-97f5-30f933d0d1d0', '8ffebbde-d6b9-451f-8831-5383ebaa1ade', 'KALTAKQUISE', 'ACTIVE', 0, 'Funktion: Präsidium  | Mitarbeiter: 1 bis 10 | Branche: Fussballvereine'),
('c710110e-5785-4f93-96c5-4a3f48e839f4', 'f3f921c5-9584-4de3-9e08-158b01a67898', 'KALTAKQUISE', 'ACTIVE', 0, 'Funktion: Geschäftsführer/in (CEO) | Mitarbeiter: 21 bis 50 | Branche: Energieindustrie / Nachhaltigkeitsbereich / Solar & Photovoltaik | Rechtsform: Aktiengesellschaft'),
('0de91fe1-81e4-437b-ba9c-7e47b3395aad', '5532f72b-cec2-484e-95bd-b9a50035614b', 'KALTAKQUISE', 'ACTIVE', 0, 'Funktion: Präsidium  | Mitarbeiter: 1 bis 10 | Branche: Fussballvereine'),
('940f0f55-02a2-4e00-b55d-9418c1a6e33a', '9c4c6399-e466-4af4-b2a4-3fc7f6aae203', 'KALTAKQUISE', 'ACTIVE', 0, 'Funktion: Präsidium  | Mitarbeiter: 1 bis 10 | Branche: Fussballvereine'),
('fb1c3b6e-23a8-4c84-8e90-40dacc193ac5', '8c7b526d-9fbe-4f2a-bcdb-60d161483fe8', 'KALTAKQUISE', 'ACTIVE', 0, 'Funktion: Präsidium  | Mitarbeiter: 1 bis 10 | Branche: Fussballvereine'),
('f93d78b7-6228-4e9b-9ea5-4bff5f9fce9f', '4dc15003-17a8-422a-bc7f-0dea377eeba7', 'KALTAKQUISE', 'ACTIVE', 0, 'Funktion: Präsidium  | Mitarbeiter: 1 bis 10 | Branche: Fussballvereine'),
('ccceee6a-e71d-4b45-8935-58117659daf6', '3d0c4546-f3ff-4373-89a8-823abf2d6aa4', 'KALTAKQUISE', 'ACTIVE', 0, 'Funktion: Präsidium  | Mitarbeiter: 1 bis 10 | Branche: Fussballvereine'),
('46411049-ac27-4b7a-94b4-bd2a3de36048', 'abb168a3-d174-4a3f-acbc-f71fb75e6c13', 'KALTAKQUISE', 'ACTIVE', 0, 'Funktion: Präsidium  | Mitarbeiter: 1 bis 10 | Branche: Fussballvereine'),
('fc81a5af-65a2-4fa5-984b-ca7622c18175', '76483f2d-ecf7-4d7e-bcb0-82889657f92f', 'KALTAKQUISE', 'ACTIVE', 0, 'Funktion: Präsidium  | Mitarbeiter: 11 bis 20 | Branche: Vereine & Stadien'),
('b09ffd1e-e46c-4b85-86e5-b5e27076d1c9', 'aa798e84-b5b1-43ae-868c-22ba50afa7f6', 'KALTAKQUISE', 'ACTIVE', 0, 'Funktion: Präsidium  | Mitarbeiter: 1 bis 10 | Branche: Fussballvereine'),
('54573e7e-8d1c-4b69-8499-e3d9c9da614b', '5f1816fb-2860-4f66-be77-3849dedc6692', 'KALTAKQUISE', 'ACTIVE', 0, 'Funktion: Geschäftsführer/in (CEO) | Mitarbeiter: 11 bis 20 | Branche: Vereine & Stadien | Rechtsform: Aktiengesellschaft'),
('dc6d52ff-f36d-476c-bef3-5b82ee0c886a', 'f1412f1b-2b12-416e-8a6a-6d2aa2ac1dfd', 'KALTAKQUISE', 'ACTIVE', 0, 'Funktion: Präsidium  | Mitarbeiter: 1 bis 10 | Branche: Fussballvereine'),
('861be71e-4fad-4018-b25c-e4c614e36c05', 'c87e3feb-2d36-4da6-94f5-3e231fc5d482', 'KALTAKQUISE', 'ACTIVE', 0, 'Funktion: Präsidium  | Mitarbeiter: 1 bis 10 | Branche: Fussballvereine'),
('31f9a254-c84f-471b-87db-86f8fccae415', '054974e9-1096-4421-9ea2-be9c20fb00b2', 'KALTAKQUISE', 'ACTIVE', 0, 'Funktion: Präsidium  | Mitarbeiter: 1 bis 10 | Branche: Fussballvereine'),
('0f516e32-f9bd-455f-b253-f5d9ca3576b8', 'e29b856e-475f-40b1-8f46-e028863ae8ba', 'KALTAKQUISE', 'ACTIVE', 0, 'Funktion: Präsidium  | Mitarbeiter: 1 bis 10 | Branche: Fussballvereine'),
('f429dd05-fb52-437f-9aa8-1ff0b2c83efa', '650d0b4e-56d7-4eb1-8c4a-43fcecb081da', 'KALTAKQUISE', 'ACTIVE', 0, 'Funktion: Präsidium  | Mitarbeiter: 1 bis 10 | Branche: Fussballvereine'),
('5efc598d-2a57-44e8-bbdc-2bbf40800723', '04d4eeb9-6704-4e99-9e7d-9b453e4f3dc8', 'KALTAKQUISE', 'ACTIVE', 0, 'Funktion: Präsidium  | Mitarbeiter: 1 bis 10 | Branche: Fussballvereine'),
('9f3faee0-f6bb-4c9f-8902-231367cccf32', '8684adfb-052d-41ae-a4eb-dada5a5bc00b', 'KALTAKQUISE', 'ACTIVE', 0, 'Funktion: Präsidium  | Mitarbeiter: 1 bis 10 | Branche: Fussballvereine'),
('8a69c89d-7997-4956-93a7-27226299c7ec', 'f4a14837-45c6-41e2-90cd-959148599552', 'KALTAKQUISE', 'ACTIVE', 0, 'Funktion: Präsidium  | Mitarbeiter: 1 bis 10 | Branche: Fussballvereine'),
('6f17de39-1dfd-42b8-a8b9-669f534c5267', '91a73bfa-81d6-46a7-bd3a-d8a4a0014ae8', 'KALTAKQUISE', 'ACTIVE', 0, 'Funktion: Präsidium  | Mitarbeiter: 1 bis 10 | Branche: Fussballvereine'),
('edb2ca87-5ec6-40b5-95e0-b43874b88bf7', '3b23e3f9-ff23-4772-a399-8b3eb155660b', 'KALTAKQUISE', 'ACTIVE', 0, 'Funktion: Präsidium  | Mitarbeiter: 1 bis 10 | Branche: Fussballvereine'),
('177defc9-c7ba-4cb5-9140-8a25d8c1e57f', 'd2b817e6-9f37-451b-8de6-8b0570b430d8', 'KALTAKQUISE', 'ACTIVE', 0, 'Funktion: Präsidium  | Mitarbeiter: 1 bis 10 | Branche: Fussballvereine'),
('674dffee-57ce-4e37-8d73-28984d2d7041', 'ae559bc9-3bb0-4483-a07c-730c7159c38e', 'KALTAKQUISE', 'ACTIVE', 0, 'Funktion: Präsidium  | Mitarbeiter: 1 bis 10 | Branche: Fussballvereine'),
('07220f0c-e6e3-46af-9fe9-35aefbc16457', '494359de-79ae-43d3-b81f-f9f197c18441', 'KALTAKQUISE', 'ACTIVE', 0, 'Funktion: Präsidium  | Mitarbeiter: 1 bis 10 | Branche: Fussballvereine'),
('2a9d5a77-603d-420c-9250-705f02697b7f', '1100ea93-32b6-4cbc-934a-a81727c88ef4', 'KALTAKQUISE', 'ACTIVE', 0, 'Funktion: Präsidium  | Mitarbeiter: 1 bis 10 | Branche: Fussballvereine'),
('535d84a3-c87b-4a1b-af48-111c3d95dc71', 'a8d6f219-7cc0-4663-84a0-70611fd34219', 'KALTAKQUISE', 'ACTIVE', 0, 'Funktion: Präsidium  | Mitarbeiter: 1 bis 10 | Branche: Fussballvereine'),
('cf495da4-f92c-4d70-8299-7eac34860443', 'c9938922-3b67-49cf-9bdd-441985263c3b', 'KALTAKQUISE', 'ACTIVE', 0, 'Funktion: Präsidium  | Mitarbeiter: 1 bis 10 | Branche: Fussballvereine'),
('828defce-6a59-4af6-a7d0-a3f8bef27aac', 'f2b934bc-7ceb-432a-bc12-8aedcca84a44', 'KALTAKQUISE', 'ACTIVE', 0, 'Funktion: Präsidium  | Mitarbeiter: 1 bis 10 | Branche: Fussballvereine'),
('f1ce5c18-7c15-47c9-bc95-b93c33dfe0ea', '252fc10f-16ee-4a09-ba54-850e252b4414', 'KALTAKQUISE', 'ACTIVE', 0, 'Funktion: Präsidium  | Mitarbeiter: 1 bis 10 | Branche: Fussballvereine'),
('6da85a7f-77b1-4585-bd04-2734bdec56dc', 'a208be06-7a12-40f8-a8da-6a89025353d7', 'KALTAKQUISE', 'ACTIVE', 0, 'Funktion: Präsidium  | Mitarbeiter: 1 bis 10 | Branche: Fussballvereine'),
('bbf3aea3-13c6-4dec-b0f2-c7bcdf11c13b', '1b6aac36-b704-42c0-9016-7d4872fb4898', 'KALTAKQUISE', 'ACTIVE', 0, 'Funktion: Präsidium  | Mitarbeiter: 1 bis 10 | Branche: Fussballvereine'),
('febb4afa-cb90-4d87-8639-10884a699756', '36e1a483-7163-41fa-b718-50b816523cb6', 'KALTAKQUISE', 'ACTIVE', 0, 'Funktion: Präsidium  | Mitarbeiter: 1 bis 10 | Branche: Fussballvereine'),
('f97e12d4-b3b0-483b-9e3b-38e6289d15b0', '7978eeac-d115-4df0-a8a5-02acfd9fa11d', 'KALTAKQUISE', 'ACTIVE', 0, 'Funktion: Präsidium  | Mitarbeiter: 11 bis 20 | Branche: Vereine & Stadien'),
('480226d5-aa21-4dd9-8ab9-c9f5d8688b1f', '096908ce-377f-4e24-9848-9fa03bec2c4a', 'KALTAKQUISE', 'ACTIVE', 0, 'Funktion: Präsidium  | Mitarbeiter: 1 bis 10 | Branche: Fussballvereine'),
('f785e7a2-d896-4aa5-bcff-dc98265a100b', '0a391df1-e907-4d57-8f84-540ef43bdde5', 'KALTAKQUISE', 'ACTIVE', 0, 'Funktion: Präsidium  | Mitarbeiter: 1 bis 10 | Branche: Fussballvereine'),
('a124d1e2-bf69-443f-9927-fd8ca29debb3', '1a47c2e7-bac8-424f-8f6a-66d287ed1130', 'KALTAKQUISE', 'ACTIVE', 0, 'Funktion: Geschäftsführer/in (CEO) | Mitarbeiter: 1 bis 10 | Branche: Immobilienprojektentwicklung / Bauherrenvertretung | Rechtsform: Gesellschaft mit beschränkter Haftung'),
('4ee1c1b8-15fc-4d47-91e0-9cfd39bd8bab', '6f21defa-6f9b-4554-90fc-ae7c62a7745b', 'KALTAKQUISE', 'ACTIVE', 0, 'Funktion: Geschäftsführer/in (CEO) | Mitarbeiter: 51 bis 100 | Branche: Top 2''000 CH-Unternehmen / Life-Science-Industrie | Rechtsform: Aktiengesellschaft'),
('0e6b21a1-1c60-4352-9c8b-65201a26bde9', 'e482c937-4978-4917-9e7a-45c92f2b0539', 'KALTAKQUISE', 'ACTIVE', 0, 'Funktion: Geschäftsführer/in (CEO) | Mitarbeiter: 21 bis 50 | Branche: Clubs, Bars & Eventlocations | Rechtsform: Verein'),
('f5fa9e91-d3a1-47bd-9eed-9c8bac3a5c88', '3e472719-10a0-4011-838d-aa2c7bc6bfa7', 'KALTAKQUISE', 'ACTIVE', 0, 'Funktion: Geschäftsführer/in (CEO) | Mitarbeiter: 11 bis 20 | Branche: Clubs, Bars & Eventlocations'),
('f7bab1eb-0fb3-4edf-98df-fbd9e8da98ab', '62130ea6-d83d-4cd2-8b98-f73a82bbbd7a', 'KALTAKQUISE', 'ACTIVE', 0, 'Funktion: Geschäftsführer/in (CEO) | Mitarbeiter: 21 bis 50 | Branche: Clubs, Bars & Eventlocations | Rechtsform: Aktiengesellschaft'),
('dcd42621-33fb-49c8-96c9-ab859eed51c1', '02de9deb-c4ca-4280-84a3-b418b7a4af3b', 'KALTAKQUISE', 'ACTIVE', 0, 'Funktion: Geschäftsführer/in (CEO) | Mitarbeiter: 21 bis 50 | Branche: Facility Management & Reinigungsfirmen | Rechtsform: Gesellschaft mit beschränkter Haftung'),
('326c9813-e32f-4d7b-82f9-bd16bb6c2a42', '6f8b87a1-63a4-4c71-bb63-0c427afe4f75', 'KALTAKQUISE', 'ACTIVE', 0, 'Funktion: Geschäftsführer/in (CEO) | Mitarbeiter: 1 bis 10 | Branche: Getränkeindustrie | Rechtsform: Aktiengesellschaft'),
('4aec3008-1486-4868-b871-03f37e194092', '5c3b208b-bb9f-49b1-9467-643a467a5463', 'KALTAKQUISE', 'ACTIVE', 0, 'Funktion: Geschäftsführer/in (CEO) | Mitarbeiter: 1 bis 10 | Branche: Unternehmensberater | Rechtsform: Gesellschaft mit beschränkter Haftung'),
('1532fbb1-28e6-42e4-85c3-be2259fb33f5', '445136b2-40a9-453c-b1b0-30d8aecaa8a6', 'KALTAKQUISE', 'ACTIVE', 0, 'Funktion: Geschäftsführer/in (CEO) | Mitarbeiter: 21 bis 50 | Branche: Life-Science-Industrie | Rechtsform: Aktiengesellschaft'),
('a52ed94c-a6f5-4ce3-a41b-bf945e56cae8', 'c9a56415-a97e-4745-9a95-52a951ceb48c', 'KALTAKQUISE', 'ACTIVE', 0, 'Funktion: Geschäftsführer/in (CEO) | Mitarbeiter: 1 bis 10 | Branche: Personalvermittler & -berater | Rechtsform: Aktiengesellschaft'),
('c5816516-09e9-4d83-b1cb-b3a6fb0d9b3a', '2d5ea233-ebed-4b42-9bce-78d7589cded6', 'KALTAKQUISE', 'ACTIVE', 0, 'Funktion: Geschäftsführer/in (CEO) | Mitarbeiter: 1 bis 10 | Branche: Online Shops / Spielwaren- & Babyfachhandel | Rechtsform: Gesellschaft mit beschränkter Haftung'),
('c17c79d9-a393-4298-b581-4696bfcd9a48', '044d0c04-6e1f-44b7-9730-f34893fc3142', 'KALTAKQUISE', 'ACTIVE', 0, 'Funktion: Geschäftsführer/in (CEO) | Mitarbeiter: 21 bis 50 | Branche: Medizintechnik-Industrie | Rechtsform: Aktiengesellschaft'),
('2908ff82-4657-4b83-8875-6fb56648c52e', 'e3b6e5f9-ab27-40a0-b1ee-29c54633255b', 'KALTAKQUISE', 'ACTIVE', 0, 'Funktion: Geschäftsführer/in (CEO) | Mitarbeiter: 21 bis 50 | Branche: Medizintechnik-Industrie | Rechtsform: Aktiengesellschaft'),
('4c922c18-33c9-4334-b68f-b72d5559a4b4', '30232bd0-8b67-4a0a-9060-d95079c885a2', 'KALTAKQUISE', 'ACTIVE', 0, 'Funktion: Geschäftsführer/in (CEO) | Mitarbeiter: 1 bis 10 | Branche: Coiffeursalons / Kosmetikstudios | Rechtsform: Gesellschaft mit beschränkter Haftung'),
('481a3f92-d09a-4fa9-80e8-0ac8ce042cd1', '169d38d5-b49a-494e-9f28-17e83d5ccb81', 'KALTAKQUISE', 'ACTIVE', 0, 'Funktion: Geschäftsführer/in (CEO) | Mitarbeiter: 1 bis 10 | Branche: IT Unternehmen | Rechtsform: Aktiengesellschaft'),
('0fdcfaa1-595f-4c85-9237-b3d3ffbd7514', '8ce8b139-7fe9-4a59-87ca-e5e785bf451a', 'KALTAKQUISE', 'ACTIVE', 0, 'Funktion: Geschäftsführer/in (CEO) | Mitarbeiter: 1 bis 10 | Branche: Maschinenbauindustrie | Rechtsform: Gesellschaft mit beschränkter Haftung'),
('7422bc60-86c3-4f61-b4a5-72a1a63e833d', 'ccc76bb8-cb27-469a-8108-3e158746005f', 'KALTAKQUISE', 'ACTIVE', 0, 'Funktion: Geschäftsführer/in (CEO) | Mitarbeiter: Mehr als 500 | Branche: Top 2''000 CH-Unternehmen / Garagen | Rechtsform: Aktiengesellschaft'),
('8131f46b-9c0e-4a08-ba8a-5123f8de4c02', 'cb53efa9-04da-4068-bad8-bab50746d296', 'KALTAKQUISE', 'ACTIVE', 0, 'Funktion: Geschäftsführer/in (CEO) | Mitarbeiter: 1 bis 10 | Branche: Werbeagenturen | Rechtsform: Gesellschaft mit beschränkter Haftung'),
('917a99e5-bc49-41b9-b590-dc88a742a7ef', '7ed87a5b-1005-4513-8585-c9fe78ff3df5', 'KALTAKQUISE', 'ACTIVE', 0, 'Funktion: Geschäftsführer/in (CEO) | Mitarbeiter: 1 bis 10 | Branche: IT Unternehmen | Rechtsform: Gesellschaft mit beschränkter Haftung'),
('691cce96-ea0c-4575-b78d-442776434cc4', 'b0e94229-819b-4431-a322-34e377defb88', 'KALTAKQUISE', 'ACTIVE', 0, 'Funktion: Geschäftsführer/in (CEO) | Mitarbeiter: 1 bis 10 | Branche: Online Shops | Rechtsform: Gesellschaft mit beschränkter Haftung'),
('bc3cfb4e-9a94-4abc-9617-e7ede9bc6801', '81215663-5217-4024-bda6-d209513c57e0', 'KALTAKQUISE', 'ACTIVE', 0, 'Funktion: Geschäftsführer/in (CEO) | Mitarbeiter: 1 bis 10 | Branche: Divers | Rechtsform: Gesellschaft mit beschränkter Haftung'),
('9501c095-943b-4c7d-92ef-4f7bd51bcffe', '4e58f760-4f36-4352-8c72-cc9333f4dd21', 'KALTAKQUISE', 'ACTIVE', 0, 'Funktion: Geschäftsführer/in (CEO) | Mitarbeiter: 1 bis 10 | Branche: Metallbauer | Rechtsform: Gesellschaft mit beschränkter Haftung'),
('23821254-c103-4028-a5cb-146e3a642109', '059f33ac-1a05-4856-a1ce-c94f3df36f8e', 'KALTAKQUISE', 'ACTIVE', 0, 'Funktion: Geschäftsführer/in (CEO) | Mitarbeiter: 1 bis 10 | Branche: Coiffeursalons | Rechtsform: Einzelunternehmen'),
('ebb984ff-eefe-4564-af71-ecddc2641857', '44e44630-40ef-46eb-b7f0-361b2e321b0a', 'KALTAKQUISE', 'ACTIVE', 0, 'Funktion: Geschäftsführer/in (CEO) | Mitarbeiter: 1 bis 10 | Branche: Textil- & Möbelindustrie | Rechtsform: Einzelunternehmen'),
('cf3d1e02-44a6-42c4-a7b6-a4f2f346568d', 'd669c460-694e-41df-96fe-3c52125f0437', 'KALTAKQUISE', 'ACTIVE', 0, 'Funktion: Geschäftsführer/in (CEO) | Mitarbeiter: 1 bis 10 | Branche: Kosmetikstudios | Rechtsform: Einzelunternehmen'),
('b4acebab-20f6-4396-9168-b14e20fbd09a', '9d7ead92-b8ea-43c7-9021-d214bf838b3e', 'KALTAKQUISE', 'ACTIVE', 0, 'Funktion: Geschäftsführer/in (CEO) | Mitarbeiter: 1 bis 10 | Branche: Werbeagenturen | Rechtsform: Aktiengesellschaft'),
('6683d230-2465-4681-844a-9c384c6c9be2', '9f3da038-ad44-48c9-9031-a033c14b1b41', 'KALTAKQUISE', 'ACTIVE', 0, 'Funktion: Geschäftsführer/in (CEO) | Mitarbeiter: 21 bis 50 | Branche: Vereine & Stadien | Rechtsform: Aktiengesellschaft'),
('fea1f065-5eea-45d8-a03d-28d007ccaa7a', 'f4c7cbe1-f533-4a60-8516-abb2bfd8d505', 'KALTAKQUISE', 'ACTIVE', 0, 'Funktion: Geschäftsführer/in (CEO) | Mitarbeiter: 1 bis 10 | Branche: Werbeagenturen | Rechtsform: Aktiengesellschaft'),
('8eaec767-5d3e-4fde-944e-5e92d7532a40', '03a78ca5-2985-4348-a80f-20d550823510', 'KALTAKQUISE', 'ACTIVE', 0, 'Funktion: Geschäftsführer/in (CEO) | Mitarbeiter: 1 bis 10 | Branche: Unternehmensberater | Rechtsform: Einzelunternehmen'),
('50ff8b42-6267-40e4-a4f2-24c627bcac44', '9a213944-bf2a-44b6-bf06-f6c6af10f1e6', 'KALTAKQUISE', 'ACTIVE', 0, 'Funktion: Geschäftsführer/in (CEO) | Mitarbeiter: 1 bis 10 | Branche: Bauingenieurbüros | Rechtsform: Aktiengesellschaft'),
('bb4558f7-8eba-404d-9305-6705386cabd2', 'afa696f1-c1bf-4305-967a-db4472208973', 'KALTAKQUISE', 'ACTIVE', 0, 'Funktion: Geschäftsführer/in (CEO) | Mitarbeiter: 1 bis 10 | Branche: Restaurants'),
('b8316b15-a4cf-44ff-930e-3a2c8bebac6f', '781eca7c-6154-4e36-ae57-39e61008fed8', 'KALTAKQUISE', 'ACTIVE', 0, 'Funktion: Geschäftsführer/in (CEO) | Mitarbeiter: 21 bis 50 | Branche: Medizintechnik-Industrie | Rechtsform: Aktiengesellschaft'),
('20b20bbf-b3ec-4153-b422-0525b660838c', 'e48e1e9d-05e9-45d7-b5f7-ae6cf79e4131', 'KALTAKQUISE', 'ACTIVE', 0, 'Funktion: Geschäftsführer/in (CEO) | Mitarbeiter: 11 bis 20 | Branche: Online Shops | Rechtsform: Aktiengesellschaft'),
('9184358b-4869-47c3-a04e-0649b2fb0e3e', '03937f8b-292b-4d96-aa51-8116dbe9d604', 'KALTAKQUISE', 'ACTIVE', 0, 'Funktion: Geschäftsführer/in (CEO) | Mitarbeiter: 1 bis 10 | Branche: Werbeagenturen | Rechtsform: Gesellschaft mit beschränkter Haftung'),
('d7f431f5-1fe6-4e41-9375-071125beda21', '9937d482-41f8-45f4-866e-7d9c8150b64b', 'KALTAKQUISE', 'ACTIVE', 0, 'Funktion: Geschäftsführer/in (CEO) | Mitarbeiter: 11 bis 20 | Branche: Sanitär & Haustechnik'),
('e6e20037-42d4-4505-aeb8-1310b390aa9f', '7151b58b-657c-454e-9041-c5387492d1c5', 'KALTAKQUISE', 'ACTIVE', 0, 'Funktion: Geschäftsführer/in (CEO) | Mitarbeiter: 1 bis 10 | Branche: Boden- & Plattenleger'),
('9ffd3909-2191-4a12-b554-9048dabce2ee', '7f143f62-0807-44e3-a2e6-6ed6cf1f5285', 'KALTAKQUISE', 'ACTIVE', 0, 'Funktion: Geschäftsführer/in (CEO) | Mitarbeiter: 11 bis 20 | Branche: Hofläden & Bauernhöfe / Nachhaltigkeitsbereich'),
('2575e02d-fdd3-4185-bea8-d3a6d8bca8b1', '2a8226bd-b82f-42dd-ae44-5e291bf1e1a5', 'KALTAKQUISE', 'ACTIVE', 0, 'Funktion: Geschäftsführer/in (CEO) | Mitarbeiter: 1 bis 10 | Branche: Hofläden & Bauernhöfe'),
('e42244a8-fd28-4703-9e0f-dd5a1aa1e357', '28d4e2b0-8cbe-4f3c-bf12-54ea74a0ef6b', 'KALTAKQUISE', 'ACTIVE', 0, 'Funktion: Geschäftsführer/in (CEO) | Mitarbeiter: 1 bis 10 | Branche: Garagen | Rechtsform: Aktiengesellschaft'),
('f793cc32-35ad-44e3-a1d2-b9b01bd7342b', 'da171bc2-1bcd-44f2-bc07-4aad03cc1a49', 'KALTAKQUISE', 'ACTIVE', 0, 'Funktion: Geschäftsführer/in (CEO) | Mitarbeiter: 1 bis 10 | Branche: Restaurants | Rechtsform: Gesellschaft mit beschränkter Haftung'),
('d656728f-1f07-4d5a-bb9b-67456373717f', '2f2d8080-a938-4b25-a7dc-9cd2ea0ddc81', 'KALTAKQUISE', 'ACTIVE', 0, 'Funktion: Geschäftsführer/in (CEO) | Mitarbeiter: 1 bis 10 | Branche: Hofläden & Bauernhöfe'),
('5f1f5799-8efd-4ad3-90fe-373726b89bdc', '1dc6b7cc-c348-4b48-a398-aceee1603665', 'KALTAKQUISE', 'ACTIVE', 0, 'Funktion: Geschäftsführer/in (CEO) | Mitarbeiter: 101 bis 500 | Branche: Elektroplanung & Installation / Top 2''000 CH-Unternehmen | Rechtsform: Aktiengesellschaft'),
('a4547f60-e33f-439d-895b-59447f451c2e', '623eb517-0ef8-41fc-8881-4e9cb80c9d7c', 'KALTAKQUISE', 'ACTIVE', 0, 'Funktion: Geschäftsführer/in (CEO) | Mitarbeiter: 1 bis 10 | Branche: Sanitär & Haustechnik | Rechtsform: Aktiengesellschaft'),
('cbd448d9-1c8d-4371-a1de-51993746da1e', 'bdd149d7-2fea-456d-bee3-ca55e753a1aa', 'KALTAKQUISE', 'ACTIVE', 0, 'Funktion: Geschäftsführer/in (CEO) | Mitarbeiter: 11 bis 20 | Branche: Schreinerei- & Holzbaubetriebe'),
('a311e67a-9c81-452a-9b57-1039ec636b77', '93072432-ba74-476b-96f2-34d8e2b98468', 'KALTAKQUISE', 'ACTIVE', 0, 'Funktion: Geschäftsführer/in (CEO) | Mitarbeiter: 21 bis 50 | Branche: Gartenbau & -pflege | Rechtsform: Aktiengesellschaft'),
('76382d77-187b-4215-9b91-0dd634d0a29d', 'ca0e60f0-4970-40fb-aed0-327606f86105', 'KALTAKQUISE', 'ACTIVE', 0, 'Funktion: Geschäftsführer/in (CEO) | Mitarbeiter: 1 bis 10 | Branche: Treuhandbüros | Rechtsform: Aktiengesellschaft'),
('327a8bc8-c6f2-4077-b7de-1660f693f11c', 'c10d5ae0-a00b-4ffa-959d-b637bed99a8f', 'KALTAKQUISE', 'ACTIVE', 0, 'Funktion: Geschäftsführer/in (CEO) | Mitarbeiter: 1 bis 10 | Branche: Architekturbüros | Rechtsform: Aktiengesellschaft'),
('e5edb2ac-c8bb-4e88-a990-33e5e4500a8f', '35930d4f-4143-43cf-9ac9-5a3780f802fa', 'KALTAKQUISE', 'ACTIVE', 0, 'Funktion: Geschäftsführer/in (CEO) | Mitarbeiter: 1 bis 10 | Branche: Logistik- & Transportunternehmen | Rechtsform: Aktiengesellschaft'),
('f4e7aebf-f553-49ac-8925-af848774650c', 'ae9b21d9-ed69-4dd9-b243-0a3bc4804728', 'KALTAKQUISE', 'ACTIVE', 0, 'Funktion: Geschäftsführer/in (CEO) | Mitarbeiter: 21 bis 50 | Branche: Online Shops | Rechtsform: Aktiengesellschaft'),
('25678038-9fee-413a-b9d8-5f59797a600e', 'ef7cae05-7e55-4156-9140-9b08caabb237', 'KALTAKQUISE', 'ACTIVE', 0, 'Funktion: Geschäftsführer/in (CEO) | Mitarbeiter: 101 bis 500 | Branche: Medizintechnik-Industrie | Rechtsform: Aktiengesellschaft'),
('f6376d3f-ac47-485e-98ad-56c4be528e2d', 'b5563281-9124-44a0-9cf4-336f357b41e9', 'KALTAKQUISE', 'ACTIVE', 0, 'Funktion: Geschäftsführer/in (CEO) | Mitarbeiter: 1 bis 10 | Branche: Energieindustrie / Nachhaltigkeitsbereich / Sanitär & Haustechnik / Solar & Photovoltaik | Rechtsform: Aktiengesellschaft'),
('59c4a9ef-2d5b-4e4b-9e92-49d0b5b1a52f', '8474e841-942b-4bfd-8eab-0c94089f718e', 'KALTAKQUISE', 'ACTIVE', 0, 'Funktion: Geschäftsführer/in (CEO) | Mitarbeiter: 21 bis 50 | Branche: Life-Science-Industrie / Unternehmensberater | Rechtsform: Gesellschaft mit beschränkter Haftung'),
('2af210eb-835f-4695-b69e-a9e0bcc98ea7', 'f07d840f-a8d7-4def-b57d-1ddef3c4e90e', 'KALTAKQUISE', 'ACTIVE', 0, 'Funktion: Geschäftsführer/in (CEO) | Mitarbeiter: 1 bis 10 | Branche: Psychiatrie & Psychotherapie'),
('9e1c1689-955e-4666-bc98-8a186b7175cd', '0fb1016f-324a-4246-96c0-89a008874a49', 'KALTAKQUISE', 'ACTIVE', 0, 'Funktion: Geschäftsführer/in (CEO) | Mitarbeiter: 101 bis 500 | Branche: Maschinenbauindustrie | Rechtsform: Aktiengesellschaft'),
('6d568155-df02-45e8-b0cf-58c0599a25c7', '18bb3347-61cb-464b-9bab-00f1671439e9', 'KALTAKQUISE', 'ACTIVE', 0, 'Funktion: Geschäftsführer/in (CEO) | Mitarbeiter: 21 bis 50 | Branche: Schreinerei- & Holzbaubetriebe | Rechtsform: Aktiengesellschaft'),
('b03fd2b6-582d-44d1-b4a2-44a589c1ff89', '3bcb3e0e-2dd9-4e98-8a74-f7011c49949a', 'KALTAKQUISE', 'ACTIVE', 0, 'Funktion: Geschäftsführer/in (CEO) | Mitarbeiter: 11 bis 20 | Branche: General- & Totalunternehmungen / Schreinerei- & Holzbaubetriebe / Immobilienprojektentwicklung | Rechtsform: Aktiengesellschaft'),
('4ca27e2b-66ec-4d03-9e11-5f6ceee87956', '283ecd68-8de5-4426-a07a-d10f779404e7', 'KALTAKQUISE', 'ACTIVE', 0, 'Funktion: Geschäftsführer/in (CEO) | Mitarbeiter: 1 bis 10 | Branche: Schreinerei- & Holzbaubetriebe | Rechtsform: Aktiengesellschaft'),
('10dd3a15-8d4c-45b8-8207-755497d5e58e', '27a15f64-f253-4091-9a8a-2571a85bff46', 'KALTAKQUISE', 'ACTIVE', 0, 'Funktion: Geschäftsführer/in (CEO) | Mitarbeiter: 1 bis 10 | Branche: Treuhandbüros | Rechtsform: Aktiengesellschaft'),
('ee8ea195-05d2-4aec-a10b-538299659294', '1c800b64-c121-45ba-a2d2-3efe5ad9e5cd', 'KALTAKQUISE', 'ACTIVE', 0, 'Funktion: Geschäftsführer/in (CEO) | Mitarbeiter: 1 bis 10 | Branche: Architekturbüros / Innenausstatter | Rechtsform: Kollektivgesellschaft'),
('1e511f57-1f53-47e3-99fa-6cfde6c23748', 'c029daac-c1ec-4d97-b9cb-1f3783faee89', 'KALTAKQUISE', 'ACTIVE', 0, 'Funktion: Geschäftsführer/in (CEO) | Mitarbeiter: 11 bis 20 | Branche: Logistik- & Transportunternehmen / Entsorgungsindustrie | Rechtsform: Aktiengesellschaft'),
('df904316-f621-4cd3-81f6-2cb5b9dfd110', 'ca9259b2-7435-43e2-a7a4-b62e8c202519', 'KALTAKQUISE', 'ACTIVE', 0, 'Funktion: Geschäftsführer/in (CEO) | Mitarbeiter: 1 bis 10 | Branche: Boden- & Plattenleger'),
('e5330b1b-8032-4074-b09f-aa13f0966d7a', 'b6443b4f-5eee-46c7-9880-c22e1ac33f3a', 'KALTAKQUISE', 'ACTIVE', 0, 'Funktion: Geschäftsführer/in (CEO) | Mitarbeiter: 21 bis 50 | Branche: Elektroplanung & Installation / Nachhaltigkeitsbereich / Solar & Photovoltaik | Rechtsform: Gesellschaft mit beschränkter Haftung'),
('72dd6705-7905-4d26-a0a3-34b8cb7897ab', '939a200c-8be7-40f7-9db5-5c4025507dbc', 'KALTAKQUISE', 'ACTIVE', 0, 'Funktion: Geschäftsführer/in (CEO) | Mitarbeiter: 21 bis 50 | Branche: General- & Totalunternehmungen / Schreinerei- & Holzbaubetriebe | Rechtsform: Aktiengesellschaft'),
('c08e8b84-e180-40a7-ba7e-152d929b1e98', '7e75ba6f-24fc-4eee-9830-2d47074b2968', 'KALTAKQUISE', 'ACTIVE', 0, 'Funktion: Geschäftsführer/in (CEO) | Mitarbeiter: 11 bis 20 | Branche: Elektroplanung & Installation / Energieindustrie / Nachhaltigkeitsbereich / Solar & Photovoltaik | Rechtsform: Aktiengesellschaft'),
('46dea42f-f452-4ee9-9e9e-4e1ef4aac4ae', 'd37c443a-1a40-4051-988a-e517769534d8', 'KALTAKQUISE', 'ACTIVE', 0, 'Funktion: Geschäftsführer/in (CEO) | Mitarbeiter: 51 bis 100 | Branche: Facility Management & Reinigungsfirmen | Rechtsform: Aktiengesellschaft'),
('fdd40990-d1d3-44e9-9659-61000ea0b4c0', 'c4c2099e-a015-457b-9f08-719171d9e46a', 'KALTAKQUISE', 'ACTIVE', 0, 'Funktion: Geschäftsführer/in (CEO) | Mitarbeiter: 11 bis 20 | Branche: Metallbauer | Rechtsform: Aktiengesellschaft'),
('56c40165-27cf-4cb2-87ee-5c72b0514a5a', '5755b2de-fd54-4fb4-8c85-b116c5c1f9a9', 'KALTAKQUISE', 'ACTIVE', 0, 'Funktion: Geschäftsführer/in (CEO) | Mitarbeiter: 21 bis 50 | Branche: Schreinerei- & Holzbaubetriebe | Rechtsform: Aktiengesellschaft'),
('0c3e862f-60da-4e16-be7f-4a16231be094', 'ed2fafc2-133e-4b5e-9900-d3f5a9b36900', 'KALTAKQUISE', 'ACTIVE', 0, 'Funktion: Geschäftsführer/in (CEO) | Mitarbeiter: Mehr als 500 | Branche: Online Shops | Rechtsform: Aktiengesellschaft'),
('116d69d7-24a0-4e3e-a579-27f57af75f9b', '86dd2fd5-d29a-4138-ab28-e4dc2ced7f7e', 'KALTAKQUISE', 'ACTIVE', 0, 'Funktion: Geschäftsführer/in (CEO) | Mitarbeiter: 1 bis 10 | Branche: Spielwaren- & Babyfachhandel | Rechtsform: Gesellschaft mit beschränkter Haftung'),
('94fd06d1-83b1-4881-943d-3b07d21b9b2b', '1afe3230-ee00-4fed-ac99-2bf4bc0f633e', 'KALTAKQUISE', 'ACTIVE', 0, 'Funktion: Geschäftsführer/in (CEO) | Mitarbeiter: 1 bis 10 | Branche: Weiterbildungsinstitute'),
('c7c24883-bc94-4962-8981-65e2764b7189', 'ade0137e-257d-4e32-aba9-bdfbdd5b9a06', 'KALTAKQUISE', 'ACTIVE', 0, 'Funktion: Geschäftsführer/in (CEO) | Mitarbeiter: 1 bis 10 | Branche: Clubs, Bars & Eventlocations'),
('9b5aea29-1032-4468-8105-8b579387f08e', 'fb5240f8-377f-4fc8-82f8-33387c866744', 'KALTAKQUISE', 'ACTIVE', 0, 'Funktion: Geschäftsführer/in (CEO) | Mitarbeiter: 11 bis 20 | Branche: Nachhaltigkeitsbereich / Sanitär & Haustechnik / Solar & Photovoltaik | Rechtsform: Aktiengesellschaft'),
('dcca7dea-cb07-4c58-a0c1-3a7d21ec8f53', 'ceea0696-ed6d-461b-b1bf-99ae59f15ddc', 'KALTAKQUISE', 'ACTIVE', 0, 'Funktion: Geschäftsführer/in (CEO) | Mitarbeiter: 11 bis 20 | Branche: Zeitungen & Zeitschriften'),
('75eb02f5-72c7-48d1-8e50-342d2585b8a3', '28e8ece4-30ac-4670-9abf-1409620c7090', 'KALTAKQUISE', 'ACTIVE', 0, 'Funktion: Chefredaktion | Mitarbeiter: 11 bis 20 | Branche: Zeitungen & Zeitschriften'),
('a073a27f-d8c0-4580-bc5d-e1ebee883628', '8a73e6d0-7e38-4f2b-ac8e-efedeeeb90c6', 'KALTAKQUISE', 'ACTIVE', 0, 'Funktion: Geschäftsführer/in (CEO) | Mitarbeiter: 101 bis 500 | Branche: Banken / Top 2''000 CH-Unternehmen | Rechtsform: Institut des öffentlichen Rechts'),
('84163674-50c9-40e5-a72c-92c7575fe36d', 'b5618974-6236-4a11-b70e-d79883c0bca7', 'KALTAKQUISE', 'ACTIVE', 0, 'Funktion: Chefredaktion | Mitarbeiter: 21 bis 50 | Branche: Zeitungen & Zeitschriften'),
('da23558d-2b74-43f3-b4bc-7b005dc6c62d', '92d2513d-d54a-4376-90db-a5f467cb0ed8', 'KALTAKQUISE', 'ACTIVE', 0, 'Funktion: Geschäftsführer/in (CEO) | Mitarbeiter: 21 bis 50 | Branche: Heime beeintr. Personen / Schulen'),
('2e9ad920-ab12-4e1b-8121-df09220ff02b', 'a49d5f23-a4f6-454f-a8d1-44b261c22709', 'KALTAKQUISE', 'ACTIVE', 0, 'Funktion: Geschäftsführer/in (CEO) | Mitarbeiter: 1 bis 10 | Branche: Externe Vermögensverwalter | Rechtsform: Aktiengesellschaft'),
('412d7364-29d9-429e-8984-662eafcc3bac', 'e0bae935-9175-4de9-a0c8-c3d2763441f7', 'KALTAKQUISE', 'ACTIVE', 0, 'Funktion: Geschäftsführer/in (CEO) | Mitarbeiter: 11 bis 20 | Branche: Divers | Rechtsform: Verein'),
('58fedaf4-03ad-4075-9fd1-612e9933fd7d', 'b6332f89-edaa-41b1-892f-a5905bf7308f', 'KALTAKQUISE', 'ACTIVE', 0, 'Funktion: Geschäftsführer/in (CEO) | Mitarbeiter: 1 bis 10 | Branche: Unternehmensberater | Rechtsform: Einzelunternehmen'),
('6358ff64-332b-453e-8d31-639052719eb6', '1f4025b0-8eee-4123-a999-65da713338b7', 'KALTAKQUISE', 'ACTIVE', 0, 'Funktion: Geschäftsführer/in (CEO) | Mitarbeiter: 1 bis 10 | Branche: Druckereibetriebe'),
('96df8782-6256-488c-81e8-f40898d7515c', 'daf41ccd-34f4-47fa-a2ee-831b098069cd', 'KALTAKQUISE', 'ACTIVE', 0, 'Funktion: Geschäftsführer/in (CEO) | Mitarbeiter: 11 bis 20 | Branche: Elektroindustrie | Rechtsform: Gesellschaft mit beschränkter Haftung'),
('8ac9ef51-d509-4c29-bb28-65fa7e017b49', '722d79bb-295e-4452-afb4-7912e0fc90bf', 'KALTAKQUISE', 'ACTIVE', 0, 'Funktion: Geschäftsführer/in (CEO) | Mitarbeiter: Mehr als 500 | Branche: Elektroindustrie / Top 2''000 CH-Unternehmen | Rechtsform: Aktiengesellschaft'),
('6d09abee-f220-4fa5-bd73-8fbe5d214732', 'e7183a93-93c4-48dc-b212-d288ad6be07d', 'KALTAKQUISE', 'ACTIVE', 0, 'Funktion: Geschäftsführer/in (CEO) | Mitarbeiter: 1 bis 10 | Branche: Gartenbau & -pflege | Rechtsform: Einzelunternehmen'),
('1dc6e218-a630-4446-ae3e-747ddc347f21', '5152b804-f4b6-47e2-a6ae-040858442d23', 'KALTAKQUISE', 'ACTIVE', 0, 'Funktion: Geschäftsführer/in (CEO) | Mitarbeiter: 1 bis 10 | Branche: Garagen | Rechtsform: Gesellschaft mit beschränkter Haftung'),
('841a1d2b-5b93-468a-b266-478c48e2445e', '613f6f21-22ee-46df-8653-05318b5007a2', 'KALTAKQUISE', 'ACTIVE', 0, 'Funktion: Geschäftsführer/in (CEO) | Mitarbeiter: 11 bis 20 | Branche: Sanitär & Haustechnik | Rechtsform: Aktiengesellschaft'),
('f2b3020a-eb12-4af6-b016-60b44d34fdae', '805b2606-4aaa-4d2c-ad1d-1077a26d77de', 'KALTAKQUISE', 'ACTIVE', 0, 'Funktion: Geschäftsführer/in (CEO) | Mitarbeiter: 1 bis 10 | Branche: Sanitär & Haustechnik | Rechtsform: Aktiengesellschaft'),
('0f1e70d6-9be0-4f70-9559-ec3d0bdfea18', 'c9282a1d-ff1e-4865-aba2-908db53f5e6f', 'KALTAKQUISE', 'ACTIVE', 0, 'Funktion: Gesamtleitung/Direktion | Mitarbeiter: 1 bis 10 | Branche: Beherbergungsstätten'),
('319f2719-c5df-4700-8f18-a43bafa4da17', '2c724c80-de50-4e92-ba4b-fce15bcc43e4', 'KALTAKQUISE', 'ACTIVE', 0, 'Funktion: Geschäftsführer/in (CEO) | Mitarbeiter: 11 bis 20 | Branche: Nachhaltigkeitsbereich / Sanitär & Haustechnik / Solar & Photovoltaik | Rechtsform: Aktiengesellschaft'),
('831511f0-2298-4b87-bd89-1a36f1ce3cad', '0a46d1f5-6968-428f-a939-e68ba76c2c6a', 'KALTAKQUISE', 'ACTIVE', 0, 'Funktion: Geschäftsführer/in (CEO) | Mitarbeiter: 21 bis 50 | Branche: Logistik- & Transportunternehmen | Rechtsform: Aktiengesellschaft'),
('e7cf23c8-4808-4d5f-87e0-b599a4ee38a3', '2ebbd1a3-b315-47d4-983c-2f0e4a925275', 'KALTAKQUISE', 'ACTIVE', 0, 'Funktion: Geschäftsführer/in (CEO) | Mitarbeiter: 1 bis 10 | Branche: Restaurants | Rechtsform: Gesellschaft mit beschränkter Haftung'),
('6557240c-255a-4354-a88a-d7031fb07837', '6ce5cd50-62fd-4912-8953-a9b79e211b96', 'KALTAKQUISE', 'ACTIVE', 0, 'Funktion: Geschäftsführer/in (CEO) | Mitarbeiter: 1 bis 10 | Branche: Lebensmittelverarbeitung / Restaurants | Rechtsform: Einzelunternehmen'),
('e6e73b97-c869-4aca-9647-fc88a8d4ede3', '4e800167-d5fb-47b5-ac8f-048e997bd33c', 'KALTAKQUISE', 'ACTIVE', 0, 'Funktion: Geschäftsführer/in (CEO) | Mitarbeiter: 1 bis 10 | Branche: Hofläden & Bauernhöfe'),
('ca77d404-6a14-4a72-a279-af7e00a8b870', 'd5ac5bf9-8831-4eae-bbe3-70e59ee10808', 'KALTAKQUISE', 'ACTIVE', 0, 'Funktion: Geschäftsführer/in (CEO) | Mitarbeiter: 1 bis 10 | Branche: Lebensmittelverarbeitung / Online Shops | Rechtsform: Gesellschaft mit beschränkter Haftung'),
('82fafcfa-3102-487a-99b5-feb09336868d', 'a47430fd-8857-4127-8f8a-05d0ea5ecf5e', 'KALTAKQUISE', 'ACTIVE', 0, 'Funktion: Geschäftsführer/in (CEO) | Mitarbeiter: 1 bis 10 | Branche: Hofläden & Bauernhöfe'),
('7a6d3a47-1c58-4954-8fe0-ac9df2ba6404', '8fa7ee22-b294-4450-99ef-f1e83b3870a2', 'KALTAKQUISE', 'ACTIVE', 0, 'Funktion: Geschäftsführer/in (CEO) | Mitarbeiter: 1 bis 10 | Branche: Medizintechnik-Industrie | Rechtsform: Gesellschaft mit beschränkter Haftung'),
('46dd75da-e45c-48ec-9590-e45228541c81', '48eb04d5-6597-4f01-9183-b71d7c00cc1d', 'KALTAKQUISE', 'ACTIVE', 0, 'Funktion: Geschäftsführer/in (CEO) | Mitarbeiter: 1 bis 10 | Branche: Textil- & Möbelindustrie | Rechtsform: Gesellschaft mit beschränkter Haftung'),
('9250a7a0-ae0b-47f8-8a12-cafd517e9ead', 'ec3628cb-cc4b-49ed-9e08-cc3ab436fed6', 'KALTAKQUISE', 'ACTIVE', 0, 'Funktion: Geschäftsführer/in (CEO) | Mitarbeiter: 1 bis 10 | Branche: Schreinerei- & Holzbaubetriebe'),
('697476c1-94b4-42b2-b8cd-24129afedb78', '0a3c3e0a-ba52-4a41-83ac-d9c42498250b', 'KALTAKQUISE', 'ACTIVE', 0, 'Funktion: Geschäftsführer/in (CEO) | Mitarbeiter: 11 bis 20 | Branche: Architekturbüros | Rechtsform: Aktiengesellschaft'),
('0d62b94e-2606-42a1-8e9d-082a12d7bde0', '1e530ff4-7acb-4c2b-83cd-5ff5a4c41058', 'KALTAKQUISE', 'ACTIVE', 0, 'Funktion: Geschäftsführer/in (CEO) | Mitarbeiter: 1 bis 10 | Branche: Architekturbüros | Rechtsform: Gesellschaft mit beschränkter Haftung'),
('c6599fba-0c32-437e-a555-ab0cdf4bbbff', '4fb29862-c51a-4b07-8ea7-106de77a61fb', 'KALTAKQUISE', 'ACTIVE', 0, 'Funktion: Geschäftsführer/in (CEO) | Mitarbeiter: 1 bis 10 | Branche: Schreinerei- & Holzbaubetriebe'),
('d58c7ce6-5c95-40e0-a78a-2fcffa42179c', '9d4f1f74-90f5-498a-9204-03f7c8709a45', 'KALTAKQUISE', 'ACTIVE', 0, 'Funktion: Geschäftsführer/in (CEO) | Mitarbeiter: 1 bis 10 | Branche: Maschinenbauindustrie | Rechtsform: Gesellschaft mit beschränkter Haftung'),
('ca4d0d8a-716d-4fe6-bd45-8500d430751c', '002146e7-7ead-4a0a-8df1-84d03392f4f9', 'KALTAKQUISE', 'ACTIVE', 0, 'Funktion: Geschäftsführer/in (CEO) | Mitarbeiter: 1 bis 10 | Branche: Druckereibetriebe'),
('2fd04ee0-e696-4a7f-be39-d30609718cb3', '6751c296-68e8-4632-8e26-f60e265eada6', 'KALTAKQUISE', 'ACTIVE', 0, 'Funktion: Geschäftsführer/in (CEO) | Mitarbeiter: 11 bis 20 | Branche: Clubs, Bars & Eventlocations'),
('25181dff-0b7f-41b5-8519-b3906f99fdde', '167c8e90-9b4d-4bbe-a511-ada379a6a15c', 'KALTAKQUISE', 'ACTIVE', 0, 'Funktion: Geschäftsführer/in (CEO) | Mitarbeiter: 1 bis 10 | Branche: Boden- & Plattenleger'),
('c82075a4-01b5-4850-92a2-1aa076cb8a1f', 'a0720ac3-021b-44c5-8b5a-41d7a9e1d08d', 'KALTAKQUISE', 'ACTIVE', 0, 'Funktion: Geschäftsführer/in (CEO) | Mitarbeiter: 1 bis 10 | Branche: Glas-, Keramik-, Stein- & Baustoffindustrie | Rechtsform: Aktiengesellschaft'),
('89de89ae-1f7d-4259-b69c-3fc704091b9c', '5a19e115-8d4c-49fc-8121-f88d778b18c0', 'KALTAKQUISE', 'ACTIVE', 0, 'Funktion: Geschäftsführer/in (CEO) | Mitarbeiter: 1 bis 10 | Branche: Elektroplanung & Installation | Rechtsform: Aktiengesellschaft'),
('8469d294-4707-46eb-ba00-7d2350b73e57', '9a2277e4-847f-4584-9507-d950ee75cc9a', 'KALTAKQUISE', 'ACTIVE', 0, 'Funktion: Geschäftsführer/in (CEO) | Mitarbeiter: 1 bis 10 | Branche: Sanitär & Haustechnik | Rechtsform: Aktiengesellschaft'),
('12d4203d-e9fa-427c-a183-b430882a9531', 'b9e7b452-b525-49dd-a75a-de1c1d83a5fe', 'KALTAKQUISE', 'ACTIVE', 0, 'Funktion: Geschäftsführer/in (CEO) | Mitarbeiter: 1 bis 10 | Branche: Facility Management & Reinigungsfirmen'),
('477e2a74-9f2d-421f-a3bb-977947ba849e', '83b52047-9f98-400f-ac11-9dc4a958641f', 'KALTAKQUISE', 'ACTIVE', 0, 'Funktion: Geschäftsführer/in (CEO) | Mitarbeiter: 1 bis 10 | Branche: Metallbauer | Rechtsform: Aktiengesellschaft'),
('9f34e512-fd6e-4bb1-92a5-dd059c341777', 'e7a8ee3c-f381-4eee-af4f-1b5e50b99709', 'KALTAKQUISE', 'ACTIVE', 0, 'Funktion: Geschäftsführer/in (CEO) | Mitarbeiter: 1 bis 10 | Branche: Sanitär & Haustechnik'),
('565c225e-cdec-4019-bf74-bde2d64ee312', '8f4e766c-2f94-4f14-bc21-75d5ee4fe183', 'KALTAKQUISE', 'ACTIVE', 0, 'Funktion: Geschäftsführer/in (CEO) | Mitarbeiter: 1 bis 10 | Branche: Schreinerei- & Holzbaubetriebe | Rechtsform: Gesellschaft mit beschränkter Haftung'),
('5e7fe71c-a999-49bc-9318-9f2c23b97fc1', '4b66fd4c-afc3-488a-b0af-90ba4301a514', 'KALTAKQUISE', 'ACTIVE', 0, 'Funktion: Geschäftsführer/in (CEO) | Mitarbeiter: 11 bis 20 | Branche: Divers | Rechtsform: Aktiengesellschaft'),
('6103b840-c4cf-425b-b4fd-bb2cf2220b1e', '5d7d1744-93c8-45c0-8ab2-a5f95c0ef68d', 'KALTAKQUISE', 'ACTIVE', 0, 'Funktion: Geschäftsführer/in (CEO) | Mitarbeiter: 11 bis 20 | Branche: Architekturbüros / Bau- & Projektmanagement / General- & Totalunternehmungen / Immobilienvermittlung | Rechtsform: Aktiengesellschaft'),
('787b04c3-a54a-44ff-82dd-c264c75c595d', '9fe94343-4983-49c4-8741-d8cbacc4eba3', 'KALTAKQUISE', 'ACTIVE', 0, 'Funktion: Geschäftsführer/in (CEO) | Mitarbeiter: 51 bis 100 | Branche: Architekturbüros / Baugeschäfte / Bauingenieurbüros / Immobilienprojektentwicklung | Rechtsform: Aktiengesellschaft'),
('42d39990-19d3-44e2-a8d8-bae4b0fe25e1', 'd16700d1-e6c7-4630-a9b1-32809016f7c7', 'KALTAKQUISE', 'ACTIVE', 0, 'Funktion: Geschäftsführer/in (CEO) | Mitarbeiter: 51 bis 100 | Branche: Baugeschäfte | Rechtsform: Aktiengesellschaft'),
('03179eba-421d-4b22-959b-31832308a44c', '2cda08cc-1f6a-4371-bf90-6ab94ffc401e', 'KALTAKQUISE', 'ACTIVE', 0, 'Funktion: Geschäftsführer/in (CEO) | Mitarbeiter: 51 bis 100 | Branche: Top 2''000 CH-Unternehmen | Rechtsform: Aktiengesellschaft'),
('536f6c87-ef16-4850-bdd8-f7e5c33dd96c', '42e9855a-6acb-4eed-927e-710bc9ee49a0', 'KALTAKQUISE', 'ACTIVE', 0, 'Funktion: Geschäftsführer/in (CEO) | Mitarbeiter: 21 bis 50 | Branche: Elektroplanung & Installation | Rechtsform: Aktiengesellschaft'),
('693c8f17-d546-41ed-a74e-42b42d34cdaf', '3acec7cb-45bc-4825-985f-655a7322b867', 'KALTAKQUISE', 'ACTIVE', 0, 'Funktion: Geschäftsführer/in (CEO) | Mitarbeiter: 1 bis 10 | Branche: Elektroindustrie | Rechtsform: Aktiengesellschaft'),
('af47bd8e-17f2-40ef-ac1b-4a89ce261962', '7d6de0c1-07fa-498f-93b6-30eb9ecd622b', 'KALTAKQUISE', 'ACTIVE', 0, 'Funktion: Geschäftsführer/in (CEO) | Mitarbeiter: 11 bis 20 | Branche: Elektroindustrie | Rechtsform: Aktiengesellschaft'),
('f3341fd2-8813-4dbb-b229-e958d62f5cd7', 'ef5022b7-ab25-4d70-8e57-2e2a488d61c1', 'KALTAKQUISE', 'ACTIVE', 0, 'Funktion: Geschäftsführer/in (CEO) | Mitarbeiter: 1 bis 10 | Branche: Gartenbau & -pflege | Rechtsform: Aktiengesellschaft'),
('3075ba43-839a-4804-8edf-bb986492abb9', 'b3857c5a-0f37-44d4-be76-10eaa4de9171', 'KALTAKQUISE', 'ACTIVE', 0, 'Funktion: Geschäftsführer/in (CEO) | Mitarbeiter: 1 bis 10 | Branche: Psychiatrie & Psychotherapie'),
('340583eb-9c8d-4df3-851e-b5ca43c2083e', 'ad630e68-6569-4faa-ae32-30df7e8d847e', 'KALTAKQUISE', 'ACTIVE', 0, 'Funktion: Geschäftsführer/in (CEO) | Mitarbeiter: 1 bis 10 | Branche: Boden- & Plattenleger'),
('3770eee6-e645-4b7a-8a3e-23b8167eb054', 'fbbac972-ff96-42df-af30-ce2a9f41294f', 'KALTAKQUISE', 'ACTIVE', 0, 'Funktion: Geschäftsführer/in (CEO) | Mitarbeiter: 1 bis 10 | Branche: Nachhaltigkeitsbereich / Sanitär & Haustechnik / Solar & Photovoltaik | Rechtsform: Aktiengesellschaft'),
('ae19b067-24f2-4052-b969-8fb59dd82eb2', '6554dc72-d4dc-4ed4-a271-a75fb5fa6853', 'KALTAKQUISE', 'ACTIVE', 0, 'Funktion: Geschäftsführer/in (CEO) | Mitarbeiter: 1 bis 10 | Branche: Schreinerei- & Holzbaubetriebe'),
('0c1f8c60-0e50-4e77-9278-138ff44ac4cf', '372f5a38-23d0-4ed5-a437-dfc6b1713e9b', 'KALTAKQUISE', 'ACTIVE', 0, 'Funktion: Geschäftsführer/in (CEO) | Mitarbeiter: 1 bis 10 | Branche: Gartenbau & -pflege'),
('9db4ca98-42cc-4896-b936-15656a9ff7f1', 'f6be0c1f-d6a8-4e38-9f2a-1dd72d793213', 'KALTAKQUISE', 'ACTIVE', 0, 'Funktion: Geschäftsführer/in (CEO) | Mitarbeiter: 1 bis 10 | Branche: Sanitär & Haustechnik | Rechtsform: Gesellschaft mit beschränkter Haftung'),
('bf4b618d-8f07-4cf0-be13-475d1d9509b5', 'ae228f47-10a1-4e58-a8bf-ded3c7742086', 'KALTAKQUISE', 'ACTIVE', 0, 'Funktion: Geschäftsführer/in (CEO) | Mitarbeiter: 21 bis 50 | Branche: Elektroindustrie | Rechtsform: Aktiengesellschaft'),
('95c7eabe-9441-405b-b431-4aba0bdb5cf7', 'c9e4c5a6-05d3-47a6-a7eb-c789d449765e', 'KALTAKQUISE', 'ACTIVE', 0, 'Funktion: Geschäftsführer/in (CEO) | Mitarbeiter: 11 bis 20 | Branche: Glas-, Keramik-, Stein- & Baustoffindustrie | Rechtsform: Aktiengesellschaft'),
('1cad1276-cbf4-434b-b827-a11b96b241e1', '55d1823e-a7b9-4e8e-994c-930c15c1ecb0', 'KALTAKQUISE', 'ACTIVE', 0, 'Funktion: Geschäftsführer/in (CEO) | Mitarbeiter: 21 bis 50 | Branche: Architekturbüros | Rechtsform: Aktiengesellschaft'),
('3ea19903-98f9-474f-8cc5-2dc1fc14ef59', '29b09e2b-0936-4fbd-8799-b260ab60604f', 'KALTAKQUISE', 'ACTIVE', 0, 'Funktion: Geschäftsführer/in (CEO) | Mitarbeiter: 1 bis 10 | Branche: Elektroplanung & Installation | Rechtsform: Aktiengesellschaft'),
('f9add51b-d0e9-4221-a84d-f40245cda88a', '5c9e073f-a308-4a07-8dee-5a6b861c335a', 'KALTAKQUISE', 'ACTIVE', 0, 'Funktion: Geschäftsführer/in (CEO) | Mitarbeiter: 1 bis 10 | Branche: Elektroindustrie'),
('c2670a3c-1492-4851-bfa3-2d2303b6a3d4', '097e0c1e-782d-4390-a53f-2cbc0909e0fa', 'KALTAKQUISE', 'ACTIVE', 0, 'Funktion: Geschäftsführer/in (CEO) | Mitarbeiter: 1 bis 10 | Branche: Gartenbau & -pflege | Rechtsform: Gesellschaft mit beschränkter Haftung'),
('c39b9a03-c937-47c2-a439-9d23776fd588', '73a5d7f7-801e-48b4-8c7c-671bc64501be', 'KALTAKQUISE', 'ACTIVE', 0, 'Funktion: Geschäftsführer/in (CEO) | Mitarbeiter: 1 bis 10 | Branche: Gartenbau & -pflege'),
('a81e79a7-e816-47ae-9fe8-fcb13a0e36dd', '65185098-5e2e-4a88-b988-1876829df3e2', 'KALTAKQUISE', 'ACTIVE', 0, 'Funktion: Geschäftsführer/in (CEO) | Mitarbeiter: 1 bis 10 | Branche: Boden- & Plattenleger'),
('e300fb81-2d3d-48bf-badf-f39aebbd932d', '9220eb63-c0ab-423b-ae8e-911c3f4cc78d', 'KALTAKQUISE', 'ACTIVE', 0, 'Funktion: Geschäftsführer/in (CEO) | Mitarbeiter: 1 bis 10 | Branche: Medizintechnik-Industrie | Rechtsform: Einzelunternehmen'),
('5a428ca1-6f40-43c2-baed-f6dd76416ad5', 'a415e460-bb8d-443f-be08-8dc255c66a40', 'KALTAKQUISE', 'ACTIVE', 0, 'Funktion: Geschäftsführer/in (CEO) | Mitarbeiter: 1 bis 10 | Branche: Coiffeursalons'),
('d9087b8e-3ec1-42dd-b65e-c99d0df554c1', '3d037f0f-fadf-49d1-9c2c-e009f4fa13a1', 'KALTAKQUISE', 'ACTIVE', 0, 'Funktion: Geschäftsführer/in (CEO) | Mitarbeiter: 1 bis 10 | Branche: Atem- Meditation- & Yogacenter'),
('87e120ee-9f25-4d20-941b-ad425fda08fa', '9d48aa7c-5625-4b2d-b970-08f8e54cd3da', 'KALTAKQUISE', 'ACTIVE', 0, 'Funktion: Geschäftsführer/in (CEO) | Mitarbeiter: 1 bis 10 | Branche: Treuhandbüros | Rechtsform: Aktiengesellschaft'),
('f5ed5d87-2b88-4bf9-80e4-c7f621def55b', 'b8248091-2e0e-4265-825f-fed33ca66848', 'KALTAKQUISE', 'ACTIVE', 0, 'Funktion: Geschäftsführer/in (CEO) | Mitarbeiter: 21 bis 50 | Branche: Sanitär & Haustechnik | Rechtsform: Aktiengesellschaft'),
('fa060a80-da38-4188-8e1f-4dd24131e4ea', '85882af6-1332-47f2-90bf-755fbdb2e489', 'KALTAKQUISE', 'ACTIVE', 0, 'Funktion: Geschäftsführer/in (CEO) | Mitarbeiter: 21 bis 50 | Branche: Divers | Rechtsform: Aktiengesellschaft'),
('87b480cf-cf44-481d-907d-8ed6329dd603', 'f7b33763-65f6-482b-9dd8-3b589fdab7ee', 'KALTAKQUISE', 'ACTIVE', 0, 'Funktion: Geschäftsführer/in (CEO) | Mitarbeiter: 21 bis 50 | Branche: Sanitär & Haustechnik'),
('3e2c3728-e337-4906-b936-8dca6076e54e', '5accf023-c8c8-4de8-85ec-1a71a21b591f', 'KALTAKQUISE', 'ACTIVE', 0, 'Funktion: Geschäftsführer/in (CEO) | Mitarbeiter: 1 bis 10 | Branche: Architekturbüros | Rechtsform: Gesellschaft mit beschränkter Haftung'),
('96980af5-6b9e-4bb5-a91d-e85f7eff7e53', 'e896dc58-9d05-4458-b0a6-0025760f8a64', 'KALTAKQUISE', 'ACTIVE', 0, 'Funktion: Geschäftsführer/in (CEO) | Mitarbeiter: 11 bis 20 | Branche: Logistik- & Transportunternehmen'),
('b2c39bc2-52e2-4320-a716-84785b11b275', 'a60ce808-8d43-410b-9208-03c193a998a7', 'KALTAKQUISE', 'ACTIVE', 0, 'Funktion: Geschäftsführer/in (CEO) | Mitarbeiter: 1 bis 10 | Branche: Werbeagenturen | Rechtsform: Gesellschaft mit beschränkter Haftung'),
('2e312213-e636-4b3b-a2d2-0105c812804c', '8ed27877-ede4-465b-b36e-5c5f33e43efc', 'KALTAKQUISE', 'ACTIVE', 0, 'Funktion: Geschäftsführer/in (CEO) | Mitarbeiter: 1 bis 10 | Branche: Medizintechnik-Industrie | Rechtsform: Einzelunternehmen'),
('b38dba24-e1d1-41e3-ab45-32a215d64cde', '756c6e88-5061-46d6-b71d-b5f21c515d18', 'KALTAKQUISE', 'ACTIVE', 0, 'Funktion: Geschäftsführer/in (CEO) | Mitarbeiter: 1 bis 10 | Branche: Elektroindustrie | Rechtsform: Aktiengesellschaft'),
('7be61c4e-e8d0-4914-8a4a-8640531b2f10', '635e876b-defa-4a4f-82f1-6d899cf0846c', 'KALTAKQUISE', 'ACTIVE', 0, 'Funktion: Geschäftsführer/in (CEO) | Mitarbeiter: 1 bis 10 | Branche: Lebensmittelverarbeitung | Rechtsform: Gesellschaft mit beschränkter Haftung'),
('e5ab0e2b-f36e-4d8a-ab52-e93620c906a6', '4bc0629a-074c-41b5-a970-bce30a7e4a18', 'KALTAKQUISE', 'ACTIVE', 0, 'Funktion: Geschäftsführer/in (CEO) | Mitarbeiter: 1 bis 10 | Branche: Schreinerei- & Holzbaubetriebe | Rechtsform: Aktiengesellschaft'),
('019430e6-5ed5-4863-8e92-1d3ce44a9718', '56c1ad72-b809-4961-8208-b5de4256db88', 'KALTAKQUISE', 'ACTIVE', 0, 'Funktion: Geschäftsführer/in (CEO) | Mitarbeiter: 1 bis 10 | Branche: Elektroplanung & Installation'),
('7bc62cf3-d038-4e1b-b1c2-c0f48bab33b3', 'd5000719-21ee-4fe9-9a8c-1fd0481037f1', 'KALTAKQUISE', 'ACTIVE', 0, 'Funktion: Geschäftsführer/in (CEO) | Mitarbeiter: 11 bis 20 | Branche: Schreinerei- & Holzbaubetriebe | Rechtsform: Gesellschaft mit beschränkter Haftung'),
('845390d6-739e-4f46-9915-b15c7d6516d1', 'f43872bc-4fba-4853-b9fc-b684b791e5bc', 'KALTAKQUISE', 'ACTIVE', 0, 'Funktion: Geschäftsführer/in (CEO) | Mitarbeiter: 11 bis 20 | Branche: Schreinerei- & Holzbaubetriebe | Rechtsform: Aktiengesellschaft'),
('e4a7aa9c-3800-49d6-845a-d582b6ab5a7d', '7ecadefa-3931-49a4-892b-f5465e5f1344', 'KALTAKQUISE', 'ACTIVE', 0, 'Funktion: Geschäftsführer/in (CEO) | Mitarbeiter: 1 bis 10 | Branche: Coiffeursalons'),
('4607bcab-9dcd-438d-8e1c-3a9c8d2ae818', 'ade45af1-7822-4bde-b947-941b56a8d2f0', 'KALTAKQUISE', 'ACTIVE', 0, 'Funktion: Geschäftsführer/in (CEO) | Mitarbeiter: 1 bis 10 | Branche: Schreinerei- & Holzbaubetriebe | Rechtsform: Gesellschaft mit beschränkter Haftung'),
('2b6fd266-b33a-4fdc-aa73-eca1db9d6385', '15a039e7-a393-41d8-876a-745b7c5c9bd8', 'KALTAKQUISE', 'ACTIVE', 0, 'Funktion: Geschäftsführer/in (CEO) | Mitarbeiter: 1 bis 10 | Branche: Werbeagenturen | Rechtsform: Aktiengesellschaft'),
('1b8423e4-e430-48e5-848a-aa0ca7053639', 'a0d7de61-30a3-4762-a7b7-2d758cdaff77', 'KALTAKQUISE', 'ACTIVE', 0, 'Funktion: Geschäftsführer/in (CEO) | Mitarbeiter: 1 bis 10 | Branche: Immobilienverwaltung / Immobilienvermittlung | Rechtsform: Aktiengesellschaft'),
('1d4db86d-d609-4ff8-b876-263476ed753d', 'e22f6aa6-1a2c-4ee8-a192-c11e199d4d38', 'KALTAKQUISE', 'ACTIVE', 0, 'Funktion: Geschäftsführer/in (CEO) | Mitarbeiter: 21 bis 50 | Branche: Camping | Rechtsform: Aktiengesellschaft'),
('35966503-62e3-4f21-88bd-d5dd9226ef63', '0e70c20e-efb8-49c7-8dcd-af4df394814b', 'KALTAKQUISE', 'ACTIVE', 0, 'Funktion: Geschäftsführer/in (CEO) | Mitarbeiter: 11 bis 20 | Branche: Bauingenieurbüros | Rechtsform: Aktiengesellschaft'),
('23db2862-d39f-4d81-8d43-8fcbf30934bd', '385739a3-bc83-4ad3-9aec-e4d2ebd43b65', 'KALTAKQUISE', 'ACTIVE', 0, 'Funktion: Geschäftsführer/in (CEO) | Mitarbeiter: 51 bis 100 | Branche: Architekturbüros / Bau- & Projektmanagement / Immobilienprojektentwicklung / Bauherrenvertretung | Rechtsform: Aktiengesellschaft'),
('fdf973d4-b335-42e7-902d-528be4e1e853', '97f6ad61-5ef0-454e-95a9-d72fe317f46f', 'KALTAKQUISE', 'ACTIVE', 0, 'Funktion: Geschäftsführer/in (CEO) | Mitarbeiter: 1 bis 10 | Branche: Treuhandbüros | Rechtsform: Aktiengesellschaft');

INSERT INTO lead_tags (lead_id, tag_id) VALUES
('279b6a33-50a5-4af9-a755-49eca5728afc', 'ka-b2b'),
('aa1606e6-629c-46fb-80cb-34b06b5d5bfe', 'ka-b2b'),
('4b4d7a91-51b5-4488-87bd-9d27ee449484', 'ka-b2b'),
('13f2d502-2bac-4471-a694-7d19e60fe5f5', 'ka-b2b'),
('f2254b59-1b9e-49ab-9d92-1a2b578a1765', 'ka-b2b'),
('5b4371ed-59fd-4186-97f5-30f933d0d1d0', 'ka-b2b'),
('c710110e-5785-4f93-96c5-4a3f48e839f4', 'ka-b2b'),
('0de91fe1-81e4-437b-ba9c-7e47b3395aad', 'ka-b2b'),
('940f0f55-02a2-4e00-b55d-9418c1a6e33a', 'ka-b2b'),
('fb1c3b6e-23a8-4c84-8e90-40dacc193ac5', 'ka-b2b'),
('f93d78b7-6228-4e9b-9ea5-4bff5f9fce9f', 'ka-b2b'),
('ccceee6a-e71d-4b45-8935-58117659daf6', 'ka-b2b'),
('46411049-ac27-4b7a-94b4-bd2a3de36048', 'ka-b2b'),
('fc81a5af-65a2-4fa5-984b-ca7622c18175', 'ka-b2b'),
('b09ffd1e-e46c-4b85-86e5-b5e27076d1c9', 'ka-b2b'),
('54573e7e-8d1c-4b69-8499-e3d9c9da614b', 'ka-b2b'),
('dc6d52ff-f36d-476c-bef3-5b82ee0c886a', 'ka-b2b'),
('861be71e-4fad-4018-b25c-e4c614e36c05', 'ka-b2b'),
('31f9a254-c84f-471b-87db-86f8fccae415', 'ka-b2b'),
('0f516e32-f9bd-455f-b253-f5d9ca3576b8', 'ka-b2b'),
('f429dd05-fb52-437f-9aa8-1ff0b2c83efa', 'ka-b2b'),
('5efc598d-2a57-44e8-bbdc-2bbf40800723', 'ka-b2b'),
('9f3faee0-f6bb-4c9f-8902-231367cccf32', 'ka-b2b'),
('8a69c89d-7997-4956-93a7-27226299c7ec', 'ka-b2b'),
('6f17de39-1dfd-42b8-a8b9-669f534c5267', 'ka-b2b'),
('edb2ca87-5ec6-40b5-95e0-b43874b88bf7', 'ka-b2b'),
('177defc9-c7ba-4cb5-9140-8a25d8c1e57f', 'ka-b2b'),
('674dffee-57ce-4e37-8d73-28984d2d7041', 'ka-b2b'),
('07220f0c-e6e3-46af-9fe9-35aefbc16457', 'ka-b2b'),
('2a9d5a77-603d-420c-9250-705f02697b7f', 'ka-b2b'),
('535d84a3-c87b-4a1b-af48-111c3d95dc71', 'ka-b2b'),
('cf495da4-f92c-4d70-8299-7eac34860443', 'ka-b2b'),
('828defce-6a59-4af6-a7d0-a3f8bef27aac', 'ka-b2b'),
('f1ce5c18-7c15-47c9-bc95-b93c33dfe0ea', 'ka-b2b'),
('6da85a7f-77b1-4585-bd04-2734bdec56dc', 'ka-b2b'),
('bbf3aea3-13c6-4dec-b0f2-c7bcdf11c13b', 'ka-b2b'),
('febb4afa-cb90-4d87-8639-10884a699756', 'ka-b2b'),
('f97e12d4-b3b0-483b-9e3b-38e6289d15b0', 'ka-b2b'),
('480226d5-aa21-4dd9-8ab9-c9f5d8688b1f', 'ka-b2b'),
('f785e7a2-d896-4aa5-bcff-dc98265a100b', 'ka-b2b'),
('a124d1e2-bf69-443f-9927-fd8ca29debb3', 'ka-b2b'),
('4ee1c1b8-15fc-4d47-91e0-9cfd39bd8bab', 'ka-b2b'),
('0e6b21a1-1c60-4352-9c8b-65201a26bde9', 'ka-b2b'),
('f5fa9e91-d3a1-47bd-9eed-9c8bac3a5c88', 'ka-b2b'),
('f7bab1eb-0fb3-4edf-98df-fbd9e8da98ab', 'ka-b2b'),
('dcd42621-33fb-49c8-96c9-ab859eed51c1', 'ka-b2b'),
('326c9813-e32f-4d7b-82f9-bd16bb6c2a42', 'ka-b2b'),
('4aec3008-1486-4868-b871-03f37e194092', 'ka-b2b'),
('1532fbb1-28e6-42e4-85c3-be2259fb33f5', 'ka-b2b'),
('a52ed94c-a6f5-4ce3-a41b-bf945e56cae8', 'ka-b2b'),
('c5816516-09e9-4d83-b1cb-b3a6fb0d9b3a', 'ka-b2b'),
('c17c79d9-a393-4298-b581-4696bfcd9a48', 'ka-b2b'),
('2908ff82-4657-4b83-8875-6fb56648c52e', 'ka-b2b'),
('4c922c18-33c9-4334-b68f-b72d5559a4b4', 'ka-b2b'),
('481a3f92-d09a-4fa9-80e8-0ac8ce042cd1', 'ka-b2b'),
('0fdcfaa1-595f-4c85-9237-b3d3ffbd7514', 'ka-b2b'),
('7422bc60-86c3-4f61-b4a5-72a1a63e833d', 'ka-b2b'),
('8131f46b-9c0e-4a08-ba8a-5123f8de4c02', 'ka-b2b'),
('917a99e5-bc49-41b9-b590-dc88a742a7ef', 'ka-b2b'),
('691cce96-ea0c-4575-b78d-442776434cc4', 'ka-b2b'),
('bc3cfb4e-9a94-4abc-9617-e7ede9bc6801', 'ka-b2b'),
('9501c095-943b-4c7d-92ef-4f7bd51bcffe', 'ka-b2b'),
('23821254-c103-4028-a5cb-146e3a642109', 'ka-b2b'),
('ebb984ff-eefe-4564-af71-ecddc2641857', 'ka-b2b'),
('cf3d1e02-44a6-42c4-a7b6-a4f2f346568d', 'ka-b2b'),
('b4acebab-20f6-4396-9168-b14e20fbd09a', 'ka-b2b'),
('6683d230-2465-4681-844a-9c384c6c9be2', 'ka-b2b'),
('fea1f065-5eea-45d8-a03d-28d007ccaa7a', 'ka-b2b'),
('8eaec767-5d3e-4fde-944e-5e92d7532a40', 'ka-b2b'),
('50ff8b42-6267-40e4-a4f2-24c627bcac44', 'ka-b2b'),
('bb4558f7-8eba-404d-9305-6705386cabd2', 'ka-b2b'),
('b8316b15-a4cf-44ff-930e-3a2c8bebac6f', 'ka-b2b'),
('20b20bbf-b3ec-4153-b422-0525b660838c', 'ka-b2b'),
('9184358b-4869-47c3-a04e-0649b2fb0e3e', 'ka-b2b'),
('d7f431f5-1fe6-4e41-9375-071125beda21', 'ka-b2b'),
('e6e20037-42d4-4505-aeb8-1310b390aa9f', 'ka-b2b'),
('9ffd3909-2191-4a12-b554-9048dabce2ee', 'ka-b2b'),
('2575e02d-fdd3-4185-bea8-d3a6d8bca8b1', 'ka-b2b'),
('e42244a8-fd28-4703-9e0f-dd5a1aa1e357', 'ka-b2b'),
('f793cc32-35ad-44e3-a1d2-b9b01bd7342b', 'ka-b2b'),
('d656728f-1f07-4d5a-bb9b-67456373717f', 'ka-b2b'),
('5f1f5799-8efd-4ad3-90fe-373726b89bdc', 'ka-b2b'),
('a4547f60-e33f-439d-895b-59447f451c2e', 'ka-b2b'),
('cbd448d9-1c8d-4371-a1de-51993746da1e', 'ka-b2b'),
('a311e67a-9c81-452a-9b57-1039ec636b77', 'ka-b2b'),
('76382d77-187b-4215-9b91-0dd634d0a29d', 'ka-b2b'),
('327a8bc8-c6f2-4077-b7de-1660f693f11c', 'ka-b2b'),
('e5edb2ac-c8bb-4e88-a990-33e5e4500a8f', 'ka-b2b'),
('f4e7aebf-f553-49ac-8925-af848774650c', 'ka-b2b'),
('25678038-9fee-413a-b9d8-5f59797a600e', 'ka-b2b'),
('f6376d3f-ac47-485e-98ad-56c4be528e2d', 'ka-b2b'),
('59c4a9ef-2d5b-4e4b-9e92-49d0b5b1a52f', 'ka-b2b'),
('2af210eb-835f-4695-b69e-a9e0bcc98ea7', 'ka-b2b'),
('9e1c1689-955e-4666-bc98-8a186b7175cd', 'ka-b2b'),
('6d568155-df02-45e8-b0cf-58c0599a25c7', 'ka-b2b'),
('b03fd2b6-582d-44d1-b4a2-44a589c1ff89', 'ka-b2b'),
('4ca27e2b-66ec-4d03-9e11-5f6ceee87956', 'ka-b2b'),
('10dd3a15-8d4c-45b8-8207-755497d5e58e', 'ka-b2b'),
('ee8ea195-05d2-4aec-a10b-538299659294', 'ka-b2b'),
('1e511f57-1f53-47e3-99fa-6cfde6c23748', 'ka-b2b'),
('df904316-f621-4cd3-81f6-2cb5b9dfd110', 'ka-b2b'),
('e5330b1b-8032-4074-b09f-aa13f0966d7a', 'ka-b2b'),
('72dd6705-7905-4d26-a0a3-34b8cb7897ab', 'ka-b2b'),
('c08e8b84-e180-40a7-ba7e-152d929b1e98', 'ka-b2b'),
('46dea42f-f452-4ee9-9e9e-4e1ef4aac4ae', 'ka-b2b'),
('fdd40990-d1d3-44e9-9659-61000ea0b4c0', 'ka-b2b'),
('56c40165-27cf-4cb2-87ee-5c72b0514a5a', 'ka-b2b'),
('0c3e862f-60da-4e16-be7f-4a16231be094', 'ka-b2b'),
('116d69d7-24a0-4e3e-a579-27f57af75f9b', 'ka-b2b'),
('94fd06d1-83b1-4881-943d-3b07d21b9b2b', 'ka-b2b'),
('c7c24883-bc94-4962-8981-65e2764b7189', 'ka-b2b'),
('9b5aea29-1032-4468-8105-8b579387f08e', 'ka-b2b'),
('dcca7dea-cb07-4c58-a0c1-3a7d21ec8f53', 'ka-b2b'),
('75eb02f5-72c7-48d1-8e50-342d2585b8a3', 'ka-b2b'),
('a073a27f-d8c0-4580-bc5d-e1ebee883628', 'ka-b2b'),
('84163674-50c9-40e5-a72c-92c7575fe36d', 'ka-b2b'),
('da23558d-2b74-43f3-b4bc-7b005dc6c62d', 'ka-b2b'),
('2e9ad920-ab12-4e1b-8121-df09220ff02b', 'ka-b2b'),
('412d7364-29d9-429e-8984-662eafcc3bac', 'ka-b2b'),
('58fedaf4-03ad-4075-9fd1-612e9933fd7d', 'ka-b2b'),
('6358ff64-332b-453e-8d31-639052719eb6', 'ka-b2b'),
('96df8782-6256-488c-81e8-f40898d7515c', 'ka-b2b'),
('8ac9ef51-d509-4c29-bb28-65fa7e017b49', 'ka-b2b'),
('6d09abee-f220-4fa5-bd73-8fbe5d214732', 'ka-b2b'),
('1dc6e218-a630-4446-ae3e-747ddc347f21', 'ka-b2b'),
('841a1d2b-5b93-468a-b266-478c48e2445e', 'ka-b2b'),
('f2b3020a-eb12-4af6-b016-60b44d34fdae', 'ka-b2b'),
('0f1e70d6-9be0-4f70-9559-ec3d0bdfea18', 'ka-b2b'),
('319f2719-c5df-4700-8f18-a43bafa4da17', 'ka-b2b'),
('831511f0-2298-4b87-bd89-1a36f1ce3cad', 'ka-b2b'),
('e7cf23c8-4808-4d5f-87e0-b599a4ee38a3', 'ka-b2b'),
('6557240c-255a-4354-a88a-d7031fb07837', 'ka-b2b'),
('e6e73b97-c869-4aca-9647-fc88a8d4ede3', 'ka-b2b'),
('ca77d404-6a14-4a72-a279-af7e00a8b870', 'ka-b2b'),
('82fafcfa-3102-487a-99b5-feb09336868d', 'ka-b2b'),
('7a6d3a47-1c58-4954-8fe0-ac9df2ba6404', 'ka-b2b'),
('46dd75da-e45c-48ec-9590-e45228541c81', 'ka-b2b'),
('9250a7a0-ae0b-47f8-8a12-cafd517e9ead', 'ka-b2b'),
('697476c1-94b4-42b2-b8cd-24129afedb78', 'ka-b2b'),
('0d62b94e-2606-42a1-8e9d-082a12d7bde0', 'ka-b2b'),
('c6599fba-0c32-437e-a555-ab0cdf4bbbff', 'ka-b2b'),
('d58c7ce6-5c95-40e0-a78a-2fcffa42179c', 'ka-b2b'),
('ca4d0d8a-716d-4fe6-bd45-8500d430751c', 'ka-b2b'),
('2fd04ee0-e696-4a7f-be39-d30609718cb3', 'ka-b2b'),
('25181dff-0b7f-41b5-8519-b3906f99fdde', 'ka-b2b'),
('c82075a4-01b5-4850-92a2-1aa076cb8a1f', 'ka-b2b'),
('89de89ae-1f7d-4259-b69c-3fc704091b9c', 'ka-b2b'),
('8469d294-4707-46eb-ba00-7d2350b73e57', 'ka-b2b'),
('12d4203d-e9fa-427c-a183-b430882a9531', 'ka-b2b'),
('477e2a74-9f2d-421f-a3bb-977947ba849e', 'ka-b2b'),
('9f34e512-fd6e-4bb1-92a5-dd059c341777', 'ka-b2b'),
('565c225e-cdec-4019-bf74-bde2d64ee312', 'ka-b2b'),
('5e7fe71c-a999-49bc-9318-9f2c23b97fc1', 'ka-b2b'),
('6103b840-c4cf-425b-b4fd-bb2cf2220b1e', 'ka-b2b'),
('787b04c3-a54a-44ff-82dd-c264c75c595d', 'ka-b2b'),
('42d39990-19d3-44e2-a8d8-bae4b0fe25e1', 'ka-b2b'),
('03179eba-421d-4b22-959b-31832308a44c', 'ka-b2b'),
('536f6c87-ef16-4850-bdd8-f7e5c33dd96c', 'ka-b2b'),
('693c8f17-d546-41ed-a74e-42b42d34cdaf', 'ka-b2b'),
('af47bd8e-17f2-40ef-ac1b-4a89ce261962', 'ka-b2b'),
('f3341fd2-8813-4dbb-b229-e958d62f5cd7', 'ka-b2b'),
('3075ba43-839a-4804-8edf-bb986492abb9', 'ka-b2b'),
('340583eb-9c8d-4df3-851e-b5ca43c2083e', 'ka-b2b'),
('3770eee6-e645-4b7a-8a3e-23b8167eb054', 'ka-b2b'),
('ae19b067-24f2-4052-b969-8fb59dd82eb2', 'ka-b2b'),
('0c1f8c60-0e50-4e77-9278-138ff44ac4cf', 'ka-b2b'),
('9db4ca98-42cc-4896-b936-15656a9ff7f1', 'ka-b2b'),
('bf4b618d-8f07-4cf0-be13-475d1d9509b5', 'ka-b2b'),
('95c7eabe-9441-405b-b431-4aba0bdb5cf7', 'ka-b2b'),
('1cad1276-cbf4-434b-b827-a11b96b241e1', 'ka-b2b'),
('3ea19903-98f9-474f-8cc5-2dc1fc14ef59', 'ka-b2b'),
('f9add51b-d0e9-4221-a84d-f40245cda88a', 'ka-b2b'),
('c2670a3c-1492-4851-bfa3-2d2303b6a3d4', 'ka-b2b'),
('c39b9a03-c937-47c2-a439-9d23776fd588', 'ka-b2b'),
('a81e79a7-e816-47ae-9fe8-fcb13a0e36dd', 'ka-b2b'),
('e300fb81-2d3d-48bf-badf-f39aebbd932d', 'ka-b2b'),
('5a428ca1-6f40-43c2-baed-f6dd76416ad5', 'ka-b2b'),
('d9087b8e-3ec1-42dd-b65e-c99d0df554c1', 'ka-b2b'),
('87e120ee-9f25-4d20-941b-ad425fda08fa', 'ka-b2b'),
('f5ed5d87-2b88-4bf9-80e4-c7f621def55b', 'ka-b2b'),
('fa060a80-da38-4188-8e1f-4dd24131e4ea', 'ka-b2b'),
('87b480cf-cf44-481d-907d-8ed6329dd603', 'ka-b2b'),
('3e2c3728-e337-4906-b936-8dca6076e54e', 'ka-b2b'),
('96980af5-6b9e-4bb5-a91d-e85f7eff7e53', 'ka-b2b'),
('b2c39bc2-52e2-4320-a716-84785b11b275', 'ka-b2b'),
('2e312213-e636-4b3b-a2d2-0105c812804c', 'ka-b2b'),
('b38dba24-e1d1-41e3-ab45-32a215d64cde', 'ka-b2b'),
('7be61c4e-e8d0-4914-8a4a-8640531b2f10', 'ka-b2b'),
('e5ab0e2b-f36e-4d8a-ab52-e93620c906a6', 'ka-b2b'),
('019430e6-5ed5-4863-8e92-1d3ce44a9718', 'ka-b2b'),
('7bc62cf3-d038-4e1b-b1c2-c0f48bab33b3', 'ka-b2b'),
('845390d6-739e-4f46-9915-b15c7d6516d1', 'ka-b2b'),
('e4a7aa9c-3800-49d6-845a-d582b6ab5a7d', 'ka-b2b'),
('4607bcab-9dcd-438d-8e1c-3a9c8d2ae818', 'ka-b2b'),
('2b6fd266-b33a-4fdc-aa73-eca1db9d6385', 'ka-b2b'),
('1b8423e4-e430-48e5-848a-aa0ca7053639', 'ka-b2b'),
('1d4db86d-d609-4ff8-b876-263476ed753d', 'ka-b2b'),
('35966503-62e3-4f21-88bd-d5dd9226ef63', 'ka-b2b'),
('23db2862-d39f-4d81-8d43-8fcbf30934bd', 'ka-b2b'),
('fdf973d4-b335-42e7-902d-528be4e1e853', 'ka-b2b');
