-- Batch 186 (200 records)
INSERT INTO contacts (id, first_name, last_name, email, phone, company, address) VALUES
('15011d89-40f1-481a-bc7f-6451ea81df7b', 'Markus', 'Hirt', 'info@hirtitconsulting.ch', '078 719 29 00', 'Hirt IT Consulting GmbH', 'Roswiesenstrasse 187, 8051 Zürich, Zürich'),
('65f4aa44-f1ea-4cc2-bb8e-7da05d92bad1', 'Stefan', 'Hirt', 's.hirt@hirt.swiss', '044 817 60 60', 'HIRT kinetics AG', 'Oberrütelistrasse 11, 8753 Mollis, Glarus'),
('610dad70-27cd-4925-b151-066ee002666c', 'Jean-Pierre', 'Hirt', 'info@hirt-schreinerei.ch', '061 901 55 88', 'Hirt Schreinerei GmbH', 'Bächliackerstrasse 4, 4402 Frenkendorf, Basel-Land'),
('489ec441-0468-4edb-9310-88804ecb3faa', 'Richard', 'Hirter', 'richard@hirter.ch', '031 921 00 94', 'Hirter Bedachungen AG', 'Hubelgasse 7, 3065 Bolligen, Bern'),
('e3f82de4-840e-4ff5-ac02-ccce1d0be9a4', 'Rafael', 'Goll', 'r.goll@higu.ag', '044 931 00 52', 'Hirzel Generalunternehmung AG', 'Spitalstrasse 190, 8623 Wetzikon, Zürich'),
('026ffad5-34dd-490b-a8ad-314c3078a411', 'Max', 'Hirzel', 'info@swissmedicare.ch', '044 599 11 06', 'Hirzel SwissMedicare', 'Tränkebachstrasse 20, 8712 Stäfa, Zürich'),
('e7f3833a-aa2f-43d5-a466-59b87694bf54', 'Victor', 'Schmid', 'victor.schmid@konsulenten.ch', '031 312 64 33', 'Hirzel.Neef.Schmid.Konsulenten AG', 'Kirchenweg 8, 8008 Zürich, Zürich'),
('a866c5b8-57f9-4c59-8896-bda4d98adbf6', 'Sandra', 'Bachmann', 'info@haus-industrie-service.ch', '044 930 39 70', 'HIS Haus- und Industrieservice AG', 'Tobelstrasse 10, 8345 Adetswil, Zürich'),
('aca2e0c2-ff75-4c3f-acd1-f5ea571f47f6', 'Jürg', 'Täuber', 'juerg.taeuber@his.ch', '044 445 69 69', 'HIS Holding AG', 'Elias-Canetti-Strasse 2, 8050 Zürich, Zürich'),
('7430e966-8668-41d1-a2c7-dbdb449fa32b', 'Gerhard', 'Hischier', 'info@hischier-auto.ch', '062 824 50 50', 'Hischier Auto AG', 'Aarauerstrasse 70, 5603 Staufen, Aargau'),
('6c999a88-9ead-4a70-9f17-84190922250b', 'Pierre', 'Abrahams', 'info@hisig-einsiedeln.ch', 'N.a.', 'hisig GmbH', 'Wasenmattstrasse 7, 8840 Einsiedeln, Schwyz'),
('52d4b61c-1c3f-420c-9c8d-f57bdccd5170', 'Fredy', 'Marolf', 'info@hismec.ch', '032 385 28 30', 'HISMEC GmbH', 'Gewerbestrasse 4, 2557 Studen, Bern'),
('48d74a32-1aa5-4473-9e3d-805f32cc4d4a', 'Omar', 'Zouani', 'info@histide.com', '043 888 25 77', 'HISTIDE AG', 'Chaltenbodenstrasse 8, 8834 Schindellegi, Schwyz'),
('29a973f9-71db-48d8-8c1c-1d06e6ddbffa', 'Joseph', 'Nietfeld', 'info@littlestars-shop.ch', '061 312 81 35', 'HISTORIA GmbH', '4002 Basel, Basel-Stadt'),
('c0884765-e6bb-4e87-88c7-2e72c1387dc4', 'Mariska', 'Beirne', 'info@historische.ch', '044 781 24 38', 'Historische Gesellschaft Wädenswil', '8820 Wädenswil, Zürich'),
('8a18ce15-9030-4663-9361-1a6dc9ed098e', 'Willy', 'Schumacher', 'willy.schumacher@bluewin.ch', '071 422 27 92', 'Historische Papiermaschine PM1', 'Fabrikstrasse 26, 9220 Bischofszell, Thurgau'),
('63488d98-2ce9-4ed8-a337-553d25c3b429', 'Alfred', 'Giger', 'alfred.giger@gmx.ch', '079 642 66 76', 'Historische Werkstätte Gebrüder Giger Mulin, Schnaus', 'Strada Veglia 17, 7130 Ilanz, Graubünden'),
('9fce6b78-b92c-445d-af28-7abfb8065fed', 'Marc', 'Zehntner', 'marc.zehntner@bs.ch', '061 205 86 23', 'Historisches Museum Basel', 'Steinenberg 4, 4001 Basel, Basel-Stadt'),
('76ea4326-f8de-4e4f-abb9-160eb6b8d4f0', 'Corina', 'Tresch De Luca', 'info@museum-bischofszell.ch', '071 422 38 91', 'Historisches Museum Bischofszell', 'Marktgasse 4/6, 9220 Bischofszell, Thurgau'),
('3b111e93-688d-4d15-ad15-49eab0ab4aa9', 'Pamina', 'Sigrist', 'mail@museum-obwalden.ch', '041 660 65 22', 'Historisches Museum Obwalden', 'Brünigstrasse 127, 6060 Sarnen, Obwalden'),
('5a1b3bcf-6767-4761-b977-6544119a4826', 'Luisa', 'Bertolaccini', 'luisa.bertolaccini@olten.ch', '062 206 18 00', 'Historisches Museum Olten', 'Konradstrasse 7, 4600 Olten, Solothurn'),
('72a541ce-c1d1-4731-a1e3-f49ca38c2a23', 'Gabriele', 'Keck', 'gabriele.keck@tg.ch', '058 345 73 82', 'Historisches Museum Thurgau', 'Rathausplatz 2, 8500 Frauenfeld, Thurgau'),
('64e3938e-758d-4614-b298-c082a785adcf', 'Matthias', 'Halter', 'halterdanioth@bluewin.ch', '041 870 07 52', 'Historisches Museum Uri', 'Gotthardstrasse 18, 6460 Altdorf, Uri'),
('ae886233-61b3-4f25-ad71-26666c588508', 'Anton', 'Briw', 'info@hitelektro.ch', '027 971 40 40', 'HIT Elektro AG', 'Furkastrasse 5, 3984 Fiesch, Wallis/Valais'),
('b90bfb55-81f2-4dac-9b24-277ea757da8d', 'Peter', 'Hegelbach', 'p.hegelbach@hit-treuhand.ch', '044 905 89 89', 'hit Treuhand GmbH', 'Oberlandstrasse 98, 8610 Uster, Zürich'),
('c6afc279-3069-45ba-a3dc-e960bece24a3', 'Gajen', 'Kandiah', 'info.ch@hds.com', '044 802 64 64', 'Hitachi Vantara AG', 'Richtistrasse 11, 8304 Wallisellen, Zürich'),
('87c8e0f9-c49f-4b88-a195-295d43d9dbd6', 'Bruno-Frédéric', 'Baudouin', 'info@hz-inova.com', '044 277 11 11', 'Hitachi Zosen Inova AG', 'Hardturmstrasse 127, 8005 Zürich, Zürich'),
('8aeac73d-30f2-45e3-aba4-d5ca7d384c11', 'Roger', 'Tresch', 'info@hitechag.ch', '032 641 60 40', 'HiTeCH AG', 'Bündtenweg 8, 2545 Selzach, Solothurn'),
('50dd4bb2-1808-4658-bea0-cf5cf700664a', 'Joanna', 'Squirrell', 'info@hito-shiatsu.ch', '079 257 89 70', 'Hito Shiatsu', 'Bruggerstrasse 37d, 5400 Baden, Aargau'),
('693c4321-0e51-44e1-9cce-8c63e891edba', 'Oliver', 'Dietschi', 'info@hitobito.com', '031 370 22 00', 'hitobito AG', 'Belpstrasse 37, 3007 Bern, Bern'),
('3f78d2cd-9307-488d-a422-5843718f1642', 'Christian', 'Schmid', 'hi@hitsch.design', '079 443 85 25', 'hitschdesign Werbeagentur / kreativ&co GmbH', 'Poststrasse 122, 7050 Arosa, Graubünden'),
('21a70b8e-890f-4fcc-9c42-ad992487fd70', 'Beat Andreas', 'Wyss', 'info@hittwysshandwerk.ch', '079 502 34 73', 'Hittwysshandwerk Wyss', 'Wetzikerstrasse 49, 8335 Hittnau, Zürich'),
('39c4ff4c-a760-4ddb-9cff-119ef32f09b4', 'Cédric', 'Vollmar', 'c.vollmar@hitzpartner.ch', '078 824 07 96', 'Hitz & Partner Corporate Finance AG', 'Münzgasse 6, 6003 Luzern, Luzern'),
('c1bd5fdf-c840-44b9-ba6b-86ea87d2cc14', 'Martin', 'Hitz', 'info@hitzag.ch', '076 553 57 23', 'Hitz AG Bauherrenkompetenz', 'Hüttenwiesstrasse 28, 9016 St. Gallen, St. Gallen'),
('da2df8db-de44-40e1-a64f-d1e68494db8f', 'Urs-Peter', 'Hitz', 'info@hitzgimaltec.ch', '043 388 40 20', 'Hitz Gimaltec AG', 'Hinterer Mettliweg 7, 8800 Thalwil, Zürich'),
('103d6bb9-1537-418a-977b-db4689e09c45', 'Christian', 'Hitz', 'info@hitzholzbau.ch', '041 755 40 00', 'Hitz Holzbau AG', 'Industriestrasse 11, 6345 Neuheim, Zug'),
('acff3776-2d56-4a74-8890-570382d82d37', 'Jürg', 'Hitz', 'hitz@hitz-schreinerei.ch', '044 780 44 53', 'Hitz Innenausbau + Möbel AG', 'Untere Bergstrasse 39, 8820 Wädenswil, Zürich'),
('f63aab0f-a436-4d7f-a8c9-525550789743', 'Christoph', 'Hitz', 'ch.hitz@hitz-keramikag.ch', '062 842 60 05', 'Hitz Keramik AG', 'Schachen 26, 5722 Gränichen, Aargau'),
('6599243e-fb71-4667-ae76-11bad00f66fc', 'Peter', 'Reichmuth', 'peter.reichmuth@hitzpppag.ch', '055 282 15 43', 'HITZ PPP AG', 'Twirrenstrasse 12, 8733 Eschenbach, St. Gallen'),
('207ba94f-0e6d-44cd-a8bc-abe99bde620d', 'Luzius', 'Hitz', 'hitz@hitzbb.com', '079 671 25 65', 'HITZBauherrenBerater GmbH', 'Forchstrasse 3, 8032 Zürich, Zürich'),
('eb62026a-bd11-4bd5-a092-14d1d4601fc0', 'Astrid', 'Schrutt-Pöll', 'apotheke.hitzkirch@bluewin.ch', '041 917 12 60', 'Hitzkirch Apotheke & Drogerie AG', 'Seminarstrasse 1, 6285 Hitzkirch, Luzern'),
('e6556704-7213-45d4-9292-4894c50e5c4b', 'Anatol', 'Gschwind', 'info@hiveclub.ch', '044 271 12 10', 'Hive Club Zürich / Katakombe GmbH', 'Geroldstrasse 5, 8005 Zürich, Zürich'),
('73d93e0d-ed00-414e-9667-c65a534630db', 'Urs', 'Bischofberger', 'info@hiwi-bowling.ch', '043 843 08 08', 'Hiwi Bowling Urs Bischofberger', 'Hintere Wässeristrasse 12, 8340 Hinwil, Zürich'),
('1e65657d-14ad-497f-bd33-42bfef7e395b', 'Hugo', 'Jossen', 'hj.dentalsale@gmail.com', 'N.a.', 'HJ Dental-Technik GmbH', 'Schlossweg 7, 3904 Naters, Wallis/Valais'),
('d8e83390-1867-4ae8-9df3-822899e17210', 'Hanspeter', 'Jaggi', 'hanspeter.jaggi@hjtreuhand.ch', '031 326 39 39', 'HJ Treuhand GmbH', 'Amthausgasse 3, 3011 Bern, Bern'),
('898a6367-3009-4344-bbdd-a826dc2a43da', 'Christoph', 'Baumann', 'info@hjb-garten.ch', '033 243 60 70', 'HJB Garten GmbH', 'Staatsstrasse 102a, 3626 Hünibach, Bern'),
('bb337f9b-4da1-4659-b05f-3dd54558fbd8', 'Hans-Jörg', 'Hess', 'info@hjh-bc.com', '079 593 39 69', 'hjh business consulting GmbH', 'Untere Dattenbergstrasse 5, 6005 Luzern, Luzern'),
('5904ce7e-b33c-40d5-ae59-86939a891342', 'Hansjörg', 'Keller', 'hjk@hjk.ch', '071 686 80 00', 'Hjk Hansjörg Keller GmbH', 'Müligässli 4, 8598 Bottighofen, Thurgau'),
('5af46dbf-a703-4595-9f75-54293a9cf136', 'Kurt', 'Jungo', 'jungo.garmiswil@sensemail.ch', '026 492 01 30', 'HJS Betriebe AG', 'Garmiswil 18, 3186 Düdingen, Fribourg/Freiburg'),
('e2673c90-a1a2-4607-840b-c6e07b1ff283', 'Daniel', 'Kunz', 'info@hkdach.ch', '076 332 31 48', 'HK Dach GmbH', 'Unterbiel 27, 4418 Reigoldswil, Basel-Land'),
('eb81322c-37f4-4b08-bdce-903eee89c682', 'Markus', 'Fluri', 'info@hydraulikklus.ch', '062 391 50 56', 'hk Hydraulik Klus AG', 'Sagmattstrasse 2, 4710 Balsthal, Solothurn'),
('2c899fc9-0499-41a5-aaea-473878f66d5b', 'Hans-Jakob', 'Kissling', 'info@hkag.ch', '031 839 98 91', 'HK Reinigung AG', 'Bollstrasse 43, 3076 Worb, Bern'),
('b12d4b79-921d-4b00-a2f9-78d3af9ff9eb', 'Thomas', 'Brändle', 'info@hkt.ch', '052 233 67 34', 'HK Technik 95 AG', 'Kronenstrasse 11a, 9546 Tuttwil, Thurgau'),
('715c0f9f-7b0b-4d8d-a04e-72cdde6d882d', 'Hans', 'Kunz', 'info@gluehwein.ch', '076 234 86 40', 'HK-Drink''s Hans Kunz', 'Kreuzstrasse 37, 8640 Rapperswil, St. Gallen'),
('f4736519-d674-4b4c-8a01-1ecc8a456d82', 'René', 'Herzog', 'rene.herzog@hkg.ch', '058 360 60 60', 'HKG Engineering AG', 'Rütistrasse 22, 8952 Schlieren, Zürich'),
('9967a85d-e36d-44d5-b9aa-606359fb3e60', 'Marc', 'Herzog', 'marc.herzog@hkg.ch', '058 360 61 39', 'HKG Management AG', 'Mühlemattstrasse 16, 5001 Aarau 1, Aargau'),
('0b362ae3-fb2e-47d3-a1bd-d516e907c800', 'Peter', 'Warthmann', 'peter.warthmann@gebaeudetechnik.ch', '043 455 75 75', 'HK-Gebäudetechnik', '5001 Aarau, Aargau'),
('ec98b1a7-6710-4715-b26d-c5ea6c5b4aaf', 'Henk', 'Kersch', 'hk@osteopathie-duebendorf.ch', '044 820 40 31', 'HK-Osteopathie Dübendorf', 'Strehlgasse 28, 8600 Dübendorf, Zürich'),
('1846fd41-cfda-4bbb-a683-ebb37a4c8190', 'Matthias', 'Bechter', 'mbechter@hkp-bauing.ch', '058 451 73 51', 'Hkp Bauingenieure', 'Rütistrasse 6, 5400 Baden, Aargau'),
('bf8432ac-89ef-4db0-bc40-f9ae669ef06f', 'Remo', 'Bachmann', 'rbachmann@hkp-bauing.ch', '058 451 74 11', 'Hkp Bauingenieure AG', 'Birmensdorferstrasse 83, 8003 Zürich, Zürich'),
('26829a1b-0546-446a-8247-82b2907b0365', 'Eldin', 'Gracanin', 'info@hkspartner.ch', '071 525 28 33', 'HKS & Partner GmbH', 'Romanshornerstrasse 77, 9300 Wittenbach, St. Gallen'),
('01314a69-9144-4220-b0a8-de1ea07837f7', 'Michael', 'Hartung', 'm.hartung@hks-stapler.ch', '052 305 47 36', 'HKS Fördertechnik AG', 'Alti Ruedelfingerstrass 18, 8460 Marthalen, Zürich'),
('90143750-59fd-4465-9f10-1387c36c09b1', 'Huu Loc', 'Nguyen', 'info@hlbeauty.ch', '078 331 56 86', 'HL Beauty Nails Lashes & More GmbH', 'Gotthardstrasse 44, 8800 Thalwil, Zürich'),
('2cf104e4-a2db-4b8d-8d60-514a4c24151f', 'Hanife', 'Duhani', 'info@hl-gartenbau.ch', '079 527 99 66', 'HL Gartenbau GmbH', 'Aeschwuhrstrasse 8, 4665 Oftringen, Aargau'),
('a402c305-c171-4f53-9871-433f54082ece', 'Heinz', 'Lehner', 'lehner@hauswart.biz', '043 311 00 00', 'HL Heinz Lehner Hauswartungen-Reinigungen-Gartenpflege-Entsorgungen', 'Herdernstrasse 84, 8004 Zürich, Zürich'),
('2d649c14-a358-485f-8087-e6e9e133d4bb', 'Manuel', 'Lehmann', 'info@lehmann-holzhandwerk.ch', '034 556 20 00', 'HL Lehmann Holzhandwerk GmbH', 'Schärischachen 800b, 3552 Bärau, Bern'),
('f84ce00c-fc93-4004-bd5b-dcd456adc257', 'Dominique', 'Lauper', 'info@hlmetallbau.ch', '079 520 88 98', 'HL Metallbau GmbH', 'Lyssstrasse 1, 3267 Seedorf, Bern'),
('0ed91bbc-af5b-4ca5-a21f-8eedfae588d6', 'Hanspeter', 'Hegnauer', 'h.hegnauer@hlsysteme.ch', '061 855 20 82', 'HL Systeme AG', 'Storchenstrasse 1, 4313 Möhlin, Aargau'),
('7383a4b6-a8e2-4801-8510-6075a60db041', 'Hans-Peter', 'Diener', 'hpd@groupehld.com', '044 784 45 09', 'HLD Group GmbH', 'Schnabelweg 51, 8832 Wollerau, Schwyz'),
('bb1a4b6c-bc96-451d-9b76-b30995229169', 'Heinz', 'Jakob', 'heinz.jakob@h-ligno.ch', '079 311 79 82', 'H-Ligno GmbH', 'Solothurnstrasse 154, 2504 Biel/Bienne, Bern'),
('0cdaeae6-0210-4485-a08f-8f74de041183', 'Andreas', 'Hauser', 'a.hauser@hlk-consulting.ch', '079 775 52 58', 'HLK Consulting GmbH', 'Gempenstrasse 24a, 4143 Dornach, Solothurn'),
('6e06d9a7-7b38-4946-a53e-ffc40b04ab48', 'Dragan', 'Simic', 'info@hlkshop.ch', '061 333 33 34', 'HLK Shop - Secocon GmbH', 'Sagerweg 29, 4303 Kaiseraugst, Aargau'),
('9eb8513d-e32f-4ce1-95ff-85de6dead845', 'Jean-Jacques', 'Golay', 'golay.hlk-berater@bluewin.ch', '062 871 05 05', 'HLK-Berater GmbH', 'Starzleweg 337, 5072 Oeschgen, Aargau'),
('b808221b-cd7a-47d8-94cd-af96f211797f', 'Gerhard', 'Schauer', 'geryschauer@bluewin.ch', '056 426 70 11', 'HLK-Regeltechnik GmbH', 'Weberstrasse 8, 5430 Wettingen, Aargau'),
('a241543d-84e4-47ca-9f2a-5ff733d82a46', 'Xaver', 'Zimmermann', 'info@hll.ch', '079 433 36 36', 'HLL - Möbel - und Küchenbau GmbH', 'Eggaweg 8, 3934 Zeneggen, Wallis/Valais'),
('db5f04dd-07ac-403c-bf05-1218de2faf1c', 'Michael', 'Lüscher', 'hlm@bluewin.ch', '044 853 41 81', 'HLM Klima AG', 'Hohstrasse 2, 8302 Kloten, Zürich'),
('ce56d5ca-e315-4d9a-9717-b7241d0f136e', 'Daniel', 'Hänni', 'info@hlp-architekten.ch', '052 355 12 66', 'HLP Architekten AG', 'Rikonerstrasse 30, 8307 Effretikon, Zürich'),
('dd7a925e-4a46-4287-bde0-234d6b888142', 'Gerardo', 'Panzuto', 'gpa@hls-engineering-gmbh.ch', '043 210 30 85', 'HLS Engineering GmbH', 'Leutschenbachstrasse 45, 8050 Zürich, Zürich'),
('d5095d58-38c5-474d-9635-6153d332d1fe', 'Thomas', 'Wetter', 't.wetter@hl-technik.ch', '044 305 38 20', 'HL-Technik AG Beratende Ingenieure', 'Letzigraben 89, 8003 Zürich, Zürich'),
('7a80fde9-1269-4ba2-8ab2-beb3f73316b9', 'Max', 'Hauenstein', 'm.hauenstein@hm-architekten.ch', '056 268 67 66', 'Hm Architekten GmbH', 'Stauseestrasse 1, 5316 Leuggern, Aargau'),
('3c8e6283-1da5-43a9-906b-a2fb17a0b388', 'Hanspeter', 'Marti', 'hm.marti@bluewin.ch', '062 968 11 40', 'HM Marti AG', 'Unterdorfstrasse 25, 3365 Grasswil, Bern'),
('685cf10c-ee00-4639-8df9-312fb38711a7', 'Dominique', 'Hochstrasser', 'info@hmtech.ch', '061 481 26 91', 'HM TECH GmbH', 'Baslerstrasse 167, 4123 Allschwil, Basel-Land'),
('fcb6a7cc-f34d-4fa6-8df2-097264fd2b6b', 'Harris', 'Krzalic', 'sales@hma-interior.ch', '076 778 16 06', 'HMA Interior GmbH', 'Lerchentalstrasse 2b, 9016 St. Gallen, St. Gallen'),
('12af0d39-063d-4949-acf8-9d725583ae87', 'Herbert', 'Mann', 'info@hmbmann.ch', '032 645 14 55', 'HMB Herbert Mann', 'Allmendstrasse 29, 2544 Bettlach, Solothurn'),
('3732f645-7947-41b1-ab61-273bea8d1c10', 'Dominik', 'Thurnherr', 'dth@hmb-partners.ch', '043 844 48 48', 'hmb partners AG', 'Rennweg 28, 8001 Zürich, Zürich'),
('5b2953ca-0d6d-4a9c-bdf6-9c4165bca3a6', 'Marc', 'Hofer', 'marcfredhofer@gmail.com', '033 221 88 33', 'HM-Baumanagement GmbH', 'Siedlungsstrasse 6b, 3603 Thun, Bern'),
('f0fb307b-4d95-4962-a905-9c22ffe6ccc1', 'Armin', 'Henzen', 'info@hmc.ag', '079 341 83 60', 'HMC Hospitality Management Consultants AG', 'Vorstadt 10, 6300 Zug, Zug'),
('eb601c04-f4ac-4a6f-ad8d-e136f5762b18', 'Jan', 'Hiddink', 'info@hmhsystems.ch', '041 785 20 60', 'HMH Systems AG', 'Bösch 7, 6331 Hünenberg, Zug'),
('bc41fad9-5e82-44bb-9a60-438c8433413e', 'Joachim', 'Wende', 'info_ch@muenzkontor.ch', '0840 204 080', 'HMK V AG', 'Leubernstrasse 6, 8280 Kreuzlingen, Thurgau'),
('97b1ade3-6d83-40c6-bb26-9c1a4c32bda2', 'Peter', 'Hochuli', 'info@hmp-immobilien.ch', '079 913 61 11', 'HMP Immobilien', 'Vorstadtstrasse 21, 5722 Gränichen, Aargau'),
('c01ddd4d-2d82-4276-9c79-ddfb85051b7f', 'Simon', 'Hurter', 'office@hmppartners.ch', '043 818 97 07', 'HMP Partners AG', 'Bahnhofstrasse 44, 8001 Zürich, Zürich'),
('3b55d572-ca7c-47eb-8308-7e68383994ba', 'Hubert', 'Seifert', 'hse@hmq.ch', '081 650 05 42', 'HMQ AG', 'Schützenweg 8, 7430 Thusis, Graubünden'),
('448e4607-19f0-4fcf-9717-06cc3098eafa', 'Karin', 'Baumgartner', 'karin.baumgartner@hmrpartner.ch', '055 222 77 00', 'HMR Partner Treuhand AG', 'Neue Jonastrasse 79, 8640 Rapperswil, St. Gallen'),
('db023730-ea90-4b3f-9d41-bacb8a8a4e5f', 'Marco', 'Lechthaler', 'info@hmr.ch', '044 911 05 95', 'HMR Revisionsgesellschaft AG', 'Wiesenstrasse 17, 8032 Zürich, Zürich'),
('b74e2774-90cd-49bb-95d7-fb1637f93025', 'Beat J.', 'Fischer', 'b.j.fischer@hms-architekten.ch', '033 655 65 65', 'HMS Architekten AG', 'Seestrasse 20, 3700 Spiez, Bern'),
('6efac23d-1297-4bc3-b710-3351a2d47f1c', 'Matthias', 'Schabus', 'schabus@hms-connect.ch', '044 830 28 28', 'HMS connect AG', 'Industriestrasse 21, 8304 Wallisellen, Zürich'),
('343dcb73-3144-4170-8485-69d8f4accd09', 'Hasan', 'Tolaj', 'info@hmt-dienstleistungen.ch', '076 322 20 02', 'HMT Dienstleistungen GmbH', 'Pünten 4, 8602 Wangen b. Dübendorf, Zürich'),
('ba518fd8-cac8-4f49-91e1-0ff16ffc58c0', 'Günther', 'Hoheisel', 'sales@hmt.ch', '032 365 11 81', 'HMT Microelectronic AG', 'Aarbergstrasse 107A, 2502 Biel/Bienne, Bern'),
('aa3eb134-4905-4968-87aa-2fd1af7d0625', 'Heike', 'Thönes', 'ht@hmt-partners.ch', '041 729 39 50', 'HMT Partners AG', 'Baarerstrasse 10, 6302 Zug, Zug'),
('83665571-b1e3-427b-a93d-bdddb5d9cb47', 'Stephan', 'Theiler', 'info@hmtsolution.ch', '044 533 16 80', 'HMT Solution AG', 'Hausmattweg 9, 4302 Augst, Basel-Land'),
('9a5b8b00-9ad4-45b1-bbe6-18036b8fb9d8', 'Fredy', 'Willi', 'info@hmw.ch', '071 911 67 22', 'Hmw Architektur AG', 'Hauptstrasse 43, 9552 Bronschhofen, St. Gallen'),
('9c851936-db66-4b80-a503-233d4ef5c525', 'Michael', 'Nyffenegger', 'michael.nyffenegger@hn-m.ch', '032 517 46 60', 'HN+M GmbH', 'Längackerstrasse 2, 4552 Derendingen, Solothurn'),
('18511092-fa96-4bcc-bded-84b06b0d02b3', 'Marko', 'Uletic', 'markouletic@gmail.com', '076 492 41 81', 'HNK Adria Aarau', '5001 Aarau 1, Aargau'),
('19c9af15-56e7-4943-8bd1-1376b72b829f', 'Pero', 'Simic', 'pero.simic@zibatra.ch', '079 565 23 73', 'HNK Croatia', '4502 Solothurn, Solothurn'),
('97eab0e9-c8a3-48e3-8fcc-4192c3bd87f8', 'Ivica', 'Kopcic', 'ivica.kopcic@bluewin.ch', '078 732 82 68', 'HNK Zagreb', '2500 Biel/Bienne, Bern'),
('98722eac-802a-4eca-b969-40e5d8bc7b1f', 'Rolf', 'Lehmann', 'praxis@hno-altstadt.ch', '031 311 15 16', 'HNO Altstadt', 'Spitalgasse 26, 3011 Bern, Bern'),
('7f39b9b6-2ab7-45a1-8ffa-fbd2cc587c86', 'Adrian', 'Meyer', 'info@hno-rorschach.ch', '071 845 14 14', 'HNO am Bodensee AG', 'St. Galler Strasse 5, 9400 Rorschach, St. Gallen'),
('b9027fd2-21f5-4c06-8684-7be847a9fba2', 'Thomas', 'Uebelhart', 'info@hno-baar.ch', '041 763 30 30', 'HNO Baar', 'Bahnhofstrasse 13, 6340 Baar, Zug'),
('05c8387d-b8c1-415a-ab65-8e6dc2d39c6e', 'Cirus', 'Schahab', 'info@hnobaden.ch', '056 501 54 00', 'HNO Baden', 'Mellingerstrasse 18, 5400 Baden, Aargau'),
('b9301219-c394-4b17-a6fa-1a89235dcc23', 'Damien', 'Sequeira', 'hno.barfi@hin.ch', '061 261 57 56', 'HNO Barfüsserplatz', 'Freie Strasse 52, 4001 Basel, Basel-Stadt'),
('0c815c16-591b-4411-bada-ed4f8043c0cf', 'Bela', 'Molnar', 'praxis@hno-molnar.ch', '061 599 55 99', 'HNO Baselland', 'Bahnhofplatz 11, 4410 Liestal, Basel-Land'),
('4e474d5f-a61b-424e-9c4e-7d6954cf1ad2', 'Yael', 'Gilgen-Anner', 'info@hnobeimzoo.ch', '061 281 54 53', 'HNO beim Zoo', 'Birsigstrasse 50, 4054 Basel, Basel-Stadt'),
('be42074b-2fbd-4073-a700-14aee0a7c143', 'Peter', 'Custer', 'info@custer.ch', '044 251 37 77', 'HNO Bethanien', 'Toblerstrasse 61, 8044 Zürich, Zürich'),
('70a743e6-ade5-4192-83b1-039c2b8708f6', 'Sandra', 'Cavero', 'praxis.cavero@hin.ch', '041 710 30 72', 'HNO Cavero', 'Schmidgasse 3, 6300 Zug, Zug'),
('09b8e3ca-b3c2-4fd5-b675-2fe3d17d321d', 'Hannes', 'Domeisen', 'info@hno-clinic.ch', '055 220 10 20', 'HNO Clinic', 'Rathausstrasse 2, 8640 Rapperswil, St. Gallen'),
('365b79df-8ca9-4ebc-a4b2-b78541f7ed77', 'Marion', 'Einsle', 'hno.einsle@hin.ch', '041 410 48 21', 'HNO Einsle', 'Löwenstrasse 7, 6004 Luzern, Luzern'),
('e5e27363-c501-4020-a6b1-c860098c119a', 'Baktash', 'Aqtashi', 'orl-frauenfeld@hin.ch', '052 723 24 25', 'HNO Frauenfeld', 'Murgstrasse 4, 8500 Frauenfeld, Thurgau'),
('090ec36b-e66c-4f0a-b9a4-5fbc5e5a5f7e', 'Ueli', 'Siekmann', 'hno-glarus@hin.ch', '055 640 30 20', 'HNO Glarus', 'Burgstrasse 15, 8750 Glarus, Glarus'),
('99dbc5ee-4351-4566-9477-26bca01d2f30', 'Andrea', 'Albinger', 'hno.glattbrugg@hin.ch', '044 811 30 10', 'HNO Glattbrugg', 'Schaffhauserstrasse 83, 8152 Glattbrugg, Zürich'),
('63a62d7a-7d86-4344-99b2-5dbd41c46bb1', 'Sven', 'Prestin', 'info@hnohardbruecke.ch', '043 444 64 00', 'HNO Hardbrücke', 'Naphtastrasse 4, 8005 Zürich, Zürich'),
('17a4e087-cf5b-49a7-8e7a-b653acdc1ff6', 'Andreas', 'Zehnder', 'zehnder@hnoimpark.ch', '061 693 30 30', 'HNO im Park', 'Hirzbrunnenstrasse 58, 4058 Basel, Basel-Stadt'),
('8427c875-6b25-4a6e-9163-ebf1a888e4ca', 'Christian Alain', 'Pirovino', 'pirovino@hin.ch', '027 924 95 40', 'HNO Klinik Brig', 'Furkastrasse 4, 3900 Brig, Wallis/Valais'),
('78aee1cf-3e00-4b0b-9b87-ffa5782dead0', 'Annette', 'Vass Strittmatter', 'praxis-orl@hin.ch', '043 497 30 00', 'HNO Löwenplatz', 'Löwenstrasse 42, 8001 Zürich, Zürich'),
('022cd5eb-1724-406e-8d75-17617d9f5502', 'Evi', 'Blaschek-Hinteregger', 'info@hno-medic.ch', '044 202 22 82', 'HNO Medic', 'Splügenstrasse 6, 8002 Zürich, Zürich'),
('aa5ac0dd-f033-4cf3-887a-8dd87905bf1e', 'Andreas', 'Arnold', 'info@hno-muensingen.ch', '031 682 83 10', 'HNO Münsingen', 'Krankenhausweg 18, 3110 Münsingen, Bern'),
('ad5ff40a-3ad3-4af4-a1ac-f916cf1ddb43', 'Beat', 'Blaser', 'beat.blaser@hin.ch', '031 311 16 06', 'HNO Neuengasse', 'Neuengasse 39, 3011 Bern, Bern'),
('fcc65d1c-f6cd-4608-b119-816cdf3ff561', 'Veronika', 'Lützow', 'info@hno-orl-weinfelden.ch', '071 508 06 50', 'HNO ORL Weinfelden', 'Rathausstrasse 17, 8570 Weinfelden, Thurgau'),
('c93c6b29-92bd-492b-849c-27efbf050741', 'Teresa', 'Pötzl', 'hnopoetzl@hin.ch', '061 311 71 71', 'HNO Pötzl', 'Lehenmattstrasse 136, 4052 Basel, Basel-Stadt'),
('442dadf3-435c-451d-a04f-d74df1794814', 'Alain', 'Pfammatter', 'info@hnopraxisbaden.ch', '056 222 00 36', 'HNO Praxis Baden', 'Rütistrasse 2, 5400 Baden, Aargau'),
('b73ca081-a629-4176-b1a3-bd59cebac388', 'Juliane', 'Pichler', 'info@hnobernwest.ch', '031 992 80 20', 'HNO Praxis Bern West', 'Bümplizstrasse 77, 3018 Bern, Bern'),
('36784fdc-00d3-4357-872b-f95a2f46c4d3', 'Jörg', 'Frischknecht', 'info@hnopraxisbrunnen.ch', '041 820 62 62', 'HNO Praxis Brunnen', 'Bahnhofstrasse 31, 6440 Brunnen, Schwyz'),
('54b372dc-cca3-40f5-9d78-07dea4f5f213', 'Patrick', 'Mastromonaco', 'hno-buelach@hin.ch', '044 552 72 90', 'HNO Praxis Bülach', 'Sonnmattstrasse 5, 8180 Bülach, Zürich'),
('ee2fef02-2049-4984-9664-1c0ee4c2c0fb', 'Jan', 'Brödemann', 'hnopraxisbroedemann@hin.ch', '033 822 20 50', 'HNO Praxis Dr. Brödemann', 'Rychegarte, 3800 Unterseen, Bern'),
('4c82d892-ce66-45d9-9164-bff98b6be54a', 'Adrian', 'Lehner', 'hnopraxis@hin.ch', '041 210 44 61', 'HNO Praxis Dr. med. Adrian Lehner', 'Waldstätterstrasse 17, 6003 Luzern, Luzern'),
('172d5667-d376-45f3-996f-4073c92a6252', 'Marius', 'Thürlimann', 'hnopraxis-gossau@hin.ch', '071 385 91 91', 'HNO Praxis Gossau AG', 'Säntisstrasse 21, 9200 Gossau, St. Gallen'),
('dc8b879d-a302-4495-81ef-e160582b0257', 'Anna', 'Glaz-Sandberg', 'hno-im-zentrum@hin.ch', '062 822 72 22', 'HNO Praxis im Zentrum', 'Kasinostrasse 38, 5000 Aarau, Aargau'),
('b5b5a4bf-ec6d-407f-b9ad-ce7626083920', 'Manfred', 'Birchler', 'dm@halsnasenohren.ch', '055 451 90 30', 'HNO Praxis Lachen am Zürichsee', 'Alpenblickstrasse 20, 8853 Lachen, Schwyz'),
('33e95d40-3c7b-471e-a28d-dc7db168124a', 'Nevenka', 'Schmid', 'hnopraxislaufen@hin.ch', '061 761 77 77', 'HNO Praxis Laufen', 'Rampenweg 2, 4242 Laufen, Basel-Land'),
('041de510-27c2-41cd-8900-af4ac446c24d', 'Christian', 'Lehmann', 'c-lehmann@hin.ch', '061 508 10 20', 'HNO Praxis Lehmann', 'Bahnhofstrasse 12, 4144 Arlesheim, Basel-Land'),
('4453834d-2638-49e3-a172-fccf8fdc65ab', 'Marcel', 'Gärtner', 'gaertner@hno-praxis.ch', '041 419 33 33', 'HNO Praxis Luzern AG', 'Haldenstrasse 11, 6006 Luzern, Luzern'),
('c31602fe-8f0e-4ce1-bb9e-b03cf7d1f634', 'Gian-Marco', 'Widmer', 'widmer.hno@hin.ch', '044 362 60 00', 'HNO Praxis Milchbuck AG', 'Schaffhauserstrasse 124, 8057 Zürich, Zürich'),
('f031701a-a7cd-4549-8ec9-80c33dff1358', 'Julia-Franziska', 'Vogt', 'info@hno-nidwalden.ch', '041 610 60 14', 'HNO Praxis Nidwalden', 'Buochserstrasse 12, 6370 Stans, Nidwalden'),
('31ecce15-0d83-4d60-bf40-37639f11e2a2', 'Hanna', 'Trum', 'hnotrum@hin.ch', '062 891 81 11', 'HNO Praxis Niederlenz', 'Dorfrain 8, 5702 Niederlenz, Aargau'),
('1a917f07-7c21-4723-872e-28d04d43a1ec', 'Gyula', 'Göbel', 'hno.oensingen@hin.ch', '062 396 17 91', 'HNO Praxis Oensingen', 'Bahnhofstrasse 16, 4702 Oensingen, Solothurn'),
('3da9c279-1f29-4ff0-8e1d-72e25c7cb657', 'Hansjörg', 'Züst', 'hnozuest@hin.ch', '061 833 10 00', 'HNO Praxis Rheinfelden', 'Kaiserstrasse 2, 4310 Rheinfelden, Aargau'),
('375ce3e3-d436-4e14-acda-bb9460e93619', 'Kathleen', 'Westphal', 'kwestphal@bluewin.ch', '071 722 79 04', 'HNO Praxis Rheintal', 'Aechelistrasse 6, 9435 Heerbrugg, St. Gallen'),
('d3327cbf-0ad5-4133-a0ac-52642c7ea093', 'Peter', 'Egli', 'hno.solothurn@gmail.com', '032 623 00 91', 'HNO Praxis Solothurn', 'Niklaus-Kontrad-Strasse 20, 4500 Solothurn, Solothurn'),
('7b46751e-05a1-418e-b1d2-035cd2f838ff', 'Ralph', 'Litschel', 'info@hno-sg.ch', '071 222 87 22', 'HNO Praxis St. Gallen', 'Gartenstrasse 5, 9000 St. Gallen, St. Gallen'),
('7df5214d-4338-40b1-b27c-1affd83d6789', 'Kristina', 'Strub', 'kontakt@hnostrub.ch', '061 815 11 77', 'HNO Praxis Strub', 'Theaterstrasse 4, 4051 Basel, Basel-Stadt'),
('969e614c-950f-4af9-9fe3-0a0eb6d0aa3e', 'Daniela', 'Isenring', 'hno-praxis-wil@hin.ch', '071 911 31 44', 'HNO Praxis Wil', 'Friedtalweg 20, 9500 Wil, St. Gallen'),
('9ec8a8a0-1a2b-412e-8b44-df2e29a85489', 'Jan', 'Weisert', 'info@hno-praxis-zug.ch', '041 711 26 44', 'HNO Praxis Zug', 'Gartenstrasse 2, 6300 Zug, Zug'),
('373613a2-f7c2-4297-b990-194806bdac60', 'Andreas', 'Pawlik', 'pawlik@hin.ch', '081 720 44 20', 'HNO Sargans', 'Städtchenstrasse 1, 7320 Sargans, St. Gallen'),
('5ec62247-a684-45ab-806e-4d8aba196bb1', 'Benjamin', 'Heinz', 'hno-schaffhausen@hin.ch', '052 625 52 52', 'HNO Schaffhausen', 'Bachstrasse 38, 8200 Schaffhausen, Schaffhausen'),
('059ccb38-0ba5-4aae-9615-3218a46fb5ae', 'Maria', 'Schneller', 'info@hno-schneller.ch', '044 362 56 00', 'HNO Schneller', 'Mainaustrasse 12, 8008 Zürich, Zürich'),
('36e02956-bd8e-42ae-b6a1-3236df30a5ec', 'Simon', 'Bähler', 'info@hnosursee.ch', '041 921 92 82', 'HNO Sursee', 'Rathausplatz 7, 6210 Sursee, Luzern'),
('60a31792-6950-486d-b2db-feed13d326d2', 'Damien', 'Biétry', 'damien.bietry@hin.ch', '031 961 44 88', 'HNO Wabern', 'Grünaustrasse 6, 3084 Wabern, Bern'),
('fb6f41c6-3982-41df-ab2e-f8c99af7ff90', 'Roman', 'Laske', 'info@hno-wiedikon.ch', '044 223 59 00', 'HNO Wiedikon', 'Bremgartnerstrasse 1, 8003 Zürich, Zürich'),
('f1b25568-20ce-424a-95c5-2f5f7a1a3578', 'Andrea Christiane', 'Hilgenfeld', 'praxis@hno-aaa.ch', '044 763 14 14', 'HNO Zentrum Affoltern am Albis', 'Obstgartenstrasse 5, 8910 Affoltern am Albis, Zürich'),
('919ee7b7-bfa0-4446-a1ca-a067c8278343', 'Ewa', 'Zamaro', 'ewa.zamaro@hin.ch', '034 422 95 22', 'HNO Zentrum Burgdorf', 'Bahnhofstrasse 8, 3400 Burgdorf, Bern'),
('7909b0e3-bbf5-4ae8-afc8-623eeb9c9150', 'Panagiotis', 'Ziglinas', 'ziglinas@outlook.com', '031 333 77 88', 'HNO Zentrum Seilerstrasse', 'Seilerstrasse 8, 3011 Bern, Bern'),
('237613a2-9411-40dd-8a2e-45b82b8f7fee', 'Sandro', 'Negri', 'negri@hin.ch', '031 333 77 88', 'HNO Zentrum Seilerstrasse', 'Seilerstrasse 8, 3011 Bern, Bern'),
('2ff0f7f6-27e9-4353-8830-d4b8f53b2dac', 'Stephan', 'Schneider', 'schneider@hnozentrumthun.ch', '033 222 11 52', 'HNO Zentrum Thun', 'Bälliz 40, 3600 Thun, Bern'),
('7c7c1bdf-50d5-452d-9b89-1434de6844df', 'Susanne', 'Spörri', 'info.hnozuerich@hin.ch', '044 215 16 66', 'HNO Zürich Fraumünster', 'Kappelergasse 14, 8001 Zürich, Zürich'),
('ffcb7d6b-d35f-461b-bdc6-d6b43bec6264', 'Claudia', 'Amberg', 'hnozuerichsee@hin.ch', '044 796 15 65', 'HNO Zürichsee', 'Grundstrasse 4a, 8712 Stäfa, Zürich'),
('ad2845de-b8c8-4fcb-90a8-8aba65c34901', 'Marcus M.', 'Maassen', 'info@hno-luzern.ch', '041 420 66 34', 'HNO-Center Luzern AG', 'Hünenbergstrasse 1, 6006 Luzern, Luzern'),
('82b7b193-c236-4dc7-a791-d4a54cf9f88c', 'Reto', 'Hasler', 'praxis.hasler@hin.ch', '056 618 30 70', 'HNO-Praxis Dr. med. Reto Hasler', 'Zentralstrasse 55a, 5610 Wohlen, Aargau'),
('a474e94f-8164-419c-8883-4899549a99b8', 'Stefan', 'Schumacher', 'aerzte.gloria@hin.ch', '052 212 80 00', 'HNO-Praxis Dr. med. Stefan Schumacher', 'Stadthausstrasse 135, 8400 Winterthur, Zürich'),
('7243986e-7657-4c96-bc25-446a76e898a8', 'Jan', 'Egli', 'hno-habsburg@hin.ch', '041 210 50 35', 'HNO-Praxis Habsburg', 'Habsburgerstrasse 20, 6003 Luzern, Luzern'),
('8cd93fa4-0390-4a94-9286-fc4b3b77c06c', 'Peter', 'Hänni', 'peter.haenni@hin.ch', '032 623 79 23', 'HNO-Praxis Hänni GmbH', 'Bielstrasse 18, 4500 Solothurn, Solothurn'),
('c2151f60-236c-4c14-bce7-2924d5e3ec54', 'Martin', 'Müller', 'hno.mueller@hin.ch', '061 201 30 80', 'HNO-Praxis im Zentrum Basel', 'Freie Strasse 20, 4001 Basel, Basel-Stadt'),
('9df30659-5ada-4903-979d-971600dde46d', 'Fabian', 'Ullmann', 'info@hno-isebaehnli.ch', '056 622 50 44', 'HNO-Praxis Isebähnli', 'Aargauerstrasse 2, 5610 Wohlen, Aargau'),
('26810536-c781-40a0-bd42-a5b02c9cc550', 'Timea', 'Gal', 'hno-langenthal@hin.ch', '062 923 27 27', 'HNO-Praxis Langenthal', 'Zieglerstrasse 7, 4900 Langenthal, Bern'),
('3b38c0f0-5c82-4ba6-9080-019e8189a4d5', 'Nicole', 'Wismer-Herzog', 'nicole@wismer.ch', '041 410 48 21', 'HNO-Praxis Löwenplatz', 'Löwenstrasse 7, 6004 Luzern, Luzern'),
('2adf3a71-5214-4023-8553-2f99b667d8ec', 'Markus', 'Pfister', 'info@hno-sarnen.ch', '041 660 94 94', 'HNO-Praxis Sarnen', 'Marktstrasse 7, 6060 Sarnen, Obwalden'),
('5d672a5e-0ab5-4e8b-9f68-573e0c5120f4', 'Jörg', 'Dähn', 'hno-praxis-seeland@hin.ch', '032 322 53 53', 'HNO-Praxis Seeland GmbH', 'Bahnhofstrasse 1, 2502 Biel/Bienne, Bern'),
('4d8f590a-d86c-44e2-a1eb-cba4d52a5989', 'Peter', 'Doebeli', 'info@praxis-doebeli.ch', '044 941 21 10', 'HNO-Praxis Uster', 'Zürichstrasse 1, 8610 Uster, Zürich'),
('7522dff0-65c3-4b6d-9812-966dc74bd22b', 'Andreas', 'Infanger', 'praxis@hno-sursee.ch', '041 926 56 56', 'HNO-Sursee AG', 'Spitalstrasse 4, 6210 Sursee, Luzern'),
('9dea7fd9-5a1f-4b9d-b929-20ac3e912bbc', 'Karolos', 'Fostiropoulos', 'karolos.fostiropoulos@hirslanden.ch', '061 335 29 20', 'HNO-Zentrum beider Basel', 'Reinacherstrasse 28, 4142 Münchenstein, Basel-Land'),
('88da0572-960f-40c9-9211-602abdf17b18', 'Michael', 'Werner', 'info@hnwoffice.ch', '044 914 41 00', 'HNW Family Office AG', 'Seestrasse 77, 8703 Erlenbach, Zürich'),
('87689e47-01bc-4ecb-8e82-1b8d488c8bfa', 'Markus', 'Oegerli', 'm.oegerli@h-o.ch', '062 213 96 96', 'H-O OEGERLI MARKUS ARCHITEKTEN SIA AG', 'Katzenhubelweg 1, 4600 Olten, Solothurn'),
('1fc98bdd-c5f0-45cd-b2a1-fe39a0e9698a', 'Luzia', 'Loop', 'mels@hob.ch', '081 723 39 79', 'HOB House of Beauty', 'Bahnhofstrasse 23, 8887 Mels, St. Gallen'),
('15f946e2-bb89-4188-be15-4c19d7f3e4a7', 'Dominik', 'Heiniger', 'info@hobadesign.ch', '071 292 16 70', 'Hoba Design GmbH', 'Hofenstrasse 19, 9300 Wittenbach, St. Gallen'),
('16ff58e3-5b79-484a-a806-7b82e4862824', 'Rabit', 'Hodza', 'info@hobaservice.ch', '044 730 22 80', 'HoBa Service GmbH', 'Steinwiesenstrasse 4c, 8952 Schlieren, Zürich'),
('dab56aa2-a1a0-4fa9-8159-42183301ddf7', 'Emran', 'Hobab', 'tattoo.luzern@gmail.com', '078 215 74 24', 'Hobab Different Tattoo', 'Grossmatte Ost 12, 6014 Luzern, Luzern'),
('4bbb4ebb-5586-4272-9b92-68407548483e', 'Peter', 'Trüssel-Michel', 'info@hobag.ch', '033 952 12 20', 'HOBAG Brienz AG für automatische Feuerungen', 'Lauenenstrasse 51, 3855 Brienz, Bern'),
('785906e1-c00b-4f27-8fe5-7129c7e9fbbf', 'Raphael', 'Egger', 'info@hobako.ch', '032 637 26 22', 'Hobako AG', 'Erlenmattstrasse 8, 4536 Attiswil, Bern'),
('30b661e0-7829-4c11-9a79-de22788e0025', 'Dieter', 'Bächle', 'office@hobau-immoinvest.ch', '071 695 12 92', 'Hobau Immoinvest AG', 'Bachstrasse 8, 8597 Landschlacht, Thurgau'),
('a135f5aa-cae9-43e2-8805-f3347d2da6dd', 'Roland', 'Hofer', 'info@hobau.ch', '062 398 25 11', 'HOBAU Zimmerei und Bedachungen GmbH', 'Altgraben 4, 4624 Härkingen, Solothurn'),
('c60e3eb6-e49e-4970-9888-512ff63ebbc9', 'Hugo', 'Markes', 'info@modellsport.ch', '044 950 22 55', 'Hobby Modell Sport GmbH', 'Seestrasse 5, 8330 Pfäffikon, Zürich'),
('4e1793e5-88aa-4c82-b335-a2262b7798aa', 'Michel', 'Ritter', 'info@hobbyshop-ritter.ch', '031 782 04 22', 'Hobby Shop Ritter AG', 'Vorderdorfstrasse 1, 3114 Wichtrach, Bern'),
('9d73b0ef-08a6-404c-879c-a9700c6eaba3', 'Bruno', 'Sommerhalder', 'hobby-huesli@hispeed.ch', '044 930 26 50', 'Hobby-Hüsli', 'Bachtelstrasse 43, 8620 Wetzikon, Zürich'),
('ec696876-e1d4-45e5-9b83-1da3ab9eccfa', 'Alain', 'Bruggisser', 'info@hobby-shop.ch', '061 981 64 20', 'Hobby-Shop GmbH', 'Ribistrasse 10, 4460 Gelterkinden, Basel-Land'),
('544986bf-2338-4580-a307-fc338ab0cbed', 'Martin', 'Hörnlimann', 'm.hoernlimann@hoebe.ch', '071 911 54 68', 'Höbe Holzbau AG', 'Hauptstrasse 78, 9553 Bettwiesen, Thurgau'),
('94f76bd4-be32-489b-a229-0f3a12bb7738', 'René', 'Brugger', 'rbrugger@hobeda.ch', '033 826 64 80', 'HOBEDA Interlaken AG', 'Aarmühlestrasse 14, 3800 Interlaken, Bern'),
('821c56c1-48ef-414c-b77e-1a5f7a660dbd', 'André', 'Flückiger', 'info@hobel.ch', '044 431 88 88', 'Hobel, Genossenschaft für Möbel und Innenausbau', 'Aargauerstrasse 251, 8048 Zürich, Zürich'),
('5fbe855d-3a44-43b6-8ad3-d18393619002', 'Hans Peter', 'Hobi', 'schlosserei@hobi-co.ch', '079 438 23 80', 'Hobi & Co. Schlosserei AG', 'Gäuggeliweg 7, 7252 Klosters Dorf, Graubünden'),
('c56c7000-b8f2-43ea-8674-879d0b6de377', 'Peter', 'Hobi', 'info@hobipower.ch', '081 710 47 47', 'Hobi Power GmbH', 'Oberdorfstrasse 14, 8887 Mels, St. Gallen'),
('25a7b359-9549-4d5b-96e3-764df3ababab', 'Ruedi', 'Hobi', 'info@hobi-wohnen.ch', '052 320 10 02', 'Hobi Wohnen AG', 'Schaffhauserstrasse 74, 8472 Seuzach, Zürich'),
('066b0a24-cb12-449a-8fdc-e6adf652d0ad', 'Hans', 'Guyer', 'hans.guyer@wohnschreinerei.ch', '052 320 10 09', 'Hobi Wohnschreinerei AG', 'Schaffhausenstrasse 74, 8472 Seuzach, Zürich'),
('76f71b93-d469-40dc-8462-c2e2f9049db3', 'Martin', 'Feichtner', 'feichtner@hobigerfeichtner.ch', '078 885 57 03', 'Hobiger Feichtner Architekten GmbH', 'Hardstrasse 69, 8004 Zürich, Zürich');

INSERT INTO leads (id, contact_id, source, status, value, notes) VALUES
('a5519dac-0407-4d36-8e06-fd0d3ad218cb', '15011d89-40f1-481a-bc7f-6451ea81df7b', 'KALTAKQUISE', 'ACTIVE', 0, 'Funktion: Geschäftsführer/in (CEO) | Mitarbeiter: 1 bis 10 | Branche: Unternehmensberater | Rechtsform: Gesellschaft mit beschränkter Haftung'),
('cc04b741-cc73-4aa6-8a70-f88fd72d8f73', '65f4aa44-f1ea-4cc2-bb8e-7da05d92bad1', 'KALTAKQUISE', 'ACTIVE', 0, 'Funktion: Geschäftsführer/in (CEO) | Mitarbeiter: 21 bis 50 | Branche: Metallbauer | Rechtsform: Aktiengesellschaft'),
('3056acb9-06f5-425d-bf68-808e3a390440', '610dad70-27cd-4925-b151-066ee002666c', 'KALTAKQUISE', 'ACTIVE', 0, 'Funktion: Geschäftsführer/in (CEO) | Mitarbeiter: 11 bis 20 | Branche: Textil- & Möbelindustrie | Rechtsform: Gesellschaft mit beschränkter Haftung'),
('46185b4e-be4a-46f2-970a-b78cccad3b69', '489ec441-0468-4edb-9310-88804ecb3faa', 'KALTAKQUISE', 'ACTIVE', 0, 'Funktion: Geschäftsführer/in (CEO) | Mitarbeiter: 1 bis 10 | Branche: Sanitär & Haustechnik | Rechtsform: Aktiengesellschaft'),
('72828b57-06c1-4f08-843f-b28e336dcc08', 'e3f82de4-840e-4ff5-ac02-ccce1d0be9a4', 'KALTAKQUISE', 'ACTIVE', 0, 'Funktion: Geschäftsführer/in (CEO) | Mitarbeiter: 11 bis 20 | Branche: Bau- & Projektmanagement / General- & Totalunternehmungen / Immobilienprojektentwicklung | Rechtsform: Aktiengesellschaft'),
('9e332a96-0203-4499-a749-cfb6a2c3fcff', '026ffad5-34dd-490b-a8ad-314c3078a411', 'KALTAKQUISE', 'ACTIVE', 0, 'Funktion: Geschäftsführer/in (CEO) | Mitarbeiter: 11 bis 20 | Branche: Personalvermittler & -berater | Rechtsform: Einzelunternehmen'),
('3fbc80b8-0265-4f92-961b-d13f158214d6', 'e7f3833a-aa2f-43d5-a466-59b87694bf54', 'KALTAKQUISE', 'ACTIVE', 0, 'Funktion: Geschäftsführer/in (CEO) | Mitarbeiter: 11 bis 20 | Branche: Unternehmensberater | Rechtsform: Aktiengesellschaft'),
('93058385-f128-4f12-adcf-fedfd47c9c45', 'a866c5b8-57f9-4c59-8896-bda4d98adbf6', 'KALTAKQUISE', 'ACTIVE', 0, 'Funktion: Geschäftsführer/in (CEO) | Mitarbeiter: 21 bis 50 | Branche: Facility Management & Reinigungsfirmen'),
('0d96b373-6570-4c20-87f7-bdf2cf956ea2', 'aca2e0c2-ff75-4c3f-acd1-f5ea571f47f6', 'KALTAKQUISE', 'ACTIVE', 0, 'Funktion: Geschäftsführer/in (CEO) | Mitarbeiter: 21 bis 50 | Branche: IT Unternehmen | Rechtsform: Aktiengesellschaft'),
('00e5fc15-6e63-470c-b453-bc0d5960b5f8', '7430e966-8668-41d1-a2c7-dbdb449fa32b', 'KALTAKQUISE', 'ACTIVE', 0, 'Funktion: Geschäftsführer/in (CEO) | Mitarbeiter: 1 bis 10 | Branche: Garagen | Rechtsform: Aktiengesellschaft'),
('7ffce6c2-318c-4960-8b52-151b6c8a7dc7', '6c999a88-9ead-4a70-9f17-84190922250b', 'KALTAKQUISE', 'ACTIVE', 0, 'Funktion: Geschäftsführer/in (CEO) | Mitarbeiter: 1 bis 10 | Branche: Lebensmittelverarbeitung | Rechtsform: Gesellschaft mit beschränkter Haftung'),
('bfe4c641-161f-4a44-81f7-48c33a7bb183', '52d4b61c-1c3f-420c-9c8d-f57bdccd5170', 'KALTAKQUISE', 'ACTIVE', 0, 'Funktion: Geschäftsführer/in (CEO) | Mitarbeiter: 21 bis 50 | Branche: Maschinenbauindustrie / Medizintechnik-Industrie | Rechtsform: Gesellschaft mit beschränkter Haftung'),
('b18a4fe3-4f5c-4e07-aa7f-93caddbb99e0', '48d74a32-1aa5-4473-9e3d-805f32cc4d4a', 'KALTAKQUISE', 'ACTIVE', 0, 'Funktion: Geschäftsführer/in (CEO) | Mitarbeiter: 1 bis 10 | Branche: Life-Science-Industrie | Rechtsform: Aktiengesellschaft'),
('5c7a52d9-86bd-48bd-9a86-ee63b108d1c5', '29a973f9-71db-48d8-8c1c-1d06e6ddbffa', 'KALTAKQUISE', 'ACTIVE', 0, 'Funktion: Geschäftsführer/in (CEO) | Mitarbeiter: 1 bis 10 | Branche: Spielwaren- & Babyfachhandel'),
('aa77d251-68d5-4522-ac24-da6b8155315e', 'c0884765-e6bb-4e87-88c7-2e72c1387dc4', 'KALTAKQUISE', 'ACTIVE', 0, 'Funktion: Geschäftsführer/in (CEO) | Mitarbeiter: 1 bis 10 | Branche: Museum & Theater'),
('d3f978e4-90b2-49da-a89c-0a1df599c16a', '8a18ce15-9030-4663-9361-1a6dc9ed098e', 'KALTAKQUISE', 'ACTIVE', 0, 'Funktion: Geschäftsführer/in (CEO) | Mitarbeiter: 1 bis 10 | Branche: Museum & Theater'),
('855f166a-d9b3-4a21-b20e-27c0e355fbb8', '63488d98-2ce9-4ed8-a337-553d25c3b429', 'KALTAKQUISE', 'ACTIVE', 0, 'Funktion: Geschäftsführer/in (CEO) | Mitarbeiter: 1 bis 10 | Branche: Museum & Theater'),
('0a0a484f-9a9a-4060-8291-4048ad79ab72', '9fce6b78-b92c-445d-af28-7abfb8065fed', 'KALTAKQUISE', 'ACTIVE', 0, 'Funktion: Geschäftsführer/in (CEO) | Mitarbeiter: 51 bis 100 | Branche: Museum & Theater'),
('5161c618-d6c1-475f-aa0d-e5d2ab66ffcd', '76ea4326-f8de-4e4f-abb9-160eb6b8d4f0', 'KALTAKQUISE', 'ACTIVE', 0, 'Funktion: Geschäftsführer/in (CEO) | Mitarbeiter: 1 bis 10 | Branche: Museum & Theater'),
('572b1882-dcef-4b86-a960-008f330f891a', '3b111e93-688d-4d15-ad15-49eab0ab4aa9', 'KALTAKQUISE', 'ACTIVE', 0, 'Funktion: Geschäftsführer/in (CEO) | Mitarbeiter: 11 bis 20 | Branche: Museum & Theater'),
('226b1f1e-7e7b-43cc-a632-1731ddebaf31', '5a1b3bcf-6767-4761-b977-6544119a4826', 'KALTAKQUISE', 'ACTIVE', 0, 'Funktion: Geschäftsführer/in (CEO) | Mitarbeiter: 1 bis 10 | Branche: Museum & Theater'),
('3083c901-55f7-48cc-87ba-130421d6b4c6', '72a541ce-c1d1-4731-a1e3-f49ca38c2a23', 'KALTAKQUISE', 'ACTIVE', 0, 'Funktion: Geschäftsführer/in (CEO) | Mitarbeiter: 11 bis 20 | Branche: Museum & Theater'),
('4d59c996-e2bf-4fb5-b3c9-0c9fac4f9027', '64e3938e-758d-4614-b298-c082a785adcf', 'KALTAKQUISE', 'ACTIVE', 0, 'Funktion: Geschäftsführer/in (CEO) | Mitarbeiter: 1 bis 10 | Branche: Museum & Theater'),
('e5a2d995-27ed-4cbd-b34e-dfdcdff1f201', 'ae886233-61b3-4f25-ad71-26666c588508', 'KALTAKQUISE', 'ACTIVE', 0, 'Funktion: Geschäftsführer/in (CEO) | Mitarbeiter: 1 bis 10 | Branche: Elektroplanung & Installation'),
('ad8bbc08-15d9-4d59-89d8-13d625b7d873', 'b90bfb55-81f2-4dac-9b24-277ea757da8d', 'KALTAKQUISE', 'ACTIVE', 0, 'Funktion: Geschäftsführer/in (CEO) | Mitarbeiter: 11 bis 20 | Branche: Treuhandbüros | Rechtsform: Gesellschaft mit beschränkter Haftung'),
('85ff4419-3f90-4e1f-937d-1924be05f5b7', 'c6afc279-3069-45ba-a3dc-e960bece24a3', 'KALTAKQUISE', 'ACTIVE', 0, 'Funktion: Geschäftsführer/in (CEO) | Mitarbeiter: 101 bis 500 | Branche: Top 2''000 CH-Unternehmen | Rechtsform: Aktiengesellschaft'),
('45ca0b90-f444-4f78-9ea1-18e7a2ed65ee', '87c8e0f9-c49f-4b88-a195-295d43d9dbd6', 'KALTAKQUISE', 'ACTIVE', 0, 'Funktion: Geschäftsführer/in (CEO) | Mitarbeiter: Mehr als 500 | Branche: Chemieindustrie | Rechtsform: Aktiengesellschaft'),
('e8e1e53b-45e6-44f1-ae1d-a889d92d3d5a', '8aeac73d-30f2-45e3-aba4-d5ca7d384c11', 'KALTAKQUISE', 'ACTIVE', 0, 'Funktion: Geschäftsführer/in (CEO) | Mitarbeiter: 11 bis 20 | Branche: Maschinenbauindustrie | Rechtsform: Aktiengesellschaft'),
('683ea2af-91a3-43ed-895d-61cb31cc2ce0', '50dd4bb2-1808-4658-bea0-cf5cf700664a', 'KALTAKQUISE', 'ACTIVE', 0, 'Funktion: Geschäftsführer/in (CEO) | Mitarbeiter: 1 bis 10 | Branche: Atem- Meditation- & Yogacenter'),
('078e8d9f-2f19-4aa4-985f-027edb897b85', '693c4321-0e51-44e1-9cce-8c63e891edba', 'KALTAKQUISE', 'ACTIVE', 0, 'Funktion: Geschäftsführer/in (CEO) | Mitarbeiter: 1 bis 10 | Branche: IT Unternehmen | Rechtsform: Aktiengesellschaft'),
('f61c3c11-3e06-47d7-97cb-89add91ba1d6', '3f78d2cd-9307-488d-a422-5843718f1642', 'KALTAKQUISE', 'ACTIVE', 0, 'Funktion: Geschäftsführer/in (CEO) | Mitarbeiter: 1 bis 10 | Branche: Werbeagenturen | Rechtsform: Gesellschaft mit beschränkter Haftung'),
('a24c43b5-3fbe-4858-807e-82457f302207', '21a70b8e-890f-4fcc-9c42-ad992487fd70', 'KALTAKQUISE', 'ACTIVE', 0, 'Funktion: Geschäftsführer/in (CEO) | Mitarbeiter: 1 bis 10 | Branche: Textil- & Möbelindustrie | Rechtsform: Einzelunternehmen'),
('48eb08e9-209c-4ffe-ad25-d925fb61520e', '39c4ff4c-a760-4ddb-9cff-119ef32f09b4', 'KALTAKQUISE', 'ACTIVE', 0, 'Funktion: Geschäftsführer/in (CEO) | Mitarbeiter: 1 bis 10 | Branche: Unternehmensberater / Private Equity & Venture Capital Firmen | Rechtsform: Aktiengesellschaft'),
('5a17dc81-68bc-4163-ac2e-8ee77d0d4398', 'c1bd5fdf-c840-44b9-ba6b-86ea87d2cc14', 'KALTAKQUISE', 'ACTIVE', 0, 'Funktion: Geschäftsführer/in (CEO) | Mitarbeiter: 1 bis 10 | Branche: Bauherrenvertretung | Rechtsform: Aktiengesellschaft'),
('e2dc50c0-ab10-4de1-8e64-da1b073a76f8', 'da2df8db-de44-40e1-a64f-d1e68494db8f', 'KALTAKQUISE', 'ACTIVE', 0, 'Funktion: Geschäftsführer/in (CEO) | Mitarbeiter: 11 bis 20 | Branche: Maler- & Gipsergeschäfte | Rechtsform: Aktiengesellschaft'),
('71e883f8-3875-4325-9962-27fd006c832d', '103d6bb9-1537-418a-977b-db4689e09c45', 'KALTAKQUISE', 'ACTIVE', 0, 'Funktion: Geschäftsführer/in (CEO) | Mitarbeiter: 11 bis 20 | Branche: Nachhaltigkeitsbereich / Schreinerei- & Holzbaubetriebe / Solar & Photovoltaik | Rechtsform: Aktiengesellschaft'),
('1a226bce-04e7-4b67-bfb0-f9e77bd6dc0c', 'acff3776-2d56-4a74-8890-570382d82d37', 'KALTAKQUISE', 'ACTIVE', 0, 'Funktion: Geschäftsführer/in (CEO) | Mitarbeiter: 1 bis 10 | Branche: Schreinerei- & Holzbaubetriebe | Rechtsform: Aktiengesellschaft'),
('d4821cee-07ed-45cf-81de-d03bf84deac0', 'f63aab0f-a436-4d7f-a8c9-525550789743', 'KALTAKQUISE', 'ACTIVE', 0, 'Funktion: Geschäftsführer/in (CEO) | Mitarbeiter: 1 bis 10 | Branche: Boden- & Plattenleger'),
('361cc44c-1391-44dc-b3bf-44fad173deb0', '6599243e-fb71-4667-ae76-11bad00f66fc', 'KALTAKQUISE', 'ACTIVE', 0, 'Funktion: Geschäftsführer/in (CEO) | Mitarbeiter: 1 bis 10 | Branche: Maschinenbauindustrie / Metallbauer | Rechtsform: Aktiengesellschaft'),
('c921c39f-11cf-4e47-9be9-42a8b9bafa88', '207ba94f-0e6d-44cd-a8bc-abe99bde620d', 'KALTAKQUISE', 'ACTIVE', 0, 'Funktion: Geschäftsführer/in (CEO) | Mitarbeiter: 1 bis 10 | Branche: Bau- & Projektmanagement / Immobilienprojektentwicklung / Bauherrenvertretung | Rechtsform: Gesellschaft mit beschränkter Haftung'),
('e9bf66cd-0dcd-4d91-b777-a040a175cef0', 'eb62026a-bd11-4bd5-a092-14d1d4601fc0', 'KALTAKQUISE', 'ACTIVE', 0, 'Funktion: Geschäftsführer/in (CEO) | Mitarbeiter: 1 bis 10 | Branche: Apotheken & Drogerien'),
('412c4ba1-1cc2-43e2-a06a-1c0b633c8de0', 'e6556704-7213-45d4-9292-4894c50e5c4b', 'KALTAKQUISE', 'ACTIVE', 0, 'Funktion: Geschäftsführer/in (CEO) | Mitarbeiter: 21 bis 50 | Branche: Clubs, Bars & Eventlocations | Rechtsform: Gesellschaft mit beschränkter Haftung'),
('96274585-82ab-4424-8a59-3c9ab7906bf9', '73d93e0d-ed00-414e-9667-c65a534630db', 'KALTAKQUISE', 'ACTIVE', 0, 'Funktion: Geschäftsführer/in (CEO) | Mitarbeiter: 11 bis 20 | Branche: Freizeitanlagen | Rechtsform: Einzelunternehmen'),
('7fbb30d4-8029-4036-acde-cce3f3452876', '1e65657d-14ad-497f-bd33-42bfef7e395b', 'KALTAKQUISE', 'ACTIVE', 0, 'Funktion: Geschäftsführer/in (CEO) | Mitarbeiter: 1 bis 10 | Branche: Medizintechnik-Industrie | Rechtsform: Gesellschaft mit beschränkter Haftung'),
('bc97c67b-62f9-4c33-87d8-da6dae510ab6', 'd8e83390-1867-4ae8-9df3-822899e17210', 'KALTAKQUISE', 'ACTIVE', 0, 'Funktion: Geschäftsführer/in (CEO) | Mitarbeiter: 11 bis 20 | Branche: Treuhandbüros | Rechtsform: Gesellschaft mit beschränkter Haftung'),
('7c896b5c-7f39-447f-a8d3-5d4f1b3d39c2', '898a6367-3009-4344-bbdd-a826dc2a43da', 'KALTAKQUISE', 'ACTIVE', 0, 'Funktion: Geschäftsführer/in (CEO) | Mitarbeiter: 11 bis 20 | Branche: Gartenbau & -pflege | Rechtsform: Gesellschaft mit beschränkter Haftung'),
('e70ca3e8-75cc-4ebb-860e-64a17dfc8d90', 'bb337f9b-4da1-4659-b05f-3dd54558fbd8', 'KALTAKQUISE', 'ACTIVE', 0, 'Funktion: Geschäftsführer/in (CEO) | Mitarbeiter: 1 bis 10 | Branche: Unternehmensberater | Rechtsform: Gesellschaft mit beschränkter Haftung'),
('c71eea65-3c7d-4879-979e-7ef0f102a6dd', '5904ce7e-b33c-40d5-ae59-86939a891342', 'KALTAKQUISE', 'ACTIVE', 0, 'Funktion: Geschäftsführer/in (CEO) | Mitarbeiter: 11 bis 20 | Branche: Sanitär & Haustechnik | Rechtsform: Gesellschaft mit beschränkter Haftung'),
('e35a1903-3120-46b1-9110-eb0232cdfd1b', '5af46dbf-a703-4595-9f75-54293a9cf136', 'KALTAKQUISE', 'ACTIVE', 0, 'Funktion: Geschäftsführer/in (CEO) | Mitarbeiter: 1 bis 10 | Branche: Restaurants'),
('39b8a239-1449-4e22-b480-b354dbf7fba4', 'e2673c90-a1a2-4607-840b-c6e07b1ff283', 'KALTAKQUISE', 'ACTIVE', 0, 'Funktion: Geschäftsführer/in (CEO) | Mitarbeiter: 1 bis 10 | Branche: Schreinerei- & Holzbaubetriebe'),
('047335d0-a5c1-40c2-a445-e83108303677', 'eb81322c-37f4-4b08-bdce-903eee89c682', 'KALTAKQUISE', 'ACTIVE', 0, 'Funktion: Geschäftsführer/in (CEO) | Mitarbeiter: 1 bis 10 | Branche: Maschinenbauindustrie | Rechtsform: Aktiengesellschaft'),
('a762c91d-634d-452d-b629-83215622e334', '2c899fc9-0499-41a5-aaea-473878f66d5b', 'KALTAKQUISE', 'ACTIVE', 0, 'Funktion: Geschäftsführer/in (CEO) | Mitarbeiter: 1 bis 10 | Branche: Facility Management & Reinigungsfirmen'),
('5ca4dbc1-ab88-4bdc-9065-2466cba8118e', 'b12d4b79-921d-4b00-a2f9-78d3af9ff9eb', 'KALTAKQUISE', 'ACTIVE', 0, 'Funktion: Geschäftsführer/in (CEO) | Mitarbeiter: 11 bis 20 | Branche: Sanitär & Haustechnik | Rechtsform: Aktiengesellschaft'),
('0b6e6393-d237-4336-a736-5216fb829c99', '715c0f9f-7b0b-4d8d-a04e-72cdde6d882d', 'KALTAKQUISE', 'ACTIVE', 0, 'Funktion: Geschäftsführer/in (CEO) | Mitarbeiter: 1 bis 10 | Branche: Getränkeindustrie | Rechtsform: Einzelunternehmen'),
('8ac93f58-d347-4b15-99cb-e7971ed92926', 'f4736519-d674-4b4c-8a01-1ecc8a456d82', 'KALTAKQUISE', 'ACTIVE', 0, 'Funktion: Geschäftsführer/in (CEO) | Mitarbeiter: 101 bis 500 | Branche: Elektroplanung & Installation | Rechtsform: Aktiengesellschaft'),
('0fa26198-c596-4afe-a796-4e8d0b13e8ce', '9967a85d-e36d-44d5-b9aa-606359fb3e60', 'KALTAKQUISE', 'ACTIVE', 0, 'Funktion: Geschäftsführer/in (CEO) | Mitarbeiter: 101 bis 500 | Branche: Elektroplanung & Installation | Rechtsform: Aktiengesellschaft'),
('773482f1-dd63-418c-8ec2-02dccf5f364c', '0b362ae3-fb2e-47d3-a1bd-d516e907c800', 'KALTAKQUISE', 'ACTIVE', 0, 'Funktion: Chefredaktion | Mitarbeiter: 1 bis 10 | Branche: Zeitungen & Zeitschriften'),
('3dae05d2-1bac-4477-a87c-6dea7db378c5', 'ec98b1a7-6710-4715-b26d-c5ea6c5b4aaf', 'KALTAKQUISE', 'ACTIVE', 0, 'Funktion: Geschäftsführer/in (CEO) | Mitarbeiter: 1 bis 10 | Branche: Physiotherapie'),
('df2e25e3-51eb-4b4f-a65d-465572cda2c1', '1846fd41-cfda-4bbb-a683-ebb37a4c8190', 'KALTAKQUISE', 'ACTIVE', 0, 'Funktion: Leitung Standort | Mitarbeiter: Mehr als 500 | Branche: Bauingenieurbüros | Rechtsform: Schweizerische Zweigniederlassung'),
('6e84f2dc-198f-4bcd-9eea-04506060dbc1', 'bf8432ac-89ef-4db0-bc40-f9ae669ef06f', 'KALTAKQUISE', 'ACTIVE', 0, 'Funktion: Geschäftsführer/in (CEO) | Mitarbeiter: Mehr als 500 | Branche: Bauingenieurbüros | Rechtsform: Aktiengesellschaft'),
('f16d6cec-486d-4ac5-8d03-294acd2b655a', '26829a1b-0546-446a-8247-82b2907b0365', 'KALTAKQUISE', 'ACTIVE', 0, 'Funktion: Geschäftsführer/in (CEO) | Mitarbeiter: 1 bis 10 | Branche: Sanitär & Haustechnik | Rechtsform: Gesellschaft mit beschränkter Haftung'),
('6f1515fe-8cee-4c21-8505-b898f0b88dc3', '01314a69-9144-4220-b0a8-de1ea07837f7', 'KALTAKQUISE', 'ACTIVE', 0, 'Funktion: Geschäftsführer/in (CEO) | Mitarbeiter: 51 bis 100 | Branche: Online Shops | Rechtsform: Aktiengesellschaft'),
('43315045-0261-4b12-b6df-66c94f78784e', '90143750-59fd-4465-9f10-1387c36c09b1', 'KALTAKQUISE', 'ACTIVE', 0, 'Funktion: Geschäftsführer/in (CEO) | Mitarbeiter: 1 bis 10 | Branche: Kosmetikstudios'),
('fbbfbb56-bad9-42f5-b72c-bc4795297059', '2cf104e4-a2db-4b8d-8d60-514a4c24151f', 'KALTAKQUISE', 'ACTIVE', 0, 'Funktion: Geschäftsführer/in (CEO) | Mitarbeiter: 1 bis 10 | Branche: Gartenbau & -pflege | Rechtsform: Gesellschaft mit beschränkter Haftung'),
('4eb1dab6-619d-4006-8c81-ceaad3e4a39c', 'a402c305-c171-4f53-9871-433f54082ece', 'KALTAKQUISE', 'ACTIVE', 0, 'Funktion: Geschäftsführer/in (CEO) | Mitarbeiter: 1 bis 10 | Branche: Facility Management & Reinigungsfirmen'),
('c29254c2-9e63-46f3-bb31-8b832cedc4d7', '2d649c14-a358-485f-8087-e6e9e133d4bb', 'KALTAKQUISE', 'ACTIVE', 0, 'Funktion: Geschäftsführer/in (CEO) | Mitarbeiter: 1 bis 10 | Branche: Schreinerei- & Holzbaubetriebe | Rechtsform: Gesellschaft mit beschränkter Haftung'),
('3e1eb2e8-3d09-4781-92f5-fa2a06348406', 'f84ce00c-fc93-4004-bd5b-dcd456adc257', 'KALTAKQUISE', 'ACTIVE', 0, 'Funktion: Geschäftsführer/in (CEO) | Mitarbeiter: 1 bis 10 | Branche: Metallbauer | Rechtsform: Gesellschaft mit beschränkter Haftung'),
('4ff17ad9-9113-4797-bbfb-4828918eb999', '0ed91bbc-af5b-4ca5-a21f-8eedfae588d6', 'KALTAKQUISE', 'ACTIVE', 0, 'Funktion: Geschäftsführer/in (CEO) | Mitarbeiter: 1 bis 10 | Branche: IT Unternehmen | Rechtsform: Aktiengesellschaft'),
('4e834a75-40db-4cbc-9a69-454d6060d063', '7383a4b6-a8e2-4801-8510-6075a60db041', 'KALTAKQUISE', 'ACTIVE', 0, 'Funktion: Geschäftsführer/in (CEO) | Mitarbeiter: 1 bis 10 | Branche: Private Equity & Venture Capital Firmen'),
('0f629db6-245c-4852-8358-914ab4f36f41', 'bb1a4b6c-bc96-451d-9b76-b30995229169', 'KALTAKQUISE', 'ACTIVE', 0, 'Funktion: Geschäftsführer/in (CEO) | Mitarbeiter: 1 bis 10 | Branche: Schreinerei- & Holzbaubetriebe'),
('06f131e5-ec33-4c0b-88f1-f170716f0549', '0cdaeae6-0210-4485-a08f-8f74de041183', 'KALTAKQUISE', 'ACTIVE', 0, 'Funktion: Geschäftsführer/in (CEO) | Mitarbeiter: 1 bis 10 | Branche: Bauingenieurbüros / Sanitär & Haustechnik / Unternehmensberater | Rechtsform: Gesellschaft mit beschränkter Haftung'),
('6de78322-50ed-40d8-849c-b05df913255a', '6e06d9a7-7b38-4946-a53e-ffc40b04ab48', 'KALTAKQUISE', 'ACTIVE', 0, 'Funktion: Geschäftsführer/in (CEO) | Mitarbeiter: 1 bis 10 | Branche: Online Shops | Rechtsform: Gesellschaft mit beschränkter Haftung'),
('8864fe40-52a4-4573-9f44-6d1338dbcf52', '9eb8513d-e32f-4ce1-95ff-85de6dead845', 'KALTAKQUISE', 'ACTIVE', 0, 'Funktion: Geschäftsführer/in (CEO) | Mitarbeiter: 1 bis 10 | Branche: Sanitär & Haustechnik | Rechtsform: Gesellschaft mit beschränkter Haftung'),
('091072df-37f6-4d4b-943c-ad5544bac910', 'b808221b-cd7a-47d8-94cd-af96f211797f', 'KALTAKQUISE', 'ACTIVE', 0, 'Funktion: Geschäftsführer/in (CEO) | Mitarbeiter: 1 bis 10 | Branche: Sanitär & Haustechnik | Rechtsform: Gesellschaft mit beschränkter Haftung'),
('5d0d9c45-98d1-4a72-91d4-122d5fad5e0c', 'a241543d-84e4-47ca-9f2a-5ff733d82a46', 'KALTAKQUISE', 'ACTIVE', 0, 'Funktion: Geschäftsführer/in (CEO) | Mitarbeiter: 1 bis 10 | Branche: Textil- & Möbelindustrie / Schreinerei- & Holzbaubetriebe | Rechtsform: Gesellschaft mit beschränkter Haftung'),
('38891639-c07d-41ad-b58e-5f23326ac680', 'db5f04dd-07ac-403c-bf05-1218de2faf1c', 'KALTAKQUISE', 'ACTIVE', 0, 'Funktion: Geschäftsführer/in (CEO) | Mitarbeiter: 1 bis 10 | Branche: Sanitär & Haustechnik | Rechtsform: Aktiengesellschaft'),
('3b5c2a85-b678-4149-bd0d-a088f18b4b77', 'ce56d5ca-e315-4d9a-9717-b7241d0f136e', 'KALTAKQUISE', 'ACTIVE', 0, 'Funktion: Geschäftsführer/in (CEO) | Mitarbeiter: 21 bis 50 | Branche: Architekturbüros | Rechtsform: Aktiengesellschaft'),
('5e7367fe-441d-4e7b-8c06-721dd5457a62', 'dd7a925e-4a46-4287-bde0-234d6b888142', 'KALTAKQUISE', 'ACTIVE', 0, 'Funktion: Geschäftsführer/in (CEO) | Mitarbeiter: 11 bis 20 | Branche: Sanitär & Haustechnik | Rechtsform: Gesellschaft mit beschränkter Haftung'),
('b87f637e-eee8-4a0d-8833-ceb3331e35d7', 'd5095d58-38c5-474d-9635-6153d332d1fe', 'KALTAKQUISE', 'ACTIVE', 0, 'Funktion: Geschäftsführer/in (CEO) | Mitarbeiter: 21 bis 50 | Branche: Sanitär & Haustechnik | Rechtsform: Aktiengesellschaft'),
('924c902c-06c4-49c5-9ccf-ee205b85e4a0', '7a80fde9-1269-4ba2-8ab2-beb3f73316b9', 'KALTAKQUISE', 'ACTIVE', 0, 'Funktion: Geschäftsführer/in (CEO) | Mitarbeiter: 1 bis 10 | Branche: Architekturbüros | Rechtsform: Gesellschaft mit beschränkter Haftung'),
('0d061da5-6134-4e39-a588-66239deeb9d1', '3c8e6283-1da5-43a9-906b-a2fb17a0b388', 'KALTAKQUISE', 'ACTIVE', 0, 'Funktion: Geschäftsführer/in (CEO) | Mitarbeiter: 1 bis 10 | Branche: Elektroplanung & Installation | Rechtsform: Aktiengesellschaft'),
('d27369fa-94b6-4856-9131-4c7f5dac2eab', '685cf10c-ee00-4639-8df9-312fb38711a7', 'KALTAKQUISE', 'ACTIVE', 0, 'Funktion: Geschäftsführer/in (CEO) | Mitarbeiter: 1 bis 10 | Branche: Medizintechnik-Industrie | Rechtsform: Gesellschaft mit beschränkter Haftung'),
('510392e2-b9de-41d4-adab-610ab2ffc6ac', 'fcb6a7cc-f34d-4fa6-8df2-097264fd2b6b', 'KALTAKQUISE', 'ACTIVE', 0, 'Funktion: Geschäftsführer/in (CEO) | Mitarbeiter: 1 bis 10 | Branche: Schreinerei- & Holzbaubetriebe'),
('a549edd6-c971-4ddf-8ee2-8540e4d6feff', '12af0d39-063d-4949-acf8-9d725583ae87', 'KALTAKQUISE', 'ACTIVE', 0, 'Funktion: Geschäftsführer/in (CEO) | Mitarbeiter: 1 bis 10 | Branche: Treuhandbüros | Rechtsform: Einzelunternehmen'),
('e846d06a-08b3-4d85-968f-94459b514557', '3732f645-7947-41b1-ab61-273bea8d1c10', 'KALTAKQUISE', 'ACTIVE', 0, 'Funktion: Geschäftsführer/in (CEO) | Mitarbeiter: 1 bis 10 | Branche: Bau- & Projektmanagement / Immobilienverwaltung / Immobilienprojektentwicklung / Bauherrenvertretung'),
('39d871a2-ac1d-4674-b5e9-0bbc06c7262b', '5b2953ca-0d6d-4a9c-bdf6-9c4165bca3a6', 'KALTAKQUISE', 'ACTIVE', 0, 'Funktion: Geschäftsführer/in (CEO) | Mitarbeiter: 1 bis 10 | Branche: Bau- & Projektmanagement'),
('586e74de-b3a8-4b88-8090-d2e7442ecd8c', 'f0fb307b-4d95-4962-a905-9c22ffe6ccc1', 'KALTAKQUISE', 'ACTIVE', 0, 'Funktion: Geschäftsführer/in (CEO) | Mitarbeiter: 1 bis 10 | Branche: Unternehmensberater / Immobilienvermittlung | Rechtsform: Aktiengesellschaft'),
('3aa1f873-0d70-44c3-b96c-80617ed7d1b9', 'eb601c04-f4ac-4a6f-ad8d-e136f5762b18', 'KALTAKQUISE', 'ACTIVE', 0, 'Funktion: Geschäftsführer/in (CEO) | Mitarbeiter: 1 bis 10 | Branche: Maschinenbauindustrie | Rechtsform: Aktiengesellschaft'),
('337f0075-2aad-4eeb-a4b5-f9841619f81a', 'bc41fad9-5e82-44bb-9a60-438c8433413e', 'KALTAKQUISE', 'ACTIVE', 0, 'Funktion: Geschäftsführer/in (CEO) | Mitarbeiter: 11 bis 20 | Branche: Online Shops | Rechtsform: Aktiengesellschaft'),
('7f7b1079-c356-42ea-a38f-d6ac1b43597b', '97b1ade3-6d83-40c6-bb26-9c1a4c32bda2', 'KALTAKQUISE', 'ACTIVE', 0, 'Funktion: Geschäftsführer/in (CEO) | Mitarbeiter: 1 bis 10 | Branche: Immobilienverwaltung / Immobilienvermittlung'),
('8f3f3ed4-aa1f-4983-b6b9-344430fdfdf4', 'c01ddd4d-2d82-4276-9c79-ddfb85051b7f', 'KALTAKQUISE', 'ACTIVE', 0, 'Funktion: Geschäftsführer/in (CEO) | Mitarbeiter: 1 bis 10 | Branche: Treuhandbüros'),
('1fc4cc77-7540-4ceb-a6e8-d5dc32382c83', '3b55d572-ca7c-47eb-8308-7e68383994ba', 'KALTAKQUISE', 'ACTIVE', 0, 'Funktion: Geschäftsführer/in (CEO) | Mitarbeiter: 51 bis 100 | Branche: Bau- & Projektmanagement / Bauingenieurbüros / Immobilienprojektentwicklung / Bauherrenvertretung | Rechtsform: Aktiengesellschaft'),
('8fcb5c07-e22c-4db7-aa98-a64ea072a150', '448e4607-19f0-4fcf-9717-06cc3098eafa', 'KALTAKQUISE', 'ACTIVE', 0, 'Funktion: Geschäftsführer/in (CEO) | Mitarbeiter: 1 bis 10 | Branche: Treuhandbüros | Rechtsform: Aktiengesellschaft'),
('d7d35d39-aafb-4c12-8fef-d78828c4e09c', 'db023730-ea90-4b3f-9d41-bacb8a8a4e5f', 'KALTAKQUISE', 'ACTIVE', 0, 'Funktion: Geschäftsführer/in (CEO) | Mitarbeiter: 11 bis 20 | Branche: Treuhandbüros | Rechtsform: Aktiengesellschaft'),
('12b54dbd-94c1-4f67-9d57-a4f46b3c729a', 'b74e2774-90cd-49bb-95d7-fb1637f93025', 'KALTAKQUISE', 'ACTIVE', 0, 'Funktion: Geschäftsführer/in (CEO) | Mitarbeiter: 21 bis 50 | Branche: Architekturbüros | Rechtsform: Aktiengesellschaft'),
('74b4ce9e-c709-4a0d-9c5b-e03f4a99edd1', '6efac23d-1297-4bc3-b710-3351a2d47f1c', 'KALTAKQUISE', 'ACTIVE', 0, 'Funktion: Geschäftsführer/in (CEO) | Mitarbeiter: 1 bis 10 | Branche: Unternehmensberater | Rechtsform: Aktiengesellschaft'),
('2045715d-d33b-4630-95a2-47bf0aa74b6f', '343dcb73-3144-4170-8485-69d8f4accd09', 'KALTAKQUISE', 'ACTIVE', 0, 'Funktion: Geschäftsführer/in (CEO) | Mitarbeiter: 1 bis 10 | Branche: Versicherungsbroker & -makler | Rechtsform: Gesellschaft mit beschränkter Haftung'),
('00df3ec7-7a9d-46ba-8b00-6370ba83305d', 'ba518fd8-cac8-4f49-91e1-0ff16ffc58c0', 'KALTAKQUISE', 'ACTIVE', 0, 'Funktion: Geschäftsführer/in (CEO) | Mitarbeiter: 11 bis 20 | Branche: Elektroindustrie | Rechtsform: Aktiengesellschaft'),
('ea3954d1-5551-441a-8a88-48ab036f41e9', 'aa3eb134-4905-4968-87aa-2fd1af7d0625', 'KALTAKQUISE', 'ACTIVE', 0, 'Funktion: Geschäftsführer/in (CEO) | Mitarbeiter: 1 bis 10 | Branche: Treuhandbüros | Rechtsform: Aktiengesellschaft'),
('f0fefaa9-4d69-4b75-93cc-d42162639670', '83665571-b1e3-427b-a93d-bdddb5d9cb47', 'KALTAKQUISE', 'ACTIVE', 0, 'Funktion: Geschäftsführer/in (CEO) | Mitarbeiter: 1 bis 10 | Branche: Versicherungsbroker & -makler | Rechtsform: Aktiengesellschaft'),
('81da262e-0e38-43e7-aa89-f800e5acca38', '9a5b8b00-9ad4-45b1-bbe6-18036b8fb9d8', 'KALTAKQUISE', 'ACTIVE', 0, 'Funktion: Geschäftsführer/in (CEO) | Mitarbeiter: 1 bis 10 | Branche: Architekturbüros | Rechtsform: Aktiengesellschaft'),
('d07fb6b2-b886-4bc1-9ce5-264131250be5', '9c851936-db66-4b80-a503-233d4ef5c525', 'KALTAKQUISE', 'ACTIVE', 0, 'Funktion: Geschäftsführer/in (CEO) | Mitarbeiter: 11 bis 20 | Branche: Medizintechnik-Industrie | Rechtsform: Gesellschaft mit beschränkter Haftung'),
('715b3086-fad2-4ff4-8a12-cc7ce7fae4ac', '18511092-fa96-4bcc-bded-84b06b0d02b3', 'KALTAKQUISE', 'ACTIVE', 0, 'Funktion: Präsidium  | Mitarbeiter: 1 bis 10 | Branche: Fussballvereine'),
('2fbad273-4dc0-41c1-bfb2-a3e1f9b399bd', '19c9af15-56e7-4943-8bd1-1376b72b829f', 'KALTAKQUISE', 'ACTIVE', 0, 'Funktion: Präsidium  | Mitarbeiter: 1 bis 10 | Branche: Fussballvereine'),
('4ca2815a-05bd-4003-8c3a-9fa39c045570', '97eab0e9-c8a3-48e3-8fcc-4192c3bd87f8', 'KALTAKQUISE', 'ACTIVE', 0, 'Funktion: Präsidium  | Mitarbeiter: 1 bis 10 | Branche: Fussballvereine'),
('8bdb0446-6f63-495b-8ddc-1845bce37e51', '98722eac-802a-4eca-b969-40e5d8bc7b1f', 'KALTAKQUISE', 'ACTIVE', 0, 'Funktion: Geschäftsführer/in (CEO) | Mitarbeiter: 1 bis 10 | Branche: HNO-Arztpraxen'),
('855f85a4-92b4-43f2-8642-f787411d6050', '7f39b9b6-2ab7-45a1-8ffa-fbd2cc587c86', 'KALTAKQUISE', 'ACTIVE', 0, 'Funktion: Geschäftsführer/in (CEO) | Mitarbeiter: 1 bis 10 | Branche: HNO-Arztpraxen | Rechtsform: Aktiengesellschaft'),
('1bcdff3f-111f-491c-b153-8cc06fab306d', 'b9027fd2-21f5-4c06-8684-7be847a9fba2', 'KALTAKQUISE', 'ACTIVE', 0, 'Funktion: Geschäftsführer/in (CEO) | Mitarbeiter: 1 bis 10 | Branche: HNO-Arztpraxen'),
('d5e332e2-df39-4e9f-8212-fda5ffec8256', '05c8387d-b8c1-415a-ab65-8e6dc2d39c6e', 'KALTAKQUISE', 'ACTIVE', 0, 'Funktion: Geschäftsführer/in (CEO) | Mitarbeiter: 1 bis 10 | Branche: HNO-Arztpraxen'),
('7292ab73-38e2-4bf7-a1d0-e2488aa57338', 'b9301219-c394-4b17-a6fa-1a89235dcc23', 'KALTAKQUISE', 'ACTIVE', 0, 'Funktion: Geschäftsführer/in (CEO) | Mitarbeiter: 1 bis 10 | Branche: HNO-Arztpraxen'),
('2f2bea25-d93d-4e1e-b83f-2c9ef8ef2c60', '0c815c16-591b-4411-bada-ed4f8043c0cf', 'KALTAKQUISE', 'ACTIVE', 0, 'Funktion: Geschäftsführer/in (CEO) | Mitarbeiter: 1 bis 10 | Branche: HNO-Arztpraxen'),
('af674637-fd8a-427a-a65b-d3b018ebb437', '4e474d5f-a61b-424e-9c4e-7d6954cf1ad2', 'KALTAKQUISE', 'ACTIVE', 0, 'Funktion: Geschäftsführer/in (CEO) | Mitarbeiter: 1 bis 10 | Branche: HNO-Arztpraxen'),
('c510b238-c79a-467f-8f1a-8dc0e89fbcd6', 'be42074b-2fbd-4073-a700-14aee0a7c143', 'KALTAKQUISE', 'ACTIVE', 0, 'Funktion: Geschäftsführer/in (CEO) | Mitarbeiter: 1 bis 10 | Branche: HNO-Arztpraxen'),
('8e9391a3-b610-4fbf-9784-6505d6b04254', '70a743e6-ade5-4192-83b1-039c2b8708f6', 'KALTAKQUISE', 'ACTIVE', 0, 'Funktion: Geschäftsführer/in (CEO) | Mitarbeiter: 1 bis 10 | Branche: HNO-Arztpraxen'),
('c923e15c-e35a-4fbd-9ef6-40ba45ed9db8', '09b8e3ca-b3c2-4fd5-b675-2fe3d17d321d', 'KALTAKQUISE', 'ACTIVE', 0, 'Funktion: Geschäftsführer/in (CEO) | Mitarbeiter: 1 bis 10 | Branche: HNO-Arztpraxen'),
('da522aa3-7bd5-4f57-8768-f7c703c4bd5a', '365b79df-8ca9-4ebc-a4b2-b78541f7ed77', 'KALTAKQUISE', 'ACTIVE', 0, 'Funktion: Geschäftsführer/in (CEO) | Mitarbeiter: 1 bis 10 | Branche: HNO-Arztpraxen'),
('6b00d88b-cefb-4d56-9993-f54739dc14d9', 'e5e27363-c501-4020-a6b1-c860098c119a', 'KALTAKQUISE', 'ACTIVE', 0, 'Funktion: Geschäftsführer/in (CEO) | Mitarbeiter: 1 bis 10 | Branche: HNO-Arztpraxen'),
('5c858357-df08-48c2-ae76-d6fb211202fc', '090ec36b-e66c-4f0a-b9a4-5fbc5e5a5f7e', 'KALTAKQUISE', 'ACTIVE', 0, 'Funktion: Geschäftsführer/in (CEO) | Mitarbeiter: 1 bis 10 | Branche: HNO-Arztpraxen'),
('b0178c7a-b2f3-48c6-b95e-c2be02d503d1', '99dbc5ee-4351-4566-9477-26bca01d2f30', 'KALTAKQUISE', 'ACTIVE', 0, 'Funktion: Geschäftsführer/in (CEO) | Mitarbeiter: 1 bis 10 | Branche: HNO-Arztpraxen'),
('04cf311f-33bf-4cef-a23f-03a4022bae66', '63a62d7a-7d86-4344-99b2-5dbd41c46bb1', 'KALTAKQUISE', 'ACTIVE', 0, 'Funktion: Geschäftsführer/in (CEO) | Mitarbeiter: 1 bis 10 | Branche: HNO-Arztpraxen'),
('3e0bd8c8-d7fe-44fd-b7c9-4e450c21b826', '17a4e087-cf5b-49a7-8e7a-b653acdc1ff6', 'KALTAKQUISE', 'ACTIVE', 0, 'Funktion: Geschäftsführer/in (CEO) | Mitarbeiter: 1 bis 10 | Branche: HNO-Arztpraxen'),
('a1d93bbf-6880-4396-b033-a9b26ff39fbf', '8427c875-6b25-4a6e-9163-ebf1a888e4ca', 'KALTAKQUISE', 'ACTIVE', 0, 'Funktion: Geschäftsführer/in (CEO) | Mitarbeiter: 11 bis 20 | Branche: HNO-Arztpraxen'),
('a925b8ef-2916-4f06-b35c-96f8e3667a98', '78aee1cf-3e00-4b0b-9b87-ffa5782dead0', 'KALTAKQUISE', 'ACTIVE', 0, 'Funktion: Geschäftsführer/in (CEO) | Mitarbeiter: 1 bis 10 | Branche: HNO-Arztpraxen'),
('1dad8b49-3d94-4d19-b88f-bb0e88956270', '022cd5eb-1724-406e-8d75-17617d9f5502', 'KALTAKQUISE', 'ACTIVE', 0, 'Funktion: Geschäftsführer/in (CEO) | Mitarbeiter: 1 bis 10 | Branche: HNO-Arztpraxen'),
('a78d508a-aa66-49ea-9b04-5cf4570da480', 'aa5ac0dd-f033-4cf3-887a-8dd87905bf1e', 'KALTAKQUISE', 'ACTIVE', 0, 'Funktion: Geschäftsführer/in (CEO) | Mitarbeiter: 1 bis 10 | Branche: HNO-Arztpraxen'),
('c9244c77-1bfc-4d5f-a510-7e2f76f7d278', 'ad5ff40a-3ad3-4af4-a1ac-f916cf1ddb43', 'KALTAKQUISE', 'ACTIVE', 0, 'Funktion: Geschäftsführer/in (CEO) | Mitarbeiter: 1 bis 10 | Branche: HNO-Arztpraxen'),
('a6c2f887-7662-44a9-bc15-cae657a1ee29', 'fcc65d1c-f6cd-4608-b119-816cdf3ff561', 'KALTAKQUISE', 'ACTIVE', 0, 'Funktion: Geschäftsführer/in (CEO) | Mitarbeiter: 1 bis 10 | Branche: HNO-Arztpraxen'),
('4d6b388f-6cfb-4bd9-be0f-92e112730cc4', 'c93c6b29-92bd-492b-849c-27efbf050741', 'KALTAKQUISE', 'ACTIVE', 0, 'Funktion: Geschäftsführer/in (CEO) | Mitarbeiter: 1 bis 10 | Branche: HNO-Arztpraxen'),
('46460fad-5d34-4a2f-9eda-e1fbe71f0c07', '442dadf3-435c-451d-a04f-d74df1794814', 'KALTAKQUISE', 'ACTIVE', 0, 'Funktion: Geschäftsführer/in (CEO) | Mitarbeiter: 1 bis 10 | Branche: HNO-Arztpraxen'),
('8c0e7433-e1f1-4c33-911f-6197dabf673d', 'b73ca081-a629-4176-b1a3-bd59cebac388', 'KALTAKQUISE', 'ACTIVE', 0, 'Funktion: Geschäftsführer/in (CEO) | Mitarbeiter: 1 bis 10 | Branche: HNO-Arztpraxen'),
('47d25c56-f4f7-4735-8f76-ab78f3238975', '36784fdc-00d3-4357-872b-f95a2f46c4d3', 'KALTAKQUISE', 'ACTIVE', 0, 'Funktion: Geschäftsführer/in (CEO) | Mitarbeiter: 1 bis 10 | Branche: HNO-Arztpraxen'),
('46b9c645-574c-4141-b933-ad7e1d81b779', '54b372dc-cca3-40f5-9d78-07dea4f5f213', 'KALTAKQUISE', 'ACTIVE', 0, 'Funktion: Geschäftsführer/in (CEO) | Mitarbeiter: 1 bis 10 | Branche: HNO-Arztpraxen'),
('5861cde6-0c06-4b33-91e0-392e8b9b6ae7', 'ee2fef02-2049-4984-9664-1c0ee4c2c0fb', 'KALTAKQUISE', 'ACTIVE', 0, 'Funktion: Geschäftsführer/in (CEO) | Mitarbeiter: 1 bis 10 | Branche: HNO-Arztpraxen'),
('1d76570e-d615-4b2a-9235-d4f294c60d18', '4c82d892-ce66-45d9-9164-bff98b6be54a', 'KALTAKQUISE', 'ACTIVE', 0, 'Funktion: Geschäftsführer/in (CEO) | Mitarbeiter: 1 bis 10 | Branche: HNO-Arztpraxen'),
('48ac93ca-4371-4ac0-8b71-ceeb4305451c', '172d5667-d376-45f3-996f-4073c92a6252', 'KALTAKQUISE', 'ACTIVE', 0, 'Funktion: Geschäftsführer/in (CEO) | Mitarbeiter: 1 bis 10 | Branche: HNO-Arztpraxen | Rechtsform: Aktiengesellschaft'),
('ea783867-ca4b-40d0-a587-5cdd1cd2ceb8', 'dc8b879d-a302-4495-81ef-e160582b0257', 'KALTAKQUISE', 'ACTIVE', 0, 'Funktion: Geschäftsführer/in (CEO) | Mitarbeiter: 1 bis 10 | Branche: HNO-Arztpraxen'),
('c23d37f7-5a01-4cec-8506-6caddeac18e9', 'b5b5a4bf-ec6d-407f-b9ad-ce7626083920', 'KALTAKQUISE', 'ACTIVE', 0, 'Funktion: Geschäftsführer/in (CEO) | Mitarbeiter: 1 bis 10 | Branche: HNO-Arztpraxen'),
('b7de5bb8-1d82-44e4-9f71-799d1a723a97', '33e95d40-3c7b-471e-a28d-dc7db168124a', 'KALTAKQUISE', 'ACTIVE', 0, 'Funktion: Geschäftsführer/in (CEO) | Mitarbeiter: 1 bis 10 | Branche: HNO-Arztpraxen'),
('9aed03b4-c531-4b63-81b8-9510dbf6c157', '041de510-27c2-41cd-8900-af4ac446c24d', 'KALTAKQUISE', 'ACTIVE', 0, 'Funktion: Geschäftsführer/in (CEO) | Mitarbeiter: 1 bis 10 | Branche: HNO-Arztpraxen'),
('94198c3a-95ed-4be1-8d78-d75b406966e3', '4453834d-2638-49e3-a172-fccf8fdc65ab', 'KALTAKQUISE', 'ACTIVE', 0, 'Funktion: Geschäftsführer/in (CEO) | Mitarbeiter: 1 bis 10 | Branche: HNO-Arztpraxen | Rechtsform: Aktiengesellschaft'),
('bb83566a-7d8b-4828-9dbb-8f23119a6ebd', 'c31602fe-8f0e-4ce1-bb9e-b03cf7d1f634', 'KALTAKQUISE', 'ACTIVE', 0, 'Funktion: Geschäftsführer/in (CEO) | Mitarbeiter: 1 bis 10 | Branche: HNO-Arztpraxen | Rechtsform: Aktiengesellschaft'),
('9ae072ca-2c6e-49f2-8e9b-8a391d21c156', 'f031701a-a7cd-4549-8ec9-80c33dff1358', 'KALTAKQUISE', 'ACTIVE', 0, 'Funktion: Geschäftsführer/in (CEO) | Mitarbeiter: 1 bis 10 | Branche: HNO-Arztpraxen'),
('b0f5fb8e-ac0a-46e8-9fe2-e3c9f10ec312', '31ecce15-0d83-4d60-bf40-37639f11e2a2', 'KALTAKQUISE', 'ACTIVE', 0, 'Funktion: Geschäftsführer/in (CEO) | Mitarbeiter: 1 bis 10 | Branche: HNO-Arztpraxen | Rechtsform: Gesellschaft mit beschränkter Haftung'),
('efc4ce15-c0dc-4658-8d6c-53ca5b2a5899', '1a917f07-7c21-4723-872e-28d04d43a1ec', 'KALTAKQUISE', 'ACTIVE', 0, 'Funktion: Geschäftsführer/in (CEO) | Mitarbeiter: 1 bis 10 | Branche: HNO-Arztpraxen'),
('7e2d2b1d-7c71-484e-ab0d-41dad44339dc', '3da9c279-1f29-4ff0-8e1d-72e25c7cb657', 'KALTAKQUISE', 'ACTIVE', 0, 'Funktion: Geschäftsführer/in (CEO) | Mitarbeiter: 1 bis 10 | Branche: HNO-Arztpraxen'),
('0daec934-ea1c-4d7d-8119-d6dddae7e65d', '375ce3e3-d436-4e14-acda-bb9460e93619', 'KALTAKQUISE', 'ACTIVE', 0, 'Funktion: Geschäftsführer/in (CEO) | Mitarbeiter: 1 bis 10 | Branche: HNO-Arztpraxen'),
('24ec94c6-7d56-4026-9d42-97038a24046d', 'd3327cbf-0ad5-4133-a0ac-52642c7ea093', 'KALTAKQUISE', 'ACTIVE', 0, 'Funktion: Geschäftsführer/in (CEO) | Mitarbeiter: 1 bis 10 | Branche: HNO-Arztpraxen'),
('0767a322-2bde-49f1-944f-8e09b723215b', '7b46751e-05a1-418e-b1d2-035cd2f838ff', 'KALTAKQUISE', 'ACTIVE', 0, 'Funktion: Geschäftsführer/in (CEO) | Mitarbeiter: 1 bis 10 | Branche: HNO-Arztpraxen | Rechtsform: Aktiengesellschaft'),
('f71eb885-77b1-477a-b9b5-6c933adcb871', '7df5214d-4338-40b1-b27c-1affd83d6789', 'KALTAKQUISE', 'ACTIVE', 0, 'Funktion: Geschäftsführer/in (CEO) | Mitarbeiter: 1 bis 10 | Branche: HNO-Arztpraxen'),
('39bd015a-7bad-4243-8692-4cf7b7c78395', '969e614c-950f-4af9-9fe3-0a0eb6d0aa3e', 'KALTAKQUISE', 'ACTIVE', 0, 'Funktion: Geschäftsführer/in (CEO) | Mitarbeiter: 1 bis 10 | Branche: HNO-Arztpraxen'),
('1bbcb513-e584-47e5-aa60-043c9e27266e', '9ec8a8a0-1a2b-412e-8b44-df2e29a85489', 'KALTAKQUISE', 'ACTIVE', 0, 'Funktion: Geschäftsführer/in (CEO) | Mitarbeiter: 1 bis 10 | Branche: HNO-Arztpraxen'),
('cb5d972d-2e0c-4bf3-94fa-96b63677b2d0', '373613a2-f7c2-4297-b990-194806bdac60', 'KALTAKQUISE', 'ACTIVE', 0, 'Funktion: Geschäftsführer/in (CEO) | Mitarbeiter: 1 bis 10 | Branche: HNO-Arztpraxen'),
('7db763ff-828b-4cd3-adb9-97bdab55aefc', '5ec62247-a684-45ab-806e-4d8aba196bb1', 'KALTAKQUISE', 'ACTIVE', 0, 'Funktion: Geschäftsführer/in (CEO) | Mitarbeiter: 1 bis 10 | Branche: HNO-Arztpraxen'),
('1cbacbfe-f093-4f87-92b2-12ea886c6f81', '059ccb38-0ba5-4aae-9615-3218a46fb5ae', 'KALTAKQUISE', 'ACTIVE', 0, 'Funktion: Geschäftsführer/in (CEO) | Mitarbeiter: 1 bis 10 | Branche: HNO-Arztpraxen'),
('4f50ab27-66fe-417f-bd83-017a38ddbd25', '36e02956-bd8e-42ae-b6a1-3236df30a5ec', 'KALTAKQUISE', 'ACTIVE', 0, 'Funktion: Geschäftsführer/in (CEO) | Mitarbeiter: 1 bis 10 | Branche: HNO-Arztpraxen | Rechtsform: Aktiengesellschaft'),
('8693777c-0935-4705-87b4-4eed6e26cff7', '60a31792-6950-486d-b2db-feed13d326d2', 'KALTAKQUISE', 'ACTIVE', 0, 'Funktion: Geschäftsführer/in (CEO) | Mitarbeiter: 1 bis 10 | Branche: HNO-Arztpraxen'),
('60360d6b-beb9-4c63-b7f6-a465697e65e1', 'fb6f41c6-3982-41df-ab2e-f8c99af7ff90', 'KALTAKQUISE', 'ACTIVE', 0, 'Funktion: Geschäftsführer/in (CEO) | Mitarbeiter: 1 bis 10 | Branche: HNO-Arztpraxen'),
('802730fc-3afd-4c56-b042-6a5ba1ab9357', 'f1b25568-20ce-424a-95c5-2f5f7a1a3578', 'KALTAKQUISE', 'ACTIVE', 0, 'Funktion: Geschäftsführer/in (CEO) | Mitarbeiter: 1 bis 10 | Branche: HNO-Arztpraxen'),
('201a7ab6-e665-4c0d-b94f-4679aa73e692', '919ee7b7-bfa0-4446-a1ca-a067c8278343', 'KALTAKQUISE', 'ACTIVE', 0, 'Funktion: Geschäftsführer/in (CEO) | Mitarbeiter: 1 bis 10 | Branche: HNO-Arztpraxen'),
('c00284db-7f1f-4e16-ad72-37cfe85dc8d4', '7909b0e3-bbf5-4ae8-afc8-623eeb9c9150', 'KALTAKQUISE', 'ACTIVE', 0, 'Funktion: Geschäftsführer/in (CEO) | Mitarbeiter: 1 bis 10 | Branche: HNO-Arztpraxen'),
('a67d654c-c758-4769-91ca-9babb622a193', '237613a2-9411-40dd-8a2e-45b82b8f7fee', 'KALTAKQUISE', 'ACTIVE', 0, 'Funktion: Geschäftsführer/in (CEO) | Mitarbeiter: 1 bis 10 | Branche: HNO-Arztpraxen'),
('59d10191-0939-4025-a359-62f57f6ecf77', '2ff0f7f6-27e9-4353-8830-d4b8f53b2dac', 'KALTAKQUISE', 'ACTIVE', 0, 'Funktion: Gesamtleitung/Direktion | Mitarbeiter: 1 bis 10 | Branche: HNO-Arztpraxen | Rechtsform: Aktiengesellschaft'),
('cee50dbd-77c0-464c-aec4-f62e5765f578', '7c7c1bdf-50d5-452d-9b89-1434de6844df', 'KALTAKQUISE', 'ACTIVE', 0, 'Funktion: Geschäftsführer/in (CEO) | Mitarbeiter: 1 bis 10 | Branche: HNO-Arztpraxen'),
('36a29a4e-71e6-4654-8904-085244a8584f', 'ffcb7d6b-d35f-461b-bdc6-d6b43bec6264', 'KALTAKQUISE', 'ACTIVE', 0, 'Funktion: Geschäftsführer/in (CEO) | Mitarbeiter: 1 bis 10 | Branche: HNO-Arztpraxen | Rechtsform: Aktiengesellschaft'),
('a642f80c-26d5-476b-9863-e6276c1844f7', 'ad2845de-b8c8-4fcb-90a8-8aba65c34901', 'KALTAKQUISE', 'ACTIVE', 0, 'Funktion: Geschäftsführer/in (CEO) | Mitarbeiter: 1 bis 10 | Branche: HNO-Arztpraxen'),
('dda294f1-081b-4898-ba9c-c6792e50fc6b', '82b7b193-c236-4dc7-a791-d4a54cf9f88c', 'KALTAKQUISE', 'ACTIVE', 0, 'Funktion: Geschäftsführer/in (CEO) | Mitarbeiter: 1 bis 10 | Branche: HNO-Arztpraxen'),
('39c6b88d-de90-40b1-8153-5f7cbf108040', 'a474e94f-8164-419c-8883-4899549a99b8', 'KALTAKQUISE', 'ACTIVE', 0, 'Funktion: Geschäftsführer/in (CEO) | Mitarbeiter: 1 bis 10 | Branche: HNO-Arztpraxen'),
('76f6619a-9f83-4a2d-bd3b-dbaa407cb1d8', '7243986e-7657-4c96-bc25-446a76e898a8', 'KALTAKQUISE', 'ACTIVE', 0, 'Funktion: Geschäftsführer/in (CEO) | Mitarbeiter: 1 bis 10 | Branche: HNO-Arztpraxen'),
('fff75072-1c78-4ae7-b37b-ddf15ebbab26', '8cd93fa4-0390-4a94-9286-fc4b3b77c06c', 'KALTAKQUISE', 'ACTIVE', 0, 'Funktion: Geschäftsführer/in (CEO) | Mitarbeiter: 1 bis 10 | Branche: HNO-Arztpraxen | Rechtsform: Gesellschaft mit beschränkter Haftung'),
('775828a6-79e0-426b-8fc3-a9c200ec0083', 'c2151f60-236c-4c14-bce7-2924d5e3ec54', 'KALTAKQUISE', 'ACTIVE', 0, 'Funktion: Geschäftsführer/in (CEO) | Mitarbeiter: 1 bis 10 | Branche: HNO-Arztpraxen'),
('a1ab9bbf-8aea-43ec-bcc6-c5a434facce7', '9df30659-5ada-4903-979d-971600dde46d', 'KALTAKQUISE', 'ACTIVE', 0, 'Funktion: Geschäftsführer/in (CEO) | Mitarbeiter: 1 bis 10 | Branche: HNO-Arztpraxen'),
('1b2ec340-c60c-4386-b150-8969e27bd3fc', '26810536-c781-40a0-bd42-a5b02c9cc550', 'KALTAKQUISE', 'ACTIVE', 0, 'Funktion: Geschäftsführer/in (CEO) | Mitarbeiter: 1 bis 10 | Branche: HNO-Arztpraxen'),
('798240f1-a1bb-4678-9d58-f386fbad426a', '3b38c0f0-5c82-4ba6-9080-019e8189a4d5', 'KALTAKQUISE', 'ACTIVE', 0, 'Funktion: Geschäftsführer/in (CEO) | Mitarbeiter: 1 bis 10 | Branche: HNO-Arztpraxen | Rechtsform: Aktiengesellschaft'),
('c8887142-d340-4983-895c-3523ab96f50c', '2adf3a71-5214-4023-8553-2f99b667d8ec', 'KALTAKQUISE', 'ACTIVE', 0, 'Funktion: Geschäftsführer/in (CEO) | Mitarbeiter: 11 bis 20 | Branche: HNO-Arztpraxen'),
('5afe7a7e-bf75-4bbc-a2fe-23ca834cb60b', '5d672a5e-0ab5-4e8b-9f68-573e0c5120f4', 'KALTAKQUISE', 'ACTIVE', 0, 'Funktion: Geschäftsführer/in (CEO) | Mitarbeiter: 1 bis 10 | Branche: HNO-Arztpraxen | Rechtsform: Gesellschaft mit beschränkter Haftung'),
('e13d2556-ac2c-4aa4-9eee-2ba70b002cca', '4d8f590a-d86c-44e2-a1eb-cba4d52a5989', 'KALTAKQUISE', 'ACTIVE', 0, 'Funktion: Geschäftsführer/in (CEO) | Mitarbeiter: 1 bis 10 | Branche: HNO-Arztpraxen'),
('735f788b-8b9f-4545-9d22-b38d128d83f2', '7522dff0-65c3-4b6d-9812-966dc74bd22b', 'KALTAKQUISE', 'ACTIVE', 0, 'Funktion: Geschäftsführer/in (CEO) | Mitarbeiter: 1 bis 10 | Branche: HNO-Arztpraxen | Rechtsform: Aktiengesellschaft'),
('861cd2e6-6d7c-4dd2-a44c-752929b9373d', '9dea7fd9-5a1f-4b9d-b929-20ac3e912bbc', 'KALTAKQUISE', 'ACTIVE', 0, 'Funktion: Geschäftsführer/in (CEO) | Mitarbeiter: 1 bis 10 | Branche: HNO-Arztpraxen'),
('22965f48-0b37-48ec-83a5-62cd55f3fe2c', '88da0572-960f-40c9-9211-602abdf17b18', 'KALTAKQUISE', 'ACTIVE', 0, 'Funktion: Geschäftsführer/in (CEO) | Mitarbeiter: 1 bis 10 | Branche: Family Offices / Externe Vermögensverwalter | Rechtsform: Aktiengesellschaft'),
('c80b0b7e-81a6-4847-be3b-f8720b3441f0', '87689e47-01bc-4ecb-8e82-1b8d488c8bfa', 'KALTAKQUISE', 'ACTIVE', 0, 'Funktion: Geschäftsführer/in (CEO) | Mitarbeiter: 1 bis 10 | Branche: Architekturbüros | Rechtsform: Aktiengesellschaft'),
('92ee0c2f-32b7-45fe-afa1-57663827a4eb', '1fc98bdd-c5f0-45cd-b2a1-fe39a0e9698a', 'KALTAKQUISE', 'ACTIVE', 0, 'Funktion: Geschäftsführer/in (CEO) | Mitarbeiter: 1 bis 10 | Branche: Coiffeursalons / Kosmetikstudios | Rechtsform: Gesellschaft mit beschränkter Haftung'),
('73e7bed0-aa26-4a71-a900-089970ae9773', '15f946e2-bb89-4188-be15-4c19d7f3e4a7', 'KALTAKQUISE', 'ACTIVE', 0, 'Funktion: Geschäftsführer/in (CEO) | Mitarbeiter: 1 bis 10 | Branche: Werbeagenturen | Rechtsform: Gesellschaft mit beschränkter Haftung'),
('f7d7d445-edfd-4995-8baa-72768cb95eba', '16ff58e3-5b79-484a-a806-7b82e4862824', 'KALTAKQUISE', 'ACTIVE', 0, 'Funktion: Geschäftsführer/in (CEO) | Mitarbeiter: 1 bis 10 | Branche: Facility Management & Reinigungsfirmen'),
('d61719a3-6087-46ad-b232-ca3263fca0e4', 'dab56aa2-a1a0-4fa9-8159-42183301ddf7', 'KALTAKQUISE', 'ACTIVE', 0, 'Funktion: Geschäftsführer/in (CEO) | Mitarbeiter: 1 bis 10 | Branche: Tattoo- & Piercingstudios | Rechtsform: Einzelunternehmen'),
('4f00aac1-a8d3-4d13-afff-e89d49b0e02d', '4bbb4ebb-5586-4272-9b92-68407548483e', 'KALTAKQUISE', 'ACTIVE', 0, 'Funktion: Geschäftsführer/in (CEO) | Mitarbeiter: 1 bis 10 | Branche: Maschinenbauindustrie | Rechtsform: Aktiengesellschaft'),
('fc294fda-ba3f-4b46-9547-a36ebfd58059', '785906e1-c00b-4f27-8fe5-7129c7e9fbbf', 'KALTAKQUISE', 'ACTIVE', 0, 'Funktion: Geschäftsführer/in (CEO) | Mitarbeiter: 1 bis 10 | Branche: Lebensmittelverarbeitung | Rechtsform: Aktiengesellschaft'),
('8ada3737-6de7-4cf3-85bb-ca665f2feb44', '30b661e0-7829-4c11-9a79-de22788e0025', 'KALTAKQUISE', 'ACTIVE', 0, 'Funktion: Geschäftsführer/in (CEO) | Mitarbeiter: 1 bis 10 | Branche: Immobilienprojektentwicklung | Rechtsform: Aktiengesellschaft'),
('19c94f12-2b1f-4c2c-ad1d-40ddcf79680a', 'a135f5aa-cae9-43e2-8805-f3347d2da6dd', 'KALTAKQUISE', 'ACTIVE', 0, 'Funktion: Geschäftsführer/in (CEO) | Mitarbeiter: 1 bis 10 | Branche: Schreinerei- & Holzbaubetriebe'),
('ef715858-c836-4018-9b22-67e1cc6d3326', 'c60e3eb6-e49e-4970-9888-512ff63ebbc9', 'KALTAKQUISE', 'ACTIVE', 0, 'Funktion: Geschäftsführer/in (CEO) | Mitarbeiter: 1 bis 10 | Branche: Spielwaren- & Babyfachhandel | Rechtsform: Gesellschaft mit beschränkter Haftung'),
('e0605dcb-63fd-400e-ad8d-e40b023e0fa9', '4e1793e5-88aa-4c82-b335-a2262b7798aa', 'KALTAKQUISE', 'ACTIVE', 0, 'Funktion: Geschäftsführer/in (CEO) | Mitarbeiter: 1 bis 10 | Branche: Online Shops / Spielwaren- & Babyfachhandel | Rechtsform: Aktiengesellschaft'),
('f294001e-9557-4ca1-b880-b71e26c4b57e', '9d73b0ef-08a6-404c-879c-a9700c6eaba3', 'KALTAKQUISE', 'ACTIVE', 0, 'Funktion: Geschäftsführer/in (CEO) | Mitarbeiter: 1 bis 10 | Branche: Spielwaren- & Babyfachhandel | Rechtsform: Einzelunternehmen'),
('ab8c6dcb-fd8f-4467-8528-6e99b42b2512', 'ec696876-e1d4-45e5-9b83-1da3ab9eccfa', 'KALTAKQUISE', 'ACTIVE', 0, 'Funktion: Geschäftsführer/in (CEO) | Mitarbeiter: 11 bis 20 | Branche: Online Shops / Spielwaren- & Babyfachhandel | Rechtsform: Gesellschaft mit beschränkter Haftung'),
('b57411cd-b4d8-4ee6-9830-4793d4e3ba57', '544986bf-2338-4580-a307-fc338ab0cbed', 'KALTAKQUISE', 'ACTIVE', 0, 'Funktion: Geschäftsführer/in (CEO) | Mitarbeiter: 11 bis 20 | Branche: Schreinerei- & Holzbaubetriebe | Rechtsform: Aktiengesellschaft'),
('cbb7fc98-214e-4370-8fc2-7e8614efafa2', '94f76bd4-be32-489b-a229-0f3a12bb7738', 'KALTAKQUISE', 'ACTIVE', 0, 'Funktion: Geschäftsführer/in (CEO) | Mitarbeiter: 1 bis 10 | Branche: Online Shops'),
('336e4d34-d39f-4cb7-a814-073193663361', '821c56c1-48ef-414c-b77e-1a5f7a660dbd', 'KALTAKQUISE', 'ACTIVE', 0, 'Funktion: Geschäftsführer/in (CEO) | Mitarbeiter: 1 bis 10 | Branche: Textil- & Möbelindustrie / Schreinerei- & Holzbaubetriebe | Rechtsform: Genossenschaft'),
('627478ed-7c39-442e-8eaa-d19c142d7ddc', '5fbe855d-3a44-43b6-8ad3-d18393619002', 'KALTAKQUISE', 'ACTIVE', 0, 'Funktion: Geschäftsführer/in (CEO) | Mitarbeiter: 1 bis 10 | Branche: Metallbauer | Rechtsform: Aktiengesellschaft'),
('b7d7eb94-5c5c-4b91-9cfa-ccedf8ef6243', 'c56c7000-b8f2-43ea-8674-879d0b6de377', 'KALTAKQUISE', 'ACTIVE', 0, 'Funktion: Geschäftsführer/in (CEO) | Mitarbeiter: 1 bis 10 | Branche: Elektroplanung & Installation | Rechtsform: Gesellschaft mit beschränkter Haftung'),
('10ed81d9-dbd0-4595-80ae-55606753a28f', '25a7b359-9549-4d5b-96e3-764df3ababab', 'KALTAKQUISE', 'ACTIVE', 0, 'Funktion: Geschäftsführer/in (CEO) | Mitarbeiter: 1 bis 10 | Branche: Innenausstatter | Rechtsform: Aktiengesellschaft'),
('b6e918ee-3800-4906-afc0-d71ef9f2a2a0', '066b0a24-cb12-449a-8fdc-e6adf652d0ad', 'KALTAKQUISE', 'ACTIVE', 0, 'Funktion: Geschäftsführer/in (CEO) | Mitarbeiter: 11 bis 20 | Branche: Schreinerei- & Holzbaubetriebe | Rechtsform: Aktiengesellschaft'),
('ba10dc0c-c30f-42cc-9ec1-dab7d9a5f5a7', '76f71b93-d469-40dc-8462-c2e2f9049db3', 'KALTAKQUISE', 'ACTIVE', 0, 'Funktion: Geschäftsführer/in (CEO) | Mitarbeiter: 1 bis 10 | Branche: Architekturbüros | Rechtsform: Gesellschaft mit beschränkter Haftung');

INSERT INTO lead_tags (lead_id, tag_id) VALUES
('a5519dac-0407-4d36-8e06-fd0d3ad218cb', 'ka-b2b'),
('cc04b741-cc73-4aa6-8a70-f88fd72d8f73', 'ka-b2b'),
('3056acb9-06f5-425d-bf68-808e3a390440', 'ka-b2b'),
('46185b4e-be4a-46f2-970a-b78cccad3b69', 'ka-b2b'),
('72828b57-06c1-4f08-843f-b28e336dcc08', 'ka-b2b'),
('9e332a96-0203-4499-a749-cfb6a2c3fcff', 'ka-b2b'),
('3fbc80b8-0265-4f92-961b-d13f158214d6', 'ka-b2b'),
('93058385-f128-4f12-adcf-fedfd47c9c45', 'ka-b2b'),
('0d96b373-6570-4c20-87f7-bdf2cf956ea2', 'ka-b2b'),
('00e5fc15-6e63-470c-b453-bc0d5960b5f8', 'ka-b2b'),
('7ffce6c2-318c-4960-8b52-151b6c8a7dc7', 'ka-b2b'),
('bfe4c641-161f-4a44-81f7-48c33a7bb183', 'ka-b2b'),
('b18a4fe3-4f5c-4e07-aa7f-93caddbb99e0', 'ka-b2b'),
('5c7a52d9-86bd-48bd-9a86-ee63b108d1c5', 'ka-b2b'),
('aa77d251-68d5-4522-ac24-da6b8155315e', 'ka-b2b'),
('d3f978e4-90b2-49da-a89c-0a1df599c16a', 'ka-b2b'),
('855f166a-d9b3-4a21-b20e-27c0e355fbb8', 'ka-b2b'),
('0a0a484f-9a9a-4060-8291-4048ad79ab72', 'ka-b2b'),
('5161c618-d6c1-475f-aa0d-e5d2ab66ffcd', 'ka-b2b'),
('572b1882-dcef-4b86-a960-008f330f891a', 'ka-b2b'),
('226b1f1e-7e7b-43cc-a632-1731ddebaf31', 'ka-b2b'),
('3083c901-55f7-48cc-87ba-130421d6b4c6', 'ka-b2b'),
('4d59c996-e2bf-4fb5-b3c9-0c9fac4f9027', 'ka-b2b'),
('e5a2d995-27ed-4cbd-b34e-dfdcdff1f201', 'ka-b2b'),
('ad8bbc08-15d9-4d59-89d8-13d625b7d873', 'ka-b2b'),
('85ff4419-3f90-4e1f-937d-1924be05f5b7', 'ka-b2b'),
('45ca0b90-f444-4f78-9ea1-18e7a2ed65ee', 'ka-b2b'),
('e8e1e53b-45e6-44f1-ae1d-a889d92d3d5a', 'ka-b2b'),
('683ea2af-91a3-43ed-895d-61cb31cc2ce0', 'ka-b2b'),
('078e8d9f-2f19-4aa4-985f-027edb897b85', 'ka-b2b'),
('f61c3c11-3e06-47d7-97cb-89add91ba1d6', 'ka-b2b'),
('a24c43b5-3fbe-4858-807e-82457f302207', 'ka-b2b'),
('48eb08e9-209c-4ffe-ad25-d925fb61520e', 'ka-b2b'),
('5a17dc81-68bc-4163-ac2e-8ee77d0d4398', 'ka-b2b'),
('e2dc50c0-ab10-4de1-8e64-da1b073a76f8', 'ka-b2b'),
('71e883f8-3875-4325-9962-27fd006c832d', 'ka-b2b'),
('1a226bce-04e7-4b67-bfb0-f9e77bd6dc0c', 'ka-b2b'),
('d4821cee-07ed-45cf-81de-d03bf84deac0', 'ka-b2b'),
('361cc44c-1391-44dc-b3bf-44fad173deb0', 'ka-b2b'),
('c921c39f-11cf-4e47-9be9-42a8b9bafa88', 'ka-b2b'),
('e9bf66cd-0dcd-4d91-b777-a040a175cef0', 'ka-b2b'),
('412c4ba1-1cc2-43e2-a06a-1c0b633c8de0', 'ka-b2b'),
('96274585-82ab-4424-8a59-3c9ab7906bf9', 'ka-b2b'),
('7fbb30d4-8029-4036-acde-cce3f3452876', 'ka-b2b'),
('bc97c67b-62f9-4c33-87d8-da6dae510ab6', 'ka-b2b'),
('7c896b5c-7f39-447f-a8d3-5d4f1b3d39c2', 'ka-b2b'),
('e70ca3e8-75cc-4ebb-860e-64a17dfc8d90', 'ka-b2b'),
('c71eea65-3c7d-4879-979e-7ef0f102a6dd', 'ka-b2b'),
('e35a1903-3120-46b1-9110-eb0232cdfd1b', 'ka-b2b'),
('39b8a239-1449-4e22-b480-b354dbf7fba4', 'ka-b2b'),
('047335d0-a5c1-40c2-a445-e83108303677', 'ka-b2b'),
('a762c91d-634d-452d-b629-83215622e334', 'ka-b2b'),
('5ca4dbc1-ab88-4bdc-9065-2466cba8118e', 'ka-b2b'),
('0b6e6393-d237-4336-a736-5216fb829c99', 'ka-b2b'),
('8ac93f58-d347-4b15-99cb-e7971ed92926', 'ka-b2b'),
('0fa26198-c596-4afe-a796-4e8d0b13e8ce', 'ka-b2b'),
('773482f1-dd63-418c-8ec2-02dccf5f364c', 'ka-b2b'),
('3dae05d2-1bac-4477-a87c-6dea7db378c5', 'ka-b2b'),
('df2e25e3-51eb-4b4f-a65d-465572cda2c1', 'ka-b2b'),
('6e84f2dc-198f-4bcd-9eea-04506060dbc1', 'ka-b2b'),
('f16d6cec-486d-4ac5-8d03-294acd2b655a', 'ka-b2b'),
('6f1515fe-8cee-4c21-8505-b898f0b88dc3', 'ka-b2b'),
('43315045-0261-4b12-b6df-66c94f78784e', 'ka-b2b'),
('fbbfbb56-bad9-42f5-b72c-bc4795297059', 'ka-b2b'),
('4eb1dab6-619d-4006-8c81-ceaad3e4a39c', 'ka-b2b'),
('c29254c2-9e63-46f3-bb31-8b832cedc4d7', 'ka-b2b'),
('3e1eb2e8-3d09-4781-92f5-fa2a06348406', 'ka-b2b'),
('4ff17ad9-9113-4797-bbfb-4828918eb999', 'ka-b2b'),
('4e834a75-40db-4cbc-9a69-454d6060d063', 'ka-b2b'),
('0f629db6-245c-4852-8358-914ab4f36f41', 'ka-b2b'),
('06f131e5-ec33-4c0b-88f1-f170716f0549', 'ka-b2b'),
('6de78322-50ed-40d8-849c-b05df913255a', 'ka-b2b'),
('8864fe40-52a4-4573-9f44-6d1338dbcf52', 'ka-b2b'),
('091072df-37f6-4d4b-943c-ad5544bac910', 'ka-b2b'),
('5d0d9c45-98d1-4a72-91d4-122d5fad5e0c', 'ka-b2b'),
('38891639-c07d-41ad-b58e-5f23326ac680', 'ka-b2b'),
('3b5c2a85-b678-4149-bd0d-a088f18b4b77', 'ka-b2b'),
('5e7367fe-441d-4e7b-8c06-721dd5457a62', 'ka-b2b'),
('b87f637e-eee8-4a0d-8833-ceb3331e35d7', 'ka-b2b'),
('924c902c-06c4-49c5-9ccf-ee205b85e4a0', 'ka-b2b'),
('0d061da5-6134-4e39-a588-66239deeb9d1', 'ka-b2b'),
('d27369fa-94b6-4856-9131-4c7f5dac2eab', 'ka-b2b'),
('510392e2-b9de-41d4-adab-610ab2ffc6ac', 'ka-b2b'),
('a549edd6-c971-4ddf-8ee2-8540e4d6feff', 'ka-b2b'),
('e846d06a-08b3-4d85-968f-94459b514557', 'ka-b2b'),
('39d871a2-ac1d-4674-b5e9-0bbc06c7262b', 'ka-b2b'),
('586e74de-b3a8-4b88-8090-d2e7442ecd8c', 'ka-b2b'),
('3aa1f873-0d70-44c3-b96c-80617ed7d1b9', 'ka-b2b'),
('337f0075-2aad-4eeb-a4b5-f9841619f81a', 'ka-b2b'),
('7f7b1079-c356-42ea-a38f-d6ac1b43597b', 'ka-b2b'),
('8f3f3ed4-aa1f-4983-b6b9-344430fdfdf4', 'ka-b2b'),
('1fc4cc77-7540-4ceb-a6e8-d5dc32382c83', 'ka-b2b'),
('8fcb5c07-e22c-4db7-aa98-a64ea072a150', 'ka-b2b'),
('d7d35d39-aafb-4c12-8fef-d78828c4e09c', 'ka-b2b'),
('12b54dbd-94c1-4f67-9d57-a4f46b3c729a', 'ka-b2b'),
('74b4ce9e-c709-4a0d-9c5b-e03f4a99edd1', 'ka-b2b'),
('2045715d-d33b-4630-95a2-47bf0aa74b6f', 'ka-b2b'),
('00df3ec7-7a9d-46ba-8b00-6370ba83305d', 'ka-b2b'),
('ea3954d1-5551-441a-8a88-48ab036f41e9', 'ka-b2b'),
('f0fefaa9-4d69-4b75-93cc-d42162639670', 'ka-b2b'),
('81da262e-0e38-43e7-aa89-f800e5acca38', 'ka-b2b'),
('d07fb6b2-b886-4bc1-9ce5-264131250be5', 'ka-b2b'),
('715b3086-fad2-4ff4-8a12-cc7ce7fae4ac', 'ka-b2b'),
('2fbad273-4dc0-41c1-bfb2-a3e1f9b399bd', 'ka-b2b'),
('4ca2815a-05bd-4003-8c3a-9fa39c045570', 'ka-b2b'),
('8bdb0446-6f63-495b-8ddc-1845bce37e51', 'ka-b2b'),
('855f85a4-92b4-43f2-8642-f787411d6050', 'ka-b2b'),
('1bcdff3f-111f-491c-b153-8cc06fab306d', 'ka-b2b'),
('d5e332e2-df39-4e9f-8212-fda5ffec8256', 'ka-b2b'),
('7292ab73-38e2-4bf7-a1d0-e2488aa57338', 'ka-b2b'),
('2f2bea25-d93d-4e1e-b83f-2c9ef8ef2c60', 'ka-b2b'),
('af674637-fd8a-427a-a65b-d3b018ebb437', 'ka-b2b'),
('c510b238-c79a-467f-8f1a-8dc0e89fbcd6', 'ka-b2b'),
('8e9391a3-b610-4fbf-9784-6505d6b04254', 'ka-b2b'),
('c923e15c-e35a-4fbd-9ef6-40ba45ed9db8', 'ka-b2b'),
('da522aa3-7bd5-4f57-8768-f7c703c4bd5a', 'ka-b2b'),
('6b00d88b-cefb-4d56-9993-f54739dc14d9', 'ka-b2b'),
('5c858357-df08-48c2-ae76-d6fb211202fc', 'ka-b2b'),
('b0178c7a-b2f3-48c6-b95e-c2be02d503d1', 'ka-b2b'),
('04cf311f-33bf-4cef-a23f-03a4022bae66', 'ka-b2b'),
('3e0bd8c8-d7fe-44fd-b7c9-4e450c21b826', 'ka-b2b'),
('a1d93bbf-6880-4396-b033-a9b26ff39fbf', 'ka-b2b'),
('a925b8ef-2916-4f06-b35c-96f8e3667a98', 'ka-b2b'),
('1dad8b49-3d94-4d19-b88f-bb0e88956270', 'ka-b2b'),
('a78d508a-aa66-49ea-9b04-5cf4570da480', 'ka-b2b'),
('c9244c77-1bfc-4d5f-a510-7e2f76f7d278', 'ka-b2b'),
('a6c2f887-7662-44a9-bc15-cae657a1ee29', 'ka-b2b'),
('4d6b388f-6cfb-4bd9-be0f-92e112730cc4', 'ka-b2b'),
('46460fad-5d34-4a2f-9eda-e1fbe71f0c07', 'ka-b2b'),
('8c0e7433-e1f1-4c33-911f-6197dabf673d', 'ka-b2b'),
('47d25c56-f4f7-4735-8f76-ab78f3238975', 'ka-b2b'),
('46b9c645-574c-4141-b933-ad7e1d81b779', 'ka-b2b'),
('5861cde6-0c06-4b33-91e0-392e8b9b6ae7', 'ka-b2b'),
('1d76570e-d615-4b2a-9235-d4f294c60d18', 'ka-b2b'),
('48ac93ca-4371-4ac0-8b71-ceeb4305451c', 'ka-b2b'),
('ea783867-ca4b-40d0-a587-5cdd1cd2ceb8', 'ka-b2b'),
('c23d37f7-5a01-4cec-8506-6caddeac18e9', 'ka-b2b'),
('b7de5bb8-1d82-44e4-9f71-799d1a723a97', 'ka-b2b'),
('9aed03b4-c531-4b63-81b8-9510dbf6c157', 'ka-b2b'),
('94198c3a-95ed-4be1-8d78-d75b406966e3', 'ka-b2b'),
('bb83566a-7d8b-4828-9dbb-8f23119a6ebd', 'ka-b2b'),
('9ae072ca-2c6e-49f2-8e9b-8a391d21c156', 'ka-b2b'),
('b0f5fb8e-ac0a-46e8-9fe2-e3c9f10ec312', 'ka-b2b'),
('efc4ce15-c0dc-4658-8d6c-53ca5b2a5899', 'ka-b2b'),
('7e2d2b1d-7c71-484e-ab0d-41dad44339dc', 'ka-b2b'),
('0daec934-ea1c-4d7d-8119-d6dddae7e65d', 'ka-b2b'),
('24ec94c6-7d56-4026-9d42-97038a24046d', 'ka-b2b'),
('0767a322-2bde-49f1-944f-8e09b723215b', 'ka-b2b'),
('f71eb885-77b1-477a-b9b5-6c933adcb871', 'ka-b2b'),
('39bd015a-7bad-4243-8692-4cf7b7c78395', 'ka-b2b'),
('1bbcb513-e584-47e5-aa60-043c9e27266e', 'ka-b2b'),
('cb5d972d-2e0c-4bf3-94fa-96b63677b2d0', 'ka-b2b'),
('7db763ff-828b-4cd3-adb9-97bdab55aefc', 'ka-b2b'),
('1cbacbfe-f093-4f87-92b2-12ea886c6f81', 'ka-b2b'),
('4f50ab27-66fe-417f-bd83-017a38ddbd25', 'ka-b2b'),
('8693777c-0935-4705-87b4-4eed6e26cff7', 'ka-b2b'),
('60360d6b-beb9-4c63-b7f6-a465697e65e1', 'ka-b2b'),
('802730fc-3afd-4c56-b042-6a5ba1ab9357', 'ka-b2b'),
('201a7ab6-e665-4c0d-b94f-4679aa73e692', 'ka-b2b'),
('c00284db-7f1f-4e16-ad72-37cfe85dc8d4', 'ka-b2b'),
('a67d654c-c758-4769-91ca-9babb622a193', 'ka-b2b'),
('59d10191-0939-4025-a359-62f57f6ecf77', 'ka-b2b'),
('cee50dbd-77c0-464c-aec4-f62e5765f578', 'ka-b2b'),
('36a29a4e-71e6-4654-8904-085244a8584f', 'ka-b2b'),
('a642f80c-26d5-476b-9863-e6276c1844f7', 'ka-b2b'),
('dda294f1-081b-4898-ba9c-c6792e50fc6b', 'ka-b2b'),
('39c6b88d-de90-40b1-8153-5f7cbf108040', 'ka-b2b'),
('76f6619a-9f83-4a2d-bd3b-dbaa407cb1d8', 'ka-b2b'),
('fff75072-1c78-4ae7-b37b-ddf15ebbab26', 'ka-b2b'),
('775828a6-79e0-426b-8fc3-a9c200ec0083', 'ka-b2b'),
('a1ab9bbf-8aea-43ec-bcc6-c5a434facce7', 'ka-b2b'),
('1b2ec340-c60c-4386-b150-8969e27bd3fc', 'ka-b2b'),
('798240f1-a1bb-4678-9d58-f386fbad426a', 'ka-b2b'),
('c8887142-d340-4983-895c-3523ab96f50c', 'ka-b2b'),
('5afe7a7e-bf75-4bbc-a2fe-23ca834cb60b', 'ka-b2b'),
('e13d2556-ac2c-4aa4-9eee-2ba70b002cca', 'ka-b2b'),
('735f788b-8b9f-4545-9d22-b38d128d83f2', 'ka-b2b'),
('861cd2e6-6d7c-4dd2-a44c-752929b9373d', 'ka-b2b'),
('22965f48-0b37-48ec-83a5-62cd55f3fe2c', 'ka-b2b'),
('c80b0b7e-81a6-4847-be3b-f8720b3441f0', 'ka-b2b'),
('92ee0c2f-32b7-45fe-afa1-57663827a4eb', 'ka-b2b'),
('73e7bed0-aa26-4a71-a900-089970ae9773', 'ka-b2b'),
('f7d7d445-edfd-4995-8baa-72768cb95eba', 'ka-b2b'),
('d61719a3-6087-46ad-b232-ca3263fca0e4', 'ka-b2b'),
('4f00aac1-a8d3-4d13-afff-e89d49b0e02d', 'ka-b2b'),
('fc294fda-ba3f-4b46-9547-a36ebfd58059', 'ka-b2b'),
('8ada3737-6de7-4cf3-85bb-ca665f2feb44', 'ka-b2b'),
('19c94f12-2b1f-4c2c-ad1d-40ddcf79680a', 'ka-b2b'),
('ef715858-c836-4018-9b22-67e1cc6d3326', 'ka-b2b'),
('e0605dcb-63fd-400e-ad8d-e40b023e0fa9', 'ka-b2b'),
('f294001e-9557-4ca1-b880-b71e26c4b57e', 'ka-b2b'),
('ab8c6dcb-fd8f-4467-8528-6e99b42b2512', 'ka-b2b'),
('b57411cd-b4d8-4ee6-9830-4793d4e3ba57', 'ka-b2b'),
('cbb7fc98-214e-4370-8fc2-7e8614efafa2', 'ka-b2b'),
('336e4d34-d39f-4cb7-a814-073193663361', 'ka-b2b'),
('627478ed-7c39-442e-8eaa-d19c142d7ddc', 'ka-b2b'),
('b7d7eb94-5c5c-4b91-9cfa-ccedf8ef6243', 'ka-b2b'),
('10ed81d9-dbd0-4595-80ae-55606753a28f', 'ka-b2b'),
('b6e918ee-3800-4906-afc0-d71ef9f2a2a0', 'ka-b2b'),
('ba10dc0c-c30f-42cc-9ec1-dab7d9a5f5a7', 'ka-b2b');
