-- Batch 428 (200 records)
INSERT INTO contacts (id, first_name, last_name, email, phone, company, address) VALUES
('dc3394e6-d6d6-421a-9cf7-b4078655328f', 'Tom', 'O''Loughlin', 'tom@summitag.ch', '041 588 12 81', 'Summit Recruitment AG', 'Hirschengraben 13, 6005 Luzern, Luzern'),
('cb3f33bc-4d88-4af0-ae39-dbcd8789df07', 'Nicole', 'Romann', 'romann@summit-treuhand.ch', '056 470 33 36', 'Summit Treuhand GmbH', 'Untere Dorfstrasse 4a, 5405 Dättwil, Aargau'),
('0ee26cc4-5b57-481c-b821-32505ac49fe0', 'Silvia', 'Urfer', 'silvia.urfer@gmx.ch', '079 932 72 01', 'SUM''s Atelier', 'Hürlishäusern 5, 3623 Buchen, Bern'),
('53d6e59a-f8c1-4575-819c-2d66b3e63dee', 'Claudia', 'Mätzler', 'info@sunkid.ch', '031 311 15 08', 'Sun Kid', 'Mühlenplatz 6, 3011 Bern, Bern'),
('27ac8921-0063-47f5-a2a0-d0bb5bd0743d', 'Oliver', 'Gornatowski', 'info@sun-network.ch', '032 535 85 33', 'Sun Network AG', 'Fauggersweg 41, 3232 Ins, Bern'),
('0b839f04-d71b-4c18-9444-1d6c30a5f812', 'Ali', 'Demiroglu', 'info@sunservices.ch', '061 322 09 93', 'Sun Services GmbH', 'Birsigstrasse 80, 4054 Basel, Basel-Stadt'),
('211b21a7-63a6-4a72-849a-c60b81cd8b6a', 'Dorothee Ursula', 'Nelles', 'sun903cs@sunstore.ch', '058 878 51 10', 'Sun Store Apotheke Bern Bethlehem', 'Riedbachstrasse 8, 3027 Bern, Bern'),
('e0b426f6-5b7a-48c7-8205-b2a834eb6cac', 'Claudine', 'Imhof', 'sun915cs@sunstore.ch', '058 878 51 20', 'Sun Store Apotheke Bern Storchengässchen', 'Storchengässchen 6, 3011 Bern, Bern'),
('80225197-b0a8-46d6-8fec-f39434270d23', 'Pascale', 'Neuburger-Gucker', 'sun908cs@sunstore.ch', '058 878 50 10', 'Sun Store Apotheke Bülach', 'Feldstrasse 85, 8180 Bülach, Zürich'),
('92ce5ee9-72c5-4b26-be65-0195325faef3', 'Lena', 'Pesterev', 'sun914cs@sunstore.ch', '058 878 54 30', 'Sun Store Apotheke Ittigen', 'Talweg 6, 3063 Ittigen, Bern'),
('edc50eb5-57d3-4249-b0ea-b08adcc8b3c3', 'Markus', 'Bernhard', 'info@sun-valley.ch', '062 919 02 00', 'Sun Valley Langenthal AG', 'Gaswerkstrasse 63, 4900 Langenthal, Bern'),
('c9c58bd0-a14c-4143-bf29-cb6681ceb2f8', 'Fehat', 'Teke', 'info@sun-xpress.ch', '062 558 98 47', 'Sun Xpress GmbH', 'Industriestrasse 15, 5070 Frick, Aargau'),
('0a2d3abb-0f99-4a38-a568-52c731b0f79c', 'Marco', 'Piffaretti', 'marco.piffaretti@sun2wheel.ch', '061 927 55 66', 'sun2wheel AG', 'Rengglochstrasse 19, 6012 Obernau, Luzern'),
('1add6e59-1f61-410a-a5e0-c5dab13e81cc', 'Heinz', 'Streit', 'streit@sun4energy.ch', '078 681 12 55', 'Sun4energy Heinz Streit GmbH', 'Mottetstrasse 12, 3280 Murten, Fribourg/Freiburg'),
('d88de68f-9616-4306-af86-56656c3bffa1', 'Süleyman', 'Sinaci', 'info@sunbilt.ch', '031 972 40 26', 'Sunbilt AG', 'Könizstrasse 275, 3097 Liebefeld, Bern'),
('e79611fc-037a-42a6-ad68-feffeab14cfd', 'Christoph', 'Eugster', 'info@sunbird-naturetec.com', 'N.a.', 'SunBird NatureTec AG', 'Theilerstrasse 13, 6300 Zug, Zug'),
('1d0abb49-e7d3-4273-810c-957ac5ed37c3', 'Thomas', 'Eppler', 'info@suncasa.ch', '055 260 22 80', 'Suncasa AG', 'Spitalstrasse 72, 8630 Rüti, Zürich'),
('172c4d02-85da-4f2b-85af-aad8df3b8d66', 'Dieter', 'Baumann', 'angebote@sunconnect.ch', '044 545 27 55', 'Sunconnect GmbH', 'Riedhofstrasse 11, 8804 Au, Zürich'),
('b74766ca-7aa7-4f7d-a753-f0c5cbf65cf5', 'Thomas Andreas', 'Kubli', 'info@suncontract.ch', '061 273 20 80', 'Suncontract GmbH', 'Eulerstrasse 15, 4051 Basel, Basel-Stadt'),
('4c988ccc-0952-4f4e-ae02-96c2f43c5dac', 'Noëlle', 'Krebs', 'mail@suncrest.ch', '061 311 66 70', 'Suncrest GmbH', 'Hofackerstrasse 71, 4132 Muttenz, Basel-Land'),
('578658d5-58e9-4377-a89c-d80385a737fd', 'Nadine', 'Rohrer', 'nalinesundara@live.de', '076 219 65 80', 'Sundara Yoga', 'Rupperswilerstrasse 5, 5502 Hunzenschwil, Aargau'),
('4954a676-9be0-49a0-aa37-18d43ff5e858', 'Thomas', 'Wiesmann', 'info@sundaram.ch', '044 994 25 15', 'Sundaram AG', 'Ackerstrasse 2, 8610 Uster, Zürich'),
('c081a9e4-7ded-4a63-81ee-21a048ba6439', 'Irene', 'Suter-Fuhrimann', 'info@sundari-yoga.ch', '079 512 68 51', 'SundariYoga GmbH', 'Gallusstrasse 32, 9000 St. Gallen, St. Gallen'),
('d3717ee9-ff70-4fa5-ad17-45635677fab6', 'Katy', 'Lee', 'hello@sundaysseltzer.com', '078 878 38 94', 'Sundays Beverage AG', 'Riedpark 23, 6300 Zug, Zug'),
('0211fc8c-5a77-41ee-a1fe-be48a14619d8', 'Christian', 'Roeske', 'c.roeske@sundesign.ch', '044 390 14 58', 'sundesign GmbH', 'Gamlikon 14, 8143 Stallikon, Zürich'),
('071867a1-5f45-40a1-8db2-68ef01f59e27', 'Fotios', 'Schoinas', 'info@sundot.ch', '043 233 73 08', 'Sundot GmbH', 'Kasernenstrasse 11, 8004 Zürich, Zürich'),
('ea439606-fbe9-4174-9853-66f66a1632c0', 'Christoph', 'Rothlin', 'kontakt@suneco-solar.ch', '055 212 99 11', 'SUNECO AG', 'Grütstrasse 23, 8645 Jona, St. Gallen'),
('5c49d212-8b04-4c6b-95a4-0b11e55b8a85', 'Ümit', 'Özsahin', 'info@sunex.ch', '043 819 00 60', 'Sunex iT, Web & Marketing Oezsahin', 'Brandstrasse 37, 8952 Schlieren, Zürich'),
('b7037d4e-411e-428e-954f-41e5054d1e82', 'Sandra', 'Kleine Deters', 'info@renegade-hufschuhe.ch', 'N.a.', 'Sunhorse Kleine Deters', 'Oberhuwil 1, 6280 Hochdorf, Luzern'),
('c057b291-bdca-4abc-9a90-5d0b87f93991', 'Siegfried', 'Frei', 'info@sunig.ch', '079 614 30 70', 'sunig GmbH', 'Langfeldstrasse 90, 8500 Frauenfeld, Thurgau'),
('4abbdf3e-e0ae-4e38-a1ef-965b9f3b6eae', 'Bea', 'Trinkler', 'sun-in@gmx.ch', '061 421 15 54', 'Sun-In Beauty Oase', 'Binningerstrasse 11, 4103 Bottmingen, Basel-Land'),
('366715b8-3e2f-401d-8461-e53040d9f2b9', 'Daniel', 'Fässler', 'info@sunlounger.ch', '044 860 66 67', 'sunlounger.ch gmbh', 'Tüfwisstrasse 8, 8185 Winkel, Zürich'),
('8309fa14-d7ee-4c48-ac76-7abca3c90113', 'Christoph', 'Harder', 'info@sunman-tec.ch', '031 888 00 07', 'SunMan-Tec AG', 'Industrie Neuhof 4, 3422 Kirchberg, Bern'),
('9aa235ea-a323-41d7-9375-118e554a00b8', 'Hanspeter', 'Peyer', 'hanspeter.peyer@sunnfarm.ch', '044 850 52 62', 'Sunn Farm AG', 'Neeracherstrasses 32, 8162 Steinmaur, Zürich'),
('3ff27db3-c872-4679-8abe-e754ed61e6a6', 'Theo', 'Hemmi', 'theo.hemmi@bluewin.ch', '079 615 04 55', 'Sunna Bar Lenzerheide', 'Voa Tgantieni 7, 7078 Lenzerheide, Graubünden'),
('8c3b4c85-4a41-42bf-ba44-552f3bd248cd', 'Andy', 'Schnider', 'andy@sommusic.ch', '079 664 16 79', 'Sunnaplan Studio für Architektur und Lichtplanung', 'Kantonsstrasse 17, 3952 Susten, Wallis/Valais'),
('62718b48-3123-411d-abb0-3e218b88578e', 'Ursina', 'Hegner Fleischmann', 'info@sunnaschii.ch', '079 250 39 07', 'Sunnaschii', 'Sässweg 10, 7012 Felsberg, Graubünden'),
('664ca6c1-0711-4d17-94ac-58b00c84ec5c', 'Beatrice', 'Rufer', 'info@sunnehubel.ch', '079 697 69 93', 'Sunne Hubel', 'Dorf 9, 3053 Diemerswil, Bern'),
('b25a8da1-ad68-42ad-b4b9-ffadf42fb86e', 'Caroline', 'Segert-Rohner', 'sunne-admin@hin.ch', '071 450 05 05', 'Sunne Praxis Roggwil', 'St. Gallerstrasse 30, 9325 Roggwil, Thurgau'),
('b08562f1-7948-4c9b-9da9-cafbf2e12ebe', 'Fabiana', 'Riboli', 'hirzelstrasse@sunneblueme.org', '044 405 20 00', 'Sunneblueme Kinderkrippe', 'Hirzelstrasse 20, 8004 Zürich, Zürich'),
('79cc7bfa-8f9b-4695-873e-5b9fe7f4d122', 'Raphaël', 'Helfrich', 'sunnechraft@gmail.com', '079 958 69 39', 'SunneChraft AG', 'Rebbergweg 1, 3653 Oberhofen am Thunersee, Bern'),
('2e21aaef-750a-4ad5-846a-169da66530fb', 'Georg', 'Stirnimann', 'info@sunnegarte.ch', '052 301 29 39', 'Sunnegarte AG', 'Poststrasse 4, 8462 Rheinau, Zürich'),
('e61b63dd-b85a-4dbe-9a9c-5df71a85f7b3', 'Rolf', 'Bischofberger', 'rolf.bischofberger@gmx.ch', '071 744 59 81', 'Sunnehof', 'Obereggerstrasse 50, 9442 Büriswilen, Appenzell Innerrhoden'),
('cf9cbcef-93d2-46a2-a2bc-f6520dc5971d', 'Hans-Heinrich', 'Albrecht', 'sunnehof.boppelsen@bluewin.ch', '044 844 45 74', 'Sunnehof Lädeli', 'Sunnehof 1, 8113 Boppelsen, Zürich'),
('5817410a-db51-4feb-9a43-1a96b8e0cb5c', 'Nico', 'Grossenbacher', 'n.grossenbacher@sunnehof-versicherungen.ch', '079 343 46 72', 'Sunnehof Versicherungen GmbH', 'Brunnenweg 3, 4702 Oensingen, Solothurn'),
('db74fa60-ec4a-4ac9-bbbb-e3554e9beaca', 'Martin', 'Wipf', 'shegmbh@bluewin.ch', '052 319 11 23', 'Sunnehofenergie GmbH c/o Martin Wipf', 'Im Sunnehof 1, 8460 Marthalen, Zürich'),
('8ba1f60b-e3f2-4b8f-a73e-e4e802f0ef66', 'Christoph', 'Ammann', 'info@sunnehus.ch', '071 998 55 55', 'Sunnehus Kur und Bildung', 'Moosstrasse 41, 9658 Wildhaus, St. Gallen'),
('1706e23f-142d-4470-9807-fdeb972416f8', 'Margrit', 'Bischofberger', 'info@sunnehuesli.ch', '071 695 12 59', 'Sunnehüsli', 'Seeweg 20, 8594 Güttingen, Thurgau'),
('62f791d7-b816-45a1-86db-2173b57e0696', 'Marcel', 'Eichenberger', 'sales@sunnen.eu', '071 649 33 33', 'Sunnen AG', 'Fabrikstrasse 1, 8586 Ennetaach, Thurgau'),
('c5ecfd2e-8e8b-4bac-91a7-0104af768c76', 'Margrit', 'Hauser', 'info@sunnerain-immo.ch', '044 725 34 44', 'Sunnerain Immobilien AG', 'Hirsackerstrasse 30, 8810 Horgen, Zürich'),
('438a5687-17d9-4439-9c42-7a96583c3ee6', 'Esther', 'Soler', 'info@honiggenuss.ch', '044 273 66 63', 'Sunneschii Deli', 'Neugasse 80, 8005 Zürich, Zürich'),
('e37c4d6c-5494-477f-bb46-e774f5f772ca', 'Christine', 'Heldstab', 'info@sunneschy-horn.ch', '071 845 55 05', 'Sunneschy GmbH', 'Bahnhofstrasse 15, 9326 Horn, Thurgau'),
('5251a0cb-95c0-42f3-9e91-a3695f4df27d', 'Marco', 'Bisonni', 'm.bisonni@spitex-sunneschyn.ch', '061 312 52 03', 'Sunneschyn Hauspflege und Betreuung GmbH', 'Hardstrasse 60, 4052 Basel, Basel-Stadt'),
('f7174500-f87f-43d0-8b7a-16ce5b3b6a46', 'Sonja', 'Hänggärtner', 'info@sunneschyn-praxis.ch', '079 423 49 46', 'Sunneschyn-Praxis', 'Ringstrasse 3b, 4566 Oekingen, Solothurn'),
('3800d914-8375-4e8d-ac8a-0dd5c4ca46c9', 'Hans', 'Vogler', 'sunnis@bluewin.ch', '041 678 16 32', 'Sunnis AG', 'Brünigstrasse 99, 6078 Lungern, Obwalden'),
('e22cfbcb-6069-4e7c-ae61-9dc6f8422a41', 'Roger', 'Widmer', 'rwi@sunnmatt.ch', '041 662 88 82', 'Sunnmatt Immobilien AG', 'Hostattstrasse 11, 6060 Sarnen, Obwalden'),
('d7b49b6a-07a9-4105-a9ad-fbda5bdcec63', 'Anne', 'Bärtels', 'anne.baertels@psz-sunnmatt.ch', '044 922 18 18', 'Sunnmatt Privates Seniorenzentrum', 'Alte Landstrasse 139, 8708 Männedorf, Zürich'),
('c11c6310-3086-4f61-9e51-9dbcf80cdca0', 'Michael', 'Strohbach', 'michael.strohbach@sunny-solartechnik.ch', '052 741 24 00', 'Sunny Solartechnik (Schweiz) GmbH', 'Müliäckerweg 4, 8264 Eschenz, Thurgau'),
('17bbc178-41cf-47d1-8c59-9036016ea20f', 'Daniel', 'Plewka', 'info@sunny-bodyfit.ch', '071 277 27 40', 'Sunny-Bodyfit GmbH', 'Burgstrasse 106a, 9000 St. Gallen, St. Gallen'),
('d7279c39-8a2b-4e5a-9275-3dc46ebe8cd6', 'Felician Andreas', 'Marolda', 'info@sunprint.ch', '043 501 09 60', 'SUNPRINT.CH - MW Mediatrade GmbH', 'Kriesbachstrasse 5, 8304 Wallisellen, Zürich'),
('d2babf6a-0866-4ffa-855c-171886bb77e6', 'Matthias', 'Egli', 'info@sunraising.ch', 'N.a.', 'Sunraising', 'Schauplatzgasse 23, 3011 Bern, Bern'),
('2cf959de-4e78-4021-9037-a6cb41bd609e', 'David', 'Guan', 'info@sunregen.ch', '076 480 56 28', 'SunRegen Healthcare AG', 'Robinienweg 51, 4153 Reinach, Basel-Land'),
('37b835a7-1b19-4594-a0fd-bb2cc7d7a429', 'André', 'Krause', 'impressum-admin@sunrise.net', '0800 707 505', 'Sunrise GmbH', 'Thurgauerstrasse 101b, 8152 Glattbrugg, Zürich'),
('0f72a11d-58e1-4df4-923d-bd2c9b822300', 'Matthias', 'Schmutz', 'info@sunrisemedical.ch', '031 958 38 38', 'Sunrise Medical AG', 'Erlenauweg 17, 3110 Münsingen, Bern'),
('427ab77f-26ec-44ea-a28f-3105e38df83f', 'Tobias', 'Foster', 'impressum@upc.ch', '058 777 01 01', 'Sunrise UPC Pensionskasse', '8050 Zürich, Zürich'),
('e3d2a682-3afa-41cf-b2d9-fa6b1ab28f5a', 'Georg', 'Blum', 'info@sunseed.ch', '079 628 29 02', 'Sunseed SA c/o Blum Holz', 'Schwarzenburgstrasse 844a, 3145 Niederscherli, Bern'),
('654c7aa9-a619-4cf5-97f1-83ad5b2e2934', 'Simon', 'Märki', 'info@sunsetbar.ch', '041 375 55 55', 'Sunset Bar Luzern', 'Seeburgstrasse 61, 6006 Luzern, Luzern'),
('86785f90-f8bb-49ca-918b-91c79e65a506', 'André', 'Soltermann', 'volvomech@gmx.ch', '031 926 33 33', 'Sunset Cars GmbH', 'Murtenstrasse 88, 3202 Frauenkappelen, Bern'),
('ec8cf1aa-903d-4ab4-aeac-d321857818b6', 'Heiko', 'Schmid', 'sunset@balcab.ch', '061 301 33 01', 'Sunset Wellness GmbH', 'Holeestrasse 159, 4054 Basel, Basel-Stadt'),
('14dc9225-c2b8-4648-9e34-f72003f217c4', 'Fatos', 'Bajrami', 'info@sunshine-consulting.ch', '076 268 85 56', 'Sunshine Consulting GmbH', 'Ifangstrasse 12, 8604 Volketswil, Zürich'),
('4e5ab80a-b0e6-4ea1-9dd9-b6cbacca761f', 'Rita', 'Kalberer', 'info@sunshinepub.ch', '081 284 18 80', 'Sunshine Pub Chur', 'Tödistrasse 1, 7000 Chur, Graubünden'),
('c12b64c6-b6d1-4b4d-b4ed-54dadd5a06cf', 'Diana', 'Dietiker', 'diana@sunshine-yoga.ch', '076 573 22 05', 'Sunshine Yoga', 'Hans Huber-Strasse 37a, 4500 Solothurn, Solothurn'),
('590dc26f-cc2b-4060-8e1a-ed670d71afd4', 'Stephan', 'Rohn', 'info@sunside-energy.ch', '058 517 81 79', 'Sunside Energy AG', 'Industriestrasse 10, 4573 Lohn-Ammannsegg, Solothurn'),
('d463bd00-9aa0-4c2d-907c-c26f8ab84a0e', 'Markus', 'Tobler', 'sun-snack@sun-snack.ch', '071 747 43 33', 'Sun-Snack AG', 'Grenzstrasse 26, 9430 St. Margrethen, St. Gallen'),
('ec8eca5a-e048-4f2a-a642-44f6e9a37d50', 'Urs', 'Schweizer', 'info@sunsol.ch', '044 720 84 86', 'Sunsol GmbH', 'Fachstrasse 46, 8942 Oberrieden, Zürich'),
('af9bb472-3218-4f5b-9620-a56b9d4a2098', 'Andreas', 'Thierbach', 'andreas.thierbach@sunstar.ch', '061 925 70 70', 'Sunstar Hotel Grindelwald', 'Dorfstrasse 168, 3818 Grindelwald, Bern'),
('3f99d119-6b9e-4cf8-ae5c-7fddbe6fef79', 'Silvio', 'Schoch', 'info@sunstar.ch', '061 925 70 70', 'Sunstar Hotels Management AG', 'Galmsstrasse 5, 4410 Liestal, Basel-Land'),
('ad50aa3c-f720-409a-87e6-1c1bca889bd5', 'Rolf', 'Bucher', 'rolf.bucher@sunstar.ch', '081 378 77 77', 'Sunstar Hotels Schweiz AG, Zweigniederlassung Sunstar Hotel Arosa', 'Seewaldstrasse 12, 7050 Arosa, Graubünden'),
('08abce95-b784-4339-b676-05798b0a5e4b', 'Tobias', 'Georg', 'klosters@sunstar.ch', '081 423 21 00', 'Sunstar Hotels Schweiz AG, Zweigniederlassung Sunstar Hotel Klosters', 'Boscaweg 7, 7252 Klosters Dorf, Graubünden'),
('4fb45735-5018-401a-ac36-dddd72e0ae30', 'Reto', 'Keller', 'reto.keller@sunstar.ch', '081 385 88 88', 'Sunstar Hotels Schweiz AG, Zweigniederlassung Sunstar Hotel Lenzerheide', 'Voa Sporz 8, 7078 Lenzerheide, Graubünden'),
('a6870510-1dd2-44ab-aa94-1d725e283534', 'Alessandro', 'Leo', 'info@sunstone.ch', '041 748 23 43', 'Sunstone Vermögen & Treuhand AG', 'Turmstrasse 28, 6312 Steinhausen, Zug'),
('d99ab58b-989e-4c8d-9f6f-ee9a8d0c88df', 'Philippe', 'Agafonovas', 'info@sunstyle.com', '031 300 30 20', 'Sunstyle AG', 'Gewerbestrasse 8, 3065 Bolligen, Bern'),
('a6c9d647-207e-4d26-81ef-31ca48180db1', 'Alex', 'Brun', 'alex.brun@suntainable.com', '043 399 08 49', 'Suntainable AG', 'Im Ring 5, 8126 Zumikon, Zürich'),
('1a232c8f-6b3a-4fbc-9218-a8f2655a0960', 'Yanick', 'Berger', 'info@sun-tech.ch', '077 539 63 43', 'SunTech GmbH', 'Langgasse 134, 9008 St. Gallen, St. Gallen'),
('47de3485-0890-45b3-9d8b-708cca4ce6b6', 'Armin', 'Hubli', 'armin.hubli@suntechnics.ch', '044 914 28 80', 'SunTechnics Fabrisolar AG', 'Untere Heslibachstrasse 39, 8700 Küsnacht, Zürich'),
('a38f5775-b3f1-40ef-b899-349a1e16994d', 'Eric Marcel', 'Lütolf', 'contact@suntherm.ch', '055 445 19 19', 'Suntherm AG', 'Birkenstrasse 3a, 8856 Tuggen, Schwyz'),
('72ce80a5-153e-452c-86f6-9587e382b8a0', 'Rudolf', 'Kläui', 'klaeui@sunwind-klaeui.ch', '079 423 30 33', 'Sunwind Kläui', 'Höfen 19, 5420 Ehrendingen, Aargau'),
('64ffca48-970a-4312-82ef-b1c61024acf5', 'Beat', 'Schmid', 'info@suonen-brauerei.ch', '079 408 19 68', 'Suonen Bräu AG', 'Raaftstrasse, 3938 Ausserberg, Wallis/Valais'),
('d21bc5b3-9b22-43cc-b6cc-bf106d7d5bf3', 'Sabine-Maria', 'Sörensen', 'info@supyogabern.ch', '079 849 08 69', 'SUP Yoga Bern', 'Wohleibrücke, 3032 Hinterkappelen, Bern'),
('33f81df5-f7d0-4ceb-819b-48fc7852d704', 'Mabel', 'Luz', 'info@supyogazuerich.ch', '078 824 81 00', 'SUP Yoga Zürich', 'Wydenstrasse 5, 8703 Erlenbach, Zürich'),
('f66c48bf-f475-43d7-852d-84104d807e16', 'Katja', 'Jossi', 'info@uberschallwax.com', '079 648 47 07', 'Super Sonic GmbH', 'Mattenloch 470a, 3862 Innertkirchen, Bern'),
('9aec8227-9b5b-4e3a-8c08-197a14ad2e1b', 'Rahel', 'Wenger', 'info@galerie-boutiquebar.ch', '033 223 55 55', 'Supercluster GmbH', 'Obere Hauptgasse 74, 3600 Thun, Bern'),
('e5c332eb-6d83-4e7b-96b9-eb25599be646', 'Darjan', 'Hil', 'hello@superdot.studio', '061 554 69 68', 'Superdot GmbH', 'Südquaistrasse 14, 4057 Basel, Basel-Stadt'),
('feb3aaed-f051-42f8-9137-010dad951666', 'Jochen', 'Seelos', 'j.seelos@superdraftstudio.ch', '061 423 81 81', 'Superdraft Studio GmbH', 'Oberalpstrasse 78, 4054 Basel, Basel-Stadt'),
('82820b4b-a578-45a3-beca-d7d1c29ec05b', 'Anja', 'Ruetsch', 'info@superfinkli.ch', '044 501 37 37', 'Superfinkli.ch by Anja Ruetsch', 'Mittlere Schwandenstrasse 2b, 8805 Richterswil, Zürich'),
('c3f00800-f04c-4ca2-ac6e-c993cab5a569', 'Daniel', 'Hotz', 'info@superform.ch', '044 970 32 00', 'Superform Raum und Möbel KlG', 'Schickmattweg 2, 8332 Russikon, Zürich'),
('2ba6edc8-2982-4361-8f10-5f504a3db9cb', 'Mathias', 'Sturzenegger', 'info@superholzwurm.ch', '079 633 29 06', 'SUPERHOLZWURM Mathias Sturzenegger GmbH', 'Hüseren 19, 9038 Rehetobel, Appenzell Ausserrhoden'),
('48a3f304-d7c0-430f-b526-f54aae06ece4', 'Dino', 'Beerli', 'dino@superloop.ch', '031 911 11 33', 'Superloop Innovation', 'Spitalgasse 28, 3011 Bern, Bern'),
('88d3732f-6da0-4dc9-a405-5c0ca9d3bbd9', 'Johann', 'Helbling', 'info@supermatic.ch', '044 941 33 22', 'Supermatic Kunststoffverpackungen GmbH', 'Ackerstrasse 46, 8610 Uster, Zürich'),
('f1d8e634-8acc-47df-9a7f-c9bbcc7e29c3', 'Pascal', 'Hausammann', 'supernova@mail.ch', '079 820 00 10', 'Supernova Tattoo', 'St. Gallerstrasse 39, 9200 Gossau, St. Gallen'),
('fa25fd05-00e0-43a7-8316-c4ca8fe7a7b4', 'Kenny', 'Messmer', 'info@superreinigung.ch', '078 883 00 00', 'Superreinigung GmbH', 'Schützenmattstrasse 144, 8180 Bülach, Zürich'),
('183a9f6c-ab77-40ac-945d-2e0a6043ac60', 'Gottfried', 'Supersaxo', 'info@gottfriedsupersaxo.net', '079 817 58 34', 'Supersaxo Horny Chef', 'Im Brand 21, 3906 Saas-Fee, Wallis/Valais'),
('cc18f4fc-4aa9-4e3b-998c-2cad0ae47324', 'Roland', 'Beeler', 'info@supersilk.ch', '041 729 76 07', 'SUPERSILK AG', 'Lauriedstrasse 7, 6300 Zug, Zug'),
('18550452-732e-422a-8e2b-aa58a474feaf', 'Patrick', 'Wilhelm', 'info@supersolar.ch', '078 268 38 36', 'Supersolar Wilhelm c/o Patrick Wilhelm', 'Underfelsbach 20, 9473 Gams, St. Gallen'),
('18761fa0-b2ec-451f-a214-1724d8eb4344', 'Ismet', 'Istogu', 'info@supervif.ch', '076 329 27 76', 'SuperVif Facility Services GmbH', 'Rietgrabenstrasse 68, 8152 Glattbrugg, Zürich'),
('5191b1e8-f48f-4b1a-8bb5-15968d82a7ab', 'Nergim', 'Mala', 'info@supervisair.com', 'N.a.', 'Supervisair AG', 'Hertistrasse 29, 8304 Wallisellen, Zürich'),
('c88712f1-4a41-4ca1-8c3f-c701ac5ab6b6', 'Gabriela', 'Rauber', 'info@suppelade.ch', '078 617 18 09', 'Suppelade GmbH', 'Lagerstrasse 119, 8004 Zürich, Zürich'),
('d496d983-a94a-418d-a24c-af0d4381b07e', 'Gregor', 'Supper', 'info@nosmoky.ch', '032 621 69 10', 'Supper GmbH', 'St. Klemenzstrasse 10a, 2544 Bettlach, Solothurn'),
('b3452dd0-5516-4872-9b7b-7aaf3aa48794', 'Raphael', 'Suppiger', 'sr.landschaftsgaertner@bluewin.ch', '078 881 26 32', 'Suppiger Raphael Landschaftsgärtner', 'Terracestrasse 20, 6391 Engelberg, Obwalden'),
('6fe03e30-a05f-43ac-919c-8775dd1b4ad6', 'Jürg', 'Kisseleff', 'info@sc-consulting.ch', '079 363 47 41', 'Supply Chain Consulting GmbH', 'Weinhaldenstrasse 1d, 8712 Stäfa, Zürich'),
('1e468bca-349f-42e5-a5fc-ae5baedd5c18', 'Gunther', 'Krell', 'info@supply-chain-innovations.com', '044 504 06 00', 'supply chain innovations gmbh', 'Pfäffikonerstrasse 16, 8834 Schindellegi, Schwyz'),
('e75d6c86-3c76-415e-b958-1ebf53d9e5ba', 'Marco', 'Marrongelli', 'marco.marrongelli@supplychange.ch', '079 248 48 81', 'supplyChange GmbH', 'Industriestrasse 14, 4538 Oberbipp, Bern'),
('ec3fb736-5c55-4827-9b23-b1de9243c47f', 'Wolfgang', 'Mattar', 'shop@svo.swiss', '052 511 18 00', 'support vor ort gmbh', 'Im Ifang 12, 8307 Effretikon, Zürich'),
('0cfceeca-33b1-43b0-8bf0-fe61f961689e', 'Beatrix', 'Brandes', 'info@support-4-it.ch', '041 740 44 37', 'Support-4-IT AG', 'Gewerbestrasse 5, 6330 Cham, Zug'),
('01547593-58d2-4103-bc14-10e8cf03ea4a', 'Marco', 'Stühlinger', 'info@supportas.ch', '077 456 05 81', 'supportas gmbh', 'Ursprungstrasse 1a, 8044 Zürich, Zürich'),
('cbdbd795-5c7b-4526-936d-ea753b10a496', 'Daniel', 'Elsener', 'cs@multimediastore.ch', '0848 848 822', 'SUPPORTWORLD.ch', 'Letzistrasse 2, 6300 Zug, Zug'),
('0b50bafc-9fbb-4f96-b95d-645c86edb460', 'Yves', 'Helbling', 'kundendienst@supracolor.ch', '044 802 90 27', 'Supracolor Versand-Service AG', 'Alte Landstrasse 55, 8802 Kilchberg, Zürich'),
('6e1de8b8-0e64-4e60-b13a-0cde3464e641', 'Ruth', 'Glatthard', 'info@supralux.ch', '031 921 21 86', 'Supralux GmbH', 'Im Gässlisacher 3, 3065 Bolligen, Bern'),
('232099ce-cd4f-4ede-bcb8-66ae61281f26', 'Cornelia Barbara', 'Füglister', 'info@suprapack.ch', '056 245 69 40', 'Suprapack AG', 'Hauptstrasse 70, 5314 Kleindöttingen, Aargau'),
('aca975d7-3408-4666-8543-0ec9858327d7', 'Sasa', 'Janjic', 'sasa.janjic@suprematec.ch', '079 204 72 64', 'Suprematec Janjic', 'Bergstrasse 31c, 8890 Flums, St. Gallen'),
('79593559-246c-4dd6-bf65-fa418111d661', 'Willi', 'Suter', 'info@supronto.ch', '041 980 17 45', 'Supronto Back AG', 'Gehren 10, 6243 Egolzwil, Luzern'),
('435b58c0-e85b-4ec5-8e91-9d4ffb024e01', 'Maya', 'Utzinger Surber', 'info@surb.ch', '044 885 76 76', 'Surb Treuhand GmbH', 'Wehntalerstrasse 9, 8165 Oberweningen, Zürich'),
('0fed228f-260b-4643-97a6-26736ed4ed8b', 'Patrick', 'Bongard', 'info@surbtalgarage.ch', '056 241 24 33', 'Surbtal Garage Ehrismann AG', 'Surbtalstrasse 12, 5426 Lengnau, Aargau'),
('17c9f0f7-2a67-4eb8-a0b4-c952b7c34d7c', 'Brigitte', 'Meng', 'info@surbtal-apotheke.ch', '056 242 10 00', 'Surbtal-Apotheke Blumenthal AG', 'Marktgasse 20, 5304 Endingen, Aargau'),
('bb988f6a-fe4f-4d79-a9fe-82990274569f', 'Surendran', 'Sathasivam', 'restaurant@surens.ch', '052 533 94 02', 'Surens GmbH', 'Posthof 5, 8200 Schaffhausen, Schaffhausen'),
('1927f5ff-f88f-4809-b959-842ea149c321', 'Fritz', 'Surer', 'fritz.surer@surer.ch', '061 823 24 44', 'Surer AG', 'Wannenweg 26, 4133 Pratteln, Basel-Land'),
('2be0f78a-8e17-4dad-8dfc-36eaee607848', 'Timo', 'Haevel', 'timo.haevel@surer.ch', '061 823 24 45', 'Surer Kipper Transport AG', 'Wannenweg 26, 4133 Pratteln, Basel-Land'),
('6b137bb1-b152-485b-8291-03de3cdde3f6', 'Sellathurai', 'Sureskumaran', 'info@suresh.ch', '031 311 53 67', 'Suresh Restaurant & Bar', 'Gerberngasse 34, 3011 Bern, Bern'),
('95567c42-d254-4288-9aa1-30a2b215457c', 'Roman', 'Hartmann', 'shop@surfari.ch', '044 520 16 64', 'Surfari GmbH', 'Badenerstrasse 18, 8004 Zürich, Zürich'),
('87aef64e-1679-4bc2-b804-83f3813cfbe5', 'Walter', 'Hollenstein', 'info@surgicaldevice.ch', '041 784 38 00', 'Surgical Device GmbH', 'Alte Steinhauserstrasse 19, 6330 Cham, Zug'),
('f62d8c5a-c6dc-4e64-9c25-6288a7cee7da', 'Jean-Marc', 'Sautebin', 'info@surgtech.ch', '041 767 08 83', 'SurgTech AG', 'Zugerstrasse 74, 6340 Baar, Zug'),
('79a3a87c-a5c8-45d4-ae90-e89661a62174', 'Vanesa', 'Rocha Martín', 'info@suribiotech.com', 'N.a.', 'SURI BioTech', 'Wagistrasse 18, 8952 Schlieren, Zürich'),
('6cdddd24-8ffa-4e1d-8812-883924234e4b', 'Andrea', 'Suriano', 'surianogmbh@suriano.ch', '079 406 64 57', 'Suriano Vito Andrea GmbH', 'Tuttwilerstrasse 1b, 9542 Münchwilen, Thurgau'),
('af52e7a4-645b-41d7-a317-1a60cfe24d32', 'Nicolas', 'von Büren', 'info@surmetal.ch', '076 416 81 14', 'Surmetal AG', 'Industrieweg 4, 4653 Obergösgen, Solothurn'),
('7f032383-38ab-4859-a7e4-c48d3584ad78', 'Nicole', 'Amacher', 'nicole.amacher@surprise.ngo', '061 564 90 62', 'Surprise', 'Münzgasse 16, 4051 Basel, Basel-Stadt'),
('0cca4b29-144f-4c29-a1fc-60fd91595519', 'Daniel', 'Siddiqui', 'daniel.siddiqui@kultour.ch', '071 414 50 80', 'Surprise Kultour AG', 'Rudolfstrasse 37, 8400 Winterthur, Zürich'),
('528e2974-3587-4bbd-a2f3-a91bf29626e5', 'Alain Daniel', 'Stoll', 'info@beautypalast.ch', '031 544 39 90', 'surpriseBOX GmbH', 'Seegasse 12, 3116 Kirchdorf, Bern'),
('2ada1644-d199-4593-87a5-8192e77f3d6d', 'Christine', 'Angeli', 'info@suerprisen.ch', '031 931 25 52', 'Sürprisen GmbH', 'Papiermühlestrasse 40h, 3014 Bern, Bern'),
('5205bcc9-60be-4380-bd6f-311bb7a1d4cd', 'Daniel', 'Jirku', 'info@surprizzy.com', 'N.a.', 'Surprizzy - SASystems Jirku', 'Alte Mülibachstrasse 2, 8805 Richterswil, Zürich'),
('8e70c4d8-8916-4036-96ce-0a6cb26aa39c', 'Guido', 'Eberhard', 'guido.eberhard@surseerwoche.ch', '041 925 72 52', 'Surseer Woche AG', 'Unterstadt 22, 6210 Sursee, Luzern'),
('08c8c3b0-8c3a-49a2-b2d3-cd3e814f4574', 'Kevin', 'Brunold', 'kevin.brunold@surselva.info', '081 920 11 00', 'Surselva Tourismus AG', 'Glennerstrasse 22a, 7130 Ilanz, Graubünden'),
('0fdf9d86-e250-4c16-bb16-bfd23462ece1', 'Roland', 'Iseli', 'r.iseli@survista.ch', '044 405 28 01', 'Survista Financial Advisors AG', 'Stockerstrasse 12, 8002 Zürich, Zürich'),
('00100f97-4636-43bb-8656-04c359f5eada', 'Julian Manuel', 'Kocnar', 'info@survivo.ch', 'N.a.', 'survivo.ch - JASAGO GmbH', 'Stadtbrücke 3, 9620 Lichtensteig, St. Gallen'),
('6619c4af-a134-4fec-857e-327bec5f2bcd', 'Alain Daniel', 'Stoll', 'sury@sury.ch', '031 911 19 22', 'SURY AG', 'Industriestrasse 65, 3052 Zollikofen, Bern'),
('14c6c4d3-f4b2-47f3-9667-0dca12deaec7', 'Karin', 'Bobay', 'mail@suryamassage.com', '044 552 02 03', 'SURYA', 'Lintheschergasse 21, 8001 Zürich, Zürich'),
('34699652-54d3-472e-b3f9-7ea365ae4297', 'Tanja', 'Rövekamp', 'tanja.roevekamp@bluewin.ch', '079 279 73 71', 'Surya Ananda - Yoga und Ayurveda', 'Zelgli 3, 5452 Oberrohrdorf, Aargau'),
('bd9a2d4f-7ce6-4c74-afb3-02df6abed32d', 'Michael', 'Schindler', 'susag@susag.ch', '041 455 00 11', 'Susag Unterlagsboden GmbH', 'Zentralstrasse 9, 6036 Dierikon, Luzern'),
('ad2b79cc-2db3-400e-b740-78a2e5b54cad', 'Susan', 'Akkaya', 'suzan2811@bluewin.ch', '079 290 25 84', 'Susan Akkaya', 'Neue Wangserstrasse 15, 7320 Sargans, St. Gallen'),
('648be203-93bb-4724-b137-8eac1706b524', 'Susana', 'Zorrilla', 'egg-zorrilla@hispeed.ch', '079 209 65 55', 'Susana''s Bio Kosmetikstudio', 'Zweierstrasse 166, 8003 Zürich, Zürich'),
('18f2363d-9f65-4204-aa01-8c38d2057132', 'Susanne', 'Spinnler', 'susanne.spinner@bluewin.ch', '078 775 84 57', 'Susann‘s Beizli', 'Hueb, 8425 Oberembrach, Zürich'),
('3157b902-7b2f-4b34-81ce-b8921b826caf', 'Susanna', 'Cormier', 'susanna.cormier@gmail.com', '031 352 65 88', 'Susanna Cormier Farbgestaltung in der Architektur', 'Hallwylstrasse 46, 3005 Bern, Bern'),
('ef023434-2dc9-47ce-a9b1-c67bbb397fee', 'Susanna', 'Dolci', 'susanna.dolci@gmx.ch', '076 507 77 63', 'Susanna Dolci Psychiatrische Spitex', 'Auf der Grueb 46, 8706 Meilen, Zürich'),
('412948b2-3264-4036-ac17-a40c3eb96346', 'Susanna', 'Haldemann', 'info@haldemann-arch.ch', '079 195 92 53', 'Susanna Haldemann Architektin GmbH', 'Florenz-Strasse 1e, 4142 Münchenstein, Basel-Land'),
('a67cef6a-0cab-483f-910b-5fbf782cbb54', 'Susanna', 'Koopmann', 'koopmann@studio-8.ch', '078 623 06 43', 'Susanna Koopmann Studio 8', 'Teufener Strasse 3, 9000 St. Gallen, St. Gallen'),
('449c1889-d02c-4fab-973f-c09926759edc', 'Grit', 'Kirchhöfer', 'g.kirchhoefer@kindergarden.ch', '061 361 41 06', 'Susanna''s International Kindergarden', 'Erlenmattstrasse 16, 4058 Basel, Basel-Stadt'),
('2900ceca-641c-41c1-9d68-2123023867c4', 'Susanne', 'Alge', 'susanne@yoga-alge.ch', 'N.a.', 'Susanne Alge', 'Engelgasse 92, 4052 Basel, Basel-Stadt'),
('620669e7-154a-4fe9-bfad-09b6875ce8e8', 'Susanne', 'Furrer', 'welcome@susannefurrer.ch', '044 252 74 40', 'Susanne Furrer Immobilien Management', 'Wehrenbachhalde 59, 8053 Zürich, Zürich'),
('2f8cc84f-9453-475e-a36d-2ed9a659d949', 'Susanne', 'Grenacher', 'susanne_grenacher@bluemail.ch', '041 675 27 06', 'Susanne Grenacher', 'Weidweg 2, 6074 Giswil, Obwalden'),
('a4e60b6a-0ee7-4601-a220-97a961402a5b', 'Susanne', 'Boss-Grunder', 'susanne.grunder@gmx.ch', '076 412 43 12', 'Susanne Grunder', 'Maschwanderstrasse 13, 8912 Obfelden, Zürich'),
('416d2e0d-a308-474b-80be-86b277404b73', 'Susanne', 'Grünert', 'susanne.gruenert@gmail.com', '079 408 05 88', 'Susanne Grünert SG-Keramik', 'Niederwil 6, 6330 Cham, Zug'),
('5907dda5-7658-415e-9d88-cc43e754764a', 'Susanne', 'Hess-Stampfli', 'susihess.arch@bluewin.ch', '062 298 31 86', 'Susanne Hess-Stampfli Architekturbüro', 'Juraweg 15, 4654 Lostorf, Solothurn'),
('0baed3a4-2960-4105-9008-e76a62889fec', 'Susanne', 'Jeker', 'sujeker@bluewin.ch', '032 623 58 66', 'Susanne Jecker', 'Bielstrasse 10, 4500 Solothurn, Solothurn'),
('6a4559ac-d046-4e0b-8f37-d0305365324a', 'Susanne', 'Kägi', 'susanne.kaegi@splash.ch', '079 236 68 73', 'Susanne Kägi - splash GmbH', 'Kirchenweg 9, 7473 Alvaneu, Graubünden'),
('06c72462-0add-4202-8ee7-a5c9a2c6387f', 'Susanne', 'Khan', 'info@sk-atelier.ch', '079 399 00 33', 'Susanne Khan Schönheits-Atelier GmbH', 'Maihofstrasse 52, 6004 Luzern, Luzern'),
('6bfef376-705d-4863-831c-ad8bc0616cf3', 'Susanne', 'Wagner', 'office@eu-heilerschule.com', '079 276 76 19', 'Susanne Mary Wagner "Europäische Heilerschule"', 'Schäflistrasse 1, 9430 St. Margrethen, St. Gallen'),
('ea7f99c4-c11d-4c1c-842f-25fd835147eb', 'Susanna', 'Moser', 'contact@susannemoser.ch', '079 509 62 71', 'Susanne Moser', 'Löwengraben, 6004 Luzern, Luzern'),
('d2b2bbd5-8ebd-4127-8efb-651b8f2cff0a', 'Susanne', 'Müller', 'susannemue@bluewin.ch', '041 240 01 81', 'Susanne Müller Hairdesign', 'Obergrundstrasse 28, 6003 Luzern, Luzern'),
('c280010e-082c-46a2-9933-46deebfb070d', 'Susanne', 'Mueller', 'office@ceo-positions.net', '043 499 78 23', 'Susanne Müller-Zantop CEO Positions AG', 'Brandisstrasse 32, 8702 Zollikon, Zürich'),
('7e7a3a7b-11e8-4348-8a5c-30f3f60ccc9b', 'Susanne', 'Stahl', 'info@praxisstahl.ch', '041 281 20 52', 'Susanne Stahl', 'Hirschmattstrasse 52, 6003 Luzern, Luzern'),
('76a16c09-acbd-4f70-b1ae-2dc25e1e4458', 'Susanne', 'Sebastian-Villiger', 'susanne.sebastian@bluewin.ch', '062 891 32 40', 'Susanne Villiger Buchhaltung und Steuern', 'Othmarsingerstrasse 31, 5600 Lenzburg, Aargau'),
('6a6cb50f-7826-421f-8533-7ece1dc6027b', 'Susanne', 'Vrba', 'vrba.gtp@bluewin.ch', '071 951 80 00', 'Susanne Vrba Ganzheitliche Tierarztpraxis', 'Neudorfstrasse 2, 9240 Uzwil, St. Gallen'),
('e624e80b-1695-4a37-9cba-1dcdf3680f4c', 'Susanne', 'Walter', 'praxis@susannewalter.ch', '032 621 26 25', 'Susanne Walter', 'Schmiedengasse 13, 4500 Solothurn, Solothurn'),
('dc5e229e-934c-4e82-af21-89ba4288bec7', 'Susanne', 'Lüscher', 'susanne.luescher@hin.ch', '056 442 68 16', 'Susanne Lüscher', 'Haufroosstraße 14, 5452 Oberrohrdorf, Aargau'),
('cedfc46b-0d3e-4ba3-8e5a-730d57c5b1c0', 'Susan', 'Ryter', 'sryter@ymail.com', '043 317 89 17', 'Susan''s Haaregge', 'Eichholzstrasse 2, 8962 Bergdietikon, Aargau'),
('1c678be3-ee46-498b-bba4-90951fbf12c2', 'Peter', 'Susewind', 'info@susewind.ch', '055 212 62 60', 'Susewind', 'Rankstrasse 39, 8645 Jona, St. Gallen'),
('e24289e0-7390-4405-8c59-df134924e2b0', 'Futoshi', 'Yamasaki', 'info@sushibar-yamasaki.ch', '031 311 75 70', 'Sushi Bar Yamasaki', 'Kramgasse 75, 3011 Bern, Bern'),
('e8835e04-4565-413c-a3f5-408f8d5ac8b7', 'Marijana', 'Turbic', 'luzern@kaiten.ch', '041 711 22 11', 'Sushi-Bar Kaiten', 'Kauffmannweg 16, 6003 Luzern, Luzern'),
('012d415d-fa33-4760-b8a4-b3a89dc18119', 'Susanna', 'Greenidge', 'susi.greenidge@bluewin.ch', '079 526 62 42', 'Susi Greenidge Fusspflege Seuzach', 'Ohringerstrasse 122, 8472 Seuzach, Zürich'),
('d87edc1c-93d1-4b25-8047-91576405a012', 'Marco', 'Van Daele', 'info@susi-partners.ch', '058 255 75 75', 'SUSI Partners AG', 'Gotthardstrasse 28, 6300 Zug, Zug'),
('6972ed59-8368-4e89-bfab-226d3ca51338', 'Manfred', 'Konrad', 'info@susinet.ch', '071 855 08 30', 'Susinet Microsystems AG', 'Neuseeland, 9404 Rorschacherberg, St. Gallen'),
('62743a68-c784-492a-b7c8-d94e0a236513', 'Susi', 'Telli', 'susisheadline@bluewin.ch', '044 840 06 03', 'Susisheadline', 'Watterstrasse 12, 8105 Regensdorf, Zürich'),
('f9d4adb4-b820-460b-8adb-c303a70c693b', 'Samuele', 'Tosatti', 'info@susos.com', '044 801 80 50', 'SuSoS AG', 'Lagerstrasse 14, 8600 Dübendorf, Zürich'),
('3fa24f0d-6bc8-43e0-8073-f46cb591af36', 'Maria', 'Nowak', 'maria-suessundvegan@gmx.ch', '079 903 89 82', 'Süss und Vegan', 'Konradstrasse 10, 8400 Winterthur, Zürich'),
('20f9eeac-fcc4-45d9-9901-af3e3840949f', 'Susanne', 'Vogel', 'physiotherapie@suessbach.ch', '056 462 64 30', 'Süssbach Therapien AG', 'Fröhlichstrasse 7, 5200 Brugg, Aargau'),
('7f2ece9d-c29c-4107-84cb-9e84423e1c99', 'Anja', 'Tschanz', 'info@suessesglueck.ch', '076 501 47 97', 'Süsses Glück by Anja Tschanz', 'Stockentalstrasse 11, 3632 Oberstocken, Bern'),
('a5360a8c-61ee-4f49-9913-de28f962372b', 'Sara', 'Süsskind', 'sara.suesskind@suesskind.ch', '081 250 10 50', 'Süsskind Graphic Design und Kommunikation AG', 'Comercialstrasse 19, 7000 Chur, Graubünden'),
('dfaf026a-3aa8-4b01-b44b-ee24634e8c5a', 'Leo', 'Püntener', 'info@sust.ch', '041 887 05 02', 'Sust Lodge', 'Gotthardstrasse 46, 6493 Hospental, Uri'),
('c6014b42-adea-46f0-a242-b50faeb2d596', 'Franziska', 'Pfenninger', 'info@susthorgen.ch', '044 725 15 58', 'Sust Museum Horgen', 'Bahnhofstrasse 27, 8810 Horgen, Zürich'),
('986f255f-66fc-4c27-8ae8-91ace1a441f1', 'Klaus', 'Kämpf', 'kontakt@sustainable-real-estate.ch', '044 214 64 04', 'Sustainable Real Estate AG', 'Stockerstrasse 60, 8002 Zürich, Zürich'),
('d0302a63-4909-4a1a-aa1d-acadc7b2c94a', 'Christian', 'Spindler', 'info@sustainaccount.com', '079 875 92 43', 'Sustainaccount AG', 'Tramstrasse 8, 8707 Uetikon am See, Zürich'),
('0d720769-1cc7-4042-b20d-fb6c7c55083e', 'Bernd', 'Kasemir', 'bernd.kasemir@sustainserv.com', '043 500 53 02', 'Sustainserv GmbH', 'Auf der Mauer 2, 8001 Zürich, Zürich'),
('5c6405b2-a29b-4762-94e6-8956185280f7', 'Enrique', 'Adelantado', 'adelantado@sustech.ch', '044 940 74 15', 'Sustech AG', 'Brunnenstrasse 1, 8610 Uster, Zürich'),
('866749e0-1138-48c8-accd-8b28ec13f048', 'Manuela', 'Imahorn', 'info@susten-apotheke.ch', '027 473 33 30', 'Susten Apotheke AG', 'Sustenstrasse 18, 3952 Susten, Wallis/Valais'),
('3cff3def-1c62-4728-921d-38cd9d52b017', 'Kari', 'Stadler', 'info@sustlihuette.ch', '041 870 95 49', 'Sustlihütte', '6485 Meien, Uri'),
('c8422e68-c015-42e0-b752-1d7360e3444e', 'Alex Werner', 'Lütolf', 'info@sustra.ch', '041 552 19 00', 'Sustra Tiefbau + Strassen AG', 'Allmendstrasse 11, 6210 Sursee, Luzern'),
('24d4c9e1-2c9f-4f76-8f61-8428d188ed74', 'Edina', 'Horváth-Gogolák', 'susynaturkosmetik@gmail.com', '078 799 72 88', 'Susy Naturkosmetik & Beauty Bar', 'Aemtlerstrasse 160, 8003 Zürich, Zürich'),
('f97dfc15-f058-4022-88ed-80b9772815de', 'Susy', 'Utzinger', 'info@susyutzinger.ch', '052 202 69 69', 'Susy Utzinger Stiftung für Tierschutz', 'Weisslingerstrasse 1, 8483 Kollbrunn, Zürich'),
('d5572458-694a-4734-a5eb-3f61b13fd05f', 'Achilles', 'Karrer', 'info@sutap.ch', '056 426 97 61', 'Sutap AG', 'Schwimmbadstrasse 33, 5430 Wettingen, Aargau'),
('f92107bf-4985-4e3f-8623-add62b917b74', 'Rolf', 'Suter', 'rolf.suter@suter-co.ch', '062 797 34 34', 'Suter & Co Haustechnik AG', 'Aecherligasse 14, 4665 Oftringen, Aargau'),
('283b4a42-7361-4893-acd8-979a61d17573', 'Jürg', 'Suter', 'sf.gb.ag@gmail.com', '079 356 54 72', 'Suter & Fröhlicher Gartenbau AG', 'Winkelgasse 2, 4512 Bellach, Solothurn');

INSERT INTO leads (id, contact_id, source, status, value, notes) VALUES
('bfe84bbf-3368-4390-b498-bfca6c80837f', 'dc3394e6-d6d6-421a-9cf7-b4078655328f', 'KALTAKQUISE', 'ACTIVE', 0, 'Funktion: Geschäftsführer/in (CEO) | Mitarbeiter: 1 bis 10 | Branche: Personalvermittler & -berater | Rechtsform: Aktiengesellschaft'),
('48a30664-3831-46ae-a9c3-f833cce7e059', 'cb3f33bc-4d88-4af0-ae39-dbcd8789df07', 'KALTAKQUISE', 'ACTIVE', 0, 'Funktion: Geschäftsführer/in (CEO) | Mitarbeiter: 1 bis 10 | Branche: Treuhandbüros | Rechtsform: Gesellschaft mit beschränkter Haftung'),
('31697ef0-978d-4c2b-96d5-d138d1267170', '0ee26cc4-5b57-481c-b821-32505ac49fe0', 'KALTAKQUISE', 'ACTIVE', 0, 'Funktion: Geschäftsführer/in (CEO) | Mitarbeiter: 1 bis 10 | Branche: Textil- & Möbelindustrie'),
('e65f1668-7668-4fc6-8ae1-7263941d951a', '53d6e59a-f8c1-4575-819c-2d66b3e63dee', 'KALTAKQUISE', 'ACTIVE', 0, 'Funktion: Geschäftsführer/in (CEO) | Mitarbeiter: 1 bis 10 | Branche: Spielwaren- & Babyfachhandel | Rechtsform: Gesellschaft mit beschränkter Haftung'),
('9c36d473-a412-416e-b2ae-afe21f9ba4f7', '27ac8921-0063-47f5-a2a0-d0bb5bd0743d', 'KALTAKQUISE', 'ACTIVE', 0, 'Funktion: Geschäftsführer/in (CEO) | Mitarbeiter: 1 bis 10 | Branche: Energieindustrie / Nachhaltigkeitsbereich / Solar & Photovoltaik | Rechtsform: Aktiengesellschaft'),
('f44cc950-ecaa-45b3-aa36-692ee55abc2f', '0b839f04-d71b-4c18-9444-1d6c30a5f812', 'KALTAKQUISE', 'ACTIVE', 0, 'Funktion: Geschäftsführer/in (CEO) | Mitarbeiter: 1 bis 10 | Branche: Facility Management & Reinigungsfirmen | Rechtsform: Gesellschaft mit beschränkter Haftung'),
('306bda37-c8f3-4f9e-908d-3cf0612568cf', '211b21a7-63a6-4a72-849a-c60b81cd8b6a', 'KALTAKQUISE', 'ACTIVE', 0, 'Funktion: Geschäftsführer/in (CEO) | Mitarbeiter: 1 bis 10 | Branche: Apotheken & Drogerien'),
('62c855e7-4262-4a95-b8b4-6d12e62cb488', 'e0b426f6-5b7a-48c7-8205-b2a834eb6cac', 'KALTAKQUISE', 'ACTIVE', 0, 'Funktion: Geschäftsführer/in (CEO) | Mitarbeiter: 1 bis 10 | Branche: Apotheken & Drogerien'),
('10659298-e3b7-41c0-bba3-9bc0595943c6', '80225197-b0a8-46d6-8fec-f39434270d23', 'KALTAKQUISE', 'ACTIVE', 0, 'Funktion: Geschäftsführer/in (CEO) | Mitarbeiter: 1 bis 10 | Branche: Apotheken & Drogerien'),
('c98de9fd-ca02-44da-a75d-9d39f85c3e3c', '92ce5ee9-72c5-4b26-be65-0195325faef3', 'KALTAKQUISE', 'ACTIVE', 0, 'Funktion: Geschäftsführer/in (CEO) | Mitarbeiter: 1 bis 10 | Branche: Apotheken & Drogerien'),
('b74af6c5-8d63-4fbb-ad1c-1d473a013409', 'edc50eb5-57d3-4249-b0ea-b08adcc8b3c3', 'KALTAKQUISE', 'ACTIVE', 0, 'Funktion: Geschäftsführer/in (CEO) | Mitarbeiter: 1 bis 10 | Branche: Energieindustrie | Rechtsform: Aktiengesellschaft'),
('b8f2b19e-570f-40a2-a06a-5eebab73a9ec', 'c9c58bd0-a14c-4143-bf29-cb6681ceb2f8', 'KALTAKQUISE', 'ACTIVE', 0, 'Funktion: Geschäftsführer/in (CEO) | Mitarbeiter: 1 bis 10 | Branche: Facility Management & Reinigungsfirmen | Rechtsform: Gesellschaft mit beschränkter Haftung'),
('0e23bb62-ee24-422d-86f2-fcef93da1012', '0a2d3abb-0f99-4a38-a568-52c731b0f79c', 'KALTAKQUISE', 'ACTIVE', 0, 'Funktion: Geschäftsführer/in (CEO) | Mitarbeiter: 11 bis 20 | Branche: Elektroindustrie / Energieindustrie | Rechtsform: Aktiengesellschaft'),
('a80e5805-5d66-4d23-9c24-807edb17065e', '1add6e59-1f61-410a-a5e0-c5dab13e81cc', 'KALTAKQUISE', 'ACTIVE', 0, 'Funktion: Geschäftsführer/in (CEO) | Mitarbeiter: 1 bis 10 | Branche: Energieindustrie | Rechtsform: Gesellschaft mit beschränkter Haftung'),
('a0e8bced-b2ae-4a03-8d5d-3ab3985452bb', 'd88de68f-9616-4306-af86-56656c3bffa1', 'KALTAKQUISE', 'ACTIVE', 0, 'Funktion: Geschäftsführer/in (CEO) | Mitarbeiter: 1 bis 10 | Branche: General- & Totalunternehmungen | Rechtsform: Aktiengesellschaft'),
('4b757149-05d5-4462-91bc-13c759bc177e', 'e79611fc-037a-42a6-ad68-feffeab14cfd', 'KALTAKQUISE', 'ACTIVE', 0, 'Funktion: Geschäftsführer/in (CEO) | Mitarbeiter: 1 bis 10 | Branche: Getränkeindustrie | Rechtsform: Aktiengesellschaft'),
('9836753e-be80-4694-addc-b3ddd4290f69', '1d0abb49-e7d3-4273-810c-957ac5ed37c3', 'KALTAKQUISE', 'ACTIVE', 0, 'Funktion: Geschäftsführer/in (CEO) | Mitarbeiter: 1 bis 10 | Branche: Facility Management & Reinigungsfirmen | Rechtsform: Aktiengesellschaft'),
('bebe6fb0-e82d-4d38-8030-8c7d9c5a0bbe', '172c4d02-85da-4f2b-85af-aad8df3b8d66', 'KALTAKQUISE', 'ACTIVE', 0, 'Funktion: Geschäftsführer/in (CEO) | Mitarbeiter: 1 bis 10 | Branche: Energieindustrie / Nachhaltigkeitsbereich / Solar & Photovoltaik | Rechtsform: Gesellschaft mit beschränkter Haftung'),
('5b38c6c9-2d38-4cf0-8dff-5f1c7544a06e', 'b74766ca-7aa7-4f7d-a753-f0c5cbf65cf5', 'KALTAKQUISE', 'ACTIVE', 0, 'Funktion: Geschäftsführer/in (CEO) | Mitarbeiter: 1 bis 10 | Branche: Energieindustrie / Nachhaltigkeitsbereich / Solar & Photovoltaik | Rechtsform: Gesellschaft mit beschränkter Haftung'),
('3b5d38b3-e4ff-4022-a209-6a54b649ae7a', '4c988ccc-0952-4f4e-ae02-96c2f43c5dac', 'KALTAKQUISE', 'ACTIVE', 0, 'Funktion: Geschäftsführer/in (CEO) | Mitarbeiter: 1 bis 10 | Branche: Energieindustrie / Nachhaltigkeitsbereich | Rechtsform: Gesellschaft mit beschränkter Haftung'),
('5ab0821f-4eca-464c-8981-f13e3c534b9b', '578658d5-58e9-4377-a89c-d80385a737fd', 'KALTAKQUISE', 'ACTIVE', 0, 'Funktion: Geschäftsführer/in (CEO) | Mitarbeiter: 1 bis 10 | Branche: Atem- Meditation- & Yogacenter'),
('c5323631-516a-4ee5-943b-65c1d0b79efa', '4954a676-9be0-49a0-aa37-18d43ff5e858', 'KALTAKQUISE', 'ACTIVE', 0, 'Funktion: Geschäftsführer/in (CEO) | Mitarbeiter: 1 bis 10 | Branche: Bio-Betriebe / Lebensmittelverarbeitung / Detailhandel - Food & Getränke | Rechtsform: Aktiengesellschaft'),
('5b511034-0e33-4b42-b9d7-4d4c68ca1927', 'c081a9e4-7ded-4a63-81ee-21a048ba6439', 'KALTAKQUISE', 'ACTIVE', 0, 'Funktion: Geschäftsführer/in (CEO) | Mitarbeiter: 1 bis 10 | Branche: Atem- Meditation- & Yogacenter'),
('3a6b32ed-f1ec-4a15-891d-f7c03d6649b4', 'd3717ee9-ff70-4fa5-ad17-45635677fab6', 'KALTAKQUISE', 'ACTIVE', 0, 'Funktion: Geschäftsführer/in (CEO) | Mitarbeiter: 1 bis 10 | Branche: Getränkeindustrie | Rechtsform: Aktiengesellschaft'),
('79160204-bcc3-46c2-bb00-e5992a2a5507', '0211fc8c-5a77-41ee-a1fe-be48a14619d8', 'KALTAKQUISE', 'ACTIVE', 0, 'Funktion: Geschäftsführer/in (CEO) | Mitarbeiter: 1 bis 10 | Branche: Energieindustrie / Nachhaltigkeitsbereich / Solar & Photovoltaik | Rechtsform: Gesellschaft mit beschränkter Haftung'),
('a4ae7a11-7390-42ec-bbc0-c87df92e9c32', '071867a1-5f45-40a1-8db2-68ef01f59e27', 'KALTAKQUISE', 'ACTIVE', 0, 'Funktion: Geschäftsführer/in (CEO) | Mitarbeiter: 1 bis 10 | Branche: IT Unternehmen | Rechtsform: Gesellschaft mit beschränkter Haftung'),
('3fbf9abc-90a5-4a0d-b21a-d35e96416a83', 'ea439606-fbe9-4174-9853-66f66a1632c0', 'KALTAKQUISE', 'ACTIVE', 0, 'Funktion: Geschäftsführer/in (CEO) | Mitarbeiter: 1 bis 10 | Branche: Energieindustrie / Nachhaltigkeitsbereich | Rechtsform: Aktiengesellschaft'),
('df18071e-e4d5-44ca-accd-64eaaf3f33b6', '5c49d212-8b04-4c6b-95a4-0b11e55b8a85', 'KALTAKQUISE', 'ACTIVE', 0, 'Funktion: Geschäftsführer/in (CEO) | Mitarbeiter: 1 bis 10 | Branche: Werbeagenturen | Rechtsform: Einzelunternehmen'),
('c995b98b-1078-46e5-b341-7dfab02301e9', 'b7037d4e-411e-428e-954f-41e5054d1e82', 'KALTAKQUISE', 'ACTIVE', 0, 'Funktion: Geschäftsführer/in (CEO) | Mitarbeiter: 11 bis 20 | Branche: Online Shops | Rechtsform: Einzelunternehmen'),
('416798cb-5550-4330-82e2-3059202f1bec', 'c057b291-bdca-4abc-9a90-5d0b87f93991', 'KALTAKQUISE', 'ACTIVE', 0, 'Funktion: Geschäftsführer/in (CEO) | Mitarbeiter: 1 bis 10 | Branche: Nachhaltigkeitsbereich / Solar & Photovoltaik | Rechtsform: Gesellschaft mit beschränkter Haftung'),
('3730f2bf-9806-4965-9ca8-766995434bb4', '4abbdf3e-e0ae-4e38-a1ef-965b9f3b6eae', 'KALTAKQUISE', 'ACTIVE', 0, 'Funktion: Geschäftsführer/in (CEO) | Mitarbeiter: 1 bis 10 | Branche: Coiffeursalons'),
('f6f8e613-1399-4a9b-915d-a0c96aa9ae71', '366715b8-3e2f-401d-8461-e53040d9f2b9', 'KALTAKQUISE', 'ACTIVE', 0, 'Funktion: Geschäftsführer/in (CEO) | Mitarbeiter: 1 bis 10 | Branche: Werbeagenturen | Rechtsform: Gesellschaft mit beschränkter Haftung'),
('e7505a73-5f7e-48ed-b18e-90b0bb98fb75', '8309fa14-d7ee-4c48-ac76-7abca3c90113', 'KALTAKQUISE', 'ACTIVE', 0, 'Funktion: Geschäftsführer/in (CEO) | Mitarbeiter: 1 bis 10 | Branche: Nachhaltigkeitsbereich / Solar & Photovoltaik | Rechtsform: Aktiengesellschaft'),
('1a6d0ff0-415c-49e5-b000-77ad78f208c7', '9aa235ea-a323-41d7-9375-118e554a00b8', 'KALTAKQUISE', 'ACTIVE', 0, 'Funktion: Geschäftsführer/in (CEO) | Mitarbeiter: 1 bis 10 | Branche: Lebensmittelverarbeitung | Rechtsform: Aktiengesellschaft'),
('92541bb2-d7b2-435e-8a59-d2e44768adee', '3ff27db3-c872-4679-8abe-e754ed61e6a6', 'KALTAKQUISE', 'ACTIVE', 0, 'Funktion: Geschäftsführer/in (CEO) | Mitarbeiter: 1 bis 10 | Branche: Clubs, Bars & Eventlocations'),
('e80e2966-3930-414a-9d98-8baf44d524b5', '8c3b4c85-4a41-42bf-ba44-552f3bd248cd', 'KALTAKQUISE', 'ACTIVE', 0, 'Funktion: Geschäftsführer/in (CEO) | Mitarbeiter: 1 bis 10 | Branche: Architekturbüros'),
('49869207-af4e-4f3d-983f-0868a68e9cea', '62718b48-3123-411d-abb0-3e218b88578e', 'KALTAKQUISE', 'ACTIVE', 0, 'Funktion: Gesamtleitung/Direktion | Mitarbeiter: 1 bis 10 | Branche: Kindergärten & -krippen'),
('3fa4ed86-2eeb-47e5-b0c7-9c5cee7bcf95', '664ca6c1-0711-4d17-94ac-58b00c84ec5c', 'KALTAKQUISE', 'ACTIVE', 0, 'Funktion: Geschäftsführer/in (CEO) | Mitarbeiter: 1 bis 10 | Branche: Hofläden & Bauernhöfe'),
('6a5bb0b7-84bc-4aae-b5eb-d81a39918111', 'b25a8da1-ad68-42ad-b4b9-ffadf42fb86e', 'KALTAKQUISE', 'ACTIVE', 0, 'Funktion: Geschäftsführer/in (CEO) | Mitarbeiter: 11 bis 20 | Branche: Arztpraxen | Rechtsform: Gesellschaft mit beschränkter Haftung'),
('19e2389c-c7f2-4c89-8668-762b300d81e5', 'b08562f1-7948-4c9b-9da9-cafbf2e12ebe', 'KALTAKQUISE', 'ACTIVE', 0, 'Funktion: Gesamtleitung/Direktion | Mitarbeiter: 1 bis 10 | Branche: Kindergärten & -krippen'),
('b515c7b6-cf8a-4fef-aee2-afe50e8aac36', '79cc7bfa-8f9b-4695-873e-5b9fe7f4d122', 'KALTAKQUISE', 'ACTIVE', 0, 'Funktion: Geschäftsführer/in (CEO) | Mitarbeiter: 1 bis 10 | Branche: Nachhaltigkeitsbereich / Solar & Photovoltaik | Rechtsform: Aktiengesellschaft'),
('1f2edb67-e8be-4054-8d3b-4c992083ff91', '2e21aaef-750a-4ad5-846a-169da66530fb', 'KALTAKQUISE', 'ACTIVE', 0, 'Funktion: Geschäftsführer/in (CEO) | Mitarbeiter: 11 bis 20 | Branche: Gartenbau & -pflege'),
('1d6d5d25-b3a1-485d-bb74-9969b23bf874', 'e61b63dd-b85a-4dbe-9a9c-5df71a85f7b3', 'KALTAKQUISE', 'ACTIVE', 0, 'Funktion: Geschäftsführer/in (CEO) | Mitarbeiter: 1 bis 10 | Branche: Hofläden & Bauernhöfe'),
('e732a2ea-523d-41d0-b12e-f3bc5c78b35c', 'cf9cbcef-93d2-46a2-a2bc-f6520dc5971d', 'KALTAKQUISE', 'ACTIVE', 0, 'Funktion: Geschäftsführer/in (CEO) | Mitarbeiter: 1 bis 10 | Branche: Hofläden & Bauernhöfe'),
('3f3f6512-982c-472a-b789-297910886808', '5817410a-db51-4feb-9a43-1a96b8e0cb5c', 'KALTAKQUISE', 'ACTIVE', 0, 'Funktion: Geschäftsführer/in (CEO) | Mitarbeiter: 1 bis 10 | Branche: Versicherungsbroker & -makler | Rechtsform: Gesellschaft mit beschränkter Haftung'),
('e984b41d-d103-4afc-9c9e-6e86042ba0d0', 'db74fa60-ec4a-4ac9-bbbb-e3554e9beaca', 'KALTAKQUISE', 'ACTIVE', 0, 'Funktion: Geschäftsführer/in (CEO) | Mitarbeiter: 1 bis 10 | Branche: Energieindustrie | Rechtsform: Gesellschaft mit beschränkter Haftung'),
('960af692-9bb3-48a7-b251-ba023ff52d41', '8ba1f60b-e3f2-4b8f-a73e-e4e802f0ef66', 'KALTAKQUISE', 'ACTIVE', 0, 'Funktion: Geschäftsführer/in (CEO) | Mitarbeiter: 11 bis 20 | Branche: Atem- Meditation- & Yogacenter'),
('4757fc4c-cf35-4782-b732-c10785dcb447', '1706e23f-142d-4470-9807-fdeb972416f8', 'KALTAKQUISE', 'ACTIVE', 0, 'Funktion: Geschäftsführer/in (CEO) | Mitarbeiter: 1 bis 10 | Branche: Restaurants'),
('3985890b-5b5b-4b54-b249-7731509e22d0', '62f791d7-b816-45a1-86db-2173b57e0696', 'KALTAKQUISE', 'ACTIVE', 0, 'Funktion: Geschäftsführer/in (CEO) | Mitarbeiter: 21 bis 50 | Branche: Maschinenbauindustrie | Rechtsform: Aktiengesellschaft'),
('ed2fc9cd-353e-4057-be8f-814b40fe2b7e', 'c5ecfd2e-8e8b-4bac-91a7-0104af768c76', 'KALTAKQUISE', 'ACTIVE', 0, 'Funktion: Geschäftsführer/in (CEO) | Mitarbeiter: 1 bis 10 | Branche: Immobilienverwaltung / Immobilienvermittlung | Rechtsform: Aktiengesellschaft'),
('b3b76d1c-f1d9-47b9-b163-b2d4d159b244', '438a5687-17d9-4439-9c42-7a96583c3ee6', 'KALTAKQUISE', 'ACTIVE', 0, 'Funktion: Geschäftsführer/in (CEO) | Mitarbeiter: 1 bis 10 | Branche: Lebensmittelverarbeitung'),
('25a91d62-78b8-46f9-aadf-12db4d5f4107', 'e37c4d6c-5494-477f-bb46-e774f5f772ca', 'KALTAKQUISE', 'ACTIVE', 0, 'Funktion: Geschäftsführer/in (CEO) | Mitarbeiter: 1 bis 10 | Branche: Restaurants | Rechtsform: Gesellschaft mit beschränkter Haftung'),
('01cb1004-b4f0-4b1a-86ee-0e31482b04b5', '5251a0cb-95c0-42f3-9e91-a3695f4df27d', 'KALTAKQUISE', 'ACTIVE', 0, 'Funktion: Geschäftsführer/in (CEO) | Mitarbeiter: 21 bis 50 | Branche: Spitex'),
('147898cb-211e-46e0-b4c9-1e9b546de01d', 'f7174500-f87f-43d0-8b7a-16ce5b3b6a46', 'KALTAKQUISE', 'ACTIVE', 0, 'Funktion: Geschäftsführer/in (CEO) | Mitarbeiter: 1 bis 10 | Branche: Atem- Meditation- & Yogacenter'),
('07fe6466-a7fb-4e6e-bddd-91e90778db9c', '3800d914-8375-4e8d-ac8a-0dd5c4ca46c9', 'KALTAKQUISE', 'ACTIVE', 0, 'Funktion: Geschäftsführer/in (CEO) | Mitarbeiter: 1 bis 10 | Branche: Lebensmittelverarbeitung | Rechtsform: Aktiengesellschaft'),
('093d0804-4b95-472e-8771-bd7fb22e0902', 'e22cfbcb-6069-4e7c-ae61-9dc6f8422a41', 'KALTAKQUISE', 'ACTIVE', 0, 'Funktion: Geschäftsführer/in (CEO) | Mitarbeiter: 11 bis 20 | Branche: Immobilienverwaltung / Immobilienvermittlung | Rechtsform: Aktiengesellschaft'),
('c11608bf-66be-4a49-adc5-43eeed963175', 'd7b49b6a-07a9-4105-a9ad-fbda5bdcec63', 'KALTAKQUISE', 'ACTIVE', 0, 'Funktion: Geschäftsführer/in (CEO) | Mitarbeiter: 51 bis 100 | Branche: Alters- & Pflegeheime'),
('cb48cb1b-57ed-4af1-ba30-a674743965be', 'c11c6310-3086-4f61-9e51-9dbcf80cdca0', 'KALTAKQUISE', 'ACTIVE', 0, 'Funktion: Geschäftsführer/in (CEO) | Mitarbeiter: 1 bis 10 | Branche: Energieindustrie / Nachhaltigkeitsbereich / Solar & Photovoltaik | Rechtsform: Gesellschaft mit beschränkter Haftung'),
('71e3c46c-4554-4781-960a-28cf82cf1c5d', '17bbc178-41cf-47d1-8c59-9036016ea20f', 'KALTAKQUISE', 'ACTIVE', 0, 'Funktion: Geschäftsführer/in (CEO) | Mitarbeiter: 1 bis 10 | Branche: Fitnessstudios | Rechtsform: Gesellschaft mit beschränkter Haftung'),
('39825102-84f5-4498-84f0-d4d534dac468', 'd7279c39-8a2b-4e5a-9275-3dc46ebe8cd6', 'KALTAKQUISE', 'ACTIVE', 0, 'Funktion: Geschäftsführer/in (CEO) | Mitarbeiter: 11 bis 20 | Branche: Online Shops | Rechtsform: Gesellschaft mit beschränkter Haftung'),
('53ed8786-cc0b-46d5-97c0-3583ba8ccd3a', 'd2babf6a-0866-4ffa-855c-171886bb77e6', 'KALTAKQUISE', 'ACTIVE', 0, 'Funktion: Geschäftsführer/in (CEO) | Mitarbeiter: 1 bis 10 | Branche: Energieindustrie'),
('67ba6824-994f-4e76-bf66-7619e5dc0562', '2cf959de-4e78-4021-9037-a6cb41bd609e', 'KALTAKQUISE', 'ACTIVE', 0, 'Funktion: Geschäftsführer/in (CEO) | Mitarbeiter: 1 bis 10 | Branche: Life-Science-Industrie | Rechtsform: Aktiengesellschaft'),
('dd7b02e6-6528-4a0e-a1a7-d2c0566f8a33', '37b835a7-1b19-4594-a0fd-bb2cc7d7a429', 'KALTAKQUISE', 'ACTIVE', 0, 'Funktion: Geschäftsführer/in (CEO) | Mitarbeiter: Mehr als 500 | Branche: Online Shops / Top 2''000 CH-Unternehmen | Rechtsform: Gesellschaft mit beschränkter Haftung'),
('73f6242a-d0f9-4182-8406-64e720bc16a4', '0f72a11d-58e1-4df4-923d-bd2c9b822300', 'KALTAKQUISE', 'ACTIVE', 0, 'Funktion: Geschäftsführer/in (CEO) | Mitarbeiter: Mehr als 500 | Branche: Medizintechnik-Industrie | Rechtsform: Aktiengesellschaft'),
('aee5d791-9ced-4539-9b1e-3fd2050b3c20', '427ab77f-26ec-44ea-a28f-3105e38df83f', 'KALTAKQUISE', 'ACTIVE', 0, 'Funktion: Geschäftsführer/in (CEO) | Mitarbeiter: 51 bis 100 | Branche: Pensionskassen'),
('cb89f965-39b0-4787-80cc-ddc0dd8b7969', 'e3d2a682-3afa-41cf-b2d9-fa6b1ab28f5a', 'KALTAKQUISE', 'ACTIVE', 0, 'Funktion: Geschäftsführer/in (CEO) | Mitarbeiter: 21 bis 50 | Branche: Energieindustrie | Rechtsform: Aktiengesellschaft'),
('779db98c-4d34-4035-95bd-e16626b3c0b1', '654c7aa9-a619-4cf5-97f1-83ad5b2e2934', 'KALTAKQUISE', 'ACTIVE', 0, 'Funktion: Geschäftsführer/in (CEO) | Mitarbeiter: 1 bis 10 | Branche: Clubs, Bars & Eventlocations'),
('c5cb19a7-a793-4e22-bc4a-e45ac6bc433a', '86785f90-f8bb-49ca-918b-91c79e65a506', 'KALTAKQUISE', 'ACTIVE', 0, 'Funktion: Geschäftsführer/in (CEO) | Mitarbeiter: 1 bis 10 | Branche: Garagen | Rechtsform: Gesellschaft mit beschränkter Haftung'),
('d486b0aa-2e99-4fec-aaab-142b3f1c3049', 'ec8cf1aa-903d-4ab4-aeac-d321857818b6', 'KALTAKQUISE', 'ACTIVE', 0, 'Funktion: Geschäftsführer/in (CEO) | Mitarbeiter: 1 bis 10 | Branche: Fitnessstudios | Rechtsform: Gesellschaft mit beschränkter Haftung'),
('f60dfbc7-5a1c-469a-8c29-90462ba47000', '14dc9225-c2b8-4648-9e34-f72003f217c4', 'KALTAKQUISE', 'ACTIVE', 0, 'Funktion: Geschäftsführer/in (CEO) | Mitarbeiter: 1 bis 10 | Branche: Versicherungsbroker & -makler'),
('6314d31a-ed6a-4cdc-8ed7-745a81830c91', '4e5ab80a-b0e6-4ea1-9dd9-b6cbacca761f', 'KALTAKQUISE', 'ACTIVE', 0, 'Funktion: Geschäftsführer/in (CEO) | Mitarbeiter: 11 bis 20 | Branche: Clubs, Bars & Eventlocations'),
('d8b9ee80-6d0a-47da-80a8-c9ad10459b13', 'c12b64c6-b6d1-4b4d-b4ed-54dadd5a06cf', 'KALTAKQUISE', 'ACTIVE', 0, 'Funktion: Geschäftsführer/in (CEO) | Mitarbeiter: 1 bis 10 | Branche: Atem- Meditation- & Yogacenter | Rechtsform: Einzelunternehmen'),
('9374fee2-d0ea-438f-98c9-00e67c50d750', '590dc26f-cc2b-4060-8e1a-ed670d71afd4', 'KALTAKQUISE', 'ACTIVE', 0, 'Funktion: Geschäftsführer/in (CEO) | Mitarbeiter: 11 bis 20 | Branche: Energieindustrie / Nachhaltigkeitsbereich / Solar & Photovoltaik | Rechtsform: Aktiengesellschaft'),
('1cdfcd52-40a2-4fea-ad88-475dd04858ef', 'd463bd00-9aa0-4c2d-907c-c26f8ab84a0e', 'KALTAKQUISE', 'ACTIVE', 0, 'Funktion: Geschäftsführer/in (CEO) | Mitarbeiter: 11 bis 20 | Branche: Detailhandel - Food & Getränke | Rechtsform: Aktiengesellschaft'),
('8e52dd91-5c14-430c-b8e5-b958e9a5e394', 'ec8eca5a-e048-4f2a-a642-44f6e9a37d50', 'KALTAKQUISE', 'ACTIVE', 0, 'Funktion: Geschäftsführer/in (CEO) | Mitarbeiter: 1 bis 10 | Branche: Elektroplanung & Installation | Rechtsform: Gesellschaft mit beschränkter Haftung'),
('bbffb5bb-0aa7-461a-931f-737fece534e3', 'af9bb472-3218-4f5b-9620-a56b9d4a2098', 'KALTAKQUISE', 'ACTIVE', 0, 'Funktion: Gesamtleitung/Direktion | Mitarbeiter: 1 bis 10 | Branche: Hotels | Rechtsform: Schweizerische Zweigniederlassung'),
('d3016d2d-82e1-400b-8cb0-2d2c49ccf370', '3f99d119-6b9e-4cf8-ae5c-7fddbe6fef79', 'KALTAKQUISE', 'ACTIVE', 0, 'Funktion: Geschäftsführer/in (CEO) | Mitarbeiter: 101 bis 500 | Branche: Online Shops | Rechtsform: Aktiengesellschaft'),
('7380bc41-0e4a-4d71-a401-280be26de307', 'ad50aa3c-f720-409a-87e6-1c1bca889bd5', 'KALTAKQUISE', 'ACTIVE', 0, 'Funktion: Gesamtleitung/Direktion | Mitarbeiter: 1 bis 10 | Branche: Hotels | Rechtsform: Schweizerische Zweigniederlassung'),
('3aa3da0c-6237-4a16-a628-2813d893efa9', '08abce95-b784-4339-b676-05798b0a5e4b', 'KALTAKQUISE', 'ACTIVE', 0, 'Funktion: Gesamtleitung/Direktion | Mitarbeiter: 1 bis 10 | Branche: Hotels | Rechtsform: Schweizerische Zweigniederlassung'),
('02bd5747-ddad-4790-8d22-0aa06c158955', '4fb45735-5018-401a-ac36-dddd72e0ae30', 'KALTAKQUISE', 'ACTIVE', 0, 'Funktion: Gesamtleitung/Direktion | Mitarbeiter: 1 bis 10 | Branche: Hotels | Rechtsform: Schweizerische Zweigniederlassung'),
('99db7814-324a-465c-b49b-ae2a073848c5', 'a6870510-1dd2-44ab-aa94-1d725e283534', 'KALTAKQUISE', 'ACTIVE', 0, 'Funktion: Geschäftsführer/in (CEO) | Mitarbeiter: 1 bis 10 | Branche: Treuhandbüros | Rechtsform: Aktiengesellschaft'),
('4f28a2a4-5259-41b0-b4b8-33e773520519', 'd99ab58b-989e-4c8d-9f6f-ee9a8d0c88df', 'KALTAKQUISE', 'ACTIVE', 0, 'Funktion: Geschäftsführer/in (CEO) | Mitarbeiter: 11 bis 20 | Branche: Nachhaltigkeitsbereich / Solar & Photovoltaik | Rechtsform: Aktiengesellschaft'),
('c13aea06-6edf-4357-8d54-774e9c089bce', 'a6c9d647-207e-4d26-81ef-31ca48180db1', 'KALTAKQUISE', 'ACTIVE', 0, 'Funktion: Geschäftsführer/in (CEO) | Mitarbeiter: 1 bis 10 | Branche: Energieindustrie / Nachhaltigkeitsbereich / Solar & Photovoltaik | Rechtsform: Aktiengesellschaft'),
('3f26a313-bfca-4fd4-82f0-d9a3d485c3e4', '1a232c8f-6b3a-4fbc-9218-a8f2655a0960', 'KALTAKQUISE', 'ACTIVE', 0, 'Funktion: Geschäftsführer/in (CEO) | Mitarbeiter: 1 bis 10 | Branche: Nachhaltigkeitsbereich / Solar & Photovoltaik | Rechtsform: Gesellschaft mit beschränkter Haftung'),
('e5da3ba6-e57e-4e33-9f14-c6cd814805bd', '47de3485-0890-45b3-9d8b-708cca4ce6b6', 'KALTAKQUISE', 'ACTIVE', 0, 'Funktion: Geschäftsführer/in (CEO) | Mitarbeiter: Mehr als 500 | Branche: Energieindustrie / Nachhaltigkeitsbereich / Top 2''000 CH-Unternehmen / Solar & Photovoltaik | Rechtsform: Aktiengesellschaft'),
('eb4e5cfe-7922-484a-97f6-1934fb9e1c50', 'a38f5775-b3f1-40ef-b899-349a1e16994d', 'KALTAKQUISE', 'ACTIVE', 0, 'Funktion: Geschäftsführer/in (CEO) | Mitarbeiter: 1 bis 10 | Branche: Nachhaltigkeitsbereich / Solar & Photovoltaik | Rechtsform: Aktiengesellschaft'),
('5934e697-4af8-49e7-8d01-5cb6683967d7', '72ce80a5-153e-452c-86f6-9587e382b8a0', 'KALTAKQUISE', 'ACTIVE', 0, 'Funktion: Geschäftsführer/in (CEO) | Mitarbeiter: 11 bis 20 | Branche: Metallbauer | Rechtsform: Einzelunternehmen'),
('f7f85e72-3a72-4d81-bc1b-a55276e96e06', '64ffca48-970a-4312-82ef-b1c61024acf5', 'KALTAKQUISE', 'ACTIVE', 0, 'Funktion: Geschäftsführer/in (CEO) | Mitarbeiter: 1 bis 10 | Branche: Getränkeindustrie | Rechtsform: Aktiengesellschaft'),
('5024eb1b-c48f-4ac7-a542-38df91f51600', 'd21bc5b3-9b22-43cc-b6cc-bf106d7d5bf3', 'KALTAKQUISE', 'ACTIVE', 0, 'Funktion: Geschäftsführer/in (CEO) | Mitarbeiter: 1 bis 10 | Branche: Atem- Meditation- & Yogacenter'),
('c8846066-e728-43dc-82a1-3a866deae26f', '33f81df5-f7d0-4ceb-819b-48fc7852d704', 'KALTAKQUISE', 'ACTIVE', 0, 'Funktion: Geschäftsführer/in (CEO) | Mitarbeiter: 1 bis 10 | Branche: Atem- Meditation- & Yogacenter'),
('4e87c2df-be2b-4f8e-a42e-f9cb70e749ae', 'f66c48bf-f475-43d7-852d-84104d807e16', 'KALTAKQUISE', 'ACTIVE', 0, 'Funktion: Geschäftsführer/in (CEO) | Mitarbeiter: 1 bis 10 | Branche: Chemieindustrie | Rechtsform: Gesellschaft mit beschränkter Haftung'),
('eb851f7d-0063-4bab-97e0-336bfd50c432', '9aec8227-9b5b-4e3a-8c08-197a14ad2e1b', 'KALTAKQUISE', 'ACTIVE', 0, 'Funktion: Geschäftsführer/in (CEO) | Mitarbeiter: 1 bis 10 | Branche: Clubs, Bars & Eventlocations | Rechtsform: Gesellschaft mit beschränkter Haftung'),
('d64c625d-3290-48c1-a889-00e0b203cbff', 'e5c332eb-6d83-4e7b-96b9-eb25599be646', 'KALTAKQUISE', 'ACTIVE', 0, 'Funktion: Geschäftsführer/in (CEO) | Mitarbeiter: 1 bis 10 | Branche: Unternehmensberater | Rechtsform: Gesellschaft mit beschränkter Haftung'),
('fa4b70cd-6939-4aa5-9acd-3fe5fa15e383', 'feb3aaed-f051-42f8-9137-010dad951666', 'KALTAKQUISE', 'ACTIVE', 0, 'Funktion: Geschäftsführer/in (CEO) | Mitarbeiter: 11 bis 20 | Branche: Architekturbüros | Rechtsform: Gesellschaft mit beschränkter Haftung'),
('d752f29a-657d-4536-b16c-af228ae6600e', '82820b4b-a578-45a3-beca-d7d1c29ec05b', 'KALTAKQUISE', 'ACTIVE', 0, 'Funktion: Geschäftsführer/in (CEO) | Mitarbeiter: 11 bis 20 | Branche: Online Shops / Spielwaren- & Babyfachhandel | Rechtsform: Einzelunternehmen'),
('e9126687-76f2-45b3-b22c-fedfe0d58459', 'c3f00800-f04c-4ca2-ac6e-c993cab5a569', 'KALTAKQUISE', 'ACTIVE', 0, 'Funktion: Geschäftsführer/in (CEO) | Mitarbeiter: 1 bis 10 | Branche: Architekturbüros / Schreinerei- & Holzbaubetriebe | Rechtsform: Kollektivgesellschaft'),
('4aeff984-2fc7-4d20-a551-65de8525d287', '2ba6edc8-2982-4361-8f10-5f504a3db9cb', 'KALTAKQUISE', 'ACTIVE', 0, 'Funktion: Geschäftsführer/in (CEO) | Mitarbeiter: 1 bis 10 | Branche: Schreinerei- & Holzbaubetriebe'),
('6ef65cb1-e715-482c-bd1b-284139fff41a', '48a3f304-d7c0-430f-b526-f54aae06ece4', 'KALTAKQUISE', 'ACTIVE', 0, 'Funktion: Geschäftsführer/in (CEO) | Mitarbeiter: 11 bis 20 | Branche: Unternehmensberater | Rechtsform: Gesellschaft mit beschränkter Haftung'),
('d91f287b-45b4-46b6-8573-31b4144d23de', '88d3732f-6da0-4dc9-a405-5c0ca9d3bbd9', 'KALTAKQUISE', 'ACTIVE', 0, 'Funktion: Geschäftsführer/in (CEO) | Mitarbeiter: 1 bis 10 | Branche: Kunststoffindustrie / Verpackungsindustrie | Rechtsform: Gesellschaft mit beschränkter Haftung'),
('f6ff63d2-d2ba-4db2-882c-de8f5ef57582', 'f1d8e634-8acc-47df-9a7f-c9bbcc7e29c3', 'KALTAKQUISE', 'ACTIVE', 0, 'Funktion: Geschäftsführer/in (CEO) | Mitarbeiter: 1 bis 10 | Branche: Tattoo- & Piercingstudios'),
('c1b4aece-32f3-4d24-8b96-c0bf886941ae', 'fa25fd05-00e0-43a7-8316-c4ca8fe7a7b4', 'KALTAKQUISE', 'ACTIVE', 0, 'Funktion: Geschäftsführer/in (CEO) | Mitarbeiter: 1 bis 10 | Branche: Facility Management & Reinigungsfirmen | Rechtsform: Gesellschaft mit beschränkter Haftung'),
('61951670-a093-4b18-b3fc-f8358633578c', '183a9f6c-ab77-40ac-945d-2e0a6043ac60', 'KALTAKQUISE', 'ACTIVE', 0, 'Funktion: Geschäftsführer/in (CEO) | Mitarbeiter: 1 bis 10 | Branche: Catering'),
('3321e090-4ff6-4a17-8725-1c03cbe6aec2', 'cc18f4fc-4aa9-4e3b-998c-2cad0ae47324', 'KALTAKQUISE', 'ACTIVE', 0, 'Funktion: Geschäftsführer/in (CEO) | Mitarbeiter: 1 bis 10 | Branche: Coiffeursalons'),
('e1112ddc-7122-46cb-801f-e1f7c7a9e52e', '18550452-732e-422a-8e2b-aa58a474feaf', 'KALTAKQUISE', 'ACTIVE', 0, 'Funktion: Geschäftsführer/in (CEO) | Mitarbeiter: 11 bis 20 | Branche: Nachhaltigkeitsbereich / Solar & Photovoltaik | Rechtsform: Einzelunternehmen'),
('3516ff90-0a0d-41ee-9d1e-adedc05b1f01', '18761fa0-b2ec-451f-a214-1724d8eb4344', 'KALTAKQUISE', 'ACTIVE', 0, 'Funktion: Geschäftsführer/in (CEO) | Mitarbeiter: 1 bis 10 | Branche: Facility Management & Reinigungsfirmen'),
('22b4867d-01c7-40d2-8cbf-ba79de85edf0', '5191b1e8-f48f-4b1a-8bb5-15968d82a7ab', 'KALTAKQUISE', 'ACTIVE', 0, 'Funktion: Geschäftsführer/in (CEO) | Mitarbeiter: 11 bis 20 | Branche: Werbeagenturen | Rechtsform: Aktiengesellschaft'),
('1ed96c03-cd89-4d4c-871f-ee58a86683ca', 'c88712f1-4a41-4ca1-8c3f-c701ac5ab6b6', 'KALTAKQUISE', 'ACTIVE', 0, 'Funktion: Geschäftsführer/in (CEO) | Mitarbeiter: 1 bis 10 | Branche: Restaurants'),
('fea07563-2ba9-4b5c-b29b-4af476f46fb1', 'd496d983-a94a-418d-a24c-af0d4381b07e', 'KALTAKQUISE', 'ACTIVE', 0, 'Funktion: Geschäftsführer/in (CEO) | Mitarbeiter: 1 bis 10 | Branche: Chemieindustrie | Rechtsform: Gesellschaft mit beschränkter Haftung'),
('e120cdfc-ee13-41fe-b9c0-818189ecdad8', 'b3452dd0-5516-4872-9b7b-7aaf3aa48794', 'KALTAKQUISE', 'ACTIVE', 0, 'Funktion: Inhaber/in (Owner/Founder) | Mitarbeiter: 1 bis 10 | Branche: Gartenbau & -pflege'),
('50c05971-52c2-4177-9406-bc70b4017cee', '6fe03e30-a05f-43ac-919c-8775dd1b4ad6', 'KALTAKQUISE', 'ACTIVE', 0, 'Funktion: Geschäftsführer/in (CEO) | Mitarbeiter: 1 bis 10 | Branche: Unternehmensberater | Rechtsform: Gesellschaft mit beschränkter Haftung'),
('bc608bf9-dc85-4f9c-b297-9f3e9c6ca1bc', '1e468bca-349f-42e5-a5fc-ae5baedd5c18', 'KALTAKQUISE', 'ACTIVE', 0, 'Funktion: Geschäftsführer/in (CEO) | Mitarbeiter: 1 bis 10 | Branche: Unternehmensberater | Rechtsform: Gesellschaft mit beschränkter Haftung'),
('f359a3e4-76b5-483a-92ae-a30d08e53984', 'e75d6c86-3c76-415e-b958-1ebf53d9e5ba', 'KALTAKQUISE', 'ACTIVE', 0, 'Funktion: Geschäftsführer/in (CEO) | Mitarbeiter: 1 bis 10 | Branche: Unternehmensberater | Rechtsform: Gesellschaft mit beschränkter Haftung'),
('c2fc9ab8-4c81-4b95-955f-650c81a53d1c', 'ec3fb736-5c55-4827-9b23-b1de9243c47f', 'KALTAKQUISE', 'ACTIVE', 0, 'Funktion: Geschäftsführer/in (CEO) | Mitarbeiter: 11 bis 20 | Branche: Online Shops | Rechtsform: Gesellschaft mit beschränkter Haftung'),
('194e1085-2307-44b9-91de-6cf15fa0a10f', '0cfceeca-33b1-43b0-8bf0-fe61f961689e', 'KALTAKQUISE', 'ACTIVE', 0, 'Funktion: Geschäftsführer/in (CEO) | Mitarbeiter: 21 bis 50 | Branche: IT Unternehmen / Online Shops | Rechtsform: Aktiengesellschaft'),
('f5982cc9-c8db-473a-9ffb-74d567c86bf7', '01547593-58d2-4103-bc14-10e8cf03ea4a', 'KALTAKQUISE', 'ACTIVE', 0, 'Funktion: Geschäftsführer/in (CEO) | Mitarbeiter: 1 bis 10 | Branche: Personalvermittler & -berater | Rechtsform: Gesellschaft mit beschränkter Haftung'),
('bc92ca6d-7a6a-46b4-8c4a-7d1b529e3817', 'cbdbd795-5c7b-4526-936d-ea753b10a496', 'KALTAKQUISE', 'ACTIVE', 0, 'Funktion: Geschäftsführer/in (CEO) | Mitarbeiter: 1 bis 10 | Branche: Online Shops | Rechtsform: Einzelunternehmen'),
('5ad351de-be34-408b-928c-24a9e26d087c', '0b50bafc-9fbb-4f96-b95d-645c86edb460', 'KALTAKQUISE', 'ACTIVE', 0, 'Funktion: Geschäftsführer/in (CEO) | Mitarbeiter: 11 bis 20 | Branche: Online Shops | Rechtsform: Aktiengesellschaft'),
('d870abfe-bcdb-4718-aa41-f25fef9777c3', '6e1de8b8-0e64-4e60-b13a-0cde3464e641', 'KALTAKQUISE', 'ACTIVE', 0, 'Funktion: Geschäftsführer/in (CEO) | Mitarbeiter: 21 bis 50 | Branche: Elektroindustrie | Rechtsform: Gesellschaft mit beschränkter Haftung'),
('c70e4e60-d8b2-4e02-bcff-1471f41cd3a9', '232099ce-cd4f-4ede-bcb8-66ae61281f26', 'KALTAKQUISE', 'ACTIVE', 0, 'Funktion: Geschäftsführer/in (CEO) | Mitarbeiter: 1 bis 10 | Branche: Kunststoffindustrie | Rechtsform: Aktiengesellschaft'),
('0055bcc1-391e-41a3-be6c-37d53a8d9a4f', 'aca975d7-3408-4666-8543-0ec9858327d7', 'KALTAKQUISE', 'ACTIVE', 0, 'Funktion: Geschäftsführer/in (CEO) | Mitarbeiter: 1 bis 10 | Branche: Metallbauer | Rechtsform: Einzelunternehmen'),
('59679b35-1663-4bdf-831a-df2dc5bb4042', '79593559-246c-4dd6-bf65-fa418111d661', 'KALTAKQUISE', 'ACTIVE', 0, 'Funktion: Geschäftsführer/in (CEO) | Mitarbeiter: 1 bis 10 | Branche: Lebensmittelverarbeitung | Rechtsform: Aktiengesellschaft'),
('f7fc8b7c-8a89-4bb0-8a88-6009861314b1', '435b58c0-e85b-4ec5-8e91-9d4ffb024e01', 'KALTAKQUISE', 'ACTIVE', 0, 'Funktion: Geschäftsführer/in (CEO) | Mitarbeiter: 1 bis 10 | Branche: Treuhandbüros | Rechtsform: Gesellschaft mit beschränkter Haftung'),
('2356cd59-e066-4fce-bac5-52abd1d9883a', '0fed228f-260b-4643-97a6-26736ed4ed8b', 'KALTAKQUISE', 'ACTIVE', 0, 'Funktion: Geschäftsführer/in (CEO) | Mitarbeiter: 1 bis 10 | Branche: Garagen | Rechtsform: Aktiengesellschaft'),
('663628e7-6dd3-480d-8d5c-eabfd7586b31', '17c9f0f7-2a67-4eb8-a0b4-c952b7c34d7c', 'KALTAKQUISE', 'ACTIVE', 0, 'Funktion: Geschäftsführer/in (CEO) | Mitarbeiter: 1 bis 10 | Branche: Apotheken & Drogerien'),
('1c124b6b-ec00-4dba-bb15-26575cc93ed8', 'bb988f6a-fe4f-4d79-a9fe-82990274569f', 'KALTAKQUISE', 'ACTIVE', 0, 'Funktion: Geschäftsführer/in (CEO) | Mitarbeiter: 1 bis 10 | Branche: Restaurants | Rechtsform: Gesellschaft mit beschränkter Haftung'),
('97383c32-5024-4c9c-81ce-118f71949d7b', '1927f5ff-f88f-4809-b959-842ea149c321', 'KALTAKQUISE', 'ACTIVE', 0, 'Funktion: Geschäftsführer/in (CEO) | Mitarbeiter: 11 bis 20 | Branche: Nachhaltigkeitsbereich | Rechtsform: Aktiengesellschaft'),
('6e344c64-2841-4162-aeb5-af302777ab71', '2be0f78a-8e17-4dad-8dfc-36eaee607848', 'KALTAKQUISE', 'ACTIVE', 0, 'Funktion: Geschäftsführer/in (CEO) | Mitarbeiter: 11 bis 20 | Branche: Logistik- & Transportunternehmen | Rechtsform: Schweizerische Zweigniederlassung'),
('da591629-0350-468c-88bb-7c9d5de21986', '6b137bb1-b152-485b-8291-03de3cdde3f6', 'KALTAKQUISE', 'ACTIVE', 0, 'Funktion: Geschäftsführer/in (CEO) | Mitarbeiter: 1 bis 10 | Branche: Restaurants'),
('46bd4109-d1e4-49cd-bef7-df623a839aa9', '95567c42-d254-4288-9aa1-30a2b215457c', 'KALTAKQUISE', 'ACTIVE', 0, 'Funktion: Geschäftsführer/in (CEO) | Mitarbeiter: 1 bis 10 | Branche: Online Shops | Rechtsform: Gesellschaft mit beschränkter Haftung'),
('2dc42e05-c068-4fa6-b6f3-05543060be44', '87aef64e-1679-4bc2-b804-83f3813cfbe5', 'KALTAKQUISE', 'ACTIVE', 0, 'Funktion: Geschäftsführer/in (CEO) | Mitarbeiter: 21 bis 50 | Branche: Medizintechnik-Industrie | Rechtsform: Gesellschaft mit beschränkter Haftung'),
('bd489087-f757-4c80-b604-9b075da534bd', 'f62d8c5a-c6dc-4e64-9c25-6288a7cee7da', 'KALTAKQUISE', 'ACTIVE', 0, 'Funktion: Geschäftsführer/in (CEO) | Mitarbeiter: 11 bis 20 | Branche: Medizintechnik-Industrie | Rechtsform: Aktiengesellschaft'),
('4505aa06-4386-4361-8869-3dcf18e45fea', '79a3a87c-a5c8-45d4-ae90-e89661a62174', 'KALTAKQUISE', 'ACTIVE', 0, 'Funktion: Geschäftsführer/in (CEO) | Mitarbeiter: 11 bis 20 | Branche: Life-Science-Industrie'),
('cafe2060-62c2-4cbb-8ac3-542d3c8602dc', '6cdddd24-8ffa-4e1d-8812-883924234e4b', 'KALTAKQUISE', 'ACTIVE', 0, 'Funktion: Geschäftsführer/in (CEO) | Mitarbeiter: 1 bis 10 | Branche: Maler- & Gipsergeschäfte | Rechtsform: Gesellschaft mit beschränkter Haftung'),
('6f294233-b185-43da-b0e1-0b0716d3f615', 'af52e7a4-645b-41d7-a317-1a60cfe24d32', 'KALTAKQUISE', 'ACTIVE', 0, 'Funktion: Geschäftsführer/in (CEO) | Mitarbeiter: 1 bis 10 | Branche: Metallbauer | Rechtsform: Aktiengesellschaft'),
('8c4f8c9d-1627-41c2-b920-de308e9ce4d5', '7f032383-38ab-4859-a7e4-c48d3584ad78', 'KALTAKQUISE', 'ACTIVE', 0, 'Funktion: Geschäftsführer/in (CEO) | Mitarbeiter: 21 bis 50 | Branche: NGO & NPO / Zeitungen & Zeitschriften | Rechtsform: Verein'),
('7d2e943c-09b4-42d9-bcf7-6848334e8cce', '0cca4b29-144f-4c29-a1fc-60fd91595519', 'KALTAKQUISE', 'ACTIVE', 0, 'Funktion: Geschäftsführer/in (CEO) | Mitarbeiter: 11 bis 20 | Branche: Online Shops | Rechtsform: Aktiengesellschaft'),
('84e591f3-f41c-4b25-bc9f-d6b603356150', '528e2974-3587-4bbd-a2f3-a91bf29626e5', 'KALTAKQUISE', 'ACTIVE', 0, 'Funktion: Geschäftsführer/in (CEO) | Mitarbeiter: 1 bis 10 | Branche: Online Shops | Rechtsform: Gesellschaft mit beschränkter Haftung'),
('56126a41-3c44-4219-8f69-df1a3877574d', '2ada1644-d199-4593-87a5-8192e77f3d6d', 'KALTAKQUISE', 'ACTIVE', 0, 'Funktion: Geschäftsführer/in (CEO) | Mitarbeiter: 1 bis 10 | Branche: Nachhaltigkeitsbereich | Rechtsform: Gesellschaft mit beschränkter Haftung'),
('deaffab8-e04a-452e-b275-2fbd7517a401', '5205bcc9-60be-4380-bd6f-311bb7a1d4cd', 'KALTAKQUISE', 'ACTIVE', 0, 'Funktion: Geschäftsführer/in (CEO) | Mitarbeiter: 11 bis 20 | Branche: Online Shops | Rechtsform: Einzelunternehmen'),
('8885cce3-9d88-4407-9e36-49a1f1231959', '8e70c4d8-8916-4036-96ce-0a6cb26aa39c', 'KALTAKQUISE', 'ACTIVE', 0, 'Funktion: Geschäftsführer/in (CEO) | Mitarbeiter: 11 bis 20 | Branche: Online Shops / Zeitungen & Zeitschriften | Rechtsform: Aktiengesellschaft'),
('39c24627-2b8d-4748-80d0-1b5c51e45d23', '08c8c3b0-8c3a-49a2-b2d3-cd3e814f4574', 'KALTAKQUISE', 'ACTIVE', 0, 'Funktion: Geschäftsführer/in (CEO) | Mitarbeiter: 11 bis 20 | Branche: Berg- & Seilbahnen | Rechtsform: Aktiengesellschaft'),
('e93cebc7-5120-465d-9aa6-f8101e98bb4b', '0fdf9d86-e250-4c16-bb16-bfd23462ece1', 'KALTAKQUISE', 'ACTIVE', 0, 'Funktion: Geschäftsführer/in (CEO) | Mitarbeiter: 11 bis 20 | Branche: Family Offices / Externe Vermögensverwalter | Rechtsform: Aktiengesellschaft'),
('557a22b3-6cb5-4eb0-bf41-1053aa02a8a5', '00100f97-4636-43bb-8656-04c359f5eada', 'KALTAKQUISE', 'ACTIVE', 0, 'Funktion: Geschäftsführer/in (CEO) | Mitarbeiter: 11 bis 20 | Branche: Online Shops | Rechtsform: Gesellschaft mit beschränkter Haftung'),
('2940bde4-ae71-4844-a4b7-2dd46720fd54', '6619c4af-a134-4fec-857e-327bec5f2bcd', 'KALTAKQUISE', 'ACTIVE', 0, 'Funktion: Geschäftsführer/in (CEO) | Mitarbeiter: 11 bis 20 | Branche: Online Shops | Rechtsform: Aktiengesellschaft'),
('0d7e9248-ed72-4057-bd69-5a44486e634c', '14c6c4d3-f4b2-47f3-9667-0dca12deaec7', 'KALTAKQUISE', 'ACTIVE', 0, 'Funktion: Geschäftsführer/in (CEO) | Mitarbeiter: 1 bis 10 | Branche: Naturheilpraxen'),
('5a767338-3b51-4aff-9d16-06c550a27df4', '34699652-54d3-472e-b3f9-7ea365ae4297', 'KALTAKQUISE', 'ACTIVE', 0, 'Funktion: Geschäftsführer/in (CEO) | Mitarbeiter: 1 bis 10 | Branche: Atem- Meditation- & Yogacenter'),
('498014a6-b6ae-475b-b955-9bab129131c1', 'bd9a2d4f-7ce6-4c74-afb3-02df6abed32d', 'KALTAKQUISE', 'ACTIVE', 0, 'Funktion: Geschäftsführer/in (CEO) | Mitarbeiter: 1 bis 10 | Branche: Bauingenieurbüros | Rechtsform: Gesellschaft mit beschränkter Haftung'),
('93dbb08f-9883-4af7-bd96-edfac980df41', 'ad2b79cc-2db3-400e-b740-78a2e5b54cad', 'KALTAKQUISE', 'ACTIVE', 0, 'Funktion: Geschäftsführer/in (CEO) | Mitarbeiter: 1 bis 10 | Branche: Coiffeursalons'),
('f10d743d-3802-4059-8c3e-3fd84f374631', '648be203-93bb-4724-b137-8eac1706b524', 'KALTAKQUISE', 'ACTIVE', 0, 'Funktion: Geschäftsführer/in (CEO) | Mitarbeiter: 1 bis 10 | Branche: Kosmetikstudios / Nachhaltigkeitsbereich'),
('2b8f5902-1a11-4652-a79c-af0cb3b2ab2f', '18f2363d-9f65-4204-aa01-8c38d2057132', 'KALTAKQUISE', 'ACTIVE', 0, 'Funktion: Geschäftsführer/in (CEO) | Mitarbeiter: 1 bis 10 | Branche: Restaurants'),
('88e393cd-91a6-448b-87a2-ed3702c4d9c3', '3157b902-7b2f-4b34-81ce-b8921b826caf', 'KALTAKQUISE', 'ACTIVE', 0, 'Funktion: Geschäftsführer/in (CEO) | Mitarbeiter: 1 bis 10 | Branche: Architekturbüros'),
('29730f70-c5ea-4e72-ba9d-d1f742e67a48', 'ef023434-2dc9-47ce-a9b1-c67bbb397fee', 'KALTAKQUISE', 'ACTIVE', 0, 'Funktion: Geschäftsführer/in (CEO) | Mitarbeiter: 1 bis 10 | Branche: Spitex'),
('da13bbcb-8ad8-4879-b093-24b0a2b806f1', '412948b2-3264-4036-ac17-a40c3eb96346', 'KALTAKQUISE', 'ACTIVE', 0, 'Funktion: Geschäftsführer/in (CEO) | Mitarbeiter: 1 bis 10 | Branche: Architekturbüros | Rechtsform: Gesellschaft mit beschränkter Haftung'),
('d84bcf12-5a33-42bc-8769-2bebeb9e4bb5', 'a67cef6a-0cab-483f-910b-5fbf782cbb54', 'KALTAKQUISE', 'ACTIVE', 0, 'Funktion: Geschäftsführer/in (CEO) | Mitarbeiter: 1 bis 10 | Branche: Atem- Meditation- & Yogacenter'),
('42b5b5e1-e7fa-4af3-b054-5536333f0854', '449c1889-d02c-4fab-973f-c09926759edc', 'KALTAKQUISE', 'ACTIVE', 0, 'Funktion: Gesamtleitung/Direktion | Mitarbeiter: 1 bis 10 | Branche: Kindergärten & -krippen | Rechtsform: Gesellschaft mit beschränkter Haftung'),
('acb3fd0a-66f0-4993-9919-9e725ff8c315', '2900ceca-641c-41c1-9d68-2123023867c4', 'KALTAKQUISE', 'ACTIVE', 0, 'Funktion: Geschäftsführer/in (CEO) | Mitarbeiter: 1 bis 10 | Branche: Atem- Meditation- & Yogacenter'),
('f5e7d211-1747-411d-99c6-b961316af4dd', '620669e7-154a-4fe9-bfad-09b6875ce8e8', 'KALTAKQUISE', 'ACTIVE', 0, 'Funktion: Geschäftsführer/in (CEO) | Mitarbeiter: 1 bis 10 | Branche: Immobilienverwaltung'),
('428142ff-a6dd-4e6c-89c1-f3666d05173a', '2f8cc84f-9453-475e-a36d-2ed9a659d949', 'KALTAKQUISE', 'ACTIVE', 0, 'Funktion: Geschäftsführer/in (CEO) | Mitarbeiter: 1 bis 10 | Branche: Naturheilpraxen'),
('d48ffadc-2a3f-4131-897b-49f1283e9d06', 'a4e60b6a-0ee7-4601-a220-97a961402a5b', 'KALTAKQUISE', 'ACTIVE', 0, 'Funktion: Geschäftsführer/in (CEO) | Mitarbeiter: 1 bis 10 | Branche: Boden- & Plattenleger'),
('966be69f-82ae-4093-8713-dd73d2059a9c', '416d2e0d-a308-474b-80be-86b277404b73', 'KALTAKQUISE', 'ACTIVE', 0, 'Funktion: Geschäftsführer/in (CEO) | Mitarbeiter: 1 bis 10 | Branche: Medizintechnik-Industrie | Rechtsform: Einzelunternehmen'),
('9e8e7070-d825-4bf9-8595-fbc29e5bceb1', '5907dda5-7658-415e-9d88-cc43e754764a', 'KALTAKQUISE', 'ACTIVE', 0, 'Funktion: Geschäftsführer/in (CEO) | Mitarbeiter: 1 bis 10 | Branche: Architekturbüros'),
('47c85103-a99a-4fe0-869b-6fa50d47ec93', '0baed3a4-2960-4105-9008-e76a62889fec', 'KALTAKQUISE', 'ACTIVE', 0, 'Funktion: Geschäftsführer/in (CEO) | Mitarbeiter: 1 bis 10 | Branche: Atem- Meditation- & Yogacenter'),
('a3352f09-3e10-47f8-b975-9bf1daa17ab6', '6a4559ac-d046-4e0b-8f37-d0305365324a', 'KALTAKQUISE', 'ACTIVE', 0, 'Funktion: Geschäftsführer/in (CEO) | Mitarbeiter: 1 bis 10 | Branche: Weiterbildungsinstitute'),
('5dce0f05-f900-45e5-b2b3-6e8c93eb8187', '06c72462-0add-4202-8ee7-a5c9a2c6387f', 'KALTAKQUISE', 'ACTIVE', 0, 'Funktion: Geschäftsführer/in (CEO) | Mitarbeiter: 1 bis 10 | Branche: Kosmetikstudios'),
('067698a1-2b56-409d-af9a-c31009f49007', '6bfef376-705d-4863-831c-ad8bc0616cf3', 'KALTAKQUISE', 'ACTIVE', 0, 'Funktion: Geschäftsführer/in (CEO) | Mitarbeiter: 1 bis 10 | Branche: Weiterbildungsinstitute'),
('5b1247d5-454e-444e-b8af-2653f522fd16', 'ea7f99c4-c11d-4c1c-842f-25fd835147eb', 'KALTAKQUISE', 'ACTIVE', 0, 'Funktion: Geschäftsführer/in (CEO) | Mitarbeiter: 1 bis 10 | Branche: Atem- Meditation- & Yogacenter'),
('e556a414-763a-4515-9398-32c538d194f8', 'd2b2bbd5-8ebd-4127-8efb-651b8f2cff0a', 'KALTAKQUISE', 'ACTIVE', 0, 'Funktion: Geschäftsführer/in (CEO) | Mitarbeiter: 1 bis 10 | Branche: Coiffeursalons | Rechtsform: Einzelunternehmen'),
('8aec2c1d-0b97-4494-84f3-555c0a95ce85', 'c280010e-082c-46a2-9933-46deebfb070d', 'KALTAKQUISE', 'ACTIVE', 0, 'Funktion: Geschäftsführer/in (CEO) | Mitarbeiter: 1 bis 10 | Branche: Unternehmensberater | Rechtsform: Aktiengesellschaft'),
('ae8ad41b-56e4-414c-8d58-a1e22bd54043', '7e7a3a7b-11e8-4348-8a5c-30f3f60ccc9b', 'KALTAKQUISE', 'ACTIVE', 0, 'Funktion: Geschäftsführer/in (CEO) | Mitarbeiter: 1 bis 10 | Branche: Naturheilpraxen'),
('4bb77489-da52-49ef-a14b-87eab0bd26a7', '76a16c09-acbd-4f70-b1ae-2dc25e1e4458', 'KALTAKQUISE', 'ACTIVE', 0, 'Funktion: Geschäftsführer/in (CEO) | Mitarbeiter: 1 bis 10 | Branche: Treuhandbüros | Rechtsform: Einzelunternehmen'),
('190ccffa-b46c-4e8d-a262-8b2aebc9afa7', '6a6cb50f-7826-421f-8533-7ece1dc6027b', 'KALTAKQUISE', 'ACTIVE', 0, 'Funktion: Geschäftsführer/in (CEO) | Mitarbeiter: 1 bis 10 | Branche: Tierarztpraxen'),
('0de14f09-aab4-435e-8806-c705c31707d6', 'e624e80b-1695-4a37-9cba-1dcdf3680f4c', 'KALTAKQUISE', 'ACTIVE', 0, 'Funktion: Geschäftsführer/in (CEO) | Mitarbeiter: 1 bis 10 | Branche: Atem- Meditation- & Yogacenter'),
('0dceb5b8-696e-4877-a059-53489dd40d12', 'dc5e229e-934c-4e82-af21-89ba4288bec7', 'KALTAKQUISE', 'ACTIVE', 0, 'Funktion: Geschäftsführer/in (CEO) | Mitarbeiter: 1 bis 10 | Branche: Psychiatrie & Psychotherapie'),
('a984f37a-60cb-45a8-acef-f21776ba2f3a', 'cedfc46b-0d3e-4ba3-8e5a-730d57c5b1c0', 'KALTAKQUISE', 'ACTIVE', 0, 'Funktion: Geschäftsführer/in (CEO) | Mitarbeiter: 1 bis 10 | Branche: Coiffeursalons'),
('68af438c-0390-47ac-82a4-a598f510d68a', '1c678be3-ee46-498b-bba4-90951fbf12c2', 'KALTAKQUISE', 'ACTIVE', 0, 'Funktion: Geschäftsführer/in (CEO) | Mitarbeiter: 1 bis 10 | Branche: Gartenbau & -pflege'),
('35e210c7-6977-41ec-9bf1-ef4571922ee6', 'e24289e0-7390-4405-8c59-df134924e2b0', 'KALTAKQUISE', 'ACTIVE', 0, 'Funktion: Geschäftsführer/in (CEO) | Mitarbeiter: 1 bis 10 | Branche: Restaurants | Rechtsform: Einzelunternehmen'),
('ec2a418d-17f1-4fae-97f6-e02eda8cf1bb', 'e8835e04-4565-413c-a3f5-408f8d5ac8b7', 'KALTAKQUISE', 'ACTIVE', 0, 'Funktion: Geschäftsführer/in (CEO) | Mitarbeiter: 1 bis 10 | Branche: Restaurants'),
('00892e40-40a0-4dd0-97fd-23547f011be0', '012d415d-fa33-4760-b8a4-b3a89dc18119', 'KALTAKQUISE', 'ACTIVE', 0, 'Funktion: Geschäftsführer/in (CEO) | Mitarbeiter: 1 bis 10 | Branche: Kosmetikstudios'),
('9b654def-0b66-4a7a-876e-9362add49427', 'd87edc1c-93d1-4b25-8047-91576405a012', 'KALTAKQUISE', 'ACTIVE', 0, 'Funktion: Geschäftsführer/in (CEO) | Mitarbeiter: 11 bis 20 | Branche: Fonds & sonstige Finanzinstitute / Private Equity & Venture Capital Firmen / Externe Vermögensverwalter | Rechtsform: Aktiengesellschaft'),
('23a97e4f-b8de-42de-93e7-5f8961c79b9d', '6972ed59-8368-4e89-bfab-226d3ca51338', 'KALTAKQUISE', 'ACTIVE', 0, 'Funktion: Geschäftsführer/in (CEO) | Mitarbeiter: 1 bis 10 | Branche: Elektroindustrie | Rechtsform: Aktiengesellschaft'),
('5c133706-fb69-46cc-8511-01507303bfb1', '62743a68-c784-492a-b7c8-d94e0a236513', 'KALTAKQUISE', 'ACTIVE', 0, 'Funktion: Geschäftsführer/in (CEO) | Mitarbeiter: 1 bis 10 | Branche: Coiffeursalons'),
('370b325b-6417-4427-af8b-4c9965d7a2df', 'f9d4adb4-b820-460b-8adb-c303a70c693b', 'KALTAKQUISE', 'ACTIVE', 0, 'Funktion: Geschäftsführer/in (CEO) | Mitarbeiter: 11 bis 20 | Branche: Chemieindustrie | Rechtsform: Aktiengesellschaft'),
('d8532703-b046-4f6a-b8bf-5134d2b68f01', '3fa24f0d-6bc8-43e0-8073-f46cb591af36', 'KALTAKQUISE', 'ACTIVE', 0, 'Funktion: Geschäftsführer/in (CEO) | Mitarbeiter: 1 bis 10 | Branche: Lebensmittelverarbeitung | Rechtsform: Einzelunternehmen'),
('c8a09702-e667-400f-898f-fbb7fff68363', '20f9eeac-fcc4-45d9-9901-af3e3840949f', 'KALTAKQUISE', 'ACTIVE', 0, 'Funktion: Geschäftsführer/in (CEO) | Mitarbeiter: 11 bis 20 | Branche: Fitnessstudios | Rechtsform: Aktiengesellschaft'),
('ac8a7384-2272-48ea-a18f-f8e7f57d99ed', '7f2ece9d-c29c-4107-84cb-9e84423e1c99', 'KALTAKQUISE', 'ACTIVE', 0, 'Funktion: Geschäftsführer/in (CEO) | Mitarbeiter: 1 bis 10 | Branche: Lebensmittelverarbeitung | Rechtsform: Einzelunternehmen'),
('17b57b10-2d8b-4e66-b965-f8c78ac5d29d', 'a5360a8c-61ee-4f49-9913-de28f962372b', 'KALTAKQUISE', 'ACTIVE', 0, 'Funktion: Geschäftsführer/in (CEO) | Mitarbeiter: 1 bis 10 | Branche: Werbeagenturen | Rechtsform: Aktiengesellschaft'),
('db1a930d-8483-4291-b025-dc85a6cf8715', 'dfaf026a-3aa8-4b01-b44b-ee24634e8c5a', 'KALTAKQUISE', 'ACTIVE', 0, 'Funktion: Gesamtleitung/Direktion | Mitarbeiter: 1 bis 10 | Branche: Hotels / Restaurants'),
('94db1a51-7271-4af9-ae45-df2c0c991f1b', 'c6014b42-adea-46f0-a242-b50faeb2d596', 'KALTAKQUISE', 'ACTIVE', 0, 'Funktion: Geschäftsführer/in (CEO) | Mitarbeiter: 11 bis 20 | Branche: Museum & Theater'),
('9e70d6b3-62f3-489d-9286-59da0cf5656f', '986f255f-66fc-4c27-8ae8-91ace1a441f1', 'KALTAKQUISE', 'ACTIVE', 0, 'Funktion: Geschäftsführer/in (CEO) | Mitarbeiter: 11 bis 20 | Branche: Fonds & sonstige Finanzinstitute | Rechtsform: Aktiengesellschaft'),
('d24750bd-e5a5-4f65-aeb1-52d8d11b9c5e', 'd0302a63-4909-4a1a-aa1d-acadc7b2c94a', 'KALTAKQUISE', 'ACTIVE', 0, 'Funktion: Geschäftsführer/in (CEO) | Mitarbeiter: 1 bis 10 | Branche: FinTech | Rechtsform: Aktiengesellschaft'),
('b4b80f9a-615c-40c8-9cfc-4c2b96ab96ce', '0d720769-1cc7-4042-b20d-fb6c7c55083e', 'KALTAKQUISE', 'ACTIVE', 0, 'Funktion: Geschäftsführer/in (CEO) | Mitarbeiter: 51 bis 100 | Branche: Nachhaltigkeitsbereich | Rechtsform: Gesellschaft mit beschränkter Haftung'),
('9567bf0d-e5aa-40a0-b9b5-49b7020cf19e', '5c6405b2-a29b-4762-94e6-8956185280f7', 'KALTAKQUISE', 'ACTIVE', 0, 'Funktion: Geschäftsführer/in (CEO) | Mitarbeiter: 11 bis 20 | Branche: Energieindustrie / Nachhaltigkeitsbereich / Sanitär & Haustechnik / Solar & Photovoltaik | Rechtsform: Aktiengesellschaft'),
('4960ef42-e056-4df7-b210-cd81a6ae48cd', '866749e0-1138-48c8-accd-8b28ec13f048', 'KALTAKQUISE', 'ACTIVE', 0, 'Funktion: Geschäftsführer/in (CEO) | Mitarbeiter: 11 bis 20 | Branche: Apotheken & Drogerien / Testcenter | Rechtsform: Aktiengesellschaft'),
('66e7f275-9e96-4749-b807-d2f83dda9b19', '3cff3def-1c62-4728-921d-38cd9d52b017', 'KALTAKQUISE', 'ACTIVE', 0, 'Funktion: Gesamtleitung/Direktion | Mitarbeiter: 1 bis 10 | Branche: Beherbergungsstätten'),
('64069b62-cbc8-4b77-ac6a-585baf8f9aa9', 'c8422e68-c015-42e0-b752-1d7360e3444e', 'KALTAKQUISE', 'ACTIVE', 0, 'Funktion: Geschäftsführer/in (CEO) | Mitarbeiter: 101 bis 500 | Branche: Baugeschäfte | Rechtsform: Aktiengesellschaft'),
('3764b3b4-0a7b-45af-a493-d0a30d793472', '24d4c9e1-2c9f-4f76-8f61-8428d188ed74', 'KALTAKQUISE', 'ACTIVE', 0, 'Funktion: Geschäftsführer/in (CEO) | Mitarbeiter: 1 bis 10 | Branche: Kosmetikstudios'),
('c2fad8d5-da34-4937-b6ce-827cf634888e', 'f97dfc15-f058-4022-88ed-80b9772815de', 'KALTAKQUISE', 'ACTIVE', 0, 'Funktion: Geschäftsführer/in (CEO) | Mitarbeiter: 1 bis 10 | Branche: Tierarztpraxen | Rechtsform: Stiftung'),
('602b13ff-89b0-4c84-9a6b-63cec916c1ec', 'd5572458-694a-4734-a5eb-3f61b13fd05f', 'KALTAKQUISE', 'ACTIVE', 0, 'Funktion: Geschäftsführer/in (CEO) | Mitarbeiter: 1 bis 10 | Branche: Boden- & Plattenleger'),
('3fe51ea1-ce81-4e24-8514-afd8854ef0dd', 'f92107bf-4985-4e3f-8623-add62b917b74', 'KALTAKQUISE', 'ACTIVE', 0, 'Funktion: Geschäftsführer/in (CEO) | Mitarbeiter: 1 bis 10 | Branche: Sanitär & Haustechnik | Rechtsform: Aktiengesellschaft'),
('5d52ba63-9af2-4ffe-888e-d501c8264776', '283b4a42-7361-4893-acd8-979a61d17573', 'KALTAKQUISE', 'ACTIVE', 0, 'Funktion: Geschäftsführer/in (CEO) | Mitarbeiter: 1 bis 10 | Branche: Gartenbau & -pflege');

INSERT INTO lead_tags (lead_id, tag_id) VALUES
('bfe84bbf-3368-4390-b498-bfca6c80837f', 'ka-b2b'),
('48a30664-3831-46ae-a9c3-f833cce7e059', 'ka-b2b'),
('31697ef0-978d-4c2b-96d5-d138d1267170', 'ka-b2b'),
('e65f1668-7668-4fc6-8ae1-7263941d951a', 'ka-b2b'),
('9c36d473-a412-416e-b2ae-afe21f9ba4f7', 'ka-b2b'),
('f44cc950-ecaa-45b3-aa36-692ee55abc2f', 'ka-b2b'),
('306bda37-c8f3-4f9e-908d-3cf0612568cf', 'ka-b2b'),
('62c855e7-4262-4a95-b8b4-6d12e62cb488', 'ka-b2b'),
('10659298-e3b7-41c0-bba3-9bc0595943c6', 'ka-b2b'),
('c98de9fd-ca02-44da-a75d-9d39f85c3e3c', 'ka-b2b'),
('b74af6c5-8d63-4fbb-ad1c-1d473a013409', 'ka-b2b'),
('b8f2b19e-570f-40a2-a06a-5eebab73a9ec', 'ka-b2b'),
('0e23bb62-ee24-422d-86f2-fcef93da1012', 'ka-b2b'),
('a80e5805-5d66-4d23-9c24-807edb17065e', 'ka-b2b'),
('a0e8bced-b2ae-4a03-8d5d-3ab3985452bb', 'ka-b2b'),
('4b757149-05d5-4462-91bc-13c759bc177e', 'ka-b2b'),
('9836753e-be80-4694-addc-b3ddd4290f69', 'ka-b2b'),
('bebe6fb0-e82d-4d38-8030-8c7d9c5a0bbe', 'ka-b2b'),
('5b38c6c9-2d38-4cf0-8dff-5f1c7544a06e', 'ka-b2b'),
('3b5d38b3-e4ff-4022-a209-6a54b649ae7a', 'ka-b2b'),
('5ab0821f-4eca-464c-8981-f13e3c534b9b', 'ka-b2b'),
('c5323631-516a-4ee5-943b-65c1d0b79efa', 'ka-b2b'),
('5b511034-0e33-4b42-b9d7-4d4c68ca1927', 'ka-b2b'),
('3a6b32ed-f1ec-4a15-891d-f7c03d6649b4', 'ka-b2b'),
('79160204-bcc3-46c2-bb00-e5992a2a5507', 'ka-b2b'),
('a4ae7a11-7390-42ec-bbc0-c87df92e9c32', 'ka-b2b'),
('3fbf9abc-90a5-4a0d-b21a-d35e96416a83', 'ka-b2b'),
('df18071e-e4d5-44ca-accd-64eaaf3f33b6', 'ka-b2b'),
('c995b98b-1078-46e5-b341-7dfab02301e9', 'ka-b2b'),
('416798cb-5550-4330-82e2-3059202f1bec', 'ka-b2b'),
('3730f2bf-9806-4965-9ca8-766995434bb4', 'ka-b2b'),
('f6f8e613-1399-4a9b-915d-a0c96aa9ae71', 'ka-b2b'),
('e7505a73-5f7e-48ed-b18e-90b0bb98fb75', 'ka-b2b'),
('1a6d0ff0-415c-49e5-b000-77ad78f208c7', 'ka-b2b'),
('92541bb2-d7b2-435e-8a59-d2e44768adee', 'ka-b2b'),
('e80e2966-3930-414a-9d98-8baf44d524b5', 'ka-b2b'),
('49869207-af4e-4f3d-983f-0868a68e9cea', 'ka-b2b'),
('3fa4ed86-2eeb-47e5-b0c7-9c5cee7bcf95', 'ka-b2b'),
('6a5bb0b7-84bc-4aae-b5eb-d81a39918111', 'ka-b2b'),
('19e2389c-c7f2-4c89-8668-762b300d81e5', 'ka-b2b'),
('b515c7b6-cf8a-4fef-aee2-afe50e8aac36', 'ka-b2b'),
('1f2edb67-e8be-4054-8d3b-4c992083ff91', 'ka-b2b'),
('1d6d5d25-b3a1-485d-bb74-9969b23bf874', 'ka-b2b'),
('e732a2ea-523d-41d0-b12e-f3bc5c78b35c', 'ka-b2b'),
('3f3f6512-982c-472a-b789-297910886808', 'ka-b2b'),
('e984b41d-d103-4afc-9c9e-6e86042ba0d0', 'ka-b2b'),
('960af692-9bb3-48a7-b251-ba023ff52d41', 'ka-b2b'),
('4757fc4c-cf35-4782-b732-c10785dcb447', 'ka-b2b'),
('3985890b-5b5b-4b54-b249-7731509e22d0', 'ka-b2b'),
('ed2fc9cd-353e-4057-be8f-814b40fe2b7e', 'ka-b2b'),
('b3b76d1c-f1d9-47b9-b163-b2d4d159b244', 'ka-b2b'),
('25a91d62-78b8-46f9-aadf-12db4d5f4107', 'ka-b2b'),
('01cb1004-b4f0-4b1a-86ee-0e31482b04b5', 'ka-b2b'),
('147898cb-211e-46e0-b4c9-1e9b546de01d', 'ka-b2b'),
('07fe6466-a7fb-4e6e-bddd-91e90778db9c', 'ka-b2b'),
('093d0804-4b95-472e-8771-bd7fb22e0902', 'ka-b2b'),
('c11608bf-66be-4a49-adc5-43eeed963175', 'ka-b2b'),
('cb48cb1b-57ed-4af1-ba30-a674743965be', 'ka-b2b'),
('71e3c46c-4554-4781-960a-28cf82cf1c5d', 'ka-b2b'),
('39825102-84f5-4498-84f0-d4d534dac468', 'ka-b2b'),
('53ed8786-cc0b-46d5-97c0-3583ba8ccd3a', 'ka-b2b'),
('67ba6824-994f-4e76-bf66-7619e5dc0562', 'ka-b2b'),
('dd7b02e6-6528-4a0e-a1a7-d2c0566f8a33', 'ka-b2b'),
('73f6242a-d0f9-4182-8406-64e720bc16a4', 'ka-b2b'),
('aee5d791-9ced-4539-9b1e-3fd2050b3c20', 'ka-b2b'),
('cb89f965-39b0-4787-80cc-ddc0dd8b7969', 'ka-b2b'),
('779db98c-4d34-4035-95bd-e16626b3c0b1', 'ka-b2b'),
('c5cb19a7-a793-4e22-bc4a-e45ac6bc433a', 'ka-b2b'),
('d486b0aa-2e99-4fec-aaab-142b3f1c3049', 'ka-b2b'),
('f60dfbc7-5a1c-469a-8c29-90462ba47000', 'ka-b2b'),
('6314d31a-ed6a-4cdc-8ed7-745a81830c91', 'ka-b2b'),
('d8b9ee80-6d0a-47da-80a8-c9ad10459b13', 'ka-b2b'),
('9374fee2-d0ea-438f-98c9-00e67c50d750', 'ka-b2b'),
('1cdfcd52-40a2-4fea-ad88-475dd04858ef', 'ka-b2b'),
('8e52dd91-5c14-430c-b8e5-b958e9a5e394', 'ka-b2b'),
('bbffb5bb-0aa7-461a-931f-737fece534e3', 'ka-b2b'),
('d3016d2d-82e1-400b-8cb0-2d2c49ccf370', 'ka-b2b'),
('7380bc41-0e4a-4d71-a401-280be26de307', 'ka-b2b'),
('3aa3da0c-6237-4a16-a628-2813d893efa9', 'ka-b2b'),
('02bd5747-ddad-4790-8d22-0aa06c158955', 'ka-b2b'),
('99db7814-324a-465c-b49b-ae2a073848c5', 'ka-b2b'),
('4f28a2a4-5259-41b0-b4b8-33e773520519', 'ka-b2b'),
('c13aea06-6edf-4357-8d54-774e9c089bce', 'ka-b2b'),
('3f26a313-bfca-4fd4-82f0-d9a3d485c3e4', 'ka-b2b'),
('e5da3ba6-e57e-4e33-9f14-c6cd814805bd', 'ka-b2b'),
('eb4e5cfe-7922-484a-97f6-1934fb9e1c50', 'ka-b2b'),
('5934e697-4af8-49e7-8d01-5cb6683967d7', 'ka-b2b'),
('f7f85e72-3a72-4d81-bc1b-a55276e96e06', 'ka-b2b'),
('5024eb1b-c48f-4ac7-a542-38df91f51600', 'ka-b2b'),
('c8846066-e728-43dc-82a1-3a866deae26f', 'ka-b2b'),
('4e87c2df-be2b-4f8e-a42e-f9cb70e749ae', 'ka-b2b'),
('eb851f7d-0063-4bab-97e0-336bfd50c432', 'ka-b2b'),
('d64c625d-3290-48c1-a889-00e0b203cbff', 'ka-b2b'),
('fa4b70cd-6939-4aa5-9acd-3fe5fa15e383', 'ka-b2b'),
('d752f29a-657d-4536-b16c-af228ae6600e', 'ka-b2b'),
('e9126687-76f2-45b3-b22c-fedfe0d58459', 'ka-b2b'),
('4aeff984-2fc7-4d20-a551-65de8525d287', 'ka-b2b'),
('6ef65cb1-e715-482c-bd1b-284139fff41a', 'ka-b2b'),
('d91f287b-45b4-46b6-8573-31b4144d23de', 'ka-b2b'),
('f6ff63d2-d2ba-4db2-882c-de8f5ef57582', 'ka-b2b'),
('c1b4aece-32f3-4d24-8b96-c0bf886941ae', 'ka-b2b'),
('61951670-a093-4b18-b3fc-f8358633578c', 'ka-b2b'),
('3321e090-4ff6-4a17-8725-1c03cbe6aec2', 'ka-b2b'),
('e1112ddc-7122-46cb-801f-e1f7c7a9e52e', 'ka-b2b'),
('3516ff90-0a0d-41ee-9d1e-adedc05b1f01', 'ka-b2b'),
('22b4867d-01c7-40d2-8cbf-ba79de85edf0', 'ka-b2b'),
('1ed96c03-cd89-4d4c-871f-ee58a86683ca', 'ka-b2b'),
('fea07563-2ba9-4b5c-b29b-4af476f46fb1', 'ka-b2b'),
('e120cdfc-ee13-41fe-b9c0-818189ecdad8', 'ka-b2b'),
('50c05971-52c2-4177-9406-bc70b4017cee', 'ka-b2b'),
('bc608bf9-dc85-4f9c-b297-9f3e9c6ca1bc', 'ka-b2b'),
('f359a3e4-76b5-483a-92ae-a30d08e53984', 'ka-b2b'),
('c2fc9ab8-4c81-4b95-955f-650c81a53d1c', 'ka-b2b'),
('194e1085-2307-44b9-91de-6cf15fa0a10f', 'ka-b2b'),
('f5982cc9-c8db-473a-9ffb-74d567c86bf7', 'ka-b2b'),
('bc92ca6d-7a6a-46b4-8c4a-7d1b529e3817', 'ka-b2b'),
('5ad351de-be34-408b-928c-24a9e26d087c', 'ka-b2b'),
('d870abfe-bcdb-4718-aa41-f25fef9777c3', 'ka-b2b'),
('c70e4e60-d8b2-4e02-bcff-1471f41cd3a9', 'ka-b2b'),
('0055bcc1-391e-41a3-be6c-37d53a8d9a4f', 'ka-b2b'),
('59679b35-1663-4bdf-831a-df2dc5bb4042', 'ka-b2b'),
('f7fc8b7c-8a89-4bb0-8a88-6009861314b1', 'ka-b2b'),
('2356cd59-e066-4fce-bac5-52abd1d9883a', 'ka-b2b'),
('663628e7-6dd3-480d-8d5c-eabfd7586b31', 'ka-b2b'),
('1c124b6b-ec00-4dba-bb15-26575cc93ed8', 'ka-b2b'),
('97383c32-5024-4c9c-81ce-118f71949d7b', 'ka-b2b'),
('6e344c64-2841-4162-aeb5-af302777ab71', 'ka-b2b'),
('da591629-0350-468c-88bb-7c9d5de21986', 'ka-b2b'),
('46bd4109-d1e4-49cd-bef7-df623a839aa9', 'ka-b2b'),
('2dc42e05-c068-4fa6-b6f3-05543060be44', 'ka-b2b'),
('bd489087-f757-4c80-b604-9b075da534bd', 'ka-b2b'),
('4505aa06-4386-4361-8869-3dcf18e45fea', 'ka-b2b'),
('cafe2060-62c2-4cbb-8ac3-542d3c8602dc', 'ka-b2b'),
('6f294233-b185-43da-b0e1-0b0716d3f615', 'ka-b2b'),
('8c4f8c9d-1627-41c2-b920-de308e9ce4d5', 'ka-b2b'),
('7d2e943c-09b4-42d9-bcf7-6848334e8cce', 'ka-b2b'),
('84e591f3-f41c-4b25-bc9f-d6b603356150', 'ka-b2b'),
('56126a41-3c44-4219-8f69-df1a3877574d', 'ka-b2b'),
('deaffab8-e04a-452e-b275-2fbd7517a401', 'ka-b2b'),
('8885cce3-9d88-4407-9e36-49a1f1231959', 'ka-b2b'),
('39c24627-2b8d-4748-80d0-1b5c51e45d23', 'ka-b2b'),
('e93cebc7-5120-465d-9aa6-f8101e98bb4b', 'ka-b2b'),
('557a22b3-6cb5-4eb0-bf41-1053aa02a8a5', 'ka-b2b'),
('2940bde4-ae71-4844-a4b7-2dd46720fd54', 'ka-b2b'),
('0d7e9248-ed72-4057-bd69-5a44486e634c', 'ka-b2b'),
('5a767338-3b51-4aff-9d16-06c550a27df4', 'ka-b2b'),
('498014a6-b6ae-475b-b955-9bab129131c1', 'ka-b2b'),
('93dbb08f-9883-4af7-bd96-edfac980df41', 'ka-b2b'),
('f10d743d-3802-4059-8c3e-3fd84f374631', 'ka-b2b'),
('2b8f5902-1a11-4652-a79c-af0cb3b2ab2f', 'ka-b2b'),
('88e393cd-91a6-448b-87a2-ed3702c4d9c3', 'ka-b2b'),
('29730f70-c5ea-4e72-ba9d-d1f742e67a48', 'ka-b2b'),
('da13bbcb-8ad8-4879-b093-24b0a2b806f1', 'ka-b2b'),
('d84bcf12-5a33-42bc-8769-2bebeb9e4bb5', 'ka-b2b'),
('42b5b5e1-e7fa-4af3-b054-5536333f0854', 'ka-b2b'),
('acb3fd0a-66f0-4993-9919-9e725ff8c315', 'ka-b2b'),
('f5e7d211-1747-411d-99c6-b961316af4dd', 'ka-b2b'),
('428142ff-a6dd-4e6c-89c1-f3666d05173a', 'ka-b2b'),
('d48ffadc-2a3f-4131-897b-49f1283e9d06', 'ka-b2b'),
('966be69f-82ae-4093-8713-dd73d2059a9c', 'ka-b2b'),
('9e8e7070-d825-4bf9-8595-fbc29e5bceb1', 'ka-b2b'),
('47c85103-a99a-4fe0-869b-6fa50d47ec93', 'ka-b2b'),
('a3352f09-3e10-47f8-b975-9bf1daa17ab6', 'ka-b2b'),
('5dce0f05-f900-45e5-b2b3-6e8c93eb8187', 'ka-b2b'),
('067698a1-2b56-409d-af9a-c31009f49007', 'ka-b2b'),
('5b1247d5-454e-444e-b8af-2653f522fd16', 'ka-b2b'),
('e556a414-763a-4515-9398-32c538d194f8', 'ka-b2b'),
('8aec2c1d-0b97-4494-84f3-555c0a95ce85', 'ka-b2b'),
('ae8ad41b-56e4-414c-8d58-a1e22bd54043', 'ka-b2b'),
('4bb77489-da52-49ef-a14b-87eab0bd26a7', 'ka-b2b'),
('190ccffa-b46c-4e8d-a262-8b2aebc9afa7', 'ka-b2b'),
('0de14f09-aab4-435e-8806-c705c31707d6', 'ka-b2b'),
('0dceb5b8-696e-4877-a059-53489dd40d12', 'ka-b2b'),
('a984f37a-60cb-45a8-acef-f21776ba2f3a', 'ka-b2b'),
('68af438c-0390-47ac-82a4-a598f510d68a', 'ka-b2b'),
('35e210c7-6977-41ec-9bf1-ef4571922ee6', 'ka-b2b'),
('ec2a418d-17f1-4fae-97f6-e02eda8cf1bb', 'ka-b2b'),
('00892e40-40a0-4dd0-97fd-23547f011be0', 'ka-b2b'),
('9b654def-0b66-4a7a-876e-9362add49427', 'ka-b2b'),
('23a97e4f-b8de-42de-93e7-5f8961c79b9d', 'ka-b2b'),
('5c133706-fb69-46cc-8511-01507303bfb1', 'ka-b2b'),
('370b325b-6417-4427-af8b-4c9965d7a2df', 'ka-b2b'),
('d8532703-b046-4f6a-b8bf-5134d2b68f01', 'ka-b2b'),
('c8a09702-e667-400f-898f-fbb7fff68363', 'ka-b2b'),
('ac8a7384-2272-48ea-a18f-f8e7f57d99ed', 'ka-b2b'),
('17b57b10-2d8b-4e66-b965-f8c78ac5d29d', 'ka-b2b'),
('db1a930d-8483-4291-b025-dc85a6cf8715', 'ka-b2b'),
('94db1a51-7271-4af9-ae45-df2c0c991f1b', 'ka-b2b'),
('9e70d6b3-62f3-489d-9286-59da0cf5656f', 'ka-b2b'),
('d24750bd-e5a5-4f65-aeb1-52d8d11b9c5e', 'ka-b2b'),
('b4b80f9a-615c-40c8-9cfc-4c2b96ab96ce', 'ka-b2b'),
('9567bf0d-e5aa-40a0-b9b5-49b7020cf19e', 'ka-b2b'),
('4960ef42-e056-4df7-b210-cd81a6ae48cd', 'ka-b2b'),
('66e7f275-9e96-4749-b807-d2f83dda9b19', 'ka-b2b'),
('64069b62-cbc8-4b77-ac6a-585baf8f9aa9', 'ka-b2b'),
('3764b3b4-0a7b-45af-a493-d0a30d793472', 'ka-b2b'),
('c2fad8d5-da34-4937-b6ce-827cf634888e', 'ka-b2b'),
('602b13ff-89b0-4c84-9a6b-63cec916c1ec', 'ka-b2b'),
('3fe51ea1-ce81-4e24-8514-afd8854ef0dd', 'ka-b2b'),
('5d52ba63-9af2-4ffe-888e-d501c8264776', 'ka-b2b');
