-- Batch 16 (200 records)
INSERT INTO contacts (id, first_name, last_name, email, phone, company, address) VALUES
('a1475970-67db-43de-985b-07e1090222ce', 'Cyrill', 'Stadler', 'cyrill.stadler@altor.ch', '071 226 00 41', 'ALTOR Vermögensverwaltung AG', 'St. Leonhard-Strasse 12, 9001 St. Gallen, St. Gallen'),
('3100b7ab-e351-4e75-bd39-c662a24ad2ad', 'Sascha', 'Friedli', 's.friedli@altorfer-ag.ch', '052 355 05 01', 'Altorfer AG Metallbau', 'Pfäffikonerstrasse 50, 8307 Effretikon, Zürich'),
('86539cf4-cdeb-4795-94c1-7b122f5d2cda', 'Remo', 'Altorfer', 'r.altorfer@altorfer-architekten.ch', '044 444 50 00', 'Altorfer Architekten', 'Zentralstrasse 26, 8604 Volketswil, Zürich'),
('1e568b0e-642d-4888-a32a-71c5a3bb21da', 'Jürg', 'Kienholz', 'jk@ak-ks.ch', '043 266 10 50', 'Altorfer, Kienholz + Partner GmbH', 'Chlupfgasse 9a, 8303 Bassersdorf, Zürich'),
('218b469d-cef7-481d-9250-ff5cc9700610', 'Michael', 'Portner', 'info@altorfer-elektro.ch', '052 721 19 29', 'Altorfer-Elektro GmbH', 'Wellhauserweg 41, 8500 Frauenfeld, Thurgau'),
('14fbabfe-7c5a-454d-b4f6-35a78e6c8790', 'Andrea', 'Dubach', 'andrea.dubach@altra-vista.ch', '043 810 87 87', 'altra vista gmbh', 'Ifangstrasse 12b, 8603 Schwerzenbach, Zürich'),
('830fec45-6d22-4d4c-bf50-7a34558904d5', 'Markus', 'Zemp', 'info@altrac.ch', '044 744 61 11', 'ALTRAC AG', 'Bahnhofstrasse 3, 5436 Würenlos, Aargau'),
('e3879fd8-c592-4d1c-bf98-7332c40dd067', 'Patrick', 'Picenoni', 'info@altrafin.com', '043 888 29 00', 'Altrafin AG', 'Tödistrasse 5, 8002 Zürich, Zürich'),
('568e9a7d-2763-4a0e-aa6e-2f821b7a7ad9', 'Ercan', 'Duran', 'info@altrana.ch', 'N.a.', 'Altrana Advisory AG', 'Nüschelerstrasse 31, 8001 Zürich, Zürich'),
('040a7e33-5ce6-4dec-a7b0-2bc2f7a3e230', 'Michael', 'Städeli', 'michael.staedeli@altrimo.ch', '071 243 04 01', 'altrimo AG', 'Weissbadstrasse 1, 9050 Appenzell, Appenzell Innerrhoden'),
('4da34e70-b98b-4353-b579-fd3e15cd1629', 'Didier', 'Kernwein', 'legal@altruce.ch', '044 500 35 06', 'Altruce GmbH', 'Stoffelweg 6, 8820 Wädenswil, Zürich'),
('8f86503d-69bd-41a1-ae67-d6ddf51e241d', 'Etienne', 'Straumann', 'info@altschhof.ch', '071 699 10 81', 'Altschhof', 'Altshof 2, 8566 Dotnacht, Thurgau'),
('8dc8e2ca-d24a-43b9-8eec-ae4dde62418c', 'Martin', 'Fischli', 'info@altoel-entsorgung.ch', '079 590 02 02', 'Altspeiseöl Abholdienst Fischli GmbH', 'Wannenweg 6, 4133 Pratteln, Basel-Land'),
('e6ad2a9c-0a35-4438-8132-b5e4a78751d6', 'Judith Ottilie', 'Wälchli Gisi', 'buch@altstadtbuchhandlung.ch', '026 670 57 77', 'Altstadt Buchhandlung GmbH', 'Hauptgasse 37, 3280 Murten, Fribourg/Freiburg'),
('ed8dda4b-4751-4c9d-b1dc-3d8676ef8b85', 'Mattias', 'Larsson', 'service@hotel-altstadt.ch', '044 250 53 53', 'Altstadt Hotel AG', 'Kirchgasse 4, 8001 Zürich, Zürich'),
('7d283999-1f5f-4210-a365-e6fe58c0bf32', 'Oliver P.', 'Meier', 'info@krone-luzern.ch', '041 419 44 00', 'Altstadt Hotel Krone Luzern', 'Weinmarkt 12, 6004 Luzern, Luzern'),
('b96214fb-a766-4c4d-81f3-cf1995bfac38', 'Oliver', 'Meier', 'mail@magic-hotel.ch', '041 417 12 20', 'Altstadt Hotel Magic Luzern', 'Kornmarkt 1, 6004 Luzern, Luzern'),
('afa737f2-b22c-4fd6-b0bc-d2655e01d516', 'Yasemin', 'Yüksel', 'altstadtpraxis@hin.ch', '052 260 04 60', 'Altstadtpraxis Winterthur', 'Technikumstrasse 90, 8400 Winterthur, Zürich'),
('4a682f08-a53a-4376-a3c0-ed59620fdeee', 'Peter', 'Wagner', 'office@alturos.com', '055 588 01 75', 'Alturos Destinations AG', 'Churerstrasse 54, 8808 Pfäffikon, Schwyz'),
('3d2d39c5-2ed5-4bc8-a3de-215658a7ecfb', 'Manuel', 'Altwegg', 'info@altwegg-garten.ch', '071 455 19 09', 'Altwegg blühende Gärten AG', 'Watt 12, 9306 Freidorf, Thurgau'),
('f0fa4d95-ac4d-45eb-bf90-cdaf5623b7ec', 'Thomas', 'Altwegg', 'info@altwegg-gartenbau.ch', '055 240 16 36', 'Altwegg Gartenbau AG', 'Schönbühlstrasse 10, 8635 Dürnten, Zürich'),
('936397b3-672c-4159-a66b-3523abc3047b', 'Jörg', 'Altwegg', 'joerg.altwegg@altwegg.ch', '071 657 21 27', 'Altwegg Oberhänsli AG', 'Falkenstrasse 27, 8570 Weinfelden, Thurgau'),
('cdd21dbe-cadd-4807-8f9b-f03f3103091d', 'Juanito', 'Diggelmann', 'juanito.diggelmann@altwerk.ch', '078 842 24 86', 'altwerk GmbH', 'Nesslerenstrasse 36, 3176 Neuenegg, Bern'),
('2ddcfba5-4163-4d60-ac2e-4737c8994631', 'Martin', 'Larcher', 'mail@alu-arch.ch', '044 720 70 00', 'Alu Architekten', 'Alte Landstrasse 12, 8800 Thalwil, Zürich'),
('21595aec-bcdd-4343-9cc8-587167e9a621', 'Marcel', 'Beglinger', 'mab@alu-frameless.ch', '078 845 66 36', 'Alu Frameless AG', 'Industriestrasse 22, 5106 Veltheim, Aargau'),
('2acbc105-8e66-4d50-bd43-692c812c4cd3', 'Emanuel', 'Wüest', 'info@aluart.ch', '041 932 19 32', 'ALUART AG', 'Gewerbe 2, 6025 Neudorf, Luzern'),
('a670139a-17dd-41d9-84f9-f0cdc6965c69', 'Eduardo', 'Gil', 'info@aludesign.ch', '061 487 00 07', 'ALUDESIGN AG', 'Binningerstrasse 107, 4123 Allschwil, Basel-Land'),
('324e96da-0ce0-42f0-a16e-a3f8f240ba13', 'Johannes', 'Steurer', 'info.ch@aluflexpack.com', '062 765 25 20', 'Aluflexpack AG', 'Alte Aarauerstrasse 11, 5734 Reinach, Aargau'),
('9fcc75d8-96d2-45e8-8440-9fd8bcefd96b', 'Fredy', 'Kümin', 'info@alumag.ch', '055 410 57 00', 'Alumag AG', 'Weidstrasse 31, 8808 Pfäffikon, Schwyz'),
('d53e4156-e6be-4cd6-b1b0-3cc3e272bcc4', 'Simon', 'Widmer', 'alumnilounge@sv-group.ch', '044 633 72 12', 'Alumni Lounge', 'Stefano-Franscini-Platz 5, 8093 Zürich, Zürich'),
('1af537f2-e221-44f1-b755-b0dd0632e2a4', 'Sandra', 'Geiger', 'info@alumo.ch', '071 788 91 55', 'Alumo AG', 'Cilanderstrasse 19, 9100 Herisau, Appenzell Ausserrhoden'),
('32351b3d-4ebe-407a-a78a-1257b13e9cf1', 'Manuela', 'Schmidt', 'manuela@alunir.ch', 'N.a.', 'Alunir GmbH', 'Büchelstrasse 15, 9443 Widnau, St. Gallen'),
('d75dbc90-11af-42fe-a838-b68dd2c7af9b', 'Patricia', 'Bumann-Kolb', 'info@alupak.com', '031 818 31 31', 'alupak AG', 'Aemmenmattstrasse 45, 3123 Belp, Bern'),
('b37c976c-3076-40f4-975d-69f7d5567d8e', 'Sylvia', 'Stampfli', 'sylvia.stampfli@gmx.ch', '062 756 15 22', 'Alura - Praxis für Kinesiologie', 'Anton Kronenbergweg 8, 6252 Dagmersellen, Luzern'),
('85bf774a-d329-4029-8f33-26f23900a2cf', 'Andrea', 'Hässig', 'a.haessig@alurexsoleda.ch', '071 388 32 26', 'Alurex Soleda AG', 'Sornpark 1, 9246 Niederbüren, St. Gallen'),
('8a6ef7cf-f19f-4075-a79c-4fd61a259e60', 'Susanna', 'Alushi', 'info@alushi.ch', '052 376 16 80', 'Alushi AG', 'Frauenfelderstrasse 66, 9548 Matzingen, Thurgau'),
('87ebc59f-927f-4a3f-811e-f60e9950d646', 'Abas', 'Alushi', 'info@alushi-reinigungen.ch', '055 534 32 31', 'Alushi Reinigungen', 'Konsumstrasse 10, 8630 Rüti, Zürich'),
('38083351-7b77-43f8-b90f-a00bff06ba4c', 'Jörg', 'Annaheim', 'info@aluventos.ch', '079 228 02 20', 'aluventos Jörg Annaheim', 'Lindauerstrasse 15, 8317 Tagelswangen, Zürich'),
('983bbaec-8b30-4c8c-9967-79566cd81a6a', 'René', 'Wagner', 'rene.wagner@aluwag.ch', '071 424 27 74', 'ALUWAG AG', 'Nellen 12, 9246 Niederbüren, St. Gallen'),
('b5c841e8-28f7-42b9-b9c8-28ac20a4c452', 'Marcel', 'Maurer', 'mail@alvar.ch', '032 342 10 00', 'Alvar Architektur AG', 'Delfterstrasse 36, 5004 Aarau, Aargau'),
('4a800554-af1f-489f-b8a4-da6d9fb9e208', 'Sean', 'Peyer', 'speyer@alvarezandmarsal.com', '079 256 94 88', 'Alvarez & Marsal Switzerland GmbH', 'Tödistrasse 47, 8002 Zürich, Zürich'),
('68711ab7-3fc2-4fe8-b628-1b134a633c97', 'Rafael', 'Alvarez', 'info@alvarez-personal.ch', '071 841 17 17', 'Alvarez Personal GmbH', 'Hauptstrasse 101, 9400 Rorschach, St. Gallen'),
('f67d2a1d-53df-45ae-8e8b-699150d580ca', 'Michael', 'Balmer', 'info@krankenkasse.sg', '071 913 88 50', 'Alvaro Beratungs GmbH', 'Mattstrasse 6, 9500 Wil, St. Gallen'),
('8b2706cf-4bfd-4f46-9dcf-f17a403fced8', 'Janick', 'Stucki', 'info@alveolix.com', 'N.a.', 'AlveoliX AG', 'Freiburgstrasse 3, 3010 Bern, Bern'),
('1e0769f8-e609-4610-b660-b7a8a6db0bc0', 'Bernhard', 'Imwinkelried', 'bernhard.imwinkelried@alvera.ch', '044 311 40 54', 'Alvera Treuhand AG', 'Querstrasse 8, 8050 Zürich, Zürich'),
('d4557c61-b288-428c-84ed-6965b0021d84', 'Barbara', 'Freitag-Hess', 'support@alveroa.ch', '041 552 00 63', 'Alveroa Commerce GmbH', 'Eichwaldweg 8, 6222 Gunzwil, Luzern'),
('0b8add7c-d592-4bca-895f-d8d549a4e05a', 'Joaquim', 'Alves Moreira', 'alves.parkett@bluewin.ch', '079 798 32 44', 'Alves Parkett', 'Untere Gründlistrasse 12, 6060 Sarnen, Obwalden'),
('64ebba2f-0eab-44d9-a49c-0cf13448f665', 'André', 'Alves', 'info@alves-services.ch', '044 201 46 46', 'Alves Services GmbH', 'Ringstrasse 2, 8603 Schwerzenbach, Zürich'),
('fca13691-4f8c-4c0d-aa3d-a19522002425', 'Manuela', 'Eyholzer-Zysset', 'info@alvetta.ch', '081 833 83 76', 'Alvetta Hair & Beauty', 'Via Maistra 113, 7505 Celerina/Schlarigna, Graubünden'),
('d2439c51-783c-45db-9bde-6026c995af9e', 'Rémy', 'Vils', 'alvico@alvico.ch', '044 868 30 33', 'Alvico Vils AG', 'Wasterkingerweg, 8193 Eglisau, Zürich'),
('5d0683ec-a7e9-4d75-ad30-842ac14c6c81', 'Désirée', 'Dosch', 'desiree@alvicus.com', '079 201 18 61', 'Alvicus AG', 'Degenstrasse 16, 7208 Malans, Graubünden'),
('fb9a824d-adce-4478-a9de-4b16606aea01', 'Hanspeter', 'Lutz', 'mail@hotelalvier.ch', '081 784 02 02', 'Alvier AG', 'Alpenstrasse 46, 9479 Oberschan, St. Gallen'),
('579332e2-29c3-4a50-8da7-81fccebcc6a4', 'Markus', 'Hobi', 'info@alviergarage.ch', '081 785 12 71', 'Alvier-Garage Sevelen GmbH', 'Büeli 101, 9475 Sevelen, St. Gallen'),
('fd2c3f62-1a8b-46d1-9779-cda25d9596d3', 'Peter', 'Frey', 'alvier@bluewin.ch', '079 681 81 82', 'Alvierhütte', 'Eichwaldweg 7, 9478 Azmoos, St. Gallen'),
('c56d7457-9638-4b27-a312-8afdb11bd69f', 'Thomas', 'Schmidiger', 'thomas.schmidiger@alvoso-pensionskasse.ch', '043 444 64 44', 'Alvoso Pensionskasse', 'Zürcherstrasse 104, 8952 Schlieren, Zürich'),
('a99ff344-9acb-4436-b2e6-cf7683dccd28', 'Guido', 'Spescha', 'info@alvraag.ch', '081 254 12 60', 'Alvra Ingenieure AG', 'Sägenstrasse 97, 7000 Chur, Graubünden'),
('adc11f73-793a-4a42-bf91-f062964952ad', 'Alina', 'Wildi', 'info@alwico.ch', '079 395 74 78', 'ALWICO GmbH', 'Paulistrasse 10, 8834 Schindellegi, Schwyz'),
('d83d81ba-3a43-4593-ab06-70f204909e28', 'Peter', 'Surber', 'surber-ag@bluewin.ch', '044 856 02 28', 'Alwin Surber AG', 'Wehntalerstrasse 52, 8165 Oberweningen, Zürich'),
('834e40fa-3b85-4f64-b4de-3c464544275b', 'Volkan', 'Bozkurt', 'info@alxag.ch', '032 464 70 70', 'ALX Group AG', 'Ipsachstrasse 10, 2560 Nidau, Bern'),
('0c053483-e795-4468-b2da-5991812fc3e1', 'Alain', 'Riff', 'alain.riff@alyos.ch', '061 935 20 79', 'Alyos Technology AG', 'Hauptstrasse 30, 4417 Ziefen, Basel-Land'),
('48f4cee4-31fb-49b4-ae61-a1d2b2187470', 'Alberto', 'Gelpi', 'albertogelpi@gmx.net', '079 771 28 81', 'ALYVE Ayurveda St. Gallen', 'Bleichestrasse 11, 9000 St. Gallen, St. Gallen'),
('5384c091-a5ad-4c8d-ae13-e1f31f4ea567', 'Armina', 'Meta', 'info@am-allround.com', '076 472 22 40', 'AM Allround Meta', 'Landstrasse 81A, 5430 Wettingen, Aargau'),
('9f2ab116-c518-4b3a-a671-54e9f9c03c82', 'Ji Min', 'An', 'jimin@amarchitects.ch', '041 412 29 82', 'AM Architects GmbH', 'Fluhmattweg 5, 6004 Luzern, Luzern'),
('6de8e7b5-9a8c-4aa6-8902-0aa92ef7a691', 'Friederike', 'Scheiwe', 'f.scheiwe@ambaumanagement.ch', '061 273 55 66', 'AM Baumanagement GmbH', 'Gellertpark 12, 4051 Basel, Basel-Stadt'),
('563ab98e-ed67-4413-ad38-2adc794d1cbb', 'Adnan', 'Fazliu', 'info@ambusiness.ch', '081 723 12 77', 'AM Business GmbH', 'Bahnhofstrasse 44, 8890 Flums, St. Gallen'),
('3168b5d8-6ec0-4368-806d-7d496abfd08e', 'Nima', 'Mirzaie', 'info@am-cm.ch', '044 310 44 44', 'AM Consulting & Management GmbH', 'Ueberlandstrasse 200, 8051 Zürich, Zürich'),
('01c9e1bd-e062-4a2e-acf7-0ba286ef2517', 'Colin', 'Jäger', 'info@am-cf.ch', '052 540 00 60', 'AM Contract-Factory AG', 'Werkstrasse 25, 8404 Winterthur, Zürich'),
('91475367-60a5-4443-8b04-969ed610adaa', 'Thomas', 'Gysi', 'info@am-e.ch', '031 741 23 30', 'AM Engineering Gmbh', 'Murtenstrasse 15, 3210 Kerzers, Fribourg/Freiburg'),
('f95b5ce0-1ebd-4744-a6ba-cec2ac883b4e', 'Alban', 'Mazreku', 'a.m@am-gartenbau.ch', '079 587 48 89', 'AM Gartenbau - Mazreku', 'Alte Strasse 24, 7430 Thusis, Graubünden'),
('5fb188c7-c6de-44ab-921e-f5b4dbc3f1de', 'Bruno', 'Pfeifer', 'b.pfeifer@amholzbau.ch', '044 865 21 88', 'AM Holzbau & Bedachungen AG', 'Tannenstrasse 93, 8424 Embrach, Zürich'),
('da452e81-00cf-4450-8854-ff3a7cb9db9f', 'Bernhard', 'Amacher', 'info@kuechentrend.ch', '033 822 03 18', 'AM Küchen GmbH', 'Weissenaustrasse 72, 3800 Interlaken, Bern'),
('33dbdd1e-429c-49d2-bc1d-2e90eabfb30b', 'Daniela', 'Brücker', 'mail@amlindenweg.ch', '079 376 93 41', 'am Lindenweg', 'Lindenweg 12, 5600 Lenzburg, Aargau'),
('348a4010-5eb3-4f34-af83-d117172e7f1b', 'Antonio', 'Mazzeo', 'kontakt@am-maler.ch', '056 631 54 21', 'AM Maler AG', 'Höhenweg 45, 8965 Berikon, Aargau'),
('034b528e-2bb8-49d6-8f20-08ec44e7c93e', 'Adem', 'Morina', 'info@ammedia.ch', '052 233 60 00', 'AM Media GmbH', 'Stegackerstrasse 6, 8409 Winterthur, Zürich'),
('7a838112-c7d5-4d44-a795-66e91c5fea93', 'Azem', 'Music', 'info@am-metallbau.ch', '076 203 07 84', 'AM Metallbau GmbH', 'Neuenkirchstrasse 18e, 6020 Emmenbrücke, Luzern'),
('749ab590-8f3a-4d17-b7b6-f1ad055e8608', 'Ruedi', 'Amsler', 'amsler@am-gmbh.ch', '043 444 14 40', 'AM Montagen GmbH', 'Hardstrasse 10, 8424 Embrach, Zürich'),
('8a404fcf-f63a-4925-8a83-08ce5d7b9299', 'Kurt', 'Waldmeier', 'hello@ampowder.ch', '079 563 44 16', 'AM Powder AG', 'Überlandstrasse 271, 8600 Dübendorf, Zürich'),
('589167e6-7c1d-49bc-8305-c7d15412de00', 'Ruth', 'Hunziker', 'info@am-puls.ch', '052 203 52 52', 'am puls – Homöopathische Praxis', 'Wartstrasse 19, 8400 Winterthur, Zürich'),
('14535d06-aa9a-41e4-84ad-b82d00f1685c', 'Andrea', 'Fux', 'info@klostermariazell.ch', '055 225 49 00', 'Am See Das Mädcheninternat', 'Wurmsbach, 8645 Jona, St. Gallen'),
('c40a8cd6-e5b9-4b06-89aa-ab64388f2c7f', 'Bernhard', 'Von Mühlenen', 'b.vonmuehlenen@amsuisse.ch', '044 285 77 60', 'AM Suisse', 'Seestrasse 105, 8002 Zürich, Zürich'),
('a811f947-baee-4964-a5ae-df32994adb3b', 'Alain', 'Michel', 'info@am-swiss-finance.ch', '044 508 26 99', 'AM Swiss Finance GmbH', 'Zürcherstrasse 133, 8952 Schlieren, Zürich'),
('c8e48913-c921-403c-8975-d9cf8467f1f7', 'Alan', 'Masolini', 'info@amtopboden.ch', '077 261 06 30', 'AM Top Boden GmbH', 'Via Maistra 21, 7513 Silvaplana, Graubünden'),
('1e725e5c-418f-4ac9-9a37-e8e234b3367f', 'Alessandro', 'Musco', 'a.musco@hotmail.com', '071 888 68 86', 'AM Treuhand GmbH', 'Thalerstrasse 18, 9424 Rheineck, St. Gallen'),
('8b244352-1384-4110-9350-60235e722a38', 'Adrian', 'Meier', 'adrian.meier@am-versicherungen.ch', '078 605 61 51', 'AM Versicherungen AG', 'Weiden 169, 5733 Leimbach, Aargau'),
('9e0aa2e0-58cf-4d20-8322-3a8d2adc173b', 'Fatmire', 'Bajselmani', 'fatmire.bajselmani@ampm-spitex.ch', '0800 334 411', 'am.pm. Spitex GmbH', 'Zentralplatz 2b, 5507 Mellingen, Aargau'),
('0ed05698-79a9-414c-b6c3-60bbcd9c346f', 'Tamara', 'Odermatt', 'todermatt@bluewin.ch', '076 340 44 27', 'Ama Gi Shiatsu Inh. Tamara Odermatt Stalder', 'Bürkiweg 6, 3007 Bern, Bern'),
('16f55f74-f21b-4c94-b604-ac3fed33a58e', 'Maurizio', 'Cannizzaro', 'cannizzaro@ama-group.com', '055 645 60 50', 'AMA Group Switzerland Ltd', 'Hornerguet 2, 8754 Netstal, Glarus'),
('4c724a78-aa6e-4276-91b2-edc641a6828c', 'Regine', 'Trenkle', 'info@amabiente.com', 'N.a.', 'Amabiente GmbH', 'Weinlagerstrasse 11, 4056 Basel, Basel-Stadt'),
('545004d6-f3e2-4502-9606-91173e4b4e90', 'Kadri', 'Muhiddin', 'info@amacaerospace.com', '058 310 31 31', 'AMAC Aerospace Switzerland AG', 'Sternengasse 18, 4051 Basel, Basel-Stadt'),
('b033078a-a032-4a13-a44c-3c99fea784c7', 'Daniel', 'Amacher', 'amacher.danielhs@bluewin.ch', '033 437 03 55', 'Amacher Daniel GmbH', 'Gasse 13, 3656 Tschingel ob Gunten, Bern'),
('b3c1a1a1-0a7c-49bb-80eb-36e10ceaa864', 'Urs', 'Amacher', 'info@frisch-vom-puur.ch', '044 845 26 83', 'Amacher Gemüsebau', 'Geigelmooshof 1, 8114 Dänikon, Zürich'),
('85f7b65d-b10d-44ba-9be6-336d19acf3f4', 'Richard', 'Amacher', 'mail@amacherimmobilien.ch', '031 721 66 26', 'AMACHER IMMOBILIEN', 'Bernstrasse 30, 3110 Münsingen, Bern'),
('f418b9ea-7ea6-42c6-825e-624618cb8670', 'Jürg', 'Amacher', 'info@amacherschilder.ch', '044 748 12 11', 'Amacher Schilder AG', 'Steinhaldenstrasse 20, 8954 Geroldswil, Zürich'),
('c564d383-271b-4b6e-8c1f-b7cf1e852f1c', 'Hans Rudolf', 'Amacher', 'info@amacher-technik.ch', '033 334 22 00', 'Amacher Technik', 'Grindelwaldstrasse 45c, 3818 Grindelwald, Bern'),
('c41ba4c2-7f99-4d9b-bd50-8b06f484c93a', 'Pascal', 'Amacker', 'info@amackerschmidag.com', '052 720 70 30', 'Amacker & Schmid AG', 'Oberwiesenstrasse 92, 8501 Frauenfeld, Thurgau'),
('b55022cc-a8e7-4445-8207-47bdde850c50', 'Michel', 'Amacker', 'info@amackerag.ch', '079 639 02 35', 'Amacker AG', 'Hauptstrasse 20, 3943 Eischoll, Wallis/Valais'),
('be073533-c839-4ccb-b63c-24dba399e6f0', 'Philipp', 'Amacker', 'info@amackerautomation.ch', '079 271 79 38', 'Amacker Automation', 'Sonnenackerstrasse 2, 9642 Ebnat-Kappel, St. Gallen'),
('a140f4bb-b98c-4051-a836-70da76a951ae', 'Bruno', 'Amacker', 'amackergmbh@bluewin.ch', '079 707 76 52', 'Amacker GmbH Bauen mit Holz', 'Hof 1929, 9643 Krummenau, St. Gallen'),
('082ee8bf-033e-47ee-a129-4c5f644284fd', 'Christoph', 'Baumann', 'info@amacosa.ch', '056 281 29 46', 'Amacosa AG', 'Gartenstrasse 19, 5303 Würenlingen, Aargau'),
('5513f336-91a8-4543-bf94-7f06bb8a3198', 'Adrian', 'Räber', 'adrian.raeber@amadeo.ch', '041 749 40 70', 'Amadeo Wirtschaftsprüfung AG', 'Chamerstrasse 172, 6300 Zug, Zug'),
('08ef6f56-5804-4e7a-ac5a-44053e892799', 'Stefan', 'Kull', 'info@amadeus-bar.ch', '071 350 13 48', 'Amadeus Bar Herisau', 'Kasernenstrasse 40, 9100 Herisau, Appenzell Ausserrhoden'),
('2f5fd413-7eff-4105-894b-1f8a5087853e', 'Mark', 'Käsermann', 'dataprotection@amadeus.com', '022 544 25 25', 'Amadeus Marketing (Schweiz) AG', 'Hardstrasse 201, 8005 Zürich, Zürich'),
('f8a6186e-acba-419e-9ebe-1d27162a32fd', 'Jürg', 'Tanner', 'info@amadoris.ch', '041 588 11 19', 'Amadoris GmbH', 'Rosenweg 8b, 6340 Baar, Zug'),
('ceb84e17-970b-4115-a94a-d201eba6dc74', 'Mathias', 'Gabler', 'customer.care@amag.ch', '041 748 57 55', 'AMAG Automobil und Motoren AG', 'Alte Steinhauserstrasse 1, 6330 Cham, Zug'),
('30b0dd7b-0aa6-4ec0-b204-efeb58ad5781', 'René', 'Reymond', 'rene.reymond@amag.ch', '044 305 99 01', 'AMAG First AG', 'Bernstrasse 59, 8952 Schlieren, Zürich'),
('d29634f0-14de-4d33-97b5-e80a18bcfdb0', 'Martin', 'Meyer', 'group.communication@amag.ch', '044 846 12 12', 'AMAG Group Pensionskasse', 'Alte Steinhauserstrasse 12, 6330 Cham, Zug'),
('0cf81c08-baca-4314-97b8-4a305f808458', 'Olivier', 'Wittmann', 'operations@amag.ch', '044 846 12 12', 'AMAG Import AG', 'Alte Steinhauserstrasse 12, 6330 Cham, Zug'),
('a7a01601-5de7-4f78-86de-935c877a8a91', 'Nicole', 'Pauli', 'leasing@amag.ch', '0848 252 400', 'AMAG Leasing AG', 'Alte Steinhauserstrasse 12, 6330 Cham, Zug'),
('584c96f4-1308-4817-a518-ef3973344b59', 'Hendrik', 'Lütjens', 'parking@amag.ch', '044 804 40 35', 'AMAG Parking AG', 'Steinackerstrasse 20, 8302 Kloten, Zürich'),
('7609152c-5212-40a5-807f-0cb34f5763bc', 'Pascal', 'Mühlemann', 'info@amagino.ch', '041 360 28 28', 'Amagino GmbH', 'Dattenmattstrasse 14a, 6010 Kriens, Luzern'),
('ac499f55-95f3-4785-8feb-89be26071ca3', 'Gabriela', 'Wüthrich', 'info@amako.ch', '044 887 71 22', 'AMAKO, Agentur für Marketingkommunikation', 'Stuhlenstrasse 26, 8123 Ebmatingen, Zürich'),
('bae93ff1-6904-4349-b161-10fc04d7945d', 'Yvo', 'Hanselmann', 'welcome@amakom.ch', '043 277 07 66', 'Amakom', 'Binzackerstrasse 33, 8622 Wetzikon, Zürich'),
('3b991c07-58d9-4bdb-a98a-d8b4510dac6b', 'Isabelle', 'Blättler', 'amaltheia@bioreform.ch', '079 230 86 56', 'Amaltheia bioreform', 'Bankweg 51a, 5610 Wohlen, Aargau'),
('0ff46a55-3b56-4548-beb5-f601e90addc1', 'Leonhard', 'Praetze', 'info@amanabeachwear.com', 'N.a.', 'Amana Beachwear', 'David-Hess-Weg 31, 8038 Zürich, Zürich'),
('cba31f94-7abd-4b1f-8f02-d03be9418557', 'Regula', 'Müller', 'mail@amana-hair.ch', '032 621 02 32', 'Amana Hair', 'Weissensteinstrasse 24, 4513 Langendorf, Solothurn'),
('3a113a3e-15a4-4047-983f-06cb53a47498', 'Amando', 'Maissen', 'info@toytec.ch', '079 383 55 55', 'Amando Maissen AG', 'Churerstrasse 17, 7013 Domat/Ems, Graubünden'),
('18061f6d-13fe-4b2a-81df-5d41625ddfe6', 'Kasim', 'Amani', 'info@amanis.ch', '076 379 15 51', 'Amani''s Afghan Food', 'Steinentorberg 20, 4057 Basel, Basel-Stadt'),
('4a67ff91-29be-4e5a-84e3-a952898cf42e', 'Beat', 'Amann', 'info@amann.ch', '061 683 10 10', 'AMANN.ch AG', 'Rosentalstrasse 20, 4058 Basel, Basel-Stadt'),
('11cd62bd-3098-458d-8c45-526afabfdd5d', 'Tobias', 'Biland', 'info@amantara.ch', '061 561 72 62', 'Amantara GmbH', 'Reinacherstrasse 117, 4053 Basel, Basel-Stadt'),
('66c2755c-a731-4da2-9c0c-45449f98ed59', 'Birgit', 'Bandulewitz', 'info@amapra.com', '078 713 94 44', 'AMAPRA Ayurveda-Massage-Praxis', 'Kirchenrain 6, 5610 Wohlen, Aargau'),
('b4fee817-10d7-48a2-8db9-d4b11bd6e2e2', 'Andreas', 'Marugg', 'info@amar-ag.ch', '081 650 12 12', 'Amar Garten- und Landschaftspflege AG', 'Isla 12/14, 7405 Rothenbrunnen, Graubünden'),
('15294929-f602-4b60-80ca-6acce0d90305', 'Cornelia Maria', 'Murbach', 'info@amara-nhp.ch', '079 818 88 22', 'amara Naturheilpraxis', 'Zürichstrasse 76, 8910 Affoltern am Albis, Zürich'),
('6e1019c3-1216-4484-b9db-2844e250ac5e', 'Armin', 'Bischoff', 'service@amara.ch', '0848 899 150', 'Amara Schmuck GmbH', 'Wehrstrasse 12, 9015 St. Gallen, St. Gallen'),
('7066c877-efff-470a-83c8-3d09fa28b7be', 'Marcus', 'Malgiaritta', 'info@amar.ch', '081 858 52 43', 'Amar-Arvenmöbel, Gebr. Malgiaritta AG', 'Via Funtauna 240, 7537 Müstair, Graubünden'),
('f889251d-4628-4be8-b0a8-945796cdb8e4', 'André', 'Meier', 'andre.meier@am-architektur.ch', '062 892 03 11', 'Am-Architektur GmbH', 'Aavorstadt 1, 5600 Lenzburg, Aargau'),
('1e473ef8-92b6-4bf0-9193-02296ee6d9b8', 'Thomas', 'Gerber', 'info@amarena-ag.ch', '031 904 04 00', 'Amarena AG', 'Wichelackerstrasse 15a, 3144 Gasel, Bern'),
('b8e7d934-0e27-4aaa-a9c8-2672184fdc2c', 'Mario', 'Fuchs', 'info@amario.ch', '079 338 94 79', 'Amario AG', 'Bahnhofplatz 4, 3920 Zermatt, Wallis/Valais'),
('89de7fa5-4cce-4653-983a-395c0902f686', 'Markus', 'Holdener', 'info@amart.ch', '041 819 50 90', 'Amart AG Küche Und Raum', 'Gotthardstrasse 75, 6438 Ibach, Schwyz'),
('bff78b17-3c7b-4252-8f78-fe014d2facc5', 'Dani', 'Grob', 'dani.grob@amasus.ch', '044 200 53 72', 'Amasus Investment AG', '8027 Zürich, Zürich'),
('b9cf9236-da06-41e1-9440-6ac885d8608a', 'Tiziana', 'Caldart', 'kontakt@amatibern.ch', '077 534 65 60', 'Amati Beauty and Baby', 'Spitalgasse 27, 3011 Bern, Bern'),
('fa5b8466-cab1-4575-a5d8-1aad62cb7dd9', 'Bruno', 'Amato', 'bruno@amatoag.ch', '081 633 45 05', 'Amato Gips AG', 'Via Plarenga 3, 7013 Domat/Ems, Graubünden'),
('e97c5234-1c55-4ac8-bbdb-c07ce8be99fa', 'Claudio', 'Amato', 'claudio@amatoag.ch', '081 630 03 73', 'Amato Maler AG', 'Via Plarenga 3, 7013 Domat/Ems, Graubünden'),
('e1c0afd8-ff58-4f9d-b332-636749328ea7', 'Simona', 'Amato', 'info@amatoqualityclean.ch', 'N.a.', 'Amato Quality Clean', 'Brunnenmattweg 1, 6037 Root, Luzern'),
('bc005fc8-117d-4a3e-9c49-1e069bc0dccb', 'Bettina', 'Amato-Heggendorn', 'info@italiangourmetshop.ch', '079 779 93 32', 'Amato-Heggendorn Trading', 'Winkelstrasse 20, 4153 Reinach, Basel-Land'),
('bda2afc3-4ddb-4522-8975-b5b6bc1932de', 'Ernst', 'Flückiger', 'info@amavis.ch', '034 413 39 00', 'amavis Ernst Flückiger', 'Dunantstrasse 4, 3400 Burgdorf, Bern'),
('ed94583f-6867-472a-8635-05b5d92eb8c4', 'Regula', 'Kuhn-Kofel', 'apotheke.adler@amavita.ch', '058 878 34 51', 'Amavita Adler Apotheke / GaleniCare AG', 'Untertor 39 / Bahnhofplatz 2, 8400 Winterthur, Zürich'),
('c67cc794-fcd5-4b95-b2ef-965b47a6028c', 'Jacqueline', 'Bokoli Mbeka', 'apotheke.central-basel@amavita.ch', '058 878 13 60', 'Amavita Apotheke - Testcenter', 'Centralbahnplatz 13, 4051 Basel, Basel-Stadt'),
('983f625c-c469-45fd-be12-ccb73acf187f', 'Ursula', 'Huwiler-Hofmann', 'apotheke.altdorf@amavita.ch', '058 878 13 20', 'Amavita Apotheke & Drogerie Altdorf', 'Schmiedgasse 11, 6460 Altdorf, Uri'),
('eed33aa7-0f08-4821-91f2-20acbe051479', 'Brigitte', 'Begré', 'ama259@amavita.ch', '058 878 14 40', 'Amavita Apotheke & Drogerie Brugg', 'Neumarktplatz 16, 5200 Brugg, Aargau'),
('7731f9d3-12cd-4d33-90b4-518a3923eaa6', 'Alina', 'Wunderle', 'ama272@amavita.ch', '058 878 11 40', 'Amavita Apotheke & Drogerie Schneeberger', 'Bachweg 1, 4144 Arlesheim, Basel-Land'),
('bcfe6ace-d00b-4a56-a513-0adae146188c', 'Giuseppe', 'Salvatore Marino', 'ama220@amavita.ch', '058 878 12 90', 'Amavita Apotheke Affoltern am Albis', 'Obere Bahnhofstrasse 12, 8910 Affoltern am Albis, Zürich'),
('e9156a74-79e1-4fc3-bb8c-2bf3c2425135', 'Ursula', 'Enz', 'ama224@amavita.ch', '058 878 24 70', 'Amavita Apotheke Albisstrasse', 'Albisstrasse 106, 8038 Zürich, Zürich'),
('275c6a2c-8c72-4f35-817c-62c5d69f576e', 'Sara', 'Vieira Duarte', 'ama255@amavita.ch', '058 878 14 20', 'Amavita Apotheke Bahnhof Bern', 'Christoffelunterführung 6 RailCity, 3011 Bern, Bern'),
('797673ab-445f-4d95-be25-d18d142e20bc', 'Leila', 'Balta', 'apotheke.bahnhof-pratteln@amavita.ch', '058 878 29 90', 'Amavita Apotheke Bahnhof Pratteln', 'Bahnhofstrasse 3, 4133 Pratteln, Basel-Land'),
('8d381710-3450-48c1-b397-8582252d2cba', 'Giulia', 'Covelli', 'apotheke.bahnhof-waedenswil@amavita.ch', '058 878 24 10', 'Amavita Apotheke Bahnhof Wädenswil', 'Bahnhofstrasse 5, 8820 Wädenswil, Zürich'),
('1fb65def-8e2b-433e-bb2d-cedd3db3711e', 'Giannina', 'Tschenett', 'apotheke.bahnhofstrasse-zuerich@amavita.ch', '058 878 24 80', 'Amavita Apotheke Bahnhofplatz Zürich', 'Bahnhofstrasse 108, 8001 Zürich, Zürich'),
('ecd03044-1c44-411d-b2bb-b224c18b522b', 'Bernhard', 'Thomi', 'ama312@amavita.ch', '058 878 32 50', 'Amavita Apotheke Basel St. Jakob', 'St. Jakobs-Strasse 397, 4052 Basel, Basel-Stadt'),
('cd6a531d-3a2d-48fe-b961-22713bc86baf', 'Mario', 'Affolter', 'apotheke.biberist@amavita.ch', '058 878 10 60', 'Amavita Apotheke Biberist', 'Hauptstrasse 30, 4562 Biberist, Solothurn'),
('d974d9e9-479f-41ef-88d2-e5e543a42a67', 'Micha', 'Nellen', 'apotheke.breitenrain@amavita.ch', '058 878 30 80', 'Amavita Apotheke Breitenrain', 'Moserstrasse 33, 3014 Bern, Bern'),
('e08884fb-aab9-4728-89d2-9bde7d4936ba', 'Dominique Vérène', 'Bongartz-Stoppini', 'apotheke.buecheli-center@amavita.ch', '058 878 31 40', 'Amavita Apotheke Bücheli Center', 'Büchelistrasse 10, 4410 Liestal, Basel-Land'),
('86231825-7f1a-46a0-9ad5-f1248d019653', 'Barbara Anna', 'Erb Stähli', 'apotheke.chly-wabern@amavita.ch', '058 878 24 00', 'Amavita Apotheke Chly Wabern', 'Seftigenstrasse 368, 3084 Wabern, Bern'),
('92e2d96a-700e-42f8-a7a0-2d855f0c83a2', 'Sandra', 'Blattnig', 'apotheke.chur@amavita.ch', '058 878 15 10', 'Amavita Apotheke Chur', 'Bahnhofplatz 3, 7000 Chur, Graubünden'),
('2dc50616-be61-4a4e-b03b-be432b96a351', 'Isabell', 'Janza', 'ama264@amavita.ch', '058 878 23 30', 'Amavita Apotheke Corviglia', 'Via Maistra 11, 7500 St. Moritz, Graubünden'),
('1735b3ab-3365-42c5-bc9f-826f9fd5e16e', 'Ute', 'Koetter', 'apotheke.derby@amavita.ch', '058 878 24 40', 'Amavita Apotheke Derby', 'Obere Bahnhofstrasse 1, 9500 Wil 1, St. Gallen'),
('58f35122-a5de-46ea-adc6-beb3e8083a12', 'Simon', 'Frey', 'ama274@amavita.ch', '058 878 27 00', 'Amavita Apotheke Derendingen', 'Hauptstrasse 28, 4552 Derendingen, Solothurn'),
('b523e28f-d61b-49d4-80d9-29cf24b4ca00', 'Elisabeth', 'Locher', 'apotheke.deutweg@amavita.ch', '058 878 31 90', 'Amavita Apotheke Deutweg', 'Pflanzschulstrasse 9, 8400 Winterthur, Zürich'),
('ccdd04c3-5af7-4110-9d49-ff4823a4c69a', 'Rolf', 'Graf', 'ama263@amavita.ch', '058 878 15 90', 'Amavita Apotheke Dietikon', 'Badenerstrasse 15, 8953 Dietikon, Zürich'),
('230e9359-2843-42a4-a1a1-a952c821bc4f', 'Yann', 'Braendle', 'apotheke.dr-steiner@amavita.ch', '058 878 12 60', 'Amavita Apotheke Dr. Steiner', 'Bahnhofstrasse 9, 2502 Biel/Bienne, Bern'),
('6358be41-7968-4359-8437-7b22e6860278', 'Deborah', 'Roth', 'apotheke.duebendorf@amavita.ch', '058 878 11 60', 'Amavita Apotheke Dübendorf', 'Bahnhofstrasse 50, 8600 Dübendorf, Zürich'),
('8d670371-57af-4d20-9fed-24b1687133e2', 'Tamara', 'Serdio Martinez', 'apotheke.ebikon@amavita.ch', '058 878 16 10', 'Amavita Apotheke Ebikon', 'Zentralstrasse 18, 6030 Ebikon, Luzern'),
('1c210bf2-bd2e-4636-8446-d3a544fa29ec', 'Ebonkie-Late', 'Kollnig', 'ama305@amavita.ch', '058 878 16 30', 'Amavita Apotheke Erlibacher-Märt', 'Bahnhofstrasse 40, 8703 Erlenbach, Zürich'),
('b3395135-e005-4f34-ac96-67e019413fd7', 'Ingeborg', 'Wildenau', 'apotheke.flueela@amavita.ch', '058 878 11 20', 'Amavita Apotheke Flüela', 'Bahnhofstrasse 1, 7260 Davos, Graubünden'),
('2e3dc8a4-6962-4b41-8303-228da0523d3e', 'Petra', 'Speicher', 'apotheke.flughafen@amavita.ch', '058 878 25 60', 'Amavita Apotheke Flughafen', 'Airport Shopping, 8060 Zürich, Zürich'),
('a720a675-e214-41c2-ae5d-78376e343afa', 'Georg', 'Hottinger', 'apotheke.frohsinn@amavita.ch', '058 878 28 30', 'Amavita Apotheke Frohsinn', 'Zürcherstrasse 25, 8730 Uznach, St. Gallen'),
('fa5db51d-dc8c-4618-ab3e-97584e518c2c', 'Elmedina', 'Rexhepi', 'apotheke.gallusmarkt@amavita.ch', '058 878 23 10', 'Amavita Apotheke Gallusmarkt', 'Gallusmarkt Favrestrasse 6, 9016 St. Gallen, St. Gallen'),
('18a7ea9d-0273-4626-831c-cd3927c74181', 'Bettina', 'Becher', 'ama206@amavita.ch', '058 878 17 60', 'Amavita Apotheke Glattzentrum', 'Einkaufszentrum Glatt Neue Winterthurerstrasse 99, 8304 Wallisellen, Zürich'),
('73f95d95-a047-452e-b725-bbefdd72172d', 'Bernhard', 'Straubhaar', 'apotheke.gundeli@amavita.ch', '058 878 30 00', 'Amavita Apotheke Gundeli', 'Dornacherstrasse 83, 4053 Basel, Basel-Stadt'),
('d336bcd0-d7e0-45ca-b74e-bed996a98617', 'Felix', 'Künzli', 'apotheke.hirschengraben@amavita.ch', '058 878 31 70', 'Amavita Apotheke Hirschengraben', 'Hirschengraben 9, 3011 Bern, Bern'),
('0e15f28b-5084-43e0-a0b5-3bfe5c6b2d6e', 'Erwin', 'Kurmann', 'apotheke.horw@amavita.ch', '058 878 17 70', 'Amavita Apotheke Horw', 'Gemeindehausplatz 17, 6048 Horw, Luzern'),
('d8d2dcd7-92cf-4360-86a5-ca28159a614a', 'Filip', 'Dumeni Nay', 'apotheke.ilanz@amavita.ch', '058 878 29 10', 'Amavita Apotheke Ilanz', 'Bahnhofstrasse 10, 7130 Ilanz, Graubünden'),
('60f9b584-650d-4faa-a433-2042b125d921', 'Gertjan', 'Klaassen', 'apotheke.imbahnhof-thun@amavita.ch', '058 878 26 10', 'Amavita Apotheke im Bahnhof Thun', 'Seestrasse 2, 3600 Thun, Bern'),
('4f849fb7-8c0e-4e01-b159-b68240d9601e', 'Ute', 'Halder', 'ama270@amavita.ch', '058 878 12 20', 'Amavita Apotheke Ischi', 'Spitalgasse 37, 3011 Bern, Bern'),
('af40799c-97f4-446a-bbc7-231d01108ff4', 'Cristiana', 'Teixeira da Cruz', 'apotheke.jegenstorf@amavita.ch', '058 878 30 20', 'Amavita Apotheke Jegenstorf', 'Bernstrasse 2, 3303 Jegenstorf, Bern'),
('1c5e8214-45af-47e3-b19c-5bc298059d63', 'Elhadji Assane', 'Diop', 'apotheke.kerzers@amavita.ch', '058 878 17 80', 'Amavita Apotheke Kerzers', 'Murtenstrasse 13, 3210 Kerzers, Fribourg/Freiburg'),
('ee8c5773-38f0-4902-8d04-552ede17fc3d', 'Bettina', 'Flütsch-Pargätzi', 'ama207@amavita.ch', '058 878 10 50', 'Amavita Apotheke Kongress', 'Promenade 50, 7270 Davos, Graubünden'),
('c84831a4-fa92-4f6b-abb8-ba1305c717d3', 'Sandra', 'Bunk', 'ama248@amavita.ch', '058 878 18 00', 'Amavita Apotheke Köniz', 'Bläuacker 10, 3098 Köniz, Bern'),
('3be1a837-0441-4814-b7a6-158841fc549b', 'Monika', 'Murat', 'apotheke.landi@amavita.ch', '058 878 15 20', 'Amavita Apotheke Landi', 'Grabenstrasse 15, 7001 Chur, Graubünden'),
('e2b560b8-93da-47d4-9fdb-50d3024b03b4', 'Irene', 'Spahni', 'ama256@amavita.ch', '058 878 18 20', 'Amavita Apotheke Langenthal', 'Wiesenstrasse 28, 4900 Langenthal, Bern'),
('797dd653-ac1f-442a-ae17-c0eb2baae5ad', 'Fiona', 'Katzmann', 'ama304@amavita.ch', '058 878 31 60', 'Amavita Apotheke Liestal - Homecare Amavita Liestal', 'Rathausstrasse 53, 4410 Liestal, Basel-Land'),
('2f83f9cf-a172-40f8-aaae-fe384c431527', 'Daniel', 'Eichenberger', 'apotheke.loewencenter@amavita.ch', '058 878 19 50', 'Amavita Apotheke LöwenCenter', 'LöwenCenter Zürichstrasse 5, 6004 Luzern, Luzern'),
('a65b7b8b-fb02-4cf3-bb09-4300009f85a5', 'Veronika', 'Kadlecova', 'apotheke.mellingen@amavita.ch', '058 878 30 90', 'Amavita Apotheke Mellingen', 'Im Geerig Lenzburgerstrasse 50, 5507 Mellingen, Aargau'),
('3d48b657-ac71-4a58-9be9-77b543d0695c', 'Nicole', 'Santschi', 'apotheke.muenchenbuchsee@amavita.ch', '058 878 13 90', 'Amavita Apotheke Münchenbuchsee', 'Oberdorfstrasse 5, 3053 Münchenbuchsee, Bern'),
('7d6643a8-db51-4d74-bca6-f555c6004174', 'André Tiago', 'Fontes Almeida', 'ama031@amavita.ch', '058 878 20 90', 'Amavita Apotheke Murten', 'Hauptgasse 7, 3280 Murten, Fribourg/Freiburg'),
('cb7cd706-68f8-40c5-a6a6-2db87113f897', 'Henrik', 'Strutz', 'ama236@amavita.ch', '058 878 25 10', 'Amavita Apotheke Neumarkt Oerlikon', 'Hofwiesenstrasse 350, 8050 Zürich, Zürich'),
('c4a1ea58-f611-4b6f-bb4b-bb9e5e3cc15b', 'Linda', 'Vogelsang', 'ama233@amavita.ch', '058 878 21 50', 'Amavita Apotheke Oberengstringen', 'Zentrum 1, 8102 Oberengstringen, Zürich'),
('3b9b0d44-2551-414f-b70d-1d857caf4c74', 'Rebecca', 'Linck', 'apotheke.oberland@amavita.ch', '058 878 32 40', 'Amavita Apotheke Oberland', 'Bühnimatta 3, 1716 Plaffeien, Fribourg/Freiburg'),
('466109c0-1f2d-42bf-b082-6e5abfd7dcb6', 'Julia Marina', 'Flück', 'apotheke.oftringen@amavita.ch', '058 878 32 60', 'Amavita Apotheke Oftringen', 'Zürichstrasse 2, 4665 Oftringen, Aargau'),
('88cf8f72-4209-48a6-ae45-8f5893902db2', 'Stephan', 'Andres', 'apotheke.paradies@amavita.ch', '058 878 13 00', 'Amavita Apotheke Paradies', 'Spitzwaldstrasse 215, 4123 Allschwil, Basel-Land'),
('bc9fbcf9-b584-4b23-bce7-b1af5ef9145e', 'Bernadett', 'Baumgartner', 'apotheke.rathaus@amavita.ch', '058 878 34 10', 'Amavita Apotheke Poststrasse', 'Poststrasse 30, 9000 St. Gallen, St. Gallen'),
('afb37810-30ce-4891-b635-3bf611e3df69', 'Katrin', 'Jöhri', 'ama294@amavita.ch', '058 878 29 80', 'Amavita Apotheke Pratteln', 'Burggartenstrasse 21, 4133 Pratteln, Basel-Land'),
('6b322a33-42c9-4cdb-a279-b7b6274843aa', 'Daniel', 'Wälchli', 'ama221@amavita.ch', '058 878 22 20', 'Amavita Apotheke Rauracher', 'Rauracherstrasse 33/35, 4125 Riehen, Basel-Stadt'),
('ff5f0dea-2007-4ce9-9370-50052c80646a', 'Tamara', 'Palmieri', 'ama230@amavita.ch', '058 878 10 90', 'Amavita Apotheke Regensdorf', 'Zentrum 1, 8105 Regensdorf, Zürich'),
('0f9a1a2a-130a-4a70-beae-488b45f4b0f0', 'Véronique', 'Frentzel', 'ama214@amavita.ch', '058 878 20 80', 'Amavita Apotheke Rheinbrücke', 'Greifengasse 17, 4058 Basel, Basel-Stadt'),
('b6d067a8-71ce-4773-8c60-e214a686085f', 'Jutta Maria', 'Rix-Schmid', 'apotheke.rhyland@amavita.ch', '058 878 24 30', 'Amavita Apotheke Rhyland', 'Einkaufszentrum Rhyland Bahnhofstrasse 7, 9443 Widnau, St. Gallen'),
('7aad98c1-096d-488c-ba11-82358f52805e', 'Sonja', 'Triet-Schwenk', 'ama222@amavita.ch', '058 878 10 70', 'Amavita Apotheke Riehen', 'Webergässchen 6, 4125 Riehen, Basel-Stadt'),
('1b960eea-542c-4844-a671-668bbb608194', 'Mihaela Codruta', 'Iezan-Keller', 'apotheke.rigimaert@amavita.ch', '058 878 11 10', 'Amavita Apotheke Rigimärt', 'Im Rigimärt Siegwartstrasse 11, 6403 Küssnacht am Rigi, Schwyz'),
('172b665a-ec15-4b74-9e63-641d9e072088', 'Catherine', 'Hinderling', 'ama227@amavita.ch', '058 878 22 40', 'Amavita Apotheke Rümlang', 'Oberdorfstrasse 24, 8153 Rümlang, Zürich'),
('635cec37-df30-4974-800c-7c7864dfee6d', 'Alexandra', 'Wartenweiler', 'apotheke.saentispark@amavita.ch', '058 878 26 50', 'Amavita Apotheke Säntispark', 'Wiesenbachstrasse 7, 9030 Abtwil, St. Gallen'),
('dd27ce66-a2d7-4fa7-add9-b5a53d69674a', 'Corina', 'Niederberger-Blum', 'apotheke.schoenbuehl@amavita.ch', '058 878 19 60', 'Amavita Apotheke Schönbühl', 'Shoppingcenter Schönbühl Langensandstrasse 23, 6005 Luzern, Luzern'),
('c750e0ab-c0c9-4745-ad3c-fbfe847f24bc', 'Brigitte', 'Lamontagne', 'ama250@amavita.ch', '058 878 25 20', 'Amavita Apotheke Schwamendingen', 'Winterthurerstrasse 529, 8051 Zürich, Zürich');

INSERT INTO leads (id, contact_id, source, status, value, notes) VALUES
('c13ce2d4-d1f5-48ec-bba8-6c68b486fc29', 'a1475970-67db-43de-985b-07e1090222ce', 'KALTAKQUISE', 'ACTIVE', 0, 'Funktion: Geschäftsführer/in (CEO) | Mitarbeiter: 11 bis 20 | Branche: Externe Vermögensverwalter | Rechtsform: Aktiengesellschaft'),
('fdc0d3c3-1397-4860-967d-53369a37a0de', '3100b7ab-e351-4e75-bd39-c662a24ad2ad', 'KALTAKQUISE', 'ACTIVE', 0, 'Funktion: Geschäftsführer/in (CEO) | Mitarbeiter: 11 bis 20 | Branche: Metallbauer | Rechtsform: Aktiengesellschaft'),
('52e991b7-33dd-4b61-924f-599ce9a0a283', '86539cf4-cdeb-4795-94c1-7b122f5d2cda', 'KALTAKQUISE', 'ACTIVE', 0, 'Funktion: Geschäftsführer/in (CEO) | Mitarbeiter: 1 bis 10 | Branche: Architekturbüros | Rechtsform: Einzelunternehmen'),
('2491e249-390e-4a49-90b7-e1ef78c1d0b2', '1e568b0e-642d-4888-a32a-71c5a3bb21da', 'KALTAKQUISE', 'ACTIVE', 0, 'Funktion: Geschäftsführer/in (CEO) | Mitarbeiter: 1 bis 10 | Branche: Architekturbüros | Rechtsform: Gesellschaft mit beschränkter Haftung'),
('022b1422-da64-4a70-941a-5059e4a0bb19', '218b469d-cef7-481d-9250-ff5cc9700610', 'KALTAKQUISE', 'ACTIVE', 0, 'Funktion: Geschäftsführer/in (CEO) | Mitarbeiter: 11 bis 20 | Branche: Elektroplanung & Installation | Rechtsform: Gesellschaft mit beschränkter Haftung'),
('3ca2f3d4-d7bc-46af-8306-48c3fda991d0', '14fbabfe-7c5a-454d-b4f6-35a78e6c8790', 'KALTAKQUISE', 'ACTIVE', 0, 'Funktion: Geschäftsführer/in (CEO) | Mitarbeiter: 21 bis 50 | Branche: Unternehmensberater | Rechtsform: Gesellschaft mit beschränkter Haftung'),
('6e007e01-2433-4ded-813d-114a02d19eca', '830fec45-6d22-4d4c-bf50-7a34558904d5', 'KALTAKQUISE', 'ACTIVE', 0, 'Funktion: Geschäftsführer/in (CEO) | Mitarbeiter: 11 bis 20 | Branche: Online Shops | Rechtsform: Aktiengesellschaft'),
('518115ce-eaf3-4617-868c-56dd64993b16', 'e3879fd8-c592-4d1c-bf98-7332c40dd067', 'KALTAKQUISE', 'ACTIVE', 0, 'Funktion: Geschäftsführer/in (CEO) | Mitarbeiter: 1 bis 10 | Branche: Fonds & sonstige Finanzinstitute / Externe Vermögensverwalter | Rechtsform: Aktiengesellschaft'),
('3ef49c06-523c-469e-ab2a-4e6800f47989', '568e9a7d-2763-4a0e-aa6e-2f821b7a7ad9', 'KALTAKQUISE', 'ACTIVE', 0, 'Funktion: Geschäftsführer/in (CEO) | Mitarbeiter: 1 bis 10 | Branche: Treuhandbüros | Rechtsform: Aktiengesellschaft'),
('aff9e8be-3b58-43a5-99a1-de06a0e9fd22', '040a7e33-5ce6-4dec-a7b0-2bc2f7a3e230', 'KALTAKQUISE', 'ACTIVE', 0, 'Funktion: Geschäftsführer/in (CEO) | Mitarbeiter: 21 bis 50 | Branche: Treuhandbüros / Immobilienverwaltung / Immobilienvermittlung | Rechtsform: Aktiengesellschaft'),
('a31e5892-2e4d-4e14-8a23-56a9ac835b48', '4da34e70-b98b-4353-b579-fd3e15cd1629', 'KALTAKQUISE', 'ACTIVE', 0, 'Funktion: Geschäftsführer/in (CEO) | Mitarbeiter: 1 bis 10 | Branche: IT Unternehmen | Rechtsform: Gesellschaft mit beschränkter Haftung'),
('7f699267-5931-4503-938d-ceabfa4b93b8', '8f86503d-69bd-41a1-ae67-d6ddf51e241d', 'KALTAKQUISE', 'ACTIVE', 0, 'Funktion: Geschäftsführer/in (CEO) | Mitarbeiter: 1 bis 10 | Branche: Hofläden & Bauernhöfe'),
('b001b42c-e7db-41c9-a7f4-d356029d5849', '8dc8e2ca-d24a-43b9-8eec-ae4dde62418c', 'KALTAKQUISE', 'ACTIVE', 0, 'Funktion: Geschäftsführer/in (CEO) | Mitarbeiter: 1 bis 10 | Branche: Entsorgungsindustrie | Rechtsform: Gesellschaft mit beschränkter Haftung'),
('b8ffee35-d104-4018-ab28-7ea3c424f445', 'e6ad2a9c-0a35-4438-8132-b5e4a78751d6', 'KALTAKQUISE', 'ACTIVE', 0, 'Funktion: Geschäftsführer/in (CEO) | Mitarbeiter: 1 bis 10 | Branche: Spielwaren- & Babyfachhandel | Rechtsform: Gesellschaft mit beschränkter Haftung'),
('65ddd3a4-dc5e-4d27-8508-fdf7ee7c6b03', 'ed8dda4b-4751-4c9d-b1dc-3d8676ef8b85', 'KALTAKQUISE', 'ACTIVE', 0, 'Funktion: Gesamtleitung/Direktion | Mitarbeiter: 1 bis 10 | Branche: Clubs, Bars & Eventlocations / Hotels | Rechtsform: Aktiengesellschaft'),
('0369f41b-029e-4938-83b2-93c2488a8dbd', '7d283999-1f5f-4210-a365-e6fe58c0bf32', 'KALTAKQUISE', 'ACTIVE', 0, 'Funktion: Gesamtleitung/Direktion | Mitarbeiter: 11 bis 20 | Branche: Hotels'),
('95da276c-1166-4d8e-a6fb-0b1399a33786', 'b96214fb-a766-4c4d-81f3-cf1995bfac38', 'KALTAKQUISE', 'ACTIVE', 0, 'Funktion: Gesamtleitung/Direktion | Mitarbeiter: 1 bis 10 | Branche: Hotels'),
('f9d530cb-c1c2-4ca8-8cc0-d1d4dc35868a', 'afa737f2-b22c-4fd6-b0bc-d2655e01d516', 'KALTAKQUISE', 'ACTIVE', 0, 'Funktion: Geschäftsführer/in (CEO) | Mitarbeiter: 1 bis 10 | Branche: Arztpraxen'),
('63673610-149a-42c9-af6f-de6e9175cade', '4a682f08-a53a-4376-a3c0-ed59620fdeee', 'KALTAKQUISE', 'ACTIVE', 0, 'Funktion: Geschäftsführer/in (CEO) | Mitarbeiter: 1 bis 10 | Branche: Werbeagenturen | Rechtsform: Aktiengesellschaft'),
('f41f728e-466a-486f-91ea-51d34311a922', '3d2d39c5-2ed5-4bc8-a3de-215658a7ecfb', 'KALTAKQUISE', 'ACTIVE', 0, 'Funktion: Geschäftsführer/in (CEO) | Mitarbeiter: 1 bis 10 | Branche: Gartenbau & -pflege | Rechtsform: Aktiengesellschaft'),
('1224ecca-fa87-4b70-a10d-e7eb54758d8a', 'f0fa4d95-ac4d-45eb-bf90-cdaf5623b7ec', 'KALTAKQUISE', 'ACTIVE', 0, 'Funktion: Geschäftsführer/in (CEO) | Mitarbeiter: 1 bis 10 | Branche: Gartenbau & -pflege'),
('93aa57cb-12a6-45d6-9ead-f5800324a30d', '936397b3-672c-4159-a66b-3523abc3047b', 'KALTAKQUISE', 'ACTIVE', 0, 'Funktion: Geschäftsführer/in (CEO) | Mitarbeiter: 1 bis 10 | Branche: Architekturbüros | Rechtsform: Aktiengesellschaft'),
('07606928-4556-4a04-a646-2ea07c046529', 'cdd21dbe-cadd-4807-8f9b-f03f3103091d', 'KALTAKQUISE', 'ACTIVE', 0, 'Funktion: Geschäftsführer/in (CEO) | Mitarbeiter: 1 bis 10 | Branche: Schreinerei- & Holzbaubetriebe'),
('e9a95151-a138-4cd4-bf6e-46bc33de077c', '2ddcfba5-4163-4d60-ac2e-4737c8994631', 'KALTAKQUISE', 'ACTIVE', 0, 'Funktion: Geschäftsführer/in (CEO) | Mitarbeiter: 1 bis 10 | Branche: Architekturbüros'),
('d5849ddc-d2d4-4a04-9900-f6acef1d4e2f', '21595aec-bcdd-4343-9cc8-587167e9a621', 'KALTAKQUISE', 'ACTIVE', 0, 'Funktion: Geschäftsführer/in (CEO) | Mitarbeiter: 1 bis 10 | Branche: Metallbauer | Rechtsform: Aktiengesellschaft'),
('83509f34-0a6f-4457-9013-240b9757e0e1', '2acbc105-8e66-4d50-bd43-692c812c4cd3', 'KALTAKQUISE', 'ACTIVE', 0, 'Funktion: Geschäftsführer/in (CEO) | Mitarbeiter: 11 bis 20 | Branche: Metallbauer | Rechtsform: Aktiengesellschaft'),
('95fcd444-49b1-4a76-9b88-3d66482b259f', 'a670139a-17dd-41d9-84f9-f0cdc6965c69', 'KALTAKQUISE', 'ACTIVE', 0, 'Funktion: Geschäftsführer/in (CEO) | Mitarbeiter: 11 bis 20 | Branche: Metallbauer | Rechtsform: Aktiengesellschaft'),
('eefb54bb-1c26-4195-995a-956d2ad014ff', '324e96da-0ce0-42f0-a16e-a3f8f240ba13', 'KALTAKQUISE', 'ACTIVE', 0, 'Funktion: Geschäftsführer/in (CEO) | Mitarbeiter: Mehr als 500 | Branche: Top 2''000 CH-Unternehmen | Rechtsform: Aktiengesellschaft'),
('bd253ca6-5e50-40e4-bc06-612971e88dcb', '9fcc75d8-96d2-45e8-8440-9fd8bcefd96b', 'KALTAKQUISE', 'ACTIVE', 0, 'Funktion: Geschäftsführer/in (CEO) | Mitarbeiter: 1 bis 10 | Branche: Metallbauer | Rechtsform: Aktiengesellschaft'),
('d33a17cc-0b2c-4a2b-a52c-40c0971df4b3', 'd53e4156-e6be-4cd6-b1b0-3cc3e272bcc4', 'KALTAKQUISE', 'ACTIVE', 0, 'Funktion: Geschäftsführer/in (CEO) | Mitarbeiter: 11 bis 20 | Branche: Clubs, Bars & Eventlocations / Restaurants'),
('76eef7d4-e4c3-4fbf-ae2c-91f9aba47567', '1af537f2-e221-44f1-b755-b0dd0632e2a4', 'KALTAKQUISE', 'ACTIVE', 0, 'Funktion: Geschäftsführer/in (CEO) | Mitarbeiter: 21 bis 50 | Branche: Textil- & Möbelindustrie | Rechtsform: Aktiengesellschaft'),
('d4d3fbc1-5a09-4655-8782-200e9865c07f', '32351b3d-4ebe-407a-a78a-1257b13e9cf1', 'KALTAKQUISE', 'ACTIVE', 0, 'Funktion: Leitung Nachhaltigkeit | Mitarbeiter: 1 bis 10 | Branche: Nachhaltigkeitsbereich'),
('1832f3b5-adea-4fa4-b05a-77d75c41af1c', 'd75dbc90-11af-42fe-a838-b68dd2c7af9b', 'KALTAKQUISE', 'ACTIVE', 0, 'Funktion: Geschäftsführer/in (CEO) | Mitarbeiter: 101 bis 500 | Branche: Divers | Rechtsform: Aktiengesellschaft'),
('525ed715-c80d-4362-b8ee-7e37c054fe74', 'b37c976c-3076-40f4-975d-69f7d5567d8e', 'KALTAKQUISE', 'ACTIVE', 0, 'Funktion: Geschäftsführer/in (CEO) | Mitarbeiter: 1 bis 10 | Branche: Atem- Meditation- & Yogacenter'),
('3d93644c-2b0c-473f-a3ab-132ae34790c0', '85bf774a-d329-4029-8f33-26f23900a2cf', 'KALTAKQUISE', 'ACTIVE', 0, 'Funktion: Geschäftsführer/in (CEO) | Mitarbeiter: 11 bis 20 | Branche: Metallbauer | Rechtsform: Aktiengesellschaft'),
('a8d86990-d767-4607-9895-5cefc6cfe640', '8a6ef7cf-f19f-4075-a79c-4fd61a259e60', 'KALTAKQUISE', 'ACTIVE', 0, 'Funktion: Geschäftsführer/in (CEO) | Mitarbeiter: 1 bis 10 | Branche: Facility Management & Reinigungsfirmen | Rechtsform: Aktiengesellschaft'),
('7b8987d6-cf62-4078-bfdd-7c9dde186498', '87ebc59f-927f-4a3f-811e-f60e9950d646', 'KALTAKQUISE', 'ACTIVE', 0, 'Funktion: Geschäftsführer/in (CEO) | Mitarbeiter: 1 bis 10 | Branche: Facility Management & Reinigungsfirmen'),
('0e7ca731-33b6-40a6-93b6-e10a95e1bf4c', '38083351-7b77-43f8-b90f-a00bff06ba4c', 'KALTAKQUISE', 'ACTIVE', 0, 'Funktion: Geschäftsführer/in (CEO) | Mitarbeiter: 1 bis 10 | Branche: Medizintechnik-Industrie | Rechtsform: Einzelunternehmen'),
('353d7f35-d244-44ac-89c4-927dbe4cd68d', '983bbaec-8b30-4c8c-9967-79566cd81a6a', 'KALTAKQUISE', 'ACTIVE', 0, 'Funktion: Geschäftsführer/in (CEO) | Mitarbeiter: 101 bis 500 | Branche: Top 2''000 CH-Unternehmen / Metallbauer | Rechtsform: Aktiengesellschaft'),
('2bbd4cd2-3898-4752-8928-8beb0e2950c3', 'b5c841e8-28f7-42b9-b9c8-28ac20a4c452', 'KALTAKQUISE', 'ACTIVE', 0, 'Funktion: Geschäftsführer/in (CEO) | Mitarbeiter: 1 bis 10 | Branche: Architekturbüros | Rechtsform: Aktiengesellschaft'),
('fac5f21b-9dd2-410f-9408-29fd83e38c84', '4a800554-af1f-489f-b8a4-da6d9fb9e208', 'KALTAKQUISE', 'ACTIVE', 0, 'Funktion: Geschäftsführer/in (CEO) | Mitarbeiter: 21 bis 50 | Branche: Private Equity & Venture Capital Firmen'),
('7d27114f-3035-40c0-be67-01c5a104f6b3', '68711ab7-3fc2-4fe8-b628-1b134a633c97', 'KALTAKQUISE', 'ACTIVE', 0, 'Funktion: Geschäftsführer/in (CEO) | Mitarbeiter: 1 bis 10 | Branche: Personalvermittler & -berater | Rechtsform: Gesellschaft mit beschränkter Haftung'),
('f82ed87b-94db-4833-b2cf-2d32f468cd64', 'f67d2a1d-53df-45ae-8e8b-699150d580ca', 'KALTAKQUISE', 'ACTIVE', 0, 'Funktion: Geschäftsführer/in (CEO) | Mitarbeiter: 11 bis 20 | Branche: Versicherungsbroker & -makler | Rechtsform: Gesellschaft mit beschränkter Haftung'),
('376b8d23-6f5b-45b4-8ce0-4d2b8168dbd8', '8b2706cf-4bfd-4f46-9dcf-f17a403fced8', 'KALTAKQUISE', 'ACTIVE', 0, 'Funktion: Geschäftsführer/in (CEO) | Mitarbeiter: 11 bis 20 | Branche: Life-Science-Industrie | Rechtsform: Aktiengesellschaft'),
('88f9b64f-e8d6-4a34-aa40-67daada38289', '1e0769f8-e609-4610-b660-b7a8a6db0bc0', 'KALTAKQUISE', 'ACTIVE', 0, 'Funktion: Geschäftsführer/in (CEO) | Mitarbeiter: 1 bis 10 | Branche: Treuhandbüros / Immobilienverwaltung / Immobilienvermittlung | Rechtsform: Aktiengesellschaft'),
('a97a6c8d-4ae4-4808-929b-28422a3145c1', 'd4557c61-b288-428c-84ed-6965b0021d84', 'KALTAKQUISE', 'ACTIVE', 0, 'Funktion: Geschäftsführer/in (CEO) | Mitarbeiter: 1 bis 10 | Branche: Chemieindustrie | Rechtsform: Gesellschaft mit beschränkter Haftung'),
('4d696a17-cfbb-4425-9659-8974c5ba3a0e', '0b8add7c-d592-4bca-895f-d8d549a4e05a', 'KALTAKQUISE', 'ACTIVE', 0, 'Funktion: Geschäftsführer/in (CEO) | Mitarbeiter: 1 bis 10 | Branche: Boden- & Plattenleger | Rechtsform: Einzelunternehmen'),
('cbc733b9-8134-4aec-8d20-0b9109220712', '64ebba2f-0eab-44d9-a49c-0cf13448f665', 'KALTAKQUISE', 'ACTIVE', 0, 'Funktion: Geschäftsführer/in (CEO) | Mitarbeiter: 11 bis 20 | Branche: Facility Management & Reinigungsfirmen | Rechtsform: Gesellschaft mit beschränkter Haftung'),
('927ef187-ed70-42e2-b855-b7880b16f6d0', 'fca13691-4f8c-4c0d-aa3d-a19522002425', 'KALTAKQUISE', 'ACTIVE', 0, 'Funktion: Geschäftsführer/in (CEO) | Mitarbeiter: 1 bis 10 | Branche: Coiffeursalons / Kosmetikstudios | Rechtsform: Gesellschaft mit beschränkter Haftung'),
('2d90b8d2-2059-4fbf-851c-68b51ff8f285', 'd2439c51-783c-45db-9bde-6026c995af9e', 'KALTAKQUISE', 'ACTIVE', 0, 'Funktion: Geschäftsführer/in (CEO) | Mitarbeiter: 1 bis 10 | Branche: Textil- & Möbelindustrie | Rechtsform: Aktiengesellschaft'),
('78a0ee77-001a-46f5-a998-7cf18a5db77d', '5d0683ec-a7e9-4d75-ad30-842ac14c6c81', 'KALTAKQUISE', 'ACTIVE', 0, 'Funktion: Geschäftsführer/in (CEO) | Mitarbeiter: 1 bis 10 | Branche: Unternehmensberater | Rechtsform: Aktiengesellschaft'),
('25c8646a-9b68-4ed0-8bb5-d848f1e8e6d7', 'fb9a824d-adce-4478-a9de-4b16606aea01', 'KALTAKQUISE', 'ACTIVE', 0, 'Funktion: Gesamtleitung/Direktion | Mitarbeiter: 11 bis 20 | Branche: Berg- & Seilbahnen'),
('777b3a30-e4d7-4cd0-8f98-8eb849195a3f', '579332e2-29c3-4a50-8da7-81fccebcc6a4', 'KALTAKQUISE', 'ACTIVE', 0, 'Funktion: Geschäftsführer/in (CEO) | Mitarbeiter: 1 bis 10 | Branche: Garagen | Rechtsform: Gesellschaft mit beschränkter Haftung'),
('2f463b5c-975b-4055-af3d-a9702e67a412', 'fd2c3f62-1a8b-46d1-9779-cda25d9596d3', 'KALTAKQUISE', 'ACTIVE', 0, 'Funktion: Gesamtleitung/Direktion | Mitarbeiter: 1 bis 10 | Branche: Beherbergungsstätten'),
('7c73d269-02d7-4774-9ca3-76a3a554e794', 'c56d7457-9638-4b27-a312-8afdb11bd69f', 'KALTAKQUISE', 'ACTIVE', 0, 'Funktion: Geschäftsführer/in (CEO) | Mitarbeiter: 21 bis 50 | Branche: Pensionskassen'),
('c5a10fe1-bdd2-4da3-aaf3-c56de840fd93', 'a99ff344-9acb-4436-b2e6-cf7683dccd28', 'KALTAKQUISE', 'ACTIVE', 0, 'Funktion: Geschäftsführer/in (CEO) | Mitarbeiter: 1 bis 10 | Branche: Bauingenieurbüros | Rechtsform: Schweizerische Zweigniederlassung'),
('0f87e2b2-3981-427e-a99b-d11856b0e2e8', 'adc11f73-793a-4a42-bf91-f062964952ad', 'KALTAKQUISE', 'ACTIVE', 0, 'Funktion: Geschäftsführer/in (CEO) | Mitarbeiter: 1 bis 10 | Branche: Versicherungsbroker & -makler | Rechtsform: Gesellschaft mit beschränkter Haftung'),
('d011c7a8-4bc9-4b6a-8d42-75206554e76d', 'd83d81ba-3a43-4593-ab06-70f204909e28', 'KALTAKQUISE', 'ACTIVE', 0, 'Funktion: Geschäftsführer/in (CEO) | Mitarbeiter: 1 bis 10 | Branche: Schreinerei- & Holzbaubetriebe'),
('8c27afaf-fdf5-4d74-bf66-814fb5b3f5a6', '834e40fa-3b85-4f64-b4de-3c464544275b', 'KALTAKQUISE', 'ACTIVE', 0, 'Funktion: Geschäftsführer/in (CEO) | Mitarbeiter: 1 bis 10 | Branche: Bau- & Projektmanagement / Immobilienverwaltung / Immobilienvermittlung | Rechtsform: Aktiengesellschaft'),
('9ad4017d-a7e4-4c63-aa6d-9c06b5f01f62', '0c053483-e795-4468-b2da-5991812fc3e1', 'KALTAKQUISE', 'ACTIVE', 0, 'Funktion: Geschäftsführer/in (CEO) | Mitarbeiter: 1 bis 10 | Branche: Innenausstatter | Rechtsform: Aktiengesellschaft'),
('8cfd14b1-d05a-4eb0-8fe2-49f30cd4f9b3', '48f4cee4-31fb-49b4-ae61-a1d2b2187470', 'KALTAKQUISE', 'ACTIVE', 0, 'Funktion: Geschäftsführer/in (CEO) | Mitarbeiter: 1 bis 10 | Branche: Atem- Meditation- & Yogacenter / Naturheilpraxen'),
('9eddef5f-d00a-4d76-9169-ccbfcdb8989e', '5384c091-a5ad-4c8d-ae13-e1f31f4ea567', 'KALTAKQUISE', 'ACTIVE', 0, 'Funktion: Geschäftsführer/in (CEO) | Mitarbeiter: 1 bis 10 | Branche: Maler- & Gipsergeschäfte'),
('93045555-f55b-48ef-8fe1-e4e2884d5ad8', '9f2ab116-c518-4b3a-a671-54e9f9c03c82', 'KALTAKQUISE', 'ACTIVE', 0, 'Funktion: Geschäftsführer/in (CEO) | Mitarbeiter: 11 bis 20 | Branche: Architekturbüros | Rechtsform: Gesellschaft mit beschränkter Haftung'),
('57e1994f-770f-47b3-9ec2-6ad606c5d011', '6de8e7b5-9a8c-4aa6-8902-0aa92ef7a691', 'KALTAKQUISE', 'ACTIVE', 0, 'Funktion: Geschäftsführer/in (CEO) | Mitarbeiter: 1 bis 10 | Branche: Bau- & Projektmanagement / General- & Totalunternehmungen | Rechtsform: Gesellschaft mit beschränkter Haftung'),
('27640364-55b6-49bf-b2c3-3c48d3231f05', '563ab98e-ed67-4413-ad38-2adc794d1cbb', 'KALTAKQUISE', 'ACTIVE', 0, 'Funktion: Geschäftsführer/in (CEO) | Mitarbeiter: 1 bis 10 | Branche: Versicherungsbroker & -makler | Rechtsform: Gesellschaft mit beschränkter Haftung'),
('f9c2758a-b7d8-4b1f-b70e-d027806b7e7c', '3168b5d8-6ec0-4368-806d-7d496abfd08e', 'KALTAKQUISE', 'ACTIVE', 0, 'Funktion: Geschäftsführer/in (CEO) | Mitarbeiter: 1 bis 10 | Branche: Unternehmensberater | Rechtsform: Gesellschaft mit beschränkter Haftung'),
('b1ddcda8-7d23-421f-85e8-d738c109b81c', '01c9e1bd-e062-4a2e-acf7-0ba286ef2517', 'KALTAKQUISE', 'ACTIVE', 0, 'Funktion: Geschäftsführer/in (CEO) | Mitarbeiter: 11 bis 20 | Branche: Metallbauer | Rechtsform: Aktiengesellschaft'),
('ce758fe2-cdbf-46d0-a4bd-fc615e827db1', '91475367-60a5-4443-8b04-969ed610adaa', 'KALTAKQUISE', 'ACTIVE', 0, 'Funktion: Geschäftsführer/in (CEO) | Mitarbeiter: 1 bis 10 | Branche: Maschinenbauindustrie'),
('13a5665b-d69e-4bd2-9a53-34a52a2895f3', 'f95b5ce0-1ebd-4744-a6ba-cec2ac883b4e', 'KALTAKQUISE', 'ACTIVE', 0, 'Funktion: Geschäftsführer/in (CEO) | Mitarbeiter: 1 bis 10 | Branche: Gartenbau & -pflege'),
('2dae6d25-bdfc-4788-95d4-9c07520b37f2', '5fb188c7-c6de-44ab-921e-f5b4dbc3f1de', 'KALTAKQUISE', 'ACTIVE', 0, 'Funktion: Geschäftsführer/in (CEO) | Mitarbeiter: 11 bis 20 | Branche: Sanitär & Haustechnik | Rechtsform: Aktiengesellschaft'),
('26687795-5957-4640-8fa3-37b720b3c617', 'da452e81-00cf-4450-8854-ff3a7cb9db9f', 'KALTAKQUISE', 'ACTIVE', 0, 'Funktion: Geschäftsführer/in (CEO) | Mitarbeiter: 1 bis 10 | Branche: Schreinerei- & Holzbaubetriebe | Rechtsform: Gesellschaft mit beschränkter Haftung'),
('4d323fba-241f-4720-bcd4-0fba7ec3b627', '33dbdd1e-429c-49d2-bc1d-2e90eabfb30b', 'KALTAKQUISE', 'ACTIVE', 0, 'Funktion: Geschäftsführer/in (CEO) | Mitarbeiter: 1 bis 10 | Branche: Atem- Meditation- & Yogacenter'),
('99504680-1703-462b-8db9-ed941d38a96a', '348a4010-5eb3-4f34-af83-d117172e7f1b', 'KALTAKQUISE', 'ACTIVE', 0, 'Funktion: Geschäftsführer/in (CEO) | Mitarbeiter: 1 bis 10 | Branche: Maler- & Gipsergeschäfte | Rechtsform: Aktiengesellschaft'),
('3e4bb690-dbef-41e1-b42c-00e41b01931b', '034b528e-2bb8-49d6-8f20-08ec44e7c93e', 'KALTAKQUISE', 'ACTIVE', 0, 'Funktion: Geschäftsführer/in (CEO) | Mitarbeiter: 1 bis 10 | Branche: IT Unternehmen / Werbeagenturen | Rechtsform: Gesellschaft mit beschränkter Haftung'),
('3d3c0d7c-cc73-40ad-9b22-740a4f1100b8', '7a838112-c7d5-4d44-a795-66e91c5fea93', 'KALTAKQUISE', 'ACTIVE', 0, 'Funktion: Geschäftsführer/in (CEO) | Mitarbeiter: 1 bis 10 | Branche: Metallbauer | Rechtsform: Gesellschaft mit beschränkter Haftung'),
('753c3f05-5aef-445e-8545-9bf80f5d7a53', '749ab590-8f3a-4d17-b7b6-f1ad055e8608', 'KALTAKQUISE', 'ACTIVE', 0, 'Funktion: Geschäftsführer/in (CEO) | Mitarbeiter: 1 bis 10 | Branche: Schreinerei- & Holzbaubetriebe'),
('6d62af44-b56e-43dd-bb67-1c952d3b9f57', '8a404fcf-f63a-4925-8a83-08ce5d7b9299', 'KALTAKQUISE', 'ACTIVE', 0, 'Funktion: Geschäftsführer/in (CEO) | Mitarbeiter: 1 bis 10 | Branche: Chemieindustrie | Rechtsform: Aktiengesellschaft'),
('279a461a-a4d1-40fb-9fb6-b8db37e3dea4', '589167e6-7c1d-49bc-8305-c7d15412de00', 'KALTAKQUISE', 'ACTIVE', 0, 'Funktion: Geschäftsführer/in (CEO) | Mitarbeiter: 1 bis 10 | Branche: Naturheilpraxen'),
('7e2a3fb8-f9c1-47f8-ac1d-d5ee0c1a9221', '14535d06-aa9a-41e4-84ad-b82d00f1685c', 'KALTAKQUISE', 'ACTIVE', 0, 'Funktion: Leitung Schule | Mitarbeiter: 21 bis 50 | Branche: Weiterbildungsinstitute'),
('c5bd3e54-ae8e-4cbb-8968-efa0b80cdb15', 'c40a8cd6-e5b9-4b06-89aa-ab64388f2c7f', 'KALTAKQUISE', 'ACTIVE', 0, 'Funktion: Geschäftsführer/in (CEO) | Mitarbeiter: 51 bis 100 | Branche: Nachhaltigkeitsbereich | Rechtsform: Verein'),
('c02f8a10-6516-475c-9eab-fea9519c25c9', 'a811f947-baee-4964-a5ae-df32994adb3b', 'KALTAKQUISE', 'ACTIVE', 0, 'Funktion: Geschäftsführer/in (CEO) | Mitarbeiter: 1 bis 10 | Branche: Versicherungsbroker & -makler'),
('a89a3efb-9795-4d02-99ac-0af9671ffc60', 'c8e48913-c921-403c-8975-d9cf8467f1f7', 'KALTAKQUISE', 'ACTIVE', 0, 'Funktion: Geschäftsführer/in (CEO) | Mitarbeiter: 1 bis 10 | Branche: Boden- & Plattenleger'),
('1a4b9045-344b-4860-a291-6a0223ce4e64', '1e725e5c-418f-4ac9-9a37-e8e234b3367f', 'KALTAKQUISE', 'ACTIVE', 0, 'Funktion: Geschäftsführer/in (CEO) | Mitarbeiter: 1 bis 10 | Branche: Treuhandbüros | Rechtsform: Gesellschaft mit beschränkter Haftung'),
('22386ea6-3cef-4f67-9b54-a5e57b736a98', '8b244352-1384-4110-9350-60235e722a38', 'KALTAKQUISE', 'ACTIVE', 0, 'Funktion: Geschäftsführer/in (CEO) | Mitarbeiter: 1 bis 10 | Branche: Versicherungsbroker & -makler | Rechtsform: Aktiengesellschaft'),
('db0f7ac5-13ed-4adc-96b8-d4966dd75f1e', '9e0aa2e0-58cf-4d20-8322-3a8d2adc173b', 'KALTAKQUISE', 'ACTIVE', 0, 'Funktion: Geschäftsführer/in (CEO) | Mitarbeiter: 1 bis 10 | Branche: Spitex | Rechtsform: Gesellschaft mit beschränkter Haftung'),
('d22e265f-67ed-4710-bf19-b92e42b91c9b', '0ed05698-79a9-414c-b6c3-60bbcd9c346f', 'KALTAKQUISE', 'ACTIVE', 0, 'Funktion: Geschäftsführer/in (CEO) | Mitarbeiter: 1 bis 10 | Branche: Atem- Meditation- & Yogacenter | Rechtsform: Einzelunternehmen'),
('9170aefd-6d71-487a-ab5a-db8318b04a22', '16f55f74-f21b-4c94-b604-ac3fed33a58e', 'KALTAKQUISE', 'ACTIVE', 0, 'Funktion: Geschäftsführer/in (CEO) | Mitarbeiter: 1 bis 10 | Branche: Werbeagenturen | Rechtsform: Aktiengesellschaft'),
('84d79250-6d3c-4d72-ae88-58f99737a06a', '4c724a78-aa6e-4276-91b2-edc641a6828c', 'KALTAKQUISE', 'ACTIVE', 0, 'Funktion: Geschäftsführer/in (CEO) | Mitarbeiter: 11 bis 20 | Branche: Online Shops | Rechtsform: Gesellschaft mit beschränkter Haftung'),
('279c9beb-b3e4-47fa-89f0-148c6efeffc0', '545004d6-f3e2-4502-9606-91173e4b4e90', 'KALTAKQUISE', 'ACTIVE', 0, 'Funktion: Geschäftsführer/in (CEO) | Mitarbeiter: Mehr als 500 | Branche: Top 2''000 CH-Unternehmen | Rechtsform: Aktiengesellschaft'),
('00f636f4-e7e8-429c-a916-fb801739a5a4', 'b033078a-a032-4a13-a44c-3c99fea784c7', 'KALTAKQUISE', 'ACTIVE', 0, 'Funktion: Geschäftsführer/in (CEO) | Mitarbeiter: 1 bis 10 | Branche: Sanitär & Haustechnik | Rechtsform: Gesellschaft mit beschränkter Haftung'),
('02037162-00d2-4b17-ad66-ebb374d303c1', 'b3c1a1a1-0a7c-49bb-80eb-36e10ceaa864', 'KALTAKQUISE', 'ACTIVE', 0, 'Funktion: Geschäftsführer/in (CEO) | Mitarbeiter: 1 bis 10 | Branche: Hofläden & Bauernhöfe'),
('baf4f57b-95cb-4f2c-b522-4d7d9aebcc2b', '85f7b65d-b10d-44ba-9be6-336d19acf3f4', 'KALTAKQUISE', 'ACTIVE', 0, 'Funktion: Geschäftsführer/in (CEO) | Mitarbeiter: 1 bis 10 | Branche: Immobilienvermittlung / Immobilienprojektentwicklung | Rechtsform: Einzelunternehmen'),
('2697844c-ed10-42c3-a89d-f87000a169bb', 'f418b9ea-7ea6-42c6-825e-624618cb8670', 'KALTAKQUISE', 'ACTIVE', 0, 'Funktion: Geschäftsführer/in (CEO) | Mitarbeiter: 11 bis 20 | Branche: Kunststoffindustrie | Rechtsform: Aktiengesellschaft'),
('a861886f-05d8-4aa0-b855-eb0c26e22262', 'c564d383-271b-4b6e-8c1f-b7cf1e852f1c', 'KALTAKQUISE', 'ACTIVE', 0, 'Funktion: Geschäftsführer/in (CEO) | Mitarbeiter: 51 bis 100 | Branche: Maschinenbauindustrie'),
('bd0e9b0e-c5c8-4475-a9a4-72b844709d08', 'c41ba4c2-7f99-4d9b-bd50-8b06f484c93a', 'KALTAKQUISE', 'ACTIVE', 0, 'Funktion: Geschäftsführer/in (CEO) | Mitarbeiter: 1 bis 10 | Branche: Maschinenbauindustrie | Rechtsform: Aktiengesellschaft'),
('04901fb0-210e-44c8-adcf-01f49a86ce2d', 'b55022cc-a8e7-4445-8207-47bdde850c50', 'KALTAKQUISE', 'ACTIVE', 0, 'Funktion: Geschäftsführer/in (CEO) | Mitarbeiter: 1 bis 10 | Branche: Schreinerei- & Holzbaubetriebe'),
('3ca315a0-72ad-4e39-b802-c1b5e6d67b32', 'be073533-c839-4ccb-b63c-24dba399e6f0', 'KALTAKQUISE', 'ACTIVE', 0, 'Funktion: Geschäftsführer/in (CEO) | Mitarbeiter: 1 bis 10 | Branche: Maschinenbauindustrie | Rechtsform: Einzelunternehmen'),
('d2839192-dda8-4cfd-9a8c-4820bae55ced', 'a140f4bb-b98c-4051-a836-70da76a951ae', 'KALTAKQUISE', 'ACTIVE', 0, 'Funktion: Geschäftsführer/in (CEO) | Mitarbeiter: 1 bis 10 | Branche: Schreinerei- & Holzbaubetriebe'),
('ed0ab4f0-6eca-4543-805b-517a46418db0', '082ee8bf-033e-47ee-a129-4c5f644284fd', 'KALTAKQUISE', 'ACTIVE', 0, 'Funktion: Geschäftsführer/in (CEO) | Mitarbeiter: 1 bis 10 | Branche: Werbeagenturen | Rechtsform: Aktiengesellschaft'),
('524a141e-f928-48c2-bdf3-3f5c2b4f54f6', '5513f336-91a8-4543-bf94-7f06bb8a3198', 'KALTAKQUISE', 'ACTIVE', 0, 'Funktion: Geschäftsführer/in (CEO) | Mitarbeiter: 1 bis 10 | Branche: Treuhandbüros | Rechtsform: Aktiengesellschaft'),
('da43a94f-2e42-4180-9c1c-27772cd57ca8', '08ef6f56-5804-4e7a-ac5a-44053e892799', 'KALTAKQUISE', 'ACTIVE', 0, 'Funktion: Geschäftsführer/in (CEO) | Mitarbeiter: 11 bis 20 | Branche: Clubs, Bars & Eventlocations'),
('fd834213-8c47-463e-8d63-c7d7fea18543', '2f5fd413-7eff-4105-894b-1f8a5087853e', 'KALTAKQUISE', 'ACTIVE', 0, 'Funktion: Geschäftsführer/in (CEO) | Mitarbeiter: Mehr als 500 | Branche: Top 2''000 CH-Unternehmen | Rechtsform: Aktiengesellschaft'),
('df775b81-d37e-4b27-bb17-1690e9028f1a', 'f8a6186e-acba-419e-9ebe-1d27162a32fd', 'KALTAKQUISE', 'ACTIVE', 0, 'Funktion: Geschäftsführer/in (CEO) | Mitarbeiter: 1 bis 10 | Branche: Chemieindustrie | Rechtsform: Gesellschaft mit beschränkter Haftung'),
('d01a47e4-42d3-45e8-9583-8494f933c1c2', 'ceb84e17-970b-4115-a94a-d201eba6dc74', 'KALTAKQUISE', 'ACTIVE', 0, 'Funktion: Geschäftsführer/in (CEO) | Mitarbeiter: Mehr als 500 | Branche: Garagen | Rechtsform: Aktiengesellschaft'),
('d3d1c29f-0ec8-4911-8290-db55d227b0a6', '30b0dd7b-0aa6-4ec0-b204-efeb58ad5781', 'KALTAKQUISE', 'ACTIVE', 0, 'Funktion: Geschäftsführer/in (CEO) | Mitarbeiter: 101 bis 500 | Branche: Garagen | Rechtsform: Aktiengesellschaft'),
('1af95bec-fb54-411e-9ac3-ff0e8ab53656', 'd29634f0-14de-4d33-97b5-e80a18bcfdb0', 'KALTAKQUISE', 'ACTIVE', 0, 'Funktion: Geschäftsführer/in (CEO) | Mitarbeiter: 51 bis 100 | Branche: Pensionskassen | Rechtsform: Stiftung'),
('f7da1aee-b2b3-46bb-a572-6ac308676243', '0cf81c08-baca-4314-97b8-4a305f808458', 'KALTAKQUISE', 'ACTIVE', 0, 'Funktion: Geschäftsführer/in (CEO) | Mitarbeiter: 101 bis 500 | Branche: Garagen'),
('4f4f431a-ec10-41e8-8456-3bae4de424ee', 'a7a01601-5de7-4f78-86de-935c877a8a91', 'KALTAKQUISE', 'ACTIVE', 0, 'Funktion: Geschäftsführer/in (CEO) | Mitarbeiter: 101 bis 500 | Branche: Garagen'),
('f364bfbf-1cb5-4aff-8781-488f79a80694', '584c96f4-1308-4817-a518-ef3973344b59', 'KALTAKQUISE', 'ACTIVE', 0, 'Funktion: Geschäftsführer/in (CEO) | Mitarbeiter: 21 bis 50 | Branche: Garagen'),
('c8f0761c-a3a9-4a63-af59-b9582125fac9', '7609152c-5212-40a5-807f-0cb34f5763bc', 'KALTAKQUISE', 'ACTIVE', 0, 'Funktion: Geschäftsführer/in (CEO) | Mitarbeiter: 1 bis 10 | Branche: Spielwaren- & Babyfachhandel | Rechtsform: Gesellschaft mit beschränkter Haftung'),
('a0fd4ca4-6c55-4d7f-9ac7-e71a1e919b2d', 'ac499f55-95f3-4785-8feb-89be26071ca3', 'KALTAKQUISE', 'ACTIVE', 0, 'Funktion: Geschäftsführer/in (CEO) | Mitarbeiter: 1 bis 10 | Branche: Werbeagenturen | Rechtsform: Einzelunternehmen'),
('a049b434-9f80-45eb-bc1e-3d331935f0e6', 'bae93ff1-6904-4349-b161-10fc04d7945d', 'KALTAKQUISE', 'ACTIVE', 0, 'Funktion: Geschäftsführer/in (CEO) | Mitarbeiter: 1 bis 10 | Branche: Werbeagenturen | Rechtsform: Einzelunternehmen'),
('cb2e64ae-78d1-4ce5-bb1b-80b6da1b8c8b', '3b991c07-58d9-4bdb-a98a-d8b4510dac6b', 'KALTAKQUISE', 'ACTIVE', 0, 'Funktion: Geschäftsführer/in (CEO) | Mitarbeiter: 1 bis 10 | Branche: Bio-Betriebe'),
('f9a57de9-1995-4faf-9f15-699bbada638c', '0ff46a55-3b56-4548-beb5-f601e90addc1', 'KALTAKQUISE', 'ACTIVE', 0, 'Funktion: Geschäftsführer/in (CEO) | Mitarbeiter: 1 bis 10 | Branche: Nachhaltigkeitsbereich'),
('da052b07-c0f6-4e32-b140-86ac4784b516', 'cba31f94-7abd-4b1f-8f02-d03be9418557', 'KALTAKQUISE', 'ACTIVE', 0, 'Funktion: Geschäftsführer/in (CEO) | Mitarbeiter: 1 bis 10 | Branche: Coiffeursalons | Rechtsform: Gesellschaft mit beschränkter Haftung'),
('c16e1057-dbcd-4fe5-aafe-1b1930c790f8', '3a113a3e-15a4-4047-983f-06cb53a47498', 'KALTAKQUISE', 'ACTIVE', 0, 'Funktion: Geschäftsführer/in (CEO) | Mitarbeiter: 1 bis 10 | Branche: Garagen | Rechtsform: Aktiengesellschaft'),
('58475aad-f515-4f8e-8477-2d54f763a54f', '18061f6d-13fe-4b2a-81df-5d41625ddfe6', 'KALTAKQUISE', 'ACTIVE', 0, 'Funktion: Geschäftsführer/in (CEO) | Mitarbeiter: 1 bis 10 | Branche: Restaurants'),
('083ec9a2-69f7-4e5c-b3a0-32a3661cf88c', '4a67ff91-29be-4e5a-84e3-a952898cf42e', 'KALTAKQUISE', 'ACTIVE', 0, 'Funktion: Geschäftsführer/in (CEO) | Mitarbeiter: 1 bis 10 | Branche: Physiotherapie / Medizintechnik-Industrie | Rechtsform: Aktiengesellschaft'),
('39c0fc40-037e-4b0e-9f6e-f2568f79327b', '11cd62bd-3098-458d-8c45-526afabfdd5d', 'KALTAKQUISE', 'ACTIVE', 0, 'Funktion: Geschäftsführer/in (CEO) | Mitarbeiter: 1 bis 10 | Branche: Naturheilpraxen | Rechtsform: Gesellschaft mit beschränkter Haftung'),
('94e8db45-76ef-4192-bbdb-d7a6fc35ce95', '66c2755c-a731-4da2-9c0c-45449f98ed59', 'KALTAKQUISE', 'ACTIVE', 0, 'Funktion: Geschäftsführer/in (CEO) | Mitarbeiter: 1 bis 10 | Branche: Naturheilpraxen'),
('9459f8f5-345e-4b77-8708-ae86429c7192', 'b4fee817-10d7-48a2-8db9-d4b11bd6e2e2', 'KALTAKQUISE', 'ACTIVE', 0, 'Funktion: Geschäftsführer/in (CEO) | Mitarbeiter: 11 bis 20 | Branche: Gartenbau & -pflege | Rechtsform: Aktiengesellschaft'),
('d20d0b48-d3a7-4dd9-bead-3fd8f258e3e1', '15294929-f602-4b60-80ca-6acce0d90305', 'KALTAKQUISE', 'ACTIVE', 0, 'Funktion: Geschäftsführer/in (CEO) | Mitarbeiter: 1 bis 10 | Branche: Naturheilpraxen'),
('e992090a-48ad-41f0-98f5-1e2df3a4581e', '6e1019c3-1216-4484-b9db-2844e250ac5e', 'KALTAKQUISE', 'ACTIVE', 0, 'Funktion: Geschäftsführer/in (CEO) | Mitarbeiter: 51 bis 100 | Branche: Online Shops'),
('b3a73eda-8c1f-426d-bec3-d2a4aaf9cb3c', '7066c877-efff-470a-83c8-3d09fa28b7be', 'KALTAKQUISE', 'ACTIVE', 0, 'Funktion: Geschäftsführer/in (CEO) | Mitarbeiter: 1 bis 10 | Branche: Textil- & Möbelindustrie / Schreinerei- & Holzbaubetriebe | Rechtsform: Aktiengesellschaft'),
('f62a3f69-4492-4fb0-9cfa-b64317cb31a7', 'f889251d-4628-4be8-b0a8-945796cdb8e4', 'KALTAKQUISE', 'ACTIVE', 0, 'Funktion: Geschäftsführer/in (CEO) | Mitarbeiter: 1 bis 10 | Branche: Architekturbüros | Rechtsform: Gesellschaft mit beschränkter Haftung'),
('d8f86008-21ea-4351-86f7-a60290c55d32', '1e473ef8-92b6-4bf0-9193-02296ee6d9b8', 'KALTAKQUISE', 'ACTIVE', 0, 'Funktion: Geschäftsführer/in (CEO) | Mitarbeiter: 1 bis 10 | Branche: Schreinerei- & Holzbaubetriebe | Rechtsform: Aktiengesellschaft'),
('edf90bd7-1749-4b3a-afde-41a8c82b3259', 'b8e7d934-0e27-4aaa-a9c8-2672184fdc2c', 'KALTAKQUISE', 'ACTIVE', 0, 'Funktion: Geschäftsführer/in (CEO) | Mitarbeiter: 1 bis 10 | Branche: Immobilienverwaltung / Immobilienvermittlung | Rechtsform: Aktiengesellschaft'),
('22b3c677-9158-4310-9f0b-d215d48bad16', '89de7fa5-4cce-4653-983a-395c0902f686', 'KALTAKQUISE', 'ACTIVE', 0, 'Funktion: Geschäftsführer/in (CEO) | Mitarbeiter: 1 bis 10 | Branche: Innenausstatter | Rechtsform: Aktiengesellschaft'),
('8c3cd46d-8088-4486-b9e5-b879e60d0519', 'bff78b17-3c7b-4252-8f78-fe014d2facc5', 'KALTAKQUISE', 'ACTIVE', 0, 'Funktion: Geschäftsführer/in (CEO) | Mitarbeiter: 11 bis 20 | Branche: Family Offices | Rechtsform: Aktiengesellschaft'),
('605d3ea0-fa42-420c-93ac-0df808cda8f2', 'b9cf9236-da06-41e1-9440-6ac885d8608a', 'KALTAKQUISE', 'ACTIVE', 0, 'Funktion: Geschäftsführer/in (CEO) | Mitarbeiter: 1 bis 10 | Branche: Kosmetikstudios'),
('cf505bf9-a937-4a6f-a2cc-f71961395924', 'fa5b8466-cab1-4575-a5d8-1aad62cb7dd9', 'KALTAKQUISE', 'ACTIVE', 0, 'Funktion: Geschäftsführer/in (CEO) | Mitarbeiter: 1 bis 10 | Branche: Maler- & Gipsergeschäfte | Rechtsform: Aktiengesellschaft'),
('268598dd-d621-4454-a5fe-d3c3768631f9', 'e97c5234-1c55-4ac8-bbdb-c07ce8be99fa', 'KALTAKQUISE', 'ACTIVE', 0, 'Funktion: Geschäftsführer/in (CEO) | Mitarbeiter: 1 bis 10 | Branche: Maler- & Gipsergeschäfte | Rechtsform: Aktiengesellschaft'),
('7ae6a37a-fafd-408a-9965-14389522640f', 'e1c0afd8-ff58-4f9d-b332-636749328ea7', 'KALTAKQUISE', 'ACTIVE', 0, 'Funktion: Geschäftsführer/in (CEO) | Mitarbeiter: 11 bis 20 | Branche: Facility Management & Reinigungsfirmen'),
('cff3fa84-3b7e-4aba-82d3-662a35aa8597', 'bc005fc8-117d-4a3e-9c49-1e069bc0dccb', 'KALTAKQUISE', 'ACTIVE', 0, 'Funktion: Geschäftsführer/in (CEO) | Mitarbeiter: 1 bis 10 | Branche: Detailhandel - Food & Getränke | Rechtsform: Einzelunternehmen'),
('6c2baf63-ad94-4192-b853-7198af4ebf41', 'bda2afc3-4ddb-4522-8975-b5b6bc1932de', 'KALTAKQUISE', 'ACTIVE', 0, 'Funktion: Geschäftsführer/in (CEO) | Mitarbeiter: 11 bis 20 | Branche: Schreinerei- & Holzbaubetriebe'),
('cb5b6a1e-a80f-405c-9a5d-2a32b846a8a8', 'ed94583f-6867-472a-8635-05b5d92eb8c4', 'KALTAKQUISE', 'ACTIVE', 0, 'Funktion: Geschäftsführer/in (CEO) | Mitarbeiter: 1 bis 10 | Branche: Apotheken & Drogerien / Online Shops'),
('9c158688-5061-40f8-bc49-49ee3472d91a', 'c67cc794-fcd5-4b95-b2ef-965b47a6028c', 'KALTAKQUISE', 'ACTIVE', 0, 'Funktion: Geschäftsführer/in (CEO) | Mitarbeiter: 1 bis 10 | Branche: Testcenter'),
('919bdb6f-8c71-4c8a-98b6-5adbc8ea93d5', '983f625c-c469-45fd-be12-ccb73acf187f', 'KALTAKQUISE', 'ACTIVE', 0, 'Funktion: Geschäftsführer/in (CEO) | Mitarbeiter: 1 bis 10 | Branche: Apotheken & Drogerien / Testcenter'),
('db7327c0-4d05-4e89-80a1-3425e97eceab', 'eed33aa7-0f08-4821-91f2-20acbe051479', 'KALTAKQUISE', 'ACTIVE', 0, 'Funktion: Geschäftsführer/in (CEO) | Mitarbeiter: 11 bis 20 | Branche: Apotheken & Drogerien'),
('3b9cffd1-a68b-4011-9ea2-d2610a75fb6e', '7731f9d3-12cd-4d33-90b4-518a3923eaa6', 'KALTAKQUISE', 'ACTIVE', 0, 'Funktion: Geschäftsführer/in (CEO) | Mitarbeiter: 1 bis 10 | Branche: Apotheken & Drogerien'),
('f9d0f1a5-12c5-4f99-8cc2-8c02fcebdb42', 'bcfe6ace-d00b-4a56-a513-0adae146188c', 'KALTAKQUISE', 'ACTIVE', 0, 'Funktion: Geschäftsführer/in (CEO) | Mitarbeiter: 11 bis 20 | Branche: Apotheken & Drogerien'),
('fc8a9f0c-32d4-448b-9034-83e516b8bea7', 'e9156a74-79e1-4fc3-bb8c-2bf3c2425135', 'KALTAKQUISE', 'ACTIVE', 0, 'Funktion: Geschäftsführer/in (CEO) | Mitarbeiter: 1 bis 10 | Branche: Apotheken & Drogerien'),
('e087e6dc-b132-4ba4-b239-c5a764b729c5', '275c6a2c-8c72-4f35-817c-62c5d69f576e', 'KALTAKQUISE', 'ACTIVE', 0, 'Funktion: Geschäftsführer/in (CEO) | Mitarbeiter: 11 bis 20 | Branche: Apotheken & Drogerien'),
('a324cdb0-08dc-4b2b-91bc-84666684d999', '797673ab-445f-4d95-be25-d18d142e20bc', 'KALTAKQUISE', 'ACTIVE', 0, 'Funktion: Geschäftsführer/in (CEO) | Mitarbeiter: 11 bis 20 | Branche: Apotheken & Drogerien'),
('e6cbe652-ee5f-48f1-8cc8-d4a3437f1cf6', '8d381710-3450-48c1-b397-8582252d2cba', 'KALTAKQUISE', 'ACTIVE', 0, 'Funktion: Geschäftsführer/in (CEO) | Mitarbeiter: 11 bis 20 | Branche: Apotheken & Drogerien'),
('aedc4dc6-db8e-4f0a-88a0-73605acfa4e3', '1fb65def-8e2b-433e-bb2d-cedd3db3711e', 'KALTAKQUISE', 'ACTIVE', 0, 'Funktion: Geschäftsführer/in (CEO) | Mitarbeiter: 11 bis 20 | Branche: Apotheken & Drogerien'),
('66007c84-a47f-4917-a033-25db4bedf10d', 'ecd03044-1c44-411d-b2bb-b224c18b522b', 'KALTAKQUISE', 'ACTIVE', 0, 'Funktion: Geschäftsführer/in (CEO) | Mitarbeiter: 1 bis 10 | Branche: Apotheken & Drogerien'),
('93489a0e-9d71-49e5-a38d-747e624ab33f', 'cd6a531d-3a2d-48fe-b961-22713bc86baf', 'KALTAKQUISE', 'ACTIVE', 0, 'Funktion: Geschäftsführer/in (CEO) | Mitarbeiter: 1 bis 10 | Branche: Apotheken & Drogerien'),
('00bb55e1-cbd5-4071-b05c-226fddfc6535', 'd974d9e9-479f-41ef-88d2-e5e543a42a67', 'KALTAKQUISE', 'ACTIVE', 0, 'Funktion: Geschäftsführer/in (CEO) | Mitarbeiter: 11 bis 20 | Branche: Apotheken & Drogerien / Testcenter'),
('891db33e-0e08-4dc9-87eb-759ae0992b99', 'e08884fb-aab9-4728-89d2-9bde7d4936ba', 'KALTAKQUISE', 'ACTIVE', 0, 'Funktion: Geschäftsführer/in (CEO) | Mitarbeiter: 11 bis 20 | Branche: Apotheken & Drogerien / Testcenter'),
('94136d4c-090d-4b31-a21d-b1d60444469d', '86231825-7f1a-46a0-9ad5-f1248d019653', 'KALTAKQUISE', 'ACTIVE', 0, 'Funktion: Geschäftsführer/in (CEO) | Mitarbeiter: 1 bis 10 | Branche: Apotheken & Drogerien'),
('80c80804-0399-413a-a7a0-19021e4087ea', '92e2d96a-700e-42f8-a7a0-2d855f0c83a2', 'KALTAKQUISE', 'ACTIVE', 0, 'Funktion: Geschäftsführer/in (CEO) | Mitarbeiter: 1 bis 10 | Branche: Apotheken & Drogerien'),
('3534684f-adc4-402e-bb7d-c769dee772b2', '2dc50616-be61-4a4e-b03b-be432b96a351', 'KALTAKQUISE', 'ACTIVE', 0, 'Funktion: Geschäftsführer/in (CEO) | Mitarbeiter: 1 bis 10 | Branche: Apotheken & Drogerien'),
('17c3bcd4-b675-4ba0-8def-a9c62cbb53cc', '1735b3ab-3365-42c5-bc9f-826f9fd5e16e', 'KALTAKQUISE', 'ACTIVE', 0, 'Funktion: Geschäftsführer/in (CEO) | Mitarbeiter: 11 bis 20 | Branche: Apotheken & Drogerien'),
('932c158a-5c8e-4e1f-baac-190531a428d9', '58f35122-a5de-46ea-adc6-beb3e8083a12', 'KALTAKQUISE', 'ACTIVE', 0, 'Funktion: Geschäftsführer/in (CEO) | Mitarbeiter: 1 bis 10 | Branche: Apotheken & Drogerien'),
('12411731-b742-43fc-95df-1093976edb5d', 'b523e28f-d61b-49d4-80d9-29cf24b4ca00', 'KALTAKQUISE', 'ACTIVE', 0, 'Funktion: Geschäftsführer/in (CEO) | Mitarbeiter: 1 bis 10 | Branche: Apotheken & Drogerien'),
('a4c4f5e2-231c-47a9-8a7e-b9ce4f722f6f', 'ccdd04c3-5af7-4110-9d49-ff4823a4c69a', 'KALTAKQUISE', 'ACTIVE', 0, 'Funktion: Geschäftsführer/in (CEO) | Mitarbeiter: 1 bis 10 | Branche: Apotheken & Drogerien'),
('e89d2abe-82bc-40fb-ab67-4297e4ac9ef0', '230e9359-2843-42a4-a1a1-a952c821bc4f', 'KALTAKQUISE', 'ACTIVE', 0, 'Funktion: Geschäftsführer/in (CEO) | Mitarbeiter: 1 bis 10 | Branche: Apotheken & Drogerien'),
('fbd2f642-1e15-44f8-b96f-67558a828d70', '6358be41-7968-4359-8437-7b22e6860278', 'KALTAKQUISE', 'ACTIVE', 0, 'Funktion: Geschäftsführer/in (CEO) | Mitarbeiter: 11 bis 20 | Branche: Apotheken & Drogerien | Rechtsform: Gesellschaft mit beschränkter Haftung'),
('ecbeb571-5e22-4747-bc89-67473a697644', '8d670371-57af-4d20-9fed-24b1687133e2', 'KALTAKQUISE', 'ACTIVE', 0, 'Funktion: Geschäftsführer/in (CEO) | Mitarbeiter: 11 bis 20 | Branche: Apotheken & Drogerien / Testcenter'),
('75b7691f-4a04-4644-ac8b-4bd98cc2d02f', '1c210bf2-bd2e-4636-8446-d3a544fa29ec', 'KALTAKQUISE', 'ACTIVE', 0, 'Funktion: Geschäftsführer/in (CEO) | Mitarbeiter: 11 bis 20 | Branche: Apotheken & Drogerien'),
('a557889f-f6e5-4367-904b-d6a34eb8deae', 'b3395135-e005-4f34-ac96-67e019413fd7', 'KALTAKQUISE', 'ACTIVE', 0, 'Funktion: Geschäftsführer/in (CEO) | Mitarbeiter: 11 bis 20 | Branche: Apotheken & Drogerien / Testcenter'),
('ebc17b28-edbb-4778-a391-b0b78c4593c1', '2e3dc8a4-6962-4b41-8303-228da0523d3e', 'KALTAKQUISE', 'ACTIVE', 0, 'Funktion: Geschäftsführer/in (CEO) | Mitarbeiter: 1 bis 10 | Branche: Apotheken & Drogerien'),
('47c10675-1fb2-41d1-a9ac-1949779835c5', 'a720a675-e214-41c2-ae5d-78376e343afa', 'KALTAKQUISE', 'ACTIVE', 0, 'Funktion: Geschäftsführer/in (CEO) | Mitarbeiter: 1 bis 10 | Branche: Apotheken & Drogerien'),
('691a24f1-2087-45ed-97f6-aae1e18a2533', 'fa5db51d-dc8c-4618-ab3e-97584e518c2c', 'KALTAKQUISE', 'ACTIVE', 0, 'Funktion: Geschäftsführer/in (CEO) | Mitarbeiter: 11 bis 20 | Branche: Apotheken & Drogerien'),
('e001212f-2f5b-4444-999c-2dd0cd06251a', '18a7ea9d-0273-4626-831c-cd3927c74181', 'KALTAKQUISE', 'ACTIVE', 0, 'Funktion: Geschäftsführer/in (CEO) | Mitarbeiter: 11 bis 20 | Branche: Apotheken & Drogerien'),
('4ff7d263-7ba0-41e4-b254-92443ffd63a7', '73f95d95-a047-452e-b725-bbefdd72172d', 'KALTAKQUISE', 'ACTIVE', 0, 'Funktion: Geschäftsführer/in (CEO) | Mitarbeiter: 11 bis 20 | Branche: Apotheken & Drogerien'),
('7fb70b8e-bc6f-41f0-920a-5ce8469109ea', 'd336bcd0-d7e0-45ca-b74e-bed996a98617', 'KALTAKQUISE', 'ACTIVE', 0, 'Funktion: Geschäftsführer/in (CEO) | Mitarbeiter: 1 bis 10 | Branche: Apotheken & Drogerien'),
('b2337c6c-be1f-4c69-8f12-8d3a2712c1af', '0e15f28b-5084-43e0-a0b5-3bfe5c6b2d6e', 'KALTAKQUISE', 'ACTIVE', 0, 'Funktion: Geschäftsführer/in (CEO) | Mitarbeiter: 1 bis 10 | Branche: Apotheken & Drogerien'),
('5f894de3-3813-4373-9c8c-a1c8fe2a06f9', 'd8d2dcd7-92cf-4360-86a5-ca28159a614a', 'KALTAKQUISE', 'ACTIVE', 0, 'Funktion: Geschäftsführer/in (CEO) | Mitarbeiter: 11 bis 20 | Branche: Apotheken & Drogerien / Testcenter'),
('a476834b-4171-4084-ade1-f313ff6b5283', '60f9b584-650d-4faa-a433-2042b125d921', 'KALTAKQUISE', 'ACTIVE', 0, 'Funktion: Geschäftsführer/in (CEO) | Mitarbeiter: 1 bis 10 | Branche: Apotheken & Drogerien'),
('fbb7ab85-e636-4c9a-a7ac-60e1a55cf163', '4f849fb7-8c0e-4e01-b159-b68240d9601e', 'KALTAKQUISE', 'ACTIVE', 0, 'Funktion: Geschäftsführer/in (CEO) | Mitarbeiter: 1 bis 10 | Branche: Apotheken & Drogerien'),
('f50b227c-b9f4-49e4-903e-c530aa5ec0ba', 'af40799c-97f4-446a-bbc7-231d01108ff4', 'KALTAKQUISE', 'ACTIVE', 0, 'Funktion: Geschäftsführer/in (CEO) | Mitarbeiter: 11 bis 20 | Branche: Apotheken & Drogerien / Testcenter'),
('cfabbbb1-6572-4609-9e84-52367e29a66b', '1c5e8214-45af-47e3-b19c-5bc298059d63', 'KALTAKQUISE', 'ACTIVE', 0, 'Funktion: Geschäftsführer/in (CEO) | Mitarbeiter: 1 bis 10 | Branche: Apotheken & Drogerien'),
('93d39d42-749d-496d-a7d6-616e62076dd6', 'ee8c5773-38f0-4902-8d04-552ede17fc3d', 'KALTAKQUISE', 'ACTIVE', 0, 'Funktion: Geschäftsführer/in (CEO) | Mitarbeiter: 1 bis 10 | Branche: Apotheken & Drogerien'),
('dc81a753-1657-4b19-8448-54ffbf34be20', 'c84831a4-fa92-4f6b-abb8-ba1305c717d3', 'KALTAKQUISE', 'ACTIVE', 0, 'Funktion: Geschäftsführer/in (CEO) | Mitarbeiter: 1 bis 10 | Branche: Apotheken & Drogerien'),
('1f445106-1b35-41e8-9892-dc24db5ed238', '3be1a837-0441-4814-b7a6-158841fc549b', 'KALTAKQUISE', 'ACTIVE', 0, 'Funktion: Geschäftsführer/in (CEO) | Mitarbeiter: 11 bis 20 | Branche: Apotheken & Drogerien / Testcenter'),
('c2f78d6b-f2bb-492f-a0e6-da86a2f3c983', 'e2b560b8-93da-47d4-9fdb-50d3024b03b4', 'KALTAKQUISE', 'ACTIVE', 0, 'Funktion: Geschäftsführer/in (CEO) | Mitarbeiter: 1 bis 10 | Branche: Apotheken & Drogerien'),
('5fa896c0-e2ff-495d-acfe-bda4bd2818dd', '797dd653-ac1f-442a-ae17-c0eb2baae5ad', 'KALTAKQUISE', 'ACTIVE', 0, 'Funktion: Geschäftsführer/in (CEO) | Mitarbeiter: 11 bis 20 | Branche: Apotheken & Drogerien / Testcenter'),
('4ae1c280-3414-4268-a8bf-a083533b2ec1', '2f83f9cf-a172-40f8-aaae-fe384c431527', 'KALTAKQUISE', 'ACTIVE', 0, 'Funktion: Geschäftsführer/in (CEO) | Mitarbeiter: 1 bis 10 | Branche: Apotheken & Drogerien'),
('cfcdbf4c-e6cf-44ef-8b49-311599e1b37d', 'a65b7b8b-fb02-4cf3-bb09-4300009f85a5', 'KALTAKQUISE', 'ACTIVE', 0, 'Funktion: Geschäftsführer/in (CEO) | Mitarbeiter: 11 bis 20 | Branche: Apotheken & Drogerien / Testcenter'),
('3095f7b6-6d55-4cf2-9936-7761a7a6c9d6', '3d48b657-ac71-4a58-9be9-77b543d0695c', 'KALTAKQUISE', 'ACTIVE', 0, 'Funktion: Geschäftsführer/in (CEO) | Mitarbeiter: 1 bis 10 | Branche: Apotheken & Drogerien'),
('fb3163fe-53d9-43bf-9e2c-604f3ee95e06', '7d6643a8-db51-4d74-bca6-f555c6004174', 'KALTAKQUISE', 'ACTIVE', 0, 'Funktion: Geschäftsführer/in (CEO) | Mitarbeiter: 11 bis 20 | Branche: Apotheken & Drogerien'),
('94c0ebe9-383e-49af-bd29-9192423474b2', 'cb7cd706-68f8-40c5-a6a6-2db87113f897', 'KALTAKQUISE', 'ACTIVE', 0, 'Funktion: Geschäftsführer/in (CEO) | Mitarbeiter: 1 bis 10 | Branche: Apotheken & Drogerien'),
('3bea914d-0527-42ee-8fe5-e2b8eff3a0c3', 'c4a1ea58-f611-4b6f-bb4b-bb9e5e3cc15b', 'KALTAKQUISE', 'ACTIVE', 0, 'Funktion: Geschäftsführer/in (CEO) | Mitarbeiter: 1 bis 10 | Branche: Apotheken & Drogerien'),
('0c85e683-27e2-4d11-ade5-943462cb4415', '3b9b0d44-2551-414f-b70d-1d857caf4c74', 'KALTAKQUISE', 'ACTIVE', 0, 'Funktion: Geschäftsführer/in (CEO) | Mitarbeiter: 1 bis 10 | Branche: Apotheken & Drogerien'),
('8dda90fc-215e-484f-8e53-667896f11440', '466109c0-1f2d-42bf-b082-6e5abfd7dcb6', 'KALTAKQUISE', 'ACTIVE', 0, 'Funktion: Geschäftsführer/in (CEO) | Mitarbeiter: 1 bis 10 | Branche: Apotheken & Drogerien'),
('3d2b1454-2c0b-4fc6-9f65-6a1b21bf7f46', '88cf8f72-4209-48a6-ae45-8f5893902db2', 'KALTAKQUISE', 'ACTIVE', 0, 'Funktion: Geschäftsführer/in (CEO) | Mitarbeiter: 11 bis 20 | Branche: Apotheken & Drogerien / Testcenter'),
('2c61ad7d-d91c-4bf6-8c25-8adb8fb9d536', 'bc9fbcf9-b584-4b23-bce7-b1af5ef9145e', 'KALTAKQUISE', 'ACTIVE', 0, 'Funktion: Geschäftsführer/in (CEO) | Mitarbeiter: 1 bis 10 | Branche: Apotheken & Drogerien'),
('ab8b7190-2196-41bc-a4c5-4e1bf83f2f5a', 'afb37810-30ce-4891-b635-3bf611e3df69', 'KALTAKQUISE', 'ACTIVE', 0, 'Funktion: Geschäftsführer/in (CEO) | Mitarbeiter: 1 bis 10 | Branche: Apotheken & Drogerien'),
('8110e216-d6fa-445f-b62c-ce267df92fce', '6b322a33-42c9-4cdb-a279-b7b6274843aa', 'KALTAKQUISE', 'ACTIVE', 0, 'Funktion: Geschäftsführer/in (CEO) | Mitarbeiter: 1 bis 10 | Branche: Apotheken & Drogerien'),
('abe113dd-720f-44f2-9f9a-13524849de32', 'ff5f0dea-2007-4ce9-9370-50052c80646a', 'KALTAKQUISE', 'ACTIVE', 0, 'Funktion: Geschäftsführer/in (CEO) | Mitarbeiter: 11 bis 20 | Branche: Apotheken & Drogerien'),
('1df8de39-45f6-4ecf-8021-baa8668799aa', '0f9a1a2a-130a-4a70-beae-488b45f4b0f0', 'KALTAKQUISE', 'ACTIVE', 0, 'Funktion: Geschäftsführer/in (CEO) | Mitarbeiter: 1 bis 10 | Branche: Apotheken & Drogerien'),
('3db235b2-b384-48c1-9b08-85e50dc793c1', 'b6d067a8-71ce-4773-8c60-e214a686085f', 'KALTAKQUISE', 'ACTIVE', 0, 'Funktion: Geschäftsführer/in (CEO) | Mitarbeiter: 11 bis 20 | Branche: Apotheken & Drogerien'),
('d399b148-0693-4839-a19a-916ce3d6b2d6', '7aad98c1-096d-488c-ba11-82358f52805e', 'KALTAKQUISE', 'ACTIVE', 0, 'Funktion: Geschäftsführer/in (CEO) | Mitarbeiter: 1 bis 10 | Branche: Apotheken & Drogerien'),
('4b65f777-4b01-492d-a792-b2de9576ab21', '1b960eea-542c-4844-a671-668bbb608194', 'KALTAKQUISE', 'ACTIVE', 0, 'Funktion: Geschäftsführer/in (CEO) | Mitarbeiter: 1 bis 10 | Branche: Apotheken & Drogerien'),
('b2210bdc-70f3-4b0a-9d5e-fc1d8c4a2b91', '172b665a-ec15-4b74-9e63-641d9e072088', 'KALTAKQUISE', 'ACTIVE', 0, 'Funktion: Geschäftsführer/in (CEO) | Mitarbeiter: 1 bis 10 | Branche: Apotheken & Drogerien'),
('ad2d2adf-6b06-42ce-84de-97f618de8608', '635cec37-df30-4974-800c-7c7864dfee6d', 'KALTAKQUISE', 'ACTIVE', 0, 'Funktion: Geschäftsführer/in (CEO) | Mitarbeiter: 1 bis 10 | Branche: Apotheken & Drogerien / Testcenter'),
('b7a85449-ff93-4b18-81ad-07651140b239', 'dd27ce66-a2d7-4fa7-add9-b5a53d69674a', 'KALTAKQUISE', 'ACTIVE', 0, 'Funktion: Geschäftsführer/in (CEO) | Mitarbeiter: 1 bis 10 | Branche: Apotheken & Drogerien'),
('208c75e1-8d95-45d0-b298-0563ab75cef9', 'c750e0ab-c0c9-4745-ad3c-fbfe847f24bc', 'KALTAKQUISE', 'ACTIVE', 0, 'Funktion: Geschäftsführer/in (CEO) | Mitarbeiter: 1 bis 10 | Branche: Apotheken & Drogerien');

INSERT INTO lead_tags (lead_id, tag_id) VALUES
('c13ce2d4-d1f5-48ec-bba8-6c68b486fc29', 'ka-b2b'),
('fdc0d3c3-1397-4860-967d-53369a37a0de', 'ka-b2b'),
('52e991b7-33dd-4b61-924f-599ce9a0a283', 'ka-b2b'),
('2491e249-390e-4a49-90b7-e1ef78c1d0b2', 'ka-b2b'),
('022b1422-da64-4a70-941a-5059e4a0bb19', 'ka-b2b'),
('3ca2f3d4-d7bc-46af-8306-48c3fda991d0', 'ka-b2b'),
('6e007e01-2433-4ded-813d-114a02d19eca', 'ka-b2b'),
('518115ce-eaf3-4617-868c-56dd64993b16', 'ka-b2b'),
('3ef49c06-523c-469e-ab2a-4e6800f47989', 'ka-b2b'),
('aff9e8be-3b58-43a5-99a1-de06a0e9fd22', 'ka-b2b'),
('a31e5892-2e4d-4e14-8a23-56a9ac835b48', 'ka-b2b'),
('7f699267-5931-4503-938d-ceabfa4b93b8', 'ka-b2b'),
('b001b42c-e7db-41c9-a7f4-d356029d5849', 'ka-b2b'),
('b8ffee35-d104-4018-ab28-7ea3c424f445', 'ka-b2b'),
('65ddd3a4-dc5e-4d27-8508-fdf7ee7c6b03', 'ka-b2b'),
('0369f41b-029e-4938-83b2-93c2488a8dbd', 'ka-b2b'),
('95da276c-1166-4d8e-a6fb-0b1399a33786', 'ka-b2b'),
('f9d530cb-c1c2-4ca8-8cc0-d1d4dc35868a', 'ka-b2b'),
('63673610-149a-42c9-af6f-de6e9175cade', 'ka-b2b'),
('f41f728e-466a-486f-91ea-51d34311a922', 'ka-b2b'),
('1224ecca-fa87-4b70-a10d-e7eb54758d8a', 'ka-b2b'),
('93aa57cb-12a6-45d6-9ead-f5800324a30d', 'ka-b2b'),
('07606928-4556-4a04-a646-2ea07c046529', 'ka-b2b'),
('e9a95151-a138-4cd4-bf6e-46bc33de077c', 'ka-b2b'),
('d5849ddc-d2d4-4a04-9900-f6acef1d4e2f', 'ka-b2b'),
('83509f34-0a6f-4457-9013-240b9757e0e1', 'ka-b2b'),
('95fcd444-49b1-4a76-9b88-3d66482b259f', 'ka-b2b'),
('eefb54bb-1c26-4195-995a-956d2ad014ff', 'ka-b2b'),
('bd253ca6-5e50-40e4-bc06-612971e88dcb', 'ka-b2b'),
('d33a17cc-0b2c-4a2b-a52c-40c0971df4b3', 'ka-b2b'),
('76eef7d4-e4c3-4fbf-ae2c-91f9aba47567', 'ka-b2b'),
('d4d3fbc1-5a09-4655-8782-200e9865c07f', 'ka-b2b'),
('1832f3b5-adea-4fa4-b05a-77d75c41af1c', 'ka-b2b'),
('525ed715-c80d-4362-b8ee-7e37c054fe74', 'ka-b2b'),
('3d93644c-2b0c-473f-a3ab-132ae34790c0', 'ka-b2b'),
('a8d86990-d767-4607-9895-5cefc6cfe640', 'ka-b2b'),
('7b8987d6-cf62-4078-bfdd-7c9dde186498', 'ka-b2b'),
('0e7ca731-33b6-40a6-93b6-e10a95e1bf4c', 'ka-b2b'),
('353d7f35-d244-44ac-89c4-927dbe4cd68d', 'ka-b2b'),
('2bbd4cd2-3898-4752-8928-8beb0e2950c3', 'ka-b2b'),
('fac5f21b-9dd2-410f-9408-29fd83e38c84', 'ka-b2b'),
('7d27114f-3035-40c0-be67-01c5a104f6b3', 'ka-b2b'),
('f82ed87b-94db-4833-b2cf-2d32f468cd64', 'ka-b2b'),
('376b8d23-6f5b-45b4-8ce0-4d2b8168dbd8', 'ka-b2b'),
('88f9b64f-e8d6-4a34-aa40-67daada38289', 'ka-b2b'),
('a97a6c8d-4ae4-4808-929b-28422a3145c1', 'ka-b2b'),
('4d696a17-cfbb-4425-9659-8974c5ba3a0e', 'ka-b2b'),
('cbc733b9-8134-4aec-8d20-0b9109220712', 'ka-b2b'),
('927ef187-ed70-42e2-b855-b7880b16f6d0', 'ka-b2b'),
('2d90b8d2-2059-4fbf-851c-68b51ff8f285', 'ka-b2b'),
('78a0ee77-001a-46f5-a998-7cf18a5db77d', 'ka-b2b'),
('25c8646a-9b68-4ed0-8bb5-d848f1e8e6d7', 'ka-b2b'),
('777b3a30-e4d7-4cd0-8f98-8eb849195a3f', 'ka-b2b'),
('2f463b5c-975b-4055-af3d-a9702e67a412', 'ka-b2b'),
('7c73d269-02d7-4774-9ca3-76a3a554e794', 'ka-b2b'),
('c5a10fe1-bdd2-4da3-aaf3-c56de840fd93', 'ka-b2b'),
('0f87e2b2-3981-427e-a99b-d11856b0e2e8', 'ka-b2b'),
('d011c7a8-4bc9-4b6a-8d42-75206554e76d', 'ka-b2b'),
('8c27afaf-fdf5-4d74-bf66-814fb5b3f5a6', 'ka-b2b'),
('9ad4017d-a7e4-4c63-aa6d-9c06b5f01f62', 'ka-b2b'),
('8cfd14b1-d05a-4eb0-8fe2-49f30cd4f9b3', 'ka-b2b'),
('9eddef5f-d00a-4d76-9169-ccbfcdb8989e', 'ka-b2b'),
('93045555-f55b-48ef-8fe1-e4e2884d5ad8', 'ka-b2b'),
('57e1994f-770f-47b3-9ec2-6ad606c5d011', 'ka-b2b'),
('27640364-55b6-49bf-b2c3-3c48d3231f05', 'ka-b2b'),
('f9c2758a-b7d8-4b1f-b70e-d027806b7e7c', 'ka-b2b'),
('b1ddcda8-7d23-421f-85e8-d738c109b81c', 'ka-b2b'),
('ce758fe2-cdbf-46d0-a4bd-fc615e827db1', 'ka-b2b'),
('13a5665b-d69e-4bd2-9a53-34a52a2895f3', 'ka-b2b'),
('2dae6d25-bdfc-4788-95d4-9c07520b37f2', 'ka-b2b'),
('26687795-5957-4640-8fa3-37b720b3c617', 'ka-b2b'),
('4d323fba-241f-4720-bcd4-0fba7ec3b627', 'ka-b2b'),
('99504680-1703-462b-8db9-ed941d38a96a', 'ka-b2b'),
('3e4bb690-dbef-41e1-b42c-00e41b01931b', 'ka-b2b'),
('3d3c0d7c-cc73-40ad-9b22-740a4f1100b8', 'ka-b2b'),
('753c3f05-5aef-445e-8545-9bf80f5d7a53', 'ka-b2b'),
('6d62af44-b56e-43dd-bb67-1c952d3b9f57', 'ka-b2b'),
('279a461a-a4d1-40fb-9fb6-b8db37e3dea4', 'ka-b2b'),
('7e2a3fb8-f9c1-47f8-ac1d-d5ee0c1a9221', 'ka-b2b'),
('c5bd3e54-ae8e-4cbb-8968-efa0b80cdb15', 'ka-b2b'),
('c02f8a10-6516-475c-9eab-fea9519c25c9', 'ka-b2b'),
('a89a3efb-9795-4d02-99ac-0af9671ffc60', 'ka-b2b'),
('1a4b9045-344b-4860-a291-6a0223ce4e64', 'ka-b2b'),
('22386ea6-3cef-4f67-9b54-a5e57b736a98', 'ka-b2b'),
('db0f7ac5-13ed-4adc-96b8-d4966dd75f1e', 'ka-b2b'),
('d22e265f-67ed-4710-bf19-b92e42b91c9b', 'ka-b2b'),
('9170aefd-6d71-487a-ab5a-db8318b04a22', 'ka-b2b'),
('84d79250-6d3c-4d72-ae88-58f99737a06a', 'ka-b2b'),
('279c9beb-b3e4-47fa-89f0-148c6efeffc0', 'ka-b2b'),
('00f636f4-e7e8-429c-a916-fb801739a5a4', 'ka-b2b'),
('02037162-00d2-4b17-ad66-ebb374d303c1', 'ka-b2b'),
('baf4f57b-95cb-4f2c-b522-4d7d9aebcc2b', 'ka-b2b'),
('2697844c-ed10-42c3-a89d-f87000a169bb', 'ka-b2b'),
('a861886f-05d8-4aa0-b855-eb0c26e22262', 'ka-b2b'),
('bd0e9b0e-c5c8-4475-a9a4-72b844709d08', 'ka-b2b'),
('04901fb0-210e-44c8-adcf-01f49a86ce2d', 'ka-b2b'),
('3ca315a0-72ad-4e39-b802-c1b5e6d67b32', 'ka-b2b'),
('d2839192-dda8-4cfd-9a8c-4820bae55ced', 'ka-b2b'),
('ed0ab4f0-6eca-4543-805b-517a46418db0', 'ka-b2b'),
('524a141e-f928-48c2-bdf3-3f5c2b4f54f6', 'ka-b2b'),
('da43a94f-2e42-4180-9c1c-27772cd57ca8', 'ka-b2b'),
('fd834213-8c47-463e-8d63-c7d7fea18543', 'ka-b2b'),
('df775b81-d37e-4b27-bb17-1690e9028f1a', 'ka-b2b'),
('d01a47e4-42d3-45e8-9583-8494f933c1c2', 'ka-b2b'),
('d3d1c29f-0ec8-4911-8290-db55d227b0a6', 'ka-b2b'),
('1af95bec-fb54-411e-9ac3-ff0e8ab53656', 'ka-b2b'),
('f7da1aee-b2b3-46bb-a572-6ac308676243', 'ka-b2b'),
('4f4f431a-ec10-41e8-8456-3bae4de424ee', 'ka-b2b'),
('f364bfbf-1cb5-4aff-8781-488f79a80694', 'ka-b2b'),
('c8f0761c-a3a9-4a63-af59-b9582125fac9', 'ka-b2b'),
('a0fd4ca4-6c55-4d7f-9ac7-e71a1e919b2d', 'ka-b2b'),
('a049b434-9f80-45eb-bc1e-3d331935f0e6', 'ka-b2b'),
('cb2e64ae-78d1-4ce5-bb1b-80b6da1b8c8b', 'ka-b2b'),
('f9a57de9-1995-4faf-9f15-699bbada638c', 'ka-b2b'),
('da052b07-c0f6-4e32-b140-86ac4784b516', 'ka-b2b'),
('c16e1057-dbcd-4fe5-aafe-1b1930c790f8', 'ka-b2b'),
('58475aad-f515-4f8e-8477-2d54f763a54f', 'ka-b2b'),
('083ec9a2-69f7-4e5c-b3a0-32a3661cf88c', 'ka-b2b'),
('39c0fc40-037e-4b0e-9f6e-f2568f79327b', 'ka-b2b'),
('94e8db45-76ef-4192-bbdb-d7a6fc35ce95', 'ka-b2b'),
('9459f8f5-345e-4b77-8708-ae86429c7192', 'ka-b2b'),
('d20d0b48-d3a7-4dd9-bead-3fd8f258e3e1', 'ka-b2b'),
('e992090a-48ad-41f0-98f5-1e2df3a4581e', 'ka-b2b'),
('b3a73eda-8c1f-426d-bec3-d2a4aaf9cb3c', 'ka-b2b'),
('f62a3f69-4492-4fb0-9cfa-b64317cb31a7', 'ka-b2b'),
('d8f86008-21ea-4351-86f7-a60290c55d32', 'ka-b2b'),
('edf90bd7-1749-4b3a-afde-41a8c82b3259', 'ka-b2b'),
('22b3c677-9158-4310-9f0b-d215d48bad16', 'ka-b2b'),
('8c3cd46d-8088-4486-b9e5-b879e60d0519', 'ka-b2b'),
('605d3ea0-fa42-420c-93ac-0df808cda8f2', 'ka-b2b'),
('cf505bf9-a937-4a6f-a2cc-f71961395924', 'ka-b2b'),
('268598dd-d621-4454-a5fe-d3c3768631f9', 'ka-b2b'),
('7ae6a37a-fafd-408a-9965-14389522640f', 'ka-b2b'),
('cff3fa84-3b7e-4aba-82d3-662a35aa8597', 'ka-b2b'),
('6c2baf63-ad94-4192-b853-7198af4ebf41', 'ka-b2b'),
('cb5b6a1e-a80f-405c-9a5d-2a32b846a8a8', 'ka-b2b'),
('9c158688-5061-40f8-bc49-49ee3472d91a', 'ka-b2b'),
('919bdb6f-8c71-4c8a-98b6-5adbc8ea93d5', 'ka-b2b'),
('db7327c0-4d05-4e89-80a1-3425e97eceab', 'ka-b2b'),
('3b9cffd1-a68b-4011-9ea2-d2610a75fb6e', 'ka-b2b'),
('f9d0f1a5-12c5-4f99-8cc2-8c02fcebdb42', 'ka-b2b'),
('fc8a9f0c-32d4-448b-9034-83e516b8bea7', 'ka-b2b'),
('e087e6dc-b132-4ba4-b239-c5a764b729c5', 'ka-b2b'),
('a324cdb0-08dc-4b2b-91bc-84666684d999', 'ka-b2b'),
('e6cbe652-ee5f-48f1-8cc8-d4a3437f1cf6', 'ka-b2b'),
('aedc4dc6-db8e-4f0a-88a0-73605acfa4e3', 'ka-b2b'),
('66007c84-a47f-4917-a033-25db4bedf10d', 'ka-b2b'),
('93489a0e-9d71-49e5-a38d-747e624ab33f', 'ka-b2b'),
('00bb55e1-cbd5-4071-b05c-226fddfc6535', 'ka-b2b'),
('891db33e-0e08-4dc9-87eb-759ae0992b99', 'ka-b2b'),
('94136d4c-090d-4b31-a21d-b1d60444469d', 'ka-b2b'),
('80c80804-0399-413a-a7a0-19021e4087ea', 'ka-b2b'),
('3534684f-adc4-402e-bb7d-c769dee772b2', 'ka-b2b'),
('17c3bcd4-b675-4ba0-8def-a9c62cbb53cc', 'ka-b2b'),
('932c158a-5c8e-4e1f-baac-190531a428d9', 'ka-b2b'),
('12411731-b742-43fc-95df-1093976edb5d', 'ka-b2b'),
('a4c4f5e2-231c-47a9-8a7e-b9ce4f722f6f', 'ka-b2b'),
('e89d2abe-82bc-40fb-ab67-4297e4ac9ef0', 'ka-b2b'),
('fbd2f642-1e15-44f8-b96f-67558a828d70', 'ka-b2b'),
('ecbeb571-5e22-4747-bc89-67473a697644', 'ka-b2b'),
('75b7691f-4a04-4644-ac8b-4bd98cc2d02f', 'ka-b2b'),
('a557889f-f6e5-4367-904b-d6a34eb8deae', 'ka-b2b'),
('ebc17b28-edbb-4778-a391-b0b78c4593c1', 'ka-b2b'),
('47c10675-1fb2-41d1-a9ac-1949779835c5', 'ka-b2b'),
('691a24f1-2087-45ed-97f6-aae1e18a2533', 'ka-b2b'),
('e001212f-2f5b-4444-999c-2dd0cd06251a', 'ka-b2b'),
('4ff7d263-7ba0-41e4-b254-92443ffd63a7', 'ka-b2b'),
('7fb70b8e-bc6f-41f0-920a-5ce8469109ea', 'ka-b2b'),
('b2337c6c-be1f-4c69-8f12-8d3a2712c1af', 'ka-b2b'),
('5f894de3-3813-4373-9c8c-a1c8fe2a06f9', 'ka-b2b'),
('a476834b-4171-4084-ade1-f313ff6b5283', 'ka-b2b'),
('fbb7ab85-e636-4c9a-a7ac-60e1a55cf163', 'ka-b2b'),
('f50b227c-b9f4-49e4-903e-c530aa5ec0ba', 'ka-b2b'),
('cfabbbb1-6572-4609-9e84-52367e29a66b', 'ka-b2b'),
('93d39d42-749d-496d-a7d6-616e62076dd6', 'ka-b2b'),
('dc81a753-1657-4b19-8448-54ffbf34be20', 'ka-b2b'),
('1f445106-1b35-41e8-9892-dc24db5ed238', 'ka-b2b'),
('c2f78d6b-f2bb-492f-a0e6-da86a2f3c983', 'ka-b2b'),
('5fa896c0-e2ff-495d-acfe-bda4bd2818dd', 'ka-b2b'),
('4ae1c280-3414-4268-a8bf-a083533b2ec1', 'ka-b2b'),
('cfcdbf4c-e6cf-44ef-8b49-311599e1b37d', 'ka-b2b'),
('3095f7b6-6d55-4cf2-9936-7761a7a6c9d6', 'ka-b2b'),
('fb3163fe-53d9-43bf-9e2c-604f3ee95e06', 'ka-b2b'),
('94c0ebe9-383e-49af-bd29-9192423474b2', 'ka-b2b'),
('3bea914d-0527-42ee-8fe5-e2b8eff3a0c3', 'ka-b2b'),
('0c85e683-27e2-4d11-ade5-943462cb4415', 'ka-b2b'),
('8dda90fc-215e-484f-8e53-667896f11440', 'ka-b2b'),
('3d2b1454-2c0b-4fc6-9f65-6a1b21bf7f46', 'ka-b2b'),
('2c61ad7d-d91c-4bf6-8c25-8adb8fb9d536', 'ka-b2b'),
('ab8b7190-2196-41bc-a4c5-4e1bf83f2f5a', 'ka-b2b'),
('8110e216-d6fa-445f-b62c-ce267df92fce', 'ka-b2b'),
('abe113dd-720f-44f2-9f9a-13524849de32', 'ka-b2b'),
('1df8de39-45f6-4ecf-8021-baa8668799aa', 'ka-b2b'),
('3db235b2-b384-48c1-9b08-85e50dc793c1', 'ka-b2b'),
('d399b148-0693-4839-a19a-916ce3d6b2d6', 'ka-b2b'),
('4b65f777-4b01-492d-a792-b2de9576ab21', 'ka-b2b'),
('b2210bdc-70f3-4b0a-9d5e-fc1d8c4a2b91', 'ka-b2b'),
('ad2d2adf-6b06-42ce-84de-97f618de8608', 'ka-b2b'),
('b7a85449-ff93-4b18-81ad-07651140b239', 'ka-b2b'),
('208c75e1-8d95-45d0-b298-0563ab75cef9', 'ka-b2b');
