-- Batch 32 (200 records)
INSERT INTO contacts (id, first_name, last_name, email, phone, company, address) VALUES
('e6388d33-97f7-4b4f-b7e8-98d82d2eb230', 'Martin', 'Schmidt', 'heimleitung@auhof.ch', '062 893 09 20', 'Aufhof Alters- und Pflegeheim', 'Talstrasse 11, 5106 Veltheim, Aargau'),
('b14a15a5-fe6f-491d-9c15-65072dd1ba03', 'Magnus', 'Furrer', 'magnus.furrer@aufholz.ch', '079 613 08 19', 'Aufholz KLG', 'Schwarzenburgstrasse 842, 3145 Niederscherli, Bern'),
('0a0722ea-2b9e-4cbb-b52b-a6c677454e1a', 'Peter', 'Mosimann', 'peter.mosimann@aufid.ch', '044 406 13 23', 'Aufid Treuhand & Revisions AG', 'Zürcherstrasse 87, 8142 Uitikon Waldegg, Zürich'),
('113bc18d-305d-422a-a6d1-8e6d9d40b713', 'Andreas', 'Strahm', 'andreas.strahm@auforum.ch', '061 411 24 24', 'Auforum AG', 'Im Steinenmüller 2, 4142 Münchenstein, Basel-Land'),
('8a2f495e-ba8a-4cd6-aa7d-677ea2b7099d', 'Daniel', 'Houghton', 'info@auftragsmeister.ch', 'N.a.', 'Auftragsmeister GmbH', 'St. Karli-Strasse 70, 6004 Luzern, Luzern'),
('7b6c34ba-1831-4a92-98e9-0d303f31aa3e', 'André', 'Isler', 'andre.isler@aufwaerts-ag.ch', '076 370 96 86', 'Aufwärts André Isler', 'Weidstrasse 4, 6343 Rotkreuz, Zug'),
('6de72b98-be6a-4e7f-a155-0c3c191a4939', 'Marina', 'Müller', 'aufwaerts@physio-hin.ch', '079 824 48 58', 'Aufwärts Physiotherapie', 'Schulhausgasse 16a, 3110 Münsingen, Bern'),
('3869fb3a-a2dd-4dfe-b1fd-dede500f6c1b', 'Reto', 'Sommerau', 'info@aufwind.net', '081 850 03 00', 'Aufwind GmbH', 'Herrengasse 14, 7000 Chur, Graubünden'),
('9c745736-fb7e-4125-8e02-b64819ce6bba', 'Markus', 'Gross', 'markus.gross@augarage.ch', '044 711 70 80', 'Au-Garage Gross GmbH', 'Austrasse 8/10, 8134 Adliswil, Zürich'),
('adba2094-2fc0-42c7-81ee-dff2b410529d', 'Ken', 'Selde', 'info-augencenter@hin.ch', '044 261 70 10', 'Augen Center Dr. Selde', 'St. Urbangasse 4, 8001 Zürich, Zürich'),
('66a4c7b2-1f68-4fb7-8d2e-5c7cb7293326', 'Simon', 'Gerber', 'belp@augencentrum.com', '031 819 58 33', 'Augen Centrum Bahnhof Belp', 'Belpbergstrasse 2, 3123 Belp, Bern'),
('08d0cfd9-9c3f-4f4d-9b25-a17b14fb045f', 'Matthias', 'Baumann', 'praxis@augencentrum.com', '031 311 58 10', 'Augen Centrum Casinoplatz and Klinik', 'Casinoplatz 2, 3011 Bern, Bern'),
('348632e5-5624-49e4-bf7a-7d1ec0624358', 'Shahrokh', 'Jalali', 'kerzers@augencentrum.com', '031 755 58 75', 'Augen Centrum Kerzers', 'Murtenstrasse 2, 3210 Kerzers, Fribourg/Freiburg'),
('fbc7fc58-9763-4369-b761-27e1f5b5d866', 'Annika', 'Thesker', 'muensingen@augencentrum.com', '031 721 58 33', 'Augen Centrum Münsingen', 'Bahnhofplatz 1a, 3110 Münsingen, Bern'),
('70b201e1-463b-48e5-818b-cbd57ae0b16e', 'Anna', 'Kipfer', 'augenpraxissursee@hin.ch', '041 525 04 04', 'Augen Praxis Sursee Dr. med. Kipfer AG', 'Buchenstrasse 4, 6210 Sursee, Luzern'),
('76275dd3-14cb-4a4d-9baa-a408f98ccc4e', 'Peter Paul', 'Ciechanowski', 'info@augenzentrum-dietikon.ch', '044 741 06 07', 'Augen Zentrum Dietikon', 'Kirchstrasse 20, 8953 Dietikon, Zürich'),
('93b62308-7a25-4632-aa04-5cb78666e328', 'Franz', 'Fankhauser', 'info@dasaugenzentrum.ch', '031 301 98 80', 'Augen Zentrum Fankhauser AG', 'Gutenbergstrasse 18, 3011 Bern, Bern'),
('17a3cf08-4d7c-4f0f-a6b6-3c8f26457b61', 'Fabienne', 'Troendle', 'praxis.troendle@hin.ch', '031 312 12 82', 'Augenarzt Altstadt AG', 'Herrengasse 4, 3011 Bern, Bern'),
('63bdec3a-cc70-46d8-9402-2d2569ee0369', 'Beate', 'Schlote', 'augenarzt.am.rhein@hin.ch', '061 681 10 88', 'Augenarzt Am Rhein GmbH', 'Greifengasse 1, 4058 Basel, Basel-Stadt'),
('20d7ed13-fca7-4384-8430-ea67a8983f37', 'Sufian', 'Hommayda', 'praxis@augenarzt-berikon.ch', '056 544 36 03', 'Augenarzt Berikon Mutschellen', 'Bellikerstrasse 11, 8965 Berikon, Aargau'),
('a1de3fbd-e4f5-4841-8bae-b8955344efed', 'Sandro M.', 'Marchiondi', 'info@augenarzt-brugg.ch', '056 441 55 68', 'Augenarzt Brugg', 'Promenade 20, 5200 Brugg, Aargau'),
('73c467b7-a7fc-4d8a-acae-b7f21ce87189', 'Beat', 'Zbinden', 'klinik-linde@hirslanden.ch', '032 366 41 11', 'Augenarzt Dr. Andreas Wild', 'Blumenrain 105, 2501 Biel/Bienne, Bern'),
('3ac7817b-442a-426c-94fc-11cba6fe59c8', 'Roman', 'Graemiger', 'dr.graemiger@hin.ch', '071 222 88 66', 'Augenarzt Dr. Graemiger', 'Bahnhofplatz 1, 9001 St. Gallen, St. Gallen'),
('37d7c934-3330-42bf-a9ad-8de0332afeb9', 'Christian', 'Rippmann', 'augenarzt.rippmann@bluewin.ch', '081 413 13 66', 'Augenarzt Dr. med. Christian Rippmann', 'Promenade 60, 7270 Davos, Graubünden'),
('ab20b2ba-768c-4c7a-a410-d4b9e91c05b2', 'Joshua', 'Sternbuch', 'dr.sternbuch@gmx.ch', '044 201 80 10', 'Augenarzt Dr. Med. J. Sternbuch', 'Stockerstrasse 38, 8002 Zürich, Zürich'),
('5270fd3e-f8ce-4b00-9708-e81c3135a9e8', 'Oliver', 'Tillman', 'info@dr-tillman.ch', '044 920 11 51', 'Augenarzt Dr. med. Oliver Tillman', 'Alte Landstrasse 154, 8708 Männedorf, Zürich'),
('6e8f0cf4-95eb-424c-a747-cbf50f236c6f', 'Thomas', 'Haldimann', 'info@praxishaldimann.ch', '031 313 16 16', 'Augenarzt Dr. med. Thomas Haldimann', 'Kramgasse 16, 3011 Bern, Bern'),
('b95d5a83-5ab4-4a36-acdd-80b8240a2014', 'Jasmin', 'Djahanschahi', 'praxis.dr.j.djahanschahi@hin.ch', '044 821 12 24', 'Augenarzt Dübendorf', 'Überlandstrasse 210, 8600 Dübendorf, Zürich'),
('87174b27-2bfe-4992-b814-74dac35043b3', 'Kathrin', 'Althaus', 'praxis@augenarzt-flawil.ch', '071 393 86 86', 'Augenarzt Flawil Dr. Althaus', 'Unterdorfstrasse 2, 9230 Flawil, St. Gallen'),
('6ca88ff4-c86b-4b72-b6a9-da36721ee862', 'Alexander', 'Kraus', 'akraus@hin.ch', '061 831 27 00', 'Augenarzt FMH', 'Baslerstrasse 1c, 4310 Rheinfelden, Aargau'),
('9f0e915b-f908-4141-95c7-13e34b92df2d', 'Donato Carlo', 'Meola', 'info@augenarzt-gossau.ch', '071 385 66 04', 'Augenarzt Gossau', 'St. Gallerstrasse 82, 9200 Gossau, St. Gallen'),
('9a7b2753-d260-4441-b58a-7846ab6849dd', 'Daniel', 'Mojon', 'info@augenarzt-heiden.ch', '071 558 38 85', 'Augenarzt Heiden', 'Poststrasse 15, 9410 Heiden, Appenzell Ausserrhoden'),
('ca9e56db-bbb8-4743-9e88-b28cfbd2ae64', 'Martina', 'Pejcha', 'martina.pejcha@hin.ch', '052 269 11 99', 'Augenarzt im Bahnhof Dr. med. Martina Pejcha', 'Bahnhofplatz 5, 8400 Winterthur, Zürich'),
('67d274d2-9ecb-44b4-8ef5-97b1f2e6a269', 'Sara', 'Diolaiuti', 'augenarzt.jona@bluewin.ch', '055 212 36 53', 'Augenarzt Jona Dr. med. Sara Diolaiuti', 'Molkereistrasse 5, 8645 Jona, St. Gallen'),
('b82fb287-aa8f-45d5-bac5-e105d11d23ba', 'Christoph', 'Becht-Tönz', 'info@augenarzt-kriens.ch', '041 322 24 24', 'Augenarzt Kriens AG', 'Schachenstrasse 5, 6010 Kriens, Luzern'),
('cf968db2-3ca5-47a6-9643-2c16835b8da3', 'Katrin', 'Langer', 'praxis@augenarzt-langer.ch', '041 531 10 10', 'AUGENARZT LANGER AG', 'Luzernerstrasse 4, 6343 Rotkreuz, Zug'),
('f6e5bda4-c40e-4fb8-9a9e-5740d96ad29c', 'Götz', 'Kamin', 'praxis@augenarzt-muri.ch', '056 511 06 60', 'Augenarzt Muri AG', 'Luzernerstrasse 32, 5630 Muri, Aargau'),
('7ed862e7-4da5-414b-9fd1-22bdeddc5505', 'Gregor', 'Jaggi', 'info@augenarzt-obwalden.ch', '041 661 20 20', 'Augenarzt Obwalden', 'Brünigstrasse 118, 6060 Sarnen, Obwalden'),
('a81ad44a-d6ea-4e47-a4de-d80c3bfe9cd9', 'Anita', 'Garas', 'info@augenarzt-reinachag.ch', '062 771 09 17', 'Augenarzt Reinach AG', 'Wynenhof, 5734 Reinach, Aargau'),
('8705aedf-f880-4124-947d-b039b4ebe99d', 'Viviane', 'Weber-Várszegi', 'info@augenarzt-sarnen.ch', '041 661 04 04', 'Augenarzt Sarnen AG', 'Nelkenstrasse 2, 6060 Sarnen, Obwalden'),
('59472757-d177-4484-9709-47d133eb49b3', 'Johannes P.', 'Eisenack', 'info@schielen.ch', '044 251 50 05', 'Augenarzt Schielen.ch Dr. med. Eisenack', 'Asylstrasse 81, 8032 Zürich, Zürich'),
('0a592032-bca1-428a-ba4a-66dd4ebf2605', 'Beat', 'Haab', 'augenarzt-wohlen@gmx.ch', '056 619 50 19', 'Augenarzt Wohlen', 'In Tüelen 1B, 8907 Wettswil, Zürich'),
('cc2d6b41-e8a5-4e87-b34a-74a94e1916e1', 'Stefan', 'Wyrsch', 'info@augenarzt-wyrsch.ch', '041 811 77 21', 'Augenarzt Wyrsch AG', 'Brüöl 11, 6430 Schwyz, Schwyz'),
('d4eb75e9-b46f-4870-97ed-b3d2a449c4a3', 'Michael', 'Löher', 'info@augenarzt-zofingen.ch', '062 752 00 75', 'Augenarzt Zofingen Dr. med. Michael Löher', 'Forstackerstrasse 4c, 4800 Zofingen, Aargau'),
('3ce1e587-d55b-4000-a8fe-06631cea071e', 'Reto', 'Allemann', 'augenarzt-zufikon@hin.ch', '056 500 03 25', 'Augenarzt Zufikon', 'Sonnenhofstrasse 23a, 5621 Zufikon, Aargau'),
('b5e81bbc-9d55-490a-a8d6-259db989a9fa', 'Alexander', 'Herrmann', 'praxis-dr.herrmann@gmx.ch', '041 711 70 56', 'Augenarzt Zug', 'Bahnhofstrasse 13, 6300 Zug, Zug'),
('b5f0f1f0-8b42-4968-a799-2046209ddc33', 'Norbert', 'Fassbender', 'info@norbertfassbender.ch', '033 722 23 00', 'Augenarzt Zweisimmen Dr. med. Augenarzt', 'Unteres Stampfi-Gässli 1, 3770 Zweisimmen, Bern'),
('bc9e02ea-2035-4d26-85f5-8c0ca31a2297', 'Charlotte', 'Grivel', 'info@augenaerzte-biel.ch', '032 322 66 46', 'Augenärzte AG Biel/Bienne', 'Unterer Quai 92, 2502 Biel/Bienne, Bern'),
('6da2b661-a619-4472-aab2-bd82aecdb39c', 'Robert', 'Baumgartner', 'info@augenaerzte-am-bahnhof.ch', '071 222 60 50', 'Augenärzte am Bahnhof St. Gallen', 'St. Leonhardstrasse 31, 9000 St. Gallen, St. Gallen'),
('56638dea-fb86-41f2-a7cc-93bdbee6b9b3', 'Alexander', 'Meyenberg', 'info@augen-arzt.ch', '031 312 12 32', 'Augenärzte am Bollwerk', 'Hirschengraben 11, 3011 Bern, Bern'),
('5923bf64-adfc-4fc5-90aa-437b96619bb9', 'Marlis', 'Zürcher', 'info@augenaerzte-belvista.ch', '041 210 07 07', 'Augenärzte Belvista', 'Stadthausstrasse 1, 6003 Luzern, Luzern'),
('794cfefa-32e8-4cac-a127-cce0a740d9c1', 'Manuel', 'Steimle', 'augenaerzte-bern@hin.ch', '031 310 10 00', 'Augenärzte Bern – Zentrum Marktgasse', 'Marktgasse 6, 3011 Bern, Bern'),
('71770531-a719-4746-aee6-8bc46bd216ea', 'Beata', 'Falkenberg', 'falkenberg@hin.ch', '031 506 33 43', 'Augenärzte Falkenberg', 'Kramgasse 66, 3011 Bern, Bern'),
('46a6967b-8a5b-487a-a63e-8e48818803e8', 'Markus', 'Halberstadt', 'augenaerzte-flums@hin.ch', '081 515 15 55', 'Augenärzte Flums/Sargans', 'Marktstrasse 21, 8890 Flums, St. Gallen'),
('b27b5da1-2b91-49c0-b50c-686dcd7d9b5e', 'Andres J.', 'Kläger', 'eyedocs@hin.ch', '031 311 61 21', 'Augenärzte Gurtengasse', 'Gurtengasse 2, 3011 Bern, Bern'),
('16a6ed45-39c2-4b74-a126-ed7293c8a159', 'Barbara', 'Perren Zimmerli', 'augenaerzte-lyss@hin.ch', '032 387 31 41', 'Augenärzte Lyss', 'Bielstrasse 29, 3250 Lyss, Bern'),
('f1cf08d8-9961-493e-91d8-7f37465fb454', 'Dominik', 'Sollberger', 'augenaerzte-spiez@hin.ch', '033 655 50 00', 'Augenärzte Spiez', 'Oberlandstrasse 14, 3700 Spiez, Bern'),
('1f051060-76d7-47e5-b0fd-0d4d5b47ef11', 'Anton', 'Lechner', 'lechner@tic.ch', '041 610 54 41', 'Augenärzte Stans', 'Hans-von-Matt-Weg 1, 6370 Stans, Nidwalden'),
('0ac222e8-9a7b-4744-89c2-99f6080cbafa', 'Sabine', 'Siebel', 'augenaerzte-stgallen@hin.ch', '071 222 44 44', 'Augenärzte St.Gallen - Zentrum Multergasse', 'Multergasse 10, 9000 St. Gallen, St. Gallen'),
('dbf20d73-05c8-4e81-8776-80568ae13f41', 'Rebekka', 'Steinbach', 'augenaerzte-staefa@hin.ch', '044 926 30 90', 'Augenärzte Stäfa - Zentrum Bahnhof', 'Bahnhofstrasse 25, 8712 Stäfa, Zürich'),
('1f2521a5-59cc-45ed-b7d0-8740e1d5a8ea', 'Kathi', 'David', 'augenaerzte-wetzikon@hin.ch', '044 930 44 14', 'Augenärzte Wetzikon - Zentrum Leue', 'Bahnhofstrasse 150, 8620 Wetzikon, Zürich'),
('9501b444-174b-4efd-bcb7-0065d90f4de7', 'Florian', 'Seidensticker', 'augenaerzte-zollikofen@hin.ch', '031 911 20 02', 'Augenärzte Zollikofen - Zentrum Ziegelei', 'Märitgasse 1, 3052 Zollikofen, Bern'),
('d3b24298-0b25-4b55-98a5-4f3c759e2b67', 'Yesim', 'Häussler', 'augenaerzte-zuerich@hin.ch', '043 333 44 44', 'Augenärzte Zürich - Zentrum Schaffhauserplatz', 'Weinbergstrasse 161, 8006 Zürich, Zürich'),
('7ec878b6-4305-457c-ad65-3686def698ca', 'Andreas', 'Ackermann', 'augenaerzte-wallisellen@hin.ch', '044 836 66 66', 'Augenärzte Zürich - Zentrum Wallisellen', 'Bahnhofplatz 2, 8304 Wallisellen, Zürich'),
('8a29eafe-edd4-4690-a5d4-ca9fbd288921', 'Marco E. M.', 'Bianchetti', 'praxis@augenarzt-sursee.ch', '041 921 80 60', 'Augenärztezentrum Sursee AG', 'Bahnhofstrasse 15, 6210 Sursee, Luzern'),
('df81a991-7d76-48fd-b580-0bb2aa1d33e5', 'Sylvia', 'Essing', 'sylvia.essing@augenaerztinwil.ch', '071 919 01 01', 'Augenärztin Wil', 'Weststrasse 6, 9500 Wil, St. Gallen'),
('430a6926-46ba-4299-b052-3c9e474f84ef', 'Zuzana', 'Neugebauer', 'info@zneugebauer.ch', '044 383 07 70', 'Augenarztpraxis  Dr. med. univ. Zuzana Neugebauer', 'Seefeldstrasse 66, 8008 Zürich, Zürich'),
('f6fac797-e729-4d73-9ce7-88b5101cd4b6', 'Josef', 'Frei', 'info@augenarzt-praxis.ch', '055 210 92 92', 'Augenarztpraxis + Tagesklinik Dr. Frei AG', 'Huobstrasse 7, 8808 Pfäffikon, Schwyz'),
('98d8b37b-1644-46af-9d04-0dbc1bf15c0a', 'Christoph', 'Häusler', 'info@augen-aare.ch', '033 222 47 27', 'Augenarztpraxis Aare', 'Panoramastrasse 1, 3600 Thun, Bern'),
('8bd4e321-8ff0-4dc2-9bb7-a64c14534dcd', 'Caroline', 'Matthisson', 'info@augenarzt-aesch.ch', '061 756 96 56', 'Augenarztpraxis Aesch', 'Hauptstrasse 69, 4147 Aesch, Basel-Land'),
('7b2df766-9869-43f2-9617-5eafa0417759', 'Bijan', 'Alamouti', 'info@alamouti.ch', '061 643 11 11', 'Augenarztpraxis Alamouti', 'Schützengasse 35, 4125 Riehen, Basel-Stadt'),
('4922e740-0ff9-447e-b42a-2d7f73e7d49a', 'Barbora', 'Bulloni', 'praxis@augenarztpraxisallschwil.ch', '061 481 60 70', 'Augenarztpraxis Allschwil', 'Baslerstrasse 345, 4123 Allschwil, Basel-Land'),
('da08425c-3de1-45cc-9777-93d9aa8b8cc4', 'Philipp', 'August', 'mail@apam.ch', '061 261 86 86', 'Augenarztpraxis am Marktplatz', 'Gerbergasse 1, 4001 Basel, Basel-Stadt'),
('ba78570a-e24b-4608-980a-98c602962b9e', 'Ralph', 'Wagner', 'augenarzt-am-see@bluewin.ch', '071 463 30 30', 'Augenarztpraxis am See AG', 'Alleestrasse 44, 8590 Romanshorn, Thurgau'),
('c8dc6178-2cea-41da-a0ac-7471ab36088d', 'Andreas', 'Efimoff', 'ophthalmos@bluewin.ch', '031 305 50 00', 'Augenarztpraxis Andreas Efimoff', 'Talgut-Zentrum 5, 3063 Ittigen, Bern'),
('a52fc7c2-2274-42b6-8da6-aac818609c9e', 'Ilze', 'Haueter', 'empfang@augen-welt.ch', '071 840 06 85', 'Augenarztpraxis Augenwelt', 'Neugasse 14, 9400 Rorschach, St. Gallen'),
('03336384-3e82-4e83-a0ef-3fc0fa10b0fa', 'Annette', 'Brugger', 'augenarzt.uster@hin.ch', '044 940 25 50', 'Augenarztpraxis Bahnhofpassage', 'Bankstrasse 8, 8610 Uster, Zürich'),
('fbe4421f-f539-40d2-bd5a-831f3842465d', 'Iclal', 'Keskinaslan Besir', 'augenarztpraxis-barfuesserplatz@hin.ch', '061 281 96 96', 'Augenarztpraxis Barfüsserplatz Keskinaslan', 'Steinenberg 23, 4051 Basel, Basel-Stadt'),
('14a3fc6b-255a-4a1b-a2a9-29c485a38da4', 'Lena', 'Zidek', 'augenarzt@zidek.ch', '044 762 10 80', 'Augenarztpraxis Blumenhof Dr. Lena Zidek', 'Bahnhofplatz 11, 8910 Affoltern am Albis, Zürich'),
('881ce03d-9a7d-4daa-b94b-0fe54cc20de0', 'Anita M.', 'Eggmann', 'praxis@augenarzt-bremgarten.ch', '056 631 46 36', 'Augenarztpraxis Bremgarten', 'Einkaufszentrum Sunne-Märt, 5620 Bremgarten, Aargau'),
('d522d948-b3da-4688-9ad4-0af1d4ba378e', 'Ralph', 'Huwyler', 'huwylerralph@bluewin.ch', '041 781 32 81', 'Augenarztpraxis Cham', 'Zugerstrasse 1, 6330 Cham, Zug'),
('209d4aa5-7d56-4b91-b2d3-46f61dcc2e3f', 'Katja', 'Degen', 'info@augenarztpraxis-degen.ch', '044 361 33 34', 'Augenarztpraxis Degen', 'Schaffhauserstrasse 95, 8057 Zürich, Zürich'),
('4bfe40af-2c28-46b3-9c3a-88c639e2dcff', 'Tilo', 'Blechschmidt', 'augenarztpraxis-dorenbach@hin.ch', '061 423 00 40', 'Augenarztpraxis Dorenbach', 'Haus zur alten Waage, 4102 Binningen, Basel-Land'),
('f519ad58-1cf5-4444-9f0e-75717a115e47', 'Anne', 'Tai Zweifel', 'info@augenpraxis-zweifel.ch', '041 710 33 43', 'Augenarztpraxis Dr. Anne Tai Zweifel', 'Feldhof 7, 6300 Zug, Zug'),
('67fa7bb4-64db-4534-929d-36cc9be20b0c', 'Felix', 'Beano', 'fbeano@gmx.ch', '055 440 10 10', 'Augenarztpraxis Dr. Beano GmbH', 'Glarnerstrasse 32, 8854 Siebnen, Schwyz'),
('0cd682bc-27ce-404b-992c-1e665a66cdf9', 'Avraham', 'Dishy', 'info@augenarzt-dishy.ch', '044 488 11 90', 'Augenarztpraxis Dr. Dishy', 'Albisstrasse 40, 8038 Zürich, Zürich'),
('97b8d9d7-652a-4fe6-8ff5-1b2c930bf6f0', 'Judit', 'Apli', 'judit.apli@hin.ch', '043 477 81 22', 'Augenarztpraxis Dr. Judit Apli', 'Gerbestrasse 4, 8820 Wädenswil, Zürich'),
('f6a2a871-7643-4d1f-9516-2a52e07840d2', 'Phil', 'Kaeser', 'augenarzt-so@hin.ch', '032 623 20 22', 'Augenarztpraxis Dr. Kaeser', 'Lagerhausstrasse 1, 4500 Solothurn, Solothurn'),
('1271e749-90b1-46b7-afc2-04a6956de9e5', 'Michel', 'von Büren', 'dasauge@vbueren.ch', '056 437 17 17', 'Augenarztpraxis Dr. med Michel von Büren', 'Etzelmatt 3, 5430 Wettingen, Aargau'),
('f0a0b4bb-e333-4829-8082-5938150f9e38', 'Agnes', 'Koenig-Piros', 'info@koenigaugenpraxis.ch', '031 951 50 56', 'Augenarztpraxis Dr. med. Agnes Koenig-Piros', 'Worbstrasse 316, 3073 Gümligen, Bern'),
('3b03d537-486f-4f7e-b5c1-010ee02400c7', 'Agnieszka', 'Starnawska', 'augenarztreinach@hin.ch', '061 715 30 00', 'Augenarztpraxis Dr. med. Agnieszka Starnawska', 'Bruggstrasse 12a, 4153 Reinach, Basel-Land'),
('3cece8fe-f5a7-436e-ba15-e5b9a94739f3', 'André', 'Eugster', 'praxis.eugster@hin.ch', '052 214 07 07', 'Augenarztpraxis Dr. med. André Eugster AG', 'Münzgasse 6, 8400 Winterthur, Zürich'),
('1d303c40-1a89-48b2-b7b4-a08e9baaf00a', 'Andrea', 'Fischer', 'augenarztpraxis@hin.ch', '052 212 49 77', 'Augenarztpraxis Dr. med. Andrea Fischer', 'Palmstrasse 28, 8400 Winterthur, Zürich'),
('57826e62-2ad5-4f28-bc97-6bb89a173064', 'Andrea', 'Gantenbein', 'andrea.gantenbein@hin.ch', '031 721 04 00', 'Augenarztpraxis Dr. med. Andrea Gantenbein', 'Schulhausgasse 8, 3110 Münsingen, Bern'),
('1ed2ae94-b235-40c2-ae37-5cf4f0e487c4', 'Andrea', 'Jehn', 'augenaerztin@bluewin.ch', '041 850 08 00', 'Augenarztpraxis Dr. med. Andrea Jehn', 'Geissacherstrasse 1, 6403 Küssnacht am Rigi, Schwyz'),
('f1091431-0845-4d45-bdc9-6b84811e6b77', 'Anna', 'Fierz', 'anna.fierz@hin.ch', '044 252 80 65', 'Augenarztpraxis Dr. med. Anna Fierz', 'Kalkbreitestrasse 8, 8003 Zürich, Zürich'),
('6a1f3d64-28cd-48b1-bd1a-dd05ea65c8cc', 'Juliane', 'Hefner', 'mail@augenpraxis-ostermundigen.ch', '031 932 04 04', 'Augenarztpraxis Dr. med. Christine Werner', 'Bernstrasse 61, 3072 Ostermundigen, Bern'),
('2d417df0-58c7-401c-8f97-199addb94c1c', 'Corina', 'Röscheisen', 'praxis@roescheisen.ch', '044 201 72 48', 'Augenarztpraxis Dr. med. Corina Röscheisen', 'Beethovenstrasse 43, 8002 Zürich, Zürich'),
('967787d2-3bfa-4169-a4e0-1b2c5c0e6da3', 'Dietmar', 'Thumm', 'praxis@augenarzt-lu.ch', '041 226 30 10', 'Augenarztpraxis Dr. med. Dietmar Thumm', 'Bahnhofplatz 4, 6003 Luzern, Luzern'),
('c9c8bc7a-e546-49bf-8e1f-e0f3830bd55f', 'Doris', 'Zürcher', 'augenpraxis-biel@hin.ch', '032 322 28 32', 'Augenarztpraxis Dr. med. Doris Zürcher', 'Mühlebrücke 8, 2502 Biel/Bienne, Bern'),
('97bbcd82-908c-451e-8e5d-a5bff4b444c2', 'Emanuel', 'Billharz', 'augenarzt-aarau@hin.ch', '062 822 65 65', 'Augenarztpraxis Dr. med. Emanuel Billharz', 'Industriestrasse 1, 5000 Aarau, Aargau'),
('a0de2deb-8e69-44ee-a8e1-aefd0f47dbc7', 'Esther M.', 'Waldmann-Brack', 'e.waldmann@intergga.ch', '061 711 50 50', 'Augenarztpraxis Dr. med. Esther M. Waldmann-Brack', 'Hauptstrasse 45, 4153 Reinach, Basel-Land'),
('e9d2bf48-00b2-432c-9f23-d0e9a9d09f22', 'Mariarosa', 'Donato', 'info@augenarztdonato.ch', '071 411 03 03', 'Augenarztpraxis Dr. med. FMH Mariarosa Donato', 'Bahnhofstrasse 27, 8580 Amriswil, Thurgau'),
('540e978c-297f-4740-b981-ec4aadf31c45', 'Maike', 'Graupner', 'praxis-hoengg@hin.ch', '044 341 03 80', 'Augenarztpraxis Dr. med. Graupner', 'Limmattalstrasse 197, 8049 Zürich, Zürich'),
('238a83cc-db68-4f11-9f09-b567bd523ff0', 'Heinz', 'Hofmann', 'heinz.hofmann@hin.ch', '052 632 19 00', 'Augenarztpraxis Dr. med. Heinz Hofmann', 'Hornbergstrasse 23, 8200 Schaffhausen, Schaffhausen'),
('0e5072bb-01ef-4dc3-8ef6-6827f6f355e5', 'Isabel', 'Hunter', 'info@augenarzt-rheinfelden.ch', '061 833 88 00', 'Augenarztpraxis Dr. med. Isabel Hunter', 'Baslerstrasse 1c, 4310 Rheinfelden, Aargau'),
('fee98700-e241-45de-881e-d3d9435e45a1', 'Jana', 'Vavrecka', 'jana.vavrecka@hin.ch', '061 272 16 51', 'Augenarztpraxis Dr. med. J. Vavrecka', 'Aeschenvorstadt 37, 4051 Basel, Basel-Stadt'),
('5d115340-9c50-42bb-b500-a3934cd52db8', 'Krisztina', 'Velte', 'augenzentrum-weinfelden@hin.ch', '071 622 39 79', 'Augenarztpraxis Dr. med. Krisztina Velte', 'Sangenstrasse 7, 8570 Weinfelden, Thurgau'),
('d129a617-99f9-489e-8e0e-8f1fbca4d623', 'Lodovico', 'Dubini', 'dubini.lodovico@bluewin.ch', '081 852 30 10', 'Augenarztpraxis Dr. med. Lodovico Dubini', 'Plazzet 11, 7503 Samedan, Graubünden'),
('d06dd4a8-fac6-4e70-9dde-21fa802b2a30', 'Markus A.', 'Tanner', 'praxis@augenarzt-tanner.ch', '041 319 22 66', 'Augenarztpraxis Dr. med. M.A. Tanner AG', 'Gemeindehausstrasse 1, 6010 Kriens, Luzern'),
('0b6c3dc4-f6a5-4d4c-a646-7fd05ebbfe7e', 'Marc', 'Jost', 'praxis.jost@bluewin.ch', '033 225 80 00', 'Augenarztpraxis Dr. med. Marc Jost', 'Bälliz 27, 3600 Thun, Bern'),
('9dc0610f-be86-4d71-bd56-6c4ffe1b9f12', 'Marco', 'Bürge', 'praxis.buerge@hin.ch', '081 252 56 56', 'Augenarztpraxis Dr. med. Marco Bürge GmbH', 'Quaderstrasse 28, 7000 Chur, Graubünden'),
('5e9d594f-c325-434d-a3da-6e1e6695002e', 'Maria', 'Wegmann Burns', 'praxis@drwegmann.ch', '032 323 61 41', 'Augenarztpraxis Dr. med. Maria Wegmann Burns', 'Zentralstrasse 47, 2502 Biel/Bienne, Bern'),
('dad41bf4-392b-443e-af95-bf5d01b6c15b', 'Mario E.', 'Casotti', 'info@augen-stampfenbach.ch', '044 362 40 30', 'Augenarztpraxis Dr. med. Mario Casotti', 'Stampfenbachstrasse 59, 8006 Zürich, Zürich'),
('460e9974-98d5-4a55-aead-1833c7cfa609', 'Peter', 'Krieg', 'praxispeterkrieg@hin.ch', '044 923 03 81', 'Augenarztpraxis Dr. med. P. Krieg', 'Dorfstrasse 94, 8706 Meilen, Zürich'),
('a52970f4-22dd-4b78-a10a-110be414ff78', 'Paul', 'Steinmann', 'augenarzt.worb@hin.ch', '031 839 73 81', 'Augenarztpraxis Dr. med. Paul Steinmann', 'Hauptstrasse 10, 3076 Worb, Bern'),
('6665f66c-c3c1-48a1-b66f-547c8f4e7775', 'Pavel', 'Schneider', 'pschneider@augenschneider.ch', '061 272 19 19', 'Augenarztpraxis Dr. med. Pavel Schneider', 'Steinengraben 67, 4051 Basel, Basel-Stadt'),
('fd5f23fd-00b6-4934-a6b9-22b42779b08a', 'Peter', 'Dekker', 'info@augendoktor.ch', '044 872 90 50', 'Augenarztpraxis Dr. med. Peter Dekker', 'Zürichstrasse 5, 8180 Bülach, Zürich'),
('225d43fc-f411-43fb-b994-445767657785', 'Simon', 'Schneeberger', 'simon.schneeberger@hin.ch', '062 923 88 88', 'Augenarztpraxis Dr. med. Simon Schneeberger', 'Bahnhofstrasse 26, 4900 Langenthal, Bern'),
('b0f30964-6eb1-4b07-bc3a-0097a15bbdd4', 'Simone E.', 'Hohermuth', 'hallo@augen-arzt-praxis.ch', '044 552 91 91', 'Augenarztpraxis Dr. med. Simone E. Hohermuth', 'Florastrasse 17, 8008 Zürich, Zürich'),
('43e0576a-452e-4b94-987e-3d45f9663fd2', 'Sylvia', 'Link', 'info@praxis-link.ch', '044 780 84 44', 'Augenarztpraxis Dr. med. Sylvia Link', 'Bahnhofstrasse 5, 8820 Wädenswil, Zürich'),
('31be594f-34da-4523-b5cf-1dea77afd025', 'Urs', 'Thomann', 'praxis@augenarzt-willisau.ch', '041 470 02 02', 'Augenarztpraxis Dr. med. U. Thomann AG', 'Ettiswilerstrasse 12/14, 6130 Willisau, Luzern'),
('3ad6ad54-3bb5-43e9-8fba-50c6e36e1086', 'Gabriela', 'Wirth Barben', 'gabriela.wirth@hin.ch', '071 245 33 32', 'Augenarztpraxis Dr. med. Gabriela Wirth Barben', 'Rorschacherstrasse 161, 9000 St. Gallen, St. Gallen'),
('70aad113-c597-411f-8aee-dcde5f5d871e', 'Peter', 'Westhoff', 'praxis.westhoff@hin.ch', '044 527 20 40', 'Augenarztpraxis Dr. Peter Westhoff', 'Bettlistrasse 28, 8600 Dübendorf, Zürich'),
('37eaad0a-f8e6-4046-aa0c-8f7dac6e27ad', 'Roman', 'Osusky', 'nachricht@augenarzt-altdorf.ch', '041 871 30 00', 'Augenarztpraxis Dr. R. Osusky', 'Bahnhofstrasse 12, 6460 Altdorf, Uri'),
('604698ea-5579-4ab5-8702-2c7a7c43003f', 'Riad', 'Derzi', 'r.derzi@bluewin.ch', '044 783 96 46', 'Augenarztpraxis Dr. Riad Derzi', 'Seestrasse 115, 8820 Wädenswil, Zürich'),
('30b84364-43d9-45a7-aac5-bc158c178705', 'Miro', 'Stammbuck', 'info@ichsehe.ch', '041 810 41 41', 'Augenarztpraxis Dr. Stammbuck AG', 'Herrengasse 15, 6430 Schwyz, Schwyz'),
('83153501-97de-4c4d-b46e-dd2e5a2ed866', 'Markus', 'Suppiger', 'info@augenarzt-luzern.ch', '041 412 18 08', 'Augenarztpraxis Dr. Suppiger', 'Hertensteinstrasse 28, 6004 Luzern, Luzern'),
('ba02efd0-5644-4d14-8eb8-0e4a71559c16', 'Thomas', 'Morf', 'morf@augenarztliestal.ch', '061 922 10 22', 'Augenarztpraxis Dr. Thomas Morf', 'Bahnhofstrasse 4, 4410 Liestal, Basel-Land'),
('a188bfeb-3c2e-411c-841c-47a18ba0aced', 'Ania', 'Porazinski Quinter', 'quinter@zuricheyemd.ch', '043 818 20 20', 'Augenarztpraxis Dr.med. Ania Porazinski Quinter', 'Schweizergasse 20, 8001 Zürich, Zürich'),
('c1c0a69c-820c-46ee-9e66-33c6e25dfa0c', 'Martin Louis', 'Landolt', 'landolt@hin.ch', '055 240 76 00', 'Augenarztpraxis Dres. med. Landolt', 'Dorfstrasse 43, 8630 Rüti, Zürich'),
('df99fb22-f082-43f8-a2a6-023f433cc720', 'Vera', 'Schmit-Eilenberger', 'info@augenarztpraxis-dübendorf.ch', '044 820 72 92', 'Augenarztpraxis Dübendorf AG', 'Bahnhofstrasse 47, 8600 Dübendorf, Zürich'),
('6308dfc7-fd4e-4d3c-b455-077cea17b3de', 'Jasmin', 'Ruggli Müllener', 'praxis@augenaerztinnen.ch', '052 343 23 33', 'Augenarztpraxis Effretikon', 'Bahnhofstrasse 13, 8307 Effretikon, Zürich'),
('0f4eb1f5-0dfb-4321-bc46-5aa6b9e83c9d', 'Annette', 'Haydon', 'praxis@haydon.ch', '044 710 53 53', 'Augenarztpraxis Haydon AG', 'Albisstrasse 12, 8134 Adliswil, Zürich'),
('19cf7719-181d-4ead-a8f3-138aa236f897', 'Roman', 'Rieder', 'rieder@augenarzthorgen.ch', '044 725 22 29', 'Augenarztpraxis Horgen', 'Zugerstrasse 30, 8810 Horgen, Zürich'),
('c7a1e861-df5d-441d-bf31-4338d6f57519', 'Rolf', 'Nussbaum', 'augenarzt.kloten@hin.ch', '044 814 29 39', 'Augenarztpraxis in Kloten Dr. med. Rolf Nussbaum & Dr. med. Laurenz Sonnentag', 'Schaffhauserstrasse 147, 8302 Kloten, Zürich'),
('a8cbd9ea-2f3d-4016-a678-2d5cef8aae2a', 'Hans-Sebastian', 'Walter', 'info@augenarztpraxis-interlaken.ch', '033 828 12 96', 'Augenarztpraxis Interlaken', 'Jungfraustrasse 1, 3800 Interlaken, Bern'),
('a14f67dd-cb51-41b1-8bc4-c2e6f9812058', 'Panagiotis', 'Kouros', 'info@augenarzt-kilchberg.ch', '044 599 73 36', 'Augenarztpraxis Kilchberg', 'Weinbergstrasse 2, 8802 Kilchberg, Zürich'),
('58488a12-fd7c-4bb2-88f8-fdf7e7c661c4', 'An', 'Ha-Nguyen', 'dr.an.ha@hin.ch', '071 570 75 31', 'Augenarztpraxis Kreuzlingen', 'Hauptstrasse 110, 8280 Kreuzlingen, Thurgau'),
('a4a5c4d0-ada9-419e-a664-8c501c8352b6', 'Silvia', 'Schacher Mury', 'praxis@augenarztebikon.ch', '041 440 80 80', 'Augenarztpraxis Ladengasse Ebikon', 'Zentralstrasse 16, 6030 Ebikon, Luzern'),
('4b98a219-d079-4713-929d-66c804110fe4', 'Daniela', 'Holst', 'praxis@augenpraxis-schlieren.ch', '044 730 03 77', 'Augenarztpraxis Lilie Zentrum', 'Uitikonerstrasse 9, 8952 Schlieren, Zürich'),
('20e26aa9-8cac-4883-998f-c262f63a93d0', 'Martin', 'Bodenmüller', 'info@augenarzt-bodenmueller.ch', '033 222 30 20', 'Augenarztpraxis Martin Bodenmüller', 'Bälliz 27, 3600 Thun, Bern'),
('fdc850b9-3c42-48c7-b740-36bedc496c08', 'Margherita', 'Eschle-Meniconi', 'dr.m.eschle@hin.ch', '044 535 35 00', 'Augenarztpraxis Meierhofplatz', 'Limmattalstrasse 177, 8049 Zürich, Zürich'),
('b066155d-6cb2-4fee-beb2-fd9a24c0869e', 'Dieter', 'Eisenmann', 'augenarzt.chur@gmail.com', '081 258 44 33', 'Augenarztpraxis PD Dr. med. Dieter Eisenmann', 'Bahnhofstrasse 42, 7000 Chur, Graubünden'),
('270df7d6-6566-4ece-a89e-7b67c41fb58d', 'Roland', 'Peter', 'augenarzt-peter@bluewin.ch', '041 410 69 11', 'Augenarztpraxis Peter', 'Löwenstrasse 13, 6004 Luzern, Luzern'),
('8f91ec84-6ed9-47aa-9e02-92fc6430064d', 'Peter', 'Maloca', 'dr.peter.maloca@hin.ch', '041 210 03 23', 'Augenarztpraxis Peter Maloca', 'Löwenstrasse 9, 6004 Luzern, Luzern'),
('658008fc-5f17-444e-90af-9410c9eeae63', 'Wolfgang', 'Diem', 'augen-rheintal@hin.ch', '071 722 13 80', 'Augenarztpraxis Rheintal', 'Auerstrasse 2, 9435 Heerbrugg, St. Gallen'),
('7de7146b-280d-461d-a58e-9e79b10de42f', 'Rolf', 'Abraham', 'post@augenarztpraxis-abraham.ch', '071 244 42 42', 'Augenarztpraxis Rolf Abraham', 'Rohrschacherstrasse 150, 9006 St. Gallen, St. Gallen'),
('8aa56c0c-024a-4134-a531-64c6de28877e', 'Mischa', 'Roth', 'info@augenarzt-roth.ch', '031 311 71 47', 'Augenarztpraxis Roth', 'Zeughauspassage 19, 3011 Bern, Bern'),
('a23c2f50-53cd-4899-8ca8-41b74e677012', 'Erwin', 'Willa', 'erwinwilla@hin.ch', '032 625 90 50', 'Augenarztpraxis Solothurn AG', 'Wengistrasse 11, 4500 Solothurn, Solothurn'),
('0fe4f944-7f60-4439-9570-a4fde6e65a2c', 'Jonas', 'Stemmle', 'praxis@stemmle.com', '044 201 66 44', 'Augenarzt-Praxis Stemmle AG', 'Kreuzplatz 1, 8032 Zürich, Zürich'),
('bf790a0e-e7ba-4105-8146-1a354126a6ed', 'Simon', 'Hasler', 'info@augenarzt-praxis-thalwil.ch', '044 720 28 68', 'Augenarztpraxis Thalwil', 'Gotthardstrasse 36, 8800 Thalwil, Zürich'),
('f2866311-ff89-4f86-a0c5-d59b96e966c0', 'Eva', 'Serafino', 'augenuster@hin.ch', '043 399 12 24', 'Augenarztpraxis Uster', 'Gerichtsstrasse 4, 8610 Uster, Zürich'),
('ee7b85e6-4004-4f95-955f-106e96326d30', 'Murat', 'Yildirim', 'augenarzt-marktgasse@hin.ch', '052 212 26 29', 'Augenarztpraxis Winti', 'Marktgasse 78, 8400 Winterthur, Zürich'),
('a2102cf6-2568-4118-a8ae-78a1e1d77ea3', 'Krisztina', 'Velte', 'augenzentrum-wuelflingen@hin.ch', '052 222 07 40', 'Augenarztpraxis Wülflingen', 'Oberfeldstrasse 158, 8408 Winterthur, Zürich'),
('b36f6b39-0eaa-4f01-b9b5-d65f6cde0df7', 'Bruno S.', 'Müller-Camenzind', 'brunomueller@hin.ch', '044 262 55 50', 'Augenarztpraxis Zürichberg', 'Zürichbergstrasse 34, 8044 Zürich, Zürich'),
('ec836bec-91cb-4674-a5a0-2824e855da52', 'Dominik', 'Müller', 'info@augenarztzentrum.ch', '044 257 10 74', 'Augenarztzentrum Zürich AG', 'Limmatquai 94, 8001 Zürich, Zürich'),
('be2f0639-8236-4a4e-9d50-1291841769fc', 'Peter', 'Ozim', 'basel@augenauf.ch', '061 681 55 22', 'augenauf', '4005 Basel, Basel-Stadt'),
('99b2ce40-dffd-418e-b358-4c68c1f464d1', 'Anita', 'Dolder', 'mail@augenblick-sh.ch', '052 625 77 77', 'Augenblick Beauty Factory', 'Stadthausgasse 21, 8200 Schaffhausen, Schaffhausen'),
('0a8af410-df04-4f5c-b191-44eb61610219', 'Jelka', 'Hess', 'augencenter-regensdorf@hin.ch', '044 840 66 12', 'Augencenter Regensdorf', 'Watterstrasse 41, 8105 Regensdorf, Zürich'),
('9ec92dde-36df-4fc1-aacd-5d47101f3408', 'Dominique', 'Mustur', 'info@augencenterwollishofen.ch', '044 244 10 44', 'Augencenter Wollishofen', 'Seestrasse 353, 8038 Zürich, Zürich'),
('c0bd310d-62a0-4eb7-b04c-498e1d031703', 'Leander', 'Sakellaris', 'info@augenchirurgie-am-bahnhof.ch', '071 288 50 50', 'Augenchirurgie am Bahnhof AG', 'Kornhausstrasse 18, 9000 St. Gallen, St. Gallen'),
('27f6c980-f399-4fa4-bddc-ed25b9a368c9', 'Ivo', 'Guber', 'info@augenchirurgie.ch', '052 213 70 50', 'Augenchirurgie.ch AG', 'Stadthausstrasse 51, 8400 Winterthur, Zürich'),
('667981e6-838b-4e96-ba07-ac9c4b9172e3', 'Lukas', 'Pfenninger', 'pfenninger.lukas@gmail.com', '071 788 75 75', 'Augenheilkunde Kantonales Spital Appenzell', 'Sonnhalde 2, 9050 Appenzell, Appenzell Innerrhoden'),
('55cab4d3-91b3-474f-9225-8535418e3243', 'Pius', 'Bucher', 'augenklinik-bucher@hin.ch', '052 720 50 00', 'Augenklinik Bucher AG', 'Bahnhofplatz 70, 8500 Frauenfeld, Thurgau'),
('7986a8f1-63f8-4826-941b-b1e1ff31d6ae', 'Florian', 'Sutter', 'augenklinikherisau@hin.ch', '071 351 11 51', 'Augenklinik Herisau und Appenzell', 'Kasernenstrasse 41, 9100 Herisau, Appenzell Ausserrhoden'),
('f7449a6a-8a9f-4a09-ae62-9631f838cfd5', 'Alexander', 'Heuberger', 'info@spitalpark.ch', '062 206 77 22', 'Augenklinik Heuberger AG', 'Fährweg 10, 4600 Olten, Solothurn'),
('21f191aa-89b2-4c64-a0bd-259c3e32ab52', 'Valentina', 'Reichmuth', 'cms@luks.ch', '041 205 55 00', 'Augenklinik im Hirzenhof', 'Hirschengraben 33, 6003 Luzern, Luzern'),
('8b235ce8-aff0-4b49-a398-51fcd60b649d', 'Christian', 'Prünte', 'christian.pruente@ksbl.ch', '061 925 25 90', 'Augenklinik Kantonsspital Baselland', 'Mühlemattstrasse 13, 4410 Liestal, Basel-Land'),
('e77e8d28-dfa6-4e77-b60f-991bae6eb622', 'Matthias', 'Becker', 'matthias.becker@zuerich.ch', '044 416 11 11', 'Augenklinik Stadtspital Triemli', 'Birmensdorferstrasse 497, 8063 Zürich, Zürich'),
('9c733521-398d-47e5-87b8-75cc4218e430', 'Pascal', 'Knecht-Bösch', 'klinik@augenklinik-wettingen.ch', '056 426 50 00', 'Augenklinik Wettingen', 'Landstrasse 99, 5430 Wettingen, Aargau'),
('cbb24160-069a-4b66-8cf9-be9899738be6', 'Stephan', 'Michels', 'info@augenklinik-zh.ch', '044 545 17 00', 'Augenklinik Zürich West', 'Rautistrasse 55, 8047 Zürich, Zürich'),
('3785e2b8-e447-4bf6-a3dc-3f1f54b443bc', 'Aldo', 'Scarpatetti', 'info@augenklinik-teufen.ch', '071 335 85 85', 'Augenklink Teufen', 'Gremmstrasse 17, 9053 Teufen, Appenzell Ausserrhoden'),
('28e56ee7-6950-460f-8246-9aad7caeec0e', 'Daniel', 'Bruun', 'info@augenlaser-centrum.ch', '071 278 75 75', 'Augenlaser Centrum St.Gallen', 'Vadianstrasse 5, 9000 St. Gallen, St. Gallen'),
('ffdb2313-6714-4996-8f59-71bc33f65be7', 'Armando', 'Resegatti', 'service@augenliebe.ch', '071 677 91 09', 'Augenliebe.ch - Colena Vision GmbH', 'Hafenstrasse 19, 8280 Kreuzlingen, Thurgau'),
('52901154-5959-437e-b148-15e2eeadb672', 'Barbara', 'Bachmann', 'bachmann@augenmobil.ch', '044 240 10 00', 'Augenmobil AG', 'Engelstrasse 6, 8004 Zürich, Zürich'),
('4b5ae5f9-29ac-47bf-bf39-a9908e75d70d', 'Samira', 'Sheikh', 'augenpraxis.affoltern@hin.ch', '044 770 03 03', 'Augenpraxis Affoltern am Albis', 'Alte Dorfstrasse 26, 8910 Affoltern am Albis, Zürich'),
('d961f1ac-842c-4c85-a8fa-1b4e4ec6ab2a', 'Caecilia', 'Püschel', 'praxis.pueschel@hin.ch', '044 251 11 88', 'Augenpraxis am Stadelhofen', 'Gottfried-Keller-Strasse 5, 8001 Zürich, Zürich'),
('ddcdd19a-eb1b-4eee-86a3-59388939da26', 'Regine', 'Kloter', 'regine.kloter@hin.ch', '056 222 57 79', 'Augenpraxis Baden', 'Ländliweg 7a, 5400 Baden, Aargau'),
('cc8e235b-1504-4fe1-a559-d2d5d390473f', 'Stephan', 'Estermann', 'info@augenpraxis-schauspielhaus.ch', '044 261 00 76', 'Augenpraxis beim Schauspielhaus', 'Hottingerstrasse 2, 8032 Zürich, Zürich'),
('c8e33752-ee0f-4684-a845-276ae92557ed', 'Rahel', 'Lorenzi', 'info@augenpraxisbinningen.ch', '061 421 75 86', 'Augenpraxis Binningen am Kronenplatz', 'Hauptstrasse 118, 4102 Binningen, Basel-Land'),
('636e1153-5135-45d8-85e5-448bc3387872', 'Alain', 'Preitner', 'apreitner@bluewin.ch', '055 280 44 44', 'Augenpraxis Dr. Alain Preitner', 'Rotfarb 9, 8730 Uznach, St. Gallen'),
('8acb42e5-bc59-4845-80b0-62c0005d62e8', 'Konrad', 'Jost', 'info@jost-augen.ch', '044 211 33 11', 'Augenpraxis Dr. med. Konrad Jost', 'Talstrasse 70, 8001 Zürich, Zürich'),
('c3661e97-99f2-4557-bd89-51c239021918', 'Peter', 'Traine', 'augenarzt-thun@hin.ch', '033 222 30 35', 'Augenpraxis Dr. med. Peter Traine', 'Bälliz 1, 3600 Thun, Bern'),
('6357336f-a6fa-4475-a5f0-3899cf28c89d', 'Frank', 'Moser', 'f.moser@augenpraxis-gartenstadt.ch', '061 411 00 50', 'Augenpraxis Gartenstadt', 'Kaspar Pfeiffer-Strasse 4, 4142 Münchenstein, Basel-Land'),
('17ffe281-cfae-4529-a9d0-92d14d504281', 'Saad', 'Sabti', 'info@augenpraxis-koeniz.ch', '031 852 87 78', 'Augenpraxis Köniz', 'Landorfstrasse 21, 3098 Köniz, Bern'),
('a1254b5e-9bb9-4103-b6e4-ef3bc0dfbd5c', 'Matteo', 'Bistoletti', 'sekretariat@augenpraxis-langnau.ch', '034 402 33 11', 'Augenpraxis Langnau', 'Oberstrasse 9, 3550 Langnau im Emmental, Bern'),
('246982a8-8429-4f29-804d-b25d1bddd596', 'Eva', 'Vrbka Voramwald', 'info@smartlook.ch', '062 511 91 91', 'Augenpraxis Smartlook AG', 'Bahnhofstrasse 4, 5000 Aarau, Aargau'),
('11991bf7-b56f-4eef-95ab-5b2aa2c851f7', 'Wanda', 'Potnik Bachmann', 'info@augenpraxisstaefa.ch', '044 926 24 24', 'Augenpraxis Stäfa', 'Oberlandstrasse 12, 8712 Stäfa, Zürich'),
('e8133f51-13b1-4498-9305-050054483e5e', 'Dieter', 'Lehmann', 'augenpraxis-thun@hin.ch', '033 221 41 71', 'Augenpraxis Thun', 'Frutigenstrasse 6, 3600 Thun, Bern'),
('20df382c-278e-4392-b077-980e7756cb21', 'Hiltrud', 'Adam', 'info@augenpraxis-untertor.ch', '052 214 31 31', 'Augenpraxis Untertor AG', 'Untertor 4, 8400 Winterthur, Zürich'),
('23ebacd4-601a-440b-a929-52eac39abfdf', 'Eveline', 'Welzl-Hinterkörner', 'info@augenpraxis-weinbergstrasse.ch', '044 252 73 00', 'Augenpraxis Weinbergstrasse', 'Weinbergstrasse 112, 8006 Zürich, Zürich'),
('352fb1a1-033e-4f13-8546-8808ffeb24d3', 'Jocelyne', 'Bonadei', 'brugg@azbasel.ch', '056 511 05 55', 'Augentagesklinik Brugg', 'Fröhlichstrasse 7, 5200 Brugg, Aargau'),
('4cebf289-8d9d-4bf7-88a9-e227cd0828de', 'Stefan', 'Schüller', 'info@augen-sg.ch', '071 230 07 90', 'Augentagesklinik Dr. Schüller AG', 'Vadianstrasse 5, 9000 St. Gallen, St. Gallen'),
('3617d1ce-1c56-4c67-9ffa-2b10eb76deec', 'Julia', 'Emmert', 'augen.heerbrugg@gmail.com', '071 755 45 45', 'Augen-Tagesklinik Heerbrugg', 'Bahnhofstrasse 2, 9435 Heerbrugg, St. Gallen'),
('adbe8f2d-758d-42a6-97e6-1bde8d54ea58', 'Antonius', 'Hegyaljai', 'info@augentagespraxis.ch', '044 872 90 40', 'Augentagesklinik Sonnenhof', 'Sonnenhof 1, 8180 Bülach, Zürich'),
('aa2e01fd-6af2-40bc-bfc5-7c976b970f05', 'Enrique', 'Sanchez Lasa', 'augentreffpunkt@gmail.com', '043 336 38 00', 'Augentreffpunkt Dr. Med. Enrique Sanchez Lasa', 'Badenerstrasse 530, 8048 Zürich, Zürich'),
('7f32ca04-6c86-4961-9927-73a1131b12be', 'Frank', 'Sachers', 'info@azbasel.ch', '061 270 20 40', 'Augenzentrum Bahnhof Basel', 'Centralbahnstrasse 16, 4051 Basel, Basel-Stadt'),
('758a58c5-7574-4969-a1a2-fce32d6d23b8', 'Johannes', 'Stary', 'info@augenzentrumbuchs.ch', '081 756 38 50', 'Augenzentrum Buchs AG', 'Bahnhofstrasse 2, 9470 Buchs, St. Gallen'),
('012c8819-848a-4f5d-b038-e3a84f5490d2', 'Gian-Marco', 'Sarra', 'info@augenzentrum-burgdorf.ch', '034 420 90 20', 'Augenzentrum Burgdorf AG', 'Poststrasse 9, 3400 Burgdorf, Bern');

INSERT INTO leads (id, contact_id, source, status, value, notes) VALUES
('13d06589-a296-46b9-aa63-ee41c0fd152e', 'e6388d33-97f7-4b4f-b7e8-98d82d2eb230', 'KALTAKQUISE', 'ACTIVE', 0, 'Funktion: Geschäftsführer/in (CEO) | Mitarbeiter: 11 bis 20 | Branche: Alters- & Pflegeheime'),
('eda9a940-1c59-49c6-b049-87de3e8cc9d9', 'b14a15a5-fe6f-491d-9c15-65072dd1ba03', 'KALTAKQUISE', 'ACTIVE', 0, 'Funktion: Geschäftsführer/in (CEO) | Mitarbeiter: 1 bis 10 | Branche: Schreinerei- & Holzbaubetriebe'),
('2c337821-b118-4c0a-ba23-2116e2004968', '0a0722ea-2b9e-4cbb-b52b-a6c677454e1a', 'KALTAKQUISE', 'ACTIVE', 0, 'Funktion: Geschäftsführer/in (CEO) | Mitarbeiter: 1 bis 10 | Branche: Treuhandbüros | Rechtsform: Aktiengesellschaft'),
('4486a9f1-4d48-460c-bfc5-681ba5d606ca', '113bc18d-305d-422a-a6d1-8e6d9d40b713', 'KALTAKQUISE', 'ACTIVE', 0, 'Funktion: Geschäftsführer/in (CEO) | Mitarbeiter: 11 bis 20 | Branche: Medizintechnik-Industrie | Rechtsform: Aktiengesellschaft'),
('49f56be2-fc30-4cfb-85b2-352e4f8ae2f7', '8a2f495e-ba8a-4cd6-aa7d-677ea2b7099d', 'KALTAKQUISE', 'ACTIVE', 0, 'Funktion: Geschäftsführer/in (CEO) | Mitarbeiter: 1 bis 10 | Branche: Personalvermittler & -berater | Rechtsform: Gesellschaft mit beschränkter Haftung'),
('52beaedb-9f79-4d1a-a898-3cfbe463c352', '7b6c34ba-1831-4a92-98e9-0d303f31aa3e', 'KALTAKQUISE', 'ACTIVE', 0, 'Funktion: Geschäftsführer/in (CEO) | Mitarbeiter: 11 bis 20 | Branche: Schreinerei- & Holzbaubetriebe'),
('f331294a-349b-4454-9d20-d8ca55b77aa0', '6de72b98-be6a-4e7f-a155-0c3c191a4939', 'KALTAKQUISE', 'ACTIVE', 0, 'Funktion: Geschäftsführer/in (CEO) | Mitarbeiter: 1 bis 10 | Branche: Physiotherapie'),
('cf085d08-f369-4290-baff-badd0c423ea6', '3869fb3a-a2dd-4dfe-b1fd-dede500f6c1b', 'KALTAKQUISE', 'ACTIVE', 0, 'Funktion: Geschäftsführer/in (CEO) | Mitarbeiter: 1 bis 10 | Branche: Werbeagenturen | Rechtsform: Gesellschaft mit beschränkter Haftung'),
('d8b0cda2-8e59-4054-b500-4d5b3e445424', '9c745736-fb7e-4125-8e02-b64819ce6bba', 'KALTAKQUISE', 'ACTIVE', 0, 'Funktion: Inhaber/in (Owner/Founder) | Mitarbeiter: 1 bis 10 | Branche: Garagen | Rechtsform: Gesellschaft mit beschränkter Haftung'),
('4aecc27b-6dd9-46aa-b60b-3b0f4abd5313', 'adba2094-2fc0-42c7-81ee-dff2b410529d', 'KALTAKQUISE', 'ACTIVE', 0, 'Funktion: Geschäftsführer/in (CEO) | Mitarbeiter: 1 bis 10 | Branche: Augenarztpraxen | Rechtsform: Aktiengesellschaft'),
('ce48a9a3-4f82-4884-a28d-0ce1eaa5c4e0', '66a4c7b2-1f68-4fb7-8d2e-5c7cb7293326', 'KALTAKQUISE', 'ACTIVE', 0, 'Funktion: Leitung Standort | Mitarbeiter: 1 bis 10 | Branche: Augenarztpraxen'),
('a503be23-06b4-4188-a8ff-4911efadd932', '08d0cfd9-9c3f-4f4d-9b25-a17b14fb045f', 'KALTAKQUISE', 'ACTIVE', 0, 'Funktion: Geschäftsführer/in (CEO) | Mitarbeiter: 11 bis 20 | Branche: Augenarztpraxen'),
('fd4e29e6-3cea-4385-8f76-e95f94658ab8', '348632e5-5624-49e4-bf7a-7d1ec0624358', 'KALTAKQUISE', 'ACTIVE', 0, 'Funktion: Leitung Standort | Mitarbeiter: 1 bis 10 | Branche: Augenarztpraxen'),
('4ef1586a-fcb6-450f-850e-5e50dde1b080', 'fbc7fc58-9763-4369-b761-27e1f5b5d866', 'KALTAKQUISE', 'ACTIVE', 0, 'Funktion: Leitung Standort | Mitarbeiter: 1 bis 10 | Branche: Augenarztpraxen'),
('26644723-0f0c-4294-ac44-88e68cf8b041', '70b201e1-463b-48e5-818b-cbd57ae0b16e', 'KALTAKQUISE', 'ACTIVE', 0, 'Funktion: Geschäftsführer/in (CEO) | Mitarbeiter: 1 bis 10 | Branche: Augenarztpraxen'),
('06762a32-279d-4323-9278-471128b508cc', '76275dd3-14cb-4a4d-9baa-a408f98ccc4e', 'KALTAKQUISE', 'ACTIVE', 0, 'Funktion: Geschäftsführer/in (CEO) | Mitarbeiter: 11 bis 20 | Branche: Augenarztpraxen'),
('d216a1ca-6385-431f-9837-b5a44e216347', '93b62308-7a25-4632-aa04-5cb78666e328', 'KALTAKQUISE', 'ACTIVE', 0, 'Funktion: Geschäftsführer/in (CEO) | Mitarbeiter: 21 bis 50 | Branche: Augenarztpraxen | Rechtsform: Aktiengesellschaft'),
('b65ac363-7420-462c-a875-64ccb6343d26', '17a3cf08-4d7c-4f0f-a6b6-3c8f26457b61', 'KALTAKQUISE', 'ACTIVE', 0, 'Funktion: Geschäftsführer/in (CEO) | Mitarbeiter: 1 bis 10 | Branche: Augenarztpraxen'),
('e42a65b5-885d-47fc-ae05-b1068271c4dc', '63bdec3a-cc70-46d8-9402-2d2569ee0369', 'KALTAKQUISE', 'ACTIVE', 0, 'Funktion: Geschäftsführer/in (CEO) | Mitarbeiter: 1 bis 10 | Branche: Augenarztpraxen | Rechtsform: Gesellschaft mit beschränkter Haftung'),
('7aee8055-c131-4587-abc6-787cacd6d38b', '20d7ed13-fca7-4384-8430-ea67a8983f37', 'KALTAKQUISE', 'ACTIVE', 0, 'Funktion: Leitung Standort | Mitarbeiter: 1 bis 10 | Branche: Augenarztpraxen'),
('890e549d-420c-479d-80c7-0e0a7daef46f', 'a1de3fbd-e4f5-4841-8bae-b8955344efed', 'KALTAKQUISE', 'ACTIVE', 0, 'Funktion: Geschäftsführer/in (CEO) | Mitarbeiter: 1 bis 10 | Branche: Augenarztpraxen'),
('aaf4c2a1-a2fe-4768-be67-1c463ec6bed2', '73c467b7-a7fc-4d8a-acae-b7f21ce87189', 'KALTAKQUISE', 'ACTIVE', 0, 'Funktion: Geschäftsführer/in (CEO) | Mitarbeiter: 1 bis 10 | Branche: Augenarztpraxen'),
('3f014765-89a3-4547-8f3b-5d75bbf2f6f4', '3ac7817b-442a-426c-94fc-11cba6fe59c8', 'KALTAKQUISE', 'ACTIVE', 0, 'Funktion: Geschäftsführer/in (CEO) | Mitarbeiter: 1 bis 10 | Branche: Augenarztpraxen'),
('57e6fe1d-4fd6-4a16-a1f5-c2256a519afe', '37d7c934-3330-42bf-a9ad-8de0332afeb9', 'KALTAKQUISE', 'ACTIVE', 0, 'Funktion: Geschäftsführer/in (CEO) | Mitarbeiter: 1 bis 10 | Branche: Augenarztpraxen'),
('3749a38d-b131-4b21-9956-1d7cde2ab1f4', 'ab20b2ba-768c-4c7a-a410-d4b9e91c05b2', 'KALTAKQUISE', 'ACTIVE', 0, 'Funktion: Geschäftsführer/in (CEO) | Mitarbeiter: 1 bis 10 | Branche: Augenarztpraxen'),
('e532f308-29f1-4375-9f7f-4802ad5e48dc', '5270fd3e-f8ce-4b00-9708-e81c3135a9e8', 'KALTAKQUISE', 'ACTIVE', 0, 'Funktion: Geschäftsführer/in (CEO) | Mitarbeiter: 1 bis 10 | Branche: Augenarztpraxen'),
('05e02b3d-720b-44f0-ae17-06e87473930e', '6e8f0cf4-95eb-424c-a747-cbf50f236c6f', 'KALTAKQUISE', 'ACTIVE', 0, 'Funktion: Geschäftsführer/in (CEO) | Mitarbeiter: 1 bis 10 | Branche: Augenarztpraxen'),
('f06874b3-fc46-45a3-85bb-331f7273529a', 'b95d5a83-5ab4-4a36-acdd-80b8240a2014', 'KALTAKQUISE', 'ACTIVE', 0, 'Funktion: Geschäftsführer/in (CEO) | Mitarbeiter: 1 bis 10 | Branche: Augenarztpraxen'),
('3518559b-0293-442a-ad1b-1df5d398bf60', '87174b27-2bfe-4992-b814-74dac35043b3', 'KALTAKQUISE', 'ACTIVE', 0, 'Funktion: Geschäftsführer/in (CEO) | Mitarbeiter: 1 bis 10 | Branche: Augenarztpraxen'),
('c5a7ff72-6ce5-4967-983b-b44674460da8', '6ca88ff4-c86b-4b72-b6a9-da36721ee862', 'KALTAKQUISE', 'ACTIVE', 0, 'Funktion: Geschäftsführer/in (CEO) | Mitarbeiter: 1 bis 10 | Branche: Augenarztpraxen'),
('58b8aa8b-330b-45fe-b30a-0aa058d45835', '9f0e915b-f908-4141-95c7-13e34b92df2d', 'KALTAKQUISE', 'ACTIVE', 0, 'Funktion: Geschäftsführer/in (CEO) | Mitarbeiter: 1 bis 10 | Branche: Augenarztpraxen'),
('3fbc2831-2e96-4f46-ace1-e62e23567703', '9a7b2753-d260-4441-b58a-7846ab6849dd', 'KALTAKQUISE', 'ACTIVE', 0, 'Funktion: Geschäftsführer/in (CEO) | Mitarbeiter: 1 bis 10 | Branche: Augenarztpraxen'),
('256ebf82-025b-45cb-9e8d-5b1e418441b5', 'ca9e56db-bbb8-4743-9e88-b28cfbd2ae64', 'KALTAKQUISE', 'ACTIVE', 0, 'Funktion: Geschäftsführer/in (CEO) | Mitarbeiter: 1 bis 10 | Branche: Augenarztpraxen'),
('73c5cf81-b5bd-48f4-aef7-5704b2517ba2', '67d274d2-9ecb-44b4-8ef5-97b1f2e6a269', 'KALTAKQUISE', 'ACTIVE', 0, 'Funktion: Geschäftsführer/in (CEO) | Mitarbeiter: 1 bis 10 | Branche: Augenarztpraxen'),
('eab50b2a-7b82-4a98-82c4-1c3a3bd61c8f', 'b82fb287-aa8f-45d5-bac5-e105d11d23ba', 'KALTAKQUISE', 'ACTIVE', 0, 'Funktion: Geschäftsführer/in (CEO) | Mitarbeiter: 1 bis 10 | Branche: Augenarztpraxen | Rechtsform: Aktiengesellschaft'),
('b076de83-eada-4aaa-a0c2-1ae3679ebdc9', 'cf968db2-3ca5-47a6-9643-2c16835b8da3', 'KALTAKQUISE', 'ACTIVE', 0, 'Funktion: Geschäftsführer/in (CEO) | Mitarbeiter: 1 bis 10 | Branche: Augenarztpraxen | Rechtsform: Aktiengesellschaft'),
('52695468-a74f-41d6-ac9b-3a52cdba32d3', 'f6e5bda4-c40e-4fb8-9a9e-5740d96ad29c', 'KALTAKQUISE', 'ACTIVE', 0, 'Funktion: Geschäftsführer/in (CEO) | Mitarbeiter: 1 bis 10 | Branche: Augenarztpraxen | Rechtsform: Aktiengesellschaft'),
('24489bc5-2e34-45a5-8d42-a09addf710dc', '7ed862e7-4da5-414b-9fd1-22bdeddc5505', 'KALTAKQUISE', 'ACTIVE', 0, 'Funktion: Geschäftsführer/in (CEO) | Mitarbeiter: 1 bis 10 | Branche: Augenarztpraxen'),
('be380505-1cae-4c0c-8c4c-ef9c8510dc32', 'a81ad44a-d6ea-4e47-a4de-d80c3bfe9cd9', 'KALTAKQUISE', 'ACTIVE', 0, 'Funktion: Geschäftsführer/in (CEO) | Mitarbeiter: 1 bis 10 | Branche: Augenarztpraxen'),
('8573a0cd-2dc3-42da-ab3a-71a195318af5', '8705aedf-f880-4124-947d-b039b4ebe99d', 'KALTAKQUISE', 'ACTIVE', 0, 'Funktion: Geschäftsführer/in (CEO) | Mitarbeiter: 1 bis 10 | Branche: Augenarztpraxen | Rechtsform: Aktiengesellschaft'),
('c148c9c3-a709-4f78-a240-1b7a7cc9e803', '59472757-d177-4484-9709-47d133eb49b3', 'KALTAKQUISE', 'ACTIVE', 0, 'Funktion: Geschäftsführer/in (CEO) | Mitarbeiter: 1 bis 10 | Branche: Augenarztpraxen'),
('879866ff-0090-4a05-9956-1686909bf928', '0a592032-bca1-428a-ba4a-66dd4ebf2605', 'KALTAKQUISE', 'ACTIVE', 0, 'Funktion: Geschäftsführer/in (CEO) | Mitarbeiter: 1 bis 10 | Branche: Augenarztpraxen'),
('e73aca80-0470-4fbd-91b2-12347732b7d9', 'cc2d6b41-e8a5-4e87-b34a-74a94e1916e1', 'KALTAKQUISE', 'ACTIVE', 0, 'Funktion: Geschäftsführer/in (CEO) | Mitarbeiter: 1 bis 10 | Branche: Augenarztpraxen | Rechtsform: Aktiengesellschaft'),
('27e428dc-4a8f-4a7b-9abf-51433958562e', 'd4eb75e9-b46f-4870-97ed-b3d2a449c4a3', 'KALTAKQUISE', 'ACTIVE', 0, 'Funktion: Geschäftsführer/in (CEO) | Mitarbeiter: 1 bis 10 | Branche: Augenarztpraxen'),
('da432775-5b42-4a9a-bc4c-97b271d5d6ac', '3ce1e587-d55b-4000-a8fe-06631cea071e', 'KALTAKQUISE', 'ACTIVE', 0, 'Funktion: Geschäftsführer/in (CEO) | Mitarbeiter: 1 bis 10 | Branche: Augenarztpraxen'),
('90e7527a-b1ec-4bd7-98d5-57a7bac7c418', 'b5e81bbc-9d55-490a-a8d6-259db989a9fa', 'KALTAKQUISE', 'ACTIVE', 0, 'Funktion: Geschäftsführer/in (CEO) | Mitarbeiter: 11 bis 20 | Branche: Augenarztpraxen'),
('d3d6a314-58b4-4bde-b4b4-34d01ed96adf', 'b5f0f1f0-8b42-4968-a799-2046209ddc33', 'KALTAKQUISE', 'ACTIVE', 0, 'Funktion: Geschäftsführer/in (CEO) | Mitarbeiter: 1 bis 10 | Branche: Augenarztpraxen'),
('75f29297-b083-4e2c-8969-9ccecb0118e8', 'bc9e02ea-2035-4d26-85f5-8c0ca31a2297', 'KALTAKQUISE', 'ACTIVE', 0, 'Funktion: Leitung Standort | Mitarbeiter: 1 bis 10 | Branche: Augenarztpraxen | Rechtsform: Aktiengesellschaft'),
('008c9ceb-b79f-4d7f-bf74-623482ac54a2', '6da2b661-a619-4472-aab2-bd82aecdb39c', 'KALTAKQUISE', 'ACTIVE', 0, 'Funktion: Geschäftsführer/in (CEO) | Mitarbeiter: 11 bis 20 | Branche: Augenarztpraxen | Rechtsform: Aktiengesellschaft'),
('96440550-844b-46be-9ad2-9fb9d7a507aa', '56638dea-fb86-41f2-a7cc-93bdbee6b9b3', 'KALTAKQUISE', 'ACTIVE', 0, 'Funktion: Geschäftsführer/in (CEO) | Mitarbeiter: 11 bis 20 | Branche: Augenarztpraxen'),
('93f1674f-fca6-4c23-be31-f2e7399b095f', '5923bf64-adfc-4fc5-90aa-437b96619bb9', 'KALTAKQUISE', 'ACTIVE', 0, 'Funktion: Geschäftsführer/in (CEO) | Mitarbeiter: 1 bis 10 | Branche: Augenarztpraxen'),
('d9238046-dd47-479d-ba68-6c0c31043812', '794cfefa-32e8-4cac-a127-cce0a740d9c1', 'KALTAKQUISE', 'ACTIVE', 0, 'Funktion: Geschäftsführer/in (CEO) | Mitarbeiter: 11 bis 20 | Branche: Augenarztpraxen'),
('42c6f988-9122-42a3-9841-f538adf6a4c6', '71770531-a719-4746-aee6-8bc46bd216ea', 'KALTAKQUISE', 'ACTIVE', 0, 'Funktion: Geschäftsführer/in (CEO) | Mitarbeiter: 1 bis 10 | Branche: Augenarztpraxen'),
('aafad1dd-0652-455b-bf7b-43954147cfe1', '46a6967b-8a5b-487a-a63e-8e48818803e8', 'KALTAKQUISE', 'ACTIVE', 0, 'Funktion: Geschäftsführer/in (CEO) | Mitarbeiter: 1 bis 10 | Branche: Augenarztpraxen'),
('295c2677-5ad9-4026-ac52-75075c0c23e7', 'b27b5da1-2b91-49c0-b50c-686dcd7d9b5e', 'KALTAKQUISE', 'ACTIVE', 0, 'Funktion: Geschäftsführer/in (CEO) | Mitarbeiter: 1 bis 10 | Branche: Augenarztpraxen | Rechtsform: Aktiengesellschaft'),
('65007290-1ddf-4c0b-83a2-509b632318f1', '16a6ed45-39c2-4b74-a126-ed7293c8a159', 'KALTAKQUISE', 'ACTIVE', 0, 'Funktion: Geschäftsführer/in (CEO) | Mitarbeiter: 1 bis 10 | Branche: Augenarztpraxen | Rechtsform: Aktiengesellschaft'),
('087526cd-8952-4ea7-8002-04e322b99a44', 'f1cf08d8-9961-493e-91d8-7f37465fb454', 'KALTAKQUISE', 'ACTIVE', 0, 'Funktion: Geschäftsführer/in (CEO) | Mitarbeiter: 1 bis 10 | Branche: Augenarztpraxen'),
('3bff656b-a37e-4780-a309-81cd9e1197f7', '1f051060-76d7-47e5-b0fd-0d4d5b47ef11', 'KALTAKQUISE', 'ACTIVE', 0, 'Funktion: Geschäftsführer/in (CEO) | Mitarbeiter: 1 bis 10 | Branche: Augenarztpraxen'),
('1e95a5cf-6a0f-4656-923f-f098ef517046', '0ac222e8-9a7b-4744-89c2-99f6080cbafa', 'KALTAKQUISE', 'ACTIVE', 0, 'Funktion: Geschäftsführer/in (CEO) | Mitarbeiter: 1 bis 10 | Branche: Augenarztpraxen'),
('991de94a-19ba-4eba-85b0-427c7414b8f8', 'dbf20d73-05c8-4e81-8776-80568ae13f41', 'KALTAKQUISE', 'ACTIVE', 0, 'Funktion: Geschäftsführer/in (CEO) | Mitarbeiter: 1 bis 10 | Branche: Augenarztpraxen'),
('fb445ee0-78c4-4e7e-9b61-69d032dd7085', '1f2521a5-59cc-45ed-b7d0-8740e1d5a8ea', 'KALTAKQUISE', 'ACTIVE', 0, 'Funktion: Geschäftsführer/in (CEO) | Mitarbeiter: 1 bis 10 | Branche: Augenarztpraxen'),
('93e3c082-bb1d-421b-8ea6-ad9cce0e14a9', '9501b444-174b-4efd-bcb7-0065d90f4de7', 'KALTAKQUISE', 'ACTIVE', 0, 'Funktion: Geschäftsführer/in (CEO) | Mitarbeiter: 1 bis 10 | Branche: Augenarztpraxen'),
('1543211d-cb39-4a49-aa53-840e1574b316', 'd3b24298-0b25-4b55-98a5-4f3c759e2b67', 'KALTAKQUISE', 'ACTIVE', 0, 'Funktion: Geschäftsführer/in (CEO) | Mitarbeiter: 11 bis 20 | Branche: Augenarztpraxen'),
('396cc230-2a85-4472-a89c-7f10cec68f87', '7ec878b6-4305-457c-ad65-3686def698ca', 'KALTAKQUISE', 'ACTIVE', 0, 'Funktion: Geschäftsführer/in (CEO) | Mitarbeiter: 21 bis 50 | Branche: Augenarztpraxen'),
('531c7dc4-dd4b-4996-a932-7413e83674bd', '8a29eafe-edd4-4690-a5d4-ca9fbd288921', 'KALTAKQUISE', 'ACTIVE', 0, 'Funktion: Gesamtleitung/Direktion | Mitarbeiter: 11 bis 20 | Branche: Augenarztpraxen / Spitäler & Kliniken'),
('7411f37b-8233-4001-ae4e-e5b1dfd6be3b', 'df81a991-7d76-48fd-b580-0bb2aa1d33e5', 'KALTAKQUISE', 'ACTIVE', 0, 'Funktion: Geschäftsführer/in (CEO) | Mitarbeiter: 1 bis 10 | Branche: Augenarztpraxen'),
('cdaf34bb-aa26-40cf-aad4-3ea0524b8974', '430a6926-46ba-4299-b052-3c9e474f84ef', 'KALTAKQUISE', 'ACTIVE', 0, 'Funktion: Geschäftsführer/in (CEO) | Mitarbeiter: 1 bis 10 | Branche: Augenarztpraxen'),
('2c0bf48a-17a2-4421-a527-b6fc4f8a91d1', 'f6fac797-e729-4d73-9ce7-88b5101cd4b6', 'KALTAKQUISE', 'ACTIVE', 0, 'Funktion: Geschäftsführer/in (CEO) | Mitarbeiter: 1 bis 10 | Branche: Augenarztpraxen | Rechtsform: Aktiengesellschaft'),
('6346cae5-586b-48b9-9f2f-36468d0a1136', '98d8b37b-1644-46af-9d04-0dbc1bf15c0a', 'KALTAKQUISE', 'ACTIVE', 0, 'Funktion: Geschäftsführer/in (CEO) | Mitarbeiter: 1 bis 10 | Branche: Augenarztpraxen | Rechtsform: Aktiengesellschaft'),
('53e0700b-3daf-4416-93ff-c8b717af22f2', '8bd4e321-8ff0-4dc2-9bb7-a64c14534dcd', 'KALTAKQUISE', 'ACTIVE', 0, 'Funktion: Geschäftsführer/in (CEO) | Mitarbeiter: 1 bis 10 | Branche: Augenarztpraxen'),
('85fbd4ef-8190-458f-82df-5c15c6b82954', '7b2df766-9869-43f2-9617-5eafa0417759', 'KALTAKQUISE', 'ACTIVE', 0, 'Funktion: Geschäftsführer/in (CEO) | Mitarbeiter: 1 bis 10 | Branche: Augenarztpraxen | Rechtsform: Einzelunternehmen'),
('4c41e78b-1f9d-464d-8b36-383d160da2cf', '4922e740-0ff9-447e-b42a-2d7f73e7d49a', 'KALTAKQUISE', 'ACTIVE', 0, 'Funktion: Geschäftsführer/in (CEO) | Mitarbeiter: 1 bis 10 | Branche: Augenarztpraxen | Rechtsform: Gesellschaft mit beschränkter Haftung'),
('f2e70e4d-9cb9-4a66-8f9d-41e42c6f9b41', 'da08425c-3de1-45cc-9777-93d9aa8b8cc4', 'KALTAKQUISE', 'ACTIVE', 0, 'Funktion: Geschäftsführer/in (CEO) | Mitarbeiter: 1 bis 10 | Branche: Augenarztpraxen'),
('5e4fab7c-317f-4e5e-9ffa-8f32e967a45b', 'ba78570a-e24b-4608-980a-98c602962b9e', 'KALTAKQUISE', 'ACTIVE', 0, 'Funktion: Geschäftsführer/in (CEO) | Mitarbeiter: 1 bis 10 | Branche: Augenarztpraxen | Rechtsform: Aktiengesellschaft'),
('b985fb07-3063-4519-81b3-d3a29602675d', 'c8dc6178-2cea-41da-a0ac-7471ab36088d', 'KALTAKQUISE', 'ACTIVE', 0, 'Funktion: Geschäftsführer/in (CEO) | Mitarbeiter: 1 bis 10 | Branche: Augenarztpraxen'),
('305ca5a8-018d-4b0b-9c83-9baefdaf2082', 'a52fc7c2-2274-42b6-8da6-aac818609c9e', 'KALTAKQUISE', 'ACTIVE', 0, 'Funktion: Geschäftsführer/in (CEO) | Mitarbeiter: 1 bis 10 | Branche: Augenarztpraxen'),
('14ca4c28-35e3-4dd9-91c7-059928f5cc26', '03336384-3e82-4e83-a0ef-3fc0fa10b0fa', 'KALTAKQUISE', 'ACTIVE', 0, 'Funktion: Geschäftsführer/in (CEO) | Mitarbeiter: 11 bis 20 | Branche: Augenarztpraxen'),
('4a56e075-352f-4e28-adf1-8a2d828f0cd9', 'fbe4421f-f539-40d2-bd5a-831f3842465d', 'KALTAKQUISE', 'ACTIVE', 0, 'Funktion: Geschäftsführer/in (CEO) | Mitarbeiter: 1 bis 10 | Branche: Augenarztpraxen'),
('4d1e8b04-3669-4a11-99ea-f4b628b2c3ce', '14a3fc6b-255a-4a1b-a2a9-29c485a38da4', 'KALTAKQUISE', 'ACTIVE', 0, 'Funktion: Geschäftsführer/in (CEO) | Mitarbeiter: 1 bis 10 | Branche: Augenarztpraxen'),
('7a86f2a6-f8c0-47e7-a00a-bd6048f02f46', '881ce03d-9a7d-4daa-b94b-0fe54cc20de0', 'KALTAKQUISE', 'ACTIVE', 0, 'Funktion: Geschäftsführer/in (CEO) | Mitarbeiter: 1 bis 10 | Branche: Augenarztpraxen'),
('e887c12d-b3ec-4d34-bf40-60236925db8d', 'd522d948-b3da-4688-9ad4-0af1d4ba378e', 'KALTAKQUISE', 'ACTIVE', 0, 'Funktion: Geschäftsführer/in (CEO) | Mitarbeiter: 1 bis 10 | Branche: Augenarztpraxen'),
('53f4ab98-1f74-4b48-9b90-e320592553a7', '209d4aa5-7d56-4b91-b2d3-46f61dcc2e3f', 'KALTAKQUISE', 'ACTIVE', 0, 'Funktion: Geschäftsführer/in (CEO) | Mitarbeiter: 1 bis 10 | Branche: Augenarztpraxen'),
('ee3317fd-baa2-425c-8908-8ead54ece277', '4bfe40af-2c28-46b3-9c3a-88c639e2dcff', 'KALTAKQUISE', 'ACTIVE', 0, 'Funktion: Geschäftsführer/in (CEO) | Mitarbeiter: 1 bis 10 | Branche: Augenarztpraxen'),
('5efdc327-a6e8-41e0-897c-74c9f6f209a4', 'f519ad58-1cf5-4444-9f0e-75717a115e47', 'KALTAKQUISE', 'ACTIVE', 0, 'Funktion: Geschäftsführer/in (CEO) | Mitarbeiter: 1 bis 10 | Branche: Augenarztpraxen'),
('459ea353-7f25-4f33-9cda-c234f7e82bc8', '67fa7bb4-64db-4534-929d-36cc9be20b0c', 'KALTAKQUISE', 'ACTIVE', 0, 'Funktion: Geschäftsführer/in (CEO) | Mitarbeiter: 1 bis 10 | Branche: Augenarztpraxen | Rechtsform: Gesellschaft mit beschränkter Haftung'),
('3ba8c6dd-8320-4fdf-8d3f-b01192068d45', '0cd682bc-27ce-404b-992c-1e665a66cdf9', 'KALTAKQUISE', 'ACTIVE', 0, 'Funktion: Geschäftsführer/in (CEO) | Mitarbeiter: 1 bis 10 | Branche: Augenarztpraxen | Rechtsform: Aktiengesellschaft'),
('241e5b99-b66f-4a64-b065-ce7ce3520ab6', '97b8d9d7-652a-4fe6-8ff5-1b2c930bf6f0', 'KALTAKQUISE', 'ACTIVE', 0, 'Funktion: Geschäftsführer/in (CEO) | Mitarbeiter: 1 bis 10 | Branche: Augenarztpraxen'),
('2d749315-8c07-4fc0-8d2c-9f7de6719d6c', 'f6a2a871-7643-4d1f-9516-2a52e07840d2', 'KALTAKQUISE', 'ACTIVE', 0, 'Funktion: Geschäftsführer/in (CEO) | Mitarbeiter: 1 bis 10 | Branche: Augenarztpraxen'),
('6fc1c4c8-bc9d-448f-bf84-4b91bc41d350', '1271e749-90b1-46b7-afc2-04a6956de9e5', 'KALTAKQUISE', 'ACTIVE', 0, 'Funktion: Geschäftsführer/in (CEO) | Mitarbeiter: 1 bis 10 | Branche: Augenarztpraxen'),
('19b04fed-ee34-4b8f-b609-0f18bbb400c9', 'f0a0b4bb-e333-4829-8082-5938150f9e38', 'KALTAKQUISE', 'ACTIVE', 0, 'Funktion: Geschäftsführer/in (CEO) | Mitarbeiter: 1 bis 10 | Branche: Augenarztpraxen'),
('4403bdfb-3ac6-492f-aa85-f9f9a66745d5', '3b03d537-486f-4f7e-b5c1-010ee02400c7', 'KALTAKQUISE', 'ACTIVE', 0, 'Funktion: Geschäftsführer/in (CEO) | Mitarbeiter: 1 bis 10 | Branche: Augenarztpraxen'),
('d03efd38-8c66-412c-a185-4dde12912cb0', '3cece8fe-f5a7-436e-ba15-e5b9a94739f3', 'KALTAKQUISE', 'ACTIVE', 0, 'Funktion: Geschäftsführer/in (CEO) | Mitarbeiter: 1 bis 10 | Branche: Augenarztpraxen | Rechtsform: Aktiengesellschaft'),
('c034ab4e-1d25-4026-95dc-4c15a2b1dbd5', '1d303c40-1a89-48b2-b7b4-a08e9baaf00a', 'KALTAKQUISE', 'ACTIVE', 0, 'Funktion: Geschäftsführer/in (CEO) | Mitarbeiter: 1 bis 10 | Branche: Augenarztpraxen'),
('6b124747-59bf-4b67-bea2-2638af85841e', '57826e62-2ad5-4f28-bc97-6bb89a173064', 'KALTAKQUISE', 'ACTIVE', 0, 'Funktion: Geschäftsführer/in (CEO) | Mitarbeiter: 1 bis 10 | Branche: Augenarztpraxen'),
('4990852f-14ac-425c-a9a6-787853a5f81e', '1ed2ae94-b235-40c2-ae37-5cf4f0e487c4', 'KALTAKQUISE', 'ACTIVE', 0, 'Funktion: Geschäftsführer/in (CEO) | Mitarbeiter: 1 bis 10 | Branche: Augenarztpraxen'),
('b7658a33-6707-43de-b4db-6dab12526d89', 'f1091431-0845-4d45-bdc9-6b84811e6b77', 'KALTAKQUISE', 'ACTIVE', 0, 'Funktion: Geschäftsführer/in (CEO) | Mitarbeiter: 1 bis 10 | Branche: Augenarztpraxen'),
('e31e5a2c-0574-4228-850d-5a5de5088be0', '6a1f3d64-28cd-48b1-bd1a-dd05ea65c8cc', 'KALTAKQUISE', 'ACTIVE', 0, 'Funktion: Geschäftsführer/in (CEO) | Mitarbeiter: 1 bis 10 | Branche: Augenarztpraxen'),
('86f79a4e-60ec-4cea-8f6c-e48bf0c43fb5', '2d417df0-58c7-401c-8f97-199addb94c1c', 'KALTAKQUISE', 'ACTIVE', 0, 'Funktion: Geschäftsführer/in (CEO) | Mitarbeiter: 1 bis 10 | Branche: Augenarztpraxen'),
('0f01dc20-10ab-439f-b20c-4d2178dd6151', '967787d2-3bfa-4169-a4e0-1b2c5c0e6da3', 'KALTAKQUISE', 'ACTIVE', 0, 'Funktion: Geschäftsführer/in (CEO) | Mitarbeiter: 1 bis 10 | Branche: Augenarztpraxen'),
('2e4f62e6-9422-45e0-8c80-94197e554248', 'c9c8bc7a-e546-49bf-8e1f-e0f3830bd55f', 'KALTAKQUISE', 'ACTIVE', 0, 'Funktion: Geschäftsführer/in (CEO) | Mitarbeiter: 1 bis 10 | Branche: Augenarztpraxen'),
('f31dbe5d-d496-4cdd-bdf2-e13bf49c2dcc', '97bbcd82-908c-451e-8e5d-a5bff4b444c2', 'KALTAKQUISE', 'ACTIVE', 0, 'Funktion: Geschäftsführer/in (CEO) | Mitarbeiter: 1 bis 10 | Branche: Augenarztpraxen'),
('10cad7c6-5b3d-4975-a44b-af4ab2b69b6f', 'a0de2deb-8e69-44ee-a8e1-aefd0f47dbc7', 'KALTAKQUISE', 'ACTIVE', 0, 'Funktion: Geschäftsführer/in (CEO) | Mitarbeiter: 1 bis 10 | Branche: Augenarztpraxen'),
('dad789df-b86c-4a2e-8beb-043494d64fba', 'e9d2bf48-00b2-432c-9f23-d0e9a9d09f22', 'KALTAKQUISE', 'ACTIVE', 0, 'Funktion: Geschäftsführer/in (CEO) | Mitarbeiter: 1 bis 10 | Branche: Augenarztpraxen'),
('aed1e4cf-563b-4681-b3f3-e24a627f37bb', '540e978c-297f-4740-b981-ec4aadf31c45', 'KALTAKQUISE', 'ACTIVE', 0, 'Funktion: Geschäftsführer/in (CEO) | Mitarbeiter: 1 bis 10 | Branche: Augenarztpraxen'),
('98bdde7c-5a95-429b-944f-160244061255', '238a83cc-db68-4f11-9f09-b567bd523ff0', 'KALTAKQUISE', 'ACTIVE', 0, 'Funktion: Geschäftsführer/in (CEO) | Mitarbeiter: 1 bis 10 | Branche: Augenarztpraxen | Rechtsform: Gesellschaft mit beschränkter Haftung'),
('fa92ffd7-5241-4ff9-92de-ec7058d0edc3', '0e5072bb-01ef-4dc3-8ef6-6827f6f355e5', 'KALTAKQUISE', 'ACTIVE', 0, 'Funktion: Geschäftsführer/in (CEO) | Mitarbeiter: 1 bis 10 | Branche: Augenarztpraxen'),
('65c010ec-0294-4b41-adf7-3762ccf4a8f6', 'fee98700-e241-45de-881e-d3d9435e45a1', 'KALTAKQUISE', 'ACTIVE', 0, 'Funktion: Geschäftsführer/in (CEO) | Mitarbeiter: 1 bis 10 | Branche: Augenarztpraxen'),
('9eff86c1-614c-42f1-b891-7b2e1372d433', '5d115340-9c50-42bb-b500-a3934cd52db8', 'KALTAKQUISE', 'ACTIVE', 0, 'Funktion: Geschäftsführer/in (CEO) | Mitarbeiter: 1 bis 10 | Branche: Augenarztpraxen'),
('3c9aeafe-c573-4d5d-9499-14a0d347a7f9', 'd129a617-99f9-489e-8e0e-8f1fbca4d623', 'KALTAKQUISE', 'ACTIVE', 0, 'Funktion: Geschäftsführer/in (CEO) | Mitarbeiter: 1 bis 10 | Branche: Augenarztpraxen'),
('8e925234-6b9d-49bf-92d7-35ac27b00d1e', 'd06dd4a8-fac6-4e70-9dde-21fa802b2a30', 'KALTAKQUISE', 'ACTIVE', 0, 'Funktion: Geschäftsführer/in (CEO) | Mitarbeiter: 1 bis 10 | Branche: Augenarztpraxen | Rechtsform: Aktiengesellschaft'),
('6ff8a8c4-b609-4abc-b684-2ac8bcebc2a5', '0b6c3dc4-f6a5-4d4c-a646-7fd05ebbfe7e', 'KALTAKQUISE', 'ACTIVE', 0, 'Funktion: Geschäftsführer/in (CEO) | Mitarbeiter: 1 bis 10 | Branche: Augenarztpraxen'),
('89ad5b7b-20bd-48c3-860f-c9ca474cc01c', '9dc0610f-be86-4d71-bd56-6c4ffe1b9f12', 'KALTAKQUISE', 'ACTIVE', 0, 'Funktion: Geschäftsführer/in (CEO) | Mitarbeiter: 1 bis 10 | Branche: Augenarztpraxen | Rechtsform: Gesellschaft mit beschränkter Haftung'),
('97564d98-195f-431a-9c68-01d7f661f450', '5e9d594f-c325-434d-a3da-6e1e6695002e', 'KALTAKQUISE', 'ACTIVE', 0, 'Funktion: Geschäftsführer/in (CEO) | Mitarbeiter: 1 bis 10 | Branche: Augenarztpraxen'),
('0411ae97-a43b-4365-9b0a-9e1969b0ac71', 'dad41bf4-392b-443e-af95-bf5d01b6c15b', 'KALTAKQUISE', 'ACTIVE', 0, 'Funktion: Geschäftsführer/in (CEO) | Mitarbeiter: 1 bis 10 | Branche: Augenarztpraxen'),
('256b3286-8a5e-4f4a-858e-20815eb0cce4', '460e9974-98d5-4a55-aead-1833c7cfa609', 'KALTAKQUISE', 'ACTIVE', 0, 'Funktion: Geschäftsführer/in (CEO) | Mitarbeiter: 1 bis 10 | Branche: Augenarztpraxen'),
('c351cb18-e27b-4b24-8c98-8416165ed102', 'a52970f4-22dd-4b78-a10a-110be414ff78', 'KALTAKQUISE', 'ACTIVE', 0, 'Funktion: Geschäftsführer/in (CEO) | Mitarbeiter: 1 bis 10 | Branche: Augenarztpraxen'),
('63dc0614-f601-496a-a2ea-99e070f7c992', '6665f66c-c3c1-48a1-b66f-547c8f4e7775', 'KALTAKQUISE', 'ACTIVE', 0, 'Funktion: Geschäftsführer/in (CEO) | Mitarbeiter: 1 bis 10 | Branche: Augenarztpraxen'),
('b40064bf-dfdc-4e97-b4d4-ce67f448f079', 'fd5f23fd-00b6-4934-a6b9-22b42779b08a', 'KALTAKQUISE', 'ACTIVE', 0, 'Funktion: Geschäftsführer/in (CEO) | Mitarbeiter: 1 bis 10 | Branche: Augenarztpraxen'),
('a0e389e0-34f8-4347-9001-f72bcef0cfcb', '225d43fc-f411-43fb-b994-445767657785', 'KALTAKQUISE', 'ACTIVE', 0, 'Funktion: Geschäftsführer/in (CEO) | Mitarbeiter: 1 bis 10 | Branche: Augenarztpraxen'),
('a0271acf-9ae7-4fee-a6bb-fe89ad1a439b', 'b0f30964-6eb1-4b07-bc3a-0097a15bbdd4', 'KALTAKQUISE', 'ACTIVE', 0, 'Funktion: Geschäftsführer/in (CEO) | Mitarbeiter: 1 bis 10 | Branche: Augenarztpraxen'),
('4e18a998-2266-4db0-8799-e719211acfbd', '43e0576a-452e-4b94-987e-3d45f9663fd2', 'KALTAKQUISE', 'ACTIVE', 0, 'Funktion: Geschäftsführer/in (CEO) | Mitarbeiter: 1 bis 10 | Branche: Augenarztpraxen | Rechtsform: Gesellschaft mit beschränkter Haftung'),
('29ea64d2-b6b4-4028-b409-1ccb75d46e7c', '31be594f-34da-4523-b5cf-1dea77afd025', 'KALTAKQUISE', 'ACTIVE', 0, 'Funktion: Geschäftsführer/in (CEO) | Mitarbeiter: 11 bis 20 | Branche: Augenarztpraxen | Rechtsform: Aktiengesellschaft'),
('9d93a250-62fa-40e0-b906-79832a4929cd', '3ad6ad54-3bb5-43e9-8fba-50c6e36e1086', 'KALTAKQUISE', 'ACTIVE', 0, 'Funktion: Geschäftsführer/in (CEO) | Mitarbeiter: 1 bis 10 | Branche: Augenarztpraxen'),
('902466d7-78ac-43f5-837b-a79c02d4a117', '70aad113-c597-411f-8aee-dcde5f5d871e', 'KALTAKQUISE', 'ACTIVE', 0, 'Funktion: Geschäftsführer/in (CEO) | Mitarbeiter: 1 bis 10 | Branche: Augenarztpraxen'),
('22efed88-715c-49ad-a915-b220d38d82a4', '37eaad0a-f8e6-4046-aa0c-8f7dac6e27ad', 'KALTAKQUISE', 'ACTIVE', 0, 'Funktion: Geschäftsführer/in (CEO) | Mitarbeiter: 1 bis 10 | Branche: Augenarztpraxen'),
('54900e69-9474-48db-a040-5629267fa7f7', '604698ea-5579-4ab5-8702-2c7a7c43003f', 'KALTAKQUISE', 'ACTIVE', 0, 'Funktion: Geschäftsführer/in (CEO) | Mitarbeiter: 1 bis 10 | Branche: Augenarztpraxen'),
('c6f2b93d-3028-4947-bd09-803115a1d82d', '30b84364-43d9-45a7-aac5-bc158c178705', 'KALTAKQUISE', 'ACTIVE', 0, 'Funktion: Geschäftsführer/in (CEO) | Mitarbeiter: 1 bis 10 | Branche: Augenarztpraxen | Rechtsform: Aktiengesellschaft'),
('06c9f47e-b279-4c39-981f-3aa50396d774', '83153501-97de-4c4d-b46e-dd2e5a2ed866', 'KALTAKQUISE', 'ACTIVE', 0, 'Funktion: Geschäftsführer/in (CEO) | Mitarbeiter: 1 bis 10 | Branche: Augenarztpraxen'),
('8e7c05a8-7a13-4f84-a243-7008403df365', 'ba02efd0-5644-4d14-8eb8-0e4a71559c16', 'KALTAKQUISE', 'ACTIVE', 0, 'Funktion: Geschäftsführer/in (CEO) | Mitarbeiter: 1 bis 10 | Branche: Augenarztpraxen'),
('39fe44f2-1809-416b-8716-dab62d2b8dda', 'a188bfeb-3c2e-411c-841c-47a18ba0aced', 'KALTAKQUISE', 'ACTIVE', 0, 'Funktion: Geschäftsführer/in (CEO) | Mitarbeiter: 1 bis 10 | Branche: Augenarztpraxen'),
('1558325e-78e8-4232-9b33-4586584e80f4', 'c1c0a69c-820c-46ee-9e66-33c6e25dfa0c', 'KALTAKQUISE', 'ACTIVE', 0, 'Funktion: Geschäftsführer/in (CEO) | Mitarbeiter: 1 bis 10 | Branche: Augenarztpraxen'),
('7f9bea94-056e-417b-93b6-d6b0ea768337', 'df99fb22-f082-43f8-a2a6-023f433cc720', 'KALTAKQUISE', 'ACTIVE', 0, 'Funktion: Geschäftsführer/in (CEO) | Mitarbeiter: 1 bis 10 | Branche: Augenarztpraxen | Rechtsform: Aktiengesellschaft'),
('23449232-4027-4f84-a98c-76175c9c18d2', '6308dfc7-fd4e-4d3c-b455-077cea17b3de', 'KALTAKQUISE', 'ACTIVE', 0, 'Funktion: Geschäftsführer/in (CEO) | Mitarbeiter: 1 bis 10 | Branche: Augenarztpraxen'),
('6229f31e-01bf-4775-9625-6495ac71863a', '0f4eb1f5-0dfb-4321-bc46-5aa6b9e83c9d', 'KALTAKQUISE', 'ACTIVE', 0, 'Funktion: Geschäftsführer/in (CEO) | Mitarbeiter: 1 bis 10 | Branche: Augenarztpraxen | Rechtsform: Aktiengesellschaft'),
('1072e54b-5730-4a1e-b9c9-1081135cec25', '19cf7719-181d-4ead-a8f3-138aa236f897', 'KALTAKQUISE', 'ACTIVE', 0, 'Funktion: Geschäftsführer/in (CEO) | Mitarbeiter: 1 bis 10 | Branche: Augenarztpraxen'),
('e0595c63-f55e-4e02-8b7b-520eebbc0a8c', 'c7a1e861-df5d-441d-bf31-4338d6f57519', 'KALTAKQUISE', 'ACTIVE', 0, 'Funktion: Geschäftsführer/in (CEO) | Mitarbeiter: 11 bis 20 | Branche: Augenarztpraxen'),
('12efe554-49f3-48a7-847e-74a0139a6c7f', 'a8cbd9ea-2f3d-4016-a678-2d5cef8aae2a', 'KALTAKQUISE', 'ACTIVE', 0, 'Funktion: Geschäftsführer/in (CEO) | Mitarbeiter: 1 bis 10 | Branche: Augenarztpraxen'),
('fb213804-8493-4336-bec0-0010f8bccbd6', 'a14f67dd-cb51-41b1-8bc4-c2e6f9812058', 'KALTAKQUISE', 'ACTIVE', 0, 'Funktion: Geschäftsführer/in (CEO) | Mitarbeiter: 1 bis 10 | Branche: Augenarztpraxen'),
('ac804f69-48a2-4a7e-80df-c7ea5954ffa3', '58488a12-fd7c-4bb2-88f8-fdf7e7c661c4', 'KALTAKQUISE', 'ACTIVE', 0, 'Funktion: Geschäftsführer/in (CEO) | Mitarbeiter: 1 bis 10 | Branche: Augenarztpraxen'),
('1667b808-3dc4-405e-8e34-def231e137de', 'a4a5c4d0-ada9-419e-a664-8c501c8352b6', 'KALTAKQUISE', 'ACTIVE', 0, 'Funktion: Geschäftsführer/in (CEO) | Mitarbeiter: 1 bis 10 | Branche: Augenarztpraxen'),
('ab085974-9a1d-4c98-9519-c24f9b4a2a40', '4b98a219-d079-4713-929d-66c804110fe4', 'KALTAKQUISE', 'ACTIVE', 0, 'Funktion: Geschäftsführer/in (CEO) | Mitarbeiter: 1 bis 10 | Branche: Augenarztpraxen'),
('c3d05c59-868d-4cbc-b712-973408c38f71', '20e26aa9-8cac-4883-998f-c262f63a93d0', 'KALTAKQUISE', 'ACTIVE', 0, 'Funktion: Geschäftsführer/in (CEO) | Mitarbeiter: 1 bis 10 | Branche: Augenarztpraxen'),
('cc3b2484-ba04-4f4c-9dff-0d6e8567d1d8', 'fdc850b9-3c42-48c7-b740-36bedc496c08', 'KALTAKQUISE', 'ACTIVE', 0, 'Funktion: Geschäftsführer/in (CEO) | Mitarbeiter: 1 bis 10 | Branche: Augenarztpraxen'),
('3164af1a-1675-46a4-9283-f86c9b62bebe', 'b066155d-6cb2-4fee-beb2-fd9a24c0869e', 'KALTAKQUISE', 'ACTIVE', 0, 'Funktion: Geschäftsführer/in (CEO) | Mitarbeiter: 1 bis 10 | Branche: Augenarztpraxen'),
('7bf01d40-a3a2-4166-8543-c324c64ab135', '270df7d6-6566-4ece-a89e-7b67c41fb58d', 'KALTAKQUISE', 'ACTIVE', 0, 'Funktion: Geschäftsführer/in (CEO) | Mitarbeiter: 1 bis 10 | Branche: Augenarztpraxen'),
('21130b55-6748-4fdb-8ee6-b3dc37ebfbb6', '8f91ec84-6ed9-47aa-9e02-92fc6430064d', 'KALTAKQUISE', 'ACTIVE', 0, 'Funktion: Geschäftsführer/in (CEO) | Mitarbeiter: 1 bis 10 | Branche: Augenarztpraxen'),
('b012788e-4661-4e4c-9cce-00e4872b45d6', '658008fc-5f17-444e-90af-9410c9eeae63', 'KALTAKQUISE', 'ACTIVE', 0, 'Funktion: Geschäftsführer/in (CEO) | Mitarbeiter: 1 bis 10 | Branche: Augenarztpraxen'),
('27a03046-f33b-42af-9d07-30a6eb5d7366', '7de7146b-280d-461d-a58e-9e79b10de42f', 'KALTAKQUISE', 'ACTIVE', 0, 'Funktion: Geschäftsführer/in (CEO) | Mitarbeiter: 1 bis 10 | Branche: Augenarztpraxen | Rechtsform: Aktiengesellschaft'),
('d0cc6fd7-4597-4a51-a56a-89a1dcb88e1a', '8aa56c0c-024a-4134-a531-64c6de28877e', 'KALTAKQUISE', 'ACTIVE', 0, 'Funktion: Geschäftsführer/in (CEO) | Mitarbeiter: 1 bis 10 | Branche: Augenarztpraxen'),
('51675b87-932b-4ee4-b242-a671d06931f2', 'a23c2f50-53cd-4899-8ca8-41b74e677012', 'KALTAKQUISE', 'ACTIVE', 0, 'Funktion: Leitung Standort | Mitarbeiter: 1 bis 10 | Branche: Augenarztpraxen | Rechtsform: Aktiengesellschaft'),
('2a8b70f9-001d-41ec-9336-21a28816563f', '0fe4f944-7f60-4439-9570-a4fde6e65a2c', 'KALTAKQUISE', 'ACTIVE', 0, 'Funktion: Geschäftsführer/in (CEO) | Mitarbeiter: 1 bis 10 | Branche: Augenarztpraxen | Rechtsform: Aktiengesellschaft'),
('f66dc368-66da-4f25-995c-a598acc11e30', 'bf790a0e-e7ba-4105-8146-1a354126a6ed', 'KALTAKQUISE', 'ACTIVE', 0, 'Funktion: Geschäftsführer/in (CEO) | Mitarbeiter: 1 bis 10 | Branche: Augenarztpraxen'),
('09ef9110-1689-4e47-8505-0fbdded6d72f', 'f2866311-ff89-4f86-a0c5-d59b96e966c0', 'KALTAKQUISE', 'ACTIVE', 0, 'Funktion: Geschäftsführer/in (CEO) | Mitarbeiter: 1 bis 10 | Branche: Augenarztpraxen'),
('73f92364-6ed4-4f2a-8b4c-543524636b0e', 'ee7b85e6-4004-4f95-955f-106e96326d30', 'KALTAKQUISE', 'ACTIVE', 0, 'Funktion: Geschäftsführer/in (CEO) | Mitarbeiter: 1 bis 10 | Branche: Augenarztpraxen'),
('cd375968-e9c8-437b-b42d-35b07ff9a3f2', 'a2102cf6-2568-4118-a8ae-78a1e1d77ea3', 'KALTAKQUISE', 'ACTIVE', 0, 'Funktion: Leitung Standort | Mitarbeiter: 1 bis 10 | Branche: Augenarztpraxen'),
('d10eded4-af4b-4f4c-9c8b-e23a36c13a6f', 'b36f6b39-0eaa-4f01-b9b5-d65f6cde0df7', 'KALTAKQUISE', 'ACTIVE', 0, 'Funktion: Geschäftsführer/in (CEO) | Mitarbeiter: 1 bis 10 | Branche: Augenarztpraxen'),
('984889de-cf6d-418e-822a-e4c6566c4370', 'ec836bec-91cb-4674-a5a0-2824e855da52', 'KALTAKQUISE', 'ACTIVE', 0, 'Funktion: Geschäftsführer/in (CEO) | Mitarbeiter: 21 bis 50 | Branche: Augenarztpraxen | Rechtsform: Aktiengesellschaft'),
('61c8d5c0-0077-4e19-9036-80e850779774', 'be2f0639-8236-4a4e-9d50-1291841769fc', 'KALTAKQUISE', 'ACTIVE', 0, 'Funktion: Geschäftsführer/in (CEO) | Mitarbeiter: 11 bis 20 | Branche: NGO & NPO'),
('baa9b9e4-570b-4cf5-8a5a-9e1e555a9e08', '99b2ce40-dffd-418e-b358-4c68c1f464d1', 'KALTAKQUISE', 'ACTIVE', 0, 'Funktion: Geschäftsführer/in (CEO) | Mitarbeiter: 1 bis 10 | Branche: Kosmetikstudios'),
('28d4617d-3768-49fa-be87-d75bdf98d01a', '0a8af410-df04-4f5c-b191-44eb61610219', 'KALTAKQUISE', 'ACTIVE', 0, 'Funktion: Geschäftsführer/in (CEO) | Mitarbeiter: 1 bis 10 | Branche: Augenarztpraxen'),
('d3dd6176-7fa1-4286-96d3-4eb3f16c2692', '9ec92dde-36df-4fc1-aacd-5d47101f3408', 'KALTAKQUISE', 'ACTIVE', 0, 'Funktion: Geschäftsführer/in (CEO) | Mitarbeiter: 1 bis 10 | Branche: Augenarztpraxen'),
('1432cf2e-2905-4571-bffc-70bdb3e70112', 'c0bd310d-62a0-4eb7-b04c-498e1d031703', 'KALTAKQUISE', 'ACTIVE', 0, 'Funktion: Geschäftsführer/in (CEO) | Mitarbeiter: 1 bis 10 | Branche: Augenarztpraxen | Rechtsform: Aktiengesellschaft'),
('f23fd59a-7458-47cb-b98e-9894e963dd1f', '27f6c980-f399-4fa4-bddc-ed25b9a368c9', 'KALTAKQUISE', 'ACTIVE', 0, 'Funktion: Geschäftsführer/in (CEO) | Mitarbeiter: 1 bis 10 | Branche: Augenarztpraxen | Rechtsform: Aktiengesellschaft'),
('7b301f99-b246-4a73-b973-5fa85f4217c4', '667981e6-838b-4e96-ba07-ac9c4b9172e3', 'KALTAKQUISE', 'ACTIVE', 0, 'Funktion: Geschäftsführer/in (CEO) | Mitarbeiter: 11 bis 20 | Branche: Augenarztpraxen'),
('da1c1fb4-fc36-4221-9ad3-d34d15392fa1', '55cab4d3-91b3-474f-9225-8535418e3243', 'KALTAKQUISE', 'ACTIVE', 0, 'Funktion: Geschäftsführer/in (CEO) | Mitarbeiter: 11 bis 20 | Branche: Augenarztpraxen | Rechtsform: Aktiengesellschaft'),
('850d97be-a5c4-427d-bbec-15c1372e8189', '7986a8f1-63f8-4826-941b-b1e1ff31d6ae', 'KALTAKQUISE', 'ACTIVE', 0, 'Funktion: Geschäftsführer/in (CEO) | Mitarbeiter: 21 bis 50 | Branche: Augenarztpraxen | Rechtsform: Aktiengesellschaft'),
('fb22f4c2-6d0b-4f04-8004-958c2ed4cdea', 'f7449a6a-8a9f-4a09-ae62-9631f838cfd5', 'KALTAKQUISE', 'ACTIVE', 0, 'Funktion: Geschäftsführer/in (CEO) | Mitarbeiter: 21 bis 50 | Branche: Augenarztpraxen / Spitäler & Kliniken | Rechtsform: Aktiengesellschaft'),
('a2eda1af-c75c-42ac-85af-c1312f9f8109', '21f191aa-89b2-4c64-a0bd-259c3e32ab52', 'KALTAKQUISE', 'ACTIVE', 0, 'Funktion: Leitung Standort | Mitarbeiter: 21 bis 50 | Branche: Augenarztpraxen'),
('8e78e7ad-94e1-4fad-9ebe-3dfac3f6aaa9', '8b235ce8-aff0-4b49-a398-51fcd60b649d', 'KALTAKQUISE', 'ACTIVE', 0, 'Funktion: Geschäftsführer/in (CEO) | Mitarbeiter: 21 bis 50 | Branche: Augenarztpraxen | Rechtsform: Institut des öffentlichen Rechts'),
('0f3a3850-a680-48f7-9926-5b0ea727799c', 'e77e8d28-dfa6-4e77-b60f-991bae6eb622', 'KALTAKQUISE', 'ACTIVE', 0, 'Funktion: Geschäftsführer/in (CEO) | Mitarbeiter: 51 bis 100 | Branche: Augenarztpraxen'),
('56d1e33b-5b74-425c-8bf3-f828663d0a75', '9c733521-398d-47e5-87b8-75cc4218e430', 'KALTAKQUISE', 'ACTIVE', 0, 'Funktion: Geschäftsführer/in (CEO) | Mitarbeiter: 1 bis 10 | Branche: Augenarztpraxen / Spitäler & Kliniken'),
('599f294b-cef5-41f6-b716-b5fffd1da1f7', 'cbb24160-069a-4b66-8cf9-be9899738be6', 'KALTAKQUISE', 'ACTIVE', 0, 'Funktion: Geschäftsführer/in (CEO) | Mitarbeiter: 11 bis 20 | Branche: Augenarztpraxen | Rechtsform: Aktiengesellschaft'),
('fd0e304c-1fad-43c9-890a-1605ee137a59', '3785e2b8-e447-4bf6-a3dc-3f1f54b443bc', 'KALTAKQUISE', 'ACTIVE', 0, 'Funktion: Geschäftsführer/in (CEO) | Mitarbeiter: 21 bis 50 | Branche: Augenarztpraxen / Spitäler & Kliniken'),
('fbda7d91-b575-460e-9126-d37cb72c75ca', '28e56ee7-6950-460f-8246-9aad7caeec0e', 'KALTAKQUISE', 'ACTIVE', 0, 'Funktion: Geschäftsführer/in (CEO) | Mitarbeiter: 1 bis 10 | Branche: Augenarztpraxen'),
('3a55db05-588b-43ef-80fb-16bba1bd3a06', 'ffdb2313-6714-4996-8f59-71bc33f65be7', 'KALTAKQUISE', 'ACTIVE', 0, 'Funktion: Geschäftsführer/in (CEO) | Mitarbeiter: 1 bis 10 | Branche: Online Shops'),
('5443775b-c8f6-48c2-bf3c-25412cb77251', '52901154-5959-437e-b148-15e2eeadb672', 'KALTAKQUISE', 'ACTIVE', 0, 'Funktion: Geschäftsführer/in (CEO) | Mitarbeiter: 1 bis 10 | Branche: Augenarztpraxen | Rechtsform: Aktiengesellschaft'),
('83d344e9-12d6-4c34-bbb5-aae61833ebd1', '4b5ae5f9-29ac-47bf-bf39-a9908e75d70d', 'KALTAKQUISE', 'ACTIVE', 0, 'Funktion: Geschäftsführer/in (CEO) | Mitarbeiter: 1 bis 10 | Branche: Augenarztpraxen | Rechtsform: Gesellschaft mit beschränkter Haftung'),
('567580a1-9166-463c-8796-b148c85f68b3', 'd961f1ac-842c-4c85-a8fa-1b4e4ec6ab2a', 'KALTAKQUISE', 'ACTIVE', 0, 'Funktion: Geschäftsführer/in (CEO) | Mitarbeiter: 1 bis 10 | Branche: Augenarztpraxen'),
('40bae1c0-bbde-4a6a-b2a0-172c7ff339c6', 'ddcdd19a-eb1b-4eee-86a3-59388939da26', 'KALTAKQUISE', 'ACTIVE', 0, 'Funktion: Geschäftsführer/in (CEO) | Mitarbeiter: 1 bis 10 | Branche: Augenarztpraxen'),
('bea8bc9e-6f53-4bd5-b4fb-e788cdb23433', 'cc8e235b-1504-4fe1-a559-d2d5d390473f', 'KALTAKQUISE', 'ACTIVE', 0, 'Funktion: Geschäftsführer/in (CEO) | Mitarbeiter: 1 bis 10 | Branche: Augenarztpraxen'),
('c1ed4ee6-afc1-453e-853d-8379cfa14846', 'c8e33752-ee0f-4684-a845-276ae92557ed', 'KALTAKQUISE', 'ACTIVE', 0, 'Funktion: Geschäftsführer/in (CEO) | Mitarbeiter: 1 bis 10 | Branche: Augenarztpraxen'),
('fbd1cdb4-afe9-405c-8081-5b41e7154087', '636e1153-5135-45d8-85e5-448bc3387872', 'KALTAKQUISE', 'ACTIVE', 0, 'Funktion: Geschäftsführer/in (CEO) | Mitarbeiter: 1 bis 10 | Branche: Augenarztpraxen'),
('ce5f8000-241b-4386-af01-7245d1dcd8d3', '8acb42e5-bc59-4845-80b0-62c0005d62e8', 'KALTAKQUISE', 'ACTIVE', 0, 'Funktion: Geschäftsführer/in (CEO) | Mitarbeiter: 1 bis 10 | Branche: Augenarztpraxen'),
('62c85969-0e38-4564-929b-3fc429b68b3a', 'c3661e97-99f2-4557-bd89-51c239021918', 'KALTAKQUISE', 'ACTIVE', 0, 'Funktion: Geschäftsführer/in (CEO) | Mitarbeiter: 1 bis 10 | Branche: Augenarztpraxen'),
('c8d20442-5685-43ff-bb34-04c2faa6756b', '6357336f-a6fa-4475-a5f0-3899cf28c89d', 'KALTAKQUISE', 'ACTIVE', 0, 'Funktion: Geschäftsführer/in (CEO) | Mitarbeiter: 1 bis 10 | Branche: Augenarztpraxen'),
('35de1a79-6e39-47aa-97e4-3c4d0b3e6f7c', '17ffe281-cfae-4529-a9d0-92d14d504281', 'KALTAKQUISE', 'ACTIVE', 0, 'Funktion: Geschäftsführer/in (CEO) | Mitarbeiter: 1 bis 10 | Branche: Augenarztpraxen'),
('00a65502-789b-40e5-a4d8-1f755130a49c', 'a1254b5e-9bb9-4103-b6e4-ef3bc0dfbd5c', 'KALTAKQUISE', 'ACTIVE', 0, 'Funktion: Geschäftsführer/in (CEO) | Mitarbeiter: 1 bis 10 | Branche: Augenarztpraxen'),
('ec784e20-2628-4d7d-a2a9-9e868441bd61', '246982a8-8429-4f29-804d-b25d1bddd596', 'KALTAKQUISE', 'ACTIVE', 0, 'Funktion: Geschäftsführer/in (CEO) | Mitarbeiter: 11 bis 20 | Branche: Augenarztpraxen | Rechtsform: Aktiengesellschaft'),
('f22307e7-7be9-4e46-8e9e-d2a50b9b0d5a', '11991bf7-b56f-4eef-95ab-5b2aa2c851f7', 'KALTAKQUISE', 'ACTIVE', 0, 'Funktion: Geschäftsführer/in (CEO) | Mitarbeiter: 1 bis 10 | Branche: Augenarztpraxen'),
('db0410d0-1c1f-4c3b-9136-b5bca6c2e4e8', 'e8133f51-13b1-4498-9305-050054483e5e', 'KALTAKQUISE', 'ACTIVE', 0, 'Funktion: Geschäftsführer/in (CEO) | Mitarbeiter: 1 bis 10 | Branche: Augenarztpraxen'),
('7f410af4-a418-48e2-bcdb-250f25cf3a17', '20df382c-278e-4392-b077-980e7756cb21', 'KALTAKQUISE', 'ACTIVE', 0, 'Funktion: Geschäftsführer/in (CEO) | Mitarbeiter: 1 bis 10 | Branche: Augenarztpraxen | Rechtsform: Aktiengesellschaft'),
('ec86050f-2004-4296-9235-eb5b162ce1dc', '23ebacd4-601a-440b-a929-52eac39abfdf', 'KALTAKQUISE', 'ACTIVE', 0, 'Funktion: Geschäftsführer/in (CEO) | Mitarbeiter: 1 bis 10 | Branche: Augenarztpraxen'),
('a10321e4-5419-43a2-aff0-7c285d28af79', '352fb1a1-033e-4f13-8546-8808ffeb24d3', 'KALTAKQUISE', 'ACTIVE', 0, 'Funktion: Leitung Standort | Mitarbeiter: 1 bis 10 | Branche: Augenarztpraxen'),
('c86bf657-ae2e-4c79-8a57-4fc591db2678', '4cebf289-8d9d-4bf7-88a9-e227cd0828de', 'KALTAKQUISE', 'ACTIVE', 0, 'Funktion: Geschäftsführer/in (CEO) | Mitarbeiter: 1 bis 10 | Branche: Augenarztpraxen | Rechtsform: Aktiengesellschaft'),
('bcd1a825-a903-4c88-8ad4-a2d138e9662f', '3617d1ce-1c56-4c67-9ffa-2b10eb76deec', 'KALTAKQUISE', 'ACTIVE', 0, 'Funktion: Geschäftsführer/in (CEO) | Mitarbeiter: 21 bis 50 | Branche: Augenarztpraxen'),
('32ec8f05-ee1f-4735-8ea6-0838ad5e806d', 'adbe8f2d-758d-42a6-97e6-1bde8d54ea58', 'KALTAKQUISE', 'ACTIVE', 0, 'Funktion: Geschäftsführer/in (CEO) | Mitarbeiter: 11 bis 20 | Branche: Augenarztpraxen'),
('24933f82-8346-4599-80fd-36e8615bc1cc', 'aa2e01fd-6af2-40bc-bfc5-7c976b970f05', 'KALTAKQUISE', 'ACTIVE', 0, 'Funktion: Geschäftsführer/in (CEO) | Mitarbeiter: 1 bis 10 | Branche: Augenarztpraxen'),
('dee7e394-7efe-4643-8b5d-e44993217270', '7f32ca04-6c86-4961-9927-73a1131b12be', 'KALTAKQUISE', 'ACTIVE', 0, 'Funktion: Geschäftsführer/in (CEO) | Mitarbeiter: 51 bis 100 | Branche: Augenarztpraxen | Rechtsform: Aktiengesellschaft'),
('ce077067-6205-415e-874e-97567f1f21db', '758a58c5-7574-4969-a1a2-fce32d6d23b8', 'KALTAKQUISE', 'ACTIVE', 0, 'Funktion: Geschäftsführer/in (CEO) | Mitarbeiter: 1 bis 10 | Branche: Augenarztpraxen | Rechtsform: Aktiengesellschaft'),
('38ae0f2e-33d1-482f-ad64-e333a53cb190', '012c8819-848a-4f5d-b038-e3a84f5490d2', 'KALTAKQUISE', 'ACTIVE', 0, 'Funktion: Geschäftsführer/in (CEO) | Mitarbeiter: 21 bis 50 | Branche: Augenarztpraxen | Rechtsform: Aktiengesellschaft');

INSERT INTO lead_tags (lead_id, tag_id) VALUES
('13d06589-a296-46b9-aa63-ee41c0fd152e', 'ka-b2b'),
('eda9a940-1c59-49c6-b049-87de3e8cc9d9', 'ka-b2b'),
('2c337821-b118-4c0a-ba23-2116e2004968', 'ka-b2b'),
('4486a9f1-4d48-460c-bfc5-681ba5d606ca', 'ka-b2b'),
('49f56be2-fc30-4cfb-85b2-352e4f8ae2f7', 'ka-b2b'),
('52beaedb-9f79-4d1a-a898-3cfbe463c352', 'ka-b2b'),
('f331294a-349b-4454-9d20-d8ca55b77aa0', 'ka-b2b'),
('cf085d08-f369-4290-baff-badd0c423ea6', 'ka-b2b'),
('d8b0cda2-8e59-4054-b500-4d5b3e445424', 'ka-b2b'),
('4aecc27b-6dd9-46aa-b60b-3b0f4abd5313', 'ka-b2b'),
('ce48a9a3-4f82-4884-a28d-0ce1eaa5c4e0', 'ka-b2b'),
('a503be23-06b4-4188-a8ff-4911efadd932', 'ka-b2b'),
('fd4e29e6-3cea-4385-8f76-e95f94658ab8', 'ka-b2b'),
('4ef1586a-fcb6-450f-850e-5e50dde1b080', 'ka-b2b'),
('26644723-0f0c-4294-ac44-88e68cf8b041', 'ka-b2b'),
('06762a32-279d-4323-9278-471128b508cc', 'ka-b2b'),
('d216a1ca-6385-431f-9837-b5a44e216347', 'ka-b2b'),
('b65ac363-7420-462c-a875-64ccb6343d26', 'ka-b2b'),
('e42a65b5-885d-47fc-ae05-b1068271c4dc', 'ka-b2b'),
('7aee8055-c131-4587-abc6-787cacd6d38b', 'ka-b2b'),
('890e549d-420c-479d-80c7-0e0a7daef46f', 'ka-b2b'),
('aaf4c2a1-a2fe-4768-be67-1c463ec6bed2', 'ka-b2b'),
('3f014765-89a3-4547-8f3b-5d75bbf2f6f4', 'ka-b2b'),
('57e6fe1d-4fd6-4a16-a1f5-c2256a519afe', 'ka-b2b'),
('3749a38d-b131-4b21-9956-1d7cde2ab1f4', 'ka-b2b'),
('e532f308-29f1-4375-9f7f-4802ad5e48dc', 'ka-b2b'),
('05e02b3d-720b-44f0-ae17-06e87473930e', 'ka-b2b'),
('f06874b3-fc46-45a3-85bb-331f7273529a', 'ka-b2b'),
('3518559b-0293-442a-ad1b-1df5d398bf60', 'ka-b2b'),
('c5a7ff72-6ce5-4967-983b-b44674460da8', 'ka-b2b'),
('58b8aa8b-330b-45fe-b30a-0aa058d45835', 'ka-b2b'),
('3fbc2831-2e96-4f46-ace1-e62e23567703', 'ka-b2b'),
('256ebf82-025b-45cb-9e8d-5b1e418441b5', 'ka-b2b'),
('73c5cf81-b5bd-48f4-aef7-5704b2517ba2', 'ka-b2b'),
('eab50b2a-7b82-4a98-82c4-1c3a3bd61c8f', 'ka-b2b'),
('b076de83-eada-4aaa-a0c2-1ae3679ebdc9', 'ka-b2b'),
('52695468-a74f-41d6-ac9b-3a52cdba32d3', 'ka-b2b'),
('24489bc5-2e34-45a5-8d42-a09addf710dc', 'ka-b2b'),
('be380505-1cae-4c0c-8c4c-ef9c8510dc32', 'ka-b2b'),
('8573a0cd-2dc3-42da-ab3a-71a195318af5', 'ka-b2b'),
('c148c9c3-a709-4f78-a240-1b7a7cc9e803', 'ka-b2b'),
('879866ff-0090-4a05-9956-1686909bf928', 'ka-b2b'),
('e73aca80-0470-4fbd-91b2-12347732b7d9', 'ka-b2b'),
('27e428dc-4a8f-4a7b-9abf-51433958562e', 'ka-b2b'),
('da432775-5b42-4a9a-bc4c-97b271d5d6ac', 'ka-b2b'),
('90e7527a-b1ec-4bd7-98d5-57a7bac7c418', 'ka-b2b'),
('d3d6a314-58b4-4bde-b4b4-34d01ed96adf', 'ka-b2b'),
('75f29297-b083-4e2c-8969-9ccecb0118e8', 'ka-b2b'),
('008c9ceb-b79f-4d7f-bf74-623482ac54a2', 'ka-b2b'),
('96440550-844b-46be-9ad2-9fb9d7a507aa', 'ka-b2b'),
('93f1674f-fca6-4c23-be31-f2e7399b095f', 'ka-b2b'),
('d9238046-dd47-479d-ba68-6c0c31043812', 'ka-b2b'),
('42c6f988-9122-42a3-9841-f538adf6a4c6', 'ka-b2b'),
('aafad1dd-0652-455b-bf7b-43954147cfe1', 'ka-b2b'),
('295c2677-5ad9-4026-ac52-75075c0c23e7', 'ka-b2b'),
('65007290-1ddf-4c0b-83a2-509b632318f1', 'ka-b2b'),
('087526cd-8952-4ea7-8002-04e322b99a44', 'ka-b2b'),
('3bff656b-a37e-4780-a309-81cd9e1197f7', 'ka-b2b'),
('1e95a5cf-6a0f-4656-923f-f098ef517046', 'ka-b2b'),
('991de94a-19ba-4eba-85b0-427c7414b8f8', 'ka-b2b'),
('fb445ee0-78c4-4e7e-9b61-69d032dd7085', 'ka-b2b'),
('93e3c082-bb1d-421b-8ea6-ad9cce0e14a9', 'ka-b2b'),
('1543211d-cb39-4a49-aa53-840e1574b316', 'ka-b2b'),
('396cc230-2a85-4472-a89c-7f10cec68f87', 'ka-b2b'),
('531c7dc4-dd4b-4996-a932-7413e83674bd', 'ka-b2b'),
('7411f37b-8233-4001-ae4e-e5b1dfd6be3b', 'ka-b2b'),
('cdaf34bb-aa26-40cf-aad4-3ea0524b8974', 'ka-b2b'),
('2c0bf48a-17a2-4421-a527-b6fc4f8a91d1', 'ka-b2b'),
('6346cae5-586b-48b9-9f2f-36468d0a1136', 'ka-b2b'),
('53e0700b-3daf-4416-93ff-c8b717af22f2', 'ka-b2b'),
('85fbd4ef-8190-458f-82df-5c15c6b82954', 'ka-b2b'),
('4c41e78b-1f9d-464d-8b36-383d160da2cf', 'ka-b2b'),
('f2e70e4d-9cb9-4a66-8f9d-41e42c6f9b41', 'ka-b2b'),
('5e4fab7c-317f-4e5e-9ffa-8f32e967a45b', 'ka-b2b'),
('b985fb07-3063-4519-81b3-d3a29602675d', 'ka-b2b'),
('305ca5a8-018d-4b0b-9c83-9baefdaf2082', 'ka-b2b'),
('14ca4c28-35e3-4dd9-91c7-059928f5cc26', 'ka-b2b'),
('4a56e075-352f-4e28-adf1-8a2d828f0cd9', 'ka-b2b'),
('4d1e8b04-3669-4a11-99ea-f4b628b2c3ce', 'ka-b2b'),
('7a86f2a6-f8c0-47e7-a00a-bd6048f02f46', 'ka-b2b'),
('e887c12d-b3ec-4d34-bf40-60236925db8d', 'ka-b2b'),
('53f4ab98-1f74-4b48-9b90-e320592553a7', 'ka-b2b'),
('ee3317fd-baa2-425c-8908-8ead54ece277', 'ka-b2b'),
('5efdc327-a6e8-41e0-897c-74c9f6f209a4', 'ka-b2b'),
('459ea353-7f25-4f33-9cda-c234f7e82bc8', 'ka-b2b'),
('3ba8c6dd-8320-4fdf-8d3f-b01192068d45', 'ka-b2b'),
('241e5b99-b66f-4a64-b065-ce7ce3520ab6', 'ka-b2b'),
('2d749315-8c07-4fc0-8d2c-9f7de6719d6c', 'ka-b2b'),
('6fc1c4c8-bc9d-448f-bf84-4b91bc41d350', 'ka-b2b'),
('19b04fed-ee34-4b8f-b609-0f18bbb400c9', 'ka-b2b'),
('4403bdfb-3ac6-492f-aa85-f9f9a66745d5', 'ka-b2b'),
('d03efd38-8c66-412c-a185-4dde12912cb0', 'ka-b2b'),
('c034ab4e-1d25-4026-95dc-4c15a2b1dbd5', 'ka-b2b'),
('6b124747-59bf-4b67-bea2-2638af85841e', 'ka-b2b'),
('4990852f-14ac-425c-a9a6-787853a5f81e', 'ka-b2b'),
('b7658a33-6707-43de-b4db-6dab12526d89', 'ka-b2b'),
('e31e5a2c-0574-4228-850d-5a5de5088be0', 'ka-b2b'),
('86f79a4e-60ec-4cea-8f6c-e48bf0c43fb5', 'ka-b2b'),
('0f01dc20-10ab-439f-b20c-4d2178dd6151', 'ka-b2b'),
('2e4f62e6-9422-45e0-8c80-94197e554248', 'ka-b2b'),
('f31dbe5d-d496-4cdd-bdf2-e13bf49c2dcc', 'ka-b2b'),
('10cad7c6-5b3d-4975-a44b-af4ab2b69b6f', 'ka-b2b'),
('dad789df-b86c-4a2e-8beb-043494d64fba', 'ka-b2b'),
('aed1e4cf-563b-4681-b3f3-e24a627f37bb', 'ka-b2b'),
('98bdde7c-5a95-429b-944f-160244061255', 'ka-b2b'),
('fa92ffd7-5241-4ff9-92de-ec7058d0edc3', 'ka-b2b'),
('65c010ec-0294-4b41-adf7-3762ccf4a8f6', 'ka-b2b'),
('9eff86c1-614c-42f1-b891-7b2e1372d433', 'ka-b2b'),
('3c9aeafe-c573-4d5d-9499-14a0d347a7f9', 'ka-b2b'),
('8e925234-6b9d-49bf-92d7-35ac27b00d1e', 'ka-b2b'),
('6ff8a8c4-b609-4abc-b684-2ac8bcebc2a5', 'ka-b2b'),
('89ad5b7b-20bd-48c3-860f-c9ca474cc01c', 'ka-b2b'),
('97564d98-195f-431a-9c68-01d7f661f450', 'ka-b2b'),
('0411ae97-a43b-4365-9b0a-9e1969b0ac71', 'ka-b2b'),
('256b3286-8a5e-4f4a-858e-20815eb0cce4', 'ka-b2b'),
('c351cb18-e27b-4b24-8c98-8416165ed102', 'ka-b2b'),
('63dc0614-f601-496a-a2ea-99e070f7c992', 'ka-b2b'),
('b40064bf-dfdc-4e97-b4d4-ce67f448f079', 'ka-b2b'),
('a0e389e0-34f8-4347-9001-f72bcef0cfcb', 'ka-b2b'),
('a0271acf-9ae7-4fee-a6bb-fe89ad1a439b', 'ka-b2b'),
('4e18a998-2266-4db0-8799-e719211acfbd', 'ka-b2b'),
('29ea64d2-b6b4-4028-b409-1ccb75d46e7c', 'ka-b2b'),
('9d93a250-62fa-40e0-b906-79832a4929cd', 'ka-b2b'),
('902466d7-78ac-43f5-837b-a79c02d4a117', 'ka-b2b'),
('22efed88-715c-49ad-a915-b220d38d82a4', 'ka-b2b'),
('54900e69-9474-48db-a040-5629267fa7f7', 'ka-b2b'),
('c6f2b93d-3028-4947-bd09-803115a1d82d', 'ka-b2b'),
('06c9f47e-b279-4c39-981f-3aa50396d774', 'ka-b2b'),
('8e7c05a8-7a13-4f84-a243-7008403df365', 'ka-b2b'),
('39fe44f2-1809-416b-8716-dab62d2b8dda', 'ka-b2b'),
('1558325e-78e8-4232-9b33-4586584e80f4', 'ka-b2b'),
('7f9bea94-056e-417b-93b6-d6b0ea768337', 'ka-b2b'),
('23449232-4027-4f84-a98c-76175c9c18d2', 'ka-b2b'),
('6229f31e-01bf-4775-9625-6495ac71863a', 'ka-b2b'),
('1072e54b-5730-4a1e-b9c9-1081135cec25', 'ka-b2b'),
('e0595c63-f55e-4e02-8b7b-520eebbc0a8c', 'ka-b2b'),
('12efe554-49f3-48a7-847e-74a0139a6c7f', 'ka-b2b'),
('fb213804-8493-4336-bec0-0010f8bccbd6', 'ka-b2b'),
('ac804f69-48a2-4a7e-80df-c7ea5954ffa3', 'ka-b2b'),
('1667b808-3dc4-405e-8e34-def231e137de', 'ka-b2b'),
('ab085974-9a1d-4c98-9519-c24f9b4a2a40', 'ka-b2b'),
('c3d05c59-868d-4cbc-b712-973408c38f71', 'ka-b2b'),
('cc3b2484-ba04-4f4c-9dff-0d6e8567d1d8', 'ka-b2b'),
('3164af1a-1675-46a4-9283-f86c9b62bebe', 'ka-b2b'),
('7bf01d40-a3a2-4166-8543-c324c64ab135', 'ka-b2b'),
('21130b55-6748-4fdb-8ee6-b3dc37ebfbb6', 'ka-b2b'),
('b012788e-4661-4e4c-9cce-00e4872b45d6', 'ka-b2b'),
('27a03046-f33b-42af-9d07-30a6eb5d7366', 'ka-b2b'),
('d0cc6fd7-4597-4a51-a56a-89a1dcb88e1a', 'ka-b2b'),
('51675b87-932b-4ee4-b242-a671d06931f2', 'ka-b2b'),
('2a8b70f9-001d-41ec-9336-21a28816563f', 'ka-b2b'),
('f66dc368-66da-4f25-995c-a598acc11e30', 'ka-b2b'),
('09ef9110-1689-4e47-8505-0fbdded6d72f', 'ka-b2b'),
('73f92364-6ed4-4f2a-8b4c-543524636b0e', 'ka-b2b'),
('cd375968-e9c8-437b-b42d-35b07ff9a3f2', 'ka-b2b'),
('d10eded4-af4b-4f4c-9c8b-e23a36c13a6f', 'ka-b2b'),
('984889de-cf6d-418e-822a-e4c6566c4370', 'ka-b2b'),
('61c8d5c0-0077-4e19-9036-80e850779774', 'ka-b2b'),
('baa9b9e4-570b-4cf5-8a5a-9e1e555a9e08', 'ka-b2b'),
('28d4617d-3768-49fa-be87-d75bdf98d01a', 'ka-b2b'),
('d3dd6176-7fa1-4286-96d3-4eb3f16c2692', 'ka-b2b'),
('1432cf2e-2905-4571-bffc-70bdb3e70112', 'ka-b2b'),
('f23fd59a-7458-47cb-b98e-9894e963dd1f', 'ka-b2b'),
('7b301f99-b246-4a73-b973-5fa85f4217c4', 'ka-b2b'),
('da1c1fb4-fc36-4221-9ad3-d34d15392fa1', 'ka-b2b'),
('850d97be-a5c4-427d-bbec-15c1372e8189', 'ka-b2b'),
('fb22f4c2-6d0b-4f04-8004-958c2ed4cdea', 'ka-b2b'),
('a2eda1af-c75c-42ac-85af-c1312f9f8109', 'ka-b2b'),
('8e78e7ad-94e1-4fad-9ebe-3dfac3f6aaa9', 'ka-b2b'),
('0f3a3850-a680-48f7-9926-5b0ea727799c', 'ka-b2b'),
('56d1e33b-5b74-425c-8bf3-f828663d0a75', 'ka-b2b'),
('599f294b-cef5-41f6-b716-b5fffd1da1f7', 'ka-b2b'),
('fd0e304c-1fad-43c9-890a-1605ee137a59', 'ka-b2b'),
('fbda7d91-b575-460e-9126-d37cb72c75ca', 'ka-b2b'),
('3a55db05-588b-43ef-80fb-16bba1bd3a06', 'ka-b2b'),
('5443775b-c8f6-48c2-bf3c-25412cb77251', 'ka-b2b'),
('83d344e9-12d6-4c34-bbb5-aae61833ebd1', 'ka-b2b'),
('567580a1-9166-463c-8796-b148c85f68b3', 'ka-b2b'),
('40bae1c0-bbde-4a6a-b2a0-172c7ff339c6', 'ka-b2b'),
('bea8bc9e-6f53-4bd5-b4fb-e788cdb23433', 'ka-b2b'),
('c1ed4ee6-afc1-453e-853d-8379cfa14846', 'ka-b2b'),
('fbd1cdb4-afe9-405c-8081-5b41e7154087', 'ka-b2b'),
('ce5f8000-241b-4386-af01-7245d1dcd8d3', 'ka-b2b'),
('62c85969-0e38-4564-929b-3fc429b68b3a', 'ka-b2b'),
('c8d20442-5685-43ff-bb34-04c2faa6756b', 'ka-b2b'),
('35de1a79-6e39-47aa-97e4-3c4d0b3e6f7c', 'ka-b2b'),
('00a65502-789b-40e5-a4d8-1f755130a49c', 'ka-b2b'),
('ec784e20-2628-4d7d-a2a9-9e868441bd61', 'ka-b2b'),
('f22307e7-7be9-4e46-8e9e-d2a50b9b0d5a', 'ka-b2b'),
('db0410d0-1c1f-4c3b-9136-b5bca6c2e4e8', 'ka-b2b'),
('7f410af4-a418-48e2-bcdb-250f25cf3a17', 'ka-b2b'),
('ec86050f-2004-4296-9235-eb5b162ce1dc', 'ka-b2b'),
('a10321e4-5419-43a2-aff0-7c285d28af79', 'ka-b2b'),
('c86bf657-ae2e-4c79-8a57-4fc591db2678', 'ka-b2b'),
('bcd1a825-a903-4c88-8ad4-a2d138e9662f', 'ka-b2b'),
('32ec8f05-ee1f-4735-8ea6-0838ad5e806d', 'ka-b2b'),
('24933f82-8346-4599-80fd-36e8615bc1cc', 'ka-b2b'),
('dee7e394-7efe-4643-8b5d-e44993217270', 'ka-b2b'),
('ce077067-6205-415e-874e-97567f1f21db', 'ka-b2b'),
('38ae0f2e-33d1-482f-ad64-e333a53cb190', 'ka-b2b');
