-- Batch 424 (200 records)
INSERT INTO contacts (id, first_name, last_name, email, phone, company, address) VALUES
('75baf687-a600-4487-8529-9d582c6a1f9e', 'Daniela', 'Bueb', 'info@db-beauty.com', '079 340 78 47', 'Studio D.B. Beauty', 'Grendelstrasse 5, 6004 Luzern, Luzern'),
('75c71495-c027-47a8-9dd8-03628002c60d', 'Ingrid', 'Tanno', 'tanno@skin-kosmetik.ch', '079 569 31 89', 'Studio Da Cosmetica Ingrid Tanno', 'Neudorstrasse 24, 7430 Thusis, Graubünden'),
('db7e9ef4-9f30-4de8-9355-3b06418b7a95', 'Daniela', 'Jutzi', 'daju-kosmetik@bluewin.ch', '078 827 91 99', 'Studio DaJu-Kosmetik', 'Dorfstrasse 108, 9055 Bühler, Appenzell Ausserrhoden'),
('1817f517-442b-4177-b6d5-557750a7a765', 'Daniela', 'Lohrer', 'info@danielas-beauty-style.ch', '071 760 00 35', 'Studio Daniela''s Beauty Style', 'Dorfstrasse 5, 9462 Montlingen, St. Gallen'),
('15499e57-9633-43d1-8028-a92105c31f86', 'Daniela', 'De Costanzo', 'dany.kosmetika-nail@gmx.ch', '078 850 98 08', 'Studio Dany Kosmetika & Nail', 'Benizwil 15, 6020 Emmenbrücke, Luzern'),
('a0b769b6-769b-4200-a00f-0927c18291fe', 'Danijela', 'Prvulovic', 'info@danysnails.ch', '078 693 66 02', 'Studio Dany''s Nails & Beauty', 'Oberdorfstrasse 16, 8820 Wädenswil, Zürich'),
('38d77946-b48b-4566-92c1-549940aaa719', 'Carola', 'Held', 'carola.held@cosmeticum.ch', '052 763 17 07', 'Studio Das Cosmeticum', 'Rhiweg 36, 8260 Stein am Rhein, Schaffhausen'),
('75d37d28-b9ab-440e-aa5f-abbcce57320b', 'Doris', 'Burkhalter', 'info@dbcosmetic.ch', '078 770 12 82', 'Studio DBCosmetic', 'Chimligasse 14, 8603 Schwerzenbach, Zürich'),
('a60ad6b0-6755-4204-ab21-20844e345294', 'Alexandra', 'Wanner', 'info@dermocosmetic.ch', '076 415 48 12', 'Studio DC Dermocosmetic', 'Unterdorfstrasse 42, 9524 Zuzwil, St. Gallen'),
('2390a930-ce61-43b4-b05d-854c735f3103', 'Donata', 'Pfisterer', 'info@deeva.ch', '076 434 64 76', 'Studio Deeva Kosmetik Institut', 'Gerbergasse 16, 4051 Basel, Basel-Stadt'),
('766c4de3-5af5-4577-ac44-edd8bdabcbaa', 'Liliane', 'Serrano', 'beauty-soulmoments@outlook.com', '031 556 82 68', 'Studio Dela Beauty GmbH', 'Radarstrasse 1, 3013 Bern, Bern'),
('98a3eb92-d1fe-48cb-ae57-5cc5d3951f0b', 'Denja', 'Salanitri', 'info@kosmetik-denja.ch', '071 278 11 11', 'Studio Denja Salanitri Kosmetik', 'Schmiedgasse 28, 9000 St. Gallen, St. Gallen'),
('50a7179b-f2b1-4ae1-95db-bc9b8500983e', 'Juliane', 'Nguyen', 'info@dermamedical.ch', '041 850 34 03', 'Studio Derma Medical Cosmetic', 'Blumenweg 9, 6405 Immensee, Schwyz'),
('04963a0a-c8f8-437f-9044-a23e8b776710', 'Flavia', 'Krummenacher', 'info@dermabelle.ch', '078 685 00 64', 'Studio Dermabelle Kosmetikpraxis', 'Flecken 24, 6023 Rothenburg, Luzern'),
('fbe5e1e5-268c-438c-8124-e28da65fb358', 'Selina', 'Koller', 'info@dermalinakosmetik.ch', '071 891 60 00', 'Studio Dermalina Kosmetik', 'Kronenwiese 1163, 9427 Wolfhalden, Appenzell Ausserrhoden'),
('e9d9c58c-d972-4430-b0c3-580a92021e39', 'Fabrizia', 'Heinz', 'info@dermasense.ch', '044 361 30 66', 'Studio Dermasense', 'Rotbuchstrasse 66, 8037 Zürich, Zürich'),
('365d3134-ab75-42ba-83c9-44c0a7c43db9', 'Carla', 'Gisin', 'info@dermokosmetik-gisin.com', '079 640 87 15', 'Studio DermoKosmetische Praxis', 'Aumattweg 7, 4460 Gelterkinden, Basel-Land'),
('6a7fbbca-1d39-4161-9734-d78e00f6eb7e', 'Desirée', 'Manganelli', 'info@desiderio-cosmetic.ch', '079 360 00 64', 'Studio Desiderio Cosmetic', 'Cheerstrasse 16, 6014 Luzern, Luzern'),
('81d280e2-809f-4558-9984-db3957fa209a', 'Desiree', 'Saegesser', 'info@desireesaegesser.ch', '078 402 79 93', 'Studio Desiree''s Beauty House & Spa', 'Herrenbergstrasse 2, 8155 Niederhasli, Zürich'),
('61c3bf46-48e5-4972-80fd-8e4369b84e19', 'Diana', 'Grosse', 'info@dg-antiaging.ch', '052 722 44 44', 'Studio DG Anti Aging Institut', 'Thundorferstrasse 25, 8500 Frauenfeld, Thurgau'),
('73015e9e-ffad-4daf-b030-02c071026632', 'Evelina', 'Tedesco', 'info@studio-laperla.ch', '079 256 28 62', 'Studio di bellezza la Perla', 'Kiebitzstrasse 51, 8645 Jona, St. Gallen'),
('03b2e067-8281-4f2b-89bf-3c5919b07cec', 'Wulf', 'Böer', 'info@studiodia.ch', '031 533 03 27', 'Studio Dia GmbH', 'Lorrainestrasse 15b, 3013 Bern, Bern'),
('a777e2cf-c19c-4e72-bcae-6456cc4458eb', 'Evelyne', 'Briganti', 'info@diamantica.ch', '079 458 20 02', 'Studio Diamantica', 'Holzwiesstrasse 1, 8645 Jona, St. Gallen'),
('2df9097f-6791-43d2-b668-02f6241e65ae', 'Ramona', 'Steiner', 'steiner.ramona@gmx.net', '078 817 28 48', 'Studio Diamond by Ramona Steiner', 'Gasterstrasse 81, 8722 Kaltbrunn, St. Gallen'),
('26a2387a-3828-4038-b7bd-558693858b12', 'Phuong', 'Tran', 'info@diamondnails-online.ch', '041 342 04 12', 'Studio Diamond Nails', 'Ringstrasse 19, 6010 Kriens, Luzern'),
('e1b546f9-4cff-432c-8106-ee71ce01e0cb', 'Diana', 'Keusch', 'nagelservice@bluewin.ch', '041 710 62 10', 'Studio Diana''s Nagel Service', 'Neuhausweg 1, 6340 Baar, Zug'),
('a638e16d-9936-4a28-856f-86724d78f934', 'Adriana', 'Dias', 'info@diasmed.ch', '076 434 63 90', 'Studio DiasMed', 'Münstergasse 68, 3011 Bern, Bern'),
('9a677573-b1c1-416e-8754-d99745df9149', 'Doris', 'Felber', 'diosa@bluewin.ch', '079 280 72 44', 'Studio Diosa Make-Up Artist & Color Stylist', 'Fridolinsweg 3, 4226 Breitenbach, Solothurn'),
('cb54030b-b0f3-4bda-968a-3de902ae79d4', 'Teodora', 'Fusaro-Gaeta', 'info@divakosmetik.ch', '079 209 99 54', 'Studio Diva Kosmetik', 'Glärnischstrasse 44a, 9500 Wil 1, St. Gallen'),
('6f6bfc8a-7b1f-46d9-b956-485e05bce1f1', 'Dzevahira', 'Kajtazovic', 'divine@divine-nb.ch', '076 249 19 48', 'Studio Divine Nails & Beauty', 'Bahnhofstrasse 38, 5600 Lenzburg, Aargau'),
('a8194ff8-02d1-4fdf-a702-158d41b30858', 'Sueli', 'Hossle', 'sueli@docarmo.com', '041 511 22 01', 'Studio Docarmo', 'Grabenstrasse 11c, 6340 Baar, Zug'),
('553e2f8e-5676-4706-8dba-c429e4cbbed0', 'Katia', 'Altieri-Petti', 'katia.altieri@dolceambiente.ch', '079 653 64 73', 'Studio Dolce Ambiente Cosmetic & Nails', 'Saumstrasse 29, 8625 Gossau, Zürich'),
('234b8c2b-ec85-4f91-92d7-ce679c3604bc', 'Susanna', 'Amoruso', 'info@dolcevita-beauty.ch', '079 250 42 79', 'Studio DolceVita Beauty', 'Gewerbepark Bata 1, 4313 Möhlin, Aargau'),
('d92f5dc5-98b8-4c8d-95ca-09f6dbc796f5', 'Dragiza', 'Donauer', 'info@kosmetik-donauer.ch', '041 755 27 16', 'Studio Donauer Kosmetik', 'Gutschstrasse 18, 6313 Menzingen, Zug'),
('cf52b767-aab1-4bf7-8d21-8607963d7128', 'Doris', 'Eberli', 'info@doris-eberli-kosmetik.ch', '078 722 00 79', 'Studio Doris Eberli Kosmetik', 'Waldeggstrasse 42, 9100 Herisau, Appenzell Ausserrhoden'),
('2f4f6245-8480-4336-83f0-627f925205ad', 'Agnes', 'Kneubühler', 'info@hauschka-thun.ch', '076 450 19 60', 'Studio Dr. Hauschka Kosmetik Thun Agnes Kneubühler', 'Seestrasse 31, 3600 Thun, Bern'),
('de171787-69ea-4307-88b9-b8ed9151761a', 'Daniela', 'Nogueira', 'daniela.dreambeauty@outlook.com', 'N.a.', 'Studio Dream Beauty Company GmbH', 'Gibelinstrasse 10, 4500 Solothurn, Solothurn'),
('a2a5b2df-fa2d-4de4-945e-2d0b7555e914', 'Fabienne', 'Steinemann', 'dl-cosmetics@hotmail.com', '077 455 26 50', 'Studio Dream Lounge Cosmetics', 'Mühlegasse 5, 8353 Elgg, Zürich'),
('e48eae90-2908-42ab-9e11-a578d4010731', 'Patricia', 'Hasler', 'info@dream-of-beauty.ch', '041 780 30 80', 'Studio Dream of Beauty', 'Knonauerstrasse 7, 6330 Cham, Zug'),
('e640eb49-f738-463b-a456-72470ef3b689', 'Corinne', 'Aebi Petscher', 'aebi@dream-of-life.ch', '031 832 01 88', 'Studio Dream of Life', 'Kreuzgasse 13, 3076 Worb, Bern'),
('e292982c-188e-4b58-b87d-705acb0ede2a', 'Dora', 'Soltermann', 'info@dskosmetik.ch', '076 325 93 65', 'Studio DS Kosmetik & Haarentfernungszentrum', 'Bahnhofstrasse 13, 3312 Fraubrunnen, Bern'),
('e5387a6a-7756-4796-afef-3ad3e6ec13df', 'Dunja', 'Dalsasso', 'dunja.dalsasso@gmail.com', '079 445 10 66', 'Studio Dunja Kosmetik', 'Auf dem Damm 17, 9000 St. Gallen, St. Gallen'),
('40e7810f-5511-43a7-b4c3-101cff0978d3', 'Ana', 'Fernandes', 'dvinakosmetik@gmail.com', '044 554 18 44', 'Studio Dvina Kosmetik', 'Seebahnstrasse 105, 8003 Zürich, Zürich'),
('e62f1b05-3c9c-4cd4-9691-274248d1a37a', 'Dominique', 'Jost', 'eala-cosmetics@bluewin.ch', '079 294 79 47', 'Studio EALA Cosmetics', 'Rainackerstrasse 1, 4562 Biberist, Solothurn'),
('5eb31d5b-6002-44d6-b080-670c8f7285a3', 'Ebi', 'Renner', 'kosmetik@ebirenner.ch', '071 446 96 19', 'Studio Ebi Renner Kosmetik', 'Rebenstrasse 33, 9320 Arbon, Thurgau'),
('fc635766-94f3-4ee1-960c-2de2d8b82949', 'Sereina', 'Degiacomi', 'natur@kosmetikechtschoen.ch', '079 359 29 64', 'Studio Echtschön Kosmetik', 'Campogna 29, 7402 Bonaduz, Graubünden'),
('f59a8c6f-6925-44d5-802e-bced36147944', 'Edith', 'Graber', 'info@kosmetik-graber.ch', '062 295 36 86', 'Studio Edith Graber Kosmetik', 'Im Schäfer 34, 4657 Dulliken, Solothurn'),
('3058d5d9-e7f7-4b5d-8221-e456949823ca', 'Nicole', 'Köchli', 'info@effect-cosmetic.ch', '055 511 22 52', 'Studio Effect-Cosmetic', 'Untere Bahnhofstrasse 26, 8640 Rapperswil, St. Gallen'),
('47e90cd3-cc74-464b-9b46-f23a825a498b', 'Elvira', 'Robens', 'el-beauty@gmx.ch', '052 681 18 93', 'Studio El Beauty', 'Bahnhofstrasse 2, 8215 Hallau, Schaffhausen'),
('873dcdf3-c361-46f8-8c77-2866670ad80b', 'Franziska', 'Lanzarone', 'kontakt@elasch.ch', '076 392 48 06', 'Studio Elasch', 'Schwarzenburgstrasse 800, 3145 Niederscherli, Bern'),
('204cd712-1aec-40b1-b041-dd887c8735e8', 'Gisela', 'Rohner', 'info@welldance.ch', '079 685 77 37', 'Studio ELEA Kosmetik & Dance', 'Lätternweg 22, 3052 Zollikofen, Bern'),
('e4a115fc-2cca-4ebe-9720-db8e38c8d797', 'Elif', 'Bozkurt', 'info@eleavesbeauty.ch', '076 514 11 50', 'Studio Eleaves Beauty Salon', 'Mühlegasse 8b, 4105 Biel-Benken, Basel-Land'),
('cd5243a6-29e7-4e79-8586-c6dcece9bd58', 'Monika', 'Heinrich', 'monika@elemen4s.ch', '076 327 03 73', 'Studio Elemen4s', 'Rosenbergstrasse 52b, 8304 Wallisellen, Zürich'),
('8d502e6b-c677-4f77-ac19-87daa104b271', 'Eliska', 'Polácková', 'eli@elis-lounge.ch', '076 707 25 33', 'Studio Eli''s Beauty Lounge', 'Zürcherstrasse 332, 8500 Frauenfeld, Thurgau'),
('46c78450-14be-4cd9-9041-3d31791baf10', 'Elisabeth', 'Oberle', 'elisabeth.oberle@bluewin.ch', '071 891 55 77', 'Studio ELISOM', 'Weidstrasse 4a, 9410 Heiden, Appenzell Ausserrhoden'),
('0c0f2fe8-1e75-420a-bcfd-50fabdcc043a', 'Morena', 'Waller', 'morena@waller.ch', '079 615 95 08', 'Studio Elle & Lui Kosmetik Morena Waller', 'Ronystrasse 12c, 6331 Hünenberg, Zug'),
('53f497f2-44e7-4edd-869d-92d869d6d6f5', 'Susanne', 'Cacioppo', 'info@elle-kosmetik.ch', '062 752 26 66', 'Studio Elle Institut für Kosmetik', 'Gerbergasse 19, 4800 Zofingen, Aargau'),
('4d016aea-104d-4a5a-aae0-bfd81de32965', 'Magdalena', 'Elmer', 'mail@elma-cosmetic.ch', '079 408 22 51', 'Studio Elma Cosmetic', 'Bruggwaldstrasse 39g, 9008 St. Gallen, St. Gallen'),
('dd83a918-9260-4a19-99c7-e9fd8c3f1de4', 'Elsbeth', 'Stucki', 'info@es-cosmetics.ch', '079 336 27 69', 'Studio Elsbeth Stucki Cosmetics', 'Untere Rebrainstrasse 2a, 9213 Hauptwil, Thurgau'),
('cd4f2be2-4da0-4016-8990-5691fc4405e7', 'Elvira', 'Raimondi', 'info@erkosmetik.ch', '071 888 08 28', 'Studio Elvira Raimondi Kosmetik', 'Oberfeld 1, 9425 Thal, St. Gallen'),
('380643e2-dfa7-465f-8f28-768be862080b', 'Elvita', 'Hartmann', 'info@elvita.ch', '078 923 30 65', 'Studio Elvita Fusspflege & Wellness', 'Seestrasse 53, 6052 Hergiswil, Nidwalden'),
('f45728df-6014-4660-81fa-54737e03ecfe', 'Esther', 'Klos', 'info@kosmetik-uster.ch', '079 273 19 68', 'Studio EM Cosmetics Uster', 'Brunnenstrasse 21, 8610 Uster, Zürich'),
('506093a7-6d2c-45a3-a1f2-86919c7ae48c', 'Emmanuel', 'Mazzeo', 'info@studioemmanuelmazzeo.com', 'N.a.', 'Studio Emmanuel Mazzeo', 'Totengässlein 9, 4051 Basel, Basel-Stadt'),
('75432a4e-ab65-4e3d-825f-724948894fff', 'Zsuzsanna', 'Surányiné Péri', 'info@epheliabeauty.com', '078 402 85 71', 'Studio Ephelia Beauty', 'Obstgartenstrasse 15, 8302 Kloten, Zürich'),
('e6166dca-3dec-45c3-b541-ed4289ff3ec1', 'Kathrin', 'Grimm', 'ka.grimm@bluewin.ch', '032 384 89 59', 'Studio Equilibre Kosmetik', 'Bielstrasse 14, 3250 Lyss, Bern'),
('c7057369-affd-4da7-a6ae-3acc6410345e', 'Lisbeth', 'Nussbaumer', 'info@erholung-pur.ch', '041 711 18 27', 'Studio Erholung Pur', 'Moosbachweg 3, 6300 Zug, Zug'),
('5fa1d0a1-9149-4523-8e77-c6985cb0d62a', 'Erika', 'Guter', 'erika@guter.ch', '078 728 48 88', 'Studio Erika Guter Fusspflege', 'Bahnhofstrasse 7, 6403 Küssnacht am Rigi, Schwyz'),
('6a7c81ec-04ea-4bce-9d37-d8d749ab0b5d', 'Anna', 'Stragapede', 'estetica.anna@outlook.com', '079 752 97 69', 'Studio Estetica Anna', 'Wässeristrasse 25, 8340 Hinwil, Zürich'),
('e841d988-cc44-4fc6-93bc-c9081c2e5751', 'Lina Lucia', 'Sabato', 'info@esteticakosmetik.ch', '071 222 32 62', 'Studio Estetica Kosmetik', 'Hechtackerstrasse 12a, 9014 St. Gallen, St. Gallen'),
('d48cf8d1-d1a5-4263-9080-6ad747f28544', 'Petra', 'Bearth-Maissen', 'mail@estetica-petra.ch', '081 936 30 80', 'Studio Estetica Petra', 'Via Caho 15, 7172 Rabius, Graubünden'),
('163088b8-b83d-477b-9473-c8b1c42daef2', 'Esther', 'Buob', 'info@estherbeautyart.ch', '079 636 29 22', 'Studio Esther Beauty Art', 'Schulhausstrasse 27, 8600 Dübendorf, Zürich'),
('2beaff13-cba8-4b8e-a0e7-c7bbb4703459', 'Esther', 'Studer Häberli', 'esther.kosmetik@bluewin.ch', '031 961 57 67', 'Studio Esther Kosmetik & Fusspflege Praxis', 'Belpstrasse 12, 3122 Kehrsatz, Bern'),
('5cdc8675-78ca-4a05-b47f-3f46cdd511c4', 'Murielle', 'Bamert', 'murielle.bamert@bluewin.ch', '071 733 29 58', 'Studio Esthetic and Beauty', 'Hohenemserstrasse 26, 9444 Diepoldsau, St. Gallen'),
('2a41eb5e-9e11-47c2-a829-1feb8c90edba', 'Elke', 'Kind', 'info@studio-esthetic.ch', '079 304 77 91', 'Studio Esthetic Gerlafingen', 'Hauptstrasse 1, 4563 Gerlafingen, Solothurn'),
('e722c640-cd3f-4c5d-b66d-08759a4145eb', 'Vita', 'Birrer', 'esthetic-nail@bluewin.ch', '079 644 83 88', 'Studio Esthetic Nail', 'Hofmatt 80, 6332 Hagendorn, Zug'),
('7f810afd-693d-4124-9e77-52defc823874', 'Monique', 'Roth', 'monique@estilomonique.ch', '079 648 17 15', 'Studio Estilo Monique Roth', 'Linggenhalde 3, 6275 Ballwil, Luzern'),
('bd674394-c6b4-4746-bc02-ce0437a6888c', 'Marianne', 'Steiner', 'marianne.steiner@sunrise.ch', '061 781 40 40', 'Studio Etna Kosmetikstudio', 'Neumattstrasse 29, 4226 Breitenbach, Solothurn'),
('01b8e1a8-7b9a-477e-9ce9-cae9265308f1', 'Eva Maria', 'Rüegg', 'info@schoenheit.li', '078 936 20 92', 'Studio Eva Maria Rüegg Kosmetik & Fusspflege', 'Bergstrasse 17, 9436 Balgach, St. Gallen'),
('dbf3373b-5e6e-44d4-9064-964f7bd67fd6', 'Evelyne', 'Santi-Marik', 'evelyne@healthandbeauty.ch', '044 383 08 80', 'Studio Evelyne Health & Beauty', 'Zollikerstrasse 16, 8008 Zürich, Zürich'),
('36ab081c-cb49-420c-9047-c27559f378bc', 'Evelyne', 'Borer', 'info@e-vital.ch', '061 741 23 58', 'Studio E-vital', 'Im Latschget 372, 4204 Himmelried, Solothurn'),
('3a9353eb-b3d5-4569-aa61-e6fe5b53aa16', 'Ewa', 'Sorgen', 'ewa.sorgen@hotmail.com', '076 307 74 26', 'Studio Ewa Kosmetik Uster', 'Zimikerstrasse 1, 8610 Uster, Zürich'),
('952a51d3-4461-40d6-951e-64f69b007dfe', 'Erika', 'Welten-Lüscher', 'info@ew-cosmetics.ch', '076 392 38 63', 'Studio EW-Cosmetics', 'Technikumstrasse 14, 6048 Horw, Luzern'),
('0660c16f-0cec-490f-8d18-3b1e9dcd3ce6', 'Shpresa', 'Sheholli', 'info@excellence-cosmetics.ch', '079 265 31 84', 'Studio Excellence Medical Cosmetics GmbH', 'Centro 8, 8754 Netstal, Glarus'),
('dad5b214-f7e3-47cb-8be3-35c69d52faaf', 'Susanne', 'Schurter', 'info@exentiacosmetic.ch', '052 508 02 44', 'Studio Exentia Cosmetic', 'Brunngasse 13, 8248 Uhwiesen, Zürich'),
('62dd7eb7-63fa-4b24-b437-a466841c7c73', 'Brigitte', 'Pertl-Birchler', 'brigitte@pertl.ch', '076 322 16 89', 'Studio Eyes Art', 'Kobiboden 57, 8840 Einsiedeln, Schwyz'),
('1413a0ca-aa31-4471-a648-d795bcb9bfc0', 'Fabiana', 'Gaetani', 'info@fabiana-kosmetik.ch', '079 280 59 83', 'Studio Fabiana Kosmetik', 'Luzernerstrasse 2, 8903 Birmensdorf, Zürich'),
('7fd6ca84-083d-4680-8b84-4adc5d6909f7', 'Astrid', 'Aschwanden', 'info@faboca.ch', '079 642 11 32', 'Studio FABOCA - holistic beauty & well being', 'Dorfstrasse 4, 8834 Schindellegi, Schwyz'),
('e9a5f1e7-fb3c-4ddc-ad73-a9397e46f8e5', 'Maria', 'Strazza', 'faceandbodycare@bluewin.ch', '044 837 23 79', 'Studio Face & Body Care', 'Lindauerstrasse 5, 8309 Nürensdorf, Zürich'),
('42d51442-33ac-4582-8c96-72a4270e2e52', 'Maria', 'Niederberger', 'm.maria@bluewin.ch', '079 931 83 33', 'Studio Face & Body Cosmetic', 'Flecken 19, 6023 Rothenburg, Luzern'),
('6ec40f41-aec2-474c-89a5-8f4c5f62708d', 'Manuela', 'Hubacher', 'faceandbodytime@quickline.ch', '079 766 45 22', 'Studio Face & Body Time', 'Langenthalstrasse 62, 4912 Aarwangen, Bern'),
('62c64837-296d-4dfc-9c0e-d344c86712e6', 'Olivia', 'Feuerstein', 'info@face-bodycontouring.ch', '041 711 54 30', 'Studio Face & Bodycontouring GmbH', 'St. Oswalds-Gasse 1, 6300 Zug, Zug'),
('bfdc4553-05f6-4c89-9c01-f4831dde360d', 'Sandra', 'Bucher', 'info@face-and-more.ch', '041 530 23 70', 'Studio Face & More', 'Mugerenmatt 24, 6330 Cham, Zug'),
('620989ce-f37a-4c29-b520-977a9d5209d3', 'Sandra', 'Bärtsch', 'info@face-in.ch', '055 610 32 41', 'Studio Face In', 'Poststrasse 14, 8868 Oberurnen, Glarus'),
('9217542d-b735-4cc6-867f-da15f5adf860', 'Katalin', 'Pfister', 'info@facetune.ch', '079 469 35 47', 'Studio Face Tune Permanent Make Up & Entfernung', 'Schlossmattstrasse 2, 3600 Thun, Bern'),
('a8156600-f8b4-4aed-a59b-9cbe79209fad', 'Crista', 'Degonda', 'info@facella-cosmetica.ch', '078 670 92 99', 'Studio Facella', 'Rudi Dado 1, 7018 Flims Waldhaus, Graubünden'),
('8d137801-72c1-4757-9cd7-b519a53e6444', 'Nadine', 'Farkas', 'info@facelounge.ch', '052 520 75 95', 'Studio Facelounge/ Dr. Farkas GmbH', 'Islikonerstrasse 9, 8547 Gachnang, Thurgau'),
('cbab516d-0c61-4c1f-833e-0236f9b2e547', 'Renata', 'Tresch', 'info@fachkosmetik-renatatresch.ch', '079 130 01 77', 'Studio Fachkosmetik Renata Tresch', 'Wagnerweg 8, 8810 Horgen, Zürich'),
('87a21c28-03f3-4bc5-b656-f64687873654', 'Natascha', 'Hefti', 'info@facial-care.ch', '044 726 90 72', 'Studio Facialcare', 'Dorfstrasse 16, 8800 Thalwil, Zürich'),
('42c94c80-767c-4b46-b18a-ec6c6388e9ac', 'Sonja', 'Grünenfelder', 'info@farfallina-kosmetik.ch', '076 437 49 74', 'Studio Farfallina Kosmetik', 'Zürcherstrasse 146, 8500 Frauenfeld, Thurgau'),
('2e0d44ec-357d-4f0a-a34e-effa01c4c0ca', 'Anna', 'Ballacchino', 'info@fashion-nails-beauty.ch', '078 637 58 26', 'Studio Fashion Nails & Beauty Anna Ballacchino', 'Lagerhausstrasse 1, 4500 Solothurn, Solothurn'),
('3aa8be87-9257-4ee3-8098-1d65e89d48ea', 'Stephanie Fabia', 'Zutt', 'welcome@studiofayo.com', '041 520 66 26', 'STUDIO FAYO', 'Rösslimatte 41, 6005 Luzern, Luzern'),
('3fac3a6e-e7d2-4d08-8188-1f79de2f5688', 'Arezoo', 'Akmali-Rostami', 'arezooakmali@gmail.com', '076 558 58 35', 'Studio Feel Alive', 'Zürcherstrasse 20, 9000 St. Gallen, St. Gallen'),
('d558e179-653d-4b97-b9ac-efd26d2fb7f7', 'Fia', 'Tuor', 'fia@f-i-a.ch', '079 933 00 90', 'Studio Feel Intelligent Aesthetic GmbH', 'Majoranplatz 2, 7000 Chur, Graubünden'),
('3c6befb7-4953-4755-b9e7-4f92ef0c2a1f', 'Sonja', 'Feierabend', 'sonja@feierabend-kosmetik.ch', '079 432 28 57', 'Studio Feierabend Kosmetik', 'Tannholzweg 1, 6260 Reiden, Luzern'),
('ed3daa1b-aede-40e5-a86d-a66464f1d406', 'Giuseppina', 'Mescuso', 'info@firstclassbeauty.ch', '079 417 19 57', 'Studio First Class Beauty', 'Seestrasse 116, 8266 Steckborn, Thurgau'),
('3f02d700-f215-4337-be94-e45ce0cc524e', 'Janine', 'Dick', 'fit@janine-dick.ch', '078 660 12 45', 'Studio fitmit Dick', 'Schmiedgasse 26, 8604 Volketswil, Zürich'),
('6a16d264-d440-4176-9546-cf3b309f4a74', 'Katia', 'Delia', 'info@flamboyant-beautycenter.ch', '044 241 15 01', 'Studio Flamboyant Beautycenter', 'Zugerstrasse 24, 8820 Wädenswil, Zürich'),
('6188b98d-0d81-4171-8444-c48e3c93f6ac', 'Evelyn', 'Schmucki', 'info@flawlessbeautyandspa.com', '031 932 37 18', 'Studio Flawless Beauty & Spa', 'Viktoriastrasse 86, 3013 Bern, Bern'),
('897e0fa7-543a-4e65-a5df-1b300056583d', 'Simone', 'Hochörtler-Ziegler', 'info@floating-massage-murg.ch', '078 718 65 05', 'Studio Floating Massage Murg', 'Alte Spinnerei 16, 8877 Murg, St. Gallen'),
('fd517b2d-ed84-4365-8c85-d278a2f72b99', 'Monika', 'Manetsch', 'info@flottefeile.ch', '071 695 14 60', 'Studio Flotte Feile', 'Hauptstrasse 92, 8280 Kreuzlingen, Thurgau'),
('78bd0ab1-8feb-49d5-b20a-30688e92f48c', 'Ana Paula', 'Lässer', 'fontesvitaiskosmetik@hispeed.ch', '043 535 62 02', 'Studio Fontes Vitais Kosmetik', 'Schlyffistrasse 5, 8806 Bäch, Schwyz'),
('72d8bb07-a1ca-4b31-b7a9-41a5d5e20284', 'Fränzi', 'Bühler', 'info@fraenzi-kosmetik.ch', '079 378 37 69', 'Studio Fränzi''s Kosmetik-Oase', 'Glärnischstrasse 19, 8102 Oberengstringen, Zürich'),
('d09c97a5-d7d3-4999-a890-f3d8ebd4a65b', 'Claudia', 'Matthias', 'info@freiraum-diepoldsau.ch', '076 373 35 92', 'Studio freiRAUM', 'Rheinstrasse 6, 9444 Diepoldsau, St. Gallen'),
('7d25ec05-1251-466b-b4a5-2cfe5fa04691', 'Cristina', 'Dolo', 'kontakt@freshlineart.com', '076 250 07 83', 'Studio Fresh Line Art', 'Hauptstrasse 10, 8280 Kreuzlingen, Thurgau'),
('45ae50ef-cc8a-46fe-bbe4-c7f6282d5135', 'Corinne', 'Aemisegger', 'fresh-up@bluewin.ch', '079 326 07 90', 'Studio Fresh Up Kosmetik', 'Grundsteinweg 5, 8800 Thalwil, Zürich'),
('e31fe4fb-e5c4-4647-8c5f-87691ee9464c', 'Gian', 'Frey', 'sayhi@studio-frey.com', '044 380 08 04', 'Studio Frey AG', 'Forchstrasse 234, 8032 Zürich, Zürich'),
('7856c65a-f84d-4f33-828d-61861bcb9211', 'Maren', 'König', 'info@kosmetik-koenig.ch', '061 311 66 40', 'Studio für Kosmetik & Hautpflege', 'Schulstrasse 12, 4127 Birsfelden, Basel-Land'),
('98bd939d-e431-4fe8-ac4e-09db631fb080', 'Claudia', 'Köppel', 'claudia.koeppel@bluewin.ch', '079 480 35 33', 'Studio Fusspflege & Beauty Claudia', 'Fahrweg 25, 9443 Widnau, St. Gallen'),
('6e7d553a-fc3f-4e2e-9d81-d0e670760f33', 'Margrith', 'Spiess', 'margrith@margrithspiess.ch', '041 440 64 76', 'Studio Fusspflege & Kosmetik für Sie & Ihn', 'Schlösslistrasse 22a, 6030 Ebikon, Luzern'),
('6a1f5cbe-5a8e-403b-ba7b-91619197442c', 'Karin', 'Huser', 'fusspflege-karin@gmx.ch', '079 481 44 97', 'Studio Fusspflege Karin', 'Abläschstrasse 44, 8750 Glarus, Glarus'),
('62636294-9ad8-455b-9327-3a8d12ad4121', 'Petra', 'Gross', 'fusspflege.petragross@gmail.com', '078 834 27 35', 'Studio Fusspflege Petra Gross', 'Gerbergasse 3, 9220 Bischofszell, Thurgau'),
('ab45f41a-fe6f-458e-8929-327abd29ed80', 'Monika', 'Bösiger', 'info@fusspflege-solothurn.ch', '079 548 75 80', 'Studio Fusspflege Solothurn', 'Bielstrasse 15, 4500 Solothurn, Solothurn'),
('6e7e240e-4450-43a0-9ca6-9c9df0a19b99', 'Gabriela', 'Henggi', 'info@kosmetikhenggi.ch', '033 438 27 03', 'Studio Gabriela Henggi', 'Eichfeldstrasse 5b, 3612 Steffisburg, Bern'),
('1e587103-a2a4-4a5e-b62e-aa6909e60e99', 'Gabriela', 'Rieger', 'beauty-rieger@bluewin.ch', '071 223 23 01', 'Studio Gabriela Rieger Beauty & Body', 'Heimatstrasse 8, 9008 St. Gallen, St. Gallen'),
('29fae5db-1da2-44be-9843-a4516ad4f9c1', 'Stefanie', 'Schenk', 'info@natur-kosmetik-institut.ch', '079 303 26 00', 'Studio Ganzheitliche Kosmetik', 'Klosbachstrasse 116, 8032 Zürich, Zürich'),
('fb62a0a7-9246-4007-8871-2583c75b7912', 'Maria Teresa', 'Ebri', 'info@garibay.ch', '061 312 11 10', 'Studio Garibay Beauty Wellness', 'Freie Strasse 51, 4051 Basel, Basel-Stadt'),
('e99e4caa-f8bf-417f-9748-392acb9b855b', 'Susanne', 'Probst', 'info@gesunde-fuesse-mobil.ch', '076 690 45 45', 'Studio Gesunde Füsse', 'Kirchgasse 4, 8248 Uhwiesen, Zürich'),
('49c40137-80ee-4437-baf9-5a5233913a17', 'Elena', 'Bouvier', 'info@massagen-bouvier.ch', '079 505 11 00', 'Studio Gesundheitsmassagen & Kosmetik', 'Bahnhofstrasse 1a, 5034 Suhr, Aargau'),
('ffc39475-ed46-42e4-8834-81b9195c6ef2', 'Sarita', 'Brehm', 'getwellshop@gmail.com', '076 336 36 71', 'Studio Getwell Shop', 'Bärengasse 1, 8750 Glarus, Glarus'),
('2bf2cd21-2c34-4ec2-a9c7-6720cdaee4a2', 'Daniela', 'Gilio', 'info@gilionails.ch', '076 566 81 15', 'Studio Gilio Nails by Ryf Coiffure', 'Wehntalerstrasse 28, 8057 Zürich, Zürich'),
('417d593f-4a99-47c2-89d4-5e2f597848b8', 'Sandra', 'Gilli-Becker', 'sandra@gillikosmetik.ch', '079 311 35 30', 'Studio Gilli Kosmetik', 'Schachenstrasse 38, 6010 Kriens, Luzern'),
('bbc4bfd8-7048-4141-9be7-52c0a657be1a', 'Gladys', 'Mariani', 'info@gladysbalancetherapie.ch', '079 914 77 98', 'Studio Gladys Balance-Therapie', 'Bahnweg 133, 8706 Meilen, Zürich'),
('af08c311-d8d7-41ba-aed8-ba23e1ea60ba', 'Bibiana', 'Testón', 'info@glamour-beauty.ch', '076 372 65 78', 'Studio Glamor Beauty', 'Lindenmatt 11, 6343 Rotkreuz, Zug'),
('217c1e57-af44-4c34-ab60-8ce131cd4868', 'Sheila', 'Calabrese', 'sheila@glamourandbenessere.ch', '079 341 85 95', 'Studio Glamour & Benessere', 'Wuhrgasse 12, 4900 Langenthal, Bern'),
('1908263c-f232-4422-83b6-047b3b1e3120', 'Vesna', 'Balaban', 'info@glamournails.ch', '078 770 13 33', 'Studio Glamour Nails', 'Zugerstrasse 56, 8820 Wädenswil, Zürich'),
('44aad9b5-3ac6-40ea-ade2-22d63144d1b0', 'Corinne', 'Glaser', 'info@glaser-kosmetik.ch', '061 923 30 38', 'Studio Glaser Kosmetik', 'Fischmarkt 6, 4410 Liestal, Basel-Land'),
('d0f65183-b268-4edd-8fa5-0b2d16a7a5e5', 'Nathalie', 'Bischofberger-Pardo', 'nathalie.pardo@glattundentspannt.ch', '076 389 72 14', 'Studio Glatt und Entspannt', 'Frauenfelderstrasse 22, 8555 Müllheim Dorf, Thurgau'),
('96eed83c-dbf6-4d3f-835f-121ba48ee21d', 'Narcisa', 'Comparato', 'info@glidei.ch', '062 724 16 48', 'Studio Gli Die Cosmetic & Nail', 'Im Grund 12, 5722 Gränichen, Aargau'),
('81515f98-bc51-4bf0-931a-583e10eef4a7', 'Natalie', 'Wyss', 'glow.cosmeticnatalie@gmail.com', '078 631 13 49', 'Studio Glow Cosmetic Natalie', 'Solothurnstrasse 6, 4573 Lohn-Ammannsegg, Solothurn'),
('a8c517dd-8d68-4204-bfbb-f5c445ee3624', 'Petra', 'Krebser', 'info@glowskin.ch', '079 608 89 05', 'Studio GlowSkin.ch', 'Luzernerstrasse 2, 8903 Birmensdorf, Zürich'),
('58a5919e-13a9-4cc3-9561-014bc3685bdb', 'Jenny T.', 'Tang', 'tang@go2nails.ch', '079 877 75 65', 'Studio Go2nails Beauty Lounge', 'Föhneneichstrasse 5, 6440 Brunnen, Schwyz'),
('7dab1153-dbd1-484d-af69-2a9899484baa', 'Corinne', 'Wälti', 'info@greenbeauty.ch', '076 320 05 34', 'Studio Green Beauty', 'Lavaterstrasse 62, 4127 Birsfelden, Basel-Land'),
('8bd2b947-458d-49fc-8804-104054883bb8', 'Gwen', 'Gullotta', 'gwengullotta@outlook.com', '076 346 04 10', 'Studio Gwen Kosmetik', 'Staffelstrasse 35, 5430 Wettingen, Aargau'),
('232d136a-f3bc-4a1a-aaa5-1f86bcef7436', 'Julia', 'Griesemer', 'info@haarundstil.ch', '071 690 01 81', 'Studio Haar und Stil', 'Bildstrasse 3, 8594 Güttingen, Thurgau'),
('ff747ac5-3e06-414e-8a02-fa36bf1943bb', 'Alice', 'Müller', 'info@haarfrei-chur.ch', '076 302 30 29', 'Studio Haarfrei-Chur', 'Alexanderstrasse 38, 7000 Chur, Graubünden'),
('b4a95841-3bcc-40ba-8fc2-18c1103c8e9c', 'Vjola', 'Salamone', 'vjolasalamone@hotmail.com', '076 398 61 73', 'Studio Hair & Make Up Artist Vjola', 'Bodelenweg 21, 3172 Niederwangen b. Bern, Bern'),
('e804cbb1-d9ad-4b28-a3de-a2f18e051525', 'Claudia', 'Wieland', 'info@hairlesszone.ch', '079 369 69 22', 'Studio Hairless Zone', 'Churerstrasse 158, 8808 Pfäffikon, Schwyz'),
('0760f1df-ed8a-4831-a79b-0185358e556f', 'Nuno', 'Silva', 'info@studiohammer.ch', '078 624 34 89', 'Studio Hammer GmbH', 'Feldbergstrasse 76, 4057 Basel, Basel-Stadt'),
('600556e8-c19e-40f9-bd88-062b01742f1a', 'Brigitte', 'Brunner', 'brigitte.brunner@hanra.ch', '055 410 83 55', 'Studio Hanra Institut für Haarentfernung', 'Etzelstrasse 73, 8808 Pfäffikon, Schwyz'),
('df1141a3-455b-4f27-aa05-15dc2a9a942a', 'Heidi', 'Hostettler', 'info@happyface.ch', '079 255 70 05', 'Studio Happy Face', 'Brühlstrasse 10a, 4416 Bubendorf, Basel-Land'),
('d07a74c8-5894-4280-9d36-9ce77b462f6b', 'Ursula', 'Eismann', 'info@harmonia-eismann.ch', '076 320 88 41', 'Studio Harmonia', 'Kurzfeldweg 6, 4563 Gerlafingen, Solothurn'),
('13885d79-d1ef-46bc-b200-9c009c4bfeb7', 'Patricia', 'Odermatt', 'patricia@hautundherz.ch', '041 280 66 77', 'Studio Haut und Herz', 'Zumhof-Terrasse 1, 6010 Kriens, Luzern'),
('d341eb5e-72d4-49bd-b5f2-13cd51a8b297', 'Elke', 'Mayer-Hünermann', 'info@hautfein.ch', '076 383 29 63', 'Studio Hautfein Kosmetik & Fusspflege', 'Fröschacker 19, 4312 Magden, Aargau'),
('40d924cf-e435-424a-b2df-fcaa25f742b3', 'Barbara', 'Oberholzer', 'info@hautnahkosmetik.ch', '041 511 50 58', 'Studio Hautnah Kosmetik für Sie und Ihn', 'Unter Altstadt 21, 6300 Zug, Zug'),
('c5c48d1f-2d44-44e1-ae51-a98bb2f19913', 'Esther', 'Riedener', 'hautoutfit@bluewin.ch', '079 641 24 22', 'Studio Hautoutfit Kosmetik & Farb- und Stilberatung', 'Roggenstrasse 3, 9445 Rebstein, St. Gallen'),
('4237f76b-666d-4a46-9a5a-52bebdabaa9a', 'Madeleine', 'Wallimann', 'madeleine.wallimann@hautsache-kosmetik.ch', '041 979 15 07', 'Studio Hautsache-Kosmetik', 'Pfrungstrasse 16, 6133 Hergiswil b. Willisau, Luzern'),
('0d28a010-12fe-4ee2-9801-df070a53beeb', 'Irena', 'Flückiger', 'info@kosmetik-new-balance.ch', '062 721 45 44', 'Studio Haut-Werk Kosmetik im Schlosspark', 'Dorfstrasse 3, 5040 Schöftland, Aargau'),
('d980df6f-030b-4764-82cc-7e41fdf5c35c', 'Heidi', 'Wild', 'info@kosmetik-heidiwild.ch', '071 422 59 60', 'Studio Heidi Wild Kosmetik', 'Abt Bedastrasse 63, 9245 Sonnental, St. Gallen'),
('75ae8409-0677-4eda-8f43-b84daa186099', 'Heike', 'Weber', 'hw@heikeweber.ch', '052 682 15 03', 'Studio Heikes Fusspflegepraxis & Kosmetik', 'Höhenackerweg 1, 8222 Beringen, Schaffhausen'),
('d2cdfff4-0db1-49db-a326-ef06db35f4d0', 'Helen', 'Preite', 'info@helenpreite.ch', '078 679 51 89', 'Studio Helen Preite', 'Feldstrasse 10, 9442 Berneck, St. Gallen'),
('4aeee11b-524e-4ea2-a47f-ac3de264dfa1', 'Helena', 'Odermatt', 'helena.odermatt@bluewin.ch', '041 620 50 84', 'Studio Helena Odermatt', 'Haus am Dorfpark, 6374 Buochs, Nidwalden'),
('04cb9610-396d-40cd-bcad-65410b52c69b', 'Patricia', 'Heller', 'info@hellerkosmetik.ch', '052 761 33 33', 'Studio Heller Kosmetik GmbH', 'Im Obertor 4, 8266 Steckborn, Thurgau'),
('55a005bc-4a24-4b29-9641-59852e6ba87e', 'Lisa', 'Büttel', 'info@heybeauty.ch', '079 175 12 17', 'Studio Hey Beauty', 'Baarerstrasse 71, 6300 Zug, Zug'),
('58dd5ec7-3b1a-41c0-a34e-9e8e924c0ccb', 'Karin', 'Langenegger-Häfliger', 'info@highcosmetic.ch', '044 545 59 50', 'Studio HighCosmetic', 'Neue Jonastrasse 61, 8640 Rapperswil, St. Gallen'),
('dce7f74b-dd59-4b00-8435-b82792bd39a1', 'Martina', 'Hermann', 'm.hermann@hm-cosmetic.ch', '041 781 34 38', 'Studio HM Cosmetic', 'Chämletenweg 11b, 6333 Hünenberg See, Zug'),
('a0f3f332-248e-4d32-b88d-95eb92923363', 'Esra', 'Sagirosman', 'info@holistic-beauty.ch', '071 222 24 47', 'Studio Holisticbeauty', 'Rosenbergstrasse 10, 9000 St. Gallen, St. Gallen'),
('a3769547-787b-4db2-95cf-3f1e4be62014', 'Karin', 'Seibt-Jerg', 'kosmetik-houseofbeauty@bluewin.ch', '061 811 33 80', 'Studio House of Beauty', 'Schlössli 9, 4302 Augst, Basel-Land'),
('33a27d29-145b-406c-9d35-391767df3513', 'Roberta', 'Hunger', 'roberta.hunger@bluewin.ch', '078 666 70 39', 'Studio HR Kosmetik Lounge', 'Bahnhofstrasse 8a, 6340 Baar, Zug'),
('6a6333b2-6fce-4448-a726-5da753442467', 'Gabriele', 'Hurter', 'kontakt@gabriele-hurter.ch', '078 864 33 85', 'Studio Hurter', 'Malzgasse 25, 4052 Basel, Basel-Stadt'),
('3048f424-182e-4979-93dd-3981d37cb811', 'Myriam', 'Iten', 'huutundhaar@gmail.com', '078 785 77 66', 'Studio Huut & Haar Kosmetik und Coiffeur', 'Beckenriederstrasse 10, 6374 Buochs, Nidwalden'),
('b7a33379-1cf0-4350-8c44-44a5c17f6c95', 'Vanessa', 'Röllin', 'info@huut-noech.ch', '076 361 96 29', 'Studio Huut Nöch', 'Quellenweg 11, 8856 Tuggen, Schwyz'),
('4b613701-8964-43e3-876b-5c1b1c4b27c3', 'Ines', 'Gubler', 'studio@icosmetic.ch', '044 995 11 94', 'Studio I Cosmetic', 'Pilatusstrasse 38, 8330 Pfäffikon, Zürich'),
('2b806a19-d301-4d7d-b0c3-ff4367444610', 'Monika', 'Roth', 'info@id-cosmetics.ch', '079 124 16 22', 'Studio ID Cosmetics GmbH', 'Rorschacherstrasse 123, 9000 St. Gallen, St. Gallen'),
('e73df579-4bc0-4e76-8b5e-40bf27a19ddd', 'Simona', 'Pizzipaolo', 'cosmetic@ilterrazzo.ch', '062 844 44 80', 'Studio Il Terrazzo Medical Cosmetic', 'Aarauerstrasse 101, 5015 Erlinsbach, Solothurn'),
('eecf419c-dd2e-465e-9faa-71acb3093e16', 'Ilaria', 'Mauriello', 'info@mauriello-cosmetics.ch', '078 759 77 46', 'Studio Ilaria Mauriello Cosmetics', 'Müllerstrasse 34, 8004 Zürich, Zürich'),
('7b8c13b8-3c33-473d-96ba-4b77826f9c51', 'Ilona', 'Hefty', 'studio@ilona-h-hefty.ch', '076 453 72 22', 'Studio Ilona H. Hefty', 'Baarerstrasse 59, 6300 Zug, Zug'),
('00c71afe-ab4e-4d2b-90d0-7ba654eeea7a', 'Marleni', 'Kistler', 'marleni.kistler@hotmail.ch', '079 728 98 56', 'Studio Image Beauty Salon', 'Schönenbergstrasse 23, 8820 Wädenswil, Zürich'),
('71202016-7681-405a-a4c3-466d6cdbf123', 'Simone', 'Appenzeller', 'kosmetik@immerschoen.ch', '079 693 33 87', 'Studio Immerschön Kosmetik', 'Seengerstrasse 291, 5705 Hallwil, Aargau'),
('03f2034b-3cc7-41e6-8ac7-7f69e107c24f', 'Mary', 'Immediato', 'info@immis-nail.ch', '076 330 12 62', 'Studio Immis NailStudio', 'Alte Winterthurerstrasse 20, 8304 Wallisellen, Zürich'),
('ceea07e6-3020-4c21-9ea8-66ccee0de383', 'Rosie', 'Hörler', 'info@inannacosmetic.ch', '055 462 20 00', 'Studio Inanna Cosmetic GmbH', 'Zürcherstrasse 60, 8852 Altendorf, Schwyz'),
('a85728bb-8099-4eff-aa8b-4f065d58a028', 'Christiane', 'Alfes', 'info@io-wellness.ch', '079 368 21 52', 'Studio Inside & Outside Wellness GmbH', 'Industriestrasse 40, 8112 Otelfingen, Zürich'),
('db12f2c4-9bc0-44b7-be4a-1317269c0552', 'Edith', 'Büchi', 'edith.buechi@bluewin.ch', '041 620 69 00', 'Studio Institut Classic Cosmetic', 'Obgassweg 3, 6374 Buochs, Nidwalden'),
('a63f86de-c99c-4195-8da3-8f2b57d66cb8', 'Maja', 'Hotz', 'maja.hotz@la-fontaine.ch', '076 344 57 37', 'Studio Institut de Beauté "La Fontaine"', 'Dorfstrasse 34, 8955 Oetwil an der Limmat, Zürich'),
('a9fa2f9e-d8ce-448b-afaf-354505247c1e', 'Gabrielle', 'Pittier', 'info@kosmetik-gabrielle-bern.ch', '031 302 09 17', 'Studio Institut de Beauté Gabrielle', 'Frohbergweg 11, 3012 Bern, Bern'),
('5bd2a84f-774a-4f0a-9792-45b154056cad', 'Anna Julia', 'Fankhauser', 'anna@mirami.ch', '061 281 28 28', 'Studio Institut für Kosmetik', 'Steinenvorstadt 8, 4051 Basel, Basel-Stadt'),
('f53b89d3-fdd3-47a2-9f63-cef0b87495e6', 'Angélica', 'Kriesemer', 'info@kriesemer-kosmetik.com', '079 888 61 93', 'Studio Institut für Kosmetik AK', 'Witikonerstrasse 365, 8053 Zürich, Zürich'),
('2eb2ed33-0117-41a2-bc13-afeeaed632a2', 'Martina', 'Feller', 'info@institut-germaine.ch', '031 311 25 52', 'Studio Institut Germaine', 'Fabrikstrasse 9, 3250 Lyss, Bern'),
('dcfabc79-de60-4ae5-8e80-9d2477b6a8ce', 'Linda', 'Theurillat', 'institutl@bluewin.ch', '079 752 18 55', 'Studio Institut L', 'Nidaugasse 11, 2502 Biel/Bienne, Bern'),
('a78348a7-14d5-4b1c-9e75-5985c19871d6', 'Maria', 'Radice-Perez', 'info@institut-mariaradice.ch', '079 640 33 77', 'Studio Institut Maria Radice', 'Bahnhofstrasse 42, 8600 Dübendorf, Zürich'),
('fd44a535-17e9-4118-b0b6-6aa47bf4c6fb', 'Laura', 'Monaco', 'info@intensity-cosmetic.ch', '044 320 05 15', 'Studio Intensitiy Cosmetic & Nails', 'Unterfeldstrasse 17, 8050 Zürich, Zürich'),
('b2de5829-a855-4611-b27d-5ac013aa57bb', 'Irene', 'Maag', 'info@irene-kosmetik.ch', '079 706 67 09', 'Studio Irene Kosmetik', 'Weideggstrasse 35a, 9212 Arnegg, St. Gallen'),
('dddef085-ec61-4f7d-b389-b9eaf713ab10', 'Irène', 'Renner', 'irene.renner@bluewin.ch', '079 484 92 87', 'Studio Irène Renner Cosmetics', 'Bahnhofstrasse 25, 6300 Zug, Zug'),
('b5530ed3-9ae1-43aa-8c49-be89599c641e', 'Verena', 'Raggenbass', 'info@iris-cosmetics.ch', '071 383 96 36', 'Studio Iris Cosmetics', 'Sonnenstrasse 12a, 9200 Gossau, St. Gallen'),
('5351a7d4-9b32-4a75-80ea-a3742147a23c', 'Iris', 'Hefti', 'info@iris-hefti.ch', '071 461 26 54', 'Studio Iris Hefti', 'Im Müsli 27, 8592 Uttwil, Thurgau'),
('96406ad5-db5e-49d1-adc1-cdd293bff678', 'Isabelle', 'Perren', 'isa.beautycorner@hotmail.com', '079 301 57 67', 'Studio Isa''s Beauty Corner', 'Zen Steckenstrasse 70, 3920 Zermatt, Wallis/Valais'),
('fcaebba5-61e3-4e7d-8f31-a9617446164e', 'Raffaella', 'Martins', 'islabonita595@gmail.com', '044 433 20 30', 'Studio Isla Bonita', 'Badenerstrasse 595, 8048 Zürich, Zürich'),
('55ba7e37-963c-41ca-bdac-106724cf2efc', 'Sabrina', 'Iten', 'sabrina@itennails.ch', '079 244 07 03', 'Studio Iten Nails', 'Bahnhofstrasse 23, 8620 Wetzikon, Zürich'),
('c1f0e7aa-6641-4ea4-aed5-f9a1db53523d', 'Anna', 'Zullo-Di Flumeri', 'info@it-s-me.ch', '056 618 03 46', 'Studio It''s Me Kosmetik Anna', 'Bahnhofstrasse 6, 5610 Wohlen, Aargau'),
('7cee46d6-817a-4079-8206-3405f568d915', 'Iasmina Maria', 'Degan', 'jadorebeautyy@gmail.com', '078 641 94 40', 'Studio J''adore Bio Beauty Salon', 'Alte Winterthurerstrasse 20, 8304 Wallisellen, Zürich'),
('147aa465-48ac-4bfe-8f93-5fd63e91361e', 'Tina', 'Reichenbach-Itten', 'info@jakob.studio', '079 124 15 73', 'STUDIO JAKOB GmbH', 'Winzerstrasse 103, 8049 Zürich, Zürich');

INSERT INTO leads (id, contact_id, source, status, value, notes) VALUES
('a51be212-c66b-4a9b-9681-f6d363366d35', '75baf687-a600-4487-8529-9d582c6a1f9e', 'KALTAKQUISE', 'ACTIVE', 0, 'Funktion: Geschäftsführer/in (CEO) | Mitarbeiter: 1 bis 10 | Branche: Kosmetikstudios'),
('221df41b-47e9-414f-888f-8c74d4ee9556', '75c71495-c027-47a8-9dd8-03628002c60d', 'KALTAKQUISE', 'ACTIVE', 0, 'Funktion: Geschäftsführer/in (CEO) | Mitarbeiter: 1 bis 10 | Branche: Kosmetikstudios'),
('c7634081-2ffb-45ba-bc43-4710831a0f90', 'db7e9ef4-9f30-4de8-9355-3b06418b7a95', 'KALTAKQUISE', 'ACTIVE', 0, 'Funktion: Geschäftsführer/in (CEO) | Mitarbeiter: 1 bis 10 | Branche: Kosmetikstudios'),
('04da3b85-cd03-44e4-86f3-d91ee69ba477', '1817f517-442b-4177-b6d5-557750a7a765', 'KALTAKQUISE', 'ACTIVE', 0, 'Funktion: Geschäftsführer/in (CEO) | Mitarbeiter: 1 bis 10 | Branche: Kosmetikstudios'),
('ad9c0127-1695-4d6c-85aa-4b005dd1ec2f', '15499e57-9633-43d1-8028-a92105c31f86', 'KALTAKQUISE', 'ACTIVE', 0, 'Funktion: Geschäftsführer/in (CEO) | Mitarbeiter: 1 bis 10 | Branche: Kosmetikstudios'),
('99c6b9c5-9194-4bf5-9642-75e2b607abdb', 'a0b769b6-769b-4200-a00f-0927c18291fe', 'KALTAKQUISE', 'ACTIVE', 0, 'Funktion: Geschäftsführer/in (CEO) | Mitarbeiter: 1 bis 10 | Branche: Kosmetikstudios'),
('b5652770-729e-45ea-a7b5-a4463db35205', '38d77946-b48b-4566-92c1-549940aaa719', 'KALTAKQUISE', 'ACTIVE', 0, 'Funktion: Geschäftsführer/in (CEO) | Mitarbeiter: 1 bis 10 | Branche: Kosmetikstudios'),
('2c795a95-68fd-47a7-b8b7-9c03fa567c20', '75d37d28-b9ab-440e-aa5f-abbcce57320b', 'KALTAKQUISE', 'ACTIVE', 0, 'Funktion: Geschäftsführer/in (CEO) | Mitarbeiter: 1 bis 10 | Branche: Kosmetikstudios'),
('b64a88af-6a2a-41b5-8496-313e6159c095', 'a60ad6b0-6755-4204-ab21-20844e345294', 'KALTAKQUISE', 'ACTIVE', 0, 'Funktion: Geschäftsführer/in (CEO) | Mitarbeiter: 1 bis 10 | Branche: Kosmetikstudios'),
('64813d4c-ce59-4964-9a84-409b5af790f6', '2390a930-ce61-43b4-b05d-854c735f3103', 'KALTAKQUISE', 'ACTIVE', 0, 'Funktion: Geschäftsführer/in (CEO) | Mitarbeiter: 1 bis 10 | Branche: Kosmetikstudios'),
('2fb7d094-5fc5-41ad-8f95-1d04502feb66', '766c4de3-5af5-4577-ac44-edd8bdabcbaa', 'KALTAKQUISE', 'ACTIVE', 0, 'Funktion: Geschäftsführer/in (CEO) | Mitarbeiter: 1 bis 10 | Branche: Kosmetikstudios'),
('4087524b-9acb-461d-8b06-06766bd0aa09', '98a3eb92-d1fe-48cb-ae57-5cc5d3951f0b', 'KALTAKQUISE', 'ACTIVE', 0, 'Funktion: Geschäftsführer/in (CEO) | Mitarbeiter: 1 bis 10 | Branche: Kosmetikstudios'),
('bec5afa6-eb9a-47f9-b51c-59459c7e1cf4', '50a7179b-f2b1-4ae1-95db-bc9b8500983e', 'KALTAKQUISE', 'ACTIVE', 0, 'Funktion: Geschäftsführer/in (CEO) | Mitarbeiter: 1 bis 10 | Branche: Kosmetikstudios'),
('995fb72a-e500-46c6-9ee5-04b6ccba0f54', '04963a0a-c8f8-437f-9044-a23e8b776710', 'KALTAKQUISE', 'ACTIVE', 0, 'Funktion: Geschäftsführer/in (CEO) | Mitarbeiter: 1 bis 10 | Branche: Kosmetikstudios'),
('125ec46c-1093-4b40-81d4-bd624dae73d4', 'fbe5e1e5-268c-438c-8124-e28da65fb358', 'KALTAKQUISE', 'ACTIVE', 0, 'Funktion: Geschäftsführer/in (CEO) | Mitarbeiter: 1 bis 10 | Branche: Kosmetikstudios'),
('15391a87-8a50-498f-a39e-e6d1c6c28c14', 'e9d9c58c-d972-4430-b0c3-580a92021e39', 'KALTAKQUISE', 'ACTIVE', 0, 'Funktion: Geschäftsführer/in (CEO) | Mitarbeiter: 1 bis 10 | Branche: Kosmetikstudios'),
('a557522e-3b84-4095-802e-5e710c34df15', '365d3134-ab75-42ba-83c9-44c0a7c43db9', 'KALTAKQUISE', 'ACTIVE', 0, 'Funktion: Geschäftsführer/in (CEO) | Mitarbeiter: 1 bis 10 | Branche: Kosmetikstudios'),
('647baf59-e841-49d5-aa7e-c33fee2c265c', '6a7fbbca-1d39-4161-9734-d78e00f6eb7e', 'KALTAKQUISE', 'ACTIVE', 0, 'Funktion: Geschäftsführer/in (CEO) | Mitarbeiter: 1 bis 10 | Branche: Kosmetikstudios'),
('0532c691-649e-4561-90dd-b41c90d80c7c', '81d280e2-809f-4558-9984-db3957fa209a', 'KALTAKQUISE', 'ACTIVE', 0, 'Funktion: Geschäftsführer/in (CEO) | Mitarbeiter: 1 bis 10 | Branche: Kosmetikstudios'),
('372fa802-3dd8-420e-854c-1bd51c84f82f', '61c3bf46-48e5-4972-80fd-8e4369b84e19', 'KALTAKQUISE', 'ACTIVE', 0, 'Funktion: Geschäftsführer/in (CEO) | Mitarbeiter: 1 bis 10 | Branche: Kosmetikstudios'),
('cd3e975b-4b7d-44a3-8907-d5d43f90d078', '73015e9e-ffad-4daf-b030-02c071026632', 'KALTAKQUISE', 'ACTIVE', 0, 'Funktion: Geschäftsführer/in (CEO) | Mitarbeiter: 1 bis 10 | Branche: Nachhaltigkeitsbereich | Rechtsform: Einzelunternehmen'),
('4ccfa302-61ae-4236-940d-96e16bf6144a', '03b2e067-8281-4f2b-89bf-3c5919b07cec', 'KALTAKQUISE', 'ACTIVE', 0, 'Funktion: Geschäftsführer/in (CEO) | Mitarbeiter: 1 bis 10 | Branche: Architekturbüros | Rechtsform: Gesellschaft mit beschränkter Haftung'),
('577fa3d4-47ad-4e9f-a335-44a04a272e69', 'a777e2cf-c19c-4e72-bcae-6456cc4458eb', 'KALTAKQUISE', 'ACTIVE', 0, 'Funktion: Geschäftsführer/in (CEO) | Mitarbeiter: 1 bis 10 | Branche: Kosmetikstudios'),
('8af1d3a1-b76d-4fda-a504-ff3de17d6d31', '2df9097f-6791-43d2-b668-02f6241e65ae', 'KALTAKQUISE', 'ACTIVE', 0, 'Funktion: Geschäftsführer/in (CEO) | Mitarbeiter: 1 bis 10 | Branche: Kosmetikstudios'),
('1571ab6c-0820-48d5-8071-1965f6a5c87d', '26a2387a-3828-4038-b7bd-558693858b12', 'KALTAKQUISE', 'ACTIVE', 0, 'Funktion: Geschäftsführer/in (CEO) | Mitarbeiter: 1 bis 10 | Branche: Kosmetikstudios'),
('cbcff4f5-067c-4eea-af2b-1c542e77aba6', 'e1b546f9-4cff-432c-8106-ee71ce01e0cb', 'KALTAKQUISE', 'ACTIVE', 0, 'Funktion: Geschäftsführer/in (CEO) | Mitarbeiter: 1 bis 10 | Branche: Kosmetikstudios'),
('c0e6d75f-312e-404d-965c-b3f3960b42c2', 'a638e16d-9936-4a28-856f-86724d78f934', 'KALTAKQUISE', 'ACTIVE', 0, 'Funktion: Geschäftsführer/in (CEO) | Mitarbeiter: 1 bis 10 | Branche: Kosmetikstudios'),
('246f1aa7-9160-4db0-9a1e-ec4dd3bbf3a9', '9a677573-b1c1-416e-8754-d99745df9149', 'KALTAKQUISE', 'ACTIVE', 0, 'Funktion: Geschäftsführer/in (CEO) | Mitarbeiter: 1 bis 10 | Branche: Kosmetikstudios'),
('dcd45db0-b0c5-4d65-a13d-6e5d5029a26d', 'cb54030b-b0f3-4bda-968a-3de902ae79d4', 'KALTAKQUISE', 'ACTIVE', 0, 'Funktion: Geschäftsführer/in (CEO) | Mitarbeiter: 1 bis 10 | Branche: Kosmetikstudios'),
('f3344ee0-3efe-4ed5-be7f-5de80b587964', '6f6bfc8a-7b1f-46d9-b956-485e05bce1f1', 'KALTAKQUISE', 'ACTIVE', 0, 'Funktion: Geschäftsführer/in (CEO) | Mitarbeiter: 1 bis 10 | Branche: Kosmetikstudios'),
('e446ca75-52bf-4290-a4e0-3b14fb0bc17d', 'a8194ff8-02d1-4fdf-a702-158d41b30858', 'KALTAKQUISE', 'ACTIVE', 0, 'Funktion: Geschäftsführer/in (CEO) | Mitarbeiter: 1 bis 10 | Branche: Kosmetikstudios'),
('47d91fe5-9aaa-47ad-9a36-fcd9090612c9', '553e2f8e-5676-4706-8dba-c429e4cbbed0', 'KALTAKQUISE', 'ACTIVE', 0, 'Funktion: Geschäftsführer/in (CEO) | Mitarbeiter: 1 bis 10 | Branche: Kosmetikstudios'),
('caa9b6b6-00b2-4349-acf8-717443b54e99', '234b8c2b-ec85-4f91-92d7-ce679c3604bc', 'KALTAKQUISE', 'ACTIVE', 0, 'Funktion: Geschäftsführer/in (CEO) | Mitarbeiter: 1 bis 10 | Branche: Kosmetikstudios'),
('5468d038-fd02-4786-a3c4-cdeeed92cb8e', 'd92f5dc5-98b8-4c8d-95ca-09f6dbc796f5', 'KALTAKQUISE', 'ACTIVE', 0, 'Funktion: Geschäftsführer/in (CEO) | Mitarbeiter: 1 bis 10 | Branche: Kosmetikstudios'),
('a76ba1fc-0463-4e9d-bcaa-ab83ecd72387', 'cf52b767-aab1-4bf7-8d21-8607963d7128', 'KALTAKQUISE', 'ACTIVE', 0, 'Funktion: Geschäftsführer/in (CEO) | Mitarbeiter: 1 bis 10 | Branche: Kosmetikstudios'),
('f04d0268-67c9-4a59-8fe6-3ddf47ce0e21', '2f4f6245-8480-4336-83f0-627f925205ad', 'KALTAKQUISE', 'ACTIVE', 0, 'Funktion: Geschäftsführer/in (CEO) | Mitarbeiter: 1 bis 10 | Branche: Kosmetikstudios'),
('5e2d867f-7348-421c-84bc-3115002d0ee5', 'de171787-69ea-4307-88b9-b8ed9151761a', 'KALTAKQUISE', 'ACTIVE', 0, 'Funktion: Geschäftsführer/in (CEO) | Mitarbeiter: 1 bis 10 | Branche: Kosmetikstudios'),
('734d6705-a1fe-4676-8125-d0a3bc24c3e3', 'a2a5b2df-fa2d-4de4-945e-2d0b7555e914', 'KALTAKQUISE', 'ACTIVE', 0, 'Funktion: Geschäftsführer/in (CEO) | Mitarbeiter: 1 bis 10 | Branche: Kosmetikstudios'),
('47fc020a-3906-4af1-b513-26856f5ca3b9', 'e48eae90-2908-42ab-9e11-a578d4010731', 'KALTAKQUISE', 'ACTIVE', 0, 'Funktion: Geschäftsführer/in (CEO) | Mitarbeiter: 1 bis 10 | Branche: Kosmetikstudios'),
('3c1e65dd-0f19-4562-9794-218b171221ab', 'e640eb49-f738-463b-a456-72470ef3b689', 'KALTAKQUISE', 'ACTIVE', 0, 'Funktion: Geschäftsführer/in (CEO) | Mitarbeiter: 1 bis 10 | Branche: Kosmetikstudios'),
('a8adef65-141d-4e62-94a5-908281e8eab6', 'e292982c-188e-4b58-b87d-705acb0ede2a', 'KALTAKQUISE', 'ACTIVE', 0, 'Funktion: Geschäftsführer/in (CEO) | Mitarbeiter: 1 bis 10 | Branche: Kosmetikstudios'),
('aad95fdb-8917-4f6c-8d2c-f5b5b4253f23', 'e5387a6a-7756-4796-afef-3ad3e6ec13df', 'KALTAKQUISE', 'ACTIVE', 0, 'Funktion: Geschäftsführer/in (CEO) | Mitarbeiter: 1 bis 10 | Branche: Kosmetikstudios'),
('a00cb4d0-9c65-415f-a1bb-49aaf6541fad', '40e7810f-5511-43a7-b4c3-101cff0978d3', 'KALTAKQUISE', 'ACTIVE', 0, 'Funktion: Geschäftsführer/in (CEO) | Mitarbeiter: 1 bis 10 | Branche: Kosmetikstudios'),
('d87f0ed1-2e3f-431e-8830-567a7201de6c', 'e62f1b05-3c9c-4cd4-9691-274248d1a37a', 'KALTAKQUISE', 'ACTIVE', 0, 'Funktion: Geschäftsführer/in (CEO) | Mitarbeiter: 1 bis 10 | Branche: Kosmetikstudios'),
('64137126-3d30-4ae3-bff5-ad7ed7b47adf', '5eb31d5b-6002-44d6-b080-670c8f7285a3', 'KALTAKQUISE', 'ACTIVE', 0, 'Funktion: Geschäftsführer/in (CEO) | Mitarbeiter: 1 bis 10 | Branche: Kosmetikstudios'),
('83cbf611-2caa-4f44-ba3f-25e6208139cf', 'fc635766-94f3-4ee1-960c-2de2d8b82949', 'KALTAKQUISE', 'ACTIVE', 0, 'Funktion: Geschäftsführer/in (CEO) | Mitarbeiter: 1 bis 10 | Branche: Kosmetikstudios'),
('a2f535a4-e9d3-4b76-882f-6d17f4a0d86d', 'f59a8c6f-6925-44d5-802e-bced36147944', 'KALTAKQUISE', 'ACTIVE', 0, 'Funktion: Geschäftsführer/in (CEO) | Mitarbeiter: 1 bis 10 | Branche: Kosmetikstudios'),
('b448f254-4139-403f-9146-4e57776bb1bb', '3058d5d9-e7f7-4b5d-8221-e456949823ca', 'KALTAKQUISE', 'ACTIVE', 0, 'Funktion: Geschäftsführer/in (CEO) | Mitarbeiter: 1 bis 10 | Branche: Kosmetikstudios'),
('c2a0c57a-104c-40ea-b6a8-91d48350c47c', '47e90cd3-cc74-464b-9b46-f23a825a498b', 'KALTAKQUISE', 'ACTIVE', 0, 'Funktion: Geschäftsführer/in (CEO) | Mitarbeiter: 1 bis 10 | Branche: Kosmetikstudios'),
('f89e4d0a-d79d-4bff-a521-c188f963e1d8', '873dcdf3-c361-46f8-8c77-2866670ad80b', 'KALTAKQUISE', 'ACTIVE', 0, 'Funktion: Geschäftsführer/in (CEO) | Mitarbeiter: 1 bis 10 | Branche: Atem- Meditation- & Yogacenter'),
('f3e1bdcc-e1dd-4e92-9ef9-b983330f1aaf', '204cd712-1aec-40b1-b041-dd887c8735e8', 'KALTAKQUISE', 'ACTIVE', 0, 'Funktion: Geschäftsführer/in (CEO) | Mitarbeiter: 1 bis 10 | Branche: Kosmetikstudios'),
('0fb6e9ed-3208-4913-8747-48e39471ed71', 'e4a115fc-2cca-4ebe-9720-db8e38c8d797', 'KALTAKQUISE', 'ACTIVE', 0, 'Funktion: Geschäftsführer/in (CEO) | Mitarbeiter: 1 bis 10 | Branche: Kosmetikstudios'),
('ea533541-ff4d-4ea0-b751-01acb574b033', 'cd5243a6-29e7-4e79-8586-c6dcece9bd58', 'KALTAKQUISE', 'ACTIVE', 0, 'Funktion: Geschäftsführer/in (CEO) | Mitarbeiter: 1 bis 10 | Branche: Kosmetikstudios'),
('d00944dd-afa0-47b6-a00d-ed2d34ff803d', '8d502e6b-c677-4f77-ac19-87daa104b271', 'KALTAKQUISE', 'ACTIVE', 0, 'Funktion: Geschäftsführer/in (CEO) | Mitarbeiter: 1 bis 10 | Branche: Kosmetikstudios'),
('1ef57f98-3779-42a9-8a0a-55bdb2bad002', '46c78450-14be-4cd9-9041-3d31791baf10', 'KALTAKQUISE', 'ACTIVE', 0, 'Funktion: Geschäftsführer/in (CEO) | Mitarbeiter: 1 bis 10 | Branche: Kosmetikstudios'),
('79ea3cda-e372-4a6b-887d-d16895c78d99', '0c0f2fe8-1e75-420a-bcfd-50fabdcc043a', 'KALTAKQUISE', 'ACTIVE', 0, 'Funktion: Geschäftsführer/in (CEO) | Mitarbeiter: 1 bis 10 | Branche: Kosmetikstudios'),
('278830d6-2043-4aac-bcac-6093478778a9', '53f497f2-44e7-4edd-869d-92d869d6d6f5', 'KALTAKQUISE', 'ACTIVE', 0, 'Funktion: Geschäftsführer/in (CEO) | Mitarbeiter: 1 bis 10 | Branche: Kosmetikstudios | Rechtsform: Gesellschaft mit beschränkter Haftung'),
('dceba41f-44dc-4391-b3f0-502d3d07f2e2', '4d016aea-104d-4a5a-aae0-bfd81de32965', 'KALTAKQUISE', 'ACTIVE', 0, 'Funktion: Geschäftsführer/in (CEO) | Mitarbeiter: 1 bis 10 | Branche: Kosmetikstudios'),
('0d138d61-63d9-4762-812c-554d308c04bd', 'dd83a918-9260-4a19-99c7-e9fd8c3f1de4', 'KALTAKQUISE', 'ACTIVE', 0, 'Funktion: Geschäftsführer/in (CEO) | Mitarbeiter: 1 bis 10 | Branche: Kosmetikstudios | Rechtsform: Einzelunternehmen'),
('857047c2-0b31-4c73-9017-2a48eef533ff', 'cd4f2be2-4da0-4016-8990-5691fc4405e7', 'KALTAKQUISE', 'ACTIVE', 0, 'Funktion: Geschäftsführer/in (CEO) | Mitarbeiter: 1 bis 10 | Branche: Kosmetikstudios'),
('1bc8a394-4de9-4907-864b-1147ef5cbd49', '380643e2-dfa7-465f-8f28-768be862080b', 'KALTAKQUISE', 'ACTIVE', 0, 'Funktion: Geschäftsführer/in (CEO) | Mitarbeiter: 1 bis 10 | Branche: Kosmetikstudios'),
('8fc1cbda-9671-42d2-98f1-501994e2f625', 'f45728df-6014-4660-81fa-54737e03ecfe', 'KALTAKQUISE', 'ACTIVE', 0, 'Funktion: Geschäftsführer/in (CEO) | Mitarbeiter: 1 bis 10 | Branche: Kosmetikstudios'),
('9f244c6d-370e-4f91-bc99-eff753457fca', '506093a7-6d2c-45a3-a1f2-86919c7ae48c', 'KALTAKQUISE', 'ACTIVE', 0, 'Funktion: Geschäftsführer/in (CEO) | Mitarbeiter: 1 bis 10 | Branche: Tattoo- & Piercingstudios'),
('d640f4f7-7d1a-4444-8423-d863cdf462e5', '75432a4e-ab65-4e3d-825f-724948894fff', 'KALTAKQUISE', 'ACTIVE', 0, 'Funktion: Geschäftsführer/in (CEO) | Mitarbeiter: 1 bis 10 | Branche: Kosmetikstudios'),
('52d3fb88-f8ea-47cd-85df-8718adf02335', 'e6166dca-3dec-45c3-b541-ed4289ff3ec1', 'KALTAKQUISE', 'ACTIVE', 0, 'Funktion: Geschäftsführer/in (CEO) | Mitarbeiter: 1 bis 10 | Branche: Kosmetikstudios'),
('d4a21bbb-4c51-4c87-93de-71ecd534be6a', 'c7057369-affd-4da7-a6ae-3acc6410345e', 'KALTAKQUISE', 'ACTIVE', 0, 'Funktion: Geschäftsführer/in (CEO) | Mitarbeiter: 1 bis 10 | Branche: Kosmetikstudios'),
('93d81f45-987a-472b-858f-3c08005ad61b', '5fa1d0a1-9149-4523-8e77-c6985cb0d62a', 'KALTAKQUISE', 'ACTIVE', 0, 'Funktion: Geschäftsführer/in (CEO) | Mitarbeiter: 1 bis 10 | Branche: Kosmetikstudios'),
('a07f93d1-5e20-4a44-a854-a21f33e4fc0f', '6a7c81ec-04ea-4bce-9d37-d8d749ab0b5d', 'KALTAKQUISE', 'ACTIVE', 0, 'Funktion: Geschäftsführer/in (CEO) | Mitarbeiter: 1 bis 10 | Branche: Kosmetikstudios'),
('d0c3a1e6-ea47-48a0-a39a-d0a1a1d5648a', 'e841d988-cc44-4fc6-93bc-c9081c2e5751', 'KALTAKQUISE', 'ACTIVE', 0, 'Funktion: Geschäftsführer/in (CEO) | Mitarbeiter: 1 bis 10 | Branche: Kosmetikstudios'),
('7a674f04-8e70-4929-8920-7920e02c7c8e', 'd48cf8d1-d1a5-4263-9080-6ad747f28544', 'KALTAKQUISE', 'ACTIVE', 0, 'Funktion: Geschäftsführer/in (CEO) | Mitarbeiter: 1 bis 10 | Branche: Kosmetikstudios'),
('2deca46c-8dac-4f61-a563-f0a361bad141', '163088b8-b83d-477b-9473-c8b1c42daef2', 'KALTAKQUISE', 'ACTIVE', 0, 'Funktion: Geschäftsführer/in (CEO) | Mitarbeiter: 1 bis 10 | Branche: Kosmetikstudios'),
('07aaf29e-d91a-4d9d-a697-c33faa0a62a1', '2beaff13-cba8-4b8e-a0e7-c7bbb4703459', 'KALTAKQUISE', 'ACTIVE', 0, 'Funktion: Geschäftsführer/in (CEO) | Mitarbeiter: 1 bis 10 | Branche: Kosmetikstudios'),
('6bf20eb1-f0ac-4846-bb93-4eeec1c86c3e', '5cdc8675-78ca-4a05-b47f-3f46cdd511c4', 'KALTAKQUISE', 'ACTIVE', 0, 'Funktion: Geschäftsführer/in (CEO) | Mitarbeiter: 1 bis 10 | Branche: Kosmetikstudios'),
('7febad55-3f50-44d8-91d9-651a27c97f42', '2a41eb5e-9e11-47c2-a829-1feb8c90edba', 'KALTAKQUISE', 'ACTIVE', 0, 'Funktion: Geschäftsführer/in (CEO) | Mitarbeiter: 1 bis 10 | Branche: Kosmetikstudios'),
('36ca247f-907d-4e29-825a-19dc71e1d88d', 'e722c640-cd3f-4c5d-b66d-08759a4145eb', 'KALTAKQUISE', 'ACTIVE', 0, 'Funktion: Geschäftsführer/in (CEO) | Mitarbeiter: 1 bis 10 | Branche: Kosmetikstudios'),
('3fa3e1ed-a28c-4d93-8c6c-06933fc5b34b', '7f810afd-693d-4124-9e77-52defc823874', 'KALTAKQUISE', 'ACTIVE', 0, 'Funktion: Geschäftsführer/in (CEO) | Mitarbeiter: 1 bis 10 | Branche: Kosmetikstudios'),
('9010fe51-b40e-431c-9a46-81a592466953', 'bd674394-c6b4-4746-bc02-ce0437a6888c', 'KALTAKQUISE', 'ACTIVE', 0, 'Funktion: Geschäftsführer/in (CEO) | Mitarbeiter: 1 bis 10 | Branche: Kosmetikstudios'),
('573aa4dc-4781-4707-9d5b-f55d0e0d7581', '01b8e1a8-7b9a-477e-9ce9-cae9265308f1', 'KALTAKQUISE', 'ACTIVE', 0, 'Funktion: Geschäftsführer/in (CEO) | Mitarbeiter: 1 bis 10 | Branche: Kosmetikstudios'),
('ba8833ee-13d8-49f2-9952-2b767c652ce3', 'dbf3373b-5e6e-44d4-9064-964f7bd67fd6', 'KALTAKQUISE', 'ACTIVE', 0, 'Funktion: Geschäftsführer/in (CEO) | Mitarbeiter: 1 bis 10 | Branche: Kosmetikstudios'),
('1fd6a4ac-a1cc-4422-8271-6d01a04c8925', '36ab081c-cb49-420c-9047-c27559f378bc', 'KALTAKQUISE', 'ACTIVE', 0, 'Funktion: Geschäftsführer/in (CEO) | Mitarbeiter: 1 bis 10 | Branche: Kosmetikstudios'),
('13475880-dd43-45ec-a436-e0c3083d390b', '3a9353eb-b3d5-4569-aa61-e6fe5b53aa16', 'KALTAKQUISE', 'ACTIVE', 0, 'Funktion: Geschäftsführer/in (CEO) | Mitarbeiter: 1 bis 10 | Branche: Kosmetikstudios'),
('cc07284d-c116-4459-a0f7-bde7024c3fa1', '952a51d3-4461-40d6-951e-64f69b007dfe', 'KALTAKQUISE', 'ACTIVE', 0, 'Funktion: Geschäftsführer/in (CEO) | Mitarbeiter: 1 bis 10 | Branche: Kosmetikstudios'),
('3c0f73e7-d48d-4093-98b7-3003b9fdef2c', '0660c16f-0cec-490f-8d18-3b1e9dcd3ce6', 'KALTAKQUISE', 'ACTIVE', 0, 'Funktion: Geschäftsführer/in (CEO) | Mitarbeiter: 1 bis 10 | Branche: Kosmetikstudios | Rechtsform: Gesellschaft mit beschränkter Haftung'),
('08d9f55f-a94a-404d-867d-29f8b22a7380', 'dad5b214-f7e3-47cb-8be3-35c69d52faaf', 'KALTAKQUISE', 'ACTIVE', 0, 'Funktion: Geschäftsführer/in (CEO) | Mitarbeiter: 1 bis 10 | Branche: Kosmetikstudios'),
('3936c101-717f-4ea3-ba58-096e64409694', '62dd7eb7-63fa-4b24-b437-a466841c7c73', 'KALTAKQUISE', 'ACTIVE', 0, 'Funktion: Geschäftsführer/in (CEO) | Mitarbeiter: 1 bis 10 | Branche: Kosmetikstudios'),
('63965db1-1771-4e8b-8bb0-0e08336d154d', '1413a0ca-aa31-4471-a648-d795bcb9bfc0', 'KALTAKQUISE', 'ACTIVE', 0, 'Funktion: Geschäftsführer/in (CEO) | Mitarbeiter: 1 bis 10 | Branche: Kosmetikstudios'),
('aae8cd41-4d9e-404a-9bce-5c0e5397a166', '7fd6ca84-083d-4680-8b84-4adc5d6909f7', 'KALTAKQUISE', 'ACTIVE', 0, 'Funktion: Geschäftsführer/in (CEO) | Mitarbeiter: 1 bis 10 | Branche: Kosmetikstudios'),
('317fcb3c-fddc-4d79-9f05-9a87ea80460a', 'e9a5f1e7-fb3c-4ddc-ad73-a9397e46f8e5', 'KALTAKQUISE', 'ACTIVE', 0, 'Funktion: Geschäftsführer/in (CEO) | Mitarbeiter: 1 bis 10 | Branche: Kosmetikstudios'),
('79a88a7a-0bc1-41b8-acb3-68dfb871287a', '42d51442-33ac-4582-8c96-72a4270e2e52', 'KALTAKQUISE', 'ACTIVE', 0, 'Funktion: Geschäftsführer/in (CEO) | Mitarbeiter: 1 bis 10 | Branche: Kosmetikstudios'),
('40dc20e8-2448-4e86-bad4-da8cb0173883', '6ec40f41-aec2-474c-89a5-8f4c5f62708d', 'KALTAKQUISE', 'ACTIVE', 0, 'Funktion: Geschäftsführer/in (CEO) | Mitarbeiter: 1 bis 10 | Branche: Kosmetikstudios'),
('2de9a830-984c-4221-8196-e1c735d345ef', '62c64837-296d-4dfc-9c0e-d344c86712e6', 'KALTAKQUISE', 'ACTIVE', 0, 'Funktion: Geschäftsführer/in (CEO) | Mitarbeiter: 1 bis 10 | Branche: Kosmetikstudios'),
('502e424a-c547-491e-971d-d004801e8d13', 'bfdc4553-05f6-4c89-9c01-f4831dde360d', 'KALTAKQUISE', 'ACTIVE', 0, 'Funktion: Geschäftsführer/in (CEO) | Mitarbeiter: 1 bis 10 | Branche: Kosmetikstudios'),
('2e65337b-47c2-4cd9-9aba-bfe8c695b5ad', '620989ce-f37a-4c29-b520-977a9d5209d3', 'KALTAKQUISE', 'ACTIVE', 0, 'Funktion: Geschäftsführer/in (CEO) | Mitarbeiter: 1 bis 10 | Branche: Kosmetikstudios'),
('e6aea69d-c1c2-49b0-b282-dbf0fe883146', '9217542d-b735-4cc6-867f-da15f5adf860', 'KALTAKQUISE', 'ACTIVE', 0, 'Funktion: Geschäftsführer/in (CEO) | Mitarbeiter: 1 bis 10 | Branche: Kosmetikstudios'),
('9179113c-bbd8-4305-a59c-2654735bc5e3', 'a8156600-f8b4-4aed-a59b-9cbe79209fad', 'KALTAKQUISE', 'ACTIVE', 0, 'Funktion: Geschäftsführer/in (CEO) | Mitarbeiter: 1 bis 10 | Branche: Kosmetikstudios'),
('82fff86c-e979-4103-b584-e463fec72491', '8d137801-72c1-4757-9cd7-b519a53e6444', 'KALTAKQUISE', 'ACTIVE', 0, 'Funktion: Geschäftsführer/in (CEO) | Mitarbeiter: 1 bis 10 | Branche: Kosmetikstudios'),
('371f6de3-3826-4a9c-8c76-62d256b1fb12', 'cbab516d-0c61-4c1f-833e-0236f9b2e547', 'KALTAKQUISE', 'ACTIVE', 0, 'Funktion: Geschäftsführer/in (CEO) | Mitarbeiter: 1 bis 10 | Branche: Kosmetikstudios'),
('7ccdfcaa-09ec-47e0-a16c-f9af2345d326', '87a21c28-03f3-4bc5-b656-f64687873654', 'KALTAKQUISE', 'ACTIVE', 0, 'Funktion: Geschäftsführer/in (CEO) | Mitarbeiter: 1 bis 10 | Branche: Kosmetikstudios'),
('6fa40069-4dbb-4723-8707-106b00fcbaf3', '42c94c80-767c-4b46-b18a-ec6c6388e9ac', 'KALTAKQUISE', 'ACTIVE', 0, 'Funktion: Geschäftsführer/in (CEO) | Mitarbeiter: 1 bis 10 | Branche: Kosmetikstudios'),
('cff4fbfb-8677-4d49-bf2e-ecf375a70887', '2e0d44ec-357d-4f0a-a34e-effa01c4c0ca', 'KALTAKQUISE', 'ACTIVE', 0, 'Funktion: Geschäftsführer/in (CEO) | Mitarbeiter: 1 bis 10 | Branche: Kosmetikstudios'),
('1473e475-b8bd-4815-a985-ca19bbf7d0ef', '3aa8be87-9257-4ee3-8098-1d65e89d48ea', 'KALTAKQUISE', 'ACTIVE', 0, 'Funktion: Geschäftsführer/in (CEO) | Mitarbeiter: 1 bis 10 | Branche: Atem- Meditation- & Yogacenter'),
('a772bc7c-af05-4676-a410-46e8f3d6eb36', '3fac3a6e-e7d2-4d08-8188-1f79de2f5688', 'KALTAKQUISE', 'ACTIVE', 0, 'Funktion: Geschäftsführer/in (CEO) | Mitarbeiter: 1 bis 10 | Branche: Kosmetikstudios'),
('63daff3a-1b41-45a7-b932-7fe8bb378547', 'd558e179-653d-4b97-b9ac-efd26d2fb7f7', 'KALTAKQUISE', 'ACTIVE', 0, 'Funktion: Geschäftsführer/in (CEO) | Mitarbeiter: 1 bis 10 | Branche: Kosmetikstudios | Rechtsform: Gesellschaft mit beschränkter Haftung'),
('50cb9fbc-b371-494c-ad51-211153241b7b', '3c6befb7-4953-4755-b9e7-4f92ef0c2a1f', 'KALTAKQUISE', 'ACTIVE', 0, 'Funktion: Geschäftsführer/in (CEO) | Mitarbeiter: 1 bis 10 | Branche: Kosmetikstudios'),
('cbcdf722-2615-43f4-b7f9-599718be0e20', 'ed3daa1b-aede-40e5-a86d-a66464f1d406', 'KALTAKQUISE', 'ACTIVE', 0, 'Funktion: Geschäftsführer/in (CEO) | Mitarbeiter: 1 bis 10 | Branche: Kosmetikstudios'),
('571490bb-4e5c-437b-97bd-1864d946161c', '3f02d700-f215-4337-be94-e45ce0cc524e', 'KALTAKQUISE', 'ACTIVE', 0, 'Funktion: Geschäftsführer/in (CEO) | Mitarbeiter: 1 bis 10 | Branche: Fitnessstudios | Rechtsform: Einzelunternehmen'),
('277da7eb-a881-43d4-aec0-d0820ec281fc', '6a16d264-d440-4176-9546-cf3b309f4a74', 'KALTAKQUISE', 'ACTIVE', 0, 'Funktion: Geschäftsführer/in (CEO) | Mitarbeiter: 1 bis 10 | Branche: Kosmetikstudios | Rechtsform: Gesellschaft mit beschränkter Haftung'),
('6ddc1f2c-fdf0-4806-bdd1-9cc3af60c1d0', '6188b98d-0d81-4171-8444-c48e3c93f6ac', 'KALTAKQUISE', 'ACTIVE', 0, 'Funktion: Geschäftsführer/in (CEO) | Mitarbeiter: 1 bis 10 | Branche: Kosmetikstudios'),
('52fa3546-adb8-4efd-9591-20949289e422', '897e0fa7-543a-4e65-a5df-1b300056583d', 'KALTAKQUISE', 'ACTIVE', 0, 'Funktion: Geschäftsführer/in (CEO) | Mitarbeiter: 1 bis 10 | Branche: Kosmetikstudios'),
('c6f60bed-92e5-4585-abb8-da6b96e4f39d', 'fd517b2d-ed84-4365-8c85-d278a2f72b99', 'KALTAKQUISE', 'ACTIVE', 0, 'Funktion: Geschäftsführer/in (CEO) | Mitarbeiter: 1 bis 10 | Branche: Kosmetikstudios'),
('c0b49b44-3a42-4d86-9c1d-ce9083755472', '78bd0ab1-8feb-49d5-b20a-30688e92f48c', 'KALTAKQUISE', 'ACTIVE', 0, 'Funktion: Geschäftsführer/in (CEO) | Mitarbeiter: 1 bis 10 | Branche: Kosmetikstudios'),
('93cf4f85-63c5-4880-a8cf-f5ce6bb39793', '72d8bb07-a1ca-4b31-b7a9-41a5d5e20284', 'KALTAKQUISE', 'ACTIVE', 0, 'Funktion: Geschäftsführer/in (CEO) | Mitarbeiter: 1 bis 10 | Branche: Kosmetikstudios'),
('be0b2be0-f724-4433-9694-48a233ae27b5', 'd09c97a5-d7d3-4999-a890-f3d8ebd4a65b', 'KALTAKQUISE', 'ACTIVE', 0, 'Funktion: Geschäftsführer/in (CEO) | Mitarbeiter: 1 bis 10 | Branche: Atem- Meditation- & Yogacenter'),
('5ea9f6b4-79ab-40bc-aff0-eb6dab33186d', '7d25ec05-1251-466b-b4a5-2cfe5fa04691', 'KALTAKQUISE', 'ACTIVE', 0, 'Funktion: Geschäftsführer/in (CEO) | Mitarbeiter: 1 bis 10 | Branche: Kosmetikstudios'),
('39e5918b-ecf9-45d9-9d17-a3379a82bcc3', '45ae50ef-cc8a-46fe-bbe4-c7f6282d5135', 'KALTAKQUISE', 'ACTIVE', 0, 'Funktion: Geschäftsführer/in (CEO) | Mitarbeiter: 1 bis 10 | Branche: Kosmetikstudios'),
('65b3ae2e-e646-4bb1-ab80-7f081df95703', 'e31fe4fb-e5c4-4647-8c5f-87691ee9464c', 'KALTAKQUISE', 'ACTIVE', 0, 'Funktion: Geschäftsführer/in (CEO) | Mitarbeiter: 1 bis 10 | Branche: Architekturbüros / Innenausstatter | Rechtsform: Aktiengesellschaft'),
('1dfca4a5-7b68-48f9-8406-024f4bf44774', '7856c65a-f84d-4f33-828d-61861bcb9211', 'KALTAKQUISE', 'ACTIVE', 0, 'Funktion: Geschäftsführer/in (CEO) | Mitarbeiter: 1 bis 10 | Branche: Kosmetikstudios'),
('04aabbc6-fb95-4cb7-80ee-646fcbfa9f28', '98bd939d-e431-4fe8-ac4e-09db631fb080', 'KALTAKQUISE', 'ACTIVE', 0, 'Funktion: Geschäftsführer/in (CEO) | Mitarbeiter: 1 bis 10 | Branche: Kosmetikstudios'),
('ed38b950-3a90-4ae6-9503-96bafa286b46', '6e7d553a-fc3f-4e2e-9d81-d0e670760f33', 'KALTAKQUISE', 'ACTIVE', 0, 'Funktion: Geschäftsführer/in (CEO) | Mitarbeiter: 1 bis 10 | Branche: Kosmetikstudios'),
('82a61e76-7369-4496-a6b0-4bd101a22859', '6a1f5cbe-5a8e-403b-ba7b-91619197442c', 'KALTAKQUISE', 'ACTIVE', 0, 'Funktion: Geschäftsführer/in (CEO) | Mitarbeiter: 1 bis 10 | Branche: Kosmetikstudios'),
('280d74f1-3b38-4b5d-96bc-ba23748bb795', '62636294-9ad8-455b-9327-3a8d12ad4121', 'KALTAKQUISE', 'ACTIVE', 0, 'Funktion: Geschäftsführer/in (CEO) | Mitarbeiter: 1 bis 10 | Branche: Kosmetikstudios | Rechtsform: Einzelunternehmen'),
('0f83d74a-0af2-41a4-941f-40d638ba14be', 'ab45f41a-fe6f-458e-8929-327abd29ed80', 'KALTAKQUISE', 'ACTIVE', 0, 'Funktion: Geschäftsführer/in (CEO) | Mitarbeiter: 1 bis 10 | Branche: Kosmetikstudios'),
('024ac1ec-5f2d-48dc-9be3-b0d633b4845a', '6e7e240e-4450-43a0-9ca6-9c9df0a19b99', 'KALTAKQUISE', 'ACTIVE', 0, 'Funktion: Geschäftsführer/in (CEO) | Mitarbeiter: 1 bis 10 | Branche: Kosmetikstudios'),
('88e009b9-51a8-4fe9-bedc-45d4841addd7', '1e587103-a2a4-4a5e-b62e-aa6909e60e99', 'KALTAKQUISE', 'ACTIVE', 0, 'Funktion: Geschäftsführer/in (CEO) | Mitarbeiter: 1 bis 10 | Branche: Kosmetikstudios'),
('ae1657ef-27d3-406a-9f78-369b082aa299', '29fae5db-1da2-44be-9843-a4516ad4f9c1', 'KALTAKQUISE', 'ACTIVE', 0, 'Funktion: Geschäftsführer/in (CEO) | Mitarbeiter: 1 bis 10 | Branche: Kosmetikstudios'),
('b2ac86f1-d83a-4217-a65b-c190462115a1', 'fb62a0a7-9246-4007-8871-2583c75b7912', 'KALTAKQUISE', 'ACTIVE', 0, 'Funktion: Geschäftsführer/in (CEO) | Mitarbeiter: 1 bis 10 | Branche: Kosmetikstudios | Rechtsform: Einzelunternehmen'),
('f102e280-278c-428a-8646-48e3bab6cec6', 'e99e4caa-f8bf-417f-9748-392acb9b855b', 'KALTAKQUISE', 'ACTIVE', 0, 'Funktion: Geschäftsführer/in (CEO) | Mitarbeiter: 1 bis 10 | Branche: Kosmetikstudios'),
('4cb98447-dbe4-4bb1-bac9-d85418b14e97', '49c40137-80ee-4437-baf9-5a5233913a17', 'KALTAKQUISE', 'ACTIVE', 0, 'Funktion: Geschäftsführer/in (CEO) | Mitarbeiter: 1 bis 10 | Branche: Kosmetikstudios'),
('0c2500e5-7b1b-4f3d-80e4-4c95f881da08', 'ffc39475-ed46-42e4-8834-81b9195c6ef2', 'KALTAKQUISE', 'ACTIVE', 0, 'Funktion: Geschäftsführer/in (CEO) | Mitarbeiter: 1 bis 10 | Branche: Kosmetikstudios'),
('ff501439-93e3-4e59-8fd8-744ffe777701', '2bf2cd21-2c34-4ec2-a9c7-6720cdaee4a2', 'KALTAKQUISE', 'ACTIVE', 0, 'Funktion: Geschäftsführer/in (CEO) | Mitarbeiter: 1 bis 10 | Branche: Kosmetikstudios'),
('1f226315-65b0-407a-86c4-5c8f2a653912', '417d593f-4a99-47c2-89d4-5e2f597848b8', 'KALTAKQUISE', 'ACTIVE', 0, 'Funktion: Geschäftsführer/in (CEO) | Mitarbeiter: 1 bis 10 | Branche: Kosmetikstudios'),
('4faf1c20-8be9-416a-ba1a-e67ec2168c45', 'bbc4bfd8-7048-4141-9be7-52c0a657be1a', 'KALTAKQUISE', 'ACTIVE', 0, 'Funktion: Geschäftsführer/in (CEO) | Mitarbeiter: 1 bis 10 | Branche: Kosmetikstudios'),
('c5442b58-475e-4bd0-9a82-90ffde3b3a4a', 'af08c311-d8d7-41ba-aed8-ba23e1ea60ba', 'KALTAKQUISE', 'ACTIVE', 0, 'Funktion: Geschäftsführer/in (CEO) | Mitarbeiter: 1 bis 10 | Branche: Kosmetikstudios'),
('9dcdc096-ca1e-4f29-9582-0869bd4bc0c8', '217c1e57-af44-4c34-ab60-8ce131cd4868', 'KALTAKQUISE', 'ACTIVE', 0, 'Funktion: Geschäftsführer/in (CEO) | Mitarbeiter: 1 bis 10 | Branche: Kosmetikstudios'),
('f5a5a667-43f4-48a8-9d3a-6c9ec3432057', '1908263c-f232-4422-83b6-047b3b1e3120', 'KALTAKQUISE', 'ACTIVE', 0, 'Funktion: Geschäftsführer/in (CEO) | Mitarbeiter: 1 bis 10 | Branche: Kosmetikstudios'),
('b144d28e-e13b-4af5-a396-96eafb6e2262', '44aad9b5-3ac6-40ea-ade2-22d63144d1b0', 'KALTAKQUISE', 'ACTIVE', 0, 'Funktion: Geschäftsführer/in (CEO) | Mitarbeiter: 1 bis 10 | Branche: Kosmetikstudios | Rechtsform: Gesellschaft mit beschränkter Haftung'),
('da1de937-2ea4-42f1-90fc-060aecefe7ce', 'd0f65183-b268-4edd-8fa5-0b2d16a7a5e5', 'KALTAKQUISE', 'ACTIVE', 0, 'Funktion: Geschäftsführer/in (CEO) | Mitarbeiter: 1 bis 10 | Branche: Kosmetikstudios'),
('8c9d4090-3c96-4e60-8c12-7536ce4cb4ff', '96eed83c-dbf6-4d3f-835f-121ba48ee21d', 'KALTAKQUISE', 'ACTIVE', 0, 'Funktion: Geschäftsführer/in (CEO) | Mitarbeiter: 1 bis 10 | Branche: Kosmetikstudios'),
('ce79bf23-0f46-4467-908e-67199529c42f', '81515f98-bc51-4bf0-931a-583e10eef4a7', 'KALTAKQUISE', 'ACTIVE', 0, 'Funktion: Geschäftsführer/in (CEO) | Mitarbeiter: 1 bis 10 | Branche: Kosmetikstudios'),
('4a953b5b-65ff-4e03-abae-c3fc88bc7288', 'a8c517dd-8d68-4204-bfbb-f5c445ee3624', 'KALTAKQUISE', 'ACTIVE', 0, 'Funktion: Geschäftsführer/in (CEO) | Mitarbeiter: 1 bis 10 | Branche: Kosmetikstudios'),
('a62e8c83-b534-4584-9b99-cecf0d66ebbd', '58a5919e-13a9-4cc3-9561-014bc3685bdb', 'KALTAKQUISE', 'ACTIVE', 0, 'Funktion: Geschäftsführer/in (CEO) | Mitarbeiter: 1 bis 10 | Branche: Kosmetikstudios'),
('9fe30aee-af0e-4e48-b5d2-1d5002a6b490', '7dab1153-dbd1-484d-af69-2a9899484baa', 'KALTAKQUISE', 'ACTIVE', 0, 'Funktion: Geschäftsführer/in (CEO) | Mitarbeiter: 1 bis 10 | Branche: Kosmetikstudios'),
('fe958fc2-e269-4323-b706-53f7ed35a16b', '8bd2b947-458d-49fc-8804-104054883bb8', 'KALTAKQUISE', 'ACTIVE', 0, 'Funktion: Geschäftsführer/in (CEO) | Mitarbeiter: 1 bis 10 | Branche: Kosmetikstudios'),
('409e1058-994a-4140-9ed7-efb733f03e9e', '232d136a-f3bc-4a1a-aaa5-1f86bcef7436', 'KALTAKQUISE', 'ACTIVE', 0, 'Funktion: Geschäftsführer/in (CEO) | Mitarbeiter: 1 bis 10 | Branche: Kosmetikstudios'),
('64718ff8-f9b5-4219-a747-5b140bb762b3', 'ff747ac5-3e06-414e-8a02-fa36bf1943bb', 'KALTAKQUISE', 'ACTIVE', 0, 'Funktion: Geschäftsführer/in (CEO) | Mitarbeiter: 1 bis 10 | Branche: Kosmetikstudios'),
('a9d6ef79-d249-425b-8b74-91141669809e', 'b4a95841-3bcc-40ba-8fc2-18c1103c8e9c', 'KALTAKQUISE', 'ACTIVE', 0, 'Funktion: Geschäftsführer/in (CEO) | Mitarbeiter: 1 bis 10 | Branche: Kosmetikstudios'),
('2ba5d93c-f8af-4c83-8f8c-d30700f2e299', 'e804cbb1-d9ad-4b28-a3de-a2f18e051525', 'KALTAKQUISE', 'ACTIVE', 0, 'Funktion: Geschäftsführer/in (CEO) | Mitarbeiter: 1 bis 10 | Branche: Kosmetikstudios | Rechtsform: Gesellschaft mit beschränkter Haftung'),
('4c228a5d-53eb-40d6-bedb-65342ce72acb', '0760f1df-ed8a-4831-a79b-0185358e556f', 'KALTAKQUISE', 'ACTIVE', 0, 'Funktion: Geschäftsführer/in (CEO) | Mitarbeiter: 1 bis 10 | Branche: Architekturbüros | Rechtsform: Gesellschaft mit beschränkter Haftung'),
('f97bea44-cc8e-4aca-adfe-e02749b56392', '600556e8-c19e-40f9-bd88-062b01742f1a', 'KALTAKQUISE', 'ACTIVE', 0, 'Funktion: Leitung Standort | Mitarbeiter: 1 bis 10 | Branche: Kosmetikstudios'),
('5bd52e10-f3fe-45a9-b3f1-d9e4f18247f5', 'df1141a3-455b-4f27-aa05-15dc2a9a942a', 'KALTAKQUISE', 'ACTIVE', 0, 'Funktion: Geschäftsführer/in (CEO) | Mitarbeiter: 1 bis 10 | Branche: Kosmetikstudios'),
('086e09cc-a855-4d27-976b-1a4c93e73f26', 'd07a74c8-5894-4280-9d36-9ce77b462f6b', 'KALTAKQUISE', 'ACTIVE', 0, 'Funktion: Geschäftsführer/in (CEO) | Mitarbeiter: 1 bis 10 | Branche: Kosmetikstudios'),
('ed81408b-4046-4df7-b9cb-93c643b1821c', '13885d79-d1ef-46bc-b200-9c009c4bfeb7', 'KALTAKQUISE', 'ACTIVE', 0, 'Funktion: Geschäftsführer/in (CEO) | Mitarbeiter: 1 bis 10 | Branche: Kosmetikstudios'),
('0dc773b4-2c87-477e-9ba5-21f248eb66c5', 'd341eb5e-72d4-49bd-b5f2-13cd51a8b297', 'KALTAKQUISE', 'ACTIVE', 0, 'Funktion: Geschäftsführer/in (CEO) | Mitarbeiter: 1 bis 10 | Branche: Kosmetikstudios'),
('7251c53f-cdd8-4b0d-8240-684bdd53c97d', '40d924cf-e435-424a-b2df-fcaa25f742b3', 'KALTAKQUISE', 'ACTIVE', 0, 'Funktion: Geschäftsführer/in (CEO) | Mitarbeiter: 1 bis 10 | Branche: Kosmetikstudios'),
('5d4cd369-7120-4a12-b099-cb4d1d7d440a', 'c5c48d1f-2d44-44e1-ae51-a98bb2f19913', 'KALTAKQUISE', 'ACTIVE', 0, 'Funktion: Geschäftsführer/in (CEO) | Mitarbeiter: 1 bis 10 | Branche: Kosmetikstudios'),
('e4e7b497-2b45-4b11-ae9c-d721faf7a8e5', '4237f76b-666d-4a46-9a5a-52bebdabaa9a', 'KALTAKQUISE', 'ACTIVE', 0, 'Funktion: Geschäftsführer/in (CEO) | Mitarbeiter: 1 bis 10 | Branche: Kosmetikstudios'),
('db68ebc2-8a31-42b9-b7fc-3bbf22c61499', '0d28a010-12fe-4ee2-9801-df070a53beeb', 'KALTAKQUISE', 'ACTIVE', 0, 'Funktion: Geschäftsführer/in (CEO) | Mitarbeiter: 1 bis 10 | Branche: Kosmetikstudios'),
('c77d46b2-e3b4-41ac-9375-dad6a56ca1f4', 'd980df6f-030b-4764-82cc-7e41fdf5c35c', 'KALTAKQUISE', 'ACTIVE', 0, 'Funktion: Geschäftsführer/in (CEO) | Mitarbeiter: 1 bis 10 | Branche: Kosmetikstudios'),
('95afbec1-c439-454d-bdfa-10dee66672ba', '75ae8409-0677-4eda-8f43-b84daa186099', 'KALTAKQUISE', 'ACTIVE', 0, 'Funktion: Geschäftsführer/in (CEO) | Mitarbeiter: 1 bis 10 | Branche: Kosmetikstudios'),
('5e157e69-a2f3-47b1-a2b0-1f802e89e959', 'd2cdfff4-0db1-49db-a326-ef06db35f4d0', 'KALTAKQUISE', 'ACTIVE', 0, 'Funktion: Geschäftsführer/in (CEO) | Mitarbeiter: 1 bis 10 | Branche: Kosmetikstudios'),
('e10e07d4-443c-46fd-a8ef-5a6d95834331', '4aeee11b-524e-4ea2-a47f-ac3de264dfa1', 'KALTAKQUISE', 'ACTIVE', 0, 'Funktion: Geschäftsführer/in (CEO) | Mitarbeiter: 1 bis 10 | Branche: Kosmetikstudios'),
('f49a88a6-1dda-4a2a-a0ce-257c1e7510d2', '04cb9610-396d-40cd-bcad-65410b52c69b', 'KALTAKQUISE', 'ACTIVE', 0, 'Funktion: Geschäftsführer/in (CEO) | Mitarbeiter: 1 bis 10 | Branche: Kosmetikstudios'),
('ad30ed41-c70b-467e-a6d8-a26313fb38bd', '55a005bc-4a24-4b29-9641-59852e6ba87e', 'KALTAKQUISE', 'ACTIVE', 0, 'Funktion: Geschäftsführer/in (CEO) | Mitarbeiter: 1 bis 10 | Branche: Kosmetikstudios | Rechtsform: Gesellschaft mit beschränkter Haftung'),
('bb29df2f-780a-4cd1-9404-d0197ad2bc08', '58dd5ec7-3b1a-41c0-a34e-9e8e924c0ccb', 'KALTAKQUISE', 'ACTIVE', 0, 'Funktion: Geschäftsführer/in (CEO) | Mitarbeiter: 1 bis 10 | Branche: Kosmetikstudios'),
('26a77139-a959-40ca-84fb-3dbc8e2e58cd', 'dce7f74b-dd59-4b00-8435-b82792bd39a1', 'KALTAKQUISE', 'ACTIVE', 0, 'Funktion: Geschäftsführer/in (CEO) | Mitarbeiter: 1 bis 10 | Branche: Kosmetikstudios'),
('ade43983-e84d-4043-90e7-1cbd77281c74', 'a0f3f332-248e-4d32-b88d-95eb92923363', 'KALTAKQUISE', 'ACTIVE', 0, 'Funktion: Geschäftsführer/in (CEO) | Mitarbeiter: 1 bis 10 | Branche: Kosmetikstudios'),
('fd66964d-1d7f-4b9f-acfc-a88365f88856', 'a3769547-787b-4db2-95cf-3f1e4be62014', 'KALTAKQUISE', 'ACTIVE', 0, 'Funktion: Geschäftsführer/in (CEO) | Mitarbeiter: 1 bis 10 | Branche: Kosmetikstudios'),
('7822326d-b9f3-49eb-8c80-cbfcbc1598f8', '33a27d29-145b-406c-9d35-391767df3513', 'KALTAKQUISE', 'ACTIVE', 0, 'Funktion: Geschäftsführer/in (CEO) | Mitarbeiter: 1 bis 10 | Branche: Kosmetikstudios'),
('f6549348-0845-4c10-b9ec-d536261755e3', '6a6333b2-6fce-4448-a726-5da753442467', 'KALTAKQUISE', 'ACTIVE', 0, 'Funktion: Geschäftsführer/in (CEO) | Mitarbeiter: 1 bis 10 | Branche: Atem- Meditation- & Yogacenter'),
('1e90e869-155b-4990-a53d-9c49ca475aa3', '3048f424-182e-4979-93dd-3981d37cb811', 'KALTAKQUISE', 'ACTIVE', 0, 'Funktion: Geschäftsführer/in (CEO) | Mitarbeiter: 1 bis 10 | Branche: Kosmetikstudios'),
('f23761a1-38ef-463f-ab23-55446e6110af', 'b7a33379-1cf0-4350-8c44-44a5c17f6c95', 'KALTAKQUISE', 'ACTIVE', 0, 'Funktion: Geschäftsführer/in (CEO) | Mitarbeiter: 1 bis 10 | Branche: Kosmetikstudios'),
('4edc8f47-959c-4b65-bb72-274b718bb6ce', '4b613701-8964-43e3-876b-5c1b1c4b27c3', 'KALTAKQUISE', 'ACTIVE', 0, 'Funktion: Geschäftsführer/in (CEO) | Mitarbeiter: 1 bis 10 | Branche: Kosmetikstudios'),
('3d9fc2b9-6f7f-4202-9b0f-039038141d1b', '2b806a19-d301-4d7d-b0c3-ff4367444610', 'KALTAKQUISE', 'ACTIVE', 0, 'Funktion: Geschäftsführer/in (CEO) | Mitarbeiter: 1 bis 10 | Branche: Kosmetikstudios | Rechtsform: Gesellschaft mit beschränkter Haftung'),
('42d9cdcd-53dd-444d-82c1-83da9bd148dd', 'e73df579-4bc0-4e76-8b5e-40bf27a19ddd', 'KALTAKQUISE', 'ACTIVE', 0, 'Funktion: Geschäftsführer/in (CEO) | Mitarbeiter: 1 bis 10 | Branche: Kosmetikstudios'),
('bc521622-8976-4136-8c82-fe049f7cd014', 'eecf419c-dd2e-465e-9faa-71acb3093e16', 'KALTAKQUISE', 'ACTIVE', 0, 'Funktion: Geschäftsführer/in (CEO) | Mitarbeiter: 1 bis 10 | Branche: Kosmetikstudios'),
('d245ddf1-69ad-4c08-b4ea-5fdf50601974', '7b8c13b8-3c33-473d-96ba-4b77826f9c51', 'KALTAKQUISE', 'ACTIVE', 0, 'Funktion: Geschäftsführer/in (CEO) | Mitarbeiter: 1 bis 10 | Branche: Fitnessstudios | Rechtsform: Einzelunternehmen'),
('84102c4c-0bb2-44bd-864a-c0d57f107367', '00c71afe-ab4e-4d2b-90d0-7ba654eeea7a', 'KALTAKQUISE', 'ACTIVE', 0, 'Funktion: Geschäftsführer/in (CEO) | Mitarbeiter: 1 bis 10 | Branche: Kosmetikstudios'),
('833c6df5-0c17-4e69-9708-34c01bd55058', '71202016-7681-405a-a4c3-466d6cdbf123', 'KALTAKQUISE', 'ACTIVE', 0, 'Funktion: Geschäftsführer/in (CEO) | Mitarbeiter: 1 bis 10 | Branche: Kosmetikstudios'),
('0b485411-27d2-424c-911f-7b863054097f', '03f2034b-3cc7-41e6-8ac7-7f69e107c24f', 'KALTAKQUISE', 'ACTIVE', 0, 'Funktion: Geschäftsführer/in (CEO) | Mitarbeiter: 1 bis 10 | Branche: Kosmetikstudios'),
('1ec83fc1-7357-4bf0-89e5-e4e544298491', 'ceea07e6-3020-4c21-9ea8-66ccee0de383', 'KALTAKQUISE', 'ACTIVE', 0, 'Funktion: Geschäftsführer/in (CEO) | Mitarbeiter: 1 bis 10 | Branche: Kosmetikstudios | Rechtsform: Gesellschaft mit beschränkter Haftung'),
('1802377a-48f4-43ed-a77b-b245101134dc', 'a85728bb-8099-4eff-aa8b-4f065d58a028', 'KALTAKQUISE', 'ACTIVE', 0, 'Funktion: Geschäftsführer/in (CEO) | Mitarbeiter: 1 bis 10 | Branche: Kosmetikstudios | Rechtsform: Gesellschaft mit beschränkter Haftung'),
('711c41f3-9b22-497c-bc42-12186f7f598b', 'db12f2c4-9bc0-44b7-be4a-1317269c0552', 'KALTAKQUISE', 'ACTIVE', 0, 'Funktion: Geschäftsführer/in (CEO) | Mitarbeiter: 1 bis 10 | Branche: Kosmetikstudios'),
('8ce16ca1-bceb-4540-9da1-3ae275737ca1', 'a63f86de-c99c-4195-8da3-8f2b57d66cb8', 'KALTAKQUISE', 'ACTIVE', 0, 'Funktion: Geschäftsführer/in (CEO) | Mitarbeiter: 1 bis 10 | Branche: Kosmetikstudios'),
('d6e0f4a1-c2b5-45f3-a82a-2eda705fd474', 'a9fa2f9e-d8ce-448b-afaf-354505247c1e', 'KALTAKQUISE', 'ACTIVE', 0, 'Funktion: Geschäftsführer/in (CEO) | Mitarbeiter: 1 bis 10 | Branche: Kosmetikstudios'),
('360975ba-01ef-46be-97c4-bf2ce715d50c', '5bd2a84f-774a-4f0a-9792-45b154056cad', 'KALTAKQUISE', 'ACTIVE', 0, 'Funktion: Geschäftsführer/in (CEO) | Mitarbeiter: 1 bis 10 | Branche: Kosmetikstudios'),
('0ce4030b-e174-41e1-a2d1-bc0042053a9d', 'f53b89d3-fdd3-47a2-9f63-cef0b87495e6', 'KALTAKQUISE', 'ACTIVE', 0, 'Funktion: Geschäftsführer/in (CEO) | Mitarbeiter: 1 bis 10 | Branche: Kosmetikstudios'),
('2664077e-1130-4505-81c9-79762a2a502b', '2eb2ed33-0117-41a2-bc13-afeeaed632a2', 'KALTAKQUISE', 'ACTIVE', 0, 'Funktion: Geschäftsführer/in (CEO) | Mitarbeiter: 1 bis 10 | Branche: Kosmetikstudios'),
('07e4998c-9189-4a06-a02b-a138d82f5a79', 'dcfabc79-de60-4ae5-8e80-9d2477b6a8ce', 'KALTAKQUISE', 'ACTIVE', 0, 'Funktion: Geschäftsführer/in (CEO) | Mitarbeiter: 1 bis 10 | Branche: Kosmetikstudios'),
('e77c9254-ab61-4c9a-87b6-389df3874ee9', 'a78348a7-14d5-4b1c-9e75-5985c19871d6', 'KALTAKQUISE', 'ACTIVE', 0, 'Funktion: Geschäftsführer/in (CEO) | Mitarbeiter: 1 bis 10 | Branche: Kosmetikstudios | Rechtsform: Einzelunternehmen'),
('c793065e-c8c0-49b3-bb61-87f55ee07382', 'fd44a535-17e9-4118-b0b6-6aa47bf4c6fb', 'KALTAKQUISE', 'ACTIVE', 0, 'Funktion: Geschäftsführer/in (CEO) | Mitarbeiter: 1 bis 10 | Branche: Kosmetikstudios'),
('ec65b12a-1364-4cf0-a064-8a1b23ab6e1d', 'b2de5829-a855-4611-b27d-5ac013aa57bb', 'KALTAKQUISE', 'ACTIVE', 0, 'Funktion: Geschäftsführer/in (CEO) | Mitarbeiter: 1 bis 10 | Branche: Kosmetikstudios'),
('1fd67570-654a-4848-804a-450d4e15a916', 'dddef085-ec61-4f7d-b389-b9eaf713ab10', 'KALTAKQUISE', 'ACTIVE', 0, 'Funktion: Geschäftsführer/in (CEO) | Mitarbeiter: 1 bis 10 | Branche: Kosmetikstudios'),
('63fa57dc-6d84-40e6-95c9-3bd24ec71d64', 'b5530ed3-9ae1-43aa-8c49-be89599c641e', 'KALTAKQUISE', 'ACTIVE', 0, 'Funktion: Geschäftsführer/in (CEO) | Mitarbeiter: 1 bis 10 | Branche: Kosmetikstudios'),
('e8a125a5-a3ca-461a-bb36-bdfb3a7f882f', '5351a7d4-9b32-4a75-80ea-a3742147a23c', 'KALTAKQUISE', 'ACTIVE', 0, 'Funktion: Geschäftsführer/in (CEO) | Mitarbeiter: 1 bis 10 | Branche: Kosmetikstudios'),
('b7dd3e8f-eaf3-484c-b0a0-a66f8834c023', '96406ad5-db5e-49d1-adc1-cdd293bff678', 'KALTAKQUISE', 'ACTIVE', 0, 'Funktion: Geschäftsführer/in (CEO) | Mitarbeiter: 1 bis 10 | Branche: Kosmetikstudios'),
('6491bb0c-5a56-434f-92f5-0b1bd626f816', 'fcaebba5-61e3-4e7d-8f31-a9617446164e', 'KALTAKQUISE', 'ACTIVE', 0, 'Funktion: Geschäftsführer/in (CEO) | Mitarbeiter: 1 bis 10 | Branche: Kosmetikstudios'),
('f1dc473e-4191-436f-a699-18a730f05eb5', '55ba7e37-963c-41ca-bdac-106724cf2efc', 'KALTAKQUISE', 'ACTIVE', 0, 'Funktion: Geschäftsführer/in (CEO) | Mitarbeiter: 1 bis 10 | Branche: Kosmetikstudios'),
('38b313b1-457e-42f9-b3ea-4ca3fbe1e30e', 'c1f0e7aa-6641-4ea4-aed5-f9a1db53523d', 'KALTAKQUISE', 'ACTIVE', 0, 'Funktion: Geschäftsführer/in (CEO) | Mitarbeiter: 1 bis 10 | Branche: Kosmetikstudios'),
('dad2f3df-0edb-4b23-9f2e-24f99f3ab304', '7cee46d6-817a-4079-8206-3405f568d915', 'KALTAKQUISE', 'ACTIVE', 0, 'Funktion: Geschäftsführer/in (CEO) | Mitarbeiter: 1 bis 10 | Branche: Kosmetikstudios'),
('fd7e14cb-f924-4f3c-9c48-0a411ade84e0', '147aa465-48ac-4bfe-8f93-5fd63e91361e', 'KALTAKQUISE', 'ACTIVE', 0, 'Funktion: Geschäftsführer/in (CEO) | Mitarbeiter: 1 bis 10 | Branche: Innenausstatter');

INSERT INTO lead_tags (lead_id, tag_id) VALUES
('a51be212-c66b-4a9b-9681-f6d363366d35', 'ka-b2b'),
('221df41b-47e9-414f-888f-8c74d4ee9556', 'ka-b2b'),
('c7634081-2ffb-45ba-bc43-4710831a0f90', 'ka-b2b'),
('04da3b85-cd03-44e4-86f3-d91ee69ba477', 'ka-b2b'),
('ad9c0127-1695-4d6c-85aa-4b005dd1ec2f', 'ka-b2b'),
('99c6b9c5-9194-4bf5-9642-75e2b607abdb', 'ka-b2b'),
('b5652770-729e-45ea-a7b5-a4463db35205', 'ka-b2b'),
('2c795a95-68fd-47a7-b8b7-9c03fa567c20', 'ka-b2b'),
('b64a88af-6a2a-41b5-8496-313e6159c095', 'ka-b2b'),
('64813d4c-ce59-4964-9a84-409b5af790f6', 'ka-b2b'),
('2fb7d094-5fc5-41ad-8f95-1d04502feb66', 'ka-b2b'),
('4087524b-9acb-461d-8b06-06766bd0aa09', 'ka-b2b'),
('bec5afa6-eb9a-47f9-b51c-59459c7e1cf4', 'ka-b2b'),
('995fb72a-e500-46c6-9ee5-04b6ccba0f54', 'ka-b2b'),
('125ec46c-1093-4b40-81d4-bd624dae73d4', 'ka-b2b'),
('15391a87-8a50-498f-a39e-e6d1c6c28c14', 'ka-b2b'),
('a557522e-3b84-4095-802e-5e710c34df15', 'ka-b2b'),
('647baf59-e841-49d5-aa7e-c33fee2c265c', 'ka-b2b'),
('0532c691-649e-4561-90dd-b41c90d80c7c', 'ka-b2b'),
('372fa802-3dd8-420e-854c-1bd51c84f82f', 'ka-b2b'),
('cd3e975b-4b7d-44a3-8907-d5d43f90d078', 'ka-b2b'),
('4ccfa302-61ae-4236-940d-96e16bf6144a', 'ka-b2b'),
('577fa3d4-47ad-4e9f-a335-44a04a272e69', 'ka-b2b'),
('8af1d3a1-b76d-4fda-a504-ff3de17d6d31', 'ka-b2b'),
('1571ab6c-0820-48d5-8071-1965f6a5c87d', 'ka-b2b'),
('cbcff4f5-067c-4eea-af2b-1c542e77aba6', 'ka-b2b'),
('c0e6d75f-312e-404d-965c-b3f3960b42c2', 'ka-b2b'),
('246f1aa7-9160-4db0-9a1e-ec4dd3bbf3a9', 'ka-b2b'),
('dcd45db0-b0c5-4d65-a13d-6e5d5029a26d', 'ka-b2b'),
('f3344ee0-3efe-4ed5-be7f-5de80b587964', 'ka-b2b'),
('e446ca75-52bf-4290-a4e0-3b14fb0bc17d', 'ka-b2b'),
('47d91fe5-9aaa-47ad-9a36-fcd9090612c9', 'ka-b2b'),
('caa9b6b6-00b2-4349-acf8-717443b54e99', 'ka-b2b'),
('5468d038-fd02-4786-a3c4-cdeeed92cb8e', 'ka-b2b'),
('a76ba1fc-0463-4e9d-bcaa-ab83ecd72387', 'ka-b2b'),
('f04d0268-67c9-4a59-8fe6-3ddf47ce0e21', 'ka-b2b'),
('5e2d867f-7348-421c-84bc-3115002d0ee5', 'ka-b2b'),
('734d6705-a1fe-4676-8125-d0a3bc24c3e3', 'ka-b2b'),
('47fc020a-3906-4af1-b513-26856f5ca3b9', 'ka-b2b'),
('3c1e65dd-0f19-4562-9794-218b171221ab', 'ka-b2b'),
('a8adef65-141d-4e62-94a5-908281e8eab6', 'ka-b2b'),
('aad95fdb-8917-4f6c-8d2c-f5b5b4253f23', 'ka-b2b'),
('a00cb4d0-9c65-415f-a1bb-49aaf6541fad', 'ka-b2b'),
('d87f0ed1-2e3f-431e-8830-567a7201de6c', 'ka-b2b'),
('64137126-3d30-4ae3-bff5-ad7ed7b47adf', 'ka-b2b'),
('83cbf611-2caa-4f44-ba3f-25e6208139cf', 'ka-b2b'),
('a2f535a4-e9d3-4b76-882f-6d17f4a0d86d', 'ka-b2b'),
('b448f254-4139-403f-9146-4e57776bb1bb', 'ka-b2b'),
('c2a0c57a-104c-40ea-b6a8-91d48350c47c', 'ka-b2b'),
('f89e4d0a-d79d-4bff-a521-c188f963e1d8', 'ka-b2b'),
('f3e1bdcc-e1dd-4e92-9ef9-b983330f1aaf', 'ka-b2b'),
('0fb6e9ed-3208-4913-8747-48e39471ed71', 'ka-b2b'),
('ea533541-ff4d-4ea0-b751-01acb574b033', 'ka-b2b'),
('d00944dd-afa0-47b6-a00d-ed2d34ff803d', 'ka-b2b'),
('1ef57f98-3779-42a9-8a0a-55bdb2bad002', 'ka-b2b'),
('79ea3cda-e372-4a6b-887d-d16895c78d99', 'ka-b2b'),
('278830d6-2043-4aac-bcac-6093478778a9', 'ka-b2b'),
('dceba41f-44dc-4391-b3f0-502d3d07f2e2', 'ka-b2b'),
('0d138d61-63d9-4762-812c-554d308c04bd', 'ka-b2b'),
('857047c2-0b31-4c73-9017-2a48eef533ff', 'ka-b2b'),
('1bc8a394-4de9-4907-864b-1147ef5cbd49', 'ka-b2b'),
('8fc1cbda-9671-42d2-98f1-501994e2f625', 'ka-b2b'),
('9f244c6d-370e-4f91-bc99-eff753457fca', 'ka-b2b'),
('d640f4f7-7d1a-4444-8423-d863cdf462e5', 'ka-b2b'),
('52d3fb88-f8ea-47cd-85df-8718adf02335', 'ka-b2b'),
('d4a21bbb-4c51-4c87-93de-71ecd534be6a', 'ka-b2b'),
('93d81f45-987a-472b-858f-3c08005ad61b', 'ka-b2b'),
('a07f93d1-5e20-4a44-a854-a21f33e4fc0f', 'ka-b2b'),
('d0c3a1e6-ea47-48a0-a39a-d0a1a1d5648a', 'ka-b2b'),
('7a674f04-8e70-4929-8920-7920e02c7c8e', 'ka-b2b'),
('2deca46c-8dac-4f61-a563-f0a361bad141', 'ka-b2b'),
('07aaf29e-d91a-4d9d-a697-c33faa0a62a1', 'ka-b2b'),
('6bf20eb1-f0ac-4846-bb93-4eeec1c86c3e', 'ka-b2b'),
('7febad55-3f50-44d8-91d9-651a27c97f42', 'ka-b2b'),
('36ca247f-907d-4e29-825a-19dc71e1d88d', 'ka-b2b'),
('3fa3e1ed-a28c-4d93-8c6c-06933fc5b34b', 'ka-b2b'),
('9010fe51-b40e-431c-9a46-81a592466953', 'ka-b2b'),
('573aa4dc-4781-4707-9d5b-f55d0e0d7581', 'ka-b2b'),
('ba8833ee-13d8-49f2-9952-2b767c652ce3', 'ka-b2b'),
('1fd6a4ac-a1cc-4422-8271-6d01a04c8925', 'ka-b2b'),
('13475880-dd43-45ec-a436-e0c3083d390b', 'ka-b2b'),
('cc07284d-c116-4459-a0f7-bde7024c3fa1', 'ka-b2b'),
('3c0f73e7-d48d-4093-98b7-3003b9fdef2c', 'ka-b2b'),
('08d9f55f-a94a-404d-867d-29f8b22a7380', 'ka-b2b'),
('3936c101-717f-4ea3-ba58-096e64409694', 'ka-b2b'),
('63965db1-1771-4e8b-8bb0-0e08336d154d', 'ka-b2b'),
('aae8cd41-4d9e-404a-9bce-5c0e5397a166', 'ka-b2b'),
('317fcb3c-fddc-4d79-9f05-9a87ea80460a', 'ka-b2b'),
('79a88a7a-0bc1-41b8-acb3-68dfb871287a', 'ka-b2b'),
('40dc20e8-2448-4e86-bad4-da8cb0173883', 'ka-b2b'),
('2de9a830-984c-4221-8196-e1c735d345ef', 'ka-b2b'),
('502e424a-c547-491e-971d-d004801e8d13', 'ka-b2b'),
('2e65337b-47c2-4cd9-9aba-bfe8c695b5ad', 'ka-b2b'),
('e6aea69d-c1c2-49b0-b282-dbf0fe883146', 'ka-b2b'),
('9179113c-bbd8-4305-a59c-2654735bc5e3', 'ka-b2b'),
('82fff86c-e979-4103-b584-e463fec72491', 'ka-b2b'),
('371f6de3-3826-4a9c-8c76-62d256b1fb12', 'ka-b2b'),
('7ccdfcaa-09ec-47e0-a16c-f9af2345d326', 'ka-b2b'),
('6fa40069-4dbb-4723-8707-106b00fcbaf3', 'ka-b2b'),
('cff4fbfb-8677-4d49-bf2e-ecf375a70887', 'ka-b2b'),
('1473e475-b8bd-4815-a985-ca19bbf7d0ef', 'ka-b2b'),
('a772bc7c-af05-4676-a410-46e8f3d6eb36', 'ka-b2b'),
('63daff3a-1b41-45a7-b932-7fe8bb378547', 'ka-b2b'),
('50cb9fbc-b371-494c-ad51-211153241b7b', 'ka-b2b'),
('cbcdf722-2615-43f4-b7f9-599718be0e20', 'ka-b2b'),
('571490bb-4e5c-437b-97bd-1864d946161c', 'ka-b2b'),
('277da7eb-a881-43d4-aec0-d0820ec281fc', 'ka-b2b'),
('6ddc1f2c-fdf0-4806-bdd1-9cc3af60c1d0', 'ka-b2b'),
('52fa3546-adb8-4efd-9591-20949289e422', 'ka-b2b'),
('c6f60bed-92e5-4585-abb8-da6b96e4f39d', 'ka-b2b'),
('c0b49b44-3a42-4d86-9c1d-ce9083755472', 'ka-b2b'),
('93cf4f85-63c5-4880-a8cf-f5ce6bb39793', 'ka-b2b'),
('be0b2be0-f724-4433-9694-48a233ae27b5', 'ka-b2b'),
('5ea9f6b4-79ab-40bc-aff0-eb6dab33186d', 'ka-b2b'),
('39e5918b-ecf9-45d9-9d17-a3379a82bcc3', 'ka-b2b'),
('65b3ae2e-e646-4bb1-ab80-7f081df95703', 'ka-b2b'),
('1dfca4a5-7b68-48f9-8406-024f4bf44774', 'ka-b2b'),
('04aabbc6-fb95-4cb7-80ee-646fcbfa9f28', 'ka-b2b'),
('ed38b950-3a90-4ae6-9503-96bafa286b46', 'ka-b2b'),
('82a61e76-7369-4496-a6b0-4bd101a22859', 'ka-b2b'),
('280d74f1-3b38-4b5d-96bc-ba23748bb795', 'ka-b2b'),
('0f83d74a-0af2-41a4-941f-40d638ba14be', 'ka-b2b'),
('024ac1ec-5f2d-48dc-9be3-b0d633b4845a', 'ka-b2b'),
('88e009b9-51a8-4fe9-bedc-45d4841addd7', 'ka-b2b'),
('ae1657ef-27d3-406a-9f78-369b082aa299', 'ka-b2b'),
('b2ac86f1-d83a-4217-a65b-c190462115a1', 'ka-b2b'),
('f102e280-278c-428a-8646-48e3bab6cec6', 'ka-b2b'),
('4cb98447-dbe4-4bb1-bac9-d85418b14e97', 'ka-b2b'),
('0c2500e5-7b1b-4f3d-80e4-4c95f881da08', 'ka-b2b'),
('ff501439-93e3-4e59-8fd8-744ffe777701', 'ka-b2b'),
('1f226315-65b0-407a-86c4-5c8f2a653912', 'ka-b2b'),
('4faf1c20-8be9-416a-ba1a-e67ec2168c45', 'ka-b2b'),
('c5442b58-475e-4bd0-9a82-90ffde3b3a4a', 'ka-b2b'),
('9dcdc096-ca1e-4f29-9582-0869bd4bc0c8', 'ka-b2b'),
('f5a5a667-43f4-48a8-9d3a-6c9ec3432057', 'ka-b2b'),
('b144d28e-e13b-4af5-a396-96eafb6e2262', 'ka-b2b'),
('da1de937-2ea4-42f1-90fc-060aecefe7ce', 'ka-b2b'),
('8c9d4090-3c96-4e60-8c12-7536ce4cb4ff', 'ka-b2b'),
('ce79bf23-0f46-4467-908e-67199529c42f', 'ka-b2b'),
('4a953b5b-65ff-4e03-abae-c3fc88bc7288', 'ka-b2b'),
('a62e8c83-b534-4584-9b99-cecf0d66ebbd', 'ka-b2b'),
('9fe30aee-af0e-4e48-b5d2-1d5002a6b490', 'ka-b2b'),
('fe958fc2-e269-4323-b706-53f7ed35a16b', 'ka-b2b'),
('409e1058-994a-4140-9ed7-efb733f03e9e', 'ka-b2b'),
('64718ff8-f9b5-4219-a747-5b140bb762b3', 'ka-b2b'),
('a9d6ef79-d249-425b-8b74-91141669809e', 'ka-b2b'),
('2ba5d93c-f8af-4c83-8f8c-d30700f2e299', 'ka-b2b'),
('4c228a5d-53eb-40d6-bedb-65342ce72acb', 'ka-b2b'),
('f97bea44-cc8e-4aca-adfe-e02749b56392', 'ka-b2b'),
('5bd52e10-f3fe-45a9-b3f1-d9e4f18247f5', 'ka-b2b'),
('086e09cc-a855-4d27-976b-1a4c93e73f26', 'ka-b2b'),
('ed81408b-4046-4df7-b9cb-93c643b1821c', 'ka-b2b'),
('0dc773b4-2c87-477e-9ba5-21f248eb66c5', 'ka-b2b'),
('7251c53f-cdd8-4b0d-8240-684bdd53c97d', 'ka-b2b'),
('5d4cd369-7120-4a12-b099-cb4d1d7d440a', 'ka-b2b'),
('e4e7b497-2b45-4b11-ae9c-d721faf7a8e5', 'ka-b2b'),
('db68ebc2-8a31-42b9-b7fc-3bbf22c61499', 'ka-b2b'),
('c77d46b2-e3b4-41ac-9375-dad6a56ca1f4', 'ka-b2b'),
('95afbec1-c439-454d-bdfa-10dee66672ba', 'ka-b2b'),
('5e157e69-a2f3-47b1-a2b0-1f802e89e959', 'ka-b2b'),
('e10e07d4-443c-46fd-a8ef-5a6d95834331', 'ka-b2b'),
('f49a88a6-1dda-4a2a-a0ce-257c1e7510d2', 'ka-b2b'),
('ad30ed41-c70b-467e-a6d8-a26313fb38bd', 'ka-b2b'),
('bb29df2f-780a-4cd1-9404-d0197ad2bc08', 'ka-b2b'),
('26a77139-a959-40ca-84fb-3dbc8e2e58cd', 'ka-b2b'),
('ade43983-e84d-4043-90e7-1cbd77281c74', 'ka-b2b'),
('fd66964d-1d7f-4b9f-acfc-a88365f88856', 'ka-b2b'),
('7822326d-b9f3-49eb-8c80-cbfcbc1598f8', 'ka-b2b'),
('f6549348-0845-4c10-b9ec-d536261755e3', 'ka-b2b'),
('1e90e869-155b-4990-a53d-9c49ca475aa3', 'ka-b2b'),
('f23761a1-38ef-463f-ab23-55446e6110af', 'ka-b2b'),
('4edc8f47-959c-4b65-bb72-274b718bb6ce', 'ka-b2b'),
('3d9fc2b9-6f7f-4202-9b0f-039038141d1b', 'ka-b2b'),
('42d9cdcd-53dd-444d-82c1-83da9bd148dd', 'ka-b2b'),
('bc521622-8976-4136-8c82-fe049f7cd014', 'ka-b2b'),
('d245ddf1-69ad-4c08-b4ea-5fdf50601974', 'ka-b2b'),
('84102c4c-0bb2-44bd-864a-c0d57f107367', 'ka-b2b'),
('833c6df5-0c17-4e69-9708-34c01bd55058', 'ka-b2b'),
('0b485411-27d2-424c-911f-7b863054097f', 'ka-b2b'),
('1ec83fc1-7357-4bf0-89e5-e4e544298491', 'ka-b2b'),
('1802377a-48f4-43ed-a77b-b245101134dc', 'ka-b2b'),
('711c41f3-9b22-497c-bc42-12186f7f598b', 'ka-b2b'),
('8ce16ca1-bceb-4540-9da1-3ae275737ca1', 'ka-b2b'),
('d6e0f4a1-c2b5-45f3-a82a-2eda705fd474', 'ka-b2b'),
('360975ba-01ef-46be-97c4-bf2ce715d50c', 'ka-b2b'),
('0ce4030b-e174-41e1-a2d1-bc0042053a9d', 'ka-b2b'),
('2664077e-1130-4505-81c9-79762a2a502b', 'ka-b2b'),
('07e4998c-9189-4a06-a02b-a138d82f5a79', 'ka-b2b'),
('e77c9254-ab61-4c9a-87b6-389df3874ee9', 'ka-b2b'),
('c793065e-c8c0-49b3-bb61-87f55ee07382', 'ka-b2b'),
('ec65b12a-1364-4cf0-a064-8a1b23ab6e1d', 'ka-b2b'),
('1fd67570-654a-4848-804a-450d4e15a916', 'ka-b2b'),
('63fa57dc-6d84-40e6-95c9-3bd24ec71d64', 'ka-b2b'),
('e8a125a5-a3ca-461a-bb36-bdfb3a7f882f', 'ka-b2b'),
('b7dd3e8f-eaf3-484c-b0a0-a66f8834c023', 'ka-b2b'),
('6491bb0c-5a56-434f-92f5-0b1bd626f816', 'ka-b2b'),
('f1dc473e-4191-436f-a699-18a730f05eb5', 'ka-b2b'),
('38b313b1-457e-42f9-b3ea-4ca3fbe1e30e', 'ka-b2b'),
('dad2f3df-0edb-4b23-9f2e-24f99f3ab304', 'ka-b2b'),
('fd7e14cb-f924-4f3c-9c48-0a411ade84e0', 'ka-b2b');
