-- Batch 258 (200 records)
INSERT INTO contacts (id, first_name, last_name, email, phone, company, address) VALUES
('ab7421e2-2b39-463a-8cec-a1d46b79c581', 'Christian', 'Wirz', 'info@malerwirz.ch', '062 771 46 09', 'Maler Wirz AG', 'Russirainstrasse 28, 5737 Menziken, Aargau'),
('d564ca7c-fbe8-49df-a373-f89d938341a2', 'Jakov', 'Matos', 'info@maler-wissmannag.ch', '043 538 66 58', 'Maler Wissmann AG', 'Weihermattstrasse 71, 8902 Urdorf, Zürich'),
('635d61fe-bb01-4400-8745-1885841a582c', 'Wolfgang', 'Kuttnig', 'kuttnig.w@bluewin.ch', '079 438 50 35', 'Maler Wolfgang Kuttnig', 'Wilenstrasse 101, 8832 Wollerau, Schwyz'),
('c09e6f6c-f5e5-4ca1-8a9d-1eb8481ccedb', 'Adrian', 'Wyss', 'malerwyss@outlook.com', '079 902 80 67', 'Maler Wyss Brienz GmbH', 'Ebligen 1, 3855 Brienz, Bern'),
('796d7659-6393-4bbf-b5bc-aeecd855aced', 'Dany', 'Zbinden', 'info@maler-zbinden.ch', '055 440 56 11', 'Maler Zbinden Lachen GmbH', 'Sagenriet 22, 8853 Lachen, Schwyz'),
('aacaf9f9-bc49-48a0-92a2-705bffb07a9b', 'Oliver', 'Zenhäusern', 'mail@malerzenhaeusern.ch', '079 216 80 60', 'MALER Zenhäusern GmbH', 'Lachenstrasse 19, 4056 Basel, Basel-Stadt'),
('d9a5660b-70dd-425c-9eb9-4c05d357df9a', 'Roger', 'Zimmermann', 'info@malerzimmermann.ch', '079 190 40 40', 'Maler Zimmermann GmbH', 'Gerlisbergstrasse 29, 8303 Bassersdorf, Zürich'),
('3c10d520-b53c-45db-96b4-b2c5200efc96', 'Stefan', 'Zollinger', 'info@maler-zollinger.ch', '079 502 50 89', 'Maler Zollinger GmbH', 'Rautistrasse 153, 8048 Zürich, Zürich'),
('7cceca3b-0fd4-40c6-b78a-eb03f0ac442a', 'Zoran', 'Paunovic', 'info@maler-zorro.ch', '076 341 13 31', 'Maler Zorro Z. Paunovic', 'Sedelstrasse 24, 6020 Emmenbrücke, Luzern'),
('ceab920d-94b2-43bb-9922-e0b54694f029', 'Mark', 'Zurlinden', 'info@malerzurlindengmbh.ch', '079 503 70 70', 'Maler Zurlinden GmbH', 'In der Au 11, 8547 Gachnang, Thurgau'),
('597cd9de-f761-48aa-b999-e7ad2eaa56c6', 'Christian', 'Manz', 'malergipser_manz@bluewin.ch', '079 822 35 26', 'Maler/Gipserarbeiten Christian Manz', 'Hinterer Kirchweg 1, 8194 Hüntwangen, Zürich'),
('9bb0c7eb-2c78-407e-af26-c77cd9315df7', 'Maurizio', 'Algaria', 'info@maleralgaria.ch', '079 215 07 29', 'Maleralgaria', 'Sonnhaldestrasse 16, 5212 Hausen, Aargau'),
('79b7d11e-c826-4437-938e-d10dfc7ad342', 'Charly', 'Wolf', 'kontakt@malerwolf.ch', '076 421 81 10', 'Malerarbeiten Ch. Wolf GmbH', 'Im Holzerhurd 50, 8046 Zürich, Zürich'),
('ecc2256f-225c-4986-80e2-2dd46975158a', 'Michael', 'Riedel', 'riedelmichael@gmx.ch', '076 728 66 49', 'Malerarbeiten Michael Riedel', 'Im Brühl 2, 8112 Otelfingen, Zürich'),
('e08977aa-bc30-4827-b675-cae04cae4522', 'Walter', 'Lutz', 'maler.lutz@bluewin.ch', '079 740 42 57', 'Malerarbeiten Walter Lutz', 'Neugasse 5, 8267 Berlingen, Thurgau'),
('27114eb6-a879-477d-8a82-18dc01fedd20', 'Peter', 'Abt', 'abtpeter.maleratelier@hotmail.com', '079 606 75 46', 'Maleratelier Abt', 'Marschalkenstrasse 121, 4054 Basel, Basel-Stadt'),
('09fe8d86-eec4-4c5d-9462-36da6fdf12df', 'Daniel', 'Heinrich', 'maleratelierheinrich@gmx.ch', '079 319 99 11', 'Maleratelier Daniel Heinrich', 'Kirchenfeldstrasse 29, 3250 Lyss, Bern'),
('d6ae60b1-6a92-4623-91a9-d7622d56fc03', 'Fernando', 'Marques', 'info@malermarques.ch', '061 721 86 78', 'Maleratelier F. Marques GmbH', 'Im Rosengarten 10, 4106 Therwil, Basel-Land'),
('a6ad73ae-9909-4167-9075-9225ad52fa30', 'Konrad', 'Schmassmann', 'k.schmassmann@bluewin.ch', '061 692 41 00', 'Maleratelier Konrad Schmassmann', 'Grienstrasse 116, 4055 Basel, Basel-Stadt'),
('f8de420f-b7cf-49dc-bc05-98a85362b691', 'Claudio', 'Losavio', 'info@losavio.ch', '081 322 22 01', 'Maleratelier Losavio AG', 'Freihofstrasse 8, 7302 Landquart, Graubünden'),
('e5ea4dbb-cbed-4682-8004-754c11316394', 'Michèle', 'Bürgi', 'michelebuergi@gmx.ch', '078 732 74 90', 'maleratelier michèle bürgi & Co', 'Lenzburgerstrasse 2, 5600 Ammerswil, Aargau'),
('0032e952-e677-49c6-b313-a1964b0d10b5', 'Jorge', 'Ramirez', 'ramirez.maler@hotmail.com', '061 641 07 77', 'Maleratelier Ramirez', 'Rosentalstrasse 24, 4058 Basel, Basel-Stadt'),
('be8c833e-fc84-4426-b79c-14808e3e9c4e', 'Roland', 'Gschwind', 'roland.gschwind@gmail.com', '079 302 60 04', 'Maleratelier Roland Gschwind', 'Baslerstrasse 23, 4106 Therwil, Basel-Land'),
('ce0feb9d-9ede-416e-b22d-81777e7f9fe8', 'Daniel', 'Zapf', 'zapf@maler-zapf.ch', '079 364 72 77', 'Maleratelier Zapf', 'Balmer-Strasse 5, 4053 Basel, Basel-Stadt'),
('973d6229-41a0-487e-9a9b-ea5843f1a77d', 'Philipp', 'Grob', 'pgrob@grobmaler.ch', '071 994 26 22', 'Malerbetrieb Grob AG', 'Toggenburgerstrasse 2, 9652 Neu St. Johann, St. Gallen'),
('2511a4ca-e9b5-4b8c-a826-22d3a18e5c73', 'Corina', 'Mahrer', 'malerbetrieb.mahrer@gmx.ch', '079 388 96 25', 'Malerbetrieb Mahrer', 'Mitteldorfstrasse 5, 5072 Oeschgen, Aargau'),
('80e92217-70b3-421f-b6f7-f5041306056a', 'Daniel', 'Scheurer', 'mueller.scheurer@bluewin.ch', '062 797 68 61', 'Malerbetrieb Müller AG', 'Blumenweg 6, 4665 Oftringen, Aargau'),
('eca1234b-f2b6-495c-b349-3c657911d3a5', 'Stefan', 'Schneider', 'schneider.mels@bluewin.ch', '079 418 22 37', 'Malerbetrieb Schneider', 'Butzerstrasse 101, 8887 Mels, St. Gallen'),
('59ed99c5-9c00-4d71-9266-177d3d22f2c7', 'Michael', 'Bruggmann', 'bruggmannag@bluewin.ch', '071 950 01 31', 'Maler-Bruggmann GmbH', 'Meisenstrasse 4, 9244 Niederuzwil, St. Gallen'),
('f0fb3b2f-8ec0-49dc-ac9d-144721e4fcaa', 'Danilo', 'Guerini', 'info@malereiguerini.ch', '071 855 74 12', 'Malerei & Farbenhaus Guerini GmbH', 'Sulzstrasse 25, 9403 Goldach, St. Gallen'),
('d45dcb78-b301-44d4-945e-5930c5ac3f7c', 'Simone', 'Egger', 'eggerhandwerk@yahoo.com', '079 512 21 23', 'Malerei & Farbgestaltung Simone Egger', 'Mittelstrasse 30, 4912 Aarwangen, Bern'),
('8140d264-961d-4658-bd48-47d0bc90ba3c', 'Daniel', 'Zaugg', 'mail@zauggstaehli.ch', '078 682 44 44', 'Malerei & Gipserei Zaugg Stähli GmbH', 'Goldiwilstrasse 39, 3600 Thun, Bern'),
('34ee11f6-6c05-4b07-b0a5-44e600298de1', 'Hans-Rudolf', 'Flückiger', 'info@malerei-amstutz.ch', '031 932 21 44', 'Malerei Amstutz GmbH', 'Obereichistrasse 8, 3148 Lanzenhäusern, Bern'),
('aa0cf8d4-3e4c-40b9-9ab8-a9f1004f97ed', 'Andreas', 'Schmid', 'malerei-andreas-schmid@bluewin.ch', '031 829 58 68', 'Malerei Andreas Schmid', 'Leimerenweg 7, 3043 Uettligen, Bern'),
('521ddc8a-2786-499e-b056-3d537e809865', 'Philippe', 'Anselmini', 'malerei@anselmini.ch', '031 802 06 51', 'Malerei Anselmini GmbH', 'Werner Abeggstrasse 41, 3132 Riggisberg, Bern'),
('114670bb-13c0-4f81-b164-2e007437f290', 'Walter Markus', 'Roos-Brunner', 'info@malerei-antenen.ch', '071 243 52 22', 'Malerei Antenen AG', 'Scheffelstrasse 1, 9004 St. Gallen, St. Gallen'),
('25fff299-fee9-4dad-994c-f7f4a53b410a', 'Anton', 'Gartmann', 'toni.gartmann@gmx.ch', '079 794 29 44', 'Malerei Anton Gartmann', 'Glarinaweg 2, 7317 Valens, St. Gallen'),
('132328ab-4aad-46da-97d7-e373fb3a4f92', 'Marcel', 'Aufdermauer', 'm.a.aufdermauer@bluewin.ch', '079 643 40 90', 'Malerei Aufdermauer', 'Technikumstrasse 6, 6048 Horw, Luzern'),
('ab11dc18-7293-40df-865d-92df2d29c924', 'Beat', 'Tanner', 'info@malerei-tanner.ch', '031 331 18 44', 'Malerei B. Tanner GmbH', 'Standstrasse 3, 3014 Bern, Bern'),
('1600d417-89ef-4c90-88a2-1034a5d19e97', 'Stefan', 'Bär', 'malereibaer@bluewin.ch', '071 463 51 48', 'Malerei Bär AG', 'Friedhofstrasse 13, 8590 Romanshorn, Thurgau'),
('cc0640d5-eb6e-4f2e-ba90-28aee33ea44c', 'Ivan', 'Bärtschi', 'info@dermaler.ch', '062 923 46 46', 'Malerei Bärtschi AG', 'Sonnhaldestrasse 2, 4922 Bützberg, Bern'),
('110c205e-03aa-4d04-adbc-e0b3fdf4a47e', 'Alice', 'Blaser', 'info@malereiblaser.ch', '079 233 04 94', 'Malerei Blaser GmbH', 'Bümplizstrasse 150, 3018 Bern, Bern'),
('c8439112-5aa8-4b25-9ddd-131ed85d8b7a', 'Patrick', 'Boos', 'boos-malerei@bluewin.ch', '079 434 16 19', 'Malerei Boos Patrick', 'Ostermundigenstrasse 14, 3006 Bern, Bern'),
('5fd79b31-d77c-47ed-88bb-e38a08533014', 'Bruno', 'Schafer', 'bruno.schaferag@bluewin.ch', '079 208 19 49', 'Malerei Bruno Schafer AG', 'Zimmerwaldstrasse 30, 3122 Kehrsatz, Bern'),
('7f499e0d-d623-43c7-828d-a8a4a01df663', 'Samir', 'Tabakovic', 'info@malerei-dunkel.ch', '078 711 52 19', 'Malerei Dunkel GmbH', 'Weidengasse 49, 4052 Basel, Basel-Stadt'),
('b61d756b-7cae-4896-ab07-b6eb97e98dcc', 'Roland', 'Engeler', 'info@malereiengeler.ch', '079 222 23 03', 'Malerei Engeler GmbH', 'St. Gallerstrasse 13, 9402 Mörschwil, St. Gallen'),
('36dd59c4-82a5-4560-a5c4-d0ad3f639b46', 'Hansjakob', 'Engler', 'post@malereiengler.ch', '079 227 26 26', 'Malerei Engler', 'Glathalden 11, 9475 Sevelen, St. Gallen'),
('0e0a70bf-09cb-471d-8fdb-d7642e4bfc8a', 'Karin', 'Wüthrich', 'karin.wuethrich@maler-pfister.ch', '079 101 71 86', 'Malerei Farbakzent', 'Bahnweg, 3661 Uetendorf, Bern'),
('371d6f27-cd5f-403c-9a84-6c2019fe97ea', 'Walter', 'Fischbacher', 'fischbacher.ag@swissonline.ch', '071 951 04 54', 'Malerei Fischbacher AG', 'Bürerfeld 18a, 9245 Oberbüren, St. Gallen'),
('0c7fc430-057d-4a19-bdd2-2e572c14cb4a', 'Marc', 'Flühmann', 'info@malerei-fluehmann.ch', '078 759 39 17', 'Malerei Flühmann', 'Kanalweg 36, 3422 Kirchberg, Bern'),
('19fb31be-bfb9-455e-b2cf-2b3a570385a4', 'Denis Angelo', 'Forchini', 'malerei-fresco@bluewin.ch', '071 988 50 36', 'Malerei Fresco GmbH', 'Wiget-Strasse 3, 9630 Wattwil, St. Gallen'),
('6f4002b7-b441-441d-af19-d9c5150fdef5', 'Fritz', 'Liechti', 'malerei.liechti@bluewin.ch', '031 765 54 02', 'Malerei Fritz Liechti', 'Chrümmliweg 17, 3254 Messen, Solothurn'),
('805e6670-9b09-49fa-85b8-e7cfc78bbcd2', 'Beat', 'Fuhrimann', 'info@maler-fuhrimann.ch', '079 959 06 62', 'Malerei Fuhrimann', 'Badweg 22a, 3038 Kirchlindach, Bern'),
('18065210-5e6f-43ee-a6e9-fb6ff7f9b9aa', 'Fabrizio', 'Gallo', 'info@malerei-gallo.ch', '077 401 39 65', 'Malerei Gallo', 'Gummenweg 25, 2543 Lengnau, Bern'),
('f767df45-5159-4812-9a4f-1a7e4100e1c2', 'Lulzim', 'Ibishi', 'info@ibishi.ch', '079 643 39 35', 'Malerei Gipserei Ibishi AG', 'Dorfstrasse 52, 3655 Sigriswil, Bern'),
('65e50744-1914-49a3-9933-6cf6a9bcf42d', 'Mathias', 'Mäder', 'info@gipser-maeder.ch', '079 206 24 87', 'Malerei Gipserei Mäder AG', 'Hauptstrasse 13, 2577 Finsterhennen, Bern'),
('5d8c8e12-e94b-4d01-bf58-3b7f3c5064ec', 'Ivo', 'Milos', 'info@mgwd.ch', '031 931 15 56', 'Malerei Gipserei Walter Dubach AG', 'Oberdorfstrasse 91, 3053 Münchenbuchsee, Bern'),
('339320fe-5551-4fcb-8b3a-5187e5675097', 'Claudio', 'Isljami', 'claudio@dermaler.info', '079 310 27 92', 'Malerei Grindelwald GmbH', 'Stutzstrasse 9, 3818 Grindelwald, Bern'),
('1a89ae2b-72de-4479-947b-56c9b8a10cd6', 'Bernadette', 'Ley-Blättler', 'info@hp-blaettler.ch', '033 822 27 27', 'Malerei H.P. Blättler GmbH', 'Sendlistrasse 4, 3800 Interlaken, Bern'),
('385d17ac-de04-48ea-ab9d-7a4bd460e10a', 'Rolf', 'Hobi', 'info@malerei-hobi.ch', '079 783 25 25', 'Malerei Hobi AG', 'Ringstrasse 9, 9477 Trübbach, St. Gallen'),
('a55f7a60-4a5c-4062-b100-893c546e2b8b', 'Martin', 'Hodler', 'info@malereihodler.ch', '031 961 58 62', 'Malerei Hodler AG', 'Kirchackerweg 31, 3122 Kehrsatz, Bern'),
('1e6860d4-8187-4d96-9abe-db6ee80dbe3d', 'Roger', 'Hofer', 'info@malereihofer.ch', '079 406 03 56', 'Malerei Hofer AG', 'Bodenackerweg 3, 3510 Konolfingen, Bern'),
('96b0d214-3de6-4663-878b-7b31d3a196c4', 'Hansueli', 'Hubacher', 'info@malereihubacher.ch', '079 432 70 22', 'Malerei Hubacher', 'Schwandstrasse 55, 3634 Thierachern, Bern'),
('5890e702-a0f1-4fa9-9238-a80f4741f6de', 'Beat', 'Hutmacher', 'info@hutmalerei.ch', '031 311 10 40', 'MALEREI HUTMACHER GmbH', 'Aarstrasse 76, 3011 Bern, Bern'),
('7d91f6fc-dbb3-4c39-b4f5-7da260095931', 'Francesco', 'Innocente', 'info@malerei-innocente.ch', '078 761 01 41', 'Malerei Innocente GmbH', 'Freiburgstrasse 76, 3174 Thörishaus, Bern'),
('2f4c53da-6232-42d1-a30b-5845a948ddc7', 'Jan', 'Geissbühler', 'info@malereijg.ch', '079 358 89 18', 'Malerei Jan Geissbühler', 'Spitalgasse 10, 4900 Langenthal, Bern'),
('19053c1e-ffb2-4885-b4d2-bbfbac3f1b34', 'Mike', 'Jordi', 'info@malereijordi.ch', '078 765 57 86', 'Malerei Jordi', 'Hauptstrasse 27, 3309 Kernenried, Bern'),
('526a9245-0da5-4479-b6a2-1d462875af99', 'Jakup', 'Kaili', 'info@malereikaili.ch', '071 845 37 17', 'Malerei Kaili GmbH', 'Blumenstrasse 3, 9400 Rorschach, St. Gallen'),
('91987099-9187-4196-aec3-d38050df0f93', 'Stephanie', 'Berger', 'info@malerei-ketterer.ch', '076 761 20 93', 'Malerei Ketterer GmbH', 'Tunnelweg 19, 6414 Oberarth, Schwyz'),
('fff11ee1-2c93-4da9-bde0-a3caf1906678', 'Roland', 'Klötzli', 'info@malerei-kloetzli-roland.ch', '079 662 38 83', 'Malerei Klötzli', 'Burgweg 6, 3714 Frutigen, Bern'),
('6d7f2d4b-80de-4ef1-8c0f-a4e011672508', 'Manuela', 'Knopf', 'info@malerei-knopf.ch', '079 589 38 28', 'Malerei Knopf', 'Poststrasse 30, 5707 Seengen, Aargau'),
('d5041f27-adc0-4eb6-8e43-9e75c4e53cdc', 'Simon', 'Knutti', 's.knutti@malerei-knutti.ch', '079 864 41 54', 'Malerei Knutti', 'Mattenstalden 60e, 3764 Weissenburg, Bern'),
('43435f0e-c918-4833-9bc0-6a79bf90111f', 'Martin', 'Kurt', 'info@malereikurt.ch', '079 643 30 05', 'malerei kurt gmbh', 'Krippenstrasse 4, 4900 Langenthal, Bern'),
('728b1741-1634-424c-b5e7-2513854c9ebb', 'Marcel', 'Lampert', 'm.lampert@bluewin.ch', '079 560 52 31', 'Malerei Lampert', 'Bogenstrasse 3, 9400 Rorschach, St. Gallen'),
('1c4e856f-655c-43bc-af6e-c071e6d78eed', 'Stephan', 'Lendi', 'info@malereilendi.ch', '079 233 64 54', 'Malerei Lendi GmbH', 'Seestrasse 53, 8880 Walenstadt, St. Gallen'),
('afe9f8e4-0d96-4bba-b782-3af80130ec7f', 'Valentino', 'Lombardo', 'info@malerlombardo.ch', '071 535 50 55', 'Malerei lombardo AG', 'Moosstrasse 52, 9014 St. Gallen, St. Gallen'),
('76215a3b-cb69-44ca-9dfe-ee19876c1e46', 'Beat', 'Ludwig', 'info@malereiludwig.ch', '031 332 20 05', 'Malerei Ludwig GmbH', 'Haltenstrasse 315, 3145 Niederscherli, Bern'),
('b7366cf1-e7f6-47b2-a9a4-4aa9426d85c5', 'Jürg', 'Lüthi', 'info@malerei-luethi.ch', '079 602 09 72', 'Malerei Lüthi GmbH', 'Unteres Zihl 2, 3127 Mühlethurnen, Bern'),
('7681afb9-cb4b-4ec6-95de-be70f9d5f73a', 'Roger', 'Rindlisbacher', 'info@malerei-hartmann.ch', '034 402 43 40', 'Malerei M. Hartmann GmbH', 'Schlossstrasse 16, 3550 Langnau im Emmental, Bern'),
('219be065-3838-4401-b627-4378b54de1de', 'Markus', 'Kunz', 'malerei.markuskunz@bluewin.ch', 'N.a.', 'Malerei Markus Kunz', 'Südstrasse 40, 8617 Mönchaltorf, Zürich'),
('af659835-aed4-419b-beaf-8586d5cb5d79', 'Guido', 'Mattenberger', 'malerei@mattenberger.biz', '056 245 95 40', 'Malerei Mattenberger Guido', 'St. Johannserstrasse 11, 5312 Döttingen, Aargau'),
('494005af-a7b2-4161-ba29-aeb2fbd06e05', 'Tobias', 'Maurer', 'maurer@maureraarau.ch', '062 511 47 47', 'Malerei Maurer', 'Hauptstrasse 30, 2556 Schwadernau, Bern'),
('a924f9d6-6631-4eb8-a990-98b86d87a38f', 'Urs', 'Schrepfer', 'maler-schrepfer@hotmail.com', '078 710 13 40', 'Malerei Max Eberle GmbH', 'Ganischastrasse 30, 8890 Flums, St. Gallen'),
('e7f8ee2b-7b6c-4978-9e61-a67984f2c983', 'Peter', 'Moser', 'info@meinhausmaler.ch', '079 454 69 40', 'Malerei Moser', 'Dorfplatz 11, 4460 Gelterkinden, Basel-Land'),
('6def1241-cc5e-4c58-80c5-24693dadd455', 'Luca', 'Wagner', 'postmaster@malerei-mueggler.ch', '079 872 47 16', 'Malerei Müggler AG', 'Kastaudenstrasse 1, 8590 Romanshorn, Thurgau'),
('d6f82fb0-ae0d-4e8f-89a2-3ad49d67ac9c', 'Philip', 'Müller', 'philip.mueller-freo@bluewin.ch', '079 232 28 54', 'Malerei Müller GmbH', 'Meienriedweg 8, 2504 Biel/Bienne, Bern'),
('7e7d6e38-037f-4e4b-8c43-8ae223e139f9', 'Benjamin', 'Muster', 'info@malereimuster.ch', '079 210 19 38', 'Malerei Muster', 'Birkenweg 81, 3322 Mattstetten, Bern'),
('43c0c44a-f97f-438b-ad17-75766ca6d333', 'Thomas', 'Nuck', 'malereinuck@bluewin.ch', '079 419 63 58', 'Malerei Nuck', 'Haggenbergstrasse 1, 8355 Aadorf, Thurgau'),
('30bad7ec-4110-4c9a-b3df-f7864de6dd44', 'Thomas', 'Nussbaum', 'nusso@hispeed.ch', '079 401 89 85', 'Malerei Nussbaum Thomas', 'Weiherweg 54, 8484 Weisslingen, Zürich'),
('0b109558-3fa4-4f89-bbe2-1bc6c962b96b', 'Alexander', 'Oberwinkler', 'info@malerei-oberwinkler.ch', '071 222 65 65', 'Malerei Oberwinkler AG', 'St. Georgenstrasse 140, 9011 St. Gallen, St. Gallen'),
('7603e1aa-e167-47a2-b281-56ed9783cecb', 'Oliver', 'Neuhaus', 'info@malerei-neuhaus.ch', '079 250 03 00', 'Malerei Oliver Neuhaus', 'Neufeldstrasse 5, 3076 Worb, Bern'),
('bdf99493-898e-4515-abb0-401dfe2e9a6a', 'Andreas', 'Zimmermann', 'zimal@zimal.ch', '031 921 16 54', 'Malerei P. + A. Zimmermann GmbH', 'Tieracker 19, 3065 Bolligen, Bern'),
('c132bab8-a31e-4763-8233-7b1929140ea0', 'Ursula', 'Schönenberger', 'ursula@malereiprisma.ch', '076 407 77 98', 'Malerei Prisma', 'Spitzmüli 1087, 9114 Hoffeld, St. Gallen'),
('9817832e-c9f8-4fea-bd30-697d6cb7cecd', 'Thomas', 'Riner', 'thomas.riner@bluewin.ch', '079 297 08 82', 'Malerei Riner', 'Hiltibergstrasse 12, 5442 Fislisbach, Aargau'),
('9a268e67-ed98-4bc5-bd36-c62de77576de', 'Patrick', 'Ringenbach', 'ringenbach@top-host.ch', '079 605 84 49', 'Malerei Ringenbach', 'Othmarweg 5, 8594 Güttingen, Thurgau'),
('2072c6fc-b9bc-4fe6-91d6-401955c8b5c2', 'Roger', 'Vuille', 'malerei@bluewin.ch', '079 833 10 60', 'Malerei Roger Vuille GmbH', 'Bernstrasse 1, 3045 Meikirch, Bern'),
('55849f7b-9c70-401a-9153-543483f4cae6', 'Ronald', 'Rolli', 'info@malereirolli.ch', '079 215 85 41', 'Malerei Rolli AG', 'Höhenweg 1, 3097 Liebefeld, Bern'),
('40cf5083-d2ff-4f81-be61-c45eeb6b5ed7', 'Ronny', 'Rufener', 'info@malerei-rufener.ch', '031 819 98 08', 'Malerei Ronny Rufener', 'Belpbergstrasse 16, 3125 Toffen, Bern'),
('7d3ae6a5-a2e1-4119-9a41-eaac665044cf', 'Pascal', 'Rothermann', 'maler@rothermann.ch', '034 402 81 81', 'Malerei Rothermann', 'Hindelbankstrasse 4, 3326 Krauchthal, Bern'),
('ec99b794-3976-4070-afb9-28f05486c33b', 'Ruedi', 'Zürcher', 'ruedizuercher@msn.com', '031 869 90 70', 'Malerei Ruedi Zürcher', 'Oberdorfstrasse 1, 3053 Münchenbuchsee, Bern'),
('b91a3f2b-cc1b-4222-8892-f32bc5f8acf3', 'Beni', 'Ryter', 'info@malerei-ryter.ch', '079 656 68 47', 'Malerei Ryter AG', 'Hauptstrasse 184, 3714 Frutigen, Bern'),
('642cbc5c-29de-4956-949f-2e072e7aff85', 'Stephan', 'Tanner', 'malerei.tanner@bluewin.ch', '079 311 13 05', 'Malerei S. Tanner GmbH', 'Bim Schuelhus 198a, 3625 Heiligenschwendi, Bern'),
('509921a9-9099-45ed-80c7-89143e5f30cf', 'Matthias', 'Schaller', 'info@malereischaller.ch', '079 449 27 28', 'Malerei Schaller AG', 'Ried 9a, 3185 Schmitten, Fribourg/Freiburg'),
('fd3a9163-4f27-40bd-8164-d5d11746b746', 'Daniela', 'Schlumpf', 'info@malerei-schlumpf.ch', '079 645 97 71', 'Malerei Schlumpf', 'Mattenstrasse 10, 8330 Pfäffikon, Zürich'),
('a811737c-0db8-4047-96eb-7023052b8aaf', 'Dino', 'Schmid', 'info@malereischmid.ch', '079 314 05 19', 'Malerei Schmid AG', 'Bachstrasse 1, 6362 Stansstad, Nidwalden'),
('908ebfa7-1bf5-4cb9-88dd-c0d3b5dfb00a', 'Michael', 'Schneider', 'malereischneider@gmx.ch', '079 370 80 91', 'Malerei Schneider', 'Hittnauerstrasse 4, 8330 Pfäffikon, Zürich'),
('c1bd3355-9155-4ea6-9abd-bdcc766f8599', 'Cédric', 'Schnyder', 'info@malerei-schnyder.ch', '079 453 38 85', 'Malerei Schnyder GmbH', 'Schalunenstrasse 30, 3426 Aefligen, Bern'),
('6e7bed60-d76c-45d2-a8a8-120d9e441a36', 'Martin', 'Schürch', 'info@malereischuerch.ch', '079 530 06 70', 'Malerei Schürch', 'Am Stutz 4, 3283 Kallnach, Bern'),
('666cd742-ce8d-407c-9387-4eb8f103f1c4', 'Beat', 'Sonderegger-Bischof', 'info@malerei-sonderegger.ch', '079 615 92 88', 'Malerei Sonderegger GmbH', 'Unterdorfstrasse 1, 9413 Oberegg, Appenzell Innerrhoden'),
('0cf4ce9d-680c-4617-abcb-602d1349921a', 'Philipp', 'Stettbacher', 'ihrmaler@bluewin.ch', '071 722 21 82', 'Malerei Stettbacher', 'Berneckerstrasse 630, 9435 Heerbrugg, St. Gallen'),
('f047578c-712a-44b1-8db5-e6787618f05c', 'Erich', 'Strub', 'malereistrub@bluewin.ch', '079 420 58 05', 'Malerei Strub', 'Karrenwaldstrasse 2, 5524 Niederwil, Aargau'),
('d4e5dde0-29ba-44a3-83ee-0b7e13451946', 'Florian', 'Stucki', 'info@malerei-stucki.ch', '032 392 23 61', 'Malerei Stucki AG', 'Eichenweg 2, 3270 Aarberg, Bern'),
('cebb3cf2-d322-4770-ab7d-6270ab0edb6f', 'Thomas', 'Locher', 'tlocher@bluewin.ch', '031 849 90 93', 'MALEREI THOMAS LOCHER', 'Krummeneggweg 5, 3144 Gasel, Bern'),
('66499f78-11c4-4348-85a2-df39440c172a', 'Jörg', 'Rothe', 'info@maler-rothe.ch', '043 300 15 45', 'Malerei und Tapeziererei Lüthi', 'Dotzigenstrasse 34, 3264 Diessbach b. Büren, Bern'),
('c0518f14-8242-4780-930b-093d48e052f2', 'Michael', 'Lauper', 'info@malereilauper.ch', '031 332 95 11', 'Malerei Urs Lauper AG', 'Schützenweg 22, 3014 Bern, Bern'),
('9e1d0a49-c928-4265-bd08-03ea83962f08', 'Christoph', 'Wagner', 'info@malerei-wagner.ch', '079 701 12 37', 'Malerei Wagner', 'Weihergasse 6, 3380 Wangen an der Aare, Bern'),
('3c782d4d-c095-41f3-99f2-ce2b8a1a80e0', 'Gerhard', 'Wallner', 'wallner.gerhard@bluewin.ch', '079 280 71 37', 'Malerei Wallner Gerhard', 'Dorfstrasse 8, 7260 Davos, Graubünden'),
('533faa86-bf47-4c6c-82a3-6f9e786f7c87', 'Martin', 'Weibel', 'info@malerei-weibel.ch', '079 596 96 96', 'Malerei Weibel GmbH', 'Eggenweg 8, 3271 Radelfingen b. Aarberg, Bern'),
('52aaa189-a1e6-41fa-b1ac-d59fc1a7bb77', 'Linard', 'Weidmann', 'info@malerei-weidmann.ch', '081 833 44 73', 'Malerei Weidmann AG', 'Via da l''Ova Cotschna 9, 7500 St. Moritz, Graubünden'),
('bb279701-947f-41a9-90de-ca7e8c8d35ca', 'Marco', 'Bosshard', 'marco.bosshard@malereiwidmer.ch', '044 935 16 31', 'Malerei Widmer Maler Gipser AG', 'Stedtligass 8, 8627 Grüningen, Zürich'),
('d649dc26-be63-48c6-b27c-7187a1d85a0b', 'Sara', 'Willi', 'info@malerei-willi.ch', '079 138 89 00', 'Malerei Willi', 'Schuderserstrasse 71, 7220 Schiers, Graubünden'),
('8d3d11f8-2498-45a2-a08f-ad21498e591a', 'André', 'Wolfensberger', 'malwasneues@bluewin.ch', '079 431 84 30', 'malerei wolfensberger', 'Rotfarbweg 11, 9213 Hauptwil, Thurgau'),
('ab5fe87c-08db-4bbe-aa31-c50957449d78', 'Jürg', 'Wülser', 'info@malerei-wuelser.ch', '079 205 81 73', 'Malerei Wülser & Partner GmbH', 'Im Hölderli 26, 8405 Winterthur, Zürich'),
('4ddbc1c1-dca8-4985-8b81-33e2a91b5bb1', 'Dieter', 'Wyss', 'malerei.zimmerli@bluewin.ch', '062 797 92 66', 'Malerei Zimmerli', 'Birkenweg 1, 5745 Safenwil, Aargau'),
('2380d256-4345-44f9-9d55-e860038204a8', 'Mike', 'Zwahlen', 'info@malerei-zwahlen.ch', '081 533 03 03', 'Malerei Zwahlen', 'Heerengasse 6, 7208 Malans, Graubünden'),
('7c04a4c5-9794-46b9-9ee2-02d111cdbcc6', 'Marius', 'Hubler', 'info@malerei-hubler.ch', '032 672 35 84', 'Malerei Hubler GmbH', 'Hagartenstrasse 16, 4562 Biberist, Solothurn'),
('43d0cb08-6cfa-453c-9921-0dc862a71799', 'Matthias', 'Kistler', 'kistler@kistlerag.ch', '031 301 68 79', 'Malerei-Gipserei Kistler AG', 'Galgenfeldweg 1, 3006 Bern, Bern'),
('8257f856-92a3-4623-af43-f4ae041793b0', 'Gilbert', 'Studer', 'gilbert.studer@malerei-studer.ch', '032 623 13 92', 'Malerei-Gipserei Studer AG', 'Hauptstrasse 14, 4522 Rüttenen, Solothurn'),
('761afadf-caab-49ac-8a08-b722cd671fea', 'Daniel', 'Wieland', 'daniel@malerei-wieland.ch', '031 751 11 56', 'Malerei-Gipserei Wieland AG', 'Brunnweg 3a, 3203 Mühleberg, Bern'),
('faef22a9-af17-4974-90cb-112e4c06d066', 'Grégory', 'Tosic', 'info@maler-express.ch', '079 668 00 15', 'Maler-Express - Gregory Tosic', 'Hüttenmattweg 15, 5213 Villnachern, Aargau'),
('4096daa2-9526-44b0-8b27-d20bc07b9570', 'Sandro', 'Giovannini', 'info@malerfachbetrieb.ch', '044 786 22 52', 'Malerfachbetrieb Lacher GmbH', 'Samstagernstrasse 51, 8832 Wollerau, Schwyz'),
('033356ba-4e8f-4109-af7e-8264ddd94d39', 'Toni', 'Hess', 'toni.hess@gmail.com', '079 273 43 74', 'Malerfirma Hess', 'Bundesplatz 6, 4054 Basel, Basel-Stadt'),
('663e721b-a785-4618-a8cd-ad120a1dbf39', 'Claudio', 'Salva', 'info@mg-basel.ch', '061 272 82 52', 'Malergenossenschaft Basel', 'Wanderstrasse 36, 4054 Basel, Basel-Stadt'),
('d54db63b-d930-4ad3-b9b0-d6ee4c8c8119', 'Sandy', 'Zarriello', 'malergeschaeft@sandyzarriello.ch', '079 702 54 17', 'Malergeschäft & Spritzwerk Sandy Zarriello', 'Nassacherstrasse 13, 8307 Effretikon, Zürich'),
('2d732d4d-f49f-47a0-ba73-2932b0dc2350', 'Roland', 'Neth', 'info@achermann-maler.ch', '061 691 23 68', 'Malergeschäft Achermann AG', 'Klingentalstrasse 86, 4057 Basel, Basel-Stadt'),
('5d5182e3-f9f0-4cad-87bd-2332c5b53f89', 'Christoph', 'Bilgeri', 'bilgerichristoph@gmail.com', '077 461 63 68', 'Malergeschäft Aeberhard', 'Kirchstrasse 5, 8252 Schlatt, Thurgau'),
('de75e439-5bc3-44a5-9664-4a4473e64d43', 'Pascal', 'Aemisegger', 'p.aemisegger@aemisegger.ch', '052 723 50 40', 'MALERGESCHÄFT Aemisegger AG', 'Langfeldstrasse 106, 8500 Frauenfeld, Thurgau'),
('a078200e-edd3-4448-a869-30821b0a6a2e', 'Mario', 'Alfaré', 'mail@malfare.ch', '052 720 64 65', 'Malergeschäft Alfarè', 'Rüegerholzstrasse 20, 8500 Frauenfeld, Thurgau'),
('ae88071d-044b-4736-865a-7dce981d5edd', 'Alvin', 'Izquierdo', 'info@maler-izquierdo.ch', '079 392 54 29', 'Malergeschäft Alvin Izquierdo', 'Amthofstrasse 21, 8630 Rüti, Zürich'),
('14f56526-f771-4146-95a6-a35290fe511f', 'André', 'Gilli', 'mal-was-andres@gmx.ch', '079 211 91 11', 'Malergeschäft André Gilli', 'Waldstrasse 5, 6015 Luzern, Luzern'),
('e1bd7928-f32c-428d-bd15-49e691dfdfbe', 'André Peter', 'Lichtsteiner', 'maler.lichtsteiner@bluewin.ch', '041 980 00 45', 'Malergeschäft Andre Lichtsteiner', 'Oberdorfstrasse 23, 6247 Schötz, Luzern'),
('69c13a54-1a33-4237-a9a5-a630311b2757', 'Andreas', 'Rüegg', 'a.ruegg@maler-ruegg.ch', '044 946 01 94', 'Malergeschäft Andreas Rüegg GmbH', 'Zentralstrasse 6, 8604 Volketswil, Zürich'),
('def1ad89-980e-4965-b2f2-219b4dcdcade', 'Ramona', 'Angelini', 'info@maler-angelini.ch', '032 622 62 47', 'Malergeschäft Angelini AG', 'Herrenweg 50a, 4500 Solothurn, Solothurn'),
('27563dd0-e19e-414b-ac7a-30923b784348', 'Ilias', 'Angelopoulos', 'info@angelopoulos.ch', '079 643 00 14', 'Malergeschäft Angelopoulos', 'Unterfeldstrasse 1, 8050 Zürich, Zürich'),
('ba5f393c-a802-4568-ae68-44199373a58e', 'Franco', 'Arcangeli', 'franco.arcangeli@bluewin.ch', '079 341 21 48', 'Malergeschäft Arcangeli Franco', 'Restaurant Dornhof, 4312 Magden, Aargau'),
('7baf3c2c-a37a-4f2a-bf4b-a5aa66044823', 'Shefik', 'Arifi', 'info@malerarifi.ch', '079 745 15 93', 'Malergeschäft Arifi GmbH', 'Gewerbestrasse 115, 5314 Kleindöttingen, Aargau'),
('6e8ce5c7-4cc6-4d13-9dde-afb16eeab22d', 'Armin', 'Benz', 'info@malerbenz.ch', '071 777 14 31', 'Malergeschäft Armin Benz AG', 'Untergasse 6, 9437 Marbach, St. Gallen'),
('1862016e-0e11-4d34-8e98-241c85825f8c', 'Pius', 'Arnet', 'info@maler-arnet.ch', '041 921 74 77', 'Malergeschäft Arnet GmbH', 'Grundmatte 3, 6214 Schenkon, Luzern'),
('549c0d70-4d15-444d-8772-eac2ed609ec4', 'Hüseyin', 'Aykol', 'malergeschaeft.aykol@gmail.com', '076 366 66 29', 'Malergeschäft Aykol GmbH', 'Badenerstrasse 795, 8048 Zürich, Zürich'),
('e9a7ed9e-bff9-4468-87b7-9372e1ff53ea', 'Stefan', 'Bacher', 'sba@bacher-partner.ch', '061 551 04 45', 'Malergeschäft Bacher & Partner GmbH', 'Birsmatt 4, 4147 Aesch, Basel-Land'),
('8cfb9b5f-b0fd-485b-8469-ce648770e344', 'Balz', 'Althaus', 'balzalthaus@teleport.ch', '079 689 03 90', 'Malergeschäft Balz Althaus', 'Baslerstrasse 23, 4133 Pratteln, Basel-Land'),
('ad309d53-a197-4a38-ba77-1dfe29dcd6a1', 'Barbara', 'Gebhart', 'b.gebhart@diemalerin.ch', '079 287 34 48', 'Malergeschäft Barbara Gebhart', 'Am Kreuzliberg 11, 5400 Baden, Aargau'),
('9c623a04-c262-4c01-8b08-92a47a39eb3c', 'Mario', 'Bardellini', 'info@bardellini-maler.ch', '079 332 84 34', 'Malergeschäft Bardellini Mario', 'Am Bach 295, 5054 Moosleerau, Aargau'),
('62565fed-14d7-4c40-aeec-bec74e7ca7d6', 'Beat', 'Christ', 'maler@beatchrist.ch', '077 520 82 15', 'Malergeschäft Beat Christ', 'Obere Frohmatt 390, 4245 Kleinlützel, Solothurn'),
('5e71689c-eb3b-4724-9213-5c5f6e8e9988', 'Antonio', 'Bellaroba', 'tonibell@bluewin.ch', '079 290 18 03', 'Malergeschäft Bellaroba Antonio', 'Neuquartierstrasse 5, 4562 Biberist, Solothurn'),
('46fdb9db-d000-4faa-a0e4-c6f4c09890b0', 'Bruno', 'Bertenghi', 'info@malerbertenghi.ch', '078 800 34 99', 'Malergeschäft Bertenghi', 'Chrüzwies 2, 8852 Altendorf, Schwyz'),
('97f7b1cf-1fa5-4614-9dcf-e1543f8732b3', 'John', 'Bockstatt', 'info@bockstatt.ch', '079 415 51 12', 'Malergeschäft Bockstatt John', 'Schulhausgasse 1, 3860 Meiringen, Bern'),
('a7553054-a714-415b-939d-777f69f7bed1', 'Rolf', 'Bohler', 'r.bohler@bluewin.ch', '079 602 49 43', 'Malergeschäft Bohler Rolf', 'Haldenweg 18, 4310 Rheinfelden, Aargau'),
('25c887f2-8138-447b-8dee-9568f8cc6f3e', 'Kevin', 'Borner', 'k.borner@bluewin.ch', '076 409 79 00', 'Malergeschäft Borner GmbH', 'Huebstrasse 7, 5043 Holziken, Aargau'),
('67f30c69-3900-41d5-a373-4907c5782f1d', 'Peter', 'Brunner', 'office@malerbrunner-ag.ch', '056 430 90 91', 'Malergeschäft Brunner AG', 'Rebhaldenstrasse 6, 5430 Wettingen, Aargau'),
('841f463c-0153-4d84-9e41-f84e23c7d851', 'Bruno', 'Gianola', 'maler@brunogianola.ch', '079 661 74 50', 'Malergeschäft Bruno Gianola', 'Tannbühlstrasse 10, 8908 Hedingen, Zürich'),
('1ce00aff-5dba-469c-9900-ec1b641a4507', 'Bruno', 'Kälin', 'maler.brunokaelin@bluewin.ch', '079 209 71 93', 'Malergeschäft Bruno Kälin', 'Fabrikstrasse 17, 8840 Einsiedeln, Schwyz'),
('ec0a329b-3601-47c2-8c66-9e6a1dd24228', 'Ruedi', 'Buchmann', 'maler.buchmann@bluewin.ch', '041 240 29 69', 'Malergeschäft Buchmann', 'Reussportweg 15, 6004 Luzern, Luzern'),
('92bfd370-c8d9-40a9-a76a-cfc104ecd45d', 'Martin', 'Bugmann', 'info@maler-bugmann.ch', '079 356 49 29', 'Malergeschäft Bugmann', 'Alter Zürichweg 32, 5702 Niederlenz, Aargau'),
('6058cd32-a6f4-4034-adc7-35285cbefd62', 'Bruno', 'Bühler', 'brunobuehler@bluewin.ch', '062 891 88 08', 'Malergeschäft Bühler Bruno', 'Mattenweg 4, 5702 Niederlenz, Aargau'),
('222a8ac2-f36e-439f-8978-7f7632b615f1', 'Bujar', 'Fejzuli', 'bujarfejzuli-maler@hotmail.com', '076 364 91 41', 'Malergeschäft Bujar Fejzuli', 'Landskronstrasse 59a, 4147 Aesch, Basel-Land'),
('250dc019-22fb-4979-9e2a-30a04d2b5dbc', 'Maurizio', 'Caroli', 'info@malercaroli.ch', '079 208 41 89', 'Malergeschäft Caroli', 'Wässermattweg 6, 5036 Oberentfelden, Aargau'),
('c75f15cd-7bdc-47c2-9426-8f977091dad7', 'Gian-Piero', 'Cescutti', 'gpl-cescutti@bluewin.ch', '062 897 08 59', 'Malergeschäft Cescutti Gian-Piero', 'Hirtenweg 2, 5102 Rupperswil, Aargau'),
('181328e7-1953-44f2-9fc7-f3fc09c8b46c', 'Christoph', 'Schibli', 'schibli@greenmail.ch', '056 496 27 74', 'Malergeschäft Chr. Schibli', 'Daviacherweg 4, 5443 Niederrohrdorf, Aargau'),
('57904b10-cb35-4f07-9637-68dab1bb2cfa', 'Manfred', 'Christen', 'info@maler-christen.ch', '079 677 98 11', 'Malergeschäft Christen GmbH', 'Untere Dorfstrasse 52, 8964 Rudolfstetten, Aargau'),
('488a8735-b2e1-4cd1-910c-b94ab5b85d9c', 'Christian', 'Fässler', 'info@malerfaessler.ch', '079 844 23 47', 'Malergeschäft Christian Fässler', 'Waagtalstrasse 18, 8842 Unteriberg, Schwyz'),
('96235f71-8f3c-4f5a-85fa-d50f5e9913d4', 'Christian', 'Hostettler', 'info@malerhostettler.ch', '032 331 92 34', 'Malergeschäft Christian Hostettler', 'Jensgasse 42, 2564 Bellmund, Bern'),
('f3e51581-8f89-49d1-923b-94eaa37504e6', 'Martin', 'Christmann', 'mchristmann@bluewin.ch', '079 340 05 90', 'Malergeschäft Christmann GmbH', 'Eichweg 7, 6300 Zug, Zug'),
('e48d3fd5-abf1-449d-89d6-f2de0070253a', 'Dominik', 'Schöpf', 'info@maler-schoepf.ch', '079 679 01 08', 'Malergeschäft D. Schöpf GmbH', 'Schützenstrasse 21, 8902 Urdorf, Zürich'),
('84e5ec9a-08e7-4988-9220-b5beb1017ebf', 'André Domingos', 'Barros Teixeira', 'dasilvamaler@hotmail.com', '079 667 60 34', 'Malergeschäft Da Silva', 'Trulliweg 9, 4414 Füllinsdorf, Basel-Land'),
('3ab0f196-7de3-4249-9063-09650681b9a2', 'Dani', 'Böhm', 'dani@maler-boehm.ch', '044 720 40 87', 'Malergeschäft Dani Böhm', 'Bruggstrasse 31, 8942 Oberrieden, Zürich'),
('51ffae57-782b-4faf-9a1b-c96c6c739b67', 'Daniel', 'Spengler', 'maler.spengler@bluewin.ch', '079 353 31 93', 'Malergeschäft Daniel Spengler', 'Ländliweg 20, 5436 Würenlos, Aargau'),
('e29ef5de-eeff-4cb0-8727-6bd884ef5fdf', 'Angela', 'D''Annunzio', 'malerdannunzio.it@hotmail.ch', '076 425 13 61', 'Malergeschäft D''Annunzio A.', 'Waldhofstrasse 39, 4310 Rheinfelden, Aargau'),
('b0a0bfe9-b9c9-4a4e-a116-4c2d6cfabc7a', 'Daniel', 'De Cesaris', 'info@maler-decesaris.ch', '079 424 77 05', 'Malergeschäft De Cesaris', 'Zürichstrasse 111, 8413 Neftenbach, Zürich'),
('9b85953a-c31e-46ad-ae53-c87709c4a4a5', 'Pascal', 'Forte', 'derrerju@bluewin.ch', '044 850 16 27', 'Malergeschäft Derrer GmbH', 'Dorfstrasse 30, 8155 Niederhasli, Zürich'),
('5759f761-adfc-4d76-b4dc-88c14c98b826', 'Astrid', 'Diethelm', 'diethelm.astrid@bluewin.ch', '076 394 66 70', 'Malergeschäft Diethelm', '8620 Wetzikon, Zürich'),
('30ffa4c9-b59a-4808-b7b2-f31e69846e83', 'Dino', 'De Martin', 'info@maler-demartin.ch', '044 918 01 17', 'Malergeschäft Dino De Martin', 'Strubenacher 8, 8126 Zumikon, Zürich'),
('26a0a29d-435c-4d18-93ec-30fe40aa5882', 'Armando', 'Da Silva', 'info@malerdino.ch', '079 635 81 63', 'Malergeschäft Dino GmbH', 'Im Brühl 4, 5420 Ehrendingen, Aargau'),
('492411bc-d712-47ab-a104-3e6ee06db93f', 'Tatjana', 'Wiederkehr-Läuchli', 'info@malerdoebeli.ch', '062 776 12 49', 'Malergeschäft Döbeli AG', 'Kirchenfeldstrasse 4, 5726 Unterkulm, Aargau'),
('23d00f7e-6a05-4681-8973-868042883e62', 'Guido', 'Durrer', 'g.durrer@durrerag.ch', '041 310 13 44', 'Malergeschäft Durrer AG Emmen', 'Hasliring 17-21, 6032 Emmen, Luzern'),
('1396382f-ecbb-4c3f-b076-3a8a495d341f', 'Ursula', 'Baumann', 'info@baumann-maler.ch', '071 634 60 80', 'Malergeschäft E. Baumann AG', 'Stockenstrasse 9, 8575 Bürglen, Thurgau'),
('a1a39a48-c3da-464a-94a1-f648b410d98d', 'André', 'Eichenberger', 'aeichenberger@maler-eichenberger.ch', '079 320 08 03', 'Malergeschäft Eichenberger André', 'Waldheim 1, 5103 Wildegg, Aargau'),
('7cedd8e9-ae48-49c4-867b-ea2eb91ef4b3', 'Mario', 'Eigler', 'maler.eigler@bluewin.ch', '062 777 09 66', 'Malergeschäft Eigler Mario', 'Unterdorfstrasse 17, 5707 Seengen, Aargau'),
('c7636f8a-9eab-4d36-a22c-9bd7dbe0a3ac', 'Carmine', 'Coia', 'info@malerec.ch', '079 417 45 16', 'Malergeschäft Esposito & Coia GmbH', 'Im Tobel 5, 8340 Hinwil, Zürich'),
('c76e3ff3-6984-4d48-a9ae-17fc5b6b48c7', 'Fabio', 'Maroggi', 'info@maroggi.ch', '079 873 76 10', 'Malergeschäft Fabio Maroggi', 'Zürcherstrasse 269, 8500 Frauenfeld, Thurgau'),
('df23b5ac-1283-4282-9991-4745979d55c4', 'Melanie', 'Blaser', 'mb@farb-atlas.ch', '076 219 85 88', 'Malergeschäft farb-atlas Melanie Blaser', 'Ipsachstrasse 30, 2563 Ipsach, Bern'),
('2a986055-ae45-4667-9321-1d6009490e6e', 'Andreas', 'Brühlmann', 'info@farbklaenge.ch', '079 682 65 71', 'Malergeschäft farbklaenge Bühlmann GmbH', 'Brunnenweid 29, 5643 Sins, Aargau'),
('e7973275-d9f2-48fc-b5d5-b167b74b08d8', 'Fabienne', 'Feuz', 'info@malergeschaeft-feuz.ch', '079 354 66 89', 'Malergeschäft Feuz', 'Ebnaterstrasse 62, 9642 Ebnat-Kappel, St. Gallen'),
('ccaf7e2f-8c4c-421b-a4b0-c93a604ff6da', 'Wilfried', 'Fischer', 'info@malerei-fischer.ch', '079 696 18 26', 'Malergeschäft Fischer', 'Hegibachstrasse 10a, 8580 Amriswil, Thurgau'),
('aa993a66-4d9b-42fb-a83c-9814ef533cf7', 'Michele', 'Focone', 'info@focone.ch', '076 337 25 32', 'Malergeschäft Focone', 'Birchstrasse 6, 8057 Zürich, Zürich'),
('25958058-986b-4c85-95ce-ec1b3f33e4c5', 'Basil', 'Frei', 'info@maler-frei.ch', '079 531 03 18', 'Malergeschäft Frei GmbH', 'Gehrenstrasse 5, 8512 Thundorf, Thurgau'),
('c45d46ea-2980-4fbe-a33c-9a1810f91cfe', 'Walter', 'Fuhrer', 'maler.fuhrer@bluewin.ch', '079 688 41 40', 'Malergeschäft Fuhrer', 'Terrassenweg 2, 6315 Oberägeri, Zug'),
('188f24ae-acf3-4e35-b9cc-157142f444f6', 'Giancarlo', 'Lovato', 'info@lovatomaler.ch', '061 461 15 15', 'Malergeschäft G. Lovato', 'St. Jakobs-Strasse 49, 4132 Muttenz, Basel-Land'),
('9e5759dd-29ba-4b6c-b5bf-cb629bcd4e2e', 'Louis Antonio', 'Gallardo Sanchez', 'info@maler-gallardo.ch', '077 999 62 26', 'Malergeschäft Gallardo Sanchez', 'Boostockstrasse 18, 8957 Spreitenbach, Aargau'),
('a35d459e-37b3-4ae0-af92-c5091a4b70ce', 'Walter', 'Gantner', 'info@malergantner.ch', '079 207 39 40', 'Malergeschäft Gantner', 'Bietenholzstrasse 4, 8307 Effretikon, Zürich');

INSERT INTO leads (id, contact_id, source, status, value, notes) VALUES
('d0aa4610-1cc7-4f59-9751-6d814229e298', 'ab7421e2-2b39-463a-8cec-a1d46b79c581', 'KALTAKQUISE', 'ACTIVE', 0, 'Funktion: Geschäftsführer/in (CEO) | Mitarbeiter: 1 bis 10 | Branche: Maler- & Gipsergeschäfte | Rechtsform: Gesellschaft mit beschränkter Haftung'),
('e853bbc4-2eb6-4b64-9ec6-cd2ffc95e1a6', 'd564ca7c-fbe8-49df-a373-f89d938341a2', 'KALTAKQUISE', 'ACTIVE', 0, 'Funktion: Geschäftsführer/in (CEO) | Mitarbeiter: 1 bis 10 | Branche: Maler- & Gipsergeschäfte | Rechtsform: Aktiengesellschaft'),
('a9650d44-e5f7-45df-9369-cf2c7f6a07b4', '635d61fe-bb01-4400-8745-1885841a582c', 'KALTAKQUISE', 'ACTIVE', 0, 'Funktion: Geschäftsführer/in (CEO) | Mitarbeiter: 1 bis 10 | Branche: Maler- & Gipsergeschäfte | Rechtsform: Einzelunternehmen'),
('1524cca7-777e-42e3-8c02-7e1b35e45d2f', 'c09e6f6c-f5e5-4ca1-8a9d-1eb8481ccedb', 'KALTAKQUISE', 'ACTIVE', 0, 'Funktion: Geschäftsführer/in (CEO) | Mitarbeiter: 1 bis 10 | Branche: Maler- & Gipsergeschäfte | Rechtsform: Gesellschaft mit beschränkter Haftung'),
('fd1367ae-c03f-4c7e-8117-e584d2c1488b', '796d7659-6393-4bbf-b5bc-aeecd855aced', 'KALTAKQUISE', 'ACTIVE', 0, 'Funktion: Geschäftsführer/in (CEO) | Mitarbeiter: 1 bis 10 | Branche: Maler- & Gipsergeschäfte | Rechtsform: Gesellschaft mit beschränkter Haftung'),
('b7a8fea3-8783-40b7-b52f-205b3f345e43', 'aacaf9f9-bc49-48a0-92a2-705bffb07a9b', 'KALTAKQUISE', 'ACTIVE', 0, 'Funktion: Geschäftsführer/in (CEO) | Mitarbeiter: 11 bis 20 | Branche: Maler- & Gipsergeschäfte | Rechtsform: Gesellschaft mit beschränkter Haftung'),
('60482c98-27a8-4249-9d38-0cd6c79dac2a', 'd9a5660b-70dd-425c-9eb9-4c05d357df9a', 'KALTAKQUISE', 'ACTIVE', 0, 'Funktion: Geschäftsführer/in (CEO) | Mitarbeiter: 1 bis 10 | Branche: Maler- & Gipsergeschäfte | Rechtsform: Gesellschaft mit beschränkter Haftung'),
('ef234cf9-3f04-40f3-8bf8-127936bfe646', '3c10d520-b53c-45db-96b4-b2c5200efc96', 'KALTAKQUISE', 'ACTIVE', 0, 'Funktion: Geschäftsführer/in (CEO) | Mitarbeiter: 1 bis 10 | Branche: Maler- & Gipsergeschäfte | Rechtsform: Gesellschaft mit beschränkter Haftung'),
('0bc91017-69cb-4561-900d-1dc03d2d4fb3', '7cceca3b-0fd4-40c6-b78a-eb03f0ac442a', 'KALTAKQUISE', 'ACTIVE', 0, 'Funktion: Geschäftsführer/in (CEO) | Mitarbeiter: 1 bis 10 | Branche: Maler- & Gipsergeschäfte | Rechtsform: Einzelunternehmen'),
('a32dcba0-4995-4e72-8bab-2a492917d24c', 'ceab920d-94b2-43bb-9922-e0b54694f029', 'KALTAKQUISE', 'ACTIVE', 0, 'Funktion: Geschäftsführer/in (CEO) | Mitarbeiter: 1 bis 10 | Branche: Maler- & Gipsergeschäfte | Rechtsform: Gesellschaft mit beschränkter Haftung'),
('fecc0a24-1664-4ee4-92a5-7b174ecb13e4', '597cd9de-f761-48aa-b999-e7ad2eaa56c6', 'KALTAKQUISE', 'ACTIVE', 0, 'Funktion: Geschäftsführer/in (CEO) | Mitarbeiter: 1 bis 10 | Branche: Maler- & Gipsergeschäfte | Rechtsform: Einzelunternehmen'),
('78f0405c-78fa-4fd1-9231-f4fba0601444', '9bb0c7eb-2c78-407e-af26-c77cd9315df7', 'KALTAKQUISE', 'ACTIVE', 0, 'Funktion: Geschäftsführer/in (CEO) | Mitarbeiter: 1 bis 10 | Branche: Maler- & Gipsergeschäfte | Rechtsform: Gesellschaft mit beschränkter Haftung'),
('d02e4b21-c231-4f85-b23a-464aab904569', '79b7d11e-c826-4437-938e-d10dfc7ad342', 'KALTAKQUISE', 'ACTIVE', 0, 'Funktion: Geschäftsführer/in (CEO) | Mitarbeiter: 1 bis 10 | Branche: Maler- & Gipsergeschäfte | Rechtsform: Gesellschaft mit beschränkter Haftung'),
('d5b5df24-0e12-42aa-bd8e-a01f8cc558a0', 'ecc2256f-225c-4986-80e2-2dd46975158a', 'KALTAKQUISE', 'ACTIVE', 0, 'Funktion: Geschäftsführer/in (CEO) | Mitarbeiter: 1 bis 10 | Branche: Maler- & Gipsergeschäfte'),
('88c44b51-f320-4c69-88b8-eec62177ebc2', 'e08977aa-bc30-4827-b675-cae04cae4522', 'KALTAKQUISE', 'ACTIVE', 0, 'Funktion: Geschäftsführer/in (CEO) | Mitarbeiter: 1 bis 10 | Branche: Maler- & Gipsergeschäfte'),
('47b51ab7-6672-4baf-bc26-65f6d35ec126', '27114eb6-a879-477d-8a82-18dc01fedd20', 'KALTAKQUISE', 'ACTIVE', 0, 'Funktion: Geschäftsführer/in (CEO) | Mitarbeiter: 1 bis 10 | Branche: Maler- & Gipsergeschäfte'),
('944a1fc1-dfd9-4ee6-b77d-80db89567cdf', '09fe8d86-eec4-4c5d-9462-36da6fdf12df', 'KALTAKQUISE', 'ACTIVE', 0, 'Funktion: Geschäftsführer/in (CEO) | Mitarbeiter: 1 bis 10 | Branche: Maler- & Gipsergeschäfte | Rechtsform: Einzelunternehmen'),
('a2204470-ecb0-4a3b-b0cd-b7cd15accf10', 'd6ae60b1-6a92-4623-91a9-d7622d56fc03', 'KALTAKQUISE', 'ACTIVE', 0, 'Funktion: Geschäftsführer/in (CEO) | Mitarbeiter: 1 bis 10 | Branche: Maler- & Gipsergeschäfte | Rechtsform: Gesellschaft mit beschränkter Haftung'),
('fe56405a-2f6b-44ea-9445-7ddc30b628e6', 'a6ad73ae-9909-4167-9075-9225ad52fa30', 'KALTAKQUISE', 'ACTIVE', 0, 'Funktion: Geschäftsführer/in (CEO) | Mitarbeiter: 1 bis 10 | Branche: Maler- & Gipsergeschäfte'),
('39c394ae-a6b1-4f93-addc-0b77e02b23f2', 'f8de420f-b7cf-49dc-bc05-98a85362b691', 'KALTAKQUISE', 'ACTIVE', 0, 'Funktion: Geschäftsführer/in (CEO) | Mitarbeiter: 1 bis 10 | Branche: Maler- & Gipsergeschäfte | Rechtsform: Aktiengesellschaft'),
('d476dfb9-7fa5-4d81-9781-6d123728a565', 'e5ea4dbb-cbed-4682-8004-754c11316394', 'KALTAKQUISE', 'ACTIVE', 0, 'Funktion: Geschäftsführer/in (CEO) | Mitarbeiter: 1 bis 10 | Branche: Maler- & Gipsergeschäfte | Rechtsform: Kollektivgesellschaft'),
('c0f373a8-7df9-41cd-a381-829f266c5647', '0032e952-e677-49c6-b313-a1964b0d10b5', 'KALTAKQUISE', 'ACTIVE', 0, 'Funktion: Geschäftsführer/in (CEO) | Mitarbeiter: 1 bis 10 | Branche: Maler- & Gipsergeschäfte'),
('88dc61fb-4f4f-4354-88a2-80f000587a38', 'be8c833e-fc84-4426-b79c-14808e3e9c4e', 'KALTAKQUISE', 'ACTIVE', 0, 'Funktion: Geschäftsführer/in (CEO) | Mitarbeiter: 1 bis 10 | Branche: Maler- & Gipsergeschäfte'),
('3307f1b3-f169-405f-8da3-f651ce3cd12d', 'ce0feb9d-9ede-416e-b22d-81777e7f9fe8', 'KALTAKQUISE', 'ACTIVE', 0, 'Funktion: Geschäftsführer/in (CEO) | Mitarbeiter: 1 bis 10 | Branche: Maler- & Gipsergeschäfte | Rechtsform: Gesellschaft mit beschränkter Haftung'),
('961bed44-cc00-4621-b4b5-b0a65ab006c4', '973d6229-41a0-487e-9a9b-ea5843f1a77d', 'KALTAKQUISE', 'ACTIVE', 0, 'Funktion: Geschäftsführer/in (CEO) | Mitarbeiter: 1 bis 10 | Branche: Maler- & Gipsergeschäfte | Rechtsform: Aktiengesellschaft'),
('6fc35200-9d62-4424-b583-1dc7957a4d39', '2511a4ca-e9b5-4b8c-a826-22d3a18e5c73', 'KALTAKQUISE', 'ACTIVE', 0, 'Funktion: Geschäftsführer/in (CEO) | Mitarbeiter: 1 bis 10 | Branche: Maler- & Gipsergeschäfte'),
('b3bac81f-bd6f-4ac6-b043-cd62b5e2ac43', '80e92217-70b3-421f-b6f7-f5041306056a', 'KALTAKQUISE', 'ACTIVE', 0, 'Funktion: Geschäftsführer/in (CEO) | Mitarbeiter: 1 bis 10 | Branche: Maler- & Gipsergeschäfte | Rechtsform: Aktiengesellschaft'),
('ea2bd3ec-bfeb-4334-b953-9cbefd163a3a', 'eca1234b-f2b6-495c-b349-3c657911d3a5', 'KALTAKQUISE', 'ACTIVE', 0, 'Funktion: Geschäftsführer/in (CEO) | Mitarbeiter: 1 bis 10 | Branche: Maler- & Gipsergeschäfte'),
('ff76eea8-7fbe-42c6-94a3-63db72a48984', '59ed99c5-9c00-4d71-9266-177d3d22f2c7', 'KALTAKQUISE', 'ACTIVE', 0, 'Funktion: Geschäftsführer/in (CEO) | Mitarbeiter: 1 bis 10 | Branche: Maler- & Gipsergeschäfte | Rechtsform: Gesellschaft mit beschränkter Haftung'),
('177ca48b-4c16-4ec4-b4e2-6bbffe46b9f8', 'f0fb3b2f-8ec0-49dc-ac9d-144721e4fcaa', 'KALTAKQUISE', 'ACTIVE', 0, 'Funktion: Geschäftsführer/in (CEO) | Mitarbeiter: 1 bis 10 | Branche: Maler- & Gipsergeschäfte | Rechtsform: Gesellschaft mit beschränkter Haftung'),
('8f84f68c-78ef-4acb-8886-91a436f219b5', 'd45dcb78-b301-44d4-945e-5930c5ac3f7c', 'KALTAKQUISE', 'ACTIVE', 0, 'Funktion: Geschäftsführer/in (CEO) | Mitarbeiter: 1 bis 10 | Branche: Maler- & Gipsergeschäfte'),
('551f9921-7503-4d95-9db1-ac8117f14944', '8140d264-961d-4658-bd48-47d0bc90ba3c', 'KALTAKQUISE', 'ACTIVE', 0, 'Funktion: Geschäftsführer/in (CEO) | Mitarbeiter: 1 bis 10 | Branche: Maler- & Gipsergeschäfte | Rechtsform: Gesellschaft mit beschränkter Haftung'),
('b0dc9735-82ac-457f-be0c-91e2db7a5982', '34ee11f6-6c05-4b07-b0a5-44e600298de1', 'KALTAKQUISE', 'ACTIVE', 0, 'Funktion: Geschäftsführer/in (CEO) | Mitarbeiter: 1 bis 10 | Branche: Maler- & Gipsergeschäfte | Rechtsform: Gesellschaft mit beschränkter Haftung'),
('63de9b73-90b8-4e40-8296-25d894941d4c', 'aa0cf8d4-3e4c-40b9-9ab8-a9f1004f97ed', 'KALTAKQUISE', 'ACTIVE', 0, 'Funktion: Geschäftsführer/in (CEO) | Mitarbeiter: 1 bis 10 | Branche: Maler- & Gipsergeschäfte'),
('c3610701-bc27-40f2-8823-7a31acc5987b', '521ddc8a-2786-499e-b056-3d537e809865', 'KALTAKQUISE', 'ACTIVE', 0, 'Funktion: Geschäftsführer/in (CEO) | Mitarbeiter: 1 bis 10 | Branche: Maler- & Gipsergeschäfte | Rechtsform: Gesellschaft mit beschränkter Haftung'),
('14bb77bc-b2e6-41cc-8c80-3d79bb1e2998', '114670bb-13c0-4f81-b164-2e007437f290', 'KALTAKQUISE', 'ACTIVE', 0, 'Funktion: Geschäftsführer/in (CEO) | Mitarbeiter: 1 bis 10 | Branche: Maler- & Gipsergeschäfte | Rechtsform: Aktiengesellschaft'),
('0b5a5911-f886-45c8-8ec3-7c320e6708d1', '25fff299-fee9-4dad-994c-f7f4a53b410a', 'KALTAKQUISE', 'ACTIVE', 0, 'Funktion: Geschäftsführer/in (CEO) | Mitarbeiter: 1 bis 10 | Branche: Maler- & Gipsergeschäfte | Rechtsform: Gesellschaft mit beschränkter Haftung'),
('6097b26d-46e4-46c3-b3e6-a0c8c368012c', '132328ab-4aad-46da-97d7-e373fb3a4f92', 'KALTAKQUISE', 'ACTIVE', 0, 'Funktion: Geschäftsführer/in (CEO) | Mitarbeiter: 1 bis 10 | Branche: Maler- & Gipsergeschäfte | Rechtsform: Gesellschaft mit beschränkter Haftung'),
('0dc9e4fa-eb71-4e19-ba85-144379d8f982', 'ab11dc18-7293-40df-865d-92df2d29c924', 'KALTAKQUISE', 'ACTIVE', 0, 'Funktion: Geschäftsführer/in (CEO) | Mitarbeiter: 1 bis 10 | Branche: Maler- & Gipsergeschäfte | Rechtsform: Gesellschaft mit beschränkter Haftung'),
('5cda2982-0425-49e9-92fd-4cf714dd1dea', '1600d417-89ef-4c90-88a2-1034a5d19e97', 'KALTAKQUISE', 'ACTIVE', 0, 'Funktion: Geschäftsführer/in (CEO) | Mitarbeiter: 1 bis 10 | Branche: Maler- & Gipsergeschäfte | Rechtsform: Aktiengesellschaft'),
('c78d277a-b28f-4f37-af6f-e609bcb6e854', 'cc0640d5-eb6e-4f2e-ba90-28aee33ea44c', 'KALTAKQUISE', 'ACTIVE', 0, 'Funktion: Geschäftsführer/in (CEO) | Mitarbeiter: 1 bis 10 | Branche: Maler- & Gipsergeschäfte | Rechtsform: Aktiengesellschaft'),
('0d5a14fd-215b-46c4-a181-86ba6a0dca8c', '110c205e-03aa-4d04-adbc-e0b3fdf4a47e', 'KALTAKQUISE', 'ACTIVE', 0, 'Funktion: Geschäftsführer/in (CEO) | Mitarbeiter: 1 bis 10 | Branche: Maler- & Gipsergeschäfte | Rechtsform: Gesellschaft mit beschränkter Haftung'),
('2bf41c3b-7b2e-4545-a4fe-f09ddd544583', 'c8439112-5aa8-4b25-9ddd-131ed85d8b7a', 'KALTAKQUISE', 'ACTIVE', 0, 'Funktion: Geschäftsführer/in (CEO) | Mitarbeiter: 1 bis 10 | Branche: Maler- & Gipsergeschäfte'),
('da5bd467-e1d3-425b-9bb9-f282ed5825b8', '5fd79b31-d77c-47ed-88bb-e38a08533014', 'KALTAKQUISE', 'ACTIVE', 0, 'Funktion: Geschäftsführer/in (CEO) | Mitarbeiter: 1 bis 10 | Branche: Maler- & Gipsergeschäfte | Rechtsform: Aktiengesellschaft'),
('de62064a-8ebe-4a6c-8813-8d0f5d548dde', '7f499e0d-d623-43c7-828d-a8a4a01df663', 'KALTAKQUISE', 'ACTIVE', 0, 'Funktion: Geschäftsführer/in (CEO) | Mitarbeiter: 1 bis 10 | Branche: Maler- & Gipsergeschäfte | Rechtsform: Gesellschaft mit beschränkter Haftung'),
('6359859f-8c30-4160-9278-6df9979a4729', 'b61d756b-7cae-4896-ab07-b6eb97e98dcc', 'KALTAKQUISE', 'ACTIVE', 0, 'Funktion: Geschäftsführer/in (CEO) | Mitarbeiter: 1 bis 10 | Branche: Maler- & Gipsergeschäfte | Rechtsform: Gesellschaft mit beschränkter Haftung'),
('4436851f-465c-47b5-bda1-a767e755deec', '36dd59c4-82a5-4560-a5c4-d0ad3f639b46', 'KALTAKQUISE', 'ACTIVE', 0, 'Funktion: Geschäftsführer/in (CEO) | Mitarbeiter: 1 bis 10 | Branche: Maler- & Gipsergeschäfte | Rechtsform: Einzelunternehmen'),
('8ff4a505-504b-4647-b67d-cf58e88460e3', '0e0a70bf-09cb-471d-8fdb-d7642e4bfc8a', 'KALTAKQUISE', 'ACTIVE', 0, 'Funktion: Geschäftsführer/in (CEO) | Mitarbeiter: 1 bis 10 | Branche: Maler- & Gipsergeschäfte'),
('c9835c2f-2142-4b88-9cd1-b4e19e25626f', '371d6f27-cd5f-403c-9a84-6c2019fe97ea', 'KALTAKQUISE', 'ACTIVE', 0, 'Funktion: Geschäftsführer/in (CEO) | Mitarbeiter: 11 bis 20 | Branche: Maler- & Gipsergeschäfte | Rechtsform: Aktiengesellschaft'),
('f3c3239c-85fa-48d5-8b8b-017d8b1c14f0', '0c7fc430-057d-4a19-bdd2-2e572c14cb4a', 'KALTAKQUISE', 'ACTIVE', 0, 'Funktion: Geschäftsführer/in (CEO) | Mitarbeiter: 1 bis 10 | Branche: Maler- & Gipsergeschäfte | Rechtsform: Einzelunternehmen'),
('08a959c3-f7fd-453f-93fd-3bae4aadbbcf', '19fb31be-bfb9-455e-b2cf-2b3a570385a4', 'KALTAKQUISE', 'ACTIVE', 0, 'Funktion: Geschäftsführer/in (CEO) | Mitarbeiter: 1 bis 10 | Branche: Maler- & Gipsergeschäfte | Rechtsform: Gesellschaft mit beschränkter Haftung'),
('b09a3109-7aae-41fd-bb3f-57b916e108b9', '6f4002b7-b441-441d-af19-d9c5150fdef5', 'KALTAKQUISE', 'ACTIVE', 0, 'Funktion: Geschäftsführer/in (CEO) | Mitarbeiter: 1 bis 10 | Branche: Maler- & Gipsergeschäfte | Rechtsform: Einzelunternehmen'),
('d910d7a8-6963-4ea5-90f4-3ccf33088d32', '805e6670-9b09-49fa-85b8-e7cfc78bbcd2', 'KALTAKQUISE', 'ACTIVE', 0, 'Funktion: Geschäftsführer/in (CEO) | Mitarbeiter: 1 bis 10 | Branche: Maler- & Gipsergeschäfte | Rechtsform: Einzelunternehmen'),
('7f28244b-37ea-4a09-9735-6da4b5112a30', '18065210-5e6f-43ee-a6e9-fb6ff7f9b9aa', 'KALTAKQUISE', 'ACTIVE', 0, 'Funktion: Geschäftsführer/in (CEO) | Mitarbeiter: 1 bis 10 | Branche: Maler- & Gipsergeschäfte | Rechtsform: Einzelunternehmen'),
('56357e16-5494-4b3b-82be-ffcf125c6533', 'f767df45-5159-4812-9a4f-1a7e4100e1c2', 'KALTAKQUISE', 'ACTIVE', 0, 'Funktion: Geschäftsführer/in (CEO) | Mitarbeiter: 1 bis 10 | Branche: Maler- & Gipsergeschäfte | Rechtsform: Aktiengesellschaft'),
('d5aa0dca-4a0e-4cc4-9c9b-f1e51397d109', '65e50744-1914-49a3-9933-6cf6a9bcf42d', 'KALTAKQUISE', 'ACTIVE', 0, 'Funktion: Geschäftsführer/in (CEO) | Mitarbeiter: 1 bis 10 | Branche: Maler- & Gipsergeschäfte'),
('640c55ec-a456-423c-941a-44c34764089e', '5d8c8e12-e94b-4d01-bf58-3b7f3c5064ec', 'KALTAKQUISE', 'ACTIVE', 0, 'Funktion: Geschäftsführer/in (CEO) | Mitarbeiter: 1 bis 10 | Branche: Maler- & Gipsergeschäfte | Rechtsform: Aktiengesellschaft'),
('749b3b99-4866-4d8b-a0b1-112946be8936', '339320fe-5551-4fcb-8b3a-5187e5675097', 'KALTAKQUISE', 'ACTIVE', 0, 'Funktion: Geschäftsführer/in (CEO) | Mitarbeiter: 1 bis 10 | Branche: Maler- & Gipsergeschäfte'),
('068eab8f-7f55-4bce-bb9f-74a63b1e559f', '1a89ae2b-72de-4479-947b-56c9b8a10cd6', 'KALTAKQUISE', 'ACTIVE', 0, 'Funktion: Geschäftsführer/in (CEO) | Mitarbeiter: 1 bis 10 | Branche: Maler- & Gipsergeschäfte | Rechtsform: Gesellschaft mit beschränkter Haftung'),
('4116f5b5-b688-4f64-914e-1c089313d78b', '385d17ac-de04-48ea-ab9d-7a4bd460e10a', 'KALTAKQUISE', 'ACTIVE', 0, 'Funktion: Geschäftsführer/in (CEO) | Mitarbeiter: 1 bis 10 | Branche: Maler- & Gipsergeschäfte | Rechtsform: Aktiengesellschaft'),
('4e1ed83d-cc5d-46c3-add6-d7c6e78f833a', 'a55f7a60-4a5c-4062-b100-893c546e2b8b', 'KALTAKQUISE', 'ACTIVE', 0, 'Funktion: Geschäftsführer/in (CEO) | Mitarbeiter: 1 bis 10 | Branche: Maler- & Gipsergeschäfte | Rechtsform: Aktiengesellschaft'),
('191d5f7c-ec18-436c-9d13-7ed6b10144a9', '1e6860d4-8187-4d96-9abe-db6ee80dbe3d', 'KALTAKQUISE', 'ACTIVE', 0, 'Funktion: Geschäftsführer/in (CEO) | Mitarbeiter: 1 bis 10 | Branche: Maler- & Gipsergeschäfte | Rechtsform: Aktiengesellschaft'),
('641fba58-b554-4a87-8e85-9606c8ef27bd', '96b0d214-3de6-4663-878b-7b31d3a196c4', 'KALTAKQUISE', 'ACTIVE', 0, 'Funktion: Geschäftsführer/in (CEO) | Mitarbeiter: 1 bis 10 | Branche: Maler- & Gipsergeschäfte | Rechtsform: Einzelunternehmen'),
('813b309c-6e1b-4052-bc37-3350d449e372', '5890e702-a0f1-4fa9-9238-a80f4741f6de', 'KALTAKQUISE', 'ACTIVE', 0, 'Funktion: Geschäftsführer/in (CEO) | Mitarbeiter: 1 bis 10 | Branche: Maler- & Gipsergeschäfte | Rechtsform: Gesellschaft mit beschränkter Haftung'),
('3b8e2577-c192-40d3-9ea3-743d85ca50f6', '7d91f6fc-dbb3-4c39-b4f5-7da260095931', 'KALTAKQUISE', 'ACTIVE', 0, 'Funktion: Geschäftsführer/in (CEO) | Mitarbeiter: 1 bis 10 | Branche: Maler- & Gipsergeschäfte | Rechtsform: Gesellschaft mit beschränkter Haftung'),
('16324ded-3764-41d1-8acf-3b4dfd549ebf', '2f4c53da-6232-42d1-a30b-5845a948ddc7', 'KALTAKQUISE', 'ACTIVE', 0, 'Funktion: Geschäftsführer/in (CEO) | Mitarbeiter: 1 bis 10 | Branche: Maler- & Gipsergeschäfte | Rechtsform: Einzelunternehmen'),
('3db33c28-e30b-4cad-8f4f-bf7f637394f8', '19053c1e-ffb2-4885-b4d2-bbfbac3f1b34', 'KALTAKQUISE', 'ACTIVE', 0, 'Funktion: Geschäftsführer/in (CEO) | Mitarbeiter: 1 bis 10 | Branche: Maler- & Gipsergeschäfte | Rechtsform: Einzelunternehmen'),
('75e5f6c6-61a1-4c07-9cf0-2adbcdd68072', '526a9245-0da5-4479-b6a2-1d462875af99', 'KALTAKQUISE', 'ACTIVE', 0, 'Funktion: Geschäftsführer/in (CEO) | Mitarbeiter: 1 bis 10 | Branche: Maler- & Gipsergeschäfte | Rechtsform: Gesellschaft mit beschränkter Haftung'),
('6e81aed8-883f-498e-aa94-e893e1c4f381', '91987099-9187-4196-aec3-d38050df0f93', 'KALTAKQUISE', 'ACTIVE', 0, 'Funktion: Geschäftsführer/in (CEO) | Mitarbeiter: 1 bis 10 | Branche: Maler- & Gipsergeschäfte | Rechtsform: Gesellschaft mit beschränkter Haftung'),
('18671450-e762-4114-bd52-ce4d4bb32167', 'fff11ee1-2c93-4da9-bde0-a3caf1906678', 'KALTAKQUISE', 'ACTIVE', 0, 'Funktion: Geschäftsführer/in (CEO) | Mitarbeiter: 1 bis 10 | Branche: Maler- & Gipsergeschäfte'),
('ccdf003a-2913-4eb6-80a6-4a0ba0449389', '6d7f2d4b-80de-4ef1-8c0f-a4e011672508', 'KALTAKQUISE', 'ACTIVE', 0, 'Funktion: Geschäftsführer/in (CEO) | Mitarbeiter: 1 bis 10 | Branche: Maler- & Gipsergeschäfte'),
('08be1c5e-ef2b-4dd1-8c97-edf440042b26', 'd5041f27-adc0-4eb6-8e43-9e75c4e53cdc', 'KALTAKQUISE', 'ACTIVE', 0, 'Funktion: Geschäftsführer/in (CEO) | Mitarbeiter: 1 bis 10 | Branche: Maler- & Gipsergeschäfte | Rechtsform: Einzelunternehmen'),
('483d75f3-6f96-463d-84a0-a5dba624c7af', '43435f0e-c918-4833-9bc0-6a79bf90111f', 'KALTAKQUISE', 'ACTIVE', 0, 'Funktion: Geschäftsführer/in (CEO) | Mitarbeiter: 1 bis 10 | Branche: Maler- & Gipsergeschäfte | Rechtsform: Gesellschaft mit beschränkter Haftung'),
('7159c0b5-4467-4caf-9b99-fccb2557ab8a', '728b1741-1634-424c-b5e7-2513854c9ebb', 'KALTAKQUISE', 'ACTIVE', 0, 'Funktion: Geschäftsführer/in (CEO) | Mitarbeiter: 1 bis 10 | Branche: Maler- & Gipsergeschäfte'),
('54cd2083-5a46-4b02-9fe1-f9a78277f9da', '1c4e856f-655c-43bc-af6e-c071e6d78eed', 'KALTAKQUISE', 'ACTIVE', 0, 'Funktion: Geschäftsführer/in (CEO) | Mitarbeiter: 1 bis 10 | Branche: Maler- & Gipsergeschäfte | Rechtsform: Gesellschaft mit beschränkter Haftung'),
('a31ebbce-dd06-4894-86ec-6acc75b94be5', 'afe9f8e4-0d96-4bba-b782-3af80130ec7f', 'KALTAKQUISE', 'ACTIVE', 0, 'Funktion: Geschäftsführer/in (CEO) | Mitarbeiter: 1 bis 10 | Branche: Maler- & Gipsergeschäfte | Rechtsform: Aktiengesellschaft'),
('b4322b07-72da-4e7d-a9f7-e69d7288b8c3', '76215a3b-cb69-44ca-9dfe-ee19876c1e46', 'KALTAKQUISE', 'ACTIVE', 0, 'Funktion: Geschäftsführer/in (CEO) | Mitarbeiter: 1 bis 10 | Branche: Maler- & Gipsergeschäfte | Rechtsform: Gesellschaft mit beschränkter Haftung'),
('9673e8e2-bcb9-4c3b-bd24-e7d817d7f0b7', 'b7366cf1-e7f6-47b2-a9a4-4aa9426d85c5', 'KALTAKQUISE', 'ACTIVE', 0, 'Funktion: Geschäftsführer/in (CEO) | Mitarbeiter: 1 bis 10 | Branche: Maler- & Gipsergeschäfte'),
('3105c3e3-5187-4ad6-be45-4ae9ceda9b32', '7681afb9-cb4b-4ec6-95de-be70f9d5f73a', 'KALTAKQUISE', 'ACTIVE', 0, 'Funktion: Geschäftsführer/in (CEO) | Mitarbeiter: 1 bis 10 | Branche: Maler- & Gipsergeschäfte'),
('d41755d3-b22b-4351-bd96-a667d65672d9', '219be065-3838-4401-b627-4378b54de1de', 'KALTAKQUISE', 'ACTIVE', 0, 'Funktion: Geschäftsführer/in (CEO) | Mitarbeiter: 1 bis 10 | Branche: Maler- & Gipsergeschäfte'),
('1c92e688-5a8e-47c6-b108-34d150cd0337', 'af659835-aed4-419b-beaf-8586d5cb5d79', 'KALTAKQUISE', 'ACTIVE', 0, 'Funktion: Geschäftsführer/in (CEO) | Mitarbeiter: 1 bis 10 | Branche: Maler- & Gipsergeschäfte'),
('e692af89-1ad5-46f2-8eb2-560917c5c677', '494005af-a7b2-4161-ba29-aeb2fbd06e05', 'KALTAKQUISE', 'ACTIVE', 0, 'Funktion: Geschäftsführer/in (CEO) | Mitarbeiter: 1 bis 10 | Branche: Maler- & Gipsergeschäfte | Rechtsform: Einzelunternehmen'),
('9eb6bdb1-666a-40ac-a912-e497c77b3804', 'a924f9d6-6631-4eb8-a990-98b86d87a38f', 'KALTAKQUISE', 'ACTIVE', 0, 'Funktion: Geschäftsführer/in (CEO) | Mitarbeiter: 1 bis 10 | Branche: Maler- & Gipsergeschäfte | Rechtsform: Gesellschaft mit beschränkter Haftung'),
('c2cc2b4a-d9dd-41d4-8c9a-e361457c2e71', 'e7f8ee2b-7b6c-4978-9e61-a67984f2c983', 'KALTAKQUISE', 'ACTIVE', 0, 'Funktion: Geschäftsführer/in (CEO) | Mitarbeiter: 1 bis 10 | Branche: Maler- & Gipsergeschäfte'),
('b975ed5f-95c0-4f59-9d69-53420b49a4a8', '6def1241-cc5e-4c58-80c5-24693dadd455', 'KALTAKQUISE', 'ACTIVE', 0, 'Funktion: Geschäftsführer/in (CEO) | Mitarbeiter: 1 bis 10 | Branche: Maler- & Gipsergeschäfte | Rechtsform: Aktiengesellschaft'),
('185c257b-f657-4550-8910-c95feba23d7d', 'd6f82fb0-ae0d-4e8f-89a2-3ad49d67ac9c', 'KALTAKQUISE', 'ACTIVE', 0, 'Funktion: Geschäftsführer/in (CEO) | Mitarbeiter: 1 bis 10 | Branche: Maler- & Gipsergeschäfte | Rechtsform: Gesellschaft mit beschränkter Haftung'),
('222504a0-503b-48ee-b14c-40750eb89efb', '7e7d6e38-037f-4e4b-8c43-8ae223e139f9', 'KALTAKQUISE', 'ACTIVE', 0, 'Funktion: Geschäftsführer/in (CEO) | Mitarbeiter: 1 bis 10 | Branche: Maler- & Gipsergeschäfte'),
('9337aea2-c01f-44bf-a4bf-d036aa212556', '43c0c44a-f97f-438b-ad17-75766ca6d333', 'KALTAKQUISE', 'ACTIVE', 0, 'Funktion: Geschäftsführer/in (CEO) | Mitarbeiter: 1 bis 10 | Branche: Maler- & Gipsergeschäfte | Rechtsform: Einzelunternehmen'),
('8d28b5dd-349f-44a2-b8ae-a989d1ef10dc', '30bad7ec-4110-4c9a-b3df-f7864de6dd44', 'KALTAKQUISE', 'ACTIVE', 0, 'Funktion: Geschäftsführer/in (CEO) | Mitarbeiter: 1 bis 10 | Branche: Maler- & Gipsergeschäfte'),
('ff716e04-ae2a-452d-94e3-09a103cca12b', '0b109558-3fa4-4f89-bbe2-1bc6c962b96b', 'KALTAKQUISE', 'ACTIVE', 0, 'Funktion: Geschäftsführer/in (CEO) | Mitarbeiter: 1 bis 10 | Branche: Maler- & Gipsergeschäfte | Rechtsform: Aktiengesellschaft'),
('ba555b0b-d1e7-4b8b-ab1d-e04e9c86753e', '7603e1aa-e167-47a2-b281-56ed9783cecb', 'KALTAKQUISE', 'ACTIVE', 0, 'Funktion: Geschäftsführer/in (CEO) | Mitarbeiter: 1 bis 10 | Branche: Maler- & Gipsergeschäfte | Rechtsform: Einzelunternehmen'),
('3b7f532d-392c-47a1-9670-5b59e1f14c91', 'bdf99493-898e-4515-abb0-401dfe2e9a6a', 'KALTAKQUISE', 'ACTIVE', 0, 'Funktion: Geschäftsführer/in (CEO) | Mitarbeiter: 1 bis 10 | Branche: Maler- & Gipsergeschäfte | Rechtsform: Gesellschaft mit beschränkter Haftung'),
('d737f614-0a75-44c4-af53-e2d075738403', 'c132bab8-a31e-4763-8233-7b1929140ea0', 'KALTAKQUISE', 'ACTIVE', 0, 'Funktion: Geschäftsführer/in (CEO) | Mitarbeiter: 1 bis 10 | Branche: Maler- & Gipsergeschäfte'),
('5b5dc3cb-5e9f-4590-832e-01bcb47b99bb', '9817832e-c9f8-4fea-bd30-697d6cb7cecd', 'KALTAKQUISE', 'ACTIVE', 0, 'Funktion: Geschäftsführer/in (CEO) | Mitarbeiter: 1 bis 10 | Branche: Maler- & Gipsergeschäfte'),
('3b77ab98-6d32-4cf7-b7aa-4ee2d94a2ae2', '9a268e67-ed98-4bc5-bd36-c62de77576de', 'KALTAKQUISE', 'ACTIVE', 0, 'Funktion: Geschäftsführer/in (CEO) | Mitarbeiter: 1 bis 10 | Branche: Maler- & Gipsergeschäfte'),
('c368877f-25b2-451c-bf4d-26dba878f82c', '2072c6fc-b9bc-4fe6-91d6-401955c8b5c2', 'KALTAKQUISE', 'ACTIVE', 0, 'Funktion: Geschäftsführer/in (CEO) | Mitarbeiter: 1 bis 10 | Branche: Maler- & Gipsergeschäfte | Rechtsform: Gesellschaft mit beschränkter Haftung'),
('5496a9d2-0761-479c-b99b-95d7fcbdb649', '55849f7b-9c70-401a-9153-543483f4cae6', 'KALTAKQUISE', 'ACTIVE', 0, 'Funktion: Geschäftsführer/in (CEO) | Mitarbeiter: 1 bis 10 | Branche: Maler- & Gipsergeschäfte | Rechtsform: Aktiengesellschaft'),
('eb01e2b2-e226-4bd1-9cad-0f232f93cf0c', '40cf5083-d2ff-4f81-be61-c45eeb6b5ed7', 'KALTAKQUISE', 'ACTIVE', 0, 'Funktion: Geschäftsführer/in (CEO) | Mitarbeiter: 1 bis 10 | Branche: Maler- & Gipsergeschäfte'),
('0f12a0ad-07f0-4377-aa22-7faaddca2dd9', '7d3ae6a5-a2e1-4119-9a41-eaac665044cf', 'KALTAKQUISE', 'ACTIVE', 0, 'Funktion: Geschäftsführer/in (CEO) | Mitarbeiter: 1 bis 10 | Branche: Maler- & Gipsergeschäfte'),
('16c37509-ed5c-40ca-aee7-bb6264ec46d5', 'ec99b794-3976-4070-afb9-28f05486c33b', 'KALTAKQUISE', 'ACTIVE', 0, 'Funktion: Geschäftsführer/in (CEO) | Mitarbeiter: 1 bis 10 | Branche: Maler- & Gipsergeschäfte'),
('818b12f3-1e5e-4755-a896-2b4686ef5774', 'b91a3f2b-cc1b-4222-8892-f32bc5f8acf3', 'KALTAKQUISE', 'ACTIVE', 0, 'Funktion: Geschäftsführer/in (CEO) | Mitarbeiter: 1 bis 10 | Branche: Maler- & Gipsergeschäfte'),
('b57edf0c-13d1-460d-878a-3f13f5ea0ef8', '642cbc5c-29de-4956-949f-2e072e7aff85', 'KALTAKQUISE', 'ACTIVE', 0, 'Funktion: Geschäftsführer/in (CEO) | Mitarbeiter: 1 bis 10 | Branche: Maler- & Gipsergeschäfte | Rechtsform: Gesellschaft mit beschränkter Haftung'),
('cf7f40a5-8b9a-4667-95ae-ecf9e93fe6bf', '509921a9-9099-45ed-80c7-89143e5f30cf', 'KALTAKQUISE', 'ACTIVE', 0, 'Funktion: Geschäftsführer/in (CEO) | Mitarbeiter: 1 bis 10 | Branche: Maler- & Gipsergeschäfte | Rechtsform: Aktiengesellschaft'),
('9ef3582b-5ab5-4917-9831-fa2ac287eccc', 'fd3a9163-4f27-40bd-8164-d5d11746b746', 'KALTAKQUISE', 'ACTIVE', 0, 'Funktion: Geschäftsführer/in (CEO) | Mitarbeiter: 1 bis 10 | Branche: Maler- & Gipsergeschäfte'),
('cd71fa6f-8cc2-43c1-8349-d652c8c1d3e5', 'a811737c-0db8-4047-96eb-7023052b8aaf', 'KALTAKQUISE', 'ACTIVE', 0, 'Funktion: Geschäftsführer/in (CEO) | Mitarbeiter: 1 bis 10 | Branche: Maler- & Gipsergeschäfte | Rechtsform: Aktiengesellschaft'),
('84813300-4589-4679-b535-2848d02d22af', '908ebfa7-1bf5-4cb9-88dd-c0d3b5dfb00a', 'KALTAKQUISE', 'ACTIVE', 0, 'Funktion: Geschäftsführer/in (CEO) | Mitarbeiter: 1 bis 10 | Branche: Maler- & Gipsergeschäfte'),
('fe36e3b6-ff6f-401b-b54a-7fa6fbf2d2d6', 'c1bd3355-9155-4ea6-9abd-bdcc766f8599', 'KALTAKQUISE', 'ACTIVE', 0, 'Funktion: Geschäftsführer/in (CEO) | Mitarbeiter: 1 bis 10 | Branche: Maler- & Gipsergeschäfte | Rechtsform: Gesellschaft mit beschränkter Haftung'),
('3e9fc5a8-bc3b-4007-949d-4f940d93aa60', '6e7bed60-d76c-45d2-a8a8-120d9e441a36', 'KALTAKQUISE', 'ACTIVE', 0, 'Funktion: Geschäftsführer/in (CEO) | Mitarbeiter: 1 bis 10 | Branche: Maler- & Gipsergeschäfte | Rechtsform: Einzelunternehmen'),
('602d0878-0d87-467e-983b-4b53c32b28d7', '666cd742-ce8d-407c-9387-4eb8f103f1c4', 'KALTAKQUISE', 'ACTIVE', 0, 'Funktion: Geschäftsführer/in (CEO) | Mitarbeiter: 1 bis 10 | Branche: Maler- & Gipsergeschäfte | Rechtsform: Gesellschaft mit beschränkter Haftung'),
('c5bbbf6b-8f0f-4b47-be72-d3d80c4264c6', '0cf4ce9d-680c-4617-abcb-602d1349921a', 'KALTAKQUISE', 'ACTIVE', 0, 'Funktion: Geschäftsführer/in (CEO) | Mitarbeiter: 1 bis 10 | Branche: Maler- & Gipsergeschäfte | Rechtsform: Einzelunternehmen'),
('5495075e-777c-4f0a-ad9c-6119214b4520', 'f047578c-712a-44b1-8db5-e6787618f05c', 'KALTAKQUISE', 'ACTIVE', 0, 'Funktion: Geschäftsführer/in (CEO) | Mitarbeiter: 1 bis 10 | Branche: Maler- & Gipsergeschäfte'),
('01bc5d85-eda8-4156-b946-35bb83478edf', 'd4e5dde0-29ba-44a3-83ee-0b7e13451946', 'KALTAKQUISE', 'ACTIVE', 0, 'Funktion: Geschäftsführer/in (CEO) | Mitarbeiter: 1 bis 10 | Branche: Maler- & Gipsergeschäfte | Rechtsform: Aktiengesellschaft'),
('6f09114e-6f48-4078-96ca-7159ed100ce1', 'cebb3cf2-d322-4770-ab7d-6270ab0edb6f', 'KALTAKQUISE', 'ACTIVE', 0, 'Funktion: Geschäftsführer/in (CEO) | Mitarbeiter: 1 bis 10 | Branche: Maler- & Gipsergeschäfte'),
('dc5c711b-4a8b-4164-9a3d-dfb38f40a7d6', '66499f78-11c4-4348-85a2-df39440c172a', 'KALTAKQUISE', 'ACTIVE', 0, 'Funktion: Geschäftsführer/in (CEO) | Mitarbeiter: 1 bis 10 | Branche: Maler- & Gipsergeschäfte | Rechtsform: Einzelunternehmen'),
('2c4bb325-d033-4fba-a054-c6187e4011d4', 'c0518f14-8242-4780-930b-093d48e052f2', 'KALTAKQUISE', 'ACTIVE', 0, 'Funktion: Geschäftsführer/in (CEO) | Mitarbeiter: 1 bis 10 | Branche: Maler- & Gipsergeschäfte | Rechtsform: Aktiengesellschaft'),
('f7e7f6b6-f24d-4718-bfa0-b9b196b6319d', '9e1d0a49-c928-4265-bd08-03ea83962f08', 'KALTAKQUISE', 'ACTIVE', 0, 'Funktion: Geschäftsführer/in (CEO) | Mitarbeiter: 1 bis 10 | Branche: Maler- & Gipsergeschäfte | Rechtsform: Einzelunternehmen'),
('b43ea700-c934-4bb3-a23b-73947816528a', '3c782d4d-c095-41f3-99f2-ce2b8a1a80e0', 'KALTAKQUISE', 'ACTIVE', 0, 'Funktion: Geschäftsführer/in (CEO) | Mitarbeiter: 1 bis 10 | Branche: Maler- & Gipsergeschäfte'),
('c06a17e7-c57e-4a1b-893e-932f80a7e78d', '533faa86-bf47-4c6c-82a3-6f9e786f7c87', 'KALTAKQUISE', 'ACTIVE', 0, 'Funktion: Geschäftsführer/in (CEO) | Mitarbeiter: 1 bis 10 | Branche: Maler- & Gipsergeschäfte | Rechtsform: Gesellschaft mit beschränkter Haftung'),
('b06a02e9-fe51-47bf-8d7a-1199a825e714', '52aaa189-a1e6-41fa-b1ac-d59fc1a7bb77', 'KALTAKQUISE', 'ACTIVE', 0, 'Funktion: Geschäftsführer/in (CEO) | Mitarbeiter: 1 bis 10 | Branche: Maler- & Gipsergeschäfte | Rechtsform: Aktiengesellschaft'),
('eda3b6f9-ae82-4830-89fa-19df0977b94e', 'bb279701-947f-41a9-90de-ca7e8c8d35ca', 'KALTAKQUISE', 'ACTIVE', 0, 'Funktion: Geschäftsführer/in (CEO) | Mitarbeiter: 1 bis 10 | Branche: Maler- & Gipsergeschäfte'),
('e0015259-fcbe-4b2a-a96a-23f7fc98dc70', 'd649dc26-be63-48c6-b27c-7187a1d85a0b', 'KALTAKQUISE', 'ACTIVE', 0, 'Funktion: Geschäftsführer/in (CEO) | Mitarbeiter: 1 bis 10 | Branche: Maler- & Gipsergeschäfte'),
('1ea5dc14-118b-4971-bfa4-234a08d77435', '8d3d11f8-2498-45a2-a08f-ad21498e591a', 'KALTAKQUISE', 'ACTIVE', 0, 'Funktion: Geschäftsführer/in (CEO) | Mitarbeiter: 1 bis 10 | Branche: Maler- & Gipsergeschäfte'),
('ee98feec-7555-4e7a-b7c2-63367d780302', 'ab5fe87c-08db-4bbe-aa31-c50957449d78', 'KALTAKQUISE', 'ACTIVE', 0, 'Funktion: Geschäftsführer/in (CEO) | Mitarbeiter: 21 bis 50 | Branche: Maler- & Gipsergeschäfte | Rechtsform: Gesellschaft mit beschränkter Haftung'),
('345b920b-509c-4113-8d1a-29dc81e46795', '4ddbc1c1-dca8-4985-8b81-33e2a91b5bb1', 'KALTAKQUISE', 'ACTIVE', 0, 'Funktion: Geschäftsführer/in (CEO) | Mitarbeiter: 1 bis 10 | Branche: Maler- & Gipsergeschäfte'),
('897f7ee6-44c4-42b8-b1c8-90a1bd7a5e79', '2380d256-4345-44f9-9d55-e860038204a8', 'KALTAKQUISE', 'ACTIVE', 0, 'Funktion: Geschäftsführer/in (CEO) | Mitarbeiter: 1 bis 10 | Branche: Maler- & Gipsergeschäfte | Rechtsform: Gesellschaft mit beschränkter Haftung'),
('c02caade-ba47-49e4-860e-69e1f45f8c4a', '7c04a4c5-9794-46b9-9ee2-02d111cdbcc6', 'KALTAKQUISE', 'ACTIVE', 0, 'Funktion: Geschäftsführer/in (CEO) | Mitarbeiter: 1 bis 10 | Branche: Maler- & Gipsergeschäfte | Rechtsform: Gesellschaft mit beschränkter Haftung'),
('ad6edd49-2b24-4e1b-a7c0-11bec275ab6c', '43d0cb08-6cfa-453c-9921-0dc862a71799', 'KALTAKQUISE', 'ACTIVE', 0, 'Funktion: Geschäftsführer/in (CEO) | Mitarbeiter: 1 bis 10 | Branche: Maler- & Gipsergeschäfte | Rechtsform: Aktiengesellschaft'),
('32399919-1615-409e-b0db-f79c92fed45f', '8257f856-92a3-4623-af43-f4ae041793b0', 'KALTAKQUISE', 'ACTIVE', 0, 'Funktion: Geschäftsführer/in (CEO) | Mitarbeiter: 21 bis 50 | Branche: Maler- & Gipsergeschäfte | Rechtsform: Aktiengesellschaft'),
('96ca0e23-9dd1-4725-9529-c70d7866237d', '761afadf-caab-49ac-8a08-b722cd671fea', 'KALTAKQUISE', 'ACTIVE', 0, 'Funktion: Geschäftsführer/in (CEO) | Mitarbeiter: 1 bis 10 | Branche: Maler- & Gipsergeschäfte | Rechtsform: Aktiengesellschaft'),
('5ced87bb-77fa-4ef9-86e5-ad2d59529598', 'faef22a9-af17-4974-90cb-112e4c06d066', 'KALTAKQUISE', 'ACTIVE', 0, 'Funktion: Geschäftsführer/in (CEO) | Mitarbeiter: 1 bis 10 | Branche: Maler- & Gipsergeschäfte'),
('ee62eaca-eadd-47c9-8aca-b5679f8a2ca9', '4096daa2-9526-44b0-8b27-d20bc07b9570', 'KALTAKQUISE', 'ACTIVE', 0, 'Funktion: Geschäftsführer/in (CEO) | Mitarbeiter: 1 bis 10 | Branche: Maler- & Gipsergeschäfte | Rechtsform: Gesellschaft mit beschränkter Haftung'),
('153d7d95-aee5-4235-a475-f236f50d4d5e', '033356ba-4e8f-4109-af7e-8264ddd94d39', 'KALTAKQUISE', 'ACTIVE', 0, 'Funktion: Geschäftsführer/in (CEO) | Mitarbeiter: 1 bis 10 | Branche: Maler- & Gipsergeschäfte'),
('920488cd-d4f1-4174-b94d-5fb3f382a3c8', '663e721b-a785-4618-a8cd-ad120a1dbf39', 'KALTAKQUISE', 'ACTIVE', 0, 'Funktion: Geschäftsführer/in (CEO) | Mitarbeiter: 11 bis 20 | Branche: Maler- & Gipsergeschäfte'),
('7e6307ac-f9c0-4746-955f-cb0b40386ed5', 'd54db63b-d930-4ad3-b9b0-d6ee4c8c8119', 'KALTAKQUISE', 'ACTIVE', 0, 'Funktion: Geschäftsführer/in (CEO) | Mitarbeiter: 1 bis 10 | Branche: Maler- & Gipsergeschäfte | Rechtsform: Einzelunternehmen'),
('04623319-55b2-41bb-9cfb-6d48b89da5b5', '2d732d4d-f49f-47a0-ba73-2932b0dc2350', 'KALTAKQUISE', 'ACTIVE', 0, 'Funktion: Geschäftsführer/in (CEO) | Mitarbeiter: 1 bis 10 | Branche: Maler- & Gipsergeschäfte | Rechtsform: Aktiengesellschaft'),
('1e192bea-4b25-4543-814c-4164fb6bd548', '5d5182e3-f9f0-4cad-87bd-2332c5b53f89', 'KALTAKQUISE', 'ACTIVE', 0, 'Funktion: Geschäftsführer/in (CEO) | Mitarbeiter: 1 bis 10 | Branche: Maler- & Gipsergeschäfte'),
('6afaee7c-465c-43ee-b8ae-5428f60287d4', 'de75e439-5bc3-44a5-9664-4a4473e64d43', 'KALTAKQUISE', 'ACTIVE', 0, 'Funktion: Geschäftsführer/in (CEO) | Mitarbeiter: 1 bis 10 | Branche: Maler- & Gipsergeschäfte | Rechtsform: Aktiengesellschaft'),
('2a735897-4848-4169-b398-68ea9ac8ce10', 'a078200e-edd3-4448-a869-30821b0a6a2e', 'KALTAKQUISE', 'ACTIVE', 0, 'Funktion: Geschäftsführer/in (CEO) | Mitarbeiter: 1 bis 10 | Branche: Maler- & Gipsergeschäfte | Rechtsform: Einzelunternehmen'),
('4cbfdd42-9710-42b2-a5d2-a59329a8d0ac', 'ae88071d-044b-4736-865a-7dce981d5edd', 'KALTAKQUISE', 'ACTIVE', 0, 'Funktion: Geschäftsführer/in (CEO) | Mitarbeiter: 1 bis 10 | Branche: Maler- & Gipsergeschäfte'),
('c27fcdff-8130-4a2e-aa10-9ca0c50dfdee', '14f56526-f771-4146-95a6-a35290fe511f', 'KALTAKQUISE', 'ACTIVE', 0, 'Funktion: Geschäftsführer/in (CEO) | Mitarbeiter: 1 bis 10 | Branche: Maler- & Gipsergeschäfte'),
('a173c16a-fe3e-4f3c-bad4-f8bb1c47c806', 'e1bd7928-f32c-428d-bd15-49e691dfdfbe', 'KALTAKQUISE', 'ACTIVE', 0, 'Funktion: Geschäftsführer/in (CEO) | Mitarbeiter: 1 bis 10 | Branche: Maler- & Gipsergeschäfte | Rechtsform: Aktiengesellschaft'),
('7c23a4ec-3dc3-46e6-a8f0-91948dbf60f6', '69c13a54-1a33-4237-a9a5-a630311b2757', 'KALTAKQUISE', 'ACTIVE', 0, 'Funktion: Geschäftsführer/in (CEO) | Mitarbeiter: 11 bis 20 | Branche: Maler- & Gipsergeschäfte'),
('2903db57-14a3-4123-bbb0-3315c6b2dc4d', 'def1ad89-980e-4965-b2f2-219b4dcdcade', 'KALTAKQUISE', 'ACTIVE', 0, 'Funktion: Geschäftsführer/in (CEO) | Mitarbeiter: 1 bis 10 | Branche: Maler- & Gipsergeschäfte'),
('ba9ead70-0799-488a-a7eb-f329142afe62', '27563dd0-e19e-414b-ac7a-30923b784348', 'KALTAKQUISE', 'ACTIVE', 0, 'Funktion: Geschäftsführer/in (CEO) | Mitarbeiter: 1 bis 10 | Branche: Maler- & Gipsergeschäfte'),
('908b8ccf-0b38-4daa-a481-15e7fed851c3', 'ba5f393c-a802-4568-ae68-44199373a58e', 'KALTAKQUISE', 'ACTIVE', 0, 'Funktion: Geschäftsführer/in (CEO) | Mitarbeiter: 1 bis 10 | Branche: Maler- & Gipsergeschäfte'),
('21f68512-826e-4049-8ec3-662cb1cdd0d7', '7baf3c2c-a37a-4f2a-bf4b-a5aa66044823', 'KALTAKQUISE', 'ACTIVE', 0, 'Funktion: Geschäftsführer/in (CEO) | Mitarbeiter: 1 bis 10 | Branche: Maler- & Gipsergeschäfte | Rechtsform: Gesellschaft mit beschränkter Haftung'),
('cd56a6e4-00b2-4a8f-885c-58fb196e196b', '6e8ce5c7-4cc6-4d13-9dde-afb16eeab22d', 'KALTAKQUISE', 'ACTIVE', 0, 'Funktion: Geschäftsführer/in (CEO) | Mitarbeiter: 1 bis 10 | Branche: Maler- & Gipsergeschäfte | Rechtsform: Einzelunternehmen'),
('0ec0eb8b-cf35-4b75-9e4f-bc7c3512e84e', '1862016e-0e11-4d34-8e98-241c85825f8c', 'KALTAKQUISE', 'ACTIVE', 0, 'Funktion: Geschäftsführer/in (CEO) | Mitarbeiter: 1 bis 10 | Branche: Maler- & Gipsergeschäfte | Rechtsform: Gesellschaft mit beschränkter Haftung'),
('fcd53377-c5bd-4617-84e6-0633b415dc5e', '549c0d70-4d15-444d-8772-eac2ed609ec4', 'KALTAKQUISE', 'ACTIVE', 0, 'Funktion: Geschäftsführer/in (CEO) | Mitarbeiter: 1 bis 10 | Branche: Maler- & Gipsergeschäfte'),
('e8293cd7-5cf3-4f82-bc1f-59aa146c844c', 'e9a7ed9e-bff9-4468-87b7-9372e1ff53ea', 'KALTAKQUISE', 'ACTIVE', 0, 'Funktion: Geschäftsführer/in (CEO) | Mitarbeiter: 1 bis 10 | Branche: Maler- & Gipsergeschäfte | Rechtsform: Gesellschaft mit beschränkter Haftung'),
('c676bfaf-3310-46e5-a1c2-36587064a3b8', '8cfb9b5f-b0fd-485b-8469-ce648770e344', 'KALTAKQUISE', 'ACTIVE', 0, 'Funktion: Geschäftsführer/in (CEO) | Mitarbeiter: 1 bis 10 | Branche: Maler- & Gipsergeschäfte'),
('263eaa68-05a8-4e28-9954-4ae6f9b54ec4', 'ad309d53-a197-4a38-ba77-1dfe29dcd6a1', 'KALTAKQUISE', 'ACTIVE', 0, 'Funktion: Geschäftsführer/in (CEO) | Mitarbeiter: 1 bis 10 | Branche: Maler- & Gipsergeschäfte'),
('7966fbf0-7991-4441-a0b6-cf1674a78777', '9c623a04-c262-4c01-8b08-92a47a39eb3c', 'KALTAKQUISE', 'ACTIVE', 0, 'Funktion: Geschäftsführer/in (CEO) | Mitarbeiter: 1 bis 10 | Branche: Maler- & Gipsergeschäfte'),
('76f3a532-0df1-4ebd-8c0c-eda07f4722ed', '62565fed-14d7-4c40-aeec-bec74e7ca7d6', 'KALTAKQUISE', 'ACTIVE', 0, 'Funktion: Geschäftsführer/in (CEO) | Mitarbeiter: 1 bis 10 | Branche: Maler- & Gipsergeschäfte | Rechtsform: Einzelunternehmen'),
('abd814ff-e49e-4b43-a958-ced9e82ed25a', '5e71689c-eb3b-4724-9213-5c5f6e8e9988', 'KALTAKQUISE', 'ACTIVE', 0, 'Funktion: Geschäftsführer/in (CEO) | Mitarbeiter: 1 bis 10 | Branche: Maler- & Gipsergeschäfte | Rechtsform: Einzelunternehmen'),
('5ebf717f-114b-4f97-b324-f9717f59c21f', '46fdb9db-d000-4faa-a0e4-c6f4c09890b0', 'KALTAKQUISE', 'ACTIVE', 0, 'Funktion: Geschäftsführer/in (CEO) | Mitarbeiter: 1 bis 10 | Branche: Maler- & Gipsergeschäfte'),
('277c3ec9-f66b-4662-9e3e-9441ffc7fc06', '97f7b1cf-1fa5-4614-9dcf-e1543f8732b3', 'KALTAKQUISE', 'ACTIVE', 0, 'Funktion: Geschäftsführer/in (CEO) | Mitarbeiter: 1 bis 10 | Branche: Maler- & Gipsergeschäfte'),
('6c8f7d22-430e-48e9-a627-6de3918913ac', 'a7553054-a714-415b-939d-777f69f7bed1', 'KALTAKQUISE', 'ACTIVE', 0, 'Funktion: Geschäftsführer/in (CEO) | Mitarbeiter: 1 bis 10 | Branche: Maler- & Gipsergeschäfte'),
('4c45e903-92fe-4804-bcf9-a544f6c644ec', '25c887f2-8138-447b-8dee-9568f8cc6f3e', 'KALTAKQUISE', 'ACTIVE', 0, 'Funktion: Geschäftsführer/in (CEO) | Mitarbeiter: 1 bis 10 | Branche: Maler- & Gipsergeschäfte | Rechtsform: Gesellschaft mit beschränkter Haftung'),
('87eff611-f1fb-4eff-9dd5-9803962cedd2', '67f30c69-3900-41d5-a373-4907c5782f1d', 'KALTAKQUISE', 'ACTIVE', 0, 'Funktion: Geschäftsführer/in (CEO) | Mitarbeiter: 1 bis 10 | Branche: Maler- & Gipsergeschäfte'),
('2a83a801-2371-404e-a3cb-96db34a16bcf', '841f463c-0153-4d84-9e41-f84e23c7d851', 'KALTAKQUISE', 'ACTIVE', 0, 'Funktion: Geschäftsführer/in (CEO) | Mitarbeiter: 1 bis 10 | Branche: Maler- & Gipsergeschäfte | Rechtsform: Einzelunternehmen'),
('71221a65-d2d6-4d67-8c3c-76e78a4c59ce', '1ce00aff-5dba-469c-9900-ec1b641a4507', 'KALTAKQUISE', 'ACTIVE', 0, 'Funktion: Geschäftsführer/in (CEO) | Mitarbeiter: 1 bis 10 | Branche: Maler- & Gipsergeschäfte | Rechtsform: Einzelunternehmen'),
('20e59988-98bc-4eb1-ac67-f8b6792f06eb', 'ec0a329b-3601-47c2-8c66-9e6a1dd24228', 'KALTAKQUISE', 'ACTIVE', 0, 'Funktion: Geschäftsführer/in (CEO) | Mitarbeiter: 1 bis 10 | Branche: Maler- & Gipsergeschäfte'),
('9d5412f8-48c6-4a6f-b4b9-ca764dc9a603', '92bfd370-c8d9-40a9-a76a-cfc104ecd45d', 'KALTAKQUISE', 'ACTIVE', 0, 'Funktion: Geschäftsführer/in (CEO) | Mitarbeiter: 1 bis 10 | Branche: Maler- & Gipsergeschäfte'),
('77e60092-e282-420c-ae52-7454d228bfe3', '6058cd32-a6f4-4034-adc7-35285cbefd62', 'KALTAKQUISE', 'ACTIVE', 0, 'Funktion: Geschäftsführer/in (CEO) | Mitarbeiter: 1 bis 10 | Branche: Maler- & Gipsergeschäfte'),
('60d923f2-966d-4e59-870c-ce2aeb23ea52', '222a8ac2-f36e-439f-8978-7f7632b615f1', 'KALTAKQUISE', 'ACTIVE', 0, 'Funktion: Geschäftsführer/in (CEO) | Mitarbeiter: 1 bis 10 | Branche: Maler- & Gipsergeschäfte | Rechtsform: Einzelunternehmen'),
('22653f31-e267-44d9-aacd-c6147b779ee0', '250dc019-22fb-4979-9e2a-30a04d2b5dbc', 'KALTAKQUISE', 'ACTIVE', 0, 'Funktion: Geschäftsführer/in (CEO) | Mitarbeiter: 1 bis 10 | Branche: Maler- & Gipsergeschäfte | Rechtsform: Einzelunternehmen'),
('4d73f611-fa89-47a5-abb6-c7bdd395edb6', 'c75f15cd-7bdc-47c2-9426-8f977091dad7', 'KALTAKQUISE', 'ACTIVE', 0, 'Funktion: Geschäftsführer/in (CEO) | Mitarbeiter: 1 bis 10 | Branche: Maler- & Gipsergeschäfte'),
('fdef0706-5007-43cc-aaa7-72038fe28d06', '181328e7-1953-44f2-9fc7-f3fc09c8b46c', 'KALTAKQUISE', 'ACTIVE', 0, 'Funktion: Geschäftsführer/in (CEO) | Mitarbeiter: 1 bis 10 | Branche: Maler- & Gipsergeschäfte | Rechtsform: Einzelunternehmen'),
('ac1cee3d-b21b-4354-ae78-2ddf0a6489f9', '57904b10-cb35-4f07-9637-68dab1bb2cfa', 'KALTAKQUISE', 'ACTIVE', 0, 'Funktion: Geschäftsführer/in (CEO) | Mitarbeiter: 1 bis 10 | Branche: Maler- & Gipsergeschäfte'),
('92768cbc-0a93-49f1-a8c3-13cea35e80f5', '488a8735-b2e1-4cd1-910c-b94ab5b85d9c', 'KALTAKQUISE', 'ACTIVE', 0, 'Funktion: Geschäftsführer/in (CEO) | Mitarbeiter: 1 bis 10 | Branche: Maler- & Gipsergeschäfte | Rechtsform: Einzelunternehmen'),
('fdcaac36-d9c4-4c74-b3c4-6ac34fdb7b7c', '96235f71-8f3c-4f5a-85fa-d50f5e9913d4', 'KALTAKQUISE', 'ACTIVE', 0, 'Funktion: Geschäftsführer/in (CEO) | Mitarbeiter: 1 bis 10 | Branche: Maler- & Gipsergeschäfte'),
('d2a229a4-2e44-40a7-b665-5dcd5137864f', 'f3e51581-8f89-49d1-923b-94eaa37504e6', 'KALTAKQUISE', 'ACTIVE', 0, 'Funktion: Geschäftsführer/in (CEO) | Mitarbeiter: 1 bis 10 | Branche: Maler- & Gipsergeschäfte | Rechtsform: Gesellschaft mit beschränkter Haftung'),
('9ed91571-2d0e-46a4-85eb-addc3fbba938', 'e48d3fd5-abf1-449d-89d6-f2de0070253a', 'KALTAKQUISE', 'ACTIVE', 0, 'Funktion: Geschäftsführer/in (CEO) | Mitarbeiter: 1 bis 10 | Branche: Maler- & Gipsergeschäfte | Rechtsform: Gesellschaft mit beschränkter Haftung'),
('ee576519-83c7-45bc-85cb-8f9ba2bc151d', '84e5ec9a-08e7-4988-9220-b5beb1017ebf', 'KALTAKQUISE', 'ACTIVE', 0, 'Funktion: Geschäftsführer/in (CEO) | Mitarbeiter: 1 bis 10 | Branche: Maler- & Gipsergeschäfte | Rechtsform: Gesellschaft mit beschränkter Haftung'),
('63b85cb4-6b52-44ae-9936-875a8d99165e', '3ab0f196-7de3-4249-9063-09650681b9a2', 'KALTAKQUISE', 'ACTIVE', 0, 'Funktion: Geschäftsführer/in (CEO) | Mitarbeiter: 1 bis 10 | Branche: Maler- & Gipsergeschäfte'),
('82ba34d3-3bed-4b4d-b53e-f01a5d9bfa2c', '51ffae57-782b-4faf-9a1b-c96c6c739b67', 'KALTAKQUISE', 'ACTIVE', 0, 'Funktion: Geschäftsführer/in (CEO) | Mitarbeiter: 1 bis 10 | Branche: Maler- & Gipsergeschäfte'),
('5312b74d-c790-40c2-8075-860c4557f729', 'e29ef5de-eeff-4cb0-8727-6bd884ef5fdf', 'KALTAKQUISE', 'ACTIVE', 0, 'Funktion: Geschäftsführer/in (CEO) | Mitarbeiter: 1 bis 10 | Branche: Maler- & Gipsergeschäfte'),
('c86b7470-a420-4ca8-9626-f490372abd14', 'b0a0bfe9-b9c9-4a4e-a116-4c2d6cfabc7a', 'KALTAKQUISE', 'ACTIVE', 0, 'Funktion: Geschäftsführer/in (CEO) | Mitarbeiter: 1 bis 10 | Branche: Maler- & Gipsergeschäfte'),
('ff0fe227-1d8d-4941-9d18-cd43d3104d90', '9b85953a-c31e-46ad-ae53-c87709c4a4a5', 'KALTAKQUISE', 'ACTIVE', 0, 'Funktion: Geschäftsführer/in (CEO) | Mitarbeiter: 1 bis 10 | Branche: Maler- & Gipsergeschäfte | Rechtsform: Gesellschaft mit beschränkter Haftung'),
('92192601-b720-4180-8ed0-90b0ddd33a34', '5759f761-adfc-4d76-b4dc-88c14c98b826', 'KALTAKQUISE', 'ACTIVE', 0, 'Funktion: Geschäftsführer/in (CEO) | Mitarbeiter: 1 bis 10 | Branche: Maler- & Gipsergeschäfte'),
('51b94297-731d-41e6-ab46-a912f0c598ca', '30ffa4c9-b59a-4808-b7b2-f31e69846e83', 'KALTAKQUISE', 'ACTIVE', 0, 'Funktion: Geschäftsführer/in (CEO) | Mitarbeiter: 1 bis 10 | Branche: Maler- & Gipsergeschäfte | Rechtsform: Einzelunternehmen'),
('4adb0939-c525-4f37-8821-88588ae74f82', '26a0a29d-435c-4d18-93ec-30fe40aa5882', 'KALTAKQUISE', 'ACTIVE', 0, 'Funktion: Geschäftsführer/in (CEO) | Mitarbeiter: 1 bis 10 | Branche: Maler- & Gipsergeschäfte'),
('e34aa55d-96a4-4b7c-8785-90e80922cace', '492411bc-d712-47ab-a104-3e6ee06db93f', 'KALTAKQUISE', 'ACTIVE', 0, 'Funktion: Geschäftsführer/in (CEO) | Mitarbeiter: 11 bis 20 | Branche: Maler- & Gipsergeschäfte | Rechtsform: Aktiengesellschaft'),
('e18d8816-c63a-4fba-9899-387974a43b6f', '23d00f7e-6a05-4681-8973-868042883e62', 'KALTAKQUISE', 'ACTIVE', 0, 'Funktion: Geschäftsführer/in (CEO) | Mitarbeiter: 1 bis 10 | Branche: Maler- & Gipsergeschäfte | Rechtsform: Aktiengesellschaft'),
('cad44192-499e-4f7a-b0f7-e36fb4b5a3f2', '1396382f-ecbb-4c3f-b076-3a8a495d341f', 'KALTAKQUISE', 'ACTIVE', 0, 'Funktion: Geschäftsführer/in (CEO) | Mitarbeiter: 11 bis 20 | Branche: Maler- & Gipsergeschäfte | Rechtsform: Aktiengesellschaft'),
('7348e552-e246-4e6d-82f0-da4b49b9a355', 'a1a39a48-c3da-464a-94a1-f648b410d98d', 'KALTAKQUISE', 'ACTIVE', 0, 'Funktion: Geschäftsführer/in (CEO) | Mitarbeiter: 1 bis 10 | Branche: Maler- & Gipsergeschäfte'),
('210b04c4-a425-49e5-9c4f-41de33ebdd75', '7cedd8e9-ae48-49c4-867b-ea2eb91ef4b3', 'KALTAKQUISE', 'ACTIVE', 0, 'Funktion: Geschäftsführer/in (CEO) | Mitarbeiter: 1 bis 10 | Branche: Maler- & Gipsergeschäfte'),
('eb01dbeb-356e-4364-b14c-31318ea7b4be', 'c7636f8a-9eab-4d36-a22c-9bd7dbe0a3ac', 'KALTAKQUISE', 'ACTIVE', 0, 'Funktion: Geschäftsführer/in (CEO) | Mitarbeiter: 1 bis 10 | Branche: Maler- & Gipsergeschäfte | Rechtsform: Gesellschaft mit beschränkter Haftung'),
('0f21af77-9e7c-4238-8ce8-b60d8b0dc729', 'c76e3ff3-6984-4d48-a9ae-17fc5b6b48c7', 'KALTAKQUISE', 'ACTIVE', 0, 'Funktion: Geschäftsführer/in (CEO) | Mitarbeiter: 1 bis 10 | Branche: Maler- & Gipsergeschäfte | Rechtsform: Einzelunternehmen'),
('0d7375db-70bf-4086-bbc0-68a7e8c72e15', 'df23b5ac-1283-4282-9991-4745979d55c4', 'KALTAKQUISE', 'ACTIVE', 0, 'Funktion: Geschäftsführer/in (CEO) | Mitarbeiter: 1 bis 10 | Branche: Maler- & Gipsergeschäfte'),
('e902f58d-6a84-4ff2-8148-c48001beba3d', '2a986055-ae45-4667-9321-1d6009490e6e', 'KALTAKQUISE', 'ACTIVE', 0, 'Funktion: Geschäftsführer/in (CEO) | Mitarbeiter: 1 bis 10 | Branche: Maler- & Gipsergeschäfte | Rechtsform: Gesellschaft mit beschränkter Haftung'),
('b5243672-d68a-4cf9-8722-3676b8b4f9fe', 'e7973275-d9f2-48fc-b5d5-b167b74b08d8', 'KALTAKQUISE', 'ACTIVE', 0, 'Funktion: Geschäftsführer/in (CEO) | Mitarbeiter: 1 bis 10 | Branche: Maler- & Gipsergeschäfte | Rechtsform: Einzelunternehmen'),
('ddda3a29-2b3e-4d0d-9a87-124c12a7f6ce', 'ccaf7e2f-8c4c-421b-a4b0-c93a604ff6da', 'KALTAKQUISE', 'ACTIVE', 0, 'Funktion: Geschäftsführer/in (CEO) | Mitarbeiter: 1 bis 10 | Branche: Maler- & Gipsergeschäfte | Rechtsform: Einzelunternehmen'),
('297c5b97-7b5a-4ca0-8e20-d6f9a5b6b0ab', 'aa993a66-4d9b-42fb-a83c-9814ef533cf7', 'KALTAKQUISE', 'ACTIVE', 0, 'Funktion: Geschäftsführer/in (CEO) | Mitarbeiter: 1 bis 10 | Branche: Maler- & Gipsergeschäfte | Rechtsform: Einzelunternehmen'),
('e65d2ffc-8109-4c75-96e8-300daf3004b7', '25958058-986b-4c85-95ce-ec1b3f33e4c5', 'KALTAKQUISE', 'ACTIVE', 0, 'Funktion: Geschäftsführer/in (CEO) | Mitarbeiter: 1 bis 10 | Branche: Maler- & Gipsergeschäfte | Rechtsform: Gesellschaft mit beschränkter Haftung'),
('da7f2afc-b0fb-4ee2-8dfc-8a60beba4004', 'c45d46ea-2980-4fbe-a33c-9a1810f91cfe', 'KALTAKQUISE', 'ACTIVE', 0, 'Funktion: Geschäftsführer/in (CEO) | Mitarbeiter: 1 bis 10 | Branche: Maler- & Gipsergeschäfte | Rechtsform: Einzelunternehmen'),
('e24a160f-ee90-4fdb-a3d1-9863b9ddd61f', '188f24ae-acf3-4e35-b9cc-157142f444f6', 'KALTAKQUISE', 'ACTIVE', 0, 'Funktion: Geschäftsführer/in (CEO) | Mitarbeiter: 1 bis 10 | Branche: Maler- & Gipsergeschäfte | Rechtsform: Einzelunternehmen'),
('cec53264-44fe-45ce-84c6-d2d0f16ad8d5', '9e5759dd-29ba-4b6c-b5bf-cb629bcd4e2e', 'KALTAKQUISE', 'ACTIVE', 0, 'Funktion: Geschäftsführer/in (CEO) | Mitarbeiter: 1 bis 10 | Branche: Maler- & Gipsergeschäfte'),
('e833694b-7ba6-4e7d-b3b4-544a02aec374', 'a35d459e-37b3-4ae0-af92-c5091a4b70ce', 'KALTAKQUISE', 'ACTIVE', 0, 'Funktion: Geschäftsführer/in (CEO) | Mitarbeiter: 1 bis 10 | Branche: Maler- & Gipsergeschäfte');

INSERT INTO lead_tags (lead_id, tag_id) VALUES
('d0aa4610-1cc7-4f59-9751-6d814229e298', 'ka-b2b'),
('e853bbc4-2eb6-4b64-9ec6-cd2ffc95e1a6', 'ka-b2b'),
('a9650d44-e5f7-45df-9369-cf2c7f6a07b4', 'ka-b2b'),
('1524cca7-777e-42e3-8c02-7e1b35e45d2f', 'ka-b2b'),
('fd1367ae-c03f-4c7e-8117-e584d2c1488b', 'ka-b2b'),
('b7a8fea3-8783-40b7-b52f-205b3f345e43', 'ka-b2b'),
('60482c98-27a8-4249-9d38-0cd6c79dac2a', 'ka-b2b'),
('ef234cf9-3f04-40f3-8bf8-127936bfe646', 'ka-b2b'),
('0bc91017-69cb-4561-900d-1dc03d2d4fb3', 'ka-b2b'),
('a32dcba0-4995-4e72-8bab-2a492917d24c', 'ka-b2b'),
('fecc0a24-1664-4ee4-92a5-7b174ecb13e4', 'ka-b2b'),
('78f0405c-78fa-4fd1-9231-f4fba0601444', 'ka-b2b'),
('d02e4b21-c231-4f85-b23a-464aab904569', 'ka-b2b'),
('d5b5df24-0e12-42aa-bd8e-a01f8cc558a0', 'ka-b2b'),
('88c44b51-f320-4c69-88b8-eec62177ebc2', 'ka-b2b'),
('47b51ab7-6672-4baf-bc26-65f6d35ec126', 'ka-b2b'),
('944a1fc1-dfd9-4ee6-b77d-80db89567cdf', 'ka-b2b'),
('a2204470-ecb0-4a3b-b0cd-b7cd15accf10', 'ka-b2b'),
('fe56405a-2f6b-44ea-9445-7ddc30b628e6', 'ka-b2b'),
('39c394ae-a6b1-4f93-addc-0b77e02b23f2', 'ka-b2b'),
('d476dfb9-7fa5-4d81-9781-6d123728a565', 'ka-b2b'),
('c0f373a8-7df9-41cd-a381-829f266c5647', 'ka-b2b'),
('88dc61fb-4f4f-4354-88a2-80f000587a38', 'ka-b2b'),
('3307f1b3-f169-405f-8da3-f651ce3cd12d', 'ka-b2b'),
('961bed44-cc00-4621-b4b5-b0a65ab006c4', 'ka-b2b'),
('6fc35200-9d62-4424-b583-1dc7957a4d39', 'ka-b2b'),
('b3bac81f-bd6f-4ac6-b043-cd62b5e2ac43', 'ka-b2b'),
('ea2bd3ec-bfeb-4334-b953-9cbefd163a3a', 'ka-b2b'),
('ff76eea8-7fbe-42c6-94a3-63db72a48984', 'ka-b2b'),
('177ca48b-4c16-4ec4-b4e2-6bbffe46b9f8', 'ka-b2b'),
('8f84f68c-78ef-4acb-8886-91a436f219b5', 'ka-b2b'),
('551f9921-7503-4d95-9db1-ac8117f14944', 'ka-b2b'),
('b0dc9735-82ac-457f-be0c-91e2db7a5982', 'ka-b2b'),
('63de9b73-90b8-4e40-8296-25d894941d4c', 'ka-b2b'),
('c3610701-bc27-40f2-8823-7a31acc5987b', 'ka-b2b'),
('14bb77bc-b2e6-41cc-8c80-3d79bb1e2998', 'ka-b2b'),
('0b5a5911-f886-45c8-8ec3-7c320e6708d1', 'ka-b2b'),
('6097b26d-46e4-46c3-b3e6-a0c8c368012c', 'ka-b2b'),
('0dc9e4fa-eb71-4e19-ba85-144379d8f982', 'ka-b2b'),
('5cda2982-0425-49e9-92fd-4cf714dd1dea', 'ka-b2b'),
('c78d277a-b28f-4f37-af6f-e609bcb6e854', 'ka-b2b'),
('0d5a14fd-215b-46c4-a181-86ba6a0dca8c', 'ka-b2b'),
('2bf41c3b-7b2e-4545-a4fe-f09ddd544583', 'ka-b2b'),
('da5bd467-e1d3-425b-9bb9-f282ed5825b8', 'ka-b2b'),
('de62064a-8ebe-4a6c-8813-8d0f5d548dde', 'ka-b2b'),
('6359859f-8c30-4160-9278-6df9979a4729', 'ka-b2b'),
('4436851f-465c-47b5-bda1-a767e755deec', 'ka-b2b'),
('8ff4a505-504b-4647-b67d-cf58e88460e3', 'ka-b2b'),
('c9835c2f-2142-4b88-9cd1-b4e19e25626f', 'ka-b2b'),
('f3c3239c-85fa-48d5-8b8b-017d8b1c14f0', 'ka-b2b'),
('08a959c3-f7fd-453f-93fd-3bae4aadbbcf', 'ka-b2b'),
('b09a3109-7aae-41fd-bb3f-57b916e108b9', 'ka-b2b'),
('d910d7a8-6963-4ea5-90f4-3ccf33088d32', 'ka-b2b'),
('7f28244b-37ea-4a09-9735-6da4b5112a30', 'ka-b2b'),
('56357e16-5494-4b3b-82be-ffcf125c6533', 'ka-b2b'),
('d5aa0dca-4a0e-4cc4-9c9b-f1e51397d109', 'ka-b2b'),
('640c55ec-a456-423c-941a-44c34764089e', 'ka-b2b'),
('749b3b99-4866-4d8b-a0b1-112946be8936', 'ka-b2b'),
('068eab8f-7f55-4bce-bb9f-74a63b1e559f', 'ka-b2b'),
('4116f5b5-b688-4f64-914e-1c089313d78b', 'ka-b2b'),
('4e1ed83d-cc5d-46c3-add6-d7c6e78f833a', 'ka-b2b'),
('191d5f7c-ec18-436c-9d13-7ed6b10144a9', 'ka-b2b'),
('641fba58-b554-4a87-8e85-9606c8ef27bd', 'ka-b2b'),
('813b309c-6e1b-4052-bc37-3350d449e372', 'ka-b2b'),
('3b8e2577-c192-40d3-9ea3-743d85ca50f6', 'ka-b2b'),
('16324ded-3764-41d1-8acf-3b4dfd549ebf', 'ka-b2b'),
('3db33c28-e30b-4cad-8f4f-bf7f637394f8', 'ka-b2b'),
('75e5f6c6-61a1-4c07-9cf0-2adbcdd68072', 'ka-b2b'),
('6e81aed8-883f-498e-aa94-e893e1c4f381', 'ka-b2b'),
('18671450-e762-4114-bd52-ce4d4bb32167', 'ka-b2b'),
('ccdf003a-2913-4eb6-80a6-4a0ba0449389', 'ka-b2b'),
('08be1c5e-ef2b-4dd1-8c97-edf440042b26', 'ka-b2b'),
('483d75f3-6f96-463d-84a0-a5dba624c7af', 'ka-b2b'),
('7159c0b5-4467-4caf-9b99-fccb2557ab8a', 'ka-b2b'),
('54cd2083-5a46-4b02-9fe1-f9a78277f9da', 'ka-b2b'),
('a31ebbce-dd06-4894-86ec-6acc75b94be5', 'ka-b2b'),
('b4322b07-72da-4e7d-a9f7-e69d7288b8c3', 'ka-b2b'),
('9673e8e2-bcb9-4c3b-bd24-e7d817d7f0b7', 'ka-b2b'),
('3105c3e3-5187-4ad6-be45-4ae9ceda9b32', 'ka-b2b'),
('d41755d3-b22b-4351-bd96-a667d65672d9', 'ka-b2b'),
('1c92e688-5a8e-47c6-b108-34d150cd0337', 'ka-b2b'),
('e692af89-1ad5-46f2-8eb2-560917c5c677', 'ka-b2b'),
('9eb6bdb1-666a-40ac-a912-e497c77b3804', 'ka-b2b'),
('c2cc2b4a-d9dd-41d4-8c9a-e361457c2e71', 'ka-b2b'),
('b975ed5f-95c0-4f59-9d69-53420b49a4a8', 'ka-b2b'),
('185c257b-f657-4550-8910-c95feba23d7d', 'ka-b2b'),
('222504a0-503b-48ee-b14c-40750eb89efb', 'ka-b2b'),
('9337aea2-c01f-44bf-a4bf-d036aa212556', 'ka-b2b'),
('8d28b5dd-349f-44a2-b8ae-a989d1ef10dc', 'ka-b2b'),
('ff716e04-ae2a-452d-94e3-09a103cca12b', 'ka-b2b'),
('ba555b0b-d1e7-4b8b-ab1d-e04e9c86753e', 'ka-b2b'),
('3b7f532d-392c-47a1-9670-5b59e1f14c91', 'ka-b2b'),
('d737f614-0a75-44c4-af53-e2d075738403', 'ka-b2b'),
('5b5dc3cb-5e9f-4590-832e-01bcb47b99bb', 'ka-b2b'),
('3b77ab98-6d32-4cf7-b7aa-4ee2d94a2ae2', 'ka-b2b'),
('c368877f-25b2-451c-bf4d-26dba878f82c', 'ka-b2b'),
('5496a9d2-0761-479c-b99b-95d7fcbdb649', 'ka-b2b'),
('eb01e2b2-e226-4bd1-9cad-0f232f93cf0c', 'ka-b2b'),
('0f12a0ad-07f0-4377-aa22-7faaddca2dd9', 'ka-b2b'),
('16c37509-ed5c-40ca-aee7-bb6264ec46d5', 'ka-b2b'),
('818b12f3-1e5e-4755-a896-2b4686ef5774', 'ka-b2b'),
('b57edf0c-13d1-460d-878a-3f13f5ea0ef8', 'ka-b2b'),
('cf7f40a5-8b9a-4667-95ae-ecf9e93fe6bf', 'ka-b2b'),
('9ef3582b-5ab5-4917-9831-fa2ac287eccc', 'ka-b2b'),
('cd71fa6f-8cc2-43c1-8349-d652c8c1d3e5', 'ka-b2b'),
('84813300-4589-4679-b535-2848d02d22af', 'ka-b2b'),
('fe36e3b6-ff6f-401b-b54a-7fa6fbf2d2d6', 'ka-b2b'),
('3e9fc5a8-bc3b-4007-949d-4f940d93aa60', 'ka-b2b'),
('602d0878-0d87-467e-983b-4b53c32b28d7', 'ka-b2b'),
('c5bbbf6b-8f0f-4b47-be72-d3d80c4264c6', 'ka-b2b'),
('5495075e-777c-4f0a-ad9c-6119214b4520', 'ka-b2b'),
('01bc5d85-eda8-4156-b946-35bb83478edf', 'ka-b2b'),
('6f09114e-6f48-4078-96ca-7159ed100ce1', 'ka-b2b'),
('dc5c711b-4a8b-4164-9a3d-dfb38f40a7d6', 'ka-b2b'),
('2c4bb325-d033-4fba-a054-c6187e4011d4', 'ka-b2b'),
('f7e7f6b6-f24d-4718-bfa0-b9b196b6319d', 'ka-b2b'),
('b43ea700-c934-4bb3-a23b-73947816528a', 'ka-b2b'),
('c06a17e7-c57e-4a1b-893e-932f80a7e78d', 'ka-b2b'),
('b06a02e9-fe51-47bf-8d7a-1199a825e714', 'ka-b2b'),
('eda3b6f9-ae82-4830-89fa-19df0977b94e', 'ka-b2b'),
('e0015259-fcbe-4b2a-a96a-23f7fc98dc70', 'ka-b2b'),
('1ea5dc14-118b-4971-bfa4-234a08d77435', 'ka-b2b'),
('ee98feec-7555-4e7a-b7c2-63367d780302', 'ka-b2b'),
('345b920b-509c-4113-8d1a-29dc81e46795', 'ka-b2b'),
('897f7ee6-44c4-42b8-b1c8-90a1bd7a5e79', 'ka-b2b'),
('c02caade-ba47-49e4-860e-69e1f45f8c4a', 'ka-b2b'),
('ad6edd49-2b24-4e1b-a7c0-11bec275ab6c', 'ka-b2b'),
('32399919-1615-409e-b0db-f79c92fed45f', 'ka-b2b'),
('96ca0e23-9dd1-4725-9529-c70d7866237d', 'ka-b2b'),
('5ced87bb-77fa-4ef9-86e5-ad2d59529598', 'ka-b2b'),
('ee62eaca-eadd-47c9-8aca-b5679f8a2ca9', 'ka-b2b'),
('153d7d95-aee5-4235-a475-f236f50d4d5e', 'ka-b2b'),
('920488cd-d4f1-4174-b94d-5fb3f382a3c8', 'ka-b2b'),
('7e6307ac-f9c0-4746-955f-cb0b40386ed5', 'ka-b2b'),
('04623319-55b2-41bb-9cfb-6d48b89da5b5', 'ka-b2b'),
('1e192bea-4b25-4543-814c-4164fb6bd548', 'ka-b2b'),
('6afaee7c-465c-43ee-b8ae-5428f60287d4', 'ka-b2b'),
('2a735897-4848-4169-b398-68ea9ac8ce10', 'ka-b2b'),
('4cbfdd42-9710-42b2-a5d2-a59329a8d0ac', 'ka-b2b'),
('c27fcdff-8130-4a2e-aa10-9ca0c50dfdee', 'ka-b2b'),
('a173c16a-fe3e-4f3c-bad4-f8bb1c47c806', 'ka-b2b'),
('7c23a4ec-3dc3-46e6-a8f0-91948dbf60f6', 'ka-b2b'),
('2903db57-14a3-4123-bbb0-3315c6b2dc4d', 'ka-b2b'),
('ba9ead70-0799-488a-a7eb-f329142afe62', 'ka-b2b'),
('908b8ccf-0b38-4daa-a481-15e7fed851c3', 'ka-b2b'),
('21f68512-826e-4049-8ec3-662cb1cdd0d7', 'ka-b2b'),
('cd56a6e4-00b2-4a8f-885c-58fb196e196b', 'ka-b2b'),
('0ec0eb8b-cf35-4b75-9e4f-bc7c3512e84e', 'ka-b2b'),
('fcd53377-c5bd-4617-84e6-0633b415dc5e', 'ka-b2b'),
('e8293cd7-5cf3-4f82-bc1f-59aa146c844c', 'ka-b2b'),
('c676bfaf-3310-46e5-a1c2-36587064a3b8', 'ka-b2b'),
('263eaa68-05a8-4e28-9954-4ae6f9b54ec4', 'ka-b2b'),
('7966fbf0-7991-4441-a0b6-cf1674a78777', 'ka-b2b'),
('76f3a532-0df1-4ebd-8c0c-eda07f4722ed', 'ka-b2b'),
('abd814ff-e49e-4b43-a958-ced9e82ed25a', 'ka-b2b'),
('5ebf717f-114b-4f97-b324-f9717f59c21f', 'ka-b2b'),
('277c3ec9-f66b-4662-9e3e-9441ffc7fc06', 'ka-b2b'),
('6c8f7d22-430e-48e9-a627-6de3918913ac', 'ka-b2b'),
('4c45e903-92fe-4804-bcf9-a544f6c644ec', 'ka-b2b'),
('87eff611-f1fb-4eff-9dd5-9803962cedd2', 'ka-b2b'),
('2a83a801-2371-404e-a3cb-96db34a16bcf', 'ka-b2b'),
('71221a65-d2d6-4d67-8c3c-76e78a4c59ce', 'ka-b2b'),
('20e59988-98bc-4eb1-ac67-f8b6792f06eb', 'ka-b2b'),
('9d5412f8-48c6-4a6f-b4b9-ca764dc9a603', 'ka-b2b'),
('77e60092-e282-420c-ae52-7454d228bfe3', 'ka-b2b'),
('60d923f2-966d-4e59-870c-ce2aeb23ea52', 'ka-b2b'),
('22653f31-e267-44d9-aacd-c6147b779ee0', 'ka-b2b'),
('4d73f611-fa89-47a5-abb6-c7bdd395edb6', 'ka-b2b'),
('fdef0706-5007-43cc-aaa7-72038fe28d06', 'ka-b2b'),
('ac1cee3d-b21b-4354-ae78-2ddf0a6489f9', 'ka-b2b'),
('92768cbc-0a93-49f1-a8c3-13cea35e80f5', 'ka-b2b'),
('fdcaac36-d9c4-4c74-b3c4-6ac34fdb7b7c', 'ka-b2b'),
('d2a229a4-2e44-40a7-b665-5dcd5137864f', 'ka-b2b'),
('9ed91571-2d0e-46a4-85eb-addc3fbba938', 'ka-b2b'),
('ee576519-83c7-45bc-85cb-8f9ba2bc151d', 'ka-b2b'),
('63b85cb4-6b52-44ae-9936-875a8d99165e', 'ka-b2b'),
('82ba34d3-3bed-4b4d-b53e-f01a5d9bfa2c', 'ka-b2b'),
('5312b74d-c790-40c2-8075-860c4557f729', 'ka-b2b'),
('c86b7470-a420-4ca8-9626-f490372abd14', 'ka-b2b'),
('ff0fe227-1d8d-4941-9d18-cd43d3104d90', 'ka-b2b'),
('92192601-b720-4180-8ed0-90b0ddd33a34', 'ka-b2b'),
('51b94297-731d-41e6-ab46-a912f0c598ca', 'ka-b2b'),
('4adb0939-c525-4f37-8821-88588ae74f82', 'ka-b2b'),
('e34aa55d-96a4-4b7c-8785-90e80922cace', 'ka-b2b'),
('e18d8816-c63a-4fba-9899-387974a43b6f', 'ka-b2b'),
('cad44192-499e-4f7a-b0f7-e36fb4b5a3f2', 'ka-b2b'),
('7348e552-e246-4e6d-82f0-da4b49b9a355', 'ka-b2b'),
('210b04c4-a425-49e5-9c4f-41de33ebdd75', 'ka-b2b'),
('eb01dbeb-356e-4364-b14c-31318ea7b4be', 'ka-b2b'),
('0f21af77-9e7c-4238-8ce8-b60d8b0dc729', 'ka-b2b'),
('0d7375db-70bf-4086-bbc0-68a7e8c72e15', 'ka-b2b'),
('e902f58d-6a84-4ff2-8148-c48001beba3d', 'ka-b2b'),
('b5243672-d68a-4cf9-8722-3676b8b4f9fe', 'ka-b2b'),
('ddda3a29-2b3e-4d0d-9a87-124c12a7f6ce', 'ka-b2b'),
('297c5b97-7b5a-4ca0-8e20-d6f9a5b6b0ab', 'ka-b2b'),
('e65d2ffc-8109-4c75-96e8-300daf3004b7', 'ka-b2b'),
('da7f2afc-b0fb-4ee2-8dfc-8a60beba4004', 'ka-b2b'),
('e24a160f-ee90-4fdb-a3d1-9863b9ddd61f', 'ka-b2b'),
('cec53264-44fe-45ce-84c6-d2d0f16ad8d5', 'ka-b2b'),
('e833694b-7ba6-4e7d-b3b4-544a02aec374', 'ka-b2b');
