-- Batch 87 (200 records)
INSERT INTO contacts (id, first_name, last_name, email, phone, company, address) VALUES
('0e84670e-ba54-4559-aec2-7e8e56417381', 'Maurizio', 'Garofalo', 'sales@commerce.ch', '041 511 82 82', 'commerce schweiz gmbh', 'Luzernerstrasse 45, 6030 Ebikon, Luzern'),
('e06065f5-c627-4cbb-8671-d16fcc3f4a71', 'Markus', 'Dätwyler', 'info@commercial-treuhand.ch', '043 477 44 11', 'Commercial Treuhand- und Verwaltungs AG', 'Bellerivestrasse 53, 8034 Zürich, Zürich'),
('0f821981-74b4-4094-8a24-04326499fa39', 'Marc', 'Steinkat', 'info.zurich@commerzbank.com', '044 563 69 00', 'COMMERZBANK Aktiengesellschaft', 'Pelikanplatz 15, 8001 Zürich, Zürich'),
('3803cbdc-3355-4587-88bd-057ae2953cb7', 'German', 'Oppliger', 'info@einfach.ch', '032 377 25 25', 'Committo AG', 'Bielweg 5, 2554 Meinisberg, Bern'),
('124b2072-6ea2-4907-9637-b0246ddbafe0', 'Dana', 'Kallasch', 'd.kallasch@commodity-capital.com', '078 661 39 91', 'Commodity Capital AG', 'Industriestrasse 47, 6300 Zug, Zug'),
('a9c9ec50-4d89-4c5b-a1c0-4be9a1d81e52', 'Ingo', 'Behrendt', 'info@commodity.ch', '044 807 44 44', 'Commodity Supplies AG', 'Roosstrasse 53, 8832 Wollerau, Schwyz'),
('8cb88f5f-71c9-49d1-966d-858ba9fd5f75', 'Yvonne', 'Wüthrich', 'info@commpas.ch', '079 471 59 72', 'Commpas Communication GmbH', 'Bahnhofstrasse 3, 4900 Langenthal, Bern'),
('905ebacb-4e48-401b-9cef-6203e49c5bc7', 'Daniel', 'Künstle', 'info@commslab.com', '061 205 25 70', 'CommsLAB AG - Profile Research & Management', 'Aeschenplatz 6, 4052 Basel, Basel-Stadt'),
('46db1766-1c99-4462-8be4-909c5919fe41', 'Werner', 'Schneeberger', 'schneeberger@communication.ch', '061 721 22 23', 'Communication AG Basel', 'Eichhornstrasse 35, 4059 Basel, Basel-Stadt'),
('f8365b99-2887-40d6-af63-391aa460780b', 'Armin', 'Spescha', 'armin@communicaziun.ch', '081 925 27 00', 'communicaziun.ch ag', 'Glennerstrasse 17, 7130 Ilanz, Graubünden'),
('969dc238-080b-4cd3-a538-8e9235c62642', 'Shivani', 'Dagan', 'dagan.sivan@gmail.com', 'N.a.', 'Community Yoga with Shivani', 'Brückenstrasse 70, 3005 Bern, Bern'),
('97302f7a-f24f-4a51-9dad-d29c34756a52', 'Kushtrim', 'Morina', 'info@como-haustechnik.ch', '079 937 75 24', 'Como Haustechnik GmbH', 'Aarauerstrasse 18, 5036 Oberentfelden, Aargau'),
('883ba971-ab99-41f8-89a7-44c42052982b', 'Alessandro', 'Plurimo', 'ciag@bluewin.ch', '031 952 66 45', 'Compact Image AG-Ciag', 'Tannackerstrasse 7, 3073 Gümligen, Bern'),
('52bdedb3-0950-41a6-a40f-9b97cc42fb90', 'Michael', 'Schmid', 'info@compactmotion.ch', 'N.a.', 'Compact Motion GmbH', 'Heckenweg 38, 3007 Bern, Bern'),
('2ac3376b-b469-4c3e-823f-6d8d9c03d06e', 'Marco', 'Ragazzi', 'info@compact-service.ch', '031 954 18 18', 'Compact Service AG', 'Birkenweg 10, 3014 Bern, Bern'),
('a942d9f8-8627-4f6b-bff3-cc5b524cf015', 'Tobias', 'Jaggi', 'tj@compact.team', '079 636 60 52', 'Compact Werbeagentur GmbH', 'Forchstrasse 260, 8008 Zürich, Zürich'),
('c9320e1b-f9b2-4919-996a-3b9ba559dfc2', 'Alexander', 'Collot d’Escury', 'info@bruynzeel.ch', '052 724 07 24', 'Compactus & Bruynzeel AG', 'Moosweg 8, 8500 Frauenfeld, Thurgau'),
('dbda1392-fd78-4f48-aa91-15457140aabf', 'Rita', 'Coretti', 'info@compagna-bs.ch', '079 866 18 74', 'COMPAGNA Basel', 'Steinengraben 69, 4051 Basel, Basel-Stadt'),
('af840b05-5b74-41f7-b8e9-4ec0faa6cf69', 'Tom', 'Van Wijlick', 'info@leboisandco.com', 'N.a.', 'Compagnie des Montres Lebois & Cie B.V., Amsterdam, Zweigniederlassung Zürich', 'Fraumünsterstrasse 29, 8001 Zürich, Zürich'),
('4c603282-7828-454e-a981-d6d59a7713c7', 'Beni', 'Compagnoni', 'bauprofis@bluewin.ch', '081 413 64 61', 'Compagnoni Bau AG', 'Mattastrasse 16a, 7270 Davos, Graubünden'),
('bfb89975-8b64-4189-9603-0bfd292ae13e', 'Daniel', 'Schweizer', 'info@compair.ch', '052 675 58 00', 'Compair GmbH', 'Rundbuckstrasse 1, 8212 Neuhausen am Rheinfall 1, Schaffhausen'),
('6af0a351-a19c-4974-a389-d449c03551e7', 'Roger', 'Baumann', 'r.baumann@company-lodge.ch', '041 875 00 44', 'Company Golf AG', 'Wyerstrasse 21, 6462 Seedorf, Uri'),
('af0942d5-cd91-4c83-a663-f32577c4ee4e', 'Jesus', 'Vieira', 'info@company-solutions.ch', '079 927 23 55', 'Company Solutions GmbH', 'Melchiorstrasse 15, 3027 Bern, Bern'),
('28e8b16b-5964-4f49-ae88-10751bdcc52b', 'Faton', 'Gashi', 'info@comparch.ch', '044 741 84 25', 'Comparch Haustechnik GmbH', 'Suhrerstrasse 24, 5036 Oberentfelden, Aargau'),
('3fc5970a-84eb-4a0a-ba1d-8f485e0bce53', 'Erna', 'Blättler-Galliker', 'erna.blaettler@com-pass.ch', '041 630 38 38', 'com-pass GmbH', 'Wylstrasse 13, 6052 Hergiswil, Nidwalden'),
('acf557e4-06db-4838-95fc-f81bf7e2f58c', 'Thomas', 'Truttmann', 'info@compass-group.ch', '043 557 11 11', 'Compass Group (Schweiz) AG', 'Oberfeldstrasse 14, 8302 Kloten, Zürich'),
('dffbd610-be4f-4821-ba2f-a2ec7034e945', 'Nicolas', 'Schweizer', 'nicolas.schweizer@compass-it.ch', '061 228 90 99', 'Compass Information Technology AG', 'Hirschgässlein 11, 4051 Basel, Basel-Stadt'),
('d6cbd854-28a7-4ca6-b469-69f276de6169', 'Urs', 'Zubler', 'support@compdesign.ch', '056 667 01 92', 'Compdesign Zubler', 'Eichirebenweg 10, 5614 Sarmenstorf, Aargau'),
('142ea39a-cd01-4219-8975-6093a451a7f1', 'Selina', 'Decio', 's.decio@compendio.ch', '044 368 21 21', 'Compendio Bildungsmedien AG', 'Neunbrunnenstrasse 50, 8050 Zürich, Zürich'),
('384eb801-ab93-4bab-b059-1e9190cf39bf', 'Claudia', 'Figi', 'c.figi@compers.ch', '071 223 22 22', 'ComPers GmbH', 'Bahnhofstrasse 16, 8360 Eschlikon, Thurgau'),
('bc07e5ac-5a02-4fb5-974c-415ceaae94a2', 'Dominic', 'Schöni', 'info@competair.ch', '044 722 51 00', 'CompetAir GmbH', 'Bönirainstrasse 12, 8800 Thalwil, Zürich'),
('4af46235-e6e0-4b88-bd66-e5e377cbae21', 'Ruth', 'Steiner-Jauner', 'info@competenza.ch', '031 760 22 22', 'Competenza AG', 'Bernstrasse 19, 3303 Jegenstorf, Bern'),
('cc3ed984-04db-41df-b108-69acaac53c85', 'Andreas', 'Reinke', 'info@compis.ch', '041 740 07 47', 'Compis GmbH', 'Langackerstrasse 25, 6330 Cham, Zug'),
('136bf1e5-fef4-497d-beff-f089ca2c315d', 'Daniela', 'Thalmann', 'daniela.thalmann@swisscom.com', '058 221 72 73', 'comPlan', 'Stadtbachstrasse 36, 3012 Bern, Bern'),
('4c168c29-9092-4bce-b3f9-8e07000cb312', 'Severin', 'Bühlmann', 'info@complemedis.ch', '062 836 40 70', 'Complemedis AG', 'Leinfeldstrasse 59, 4632 Trimbach, Solothurn'),
('cf915b82-3495-4c35-b4d9-4a8fe6706f8f', 'Heinz', 'Rothacher', 'info@complementa.ch', '071 313 84 84', 'Complementa AG', 'Gaiserwaldstrasse 14, 9015 St. Gallen, St. Gallen'),
('82322742-b181-4a38-abd1-8cb9b6eccda1', 'Monica', 'Hedinger', 'natuerlich-gesund@hispeed.ch', '071 534 70 20', 'CompleSana GmbH', 'Grünaustrasse 19, 8370 Sirnach, Thurgau'),
('1b0e7f16-3289-4263-83e0-e5b591b16004', 'Kurt', 'Schläfli', 'info@completo.ch', '032 628 28 00', 'Completo AG c/o Kurt Schläfli-Bigler', 'Bernstrasse 13a, 3294 Büren an der Aare, Bern'),
('d7dd83e3-1402-45f7-86c3-61ec36843bc9', 'Maurizio', 'Gallucci', 'gallucci.mauri@gmail.com', '079 845 43 05', 'Complexity Fitness', 'Rheinweg 4, 8200 Schaffhausen, Schaffhausen'),
('f9b00f47-41e9-4624-8521-639c550098a2', 'Myriam', 'Mele', 'info@compliant-concept.ch', '044 552 15 00', 'compliant concept AG', 'Jurastrasse 58, 5430 Wettingen, Aargau'),
('6885106e-739a-4682-bbb7-ded049b2c466', 'Lucia', 'Pangratz', 'praxis@complimed.ch', '055 440 58 86', 'Complimed GmbH', 'Wägitalstrasse 26, 8854 Siebnen, Schwyz'),
('6f994ae5-1a14-4347-895b-cbbff9e153ce', 'Marcel', 'Dünner', 'info@compona.com', '044 956 21 21', 'Compona AG', 'Undermülistrasse 16, 8320 Fehraltorf, Zürich'),
('a57d7098-2b98-46e2-8cf2-398b2bfe5356', 'Renato', 'Compostella', 'compostella@compostella.ch', '079 698 37 45', 'Compostella Werbung', 'Untergrüt 17, 8704 Herrliberg, Zürich'),
('e8adb91b-49e6-4753-9293-0b6a7e0d429d', 'Daniel', 'Fritz', 'dfritz@roechling.com', '071 626 50 10', 'COMPOTECH AG', 'Brunnenwiesenstrasse 4, 8570 Weinfelden, Thurgau'),
('c548a1c5-676d-4844-b67e-98344e148a0d', 'Ralf', 'Banholzer', 'info@compounds.ch', '044 953 34 00', 'Compounds AG', 'Barzloostrasse 1, 8330 Pfäffikon, Zürich'),
('ad9a4f68-fa38-44f3-a05e-d420340a5fbf', 'Freddy', 'Schär', 'info@compsupport.ch', '044 586 88 80', 'Compsupport Freddy Schär', 'Untere Bruech 129, 8706 Meilen, Zürich'),
('5b958f45-b875-479c-a571-be195cf8c011', 'Patric', 'Schluep', 'info@comp-sys.ch', '032 653 70 77', 'Comp-Sys Informatik AG', 'Glutz-Blotzheim-Strasse 1, 4500 Solothurn, Solothurn'),
('48e43c6e-6597-4b5f-b1ea-d5337d25efd2', 'Kurt', 'Tenger', 'kurt.tenger@comptax.ch', '044 839 40 20', 'CompTax Treuhand, Kurt Tenger', 'Hertistrasse 26, 8304 Wallisellen, Zürich'),
('1f9d232f-6a2a-48b0-9946-0de2a89bfc66', 'Reto', 'Brügger', 'info@compucare.ch', '044 501 41 39', 'CompuCare GmbH', 'Buchzelgstrasse 110, 8032 Zürich, Zürich'),
('a82b3159-d47e-4a16-ada5-0d13b8e59e96', 'Charles', 'Santl', 'info@compugrafx.ch', '044 340 15 65', 'Compugrafx', 'Am Wasser 55, 8049 Zürich, Zürich'),
('4f0b5554-67f5-4f6a-b408-68d5206c4712', 'Martin', 'Roffler', 'information@kaufsignal.ch', '056 552 08 00', 'Compustreet GmbH', 'Industriestrasse 163, 8957 Spreitenbach, Aargau'),
('8977fbbd-2573-4091-9d61-da5526b36f6b', 'Massimiliano', 'D''Auria', 'support@computacenter.ch', '043 322 40 80', 'Computacenter AG', 'Riedstrasse 14, 8953 Dietikon, Zürich'),
('696d9511-9ab7-439f-9439-0d5cb7c2cba2', 'Ernst', 'Kiener', 'e.kiener@computech.ch', '034 496 11 03', 'CompuTech Informatik AG', 'Kalchmatt 23, 3436 Zollbrück, Bern'),
('47471c4f-e1ba-4b29-95bb-233416e4a7df', 'Urs', 'Dätwyler', 'urs.daetwyler@computechnic.ch', '071 858 26 66', 'Computechnic AG', 'Rietlistrasse 3, 9403 Goldach, St. Gallen'),
('b1c64d74-7966-47f0-9a1d-ade66769aa18', 'Claudia', 'Wenger', 'info@computer-software.ch', '061 692 12 92', 'Computer + Software Claudia Wenger', 'Klybeckstrasse 76, 4057 Basel, Basel-Stadt'),
('2fea4053-41f9-4250-933b-1aeb4c18e427', 'Harald', 'Weigelt', 'info@ccontrols.ch', '044 308 66 66', 'COMPUTER CONTROLS AG', 'Industriestrasse 53, 8112 Otelfingen, Zürich'),
('3c15947c-a27f-4f67-8545-ce26d0948ff4', 'Gianpiero', 'Nones', 'nones@computerdirect.ch', '071 911 60 61', 'Computer Direct SG AG', 'Zürcherstrasse 6, 9500 Wil, St. Gallen'),
('3b78902e-ccdb-4149-9525-f22bc21334f6', 'Arnold', 'Hurschler', 'ah.computer-shop@bluewin.ch', '052 670 02 02', 'Computer Hard und Software', 'Wüscherstrasse 5, 8212 Neuhausen am Rheinfall, Schaffhausen'),
('0514c522-672b-44ca-8eac-bfa1c7321f3b', 'Jürgen', 'Baldensperger', 'info@computer-klinik.ch', '044 740 44 49', 'Computer Klinik GmbH', 'Kronenplatz 21, 8953 Dietikon, Zürich'),
('cac9614a-b4e3-49e2-87fb-693c920a20d9', 'Bruno', 'Kübli', 'bruno.kuebli@computer-kuebli.ch', '034 461 80 71', 'COMPUTER KÜBLI GmbH', 'Alpenstrasse 27, 3415 Hasle b. Burgdorf, Bern'),
('230923b5-b374-48af-8d7a-3d7631e7190b', 'Benjamin', 'Schmid', 'schmid@pcrepair.ch', '062 823 63 00', 'Computer Repair Schmid & Partner AG', 'Mitteldorfstrasse 72, 5033 Buchs, Aargau'),
('0e8e2c6b-9014-41e5-8e11-7228cb311967', 'Trudi', 'Weber', 'info@computer-contact.ch', '079 790 18 00', 'Computer-Contact', 'Lindenhofstrasse 42, 8645 Jona, St. Gallen'),
('6db78cbd-89f8-485f-a283-d0326c17dde6', 'Uwe', 'Bohn', 'u.bohn@computer-helpcenter.ch', '031 511 40 07', 'Computer-Helpcenter.ch', 'Alpenblickstrasse 37, 3052 Zollikofen, Bern'),
('338f660c-a626-4246-8031-c0a7795e20a1', 'Matthias', 'Haldimann', 'info@computeria.org', '032 313 45 08', 'Computeria GmbH', 'Rämismatte 11, 3232 Ins, Bern'),
('8a7a58fc-a8e6-4f96-b8ff-022d31799a18', 'Leo', 'Blunschi', 'kober@computerschulewest.ch', '056 631 74 00', 'Computerschule West AG', 'Oberebenestrasse 11, 5620 Bremgarten, Aargau'),
('5b2a2667-7ae0-47ce-b29b-07afb5dd5220', 'Christian', 'Bühlmann', 'christian.buehlmann@computerworld.ch', '044 387 44 44', 'Computerworld', 'Kalanderplatz 5, 8027 Zürich, Zürich'),
('4f9b8650-07cc-4596-8baf-66f269369792', 'Johann', 'Wyss', 'info@compu-trade.ch', '034 411 11 33', 'Compu-Trade Wyss', 'Bergfeld 17, 3325 Hettiswil b. Hindelbank, Bern'),
('742a76a5-2336-4705-8971-842ce3b1d212', 'Bettina', 'Dührkoop', 'bettina.duehrkoop@comqed.ch', '079 479 43 69', 'comqed Dialog GmbH', 'Mittelfeldstrasse 17, 8700 Küsnacht, Zürich'),
('44d16772-be1a-4c98-9ca0-8c54d19e197f', 'Harald', 'Willner', 'info@comrex.ch', '044 482 35 39', 'Comrex AG', 'Bächlerstrasse 55, 8802 Kilchberg, Zürich'),
('6534e0b2-d1ab-4bce-beb9-b4b7c07ea675', 'Silvan', 'Rohner', 'silvan.rohner@comro.ch', '041 349 50 75', 'ComRo Rohner AG', 'Sonnmatthof 9, 6023 Rothenburg, Luzern'),
('595aeced-f748-4dc7-a65e-46a9393e50e6', 'Lars', 'Messmer', 'info@comsolit.com', '071 222 17 06', 'COMSOLIT AG', 'Gottfried Kellerstrasse 8, 8598 Bottighofen, Thurgau'),
('4b5abfdb-254a-4a48-9fa8-68b83114010d', 'Marcel', 'Spiess', 'marcel.spiess@cadolino.com', '043 433 79 79', 'ComTeam Academy + Consulting GmbH', 'Rigistrasse 13, 8006 Zürich, Zürich'),
('4c6644ff-eb8a-42f0-9730-5bad0ccbf1d5', 'Mario', 'Principe', 'info@comtecswiss.com', '071 411 61 38', 'COMTECSWISS AG', 'Fuchsbühlstrasse 6, 8580 Amriswil, Thurgau'),
('362c2c1a-6ebc-4667-b5f5-8f5363911005', 'Oliver', 'Eglin', 'info@comtexis.com', '056 221 50 60', 'Comtexis AG', 'Ländliweg 10, 5400 Baden, Aargau'),
('cd5fae55-3b74-4589-aa28-7233cd1a4c5b', 'Daniel', 'Schmid', 'info@comtiss.ch', '071 340 03 11', 'comtiss schmid computer time system service', 'Brändli 8, 9043 Trogen, Appenzell Ausserrhoden'),
('ac93eac3-6261-4b7a-b657-37c54c06b5a1', 'Andreas', 'Maier', 'info@comtronic.biz', '062 797 38 05', 'Comtronic A. Maier', 'Hofstrasse 5, 5745 Safenwil, Aargau'),
('d0b0683e-64a5-4b6c-8ebd-7c4f4175dffe', 'Martin S.', 'Frey', 'info@comunas.ch', '044 940 40 00', 'Comunas GmbH', 'Stationsstrasse 57, 8606 Nänikon, Zürich'),
('70e8fdb0-5afa-4311-b3f3-6ec5c5743c99', 'Daniel', 'Roduner', 'daniel.roduner@comundo.org', '058 854 11 20', 'Comundo', 'Kreuzbuchstrasse 44, 6006 Luzern, Luzern'),
('2cbf11cb-ff0b-4477-830f-26a9402c3651', 'Rahel', 'Schaad', 'info@comvation.com', '033 226 60 00', 'COMVATION AG', 'Burgstrasse 6, 3600 Thun, Bern'),
('dc223b41-fb63-4530-8e0c-5ad16ba4e175', 'Fritz', 'Fruet', 'contact@comvis.ch', '079 511 88 44', 'Comvis, Communication Visuals Fritz A. Fruet', 'Rathausgasse 8, 8180 Bülach, Zürich'),
('344861f2-dfcb-4c36-bb38-bba16a69ca07', 'Max', 'Fahrni', 'max.fahrni@comvit.ch', '033 334 51 56', 'COMVIT AG', 'Moosweg 26, 3645 Gwatt (Thun), Bern'),
('50d2ce92-127b-4234-ade8-07f0b16f4b57', 'Christoph', 'Zumbühl', 'cz@comza.net', '079 458 67 07', 'comza gmbh', 'Hofrainstrasse 14, 6205 Eich, Luzern'),
('33d2d37f-9e3b-40f9-a4c4-034eac9be58e', 'Giuseppe', 'Piserchia', 'info@con-stile.ch', '061 411 07 18', 'Con Stile', 'Münchensteinerstrasse 220, 4053 Basel, Basel-Stadt'),
('8f162e41-45a4-4def-8214-a409e868ee56', 'Esther', 'Picciati-Flückiger', 'esther.picciati@conwin.ch', '031 318 55 80', 'Con.Win Consulting for winners GmbH', 'Rathausgasse 84, 3011 Bern, Bern'),
('12aecb41-998a-4fc6-b7d6-3567f0c4de2c', 'Felix', 'Ammann', 'felix.ammann@conarenco.ch', '079 401 50 13', 'Conarenco AG', 'Streulistrasse 28, 8032 Zürich, Zürich'),
('0c53e805-fcf9-4785-9c2c-8ae27e603f0f', 'Henry', 'Jager', 'info@conartix.ch', '079 540 29 68', 'Conartix Health AG', 'Parkallee 48, 8952 Schlieren, Zürich'),
('cac01ca4-a407-48c6-a59c-2e9af28f11a1', 'Michael', 'McGarty', 'michael.mcgarty@conaxess.com', '033 511 20 20', 'conaXess GmbH', 'Lontschenenweg 59, 3608 Thun, Bern'),
('51132e6b-7b4a-4100-bb21-5eff1dacf341', 'Stefan', 'Vogt', 'info@conbix.ch', '041 511 51 18', 'Conbix AG', 'Industriestrasse 7, 6301 Zug, Zug'),
('315e248c-8034-4217-a908-5cc84204b9b1', 'Holger', 'Winkler', 'info@conbrey.ch', '071 552 04 80', 'CONBREY MANAGEMENT AG', 'Bahnhofstrasse 6, 9100 Herisau, Appenzell Ausserrhoden'),
('83db967c-d529-44fd-8268-6268dcf50b36', 'Daniel', 'Burkhardt', 'daniel.burkhardt@conbu.ch', '078 202 28 84', 'ConBu GmbH', 'Parkweg 25, 4051 Basel, Basel-Stadt'),
('6a6805f0-a145-46c3-85be-32b14b977590', 'Patrick', 'Wymann', 'info@conbuch.ch', '033 511 24 04', 'Conbuch AG', 'Bälliz 49, 3600 Thun, Bern'),
('885a2194-e759-44de-be05-64668315fd3d', 'Markus', 'Schmutz', 'markus.schmutz@concable.ch', '031 954 66 90', 'Concable AG', 'Bernstrasse 97, 3122 Kehrsatz, Bern'),
('077b226a-dce4-4169-89c0-2b7214dc1ec1', 'Melanie', 'Müller', 'info@concento.ch', '052 202 88 38', 'Concento Immobilien GmbH', 'Stadthausstrasse 14, 8400 Winterthur, Zürich'),
('a3078572-8d6b-417f-bc08-e78296ab5db7', 'Stefan', 'Hänni', 'info@concept-artwork.ch', '044 820 28 71', 'Concept & Artwork AG', 'Nussbaumstrasse 17, 8044 Gockhausen, Zürich'),
('77d47ca4-4152-4c46-b68a-4b935fd64f7b', 'Remo', 'Stirnimann', 'stirnimann@conceptarch.ch', '043 888 15 90', 'Concept Architekten AG', 'Chaltenbodenstrasse 4a, 8834 Schindellegi, Schwyz'),
('a34e2bff-cedb-489a-9f97-d81e1688bf5e', 'Dominik', 'Rolle', 'info@conceptcapital.world', '044 512 79 65', 'Concept Capital Group AG', 'Talacker 41, 8001 Zürich, Zürich'),
('2f18e12d-ec61-49f4-b8ec-da337ad06bec', 'Christian', 'Obrist', 'info@conceptmedia.ch', '041 910 08 38', 'Concept media', 'Sentimattstrasse 9, 6003 Luzern, Luzern'),
('569da371-1033-416f-a517-ff7c82115763', 'Silvan', 'Zehnder', 'info@concept2.ch', '044 711 10 10', 'Concept2 (Schweiz) GmbH', 'Blegistrasse 21, 6340 Baar, Zug'),
('65174984-84cb-4585-9d71-52a524a7f026', 'Hugo', 'Fisch', 'info@concepta-werbe.ch', '071 223 32 88', 'Concepta Werbesupport / 100 Prozent Landtechnik GmbH', 'Signalstrasse 15, 9400 Rorschach, St. Gallen'),
('46172514-b727-44a9-a436-f9ff4e443f88', 'Roland', 'Egger', 'r.egger@concept-g.ch', '055 536 10 10', 'Concept-G AG', 'Rychenbergstrasse 67, 8400 Winterthur, Zürich'),
('1fbf778e-91a0-4257-b411-305c3bade35e', 'Amir', 'Soltana', 'info@conceptial.ch', '041 511 43 31', 'Conceptial GmbH', 'General-Guisan Strasse 6, 6300 Zug, Zug'),
('e13b1b82-7c38-4d91-90f7-df9c7306aca3', 'Adam', 'Jackowski', 'adam.jackowski@concession.ch', 'N.a.', 'Concession Schweiz GmbH', 'Mühlegasse 18, 6340 Baar, Zug'),
('24a015ee-a6d3-43e5-a609-dbec34a6cda2', 'Karl', 'Lukas', 'kontakt@concevis.ch', '061 205 35 35', 'Concevis AG', 'Clarastrasse 12, 4058 Basel, Basel-Stadt'),
('96ada13e-728e-4694-9afc-791fc69af9c2', 'Niklaus-Samuel', 'Gugger', 'info@zingi.ch', 'N.a.', 'ConCordis GmbH', 'Feldstrasse 2, 8400 Winterthur, Zürich'),
('297eb09f-9975-4e6e-8bf4-a2a30b3e1f7b', 'Linus', 'Gabrielsson', 'sales@conda.ch', '041 588 15 67', 'Concordium AG', 'Früebergstrasse 26, 6340 Baar, Zug'),
('d1a8ce83-6521-4482-9d5c-90012cfa8a7d', 'Silvan Gian-Reto', 'Meier', 'ch.info@condair.com', '055 416 61 11', 'Condair Group AG', 'Gwattstrasse 17, 8808 Pfäffikon, Schwyz'),
('45d18bae-145a-4264-bbc4-ef2f20721e5a', 'Olivier', 'Annaheim', 'olivier.annaheim@condecta.ch', '052 234 51 51', 'Condecta AG', 'Stegackerstrasse 6, 8409 Winterthur, Zürich'),
('2841e97b-da21-44b7-9bcf-ae5610416587', 'Andreas', 'Vetsch', 'info@condeva.ch', '055 410 56 52', 'Condeva AG', 'Im Gräfli 5, 8808 Pfäffikon, Schwyz'),
('623b2b64-b720-4948-a5e3-6cc9b9d6af05', 'Erich', 'Steffen', 'conditorei.steffen@dcn.ch', '032 392 68 07', 'Conditorei + Tea Room Steffen AG', 'Stadtplatz 5, 3270 Aarberg, Bern'),
('d5b2682d-8a9e-43b5-bc97-07359eea9d1b', 'Kilian', 'Fischer-Fleischmann', 'info@conditorei-fischer.ch', '041 930 24 48', 'Conditorei Fischer AG', 'Fläcke 13, 6215 Beromünster, Luzern'),
('ac3d56bb-ab46-4e5c-ad91-66f8da0060e8', 'Morris', 'Wagner-Rhyner', 'bestellung@rhyner.cafe', '081 756 11 20', 'Conditorei Rhyner AG', 'Bahnhofstrasse 61, 9470 Buchs, St. Gallen'),
('072e2aa3-212e-430e-910a-03bebca35594', 'Irene', 'Grether', 'info@condomshop.ch', '071 651 19 72', 'CondomShop GmbH', 'Frauenfelderstrasse 70, 8514 Amlikon-Bissegg, Thurgau'),
('b1d76480-06f7-45a0-b625-70d79d141fd9', 'Hans Georg', 'Syz-Witmer', 'info@condorfilms.com', '043 543 82 50', 'Condor Films AG', 'Kreuzstrasse 2, 8008 Zürich, Zürich'),
('7b5ed7fe-82c8-4981-bcc2-d89b9ba2cba4', 'Jürg', 'Wyss', 'info@condustrie-met.ch', '044 932 75 01', 'Condustrie-Met AG', 'Kratzstrasse 35, 8620 Wetzikon, Zürich'),
('00b12577-fd5d-4043-a3e2-2d144536c2f0', 'Nina', 'Schneider', 'info@conect.ai', '079 691 33 99', 'Conect Digital GmbH', 'Rietstrasse 21, 8703 Erlenbach, Zürich'),
('fd73a72a-7a52-485f-829d-bbe946f9496e', 'Maria', 'Conen', 'info@conensigl.com', '044 400 18 85', 'Conen Sigl Architekten GmbH', 'Eichstrasse 29, 8045 Zürich, Zürich'),
('f060e2c2-f223-4138-8ffa-897e2edda02e', 'Paolo', 'Orlando', 'p.orlando@confecta.ch', '071 424 29 82', 'Confecta AG', 'Industriestrasse 9, 8583 Sulgen, Thurgau'),
('a492ce17-f837-4f66-8e3d-d7fda629fb91', 'Fabien', 'Tallant', 'info@confectronic.ch', '041 530 10 50', 'Confectronic Weppernig AG', 'Spichermatt 17, 6370 Stans, Nidwalden'),
('41f437cd-0afa-4af7-9f4a-78def169366f', 'Hermann', 'Rothauer', 'info@confedes.ch', '071 222 11 11', 'Confedes Treuhand AG', 'Teufener Strasse 25, 9000 St. Gallen, St. Gallen'),
('7a3db993-9377-4932-9a07-b9b3f1192f39', 'Diogo', 'Da Silva Baptista Pereira', 'info@confiancegroup.ch', '076 325 10 74', 'Confiance GmbH', 'Hermetschloostrasse 77, 8048 Zürich, Zürich'),
('a5106bc2-0ca2-4fdf-a518-a42d872b61c3', 'Fiona', 'Bommer', 'info@confibo.ch', '071 571 51 51', 'Confibo Immobilien GmbH', 'Wilerstrasse 15, 8370 Sirnach, Thurgau'),
('eceedc54-9780-454f-a9f0-eff023b75ec3', 'Herbert', 'Dietsche', 'h.dietsche@confida-consulting.ch', '071 844 02 60', 'Confida Consulting AG', 'Signalstrasse 12, 9400 Rorschach, St. Gallen'),
('2b78669f-2128-4be3-a10a-a037ff647945', 'Adrian', 'Niklaus', 'adrian.niklaus@confida.ch', '056 418 50 03', 'Confida Häuser AG', 'Grabäckerstrasse 27, 8957 Spreitenbach, Aargau'),
('9b7ecf37-3454-43c7-a86a-061147c68393', 'Ruth', 'Seiler', 'rse@confida-treuhand.ch', '056 622 11 23', 'Confida Treuhand GmbH', 'Oberdorfstrasse 2, 5525 Fischbach-Göslikon, Aargau'),
('d97238e1-e0a8-461d-b269-d7edb2736e11', 'René', 'Caveng', 'r.cavegn@confidar.ch', '081 920 07 07', 'Confidar Treuhand AG', 'Schulstrasse 59, 7130 Ilanz, Graubünden'),
('c30cfe51-e862-4efa-b8fc-8030dbe3e65e', 'Pascale', 'Egloff-Michel', 'pascale.egloff@confidas.ch', '043 311 72 81', 'Confidas Treuhand AG', 'Birmensdorferstrasse 198, 8003 Zürich, Zürich'),
('32d121c2-c0d3-4a10-9efd-46db358eb65d', 'Simon', 'Middendorf', 'simon.middendorf@confidentia.ch', '055 418 75 82', 'CONFIDENTIA Treuhand-Zentrum AG', 'Zürichstrasse 57, 8840 Einsiedeln, Schwyz'),
('e6758852-3cb7-4700-83df-fc5d8fc2bbdc', 'Manfred', 'Schärer', 'schaerer@confides.ch', '061 283 10 00', 'Confides AG', 'Birsigstrasse 50, 4002 Basel, Basel-Stadt'),
('db34768b-78e4-4a29-910f-7eae0435765d', 'Steven', 'Heller', 'info@confido-swiss.ch', '078 718 27 79', 'Confido Baumanagement Heller', 'Sonnmattweg 27, 9470 Werdenberg, St. Gallen'),
('2487136d-bb09-45b8-90bf-e4b964a51e45', 'Enver', 'Jashari', 'elvir.karisik@confido-baumanagement.ch', '079 919 38 68', 'Confido GmbH', 'Altweg 5, 8500 Gerlikon, Thurgau'),
('04e42401-7f42-4ce9-87b8-f8bf19b8df6f', 'Stefano', 'Bedon', 'kontakt@confiducia.ch', '061 375 99 66', 'Confiducia AG', 'Hardstrasse 6, 4127 Birsfelden, Basel-Land'),
('bb5b108b-5ee5-4301-a135-6d4d7d1e7edb', 'Christof', 'Grabher', 'info@confidum.com', '071 858 28 90', 'CONFIDUM Financial Management Consultants AG', 'Bahnhofplatz 4, 9430 St. Margrethen, St. Gallen'),
('d78666a0-2d60-41f6-9834-2bb805445b4e', 'Catherine', 'Göppert', 'info@confimo.ch', '061 279 10 10', 'Confimo AG', 'Sandweg 52a, 4123 Allschwil, Basel-Land'),
('423fb7c2-a683-4e08-8af0-199b6598438b', 'Roland', 'Staub', 'roland.staub@confinale.ch', '041 720 09 58', 'Confinale AG', 'Baarerstrasse 10, 6300 Zug, Zug'),
('0bc61668-d131-4373-b4f3-de4f303664d8', 'Robert', 'Hormes', 'robert.hormes@confirmag.ch', '044 269 61 90', 'Confirm Baumanagement AG', 'Rüdigerstrasse 15, 8045 Zürich, Zürich'),
('bf36aba6-1d02-4fbe-987b-f3eb0b77f9c1', 'Mehmet', 'Ugras', 'info@confis.ch', 'N.a.', 'Confis GmbH', 'Eisenbahnstrasse 18b, 3604 Thun, Bern'),
('5c4ecb01-4d24-47af-a076-38cba84e20a3', 'Jonas', 'Walther', 'confiserie.aebischer@bluewin.ch', '061 921 66 63', 'Confiserie Aebischer KLG', 'Rathausstrasse 13, 4410 Liestal, Basel-Land'),
('233dab7f-c90e-4280-8e21-7d7dbcc88ef1', 'Babette', 'Baumann', 'info@confiserie-baumann.ch', '044 382 11 21', 'Confiserie Baumann AG', 'Balgriststrasse 2, 8008 Zürich, Zürich'),
('203a0910-b734-4362-a05b-3d0cd2392aa1', 'Marc', 'Beeler', 'info@confiserie-beeler.ch', '031 311 28 08', 'Confiserie Beeler AG', 'Spitalgasse 36, 3011 Bern, Bern'),
('8b52b9b7-4a76-42b8-a704-c8e21cf69e6a', 'Chris', 'Berger', 'sekretariat@confiserie-berger.ch', '031 721 11 14', 'Confiserie Berger AG', 'Südstrasse 8, 3110 Münsingen, Bern'),
('3617a9de-9173-44e8-a944-b8bfd8b8d86c', 'Rudolf', 'Berner', 'bernerconfiserie@vtxmail.ch', '061 831 55 76', 'Confiserie Berner AG', 'Kapuzinergasse 21, 4310 Rheinfelden, Aargau'),
('34858bd2-61fe-4759-bb3b-f5cbee44b15c', 'Peter', 'Eigenmann', 'services@beschle.ch', '061 295 40 40', 'Confiserie Beschle AG', 'Clarastrasse 4, 4058 Basel, Basel-Stadt'),
('59f247d0-52ba-4751-b733-9c291a14758d', 'René', 'Biacchi', 'onlineshop@confiserie-biacchi.ch', 'N.a.', 'Confiserie Biacchi', 'Vorhaldenstrasse 16, 8049 Zürich, Zürich'),
('3280aec8-99d2-4335-9f76-2c061332f7ba', 'Annett', 'Willimann', 'willimann@braendli-basel.ch', '061 271 57 10', 'Confiserie Brändli AG', 'Lindenhofstrasse 8, 4052 Basel, Basel-Stadt'),
('d00a0180-f103-496b-90a1-48b75b8553b2', 'Armin', 'Dober', 'info@confiserie-dober.ch', '071 393 22 89', 'Confiserie Dober AG', 'Wilerstrasse 73, 9230 Flawil, St. Gallen'),
('15f63f8b-70d2-4bfe-ab4c-07ef1b2a5cf6', 'Daniel', 'Eichenberger', 'info@confiserie-eichenberger.ch', '031 311 33 25', 'Confiserie Eichenberger AG', 'Bahnhofplatz 5, 3011 Bern, Bern'),
('264c94eb-6f7c-4296-8fe1-36e0e38a5daf', 'Seraina', 'Flubacher', 'info@confiserie-flubacher.ch', '077 434 01 03', 'Confiserie Flubacher GmbH', 'Hauptstrasse 2, 4132 Muttenz, Basel-Land'),
('b1049e42-5305-472d-97cb-808bf3ae4344', 'Richard', 'Graf', 'info@confiserie-graf.ch', '061 836 95 00', 'Confiserie Graf GmbH', 'Fröschweid 14, 4310 Rheinfelden, Aargau'),
('17787517-f4cf-40cb-8aea-b989a533b15d', 'Monika', 'Arnold-Mutschler', 'info@hanselmann.ch', '081 833 38 64', 'Confiserie Hanselmann / F. Hanselmann''s Erben AG', 'Via Maistra 8, 7500 St. Moritz, Graubünden'),
('a8d99984-eae4-4e2d-b594-7bc55460c478', 'Andreas', 'Studer', 'info@hirschy.ch', '071 913 88 00', 'Confiserie Hirschy AG', 'Obere Bahnhofstrasse 25, 9500 Wil, St. Gallen'),
('b59ffa34-1ce9-4857-851d-2e18f45d4721', 'Philipp', 'Hofer', 'info@confiseriehofer.ch', '032 622 22 02', 'Confiserie Hofer AG', 'Stalden 17, 4500 Solothurn, Solothurn'),
('67a3cca5-9df6-44e0-9485-ee1c67768054', 'Cristina', 'de Perregaux', 'info@honold.ch', '044 211 52 58', 'Confiserie Honold AG', 'Obere Heslibachstrasse 9, 8700 Küsnacht, Zürich'),
('cbc1bf89-05df-4891-b6fd-15f6337c5d28', 'Isabel', 'Gassmann', 'libella.confiserie@gmail.com', '079 473 35 52', 'Confiserie Libella Gassmann', 'Neuhof, 6204 Sempach, Luzern'),
('51c347cf-b4fa-4168-9f0f-a0f64da25ac6', 'Sarah', 'Jost-Neuhaus', 'info@confiserie-neuhaus.ch', '034 422 21 23', 'Confiserie Neuhaus GmbH', 'Emmentalstrasse 28, 3414 Oberburg, Bern'),
('cb4332ba-1c52-43d5-affe-61208ce459a7', 'Martin', 'Schnyder', 'confiserie@roggwiller.ch', '071 222 50 92', 'Confiserie Roggwiller AG', 'Multergasse 17, 9000 St. Gallen, St. Gallen'),
('69cde076-041d-4168-b795-713b2f0fd20e', 'Peter', 'Hutter', 'confiserie-rome@bluewin.ch', '079 435 14 17', 'Confiserie Romé GmbH', 'Hadlaubstrasse 79, 8006 Zürich, Zürich'),
('fbe17385-4b54-4793-92d5-5684e7bfb3ac', 'Rosalba', 'Lo Vaglio Schiesser', 'info@confiserie-schiesser.ch', '061 261 60 77', 'Confiserie Schiesser AG', 'Marktplatz 19, 4051 Basel, Basel-Stadt'),
('013dde4e-5b32-413b-9775-225fa64ce3d9', 'Tomas', 'Prenosil', 'onlineshop@spruengli.ch', '044 224 46 46', 'Confiserie Sprüngli AG', 'Bahnhofstrasse 21, 8001 Zürich, Zürich'),
('66995068-c9ab-4ca6-83d0-78b8b141e964', 'Barbara', 'Steinmann', 'info@confiserie-steinmann.ch', '033 222 20 47', 'Confiserie Steinmann AG', 'Bälliz 37, 3600 Thun, Bern'),
('de3f20d0-c36a-4691-bc74-9054c09420c7', 'Gisella', 'Tschirren-Robbiani', 'order@swiss-chocolate.ch', '031 812 21 22', 'Confiserie Tschirren AG', 'Kramgasse 73, 3011 Bern, Bern'),
('603e03ba-cdd2-42e5-8c11-84bd940a15ef', 'Christoph', 'Wisler', 'mail@konditorei-wisler.ch', '034 402 10 55', 'Confiserie Wisler AG', 'Bernstrasse 4, 3550 Langnau im Emmental, Bern'),
('f750ab31-18b8-4859-a4fa-5d4c2b0d29aa', 'Philipp', 'Züger', 'confiserie.zueger@bluewin.ch', '026 670 22 53', 'Confiserie Züger GmbH', 'Hauptgasse 33, 3280 Murten, Fribourg/Freiburg'),
('ddec21ba-fada-4aa4-bab4-35c6ad067d73', 'Marco', 'Hauger', 'confiserie@danioth.ch', '041 874 20 20', 'Confiserie-Café Danioth c/o Feinbäckerei Hauger AG', 'Schmiedgasse 3, 6460 Altdorf, Uri'),
('2831ecc0-3687-4817-b3e1-ade6daa5d93e', 'Philipp', 'Brunschwiler', 'p.brunschwiler@bluewin.ch', '071 944 32 66', 'Confiseriefabrikation AG P. & P. Brunschwiler', 'Industriestrasse 27, 9524 Zuzwil, St. Gallen'),
('68bf118d-8056-4b5d-bbab-e5f4099e5b22', 'Matthias', 'Bachmann', 'info@confiserie.ch', '041 227 70 70', 'Confiseur Bachmann AG', 'Werkhofstrasse 20, 6005 Luzern, Luzern'),
('f71b973f-3132-45ca-8746-967fa61b4979', 'Jürgen', 'Bletsch', 'juerg.bletsch@confisus.ch', '044 745 10 45', 'Confisus Treuhand AG', 'Kronenplatz 14, 8953 Dietikon, Zürich'),
('288f2b3c-6d88-416a-ad34-81f670eed25c', 'Patrick', 'Spiess', 'patrick.spiess@confitreba.ch', '061 322 11 10', 'Confitreba AG', 'Dorneckstrasse 78, 4143 Dornach, Solothurn'),
('3c3f9e56-59c9-45b3-adbb-158ad1deae31', 'Helene', 'Ippen', 'info@confon.com', '071 886 40 40', 'Confon AG', 'Langenhag 31, 9424 Rheineck, St. Gallen'),
('2df57003-6353-463d-8b91-b3b6f042d40d', 'Jörg', 'Dogwiler', 'info@congenius.ch', '044 741 04 04', 'Congenius AG', 'Riedstrasse 1, 8953 Dietikon, Zürich'),
('f486623a-5fa2-42e5-9750-7b1d8e87a6c7', 'Christian', 'Glossner', 'contact@congentis.com', '043 538 79 90', 'CONGENTIS AG', 'Rohrhaldenstrasse 29b, 8712 Stäfa, Zürich'),
('3d93f919-59a9-4309-bfa7-1c04bd36829d', 'Urs', 'Bircher', 'info@seepark.ch', '033 226 12 12', 'Congress Hotel Seepark', 'Seestrasse 47, 3602 Thun, Bern'),
('1739e118-77b3-4e1a-9bef-afaef067b870', 'Reto', 'Furrer', 'info@congruent.ch', '076 521 50 41', 'congruent GmbH c/o Periziando GmbH', 'Neumarkt 1, 8400 Winterthur, Zürich'),
('d458271a-ebe7-405c-883f-0e12f4ae77e2', 'Dimos', 'Pilingos', 'contact@coni-partner.com', '044 254 90 10', 'Coni & Partner AG', 'Klosbachstrasse 107, 8032 Zürich, Zürich'),
('c981e996-e773-4b59-b37e-679b37595050', 'Lara', 'Guillod', 'info@conica.com', '052 644 36 00', 'CONICA AG', 'Industriestrasse 26, 8207 Schaffhausen, Schaffhausen'),
('cfe1bc62-8406-400f-a3a9-1d03681f1042', 'Andreas', 'Mischler', 'info@conidea.ch', '079 356 63 59', 'conidea GmbH', 'Waldheimstrasse 22, 3604 Thun, Bern'),
('96a2a86b-40f3-4cc8-8455-6aa6f089c5a8', 'Coni', 'Meli-Tellenbach', 'conishaarschopf@bluewin.ch', '079 834 44 50', 'Conis Haarschopf', 'Bahnhofstrasse 15, 8730 Uznach, St. Gallen'),
('bdd5309e-d1e8-41a9-a0fe-e083db7b83c5', 'Antonio', 'Lorenzi', 'lorenzi@conlor.ch', '071 222 70 13', 'CONLOR GmbH', 'St. Georgen-Strasse 91, 9011 St. Gallen, St. Gallen'),
('c7b878cc-9368-42cb-900a-989405db6cbc', 'Nino', 'Taglialatela', 'mail@connectmarketing.ch', '044 515 67 67', 'Connect Marketing / Pro Conecta GmbH', 'Buckhauserstrasse 40, 8048 Zürich, Zürich'),
('7a60ef00-7983-4fc3-aeba-9460ac2be221', 'Christina', 'Zech', 'info@christinazech.com', 'N.a.', 'Connect Worlds Associaton - Christina E. Zech', 'Schmittenstrasse 5, 3937 Baltschieder, Wallis/Valais'),
('5441354d-a3c2-4aed-9e65-bd01dde721c6', 'Peter', 'Caviezel', 'info@connecta.net', '081 515 00 00', 'connecta ag', 'Weiherstrasse 2, 7302 Landquart, Graubünden'),
('55f156df-7b13-47bc-9c38-e0119870973f', 'Pascal', 'Willi', 'connectedsteel@gmail.com', '077 423 07 77', 'Connectedsteeldesign by Pascal Willi', 'Sedelstrasse 18, 5724 Dürrenäsch, Aargau'),
('459fdb8c-6158-42a8-a1af-d1c3348d1a7c', 'Gian-Luca', 'Reho', 'connectingmovement@outlook.com', '076 347 77 41', 'connectingmovement', 'Hardstrasse 46, 9434 Au, St. Gallen'),
('5cbca3e6-e3e6-41cb-9170-5eaa16fb94b1', 'Andreas', 'Bucher', 'office@connexch.com', '062 749 30 30', 'CONNEX AG', 'Industriestrasse 15, 6260 Reiden, Luzern'),
('88fa4a31-28c4-4aac-82bb-cc0cbc2247de', 'Ulrich', 'Bachmann', 'ulrich.bachmann@connexio.ch', '044 299 30 70', 'Connexio develop', 'Badenerstrasse 69, 8021 Zürich 1, Zürich'),
('508fb428-aee2-4513-8664-1eef384f380e', 'Gregory', 'Beardwell', 'info@connieskitchen.ch', 'N.a.', 'Connie''s Kitchen GmbH', 'Rebstock 10, 6332 Hagendorn, Zug'),
('21194328-f0b8-47e5-a7bc-89b009e4c0c7', 'Micha', 'von Monkiewitsch', 'info@connova.com', '056 619 10 90', 'Connova AG', 'Durisolstrasse 8, 5612 Villmergen, Aargau'),
('8802d7b2-846b-4cd4-85e8-d62798b109e2', 'Conny', 'Egg', 'info@conny-egg-cosmetics.ch', '076 321 19 10', 'Conny Egg Cosmetics GmbH', 'Hammerstrasse 50, 4058 Basel, Basel-Stadt'),
('decaf930-bac1-47c9-80a9-f653bf0a1072', 'Conny', 'Wolf', 'wolf@hotmail.ch', '056 424 35 24', 'Conny Wolf Yoga', 'Schulstrasse 49, 5436 Würenlos, Aargau'),
('b37f62b6-97ea-4cc1-b7ed-859f41737807', 'Cornelia', 'Frühauf', 'info@hairworld.ch', '052 643 30 43', 'Connys Hairworld Cornelia Frühauf', 'Herblingerstrasse 59, 8207 Schaffhausen, Schaffhausen'),
('4f0f4c4f-c89f-4b07-876a-fea0592806e1', 'Ivo', 'Mühlebach', 'info@conomic.ch', '052 534 82 67', 'Conomic GmbH', 'Rundstrasse 8, 8400 Winterthur, Zürich'),
('c07bfc4b-a2f1-4e5c-af81-d2df709c4922', 'Andrew', 'Leyel', 'andrew.leyel@conplan.ch', '044 383 21 22', 'Conplan AG', 'Forchstrasse 34, 8008 Zürich, Zürich'),
('dd352b21-2891-43d4-8f6c-9bd922e3625c', 'Christophe', 'Nuñez', 'welcome@conplido.ch', '079 348 73 46', 'Conplido GmbH', 'Heligenmattstrasse 19, 8904 Aesch, Zürich'),
('48c4805b-24cc-4d44-9faa-8e3203385ff5', 'Beat', 'Guntern', 'info@conplus.ch', '031 859 59 10', 'Conplus Guntern + Partner', 'Stockhornstrasse 33, 3052 Zollikofen, Bern'),
('c394e5d6-d109-426f-ab0b-8ecaa863cc06', 'Manfred', 'Schnyder', 'info@conquest-trans.com', '062 961 98 13', 'Conquest - Trans GmbH', 'Wangenstrasse 11, 3372 Wanzwil, Bern'),
('391498f7-9e58-4920-ba62-08ed3667503c', 'Alfred', 'Conrad', 'conrad@cmimmo.ch', '081 533 05 05', 'Conrad + Magnin AG', 'Albulastrasse 37, 7000 Chur, Graubünden'),
('82278d00-62b9-407f-aaf4-167c47aa3c28', 'Stephan', 'Conrad', 'info@conradag.ch', '071 622 55 33', 'Conrad AG Weinfelden', 'Pestalozzistrasse 12, 8570 Weinfelden, Thurgau'),
('eda1dfcf-b10f-4bba-bba5-7313a324cdaa', 'Wilfried', 'Wohlwend', 'info@conrad-ag.ch', '+423 388 25 08', 'Conrad AG, Küblis', 'Hauptstrass 20, 7240 Küblis, Graubünden'),
('970cddce-9ac0-4446-a72c-52a40c7fa2b1', 'Ralf', 'Bühler', 'business@conrad.ch', '0848 801 280', 'Conrad Electronic AG', 'Roosstrasse 53, 8832 Wollerau, Schwyz'),
('15309512-6a87-46a4-9e51-fcbfaa9dc0ad', 'Oliver', 'Conrad', 'o.conrad@conrad-holzbau.ch', '056 200 10 21', 'Conrad Holzbau AG', 'Bruggerstrasse 46, 5507 Mellingen, Aargau'),
('f64557ef-6908-45e7-bca4-d1e054b68dda', 'Beat', 'Grepper', 'beat.grepper@ckeiser.ch', '041 747 11 71', 'Conrad Keiser AG', 'Alte Steinhauserstrasse 19, 6330 Cham, Zug');

INSERT INTO leads (id, contact_id, source, status, value, notes) VALUES
('d2476656-9b3d-4298-858d-90aba611e803', '0e84670e-ba54-4559-aec2-7e8e56417381', 'KALTAKQUISE', 'ACTIVE', 0, 'Funktion: Geschäftsführer/in (CEO) | Mitarbeiter: 11 bis 20 | Branche: Online Shops | Rechtsform: Gesellschaft mit beschränkter Haftung'),
('a8000ade-5944-46cb-ab62-0da788b6768d', 'e06065f5-c627-4cbb-8671-d16fcc3f4a71', 'KALTAKQUISE', 'ACTIVE', 0, 'Funktion: Geschäftsführer/in (CEO) | Mitarbeiter: 1 bis 10 | Branche: Treuhandbüros | Rechtsform: Aktiengesellschaft'),
('ca47a419-b67e-451d-87a1-4cebfb29a1e6', '0f821981-74b4-4094-8a24-04326499fa39', 'KALTAKQUISE', 'ACTIVE', 0, 'Funktion: Geschäftsführer/in (CEO) | Mitarbeiter: 21 bis 50 | Branche: Banken / Fonds & sonstige Finanzinstitute'),
('7e3f1db9-8c35-4467-9a50-b8ed38e4e635', '3803cbdc-3355-4587-88bd-057ae2953cb7', 'KALTAKQUISE', 'ACTIVE', 0, 'Funktion: Geschäftsführer/in (CEO) | Mitarbeiter: 1 bis 10 | Branche: IT Unternehmen | Rechtsform: Aktiengesellschaft'),
('6f3a004b-0ea4-4700-9041-b7f0e87fd597', '124b2072-6ea2-4907-9637-b0246ddbafe0', 'KALTAKQUISE', 'ACTIVE', 0, 'Funktion: Geschäftsführer/in (CEO) | Mitarbeiter: 1 bis 10 | Branche: Fonds & sonstige Finanzinstitute'),
('ab2cbc5c-fc6e-4070-806c-7f9a6ebed5d2', 'a9c9ec50-4d89-4c5b-a1c0-4be9a1d81e52', 'KALTAKQUISE', 'ACTIVE', 0, 'Funktion: Geschäftsführer/in (CEO) | Mitarbeiter: 101 bis 500 | Branche: Logistik- & Transportunternehmen | Rechtsform: Aktiengesellschaft'),
('9dee3d6c-121c-441f-ac5b-ac9dfa3b0b40', '8cb88f5f-71c9-49d1-966d-858ba9fd5f75', 'KALTAKQUISE', 'ACTIVE', 0, 'Funktion: Geschäftsführer/in (CEO) | Mitarbeiter: 1 bis 10 | Branche: Werbeagenturen | Rechtsform: Gesellschaft mit beschränkter Haftung'),
('b810aaa6-b50a-4706-a0cd-42b3100539fb', '905ebacb-4e48-401b-9cef-6203e49c5bc7', 'KALTAKQUISE', 'ACTIVE', 0, 'Funktion: Geschäftsführer/in (CEO) | Mitarbeiter: 11 bis 20 | Branche: Unternehmensberater'),
('8a9ff284-156b-41d7-96b7-42bc346f1f14', '46db1766-1c99-4462-8be4-909c5919fe41', 'KALTAKQUISE', 'ACTIVE', 0, 'Funktion: Geschäftsführer/in (CEO) | Mitarbeiter: 1 bis 10 | Branche: Unternehmensberater | Rechtsform: Aktiengesellschaft'),
('df65a1f5-cfb7-493c-91da-5948fa216c06', 'f8365b99-2887-40d6-af63-391aa460780b', 'KALTAKQUISE', 'ACTIVE', 0, 'Funktion: Geschäftsführer/in (CEO) | Mitarbeiter: 21 bis 50 | Branche: Werbeagenturen | Rechtsform: Aktiengesellschaft'),
('54ac8196-4063-41e5-8906-41dba4543c8f', '969dc238-080b-4cd3-a538-8e9235c62642', 'KALTAKQUISE', 'ACTIVE', 0, 'Funktion: Geschäftsführer/in (CEO) | Mitarbeiter: 1 bis 10 | Branche: Atem- Meditation- & Yogacenter'),
('7fa246a2-c65a-4998-91ee-e83a77672932', '97302f7a-f24f-4a51-9dad-d29c34756a52', 'KALTAKQUISE', 'ACTIVE', 0, 'Funktion: Geschäftsführer/in (CEO) | Mitarbeiter: 1 bis 10 | Branche: Sanitär & Haustechnik | Rechtsform: Gesellschaft mit beschränkter Haftung'),
('2e838a66-5fee-4efa-93ab-de54ee9187f9', '883ba971-ab99-41f8-89a7-44c42052982b', 'KALTAKQUISE', 'ACTIVE', 0, 'Funktion: Geschäftsführer/in (CEO) | Mitarbeiter: 1 bis 10 | Branche: Elektroindustrie | Rechtsform: Aktiengesellschaft'),
('9b1215aa-2023-45d6-9c5b-db742ecd097b', '52bdedb3-0950-41a6-a40f-9b97cc42fb90', 'KALTAKQUISE', 'ACTIVE', 0, 'Funktion: Geschäftsführer/in (CEO) | Mitarbeiter: 21 bis 50 | Branche: Elektroindustrie | Rechtsform: Gesellschaft mit beschränkter Haftung'),
('7ac6c4cb-12ae-4212-820a-ffa0f7b1afd2', '2ac3376b-b469-4c3e-823f-6d8d9c03d06e', 'KALTAKQUISE', 'ACTIVE', 0, 'Funktion: Geschäftsführer/in (CEO) | Mitarbeiter: 21 bis 50 | Branche: Facility Management & Reinigungsfirmen | Rechtsform: Aktiengesellschaft'),
('c16f4257-2321-4f9c-91e2-718d36f1af95', 'a942d9f8-8627-4f6b-bff3-cc5b524cf015', 'KALTAKQUISE', 'ACTIVE', 0, 'Funktion: Geschäftsführer/in (CEO) | Mitarbeiter: 11 bis 20 | Branche: Werbeagenturen | Rechtsform: Gesellschaft mit beschränkter Haftung'),
('458e4a2b-a9a6-499d-ab48-6f9aed3152fe', 'c9320e1b-f9b2-4919-996a-3b9ba559dfc2', 'KALTAKQUISE', 'ACTIVE', 0, 'Funktion: Geschäftsführer/in (CEO) | Mitarbeiter: 101 bis 500 | Branche: Nachhaltigkeitsbereich | Rechtsform: Aktiengesellschaft'),
('b9d04269-5085-460f-a774-986e9541d9a4', 'dbda1392-fd78-4f48-aa91-15457140aabf', 'KALTAKQUISE', 'ACTIVE', 0, 'Funktion: Geschäftsführer/in (CEO) | Mitarbeiter: 1 bis 10 | Branche: NGO & NPO | Rechtsform: Verein'),
('4b651154-3fe9-4daa-8bb6-487eec6b1b4a', 'af840b05-5b74-41f7-b8e9-4ec0faa6cf69', 'KALTAKQUISE', 'ACTIVE', 0, 'Funktion: Geschäftsführer/in (CEO) | Mitarbeiter: 11 bis 20 | Branche: Uhrenindustrie | Rechtsform: Ausländische Niederlassung im Handelsregister eingetragen'),
('976c26e3-7057-4174-a5b0-dc1cd37e26ed', '4c603282-7828-454e-a981-d6d59a7713c7', 'KALTAKQUISE', 'ACTIVE', 0, 'Funktion: Geschäftsführer/in (CEO) | Mitarbeiter: 11 bis 20 | Branche: Baugeschäfte / Sanitär & Haustechnik | Rechtsform: Aktiengesellschaft'),
('d633c8a1-c2d0-4614-ab4b-211b19ad677c', 'bfb89975-8b64-4189-9603-0bfd292ae13e', 'KALTAKQUISE', 'ACTIVE', 0, 'Funktion: Geschäftsführer/in (CEO) | Mitarbeiter: 21 bis 50 | Branche: Maschinenbauindustrie | Rechtsform: Gesellschaft mit beschränkter Haftung'),
('58cd9810-3aae-44f7-a3a2-9d155015ffa7', '6af0a351-a19c-4974-a389-d449c03551e7', 'KALTAKQUISE', 'ACTIVE', 0, 'Funktion: Leitung Betrieb (COO) | Mitarbeiter: 1 bis 10 | Branche: Restaurants'),
('05cf6979-e29f-4144-a286-14a22b513f5b', 'af0942d5-cd91-4c83-a663-f32577c4ee4e', 'KALTAKQUISE', 'ACTIVE', 0, 'Funktion: Geschäftsführer/in (CEO) | Mitarbeiter: 1 bis 10 | Branche: Werbeagenturen | Rechtsform: Gesellschaft mit beschränkter Haftung'),
('530ac31b-3561-4151-bf06-89a5b7b4785d', '28e8b16b-5964-4f49-ae88-10751bdcc52b', 'KALTAKQUISE', 'ACTIVE', 0, 'Funktion: Geschäftsführer/in (CEO) | Mitarbeiter: 1 bis 10 | Branche: Sanitär & Haustechnik | Rechtsform: Gesellschaft mit beschränkter Haftung'),
('eefea470-4e71-40da-87ef-738097190435', '3fc5970a-84eb-4a0a-ba1d-8f485e0bce53', 'KALTAKQUISE', 'ACTIVE', 0, 'Funktion: Geschäftsführer/in (CEO) | Mitarbeiter: 1 bis 10 | Branche: Unternehmensberater | Rechtsform: Gesellschaft mit beschränkter Haftung'),
('5b02d1d1-ec47-40c5-944b-16011b573137', 'acf557e4-06db-4838-95fc-f81bf7e2f58c', 'KALTAKQUISE', 'ACTIVE', 0, 'Funktion: Geschäftsführer/in (CEO) | Mitarbeiter: Mehr als 500 | Branche: Top 2''000 CH-Unternehmen | Rechtsform: Aktiengesellschaft'),
('9df20eb7-adfd-42b5-ad02-d102f762730c', 'dffbd610-be4f-4821-ba2f-a2ec7034e945', 'KALTAKQUISE', 'ACTIVE', 0, 'Funktion: Geschäftsführer/in (CEO) | Mitarbeiter: 51 bis 100 | Branche: IT Unternehmen | Rechtsform: Aktiengesellschaft'),
('747f46d3-b9ee-4b9e-8f2a-5e0d8edc4116', 'd6cbd854-28a7-4ca6-b469-69f276de6169', 'KALTAKQUISE', 'ACTIVE', 0, 'Funktion: Geschäftsführer/in (CEO) | Mitarbeiter: 1 bis 10 | Branche: IT Unternehmen / Online Shops | Rechtsform: Einzelunternehmen'),
('99a8cdee-d3b0-48cb-8437-5170cf767be0', '142ea39a-cd01-4219-8975-6093a451a7f1', 'KALTAKQUISE', 'ACTIVE', 0, 'Funktion: Geschäftsführer/in (CEO) | Mitarbeiter: 101 bis 500 | Branche: Divers | Rechtsform: Aktiengesellschaft'),
('8f7ca648-131d-40cf-9ca6-c6ab95f525f3', '384eb801-ab93-4bab-b059-1e9190cf39bf', 'KALTAKQUISE', 'ACTIVE', 0, 'Funktion: Geschäftsführer/in (CEO) | Mitarbeiter: 1 bis 10 | Branche: Personalvermittler & -berater | Rechtsform: Gesellschaft mit beschränkter Haftung'),
('01279b02-346e-4822-850c-e80456bfa379', 'bc07e5ac-5a02-4fb5-974c-415ceaae94a2', 'KALTAKQUISE', 'ACTIVE', 0, 'Funktion: Geschäftsführer/in (CEO) | Mitarbeiter: 1 bis 10 | Branche: Sanitär & Haustechnik | Rechtsform: Gesellschaft mit beschränkter Haftung'),
('bb73d73f-6408-4b04-9a05-af17806370e8', '4af46235-e6e0-4b88-bd66-e5e377cbae21', 'KALTAKQUISE', 'ACTIVE', 0, 'Funktion: Geschäftsführer/in (CEO) | Mitarbeiter: 1 bis 10 | Branche: Versicherungsbroker & -makler | Rechtsform: Aktiengesellschaft'),
('d12b006b-274b-429a-a7cd-b2e131a6e1a9', 'cc3ed984-04db-41df-b108-69acaac53c85', 'KALTAKQUISE', 'ACTIVE', 0, 'Funktion: Geschäftsführer/in (CEO) | Mitarbeiter: 1 bis 10 | Branche: IT Unternehmen | Rechtsform: Gesellschaft mit beschränkter Haftung'),
('1ef2a512-c440-432e-9e88-c7c5b2225093', '136bf1e5-fef4-497d-beff-f089ca2c315d', 'KALTAKQUISE', 'ACTIVE', 0, 'Funktion: Geschäftsführer/in (CEO) | Mitarbeiter: 21 bis 50 | Branche: Pensionskassen | Rechtsform: Stiftung'),
('32a422d0-03d8-44b7-9a81-ff8d70629b78', '4c168c29-9092-4bce-b3f9-8e07000cb312', 'KALTAKQUISE', 'ACTIVE', 0, 'Funktion: Geschäftsführer/in (CEO) | Mitarbeiter: 21 bis 50 | Branche: Apotheken & Drogerien / Life-Science-Industrie / Online Shops | Rechtsform: Aktiengesellschaft'),
('94864bbb-4e3c-4013-bd96-cc31f90a0809', 'cf915b82-3495-4c35-b4d9-4a8fe6706f8f', 'KALTAKQUISE', 'ACTIVE', 0, 'Funktion: Geschäftsführer/in (CEO) | Mitarbeiter: 51 bis 100 | Branche: Treuhandbüros / Unternehmensberater | Rechtsform: Aktiengesellschaft'),
('a5c5d7f8-b01d-46a1-9bcf-7654641acb8e', '82322742-b181-4a38-abd1-8cb9b6eccda1', 'KALTAKQUISE', 'ACTIVE', 0, 'Funktion: Geschäftsführer/in (CEO) | Mitarbeiter: 1 bis 10 | Branche: Naturheilpraxen | Rechtsform: Gesellschaft mit beschränkter Haftung'),
('1fcc7deb-296e-4726-a2d4-4732d4f66044', '1b0e7f16-3289-4263-83e0-e5b591b16004', 'KALTAKQUISE', 'ACTIVE', 0, 'Funktion: Geschäftsführer/in (CEO) | Mitarbeiter: 1 bis 10 | Branche: Unternehmensberater | Rechtsform: Aktiengesellschaft'),
('8ed11df8-82c9-40f8-bf18-6abffcf97911', 'd7dd83e3-1402-45f7-86c3-61ec36843bc9', 'KALTAKQUISE', 'ACTIVE', 0, 'Funktion: Geschäftsführer/in (CEO) | Mitarbeiter: 1 bis 10 | Branche: Fitnessstudios'),
('62286b88-9fe0-4628-a293-178255e68098', 'f9b00f47-41e9-4624-8521-639c550098a2', 'KALTAKQUISE', 'ACTIVE', 0, 'Funktion: Geschäftsführer/in (CEO) | Mitarbeiter: 11 bis 20 | Branche: Medizintechnik-Industrie | Rechtsform: Aktiengesellschaft'),
('6a634212-fd35-4856-873e-c3d2c46f90e4', '6885106e-739a-4682-bbb7-ded049b2c466', 'KALTAKQUISE', 'ACTIVE', 0, 'Funktion: Geschäftsführer/in (CEO) | Mitarbeiter: 1 bis 10 | Branche: Atem- Meditation- & Yogacenter | Rechtsform: Gesellschaft mit beschränkter Haftung'),
('abb1e451-da2b-496a-b958-bc025b0f8957', '6f994ae5-1a14-4347-895b-cbbff9e153ce', 'KALTAKQUISE', 'ACTIVE', 0, 'Funktion: Geschäftsführer/in (CEO) | Mitarbeiter: 11 bis 20 | Branche: Online Shops | Rechtsform: Aktiengesellschaft'),
('f155416b-2517-4502-a8b7-ab4945362085', 'a57d7098-2b98-46e2-8cf2-398b2bfe5356', 'KALTAKQUISE', 'ACTIVE', 0, 'Funktion: Geschäftsführer/in (CEO) | Mitarbeiter: 1 bis 10 | Branche: Werbeagenturen | Rechtsform: Einzelunternehmen'),
('6108fa6c-7de0-4087-b92f-5eeda3a58260', 'e8adb91b-49e6-4753-9293-0b6a7e0d429d', 'KALTAKQUISE', 'ACTIVE', 0, 'Funktion: Geschäftsführer/in (CEO) | Mitarbeiter: 51 bis 100 | Branche: Kunststoffindustrie'),
('974865f8-0a90-4ea6-a272-cde3d3cdf2e6', 'c548a1c5-676d-4844-b67e-98344e148a0d', 'KALTAKQUISE', 'ACTIVE', 0, 'Funktion: Geschäftsführer/in (CEO) | Mitarbeiter: 11 bis 20 | Branche: Maschinenbauindustrie | Rechtsform: Aktiengesellschaft'),
('b904daf8-2d26-4e0f-b125-91aeca1474f7', 'ad9a4f68-fa38-44f3-a05e-d420340a5fbf', 'KALTAKQUISE', 'ACTIVE', 0, 'Funktion: Geschäftsführer/in (CEO) | Mitarbeiter: 1 bis 10 | Branche: Online Shops | Rechtsform: Einzelunternehmen'),
('16aa25b6-a0c8-4a1d-ad75-f31ecd9dde77', '5b958f45-b875-479c-a571-be195cf8c011', 'KALTAKQUISE', 'ACTIVE', 0, 'Funktion: Geschäftsführer/in (CEO) | Mitarbeiter: 1 bis 10 | Branche: IT Unternehmen | Rechtsform: Aktiengesellschaft'),
('951afde1-8e71-4758-aa32-57222ce57719', '48e43c6e-6597-4b5f-b1ea-d5337d25efd2', 'KALTAKQUISE', 'ACTIVE', 0, 'Funktion: Geschäftsführer/in (CEO) | Mitarbeiter: 1 bis 10 | Branche: Treuhandbüros | Rechtsform: Einzelunternehmen'),
('7ffc383b-2e80-4d30-b40b-0bea42f6f335', '1f9d232f-6a2a-48b0-9946-0de2a89bfc66', 'KALTAKQUISE', 'ACTIVE', 0, 'Funktion: Geschäftsführer/in (CEO) | Mitarbeiter: 1 bis 10 | Branche: Online Shops | Rechtsform: Gesellschaft mit beschränkter Haftung'),
('2dc3c01f-3127-4418-af65-172045f53e0a', 'a82b3159-d47e-4a16-ada5-0d13b8e59e96', 'KALTAKQUISE', 'ACTIVE', 0, 'Funktion: Geschäftsführer/in (CEO) | Mitarbeiter: 1 bis 10 | Branche: IT Unternehmen / Werbeagenturen | Rechtsform: Einzelunternehmen'),
('d56e8b27-7986-4c0e-9b9d-32be5cec9a68', '4f0b5554-67f5-4f6a-b408-68d5206c4712', 'KALTAKQUISE', 'ACTIVE', 0, 'Funktion: Geschäftsführer/in (CEO) | Mitarbeiter: 11 bis 20 | Branche: Online Shops | Rechtsform: Gesellschaft mit beschränkter Haftung'),
('64444f37-66af-4495-8513-f55ca57fb486', '8977fbbd-2573-4091-9d61-da5526b36f6b', 'KALTAKQUISE', 'ACTIVE', 0, 'Funktion: Geschäftsführer/in (CEO) | Mitarbeiter: 21 bis 50 | Branche: IT Unternehmen / Unternehmensberater | Rechtsform: Aktiengesellschaft'),
('43b38498-2b4b-4e50-9370-2e9c59a62a0d', '696d9511-9ab7-439f-9439-0d5cb7c2cba2', 'KALTAKQUISE', 'ACTIVE', 0, 'Funktion: Geschäftsführer/in (CEO) | Mitarbeiter: 21 bis 50 | Branche: IT Unternehmen | Rechtsform: Aktiengesellschaft'),
('57e16898-5c78-452f-9411-8e6452c4fb00', '47471c4f-e1ba-4b29-95bb-233416e4a7df', 'KALTAKQUISE', 'ACTIVE', 0, 'Funktion: Geschäftsführer/in (CEO) | Mitarbeiter: 21 bis 50 | Branche: Elektroindustrie | Rechtsform: Aktiengesellschaft'),
('7596dae1-56da-4761-8b1a-c7b54f8de0d6', 'b1c64d74-7966-47f0-9a1d-ade66769aa18', 'KALTAKQUISE', 'ACTIVE', 0, 'Funktion: Geschäftsführer/in (CEO) | Mitarbeiter: 11 bis 20 | Branche: Online Shops | Rechtsform: Einzelunternehmen'),
('096a9f6a-ae5b-46a3-a583-56a7c3b51775', '2fea4053-41f9-4250-933b-1aeb4c18e427', 'KALTAKQUISE', 'ACTIVE', 0, 'Funktion: Geschäftsführer/in (CEO) | Mitarbeiter: 11 bis 20 | Branche: Elektroindustrie | Rechtsform: Aktiengesellschaft'),
('9e2e8d8a-9beb-48a2-83cd-379dd527a162', '3c15947c-a27f-4f67-8545-ce26d0948ff4', 'KALTAKQUISE', 'ACTIVE', 0, 'Funktion: Geschäftsführer/in (CEO) | Mitarbeiter: 11 bis 20 | Branche: Online Shops | Rechtsform: Aktiengesellschaft'),
('fe76ca15-5b93-4b44-a4ea-bd8905b5d651', '3b78902e-ccdb-4149-9525-f22bc21334f6', 'KALTAKQUISE', 'ACTIVE', 0, 'Funktion: Geschäftsführer/in (CEO) | Mitarbeiter: 11 bis 20 | Branche: Elektroplanung & Installation / Online Shops | Rechtsform: Einzelunternehmen'),
('46956ea9-c1a7-4e61-966a-6b733120af89', '0514c522-672b-44ca-8eac-bfa1c7321f3b', 'KALTAKQUISE', 'ACTIVE', 0, 'Funktion: Geschäftsführer/in (CEO) | Mitarbeiter: 1 bis 10 | Branche: Online Shops | Rechtsform: Gesellschaft mit beschränkter Haftung'),
('64fd2230-5f1b-43cc-a9bb-78715a05ef60', 'cac9614a-b4e3-49e2-87fb-693c920a20d9', 'KALTAKQUISE', 'ACTIVE', 0, 'Funktion: Geschäftsführer/in (CEO) | Mitarbeiter: 11 bis 20 | Branche: Online Shops | Rechtsform: Gesellschaft mit beschränkter Haftung'),
('274d9597-809d-41fd-9726-678751cda5d3', '230923b5-b374-48af-8d7a-3d7631e7190b', 'KALTAKQUISE', 'ACTIVE', 0, 'Funktion: Geschäftsführer/in (CEO) | Mitarbeiter: 11 bis 20 | Branche: Online Shops | Rechtsform: Aktiengesellschaft'),
('c43afd80-0366-42a4-86e8-90a58da968a2', '0e8e2c6b-9014-41e5-8e11-7228cb311967', 'KALTAKQUISE', 'ACTIVE', 0, 'Funktion: Geschäftsführer/in (CEO) | Mitarbeiter: 1 bis 10 | Branche: Werbeagenturen'),
('a008b450-2651-4ab1-b0c5-c5ea963a60ee', '6db78cbd-89f8-485f-a283-d0326c17dde6', 'KALTAKQUISE', 'ACTIVE', 0, 'Funktion: Geschäftsführer/in (CEO) | Mitarbeiter: 11 bis 20 | Branche: Online Shops | Rechtsform: Einzelunternehmen'),
('a61cd284-97b3-40da-9540-81f675d08658', '338f660c-a626-4246-8031-c0a7795e20a1', 'KALTAKQUISE', 'ACTIVE', 0, 'Funktion: Geschäftsführer/in (CEO) | Mitarbeiter: 1 bis 10 | Branche: Online Shops | Rechtsform: Gesellschaft mit beschränkter Haftung'),
('06e93f0a-86b3-4e71-9f85-f10977074c2f', '8a7a58fc-a8e6-4f96-b8ff-022d31799a18', 'KALTAKQUISE', 'ACTIVE', 0, 'Funktion: Leitung Schule | Mitarbeiter: 1 bis 10 | Branche: Weiterbildungsinstitute | Rechtsform: Aktiengesellschaft'),
('d9f9a19d-f32c-4ef0-8b9f-8f987400899a', '5b2a2667-7ae0-47ce-b29b-07afb5dd5220', 'KALTAKQUISE', 'ACTIVE', 0, 'Funktion: Chefredaktion | Mitarbeiter: 11 bis 20 | Branche: Zeitungen & Zeitschriften'),
('721993c2-e8dc-4eff-b198-825b967913fd', '4f9b8650-07cc-4596-8baf-66f269369792', 'KALTAKQUISE', 'ACTIVE', 0, 'Funktion: Geschäftsführer/in (CEO) | Mitarbeiter: 1 bis 10 | Branche: Online Shops | Rechtsform: Einzelunternehmen'),
('944e5e34-3d7d-4074-86bd-75578dda8335', '742a76a5-2336-4705-8971-842ce3b1d212', 'KALTAKQUISE', 'ACTIVE', 0, 'Funktion: Geschäftsführer/in (CEO) | Mitarbeiter: 1 bis 10 | Branche: Werbeagenturen | Rechtsform: Gesellschaft mit beschränkter Haftung'),
('58e3eaf0-e248-42a4-a8b3-8f0f1c4d28ac', '44d16772-be1a-4c98-9ca0-8c54d19e197f', 'KALTAKQUISE', 'ACTIVE', 0, 'Funktion: Geschäftsführer/in (CEO) | Mitarbeiter: 1 bis 10 | Branche: IT Unternehmen | Rechtsform: Aktiengesellschaft'),
('1e16056b-3b12-42d6-8eef-460b1c6ae946', '6534e0b2-d1ab-4bce-beb9-b4b7c07ea675', 'KALTAKQUISE', 'ACTIVE', 0, 'Funktion: Geschäftsführer/in (CEO) | Mitarbeiter: 11 bis 20 | Branche: Online Shops | Rechtsform: Aktiengesellschaft'),
('b6e8fa83-2111-4250-8239-c2cd48d5798b', '595aeced-f748-4dc7-a65e-46a9393e50e6', 'KALTAKQUISE', 'ACTIVE', 0, 'Funktion: Geschäftsführer/in (CEO) | Mitarbeiter: 1 bis 10 | Branche: IT Unternehmen | Rechtsform: Aktiengesellschaft'),
('5962a025-61df-4fe7-b833-333820cf4807', '4b5abfdb-254a-4a48-9fa8-68b83114010d', 'KALTAKQUISE', 'ACTIVE', 0, 'Funktion: Geschäftsführer/in (CEO) | Mitarbeiter: 101 bis 500 | Branche: Divers | Rechtsform: Gesellschaft mit beschränkter Haftung'),
('1ad991e2-57d6-44f8-801b-5eb1eb72d0cb', '4c6644ff-eb8a-42f0-9730-5bad0ccbf1d5', 'KALTAKQUISE', 'ACTIVE', 0, 'Funktion: Geschäftsführer/in (CEO) | Mitarbeiter: 1 bis 10 | Branche: Maschinenbauindustrie | Rechtsform: Aktiengesellschaft'),
('db2876b2-1176-4788-af89-b10f4ce7f681', '362c2c1a-6ebc-4667-b5f5-8f5363911005', 'KALTAKQUISE', 'ACTIVE', 0, 'Funktion: Geschäftsführer/in (CEO) | Mitarbeiter: 1 bis 10 | Branche: Maschinenbauindustrie | Rechtsform: Aktiengesellschaft'),
('759f289f-4a58-4bbf-8adb-5681caa345a1', 'cd5fae55-3b74-4589-aa28-7233cd1a4c5b', 'KALTAKQUISE', 'ACTIVE', 0, 'Funktion: Geschäftsführer/in (CEO) | Mitarbeiter: 1 bis 10 | Branche: IT Unternehmen | Rechtsform: Einzelunternehmen'),
('6af3ca31-a4a8-45be-b6f9-fc3b603b2c15', 'ac93eac3-6261-4b7a-b657-37c54c06b5a1', 'KALTAKQUISE', 'ACTIVE', 0, 'Funktion: Geschäftsführer/in (CEO) | Mitarbeiter: 1 bis 10 | Branche: Online Shops | Rechtsform: Einzelunternehmen'),
('a4de7a2d-8375-4e19-81ad-2d8088d0a6aa', 'd0b0683e-64a5-4b6c-8ebd-7c4f4175dffe', 'KALTAKQUISE', 'ACTIVE', 0, 'Funktion: Geschäftsführer/in (CEO) | Mitarbeiter: 1 bis 10 | Branche: Immobilienverwaltung / Immobilienprojektentwicklung / Bauherrenvertretung | Rechtsform: Gesellschaft mit beschränkter Haftung'),
('32139643-5a82-4eae-a8e1-8b906130cc50', '70e8fdb0-5afa-4311-b3f3-6ec5c5743c99', 'KALTAKQUISE', 'ACTIVE', 0, 'Funktion: Geschäftsführer/in (CEO) | Mitarbeiter: 51 bis 100 | Branche: NGO & NPO | Rechtsform: Verein'),
('46faa3ed-b13b-42b3-977a-daf015574851', '2cbf11cb-ff0b-4477-830f-26a9402c3651', 'KALTAKQUISE', 'ACTIVE', 0, 'Funktion: Geschäftsführer/in (CEO) | Mitarbeiter: 11 bis 20 | Branche: IT Unternehmen | Rechtsform: Aktiengesellschaft'),
('8028efbb-2d32-419e-8254-d7b14eee889b', 'dc223b41-fb63-4530-8e0c-5ad16ba4e175', 'KALTAKQUISE', 'ACTIVE', 0, 'Funktion: Geschäftsführer/in (CEO) | Mitarbeiter: 1 bis 10 | Branche: Werbeagenturen | Rechtsform: Einzelunternehmen'),
('c4d74fe4-0a8a-4ef9-ab8e-177dd6d3c685', '344861f2-dfcb-4c36-bb38-bba16a69ca07', 'KALTAKQUISE', 'ACTIVE', 0, 'Funktion: Geschäftsführer/in (CEO) | Mitarbeiter: 21 bis 50 | Branche: Metallbauer | Rechtsform: Aktiengesellschaft'),
('7f5da30b-7945-459a-8605-aa8d4911eb34', '50d2ce92-127b-4234-ade8-07f0b16f4b57', 'KALTAKQUISE', 'ACTIVE', 0, 'Funktion: Geschäftsführer/in (CEO) | Mitarbeiter: 1 bis 10 | Branche: Unternehmensberater | Rechtsform: Gesellschaft mit beschränkter Haftung'),
('b86c892e-8212-4091-8ca7-aa9ed4447996', '33d2d37f-9e3b-40f9-a4c4-034eac9be58e', 'KALTAKQUISE', 'ACTIVE', 0, 'Funktion: Geschäftsführer/in (CEO) | Mitarbeiter: 1 bis 10 | Branche: Coiffeursalons / Kosmetikstudios | Rechtsform: Gesellschaft mit beschränkter Haftung'),
('d24d2ba7-0d08-4d62-a8df-9e703eaec50b', '8f162e41-45a4-4def-8214-a409e868ee56', 'KALTAKQUISE', 'ACTIVE', 0, 'Funktion: Geschäftsführer/in (CEO) | Mitarbeiter: 1 bis 10 | Branche: Unternehmensberater | Rechtsform: Gesellschaft mit beschränkter Haftung'),
('4b66e9e0-c32f-4a5d-8b93-8511ff0e40db', '12aecb41-998a-4fc6-b7d6-3567f0c4de2c', 'KALTAKQUISE', 'ACTIVE', 0, 'Funktion: Geschäftsführer/in (CEO) | Mitarbeiter: 1 bis 10 | Branche: Bau- & Projektmanagement / Immobilienprojektentwicklung | Rechtsform: Aktiengesellschaft'),
('14ed8605-bdde-4de3-8e1e-3d1c8da39d42', '0c53e805-fcf9-4785-9c2c-8ae27e603f0f', 'KALTAKQUISE', 'ACTIVE', 0, 'Funktion: Geschäftsführer/in (CEO) | Mitarbeiter: 11 bis 20 | Branche: Online Shops | Rechtsform: Aktiengesellschaft'),
('4b931439-be7c-48c6-bd25-7e5c09a0d78e', 'cac01ca4-a407-48c6-a59c-2e9af28f11a1', 'KALTAKQUISE', 'ACTIVE', 0, 'Funktion: Geschäftsführer/in (CEO) | Mitarbeiter: 1 bis 10 | Branche: Online Shops | Rechtsform: Gesellschaft mit beschränkter Haftung'),
('96644b38-d6bd-40ea-b681-17e412051cf5', '51132e6b-7b4a-4100-bb21-5eff1dacf341', 'KALTAKQUISE', 'ACTIVE', 0, 'Funktion: Geschäftsführer/in (CEO) | Mitarbeiter: 1 bis 10 | Branche: Unternehmensberater | Rechtsform: Aktiengesellschaft'),
('79bde9ce-a00a-4473-8646-6d202ee62627', '315e248c-8034-4217-a908-5cc84204b9b1', 'KALTAKQUISE', 'ACTIVE', 0, 'Funktion: Geschäftsführer/in (CEO) | Mitarbeiter: 11 bis 20 | Branche: Unternehmensberater | Rechtsform: Aktiengesellschaft'),
('ca428a47-d62e-462c-b438-474c3a4376c5', '83db967c-d529-44fd-8268-6268dcf50b36', 'KALTAKQUISE', 'ACTIVE', 0, 'Funktion: Geschäftsführer/in (CEO) | Mitarbeiter: 1 bis 10 | Branche: Treuhandbüros / Unternehmensberater | Rechtsform: Gesellschaft mit beschränkter Haftung'),
('1618b615-63a1-451a-864f-8cb0d0d9d805', '6a6805f0-a145-46c3-85be-32b14b977590', 'KALTAKQUISE', 'ACTIVE', 0, 'Funktion: Geschäftsführer/in (CEO) | Mitarbeiter: 1 bis 10 | Branche: Unternehmensberater | Rechtsform: Aktiengesellschaft'),
('5aeba7aa-bd72-4cd4-8599-aa4d2422dc8e', '885a2194-e759-44de-be05-64668315fd3d', 'KALTAKQUISE', 'ACTIVE', 0, 'Funktion: Geschäftsführer/in (CEO) | Mitarbeiter: 11 bis 20 | Branche: Elektroindustrie / Elektroplanung & Installation | Rechtsform: Aktiengesellschaft'),
('b9d2e17a-81d1-4343-9aba-161d87209ad6', '077b226a-dce4-4169-89c0-2b7214dc1ec1', 'KALTAKQUISE', 'ACTIVE', 0, 'Funktion: Geschäftsführer/in (CEO) | Mitarbeiter: 1 bis 10 | Branche: Immobilienvermittlung | Rechtsform: Gesellschaft mit beschränkter Haftung'),
('fa61f6d1-3d98-4af3-8e14-99c67962aaa7', 'a3078572-8d6b-417f-bc08-e78296ab5db7', 'KALTAKQUISE', 'ACTIVE', 0, 'Funktion: Geschäftsführer/in (CEO) | Mitarbeiter: 1 bis 10 | Branche: Werbeagenturen | Rechtsform: Aktiengesellschaft'),
('14700417-77dc-4c44-b8aa-3106cf337941', '77d47ca4-4152-4c46-b68a-4b935fd64f7b', 'KALTAKQUISE', 'ACTIVE', 0, 'Funktion: Geschäftsführer/in (CEO) | Mitarbeiter: 11 bis 20 | Branche: Architekturbüros / Bau- & Projektmanagement | Rechtsform: Aktiengesellschaft'),
('16b6f692-e919-4b15-a99c-31d5f48f321e', 'a34e2bff-cedb-489a-9f97-d81e1688bf5e', 'KALTAKQUISE', 'ACTIVE', 0, 'Funktion: Geschäftsführer/in (CEO) | Mitarbeiter: 1 bis 10 | Branche: Externe Vermögensverwalter | Rechtsform: Aktiengesellschaft'),
('d901c5d2-208c-46cf-b1ba-1a75b217e601', '2f18e12d-ec61-49f4-b8ec-da337ad06bec', 'KALTAKQUISE', 'ACTIVE', 0, 'Funktion: Geschäftsführer/in (CEO) | Mitarbeiter: 1 bis 10 | Branche: Werbeagenturen | Rechtsform: Einzelunternehmen'),
('fd04ccf7-21dd-4e47-815f-7f1e8e83c77a', '569da371-1033-416f-a517-ff7c82115763', 'KALTAKQUISE', 'ACTIVE', 0, 'Funktion: Geschäftsführer/in (CEO) | Mitarbeiter: 11 bis 20 | Branche: Online Shops | Rechtsform: Gesellschaft mit beschränkter Haftung'),
('56e87f40-fafb-4cb9-b146-408954645bc5', '65174984-84cb-4585-9d71-52a524a7f026', 'KALTAKQUISE', 'ACTIVE', 0, 'Funktion: Geschäftsführer/in (CEO) | Mitarbeiter: 1 bis 10 | Branche: Werbeagenturen | Rechtsform: Gesellschaft mit beschränkter Haftung'),
('fdb15058-5491-45d1-acd5-822e84f57264', '46172514-b727-44a9-a436-f9ff4e443f88', 'KALTAKQUISE', 'ACTIVE', 0, 'Funktion: Geschäftsführer/in (CEO) | Mitarbeiter: 1 bis 10 | Branche: Sanitär & Haustechnik | Rechtsform: Aktiengesellschaft'),
('983a5349-487a-4ef7-8078-a8625960c15b', '1fbf778e-91a0-4257-b411-305c3bade35e', 'KALTAKQUISE', 'ACTIVE', 0, 'Funktion: Geschäftsführer/in (CEO) | Mitarbeiter: 101 bis 500 | Branche: Logistik- & Transportunternehmen | Rechtsform: Gesellschaft mit beschränkter Haftung'),
('da60b9a2-b589-4013-93b8-ef4e42f9ddb8', 'e13b1b82-7c38-4d91-90f7-df9c7306aca3', 'KALTAKQUISE', 'ACTIVE', 0, 'Funktion: Geschäftsführer/in (CEO) | Mitarbeiter: 101 bis 500 | Branche: Schreinerei- & Holzbaubetriebe | Rechtsform: Gesellschaft mit beschränkter Haftung'),
('852fbbd3-c176-4cc3-9392-c962fdfb354f', '24a015ee-a6d3-43e5-a609-dbec34a6cda2', 'KALTAKQUISE', 'ACTIVE', 0, 'Funktion: Geschäftsführer/in (CEO) | Mitarbeiter: 1 bis 10 | Branche: IT Unternehmen | Rechtsform: Aktiengesellschaft'),
('d0f37ca1-1837-411d-8e12-59231ece401b', '96ada13e-728e-4694-9afc-791fc69af9c2', 'KALTAKQUISE', 'ACTIVE', 0, 'Funktion: Geschäftsführer/in (CEO) | Mitarbeiter: 11 bis 20 | Branche: Getränkeindustrie | Rechtsform: Gesellschaft mit beschränkter Haftung'),
('2a55a21e-b3ba-4850-92fd-46da84d1ee9f', '297eb09f-9975-4e6e-8bf4-a2a30b3e1f7b', 'KALTAKQUISE', 'ACTIVE', 0, 'Funktion: Geschäftsführer/in (CEO) | Mitarbeiter: 1 bis 10 | Branche: FinTech | Rechtsform: Gesellschaft mit beschränkter Haftung'),
('aec15eb9-7d85-49e7-981b-2665b2671977', 'd1a8ce83-6521-4482-9d5c-90012cfa8a7d', 'KALTAKQUISE', 'ACTIVE', 0, 'Funktion: Geschäftsführer/in (CEO) | Mitarbeiter: 51 bis 100 | Branche: Maschinenbauindustrie | Rechtsform: Aktiengesellschaft'),
('94c75c65-0435-4ad4-997f-372d0bf9a2e3', '45d18bae-145a-4264-bbc4-ef2f20721e5a', 'KALTAKQUISE', 'ACTIVE', 0, 'Funktion: Geschäftsführer/in (CEO) | Mitarbeiter: 101 bis 500 | Branche: Top 2''000 CH-Unternehmen | Rechtsform: Aktiengesellschaft'),
('af98e305-e48f-4e01-9716-0cccff115d00', '2841e97b-da21-44b7-9bcf-ae5610416587', 'KALTAKQUISE', 'ACTIVE', 0, 'Funktion: Geschäftsführer/in (CEO) | Mitarbeiter: 1 bis 10 | Branche: IT Unternehmen | Rechtsform: Aktiengesellschaft'),
('13039e15-16a1-45cd-89de-e69f9fc991d2', '623b2b64-b720-4948-a5e3-6cc9b9d6af05', 'KALTAKQUISE', 'ACTIVE', 0, 'Funktion: Geschäftsführer/in (CEO) | Mitarbeiter: 1 bis 10 | Branche: Lebensmittelverarbeitung | Rechtsform: Aktiengesellschaft'),
('23afac74-fc07-4c16-9a2d-ab6e399abd1b', 'd5b2682d-8a9e-43b5-bc97-07359eea9d1b', 'KALTAKQUISE', 'ACTIVE', 0, 'Funktion: Geschäftsführer/in (CEO) | Mitarbeiter: 1 bis 10 | Branche: Lebensmittelverarbeitung | Rechtsform: Aktiengesellschaft'),
('6402dee6-2bd4-4729-aaaa-1ebeabb58e42', 'ac3d56bb-ab46-4e5c-ad91-66f8da0060e8', 'KALTAKQUISE', 'ACTIVE', 0, 'Funktion: Geschäftsführer/in (CEO) | Mitarbeiter: 1 bis 10 | Branche: Lebensmittelverarbeitung / Online Shops / Restaurants | Rechtsform: Aktiengesellschaft'),
('017624ef-3c89-4c80-9615-361c4a5ed5cc', '072e2aa3-212e-430e-910a-03bebca35594', 'KALTAKQUISE', 'ACTIVE', 0, 'Funktion: Geschäftsführer/in (CEO) | Mitarbeiter: 11 bis 20 | Branche: Online Shops | Rechtsform: Gesellschaft mit beschränkter Haftung'),
('5203aa06-7870-4980-be43-06d9408bca9c', 'b1d76480-06f7-45a0-b625-70d79d141fd9', 'KALTAKQUISE', 'ACTIVE', 0, 'Funktion: Geschäftsführer/in (CEO) | Mitarbeiter: 1 bis 10 | Branche: Divers | Rechtsform: Aktiengesellschaft'),
('90dd17b6-0c1b-4d02-ba72-413f8f0379d1', '7b5ed7fe-82c8-4981-bcc2-d89b9ba2cba4', 'KALTAKQUISE', 'ACTIVE', 0, 'Funktion: Geschäftsführer/in (CEO) | Mitarbeiter: 11 bis 20 | Branche: Elektroindustrie | Rechtsform: Aktiengesellschaft'),
('e03166a7-ef92-48c0-81e0-86dadb65411a', '00b12577-fd5d-4043-a3e2-2d144536c2f0', 'KALTAKQUISE', 'ACTIVE', 0, 'Funktion: Geschäftsführer/in (CEO) | Mitarbeiter: 1 bis 10 | Branche: Werbeagenturen | Rechtsform: Gesellschaft mit beschränkter Haftung'),
('a7bac8b6-d87d-44c1-bdf6-a6288ccc44ae', 'fd73a72a-7a52-485f-829d-bbe946f9496e', 'KALTAKQUISE', 'ACTIVE', 0, 'Funktion: Geschäftsführer/in (CEO) | Mitarbeiter: 11 bis 20 | Branche: Architekturbüros | Rechtsform: Gesellschaft mit beschränkter Haftung'),
('d9e52860-65cf-4a52-a332-2f7cb3cd8bf4', 'f060e2c2-f223-4138-8ffa-897e2edda02e', 'KALTAKQUISE', 'ACTIVE', 0, 'Funktion: Geschäftsführer/in (CEO) | Mitarbeiter: 21 bis 50 | Branche: Elektroindustrie | Rechtsform: Aktiengesellschaft'),
('313474fe-06b1-42df-9d96-25a742115249', 'a492ce17-f837-4f66-8e3d-d7fda629fb91', 'KALTAKQUISE', 'ACTIVE', 0, 'Funktion: Geschäftsführer/in (CEO) | Mitarbeiter: 101 bis 500 | Branche: Elektroindustrie | Rechtsform: Aktiengesellschaft'),
('711189eb-f16a-44d2-b83e-1b293007dee0', '41f437cd-0afa-4af7-9f4a-78def169366f', 'KALTAKQUISE', 'ACTIVE', 0, 'Funktion: Geschäftsführer/in (CEO) | Mitarbeiter: 1 bis 10 | Branche: Treuhandbüros | Rechtsform: Aktiengesellschaft'),
('02a51f0d-5bce-41ce-a1ed-8b688093a6e6', '7a3db993-9377-4932-9a07-b9b3f1192f39', 'KALTAKQUISE', 'ACTIVE', 0, 'Funktion: Geschäftsführer/in (CEO) | Mitarbeiter: 1 bis 10 | Branche: Treuhandbüros | Rechtsform: Gesellschaft mit beschränkter Haftung'),
('42365579-f53c-4220-b637-84844ff5dade', 'a5106bc2-0ca2-4fdf-a518-a42d872b61c3', 'KALTAKQUISE', 'ACTIVE', 0, 'Funktion: Geschäftsführer/in (CEO) | Mitarbeiter: 1 bis 10 | Branche: Immobilienverwaltung / Immobilienvermittlung | Rechtsform: Gesellschaft mit beschränkter Haftung'),
('f034047a-9fe3-40cd-b9b6-12e4acafbe59', 'eceedc54-9780-454f-a9f0-eff023b75ec3', 'KALTAKQUISE', 'ACTIVE', 0, 'Funktion: Geschäftsführer/in (CEO) | Mitarbeiter: 1 bis 10 | Branche: Unternehmensberater | Rechtsform: Aktiengesellschaft'),
('e31d8b2d-49ef-4cc3-b892-5c1ff873a918', '2b78669f-2128-4be3-a10a-a037ff647945', 'KALTAKQUISE', 'ACTIVE', 0, 'Funktion: Geschäftsführer/in (CEO) | Mitarbeiter: 1 bis 10 | Branche: General- & Totalunternehmungen / Immobilienvermittlung / Immobilienprojektentwicklung | Rechtsform: Aktiengesellschaft'),
('5859d72c-58d2-4a6f-b19d-dd5053dc1db3', '9b7ecf37-3454-43c7-a86a-061147c68393', 'KALTAKQUISE', 'ACTIVE', 0, 'Funktion: Geschäftsführer/in (CEO) | Mitarbeiter: 11 bis 20 | Branche: Immobilienverwaltung / Immobilienvermittlung | Rechtsform: Gesellschaft mit beschränkter Haftung'),
('d3b36b98-afba-4124-9f42-3f42e6dbe275', 'd97238e1-e0a8-461d-b269-d7edb2736e11', 'KALTAKQUISE', 'ACTIVE', 0, 'Funktion: Geschäftsführer/in (CEO) | Mitarbeiter: 11 bis 20 | Branche: Treuhandbüros / Immobilienverwaltung / Immobilienvermittlung | Rechtsform: Aktiengesellschaft'),
('3003d0b3-8138-4519-b88d-f8afc62909fa', 'c30cfe51-e862-4efa-b8fc-8030dbe3e65e', 'KALTAKQUISE', 'ACTIVE', 0, 'Funktion: Geschäftsführer/in (CEO) | Mitarbeiter: 11 bis 20 | Branche: Treuhandbüros / Immobilienverwaltung | Rechtsform: Aktiengesellschaft'),
('791db3f5-04e2-4afb-aaf9-9735052f49b8', '32d121c2-c0d3-4a10-9efd-46db358eb65d', 'KALTAKQUISE', 'ACTIVE', 0, 'Funktion: Geschäftsführer/in (CEO) | Mitarbeiter: 11 bis 20 | Branche: Treuhandbüros / Immobilienverwaltung / Immobilienvermittlung | Rechtsform: Aktiengesellschaft'),
('94e1ae73-0ecf-4173-a73e-838aa0946cd7', 'e6758852-3cb7-4700-83df-fc5d8fc2bbdc', 'KALTAKQUISE', 'ACTIVE', 0, 'Funktion: Geschäftsführer/in (CEO) | Mitarbeiter: 51 bis 100 | Branche: Treuhandbüros / Unternehmensberater / Immobilienverwaltung | Rechtsform: Aktiengesellschaft'),
('4ab953f4-717b-473c-aff3-fb4ec7625fe5', 'db34768b-78e4-4a29-910f-7eae0435765d', 'KALTAKQUISE', 'ACTIVE', 0, 'Funktion: Geschäftsführer/in (CEO) | Mitarbeiter: 1 bis 10 | Branche: Bau- & Projektmanagement / Immobilienverwaltung / Immobilienprojektentwicklung | Rechtsform: Einzelunternehmen'),
('ce89a105-31f1-49f3-9f86-a28410679844', '2487136d-bb09-45b8-90bf-e4b964a51e45', 'KALTAKQUISE', 'ACTIVE', 0, 'Funktion: Geschäftsführer/in (CEO) | Mitarbeiter: 1 bis 10 | Branche: Bau- & Projektmanagement / Bauherrenvertretung | Rechtsform: Gesellschaft mit beschränkter Haftung'),
('58a017c6-717a-443a-be4b-306195112427', '04e42401-7f42-4ce9-87b8-f8bf19b8df6f', 'KALTAKQUISE', 'ACTIVE', 0, 'Funktion: Geschäftsführer/in (CEO) | Mitarbeiter: 1 bis 10 | Branche: Treuhandbüros | Rechtsform: Aktiengesellschaft'),
('ca7c5e4a-d48f-44dd-83ff-8946597289f0', 'bb5b108b-5ee5-4301-a135-6d4d7d1e7edb', 'KALTAKQUISE', 'ACTIVE', 0, 'Funktion: Geschäftsführer/in (CEO) | Mitarbeiter: 1 bis 10 | Branche: Unternehmensberater | Rechtsform: Aktiengesellschaft'),
('786f0a6a-6545-48f1-8398-ae0321a8c223', 'd78666a0-2d60-41f6-9834-2bb805445b4e', 'KALTAKQUISE', 'ACTIVE', 0, 'Funktion: Geschäftsführer/in (CEO) | Mitarbeiter: 1 bis 10 | Branche: Immobilienverwaltung / Immobilienvermittlung | Rechtsform: Aktiengesellschaft'),
('6f9bd342-8be5-4585-ae6d-b73b86ec974e', '423fb7c2-a683-4e08-8af0-199b6598438b', 'KALTAKQUISE', 'ACTIVE', 0, 'Funktion: Geschäftsführer/in (CEO) | Mitarbeiter: 51 bis 100 | Branche: IT Unternehmen / FinTech | Rechtsform: Aktiengesellschaft'),
('25f0531c-2e0d-4d9e-87a5-7173c3739061', '0bc61668-d131-4373-b4f3-de4f303664d8', 'KALTAKQUISE', 'ACTIVE', 0, 'Funktion: Geschäftsführer/in (CEO) | Mitarbeiter: 21 bis 50 | Branche: Bau- & Projektmanagement / Immobilienprojektentwicklung | Rechtsform: Aktiengesellschaft'),
('bc821ca8-51d4-491e-83b3-e5e391578a26', 'bf36aba6-1d02-4fbe-987b-f3eb0b77f9c1', 'KALTAKQUISE', 'ACTIVE', 0, 'Funktion: Geschäftsführer/in (CEO) | Mitarbeiter: 1 bis 10 | Branche: Treuhandbüros | Rechtsform: Gesellschaft mit beschränkter Haftung'),
('9c437163-7f78-43f3-82d5-f17a38ca46b2', '5c4ecb01-4d24-47af-a076-38cba84e20a3', 'KALTAKQUISE', 'ACTIVE', 0, 'Funktion: Geschäftsführer/in (CEO) | Mitarbeiter: 1 bis 10 | Branche: Lebensmittelverarbeitung | Rechtsform: Kollektivgesellschaft'),
('e78b5782-fb53-44d5-ad8e-2e56d2571a87', '233dab7f-c90e-4280-8e21-7d7dbcc88ef1', 'KALTAKQUISE', 'ACTIVE', 0, 'Funktion: Geschäftsführer/in (CEO) | Mitarbeiter: 1 bis 10 | Branche: Lebensmittelverarbeitung | Rechtsform: Aktiengesellschaft'),
('887cfa60-7e63-49a2-8556-76a6d0049e76', '203a0910-b734-4362-a05b-3d0cd2392aa1', 'KALTAKQUISE', 'ACTIVE', 0, 'Funktion: Geschäftsführer/in (CEO) | Mitarbeiter: 21 bis 50 | Branche: Lebensmittelverarbeitung / Online Shops | Rechtsform: Aktiengesellschaft'),
('a7ffc858-809a-4e93-8e71-245e96d316ee', '8b52b9b7-4a76-42b8-a704-c8e21cf69e6a', 'KALTAKQUISE', 'ACTIVE', 0, 'Funktion: Geschäftsführer/in (CEO) | Mitarbeiter: 21 bis 50 | Branche: Lebensmittelverarbeitung | Rechtsform: Aktiengesellschaft'),
('5999408f-7d9d-4856-9e7e-d166841d260c', '3617a9de-9173-44e8-a944-b8bfd8b8d86c', 'KALTAKQUISE', 'ACTIVE', 0, 'Funktion: Geschäftsführer/in (CEO) | Mitarbeiter: 1 bis 10 | Branche: Lebensmittelverarbeitung | Rechtsform: Aktiengesellschaft'),
('06d7f338-28f3-45cf-9108-e2937d86bd8d', '34858bd2-61fe-4759-bb3b-f5cbee44b15c', 'KALTAKQUISE', 'ACTIVE', 0, 'Funktion: Geschäftsführer/in (CEO) | Mitarbeiter: 11 bis 20 | Branche: Online Shops | Rechtsform: Aktiengesellschaft'),
('147e5c2c-e999-4e79-87fb-4a50a8e1d9a0', '59f247d0-52ba-4751-b733-9c291a14758d', 'KALTAKQUISE', 'ACTIVE', 0, 'Funktion: Geschäftsführer/in (CEO) | Mitarbeiter: 1 bis 10 | Branche: Lebensmittelverarbeitung / Online Shops | Rechtsform: Einzelunternehmen'),
('f32c3752-3a61-402f-bff8-4eb881998b57', '3280aec8-99d2-4335-9f76-2c061332f7ba', 'KALTAKQUISE', 'ACTIVE', 0, 'Funktion: Geschäftsführer/in (CEO) | Mitarbeiter: 51 bis 100 | Branche: Lebensmittelverarbeitung | Rechtsform: Aktiengesellschaft'),
('b76cd86e-699d-47f5-b98b-f195ce4d34f2', 'd00a0180-f103-496b-90a1-48b75b8553b2', 'KALTAKQUISE', 'ACTIVE', 0, 'Funktion: Geschäftsführer/in (CEO) | Mitarbeiter: 51 bis 100 | Branche: Lebensmittelverarbeitung / Restaurants | Rechtsform: Aktiengesellschaft'),
('a7376985-0be7-4c71-b780-ef27c234258a', '15f63f8b-70d2-4bfe-ab4c-07ef1b2a5cf6', 'KALTAKQUISE', 'ACTIVE', 0, 'Funktion: Geschäftsführer/in (CEO) | Mitarbeiter: 1 bis 10 | Branche: Lebensmittelverarbeitung | Rechtsform: Aktiengesellschaft'),
('7c3b53ef-55fd-4460-9fd0-17d1e1c3db88', '264c94eb-6f7c-4296-8fe1-36e0e38a5daf', 'KALTAKQUISE', 'ACTIVE', 0, 'Funktion: Geschäftsführer/in (CEO) | Mitarbeiter: 1 bis 10 | Branche: Lebensmittelverarbeitung | Rechtsform: Gesellschaft mit beschränkter Haftung'),
('ed7cd3d0-7df9-4ff8-aeea-a2adf9ee9515', 'b1049e42-5305-472d-97cb-808bf3ae4344', 'KALTAKQUISE', 'ACTIVE', 0, 'Funktion: Geschäftsführer/in (CEO) | Mitarbeiter: 1 bis 10 | Branche: Lebensmittelverarbeitung | Rechtsform: Gesellschaft mit beschränkter Haftung'),
('9a70cf6b-edba-4d57-af4f-c591068d44fe', '17787517-f4cf-40cb-8aea-b989a533b15d', 'KALTAKQUISE', 'ACTIVE', 0, 'Funktion: Geschäftsführer/in (CEO) | Mitarbeiter: 11 bis 20 | Branche: Lebensmittelverarbeitung | Rechtsform: Aktiengesellschaft'),
('8ab1f284-d186-4aea-abfa-814d526e77a0', 'a8d99984-eae4-4e2d-b594-7bc55460c478', 'KALTAKQUISE', 'ACTIVE', 0, 'Funktion: Geschäftsführer/in (CEO) | Mitarbeiter: 1 bis 10 | Branche: Lebensmittelverarbeitung / Online Shops / Restaurants | Rechtsform: Aktiengesellschaft'),
('fa854027-86b0-4f44-95b1-6399d75c30e3', 'b59ffa34-1ce9-4857-851d-2e18f45d4721', 'KALTAKQUISE', 'ACTIVE', 0, 'Funktion: Geschäftsführer/in (CEO) | Mitarbeiter: 11 bis 20 | Branche: Lebensmittelverarbeitung | Rechtsform: Aktiengesellschaft'),
('c7f9edb6-392f-4c01-a9a6-f39726eb5795', '67a3cca5-9df6-44e0-9485-ee1c67768054', 'KALTAKQUISE', 'ACTIVE', 0, 'Funktion: Geschäftsführer/in (CEO) | Mitarbeiter: 1 bis 10 | Branche: Lebensmittelverarbeitung | Rechtsform: Aktiengesellschaft'),
('130966df-c96a-4a4e-95f6-3b49f9aa3df6', 'cbc1bf89-05df-4891-b6fd-15f6337c5d28', 'KALTAKQUISE', 'ACTIVE', 0, 'Funktion: Geschäftsführer/in (CEO) | Mitarbeiter: 1 bis 10 | Branche: Lebensmittelverarbeitung | Rechtsform: Einzelunternehmen'),
('4c4ab8c4-60a9-4c6f-9dfe-9c4ba3d5e7ac', '51c347cf-b4fa-4168-9f0f-a0f64da25ac6', 'KALTAKQUISE', 'ACTIVE', 0, 'Funktion: Geschäftsführer/in (CEO) | Mitarbeiter: 1 bis 10 | Branche: Lebensmittelverarbeitung | Rechtsform: Gesellschaft mit beschränkter Haftung'),
('b99ae0b3-556f-4cab-8a8a-f6afd4fa3da2', 'cb4332ba-1c52-43d5-affe-61208ce459a7', 'KALTAKQUISE', 'ACTIVE', 0, 'Funktion: Geschäftsführer/in (CEO) | Mitarbeiter: 11 bis 20 | Branche: Online Shops / Restaurants | Rechtsform: Aktiengesellschaft'),
('ccb12de5-27da-4bea-9dd1-a64172c643df', '69cde076-041d-4168-b795-713b2f0fd20e', 'KALTAKQUISE', 'ACTIVE', 0, 'Funktion: Geschäftsführer/in (CEO) | Mitarbeiter: 1 bis 10 | Branche: Lebensmittelverarbeitung | Rechtsform: Gesellschaft mit beschränkter Haftung'),
('ae65619a-5a78-4924-b4f2-5c2c5b0254c6', 'fbe17385-4b54-4793-92d5-5684e7bfb3ac', 'KALTAKQUISE', 'ACTIVE', 0, 'Funktion: Geschäftsführer/in (CEO) | Mitarbeiter: 1 bis 10 | Branche: Lebensmittelverarbeitung | Rechtsform: Aktiengesellschaft'),
('9b2e53f9-6d7b-4f8a-8a2f-eb396103fe34', '013dde4e-5b32-413b-9775-225fa64ce3d9', 'KALTAKQUISE', 'ACTIVE', 0, 'Funktion: Geschäftsführer/in (CEO) | Mitarbeiter: 51 bis 100 | Branche: Lebensmittelverarbeitung / Online Shops / Restaurants | Rechtsform: Aktiengesellschaft'),
('1920a301-3490-4f8c-8901-cc5480557a3d', '66995068-c9ab-4ca6-83d0-78b8b141e964', 'KALTAKQUISE', 'ACTIVE', 0, 'Funktion: Geschäftsführer/in (CEO) | Mitarbeiter: 51 bis 100 | Branche: Lebensmittelverarbeitung / Online Shops | Rechtsform: Aktiengesellschaft'),
('6f08c91a-57e3-4c82-9e37-0af413d59194', 'de3f20d0-c36a-4691-bc74-9054c09420c7', 'KALTAKQUISE', 'ACTIVE', 0, 'Funktion: Geschäftsführer/in (CEO) | Mitarbeiter: 1 bis 10 | Branche: Lebensmittelverarbeitung / Online Shops | Rechtsform: Aktiengesellschaft'),
('a8766b65-91dc-4771-81e9-a41a7d68cc5c', '603e03ba-cdd2-42e5-8c11-84bd940a15ef', 'KALTAKQUISE', 'ACTIVE', 0, 'Funktion: Geschäftsführer/in (CEO) | Mitarbeiter: 1 bis 10 | Branche: Lebensmittelverarbeitung | Rechtsform: Aktiengesellschaft'),
('e870f374-5a42-411d-955e-141b670b4550', 'f750ab31-18b8-4859-a4fa-5d4c2b0d29aa', 'KALTAKQUISE', 'ACTIVE', 0, 'Funktion: Geschäftsführer/in (CEO) | Mitarbeiter: 1 bis 10 | Branche: Lebensmittelverarbeitung | Rechtsform: Gesellschaft mit beschränkter Haftung'),
('7bcc73c0-87d2-4c88-b26a-e765d737288d', 'ddec21ba-fada-4aa4-bab4-35c6ad067d73', 'KALTAKQUISE', 'ACTIVE', 0, 'Funktion: Geschäftsführer/in (CEO) | Mitarbeiter: 1 bis 10 | Branche: Restaurants'),
('9ae5e476-331d-49a3-9c14-5a2af3ccf220', '2831ecc0-3687-4817-b3e1-ade6daa5d93e', 'KALTAKQUISE', 'ACTIVE', 0, 'Funktion: Geschäftsführer/in (CEO) | Mitarbeiter: 1 bis 10 | Branche: Lebensmittelverarbeitung | Rechtsform: Aktiengesellschaft'),
('7a1d762b-bda6-4309-b827-c356f15b2609', '68bf118d-8056-4b5d-bbab-e5f4099e5b22', 'KALTAKQUISE', 'ACTIVE', 0, 'Funktion: Geschäftsführer/in (CEO) | Mitarbeiter: 101 bis 500 | Branche: Lebensmittelverarbeitung / Online Shops | Rechtsform: Aktiengesellschaft'),
('fac7b4aa-6083-481e-bb4a-00dfdd4a5ee0', 'f71b973f-3132-45ca-8746-967fa61b4979', 'KALTAKQUISE', 'ACTIVE', 0, 'Funktion: Geschäftsführer/in (CEO) | Mitarbeiter: 1 bis 10 | Branche: Treuhandbüros / Unternehmensberater / Immobilienverwaltung / Immobilienvermittlung | Rechtsform: Aktiengesellschaft'),
('da694a03-6bda-401f-807c-a95d835a6a1d', '288f2b3c-6d88-416a-ad34-81f670eed25c', 'KALTAKQUISE', 'ACTIVE', 0, 'Funktion: Geschäftsführer/in (CEO) | Mitarbeiter: 1 bis 10 | Branche: Versicherungsbroker & -makler'),
('d4aece74-ddaa-456a-8e0d-b1d4595699c1', '3c3f9e56-59c9-45b3-adbb-158ad1deae31', 'KALTAKQUISE', 'ACTIVE', 0, 'Funktion: Geschäftsführer/in (CEO) | Mitarbeiter: 21 bis 50 | Branche: Online Shops / Kunststoffindustrie / Metallbauer | Rechtsform: Aktiengesellschaft'),
('f4b4a5fb-9ac3-413b-a9cc-f909bc52936d', '2df57003-6353-463d-8b91-b3b6f042d40d', 'KALTAKQUISE', 'ACTIVE', 0, 'Funktion: Geschäftsführer/in (CEO) | Mitarbeiter: 21 bis 50 | Branche: Unternehmensberater / Medizintechnik-Industrie | Rechtsform: Aktiengesellschaft'),
('b384e32f-0975-4b81-836f-bc216145382c', 'f486623a-5fa2-42e5-9750-7b1d8e87a6c7', 'KALTAKQUISE', 'ACTIVE', 0, 'Funktion: Geschäftsführer/in (CEO) | Mitarbeiter: 1 bis 10 | Branche: Personalvermittler & -berater | Rechtsform: Aktiengesellschaft'),
('7010fe9c-562e-4880-890b-b9f3322b15cb', '3d93f919-59a9-4309-bfa7-1c04bd36829d', 'KALTAKQUISE', 'ACTIVE', 0, 'Funktion: Gesamtleitung/Direktion | Mitarbeiter: 1 bis 10 | Branche: Hotels'),
('c2128a79-77f6-46ba-bb72-bfd9f578f021', '1739e118-77b3-4e1a-9bef-afaef067b870', 'KALTAKQUISE', 'ACTIVE', 0, 'Funktion: Geschäftsführer/in (CEO) | Mitarbeiter: 1 bis 10 | Branche: Unternehmensberater | Rechtsform: Gesellschaft mit beschränkter Haftung'),
('40d6058b-509b-48ba-a577-422c82f31ad8', 'd458271a-ebe7-405c-883f-0e12f4ae77e2', 'KALTAKQUISE', 'ACTIVE', 0, 'Funktion: Geschäftsführer/in (CEO) | Mitarbeiter: 21 bis 50 | Branche: Unternehmensberater / Personalvermittler & -berater | Rechtsform: Aktiengesellschaft'),
('ad10ce17-4b0b-4482-bd01-621c6afb059a', 'c981e996-e773-4b59-b37e-679b37595050', 'KALTAKQUISE', 'ACTIVE', 0, 'Funktion: Geschäftsführer/in (CEO) | Mitarbeiter: 21 bis 50 | Branche: Kunststoffindustrie | Rechtsform: Aktiengesellschaft'),
('ef860006-88be-4526-bdea-a0744a781a7f', 'cfe1bc62-8406-400f-a3a9-1d03681f1042', 'KALTAKQUISE', 'ACTIVE', 0, 'Funktion: Geschäftsführer/in (CEO) | Mitarbeiter: 1 bis 10 | Branche: Werbeagenturen | Rechtsform: Gesellschaft mit beschränkter Haftung'),
('fc92d76c-4a09-4968-9610-fe8a93a74ba8', '96a2a86b-40f3-4cc8-8455-6aa6f089c5a8', 'KALTAKQUISE', 'ACTIVE', 0, 'Funktion: Geschäftsführer/in (CEO) | Mitarbeiter: 1 bis 10 | Branche: Coiffeursalons'),
('e9047ab2-ce7c-419a-9672-b95d5d28a740', 'bdd5309e-d1e8-41a9-a0fe-e083db7b83c5', 'KALTAKQUISE', 'ACTIVE', 0, 'Funktion: Geschäftsführer/in (CEO) | Mitarbeiter: 1 bis 10 | Branche: Logistik- & Transportunternehmen | Rechtsform: Gesellschaft mit beschränkter Haftung'),
('63cdad68-9c5c-485d-9f54-7b31273ae6e2', 'c7b878cc-9368-42cb-900a-989405db6cbc', 'KALTAKQUISE', 'ACTIVE', 0, 'Funktion: Geschäftsführer/in (CEO) | Mitarbeiter: 1 bis 10 | Branche: Werbeagenturen | Rechtsform: Aktiengesellschaft'),
('1948ae0d-a54d-4d35-b460-68e3990319cd', '7a60ef00-7983-4fc3-aeba-9460ac2be221', 'KALTAKQUISE', 'ACTIVE', 0, 'Funktion: Geschäftsführer/in (CEO) | Mitarbeiter: 1 bis 10 | Branche: Unternehmensberater'),
('c8fb7f21-b23f-4d3f-bc32-0fd0c149e486', '5441354d-a3c2-4aed-9e65-bd01dde721c6', 'KALTAKQUISE', 'ACTIVE', 0, 'Funktion: Geschäftsführer/in (CEO) | Mitarbeiter: 11 bis 20 | Branche: Elektroindustrie | Rechtsform: Aktiengesellschaft'),
('432eeaee-eec5-41c5-8ee4-f00891dd67eb', '55f156df-7b13-47bc-9c38-e0119870973f', 'KALTAKQUISE', 'ACTIVE', 0, 'Funktion: Geschäftsführer/in (CEO) | Mitarbeiter: 1 bis 10 | Branche: Textil- & Möbelindustrie | Rechtsform: Einzelunternehmen'),
('f3045ce9-36a3-4bbb-a5b4-4c22681bddea', '459fdb8c-6158-42a8-a1af-d1c3348d1a7c', 'KALTAKQUISE', 'ACTIVE', 0, 'Funktion: Geschäftsführer/in (CEO) | Mitarbeiter: 1 bis 10 | Branche: Atem- Meditation- & Yogacenter'),
('50a99364-4274-4a65-a836-dd12762b1f86', '5cbca3e6-e3e6-41cb-9170-5eaa16fb94b1', 'KALTAKQUISE', 'ACTIVE', 0, 'Funktion: Geschäftsführer/in (CEO) | Mitarbeiter: 21 bis 50 | Branche: Metallbauer | Rechtsform: Aktiengesellschaft'),
('61509098-0227-4eb2-9929-f63025ca9c48', '88fa4a31-28c4-4aac-82bb-cc0cbc2247de', 'KALTAKQUISE', 'ACTIVE', 0, 'Funktion: Geschäftsführer/in (CEO) | Mitarbeiter: 11 bis 20 | Branche: NGO & NPO'),
('b03242ac-999a-42e4-b5ef-bee36665e7d0', '508fb428-aee2-4513-8664-1eef384f380e', 'KALTAKQUISE', 'ACTIVE', 0, 'Funktion: Geschäftsführer/in (CEO) | Mitarbeiter: 11 bis 20 | Branche: Lebensmittelverarbeitung / Online Shops | Rechtsform: Gesellschaft mit beschränkter Haftung'),
('3c72012e-ee50-4a2a-9b21-ffd7a8b9bb9f', '21194328-f0b8-47e5-a7bc-89b009e4c0c7', 'KALTAKQUISE', 'ACTIVE', 0, 'Funktion: Geschäftsführer/in (CEO) | Mitarbeiter: 21 bis 50 | Branche: Metallbauer | Rechtsform: Aktiengesellschaft'),
('66103dea-c0fb-4af9-9bef-ae4cbf5b8c2e', '8802d7b2-846b-4cd4-85e8-d62798b109e2', 'KALTAKQUISE', 'ACTIVE', 0, 'Funktion: Geschäftsführer/in (CEO) | Mitarbeiter: 1 bis 10 | Branche: Kosmetikstudios / Nachhaltigkeitsbereich | Rechtsform: Gesellschaft mit beschränkter Haftung'),
('7c037328-1210-41b5-b1f4-c3e34ff8603f', 'decaf930-bac1-47c9-80a9-f653bf0a1072', 'KALTAKQUISE', 'ACTIVE', 0, 'Funktion: Geschäftsführer/in (CEO) | Mitarbeiter: 1 bis 10 | Branche: Atem- Meditation- & Yogacenter'),
('e53b6cc1-166d-42c8-8857-8378018460fc', 'b37f62b6-97ea-4cc1-b7ed-859f41737807', 'KALTAKQUISE', 'ACTIVE', 0, 'Funktion: Geschäftsführer/in (CEO) | Mitarbeiter: 1 bis 10 | Branche: Coiffeursalons | Rechtsform: Einzelunternehmen'),
('1fc42043-4354-4bff-a658-a2890fa07527', '4f0f4c4f-c89f-4b07-876a-fea0592806e1', 'KALTAKQUISE', 'ACTIVE', 0, 'Funktion: Geschäftsführer/in (CEO) | Mitarbeiter: 1 bis 10 | Branche: Treuhandbüros | Rechtsform: Gesellschaft mit beschränkter Haftung'),
('60052c9a-1ae7-455d-ad42-b7bfb253f078', 'c07bfc4b-a2f1-4e5c-af81-d2df709c4922', 'KALTAKQUISE', 'ACTIVE', 0, 'Funktion: Geschäftsführer/in (CEO) | Mitarbeiter: 1 bis 10 | Branche: Architekturbüros | Rechtsform: Aktiengesellschaft'),
('bd3a8144-0af9-46b6-a163-c6f476370298', 'dd352b21-2891-43d4-8f6c-9bd922e3625c', 'KALTAKQUISE', 'ACTIVE', 0, 'Funktion: Geschäftsführer/in (CEO) | Mitarbeiter: 1 bis 10 | Branche: Unternehmensberater | Rechtsform: Gesellschaft mit beschränkter Haftung'),
('851f4e17-44a8-4c3e-a5bb-93a3d9685a42', '48c4805b-24cc-4d44-9faa-8e3203385ff5', 'KALTAKQUISE', 'ACTIVE', 0, 'Funktion: Geschäftsführer/in (CEO) | Mitarbeiter: 1 bis 10 | Branche: Unternehmensberater | Rechtsform: Kollektivgesellschaft'),
('ad677897-d67a-45ea-896c-39e554e6a10d', 'c394e5d6-d109-426f-ab0b-8ecaa863cc06', 'KALTAKQUISE', 'ACTIVE', 0, 'Funktion: Geschäftsführer/in (CEO) | Mitarbeiter: 1 bis 10 | Branche: Logistik- & Transportunternehmen | Rechtsform: Gesellschaft mit beschränkter Haftung'),
('2d51986a-9460-4c24-87f4-9fe58ee56c32', '391498f7-9e58-4920-ba62-08ed3667503c', 'KALTAKQUISE', 'ACTIVE', 0, 'Funktion: Geschäftsführer/in (CEO) | Mitarbeiter: 1 bis 10 | Branche: Treuhandbüros / Immobilienverwaltung / Immobilienvermittlung | Rechtsform: Aktiengesellschaft'),
('145350aa-1d19-44fb-8661-36f92f1123fa', '82278d00-62b9-407f-aaf4-167c47aa3c28', 'KALTAKQUISE', 'ACTIVE', 0, 'Funktion: Geschäftsführer/in (CEO) | Mitarbeiter: 1 bis 10 | Branche: Metallbauer | Rechtsform: Aktiengesellschaft'),
('ce7381b7-7e3d-4caf-a8ba-c31d02c52697', 'eda1dfcf-b10f-4bba-bba5-7313a324cdaa', 'KALTAKQUISE', 'ACTIVE', 0, 'Funktion: Geschäftsführer/in (CEO) | Mitarbeiter: 1 bis 10 | Branche: Lebensmittelverarbeitung | Rechtsform: Aktiengesellschaft'),
('9e5545dc-efda-4ec8-a725-b82e90b7352f', '970cddce-9ac0-4446-a72c-52a40c7fa2b1', 'KALTAKQUISE', 'ACTIVE', 0, 'Funktion: Geschäftsführer/in (CEO) | Mitarbeiter: Mehr als 500 | Branche: Elektroplanung & Installation / Online Shops | Rechtsform: Aktiengesellschaft'),
('8f0fcfe5-6c51-4ab5-9fd5-c5819a03e98d', '15309512-6a87-46a4-9e51-fcbfaa9dc0ad', 'KALTAKQUISE', 'ACTIVE', 0, 'Funktion: Geschäftsführer/in (CEO) | Mitarbeiter: 11 bis 20 | Branche: Schreinerei- & Holzbaubetriebe | Rechtsform: Aktiengesellschaft'),
('ea076ce8-3413-4d34-894f-8c81005d60a7', 'f64557ef-6908-45e7-bca4-d1e054b68dda', 'KALTAKQUISE', 'ACTIVE', 0, 'Funktion: Geschäftsführer/in (CEO) | Mitarbeiter: 11 bis 20 | Branche: Garagen | Rechtsform: Aktiengesellschaft');

INSERT INTO lead_tags (lead_id, tag_id) VALUES
('d2476656-9b3d-4298-858d-90aba611e803', 'ka-b2b'),
('a8000ade-5944-46cb-ab62-0da788b6768d', 'ka-b2b'),
('ca47a419-b67e-451d-87a1-4cebfb29a1e6', 'ka-b2b'),
('7e3f1db9-8c35-4467-9a50-b8ed38e4e635', 'ka-b2b'),
('6f3a004b-0ea4-4700-9041-b7f0e87fd597', 'ka-b2b'),
('ab2cbc5c-fc6e-4070-806c-7f9a6ebed5d2', 'ka-b2b'),
('9dee3d6c-121c-441f-ac5b-ac9dfa3b0b40', 'ka-b2b'),
('b810aaa6-b50a-4706-a0cd-42b3100539fb', 'ka-b2b'),
('8a9ff284-156b-41d7-96b7-42bc346f1f14', 'ka-b2b'),
('df65a1f5-cfb7-493c-91da-5948fa216c06', 'ka-b2b'),
('54ac8196-4063-41e5-8906-41dba4543c8f', 'ka-b2b'),
('7fa246a2-c65a-4998-91ee-e83a77672932', 'ka-b2b'),
('2e838a66-5fee-4efa-93ab-de54ee9187f9', 'ka-b2b'),
('9b1215aa-2023-45d6-9c5b-db742ecd097b', 'ka-b2b'),
('7ac6c4cb-12ae-4212-820a-ffa0f7b1afd2', 'ka-b2b'),
('c16f4257-2321-4f9c-91e2-718d36f1af95', 'ka-b2b'),
('458e4a2b-a9a6-499d-ab48-6f9aed3152fe', 'ka-b2b'),
('b9d04269-5085-460f-a774-986e9541d9a4', 'ka-b2b'),
('4b651154-3fe9-4daa-8bb6-487eec6b1b4a', 'ka-b2b'),
('976c26e3-7057-4174-a5b0-dc1cd37e26ed', 'ka-b2b'),
('d633c8a1-c2d0-4614-ab4b-211b19ad677c', 'ka-b2b'),
('58cd9810-3aae-44f7-a3a2-9d155015ffa7', 'ka-b2b'),
('05cf6979-e29f-4144-a286-14a22b513f5b', 'ka-b2b'),
('530ac31b-3561-4151-bf06-89a5b7b4785d', 'ka-b2b'),
('eefea470-4e71-40da-87ef-738097190435', 'ka-b2b'),
('5b02d1d1-ec47-40c5-944b-16011b573137', 'ka-b2b'),
('9df20eb7-adfd-42b5-ad02-d102f762730c', 'ka-b2b'),
('747f46d3-b9ee-4b9e-8f2a-5e0d8edc4116', 'ka-b2b'),
('99a8cdee-d3b0-48cb-8437-5170cf767be0', 'ka-b2b'),
('8f7ca648-131d-40cf-9ca6-c6ab95f525f3', 'ka-b2b'),
('01279b02-346e-4822-850c-e80456bfa379', 'ka-b2b'),
('bb73d73f-6408-4b04-9a05-af17806370e8', 'ka-b2b'),
('d12b006b-274b-429a-a7cd-b2e131a6e1a9', 'ka-b2b'),
('1ef2a512-c440-432e-9e88-c7c5b2225093', 'ka-b2b'),
('32a422d0-03d8-44b7-9a81-ff8d70629b78', 'ka-b2b'),
('94864bbb-4e3c-4013-bd96-cc31f90a0809', 'ka-b2b'),
('a5c5d7f8-b01d-46a1-9bcf-7654641acb8e', 'ka-b2b'),
('1fcc7deb-296e-4726-a2d4-4732d4f66044', 'ka-b2b'),
('8ed11df8-82c9-40f8-bf18-6abffcf97911', 'ka-b2b'),
('62286b88-9fe0-4628-a293-178255e68098', 'ka-b2b'),
('6a634212-fd35-4856-873e-c3d2c46f90e4', 'ka-b2b'),
('abb1e451-da2b-496a-b958-bc025b0f8957', 'ka-b2b'),
('f155416b-2517-4502-a8b7-ab4945362085', 'ka-b2b'),
('6108fa6c-7de0-4087-b92f-5eeda3a58260', 'ka-b2b'),
('974865f8-0a90-4ea6-a272-cde3d3cdf2e6', 'ka-b2b'),
('b904daf8-2d26-4e0f-b125-91aeca1474f7', 'ka-b2b'),
('16aa25b6-a0c8-4a1d-ad75-f31ecd9dde77', 'ka-b2b'),
('951afde1-8e71-4758-aa32-57222ce57719', 'ka-b2b'),
('7ffc383b-2e80-4d30-b40b-0bea42f6f335', 'ka-b2b'),
('2dc3c01f-3127-4418-af65-172045f53e0a', 'ka-b2b'),
('d56e8b27-7986-4c0e-9b9d-32be5cec9a68', 'ka-b2b'),
('64444f37-66af-4495-8513-f55ca57fb486', 'ka-b2b'),
('43b38498-2b4b-4e50-9370-2e9c59a62a0d', 'ka-b2b'),
('57e16898-5c78-452f-9411-8e6452c4fb00', 'ka-b2b'),
('7596dae1-56da-4761-8b1a-c7b54f8de0d6', 'ka-b2b'),
('096a9f6a-ae5b-46a3-a583-56a7c3b51775', 'ka-b2b'),
('9e2e8d8a-9beb-48a2-83cd-379dd527a162', 'ka-b2b'),
('fe76ca15-5b93-4b44-a4ea-bd8905b5d651', 'ka-b2b'),
('46956ea9-c1a7-4e61-966a-6b733120af89', 'ka-b2b'),
('64fd2230-5f1b-43cc-a9bb-78715a05ef60', 'ka-b2b'),
('274d9597-809d-41fd-9726-678751cda5d3', 'ka-b2b'),
('c43afd80-0366-42a4-86e8-90a58da968a2', 'ka-b2b'),
('a008b450-2651-4ab1-b0c5-c5ea963a60ee', 'ka-b2b'),
('a61cd284-97b3-40da-9540-81f675d08658', 'ka-b2b'),
('06e93f0a-86b3-4e71-9f85-f10977074c2f', 'ka-b2b'),
('d9f9a19d-f32c-4ef0-8b9f-8f987400899a', 'ka-b2b'),
('721993c2-e8dc-4eff-b198-825b967913fd', 'ka-b2b'),
('944e5e34-3d7d-4074-86bd-75578dda8335', 'ka-b2b'),
('58e3eaf0-e248-42a4-a8b3-8f0f1c4d28ac', 'ka-b2b'),
('1e16056b-3b12-42d6-8eef-460b1c6ae946', 'ka-b2b'),
('b6e8fa83-2111-4250-8239-c2cd48d5798b', 'ka-b2b'),
('5962a025-61df-4fe7-b833-333820cf4807', 'ka-b2b'),
('1ad991e2-57d6-44f8-801b-5eb1eb72d0cb', 'ka-b2b'),
('db2876b2-1176-4788-af89-b10f4ce7f681', 'ka-b2b'),
('759f289f-4a58-4bbf-8adb-5681caa345a1', 'ka-b2b'),
('6af3ca31-a4a8-45be-b6f9-fc3b603b2c15', 'ka-b2b'),
('a4de7a2d-8375-4e19-81ad-2d8088d0a6aa', 'ka-b2b'),
('32139643-5a82-4eae-a8e1-8b906130cc50', 'ka-b2b'),
('46faa3ed-b13b-42b3-977a-daf015574851', 'ka-b2b'),
('8028efbb-2d32-419e-8254-d7b14eee889b', 'ka-b2b'),
('c4d74fe4-0a8a-4ef9-ab8e-177dd6d3c685', 'ka-b2b'),
('7f5da30b-7945-459a-8605-aa8d4911eb34', 'ka-b2b'),
('b86c892e-8212-4091-8ca7-aa9ed4447996', 'ka-b2b'),
('d24d2ba7-0d08-4d62-a8df-9e703eaec50b', 'ka-b2b'),
('4b66e9e0-c32f-4a5d-8b93-8511ff0e40db', 'ka-b2b'),
('14ed8605-bdde-4de3-8e1e-3d1c8da39d42', 'ka-b2b'),
('4b931439-be7c-48c6-bd25-7e5c09a0d78e', 'ka-b2b'),
('96644b38-d6bd-40ea-b681-17e412051cf5', 'ka-b2b'),
('79bde9ce-a00a-4473-8646-6d202ee62627', 'ka-b2b'),
('ca428a47-d62e-462c-b438-474c3a4376c5', 'ka-b2b'),
('1618b615-63a1-451a-864f-8cb0d0d9d805', 'ka-b2b'),
('5aeba7aa-bd72-4cd4-8599-aa4d2422dc8e', 'ka-b2b'),
('b9d2e17a-81d1-4343-9aba-161d87209ad6', 'ka-b2b'),
('fa61f6d1-3d98-4af3-8e14-99c67962aaa7', 'ka-b2b'),
('14700417-77dc-4c44-b8aa-3106cf337941', 'ka-b2b'),
('16b6f692-e919-4b15-a99c-31d5f48f321e', 'ka-b2b'),
('d901c5d2-208c-46cf-b1ba-1a75b217e601', 'ka-b2b'),
('fd04ccf7-21dd-4e47-815f-7f1e8e83c77a', 'ka-b2b'),
('56e87f40-fafb-4cb9-b146-408954645bc5', 'ka-b2b'),
('fdb15058-5491-45d1-acd5-822e84f57264', 'ka-b2b'),
('983a5349-487a-4ef7-8078-a8625960c15b', 'ka-b2b'),
('da60b9a2-b589-4013-93b8-ef4e42f9ddb8', 'ka-b2b'),
('852fbbd3-c176-4cc3-9392-c962fdfb354f', 'ka-b2b'),
('d0f37ca1-1837-411d-8e12-59231ece401b', 'ka-b2b'),
('2a55a21e-b3ba-4850-92fd-46da84d1ee9f', 'ka-b2b'),
('aec15eb9-7d85-49e7-981b-2665b2671977', 'ka-b2b'),
('94c75c65-0435-4ad4-997f-372d0bf9a2e3', 'ka-b2b'),
('af98e305-e48f-4e01-9716-0cccff115d00', 'ka-b2b'),
('13039e15-16a1-45cd-89de-e69f9fc991d2', 'ka-b2b'),
('23afac74-fc07-4c16-9a2d-ab6e399abd1b', 'ka-b2b'),
('6402dee6-2bd4-4729-aaaa-1ebeabb58e42', 'ka-b2b'),
('017624ef-3c89-4c80-9615-361c4a5ed5cc', 'ka-b2b'),
('5203aa06-7870-4980-be43-06d9408bca9c', 'ka-b2b'),
('90dd17b6-0c1b-4d02-ba72-413f8f0379d1', 'ka-b2b'),
('e03166a7-ef92-48c0-81e0-86dadb65411a', 'ka-b2b'),
('a7bac8b6-d87d-44c1-bdf6-a6288ccc44ae', 'ka-b2b'),
('d9e52860-65cf-4a52-a332-2f7cb3cd8bf4', 'ka-b2b'),
('313474fe-06b1-42df-9d96-25a742115249', 'ka-b2b'),
('711189eb-f16a-44d2-b83e-1b293007dee0', 'ka-b2b'),
('02a51f0d-5bce-41ce-a1ed-8b688093a6e6', 'ka-b2b'),
('42365579-f53c-4220-b637-84844ff5dade', 'ka-b2b'),
('f034047a-9fe3-40cd-b9b6-12e4acafbe59', 'ka-b2b'),
('e31d8b2d-49ef-4cc3-b892-5c1ff873a918', 'ka-b2b'),
('5859d72c-58d2-4a6f-b19d-dd5053dc1db3', 'ka-b2b'),
('d3b36b98-afba-4124-9f42-3f42e6dbe275', 'ka-b2b'),
('3003d0b3-8138-4519-b88d-f8afc62909fa', 'ka-b2b'),
('791db3f5-04e2-4afb-aaf9-9735052f49b8', 'ka-b2b'),
('94e1ae73-0ecf-4173-a73e-838aa0946cd7', 'ka-b2b'),
('4ab953f4-717b-473c-aff3-fb4ec7625fe5', 'ka-b2b'),
('ce89a105-31f1-49f3-9f86-a28410679844', 'ka-b2b'),
('58a017c6-717a-443a-be4b-306195112427', 'ka-b2b'),
('ca7c5e4a-d48f-44dd-83ff-8946597289f0', 'ka-b2b'),
('786f0a6a-6545-48f1-8398-ae0321a8c223', 'ka-b2b'),
('6f9bd342-8be5-4585-ae6d-b73b86ec974e', 'ka-b2b'),
('25f0531c-2e0d-4d9e-87a5-7173c3739061', 'ka-b2b'),
('bc821ca8-51d4-491e-83b3-e5e391578a26', 'ka-b2b'),
('9c437163-7f78-43f3-82d5-f17a38ca46b2', 'ka-b2b'),
('e78b5782-fb53-44d5-ad8e-2e56d2571a87', 'ka-b2b'),
('887cfa60-7e63-49a2-8556-76a6d0049e76', 'ka-b2b'),
('a7ffc858-809a-4e93-8e71-245e96d316ee', 'ka-b2b'),
('5999408f-7d9d-4856-9e7e-d166841d260c', 'ka-b2b'),
('06d7f338-28f3-45cf-9108-e2937d86bd8d', 'ka-b2b'),
('147e5c2c-e999-4e79-87fb-4a50a8e1d9a0', 'ka-b2b'),
('f32c3752-3a61-402f-bff8-4eb881998b57', 'ka-b2b'),
('b76cd86e-699d-47f5-b98b-f195ce4d34f2', 'ka-b2b'),
('a7376985-0be7-4c71-b780-ef27c234258a', 'ka-b2b'),
('7c3b53ef-55fd-4460-9fd0-17d1e1c3db88', 'ka-b2b'),
('ed7cd3d0-7df9-4ff8-aeea-a2adf9ee9515', 'ka-b2b'),
('9a70cf6b-edba-4d57-af4f-c591068d44fe', 'ka-b2b'),
('8ab1f284-d186-4aea-abfa-814d526e77a0', 'ka-b2b'),
('fa854027-86b0-4f44-95b1-6399d75c30e3', 'ka-b2b'),
('c7f9edb6-392f-4c01-a9a6-f39726eb5795', 'ka-b2b'),
('130966df-c96a-4a4e-95f6-3b49f9aa3df6', 'ka-b2b'),
('4c4ab8c4-60a9-4c6f-9dfe-9c4ba3d5e7ac', 'ka-b2b'),
('b99ae0b3-556f-4cab-8a8a-f6afd4fa3da2', 'ka-b2b'),
('ccb12de5-27da-4bea-9dd1-a64172c643df', 'ka-b2b'),
('ae65619a-5a78-4924-b4f2-5c2c5b0254c6', 'ka-b2b'),
('9b2e53f9-6d7b-4f8a-8a2f-eb396103fe34', 'ka-b2b'),
('1920a301-3490-4f8c-8901-cc5480557a3d', 'ka-b2b'),
('6f08c91a-57e3-4c82-9e37-0af413d59194', 'ka-b2b'),
('a8766b65-91dc-4771-81e9-a41a7d68cc5c', 'ka-b2b'),
('e870f374-5a42-411d-955e-141b670b4550', 'ka-b2b'),
('7bcc73c0-87d2-4c88-b26a-e765d737288d', 'ka-b2b'),
('9ae5e476-331d-49a3-9c14-5a2af3ccf220', 'ka-b2b'),
('7a1d762b-bda6-4309-b827-c356f15b2609', 'ka-b2b'),
('fac7b4aa-6083-481e-bb4a-00dfdd4a5ee0', 'ka-b2b'),
('da694a03-6bda-401f-807c-a95d835a6a1d', 'ka-b2b'),
('d4aece74-ddaa-456a-8e0d-b1d4595699c1', 'ka-b2b'),
('f4b4a5fb-9ac3-413b-a9cc-f909bc52936d', 'ka-b2b'),
('b384e32f-0975-4b81-836f-bc216145382c', 'ka-b2b'),
('7010fe9c-562e-4880-890b-b9f3322b15cb', 'ka-b2b'),
('c2128a79-77f6-46ba-bb72-bfd9f578f021', 'ka-b2b'),
('40d6058b-509b-48ba-a577-422c82f31ad8', 'ka-b2b'),
('ad10ce17-4b0b-4482-bd01-621c6afb059a', 'ka-b2b'),
('ef860006-88be-4526-bdea-a0744a781a7f', 'ka-b2b'),
('fc92d76c-4a09-4968-9610-fe8a93a74ba8', 'ka-b2b'),
('e9047ab2-ce7c-419a-9672-b95d5d28a740', 'ka-b2b'),
('63cdad68-9c5c-485d-9f54-7b31273ae6e2', 'ka-b2b'),
('1948ae0d-a54d-4d35-b460-68e3990319cd', 'ka-b2b'),
('c8fb7f21-b23f-4d3f-bc32-0fd0c149e486', 'ka-b2b'),
('432eeaee-eec5-41c5-8ee4-f00891dd67eb', 'ka-b2b'),
('f3045ce9-36a3-4bbb-a5b4-4c22681bddea', 'ka-b2b'),
('50a99364-4274-4a65-a836-dd12762b1f86', 'ka-b2b'),
('61509098-0227-4eb2-9929-f63025ca9c48', 'ka-b2b'),
('b03242ac-999a-42e4-b5ef-bee36665e7d0', 'ka-b2b'),
('3c72012e-ee50-4a2a-9b21-ffd7a8b9bb9f', 'ka-b2b'),
('66103dea-c0fb-4af9-9bef-ae4cbf5b8c2e', 'ka-b2b'),
('7c037328-1210-41b5-b1f4-c3e34ff8603f', 'ka-b2b'),
('e53b6cc1-166d-42c8-8857-8378018460fc', 'ka-b2b'),
('1fc42043-4354-4bff-a658-a2890fa07527', 'ka-b2b'),
('60052c9a-1ae7-455d-ad42-b7bfb253f078', 'ka-b2b'),
('bd3a8144-0af9-46b6-a163-c6f476370298', 'ka-b2b'),
('851f4e17-44a8-4c3e-a5bb-93a3d9685a42', 'ka-b2b'),
('ad677897-d67a-45ea-896c-39e554e6a10d', 'ka-b2b'),
('2d51986a-9460-4c24-87f4-9fe58ee56c32', 'ka-b2b'),
('145350aa-1d19-44fb-8661-36f92f1123fa', 'ka-b2b'),
('ce7381b7-7e3d-4caf-a8ba-c31d02c52697', 'ka-b2b'),
('9e5545dc-efda-4ec8-a725-b82e90b7352f', 'ka-b2b'),
('8f0fcfe5-6c51-4ab5-9fd5-c5819a03e98d', 'ka-b2b'),
('ea076ce8-3413-4d34-894f-8c81005d60a7', 'ka-b2b');
