-- Batch 89 (200 records)
INSERT INTO contacts (id, first_name, last_name, email, phone, company, address) VALUES
('2ba77e74-509b-446a-a04b-29034d7c4af7', 'Silvia', 'Crivelli', 'apotheke.letzipark@coop-vitality.ch', '058 878 83 60', 'Coop Vitality Zürich Letzipark', 'Baslerstrasse 50, 8048 Zürich, Zürich'),
('05606109-adef-49c8-aef7-8b8735d1bece', 'Sabina Joanna', 'Rybka', 'apotheke.sihlcity@coop-vitality.ch', '058 878 82 20', 'Coop Vitality Zürich Sihl-City', 'Kalanderplatz 1, 8045 Zürich, Zürich'),
('170d029e-64ee-40f7-a955-31d712aaa0a0', 'Aleksander', 'Kolodziejczyk', 'apotheke.wiedikon@coop-vitality.ch', '058 878 83 80', 'Coop Vitality Zürich-Wiedikon', 'Birmensdorferstrasse 200, 8003 Zürich, Zürich'),
('2745d961-1d1c-4b70-8593-5a8bd26a751c', 'André', 'Schmidt', 'info@coopera.ch', '031 922 28 22', 'CoOpera Sammelstiftung PUK', 'Galgenfeldweg 16, 3006 Bern, Bern'),
('b3473e39-bc87-44a6-8d2d-7ef52fa5192e', 'Nicole', 'Stejskal', 'stejskal@co-operaid.ch', '044 363 57 87', 'CO-OPERAID', 'Kornhausstrasse 49, 8042 Zürich, Zürich'),
('f02ff694-2df3-4bc0-8674-4f293bcde345', 'Heinrich', 'Degelo', 'h.degelo@degelo.net', '061 317 40 50', 'Coopérative d''ateliers', 'Signalstrasse 41, 4058 Basel, Basel-Stadt'),
('0df137a6-986d-44cf-ab81-8235170d3e85', 'Christian', 'Biedermann', 'christian.biedermann@coopers.ch', '041 632 43 55', 'Coopers Group AG', 'Seestrasse 72b, 6052 Hergiswil, Nidwalden'),
('1d22d94c-477f-49e8-8889-b371d7560cc6', 'Yves', 'Schneuwly', 'info.ch@coople.com', '044 554 50 00', 'Coople (Schweiz) AG', 'Albisriederstrasse 253, 8047 Zürich, Zürich'),
('53a51332-a61a-42ff-bad5-aa2265a78e19', 'Silvan', 'Grütter', 'coopzeitung@coop.ch', '0800 400 400', 'Coopzeitung', '4002 Basel, Basel-Stadt'),
('ad1a7eac-3e9b-4494-889c-378e14816639', 'Marcel', 'Blum', 'blum@coora.ch', '062 923 29 23', 'coora Architektur AG', 'Schorenstrasse 25b, 4900 Langenthal, Bern'),
('34afd9cf-fb13-4294-a722-2286cb463e3c', 'Andreas', 'Schrepfer', 'a.schrepfer@coag.ch', '052 213 07 66', 'Coordinator Verwaltungs-AG', 'Merkurstrasse 25, 8400 Winterthur, Zürich'),
('ce4cd1bc-cd4e-48bb-953e-159e3fb2c349', 'Cristina', 'Bodmer', 'copacabanabeauty52@gmail.com', '079 916 91 20', 'Copacabana Beauty', 'Höschgasse 52, 8008 Zürich, Zürich'),
('743ac01b-660f-45f5-9e84-80357fe11d7f', 'Patrice', 'Bachmann', 'info@copain-brot.ch', 'N.a.', 'Copain GmbH', 'Viktoriastrasse 70a, 3013 Bern, Bern'),
('3e22beaf-edf0-48a2-b545-e99ea867a1ff', 'Mathieu', 'Jaus', 'mathieu.jaus@copartner.ch', '061 270 21 21', 'Copartner Revision AG', 'St. Alban-Anlage 46, 4010 Basel, Basel-Stadt'),
('c47563a7-c5c9-43c1-beb3-8adbf75a2bba', 'Ulrich', 'Bartel', 'info@coperion.com', '062 885 71 71', 'Coperion K-Tron (Schweiz) GmbH', 'Lenzhardweg 43/45, 5702 Niederlenz, Aargau'),
('6537e026-132b-4d64-b1f0-638bba586970', 'Martin', 'Schär', 'martin.schaer@copia.ch', '078 614 32 00', 'COPIA CONSULT GmbH', 'Papiermühleweg 3a, 7302 Landquart, Graubünden'),
('2c8f525d-440e-460c-bfee-e14ca9a4c084', 'René', 'Rüttimann', 'info@coplax.ch', '041 766 83 30', 'Coplax AG', 'Tramweg 35, 6414 Oberarth, Schwyz'),
('17c32f2b-746f-4ecb-96fe-41c54e55371e', 'Roger', 'Welti', 'info@coplax-verpackungen.ch', '041 766 83 50', 'Coplax Verpackungen AG', 'Chollerstrasse 37, 6300 Zug, Zug'),
('d91a220b-a4b8-4689-99e8-91b261d4a72c', 'Anton', 'Lanzinger', 'sales@copol.ch', '071 422 65 31', 'COPOL OTOPROTHETIK AG', 'Amriswilerstrasse 2a, 9220 Bischofszell, Thurgau'),
('998bd1cf-11b2-473a-98a6-248f9cace5db', 'Peter', 'Hofmann', 'hello@copper.co', '041 562 06 66', 'Copper Markets (Switzerland) AG', 'Gubelstrasse 24, 6300 Zug, Zug'),
('0068e665-4c45-4e6e-9c24-e099b60fe563', 'René', 'Peyer', 'coppertrail@coppertrail.ch', '041 508 20 30', 'COPPERTRAIL AG', 'Dammstrasse 19, 6300 Zug, Zug'),
('16f1919a-903d-4145-8426-b1f84870248f', 'Pascal', 'Wohlwender', 'info@copro.ch', '071 414 42 30', 'Copro Comestible Produktions AG', 'Sommeristrasse 37a, 8580 Amriswil, Thurgau'),
('ee2f0fb5-78f8-4911-a2c9-b41fa90afa09', 'Oliver', 'Gilomen', 'info@studyprint.ch', '052 212 23 00', 'Copy Print Gilomen GmbH', 'Bosshardengässchen 1, 8400 Winterthur, Zürich'),
('cb8358f9-03e4-4eac-9bb7-62dab0d4b78b', 'Pascal', 'Keller', 'info@copy-quick.ch', '044 463 38 88', 'Copy Quick Digital AG', 'Birmensdorferstrasse 155, 8003 Zürich, Zürich'),
('4242c2b7-f16a-4b10-9167-689354c97dec', 'Ruben', 'Blaser', 'info@copy-weber.ch', '043 322 40 90', 'Copy Weber AG', 'Oberdorfstrasse 30, 8953 Dietikon, Zürich'),
('3081afdf-fbb3-4a18-b99a-6990e52ddc90', 'Hanspeter', 'Hafner', 'hafner@cor-management.ch', '071 649 22 46', 'COR Managementsysteme GmbH', 'Fabrikstrasse 1, 8586 Erlen, Thurgau'),
('025ee24f-db26-4b1c-8981-328ebe9ecfc3', 'Peter', 'Cordani', 'info@cor-one.ch', 'N.a.', 'COR One AG', 'Sandeggstrasse 6, 6015 Luzern, Luzern'),
('3f7510d9-e7f7-4e9e-9bb1-301c0c03cbc4', 'Corinne', 'Hürzeler', 'info@coramedic.ch', '044 251 86 86', 'Coramedic Corinne Hürzeler', 'Rennweg 30, 8001 Zürich, Zürich'),
('0799154c-64b8-47cb-843d-18dfb3a1e9d7', 'Jan', 'Lehmann', 'info@corasin.ch', '062 544 34 84', 'Corasin Technologies GmbH', 'Obermattweg 1, 5032 Aarau Rohr, Aargau'),
('b7b6983b-03cc-4ae0-afd7-2d4236395b2f', 'Maurus', 'Coray', 'mail@coray-architektur.ch', '032 322 30 10', 'Coray Architektur GmbH', 'Gurzelenstrasse 5, 2502 Biel/Bienne, Bern'),
('e8a98aac-b42d-4215-94fc-3fbdbd5c32da', 'Roman', 'Coray', 'info@coraybaulaax.ch', '079 395 45 47', 'Coray Bau Laax AG', 'Via Lieptgas 20, 7031 Laax, Graubünden'),
('e8134aec-9ab2-41a9-903d-c3e58b38db07', 'Sonja', 'Coray-Capaul', 'sonja.coray@coraycapaul.ch', '081 936 46 46', 'Coray Capaul architectura e habitar GmbH', 'Via Lucmagn 4, 7180 Disentis/Mustér, Graubünden'),
('76d31d57-9fa5-4f6a-b557-db264aee03a2', 'Felix', 'Coray', 'coray-architekt@bluewin.ch', '081 302 23 42', 'Coray Felix AG', 'Seestrasse 15, 7310 Bad Ragaz, St. Gallen'),
('131fe5db-780d-4778-8e70-9c628abfecd6', 'Markus', 'Coray', 'info@corayholzbau.ch', '081 920 02 02', 'Coray Holzbau AG', '7130 Ilanz, Graubünden'),
('74cfd05b-9a94-4bc9-8c3b-5261a3490834', 'Jacqueline', 'Spoerlé', 'info@corazontattoo.ch', '041 410 00 40', 'Corazon Tattoo', 'Museggstrasse 4, 6004 Luzern, Luzern'),
('42efe7d6-5654-453f-9cde-aac324b36489', 'Corrado', 'Sarno', 'corbesa@bluewin.ch', 'N.a.', 'Corbesa Plattengeschäft GmbH', 'Kirchstrasse 11, 9506 Lommis, Thurgau'),
('69d31c19-7b6c-4a4d-a215-2f6a448f1d46', 'Cristian', 'Cordett', 'cordett@bluewin.ch', '081 854 13 63', 'Cordett AG', 'Serlas 376, 7525 S-chanf, Graubünden'),
('97943f09-02b4-4e49-8557-bf95990fa7c2', 'Markus', 'Bösch', 'info@cordial.ch', '044 211 05 05', 'Cordial Treuhand AG', 'Riedhofstrasse 378, 8049 Zürich, Zürich'),
('69debe47-1d08-4abf-a65c-d533afdb88c7', 'Balz', 'Bigler', 'cordina.personal@cordina.ch', '061 281 55 81', 'Cordina Personal AG', 'Falkensteinerstrasse 62, 4053 Basel, Basel-Stadt'),
('7f6fa46e-1b94-4d9b-b6b2-891deeaea1e9', 'Reto', 'Jakob', 'r.jakob@cordis-baumanagement.ch', '077 265 53 62', 'Cordis Baumanagement GmbH', 'Neue Winterthurerstrasse 36, 8304 Wallisellen, Zürich'),
('decea6e4-21db-49a3-aa75-c0e6742accf2', 'Abdel', 'Chariak', 'info@cordulaclub.ch', '056 558 87 14', 'Cordula Club Baden', 'Cordulaplatz 1, 5400 Baden, Aargau'),
('714cbb8d-a94b-42ea-957e-02e92ef4b450', 'Cordula', 'Ehle-Felder', 'ehle@bluewin.ch', '079 275 47 16', 'Cordula Ehle-Felder Atemtherapie', 'Marktgasse 3, 9000 St. Gallen, St. Gallen'),
('02c29465-62a0-45db-bbf4-064f26565fd8', 'Erich', 'Baumgartner', 'contact@core-strategy.ch', '044 390 45 10', 'Core AG Strategy Works.', 'Buchenrain 32, 8704 Herrliberg, Zürich'),
('23ef5bec-4d7a-4479-8205-3f999c2c5a05', 'Darko', 'Ranogajec', 'info@core-immo.ch', '058 270 07 07', 'Core Immobilien AG Beratung, Vermittlung, Verkauf', 'Felsenstrasse 15, 8832 Wollerau, Schwyz'),
('ffcb409d-d02e-4290-b364-7dd96fd0615e', 'Markus', 'Jungo', 'mju@core-partner.ch', '026 347 28 88', 'CORE Partner AG', 'Chännelmattstrasse 9, 3186 Düdingen, Fribourg/Freiburg'),
('45681865-e17e-4727-8882-f0b9c0f11ef7', 'Martin', 'Gyger', 'mgy@core-partner.ch', '031 329 20 33', 'CORE Treuhand AG', 'Eigerstrasse 60, 3000 Bern, Bern'),
('12d66255-a196-4dff-955f-5211e8fd78d5', 'Christian', 'Henke', 'info@corecam.ch', '044 533 55 55', 'Corecam AG', 'Tödistrasse 5, 8002 Zürich, Zürich'),
('ab7b7b82-d6df-43a8-92bb-b88b68cb330c', 'Christian', 'Egli', 'info@coreda-bau.ch', '071 966 37 62', 'Coreda Bau GmbH', 'Scheibenackerstrasse 16, 9000 St. Gallen, St. Gallen'),
('936a56ec-7aa9-4ea9-a909-6042a8b64a28', 'Jung Hye', 'Kim', 'hello@coree.ch', '078 600 59 41', 'Coree GmbH', 'Seestrasse 258, 8810 Horgen, Zürich'),
('da80aedd-fb19-44ac-8405-53a56c5afa84', 'Gregor', 'Bucher', 'contact@corelaio.com', '076 680 39 59', 'Corelaio GmbH', 'Riedenmatt 4, 6370 Stans, Nidwalden'),
('2b3a4cc8-cac8-40c2-b754-be41f176f79a', 'Markus', 'Brechbühl', 'markus.brechbuehl@corenta.ch', '044 824 55 61', 'Corenta AG', 'Im Schörli 3, 8600 Dübendorf, Zürich'),
('5166ab9d-837c-44a8-bda2-23578fdf6f6f', 'Yvonne', 'Rosenberg', 'info@core-power.ch', '062 822 69 69', 'Corepower', 'Entfelderstrasse 4, 5000 Aarau, Aargau'),
('67de7c68-e6db-49a9-94ba-3c38646cb99b', 'Milan', 'Bartik', 'mbartik@corestarpartners.com', '079 949 42 76', 'Corestar Partners GmbH', 'Kirchgasse 13, 6490 Andermatt, Uri'),
('209485df-ac0a-4dd3-ad88-8dd5bf8b8555', 'Jens', 'Pongratz', 'contact@corestone.ch', '041 726 85 85', 'Corestone Investment Managers AG', 'Baarerstrasse 10, 6300 Zug, Zug'),
('b199d7b2-3150-4a4b-9912-47d06f44df2c', 'Paul', 'Coret', 'info@physio-coret.ch', '056 622 93 30', 'Coret Fit & Physio', 'Postplatz 4, 5610 Wohlen, Aargau'),
('e71b3b86-256a-4c04-bdde-9ac1b4c368e1', 'Markwin', 'Maring', 'info@coretag.ch', 'N.a.', 'CORETAG Holding AG', 'Malzgasse 18, 4052 Basel, Basel-Stadt'),
('8801dde0-519a-40d2-8070-c2df3a287621', 'Paul', 'Mead', 'contact@corflow.ch', '041 399 18 00', 'CorFlow Therapeutics AG', 'Neuhofstrasse 3d, 6340 Baar, Zug'),
('45799750-c051-46d4-becd-aa4c58a2ba50', 'Joachim', 'Breining', 'info@cori-design.ch', '052 644 50 20', 'Cori-Design AG', 'Mühlentalstrasse 369, 8200 Schaffhausen, Schaffhausen'),
('ca4f6611-6760-4735-aa60-30924af2a9b7', 'Corina', 'Alchenberger', 'info@alchenberger.ch', '031 301 30 28', 'Corina Alchenberger-Office Zone', 'Länggassstrasse 8, 3012 Bern, Bern'),
('becd2095-4fb1-4f9a-ad6f-725752f04651', 'Corina', 'Kann', 'hallo@corinakann.ch', '076 569 14 53', 'Corina Kann', 'Mittelstrasse 40/42, 3012 Bern, Bern'),
('d01d3b9f-00c6-4e17-b030-32acf12e57c8', 'Corinna', 'Schütz', 'info@corinnaschuetz.ch', '061 228 76 48', 'Corinna Schütz – Akupunktur und Naturheilkunde', 'Birmannsgasse 33, 4055 Basel, Basel-Stadt'),
('397877ca-7308-4f31-8dc3-beb3201c5373', 'Corinne', 'Frey', 'corinne.frey@kinelogo.ch', '062 295 05 88', 'Corinne Frey', 'Kohlimattstrasse 5, 4656 Starrkirch-Wil, Solothurn'),
('97a8cedd-f74f-4ad3-a785-2fabc28ece6c', 'Corinne', 'Jenni', 'kontakt@corinnejenni.ch', '078 843 57 73', 'Corinne Jenni', '3600 Thun, Bern'),
('c10117be-5b28-47d5-9636-c5da055cbb25', 'Corinne', 'Lerch', 'immobilien@corinnelerch.ch', '079 613 46 94', 'Corinne Lerch Immobilien-Treuhand', 'Bleichestrasse 9, 4900 Langenthal, Bern'),
('7b4153a4-4e48-407b-98d0-dd98190e356b', 'Corinne', 'Löpfe', 'info@corinne-loepfe.ch', '032 652 77 07', 'Corinne Löpfe', 'Bettlachstrasse 118, 2540 Grenchen, Solothurn'),
('092bb311-6933-4c95-b572-064658e20f11', 'Corinne', 'Nydegger', 'corinne@tcm-nydegger.ch', '079 580 97 71', 'Corinne Nydegger', 'Kramgasse 77, 3011 Bern, Bern'),
('6334afb0-b5cc-4edd-8f8f-b0396c5caca5', 'Corinne', 'Schneider', 'schneider.corinne@bluewin.ch', '079 510 70 40', 'Corinne Schneider, Praxis für Psychotherapie, Zürich', 'Florastrasse 1, 8008 Zürich, Zürich'),
('833c6801-854b-4bf0-a1e2-6b1198ce09e7', 'Corinne', 'Kissler', 'corinne@creativecommunication.ch', '079 313 77 87', 'Corinne''s Creative Communication GmbH', 'Mönchstrasse 4b, 3600 Thun, Bern'),
('23d3ab57-eb60-48b6-8e23-8d5eeb32ed49', 'Stephan', 'Dommann', 'praxis@dermatologie-am-see.ch', '044 925 30 31', 'Corius Dermatologie am See AG', 'General-Wille-Strasse 59, 8706 Meilen, Zürich'),
('cf0f941e-0187-436e-880f-7c7b138ec59d', 'Lisa', 'Högger', 'lisa.hoegger@hin.ch', '044 922 44 00', 'Corius Venenzentrum am See AG', 'General-Wille-Strasse 59, 8706 Meilen, Zürich'),
('2ea07a19-feb8-4760-9e8d-4a85c6feff7a', 'Alfred', 'Brändli', 'info@corma.ch', '055 422 04 11', 'Corma AG', 'Bodenluegeten 2, 8840 Einsiedeln, Schwyz'),
('00df0b66-13d7-41a2-980d-2ac0482ec403', 'Omar', 'Najari', 'info@cornavin-watches.ch', '044 260 66 61', 'Cornavin Watch Company AG', 'Löwenstrasse 25, 8001 Zürich, Zürich'),
('66917bd2-af22-4651-9df4-3fd2cc83afac', 'Cornelia', 'Amberg Pearson', 'yogaundcoaching@bluewin.ch', '079 287 41 57', 'Cornelia Amberg Pearson', 'Freidorf 151, 4132 Muttenz, Basel-Land'),
('73ab1a4a-b728-4c1a-84f5-58905c6386e8', 'Cornelia', 'Casutt', 'praxis@corneliacasutt.ch', '043 243 18 07', 'Cornelia Casutt Atemtherapie', 'Guggenbühlstrasse 34, 8953 Dietikon, Zürich'),
('209fc35f-2a37-4b32-be59-15acfd0fe865', 'Cornelia', 'Held', 'cornelia.held@bluewin.ch', '079 753 45 17', 'Cornelia Held Atemtherapie', 'Lindhaldenstrasse 71, 3076 Worb, Bern'),
('e0f8f4cd-4dcf-4d04-8119-fdc74d6e90ea', 'Cornelia', 'Lichtsteiner', 'info@cornelialichtsteiner.ch', '079 455 50 12', 'Cornelia Lichtsteiner', 'Kantonsstrasse 34, 6048 Horw, Luzern'),
('cd63aecb-5296-422c-8981-60ad5fde37a1', 'Cornelia', 'Ruggiero', 'egge-muttenz@bluewin.ch', '061 461 66 11', 'Cornelia Ruggiero, dr Egge - das Restaurant', 'Baselstrasse 1, 4132 Muttenz, Basel-Land'),
('ec6607b9-a040-4186-84ba-2ac9d0a83b68', 'Cornelius', 'Baila', 'baila-gartenbau@bluewin.ch', 'N.a.', 'Cornelius Baila Gartenbau AG', 'Spissenstrasse 84, 6045 Meggen, Luzern'),
('b985142b-54fc-491c-991a-25abfdaaf64f', 'Cornelius', 'Jäger', 'info@jaegerholz.ch', '079 281 62 89', 'Cornelius Jäger', 'Rosengasse 15, 7324 Vilters, St. Gallen'),
('b2b4a28c-1058-433c-9280-63fdb6189f5a', 'Hans', 'Jenny-Rhyner', 'info@cornetto.ch', '055 645 60 00', 'Cornetto AG', 'Hohlensteinstrasse 14, 8755 Ennenda, Glarus'),
('ced277bb-410e-46da-a7a3-6e32c0dd3307', 'Mikel', 'Lazri', 'office@pizzeria-corona.ch', '076 430 43 01', 'Corona Gastro AG', 'Bahnhofstrasse 15, 8952 Schlieren, Zürich'),
('06034a4d-c6cb-42dc-8190-eb30eaa5525c', 'Giuseppe', 'Scopelliti', 'corona@bluewin.ch', '079 124 22 40', 'Corona Transporte GmbH', 'Leimbachstrasse 137, 8041 Zürich, Zürich'),
('5dac4014-58ea-4756-aa92-434abb0d3318', 'Andreas', 'Juchli', 'testzentrum@jdmt-test.ch', '044 404 52 22', 'Corona-Testzentrum AIR FORCE CENTER', 'Witzbergstrasse 23, 8330 Pfäffikon, Zürich'),
('f0a7682e-2ab0-4be9-8ca4-cbeb9a309993', 'Roman', 'Corbat', 'sleep@coroon.ch', '043 444 08 08', 'COROON Roman Corbat', 'Firststrasse 30a, 8835 Feusisberg, Schwyz'),
('851d6e4b-3368-4e52-8066-9671bb1b7747', 'René', 'Corpataux', 'rene.corpataux@corpataux-treuhand.ch', '026 460 10 00', 'Corpataux Treuhand AG', 'Oberdorfstrasse 6, 1734 Tentlingen, Fribourg/Freiburg'),
('9caf8730-1cb1-4bfb-aff5-2d089865ee6a', 'Timo', 'Wäschle', 'info@corpmedia.ch', '079 444 86 87', 'Corpmedia AG', 'Froschaugasse 16, 8001 Zürich, Zürich'),
('f10ab8fe-2129-4a10-8c40-ae3a3c3533ef', 'Stefania', 'Scarcia', 'stefania@corpobasel.ch', '076 447 70 24', 'Corpo', 'Efringerstrasse 14, 4058 Basel, Basel-Stadt'),
('32a6308e-b589-4174-aab7-11578bab0f1b', 'Sandro', 'Leupin', 'sandro.leupin@cfinternational.ch', '061 377 74 01', 'Corporate Fashion International AG', 'Peter Merian-Strasse 54, 4052 Basel, Basel-Stadt'),
('68bafa9b-5e85-4e4f-b666-a544f6110fd0', 'Roland', 'Staub', 'rstaub@cms-ag.ch', '044 250 40 00', 'Corporate Management Selection C.M.S. AG', 'Rütistrasse 66, 8032 Zürich, Zürich'),
('46434859-7ca0-45cb-bfa0-16b96c2553ac', 'Bernard', 'Frossard', 'info@corporatesoftware.ch', '032 322 67 05', 'Corporate Software AG', 'Schöneggstrasse 5, 2503 Biel/Bienne, Bern'),
('aa8b6be3-6e97-4ea3-8d48-de643db8bbf8', 'Anna', 'Martella', 'info@corporess.com', '044 808 60 30', 'Corporess AG', 'Flughofstrasse 39, 8152 Opfikon, Zürich'),
('e39c282c-a465-4e16-a854-629e2a9edf30', 'Caius', 'Schmid', 'info@corposana.ch', '061 338 70 70', 'CorpoSana Gesundheitscenter AG', 'Münchensteinerstrasse 220, 4053 Basel, Basel-Stadt'),
('6dab1664-b579-4d2a-b7e4-d61c2977937a', 'Anja', 'Egenlauf', 'welcome@corpus-sanus.ch', '041 920 45 81', 'corpus sanus', 'Christoph-Schnyder-Strasse 53, 6210 Sursee, Luzern'),
('69a5c494-a9a7-4f91-8600-c5dc0cc26a8f', 'Nando', 'Corradini', 'info@corradini-maler.ch', '079 691 31 33', 'Corradini GmbH', 'Holzmoosrütistrasse 48, 8820 Wädenswil, Zürich'),
('c1f23225-8bc1-4b9c-916a-e42bea604208', 'Baldwin', 'Bakker', 'info@corris.com', '044 563 88 88', 'Corris AG', 'Hardturmstrasse 261, 8005 Zürich, Zürich'),
('091619f3-3e59-42d2-9068-661a7eba3415', 'Hans Rolf', 'Corrodi', 'info@corrodi-lehren.ch', '044 720 07 77', 'Corrodi Lehren GmbH', 'Alte Landstrasse 100, 8804 Au, Zürich'),
('7fa99d43-afb6-4585-9373-5c9a876ec738', 'Reto', 'Baumann', 'reto.baumann@corroprot.ch', '052 355 20 57', 'Corroprot AG', 'Kempttalstrasse 111, 8308 Illnau, Zürich'),
('1aaa1b2c-e2c3-445c-aadd-656d56f86838', 'Moritz', 'Höfer', 'info@corrosioncontrol.ch', '076 419 20 43', 'Corrosion Control CH GmbH', 'Rigistrasse 10, 6340 Baar, Zug'),
('2724312c-8270-4260-81ed-1ce7367c5966', 'Peter', 'Colat', 'info@cors-baumanagement.ch', '078 422 06 27', 'CORS-Baumanagement GmbH', 'Seestrasse 110 b, 8610 Uster, Zürich'),
('4d380af1-b92a-4db2-a5c2-42e5fc0c14f3', 'Corsin', 'Bundi', 'info@corsinbundi.ch', '079 433 67 35', 'Corsin Bundi SA', 'Via Sogn Gions 2, 7180 Disentis/Mustér, Graubünden'),
('18554530-90a2-4db0-b3f2-10b94532e21b', 'Corsin', 'Degonda', 'info@degonda-decoraziun.ch', '081 943 14 84', 'Corsin Degonda SA', 'Via Sursilvana 87, 7175 Sumvitg, Graubünden'),
('7d338a60-52bf-48f7-878c-aec3e1c2ba2c', 'Dietmar', 'Kuonen', 'info@cortecag.ch', '027 552 24 44', 'Cortec AG', 'Mondstrasse 22, 3930 Visp, Wallis/Valais'),
('099fc20c-db10-48a0-b5f2-5160a782a764', 'Fabienne', 'Cortesi', 'info@cortesis.ch', '033 733 02 11', 'Cortesi''s Sein & Werden GmbH', 'Aegertenstrasse 22, 3775 Lenk im Simmental, Bern'),
('dc68b058-c4dc-4d5c-8544-4000de1e4315', 'Rea', 'Wicki', 'cortex@cortexhuembelin.com', '062 889 40 10', 'Cortex Hümbelin AG', 'Im Bifang 7, 5102 Rupperswil, Aargau'),
('6c001d03-dfb5-4c53-a11e-0d598b4b2e2d', 'Simon', 'Hasler', 'info@cortibau.ch', '052 234 55 55', 'Corti AG', 'Klosterstrasse 19, 8406 Winterthur, Zürich'),
('2579bc04-5dff-4fac-848c-b1265cc8255d', 'Urs', 'Bosshard', 'u.bosshard@cortispleiss.ch', '052 235 08 97', 'Corti Spleiss Gesamtunternehmer AG', 'Klosterstrasse 19, 8406 Winterthur, Zürich'),
('1c4a7eea-1b2d-4279-851b-0dbc6402477f', 'Reto', 'Frei', 'r.frei@cortispleiss.ch', '052 235 08 93', 'CORTI SPLEISS Projektentwickler AG', 'Klosterstrasse 19, 8406 Winterthur, Zürich'),
('24499219-2a31-44c2-87d4-05e5fe8772c2', 'Andreas', 'Felger', 'maler@corti-felger.ch', '044 784 25 88', 'Corti-Felger Maler Service GmbH', 'Sumpfstrasse 32, 6312 Steinhausen, Zug'),
('91fbceff-df07-4996-8845-2ff8bbae27f5', 'Lukas', 'Bertschmann', 'info@cortis.immo', '061 643 11 00', 'CORTIS AG', 'Schützengasse 14, 4125 Riehen, Basel-Stadt'),
('5a60626a-3f10-4a8e-afd4-43bdeebe4cc0', 'Thomas', 'Tietz', 'info@corumag.ch', '044 213 20 20', 'Corum Vermögensverwaltung AG', 'Mainaustrasse 21, 8008 Zürich, Zürich'),
('f94ec841-5b2f-4eb3-9fd5-9f18ec89f5a9', 'Michael', 'Krüger', 'info@corvaglia.ch', '071 973 77 77', 'Corvaglia Holding AG', 'Hörnlistrasse 14, 8360 Eschlikon, Thurgau'),
('0f4698f4-e63e-455e-a063-92ac14dd8e55', 'Dennis', 'Gut', 'dennis.gut@corvettecenter.ch', '043 818 74 14', 'Corvette Sportcar Center AG', 'Rütistrasse 22, 8906 Bonstetten, Zürich'),
('02995885-3370-4dde-8c6c-3ff6a43e364c', 'Cölestin', 'Frei', 'technik@corvettetotal.ch', '044 700 04 09', 'corvettetotal.ch GmbH', 'Rütistrasse 24, 8906 Bonstetten, Zürich'),
('95d29bbf-4a09-4e84-aa5e-ed3c1baa0375', 'Patricia', 'Dietrich', 'patricia.dietrich@corvice.com', '033 334 55 00', 'CORVICE AG', 'Industriestrasse 12, 3661 Uetendorf, Bern'),
('d25f4708-7115-4940-9925-2af4019c97fb', 'Christoph', 'Rychen', 'info@rychenzahntechnik.ch', '061 831 49 00', 'Corydo GmbH', 'Hauptstrasse 1, 4102 Binningen, Basel-Land'),
('3c44cf4e-ad8b-410b-ba4e-0404af98a284', 'Bruno', 'Schefer', 'order@cosanum.ch', '043 433 66 00', 'Cosanum AG', 'Brandstrasse 28, 8952 Schlieren, Zürich'),
('3ff9fca8-db4e-43b2-9b1b-d5bfcb4d7876', 'Thomas', 'Hilber', 'thomas.hilber@cosema.ch', '081 286 93 93', 'cosema ag (Communication Service Management)', 'Grossbruggerweg 2, 7000 Chur, Graubünden'),
('637542bc-523c-4cd8-b520-9fceb7837d31', 'Roman', 'Hug', 'roman.hug@cosenz-ag.ch', '079 432 37 20', 'Cosenz AG', 'Molinära, 7203 Trimmis, Graubünden'),
('a3a0eee7-5380-42e0-a848-152b1c480e8e', 'Cosimo', 'Caputo', 'info@cosi-reinigungen.ch', '062 794 68 91', 'Cosi Reinigungen GmbH', '4852 Rothrist, Aargau'),
('24ee468e-f5c7-4857-a9ad-8fc8b0311fa8', 'Adriano', 'Cosentino', 'info@cosident.ch', '043 499 74 74', 'CosiDENT GmbH', 'Badenerstrasse 808, 8048 Zürich, Zürich'),
('2c469831-dd36-4498-bc0b-8299dbbf4275', 'Roland', 'Jordi', 'info@cosimo-floorline.ch', '044 774 15 66', 'coSimo Floorline AG', 'Schützenstrasse 13, 8902 Urdorf, Zürich'),
('5a7484e4-28af-413d-a5d2-ba9f9666b38d', 'Sefora', 'Cuoco', 'sefora@cosites.ch', '078 827 22 29', 'COSITES GmbH c/o Sefora Cuoco', 'Schäracher 11, 8053 Zürich, Zürich'),
('594f9ec9-75cb-426c-92af-496ea46ce1d7', 'Jutamas', 'Rindlisbacher-Jäger', 'contact@jutamas.ch', '079 702 32 17', 'Cosmas GmbH c/o Jutamas Rindlisbacher', 'Josefstrasse 176, 8005 Zürich, Zürich'),
('2b52c4cf-3414-423b-973b-9496680c021d', 'Georgia', 'Stillhard', 'info@oreageorgia.ch', '071 477 35 21', 'Cosmea Schönheit & Mehr', 'Amriswilerstrasse 4, 9315 Neukirch (Egnach), Thurgau'),
('54020146-0453-4f7b-8aec-7098398431a7', 'Fiona Ran', 'Amarasinghe', 'contact@cosmedicmine.ch', '076 416 09 27', 'CosMedic Mine', 'Richterwis 12, 8303 Bassersdorf, Zürich'),
('dba67546-a222-40c3-8047-8c5fa141a565', 'Gabriele', 'Wüst-Engelbrecht', 'info@cosmedic-luzern.ch', '041 210 48 33', 'Cosmedic-Luzern', 'Hirschmattstrasse 48, 6003 Luzern, Luzern'),
('530dcf72-83d1-4ebc-97ff-ffae452fc279', 'Tiziana', 'Capuano', 'info@cosmetic-coaching.ch', '071 222 03 17', 'Cosmetic & Coaching', 'Bankgasse 8, 9000 St. Gallen, St. Gallen'),
('4bc98650-6745-42a4-b5d9-433660534ad4', 'Camila', 'Mango Barrera', 'cosmeticandnailcare@gmail.com', '071 278 88 77', 'Cosmetic & Nail Care, Inh. Camila Mango Barrera', 'Zürcher Strasse 26, 9000 St. Gallen, St. Gallen'),
('77d4e661-2e43-4c42-8f01-a71801303321', 'Natalia', 'Hummel', 'nhummel@gmx.ch', '079 603 42 48', 'Cosmetic 4 Beauty', 'Neumühlequai 10, 8001 Zürich, Zürich'),
('e7fec170-dc8e-40f9-b735-89075e377c2d', 'Deborah', 'Gröger', 'info@cosmetic-adligenswil.ch', '041 370 62 11', 'Cosmetic Adligenswil', 'Luzernerstrasse 15, 6043 Adligenswil, Luzern'),
('5d7e1077-de65-4822-91a0-28d2f9fd9f66', 'Nicoletta', 'Spitaleri', 'info@cosmetic-harmonie.ch', '071 277 24 71', 'Cosmetic and Nail Harmonie', 'Zürcherstrasse 235, 9014 St. Gallen, St. Gallen'),
('54c0e4f2-0809-4c56-889c-87e84004ffd6', 'Karin M.', 'Mettler', 'info@cosmeticanima.ch', '041 820 02 04', 'Cosmetic Anima', 'Gersauerstrasse 18, 6440 Brunnen, Schwyz'),
('8bfda35a-f198-433a-8114-2243e6818822', 'Anja', 'Hochuli', 'anjarts@gmail.com', '079 292 77 17', 'Cosmetic Anjarts GmbH', 'Fliederweg 77, 3661 Uetendorf, Bern'),
('528d253b-bb4c-4ae5-b947-31054a6d0dd3', 'Beatrice', 'Schweingruber', 'art.of.face@besonet.ch', '062 961 42 07', 'Cosmetic Art of Face', 'Sternengasse 2, 4556 Aeschi, Solothurn'),
('aed8fa91-4981-47d1-9f39-a36da28b9305', 'Monika', 'Schätti', 'cosmetic.arte@bluewin.ch', '055 640 81 91', 'Cosmetic Arte', 'Bankstrasse 34, 8750 Glarus, Glarus'),
('d6117519-43da-4345-ad54-7476608e9ffe', 'Christina', 'Novosad', 'info@cosmeticarts.ch', '052 202 73 00', 'Cosmetic Arts', 'Rudolfstrasse 17, 8400 Winterthur, Zürich'),
('9eae1bca-70e6-4bec-8359-5ae75c9b260b', 'Claudia', 'Allenbach', 'mail@ccosmetic.ch', '079 595 86 60', 'Cosmetic by Claudia', 'Schlossmatte 1, 3110 Münsingen, Bern'),
('eb943c4e-8776-46f3-a63f-fee9f48afdec', 'Colette', 'Camenisch', 'info@cosmetic-cell-concept.com', '044 545 14 44', 'Cosmetic Cell Concept AG c/o Clinic Beethovenstrasse AG', 'Beethovenstrasse 9, 8002 Zürich, Zürich'),
('3f20a9ac-ef8b-40f7-b443-a734464a7be7', 'Natascha', 'Schöll', 'info@cosmeticcosmeo.ch', '033 650 11 15', 'Cosmetic Cosmeo GmbH', 'Seestrasse 24, 3700 Spiez, Bern'),
('78d3b6fe-da14-4bcf-a7c7-5ba88e32703c', 'Vanessa', 'Gähwiler', 'vanessa.gaehwiler@diamondskin.ch', '076 594 70 36', 'Cosmetic DiamondSkin', 'Murgstrasse 4, 8500 Frauenfeld, Thurgau'),
('27874319-2ab6-414c-b7eb-30067889432a', 'Evelyn', 'Breitler', 'cosmetic@bluewin.ch', '079 345 71 75', 'Cosmetic Evelyn', 'Messenriet 28, 8500 Frauenfeld, Thurgau'),
('eb2e6b6e-3351-4374-8a82-81741189819b', 'Florence', 'Aebischer', 'florence@cosmetic-excellence.ch', '026 492 00 53', 'Cosmetic Excellence', 'Dorfstrasse 9, 3184 Wünnewil, Fribourg/Freiburg'),
('3f049929-1dfe-410c-a6d5-79f7861bb96d', 'Silvia', 'Stähelin', '1laboheme@bluewin.ch', '062 216 56 55', 'Cosmetic la Bohème', 'Bohlacker 5, 4616 Kappel, Solothurn'),
('5c7ec235-aa21-48b0-864b-0df2d7390fa5', 'Nicole', 'Geeler', 'info@cosmeticlesbelles.ch', '076 327 45 78', 'Cosmetic Les Belles', 'Hauptstrasse 8, 9030 Abtwil, St. Gallen'),
('f1e7b164-cf31-437c-9441-d9a294b12017', 'Alexandra', 'Bivetti', 'info@cosmeticlounge-chur.ch', '078 737 36 56', 'Cosmetic Lounge A. Bivetti', 'Steinbruchstrasse 2, 7000 Chur, Graubünden'),
('3440312a-5d53-4779-a86c-3415c897a3f0', 'Rocío', 'Mauron-Enna', 'info@cosmetic-lounge.ch', '041 260 11 27', 'Cosmetic Lounge Lucerne', 'Museggstrasse 12, 6004 Luzern, Luzern'),
('dd4b83d8-a5eb-4ff7-b7f5-81d7cabd62d6', 'Carmela', 'Pacucci', 'info@cosmetic-pacucci.ch', '041 410 31 91', 'Cosmetic Pacucci-Medizinische und ästhetische Kosmetik', 'Haldenstrasse 11, 6006 Luzern, Luzern'),
('be20466a-bd72-49df-a6c5-1b5d0e07cce6', 'Judit', 'Kiss', 'kissjudit84@gmail.com', '076 436 50 82', 'Cosmetic Studio by Judit Kiss', 'Mettlenstrasse 35, 8217 Wilchingen, Schaffhausen'),
('db915280-ceb0-4652-b590-fd7184f7b133', 'Cornelia', 'Frey', 'info@cosmetic-c.ch', '062 798 01 00', 'Cosmetic-C-Cornelia Frey', 'Neugasse 1, 4665 Oftringen, Aargau'),
('37de8aae-1910-4a5a-8cdc-2c7461def54f', 'Manuela', 'Hautle', 'info@cosmeticmanuela.ch', '071 722 81 47', 'Cosmeticmanuela', 'Heldstrasse 23, 9443 Widnau, St. Gallen'),
('8943a6f3-7ccb-4fce-a0ec-abec45e8b041', 'Marc-René', 'Steffen', 'info@cosmetique-sa.com', '032 387 79 00', 'Cosmétique SA', 'Breitfeldstrasse 19, 3252 Worben, Bern'),
('7f5d8ddf-d99c-4308-b324-3f01254ca15a', 'Jacqueline', 'Altenaichinger', 'contact@cosmet.ch', '044 748 08 87', 'Cosmet-Medizinische und ästhetische Kosmetik', 'Landoltstrasse 16, 8006 Zürich, Zürich'),
('c29dfcbb-6fe7-4557-a10b-c738d3be2c28', 'Patrick', 'Kamer', 'info@cosmetolab.ch', '044 783 78 00', 'CosmetoLab AG', 'Holzmoosrütistrasse 48, 8820 Wädenswil, Zürich'),
('9b6ba7b9-bad2-4103-865f-323286d8f11d', 'Anika', 'Lippuner-Pelek', 'info@cosmetic-cosmic.ch', '079 475 99 36', 'Cosmic Cosmetic', 'Zentralstrasse 27, 8212 Neuhausen am Rheinfall, Schaffhausen'),
('643c3d58-54bf-4c23-bbb1-59c7bcb27c78', 'Annika', 'Kessel', 'contact@cosmiquniverse.com', 'N.a.', 'Cosmiq Universe AG', 'General-Guisan-Strasse 6, 6300 Zug, Zug'),
('a95fe4cd-590d-4411-8eb1-86cac08551bf', 'Hans-Jörg Walter', 'Burri', 'info@cosmo-bier.ch', '079 778 78 27', 'COSMO Bier Kultur AG', 'Obere Katzenhalde 1, 4315 Zuzgen, Aargau'),
('3044f9bd-af15-4055-a82b-dd171217a3e0', 'Catia', 'Squillino', 'cosmoteam@bluewin.ch', '071 744 66 56', 'Cosmo Coiffeur', 'Burggass 7, 9442 Berneck, St. Gallen'),
('31553af6-843d-4af3-ba25-81a923e14566', 'Andreas', 'Traut', 'kontakt@cosmoconsult.com', '044 830 64 65', 'COSMO CONSULT AG', 'Rütistrasse 13, 8952 Schlieren, Zürich'),
('5ba6f0de-bca2-4242-90d8-897a7e13e981', 'Rolf', 'Lüthi', 'info@cosmo.co.th', '032 387 22 00', 'Cosmo Group Company AG', 'Pont-du-Moulin 2, 2502 Biel/Bienne, Bern'),
('9cae3202-8e09-4e69-ade6-079a9ce573ca', 'Bernhard', 'Reimann', 'cosmotreuhand@bluewin.ch', '044 280 43 33', 'COSMO Treuhand AG', 'Algierstrasse 1, 8048 Zürich, Zürich'),
('d4fee7ff-7b20-47d1-9405-2427427c2708', 'Roland', 'Glauser', 'info@cosmodent.ch', '044 266 11 11', 'Cosmodent AG', 'Bahnhofplatz 9, 8001 Zürich, Zürich'),
('ad7deefd-2bd3-49fa-8d89-408e6ae0cfb8', 'Carmen', 'Fischer', 'info@cosmofame.ch', '071 757 38 48', 'Cosmofame GmbH', 'Gemperenstrasse 26, 9442 Berneck, St. Gallen'),
('78d5e406-f33c-4e31-833c-7dfb5aa6353b', 'Rosmarie', 'Vögtli', 'info@cosmo-praxis.ch', '061 302 20 31', 'Cosmo-Gesundheitspraxis', 'Murtengasse 5, 4051 Basel, Basel-Stadt'),
('2801473b-3a18-4005-bc0f-3e91ec41aacf', 'Linda', 'Gribi', 'info@cosmolia.swiss', '044 999 40 00', 'cosmolia GmbH', 'Affolternstrasse 120, 8050 Zürich, Zürich'),
('873b879f-01d9-4370-b49a-373d9b8d2e83', 'Kay-Lütje', 'Deter-Lüken', 'office@coscos.ch', 'N.a.', 'Cosmopolitan Cosmetics GmbH', 'Meienbergstrasse 21b, 8645 Jona, St. Gallen'),
('894a5e42-136d-4c1f-bf7f-a5c8f476257a', 'Stefan', 'Bischofberger', 'welcome@cosmopolitan.ch', '071 353 35 15', 'Cosmopolitan-Vermögensverwaltungs-AG', 'Rütistrasse 20, 9050 Appenzell, Appenzell Innerrhoden'),
('2acb6120-7ab3-4d68-b3be-c21fc5f94e77', 'Kurt', 'Weber', 'kurt.weber@cosmostreuhand.ch', '031 711 35 70', 'Cosmos Kaufmännische Dienstleistungen Weber + Partner', 'Moosweg 45, 3506 Grosshöchstetten, Bern'),
('568f88cc-dd78-41df-9b19-ee1ae97773d8', 'Andrea', 'Merten', 'info@cosmosan.ch', '079 435 89 19', 'Cosmosa', 'Neumünsterstrasse 34, 8008 Zürich, Zürich'),
('0a52c1cf-05a8-41ca-a371-aecd68cd575a', 'Helene', 'Mächler-Villiger', 'info@cosmos-institut.ch', '055 210 00 90', 'COSMOS-INSTITUT', 'Säntisstrasse 5, 8640 Rapperswil, St. Gallen'),
('80dc0e3a-c336-4009-80f2-ed7ab71aea35', 'Marc', 'Aeberli', 'info@cosmosverlag.ch', '031 950 64 64', 'Cosmos-Verlag AG', 'Kräyigenweg 2, 3074 Muri b. Bern, Bern'),
('52187626-4157-4353-bdef-a7131b70d7a0', 'Edgar', 'Kerkow', 'info@cosmotrans.ch', '044 866 35 35', 'Cosmotrans AG', '8058 Zürich, Zürich'),
('7bd85f40-79ca-418c-8173-aa519d4a17c0', 'Robert', 'Cossalter', 'schreinerei@cossalter.ch', '079 419 35 07', 'Cossalter Schreinerei und Küchenbau GmbH', 'Fabrikstrasse 8, 8806 Bäch, Schwyz'),
('dfa1ae4b-01e6-429e-b2bc-ddcad4411932', 'Fabio', 'Costa', 'fabio.costa@costa-ag.ch', '081 838 81 20', 'Costa AG', 'Via da Bernina 4, 7504 Pontresina, Graubünden'),
('32aa4570-c50e-4d87-8d35-bd067a53ac1e', 'Fabio', 'Costa', 'costa-ag@costa-ag.ch', '081 838 81 20', 'Costa AG Hoch- und Tiefbau', 'Via da Bernina 4, 7504 Pontresina, Graubünden'),
('dd156dbf-7562-4229-9758-1fd9a5809cf5', 'Alberto', 'Costa', 'info@costa-haustechnik.ch', '081 832 19 76', 'Costa Haustechnik GmbH', 'Via Maistra 62a, 7505 Celerina/Schlarigna, Graubünden'),
('d8baa72e-346e-4bbe-a732-0df34c8ea793', 'Leandro A.', 'Costa', 'info@costa-immo.ch', '081 851 20 20', 'Costa Immobilien AG', 'Via Mastra 210, 7504 Pontresina, Graubünden'),
('265a1eb9-cf1f-4ba1-bfb3-75248ce70ee2', 'Pedro', 'Alves Da Costa', 'info@malercosta.ch', '079 946 75 29', 'Costa Malergeschäft', 'Eigerweg 2, 3177 Laupen, Bern'),
('1a997f1e-0472-4b6a-afbd-6721fd0c5a87', 'Conor', 'Slater', 'switzerland@cosylab.com', '056 560 50 43', 'Cosylab Switzerland GmbH', 'Badenerstrasse 13, 5200 Brugg, Aargau'),
('c5839395-6b79-4467-a1ff-1602c9953f30', 'Cosmas', 'Imhof', 'boss@cosyroll.com', 'N.a.', 'CosyRoll GmbH', 'Oberneuhofstrasse 6, 6340 Baar, Zug'),
('34bcd106-7b32-4904-86bc-6ab6dc36ea86', 'Johannes', 'Popp', 'info@apagcosyst.com', '044 802 67 00', 'Cosyst Holding AG', 'Zentrum Staldenbach 13, 8808 Pfäffikon, Schwyz'),
('51ed1ce8-488f-4a94-9662-d5fb862666fe', 'Adrian', 'Warmbrodt', 'awarmbrodt@cot.ch', '032 387 42 24', 'COT Treuhand AG', 'Bielstrasse 29, 3250 Lyss, Bern'),
('dd19e388-0ae7-42d5-89ce-31cb5e667245', 'Nicole', 'Dürlewanger', 'nicole@cotewestliving.ch', 'N.a.', 'Coté West Living Zurich Ibiza', 'Viaduktstrasse 79, 8005 Zürich, Zürich'),
('6b1c61e4-a8f5-4485-ac6b-5e4ae5c7c02a', 'Rolf', 'Frischknecht', 'info@cotex.ch', '055 442 34 86', 'Cotex Print GmbH', 'Gartenstrasse 5, 8805 Richterswil, Zürich'),
('232062e7-5842-44c7-93b4-a62d19885f5b', 'Corina', 'Tobler', 'info@coto-physio.ch', '079 720 15 87', 'CoTo Physio Corina Tobler', 'Rebbergstrasse 3, 8555 Müllheim Dorf, Thurgau'),
('fc610f7a-4587-4895-a112-17fecc03e1b6', 'Pascal', 'Gloor', 'p.gloor@cotra.ch', '058 710 30 20', 'COTRA Autotransport AG', 'Hübelacherstrasse 16, 5242 Lupfig, Aargau'),
('e5cfa746-624c-49ee-8a33-a646f912f75d', 'Sam', 'Cottier', 'cottier@cc-webagentur.ch', '031 302 77 70', 'Cottier Communications', 'Haslerstrasse 30, 3008 Bern, Bern'),
('df031f13-16d6-41a3-a483-b6d6315ebee8', 'Roger', 'Brustio', 'info@cottoncorner.ch', '052 202 55 63', 'COTTON CORNER BETRIEBS AG', 'Merkurstrasse 23, 8400 Winterthur, Zürich'),
('c9ba0a8b-0715-41b1-8554-541a952a9072', 'Karl', 'Schädler', 'karl.schaedler@cottonfield.ch', '058 680 64 67', 'Cottonfield Family Office AG', 'Bahnhofstrasse 35, 8001 Zürich, Zürich'),
('8115af76-4fe6-4815-94f3-2a931e03ae27', 'Sandra', 'Haydon', 'sandra@saha.ch', '079 153 36 25', 'Coucon – Zentrum für Alternativmedizin für Frauen und Kinder Sandra Haydon', 'Seestrasse 119b, 8703 Erlenbach, Zürich'),
('b61377f2-20cc-49b6-8ecb-ef6b502dc0ba', 'Corina', 'Amgwerd', 'info@coucou-les-belles.ch', '043 377 56 50', 'Coucou les Belles by Corina Amgwerd', 'Seestrasse 26, 8802 Kilchberg, Zürich'),
('7ecca57c-7434-4dc4-9531-4b66bfff2ddc', 'Hanspeter', 'Coufal', 'info@energy-products.ch', '071 891 41 40', 'Coufal Elektronik AG', 'Hinterergeten 709, 9427 Wolfhalden, Appenzell Ausserrhoden'),
('a6402458-45c6-441e-b511-4d00e67de9ff', 'Robert', 'Meierhofer', 'irmeierhofer@bluewin.ch', '056 249 18 62', 'Couiffeur Meierhofer', 'Hauptstrasse 46, 5330 Bad Zurzach, Aargau'),
('62b5e274-ae05-41f7-9064-47b54b526689', 'Jolanda', 'Limacher', 'info@coiffeur-couleur.ch', '041 440 00 34', 'Couleur Coiffeur GmbH', 'Tschannhof, 6033 Buchrain, Luzern'),
('7f65938e-b767-4ac1-973c-ca72957b2205', 'Patrik', 'Riesen', 'info@couniq.com', '031 722 00 66', 'couniq consulting AG', 'Sulgeneckstrasse 27, 3007 Bern, Bern'),
('4860ea28-e02d-4321-a129-63127270fb40', 'Sven', 'Bürlimann', 's.buerlimann@counselnet.ch', '041 511 14 44', 'Counselnet Treuhand AG', 'Stationsstrasse 90, 6023 Rothenburg, Luzern'),
('872ea69f-c2b6-4d80-9fda-3d3ca412b667', 'Werner', 'Würfl', 'buendnerhof@bluewin.ch', '081 861 85 00', 'Country Wellnesshotel Bündnerhof', 'Votlasstrasse 10, 7563 Samnaun Dorf, Graubünden'),
('c031a01f-9c69-48b0-ba3c-9bf2cd57d5b1', 'Urs', 'Schmidig', 'urs.schmidig@couponplus.ch', '079 446 72 19', 'CouponPlus AG', 'Hardturmstrasse 133, 8005 Zürich, Zürich'),
('f5211336-28df-4e37-819a-3a5878d9e119', 'Christoph', 'Mauerhofer', 'info@courage-bier.ch', '079 215 58 83', 'Courage-Bier GmbH', 'Alte Schwarzeneggstrasse 4, 3612 Steffisburg, Bern'),
('f2a034d9-5e2c-4421-b557-7fe43de6d21e', 'Christian', 'Witwicki', 'express@courierfactory.ch', '061 485 12 00', 'courierfactory gmbh', 'Ringstrasse 9, 4123 Allschwil, Basel-Land'),
('a662ec9d-d3b2-4598-a0d0-21b5ff09134a', 'Stefan', 'Niedermaier', 'hello@courvoisier.ch', '032 344 83 95', 'Courvoisier-Gassmann AG', 'Chemin du Long-Champ 135, 2504 Biel/Bienne, Bern');

INSERT INTO leads (id, contact_id, source, status, value, notes) VALUES
('331a79c3-c3bb-4ffa-9e49-bab9dc70efd3', '2ba77e74-509b-446a-a04b-29034d7c4af7', 'KALTAKQUISE', 'ACTIVE', 0, 'Funktion: Geschäftsführer/in (CEO) | Mitarbeiter: 1 bis 10 | Branche: Apotheken & Drogerien'),
('870790cb-91c1-45ab-9029-7accbbe30a34', '05606109-adef-49c8-aef7-8b8735d1bece', 'KALTAKQUISE', 'ACTIVE', 0, 'Funktion: Geschäftsführer/in (CEO) | Mitarbeiter: 1 bis 10 | Branche: Apotheken & Drogerien'),
('52900e70-b502-4162-8635-17c0b3275309', '170d029e-64ee-40f7-a955-31d712aaa0a0', 'KALTAKQUISE', 'ACTIVE', 0, 'Funktion: Geschäftsführer/in (CEO) | Mitarbeiter: 1 bis 10 | Branche: Apotheken & Drogerien'),
('2f834300-53a4-48e0-9dd2-7ccd1cc08535', '2745d961-1d1c-4b70-8593-5a8bd26a751c', 'KALTAKQUISE', 'ACTIVE', 0, 'Funktion: Geschäftsführer/in (CEO) | Mitarbeiter: 21 bis 50 | Branche: Pensionskassen | Rechtsform: Stiftung'),
('bed46e24-39bb-4b6a-8441-65895cbf1bd0', 'b3473e39-bc87-44a6-8d2d-7ef52fa5192e', 'KALTAKQUISE', 'ACTIVE', 0, 'Funktion: Geschäftsführer/in (CEO) | Mitarbeiter: 11 bis 20 | Branche: NGO & NPO | Rechtsform: Verein'),
('22aa94b9-b4ba-4ac0-8c5d-4c86306b6a7e', 'f02ff694-2df3-4bc0-8674-4f293bcde345', 'KALTAKQUISE', 'ACTIVE', 0, 'Funktion: Geschäftsführer/in (CEO) | Mitarbeiter: 1 bis 10 | Branche: Wohnbaugenossenschaften | Rechtsform: Genossenschaft'),
('b0afe49a-5621-4852-86e0-ff3078872b28', '0df137a6-986d-44cf-ab81-8235170d3e85', 'KALTAKQUISE', 'ACTIVE', 0, 'Funktion: Geschäftsführer/in (CEO) | Mitarbeiter: 11 bis 20 | Branche: Personalvermittler & -berater | Rechtsform: Aktiengesellschaft'),
('4126759f-c2e1-482a-82a1-c0778bb75ff8', '1d22d94c-477f-49e8-8889-b371d7560cc6', 'KALTAKQUISE', 'ACTIVE', 0, 'Funktion: Geschäftsführer/in (CEO) | Mitarbeiter: 1 bis 10 | Branche: Personalvermittler & -berater | Rechtsform: Aktiengesellschaft'),
('d4181c51-de25-408c-b14d-03c8ccaeb98a', '53a51332-a61a-42ff-bad5-aa2265a78e19', 'KALTAKQUISE', 'ACTIVE', 0, 'Funktion: Chefredaktion | Mitarbeiter: 21 bis 50 | Branche: Zeitungen & Zeitschriften'),
('841f886b-0bdb-4d2a-af0c-c475bb1de077', 'ad1a7eac-3e9b-4494-889c-378e14816639', 'KALTAKQUISE', 'ACTIVE', 0, 'Funktion: Geschäftsführer/in (CEO) | Mitarbeiter: 11 bis 20 | Branche: Architekturbüros / Bau- & Projektmanagement | Rechtsform: Aktiengesellschaft'),
('22fc448b-fbf1-4c9b-97a9-678280714549', '34afd9cf-fb13-4294-a722-2286cb463e3c', 'KALTAKQUISE', 'ACTIVE', 0, 'Funktion: Geschäftsführer/in (CEO) | Mitarbeiter: 1 bis 10 | Branche: Immobilienverwaltung / Immobilienvermittlung | Rechtsform: Aktiengesellschaft'),
('9ef444d0-f201-4b23-aaf0-25b22daf491c', 'ce4cd1bc-cd4e-48bb-953e-159e3fb2c349', 'KALTAKQUISE', 'ACTIVE', 0, 'Funktion: Geschäftsführer/in (CEO) | Mitarbeiter: 1 bis 10 | Branche: Kosmetikstudios'),
('980dd5ca-350f-41ed-ad94-9e7d21248bd2', '743ac01b-660f-45f5-9e84-80357fe11d7f', 'KALTAKQUISE', 'ACTIVE', 0, 'Funktion: Geschäftsführer/in (CEO) | Mitarbeiter: 1 bis 10 | Branche: Lebensmittelverarbeitung | Rechtsform: Gesellschaft mit beschränkter Haftung'),
('6d6ccaac-d630-4757-a53f-33466d9c45b5', '3e22beaf-edf0-48a2-b545-e99ea867a1ff', 'KALTAKQUISE', 'ACTIVE', 0, 'Funktion: Geschäftsführer/in (CEO) | Mitarbeiter: 21 bis 50 | Branche: Treuhandbüros | Rechtsform: Aktiengesellschaft'),
('16430743-08b1-4f05-9545-207368152880', 'c47563a7-c5c9-43c1-beb3-8adbf75a2bba', 'KALTAKQUISE', 'ACTIVE', 0, 'Funktion: Geschäftsführer/in (CEO) | Mitarbeiter: Mehr als 500 | Branche: Top 2''000 CH-Unternehmen | Rechtsform: Gesellschaft mit beschränkter Haftung'),
('757a27c5-2b10-4e36-8f10-32ffb3d1ed8f', '6537e026-132b-4d64-b1f0-638bba586970', 'KALTAKQUISE', 'ACTIVE', 0, 'Funktion: Geschäftsführer/in (CEO) | Mitarbeiter: 1 bis 10 | Branche: Unternehmensberater | Rechtsform: Gesellschaft mit beschränkter Haftung'),
('a5ebe299-3efe-4843-85a2-e9b3f90d06ef', '2c8f525d-440e-460c-bfee-e14ca9a4c084', 'KALTAKQUISE', 'ACTIVE', 0, 'Funktion: Geschäftsführer/in (CEO) | Mitarbeiter: 1 bis 10 | Branche: Elektroindustrie | Rechtsform: Aktiengesellschaft'),
('38144a4c-bf4e-43f3-85a4-2248105164ac', '17c32f2b-746f-4ecb-96fe-41c54e55371e', 'KALTAKQUISE', 'ACTIVE', 0, 'Funktion: Geschäftsführer/in (CEO) | Mitarbeiter: 11 bis 20 | Branche: Verpackungsindustrie | Rechtsform: Aktiengesellschaft'),
('e1048be4-659f-4ce4-a3c1-ba49fbfb0bca', 'd91a220b-a4b8-4689-99e8-91b261d4a72c', 'KALTAKQUISE', 'ACTIVE', 0, 'Funktion: Geschäftsführer/in (CEO) | Mitarbeiter: 11 bis 20 | Branche: Medizintechnik-Industrie | Rechtsform: Aktiengesellschaft'),
('29e3efcd-6ca6-42a0-b97e-9e3352d2eafc', '998bd1cf-11b2-473a-98a6-248f9cace5db', 'KALTAKQUISE', 'ACTIVE', 0, 'Funktion: Geschäftsführer/in (CEO) | Mitarbeiter: 11 bis 20 | Branche: FinTech | Rechtsform: Aktiengesellschaft'),
('17f66790-44f9-4e4e-9fc7-135af2b1c67d', '0068e665-4c45-4e6e-9c24-e099b60fe563', 'KALTAKQUISE', 'ACTIVE', 0, 'Funktion: Geschäftsführer/in (CEO) | Mitarbeiter: 1 bis 10 | Branche: Family Offices | Rechtsform: Aktiengesellschaft'),
('fe17cd89-d198-4013-b41d-59347eade02e', '16f1919a-903d-4145-8426-b1f84870248f', 'KALTAKQUISE', 'ACTIVE', 0, 'Funktion: Geschäftsführer/in (CEO) | Mitarbeiter: 1 bis 10 | Branche: Lebensmittelverarbeitung | Rechtsform: Aktiengesellschaft'),
('3437dae4-41cd-423c-8847-379183e7f1cd', 'ee2f0fb5-78f8-4911-a2c9-b41fa90afa09', 'KALTAKQUISE', 'ACTIVE', 0, 'Funktion: Geschäftsführer/in (CEO) | Mitarbeiter: 11 bis 20 | Branche: Online Shops | Rechtsform: Gesellschaft mit beschränkter Haftung'),
('e44e2d79-afa3-4734-8a07-7331d6d1dea0', 'cb8358f9-03e4-4eac-9bb7-62dab0d4b78b', 'KALTAKQUISE', 'ACTIVE', 0, 'Funktion: Geschäftsführer/in (CEO) | Mitarbeiter: 11 bis 20 | Branche: Online Shops | Rechtsform: Aktiengesellschaft'),
('cab6fcc3-6ee4-4fc9-b39a-215f8a103e07', '4242c2b7-f16a-4b10-9167-689354c97dec', 'KALTAKQUISE', 'ACTIVE', 0, 'Funktion: Geschäftsführer/in (CEO) | Mitarbeiter: 1 bis 10 | Branche: Druckereibetriebe'),
('3d696171-8178-4d9c-ab7a-b26f4fb061ab', '3081afdf-fbb3-4a18-b99a-6990e52ddc90', 'KALTAKQUISE', 'ACTIVE', 0, 'Funktion: Geschäftsführer/in (CEO) | Mitarbeiter: 11 bis 20 | Branche: Nachhaltigkeitsbereich | Rechtsform: Gesellschaft mit beschränkter Haftung'),
('318754f7-b291-4481-b29b-33a0cad5aae6', '025ee24f-db26-4b1c-8981-328ebe9ecfc3', 'KALTAKQUISE', 'ACTIVE', 0, 'Funktion: Geschäftsführer/in (CEO) | Mitarbeiter: 1 bis 10 | Branche: Divers | Rechtsform: Aktiengesellschaft'),
('6137490b-45a9-490f-bfb0-9ecf5e91d887', '3f7510d9-e7f7-4e9e-9bb1-301c0c03cbc4', 'KALTAKQUISE', 'ACTIVE', 0, 'Funktion: Geschäftsführer/in (CEO) | Mitarbeiter: 1 bis 10 | Branche: Naturheilpraxen | Rechtsform: Einzelunternehmen'),
('1d58ed04-40c5-44a3-9fa3-4cb3e43ca0ca', '0799154c-64b8-47cb-843d-18dfb3a1e9d7', 'KALTAKQUISE', 'ACTIVE', 0, 'Funktion: Geschäftsführer/in (CEO) | Mitarbeiter: 51 bis 100 | Branche: Maschinenbauindustrie | Rechtsform: Gesellschaft mit beschränkter Haftung'),
('33c9490d-6b45-4485-b628-347f1d6e1f53', 'b7b6983b-03cc-4ae0-afd7-2d4236395b2f', 'KALTAKQUISE', 'ACTIVE', 0, 'Funktion: Geschäftsführer/in (CEO) | Mitarbeiter: 1 bis 10 | Branche: Architekturbüros | Rechtsform: Gesellschaft mit beschränkter Haftung'),
('7230f3d4-bfac-4171-84c0-2e98357fa1f0', 'e8a98aac-b42d-4215-94fc-3fbdbd5c32da', 'KALTAKQUISE', 'ACTIVE', 0, 'Funktion: Geschäftsführer/in (CEO) | Mitarbeiter: 11 bis 20 | Branche: Baugeschäfte | Rechtsform: Aktiengesellschaft'),
('45115e58-8ce1-4402-9895-0fc78bbd0728', 'e8134aec-9ab2-41a9-903d-c3e58b38db07', 'KALTAKQUISE', 'ACTIVE', 0, 'Funktion: Geschäftsführer/in (CEO) | Mitarbeiter: 1 bis 10 | Branche: Architekturbüros / Immobilienvermittlung | Rechtsform: Gesellschaft mit beschränkter Haftung'),
('c15d4610-07cd-486a-9be7-abbd75ed6f0e', '76d31d57-9fa5-4f6a-b557-db264aee03a2', 'KALTAKQUISE', 'ACTIVE', 0, 'Funktion: Geschäftsführer/in (CEO) | Mitarbeiter: 1 bis 10 | Branche: Architekturbüros | Rechtsform: Aktiengesellschaft'),
('0a866210-e631-4407-9524-b39444fba6e5', '131fe5db-780d-4778-8e70-9c628abfecd6', 'KALTAKQUISE', 'ACTIVE', 0, 'Funktion: Geschäftsführer/in (CEO) | Mitarbeiter: 21 bis 50 | Branche: Schreinerei- & Holzbaubetriebe | Rechtsform: Aktiengesellschaft'),
('d5e4239a-3777-4310-aba2-8a9f9ec2ee21', '74cfd05b-9a94-4bc9-8c3b-5261a3490834', 'KALTAKQUISE', 'ACTIVE', 0, 'Funktion: Geschäftsführer/in (CEO) | Mitarbeiter: 1 bis 10 | Branche: Tattoo- & Piercingstudios'),
('b5ce056f-bf89-4b63-a15e-cd5ec5ec2ab4', '42efe7d6-5654-453f-9cde-aac324b36489', 'KALTAKQUISE', 'ACTIVE', 0, 'Funktion: Geschäftsführer/in (CEO) | Mitarbeiter: 1 bis 10 | Branche: Boden- & Plattenleger'),
('a775318d-8e3a-4d7c-9405-ab8b96ac8037', '69d31c19-7b6c-4a4d-a215-2f6a448f1d46', 'KALTAKQUISE', 'ACTIVE', 0, 'Funktion: Geschäftsführer/in (CEO) | Mitarbeiter: 1 bis 10 | Branche: Maler- & Gipsergeschäfte'),
('9b37ea2e-1f88-40f5-86c9-4d556db2eb64', '97943f09-02b4-4e49-8557-bf95990fa7c2', 'KALTAKQUISE', 'ACTIVE', 0, 'Funktion: Geschäftsführer/in (CEO) | Mitarbeiter: 1 bis 10 | Branche: Treuhandbüros | Rechtsform: Aktiengesellschaft'),
('b8fe3aed-585c-49a1-b3c8-2514e032e49d', '69debe47-1d08-4abf-a65c-d533afdb88c7', 'KALTAKQUISE', 'ACTIVE', 0, 'Funktion: Geschäftsführer/in (CEO) | Mitarbeiter: 1 bis 10 | Branche: Personalvermittler & -berater | Rechtsform: Aktiengesellschaft'),
('2f6fc6f1-6aab-4d2b-b679-66a0b178dbc5', '7f6fa46e-1b94-4d9b-b6b2-891deeaea1e9', 'KALTAKQUISE', 'ACTIVE', 0, 'Funktion: Geschäftsführer/in (CEO) | Mitarbeiter: 1 bis 10 | Branche: Bau- & Projektmanagement / Immobilienvermittlung / Bauherrenvertretung | Rechtsform: Gesellschaft mit beschränkter Haftung'),
('b85b5316-558d-42a7-8a9f-0520457d3e80', 'decea6e4-21db-49a3-aa75-c0e6742accf2', 'KALTAKQUISE', 'ACTIVE', 0, 'Funktion: Geschäftsführer/in (CEO) | Mitarbeiter: 11 bis 20 | Branche: Clubs, Bars & Eventlocations'),
('0a098a5d-9274-4f05-a754-85882d845016', '714cbb8d-a94b-42ea-957e-02e92ef4b450', 'KALTAKQUISE', 'ACTIVE', 0, 'Funktion: Geschäftsführer/in (CEO) | Mitarbeiter: 1 bis 10 | Branche: Atem- Meditation- & Yogacenter'),
('759bd470-5331-4c68-8033-048f0c15c7ca', '02c29465-62a0-45db-bbf4-064f26565fd8', 'KALTAKQUISE', 'ACTIVE', 0, 'Funktion: Geschäftsführer/in (CEO) | Mitarbeiter: 1 bis 10 | Branche: Unternehmensberater | Rechtsform: Aktiengesellschaft'),
('89a42a89-709e-47f8-bae7-94c4529a7e3b', '23ef5bec-4d7a-4479-8205-3f999c2c5a05', 'KALTAKQUISE', 'ACTIVE', 0, 'Funktion: Geschäftsführer/in (CEO) | Mitarbeiter: 1 bis 10 | Branche: Immobilienvermittlung / Immobilienprojektentwicklung | Rechtsform: Aktiengesellschaft'),
('c0a415a6-bb86-4bc1-8b6e-5cdc3d77bcef', 'ffcb409d-d02e-4290-b364-7dd96fd0615e', 'KALTAKQUISE', 'ACTIVE', 0, 'Funktion: Geschäftsführer/in (CEO) | Mitarbeiter: 21 bis 50 | Branche: Treuhandbüros | Rechtsform: Aktiengesellschaft'),
('e8656a64-1823-4edb-af54-ff602e073892', '45681865-e17e-4727-8882-f0b9c0f11ef7', 'KALTAKQUISE', 'ACTIVE', 0, 'Funktion: Geschäftsführer/in (CEO) | Mitarbeiter: 21 bis 50 | Branche: Treuhandbüros | Rechtsform: Schweizerische Zweigniederlassung'),
('ac1bb5a3-9421-4e97-b566-ef629750d3aa', '12d66255-a196-4dff-955f-5211e8fd78d5', 'KALTAKQUISE', 'ACTIVE', 0, 'Funktion: Geschäftsführer/in (CEO) | Mitarbeiter: 1 bis 10 | Branche: Family Offices / Fonds & sonstige Finanzinstitute / Externe Vermögensverwalter | Rechtsform: Aktiengesellschaft'),
('2c78017f-ff39-40f5-8960-fda576ab3069', 'ab7b7b82-d6df-43a8-92bb-b88b68cb330c', 'KALTAKQUISE', 'ACTIVE', 0, 'Funktion: Geschäftsführer/in (CEO) | Mitarbeiter: 1 bis 10 | Branche: Metallbauer | Rechtsform: Gesellschaft mit beschränkter Haftung'),
('9cc8cb35-9587-4e83-a240-910dc1dddd98', '936a56ec-7aa9-4ea9-a909-6042a8b64a28', 'KALTAKQUISE', 'ACTIVE', 0, 'Funktion: Geschäftsführer/in (CEO) | Mitarbeiter: 1 bis 10 | Branche: Online Shops | Rechtsform: Gesellschaft mit beschränkter Haftung'),
('01093632-0005-407f-978e-71c5bc0587f4', 'da80aedd-fb19-44ac-8405-53a56c5afa84', 'KALTAKQUISE', 'ACTIVE', 0, 'Funktion: Geschäftsführer/in (CEO) | Mitarbeiter: 1 bis 10 | Branche: IT Unternehmen | Rechtsform: Gesellschaft mit beschränkter Haftung'),
('68b59ddb-46ca-47a8-a992-891b3481ab49', '2b3a4cc8-cac8-40c2-b754-be41f176f79a', 'KALTAKQUISE', 'ACTIVE', 0, 'Funktion: Geschäftsführer/in (CEO) | Mitarbeiter: 11 bis 20 | Branche: Elektroplanung & Installation'),
('bae2b903-7fa4-4b6b-81a8-f56c596cab50', '5166ab9d-837c-44a8-bda2-23578fdf6f6f', 'KALTAKQUISE', 'ACTIVE', 0, 'Funktion: Geschäftsführer/in (CEO) | Mitarbeiter: 1 bis 10 | Branche: Fitnessstudios | Rechtsform: Einzelunternehmen'),
('2dad94b8-14ff-4b64-908d-cd201ad97a5c', '67de7c68-e6db-49a9-94ba-3c38646cb99b', 'KALTAKQUISE', 'ACTIVE', 0, 'Funktion: Geschäftsführer/in (CEO) | Mitarbeiter: 1 bis 10 | Branche: Private Equity & Venture Capital Firmen | Rechtsform: Gesellschaft mit beschränkter Haftung'),
('0cbcffff-5027-4a68-9804-7dd8e519506f', '209485df-ac0a-4dd3-ad88-8dd5bf8b8555', 'KALTAKQUISE', 'ACTIVE', 0, 'Funktion: Geschäftsführer/in (CEO) | Mitarbeiter: 1 bis 10 | Branche: Externe Vermögensverwalter | Rechtsform: Aktiengesellschaft'),
('ec4a94af-cc72-430b-ac0c-a2e37c6ba827', 'b199d7b2-3150-4a4b-9912-47d06f44df2c', 'KALTAKQUISE', 'ACTIVE', 0, 'Funktion: Geschäftsführer/in (CEO) | Mitarbeiter: 1 bis 10 | Branche: Fitnessstudios / Physiotherapie'),
('64a42667-b4dc-46ef-bacd-64b4ce36ff32', 'e71b3b86-256a-4c04-bdde-9ac1b4c368e1', 'KALTAKQUISE', 'ACTIVE', 0, 'Funktion: Geschäftsführer/in (CEO) | Mitarbeiter: 21 bis 50 | Branche: Life-Science-Industrie | Rechtsform: Aktiengesellschaft'),
('d7506020-133d-4304-adeb-073dc5d2f412', '8801dde0-519a-40d2-8070-c2df3a287621', 'KALTAKQUISE', 'ACTIVE', 0, 'Funktion: Geschäftsführer/in (CEO) | Mitarbeiter: 21 bis 50 | Branche: Life-Science-Industrie / Medizintechnik-Industrie | Rechtsform: Aktiengesellschaft'),
('fb3737e5-4683-428d-954b-8ab1f3158081', '45799750-c051-46d4-becd-aa4c58a2ba50', 'KALTAKQUISE', 'ACTIVE', 0, 'Funktion: Geschäftsführer/in (CEO) | Mitarbeiter: 1 bis 10 | Branche: Textil- & Möbelindustrie | Rechtsform: Aktiengesellschaft'),
('48f47017-510d-42f8-a527-4fc8ae542221', 'ca4f6611-6760-4735-aa60-30924af2a9b7', 'KALTAKQUISE', 'ACTIVE', 0, 'Funktion: Geschäftsführer/in (CEO) | Mitarbeiter: 1 bis 10 | Branche: Unternehmensberater'),
('f7861f30-a209-41d1-a97b-d71aaba2f665', 'becd2095-4fb1-4f9a-ad6f-725752f04651', 'KALTAKQUISE', 'ACTIVE', 0, 'Funktion: Geschäftsführer/in (CEO) | Mitarbeiter: 1 bis 10 | Branche: Atem- Meditation- & Yogacenter'),
('aaf1c881-9985-4a6d-ba16-4dd3bef44e2c', 'd01d3b9f-00c6-4e17-b030-32acf12e57c8', 'KALTAKQUISE', 'ACTIVE', 0, 'Funktion: Geschäftsführer/in (CEO) | Mitarbeiter: 1 bis 10 | Branche: Naturheilpraxen'),
('fa6e6357-d71a-47ab-8b38-1669efd50830', '397877ca-7308-4f31-8dc3-beb3201c5373', 'KALTAKQUISE', 'ACTIVE', 0, 'Funktion: Geschäftsführer/in (CEO) | Mitarbeiter: 1 bis 10 | Branche: Atem- Meditation- & Yogacenter'),
('db360129-d3a4-4952-a75b-a28dda0a1a3d', '97a8cedd-f74f-4ad3-a785-2fabc28ece6c', 'KALTAKQUISE', 'ACTIVE', 0, 'Funktion: Geschäftsführer/in (CEO) | Mitarbeiter: 1 bis 10 | Branche: Atem- Meditation- & Yogacenter'),
('ea2da36a-0596-49ab-88ea-7e91c4f3dd6a', 'c10117be-5b28-47d5-9636-c5da055cbb25', 'KALTAKQUISE', 'ACTIVE', 0, 'Funktion: Geschäftsführer/in (CEO) | Mitarbeiter: 1 bis 10 | Branche: Immobilienverwaltung / Immobilienvermittlung'),
('ea4f4346-ff2c-4265-9d57-24da9f95c512', '7b4153a4-4e48-407b-98d0-dd98190e356b', 'KALTAKQUISE', 'ACTIVE', 0, 'Funktion: Geschäftsführer/in (CEO) | Mitarbeiter: 1 bis 10 | Branche: Atem- Meditation- & Yogacenter'),
('f6941baa-dc3e-4ab9-bff0-dc4eeae58e5b', '092bb311-6933-4c95-b572-064658e20f11', 'KALTAKQUISE', 'ACTIVE', 0, 'Funktion: Geschäftsführer/in (CEO) | Mitarbeiter: 1 bis 10 | Branche: Atem- Meditation- & Yogacenter'),
('253a183a-3bcf-4f47-bc73-5a808ed72d4c', '6334afb0-b5cc-4edd-8f8f-b0396c5caca5', 'KALTAKQUISE', 'ACTIVE', 0, 'Funktion: Geschäftsführer/in (CEO) | Mitarbeiter: 1 bis 10 | Branche: Psychiatrie & Psychotherapie'),
('d7b123af-f41a-4634-847f-daf0455150e7', '833c6801-854b-4bf0-a1e2-6b1198ce09e7', 'KALTAKQUISE', 'ACTIVE', 0, 'Funktion: Geschäftsführer/in (CEO) | Mitarbeiter: 1 bis 10 | Branche: Werbeagenturen | Rechtsform: Gesellschaft mit beschränkter Haftung'),
('7c0dcd6d-7efe-4300-87c9-8e9050b2e27e', '23d3ab57-eb60-48b6-8e23-8d5eeb32ed49', 'KALTAKQUISE', 'ACTIVE', 0, 'Funktion: Geschäftsführer/in (CEO) | Mitarbeiter: 1 bis 10 | Branche: Arztpraxen'),
('5b74bdd0-b99f-4427-8c67-510500dc3190', 'cf0f941e-0187-436e-880f-7c7b138ec59d', 'KALTAKQUISE', 'ACTIVE', 0, 'Funktion: Geschäftsführer/in (CEO) | Mitarbeiter: 1 bis 10 | Branche: Arztpraxen | Rechtsform: Aktiengesellschaft'),
('7f339f91-21ec-4188-98c6-b3c1fc3d07d3', '2ea07a19-feb8-4760-9e8d-4a85c6feff7a', 'KALTAKQUISE', 'ACTIVE', 0, 'Funktion: Geschäftsführer/in (CEO) | Mitarbeiter: 1 bis 10 | Branche: Werbeagenturen | Rechtsform: Aktiengesellschaft'),
('d2300058-a2d2-4591-9a23-7ef8cd7db91f', '00df0b66-13d7-41a2-980d-2ac0482ec403', 'KALTAKQUISE', 'ACTIVE', 0, 'Funktion: Geschäftsführer/in (CEO) | Mitarbeiter: 1 bis 10 | Branche: Uhrenindustrie | Rechtsform: Aktiengesellschaft'),
('5d5dfdfa-a9de-4608-a0cd-63022e38957c', '66917bd2-af22-4651-9df4-3fd2cc83afac', 'KALTAKQUISE', 'ACTIVE', 0, 'Funktion: Geschäftsführer/in (CEO) | Mitarbeiter: 1 bis 10 | Branche: Atem- Meditation- & Yogacenter'),
('036974c7-48bc-4944-818a-2cb5c261e91a', '73ab1a4a-b728-4c1a-84f5-58905c6386e8', 'KALTAKQUISE', 'ACTIVE', 0, 'Funktion: Geschäftsführer/in (CEO) | Mitarbeiter: 1 bis 10 | Branche: Atem- Meditation- & Yogacenter'),
('2b40ec50-3b44-4b93-92c9-be78a810419f', '209fc35f-2a37-4b32-be59-15acfd0fe865', 'KALTAKQUISE', 'ACTIVE', 0, 'Funktion: Geschäftsführer/in (CEO) | Mitarbeiter: 1 bis 10 | Branche: Atem- Meditation- & Yogacenter'),
('d1eaa558-7eab-420c-ab4c-259804f34eb6', 'e0f8f4cd-4dcf-4d04-8119-fdc74d6e90ea', 'KALTAKQUISE', 'ACTIVE', 0, 'Funktion: Geschäftsführer/in (CEO) | Mitarbeiter: 1 bis 10 | Branche: Atem- Meditation- & Yogacenter'),
('e6627db9-93d9-471a-b564-317e7546c5d5', 'cd63aecb-5296-422c-8981-60ad5fde37a1', 'KALTAKQUISE', 'ACTIVE', 0, 'Funktion: Geschäftsführer/in (CEO) | Mitarbeiter: 1 bis 10 | Branche: Clubs, Bars & Eventlocations / Restaurants | Rechtsform: Einzelunternehmen'),
('227e7ae4-df20-4f44-9ff5-8d673f0a5db7', 'ec6607b9-a040-4186-84ba-2ac9d0a83b68', 'KALTAKQUISE', 'ACTIVE', 0, 'Funktion: Geschäftsführer/in (CEO) | Mitarbeiter: 1 bis 10 | Branche: Gartenbau & -pflege'),
('4c680956-0202-4ba6-9d24-0dc16791dedf', 'b985142b-54fc-491c-991a-25abfdaaf64f', 'KALTAKQUISE', 'ACTIVE', 0, 'Funktion: Geschäftsführer/in (CEO) | Mitarbeiter: 1 bis 10 | Branche: Schreinerei- & Holzbaubetriebe | Rechtsform: Einzelunternehmen'),
('415d61ad-f353-4093-a141-6bfe548ab674', 'b2b4a28c-1058-433c-9280-63fdb6189f5a', 'KALTAKQUISE', 'ACTIVE', 0, 'Funktion: Geschäftsführer/in (CEO) | Mitarbeiter: 1 bis 10 | Branche: Lebensmittelverarbeitung | Rechtsform: Aktiengesellschaft'),
('f32ebfa9-1114-4aab-8c9a-6326a85c229f', 'ced277bb-410e-46da-a7a3-6e32c0dd3307', 'KALTAKQUISE', 'ACTIVE', 0, 'Funktion: Geschäftsführer/in (CEO) | Mitarbeiter: 1 bis 10 | Branche: Restaurants | Rechtsform: Aktiengesellschaft'),
('da9ed234-31b4-4810-8f2d-d784ec7360a1', '06034a4d-c6cb-42dc-8190-eb30eaa5525c', 'KALTAKQUISE', 'ACTIVE', 0, 'Funktion: Geschäftsführer/in (CEO) | Mitarbeiter: 1 bis 10 | Branche: Logistik- & Transportunternehmen | Rechtsform: Gesellschaft mit beschränkter Haftung'),
('463fe8ff-a17b-425d-bbf9-f71a91a6ef35', '5dac4014-58ea-4756-aa92-434abb0d3318', 'KALTAKQUISE', 'ACTIVE', 0, 'Funktion: Geschäftsführer/in (CEO) | Mitarbeiter: 1 bis 10 | Branche: Testcenter'),
('6ab05c61-4b10-4d9d-ace1-c8b4074b9dac', 'f0a7682e-2ab0-4be9-8ca4-cbeb9a309993', 'KALTAKQUISE', 'ACTIVE', 0, 'Funktion: Geschäftsführer/in (CEO) | Mitarbeiter: 11 bis 20 | Branche: Textil- & Möbelindustrie | Rechtsform: Einzelunternehmen'),
('d5fc39c2-8e33-4199-a8dd-cb216eefcabb', '851d6e4b-3368-4e52-8066-9671bb1b7747', 'KALTAKQUISE', 'ACTIVE', 0, 'Funktion: Geschäftsführer/in (CEO) | Mitarbeiter: 1 bis 10 | Branche: Treuhandbüros'),
('684177d8-836d-4251-8c6e-e94f4d31c0c9', '9caf8730-1cb1-4bfb-aff5-2d089865ee6a', 'KALTAKQUISE', 'ACTIVE', 0, 'Funktion: Geschäftsführer/in (CEO) | Mitarbeiter: 1 bis 10 | Branche: Werbeagenturen | Rechtsform: Aktiengesellschaft'),
('ceac42b6-7fd2-49ce-9fb7-21e9c8013103', 'f10ab8fe-2129-4a10-8c40-ae3a3c3533ef', 'KALTAKQUISE', 'ACTIVE', 0, 'Funktion: Geschäftsführer/in (CEO) | Mitarbeiter: 1 bis 10 | Branche: Atem- Meditation- & Yogacenter'),
('7951c333-a016-47ff-8728-e2c67f403aa4', '32a6308e-b589-4174-aab7-11578bab0f1b', 'KALTAKQUISE', 'ACTIVE', 0, 'Funktion: Geschäftsführer/in (CEO) | Mitarbeiter: 1 bis 10 | Branche: Textil- & Möbelindustrie | Rechtsform: Aktiengesellschaft'),
('8dc5d481-9cc9-4c57-82a7-aa80f8ae60fe', '68bafa9b-5e85-4e4f-b666-a544f6110fd0', 'KALTAKQUISE', 'ACTIVE', 0, 'Funktion: Geschäftsführer/in (CEO) | Mitarbeiter: 11 bis 20 | Branche: Personalvermittler & -berater | Rechtsform: Aktiengesellschaft'),
('fd5f3e38-fbbc-476a-9e4e-777f68d7dcb7', '46434859-7ca0-45cb-bfa0-16b96c2553ac', 'KALTAKQUISE', 'ACTIVE', 0, 'Funktion: Geschäftsführer/in (CEO) | Mitarbeiter: 1 bis 10 | Branche: Unternehmensberater | Rechtsform: Aktiengesellschaft'),
('5beb44ba-2dda-4bd7-b75c-9a5eb6da06b6', 'aa8b6be3-6e97-4ea3-8d48-de643db8bbf8', 'KALTAKQUISE', 'ACTIVE', 0, 'Funktion: Geschäftsführer/in (CEO) | Mitarbeiter: 21 bis 50 | Branche: Textil- & Möbelindustrie | Rechtsform: Aktiengesellschaft'),
('2d7feedf-a844-438e-928b-40462cf64098', 'e39c282c-a465-4e16-a854-629e2a9edf30', 'KALTAKQUISE', 'ACTIVE', 0, 'Funktion: Geschäftsführer/in (CEO) | Mitarbeiter: 11 bis 20 | Branche: Fitnessstudios / Physiotherapie | Rechtsform: Aktiengesellschaft'),
('16cc0728-e453-4061-8bbf-a4ba2bac246d', '6dab1664-b579-4d2a-b7e4-d61c2977937a', 'KALTAKQUISE', 'ACTIVE', 0, 'Funktion: Geschäftsführer/in (CEO) | Mitarbeiter: 1 bis 10 | Branche: Physiotherapie'),
('f31bef28-c6ce-4db9-bf56-52ab4d08b448', '69a5c494-a9a7-4f91-8600-c5dc0cc26a8f', 'KALTAKQUISE', 'ACTIVE', 0, 'Funktion: Geschäftsführer/in (CEO) | Mitarbeiter: 1 bis 10 | Branche: Facility Management & Reinigungsfirmen / Maler- & Gipsergeschäfte | Rechtsform: Gesellschaft mit beschränkter Haftung'),
('9463efba-0660-48b8-96af-61395615b6e6', 'c1f23225-8bc1-4b9c-916a-e42bea604208', 'KALTAKQUISE', 'ACTIVE', 0, 'Funktion: Geschäftsführer/in (CEO) | Mitarbeiter: 11 bis 20 | Branche: Werbeagenturen | Rechtsform: Aktiengesellschaft'),
('78ac3e3b-c745-4f0c-b601-22b193876891', '091619f3-3e59-42d2-9068-661a7eba3415', 'KALTAKQUISE', 'ACTIVE', 0, 'Funktion: Geschäftsführer/in (CEO) | Mitarbeiter: 11 bis 20 | Branche: Elektroindustrie | Rechtsform: Gesellschaft mit beschränkter Haftung'),
('79a391ed-9411-4e80-843f-a5c845dd06eb', '7fa99d43-afb6-4585-9373-5c9a876ec738', 'KALTAKQUISE', 'ACTIVE', 0, 'Funktion: Geschäftsführer/in (CEO) | Mitarbeiter: 21 bis 50 | Branche: Maschinenbauindustrie | Rechtsform: Aktiengesellschaft'),
('c42ebe15-b3f3-4ead-9e1d-79b235d95460', '1aaa1b2c-e2c3-445c-aadd-656d56f86838', 'KALTAKQUISE', 'ACTIVE', 0, 'Funktion: Geschäftsführer/in (CEO) | Mitarbeiter: 1 bis 10 | Branche: Chemieindustrie | Rechtsform: Gesellschaft mit beschränkter Haftung'),
('e876078f-32c8-41d0-8791-5589803efcde', '2724312c-8270-4260-81ed-1ce7367c5966', 'KALTAKQUISE', 'ACTIVE', 0, 'Funktion: Geschäftsführer/in (CEO) | Mitarbeiter: 1 bis 10 | Branche: Bau- & Projektmanagement / Bauherrenvertretung | Rechtsform: Gesellschaft mit beschränkter Haftung'),
('8bed2218-d52a-4dd2-a92f-66b9bd25fa03', '4d380af1-b92a-4db2-a5c2-42e5fc0c14f3', 'KALTAKQUISE', 'ACTIVE', 0, 'Funktion: Geschäftsführer/in (CEO) | Mitarbeiter: 1 bis 10 | Branche: Metallbauer | Rechtsform: Aktiengesellschaft'),
('88f5ea27-3fa2-4a11-a4e1-49fb6cd69f10', '18554530-90a2-4db0-b3f2-10b94532e21b', 'KALTAKQUISE', 'ACTIVE', 0, 'Funktion: Geschäftsführer/in (CEO) | Mitarbeiter: 1 bis 10 | Branche: Innenausstatter | Rechtsform: Aktiengesellschaft'),
('f13c09e7-719d-4416-b0c2-e7a24b44ced1', '7d338a60-52bf-48f7-878c-aec3e1c2ba2c', 'KALTAKQUISE', 'ACTIVE', 0, 'Funktion: Geschäftsführer/in (CEO) | Mitarbeiter: 11 bis 20 | Branche: IT Unternehmen | Rechtsform: Aktiengesellschaft'),
('4290dd2f-51e4-4283-8224-e52c539c4adb', '099fc20c-db10-48a0-b5f2-5160a782a764', 'KALTAKQUISE', 'ACTIVE', 0, 'Funktion: Gesamtleitung/Direktion | Mitarbeiter: 1 bis 10 | Branche: Hotels / Restaurants | Rechtsform: Gesellschaft mit beschränkter Haftung'),
('5287154a-33b0-4b3b-ac3f-d1b581ef4b83', 'dc68b058-c4dc-4d5c-8544-4000de1e4315', 'KALTAKQUISE', 'ACTIVE', 0, 'Funktion: Geschäftsführer/in (CEO) | Mitarbeiter: 21 bis 50 | Branche: Textil- & Möbelindustrie | Rechtsform: Aktiengesellschaft'),
('73efc5f6-0b8b-4bb6-b48a-75c2ec523991', '6c001d03-dfb5-4c53-a11e-0d598b4b2e2d', 'KALTAKQUISE', 'ACTIVE', 0, 'Funktion: Geschäftsführer/in (CEO) | Mitarbeiter: 21 bis 50 | Branche: Baugeschäfte | Rechtsform: Aktiengesellschaft'),
('19bee7b1-1cd4-44e2-ae98-276c72d10b05', '2579bc04-5dff-4fac-848c-b1265cc8255d', 'KALTAKQUISE', 'ACTIVE', 0, 'Funktion: Geschäftsführer/in (CEO) | Mitarbeiter: 11 bis 20 | Branche: Bau- & Projektmanagement / General- & Totalunternehmungen / Immobilienprojektentwicklung | Rechtsform: Aktiengesellschaft'),
('740e75d7-eda6-410b-9c3b-f16a74f08a29', '1c4a7eea-1b2d-4279-851b-0dbc6402477f', 'KALTAKQUISE', 'ACTIVE', 0, 'Funktion: Geschäftsführer/in (CEO) | Mitarbeiter: 21 bis 50 | Branche: Immobilienprojektentwicklung | Rechtsform: Aktiengesellschaft'),
('70eaffe0-938f-4fb0-9d7f-d1152874a236', '24499219-2a31-44c2-87d4-05e5fe8772c2', 'KALTAKQUISE', 'ACTIVE', 0, 'Funktion: Geschäftsführer/in (CEO) | Mitarbeiter: 1 bis 10 | Branche: Maler- & Gipsergeschäfte | Rechtsform: Gesellschaft mit beschränkter Haftung'),
('485cff1c-48b0-4bd9-b3e2-2feae4a876ca', '91fbceff-df07-4996-8845-2ff8bbae27f5', 'KALTAKQUISE', 'ACTIVE', 0, 'Funktion: Geschäftsführer/in (CEO) | Mitarbeiter: 1 bis 10 | Branche: Bau- & Projektmanagement / Immobilienvermittlung / Immobilienprojektentwicklung / Bauherrenvertretung'),
('73439c5c-c6c2-414e-9574-b8d1e17bb0af', '5a60626a-3f10-4a8e-afd4-43bdeebe4cc0', 'KALTAKQUISE', 'ACTIVE', 0, 'Funktion: Geschäftsführer/in (CEO) | Mitarbeiter: 11 bis 20 | Branche: Family Offices / Fonds & sonstige Finanzinstitute / Externe Vermögensverwalter | Rechtsform: Aktiengesellschaft'),
('50ecef02-ab6e-4bba-931f-25c7322e8327', 'f94ec841-5b2f-4eb3-9fd5-9f18ec89f5a9', 'KALTAKQUISE', 'ACTIVE', 0, 'Funktion: Geschäftsführer/in (CEO) | Mitarbeiter: 21 bis 50 | Branche: Kunststoffindustrie | Rechtsform: Aktiengesellschaft'),
('bc7e7cc8-8727-4f90-90b1-ee341815df2d', '0f4698f4-e63e-455e-a063-92ac14dd8e55', 'KALTAKQUISE', 'ACTIVE', 0, 'Funktion: Geschäftsführer/in (CEO) | Mitarbeiter: 1 bis 10 | Branche: Garagen | Rechtsform: Aktiengesellschaft'),
('2c8bd009-f0df-4e4c-8964-30de7f39223a', '02995885-3370-4dde-8c6c-3ff6a43e364c', 'KALTAKQUISE', 'ACTIVE', 0, 'Funktion: Geschäftsführer/in (CEO) | Mitarbeiter: 1 bis 10 | Branche: Garagen | Rechtsform: Gesellschaft mit beschränkter Haftung'),
('4d04d5a8-1269-4303-bcb6-1ed7c0629b0f', '95d29bbf-4a09-4e84-aa5e-ed3c1baa0375', 'KALTAKQUISE', 'ACTIVE', 0, 'Funktion: Leitung Einkauf | Mitarbeiter: 21 bis 50 | Branche: Divers | Rechtsform: Aktiengesellschaft'),
('aeaaf408-493f-4fe2-ab88-e2989a6300d7', 'd25f4708-7115-4940-9925-2af4019c97fb', 'KALTAKQUISE', 'ACTIVE', 0, 'Funktion: Geschäftsführer/in (CEO) | Mitarbeiter: 1 bis 10 | Branche: Medizintechnik-Industrie | Rechtsform: Gesellschaft mit beschränkter Haftung'),
('857eba7f-ad13-421e-b582-c1bc30709fee', '3c44cf4e-ad8b-410b-ba4e-0404af98a284', 'KALTAKQUISE', 'ACTIVE', 0, 'Funktion: Geschäftsführer/in (CEO) | Mitarbeiter: 51 bis 100 | Branche: Medizintechnik-Industrie | Rechtsform: Aktiengesellschaft'),
('ec4ab550-276e-4187-95d5-51c9dbfd5d32', '3ff9fca8-db4e-43b2-9b1b-d5bfcb4d7876', 'KALTAKQUISE', 'ACTIVE', 0, 'Funktion: Geschäftsführer/in (CEO) | Mitarbeiter: 1 bis 10 | Branche: Elektroindustrie | Rechtsform: Aktiengesellschaft'),
('a12b7e33-ac3a-440f-ad32-1911b487a4fe', '637542bc-523c-4cd8-b520-9fceb7837d31', 'KALTAKQUISE', 'ACTIVE', 0, 'Funktion: Geschäftsführer/in (CEO) | Mitarbeiter: 11 bis 20 | Branche: Baugeschäfte | Rechtsform: Schweizerische Zweigniederlassung'),
('0d014cfe-ade4-4aec-8267-57dc73dd1d84', 'a3a0eee7-5380-42e0-a848-152b1c480e8e', 'KALTAKQUISE', 'ACTIVE', 0, 'Funktion: Geschäftsführer/in (CEO) | Mitarbeiter: 1 bis 10 | Branche: Facility Management & Reinigungsfirmen'),
('cffc9d56-e79e-4791-94c2-31fae6e8dac2', '24ee468e-f5c7-4857-a9ad-8fc8b0311fa8', 'KALTAKQUISE', 'ACTIVE', 0, 'Funktion: Geschäftsführer/in (CEO) | Mitarbeiter: 1 bis 10 | Branche: Medizintechnik-Industrie | Rechtsform: Gesellschaft mit beschränkter Haftung'),
('cb3aab0b-160a-4446-a889-6f64f919939a', '2c469831-dd36-4498-bc0b-8299dbbf4275', 'KALTAKQUISE', 'ACTIVE', 0, 'Funktion: Geschäftsführer/in (CEO) | Mitarbeiter: 1 bis 10 | Branche: Boden- & Plattenleger'),
('a64d072f-aa67-42bf-a9e5-772c2e8f8312', '5a7484e4-28af-413d-a5d2-ba9f9666b38d', 'KALTAKQUISE', 'ACTIVE', 0, 'Funktion: Geschäftsführer/in (CEO) | Mitarbeiter: 1 bis 10 | Branche: Werbeagenturen | Rechtsform: Gesellschaft mit beschränkter Haftung'),
('af1557ef-a71e-46ed-82f5-7594a752e2bf', '594f9ec9-75cb-426c-92af-496ea46ce1d7', 'KALTAKQUISE', 'ACTIVE', 0, 'Funktion: Geschäftsführer/in (CEO) | Mitarbeiter: 1 bis 10 | Branche: Werbeagenturen | Rechtsform: Gesellschaft mit beschränkter Haftung'),
('32012dae-fcde-455f-8239-871324a1b96b', '2b52c4cf-3414-423b-973b-9496680c021d', 'KALTAKQUISE', 'ACTIVE', 0, 'Funktion: Geschäftsführer/in (CEO) | Mitarbeiter: 1 bis 10 | Branche: Kosmetikstudios | Rechtsform: Einzelunternehmen'),
('9ecb1e04-aff2-4b5d-a6ed-3fef00b3b558', '54020146-0453-4f7b-8aec-7098398431a7', 'KALTAKQUISE', 'ACTIVE', 0, 'Funktion: Geschäftsführer/in (CEO) | Mitarbeiter: 1 bis 10 | Branche: Kosmetikstudios | Rechtsform: Einzelunternehmen'),
('3a1c4d42-41d9-45a8-afe3-d09c7980c614', 'dba67546-a222-40c3-8047-8c5fa141a565', 'KALTAKQUISE', 'ACTIVE', 0, 'Funktion: Geschäftsführer/in (CEO) | Mitarbeiter: 1 bis 10 | Branche: Kosmetikstudios | Rechtsform: Einzelunternehmen'),
('2894d23c-4e66-4924-8f6c-70822d0d3f74', '530dcf72-83d1-4ebc-97ff-ffae452fc279', 'KALTAKQUISE', 'ACTIVE', 0, 'Funktion: Geschäftsführer/in (CEO) | Mitarbeiter: 1 bis 10 | Branche: Kosmetikstudios'),
('34f56f3e-677e-4b58-b3fe-c6f74b471e2d', '4bc98650-6745-42a4-b5d9-433660534ad4', 'KALTAKQUISE', 'ACTIVE', 0, 'Funktion: Geschäftsführer/in (CEO) | Mitarbeiter: 1 bis 10 | Branche: Kosmetikstudios | Rechtsform: Einzelunternehmen'),
('5f178965-948c-41ca-938c-cca335108748', '77d4e661-2e43-4c42-8f01-a71801303321', 'KALTAKQUISE', 'ACTIVE', 0, 'Funktion: Geschäftsführer/in (CEO) | Mitarbeiter: 1 bis 10 | Branche: Kosmetikstudios'),
('73fba486-5f8a-4875-87c3-61d8d8cd93d6', 'e7fec170-dc8e-40f9-b735-89075e377c2d', 'KALTAKQUISE', 'ACTIVE', 0, 'Funktion: Geschäftsführer/in (CEO) | Mitarbeiter: 1 bis 10 | Branche: Kosmetikstudios'),
('104d2694-6e5c-4ffc-ad0d-2323a4f766b3', '5d7e1077-de65-4822-91a0-28d2f9fd9f66', 'KALTAKQUISE', 'ACTIVE', 0, 'Funktion: Geschäftsführer/in (CEO) | Mitarbeiter: 1 bis 10 | Branche: Kosmetikstudios'),
('dd9cd9a6-1102-48b1-b1b3-04ecd00620ee', '54c0e4f2-0809-4c56-889c-87e84004ffd6', 'KALTAKQUISE', 'ACTIVE', 0, 'Funktion: Geschäftsführer/in (CEO) | Mitarbeiter: 1 bis 10 | Branche: Kosmetikstudios | Rechtsform: Einzelunternehmen'),
('59f51f42-ebba-41de-8ee0-6429340f615f', '8bfda35a-f198-433a-8114-2243e6818822', 'KALTAKQUISE', 'ACTIVE', 0, 'Funktion: Geschäftsführer/in (CEO) | Mitarbeiter: 1 bis 10 | Branche: Kosmetikstudios | Rechtsform: Gesellschaft mit beschränkter Haftung'),
('4034634e-5756-4e07-80aa-bb3b71670f4a', '528d253b-bb4c-4ae5-b947-31054a6d0dd3', 'KALTAKQUISE', 'ACTIVE', 0, 'Funktion: Geschäftsführer/in (CEO) | Mitarbeiter: 1 bis 10 | Branche: Kosmetikstudios'),
('faa9f778-8395-4867-8155-e516b06b4c47', 'aed8fa91-4981-47d1-9f39-a36da28b9305', 'KALTAKQUISE', 'ACTIVE', 0, 'Funktion: Geschäftsführer/in (CEO) | Mitarbeiter: 1 bis 10 | Branche: Kosmetikstudios | Rechtsform: Einzelunternehmen'),
('8a7b89cc-dfef-4995-8a4a-6feeb86a426c', 'd6117519-43da-4345-ad54-7476608e9ffe', 'KALTAKQUISE', 'ACTIVE', 0, 'Funktion: Geschäftsführer/in (CEO) | Mitarbeiter: 1 bis 10 | Branche: Kosmetikstudios | Rechtsform: Gesellschaft mit beschränkter Haftung'),
('f141c19f-4a13-4248-92c8-09b154eada44', '9eae1bca-70e6-4bec-8359-5ae75c9b260b', 'KALTAKQUISE', 'ACTIVE', 0, 'Funktion: Geschäftsführer/in (CEO) | Mitarbeiter: 1 bis 10 | Branche: Kosmetikstudios | Rechtsform: Einzelunternehmen'),
('e41bc4ee-7b50-43cc-9d4d-fbc2ba908adf', 'eb943c4e-8776-46f3-a63f-fee9f48afdec', 'KALTAKQUISE', 'ACTIVE', 0, 'Funktion: Geschäftsführer/in (CEO) | Mitarbeiter: 1 bis 10 | Branche: Chemieindustrie | Rechtsform: Aktiengesellschaft'),
('c9fa0fc9-83e8-466b-9583-f6a88b11a080', '3f20a9ac-ef8b-40f7-b443-a734464a7be7', 'KALTAKQUISE', 'ACTIVE', 0, 'Funktion: Geschäftsführer/in (CEO) | Mitarbeiter: 1 bis 10 | Branche: Kosmetikstudios | Rechtsform: Gesellschaft mit beschränkter Haftung'),
('aa15eed9-6532-4fb0-a5ea-5e36bf2d736f', '78d3b6fe-da14-4bcf-a7c7-5ba88e32703c', 'KALTAKQUISE', 'ACTIVE', 0, 'Funktion: Geschäftsführer/in (CEO) | Mitarbeiter: 1 bis 10 | Branche: Kosmetikstudios'),
('e079374a-e05c-4daa-81b9-1c89a67e878d', '27874319-2ab6-414c-b7eb-30067889432a', 'KALTAKQUISE', 'ACTIVE', 0, 'Funktion: Geschäftsführer/in (CEO) | Mitarbeiter: 1 bis 10 | Branche: Kosmetikstudios'),
('a2c85bac-00c9-4d9a-99d3-b4bdbbdc97d5', 'eb2e6b6e-3351-4374-8a82-81741189819b', 'KALTAKQUISE', 'ACTIVE', 0, 'Funktion: Geschäftsführer/in (CEO) | Mitarbeiter: 1 bis 10 | Branche: Kosmetikstudios | Rechtsform: Einzelunternehmen'),
('211d9a9a-e0c9-4dc2-bdb5-a377fc5747bb', '3f049929-1dfe-410c-a6d5-79f7861bb96d', 'KALTAKQUISE', 'ACTIVE', 0, 'Funktion: Geschäftsführer/in (CEO) | Mitarbeiter: 1 bis 10 | Branche: Kosmetikstudios'),
('ea5d3469-d35b-4179-a023-499a91f7ca72', '5c7ec235-aa21-48b0-864b-0df2d7390fa5', 'KALTAKQUISE', 'ACTIVE', 0, 'Funktion: Geschäftsführer/in (CEO) | Mitarbeiter: 1 bis 10 | Branche: Kosmetikstudios'),
('4e454a35-2fa5-4c32-8414-ce6e9184c794', 'f1e7b164-cf31-437c-9441-d9a294b12017', 'KALTAKQUISE', 'ACTIVE', 0, 'Funktion: Geschäftsführer/in (CEO) | Mitarbeiter: 1 bis 10 | Branche: Kosmetikstudios | Rechtsform: Einzelunternehmen'),
('1de1d0c6-e7da-4a96-bd8b-ced937f75130', '3440312a-5d53-4779-a86c-3415c897a3f0', 'KALTAKQUISE', 'ACTIVE', 0, 'Funktion: Geschäftsführer/in (CEO) | Mitarbeiter: 1 bis 10 | Branche: Kosmetikstudios'),
('2fbfad89-628d-4fad-90aa-514c2690f4c2', 'dd4b83d8-a5eb-4ff7-b7f5-81d7cabd62d6', 'KALTAKQUISE', 'ACTIVE', 0, 'Funktion: Geschäftsführer/in (CEO) | Mitarbeiter: 1 bis 10 | Branche: Kosmetikstudios'),
('99d76d17-f7a6-419e-aa71-4e328d71e0e4', 'be20466a-bd72-49df-a6c5-1b5d0e07cce6', 'KALTAKQUISE', 'ACTIVE', 0, 'Funktion: Geschäftsführer/in (CEO) | Mitarbeiter: 1 bis 10 | Branche: Kosmetikstudios | Rechtsform: Einzelunternehmen'),
('0e8a389e-8c49-478a-92ad-1141f1bd09ae', 'db915280-ceb0-4652-b590-fd7184f7b133', 'KALTAKQUISE', 'ACTIVE', 0, 'Funktion: Geschäftsführer/in (CEO) | Mitarbeiter: 1 bis 10 | Branche: Kosmetikstudios'),
('9acb4269-c0c1-4334-9509-7dfee1cc08ae', '37de8aae-1910-4a5a-8cdc-2c7461def54f', 'KALTAKQUISE', 'ACTIVE', 0, 'Funktion: Geschäftsführer/in (CEO) | Mitarbeiter: 1 bis 10 | Branche: Kosmetikstudios | Rechtsform: Einzelunternehmen'),
('1e48c4d4-0304-43f4-b316-7d9de270a139', '8943a6f3-7ccb-4fce-a0ec-abec45e8b041', 'KALTAKQUISE', 'ACTIVE', 0, 'Funktion: Geschäftsführer/in (CEO) | Mitarbeiter: 51 bis 100 | Branche: Chemieindustrie | Rechtsform: Aktiengesellschaft'),
('e818507e-df48-4baa-b619-9b5727f3728a', '7f5d8ddf-d99c-4308-b324-3f01254ca15a', 'KALTAKQUISE', 'ACTIVE', 0, 'Funktion: Geschäftsführer/in (CEO) | Mitarbeiter: 1 bis 10 | Branche: Kosmetikstudios | Rechtsform: Einzelunternehmen'),
('62a9c3f2-04eb-427a-a642-54d219c4f6c2', 'c29dfcbb-6fe7-4557-a10b-c738d3be2c28', 'KALTAKQUISE', 'ACTIVE', 0, 'Funktion: Geschäftsführer/in (CEO) | Mitarbeiter: 1 bis 10 | Branche: Chemieindustrie | Rechtsform: Aktiengesellschaft'),
('b3ba49bb-c0e3-4295-8ddf-cdc64c41f4d7', '9b6ba7b9-bad2-4103-865f-323286d8f11d', 'KALTAKQUISE', 'ACTIVE', 0, 'Funktion: Geschäftsführer/in (CEO) | Mitarbeiter: 1 bis 10 | Branche: Kosmetikstudios / Nachhaltigkeitsbereich'),
('1e62095a-c6de-4494-9da7-bd51a347acf6', '643c3d58-54bf-4c23-bbb1-59c7bcb27c78', 'KALTAKQUISE', 'ACTIVE', 0, 'Funktion: Geschäftsführer/in (CEO) | Mitarbeiter: 1 bis 10 | Branche: Werbeagenturen | Rechtsform: Aktiengesellschaft'),
('e3fafa2c-7466-4f7f-b769-b8110c885acd', 'a95fe4cd-590d-4411-8eb1-86cac08551bf', 'KALTAKQUISE', 'ACTIVE', 0, 'Funktion: Geschäftsführer/in (CEO) | Mitarbeiter: 1 bis 10 | Branche: Getränkeindustrie | Rechtsform: Aktiengesellschaft'),
('43d510bd-548a-427e-a778-fe351ba581d8', '3044f9bd-af15-4055-a82b-dd171217a3e0', 'KALTAKQUISE', 'ACTIVE', 0, 'Funktion: Geschäftsführer/in (CEO) | Mitarbeiter: 1 bis 10 | Branche: Coiffeursalons'),
('76eff7c7-9138-4927-9be4-3217e5c58f7e', '31553af6-843d-4af3-ba25-81a923e14566', 'KALTAKQUISE', 'ACTIVE', 0, 'Funktion: Geschäftsführer/in (CEO) | Mitarbeiter: Mehr als 500 | Branche: IT Unternehmen | Rechtsform: Aktiengesellschaft'),
('30a8c837-5763-46e1-b698-769c79525704', '5ba6f0de-bca2-4242-90d8-897a7e13e981', 'KALTAKQUISE', 'ACTIVE', 0, 'Funktion: Geschäftsführer/in (CEO) | Mitarbeiter: Mehr als 500 | Branche: Uhrenindustrie | Rechtsform: Aktiengesellschaft'),
('02e0c41c-a88a-41c4-8159-a903812d83a7', '9cae3202-8e09-4e69-ade6-079a9ce573ca', 'KALTAKQUISE', 'ACTIVE', 0, 'Funktion: Geschäftsführer/in (CEO) | Mitarbeiter: 1 bis 10 | Branche: Treuhandbüros'),
('5b780b15-a26a-44d8-886b-8d91248d008d', 'd4fee7ff-7b20-47d1-9405-2427427c2708', 'KALTAKQUISE', 'ACTIVE', 0, 'Funktion: Geschäftsführer/in (CEO) | Mitarbeiter: 11 bis 20 | Branche: Zahnarztpraxen | Rechtsform: Aktiengesellschaft'),
('63f3a3b6-0f4e-466a-90ac-83a867e2edea', 'ad7deefd-2bd3-49fa-8d89-408e6ae0cfb8', 'KALTAKQUISE', 'ACTIVE', 0, 'Funktion: Geschäftsführer/in (CEO) | Mitarbeiter: 1 bis 10 | Branche: Chemieindustrie | Rechtsform: Gesellschaft mit beschränkter Haftung'),
('662eb693-8860-4730-8379-c762e5472f6e', '78d5e406-f33c-4e31-833c-7dfb5aa6353b', 'KALTAKQUISE', 'ACTIVE', 0, 'Funktion: Geschäftsführer/in (CEO) | Mitarbeiter: 1 bis 10 | Branche: Kosmetikstudios / Nachhaltigkeitsbereich'),
('ba06872f-6f5e-4f69-a724-a0be40774d7f', '2801473b-3a18-4005-bc0f-3e91ec41aacf', 'KALTAKQUISE', 'ACTIVE', 0, 'Funktion: Geschäftsführer/in (CEO) | Mitarbeiter: 1 bis 10 | Branche: Textil- & Möbelindustrie / Online Shops | Rechtsform: Gesellschaft mit beschränkter Haftung'),
('e068db9a-7a7e-4afd-a9d4-550b78fa9f88', '873b879f-01d9-4370-b49a-373d9b8d2e83', 'KALTAKQUISE', 'ACTIVE', 0, 'Funktion: Geschäftsführer/in (CEO) | Mitarbeiter: 1 bis 10 | Branche: Chemieindustrie | Rechtsform: Gesellschaft mit beschränkter Haftung'),
('1cfcad0a-b967-4631-99d0-49071aaf663e', '894a5e42-136d-4c1f-bf7f-a5c8f476257a', 'KALTAKQUISE', 'ACTIVE', 0, 'Funktion: Geschäftsführer/in (CEO) | Mitarbeiter: 1 bis 10 | Branche: Externe Vermögensverwalter | Rechtsform: Aktiengesellschaft'),
('1ee6e6d3-6e66-40e5-b097-e86b22e9a7aa', '2acb6120-7ab3-4d68-b3be-c21fc5f94e77', 'KALTAKQUISE', 'ACTIVE', 0, 'Funktion: Geschäftsführer/in (CEO) | Mitarbeiter: 1 bis 10 | Branche: Energieindustrie | Rechtsform: Kollektivgesellschaft'),
('66fa8fc8-1cf0-4f30-bd39-4e74471a97ea', '568f88cc-dd78-41df-9b19-ee1ae97773d8', 'KALTAKQUISE', 'ACTIVE', 0, 'Funktion: Geschäftsführer/in (CEO) | Mitarbeiter: 1 bis 10 | Branche: Naturheilpraxen'),
('149bf162-60e1-4e50-a657-ce64d54997bb', '0a52c1cf-05a8-41ca-a371-aecd68cd575a', 'KALTAKQUISE', 'ACTIVE', 0, 'Funktion: Geschäftsführer/in (CEO) | Mitarbeiter: 1 bis 10 | Branche: Atem- Meditation- & Yogacenter'),
('46d025b1-66d5-4a8c-a2e4-bf8fae0a4d1e', '80dc0e3a-c336-4009-80f2-ed7ab71aea35', 'KALTAKQUISE', 'ACTIVE', 0, 'Funktion: Geschäftsführer/in (CEO) | Mitarbeiter: 21 bis 50 | Branche: Online Shops | Rechtsform: Aktiengesellschaft'),
('200b0a6d-ad60-4eb8-9bee-098c15e12916', '52187626-4157-4353-bdef-a7131b70d7a0', 'KALTAKQUISE', 'ACTIVE', 0, 'Funktion: Geschäftsführer/in (CEO) | Mitarbeiter: 21 bis 50 | Branche: Logistik- & Transportunternehmen'),
('13f0f9de-fd60-4ed4-a5c3-39ae3f587644', '7bd85f40-79ca-418c-8173-aa519d4a17c0', 'KALTAKQUISE', 'ACTIVE', 0, 'Funktion: Geschäftsführer/in (CEO) | Mitarbeiter: 1 bis 10 | Branche: Schreinerei- & Holzbaubetriebe'),
('38c757bd-502c-41c1-b482-d1b5babf4506', 'dfa1ae4b-01e6-429e-b2bc-ddcad4411932', 'KALTAKQUISE', 'ACTIVE', 0, 'Funktion: Geschäftsführer/in (CEO) | Mitarbeiter: 11 bis 20 | Branche: Baugeschäfte | Rechtsform: Aktiengesellschaft'),
('85ce10b5-f69f-4ac0-8d91-d0ef3b24ae05', '32aa4570-c50e-4d87-8d35-bd067a53ac1e', 'KALTAKQUISE', 'ACTIVE', 0, 'Funktion: Geschäftsführer/in (CEO) | Mitarbeiter: 11 bis 20 | Branche: Bauingenieurbüros | Rechtsform: Aktiengesellschaft'),
('fbe3c09a-3694-411f-baaf-1feefb00f449', 'dd156dbf-7562-4229-9758-1fd9a5809cf5', 'KALTAKQUISE', 'ACTIVE', 0, 'Funktion: Geschäftsführer/in (CEO) | Mitarbeiter: 11 bis 20 | Branche: Sanitär & Haustechnik | Rechtsform: Gesellschaft mit beschränkter Haftung'),
('998e88a8-2f7c-4f3d-a9b8-c6125f967c40', 'd8baa72e-346e-4bbe-a732-0df34c8ea793', 'KALTAKQUISE', 'ACTIVE', 0, 'Funktion: Geschäftsführer/in (CEO) | Mitarbeiter: 1 bis 10 | Branche: Immobilienvermittlung / Immobilienprojektentwicklung | Rechtsform: Aktiengesellschaft'),
('5621e2b1-135f-4c6b-939b-dc4de4ab970f', '265a1eb9-cf1f-4ba1-bfb3-75248ce70ee2', 'KALTAKQUISE', 'ACTIVE', 0, 'Funktion: Geschäftsführer/in (CEO) | Mitarbeiter: 1 bis 10 | Branche: Maler- & Gipsergeschäfte'),
('0a5f6031-c013-4806-a15f-8cff9f784614', '1a997f1e-0472-4b6a-afbd-6721fd0c5a87', 'KALTAKQUISE', 'ACTIVE', 0, 'Funktion: Geschäftsführer/in (CEO) | Mitarbeiter: 101 bis 500 | Branche: IT Unternehmen / Personalvermittler & -berater | Rechtsform: Gesellschaft mit beschränkter Haftung'),
('1dcae954-713b-4a8b-8fd0-f96198fc0df1', 'c5839395-6b79-4467-a1ff-1602c9953f30', 'KALTAKQUISE', 'ACTIVE', 0, 'Funktion: Geschäftsführer/in (CEO) | Mitarbeiter: 1 bis 10 | Branche: Textil- & Möbelindustrie | Rechtsform: Gesellschaft mit beschränkter Haftung'),
('2debba80-5124-4af2-8203-77564af90652', '34bcd106-7b32-4904-86bc-6ab6dc36ea86', 'KALTAKQUISE', 'ACTIVE', 0, 'Funktion: Geschäftsführer/in (CEO) | Mitarbeiter: Mehr als 500 | Branche: Elektroindustrie | Rechtsform: Aktiengesellschaft'),
('21e5ceed-948a-435f-83cb-78394ee19b8d', '51ed1ce8-488f-4a94-9662-d5fb862666fe', 'KALTAKQUISE', 'ACTIVE', 0, 'Funktion: Geschäftsführer/in (CEO) | Mitarbeiter: 11 bis 20 | Branche: Treuhandbüros | Rechtsform: Aktiengesellschaft'),
('e26e0180-bb44-4ecc-b17d-7ec0964ff039', 'dd19e388-0ae7-42d5-89ce-31cb5e667245', 'KALTAKQUISE', 'ACTIVE', 0, 'Funktion: Geschäftsführer/in (CEO) | Mitarbeiter: 1 bis 10 | Branche: Innenausstatter'),
('fe0ba138-5534-4502-b3e1-8a7146e6b78c', '6b1c61e4-a8f5-4485-ac6b-5e4ae5c7c02a', 'KALTAKQUISE', 'ACTIVE', 0, 'Funktion: Geschäftsführer/in (CEO) | Mitarbeiter: 1 bis 10 | Branche: Textil- & Möbelindustrie | Rechtsform: Gesellschaft mit beschränkter Haftung'),
('d4640d64-7832-4f90-8583-02e358fccc16', '232062e7-5842-44c7-93b4-a62d19885f5b', 'KALTAKQUISE', 'ACTIVE', 0, 'Funktion: Geschäftsführer/in (CEO) | Mitarbeiter: 1 bis 10 | Branche: Physiotherapie | Rechtsform: Einzelunternehmen'),
('cded3de7-9e71-496a-bbda-44612efad239', 'fc610f7a-4587-4895-a112-17fecc03e1b6', 'KALTAKQUISE', 'ACTIVE', 0, 'Funktion: Geschäftsführer/in (CEO) | Mitarbeiter: 101 bis 500 | Branche: Top 2''000 CH-Unternehmen / Logistik- & Transportunternehmen | Rechtsform: Aktiengesellschaft'),
('0f36fa44-25c1-4b72-aa4a-2b6a9b4a7e5e', 'e5cfa746-624c-49ee-8a33-a646f912f75d', 'KALTAKQUISE', 'ACTIVE', 0, 'Funktion: Geschäftsführer/in (CEO) | Mitarbeiter: 1 bis 10 | Branche: Werbeagenturen | Rechtsform: Einzelunternehmen'),
('e13a1a1a-78bd-4ea9-a9e0-180d25abbf62', 'df031f13-16d6-41a3-a483-b6d6315ebee8', 'KALTAKQUISE', 'ACTIVE', 0, 'Funktion: Geschäftsführer/in (CEO) | Mitarbeiter: 1 bis 10 | Branche: Clubs, Bars & Eventlocations | Rechtsform: Aktiengesellschaft'),
('de927c10-1b49-4e01-90b5-7eafccea30b5', 'c9ba0a8b-0715-41b1-8554-541a952a9072', 'KALTAKQUISE', 'ACTIVE', 0, 'Funktion: Geschäftsführer/in (CEO) | Mitarbeiter: 1 bis 10 | Branche: Family Offices / Externe Vermögensverwalter | Rechtsform: Aktiengesellschaft'),
('b631baf2-f1a8-4432-bd53-185ea88650f6', '8115af76-4fe6-4815-94f3-2a931e03ae27', 'KALTAKQUISE', 'ACTIVE', 0, 'Funktion: Geschäftsführer/in (CEO) | Mitarbeiter: 1 bis 10 | Branche: Atem- Meditation- & Yogacenter / Naturheilpraxen'),
('48b90c76-ff2b-46ff-8685-b9c7c33be93d', 'b61377f2-20cc-49b6-8ecb-ef6b502dc0ba', 'KALTAKQUISE', 'ACTIVE', 0, 'Funktion: Geschäftsführer/in (CEO) | Mitarbeiter: 1 bis 10 | Branche: Online Shops | Rechtsform: Einzelunternehmen'),
('824b4240-27d5-4696-9670-bc3906873a70', '7ecca57c-7434-4dc4-9531-4b66bfff2ddc', 'KALTAKQUISE', 'ACTIVE', 0, 'Funktion: Geschäftsführer/in (CEO) | Mitarbeiter: 1 bis 10 | Branche: Elektroindustrie | Rechtsform: Aktiengesellschaft'),
('8d3fe2aa-fe78-4665-87b6-595871755412', 'a6402458-45c6-441e-b511-4d00e67de9ff', 'KALTAKQUISE', 'ACTIVE', 0, 'Funktion: Geschäftsführer/in (CEO) | Mitarbeiter: 1 bis 10 | Branche: Coiffeursalons'),
('97465913-df49-4bea-a111-2e46828bff88', '62b5e274-ae05-41f7-9064-47b54b526689', 'KALTAKQUISE', 'ACTIVE', 0, 'Funktion: Geschäftsführer/in (CEO) | Mitarbeiter: 1 bis 10 | Branche: Coiffeursalons | Rechtsform: Gesellschaft mit beschränkter Haftung'),
('01d1a0e4-a3ee-4004-b27a-5a59f9090516', '7f65938e-b767-4ac1-973c-ca72957b2205', 'KALTAKQUISE', 'ACTIVE', 0, 'Funktion: Geschäftsführer/in (CEO) | Mitarbeiter: 21 bis 50 | Branche: Unternehmensberater | Rechtsform: Aktiengesellschaft'),
('371f8c4a-2fca-4db9-b8a2-8ae0a55db1b4', '4860ea28-e02d-4321-a129-63127270fb40', 'KALTAKQUISE', 'ACTIVE', 0, 'Funktion: Geschäftsführer/in (CEO) | Mitarbeiter: 11 bis 20 | Branche: Treuhandbüros / Immobilienverwaltung / Immobilienvermittlung | Rechtsform: Aktiengesellschaft'),
('3b213e7e-ef0f-4b9c-b1ae-a3f639109a09', '872ea69f-c2b6-4d80-9fda-3d3ca412b667', 'KALTAKQUISE', 'ACTIVE', 0, 'Funktion: Gesamtleitung/Direktion | Mitarbeiter: 1 bis 10 | Branche: Hotels'),
('478fa61e-54bf-4d22-962e-d3ea19b493e4', 'c031a01f-9c69-48b0-ba3c-9bf2cd57d5b1', 'KALTAKQUISE', 'ACTIVE', 0, 'Funktion: Geschäftsführer/in (CEO) | Mitarbeiter: 1 bis 10 | Branche: Online Shops / Werbeagenturen | Rechtsform: Aktiengesellschaft'),
('70fe8410-5a3f-40e2-a40f-44c7c675a172', 'f5211336-28df-4e37-819a-3a5878d9e119', 'KALTAKQUISE', 'ACTIVE', 0, 'Funktion: Geschäftsführer/in (CEO) | Mitarbeiter: 1 bis 10 | Branche: Getränkeindustrie | Rechtsform: Gesellschaft mit beschränkter Haftung'),
('f6b2bc5a-278c-4bdc-bd7d-740cecbab95f', 'f2a034d9-5e2c-4421-b557-7fe43de6d21e', 'KALTAKQUISE', 'ACTIVE', 0, 'Funktion: Geschäftsführer/in (CEO) | Mitarbeiter: 21 bis 50 | Branche: Logistik- & Transportunternehmen | Rechtsform: Gesellschaft mit beschränkter Haftung'),
('4f68607d-2e8b-448e-b30b-37e6106a23fe', 'a662ec9d-d3b2-4598-a0d0-21b5ff09134a', 'KALTAKQUISE', 'ACTIVE', 0, 'Funktion: Geschäftsführer/in (CEO) | Mitarbeiter: 11 bis 20 | Branche: Druckereibetriebe');

INSERT INTO lead_tags (lead_id, tag_id) VALUES
('331a79c3-c3bb-4ffa-9e49-bab9dc70efd3', 'ka-b2b'),
('870790cb-91c1-45ab-9029-7accbbe30a34', 'ka-b2b'),
('52900e70-b502-4162-8635-17c0b3275309', 'ka-b2b'),
('2f834300-53a4-48e0-9dd2-7ccd1cc08535', 'ka-b2b'),
('bed46e24-39bb-4b6a-8441-65895cbf1bd0', 'ka-b2b'),
('22aa94b9-b4ba-4ac0-8c5d-4c86306b6a7e', 'ka-b2b'),
('b0afe49a-5621-4852-86e0-ff3078872b28', 'ka-b2b'),
('4126759f-c2e1-482a-82a1-c0778bb75ff8', 'ka-b2b'),
('d4181c51-de25-408c-b14d-03c8ccaeb98a', 'ka-b2b'),
('841f886b-0bdb-4d2a-af0c-c475bb1de077', 'ka-b2b'),
('22fc448b-fbf1-4c9b-97a9-678280714549', 'ka-b2b'),
('9ef444d0-f201-4b23-aaf0-25b22daf491c', 'ka-b2b'),
('980dd5ca-350f-41ed-ad94-9e7d21248bd2', 'ka-b2b'),
('6d6ccaac-d630-4757-a53f-33466d9c45b5', 'ka-b2b'),
('16430743-08b1-4f05-9545-207368152880', 'ka-b2b'),
('757a27c5-2b10-4e36-8f10-32ffb3d1ed8f', 'ka-b2b'),
('a5ebe299-3efe-4843-85a2-e9b3f90d06ef', 'ka-b2b'),
('38144a4c-bf4e-43f3-85a4-2248105164ac', 'ka-b2b'),
('e1048be4-659f-4ce4-a3c1-ba49fbfb0bca', 'ka-b2b'),
('29e3efcd-6ca6-42a0-b97e-9e3352d2eafc', 'ka-b2b'),
('17f66790-44f9-4e4e-9fc7-135af2b1c67d', 'ka-b2b'),
('fe17cd89-d198-4013-b41d-59347eade02e', 'ka-b2b'),
('3437dae4-41cd-423c-8847-379183e7f1cd', 'ka-b2b'),
('e44e2d79-afa3-4734-8a07-7331d6d1dea0', 'ka-b2b'),
('cab6fcc3-6ee4-4fc9-b39a-215f8a103e07', 'ka-b2b'),
('3d696171-8178-4d9c-ab7a-b26f4fb061ab', 'ka-b2b'),
('318754f7-b291-4481-b29b-33a0cad5aae6', 'ka-b2b'),
('6137490b-45a9-490f-bfb0-9ecf5e91d887', 'ka-b2b'),
('1d58ed04-40c5-44a3-9fa3-4cb3e43ca0ca', 'ka-b2b'),
('33c9490d-6b45-4485-b628-347f1d6e1f53', 'ka-b2b'),
('7230f3d4-bfac-4171-84c0-2e98357fa1f0', 'ka-b2b'),
('45115e58-8ce1-4402-9895-0fc78bbd0728', 'ka-b2b'),
('c15d4610-07cd-486a-9be7-abbd75ed6f0e', 'ka-b2b'),
('0a866210-e631-4407-9524-b39444fba6e5', 'ka-b2b'),
('d5e4239a-3777-4310-aba2-8a9f9ec2ee21', 'ka-b2b'),
('b5ce056f-bf89-4b63-a15e-cd5ec5ec2ab4', 'ka-b2b'),
('a775318d-8e3a-4d7c-9405-ab8b96ac8037', 'ka-b2b'),
('9b37ea2e-1f88-40f5-86c9-4d556db2eb64', 'ka-b2b'),
('b8fe3aed-585c-49a1-b3c8-2514e032e49d', 'ka-b2b'),
('2f6fc6f1-6aab-4d2b-b679-66a0b178dbc5', 'ka-b2b'),
('b85b5316-558d-42a7-8a9f-0520457d3e80', 'ka-b2b'),
('0a098a5d-9274-4f05-a754-85882d845016', 'ka-b2b'),
('759bd470-5331-4c68-8033-048f0c15c7ca', 'ka-b2b'),
('89a42a89-709e-47f8-bae7-94c4529a7e3b', 'ka-b2b'),
('c0a415a6-bb86-4bc1-8b6e-5cdc3d77bcef', 'ka-b2b'),
('e8656a64-1823-4edb-af54-ff602e073892', 'ka-b2b'),
('ac1bb5a3-9421-4e97-b566-ef629750d3aa', 'ka-b2b'),
('2c78017f-ff39-40f5-8960-fda576ab3069', 'ka-b2b'),
('9cc8cb35-9587-4e83-a240-910dc1dddd98', 'ka-b2b'),
('01093632-0005-407f-978e-71c5bc0587f4', 'ka-b2b'),
('68b59ddb-46ca-47a8-a992-891b3481ab49', 'ka-b2b'),
('bae2b903-7fa4-4b6b-81a8-f56c596cab50', 'ka-b2b'),
('2dad94b8-14ff-4b64-908d-cd201ad97a5c', 'ka-b2b'),
('0cbcffff-5027-4a68-9804-7dd8e519506f', 'ka-b2b'),
('ec4a94af-cc72-430b-ac0c-a2e37c6ba827', 'ka-b2b'),
('64a42667-b4dc-46ef-bacd-64b4ce36ff32', 'ka-b2b'),
('d7506020-133d-4304-adeb-073dc5d2f412', 'ka-b2b'),
('fb3737e5-4683-428d-954b-8ab1f3158081', 'ka-b2b'),
('48f47017-510d-42f8-a527-4fc8ae542221', 'ka-b2b'),
('f7861f30-a209-41d1-a97b-d71aaba2f665', 'ka-b2b'),
('aaf1c881-9985-4a6d-ba16-4dd3bef44e2c', 'ka-b2b'),
('fa6e6357-d71a-47ab-8b38-1669efd50830', 'ka-b2b'),
('db360129-d3a4-4952-a75b-a28dda0a1a3d', 'ka-b2b'),
('ea2da36a-0596-49ab-88ea-7e91c4f3dd6a', 'ka-b2b'),
('ea4f4346-ff2c-4265-9d57-24da9f95c512', 'ka-b2b'),
('f6941baa-dc3e-4ab9-bff0-dc4eeae58e5b', 'ka-b2b'),
('253a183a-3bcf-4f47-bc73-5a808ed72d4c', 'ka-b2b'),
('d7b123af-f41a-4634-847f-daf0455150e7', 'ka-b2b'),
('7c0dcd6d-7efe-4300-87c9-8e9050b2e27e', 'ka-b2b'),
('5b74bdd0-b99f-4427-8c67-510500dc3190', 'ka-b2b'),
('7f339f91-21ec-4188-98c6-b3c1fc3d07d3', 'ka-b2b'),
('d2300058-a2d2-4591-9a23-7ef8cd7db91f', 'ka-b2b'),
('5d5dfdfa-a9de-4608-a0cd-63022e38957c', 'ka-b2b'),
('036974c7-48bc-4944-818a-2cb5c261e91a', 'ka-b2b'),
('2b40ec50-3b44-4b93-92c9-be78a810419f', 'ka-b2b'),
('d1eaa558-7eab-420c-ab4c-259804f34eb6', 'ka-b2b'),
('e6627db9-93d9-471a-b564-317e7546c5d5', 'ka-b2b'),
('227e7ae4-df20-4f44-9ff5-8d673f0a5db7', 'ka-b2b'),
('4c680956-0202-4ba6-9d24-0dc16791dedf', 'ka-b2b'),
('415d61ad-f353-4093-a141-6bfe548ab674', 'ka-b2b'),
('f32ebfa9-1114-4aab-8c9a-6326a85c229f', 'ka-b2b'),
('da9ed234-31b4-4810-8f2d-d784ec7360a1', 'ka-b2b'),
('463fe8ff-a17b-425d-bbf9-f71a91a6ef35', 'ka-b2b'),
('6ab05c61-4b10-4d9d-ace1-c8b4074b9dac', 'ka-b2b'),
('d5fc39c2-8e33-4199-a8dd-cb216eefcabb', 'ka-b2b'),
('684177d8-836d-4251-8c6e-e94f4d31c0c9', 'ka-b2b'),
('ceac42b6-7fd2-49ce-9fb7-21e9c8013103', 'ka-b2b'),
('7951c333-a016-47ff-8728-e2c67f403aa4', 'ka-b2b'),
('8dc5d481-9cc9-4c57-82a7-aa80f8ae60fe', 'ka-b2b'),
('fd5f3e38-fbbc-476a-9e4e-777f68d7dcb7', 'ka-b2b'),
('5beb44ba-2dda-4bd7-b75c-9a5eb6da06b6', 'ka-b2b'),
('2d7feedf-a844-438e-928b-40462cf64098', 'ka-b2b'),
('16cc0728-e453-4061-8bbf-a4ba2bac246d', 'ka-b2b'),
('f31bef28-c6ce-4db9-bf56-52ab4d08b448', 'ka-b2b'),
('9463efba-0660-48b8-96af-61395615b6e6', 'ka-b2b'),
('78ac3e3b-c745-4f0c-b601-22b193876891', 'ka-b2b'),
('79a391ed-9411-4e80-843f-a5c845dd06eb', 'ka-b2b'),
('c42ebe15-b3f3-4ead-9e1d-79b235d95460', 'ka-b2b'),
('e876078f-32c8-41d0-8791-5589803efcde', 'ka-b2b'),
('8bed2218-d52a-4dd2-a92f-66b9bd25fa03', 'ka-b2b'),
('88f5ea27-3fa2-4a11-a4e1-49fb6cd69f10', 'ka-b2b'),
('f13c09e7-719d-4416-b0c2-e7a24b44ced1', 'ka-b2b'),
('4290dd2f-51e4-4283-8224-e52c539c4adb', 'ka-b2b'),
('5287154a-33b0-4b3b-ac3f-d1b581ef4b83', 'ka-b2b'),
('73efc5f6-0b8b-4bb6-b48a-75c2ec523991', 'ka-b2b'),
('19bee7b1-1cd4-44e2-ae98-276c72d10b05', 'ka-b2b'),
('740e75d7-eda6-410b-9c3b-f16a74f08a29', 'ka-b2b'),
('70eaffe0-938f-4fb0-9d7f-d1152874a236', 'ka-b2b'),
('485cff1c-48b0-4bd9-b3e2-2feae4a876ca', 'ka-b2b'),
('73439c5c-c6c2-414e-9574-b8d1e17bb0af', 'ka-b2b'),
('50ecef02-ab6e-4bba-931f-25c7322e8327', 'ka-b2b'),
('bc7e7cc8-8727-4f90-90b1-ee341815df2d', 'ka-b2b'),
('2c8bd009-f0df-4e4c-8964-30de7f39223a', 'ka-b2b'),
('4d04d5a8-1269-4303-bcb6-1ed7c0629b0f', 'ka-b2b'),
('aeaaf408-493f-4fe2-ab88-e2989a6300d7', 'ka-b2b'),
('857eba7f-ad13-421e-b582-c1bc30709fee', 'ka-b2b'),
('ec4ab550-276e-4187-95d5-51c9dbfd5d32', 'ka-b2b'),
('a12b7e33-ac3a-440f-ad32-1911b487a4fe', 'ka-b2b'),
('0d014cfe-ade4-4aec-8267-57dc73dd1d84', 'ka-b2b'),
('cffc9d56-e79e-4791-94c2-31fae6e8dac2', 'ka-b2b'),
('cb3aab0b-160a-4446-a889-6f64f919939a', 'ka-b2b'),
('a64d072f-aa67-42bf-a9e5-772c2e8f8312', 'ka-b2b'),
('af1557ef-a71e-46ed-82f5-7594a752e2bf', 'ka-b2b'),
('32012dae-fcde-455f-8239-871324a1b96b', 'ka-b2b'),
('9ecb1e04-aff2-4b5d-a6ed-3fef00b3b558', 'ka-b2b'),
('3a1c4d42-41d9-45a8-afe3-d09c7980c614', 'ka-b2b'),
('2894d23c-4e66-4924-8f6c-70822d0d3f74', 'ka-b2b'),
('34f56f3e-677e-4b58-b3fe-c6f74b471e2d', 'ka-b2b'),
('5f178965-948c-41ca-938c-cca335108748', 'ka-b2b'),
('73fba486-5f8a-4875-87c3-61d8d8cd93d6', 'ka-b2b'),
('104d2694-6e5c-4ffc-ad0d-2323a4f766b3', 'ka-b2b'),
('dd9cd9a6-1102-48b1-b1b3-04ecd00620ee', 'ka-b2b'),
('59f51f42-ebba-41de-8ee0-6429340f615f', 'ka-b2b'),
('4034634e-5756-4e07-80aa-bb3b71670f4a', 'ka-b2b'),
('faa9f778-8395-4867-8155-e516b06b4c47', 'ka-b2b'),
('8a7b89cc-dfef-4995-8a4a-6feeb86a426c', 'ka-b2b'),
('f141c19f-4a13-4248-92c8-09b154eada44', 'ka-b2b'),
('e41bc4ee-7b50-43cc-9d4d-fbc2ba908adf', 'ka-b2b'),
('c9fa0fc9-83e8-466b-9583-f6a88b11a080', 'ka-b2b'),
('aa15eed9-6532-4fb0-a5ea-5e36bf2d736f', 'ka-b2b'),
('e079374a-e05c-4daa-81b9-1c89a67e878d', 'ka-b2b'),
('a2c85bac-00c9-4d9a-99d3-b4bdbbdc97d5', 'ka-b2b'),
('211d9a9a-e0c9-4dc2-bdb5-a377fc5747bb', 'ka-b2b'),
('ea5d3469-d35b-4179-a023-499a91f7ca72', 'ka-b2b'),
('4e454a35-2fa5-4c32-8414-ce6e9184c794', 'ka-b2b'),
('1de1d0c6-e7da-4a96-bd8b-ced937f75130', 'ka-b2b'),
('2fbfad89-628d-4fad-90aa-514c2690f4c2', 'ka-b2b'),
('99d76d17-f7a6-419e-aa71-4e328d71e0e4', 'ka-b2b'),
('0e8a389e-8c49-478a-92ad-1141f1bd09ae', 'ka-b2b'),
('9acb4269-c0c1-4334-9509-7dfee1cc08ae', 'ka-b2b'),
('1e48c4d4-0304-43f4-b316-7d9de270a139', 'ka-b2b'),
('e818507e-df48-4baa-b619-9b5727f3728a', 'ka-b2b'),
('62a9c3f2-04eb-427a-a642-54d219c4f6c2', 'ka-b2b'),
('b3ba49bb-c0e3-4295-8ddf-cdc64c41f4d7', 'ka-b2b'),
('1e62095a-c6de-4494-9da7-bd51a347acf6', 'ka-b2b'),
('e3fafa2c-7466-4f7f-b769-b8110c885acd', 'ka-b2b'),
('43d510bd-548a-427e-a778-fe351ba581d8', 'ka-b2b'),
('76eff7c7-9138-4927-9be4-3217e5c58f7e', 'ka-b2b'),
('30a8c837-5763-46e1-b698-769c79525704', 'ka-b2b'),
('02e0c41c-a88a-41c4-8159-a903812d83a7', 'ka-b2b'),
('5b780b15-a26a-44d8-886b-8d91248d008d', 'ka-b2b'),
('63f3a3b6-0f4e-466a-90ac-83a867e2edea', 'ka-b2b'),
('662eb693-8860-4730-8379-c762e5472f6e', 'ka-b2b'),
('ba06872f-6f5e-4f69-a724-a0be40774d7f', 'ka-b2b'),
('e068db9a-7a7e-4afd-a9d4-550b78fa9f88', 'ka-b2b'),
('1cfcad0a-b967-4631-99d0-49071aaf663e', 'ka-b2b'),
('1ee6e6d3-6e66-40e5-b097-e86b22e9a7aa', 'ka-b2b'),
('66fa8fc8-1cf0-4f30-bd39-4e74471a97ea', 'ka-b2b'),
('149bf162-60e1-4e50-a657-ce64d54997bb', 'ka-b2b'),
('46d025b1-66d5-4a8c-a2e4-bf8fae0a4d1e', 'ka-b2b'),
('200b0a6d-ad60-4eb8-9bee-098c15e12916', 'ka-b2b'),
('13f0f9de-fd60-4ed4-a5c3-39ae3f587644', 'ka-b2b'),
('38c757bd-502c-41c1-b482-d1b5babf4506', 'ka-b2b'),
('85ce10b5-f69f-4ac0-8d91-d0ef3b24ae05', 'ka-b2b'),
('fbe3c09a-3694-411f-baaf-1feefb00f449', 'ka-b2b'),
('998e88a8-2f7c-4f3d-a9b8-c6125f967c40', 'ka-b2b'),
('5621e2b1-135f-4c6b-939b-dc4de4ab970f', 'ka-b2b'),
('0a5f6031-c013-4806-a15f-8cff9f784614', 'ka-b2b'),
('1dcae954-713b-4a8b-8fd0-f96198fc0df1', 'ka-b2b'),
('2debba80-5124-4af2-8203-77564af90652', 'ka-b2b'),
('21e5ceed-948a-435f-83cb-78394ee19b8d', 'ka-b2b'),
('e26e0180-bb44-4ecc-b17d-7ec0964ff039', 'ka-b2b'),
('fe0ba138-5534-4502-b3e1-8a7146e6b78c', 'ka-b2b'),
('d4640d64-7832-4f90-8583-02e358fccc16', 'ka-b2b'),
('cded3de7-9e71-496a-bbda-44612efad239', 'ka-b2b'),
('0f36fa44-25c1-4b72-aa4a-2b6a9b4a7e5e', 'ka-b2b'),
('e13a1a1a-78bd-4ea9-a9e0-180d25abbf62', 'ka-b2b'),
('de927c10-1b49-4e01-90b5-7eafccea30b5', 'ka-b2b'),
('b631baf2-f1a8-4432-bd53-185ea88650f6', 'ka-b2b'),
('48b90c76-ff2b-46ff-8685-b9c7c33be93d', 'ka-b2b'),
('824b4240-27d5-4696-9670-bc3906873a70', 'ka-b2b'),
('8d3fe2aa-fe78-4665-87b6-595871755412', 'ka-b2b'),
('97465913-df49-4bea-a111-2e46828bff88', 'ka-b2b'),
('01d1a0e4-a3ee-4004-b27a-5a59f9090516', 'ka-b2b'),
('371f8c4a-2fca-4db9-b8a2-8ae0a55db1b4', 'ka-b2b'),
('3b213e7e-ef0f-4b9c-b1ae-a3f639109a09', 'ka-b2b'),
('478fa61e-54bf-4d22-962e-d3ea19b493e4', 'ka-b2b'),
('70fe8410-5a3f-40e2-a40f-44c7c675a172', 'ka-b2b'),
('f6b2bc5a-278c-4bdc-bd7d-740cecbab95f', 'ka-b2b'),
('4f68607d-2e8b-448e-b30b-37e6106a23fe', 'ka-b2b');
