-- Batch 451 (200 records)
INSERT INTO contacts (id, first_name, last_name, email, phone, company, address) VALUES
('897c44e1-4b9e-4da3-9e5b-3a9e1e6065d6', 'Stephan', 'Meier', 's.meier@pmeier-ingag.ch', '033 822 19 62', 'Tschiemer + Schenkel AG', 'Hauptstrasse 55, 3800 Interlaken, Bern'),
('1a7f15c1-f21e-48eb-a14e-d47067c0a2a9', 'Caroline', 'Zimmermann', 'tschierva@sac-bernina.ch', '079 307 57 87', 'Tschiervahütte SAC', '7504 Pontresina, Graubünden'),
('8a3c1dce-148e-46cc-b0cd-b5d925e3f795', 'Daniel', 'Widmer', 'ciao@tschingg.eu', '043 210 38 07', 'Tschingg AG', 'Richtiring 28, 8304 Wallisellen, Zürich'),
('e7aca307-be50-44ef-b430-d0cb56f86f52', 'Susi', 'Zentner', 'wirtschaft@tschinglenbahn.ch', '079 505 59 53', 'Tschinglen-Wirtschaft', '8767 Elm, Glarus'),
('4682b8c8-1d8c-40a5-aad6-e8170c951a7b', 'Silvan', 'Tschirky', 'info@tschirky.swiss', '055 286 30 30', 'Tschirky AG', 'Hauptstrasse 15, 8716 Schmerikon, St. Gallen'),
('d6177224-ab51-4a98-9077-18d917aef7d0', 'Hanspeter', 'Tschirky', 'info@tschanz-architektur.ch', '081 723 50 18', 'Tschirky Architektur GmbH', 'Tscherfingergasse 52, 8888 Heiligkreuz (Mels), St. Gallen'),
('2dc428aa-062c-48ea-bc96-984f62016d34', 'Claudio', 'Tschirren', 'info@tschirren-thomann.ch', '071 655 12 24', 'Tschirren Thomann AG', 'Mettlenstrasse 7, 9562 Märwil, Thurgau'),
('4b105b91-c2e4-447b-991e-22425b2343cf', 'Beatrice', 'Tschopp', 'info@tschopp-bau.ch', '044 713 36 48', 'Tschopp AG', 'Birrwaldstrasse 7, 8135 Langnau am Albis, Zürich'),
('d933f434-5c67-4fe6-af77-8bf0283c34eb', 'Felix', 'Tschopp', 'info@tschoppgroup.com', '041 725 33 30', 'Tschopp Group AG', 'Baarerstrasse 12, 6300 Zug, Zug'),
('0a4fd3f9-042b-483c-8ca5-efccaa80abd8', 'Ivan', 'Tschopp', 'ivan.tschopp@tschopp-holzbau.ch', '041 914 20 44', 'Tschopp Holzbau AG', 'An der Ron 17, 6280 Hochdorf, Luzern'),
('9c6a589c-fec1-4bb8-a26c-ffa5f9ba6c0d', 'Ronald', 'Tschopp', 'ronald.tschopp@tschopp.swiss', '041 929 61 63', 'Tschopp Holzindustrie AG', 'Gewerbezone 24, 6018 Buttisholz, Luzern'),
('a0f34b58-1a76-4ef7-8d48-9eb2c271ec3d', 'Urs', 'Bühlmann', 'info@tschopp-metall.ch', '079 398 38 15', 'Tschopp Metall GmbH', 'Hauensteinstrasse 16, 4444 Rümlingen, Basel-Land'),
('255b0cb0-45d0-443b-922e-3ad3cf1bb187', 'Urs', 'Tschopp', 'info@tschopp-sanitaer.ch', '055 220 73 73', 'Tschopp Sanitär AG', 'Schönbodenstrasse 53, 8640 Rapperswil, St. Gallen'),
('27a9dc11-aae9-4964-82ad-d01dd82afbb6', 'Andreas', 'Tschopp', 'info@tschoppschreinerei.ch', '071 642 20 54', 'Tschopp Schreinerei AG', 'Heldswilerstrasse 9, 9214 Kradolf, Thurgau'),
('bf24c0bc-7db7-4606-be36-66ca19cc9184', 'Manuela', 'Tschudi', 'manuela.tschudi@tschudi-partner.ch', '079 600 17 04', 'Tschudi & Partner Immobilien AG', 'Haselrainstrasse 12, 8610 Uster, Zürich'),
('deec6b12-a1b1-4eff-9e2d-0d9715c7c11a', 'Lukas', 'Tschudi', 'info@buerotschudi.ch', '055 640 41 45', 'Tschudi Büromaschinen', 'Gaswerkstrasse 35, 4900 Langenthal, Bern'),
('847a23ac-6bcf-4341-a9ec-d313033c3213', 'Peter', 'Tschudi', 'info@tschudi-holz.ch', '055 640 15 21', 'Tschudi Holz AG', 'Gipserhütte 6, 8755 Ennenda, Glarus'),
('87a7419f-f9fe-4eec-bc6c-4bc350be17b0', 'Thomas', 'Zihlmann', 'tschudi@tschudihui.ch', '079 335 92 83', 'Tschudi Hui Bar Sörenberg', 'Rothornstrasse 22, 6174 Sörenberg, Luzern'),
('f154df65-9bb7-4c9a-b752-5d561364961b', 'Jakob', 'Tschudi-Aebli', 'jtschudi@swissonline.ch', '055 644 18 18', 'Tschudi Innendekorationen', 'Hauptstrasse 70, 8762 Schwanden, Glarus'),
('218152e6-712c-4c7f-9d30-962672293f8e', 'Marc', 'Tschudi', 'verkauf@fahnentschudi.ch', '071 985 00 13', 'Tschudi Technology GmbH', 'Bahnhofstrasse 4, 9630 Wattwil, St. Gallen'),
('e0f645b1-2ccc-49f8-b53f-952fc04b171a', 'Tobias', 'Schmid', 'tobias.schmid@tschudinheid.ch', '061 965 41 33', 'Tschudin + Heid AG', 'Hauptstrasse 35, 4437 Waldenburg, Basel-Land'),
('297e558f-50f6-4bfd-b3ee-6aafd83150e9', 'Marco', 'Tschudin', 'tschudin@tubarchitekten.ch', '056 442 11 16', 'Tschudin + Urech AG', 'Industriestrasse 21, 5200 Brugg, Aargau'),
('fd01a737-d8e2-4a14-8d04-c6c3c4853aae', 'Iwan', 'Von Rotz', 'info@tschudin.swiss', '032 654 64 74', 'TSCHUDIN AG', 'Neckarsulmstrasse 41, 2540 Grenchen, Solothurn'),
('f8085afd-483f-4154-b318-4d0c247fa766', 'Ivan', 'Gehrig', 'ivan.gehrig@tschudinag.ch', '061 337 93 33', 'Tschudin AG Möbel- und Bauschreinerei, Basel', 'Grellingerstrasse 40, 4052 Basel, Basel-Stadt'),
('2ed5d894-aed2-4f35-8ea1-20096a9e14ba', 'Daniel', 'Tschudin', 'info@tschudin-waldenburg.ch', '061 961 80 11', 'Tschudin AG Spenglerei & Sanitäre Anlagen', 'Adelberg 30, 4437 Waldenburg, Basel-Land'),
('c9e5c1dd-a2a4-4485-9736-edd433043674', 'Martin', 'Tschudin', 'info@tschudin-garten.ch', '061 311 03 72', 'Tschudin Gartengestaltung', 'Bündtenstrasse 7, 4419 Lupsingen, Basel-Land'),
('87f189ff-50ac-48d3-8bc4-09148cb5753e', 'Roger', 'Tschudin', 'r.tschudin@tschudin-haustechnik.ch', '061 961 80 19', 'Tschudin Haustechnik AG', 'Grittweg 16, 4435 Niederdorf, Basel-Land'),
('2ce4a949-e9e7-4edd-bd46-e4ec7ff73b03', 'Dominique', 'Tschudin', 'info@tsom.ch', '056 648 48 11', 'Tschudin Omnia GmbH', 'Lettenstrasse 21, 8966 Oberwil-Lieli, Aargau'),
('345d6892-877d-4ac9-bc03-c3956b0e83a2', 'Georg', 'Tarnutzer', 't-tech.gt@bluewin.ch', '079 339 24 83', 'Tschügg - Tech AG', 'Industriestrasse 6, 7220 Schiers, Graubünden'),
('2aa9c88e-bf63-4231-9b04-3bc26542e3c1', 'Leo', 'Maissen', 'l.maissen@tschuggenhotelgroup.ch', '044 576 92 92', 'Tschuggen Collection AG', 'Zeltweg 7, 8032 Zürich, Zürich'),
('14636235-d8f1-4ba8-8928-1d6b59d54f76', 'Ingo', 'Schlösser', 'sekretariat@tschuggen.ch', '081 378 99 99', 'Tschuggen Grand Hotel', 'Tschuggentorweg 1, 7050 Arosa, Graubünden'),
('316e23a5-3dee-45f8-ba77-153c42481c6c', 'Jonathan', 'Ringger', 'jonathan.ringger@tschuiag.ch', '032 685 48 25', 'Tschui AG', 'Postweg 9, 4528 Zuchwil, Solothurn'),
('44d53402-7136-40d6-a8b7-204b087e4372', 'Bernhard', 'Tschumi', 'info@tschumipartner.ch', '031 915 25 55', 'Tschumi + Partner Treuhand AG', 'Märitgasse 1, 3052 Zollikofen, Bern'),
('c0268d41-c88f-48e7-a44b-8ddc58dc2004', 'Christian', 'Tschumi', 'c.tschumi@bluewin.ch', '043 548 00 25', 'Tschumi Landschaftsarchitektur', 'Sängglenstrasse 20, 8118 Pfaffhausen, Zürich'),
('a83cb659-5b50-4814-bd4d-abaa5491189c', 'Christian', 'Tschumper', 'info@kaeserei-tschumper.ch', '071 371 54 31', 'Tschumper GmbH', 'Ifang 1005, 9113 Degersheim, St. Gallen'),
('8e884483-9907-4f52-a4ae-21eda74840c6', 'Hansueli', 'Tschumper', 'info@renolife.ch', '071 983 01 72', 'Tschumper RenoLife GmbH', 'Hinterdorfstrasse 7, 9607 Mosnang, St. Gallen'),
('4ca5b5e6-d997-4794-a705-d87fa374af2b', 'Carla', 'Tschümperlin', 'info@tschuemperlin-schuhe.ch', '041 769 59 59', 'Tschümperlin AG, Baustoffe', 'Oberneuhofstrasse 5, 6341 Baar, Zug'),
('5ebe0b09-c58e-4803-8147-b78dcfd72eb0', 'Daniel', 'Tschuppert', 'atelier@tschuppert-architekten.ch', '041 360 45 06', 'Tschuppert Architekten GmbH', 'Weinberglistrasse 11, 6005 Luzern, Luzern'),
('2b62d7da-f2ed-457c-a183-5e6344dadc4e', 'Rolf', 'Tschuppert', 'tschuppi@wonder-bar.ch', '079 239 26 19', 'Tschuppi''s Wonder-Bar', 'Burgerstrasse 21, 6003 Luzern, Luzern'),
('ed00be45-a866-4f7d-823c-f51892d74e4a', 'Patrick', 'Tschuppler', 'info@tschupplerhof.ch', '076 428 24 06', 'Tschuppler Hof', 'Tschuppeln 4, 6315 Morgarten, Zug'),
('cee395c5-f7f2-4d33-a07a-2444a908fd67', 'Sebastian', 'Tschurr', 'tschurrtransporte@bluewin.ch', '081 868 80 77', 'Tschurr Transporte GmbH', 'Rheinstrasse 57, 7012 Felsberg, Graubünden'),
('3379a10f-5c74-49ff-b316-c598448d8eeb', 'Charles-Andre', 'Tschus', 'info@ayur-ki.ch', '079 646 12 54', 'Tschus Charles André, Ayur-ki Gesundheit und Entspannung, Trimmis', 'Gartaweg 13, 7203 Trimmis, Graubünden'),
('be074bba-9be2-46fe-a0cc-76c1db4b279f', 'Maick', 'Nielsen', 'info@tse-coating.ch', '062 917 40 10', 'TSE Troller AG', 'Aareweg 6, 4853 Murgenthal, Aargau'),
('38092124-3af6-45a1-9ea6-4583c8a95324', 'Nadine', 'Züst', 'info@tshii.ch', '079 106 01 06', 'Tshii Creative - Züst', 'Schwellbrunnerstrasse 53a, 9100 Herisau, Appenzell Ausserrhoden'),
('b242b5cf-82fd-4769-9ce8-f336fafd6265', 'Ruth', 'Studer', 'info@t-shirtpower.ch', '041 250 33 33', 'T-Shirt Power GmbH', 'Luzernerstrasse 45, 6014 Luzern, Luzern'),
('fc78b514-0a37-4f68-b3b1-56d999a1a23c', 'Tom', 'Schuster', 'info@t-s-i.ch', '061 701 42 82', 'Tsi Tom Schuster Innenarchitektur', 'Luftgässlein 4, 4051 Basel, Basel-Stadt'),
('a5c3248a-53e5-498d-bd54-9b89233dc416', 'Marco', 'Trüeb', 'm.trueeb@tsign.ch', '061 500 20 40', 'T''SIGN Werbeagentur GmbH', 'St.Alban-Rheinweg 64, 4052 Basel, Basel-Stadt'),
('ac279679-bc6f-4884-92e6-07524c8f3a52', 'Urs', 'Menzi', 'info@grindel-sport.ch', '044 836 78 78', 'TSM Grindel AG Bassersdorf', 'Grindelstrasse 11, 8303 Bassersdorf, Zürich'),
('0f7b04f0-33d5-4291-b926-edaecc518943', 'Mirjam', 'Hostettler', 'mirjam.hostettler@tsmtreuhand.ch', '058 101 80 15', 'TSM Treuhand GmbH', 'Laubeggstrasse 68, 3006 Bern, Bern'),
('3381226e-e71b-444d-a81b-309d535536c3', 'Mirko', 'Martinelli', 'info@tsp.swiss', '079 202 85 08', 'TSP Region Basel GmbH', 'Tramstrasse 66, 4142 Münchenstein, Basel-Land'),
('4266d9c5-62fe-49c1-9016-ca6ccea069aa', 'Sarah', 'Scheller', 'sales@tsr-ag.ch', '041 510 23 05', 'TSR Messtechnik AG', 'Ebnatstrasse 164, 8207 Schaffhausen, Schaffhausen'),
('d7f32812-b6c3-477e-bf2a-699a16202dd0', 'Patrick', 'Meister', 'info@tst-europe.com', '052 335 40 00', 'TST Europe AG', 'Mettlenstrasse 6, 8472 Seuzach, Zürich'),
('b00a9689-9e93-4703-819c-de4354be846e', 'Basil', 'Nufer', 'info@tsugi.ch', 'N.a.', 'Tsugi GmbH', 'Quellenstrasse 40, 8005 Zürich, Zürich'),
('bcb1f591-3904-47de-9253-a7cfa5f86915', 'Michael', 'Schrackmann', 'praesident@tsv-bichelsee.ch', 'N.a.', 'TSV Bichelsee', 'Loh 5a, 8362 Balterswil, Thurgau'),
('c60ffb0f-d457-41f2-811c-dd160bdf00bb', 'Marco', 'Sanwald', 'praesi@tsvengelburg.ch', 'N.a.', 'TSV Engelburg', '9032 Engelburg, St. Gallen'),
('8150f189-1a4a-4eac-b112-4cb56d632290', 'Philipp', 'Stärkle', 'praesident@fortitudo.ch', '079 692 91 94', 'TSV Fortitudo Gossau Handball', 'Bischofszellerstrasse 90, 9200 Gossau, St. Gallen'),
('213a6b7c-b7af-41f6-96a3-3a26f8e49b3b', 'Manuel', 'Hafner', 'praesident@tsvhaeggenschwil.ch', 'N.a.', 'TSV Häggenschwil', 'Dorfstrasse 19, 9312 Häggenschwil, St. Gallen'),
('edf644c2-0489-4679-bfd9-5c07ca310172', 'Christoph', 'Enderli', 'praesident@tsvjona.ch', '044 921 18 70', 'TSV Jona', 'Grüzenstrasse 15, 8640 Rapperswil, St. Gallen'),
('7142e484-aa5c-4115-8e30-4ba587dda1ea', 'Mario', 'Storchenegger', 'tsvjonschwil@gmx.ch', '079 798 79 47', 'TSV Jonschwil', 'Hauptstrasse 2, 9225 Wilen (Gottshaus), Thurgau'),
('e3df1b59-7965-4374-9245-d4a318277849', 'Pascal', 'Wüst', 'praesident@tsvmontlingen.ch', '076 456 58 63', 'TSV Montlingen', 'Oberrieterstrasse 25, 9462 Montlingen, St. Gallen'),
('79779ed1-6f10-46a4-9bf9-9acfe9d2909f', 'Reto', 'Germann', 'praesident@tsvmuolen.ch', 'N.a.', 'TSV Muolen', '9313 Muolen, St. Gallen'),
('dfe67803-d4ee-4c18-91ee-343511a38b6b', 'Richard', 'Tenger', 'praesi@tsv-oetwil.ch', 'N.a.', 'TSV Oetwil am See', '8618 Oetwil am See, Zürich'),
('4eba6761-ab53-46ee-b682-e7418521f755', 'Kuno', 'Rudolf von Rohr', 'kuno.rudolfvonrohr@bluewin.ch', 'N.a.', 'TSV St. Otmar St. Gallen', 'Alte Bildstrasse 5, 9015 St. Gallen, St. Gallen'),
('88eac4e0-c79f-47b2-adfb-3fddfad875e9', 'Andreas', 'Schneider', 'praesi@tsvt.ch', 'N.a.', 'TSV Tägerwilen', 'Wigärtlistrasse 8, 8274 Tägerwilen, Thurgau'),
('648a13ac-675f-48b9-a206-a06462f41841', 'Manuel', 'Keel', 'info@tsvtuebach.ch', 'N.a.', 'TSV Tübach', '9327 Tübach, St. Gallen'),
('190e4505-9783-4f95-ac3c-db275088e772', 'Nicole', 'Koller', 'praesident@tsvwattwil.ch', 'N.a.', 'TSV Wattwil', '9630 Wattwil, St. Gallen'),
('912c690e-1b2d-41e8-9987-ba7f2ef8d043', 'Tobias', 'Loder', 'tobiasloder@gmx.ch', 'N.a.', 'TSV-Bonstetten', '8906 Bonstetten, Zürich'),
('cc955c80-1cc9-4666-9f85-eb5b9b25d5ed', 'Mike', 'Kummer', 'mail@tswkummer.ch', '052 770 02 77', 'TSW Kummer Systemwände GmbH', 'Weinfelderstrasse 21b, 8560 Märstetten, Thurgau'),
('d3e627c5-92f8-4e7f-940e-ed933b4600fd', 'Thomas', 'Reitze', 'info@t-systems.ch', '0848 112 211', 'T-Systems Schweiz AG', 'Industriestrasse 21, 3052 Zollikofen, Bern'),
('27ab23d5-46e7-4d82-89f1-9c804abd5886', 'Thomas', 'Tunkel', 'info@ttconsulting.ch', '079 291 16 05', 'TT Consulting GmbH', 'Hurdnerwäldlistrasse 24, 8808 Pfäffikon, Schwyz'),
('6e5d13ef-0e9d-4e96-9db2-5d87ed48a358', 'Mascia', 'Tamagni', 'mt@tamagni-treuhand.ch', '052 675 50 75', 'TT Tamagni Treuhand GmbH', 'Brunnenwiesenstrasse 64, 8212 Neuhausen am Rheinfall, Schaffhausen'),
('c15f90f9-7ad7-4427-bab6-d58589339dc4', 'Stefan', 'Geissbühler', 'stefan.geissbuehler@thunertagblatt.ch', '033 225 15 55', 'TT Thuner Tagblatt', 'Rampenstrasse 1, 3602 Thun, Bern'),
('713760d0-4c77-481e-ab78-333391687edd', 'Robert', 'Gerks', 'robert.gerks@tt-tueren.ch', '079 468 89 90', 'TT Türenfabrik Turbenthal AG', 'Tösstalstrasse 149, 8488 Turbenthal, Zürich'),
('0c8f844a-5e47-4f3e-a66e-f0d3374b4f98', 'Marius Patrick', 'Peter', 'team@tattersallinteriors.ch', '044 200 12 20', 'Ttattersall Interiors', 'General Guisan Quai 22, 8002 Zürich, Zürich'),
('bf2a7d3d-6444-4082-833e-e421b758f988', 'Peter', 'Studer', 'info@ttc.ch', '041 371 00 10', 'TTC The True Connection AG', 'Winkelbüelhof 1, 6043 Adligenswil, Luzern'),
('be5f11f7-855a-445c-9406-579b77f8ca45', 'Timur', 'Timirsultanov', 'info@tt-holzton.ch', '076 377 70 12', 'TT-Holzton GmbH', 'Bönirainstrasse 13, 8800 Thalwil, Zürich'),
('f7a06ddd-3eb0-4a56-a957-b8c5e0e1d00c', 'Roger', 'Bähler', 'info@toesstal-kanal.ch', '052 233 33 22', 'TTK-Tösstal Kanalreinigung KLG', 'Hofstetterstrasse 14, 8418 Schlatt, Zürich'),
('98a3c593-7cb2-4f57-a78a-8ced49f667fb', 'Simon', 'Bernath', 'info@tts-inova.com', '052 645 00 70', 'TTS Inova AG', 'Wixlenweg 8, 8240 Thayngen, Schaffhausen'),
('d55180a5-1771-45d9-a4c3-89869b39a1e9', 'Daniel', 'Niederhauser', 'niederhauser@transterminal.ch', '081 750 62 50', 'TTS Transport & Terminal Services AG', 'Langäulistrasse 37, 9470 Buchs, St. Gallen'),
('fee4cc39-9ba2-4490-b34c-7fbd7757d53b', 'Koen', 'Zurink', 'osteopathie@ttz-rothenburg.ch', '041 281 50 33', 'TTZ Rothenburg', 'Stationsstrasse 8, 6023 Rothenburg, Luzern'),
('723ced9a-c4d3-466a-93cb-0eee04eae11c', 'Brigitte', 'Leuenberger', 'pumatattoo@hotmail.com', '079 421 23 63', 'Tuakana Tattoo', 'Kronengasse 1, 4800 Zofingen, Aargau'),
('c4d1ec51-8166-4271-9b77-a3000ae2c15e', 'Liridon', 'Sherifi', 'info@tuana-group.ch', '061 272 54 55', 'Tuana Group GmbH', 'Delligrabenstrasse 27, 4313 Möhlin, Aargau'),
('d3a2564e-5fe6-4509-9db3-39efac5a9298', 'Christoph', 'Iseli', 'info@tubetec.ch', '034 423 19 20', 'Tube+Tec GmbH', 'Kirchbergstrasse 209, 3400 Burgdorf, Bern'),
('487a1771-aa25-4fef-bbb1-7428f8bbdfe9', 'Cindy', 'di Gallo', 'info@tubernickel.ch', '079 587 21 80', 'Tuber GmbH', 'Schweizersholzstrasse 47, 9223 Schweizersholz, Thurgau'),
('b405718b-e42b-4c26-8771-f8affada38d7', 'Silvia', 'Silvestri', 'silvia.silvestri@tuboly-astronic.ch', '056 616 73 01', 'Tuboly-Astronic AG', 'Bleicheweg 5, 5605 Dottikon, Aargau'),
('06773acc-c1a8-479c-832f-47cfdcd45109', 'Mark', 'Haefner', 'onkologie.buelach@hin.ch', '044 862 73 00', 'TUCARE Bülach', 'Nordstrasse 13, 8180 Bülach, Zürich'),
('c6344655-cc2f-4c95-bfcc-461644409990', 'Thomas', 'Garcia', 'info@tuchlaubeaarau.ch', '062 824 24 34', 'Tuchlaube Café Bar Aarau', 'Metzgergasse 18, 5000 Aarau, Aargau'),
('1b6cbdac-e178-4a06-bd2e-c7a10480053e', 'Adrijan', 'Hasani', 'info@die-heinzelmaennchen.ch', '041 500 00 40', 'tüchtige Heinzelmännchen GmbH', 'Bundesstrasse 9, 6003 Luzern, Luzern'),
('87f97268-60bd-421a-ae6c-61a1bc9d7c79', 'Reto', 'Roos', 'roos@tuck-tuck.ch', '076 378 75 73', 'tuck-tuck Event GmbH', 'Moosstrasse 7, 6212 St. Erhard, Luzern'),
('1109b14f-b499-459a-b798-3d3df3114ab0', 'Barbara', 'Tudor', 'barbara.tudor@tudordialog.ch', '043 542 55 17', 'Tudor Dialog GmbH', 'Industriestrasse 37, 8625 Gossau, Zürich'),
('6c68a0d0-37a0-44c9-985c-6b16e884425a', 'Jon Andrea', 'Tuffli', 'jon-andrea.tuffli@tuffli-partner.ch', '081 258 40 20', 'Tuffli & Partner AG', 'Gäuggelistrasse 20, 7000 Chur, Graubünden'),
('085cb20c-328b-438a-9a26-bb3ba2ec0f63', 'Chantal', 'Hänggi', 'chantal.haenggi@hotmail.com', '079 255 34 66', 'Tui Na - Chantal Hänggi', 'Leonhardsgraben 63, 4051 Basel, Basel-Stadt'),
('1eff0f83-bbd3-4d83-a702-17c0cc25bc1f', 'Renate', 'Hürner', 'huerner.privat@bluewin.ch', '079 358 79 14', 'Tuina Therapie - Renate Hürner', 'Delsbergerallee 38, 4053 Basel, Basel-Stadt'),
('903b2411-eeee-4929-8202-94f526b74094', 'Petra', 'Nydegger-Pini', 'pe.nydegger@bluewin.ch', '079 392 80 05', 'tuina-praxis-seeland', 'Hauptstrasse 40, 2560 Nidau, Bern'),
('e807b532-f459-4d5d-ba24-6b71d7b954a8', 'Wanphen', 'Gerber', 'info@tuktuk-thaikitchen.ch', '061 554 20 56', 'Tuk Tuk Thai Kitchen GmbH', 'Leimenstrasse 41, 4051 Basel, Basel-Stadt'),
('08ea8835-a91c-49de-bbe7-d24b6e6a4f03', 'Susanne', 'Gauglitz', 'internet.travelshop@tui.ch', '044 455 44 44', 'TUl Suisse AG', 'Friesenbergstrasse 75, 8036 Zürich, Zürich'),
('3a073195-868e-405a-996b-0a4ed8a773f0', 'Thi Diep', 'Nguyen', 'tulipnailsbeauty@yahoo.com', '076 680 68 78', 'Tulip Nails & Beauty', 'Albisstrasse 17, 8134 Adliswil, Zürich'),
('63e6cb8a-955b-4c3d-9462-f4302d2f26b7', 'Thomas', 'Buchegger', 'info@tumbai.ch', '044 545 30 55', 'tumbai Architektur & Bauleitung AG', 'Sagiweg 6, 8303 Bassersdorf, Zürich'),
('2d8178cd-20ff-468f-bbde-421226b4aca3', 'Oliver', 'Graetsch', 'info-werk3@tunap.com', '071 659 04 04', 'Tunap AG', 'Weinfelderstrasse 19, 8560 Märstetten, Thurgau'),
('565098b7-3333-402b-9b18-c4e4ff501ee2', 'Enzo', 'Tundis', 'info@tundis-chili.ch', '079 884 18 67', 'Tundis Chili', 'Rosenrain 1, 5070 Frick, Aargau'),
('0e118c3a-7cd9-498e-b737-499c36ee5ec0', 'Gian Marco', 'Tung', 'tung@bluewin.ch', '081 856 15 58', 'Tung SA', 'Via Sura 70, 7530 Zernez, Graubünden'),
('08afe626-7981-4eb8-9b1c-c3fbbe22a646', 'Aldo', 'Brugger', 'aldo.brugger@bluewin.ch', '079 279 95 46', 'Tunrverein Berlingen', '8267 Berlingen, Thurgau'),
('820f1a20-a7d7-4f6b-8263-6067408531f4', 'Rainer', 'Zimmermann', 'rz@tuor-ag.ch', '081 651 50 51', 'TUOR Baumanagement AG', 'Elestastrasse 1, 7310 Bad Ragaz, St. Gallen'),
('b9d38041-0aaf-446a-be7d-5567583b94b5', 'Sarina', 'Tuor', 'info@tuortreuhand.ch', '081 420 10 00', 'Tuor Treuhand AG', 'Talstrasse 59, 7260 Davos, Graubünden'),
('b9d03768-f3d6-42ac-a5cd-31e24d4b85a2', 'Stefan', 'von Däniken', 'svd@turbengarage.ch', '032 617 31 31', 'Turben-Garage AG', 'Gewerbestrasse 27, 4512 Bellach, Solothurn'),
('306850e1-0744-4110-a461-dd80cb47c6b2', 'Hugo', 'Uebelhard', 'turbensaal@turbensaal.ch', '032 618 39 75', 'Turbensaal Eventlocation Bellach', 'Gewerbestrasse 20, 4512 Bellach, Solothurn'),
('3cdedf46-4cc7-400b-88a3-198eca2f536a', 'Adrien', 'Weber', 'info@restaurant-turbinenbraeu.ch', '043 311 57 67', 'TurbinenBräu AG', 'Badenerstrasse 571, 8048 Zürich, Zürich'),
('cc1b4d10-3597-4b35-a82e-1bba83777b44', 'Christian', 'Lorenz', 'reservation@turbinenhaus.ch', '061 554 99 36', 'Turbinenhaus / Aktienmühle Eventlocation Basel', 'Gärtnerstrasse 46, 4057 Basel, Basel-Stadt'),
('3b85308f-392e-4076-ae88-e7fc3a2fc35c', 'Daniel', 'Bischofberger', 'turbocharging.ch@accelleron-industries.com', '058 585 77 77', 'Turbo Systems Schweiz AG', 'Bruggerstrasse 71a, 5401 Baden, Aargau'),
('c237eaa1-5e38-415c-90af-9bed8bbeedb2', 'Sarah', 'Bannwart', 's.bannwart@turbo-separator.ch', '071 987 70 20', 'Turbo-Separator AG', 'Bleikenstrasse 48, 9630 Wattwil, St. Gallen'),
('759e4769-41b3-41f4-bc10-910b902167a0', 'Robert', 'Brand', 'info@turbotec.ch', '041 872 14 00', 'Turbotec GmbH', 'Seedorferstrasse 48, 6460 Altdorf, Uri'),
('a3735ebc-ba6e-4829-902b-12193f62215f', 'Galina', 'Bankoul', 'sales@turbotect.com', '056 200 50 20', 'Turbotect AG', 'Badstrasse 15, 5400 Baden, Aargau'),
('4c1af93f-b7db-464b-8faf-73a31e202847', 'Stefan', 'Lanz', 'email@jemako-ch-lanz.com', '062 396 01 54', 'Türen-Center Stefan Lanz', 'Lehnfeldstrasse 24, 4702 Oensingen, Solothurn'),
('f71d3f73-9515-4a36-8610-8835670922a3', 'Christof', 'Lutz', 'c.lutz@tuerenfabrik.ch', '056 611 97 82', 'Türenfabrik Safenwil AG', 'Kanalstrasse 14, 5745 Safenwil, Aargau'),
('26095495-29ce-4be9-a049-9364e820dfc4', 'Samir N.', 'Jarallah', 'nihad.jarallah@tureva.ch', '044 210 10 75', 'Tureva Treuhand AG', 'Weinbergstrasse 131, 8006 Zürich, Zürich'),
('1af8d6a0-82ce-4bf7-8fea-e8f02c06d5a0', 'Claudio', 'Turi', 'ct@turi-bautreuhand.ch', '061 260 26 20', 'TURI Bautreuhand GmbH', 'Reinacherstrasse 129, 4053 Basel, Basel-Stadt'),
('891516c9-504e-4075-aa0d-7b647e687a8f', 'Hashim', 'Husain', 'info@turicum-am.com', '044 772 80 70', 'Turicum Asset Management AG', 'Sihlamtsstrasse 9, 8001 Zürich, Zürich'),
('ef1aaee7-fb8d-4f11-8030-b85ec5f54c80', 'Philip', 'Angst', 'info@turicum-distillery.com', 'N.a.', 'Turicum Distillery GmbH', 'Albisriederstrasse 253, 8047 Zürich, Zürich'),
('c7677c97-7fdd-46a4-8bd1-a5910aec1465', 'Luca', 'Hofmann', 'hofmann@turicum.tech', '043 817 92 93', 'Turicum GmbH', 'Steinackerstrasse 31c, 8902 Urdorf, Zürich'),
('0e4a6377-3d8f-40d6-8d9b-5e20e8ad801f', 'Beni', 'Bachmann', 'physio@turicum.fit', '078 915 01 14', 'TuricumFit GmbH', 'Hagenholzstrasse 65, 8050 Zürich, Zürich'),
('e7a9a1ac-a24d-4561-8973-432533e0b9e8', 'Achim', 'Klaiber', 'info@turigum.com', '044 212 08 08', 'Turigum Family Office AG', 'Bahnhofstrasse 65, 8001 Zürich, Zürich'),
('f65b95ad-6f1c-4da1-967a-0cb3075f0343', 'Fabio', 'Turillo', 'info@turillo-personal.ch', '071 672 75 85', 'TURILLO personal ag', 'Bachstrasse 8, 8280 Kreuzlingen, Thurgau'),
('aafd313d-877b-4550-8ae8-11a325e46ae4', 'Ralph', 'Pavelka', 'info@turimed.ch', '043 443 31 31', 'Turimed AG', 'Industriestrasse 19, 8304 Wallisellen, Zürich'),
('471b3a5c-c2f8-494e-9440-770d7c081f22', 'Arnold', 'Diener', 'info@turimmo.ch', '044 926 20 61', 'Turimmo Immobilien', 'Fangenstrasse 7, 8713 Uerikon, Zürich'),
('3f7578d8-8e67-452e-bfcf-d837a0786ab5', 'Ipek', 'Aydemir Kaya', 'info@tuerkischcool.ch', '076 580 48 11', 'Türkischcool Sprachschule', 'Kalkbreitestrasse 59, 8003 Zürich, Zürich'),
('3ed03582-54f0-4f2d-8a37-4544457ea49e', 'Ensar', 'Dagci', 'edagci@sunrise.ch', '076 393 32 15', 'Türkischer SC Solothrun', '4503 Solothurn, Solothurn'),
('a31963bf-6864-4c2c-b82f-9ce99b3b727e', 'Serdar', 'Karaagacli', 'hello@turkishmarket.ch', '078 620 95 60', 'Turkishmarket.ch Karaagacli', 'Länggassstrasse 8, 3012 Bern, Bern'),
('d2142d42-69d4-4cf7-8c1d-37cebc691cde', 'Sarah', 'May', 'turm@achillea.ch', '062 916 00 16', 'Turm Apotheke', 'Jurastrasse 18, 4900 Langenthal, Bern'),
('7f360cea-91ea-4175-8451-28ac6e43bff6', 'Marco', 'Cocquio', 'info@turmgarage.ch', '061 901 88 88', 'Turm Garage Marco Cocquio', 'Hammerstrasse 43, 4410 Liestal, Basel-Land'),
('01712226-9a35-4f02-8891-6ce5b501c8e9', 'Roger', 'Bähler', 'info@turmkaffee.ch', '071 288 17 35', 'Turm Handels AG', 'Martinsbruggstrasse 90, 9016 St. Gallen, St. Gallen'),
('a27f9e59-c3fe-40cc-9e01-a4330c902573', 'Andreas', 'Diriwächter', 'andi.diri@bluewin.ch', '062 723 37 08', 'Turm Sool', 'Dorfstrasse 25, 8762 Sool, Glarus'),
('91a0a9f8-b470-402f-afb7-eb65e467202f', 'Markus', 'Weber', 'turmgut@bluewin.ch', '079 602 14 40', 'Turmgut Erlenbach', 'Gruebstrasse 54, 8706 Meilen, Zürich'),
('57528c77-b9de-4636-98e5-ee3ae35e3ea5', 'Tobias', 'Homberger', 'hotel@victoria-davos.ch', '081 417 53 00', 'Turmhotel Victoria', 'Alte Flüelastrasse 2, 7260 Davos, Graubünden'),
('bddb580f-9c69-4fde-8006-09c9dc98b3bf', 'Philipp', 'Hannen', 'turmlibar@hotmail.com', 'N.a.', 'Türmli Bar Winterthur', 'Technikumstrasse 36, 8400 Winterthur, Zürich'),
('5cf72ed4-a6a5-4bd5-af32-1889402c4462', 'Peter', 'Stadler', 'verkauf@tuermli.ch', '041 870 10 31', 'Türmli Handels AG', 'Rathausplatz 3, 6460 Altdorf, Uri'),
('48d4640d-11be-412a-91fd-ef08ce10f1e9', 'Mario', 'Lombriser', 'm.lombriser@tuermlihuus.ch', '071 394 10 54', 'Türmlihuus Lombriser AG', 'Glatthaldestrasse 19, 9230 Flawil, St. Gallen'),
('dcf30256-b62a-4041-b37c-b31e6509547e', 'Ursula', 'Krebs', 'uschi.krebs@gmx.ch', '076 587 02 23', 'Turm-Snack-Bar, Inh. Ursula Krebs', 'Schwäbisgasse 1, 3600 Thun, Bern'),
('e83a8dec-1fdb-4e3c-9403-96c318aef480', 'Markus', 'Balsiger', 'events@turmtafelei.ch', 'N.a.', 'Turmtafelei Eventlocation Solothurn', 'St. Urbangasse 15, 4500 Solothurn, Solothurn'),
('25d172b6-a083-4d90-9842-98bbb8b6ce7b', 'Urs', 'Eggimann', 'info@aussichtsturm-liestal.ch', '061 921 13 38', 'Turmwirtschaft Aussichtsturm', 'Rathausstrasse 30, 4410 Liestal, Basel-Land'),
('71e14d3d-0646-4e7d-af45-372c11ebb739', 'Meinrad', 'Vieli', 'meinrad.vieli@ts-feuerthalen.ch', '052 659 41 19', 'Turn- und Sportverein Feuerthalen', 'Kirchweg 91, 8245 Feuerthalen, Zürich'),
('3851c890-19e2-4745-bb08-b844e490ef93', 'Alex', 'Hüttig', 'alex.huettig@gmx.de', 'N.a.', 'Turn- und Sportverein Zumikon', '8126 Zumikon, Zürich'),
('dfcccd06-34db-469d-9a6c-0009a12d912b', 'Thomas', 'Marolf', 'thomas.marolf@bluewin.ch', 'N.a.', 'Turn Vereine Müllheim', '8555 Müllheim Dorf, Thurgau'),
('a3198676-ee47-4286-8a74-0909a2c3c752', 'Heidi', 'Müller', 'w-h.mueller@bluewin.ch', '071 755 20 46', 'Turnen für Jedermann', 'Heidenerstrasse 5, 9450 Altstätten, St. Gallen'),
('5837553c-559f-423a-9ab0-229d5e615ab7', 'Willy', 'Bühler', 'willy.buehler@gmx.ch', '044 710 07 61', 'Turnen für Männer 60+ (SENTU)', 'Hürbachstrasse 7, 8134 Adliswil, Zürich'),
('40ba4af0-00d0-4754-bfe8-c22135484371', 'Sonja', 'Diemert', 'sonia.diemert@bluewin.ch', '044 830 51 13', 'Turnen für Seniorinnen Wallisellen', 'obere Kirchstrasse 33, 8304 Wallisellen, Zürich'),
('93fb86a9-a6cc-441f-8ab0-8607960ccd1d', 'Urs', 'Schaub', 'urs-schaub@gmx.ch', 'N.a.', 'Turnende Vereine Flurlingen', 'Köhlerweid 27, 8260 Stein am Rhein, Schaffhausen'),
('0c226be0-1a05-4208-8cf4-4f747ad5e596', 'Andreas', 'Solenthaler', 'praesident@tv-luetisburg.ch', 'N.a.', 'Turnerein Lütisburg', 'Schuelgässli 9, 9604 Lütisburg, St. Gallen'),
('ffc53a7e-fbca-41b2-b964-32d01b04092f', 'Barbara', 'Schellenberg', 'barbaraschellenberg@bluewin.ch', '079 301 96 77', 'Turnerfamilie Hochfelden', 'Schulhausstrasse 12, 8182 Hochfelden, Zürich'),
('0c434735-5aa5-4711-ae49-f50fa2135246', 'Tobias', 'Bühler', 'info@tv-marthalen.ch', 'N.a.', 'Turnerfamilie Marthalen', '8460 Marthalen, Zürich'),
('9a992793-8254-4c39-9a1a-17fd581e93c9', 'Nina', 'Roth', 'rothnina@bluewin.ch', 'N.a.', 'TURNERINNEN WIGOLTINGEN', 'Winterthurerstrasse 48, 8370 Sirnach, Thurgau'),
('421bd41c-e9e2-4bad-9fa2-30663f296f42', 'Rosmarie', 'Kistler', 'holzwis@bluewin.ch', '052 316 25 08', 'Turnerinnengruppe Hettlingen', 'Holzwies 1, 8442 Hettlingen, Zürich'),
('14204b6a-629e-4065-8a78-fe81b89343dc', 'Angela', 'Schellenbaum', 'praesidentin.trthundorf@gmail.com', '077 206 73 16', 'Turnerinnenriege Thundorf', 'N.a., 8500 Frauenfeld, Thurgau'),
('0d914cf4-ab29-428d-883f-71fb54e77e42', 'Walter', 'Gunterswiler', 'walter.gunterswiler@tkb.ch', 'N.a.', 'Turnfabrik', '8500 Frauenfeld, Thurgau'),
('e06914e9-8160-4ce7-bbf0-af31de4752d1', 'Martin', 'Gamper', 'presi@tvdaettlikon.ch', '079 869 07 72', 'Turnfamilie Dättlikon', 'Schulstrasse 3, 8421 Dättlikon, Zürich'),
('bdf59efd-d68a-4ef6-965a-c66efa27c575', 'Pascal', 'Ebnöther', 'pascal.ebnoether@tvglattfelden.ch', 'N.a.', 'Turnfamilie Glattfelden', '8192 Glattfelden, Zürich'),
('ba6d4fd5-23dc-4a0e-9f15-4ed2b9c66a94', 'Michael', 'Fankhauser', 'michaelfankhauser@turnhalle.ch', '031 311 15 51', 'Turnhalle Restaurant', 'Speichergasse 4, 3011 Bern, Bern'),
('cee81500-a16b-409e-9cf1-a16716d1bb81', 'Jürg', 'Frey', 'juerg.frey@turnkey.ch', '041 455 28 86', 'TurnKey Services AG', 'Platz 6, 6039 Root D4, Luzern'),
('28fd65fd-99fb-4b7a-bb10-d27aa72cf6e3', 'Jörg', 'Müller', 'praesident@rueti.tv', 'N.a.', 'Turnsport Rüti', '8630 Rüti, Zürich'),
('08a6d423-ba03-43cb-8f59-9dab64709761', 'Walter', 'Müller', 'praesident@tvadliswil.ch', '044 710 28 40', 'Turnverein Adliswil', 'Wachtstrasse 14, 8134 Adliswil, Zürich'),
('82419232-73de-4390-8b7c-a41a87beaa2e', 'Stefan', 'Züllig', 'praesidium@turnvereinaesch.ch', '079 501 00 69', 'Turnverein Aesch ZH', 'Lielistrasse 16, 8904 Aesch, Zürich'),
('5729d139-429d-46e6-a3e8-1c4366935bd9', 'Marco', 'Itten', 'presi@tv-altikon.ch', '078 814 67 15', 'Turnverein Altikon', 'Neunfornerstrasse 8, 8479 Altikon, Zürich'),
('eabd79c3-c85c-4b54-a4df-de43b99b9053', 'Marco', 'Lier', 'marco.lier@tvaz.ch', '076 396 57 05', 'Turnverein Aussersihl', 'Feldstrasse 75, 8004 Zürich, Zürich'),
('ab9886b5-0f37-4270-93cd-a776c2d68d03', 'Svenja', 'Luginbühl', 'svenja.luginbuehl@tvbadragaz.ch', '079 290 95 03', 'Turnverein Bad Ragaz', '7310 Bad Ragaz, St. Gallen'),
('0865e41b-328e-4441-8f2b-8942f942e1b6', 'Dominic', 'Glaus', 'praesident@tv-baeretswil.ch', '079 735 89 40', 'Turnverein Bäretswil', '8344 Bäretswil, Zürich'),
('5e292703-886e-46b5-b0f1-85c601ccdd30', 'Tobias', 'Leimgruber', 'praesident.aktive@tvbauma.ch', 'N.a.', 'Turnverein Bauma', 'Bäretswilerstrasse 6, 8494 Bauma, Zürich'),
('b5eec250-2e7d-46df-a51c-930817dc8a94', 'Roman', 'Gmür', 'info@tvbazenheid.ch', '079 301 27 05', 'Turnverein Bazenheid', '9602 Bazenheid, St. Gallen'),
('a43c4816-0f83-4b22-90d1-a7ca7d281e0e', 'Stefan', 'Brandes', 'tvbergsg@tvbergsg.ch', 'N.a.', 'Turnverein Berg SG', '9305 Berg, St. Gallen'),
('dc9a2cc7-0d54-455c-b07b-e811e4adbec1', 'Roman', 'Hemmerle', 'roman.hemmerle@icloud.com', '078 814 12 87', 'Turnverein Bischofszell', 'Poststrasse 6, 9220 Bischofszell, Thurgau'),
('ec81013d-e64a-431f-b29b-2f78222dc9e8', 'Severin', 'Länzlinger', 'praesi@tvbubikon.ch', 'N.a.', 'Turnverein Bubikon', 'Kapfstrasse 17, 8608 Bubikon, Zürich'),
('067987b1-8bc5-43ab-8fdb-fe771a8d0d2b', 'Lena', 'Kaufmann', 'beisitzer@tvbuchs-sg.ch', 'N.a.', 'Turnverein Buchs', '9470 Buchs, St. Gallen'),
('961e6acc-5cbc-46ae-bfe6-1945493b7dae', 'Aurel', 'Wolf', 'tv-praesident@tvbuchs-zh.ch', 'N.a.', 'Turnverein Buchs ZH', '8107 Buchs, Zürich'),
('c046c1a8-07b9-4643-aba3-bb60e4b8ca4c', 'Dominic', 'Wittwer', 'praesident@tvbuelach.ch', '078 421 16 56', 'Turnverein Bülach', 'Im Cholplatz 36, 8180 Bülach, Zürich'),
('7c613e1f-3b24-45ca-bda7-2455cdeb2a4b', 'Fabian', 'Keller', 'faebs0816@gmail.com', '079 408 28 07', 'Turnverein Bürglen-Mettlen', 'Hofackerstrasse 1, 8570 Weinfelden, Thurgau'),
('1d3f689b-5ea3-4429-bca3-7ce5356cfa92', 'Kevin', 'Herter', 'presi@tvdinhard.ch', 'N.a.', 'Turnverein Dinhard', 'Dinhard, 8474 Dinhard, Zürich'),
('71d2bdfa-234b-418d-aa6a-92a6f7ffa9f0', 'Rahel', 'Trüb', 'praesidentin@aktive.tveffretikon.ch', '079 223 62 49', 'Turnverein Effretikon', 'Lindenstrasse 4, 8307 Effretikon, Zürich'),
('b30ab677-23af-4caf-ae0a-5d98d54dfe1f', 'Ursula', 'Huber', 'info@tvegg.ch', '076 330 07 14', 'Turnverein Egg', '8132 Egg b. Zürich, Zürich'),
('94f879bd-aea4-451a-81ce-97aefe76b4a6', 'Jan', 'Schoch', 'jan.schoch@tveglisau.ch', 'N.a.', 'Turnverein Eglisau', 'Rhihaldenstrasse 72, 8193 Eglisau, Zürich'),
('67686d35-2863-4e3f-812a-aa2e8f3ea2c8', 'Andreas', 'Wettstein', 'tv@turnen-elgg.ch', '079 291 48 69', 'Turnverein Elgg', 'Aadorfertrasse 1, 8353 Elgg, Zürich'),
('019d507b-fd1b-4670-aed3-3a143088bf32', 'Pascal', 'Massafra', 'pascal.massafra@tvembrach.ch', '076 578 76 83', 'Turnverein Embrach', 'Haldenstrasse 40, 8424 Embrach, Zürich'),
('cf2525f8-f3fd-4de2-acb9-41abd84d3a6b', 'Mike', 'Wirz', 'praesident@tvengstringen.ch', 'N.a.', 'Turnverein Engstringen', 'Kirchweg 111, 8102 Oberengstringen, Zürich'),
('650808eb-ca71-4c14-b5d6-a416729e0950', 'Nora', 'Frey', 'nora_frey@hotmail.com', 'N.a.', 'Turnverein Erlenbach', 'Zollerstrasse 58, 8703 Erlenbach, Zürich'),
('a3501ded-04dc-44ea-b246-00f36831f6c5', 'Fabian', 'Fries', 'fabian.fries@gmx.ch', 'N.a.', 'Turnverein Eschenz', 'Höflerweg 7, 8264 Eschenz, Thurgau'),
('d773c494-47c5-40d4-8c7d-3c45b808e289', 'Seraina', 'Temperli', 'praesident@tvfehraltorf.ch', 'N.a.', 'Turnverein Fehraltorf', '8320 Fehraltorf, Zürich'),
('7080af6a-5a28-4b5d-a7cf-e6a1f02658b8', 'Marc', 'Geiger', 'praesi@tv-fw.ch', '079 509 50 38', 'Turnverein Felben-Wellhausen', '8552 Felben-Wellhausen, Thurgau'),
('746edf42-2d7e-49a8-a50c-86117c8f97f0', 'Leo', 'Fluck', 'leo.fluck@tvflaach.clubdesk.com', 'N.a.', 'Turnverein Flaach', 'Wesenplatz 1, 8416 Flaach, Zürich'),
('88574d4d-0aee-4628-ba92-941c4e947590', 'Angela', 'Keller', 'ankela95@gmail.com', '079 843 31 27', 'Turnverein Gähwil', 'Schulstrasse 12, 9534 Gähwil, St. Gallen'),
('1bdb79b3-ffed-4980-955c-12012bd921a1', 'Randy', 'Löffel', 'praesident@stvganterschwil.ch', 'N.a.', 'Turnverein Ganterschwil', '9608 Ganterschwil, St. Gallen'),
('e8758de5-3fe6-43d9-a6aa-ce61c57fde35', 'Remo', 'Füglistaler', 'info@tvgommiswald.ch', '079 627 26 38', 'Turnverein Gommiswald', '8737 Gommiswald, St. Gallen'),
('770d6540-6610-4977-bda1-d5b2f64c47df', 'Ronny', 'Mathys', 'praesidenttv@tvgossauzh.ch', '043 833 93 60', 'Turnverein Gossau ZH', '8625 Gossau, Zürich'),
('b804eaf1-9792-443d-8887-652a330046fc', 'Dominik', 'Dobmann', 'praesident@tvgrueningen.ch', '076 395 44 02', 'Turnverein Grüningen', 'Hubberunnenstrasse 12, 8627 Grüningen, Zürich'),
('450ac835-f05e-434b-8701-60e95c9917ed', 'Fabian', 'Bründler', 'praesident.tv@tvhegi.ch', 'N.a.', 'Turnverein Hegi', '8404 Winterthur, Zürich'),
('478d0df3-cd95-44f2-b01f-92e80e740436', 'Michael', 'Frauenfelder', 'praesi@tv-henggart.ch', 'N.a.', 'Turnverein Henggart', 'Dorfstrasse 42, 8444 Henggart, Zürich'),
('faffd38c-98f8-4a30-bc10-95ccb40d05d5', 'Florian', 'Kistler', 'floki@greenmail.ch', 'N.a.', 'Turnverein Hettlingen', '8442 Hettlingen, Zürich'),
('d71dbf11-e0c3-4048-9825-9b6b706d6a79', 'Katrin', 'Glättli', 'praesidium@tvhittnau.ch', '079 598 11 94', 'Turnverein Hittnau', 'Isikerstrasse 2, 8335 Hittnau, Zürich'),
('93a044f3-46e8-4a00-93b4-a259f69c018c', 'Robert', 'Zwicky', 'rfzwicky@yahoo.co.uk', '044 750 29 14', 'Turnverein Höngg', 'Brunnmattstrasse 50, 8103 Unterengstringen, Zürich'),
('0b5d61d4-d44c-468d-b043-2739b9dd859e', 'Sandro', 'Schürch', 'sandroschuerch@gmail.com', '079 448 95 98', 'Turnverein Hörhausen', 'Hirtenstrasse 1, 8508 Homburg, Thurgau'),
('84a9b0ea-3ad5-4d9a-8145-5b5298eb85e2', 'Daniel', 'Bauer', 'dani.bauer@bluewin.ch', '079 347 05 65', 'Turnverein Hüttwilen', 'Hagschnurer 7, 8536 Hüttwilen, Thurgau'),
('80ad6855-b4fc-4a98-bdb3-ac33613a59f1', 'Antonio', 'Grasic', 'antonio.grasic@kloten.tv', '044 813 49 23', 'Turnverein Kloten', '8302 Kloten, Zürich'),
('d10b17d3-7900-4b33-8ed7-a7e916c4ccf5', 'Daniela', 'Bär-Fruci', 'daniela.baer-fruci@bluewin.ch', '079 646 56 09', 'Turnverein Kreuzlingen', '8280 Kreuzlingen, Thurgau'),
('9d5c35b1-a0bc-4402-a324-9b6a1786809b', 'Yves', 'Moser', 'info@tvlangnau.ch', '079 421 57 14', 'Turnverein Langnau am Albis', '8135 Langnau am Albis, Zürich');

INSERT INTO leads (id, contact_id, source, status, value, notes) VALUES
('08eb0aae-94ba-4c10-b4a6-52525e63d20a', '897c44e1-4b9e-4da3-9e5b-3a9e1e6065d6', 'KALTAKQUISE', 'ACTIVE', 0, 'Funktion: Geschäftsführer/in (CEO) | Mitarbeiter: 1 bis 10 | Branche: Sanitär & Haustechnik | Rechtsform: Aktiengesellschaft'),
('5c5afe03-6a55-4a0e-86b5-701cc33fe004', '1a7f15c1-f21e-48eb-a14e-d47067c0a2a9', 'KALTAKQUISE', 'ACTIVE', 0, 'Funktion: Gesamtleitung/Direktion | Mitarbeiter: 1 bis 10 | Branche: Beherbergungsstätten'),
('05d9c8cd-2a53-48f0-a753-42d514cd24a3', '8a3c1dce-148e-46cc-b0cd-b5d925e3f795', 'KALTAKQUISE', 'ACTIVE', 0, 'Funktion: Geschäftsführer/in (CEO) | Mitarbeiter: 1 bis 10 | Branche: Restaurants'),
('08eb3c62-fe11-4b1f-8b1d-7a21a9f83427', 'e7aca307-be50-44ef-b430-d0cb56f86f52', 'KALTAKQUISE', 'ACTIVE', 0, 'Funktion: Gesamtleitung/Direktion | Mitarbeiter: 1 bis 10 | Branche: Beherbergungsstätten'),
('e14100f8-9a49-4827-b122-819010b8990e', '4682b8c8-1d8c-40a5-aad6-e8170c951a7b', 'KALTAKQUISE', 'ACTIVE', 0, 'Funktion: Geschäftsführer/in (CEO) | Mitarbeiter: 1 bis 10 | Branche: Lebensmittelverarbeitung | Rechtsform: Aktiengesellschaft'),
('4a680bfe-9227-4549-a727-7fc20e409340', 'd6177224-ab51-4a98-9077-18d917aef7d0', 'KALTAKQUISE', 'ACTIVE', 0, 'Funktion: Geschäftsführer/in (CEO) | Mitarbeiter: 1 bis 10 | Branche: Architekturbüros | Rechtsform: Gesellschaft mit beschränkter Haftung'),
('03197353-3a27-48ca-81c1-c212499efde9', '2dc428aa-062c-48ea-bc96-984f62016d34', 'KALTAKQUISE', 'ACTIVE', 0, 'Funktion: Geschäftsführer/in (CEO) | Mitarbeiter: 11 bis 20 | Branche: Baugeschäfte / Sanitär & Haustechnik | Rechtsform: Aktiengesellschaft'),
('a7791ea9-eff2-4ec6-a22d-ca3736d05d6e', '4b105b91-c2e4-447b-991e-22425b2343cf', 'KALTAKQUISE', 'ACTIVE', 0, 'Funktion: Geschäftsführer/in (CEO) | Mitarbeiter: 11 bis 20 | Branche: Baugeschäfte'),
('846c5261-c328-49fe-9008-ca8c94701d66', 'd933f434-5c67-4fe6-af77-8bf0283c34eb', 'KALTAKQUISE', 'ACTIVE', 0, 'Funktion: Geschäftsführer/in (CEO) | Mitarbeiter: 1 bis 10 | Branche: Private Equity & Venture Capital Firmen'),
('27fb0fb0-5c54-4f5c-adae-5743fb58cf4b', '0a4fd3f9-042b-483c-8ca5-efccaa80abd8', 'KALTAKQUISE', 'ACTIVE', 0, 'Funktion: Geschäftsführer/in (CEO) | Mitarbeiter: 51 bis 100 | Branche: General- & Totalunternehmungen / Schreinerei- & Holzbaubetriebe | Rechtsform: Aktiengesellschaft'),
('08b921e1-08ea-41a3-8cf4-6979eea9b968', '9c6a589c-fec1-4bb8-a26c-ffa5f9ba6c0d', 'KALTAKQUISE', 'ACTIVE', 0, 'Funktion: Geschäftsführer/in (CEO) | Mitarbeiter: 101 bis 500 | Branche: Divers | Rechtsform: Aktiengesellschaft'),
('b5600b36-904f-452a-99e8-977a1669be54', 'a0f34b58-1a76-4ef7-8d48-9eb2c271ec3d', 'KALTAKQUISE', 'ACTIVE', 0, 'Funktion: Geschäftsführer/in (CEO) | Mitarbeiter: 1 bis 10 | Branche: Metallbauer | Rechtsform: Gesellschaft mit beschränkter Haftung'),
('59ac63cc-ba26-49ff-9285-1ab0c8a4805a', '255b0cb0-45d0-443b-922e-3ad3cf1bb187', 'KALTAKQUISE', 'ACTIVE', 0, 'Funktion: Geschäftsführer/in (CEO) | Mitarbeiter: 1 bis 10 | Branche: Sanitär & Haustechnik | Rechtsform: Aktiengesellschaft'),
('f598c54d-ff8a-4d23-9b88-37e3e756f2fc', '27a9dc11-aae9-4964-82ad-d01dd82afbb6', 'KALTAKQUISE', 'ACTIVE', 0, 'Funktion: Geschäftsführer/in (CEO) | Mitarbeiter: 1 bis 10 | Branche: Schreinerei- & Holzbaubetriebe | Rechtsform: Aktiengesellschaft'),
('711e6a8e-9ac8-4a7b-b135-1af240403fc6', 'bf24c0bc-7db7-4606-be36-66ca19cc9184', 'KALTAKQUISE', 'ACTIVE', 0, 'Funktion: Geschäftsführer/in (CEO) | Mitarbeiter: 1 bis 10 | Branche: Immobilienvermittlung | Rechtsform: Aktiengesellschaft'),
('2b8f5b8c-c0b3-4926-a7fe-306f238dafdc', 'deec6b12-a1b1-4eff-9e2d-0d9715c7c11a', 'KALTAKQUISE', 'ACTIVE', 0, 'Funktion: Geschäftsführer/in (CEO) | Mitarbeiter: 1 bis 10 | Branche: Online Shops | Rechtsform: Einzelunternehmen'),
('5f825184-973f-49c1-8b3a-45721fe6f3f0', '847a23ac-6bcf-4341-a9ec-d313033c3213', 'KALTAKQUISE', 'ACTIVE', 0, 'Funktion: Geschäftsführer/in (CEO) | Mitarbeiter: 11 bis 20 | Branche: Schreinerei- & Holzbaubetriebe | Rechtsform: Aktiengesellschaft'),
('c9e20225-d040-47d0-bec3-f76a1de02cc3', '87a7419f-f9fe-4eec-bc6c-4bc350be17b0', 'KALTAKQUISE', 'ACTIVE', 0, 'Funktion: Geschäftsführer/in (CEO) | Mitarbeiter: 1 bis 10 | Branche: Clubs, Bars & Eventlocations'),
('35108fa2-b4cc-429e-a6c6-a12e08fb6908', 'f154df65-9bb7-4c9a-b752-5d561364961b', 'KALTAKQUISE', 'ACTIVE', 0, 'Funktion: Geschäftsführer/in (CEO) | Mitarbeiter: 1 bis 10 | Branche: Architekturbüros / Innenausstatter | Rechtsform: Einzelunternehmen'),
('cfad548d-6abf-4175-bb38-d2ff259626fc', '218152e6-712c-4c7f-9d30-962672293f8e', 'KALTAKQUISE', 'ACTIVE', 0, 'Funktion: Geschäftsführer/in (CEO) | Mitarbeiter: 1 bis 10 | Branche: Online Shops | Rechtsform: Gesellschaft mit beschränkter Haftung'),
('13ba3a56-3d28-436f-b7b0-185cc313dd24', 'e0f645b1-2ccc-49f8-b53f-952fc04b171a', 'KALTAKQUISE', 'ACTIVE', 0, 'Funktion: Geschäftsführer/in (CEO) | Mitarbeiter: 1 bis 10 | Branche: Maschinenbauindustrie | Rechtsform: Aktiengesellschaft'),
('03328377-fc2f-4de7-8cdb-9f3a4989ae36', '297e558f-50f6-4bfd-b3ee-6aafd83150e9', 'KALTAKQUISE', 'ACTIVE', 0, 'Funktion: Geschäftsführer/in (CEO) | Mitarbeiter: 11 bis 20 | Branche: Architekturbüros | Rechtsform: Aktiengesellschaft'),
('ca016f2f-8c17-47cd-bbf1-6e4efdc2dc2b', 'fd01a737-d8e2-4a14-8d04-c6c3c4853aae', 'KALTAKQUISE', 'ACTIVE', 0, 'Funktion: Geschäftsführer/in (CEO) | Mitarbeiter: 51 bis 100 | Branche: Maschinenbauindustrie | Rechtsform: Aktiengesellschaft'),
('7aaf3e5c-a1b2-4273-8374-d89d189e1f04', 'f8085afd-483f-4154-b318-4d0c247fa766', 'KALTAKQUISE', 'ACTIVE', 0, 'Funktion: Geschäftsführer/in (CEO) | Mitarbeiter: 21 bis 50 | Branche: Textil- & Möbelindustrie / Schreinerei- & Holzbaubetriebe | Rechtsform: Aktiengesellschaft'),
('b9f29006-a0ae-4051-bd80-9a3be722f9c1', '2ed5d894-aed2-4f35-8ea1-20096a9e14ba', 'KALTAKQUISE', 'ACTIVE', 0, 'Funktion: Geschäftsführer/in (CEO) | Mitarbeiter: 11 bis 20 | Branche: Sanitär & Haustechnik / Solar & Photovoltaik | Rechtsform: Aktiengesellschaft'),
('23963c94-bcfe-4d7f-8357-f266631a6951', 'c9e5c1dd-a2a4-4485-9736-edd433043674', 'KALTAKQUISE', 'ACTIVE', 0, 'Funktion: Geschäftsführer/in (CEO) | Mitarbeiter: 1 bis 10 | Branche: Gartenbau & -pflege'),
('b36cf0c9-2472-4f41-9141-f1515de08acb', '87f189ff-50ac-48d3-8bc4-09148cb5753e', 'KALTAKQUISE', 'ACTIVE', 0, 'Funktion: Geschäftsführer/in (CEO) | Mitarbeiter: 11 bis 20 | Branche: Sanitär & Haustechnik | Rechtsform: Aktiengesellschaft'),
('c0877785-32fc-438f-9ef9-b0dd1848e745', '2ce4a949-e9e7-4edd-bd46-e4ec7ff73b03', 'KALTAKQUISE', 'ACTIVE', 0, 'Funktion: Geschäftsführer/in (CEO) | Mitarbeiter: 1 bis 10 | Branche: Unternehmensberater | Rechtsform: Gesellschaft mit beschränkter Haftung'),
('6f153d19-38f6-4b2f-bd35-f08c6b11e25e', '345d6892-877d-4ac9-bc03-c3956b0e83a2', 'KALTAKQUISE', 'ACTIVE', 0, 'Funktion: Geschäftsführer/in (CEO) | Mitarbeiter: 1 bis 10 | Branche: Garagen | Rechtsform: Aktiengesellschaft'),
('01ff4562-1039-48d4-9da4-90d02e794565', '2aa9c88e-bf63-4231-9b04-3bc26542e3c1', 'KALTAKQUISE', 'ACTIVE', 0, 'Funktion: Geschäftsführer/in (CEO) | Mitarbeiter: 101 bis 500 | Branche: Top 2''000 CH-Unternehmen | Rechtsform: Aktiengesellschaft'),
('023ce0c0-0749-442c-b953-73de61737d58', '14636235-d8f1-4ba8-8928-1d6b59d54f76', 'KALTAKQUISE', 'ACTIVE', 0, 'Funktion: Gesamtleitung/Direktion | Mitarbeiter: 51 bis 100 | Branche: Hotels / Restaurants'),
('ee7cbe8e-edb9-4b7f-a9a4-95983b837345', '316e23a5-3dee-45f8-ba77-153c42481c6c', 'KALTAKQUISE', 'ACTIVE', 0, 'Funktion: Geschäftsführer/in (CEO) | Mitarbeiter: 11 bis 20 | Branche: Sanitär & Haustechnik | Rechtsform: Aktiengesellschaft'),
('6917f9d2-0c21-421a-8d53-6075d2ebf242', '44d53402-7136-40d6-a8b7-204b087e4372', 'KALTAKQUISE', 'ACTIVE', 0, 'Funktion: Geschäftsführer/in (CEO) | Mitarbeiter: 1 bis 10 | Branche: Treuhandbüros'),
('cf5d89ae-b5f6-40e7-aa59-46f2fb890464', 'c0268d41-c88f-48e7-a44b-8ddc58dc2004', 'KALTAKQUISE', 'ACTIVE', 0, 'Funktion: Geschäftsführer/in (CEO) | Mitarbeiter: 1 bis 10 | Branche: Architekturbüros'),
('8ec52449-d4a5-43fb-bfac-806620f96569', 'a83cb659-5b50-4814-bd4d-abaa5491189c', 'KALTAKQUISE', 'ACTIVE', 0, 'Funktion: Geschäftsführer/in (CEO) | Mitarbeiter: 1 bis 10 | Branche: Lebensmittelverarbeitung | Rechtsform: Gesellschaft mit beschränkter Haftung'),
('c2a1c557-68c7-49b6-aa7c-c522ac55415f', '8e884483-9907-4f52-a4ae-21eda74840c6', 'KALTAKQUISE', 'ACTIVE', 0, 'Funktion: Geschäftsführer/in (CEO) | Mitarbeiter: 1 bis 10 | Branche: Innenausstatter | Rechtsform: Gesellschaft mit beschränkter Haftung'),
('bede17a4-ea62-4ba7-956f-119c62c6b0bf', '4ca5b5e6-d997-4794-a705-d87fa374af2b', 'KALTAKQUISE', 'ACTIVE', 0, 'Funktion: Geschäftsführer/in (CEO) | Mitarbeiter: 101 bis 500 | Branche: Baugeschäfte / Top 2''000 CH-Unternehmen / Glas-, Keramik-, Stein- & Baustoffindustrie | Rechtsform: Aktiengesellschaft'),
('323e732c-fa45-41ab-8908-6ae17d876915', '5ebe0b09-c58e-4803-8147-b78dcfd72eb0', 'KALTAKQUISE', 'ACTIVE', 0, 'Funktion: Geschäftsführer/in (CEO) | Mitarbeiter: 1 bis 10 | Branche: Architekturbüros | Rechtsform: Gesellschaft mit beschränkter Haftung'),
('dd60875d-e87b-41e1-9a9c-9468067f981b', '2b62d7da-f2ed-457c-a183-5e6344dadc4e', 'KALTAKQUISE', 'ACTIVE', 0, 'Funktion: Geschäftsführer/in (CEO) | Mitarbeiter: 1 bis 10 | Branche: Clubs, Bars & Eventlocations'),
('5e2afb67-be7b-4e7a-9338-011950f84571', 'ed00be45-a866-4f7d-823c-f51892d74e4a', 'KALTAKQUISE', 'ACTIVE', 0, 'Funktion: Geschäftsführer/in (CEO) | Mitarbeiter: 1 bis 10 | Branche: Nachhaltigkeitsbereich'),
('62d985b0-6052-4432-b5a5-473bced6c682', 'cee395c5-f7f2-4d33-a07a-2444a908fd67', 'KALTAKQUISE', 'ACTIVE', 0, 'Funktion: Geschäftsführer/in (CEO) | Mitarbeiter: 1 bis 10 | Branche: Logistik- & Transportunternehmen | Rechtsform: Gesellschaft mit beschränkter Haftung'),
('a40baa5e-af34-49b4-a192-0b112deb59e7', '3379a10f-5c74-49ff-b316-c598448d8eeb', 'KALTAKQUISE', 'ACTIVE', 0, 'Funktion: Geschäftsführer/in (CEO) | Mitarbeiter: 1 bis 10 | Branche: Naturheilpraxen | Rechtsform: Einzelunternehmen'),
('b7503e6f-4b64-431d-aeb8-868bac475c9b', 'be074bba-9be2-46fe-a0cc-76c1db4b279f', 'KALTAKQUISE', 'ACTIVE', 0, 'Funktion: Geschäftsführer/in (CEO) | Mitarbeiter: 11 bis 20 | Branche: Maschinenbauindustrie | Rechtsform: Aktiengesellschaft'),
('97e979ce-4ac6-4af5-ae0c-3b9731a9f51b', '38092124-3af6-45a1-9ea6-4583c8a95324', 'KALTAKQUISE', 'ACTIVE', 0, 'Funktion: Geschäftsführer/in (CEO) | Mitarbeiter: 11 bis 20 | Branche: Online Shops | Rechtsform: Einzelunternehmen'),
('47a1bbad-c5fb-4922-aba9-385b0a4d3f25', 'b242b5cf-82fd-4769-9ce8-f336fafd6265', 'KALTAKQUISE', 'ACTIVE', 0, 'Funktion: Geschäftsführer/in (CEO) | Mitarbeiter: 1 bis 10 | Branche: Textil- & Möbelindustrie | Rechtsform: Gesellschaft mit beschränkter Haftung'),
('151c19f9-923b-4ca2-bd33-b339af98434e', 'fc78b514-0a37-4f68-b3b1-56d999a1a23c', 'KALTAKQUISE', 'ACTIVE', 0, 'Funktion: Geschäftsführer/in (CEO) | Mitarbeiter: 1 bis 10 | Branche: Architekturbüros / Innenausstatter | Rechtsform: Einzelunternehmen'),
('ae3199e9-4776-4051-a328-6f7c4f144e8a', 'a5c3248a-53e5-498d-bd54-9b89233dc416', 'KALTAKQUISE', 'ACTIVE', 0, 'Funktion: Geschäftsführer/in (CEO) | Mitarbeiter: 1 bis 10 | Branche: Werbeagenturen | Rechtsform: Gesellschaft mit beschränkter Haftung'),
('dbf871c1-6e2b-4212-8e7d-0072bb0e821b', 'ac279679-bc6f-4884-92e6-07524c8f3a52', 'KALTAKQUISE', 'ACTIVE', 0, 'Funktion: Geschäftsführer/in (CEO) | Mitarbeiter: 11 bis 20 | Branche: Tennisvereine | Rechtsform: Aktiengesellschaft'),
('425da12b-9a4b-4b04-bdcd-78b14fb62bb0', '0f7b04f0-33d5-4291-b926-edaecc518943', 'KALTAKQUISE', 'ACTIVE', 0, 'Funktion: Geschäftsführer/in (CEO) | Mitarbeiter: 21 bis 50 | Branche: Treuhandbüros | Rechtsform: Gesellschaft mit beschränkter Haftung'),
('a2f54645-652f-4e9e-b025-d0c00aeccd67', '3381226e-e71b-444d-a81b-309d535536c3', 'KALTAKQUISE', 'ACTIVE', 0, 'Funktion: Geschäftsführer/in (CEO) | Mitarbeiter: 1 bis 10 | Branche: Metallbauer | Rechtsform: Gesellschaft mit beschränkter Haftung'),
('ed2ae8e1-91a9-4231-8366-8e240a1df1d1', '4266d9c5-62fe-49c1-9016-ca6ccea069aa', 'KALTAKQUISE', 'ACTIVE', 0, 'Funktion: Geschäftsführer/in (CEO) | Mitarbeiter: 1 bis 10 | Branche: Elektroindustrie | Rechtsform: Aktiengesellschaft'),
('bf3be5cb-52d5-498b-a279-5ec7dd956ba2', 'd7f32812-b6c3-477e-bf2a-699a16202dd0', 'KALTAKQUISE', 'ACTIVE', 0, 'Funktion: Geschäftsführer/in (CEO) | Mitarbeiter: 21 bis 50 | Branche: Maschinenbauindustrie | Rechtsform: Aktiengesellschaft'),
('65c52609-1bf9-4b15-ac57-4b8fde0a2fa3', 'b00a9689-9e93-4703-819c-de4354be846e', 'KALTAKQUISE', 'ACTIVE', 0, 'Funktion: Geschäftsführer/in (CEO) | Mitarbeiter: 1 bis 10 | Branche: Lebensmittelverarbeitung | Rechtsform: Gesellschaft mit beschränkter Haftung'),
('2689f362-8b23-44b7-964e-695d352871cc', 'bcb1f591-3904-47de-9253-a7cfa5f86915', 'KALTAKQUISE', 'ACTIVE', 0, 'Funktion: Präsidium  | Mitarbeiter: 1 bis 10 | Branche: Turnvereine'),
('8cb9c952-ea12-4149-a5b9-3eaefb57a755', 'c60ffb0f-d457-41f2-811c-dd160bdf00bb', 'KALTAKQUISE', 'ACTIVE', 0, 'Funktion: Präsidium  | Mitarbeiter: 1 bis 10 | Branche: Turnvereine'),
('2650b6b0-ec78-4760-a580-e9f883bf1057', '8150f189-1a4a-4eac-b112-4cb56d632290', 'KALTAKQUISE', 'ACTIVE', 0, 'Funktion: Präsidium  | Mitarbeiter: 1 bis 10 | Branche: Turnvereine'),
('ba3f9336-7283-494d-b668-0cc4f8204957', '213a6b7c-b7af-41f6-96a3-3a26f8e49b3b', 'KALTAKQUISE', 'ACTIVE', 0, 'Funktion: Präsidium  | Mitarbeiter: 1 bis 10 | Branche: Turnvereine'),
('cfaa1127-b405-49e0-a4d7-f9b9180039db', 'edf644c2-0489-4679-bfd9-5c07ca310172', 'KALTAKQUISE', 'ACTIVE', 0, 'Funktion: Präsidium  | Mitarbeiter: 1 bis 10 | Branche: Turnvereine'),
('cafe2b7f-98d4-4ce2-be2d-ab777a1c4947', '7142e484-aa5c-4115-8e30-4ba587dda1ea', 'KALTAKQUISE', 'ACTIVE', 0, 'Funktion: Präsidium  | Mitarbeiter: 1 bis 10 | Branche: Turnvereine'),
('e5112c2e-9942-4e39-9f67-3b25db08ab9c', 'e3df1b59-7965-4374-9245-d4a318277849', 'KALTAKQUISE', 'ACTIVE', 0, 'Funktion: Präsidium  | Mitarbeiter: 1 bis 10 | Branche: Turnvereine'),
('a5b52318-a6cd-4051-b5b6-1ecd21f9c9d1', '79779ed1-6f10-46a4-9bf9-9acfe9d2909f', 'KALTAKQUISE', 'ACTIVE', 0, 'Funktion: Präsidium  | Mitarbeiter: 1 bis 10 | Branche: Turnvereine'),
('049a3e24-7816-4022-9741-ca052775d40c', 'dfe67803-d4ee-4c18-91ee-343511a38b6b', 'KALTAKQUISE', 'ACTIVE', 0, 'Funktion: Präsidium  | Mitarbeiter: 1 bis 10 | Branche: Turnvereine'),
('ecc89d6b-2ed7-4e03-81fc-435cee6ac376', '4eba6761-ab53-46ee-b682-e7418521f755', 'KALTAKQUISE', 'ACTIVE', 0, 'Funktion: Präsidium  | Mitarbeiter: 1 bis 10 | Branche: Turnvereine'),
('c565132e-4828-4458-8b78-0124431e6799', '88eac4e0-c79f-47b2-adfb-3fddfad875e9', 'KALTAKQUISE', 'ACTIVE', 0, 'Funktion: Präsidium  | Mitarbeiter: 1 bis 10 | Branche: Turnvereine'),
('d06e8a64-6490-4ba5-874c-56b9bad98b86', '648a13ac-675f-48b9-a206-a06462f41841', 'KALTAKQUISE', 'ACTIVE', 0, 'Funktion: Präsidium  | Mitarbeiter: 1 bis 10 | Branche: Turnvereine'),
('f4a42f3c-79f7-44ac-90a6-844fda2a1f67', '190e4505-9783-4f95-ac3c-db275088e772', 'KALTAKQUISE', 'ACTIVE', 0, 'Funktion: Präsidium  | Mitarbeiter: 1 bis 10 | Branche: Turnvereine'),
('b0566565-4040-4d7e-a383-8359f2b8f890', '912c690e-1b2d-41e8-9987-ba7f2ef8d043', 'KALTAKQUISE', 'ACTIVE', 0, 'Funktion: Präsidium  | Mitarbeiter: 1 bis 10 | Branche: Turnvereine'),
('d1439db5-f426-400d-98ef-3bb92c0309dc', 'cc955c80-1cc9-4666-9f85-eb5b9b25d5ed', 'KALTAKQUISE', 'ACTIVE', 0, 'Funktion: Geschäftsführer/in (CEO) | Mitarbeiter: 1 bis 10 | Branche: Innenausstatter | Rechtsform: Gesellschaft mit beschränkter Haftung'),
('c4977e96-eca4-43e7-8769-54baa68cf04d', 'd3e627c5-92f8-4e7f-940e-ed933b4600fd', 'KALTAKQUISE', 'ACTIVE', 0, 'Funktion: Geschäftsführer/in (CEO) | Mitarbeiter: Mehr als 500 | Branche: Top 2''000 CH-Unternehmen | Rechtsform: Aktiengesellschaft'),
('b0dc326f-49c2-4ce6-aa6c-ed056d05acc3', '27ab23d5-46e7-4d82-89f1-9c804abd5886', 'KALTAKQUISE', 'ACTIVE', 0, 'Funktion: Geschäftsführer/in (CEO) | Mitarbeiter: 1 bis 10 | Branche: Unternehmensberater | Rechtsform: Gesellschaft mit beschränkter Haftung'),
('6a7ee537-e5c7-4e79-8f28-0cb7a2f08d14', '6e5d13ef-0e9d-4e96-9db2-5d87ed48a358', 'KALTAKQUISE', 'ACTIVE', 0, 'Funktion: Geschäftsführer/in (CEO) | Mitarbeiter: 1 bis 10 | Branche: Treuhandbüros | Rechtsform: Gesellschaft mit beschränkter Haftung'),
('d9d4bf16-3811-4c94-9ebf-73a0d9735a0a', 'c15f90f9-7ad7-4427-bab6-d58589339dc4', 'KALTAKQUISE', 'ACTIVE', 0, 'Funktion: Chefredaktion | Mitarbeiter: 21 bis 50 | Branche: Zeitungen & Zeitschriften'),
('7c9f29d3-4975-4c86-a1fd-7de698eef414', '713760d0-4c77-481e-ab78-333391687edd', 'KALTAKQUISE', 'ACTIVE', 0, 'Funktion: Geschäftsführer/in (CEO) | Mitarbeiter: 21 bis 50 | Branche: Schreinerei- & Holzbaubetriebe'),
('433f3a30-061a-4abd-a0f3-94c86aa33341', '0c8f844a-5e47-4f3e-a66e-f0d3374b4f98', 'KALTAKQUISE', 'ACTIVE', 0, 'Funktion: Geschäftsführer/in (CEO) | Mitarbeiter: 1 bis 10 | Branche: Architekturbüros | Rechtsform: Einzelunternehmen'),
('66377d97-6c23-451c-9885-0c4ffaf54401', 'bf2a7d3d-6444-4082-833e-e421b758f988', 'KALTAKQUISE', 'ACTIVE', 0, 'Funktion: Geschäftsführer/in (CEO) | Mitarbeiter: 1 bis 10 | Branche: IT Unternehmen | Rechtsform: Aktiengesellschaft'),
('dfcd1d55-277a-4924-a6c8-2c3023d9848a', 'be5f11f7-855a-445c-9406-579b77f8ca45', 'KALTAKQUISE', 'ACTIVE', 0, 'Funktion: Geschäftsführer/in (CEO) | Mitarbeiter: 1 bis 10 | Branche: Schreinerei- & Holzbaubetriebe | Rechtsform: Gesellschaft mit beschränkter Haftung'),
('fe2ff24b-b36e-4b17-92e2-a3a74e24ffb2', 'f7a06ddd-3eb0-4a56-a957-b8c5e0e1d00c', 'KALTAKQUISE', 'ACTIVE', 0, 'Funktion: Geschäftsführer/in (CEO) | Mitarbeiter: 1 bis 10 | Branche: Entsorgungsindustrie | Rechtsform: Kollektivgesellschaft'),
('f84aa721-ae43-421c-ac9e-aa0140b79c24', '98a3c593-7cb2-4f57-a78a-8ced49f667fb', 'KALTAKQUISE', 'ACTIVE', 0, 'Funktion: Geschäftsführer/in (CEO) | Mitarbeiter: 1 bis 10 | Branche: Textil- & Möbelindustrie | Rechtsform: Aktiengesellschaft'),
('a36572d2-2b7f-4896-92ce-c85a922db582', 'd55180a5-1771-45d9-a4c3-89869b39a1e9', 'KALTAKQUISE', 'ACTIVE', 0, 'Funktion: Geschäftsführer/in (CEO) | Mitarbeiter: 11 bis 20 | Branche: Logistik- & Transportunternehmen | Rechtsform: Schweizerische Zweigniederlassung'),
('bb63f5ad-5a53-4b77-803d-499c5133e598', 'fee4cc39-9ba2-4490-b34c-7fbd7757d53b', 'KALTAKQUISE', 'ACTIVE', 0, 'Funktion: Geschäftsführer/in (CEO) | Mitarbeiter: 11 bis 20 | Branche: Fitnessstudios / Physiotherapie'),
('8d521070-0b1e-479f-be6b-90856a56d8c4', '723ced9a-c4d3-466a-93cb-0eee04eae11c', 'KALTAKQUISE', 'ACTIVE', 0, 'Funktion: Geschäftsführer/in (CEO) | Mitarbeiter: 1 bis 10 | Branche: Tattoo- & Piercingstudios'),
('45264572-5413-47fd-8842-352656e6bf25', 'c4d1ec51-8166-4271-9b77-a3000ae2c15e', 'KALTAKQUISE', 'ACTIVE', 0, 'Funktion: Geschäftsführer/in (CEO) | Mitarbeiter: 11 bis 20 | Branche: Logistik- & Transportunternehmen'),
('697594bf-f345-431b-a72f-ed122facf566', 'd3a2564e-5fe6-4509-9db3-39efac5a9298', 'KALTAKQUISE', 'ACTIVE', 0, 'Funktion: Geschäftsführer/in (CEO) | Mitarbeiter: 1 bis 10 | Branche: Metallbauer | Rechtsform: Gesellschaft mit beschränkter Haftung'),
('fb4c3ced-d4d2-4b00-81c2-642a9dd3ed7d', '487a1771-aa25-4fef-bbb1-7428f8bbdfe9', 'KALTAKQUISE', 'ACTIVE', 0, 'Funktion: Geschäftsführer/in (CEO) | Mitarbeiter: 1 bis 10 | Branche: Personalvermittler & -berater | Rechtsform: Gesellschaft mit beschränkter Haftung'),
('f370ba0f-b92f-49d7-8ec6-ab24d8ac3893', 'b405718b-e42b-4c26-8771-f8affada38d7', 'KALTAKQUISE', 'ACTIVE', 0, 'Funktion: Geschäftsführer/in (CEO) | Mitarbeiter: 101 bis 500 | Branche: Maschinenbauindustrie | Rechtsform: Aktiengesellschaft'),
('b3ea96cd-4eed-4f70-860b-6c6f5f39e1a0', '06773acc-c1a8-479c-832f-47cfdcd45109', 'KALTAKQUISE', 'ACTIVE', 0, 'Funktion: Geschäftsführer/in (CEO) | Mitarbeiter: 11 bis 20 | Branche: Arztpraxen | Rechtsform: Aktiengesellschaft'),
('fa26b0e7-8984-4866-ba07-2e248b34d25c', 'c6344655-cc2f-4c95-bfcc-461644409990', 'KALTAKQUISE', 'ACTIVE', 0, 'Funktion: Geschäftsführer/in (CEO) | Mitarbeiter: 11 bis 20 | Branche: Clubs, Bars & Eventlocations'),
('c29fc371-f88b-4d0e-8a33-d61fdd46d83a', '1b6cbdac-e178-4a06-bd2e-c7a10480053e', 'KALTAKQUISE', 'ACTIVE', 0, 'Funktion: Geschäftsführer/in (CEO) | Mitarbeiter: 11 bis 20 | Branche: Facility Management & Reinigungsfirmen | Rechtsform: Gesellschaft mit beschränkter Haftung'),
('3e4df914-905f-4107-ae2f-ed7a1e7c918f', '87f97268-60bd-421a-ae6c-61a1bc9d7c79', 'KALTAKQUISE', 'ACTIVE', 0, 'Funktion: Geschäftsführer/in (CEO) | Mitarbeiter: 1 bis 10 | Branche: Catering'),
('a52b1843-8cde-4a85-aabe-ada057c45e1b', '1109b14f-b499-459a-b798-3d3df3114ab0', 'KALTAKQUISE', 'ACTIVE', 0, 'Funktion: Geschäftsführer/in (CEO) | Mitarbeiter: 1 bis 10 | Branche: Werbeagenturen | Rechtsform: Gesellschaft mit beschränkter Haftung'),
('0bbad2ca-28cf-4b0d-9da0-216b14a22a6d', '6c68a0d0-37a0-44c9-985c-6b16e884425a', 'KALTAKQUISE', 'ACTIVE', 0, 'Funktion: Geschäftsführer/in (CEO) | Mitarbeiter: 21 bis 50 | Branche: Bauingenieurbüros | Rechtsform: Schweizerische Zweigniederlassung'),
('b1165047-eca0-441c-a9a1-187ccc445903', '085cb20c-328b-438a-9a26-bb3ba2ec0f63', 'KALTAKQUISE', 'ACTIVE', 0, 'Funktion: Geschäftsführer/in (CEO) | Mitarbeiter: 1 bis 10 | Branche: Naturheilpraxen'),
('56a1e84b-8c82-4c3e-be04-79007ac6faa4', '1eff0f83-bbd3-4d83-a702-17c0cc25bc1f', 'KALTAKQUISE', 'ACTIVE', 0, 'Funktion: Geschäftsführer/in (CEO) | Mitarbeiter: 1 bis 10 | Branche: Naturheilpraxen'),
('c6beaf12-250e-48a9-a26c-9e78d0048c92', '903b2411-eeee-4929-8202-94f526b74094', 'KALTAKQUISE', 'ACTIVE', 0, 'Funktion: Geschäftsführer/in (CEO) | Mitarbeiter: 1 bis 10 | Branche: Atem- Meditation- & Yogacenter'),
('5826923d-f0f3-474a-89ca-c25f93842415', 'e807b532-f459-4d5d-ba24-6b71d7b954a8', 'KALTAKQUISE', 'ACTIVE', 0, 'Funktion: Geschäftsführer/in (CEO) | Mitarbeiter: 1 bis 10 | Branche: Restaurants | Rechtsform: Gesellschaft mit beschränkter Haftung'),
('d093c5f9-5a24-44c8-bef0-da95917dc78c', '08ea8835-a91c-49de-bbe7-d24b6e6a4f03', 'KALTAKQUISE', 'ACTIVE', 0, 'Funktion: Geschäftsführer/in (CEO) | Mitarbeiter: Mehr als 500 | Branche: Online Shops / Top 2''000 CH-Unternehmen | Rechtsform: Aktiengesellschaft'),
('19314d93-d2f7-4a80-8b0b-016764cc2ff8', '3a073195-868e-405a-996b-0a4ed8a773f0', 'KALTAKQUISE', 'ACTIVE', 0, 'Funktion: Geschäftsführer/in (CEO) | Mitarbeiter: 1 bis 10 | Branche: Kosmetikstudios'),
('55e99a6a-97f9-4860-8733-83340e0de6b5', '63e6cb8a-955b-4c3d-9462-f4302d2f26b7', 'KALTAKQUISE', 'ACTIVE', 0, 'Funktion: Geschäftsführer/in (CEO) | Mitarbeiter: 1 bis 10 | Branche: Architekturbüros / Bau- & Projektmanagement | Rechtsform: Aktiengesellschaft'),
('63bbde26-d999-4977-89fe-9018819d400d', '2d8178cd-20ff-468f-bbde-421226b4aca3', 'KALTAKQUISE', 'ACTIVE', 0, 'Funktion: Geschäftsführer/in (CEO) | Mitarbeiter: 21 bis 50 | Branche: Chemieindustrie | Rechtsform: Aktiengesellschaft'),
('5aeb011f-96cf-4eef-ad4a-ad7b96d2209d', '565098b7-3333-402b-9b18-c4e4ff501ee2', 'KALTAKQUISE', 'ACTIVE', 0, 'Funktion: Geschäftsführer/in (CEO) | Mitarbeiter: 1 bis 10 | Branche: Lebensmittelverarbeitung | Rechtsform: Einzelunternehmen'),
('bb82d00c-c31f-4655-9f76-567bed9c7494', '0e118c3a-7cd9-498e-b737-499c36ee5ec0', 'KALTAKQUISE', 'ACTIVE', 0, 'Funktion: Geschäftsführer/in (CEO) | Mitarbeiter: 1 bis 10 | Branche: Sanitär & Haustechnik | Rechtsform: Aktiengesellschaft'),
('e0075128-1345-4fed-9a87-71f76616ae49', '08afe626-7981-4eb8-9b1c-c3fbbe22a646', 'KALTAKQUISE', 'ACTIVE', 0, 'Funktion: Präsidium  | Mitarbeiter: 1 bis 10 | Branche: Turnvereine'),
('d4989808-4893-4d6a-96bd-c690ac9437cc', '820f1a20-a7d7-4f6b-8263-6067408531f4', 'KALTAKQUISE', 'ACTIVE', 0, 'Funktion: Geschäftsführer/in (CEO) | Mitarbeiter: 1 bis 10 | Branche: Architekturbüros / Bau- & Projektmanagement / General- & Totalunternehmungen / Bauherrenvertretung | Rechtsform: Aktiengesellschaft'),
('a0a8ed33-ef26-485b-88d9-4cac106dc984', 'b9d38041-0aaf-446a-be7d-5567583b94b5', 'KALTAKQUISE', 'ACTIVE', 0, 'Funktion: Geschäftsführer/in (CEO) | Mitarbeiter: 1 bis 10 | Branche: Treuhandbüros | Rechtsform: Aktiengesellschaft'),
('02abd928-e667-40fd-8ab8-23b27297636b', 'b9d03768-f3d6-42ac-a5cd-31e24d4b85a2', 'KALTAKQUISE', 'ACTIVE', 0, 'Funktion: Geschäftsführer/in (CEO) | Mitarbeiter: 11 bis 20 | Branche: Garagen | Rechtsform: Aktiengesellschaft'),
('fb4f28c1-7e01-46b8-a8aa-adb0d46c7e59', '306850e1-0744-4110-a461-dd80cb47c6b2', 'KALTAKQUISE', 'ACTIVE', 0, 'Funktion: Geschäftsführer/in (CEO) | Mitarbeiter: 11 bis 20 | Branche: Clubs, Bars & Eventlocations'),
('5fde08c8-bf36-44a4-b619-a316a5244ae9', '3cdedf46-4cc7-400b-88a3-198eca2f536a', 'KALTAKQUISE', 'ACTIVE', 0, 'Funktion: Geschäftsführer/in (CEO) | Mitarbeiter: 11 bis 20 | Branche: Clubs, Bars & Eventlocations / Getränkeindustrie | Rechtsform: Aktiengesellschaft'),
('475726d7-536f-4915-9ddc-b8ef0304cfc4', 'cc1b4d10-3597-4b35-a82e-1bba83777b44', 'KALTAKQUISE', 'ACTIVE', 0, 'Funktion: Geschäftsführer/in (CEO) | Mitarbeiter: 11 bis 20 | Branche: Clubs, Bars & Eventlocations'),
('e442c6b6-fab7-4e05-ac64-de86a9bc7de3', '3b85308f-392e-4076-ae88-e7fc3a2fc35c', 'KALTAKQUISE', 'ACTIVE', 0, 'Funktion: Geschäftsführer/in (CEO) | Mitarbeiter: 11 bis 20 | Branche: Elektroindustrie / Energieindustrie / Maschinenbauindustrie | Rechtsform: Aktiengesellschaft'),
('6f05dece-357d-467d-9dd8-0a7011ef6ebc', 'c237eaa1-5e38-415c-90af-9bed8bbeedb2', 'KALTAKQUISE', 'ACTIVE', 0, 'Funktion: Geschäftsführer/in (CEO) | Mitarbeiter: 51 bis 100 | Branche: Maschinenbauindustrie | Rechtsform: Aktiengesellschaft'),
('1d942a1a-2fb3-4a69-b5cc-8fc4e5924df2', '759e4769-41b3-41f4-bc10-910b902167a0', 'KALTAKQUISE', 'ACTIVE', 0, 'Funktion: Inhaber/in (Owner/Founder) | Mitarbeiter: 1 bis 10 | Branche: Garagen | Rechtsform: Gesellschaft mit beschränkter Haftung'),
('33fe2a76-7df6-4455-a1bf-660eb27bb023', 'a3735ebc-ba6e-4829-902b-12193f62215f', 'KALTAKQUISE', 'ACTIVE', 0, 'Funktion: Geschäftsführer/in (CEO) | Mitarbeiter: 1 bis 10 | Branche: Chemieindustrie | Rechtsform: Aktiengesellschaft'),
('4d252ec2-aea7-4e3a-b157-89874aa28b79', '4c1af93f-b7db-464b-8faf-73a31e202847', 'KALTAKQUISE', 'ACTIVE', 0, 'Funktion: Geschäftsführer/in (CEO) | Mitarbeiter: 1 bis 10 | Branche: Schreinerei- & Holzbaubetriebe'),
('cf786832-c37d-4a2b-923b-146ac1db47c2', 'f71d3f73-9515-4a36-8610-8835670922a3', 'KALTAKQUISE', 'ACTIVE', 0, 'Funktion: Geschäftsführer/in (CEO) | Mitarbeiter: 21 bis 50 | Branche: Schreinerei- & Holzbaubetriebe | Rechtsform: Aktiengesellschaft'),
('00584721-fb47-4783-8001-f18a2cdf6f7b', '26095495-29ce-4be9-a049-9364e820dfc4', 'KALTAKQUISE', 'ACTIVE', 0, 'Funktion: Geschäftsführer/in (CEO) | Mitarbeiter: 1 bis 10 | Branche: Treuhandbüros | Rechtsform: Aktiengesellschaft'),
('4887fc5a-15d4-40da-a2c7-7e583080907b', '1af8d6a0-82ce-4bf7-8fea-e8f02c06d5a0', 'KALTAKQUISE', 'ACTIVE', 0, 'Funktion: Geschäftsführer/in (CEO) | Mitarbeiter: 1 bis 10 | Branche: Bau- & Projektmanagement / Treuhandbüros / Immobilienvermittlung / Immobilienprojektentwicklung / Bauherrenvertretung | Rechtsform: Gesellschaft mit beschränkter Haftung'),
('15fe4851-5bc6-43ce-8d20-9d69e0268d4c', '891516c9-504e-4075-aa0d-7b647e687a8f', 'KALTAKQUISE', 'ACTIVE', 0, 'Funktion: Geschäftsführer/in (CEO) | Mitarbeiter: 1 bis 10 | Branche: Externe Vermögensverwalter | Rechtsform: Aktiengesellschaft'),
('65b80c51-4ba1-40e5-b296-53deab907306', 'ef1aaee7-fb8d-4f11-8030-b85ec5f54c80', 'KALTAKQUISE', 'ACTIVE', 0, 'Funktion: Geschäftsführer/in (CEO) | Mitarbeiter: 11 bis 20 | Branche: Getränkeindustrie | Rechtsform: Gesellschaft mit beschränkter Haftung'),
('37db4009-49a1-4715-9110-e76ca6e9c49c', 'c7677c97-7fdd-46a4-8bd1-a5910aec1465', 'KALTAKQUISE', 'ACTIVE', 0, 'Funktion: Geschäftsführer/in (CEO) | Mitarbeiter: 11 bis 20 | Branche: Elektroindustrie / Maschinenbauindustrie / Solar & Photovoltaik | Rechtsform: Gesellschaft mit beschränkter Haftung'),
('941713d7-adf8-4fc4-8239-a10043cf746f', '0e4a6377-3d8f-40d6-8d9b-5e20e8ad801f', 'KALTAKQUISE', 'ACTIVE', 0, 'Funktion: Geschäftsführer/in (CEO) | Mitarbeiter: 11 bis 20 | Branche: Physiotherapie | Rechtsform: Gesellschaft mit beschränkter Haftung'),
('cd9b98aa-8f94-41da-bd46-a8221dabf0e3', 'e7a9a1ac-a24d-4561-8973-432533e0b9e8', 'KALTAKQUISE', 'ACTIVE', 0, 'Funktion: Geschäftsführer/in (CEO) | Mitarbeiter: 1 bis 10 | Branche: Family Offices / Private Equity & Venture Capital Firmen / Externe Vermögensverwalter | Rechtsform: Aktiengesellschaft'),
('e948a921-3c66-4ff3-9352-805ef1dc1414', 'f65b95ad-6f1c-4da1-967a-0cb3075f0343', 'KALTAKQUISE', 'ACTIVE', 0, 'Funktion: Geschäftsführer/in (CEO) | Mitarbeiter: 1 bis 10 | Branche: Personalvermittler & -berater | Rechtsform: Aktiengesellschaft'),
('715354b0-345c-4bcb-98fe-e229515fa7a5', 'aafd313d-877b-4550-8ae8-11a325e46ae4', 'KALTAKQUISE', 'ACTIVE', 0, 'Funktion: Geschäftsführer/in (CEO) | Mitarbeiter: 21 bis 50 | Branche: Online Shops | Rechtsform: Aktiengesellschaft'),
('bdb96aae-be47-4926-ab6a-f2954c1e654c', '471b3a5c-c2f8-494e-9440-770d7c081f22', 'KALTAKQUISE', 'ACTIVE', 0, 'Funktion: Geschäftsführer/in (CEO) | Mitarbeiter: 1 bis 10 | Branche: Immobilienvermittlung / Immobilienprojektentwicklung'),
('cfad527b-a066-461b-bc22-8def9f626100', '3f7578d8-8e67-452e-bfcf-d837a0786ab5', 'KALTAKQUISE', 'ACTIVE', 0, 'Funktion: Leitung Schule | Mitarbeiter: 1 bis 10 | Branche: Weiterbildungsinstitute | Rechtsform: Einzelunternehmen'),
('0a679d29-9896-4a5c-86d6-82ba5fc30f50', '3ed03582-54f0-4f2d-8a37-4544457ea49e', 'KALTAKQUISE', 'ACTIVE', 0, 'Funktion: Präsidium  | Mitarbeiter: 1 bis 10 | Branche: Fussballvereine'),
('772f8e12-a5e6-4c79-9925-50287f60d3cc', 'a31963bf-6864-4c2c-b82f-9ce99b3b727e', 'KALTAKQUISE', 'ACTIVE', 0, 'Funktion: Geschäftsführer/in (CEO) | Mitarbeiter: 1 bis 10 | Branche: Detailhandel - Food & Getränke | Rechtsform: Einzelunternehmen'),
('56f864c3-dbb5-4358-a046-3769131009c7', 'd2142d42-69d4-4cf7-8c1d-37cebc691cde', 'KALTAKQUISE', 'ACTIVE', 0, 'Funktion: Geschäftsführer/in (CEO) | Mitarbeiter: 1 bis 10 | Branche: Apotheken & Drogerien'),
('3d9ea257-c680-4514-967f-212a18179e04', '7f360cea-91ea-4175-8451-28ac6e43bff6', 'KALTAKQUISE', 'ACTIVE', 0, 'Funktion: Inhaber/in (Owner/Founder) | Mitarbeiter: 1 bis 10 | Branche: Garagen | Rechtsform: Einzelunternehmen'),
('c395bf19-4ff1-4aa6-88f0-4f548a7301c2', '01712226-9a35-4f02-8891-6ce5b501c8e9', 'KALTAKQUISE', 'ACTIVE', 0, 'Funktion: Geschäftsführer/in (CEO) | Mitarbeiter: 1 bis 10 | Branche: Lebensmittelverarbeitung / Online Shops | Rechtsform: Aktiengesellschaft'),
('5106cffb-5d20-4c5b-a234-9442beec0724', 'a27f9e59-c3fe-40cc-9e01-a4330c902573', 'KALTAKQUISE', 'ACTIVE', 0, 'Funktion: Gesamtleitung/Direktion | Mitarbeiter: 1 bis 10 | Branche: Beherbergungsstätten'),
('1189ae6d-fc11-4049-ad72-d4e59ae8827e', '91a0a9f8-b470-402f-afb7-eb65e467202f', 'KALTAKQUISE', 'ACTIVE', 0, 'Funktion: Geschäftsführer/in (CEO) | Mitarbeiter: 11 bis 20 | Branche: Bio-Betriebe / Hofläden & Bauernhöfe'),
('90fedc67-98dd-4203-8f02-62291adb2da4', '57528c77-b9de-4636-98e5-ee3ae35e3ea5', 'KALTAKQUISE', 'ACTIVE', 0, 'Funktion: Gesamtleitung/Direktion | Mitarbeiter: 1 bis 10 | Branche: Hotels'),
('a3058b7f-7861-458b-af47-b9e7b52d816c', 'bddb580f-9c69-4fde-8006-09c9dc98b3bf', 'KALTAKQUISE', 'ACTIVE', 0, 'Funktion: Geschäftsführer/in (CEO) | Mitarbeiter: 11 bis 20 | Branche: Clubs, Bars & Eventlocations'),
('46bf9651-63f0-434d-b5c7-b6328673e645', '5cf72ed4-a6a5-4bd5-af32-1889402c4462', 'KALTAKQUISE', 'ACTIVE', 0, 'Funktion: Geschäftsführer/in (CEO) | Mitarbeiter: 1 bis 10 | Branche: Spielwaren- & Babyfachhandel | Rechtsform: Aktiengesellschaft'),
('4a21307e-b962-4bfa-97de-2fee5d0f2e2f', '48d4640d-11be-412a-91fd-ef08ce10f1e9', 'KALTAKQUISE', 'ACTIVE', 0, 'Funktion: Geschäftsführer/in (CEO) | Mitarbeiter: 1 bis 10 | Branche: Schreinerei- & Holzbaubetriebe | Rechtsform: Aktiengesellschaft'),
('1445720d-d42c-47ec-abcd-6e31b71107af', 'dcf30256-b62a-4041-b37c-b31e6509547e', 'KALTAKQUISE', 'ACTIVE', 0, 'Funktion: Geschäftsführer/in (CEO) | Mitarbeiter: 1 bis 10 | Branche: Clubs, Bars & Eventlocations | Rechtsform: Einzelunternehmen'),
('b19a61bd-2459-4172-9dbc-08df8752c8fd', 'e83a8dec-1fdb-4e3c-9403-96c318aef480', 'KALTAKQUISE', 'ACTIVE', 0, 'Funktion: Geschäftsführer/in (CEO) | Mitarbeiter: 11 bis 20 | Branche: Clubs, Bars & Eventlocations'),
('b38977af-ec47-488b-a13a-199819e4a3f7', '25d172b6-a083-4d90-9842-98bbb8b6ce7b', 'KALTAKQUISE', 'ACTIVE', 0, 'Funktion: Geschäftsführer/in (CEO) | Mitarbeiter: 1 bis 10 | Branche: Restaurants'),
('aa1a1944-d4f4-46eb-8a40-0e9a5666a1d8', '71e14d3d-0646-4e7d-af45-372c11ebb739', 'KALTAKQUISE', 'ACTIVE', 0, 'Funktion: Präsidium  | Mitarbeiter: 1 bis 10 | Branche: Turnvereine'),
('add61110-e1a5-4b4e-ac09-a1cced8eb18c', '3851c890-19e2-4745-bb08-b844e490ef93', 'KALTAKQUISE', 'ACTIVE', 0, 'Funktion: Präsidium  | Mitarbeiter: 1 bis 10 | Branche: Turnvereine'),
('ce9d5caf-db03-4f7d-a885-43f2b670938e', 'dfcccd06-34db-469d-9a6c-0009a12d912b', 'KALTAKQUISE', 'ACTIVE', 0, 'Funktion: Geschäftsführer/in (CEO) | Mitarbeiter: 1 bis 10 | Branche: Turnvereine'),
('03f6579b-c01c-4bae-a25f-7f7768eb491c', 'a3198676-ee47-4286-8a74-0909a2c3c752', 'KALTAKQUISE', 'ACTIVE', 0, 'Funktion: Präsidium  | Mitarbeiter: 1 bis 10 | Branche: Turnvereine'),
('d24509a3-2e7d-406b-8cc4-7e2ec19f0916', '5837553c-559f-423a-9ab0-229d5e615ab7', 'KALTAKQUISE', 'ACTIVE', 0, 'Funktion: Präsidium  | Mitarbeiter: 1 bis 10 | Branche: Turnvereine'),
('d5f225e1-44f7-4359-ad97-101fe67adbcd', '40ba4af0-00d0-4754-bfe8-c22135484371', 'KALTAKQUISE', 'ACTIVE', 0, 'Funktion: Präsidium  | Mitarbeiter: 1 bis 10 | Branche: Turnvereine'),
('6af64b22-370b-49a9-a7b8-04a7a4664dc4', '93fb86a9-a6cc-441f-8ab0-8607960ccd1d', 'KALTAKQUISE', 'ACTIVE', 0, 'Funktion: Präsidium  | Mitarbeiter: 1 bis 10 | Branche: Turnvereine'),
('b4728015-a8ea-4bdb-ae78-cd806ae00c36', '0c226be0-1a05-4208-8cf4-4f747ad5e596', 'KALTAKQUISE', 'ACTIVE', 0, 'Funktion: Präsidium  | Mitarbeiter: 1 bis 10 | Branche: Turnvereine'),
('34b487e1-dc24-4b32-a4d4-d3526ee7f143', 'ffc53a7e-fbca-41b2-b964-32d01b04092f', 'KALTAKQUISE', 'ACTIVE', 0, 'Funktion: Präsidium  | Mitarbeiter: 1 bis 10 | Branche: Turnvereine'),
('a2853fc8-2099-4e50-8f9d-5485253f0c83', '0c434735-5aa5-4711-ae49-f50fa2135246', 'KALTAKQUISE', 'ACTIVE', 0, 'Funktion: Präsidium  | Mitarbeiter: 1 bis 10 | Branche: Turnvereine'),
('d5bac4f5-5a55-44f4-8eb8-c180f494dd89', '9a992793-8254-4c39-9a1a-17fd581e93c9', 'KALTAKQUISE', 'ACTIVE', 0, 'Funktion: Präsidium  | Mitarbeiter: 1 bis 10 | Branche: Turnvereine'),
('30510f70-9891-471b-a6b4-cf0127fc5186', '421bd41c-e9e2-4bad-9fa2-30663f296f42', 'KALTAKQUISE', 'ACTIVE', 0, 'Funktion: Präsidium  | Mitarbeiter: 1 bis 10 | Branche: Turnvereine'),
('c1fa582c-f68c-4e86-8f6d-27b9b54b0377', '14204b6a-629e-4065-8a78-fe81b89343dc', 'KALTAKQUISE', 'ACTIVE', 0, 'Funktion: Präsidium  | Mitarbeiter: 1 bis 10 | Branche: Turnvereine'),
('d6831d8a-1468-4303-85ec-28ff552a731f', '0d914cf4-ab29-428d-883f-71fb54e77e42', 'KALTAKQUISE', 'ACTIVE', 0, 'Funktion: Präsidium  | Mitarbeiter: 1 bis 10 | Branche: Turnvereine'),
('f7127a23-4c47-4186-923a-6a3a658bb1c9', 'e06914e9-8160-4ce7-bbf0-af31de4752d1', 'KALTAKQUISE', 'ACTIVE', 0, 'Funktion: Präsidium  | Mitarbeiter: 1 bis 10 | Branche: Turnvereine'),
('af1e5a24-c0d6-4649-87e3-f3e57649dcd2', 'bdf59efd-d68a-4ef6-965a-c66efa27c575', 'KALTAKQUISE', 'ACTIVE', 0, 'Funktion: Präsidium  | Mitarbeiter: 1 bis 10 | Branche: Turnvereine'),
('16883cf1-9e42-4332-8dd6-319cb990ff5d', 'ba6d4fd5-23dc-4a0e-9f15-4ed2b9c66a94', 'KALTAKQUISE', 'ACTIVE', 0, 'Funktion: Geschäftsführer/in (CEO) | Mitarbeiter: 1 bis 10 | Branche: Restaurants'),
('f43db5ea-d88e-435a-8532-9a7c8f598176', 'cee81500-a16b-409e-9cf1-a16716d1bb81', 'KALTAKQUISE', 'ACTIVE', 0, 'Funktion: Geschäftsführer/in (CEO) | Mitarbeiter: 21 bis 50 | Branche: IT Unternehmen | Rechtsform: Aktiengesellschaft'),
('f0a7def8-ce8a-4374-b8cc-68b5dd74df4d', '28fd65fd-99fb-4b7a-bb10-d27aa72cf6e3', 'KALTAKQUISE', 'ACTIVE', 0, 'Funktion: Präsidium  | Mitarbeiter: 1 bis 10 | Branche: Turnvereine'),
('52606e53-f76e-477e-861d-a8ef7f969982', '08a6d423-ba03-43cb-8f59-9dab64709761', 'KALTAKQUISE', 'ACTIVE', 0, 'Funktion: Präsidium  | Mitarbeiter: 1 bis 10 | Branche: Turnvereine'),
('a9ecd0c0-a8dc-446d-b64c-756ee74323b0', '82419232-73de-4390-8b7c-a41a87beaa2e', 'KALTAKQUISE', 'ACTIVE', 0, 'Funktion: Präsidium  | Mitarbeiter: 1 bis 10 | Branche: Turnvereine'),
('226e9b2a-a8db-4243-8c3a-5307dfa98b7a', '5729d139-429d-46e6-a3e8-1c4366935bd9', 'KALTAKQUISE', 'ACTIVE', 0, 'Funktion: Präsidium  | Mitarbeiter: 1 bis 10 | Branche: Turnvereine'),
('2f6d637b-b624-4ac5-a75e-9a83911651a1', 'eabd79c3-c85c-4b54-a4df-de43b99b9053', 'KALTAKQUISE', 'ACTIVE', 0, 'Funktion: Präsidium  | Mitarbeiter: 1 bis 10 | Branche: Turnvereine'),
('416e3b4f-1f9e-4c2e-b273-50137eae16d5', 'ab9886b5-0f37-4270-93cd-a776c2d68d03', 'KALTAKQUISE', 'ACTIVE', 0, 'Funktion: Präsidium  | Mitarbeiter: 1 bis 10 | Branche: Turnvereine'),
('12344e41-01f0-4d81-b754-fa8241d260f5', '0865e41b-328e-4441-8f2b-8942f942e1b6', 'KALTAKQUISE', 'ACTIVE', 0, 'Funktion: Präsidium  | Mitarbeiter: 1 bis 10 | Branche: Turnvereine'),
('62a65dff-5deb-4eb0-a75c-7d36554d0dca', '5e292703-886e-46b5-b0f1-85c601ccdd30', 'KALTAKQUISE', 'ACTIVE', 0, 'Funktion: Präsidium  | Mitarbeiter: 1 bis 10 | Branche: Turnvereine'),
('9b7771c0-f726-4816-89f4-dc7ae2b1316b', 'b5eec250-2e7d-46df-a51c-930817dc8a94', 'KALTAKQUISE', 'ACTIVE', 0, 'Funktion: Präsidium  | Mitarbeiter: 1 bis 10 | Branche: Turnvereine'),
('7e2236dc-fc7f-41fc-8a2b-8c8fc9ed00eb', 'a43c4816-0f83-4b22-90d1-a7ca7d281e0e', 'KALTAKQUISE', 'ACTIVE', 0, 'Funktion: Präsidium  | Mitarbeiter: 1 bis 10 | Branche: Turnvereine'),
('b72e205e-ee0d-44b2-88ee-748c1258e6e8', 'dc9a2cc7-0d54-455c-b07b-e811e4adbec1', 'KALTAKQUISE', 'ACTIVE', 0, 'Funktion: Präsidium  | Mitarbeiter: 1 bis 10 | Branche: Turnvereine'),
('5e8a4eff-9e8c-4db5-8091-7fe2039232f6', 'ec81013d-e64a-431f-b29b-2f78222dc9e8', 'KALTAKQUISE', 'ACTIVE', 0, 'Funktion: Präsidium  | Mitarbeiter: 1 bis 10 | Branche: Turnvereine'),
('98763128-9d31-40f5-baa8-e133085caf5e', '067987b1-8bc5-43ab-8fdb-fe771a8d0d2b', 'KALTAKQUISE', 'ACTIVE', 0, 'Funktion: Geschäftsführer/in (CEO) | Mitarbeiter: 1 bis 10 | Branche: Turnvereine'),
('63f27d90-52c4-4d52-8b78-808078c71079', '961e6acc-5cbc-46ae-bfe6-1945493b7dae', 'KALTAKQUISE', 'ACTIVE', 0, 'Funktion: Präsidium  | Mitarbeiter: 1 bis 10 | Branche: Turnvereine'),
('a24b6874-ba79-47bd-8a3e-6be5c7265651', 'c046c1a8-07b9-4643-aba3-bb60e4b8ca4c', 'KALTAKQUISE', 'ACTIVE', 0, 'Funktion: Präsidium  | Mitarbeiter: 1 bis 10 | Branche: Turnvereine'),
('08abf8ca-e8ba-42f6-8378-1eff34ef4f3c', '7c613e1f-3b24-45ca-bda7-2455cdeb2a4b', 'KALTAKQUISE', 'ACTIVE', 0, 'Funktion: Präsidium  | Mitarbeiter: 1 bis 10 | Branche: Turnvereine'),
('0d734461-4415-4410-a104-e5dfba2d48fc', '1d3f689b-5ea3-4429-bca3-7ce5356cfa92', 'KALTAKQUISE', 'ACTIVE', 0, 'Funktion: Präsidium  | Mitarbeiter: 1 bis 10 | Branche: Turnvereine'),
('4c9c2d56-b210-4a2a-a835-3e0e7bd31386', '71d2bdfa-234b-418d-aa6a-92a6f7ffa9f0', 'KALTAKQUISE', 'ACTIVE', 0, 'Funktion: Präsidium  | Mitarbeiter: 1 bis 10 | Branche: Turnvereine'),
('24cbbf57-0ab0-443e-8b47-6b073b40c7d0', 'b30ab677-23af-4caf-ae0a-5d98d54dfe1f', 'KALTAKQUISE', 'ACTIVE', 0, 'Funktion: Präsidium  | Mitarbeiter: 1 bis 10 | Branche: Turnvereine'),
('b1d79538-9331-4435-9e35-1768cb5c66d1', '94f879bd-aea4-451a-81ce-97aefe76b4a6', 'KALTAKQUISE', 'ACTIVE', 0, 'Funktion: Präsidium  | Mitarbeiter: 1 bis 10 | Branche: Turnvereine'),
('9f65be3a-ec84-42c3-9128-f8c965e64d03', '67686d35-2863-4e3f-812a-aa2e8f3ea2c8', 'KALTAKQUISE', 'ACTIVE', 0, 'Funktion: Präsidium  | Mitarbeiter: 1 bis 10 | Branche: Turnvereine'),
('184cae08-9dd6-4a71-939f-69d46f59fb89', '019d507b-fd1b-4670-aed3-3a143088bf32', 'KALTAKQUISE', 'ACTIVE', 0, 'Funktion: Präsidium  | Mitarbeiter: 1 bis 10 | Branche: Turnvereine'),
('c0f4e352-3709-4da5-9873-ab3d6875f2d7', 'cf2525f8-f3fd-4de2-acb9-41abd84d3a6b', 'KALTAKQUISE', 'ACTIVE', 0, 'Funktion: Präsidium  | Mitarbeiter: 1 bis 10 | Branche: Turnvereine'),
('05747bd2-eab9-40f4-8870-c667678a99db', '650808eb-ca71-4c14-b5d6-a416729e0950', 'KALTAKQUISE', 'ACTIVE', 0, 'Funktion: Geschäftsführer/in (CEO) | Mitarbeiter: 1 bis 10 | Branche: Turnvereine'),
('50234a6d-b691-4fc0-8c9b-6a6f89dc5413', 'a3501ded-04dc-44ea-b246-00f36831f6c5', 'KALTAKQUISE', 'ACTIVE', 0, 'Funktion: Präsidium  | Mitarbeiter: 1 bis 10 | Branche: Turnvereine'),
('edb7b4bd-3958-4283-be2e-d5f046b646e8', 'd773c494-47c5-40d4-8c7d-3c45b808e289', 'KALTAKQUISE', 'ACTIVE', 0, 'Funktion: Präsidium  | Mitarbeiter: 1 bis 10 | Branche: Turnvereine'),
('2e359a89-ae62-41da-b333-d6d4c333472b', '7080af6a-5a28-4b5d-a7cf-e6a1f02658b8', 'KALTAKQUISE', 'ACTIVE', 0, 'Funktion: Präsidium  | Mitarbeiter: 1 bis 10 | Branche: Turnvereine'),
('4174cb4e-65dd-43d7-94d1-fb4a7d81bfb7', '746edf42-2d7e-49a8-a50c-86117c8f97f0', 'KALTAKQUISE', 'ACTIVE', 0, 'Funktion: Präsidium  | Mitarbeiter: 1 bis 10 | Branche: Turnvereine'),
('857ba3f2-4993-4992-8e94-3132f507427f', '88574d4d-0aee-4628-ba92-941c4e947590', 'KALTAKQUISE', 'ACTIVE', 0, 'Funktion: Geschäftsführer/in (CEO) | Mitarbeiter: 1 bis 10 | Branche: Turnvereine'),
('fb372dd6-743b-4f11-8190-e8e4595afc03', '1bdb79b3-ffed-4980-955c-12012bd921a1', 'KALTAKQUISE', 'ACTIVE', 0, 'Funktion: Präsidium  | Mitarbeiter: 1 bis 10 | Branche: Turnvereine'),
('42aaf02a-1686-46ba-857c-ae001b46f43c', 'e8758de5-3fe6-43d9-a6aa-ce61c57fde35', 'KALTAKQUISE', 'ACTIVE', 0, 'Funktion: Präsidium  | Mitarbeiter: 1 bis 10 | Branche: Turnvereine'),
('4e3a9f22-da0b-4246-8d43-0064cc674879', '770d6540-6610-4977-bda1-d5b2f64c47df', 'KALTAKQUISE', 'ACTIVE', 0, 'Funktion: Präsidium  | Mitarbeiter: 1 bis 10 | Branche: Turnvereine'),
('a7fe1214-baaa-46c1-aa67-e64fcb980eb0', 'b804eaf1-9792-443d-8887-652a330046fc', 'KALTAKQUISE', 'ACTIVE', 0, 'Funktion: Präsidium  | Mitarbeiter: 1 bis 10 | Branche: Turnvereine'),
('d98a207d-b72f-4f8d-8fa4-13224415ac94', '450ac835-f05e-434b-8701-60e95c9917ed', 'KALTAKQUISE', 'ACTIVE', 0, 'Funktion: Präsidium  | Mitarbeiter: 1 bis 10 | Branche: Turnvereine'),
('17e1472d-97e5-4ad8-a094-440b6c6c476a', '478d0df3-cd95-44f2-b01f-92e80e740436', 'KALTAKQUISE', 'ACTIVE', 0, 'Funktion: Präsidium  | Mitarbeiter: 1 bis 10 | Branche: Turnvereine'),
('a8991c9c-a56a-4c81-967a-32fd36254634', 'faffd38c-98f8-4a30-bc10-95ccb40d05d5', 'KALTAKQUISE', 'ACTIVE', 0, 'Funktion: Präsidium  | Mitarbeiter: 1 bis 10 | Branche: Turnvereine'),
('c6ecf7cd-9e1d-4f9c-a599-eff726685c58', 'd71dbf11-e0c3-4048-9825-9b6b706d6a79', 'KALTAKQUISE', 'ACTIVE', 0, 'Funktion: Präsidium  | Mitarbeiter: 1 bis 10 | Branche: Turnvereine'),
('5d4b2b28-ba75-495c-b1f4-499906ce2454', '93a044f3-46e8-4a00-93b4-a259f69c018c', 'KALTAKQUISE', 'ACTIVE', 0, 'Funktion: Präsidium  | Mitarbeiter: 1 bis 10 | Branche: Turnvereine'),
('fc00e350-43e8-428f-a928-f16b54848bc9', '0b5d61d4-d44c-468d-b043-2739b9dd859e', 'KALTAKQUISE', 'ACTIVE', 0, 'Funktion: Präsidium  | Mitarbeiter: 1 bis 10 | Branche: Turnvereine'),
('9347ccb6-adda-4f07-b9b3-d75eea8e7ff2', '84a9b0ea-3ad5-4d9a-8145-5b5298eb85e2', 'KALTAKQUISE', 'ACTIVE', 0, 'Funktion: Präsidium  | Mitarbeiter: 1 bis 10 | Branche: Turnvereine'),
('1a92e813-5bf6-4c5a-9b9e-7e15d1fefc95', '80ad6855-b4fc-4a98-bdb3-ac33613a59f1', 'KALTAKQUISE', 'ACTIVE', 0, 'Funktion: Geschäftsführer/in (CEO) | Mitarbeiter: 1 bis 10 | Branche: Turnvereine'),
('d8b45784-f8aa-4706-b89a-33f3dcd3d657', 'd10b17d3-7900-4b33-8ed7-a7e916c4ccf5', 'KALTAKQUISE', 'ACTIVE', 0, 'Funktion: Geschäftsführer/in (CEO) | Mitarbeiter: 1 bis 10 | Branche: Turnvereine'),
('74bcb3df-4560-4b59-b1bf-d5813464051e', '9d5c35b1-a0bc-4402-a324-9b6a1786809b', 'KALTAKQUISE', 'ACTIVE', 0, 'Funktion: Präsidium  | Mitarbeiter: 1 bis 10 | Branche: Turnvereine');

INSERT INTO lead_tags (lead_id, tag_id) VALUES
('08eb0aae-94ba-4c10-b4a6-52525e63d20a', 'ka-b2b'),
('5c5afe03-6a55-4a0e-86b5-701cc33fe004', 'ka-b2b'),
('05d9c8cd-2a53-48f0-a753-42d514cd24a3', 'ka-b2b'),
('08eb3c62-fe11-4b1f-8b1d-7a21a9f83427', 'ka-b2b'),
('e14100f8-9a49-4827-b122-819010b8990e', 'ka-b2b'),
('4a680bfe-9227-4549-a727-7fc20e409340', 'ka-b2b'),
('03197353-3a27-48ca-81c1-c212499efde9', 'ka-b2b'),
('a7791ea9-eff2-4ec6-a22d-ca3736d05d6e', 'ka-b2b'),
('846c5261-c328-49fe-9008-ca8c94701d66', 'ka-b2b'),
('27fb0fb0-5c54-4f5c-adae-5743fb58cf4b', 'ka-b2b'),
('08b921e1-08ea-41a3-8cf4-6979eea9b968', 'ka-b2b'),
('b5600b36-904f-452a-99e8-977a1669be54', 'ka-b2b'),
('59ac63cc-ba26-49ff-9285-1ab0c8a4805a', 'ka-b2b'),
('f598c54d-ff8a-4d23-9b88-37e3e756f2fc', 'ka-b2b'),
('711e6a8e-9ac8-4a7b-b135-1af240403fc6', 'ka-b2b'),
('2b8f5b8c-c0b3-4926-a7fe-306f238dafdc', 'ka-b2b'),
('5f825184-973f-49c1-8b3a-45721fe6f3f0', 'ka-b2b'),
('c9e20225-d040-47d0-bec3-f76a1de02cc3', 'ka-b2b'),
('35108fa2-b4cc-429e-a6c6-a12e08fb6908', 'ka-b2b'),
('cfad548d-6abf-4175-bb38-d2ff259626fc', 'ka-b2b'),
('13ba3a56-3d28-436f-b7b0-185cc313dd24', 'ka-b2b'),
('03328377-fc2f-4de7-8cdb-9f3a4989ae36', 'ka-b2b'),
('ca016f2f-8c17-47cd-bbf1-6e4efdc2dc2b', 'ka-b2b'),
('7aaf3e5c-a1b2-4273-8374-d89d189e1f04', 'ka-b2b'),
('b9f29006-a0ae-4051-bd80-9a3be722f9c1', 'ka-b2b'),
('23963c94-bcfe-4d7f-8357-f266631a6951', 'ka-b2b'),
('b36cf0c9-2472-4f41-9141-f1515de08acb', 'ka-b2b'),
('c0877785-32fc-438f-9ef9-b0dd1848e745', 'ka-b2b'),
('6f153d19-38f6-4b2f-bd35-f08c6b11e25e', 'ka-b2b'),
('01ff4562-1039-48d4-9da4-90d02e794565', 'ka-b2b'),
('023ce0c0-0749-442c-b953-73de61737d58', 'ka-b2b'),
('ee7cbe8e-edb9-4b7f-a9a4-95983b837345', 'ka-b2b'),
('6917f9d2-0c21-421a-8d53-6075d2ebf242', 'ka-b2b'),
('cf5d89ae-b5f6-40e7-aa59-46f2fb890464', 'ka-b2b'),
('8ec52449-d4a5-43fb-bfac-806620f96569', 'ka-b2b'),
('c2a1c557-68c7-49b6-aa7c-c522ac55415f', 'ka-b2b'),
('bede17a4-ea62-4ba7-956f-119c62c6b0bf', 'ka-b2b'),
('323e732c-fa45-41ab-8908-6ae17d876915', 'ka-b2b'),
('dd60875d-e87b-41e1-9a9c-9468067f981b', 'ka-b2b'),
('5e2afb67-be7b-4e7a-9338-011950f84571', 'ka-b2b'),
('62d985b0-6052-4432-b5a5-473bced6c682', 'ka-b2b'),
('a40baa5e-af34-49b4-a192-0b112deb59e7', 'ka-b2b'),
('b7503e6f-4b64-431d-aeb8-868bac475c9b', 'ka-b2b'),
('97e979ce-4ac6-4af5-ae0c-3b9731a9f51b', 'ka-b2b'),
('47a1bbad-c5fb-4922-aba9-385b0a4d3f25', 'ka-b2b'),
('151c19f9-923b-4ca2-bd33-b339af98434e', 'ka-b2b'),
('ae3199e9-4776-4051-a328-6f7c4f144e8a', 'ka-b2b'),
('dbf871c1-6e2b-4212-8e7d-0072bb0e821b', 'ka-b2b'),
('425da12b-9a4b-4b04-bdcd-78b14fb62bb0', 'ka-b2b'),
('a2f54645-652f-4e9e-b025-d0c00aeccd67', 'ka-b2b'),
('ed2ae8e1-91a9-4231-8366-8e240a1df1d1', 'ka-b2b'),
('bf3be5cb-52d5-498b-a279-5ec7dd956ba2', 'ka-b2b'),
('65c52609-1bf9-4b15-ac57-4b8fde0a2fa3', 'ka-b2b'),
('2689f362-8b23-44b7-964e-695d352871cc', 'ka-b2b'),
('8cb9c952-ea12-4149-a5b9-3eaefb57a755', 'ka-b2b'),
('2650b6b0-ec78-4760-a580-e9f883bf1057', 'ka-b2b'),
('ba3f9336-7283-494d-b668-0cc4f8204957', 'ka-b2b'),
('cfaa1127-b405-49e0-a4d7-f9b9180039db', 'ka-b2b'),
('cafe2b7f-98d4-4ce2-be2d-ab777a1c4947', 'ka-b2b'),
('e5112c2e-9942-4e39-9f67-3b25db08ab9c', 'ka-b2b'),
('a5b52318-a6cd-4051-b5b6-1ecd21f9c9d1', 'ka-b2b'),
('049a3e24-7816-4022-9741-ca052775d40c', 'ka-b2b'),
('ecc89d6b-2ed7-4e03-81fc-435cee6ac376', 'ka-b2b'),
('c565132e-4828-4458-8b78-0124431e6799', 'ka-b2b'),
('d06e8a64-6490-4ba5-874c-56b9bad98b86', 'ka-b2b'),
('f4a42f3c-79f7-44ac-90a6-844fda2a1f67', 'ka-b2b'),
('b0566565-4040-4d7e-a383-8359f2b8f890', 'ka-b2b'),
('d1439db5-f426-400d-98ef-3bb92c0309dc', 'ka-b2b'),
('c4977e96-eca4-43e7-8769-54baa68cf04d', 'ka-b2b'),
('b0dc326f-49c2-4ce6-aa6c-ed056d05acc3', 'ka-b2b'),
('6a7ee537-e5c7-4e79-8f28-0cb7a2f08d14', 'ka-b2b'),
('d9d4bf16-3811-4c94-9ebf-73a0d9735a0a', 'ka-b2b'),
('7c9f29d3-4975-4c86-a1fd-7de698eef414', 'ka-b2b'),
('433f3a30-061a-4abd-a0f3-94c86aa33341', 'ka-b2b'),
('66377d97-6c23-451c-9885-0c4ffaf54401', 'ka-b2b'),
('dfcd1d55-277a-4924-a6c8-2c3023d9848a', 'ka-b2b'),
('fe2ff24b-b36e-4b17-92e2-a3a74e24ffb2', 'ka-b2b'),
('f84aa721-ae43-421c-ac9e-aa0140b79c24', 'ka-b2b'),
('a36572d2-2b7f-4896-92ce-c85a922db582', 'ka-b2b'),
('bb63f5ad-5a53-4b77-803d-499c5133e598', 'ka-b2b'),
('8d521070-0b1e-479f-be6b-90856a56d8c4', 'ka-b2b'),
('45264572-5413-47fd-8842-352656e6bf25', 'ka-b2b'),
('697594bf-f345-431b-a72f-ed122facf566', 'ka-b2b'),
('fb4c3ced-d4d2-4b00-81c2-642a9dd3ed7d', 'ka-b2b'),
('f370ba0f-b92f-49d7-8ec6-ab24d8ac3893', 'ka-b2b'),
('b3ea96cd-4eed-4f70-860b-6c6f5f39e1a0', 'ka-b2b'),
('fa26b0e7-8984-4866-ba07-2e248b34d25c', 'ka-b2b'),
('c29fc371-f88b-4d0e-8a33-d61fdd46d83a', 'ka-b2b'),
('3e4df914-905f-4107-ae2f-ed7a1e7c918f', 'ka-b2b'),
('a52b1843-8cde-4a85-aabe-ada057c45e1b', 'ka-b2b'),
('0bbad2ca-28cf-4b0d-9da0-216b14a22a6d', 'ka-b2b'),
('b1165047-eca0-441c-a9a1-187ccc445903', 'ka-b2b'),
('56a1e84b-8c82-4c3e-be04-79007ac6faa4', 'ka-b2b'),
('c6beaf12-250e-48a9-a26c-9e78d0048c92', 'ka-b2b'),
('5826923d-f0f3-474a-89ca-c25f93842415', 'ka-b2b'),
('d093c5f9-5a24-44c8-bef0-da95917dc78c', 'ka-b2b'),
('19314d93-d2f7-4a80-8b0b-016764cc2ff8', 'ka-b2b'),
('55e99a6a-97f9-4860-8733-83340e0de6b5', 'ka-b2b'),
('63bbde26-d999-4977-89fe-9018819d400d', 'ka-b2b'),
('5aeb011f-96cf-4eef-ad4a-ad7b96d2209d', 'ka-b2b'),
('bb82d00c-c31f-4655-9f76-567bed9c7494', 'ka-b2b'),
('e0075128-1345-4fed-9a87-71f76616ae49', 'ka-b2b'),
('d4989808-4893-4d6a-96bd-c690ac9437cc', 'ka-b2b'),
('a0a8ed33-ef26-485b-88d9-4cac106dc984', 'ka-b2b'),
('02abd928-e667-40fd-8ab8-23b27297636b', 'ka-b2b'),
('fb4f28c1-7e01-46b8-a8aa-adb0d46c7e59', 'ka-b2b'),
('5fde08c8-bf36-44a4-b619-a316a5244ae9', 'ka-b2b'),
('475726d7-536f-4915-9ddc-b8ef0304cfc4', 'ka-b2b'),
('e442c6b6-fab7-4e05-ac64-de86a9bc7de3', 'ka-b2b'),
('6f05dece-357d-467d-9dd8-0a7011ef6ebc', 'ka-b2b'),
('1d942a1a-2fb3-4a69-b5cc-8fc4e5924df2', 'ka-b2b'),
('33fe2a76-7df6-4455-a1bf-660eb27bb023', 'ka-b2b'),
('4d252ec2-aea7-4e3a-b157-89874aa28b79', 'ka-b2b'),
('cf786832-c37d-4a2b-923b-146ac1db47c2', 'ka-b2b'),
('00584721-fb47-4783-8001-f18a2cdf6f7b', 'ka-b2b'),
('4887fc5a-15d4-40da-a2c7-7e583080907b', 'ka-b2b'),
('15fe4851-5bc6-43ce-8d20-9d69e0268d4c', 'ka-b2b'),
('65b80c51-4ba1-40e5-b296-53deab907306', 'ka-b2b'),
('37db4009-49a1-4715-9110-e76ca6e9c49c', 'ka-b2b'),
('941713d7-adf8-4fc4-8239-a10043cf746f', 'ka-b2b'),
('cd9b98aa-8f94-41da-bd46-a8221dabf0e3', 'ka-b2b'),
('e948a921-3c66-4ff3-9352-805ef1dc1414', 'ka-b2b'),
('715354b0-345c-4bcb-98fe-e229515fa7a5', 'ka-b2b'),
('bdb96aae-be47-4926-ab6a-f2954c1e654c', 'ka-b2b'),
('cfad527b-a066-461b-bc22-8def9f626100', 'ka-b2b'),
('0a679d29-9896-4a5c-86d6-82ba5fc30f50', 'ka-b2b'),
('772f8e12-a5e6-4c79-9925-50287f60d3cc', 'ka-b2b'),
('56f864c3-dbb5-4358-a046-3769131009c7', 'ka-b2b'),
('3d9ea257-c680-4514-967f-212a18179e04', 'ka-b2b'),
('c395bf19-4ff1-4aa6-88f0-4f548a7301c2', 'ka-b2b'),
('5106cffb-5d20-4c5b-a234-9442beec0724', 'ka-b2b'),
('1189ae6d-fc11-4049-ad72-d4e59ae8827e', 'ka-b2b'),
('90fedc67-98dd-4203-8f02-62291adb2da4', 'ka-b2b'),
('a3058b7f-7861-458b-af47-b9e7b52d816c', 'ka-b2b'),
('46bf9651-63f0-434d-b5c7-b6328673e645', 'ka-b2b'),
('4a21307e-b962-4bfa-97de-2fee5d0f2e2f', 'ka-b2b'),
('1445720d-d42c-47ec-abcd-6e31b71107af', 'ka-b2b'),
('b19a61bd-2459-4172-9dbc-08df8752c8fd', 'ka-b2b'),
('b38977af-ec47-488b-a13a-199819e4a3f7', 'ka-b2b'),
('aa1a1944-d4f4-46eb-8a40-0e9a5666a1d8', 'ka-b2b'),
('add61110-e1a5-4b4e-ac09-a1cced8eb18c', 'ka-b2b'),
('ce9d5caf-db03-4f7d-a885-43f2b670938e', 'ka-b2b'),
('03f6579b-c01c-4bae-a25f-7f7768eb491c', 'ka-b2b'),
('d24509a3-2e7d-406b-8cc4-7e2ec19f0916', 'ka-b2b'),
('d5f225e1-44f7-4359-ad97-101fe67adbcd', 'ka-b2b'),
('6af64b22-370b-49a9-a7b8-04a7a4664dc4', 'ka-b2b'),
('b4728015-a8ea-4bdb-ae78-cd806ae00c36', 'ka-b2b'),
('34b487e1-dc24-4b32-a4d4-d3526ee7f143', 'ka-b2b'),
('a2853fc8-2099-4e50-8f9d-5485253f0c83', 'ka-b2b'),
('d5bac4f5-5a55-44f4-8eb8-c180f494dd89', 'ka-b2b'),
('30510f70-9891-471b-a6b4-cf0127fc5186', 'ka-b2b'),
('c1fa582c-f68c-4e86-8f6d-27b9b54b0377', 'ka-b2b'),
('d6831d8a-1468-4303-85ec-28ff552a731f', 'ka-b2b'),
('f7127a23-4c47-4186-923a-6a3a658bb1c9', 'ka-b2b'),
('af1e5a24-c0d6-4649-87e3-f3e57649dcd2', 'ka-b2b'),
('16883cf1-9e42-4332-8dd6-319cb990ff5d', 'ka-b2b'),
('f43db5ea-d88e-435a-8532-9a7c8f598176', 'ka-b2b'),
('f0a7def8-ce8a-4374-b8cc-68b5dd74df4d', 'ka-b2b'),
('52606e53-f76e-477e-861d-a8ef7f969982', 'ka-b2b'),
('a9ecd0c0-a8dc-446d-b64c-756ee74323b0', 'ka-b2b'),
('226e9b2a-a8db-4243-8c3a-5307dfa98b7a', 'ka-b2b'),
('2f6d637b-b624-4ac5-a75e-9a83911651a1', 'ka-b2b'),
('416e3b4f-1f9e-4c2e-b273-50137eae16d5', 'ka-b2b'),
('12344e41-01f0-4d81-b754-fa8241d260f5', 'ka-b2b'),
('62a65dff-5deb-4eb0-a75c-7d36554d0dca', 'ka-b2b'),
('9b7771c0-f726-4816-89f4-dc7ae2b1316b', 'ka-b2b'),
('7e2236dc-fc7f-41fc-8a2b-8c8fc9ed00eb', 'ka-b2b'),
('b72e205e-ee0d-44b2-88ee-748c1258e6e8', 'ka-b2b'),
('5e8a4eff-9e8c-4db5-8091-7fe2039232f6', 'ka-b2b'),
('98763128-9d31-40f5-baa8-e133085caf5e', 'ka-b2b'),
('63f27d90-52c4-4d52-8b78-808078c71079', 'ka-b2b'),
('a24b6874-ba79-47bd-8a3e-6be5c7265651', 'ka-b2b'),
('08abf8ca-e8ba-42f6-8378-1eff34ef4f3c', 'ka-b2b'),
('0d734461-4415-4410-a104-e5dfba2d48fc', 'ka-b2b'),
('4c9c2d56-b210-4a2a-a835-3e0e7bd31386', 'ka-b2b'),
('24cbbf57-0ab0-443e-8b47-6b073b40c7d0', 'ka-b2b'),
('b1d79538-9331-4435-9e35-1768cb5c66d1', 'ka-b2b'),
('9f65be3a-ec84-42c3-9128-f8c965e64d03', 'ka-b2b'),
('184cae08-9dd6-4a71-939f-69d46f59fb89', 'ka-b2b'),
('c0f4e352-3709-4da5-9873-ab3d6875f2d7', 'ka-b2b'),
('05747bd2-eab9-40f4-8870-c667678a99db', 'ka-b2b'),
('50234a6d-b691-4fc0-8c9b-6a6f89dc5413', 'ka-b2b'),
('edb7b4bd-3958-4283-be2e-d5f046b646e8', 'ka-b2b'),
('2e359a89-ae62-41da-b333-d6d4c333472b', 'ka-b2b'),
('4174cb4e-65dd-43d7-94d1-fb4a7d81bfb7', 'ka-b2b'),
('857ba3f2-4993-4992-8e94-3132f507427f', 'ka-b2b'),
('fb372dd6-743b-4f11-8190-e8e4595afc03', 'ka-b2b'),
('42aaf02a-1686-46ba-857c-ae001b46f43c', 'ka-b2b'),
('4e3a9f22-da0b-4246-8d43-0064cc674879', 'ka-b2b'),
('a7fe1214-baaa-46c1-aa67-e64fcb980eb0', 'ka-b2b'),
('d98a207d-b72f-4f8d-8fa4-13224415ac94', 'ka-b2b'),
('17e1472d-97e5-4ad8-a094-440b6c6c476a', 'ka-b2b'),
('a8991c9c-a56a-4c81-967a-32fd36254634', 'ka-b2b'),
('c6ecf7cd-9e1d-4f9c-a599-eff726685c58', 'ka-b2b'),
('5d4b2b28-ba75-495c-b1f4-499906ce2454', 'ka-b2b'),
('fc00e350-43e8-428f-a928-f16b54848bc9', 'ka-b2b'),
('9347ccb6-adda-4f07-b9b3-d75eea8e7ff2', 'ka-b2b'),
('1a92e813-5bf6-4c5a-9b9e-7e15d1fefc95', 'ka-b2b'),
('d8b45784-f8aa-4706-b89a-33f3dcd3d657', 'ka-b2b'),
('74bcb3df-4560-4b59-b1bf-d5813464051e', 'ka-b2b');
