-- Batch 375 (200 records)
INSERT INTO contacts (id, first_name, last_name, email, phone, company, address) VALUES
('e182f6e7-935d-41c0-8734-c6acf5604c34', 'Oliver', 'Rütimann', 'oliver.ruetimann@ruetimann-bau.ch', '052 657 37 77', 'Rütimann Hoch + Tiefbau AG', 'Schulstrasse 3, 8253 Diessenhofen, Thurgau'),
('808c7f17-44d6-4d7e-85d9-2c3531ce0d43', 'Ueli', 'Rutishauser', 'info.cvr@gmail.com', '071 680 00 34', 'Rutishauser & Vollenweider', 'Löwenstrasse 30, 8280 Kreuzlingen, Thurgau'),
('9fe6dd17-5a28-4f06-b604-a73d6faf8802', 'Roger', 'Rutishauser', 'roger.rutishauser@rutag.ch', '071 666 62 60', 'Rutishauser Automobile AG', 'Hauptstrasse 119, 8274 Tägerwilen, Thurgau'),
('039c8480-0f12-4191-8968-f83be63ef514', 'Dario', 'Rutishauser', 'rutishauser.montagen@gmail.com', '078 767 04 19', 'Rutishauser Dario Schreinermontagen', 'Feldgüetliweg 3, 9450 Altstätten, St. Gallen'),
('761de467-dbe8-4c60-901b-f275dcb4ef42', 'Björn', 'Rutishauser', 'bjoern@rutishauser-gartenbau.ch', '071 411 27 47', 'Rutishauser Gartenbau GmbH', 'Bachstrasse 4, 8580 Amriswil, Thurgau'),
('e2a23fcf-4a45-4861-bf21-bd2be563ec75', 'Roland', 'Bleichenbacher', 'r.bleichenbacher@rutishauser-kuechen.ch', '071 695 11 44', 'Rutishauser Innenausbau AG', 'Hörnlistrasse 3, 8594 Güttingen, Thurgau'),
('5c48f95f-3053-4448-8691-91d3146e99df', 'Stefan', 'Rutishauser', 'rutishauser.stefan@bluewin.ch', '079 407 04 73', 'Rutishauser Schreinerhandwerk GmbH', 'Thurrain 5, 9565 Rothenhausen, Thurgau'),
('0674ea82-02fa-47e7-bf31-c7d922ba788a', 'Christoph', 'Richli', 'mailbox@divino.ch', '058 433 71 00', 'Rutishauser-DiVino AG c/o fenaco Genossenschaft', 'Erlachstrasse 5, 3012 Bern, Bern'),
('eb970c72-d880-4068-b17b-12723db1ac45', 'Hans', 'Naegeli', 'info@divino.ch', '058 433 71 00', 'Rutishauser-DiVino SA', 'In der Euelwies 32, 8408 Winterthur, Zürich'),
('89035151-6ab5-47e3-b003-980769c9774e', 'Beatrice', 'Ehrat', 'ruetli.apotheke@ovan.ch', '041 820 12 01', 'Rütli Apotheke - Rütli PharPlan GmbH', 'Bahnhofstrasse 1, 6440 Brunnen, Schwyz'),
('3c6bf573-6714-483c-b3c7-9280479c9c82', 'Hansruedi', 'Schoch', 'info@ruetligarage.ch', '044 833 25 14', 'Rütli Garage AG', 'Zipfelwiesenstrasse 5, 8305 Dietlikon, Zürich'),
('bdb18592-f8d2-4f53-80cb-3508a90c93d3', 'Hans', 'Ott', 'info@ruetli-bar.ch', '076 322 66 04', 'Rütli-Bar GmbH', 'Bahnhofstrasse 10, 6440 Brunnen, Schwyz'),
('564e855e-abee-4a34-8196-22c1e4a70432', 'Helmut', 'Rudel', 'rutronik_ch@rutronik.com', '044 947 37 37', 'Rutronik Elektronische Bauelemente AG', 'Brunnenstrasse 1, 8604 Volketswil, Zürich'),
('6aaddfa5-d6a5-417c-80d2-7c8f713ce471', 'Adrian', 'Rutsch', 'ostermundigen@rutsch.swiss', '031 930 03 33', 'rutsch.swiss AG', 'Schermenweg 153, 3072 Ostermundigen, Bern'),
('76260a8d-d409-4442-8e91-4f10beccb05c', 'Patrik', 'Jucker', 'patrik.jucker@rp-ag.ch', '052 368 09 90', 'Rütsche & Partner AG', 'Heidelbergerstrasse 11, 8355 Aadorf, Thurgau'),
('8aff245e-aa22-4b0a-8107-b4aa5601049b', 'Remo', 'Rutschi', 'remo.rutschi@rutschi-partner.ch', '043 277 07 91', 'Rutschi + Partner AG', 'Dorfplatz 3, 8132 Egg b. Zürich, Zürich'),
('7baab52d-be2c-4cf6-9de9-56e6ee578872', 'Martin', 'Niederberger', 'martin.niederberger@rutschi.ch', '044 308 42 12', 'Rutschi AG', 'Thurgauerstrasse 72, 8050 Zürich, Zürich'),
('6dd499fc-e246-4073-9efb-a2544e5a7279', 'André', 'Rutschi', 's.rutschi@rutschi-architekten.ch', '043 343 80 30', 'Rutschi André AG', 'Im Sand 12, 8105 Watt, Zürich'),
('dd2499fc-2db0-4c98-9893-f975f4038133', 'Marino', 'Pugliese', 'contact1@grupperutschi.com', '056 460 55 00', 'Rütschi Fluid AG', 'Gewerbepark Bata 8, 4313 Möhlin, Aargau'),
('bf195577-8948-48e1-9af8-546cfaddb46f', 'Jürg', 'Rutschi', 'rutschi-schreinerwerk@bluewin.ch', '076 433 95 33', 'rutschi schreinerwerk montagen gmbh', 'Lostorferstrasse 9, 4652 Winznau, Solothurn'),
('255f2d8e-94a3-41e6-939b-66328d7df544', 'Patrick', 'Stutz', 'info@rp-arch.ch', '044 312 32 32', 'Rütti & Partner Architekten AG', 'Birchstrasse 115, 8050 Zürich, Zürich'),
('828e6b6e-d545-446a-9d4b-332e1d30f01f', 'Arnold', 'Forrer', 'info@kaeserei-ruettiberg.ch', '055 615 15 84', 'Rüttiberg Käse AG', 'Oberdörfli 1965, 8723 Rufi, St. Gallen'),
('35bbf451-642d-4bcc-9d74-7969ac8d2aa3', 'Philipp', 'Hengartner', 'ruttigerhof@bluewin.ch', '062 212 16 43', 'Ruttigerhof', 'Ruttigerweg 74, 4600 Olten, Solothurn'),
('2ffc54b4-eec3-42fe-9b0a-775c365881cc', 'Stefano', 'Corona', 'info@ruettihubelbad.ch', '031 700 81 81', 'Rüttihubelbad AG', 'Rüttihubel 29, 3512 Walkringen, Bern'),
('172b67e2-c6f3-4a8c-84bf-0e356e0bcf18', 'Michel', 'Rüttimann', 'info@ruettimann-bau.ch', '044 710 32 44', 'Rüttimann Bau AG', 'Mittelstrasse 1a, 8134 Adliswil, Zürich'),
('cfbc33c6-57cc-4e66-8c82-26ced32d86f8', 'Marcel', 'Rüttimann', 'mruettimann@ruettimanngartenbau.ch', '071 651 15 30', 'Rüttimann Garten GmbH', 'Sonnenbühlstrasse 1, 8570 Weinfelden, Thurgau'),
('2ad64bc2-f15f-4f94-bfd6-09cdb8211ea3', 'Alois', 'Rüttimann', 'rmunt@bluewin.ch', '079 430 22 53', 'Rüttimann Metall- und Konstruktionsbau AG', 'Im Böhler 10, 9033 Untereggen, St. Gallen'),
('4f3dd918-deaf-40d9-bb51-3b1f5e0878da', 'René', 'Rüttimann', 'info@doerrbirnen.ch', '041 787 05 51', 'Rüttimann Obstdörrerei', 'Hochdorferstrasse 27, 5646 Abtwil, Aargau'),
('be9fc9c6-6288-48ca-bda4-31080fe0c61f', 'Martin', 'Rüttimann', 'martin@ruettimannag.com', '071 422 38 61', 'Rüttimann Trade AG', 'Staatsstrasse 42, 9246 Niederbüren, St. Gallen'),
('9e099c91-2d65-455c-80b5-9e05fb678a92', 'Werner', 'Rutz', 'info@rutz-sanitaer-heizung.ch', '044 750 28 28', 'Rutz & Co AG', 'Brunaustrasse 200, 8951 Fahrweid, Zürich'),
('797d594d-b676-4688-bc52-bc6f332efabf', 'Gabriel', 'Untersander', 'info@rpelektro.ch', '071 372 80 50', 'Rutz + Partner Elektro AG', 'Kirchweg 2, 9113 Degersheim, St. Gallen'),
('3430340f-8d46-4c7c-97ca-28d295898ffc', 'Martin', 'Bieri', 'info@rutz-gruppe.ch', '044 818 89 89', 'Rutz Gruppe AG', 'Wibachstrasse 3, 8153 Rümlang, Zürich'),
('29f7b565-18d1-424d-b2d7-4aaaf2867484', 'Dominik', 'Rutz', 'drutz@gmx.ch', '076 340 81 07', 'Rutz Naturgarten', 'Längenboden 370C, 3154 Rüschegg Heubach, Bern'),
('fa07e2ab-372e-4e99-91bc-0cfb16c56623', 'Paul', 'Rutz', 'info@rutz-sbt.ch', '041 511 21 39', 'Rutz SBT GmbH', 'Badstrasse 8, 6210 Sursee, Luzern'),
('82fb095e-e510-4624-9775-27e07a5697e5', 'Sven', 'Strohmeier', 'info@rutzdach.ch', '044 950 14 92', 'Rutzdach AG', 'Mythenstrasse 2, 8331 Auslikon, Zürich'),
('8572f027-4164-47a7-a700-0e6e79975b8a', 'Simone', 'Pretelli', 'info@ruumarchitekten.ch', '032 618 45 45', 'Ruum GmbH', 'Industriestrasse 3, 4513 Langendorf, Solothurn'),
('254793dc-cd17-419b-abca-b80fabeddc24', 'Pascal', 'Marx', 'info@ruumfabrigg.ch', '044 544 29 43', 'Ruumfabrigg Architekten GmbH', 'Mattengasse 27, 8005 Zürich, Zürich'),
('088a129b-eb75-4508-a0ac-32d161f15a05', 'Rahel', 'Metzger', 'r.metzger@ruum-harmonie.ch', '079 608 90 52', 'Ruum-Harmonie GmbH', 'Schachenstrasse 6, 6020 Emmenbrücke, Luzern'),
('b6f1fb2a-0b5e-485a-ac37-5af52ade6c6f', 'Veronica', 'Rüttimann-Vital', 'info@ruva.ch', '055 440 27 19', 'RUVA GmbH', 'Marktstrasse 17, 8853 Lachen, Schwyz'),
('8aed7bd3-eb47-4ffc-87d1-494116400fd1', 'Reto', 'Meier', 'info@ruwaag.ch', '062 289 26 26', 'RUWA Generalbau AG', 'Malzmattstrasse 34, 4632 Trimbach, Solothurn'),
('c5fe98b2-4e7c-4a7e-a296-cb3a3b45817a', 'Andres', 'Walli', 'awalli@ruwa.ch', '081 332 11 80', 'ruwa holzbau AG', 'Kantonsstrasse 3, 7240 Küblis, Graubünden'),
('7d24bf65-0013-4a31-86f5-2653b90aebcb', 'Ruth', 'Wasser', 'ruth.wasser@ruwa-immo.ch', '034 445 66 77', 'RUWA Immobilien', 'Ersigenstrasse 13a, 3422 Kirchberg, Bern'),
('64cdba42-b4c8-404f-a0d1-d18ea13c144b', 'Manuel', 'Egli', 'manuel@ruwasped.ch', '079 668 77 34', 'Ruwa Sped AG', 'Fracht West, 8058 Zürich, Zürich'),
('b1ec4e8d-6c5a-4b72-b199-3066f3ee6033', 'Thomas', 'Huldi', 'thomas.huldi@ruwa-ag.ch', '034 432 35 17', 'RUWA-Drahtschweisswerk AG', 'Burghof 100, 3454 Sumiswald, Bern'),
('db2f5cc0-358f-4ead-bff4-f2f8f22eb074', 'Daniel', 'Rothenbühler', 'order@ruwag.ch', '032 644 27 27', 'Ruwag Handels AG', 'Bielstrasse 52, 2544 Bettlach, Solothurn'),
('72be5d33-b5ba-448b-b45b-993306d0e89d', 'Emil', 'Rubitschon', 'info@ruwex.ch', '052 363 10 26', 'Ruwex AG', 'Im Heidenloch 2, 8352 Elsau, Zürich'),
('50e16a36-3da3-4e84-8c38-626a9d0fe15d', 'Vladimir', 'Rehus', 'vlado7655@gmail.com', '078 875 67 88', 'RV Bau GmbH', 'Im Muechried 10, 8907 Wettswil, Zürich'),
('acae95c8-a379-4b7f-8fc4-b910f340cab5', 'Martin', 'Stuber', 'martin.stuber@rva-ag.ch', '031 917 50 50', 'RVA Versicherungsbroker AG', 'Talgut-Zentrum 5, 3063 Ittigen, Bern'),
('ba768902-8801-4ba6-bc8d-9cf1f4ed0c25', 'Vito', 'Rosamilia', 'info@rv-e.ch', '081 330 78 10', 'Rv-Energietechnik AG', 'Industriestrasse 12a, 7304 Maienfeld, Graubünden'),
('43badbd5-de31-4523-bc0b-3100d4a88246', 'Alexander', 'Kobel', 'info@rvk.ch', '041 417 05 00', 'RVK Dienstleistungen und Versicherungen für den Gesundheitsmarkt', 'Haldenstrasse 25, 6006 Luzern, Luzern'),
('7561324c-c985-4606-b9c0-eb93fc6a961f', 'Peter', 'Langenegger', 'p.langenegger@rvt.ch', '071 763 73 87', 'RVT Finanz AG', 'Buckstrasse 2, 9463 Oberriet, St. Gallen'),
('312ee0c5-07d5-4e54-8429-d1ecb890aca1', 'Selim', 'Boz', 'info@rvz-schweiz.ch', '041 559 05 05', 'RVZ Schweiz GmbH', 'Stadtstrasse 7, 6204 Sempach, Luzern'),
('4e1c952f-74d5-4fe9-af7c-0a055633abba', 'Reto', 'Wellenzohn', 'info@rwkeramik.ch', '033 222 86 69', 'RW Keramik AG c/o Reto Wellenzohn', 'Im Seewinkel 8, 3645 Gwatt (Thun), Bern'),
('55d76d9b-403a-4273-8f9b-d6bb7d1c936a', 'Christian', 'Kunzelmann', 'info@rwdschlatter.ch', '071 454 63 00', 'RWD Schlatter AG', 'St. Gallerstrasse 21, 9325 Roggwil, Thurgau'),
('17dc390d-8e0a-4334-9315-8269022e0bf5', 'Adrian', 'Lüthi', 'info@rheinmetall.com', '032 677 50 60', 'RWM Zaugg AG', 'Wassergasse 12, 4573 Lohn-Ammannsegg, Solothurn'),
('e4c8af3b-01bf-43ea-91ac-67795b255b29', 'Tristan', 'Rohrbach', 'rohrbach@rwpa.ch', '052 202 99 33', 'Rwpa Architekten GmbH', 'Lagerplatz 6, 8400 Winterthur, Zürich'),
('d33bb25e-871b-456f-91b9-a40dd2767199', 'Olaf', 'Reggel', 'info@r-wt.ch', '052 242 47 08', 'R-WT Brenner und Heizsysteme', 'Grubenstrasse 18, 8404 Winterthur, Zürich'),
('a88cb48b-d0cd-4c05-aa59-bc4f75664f3c', 'René', 'Rüttimann', 'rene.ruettimann@rwt.ch', '071 932 50 10', 'rwt Regionalwerk Toggenburg AG', 'Neue Industriestrasse 81, 9602 Bazenheid, St. Gallen'),
('116fb2b8-fe90-477d-a314-eab0cba92b73', 'Patrick', 'Grögli', 'info@rg-zahntechnik.ch', '061 422 10 14', 'Rychen + Grögli AG', 'Hauptstrasse 1, 4102 Binningen, Basel-Land'),
('d2658ced-dbd9-4241-9c2b-f95f47348cd0', 'Felix', 'Loretz', 'loretz@rychenerpartner.ch', '044 727 30 83', 'Rychener Partner AG', 'Friedensweg 9, 8810 Horgen, Zürich'),
('b940c2f6-932a-418f-81d3-98994b8c5a8a', 'Pascal', 'Witprächtiger', 'pascal.witpraechtiger@zellwag.com', '052 354 30 21', 'Rychiger Pharmatech AG', 'Juchstrasse 1, 8500 Frauenfeld, Thurgau'),
('91cd9558-a51d-4112-b42e-ef64bf806b6c', 'Daniel', 'Ryf', 'ryfag@ryfag.ch', '032 654 21 00', 'Ryf AG', 'Bettlachstrasse 2, 2540 Grenchen, Solothurn'),
('f937adf6-283c-48c1-b04b-a816d4f72ce9', 'Christine', 'Ryf', 'info@ryfcoiffure.ch', '031 755 62 10', 'ryf coiffure + boutique', 'Murtenstrasse 15, 3210 Kerzers, Fribourg/Freiburg'),
('58466b7e-ef4d-4202-9797-732cd6812c10', 'Marc', 'Breckwoldt', 'office@ryfofswitzerland.ch', '071 280 07 08', 'Ryf Coiffure und Kosmetik AG', 'Gallusmarkt, 9016 St. Gallen, St. Gallen'),
('962bc89f-a22a-4b1b-ac59-0ee5033dc10c', 'André', 'Ryf', 'info@ryfgartenbau.ch', '079 736 38 08', 'Ryf Gartenbau', 'Gummenacherweg 12, 4539 Rumisberg, Bern'),
('6a4e58d7-a549-4a2e-a2e0-e7d01037d6d1', 'Hans Peter', 'Ryf', 'hanspeter@ryfgmbh.ch', '079 432 63 54', 'Ryf GmbH Holzbau- und Energieberatung', 'Stockhornstrasse 14, 3612 Steffisburg, Bern'),
('6eb810a4-1d7c-458c-ba84-7ac3ab74671b', 'Christoph', 'Ryf', 'mail@ryf-holzbau.ch', '031 809 22 18', 'Ryf Holzbau AG Rümligen', 'Rümligenstrasse 11, 3128 Rümligen, Bern'),
('253cc652-1080-4c09-8736-c630368c0175', 'Beat', 'Ryf', 'info@ryf-ag.ch', '062 396 41 41', 'Ryf Holzbau Bedachungen AG', 'Stockackerweg 18, 4704 Niederbipp, Bern'),
('f655911a-8428-42bf-a66c-5a436b7a5215', 'Marc', 'Ryf', 'm.ryf@ryf-partner.ch', '044 299 30 10', 'Ryf Partner Architekten AG', 'Langstrasse 64, 8004 Zürich, Zürich'),
('9b8be1e8-6117-4792-8a35-daaff6834197', 'Martin', 'Ryf', 'info@sanitaerryf.ch', '055 240 16 33', 'Ryf Sanitär AG', 'Bahnweg 3, 8630 Rüti, Zürich'),
('c7935005-d169-4ab7-9712-0846051caeb1', 'Norbert', 'Scherrer', 'architektur@rsrag.ch', '071 670 10 10', 'Ryf Scherrer Ruckstuhl AG', 'Konstanzerstrasse 20, 8280 Kreuzlingen, Thurgau'),
('e3bcefde-e54b-4fba-b16b-0271b6dbe9d9', 'Urs', 'Ryf', 'info@surf-fun.ch', '041 210 03 91', 'Ryf’s Surf & Fun', 'Bireggstrasse 35, 6003 Luzern, Luzern'),
('7328bb06-973a-424f-9298-297484e75e09', 'Sandra', 'Ryffel-Künzler', 'info@ryffel-la.ch', '044 942 10 40', 'Ryffel + Ryffel AG', 'Brunnenstrasse 14, 8610 Uster, Zürich'),
('832d6e81-5b4a-47af-99e1-cadbb279763e', 'Martin', 'Meierhofer', 'info@ryffel-felle.ch', '044 930 01 08', 'Ryffel Felle+Leder AG', 'Bahnhofstrasse 132, 8620 Wetzikon, Zürich'),
('240296af-faff-4cfa-85e8-8be06b02aef2', 'Stephan', 'Ryffel', 'info@maler-ryffel.ch', '079 416 10 74', 'Ryffel Malergeschäft', 'Römerstrasse 44a, 8400 Winterthur, Zürich'),
('f7f77958-0db7-45fe-b775-283af2b20c82', 'Claude', 'Rykart', 'c.rykart@rykart.ch', '031 350 55 50', 'Rykart Architekten AG', 'Könizstrasse 161, 3097 Liebefeld, Bern'),
('aa43ea28-1653-46f4-bcc7-c869caf5126a', 'Urs', 'Rymann', 'rymann@rymann-widmer.ch', '056 210 02 43', 'Rymann + Widmer AG', 'Brisgistrasse 2, 5400 Baden, Aargau'),
('bcf6e3fa-8cde-418d-84bb-4f77012bd9ca', 'Patric', 'Raymann', 'patric.raymann@rynag.ch', '071 955 70 00', 'RYNAG AG', 'Brumoosstrasse 9, 9240 Uzwil, St. Gallen'),
('d104c265-7b03-4c66-9f56-86bc517fc77d', 'Michael', 'Ryser', 'michael.ryser@ryser-ag.ch', '031 839 20 20', 'Ryser AG', 'Schulhausstrasse 8k, 3067 Boll, Bern'),
('59ed7681-8b85-48bf-8ae9-ac181d09c7d2', 'Sven', 'Ryser', 'info@ryserboeden.ch', '079 519 97 79', 'Ryser Böden AG', 'Eichstrasse 4, 8107 Buchs, Zürich'),
('1e69b74c-666a-4839-95a8-66b0c9df17ad', 'Rudolf', 'Ryser', 'ruedi@ryserboden.ch', '079 219 73 30', 'Ryser Bodenbeläge GmbH', 'Friedrichstrasse 8, 4055 Basel, Basel-Stadt'),
('18a1890c-3cc7-40d9-9f8c-f39d4514ed7a', 'Ruth', 'Ryser', 'ryserdruck@bluewin.ch', '062 726 84 00', 'Ryser Druck-Concept', 'Gwärbi 138, 5054 Moosleerau, Aargau'),
('a0f5ba0c-199f-424c-aa1a-04f2a57ea83c', 'Thomas', 'Ryser', 'info@ryser-heizungen.ch', '044 734 31 59', 'Ryser Heizungen GmbH', 'Dorfstrasse 15, 8902 Urdorf, Zürich'),
('8de095a1-3f7a-460e-8ea3-5e14d5462647', 'Martin', 'Ryser', 'ryserholzbau@bluewin.ch', '079 356 40 26', 'Ryser Holzbau', 'Moosacker 76, 3622 Homberg b. Thun, Bern'),
('b6064092-e4f2-44c1-a4be-457b3fa7227f', 'Beat', 'Kobel', 'beat.kobel@rysering.ch', '031 560 03 03', 'Ryser Ingenieure AG', 'Engestrasse 9, 3001 Bern, Bern'),
('0e10807a-77fc-4e6c-945e-e34450357f5d', 'Roland', 'Ryser', 'info@ryser-kurier.ch', '079 265 39 93', 'Ryser-Kurier', 'Hauptstrasse 112, 4313 Möhlin, Aargau'),
('7ae065c5-6442-46c3-ba4f-6e5b880f8700', 'Sandro', 'Näf', 'contact@rysma.ch', '041 766 03 50', 'Rysma Real Estate AG', 'Blegistrasse 3, 6340 Baar, Zug'),
('d8f641eb-ab5b-4062-a8b7-4c59f2698193', 'François', 'Dörfliger', 'info@doerfliger.ch', '062 387 95 95', 'Rysor AG', 'Riedstrasse 2, 4622 Egerkingen, Solothurn'),
('c2fdd0ce-7c59-4287-ad77-108a1ec75c32', 'Raphael', 'Fasko', 'raphael.fasko@rytec.ch', '031 511 13 36', 'Rytec AG', 'Alte Bahnhofstrasse 5, 3110 Münsingen, Bern'),
('062e61e0-23a8-43fe-9776-a2903f38352c', 'Matthias Christian', 'Ryter', 'info@ryter-gaerten.ch', '079 323 89 55', 'Ryter Gärten', 'Baselstrasse 30, 4124 Schönenbuch, Basel-Land'),
('b16ee622-ee52-4a82-9fad-805cc7f53b3c', 'Patrick', 'Ryter', 'info@ryterhaustechnik.ch', '033 744 22 33', 'Ryter Haustechnik AG', 'Unterbortstrasse 34, 3792 Saanen, Bern'),
('9f5607e2-6c8f-4b7a-9918-fa3bdfa28d17', 'Ulrich', 'Ryter', 'kontakt@ryterholzbau.ch', '052 317 30 35', 'Ryter Holzbau', 'Hauptstrasse 36, 8467 Truttikon, Zürich'),
('7dfb7759-6cac-48d0-aa7e-c0006f80d44a', 'Tobias', 'Jakob', 'info@rythalle.ch', '032 623 32 41', 'Rythalle Soledurn, AG für Ausstellungen', 'Baselstrasse 3, 4500 Solothurn, Solothurn'),
('d2ede048-0241-4ffd-88db-30deeca92a2c', 'Marco', 'Rytz', 'info@rytz.ch', '061 975 81 81', 'Rytz AG', 'Hauptstrasse 1, 4455 Zunzgen, Basel-Land'),
('1d452cfa-a50f-4321-aa23-4a5186f0373f', 'Simon', 'Hofstetter', 'info@rytz-gartenbau.ch', '079 291 05 64', 'Rytz Gartenbau GmbH', 'Ofenhausweg 21, 3179 Kriechenwil, Bern'),
('b244162e-aeb5-4fc6-8fb5-c2e889f833fc', 'Roger', 'Zimmermann', 'rz-moebeldesign@bluewin.ch', '079 308 00 18', 'RZ Möbeldesign GmbH', 'Kohlplatzweg 9, 4310 Rheinfelden, Aargau'),
('2b20b16b-3dab-44c5-9535-c1dd5dc42f4f', 'Rebecca', 'Zimmermann-von Deschwanden', 'rebecca@rzsticken.ch', '081 723 96 63', 'RZ Sticken Zimmermann', 'Staatsstrasse 117, 8888 Heiligkreuz (Mels), St. Gallen'),
('d234491e-bc88-4eb0-8319-051fdb3ab492', 'Pascal', 'Chevalier', 'info@rztreuhand.ch', '031 927 01 11', 'RZ TREUHAND Pascal Chevalier', 'Schwarzenburgstrasse 261, 3098 Köniz, Bern'),
('8e6d410a-c68f-4e33-9e2c-d172ba08734c', 'Alexander', 'Zimmermann', 'info@rzb.ch', '043 388 85 60', 'RZB Swiss Lighting AG', 'Bahnhofstrasse 13, 5610 Wohlen, Aargau'),
('f3162ccc-e41e-4683-bfc6-9f4c46943ca5', 'Martin', 'Rufer', 'm.rufer@rzd-ag.ch', '032 384 87 87', 'rzd holding ag', 'Tulpenweg 2, 2575 Täuffelen, Bern'),
('84987127-f791-4d06-b1a0-adebeb846df9', 'Roman', 'Zwicker', 'info@rzjob.ch', '081 756 77 33', 'rzJob GmbH', 'Rheinstrasse 7, 9470 Buchs, St. Gallen'),
('f280d0f2-ae44-4287-a9f0-d22777271403', 'Bernhard', 'Kunz', 'info@rzo.ch', '044 945 06 00', 'RZO AG Recycling Züri Oberland', 'Im Chies 14, 8604 Volketswil, Zürich'),
('fffbf343-fb16-4dd5-bcbe-6603561e1866', 'Moritz', 'Schiess', 'moritz@sfholzbau.ch', '032 510 90 73', 'S & F Holzbau GmbH', 'Steinacker 15, 4565 Recherswil, Solothurn'),
('4d89223d-dc4f-4d86-9d14-d67d18a3a15f', 'Joel', 'Stebler', 'info@sg-baumpflege.ch', '079 943 15 52', 'S & G Baumpflege GmbH', 'Bruderholzstrasse 63, 4153 Reinach, Basel-Land'),
('3e2dc7d7-da75-4983-be95-2ee5a3816e31', 'Olaf', 'Stoll', 'olaf.stoll@sundg.ch', '061 845 10 40', 'S & G Gebäudetechnik AG', 'Brüelstrasse 26, 4312 Magden, Aargau'),
('fded4217-e0eb-4cf8-a889-10617d99d64c', 'Monika', 'Seeholzer-Spielmann', 'info@s-p-immob.ch', '041 260 46 36', 'S & P Spielmann Immobilien-Treuhand AG', 'Gerliswilstrasse 71, 6020 Emmenbrücke, Luzern'),
('d89afcc5-e882-4064-9aa1-bb075db33e20', 'Oliver', 'Stöckli', 'strebel.res@solsos.ch', '079 460 74 57', 'S & S Solaranlagen GmbH', 'Vorderweystrasse 18, 5630 Muri, Aargau'),
('110f8514-8450-446d-ac86-3f38824101d0', 'Markus', 'Spingler', 'info@s-and-t.net', '052 672 74 07', 'S & T AG', 'Tobelraastrasse 2, 8212 Neuhausen am Rheinfall, Schaffhausen'),
('fdc50907-e9a4-4608-af78-17f77ff12d56', 'Kevin', 'Knöpfel', 'info@s-v.ch', '041 783 14 04', 'S & V Engineering AG', 'Hohenrainstrasse 65, 6280 Hochdorf, Luzern'),
('5b5e8058-cb29-4910-bdbf-63a5da2145c6', 'Davide', 'Buzzi', 'd.buzzi@s-b.swiss', '062 286 60 20', 'S + B Baumanagement AG', 'Louis Giroudstrasse 26, 4601 Olten, Solothurn'),
('fd4a7679-f07f-458e-9c2b-54f117f4e432', 'Alain', 'Schwingruber', 'info@sf-sanitaer.ch', '032 932 20 20', 'S + F Sanitär GmbH', 'Mattenstrasse 153, 2504 Biel/Bienne, Bern'),
('dd1d3e37-486b-4df9-b5d1-91fea8b66b89', 'Martin', 'Friedli', 'info@sk-kueche-bad.ch', '041 252 03 30', 'S + K Küche + Bad AG', 'Schrotmättli 1, 6014 Luzern, Luzern'),
('488f34d5-0e94-4d84-80f7-14027afb040b', 'Stefan', 'Ackermann', 'info.ch@serverandoptions.com', '056 511 51 00', 'S + O AG', 'Ahornweg 14, 5504 Othmarsingen, Aargau'),
('cc6fc9ed-d2a1-40cd-9c42-3e6dfb6fcc5c', 'Britta', 'Schmid', 'schmidpartner@sundpschaffhausen.ch', '052 625 60 80', 'S + P Schmid Partner AG', 'Nordstrasse 121, 8200 Schaffhausen, Schaffhausen'),
('dcffa906-d819-4e7e-b811-acad3cc9f068', 'Stefan', 'Schmid', 'info@bauagurdorf.ch', '044 735 10 40', 'S + U Bau AG', 'Schlierenstrasse 14, 8902 Urdorf, Zürich'),
('7d0286f1-d10b-41db-8bdc-fc4cff2d19c4', 'Harry', 'Welter', 'hawe@architektur-sw.ch', '061 831 60 57', 'S + W Architekturbüro GmbH', 'Genaeral Guisan-Strasse 8, 4153 Reinach, Basel-Land'),
('bea1960e-dc68-4281-b86c-441660ebe6a6', 'Andreas', 'Ruby', 'ar@sam-basel.org', '061 261 14 13', 'S AM Schweizerisches Architekturmuseum', 'Steinenberg 7, 4051 Basel, Basel-Stadt'),
('5587df9e-0607-4163-8882-d96f2c1631a5', 'Dominik', 'Seiler', 'info@scombi.ch', '056 616 75 00', 'S Combi AG', 'Gartenweg 7, 5606 Dintikon, Aargau'),
('b37db8a1-7f1c-4f91-b4d5-5f2e2f47c3f3', 'Noel', 'Dexet', 'sdeco.boden@bluewin.ch', '079 396 89 12', 'S Déco Bodenbeläge GmbH', 'Tellstrasse 18, 4053 Basel, Basel-Stadt'),
('e5e0283c-3bad-4eb4-9458-bb002bedd645', 'Christoph', 'Stucki', 'info@s-fit.ch', '077 538 33 37', 'S Fit Kerzers AG', 'Industriestrasse 13, 3210 Kerzers, Fribourg/Freiburg'),
('f0ee7a53-dad3-4409-93a3-1e60a30eb6e4', 'Silvan', 'Hertig', 'info@hertigsanitaer.ch', '079 102 87 85', 'S Hertig Sanitär', 'Tafletenstrasse 6, 8608 Bubikon, Zürich'),
('04c819f4-4ed4-4f92-9d31-5ab971559e72', 'Stefan', 'Müller', 'mueller@smueller-holzbau.ch', '071 913 38 01', 'S Müller Holzbau', 'Sirnacherstrasse 6, 9500 Wil, St. Gallen'),
('d1883c8c-8afa-4217-a5a5-57090e042b8e', 'Patrick', 'Kosek', 'info@splusc.ch', '076 559 88 97', 'S plus C GmbH', 'Hirschengraben 40, 6003 Luzern, Luzern'),
('c1c6d5ba-381b-4ab6-b331-8baab6dae398', 'Franz-Josef', 'Hock', 'post@woodresin.ch', '052 588 06 12', 'S u. K Hock GmbH', 'Tannenweg 16, 8555 Müllheim Dorf, Thurgau'),
('2bc9f34a-d932-4bad-a5d1-4df25648d307', 'Rolf', 'Schmid', 'r.schmid@sb-clean.ch', '079 352 42 43', 'S&B Clean GmbH', 'Industriestrasse 13, 9015 St. Gallen, St. Gallen'),
('6beaca24-cdbf-467e-91ce-95c4a5933de7', 'Jörg', 'Schönenberger', 'info@s-bau.ch', '079 340 85 24', 'S&Bau AG', 'Dorfstrasse 9, 6035 Perlen, Luzern'),
('d63c98a9-0e48-4ceb-b148-2f4a0cfee3ee', 'Werner', 'Spörri', 'spoerri@sk-partners.ch', '044 787 48 01', 'S&K Partners AG', 'Samstagernstrasse 55, 8832 Wollerau, Schwyz'),
('bc6faa8e-7ca8-441c-88af-c0ed596bd823', 'Susanne', 'Beltrame', 'comline@sr-team.ch', '044 905 74 01', 'S&R Comline, Beltrame', 'Im Zentrum 15, 8604 Volketswil, Zürich'),
('55608fd8-3ecf-4455-88c4-cd77daa0eebe', 'Almir', 'Semanic', 'info@ssed-licht.ch', '071 246 06 06', 'S&S Elektrodesign', 'Bafflesstrasse 9, 9450 Altstätten, St. Gallen'),
('582f10f9-cbad-46a9-92d1-9baa5df90396', 'Alessandro', 'Cavaliere', 'info@microtool.ch', '044 680 10 00', 'S. + A. Cavaliere Microtool', 'Einsiedlerstrasse 31a, 8820 Wädenswil, Zürich'),
('ea93619f-c188-4515-8135-046492ef2110', 'Stephan', 'Barmettler', 'barmettler@barimmo.ch', '033 437 76 30', 'S. Barmettler Immobilien GmbH', 'Käsereiweg 2, 3627 Heimberg, Bern'),
('bf901e4d-c267-4204-96c0-07bd61a9fe03', 'Simon', 'Bauen', 'modellbauen@gmail.com', '061 599 02 28', 'S. Bauen Modellbau GmbH', 'Hauptstrasse 21, 4144 Arlesheim, Basel-Land'),
('c48af99a-06d6-43c8-b610-531beb5eab44', 'Stefan', 'Baumgartner', 'info@baumgartnersanitaer.ch', '031 556 80 81', 'S. Baumgartner Sanitär GmbH', 'Zuzwilstrasse 32, 3303 Jegenstorf, Bern'),
('70197fba-5bc4-43b0-b0c2-73eb8189049b', 'Sanela', 'Brankovic', 'info@s-reinigung.ch', '078 212 17 51', 'S. Brankovic Reinigung & Hauswart', 'Schärenmoosstrasse 10, 8052 Zürich, Zürich'),
('45fbb18a-d433-492d-aa6f-ccd3131314df', 'Simon', 'Brunner', 'simonbrunner@brunner-immobilien.ch', '041 260 54 88', 'S. Brunner Immobilien & Treuhand AG', 'Gerliswilstrasse 6a, 6020 Emmenbrücke, Luzern'),
('278c5a4d-9003-45f5-a140-46df3919d645', 'Sandro', 'Casaulta', 'info@sc-garage.ch', '081 931 13 77', 'S. Casaulta Garage GmbH', 'Rampa 35c, 7145 Degen, Graubünden'),
('17db2ec5-8c43-4b64-b527-f0ef5f6b05d5', 'Sinforiano', 'De Mendieta', 'solardemendieta@sdmsa.com', '044 905 77 22', 'S. de Mendieta AG', 'Stationsstrasse 57, 8606 Greifensee, Zürich'),
('634d8ebb-ea64-4af1-bc8f-1bd2f373c183', 'Peter', 'Anderhub', 'info@fassbind.ch', '041 859 04 00', 'S. Fassbind AG', 'Poststrasse 7, 6414 Oberarth, Schwyz'),
('a98a381e-44d2-4f92-b472-45d51ee7df50', 'Sepp', 'Fässler', 'appenzellerlade@bluewin.ch', '071 364 20 70', 'S. Fässler', 'Mittlere Färchen 230, 9107 Urnäsch, Appenzell Ausserrhoden'),
('757f057d-e70e-439b-ab75-b64429448096', 'Sandro', 'Federer', 'federer-gartenbau@hotmail.com', '079 538 38 99', 'S. Federer Gartenbau GmbH', 'Alte Landstrasse 244, 9427 Wolfhalden, Appenzell Ausserrhoden'),
('5b3ca943-3e69-4092-9a1b-e472f33c214c', 'Sabrina', 'Gasser', 'info@gasserarch.ch', '079 612 27 22', 'S. Gasser Architektur GmbH', 'Gässli 19, 7023 Haldenstein, Graubünden'),
('c66e761e-bf16-4452-9bf1-1f586c85b2c5', 'Sani', 'Hübscher', 'sani.huebscher@bluewin.ch', '079 481 96 28', 'S. Hübscher Stick- und Nähatelier c/o Zaharinka Hübscher', 'Zürcherstrasse 142, 5432 Neuenhof, Aargau'),
('9455ac5a-9640-4f9f-ba4f-c5b334a8afb3', 'Gabriella', 'Karger', 'service@karger.com', '061 306 11 11', 'S. Karger AG', 'Allschwilerstrasse 10, 4055 Basel, Basel-Stadt'),
('2b0ef31f-7236-4d5b-b5a2-0a41ab504fb6', 'Stefan', 'Kilchsperger', 'info@kilchsperger-baeckerei.ch', '052 317 11 88', 'S. Kilchsperger GmbH', 'Schaffhauserstrasse 35, 8451 Kleinandelfingen, Zürich'),
('dd7e4362-a792-458b-ac51-39a030d7dd70', 'Siegfried', 'Kneubühler', 'info@skneubuehler.ch', '062 756 23 13', 'S. KNEUBÜHLER AG', 'Egolzwilerstrasse 3, 6244 Nebikon, Luzern'),
('d30f2678-b7b9-4e78-b2ab-e9910e460d31', 'Simon', 'Manser', 'manserbodenbelaege@bluewin.ch', '076 456 95 20', 'S. Manser Bodenbeläge GmbH', 'Obergasse 2, 7247 Saas im Prättigau, Graubünden'),
('8625f11a-5aec-4709-a7f7-cedaaabea01a', 'Samuel', 'Martin', 'greenpower-garten@bluewin.ch', '076 394 44 39', 'S. Martin, Greenpower, Gartenpflege + Hauswartung', 'Gartenstrasse 34, 8700 Küsnacht, Zürich'),
('75ec23e2-146a-4f08-a438-4ffb7d0f4998', 'Stefan', 'Mayr', 'sidmayr@hotmail.com', '079 411 88 68', 'S. Mayr GmbH Plattenbeläge', 'Schlossmühlestrasse 204, 8408 Winterthur, Zürich'),
('4cb2e006-c352-48e4-8078-627deb8b0e0d', 'Simon', 'Montalta-Merz', 'info@montaltalm.ch', '081 925 11 43', 'S. Montalta', 'Valserstrasse 34, 7130 Ilanz, Graubünden'),
('0d6c9391-3c44-47f9-ad27-dafccb36c985', 'Sunica', 'Müller', 'info@sweet-table.ch', 'N.a.', 'S. Müller Sweet Table', 'Rigiblick 5, 5621 Zufikon, Aargau'),
('0f0bc74c-842d-4878-8e6a-069b85def357', 'Sebastian', 'Rotariu', 'info@s-rotariulabor.ch', '052 624 29 09', 'S. Rotariu Kieferorthopädisches Labor GmbH', 'Vordergasse 12, 8213 Neunkirch, Schaffhausen'),
('d3ceacc8-1ab1-4c55-9d75-9a19950b272f', 'Severine', 'Roth', 's.roth@roth-architekten.ch', '078 896 66 30', 'S. Roth Architekten', 'Grund 1009, 9428 Walzenhausen, Appenzell Ausserrhoden'),
('313785a4-28cb-4f60-b346-e5bd72d6b6e6', 'Stephan', 'Schlatter', 'info@schlatter-gipser.ch', '079 419 91 00', 'S. Schlatter GmbH', 'Mooswisenstrasse 5, 8165 Oberweningen, Zürich'),
('d08e19a6-dc1f-411b-90bf-5692ace87956', 'Stephan', 'Schneider', 'schneider.stephan@bluewin.ch', '079 688 07 07', 'S. Schneider', 'Bielstrasse 26 A, 3273 Kappelen, Bern'),
('ffcec76a-9118-4ab4-899c-b90af5f3a2b7', 'Susanne', 'Stadelmann', 'susanne.stadelmann@stadelmann-immo.ch', '056 500 20 35', 'S. Stadelmann Immobilien AG', 'Bremgartenstrasse 11, 5634 Merenschwand, Aargau'),
('eddb53c1-c337-4cf3-a510-ea2876682ec7', 'Simon', 'Stähli', 's.a.staehli@gmx.ch', '033 951 20 80', 'S. Stähli Haustechnik AG', 'Leischenstrasse 4B, 3806 Bönigen b. Interlaken, Bern'),
('f5b6d7f8-e3cc-4544-bef8-38c0f4fb0d51', 'Stefan', 'Stohler', 'info@stohler-gartenbau.ch', '079 644 78 60', 'S. Stohler - für Haus und Garten', 'Hemmikerstrasse 27, 4466 Ormalingen, Basel-Land'),
('590bb62a-e750-4d14-a230-adf1eb431122', 'Sepp', 'Stolz', 'sepp.stolz@schmiedeeisen.ch', '071 911 33 75', 'S. Stolz Metall- und Fahrzeugbau AG', 'Poststrasse 12, 9536 Schwarzenbach, St. Gallen'),
('fd51bd98-757a-4674-bb5f-267dffaa68e3', 'Marco', 'Schindler', 'info@stutz-kanal.ch', '056 284 27 67', 'S. Stutz Kanalsanierung AG', 'Steiächerweg 6, 5316 Leuggern, Aargau'),
('1e1b2705-6e4c-4be6-972a-5ef7c9fd80bd', 'Samuel', 'Thuli', 'samuel.thuli@bluewin.ch', '079 480 16 13', 'S. Thuli', 'Rümlangstrasse 103, 8052 Zürich, Zürich'),
('c52cb735-ad66-4e19-9a43-3ba4b018fb75', 'Stefan', 'Tobler', 'info@tobler-holzbau.ch', '071 888 11 60', 'S. Tobler Holzbau AG', 'Dorfstrasse 25, 9425 Thal, St. Gallen'),
('bf43a0c7-b9bb-4d09-b9e7-937db8bbe252', 'Alfred', 'Benz', 'tonundfarb@gmail.com', '031 747 81 72', 'S. und F. Benz, Töpferei', 'Alte Bernstrasse 4, 3177 Laupen, Bern'),
('5fede8b0-ce54-43e9-bd8a-c4e32b10f493', 'Andreas', 'Schmeisser', 'info@sa-holzbau.ch', '061 823 71 18', 'S.A. Holzbau AG', 'Hohenrainstrasse 10, 4133 Pratteln, Basel-Land'),
('2b67e29f-6416-4538-a3e8-861bf40986ed', 'Guiseppe', 'Sacchetti', 's.a.g.gmbh@gmx.ch', '079 210 92 09', 'S.A.G-GmbH', 'Aeschstrasse 3a, 4202 Duggingen, Basel-Land'),
('00161e57-5be5-46df-b343-3f1fa1fae54b', 'Simon', 'Müller', 'sm@sam-iam.ch', '041 492 04 04', 's.a.m. immobilien architektur management gmbh', 'Überlandstrasse 18, 8953 Dietikon, Zürich'),
('30a58c4b-78fd-4d43-8852-47ca476e231a', 'Sergio', 'De Luca', 'info@deluca-gipser.ch', '071 244 60 24', 's.deluca gipser gmbh', 'Lukasstrasse 17, 9008 St. Gallen, St. Gallen'),
('1d65be0f-c470-40c4-89a7-5b1c360239e8', 'Sadat', 'Hajrizi', 'info@shgartenbau.ch', '078 824 33 54', 'S.H Gartenbau Hajrizi', 'Härgelenstrasse 2, 4435 Niederdorf, Basel-Land'),
('555fde8b-73be-4dab-8bc9-748078ab37bc', 'Simon', 'Hauri', 'info@sieber-haus.ch', '041 934 03 74', 'S.H. Sieber Holzbau GmbH', 'Kantonsstrasse 93, 6234 Triengen, Luzern'),
('d3aa76e1-59b8-40eb-a92c-c4f001bc568a', 'Sven', 'Ineichen', 'info@parkettundboden.ch', '041 761 07 04', 's.i parkett+boden gmbh', 'Dorfstrasse 34, 6340 Baar, Zug'),
('b6aea87d-b92c-4a5a-b321-e5e554812a4a', 'Susanna', 'Aeppli', 's.k.aeppli@tcnet.ch', '079 432 98 19', 'S.K. Aeppli GmbH', 'Seestrasse 79f, 3800 Unterseen, Bern'),
('12af69dc-c390-41cd-b4a5-009431d696dc', 'Snezana', 'Arsenic', 'info@sms-reinigung.ch', '076 524 54 54', 'S.M.S. Reinigung GmbH', 'Nationalbahnweg 5, 4800 Zofingen, Aargau'),
('4d9ac703-6c44-45bd-880b-3221246dfed0', 'Maximilian', 'von Wülfing', 'info@smart-cbd.ch', '061 906 22 20', 'S.T.U. GmbH', 'Gewerbestrasse 6, 6330 Cham, Zug'),
('ed0d4b64-3d8e-4745-85a5-ce477d70f6f3', 'Thomas', 'Weber', 'tw@sweber.ch', '056 621 81 33', 'S.Weber Sanitär Heizung GmbH', 'Fendler 48b, 5524 Nesselnbach, Aargau'),
('54aca74e-2b44-46a3-ac00-1b4ffa0bfa13', 'Sabrina', 'Meier', 'info@symyoga.ch', 'N.a.', 'S.Y.M Yoga', 'Dorfstrasse 61, 5417 Untersiggenthal, Aargau'),
('a574c8cc-835b-4a34-b7a3-066ce88949d4', 'Salah', 'Zouiter', 's_zouiter@msn.com', '078 856 81 24', 'S.Z. Catering Salah Zouiter', 'Bahnhofstrasse 4, 3072 Ostermundigen, Bern'),
('a13a347c-ed3e-40bc-994b-c9fe6fcfb8a1', 'Beatrice', 'Müller', 'info@sbeizli.ch', '061 971 50 90', 'S´Beizli GmbH', 'Im Höfli 2, 4453 Nusshof, Basel-Land'),
('45ade681-b6a4-42bf-9634-10baf624de6c', 'Tosca', 'Schilter', 's-puenktli@bluewin.ch', '076 349 60 69', 'S’Pünktli', 'Cheerstrasse 4, 6014 Luzern, Luzern'),
('08dab70c-329d-4884-91e0-d2e6fd725b19', 'Mario', 'Liechti', 'manuel.liechti@s-l.ch', '071 727 00 00', 'S+L Architektur AG / S+L Real Estate AG', 'Poststrasse 5, 9443 Widnau, St. Gallen'),
('bf146966-90ba-40c9-a198-a452e84e5531', 'Max', 'Schäfer', 'm.schaefer@sm-tiefbau.ch', '079 457 97 36', 'S+M Tiefbau GmbH', 'Frenkendörferstrasse 15, 4410 Liestal, Basel-Land'),
('88ad24d1-4bc6-42e8-8695-c0dacf66b9d1', 'Roman', 'Ackermann', 'futura@s-w.ch', '071 422 45 26', 'S+W Solar- und Wärmepumpentechnik AG', 'Schändrichstrasse 3, 9230 Flawil, St. Gallen'),
('1d687563-e839-4023-b063-0116de8410b9', 'Bruno', 'Schneebeli', 'info@s2architekten.ch', '044 271 51 45', 'S2 Architekten GmbH', 'Dorfstrasse 40, 8037 Zürich, Zürich'),
('e0d4b39f-30ad-42d6-8b07-68975b86d445', 'Reinhard', 'Steinke', 'info@s2-bau.ch', '061 544 46 42', 'S2 Baumanagement GmbH', 'Galmsstrasse 2, 4410 Liestal, Basel-Land'),
('99894d49-b97c-4c01-98ad-51d63567d2ce', 'Arton', 'Suka', 'info@s2-parkett.ch', '056 534 70 00', 'S2 Parkett GmbH', 'Sandstrasse 12, 5432 Neuenhof, Aargau'),
('65a206b2-6c0c-410e-bb9f-3e3074ceac15', 'Tanja', 'Bärtschi', 'info@s24.ch', '044 200 52 15', 'S24.ch GmbH', 'Rheinstrasse 37, 8424 Embrach, Zürich'),
('1bbb06bc-c7d9-4500-8bc3-97d2bf78bbd5', 'Jan', 'Stadelmann', 'stadelmann@s2l.ch', '044 545 35 20', 'S2L GmbH', 'Herdernstrasse 66, 8004 Zürich, Zürich'),
('3fe5e47a-ad5e-4fc4-92a8-88cb12038c9f', 'Andrea', 'Schafroth', 'info@s2r.gmbh', '044 350 30 20', 's2r.gmbh', 'Limmatstrasse 215, 8005 Zürich, Zürich'),
('1d714546-2a8c-4141-9c8f-f22c748843bf', 'Patrick', 'Stöckli', 'ps@svier.ch', '079 431 35 31', 'S4 Patrick Stöckli', 'Geissenstrasse 7, 8712 Stäfa, Zürich'),
('15fab1e0-43ea-4991-82ef-47aac5a88890', 'Markus', 'Therre', 'office@s4-group.com', '041 511 78 40', 'S4-Group Holding', 'Zürcherstrasse 161, 8010 Zürich, Zürich'),
('e54dd6b8-8698-4307-8a9d-47f533c4105b', 'Michel', 'Menge', 'info@menge-gaerten.ch', '033 345 82 15', 'Sa Menge AG', 'Flöschgässli 17, 3661 Uetendorf, Bern'),
('4d573aea-5d78-464f-912a-4fb1173a9b6c', 'Stephan', 'Kilchmann', 's.kilchmann@saa-wma.ch', '041 202 19 19', 'saa AG', 'Habsurgerstrasse 22, 6003 Luzern, Luzern'),
('5a51fc23-82e4-46b1-9ec6-bc7a5f7b795d', 'Adrian', 'Bebie', 'info@restaurant-saal.ch', '044 822 02 82', 'Saal Restaurant Bar', 'Bahnhofstrasse 64, 8600 Dübendorf, Zürich'),
('80cb405b-bded-4838-ad59-b03bf4f2c027', 'Markus', 'Peter', 'markus.peter@saalbau-reinach.ch', '062 771 08 25', 'Saalbau Eventlocation Reinach', 'Hauptstrasse 22, 5734 Reinach, Aargau'),
('388b38ad-5d25-4f70-9ec5-0b0217adebfd', 'Jürg', 'Domke', 'j.r.domke@bluewin.ch', '079 742 77 77', 'Saane Gutsch-Brauerei', 'Gstaadstrasse 49, 3792 Saanen, Bern'),
('069ca7af-503a-4cf6-aab5-42763668c3f2', 'Gerd', 'Münch', 'gerd.muench@saarstahl.ch', '044 434 68 00', 'SAARSTAHL AG', 'Vulkanstrasse 126, 8048 Zürich, Zürich'),
('8c3ca6c1-941b-48b0-81c1-b1558a05a6a6', 'Fernando', 'Machado', 'saaskeramic@hotmail.com', '079 463 43 56', 'Saas Keramik GmbH', 'Obere Dorfstrasse 16, 3906 Saas-Fee, Wallis/Valais'),
('37f77366-c155-41d3-ba45-cfb5ef69066b', 'Annemarie', 'Spreitzer', 'info@saaserlaedeli.ch', '081 332 30 79', 'SAASER LAEDELI', 'Untergasse 3, 7247 Saas im Prättigau, Graubünden'),
('a0bf199c-6d18-496e-b350-53b3acbe0adf', 'Matthias', 'Supersaxo', 'info@saas-fee.ch', '027 958 18 58', 'Saas-Fee - Saastal Webshop GmbH', 'Obere Dorfstrasse 2, 3906 Saas-Fee, Wallis/Valais'),
('f9993c67-1f2e-4bd3-a680-09ca1e850e84', 'Joëlle', 'Lengen-Ruppen', 'saastalapotheke@ovan.ch', '027 957 16 04', 'Saastal Apotheke', 'Saastalstrasse 260, 3910 Saas-Grund, Wallis/Valais'),
('4e29502c-a06d-4b16-ae15-159cb304d40b', 'Nadine', 'Lüthi', 'info@saat-aaretal.ch', '031 721 48 81', 'Saat Schul Alternative Aaretal', 'Rütiweg 8, 3111 Tägertschi, Bern'),
('64e31f7f-571c-41d3-b8c1-a3b6386b412a', 'Markus', 'Haldemann', 'info@saatchi.ch', '044 298 18 18', 'Saatchi & Saatchi Zürich AG', 'Stadelhoferstrasse 25, 8001 Zürich, Zürich');

INSERT INTO leads (id, contact_id, source, status, value, notes) VALUES
('4a166397-cbb5-4e05-b880-372cba1c5668', 'e182f6e7-935d-41c0-8734-c6acf5604c34', 'KALTAKQUISE', 'ACTIVE', 0, 'Funktion: Geschäftsführer/in (CEO) | Mitarbeiter: 21 bis 50 | Branche: Baugeschäfte / General- & Totalunternehmungen / Gartenbau & -pflege / Immobilienvermittlung | Rechtsform: Aktiengesellschaft'),
('3df83324-1dd2-440c-b1f8-8301ba302287', '808c7f17-44d6-4d7e-85d9-2c3531ce0d43', 'KALTAKQUISE', 'ACTIVE', 0, 'Funktion: Geschäftsführer/in (CEO) | Mitarbeiter: 1 bis 10 | Branche: Textil- & Möbelindustrie | Rechtsform: Kollektivgesellschaft'),
('d9489cc8-38e3-4d5a-a888-e3648f5c0899', '9fe6dd17-5a28-4f06-b604-a73d6faf8802', 'KALTAKQUISE', 'ACTIVE', 0, 'Funktion: Geschäftsführer/in (CEO) | Mitarbeiter: 11 bis 20 | Branche: Garagen | Rechtsform: Aktiengesellschaft'),
('b31ecb55-de9c-4d8a-86f9-f25dee024542', '039c8480-0f12-4191-8968-f83be63ef514', 'KALTAKQUISE', 'ACTIVE', 0, 'Funktion: Geschäftsführer/in (CEO) | Mitarbeiter: 1 bis 10 | Branche: Schreinerei- & Holzbaubetriebe | Rechtsform: Einzelunternehmen'),
('d9a022a0-5970-4d55-b0c9-fbc3a6d51b69', '761de467-dbe8-4c60-901b-f275dcb4ef42', 'KALTAKQUISE', 'ACTIVE', 0, 'Funktion: Geschäftsführer/in (CEO) | Mitarbeiter: 1 bis 10 | Branche: Architekturbüros / Gartenbau & -pflege | Rechtsform: Gesellschaft mit beschränkter Haftung'),
('fec41664-6e7b-4bca-a0d7-f5cb7722d9d8', 'e2a23fcf-4a45-4861-bf21-bd2be563ec75', 'KALTAKQUISE', 'ACTIVE', 0, 'Funktion: Geschäftsführer/in (CEO) | Mitarbeiter: 1 bis 10 | Branche: Textil- & Möbelindustrie / Schreinerei- & Holzbaubetriebe | Rechtsform: Aktiengesellschaft'),
('350ff529-831f-40bf-9813-7a5c48d58ba9', '5c48f95f-3053-4448-8691-91d3146e99df', 'KALTAKQUISE', 'ACTIVE', 0, 'Funktion: Geschäftsführer/in (CEO) | Mitarbeiter: 1 bis 10 | Branche: Schreinerei- & Holzbaubetriebe | Rechtsform: Gesellschaft mit beschränkter Haftung'),
('fcc81ef4-85c9-46fc-b1a2-f47d5c593d2a', '0674ea82-02fa-47e7-bf31-c7d922ba788a', 'KALTAKQUISE', 'ACTIVE', 0, 'Funktion: Geschäftsführer/in (CEO) | Mitarbeiter: Mehr als 500 | Branche: Top 2''000 CH-Unternehmen | Rechtsform: Aktiengesellschaft'),
('3a5156d3-eccb-46bb-b605-e6ea41b40ab7', 'eb970c72-d880-4068-b17b-12723db1ac45', 'KALTAKQUISE', 'ACTIVE', 0, 'Funktion: Geschäftsführer/in (CEO) | Mitarbeiter: 51 bis 100 | Branche: Online Shops'),
('c2145e0c-40ea-4844-8614-8219d9f8f5a6', '89035151-6ab5-47e3-b003-980769c9774e', 'KALTAKQUISE', 'ACTIVE', 0, 'Funktion: Geschäftsführer/in (CEO) | Mitarbeiter: 11 bis 20 | Branche: Apotheken & Drogerien'),
('b696708a-b773-4b4c-9f1e-2e924c3e5bf3', '3c6bf573-6714-483c-b3c7-9280479c9c82', 'KALTAKQUISE', 'ACTIVE', 0, 'Funktion: Geschäftsführer/in (CEO) | Mitarbeiter: 1 bis 10 | Branche: Garagen | Rechtsform: Aktiengesellschaft'),
('25b698bb-e82c-4d47-9d13-f53899978005', 'bdb18592-f8d2-4f53-80cb-3508a90c93d3', 'KALTAKQUISE', 'ACTIVE', 0, 'Funktion: Geschäftsführer/in (CEO) | Mitarbeiter: 11 bis 20 | Branche: Clubs, Bars & Eventlocations | Rechtsform: Gesellschaft mit beschränkter Haftung'),
('e8b67441-19cd-4e31-9946-342eb157c9f2', '564e855e-abee-4a34-8196-22c1e4a70432', 'KALTAKQUISE', 'ACTIVE', 0, 'Funktion: Geschäftsführer/in (CEO) | Mitarbeiter: Mehr als 500 | Branche: Elektroindustrie | Rechtsform: Aktiengesellschaft'),
('9feeb1bb-d1ec-418a-b68b-099afd3367c2', '6aaddfa5-d6a5-417c-80d2-7c8f713ce471', 'KALTAKQUISE', 'ACTIVE', 0, 'Funktion: Geschäftsführer/in (CEO) | Mitarbeiter: 11 bis 20 | Branche: Garagen | Rechtsform: Aktiengesellschaft'),
('32bfd6a6-a693-4328-b51d-775c4500ffd1', '76260a8d-d409-4442-8e91-4f10beccb05c', 'KALTAKQUISE', 'ACTIVE', 0, 'Funktion: Geschäftsführer/in (CEO) | Mitarbeiter: 11 bis 20 | Branche: Treuhandbüros | Rechtsform: Aktiengesellschaft'),
('623ab232-ca2a-4495-9969-217983d3f377', '8aff245e-aa22-4b0a-8107-b4aa5601049b', 'KALTAKQUISE', 'ACTIVE', 0, 'Funktion: Geschäftsführer/in (CEO) | Mitarbeiter: 1 bis 10 | Branche: Treuhandbüros | Rechtsform: Aktiengesellschaft'),
('229d5fdf-4371-4b8d-8d8a-b6db3325144f', '7baab52d-be2c-4cf6-9de9-56e6ee578872', 'KALTAKQUISE', 'ACTIVE', 0, 'Funktion: Geschäftsführer/in (CEO) | Mitarbeiter: 11 bis 20 | Branche: Online Shops | Rechtsform: Aktiengesellschaft'),
('2138f757-e456-4584-8571-bc77892550b4', '6dd499fc-e246-4073-9efb-a2544e5a7279', 'KALTAKQUISE', 'ACTIVE', 0, 'Funktion: Geschäftsführer/in (CEO) | Mitarbeiter: 1 bis 10 | Branche: Architekturbüros / General- & Totalunternehmungen / Immobilienverwaltung / Immobilienvermittlung | Rechtsform: Aktiengesellschaft'),
('86006956-82a4-42dc-aad9-db44131b0d10', 'dd2499fc-2db0-4c98-9893-f975f4038133', 'KALTAKQUISE', 'ACTIVE', 0, 'Funktion: Geschäftsführer/in (CEO) | Mitarbeiter: 11 bis 20 | Branche: Maschinenbauindustrie | Rechtsform: Aktiengesellschaft'),
('cc0f1e31-66c4-4633-838f-0197e1895e4f', 'bf195577-8948-48e1-9af8-546cfaddb46f', 'KALTAKQUISE', 'ACTIVE', 0, 'Funktion: Geschäftsführer/in (CEO) | Mitarbeiter: 1 bis 10 | Branche: Schreinerei- & Holzbaubetriebe'),
('140ae8e5-b4e5-4927-97ce-720b164afcf8', '255f2d8e-94a3-41e6-939b-66328d7df544', 'KALTAKQUISE', 'ACTIVE', 0, 'Funktion: Geschäftsführer/in (CEO) | Mitarbeiter: 11 bis 20 | Branche: Architekturbüros | Rechtsform: Aktiengesellschaft'),
('291da705-c68f-4bcf-be9b-79722e81e5e3', '828e6b6e-d545-446a-9d4b-332e1d30f01f', 'KALTAKQUISE', 'ACTIVE', 0, 'Funktion: Geschäftsführer/in (CEO) | Mitarbeiter: 1 bis 10 | Branche: Lebensmittelverarbeitung | Rechtsform: Aktiengesellschaft'),
('46174c19-99a0-48fe-9685-4b0721ad2ffd', '35bbf451-642d-4bcc-9d74-7969ac8d2aa3', 'KALTAKQUISE', 'ACTIVE', 0, 'Funktion: Geschäftsführer/in (CEO) | Mitarbeiter: 1 bis 10 | Branche: Hofläden & Bauernhöfe'),
('29138487-9bee-4a6f-a679-ba0097303ea3', '2ffc54b4-eec3-42fe-9b0a-775c365881cc', 'KALTAKQUISE', 'ACTIVE', 0, 'Funktion: Geschäftsführer/in (CEO) | Mitarbeiter: 11 bis 20 | Branche: Hotels / Restaurants | Rechtsform: Aktiengesellschaft'),
('863732f5-35de-4f5f-90c2-8bb860a72e21', '172b67e2-c6f3-4a8c-84bf-0e356e0bcf18', 'KALTAKQUISE', 'ACTIVE', 0, 'Funktion: Geschäftsführer/in (CEO) | Mitarbeiter: 21 bis 50 | Branche: Baugeschäfte | Rechtsform: Aktiengesellschaft'),
('6e961550-9926-40be-989d-b2f929185af8', 'cfbc33c6-57cc-4e66-8c82-26ced32d86f8', 'KALTAKQUISE', 'ACTIVE', 0, 'Funktion: Geschäftsführer/in (CEO) | Mitarbeiter: 1 bis 10 | Branche: Gartenbau & -pflege | Rechtsform: Gesellschaft mit beschränkter Haftung'),
('078756d4-4624-4f87-bc16-504cd3ea725f', '2ad64bc2-f15f-4f94-bfd6-09cdb8211ea3', 'KALTAKQUISE', 'ACTIVE', 0, 'Funktion: Geschäftsführer/in (CEO) | Mitarbeiter: 1 bis 10 | Branche: Metallbauer | Rechtsform: Aktiengesellschaft'),
('75fa90e5-b300-49e0-8315-bccfc692162a', '4f3dd918-deaf-40d9-bb51-3b1f5e0878da', 'KALTAKQUISE', 'ACTIVE', 0, 'Funktion: Geschäftsführer/in (CEO) | Mitarbeiter: 1 bis 10 | Branche: Lebensmittelverarbeitung'),
('cb4053eb-99da-43d0-a338-56fe67ab1cc3', 'be9fc9c6-6288-48ca-bda4-31080fe0c61f', 'KALTAKQUISE', 'ACTIVE', 0, 'Funktion: Geschäftsführer/in (CEO) | Mitarbeiter: 11 bis 20 | Branche: Maschinenbauindustrie | Rechtsform: Aktiengesellschaft'),
('91898ddc-8b9f-463d-8796-7de18c2ca65b', '9e099c91-2d65-455c-80b5-9e05fb678a92', 'KALTAKQUISE', 'ACTIVE', 0, 'Funktion: Geschäftsführer/in (CEO) | Mitarbeiter: 1 bis 10 | Branche: Nachhaltigkeitsbereich / Sanitär & Haustechnik / Solar & Photovoltaik | Rechtsform: Aktiengesellschaft'),
('6a76eec2-e32d-44ec-97fe-412fb9e45bc3', '797d594d-b676-4688-bc52-bc6f332efabf', 'KALTAKQUISE', 'ACTIVE', 0, 'Funktion: Geschäftsführer/in (CEO) | Mitarbeiter: 1 bis 10 | Branche: Elektroplanung & Installation / Nachhaltigkeitsbereich / Solar & Photovoltaik | Rechtsform: Aktiengesellschaft'),
('506172b8-45fe-4204-826b-5d916ed440ca', '3430340f-8d46-4c7c-97ca-28d295898ffc', 'KALTAKQUISE', 'ACTIVE', 0, 'Funktion: Geschäftsführer/in (CEO) | Mitarbeiter: 1 bis 10 | Branche: Nachhaltigkeitsbereich / Sanitär & Haustechnik / Solar & Photovoltaik | Rechtsform: Aktiengesellschaft'),
('960d99cd-6dbf-4ce4-a4e8-913d57cac2be', '29f7b565-18d1-424d-b2d7-4aaaf2867484', 'KALTAKQUISE', 'ACTIVE', 0, 'Funktion: Inhaber/in (Owner/Founder) | Mitarbeiter: 1 bis 10 | Branche: Gartenbau & -pflege'),
('46c4eb0b-5e96-4c39-bb11-f145eec73aa9', 'fa07e2ab-372e-4e99-91bc-0cfb16c56623', 'KALTAKQUISE', 'ACTIVE', 0, 'Funktion: Geschäftsführer/in (CEO) | Mitarbeiter: 1 bis 10 | Branche: Treuhandbüros | Rechtsform: Gesellschaft mit beschränkter Haftung'),
('2e1d5186-32e9-4ece-9731-3336516a4cf9', '82fb095e-e510-4624-9775-27e07a5697e5', 'KALTAKQUISE', 'ACTIVE', 0, 'Funktion: Geschäftsführer/in (CEO) | Mitarbeiter: 1 bis 10 | Branche: Sanitär & Haustechnik | Rechtsform: Aktiengesellschaft'),
('e57aa941-4d39-42df-92d5-74d1d4ce7fd2', '8572f027-4164-47a7-a700-0e6e79975b8a', 'KALTAKQUISE', 'ACTIVE', 0, 'Funktion: Geschäftsführer/in (CEO) | Mitarbeiter: 1 bis 10 | Branche: Architekturbüros / Bau- & Projektmanagement | Rechtsform: Gesellschaft mit beschränkter Haftung'),
('227d4144-f31d-46a7-b58b-4b2815dc225d', '254793dc-cd17-419b-abca-b80fabeddc24', 'KALTAKQUISE', 'ACTIVE', 0, 'Funktion: Geschäftsführer/in (CEO) | Mitarbeiter: 1 bis 10 | Branche: Innenausstatter'),
('5b4e5d8f-c078-4405-9a63-11d91c4b09ec', '088a129b-eb75-4508-a0ac-32d161f15a05', 'KALTAKQUISE', 'ACTIVE', 0, 'Funktion: Geschäftsführer/in (CEO) | Mitarbeiter: 1 bis 10 | Branche: Architekturbüros | Rechtsform: Gesellschaft mit beschränkter Haftung'),
('22d17b42-3e7d-485e-9908-da57f162be99', 'b6f1fb2a-0b5e-485a-ac37-5af52ade6c6f', 'KALTAKQUISE', 'ACTIVE', 0, 'Funktion: Geschäftsführer/in (CEO) | Mitarbeiter: 1 bis 10 | Branche: Immobilienvermittlung | Rechtsform: Gesellschaft mit beschränkter Haftung'),
('fa013cae-bf44-4bbe-83a6-33d8da3b2381', '8aed7bd3-eb47-4ffc-87d1-494116400fd1', 'KALTAKQUISE', 'ACTIVE', 0, 'Funktion: Geschäftsführer/in (CEO) | Mitarbeiter: 1 bis 10 | Branche: General- & Totalunternehmungen / Immobilienvermittlung | Rechtsform: Aktiengesellschaft'),
('20d8d8eb-3481-479e-a003-b684afc21b3e', 'c5fe98b2-4e7c-4a7e-a296-cb3a3b45817a', 'KALTAKQUISE', 'ACTIVE', 0, 'Funktion: Geschäftsführer/in (CEO) | Mitarbeiter: 21 bis 50 | Branche: Schreinerei- & Holzbaubetriebe | Rechtsform: Aktiengesellschaft'),
('ca99b4d4-782c-4720-b530-0451a972d311', '7d24bf65-0013-4a31-86f5-2653b90aebcb', 'KALTAKQUISE', 'ACTIVE', 0, 'Funktion: Geschäftsführer/in (CEO) | Mitarbeiter: 1 bis 10 | Branche: Immobilienverwaltung / Immobilienvermittlung | Rechtsform: Kollektivgesellschaft'),
('e0fac8ca-2b44-419d-bd60-ca2206f39f66', '64cdba42-b4c8-404f-a0d1-d18ea13c144b', 'KALTAKQUISE', 'ACTIVE', 0, 'Funktion: Geschäftsführer/in (CEO) | Mitarbeiter: 51 bis 100 | Branche: Logistik- & Transportunternehmen | Rechtsform: Aktiengesellschaft'),
('b0d9aa02-43a9-4bdc-96f3-626422ea5be3', 'b1ec4e8d-6c5a-4b72-b199-3066f3ee6033', 'KALTAKQUISE', 'ACTIVE', 0, 'Funktion: Geschäftsführer/in (CEO) | Mitarbeiter: 21 bis 50 | Branche: Metallbauer | Rechtsform: Aktiengesellschaft'),
('763de504-23eb-4da0-92d1-fa4ab71dac18', 'db2f5cc0-358f-4ead-bff4-f2f8f22eb074', 'KALTAKQUISE', 'ACTIVE', 0, 'Funktion: Geschäftsführer/in (CEO) | Mitarbeiter: 1 bis 10 | Branche: Medizintechnik-Industrie | Rechtsform: Aktiengesellschaft'),
('b8cd1132-0fb4-431f-be12-30b63c2f3219', '72be5d33-b5ba-448b-b45b-993306d0e89d', 'KALTAKQUISE', 'ACTIVE', 0, 'Funktion: Geschäftsführer/in (CEO) | Mitarbeiter: 1 bis 10 | Branche: Chemieindustrie | Rechtsform: Aktiengesellschaft'),
('af723d6a-e968-4788-b3a6-d07a8598211f', '50e16a36-3da3-4e84-8c38-626a9d0fe15d', 'KALTAKQUISE', 'ACTIVE', 0, 'Funktion: Geschäftsführer/in (CEO) | Mitarbeiter: 1 bis 10 | Branche: Baugeschäfte | Rechtsform: Gesellschaft mit beschränkter Haftung'),
('613167ee-218f-4051-b723-ae2c09ba3106', 'acae95c8-a379-4b7f-8fc4-b910f340cab5', 'KALTAKQUISE', 'ACTIVE', 0, 'Funktion: Geschäftsführer/in (CEO) | Mitarbeiter: 1 bis 10 | Branche: Versicherungsbroker & -makler | Rechtsform: Aktiengesellschaft'),
('5cb324a3-359c-4ae9-94af-86a28f02cd55', 'ba768902-8801-4ba6-bc8d-9cf1f4ed0c25', 'KALTAKQUISE', 'ACTIVE', 0, 'Funktion: Geschäftsführer/in (CEO) | Mitarbeiter: 11 bis 20 | Branche: Sanitär & Haustechnik | Rechtsform: Aktiengesellschaft'),
('252f0e64-a212-4604-82bd-211fccabe376', '43badbd5-de31-4523-bc0b-3100d4a88246', 'KALTAKQUISE', 'ACTIVE', 0, 'Funktion: Gesamtleitung/Direktion | Mitarbeiter: 21 bis 50 | Branche: Versicherungen'),
('7cc8e80f-e0cb-481b-b259-a0c228c7e94f', '7561324c-c985-4606-b9c0-eb93fc6a961f', 'KALTAKQUISE', 'ACTIVE', 0, 'Funktion: Geschäftsführer/in (CEO) | Mitarbeiter: 11 bis 20 | Branche: Versicherungsbroker & -makler | Rechtsform: Aktiengesellschaft'),
('cfa765c9-0d29-4436-8dc8-78747cba9865', '312ee0c5-07d5-4e54-8429-d1ecb890aca1', 'KALTAKQUISE', 'ACTIVE', 0, 'Funktion: Geschäftsführer/in (CEO) | Mitarbeiter: 1 bis 10 | Branche: Versicherungsbroker & -makler | Rechtsform: Gesellschaft mit beschränkter Haftung'),
('ec924d48-cdf8-4780-ab86-93e44551eb7c', '4e1c952f-74d5-4fe9-af7c-0a055633abba', 'KALTAKQUISE', 'ACTIVE', 0, 'Funktion: Geschäftsführer/in (CEO) | Mitarbeiter: 1 bis 10 | Branche: Boden- & Plattenleger'),
('a1f50e59-28a0-4adf-870c-3a58fa339016', '55d76d9b-403a-4273-8f9b-d6bb7d1c936a', 'KALTAKQUISE', 'ACTIVE', 0, 'Funktion: Geschäftsführer/in (CEO) | Mitarbeiter: 101 bis 500 | Branche: Schreinerei- & Holzbaubetriebe / Top 2''000 CH-Unternehmen | Rechtsform: Aktiengesellschaft'),
('c9b55cba-5a36-4092-b8ef-4a5b214b0a19', '17dc390d-8e0a-4334-9315-8269022e0bf5', 'KALTAKQUISE', 'ACTIVE', 0, 'Funktion: Geschäftsführer/in (CEO) | Mitarbeiter: 21 bis 50 | Branche: Elektroindustrie | Rechtsform: Aktiengesellschaft'),
('0c1f9f60-33ac-42b1-9631-102a4006d577', 'e4c8af3b-01bf-43ea-91ac-67795b255b29', 'KALTAKQUISE', 'ACTIVE', 0, 'Funktion: Geschäftsführer/in (CEO) | Mitarbeiter: 11 bis 20 | Branche: Architekturbüros'),
('6c8a0276-df52-4cc3-9d13-f717c4ad01f8', 'd33bb25e-871b-456f-91b9-a40dd2767199', 'KALTAKQUISE', 'ACTIVE', 0, 'Funktion: Geschäftsführer/in (CEO) | Mitarbeiter: 1 bis 10 | Branche: Sanitär & Haustechnik | Rechtsform: Einzelunternehmen'),
('867eee55-0bcf-49fa-8560-bf8694bf0e9b', 'a88cb48b-d0cd-4c05-aa59-bc4f75664f3c', 'KALTAKQUISE', 'ACTIVE', 0, 'Funktion: Geschäftsführer/in (CEO) | Mitarbeiter: 21 bis 50 | Branche: Energieindustrie / Energieversorger | Rechtsform: Aktiengesellschaft'),
('93ccd53b-a77b-4bfc-9136-ab9c92077c6f', '116fb2b8-fe90-477d-a314-eab0cba92b73', 'KALTAKQUISE', 'ACTIVE', 0, 'Funktion: Geschäftsführer/in (CEO) | Mitarbeiter: 1 bis 10 | Branche: Medizintechnik-Industrie | Rechtsform: Aktiengesellschaft'),
('e78a9771-3fe6-4ae0-a99d-3432f0badfd6', 'd2658ced-dbd9-4241-9c2b-f95f47348cd0', 'KALTAKQUISE', 'ACTIVE', 0, 'Funktion: Geschäftsführer/in (CEO) | Mitarbeiter: 1 bis 10 | Branche: Architekturbüros / General- & Totalunternehmungen / Immobilienvermittlung / Bauherrenvertretung | Rechtsform: Aktiengesellschaft'),
('0b35dd18-5918-4116-b0f6-d2ddd240f34d', 'b940c2f6-932a-418f-81d3-98994b8c5a8a', 'KALTAKQUISE', 'ACTIVE', 0, 'Funktion: Geschäftsführer/in (CEO) | Mitarbeiter: 51 bis 100 | Branche: Maschinenbauindustrie | Rechtsform: Aktiengesellschaft'),
('8a6473ee-e7ad-4dcf-a251-16cbd90dac12', '91cd9558-a51d-4112-b42e-ef64bf806b6c', 'KALTAKQUISE', 'ACTIVE', 0, 'Funktion: Geschäftsführer/in (CEO) | Mitarbeiter: 21 bis 50 | Branche: Maschinenbauindustrie | Rechtsform: Aktiengesellschaft'),
('662ffa17-5baa-44df-b79e-452def093c2f', 'f937adf6-283c-48c1-b04b-a816d4f72ce9', 'KALTAKQUISE', 'ACTIVE', 0, 'Funktion: Geschäftsführer/in (CEO) | Mitarbeiter: 1 bis 10 | Branche: Coiffeursalons | Rechtsform: Einzelunternehmen'),
('dc00f121-0a34-4ad9-88df-1b14ab3e85d7', '58466b7e-ef4d-4202-9797-732cd6812c10', 'KALTAKQUISE', 'ACTIVE', 0, 'Funktion: Geschäftsführer/in (CEO) | Mitarbeiter: 1 bis 10 | Branche: Coiffeursalons'),
('f8cef881-a150-47d6-8223-5f746731745a', '962bc89f-a22a-4b1b-ac59-0ee5033dc10c', 'KALTAKQUISE', 'ACTIVE', 0, 'Funktion: Geschäftsführer/in (CEO) | Mitarbeiter: 1 bis 10 | Branche: Gartenbau & -pflege'),
('1a643a93-d499-4aef-8f8a-535535a2a81b', '6a4e58d7-a549-4a2e-a2e0-e7d01037d6d1', 'KALTAKQUISE', 'ACTIVE', 0, 'Funktion: Geschäftsführer/in (CEO) | Mitarbeiter: 1 bis 10 | Branche: Schreinerei- & Holzbaubetriebe'),
('171b7002-c3da-41e0-a753-09107d02ff0b', '6eb810a4-1d7c-458c-ba84-7ac3ab74671b', 'KALTAKQUISE', 'ACTIVE', 0, 'Funktion: Geschäftsführer/in (CEO) | Mitarbeiter: 1 bis 10 | Branche: Schreinerei- & Holzbaubetriebe'),
('7b4bc70d-0b58-4a62-bb78-754e9f854f47', '253cc652-1080-4c09-8736-c630368c0175', 'KALTAKQUISE', 'ACTIVE', 0, 'Funktion: Geschäftsführer/in (CEO) | Mitarbeiter: 1 bis 10 | Branche: Schreinerei- & Holzbaubetriebe'),
('77ffe4d0-c5b4-4af6-913b-592a1f3eca68', 'f655911a-8428-42bf-a66c-5a436b7a5215', 'KALTAKQUISE', 'ACTIVE', 0, 'Funktion: Geschäftsführer/in (CEO) | Mitarbeiter: 11 bis 20 | Branche: Architekturbüros | Rechtsform: Aktiengesellschaft'),
('169b4757-179e-4dbb-8c85-25b9365c1a27', '9b8be1e8-6117-4792-8a35-daaff6834197', 'KALTAKQUISE', 'ACTIVE', 0, 'Funktion: Geschäftsführer/in (CEO) | Mitarbeiter: 11 bis 20 | Branche: Sanitär & Haustechnik | Rechtsform: Aktiengesellschaft'),
('b8adf25b-477a-4979-abfd-2f0d9c5bfa2f', 'c7935005-d169-4ab7-9712-0846051caeb1', 'KALTAKQUISE', 'ACTIVE', 0, 'Funktion: Geschäftsführer/in (CEO) | Mitarbeiter: 1 bis 10 | Branche: Architekturbüros | Rechtsform: Aktiengesellschaft'),
('8138940f-8de0-42e2-aef2-889dc4af01f0', 'e3bcefde-e54b-4fba-b16b-0271b6dbe9d9', 'KALTAKQUISE', 'ACTIVE', 0, 'Funktion: Geschäftsführer/in (CEO) | Mitarbeiter: 1 bis 10 | Branche: Online Shops'),
('a2490633-8fac-4188-9101-88180d3d30ca', '7328bb06-973a-424f-9298-297484e75e09', 'KALTAKQUISE', 'ACTIVE', 0, 'Funktion: Geschäftsführer/in (CEO) | Mitarbeiter: 1 bis 10 | Branche: Architekturbüros | Rechtsform: Aktiengesellschaft'),
('4927ce11-b433-45a9-8fef-fac7743ccf5c', '832d6e81-5b4a-47af-99e1-cadbb279763e', 'KALTAKQUISE', 'ACTIVE', 0, 'Funktion: Geschäftsführer/in (CEO) | Mitarbeiter: 11 bis 20 | Branche: Online Shops | Rechtsform: Aktiengesellschaft'),
('7104b48a-e30a-42ea-a44c-abcbd185767f', '240296af-faff-4cfa-85e8-8be06b02aef2', 'KALTAKQUISE', 'ACTIVE', 0, 'Funktion: Geschäftsführer/in (CEO) | Mitarbeiter: 1 bis 10 | Branche: Maler- & Gipsergeschäfte'),
('8a310448-0196-481f-bfb2-410aeed38cc0', 'f7f77958-0db7-45fe-b775-283af2b20c82', 'KALTAKQUISE', 'ACTIVE', 0, 'Funktion: Geschäftsführer/in (CEO) | Mitarbeiter: 51 bis 100 | Branche: Architekturbüros | Rechtsform: Aktiengesellschaft'),
('51f6358d-ccf2-44e8-9a19-1e55de56565c', 'aa43ea28-1653-46f4-bcc7-c869caf5126a', 'KALTAKQUISE', 'ACTIVE', 0, 'Funktion: Geschäftsführer/in (CEO) | Mitarbeiter: 11 bis 20 | Branche: Sanitär & Haustechnik | Rechtsform: Aktiengesellschaft'),
('94bff329-3b82-4642-9974-cbd5f76ce347', 'bcf6e3fa-8cde-418d-84bb-4f77012bd9ca', 'KALTAKQUISE', 'ACTIVE', 0, 'Funktion: Geschäftsführer/in (CEO) | Mitarbeiter: 21 bis 50 | Branche: Kunststoffindustrie | Rechtsform: Aktiengesellschaft'),
('7d7b0983-165e-4ad0-b66b-a4d70bc0b4d2', 'd104c265-7b03-4c66-9f56-86bc517fc77d', 'KALTAKQUISE', 'ACTIVE', 0, 'Funktion: Geschäftsführer/in (CEO) | Mitarbeiter: 1 bis 10 | Branche: Textil- & Möbelindustrie / Schreinerei- & Holzbaubetriebe | Rechtsform: Aktiengesellschaft'),
('0c0b59b3-a343-48e1-9500-7b0116505bc0', '59ed7681-8b85-48bf-8ae9-ac181d09c7d2', 'KALTAKQUISE', 'ACTIVE', 0, 'Funktion: Geschäftsführer/in (CEO) | Mitarbeiter: 21 bis 50 | Branche: Boden- & Plattenleger'),
('70b37368-01f3-4780-b840-d70baf417633', '1e69b74c-666a-4839-95a8-66b0c9df17ad', 'KALTAKQUISE', 'ACTIVE', 0, 'Funktion: Geschäftsführer/in (CEO) | Mitarbeiter: 1 bis 10 | Branche: Boden- & Plattenleger'),
('52e8ae62-c3f9-414b-8d09-540e1f4e3d1a', '18a1890c-3cc7-40d9-9f8c-f39d4514ed7a', 'KALTAKQUISE', 'ACTIVE', 0, 'Funktion: Geschäftsführer/in (CEO) | Mitarbeiter: 1 bis 10 | Branche: Druckereibetriebe'),
('ed4dbaa4-7037-4974-b7c2-7d85f88158e9', 'a0f5ba0c-199f-424c-aa1a-04f2a57ea83c', 'KALTAKQUISE', 'ACTIVE', 0, 'Funktion: Geschäftsführer/in (CEO) | Mitarbeiter: 1 bis 10 | Branche: Nachhaltigkeitsbereich / Sanitär & Haustechnik / Solar & Photovoltaik | Rechtsform: Gesellschaft mit beschränkter Haftung'),
('ce189ae9-d58c-44d5-94c5-9d6b1b112d3b', '8de095a1-3f7a-460e-8ea3-5e14d5462647', 'KALTAKQUISE', 'ACTIVE', 0, 'Funktion: Geschäftsführer/in (CEO) | Mitarbeiter: 1 bis 10 | Branche: Schreinerei- & Holzbaubetriebe'),
('d22f4348-b15b-4b62-acbd-4946c393f5a5', 'b6064092-e4f2-44c1-a4be-457b3fa7227f', 'KALTAKQUISE', 'ACTIVE', 0, 'Funktion: Geschäftsführer/in (CEO) | Mitarbeiter: 11 bis 20 | Branche: Bauingenieurbüros | Rechtsform: Aktiengesellschaft'),
('933f96de-e1a7-4d89-aff1-f32e8e3f754b', '0e10807a-77fc-4e6c-945e-e34450357f5d', 'KALTAKQUISE', 'ACTIVE', 0, 'Funktion: Geschäftsführer/in (CEO) | Mitarbeiter: 1 bis 10 | Branche: Logistik- & Transportunternehmen | Rechtsform: Einzelunternehmen'),
('ba7b659f-ad67-451e-b625-2984495f220b', '7ae065c5-6442-46c3-ba4f-6e5b880f8700', 'KALTAKQUISE', 'ACTIVE', 0, 'Funktion: Geschäftsführer/in (CEO) | Mitarbeiter: 1 bis 10 | Branche: Immobilienverwaltung / Immobilienvermittlung | Rechtsform: Aktiengesellschaft'),
('909f046d-02af-4e87-9139-240c5cca7b08', 'd8f641eb-ab5b-4062-a8b7-4c59f2698193', 'KALTAKQUISE', 'ACTIVE', 0, 'Funktion: Geschäftsführer/in (CEO) | Mitarbeiter: 1 bis 10 | Branche: Entsorgungsindustrie | Rechtsform: Aktiengesellschaft'),
('7f708440-d105-4184-8f81-85eab322fdba', 'c2fdd0ce-7c59-4287-ad77-108a1ec75c32', 'KALTAKQUISE', 'ACTIVE', 0, 'Funktion: Leitung Nachhaltigkeit | Mitarbeiter: 21 bis 50 | Branche: Nachhaltigkeitsbereich | Rechtsform: Aktiengesellschaft'),
('5f4df172-d715-4981-96c3-2622c0169502', '062e61e0-23a8-43fe-9776-a2903f38352c', 'KALTAKQUISE', 'ACTIVE', 0, 'Funktion: Geschäftsführer/in (CEO) | Mitarbeiter: 1 bis 10 | Branche: Gartenbau & -pflege'),
('e6075ae8-72e5-4530-a2b2-cfcd3955744d', 'b16ee622-ee52-4a82-9fad-805cc7f53b3c', 'KALTAKQUISE', 'ACTIVE', 0, 'Funktion: Geschäftsführer/in (CEO) | Mitarbeiter: 1 bis 10 | Branche: Sanitär & Haustechnik | Rechtsform: Aktiengesellschaft'),
('9ff94fb4-1d23-4191-995e-2e03b8476436', '9f5607e2-6c8f-4b7a-9918-fa3bdfa28d17', 'KALTAKQUISE', 'ACTIVE', 0, 'Funktion: Geschäftsführer/in (CEO) | Mitarbeiter: 1 bis 10 | Branche: Schreinerei- & Holzbaubetriebe'),
('6f11f078-0c5b-4b8b-9020-2f7d9418375f', '7dfb7759-6cac-48d0-aa7e-c0006f80d44a', 'KALTAKQUISE', 'ACTIVE', 0, 'Funktion: Geschäftsführer/in (CEO) | Mitarbeiter: 21 bis 50 | Branche: Clubs, Bars & Eventlocations'),
('a78f1a59-5b01-476a-ac0b-6ed26106c6ac', 'd2ede048-0241-4ffd-88db-30deeca92a2c', 'KALTAKQUISE', 'ACTIVE', 0, 'Funktion: Geschäftsführer/in (CEO) | Mitarbeiter: 21 bis 50 | Branche: Metallbauer | Rechtsform: Aktiengesellschaft'),
('87271f7a-b577-45da-804d-0915667f6924', '1d452cfa-a50f-4321-aa23-4a5186f0373f', 'KALTAKQUISE', 'ACTIVE', 0, 'Funktion: Geschäftsführer/in (CEO) | Mitarbeiter: 1 bis 10 | Branche: Gartenbau & -pflege'),
('052d023b-588b-4791-a988-a18dd6ba6653', 'b244162e-aeb5-4fc6-8fb5-c2e889f833fc', 'KALTAKQUISE', 'ACTIVE', 0, 'Funktion: Geschäftsführer/in (CEO) | Mitarbeiter: 1 bis 10 | Branche: Schreinerei- & Holzbaubetriebe'),
('ee3c1067-9c5b-41bd-a443-b559c08746ae', '2b20b16b-3dab-44c5-9535-c1dd5dc42f4f', 'KALTAKQUISE', 'ACTIVE', 0, 'Funktion: Geschäftsführer/in (CEO) | Mitarbeiter: 1 bis 10 | Branche: Textil- & Möbelindustrie | Rechtsform: Einzelunternehmen'),
('6a7a964e-abff-4ce9-9181-b16738f774d0', 'd234491e-bc88-4eb0-8319-051fdb3ab492', 'KALTAKQUISE', 'ACTIVE', 0, 'Funktion: Geschäftsführer/in (CEO) | Mitarbeiter: 1 bis 10 | Branche: Treuhandbüros | Rechtsform: Aktiengesellschaft'),
('4db8ce26-8b0a-460f-aacf-4e174e8ef768', '8e6d410a-c68f-4e33-9e2c-d172ba08734c', 'KALTAKQUISE', 'ACTIVE', 0, 'Funktion: Geschäftsführer/in (CEO) | Mitarbeiter: 21 bis 50 | Branche: Elektroindustrie | Rechtsform: Aktiengesellschaft'),
('976765d4-38a9-4b1d-a271-79b5c86139d8', 'f3162ccc-e41e-4683-bfc6-9f4c46943ca5', 'KALTAKQUISE', 'ACTIVE', 0, 'Funktion: Geschäftsführer/in (CEO) | Mitarbeiter: 11 bis 20 | Branche: General- & Totalunternehmungen / Immobilienvermittlung | Rechtsform: Aktiengesellschaft'),
('21629f06-7188-44e0-b095-3703db1284c7', '84987127-f791-4d06-b1a0-adebeb846df9', 'KALTAKQUISE', 'ACTIVE', 0, 'Funktion: Geschäftsführer/in (CEO) | Mitarbeiter: 1 bis 10 | Branche: Personalvermittler & -berater | Rechtsform: Gesellschaft mit beschränkter Haftung'),
('49d5b57a-6019-4d00-9b10-478ec6715bf5', 'f280d0f2-ae44-4287-a9f0-d22777271403', 'KALTAKQUISE', 'ACTIVE', 0, 'Funktion: Geschäftsführer/in (CEO) | Mitarbeiter: 11 bis 20 | Branche: Nachhaltigkeitsbereich | Rechtsform: Aktiengesellschaft'),
('dec9f70e-19a5-4991-a683-cebae4b3696e', 'fffbf343-fb16-4dd5-bcbe-6603561e1866', 'KALTAKQUISE', 'ACTIVE', 0, 'Funktion: Geschäftsführer/in (CEO) | Mitarbeiter: 11 bis 20 | Branche: Schreinerei- & Holzbaubetriebe | Rechtsform: Gesellschaft mit beschränkter Haftung'),
('ed11b686-91f4-484c-b9ad-21e38c0f3bdd', '4d89223d-dc4f-4d86-9d14-d67d18a3a15f', 'KALTAKQUISE', 'ACTIVE', 0, 'Funktion: Geschäftsführer/in (CEO) | Mitarbeiter: 1 bis 10 | Branche: Gartenbau & -pflege'),
('2a8e38fa-c473-4d70-a196-9ba5e4b0087c', '3e2dc7d7-da75-4983-be95-2ee5a3816e31', 'KALTAKQUISE', 'ACTIVE', 0, 'Funktion: Geschäftsführer/in (CEO) | Mitarbeiter: 1 bis 10 | Branche: Sanitär & Haustechnik | Rechtsform: Aktiengesellschaft'),
('659a0943-b083-475b-bf58-c356d29f34ff', 'fded4217-e0eb-4cf8-a889-10617d99d64c', 'KALTAKQUISE', 'ACTIVE', 0, 'Funktion: Geschäftsführer/in (CEO) | Mitarbeiter: 1 bis 10 | Branche: Immobilienverwaltung / Immobilienvermittlung | Rechtsform: Aktiengesellschaft'),
('b02e6d66-5e46-45f7-b2ef-9ac016a30a1d', 'd89afcc5-e882-4064-9aa1-bb075db33e20', 'KALTAKQUISE', 'ACTIVE', 0, 'Funktion: Geschäftsführer/in (CEO) | Mitarbeiter: 1 bis 10 | Branche: Sanitär & Haustechnik / Solar & Photovoltaik | Rechtsform: Gesellschaft mit beschränkter Haftung'),
('f05b33e8-1097-42c9-9cf6-c9ff28b97cf8', '110f8514-8450-446d-ac86-3f38824101d0', 'KALTAKQUISE', 'ACTIVE', 0, 'Funktion: Geschäftsführer/in (CEO) | Mitarbeiter: 51 bis 100 | Branche: Medizintechnik-Industrie | Rechtsform: Aktiengesellschaft'),
('64088ce7-0713-4ce7-b672-17ec3c2a6951', 'fdc50907-e9a4-4608-af78-17f77ff12d56', 'KALTAKQUISE', 'ACTIVE', 0, 'Funktion: Geschäftsführer/in (CEO) | Mitarbeiter: 11 bis 20 | Branche: Kunststoffindustrie | Rechtsform: Aktiengesellschaft'),
('839d3ea0-260c-4668-bf26-fd05d659bcfe', '5b5e8058-cb29-4910-bdbf-63a5da2145c6', 'KALTAKQUISE', 'ACTIVE', 0, 'Funktion: Geschäftsführer/in (CEO) | Mitarbeiter: 1 bis 10 | Branche: Bau- & Projektmanagement / General- & Totalunternehmungen / Immobilienprojektentwicklung / Bauherrenvertretung | Rechtsform: Aktiengesellschaft'),
('4dd31757-2f66-4c07-82b8-856deda6a1d0', 'fd4a7679-f07f-458e-9c2b-54f117f4e432', 'KALTAKQUISE', 'ACTIVE', 0, 'Funktion: Geschäftsführer/in (CEO) | Mitarbeiter: 1 bis 10 | Branche: Sanitär & Haustechnik | Rechtsform: Gesellschaft mit beschränkter Haftung'),
('3ef5cad7-3e2c-4797-85b8-0472c5c15705', 'dd1d3e37-486b-4df9-b5d1-91fea8b66b89', 'KALTAKQUISE', 'ACTIVE', 0, 'Funktion: Geschäftsführer/in (CEO) | Mitarbeiter: 1 bis 10 | Branche: Schreinerei- & Holzbaubetriebe | Rechtsform: Aktiengesellschaft'),
('de96fc7e-61da-4a1e-8eb7-795e72c5389a', '488f34d5-0e94-4d84-80f7-14027afb040b', 'KALTAKQUISE', 'ACTIVE', 0, 'Funktion: Geschäftsführer/in (CEO) | Mitarbeiter: 1 bis 10 | Branche: Online Shops | Rechtsform: Aktiengesellschaft'),
('231d5397-fde9-4ea9-a7f3-4dd0ab2163e6', 'cc6fc9ed-d2a1-40cd-9c42-3e6dfb6fcc5c', 'KALTAKQUISE', 'ACTIVE', 0, 'Funktion: Geschäftsführer/in (CEO) | Mitarbeiter: 1 bis 10 | Branche: Architekturbüros | Rechtsform: Aktiengesellschaft'),
('db1747ad-af60-4771-bbeb-42c2b8c380d2', 'dcffa906-d819-4e7e-b811-acad3cc9f068', 'KALTAKQUISE', 'ACTIVE', 0, 'Funktion: Geschäftsführer/in (CEO) | Mitarbeiter: 21 bis 50 | Branche: Baugeschäfte | Rechtsform: Aktiengesellschaft'),
('20fe8136-6115-4255-a954-7057ce1ae5ca', '7d0286f1-d10b-41db-8bdc-fc4cff2d19c4', 'KALTAKQUISE', 'ACTIVE', 0, 'Funktion: Geschäftsführer/in (CEO) | Mitarbeiter: 1 bis 10 | Branche: Architekturbüros | Rechtsform: Gesellschaft mit beschränkter Haftung'),
('0ff8edaa-8f04-4436-9dd8-daf7f1b6e93c', 'bea1960e-dc68-4281-b86c-441660ebe6a6', 'KALTAKQUISE', 'ACTIVE', 0, 'Funktion: Geschäftsführer/in (CEO) | Mitarbeiter: 1 bis 10 | Branche: Museum & Theater | Rechtsform: Stiftung'),
('dcc3abb1-0eb3-4037-9a6a-252d898cbd37', '5587df9e-0607-4163-8882-d96f2c1631a5', 'KALTAKQUISE', 'ACTIVE', 0, 'Funktion: Geschäftsführer/in (CEO) | Mitarbeiter: 1 bis 10 | Branche: Metallbauer | Rechtsform: Aktiengesellschaft'),
('7485b0b6-342d-4c9e-bc6a-1024f83b142e', 'b37db8a1-7f1c-4f91-b4d5-5f2e2f47c3f3', 'KALTAKQUISE', 'ACTIVE', 0, 'Funktion: Geschäftsführer/in (CEO) | Mitarbeiter: 1 bis 10 | Branche: Boden- & Plattenleger'),
('662f106b-b8a4-4591-9296-5c8db61f085e', 'e5e0283c-3bad-4eb4-9458-bb002bedd645', 'KALTAKQUISE', 'ACTIVE', 0, 'Funktion: Geschäftsführer/in (CEO) | Mitarbeiter: 1 bis 10 | Branche: Fitnessstudios | Rechtsform: Aktiengesellschaft'),
('b07259f7-af5d-4c51-a472-3e3c0916b439', 'f0ee7a53-dad3-4409-93a3-1e60a30eb6e4', 'KALTAKQUISE', 'ACTIVE', 0, 'Funktion: Geschäftsführer/in (CEO) | Mitarbeiter: 1 bis 10 | Branche: Sanitär & Haustechnik | Rechtsform: Einzelunternehmen'),
('c51739ec-ef32-45bc-85e5-ef53bde2720e', '04c819f4-4ed4-4f92-9d31-5ab971559e72', 'KALTAKQUISE', 'ACTIVE', 0, 'Funktion: Geschäftsführer/in (CEO) | Mitarbeiter: 21 bis 50 | Branche: Divers | Rechtsform: Aktiengesellschaft'),
('56dcdc50-64b2-4c12-9315-57d39f62d567', 'd1883c8c-8afa-4217-a5a5-57090e042b8e', 'KALTAKQUISE', 'ACTIVE', 0, 'Funktion: Geschäftsführer/in (CEO) | Mitarbeiter: 11 bis 20 | Branche: Personalvermittler & -berater | Rechtsform: Gesellschaft mit beschränkter Haftung'),
('52567af1-c3e6-4c9d-a5cc-c76adcc5648f', 'c1c6d5ba-381b-4ab6-b331-8baab6dae398', 'KALTAKQUISE', 'ACTIVE', 0, 'Funktion: Geschäftsführer/in (CEO) | Mitarbeiter: 1 bis 10 | Branche: Chemieindustrie | Rechtsform: Ausländische Niederlassung im Handelsregister eingetragen'),
('cce312f0-1eed-4c2b-9430-3e161855c1eb', '2bc9f34a-d932-4bad-a5d1-4df25648d307', 'KALTAKQUISE', 'ACTIVE', 0, 'Funktion: Geschäftsführer/in (CEO) | Mitarbeiter: 1 bis 10 | Branche: Facility Management & Reinigungsfirmen'),
('1b34ccaf-1639-4ef0-a8d9-262f6e579888', '6beaca24-cdbf-467e-91ce-95c4a5933de7', 'KALTAKQUISE', 'ACTIVE', 0, 'Funktion: Geschäftsführer/in (CEO) | Mitarbeiter: 21 bis 50 | Branche: Baugeschäfte | Rechtsform: Aktiengesellschaft'),
('fdac4d94-22a4-429c-b594-68967515f6a4', 'd63c98a9-0e48-4ceb-b148-2f4a0cfee3ee', 'KALTAKQUISE', 'ACTIVE', 0, 'Funktion: Geschäftsführer/in (CEO) | Mitarbeiter: 1 bis 10 | Branche: Treuhandbüros / Versicherungsbroker & -makler | Rechtsform: Aktiengesellschaft'),
('550b9d97-d988-487b-90d0-146f07d06cf4', 'bc6faa8e-7ca8-441c-88af-c0ed596bd823', 'KALTAKQUISE', 'ACTIVE', 0, 'Funktion: Geschäftsführer/in (CEO) | Mitarbeiter: 1 bis 10 | Branche: Call Centers'),
('92dec482-5fc3-442b-b4de-80474d7deb33', '55608fd8-3ecf-4455-88c4-cd77daa0eebe', 'KALTAKQUISE', 'ACTIVE', 0, 'Funktion: Geschäftsführer/in (CEO) | Mitarbeiter: 11 bis 20 | Branche: Elektroplanung & Installation | Rechtsform: Gesellschaft mit beschränkter Haftung'),
('d912a721-f769-45ba-9278-d0fdbf3823bf', '582f10f9-cbad-46a9-92d1-9baa5df90396', 'KALTAKQUISE', 'ACTIVE', 0, 'Funktion: Geschäftsführer/in (CEO) | Mitarbeiter: 11 bis 20 | Branche: Elektroindustrie / Metallbauer | Rechtsform: Kollektivgesellschaft'),
('94a7c88c-63af-415a-ac73-c92f80cc48f0', 'ea93619f-c188-4515-8135-046492ef2110', 'KALTAKQUISE', 'ACTIVE', 0, 'Funktion: Geschäftsführer/in (CEO) | Mitarbeiter: 1 bis 10 | Branche: Immobilienverwaltung / Immobilienvermittlung | Rechtsform: Gesellschaft mit beschränkter Haftung'),
('23257d08-7b3b-47a7-bc4f-4d427f18a86e', 'bf901e4d-c267-4204-96c0-07bd61a9fe03', 'KALTAKQUISE', 'ACTIVE', 0, 'Funktion: Geschäftsführer/in (CEO) | Mitarbeiter: 11 bis 20 | Branche: Online Shops / Spielwaren- & Babyfachhandel | Rechtsform: Gesellschaft mit beschränkter Haftung'),
('ece2da76-8fbd-49dc-b4fc-c13007d81649', 'c48af99a-06d6-43c8-b610-531beb5eab44', 'KALTAKQUISE', 'ACTIVE', 0, 'Funktion: Geschäftsführer/in (CEO) | Mitarbeiter: 1 bis 10 | Branche: Sanitär & Haustechnik | Rechtsform: Gesellschaft mit beschränkter Haftung'),
('4afc372e-28de-4e79-8f27-24339e2b121f', '70197fba-5bc4-43b0-b0c2-73eb8189049b', 'KALTAKQUISE', 'ACTIVE', 0, 'Funktion: Geschäftsführer/in (CEO) | Mitarbeiter: 1 bis 10 | Branche: Facility Management & Reinigungsfirmen'),
('51b962bd-93ee-4203-a520-05ebb414b9dc', '45fbb18a-d433-492d-aa6f-ccd3131314df', 'KALTAKQUISE', 'ACTIVE', 0, 'Funktion: Geschäftsführer/in (CEO) | Mitarbeiter: 1 bis 10 | Branche: Immobilienverwaltung / Immobilienvermittlung | Rechtsform: Aktiengesellschaft'),
('3c30fa2c-84fa-4ebf-9b64-0f0b8c7ae0c6', '278c5a4d-9003-45f5-a140-46df3919d645', 'KALTAKQUISE', 'ACTIVE', 0, 'Funktion: Geschäftsführer/in (CEO) | Mitarbeiter: 1 bis 10 | Branche: Garagen | Rechtsform: Gesellschaft mit beschränkter Haftung'),
('67a5cc61-7a43-4f5b-93f2-09ae646de4b8', '17db2ec5-8c43-4b64-b527-f0ef5f6b05d5', 'KALTAKQUISE', 'ACTIVE', 0, 'Funktion: Geschäftsführer/in (CEO) | Mitarbeiter: 1 bis 10 | Branche: Detailhandel - Food & Getränke | Rechtsform: Aktiengesellschaft'),
('bd5199dd-0b07-4c14-ac78-e7c6a0df4c50', '634d8ebb-ea64-4af1-bc8f-1bd2f373c183', 'KALTAKQUISE', 'ACTIVE', 0, 'Funktion: Geschäftsführer/in (CEO) | Mitarbeiter: 1 bis 10 | Branche: Getränkeindustrie | Rechtsform: Aktiengesellschaft'),
('9e140e68-41e4-4284-8d34-baa35c83442a', 'a98a381e-44d2-4f92-b472-45d51ee7df50', 'KALTAKQUISE', 'ACTIVE', 0, 'Funktion: Inhaber/in (Owner/Founder) | Mitarbeiter: 1 bis 10 | Branche: Schreinerei- & Holzbaubetriebe'),
('931ba314-99e9-400f-b9a4-d63e5439c96e', '757f057d-e70e-439b-ab75-b64429448096', 'KALTAKQUISE', 'ACTIVE', 0, 'Funktion: Geschäftsführer/in (CEO) | Mitarbeiter: 1 bis 10 | Branche: Gartenbau & -pflege | Rechtsform: Gesellschaft mit beschränkter Haftung'),
('254d30e2-9bd1-4a75-aa8f-bb8a6a81498b', '5b3ca943-3e69-4092-9a1b-e472f33c214c', 'KALTAKQUISE', 'ACTIVE', 0, 'Funktion: Geschäftsführer/in (CEO) | Mitarbeiter: 1 bis 10 | Branche: Architekturbüros | Rechtsform: Gesellschaft mit beschränkter Haftung'),
('9d80ebb9-29f4-4c5c-960f-01434d34a5b1', 'c66e761e-bf16-4452-9bf1-1f586c85b2c5', 'KALTAKQUISE', 'ACTIVE', 0, 'Funktion: Geschäftsführer/in (CEO) | Mitarbeiter: 1 bis 10 | Branche: Textil- & Möbelindustrie | Rechtsform: Einzelunternehmen'),
('6bc3750f-2b01-4909-9fff-3ba7d8f65b4a', '9455ac5a-9640-4f9f-ba4f-c5b334a8afb3', 'KALTAKQUISE', 'ACTIVE', 0, 'Funktion: Geschäftsführer/in (CEO) | Mitarbeiter: 21 bis 50 | Branche: Online Shops | Rechtsform: Aktiengesellschaft'),
('3f90931f-d35f-4d02-af1d-4e9086b8465e', '2b0ef31f-7236-4d5b-b5a2-0a41ab504fb6', 'KALTAKQUISE', 'ACTIVE', 0, 'Funktion: Geschäftsführer/in (CEO) | Mitarbeiter: 1 bis 10 | Branche: Lebensmittelverarbeitung | Rechtsform: Gesellschaft mit beschränkter Haftung'),
('ca8a1a37-8f7f-478d-a846-fb892423f18b', 'dd7e4362-a792-458b-ac51-39a030d7dd70', 'KALTAKQUISE', 'ACTIVE', 0, 'Funktion: Geschäftsführer/in (CEO) | Mitarbeiter: 11 bis 20 | Branche: Schreinerei- & Holzbaubetriebe | Rechtsform: Aktiengesellschaft'),
('3c315790-d3b9-48cd-93f4-680efd084b39', 'd30f2678-b7b9-4e78-b2ab-e9910e460d31', 'KALTAKQUISE', 'ACTIVE', 0, 'Funktion: Geschäftsführer/in (CEO) | Mitarbeiter: 1 bis 10 | Branche: Boden- & Plattenleger'),
('34d2fc7e-2eba-4ab0-addf-da83b6fe9212', '8625f11a-5aec-4709-a7f7-cedaaabea01a', 'KALTAKQUISE', 'ACTIVE', 0, 'Funktion: Geschäftsführer/in (CEO) | Mitarbeiter: 11 bis 20 | Branche: Gartenbau & -pflege'),
('473dbe0e-ae02-437f-bbd2-456a3c3532af', '75ec23e2-146a-4f08-a438-4ffb7d0f4998', 'KALTAKQUISE', 'ACTIVE', 0, 'Funktion: Geschäftsführer/in (CEO) | Mitarbeiter: 1 bis 10 | Branche: Boden- & Plattenleger'),
('21914bbc-c097-413c-83d1-eb542a84624a', '4cb2e006-c352-48e4-8078-627deb8b0e0d', 'KALTAKQUISE', 'ACTIVE', 0, 'Funktion: Geschäftsführer/in (CEO) | Mitarbeiter: 1 bis 10 | Branche: Maschinenbauindustrie | Rechtsform: Einzelunternehmen'),
('24fdc832-87b0-4d40-b644-763677adaaf8', '0d6c9391-3c44-47f9-ad27-dafccb36c985', 'KALTAKQUISE', 'ACTIVE', 0, 'Funktion: Geschäftsführer/in (CEO) | Mitarbeiter: 1 bis 10 | Branche: Lebensmittelverarbeitung | Rechtsform: Einzelunternehmen'),
('402bcd9a-cb91-4e91-a2d7-f64d95723ba7', '0f0bc74c-842d-4878-8e6a-069b85def357', 'KALTAKQUISE', 'ACTIVE', 0, 'Funktion: Geschäftsführer/in (CEO) | Mitarbeiter: 1 bis 10 | Branche: Medizintechnik-Industrie | Rechtsform: Gesellschaft mit beschränkter Haftung'),
('7ce60b40-49a5-4888-962c-6dbf7280fd8b', 'd3ceacc8-1ab1-4c55-9d75-9a19950b272f', 'KALTAKQUISE', 'ACTIVE', 0, 'Funktion: Geschäftsführer/in (CEO) | Mitarbeiter: 1 bis 10 | Branche: Architekturbüros | Rechtsform: Einzelunternehmen'),
('1a448ca2-c6a8-4f75-8caf-cc3dce912368', '313785a4-28cb-4f60-b346-e5bd72d6b6e6', 'KALTAKQUISE', 'ACTIVE', 0, 'Funktion: Geschäftsführer/in (CEO) | Mitarbeiter: 1 bis 10 | Branche: Maler- & Gipsergeschäfte | Rechtsform: Gesellschaft mit beschränkter Haftung'),
('0567f2c7-0783-40ed-ae97-b25b46bbfcb7', 'd08e19a6-dc1f-411b-90bf-5692ace87956', 'KALTAKQUISE', 'ACTIVE', 0, 'Funktion: Geschäftsführer/in (CEO) | Mitarbeiter: 1 bis 10 | Branche: Schreinerei- & Holzbaubetriebe'),
('7203a1bf-80b7-420c-9354-07cafa0933e6', 'ffcec76a-9118-4ab4-899c-b90af5f3a2b7', 'KALTAKQUISE', 'ACTIVE', 0, 'Funktion: Geschäftsführer/in (CEO) | Mitarbeiter: 1 bis 10 | Branche: Immobilienverwaltung / Immobilienvermittlung | Rechtsform: Aktiengesellschaft'),
('3d234312-fa3e-469f-8c6a-9eedf73ef962', 'eddb53c1-c337-4cf3-a510-ea2876682ec7', 'KALTAKQUISE', 'ACTIVE', 0, 'Funktion: Geschäftsführer/in (CEO) | Mitarbeiter: 1 bis 10 | Branche: Sanitär & Haustechnik'),
('1980e186-0ae6-4964-bf5a-27744299bbcb', 'f5b6d7f8-e3cc-4544-bef8-38c0f4fb0d51', 'KALTAKQUISE', 'ACTIVE', 0, 'Funktion: Inhaber/in (Owner/Founder) | Mitarbeiter: 1 bis 10 | Branche: Schreinerei- & Holzbaubetriebe'),
('591527b2-6b46-463b-994e-4f183d6990e4', '590bb62a-e750-4d14-a230-adf1eb431122', 'KALTAKQUISE', 'ACTIVE', 0, 'Funktion: Geschäftsführer/in (CEO) | Mitarbeiter: 1 bis 10 | Branche: Metallbauer | Rechtsform: Aktiengesellschaft'),
('a4b5f0c2-6acd-4428-9d61-501b82c5e65c', 'fd51bd98-757a-4674-bb5f-267dffaa68e3', 'KALTAKQUISE', 'ACTIVE', 0, 'Funktion: Geschäftsführer/in (CEO) | Mitarbeiter: 1 bis 10 | Branche: Entsorgungsindustrie | Rechtsform: Aktiengesellschaft'),
('37fdd3b5-b876-4831-b0cf-78fc07ae55de', '1e1b2705-6e4c-4be6-972a-5ef7c9fd80bd', 'KALTAKQUISE', 'ACTIVE', 0, 'Funktion: Geschäftsführer/in (CEO) | Mitarbeiter: 1 bis 10 | Branche: Schreinerei- & Holzbaubetriebe'),
('e95e970e-e04b-414f-a408-22c055162c4a', 'c52cb735-ad66-4e19-9a43-3ba4b018fb75', 'KALTAKQUISE', 'ACTIVE', 0, 'Funktion: Geschäftsführer/in (CEO) | Mitarbeiter: 1 bis 10 | Branche: Schreinerei- & Holzbaubetriebe'),
('e41d024b-ff44-40d0-8ce7-99dffb1360c3', 'bf43a0c7-b9bb-4d09-b9e7-937db8bbe252', 'KALTAKQUISE', 'ACTIVE', 0, 'Funktion: Geschäftsführer/in (CEO) | Mitarbeiter: 1 bis 10 | Branche: Glas-, Keramik-, Stein- & Baustoffindustrie | Rechtsform: Kollektivgesellschaft'),
('af765da4-c77e-4b99-9f8b-8cfd4b9ea3da', '5fede8b0-ce54-43e9-bd8a-c4e32b10f493', 'KALTAKQUISE', 'ACTIVE', 0, 'Funktion: Geschäftsführer/in (CEO) | Mitarbeiter: 1 bis 10 | Branche: Schreinerei- & Holzbaubetriebe'),
('6ff2aef7-6b04-468a-95b8-f782ffeb5924', '2b67e29f-6416-4538-a3e8-861bf40986ed', 'KALTAKQUISE', 'ACTIVE', 0, 'Funktion: Geschäftsführer/in (CEO) | Mitarbeiter: 1 bis 10 | Branche: Maler- & Gipsergeschäfte'),
('c7ab9226-5cf4-4d73-b137-bea5c47f4858', '00161e57-5be5-46df-b343-3f1fa1fae54b', 'KALTAKQUISE', 'ACTIVE', 0, 'Funktion: Geschäftsführer/in (CEO) | Mitarbeiter: 1 bis 10 | Branche: Architekturbüros / Bau- & Projektmanagement / Bauherrenvertretung | Rechtsform: Gesellschaft mit beschränkter Haftung'),
('79fd2f02-3afb-4a88-adc5-f780eac9a537', '30a58c4b-78fd-4d43-8852-47ca476e231a', 'KALTAKQUISE', 'ACTIVE', 0, 'Funktion: Geschäftsführer/in (CEO) | Mitarbeiter: 1 bis 10 | Branche: Maler- & Gipsergeschäfte'),
('3fcb1cd6-79bc-4435-966e-fc87e51c0b6f', '1d65be0f-c470-40c4-89a7-5b1c360239e8', 'KALTAKQUISE', 'ACTIVE', 0, 'Funktion: Tierarzt/In (Eigentum) | Mitarbeiter: 1 bis 10 | Branche: Gartenbau & -pflege'),
('badde13d-784b-4996-b209-c83b9de82d94', '555fde8b-73be-4dab-8bc9-748078ab37bc', 'KALTAKQUISE', 'ACTIVE', 0, 'Funktion: Geschäftsführer/in (CEO) | Mitarbeiter: 1 bis 10 | Branche: Schreinerei- & Holzbaubetriebe'),
('46debb2e-c52c-4968-b221-d034cb5dda98', 'd3aa76e1-59b8-40eb-a92c-c4f001bc568a', 'KALTAKQUISE', 'ACTIVE', 0, 'Funktion: Geschäftsführer/in (CEO) | Mitarbeiter: 11 bis 20 | Branche: Boden- & Plattenleger'),
('2d901571-fd4e-4d18-971f-05dd0aef3d1b', 'b6aea87d-b92c-4a5a-b321-e5e554812a4a', 'KALTAKQUISE', 'ACTIVE', 0, 'Funktion: Geschäftsführer/in (CEO) | Mitarbeiter: 1 bis 10 | Branche: Facility Management & Reinigungsfirmen | Rechtsform: Gesellschaft mit beschränkter Haftung'),
('58f0d28d-5539-458d-8f64-13c131b90e1b', '12af69dc-c390-41cd-b4a5-009431d696dc', 'KALTAKQUISE', 'ACTIVE', 0, 'Funktion: Geschäftsführer/in (CEO) | Mitarbeiter: 1 bis 10 | Branche: Facility Management & Reinigungsfirmen | Rechtsform: Gesellschaft mit beschränkter Haftung'),
('f7ceb26e-9fe7-487a-8108-2b7a96ec65eb', '4d9ac703-6c44-45bd-880b-3221246dfed0', 'KALTAKQUISE', 'ACTIVE', 0, 'Funktion: Geschäftsführer/in (CEO) | Mitarbeiter: 1 bis 10 | Branche: Life-Science-Industrie | Rechtsform: Gesellschaft mit beschränkter Haftung'),
('9c50cdeb-96c3-4122-a345-abf6f1d4caa5', 'ed0d4b64-3d8e-4745-85a5-ce477d70f6f3', 'KALTAKQUISE', 'ACTIVE', 0, 'Funktion: Geschäftsführer/in (CEO) | Mitarbeiter: 1 bis 10 | Branche: Sanitär & Haustechnik / Nachhaltigkeitsbereich | Rechtsform: Gesellschaft mit beschränkter Haftung'),
('3d51537e-14b1-41db-83fa-ad639ddeecd9', '54aca74e-2b44-46a3-ac00-1b4ffa0bfa13', 'KALTAKQUISE', 'ACTIVE', 0, 'Funktion: Geschäftsführer/in (CEO) | Mitarbeiter: 1 bis 10 | Branche: Atem- Meditation- & Yogacenter'),
('4ba478c5-860e-4730-ad65-080245cc9f3d', 'a574c8cc-835b-4a34-b7a3-066ce88949d4', 'KALTAKQUISE', 'ACTIVE', 0, 'Funktion: Geschäftsführer/in (CEO) | Mitarbeiter: 1 bis 10 | Branche: Catering'),
('89d3075b-82e3-4234-afed-035748a10b9a', 'a13a347c-ed3e-40bc-994b-c9fe6fcfb8a1', 'KALTAKQUISE', 'ACTIVE', 0, 'Funktion: Geschäftsführer/in (CEO) | Mitarbeiter: 1 bis 10 | Branche: Restaurants | Rechtsform: Gesellschaft mit beschränkter Haftung'),
('36fb5e08-029e-46a2-b037-f8ad42a9952e', '45ade681-b6a4-42bf-9634-10baf624de6c', 'KALTAKQUISE', 'ACTIVE', 0, 'Funktion: Geschäftsführer/in (CEO) | Mitarbeiter: 1 bis 10 | Branche: Spielwaren- & Babyfachhandel'),
('a71a9ce2-cd1d-4301-b1db-75af2043c38e', '08dab70c-329d-4884-91e0-d2e6fd725b19', 'KALTAKQUISE', 'ACTIVE', 0, 'Funktion: Geschäftsführer/in (CEO) | Mitarbeiter: 11 bis 20 | Branche: Architekturbüros / Bau- & Projektmanagement / General- & Totalunternehmungen / Immobilienvermittlung / Immobilienprojektentwicklung | Rechtsform: Aktiengesellschaft'),
('5832f198-43b8-4ba1-9122-9d4e4ed358a9', 'bf146966-90ba-40c9-a198-a452e84e5531', 'KALTAKQUISE', 'ACTIVE', 0, 'Funktion: Geschäftsführer/in (CEO) | Mitarbeiter: 1 bis 10 | Branche: Baugeschäfte | Rechtsform: Gesellschaft mit beschränkter Haftung'),
('53f4b88e-4a98-454d-a2e5-99df4ed70ce7', '88ad24d1-4bc6-42e8-8695-c0dacf66b9d1', 'KALTAKQUISE', 'ACTIVE', 0, 'Funktion: Geschäftsführer/in (CEO) | Mitarbeiter: 1 bis 10 | Branche: Maschinenbauindustrie / Nachhaltigkeitsbereich / Solar & Photovoltaik | Rechtsform: Aktiengesellschaft'),
('50f8c943-5256-4eb2-8ca3-d8457b8c08e1', '1d687563-e839-4023-b063-0116de8410b9', 'KALTAKQUISE', 'ACTIVE', 0, 'Funktion: Geschäftsführer/in (CEO) | Mitarbeiter: 1 bis 10 | Branche: Architekturbüros | Rechtsform: Gesellschaft mit beschränkter Haftung'),
('b41a021d-9611-46a9-afc8-3bf212a2fc24', 'e0d4b39f-30ad-42d6-8b07-68975b86d445', 'KALTAKQUISE', 'ACTIVE', 0, 'Funktion: Geschäftsführer/in (CEO) | Mitarbeiter: 1 bis 10 | Branche: Bau- & Projektmanagement | Rechtsform: Gesellschaft mit beschränkter Haftung'),
('efc4f05f-a0d1-4ed4-aaad-1ba97ac0d0a1', '99894d49-b97c-4c01-98ad-51d63567d2ce', 'KALTAKQUISE', 'ACTIVE', 0, 'Funktion: Geschäftsführer/in (CEO) | Mitarbeiter: 1 bis 10 | Branche: Boden- & Plattenleger'),
('7a84ed4b-202a-4043-bc73-d3e476f52d14', '65a206b2-6c0c-410e-bb9f-3e3074ceac15', 'KALTAKQUISE', 'ACTIVE', 0, 'Funktion: Geschäftsführer/in (CEO) | Mitarbeiter: 11 bis 20 | Branche: Online Shops | Rechtsform: Gesellschaft mit beschränkter Haftung'),
('6c225437-de5a-496e-8d94-ffefd7025351', '1bbb06bc-c7d9-4500-8bc3-97d2bf78bbd5', 'KALTAKQUISE', 'ACTIVE', 0, 'Funktion: Geschäftsführer/in (CEO) | Mitarbeiter: 1 bis 10 | Branche: Architekturbüros | Rechtsform: Gesellschaft mit beschränkter Haftung'),
('868d7924-81c4-43f2-8388-4f2930400401', '3fe5e47a-ad5e-4fc4-92a8-88cb12038c9f', 'KALTAKQUISE', 'ACTIVE', 0, 'Funktion: Geschäftsführer/in (CEO) | Mitarbeiter: 1 bis 10 | Branche: Werbeagenturen | Rechtsform: Gesellschaft mit beschränkter Haftung'),
('3d65a91b-2c22-452e-af40-8e90fc9506f0', '1d714546-2a8c-4141-9c8f-f22c748843bf', 'KALTAKQUISE', 'ACTIVE', 0, 'Funktion: Geschäftsführer/in (CEO) | Mitarbeiter: 1 bis 10 | Branche: Bauherrenvertretung | Rechtsform: Einzelunternehmen'),
('72d19838-660d-4791-9d22-cc0423dce551', '15fab1e0-43ea-4991-82ef-47aac5a88890', 'KALTAKQUISE', 'ACTIVE', 0, 'Funktion: Geschäftsführer/in (CEO) | Mitarbeiter: 1 bis 10 | Branche: Unternehmensberater'),
('228dd9ad-45c8-470f-87d4-b637870c851a', 'e54dd6b8-8698-4307-8a9d-47f533c4105b', 'KALTAKQUISE', 'ACTIVE', 0, 'Funktion: Geschäftsführer/in (CEO) | Mitarbeiter: 1 bis 10 | Branche: Gartenbau & -pflege | Rechtsform: Aktiengesellschaft'),
('740f8ace-eb8f-417e-9727-75515c874306', '4d573aea-5d78-464f-912a-4fb1173a9b6c', 'KALTAKQUISE', 'ACTIVE', 0, 'Funktion: Geschäftsführer/in (CEO) | Mitarbeiter: 1 bis 10 | Branche: Maler- & Gipsergeschäfte | Rechtsform: Schweizerische Zweigniederlassung'),
('2a4cdf3c-f358-43cd-b2ec-4298f80cea9d', '5a51fc23-82e4-46b1-9ec6-bc7a5f7b795d', 'KALTAKQUISE', 'ACTIVE', 0, 'Funktion: Geschäftsführer/in (CEO) | Mitarbeiter: 1 bis 10 | Branche: Restaurants'),
('148d56d6-e590-4798-b1fe-84ed65d4e9f5', '80cb405b-bded-4838-ad59-b03bf4f2c027', 'KALTAKQUISE', 'ACTIVE', 0, 'Funktion: Geschäftsführer/in (CEO) | Mitarbeiter: 21 bis 50 | Branche: Clubs, Bars & Eventlocations'),
('0ad8fc5b-bede-4fe5-a837-d4ac0de16cc6', '388b38ad-5d25-4f70-9ec5-0b0217adebfd', 'KALTAKQUISE', 'ACTIVE', 0, 'Funktion: Geschäftsführer/in (CEO) | Mitarbeiter: 1 bis 10 | Branche: Getränkeindustrie'),
('87f1219c-3b1e-4ef6-a524-2732ce65c66e', '069ca7af-503a-4cf6-aab5-42763668c3f2', 'KALTAKQUISE', 'ACTIVE', 0, 'Funktion: Geschäftsführer/in (CEO) | Mitarbeiter: Mehr als 500 | Branche: Top 2''000 CH-Unternehmen / Metallbauer | Rechtsform: Aktiengesellschaft'),
('93b723ae-0763-4714-a668-a27e41fabba3', '8c3ca6c1-941b-48b0-81c1-b1558a05a6a6', 'KALTAKQUISE', 'ACTIVE', 0, 'Funktion: Geschäftsführer/in (CEO) | Mitarbeiter: 1 bis 10 | Branche: Boden- & Plattenleger'),
('3d7c66a2-d88c-4f59-81b1-189f312552ea', '37f77366-c155-41d3-ba45-cfb5ef69066b', 'KALTAKQUISE', 'ACTIVE', 0, 'Funktion: Geschäftsführer/in (CEO) | Mitarbeiter: 1 bis 10 | Branche: Online Shops'),
('1f9326fd-8a7a-46b5-a17c-3dfb5c689bf1', 'a0bf199c-6d18-496e-b350-53b3acbe0adf', 'KALTAKQUISE', 'ACTIVE', 0, 'Funktion: Geschäftsführer/in (CEO) | Mitarbeiter: 21 bis 50 | Branche: Online Shops | Rechtsform: Gesellschaft mit beschränkter Haftung'),
('b04f3116-4881-436e-aa15-51b850e95840', 'f9993c67-1f2e-4bd3-a680-09ca1e850e84', 'KALTAKQUISE', 'ACTIVE', 0, 'Funktion: Geschäftsführer/in (CEO) | Mitarbeiter: 1 bis 10 | Branche: Apotheken & Drogerien'),
('27b2fc3b-adac-4577-9ac8-a9286fc1bfdf', '4e29502c-a06d-4b16-ae15-159cb304d40b', 'KALTAKQUISE', 'ACTIVE', 0, 'Funktion: Leitung Schule | Mitarbeiter: 11 bis 20 | Branche: Weiterbildungsinstitute'),
('8efb8c43-a130-48a3-b9d1-acc3560e62e0', '64e31f7f-571c-41d3-b8c1-a3b6386b412a', 'KALTAKQUISE', 'ACTIVE', 0, 'Funktion: Geschäftsführer/in (CEO) | Mitarbeiter: 11 bis 20 | Branche: Werbeagenturen | Rechtsform: Aktiengesellschaft');

INSERT INTO lead_tags (lead_id, tag_id) VALUES
('4a166397-cbb5-4e05-b880-372cba1c5668', 'ka-b2b'),
('3df83324-1dd2-440c-b1f8-8301ba302287', 'ka-b2b'),
('d9489cc8-38e3-4d5a-a888-e3648f5c0899', 'ka-b2b'),
('b31ecb55-de9c-4d8a-86f9-f25dee024542', 'ka-b2b'),
('d9a022a0-5970-4d55-b0c9-fbc3a6d51b69', 'ka-b2b'),
('fec41664-6e7b-4bca-a0d7-f5cb7722d9d8', 'ka-b2b'),
('350ff529-831f-40bf-9813-7a5c48d58ba9', 'ka-b2b'),
('fcc81ef4-85c9-46fc-b1a2-f47d5c593d2a', 'ka-b2b'),
('3a5156d3-eccb-46bb-b605-e6ea41b40ab7', 'ka-b2b'),
('c2145e0c-40ea-4844-8614-8219d9f8f5a6', 'ka-b2b'),
('b696708a-b773-4b4c-9f1e-2e924c3e5bf3', 'ka-b2b'),
('25b698bb-e82c-4d47-9d13-f53899978005', 'ka-b2b'),
('e8b67441-19cd-4e31-9946-342eb157c9f2', 'ka-b2b'),
('9feeb1bb-d1ec-418a-b68b-099afd3367c2', 'ka-b2b'),
('32bfd6a6-a693-4328-b51d-775c4500ffd1', 'ka-b2b'),
('623ab232-ca2a-4495-9969-217983d3f377', 'ka-b2b'),
('229d5fdf-4371-4b8d-8d8a-b6db3325144f', 'ka-b2b'),
('2138f757-e456-4584-8571-bc77892550b4', 'ka-b2b'),
('86006956-82a4-42dc-aad9-db44131b0d10', 'ka-b2b'),
('cc0f1e31-66c4-4633-838f-0197e1895e4f', 'ka-b2b'),
('140ae8e5-b4e5-4927-97ce-720b164afcf8', 'ka-b2b'),
('291da705-c68f-4bcf-be9b-79722e81e5e3', 'ka-b2b'),
('46174c19-99a0-48fe-9685-4b0721ad2ffd', 'ka-b2b'),
('29138487-9bee-4a6f-a679-ba0097303ea3', 'ka-b2b'),
('863732f5-35de-4f5f-90c2-8bb860a72e21', 'ka-b2b'),
('6e961550-9926-40be-989d-b2f929185af8', 'ka-b2b'),
('078756d4-4624-4f87-bc16-504cd3ea725f', 'ka-b2b'),
('75fa90e5-b300-49e0-8315-bccfc692162a', 'ka-b2b'),
('cb4053eb-99da-43d0-a338-56fe67ab1cc3', 'ka-b2b'),
('91898ddc-8b9f-463d-8796-7de18c2ca65b', 'ka-b2b'),
('6a76eec2-e32d-44ec-97fe-412fb9e45bc3', 'ka-b2b'),
('506172b8-45fe-4204-826b-5d916ed440ca', 'ka-b2b'),
('960d99cd-6dbf-4ce4-a4e8-913d57cac2be', 'ka-b2b'),
('46c4eb0b-5e96-4c39-bb11-f145eec73aa9', 'ka-b2b'),
('2e1d5186-32e9-4ece-9731-3336516a4cf9', 'ka-b2b'),
('e57aa941-4d39-42df-92d5-74d1d4ce7fd2', 'ka-b2b'),
('227d4144-f31d-46a7-b58b-4b2815dc225d', 'ka-b2b'),
('5b4e5d8f-c078-4405-9a63-11d91c4b09ec', 'ka-b2b'),
('22d17b42-3e7d-485e-9908-da57f162be99', 'ka-b2b'),
('fa013cae-bf44-4bbe-83a6-33d8da3b2381', 'ka-b2b'),
('20d8d8eb-3481-479e-a003-b684afc21b3e', 'ka-b2b'),
('ca99b4d4-782c-4720-b530-0451a972d311', 'ka-b2b'),
('e0fac8ca-2b44-419d-bd60-ca2206f39f66', 'ka-b2b'),
('b0d9aa02-43a9-4bdc-96f3-626422ea5be3', 'ka-b2b'),
('763de504-23eb-4da0-92d1-fa4ab71dac18', 'ka-b2b'),
('b8cd1132-0fb4-431f-be12-30b63c2f3219', 'ka-b2b'),
('af723d6a-e968-4788-b3a6-d07a8598211f', 'ka-b2b'),
('613167ee-218f-4051-b723-ae2c09ba3106', 'ka-b2b'),
('5cb324a3-359c-4ae9-94af-86a28f02cd55', 'ka-b2b'),
('252f0e64-a212-4604-82bd-211fccabe376', 'ka-b2b'),
('7cc8e80f-e0cb-481b-b259-a0c228c7e94f', 'ka-b2b'),
('cfa765c9-0d29-4436-8dc8-78747cba9865', 'ka-b2b'),
('ec924d48-cdf8-4780-ab86-93e44551eb7c', 'ka-b2b'),
('a1f50e59-28a0-4adf-870c-3a58fa339016', 'ka-b2b'),
('c9b55cba-5a36-4092-b8ef-4a5b214b0a19', 'ka-b2b'),
('0c1f9f60-33ac-42b1-9631-102a4006d577', 'ka-b2b'),
('6c8a0276-df52-4cc3-9d13-f717c4ad01f8', 'ka-b2b'),
('867eee55-0bcf-49fa-8560-bf8694bf0e9b', 'ka-b2b'),
('93ccd53b-a77b-4bfc-9136-ab9c92077c6f', 'ka-b2b'),
('e78a9771-3fe6-4ae0-a99d-3432f0badfd6', 'ka-b2b'),
('0b35dd18-5918-4116-b0f6-d2ddd240f34d', 'ka-b2b'),
('8a6473ee-e7ad-4dcf-a251-16cbd90dac12', 'ka-b2b'),
('662ffa17-5baa-44df-b79e-452def093c2f', 'ka-b2b'),
('dc00f121-0a34-4ad9-88df-1b14ab3e85d7', 'ka-b2b'),
('f8cef881-a150-47d6-8223-5f746731745a', 'ka-b2b'),
('1a643a93-d499-4aef-8f8a-535535a2a81b', 'ka-b2b'),
('171b7002-c3da-41e0-a753-09107d02ff0b', 'ka-b2b'),
('7b4bc70d-0b58-4a62-bb78-754e9f854f47', 'ka-b2b'),
('77ffe4d0-c5b4-4af6-913b-592a1f3eca68', 'ka-b2b'),
('169b4757-179e-4dbb-8c85-25b9365c1a27', 'ka-b2b'),
('b8adf25b-477a-4979-abfd-2f0d9c5bfa2f', 'ka-b2b'),
('8138940f-8de0-42e2-aef2-889dc4af01f0', 'ka-b2b'),
('a2490633-8fac-4188-9101-88180d3d30ca', 'ka-b2b'),
('4927ce11-b433-45a9-8fef-fac7743ccf5c', 'ka-b2b'),
('7104b48a-e30a-42ea-a44c-abcbd185767f', 'ka-b2b'),
('8a310448-0196-481f-bfb2-410aeed38cc0', 'ka-b2b'),
('51f6358d-ccf2-44e8-9a19-1e55de56565c', 'ka-b2b'),
('94bff329-3b82-4642-9974-cbd5f76ce347', 'ka-b2b'),
('7d7b0983-165e-4ad0-b66b-a4d70bc0b4d2', 'ka-b2b'),
('0c0b59b3-a343-48e1-9500-7b0116505bc0', 'ka-b2b'),
('70b37368-01f3-4780-b840-d70baf417633', 'ka-b2b'),
('52e8ae62-c3f9-414b-8d09-540e1f4e3d1a', 'ka-b2b'),
('ed4dbaa4-7037-4974-b7c2-7d85f88158e9', 'ka-b2b'),
('ce189ae9-d58c-44d5-94c5-9d6b1b112d3b', 'ka-b2b'),
('d22f4348-b15b-4b62-acbd-4946c393f5a5', 'ka-b2b'),
('933f96de-e1a7-4d89-aff1-f32e8e3f754b', 'ka-b2b'),
('ba7b659f-ad67-451e-b625-2984495f220b', 'ka-b2b'),
('909f046d-02af-4e87-9139-240c5cca7b08', 'ka-b2b'),
('7f708440-d105-4184-8f81-85eab322fdba', 'ka-b2b'),
('5f4df172-d715-4981-96c3-2622c0169502', 'ka-b2b'),
('e6075ae8-72e5-4530-a2b2-cfcd3955744d', 'ka-b2b'),
('9ff94fb4-1d23-4191-995e-2e03b8476436', 'ka-b2b'),
('6f11f078-0c5b-4b8b-9020-2f7d9418375f', 'ka-b2b'),
('a78f1a59-5b01-476a-ac0b-6ed26106c6ac', 'ka-b2b'),
('87271f7a-b577-45da-804d-0915667f6924', 'ka-b2b'),
('052d023b-588b-4791-a988-a18dd6ba6653', 'ka-b2b'),
('ee3c1067-9c5b-41bd-a443-b559c08746ae', 'ka-b2b'),
('6a7a964e-abff-4ce9-9181-b16738f774d0', 'ka-b2b'),
('4db8ce26-8b0a-460f-aacf-4e174e8ef768', 'ka-b2b'),
('976765d4-38a9-4b1d-a271-79b5c86139d8', 'ka-b2b'),
('21629f06-7188-44e0-b095-3703db1284c7', 'ka-b2b'),
('49d5b57a-6019-4d00-9b10-478ec6715bf5', 'ka-b2b'),
('dec9f70e-19a5-4991-a683-cebae4b3696e', 'ka-b2b'),
('ed11b686-91f4-484c-b9ad-21e38c0f3bdd', 'ka-b2b'),
('2a8e38fa-c473-4d70-a196-9ba5e4b0087c', 'ka-b2b'),
('659a0943-b083-475b-bf58-c356d29f34ff', 'ka-b2b'),
('b02e6d66-5e46-45f7-b2ef-9ac016a30a1d', 'ka-b2b'),
('f05b33e8-1097-42c9-9cf6-c9ff28b97cf8', 'ka-b2b'),
('64088ce7-0713-4ce7-b672-17ec3c2a6951', 'ka-b2b'),
('839d3ea0-260c-4668-bf26-fd05d659bcfe', 'ka-b2b'),
('4dd31757-2f66-4c07-82b8-856deda6a1d0', 'ka-b2b'),
('3ef5cad7-3e2c-4797-85b8-0472c5c15705', 'ka-b2b'),
('de96fc7e-61da-4a1e-8eb7-795e72c5389a', 'ka-b2b'),
('231d5397-fde9-4ea9-a7f3-4dd0ab2163e6', 'ka-b2b'),
('db1747ad-af60-4771-bbeb-42c2b8c380d2', 'ka-b2b'),
('20fe8136-6115-4255-a954-7057ce1ae5ca', 'ka-b2b'),
('0ff8edaa-8f04-4436-9dd8-daf7f1b6e93c', 'ka-b2b'),
('dcc3abb1-0eb3-4037-9a6a-252d898cbd37', 'ka-b2b'),
('7485b0b6-342d-4c9e-bc6a-1024f83b142e', 'ka-b2b'),
('662f106b-b8a4-4591-9296-5c8db61f085e', 'ka-b2b'),
('b07259f7-af5d-4c51-a472-3e3c0916b439', 'ka-b2b'),
('c51739ec-ef32-45bc-85e5-ef53bde2720e', 'ka-b2b'),
('56dcdc50-64b2-4c12-9315-57d39f62d567', 'ka-b2b'),
('52567af1-c3e6-4c9d-a5cc-c76adcc5648f', 'ka-b2b'),
('cce312f0-1eed-4c2b-9430-3e161855c1eb', 'ka-b2b'),
('1b34ccaf-1639-4ef0-a8d9-262f6e579888', 'ka-b2b'),
('fdac4d94-22a4-429c-b594-68967515f6a4', 'ka-b2b'),
('550b9d97-d988-487b-90d0-146f07d06cf4', 'ka-b2b'),
('92dec482-5fc3-442b-b4de-80474d7deb33', 'ka-b2b'),
('d912a721-f769-45ba-9278-d0fdbf3823bf', 'ka-b2b'),
('94a7c88c-63af-415a-ac73-c92f80cc48f0', 'ka-b2b'),
('23257d08-7b3b-47a7-bc4f-4d427f18a86e', 'ka-b2b'),
('ece2da76-8fbd-49dc-b4fc-c13007d81649', 'ka-b2b'),
('4afc372e-28de-4e79-8f27-24339e2b121f', 'ka-b2b'),
('51b962bd-93ee-4203-a520-05ebb414b9dc', 'ka-b2b'),
('3c30fa2c-84fa-4ebf-9b64-0f0b8c7ae0c6', 'ka-b2b'),
('67a5cc61-7a43-4f5b-93f2-09ae646de4b8', 'ka-b2b'),
('bd5199dd-0b07-4c14-ac78-e7c6a0df4c50', 'ka-b2b'),
('9e140e68-41e4-4284-8d34-baa35c83442a', 'ka-b2b'),
('931ba314-99e9-400f-b9a4-d63e5439c96e', 'ka-b2b'),
('254d30e2-9bd1-4a75-aa8f-bb8a6a81498b', 'ka-b2b'),
('9d80ebb9-29f4-4c5c-960f-01434d34a5b1', 'ka-b2b'),
('6bc3750f-2b01-4909-9fff-3ba7d8f65b4a', 'ka-b2b'),
('3f90931f-d35f-4d02-af1d-4e9086b8465e', 'ka-b2b'),
('ca8a1a37-8f7f-478d-a846-fb892423f18b', 'ka-b2b'),
('3c315790-d3b9-48cd-93f4-680efd084b39', 'ka-b2b'),
('34d2fc7e-2eba-4ab0-addf-da83b6fe9212', 'ka-b2b'),
('473dbe0e-ae02-437f-bbd2-456a3c3532af', 'ka-b2b'),
('21914bbc-c097-413c-83d1-eb542a84624a', 'ka-b2b'),
('24fdc832-87b0-4d40-b644-763677adaaf8', 'ka-b2b'),
('402bcd9a-cb91-4e91-a2d7-f64d95723ba7', 'ka-b2b'),
('7ce60b40-49a5-4888-962c-6dbf7280fd8b', 'ka-b2b'),
('1a448ca2-c6a8-4f75-8caf-cc3dce912368', 'ka-b2b'),
('0567f2c7-0783-40ed-ae97-b25b46bbfcb7', 'ka-b2b'),
('7203a1bf-80b7-420c-9354-07cafa0933e6', 'ka-b2b'),
('3d234312-fa3e-469f-8c6a-9eedf73ef962', 'ka-b2b'),
('1980e186-0ae6-4964-bf5a-27744299bbcb', 'ka-b2b'),
('591527b2-6b46-463b-994e-4f183d6990e4', 'ka-b2b'),
('a4b5f0c2-6acd-4428-9d61-501b82c5e65c', 'ka-b2b'),
('37fdd3b5-b876-4831-b0cf-78fc07ae55de', 'ka-b2b'),
('e95e970e-e04b-414f-a408-22c055162c4a', 'ka-b2b'),
('e41d024b-ff44-40d0-8ce7-99dffb1360c3', 'ka-b2b'),
('af765da4-c77e-4b99-9f8b-8cfd4b9ea3da', 'ka-b2b'),
('6ff2aef7-6b04-468a-95b8-f782ffeb5924', 'ka-b2b'),
('c7ab9226-5cf4-4d73-b137-bea5c47f4858', 'ka-b2b'),
('79fd2f02-3afb-4a88-adc5-f780eac9a537', 'ka-b2b'),
('3fcb1cd6-79bc-4435-966e-fc87e51c0b6f', 'ka-b2b'),
('badde13d-784b-4996-b209-c83b9de82d94', 'ka-b2b'),
('46debb2e-c52c-4968-b221-d034cb5dda98', 'ka-b2b'),
('2d901571-fd4e-4d18-971f-05dd0aef3d1b', 'ka-b2b'),
('58f0d28d-5539-458d-8f64-13c131b90e1b', 'ka-b2b'),
('f7ceb26e-9fe7-487a-8108-2b7a96ec65eb', 'ka-b2b'),
('9c50cdeb-96c3-4122-a345-abf6f1d4caa5', 'ka-b2b'),
('3d51537e-14b1-41db-83fa-ad639ddeecd9', 'ka-b2b'),
('4ba478c5-860e-4730-ad65-080245cc9f3d', 'ka-b2b'),
('89d3075b-82e3-4234-afed-035748a10b9a', 'ka-b2b'),
('36fb5e08-029e-46a2-b037-f8ad42a9952e', 'ka-b2b'),
('a71a9ce2-cd1d-4301-b1db-75af2043c38e', 'ka-b2b'),
('5832f198-43b8-4ba1-9122-9d4e4ed358a9', 'ka-b2b'),
('53f4b88e-4a98-454d-a2e5-99df4ed70ce7', 'ka-b2b'),
('50f8c943-5256-4eb2-8ca3-d8457b8c08e1', 'ka-b2b'),
('b41a021d-9611-46a9-afc8-3bf212a2fc24', 'ka-b2b'),
('efc4f05f-a0d1-4ed4-aaad-1ba97ac0d0a1', 'ka-b2b'),
('7a84ed4b-202a-4043-bc73-d3e476f52d14', 'ka-b2b'),
('6c225437-de5a-496e-8d94-ffefd7025351', 'ka-b2b'),
('868d7924-81c4-43f2-8388-4f2930400401', 'ka-b2b'),
('3d65a91b-2c22-452e-af40-8e90fc9506f0', 'ka-b2b'),
('72d19838-660d-4791-9d22-cc0423dce551', 'ka-b2b'),
('228dd9ad-45c8-470f-87d4-b637870c851a', 'ka-b2b'),
('740f8ace-eb8f-417e-9727-75515c874306', 'ka-b2b'),
('2a4cdf3c-f358-43cd-b2ec-4298f80cea9d', 'ka-b2b'),
('148d56d6-e590-4798-b1fe-84ed65d4e9f5', 'ka-b2b'),
('0ad8fc5b-bede-4fe5-a837-d4ac0de16cc6', 'ka-b2b'),
('87f1219c-3b1e-4ef6-a524-2732ce65c66e', 'ka-b2b'),
('93b723ae-0763-4714-a668-a27e41fabba3', 'ka-b2b'),
('3d7c66a2-d88c-4f59-81b1-189f312552ea', 'ka-b2b'),
('1f9326fd-8a7a-46b5-a17c-3dfb5c689bf1', 'ka-b2b'),
('b04f3116-4881-436e-aa15-51b850e95840', 'ka-b2b'),
('27b2fc3b-adac-4577-9ac8-a9286fc1bfdf', 'ka-b2b'),
('8efb8c43-a130-48a3-b9d1-acc3560e62e0', 'ka-b2b');
