-- Batch 448 (200 records)
INSERT INTO contacts (id, first_name, last_name, email, phone, company, address) VALUES
('65036783-845a-4962-88d7-e79e25f05390', 'Lucas', 'Meier', 'lucas@traberkaese.ch', '071 931 11 88', 'Traber Kaese AG', 'Seefeldstrasse 10, 9533 Kirchberg, St. Gallen'),
('a3607c77-db93-43ec-ac16-7a344a6210b4', 'Jason', 'Hegetschweiler', 'hello@trace-creative.ch', '043 543 21 30', 'Trace Creative LLC', 'Grundstrasse 10, 6343 Rotkreuz, Zug'),
('6f43251b-2cf9-468a-9a59-9c2e1ead0209', 'Ivano', 'Brignoli', 'info@tracenet.ch', '044 762 40 80', 'TRACEnet AG', 'Zürichstrasse 151, 8910 Affoltern am Albis, Zürich'),
('7eee33e0-5af0-46e4-b6e6-54f1607dd24e', 'Valentin', 'Jenni', 'valentin.jenni@schubigerag.ch', '041 248 71 51', 'Trachsel AG Bauingenieure', 'Hirschengraben 33a, 6000 Luzern, Luzern'),
('ec775dce-5fc7-4e96-8254-3628c1c1029c', 'Marcel', 'Trachsel', 'trachselholz@hotmail.com', '079 210 71 86', 'Trachsel Holzbau GmbH', 'Stationsweg 4, 3646 Einigen, Bern'),
('68f88b00-2ac6-4481-b343-8b881d562e15', 'Bernadette', 'Trachsel', 'info@immo-trachsel.ch', '077 473 89 23', 'Trachsel Immobilien und Treuhand GmbH', 'Ilgematte 4, 6218 Ettiswil, Luzern'),
('3130fe21-5e6e-465f-909f-b2c5eca314b2', 'Andreas', 'Trachsel', 'info@tm-gmbh.ch', '044 764 03 55', 'Trachsel Metallbau GmbH', 'Industriestrasse 17, 8910 Affoltern am Albis, Zürich'),
('44a491a6-fc8b-4d62-9d4c-5add8d5182e5', 'Patrick', 'Beyeler', 'patrick.beyeler@tsp-architekten.ch', '031 378 79 72', 'Trachsel Steiner + Partner AG', 'Seftigenstrasse 41, 3007 Bern, Bern'),
('d567d5b2-6191-4364-b65c-aa1b06baa2d8', 'Thomas', 'Trachsel', 'tt@trachsel-holzbau.ch', '079 501 26 92', 'Trachsel Th. Holzbau GmbH', 'Dorf 67b, 3434 Landiswil, Bern'),
('75395d3d-192a-4d85-bf48-40e0a441768b', 'René', 'Trachsel', 'r.trachsel@tzarch.ch', '033 439 50 00', 'Trachsel Zeltner Architekten AG', 'Schlossmattstrasse 12, 3600 Thun, Bern'),
('d7ac1066-a71a-47f7-9c57-7d2a36a00e7a', 'Philipp', 'Trachsler', 'trachsler@trachsler-treuhand.ch', '079 356 69 75', 'Trachsler Treuhand', 'Chamerstrasse 68f, 6300 Zug, Zug'),
('b4d2cc97-9aaf-4fff-83cd-480de17de9c2', 'Bernadette', 'Risi', 'risi-schlienger@bluewin.ch', '041 620 03 78', 'Trachtenhaus', 'Obere Aaastrasse, 6374 Buochs, Nidwalden'),
('e82c2da7-3fd7-43f4-bc97-5c3a595b6ef2', 'Stefano', 'Mason', 'info@tracker.com', '043 543 43 00', 'Tracker.ch AG', 'Webereistrasse 47, 8134 Adliswil, Zürich'),
('66264a0f-2149-45b7-b1ff-6e69f1e865ee', 'Adrian', 'Berger', 'info@tracopower.com', '043 311 45 11', 'Traco Electronic Company Limited', 'Sihlbruggstrasse 111, 6340 Baar, Zug'),
('b1d152c4-53b1-4db8-acdf-056791a292bd', 'Timotheus', 'Hofmeister', 'info@tracto.com', '079 820 38 97', 'TRACTO-TECHNIK Schweiz AG', 'Industriestrasse 4, 8360 Eschlikon, Thurgau'),
('eddc0b3c-d54b-4925-b37d-520fa49c3557', 'Arben', 'Dautaj', 'info@webtrade365.ch', '043 883 94 83', 'Trade 365 GmbH', 'Max-Högger-Strasse 6, 8048 Zürich, Zürich'),
('abef67dd-300c-4e1b-8c56-6dc89e615a6e', 'Anne', 'Brägger', 'anne@braegger.net', '044 786 86 76', 'Trade it AG', 'Firststrasse 15, 8835 Feusisberg, Schwyz'),
('bd3d6486-f8e8-41d6-89a3-8b99f9b3e237', 'Markus', 'Wanner', 'markus.wanner@tm-i.ch', '058 822 86 86', 'Trade Marketing Intelligence AG', 'Binzmühlestrasse 170d, 8050 Zürich, Zürich'),
('5d551815-7cf4-41a9-9310-906b6f8fdb82', 'Simone', 'Keller', 'info@tradeby.ch', 'N.a.', 'TradeBy AG', 'Moosweg 8, 8500 Frauenfeld, Thurgau'),
('c34f2e0b-fb04-4fc2-bb7d-5faf68c4db3a', 'Benjamin', 'James', 'info@tp24.ch', '044 576 94 48', 'Tradeplus24 AG', 'Gerbergasse 5, 8001 Zürich, Zürich'),
('6913bc6e-e53d-4a9d-8c03-29c2add116b6', 'Daniel', 'Latsch', 'daniel.latsch@tradeum.ch', '079 339 18 37', 'Tradeum GmbH', 'Bundesplatz 9, 6300 Zug, Zug'),
('4356f8da-7338-407d-8cfc-dd6a1fc71415', 'Eldino', 'Capuzzi', 'mail@tradingzone.ch', '044 833 33 55', 'Tradingzone AG', 'Allmendstrasse 2, 8105 Regensdorf, Zürich'),
('b021bbdc-ea52-4190-a36a-9cdbc7503176', 'Paul Marc', 'Julen', 'tradition@julen.ch', 'N.a.', 'Tradition Julen Hotel', 'Riedstrasse 2, 3920 Zermatt, Wallis/Valais'),
('fee5ec8e-6d14-402d-a37e-6ea86ea2a465', 'Martin', 'Berlinger', 'info@berlinger-tcm.ch', '056 631 06 10', 'Traditionelle Chinesische Medizin - Martin Berlinger', 'Rechengasse 17, 5620 Bremgarten, Aargau'),
('8d1a9367-704b-480d-8fd5-122f1011c504', 'Emma Cecilia', 'Hellman', 'emma@tcm-hellman.ch', '076 348 39 05', 'Traditionelle Chinesische Medizin Emma Cecilia Hellman', 'Schächli 8, 6170 Schüpfheim, Luzern'),
('34ea7665-e12d-4c12-b706-177fdea93c8e', 'Ruth', 'Meyer', 'info@ruthmeyer.ch', '079 664 87 35', 'Traditionelle Heilkunde Ruth Meyer', 'Steinacherweg 5, 5512 Wohlenschwil, Aargau'),
('658af4c8-d8f7-4bd9-b10e-677b244f7e2e', 'Marianne', 'Höhener', 'maripa@bluewin.ch', '079 730 45 31', 'Traditioneller Yoga Marianne Höhener', 'Im Weier, 9056 Gais, Appenzell Ausserrhoden'),
('a26c902d-4cc6-426d-bc99-e5f0ac66f78c', 'Daniel', 'Bucher', 'd.bucher@trafar.ch', '033 346 70 56', 'Trafar AG', 'Glütschbachstrasse 42, 3661 Uetendorf, Bern'),
('a5caafff-7c5f-4762-afde-c0c3f6583ebf', 'Nadine', 'Derungs', 'info@trafico.ch', '061 534 11 20', 'Trafico GmbH', 'Bahnhofstrasse 8, 4460 Gelterkinden, Basel-Land'),
('f1be5be9-9c7a-490b-a405-7815a925970b', 'Ulrich', 'Kilcher', 'info@trafina.ch', '061 317 17 17', 'Trafina Personalvorsorgestiftung', 'Rennweg 50, 4020 Basel, Basel-Stadt'),
('b0b0a13c-db36-4898-aa2a-4ee0762151f5', 'Jean-Nicolas', 'Fahrenberg', 'jnfahrenberg@trafina.ch', '061 317 12 15', 'Trafina Privatbank AG', 'Rennweg 50, 4020 Basel, Basel-Stadt'),
('387a3a22-9dd7-41ca-b4a3-69e0cea84ec1', 'Reto', 'Leder', 'rleder@trafobaden.ch', '056 204 08 50', 'Trafo Eventlocation Baden', 'Brown Boveri Platz 1, 5400 Baden, Aargau'),
('e00065fb-7f44-4f8f-9134-3c14e98b1ea8', 'Ruzica', 'Djumic', 'home@trafohotel.ch', '056 203 80 80', 'Trafo Hotel', 'Bruggerstrasse 56, 5400 Baden, Aargau'),
('f86b3719-c582-4f10-a17d-ee14f5a4cea5', 'Mischa', 'Imboden', 'mischa.imboden@trag.swiss', '027 922 40 30', 'TRAG Treuhand & Revisions AG', 'Bahnhofstrasse 8, 3904 Naters, Wallis/Valais'),
('72cd5f8c-f1fa-4262-a1e0-b6341064c874', 'Maria', 'Haller', 'info@tragebaby.ch', '055 246 46 45', 'Tragebaby GmbH', 'Steigstrasse 10, 8637 Laupen, Zürich'),
('d0dfaf98-800c-4ee7-9921-3f7965ed1775', 'Patrik', 'Koch', 'tragend@tragend.ch', '041 485 40 20', 'tragend baumanagement ag', 'Bachwilstrasse 17, 6162 Entlebuch, Luzern'),
('7a515ac3-f7c1-4db3-b565-cf700ff79ea0', 'Corinne', 'Payot', 'info@praxis-payot.ch', '061 271 03 73', 'Tragerpraxis Corinne Payot', 'Benkenstrasse 38, 4054 Basel, Basel-Stadt'),
('b534bc55-3e23-4e9f-89dc-cca9081ae79d', 'Roland', 'Guggisberg', 'guggisberg@tragwerkstatt.ch', '044 761 02 77', 'Tragwerkstatt GmbH', 'Schaffhauserstrasse 6, 8006 Zürich, Zürich'),
('e6359fb6-f799-41a5-8c0f-cc0478e2cda5', 'Anna', 'Traidl', 'info@buchfuehrung-immobilien.ch', '031 552 04 05', 'Traidl Buchführung + Immobilien GmbH', '3000 Bern 14, Bern'),
('f14ab3f5-6288-4146-b789-4d341eb0e1e2', 'Regula', 'Engel', 'info@trailshop.ch', '041 850 38 50', 'Trail and Outdoorshop GmbH', 'Calendariaweg 2, 6405 Immensee, Schwyz'),
('85bcccfd-dc68-4137-b238-96799be3d492', 'Markus', 'Eismann', 'info@trailblazer.ch', '032 510 71 80', 'Trailblazer Business Development GmbH c/o Markus Eismann', 'Im Holz 6, 3271 Radelfingen b. Aarberg, Bern'),
('d4eebbad-c4d4-49f8-a627-69b1573585bf', 'Samuel', 'Abt', 'info@traileradapter.com', 'N.a.', 'TrailerAdapter GmbH', 'Steinemoos 120, 5627 Besenbüren, Aargau'),
('c305ad06-df05-40cf-ae65-24c11a05213d', 'Roland', 'Fuchs', 'info@trainingconcepts.ch', '079 414 67 78', 'Training Concepts Fuchs GmbH', 'Stadtfeldstrasse 11a, 3800 Unterseen, Bern'),
('bc5c160e-44f2-4c1c-90d3-e722e15888cb', 'Andreas', 'Kollaritsch', 'info@trc-spiez.ch', '033 655 07 06', 'Training- und Rehacenter AG', 'Schlösslistrasse 1, 3700 Spiez, Bern'),
('f831c94c-5cf3-47f7-8ffd-2defb45a5952', 'Helga', 'Habers', 'info@t-t-s.ch', '031 859 40 40', 'Training und Therapie Schönbühl (TTS), Helga und Jacques Habers', 'Zentrum 32, 3322 Urtenen-Schönbühl, Bern'),
('b1351229-b205-461d-a7b7-b9748d7de13b', 'Daniela', 'Brügger', 'info@trainingurdorf.ch', '079 636 22 84', 'Training Urdorf', 'Küferweg 5, 8902 Urdorf, Zürich'),
('b43d0701-f678-4087-9c63-672969994ba2', 'Manuel', 'Sennhauser', 'info@trainingswirkstatt.ch', '041 792 27 29', 'TrainingsWirkstatt AG', 'Grundstrasse 10, 6343 Rotkreuz, Zug'),
('15c1f399-6a3d-46cd-95f8-5bab89553c11', 'Daniel', 'Krattinger', 'info@trainiq.ch', '034 530 02 11', 'TrainiQ KlG', 'Spitalstrasse 18, 3454 Sumiswald, Bern'),
('33b357b5-f784-4dbd-84a2-a9e06c6573ed', 'Stephan', 'Flück', 'info@train.li', '079 639 64 94', 'trainli', 'Spycherweg 20, 4852 Rothrist, Aargau'),
('27365dcc-6917-413d-93e7-5b097670e697', 'Simon', 'Mathis', 'info@traisfluors-gartenbau.ch', '043 810 71 28', 'Trais Fluors Gartenbau GmbH', 'Kirchweg 27, 8196 Wil, Zürich'),
('290d1ceb-f9af-42ce-8542-e6657a714952', 'Stefan', 'Strebel', 'info@traitafina.ch', '062 885 21 21', 'Traitafina AG', 'Niederlenzer Kirchweg 12, 5600 Lenzburg, Aargau'),
('62123e0e-a264-4bb6-b69d-fcfb80c6b9f4', 'Manuel', 'Lafargue', 'info@tramatec.ch', '041 468 06 66', 'Tramatec GmbH', 'Sempachstrasse 5, 6203 Sempach, Luzern'),
('488d1335-dbbd-45f8-8ed7-421d5ab715ce', 'Vildan', 'Bekirov', 'zurich.chem@trammo.com', '058 598 44 00', 'Trammo GmbH', 'Bahnhofstrasse 1, 8852 Altendorf, Schwyz'),
('9e66943c-1245-4f21-a56a-d35f1b00b42b', 'Sarah', 'Lüssi', 'info@tram-museum.ch', '044 380 21 62', 'Tram-Museum Zürich', 'Forchstrasse 260, 8008 Zürich, Zürich'),
('4cbd8d7b-258b-4b0b-8282-b9600f0c14c4', 'Nicola', 'Mucha', 'mucha.nicola@tramondi.com', '062 205 15 27', 'Tramondi Sport + Werbung AG', 'Industriestrasse West 10, 4614 Hägendorf, Solothurn'),
('ababf291-eb95-443e-bcaf-91aedd08d03c', 'Raphael', 'Müller', 'raphael.mueller@tramondo.ch', '041 710 76 76', 'Tramondo Investment Partners AG', 'Unter Altstadt 10, 6302 Zug, Zug'),
('4e6108cb-df50-4f50-bf54-f92d3f84ca59', 'Ngoc', 'Phuong Tran', 'info@tran-beauty.ch', '076 483 47 10', 'Tran Beauty', 'Ringstrasse 19, 6010 Kriens, Luzern'),
('318f47e3-5519-48ff-8d3b-40fa7a80af42', 'Minh Trang', 'Tran', 'info@tran-metall.ch', '052 682 18 24', 'Tran Metall GmbH', 'Hülstewise 11, 8222 Beringen, Schaffhausen'),
('c78524e6-6d98-4041-bd79-47873f71b534', 'Urs', 'Frey', 'u.frey@trans-cycle.ch', '056 416 98 08', 'Trans Cycle Transport- und Recycling AG', 'Ringstrasse 8, 5432 Neuenhof, Aargau'),
('20af5aed-321f-4529-8627-11b9ea478134', 'Peter', 'Kägi', 'peter.kaegi@transsped.ch', '044 866 28 20', 'Trans Sped AG', 'Embraport 7, 8424 Embrach, Zürich'),
('843bfbec-b9cc-4f16-a06e-fc64707e4e3d', 'Marcel', 'Nehmer', 'marcel.nehmer@trans-world.ch', '058 670 76 21', 'Trans World AG', 'Glärnischstrasse 2, 8962 Bergdietikon, Aargau'),
('acf14187-9a46-4a17-ac72-8cce772cea5a', 'Daniel', 'Humbel', 'info@transa.ch', '0848 084 811', 'TRANSA Backpacking AG', 'Josefstrasse 53, 8005 Zürich, Zürich'),
('5aaea3c4-593b-44a5-8bbf-77a7752f6751', 'Alain', 'Wegmann', 'info@transabal.ch', '061 385 13 10', 'Transabal Transport AG', 'Saint-Louis-Strasse 31, 4056 Basel, Basel-Stadt'),
('642f2671-4d6b-4062-bc45-af3b0ce5f0e4', 'Armin Markus', 'Roten', 'info@transbrig.ch', '027 922 92 92', 'Transbrig AG', 'Bielstrasse 1, 3902 Glis, Wallis/Valais'),
('2b3a752a-3581-4ec1-9acc-d4cfe882d107', 'Christian', 'Bücheler', 'info-thayngen@ch.transco.eu', '052 645 05 82', 'Transco', 'Bietingerstrasse 98, 8240 Thayngen, Schaffhausen'),
('c4942be9-8a15-4f3a-91b7-5ca9646409a2', 'Patrick', 'Tanno', 'kontakt@transcontag.ch', '043 443 00 60', 'Transcontag AG', 'Dufourstrasse 117, 8008 Zürich, Zürich'),
('0e91435d-f034-48f0-b37b-8d7831da17e7', 'Pietro', 'Marra', 'info@transfluid.ch', '044 880 71 54', 'TRANSFLUID Hydraulik AG', 'Riedmattstrasse 12-14, 8153 Rümlang, Zürich'),
('cacf32de-c632-46cc-a2b3-420466cbd849', 'Aline', 'Dénéréaz', 'aline.denereaz@transforma.ch', '078 641 13 39', 'Transforma AG', 'Olgastrasse 10, 8001 Zürich, Zürich'),
('d0b4967b-fb37-4d93-9aa4-1079f9bdf56e', 'Johannes', 'Oliver', 'info@transformationwork.ch', '076 330 36 61', 'Transformation Work GmbH', 'Baarerstrasse 34, 6300 Zug, Zug'),
('b636dcb0-46ad-4b99-b8a6-779f5c8410ea', 'Gaby', 'Neyer', 'gaby.neyer@transformer.ch', '044 267 44 55', 'Transformer Werbeagentur AG', 'Häldeliweg 35, 8044 Zürich, Zürich'),
('440d0de1-0a74-4e31-bdd6-cbb84f9d7c39', 'Mylène', 'Thiébaud', 'info@transformy.ch', '078 885 03 85', 'TRANSFORMy GmbH', 'Gartenstrasse 22, 3110 Münsingen, Bern'),
('b7f88f57-7412-4924-8a75-3f5e1e7c027c', 'Andres', 'Epting', 'epting.andres@transfreight.ch', '061 337 22 51', 'Transfreight AG', 'Leimgrubenweg 6, 4053 Basel, Basel-Stadt'),
('5fe2409c-b7bb-4576-93da-26e29acf95b6', 'Maurice', 'Clerc', 'info@transit-consult.ch', '056 424 16 78', 'Transit-Consult Inter AG', 'Flühstrasse 1, 5436 Würenlos, Aargau'),
('c5fe1d28-50fd-4668-ae33-7b44bf49f984', 'Adrian', 'Hess', 'adi.hess@transitgarage.ch', '041 855 16 77', 'Transit-Garage Müller AG', 'Gotthardstrasse 8, 6410 Goldau, Schwyz'),
('895f7c74-5650-40a7-9970-119f6c344307', 'Gürcan', 'Kirvavac', 'g.kirvavac@translink.ch', '044 875 18 18', 'transLink.ch AG', 'Steinacherstrasse 2, 8175 Windlach, Zürich'),
('f13693e1-fb4b-41f0-8bdb-9e591edc0c1c', 'Jeremy', 'Thigpen', 'marketing@deepwater.com', '041 749 05 00', 'Transocean Ltd.', 'Turmstrasse 30, 6312 Steinhausen, Zug'),
('bb433f1c-697f-43ac-906b-3f05ad347f63', 'Björn', 'Velten', 'info@transpak.ch', '061 711 73 56', 'TransPak Schweiz AG', 'Schnydersäcker 453, 8262 Ramsen, Schaffhausen'),
('5571e386-f524-45ed-84a0-5e9097fe32e3', 'Fabian', 'Thommen', 'info@transparenta.ch', '061 756 60 80', 'TRANSPARENTA Sammelstiftung für berufliche Vorsorge', 'Hauptstrasse 105, 4147 Aesch, Basel-Land'),
('36f29286-e303-4086-bd8e-5c7f3038b00e', 'Angjelina', 'Zefi', 'info@transparenz-gebaeudeservice.ch', '076 492 29 93', 'TRANSPARENZ Gebäude-Service Zefi', 'Oberhofmatte 7, 6020 Emmenbrücke, Luzern'),
('67a6b56c-e2b9-4a84-81ae-6b08ca05f785', 'Goran', 'Vidakovic', 'info@transpartner-logistics.com', '056 470 93 47', 'Transpartner Logistics', 'Salinenstrasse 61, 4133 Pratteln, Basel-Land'),
('a01a1d06-7ece-48f2-9298-82c82decafd0', 'Beat', 'Kropf', 'beat.kropf@transperform.ch', '079 705 16 36', 'TransPerform Consulting GmbH', 'Schwerzistrasse 6, 8807 Freienbach, Schwyz'),
('f0c63cda-0e74-42ac-9342-176dc0b98841', 'Ralph', 'Wilms', 'r.wilms@mindchange.ch', '079 427 66 68', 'Transpersonale Akademie', 'Hintergasse 61, 8253 Diessenhofen, Thurgau'),
('b532c8b4-2e52-4956-81dc-d9a7bd1a15bd', 'Kalyan', 'Lensch', 'kalyan@holotrop-atmen.ch', '034 530 01 20', 'Transpersonales Atmen', 'Haldenstrasse 10, 3432 Lützelflüh-Goldbach, Bern'),
('12cfc3d0-78c7-48e9-a366-80e2d1425a4b', 'Dieter', 'Peter', 'info@transport-ag-aarau.ch', '062 822 14 14', 'Transport AG Aarau', 'Weierweg 5, 5033 Buchs, Aargau'),
('725d7dc3-932b-4055-b653-938c47e5a46e', 'Roland', 'Mahler', 'info@transentlebuch.ch', '041 480 43 00', 'Transport AG Entlebuch', 'Innerschwand 4, 6162 Entlebuch, Luzern'),
('e6977a29-7317-427c-8f8d-1b502cae11a0', 'Nathan', 'Börner', 'info@transport4you.ch', '052 233 42 42', 'transport4you.ch', 'Mülau 23, 8482 Sennhof (Winterthur), Zürich'),
('e51b6a24-bd7a-4900-b31c-1e6335a81072', 'Markus', 'Weber', 'markus.weber@tgw.ch', '032 631 50 40', 'Transportgemeinschaft AG', 'Rütifeldstrasse 1, 3380 Wangen an der Aare, Bern'),
('3609c389-9f93-4f07-aa08-ecb53a24c552', 'Stefan W.', 'Krebs', 'transrapid@bluewin.ch', '078 611 75 14', 'TransRapid-Kurier', 'Austrasse 1, 8604 Volketswil, Zürich'),
('d553a48e-8a5f-4f44-b22b-40fd6feaf35a', 'Jonathan', 'Hewitt', 'jhewitt@transre.com', '044 227 61 00', 'TransRe Europe SA', 'Sihlstrasse 38, 8021 Zürich, Zürich'),
('069768b9-298f-4a30-8b55-ccafc493af00', 'Giacomo', 'Lurati', 'giacomo.lurati@transstahl.ch', '044 743 25 54', 'Transstahl AG', 'Silbernstrasse 5, 8953 Dietikon, Zürich'),
('011a67ca-8f87-4ebf-9728-6b6a44d81482', 'Frédéric', 'Cotting', 'frederic.cotting@transthermic.ch', '079 955 09 52', 'Transthermic AG', 'Merlachfeld 210, 3280 Murten, Fribourg/Freiburg'),
('54cc87a1-038f-43e6-83e9-9491018c6272', 'Beat', 'Güller', 'info@transtop.ch', '056 288 23 55', 'Transtop AG', 'Tägerhardring 7, 5436 Würenlos, Aargau'),
('5833be1b-e25f-4bc3-b029-0e969e219717', 'Jasmin', 'Paulussen', 'jasmin.paulussen@tm-center.ch', '078 749 71 89', 'Transzendantale Meditation Basel', 'Martinsgasse 16, 4051 Basel, Basel-Stadt'),
('668799ac-9b31-469b-9e8b-5fb02fefbe30', 'Alois', 'Fischer', 'alois.fischer@tm.org', '031 301 89 08', 'Transzendentale Meditation - TM', 'Hochbühlweg 3, 3012 Bern, Bern'),
('a2ba0b1b-c32e-4e25-beeb-5943345aac8d', 'Rachel', 'Robinson', 'rachel.robinson@tm.org', '078 705 83 39', 'Transzendentale Meditation Luzern', 'Pilatusstrasse 55, 6003 Luzern, Luzern'),
('a19f00c6-8c89-4f2e-a7c6-b37271890a2d', 'Thorsten', 'Schmidt', 'info.ch@trapezegroup.com', '058 911 11 11', 'Trapeze Switzerland GmbH', 'Rheinstrasse 36, 8212 Neuhausen am Rheinfall, Schaffhausen'),
('8d70f8a1-e405-4146-af13-6a8a0bf65741', 'Pierre', 'Cusinay', 'p.cusinay@trapo.ch', '061 319 77 73', 'Trapo Küng AG', 'Baselstrasse 49, 4222 Zwingen, Basel-Land'),
('bf14b7a2-355e-4d51-8424-21649ca5b233', 'Marc', 'Gerber', 'info@traser.com', '031 980 20 20', 'traser ag', 'Freiburgstrasse 624, 3172 Niederwangen b. Bern, Bern'),
('a14fc7e6-56c8-406f-ae9c-648b42096248', 'Christian', 'Mock', 'trasse-steckborn@hotmail.com', '052 770 25 00', 'Trasse GmbH', 'Bahnhofstrasse 7, 8266 Steckborn, Thurgau'),
('c13c0c94-7d23-437b-bcef-417b3a90c34d', 'Siarhei', 'Shulezhko', 'ch@trate.com', '041 450 01 01', 'TRATE AG', 'Bahnhofstrasse 16, 6037 Root, Luzern'),
('40753f83-eed3-45ab-afb6-ae01339b2c4b', 'Roman', 'Richter', 'service@carspoint.ch', '071 535 59 93', 'Tratech GmbH', 'Bottighoferstrasse 1, 8280 Kreuzlingen, Thurgau'),
('956bb50b-8293-4132-addb-3e4f257576b8', 'Roberto', 'Sorrentino', 'info@tratos21.ch', '055 241 21 21', 'Tratos GmbH', 'Gmeindrütistrasse 1d, 8630 Rüti, Zürich'),
('e8152a4b-5dad-4480-9244-ccfb8ac6942d', 'Michael', 'Schneeberger', 'info@tratson.ch', '044 212 22 31', 'Tratson GmbH', 'Mellingerstrasse 19, 5413 Birmenstorf, Aargau'),
('a5015417-15c2-4858-b737-dc54529cd025', 'Walter', 'Kälin', 'walter.kaelin@trattino-consulting.com', '044 380 12 81', 'trattino gmbh', 'General-Wille-Strasse 60, 8706 Meilen, Zürich'),
('06225e3f-3c82-4ec7-b03f-db83a478142b', 'Biagio Andrea', 'Forti', 'info@trattoria-amano.ch', '062 777 11 88', 'Trattoria Amano', 'Muhenstrasse 7, 5036 Oberentfelden, Aargau'),
('05aa3948-d960-4acd-888e-6a870a79d280', 'Ivan', 'Angelini', 'ivan.angelini@gmx.ch', '061 261 32 61', 'Trattoria Antichi Sapori', 'Sattelgasse 3, 4051 Basel, Basel-Stadt'),
('c6c101cf-69d9-41d2-8975-58a10ebc6b25', 'Stefano', 'Giovannini', 'info@a-roma.ch', '061 333 11 50', 'Trattoria Aroma', 'Auf der Lyss 14, 4051 Basel, Basel-Stadt'),
('5600b6a8-23b7-432a-b6e7-b6fe7c66b889', 'Elankumaran', 'Rajaratnam', 'trattoria-burger@bluewin.ch', '056 426 22 64', 'Trattoria Burger AG', 'Alberich Zwyssigstrasse 86, 5430 Wettingen, Aargau'),
('f3d8e23b-e9c0-477d-be8c-eb1f6befec24', 'Emmanuele', 'Fumarola', 'info@deileoni.ch', '031 722 82 59', 'Trattoria dei Leoni GmbH', 'Bernstrasse 28, 3110 Münsingen, Bern'),
('4a6ddff6-292a-4a11-a4be-5de5d8019bed', 'Sybille', 'Coccoloni', 'info@4leoni-firenze.ch', '044 271 00 66', 'Trattoria e Bottega 4 Leoni', 'Luisenstrasse 43, 8005 Zürich, Zürich'),
('b2c8e2ff-5ef9-4cd6-80bd-31f7caeec12b', 'Radenko', 'Jockovic', 'info@trattoriaemilia.ch', '044 400 26 00', 'Trattoria Emilia', 'Albisriederstrasse 330, 8047 Zürich, Zürich'),
('3505636c-09fc-44aa-8a40-5efaa52b88e3', 'Enes', 'Musliu', 'info@trattoria-epoca.ch', '044 885 01 01', 'Trattoria Epoca', 'Kaiserstuhlstrasse 79, 8154 Oberglatt, Zürich'),
('c306a37c-0a30-4e9a-acaf-59440c94a4f0', 'Roberto', 'Crupi', 'info@trattoriailpeperoncino.ch', '032 685 41 42', 'Trattoria Il Peperoncino', 'Hauptstrasse 2, 4528 Zuchwil, Solothurn'),
('9203105e-cbb6-4a57-a640-7760c4f7959b', 'Orlando', 'Pisano', 'info@la-calabrisella.ch', '052 681 54 64', 'Trattoria La Calabrisella', 'Bergstrasse 8, 8215 Hallau, Schaffhausen'),
('9067f100-9687-4822-ad81-c884a0f94fde', 'Martin', 'Djelosi', 'info@ristorante-lafontana.ch', '044 833 26 03', 'Trattoria La Fontana GmbH', 'Haldenstrasse 61, 8602 Wangen b. Dübendorf, Zürich'),
('7575740a-f7cf-44dc-9adb-6c9892a20c3d', 'Giovanni', 'Annoscia', 'info@dal-buongustaio.ch', '044 715 45 75', 'Trattoria Pizzeria Dal Buongustaio', 'Alte Landstrasse 140, 8802 Kilchberg, Zürich'),
('a3b2b13c-89df-48b3-b1ac-4a2825121972', 'Lea', 'Maccarone', 'info@trattoria-rimini.ch', '033 223 13 20', 'Trattoria Rimini', 'Untere Hauptgasse 26, 3600 Thun, Bern'),
('019ec4b3-cbcf-4eda-9705-da2457e23b1e', 'Vittorio', 'Timpano', 'info@trattoriabrugg.ch', '056 441 08 08', 'Trattoria Rotes Haus Brugg', 'Hauptstrasse 7, 5200 Brugg, Aargau'),
('867acc97-f59b-4805-9f33-df0f32111b19', 'Pasquale', 'Perrotta', 'info@trattoriastorchen.ch', '071 620 25 33', 'Trattoria Storchen GmbH', 'Frauenfelderstrasse 57, 8570 Weinfelden, Thurgau'),
('6e13bf75-5567-442a-a9c1-fd46da40e784', 'Christof', 'Zimmermann', 'christof.zimmermann@remimag.ch', '055 616 16 04', 'Trattoria Walensee AG', 'Hauptstrasse 27, 8872 Weesen, St. Gallen'),
('4280fc6f-1c4e-4d41-8f7b-bfa5cd90e083', 'Pasquale', 'Ferrara', 'trattoria@landgericht-lenzburg.ch', '062 891 65 60', 'Trattoria zum alten Landgericht', 'Aavorstadt 18, 5600 Lenzburg, Aargau'),
('b384230e-e89e-480d-aa71-179a487c63fb', 'Andreas', 'Wenger', 'awenger@tratus.ch', '041 874 00 11', 'Tratus AG', 'Schmiedgasse 18, 6460 Altdorf, Uri'),
('62e352e5-2201-48d0-aa97-bb881a616d7f', 'Samuel', 'Traub', 'info@traub.bio', '056 496 39 64', 'Traub Bio-Gemüse AG', 'Eichhof 6, 5608 Stetten, Aargau'),
('f6c29919-99b1-4202-8761-39f346d63487', 'Marc', 'Trauffer', 'hallo@trauffer.ch', '033 952 15 00', 'Trauffer Holzspielwaren AG', 'Holzkuhplatz 1, 3858 Hofstetten b. Brienz, Bern'),
('b5686437-485f-4b8c-8db8-3ce9c9aad3a7', 'Thomas', 'Gysin', 'thomas.gysin@tg-gartenbau.ch', '061 851 35 67', 'Traum Garten GmbH', 'Landstrasse 42, 4313 Möhlin, Aargau'),
('11ba2384-6347-4a99-bc3f-8d1706df21ef', 'Matthias', 'Müller', 'info@traumacoachingmüller.ch', '079 325 65 19', 'Trauma Coaching Müller', 'Alte Kantonsstrasse 14, 6233 Büron, Luzern'),
('dd9b17d7-74d5-4f92-bc27-4cf433dd88c9', 'Martin', 'Pauli', 'info@se-und-cranio.ch', '043 343 93 38', 'Trauma-Praxis Martin Murli Pauli', 'Eidmattstrasse 57, 8032 Zürich, Zürich'),
('29868161-c41f-4818-8379-b90c6074b133', 'Norbert', 'Lohrer', 'info@holztraumbad.ch', '044 932 64 65', 'Traumbad GmbH', 'Adetswilerstrasse 6, 8344 Bäretswil, Zürich'),
('f12cb449-83ab-4e93-8469-86eaacc5fc36', 'Georges', 'Püntener', 'info@traumgenuss.ch', '079 455 04 72', 'Traumgenuss GmbH', 'Parkweg 25, 6210 Sursee, Luzern'),
('5f680c3f-ce52-4fe5-b6ab-5ef58cc340f1', 'Donika', 'Gjeloshi', 'donika.gjeloshi@blverlag.ch', '058 344 97 14', 'Traumhaus', 'Baslerstrasse 60, 8048 Zürich, Zürich'),
('be37fbb8-fa0b-494f-a0bd-2d8636043cf2', 'Peter', 'Frey', 'info@swisshandel24.ch', '056 524 72 67', 'Traumlampen.ch - Swisshandel24 gmbh', 'Rütistrasse 7, 8598 Bottighofen, Thurgau'),
('bac12480-743a-4f6a-a788-bb505e399da0', 'Susanne', 'Lissa', 'info@traeumlibeck.ch', '0848 773 255', 'Träumli-Beck GmbH', 'Zwinglistrasse 15, 8004 Zürich, Zürich'),
('d988d61d-b59b-4b58-a7c8-10b545932e46', 'Rolf', 'Trautmann', 'trautmann.gartenbau@bluewin.ch', '056 443 29 54', 'Trautmann GmbH, Gartenbau und Gartenpflege', 'Fuchsmättliweg 5, 5106 Veltheim, Aargau'),
('a3f67d2a-01fc-4265-8a06-e6dacd7324c6', 'Otto', 'Häfliger', 'otti.haefliger@traveco.ch', '058 433 59 03', 'TRAVECO Transporte AG', 'Kornfeldstrasse 4, 6210 Sursee, Luzern'),
('c57ddc21-3842-4c9f-be50-92b411486295', 'Regula', 'Weber', 'info@travelbookshop.ch', '044 252 38 83', 'Travel Book Shop AG', 'Rindermarkt 20, 8001 Zürich, Zürich'),
('4f568827-7904-403c-ae78-e5fc99fb16d7', 'Julian', 'Schilling', 'med@travelclinic.ch', '044 380 36 36', 'Travel Clinic', 'Forchstrasse 92, 8008 Zürich, Zürich'),
('1ba0aa52-9372-4fd1-a900-22ab74984fb8', 'Angelo', 'Heuberger', 'info@primuspublishing.ch', '044 387 57 57', 'Travel Inside', 'Hedwigstrasse 3, 8032 Zürich, Zürich'),
('b2b72eac-e26d-4a99-acc9-ed1ff4283a4f', 'Simon', 'Schnellmann', 's.schnellmann@travelworldwide.ch', '043 500 61 00', 'travel worldwide AG', 'Kirchgasse 22, 8001 Zürich, Zürich'),
('5312ceb7-3a09-4a0f-952b-a4f0221fcecc', 'Adrian', 'Matt', 'adrian.matt@travelbrain.ch', '044 742 22 22', 'TravelBrain GmbH', 'Pfadackerstrasse 9, 8957 Spreitenbach, Aargau'),
('1410b867-e47b-4315-bc31-c546b6a292c5', 'Antonio', 'Gambardella', 'antonio.gambardella@travelclub.ch', '044 214 61 61', 'TRAVELclub AG', 'Europaallee 41, 8021 Zürich, Zürich'),
('2e096da2-0457-4033-ba39-eae2c1030937', 'Claudia', 'Lorenz', 'claudia@travellife.ch', '071 511 22 62', 'Travellife', 'Seestrasse 111, 9326 Horn, Thurgau'),
('bfab7beb-120d-4316-abf9-12a36e10e816', 'Ursula', 'Limacher', 'u.limacher@traversa.ch', '041 319 95 01', 'traversa Netzwerk für Menschen mit einer psychischen Erkrankung', 'Tribschengasse 8, 6005 Luzern, Luzern'),
('9298a70f-0e04-45d2-a925-73087f0527d7', 'Nadine', 'Hugentobler-Bürki', 'nadine.hugentobler@travesco.ch', '031 382 26 46', 'Travesco AG', 'Effingerstrasse 4a, 3001 Bern, Bern'),
('bc5adb2a-6f47-4815-8337-a169067af4c5', 'Patrick', 'Signer', 'patrick.signer@travex.ch', '043 288 43 00', 'Travex Consulting AG', 'Edisonstrasse 11, 8050 Zürich, Zürich'),
('679294c3-111c-446c-9bbe-23a59b162968', 'Christian', 'Eberle', 'info@trawosa.ch', '071 844 98 40', 'TRAWOSA AG', 'Poststrasse 15, 9000 St. Gallen, St. Gallen'),
('329af07b-577e-4f40-9c30-6f56fb7d4451', 'Gabriela', 'Traxel', 'traxel@traxelarchitekten.ch', '044 286 10 16', 'Traxel Architekten GmbH', 'Badenerstrasse 585, 8048 Zürich, Zürich'),
('c7cdba07-5fad-4659-8b12-6e45d3857a8f', 'Harry', 'Traxler', 'info@traxlerundpartner.com', '078 404 67 95', 'Traxler und Partner GmbH', 'Bergstrasse 96, 9445 Rebstein, St. Gallen'),
('3c2a0651-92ca-4cd9-be9b-bab2c3a3958e', 'Philipp', 'Rohrbach', 'philipp.rohrbach@tre.ch', '044 853 43 53', 'Tre Rohrbach AG', 'Gewerbestrasse 11, 8162 Steinmaur, Zürich'),
('f5f693e7-e042-486c-9993-8a7a82e72262', 'Yvonne', 'Cattaneo-Walter', 'info@tre-arte.ch', '044 951 15 51', 'Tre-Arte', 'Kempttalstrasse 29, 8330 Pfäffikon, Zürich'),
('225bf8ad-05cc-4112-95d9-72494ec14eac', 'Raimund', 'Mayrock', 'mayrock@te-home.ch', '079 171 73 21', 'treasury executives 53 grad suisse gmbh', 'Hofstrasse 53, 6300 Zug, Zug'),
('3d50dcd6-2523-41c5-9fb4-2c0a5beb8d32', 'Michel', 'Herzog', 'michel.oliver.herzog@trebema.ch', '079 179 69 16', 'TREBEMA AG', 'Wengistrasse 4, 4654 Lostorf, Solothurn'),
('1a636617-4213-4a01-b191-802d09afb5ba', 'Richard', 'Weber', 'contact@trebeo.com', 'N.a.', 'TREBEO AG', 'Nauenstrasse 67, 4052 Basel, Basel-Stadt'),
('36ddd2a9-e410-4011-a7d3-86b8b888b5c5', 'Markus', 'Roos-Martin', 'trebla@trebla.ch', '061 313 88 18', 'Trebla AG', 'Jacob Burckhardt-Strasse 22, 4052 Basel, Basel-Stadt'),
('67def343-f8c3-4862-838b-2f59c1f98606', 'Andreas', 'Troxler', 'andreas.troxler@trechter.ch', '041 920 41 30', 'trechter.ch gmbh', 'Länggasse 3, 6208 Oberkirch, Luzern'),
('dbf1467c-cca9-4947-a571-f10c3df8400c', 'Peter', 'Schaffer', 'info@trecontreuhand.ch', '044 364 14 00', 'Trecon Treuhand AG', 'Landoltstrasse 1, 8006 Zürich, Zürich'),
('fea9dc24-1e8d-4e72-95da-0bacbd7f08d0', 'Claudio', 'Egli', 'claudio.egli@trecono.ch', '071 846 83 03', 'Trecono Treuhand & Revisionen AG', 'Klosterstrasse 14a, 9403 Goldach, St. Gallen'),
('6172ce3d-393e-4888-99cb-f292ea1bd67e', 'Stefan', 'Santos', 'info@trediag.ch', '043 928 29 37', 'Trediag GmbH', 'Kasernenstrasse 1, 8180 Bülach, Zürich'),
('8e2bad8f-de89-45ac-bcb3-2f7846222fdd', 'Julia', 'Gurtner', 'info@tredicipercento.ch', '031 311 80 31', 'Tredicipercento GmbH', 'Rathausgasse 25, 3011 Bern, Bern'),
('cadc1075-ea76-42a3-990f-2c8d2df7ba29', 'Leif Andreas', 'Langenskiöld', 'heja@treegum.ch', 'N.a.', 'TREE GUM AG', 'Glarnerstrasse 43, 8854 Siebnen, Schwyz'),
('2528f24b-3f19-499b-a35d-b196f6485800', 'Peter', 'Marty', 'info@tree-project.ch', '041 819 54 92', 'Tree Project AG', 'Bahnhofstrasse 28, 6430 Schwyz, Schwyz'),
('b472d824-c5a6-4ca5-a355-cbb65522591d', 'Hartmut', 'Kretschmer', 'info@treetrunk.ch', '041 835 12 22', 'Tree Trunk Partners', 'Höfnerstrasse 98, 6314 Unterägeri, Zug'),
('234b75ed-c510-4cbd-95a8-7d7a7c46e889', 'Thomas', 'Reutimann', 'treepower@gmx.ch', '041 497 46 86', 'Treepower Thomas Reutimann', 'Urmisweg 4 a, 6102 Malters, Luzern'),
('6cd0eb91-29b3-4f8a-bf5d-5087cf21301e', 'Reto', 'Trees', 'info@trees-partner.ch', '031 310 41 41', 'Trees & Partner AG', 'Seftigenstrasse 2, 3000 Bern 14, Bern'),
('3aa558b7-414e-47a9-a678-09ecb2b01ef9', 'José Manuel', 'Arnaiz', 'jose.arnaiz@trees.ch', '031 340 37 48', 'Trees AG Risikoberatung und Versicherungs-Services', 'Breitenrainstrasse 29, 3000 Bern, Bern'),
('e47bf562-6916-40ee-a943-0a09eca05b34', 'Thomas', 'Schlienger', 'info@treesolution.com', '058 510 98 00', 'TreeSolution Security Awareness AG', 'Bösch 23, 6331 Hünenberg, Zug'),
('e202aefb-c12e-42bc-9f0b-d1cb2ce621f0', 'Rolf', 'Frischknecht', 'frischknecht@treeze.ch', '044 940 61 91', 'Treeze GmbH', 'Kanzleistrasse 4, 8610 Uster, Zürich'),
('2ec4985e-269c-4b4e-bf89-3c537a62a55a', 'Eckhard', 'Kohl', 'info@treffpunkt-frutigen.ch', '033 671 44 11', 'Treffpunkt Frutigen GmbH', 'Kanderstegstrasse 24, 3714 Frutigen, Bern'),
('8ab41642-aabd-4ca3-87bc-4ab9ba668a89', 'Christa', 'Bärtschi', 'info@treffpunkt-heuwiese.ch', '081 525 46 64', 'Treffpunkt Heuwiese GmbH', 'Heuwiese 2, 9476 Weite, St. Gallen'),
('4a0ead22-4556-44ea-8ab4-63d79487379d', 'Silvio', 'Maurer', 'obernau@treffpunkt-detaillisten.ch', '041 320 62 88', 'Treffpunkt Obernau GmbH', 'Kleinbuholz, 6012 Obernau, Luzern'),
('b9ccfe7e-1d47-43f7-944f-fb8c75627f39', 'Jürg', 'Schnider', 'info@trefida.ch', '044 853 40 57', 'TreFida GmbH', 'Glatttalstrasse 104H, 8052 Zürich, Zürich'),
('8addfba7-3f78-4ea9-b54e-ed098e023837', 'Roman', 'Meyenberger', 'beratung@trefima.ch', '071 913 35 35', 'Trefima AG', 'Neulandenstrasse 6, 9500 Wil, St. Gallen'),
('07109612-08dd-4056-993e-19544d1b3cc5', 'Franz Josef', 'Rupf-Alig', 'info@trefinanz.ch', '041 620 51 51', 'Trefinanz AG', 'Hinterbergstrasse 26, 6312 Steinhausen, Zug'),
('18bfb151-eda4-4f49-a1a2-a393848573f9', 'Rolf', 'Allenspach', 'info@trehag.ch', '071 243 18 18', 'TREHAG Treuhand St. Gallen AG', 'Notkerstrasse 10, 9000 St. Gallen, St. Gallen'),
('27f48167-7b59-4f29-a6a2-92df05296d96', 'Dominique', 'Bächler', 'administration@treibauf.ch', '044 355 50 80', 'treibauf AG', 'Gubelstrasse 59, 8050 Zürich, Zürich'),
('fb325f02-5a97-48c6-a4fa-8dcd8f0290c1', 'Jacques', 'Treichler', 'mail@treichler-zuger-kirschtorte.ch', '041 711 44 12', 'Treichler Zuger Kirschtorten AG', 'Bundesplatz 3, 6300 Zug, Zug'),
('926f2da4-e5a5-4ac1-b6f5-a75071a21dec', 'Michael', 'Kummer', 'michaelkummer@treier.ch', '056 463 63 00', 'Treier AG', 'Nebenbachweg 8, 5107 Schinznach Dorf, Aargau'),
('73dfbe13-58d2-4c90-b587-34268ec6cef5', 'Christian', 'Treier', 'info@treierholzbau.ch', '062 877 13 30', 'Treier Holzbau AG', 'Mühlmet 177, 5063 Wölflinswil, Aargau'),
('e764a084-06ba-4baa-a7c0-3f9e2bbd3ef3', 'Hans', 'Treier', 'info@treier-obstbau.ch', '062 877 11 64', 'Treier Obstbau', 'Birchhof 335, 5063 Wölflinswil, Aargau'),
('ee7960a1-7505-4368-bbf4-2d7d33e7e488', 'Alexandra', 'Treinen', 'fitness@treinentraining.ch', '079 542 33 94', 'Treinen Training', 'Baslerstrasse 35, 4123 Allschwil, Basel-Land'),
('8145ebaf-6d50-43c9-be9b-41a9c51fbc93', 'Manuel', 'Moessner', 'tss.sar.info@trelleborg.com', '052 742 01 00', 'Trelleborg Sealing Solutions Switzerland AG', 'Kaltenbacherstrasse 46, 8260 Stein am Rhein, Schaffhausen'),
('dae5605c-b213-4ced-b90a-d3e1bbda2050', 'Andreas', 'Wälti', 'info@tremola.ch', '079 683 09 18', 'Tremola AG', 'Feldbach 10, 8753 Mollis, Glarus'),
('65c0e54d-b850-42fb-b30d-97c280549408', 'Daniel', 'Tremonte', 'info@tremonte-catering.ch', '044 461 30 90', 'Tremonte Catering GmbH', 'Birmensdorferstrasse 129, 8003 Zürich, Zürich'),
('403327c5-42b5-4af2-ab21-4a36b46de2ec', 'Andreas', 'Tremp', 'info@tremp-la.ch', '044 242 75 25', 'Tremp Landschaftsarchitekt GmbH', 'Klingenstrasse 42, 8005 Zürich, Zürich'),
('63ce1eaa-3261-4907-b2f3-f409100be89e', 'Sabina', 'Sonderegger-Tiziani', 'info@trendcoiffeur.ch', '071 744 46 44', 'Trend Coiffeur', 'Römerstrasse 5, 9435 Heerbrugg, St. Gallen'),
('9da33036-e9d7-4e2d-851c-a4439410b61a', 'Sezayi', 'Cankiran', 'info@trend-coiffeur.ch', '031 311 65 13', 'Trend Coiffeur GmbH', 'Neuengass Passage 2+3, 3011 Bern, Bern'),
('aa8a46da-5b54-4cbe-8683-2b8b66cfeaf9', 'Bernadette', 'Häller', 'beni.haeller@raonet.ch', '062 756 42 42', 'Trend Coiffure Dagmersellen', 'Baselstrasse 11, 6252 Dagmersellen, Luzern'),
('62a88cb0-1580-47e1-81e8-d7fac56581a5', 'Petra', 'De Kroon-Scheiwiller', 'info@trend-hair.ch', '062 751 87 87', 'Trend Hairdesign de Kroon-Scheiwiller', 'Fischerweg 13, 4803 Vordemwald, Aargau'),
('57a49f60-d1c9-448e-a742-aecb63afbdf3', 'Arsim', 'Mamudi', 'info@trend-keramik.ch', '078 735 60 80', 'Trend Keramik A. Mamudi', 'Oststrasse 8, 8500 Frauenfeld, Thurgau'),
('1a5da431-e6ed-4a56-a26a-34dd1bd5a51e', 'Ruth', 'Tschan', 'info@trendlinie.ch', '034 402 80 88', 'Trend Line Coiffure', 'Sägestrasse 33, 3550 Langnau im Emmental, Bern'),
('a2484b81-dae5-4b63-9921-7094260c2cab', 'Mario', 'Aeby', 'mario.aeby@trendreha.ch', '026 497 92 10', 'Trend Reha AG', 'Dorfstrasse 22, 3184 Wünnewil, Fribourg/Freiburg'),
('403eb139-bed5-49a4-9035-bcad0811d69e', 'Bljerim', 'Beljulji', 'trendreinigung@hotmail.com', '078 644 30 06', 'Trend Reinigung', 'Giacomettistrasse 6, 3006 Bern, Bern'),
('aaa64723-b448-4d83-a59d-44e0886bda0e', 'Nicole', 'Flury', 'nicole.flury@trend-sky.ch', '062 216 15 00', 'Trend Sky Hairstyling and Cosmetic', 'Babylonstrasse 12, 4623 Neuendorf, Solothurn'),
('79dd13f2-cc6c-467d-9b09-fbb5a85c887e', 'Guy', 'Schmerling', 'trendchemie@trend-chemie.com', '044 463 56 55', 'Trend-Chemie AG', 'Birmensdorferstrasse 56, 8004 Zürich, Zürich'),
('4798e2c2-174c-462c-8944-12f28b5b83cf', 'Thomas', 'Grossen', 't.grossen@trendcommerce.ch', '071 242 90 76', 'Trendcommerce (Schweiz) AG', 'Wehrstrasse 12, 9200 Gossau, St. Gallen'),
('0cd6792a-8c19-4d63-8f18-3d96f0f909e5', 'Monika', 'Spiewok', 'homepagekontakt@trenddecor.ch', '044 888 30 55', 'Trend-Decor, Monika Spiewok-Reuteler', 'Schulhausstrasse 20, 8306 Brüttisellen, Zürich'),
('25694873-f7f8-42df-88e4-7a54a8dcc956', 'Christopher James', 'Morgan', 'chris@trenders.ch', '031 333 48 00', 'TRENDERS GmbH', 'Birkenweg 61, 3013 Bern, Bern'),
('797f32db-8bdb-4a48-9be8-24349262c440', 'Andreas', 'Nanz', 'info@trendform.com', '044 995 63 69', 'Trendform AG', 'Allmendstrasse 32, 8320 Fehraltorf, Zürich'),
('9bdda994-505a-46c6-a38b-a57b4c4e8186', 'Irène', 'Roesch-Zwyssig', 'contact@trendline.ch', '041 750 61 01', 'Trendline AG', 'Zugerstrasse 195, 6314 Neuägeri, Zug'),
('75f01c53-7360-42f6-8ab4-5ded8a5eba02', 'Hans Ulrich', 'Hollenstein', 'info@trend-line-one.ch', '062 897 55 88', 'Trend-line one GmbH', 'Unterer Wannenrain 18, 5502 Hunzenschwil, Aargau'),
('e313cdc1-c66b-4022-95cb-7ec1d72a09cf', 'Andreas', 'Schöbi', 'service@trendmail.ch', '071 634 81 21', 'Trendmail AG', 'Schachenstrasse 80, 8645 Jona, St. Gallen');

INSERT INTO leads (id, contact_id, source, status, value, notes) VALUES
('08ec7463-a8a8-4b97-b476-c0d18d44e8bb', '65036783-845a-4962-88d7-e79e25f05390', 'KALTAKQUISE', 'ACTIVE', 0, 'Funktion: Geschäftsführer/in (CEO) | Mitarbeiter: 11 bis 20 | Branche: Lebensmittelverarbeitung | Rechtsform: Aktiengesellschaft'),
('f20fb0db-e669-4727-bc39-59419c6f8422', 'a3607c77-db93-43ec-ac16-7a344a6210b4', 'KALTAKQUISE', 'ACTIVE', 0, 'Funktion: Geschäftsführer/in (CEO) | Mitarbeiter: 1 bis 10 | Branche: Werbeagenturen | Rechtsform: Gesellschaft mit beschränkter Haftung'),
('d1d8a0bf-8d1f-4906-a1bf-96514061131f', '6f43251b-2cf9-468a-9a59-9c2e1ead0209', 'KALTAKQUISE', 'ACTIVE', 0, 'Funktion: Geschäftsführer/in (CEO) | Mitarbeiter: 1 bis 10 | Branche: IT Unternehmen | Rechtsform: Aktiengesellschaft'),
('940f69e1-02f4-4f59-88f6-291495186902', '7eee33e0-5af0-46e4-b6e6-54f1607dd24e', 'KALTAKQUISE', 'ACTIVE', 0, 'Funktion: Geschäftsführer/in (CEO) | Mitarbeiter: 101 bis 500 | Branche: Bauingenieurbüros | Rechtsform: Aktiengesellschaft'),
('bd547f27-5821-4634-96e0-362058a36c05', 'ec775dce-5fc7-4e96-8254-3628c1c1029c', 'KALTAKQUISE', 'ACTIVE', 0, 'Funktion: Geschäftsführer/in (CEO) | Mitarbeiter: 1 bis 10 | Branche: Schreinerei- & Holzbaubetriebe'),
('c27f6d47-9f39-4913-b93d-ef2caee41d5a', '68f88b00-2ac6-4481-b343-8b881d562e15', 'KALTAKQUISE', 'ACTIVE', 0, 'Funktion: Geschäftsführer/in (CEO) | Mitarbeiter: 1 bis 10 | Branche: Treuhandbüros / Immobilienverwaltung / Immobilienvermittlung | Rechtsform: Gesellschaft mit beschränkter Haftung'),
('78e79050-ed17-4964-9028-6416dd700275', '3130fe21-5e6e-465f-909f-b2c5eca314b2', 'KALTAKQUISE', 'ACTIVE', 0, 'Funktion: Geschäftsführer/in (CEO) | Mitarbeiter: 1 bis 10 | Branche: Metallbauer | Rechtsform: Gesellschaft mit beschränkter Haftung'),
('2dda1496-9ee7-4d41-acef-cf6ab73f87de', '44a491a6-fc8b-4d62-9d4c-5add8d5182e5', 'KALTAKQUISE', 'ACTIVE', 0, 'Funktion: Geschäftsführer/in (CEO) | Mitarbeiter: 11 bis 20 | Branche: Architekturbüros | Rechtsform: Aktiengesellschaft'),
('108886e7-1362-4cee-976f-241433f1f1db', 'd567d5b2-6191-4364-b65c-aa1b06baa2d8', 'KALTAKQUISE', 'ACTIVE', 0, 'Funktion: Geschäftsführer/in (CEO) | Mitarbeiter: 21 bis 50 | Branche: Nachhaltigkeitsbereich / Schreinerei- & Holzbaubetriebe | Rechtsform: Gesellschaft mit beschränkter Haftung'),
('6b8c472b-cf24-47b9-be17-10aedc27cccd', '75395d3d-192a-4d85-bf48-40e0a441768b', 'KALTAKQUISE', 'ACTIVE', 0, 'Funktion: Inhaber/in (Owner/Founder) | Mitarbeiter: 21 bis 50 | Branche: Architekturbüros | Rechtsform: Aktiengesellschaft'),
('a7da3a84-d0cf-4eb5-9f5f-333f29b83806', 'd7ac1066-a71a-47f7-9c57-7d2a36a00e7a', 'KALTAKQUISE', 'ACTIVE', 0, 'Funktion: Geschäftsführer/in (CEO) | Mitarbeiter: 1 bis 10 | Branche: Treuhandbüros | Rechtsform: Einzelunternehmen'),
('f93c39e6-4faa-49d2-b32a-96ce6f45f11a', 'b4d2cc97-9aaf-4fff-83cd-480de17de9c2', 'KALTAKQUISE', 'ACTIVE', 0, 'Funktion: Gesamtleitung/Direktion | Mitarbeiter: 1 bis 10 | Branche: Beherbergungsstätten'),
('08fbef4f-d1ff-435e-8a9f-cee604c1d622', 'e82c2da7-3fd7-43f4-bc97-5c3a595b6ef2', 'KALTAKQUISE', 'ACTIVE', 0, 'Funktion: Geschäftsführer/in (CEO) | Mitarbeiter: 11 bis 20 | Branche: Online Shops | Rechtsform: Aktiengesellschaft'),
('2767ca5b-0f8d-4011-862f-2986c1e2cfb6', '66264a0f-2149-45b7-b1ff-6e69f1e865ee', 'KALTAKQUISE', 'ACTIVE', 0, 'Funktion: Geschäftsführer/in (CEO) | Mitarbeiter: 101 bis 500 | Branche: Elektroindustrie | Rechtsform: Aktiengesellschaft'),
('a289713b-b533-4acd-ab19-30df2d0236b9', 'b1d152c4-53b1-4db8-acdf-056791a292bd', 'KALTAKQUISE', 'ACTIVE', 0, 'Funktion: Geschäftsführer/in (CEO) | Mitarbeiter: 101 bis 500 | Branche: Maschinenbauindustrie | Rechtsform: Aktiengesellschaft'),
('5554c361-5804-4d87-be11-a5a117be5b0f', 'eddc0b3c-d54b-4925-b37d-520fa49c3557', 'KALTAKQUISE', 'ACTIVE', 0, 'Funktion: Geschäftsführer/in (CEO) | Mitarbeiter: 1 bis 10 | Branche: Werbeagenturen | Rechtsform: Gesellschaft mit beschränkter Haftung'),
('c00c6563-f18c-4145-b992-4f7c5466d332', 'abef67dd-300c-4e1b-8c56-6dc89e615a6e', 'KALTAKQUISE', 'ACTIVE', 0, 'Funktion: Geschäftsführer/in (CEO) | Mitarbeiter: 1 bis 10 | Branche: Elektroplanung & Installation | Rechtsform: Aktiengesellschaft'),
('9201536b-1680-436d-90e9-58adc35d0906', 'bd3d6486-f8e8-41d6-89a3-8b99f9b3e237', 'KALTAKQUISE', 'ACTIVE', 0, 'Funktion: Geschäftsführer/in (CEO) | Mitarbeiter: 1 bis 10 | Branche: Werbeagenturen | Rechtsform: Aktiengesellschaft'),
('49498f67-33ac-4097-bcd8-c7076ad4c405', '5d551815-7cf4-41a9-9310-906b6f8fdb82', 'KALTAKQUISE', 'ACTIVE', 0, 'Funktion: Geschäftsführer/in (CEO) | Mitarbeiter: 11 bis 20 | Branche: Online Shops | Rechtsform: Aktiengesellschaft'),
('380ff87a-1c03-438b-986e-74a12eb1ed0a', 'c34f2e0b-fb04-4fc2-bb7d-5faf68c4db3a', 'KALTAKQUISE', 'ACTIVE', 0, 'Funktion: Geschäftsführer/in (CEO) | Mitarbeiter: 1 bis 10 | Branche: FinTech | Rechtsform: Aktiengesellschaft'),
('d0691380-23e2-4aee-8fb7-13ce5ad264ef', '6913bc6e-e53d-4a9d-8c03-29c2add116b6', 'KALTAKQUISE', 'ACTIVE', 0, 'Funktion: Geschäftsführer/in (CEO) | Mitarbeiter: 1 bis 10 | Branche: IT Unternehmen | Rechtsform: Gesellschaft mit beschränkter Haftung'),
('a333428c-b812-4b25-bb9c-64e869a62798', '4356f8da-7338-407d-8cfc-dd6a1fc71415', 'KALTAKQUISE', 'ACTIVE', 0, 'Funktion: Geschäftsführer/in (CEO) | Mitarbeiter: 11 bis 20 | Branche: Online Shops | Rechtsform: Aktiengesellschaft'),
('26e16317-29f8-435a-9df4-625a82a4bdc3', 'b021bbdc-ea52-4190-a36a-9cdbc7503176', 'KALTAKQUISE', 'ACTIVE', 0, 'Funktion: Gesamtleitung/Direktion | Mitarbeiter: 1 bis 10 | Branche: Hotels'),
('e470b2bd-f8e2-4f54-8279-b1aa73360b42', 'fee5ec8e-6d14-402d-a37e-6ea86ea2a465', 'KALTAKQUISE', 'ACTIVE', 0, 'Funktion: Geschäftsführer/in (CEO) | Mitarbeiter: 1 bis 10 | Branche: Naturheilpraxen'),
('8d447a3f-4c62-49ac-beb1-da94dd953570', '8d1a9367-704b-480d-8fd5-122f1011c504', 'KALTAKQUISE', 'ACTIVE', 0, 'Funktion: Geschäftsführer/in (CEO) | Mitarbeiter: 1 bis 10 | Branche: Atem- Meditation- & Yogacenter'),
('0212c628-2392-40b2-a5b5-0b97bf7af83d', '34ea7665-e12d-4c12-b706-177fdea93c8e', 'KALTAKQUISE', 'ACTIVE', 0, 'Funktion: Geschäftsführer/in (CEO) | Mitarbeiter: 1 bis 10 | Branche: Naturheilpraxen'),
('00a62f59-49a3-41fc-8c12-c00519cfc451', '658af4c8-d8f7-4bd9-b10e-677b244f7e2e', 'KALTAKQUISE', 'ACTIVE', 0, 'Funktion: Geschäftsführer/in (CEO) | Mitarbeiter: 1 bis 10 | Branche: Atem- Meditation- & Yogacenter'),
('1fa87a4a-00df-406e-9b4c-bc74871228c1', 'a26c902d-4cc6-426d-bc99-e5f0ac66f78c', 'KALTAKQUISE', 'ACTIVE', 0, 'Funktion: Geschäftsführer/in (CEO) | Mitarbeiter: 1 bis 10 | Branche: Maschinenbauindustrie | Rechtsform: Aktiengesellschaft'),
('c84ae2d3-4b1c-4752-8110-e2e520f66719', 'a5caafff-7c5f-4762-afde-c0c3f6583ebf', 'KALTAKQUISE', 'ACTIVE', 0, 'Funktion: Geschäftsführer/in (CEO) | Mitarbeiter: 1 bis 10 | Branche: Restaurants'),
('9ba6e080-eefb-4d7e-9976-b23f01912945', 'f1be5be9-9c7a-490b-a405-7815a925970b', 'KALTAKQUISE', 'ACTIVE', 0, 'Funktion: Geschäftsführer/in (CEO) | Mitarbeiter: 21 bis 50 | Branche: Pensionskassen | Rechtsform: Stiftung'),
('4c8d960d-9e2b-4a59-a9d4-f9683f5876ba', 'b0b0a13c-db36-4898-aa2a-4ee0762151f5', 'KALTAKQUISE', 'ACTIVE', 0, 'Funktion: Geschäftsführer/in (CEO) | Mitarbeiter: 11 bis 20 | Branche: Banken | Rechtsform: Aktiengesellschaft'),
('93695166-f57b-4c8f-b619-bcce1d1d7b1b', '387a3a22-9dd7-41ca-b4a3-69e0cea84ec1', 'KALTAKQUISE', 'ACTIVE', 0, 'Funktion: Geschäftsführer/in (CEO) | Mitarbeiter: 21 bis 50 | Branche: Clubs, Bars & Eventlocations'),
('30ad83cf-966e-467e-9b30-8f78d2796041', 'e00065fb-7f44-4f8f-9134-3c14e98b1ea8', 'KALTAKQUISE', 'ACTIVE', 0, 'Funktion: Gesamtleitung/Direktion | Mitarbeiter: 1 bis 10 | Branche: Hotels | Rechtsform: Aktiengesellschaft'),
('73010099-e1f4-4aeb-b04d-43206461cd4e', 'f86b3719-c582-4f10-a17d-ee14f5a4cea5', 'KALTAKQUISE', 'ACTIVE', 0, 'Funktion: Geschäftsführer/in (CEO) | Mitarbeiter: 11 bis 20 | Branche: Treuhandbüros'),
('030c3039-5f7d-41c5-8f05-577201f62aca', '72cd5f8c-f1fa-4262-a1e0-b6341064c874', 'KALTAKQUISE', 'ACTIVE', 0, 'Funktion: Geschäftsführer/in (CEO) | Mitarbeiter: 1 bis 10 | Branche: Spielwaren- & Babyfachhandel | Rechtsform: Gesellschaft mit beschränkter Haftung'),
('76a8dac1-3c8a-49d5-99a4-5e40ea066bdb', 'd0dfaf98-800c-4ee7-9921-3f7965ed1775', 'KALTAKQUISE', 'ACTIVE', 0, 'Funktion: Geschäftsführer/in (CEO) | Mitarbeiter: 1 bis 10 | Branche: Bau- & Projektmanagement / Immobilienprojektentwicklung / Bauherrenvertretung | Rechtsform: Aktiengesellschaft'),
('caa74a7a-c04b-4706-a17a-85cd14fc32c1', '7a515ac3-f7c1-4db3-b565-cf700ff79ea0', 'KALTAKQUISE', 'ACTIVE', 0, 'Funktion: Geschäftsführer/in (CEO) | Mitarbeiter: 1 bis 10 | Branche: Physiotherapie'),
('591f3914-7252-4e64-b0d8-5bbfa260e725', 'b534bc55-3e23-4e9f-89dc-cca9081ae79d', 'KALTAKQUISE', 'ACTIVE', 0, 'Funktion: Geschäftsführer/in (CEO) | Mitarbeiter: 1 bis 10 | Branche: Bauingenieurbüros | Rechtsform: Gesellschaft mit beschränkter Haftung'),
('1a9b5045-7226-44ff-b2fa-07bf6b716611', 'e6359fb6-f799-41a5-8c0f-cc0478e2cda5', 'KALTAKQUISE', 'ACTIVE', 0, 'Funktion: Geschäftsführer/in (CEO) | Mitarbeiter: 1 bis 10 | Branche: Treuhandbüros / Immobilienverwaltung / Immobilienvermittlung | Rechtsform: Gesellschaft mit beschränkter Haftung'),
('1dd2e8be-9a7b-465d-abf5-fcc91203738b', 'f14ab3f5-6288-4146-b789-4d341eb0e1e2', 'KALTAKQUISE', 'ACTIVE', 0, 'Funktion: Geschäftsführer/in (CEO) | Mitarbeiter: 1 bis 10 | Branche: Online Shops | Rechtsform: Gesellschaft mit beschränkter Haftung'),
('5f6deeb6-741a-40bf-ba76-99f055b0124e', '85bcccfd-dc68-4137-b238-96799be3d492', 'KALTAKQUISE', 'ACTIVE', 0, 'Funktion: Geschäftsführer/in (CEO) | Mitarbeiter: 1 bis 10 | Branche: Unternehmensberater | Rechtsform: Gesellschaft mit beschränkter Haftung'),
('1a539f55-3ece-4b25-9edc-0af10ff53512', 'd4eebbad-c4d4-49f8-a627-69b1573585bf', 'KALTAKQUISE', 'ACTIVE', 0, 'Funktion: Geschäftsführer/in (CEO) | Mitarbeiter: 11 bis 20 | Branche: Elektroindustrie | Rechtsform: Gesellschaft mit beschränkter Haftung'),
('5156d257-45f1-4363-adc9-50f46e1b256e', 'c305ad06-df05-40cf-ae65-24c11a05213d', 'KALTAKQUISE', 'ACTIVE', 0, 'Funktion: Geschäftsführer/in (CEO) | Mitarbeiter: 1 bis 10 | Branche: Atem- Meditation- & Yogacenter | Rechtsform: Gesellschaft mit beschränkter Haftung'),
('81a409a2-ad00-43bb-8025-97424ba06d4b', 'bc5c160e-44f2-4c1c-90d3-e722e15888cb', 'KALTAKQUISE', 'ACTIVE', 0, 'Funktion: Geschäftsführer/in (CEO) | Mitarbeiter: 1 bis 10 | Branche: Fitnessstudios / Physiotherapie'),
('e82b2561-c99d-44a1-a849-9ebfd84e8158', 'f831c94c-5cf3-47f7-8ffd-2defb45a5952', 'KALTAKQUISE', 'ACTIVE', 0, 'Funktion: Geschäftsführer/in (CEO) | Mitarbeiter: 1 bis 10 | Branche: Fitnessstudios / Physiotherapie | Rechtsform: Kollektivgesellschaft'),
('5d5ae97f-6a93-4a0c-bbaf-2b5e47437387', 'b1351229-b205-461d-a7b7-b9748d7de13b', 'KALTAKQUISE', 'ACTIVE', 0, 'Funktion: Geschäftsführer/in (CEO) | Mitarbeiter: 1 bis 10 | Branche: Fitnessstudios'),
('5765f586-6278-49b9-af07-26e7dd55d442', 'b43d0701-f678-4087-9c63-672969994ba2', 'KALTAKQUISE', 'ACTIVE', 0, 'Funktion: Geschäftsführer/in (CEO) | Mitarbeiter: 1 bis 10 | Branche: Unternehmensberater | Rechtsform: Aktiengesellschaft'),
('3671086f-30b8-48b7-bb75-172f1080e53a', '15c1f399-6a3d-46cd-95f8-5bab89553c11', 'KALTAKQUISE', 'ACTIVE', 0, 'Funktion: Geschäftsführer/in (CEO) | Mitarbeiter: 1 bis 10 | Branche: Fitnessstudios | Rechtsform: Kollektivgesellschaft'),
('b2f30be9-c49d-498d-872d-c04893cb4974', '33b357b5-f784-4dbd-84a2-a9e06c6573ed', 'KALTAKQUISE', 'ACTIVE', 0, 'Funktion: Geschäftsführer/in (CEO) | Mitarbeiter: 1 bis 10 | Branche: Spielwaren- & Babyfachhandel | Rechtsform: Einzelunternehmen'),
('f5445e54-ff98-49ad-8112-8d92248dacb2', '27365dcc-6917-413d-93e7-5b097670e697', 'KALTAKQUISE', 'ACTIVE', 0, 'Funktion: Geschäftsführer/in (CEO) | Mitarbeiter: 11 bis 20 | Branche: Gartenbau & -pflege | Rechtsform: Gesellschaft mit beschränkter Haftung'),
('3a4558c2-19de-430f-905d-b2226dac114e', '290d1ceb-f9af-42ce-8542-e6657a714952', 'KALTAKQUISE', 'ACTIVE', 0, 'Funktion: Geschäftsführer/in (CEO) | Mitarbeiter: 101 bis 500 | Branche: Lebensmittelverarbeitung | Rechtsform: Aktiengesellschaft'),
('79fac282-aa6f-4864-97d4-fd9ab7a9b2a3', '62123e0e-a264-4bb6-b69d-fcfb80c6b9f4', 'KALTAKQUISE', 'ACTIVE', 0, 'Funktion: Geschäftsführer/in (CEO) | Mitarbeiter: 11 bis 20 | Branche: Online Shops | Rechtsform: Gesellschaft mit beschränkter Haftung'),
('a569eac8-2918-484c-9ca2-767cb839c628', '488d1335-dbbd-45f8-8ed7-421d5ab715ce', 'KALTAKQUISE', 'ACTIVE', 0, 'Funktion: Geschäftsführer/in (CEO) | Mitarbeiter: 101 bis 500 | Branche: Top 2''000 CH-Unternehmen | Rechtsform: Gesellschaft mit beschränkter Haftung'),
('66c14903-a92f-4133-9f1f-af2644c6b90e', '9e66943c-1245-4f21-a56a-d35f1b00b42b', 'KALTAKQUISE', 'ACTIVE', 0, 'Funktion: Geschäftsführer/in (CEO) | Mitarbeiter: 1 bis 10 | Branche: Museum & Theater | Rechtsform: Stiftung'),
('997cc206-9a2c-443c-bbcb-caef75091d4a', '4cbd8d7b-258b-4b0b-8282-b9600f0c14c4', 'KALTAKQUISE', 'ACTIVE', 0, 'Funktion: Geschäftsführer/in (CEO) | Mitarbeiter: 1 bis 10 | Branche: Werbeagenturen | Rechtsform: Aktiengesellschaft'),
('0427a887-3a9e-489e-92eb-075b41d20d95', 'ababf291-eb95-443e-bcaf-91aedd08d03c', 'KALTAKQUISE', 'ACTIVE', 0, 'Funktion: Geschäftsführer/in (CEO) | Mitarbeiter: 11 bis 20 | Branche: Family Offices / Fonds & sonstige Finanzinstitute / Externe Vermögensverwalter | Rechtsform: Aktiengesellschaft'),
('16273279-4f76-487f-9a25-f6e79b2ef8b9', '4e6108cb-df50-4f50-bf54-f92d3f84ca59', 'KALTAKQUISE', 'ACTIVE', 0, 'Funktion: Geschäftsführer/in (CEO) | Mitarbeiter: 1 bis 10 | Branche: Kosmetikstudios'),
('8203153a-4147-4eb2-804a-130f8735af98', '318f47e3-5519-48ff-8d3b-40fa7a80af42', 'KALTAKQUISE', 'ACTIVE', 0, 'Funktion: Geschäftsführer/in (CEO) | Mitarbeiter: 1 bis 10 | Branche: Metallbauer | Rechtsform: Gesellschaft mit beschränkter Haftung'),
('a0388a3c-c776-4bb2-bacd-f6344e60bcd5', 'c78524e6-6d98-4041-bd79-47873f71b534', 'KALTAKQUISE', 'ACTIVE', 0, 'Funktion: Geschäftsführer/in (CEO) | Mitarbeiter: 11 bis 20 | Branche: Logistik- & Transportunternehmen / Entsorgungsindustrie | Rechtsform: Aktiengesellschaft'),
('2689e21d-8ef7-4bf2-9558-ff1e6b7e9597', '20af5aed-321f-4529-8627-11b9ea478134', 'KALTAKQUISE', 'ACTIVE', 0, 'Funktion: Geschäftsführer/in (CEO) | Mitarbeiter: 21 bis 50 | Branche: Logistik- & Transportunternehmen | Rechtsform: Aktiengesellschaft'),
('56a299b9-eb38-406e-aac3-3e2044064e1b', '843bfbec-b9cc-4f16-a06e-fc64707e4e3d', 'KALTAKQUISE', 'ACTIVE', 0, 'Funktion: Geschäftsführer/in (CEO) | Mitarbeiter: 1 bis 10 | Branche: Logistik- & Transportunternehmen | Rechtsform: Aktiengesellschaft'),
('4ca3fa8b-67ee-4302-b0d3-a4d2109dfee1', 'acf14187-9a46-4a17-ac72-8cce772cea5a', 'KALTAKQUISE', 'ACTIVE', 0, 'Funktion: Geschäftsführer/in (CEO) | Mitarbeiter: 101 bis 500 | Branche: Top 2''000 CH-Unternehmen | Rechtsform: Aktiengesellschaft'),
('c3355276-c613-48dc-90f1-0533c141c287', '5aaea3c4-593b-44a5-8bbf-77a7752f6751', 'KALTAKQUISE', 'ACTIVE', 0, 'Funktion: Geschäftsführer/in (CEO) | Mitarbeiter: 1 bis 10 | Branche: Logistik- & Transportunternehmen | Rechtsform: Aktiengesellschaft'),
('d320c9fb-ae6a-45aa-8760-e160629cd9df', '642f2671-4d6b-4062-bc45-af3b0ce5f0e4', 'KALTAKQUISE', 'ACTIVE', 0, 'Funktion: Geschäftsführer/in (CEO) | Mitarbeiter: 51 bis 100 | Branche: Logistik- & Transportunternehmen | Rechtsform: Aktiengesellschaft'),
('7fb76c08-c8a7-4b35-80c6-48c77e8c30a2', '2b3a752a-3581-4ec1-9acc-d4cfe882d107', 'KALTAKQUISE', 'ACTIVE', 0, 'Funktion: Geschäftsführer/in (CEO) | Mitarbeiter: Mehr als 500 | Branche: Logistik- & Transportunternehmen'),
('3b1dbb95-12fd-4218-ac9b-e628a5615651', 'c4942be9-8a15-4f3a-91b7-5ca9646409a2', 'KALTAKQUISE', 'ACTIVE', 0, 'Funktion: Geschäftsführer/in (CEO) | Mitarbeiter: 1 bis 10 | Branche: Treuhandbüros | Rechtsform: Aktiengesellschaft'),
('039bb022-9156-4bca-af62-ff32d30fe297', '0e91435d-f034-48f0-b37b-8d7831da17e7', 'KALTAKQUISE', 'ACTIVE', 0, 'Funktion: Geschäftsführer/in (CEO) | Mitarbeiter: 1 bis 10 | Branche: Maschinenbauindustrie | Rechtsform: Aktiengesellschaft'),
('6e7e8f56-78a6-4268-9c33-42469ac2417c', 'cacf32de-c632-46cc-a2b3-420466cbd849', 'KALTAKQUISE', 'ACTIVE', 0, 'Funktion: Geschäftsführer/in (CEO) | Mitarbeiter: 11 bis 20 | Branche: Unternehmensberater | Rechtsform: Aktiengesellschaft'),
('5c96ca72-9437-41d2-9d6a-30a826ad8a21', 'd0b4967b-fb37-4d93-9aa4-1079f9bdf56e', 'KALTAKQUISE', 'ACTIVE', 0, 'Funktion: Geschäftsführer/in (CEO) | Mitarbeiter: 1 bis 10 | Branche: Atem- Meditation- & Yogacenter | Rechtsform: Gesellschaft mit beschränkter Haftung'),
('5f24b32b-b06d-4033-942a-61c2a13252da', 'b636dcb0-46ad-4b99-b8a6-779f5c8410ea', 'KALTAKQUISE', 'ACTIVE', 0, 'Funktion: Geschäftsführer/in (CEO) | Mitarbeiter: 1 bis 10 | Branche: Werbeagenturen | Rechtsform: Aktiengesellschaft'),
('9d956485-e53c-4f04-8db1-42d2490fc5eb', '440d0de1-0a74-4e31-bdd6-cbb84f9d7c39', 'KALTAKQUISE', 'ACTIVE', 0, 'Funktion: Geschäftsführer/in (CEO) | Mitarbeiter: 1 bis 10 | Branche: Unternehmensberater | Rechtsform: Gesellschaft mit beschränkter Haftung'),
('6bb7867b-bf06-469b-b654-a4e0a968d9fe', 'b7f88f57-7412-4924-8a75-3f5e1e7c027c', 'KALTAKQUISE', 'ACTIVE', 0, 'Funktion: Geschäftsführer/in (CEO) | Mitarbeiter: 51 bis 100 | Branche: Top 2''000 CH-Unternehmen / Logistik- & Transportunternehmen | Rechtsform: Aktiengesellschaft'),
('ee59437f-3819-43b0-b4f8-db96282461a3', '5fe2409c-b7bb-4576-93da-26e29acf95b6', 'KALTAKQUISE', 'ACTIVE', 0, 'Funktion: Geschäftsführer/in (CEO) | Mitarbeiter: 1 bis 10 | Branche: Logistik- & Transportunternehmen | Rechtsform: Aktiengesellschaft'),
('ff65752d-63c2-4f7b-bef9-faf9512e13e1', 'c5fe1d28-50fd-4668-ae33-7b44bf49f984', 'KALTAKQUISE', 'ACTIVE', 0, 'Funktion: Geschäftsführer/in (CEO) | Mitarbeiter: 1 bis 10 | Branche: Garagen | Rechtsform: Aktiengesellschaft'),
('740dc963-e6d0-4b5d-bb7e-93dbf4645245', '895f7c74-5650-40a7-9970-119f6c344307', 'KALTAKQUISE', 'ACTIVE', 0, 'Funktion: Geschäftsführer/in (CEO) | Mitarbeiter: 1 bis 10 | Branche: Logistik- & Transportunternehmen | Rechtsform: Aktiengesellschaft'),
('00b55aed-cb72-4302-99bd-7ff34840fccd', 'f13693e1-fb4b-41f0-8bdb-9e591edc0c1c', 'KALTAKQUISE', 'ACTIVE', 0, 'Funktion: Geschäftsführer/in (CEO) | Mitarbeiter: Mehr als 500 | Branche: Top 2''000 CH-Unternehmen | Rechtsform: Aktiengesellschaft'),
('d666fcec-3527-4959-86b7-88677a3de7d3', 'bb433f1c-697f-43ac-906b-3f05ad347f63', 'KALTAKQUISE', 'ACTIVE', 0, 'Funktion: Geschäftsführer/in (CEO) | Mitarbeiter: 51 bis 100 | Branche: Online Shops | Rechtsform: Aktiengesellschaft'),
('dc685037-c2a3-4ca0-9a94-59e380d558b5', '5571e386-f524-45ed-84a0-5e9097fe32e3', 'KALTAKQUISE', 'ACTIVE', 0, 'Funktion: Geschäftsführer/in (CEO) | Mitarbeiter: 21 bis 50 | Branche: Pensionskassen | Rechtsform: Stiftung'),
('54cc89fc-5ef0-4ac2-bcbd-69169c37ad73', '36f29286-e303-4086-bd8e-5c7f3038b00e', 'KALTAKQUISE', 'ACTIVE', 0, 'Funktion: Geschäftsführer/in (CEO) | Mitarbeiter: 1 bis 10 | Branche: Facility Management & Reinigungsfirmen | Rechtsform: Einzelunternehmen'),
('207385c3-9dfe-420a-aa8b-0d4954ceb605', '67a6b56c-e2b9-4a84-81ae-6b08ca05f785', 'KALTAKQUISE', 'ACTIVE', 0, 'Funktion: Geschäftsführer/in (CEO) | Mitarbeiter: 11 bis 20 | Branche: Logistik- & Transportunternehmen | Rechtsform: Gesellschaft mit beschränkter Haftung'),
('4732a38e-d29a-4494-8003-1eed9971cf5d', 'a01a1d06-7ece-48f2-9298-82c82decafd0', 'KALTAKQUISE', 'ACTIVE', 0, 'Funktion: Geschäftsführer/in (CEO) | Mitarbeiter: 11 bis 20 | Branche: Unternehmensberater | Rechtsform: Gesellschaft mit beschränkter Haftung'),
('f4a47564-8be7-4565-ace4-ae70c7aa35f1', 'f0c63cda-0e74-42ac-9342-176dc0b98841', 'KALTAKQUISE', 'ACTIVE', 0, 'Funktion: Geschäftsführer/in (CEO) | Mitarbeiter: 1 bis 10 | Branche: Psychiatrie & Psychotherapie | Rechtsform: Kommanditgesellschaft'),
('71b8f946-c87a-4bd8-8972-8dfbc8eed96a', 'b532c8b4-2e52-4956-81dc-d9a7bd1a15bd', 'KALTAKQUISE', 'ACTIVE', 0, 'Funktion: Geschäftsführer/in (CEO) | Mitarbeiter: 1 bis 10 | Branche: Atem- Meditation- & Yogacenter'),
('3ee92ece-7603-4b09-a5bb-3dd4c38bf313', '12cfc3d0-78c7-48e9-a366-80e2d1425a4b', 'KALTAKQUISE', 'ACTIVE', 0, 'Funktion: Geschäftsführer/in (CEO) | Mitarbeiter: 1 bis 10 | Branche: Entsorgungsindustrie | Rechtsform: Aktiengesellschaft'),
('ab1bf1ca-4268-47f9-aab7-bdcb2fc6ed23', '725d7dc3-932b-4055-b653-938c47e5a46e', 'KALTAKQUISE', 'ACTIVE', 0, 'Funktion: Geschäftsführer/in (CEO) | Mitarbeiter: 1 bis 10 | Branche: Logistik- & Transportunternehmen'),
('87632813-e889-4085-a02f-e8296fef7332', 'e6977a29-7317-427c-8f8d-1b502cae11a0', 'KALTAKQUISE', 'ACTIVE', 0, 'Funktion: Geschäftsführer/in (CEO) | Mitarbeiter: 1 bis 10 | Branche: Logistik- & Transportunternehmen'),
('489c2ddf-6c3b-42d9-8a54-b1097aa21e18', 'e51b6a24-bd7a-4900-b31c-1e6335a81072', 'KALTAKQUISE', 'ACTIVE', 0, 'Funktion: Geschäftsführer/in (CEO) | Mitarbeiter: 101 bis 500 | Branche: Divers'),
('93f13e7b-5a84-4316-8696-23121e7aca83', '3609c389-9f93-4f07-aa08-ecb53a24c552', 'KALTAKQUISE', 'ACTIVE', 0, 'Funktion: Geschäftsführer/in (CEO) | Mitarbeiter: 1 bis 10 | Branche: Logistik- & Transportunternehmen | Rechtsform: Einzelunternehmen'),
('15e1a5ae-d0b2-4250-997c-5ba9630badd5', 'd553a48e-8a5f-4f44-b22b-40fd6feaf35a', 'KALTAKQUISE', 'ACTIVE', 0, 'Funktion: Geschäftsführer/in (CEO) | Mitarbeiter: 11 bis 20 | Branche: Versicherungen | Rechtsform: Ausländische Niederlassung im Handelsregister eingetragen'),
('64fd55fc-6b0e-473b-bd34-beb984a3a61f', '069768b9-298f-4a30-8b55-ccafc493af00', 'KALTAKQUISE', 'ACTIVE', 0, 'Funktion: Geschäftsführer/in (CEO) | Mitarbeiter: 101 bis 500 | Branche: Logistik- & Transportunternehmen | Rechtsform: Aktiengesellschaft'),
('fa7e7592-63fa-422e-9989-262e2207fa54', '011a67ca-8f87-4ebf-9728-6b6a44d81482', 'KALTAKQUISE', 'ACTIVE', 0, 'Funktion: Geschäftsführer/in (CEO) | Mitarbeiter: 51 bis 100 | Branche: Energieindustrie | Rechtsform: Aktiengesellschaft'),
('b8978db8-9803-47d7-87e3-2141fe6ae8f3', '54cc87a1-038f-43e6-83e9-9491018c6272', 'KALTAKQUISE', 'ACTIVE', 0, 'Funktion: Geschäftsführer/in (CEO) | Mitarbeiter: 11 bis 20 | Branche: Elektroindustrie | Rechtsform: Aktiengesellschaft'),
('088d0203-0d14-4e6f-962e-57c620b8420a', '5833be1b-e25f-4bc3-b029-0e969e219717', 'KALTAKQUISE', 'ACTIVE', 0, 'Funktion: Geschäftsführer/in (CEO) | Mitarbeiter: 1 bis 10 | Branche: Atem- Meditation- & Yogacenter'),
('202acfa7-63f0-4635-a824-dfc03feae1db', '668799ac-9b31-469b-9e8b-5fb02fefbe30', 'KALTAKQUISE', 'ACTIVE', 0, 'Funktion: Geschäftsführer/in (CEO) | Mitarbeiter: 1 bis 10 | Branche: Atem- Meditation- & Yogacenter'),
('a06f91da-dc66-4eee-b2ad-1d09db1fc9f3', 'a2ba0b1b-c32e-4e25-beeb-5943345aac8d', 'KALTAKQUISE', 'ACTIVE', 0, 'Funktion: Geschäftsführer/in (CEO) | Mitarbeiter: 1 bis 10 | Branche: Atem- Meditation- & Yogacenter'),
('c931422d-19bf-41a0-a6b5-3b77320b9f8d', 'a19f00c6-8c89-4f2e-a7c6-b37271890a2d', 'KALTAKQUISE', 'ACTIVE', 0, 'Funktion: Geschäftsführer/in (CEO) | Mitarbeiter: 101 bis 500 | Branche: Top 2''000 CH-Unternehmen | Rechtsform: Gesellschaft mit beschränkter Haftung'),
('ee52c382-ce11-431d-92fc-958a9aab95f2', '8d70f8a1-e405-4146-af13-6a8a0bf65741', 'KALTAKQUISE', 'ACTIVE', 0, 'Funktion: Geschäftsführer/in (CEO) | Mitarbeiter: 51 bis 100 | Branche: Elektroindustrie | Rechtsform: Aktiengesellschaft'),
('76a87bd1-fb9e-4fa1-8219-97871e9f95a7', 'bf14b7a2-355e-4d51-8424-21649ca5b233', 'KALTAKQUISE', 'ACTIVE', 0, 'Funktion: Geschäftsführer/in (CEO) | Mitarbeiter: 1 bis 10 | Branche: Uhrenindustrie | Rechtsform: Aktiengesellschaft'),
('7acfd6de-db67-4c39-897b-01361f29ee14', 'a14fc7e6-56c8-406f-ae9c-648b42096248', 'KALTAKQUISE', 'ACTIVE', 0, 'Funktion: Geschäftsführer/in (CEO) | Mitarbeiter: 1 bis 10 | Branche: Detailhandel - Food & Getränke | Rechtsform: Gesellschaft mit beschränkter Haftung'),
('544316e8-b660-47d9-bf1e-d675e8414c18', 'c13c0c94-7d23-437b-bcef-417b3a90c34d', 'KALTAKQUISE', 'ACTIVE', 0, 'Funktion: Geschäftsführer/in (CEO) | Mitarbeiter: 51 bis 100 | Branche: Medizintechnik-Industrie'),
('d6e526e7-04f6-413f-a941-7c25213b144c', '40753f83-eed3-45ab-afb6-ae01339b2c4b', 'KALTAKQUISE', 'ACTIVE', 0, 'Funktion: Geschäftsführer/in (CEO) | Mitarbeiter: 11 bis 20 | Branche: Online Shops | Rechtsform: Gesellschaft mit beschränkter Haftung'),
('d2138fd5-8995-4bd7-80c9-e964d218a422', '956bb50b-8293-4132-addb-3e4f257576b8', 'KALTAKQUISE', 'ACTIVE', 0, 'Funktion: Geschäftsführer/in (CEO) | Mitarbeiter: 1 bis 10 | Branche: Metallbauer | Rechtsform: Gesellschaft mit beschränkter Haftung'),
('ee966589-bc06-46d5-9196-215b7cea21ce', 'e8152a4b-5dad-4480-9244-ccfb8ac6942d', 'KALTAKQUISE', 'ACTIVE', 0, 'Funktion: Geschäftsführer/in (CEO) | Mitarbeiter: 1 bis 10 | Branche: Elektroindustrie | Rechtsform: Gesellschaft mit beschränkter Haftung'),
('b0637d51-c991-4cea-8b6d-beec5df76351', 'a5015417-15c2-4858-b737-dc54529cd025', 'KALTAKQUISE', 'ACTIVE', 0, 'Funktion: Geschäftsführer/in (CEO) | Mitarbeiter: 1 bis 10 | Branche: Unternehmensberater | Rechtsform: Gesellschaft mit beschränkter Haftung'),
('a6212928-670d-4d62-96b6-54457d673564', '06225e3f-3c82-4ec7-b03f-db83a478142b', 'KALTAKQUISE', 'ACTIVE', 0, 'Funktion: Geschäftsführer/in (CEO) | Mitarbeiter: 1 bis 10 | Branche: Restaurants | Rechtsform: Gesellschaft mit beschränkter Haftung'),
('2aabc9b7-d61b-4239-ba7e-a35a8bea45c6', '05aa3948-d960-4acd-888e-6a870a79d280', 'KALTAKQUISE', 'ACTIVE', 0, 'Funktion: Geschäftsführer/in (CEO) | Mitarbeiter: 1 bis 10 | Branche: Restaurants | Rechtsform: Gesellschaft mit beschränkter Haftung'),
('b603ead1-9801-4dc2-84e4-831ac64a943d', 'c6c101cf-69d9-41d2-8975-58a10ebc6b25', 'KALTAKQUISE', 'ACTIVE', 0, 'Funktion: Geschäftsführer/in (CEO) | Mitarbeiter: 1 bis 10 | Branche: Restaurants'),
('661ed572-c49a-414c-af70-c855ccc77181', '5600b6a8-23b7-432a-b6e7-b6fe7c66b889', 'KALTAKQUISE', 'ACTIVE', 0, 'Funktion: Geschäftsführer/in (CEO) | Mitarbeiter: 1 bis 10 | Branche: Restaurants | Rechtsform: Aktiengesellschaft'),
('25502a59-00e4-4342-9412-2335ec1ffc94', 'f3d8e23b-e9c0-477d-be8c-eb1f6befec24', 'KALTAKQUISE', 'ACTIVE', 0, 'Funktion: Geschäftsführer/in (CEO) | Mitarbeiter: 11 bis 20 | Branche: Restaurants'),
('8c481f8a-4065-4836-8518-69eae48eac62', '4a6ddff6-292a-4a11-a4be-5de5d8019bed', 'KALTAKQUISE', 'ACTIVE', 0, 'Funktion: Geschäftsführer/in (CEO) | Mitarbeiter: 1 bis 10 | Branche: Restaurants'),
('6a3539b9-0748-4bbf-a78d-055a8a55c883', 'b2c8e2ff-5ef9-4cd6-80bd-31f7caeec12b', 'KALTAKQUISE', 'ACTIVE', 0, 'Funktion: Geschäftsführer/in (CEO) | Mitarbeiter: 1 bis 10 | Branche: Restaurants'),
('14cd8497-57d8-4827-896c-4298743c8206', '3505636c-09fc-44aa-8a40-5efaa52b88e3', 'KALTAKQUISE', 'ACTIVE', 0, 'Funktion: Geschäftsführer/in (CEO) | Mitarbeiter: 1 bis 10 | Branche: Restaurants'),
('2f12ed78-6538-4ef0-904c-6fa70e90a9d6', 'c306a37c-0a30-4e9a-acaf-59440c94a4f0', 'KALTAKQUISE', 'ACTIVE', 0, 'Funktion: Geschäftsführer/in (CEO) | Mitarbeiter: 1 bis 10 | Branche: Restaurants'),
('c7a1a909-4936-4ec9-9c94-19022cfbd978', '9203105e-cbb6-4a57-a640-7760c4f7959b', 'KALTAKQUISE', 'ACTIVE', 0, 'Funktion: Geschäftsführer/in (CEO) | Mitarbeiter: 1 bis 10 | Branche: Restaurants | Rechtsform: Einzelunternehmen'),
('4fee1430-7a41-4259-aeaa-2e635d5d29d2', '9067f100-9687-4822-ad81-c884a0f94fde', 'KALTAKQUISE', 'ACTIVE', 0, 'Funktion: Geschäftsführer/in (CEO) | Mitarbeiter: 1 bis 10 | Branche: Restaurants | Rechtsform: Gesellschaft mit beschränkter Haftung'),
('e2296483-5bfb-4a59-baf8-77e88bbb6f43', '7575740a-f7cf-44dc-9adb-6c9892a20c3d', 'KALTAKQUISE', 'ACTIVE', 0, 'Funktion: Geschäftsführer/in (CEO) | Mitarbeiter: 1 bis 10 | Branche: Restaurants | Rechtsform: Gesellschaft mit beschränkter Haftung'),
('4cf82a0b-b065-457a-928d-5e1ffd7a5e78', 'a3b2b13c-89df-48b3-b1ac-4a2825121972', 'KALTAKQUISE', 'ACTIVE', 0, 'Funktion: Geschäftsführer/in (CEO) | Mitarbeiter: 1 bis 10 | Branche: Restaurants | Rechtsform: Einzelunternehmen'),
('fff65588-248b-4b75-aa34-21ffe99850f3', '019ec4b3-cbcf-4eda-9705-da2457e23b1e', 'KALTAKQUISE', 'ACTIVE', 0, 'Funktion: Geschäftsführer/in (CEO) | Mitarbeiter: 1 bis 10 | Branche: Restaurants | Rechtsform: Aktiengesellschaft'),
('777c51e3-2f5c-4421-90f2-ff27a68cf950', '867acc97-f59b-4805-9f33-df0f32111b19', 'KALTAKQUISE', 'ACTIVE', 0, 'Funktion: Geschäftsführer/in (CEO) | Mitarbeiter: 1 bis 10 | Branche: Restaurants | Rechtsform: Gesellschaft mit beschränkter Haftung'),
('3e3d4a2b-463d-40bd-998b-40d19e3bba8a', '6e13bf75-5567-442a-a9c1-fd46da40e784', 'KALTAKQUISE', 'ACTIVE', 0, 'Funktion: Geschäftsführer/in (CEO) | Mitarbeiter: 11 bis 20 | Branche: Hotels / Restaurants | Rechtsform: Aktiengesellschaft'),
('91ee3185-f48c-4e6f-a2a1-bbb62fb99e16', '4280fc6f-1c4e-4d41-8f7b-bfa5cd90e083', 'KALTAKQUISE', 'ACTIVE', 0, 'Funktion: Geschäftsführer/in (CEO) | Mitarbeiter: 1 bis 10 | Branche: Restaurants'),
('afa79bd1-9e63-43c2-a928-e313a2a41569', 'b384230e-e89e-480d-aa71-179a487c63fb', 'KALTAKQUISE', 'ACTIVE', 0, 'Funktion: Geschäftsführer/in (CEO) | Mitarbeiter: 1 bis 10 | Branche: Bauingenieurbüros | Rechtsform: Aktiengesellschaft'),
('5fd66135-9c54-4e57-affb-604e22df24c2', '62e352e5-2201-48d0-aa97-bb881a616d7f', 'KALTAKQUISE', 'ACTIVE', 0, 'Funktion: Geschäftsführer/in (CEO) | Mitarbeiter: 1 bis 10 | Branche: Hofläden & Bauernhöfe | Rechtsform: Aktiengesellschaft'),
('3a8fa8e0-827d-441d-9fab-ccc91a1ecbac', 'f6c29919-99b1-4202-8761-39f346d63487', 'KALTAKQUISE', 'ACTIVE', 0, 'Funktion: Geschäftsführer/in (CEO) | Mitarbeiter: 11 bis 20 | Branche: Spielwaren- & Babyfachhandel | Rechtsform: Aktiengesellschaft'),
('1310ec05-fd3b-4727-8f8c-9f2b5b3c28f3', 'b5686437-485f-4b8c-8db8-3ce9c9aad3a7', 'KALTAKQUISE', 'ACTIVE', 0, 'Funktion: Geschäftsführer/in (CEO) | Mitarbeiter: 21 bis 50 | Branche: Gartenbau & -pflege | Rechtsform: Gesellschaft mit beschränkter Haftung'),
('cb6573ef-0bae-4543-9de4-805807991559', '11ba2384-6347-4a99-bc3f-8d1706df21ef', 'KALTAKQUISE', 'ACTIVE', 0, 'Funktion: Geschäftsführer/in (CEO) | Mitarbeiter: 1 bis 10 | Branche: Naturheilpraxen'),
('a379cdd6-e09a-4d49-a8c7-41b4e8e4513b', 'dd9b17d7-74d5-4f92-bc27-4cf433dd88c9', 'KALTAKQUISE', 'ACTIVE', 0, 'Funktion: Geschäftsführer/in (CEO) | Mitarbeiter: 1 bis 10 | Branche: Atem- Meditation- & Yogacenter'),
('01bb9f10-de2d-4d1f-9532-eb952649349d', '29868161-c41f-4818-8379-b90c6074b133', 'KALTAKQUISE', 'ACTIVE', 0, 'Funktion: Geschäftsführer/in (CEO) | Mitarbeiter: 1 bis 10 | Branche: Schreinerei- & Holzbaubetriebe'),
('e3313511-da48-44ac-8d85-29b571479326', 'f12cb449-83ab-4e93-8469-86eaacc5fc36', 'KALTAKQUISE', 'ACTIVE', 0, 'Funktion: Geschäftsführer/in (CEO) | Mitarbeiter: 1 bis 10 | Branche: Lebensmittelverarbeitung / Online Shops | Rechtsform: Gesellschaft mit beschränkter Haftung'),
('3f2f3c9f-ea44-4f16-8eff-58f0e9218b36', '5f680c3f-ce52-4fe5-b6ab-5ef58cc340f1', 'KALTAKQUISE', 'ACTIVE', 0, 'Funktion: Chefredaktion | Mitarbeiter: 11 bis 20 | Branche: Zeitungen & Zeitschriften'),
('6d277d6f-bb61-45a2-b16d-efafa70562b5', 'be37fbb8-fa0b-494f-a0bd-2d8636043cf2', 'KALTAKQUISE', 'ACTIVE', 0, 'Funktion: Geschäftsführer/in (CEO) | Mitarbeiter: 21 bis 50 | Branche: Online Shops | Rechtsform: Gesellschaft mit beschränkter Haftung'),
('216b380a-4625-4857-9d11-a6db9b91f678', 'bac12480-743a-4f6a-a788-bb505e399da0', 'KALTAKQUISE', 'ACTIVE', 0, 'Funktion: Geschäftsführer/in (CEO) | Mitarbeiter: 1 bis 10 | Branche: Lebensmittelverarbeitung | Rechtsform: Gesellschaft mit beschränkter Haftung'),
('52295d7a-a4f6-4481-a5ff-13fe01f40239', 'd988d61d-b59b-4b58-a7c8-10b545932e46', 'KALTAKQUISE', 'ACTIVE', 0, 'Funktion: Geschäftsführer/in (CEO) | Mitarbeiter: 1 bis 10 | Branche: Gartenbau & -pflege'),
('8eeca947-032d-4e5b-b36f-c45c5d5490d1', 'a3f67d2a-01fc-4265-8a06-e6dacd7324c6', 'KALTAKQUISE', 'ACTIVE', 0, 'Funktion: Geschäftsführer/in (CEO) | Mitarbeiter: Mehr als 500 | Branche: Top 2''000 CH-Unternehmen / Logistik- & Transportunternehmen'),
('ce0b71b6-dca6-4941-8bbb-e6c50243163c', 'c57ddc21-3842-4c9f-be50-92b411486295', 'KALTAKQUISE', 'ACTIVE', 0, 'Funktion: Geschäftsführer/in (CEO) | Mitarbeiter: 1 bis 10 | Branche: Online Shops | Rechtsform: Aktiengesellschaft'),
('98b53ae2-b077-4a9b-9b07-4e9d90fd9f31', '4f568827-7904-403c-ae78-e5fc99fb16d7', 'KALTAKQUISE', 'ACTIVE', 0, 'Funktion: Geschäftsführer/in (CEO) | Mitarbeiter: 1 bis 10 | Branche: Arztpraxen'),
('86fe1b31-fb9a-4144-9948-c1a3553262d7', '1ba0aa52-9372-4fd1-a900-22ab74984fb8', 'KALTAKQUISE', 'ACTIVE', 0, 'Funktion: Chefredaktion | Mitarbeiter: 1 bis 10 | Branche: Zeitungen & Zeitschriften'),
('d1bc662b-260a-4a30-8369-692580a8443a', 'b2b72eac-e26d-4a99-acc9-ed1ff4283a4f', 'KALTAKQUISE', 'ACTIVE', 0, 'Funktion: Geschäftsführer/in (CEO) | Mitarbeiter: 21 bis 50 | Branche: Divers | Rechtsform: Aktiengesellschaft'),
('4432b0bf-6e46-4cec-a2ea-e2b89905aa97', '5312ceb7-3a09-4a0f-952b-a4f0221fcecc', 'KALTAKQUISE', 'ACTIVE', 0, 'Funktion: Geschäftsführer/in (CEO) | Mitarbeiter: 11 bis 20 | Branche: Unternehmensberater | Rechtsform: Gesellschaft mit beschränkter Haftung'),
('97f4322b-ad02-44ab-b7b7-450fa4dd0503', '1410b867-e47b-4315-bc31-c546b6a292c5', 'KALTAKQUISE', 'ACTIVE', 0, 'Funktion: Geschäftsführer/in (CEO) | Mitarbeiter: 11 bis 20 | Branche: Divers | Rechtsform: Aktiengesellschaft'),
('780debb7-c0af-43dd-b87f-520aca0c48db', '2e096da2-0457-4033-ba39-eae2c1030937', 'KALTAKQUISE', 'ACTIVE', 0, 'Funktion: Geschäftsführer/in (CEO) | Mitarbeiter: 1 bis 10 | Branche: Divers | Rechtsform: Einzelunternehmen'),
('6fe6b5d1-622e-4022-bd38-a3d1195a7100', 'bfab7beb-120d-4316-abf9-12a36e10e816', 'KALTAKQUISE', 'ACTIVE', 0, 'Funktion: Geschäftsführer/in (CEO) | Mitarbeiter: 101 bis 500 | Branche: Heime beeintr. Personen | Rechtsform: Verein'),
('22faef98-1ff9-4768-a3f1-549d34174aa8', '9298a70f-0e04-45d2-a925-73087f0527d7', 'KALTAKQUISE', 'ACTIVE', 0, 'Funktion: Geschäftsführer/in (CEO) | Mitarbeiter: 1 bis 10 | Branche: Immobilienverwaltung / Immobilienvermittlung | Rechtsform: Aktiengesellschaft'),
('7804414a-aecb-44b7-a854-53346b08ea3b', 'bc5adb2a-6f47-4815-8337-a169067af4c5', 'KALTAKQUISE', 'ACTIVE', 0, 'Funktion: Geschäftsführer/in (CEO) | Mitarbeiter: 1 bis 10 | Branche: Versicherungsbroker & -makler | Rechtsform: Aktiengesellschaft'),
('c2774a50-2f69-4eed-8b4c-a3ba12bad2c8', '679294c3-111c-446c-9bbe-23a59b162968', 'KALTAKQUISE', 'ACTIVE', 0, 'Funktion: Geschäftsführer/in (CEO) | Mitarbeiter: 11 bis 20 | Branche: Bio-Betriebe | Rechtsform: Aktiengesellschaft'),
('7fc4d2a2-b447-4939-8c0e-ef4e3a3c4ec7', '329af07b-577e-4f40-9c30-6f56fb7d4451', 'KALTAKQUISE', 'ACTIVE', 0, 'Funktion: Geschäftsführer/in (CEO) | Mitarbeiter: 1 bis 10 | Branche: Architekturbüros | Rechtsform: Gesellschaft mit beschränkter Haftung'),
('6ad7f6a6-af6f-4a8e-85a0-14d7d8dca1f8', 'c7cdba07-5fad-4659-8b12-6e45d3857a8f', 'KALTAKQUISE', 'ACTIVE', 0, 'Funktion: Geschäftsführer/in (CEO) | Mitarbeiter: 1 bis 10 | Branche: Unternehmensberater | Rechtsform: Gesellschaft mit beschränkter Haftung'),
('359c681e-b6b4-4478-847f-0422404efdfc', '3c2a0651-92ca-4cd9-be9b-bab2c3a3958e', 'KALTAKQUISE', 'ACTIVE', 0, 'Funktion: Geschäftsführer/in (CEO) | Mitarbeiter: 21 bis 50 | Branche: Elektroplanung & Installation | Rechtsform: Aktiengesellschaft'),
('4fec5c80-4364-4a5a-a4fc-b906fa4d6a13', 'f5f693e7-e042-486c-9993-8a7a82e72262', 'KALTAKQUISE', 'ACTIVE', 0, 'Funktion: Geschäftsführer/in (CEO) | Mitarbeiter: 1 bis 10 | Branche: Coiffeursalons | Rechtsform: Einzelunternehmen'),
('2f7ba4e5-3153-4128-937e-e6e38f4dead4', '225bf8ad-05cc-4112-95d9-72494ec14eac', 'KALTAKQUISE', 'ACTIVE', 0, 'Funktion: Geschäftsführer/in (CEO) | Mitarbeiter: 1 bis 10 | Branche: Personalvermittler & -berater | Rechtsform: Gesellschaft mit beschränkter Haftung'),
('ef7d796a-93aa-4e03-9172-fe001aea7775', '3d50dcd6-2523-41c5-9fb4-2c0a5beb8d32', 'KALTAKQUISE', 'ACTIVE', 0, 'Funktion: Geschäftsführer/in (CEO) | Mitarbeiter: 1 bis 10 | Branche: Treuhandbüros / Unternehmensberater | Rechtsform: Aktiengesellschaft'),
('f972b96d-9449-441b-ae2c-4f9c23f91dd4', '1a636617-4213-4a01-b191-802d09afb5ba', 'KALTAKQUISE', 'ACTIVE', 0, 'Funktion: Geschäftsführer/in (CEO) | Mitarbeiter: 1 bis 10 | Branche: Chemieindustrie | Rechtsform: Aktiengesellschaft'),
('54b214b2-d49c-42bf-83df-845fa212f2d5', '36ddd2a9-e410-4011-a7d3-86b8b888b5c5', 'KALTAKQUISE', 'ACTIVE', 0, 'Funktion: Geschäftsführer/in (CEO) | Mitarbeiter: 1 bis 10 | Branche: Online Shops | Rechtsform: Aktiengesellschaft'),
('41bf1dc4-176b-441a-a7f6-c447ea37b49c', '67def343-f8c3-4862-838b-2f59c1f98606', 'KALTAKQUISE', 'ACTIVE', 0, 'Funktion: Geschäftsführer/in (CEO) | Mitarbeiter: 1 bis 10 | Branche: FinTech | Rechtsform: Gesellschaft mit beschränkter Haftung'),
('379e43a8-46ea-4eaa-ac1a-37fb5da4653f', 'dbf1467c-cca9-4947-a571-f10c3df8400c', 'KALTAKQUISE', 'ACTIVE', 0, 'Funktion: Geschäftsführer/in (CEO) | Mitarbeiter: 1 bis 10 | Branche: Treuhandbüros | Rechtsform: Aktiengesellschaft'),
('7042376f-dd87-42cc-97c5-66a664f13bb4', 'fea9dc24-1e8d-4e72-95da-0bacbd7f08d0', 'KALTAKQUISE', 'ACTIVE', 0, 'Funktion: Geschäftsführer/in (CEO) | Mitarbeiter: 1 bis 10 | Branche: Treuhandbüros / Unternehmensberater | Rechtsform: Aktiengesellschaft'),
('37499a64-b93f-4c3a-becc-87d34e8b9cac', '6172ce3d-393e-4888-99cb-f292ea1bd67e', 'KALTAKQUISE', 'ACTIVE', 0, 'Funktion: Geschäftsführer/in (CEO) | Mitarbeiter: 1 bis 10 | Branche: Unternehmensberater | Rechtsform: Gesellschaft mit beschränkter Haftung'),
('400eb953-6ad7-488a-855a-9687467da6fd', '8e2bad8f-de89-45ac-bcb3-2f7846222fdd', 'KALTAKQUISE', 'ACTIVE', 0, 'Funktion: Geschäftsführer/in (CEO) | Mitarbeiter: 1 bis 10 | Branche: Restaurants | Rechtsform: Gesellschaft mit beschränkter Haftung'),
('3ee5263c-d442-4d55-9cd4-50ce6a3eca47', 'cadc1075-ea76-42a3-990f-2c8d2df7ba29', 'KALTAKQUISE', 'ACTIVE', 0, 'Funktion: Geschäftsführer/in (CEO) | Mitarbeiter: 11 bis 20 | Branche: Lebensmittelverarbeitung / Online Shops | Rechtsform: Aktiengesellschaft'),
('d98de404-7a84-4187-bae9-8158ba8879b7', '2528f24b-3f19-499b-a35d-b196f6485800', 'KALTAKQUISE', 'ACTIVE', 0, 'Funktion: Geschäftsführer/in (CEO) | Mitarbeiter: 1 bis 10 | Branche: FinTech | Rechtsform: Aktiengesellschaft'),
('ed25bac8-4453-4c40-bd55-abb12b2fe23a', 'b472d824-c5a6-4ca5-a355-cbb65522591d', 'KALTAKQUISE', 'ACTIVE', 0, 'Funktion: Geschäftsführer/in (CEO) | Mitarbeiter: 1 bis 10 | Branche: Unternehmensberater'),
('bd614792-ac32-4bca-9e79-54a3a28d9489', '234b75ed-c510-4cbd-95a8-7d7a7c46e889', 'KALTAKQUISE', 'ACTIVE', 0, 'Funktion: Geschäftsführer/in (CEO) | Mitarbeiter: 1 bis 10 | Branche: Weiterbildungsinstitute'),
('879628b6-c48a-44d3-a27b-83d859c86f99', '6cd0eb91-29b3-4f8a-bf5d-5087cf21301e', 'KALTAKQUISE', 'ACTIVE', 0, 'Funktion: Geschäftsführer/in (CEO) | Mitarbeiter: 11 bis 20 | Branche: Treuhandbüros / Immobilienverwaltung / Immobilienvermittlung | Rechtsform: Aktiengesellschaft'),
('0ae4455f-e28a-46cf-ac74-c226adc99708', '3aa558b7-414e-47a9-a678-09ecb2b01ef9', 'KALTAKQUISE', 'ACTIVE', 0, 'Funktion: Geschäftsführer/in (CEO) | Mitarbeiter: 1 bis 10 | Branche: Versicherungsbroker & -makler | Rechtsform: Aktiengesellschaft'),
('690809eb-3f14-4be4-9c54-2a23be82939d', 'e47bf562-6916-40ee-a943-0a09eca05b34', 'KALTAKQUISE', 'ACTIVE', 0, 'Funktion: Geschäftsführer/in (CEO) | Mitarbeiter: 11 bis 20 | Branche: IT Unternehmen / Unternehmensberater | Rechtsform: Aktiengesellschaft'),
('2ec181bd-b4e4-466d-8517-2a8cfa74d185', 'e202aefb-c12e-42bc-9f0b-d1cb2ce621f0', 'KALTAKQUISE', 'ACTIVE', 0, 'Funktion: Geschäftsführer/in (CEO) | Mitarbeiter: 11 bis 20 | Branche: Nachhaltigkeitsbereich | Rechtsform: Gesellschaft mit beschränkter Haftung'),
('2aa3b674-f4c7-4532-8e8d-2b2fd50cee07', '2ec4985e-269c-4b4e-bf89-3c537a62a55a', 'KALTAKQUISE', 'ACTIVE', 0, 'Funktion: Geschäftsführer/in (CEO) | Mitarbeiter: 1 bis 10 | Branche: Spielwaren- & Babyfachhandel | Rechtsform: Gesellschaft mit beschränkter Haftung'),
('6907ee23-f8fc-4a94-b5a6-dfa46a342b4d', '8ab41642-aabd-4ca3-87bc-4ab9ba668a89', 'KALTAKQUISE', 'ACTIVE', 0, 'Funktion: Geschäftsführer/in (CEO) | Mitarbeiter: 1 bis 10 | Branche: Restaurants | Rechtsform: Gesellschaft mit beschränkter Haftung'),
('34cae0dc-52d6-4a99-b48b-055a5d341efa', '4a0ead22-4556-44ea-8ab4-63d79487379d', 'KALTAKQUISE', 'ACTIVE', 0, 'Funktion: Geschäftsführer/in (CEO) | Mitarbeiter: 1 bis 10 | Branche: Detailhandel - Food & Getränke | Rechtsform: Gesellschaft mit beschränkter Haftung'),
('f8bab845-f918-473e-ad42-6a344241cc29', 'b9ccfe7e-1d47-43f7-944f-fb8c75627f39', 'KALTAKQUISE', 'ACTIVE', 0, 'Funktion: Geschäftsführer/in (CEO) | Mitarbeiter: 1 bis 10 | Branche: Treuhandbüros | Rechtsform: Gesellschaft mit beschränkter Haftung'),
('85b15084-c780-4784-b78e-2f9509120a91', '8addfba7-3f78-4ea9-b54e-ed098e023837', 'KALTAKQUISE', 'ACTIVE', 0, 'Funktion: Geschäftsführer/in (CEO) | Mitarbeiter: 1 bis 10 | Branche: Treuhandbüros | Rechtsform: Aktiengesellschaft'),
('bcc506dd-523b-4aed-81f2-6a6cc08512c7', '07109612-08dd-4056-993e-19544d1b3cc5', 'KALTAKQUISE', 'ACTIVE', 0, 'Funktion: Geschäftsführer/in (CEO) | Mitarbeiter: 1 bis 10 | Branche: Treuhandbüros | Rechtsform: Aktiengesellschaft'),
('110f281f-ac52-4fbd-bbde-fb539f91fe62', '18bfb151-eda4-4f49-a1a2-a393848573f9', 'KALTAKQUISE', 'ACTIVE', 0, 'Funktion: Geschäftsführer/in (CEO) | Mitarbeiter: 1 bis 10 | Branche: Treuhandbüros | Rechtsform: Aktiengesellschaft'),
('42a64c3b-883d-47da-b484-4d1f72601139', '27f48167-7b59-4f29-a6a2-92df05296d96', 'KALTAKQUISE', 'ACTIVE', 0, 'Funktion: Geschäftsführer/in (CEO) | Mitarbeiter: 1 bis 10 | Branche: IT Unternehmen | Rechtsform: Aktiengesellschaft'),
('7306eea7-02ad-4c0b-a36d-88957e98e84d', 'fb325f02-5a97-48c6-a4fa-8dcd8f0290c1', 'KALTAKQUISE', 'ACTIVE', 0, 'Funktion: Geschäftsführer/in (CEO) | Mitarbeiter: 1 bis 10 | Branche: Restaurants | Rechtsform: Aktiengesellschaft'),
('6cb06f00-c995-425a-96c2-4b4696ce686b', '926f2da4-e5a5-4ac1-b6f5-a75071a21dec', 'KALTAKQUISE', 'ACTIVE', 0, 'Funktion: Geschäftsführer/in (CEO) | Mitarbeiter: 51 bis 100 | Branche: Baugeschäfte | Rechtsform: Aktiengesellschaft'),
('925b8843-9573-4601-a5b6-58c8cabd90e5', '73dfbe13-58d2-4c90-b587-34268ec6cef5', 'KALTAKQUISE', 'ACTIVE', 0, 'Funktion: Geschäftsführer/in (CEO) | Mitarbeiter: 1 bis 10 | Branche: Schreinerei- & Holzbaubetriebe'),
('1992483b-8237-45c6-87fa-bbd651ed6311', 'e764a084-06ba-4baa-a7c0-3f9e2bbd3ef3', 'KALTAKQUISE', 'ACTIVE', 0, 'Funktion: Geschäftsführer/in (CEO) | Mitarbeiter: 1 bis 10 | Branche: Hofläden & Bauernhöfe / Nachhaltigkeitsbereich'),
('3ca1ff31-d94d-42d2-a171-33277930c2ee', 'ee7960a1-7505-4368-bbf4-2d7d33e7e488', 'KALTAKQUISE', 'ACTIVE', 0, 'Funktion: Geschäftsführer/in (CEO) | Mitarbeiter: 1 bis 10 | Branche: Atem- Meditation- & Yogacenter'),
('b60bda46-7feb-4dac-be73-0571505e2e61', '8145ebaf-6d50-43c9-be9b-41a9c51fbc93', 'KALTAKQUISE', 'ACTIVE', 0, 'Funktion: Geschäftsführer/in (CEO) | Mitarbeiter: 101 bis 500 | Branche: Nachhaltigkeitsbereich / Kunststoffindustrie | Rechtsform: Aktiengesellschaft'),
('acfd3d60-c2a5-43c9-ae8d-406ebe61fab8', 'dae5605c-b213-4ced-b90a-d3e1bbda2050', 'KALTAKQUISE', 'ACTIVE', 0, 'Funktion: Geschäftsführer/in (CEO) | Mitarbeiter: 11 bis 20 | Branche: Elektroindustrie | Rechtsform: Aktiengesellschaft'),
('c759d5f8-7279-4e2d-b086-cfdff22b5b31', '65c0e54d-b850-42fb-b30d-97c280549408', 'KALTAKQUISE', 'ACTIVE', 0, 'Funktion: Geschäftsführer/in (CEO) | Mitarbeiter: 11 bis 20 | Branche: Catering'),
('a4e16968-0412-4b5c-93ab-e2c633adc2fd', '403327c5-42b5-4af2-ab21-4a36b46de2ec', 'KALTAKQUISE', 'ACTIVE', 0, 'Funktion: Geschäftsführer/in (CEO) | Mitarbeiter: 1 bis 10 | Branche: Architekturbüros | Rechtsform: Gesellschaft mit beschränkter Haftung'),
('594b8744-f63c-456a-81a1-166732fd65a0', '63ce1eaa-3261-4907-b2f3-f409100be89e', 'KALTAKQUISE', 'ACTIVE', 0, 'Funktion: Geschäftsführer/in (CEO) | Mitarbeiter: 1 bis 10 | Branche: Coiffeursalons | Rechtsform: Einzelunternehmen'),
('96c0dad7-c210-43da-827b-840ca3fae7d3', '9da33036-e9d7-4e2d-851c-a4439410b61a', 'KALTAKQUISE', 'ACTIVE', 0, 'Funktion: Geschäftsführer/in (CEO) | Mitarbeiter: 1 bis 10 | Branche: Coiffeursalons | Rechtsform: Gesellschaft mit beschränkter Haftung'),
('8176a1f5-2897-42f3-b601-0d2cc24906ba', 'aa8a46da-5b54-4cbe-8683-2b8b66cfeaf9', 'KALTAKQUISE', 'ACTIVE', 0, 'Funktion: Geschäftsführer/in (CEO) | Mitarbeiter: 1 bis 10 | Branche: Coiffeursalons'),
('926fac54-403c-46cf-baaf-7f39ecb1e616', '62a88cb0-1580-47e1-81e8-d7fac56581a5', 'KALTAKQUISE', 'ACTIVE', 0, 'Funktion: Geschäftsführer/in (CEO) | Mitarbeiter: 1 bis 10 | Branche: Coiffeursalons | Rechtsform: Einzelunternehmen'),
('de268c2a-ec06-4091-ac07-b960bed987c7', '57a49f60-d1c9-448e-a742-aecb63afbdf3', 'KALTAKQUISE', 'ACTIVE', 0, 'Funktion: Geschäftsführer/in (CEO) | Mitarbeiter: 1 bis 10 | Branche: Boden- & Plattenleger'),
('9264b0de-10fe-4b91-b6af-7f6a34f243dd', '1a5da431-e6ed-4a56-a26a-34dd1bd5a51e', 'KALTAKQUISE', 'ACTIVE', 0, 'Funktion: Geschäftsführer/in (CEO) | Mitarbeiter: 1 bis 10 | Branche: Coiffeursalons | Rechtsform: Gesellschaft mit beschränkter Haftung'),
('ed6a3e7a-f659-4847-aebd-1252e040cdc9', 'a2484b81-dae5-4b63-9921-7094260c2cab', 'KALTAKQUISE', 'ACTIVE', 0, 'Funktion: Geschäftsführer/in (CEO) | Mitarbeiter: 1 bis 10 | Branche: Medizintechnik-Industrie'),
('c1858c76-3028-4d87-a77f-82c6eecddec0', '403eb139-bed5-49a4-9035-bcad0811d69e', 'KALTAKQUISE', 'ACTIVE', 0, 'Funktion: Geschäftsführer/in (CEO) | Mitarbeiter: 1 bis 10 | Branche: Facility Management & Reinigungsfirmen'),
('1d33b880-f274-494a-bc18-e21fe016a339', 'aaa64723-b448-4d83-a59d-44e0886bda0e', 'KALTAKQUISE', 'ACTIVE', 0, 'Funktion: Geschäftsführer/in (CEO) | Mitarbeiter: 1 bis 10 | Branche: Coiffeursalons | Rechtsform: Einzelunternehmen'),
('e7e5608c-3e0d-471f-8c3a-0d88edb83800', '79dd13f2-cc6c-467d-9b09-fbb5a85c887e', 'KALTAKQUISE', 'ACTIVE', 0, 'Funktion: Geschäftsführer/in (CEO) | Mitarbeiter: 11 bis 20 | Branche: Chemieindustrie | Rechtsform: Aktiengesellschaft'),
('3e8968a0-470c-4015-af85-fbe5f5250b82', '4798e2c2-174c-462c-8944-12f28b5b83cf', 'KALTAKQUISE', 'ACTIVE', 0, 'Funktion: Geschäftsführer/in (CEO) | Mitarbeiter: 51 bis 100 | Branche: Werbeagenturen | Rechtsform: Aktiengesellschaft'),
('1df939cc-793b-4880-86f2-875d30e98826', '0cd6792a-8c19-4d63-8f18-3d96f0f909e5', 'KALTAKQUISE', 'ACTIVE', 0, 'Funktion: Geschäftsführer/in (CEO) | Mitarbeiter: 1 bis 10 | Branche: Innenausstatter / Textil- & Möbelindustrie | Rechtsform: Einzelunternehmen'),
('1c8378eb-4c82-4202-ad8e-b28929fac2a4', '25694873-f7f8-42df-88e4-7a54a8dcc956', 'KALTAKQUISE', 'ACTIVE', 0, 'Funktion: Geschäftsführer/in (CEO) | Mitarbeiter: 1 bis 10 | Branche: Werbeagenturen | Rechtsform: Gesellschaft mit beschränkter Haftung'),
('e73f5bb6-5266-4ac4-88f0-92a372041c4f', '797f32db-8bdb-4a48-9be8-24349262c440', 'KALTAKQUISE', 'ACTIVE', 0, 'Funktion: Geschäftsführer/in (CEO) | Mitarbeiter: 11 bis 20 | Branche: Online Shops | Rechtsform: Aktiengesellschaft'),
('321ffb6a-bb87-4935-95de-faf28cde5988', '9bdda994-505a-46c6-a38b-a57b4c4e8186', 'KALTAKQUISE', 'ACTIVE', 0, 'Funktion: Geschäftsführer/in (CEO) | Mitarbeiter: 1 bis 10 | Branche: Innenausstatter | Rechtsform: Aktiengesellschaft'),
('37da4f24-3dab-4a03-981b-55753c87a4e6', '75f01c53-7360-42f6-8ab4-5ded8a5eba02', 'KALTAKQUISE', 'ACTIVE', 0, 'Funktion: Geschäftsführer/in (CEO) | Mitarbeiter: 21 bis 50 | Branche: Online Shops | Rechtsform: Gesellschaft mit beschränkter Haftung'),
('09c6efa9-47c7-4ca4-9e12-fdf0f6594748', 'e313cdc1-c66b-4022-95cb-7ec1d72a09cf', 'KALTAKQUISE', 'ACTIVE', 0, 'Funktion: Geschäftsführer/in (CEO) | Mitarbeiter: 11 bis 20 | Branche: Online Shops | Rechtsform: Aktiengesellschaft');

INSERT INTO lead_tags (lead_id, tag_id) VALUES
('08ec7463-a8a8-4b97-b476-c0d18d44e8bb', 'ka-b2b'),
('f20fb0db-e669-4727-bc39-59419c6f8422', 'ka-b2b'),
('d1d8a0bf-8d1f-4906-a1bf-96514061131f', 'ka-b2b'),
('940f69e1-02f4-4f59-88f6-291495186902', 'ka-b2b'),
('bd547f27-5821-4634-96e0-362058a36c05', 'ka-b2b'),
('c27f6d47-9f39-4913-b93d-ef2caee41d5a', 'ka-b2b'),
('78e79050-ed17-4964-9028-6416dd700275', 'ka-b2b'),
('2dda1496-9ee7-4d41-acef-cf6ab73f87de', 'ka-b2b'),
('108886e7-1362-4cee-976f-241433f1f1db', 'ka-b2b'),
('6b8c472b-cf24-47b9-be17-10aedc27cccd', 'ka-b2b'),
('a7da3a84-d0cf-4eb5-9f5f-333f29b83806', 'ka-b2b'),
('f93c39e6-4faa-49d2-b32a-96ce6f45f11a', 'ka-b2b'),
('08fbef4f-d1ff-435e-8a9f-cee604c1d622', 'ka-b2b'),
('2767ca5b-0f8d-4011-862f-2986c1e2cfb6', 'ka-b2b'),
('a289713b-b533-4acd-ab19-30df2d0236b9', 'ka-b2b'),
('5554c361-5804-4d87-be11-a5a117be5b0f', 'ka-b2b'),
('c00c6563-f18c-4145-b992-4f7c5466d332', 'ka-b2b'),
('9201536b-1680-436d-90e9-58adc35d0906', 'ka-b2b'),
('49498f67-33ac-4097-bcd8-c7076ad4c405', 'ka-b2b'),
('380ff87a-1c03-438b-986e-74a12eb1ed0a', 'ka-b2b'),
('d0691380-23e2-4aee-8fb7-13ce5ad264ef', 'ka-b2b'),
('a333428c-b812-4b25-bb9c-64e869a62798', 'ka-b2b'),
('26e16317-29f8-435a-9df4-625a82a4bdc3', 'ka-b2b'),
('e470b2bd-f8e2-4f54-8279-b1aa73360b42', 'ka-b2b'),
('8d447a3f-4c62-49ac-beb1-da94dd953570', 'ka-b2b'),
('0212c628-2392-40b2-a5b5-0b97bf7af83d', 'ka-b2b'),
('00a62f59-49a3-41fc-8c12-c00519cfc451', 'ka-b2b'),
('1fa87a4a-00df-406e-9b4c-bc74871228c1', 'ka-b2b'),
('c84ae2d3-4b1c-4752-8110-e2e520f66719', 'ka-b2b'),
('9ba6e080-eefb-4d7e-9976-b23f01912945', 'ka-b2b'),
('4c8d960d-9e2b-4a59-a9d4-f9683f5876ba', 'ka-b2b'),
('93695166-f57b-4c8f-b619-bcce1d1d7b1b', 'ka-b2b'),
('30ad83cf-966e-467e-9b30-8f78d2796041', 'ka-b2b'),
('73010099-e1f4-4aeb-b04d-43206461cd4e', 'ka-b2b'),
('030c3039-5f7d-41c5-8f05-577201f62aca', 'ka-b2b'),
('76a8dac1-3c8a-49d5-99a4-5e40ea066bdb', 'ka-b2b'),
('caa74a7a-c04b-4706-a17a-85cd14fc32c1', 'ka-b2b'),
('591f3914-7252-4e64-b0d8-5bbfa260e725', 'ka-b2b'),
('1a9b5045-7226-44ff-b2fa-07bf6b716611', 'ka-b2b'),
('1dd2e8be-9a7b-465d-abf5-fcc91203738b', 'ka-b2b'),
('5f6deeb6-741a-40bf-ba76-99f055b0124e', 'ka-b2b'),
('1a539f55-3ece-4b25-9edc-0af10ff53512', 'ka-b2b'),
('5156d257-45f1-4363-adc9-50f46e1b256e', 'ka-b2b'),
('81a409a2-ad00-43bb-8025-97424ba06d4b', 'ka-b2b'),
('e82b2561-c99d-44a1-a849-9ebfd84e8158', 'ka-b2b'),
('5d5ae97f-6a93-4a0c-bbaf-2b5e47437387', 'ka-b2b'),
('5765f586-6278-49b9-af07-26e7dd55d442', 'ka-b2b'),
('3671086f-30b8-48b7-bb75-172f1080e53a', 'ka-b2b'),
('b2f30be9-c49d-498d-872d-c04893cb4974', 'ka-b2b'),
('f5445e54-ff98-49ad-8112-8d92248dacb2', 'ka-b2b'),
('3a4558c2-19de-430f-905d-b2226dac114e', 'ka-b2b'),
('79fac282-aa6f-4864-97d4-fd9ab7a9b2a3', 'ka-b2b'),
('a569eac8-2918-484c-9ca2-767cb839c628', 'ka-b2b'),
('66c14903-a92f-4133-9f1f-af2644c6b90e', 'ka-b2b'),
('997cc206-9a2c-443c-bbcb-caef75091d4a', 'ka-b2b'),
('0427a887-3a9e-489e-92eb-075b41d20d95', 'ka-b2b'),
('16273279-4f76-487f-9a25-f6e79b2ef8b9', 'ka-b2b'),
('8203153a-4147-4eb2-804a-130f8735af98', 'ka-b2b'),
('a0388a3c-c776-4bb2-bacd-f6344e60bcd5', 'ka-b2b'),
('2689e21d-8ef7-4bf2-9558-ff1e6b7e9597', 'ka-b2b'),
('56a299b9-eb38-406e-aac3-3e2044064e1b', 'ka-b2b'),
('4ca3fa8b-67ee-4302-b0d3-a4d2109dfee1', 'ka-b2b'),
('c3355276-c613-48dc-90f1-0533c141c287', 'ka-b2b'),
('d320c9fb-ae6a-45aa-8760-e160629cd9df', 'ka-b2b'),
('7fb76c08-c8a7-4b35-80c6-48c77e8c30a2', 'ka-b2b'),
('3b1dbb95-12fd-4218-ac9b-e628a5615651', 'ka-b2b'),
('039bb022-9156-4bca-af62-ff32d30fe297', 'ka-b2b'),
('6e7e8f56-78a6-4268-9c33-42469ac2417c', 'ka-b2b'),
('5c96ca72-9437-41d2-9d6a-30a826ad8a21', 'ka-b2b'),
('5f24b32b-b06d-4033-942a-61c2a13252da', 'ka-b2b'),
('9d956485-e53c-4f04-8db1-42d2490fc5eb', 'ka-b2b'),
('6bb7867b-bf06-469b-b654-a4e0a968d9fe', 'ka-b2b'),
('ee59437f-3819-43b0-b4f8-db96282461a3', 'ka-b2b'),
('ff65752d-63c2-4f7b-bef9-faf9512e13e1', 'ka-b2b'),
('740dc963-e6d0-4b5d-bb7e-93dbf4645245', 'ka-b2b'),
('00b55aed-cb72-4302-99bd-7ff34840fccd', 'ka-b2b'),
('d666fcec-3527-4959-86b7-88677a3de7d3', 'ka-b2b'),
('dc685037-c2a3-4ca0-9a94-59e380d558b5', 'ka-b2b'),
('54cc89fc-5ef0-4ac2-bcbd-69169c37ad73', 'ka-b2b'),
('207385c3-9dfe-420a-aa8b-0d4954ceb605', 'ka-b2b'),
('4732a38e-d29a-4494-8003-1eed9971cf5d', 'ka-b2b'),
('f4a47564-8be7-4565-ace4-ae70c7aa35f1', 'ka-b2b'),
('71b8f946-c87a-4bd8-8972-8dfbc8eed96a', 'ka-b2b'),
('3ee92ece-7603-4b09-a5bb-3dd4c38bf313', 'ka-b2b'),
('ab1bf1ca-4268-47f9-aab7-bdcb2fc6ed23', 'ka-b2b'),
('87632813-e889-4085-a02f-e8296fef7332', 'ka-b2b'),
('489c2ddf-6c3b-42d9-8a54-b1097aa21e18', 'ka-b2b'),
('93f13e7b-5a84-4316-8696-23121e7aca83', 'ka-b2b'),
('15e1a5ae-d0b2-4250-997c-5ba9630badd5', 'ka-b2b'),
('64fd55fc-6b0e-473b-bd34-beb984a3a61f', 'ka-b2b'),
('fa7e7592-63fa-422e-9989-262e2207fa54', 'ka-b2b'),
('b8978db8-9803-47d7-87e3-2141fe6ae8f3', 'ka-b2b'),
('088d0203-0d14-4e6f-962e-57c620b8420a', 'ka-b2b'),
('202acfa7-63f0-4635-a824-dfc03feae1db', 'ka-b2b'),
('a06f91da-dc66-4eee-b2ad-1d09db1fc9f3', 'ka-b2b'),
('c931422d-19bf-41a0-a6b5-3b77320b9f8d', 'ka-b2b'),
('ee52c382-ce11-431d-92fc-958a9aab95f2', 'ka-b2b'),
('76a87bd1-fb9e-4fa1-8219-97871e9f95a7', 'ka-b2b'),
('7acfd6de-db67-4c39-897b-01361f29ee14', 'ka-b2b'),
('544316e8-b660-47d9-bf1e-d675e8414c18', 'ka-b2b'),
('d6e526e7-04f6-413f-a941-7c25213b144c', 'ka-b2b'),
('d2138fd5-8995-4bd7-80c9-e964d218a422', 'ka-b2b'),
('ee966589-bc06-46d5-9196-215b7cea21ce', 'ka-b2b'),
('b0637d51-c991-4cea-8b6d-beec5df76351', 'ka-b2b'),
('a6212928-670d-4d62-96b6-54457d673564', 'ka-b2b'),
('2aabc9b7-d61b-4239-ba7e-a35a8bea45c6', 'ka-b2b'),
('b603ead1-9801-4dc2-84e4-831ac64a943d', 'ka-b2b'),
('661ed572-c49a-414c-af70-c855ccc77181', 'ka-b2b'),
('25502a59-00e4-4342-9412-2335ec1ffc94', 'ka-b2b'),
('8c481f8a-4065-4836-8518-69eae48eac62', 'ka-b2b'),
('6a3539b9-0748-4bbf-a78d-055a8a55c883', 'ka-b2b'),
('14cd8497-57d8-4827-896c-4298743c8206', 'ka-b2b'),
('2f12ed78-6538-4ef0-904c-6fa70e90a9d6', 'ka-b2b'),
('c7a1a909-4936-4ec9-9c94-19022cfbd978', 'ka-b2b'),
('4fee1430-7a41-4259-aeaa-2e635d5d29d2', 'ka-b2b'),
('e2296483-5bfb-4a59-baf8-77e88bbb6f43', 'ka-b2b'),
('4cf82a0b-b065-457a-928d-5e1ffd7a5e78', 'ka-b2b'),
('fff65588-248b-4b75-aa34-21ffe99850f3', 'ka-b2b'),
('777c51e3-2f5c-4421-90f2-ff27a68cf950', 'ka-b2b'),
('3e3d4a2b-463d-40bd-998b-40d19e3bba8a', 'ka-b2b'),
('91ee3185-f48c-4e6f-a2a1-bbb62fb99e16', 'ka-b2b'),
('afa79bd1-9e63-43c2-a928-e313a2a41569', 'ka-b2b'),
('5fd66135-9c54-4e57-affb-604e22df24c2', 'ka-b2b'),
('3a8fa8e0-827d-441d-9fab-ccc91a1ecbac', 'ka-b2b'),
('1310ec05-fd3b-4727-8f8c-9f2b5b3c28f3', 'ka-b2b'),
('cb6573ef-0bae-4543-9de4-805807991559', 'ka-b2b'),
('a379cdd6-e09a-4d49-a8c7-41b4e8e4513b', 'ka-b2b'),
('01bb9f10-de2d-4d1f-9532-eb952649349d', 'ka-b2b'),
('e3313511-da48-44ac-8d85-29b571479326', 'ka-b2b'),
('3f2f3c9f-ea44-4f16-8eff-58f0e9218b36', 'ka-b2b'),
('6d277d6f-bb61-45a2-b16d-efafa70562b5', 'ka-b2b'),
('216b380a-4625-4857-9d11-a6db9b91f678', 'ka-b2b'),
('52295d7a-a4f6-4481-a5ff-13fe01f40239', 'ka-b2b'),
('8eeca947-032d-4e5b-b36f-c45c5d5490d1', 'ka-b2b'),
('ce0b71b6-dca6-4941-8bbb-e6c50243163c', 'ka-b2b'),
('98b53ae2-b077-4a9b-9b07-4e9d90fd9f31', 'ka-b2b'),
('86fe1b31-fb9a-4144-9948-c1a3553262d7', 'ka-b2b'),
('d1bc662b-260a-4a30-8369-692580a8443a', 'ka-b2b'),
('4432b0bf-6e46-4cec-a2ea-e2b89905aa97', 'ka-b2b'),
('97f4322b-ad02-44ab-b7b7-450fa4dd0503', 'ka-b2b'),
('780debb7-c0af-43dd-b87f-520aca0c48db', 'ka-b2b'),
('6fe6b5d1-622e-4022-bd38-a3d1195a7100', 'ka-b2b'),
('22faef98-1ff9-4768-a3f1-549d34174aa8', 'ka-b2b'),
('7804414a-aecb-44b7-a854-53346b08ea3b', 'ka-b2b'),
('c2774a50-2f69-4eed-8b4c-a3ba12bad2c8', 'ka-b2b'),
('7fc4d2a2-b447-4939-8c0e-ef4e3a3c4ec7', 'ka-b2b'),
('6ad7f6a6-af6f-4a8e-85a0-14d7d8dca1f8', 'ka-b2b'),
('359c681e-b6b4-4478-847f-0422404efdfc', 'ka-b2b'),
('4fec5c80-4364-4a5a-a4fc-b906fa4d6a13', 'ka-b2b'),
('2f7ba4e5-3153-4128-937e-e6e38f4dead4', 'ka-b2b'),
('ef7d796a-93aa-4e03-9172-fe001aea7775', 'ka-b2b'),
('f972b96d-9449-441b-ae2c-4f9c23f91dd4', 'ka-b2b'),
('54b214b2-d49c-42bf-83df-845fa212f2d5', 'ka-b2b'),
('41bf1dc4-176b-441a-a7f6-c447ea37b49c', 'ka-b2b'),
('379e43a8-46ea-4eaa-ac1a-37fb5da4653f', 'ka-b2b'),
('7042376f-dd87-42cc-97c5-66a664f13bb4', 'ka-b2b'),
('37499a64-b93f-4c3a-becc-87d34e8b9cac', 'ka-b2b'),
('400eb953-6ad7-488a-855a-9687467da6fd', 'ka-b2b'),
('3ee5263c-d442-4d55-9cd4-50ce6a3eca47', 'ka-b2b'),
('d98de404-7a84-4187-bae9-8158ba8879b7', 'ka-b2b'),
('ed25bac8-4453-4c40-bd55-abb12b2fe23a', 'ka-b2b'),
('bd614792-ac32-4bca-9e79-54a3a28d9489', 'ka-b2b'),
('879628b6-c48a-44d3-a27b-83d859c86f99', 'ka-b2b'),
('0ae4455f-e28a-46cf-ac74-c226adc99708', 'ka-b2b'),
('690809eb-3f14-4be4-9c54-2a23be82939d', 'ka-b2b'),
('2ec181bd-b4e4-466d-8517-2a8cfa74d185', 'ka-b2b'),
('2aa3b674-f4c7-4532-8e8d-2b2fd50cee07', 'ka-b2b'),
('6907ee23-f8fc-4a94-b5a6-dfa46a342b4d', 'ka-b2b'),
('34cae0dc-52d6-4a99-b48b-055a5d341efa', 'ka-b2b'),
('f8bab845-f918-473e-ad42-6a344241cc29', 'ka-b2b'),
('85b15084-c780-4784-b78e-2f9509120a91', 'ka-b2b'),
('bcc506dd-523b-4aed-81f2-6a6cc08512c7', 'ka-b2b'),
('110f281f-ac52-4fbd-bbde-fb539f91fe62', 'ka-b2b'),
('42a64c3b-883d-47da-b484-4d1f72601139', 'ka-b2b'),
('7306eea7-02ad-4c0b-a36d-88957e98e84d', 'ka-b2b'),
('6cb06f00-c995-425a-96c2-4b4696ce686b', 'ka-b2b'),
('925b8843-9573-4601-a5b6-58c8cabd90e5', 'ka-b2b'),
('1992483b-8237-45c6-87fa-bbd651ed6311', 'ka-b2b'),
('3ca1ff31-d94d-42d2-a171-33277930c2ee', 'ka-b2b'),
('b60bda46-7feb-4dac-be73-0571505e2e61', 'ka-b2b'),
('acfd3d60-c2a5-43c9-ae8d-406ebe61fab8', 'ka-b2b'),
('c759d5f8-7279-4e2d-b086-cfdff22b5b31', 'ka-b2b'),
('a4e16968-0412-4b5c-93ab-e2c633adc2fd', 'ka-b2b'),
('594b8744-f63c-456a-81a1-166732fd65a0', 'ka-b2b'),
('96c0dad7-c210-43da-827b-840ca3fae7d3', 'ka-b2b'),
('8176a1f5-2897-42f3-b601-0d2cc24906ba', 'ka-b2b'),
('926fac54-403c-46cf-baaf-7f39ecb1e616', 'ka-b2b'),
('de268c2a-ec06-4091-ac07-b960bed987c7', 'ka-b2b'),
('9264b0de-10fe-4b91-b6af-7f6a34f243dd', 'ka-b2b'),
('ed6a3e7a-f659-4847-aebd-1252e040cdc9', 'ka-b2b'),
('c1858c76-3028-4d87-a77f-82c6eecddec0', 'ka-b2b'),
('1d33b880-f274-494a-bc18-e21fe016a339', 'ka-b2b'),
('e7e5608c-3e0d-471f-8c3a-0d88edb83800', 'ka-b2b'),
('3e8968a0-470c-4015-af85-fbe5f5250b82', 'ka-b2b'),
('1df939cc-793b-4880-86f2-875d30e98826', 'ka-b2b'),
('1c8378eb-4c82-4202-ad8e-b28929fac2a4', 'ka-b2b'),
('e73f5bb6-5266-4ac4-88f0-92a372041c4f', 'ka-b2b'),
('321ffb6a-bb87-4935-95de-faf28cde5988', 'ka-b2b'),
('37da4f24-3dab-4a03-981b-55753c87a4e6', 'ka-b2b'),
('09c6efa9-47c7-4ca4-9e12-fdf0f6594748', 'ka-b2b');
