-- Batch 304 (200 records)
INSERT INTO contacts (id, first_name, last_name, email, phone, company, address) VALUES
('f9c87d05-7a7a-49f0-94c6-4b8102e2ce1c', 'Werner', 'Dietze', 'eldurag@dietzegroup.com', '081 300 48 48', 'Personalfürsorgestiftung der Firma Eldur AG Maienfeld', 'Industriestrasse 4, 7304 Maienfeld, Graubünden'),
('bcfbcd82-8c94-489e-b8f9-c3cb239a4fc0', 'Markus', 'Egger', 'markus.egger@ete.ch', '071 282 52 07', 'Personalfürsorgestiftung der Firma Emil Egger AG', 'Martinsbruggstrasse 83, 9016 St. Gallen, St. Gallen'),
('fb1d5e49-d847-4e80-ba07-c30eda25eb03', 'Thomas', 'Burlet', 'kundenservice@cs.ch.esteelauder.com', '055 451 91 11', 'Personalfürsorgestiftung der Firma Estée Lauder AG Lachen', 'Feldmoosstrasse 2, 8853 Lachen, Schwyz'),
('91cae8fb-b9f3-4a2c-be40-663f66907cf7', 'Patrick', 'Fuchs', 'patrick.fuchs@fuchsmilch.ch', '071 846 81 80', 'Personalfürsorgestiftung der Firma Fuchs & Co. AG.', 'Greinastrasse 10, 9400 Rorschach, St. Gallen'),
('556df237-d3fd-40e4-af80-929dc54e6b8b', 'Luca', 'Bianchi', 'luca.bianchi@bianchi.ch', '056 649 27 27', 'Personalfürsorgestiftung der Firma G. Bianchi AG', 'Allmendweg 6, 5621 Zufikon, Aargau'),
('82e3b0a7-c76a-4a15-8bca-dd13720971fc', 'Barbara', 'Gloor', 'gloor@gloor.ch', '034 427 47 47', 'Personalfürsorgestiftung der Firma Gebr. Gloor AG', 'Kirchbergstrasse 111, 3400 Burgdorf, Bern'),
('8e6067ce-aa1f-4427-9cb1-ecbd7d044815', 'Felix', 'Maag', 'info@texmaag.ch', '044 913 66 11', 'Personal-Fürsorgestiftung der Firma Gebr. Maag Maschinenfabrik AG', 'Untere Heslibachstrasse 39, 8700 Küsnacht, Zürich'),
('7c34ce21-fc5d-4c4a-a082-0ee5ec54996a', 'Marlys', 'Wyss', 'info@wyss-mirella.ch', '041 933 00 74', 'Personalfürsorge-Stiftung der Firma Gebrüder Wyss AG', '6233 Büron, Luzern'),
('af7b5deb-624e-4a8d-ad47-d5ca334f4bc9', 'Franca', 'Huber', 'zollikofen@geotest.ch', '031 910 01 01', 'Personalfürsorgestiftung der Firma Geotest AG', 'Bernstrasse 165 + 167, 3052 Zollikofen, Bern'),
('b6a0038d-8181-4d99-96ce-32dd082b05ce', 'Oskar', 'Heiniger', 'info@glatt.com', '061 826 47 47', 'Personalfürsorgestiftung der Firma Glatt Maschinen- und Apparatebau AG', 'Kraftwerkstrasse 6, 4133 Pratteln, Basel-Land'),
('6aea78a6-7ad5-480f-aab5-4cae2e37c005', 'Raimondo', 'Erculiani', 'r.erculiani@grandhotel-national.com', '041 419 09 09', 'Personalfürsorgestiftung der Firma Grand Hotel National AG', 'Haldenstrasse 4, 6006 Luzern, Luzern'),
('0d595933-79df-4798-808e-5f14b48ece1f', 'Franziska', 'Sabljo-Grob', 'franziska.sabljo-grob@grobkies.ch', '071 987 30 68', 'Personalfürsorgestiftung der Firma Grob Kies AG', 'Oberer Flooz 3143, 9620 Lichtensteig, St. Gallen'),
('960b5bd3-6c13-42fe-9d8d-cb37d91b2b7b', 'Marc', 'Baumann', 'info@bichsel.ch', '033 827 60 00', 'Personalfürsorgestiftung der Firma Grosse Apotheke Dr. G. Bichsel AG', 'Bahnhofstrasse 5a, 3800 Interlaken, Bern'),
('cdd51176-8620-43df-8506-d795939cda66', 'Beat', 'Imwinkelried', 'b.imwinkelried@grosspeter.ch', '079 407 91 89', 'Personalfürsorgestiftung der Firma Grosspeter AG', 'St. Jakob-Strasse 72, 4132 Muttenz, Basel-Land'),
('46964fd3-de27-444a-a15c-a1af641806ff', 'Daniel', 'Hunziker', 'info@bauraulac.ch', '044 201 08 21', 'Personalfürsorgestiftung der Firma H. Kracht''s Erben AG', 'Talstrasse 1, 8001 Zürich, Zürich'),
('b512cd6f-7ffa-43c8-b7d5-c4e6f49491e2', 'Michel', 'Saner', 'm.saner@herrli.net', '031 750 12 31', 'Personalfürsorgestiftung der Firma Hans Herrli AG', 'Industriestrasse 2, 3210 Kerzers, Fribourg/Freiburg'),
('86f4a80f-2019-4d47-8a59-c8038a810afd', 'Verena', 'Kugler', 'kuglerag@bluewin.ch', '071 446 19 08', 'Personalfürsorgestiftung der Firma Hans Kugler AG', 'Hafenstrasse 10, 9320 Arbon, Thurgau'),
('1e9ecf96-943e-4bc2-aa15-ae3031a83186', 'Sandra', 'Leuba', 'sandra.leuba@hsb-bern.ch', '031 998 31 91', 'Personalfürsorgestiftung der Firma Hans Schmid AG', 'Weidgasse 22, 3018 Bern, Bern'),
('8db50ad5-0d38-4aa9-b996-2db77b7404fb', 'Philipp', 'Hauert', 'ph.hauert@hauert.com', '032 389 10 10', 'Personalfürsorgestiftung der Firma Hauert HBG Dünger AG', 'Dorfstrasse 12, 3257 Grossaffoltern, Bern'),
('fbf55746-ad83-4cce-987f-748b0359fe11', 'Roger', 'Gerber', 'gerber@heinzco.ch', '043 244 84 62', 'Personalfürsorgestiftung der Firma Heinz & Co AG', 'Eisengasse 15, 8008 Zürich, Zürich'),
('b1b978b0-d131-462e-bb44-39b4d769825b', 'André', 'Herzog', 'andre.herzog@herzog-elmiger.ch', '041 317 50 50', 'Personalfürsorgestiftung der Firma Herzog-Elmiger AG', 'Amstutzweg 8, 6010 Kriens, Luzern'),
('bb73607b-8e8b-4584-b9fa-53e8244fb873', 'Georg', 'Kapeller', 'sales@humbel.com', '071 644 73 00', 'Personalfürsorgestiftung der Firma Humbel Zahnräder AG', 'Oberfeldstrasse 9, 9214 Kradolf, Thurgau'),
('892ad0c1-80f6-4e2f-a8e6-4d5311ff2ac0', 'Didier', 'Müller', 'service@ifolor.ch', '071 686 54 54', 'Personalfürsorgestiftung der Firma Ifolor AG', 'Sonnenwiesenstrasse 2, 8280 Kreuzlingen, Thurgau'),
('37a5b014-bdd4-4abe-9c8e-ebf2f2736045', 'Martin', 'Imbach', 'imbach@imbach.com', '062 748 44 44', 'Personalfürsorgestiftung der Firma Imbach & Cie. AG', 'Stämpfelfeld 9, 6244 Nebikon, Luzern'),
('4704cbd3-9470-4d64-9c4b-1395430141cf', 'Gerold', 'Betschart', 'info@kuster.biz', '044 787 70 70', 'Personal-Fürsorge-Stiftung der Firma J. & A. Kuster Steinbrüche AG', 'Kantonstrasse 24, 8807 Freienbach, Schwyz'),
('debed666-c689-48fb-8961-878403e90ca7', 'Markus', 'Weibel', 'markus.weibel@jaeggihafter.ch', '043 388 90 00', 'Personalfürsorgestiftung der Firma Jäggi & Hafter Aktiengesellschaft', 'Neugasse 136, 8005 Zürich, Zürich'),
('2198f422-3a38-4118-a787-e9baf9b26490', 'Roman', 'Winkler', 'roman.winkler@holzbiegen.ch', '056 246 16 40', 'Personalfürsorgestiftung der Firma K. Winkler AG Holzbiegewerk Felsenau (Aarg.)', 'Holzbiegewerk, 5316 Leuggern, Aargau'),
('343c4272-a624-41d7-b1f4-1fa309996405', 'Christoph', 'Keigel', 'christoph.keigel@garagekeigel.ch', '061 565 12 21', 'Personalfürsorgestiftung der Firma Keigel AG Frenkendorf', 'Rheinstrasse 69, 4402 Frenkendorf, Basel-Land'),
('cc5ec641-2355-4f7a-8dc6-7359897a3d7c', 'Thomas', 'Keller', 'info@keller-rutishauser.ch', '071 622 30 44', 'Personalfürsorgestiftung der Firma Keller-Rutishauser AG', 'Deucherstrasse 46, 8570 Weinfelden, Thurgau'),
('63799a07-7b93-4d71-9094-5d350aa25cda', 'Christian', 'Kläui', 'christian.klaeui@klaeuiag.ch', '044 952 33 80', 'Personalfürsorgestiftung der Firma Kläui AG', 'Hochstrasse 42, 8330 Pfäffikon, Zürich'),
('af3c7d40-a11e-4e48-b401-ef70bce17987', 'Emil', 'Breitenmoser', 'laumann@bluewin.ch', '071 422 26 26', 'Personalfürsorgestiftung der Firma Laumann & Co AG', 'Bleiken 34, 8583 Sulgen, Thurgau'),
('9ec8468c-2638-4854-9369-b31bfa313cc3', 'Patrick', 'Jung', 'patrick.jung@lenzlinger.ch', '058 944 58 58', 'Personalfürsorgestiftung der Firma Lenzlinger Söhne AG', 'Grossrietstrasse 7, 8606 Nänikon, Zürich'),
('eda1bdd9-f434-4362-bbf3-2df8bb25a781', 'Marcel', 'Wiesler', 'info@lido-luzern.ch', '041 370 38 06', 'Personalfürsorgestiftung der Firma Lido AG', 'Lidostrasse 6a, 6006 Luzern, Luzern'),
('79496fd1-6d65-4823-9e35-c550da9df1b7', 'Annemarie', 'Widmer', 'info@louis-widmer.com', '043 433 77 00', 'Personalfürsorgestiftung der Firma Louis Widmer AG', 'Rietbachstrasse 5, 8952 Schlieren, Zürich'),
('c8cfa4bd-0a23-443a-bc30-59a2c1187bd0', 'Simone', 'Lüthy', 'simone.luethy@buchhaus.ch', '032 625 33 33', 'Personalfürsorgestiftung der Firma Lüthy Buchhandlung AG', 'Gurzelngasse 17, 4500 Solothurn, Solothurn'),
('76013fe4-b5fd-4d0a-b667-7e6c8fbd9024', 'Arno', 'Binder', 'admin@maegerle.com', '043 355 66 00', 'Personalfürsorgestiftung der Firma Mägerle AG Maschinenfabrik', 'Allmendstrasse 50, 8320 Fehraltorf, Zürich'),
('3da24d72-5e86-4f72-b478-c5d74146b02f', 'Werner', 'Messerli', 'info@messkon.ch', '071 634 66 80', 'Personalfürsorgestiftung der Firma Messkon AG', 'Stockenweg 3, 8575 Bürglen, Thurgau'),
('1e5da41c-f2b5-4a09-9ee3-7a4df8843605', 'Urs', 'Angst', 'qs@angstag.ch', '044 497 97 97', 'Personalfürsorge-Stiftung der Firma Metzgerei Angst AG', 'Herdernstrasse 61, 8004 Zürich, Zürich'),
('0dd38bd4-66d1-43e0-9750-12690e80b953', 'Benjamin', 'Fuhrer', 'b.fuhrer@monnier-zahner.ch', '032 356 03 87', 'Personalfürsorgestiftung der Firma Monnier & Zahner AG', 'Hauptstrasse 115, 2553 Safnern, Bern'),
('316a8731-ae75-4420-a315-f3ca0f480470', 'Josef', 'Käppeli', 'info@nencki.ch', '062 919 93 93', 'Personalfürsorgestiftung der Firma Nencki AG c/o Nencki AG', 'Aarwangenstrasse 90, 4901 Langenthal, Bern'),
('3f1796a5-0f55-4cbd-8ea0-951e85aa4acd', 'Peter', 'Weber', 'peter.weber@peka-system.ch', '041 919 94 21', 'Personalfürsorgestiftung der Firma Peka-Metall AG', 'Luzernerstrasse 20, 6295 Mosen, Luzern'),
('f7e2e596-2e67-4036-ace8-da756de3ed5d', 'Benjamin', 'Oberholzer', 'benjamin.oberholzer@pozzi.ch', '071 987 30 45', 'Personalfürsorgestiftung der Firma Pozzi AG', 'Bleikenstrasse 56, 9630 Wattwil, St. Gallen'),
('312e3bf4-0416-4684-95e7-210731521c2c', 'Adrian', 'Bosshard', 'contact@rado.com', '032 655 61 11', 'Personalfürsorgestiftung der Firma RADO Uhren AG', 'Bielstrasse 45, 2543 Lengnau, Bern'),
('f0b98853-f33b-4201-a9c3-855305917542', 'Manfred', 'Schmitt-Rykart', 'info@schmitt.swiss', '071 353 90 00', 'Personalfürsorgestiftung der Firma Roland E. Schmitt AG', 'Spiltrücklistrasse 9, 9011 St. Gallen, St. Gallen'),
('1503701a-80be-4af8-a55d-ef9260c9b093', 'Peter', 'Roth', 'peterpatrik.roth@roviva.ch', '032 631 12 22', 'Personalfürsorgestiftung der Firma Roth & Cie AG', 'Schulhausstrasse 6, 3380 Wangen an der Aare, Bern'),
('5733e477-151f-4ea8-9787-5da43dfa6b84', 'Samuel', 'Amsler', 'info@samuel-amsler.ch', '056 463 66 44', 'Personalfürsorgestiftung der Firma Samuel Amsler AG', 'Veltheimerstrasse 12, 5107 Schinznach Dorf, Aargau'),
('f5093c20-f2e7-49b7-babc-ed87bbb1cdc9', 'Oliver', 'Kühn', 'info@selectchemie.com', '044 487 96 11', 'Personalfürsorgestiftung der Firma Selectchemie AG', 'Etzelstrasse 42, 8038 Zürich, Zürich'),
('cb212700-2f29-41db-8315-b02e101cce71', 'Christian', 'Lachenmeier', 'sinco@bluewin.ch', '044 461 31 54', 'Personalfürsorgestiftung der Firma Sinco Treuhand AG', 'Idastrasse 15, 8003 Zürich, Zürich'),
('2666dc72-0197-447c-aa2c-41e78c2332b1', 'Samuel', 'Sidler', 'info@sistag.ch', '041 449 99 44', 'Personalfürsorgestiftung der Firma SISTAG AG', 'Alte Kantonsstrasse 7, 6274 Eschenbach, Luzern'),
('b92a00d4-5913-4952-8ba3-c6858cf6b288', 'Susanne', 'Affolter', 'info@lamello.com', '061 935 36 36', 'Personalfürsorgestiftung der Firma Steiner Lamello AG', 'Hauptstrasse 149, 4416 Bubendorf, Basel-Land'),
('1c7d0cfc-d281-4b0c-8391-10c2f6d6d165', 'Flavio', 'Tonet', 'f.tonet@tonet.ch', '062 295 09 11', 'Personalfürsorgestiftung der Firma Tonet AG', 'Bodenackerstrasse 27, 4657 Dulliken, Solothurn'),
('fef45ffa-3b1c-445f-967b-d01c1f7477a7', 'Felix', 'Huber', 'info@tulux.ch', '055 465 60 00', 'Personalfürsorgestiftung der Firma Tulux AG', 'Tödistrasse 4, 8856 Tuggen, Schwyz'),
('fafcdaed-ac39-452c-a718-9f0122ee8326', 'Jürgen', 'Pfledderer', 'info@veith.ch', '052 646 04 40', 'Personalfürsorgestiftung der Firma Veith AG', 'Grossholzstrasse, 8253 Diessenhofen, Thurgau'),
('c66c81ac-8666-4fba-b0f4-e4f43213f0c6', 'Hansjörg', 'Studer', 'info@wstuderag.ch', '071 688 24 24', 'Personalfürsorgestiftung der Firma w studer ag', 'Seefeldstrasse 1, 8280 Kreuzlingen, Thurgau'),
('e5852425-2e9b-4186-8d74-7b8a120e3bac', 'Martin', 'Volken', 'martin.volken@volken-group.ch', '027 948 05 05', 'Personalfürsorgestiftung der Firma Walpen AG', 'Kantonsstrasse 63, 3930 Visp, Wallis/Valais'),
('1307b11c-5015-4544-8cc5-01d44195e626', 'Toni', 'Sigrist', 'ts@wwag.ch', '031 952 62 62', 'Personalfürsorgestiftung der Firma Walter Wettstein AG, Spezialunternehmung für Kältetechnik', 'Mattenstrasse 11, 3073 Gümligen, Bern'),
('f795bdfc-3e81-4629-b1a4-c0ea39f61280', 'Christoph', 'Weibel', 'weibel@weibel-ag.ch', '061 911 00 23', 'Personalfürsorgestiftung der Firma Weibel Décolletages AG', 'Hauptstrasse 4, 4411 Seltisberg, Basel-Land'),
('2e7253db-4d88-449d-8015-bf0db32b90b1', 'Urs', 'Baumgartner', 'info@wiedemann.ch', '071 414 15 15', 'Personalfürsorgestiftung der Firma Wiedemann AG', 'Sommeristrasse 37, 8580 Amriswil, Thurgau'),
('c60a9bd8-4c68-40f0-b3e2-5522602f8a7f', 'Tobias', 'Maass', 'info@zuercher-lagerhaus.ch', '044 454 48 54', 'Personalfürsorgestiftung der Firma Zürcher Lagerhaus AG', 'Theaterstrasse 22, 8001 Zürich, Zürich'),
('6f5536f9-166e-4f55-9275-ce6d74c9babe', 'Reto', 'Bachmann', 'info@bachmann.ch', '041 914 72 00', 'Personalfürsorgestiftung der Firmen Bachmann forming AG/Bachmann display AG', 'An der Ron 4, 6280 Hochdorf, Luzern'),
('9efffe89-01f9-41cc-beaa-686bee1c7d5c', 'Roger', 'Birchmeier', 'info@birrfeld.ch', '056 464 40 40', 'Personalfürsorgestiftung der Fliegerschule Birrfeld AG', 'Flugplatz Birrfeld, 5242 Lupfig, Aargau'),
('85a99b4d-e827-4712-be6e-dc140c2cbdde', 'Stephan', 'Gröli', 'info@foco.ch', '061 756 26 00', 'Personalfürsorgestiftung der FOCO AG', 'Weidenstrasse 2, 4147 Aesch, Basel-Land'),
('9a43a2a2-ff9d-41d3-8c60-c7243d3b0946', 'Josef', 'Maushart', 'josef.maushart@fraisa.com', '032 617 42 00', 'Personalfürsorgestiftung der Fraisa-Holding AG', 'Gurzelenstrasse 7, 4512 Bellach, Solothurn'),
('b508df59-253c-4a8e-9ae6-884ab92c07fd', 'Hans-Peter', 'Frischknecht', 'info@frischknecht-transport.ch', '071 351 11 25', 'Personalfürsorgestiftung der Frischknecht Transport AG', 'Eggstrasse 6, 9100 Herisau, Appenzell Ausserrhoden'),
('aee14983-9d03-40a4-a583-97010f8d4096', 'Rainer', 'van Spyk', 'rainer.vanspyk@spyk.ch', '062 867 90 80', 'Personalfürsorgestiftung der Gebr. van Spyk AG', 'Hauptstrasse 2, 5027 Herznach, Aargau'),
('16ae9692-f950-45f8-a6cc-9e4280cf01eb', 'Mário', 'de Mira Godinho Brito', 'kommunikation@adventisten.ch', '031 359 15 15', 'Personalfürsorgestiftung der Gemeinschaft der Siebenten-Tags-Adventisten der Schweiz', 'Schosshaldenstrasse 17, 3006 Bern, Bern'),
('8294d8ae-25d1-4260-8461-ff387cedccd0', 'Remo', 'Schweizer', 'info@gerber-instruments.ch', '052 343 37 37', 'Personalfürsorgestiftung der Gerber Instruments AG', 'Im Langhag 12, 8307 Effretikon, Zürich'),
('bb7ac3ca-7af1-459e-80e3-ac37496f928c', 'Marcel', 'Steiner', 'm.steiner@gmg-bern.ch', '076 342 61 51', 'Personalfürsorgestiftung der Gipser- und Malergenossenschaft Bern', 'Wagnerstrasse 11, 3007 Bern, Bern'),
('f14a3b13-c5e9-4bef-a22c-1533d19fe0ba', 'Michael', 'Locher', 'ch.info@goodyear.com', '044 947 86 00', 'Personalfürsorge-Stiftung der Goodyear Suisse SA', 'Industriestrasse 28, 8604 Volketswil, Zürich'),
('b349eed3-9821-4b2c-ad8d-04c3a93105e9', 'Daniel', 'Kaufmann', 'daniel.kaufmann@gotthardraststaette.ch', '041 875 60 00', 'Personalfürsorgestiftung der Gotthard Raststätte A2 Uri AG', 'Dimmerschachen, 6467 Schattdorf, Uri'),
('936d3abe-c0fb-4f8f-8db9-e73bf654468e', 'Hansjörg', 'Knecht', 'info@knechtmuehle.ch', '056 247 11 44', 'Personalfürsorgestiftung der H. Knecht AG', 'Oberdorf 123, 5325 Leibstadt, Aargau'),
('8119a719-18af-4e6e-8981-649bfa2aba1d', 'Marc', 'Peterhans', 'm.peterhans@peterhans-hwz.ch', '056 268 69 60', 'Personalfürsorgestiftung der H. Peterhans AG', 'Landstrasse 4, 5436 Würenlos, Aargau'),
('ec7d500c-cc0a-4d31-8324-61e047e87308', 'Michael', 'Menzl', 'sekretariat@hakagerodur.ch', '071 388 94 94', 'Personalfürsorgestiftung der HakaGerodur AG', 'Mooswiesstrasse 67, 9201 Gossau, St. Gallen'),
('dd1d62e4-83a9-43cc-bee2-7fc44fd46cc1', 'Ralf', 'Bopp', 'ralf.bopp@handelskammer-d-ch.ch', '044 283 61 51', 'Personalfürsorgestiftung der Handelskammer Deutschland-Schweiz', 'Tödistrasse 60, 8002 Zürich, Zürich'),
('8101acd8-f246-430d-8454-1c9c073137cd', 'Mark', 'Nägeli', 'mark.naegeli@haeny.com', '044 925 42 80', 'Personalfürsorgestiftung der Häny AG', 'Buechstrasse 20, 8645 Jona, St. Gallen'),
('167c741c-94d6-40ac-b90d-d4a5d9a0122e', 'Christian', 'Péclat', 'info-holding@helbling.ch', '044 438 17 11', 'Personalfürsorgestiftung der Helbling-Gruppe', 'Hohlstrasse 614, 8048 Zürich, Zürich'),
('c82e7b8f-d565-40af-8277-0d06ff173292', 'Adrian', 'von Segesser', 'v.segesser@ssrlaw.ch', '041 410 99 33', 'Personalfürsorgestiftung der Herzog Gruppe', 'Luzernerstrasse 86, 6014 Luzern, Luzern'),
('8f2a1cd7-e53a-414e-a2ac-a8b75f31b18f', 'Verena', 'Karrer-Cueni', 'laden@kloster-mariastein.ch', '061 735 11 90', 'Personalfürsorgestiftung der Hofgut AG Mariastein', 'Klosterplatz 2, 4115 Mariastein, Solothurn'),
('55575861-3634-4443-9162-efba318b7d71', 'Marcel', 'Bähler', 'hoerning@achillea.ch', '031 329 24 24', 'Personalfürsorgestiftung der Hörning AG', 'Marktgasse 58, 3011 Bern, Bern'),
('9f40e33f-3322-4439-ad3d-7ccddb769f93', 'Stéphanie', 'Horst', 'info@artanova-horst.ch', '041 833 83 83', 'Personalfürsorgestiftung der Horst AG', 'Bahnhofstrasse 25, 6422 Steinen, Schwyz'),
('fe8d0b40-5aab-4cd6-9e53-ba4cb90b2544', 'Miriam', 'Böger', 'direktion@hotel-montana.ch', '041 417 35 30', 'Personalfürsorgestiftung der Hotel Montana AG', 'Adligenswilerstrasse 22, 6006 Luzern, Luzern'),
('4729bbdb-dc6e-4d29-94f5-0cb6918eb74b', 'Roland', 'Häfliger', 'rhaefliger@jato.ch', '041 269 88 30', 'Personalfürsorgestiftung der Jato-Düsenbau AG', 'Täschmattstrasse 23, 6015 Luzern, Luzern'),
('e5b7377e-788d-454a-ad8c-0885dfe506c9', 'Marcel', 'Fischer', 'marcel.fischer@jegen.ch', '052 354 52 41', 'Personalfürsorgestiftung der Jegen AG', 'Moosburgstrasse 5, 8307 Effretikon, Zürich'),
('7f39490c-0313-487a-a694-4b4a5b7f6abf', 'Rolf', 'Bucher', 'rolf.bucher@kienerbau.ch', '041 910 18 58', 'Personalfürsorgestiftung der KIENER Bau AG', 'Seebadstrasse 30, 6283 Baldegg, Luzern'),
('6e7d3b61-3adc-44f2-b8bf-b1859d02e4d5', 'Gaëtan', 'Schmid', 'info@triaplus.ch', '041 726 39 00', 'Personalfürsorgestiftung der Klinik Zugersee', 'Widenstrasse 55, 6317 Oberwil b. Zug, Zug'),
('4e07a6da-9537-419a-b20b-c0b3722880d8', 'Matthias', 'Knecht', 'info@knechtbau.ch', '056 460 99 14', 'Personalfürsorgestiftung der Knecht Bau AG', 'Aarauerstrasse 112, 5200 Brugg, Aargau'),
('9f9e5653-b991-4338-b97b-f04fa319d7dd', 'Daniel', 'Kolb', 'office@kolbelektro.ch', '071 763 60 60', 'Personalfürsorgestiftung der Kolb Elektro Gruppe in Oberriet', 'Staatsstrasse 129, 9463 Oberriet, St. Gallen'),
('bb7e2deb-9052-4472-a4d1-0588d020ec17', 'Thomas', 'Hess-Brauer', 'thomas.hess@korporation-unteraegeri.ch', '041 754 52 71', 'Personalfürsorgestiftung der Korporation Unterägeri', 'Zugerbergstrasse 32, 6314 Unterägeri, Zug'),
('17819158-08d5-4198-b057-f31e0e83e497', 'Urs', 'Niffeler', 'urs.niffeler@sonnmatt.ch', '041 375 34 51', 'Personalfürsorge-Stiftung der KURHAUS SONN-MATT A.G.', 'Sonnmatt 1, 6000 Luzern 6, Luzern'),
('dafdbfc7-b733-4004-ada7-92170462797f', 'Thomas', 'Lanker', 'tlanker@lanker.ch', '071 763 61 61', 'Personalfürsorge-Stiftung der Lanker-Betriebe', 'Hauptstrasse 22, 9042 Speicher, Appenzell Ausserrhoden'),
('4cb21941-7174-4d55-b29a-622e9e1418d4', 'Bruno', 'Jäger', 'bruno.jaeger@larag.com', '071 929 32 32', 'Personalfürsorgestiftung der LARAG AG', 'Toggenburgerstrasse 104, 9500 Wil, St. Gallen'),
('61c040a3-3546-4dd1-a2a2-a07c8e1da101', 'Patrick', 'Lerchmüller', 'info@lerchmueller.ch', '056 463 61 11', 'Personalfürsorgestiftung der Lerchmüller Gruppe', 'Brunnengässli 1, 5107 Schinznach Dorf, Aargau'),
('231590b5-9972-4c42-a6ee-50ae488a1d23', 'Daniel', 'Kiwit', 'info@mecaplex.ch', '032 644 22 11', 'Personalfürsorgestiftung der Mecaplex AG c/o Mecaplex AG', 'Solothurnstrasse 138, 2540 Grenchen, Solothurn'),
('b09d3918-e443-41ae-b7bc-fc985a2859ae', 'Niklaus', 'Honauer', 'info@merianiselin.ch', '061 305 13 19', 'Personalfürsorgestiftung der Merian-Iselin-Stiftung', 'Föhrenstrasse 2, 4009 Basel, Basel-Stadt'),
('c930ecbb-830b-4902-8dab-15ae722e8d64', 'Paul', 'Ruppert', 'info@meteolabor.ch', '044 934 40 40', 'Personalfürsorgestiftung der Meteolabor AG', 'Hofstrasse 92, 8620 Wetzikon, Zürich'),
('6f171f24-be5a-446a-b999-3409e6b6eeb0', 'Diego', 'Della Cà', 'diego.della-ca@muehle-burgholz.ch', '033 681 82 22', 'Personalfürsorgestiftung der Mühle Burgholz', 'Burgholz 14, 3753 Oey, Bern'),
('ed45d7d3-60fe-4f3b-ad93-e9ddfedb7845', 'Susanne', 'Wille', 'info@ofenschenk.ch', '034 402 32 62', 'Personalfürsorgestiftung der Ofenfabrik Schenk AG', 'Schärischachen 809, 3550 Langnau im Emmental, Bern'),
('7b707900-84d9-471e-b14d-c1a234e76cf1', 'Christoph', 'Roos', 'info@oswald-info.ch', '0800 800 818', 'Personalfürsorgestiftung der Oswald Nahrungsmittel GmbH', 'Hinterbergstrasse 30, 6312 Steinhausen, Zug'),
('6b821777-60f5-494d-8d8e-7cf1227279f3', 'Adrian', 'Elsener', 'info@pbs.ch', '031 328 05 45', 'Personalfürsorgestiftung der Pfadibewegung Schweiz', 'Speichergasse 31, 3011 Bern, Bern'),
('ba84bcf9-3f6a-4d3b-811b-71f858ea44a6', 'Jürg', 'Pfenninger', 'office@pfenninger-unternehmungen.ch', '044 388 40 46', 'Personalfürsorgestiftung der Pfenninger Unternehmungen AG', 'Bäckerstrasse 5, 8952 Schlieren, Zürich'),
('71d6ba49-6e07-4dec-8a88-60dd305e05fc', 'Fabian', 'Reber', 'f.reber@ramseierag.ch', '031 980 08 44', 'Personalfürsorgestiftung der Ramseier AG Bauunternehmung', 'Riedbachstrasse 201, 3020 Bern, Bern'),
('2b47f114-2f1e-467d-a668-408382a83253', 'Marcel', 'Hiltbrunner', 'muri@rehau.com', '031 950 31 11', 'Personalfürsorgestiftung der Rehau Unternehmungen', 'Breichtenstrasse 2-4, 3074 Muri b. Bern, Bern'),
('3ceadb99-2b43-4050-aea5-1fba344c6c41', 'Claudio', 'Buvoli', 'info@sahli-ag.ch', '044 768 54 54', 'Personalfürsorge-Stiftung der Sahli AG', 'Oberdorfstrasse 17, 8934 Knonau, Zürich'),
('864816b5-60f0-4128-b58a-052d536b9391', 'Ralph', 'Moor', 'kriens.richner@bmsuisse.ch', '041 317 03 03', 'Personalfürsorgestiftung der Sanitär Material AG', 'Arsenalstrasse 21, 6010 Kriens, Luzern'),
('74b3f552-14ac-4468-9666-952939a80ed0', 'Thomas', 'Ambühl', 'th.ambuehl@sarganserlaender.ch', '081 725 32 32', 'Personalfürsorgestiftung der Sarganserländer Druck AG', 'Zeughausstrasse 50, 8887 Mels, St. Gallen'),
('86109f58-334b-44b3-9033-b1d031d57055', 'Simon', 'Hauser', 'info.ch@alup.com', '062 789 75 75', 'Personal-Fürsorge-Stiftung der Serva-Technik AG', 'Aeschwuhrstrasse 54, 4665 Oftringen, Aargau'),
('cb42f018-d2d3-4ef2-bbcd-c98f2bfb5cf1', 'Daniel', 'Rollier', 'ses.ch@ses-sterling.com', '061 270 17 17', 'Personalfürsorgestiftung der SES-Ernst Hess & Cie. AG', 'St. Alban-Anlage 44, 4052 Basel, Basel-Stadt'),
('a6a7c969-6959-4d19-9c0e-055ced47d8c8', 'Karin', 'Kull', 'k.kull@waidmatt.ch', '044 377 85 50', 'Personalfürsorgestiftung der Siedlungs- und Baugenossenschaft ''Waidmatt''', 'Regulastrasse 6, 8046 Zürich, Zürich'),
('6ea486e3-d707-41a2-a7ef-7675fbf2c4b4', 'Rudolf', 'Tschanz', 'info@photometer.com', '041 624 54 54', 'Personalfürsorgestiftung der Sigrist-Photometer AG', 'Hofurlistrasse 1, 6373 Ennetbürgen, Nidwalden'),
('1702f712-1db4-4af0-a0a1-dc8782e1250a', 'Bernhard S.', 'Keller', 'bernhard.keller@simonkeller.ch', '034 420 08 00', 'Personalfürsorgestiftung der Simon Keller AG', 'Lyssachstrasse 83, 3400 Burgdorf, Bern'),
('7707b8c5-13c8-44cb-94f9-dd5e34e66985', 'Amatus', 'Sturny', 'amatus.sturny@sks.clientis.ch', '026 494 58 00', 'Personalfürsorgestiftung der Sparkasse Sense', 'Mariahilfstrasse 4, 1712 Tafers, Fribourg/Freiburg'),
('fdd0ed0d-716c-4c79-bbcf-5ab508b6a516', 'Linda', 'Ostmann', 'linda.ostmann@lorze.com', '062 511 91 42', 'Personalfürsorgestiftung der Spinnerei an der Lorze in Baar', 'Oberallmendstrasse 2081a, 6340 Baar, Zug'),
('10bcb0a2-36a9-481f-aa87-03c6f068a668', 'Simon', 'Gubler', 'info@sprachheilschule.ch', '071 274 11 11', 'Personalfürsorgestiftung der Sprachheilschule St. Gallen', 'Höhenweg 64, 9000 St. Gallen, St. Gallen'),
('1be8fd46-8098-4934-a079-2a53ef0d2160', 'Harald', 'Ulrich', 'h.ulrich@wanger-ulrich.ch', '052 212 65 51', 'Personalfürsorgestiftung der Stempelfabrik Wanger + Ulrich AG', 'Rütlistrasse 10, 8400 Winterthur, Zürich'),
('a0c7c842-c72a-4df7-af78-2a01b7549290', 'Thomas', 'Staubli', 'welcome@swissfactory.group', '031 744 22 11', 'Personalfürsorgestiftung der Stoppani AG', 'Laupenstrasse 30, 3176 Neuenegg, Bern'),
('f538cdfb-8857-4568-b527-a989f0281e8c', 'Markus', 'Spörri', 'info@schaenis.com', '055 619 68 00', 'Personalfürsorgestiftung der STS Systemtechnik Schänis GmbH', 'Feld 9, 8718 Schänis, St. Gallen'),
('509600c3-c04f-4234-80f5-e970f291837b', 'Albert E.', 'Surber', 'a.surber@surber.ch', '044 299 42 42', 'Personalfürsorgestiftung der Surber-Metallbau AG', 'Lagerstrasse 10, 8953 Dietikon, Zürich'),
('2139002c-45d9-45ba-b514-cbb95ea83eeb', 'Andreas', 'Studer', 'tamag@bluewin.ch', '056 481 80 11', 'Personalfürsorgestiftung der Tankanlage AG Mellingen', 'Birmenstorferstrasse 2, 5507 Mellingen, Aargau'),
('1c675b42-24b5-40ea-a8e6-48f597e2f0d8', 'Humberto', 'Montero', 'h.montero@gfeller-treuhand.ch', '044 802 20 50', 'Personalfürsorgestiftung der Treuhandbüro Gfeller AG', 'Bahnhofstrasse 60, 8600 Dübendorf, Zürich'),
('5aafb3b1-981b-4f51-a74b-75097094f88c', 'René', 'Kaufmann', 'rene.kaufmann@truvag.ch', '041 818 77 90', 'Personalfürsorgestiftung der Truvag Gesellschaften in Sursee', 'Leopoldstrasse 6, 6210 Sursee, Luzern'),
('6f22d2f7-29d8-4bc1-9dca-f833d438f61f', 'Martin', 'Eisele', 'eisele@brunex.ch', '062 887 30 50', 'Personalfürsorgestiftung der Türenfabrik Brunegg AG', 'Kirchstrasse 3, 5505 Brunegg, Aargau'),
('57d175a8-0dad-4ba9-86a2-52b85e9d0c1f', 'Peter', 'Menzl', 'vermietung@pev.ch', '055 224 41 11', 'Personalfürsorgestiftung der Vinora AG', 'Holzwiesstrasse 50, 8645 Jona, St. Gallen'),
('24d79840-c032-4b5b-a091-61ac158ea402', 'Kaspar', 'Engeli', 'kengeli@handel-schweiz.com', '061 228 90 30', 'Personalfürsorgestiftung der VSIG Handel Schweiz', 'Viaduktstrasse 8, 4051 Basel, Basel-Stadt'),
('d696888a-22d0-4889-ba25-48247db503d6', 'Silvan', 'Halter', 'silvan.halter@wagner-solution.com', '071 354 81 81', 'Personalfürsorgestiftung der Wagner AG', 'Urnäscherstrasse 22, 9104 Waldstatt, Appenzell Ausserrhoden'),
('27474d1f-b153-4ab6-8110-52a2ab66b479', 'Anna', 'Piacquadio Lanfranchi', 'contact@wefashion.com', '056 483 03 83', 'Personalfürsorgestiftung der WE Switzerland Fashion AG', 'Im Langacker 16, 5405 Dättwil, Aargau'),
('20c7ba1b-f603-4537-b1ea-f70e4af70667', 'Thomas', 'Wirth', 'info@wirth-ag.ch', '041 449 92 00', 'Personalfürsorgestiftung der WICO Invest AG', 'Schiltwaldstrasse 22, 6033 Buchrain, Luzern'),
('8b6ce2ba-73de-4aa7-bdf9-4ee1a1b74a1e', 'Christoph', 'Grüninger', 'christoph.grueninger@grueningermuehlen.ch', '081 720 19 19', 'Personalfürsorgestiftung der Willi Grüninger AG', 'Büntenrietstrasse 10, 8890 Flums, St. Gallen'),
('05d2196b-826a-45f2-8a7f-776294d9e2bc', 'Christoph', 'Buser', 'info@kmu.org', '061 927 64 64', 'Personalfürsorgestiftung der Wirtschaftskammer Baselland', 'Haus der Wirtschaft - Hardstrasse 1, 4133 Pratteln, Basel-Land'),
('f42d31bb-2f55-4c6e-94f3-c4535ee5d9cc', 'Philippe', 'Widmer', 'giesser@wizol.ch', '056 667 14 14', 'Personalfürsorgestiftung der WIZOL', 'Rietenbergstrasse 4, 5614 Sarmenstorf, Aargau'),
('4c8af8da-3dd0-4247-b669-16d389da8e12', 'Peter', 'Troxler', 'info@ziltenermetall.ch', '062 836 44 88', 'Personalfürsorgestiftung der Ziltener AG', 'Wässermattstrasse 2, 5000 Aarau, Aargau'),
('5a5a16c1-5dbd-4cbd-8318-d80cbc386363', 'Felix', 'Meyer', 'info@migrosluzern.ch', '041 455 71 11', 'Personalfürsorgestiftung der Genossenschaft Migros Luzern in Dierikon', '6031 Ebikon, Luzern'),
('29f97f2c-c105-486e-89c0-702c67ca1d36', 'Herbert', 'Würsch', 'info@acs.ch', '041 531 30 29', 'Personalfürsorgestiftung des ACS Luzern', 'Fadenbrücke 10, 6374 Buochs, Nidwalden'),
('c2c0284e-5314-4fcc-93cc-2d432b31455f', 'Bruno', 'Morf', 'heimleitung@emilienheim.ch', '044 715 41 53', 'Personalfürsorgestiftung des Emilienheimes Kilchberg', 'Stockenstrasse 22, 8802 Kilchberg, Zürich'),
('48e2e7bf-45fd-4d1c-96cb-a7541b0b8946', 'Gustav', 'Keune', 'gustav.keune@bachtelen.ch', '032 654 85 11', 'Personalfürsorgestiftung des Kinderheims Bachtelen Grenchen', 'Bachtelenstrasse 24, 2540 Grenchen, Solothurn'),
('6c37313d-388d-4159-8108-f55eccba6c36', 'Andreas', 'Müller', 'info@barmelweid.ch', '062 857 21 11', 'Personalfürsorgestiftung des Vereins Barmelweid', '5017 Barmelweid, Aargau'),
('fdddb38f-b80a-471d-bbee-d02f717c1078', 'Martin', 'Fischer', 'info@maerki-baumann.ch', '044 286 25 25', 'Personalfürsorgestiftung für die Angestellten der Firma Maerki Baumann & Co AG Zürich', 'Dreikönigstrasse 6, 8002 Zürich, Zürich'),
('72a63511-8c4a-4c50-8f80-a7b620cd6236', 'Marcel', 'Lattion', 'info@hallwyler.ch', '062 785 00 00', 'Personalfürsorgestiftung Gebrüder Hallwyler AG', 'Rishaldenweg 18, 4852 Rothrist, Aargau'),
('c1f17f1b-cda6-48a2-a3cc-95bac4a5c7e8', 'Peter', 'Haerry', 'peter.haerry@glas-haerry.ch', '062 765 04 04', 'Personalfürsorgestiftung Haerry & Frey AG Glas & Spiegel', 'Widenmattstrasse 2, 5712 Beinwil am See, Aargau'),
('dba43ea3-f3dc-4361-b70b-6ae8a4aced0a', 'Daniel', 'Krummen', 'd.krummen@hawle.ch', '071 969 44 22', 'Personalfürsorgestiftung Hawle Armaturen AG', 'Hawlestrasse 1, 8370 Sirnach, Thurgau'),
('15f1908e-5256-4f0f-933b-eacfb44eff10', 'Alice', 'Di Nolfi', 'interstop@rhimagnesita.com', '041 785 75 00', 'Personalfürsorgestiftung INTERSTOP', 'Bösch 83a, 6331 Hünenberg, Zug'),
('45adb951-22a1-4c3c-bdbd-9d02a5ee9047', 'Stefan', 'Werffeli', 'info@jaermann.com', '043 344 10 02', 'Personalfürsorgestiftung Järmann & Co AG', 'Lerzenstrasse 12, 8953 Dietikon, Zürich'),
('a8b04a6e-975a-4b7e-ae75-f26ec0980797', 'Pascal', 'Müller', 'info@julmueller.ch', '055 442 37 38', 'Personalfürsorgestiftung Julius Müller AG', 'Tiergartenstrasse 20, 8852 Altendorf, Schwyz'),
('a5af4968-9ac7-41dd-9f14-0384434e914e', 'Adrian', 'Mauerhofer', 'info@kpgbern.ch', '031 385 20 00', 'Personalfürsorgestiftung Kantonale Planungsgruppe Bern', 'Schwarztorstrasse 20, 3007 Bern, Bern'),
('69621035-0622-42e2-b034-8da4e1ee0f46', 'Hanspeter', 'Blättler', 'hanspeter.blaettler@katag.ch', '041 317 37 02', 'Personalfürsorgestiftung Katag Treuhand', 'Arsenalstrasse 40, 6010 Kriens, Luzern'),
('b241ac12-e048-4a73-9c6f-056042bfb7d8', 'Marcel', 'Lattion', 'info@mdgruppe.ch', '062 858 98 00', 'Personalfürsorgestiftung Marco Dätwyler Unternehmungen', 'Baslerstrasse 103, 4632 Trimbach, Solothurn'),
('8d701f7f-87d4-444c-9acc-82886cef0010', 'Marcel', 'Margot', 'm.margot@metalyss.ch', '032 387 72 72', 'Personalfürsorgestiftung Metalyss AG', 'Grenzstrasse 26, 3250 Lyss, Bern'),
('08eca726-1a09-4ce1-a5b5-586a9fcfd84d', 'Rita', 'Harrar', 'info@fundus.ch', '044 445 80 45', 'Personal-Fürsorge-Stiftung Robert Ober AG', 'Badenerstrasse 567, 8048 Zürich, Zürich'),
('48a16dc0-8368-4ea7-b75d-06f845f9c732', 'Bernhard', 'Tobler', 'info@spleissbau.ch', '044 385 85 85', 'Personalfürsorgestiftung Robert Spleiss AG', 'Untere Heslibachstrasse 46, 8700 Küsnacht, Zürich'),
('2e02debc-11fc-4158-9878-46aefa9498de', 'Jason', 'Suhner', 'suhner-inland@suhner-ag.ch', '056 648 42 42', 'Personalfürsorgestiftung Suhner AG Bremgarten', 'Fischbacherstrasse 1, 5620 Bremgarten, Aargau'),
('896d13dc-56ad-411f-ad64-d4ff1e67f812', 'Adrian', 'Lüthi', 'info@stiftung-tannenhof.ch', '032 312 05 05', 'Personalfürsorgestiftung Tannenhof', 'Thunstrasse 68, 3074 Muri b. Bern, Bern'),
('b1e74cf8-522a-469c-93f1-4d889e02d206', 'Daniel', 'Stuber', 'mail@rohrer-marti.ch', '031 910 30 40', 'Personalfürsorgestiftung Ulrich Rohrer-Marti AG', 'Industriestrasse 53, 3052 Zollikofen, Bern'),
('7fb2f2f5-7fb8-40e5-a502-f46883f26aab', 'Jwan', 'Wechsler', 'info@wechslerag.ch', '041 930 33 84', 'PERSONALFÜRSORGESTIFTUNG WECHSLER AG RICKENBACH LU', 'Bohler, 6221 Rickenbach, Luzern'),
('43cc40e2-7563-4b03-aac4-f7bf0258d01c', 'Dietmar', 'Lehmann', 'info@personalhelden.ch', '041 541 16 20', 'Personalhelden GmbH', 'Hinterbergstrasse 56, 6312 Steinhausen, Zug'),
('34d67b13-a178-40fa-b8ad-5009276b297e', 'Minnaar', 'van Wyk', 'info@van-wyk.com', '079 748 96 21', 'Personalized Language Services', 'Hammerstrasse 14, 4058 Basel, Basel-Stadt'),
('8458b4aa-15a4-4da7-a2f4-a12ca5ca12d3', 'Markus', 'Eberli', 'markus.eberli@personallubag.ch', '041 317 20 11', 'Personal-Lubag AG', 'Sportweg 12, 6045 Meggen, Luzern'),
('3c094025-62c2-4ff0-a233-c7cc94350d2f', 'Qani', 'Iljazi', 'qani.iljazi@personalpartnerag.ch', '032 385 16 16', 'Personalpartner AG Beratung & Vermittlung', 'Kirchenfeldstrasse 34, 3250 Lyss, Bern'),
('1fc20853-7f94-4dcb-a3c0-b0ddcdd86383', 'Séverine', 'Albini-Vogel', 'info@personalphysio.ch', '079 578 33 58', 'personalphysio.ch', 'Thermenstrasse 4, 4302 Augst, Basel-Land'),
('aa2e01b7-c560-44de-95ca-d4349f641e97', 'Mario', 'Casafina', 'biotronik@zfv.ch', '044 864 50 98', 'Personalrestaurant Biotronik AG', 'Ackerstrasse 6, 8180 Bülach, Zürich'),
('689af843-b0c9-499e-ba8e-95e6a097fba9', 'Urs', 'Morgenthaler', 'urs.morgenthaler@sv-group.ch', '058 852 88 51', 'Personalrestaurant Galenica AG', 'Untermattweg 8, 3001 Bern, Bern'),
('ee0a5a8d-bc81-4276-8f21-ccf53d3a92b9', 'Hugo', 'Eichenmann', 'garaventa@sv-group.ch', '041 859 12 54', 'Personalrestaurant Garaventa - SV (Schweiz) AG', 'Tennmattstrasse 15, 6410 Goldau, Schwyz'),
('d257efe8-733c-4e93-a47a-613bda1a670d', 'Patric', 'Wangler', 'helvetia@zfv.ch', '058 280 14 97', 'Personalrestaurant Helvetia', 'Engelgasse 9, 4052 Basel, Basel-Stadt'),
('b34cd103-e835-47a5-b021-26ef6d3cd6a3', 'Daniela', 'Borelli', 'sag@zfv.ch', '044 805 23 24', 'Personalrestaurant SAG', 'Industriestrasse 8, 8305 Dietlikon, Zürich'),
('f8ffcaa2-94a6-4603-a22c-e26132124a2a', 'Bettina', 'Lehni', 'swisscom.mattenhof@sv-group.ch', '079 891 01 37', 'Personalrestaurant Swisscom Mattenhof Kriens', 'Im Mattenhof 12/14, 6010 Kriens, Luzern'),
('aed82f54-6754-4116-b616-a4bf098f3d61', 'Thorsten', 'Uffelmann', 'thorsten.uffelmann@sv-group.ch', '033 822 24 31', 'Personalrestaurant Touch and Go', 'Bönigstrasse 15, 3812 Wilderswil, Bern'),
('8b898829-1acc-43be-8860-b1558302235a', 'Fabian', 'Righini', 'fabian.righini@sv-group.ch', '044 863 31 46', 'Personalrestaurant Vetropack AG', 'Schützenmattstrasse 46, 8180 Bülach, Zürich'),
('c34fc607-6411-4d14-b1d1-e5a8969d36c2', 'Marijo', 'Miskovic', 'vitra@zfv.ch', '061 377 15 79', 'Personalrestaurant Vitra Center', 'Klünenfeldstrasse 22, 4127 Birsfelden, Basel-Land'),
('1fa402dc-e0c5-4753-bc42-f9f35548ab14', 'Dave', 'Husi', 'dave.husi@personal-schweiz.ch', '044 434 88 32', 'personalSCHWEIZ', 'Hermetschloostrasse 77, 8048 Zürich, Zürich'),
('46c67480-2c62-4863-ab34-6c43f9381d5a', 'Hannes', 'Lamprecht', 'kundendienst@personalshop.ch', '041 542 00 22', 'Personalshop AG', 'Zugerstrasse 1, 6330 Cham, Zug'),
('74f994d1-a864-408a-acb1-6ee9ec9b4437', 'Roman', 'Schlieper', 'info@awag.ch', '044 908 19 19', 'Personalstiftung Awag Elektrotechnik AG', 'Sandbüelstrasse 2, 8604 Volketswil, Zürich'),
('e15b09de-70e8-403e-b7b8-c9a98b880339', 'Michel', 'Bohren', 'info@crb.ch', '044 456 45 45', 'Personalstiftung CRB', 'Steinstrasse 21, 8036 Zürich, Zürich'),
('304123c5-7c1d-434e-aa06-1620076c6780', 'Philippe', 'Baumann', 'mail@creationbaumann.com', '062 919 62 62', 'Personalstiftung Création Baumann AG', 'Bern-Zürich-Strasse 23, 4901 Langenthal, Bern'),
('c064b1f5-ce8e-40e7-9022-a4dd5e87091f', 'Oliver', 'Eichenberger', 'info@agathon.ch', '032 617 45 00', 'Personalstiftung der Agathon AG c/o bei Agathon AG, Maschinenfabrik', 'Gurzelenstrasse 1, 4512 Bellach, Solothurn'),
('ea8e8bc9-6c70-49cb-8d12-6fc73c513b4e', 'Daniel', 'Bachofen', 'daniel.bachofen@bachofen.ch', '044 944 12 03', 'Personalstiftung der Bachofen AG', 'Ackerstrasse 42, 8610 Uster, Zürich'),
('12ab2cf9-6275-4350-bb49-77deeea93c0c', 'Daniel', 'Hodel', 'daniel.hodel@baumat.ch', '031 780 10 10', 'Personalstiftung der BAUMAT AG', 'Thalgutstrasse 2, 3114 Wichtrach, Bern'),
('f422cdb9-706b-4f59-9b2e-933cba4faa4d', 'Marc', 'Schuler', 'info@brw.ch', '044 736 63 63', 'Personalstiftung der Brütsch/Rüegger Holding AG', 'Heinrich Stutz-Strasse 20, 8902 Urdorf, Zürich'),
('06b2802b-010f-4610-9b7c-284b7e17b97d', 'Martin', 'Burri', 'mburri@burri.world', '044 874 44 22', 'Personalstiftung der Burri-Gruppe', 'Sägereistrasse 28, 8152 Glattbrugg, Zürich'),
('70eb58c7-f898-4632-b20e-60a21adc569c', 'Andre', 'Pennartz', 'service.pluss@rubix.com', '044 824 88 00', 'Personalstiftung der Firma C. Plüss + Co AG', 'Weiherweg 2, 8610 Uster, Zürich'),
('6423810b-b020-478b-9547-5de707c1c8c5', 'Christophe', 'Eck', 'cigar@villiger.ch', '062 765 55 55', 'Personalstiftung der Firma Villiger Söhne AG Pfeffikon', 'Dorfstrasse 4, 5735 Pfeffikon, Luzern'),
('6dd52f5a-3ca9-468a-bb81-b04f29197692', 'Michel', 'Perret', 'michel.perret@gimelli.ch', '031 919 10 13', 'Personalstiftung der Gimelli Produktions AG', 'Bernstrasse 223, 3052 Zollikofen, Bern'),
('092cb8ea-842b-4166-a120-05e4f4206b57', 'Martina', 'Gerster', 'martina.gerster@gerster.ch', '062 388 70 28', 'Personalstiftung der Härterei Gerster AG', 'Güterstrasse 3, 4622 Egerkingen, Solothurn'),
('55a520b5-db75-4328-91e3-70fa97e3f1e3', 'Patrizia', 'Stieger', 'info@asp-treuhand-ag.ch', '071 987 69 00', 'Personalstiftung der KSH', 'Trempel 2324, 9643 Krummenau, St. Gallen'),
('71683fc6-0128-4f14-a137-f2421c8076a0', 'Simone', 'Degen', 'sales@kuny.ch', '062 839 91 91', 'Personalstiftung der Kuny AG', 'Benkenstrasse 39, 5024 Küttigen, Aargau'),
('b6d88c9f-6030-4f2a-b697-8749420d8e73', 'Sandro', 'Vetterli', 'sandro.vetterli@lateltin.com', '052 234 45 45', 'Personalstiftung der Lateltin AG', 'Im Hölderli 19, 8405 Winterthur, Zürich'),
('84482a08-d6f0-4c39-b7b7-2d85d7dc7931', 'Ursula', 'Schweizer', 'info@lederlocher.ch', '044 839 14 20', 'Personal-Stiftung der Leder Locher AG', 'Neugutstrasse 60, 8304 Wallisellen, Zürich'),
('0b3a9568-1ee2-41d0-a81f-2b2ebf9eec50', 'Jürgen', 'Gabrielli', 'j.gabrielli@oertli.ch', '044 863 75 11', 'Personalstiftung der Oertli Werkzeuge AG', 'Hofstrasse 1, 8181 Höri, Zürich'),
('d1fd3196-2d51-4286-8c4c-93bf8fdb18a4', 'Jürg', 'Dennler', 'info@privatklinik-wyss.ch', '031 868 33 33', 'Personalstiftung der Privatklinik Wyss AG', 'Fellenbergstrasse 34, 3053 Münchenbuchsee, Bern'),
('7e8a6a08-4bed-4f23-a528-208c256e9c06', 'Patrick', 'Ruf', 'info@faigle.ch', '044 308 43 43', 'Personalstiftung der René Faigle AG', 'Thurgauerstrasse 76, 8050 Zürich, Zürich'),
('7d92f8b0-99a7-4f58-a074-374ecbbd3866', 'Thomas', 'Bamert', 'wm.switzerland@ch.rothschildandco.com', '044 384 71 11', 'Personalstiftung der Rothschild & Co Bank AG', 'Zollikerstrasse 181, 8034 Zürich, Zürich'),
('ee80be9a-72de-4b84-8738-90948301909a', 'Daniel', 'Betschart', 'info@ryseroptik.ch', '071 222 31 23', 'PERSONALSTIFTUNG DER RYSER OPTIK AG', 'Metzgergasse 2, 9004 St. Gallen, St. Gallen'),
('e3aad91a-555a-4e99-aa0e-5eeee19a1057', 'Robert', 'Schmidlin', 'r.schmidlin@schmidlinag.ch', '044 762 26 26', 'Personalstiftung der Schmidlin AG c/o Schmidlin AG', 'Zürichstrasse 19, 8910 Affoltern am Albis, Zürich'),
('140f174b-49e8-48fc-a609-b884ad965663', 'Roger', 'Mohr', 'fuehrungen@rega.ch', '044 654 33 11', 'Personalstiftung der Schweizerischen Rettungsflugwacht', 'Rega-Center, 8058 Zürich, Zürich'),
('ae26b8a1-50a4-49ee-8c50-55ad5ba6cef8', 'Thomas', 'Pfenninger', 'thomas.pfenninger@stiftung-buehl.ch', '044 783 18 14', 'Personalstiftung der Stiftung Bühl', 'Rötibodenstrasse 10, 8820 Wädenswil, Zürich'),
('26b8898f-a648-42b7-a791-9d6c6ca934b3', 'Markus', 'Hartmann', 'm.hartmann@stoeri.com', '079 785 39 10', 'Personalstiftung der Störi & Co AG', 'Sonnenrain 2, 8832 Wollerau, Schwyz'),
('c0f05e0f-a22a-4930-8ff7-950f34cce2d7', 'Patrik', 'Trüb', 'p.trueb@trueb-ag.ch', '044 718 48 36', 'Personalstiftung der Trüb AG Horgen', 'Einsiedlerstrasse 499, 8810 Horgen, Zürich'),
('78f89048-c3b7-4a73-b7d7-9d49e10fe627', 'Philipp', 'Wyss', 'philipp.wyss@wyssgarten.ch', '032 686 68 68', 'Personalstiftung der Wyss Samen und Pflanzen AG', 'Schachenweg 14c, 4528 Zuchwil, Solothurn'),
('8bbac9c9-0d01-4246-a1fd-6ce5d78b9bf2', 'Sabine', 'Galindo', 'sabine.galindo@ztmedien.ch', '062 745 93 93', 'Personalstiftung der ZT Medien AG', 'Henzmannstrasse 20, 4800 Zofingen, Aargau'),
('dbd5e9d7-8b9f-4ee6-bf33-e165532c056e', 'Alessandra', 'Trupo', 'gallus@heidelberg.com', '071 242 86 86', 'Personalstiftung gallus Ferd. Rüesch AG c/o Gallus Ferd. Rüesch AG', 'Harzbüchelstrasse 34, 9016 St. Gallen, St. Gallen'),
('23eb4f65-f264-4b68-9ed8-632e290bd426', 'Roger', 'Vogel', 'info@hunkeler.ch', '062 745 61 61', 'Personalstiftung Hunkeler', 'Bahnhofstrasse 31, 4806 Wikon, Luzern'),
('d5b8afaf-8a6a-4714-8b80-52e84373dff5', 'Daniel', 'Wild', 'info.littenheid@clienia.ch', '071 929 60 60', 'Personalstiftung Klinik Littenheid', 'Hauptstrasse 130, 9573 Littenheid, Thurgau'),
('5909b122-70f0-4bda-88b4-09643a4a51db', 'Nicole', 'Moser', 'sales@roschi.rohde-schwarz.com', '031 922 15 22', 'Personalstiftung Roschi Rohde & Schwarz AG', 'Mühlestrasse 7, 3063 Ittigen, Bern');

INSERT INTO leads (id, contact_id, source, status, value, notes) VALUES
('cc56e24f-ad94-41b0-a660-fbf06b26fce3', 'f9c87d05-7a7a-49f0-94c6-4b8102e2ce1c', 'KALTAKQUISE', 'ACTIVE', 0, 'Funktion: Geschäftsführer/in (CEO) | Mitarbeiter: 1 bis 10 | Branche: Pensionskassen | Rechtsform: Stiftung'),
('999acb83-3f7e-48f2-9fd5-d0d5041e5c8e', 'bcfbcd82-8c94-489e-b8f9-c3cb239a4fc0', 'KALTAKQUISE', 'ACTIVE', 0, 'Funktion: Geschäftsführer/in (CEO) | Mitarbeiter: 1 bis 10 | Branche: Pensionskassen | Rechtsform: Stiftung'),
('42820831-2eb6-40b7-89c4-0495b98304e0', 'fb1d5e49-d847-4e80-ba07-c30eda25eb03', 'KALTAKQUISE', 'ACTIVE', 0, 'Funktion: Geschäftsführer/in (CEO) | Mitarbeiter: 51 bis 100 | Branche: Pensionskassen | Rechtsform: Stiftung'),
('617f9c81-08a3-475a-a332-33348cfa5003', '91cae8fb-b9f3-4a2c-be40-663f66907cf7', 'KALTAKQUISE', 'ACTIVE', 0, 'Funktion: Geschäftsführer/in (CEO) | Mitarbeiter: 1 bis 10 | Branche: Pensionskassen | Rechtsform: Stiftung'),
('3a99e0c1-4754-40b1-9493-2b071e1e48a2', '556df237-d3fd-40e4-af80-929dc54e6b8b', 'KALTAKQUISE', 'ACTIVE', 0, 'Funktion: Geschäftsführer/in (CEO) | Mitarbeiter: 21 bis 50 | Branche: Pensionskassen'),
('59a83c15-a058-416a-9289-afde12d0f97b', '82e3b0a7-c76a-4a15-8bca-dd13720971fc', 'KALTAKQUISE', 'ACTIVE', 0, 'Funktion: Geschäftsführer/in (CEO) | Mitarbeiter: 21 bis 50 | Branche: Pensionskassen | Rechtsform: Stiftung'),
('3490b91f-b8ab-4a0a-bd78-eefd3ed77569', '8e6067ce-aa1f-4427-9cb1-ecbd7d044815', 'KALTAKQUISE', 'ACTIVE', 0, 'Funktion: Geschäftsführer/in (CEO) | Mitarbeiter: 1 bis 10 | Branche: Pensionskassen | Rechtsform: Stiftung'),
('6b056a2e-8381-4056-a29e-2377916ef69b', '7c34ce21-fc5d-4c4a-a082-0ee5ec54996a', 'KALTAKQUISE', 'ACTIVE', 0, 'Funktion: Geschäftsführer/in (CEO) | Mitarbeiter: 1 bis 10 | Branche: Pensionskassen'),
('7ab6ccc1-3dd2-42f9-8a3c-aa67f816ab45', 'af7b5deb-624e-4a8d-ad47-d5ca334f4bc9', 'KALTAKQUISE', 'ACTIVE', 0, 'Funktion: Geschäftsführer/in (CEO) | Mitarbeiter: 21 bis 50 | Branche: Pensionskassen | Rechtsform: Stiftung'),
('8217a6cb-da18-4252-8f92-2d664aa677a4', 'b6a0038d-8181-4d99-96ce-32dd082b05ce', 'KALTAKQUISE', 'ACTIVE', 0, 'Funktion: Geschäftsführer/in (CEO) | Mitarbeiter: 21 bis 50 | Branche: Pensionskassen | Rechtsform: Stiftung'),
('b2e82bd9-787b-441a-8abc-e83c1f168337', '6aea78a6-7ad5-480f-aab5-4cae2e37c005', 'KALTAKQUISE', 'ACTIVE', 0, 'Funktion: Geschäftsführer/in (CEO) | Mitarbeiter: 1 bis 10 | Branche: Pensionskassen | Rechtsform: Stiftung'),
('59b683a7-c98c-4b0f-8a4b-bb0ad573774a', '0d595933-79df-4798-808e-5f14b48ece1f', 'KALTAKQUISE', 'ACTIVE', 0, 'Funktion: Geschäftsführer/in (CEO) | Mitarbeiter: 1 bis 10 | Branche: Pensionskassen | Rechtsform: Stiftung'),
('2cccb25a-f37c-4593-9fbc-8e9f17452153', '960b5bd3-6c13-42fe-9d8d-cb37d91b2b7b', 'KALTAKQUISE', 'ACTIVE', 0, 'Funktion: Geschäftsführer/in (CEO) | Mitarbeiter: 1 bis 10 | Branche: Pensionskassen | Rechtsform: Stiftung'),
('4d35a87e-0d63-454c-b796-7aa117435753', 'cdd51176-8620-43df-8506-d795939cda66', 'KALTAKQUISE', 'ACTIVE', 0, 'Funktion: Geschäftsführer/in (CEO) | Mitarbeiter: 21 bis 50 | Branche: Pensionskassen | Rechtsform: Stiftung'),
('0378977c-033e-45e4-9a4c-2464d72f41f7', '46964fd3-de27-444a-a15c-a1af641806ff', 'KALTAKQUISE', 'ACTIVE', 0, 'Funktion: Geschäftsführer/in (CEO) | Mitarbeiter: 11 bis 20 | Branche: Pensionskassen | Rechtsform: Stiftung'),
('c16d879c-76d4-42e6-b38b-a71c76c937d0', 'b512cd6f-7ffa-43c8-b7d5-c4e6f49491e2', 'KALTAKQUISE', 'ACTIVE', 0, 'Funktion: Geschäftsführer/in (CEO) | Mitarbeiter: 21 bis 50 | Branche: Pensionskassen | Rechtsform: Stiftung'),
('7745df43-7f42-4c39-a663-360e03b75a88', '86f4a80f-2019-4d47-8a59-c8038a810afd', 'KALTAKQUISE', 'ACTIVE', 0, 'Funktion: Geschäftsführer/in (CEO) | Mitarbeiter: 1 bis 10 | Branche: Pensionskassen | Rechtsform: Stiftung'),
('fbb7e040-f235-4268-8a61-7f3451a3599a', '1e9ecf96-943e-4bc2-aa15-ae3031a83186', 'KALTAKQUISE', 'ACTIVE', 0, 'Funktion: Geschäftsführer/in (CEO) | Mitarbeiter: 21 bis 50 | Branche: Pensionskassen | Rechtsform: Stiftung'),
('f0ef10ea-9916-4cf7-a6b5-55981e802638', '8db50ad5-0d38-4aa9-b996-2db77b7404fb', 'KALTAKQUISE', 'ACTIVE', 0, 'Funktion: Geschäftsführer/in (CEO) | Mitarbeiter: 1 bis 10 | Branche: Pensionskassen | Rechtsform: Stiftung'),
('b53bff1e-49a0-49e7-9b77-4a230c8d921a', 'fbf55746-ad83-4cce-987f-748b0359fe11', 'KALTAKQUISE', 'ACTIVE', 0, 'Funktion: Geschäftsführer/in (CEO) | Mitarbeiter: 1 bis 10 | Branche: Pensionskassen | Rechtsform: Stiftung'),
('ae0de88a-45e5-4649-bb3d-a7322dca9a41', 'b1b978b0-d131-462e-bb44-39b4d769825b', 'KALTAKQUISE', 'ACTIVE', 0, 'Funktion: Geschäftsführer/in (CEO) | Mitarbeiter: 1 bis 10 | Branche: Pensionskassen | Rechtsform: Stiftung'),
('eca82c5c-bf77-4821-868c-bdbd3edc5a2a', 'bb73607b-8e8b-4584-b9fa-53e8244fb873', 'KALTAKQUISE', 'ACTIVE', 0, 'Funktion: Geschäftsführer/in (CEO) | Mitarbeiter: 1 bis 10 | Branche: Pensionskassen | Rechtsform: Stiftung'),
('5734ac24-334b-4c74-b8ae-0d88a1d12667', '892ad0c1-80f6-4e2f-a8e6-4d5311ff2ac0', 'KALTAKQUISE', 'ACTIVE', 0, 'Funktion: Geschäftsführer/in (CEO) | Mitarbeiter: 1 bis 10 | Branche: Pensionskassen | Rechtsform: Stiftung'),
('61cd11cd-7e26-4456-8694-da33cd76fd16', '37a5b014-bdd4-4abe-9c8e-ebf2f2736045', 'KALTAKQUISE', 'ACTIVE', 0, 'Funktion: Geschäftsführer/in (CEO) | Mitarbeiter: 1 bis 10 | Branche: Pensionskassen'),
('2f7b0c80-fb01-44f5-83cc-4e73b3545e54', '4704cbd3-9470-4d64-9c4b-1395430141cf', 'KALTAKQUISE', 'ACTIVE', 0, 'Funktion: Geschäftsführer/in (CEO) | Mitarbeiter: 1 bis 10 | Branche: Pensionskassen | Rechtsform: Stiftung'),
('8f76089c-4d1f-4da0-b72f-bd4400b138ef', 'debed666-c689-48fb-8961-878403e90ca7', 'KALTAKQUISE', 'ACTIVE', 0, 'Funktion: Geschäftsführer/in (CEO) | Mitarbeiter: 1 bis 10 | Branche: Pensionskassen | Rechtsform: Stiftung'),
('a5260073-297f-4764-88bb-14027e43a7aa', '2198f422-3a38-4118-a787-e9baf9b26490', 'KALTAKQUISE', 'ACTIVE', 0, 'Funktion: Geschäftsführer/in (CEO) | Mitarbeiter: 1 bis 10 | Branche: Pensionskassen'),
('3371da4b-a5c5-4095-8ca1-012e5cff6fdd', '343c4272-a624-41d7-b1f4-1fa309996405', 'KALTAKQUISE', 'ACTIVE', 0, 'Funktion: Geschäftsführer/in (CEO) | Mitarbeiter: 21 bis 50 | Branche: Pensionskassen | Rechtsform: Stiftung'),
('f1142c00-d5e8-494a-820e-37593837add3', 'cc5ec641-2355-4f7a-8dc6-7359897a3d7c', 'KALTAKQUISE', 'ACTIVE', 0, 'Funktion: Geschäftsführer/in (CEO) | Mitarbeiter: 1 bis 10 | Branche: Pensionskassen | Rechtsform: Stiftung'),
('a52aa951-1ca4-47ec-ba26-af5f5b3e2044', '63799a07-7b93-4d71-9094-5d350aa25cda', 'KALTAKQUISE', 'ACTIVE', 0, 'Funktion: Geschäftsführer/in (CEO) | Mitarbeiter: 1 bis 10 | Branche: Pensionskassen | Rechtsform: Stiftung'),
('352c2878-eca7-4f52-9d96-50689e91a6fc', 'af3c7d40-a11e-4e48-b401-ef70bce17987', 'KALTAKQUISE', 'ACTIVE', 0, 'Funktion: Geschäftsführer/in (CEO) | Mitarbeiter: 1 bis 10 | Branche: Pensionskassen | Rechtsform: Stiftung'),
('cb355a93-26a2-4df9-b513-dadace881367', '9ec8468c-2638-4854-9369-b31bfa313cc3', 'KALTAKQUISE', 'ACTIVE', 0, 'Funktion: Geschäftsführer/in (CEO) | Mitarbeiter: 21 bis 50 | Branche: Pensionskassen | Rechtsform: Stiftung'),
('b446e458-83f5-4f75-9994-4a1554bd05fc', 'eda1bdd9-f434-4362-bbf3-2df8bb25a781', 'KALTAKQUISE', 'ACTIVE', 0, 'Funktion: Geschäftsführer/in (CEO) | Mitarbeiter: 1 bis 10 | Branche: Pensionskassen | Rechtsform: Stiftung'),
('d1b9042c-ad27-46dd-9998-1e5aea170d51', '79496fd1-6d65-4823-9e35-c550da9df1b7', 'KALTAKQUISE', 'ACTIVE', 0, 'Funktion: Geschäftsführer/in (CEO) | Mitarbeiter: 1 bis 10 | Branche: Pensionskassen | Rechtsform: Stiftung'),
('5437d7a5-b8d7-4a58-a0fe-af177517274f', 'c8cfa4bd-0a23-443a-bc30-59a2c1187bd0', 'KALTAKQUISE', 'ACTIVE', 0, 'Funktion: Geschäftsführer/in (CEO) | Mitarbeiter: 1 bis 10 | Branche: Pensionskassen | Rechtsform: Stiftung'),
('4dab180c-c272-4e3c-9c78-dc124ad7cdc0', '76013fe4-b5fd-4d0a-b667-7e6c8fbd9024', 'KALTAKQUISE', 'ACTIVE', 0, 'Funktion: Geschäftsführer/in (CEO) | Mitarbeiter: 1 bis 10 | Branche: Pensionskassen | Rechtsform: Stiftung'),
('7af6746f-e64b-4909-b27a-805d3cec9e83', '3da24d72-5e86-4f72-b478-c5d74146b02f', 'KALTAKQUISE', 'ACTIVE', 0, 'Funktion: Geschäftsführer/in (CEO) | Mitarbeiter: 1 bis 10 | Branche: Pensionskassen | Rechtsform: Stiftung'),
('9fb88a28-f2fe-490f-8938-45096f40207c', '1e5da41c-f2b5-4a09-9ee3-7a4df8843605', 'KALTAKQUISE', 'ACTIVE', 0, 'Funktion: Geschäftsführer/in (CEO) | Mitarbeiter: 1 bis 10 | Branche: Pensionskassen | Rechtsform: Stiftung'),
('fa75c648-41ee-4a69-b88b-f0047ce76719', '0dd38bd4-66d1-43e0-9750-12690e80b953', 'KALTAKQUISE', 'ACTIVE', 0, 'Funktion: Geschäftsführer/in (CEO) | Mitarbeiter: 21 bis 50 | Branche: Pensionskassen | Rechtsform: Stiftung'),
('e977115f-590d-4482-a80d-dceb6b71b716', '316a8731-ae75-4420-a315-f3ca0f480470', 'KALTAKQUISE', 'ACTIVE', 0, 'Funktion: Geschäftsführer/in (CEO) | Mitarbeiter: 21 bis 50 | Branche: Pensionskassen | Rechtsform: Stiftung'),
('aacc38ec-4441-4229-b3be-58430e84ca84', '3f1796a5-0f55-4cbd-8ea0-951e85aa4acd', 'KALTAKQUISE', 'ACTIVE', 0, 'Funktion: Geschäftsführer/in (CEO) | Mitarbeiter: 1 bis 10 | Branche: Pensionskassen | Rechtsform: Stiftung'),
('41f446f4-455f-4657-b7e6-b17d3787c2e0', 'f7e2e596-2e67-4036-ace8-da756de3ed5d', 'KALTAKQUISE', 'ACTIVE', 0, 'Funktion: Geschäftsführer/in (CEO) | Mitarbeiter: 1 bis 10 | Branche: Pensionskassen | Rechtsform: Stiftung'),
('0b8c19e0-88ef-4b1f-9eb0-983bddbefa86', '312e3bf4-0416-4684-95e7-210731521c2c', 'KALTAKQUISE', 'ACTIVE', 0, 'Funktion: Geschäftsführer/in (CEO) | Mitarbeiter: 21 bis 50 | Branche: Pensionskassen | Rechtsform: Stiftung'),
('cc17c837-81ce-4ec5-adbf-f5cb25c28ee4', 'f0b98853-f33b-4201-a9c3-855305917542', 'KALTAKQUISE', 'ACTIVE', 0, 'Funktion: Geschäftsführer/in (CEO) | Mitarbeiter: 1 bis 10 | Branche: Pensionskassen | Rechtsform: Stiftung'),
('a54163c2-d581-4382-ba10-dcb3e94a2be1', '1503701a-80be-4af8-a55d-ef9260c9b093', 'KALTAKQUISE', 'ACTIVE', 0, 'Funktion: Geschäftsführer/in (CEO) | Mitarbeiter: 1 bis 10 | Branche: Pensionskassen | Rechtsform: Stiftung'),
('0df7f5df-cb75-4a82-8b7e-07d32b8bbe52', '5733e477-151f-4ea8-9787-5da43dfa6b84', 'KALTAKQUISE', 'ACTIVE', 0, 'Funktion: Geschäftsführer/in (CEO) | Mitarbeiter: 1 bis 10 | Branche: Pensionskassen | Rechtsform: Stiftung'),
('5d4f5542-cabc-422c-b602-d8a1962058ee', 'f5093c20-f2e7-49b7-babc-ed87bbb1cdc9', 'KALTAKQUISE', 'ACTIVE', 0, 'Funktion: Geschäftsführer/in (CEO) | Mitarbeiter: 1 bis 10 | Branche: Pensionskassen | Rechtsform: Stiftung'),
('7decedee-f70a-4fbc-94ac-b4889df4868a', 'cb212700-2f29-41db-8315-b02e101cce71', 'KALTAKQUISE', 'ACTIVE', 0, 'Funktion: Geschäftsführer/in (CEO) | Mitarbeiter: 21 bis 50 | Branche: Pensionskassen | Rechtsform: Stiftung'),
('46df36f6-e699-4770-be9a-3af618aa5b87', '2666dc72-0197-447c-aa2c-41e78c2332b1', 'KALTAKQUISE', 'ACTIVE', 0, 'Funktion: Geschäftsführer/in (CEO) | Mitarbeiter: 1 bis 10 | Branche: Pensionskassen'),
('f1820c89-ce0a-482e-ace2-abc61746eb19', 'b92a00d4-5913-4952-8ba3-c6858cf6b288', 'KALTAKQUISE', 'ACTIVE', 0, 'Funktion: Geschäftsführer/in (CEO) | Mitarbeiter: 21 bis 50 | Branche: Pensionskassen | Rechtsform: Stiftung'),
('bd577d39-81e6-422f-aa1c-a0755d29e89a', '1c7d0cfc-d281-4b0c-8391-10c2f6d6d165', 'KALTAKQUISE', 'ACTIVE', 0, 'Funktion: Geschäftsführer/in (CEO) | Mitarbeiter: 21 bis 50 | Branche: Pensionskassen | Rechtsform: Stiftung'),
('7235d49a-da39-4d01-9355-7f7ecb631462', 'fef45ffa-3b1c-445f-967b-d01c1f7477a7', 'KALTAKQUISE', 'ACTIVE', 0, 'Funktion: Geschäftsführer/in (CEO) | Mitarbeiter: 1 bis 10 | Branche: Pensionskassen | Rechtsform: Stiftung'),
('a3e6aaa5-b9e2-42a8-885b-2eb9f61c5699', 'fafcdaed-ac39-452c-a718-9f0122ee8326', 'KALTAKQUISE', 'ACTIVE', 0, 'Funktion: Geschäftsführer/in (CEO) | Mitarbeiter: 1 bis 10 | Branche: Pensionskassen | Rechtsform: Stiftung'),
('d3207742-4b79-4326-bfb2-9104747ee0b9', 'c66c81ac-8666-4fba-b0f4-e4f43213f0c6', 'KALTAKQUISE', 'ACTIVE', 0, 'Funktion: Geschäftsführer/in (CEO) | Mitarbeiter: 1 bis 10 | Branche: Pensionskassen | Rechtsform: Stiftung'),
('0247021b-d72d-4c34-a09f-a0b4f2fd13d5', 'e5852425-2e9b-4186-8d74-7b8a120e3bac', 'KALTAKQUISE', 'ACTIVE', 0, 'Funktion: Geschäftsführer/in (CEO) | Mitarbeiter: 1 bis 10 | Branche: Pensionskassen'),
('a9147430-ceec-4104-8712-a40ef58784e0', '1307b11c-5015-4544-8cc5-01d44195e626', 'KALTAKQUISE', 'ACTIVE', 0, 'Funktion: Geschäftsführer/in (CEO) | Mitarbeiter: 1 bis 10 | Branche: Pensionskassen | Rechtsform: Stiftung'),
('a7684307-bbb0-4dd6-96ed-7822d8073eef', 'f795bdfc-3e81-4629-b1a4-c0ea39f61280', 'KALTAKQUISE', 'ACTIVE', 0, 'Funktion: Geschäftsführer/in (CEO) | Mitarbeiter: 1 bis 10 | Branche: Pensionskassen | Rechtsform: Stiftung'),
('02849811-adc3-49bd-b9f1-29236416fc55', '2e7253db-4d88-449d-8015-bf0db32b90b1', 'KALTAKQUISE', 'ACTIVE', 0, 'Funktion: Geschäftsführer/in (CEO) | Mitarbeiter: 1 bis 10 | Branche: Pensionskassen | Rechtsform: Stiftung'),
('dc9698b1-0a86-4938-90b1-14b38d589bd5', 'c60a9bd8-4c68-40f0-b3e2-5522602f8a7f', 'KALTAKQUISE', 'ACTIVE', 0, 'Funktion: Geschäftsführer/in (CEO) | Mitarbeiter: 1 bis 10 | Branche: Pensionskassen'),
('dc047926-ea35-42cf-b5a5-c2c2ab9877b3', '6f5536f9-166e-4f55-9275-ce6d74c9babe', 'KALTAKQUISE', 'ACTIVE', 0, 'Funktion: Geschäftsführer/in (CEO) | Mitarbeiter: 1 bis 10 | Branche: Pensionskassen | Rechtsform: Stiftung'),
('5bc1286d-1c8d-49ee-9bd2-ae44d5f81d47', '9efffe89-01f9-41cc-beaa-686bee1c7d5c', 'KALTAKQUISE', 'ACTIVE', 0, 'Funktion: Geschäftsführer/in (CEO) | Mitarbeiter: 1 bis 10 | Branche: Pensionskassen | Rechtsform: Stiftung'),
('dea3b104-6572-4d57-aceb-5b1149b779ac', '85a99b4d-e827-4712-be6e-dc140c2cbdde', 'KALTAKQUISE', 'ACTIVE', 0, 'Funktion: Geschäftsführer/in (CEO) | Mitarbeiter: 1 bis 10 | Branche: Pensionskassen | Rechtsform: Stiftung'),
('6e35343e-e675-4658-a81c-37d221ef36c9', '9a43a2a2-ff9d-41d3-8c60-c7243d3b0946', 'KALTAKQUISE', 'ACTIVE', 0, 'Funktion: Geschäftsführer/in (CEO) | Mitarbeiter: 1 bis 10 | Branche: Pensionskassen'),
('7fde0c9f-65c5-4219-a745-a5d9ba3dc15b', 'b508df59-253c-4a8e-9ae6-884ab92c07fd', 'KALTAKQUISE', 'ACTIVE', 0, 'Funktion: Geschäftsführer/in (CEO) | Mitarbeiter: 1 bis 10 | Branche: Pensionskassen | Rechtsform: Stiftung'),
('e833e412-c6dd-45e6-9826-a4866aea1558', 'aee14983-9d03-40a4-a583-97010f8d4096', 'KALTAKQUISE', 'ACTIVE', 0, 'Funktion: Geschäftsführer/in (CEO) | Mitarbeiter: 1 bis 10 | Branche: Pensionskassen | Rechtsform: Stiftung'),
('29259171-7f4f-43b5-a65a-473a294e1c98', '16ae9692-f950-45f8-a6cc-9e4280cf01eb', 'KALTAKQUISE', 'ACTIVE', 0, 'Funktion: Geschäftsführer/in (CEO) | Mitarbeiter: 1 bis 10 | Branche: Pensionskassen | Rechtsform: Stiftung'),
('a1f2bef4-264b-4185-9566-a201520c4360', '8294d8ae-25d1-4260-8461-ff387cedccd0', 'KALTAKQUISE', 'ACTIVE', 0, 'Funktion: Geschäftsführer/in (CEO) | Mitarbeiter: 21 bis 50 | Branche: Pensionskassen | Rechtsform: Stiftung'),
('ccd93a16-a9d1-451d-ad39-a173dfba88e7', 'bb7ac3ca-7af1-459e-80e3-ac37496f928c', 'KALTAKQUISE', 'ACTIVE', 0, 'Funktion: Geschäftsführer/in (CEO) | Mitarbeiter: 21 bis 50 | Branche: Pensionskassen | Rechtsform: Stiftung'),
('2fd83e3e-b3b4-4521-a308-cc8f6cc2086d', 'f14a3b13-c5e9-4bef-a22c-1533d19fe0ba', 'KALTAKQUISE', 'ACTIVE', 0, 'Funktion: Geschäftsführer/in (CEO) | Mitarbeiter: 21 bis 50 | Branche: Pensionskassen | Rechtsform: Stiftung'),
('cb426755-e82b-4e3d-b315-f5cada2e2af5', 'b349eed3-9821-4b2c-ad8d-04c3a93105e9', 'KALTAKQUISE', 'ACTIVE', 0, 'Funktion: Geschäftsführer/in (CEO) | Mitarbeiter: 1 bis 10 | Branche: Pensionskassen | Rechtsform: Stiftung'),
('89042f8f-4321-4275-9a61-c03b4f1021ad', '936d3abe-c0fb-4f8f-8db9-e73bf654468e', 'KALTAKQUISE', 'ACTIVE', 0, 'Funktion: Geschäftsführer/in (CEO) | Mitarbeiter: 1 bis 10 | Branche: Pensionskassen | Rechtsform: Stiftung'),
('5395a34c-1da0-4fad-be78-f2961c72b5c4', '8119a719-18af-4e6e-8981-649bfa2aba1d', 'KALTAKQUISE', 'ACTIVE', 0, 'Funktion: Geschäftsführer/in (CEO) | Mitarbeiter: 1 bis 10 | Branche: Pensionskassen | Rechtsform: Stiftung'),
('13b7cb08-7d08-4768-b1d2-268ae67c7e59', 'ec7d500c-cc0a-4d31-8324-61e047e87308', 'KALTAKQUISE', 'ACTIVE', 0, 'Funktion: Geschäftsführer/in (CEO) | Mitarbeiter: 1 bis 10 | Branche: Pensionskassen | Rechtsform: Stiftung'),
('39835162-9a4a-4188-be1d-5a75b34124e8', 'dd1d62e4-83a9-43cc-bee2-7fc44fd46cc1', 'KALTAKQUISE', 'ACTIVE', 0, 'Funktion: Geschäftsführer/in (CEO) | Mitarbeiter: 1 bis 10 | Branche: Pensionskassen | Rechtsform: Stiftung'),
('79d7c1d3-b023-4917-9cdc-477149532fca', '8101acd8-f246-430d-8454-1c9c073137cd', 'KALTAKQUISE', 'ACTIVE', 0, 'Funktion: Geschäftsführer/in (CEO) | Mitarbeiter: 1 bis 10 | Branche: Pensionskassen | Rechtsform: Stiftung'),
('aa15eab2-e910-4145-ab1d-729862d125f7', '167c741c-94d6-40ac-b90d-d4a5d9a0122e', 'KALTAKQUISE', 'ACTIVE', 0, 'Funktion: Geschäftsführer/in (CEO) | Mitarbeiter: 1 bis 10 | Branche: Pensionskassen | Rechtsform: Stiftung'),
('4df0644d-34f8-47a4-8f26-0d59e1e18497', 'c82e7b8f-d565-40af-8277-0d06ff173292', 'KALTAKQUISE', 'ACTIVE', 0, 'Funktion: Geschäftsführer/in (CEO) | Mitarbeiter: 1 bis 10 | Branche: Pensionskassen | Rechtsform: Stiftung'),
('ab72d845-9e5e-4c8d-9c52-571bb46292d2', '8f2a1cd7-e53a-414e-a2ac-a8b75f31b18f', 'KALTAKQUISE', 'ACTIVE', 0, 'Funktion: Geschäftsführer/in (CEO) | Mitarbeiter: 1 bis 10 | Branche: Pensionskassen | Rechtsform: Stiftung'),
('14e24e9b-2033-42da-b6c3-aa72cba81a26', '55575861-3634-4443-9162-efba318b7d71', 'KALTAKQUISE', 'ACTIVE', 0, 'Funktion: Geschäftsführer/in (CEO) | Mitarbeiter: 1 bis 10 | Branche: Pensionskassen | Rechtsform: Stiftung'),
('875d7f08-e770-4eba-bc5c-22014318f71d', '9f40e33f-3322-4439-ad3d-7ccddb769f93', 'KALTAKQUISE', 'ACTIVE', 0, 'Funktion: Geschäftsführer/in (CEO) | Mitarbeiter: 21 bis 50 | Branche: Pensionskassen | Rechtsform: Stiftung'),
('bc011c2b-8193-420a-a195-d96e8f2617a6', 'fe8d0b40-5aab-4cd6-9e53-ba4cb90b2544', 'KALTAKQUISE', 'ACTIVE', 0, 'Funktion: Geschäftsführer/in (CEO) | Mitarbeiter: 21 bis 50 | Branche: Pensionskassen | Rechtsform: Stiftung'),
('fb8a30a0-f19a-4dbe-b38f-e5275db81aab', '4729bbdb-dc6e-4d29-94f5-0cb6918eb74b', 'KALTAKQUISE', 'ACTIVE', 0, 'Funktion: Geschäftsführer/in (CEO) | Mitarbeiter: 1 bis 10 | Branche: Pensionskassen | Rechtsform: Stiftung'),
('aedf7e90-35bc-431f-87f7-b2a56b5d7407', 'e5b7377e-788d-454a-ad8c-0885dfe506c9', 'KALTAKQUISE', 'ACTIVE', 0, 'Funktion: Geschäftsführer/in (CEO) | Mitarbeiter: 1 bis 10 | Branche: Pensionskassen | Rechtsform: Stiftung'),
('ebd5b200-c5dc-4de2-b90e-956cedbf41db', '7f39490c-0313-487a-a694-4b4a5b7f6abf', 'KALTAKQUISE', 'ACTIVE', 0, 'Funktion: Geschäftsführer/in (CEO) | Mitarbeiter: 1 bis 10 | Branche: Pensionskassen | Rechtsform: Stiftung'),
('e4319d8e-ddd4-4f79-8f0c-a728a9a7e661', '6e7d3b61-3adc-44f2-b8bf-b1859d02e4d5', 'KALTAKQUISE', 'ACTIVE', 0, 'Funktion: Geschäftsführer/in (CEO) | Mitarbeiter: 11 bis 20 | Branche: Pensionskassen | Rechtsform: Stiftung'),
('2590b536-eb03-41a6-8ef3-d3a47588c3c7', '4e07a6da-9537-419a-b20b-c0b3722880d8', 'KALTAKQUISE', 'ACTIVE', 0, 'Funktion: Geschäftsführer/in (CEO) | Mitarbeiter: 1 bis 10 | Branche: Pensionskassen | Rechtsform: Stiftung'),
('91c4f180-37fb-4b8b-b5fb-e5d482eb6589', '9f9e5653-b991-4338-b97b-f04fa319d7dd', 'KALTAKQUISE', 'ACTIVE', 0, 'Funktion: Geschäftsführer/in (CEO) | Mitarbeiter: 1 bis 10 | Branche: Pensionskassen | Rechtsform: Stiftung'),
('96409a29-b063-467d-9027-2a54478a65a2', 'bb7e2deb-9052-4472-a4d1-0588d020ec17', 'KALTAKQUISE', 'ACTIVE', 0, 'Funktion: Geschäftsführer/in (CEO) | Mitarbeiter: 21 bis 50 | Branche: Pensionskassen | Rechtsform: Stiftung'),
('36af7697-bb31-470f-8e61-7630551e8b4b', '17819158-08d5-4198-b057-f31e0e83e497', 'KALTAKQUISE', 'ACTIVE', 0, 'Funktion: Geschäftsführer/in (CEO) | Mitarbeiter: 1 bis 10 | Branche: Pensionskassen'),
('f5e3f1c7-8789-486b-8a8f-e1522d870a8b', 'dafdbfc7-b733-4004-ada7-92170462797f', 'KALTAKQUISE', 'ACTIVE', 0, 'Funktion: Geschäftsführer/in (CEO) | Mitarbeiter: 11 bis 20 | Branche: Pensionskassen'),
('ff219416-7799-488c-ae8b-20367db1203a', '4cb21941-7174-4d55-b29a-622e9e1418d4', 'KALTAKQUISE', 'ACTIVE', 0, 'Funktion: Geschäftsführer/in (CEO) | Mitarbeiter: 11 bis 20 | Branche: Pensionskassen | Rechtsform: Stiftung'),
('5899cd34-ea79-4ddc-bddd-3cbe2098b258', '61c040a3-3546-4dd1-a2a2-a07c8e1da101', 'KALTAKQUISE', 'ACTIVE', 0, 'Funktion: Geschäftsführer/in (CEO) | Mitarbeiter: 1 bis 10 | Branche: Pensionskassen | Rechtsform: Stiftung'),
('7016b485-e8c9-4f61-951c-65dec45bc0ea', '231590b5-9972-4c42-a6ee-50ae488a1d23', 'KALTAKQUISE', 'ACTIVE', 0, 'Funktion: Geschäftsführer/in (CEO) | Mitarbeiter: 1 bis 10 | Branche: Pensionskassen | Rechtsform: Stiftung'),
('aef85401-95ca-4c49-b21f-9914015852ca', 'b09d3918-e443-41ae-b7bc-fc985a2859ae', 'KALTAKQUISE', 'ACTIVE', 0, 'Funktion: Geschäftsführer/in (CEO) | Mitarbeiter: 21 bis 50 | Branche: Pensionskassen | Rechtsform: Stiftung'),
('335fae1f-1f5e-45bb-80f1-28d585b19a0d', 'c930ecbb-830b-4902-8dab-15ae722e8d64', 'KALTAKQUISE', 'ACTIVE', 0, 'Funktion: Geschäftsführer/in (CEO) | Mitarbeiter: 1 bis 10 | Branche: Pensionskassen | Rechtsform: Stiftung'),
('782ddc09-8610-4c81-8710-2e4e125446b6', '6f171f24-be5a-446a-b999-3409e6b6eeb0', 'KALTAKQUISE', 'ACTIVE', 0, 'Funktion: Geschäftsführer/in (CEO) | Mitarbeiter: 21 bis 50 | Branche: Pensionskassen | Rechtsform: Stiftung'),
('9dcb4859-3279-4bb6-898e-88ff187248fb', 'ed45d7d3-60fe-4f3b-ad93-e9ddfedb7845', 'KALTAKQUISE', 'ACTIVE', 0, 'Funktion: Geschäftsführer/in (CEO) | Mitarbeiter: 1 bis 10 | Branche: Pensionskassen | Rechtsform: Stiftung'),
('5d5f0121-8a42-446b-9f93-de19418df6a0', '7b707900-84d9-471e-b14d-c1a234e76cf1', 'KALTAKQUISE', 'ACTIVE', 0, 'Funktion: Geschäftsführer/in (CEO) | Mitarbeiter: 101 bis 500 | Branche: Pensionskassen | Rechtsform: Stiftung'),
('fccd85af-f6c9-4700-ac21-1d3278191f24', '6b821777-60f5-494d-8d8e-7cf1227279f3', 'KALTAKQUISE', 'ACTIVE', 0, 'Funktion: Geschäftsführer/in (CEO) | Mitarbeiter: 21 bis 50 | Branche: Pensionskassen | Rechtsform: Stiftung'),
('c3338a16-0c6d-4a76-855d-d644939a3085', 'ba84bcf9-3f6a-4d3b-811b-71f858ea44a6', 'KALTAKQUISE', 'ACTIVE', 0, 'Funktion: Geschäftsführer/in (CEO) | Mitarbeiter: 1 bis 10 | Branche: Pensionskassen | Rechtsform: Stiftung'),
('42c568ca-5834-45f7-a592-bf6500eb4875', '71d6ba49-6e07-4dec-8a88-60dd305e05fc', 'KALTAKQUISE', 'ACTIVE', 0, 'Funktion: Geschäftsführer/in (CEO) | Mitarbeiter: 21 bis 50 | Branche: Pensionskassen | Rechtsform: Stiftung'),
('cbb0fe82-e5c8-42a7-9842-ef2ac7dc62d1', '2b47f114-2f1e-467d-a668-408382a83253', 'KALTAKQUISE', 'ACTIVE', 0, 'Funktion: Geschäftsführer/in (CEO) | Mitarbeiter: 21 bis 50 | Branche: Pensionskassen | Rechtsform: Stiftung'),
('03096433-a218-4199-a668-0564a20ffb59', '3ceadb99-2b43-4050-aea5-1fba344c6c41', 'KALTAKQUISE', 'ACTIVE', 0, 'Funktion: Geschäftsführer/in (CEO) | Mitarbeiter: 1 bis 10 | Branche: Pensionskassen | Rechtsform: Stiftung'),
('7cbd6b0f-e467-43b0-a1d8-09413ae29c41', '864816b5-60f0-4128-b58a-052d536b9391', 'KALTAKQUISE', 'ACTIVE', 0, 'Funktion: Geschäftsführer/in (CEO) | Mitarbeiter: 1 bis 10 | Branche: Pensionskassen | Rechtsform: Stiftung'),
('4528e935-f9ea-4293-805e-5c013d9e891b', '74b3f552-14ac-4468-9666-952939a80ed0', 'KALTAKQUISE', 'ACTIVE', 0, 'Funktion: Geschäftsführer/in (CEO) | Mitarbeiter: 21 bis 50 | Branche: Pensionskassen | Rechtsform: Stiftung'),
('c836f80d-5cad-4319-a05f-9e5beb1052fd', '86109f58-334b-44b3-9033-b1d031d57055', 'KALTAKQUISE', 'ACTIVE', 0, 'Funktion: Geschäftsführer/in (CEO) | Mitarbeiter: 21 bis 50 | Branche: Pensionskassen | Rechtsform: Stiftung'),
('07ca2f74-1eb8-4c9b-85c3-812fc695f7bb', 'cb42f018-d2d3-4ef2-bbcd-c98f2bfb5cf1', 'KALTAKQUISE', 'ACTIVE', 0, 'Funktion: Geschäftsführer/in (CEO) | Mitarbeiter: 1 bis 10 | Branche: Pensionskassen | Rechtsform: Stiftung'),
('97ed9839-4f51-4cfc-a89e-0098936c69c6', 'a6a7c969-6959-4d19-9c0e-055ced47d8c8', 'KALTAKQUISE', 'ACTIVE', 0, 'Funktion: Geschäftsführer/in (CEO) | Mitarbeiter: 1 bis 10 | Branche: Pensionskassen | Rechtsform: Stiftung'),
('28b7c61f-7b0b-4f66-afed-ff15e8680ba3', '6ea486e3-d707-41a2-a7ef-7675fbf2c4b4', 'KALTAKQUISE', 'ACTIVE', 0, 'Funktion: Geschäftsführer/in (CEO) | Mitarbeiter: 1 bis 10 | Branche: Pensionskassen | Rechtsform: Stiftung'),
('fb65944e-2a80-4d61-b09c-2d8e31b0ece5', '1702f712-1db4-4af0-a0a1-dc8782e1250a', 'KALTAKQUISE', 'ACTIVE', 0, 'Funktion: Geschäftsführer/in (CEO) | Mitarbeiter: 1 bis 10 | Branche: Pensionskassen | Rechtsform: Stiftung'),
('c3a35c76-6400-4d55-b0c6-df28a4aea2c8', '7707b8c5-13c8-44cb-94f9-dd5e34e66985', 'KALTAKQUISE', 'ACTIVE', 0, 'Funktion: Geschäftsführer/in (CEO) | Mitarbeiter: 1 bis 10 | Branche: Pensionskassen | Rechtsform: Stiftung'),
('caef77cb-e5a5-4e51-970a-47939f220a9c', 'fdd0ed0d-716c-4c79-bbcf-5ab508b6a516', 'KALTAKQUISE', 'ACTIVE', 0, 'Funktion: Geschäftsführer/in (CEO) | Mitarbeiter: 1 bis 10 | Branche: Pensionskassen | Rechtsform: Stiftung'),
('0e472d0a-fcaa-429e-ab20-12d29c8fedca', '10bcb0a2-36a9-481f-aa87-03c6f068a668', 'KALTAKQUISE', 'ACTIVE', 0, 'Funktion: Geschäftsführer/in (CEO) | Mitarbeiter: 1 bis 10 | Branche: Pensionskassen | Rechtsform: Stiftung'),
('a2a357d3-70fb-4118-8deb-715102e89e45', '1be8fd46-8098-4934-a079-2a53ef0d2160', 'KALTAKQUISE', 'ACTIVE', 0, 'Funktion: Geschäftsführer/in (CEO) | Mitarbeiter: 21 bis 50 | Branche: Pensionskassen | Rechtsform: Stiftung'),
('697a31f8-9d9f-4593-8b4b-cb308f86237b', 'a0c7c842-c72a-4df7-af78-2a01b7549290', 'KALTAKQUISE', 'ACTIVE', 0, 'Funktion: Geschäftsführer/in (CEO) | Mitarbeiter: 1 bis 10 | Branche: Pensionskassen | Rechtsform: Stiftung'),
('3f1173c0-ee45-413a-9ed1-14ec76c96dce', 'f538cdfb-8857-4568-b527-a989f0281e8c', 'KALTAKQUISE', 'ACTIVE', 0, 'Funktion: Geschäftsführer/in (CEO) | Mitarbeiter: 11 bis 20 | Branche: Pensionskassen | Rechtsform: Stiftung'),
('37b25523-3329-44b9-9fd1-5ed384ecf83f', '509600c3-c04f-4234-80f5-e970f291837b', 'KALTAKQUISE', 'ACTIVE', 0, 'Funktion: Geschäftsführer/in (CEO) | Mitarbeiter: 1 bis 10 | Branche: Pensionskassen | Rechtsform: Stiftung'),
('dd287b02-5c9a-4d78-914e-1ab0863a0149', '2139002c-45d9-45ba-b514-cbb95ea83eeb', 'KALTAKQUISE', 'ACTIVE', 0, 'Funktion: Geschäftsführer/in (CEO) | Mitarbeiter: 1 bis 10 | Branche: Pensionskassen | Rechtsform: Stiftung'),
('6b015d55-ab9e-4bcd-8922-077cd1528f48', '1c675b42-24b5-40ea-a8e6-48f597e2f0d8', 'KALTAKQUISE', 'ACTIVE', 0, 'Funktion: Geschäftsführer/in (CEO) | Mitarbeiter: 1 bis 10 | Branche: Pensionskassen'),
('038b556e-e087-4242-a856-430a20ec01bc', '5aafb3b1-981b-4f51-a74b-75097094f88c', 'KALTAKQUISE', 'ACTIVE', 0, 'Funktion: Geschäftsführer/in (CEO) | Mitarbeiter: 1 bis 10 | Branche: Pensionskassen | Rechtsform: Stiftung'),
('85d3534f-d66e-4c62-bd61-c0358638089f', '6f22d2f7-29d8-4bc1-9dca-f833d438f61f', 'KALTAKQUISE', 'ACTIVE', 0, 'Funktion: Geschäftsführer/in (CEO) | Mitarbeiter: 21 bis 50 | Branche: Pensionskassen | Rechtsform: Stiftung'),
('b4523c4c-e8d5-43f1-805c-5da814db441b', '57d175a8-0dad-4ba9-86a2-52b85e9d0c1f', 'KALTAKQUISE', 'ACTIVE', 0, 'Funktion: Geschäftsführer/in (CEO) | Mitarbeiter: 21 bis 50 | Branche: Pensionskassen | Rechtsform: Stiftung'),
('5031039f-c0af-4e05-bb26-7db0feaa6632', '24d79840-c032-4b5b-a091-61ac158ea402', 'KALTAKQUISE', 'ACTIVE', 0, 'Funktion: Geschäftsführer/in (CEO) | Mitarbeiter: 21 bis 50 | Branche: Pensionskassen | Rechtsform: Stiftung'),
('83d71533-db55-465e-b04f-3f35d47f99a6', 'd696888a-22d0-4889-ba25-48247db503d6', 'KALTAKQUISE', 'ACTIVE', 0, 'Funktion: Geschäftsführer/in (CEO) | Mitarbeiter: 21 bis 50 | Branche: Pensionskassen | Rechtsform: Stiftung'),
('fa721a03-27bb-4ef1-b88d-76c5112913cb', '27474d1f-b153-4ab6-8110-52a2ab66b479', 'KALTAKQUISE', 'ACTIVE', 0, 'Funktion: Geschäftsführer/in (CEO) | Mitarbeiter: 21 bis 50 | Branche: Pensionskassen | Rechtsform: Stiftung'),
('672c53d7-d659-4258-8dd0-c11bfbc330b1', '20c7ba1b-f603-4537-b1ea-f70e4af70667', 'KALTAKQUISE', 'ACTIVE', 0, 'Funktion: Geschäftsführer/in (CEO) | Mitarbeiter: 21 bis 50 | Branche: Pensionskassen | Rechtsform: Stiftung'),
('2787295a-35ad-4dcb-a503-18474519e26b', '8b6ce2ba-73de-4aa7-bdf9-4ee1a1b74a1e', 'KALTAKQUISE', 'ACTIVE', 0, 'Funktion: Geschäftsführer/in (CEO) | Mitarbeiter: 21 bis 50 | Branche: Pensionskassen | Rechtsform: Stiftung'),
('8e276db4-4175-4812-aea4-c8c66ab66ab7', '05d2196b-826a-45f2-8a7f-776294d9e2bc', 'KALTAKQUISE', 'ACTIVE', 0, 'Funktion: Geschäftsführer/in (CEO) | Mitarbeiter: 51 bis 100 | Branche: Pensionskassen'),
('bc4f6dc9-2362-4f2e-9ff7-14b7aabb8de3', 'f42d31bb-2f55-4c6e-94f3-c4535ee5d9cc', 'KALTAKQUISE', 'ACTIVE', 0, 'Funktion: Geschäftsführer/in (CEO) | Mitarbeiter: 1 bis 10 | Branche: Pensionskassen | Rechtsform: Stiftung'),
('abf9da5b-f5bb-4680-bebc-00e40aeb75a2', '4c8af8da-3dd0-4247-b669-16d389da8e12', 'KALTAKQUISE', 'ACTIVE', 0, 'Funktion: Geschäftsführer/in (CEO) | Mitarbeiter: 1 bis 10 | Branche: Pensionskassen | Rechtsform: Stiftung'),
('7e73c84c-930b-4630-8628-8e1aaee5a169', '5a5a16c1-5dbd-4cbd-8318-d80cbc386363', 'KALTAKQUISE', 'ACTIVE', 0, 'Funktion: Geschäftsführer/in (CEO) | Mitarbeiter: 11 bis 20 | Branche: Pensionskassen'),
('b95fb3e6-8ca7-42e0-9a65-4f1196a43bb4', '29f97f2c-c105-486e-89c0-702c67ca1d36', 'KALTAKQUISE', 'ACTIVE', 0, 'Funktion: Geschäftsführer/in (CEO) | Mitarbeiter: 1 bis 10 | Branche: Pensionskassen | Rechtsform: Stiftung'),
('37a49dcc-daf6-4f87-b332-49bea9904d12', 'c2c0284e-5314-4fcc-93cc-2d432b31455f', 'KALTAKQUISE', 'ACTIVE', 0, 'Funktion: Geschäftsführer/in (CEO) | Mitarbeiter: 21 bis 50 | Branche: Pensionskassen | Rechtsform: Stiftung'),
('d2523411-797e-4852-923a-e1f5f7c2ca28', '48e2e7bf-45fd-4d1c-96cb-a7541b0b8946', 'KALTAKQUISE', 'ACTIVE', 0, 'Funktion: Geschäftsführer/in (CEO) | Mitarbeiter: 21 bis 50 | Branche: Pensionskassen | Rechtsform: Stiftung'),
('ebd44ea0-ce73-4f47-a0ac-23fa3a628b6a', '6c37313d-388d-4159-8108-f55eccba6c36', 'KALTAKQUISE', 'ACTIVE', 0, 'Funktion: Geschäftsführer/in (CEO) | Mitarbeiter: 21 bis 50 | Branche: Pensionskassen'),
('86734fec-ddd7-4b60-bf62-31cb91eb501f', 'fdddb38f-b80a-471d-bbee-d02f717c1078', 'KALTAKQUISE', 'ACTIVE', 0, 'Funktion: Geschäftsführer/in (CEO) | Mitarbeiter: 1 bis 10 | Branche: Pensionskassen | Rechtsform: Stiftung'),
('72f75c45-b4bf-4910-8dfe-fc3e4e6220e5', '72a63511-8c4a-4c50-8f80-a7b620cd6236', 'KALTAKQUISE', 'ACTIVE', 0, 'Funktion: Geschäftsführer/in (CEO) | Mitarbeiter: 21 bis 50 | Branche: Pensionskassen | Rechtsform: Stiftung'),
('52e583bf-6e4f-462b-8a02-eb793e2a7760', 'c1f17f1b-cda6-48a2-a3cc-95bac4a5c7e8', 'KALTAKQUISE', 'ACTIVE', 0, 'Funktion: Geschäftsführer/in (CEO) | Mitarbeiter: 1 bis 10 | Branche: Pensionskassen | Rechtsform: Stiftung'),
('8bffaa80-3510-4902-a548-952e22bf4865', 'dba43ea3-f3dc-4361-b70b-6ae8a4aced0a', 'KALTAKQUISE', 'ACTIVE', 0, 'Funktion: Geschäftsführer/in (CEO) | Mitarbeiter: 1 bis 10 | Branche: Pensionskassen | Rechtsform: Stiftung'),
('dc6b39c6-543f-4d59-9b2b-ddfe4645dbc5', '15f1908e-5256-4f0f-933b-eacfb44eff10', 'KALTAKQUISE', 'ACTIVE', 0, 'Funktion: Geschäftsführer/in (CEO) | Mitarbeiter: 11 bis 20 | Branche: Pensionskassen | Rechtsform: Stiftung'),
('69f741f6-e0a9-44d8-a258-24f4edb858a3', '45adb951-22a1-4c3c-bdbd-9d02a5ee9047', 'KALTAKQUISE', 'ACTIVE', 0, 'Funktion: Geschäftsführer/in (CEO) | Mitarbeiter: 1 bis 10 | Branche: Pensionskassen | Rechtsform: Stiftung'),
('9d5187e3-2605-417c-a784-8f3d9a5dfb08', 'a8b04a6e-975a-4b7e-ae75-f26ec0980797', 'KALTAKQUISE', 'ACTIVE', 0, 'Funktion: Geschäftsführer/in (CEO) | Mitarbeiter: 1 bis 10 | Branche: Pensionskassen | Rechtsform: Stiftung'),
('9da69175-2777-45c2-ba14-8652a69a5175', 'a5af4968-9ac7-41dd-9f14-0384434e914e', 'KALTAKQUISE', 'ACTIVE', 0, 'Funktion: Geschäftsführer/in (CEO) | Mitarbeiter: 21 bis 50 | Branche: Pensionskassen | Rechtsform: Stiftung'),
('aea1c390-a783-4101-a221-3823d3216ea5', '69621035-0622-42e2-b034-8da4e1ee0f46', 'KALTAKQUISE', 'ACTIVE', 0, 'Funktion: Geschäftsführer/in (CEO) | Mitarbeiter: 1 bis 10 | Branche: Pensionskassen | Rechtsform: Stiftung'),
('32955e15-6348-4f9e-9b3a-c0ccee7a9cd6', 'b241ac12-e048-4a73-9c6f-056042bfb7d8', 'KALTAKQUISE', 'ACTIVE', 0, 'Funktion: Geschäftsführer/in (CEO) | Mitarbeiter: 21 bis 50 | Branche: Pensionskassen | Rechtsform: Stiftung'),
('a2541ca0-ac56-4729-8654-abcf3356c619', '8d701f7f-87d4-444c-9acc-82886cef0010', 'KALTAKQUISE', 'ACTIVE', 0, 'Funktion: Geschäftsführer/in (CEO) | Mitarbeiter: 1 bis 10 | Branche: Pensionskassen | Rechtsform: Stiftung'),
('a54673ed-07d9-4fbc-a441-47f6939d9abd', '08eca726-1a09-4ce1-a5b5-586a9fcfd84d', 'KALTAKQUISE', 'ACTIVE', 0, 'Funktion: Geschäftsführer/in (CEO) | Mitarbeiter: 1 bis 10 | Branche: Pensionskassen | Rechtsform: Stiftung'),
('a456d336-4e22-4c13-92be-1d41a8af36c8', '48a16dc0-8368-4ea7-b75d-06f845f9c732', 'KALTAKQUISE', 'ACTIVE', 0, 'Funktion: Geschäftsführer/in (CEO) | Mitarbeiter: 21 bis 50 | Branche: Pensionskassen | Rechtsform: Stiftung'),
('63bc4252-6272-438c-9e8a-9b0ff1babe37', '2e02debc-11fc-4158-9878-46aefa9498de', 'KALTAKQUISE', 'ACTIVE', 0, 'Funktion: Geschäftsführer/in (CEO) | Mitarbeiter: 1 bis 10 | Branche: Pensionskassen | Rechtsform: Stiftung'),
('08056017-fc54-47d7-9a91-fee0a491a251', '896d13dc-56ad-411f-ad64-d4ff1e67f812', 'KALTAKQUISE', 'ACTIVE', 0, 'Funktion: Geschäftsführer/in (CEO) | Mitarbeiter: 1 bis 10 | Branche: Pensionskassen'),
('df1a7205-8b3e-4ea8-8352-384de964e96a', 'b1e74cf8-522a-469c-93f1-4d889e02d206', 'KALTAKQUISE', 'ACTIVE', 0, 'Funktion: Geschäftsführer/in (CEO) | Mitarbeiter: 1 bis 10 | Branche: Pensionskassen | Rechtsform: Stiftung'),
('b51c00b5-d8a3-4080-b2aa-39a84a0c18f4', '7fb2f2f5-7fb8-40e5-a502-f46883f26aab', 'KALTAKQUISE', 'ACTIVE', 0, 'Funktion: Geschäftsführer/in (CEO) | Mitarbeiter: 1 bis 10 | Branche: Pensionskassen | Rechtsform: Stiftung'),
('1ab865a3-6fde-422f-836d-e51569654dbe', '43cc40e2-7563-4b03-aac4-f7bf0258d01c', 'KALTAKQUISE', 'ACTIVE', 0, 'Funktion: Geschäftsführer/in (CEO) | Mitarbeiter: 1 bis 10 | Branche: Personalvermittler & -berater | Rechtsform: Gesellschaft mit beschränkter Haftung'),
('8126be30-cfd4-4250-a3ac-5a0bd9f20292', '34d67b13-a178-40fa-b8ad-5009276b297e', 'KALTAKQUISE', 'ACTIVE', 0, 'Funktion: Leitung Schule | Mitarbeiter: 1 bis 10 | Branche: Weiterbildungsinstitute | Rechtsform: Einzelunternehmen'),
('aeff2a0f-0fe6-4ff0-adb8-ddecf549a76c', '8458b4aa-15a4-4da7-a2f4-a12ca5ca12d3', 'KALTAKQUISE', 'ACTIVE', 0, 'Funktion: Geschäftsführer/in (CEO) | Mitarbeiter: 1 bis 10 | Branche: Personalvermittler & -berater | Rechtsform: Aktiengesellschaft'),
('8db0aaf1-098e-4e05-a49f-27e9cf539115', '3c094025-62c2-4ff0-a233-c7cc94350d2f', 'KALTAKQUISE', 'ACTIVE', 0, 'Funktion: Geschäftsführer/in (CEO) | Mitarbeiter: 1 bis 10 | Branche: Personalvermittler & -berater | Rechtsform: Aktiengesellschaft'),
('09f5c2bb-7694-4f26-b01a-e7060ed0f31d', '1fc20853-7f94-4dcb-a3c0-b0ddcdd86383', 'KALTAKQUISE', 'ACTIVE', 0, 'Funktion: Geschäftsführer/in (CEO) | Mitarbeiter: 1 bis 10 | Branche: Physiotherapie'),
('e1f8c86a-ca5a-4109-9f71-04755a74ba3f', 'aa2e01b7-c560-44de-95ca-d4349f641e97', 'KALTAKQUISE', 'ACTIVE', 0, 'Funktion: Leitung Standort | Mitarbeiter: 1 bis 10 | Branche: Restaurants'),
('182d8bed-67ce-4e18-88cd-cdba5a2daeeb', '689af843-b0c9-499e-ba8e-95e6a097fba9', 'KALTAKQUISE', 'ACTIVE', 0, 'Funktion: Leitung Standort | Mitarbeiter: 21 bis 50 | Branche: Restaurants'),
('26fc0773-203d-4eeb-b636-2e044d298114', 'ee0a5a8d-bc81-4276-8f21-ccf53d3a92b9', 'KALTAKQUISE', 'ACTIVE', 0, 'Funktion: Leitung Standort | Mitarbeiter: 1 bis 10 | Branche: Restaurants'),
('d6963f86-f4f2-4af3-97cb-5894467bb789', 'd257efe8-733c-4e93-a47a-613bda1a670d', 'KALTAKQUISE', 'ACTIVE', 0, 'Funktion: Leitung Standort | Mitarbeiter: 21 bis 50 | Branche: Restaurants'),
('6e0a4276-7d6d-463a-b0de-c5966c0cb878', 'b34cd103-e835-47a5-b021-26ef6d3cd6a3', 'KALTAKQUISE', 'ACTIVE', 0, 'Funktion: Leitung Standort | Mitarbeiter: 21 bis 50 | Branche: Restaurants'),
('65199cac-3844-449b-88dd-d35ccb0c761f', 'f8ffcaa2-94a6-4603-a22c-e26132124a2a', 'KALTAKQUISE', 'ACTIVE', 0, 'Funktion: Leitung Standort | Mitarbeiter: 21 bis 50 | Branche: Restaurants'),
('746b83f0-b7d1-4b6b-a303-62fc3cb818d4', 'aed82f54-6754-4116-b616-a4bf098f3d61', 'KALTAKQUISE', 'ACTIVE', 0, 'Funktion: Leitung Standort | Mitarbeiter: 21 bis 50 | Branche: Restaurants'),
('db0c5f71-89bf-4e52-92e4-2fedf9d17f20', '8b898829-1acc-43be-8860-b1558302235a', 'KALTAKQUISE', 'ACTIVE', 0, 'Funktion: Leitung Standort | Mitarbeiter: 21 bis 50 | Branche: Restaurants'),
('a21e5237-f5c9-404e-ad79-5e60f6bb52b4', 'c34fc607-6411-4d14-b1d1-e5a8969d36c2', 'KALTAKQUISE', 'ACTIVE', 0, 'Funktion: Geschäftsführer/in (CEO) | Mitarbeiter: 21 bis 50 | Branche: Restaurants'),
('f6fb120f-a31d-44f9-84ac-0db636ad4dbf', '1fa402dc-e0c5-4753-bc42-f9f35548ab14', 'KALTAKQUISE', 'ACTIVE', 0, 'Funktion: Chefredaktion | Mitarbeiter: 1 bis 10 | Branche: Zeitungen & Zeitschriften'),
('160342ba-758b-4659-aaea-cba92e225e92', '46c67480-2c62-4863-ab34-6c43f9381d5a', 'KALTAKQUISE', 'ACTIVE', 0, 'Funktion: Geschäftsführer/in (CEO) | Mitarbeiter: 21 bis 50 | Branche: Online Shops | Rechtsform: Aktiengesellschaft'),
('6fd43cf8-67d8-42a2-865b-f8a1e546bbd3', '74f994d1-a864-408a-acb1-6ee9ec9b4437', 'KALTAKQUISE', 'ACTIVE', 0, 'Funktion: Geschäftsführer/in (CEO) | Mitarbeiter: 21 bis 50 | Branche: Pensionskassen | Rechtsform: Stiftung'),
('6b6e2dc2-c1ee-4599-883d-12b6a7a08efe', 'e15b09de-70e8-403e-b7b8-c9a98b880339', 'KALTAKQUISE', 'ACTIVE', 0, 'Funktion: Geschäftsführer/in (CEO) | Mitarbeiter: 1 bis 10 | Branche: Pensionskassen | Rechtsform: Stiftung'),
('0f835521-8b30-4c1b-b3bf-bd71a0852d83', '304123c5-7c1d-434e-aa06-1620076c6780', 'KALTAKQUISE', 'ACTIVE', 0, 'Funktion: Geschäftsführer/in (CEO) | Mitarbeiter: 101 bis 500 | Branche: Pensionskassen | Rechtsform: Stiftung'),
('680f5d21-5f38-43c9-be10-1729fccbc67d', 'c064b1f5-ce8e-40e7-9022-a4dd5e87091f', 'KALTAKQUISE', 'ACTIVE', 0, 'Funktion: Geschäftsführer/in (CEO) | Mitarbeiter: 21 bis 50 | Branche: Pensionskassen | Rechtsform: Stiftung'),
('6073ccdd-db06-4959-87cc-f4d98ed74eb9', 'ea8e8bc9-6c70-49cb-8d12-6fc73c513b4e', 'KALTAKQUISE', 'ACTIVE', 0, 'Funktion: Geschäftsführer/in (CEO) | Mitarbeiter: 21 bis 50 | Branche: Pensionskassen | Rechtsform: Stiftung'),
('e75e01bf-3d93-4801-a5f1-40d43d5ab784', '12ab2cf9-6275-4350-bb49-77deeea93c0c', 'KALTAKQUISE', 'ACTIVE', 0, 'Funktion: Geschäftsführer/in (CEO) | Mitarbeiter: 1 bis 10 | Branche: Pensionskassen | Rechtsform: Stiftung'),
('b07b4a75-6b4d-4663-8633-e8decf695033', 'f422cdb9-706b-4f59-9b2e-933cba4faa4d', 'KALTAKQUISE', 'ACTIVE', 0, 'Funktion: Geschäftsführer/in (CEO) | Mitarbeiter: 51 bis 100 | Branche: Pensionskassen | Rechtsform: Stiftung'),
('35a77c90-96a6-4b41-8320-a7b7991177cc', '06b2802b-010f-4610-9b7c-284b7e17b97d', 'KALTAKQUISE', 'ACTIVE', 0, 'Funktion: Geschäftsführer/in (CEO) | Mitarbeiter: 1 bis 10 | Branche: Pensionskassen | Rechtsform: Stiftung'),
('87273670-93e9-46dc-b5c8-8f611721a56c', '70eb58c7-f898-4632-b20e-60a21adc569c', 'KALTAKQUISE', 'ACTIVE', 0, 'Funktion: Geschäftsführer/in (CEO) | Mitarbeiter: 21 bis 50 | Branche: Pensionskassen | Rechtsform: Stiftung'),
('abaa1deb-f4c6-44c3-a36f-720cce22da06', '6423810b-b020-478b-9547-5de707c1c8c5', 'KALTAKQUISE', 'ACTIVE', 0, 'Funktion: Geschäftsführer/in (CEO) | Mitarbeiter: 1 bis 10 | Branche: Pensionskassen'),
('b860633c-dce4-452c-9623-2b45d3e3f2db', '6dd52f5a-3ca9-468a-bb81-b04f29197692', 'KALTAKQUISE', 'ACTIVE', 0, 'Funktion: Geschäftsführer/in (CEO) | Mitarbeiter: 1 bis 10 | Branche: Pensionskassen'),
('db87bc0c-de88-4e91-9a12-ecba010074e0', '092cb8ea-842b-4166-a120-05e4f4206b57', 'KALTAKQUISE', 'ACTIVE', 0, 'Funktion: Geschäftsführer/in (CEO) | Mitarbeiter: 21 bis 50 | Branche: Pensionskassen | Rechtsform: Stiftung'),
('5f1b32db-aa4d-4013-b0ea-e9b86890a320', '55a520b5-db75-4328-91e3-70fa97e3f1e3', 'KALTAKQUISE', 'ACTIVE', 0, 'Funktion: Geschäftsführer/in (CEO) | Mitarbeiter: 21 bis 50 | Branche: Pensionskassen | Rechtsform: Stiftung'),
('b37da59c-05fa-4f8d-bb20-271fca1914f3', '71683fc6-0128-4f14-a137-f2421c8076a0', 'KALTAKQUISE', 'ACTIVE', 0, 'Funktion: Geschäftsführer/in (CEO) | Mitarbeiter: 21 bis 50 | Branche: Pensionskassen | Rechtsform: Stiftung'),
('36770616-a7ac-413a-b45e-624e0f24710d', 'b6d88c9f-6030-4f2a-b697-8749420d8e73', 'KALTAKQUISE', 'ACTIVE', 0, 'Funktion: Geschäftsführer/in (CEO) | Mitarbeiter: 1 bis 10 | Branche: Pensionskassen | Rechtsform: Stiftung'),
('84f06032-e547-4689-aabb-c711b12ab493', '84482a08-d6f0-4c39-b7b7-2d85d7dc7931', 'KALTAKQUISE', 'ACTIVE', 0, 'Funktion: Geschäftsführer/in (CEO) | Mitarbeiter: 21 bis 50 | Branche: Pensionskassen | Rechtsform: Stiftung'),
('59c3d34b-d5c1-4525-b327-9b59d8e53b0b', '0b3a9568-1ee2-41d0-a81f-2b2ebf9eec50', 'KALTAKQUISE', 'ACTIVE', 0, 'Funktion: Geschäftsführer/in (CEO) | Mitarbeiter: 1 bis 10 | Branche: Pensionskassen | Rechtsform: Stiftung'),
('2bae6348-b00a-4a6d-aeda-a02188478420', 'd1fd3196-2d51-4286-8c4c-93bf8fdb18a4', 'KALTAKQUISE', 'ACTIVE', 0, 'Funktion: Geschäftsführer/in (CEO) | Mitarbeiter: 1 bis 10 | Branche: Pensionskassen | Rechtsform: Stiftung'),
('68faad33-6723-4874-8b2f-7f71f3b721f9', '7e8a6a08-4bed-4f23-a528-208c256e9c06', 'KALTAKQUISE', 'ACTIVE', 0, 'Funktion: Geschäftsführer/in (CEO) | Mitarbeiter: 21 bis 50 | Branche: Pensionskassen | Rechtsform: Stiftung'),
('a5a832ee-5c11-42bf-8b26-28df0fee3821', '7d92f8b0-99a7-4f58-a074-374ecbbd3866', 'KALTAKQUISE', 'ACTIVE', 0, 'Funktion: Geschäftsführer/in (CEO) | Mitarbeiter: 51 bis 100 | Branche: Pensionskassen | Rechtsform: Stiftung'),
('d71d9ca2-7741-49a9-8f04-d36a4bd85716', 'ee80be9a-72de-4b84-8738-90948301909a', 'KALTAKQUISE', 'ACTIVE', 0, 'Funktion: Geschäftsführer/in (CEO) | Mitarbeiter: 21 bis 50 | Branche: Pensionskassen | Rechtsform: Stiftung'),
('8efc57b9-c644-4b66-9496-6583eb578024', 'e3aad91a-555a-4e99-aa0e-5eeee19a1057', 'KALTAKQUISE', 'ACTIVE', 0, 'Funktion: Geschäftsführer/in (CEO) | Mitarbeiter: 21 bis 50 | Branche: Pensionskassen | Rechtsform: Stiftung'),
('852ce73b-879f-4139-9219-f49da3300702', '140f174b-49e8-48fc-a609-b884ad965663', 'KALTAKQUISE', 'ACTIVE', 0, 'Funktion: Geschäftsführer/in (CEO) | Mitarbeiter: 51 bis 100 | Branche: Pensionskassen | Rechtsform: Stiftung'),
('8e185ce6-12e9-4de8-867e-7d8067e3893a', 'ae26b8a1-50a4-49ee-8c50-55ad5ba6cef8', 'KALTAKQUISE', 'ACTIVE', 0, 'Funktion: Geschäftsführer/in (CEO) | Mitarbeiter: 21 bis 50 | Branche: Pensionskassen | Rechtsform: Stiftung'),
('039a2169-2a88-4d0a-aad4-c428794df540', '26b8898f-a648-42b7-a791-9d6c6ca934b3', 'KALTAKQUISE', 'ACTIVE', 0, 'Funktion: Geschäftsführer/in (CEO) | Mitarbeiter: 21 bis 50 | Branche: Pensionskassen'),
('6eb01e7a-bcc5-453e-afa3-35d2e684047d', 'c0f05e0f-a22a-4930-8ff7-950f34cce2d7', 'KALTAKQUISE', 'ACTIVE', 0, 'Funktion: Geschäftsführer/in (CEO) | Mitarbeiter: 1 bis 10 | Branche: Pensionskassen | Rechtsform: Stiftung'),
('d9bd46c6-0d46-48da-bc26-8046d90ac6e1', '78f89048-c3b7-4a73-b7d7-9d49e10fe627', 'KALTAKQUISE', 'ACTIVE', 0, 'Funktion: Geschäftsführer/in (CEO) | Mitarbeiter: 21 bis 50 | Branche: Pensionskassen | Rechtsform: Stiftung'),
('68bff0ae-4345-474e-9738-c1b632e53dbe', '8bbac9c9-0d01-4246-a1fd-6ce5d78b9bf2', 'KALTAKQUISE', 'ACTIVE', 0, 'Funktion: Geschäftsführer/in (CEO) | Mitarbeiter: 21 bis 50 | Branche: Pensionskassen | Rechtsform: Stiftung'),
('892a4f9c-bf20-464e-a72a-8a1a26601f89', 'dbd5e9d7-8b9f-4ee6-bf33-e165532c056e', 'KALTAKQUISE', 'ACTIVE', 0, 'Funktion: Geschäftsführer/in (CEO) | Mitarbeiter: 21 bis 50 | Branche: Pensionskassen | Rechtsform: Stiftung'),
('d442309b-b9ca-4b75-bf11-79f0e9bc135a', '23eb4f65-f264-4b68-9ed8-632e290bd426', 'KALTAKQUISE', 'ACTIVE', 0, 'Funktion: Geschäftsführer/in (CEO) | Mitarbeiter: 51 bis 100 | Branche: Pensionskassen | Rechtsform: Stiftung'),
('a1131b81-357a-486c-a35d-4561ef195ca2', 'd5b8afaf-8a6a-4714-8b80-52e84373dff5', 'KALTAKQUISE', 'ACTIVE', 0, 'Funktion: Geschäftsführer/in (CEO) | Mitarbeiter: 101 bis 500 | Branche: Pensionskassen | Rechtsform: Stiftung'),
('67f536ed-3349-4548-b8f5-56dc7a9ade64', '5909b122-70f0-4bda-88b4-09643a4a51db', 'KALTAKQUISE', 'ACTIVE', 0, 'Funktion: Geschäftsführer/in (CEO) | Mitarbeiter: 21 bis 50 | Branche: Pensionskassen | Rechtsform: Stiftung');

INSERT INTO lead_tags (lead_id, tag_id) VALUES
('cc56e24f-ad94-41b0-a660-fbf06b26fce3', 'ka-b2b'),
('999acb83-3f7e-48f2-9fd5-d0d5041e5c8e', 'ka-b2b'),
('42820831-2eb6-40b7-89c4-0495b98304e0', 'ka-b2b'),
('617f9c81-08a3-475a-a332-33348cfa5003', 'ka-b2b'),
('3a99e0c1-4754-40b1-9493-2b071e1e48a2', 'ka-b2b'),
('59a83c15-a058-416a-9289-afde12d0f97b', 'ka-b2b'),
('3490b91f-b8ab-4a0a-bd78-eefd3ed77569', 'ka-b2b'),
('6b056a2e-8381-4056-a29e-2377916ef69b', 'ka-b2b'),
('7ab6ccc1-3dd2-42f9-8a3c-aa67f816ab45', 'ka-b2b'),
('8217a6cb-da18-4252-8f92-2d664aa677a4', 'ka-b2b'),
('b2e82bd9-787b-441a-8abc-e83c1f168337', 'ka-b2b'),
('59b683a7-c98c-4b0f-8a4b-bb0ad573774a', 'ka-b2b'),
('2cccb25a-f37c-4593-9fbc-8e9f17452153', 'ka-b2b'),
('4d35a87e-0d63-454c-b796-7aa117435753', 'ka-b2b'),
('0378977c-033e-45e4-9a4c-2464d72f41f7', 'ka-b2b'),
('c16d879c-76d4-42e6-b38b-a71c76c937d0', 'ka-b2b'),
('7745df43-7f42-4c39-a663-360e03b75a88', 'ka-b2b'),
('fbb7e040-f235-4268-8a61-7f3451a3599a', 'ka-b2b'),
('f0ef10ea-9916-4cf7-a6b5-55981e802638', 'ka-b2b'),
('b53bff1e-49a0-49e7-9b77-4a230c8d921a', 'ka-b2b'),
('ae0de88a-45e5-4649-bb3d-a7322dca9a41', 'ka-b2b'),
('eca82c5c-bf77-4821-868c-bdbd3edc5a2a', 'ka-b2b'),
('5734ac24-334b-4c74-b8ae-0d88a1d12667', 'ka-b2b'),
('61cd11cd-7e26-4456-8694-da33cd76fd16', 'ka-b2b'),
('2f7b0c80-fb01-44f5-83cc-4e73b3545e54', 'ka-b2b'),
('8f76089c-4d1f-4da0-b72f-bd4400b138ef', 'ka-b2b'),
('a5260073-297f-4764-88bb-14027e43a7aa', 'ka-b2b'),
('3371da4b-a5c5-4095-8ca1-012e5cff6fdd', 'ka-b2b'),
('f1142c00-d5e8-494a-820e-37593837add3', 'ka-b2b'),
('a52aa951-1ca4-47ec-ba26-af5f5b3e2044', 'ka-b2b'),
('352c2878-eca7-4f52-9d96-50689e91a6fc', 'ka-b2b'),
('cb355a93-26a2-4df9-b513-dadace881367', 'ka-b2b'),
('b446e458-83f5-4f75-9994-4a1554bd05fc', 'ka-b2b'),
('d1b9042c-ad27-46dd-9998-1e5aea170d51', 'ka-b2b'),
('5437d7a5-b8d7-4a58-a0fe-af177517274f', 'ka-b2b'),
('4dab180c-c272-4e3c-9c78-dc124ad7cdc0', 'ka-b2b'),
('7af6746f-e64b-4909-b27a-805d3cec9e83', 'ka-b2b'),
('9fb88a28-f2fe-490f-8938-45096f40207c', 'ka-b2b'),
('fa75c648-41ee-4a69-b88b-f0047ce76719', 'ka-b2b'),
('e977115f-590d-4482-a80d-dceb6b71b716', 'ka-b2b'),
('aacc38ec-4441-4229-b3be-58430e84ca84', 'ka-b2b'),
('41f446f4-455f-4657-b7e6-b17d3787c2e0', 'ka-b2b'),
('0b8c19e0-88ef-4b1f-9eb0-983bddbefa86', 'ka-b2b'),
('cc17c837-81ce-4ec5-adbf-f5cb25c28ee4', 'ka-b2b'),
('a54163c2-d581-4382-ba10-dcb3e94a2be1', 'ka-b2b'),
('0df7f5df-cb75-4a82-8b7e-07d32b8bbe52', 'ka-b2b'),
('5d4f5542-cabc-422c-b602-d8a1962058ee', 'ka-b2b'),
('7decedee-f70a-4fbc-94ac-b4889df4868a', 'ka-b2b'),
('46df36f6-e699-4770-be9a-3af618aa5b87', 'ka-b2b'),
('f1820c89-ce0a-482e-ace2-abc61746eb19', 'ka-b2b'),
('bd577d39-81e6-422f-aa1c-a0755d29e89a', 'ka-b2b'),
('7235d49a-da39-4d01-9355-7f7ecb631462', 'ka-b2b'),
('a3e6aaa5-b9e2-42a8-885b-2eb9f61c5699', 'ka-b2b'),
('d3207742-4b79-4326-bfb2-9104747ee0b9', 'ka-b2b'),
('0247021b-d72d-4c34-a09f-a0b4f2fd13d5', 'ka-b2b'),
('a9147430-ceec-4104-8712-a40ef58784e0', 'ka-b2b'),
('a7684307-bbb0-4dd6-96ed-7822d8073eef', 'ka-b2b'),
('02849811-adc3-49bd-b9f1-29236416fc55', 'ka-b2b'),
('dc9698b1-0a86-4938-90b1-14b38d589bd5', 'ka-b2b'),
('dc047926-ea35-42cf-b5a5-c2c2ab9877b3', 'ka-b2b'),
('5bc1286d-1c8d-49ee-9bd2-ae44d5f81d47', 'ka-b2b'),
('dea3b104-6572-4d57-aceb-5b1149b779ac', 'ka-b2b'),
('6e35343e-e675-4658-a81c-37d221ef36c9', 'ka-b2b'),
('7fde0c9f-65c5-4219-a745-a5d9ba3dc15b', 'ka-b2b'),
('e833e412-c6dd-45e6-9826-a4866aea1558', 'ka-b2b'),
('29259171-7f4f-43b5-a65a-473a294e1c98', 'ka-b2b'),
('a1f2bef4-264b-4185-9566-a201520c4360', 'ka-b2b'),
('ccd93a16-a9d1-451d-ad39-a173dfba88e7', 'ka-b2b'),
('2fd83e3e-b3b4-4521-a308-cc8f6cc2086d', 'ka-b2b'),
('cb426755-e82b-4e3d-b315-f5cada2e2af5', 'ka-b2b'),
('89042f8f-4321-4275-9a61-c03b4f1021ad', 'ka-b2b'),
('5395a34c-1da0-4fad-be78-f2961c72b5c4', 'ka-b2b'),
('13b7cb08-7d08-4768-b1d2-268ae67c7e59', 'ka-b2b'),
('39835162-9a4a-4188-be1d-5a75b34124e8', 'ka-b2b'),
('79d7c1d3-b023-4917-9cdc-477149532fca', 'ka-b2b'),
('aa15eab2-e910-4145-ab1d-729862d125f7', 'ka-b2b'),
('4df0644d-34f8-47a4-8f26-0d59e1e18497', 'ka-b2b'),
('ab72d845-9e5e-4c8d-9c52-571bb46292d2', 'ka-b2b'),
('14e24e9b-2033-42da-b6c3-aa72cba81a26', 'ka-b2b'),
('875d7f08-e770-4eba-bc5c-22014318f71d', 'ka-b2b'),
('bc011c2b-8193-420a-a195-d96e8f2617a6', 'ka-b2b'),
('fb8a30a0-f19a-4dbe-b38f-e5275db81aab', 'ka-b2b'),
('aedf7e90-35bc-431f-87f7-b2a56b5d7407', 'ka-b2b'),
('ebd5b200-c5dc-4de2-b90e-956cedbf41db', 'ka-b2b'),
('e4319d8e-ddd4-4f79-8f0c-a728a9a7e661', 'ka-b2b'),
('2590b536-eb03-41a6-8ef3-d3a47588c3c7', 'ka-b2b'),
('91c4f180-37fb-4b8b-b5fb-e5d482eb6589', 'ka-b2b'),
('96409a29-b063-467d-9027-2a54478a65a2', 'ka-b2b'),
('36af7697-bb31-470f-8e61-7630551e8b4b', 'ka-b2b'),
('f5e3f1c7-8789-486b-8a8f-e1522d870a8b', 'ka-b2b'),
('ff219416-7799-488c-ae8b-20367db1203a', 'ka-b2b'),
('5899cd34-ea79-4ddc-bddd-3cbe2098b258', 'ka-b2b'),
('7016b485-e8c9-4f61-951c-65dec45bc0ea', 'ka-b2b'),
('aef85401-95ca-4c49-b21f-9914015852ca', 'ka-b2b'),
('335fae1f-1f5e-45bb-80f1-28d585b19a0d', 'ka-b2b'),
('782ddc09-8610-4c81-8710-2e4e125446b6', 'ka-b2b'),
('9dcb4859-3279-4bb6-898e-88ff187248fb', 'ka-b2b'),
('5d5f0121-8a42-446b-9f93-de19418df6a0', 'ka-b2b'),
('fccd85af-f6c9-4700-ac21-1d3278191f24', 'ka-b2b'),
('c3338a16-0c6d-4a76-855d-d644939a3085', 'ka-b2b'),
('42c568ca-5834-45f7-a592-bf6500eb4875', 'ka-b2b'),
('cbb0fe82-e5c8-42a7-9842-ef2ac7dc62d1', 'ka-b2b'),
('03096433-a218-4199-a668-0564a20ffb59', 'ka-b2b'),
('7cbd6b0f-e467-43b0-a1d8-09413ae29c41', 'ka-b2b'),
('4528e935-f9ea-4293-805e-5c013d9e891b', 'ka-b2b'),
('c836f80d-5cad-4319-a05f-9e5beb1052fd', 'ka-b2b'),
('07ca2f74-1eb8-4c9b-85c3-812fc695f7bb', 'ka-b2b'),
('97ed9839-4f51-4cfc-a89e-0098936c69c6', 'ka-b2b'),
('28b7c61f-7b0b-4f66-afed-ff15e8680ba3', 'ka-b2b'),
('fb65944e-2a80-4d61-b09c-2d8e31b0ece5', 'ka-b2b'),
('c3a35c76-6400-4d55-b0c6-df28a4aea2c8', 'ka-b2b'),
('caef77cb-e5a5-4e51-970a-47939f220a9c', 'ka-b2b'),
('0e472d0a-fcaa-429e-ab20-12d29c8fedca', 'ka-b2b'),
('a2a357d3-70fb-4118-8deb-715102e89e45', 'ka-b2b'),
('697a31f8-9d9f-4593-8b4b-cb308f86237b', 'ka-b2b'),
('3f1173c0-ee45-413a-9ed1-14ec76c96dce', 'ka-b2b'),
('37b25523-3329-44b9-9fd1-5ed384ecf83f', 'ka-b2b'),
('dd287b02-5c9a-4d78-914e-1ab0863a0149', 'ka-b2b'),
('6b015d55-ab9e-4bcd-8922-077cd1528f48', 'ka-b2b'),
('038b556e-e087-4242-a856-430a20ec01bc', 'ka-b2b'),
('85d3534f-d66e-4c62-bd61-c0358638089f', 'ka-b2b'),
('b4523c4c-e8d5-43f1-805c-5da814db441b', 'ka-b2b'),
('5031039f-c0af-4e05-bb26-7db0feaa6632', 'ka-b2b'),
('83d71533-db55-465e-b04f-3f35d47f99a6', 'ka-b2b'),
('fa721a03-27bb-4ef1-b88d-76c5112913cb', 'ka-b2b'),
('672c53d7-d659-4258-8dd0-c11bfbc330b1', 'ka-b2b'),
('2787295a-35ad-4dcb-a503-18474519e26b', 'ka-b2b'),
('8e276db4-4175-4812-aea4-c8c66ab66ab7', 'ka-b2b'),
('bc4f6dc9-2362-4f2e-9ff7-14b7aabb8de3', 'ka-b2b'),
('abf9da5b-f5bb-4680-bebc-00e40aeb75a2', 'ka-b2b'),
('7e73c84c-930b-4630-8628-8e1aaee5a169', 'ka-b2b'),
('b95fb3e6-8ca7-42e0-9a65-4f1196a43bb4', 'ka-b2b'),
('37a49dcc-daf6-4f87-b332-49bea9904d12', 'ka-b2b'),
('d2523411-797e-4852-923a-e1f5f7c2ca28', 'ka-b2b'),
('ebd44ea0-ce73-4f47-a0ac-23fa3a628b6a', 'ka-b2b'),
('86734fec-ddd7-4b60-bf62-31cb91eb501f', 'ka-b2b'),
('72f75c45-b4bf-4910-8dfe-fc3e4e6220e5', 'ka-b2b'),
('52e583bf-6e4f-462b-8a02-eb793e2a7760', 'ka-b2b'),
('8bffaa80-3510-4902-a548-952e22bf4865', 'ka-b2b'),
('dc6b39c6-543f-4d59-9b2b-ddfe4645dbc5', 'ka-b2b'),
('69f741f6-e0a9-44d8-a258-24f4edb858a3', 'ka-b2b'),
('9d5187e3-2605-417c-a784-8f3d9a5dfb08', 'ka-b2b'),
('9da69175-2777-45c2-ba14-8652a69a5175', 'ka-b2b'),
('aea1c390-a783-4101-a221-3823d3216ea5', 'ka-b2b'),
('32955e15-6348-4f9e-9b3a-c0ccee7a9cd6', 'ka-b2b'),
('a2541ca0-ac56-4729-8654-abcf3356c619', 'ka-b2b'),
('a54673ed-07d9-4fbc-a441-47f6939d9abd', 'ka-b2b'),
('a456d336-4e22-4c13-92be-1d41a8af36c8', 'ka-b2b'),
('63bc4252-6272-438c-9e8a-9b0ff1babe37', 'ka-b2b'),
('08056017-fc54-47d7-9a91-fee0a491a251', 'ka-b2b'),
('df1a7205-8b3e-4ea8-8352-384de964e96a', 'ka-b2b'),
('b51c00b5-d8a3-4080-b2aa-39a84a0c18f4', 'ka-b2b'),
('1ab865a3-6fde-422f-836d-e51569654dbe', 'ka-b2b'),
('8126be30-cfd4-4250-a3ac-5a0bd9f20292', 'ka-b2b'),
('aeff2a0f-0fe6-4ff0-adb8-ddecf549a76c', 'ka-b2b'),
('8db0aaf1-098e-4e05-a49f-27e9cf539115', 'ka-b2b'),
('09f5c2bb-7694-4f26-b01a-e7060ed0f31d', 'ka-b2b'),
('e1f8c86a-ca5a-4109-9f71-04755a74ba3f', 'ka-b2b'),
('182d8bed-67ce-4e18-88cd-cdba5a2daeeb', 'ka-b2b'),
('26fc0773-203d-4eeb-b636-2e044d298114', 'ka-b2b'),
('d6963f86-f4f2-4af3-97cb-5894467bb789', 'ka-b2b'),
('6e0a4276-7d6d-463a-b0de-c5966c0cb878', 'ka-b2b'),
('65199cac-3844-449b-88dd-d35ccb0c761f', 'ka-b2b'),
('746b83f0-b7d1-4b6b-a303-62fc3cb818d4', 'ka-b2b'),
('db0c5f71-89bf-4e52-92e4-2fedf9d17f20', 'ka-b2b'),
('a21e5237-f5c9-404e-ad79-5e60f6bb52b4', 'ka-b2b'),
('f6fb120f-a31d-44f9-84ac-0db636ad4dbf', 'ka-b2b'),
('160342ba-758b-4659-aaea-cba92e225e92', 'ka-b2b'),
('6fd43cf8-67d8-42a2-865b-f8a1e546bbd3', 'ka-b2b'),
('6b6e2dc2-c1ee-4599-883d-12b6a7a08efe', 'ka-b2b'),
('0f835521-8b30-4c1b-b3bf-bd71a0852d83', 'ka-b2b'),
('680f5d21-5f38-43c9-be10-1729fccbc67d', 'ka-b2b'),
('6073ccdd-db06-4959-87cc-f4d98ed74eb9', 'ka-b2b'),
('e75e01bf-3d93-4801-a5f1-40d43d5ab784', 'ka-b2b'),
('b07b4a75-6b4d-4663-8633-e8decf695033', 'ka-b2b'),
('35a77c90-96a6-4b41-8320-a7b7991177cc', 'ka-b2b'),
('87273670-93e9-46dc-b5c8-8f611721a56c', 'ka-b2b'),
('abaa1deb-f4c6-44c3-a36f-720cce22da06', 'ka-b2b'),
('b860633c-dce4-452c-9623-2b45d3e3f2db', 'ka-b2b'),
('db87bc0c-de88-4e91-9a12-ecba010074e0', 'ka-b2b'),
('5f1b32db-aa4d-4013-b0ea-e9b86890a320', 'ka-b2b'),
('b37da59c-05fa-4f8d-bb20-271fca1914f3', 'ka-b2b'),
('36770616-a7ac-413a-b45e-624e0f24710d', 'ka-b2b'),
('84f06032-e547-4689-aabb-c711b12ab493', 'ka-b2b'),
('59c3d34b-d5c1-4525-b327-9b59d8e53b0b', 'ka-b2b'),
('2bae6348-b00a-4a6d-aeda-a02188478420', 'ka-b2b'),
('68faad33-6723-4874-8b2f-7f71f3b721f9', 'ka-b2b'),
('a5a832ee-5c11-42bf-8b26-28df0fee3821', 'ka-b2b'),
('d71d9ca2-7741-49a9-8f04-d36a4bd85716', 'ka-b2b'),
('8efc57b9-c644-4b66-9496-6583eb578024', 'ka-b2b'),
('852ce73b-879f-4139-9219-f49da3300702', 'ka-b2b'),
('8e185ce6-12e9-4de8-867e-7d8067e3893a', 'ka-b2b'),
('039a2169-2a88-4d0a-aad4-c428794df540', 'ka-b2b'),
('6eb01e7a-bcc5-453e-afa3-35d2e684047d', 'ka-b2b'),
('d9bd46c6-0d46-48da-bc26-8046d90ac6e1', 'ka-b2b'),
('68bff0ae-4345-474e-9738-c1b632e53dbe', 'ka-b2b'),
('892a4f9c-bf20-464e-a72a-8a1a26601f89', 'ka-b2b'),
('d442309b-b9ca-4b75-bf11-79f0e9bc135a', 'ka-b2b'),
('a1131b81-357a-486c-a35d-4561ef195ca2', 'ka-b2b'),
('67f536ed-3349-4548-b8f5-56dc7a9ade64', 'ka-b2b');
