-- Batch 129 (200 records)
INSERT INTO contacts (id, first_name, last_name, email, phone, company, address) VALUES
('06bd1819-a694-49b2-aa3e-e6d65d2dfd54', 'Felix', 'Fluri', 'info@felixfluri.ch', '061 683 30 95', 'Felix Fluri Schreinerei', 'Breisacherstrasse 86, 4057 Basel, Basel-Stadt'),
('9eae0355-7465-4e27-b034-2747c189882e', 'Katharina', 'Baader-Freivogel', 'info@freivogel.ch', '061 981 10 62', 'Felix Freivogel AG', 'Hofmattweg 3, 4460 Gelterkinden, Basel-Land'),
('f599cc96-0f39-42d8-b906-834805bf6e4a', 'Christoph', 'Felix', 'info@felix-gartenbau.ch', '071 944 24 14', 'Felix Gartenbau AG', 'Mörenau 13, 9514 Wuppenau, Thurgau'),
('59fc7209-e284-4691-8b40-fde51f0eb7e7', 'Michel', 'Brunner', 'felixhaering@bluewin.ch', '079 654 53 00', 'Felix Häring GmbH Bauunternehmung', 'Hofgasse 23, 4147 Aesch, Basel-Land'),
('d7ce4efe-d0c6-4c78-9fb5-28fd2e2292a0', 'Felix', 'Huber', 'info@huber-architekten.ch', '079 416 76 62', 'Felix Huber Architekten', 'Minervastrasse 27, 8032 Zürich, Zürich'),
('01dbf624-40d0-4e06-8810-6479fdf6d905', 'Felix Jaques', 'Frey', 'info@fjfrey.ch', '044 200 52 61', 'Felix Jacques Frey Architekten GmbH', 'Nietengasse 11, 8004 Zürich, Zürich'),
('4dd18697-ebf6-4825-b386-f4f59da8523e', 'Felix', 'Latscha', 'mail@felixlatscha.ch', '044 984 40 60', 'Felix Latscha Baumanagement', 'Zimmergasse 16, 8008 Zürich, Zürich'),
('a8bc785d-a71d-4027-ac45-1fd8c819d366', 'Felix', 'Lienert', 'felix.lienert@lienert-consulting.ch', '041 511 50 10', 'Felix Lienert Consulting', 'Bösch 67, 6331 Hünenberg, Zug'),
('6e6869f0-d5cd-440b-9fdb-7e5e712e643a', 'Felix', 'Meier', 'ingfmeier@bluewin.ch', '044 937 43 55', 'Felix Meier AG', 'Täusistrasse 21, 8340 Hinwil, Zürich'),
('5c8f41e8-cd8e-41d1-9dbf-4deb8e1dc8f0', 'Tim', 'Megert', 't.megert@fmfag.ch', '041 872 10 04', 'Felix Muheim Formenbau AG', 'Schiesshüttenweg 6, 6460 Altdorf, Uri'),
('0b26be94-3bd7-426e-915d-7f57065d2f79', 'Peter', 'Felix', 'pf@felixpartner.com', '043 960 24 30', 'Felix Partner Architektur AG', 'Forchstrasse 59, 8032 Zürich, Zürich'),
('13000521-93c8-4986-a69f-532a47a77ae4', 'Felix', 'Seitz', 'info@seitz-gartenbau.ch', '044 926 20 17', 'Felix Seitz Gartenbau', 'Dorfstrasse 44, 8712 Stäfa, Zürich'),
('afd67ff1-3972-4b62-81ed-92edcf36c33b', 'Felix', 'Sigrist', 'info@felixsigrist.ch', '071 536 21 69', 'Felix Sigrist AG', 'Zeughausgasse 12, 9000 St. Gallen, St. Gallen'),
('83db0c54-54f9-474c-aca7-7ee44b14749d', 'Patrick', 'Sonderegger', 'patrick@sonderegger-ag.ch', '071 775 92 22', 'Felix Sonderegger AG', 'Staatsstrasse 12, 9437 Marbach, St. Gallen'),
('ffda27d7-e93b-47c0-bdf2-f853840f464f', 'Felix', 'Spühler', 'maler@maler-spuehler.ch', '079 695 34 89', 'Felix Spühler GmbH', 'Im Hard 16, 8197 Rafz, Zürich'),
('aa3d8200-834f-4c55-b69a-b5560ef5f333', 'Stephan', 'Gautschi', 'info@fsteinerag.ch', '062 824 10 44', 'Felix Steiner AG', 'Künzlimattstrasse 1, 5032 Aarau Rohr, Aargau'),
('976f070d-8f37-47bb-a8f1-4467f91f2e55', 'Hanspeter', 'Felix', 'hpfelix@felixtransport.ch', '061 766 10 01', 'Felix Transport AG', 'Talstrasse 47, 4144 Arlesheim, Basel-Land'),
('5d130dab-9935-4c66-b5fe-fb2f75e254e7', 'Thomas', 'Arnold', 'info@ulmann-metzgerei.ch', '062 773 12 16', 'Felix Ulmann AG', 'Hauptstrasse 181, 5732 Zetzwil, Aargau'),
('e659e9b0-a25f-4766-a12c-97c5b12437df', 'Vincenz', 'Sturzenegger', 'info@unholz.ch', '044 980 34 33', 'Felix Unholz AG', 'Zürichstrasse 114b, 8123 Ebmatingen, Zürich'),
('a022ab79-799e-4ff0-93b0-e74faa384c4d', 'Felix', 'Weber', 'weber.gartenbau@gmx.ch', '044 851 00 91', 'Felix Weber Gartenbau GmbH', 'Im Sack 18, 8154 Oberglatt, Zürich'),
('e0d3304d-7fc2-465f-b75a-2171b0da3df2', 'Felix', 'Jahn', 'info@felixsolar.ch', '076 379 38 93', 'Felixsolar GmbH', 'Kurhausstrasse 20, 8032 Zürich, Zürich'),
('622625e9-4018-4fb1-8a11-6f37ededf426', 'Martin', 'Eberle', 'marcom@feller.ch', '044 728 77 77', 'Feller AG', 'Bergstrasse 70, 8810 Horgen, Zürich'),
('f9878ad3-67f4-4ff7-8489-d535dcc197df', 'Roger', 'Kilchör', 'roger.kilchoer@feller-gartenbau.ch', '031 951 00 53', 'Feller AG Gartenbau', 'Worbstrasse 91, 3074 Muri b. Bern, Bern'),
('7b29f9cb-adac-455f-9227-7a0177eab5ff', 'Roberto', 'Feller', 'info@fellerautomobile.ch', '062 723 08 88', 'Feller Automobile AG', 'Bernstrasse West 60, 5034 Suhr, Aargau'),
('ae5e51c6-863f-42b8-b782-b1e5e51cacb9', 'Fritz', 'Feller', 'fellerhoefli@hotmail.com', '079 411 77 21', 'Fellers Höfli', 'Höfli 302, 3634 Thierachern, Bern'),
('1602ab07-f54f-4e63-a086-9fe4a44735b0', 'Manuel', 'Fellmann', 'manuel@fellmann-graf.ch', '041 420 78 78', 'Fellmann + Graf Holzbau GmbH', 'Rotseehöhe 15, 6006 Luzern, Luzern'),
('51f95edf-0364-4076-8677-42fe77aa8a38', 'André', 'Fellmann', 'andre.fellmann@fellmanngarten.ch', '044 730 47 21', 'Fellmann Garten AG', 'Im Jöchler 2, 6340 Baar, Zug'),
('81fdbc93-7c62-40ea-b0e0-819e75fc1c43', 'Tino', 'Fellmann', 'info@fellmann-gartenbau.ch', '056 223 19 94', 'Fellmann Gartenbau AG', 'Geuggewegli 17, 5413 Birmenstorf, Aargau'),
('eb484b66-8040-4461-bb83-f6dfb2b87c99', 'René', 'Fellmann', 'rene.fellmann@gmx.ch', '079 775 07 77', 'Fellmann René Psychiatrische Spitex', 'Dorfstrasse 13, 6030 Ebikon, Luzern'),
('db9013d9-943f-4458-8fde-12519fe6a68a', 'Stefan', 'Fellmann', 'stefan@fellmann-haustechnik.ch', '041 933 13 57', 'Fellmann Stefan AG', 'Oberdorf 24, 6234 Triengen, Luzern'),
('35fd9c8d-804a-485d-be8d-c9031b8686a0', 'Michael', 'Fellmann', 'info@fellmanntransporte.ch', '079 366 42 81', 'Fellmann Transporte GmbH', 'Sihlbruggstrasse 103, 6340 Baar, Zug'),
('00686cd1-eb79-47b1-867c-be0931f300e6', 'Georg', 'Fellmann', 'info@fellmanntreuhand.ch', '041 249 20 00', 'Fellmann Treuhand AG', 'Moosstrasse 2, 6003 Luzern, Luzern'),
('c8e22ff2-6246-4d4b-982c-5325dbe6d836', 'Bruno', 'Fellhauer', 'info@felog.ch', '033 335 15 10', 'felog AG', 'Moosweg 38a, 3645 Gwatt (Thun), Bern'),
('15dab752-9c42-4fb7-959c-420028111d05', 'Jürg', 'Bühler', 'info@felsberger.ch', '071 250 00 44', 'Felsberger Spiel & Art AG', 'Ilgenweg 8, 8370 Sirnach, Thurgau'),
('e47f4b57-5f04-4fa7-bc19-c66519af040c', 'Murat', 'Uçar', 'info@felsenburg-immobilien.ch', 'N.a.', 'Felsenburg Immobilien GmbH', 'Ackerstrasse 15, 8180 Bülach, Zürich'),
('8e21a8b2-80f4-4647-8e15-9beafdd19982', 'Tamara', 'Golding', 'info@felsenegg.com', '044 710 77 55', 'Felsenegg Gastro AG', 'Felsenegg 1, 8143 Stallikon, Zürich'),
('8ed2a9a0-b880-4cbc-a272-33e0db043376', 'Rémy', 'Blaser', 'info@felsenkeller.ch', '041 710 30 50', 'Felsenkeller AG', 'Kolinplatz 8, 6300 Zug, Zug'),
('e6153877-8fed-4a1b-9826-a95c7083d443', 'Sabine', 'Herrmann-Michels', 'info@feltro.ch', '031 333 62 66', 'feltro-filz für körper und raum Sabine Herrmann', 'Ostermundigenstrasse 60, 3006 Bern, Bern'),
('df1126e2-ddaf-44bb-a577-5602bdc0b3cb', 'Tobias', 'Hitz', 'fm@femag-ag.ch', '056 406 62 62', 'Femag AG', 'Schiffmühlestrasse 11, 5417 Untersiggenthal, Aargau'),
('85de5621-db58-4c96-bb74-c7b1cdddd3b3', 'Roman', 'Roveda', 'frauenfeld@femo.ch', '052 721 72 72', 'FEMO Gebäudereinigung GmbH', 'Juchstrasse 45, 8500 Frauenfeld, Thurgau'),
('b6f85ec2-2518-410c-a39f-fed992f04026', 'Femi', 'Hasani', 'info@femosana.ch', '076 414 92 88', 'Femosana GmbH', 'Weinstrasse 30, 8280 Kreuzlingen, Thurgau'),
('3b925727-730b-4160-a3ca-c69fade4f924', 'Felix', 'Moser', 'info@femox.ch', '056 424 03 80', 'Femox GmbH', 'Ländliweg 1, 5436 Würenlos, Aargau'),
('f520d755-61f3-43a6-a96b-3e7004703ce1', 'Sylvain', 'Caudoux', 'info@femtolabs.ch', '032 365 61 25', 'FEMTO Labs SA', 'Rue des Prés 137, 2503 Biel/Bienne, Bern'),
('75ce50ba-4d61-4f9f-966e-8d2323bc8e97', 'Felix', 'Beyeler', 'info@femtotools.com', '044 844 44 25', 'FemtoTools AG', 'Furtbachstrasse 4, 8107 Buchs, Zürich'),
('71a3c4fe-354b-4163-8dcc-236c92b29b1f', 'Andreas', 'Fend', 'a.fend@fend-partner.ch', '079 289 57 19', 'Fend & Partner AG', 'Hintergässli 7, 3792 Saanen, Bern'),
('cdbef2ef-2416-4589-b145-e9a25347f6b6', 'Leonie', 'Eicher', 'leonie.eicher@fengshui-energie.ch', '032 333 17 51', 'Feng Shui Energie und Raum', 'Römermatte 5, 2563 Ipsach, Bern'),
('3e15464f-9f49-46c1-8daa-ad206a24ba0b', 'Nicole', 'Zehnder', 'info@fengshuiraum.ch', '056 536 93 98', 'Feng Shui Raum', 'Erlenweg 1, 5400 Baden, Aargau'),
('b150068c-f53e-4898-af06-c5725b620210', 'Karin', 'Fallet-Hodel', 'karin@fengshuibliss.ch', '078 659 55 60', 'Feng Shui Wohngefühl', 'Krienserstrasse 22, 6048 Horw, Luzern'),
('63ea9a7a-bb3d-49c1-a5b0-0869b1605dfd', 'Fabrice', 'Müller', 'harmonie@raum-und-sein.ch', '062 873 54 75', 'Feng Shui-Beratung Raum & Sein', 'Im Breitenloh 6, 4332 Stein, Aargau'),
('5af1a6ff-c652-473f-be29-f2f9032053d5', 'Roland', 'Lüthi', 'info@fengari.ch', '079 302 13 17', 'Fengari AG c/o Roland und Iphigenia Lüthi-Papazoglou', 'Lenzenhohlestrasse 13, 3302 Moosseedorf, Bern'),
('1b6713ba-6fde-412f-80fb-8f45187b5ca3', 'Teuta', 'Kerhani', 't.kerhani@fenix-zh.ch', '044 514 40 00', 'Fenix Consulting GmbH', 'Boulevard Lilienthal 63, 8152 Opfikon, Zürich'),
('b148774d-2ca5-44b3-9d7e-b01ecfa77ea5', 'Roger', 'Fenner', 'info@fennerboden.ch', '079 291 71 85', 'fenner boden', 'Erlenweg 5, 8604 Volketswil, Zürich'),
('5ec7003e-e278-4767-b2a8-e3d6dc2fba83', 'Balz', 'Dudle', 'dudle@fenner-gaerten.ch', '044 715 27 63', 'Fenner Gärten AG', 'Dorfstrasse 91, 8802 Kilchberg, Zürich'),
('5b1c6858-13ee-4819-8e3b-a6c89fe00d4a', 'Roger', 'Fenner', 'info@fenner-holzhandwerk.ch', '052 745 10 75', 'Fenner Holzhandwerk', 'Oberdorfstrasse 8, 8468 Waltalingen, Zürich'),
('f8a53e23-9028-4a65-b2af-304646e7cd82', 'Roger', 'Fenner', 'hof@fenner-landwirtschaft.ch', '052 745 10 76', 'FENNER Landwirtschaft', 'Oberdorfstrasse 8, 8468 Waltalingen, Zürich'),
('3f1a63dc-807f-4a38-b8c2-0ac030579d03', 'Basil', 'Gasser', 'basil.gasser@fensterbuenter.ch', '041 492 60 90', 'Fenster Bünter AG', 'Brisenstrasse 1, 6382 Büren, Nidwalden'),
('6591ddbe-f077-4a38-851b-e4f365212034', 'Martin', 'Jenny', 'jenny@fensterdoktor.ch', '055 465 62 72', 'Fenster Doktor AG', 'Linthstrasse 53, 8856 Tuggen, Schwyz'),
('e598e20c-723d-41ff-85d0-28d17daad3cb', 'Benno', 'Fux', 'info@fuxfenster.ch', '027 923 48 06', 'Fenster Fux AG', 'Kantonstrasse 76, 3902 Glis, Wallis/Valais'),
('51ab7cb5-e5dd-4e55-a6e0-ce7a2eae675f', 'Philipp', 'Graf', 'info@fenstergraf.ch', '079 663 84 18', 'Fenster Graf & Sohn AG', 'Fischenzenstrasse 4, 8882 Unterterzen, St. Gallen'),
('1b43ebdb-c8ae-4b15-9bdc-72a507b43d5b', 'Thomas', 'Boch', 'info@fensterhandwerk.ch', '079 366 43 45', 'Fenster Handwerk GmbH', 'Schlottenbüelstrasse 5, 8625 Gossau, Zürich'),
('db62818d-a9de-4f41-a5ca-5fbdcff0bd6a', 'Urs', 'Keller', 'info@keller-fenster.ch', '071 351 69 67', 'Fenster Keller', 'Alpsteinstrasse 41a, 9100 Herisau, Appenzell Ausserrhoden'),
('12b8b3e2-cc59-4a14-8ce5-ddf70fb710f0', 'Marc', 'Schiess', 'm.schiess@fensterkonrad.ch', '055 286 23 00', 'Fenster Konrad AG', 'Rickenstrasse 16, 8732 Neuhaus, St. Gallen'),
('ffa0bd5a-9e37-4f0e-98e8-2d1fc4292f6a', 'Michael', 'Müller', 'mm@fenster-mueller.ch', '031 921 00 44', 'Fenster Müller AG', 'Niesenweg 16, 3063 Ittigen, Bern'),
('909ec752-470c-4759-8b4a-b7d9bf0ce7b5', 'Kevin', 'Jaeg­gi', 'k.jaeggi@fensternauer.ch', '043 888 20 96', 'Fenster Nauer AG', 'Weberrütistrasse 2, 8833 Samstagern, Zürich'),
('bebe27fe-a361-4d9a-9840-3747cd30a3ac', 'Fredy', 'Rentsch', 'fredy.rentsch@fenster-rentsch.ch', '079 265 11 11', 'Fenster Rentsch GmbH', 'Frauenfelderstrasse 49, 8370 Sirnach, Thurgau'),
('d95e167a-7427-4d57-bb3e-259b8f3d53ec', 'Markus', 'Schaub', 'info@fenster-schaub.ch', '061 981 29 52', 'Fenster Schaub Schreinerei GmbH', 'Bleichiweg 1, 4460 Gelterkinden, Basel-Land'),
('e052e449-1044-4e32-a233-6af387ee2a0c', 'Manuel', 'Studer', 'manuel.studer@fensterbaumeler.ch', '041 485 01 70', 'fensterbaumeler ag', 'Hauptstrasse 36, 6170 Schüpfheim, Luzern'),
('b9d5ff27-f60d-4998-85c2-e72d60f868f9', 'Andreas', 'Dörig', 'info@doerig.ch', '071 787 87 80', 'Fenster-Dörig AG', 'Blattenheimatstrasse 2b, 9050 Appenzell, Appenzell Innerrhoden'),
('f682dbfe-c5dc-45a3-bdfe-321768590ad2', 'Fabian', 'Schwizer', 'ffa@ffa.ch', '044 496 95 00', 'Fensterfabrik Albisrieden AG', 'Fellenbergweg 15, 8047 Zürich, Zürich'),
('055f8a16-e732-447b-add4-bc6ad48dbabf', 'Rudolf', 'Kohler', 'info@fenster-haus.ch', '062 963 04 85', 'Fenster-Haus AG', 'Bernstraße 19a, 4922 Bützberg, Bern'),
('d7b520c7-2b26-4e56-9770-2e0e92b801a1', 'Josef', 'Knill', 'josef.knill@fensterinform.ch', '071 698 60 01', 'Fensterinform GmbH', 'Postweg 1a, 8573 Siegershausen, Thurgau'),
('c63f861e-c4b7-4862-bc1d-1b290c5362b0', 'Ivo', 'Keller', 'ivo.keller@fensterkeller.ch', '071 982 80 60', 'Fenster-Keller AG', 'Feldeck 15, 9606 Bütschwil, St. Gallen'),
('3f94275f-714a-4f37-912e-7494b2390430', 'Claude', 'Schaffner', 'fensterklar@gmx.ch', '079 454 87 99', 'Fensterklar', 'Untertorgasse 3, 9320 Arbon, Thurgau'),
('76e8f9ef-ace0-402b-8b98-e9a5a9d74ea5', 'Marco', 'Fent', 'marco@fent.ch', '062 769 66 63', 'Fent AG', 'Jägersteg 2, 5703 Seon, Aargau'),
('01fae46e-ba73-4fc4-94d2-314f5b073ca5', 'Etienne', 'Jeoffroy', 'contact@fenx.ch', 'N.a.', 'FenX AG', 'Spinnereistrasse 5, 5300 Turgi, Aargau'),
('73581ef8-bb72-4c97-a058-70157523eaaa', 'Tommaso', 'Ramundo', 'info@ferag.com', '044 938 60 00', 'FERAG AG', 'Zürichstrasse 74, 8340 Hinwil, Zürich'),
('10190fd6-f2f8-462e-85a3-3b43cb5261a0', 'Franz', 'Cresta', 'info.ch@feralco.com', '044 922 92 84', 'Feralco (Schweiz) AG', 'Neugrütstrasse 2, 8610 Uster, Zürich'),
('c9daf5d3-798d-4ebb-b8e1-a641429e75e6', 'Martin', 'Hofer', 'info@feramic.ch', '079 677 85 11', 'Feramic AG', 'Luegisland 11, 8143 Stallikon, Zürich'),
('0df6643d-b9e7-4b97-93b6-e25d0a69b239', 'Isak', 'Ferati', 'isak.ferati@hotmail.de', '079 222 97 04', 'Ferati Transporte GmbH', 'Dianastrasse 14, 4310 Rheinfelden, Aargau'),
('3f740d2c-db23-47a5-af35-8b419893ad39', 'Ljuljeta', 'Ferati', 'info@linsenklick.ch', 'N.a.', 'Feratino', 'Neugutstrasse 52, 8600 Dübendorf, Zürich'),
('d427ceaf-5c53-44fe-bb68-37066ac2dae7', 'Stefanie', 'Jaggi', 'stefanie.jaggi@ferax.ch', '044 404 56 42', 'Ferax Treuhand AG', 'Letzigraben 89, 8040 Zürich, Zürich'),
('07bc2264-f7d7-48e5-b446-1e272c779784', 'Ferdi', 'Frick', 'schreinerei@ferdifrick.li', '+41 78 748 11 33', 'Ferdi Frick Schreinerei Anstalt', 'Lettstrasse 61, 9490 Vaduz, Fürstentum Liechtenstein'),
('28b542d2-a71a-42ac-8a50-8b8afa016b9a', 'Simon', 'Büchel', 'ferdinand@ferdinand-beef.ch', '079 675 25 46', 'Ferdinand Beef', 'Unterfurtstrasse 15, 9464 Rüthi (Rheintal), St. Gallen'),
('069c796f-6b37-4d78-80ee-ccd972964ed1', 'Heinz', 'Bigler', 'info@ferdinand-coffee.ch', 'N.a.', 'Ferdinand Coffee', '3063 Ittigen, Bern'),
('dc543fe6-42ad-42a3-9afb-7066c9fb4e27', 'Ferdinand', 'Hohns', 'kontakt@hohns.ch', '079 414 53 63', 'Ferdinand Hohns', 'Bauholzweg 2, 9300 Wittenbach, St. Gallen'),
('b9091f42-3d1a-4422-8a94-46cf96dc2fe5', 'Ferdinand', 'Riederer', 'ferdinand.riederer@rsnweb.ch', '079 682 02 78', 'Ferdinand Riederer GmbH', 'Valenserstrasse 2, 7317 Valens, St. Gallen'),
('10083c85-d06c-4483-82a8-e0941b317e6a', 'Hans-Rudolf', 'Steck', 'hans-rudolf.steck@steck.ch', '031 710 20 00', 'Ferdinand Steck Maschinenfabrik AG', 'Bahnhofstrasse 3, 3533 Bowil, Bern'),
('8e07e2f3-14c3-4b3d-8445-6e0628eaad73', 'Martina', 'Michel', 'info@fergenhuette.ch', '079 848 08 25', 'Fergenhütte SAC', '7250 Klosters, Graubünden'),
('85e98b16-7e89-426f-8652-68e989071174', 'Kevin', 'Murphy', 'kevin.murphy@fergusonplc.com', '041 723 22 30', 'Ferguson Holdings (Switzerland) AG', 'Neuhofstrasse 12, 6340 Baar, Zug'),
('684c1778-a21f-4d1f-b0d6-df8863941fb7', 'Ferdinando', 'Zaccariello', 'ferdinando.zaccariello@ferhaus.ch', '079 851 23 33', 'FerHaus AG', 'Mattenhofweg 3, 4144 Arlesheim, Basel-Land'),
('d773e29d-efdd-4a96-9f3d-51771c6c0d4e', 'Silvio', 'Jagunic', 'silvio.jagunic@feri.ch', '044 312 80 86', 'FERI (Schweiz) AG', 'Tödistrasse 48, 8002 Zürich, Zürich'),
('88a810d8-718c-4f79-bc97-e1a512840891', 'Christian', 'Baumgartner', 'info@bruggerhorn.ch', '071 744 44 64', 'Ferien- & Erholungsoase Bruggerhorn', 'Strandbadstrasse 1, 9430 St. Margrethen, St. Gallen'),
('5fe1fb3c-665f-42e3-ab63-c35a80c34ff2', 'René', 'Müller', 'info@alpina-adelboden.ch', '033 673 75 75', 'Ferien- und Familienhotel Alpina Genossenschaft', 'Flecklistrasse 40, 3715 Adelboden, Bern'),
('488f0178-39e9-4a18-b245-1c6a2330e866', 'Therese', 'Ebener', 'info@blatten-vs.ch', '027 939 16 83', 'Ferien- und Gruppenhaus Blatten', '3918 Wiler (Lötschen), Wallis/Valais'),
('1b5cdad8-4f91-41a9-85d3-0d6c05a374b3', 'Wendelin', 'Keller', 'info@hoch-ybrig.ch', '055 414 60 60', 'Ferien- und Sportzentrum Hoch-Ybrig AG', 'Waagtalstrasse 127, 8842 Unteriberg, Schwyz'),
('37066c99-eddf-4f0f-af1f-e0ce5b071e2f', 'Julia', 'Friedrich', 'mieten@feriencamper.ch', '044 515 17 68', 'Feriencamper.ch KIG', 'Wehntalerstrasse 86, 8057 Zürich, Zürich'),
('dddd31ab-a316-4fb9-b822-00cb1fb61751', 'Philipp', 'Andenmatten', 'info@feriendonbosco.ch', '078 713 42 42', 'Feriencenter Don Bosco / Tabor', 'Innere Saastalstrasse 38, 3910 Saas-Grund, Wallis/Valais'),
('1e6c5ecc-afd8-4c96-953e-7a5f07815953', 'Kilian', 'Nellen', 'hotel@glacier-du-rhone.ch', '027 973 15 15', 'Feriendorf Schlüsselacker AG', 'Furkastrasse, 3999 Oberwald, Wallis/Valais'),
('849c3d22-5f7c-4989-892c-8fb709d6d710', 'Julia', 'Abgottspon', 'haus.alba@bluewin.ch', '079 572 97 13', 'Ferienhaus Alba', '3910 Saas-Grund, Wallis/Valais'),
('426357a7-87ae-4999-bddc-3a0e85d6aef2', 'Max', 'Schnydrig', 'info@ferienhaus-allalin.ch', '079 808 88 90', 'Ferienhaus Allalin', '3925 Grächen, Wallis/Valais'),
('6e4d1917-adab-4c34-83fe-593c74da5f1e', 'Rose-Marie', 'Zurbriggen', 'ferienhaus@almagellerhof.ch', '027 957 27 46', 'Ferienhaus Almagellerhof', 'Almagellerhof, 3905 Saas-Almagell, Wallis/Valais'),
('b0e0b0af-a0c4-426a-b2e2-29fca8109372', 'Doris', 'Burgener', 'info@haus-annabelle.ch', '078 880 12 82', 'Ferienhaus Annabelle', 'Saastalstrasse 224, 3910 Saas-Grund, Wallis/Valais'),
('8f50c6a9-7fe2-436c-a8f2-1c2e41c10ed9', 'Mathilde', 'Schnydrig', 'tschuby@bluewin.ch', '079 342 53 22', 'Ferienhaus Ausblick', 'Kantonsstrasse, 3925 Grächen, Wallis/Valais'),
('9399adb6-ec62-43eb-8235-1b7721cc34ef', 'Frank', 'Willa', 'willafrank@hotmail.com', '079 448 36 70', 'Ferienhaus Bellavista', 'Schwendi 4, 3904 Naters, Wallis/Valais'),
('9fa8cacb-37a0-4900-b4f8-a85e90ab8d2c', 'Pius', 'Renggli', 'info@sgbe.ch', '079 293 64 19', 'Ferienhaus Bergfrieden', '6068 Melchsee-Frutt, Obwalden'),
('315aaf03-de40-43fb-87ec-2c59057832cf', 'Doris', 'Briggeler', 'info@briggelershome.ch', 'N.a.', 'Ferienhaus Briggelershome', 'Barmühle, 3930 Visp, Wallis/Valais'),
('aef129ce-06b5-47be-847c-cae880911b32', 'Roswitha', 'Zurbriggen', 'office@hotelalpenhof.ch', '027 957 20 20', 'Ferienhaus Britannia', 'Furusandstrasse 11, 3905 Saas-Almagell, Wallis/Valais'),
('339b36ac-f3fb-41d9-ac03-722e75d68020', 'Gabriel', 'Rechsteiner', 'mail@casafadail.ch', '081 384 16 88', 'Ferienhaus Casa Fadail', 'Voa davos Lai 11, 7078 Lenzerheide, Graubünden'),
('646cf10f-aa25-457f-a1b1-befe38a96566', 'Manfred', 'Andenmatten', 'info@chalet-frohsinn.ch', '027 957 29 36', 'Ferienhaus Cresta', '3910 Saas-Grund, Wallis/Valais'),
('8b09edab-afc2-4da2-b29e-447eda3a877e', 'Yvonne', 'Kessler', 'info@ferienhaus-cresta.ch', '079 441 98 42', 'Ferienhaus Cresta', 'Cresta 4, 7241 Conters im Prättigau, Graubünden'),
('44074466-187e-44b5-82ef-910ece3bf29b', 'Reto', 'Mischler', 'reto.mischler@gmx.ch', '079 905 94 91', 'Ferienhaus Edelweiss Zwischenflüh', 'Allmiried, 3756 Zwischenflüh, Bern'),
('87f1cecc-fdb7-4776-a511-bbeac1ac459a', 'Elsbeth', 'Arnold-Möckli', 'e.arnold-moeckli@bluewin.ch', '041 879 16 59', 'Ferienhaus Fuhr', 'Ratzistrasse 26, 6464 Spiringen, Uri'),
('01c1475c-d307-48de-8ae1-837d2b115874', 'Leonhard', 'Marti', 'ma.marti@bluemail.ch', '055 642 10 56', 'Ferienhaus Gufelstock', 'Gufelstockstrasse 32, 8765 Engi, Glarus'),
('c652394e-a108-4095-9554-f26929eab021', 'André', 'Rust', 'info@ferienhaus-hinterberg.ch', '041 758 11 40', 'Ferienhaus Hinterberg', 'Hinterberg 1, 6318 Walchwil, Zug'),
('64faf8ec-c5b2-4544-a717-b3811206bdc8', 'Renate', 'Blattner', 'ferienheim-honegg@bluewin.ch', '031 971 77 82', 'Ferienhaus Honegg', '3618 Süderen, Bern'),
('b8ceef44-7d71-471d-9954-f62e92f10c62', 'Carlo', 'Danioth', 'gotthard-homes@bluewin.ch', '079 689 56 39', 'Ferienhaus im oltä Schtall', 'Gotthardstrasse 27, 6490 Andermatt, Uri'),
('35e7de22-4b91-48ff-af63-289732272288', 'Benedikta', 'Andenmatten', 'andenmatten@ferienhaus-insel.ch', '027 957 27 44', 'Ferienhaus Insel', '3905 Saas-Almagell, Wallis/Valais'),
('063580bd-f305-4148-8d47-b07c35decbdd', 'Anna-Marie', 'Bürgler-Fischer', 'info@ferienhaus-kaisten.ch', '041 811 25 85', 'Ferienhaus Kaisten', 'Plätzli 5 / Ibergereggstrasse, 6432 Rickenbach b. Schwyz, Schwyz'),
('9fa71dac-6e76-4c92-8774-adfb30107229', 'Marianne', 'Coletti', 'heimverwaltung@ferienheim-laenggasse.ch', '079 279 00 38', 'Ferienhaus Länggass', 'Hubelstrasse 102, 3778 Schönried, Bern'),
('36e56aa7-b2ca-43a9-9bd4-ced34db6b410', 'Gaby', 'Maag', 'ferienhaus-maerxi@gmx.ch', '031 941 28 72', 'Ferienhaus Märxi', 'Alte Adelbodenstrasse 55, 3725 Achseten, Bern'),
('925ff2a9-daf9-47e9-88ec-1c42c1bc3acc', 'Patricia', 'Posen', 'patricia.posen@reformiert-zuerich.ch', '043 322 15 49', 'Ferienhaus Mattli', 'Mattlistrasse, 6315 Alosen, Zug'),
('373dbb9c-7a6c-4511-bdcc-5910168f829e', 'Markus', 'Maag', 'info@maagfarm.ch', '062 966 18 06', 'Ferienhaus Melli', 'Melli 176, 4954 Wyssachen, Bern'),
('0882dd75-f73e-4a64-be80-9a3b821fbdf8', 'Rudolf', 'Burgener', 'mon-bijou@gmx.ch', '027 957 29 27', 'Ferienhaus Mon-Bijou', 'Innere Saastalstrasse 70, 3910 Saas-Grund, Wallis/Valais'),
('88a59151-3410-4330-b6c0-b12e52ac2361', 'Ruedi', 'Albrecht', 'albrecht.wald@bluewin.ch', '055 246 24 44', 'Ferienhaus Motta', '7457 Bivio, Graubünden'),
('c1683879-3e92-4257-94f7-179644bfcc6b', 'Guido', 'Bumann', 'info@panorama-saastal.ch', '027 957 28 08', 'Ferienhaus Panorama', '3910 Saas-Grund, Wallis/Valais'),
('3a58c6ae-ccb7-4c4f-b3b8-a6169eec0ae1', 'Monika', 'Prodkopf', 'info@prodkopf.ch', '071 440 13 05', 'Ferienhaus Prodkopf', 'Muttweg 1690, 7310 Bad Ragaz, St. Gallen'),
('73b98984-9384-4731-bb1d-f0f0c8528001', 'Emilia', 'Schmid', 'info@putnengia.ch', '078 633 05 56', 'Ferienhaus Putnengia', 'Via Alpsu 255, 7189 Rueras, Graubünden'),
('c67d339d-8b0b-4f33-9891-8cbb2173d46c', 'Tanja', 'Johann', 'ta.bachmann@bluewin.ch', '078 823 26 06', 'Ferienhaus Restiberg', '8783 Linthal, Glarus'),
('83457e9f-abd5-4751-9d92-b936b8b6c8c7', 'Elisabeth', 'Schranz', 'ruedy-hus@bluewin.ch', '033 673 33 22', 'Ferienhaus Ruedy-Hus', 'Landstrasse 95, 3715 Adelboden, Bern'),
('6e1e2e4c-fad8-4a74-af66-689b55d1936b', 'Lotti', 'Zaugg', 'huettenwartteam@ski-escholzmatt.ch', '079 463 69 09', 'Ferienhaus SCE', 'Wagliseiboden 5, 6174 Sörenberg, Luzern'),
('9f74ab52-9f8a-4e9b-be19-3fdbed5e5cb5', 'Heidi', 'Fuchs', 'fuchs@schanz.ch', '079 349 63 12', 'Ferienhaus Schanz', '6484 Wassen, Uri'),
('ad126864-78cd-4d4b-b54f-e9cfa8bfb9bc', 'Gilbert', 'Venetz', 'info@ferienhaus-schoenblick.ch', '027 957 22 49', 'Ferienhaus Schönblick', '3910 Saas-Grund, Wallis/Valais'),
('1f62421b-debf-4df8-b375-c3ba7a4a98c5', 'Regine', 'Plattner', 'regineplattner@sunrise.ch', '062 966 15 84', 'Ferienhaus Sunneheim', 'Hägsbach, 4954 Wyssachen, Bern'),
('edeff096-39e8-434b-99a5-f5a67eea2d6c', 'Thea', 'Stöckli', 'info@wogeno-luzern.ch', '041 210 16 46', 'Ferienhaus Sunnehüsli', 'Romiti, 6354 Vitznau, Luzern'),
('5db82d18-ce43-4206-a795-97ed39766335', 'Karin', 'Stoffel', 'info@heidadorf.ch', '027 946 03 00', 'Ferienhaus Tärbinu', 'Aegerschbodu 3, 3932 Visperterminen, Wallis/Valais'),
('e6744d2c-3218-42d0-8d1e-eee6bd6e3706', 'Adrian', 'Seematter', 'toerbel@moosalpregion.ch', '027 952 12 77', 'Ferienhaus Törbel', '3923 Törbel, Wallis/Valais'),
('38fc0f72-bc7f-4bfd-bf1b-72e57b567e8f', 'Peter', 'Arnold-Mattli', 'peter-arnold@bluewin.ch', '041 870 97 02', 'Ferienhaus Waldhüsli', 'Spielmattstrasse 20, 6467 Schattdorf, Uri'),
('4e65de5a-dd7b-4151-9ad1-1cf7c91c769c', 'Philipp', 'Bollinger', 'ferienheime@binningen.bl.ch', '061 425 53 50', 'Ferienheim Adelboden', 'Geils, 3715 Adelboden, Bern'),
('32235803-85e8-4a77-995a-6c8de5e4da06', 'Marius', 'Albin', 'ferienheim-albin@kns.ch', '081 941 12 79', 'Ferienheim Albin', 'Cadruvi-sut 20, 7165 Breil/Brigels, Graubünden'),
('7d56cc9d-ba1c-4e88-9120-a10042b06ec1', 'Kathrin', 'Aemmer', 'kathrin-aemmer@bluewin.ch', '078 722 70 04', 'Ferienheim Bällenbllick', 'Innerfeld 131, 3813 Saxeten, Bern'),
('89fa0a86-0dc8-4b2b-ba7c-3083d0776288', 'Peter', 'Vollenweider', 'peter.vollenweider@bodenweidli.ch', '071 855 74 76', 'Ferienheim Bodenweidli', 'Bodenweidlistrasse, 9658 Wildhaus, St. Gallen'),
('07f55622-0ef4-46d2-b47e-1ac8bfda85a0', 'Samuel', 'Niederhauser', 'info@ferienheim-eriz.ch', '062 962 32 22', 'Ferienheim Huttwil', 'Unterschwand 282, 3619 Eriz, Bern'),
('161cde73-c9f8-4976-9417-8f6945653638', 'Esther', 'Brügger', 'esther.bruegger@ittigen.ch', '031 925 22 24', 'Ferienheim Ittigen', 'Lenkstrasse 35, 3775 Lenk im Simmental, Bern'),
('0b600765-ec1a-4e71-802b-ffc5786282fa', 'Sandra', 'Huber', 'judohaus@bluewin.ch', '079 622 79 49', 'Ferienheim Judoaus Eggberge', 'Eggberge, 6460 Altdorf, Uri'),
('3aa8cfc4-ae81-4a09-85eb-3d9094b3abb7', 'Karin', 'Wanzenried', 'info@nachtschicht.ch', '033 437 44 44', 'Ferienheim Lindenweidli', 'Linden, 3619 Eriz, Bern'),
('fc5f3221-9c8e-407b-8eaf-474a063714e6', 'Gabriela', 'Schnellmann', 'info@massenlager.com', '055 460 18 60', 'Ferienheim Mullern', 'Mullern, 8753 Mollis, Glarus'),
('016053ae-3f82-47e9-a842-e897c746cf46', 'Erika', 'Jenzer', 'erika.jenzer@bluewin.ch', '079 380 63 03', 'Ferienheim Oberwald', '3465 Dürrenroth, Bern'),
('e9300337-c732-4410-8d1a-aa25b012e9e9', 'Kurt', 'Jeker', 'info@schrattenblick.ch', '079 434 43 39', 'Ferienheim Schrattenblick', 'Marbachegg 26, 6196 Marbach, Luzern'),
('91db277b-c1ed-42c0-b519-93352ff2309b', 'Roland', 'Mathis', 'ferienheim-stock@hotmail.com', '079 271 05 94', 'Ferienheim Stock', '6055 Alpnach, Obwalden'),
('65f209de-9f92-417d-b2ea-2037bef6f3e5', 'Aileen', 'Woltjer', 'fam.sakko@bluewin.ch', '079 642 63 79', 'Ferienheim Villa Foree', 'Innere Dorfstrasse 171, 3718 Kandersteg, Bern'),
('078b94cb-6af2-4b3b-b266-4c4c0c882f6b', 'Rita', 'Bamert', 'j.r.bamert@bluewin.ch', '055 445 14 58', 'Ferienhof Bamert', 'Mühlenenstrasse, 8856 Tuggen, Schwyz'),
('d9ccc28a-cf16-4ccc-9c97-a9612b3e2a25', 'Irma', 'Schuler', 'info@ferienhof-rueti.ch', '041 820 53 09', 'Ferienhof Rüti', 'Rüti 4, 6443 Morschach, Schwyz'),
('48ae1ae5-bc2b-40ea-a2b4-2ff7bf68c11e', 'Sonja', 'Oehler', 'info@ferienhotel-bodensee.ch', '052 761 36 72', 'Ferienhotel Bodensee - Stiftung Pro Handicap', 'Seestrasse 86, 8267 Berlingen, Thurgau'),
('5e225cf3-5ee8-4fa0-9615-f081981a3cbb', 'Remo', 'Eggel', 'info@hotelmassa.ch', '027 923 28 88', 'Ferienhotel Massa AG', 'Rischinustrasse 26, 3914 Blatten b. Naters, Wallis/Valais'),
('b64ece4d-30ec-45bd-87e8-ebcf3c1c4c0e', 'Vreni', 'Vetterli', 'info@fkvv.ch', '052 212 90 78', 'Ferienkolonieverein Veltheim FKVV', 'Ferienheim Veltheim 54, 7525 S-chanf, Graubünden'),
('f603ec6c-7ab7-4809-9fe7-aee590f87242', 'Patricia', 'Vogler', 'info@lungern-tourismus.ch', '041 678 14 55', 'Ferienlager am See', 'Brünigstrasse 8, 6078 Lungern, Obwalden'),
('66566176-c7dd-4b25-8813-87d11b251df8', 'Armando', 'Dall''Ara', 'info@camontanarona.ch', '081 684 53 10', 'Ferienlager Cà Montana', '7454 Rona, Graubünden'),
('f8bb30a7-ba97-4e12-8b0d-555f39d10c8c', 'Rebekka', 'Ballif', 'info@ferienlager-eggli.ch', '076 517 10 93', 'Ferienlager Eggli', 'Oeyetli 26, 3792 Saanen, Bern'),
('213368f3-79b7-4226-8c2b-733e171be96e', 'Paul', 'Imobersteg', 'marktpolizei@zweisimmen.ch', '033 729 88 67', 'Ferienlager Gwatt', 'Schulstrasse 6, 3770 Zweisimmen, Bern'),
('7df93925-f99e-4d70-b311-d0dc455dcdf6', 'Urs', 'Tellenbach', 'info@ferienlager-musikhaus.ch', '033 722 21 88', 'Ferienlager Musikhaus', 'Untere Tüllstrasse 2, 3770 Zweisimmen, Bern'),
('83ecb64f-2563-428c-9433-db5054e6c4ae', 'Matthias', 'Kunz', 'gemeindeverwaltung@hergiswil-lu.ch', '041 979 80 80', 'Ferienlager Napf', 'Steinacher 5, 6133 Hergiswil b. Willisau, Luzern'),
('694fa15f-97fe-492c-95ca-a520ae92f768', 'Myriam', 'Walter', 'ferienlager-rosy@bluewin.ch', '027 956 28 39', 'Ferienlager Rosy', 'Bina 452, 3925 Grächen, Wallis/Valais'),
('c82b4296-597b-4b42-9a0a-0a9b170931f9', 'Ernst', 'Bärtschi-Müller', 'info@ferienlager-schwyzi.ch', '033 673 41 19', 'Ferienlager Schwyzi', 'Engstligenstrasse 25, 3715 Adelboden, Bern'),
('299c9646-146a-459a-a2c1-95e321cab7f8', 'Jolanda', 'Danuser', 'info@mittelsaess.ch', '079 338 97 88', 'Ferienlagerhaus Mittelsäss', '7310 Bad Ragaz, St. Gallen'),
('30f48b0d-e665-4f61-af39-fd77e1868966', 'Remo', 'Frey-Schweizer', 'bkh.titterten@bluewin.ch', '061 943 00 73', 'Ferienlagerhaus Titterten', 'Rankgasee 19, 4425 Titterten, Basel-Land'),
('feedfde2-6f96-4e6e-866b-5ed69b722c9e', 'Beat', 'Camenisch', 'verwaltung@ferienlagerhaus-trans.ch', '079 424 82 06', 'Ferienlagerhaus Trans', 'Quardaval 67, 7407 Trans, Graubünden'),
('8b07ddde-c7fc-4945-a61c-9dcdfd162ab8', 'Erika', 'Meier-Meier', 'info@ferien-paradies.ch', '041 750 56 07', 'Ferienparadies Ägerisee', 'Hauptseestrasse 81, 6315 Morgarten, Zug'),
('15aa7791-8243-4567-8547-4612b83813a3', 'Guido', 'Lehmann', 'zentrum.waldegg@heilsarmee.ch', '031 380 75 45', 'Ferienzentrum Waldegg', '4462 Rickenbach, Basel-Land'),
('1f3d4e31-0d7d-4170-a265-6fa21cf21b8d', 'Brahim', 'Ferizi', 'info@ferizi-gartenarbeiten.ch', '079 239 86 21', 'Ferizi Gartenarbeiten GmbH', 'Hofstetterstrasse 12, 4054 Basel, Basel-Stadt'),
('119df2f4-80cb-41c7-b79f-7db24309c739', 'Besim', 'Ferizi', 'info@ferizi-gmbh.ch', '076 584 63 52', 'Ferizi GmbH c/o Besim Ferizi', 'Steinlerweg 15, 4402 Frenkendorf, Basel-Land'),
('dbfd49d8-8a66-4363-b332-9ddf821e5dba', 'Daniela', 'Zimmerman Ferizi', 'info@ferizi-reinigung.ch', '076 561 17 47', 'Ferizi Zimmermann Reinigung GmbH', 'Langrüttiweg 15, 4153 Reinach, Basel-Land'),
('9939b185-d595-4ff6-bf02-2f095ee5043b', 'Bruno', 'Loi', 'info@brunoloi.ch', '081 667 12 12', 'Ferme Avers-Cröt', 'Cröt 204, 7446 Campsut-Cröt, Graubünden'),
('f7fad467-5736-4061-9048-4867d2857cf3', 'Manfred', 'Cina', 'caves@fernand-cina.ch', '027 455 09 08', 'Fernand Cina SA', 'Bahnhofstrasse 27, 3970 Salgesch, Wallis/Valais'),
('504710bb-8dfa-491a-ad25-591b1e4687f5', 'Cristiana', 'Fernandes', 'info@expressiclean.ch', '078 694 10 63', 'Fernandes Moreira Martins Express iClean', 'Mühleweg 2a, 9548 Matzingen, Thurgau'),
('878b2c89-d8b8-47b9-8156-9fd092f89960', 'Francisco', 'Fernandez', 'info@ffernandez.ch', '071 277 00 72', 'FERNANDEZ – Das Malergeschäft', 'Ahornstrasse 41, 9000 St. Gallen, St. Gallen'),
('e8257e29-b639-4a99-bfff-b3edd7850107', 'Fernando', 'Pasamontes', 'info@pasamontes-dental.ch', '041 710 02 03', 'Fernando Pasamontes Dentaltechnik GmbH', 'General-Guisan-Strasse 22, 6300 Zug, Zug'),
('f6df6b6b-6b1b-4de3-9007-427f8a500fb8', 'Andres', 'Fankhauser', 'info@fernheizung-meiringen.ch', '033 972 60 00', 'Fernheizkraftwerk Meiringen AG', 'Kreuzgasse 4, 3860 Meiringen, Bern'),
('1ff332ec-957c-4813-98a4-179507dadd09', 'Ruedi', 'Bartholet', 'info@fhbreite.ch', '071 755 80 86', 'Fernheizung Breite AG c/o Rhenum Treuhand AG', 'Trogenerstrasse 13, 9450 Altstätten, St. Gallen'),
('e1694817-d06f-4133-a37b-c2106f9703e0', 'Simon', 'Broch', 'info@fernsicht-allmendhof.ch', '079 573 73 16', 'Fernsicht Allmendhof', 'Wiggwil, 5637 Beinwil (Freiamt), Aargau'),
('d8302424-d003-4f79-8137-6349bbc13984', 'Tobias', 'Funke', 'info@fernsicht-heiden.ch', '071 898 40 40', 'Fernsicht Event AG', 'Seeallee 10, 9410 Heiden, Appenzell Ausserrhoden'),
('9d78bb82-0456-4039-b28f-e1c7de697497', 'Stephan', 'Illien', 'info@fernwaerme-chur.ch', '081 254 48 00', 'Fernwärme Chur AG c/o IBC Energie Wasser Chur (IBC)', 'Felsenaustrasse 29, 7004 Chur, Graubünden'),
('265069f7-01b7-48e7-9c51-34de5f5ab843', 'Pirmin', 'Fischbacher', 'pirmin.fischbacher@innoholz.ch', '071 931 12 62', 'Fernwärme Gähwil AG', 'Mülibachstrasse 8, 9534 Gähwil, St. Gallen'),
('453131b8-86bd-4d81-9d67-76276a337fd5', 'Roland', 'Zimmermann', 'fernwaerme@ewheiden.ch', '071 898 89 40', 'Fernwärme Heiden GmbH', 'Bachstrasse 6a, 9410 Heiden, Appenzell Ausserrhoden'),
('0ac52f7e-d081-4fa3-8ee7-ebf212a63c88', 'Kurt', 'Hostettler', 'kurt.hostettler@fernwaerme-ag.ch', '056 282 50 02', 'Fernwärme Siggenthal AG', 'Gässliackerstrasse 6, 5415 Nussbaumen, Aargau'),
('f9cc4a68-e3d4-445b-8a65-e599b02837c2', 'Dominic Patric', 'Zysset', 'info@avag.ch', '033 226 56 56', 'Fernwärme Thun AG', 'Allmendstrasse 166, 3600 Thun, Bern'),
('d0618b27-3e51-4f3e-8850-b9f680be0dd2', 'Christian', 'Cappis', 'c.cappis@gmx.ch', '079 558 70 53', 'Fernwärme Uettligen AG', 'Ahornweg 21, 3043 Uettligen, Bern'),
('2680bee2-4933-4646-8dcb-02576b23edd6', 'Michel', 'Schwery', 'info@enalpin.com', '027 945 75 00', 'Fernwärme Visp AG (FWV) c/o EnAlpin AG', 'Bahnhofplatz 1b, 3930 Visp, Wallis/Valais'),
('f5fb5561-efbe-48fa-8c59-27111815c7f4', 'Rolf', 'Schumacher', 'r.schumacher@fewag.ch', '062 834 77 07', 'Fernwärme Wynenfeld AG', 'Im Lostorf 11, 5033 Buchs, Aargau'),
('cde3a935-68c6-45bd-90ac-878c9279f4a8', 'Rudolf', 'Klopfenstein', 'info@fernwaerme-zweisimmen.ch', '033 511 26 62', 'Fernwärmegenossenschaft der Gemeinde Zweisimmen', 'Lenkstrasse 7, 3770 Zweisimmen, Bern'),
('a1acdb26-41bc-427b-a02c-cd0233c5c2d2', 'Vittorio', 'Gadola', 'info@fernwaermetechnik.ch', '079 400 65 15', 'Fernwärmetechnik Gadola', 'Cunclisstrasse 22, 7023 Haldenstein, Graubünden'),
('fe16eedc-35d8-4010-9e84-d35b17c73778', 'Robert', 'Suter', 'info@fwbero.ch', '041 930 42 17', 'Fernwärmeverbund Beromünster AG', 'Fläcke 11, 6215 Beromünster, Luzern'),
('9271bc22-3310-4265-ae00-e47ab28b1d72', 'Jürg', 'Zingg', 'juerg.zingg@fero.ch', '071 414 48 10', 'Fero Treuhand AG', 'Winkelriedstrasse 1b, 8580 Amriswil, Thurgau'),
('67e452a0-3324-45c9-8512-f7e2561ac551', 'Felix', 'Zumsteg', 'fzumsteg@ferocar.ch', '061 841 00 55', 'Ferocar AG', 'Waldweg 27, 4312 Magden, Aargau'),
('8417af25-e404-4bd5-9baf-c815b5568b14', 'Markus', 'Schneider', 'info@ferotech.ch', '034 420 49 49', 'Ferotech AG', 'Chipf 10, 3414 Oberburg, Bern'),
('e2bb2872-46b7-4423-95e2-ceb316bc7d07', 'Herbert', 'Steffen', 'h.steffen@fero-tekt.ch', '079 337 79 49', 'Fero-tekT AG', 'An der Reuss 7, 6038 Gisikon, Luzern'),
('ab820cc4-f63a-4afe-8491-0e0797b2ba39', 'Lisa', 'Schulz', 'basel@feroxxandpalmez.ch', '061 382 30 00', 'Feroxx & Palmez', 'Kannenfeldstrasse 54, 4056 Basel, Basel-Stadt'),
('ecfa51a9-4741-45a8-9a60-d1e548f085f4', 'Renato', 'Ferrari', 'info@ferranet.ch', '061 711 60 60', 'FERRANET AG', 'Keltenweg 13, 4153 Reinach, Basel-Land'),
('bbd24e09-ac9f-4269-b071-e1e68f0e3d23', 'Petra', 'Ferrante', 'info@ferrantestyle.ch', '079 355 10 84', 'Ferrante Style', 'Chilstig 6, 8219 Trasadingen, Schaffhausen'),
('0d746efe-9868-497a-ae06-ca3795ad2b49', 'Giovanni', 'Ferrara', 'giovanni.ferrara@ferrara-architekten.ch', '061 266 10 10', 'Ferrara Architekten AG', 'Güterstrasse 84, 4002 Basel, Basel-Stadt'),
('4d6e41e0-a9cf-473d-a567-7b6d27c68974', 'Angelo', 'Ferrara', 'mail@ferrara-giannelli.ch', '055 210 77 11', 'Ferrara Giannelli', 'Stadthofplatz 2, 8640 Rapperswil, St. Gallen');

INSERT INTO leads (id, contact_id, source, status, value, notes) VALUES
('e151fead-c9d5-4609-8eeb-8e7ff7b90431', '06bd1819-a694-49b2-aa3e-e6d65d2dfd54', 'KALTAKQUISE', 'ACTIVE', 0, 'Funktion: Geschäftsführer/in (CEO) | Mitarbeiter: 1 bis 10 | Branche: Textil- & Möbelindustrie / Schreinerei- & Holzbaubetriebe | Rechtsform: Einzelunternehmen'),
('d4584166-315a-43c0-aa21-ee0a027b179b', '9eae0355-7465-4e27-b034-2747c189882e', 'KALTAKQUISE', 'ACTIVE', 0, 'Funktion: Geschäftsführer/in (CEO) | Mitarbeiter: 1 bis 10 | Branche: Schreinerei- & Holzbaubetriebe | Rechtsform: Aktiengesellschaft'),
('7825ab05-5f91-46cd-bd5b-c2dccabf6940', 'f599cc96-0f39-42d8-b906-834805bf6e4a', 'KALTAKQUISE', 'ACTIVE', 0, 'Funktion: Geschäftsführer/in (CEO) | Mitarbeiter: 21 bis 50 | Branche: Gartenbau & -pflege | Rechtsform: Schweizerische Zweigniederlassung'),
('4d39f6c3-56fc-4d55-baaa-b9011428a53b', '59fc7209-e284-4691-8b40-fde51f0eb7e7', 'KALTAKQUISE', 'ACTIVE', 0, 'Funktion: Geschäftsführer/in (CEO) | Mitarbeiter: 1 bis 10 | Branche: Baugeschäfte | Rechtsform: Gesellschaft mit beschränkter Haftung'),
('a0e89ba8-dc45-4a72-a202-95d20cf9e593', 'd7ce4efe-d0c6-4c78-9fb5-28fd2e2292a0', 'KALTAKQUISE', 'ACTIVE', 0, 'Funktion: Geschäftsführer/in (CEO) | Mitarbeiter: 1 bis 10 | Branche: Architekturbüros / Bauherrenvertretung'),
('eafa55f1-54f7-48cb-ba2d-ee951378acc3', '01dbf624-40d0-4e06-8810-6479fdf6d905', 'KALTAKQUISE', 'ACTIVE', 0, 'Funktion: Geschäftsführer/in (CEO) | Mitarbeiter: 1 bis 10 | Branche: Architekturbüros | Rechtsform: Gesellschaft mit beschränkter Haftung'),
('3f52ba54-c90d-4256-8bb5-32538f681955', '4dd18697-ebf6-4825-b386-f4f59da8523e', 'KALTAKQUISE', 'ACTIVE', 0, 'Funktion: Geschäftsführer/in (CEO) | Mitarbeiter: 1 bis 10 | Branche: Bau- & Projektmanagement'),
('d9147579-3c96-441d-a119-c3e2fe08e6c9', 'a8bc785d-a71d-4027-ac45-1fd8c819d366', 'KALTAKQUISE', 'ACTIVE', 0, 'Funktion: Geschäftsführer/in (CEO) | Mitarbeiter: 1 bis 10 | Branche: Unternehmensberater | Rechtsform: Einzelunternehmen'),
('c9fbcb80-4a0c-4bcf-a804-870956d44af9', '6e6869f0-d5cd-440b-9fdb-7e5e712e643a', 'KALTAKQUISE', 'ACTIVE', 0, 'Funktion: Geschäftsführer/in (CEO) | Mitarbeiter: 1 bis 10 | Branche: Bauingenieurbüros | Rechtsform: Aktiengesellschaft'),
('e529ae21-41c4-4388-a621-d48afb40d68f', '5c8f41e8-cd8e-41d1-9dbf-4deb8e1dc8f0', 'KALTAKQUISE', 'ACTIVE', 0, 'Funktion: Geschäftsführer/in (CEO) | Mitarbeiter: 11 bis 20 | Branche: Maschinenbauindustrie | Rechtsform: Aktiengesellschaft'),
('6da6dfd4-faa2-4e1b-950c-8bf7a0e98fb3', '0b26be94-3bd7-426e-915d-7f57065d2f79', 'KALTAKQUISE', 'ACTIVE', 0, 'Funktion: Geschäftsführer/in (CEO) | Mitarbeiter: 11 bis 20 | Branche: Architekturbüros | Rechtsform: Aktiengesellschaft'),
('6c0d78ac-0d7e-49da-bd62-d8792bc3beb7', '13000521-93c8-4986-a69f-532a47a77ae4', 'KALTAKQUISE', 'ACTIVE', 0, 'Funktion: Geschäftsführer/in (CEO) | Mitarbeiter: 1 bis 10 | Branche: Gartenbau & -pflege'),
('41acf4b9-225c-424c-aa60-c6b3301f4b97', 'afd67ff1-3972-4b62-81ed-92edcf36c33b', 'KALTAKQUISE', 'ACTIVE', 0, 'Funktion: Geschäftsführer/in (CEO) | Mitarbeiter: 1 bis 10 | Branche: Architekturbüros | Rechtsform: Aktiengesellschaft'),
('edeeb74f-7f1d-4717-a8e6-d755c7cc5e86', '83db0c54-54f9-474c-aca7-7ee44b14749d', 'KALTAKQUISE', 'ACTIVE', 0, 'Funktion: Geschäftsführer/in (CEO) | Mitarbeiter: 1 bis 10 | Branche: Boden- & Plattenleger'),
('0e275da2-685f-45ab-8c08-f5623f6fa2ab', 'ffda27d7-e93b-47c0-bdf2-f853840f464f', 'KALTAKQUISE', 'ACTIVE', 0, 'Funktion: Geschäftsführer/in (CEO) | Mitarbeiter: 1 bis 10 | Branche: Maler- & Gipsergeschäfte | Rechtsform: Gesellschaft mit beschränkter Haftung'),
('87a91284-8ee7-4f22-9a6a-7b36748243ff', 'aa3d8200-834f-4c55-b69a-b5560ef5f333', 'KALTAKQUISE', 'ACTIVE', 0, 'Funktion: Geschäftsführer/in (CEO) | Mitarbeiter: 1 bis 10 | Branche: Schreinerei- & Holzbaubetriebe | Rechtsform: Aktiengesellschaft'),
('3af5a2c4-d3db-428a-b525-980d128d889c', '976f070d-8f37-47bb-a8f1-4467f91f2e55', 'KALTAKQUISE', 'ACTIVE', 0, 'Funktion: Geschäftsführer/in (CEO) | Mitarbeiter: 101 bis 500 | Branche: Top 2''000 CH-Unternehmen / Logistik- & Transportunternehmen | Rechtsform: Aktiengesellschaft'),
('66232bff-1547-4d38-93ae-06c532b1db9f', '5d130dab-9935-4c66-b5fe-fb2f75e254e7', 'KALTAKQUISE', 'ACTIVE', 0, 'Funktion: Geschäftsführer/in (CEO) | Mitarbeiter: 11 bis 20 | Branche: Lebensmittelverarbeitung | Rechtsform: Aktiengesellschaft'),
('962c4121-fe2a-460b-acd4-b3a1c9c105b3', 'e659e9b0-a25f-4766-a12c-97c5b12437df', 'KALTAKQUISE', 'ACTIVE', 0, 'Funktion: Geschäftsführer/in (CEO) | Mitarbeiter: 11 bis 20 | Branche: Elektroplanung & Installation / Nachhaltigkeitsbereich / Solar & Photovoltaik | Rechtsform: Aktiengesellschaft'),
('515f6e37-b098-4d80-b8c8-b722560f5344', 'a022ab79-799e-4ff0-93b0-e74faa384c4d', 'KALTAKQUISE', 'ACTIVE', 0, 'Funktion: Geschäftsführer/in (CEO) | Mitarbeiter: 1 bis 10 | Branche: Gartenbau & -pflege | Rechtsform: Gesellschaft mit beschränkter Haftung'),
('8b631524-66e1-4c3d-babf-ff70de5308be', 'e0d3304d-7fc2-465f-b75a-2171b0da3df2', 'KALTAKQUISE', 'ACTIVE', 0, 'Funktion: Geschäftsführer/in (CEO) | Mitarbeiter: 1 bis 10 | Branche: Energieindustrie / Nachhaltigkeitsbereich / Solar & Photovoltaik | Rechtsform: Gesellschaft mit beschränkter Haftung'),
('4c3a6996-734b-42f2-b725-9a36008fef2a', '622625e9-4018-4fb1-8a11-6f37ededf426', 'KALTAKQUISE', 'ACTIVE', 0, 'Funktion: Geschäftsführer/in (CEO) | Mitarbeiter: 101 bis 500 | Branche: Elektroindustrie | Rechtsform: Aktiengesellschaft'),
('2ee20127-d7a8-427a-ade9-b709c6871356', 'f9878ad3-67f4-4ff7-8489-d535dcc197df', 'KALTAKQUISE', 'ACTIVE', 0, 'Funktion: Geschäftsführer/in (CEO) | Mitarbeiter: 21 bis 50 | Branche: Gartenbau & -pflege'),
('657d3ce2-48e3-4fa3-9be2-22239e9dbe69', '7b29f9cb-adac-455f-9227-7a0177eab5ff', 'KALTAKQUISE', 'ACTIVE', 0, 'Funktion: Geschäftsführer/in (CEO) | Mitarbeiter: 1 bis 10 | Branche: Garagen | Rechtsform: Aktiengesellschaft'),
('54c768c2-8ecd-462e-97bb-cdffafe94e49', 'ae5e51c6-863f-42b8-b782-b1e5e51cacb9', 'KALTAKQUISE', 'ACTIVE', 0, 'Funktion: Geschäftsführer/in (CEO) | Mitarbeiter: 1 bis 10 | Branche: Hofläden & Bauernhöfe'),
('93763e4c-8b56-427d-b126-ac7a1945280b', '1602ab07-f54f-4e63-a086-9fe4a44735b0', 'KALTAKQUISE', 'ACTIVE', 0, 'Funktion: Inhaber/in (Owner/Founder) | Mitarbeiter: 1 bis 10 | Branche: Schreinerei- & Holzbaubetriebe'),
('d03d89d3-3572-4a9e-ae0d-7be2d192217d', '51f95edf-0364-4076-8677-42fe77aa8a38', 'KALTAKQUISE', 'ACTIVE', 0, 'Funktion: Geschäftsführer/in (CEO) | Mitarbeiter: 21 bis 50 | Branche: Gartenbau & -pflege'),
('ac6908af-d099-4735-8eb5-fe6ff0fbd784', '81fdbc93-7c62-40ea-b0e0-819e75fc1c43', 'KALTAKQUISE', 'ACTIVE', 0, 'Funktion: Geschäftsführer/in (CEO) | Mitarbeiter: 11 bis 20 | Branche: Gartenbau & -pflege | Rechtsform: Aktiengesellschaft'),
('83df98bc-ea03-4807-886d-ca97bbbb7807', 'eb484b66-8040-4461-bb83-f6dfb2b87c99', 'KALTAKQUISE', 'ACTIVE', 0, 'Funktion: Geschäftsführer/in (CEO) | Mitarbeiter: 1 bis 10 | Branche: Spitex'),
('727ed9cf-66e5-4e43-a28e-8c3b107a8787', 'db9013d9-943f-4458-8fde-12519fe6a68a', 'KALTAKQUISE', 'ACTIVE', 0, 'Funktion: Geschäftsführer/in (CEO) | Mitarbeiter: 11 bis 20 | Branche: Sanitär & Haustechnik | Rechtsform: Aktiengesellschaft'),
('2e4dea8a-0de2-44ff-b6e8-2e28fa19a8ad', '35fd9c8d-804a-485d-be8d-c9031b8686a0', 'KALTAKQUISE', 'ACTIVE', 0, 'Funktion: Geschäftsführer/in (CEO) | Mitarbeiter: 1 bis 10 | Branche: Logistik- & Transportunternehmen | Rechtsform: Gesellschaft mit beschränkter Haftung'),
('286118aa-8e44-411c-ad6a-bddcc649b71f', '00686cd1-eb79-47b1-867c-be0931f300e6', 'KALTAKQUISE', 'ACTIVE', 0, 'Funktion: Geschäftsführer/in (CEO) | Mitarbeiter: 1 bis 10 | Branche: Treuhandbüros | Rechtsform: Einzelunternehmen'),
('54bfe87e-0152-4253-a4d2-f9bd1649d479', 'c8e22ff2-6246-4d4b-982c-5325dbe6d836', 'KALTAKQUISE', 'ACTIVE', 0, 'Funktion: Geschäftsführer/in (CEO) | Mitarbeiter: 1 bis 10 | Branche: Logistik- & Transportunternehmen | Rechtsform: Aktiengesellschaft'),
('fd3f58a5-f5d7-4435-9eb6-ba00ee5b9588', '15dab752-9c42-4fb7-959c-420028111d05', 'KALTAKQUISE', 'ACTIVE', 0, 'Funktion: Geschäftsführer/in (CEO) | Mitarbeiter: 1 bis 10 | Branche: Spielwaren- & Babyfachhandel | Rechtsform: Aktiengesellschaft'),
('153fbde5-86f9-488f-8310-776570d06756', 'e47f4b57-5f04-4fa7-bc19-c66519af040c', 'KALTAKQUISE', 'ACTIVE', 0, 'Funktion: Geschäftsführer/in (CEO) | Mitarbeiter: 1 bis 10 | Branche: Immobilienvermittlung / Immobilienprojektentwicklung | Rechtsform: Gesellschaft mit beschränkter Haftung'),
('fc086be4-28fd-4582-b76a-462bdf00f4c9', '8e21a8b2-80f4-4647-8e15-9beafdd19982', 'KALTAKQUISE', 'ACTIVE', 0, 'Funktion: Geschäftsführer/in (CEO) | Mitarbeiter: 11 bis 20 | Branche: Restaurants'),
('fd7c3e3c-624d-4a52-a7dd-c1588562d9df', '8ed2a9a0-b880-4cbc-a272-33e0db043376', 'KALTAKQUISE', 'ACTIVE', 0, 'Funktion: Geschäftsführer/in (CEO) | Mitarbeiter: 11 bis 20 | Branche: Online Shops / Restaurants | Rechtsform: Aktiengesellschaft'),
('ad596a02-63ab-4653-89d5-e48c98c9efe9', 'e6153877-8fed-4a1b-9826-a95c7083d443', 'KALTAKQUISE', 'ACTIVE', 0, 'Funktion: Geschäftsführer/in (CEO) | Mitarbeiter: 1 bis 10 | Branche: Textil- & Möbelindustrie | Rechtsform: Einzelunternehmen'),
('3a4b78d3-b2c0-4d32-b500-e1891e831318', 'df1126e2-ddaf-44bb-a577-5602bdc0b3cb', 'KALTAKQUISE', 'ACTIVE', 0, 'Funktion: Geschäftsführer/in (CEO) | Mitarbeiter: 1 bis 10 | Branche: Metallbauer | Rechtsform: Aktiengesellschaft'),
('1d9d24a2-4d33-473b-82ff-66b244e6421d', '85de5621-db58-4c96-bb74-c7b1cdddd3b3', 'KALTAKQUISE', 'ACTIVE', 0, 'Funktion: Geschäftsführer/in (CEO) | Mitarbeiter: 1 bis 10 | Branche: Facility Management & Reinigungsfirmen | Rechtsform: Gesellschaft mit beschränkter Haftung'),
('4fc1b75c-74e0-4176-adf9-4b5f3036632d', 'b6f85ec2-2518-410c-a39f-fed992f04026', 'KALTAKQUISE', 'ACTIVE', 0, 'Funktion: Geschäftsführer/in (CEO) | Mitarbeiter: 1 bis 10 | Branche: Versicherungsbroker & -makler | Rechtsform: Gesellschaft mit beschränkter Haftung'),
('9af652e7-d3fc-45fa-bd26-c4b6867130b1', '3b925727-730b-4160-a3ca-c69fade4f924', 'KALTAKQUISE', 'ACTIVE', 0, 'Funktion: Geschäftsführer/in (CEO) | Mitarbeiter: Mehr als 500 | Branche: Nachhaltigkeitsbereich | Rechtsform: Gesellschaft mit beschränkter Haftung'),
('914c8749-0124-45d4-98b0-99acecb450f2', 'f520d755-61f3-43a6-a96b-3e7004703ce1', 'KALTAKQUISE', 'ACTIVE', 0, 'Funktion: Geschäftsführer/in (CEO) | Mitarbeiter: 11 bis 20 | Branche: Elektroindustrie | Rechtsform: Aktiengesellschaft'),
('78529a11-f733-4797-914e-12afe009d513', '75ce50ba-4d61-4f9f-966e-8d2323bc8e97', 'KALTAKQUISE', 'ACTIVE', 0, 'Funktion: Geschäftsführer/in (CEO) | Mitarbeiter: 21 bis 50 | Branche: Maschinenbauindustrie | Rechtsform: Aktiengesellschaft'),
('394eed03-de7c-43cc-9792-ca0b0a4b1b8d', '71a3c4fe-354b-4163-8dcc-236c92b29b1f', 'KALTAKQUISE', 'ACTIVE', 0, 'Funktion: Geschäftsführer/in (CEO) | Mitarbeiter: 1 bis 10 | Branche: Architekturbüros | Rechtsform: Aktiengesellschaft'),
('518347de-c705-4e25-a06b-f99b2d9c3734', 'cdbef2ef-2416-4589-b145-e9a25347f6b6', 'KALTAKQUISE', 'ACTIVE', 0, 'Funktion: Geschäftsführer/in (CEO) | Mitarbeiter: 1 bis 10 | Branche: Innenausstatter'),
('2d9b5e9d-db16-470d-b767-7eeeabb2637a', '3e15464f-9f49-46c1-8daa-ad206a24ba0b', 'KALTAKQUISE', 'ACTIVE', 0, 'Funktion: Geschäftsführer/in (CEO) | Mitarbeiter: 1 bis 10 | Branche: Innenausstatter'),
('9511de28-a2ee-417f-99df-c1194865ca2e', 'b150068c-f53e-4898-af06-c5725b620210', 'KALTAKQUISE', 'ACTIVE', 0, 'Funktion: Geschäftsführer/in (CEO) | Mitarbeiter: 1 bis 10 | Branche: Innenausstatter'),
('a2fdbca1-5d2c-4f18-b60d-744941a0ade2', '63ea9a7a-bb3d-49c1-a5b0-0869b1605dfd', 'KALTAKQUISE', 'ACTIVE', 0, 'Funktion: Geschäftsführer/in (CEO) | Mitarbeiter: 1 bis 10 | Branche: Innenausstatter | Rechtsform: Einzelunternehmen'),
('128ff3a2-9a22-4d8b-9dc8-e63c73102508', '5af1a6ff-c652-473f-be29-f2f9032053d5', 'KALTAKQUISE', 'ACTIVE', 0, 'Funktion: Geschäftsführer/in (CEO) | Mitarbeiter: 1 bis 10 | Branche: Energieindustrie | Rechtsform: Aktiengesellschaft'),
('05a2aede-124b-4c23-a157-18b6c374fa91', '1b6713ba-6fde-412f-80fb-8f45187b5ca3', 'KALTAKQUISE', 'ACTIVE', 0, 'Funktion: Geschäftsführer/in (CEO) | Mitarbeiter: 1 bis 10 | Branche: Versicherungsbroker & -makler | Rechtsform: Gesellschaft mit beschränkter Haftung'),
('3ac8a4c1-af58-4154-9f46-449d0ecf5bd5', 'b148774d-2ca5-44b3-9d7e-b01ecfa77ea5', 'KALTAKQUISE', 'ACTIVE', 0, 'Funktion: Geschäftsführer/in (CEO) | Mitarbeiter: 1 bis 10 | Branche: Boden- & Plattenleger'),
('542a6f0d-151f-4866-8417-b5a2533c356c', '5ec7003e-e278-4767-b2a8-e3d6dc2fba83', 'KALTAKQUISE', 'ACTIVE', 0, 'Funktion: Geschäftsführer/in (CEO) | Mitarbeiter: 21 bis 50 | Branche: Gartenbau & -pflege'),
('efc165a1-b26c-4921-8ad8-556ba1879c33', '5b1c6858-13ee-4819-8e3b-a6c89fe00d4a', 'KALTAKQUISE', 'ACTIVE', 0, 'Funktion: Geschäftsführer/in (CEO) | Mitarbeiter: 1 bis 10 | Branche: Schreinerei- & Holzbaubetriebe'),
('c68670ff-e428-435d-aa67-79431705c66c', 'f8a53e23-9028-4a65-b2af-304646e7cd82', 'KALTAKQUISE', 'ACTIVE', 0, 'Funktion: Geschäftsführer/in (CEO) | Mitarbeiter: 1 bis 10 | Branche: Hofläden & Bauernhöfe'),
('dd56da7f-71f1-475a-8089-cdd32c821fb7', '3f1a63dc-807f-4a38-b8c2-0ac030579d03', 'KALTAKQUISE', 'ACTIVE', 0, 'Funktion: Geschäftsführer/in (CEO) | Mitarbeiter: 21 bis 50 | Branche: Schreinerei- & Holzbaubetriebe | Rechtsform: Aktiengesellschaft'),
('614cd87c-1391-4f66-9cd0-2b76a9599aa8', '6591ddbe-f077-4a38-851b-e4f365212034', 'KALTAKQUISE', 'ACTIVE', 0, 'Funktion: Geschäftsführer/in (CEO) | Mitarbeiter: 11 bis 20 | Branche: Schreinerei- & Holzbaubetriebe / Glas-, Keramik-, Stein- & Baustoffindustrie / Kunststoffindustrie | Rechtsform: Aktiengesellschaft'),
('e965889c-0e3e-476d-b8d6-74bb53171ab3', 'e598e20c-723d-41ff-85d0-28d17daad3cb', 'KALTAKQUISE', 'ACTIVE', 0, 'Funktion: Geschäftsführer/in (CEO) | Mitarbeiter: 1 bis 10 | Branche: Schreinerei- & Holzbaubetriebe'),
('48966a18-7f63-42a7-a01d-882c4e333a66', '51ab7cb5-e5dd-4e55-a6e0-ce7a2eae675f', 'KALTAKQUISE', 'ACTIVE', 0, 'Funktion: Geschäftsführer/in (CEO) | Mitarbeiter: 1 bis 10 | Branche: Schreinerei- & Holzbaubetriebe'),
('9fb0cb71-5697-448c-80c0-ea4818f44125', '1b43ebdb-c8ae-4b15-9bdc-72a507b43d5b', 'KALTAKQUISE', 'ACTIVE', 0, 'Funktion: Geschäftsführer/in (CEO) | Mitarbeiter: 1 bis 10 | Branche: Schreinerei- & Holzbaubetriebe'),
('00c8059c-c55d-4f87-8925-d060dae7a130', 'db62818d-a9de-4f41-a5ca-5fbdcff0bd6a', 'KALTAKQUISE', 'ACTIVE', 0, 'Funktion: Geschäftsführer/in (CEO) | Mitarbeiter: 1 bis 10 | Branche: Schreinerei- & Holzbaubetriebe | Rechtsform: Einzelunternehmen'),
('d48a14ca-5d2d-4de7-85aa-74232c4a647e', '12b8b3e2-cc59-4a14-8ce5-ddf70fb710f0', 'KALTAKQUISE', 'ACTIVE', 0, 'Funktion: Geschäftsführer/in (CEO) | Mitarbeiter: 1 bis 10 | Branche: Schreinerei- & Holzbaubetriebe'),
('9ef4c901-8313-4f5c-8a77-f767fcc493e2', 'ffa0bd5a-9e37-4f0e-98e8-2d1fc4292f6a', 'KALTAKQUISE', 'ACTIVE', 0, 'Funktion: Geschäftsführer/in (CEO) | Mitarbeiter: 1 bis 10 | Branche: Schreinerei- & Holzbaubetriebe | Rechtsform: Aktiengesellschaft'),
('95026cb5-6eb6-473a-b383-2969f50275e9', '909ec752-470c-4759-8b4a-b7d9bf0ce7b5', 'KALTAKQUISE', 'ACTIVE', 0, 'Funktion: Geschäftsführer/in (CEO) | Mitarbeiter: 21 bis 50 | Branche: Schreinerei- & Holzbaubetriebe'),
('6d4df3ab-7774-437e-b7fe-67cb3a6adc80', 'bebe27fe-a361-4d9a-9840-3747cd30a3ac', 'KALTAKQUISE', 'ACTIVE', 0, 'Funktion: Inhaber/in (Owner/Founder) | Mitarbeiter: 1 bis 10 | Branche: Schreinerei- & Holzbaubetriebe'),
('fe29d55c-a710-4e3a-b9a7-0777215cf952', 'd95e167a-7427-4d57-bb3e-259b8f3d53ec', 'KALTAKQUISE', 'ACTIVE', 0, 'Funktion: Geschäftsführer/in (CEO) | Mitarbeiter: 1 bis 10 | Branche: Schreinerei- & Holzbaubetriebe | Rechtsform: Gesellschaft mit beschränkter Haftung'),
('bb8330ec-3ce3-49fd-a257-fbeb18bbde31', 'e052e449-1044-4e32-a233-6af387ee2a0c', 'KALTAKQUISE', 'ACTIVE', 0, 'Funktion: Geschäftsführer/in (CEO) | Mitarbeiter: 11 bis 20 | Branche: Schreinerei- & Holzbaubetriebe | Rechtsform: Aktiengesellschaft'),
('94c618ef-f4b3-4a76-92b7-8d254b7723b8', 'b9d5ff27-f60d-4998-85c2-e72d60f868f9', 'KALTAKQUISE', 'ACTIVE', 0, 'Funktion: Geschäftsführer/in (CEO) | Mitarbeiter: 1 bis 10 | Branche: Schreinerei- & Holzbaubetriebe'),
('1471292e-fca5-459e-98fd-0afd7e7de5f9', 'f682dbfe-c5dc-45a3-bdfe-321768590ad2', 'KALTAKQUISE', 'ACTIVE', 0, 'Funktion: Geschäftsführer/in (CEO) | Mitarbeiter: 1 bis 10 | Branche: Schreinerei- & Holzbaubetriebe'),
('0cfab2db-f5a4-493b-8844-3433e638ce6a', '055f8a16-e732-447b-add4-bc6ad48dbabf', 'KALTAKQUISE', 'ACTIVE', 0, 'Funktion: Geschäftsführer/in (CEO) | Mitarbeiter: 1 bis 10 | Branche: Schreinerei- & Holzbaubetriebe'),
('40f189be-cc30-4003-bf8c-ba33fe842144', 'd7b520c7-2b26-4e56-9770-2e0e92b801a1', 'KALTAKQUISE', 'ACTIVE', 0, 'Funktion: Geschäftsführer/in (CEO) | Mitarbeiter: 1 bis 10 | Branche: Schreinerei- & Holzbaubetriebe | Rechtsform: Gesellschaft mit beschränkter Haftung'),
('1ba2d478-8265-4f5e-b113-90cc3941ce81', 'c63f861e-c4b7-4862-bc1d-1b290c5362b0', 'KALTAKQUISE', 'ACTIVE', 0, 'Funktion: Geschäftsführer/in (CEO) | Mitarbeiter: 21 bis 50 | Branche: Schreinerei- & Holzbaubetriebe | Rechtsform: Aktiengesellschaft'),
('da04f8a1-a96c-4ca3-a95b-17c690fe6281', '3f94275f-714a-4f37-912e-7494b2390430', 'KALTAKQUISE', 'ACTIVE', 0, 'Funktion: Geschäftsführer/in (CEO) | Mitarbeiter: 1 bis 10 | Branche: Facility Management & Reinigungsfirmen | Rechtsform: Einzelunternehmen'),
('27db7c21-0c8a-4b20-a3fe-0289a311d9d0', '76e8f9ef-ace0-402b-8b98-e9a5a9d74ea5', 'KALTAKQUISE', 'ACTIVE', 0, 'Funktion: Geschäftsführer/in (CEO) | Mitarbeiter: 11 bis 20 | Branche: Bauingenieurbüros | Rechtsform: Aktiengesellschaft'),
('c5db30f8-c5a9-4359-8514-84f2ed37cbe1', '01fae46e-ba73-4fc4-94d2-314f5b073ca5', 'KALTAKQUISE', 'ACTIVE', 0, 'Funktion: Geschäftsführer/in (CEO) | Mitarbeiter: 11 bis 20 | Branche: Chemieindustrie | Rechtsform: Aktiengesellschaft'),
('0f80897a-299f-4e70-a70e-4db22100ac4f', '73581ef8-bb72-4c97-a058-70157523eaaa', 'KALTAKQUISE', 'ACTIVE', 0, 'Funktion: Geschäftsführer/in (CEO) | Mitarbeiter: Mehr als 500 | Branche: Maschinenbauindustrie / Metallbauer | Rechtsform: Aktiengesellschaft'),
('0f118787-aa66-4142-94e0-977f0a05ddbd', '10190fd6-f2f8-462e-85a3-3b43cb5261a0', 'KALTAKQUISE', 'ACTIVE', 0, 'Funktion: Geschäftsführer/in (CEO) | Mitarbeiter: 1 bis 10 | Branche: Maschinenbauindustrie | Rechtsform: Aktiengesellschaft'),
('8ae9018e-8467-4f89-8c6b-28d8489a7e1d', 'c9daf5d3-798d-4ebb-b8e1-a641429e75e6', 'KALTAKQUISE', 'ACTIVE', 0, 'Funktion: Geschäftsführer/in (CEO) | Mitarbeiter: 1 bis 10 | Branche: Metallbauer | Rechtsform: Aktiengesellschaft'),
('507d2757-c1d6-494e-8c56-6d4ca4281ac4', '0df6643d-b9e7-4b97-93b6-e25d0a69b239', 'KALTAKQUISE', 'ACTIVE', 0, 'Funktion: Geschäftsführer/in (CEO) | Mitarbeiter: 1 bis 10 | Branche: Logistik- & Transportunternehmen | Rechtsform: Gesellschaft mit beschränkter Haftung'),
('c10ad79f-c077-4536-8520-5f70ee4c5acf', '3f740d2c-db23-47a5-af35-8b419893ad39', 'KALTAKQUISE', 'ACTIVE', 0, 'Funktion: Geschäftsführer/in (CEO) | Mitarbeiter: 11 bis 20 | Branche: Online Shops'),
('c70ecfaa-3568-4b0d-92a2-ba35895e3339', 'd427ceaf-5c53-44fe-bb68-37066ac2dae7', 'KALTAKQUISE', 'ACTIVE', 0, 'Funktion: Geschäftsführer/in (CEO) | Mitarbeiter: 21 bis 50 | Branche: Treuhandbüros | Rechtsform: Aktiengesellschaft'),
('820dab60-2c9f-4fc3-a3e4-64df70a42056', '07bc2264-f7d7-48e5-b446-1e272c779784', 'KALTAKQUISE', 'ACTIVE', 0, 'Funktion: Geschäftsführer/in (CEO) | Mitarbeiter: 1 bis 10 | Branche: Schreinerei- & Holzbaubetriebe'),
('0d1a5037-4744-4a5d-b482-4caba8ede53a', '28b542d2-a71a-42ac-8a50-8b8afa016b9a', 'KALTAKQUISE', 'ACTIVE', 0, 'Funktion: Geschäftsführer/in (CEO) | Mitarbeiter: 1 bis 10 | Branche: Hofläden & Bauernhöfe'),
('c3ec0dc9-c4af-42a4-b578-232c8ad2a4a8', '069c796f-6b37-4d78-80ee-ccd972964ed1', 'KALTAKQUISE', 'ACTIVE', 0, 'Funktion: Geschäftsführer/in (CEO) | Mitarbeiter: 1 bis 10 | Branche: Nachhaltigkeitsbereich'),
('073cd944-cc5f-4c1f-91bf-d432c92d5037', 'dc543fe6-42ad-42a3-9afb-7066c9fb4e27', 'KALTAKQUISE', 'ACTIVE', 0, 'Funktion: Geschäftsführer/in (CEO) | Mitarbeiter: 1 bis 10 | Branche: Bau- & Projektmanagement / Immobilienverwaltung / Immobilienprojektentwicklung / Bauherrenvertretung'),
('c61406fe-4265-4ff8-b948-4c3f32ad0c29', 'b9091f42-3d1a-4422-8a94-46cf96dc2fe5', 'KALTAKQUISE', 'ACTIVE', 0, 'Funktion: Geschäftsführer/in (CEO) | Mitarbeiter: 1 bis 10 | Branche: Schreinerei- & Holzbaubetriebe | Rechtsform: Gesellschaft mit beschränkter Haftung'),
('fc0e9b51-833e-4a5d-9c39-81b355c5f873', '10083c85-d06c-4483-82a8-e0941b317e6a', 'KALTAKQUISE', 'ACTIVE', 0, 'Funktion: Geschäftsführer/in (CEO) | Mitarbeiter: 21 bis 50 | Branche: Maschinenbauindustrie | Rechtsform: Aktiengesellschaft'),
('499f7972-78d2-43a7-afc7-69b47f689bf9', '8e07e2f3-14c3-4b3d-8445-6e0628eaad73', 'KALTAKQUISE', 'ACTIVE', 0, 'Funktion: Gesamtleitung/Direktion | Mitarbeiter: 1 bis 10 | Branche: Beherbergungsstätten'),
('602886a7-9f84-460e-8fbd-93e1e3b68fb6', '85e98b16-7e89-426f-8652-68e989071174', 'KALTAKQUISE', 'ACTIVE', 0, 'Funktion: Geschäftsführer/in (CEO) | Mitarbeiter: Mehr als 500 | Branche: Top 2''000 CH-Unternehmen | Rechtsform: Aktiengesellschaft'),
('ddacca5e-0df4-478a-bca8-10b89baa4065', '684c1778-a21f-4d1f-b0d6-df8863941fb7', 'KALTAKQUISE', 'ACTIVE', 0, 'Funktion: Geschäftsführer/in (CEO) | Mitarbeiter: 1 bis 10 | Branche: Architekturbüros / Bau- & Projektmanagement / General- & Totalunternehmungen | Rechtsform: Aktiengesellschaft'),
('c03f5cfe-07b0-48d8-bc69-4ac6d0fde06e', 'd773e29d-efdd-4a96-9f3d-51771c6c0d4e', 'KALTAKQUISE', 'ACTIVE', 0, 'Funktion: Geschäftsführer/in (CEO) | Mitarbeiter: 51 bis 100 | Branche: Family Offices / Fonds & sonstige Finanzinstitute / Private Equity & Venture Capital Firmen / Externe Vermögensverwalter | Rechtsform: Aktiengesellschaft'),
('12efc966-f808-4b3e-a09f-40ab10422b2d', '88a810d8-718c-4f79-bc97-e1a512840891', 'KALTAKQUISE', 'ACTIVE', 0, 'Funktion: Geschäftsführer/in (CEO) | Mitarbeiter: 11 bis 20 | Branche: Camping / Restaurants / Schwimmbäder'),
('f0d6fe9b-618a-4f18-901b-c766b1216599', '5fe1fb3c-665f-42e3-ab63-c35a80c34ff2', 'KALTAKQUISE', 'ACTIVE', 0, 'Funktion: Gesamtleitung/Direktion | Mitarbeiter: 1 bis 10 | Branche: Hotels | Rechtsform: Genossenschaft'),
('576f7297-178a-4a78-a54f-4760666701db', '488f0178-39e9-4a18-b245-1c6a2330e866', 'KALTAKQUISE', 'ACTIVE', 0, 'Funktion: Gesamtleitung/Direktion | Mitarbeiter: 1 bis 10 | Branche: Beherbergungsstätten'),
('534f035d-0a83-4a39-a9a4-fd7f9e8a84bf', '1b5cdad8-4f91-41a9-85d3-0d6c05a374b3', 'KALTAKQUISE', 'ACTIVE', 0, 'Funktion: Geschäftsführer/in (CEO) | Mitarbeiter: 21 bis 50 | Branche: Berg- & Seilbahnen | Rechtsform: Aktiengesellschaft'),
('5b6b92a6-63fd-4ec8-8f04-58ee82081a45', '37066c99-eddf-4f0f-af1f-e0ce5b071e2f', 'KALTAKQUISE', 'ACTIVE', 0, 'Funktion: Geschäftsführer/in (CEO) | Mitarbeiter: 1 bis 10 | Branche: Camping'),
('4ad37dd4-c0ea-4b80-b5c1-fd96f099c854', 'dddd31ab-a316-4fb9-b822-00cb1fb61751', 'KALTAKQUISE', 'ACTIVE', 0, 'Funktion: Gesamtleitung/Direktion | Mitarbeiter: 1 bis 10 | Branche: Beherbergungsstätten'),
('cbb77813-604d-4a65-a45c-3bb3110c7c36', '1e6c5ecc-afd8-4c96-953e-7a5f07815953', 'KALTAKQUISE', 'ACTIVE', 0, 'Funktion: Geschäftsführer/in (CEO) | Mitarbeiter: 21 bis 50 | Branche: Hotels'),
('6da16185-895e-4fd5-94c1-ffcd59f00482', '849c3d22-5f7c-4989-892c-8fb709d6d710', 'KALTAKQUISE', 'ACTIVE', 0, 'Funktion: Gesamtleitung/Direktion | Mitarbeiter: 1 bis 10 | Branche: Beherbergungsstätten'),
('69f2a563-e433-4cc8-b6d5-50f357b97a5a', '426357a7-87ae-4999-bddc-3a0e85d6aef2', 'KALTAKQUISE', 'ACTIVE', 0, 'Funktion: Gesamtleitung/Direktion | Mitarbeiter: 1 bis 10 | Branche: Beherbergungsstätten'),
('42424aac-08ca-4f08-b511-cd8cf2b1b86d', '6e4d1917-adab-4c34-83fe-593c74da5f1e', 'KALTAKQUISE', 'ACTIVE', 0, 'Funktion: Gesamtleitung/Direktion | Mitarbeiter: 1 bis 10 | Branche: Beherbergungsstätten'),
('3153c3fd-612c-4236-9284-5eb5589f1845', 'b0e0b0af-a0c4-426a-b2e2-29fca8109372', 'KALTAKQUISE', 'ACTIVE', 0, 'Funktion: Gesamtleitung/Direktion | Mitarbeiter: 1 bis 10 | Branche: Beherbergungsstätten | Rechtsform: Einzelunternehmen'),
('4a3a1b6f-eb24-4edf-9690-20b475b6d60d', '8f50c6a9-7fe2-436c-a8f2-1c2e41c10ed9', 'KALTAKQUISE', 'ACTIVE', 0, 'Funktion: Gesamtleitung/Direktion | Mitarbeiter: 1 bis 10 | Branche: Beherbergungsstätten'),
('af7dcf9c-7307-4c9d-ad7a-5e89d7b7b335', '9399adb6-ec62-43eb-8235-1b7721cc34ef', 'KALTAKQUISE', 'ACTIVE', 0, 'Funktion: Gesamtleitung/Direktion | Mitarbeiter: 1 bis 10 | Branche: Beherbergungsstätten'),
('9c33d090-fb50-44fc-b9f5-de52b809e907', '9fa8cacb-37a0-4900-b4f8-a85e90ab8d2c', 'KALTAKQUISE', 'ACTIVE', 0, 'Funktion: Gesamtleitung/Direktion | Mitarbeiter: 1 bis 10 | Branche: Beherbergungsstätten'),
('f85eab40-20ac-4084-a375-20e792a8f660', '315aaf03-de40-43fb-87ec-2c59057832cf', 'KALTAKQUISE', 'ACTIVE', 0, 'Funktion: Gesamtleitung/Direktion | Mitarbeiter: 1 bis 10 | Branche: Beherbergungsstätten'),
('3a0fac0b-55c7-4ba6-be6a-a8244c1abe11', 'aef129ce-06b5-47be-847c-cae880911b32', 'KALTAKQUISE', 'ACTIVE', 0, 'Funktion: Gesamtleitung/Direktion | Mitarbeiter: 1 bis 10 | Branche: Beherbergungsstätten'),
('4c284313-8c2c-483a-aa37-9dc6c90d56cc', '339b36ac-f3fb-41d9-ac03-722e75d68020', 'KALTAKQUISE', 'ACTIVE', 0, 'Funktion: Gesamtleitung/Direktion | Mitarbeiter: 1 bis 10 | Branche: Beherbergungsstätten'),
('0aa2dd62-c2da-4775-ab32-f05f51db3d5c', '646cf10f-aa25-457f-a1b1-befe38a96566', 'KALTAKQUISE', 'ACTIVE', 0, 'Funktion: Gesamtleitung/Direktion | Mitarbeiter: 1 bis 10 | Branche: Beherbergungsstätten'),
('788f3fbd-2088-4712-b888-db76e14ae20c', '8b09edab-afc2-4da2-b29e-447eda3a877e', 'KALTAKQUISE', 'ACTIVE', 0, 'Funktion: Gesamtleitung/Direktion | Mitarbeiter: 1 bis 10 | Branche: Beherbergungsstätten'),
('fa48085b-71ea-469d-85e0-6dcf88e9e619', '44074466-187e-44b5-82ef-910ece3bf29b', 'KALTAKQUISE', 'ACTIVE', 0, 'Funktion: Gesamtleitung/Direktion | Mitarbeiter: 1 bis 10 | Branche: Beherbergungsstätten'),
('2bfe5b78-9bc2-483f-8cf9-fa7d24588433', '87f1cecc-fdb7-4776-a511-bbeac1ac459a', 'KALTAKQUISE', 'ACTIVE', 0, 'Funktion: Gesamtleitung/Direktion | Mitarbeiter: 1 bis 10 | Branche: Beherbergungsstätten'),
('8c954f4b-5503-47de-8a7b-74fc6ab9303b', '01c1475c-d307-48de-8ae1-837d2b115874', 'KALTAKQUISE', 'ACTIVE', 0, 'Funktion: Gesamtleitung/Direktion | Mitarbeiter: 1 bis 10 | Branche: Beherbergungsstätten'),
('df5a3e81-2b36-4373-81d0-aef629106ce8', 'c652394e-a108-4095-9554-f26929eab021', 'KALTAKQUISE', 'ACTIVE', 0, 'Funktion: Gesamtleitung/Direktion | Mitarbeiter: 1 bis 10 | Branche: Beherbergungsstätten | Rechtsform: Aktiengesellschaft'),
('f5cf2fc2-4582-44e0-a866-c2bc3ec51854', '64faf8ec-c5b2-4544-a717-b3811206bdc8', 'KALTAKQUISE', 'ACTIVE', 0, 'Funktion: Gesamtleitung/Direktion | Mitarbeiter: 1 bis 10 | Branche: Beherbergungsstätten'),
('e942df73-fb46-494e-a1e6-0592a012079c', 'b8ceef44-7d71-471d-9954-f62e92f10c62', 'KALTAKQUISE', 'ACTIVE', 0, 'Funktion: Gesamtleitung/Direktion | Mitarbeiter: 1 bis 10 | Branche: Beherbergungsstätten'),
('5fb130e2-a8da-4d6b-abc4-e5d4d42c8a27', '35e7de22-4b91-48ff-af63-289732272288', 'KALTAKQUISE', 'ACTIVE', 0, 'Funktion: Gesamtleitung/Direktion | Mitarbeiter: 1 bis 10 | Branche: Beherbergungsstätten'),
('be7fc334-cc69-4b6b-a38b-feb23eea03c3', '063580bd-f305-4148-8d47-b07c35decbdd', 'KALTAKQUISE', 'ACTIVE', 0, 'Funktion: Gesamtleitung/Direktion | Mitarbeiter: 1 bis 10 | Branche: Beherbergungsstätten'),
('df67cb77-1d15-4cc6-ae1c-ea6f48b36053', '9fa71dac-6e76-4c92-8774-adfb30107229', 'KALTAKQUISE', 'ACTIVE', 0, 'Funktion: Gesamtleitung/Direktion | Mitarbeiter: 1 bis 10 | Branche: Beherbergungsstätten'),
('2ed24840-1fea-4b9c-bf5c-c12f6d44e9d4', '36e56aa7-b2ca-43a9-9bd4-ced34db6b410', 'KALTAKQUISE', 'ACTIVE', 0, 'Funktion: Gesamtleitung/Direktion | Mitarbeiter: 1 bis 10 | Branche: Beherbergungsstätten'),
('b506b477-d406-47d2-bce1-86cc8df4910e', '925ff2a9-daf9-47e9-88ec-1c42c1bc3acc', 'KALTAKQUISE', 'ACTIVE', 0, 'Funktion: Gesamtleitung/Direktion | Mitarbeiter: 1 bis 10 | Branche: Beherbergungsstätten'),
('3ae1a4f6-a54d-4e99-b599-7e36a02e7de3', '373dbb9c-7a6c-4511-bdcc-5910168f829e', 'KALTAKQUISE', 'ACTIVE', 0, 'Funktion: Gesamtleitung/Direktion | Mitarbeiter: 1 bis 10 | Branche: Beherbergungsstätten'),
('24ccd85f-3e38-4d8a-93f8-eef203707f69', '0882dd75-f73e-4a64-be80-9a3b821fbdf8', 'KALTAKQUISE', 'ACTIVE', 0, 'Funktion: Gesamtleitung/Direktion | Mitarbeiter: 1 bis 10 | Branche: Beherbergungsstätten'),
('a1d43c29-974c-4e66-9f53-71e201759c96', '88a59151-3410-4330-b6c0-b12e52ac2361', 'KALTAKQUISE', 'ACTIVE', 0, 'Funktion: Gesamtleitung/Direktion | Mitarbeiter: 1 bis 10 | Branche: Beherbergungsstätten'),
('6ebf8d2a-4e1b-4b03-a718-93c044b01010', 'c1683879-3e92-4257-94f7-179644bfcc6b', 'KALTAKQUISE', 'ACTIVE', 0, 'Funktion: Gesamtleitung/Direktion | Mitarbeiter: 1 bis 10 | Branche: Beherbergungsstätten'),
('151009ae-e394-4e28-adda-2b74cf5844d9', '3a58c6ae-ccb7-4c4f-b3b8-a6169eec0ae1', 'KALTAKQUISE', 'ACTIVE', 0, 'Funktion: Gesamtleitung/Direktion | Mitarbeiter: 1 bis 10 | Branche: Beherbergungsstätten'),
('da93d018-9d5a-4d6c-8833-5635eb95041b', '73b98984-9384-4731-bb1d-f0f0c8528001', 'KALTAKQUISE', 'ACTIVE', 0, 'Funktion: Gesamtleitung/Direktion | Mitarbeiter: 1 bis 10 | Branche: Beherbergungsstätten'),
('90d433f6-6e13-4f0a-85ce-921f4ab44ca0', 'c67d339d-8b0b-4f33-9891-8cbb2173d46c', 'KALTAKQUISE', 'ACTIVE', 0, 'Funktion: Gesamtleitung/Direktion | Mitarbeiter: 1 bis 10 | Branche: Beherbergungsstätten'),
('be537536-9b2f-4e1e-b73c-95b114e7e973', '83457e9f-abd5-4751-9d92-b936b8b6c8c7', 'KALTAKQUISE', 'ACTIVE', 0, 'Funktion: Gesamtleitung/Direktion | Mitarbeiter: 1 bis 10 | Branche: Beherbergungsstätten'),
('9876961c-90d8-42f3-bd0b-1a1375928ef1', '6e1e2e4c-fad8-4a74-af66-689b55d1936b', 'KALTAKQUISE', 'ACTIVE', 0, 'Funktion: Gesamtleitung/Direktion | Mitarbeiter: 1 bis 10 | Branche: Beherbergungsstätten'),
('b7a0ae1c-27cc-41ee-a70b-2a9c7ca5c864', '9f74ab52-9f8a-4e9b-be19-3fdbed5e5cb5', 'KALTAKQUISE', 'ACTIVE', 0, 'Funktion: Gesamtleitung/Direktion | Mitarbeiter: 1 bis 10 | Branche: Beherbergungsstätten'),
('02bed05a-a54b-4f87-9e6d-11b075c51762', 'ad126864-78cd-4d4b-b54f-e9cfa8bfb9bc', 'KALTAKQUISE', 'ACTIVE', 0, 'Funktion: Gesamtleitung/Direktion | Mitarbeiter: 1 bis 10 | Branche: Beherbergungsstätten'),
('afb1e172-a2c5-4c94-bbc4-3ac7425ed4eb', '1f62421b-debf-4df8-b375-c3ba7a4a98c5', 'KALTAKQUISE', 'ACTIVE', 0, 'Funktion: Gesamtleitung/Direktion | Mitarbeiter: 1 bis 10 | Branche: Beherbergungsstätten'),
('6af5f53b-0eeb-4c85-b5e0-c056b9f10162', 'edeff096-39e8-434b-99a5-f5a67eea2d6c', 'KALTAKQUISE', 'ACTIVE', 0, 'Funktion: Gesamtleitung/Direktion | Mitarbeiter: 1 bis 10 | Branche: Beherbergungsstätten'),
('da33b639-e1ef-4f32-af8b-a8bacc1792ad', '5db82d18-ce43-4206-a795-97ed39766335', 'KALTAKQUISE', 'ACTIVE', 0, 'Funktion: Gesamtleitung/Direktion | Mitarbeiter: 1 bis 10 | Branche: Beherbergungsstätten'),
('6a4ff922-c514-4654-91f5-8c79f201b24c', 'e6744d2c-3218-42d0-8d1e-eee6bd6e3706', 'KALTAKQUISE', 'ACTIVE', 0, 'Funktion: Gesamtleitung/Direktion | Mitarbeiter: 1 bis 10 | Branche: Beherbergungsstätten'),
('5330697c-e042-40cb-b8a5-9cef84541d36', '38fc0f72-bc7f-4bfd-bf1b-72e57b567e8f', 'KALTAKQUISE', 'ACTIVE', 0, 'Funktion: Gesamtleitung/Direktion | Mitarbeiter: 1 bis 10 | Branche: Beherbergungsstätten'),
('3be9ef32-bcda-4239-a1a0-cd5f2fa3a817', '4e65de5a-dd7b-4151-9ad1-1cf7c91c769c', 'KALTAKQUISE', 'ACTIVE', 0, 'Funktion: Gesamtleitung/Direktion | Mitarbeiter: 1 bis 10 | Branche: Beherbergungsstätten'),
('09682c4d-824b-46ce-8cee-bb15e34cbb1c', '32235803-85e8-4a77-995a-6c8de5e4da06', 'KALTAKQUISE', 'ACTIVE', 0, 'Funktion: Gesamtleitung/Direktion | Mitarbeiter: 1 bis 10 | Branche: Beherbergungsstätten'),
('cada4e0b-7d78-40d7-a55f-d79dee65e865', '7d56cc9d-ba1c-4e88-9120-a10042b06ec1', 'KALTAKQUISE', 'ACTIVE', 0, 'Funktion: Gesamtleitung/Direktion | Mitarbeiter: 1 bis 10 | Branche: Beherbergungsstätten'),
('3d44d414-08e8-4141-9350-fe43005296d2', '89fa0a86-0dc8-4b2b-ba7c-3083d0776288', 'KALTAKQUISE', 'ACTIVE', 0, 'Funktion: Gesamtleitung/Direktion | Mitarbeiter: 1 bis 10 | Branche: Beherbergungsstätten'),
('78190b67-472a-4645-912c-d1030b288e99', '07f55622-0ef4-46d2-b47e-1ac8bfda85a0', 'KALTAKQUISE', 'ACTIVE', 0, 'Funktion: Gesamtleitung/Direktion | Mitarbeiter: 1 bis 10 | Branche: Beherbergungsstätten'),
('599c5722-d4da-44b0-ad1e-afd2d4ba820b', '161cde73-c9f8-4976-9417-8f6945653638', 'KALTAKQUISE', 'ACTIVE', 0, 'Funktion: Gesamtleitung/Direktion | Mitarbeiter: 1 bis 10 | Branche: Beherbergungsstätten'),
('e982a7f8-8b1b-4276-8a06-fd0d7eb7a20a', '0b600765-ec1a-4e71-802b-ffc5786282fa', 'KALTAKQUISE', 'ACTIVE', 0, 'Funktion: Gesamtleitung/Direktion | Mitarbeiter: 1 bis 10 | Branche: Beherbergungsstätten'),
('f36e0da5-157c-4e79-9fd2-0162ba671341', '3aa8cfc4-ae81-4a09-85eb-3d9094b3abb7', 'KALTAKQUISE', 'ACTIVE', 0, 'Funktion: Gesamtleitung/Direktion | Mitarbeiter: 1 bis 10 | Branche: Beherbergungsstätten'),
('cdda3189-f00c-419a-b71e-443c588fdd9f', 'fc5f3221-9c8e-407b-8eaf-474a063714e6', 'KALTAKQUISE', 'ACTIVE', 0, 'Funktion: Gesamtleitung/Direktion | Mitarbeiter: 1 bis 10 | Branche: Beherbergungsstätten'),
('66f41de9-2c6f-4e25-a2e4-ac7746db46b9', '016053ae-3f82-47e9-a842-e897c746cf46', 'KALTAKQUISE', 'ACTIVE', 0, 'Funktion: Gesamtleitung/Direktion | Mitarbeiter: 1 bis 10 | Branche: Beherbergungsstätten'),
('10838b7d-6636-4260-87d3-f91661a43d9f', 'e9300337-c732-4410-8d1a-aa25b012e9e9', 'KALTAKQUISE', 'ACTIVE', 0, 'Funktion: Gesamtleitung/Direktion | Mitarbeiter: 1 bis 10 | Branche: Beherbergungsstätten'),
('918bbf21-22f5-484b-b63e-beddf4ab23bf', '91db277b-c1ed-42c0-b519-93352ff2309b', 'KALTAKQUISE', 'ACTIVE', 0, 'Funktion: Gesamtleitung/Direktion | Mitarbeiter: 1 bis 10 | Branche: Beherbergungsstätten'),
('662a0017-3156-43c0-b2f8-47424422de8c', '65f209de-9f92-417d-b2ea-2037bef6f3e5', 'KALTAKQUISE', 'ACTIVE', 0, 'Funktion: Gesamtleitung/Direktion | Mitarbeiter: 1 bis 10 | Branche: Beherbergungsstätten'),
('3974a73b-df59-4e65-a366-4c7fdf3ce75e', '078b94cb-6af2-4b3b-b266-4c4c0c882f6b', 'KALTAKQUISE', 'ACTIVE', 0, 'Funktion: Gesamtleitung/Direktion | Mitarbeiter: 1 bis 10 | Branche: Beherbergungsstätten / Hotels / Nachhaltigkeitsbereich'),
('f6ed1e9c-d3f1-44c8-8210-354ab30adaea', 'd9ccc28a-cf16-4ccc-9c97-a9612b3e2a25', 'KALTAKQUISE', 'ACTIVE', 0, 'Funktion: Gesamtleitung/Direktion | Mitarbeiter: 1 bis 10 | Branche: Beherbergungsstätten / Camping'),
('15c0d9b0-1014-4b45-84d8-123f7e46cdd6', '48ae1ae5-bc2b-40ea-a2b4-2ff7bf68c11e', 'KALTAKQUISE', 'ACTIVE', 0, 'Funktion: Gesamtleitung/Direktion | Mitarbeiter: 1 bis 10 | Branche: Hotels | Rechtsform: Stiftung'),
('b1318292-76ed-424c-8d1b-8b415d14ce82', '5e225cf3-5ee8-4fa0-9615-f081981a3cbb', 'KALTAKQUISE', 'ACTIVE', 0, 'Funktion: Gesamtleitung/Direktion | Mitarbeiter: 21 bis 50 | Branche: Hotels | Rechtsform: Aktiengesellschaft'),
('970d8f16-8ded-4074-9179-b9a105039a49', 'b64ece4d-30ec-45bd-87e8-ebcf3c1c4c0e', 'KALTAKQUISE', 'ACTIVE', 0, 'Funktion: Gesamtleitung/Direktion | Mitarbeiter: 1 bis 10 | Branche: Beherbergungsstätten'),
('1101b3c5-dc23-43c6-b9d5-bf3dcf38df7c', 'f603ec6c-7ab7-4809-9fe7-aee590f87242', 'KALTAKQUISE', 'ACTIVE', 0, 'Funktion: Gesamtleitung/Direktion | Mitarbeiter: 1 bis 10 | Branche: Beherbergungsstätten'),
('596eac8f-f9f1-44ab-9529-857e85345bdf', '66566176-c7dd-4b25-8813-87d11b251df8', 'KALTAKQUISE', 'ACTIVE', 0, 'Funktion: Gesamtleitung/Direktion | Mitarbeiter: 1 bis 10 | Branche: Beherbergungsstätten'),
('1eab384e-31e5-4530-90f5-eac8eb265ddd', 'f8bb30a7-ba97-4e12-8b0d-555f39d10c8c', 'KALTAKQUISE', 'ACTIVE', 0, 'Funktion: Gesamtleitung/Direktion | Mitarbeiter: 1 bis 10 | Branche: Beherbergungsstätten'),
('d1453a3e-0b1c-4714-889f-aaab72eeca9b', '213368f3-79b7-4226-8c2b-733e171be96e', 'KALTAKQUISE', 'ACTIVE', 0, 'Funktion: Gesamtleitung/Direktion | Mitarbeiter: 1 bis 10 | Branche: Beherbergungsstätten'),
('43761421-0ee0-4919-8116-23cb3cee1d91', '7df93925-f99e-4d70-b311-d0dc455dcdf6', 'KALTAKQUISE', 'ACTIVE', 0, 'Funktion: Gesamtleitung/Direktion | Mitarbeiter: 1 bis 10 | Branche: Beherbergungsstätten'),
('3c296c8d-b712-4cc3-9695-c711165d8dfc', '83ecb64f-2563-428c-9433-db5054e6c4ae', 'KALTAKQUISE', 'ACTIVE', 0, 'Funktion: Gesamtleitung/Direktion | Mitarbeiter: 1 bis 10 | Branche: Beherbergungsstätten'),
('f25d6bd7-b5d7-4e7e-a768-dd5fda95cd59', '694fa15f-97fe-492c-95ca-a520ae92f768', 'KALTAKQUISE', 'ACTIVE', 0, 'Funktion: Gesamtleitung/Direktion | Mitarbeiter: 1 bis 10 | Branche: Beherbergungsstätten'),
('dd023e1c-71f4-45cb-92f7-3ebbc8ca2666', 'c82b4296-597b-4b42-9a0a-0a9b170931f9', 'KALTAKQUISE', 'ACTIVE', 0, 'Funktion: Gesamtleitung/Direktion | Mitarbeiter: 1 bis 10 | Branche: Beherbergungsstätten'),
('7e565659-ea20-410c-a9b6-176e6f0d8754', '299c9646-146a-459a-a2c1-95e321cab7f8', 'KALTAKQUISE', 'ACTIVE', 0, 'Funktion: Gesamtleitung/Direktion | Mitarbeiter: 1 bis 10 | Branche: Beherbergungsstätten'),
('c07061dd-cd2e-47fb-b79e-2b1221690c61', '30f48b0d-e665-4f61-af39-fd77e1868966', 'KALTAKQUISE', 'ACTIVE', 0, 'Funktion: Gesamtleitung/Direktion | Mitarbeiter: 1 bis 10 | Branche: Beherbergungsstätten'),
('22b1694e-d9ab-418f-828d-5dd84f7a5011', 'feedfde2-6f96-4e6e-866b-5ed69b722c9e', 'KALTAKQUISE', 'ACTIVE', 0, 'Funktion: Gesamtleitung/Direktion | Mitarbeiter: 1 bis 10 | Branche: Beherbergungsstätten'),
('58e6200a-30e3-45a5-8fa4-77c5b0f0b8d7', '8b07ddde-c7fc-4945-a61c-9dcdfd162ab8', 'KALTAKQUISE', 'ACTIVE', 0, 'Funktion: Gesamtleitung/Direktion | Mitarbeiter: 1 bis 10 | Branche: Beherbergungsstätten'),
('7aff1440-bb05-442c-9e7a-b49e2bef03fd', '15aa7791-8243-4567-8547-4612b83813a3', 'KALTAKQUISE', 'ACTIVE', 0, 'Funktion: Gesamtleitung/Direktion | Mitarbeiter: 1 bis 10 | Branche: Beherbergungsstätten'),
('43e1ea6c-0712-4e11-a02b-34c84dd7c1fa', '1f3d4e31-0d7d-4170-a265-6fa21cf21b8d', 'KALTAKQUISE', 'ACTIVE', 0, 'Funktion: Geschäftsführer/in (CEO) | Mitarbeiter: 1 bis 10 | Branche: Gartenbau & -pflege'),
('f5a98a69-73df-4a8a-ab45-3e84c2b2ae3f', '119df2f4-80cb-41c7-b79f-7db24309c739', 'KALTAKQUISE', 'ACTIVE', 0, 'Funktion: Geschäftsführer/in (CEO) | Mitarbeiter: 1 bis 10 | Branche: Boden- & Plattenleger'),
('c5ff1be1-fb9d-484b-9ece-4a2654f95258', 'dbfd49d8-8a66-4363-b332-9ddf821e5dba', 'KALTAKQUISE', 'ACTIVE', 0, 'Funktion: Geschäftsführer/in (CEO) | Mitarbeiter: 1 bis 10 | Branche: Facility Management & Reinigungsfirmen | Rechtsform: Gesellschaft mit beschränkter Haftung'),
('534d1c90-5d57-4737-ab35-d033f45cd136', '9939b185-d595-4ff6-bf02-2f095ee5043b', 'KALTAKQUISE', 'ACTIVE', 0, 'Funktion: Geschäftsführer/in (CEO) | Mitarbeiter: 1 bis 10 | Branche: Hofläden & Bauernhöfe'),
('13558685-7e01-4fee-97c7-d0fc10764252', 'f7fad467-5736-4061-9048-4867d2857cf3', 'KALTAKQUISE', 'ACTIVE', 0, 'Funktion: Geschäftsführer/in (CEO) | Mitarbeiter: 1 bis 10 | Branche: Getränkeindustrie | Rechtsform: Aktiengesellschaft'),
('9cb4a802-9f37-458a-9077-516a5fb312bf', '504710bb-8dfa-491a-ad25-591b1e4687f5', 'KALTAKQUISE', 'ACTIVE', 0, 'Funktion: Geschäftsführer/in (CEO) | Mitarbeiter: 1 bis 10 | Branche: Facility Management & Reinigungsfirmen | Rechtsform: Einzelunternehmen'),
('a5d0c6c2-0ccd-4afb-baa5-615b0fcb583e', '878b2c89-d8b8-47b9-8156-9fd092f89960', 'KALTAKQUISE', 'ACTIVE', 0, 'Funktion: Geschäftsführer/in (CEO) | Mitarbeiter: 1 bis 10 | Branche: Maler- & Gipsergeschäfte'),
('743e21de-d257-4ad3-a78e-49759c4dd427', 'e8257e29-b639-4a99-bfff-b3edd7850107', 'KALTAKQUISE', 'ACTIVE', 0, 'Funktion: Geschäftsführer/in (CEO) | Mitarbeiter: 1 bis 10 | Branche: Medizintechnik-Industrie | Rechtsform: Gesellschaft mit beschränkter Haftung'),
('213133bb-60f2-49e6-b2b0-2406de0f6035', 'f6df6b6b-6b1b-4de3-9007-427f8a500fb8', 'KALTAKQUISE', 'ACTIVE', 0, 'Funktion: Geschäftsführer/in (CEO) | Mitarbeiter: 1 bis 10 | Branche: Energieindustrie / Energieversorger | Rechtsform: Aktiengesellschaft'),
('21fc0df7-570b-4866-8684-d43bdc687ea9', '1ff332ec-957c-4813-98a4-179507dadd09', 'KALTAKQUISE', 'ACTIVE', 0, 'Funktion: Geschäftsführer/in (CEO) | Mitarbeiter: 1 bis 10 | Branche: Energieindustrie | Rechtsform: Aktiengesellschaft'),
('b81fad77-e01e-47a0-bf54-63d49c4dca0a', 'e1694817-d06f-4133-a37b-c2106f9703e0', 'KALTAKQUISE', 'ACTIVE', 0, 'Funktion: Geschäftsführer/in (CEO) | Mitarbeiter: 1 bis 10 | Branche: Hofläden & Bauernhöfe'),
('bb42701a-3391-4892-bd2a-cb7471c812ba', 'd8302424-d003-4f79-8137-6349bbc13984', 'KALTAKQUISE', 'ACTIVE', 0, 'Funktion: Geschäftsführer/in (CEO) | Mitarbeiter: 11 bis 20 | Branche: Online Shops / Restaurants | Rechtsform: Aktiengesellschaft'),
('4e03f216-d1ec-4eda-96c7-f66c9480feba', '9d78bb82-0456-4039-b28f-e1c7de697497', 'KALTAKQUISE', 'ACTIVE', 0, 'Funktion: Geschäftsführer/in (CEO) | Mitarbeiter: 11 bis 20 | Branche: Energieindustrie / Energieversorger | Rechtsform: Aktiengesellschaft'),
('5be0752c-7d67-4421-a22a-f44cd875c56e', '265069f7-01b7-48e7-9c51-34de5f5ab843', 'KALTAKQUISE', 'ACTIVE', 0, 'Funktion: Geschäftsführer/in (CEO) | Mitarbeiter: 11 bis 20 | Branche: Energieindustrie / Energieversorger | Rechtsform: Aktiengesellschaft'),
('c41d9f75-f098-4408-96d4-71f7b608cba0', '453131b8-86bd-4d81-9d67-76276a337fd5', 'KALTAKQUISE', 'ACTIVE', 0, 'Funktion: Geschäftsführer/in (CEO) | Mitarbeiter: 1 bis 10 | Branche: Energieindustrie / Energieversorger | Rechtsform: Gesellschaft mit beschränkter Haftung'),
('cf701c53-ac54-4b17-bab2-2bce3acb7e06', '0ac52f7e-d081-4fa3-8ee7-ebf212a63c88', 'KALTAKQUISE', 'ACTIVE', 0, 'Funktion: Geschäftsführer/in (CEO) | Mitarbeiter: 11 bis 20 | Branche: Energieindustrie / Energieversorger | Rechtsform: Aktiengesellschaft'),
('bf4d9d6b-3d26-4e9e-a624-b83db6fd0683', 'f9cc4a68-e3d4-445b-8a65-e599b02837c2', 'KALTAKQUISE', 'ACTIVE', 0, 'Funktion: Geschäftsführer/in (CEO) | Mitarbeiter: 21 bis 50 | Branche: Energieindustrie / Energieversorger | Rechtsform: Aktiengesellschaft'),
('4fae744c-1580-454a-9e64-48a9975bc647', 'd0618b27-3e51-4f3e-8850-b9f680be0dd2', 'KALTAKQUISE', 'ACTIVE', 0, 'Funktion: Geschäftsführer/in (CEO) | Mitarbeiter: 1 bis 10 | Branche: Energieindustrie / Energieversorger | Rechtsform: Aktiengesellschaft'),
('161688d7-0afc-43fb-acf2-4222931bc7c3', '2680bee2-4933-4646-8dcb-02576b23edd6', 'KALTAKQUISE', 'ACTIVE', 0, 'Funktion: Geschäftsführer/in (CEO) | Mitarbeiter: 21 bis 50 | Branche: Energieindustrie / Nachhaltigkeitsbereich / Energieversorger | Rechtsform: Aktiengesellschaft'),
('9afd535e-eb1b-49a7-b55c-7179956fa337', 'f5fb5561-efbe-48fa-8c59-27111815c7f4', 'KALTAKQUISE', 'ACTIVE', 0, 'Funktion: Geschäftsführer/in (CEO) | Mitarbeiter: 11 bis 20 | Branche: Energieindustrie / Energieversorger | Rechtsform: Aktiengesellschaft'),
('2c85335a-c366-46e5-8003-6d13f12b7190', 'cde3a935-68c6-45bd-90ac-878c9279f4a8', 'KALTAKQUISE', 'ACTIVE', 0, 'Funktion: Geschäftsführer/in (CEO) | Mitarbeiter: 1 bis 10 | Branche: Energieindustrie / Energieversorger | Rechtsform: Genossenschaft'),
('81175de9-9065-4fbe-a2b8-baef12596f2b', 'a1acdb26-41bc-427b-a02c-cd0233c5c2d2', 'KALTAKQUISE', 'ACTIVE', 0, 'Funktion: Geschäftsführer/in (CEO) | Mitarbeiter: 11 bis 20 | Branche: Energieindustrie / Energieversorger | Rechtsform: Einzelunternehmen'),
('45e3b2d3-98ca-4e6b-a2ac-7694949831e6', 'fe16eedc-35d8-4010-9e84-d35b17c73778', 'KALTAKQUISE', 'ACTIVE', 0, 'Funktion: Geschäftsführer/in (CEO) | Mitarbeiter: 1 bis 10 | Branche: Energieindustrie / Energieversorger | Rechtsform: Aktiengesellschaft'),
('81ea15d2-b8b2-454c-8764-da16362d1c74', '9271bc22-3310-4265-ae00-e47ab28b1d72', 'KALTAKQUISE', 'ACTIVE', 0, 'Funktion: Geschäftsführer/in (CEO) | Mitarbeiter: 1 bis 10 | Branche: Treuhandbüros | Rechtsform: Aktiengesellschaft'),
('89c6f0a6-0119-480d-885c-86730a197fe6', '67e452a0-3324-45c9-8512-f7e2561ac551', 'KALTAKQUISE', 'ACTIVE', 0, 'Funktion: Geschäftsführer/in (CEO) | Mitarbeiter: 1 bis 10 | Branche: Garagen | Rechtsform: Aktiengesellschaft'),
('46424897-7855-4526-ac52-da35ef861f30', '8417af25-e404-4bd5-9baf-c815b5568b14', 'KALTAKQUISE', 'ACTIVE', 0, 'Funktion: Geschäftsführer/in (CEO) | Mitarbeiter: 11 bis 20 | Branche: Maschinenbauindustrie | Rechtsform: Aktiengesellschaft'),
('cbd714c0-66f8-40e3-80c8-19cc4d533b7a', 'e2bb2872-46b7-4423-95e2-ceb316bc7d07', 'KALTAKQUISE', 'ACTIVE', 0, 'Funktion: Geschäftsführer/in (CEO) | Mitarbeiter: 11 bis 20 | Branche: Baugeschäfte | Rechtsform: Aktiengesellschaft'),
('3715e3de-07c3-4619-8876-3aec33f4c275', 'ab820cc4-f63a-4afe-8491-0e0797b2ba39', 'KALTAKQUISE', 'ACTIVE', 0, 'Funktion: Geschäftsführer/in (CEO) | Mitarbeiter: 1 bis 10 | Branche: Tattoo- & Piercingstudios'),
('bf0d8615-dab5-4a0a-b2ea-95e59f9cfa34', 'ecfa51a9-4741-45a8-9a60-d1e548f085f4', 'KALTAKQUISE', 'ACTIVE', 0, 'Funktion: Geschäftsführer/in (CEO) | Mitarbeiter: 1 bis 10 | Branche: IT Unternehmen | Rechtsform: Aktiengesellschaft'),
('f0174766-2a6c-4f2e-89e3-d2eab9477d1f', 'bbd24e09-ac9f-4269-b071-e1e68f0e3d23', 'KALTAKQUISE', 'ACTIVE', 0, 'Funktion: Geschäftsführer/in (CEO) | Mitarbeiter: 1 bis 10 | Branche: Coiffeursalons'),
('1209c5fc-5ca5-4102-9612-1997176bd977', '0d746efe-9868-497a-ae06-ca3795ad2b49', 'KALTAKQUISE', 'ACTIVE', 0, 'Funktion: Geschäftsführer/in (CEO) | Mitarbeiter: 21 bis 50 | Branche: Architekturbüros | Rechtsform: Aktiengesellschaft'),
('d7dd70cb-a929-48b9-b84c-2dc0c36427fb', '4d6e41e0-a9cf-473d-a567-7b6d27c68974', 'KALTAKQUISE', 'ACTIVE', 0, 'Funktion: Geschäftsführer/in (CEO) | Mitarbeiter: 1 bis 10 | Branche: Coiffeursalons');

INSERT INTO lead_tags (lead_id, tag_id) VALUES
('e151fead-c9d5-4609-8eeb-8e7ff7b90431', 'ka-b2b'),
('d4584166-315a-43c0-aa21-ee0a027b179b', 'ka-b2b'),
('7825ab05-5f91-46cd-bd5b-c2dccabf6940', 'ka-b2b'),
('4d39f6c3-56fc-4d55-baaa-b9011428a53b', 'ka-b2b'),
('a0e89ba8-dc45-4a72-a202-95d20cf9e593', 'ka-b2b'),
('eafa55f1-54f7-48cb-ba2d-ee951378acc3', 'ka-b2b'),
('3f52ba54-c90d-4256-8bb5-32538f681955', 'ka-b2b'),
('d9147579-3c96-441d-a119-c3e2fe08e6c9', 'ka-b2b'),
('c9fbcb80-4a0c-4bcf-a804-870956d44af9', 'ka-b2b'),
('e529ae21-41c4-4388-a621-d48afb40d68f', 'ka-b2b'),
('6da6dfd4-faa2-4e1b-950c-8bf7a0e98fb3', 'ka-b2b'),
('6c0d78ac-0d7e-49da-bd62-d8792bc3beb7', 'ka-b2b'),
('41acf4b9-225c-424c-aa60-c6b3301f4b97', 'ka-b2b'),
('edeeb74f-7f1d-4717-a8e6-d755c7cc5e86', 'ka-b2b'),
('0e275da2-685f-45ab-8c08-f5623f6fa2ab', 'ka-b2b'),
('87a91284-8ee7-4f22-9a6a-7b36748243ff', 'ka-b2b'),
('3af5a2c4-d3db-428a-b525-980d128d889c', 'ka-b2b'),
('66232bff-1547-4d38-93ae-06c532b1db9f', 'ka-b2b'),
('962c4121-fe2a-460b-acd4-b3a1c9c105b3', 'ka-b2b'),
('515f6e37-b098-4d80-b8c8-b722560f5344', 'ka-b2b'),
('8b631524-66e1-4c3d-babf-ff70de5308be', 'ka-b2b'),
('4c3a6996-734b-42f2-b725-9a36008fef2a', 'ka-b2b'),
('2ee20127-d7a8-427a-ade9-b709c6871356', 'ka-b2b'),
('657d3ce2-48e3-4fa3-9be2-22239e9dbe69', 'ka-b2b'),
('54c768c2-8ecd-462e-97bb-cdffafe94e49', 'ka-b2b'),
('93763e4c-8b56-427d-b126-ac7a1945280b', 'ka-b2b'),
('d03d89d3-3572-4a9e-ae0d-7be2d192217d', 'ka-b2b'),
('ac6908af-d099-4735-8eb5-fe6ff0fbd784', 'ka-b2b'),
('83df98bc-ea03-4807-886d-ca97bbbb7807', 'ka-b2b'),
('727ed9cf-66e5-4e43-a28e-8c3b107a8787', 'ka-b2b'),
('2e4dea8a-0de2-44ff-b6e8-2e28fa19a8ad', 'ka-b2b'),
('286118aa-8e44-411c-ad6a-bddcc649b71f', 'ka-b2b'),
('54bfe87e-0152-4253-a4d2-f9bd1649d479', 'ka-b2b'),
('fd3f58a5-f5d7-4435-9eb6-ba00ee5b9588', 'ka-b2b'),
('153fbde5-86f9-488f-8310-776570d06756', 'ka-b2b'),
('fc086be4-28fd-4582-b76a-462bdf00f4c9', 'ka-b2b'),
('fd7c3e3c-624d-4a52-a7dd-c1588562d9df', 'ka-b2b'),
('ad596a02-63ab-4653-89d5-e48c98c9efe9', 'ka-b2b'),
('3a4b78d3-b2c0-4d32-b500-e1891e831318', 'ka-b2b'),
('1d9d24a2-4d33-473b-82ff-66b244e6421d', 'ka-b2b'),
('4fc1b75c-74e0-4176-adf9-4b5f3036632d', 'ka-b2b'),
('9af652e7-d3fc-45fa-bd26-c4b6867130b1', 'ka-b2b'),
('914c8749-0124-45d4-98b0-99acecb450f2', 'ka-b2b'),
('78529a11-f733-4797-914e-12afe009d513', 'ka-b2b'),
('394eed03-de7c-43cc-9792-ca0b0a4b1b8d', 'ka-b2b'),
('518347de-c705-4e25-a06b-f99b2d9c3734', 'ka-b2b'),
('2d9b5e9d-db16-470d-b767-7eeeabb2637a', 'ka-b2b'),
('9511de28-a2ee-417f-99df-c1194865ca2e', 'ka-b2b'),
('a2fdbca1-5d2c-4f18-b60d-744941a0ade2', 'ka-b2b'),
('128ff3a2-9a22-4d8b-9dc8-e63c73102508', 'ka-b2b'),
('05a2aede-124b-4c23-a157-18b6c374fa91', 'ka-b2b'),
('3ac8a4c1-af58-4154-9f46-449d0ecf5bd5', 'ka-b2b'),
('542a6f0d-151f-4866-8417-b5a2533c356c', 'ka-b2b'),
('efc165a1-b26c-4921-8ad8-556ba1879c33', 'ka-b2b'),
('c68670ff-e428-435d-aa67-79431705c66c', 'ka-b2b'),
('dd56da7f-71f1-475a-8089-cdd32c821fb7', 'ka-b2b'),
('614cd87c-1391-4f66-9cd0-2b76a9599aa8', 'ka-b2b'),
('e965889c-0e3e-476d-b8d6-74bb53171ab3', 'ka-b2b'),
('48966a18-7f63-42a7-a01d-882c4e333a66', 'ka-b2b'),
('9fb0cb71-5697-448c-80c0-ea4818f44125', 'ka-b2b'),
('00c8059c-c55d-4f87-8925-d060dae7a130', 'ka-b2b'),
('d48a14ca-5d2d-4de7-85aa-74232c4a647e', 'ka-b2b'),
('9ef4c901-8313-4f5c-8a77-f767fcc493e2', 'ka-b2b'),
('95026cb5-6eb6-473a-b383-2969f50275e9', 'ka-b2b'),
('6d4df3ab-7774-437e-b7fe-67cb3a6adc80', 'ka-b2b'),
('fe29d55c-a710-4e3a-b9a7-0777215cf952', 'ka-b2b'),
('bb8330ec-3ce3-49fd-a257-fbeb18bbde31', 'ka-b2b'),
('94c618ef-f4b3-4a76-92b7-8d254b7723b8', 'ka-b2b'),
('1471292e-fca5-459e-98fd-0afd7e7de5f9', 'ka-b2b'),
('0cfab2db-f5a4-493b-8844-3433e638ce6a', 'ka-b2b'),
('40f189be-cc30-4003-bf8c-ba33fe842144', 'ka-b2b'),
('1ba2d478-8265-4f5e-b113-90cc3941ce81', 'ka-b2b'),
('da04f8a1-a96c-4ca3-a95b-17c690fe6281', 'ka-b2b'),
('27db7c21-0c8a-4b20-a3fe-0289a311d9d0', 'ka-b2b'),
('c5db30f8-c5a9-4359-8514-84f2ed37cbe1', 'ka-b2b'),
('0f80897a-299f-4e70-a70e-4db22100ac4f', 'ka-b2b'),
('0f118787-aa66-4142-94e0-977f0a05ddbd', 'ka-b2b'),
('8ae9018e-8467-4f89-8c6b-28d8489a7e1d', 'ka-b2b'),
('507d2757-c1d6-494e-8c56-6d4ca4281ac4', 'ka-b2b'),
('c10ad79f-c077-4536-8520-5f70ee4c5acf', 'ka-b2b'),
('c70ecfaa-3568-4b0d-92a2-ba35895e3339', 'ka-b2b'),
('820dab60-2c9f-4fc3-a3e4-64df70a42056', 'ka-b2b'),
('0d1a5037-4744-4a5d-b482-4caba8ede53a', 'ka-b2b'),
('c3ec0dc9-c4af-42a4-b578-232c8ad2a4a8', 'ka-b2b'),
('073cd944-cc5f-4c1f-91bf-d432c92d5037', 'ka-b2b'),
('c61406fe-4265-4ff8-b948-4c3f32ad0c29', 'ka-b2b'),
('fc0e9b51-833e-4a5d-9c39-81b355c5f873', 'ka-b2b'),
('499f7972-78d2-43a7-afc7-69b47f689bf9', 'ka-b2b'),
('602886a7-9f84-460e-8fbd-93e1e3b68fb6', 'ka-b2b'),
('ddacca5e-0df4-478a-bca8-10b89baa4065', 'ka-b2b'),
('c03f5cfe-07b0-48d8-bc69-4ac6d0fde06e', 'ka-b2b'),
('12efc966-f808-4b3e-a09f-40ab10422b2d', 'ka-b2b'),
('f0d6fe9b-618a-4f18-901b-c766b1216599', 'ka-b2b'),
('576f7297-178a-4a78-a54f-4760666701db', 'ka-b2b'),
('534f035d-0a83-4a39-a9a4-fd7f9e8a84bf', 'ka-b2b'),
('5b6b92a6-63fd-4ec8-8f04-58ee82081a45', 'ka-b2b'),
('4ad37dd4-c0ea-4b80-b5c1-fd96f099c854', 'ka-b2b'),
('cbb77813-604d-4a65-a45c-3bb3110c7c36', 'ka-b2b'),
('6da16185-895e-4fd5-94c1-ffcd59f00482', 'ka-b2b'),
('69f2a563-e433-4cc8-b6d5-50f357b97a5a', 'ka-b2b'),
('42424aac-08ca-4f08-b511-cd8cf2b1b86d', 'ka-b2b'),
('3153c3fd-612c-4236-9284-5eb5589f1845', 'ka-b2b'),
('4a3a1b6f-eb24-4edf-9690-20b475b6d60d', 'ka-b2b'),
('af7dcf9c-7307-4c9d-ad7a-5e89d7b7b335', 'ka-b2b'),
('9c33d090-fb50-44fc-b9f5-de52b809e907', 'ka-b2b'),
('f85eab40-20ac-4084-a375-20e792a8f660', 'ka-b2b'),
('3a0fac0b-55c7-4ba6-be6a-a8244c1abe11', 'ka-b2b'),
('4c284313-8c2c-483a-aa37-9dc6c90d56cc', 'ka-b2b'),
('0aa2dd62-c2da-4775-ab32-f05f51db3d5c', 'ka-b2b'),
('788f3fbd-2088-4712-b888-db76e14ae20c', 'ka-b2b'),
('fa48085b-71ea-469d-85e0-6dcf88e9e619', 'ka-b2b'),
('2bfe5b78-9bc2-483f-8cf9-fa7d24588433', 'ka-b2b'),
('8c954f4b-5503-47de-8a7b-74fc6ab9303b', 'ka-b2b'),
('df5a3e81-2b36-4373-81d0-aef629106ce8', 'ka-b2b'),
('f5cf2fc2-4582-44e0-a866-c2bc3ec51854', 'ka-b2b'),
('e942df73-fb46-494e-a1e6-0592a012079c', 'ka-b2b'),
('5fb130e2-a8da-4d6b-abc4-e5d4d42c8a27', 'ka-b2b'),
('be7fc334-cc69-4b6b-a38b-feb23eea03c3', 'ka-b2b'),
('df67cb77-1d15-4cc6-ae1c-ea6f48b36053', 'ka-b2b'),
('2ed24840-1fea-4b9c-bf5c-c12f6d44e9d4', 'ka-b2b'),
('b506b477-d406-47d2-bce1-86cc8df4910e', 'ka-b2b'),
('3ae1a4f6-a54d-4e99-b599-7e36a02e7de3', 'ka-b2b'),
('24ccd85f-3e38-4d8a-93f8-eef203707f69', 'ka-b2b'),
('a1d43c29-974c-4e66-9f53-71e201759c96', 'ka-b2b'),
('6ebf8d2a-4e1b-4b03-a718-93c044b01010', 'ka-b2b'),
('151009ae-e394-4e28-adda-2b74cf5844d9', 'ka-b2b'),
('da93d018-9d5a-4d6c-8833-5635eb95041b', 'ka-b2b'),
('90d433f6-6e13-4f0a-85ce-921f4ab44ca0', 'ka-b2b'),
('be537536-9b2f-4e1e-b73c-95b114e7e973', 'ka-b2b'),
('9876961c-90d8-42f3-bd0b-1a1375928ef1', 'ka-b2b'),
('b7a0ae1c-27cc-41ee-a70b-2a9c7ca5c864', 'ka-b2b'),
('02bed05a-a54b-4f87-9e6d-11b075c51762', 'ka-b2b'),
('afb1e172-a2c5-4c94-bbc4-3ac7425ed4eb', 'ka-b2b'),
('6af5f53b-0eeb-4c85-b5e0-c056b9f10162', 'ka-b2b'),
('da33b639-e1ef-4f32-af8b-a8bacc1792ad', 'ka-b2b'),
('6a4ff922-c514-4654-91f5-8c79f201b24c', 'ka-b2b'),
('5330697c-e042-40cb-b8a5-9cef84541d36', 'ka-b2b'),
('3be9ef32-bcda-4239-a1a0-cd5f2fa3a817', 'ka-b2b'),
('09682c4d-824b-46ce-8cee-bb15e34cbb1c', 'ka-b2b'),
('cada4e0b-7d78-40d7-a55f-d79dee65e865', 'ka-b2b'),
('3d44d414-08e8-4141-9350-fe43005296d2', 'ka-b2b'),
('78190b67-472a-4645-912c-d1030b288e99', 'ka-b2b'),
('599c5722-d4da-44b0-ad1e-afd2d4ba820b', 'ka-b2b'),
('e982a7f8-8b1b-4276-8a06-fd0d7eb7a20a', 'ka-b2b'),
('f36e0da5-157c-4e79-9fd2-0162ba671341', 'ka-b2b'),
('cdda3189-f00c-419a-b71e-443c588fdd9f', 'ka-b2b'),
('66f41de9-2c6f-4e25-a2e4-ac7746db46b9', 'ka-b2b'),
('10838b7d-6636-4260-87d3-f91661a43d9f', 'ka-b2b'),
('918bbf21-22f5-484b-b63e-beddf4ab23bf', 'ka-b2b'),
('662a0017-3156-43c0-b2f8-47424422de8c', 'ka-b2b'),
('3974a73b-df59-4e65-a366-4c7fdf3ce75e', 'ka-b2b'),
('f6ed1e9c-d3f1-44c8-8210-354ab30adaea', 'ka-b2b'),
('15c0d9b0-1014-4b45-84d8-123f7e46cdd6', 'ka-b2b'),
('b1318292-76ed-424c-8d1b-8b415d14ce82', 'ka-b2b'),
('970d8f16-8ded-4074-9179-b9a105039a49', 'ka-b2b'),
('1101b3c5-dc23-43c6-b9d5-bf3dcf38df7c', 'ka-b2b'),
('596eac8f-f9f1-44ab-9529-857e85345bdf', 'ka-b2b'),
('1eab384e-31e5-4530-90f5-eac8eb265ddd', 'ka-b2b'),
('d1453a3e-0b1c-4714-889f-aaab72eeca9b', 'ka-b2b'),
('43761421-0ee0-4919-8116-23cb3cee1d91', 'ka-b2b'),
('3c296c8d-b712-4cc3-9695-c711165d8dfc', 'ka-b2b'),
('f25d6bd7-b5d7-4e7e-a768-dd5fda95cd59', 'ka-b2b'),
('dd023e1c-71f4-45cb-92f7-3ebbc8ca2666', 'ka-b2b'),
('7e565659-ea20-410c-a9b6-176e6f0d8754', 'ka-b2b'),
('c07061dd-cd2e-47fb-b79e-2b1221690c61', 'ka-b2b'),
('22b1694e-d9ab-418f-828d-5dd84f7a5011', 'ka-b2b'),
('58e6200a-30e3-45a5-8fa4-77c5b0f0b8d7', 'ka-b2b'),
('7aff1440-bb05-442c-9e7a-b49e2bef03fd', 'ka-b2b'),
('43e1ea6c-0712-4e11-a02b-34c84dd7c1fa', 'ka-b2b'),
('f5a98a69-73df-4a8a-ab45-3e84c2b2ae3f', 'ka-b2b'),
('c5ff1be1-fb9d-484b-9ece-4a2654f95258', 'ka-b2b'),
('534d1c90-5d57-4737-ab35-d033f45cd136', 'ka-b2b'),
('13558685-7e01-4fee-97c7-d0fc10764252', 'ka-b2b'),
('9cb4a802-9f37-458a-9077-516a5fb312bf', 'ka-b2b'),
('a5d0c6c2-0ccd-4afb-baa5-615b0fcb583e', 'ka-b2b'),
('743e21de-d257-4ad3-a78e-49759c4dd427', 'ka-b2b'),
('213133bb-60f2-49e6-b2b0-2406de0f6035', 'ka-b2b'),
('21fc0df7-570b-4866-8684-d43bdc687ea9', 'ka-b2b'),
('b81fad77-e01e-47a0-bf54-63d49c4dca0a', 'ka-b2b'),
('bb42701a-3391-4892-bd2a-cb7471c812ba', 'ka-b2b'),
('4e03f216-d1ec-4eda-96c7-f66c9480feba', 'ka-b2b'),
('5be0752c-7d67-4421-a22a-f44cd875c56e', 'ka-b2b'),
('c41d9f75-f098-4408-96d4-71f7b608cba0', 'ka-b2b'),
('cf701c53-ac54-4b17-bab2-2bce3acb7e06', 'ka-b2b'),
('bf4d9d6b-3d26-4e9e-a624-b83db6fd0683', 'ka-b2b'),
('4fae744c-1580-454a-9e64-48a9975bc647', 'ka-b2b'),
('161688d7-0afc-43fb-acf2-4222931bc7c3', 'ka-b2b'),
('9afd535e-eb1b-49a7-b55c-7179956fa337', 'ka-b2b'),
('2c85335a-c366-46e5-8003-6d13f12b7190', 'ka-b2b'),
('81175de9-9065-4fbe-a2b8-baef12596f2b', 'ka-b2b'),
('45e3b2d3-98ca-4e6b-a2ac-7694949831e6', 'ka-b2b'),
('81ea15d2-b8b2-454c-8764-da16362d1c74', 'ka-b2b'),
('89c6f0a6-0119-480d-885c-86730a197fe6', 'ka-b2b'),
('46424897-7855-4526-ac52-da35ef861f30', 'ka-b2b'),
('cbd714c0-66f8-40e3-80c8-19cc4d533b7a', 'ka-b2b'),
('3715e3de-07c3-4619-8876-3aec33f4c275', 'ka-b2b'),
('bf0d8615-dab5-4a0a-b2ea-95e59f9cfa34', 'ka-b2b'),
('f0174766-2a6c-4f2e-89e3-d2eab9477d1f', 'ka-b2b'),
('1209c5fc-5ca5-4102-9612-1997176bd977', 'ka-b2b'),
('d7dd70cb-a929-48b9-b84c-2dc0c36427fb', 'ka-b2b');
