-- Batch 311 (200 records)
INSERT INTO contacts (id, first_name, last_name, email, phone, company, address) VALUES
('9925ba7c-92b2-460b-a30f-98ce0c32bc6a', 'Brigitte', 'Boerma', 'info@physiocenterfrick.ch', '062 875 76 77', 'Physiocenter Frick', 'Untere Grubenstrasse 1, 5070 Frick, Aargau'),
('112d4005-12b6-4159-828e-efdd0eb4e771', 'Dajana', 'Kikic', 'info@physiocentertrimbach.ch', '062 293 16 88', 'PhysioCenter Trimbach AG', 'Baslerstrasse 120, 4632 Trimbach, Solothurn'),
('25af4207-96cb-420e-bcfe-e3716d7f217e', 'Ilka', 'Schultze', 'praxisteam@physiocolor.ch', '041 971 07 08', 'Physiocolor', 'Adlermatte 17, 6130 Willisau, Luzern'),
('4185f4ac-4c92-472c-af7f-1e1eef357b14', 'Philipp', 'Frey', 'info@physioconcept.ch', '056 245 87 20', 'Physioconcept Döttingen', 'Hauptstrasse 7, 5312 Döttingen, Aargau'),
('4e7cd6ee-a6a0-4f4f-97a3-9fa6db72a95d', 'Jill', 'Dreifuss', 'info@physiodietikon.ch', '044 741 30 31', 'PhysioDietikon GmbH', 'Kirchstrasse 5, 8953 Dietikon, Zürich'),
('4b6c535d-8459-415a-bd07-4d5a80a9f972', 'Marco', 'Mouwen', 'physiodog@mouwen.ch', '079 521 76 79', 'Physiodog', 'Sonnhaldenstrasse 6, 8903 Birmensdorf, Zürich'),
('0762bf11-f798-4c1a-bdc9-283dda25bb39', 'Monika', 'Fischer', 'info@physio-domizil-zuerich.ch', '079 783 94 34', 'PHYSIO-DOMIZIL für Neurologie und Geriatrie GmbH', 'Röslistrasse 11, 8006 Zürich, Zürich'),
('5f0b42ee-272b-443d-8355-484ddfcd13a1', 'Thea', 'Chelouti', 'physiodonna.chelouti@gmail.com', '079 526 11 66', 'PhysioDonna', 'Wülflingerstrasse 28a, 8400 Winterthur, Zürich'),
('0dd7a35b-7c94-41ad-9679-2b5fbd9b74f0', 'Birgit', 'Boner Beeli', 'info@physio-faszien.ch', '081 285 11 92', 'Physio-Faszientherapie Boner & Team GmbH', 'Tittwiesenstrasse 29, 7000 Chur, Graubünden'),
('6b90f79c-0b5a-403f-87cc-9277208f89dc', 'Gaby', 'Bosshard', 'info@physiofitbosshard.ch', '052 212 74 93', 'PhysioFit Bosshard AG', 'Tösstalstrasse 40, 8488 Turbenthal, Zürich'),
('276b0bba-6900-4a50-af93-61d39a4370e7', 'Barbara', 'Prögler', 'info@physiofitbrugg.ch', '056 521 33 88', 'Physiofit Brugg', 'Steinbruchstrasse 11, 5200 Brugg, Aargau'),
('915c5f15-6fe7-44fe-9958-91964aaa5da9', 'Marcus', 'Nicolaus', 'info@physiofit.ch', '044 734 13 13', 'PhysioFit GmbH', 'Schulstrasse 33, 8902 Urdorf, Zürich'),
('bd8e8f1b-bca6-4e18-a423-729ca729195d', 'Dino', 'Cauzza', 'dcauzza@swissmedical.net', '079 630 08 25', 'Physiofit Grünfeld', 'Grünfeldstrasse 20, 8645 Jona, St. Gallen'),
('110bd8ca-036a-49b6-ba86-6a261dc45409', 'Paulina', 'Fassbind', 'info@physiofit-mellingen.ch', '056 611 93 83', 'Physiofit Mellingen GmbH', 'Salzmattstrasse 4, 5507 Mellingen, Aargau'),
('42a0684d-6084-4a66-b07a-eb084fac4bb3', 'Christina', 'Balzano', 'info@physiofitryser.ch', '062 874 47 74', 'physiofit ryser', 'Bahnhofstrasse 8, 5080 Laufenburg, Aargau'),
('6ecd6b88-0fc5-410a-8706-7e24190ce3c4', 'Geert H.', 'Mensing-Soliva', 'physiofit@kns.ch', '081 936 06 60', 'Physiofit Surselva GmbH', 'Via Centrala 4, 7130 Ilanz, Graubünden'),
('96581f0c-d22e-4d31-96e9-f26a8280f11b', 'Jeroen', 'van Neijenhof', 'info@physiofit-wattwil.ch', '071 988 67 60', 'Physiofit Wattwil AG', 'Wilerstrasse 63, 9630 Wattwil, St. Gallen'),
('b73cc068-c820-46ef-b870-5906b705c189', 'Birger', 'Hornig', 'info@physiofit-wil.ch', '071 911 64 12', 'Physiofit Wil', 'St. Peterstrasse 13, 9500 Wil, St. Gallen'),
('0e80dd80-da27-4a7d-9ab3-3edbb2c947cd', 'Jürg', 'Florin', 'physiofit-klosters@hin.ch', '081 422 35 37', 'Physiofit-Klosters', 'Bahnhofstrasse 10, 7250 Klosters, Graubünden'),
('fad64bfa-d2e8-4072-9ac0-8e21fdf29de0', 'Heinz', 'Alder', 'info@physio-alder.ch', '081 733 43 53', 'Physio-Fitness Alder GmbH', 'Marktstrasse 17, 8890 Flums, St. Gallen'),
('7eeca473-a354-42b2-966b-217e2b06c505', 'Inci', 'Manfrin-Bulan', 'glattbrugg@physioflux.ch', '044 811 99 22', 'PhysioFlux GmbH', 'Flughofstrasse 42, 8152 Glattbrugg, Zürich'),
('2554d0b4-e66d-402f-963d-f70e52dbfc4a', 'Jonas', 'Meng', 'info@physioform.ch', '031 961 54 40', 'Physioform', 'Seftigenstrasse 370, 3084 Wabern, Bern'),
('f7679c72-6024-494d-96d1-3e6df107963b', 'Jennifer', 'Zenhäusern', 'jzenfox@gmail.com', '076 343 78 44', 'Physioga', 'Edlisbergweg 6, 4436 Oberdorf, Basel-Land'),
('b56bdab1-6278-4084-a4f7-d9cb22a627bf', 'Sven', 'Gruber', 'info@physio-handwerk.ch', '052 550 30 80', 'Physio-Handwerk Gruber GmbH', 'Hafenstrasse 50, 8280 Kreuzlingen, Thurgau'),
('1e9c50c2-1440-4443-ba07-ff17c77d3799', 'Sonia', 'Meyer', 'info@physio-meyer.ch', '056 441 04 92', 'Physiohausen Sonia Meyer GmbH', 'Hauptstrasse 50, 5212 Hausen, Aargau'),
('51507910-ae07-4b41-b839-18773fb8b282', 'Michèle', 'Henry', 'therapie@physiohenry.ch', '078 618 50 70', 'Physiohenry', 'Dachlissertrasse 6, 8932 Mettmenstetten, Zürich'),
('5609c40c-9405-4602-bab9-85f6172960ed', 'Markus', 'Hildebrandt', 'info@physiohildebrandt.ch', '031 332 16 17', 'PhysioHildebrandt', 'Sickingerstrasse 4, 3014 Bern, Bern'),
('710dc03d-d3c6-4615-9bf8-cc2e147eebd7', 'Thomas', 'Flury', 'physio.flury@pobox.ch', '061 272 14 96', 'Physioinstitut Thomas Flury', 'Malzgasse 14, 4052 Basel, Basel-Stadt'),
('e4ed0e38-026b-43db-812c-8165cca4f6a9', 'Priska', 'Pfamatter', 'priska.pfammatter@gmail.com', '077 416 16 15', 'Physioischlogisch', 'Oltingerstrasse 7, 4118 Rodersdorf, Solothurn'),
('6696a94d-21d1-47cf-9715-66f629ee77ea', 'Remco', 'Hitzert', 'physio-it@bluewin.ch', '081 785 22 62', 'Physio-it GmbH', 'Bahnhofstrasse 6, 9475 Sevelen, St. Gallen'),
('b577c41b-c42c-418f-9715-1380508b15a9', 'Josephina', 'ten Veldhuis', 'physio-jose@quicknet.ch', '079 622 49 87', 'Physio-José GmbH', 'Aarmühlestrasse 11, 3800 Interlaken, Bern'),
('7b2521b9-b0cd-496e-bde7-93838d47caf1', 'Marcel', 'Van der Schouw', 'physiok@vtxmail.ch', '071 672 45 40', 'PhysiOK GmbH', 'Bachstrasse 20, 8280 Kreuzlingen, Thurgau'),
('146b373b-d976-4499-8394-40a3a06f0448', 'Pascal', 'Knobel', 'infobasel@physioknobel.ch', '076 411 27 41', 'physioknobel GmbH', 'Claragraben 84, 4057 Basel, Basel-Stadt'),
('e18427d9-b605-45d9-a60c-0f72e795d477', 'Simone', 'Gertschen', 'physiokraft@physio-hin.ch', '033 251 50 00', 'Physiokraft', 'Niesenstrasse 1, 3600 Thun, Bern'),
('ec96058a-2e7f-406c-af2b-0d42eb16d9c1', 'Angelika', 'Stutz', 'physiolab@hin.ch', '071 740 02 92', 'physioLAB Stutz GmbH', 'Hauptstrasse 98, 9434 Au, St. Gallen'),
('e3ffc304-4b17-4862-8b33-f93d72d2ff98', 'Heidi-Maria', 'Bschorr', 'bschorr@physio-hin.ch', '062 892 25 13', 'Physio-Lenzburg', 'Hintere Kirchgasse 4, 5600 Lenzburg, Aargau'),
('9cde6542-a30f-452d-972a-28b1e07388dd', 'Ueli', 'Bärtschi', 'zumikon@physioline.ch', '043 288 04 37', 'Physioline GmbH', 'Schwäntenmos 14, 8126 Zumikon, Zürich'),
('677d424f-bc8e-49be-be25-bd40e4d47e5a', 'Lourens T.', 'Olivier', 'info@physiolivier.ch', '079 597 50 50', 'Physiolivier', 'Wydenstrasse 6, 3076 Worb, Bern'),
('0eefc925-602c-40dc-9910-ef855b5178f8', 'Denise', 'Rüttimann', 'denise@physioloft.ch', '079 699 00 99', 'Physioloft GmbH', 'Wildenaustrasse 25, 9444 Diepoldsau, St. Gallen'),
('2d1721a9-c14e-45fd-b18d-87cfafe8ec3f', 'Birgit', 'Sempach', 'info@physio-logisch.ch', '031 711 42 05', 'Physio-logisch', 'Sonnmattstrasse 24, 3506 Grosshöchstetten, Bern'),
('4a0705ac-215a-4977-9df1-758a7bf06b51', 'Luuk', 'in ‘t Zand', 'physioluuk@physio-hin.ch', '081 322 24 44', 'Physioluuk GmbH', 'Karlihofstrasse 7, 7208 Malans, Graubünden'),
('864ca534-3647-422e-a177-2d04e2c1868c', 'Myriam', 'Baldinger', 'info@physiolympic.ch', '071 911 97 30', 'Physiolympic GmbH', 'Bronschhoferstrasse 2a, 9500 Wil, St. Gallen'),
('15fa3be5-5fb3-4cee-b96d-bd0c60b35c90', 'Tomislav', 'Zivkovic', 'info@physiomade.ch', '079 586 60 10', 'Physiomade GmbH', 'Thurgauerstrasse 40, 8050 Zürich, Zürich'),
('e4810dab-c2c7-4a00-a81f-abbf55ab27af', 'Karel', 'Madou', 'physiomadou@gmail.com', '056 249 09 24', 'PhysioMadou GmbH', 'Barzstrasse 3, 5330 Bad Zurzach, Aargau'),
('f2d26541-6eb6-4153-942a-aabfa029cd62', 'Irene', 'Meuli', 'info@physiomasans.ch', '081 353 65 62', 'physiomasans', 'Kirchgasse 55, 7000 Chur, Graubünden'),
('4edd9ee6-6dc9-49fd-ad9a-fedf2bf01248', 'Atilla', 'Altunok', 'physiomedarbon@hin.ch', '071 558 40 25', 'Physiomed Arbon Altunok & Schaarschmidt', 'Rebhaldenstrasse 6, 9320 Arbon, Thurgau'),
('eb5ffdb4-c054-4fb8-890e-5b4f939d7c05', 'Michael', 'Antoni', 'michael.antoni@bluewin.ch', '055 644 49 00', 'Physiomed Glarnerland AG', 'Sernftalstrasse 6, 8762 Schwanden, Glarus'),
('0672ba87-9bca-49e7-83bf-9c4979d7ba84', 'Roland', 'Hug', 'info@physiomed.ch', '043 843 95 65', 'Physiomed home', 'Weiernmatt 4, 8708 Männedorf, Zürich'),
('d395a1bb-96e8-4103-9607-ac9faacad88f', 'Lucia', 'Pozzi', 'info@physio-med.ch', '056 426 80 60', 'PhysioMed Lucia A. Pozzi und Co. Wettingen', 'Landstrasse 115, 5430 Wettingen, Aargau'),
('5c473841-f42f-45f9-87fb-e2fa071805b1', 'Davide', 'Savastano', 'info@physiomed-savastano.ch', '031 311 50 66', 'PhysioMed Savastano', 'Könizstrasse 74, 3008 Bern, Bern'),
('34310c45-0a56-4481-bfbc-a7eb887ccb17', 'Benjamin', 'Schreiber', 'info@physiomed-osteomed.ch', '071 371 90 10', 'Physiomed Schreiber GmbH', 'Ilgenstrasse 16, 9113 Degersheim, St. Gallen'),
('4d59939b-95e7-4e71-94f4-c264569b3a9d', 'Jos', 'Wammes', 'info@physiomed-wammes.ch', '071 385 45 67', 'Physiomed Wammes', 'St. Gallerstrasse 77, 9200 Gossau, St. Gallen'),
('dfb0a88b-77ae-49dd-a08c-8b2f5804b98a', 'Cornelia', 'Stohr', 'info@physio-medifit.ch', '056 245 82 50', 'Physio-Medifit.ch', 'Hauptstrasse 30, 5312 Döttingen, Aargau'),
('cc3f01ec-ef94-4326-a8db-2b2aeb8eb127', 'Joanne', 'Hartje', 'physiomobil-hartje@mailbox.org', '077 449 19 40', 'Physiomobil Joanne Hartje', 'Zelgstrasse 10, 3027 Bern, Bern'),
('42297c20-8ab6-41c4-b923-41c650daa229', 'Emanuel', 'Gerard', 'e.gerard@physio-hin.ch', '079 392 70 70', 'Physiomobil Thun', 'Bälliz 40, 3600 Thun, Bern'),
('25b3dceb-f886-4152-b691-00ad28ea254e', 'Maya', 'Pianta', 'maya.pianta@physio-hin.ch', '079 440 97 97', 'PhysioMobile Pianta Maya', 'Via Traunter Plazzas 5, 7500 St. Moritz, Graubünden'),
('59e1db17-129e-4ace-8cda-39896a03a35a', 'Sonja', 'Spirig Pfeiffer', 'info@physiomotion.ch', '071 891 67 37', 'Physiomotion GmbH', 'Dorfstrasse 26a, 9413 Oberegg, Appenzell Innerrhoden'),
('b4d2995a-354f-4b23-b03e-3da3f11b427f', 'Sara', 'Bührer', 'info@physio-move.ch', '079 679 83 00', 'PhysioMove', 'Breitenaustrasse 117, 8200 Schaffhausen, Schaffhausen'),
('4784178b-0309-4975-98d1-ee7bf19b89a2', 'Silvia', 'Frehner-Jenny', 'sulgen@physiomoves.ch', '071 558 35 58', 'Physiomoves Sulgen', 'Hauptstrasse 3, 8583 Sulgen, Thurgau'),
('a00819cc-f29a-4ed3-bdb2-9b83164c76d3', 'Floor', 'Wildeman', 'wildeman@physio-movimento.ch', '043 540 48 28', 'Physiomovimento', 'Gufenhaldenweg 4, 8708 Männedorf, Zürich'),
('b7b8fca8-3549-48ee-be42-43578eafb3ca', 'Nadine', 'Senn', 'physion@physion.ch', '071 622 00 40', 'Physion - Praxis für Physiotherapie', 'Wiler Strasse 10, 8570 Weinfelden, Thurgau'),
('6ac09229-a546-46b0-b5ef-46add37798d3', 'Jessica Maria', 'Goy', 'jessica@physionara.ch', '061 554 45 33', 'Physionara', 'Holeestrasse 159, 4054 Basel, Basel-Stadt'),
('2b8b719a-dc55-4a86-b30d-49bbbabe2d9e', 'Philip', 'Rist', 'info@physione.ch', '077 487 16 33', 'PhysiONE', 'Asylstrasse 106, 8032 Zürich, Zürich'),
('258ae434-3f80-4935-af5b-6ed329d2f628', 'René', 'Corbeels', 'rewico@gmail.com', '055 422 81 18', 'physio-nl', 'Eisenbahnstrasse 5, 8840 Einsiedeln, Schwyz'),
('4d3f4f84-70ee-4870-83ba-a35b3be19939', 'Bart', 'Boendermaker', 'boendermaker@physion-meilen.ch', '044 923 74 00', 'PHYSION-Praxis für Physio und manuelle Therapie', 'Seidengasse 43, 8706 Meilen, Zürich'),
('1f8185dd-90e2-493d-a8d4-ce515685e4ac', 'Thomas', 'Sax', 'info@physio-ost.com', '081 525 70 50', 'Physio-Ost AG', 'Schützengartenstrasse 4, 8890 Flums, St. Gallen'),
('c61bc866-7e7d-463b-b8bb-a4e611a50c5d', 'Johannes', 'Niklaus', 'physioplaffeien@gmail.com', '026 419 39 30', 'Physioplaffeien', 'Bühnimatta 10, 1716 Plaffeien, Fribourg/Freiburg'),
('5613b7e2-8e20-40d1-a2c1-70223a0a88b2', 'Katharina', 'Brütsch', 'kb@physiodiessenhofen.ch', '052 533 78 87', 'PhysioPlus Diessenhofen GmbH', 'Hauptstrasse 17, 8253 Diessenhofen, Thurgau'),
('87ecca86-0485-4500-ad79-b6f8eee3c203', 'Rinaldo', 'Delgrosso', 'physioplus@hin.physio', '071 722 62 92', 'Physioplus GmbH', 'Neugasse 33, 9443 Widnau, St. Gallen'),
('c9dae6d4-f035-4fdb-ae30-23ac2b139df7', 'Mauro', 'Bove', 'info@physioplus-hergiswil.ch', '041 630 42 45', 'Physioplus Hergiswil GmbH', 'Zwydenweg 2, 6052 Hergiswil, Nidwalden'),
('6be8e748-175e-4889-a7ec-cf454c0f21c8', 'Eva', 'Wettach', 'termin@physioplusnatur.ch', '079 625 62 58', 'Physioplus Natur c/o physiomovimento', 'Schönhaldenstrasse 76a, 8708 Männedorf, Zürich'),
('26d5e73f-cf2e-49a7-914d-ea9284f9562e', 'Judith', 'Gehrig', 'info@physioplus-stadtmaert.info', '061 922 06 77', 'PhysioPlus zum Stadtmärt GmbH', 'Rheinstrasse 16, 4410 Liestal, Basel-Land'),
('0b7f9c74-de83-4633-9601-6ce5507544b6', 'Evelien', 'Van Oort Weber', 'info@physioplusaarau.ch', '062 824 52 52', 'PhysioPlusAarau', 'Bleichemattstrasse 4, 5000 Aarau, Aargau'),
('e0ae0c47-6a7e-43ad-924e-fdebaba41969', 'Markus', 'Ruflin', 'kontakt@physiopoint.ch', '061 262 21 31', 'physiopoint basel', 'Schützenmattstrasse 39, 4051 Basel, Basel-Stadt'),
('ec7b79b5-0068-4625-b884-98b020864641', 'Sasha Jahanshah', 'Heshmati', 'ppoint@physio-hin.ch', '052 366 09 90', 'Physiopoint Elsau', 'Hofwis 1, 8352 Elsau, Zürich'),
('850d4b25-8736-4a60-91be-d0d655ddcb82', 'Dorota', 'Matyjaszczyk', 'matyjaszczyk.dorota@gmx.ch', '076 481 06 68', 'Physiopolo', 'Kunklerstrasse 15, 8600 Dübendorf, Zürich'),
('2b196e1a-dfb0-4e0d-8850-11f66d34f4b4', 'Jacqueline', 'Peyer-Theler', 'info@physiopower.ch', '062 216 53 83', 'PHYSIOPOWER', 'Rotsangelstrasse 6, 4616 Kappel, Solothurn'),
('41694025-b445-4fb4-8b8a-d9fd660ffa5f', 'Denise', 'Holzmann', 'kontakt@physiopraxis-dh.ch', '076 540 26 91', 'Physiopraxis Denise Holzmann', 'Gässlimattweg 12, 3067 Boll, Bern'),
('ef6076f6-8ab0-461f-ab67-a399f121a974', 'Monika', 'Jesacher', 'praxis@jesacher.ch', '052 335 35 55', 'Physiopraxis Jesacher', 'Birchstrasse 2, 8472 Seuzach, Zürich'),
('ddb28345-1d9e-42ba-a6b8-4c55fca58b5f', 'Nadja', 'Lüdi', 'physiopraxis-luedi@bluewin.ch', '078 781 48 87', 'Physiopraxis Lüdi', 'Feldstrasse 17, 3604 Thun, Bern'),
('74f39ab3-eed1-4966-b010-323ad7f1c0bd', 'Esther', 'Pachmann', 'rapperswil@physiopraxis-gmbh.ch', '055 210 34 40', 'PhysioPraxis Rapperswil GmbH', 'Alte Jonastrasse 24b, 8640 Rapperswil, St. Gallen'),
('a6c223f0-a18f-4628-aee2-01deef752626', 'Marius', 'Strässle', 'praxis-straessle@physio-hin.ch', '078 842 48 14', 'PhysioPraxis Strässle', 'Alleestrasse 13, 3613 Steffisburg, Bern'),
('1bbcf403-df99-44cd-b384-7e66057c6c98', 'Jacqueline', 'Zondervan', 'jacq.zondervan@outlook.com', '071 988 41 15', 'Physiopraxis Wattwil', 'Ebnaterstrasse 14, 9630 Wattwil, St. Gallen'),
('7f7b31d3-d38d-4a64-958e-0f4bed4e96c2', 'Christine', 'Brunner', 'physiopraxiswitikon@physio-hin.ch', '079 628 56 13', 'Physiopraxis Witikon', 'In der Looren 11, 8053 Zürich, Zürich'),
('f0a38301-111d-4444-90cf-2fffce492708', 'Steffen', 'Hassler', 'zuerich@physiopraxis-gmbh.ch', '044 320 07 77', 'Physiopraxis Zürich', 'Herzogenmühlestrasse 12, 8051 Zürich, Zürich'),
('c84f18c1-6a4a-409b-a851-59ac900c027c', 'Christian', 'Meissgeier', 'info@physio-puma.ch', '032 652 95 28', 'physiopuma ag', 'Nerbenstrasse 16, 2543 Lengnau, Bern'),
('f773b64f-eb8b-4a8f-afca-6beef7b74a37', 'Martin', 'Christener', 'christener@physiopunktbasel.ch', '078 264 64 44', 'Physiopunkt - Basel', 'Meret Oppenheim Strasse 6, 4053 Basel, Basel-Stadt'),
('92bb6e9f-efe3-4084-9816-61adeed1de12', 'Yves', 'Schwyter', 'aktiv@physiopunkt.ch', '033 345 50 25', 'PHYSIOPUNKT - Uetendorf', 'Industriestrasse 11, 3661 Uetendorf, Bern'),
('19af9238-5c1d-4c10-9e8b-600cb4f40d4c', 'Corinne', 'Blattmann', 'info@physiopunkt-winti.ch', '052 212 16 18', 'Physiopunkt - Winterthur', 'Unterer Graben 3, 8400 Winterthur, Zürich'),
('6f8403c5-3d28-4366-9293-3345d9e376cc', 'Marlène', 'Hasler-Demont', 'hasler@physiopunkt-ueken.ch', '062 521 32 50', 'Physiopunkt-Ueken', 'Oberdorfstrasse 12, 5028 Ueken, Aargau'),
('a358f5b6-3b96-4398-af35-c79545771f0e', 'Robert', 'Wenk', 'info@physiorama-bs.ch', '061 273 96 40', 'Physiorama', 'Lange Gasse 90, 4052 Basel, Basel-Stadt'),
('0b14bf12-2185-4fa1-884e-cceeae590e39', 'Fabio', 'Rampa', 'info@physiorampa.ch', '076 448 89 12', 'Physiorampa GmbH', 'Ottenbacherstrasse 25, 8912 Obfelden, Zürich'),
('4161d9ce-e9ac-454c-bb81-0d51a6c50ebe', 'Claudia', 'Röger', 'info@physioraum.ch', '071 672 50 20', 'Physioraum', 'Sonnenstrasse 57, 8280 Kreuzlingen, Thurgau'),
('58e2e891-b7c8-4b01-b6d7-442014f8c185', 'Angela', 'Schroff', 'kontakt@physio-reha.ch', '052 761 16 69', 'physio-reha.ch Angéla Schroff', 'Schulweg 1, 8266 Steckborn, Thurgau'),
('9d56fc20-822c-4abc-af46-773dc2d815cc', 'Julia', 'Schmalz', 'info@physioroom.ch', '041 552 33 35', 'PhysioRoom GmbH', 'Taubenhausstrasse 31, 6005 Luzern, Luzern'),
('fda6187e-250c-44b9-a9b9-45241f72119f', 'Lilla', 'Hanczik-Laczkó', 'physiort@hin.physio', '062 791 31 00', 'PhysiOrt GmbH', 'Feldstrasse 6, 4663 Aarburg, Aargau'),
('0c3cfcf4-fd47-42ff-af98-27bf11dba273', 'Simone', 'Von Rickenbach', 'info@physiorundum.ch', '071 244 49 38', 'Physiorundum', 'Bruggmoos 16a, 9042 Speicher, Appenzell Ausserrhoden'),
('f537cdfb-5989-4b30-835a-161944d0b2d9', 'Alexandra', 'Kuster', 'info@physiosana.ch', '043 344 05 92', 'Physiosana', 'Industriestrasse 6, 8903 Birmensdorf, Zürich'),
('b6da8bd0-138a-4705-a529-a30112ab3037', 'Claudia', 'Hirzel', 'claudia.hirzel@gmx.ch', '041 755 00 11', 'Physiostübli', 'Poststrasse 2, 6345 Neuheim, Zug'),
('167334c9-8934-43d8-98d2-9f9e8f24c200', 'Rabie-Eduard', 'Wasinger-Azzine', 'info@physio-swissmax.ch', '061 681 79 79', 'PHYSIO-SWISSMAX KLG', 'Horburgstrasse 09, 4057 Basel, Basel-Stadt'),
('e65f9b5b-78dc-4be5-b1ce-5a4d5d91ea7a', 'Andrea', 'Studer', 'info@physio-studer.ch', '061 981 46 76', 'Physioteam Andrea Studer', 'Strehlgasse 8, 4460 Gelterkinden, Basel-Land'),
('15ade58f-a677-40dd-9bba-6151f6dd5b73', 'Sylvia', 'Wegmüller', 'sylvia.wegmueller@physio-hin.ch', '044 930 05 71', 'Physioteam Berger', 'Badenerstrasse 195, 8004 Zürich, Zürich'),
('5fa8c00f-9e22-488a-8ff9-22736ecf38b4', 'Ralf', 'Senn', 'info@email.zentrumplenavita.ch', '044 862 06 41', 'Physioteam Fischer GmbH', 'Wislistrasse 12, 8180 Bülach, Zürich'),
('20da6670-33a4-4027-a162-2f67d65dbc32', 'Katharina', 'Frank', 'infophysioteamkids@hin.ch', '071 845 54 77', 'Physioteam KIDS Rorschach', 'St. Gallerstrasse 1, 9400 Rorschach, St. Gallen'),
('e5bb0561-b492-4d42-af37-2e97885fd4e5', 'Susanne', 'Michel', 'info@physio-team-kuettigen.ch', '062 827 32 70', 'Physio-Team Küttigen', 'Hauptstrasse 43, 5024 Küttigen, Aargau'),
('f3b1c4a8-7e30-40ca-acff-f327a82c67c4', 'Peter', 'Mottier', 'p.mottier@physioteam-mottier.ch', '052 212 55 33', 'Physioteam Mottier GmbH', 'Untertor 10, 8400 Winterthur, Zürich'),
('35959495-64fd-4b7d-98a1-0f2161d754a4', 'Kathrin', 'Elmsheuser', 'info@physioteam-vita-cura.ch', '061 641 27 96', 'PhysioTeam Vita-Cura', 'Burgstrasse 112a, 4125 Riehen, Basel-Stadt'),
('8bfac3b0-bd8f-43ba-8f19-f382395e7a24', 'Petra', 'Borer', 'petra.borer@physioteam-allschwil.ch', '061 501 63 63', 'Physioteam-Allschwil', 'Baslerstrasse 353, 4123 Allschwil, Basel-Land'),
('1007848c-97d2-4aca-9d32-cc96c8d791a6', 'Brigitte', 'Maurer-Wetzel', 'physioteam@bluewin.ch', '062 391 16 40', 'Physioteam-Balsthal', 'Herrengasse 10, 4710 Balsthal, Solothurn'),
('a84df986-dcde-4086-be15-87214594e38a', 'Christoph Robert', 'Schreiber', 'c.schreiber@physioteam-s.ch', '043 377 53 54', 'PhysioTeam-S GmbH', 'Bahnhofstrasse 14, 8802 Kilchberg, Zürich'),
('5ac5e086-f068-4b74-911c-01e64f61b28b', 'Susanne', 'Chaperon', 'susanne.chaperon@hin.ch', '076 372 41 21', 'Physiotheraoue Susanne Chaperon', 'Benedikt Fontana-Weg 5, 8049 Zürich, Zürich'),
('594bc1aa-4e0d-4f8f-bc67-3a36b1c5ebc3', 'Ruth', 'Schenk', 'info@ruthschenk.ch', '041 495 26 80', 'Physiotherapie ​Ruth Schenk', 'Zückerain 27, 6017 Ruswil, Luzern'),
('caf464dc-dbe2-4ff5-b0a9-cd3e1fa16622', 'Andrea', 'Blumer-Schwyter', 'contact@physio-mb.ch', '032 323 24 17', 'Physiotherapie & Fitness Mühlebrücke', 'Mühlebrücke 8, 2502 Biel/Bienne, Bern'),
('84d4fbaf-062e-48d7-9230-53de3e5b6ea4', 'Annelie', 'Kernusik', 'annker.artwork@gmail.com', '041 820 58 68', 'PHYSIOTHERAPIE & MUSIKTHERAPIE Kernusik Annelie', 'Bahnhofstrasse 13, 6440 Brunnen, Schwyz'),
('aa6d5967-15fe-4598-9d79-77ebbb86c4ae', 'Josephina', 'Beglinger', 'kontakt@osteopathie-beglinger.ch', '041 260 15 33', 'Physiotherapie & Osteopathie Gerliswil GmbH', 'Gerliswilstrasse 53, 6020 Emmenbrücke, Luzern'),
('5c1cdb84-7728-47b3-ab26-d6ad9f44a2ca', 'Vroni', 'Wenger-Bringolf', 'vroni.wenger@bluewin.ch', '052 654 14 34', 'Physiotherapie & Osteopathie Wenger', 'Mettschlatterstrasse 4, 8252 Schlatt, Thurgau'),
('a3a8463b-a4f3-47c8-91b3-63fbbfd504ef', 'Michael', 'Rothe', 'info@sports-physio.ch', '052 386 13 33', 'Physiotherapie & Sport-Reha Michael Rothe', 'Bliggenswilerstrasse 6, 8494 Bauma, Zürich'),
('bfc99c8d-d14a-40a7-b3d1-3bbe6cc8bf11', 'Patrick', 'Kisslig', 'info@physio-grosshoechstetten.ch', '079 521 74 83', 'Physiotherapie & Training Grosshöchstetten', 'Viehmarktstrasse 7, 3506 Grosshöchstetten, Bern'),
('f25be69d-07b0-4db6-8ccc-d5f717d290ac', 'Claudia', 'Budweg', 'niederholz@physio-hin.ch', '079 285 91 04', 'Physiotherapie / Craniosacral Therapie', 'Gotenstrasse 84, 4125 Riehen, Basel-Stadt'),
('7b38e5bd-e1cc-41f0-8e04-68558b3d1146', 'Thomas', 'Schär', 'physiotherapie.lindenplatz@hin.physio', '044 431 48 13', 'Physiotherapie / Osteopathie am Lindenplatz', 'Altstetterstrasse 142, 8048 Zürich, Zürich'),
('1cffedc6-0e62-4d32-8002-2a4a250e9429', 'Martina', 'Dürmüller', 'allschwil@physio-hin.ch', '061 481 84 74', 'Physiotherapie / Osteopathie am Lindenplatz AG', 'Lindenstrasse 9, 4123 Allschwil, Basel-Land'),
('769c7f41-826c-43eb-afe3-4e317acd7ba5', 'Jacob', 'Bruijn', 'jaap.bruijn@bluewin.ch', '062 723 71 07', 'Physiotherapie / Osteopathie Bruijn Jacob', 'Lindenbühl 21, 5742 Kölliken, Aargau'),
('9d2f78bb-448a-4307-a744-4103d8a9cc34', 'Marjan', 'Gediga', 'info@physiotherapie-gediga.ch', '056 241 27 57', 'Physiotherapie / Osteopathie Gediga GmbH', 'Dorfstrasse 37, 5425 Schneisingen, Aargau'),
('969dbbce-0180-40e4-a665-cad665e766a7', 'Marco', 'Von Arx', 'physio.mva@yahoo.com', '062 891 56 26', 'Physiotherapie „Haus alte Mühle“', 'Bachstrasse 2, 5600 Lenzburg, Aargau'),
('5c410670-2bd8-4bfd-bbcc-bc40af0369d9', 'Germaine', 'Lenzner', 'physio.kradolf@hin.physio', '071 642 33 00', 'Physiotherapie + Craniosacral Therapie Kradolf GmbH', 'Neueckstrasse 1, 9214 Kradolf, Thurgau'),
('5230b89d-1123-4697-877b-8f4a0c19deb4', 'Christa', 'Rüttimann Bieri', 'mail@physiocranio-praxis.ch', '044 363 36 10', 'Physiotherapie + Craniosacrale Osteopathie', 'Schindlerstrasse 10, 8006 Zürich, Zürich'),
('3eade8cc-feae-4d7c-9193-bdc0a2cd4707', 'Nenad', 'Gvozdic', 'info@physiotherapie011.ch', '041 410 18 31', 'Physiotherapie 011 GmbH', 'Fluhmattweg 4, 6004 Luzern, Luzern'),
('cd83cb04-dab3-4c70-93a7-119a23495e70', 'Doris', 'Schnyder', 'doris.schnyder@gmx.ch', '034 402 33 66', 'Physiotherapie Achse', 'Marktstrasse 8, 3550 Langnau im Emmental, Bern'),
('9c2da98d-1ed9-44cd-8b8b-eab1bd89276a', 'Eia', 'Escher', 'physioteam.escher@hin.ch', '044 709 16 01', 'Physiotherapie Actice Care', 'Albisstrasse 33, 8134 Adliswil, Zürich'),
('20114c81-e92f-4228-b2e5-4640f64529bc', 'Judith', 'Lisibach', 'j.lisibach@physio-hin.ch', '041 620 11 71', 'Physiotherapie ActiVita, Judith Dittli-Lisibach', 'Beckenriederstrasse 7, 6374 Buochs, Nidwalden'),
('21c741ea-acdd-4855-bf15-d743b5e50629', 'Stefan', 'Stöhr', 'actiway.physio@hin.ch', '071 525 25 02', 'Physiotherapie Actiway', 'Feldlistrasse 2, 9000 St. Gallen, St. Gallen'),
('e490f83c-cfbd-4c06-b7d6-b52d19b5b894', 'Dörte', 'Adam-Petrausch', 'adam@physio-hin.ch', '076 262 80 88', 'Physiotherapie Adam', 'Steinwiesstrasse 32, 8032 Zürich, Zürich'),
('0b9610fd-037d-4b8f-91f4-d7942d0b1588', 'Ad', 'van den Bergh', 'kontakt@physioadliswil.ch', '044 710 08 00', 'Physiotherapie Adliswil', 'Webereistrasse 49, 8134 Adliswil, Zürich'),
('2d1d11af-39b0-4239-8822-e9a02f228beb', 'Adrian', 'Bolanz', 'gesundheit@adrianbolanz.ch', '076 426 37 38', 'Physiotherapie Adrian Bolanz', 'Unterer Haldenweg 12, 5600 Lenzburg, Aargau'),
('55bbf332-c0e1-45f5-a2bf-3cdd39405674', 'Manuel', 'Deucher', 'physio-aemme@hin.physio', '034 461 71 17', 'Physiotherapie Aemme GmbH', 'Bahnhofstrasse 21, 3432 Lützelflüh-Goldbach, Bern'),
('73569b53-0f58-4cef-a810-f215f2be52ce', 'Konstantinos', 'Chloros', 'kosta.chloros@physiotherapie-affoltern.ch', '043 541 02 76', 'Physiotherapie Affoltern', 'Lindenmoosstrasse 8, 8910 Affoltern am Albis, Zürich'),
('7a8e352b-c24e-4c30-9423-a9c425db29c7', 'Heikki', 'Hellsten', 'info@arbeitsmedizin.ch', '056 205 44 44', 'Physiotherapie AG Institut für Arbeitsmedizin', 'Kreuzweg 3, 5400 Baden, Aargau'),
('6a57fd4f-c48d-4b05-ad81-6cd5d9303b31', 'Svenja', 'Schuler-Meijer', 'info@physio-aegerital.praxismail.ch', '041 750 53 33', 'Physiotherapie Ägerital GmbH', 'Lindengasse 10, 6314 Unterägeri, Zug'),
('f01c1ead-d187-47b1-86ea-5e23e9932a57', 'Agnieszka', 'Tkaczyk', 'kontakt@physio-tkaczyk.ch', '076 227 52 52', 'Physiotherapie Agnieszka Tkaczyk', 'Töpferstrasse 5, 6004 Luzern, Luzern'),
('85b35c7b-8f63-4805-901a-88d810deb4a4', 'Traute', 'Schmidt', 'info@trauteschmidt-ahoi.ch', '071 422 46 58', 'Physiotherapie Ahoi', 'Stockenerstrasse 26, 9220 Bischofszell, Thurgau'),
('568d26f6-9bcc-41b2-91fb-51e249ee352b', 'Doris', 'Haas', 'info@albas.ch', '044 940 97 50', 'Physiotherapie Albas', 'Zürichstrasse 1, 8610 Uster, Zürich'),
('0f6b1db3-62ba-47a7-bab6-60934cff5c4b', 'Alexander', 'Milich', 'alexander.milich@hispeed.ch', '071 951 61 51', 'Physiotherapie Alexander Milich', 'Wiesentalstrasse 11, 9242 Oberuzwil, St. Gallen'),
('09982d18-a5bf-4e5e-8344-b3501fc19eba', 'Alexandra', 'Hasse', 'praxis@physio-hasse.ch', '076 778 68 38', 'Physiotherapie Alexandra Hasse', 'Matthäusstrasse 18, 4057 Basel, Basel-Stadt'),
('ae040993-2131-412f-b197-c4dd2dc134d9', 'Anne', 'Brinkman', 'info@physio-altstadt-winterthur.ch', '052 212 81 16', 'Physiotherapie Altstadt Winterthur', 'Stadthausstrasse 71, 8400 Winterthur, Zürich'),
('ed9b5065-910e-458a-9f7b-f69fd3078c66', 'Christina', 'Bellwald Cortat', 'info@physiotherapie-altstadt.ch', '044 262 30 40', 'Physiotherapie Altstadt Zürich', 'Mühlegasse 25, 8001 Zürich, Zürich'),
('ed1b608c-a01b-450c-b66f-7b1718ffd403', 'Cesar', 'Ricardi', 'physioricardi@hin.physio', '044 430 40 01', 'Physiotherapie Altstetten', 'Albulastrasse 55, 8048 Zürich, Zürich'),
('d4989f97-0638-4622-90dd-fe2de9478c7a', 'Kathrin', 'Fluri-Stebler', 'physiotherapie@az-ambachgraben.ch', '061 485 31 30', 'Physiotherapie am Bachgraben', 'Muesmattweg 33, 4123 Allschwil, Basel-Land'),
('5bed466b-9d12-4278-9e51-537290f7fa66', 'Yvonne', 'Romey', 'yvonne.romey@physio-hin.ch', '061 691 13 66', 'Physiotherapie am Badischen Bahnhof Yvonne Romey', 'Rosentalstrasse 70, 4058 Basel, Basel-Stadt'),
('0fbf8a78-3595-40ff-96bf-bcc8a18c12a4', 'Christof', 'Hendel', 'praxis@physiotherapiebasel.ch', '061 361 80 30', 'Physiotherapie am Bahnhof Basel', 'Solothurnerstrasse 15, 4053 Basel, Basel-Stadt'),
('dc220cf4-2085-4588-bc09-8e6e1b727df7', 'Nicole', 'Eggs', 'nicole.eggs@sunrise.ch', '076 388 61 14', 'physiotherapie am bahnhof dornach', 'Amthausstrasse 2, 4143 Dornach, Solothurn'),
('f0afc721-5d57-4eba-afb1-55fa4a28a864', 'Beate', 'Raha', 'b.raha@physio-neuenhof.ch', '056 406 27 82', 'Physiotherapie am Bahnhof Neuenhof', 'Hardstrasse 54, 5432 Neuenhof, Aargau'),
('892fea0d-6117-40ec-a01c-5538b07ede27', 'Sabina', 'Wiederkehr', 'info@physiobirsig.ch', '061 721 45 24', 'Physiotherapie am Birsig', 'Fraumattenstrasse 5a, 4105 Biel-Benken, Basel-Land'),
('61605a70-feee-4500-a1c5-e76434bdb1ad', 'Jolanda', 'Hochstrasser', 'physio.claraplatz@gmail.com', '061 501 86 86', 'Physiotherapie am Claraplatz', 'Claraplatz 1, 4058 Basel, Basel-Stadt'),
('5ef2c413-a2de-4fe8-bb89-6fa1067eb71e', 'Kathrin', 'Bühler', 'physio-dorfplatz@bluewin.ch', '032 377 16 16', 'Physiotherapie Am Dorfplatz GmbH', 'Konsumweg 4, 2542 Pieterlen, Bern'),
('505ad6f8-8604-487a-8ea5-d3cc262e57e2', 'Petra', 'Harder', 'info@physio-fiechthag.ch', '061 421 19 30', 'Physiotherapie am Fiechthag', 'Fiechthagstrasse 4, 4103 Bottmingen, Basel-Land'),
('c19c2a33-c2e7-46b5-b433-b97afbb433d4', 'Elisabeth', 'Gekeler', 'elisabeth.gekeler@physio-idaplatz.ch', '043 960 00 54', 'Physiotherapie am Idaplatz', 'Gertrudstrasse 34, 8003 Zürich, Zürich'),
('de5fd4d2-60ef-4ae3-8f71-628bd11cfc22', 'Rahel', 'Schweizer-Dahinden', 'rahelschweizer@gmx.ch', '071 911 66 40', 'Physiotherapie am Kreisel', 'Zürcherstrasse 6, 9500 Wil, St. Gallen'),
('6409a1a1-5258-4c69-9c83-f6ba95df6f5e', 'Ute', 'Pirscher', 'pirscher@physio-am-markthof.ch', '056 556 22 80', 'Physiotherapie am Markthof', 'Kirchweg 26, 5415 Nussbaumen, Aargau'),
('cef1a8b1-a4e0-407c-98e9-097d7a75ec32', 'Patricia', 'Furrer-Bossart', 'info@physio-am-marktplatz.ch', '071 393 75 75', 'Physiotherapie am Marktplatz GmbH', 'Magdenauerstrasse 1, 9230 Flawil, St. Gallen'),
('f97de953-82ba-4118-8983-1700f8f2dda9', 'Claudia', 'Aregger-Hackebeil', 'info@physionapf.ch', '041 979 03 30', 'physiotherapie am napf gmbh', 'Dorfstrasse 24, 6133 Hergiswil b. Willisau, Luzern'),
('16ada7da-7257-45f4-914a-4226eab37141', 'Yannic', 'Meister', 'meister@physioneumarkt.ch', '032 322 20 22', 'Physiotherapie am Neumarkt', 'Marktgasse 37, 2502 Biel/Bienne, Bern'),
('c3d88d04-93d8-4900-960b-03f43d0f03ea', 'Janos', 'Neldner', 'j.neldner@physio-hin.ch', '071 222 50 44', 'Physiotherapie am oberen Graben', 'Oberer Graben 22, 9000 St. Gallen, St. Gallen'),
('9ad5f6dc-c76a-47b2-9172-1cd4184d5e31', 'Andrea', 'Borruat', 'info@physiotherapie-am-paerkli.ch', '071 740 96 66', 'Physiotherapie am Pärkli', 'Parkstrasse 12, 9430 St. Margrethen, St. Gallen'),
('90a378db-1793-4d04-99ce-83ca9ed2d043', 'Sandra', 'Di Renzo', 'ptamrhein@physio-hin.ch', '079 911 41 17', 'Physiotherapie am Rhein Sandra Di Renzo', 'Steinenvorstadt 33, 4051 Basel, Basel-Stadt'),
('6beabbcf-53b9-42e4-adac-d5df21a1c912', 'Antje', 'Kruse', 'antje.kruse@physio-kruse.ch', '061 421 77 47', 'Physiotherapie am Schlosspark Antje Kruse', 'Baslerstrasse 60, 4102 Binningen, Basel-Land'),
('d911519a-13d0-4f45-bcb7-2817fc7e7327', 'Andrea', 'Orthen', 'andreaprax@hotmail.com', '044 914 22 05', 'Physiotherapie am See', 'Seestrasse 122, 8700 Küsnacht, Zürich'),
('7e2af8a6-b35d-4ba7-b4c3-a5804f3d54cf', 'Brigitte', 'Luder', 'pppb@adon.li', '079 221 33 05', 'Physiotherapie am See Buchs', 'St. Gallerstrasse 46, 9470 Buchs, St. Gallen'),
('617af426-249b-4f9a-a3fc-6f8e45961715', 'Grazyna', 'Lengacher', 'info@physio-sonnenplatz.ch', '041 260 60 86', 'Physiotherapie am Sonnenplatz GmbH', 'Gerliswilstrasse 69, 6020 Emmenbrücke, Luzern'),
('8ba36afd-1692-4d12-a62b-b94fc4e62fed', 'Patricia', 'Scheuber-Hugener', 'patricia.scheuber@bluewin.ch', '079 626 61 65', 'Physiotherapie am Sonnenrain', 'Sonnenrainweg 8, 9032 Engelburg, St. Gallen'),
('d179723a-8110-46c8-af81-2eba4eb0070f', 'Hendrik', 'Dijkstra', 'info@physiotherapie-rheinfelden.ch', '061 831 70 40', 'Physiotherapie am Stadtweg, Henk Dijkstra', 'Stadtweg 4, 4310 Rheinfelden, Aargau'),
('42495472-970a-4dc2-9aa3-d4292961ef52', 'Ruth', 'Portmann', 'info@kinder-physio.ch', '056 621 38 40', 'Physiotherapie am Steindler GmbH', 'Friedhofstrasse 12, 5610 Wohlen, Aargau'),
('79078498-c9c7-4922-bf04-c64b71d4c618', 'Corinne', 'Wettstein Wattinger', 'info@physiosternen.ch', '044 311 73 77', 'Physiotherapie am Sternen Oerlikon', 'Schaffhauserstrasse 347, 8050 Zürich, Zürich'),
('f76a0389-d3e2-47a8-804e-8acd7f7d2d27', 'Florence', 'Häcki', 'kontakt@physio-am-tobelhof.ch', '043 333 20 13', 'Physiotherapie am Tobelhof Florence Häcki', 'Tobelhofstrasse 23a, 8044 Zürich, Zürich'),
('6ec04d16-d90b-4625-b2ea-434382f45038', 'Brigitta', 'Stenz', 'info@physio-viadukt.ch', '044 272 10 00', 'Physiotherapie am Viadukt', 'Heinrichstrasse 215, 8005 Zürich, Zürich'),
('1d5fde4e-f493-4891-adc0-4747e030674f', 'Andrea', 'Weber', 'sekretariat.chefarzt@zen-biel.ch', '032 321 42 00', 'Physiotherapie am Z.E.N. der Stiftung Wildermeth', 'Kloosweg 22, 2502 Biel/Bienne, Bern'),
('037f6092-1be9-45cb-b5b4-790f788ed928', 'Marie-Christine', 'Ammann', 'info@physiotherapie-ammann.ch', '055 410 70 72', 'Physiotherapie Ammann GmbH', 'Rebstockstrasse 4, 8808 Pfäffikon, Schwyz'),
('0ac93a4b-028d-4460-9ea5-b1cc23e97c2a', 'Jacqueline', 'Amstutz', 'j.amstutz@physio-amstutz.ch', '044 821 21 64', 'Physiotherapie Amstutz GmbH', 'Bahnhofstrasse 5, 8600 Dübendorf, Zürich'),
('e2fcd364-0039-4ed2-8b5f-34f4cb64efae', 'Rita', 'Vink', 'rvinkphysio@sunrise.ch', '061 556 45 60', 'Physiotherapie an der Ergolz - Gelterkinden', 'Poststrasse 8, 4460 Gelterkinden, Basel-Land'),
('277fe1bf-1d1f-4e2b-9f53-0a9e45353def', 'Katrin', 'Grotefels', 'info@physiotherapie-liestal.ch', '061 901 41 41', 'Physiotherapie an der Ergolz, Katrin Grotefels', 'Hammerstrasse 35a, 4410 Liestal, Basel-Land'),
('b5bbd11e-2ee5-4302-a57b-0afb9aafd12f', 'Martina', 'Stecker', 'anderhalde@hin.physio', '081 353 77 60', 'Physiotherapie an der Halde GmbH', 'Steinbruchstrasse 12, 7000 Chur, Graubünden'),
('850f8c36-d670-4e45-9b4a-36237c17cbf9', 'Silvia', 'Kanabé', 'physio_toess@bluewin.ch', '052 394 12 11', 'Physiotherapie an der Töss GmbH', 'Gublenstrasse 12a, 8494 Bauma, Zürich'),
('a42918cf-b3e2-46c1-81bb-61df7c9dc0d8', 'André', 'Handwerg', 'andre.handwerg@gmail.com', '079 680 45 44', 'Physiotherapie André Handwerg', 'Spielmatte 1, 6222 Gunzwil, Luzern'),
('c97811df-bf80-4692-910d-cfa84762d3a1', 'Andrea Daniela', 'Strössler', 'info@quantec-basel.ch', '076 464 53 33', 'physiotherapie andrea daniela strössler', 'Hammerstrasse 160b, 4057 Basel, Basel-Stadt'),
('f3758041-4fe4-4442-8786-ad6251e63ae2', 'Andrea', 'Häusermann', 'haeusermann-balsthal@hin.physio', '062 391 52 66', 'Physiotherapie Andrea Häusermann', 'Byfangweg 1, 4710 Balsthal, Solothurn'),
('99071a4a-51e3-4281-9d76-782cc5804c80', 'Andreas', 'Mühlheim', 'physio.muehlheim@bluewin.ch', '032 665 42 32', 'Physiotherapie Andreas Mühlheim GmbH', 'Ringweg 2, 3427 Utzenstorf, Bern'),
('ca626ab9-b774-42cb-b3de-7ece8c427f0a', 'Anett', 'Eckert-Voss', 'info@physio-anett.ch', '044 710 51 40', 'Physiotherapie Anett', 'Florastrasse 2, 8134 Adliswil, Zürich'),
('ea3360b4-4722-4320-8294-b29395bf0359', 'Nicole', 'Angstmann', 'nicole.angstmann@physio-hin.ch', '076 328 13 66', 'Physiotherapie Angstmann', 'Limmattalstrasse 410/414, 8049 Zürich, Zürich'),
('84d734b5-4957-47d9-8876-38155451d9f4', 'Anique', 'Sidorowicz', 'anique.a@gmail.com', '044 725 27 47', 'Physiotherapie Anique Sidorowicz', 'Erlenstrasse 1, 8810 Horgen, Zürich'),
('3e5b1ec7-f110-4aa3-a8a1-7fbff6501aab', 'Anita', 'Cotting', 'info@physio-cotting.ch', '032 653 00 44', 'Physiotherapie Anita Cotting GmbH', 'Bettlachstrasse 8, 2540 Grenchen, Solothurn'),
('59260c95-3bc3-4232-9f9e-f4315801c789', 'Anita', 'Wenger', 'physiotherapie@anitawenger.ch', '079 510 04 19', 'Physiotherapie Anita Wenger', 'Luzernstrasse 7, 4528 Zuchwil, Solothurn'),
('4bb228e4-80ba-4f79-8f45-9db490967600', 'Anja', 'Herwig', 'physiomaienfeld@bluewin.ch', '081 302 52 82', 'Physiotherapie Anja Herwig', 'Kaufhausplatz 7, 7304 Maienfeld, Graubünden'),
('cfd48612-3542-4fcf-acae-92b6f01f5537', 'Anja', 'Wieland', 'info@physiotherapie-wieland.ch', '079 697 42 57', 'Physiotherapie Anja Wieland', 'Wüestländestrasse 8, 5737 Menziken, Aargau'),
('64761294-0973-4140-8f95-7585f1c1fa0a', 'Anke', 'Koch', 'info@physiokoch.ch', '056 631 17 17', 'Physiotherapie Anke Koch', 'Vogelsangstrasse 19, 5620 Bremgarten, Aargau'),
('72a8c144-5878-4294-8832-f724b053aee4', 'Ann-Charlotte', 'Niklaus', 'lotta@evard.ch', '032 396 20 41', 'Physiotherapie Ann Charlotte Niklaus-Tuominen', 'Wasenweg 7, 2575 Täuffelen, Bern'),
('bc9473c7-5903-4e01-be03-5c8726f66f53', 'Annette', 'Kolb', 'annette.kolb@physio-relax.ch', '081 710 08 52', 'Physiotherapie Annette Kolb', 'Gamsabetaweg 10, 9478 Azmoos, St. Gallen'),
('d17a25d9-9b39-46a3-bce7-8e4d8fdabc11', 'Christian', 'Wild', 'christian.wild@physio-appenzellerland.ch', '071 333 25 52', 'Physiotherapie Appenzellerland Sport', 'Bächlistrasse 9a, 9053 Teufen, Appenzell Ausserrhoden'),
('c59a86b1-e9ca-415a-984e-061d1f7c8fbf', 'Elisabeth', 'Bächler', 'physio@arjuna.ch', '079 830 44 11', 'Physiotherapie Arjuna', 'Oberdorf 26, 1718 Rechthalten, Fribourg/Freiburg'),
('7afa4af1-5f3d-4373-80db-342470d0379f', 'Armin', 'Reiss', 'armin.reiss@gmx.net', '044 362 54 03', 'Physiotherapie Armin Reiss', 'Im Dörfli 77, 8953 Dietikon, Zürich'),
('c73f413e-3124-445e-8401-2d53e76ffbae', 'Christian', 'Artho', 'mail@physioartho.ch', '081 284 60 62', 'Physiotherapie Artho', 'Belmontstrasse 1, 7000 Chur, Graubünden'),
('60698eb0-928f-4a56-ba4c-e46b5649c03b', 'Rosario', 'Artico', 'artico@physiotherapie-artico.ch', '062 823 24 35', 'Physiotherapie Artico AG', 'Bahnhofstrasse 17, 5000 Aarau, Aargau');

INSERT INTO leads (id, contact_id, source, status, value, notes) VALUES
('b7a9d37d-270a-4b39-99b6-2afb049977b5', '9925ba7c-92b2-460b-a30f-98ce0c32bc6a', 'KALTAKQUISE', 'ACTIVE', 0, 'Funktion: Geschäftsführer/in (CEO) | Mitarbeiter: 1 bis 10 | Branche: Physiotherapie'),
('4d77fda5-f479-49a6-935e-db9b9c1a5e7b', '112d4005-12b6-4159-828e-efdd0eb4e771', 'KALTAKQUISE', 'ACTIVE', 0, 'Funktion: Geschäftsführer/in (CEO) | Mitarbeiter: 1 bis 10 | Branche: Physiotherapie | Rechtsform: Aktiengesellschaft'),
('c2551eab-a557-4bc5-aace-2fe37a5efbb5', '25af4207-96cb-420e-bcfe-e3716d7f217e', 'KALTAKQUISE', 'ACTIVE', 0, 'Funktion: Geschäftsführer/in (CEO) | Mitarbeiter: 1 bis 10 | Branche: Physiotherapie'),
('dbe3bca0-394c-4014-85cb-f0ff6b94dc99', '4185f4ac-4c92-472c-af7f-1e1eef357b14', 'KALTAKQUISE', 'ACTIVE', 0, 'Funktion: Geschäftsführer/in (CEO) | Mitarbeiter: 11 bis 20 | Branche: Physiotherapie | Rechtsform: Kollektivgesellschaft'),
('304e2c78-f253-4899-aba9-1c5ba871fd1b', '4e7cd6ee-a6a0-4f4f-97a3-9fa6db72a95d', 'KALTAKQUISE', 'ACTIVE', 0, 'Funktion: Geschäftsführer/in (CEO) | Mitarbeiter: 1 bis 10 | Branche: Physiotherapie | Rechtsform: Gesellschaft mit beschränkter Haftung'),
('2cfac3d1-6658-4bc8-b84c-c5bafc3409b6', '4b6c535d-8459-415a-bd07-4d5a80a9f972', 'KALTAKQUISE', 'ACTIVE', 0, 'Funktion: Geschäftsführer/in (CEO) | Mitarbeiter: 1 bis 10 | Branche: Tierarztpraxen'),
('ebcf6dd1-aebb-4b78-8763-ab45656e6476', '0762bf11-f798-4c1a-bdc9-283dda25bb39', 'KALTAKQUISE', 'ACTIVE', 0, 'Funktion: Geschäftsführer/in (CEO) | Mitarbeiter: 1 bis 10 | Branche: Physiotherapie | Rechtsform: Gesellschaft mit beschränkter Haftung'),
('30920404-4f35-4f9f-8761-b6267a612374', '5f0b42ee-272b-443d-8355-484ddfcd13a1', 'KALTAKQUISE', 'ACTIVE', 0, 'Funktion: Geschäftsführer/in (CEO) | Mitarbeiter: 1 bis 10 | Branche: Physiotherapie'),
('b56325b5-06ef-4585-b36f-15f4215952a2', '0dd7a35b-7c94-41ad-9679-2b5fbd9b74f0', 'KALTAKQUISE', 'ACTIVE', 0, 'Funktion: Geschäftsführer/in (CEO) | Mitarbeiter: 1 bis 10 | Branche: Physiotherapie | Rechtsform: Gesellschaft mit beschränkter Haftung'),
('4b820071-34f3-4fd1-a33c-6e9defda57fe', '6b90f79c-0b5a-403f-87cc-9277208f89dc', 'KALTAKQUISE', 'ACTIVE', 0, 'Funktion: Geschäftsführer/in (CEO) | Mitarbeiter: 1 bis 10 | Branche: Physiotherapie | Rechtsform: Aktiengesellschaft'),
('a7cfb4b6-ab4e-4035-a0b7-2c2e26b6ccbd', '276b0bba-6900-4a50-af93-61d39a4370e7', 'KALTAKQUISE', 'ACTIVE', 0, 'Funktion: Geschäftsführer/in (CEO) | Mitarbeiter: 1 bis 10 | Branche: Physiotherapie | Rechtsform: Kollektivgesellschaft'),
('02f7e2ed-29ec-4fb7-b602-d7acf5686b16', '915c5f15-6fe7-44fe-9958-91964aaa5da9', 'KALTAKQUISE', 'ACTIVE', 0, 'Funktion: Geschäftsführer/in (CEO) | Mitarbeiter: 11 bis 20 | Branche: Physiotherapie | Rechtsform: Gesellschaft mit beschränkter Haftung'),
('96b68576-8a9d-445f-a8d1-b87068b8f39b', 'bd8e8f1b-bca6-4e18-a423-729ca729195d', 'KALTAKQUISE', 'ACTIVE', 0, 'Funktion: Geschäftsführer/in (CEO) | Mitarbeiter: 1 bis 10 | Branche: Physiotherapie'),
('7bb32ffb-e590-4c08-92f6-29799d6c9eee', '110bd8ca-036a-49b6-ba86-6a261dc45409', 'KALTAKQUISE', 'ACTIVE', 0, 'Funktion: Geschäftsführer/in (CEO) | Mitarbeiter: 1 bis 10 | Branche: Physiotherapie | Rechtsform: Gesellschaft mit beschränkter Haftung'),
('a0f39aa3-6893-4d17-b112-4b9a9ee277f6', '42a0684d-6084-4a66-b07a-eb084fac4bb3', 'KALTAKQUISE', 'ACTIVE', 0, 'Funktion: Geschäftsführer/in (CEO) | Mitarbeiter: 1 bis 10 | Branche: Fitnessstudios / Physiotherapie | Rechtsform: Einzelunternehmen'),
('83280578-6640-4676-9c7c-e15a9dcc1378', '6ecd6b88-0fc5-410a-8706-7e24190ce3c4', 'KALTAKQUISE', 'ACTIVE', 0, 'Funktion: Geschäftsführer/in (CEO) | Mitarbeiter: 1 bis 10 | Branche: Physiotherapie | Rechtsform: Gesellschaft mit beschränkter Haftung'),
('711235e1-ca22-4dc8-904d-5bbb3e652a64', '96581f0c-d22e-4d31-96e9-f26a8280f11b', 'KALTAKQUISE', 'ACTIVE', 0, 'Funktion: Geschäftsführer/in (CEO) | Mitarbeiter: 11 bis 20 | Branche: Fitnessstudios / Physiotherapie'),
('101cef54-9a57-4e62-9ead-f3423077f672', 'b73cc068-c820-46ef-b870-5906b705c189', 'KALTAKQUISE', 'ACTIVE', 0, 'Funktion: Geschäftsführer/in (CEO) | Mitarbeiter: 1 bis 10 | Branche: Physiotherapie'),
('b2f3f46f-693e-42cb-848c-a937fa09eef1', '0e80dd80-da27-4a7d-9ab3-3edbb2c947cd', 'KALTAKQUISE', 'ACTIVE', 0, 'Funktion: Geschäftsführer/in (CEO) | Mitarbeiter: 1 bis 10 | Branche: Physiotherapie'),
('f9a8567c-6d25-4d82-854c-875389cf9a43', 'fad64bfa-d2e8-4072-9ac0-8e21fdf29de0', 'KALTAKQUISE', 'ACTIVE', 0, 'Funktion: Geschäftsführer/in (CEO) | Mitarbeiter: 1 bis 10 | Branche: Fitnessstudios / Physiotherapie'),
('d1b24f51-54c3-438d-bf1c-839371b7fc77', '7eeca473-a354-42b2-966b-217e2b06c505', 'KALTAKQUISE', 'ACTIVE', 0, 'Funktion: Geschäftsführer/in (CEO) | Mitarbeiter: 1 bis 10 | Branche: Physiotherapie | Rechtsform: Gesellschaft mit beschränkter Haftung'),
('7eb27332-1b31-4778-a9ad-c78a875b8251', '2554d0b4-e66d-402f-963d-f70e52dbfc4a', 'KALTAKQUISE', 'ACTIVE', 0, 'Funktion: Geschäftsführer/in (CEO) | Mitarbeiter: 1 bis 10 | Branche: Physiotherapie'),
('5d889d88-6376-45c0-a798-8bbf6a8883a8', 'f7679c72-6024-494d-96d1-3e6df107963b', 'KALTAKQUISE', 'ACTIVE', 0, 'Funktion: Geschäftsführer/in (CEO) | Mitarbeiter: 1 bis 10 | Branche: Physiotherapie'),
('ecd702d3-131e-45ae-9ffe-b4d2d08d3aa7', 'b56bdab1-6278-4084-a4f7-d9cb22a627bf', 'KALTAKQUISE', 'ACTIVE', 0, 'Funktion: Geschäftsführer/in (CEO) | Mitarbeiter: 1 bis 10 | Branche: Physiotherapie | Rechtsform: Gesellschaft mit beschränkter Haftung'),
('ce8226e7-7f7a-4854-a2c7-d28d3646a889', '1e9c50c2-1440-4443-ba07-ff17c77d3799', 'KALTAKQUISE', 'ACTIVE', 0, 'Funktion: Geschäftsführer/in (CEO) | Mitarbeiter: 1 bis 10 | Branche: Physiotherapie'),
('7c4b41b8-1123-4b34-8b5c-37f8b588a73d', '51507910-ae07-4b41-b839-18773fb8b282', 'KALTAKQUISE', 'ACTIVE', 0, 'Funktion: Geschäftsführer/in (CEO) | Mitarbeiter: 1 bis 10 | Branche: Physiotherapie'),
('b46a0577-a016-491b-ac40-8af495542448', '5609c40c-9405-4602-bab9-85f6172960ed', 'KALTAKQUISE', 'ACTIVE', 0, 'Funktion: Geschäftsführer/in (CEO) | Mitarbeiter: 1 bis 10 | Branche: Physiotherapie'),
('6ca2c150-c607-4675-ba8d-19975205e683', '710dc03d-d3c6-4615-9bf8-cc2e147eebd7', 'KALTAKQUISE', 'ACTIVE', 0, 'Funktion: Geschäftsführer/in (CEO) | Mitarbeiter: 11 bis 20 | Branche: Physiotherapie | Rechtsform: Einzelunternehmen'),
('ed8a487a-c63b-40b8-970f-a74dd5cddb04', 'e4ed0e38-026b-43db-812c-8165cca4f6a9', 'KALTAKQUISE', 'ACTIVE', 0, 'Funktion: Geschäftsführer/in (CEO) | Mitarbeiter: 1 bis 10 | Branche: Physiotherapie'),
('5511018d-97e5-4bf5-8318-d44bbfa1055e', '6696a94d-21d1-47cf-9715-66f629ee77ea', 'KALTAKQUISE', 'ACTIVE', 0, 'Funktion: Geschäftsführer/in (CEO) | Mitarbeiter: 1 bis 10 | Branche: Physiotherapie | Rechtsform: Gesellschaft mit beschränkter Haftung'),
('10b9b5be-ac09-4a17-b0ec-c41c328603c4', 'b577c41b-c42c-418f-9715-1380508b15a9', 'KALTAKQUISE', 'ACTIVE', 0, 'Funktion: Geschäftsführer/in (CEO) | Mitarbeiter: 1 bis 10 | Branche: Physiotherapie | Rechtsform: Gesellschaft mit beschränkter Haftung'),
('221ce257-c93a-4b1b-807a-88512dd96002', '7b2521b9-b0cd-496e-bde7-93838d47caf1', 'KALTAKQUISE', 'ACTIVE', 0, 'Funktion: Geschäftsführer/in (CEO) | Mitarbeiter: 1 bis 10 | Branche: Physiotherapie | Rechtsform: Gesellschaft mit beschränkter Haftung'),
('add960fe-1897-48ed-9c28-a067a2537213', '146b373b-d976-4499-8394-40a3a06f0448', 'KALTAKQUISE', 'ACTIVE', 0, 'Funktion: Geschäftsführer/in (CEO) | Mitarbeiter: 1 bis 10 | Branche: Physiotherapie | Rechtsform: Gesellschaft mit beschränkter Haftung'),
('526bdbf5-d2d9-451f-8975-9b38e4d2cfd7', 'e18427d9-b605-45d9-a60c-0f72e795d477', 'KALTAKQUISE', 'ACTIVE', 0, 'Funktion: Geschäftsführer/in (CEO) | Mitarbeiter: 1 bis 10 | Branche: Physiotherapie'),
('3a65129b-34df-4b4d-9032-5f034b8aea02', 'ec96058a-2e7f-406c-af2b-0d42eb16d9c1', 'KALTAKQUISE', 'ACTIVE', 0, 'Funktion: Geschäftsführer/in (CEO) | Mitarbeiter: 11 bis 20 | Branche: Physiotherapie | Rechtsform: Gesellschaft mit beschränkter Haftung'),
('e29459da-0693-45a8-bee4-28d21357c003', 'e3ffc304-4b17-4862-8b33-f93d72d2ff98', 'KALTAKQUISE', 'ACTIVE', 0, 'Funktion: Geschäftsführer/in (CEO) | Mitarbeiter: 1 bis 10 | Branche: Physiotherapie'),
('fe56e408-2ec0-429c-8874-5c483fb88f8a', '9cde6542-a30f-452d-972a-28b1e07388dd', 'KALTAKQUISE', 'ACTIVE', 0, 'Funktion: Geschäftsführer/in (CEO) | Mitarbeiter: 11 bis 20 | Branche: Fitnessstudios / Physiotherapie | Rechtsform: Gesellschaft mit beschränkter Haftung'),
('227badee-216f-499b-a528-426c256d29d0', '677d424f-bc8e-49be-be25-bd40e4d47e5a', 'KALTAKQUISE', 'ACTIVE', 0, 'Funktion: Geschäftsführer/in (CEO) | Mitarbeiter: 1 bis 10 | Branche: Physiotherapie'),
('e344aaba-9c05-47dc-b4ec-95d6427c86cd', '0eefc925-602c-40dc-9910-ef855b5178f8', 'KALTAKQUISE', 'ACTIVE', 0, 'Funktion: Geschäftsführer/in (CEO) | Mitarbeiter: 11 bis 20 | Branche: Physiotherapie | Rechtsform: Gesellschaft mit beschränkter Haftung'),
('fe0c2dbd-508a-460d-b81c-1638f8935d6c', '2d1721a9-c14e-45fd-b18d-87cfafe8ec3f', 'KALTAKQUISE', 'ACTIVE', 0, 'Funktion: Geschäftsführer/in (CEO) | Mitarbeiter: 1 bis 10 | Branche: Physiotherapie'),
('68b37016-199a-4c06-838c-8da50a558c5b', '4a0705ac-215a-4977-9df1-758a7bf06b51', 'KALTAKQUISE', 'ACTIVE', 0, 'Funktion: Geschäftsführer/in (CEO) | Mitarbeiter: 1 bis 10 | Branche: Physiotherapie | Rechtsform: Gesellschaft mit beschränkter Haftung'),
('77e71b93-1fb8-4488-9cc9-25f7e8b4a2ef', '864ca534-3647-422e-a177-2d04e2c1868c', 'KALTAKQUISE', 'ACTIVE', 0, 'Funktion: Geschäftsführer/in (CEO) | Mitarbeiter: 1 bis 10 | Branche: Fitnessstudios | Rechtsform: Gesellschaft mit beschränkter Haftung'),
('e655bc9b-a94a-48f8-878f-b7b92e838bba', '15fa3be5-5fb3-4cee-b96d-bd0c60b35c90', 'KALTAKQUISE', 'ACTIVE', 0, 'Funktion: Geschäftsführer/in (CEO) | Mitarbeiter: 1 bis 10 | Branche: Physiotherapie | Rechtsform: Gesellschaft mit beschränkter Haftung'),
('0249742c-29aa-4010-8911-7ce905bbf919', 'e4810dab-c2c7-4a00-a81f-abbf55ab27af', 'KALTAKQUISE', 'ACTIVE', 0, 'Funktion: Geschäftsführer/in (CEO) | Mitarbeiter: 1 bis 10 | Branche: Physiotherapie'),
('4a7f69f9-f46d-4719-aac3-775f77f84674', 'f2d26541-6eb6-4153-942a-aabfa029cd62', 'KALTAKQUISE', 'ACTIVE', 0, 'Funktion: Geschäftsführer/in (CEO) | Mitarbeiter: 1 bis 10 | Branche: Physiotherapie'),
('1d795b55-6bef-43a4-9235-1fa63000fbaa', '4edd9ee6-6dc9-49fd-ad9a-fedf2bf01248', 'KALTAKQUISE', 'ACTIVE', 0, 'Funktion: Geschäftsführer/in (CEO) | Mitarbeiter: 1 bis 10 | Branche: Physiotherapie'),
('cd3274b6-1676-4681-a976-c9660e870f11', 'eb5ffdb4-c054-4fb8-890e-5b4f939d7c05', 'KALTAKQUISE', 'ACTIVE', 0, 'Funktion: Geschäftsführer/in (CEO) | Mitarbeiter: 1 bis 10 | Branche: Fitnessstudios / Physiotherapie | Rechtsform: Aktiengesellschaft'),
('ecdf54f4-5f02-4601-a334-7ab84695f6f8', '0672ba87-9bca-49e7-83bf-9c4979d7ba84', 'KALTAKQUISE', 'ACTIVE', 0, 'Funktion: Geschäftsführer/in (CEO) | Mitarbeiter: 1 bis 10 | Branche: Physiotherapie'),
('0ba6ff4f-7b33-4b5d-bea9-d43e6d3c22a9', 'd395a1bb-96e8-4103-9607-ac9faacad88f', 'KALTAKQUISE', 'ACTIVE', 0, 'Funktion: Geschäftsführer/in (CEO) | Mitarbeiter: 11 bis 20 | Branche: Fitnessstudios / Physiotherapie | Rechtsform: Kollektivgesellschaft'),
('da9e409c-8bb0-418c-9f17-dfe22f8ae67f', '5c473841-f42f-45f9-87fb-e2fa071805b1', 'KALTAKQUISE', 'ACTIVE', 0, 'Funktion: Geschäftsführer/in (CEO) | Mitarbeiter: 1 bis 10 | Branche: Physiotherapie'),
('aadb5aeb-bb8d-4a62-a466-f550984ade5d', '34310c45-0a56-4481-bfbc-a7eb887ccb17', 'KALTAKQUISE', 'ACTIVE', 0, 'Funktion: Geschäftsführer/in (CEO) | Mitarbeiter: 1 bis 10 | Branche: Physiotherapie | Rechtsform: Gesellschaft mit beschränkter Haftung'),
('629ff1b9-8ace-4817-9917-1a2a3788b3ac', '4d59939b-95e7-4e71-94f4-c264569b3a9d', 'KALTAKQUISE', 'ACTIVE', 0, 'Funktion: Geschäftsführer/in (CEO) | Mitarbeiter: 1 bis 10 | Branche: Physiotherapie'),
('ec5bb5e5-38a9-4a9a-a7bd-6b5097212035', 'dfb0a88b-77ae-49dd-a08c-8b2f5804b98a', 'KALTAKQUISE', 'ACTIVE', 0, 'Funktion: Geschäftsführer/in (CEO) | Mitarbeiter: 1 bis 10 | Branche: Physiotherapie'),
('93ce76c3-04a9-4cb6-b87a-d97b608c532f', 'cc3f01ec-ef94-4326-a8db-2b2aeb8eb127', 'KALTAKQUISE', 'ACTIVE', 0, 'Funktion: Geschäftsführer/in (CEO) | Mitarbeiter: 1 bis 10 | Branche: Physiotherapie'),
('b058c2bf-a02a-4466-a05d-bae37134e207', '42297c20-8ab6-41c4-b923-41c650daa229', 'KALTAKQUISE', 'ACTIVE', 0, 'Funktion: Geschäftsführer/in (CEO) | Mitarbeiter: 1 bis 10 | Branche: Physiotherapie'),
('46520fb9-ff36-47e3-ad96-5a4c0112ca18', '25b3dceb-f886-4152-b691-00ad28ea254e', 'KALTAKQUISE', 'ACTIVE', 0, 'Funktion: Geschäftsführer/in (CEO) | Mitarbeiter: 1 bis 10 | Branche: Physiotherapie'),
('c8b4b7b1-bd2f-4710-b0d7-cb3152b7a9fe', '59e1db17-129e-4ace-8cda-39896a03a35a', 'KALTAKQUISE', 'ACTIVE', 0, 'Funktion: Geschäftsführer/in (CEO) | Mitarbeiter: 1 bis 10 | Branche: Physiotherapie | Rechtsform: Gesellschaft mit beschränkter Haftung'),
('2d538a12-d0b8-48e5-83a4-2cd6d5301108', 'b4d2995a-354f-4b23-b03e-3da3f11b427f', 'KALTAKQUISE', 'ACTIVE', 0, 'Funktion: Geschäftsführer/in (CEO) | Mitarbeiter: 1 bis 10 | Branche: Physiotherapie'),
('4b33c0d1-84b9-4e80-a662-f638c46c0554', '4784178b-0309-4975-98d1-ee7bf19b89a2', 'KALTAKQUISE', 'ACTIVE', 0, 'Funktion: Geschäftsführer/in (CEO) | Mitarbeiter: 1 bis 10 | Branche: Physiotherapie'),
('ffcdce93-dbe8-44c4-b22b-79ff2b8875b2', 'a00819cc-f29a-4ed3-bdb2-9b83164c76d3', 'KALTAKQUISE', 'ACTIVE', 0, 'Funktion: Geschäftsführer/in (CEO) | Mitarbeiter: 1 bis 10 | Branche: Physiotherapie'),
('0d9d20e5-1994-415d-b474-f8dba2b035ac', 'b7b8fca8-3549-48ee-be42-43578eafb3ca', 'KALTAKQUISE', 'ACTIVE', 0, 'Funktion: Geschäftsführer/in (CEO) | Mitarbeiter: 1 bis 10 | Branche: Physiotherapie'),
('17709540-350d-4a76-a7e6-d5273225c57c', '6ac09229-a546-46b0-b5ef-46add37798d3', 'KALTAKQUISE', 'ACTIVE', 0, 'Funktion: Geschäftsführer/in (CEO) | Mitarbeiter: 1 bis 10 | Branche: Physiotherapie | Rechtsform: Einzelunternehmen'),
('1142697e-cc14-4c5d-bbd0-a0b51a07171b', '2b8b719a-dc55-4a86-b30d-49bbbabe2d9e', 'KALTAKQUISE', 'ACTIVE', 0, 'Funktion: Geschäftsführer/in (CEO) | Mitarbeiter: 1 bis 10 | Branche: Physiotherapie'),
('69b10fb3-f2d5-4821-8d05-b0a35916cc44', '258ae434-3f80-4935-af5b-6ed329d2f628', 'KALTAKQUISE', 'ACTIVE', 0, 'Funktion: Geschäftsführer/in (CEO) | Mitarbeiter: 1 bis 10 | Branche: Physiotherapie'),
('94eab8a7-0a1d-4522-9806-32351808e167', '4d3f4f84-70ee-4870-83ba-a35b3be19939', 'KALTAKQUISE', 'ACTIVE', 0, 'Funktion: Geschäftsführer/in (CEO) | Mitarbeiter: 1 bis 10 | Branche: Physiotherapie | Rechtsform: Einzelunternehmen'),
('4de555d0-49eb-4f33-b0df-746ce19c4d7c', '1f8185dd-90e2-493d-a8d4-ce515685e4ac', 'KALTAKQUISE', 'ACTIVE', 0, 'Funktion: Geschäftsführer/in (CEO) | Mitarbeiter: 11 bis 20 | Branche: Fitnessstudios / Physiotherapie'),
('a4e4c66a-699c-46cd-8fa4-10362039c719', 'c61bc866-7e7d-463b-b8bb-a4e611a50c5d', 'KALTAKQUISE', 'ACTIVE', 0, 'Funktion: Geschäftsführer/in (CEO) | Mitarbeiter: 1 bis 10 | Branche: Physiotherapie'),
('3bf603d8-7908-425d-940d-75bcb4e9c577', '5613b7e2-8e20-40d1-a2c1-70223a0a88b2', 'KALTAKQUISE', 'ACTIVE', 0, 'Funktion: Geschäftsführer/in (CEO) | Mitarbeiter: 1 bis 10 | Branche: Physiotherapie | Rechtsform: Gesellschaft mit beschränkter Haftung'),
('282a5231-b0d6-445a-80e4-d2b3741b52a3', '87ecca86-0485-4500-ad79-b6f8eee3c203', 'KALTAKQUISE', 'ACTIVE', 0, 'Funktion: Geschäftsführer/in (CEO) | Mitarbeiter: 1 bis 10 | Branche: Physiotherapie | Rechtsform: Gesellschaft mit beschränkter Haftung'),
('f2269c31-2f44-4247-9ed5-8491dd4be18f', 'c9dae6d4-f035-4fdb-ae30-23ac2b139df7', 'KALTAKQUISE', 'ACTIVE', 0, 'Funktion: Geschäftsführer/in (CEO) | Mitarbeiter: 1 bis 10 | Branche: Fitnessstudios / Physiotherapie | Rechtsform: Gesellschaft mit beschränkter Haftung'),
('1cbd77ad-4756-4629-8119-3c0957781a6c', '6be8e748-175e-4889-a7ec-cf454c0f21c8', 'KALTAKQUISE', 'ACTIVE', 0, 'Funktion: Geschäftsführer/in (CEO) | Mitarbeiter: 1 bis 10 | Branche: Physiotherapie'),
('d3ca1a9f-cc12-45da-8641-dfe56e0a9136', '26d5e73f-cf2e-49a7-914d-ea9284f9562e', 'KALTAKQUISE', 'ACTIVE', 0, 'Funktion: Geschäftsführer/in (CEO) | Mitarbeiter: 1 bis 10 | Branche: Physiotherapie | Rechtsform: Gesellschaft mit beschränkter Haftung'),
('8a1be82c-f705-4646-a036-868b0a6d31c3', '0b7f9c74-de83-4633-9601-6ce5507544b6', 'KALTAKQUISE', 'ACTIVE', 0, 'Funktion: Geschäftsführer/in (CEO) | Mitarbeiter: 1 bis 10 | Branche: Physiotherapie'),
('20179b81-eb38-4d82-9966-b2177537015a', 'e0ae0c47-6a7e-43ad-924e-fdebaba41969', 'KALTAKQUISE', 'ACTIVE', 0, 'Funktion: Geschäftsführer/in (CEO) | Mitarbeiter: 1 bis 10 | Branche: Physiotherapie'),
('1b9ee03f-8d52-4036-80de-2fc00a0a4fc6', 'ec7b79b5-0068-4625-b884-98b020864641', 'KALTAKQUISE', 'ACTIVE', 0, 'Funktion: Geschäftsführer/in (CEO) | Mitarbeiter: 1 bis 10 | Branche: Physiotherapie'),
('1ad192e1-7bc0-4bb2-aa12-ed595b964b28', '850d4b25-8736-4a60-91be-d0d655ddcb82', 'KALTAKQUISE', 'ACTIVE', 0, 'Funktion: Geschäftsführer/in (CEO) | Mitarbeiter: 1 bis 10 | Branche: Physiotherapie'),
('3c17b7d1-ab6f-4e3f-aca5-f6650cdf9c4b', '2b196e1a-dfb0-4e0d-8850-11f66d34f4b4', 'KALTAKQUISE', 'ACTIVE', 0, 'Funktion: Geschäftsführer/in (CEO) | Mitarbeiter: 1 bis 10 | Branche: Physiotherapie'),
('eb241c66-54fe-4fda-a9e1-38e8d05a7874', '41694025-b445-4fb4-8b8a-d9fd660ffa5f', 'KALTAKQUISE', 'ACTIVE', 0, 'Funktion: Geschäftsführer/in (CEO) | Mitarbeiter: 1 bis 10 | Branche: Physiotherapie'),
('730a5449-ff67-4d37-8178-6f54b9c79359', 'ef6076f6-8ab0-461f-ab67-a399f121a974', 'KALTAKQUISE', 'ACTIVE', 0, 'Funktion: Geschäftsführer/in (CEO) | Mitarbeiter: 1 bis 10 | Branche: Physiotherapie'),
('1e699730-684c-4b66-b2bc-a8e4b28ece32', 'ddb28345-1d9e-42ba-a6b8-4c55fca58b5f', 'KALTAKQUISE', 'ACTIVE', 0, 'Funktion: Geschäftsführer/in (CEO) | Mitarbeiter: 1 bis 10 | Branche: Physiotherapie | Rechtsform: Einzelunternehmen'),
('43f7e620-b341-4182-8c7b-94e939103feb', '74f39ab3-eed1-4966-b010-323ad7f1c0bd', 'KALTAKQUISE', 'ACTIVE', 0, 'Funktion: Geschäftsführer/in (CEO) | Mitarbeiter: 51 bis 100 | Branche: Physiotherapie | Rechtsform: Gesellschaft mit beschränkter Haftung'),
('4489e520-2ee2-41ea-9243-e90a87f7202c', 'a6c223f0-a18f-4628-aee2-01deef752626', 'KALTAKQUISE', 'ACTIVE', 0, 'Funktion: Geschäftsführer/in (CEO) | Mitarbeiter: 1 bis 10 | Branche: Physiotherapie'),
('f87429a0-d866-410b-b37e-d9fe39861e07', '1bbcf403-df99-44cd-b384-7e66057c6c98', 'KALTAKQUISE', 'ACTIVE', 0, 'Funktion: Geschäftsführer/in (CEO) | Mitarbeiter: 1 bis 10 | Branche: Physiotherapie'),
('25c184b1-d912-4710-83dd-dd894e9c6995', '7f7b31d3-d38d-4a64-958e-0f4bed4e96c2', 'KALTAKQUISE', 'ACTIVE', 0, 'Funktion: Geschäftsführer/in (CEO) | Mitarbeiter: 1 bis 10 | Branche: Physiotherapie'),
('97e15f57-507d-441c-a62c-403f0cba429f', 'f0a38301-111d-4444-90cf-2fffce492708', 'KALTAKQUISE', 'ACTIVE', 0, 'Funktion: Leitung Standort | Mitarbeiter: 1 bis 10 | Branche: Physiotherapie'),
('d1c9d146-0224-423e-b0d6-0ce2782b052a', 'c84f18c1-6a4a-409b-a851-59ac900c027c', 'KALTAKQUISE', 'ACTIVE', 0, 'Funktion: Geschäftsführer/in (CEO) | Mitarbeiter: 11 bis 20 | Branche: Fitnessstudios | Rechtsform: Aktiengesellschaft'),
('0c4bdadc-22be-49e4-8faa-5bcacb03443c', 'f773b64f-eb8b-4a8f-afca-6beef7b74a37', 'KALTAKQUISE', 'ACTIVE', 0, 'Funktion: Geschäftsführer/in (CEO) | Mitarbeiter: 1 bis 10 | Branche: Physiotherapie'),
('5d4ee8a0-c03b-4aab-8380-d7f573c71da0', '92bb6e9f-efe3-4084-9816-61adeed1de12', 'KALTAKQUISE', 'ACTIVE', 0, 'Funktion: Geschäftsführer/in (CEO) | Mitarbeiter: 1 bis 10 | Branche: Physiotherapie'),
('afcde34a-7679-459e-a0a0-1430e7dc9bcd', '19af9238-5c1d-4c10-9e8b-600cb4f40d4c', 'KALTAKQUISE', 'ACTIVE', 0, 'Funktion: Geschäftsführer/in (CEO) | Mitarbeiter: 1 bis 10 | Branche: Physiotherapie'),
('997ea00e-9b63-4bbb-b5cf-f4b0519fb452', '6f8403c5-3d28-4366-9293-3345d9e376cc', 'KALTAKQUISE', 'ACTIVE', 0, 'Funktion: Geschäftsführer/in (CEO) | Mitarbeiter: 1 bis 10 | Branche: Physiotherapie'),
('93fef510-c46e-403d-b35e-f11da96dfa0c', 'a358f5b6-3b96-4398-af35-c79545771f0e', 'KALTAKQUISE', 'ACTIVE', 0, 'Funktion: Geschäftsführer/in (CEO) | Mitarbeiter: 1 bis 10 | Branche: Physiotherapie'),
('83083bf9-2ec5-4f59-b806-b6c30ecd345a', '0b14bf12-2185-4fa1-884e-cceeae590e39', 'KALTAKQUISE', 'ACTIVE', 0, 'Funktion: Geschäftsführer/in (CEO) | Mitarbeiter: 1 bis 10 | Branche: Physiotherapie | Rechtsform: Gesellschaft mit beschränkter Haftung'),
('d65a52bf-e23d-4610-a0fa-78e7704246e7', '4161d9ce-e9ac-454c-bb81-0d51a6c50ebe', 'KALTAKQUISE', 'ACTIVE', 0, 'Funktion: Geschäftsführer/in (CEO) | Mitarbeiter: 1 bis 10 | Branche: Physiotherapie | Rechtsform: Gesellschaft mit beschränkter Haftung'),
('a08d742d-a9d5-46ea-acc9-d5e8b478bc36', '58e2e891-b7c8-4b01-b6d7-442014f8c185', 'KALTAKQUISE', 'ACTIVE', 0, 'Funktion: Geschäftsführer/in (CEO) | Mitarbeiter: 1 bis 10 | Branche: Physiotherapie | Rechtsform: Einzelunternehmen'),
('6d6e1fc9-4c04-4fee-98d0-a62e2f2e21bb', '9d56fc20-822c-4abc-af46-773dc2d815cc', 'KALTAKQUISE', 'ACTIVE', 0, 'Funktion: Geschäftsführer/in (CEO) | Mitarbeiter: 1 bis 10 | Branche: Physiotherapie | Rechtsform: Gesellschaft mit beschränkter Haftung'),
('ff6e5f48-a83f-4733-804d-e96a49cbe04d', 'fda6187e-250c-44b9-a9b9-45241f72119f', 'KALTAKQUISE', 'ACTIVE', 0, 'Funktion: Geschäftsführer/in (CEO) | Mitarbeiter: 1 bis 10 | Branche: Physiotherapie | Rechtsform: Gesellschaft mit beschränkter Haftung'),
('562a9ac1-9066-40e7-914b-ebfb031d77a1', '0c3cfcf4-fd47-42ff-af98-27bf11dba273', 'KALTAKQUISE', 'ACTIVE', 0, 'Funktion: Geschäftsführer/in (CEO) | Mitarbeiter: 1 bis 10 | Branche: Physiotherapie'),
('794c6be5-61c9-4ad2-9f31-bad7aac921c7', 'f537cdfb-5989-4b30-835a-161944d0b2d9', 'KALTAKQUISE', 'ACTIVE', 0, 'Funktion: Geschäftsführer/in (CEO) | Mitarbeiter: 1 bis 10 | Branche: Physiotherapie'),
('5c9c51b6-76d3-47fe-b179-db2e9ceaee44', 'b6da8bd0-138a-4705-a529-a30112ab3037', 'KALTAKQUISE', 'ACTIVE', 0, 'Funktion: Geschäftsführer/in (CEO) | Mitarbeiter: 1 bis 10 | Branche: Physiotherapie'),
('a4f31df7-a13b-4336-9276-5f1217a2dea0', '167334c9-8934-43d8-98d2-9f9e8f24c200', 'KALTAKQUISE', 'ACTIVE', 0, 'Funktion: Geschäftsführer/in (CEO) | Mitarbeiter: 1 bis 10 | Branche: Physiotherapie | Rechtsform: Kollektivgesellschaft'),
('b2d27253-779c-4c86-a899-af460f0918eb', 'e65f9b5b-78dc-4be5-b1ce-5a4d5d91ea7a', 'KALTAKQUISE', 'ACTIVE', 0, 'Funktion: Geschäftsführer/in (CEO) | Mitarbeiter: 1 bis 10 | Branche: Physiotherapie'),
('4344f9d0-7e7c-4a94-8c90-92156e119659', '15ade58f-a677-40dd-9bba-6151f6dd5b73', 'KALTAKQUISE', 'ACTIVE', 0, 'Funktion: Geschäftsführer/in (CEO) | Mitarbeiter: 1 bis 10 | Branche: Physiotherapie'),
('95f76d33-e03a-4e2e-860f-73b3d3e55275', '5fa8c00f-9e22-488a-8ff9-22736ecf38b4', 'KALTAKQUISE', 'ACTIVE', 0, 'Funktion: Geschäftsführer/in (CEO) | Mitarbeiter: 21 bis 50 | Branche: Physiotherapie'),
('27d590ae-88aa-489f-8c06-a9dfb88ce5a9', '20da6670-33a4-4027-a162-2f67d65dbc32', 'KALTAKQUISE', 'ACTIVE', 0, 'Funktion: Geschäftsführer/in (CEO) | Mitarbeiter: 1 bis 10 | Branche: Physiotherapie'),
('a6b5200f-e392-4339-9dad-177954cfb928', 'e5bb0561-b492-4d42-af37-2e97885fd4e5', 'KALTAKQUISE', 'ACTIVE', 0, 'Funktion: Geschäftsführer/in (CEO) | Mitarbeiter: 1 bis 10 | Branche: Physiotherapie'),
('8190cfec-8dcd-46fe-90de-84ed0b95c254', 'f3b1c4a8-7e30-40ca-acff-f327a82c67c4', 'KALTAKQUISE', 'ACTIVE', 0, 'Funktion: Geschäftsführer/in (CEO) | Mitarbeiter: 1 bis 10 | Branche: Physiotherapie | Rechtsform: Gesellschaft mit beschränkter Haftung'),
('3430c095-cc87-45c7-8979-fa67d9bbb5db', '35959495-64fd-4b7d-98a1-0f2161d754a4', 'KALTAKQUISE', 'ACTIVE', 0, 'Funktion: Geschäftsführer/in (CEO) | Mitarbeiter: 1 bis 10 | Branche: Physiotherapie'),
('6b2952aa-128b-4d6b-9805-9e18582e093d', '8bfac3b0-bd8f-43ba-8f19-f382395e7a24', 'KALTAKQUISE', 'ACTIVE', 0, 'Funktion: Geschäftsführer/in (CEO) | Mitarbeiter: 1 bis 10 | Branche: Physiotherapie'),
('65213bcb-8291-4195-b5a9-b5f384b276f2', '1007848c-97d2-4aca-9d32-cc96c8d791a6', 'KALTAKQUISE', 'ACTIVE', 0, 'Funktion: Geschäftsführer/in (CEO) | Mitarbeiter: 1 bis 10 | Branche: Physiotherapie'),
('3f2eab8f-2be8-4a99-bf7f-074b95c10cde', 'a84df986-dcde-4086-be15-87214594e38a', 'KALTAKQUISE', 'ACTIVE', 0, 'Funktion: Geschäftsführer/in (CEO) | Mitarbeiter: 1 bis 10 | Branche: Physiotherapie | Rechtsform: Gesellschaft mit beschränkter Haftung'),
('1c373e96-c060-43f8-978f-0bf763f645a2', '5ac5e086-f068-4b74-911c-01e64f61b28b', 'KALTAKQUISE', 'ACTIVE', 0, 'Funktion: Geschäftsführer/in (CEO) | Mitarbeiter: 1 bis 10 | Branche: Physiotherapie'),
('41c03a17-14d4-4502-be3a-07474951d3a6', '594bc1aa-4e0d-4f8f-bc67-3a36b1c5ebc3', 'KALTAKQUISE', 'ACTIVE', 0, 'Funktion: Geschäftsführer/in (CEO) | Mitarbeiter: 1 bis 10 | Branche: Physiotherapie'),
('83e67712-6136-468e-9c68-2ccdcf14dfa5', 'caf464dc-dbe2-4ff5-b0a9-cd3e1fa16622', 'KALTAKQUISE', 'ACTIVE', 0, 'Funktion: Geschäftsführer/in (CEO) | Mitarbeiter: 1 bis 10 | Branche: Fitnessstudios / Physiotherapie'),
('a5114803-8802-41f1-b754-3305c5c8e2fa', '84d4fbaf-062e-48d7-9230-53de3e5b6ea4', 'KALTAKQUISE', 'ACTIVE', 0, 'Funktion: Geschäftsführer/in (CEO) | Mitarbeiter: 1 bis 10 | Branche: Physiotherapie'),
('635793fb-828a-4237-b25a-e0baac75a5bc', 'aa6d5967-15fe-4598-9d79-77ebbb86c4ae', 'KALTAKQUISE', 'ACTIVE', 0, 'Funktion: Geschäftsführer/in (CEO) | Mitarbeiter: 1 bis 10 | Branche: Physiotherapie | Rechtsform: Gesellschaft mit beschränkter Haftung'),
('b0a6a2af-d5fd-47ef-8259-a6a4de962261', '5c1cdb84-7728-47b3-ab26-d6ad9f44a2ca', 'KALTAKQUISE', 'ACTIVE', 0, 'Funktion: Geschäftsführer/in (CEO) | Mitarbeiter: 1 bis 10 | Branche: Physiotherapie'),
('7898f4fe-738e-46f7-84d9-71e0c26521ca', 'a3a8463b-a4f3-47c8-91b3-63fbbfd504ef', 'KALTAKQUISE', 'ACTIVE', 0, 'Funktion: Geschäftsführer/in (CEO) | Mitarbeiter: 1 bis 10 | Branche: Physiotherapie'),
('49f9cf08-0bac-432d-b9a2-8e618b563b48', 'bfc99c8d-d14a-40a7-b3d1-3bbe6cc8bf11', 'KALTAKQUISE', 'ACTIVE', 0, 'Funktion: Geschäftsführer/in (CEO) | Mitarbeiter: 1 bis 10 | Branche: Physiotherapie'),
('3c60cf15-ecc4-4212-8366-75a039717ae4', 'f25be69d-07b0-4db6-8ccc-d5f717d290ac', 'KALTAKQUISE', 'ACTIVE', 0, 'Funktion: Geschäftsführer/in (CEO) | Mitarbeiter: 1 bis 10 | Branche: Physiotherapie'),
('9c73ec55-e19d-45f8-b53c-cae4e6862a7b', '7b38e5bd-e1cc-41f0-8e04-68558b3d1146', 'KALTAKQUISE', 'ACTIVE', 0, 'Funktion: Geschäftsführer/in (CEO) | Mitarbeiter: 11 bis 20 | Branche: Physiotherapie | Rechtsform: Aktiengesellschaft'),
('58a08c9b-60f1-4e5c-bf9b-c3746a6189a6', '1cffedc6-0e62-4d32-8002-2a4a250e9429', 'KALTAKQUISE', 'ACTIVE', 0, 'Funktion: Geschäftsführer/in (CEO) | Mitarbeiter: 1 bis 10 | Branche: Physiotherapie | Rechtsform: Aktiengesellschaft'),
('007d994d-b0f0-442f-bea7-d5027dcc22dd', '769c7f41-826c-43eb-afe3-4e317acd7ba5', 'KALTAKQUISE', 'ACTIVE', 0, 'Funktion: Geschäftsführer/in (CEO) | Mitarbeiter: 1 bis 10 | Branche: Physiotherapie'),
('966e4b06-6a1e-4f60-9f2e-83dc2a6064be', '9d2f78bb-448a-4307-a744-4103d8a9cc34', 'KALTAKQUISE', 'ACTIVE', 0, 'Funktion: Geschäftsführer/in (CEO) | Mitarbeiter: 1 bis 10 | Branche: Physiotherapie | Rechtsform: Schweizerische Zweigniederlassung'),
('31845866-f969-46c8-9e04-da1501da636b', '969dbbce-0180-40e4-a665-cad665e766a7', 'KALTAKQUISE', 'ACTIVE', 0, 'Funktion: Geschäftsführer/in (CEO) | Mitarbeiter: 1 bis 10 | Branche: Physiotherapie'),
('575a7235-1056-4285-9392-4b072641d321', '5c410670-2bd8-4bfd-bbcc-bc40af0369d9', 'KALTAKQUISE', 'ACTIVE', 0, 'Funktion: Geschäftsführer/in (CEO) | Mitarbeiter: 1 bis 10 | Branche: Physiotherapie | Rechtsform: Gesellschaft mit beschränkter Haftung'),
('2c45adc2-b2d2-4430-ae40-d3bb20d811a0', '5230b89d-1123-4697-877b-8f4a0c19deb4', 'KALTAKQUISE', 'ACTIVE', 0, 'Funktion: Geschäftsführer/in (CEO) | Mitarbeiter: 1 bis 10 | Branche: Physiotherapie'),
('6b3b109c-ef41-400e-b5af-96f2a61704ef', '3eade8cc-feae-4d7c-9193-bdc0a2cd4707', 'KALTAKQUISE', 'ACTIVE', 0, 'Funktion: Geschäftsführer/in (CEO) | Mitarbeiter: 1 bis 10 | Branche: Physiotherapie | Rechtsform: Gesellschaft mit beschränkter Haftung'),
('bdd86217-3db6-49e9-a00a-3547051c2640', 'cd83cb04-dab3-4c70-93a7-119a23495e70', 'KALTAKQUISE', 'ACTIVE', 0, 'Funktion: Geschäftsführer/in (CEO) | Mitarbeiter: 1 bis 10 | Branche: Physiotherapie'),
('20d14a22-2a6e-4105-85e4-e0df1002e95f', '9c2da98d-1ed9-44cd-8b8b-eab1bd89276a', 'KALTAKQUISE', 'ACTIVE', 0, 'Funktion: Geschäftsführer/in (CEO) | Mitarbeiter: 1 bis 10 | Branche: Physiotherapie'),
('ccac326a-e64a-4912-8bfa-1a7ff1289350', '20114c81-e92f-4228-b2e5-4640f64529bc', 'KALTAKQUISE', 'ACTIVE', 0, 'Funktion: Geschäftsführer/in (CEO) | Mitarbeiter: 1 bis 10 | Branche: Physiotherapie'),
('eef80b52-a7c4-4a35-8b8b-3327156b1288', '21c741ea-acdd-4855-bf15-d743b5e50629', 'KALTAKQUISE', 'ACTIVE', 0, 'Funktion: Geschäftsführer/in (CEO) | Mitarbeiter: 1 bis 10 | Branche: Physiotherapie | Rechtsform: Einzelunternehmen'),
('bd6b39f8-fe54-4bfa-8f0c-75f37528f120', 'e490f83c-cfbd-4c06-b7d6-b52d19b5b894', 'KALTAKQUISE', 'ACTIVE', 0, 'Funktion: Geschäftsführer/in (CEO) | Mitarbeiter: 1 bis 10 | Branche: Physiotherapie'),
('5b78a24a-aeea-4a73-ae84-042537fb6932', '0b9610fd-037d-4b8f-91f4-d7942d0b1588', 'KALTAKQUISE', 'ACTIVE', 0, 'Funktion: Geschäftsführer/in (CEO) | Mitarbeiter: 1 bis 10 | Branche: Physiotherapie'),
('6260257c-ae43-4263-9634-140a2430e89a', '2d1d11af-39b0-4239-8822-e9a02f228beb', 'KALTAKQUISE', 'ACTIVE', 0, 'Funktion: Geschäftsführer/in (CEO) | Mitarbeiter: 1 bis 10 | Branche: Physiotherapie'),
('4c74db60-743a-4f52-bb3b-2d9e3f6e1ca5', '55bbf332-c0e1-45f5-a2bf-3cdd39405674', 'KALTAKQUISE', 'ACTIVE', 0, 'Funktion: Geschäftsführer/in (CEO) | Mitarbeiter: 11 bis 20 | Branche: Physiotherapie | Rechtsform: Gesellschaft mit beschränkter Haftung'),
('46bc76da-3351-4d2d-a540-955b7e9d8319', '73569b53-0f58-4cef-a810-f215f2be52ce', 'KALTAKQUISE', 'ACTIVE', 0, 'Funktion: Geschäftsführer/in (CEO) | Mitarbeiter: 1 bis 10 | Branche: Physiotherapie'),
('03a83059-8e7f-467e-a4e5-c212c8360ff5', '7a8e352b-c24e-4c30-9423-a9c425db29c7', 'KALTAKQUISE', 'ACTIVE', 0, 'Funktion: Leitung Physio | Mitarbeiter: 1 bis 10 | Branche: Physiotherapie'),
('83ec5602-6677-4262-8e34-d1d8beb24729', '6a57fd4f-c48d-4b05-ad81-6cd5d9303b31', 'KALTAKQUISE', 'ACTIVE', 0, 'Funktion: Geschäftsführer/in (CEO) | Mitarbeiter: 1 bis 10 | Branche: Physiotherapie | Rechtsform: Gesellschaft mit beschränkter Haftung'),
('d7e50f13-0214-420b-a651-2228b4269cd3', 'f01c1ead-d187-47b1-86ea-5e23e9932a57', 'KALTAKQUISE', 'ACTIVE', 0, 'Funktion: Geschäftsführer/in (CEO) | Mitarbeiter: 1 bis 10 | Branche: Physiotherapie'),
('1d979981-44a8-47e1-b3e9-03c13488cdad', '85b35c7b-8f63-4805-901a-88d810deb4a4', 'KALTAKQUISE', 'ACTIVE', 0, 'Funktion: Geschäftsführer/in (CEO) | Mitarbeiter: 1 bis 10 | Branche: Physiotherapie'),
('93c78a10-6fa9-416c-81d1-a234243969a6', '568d26f6-9bcc-41b2-91fb-51e249ee352b', 'KALTAKQUISE', 'ACTIVE', 0, 'Funktion: Geschäftsführer/in (CEO) | Mitarbeiter: 1 bis 10 | Branche: Physiotherapie'),
('16cfd061-03db-4e7e-b0fe-ac37165abe26', '0f6b1db3-62ba-47a7-bab6-60934cff5c4b', 'KALTAKQUISE', 'ACTIVE', 0, 'Funktion: Geschäftsführer/in (CEO) | Mitarbeiter: 1 bis 10 | Branche: Physiotherapie'),
('d9541d79-2c32-4859-b534-21cad3d93754', '09982d18-a5bf-4e5e-8344-b3501fc19eba', 'KALTAKQUISE', 'ACTIVE', 0, 'Funktion: Geschäftsführer/in (CEO) | Mitarbeiter: 1 bis 10 | Branche: Physiotherapie'),
('763d653a-d232-4e63-8fc0-59932e384e17', 'ae040993-2131-412f-b197-c4dd2dc134d9', 'KALTAKQUISE', 'ACTIVE', 0, 'Funktion: Geschäftsführer/in (CEO) | Mitarbeiter: 1 bis 10 | Branche: Physiotherapie'),
('d30d3c3c-b53d-4a03-ab30-6e8db013a7ef', 'ed9b5065-910e-458a-9f7b-f69fd3078c66', 'KALTAKQUISE', 'ACTIVE', 0, 'Funktion: Geschäftsführer/in (CEO) | Mitarbeiter: 1 bis 10 | Branche: Physiotherapie | Rechtsform: Einzelunternehmen'),
('e17bd3f5-a3e1-4f6e-909a-c6c2bd83bc77', 'ed1b608c-a01b-450c-b66f-7b1718ffd403', 'KALTAKQUISE', 'ACTIVE', 0, 'Funktion: Geschäftsführer/in (CEO) | Mitarbeiter: 1 bis 10 | Branche: Physiotherapie | Rechtsform: Aktiengesellschaft'),
('bde10fce-c5b3-49e8-b956-c3096ea684ef', 'd4989f97-0638-4622-90dd-fe2de9478c7a', 'KALTAKQUISE', 'ACTIVE', 0, 'Funktion: Geschäftsführer/in (CEO) | Mitarbeiter: 1 bis 10 | Branche: Physiotherapie'),
('0ff87ad4-3be3-453d-8435-ffb57be313ee', '5bed466b-9d12-4278-9e51-537290f7fa66', 'KALTAKQUISE', 'ACTIVE', 0, 'Funktion: Geschäftsführer/in (CEO) | Mitarbeiter: 1 bis 10 | Branche: Physiotherapie | Rechtsform: Einzelunternehmen'),
('ae7c32d1-693a-48fa-8bb0-f37b537c11a9', '0fbf8a78-3595-40ff-96bf-bcc8a18c12a4', 'KALTAKQUISE', 'ACTIVE', 0, 'Funktion: Geschäftsführer/in (CEO) | Mitarbeiter: 1 bis 10 | Branche: Physiotherapie'),
('a62aadff-9848-4093-b056-4127c47ba152', 'dc220cf4-2085-4588-bc09-8e6e1b727df7', 'KALTAKQUISE', 'ACTIVE', 0, 'Funktion: Geschäftsführer/in (CEO) | Mitarbeiter: 1 bis 10 | Branche: Physiotherapie'),
('48a0f434-c97b-4b8d-93da-bd23df053e68', 'f0afc721-5d57-4eba-afb1-55fa4a28a864', 'KALTAKQUISE', 'ACTIVE', 0, 'Funktion: Geschäftsführer/in (CEO) | Mitarbeiter: 1 bis 10 | Branche: Physiotherapie'),
('124879ee-b913-4347-a89a-3bd5d0c1d881', '892fea0d-6117-40ec-a01c-5538b07ede27', 'KALTAKQUISE', 'ACTIVE', 0, 'Funktion: Geschäftsführer/in (CEO) | Mitarbeiter: 1 bis 10 | Branche: Physiotherapie'),
('f36363cc-9c9f-43c2-8dcf-afd0601e5605', '61605a70-feee-4500-a1c5-e76434bdb1ad', 'KALTAKQUISE', 'ACTIVE', 0, 'Funktion: Geschäftsführer/in (CEO) | Mitarbeiter: 1 bis 10 | Branche: Physiotherapie'),
('0c4d2dd1-513e-4c45-a317-03ad6f34fc12', '5ef2c413-a2de-4fe8-bb89-6fa1067eb71e', 'KALTAKQUISE', 'ACTIVE', 0, 'Funktion: Geschäftsführer/in (CEO) | Mitarbeiter: 1 bis 10 | Branche: Fitnessstudios | Rechtsform: Gesellschaft mit beschränkter Haftung'),
('fa06850d-13a9-4723-8522-c9c41f73137a', '505ad6f8-8604-487a-8ea5-d3cc262e57e2', 'KALTAKQUISE', 'ACTIVE', 0, 'Funktion: Geschäftsführer/in (CEO) | Mitarbeiter: 1 bis 10 | Branche: Physiotherapie'),
('300a7368-fb7a-4f69-864e-31ef048dec87', 'c19c2a33-c2e7-46b5-b433-b97afbb433d4', 'KALTAKQUISE', 'ACTIVE', 0, 'Funktion: Geschäftsführer/in (CEO) | Mitarbeiter: 1 bis 10 | Branche: Physiotherapie'),
('d5ed325d-022b-42c5-aa5a-082fcf2b40dc', 'de5fd4d2-60ef-4ae3-8f71-628bd11cfc22', 'KALTAKQUISE', 'ACTIVE', 0, 'Funktion: Geschäftsführer/in (CEO) | Mitarbeiter: 1 bis 10 | Branche: Physiotherapie'),
('0883e8e7-dba9-4253-a222-a7cce728e8c0', '6409a1a1-5258-4c69-9c83-f6ba95df6f5e', 'KALTAKQUISE', 'ACTIVE', 0, 'Funktion: Geschäftsführer/in (CEO) | Mitarbeiter: 1 bis 10 | Branche: Physiotherapie'),
('f81b7d1f-d643-44f7-ba31-2b03c94328d6', 'cef1a8b1-a4e0-407c-98e9-097d7a75ec32', 'KALTAKQUISE', 'ACTIVE', 0, 'Funktion: Geschäftsführer/in (CEO) | Mitarbeiter: 1 bis 10 | Branche: Physiotherapie | Rechtsform: Gesellschaft mit beschränkter Haftung'),
('0c7b062d-ca3f-441b-bf46-2180e300761d', 'f97de953-82ba-4118-8983-1700f8f2dda9', 'KALTAKQUISE', 'ACTIVE', 0, 'Funktion: Geschäftsführer/in (CEO) | Mitarbeiter: 1 bis 10 | Branche: Physiotherapie | Rechtsform: Gesellschaft mit beschränkter Haftung'),
('b264aaf1-0bd9-4f53-9082-4f2838cb8885', '16ada7da-7257-45f4-914a-4226eab37141', 'KALTAKQUISE', 'ACTIVE', 0, 'Funktion: Geschäftsführer/in (CEO) | Mitarbeiter: 1 bis 10 | Branche: Physiotherapie'),
('6261a83f-e703-4ef6-a36e-adbb959eb493', 'c3d88d04-93d8-4900-960b-03f43d0f03ea', 'KALTAKQUISE', 'ACTIVE', 0, 'Funktion: Geschäftsführer/in (CEO) | Mitarbeiter: 1 bis 10 | Branche: Physiotherapie'),
('23f5d711-4966-4fb1-bac5-8d44fee2f543', '9ad5f6dc-c76a-47b2-9172-1cd4184d5e31', 'KALTAKQUISE', 'ACTIVE', 0, 'Funktion: Geschäftsführer/in (CEO) | Mitarbeiter: 1 bis 10 | Branche: Physiotherapie'),
('06d44a44-efaf-4303-8b2a-9fb73dff07b1', '90a378db-1793-4d04-99ce-83ca9ed2d043', 'KALTAKQUISE', 'ACTIVE', 0, 'Funktion: Geschäftsführer/in (CEO) | Mitarbeiter: 1 bis 10 | Branche: Physiotherapie | Rechtsform: Einzelunternehmen'),
('8f395268-9c55-45d1-9a06-75280bac6f61', '6beabbcf-53b9-42e4-adac-d5df21a1c912', 'KALTAKQUISE', 'ACTIVE', 0, 'Funktion: Geschäftsführer/in (CEO) | Mitarbeiter: 1 bis 10 | Branche: Physiotherapie | Rechtsform: Einzelunternehmen'),
('87a41609-8388-430a-8dfa-ad0408e880fc', 'd911519a-13d0-4f45-bcb7-2817fc7e7327', 'KALTAKQUISE', 'ACTIVE', 0, 'Funktion: Geschäftsführer/in (CEO) | Mitarbeiter: 1 bis 10 | Branche: Physiotherapie'),
('48a3dcc2-6dfc-4790-814c-f2d8b72338f1', '7e2af8a6-b35d-4ba7-b4c3-a5804f3d54cf', 'KALTAKQUISE', 'ACTIVE', 0, 'Funktion: Geschäftsführer/in (CEO) | Mitarbeiter: 1 bis 10 | Branche: Physiotherapie'),
('c5898dba-a29e-4ea1-90b3-33e0c7e85106', '617af426-249b-4f9a-a3fc-6f8e45961715', 'KALTAKQUISE', 'ACTIVE', 0, 'Funktion: Geschäftsführer/in (CEO) | Mitarbeiter: 1 bis 10 | Branche: Physiotherapie | Rechtsform: Gesellschaft mit beschränkter Haftung'),
('e7ad812c-a370-4956-8bc5-20c479a68ae8', '8ba36afd-1692-4d12-a62b-b94fc4e62fed', 'KALTAKQUISE', 'ACTIVE', 0, 'Funktion: Geschäftsführer/in (CEO) | Mitarbeiter: 1 bis 10 | Branche: Physiotherapie'),
('65117dda-7fe3-4af5-b161-0d8013adf7a5', 'd179723a-8110-46c8-af81-2eba4eb0070f', 'KALTAKQUISE', 'ACTIVE', 0, 'Funktion: Geschäftsführer/in (CEO) | Mitarbeiter: 1 bis 10 | Branche: Physiotherapie | Rechtsform: Einzelunternehmen'),
('39807cd6-8646-4c5b-ba86-495a3fc45fe6', '42495472-970a-4dc2-9aa3-d4292961ef52', 'KALTAKQUISE', 'ACTIVE', 0, 'Funktion: Geschäftsführer/in (CEO) | Mitarbeiter: 1 bis 10 | Branche: Physiotherapie | Rechtsform: Gesellschaft mit beschränkter Haftung'),
('37f79284-ccaa-428d-b978-d0d5887c589f', '79078498-c9c7-4922-bf04-c64b71d4c618', 'KALTAKQUISE', 'ACTIVE', 0, 'Funktion: Geschäftsführer/in (CEO) | Mitarbeiter: 1 bis 10 | Branche: Physiotherapie'),
('9ed9104c-970c-49b5-bd2d-bc268d378eef', 'f76a0389-d3e2-47a8-804e-8acd7f7d2d27', 'KALTAKQUISE', 'ACTIVE', 0, 'Funktion: Geschäftsführer/in (CEO) | Mitarbeiter: 1 bis 10 | Branche: Physiotherapie | Rechtsform: Einzelunternehmen'),
('5b9ccdb9-b21e-4156-b8fa-8debbf02c0f4', '6ec04d16-d90b-4625-b2ea-434382f45038', 'KALTAKQUISE', 'ACTIVE', 0, 'Funktion: Geschäftsführer/in (CEO) | Mitarbeiter: 1 bis 10 | Branche: Physiotherapie'),
('898c7a87-6949-4333-9f97-0729e3831604', '1d5fde4e-f493-4891-adc0-4747e030674f', 'KALTAKQUISE', 'ACTIVE', 0, 'Funktion: Geschäftsführer/in (CEO) | Mitarbeiter: 1 bis 10 | Branche: Physiotherapie'),
('1f4dca5d-7e17-48d5-af01-0be9a3952106', '037f6092-1be9-45cb-b5b4-790f788ed928', 'KALTAKQUISE', 'ACTIVE', 0, 'Funktion: Geschäftsführer/in (CEO) | Mitarbeiter: 1 bis 10 | Branche: Physiotherapie | Rechtsform: Gesellschaft mit beschränkter Haftung'),
('2d2ede74-3fee-4390-98fc-2e7b1d7991f0', '0ac93a4b-028d-4460-9ea5-b1cc23e97c2a', 'KALTAKQUISE', 'ACTIVE', 0, 'Funktion: Geschäftsführer/in (CEO) | Mitarbeiter: 1 bis 10 | Branche: Physiotherapie | Rechtsform: Gesellschaft mit beschränkter Haftung'),
('2021f863-df92-4f9c-8f4d-74e724bdab32', 'e2fcd364-0039-4ed2-8b5f-34f4cb64efae', 'KALTAKQUISE', 'ACTIVE', 0, 'Funktion: Geschäftsführer/in (CEO) | Mitarbeiter: 1 bis 10 | Branche: Physiotherapie'),
('55dcce11-bafb-4d4d-a6da-115ff90c31c0', '277fe1bf-1d1f-4e2b-9f53-0a9e45353def', 'KALTAKQUISE', 'ACTIVE', 0, 'Funktion: Geschäftsführer/in (CEO) | Mitarbeiter: 1 bis 10 | Branche: Physiotherapie | Rechtsform: Einzelunternehmen'),
('f5e95717-0387-470e-9e61-e0946a6d4a6e', 'b5bbd11e-2ee5-4302-a57b-0afb9aafd12f', 'KALTAKQUISE', 'ACTIVE', 0, 'Funktion: Geschäftsführer/in (CEO) | Mitarbeiter: 1 bis 10 | Branche: Fitnessstudios / Physiotherapie | Rechtsform: Gesellschaft mit beschränkter Haftung'),
('4d0c9386-ba6a-4bfa-bb3a-9e63486f0bc8', '850f8c36-d670-4e45-9b4a-36237c17cbf9', 'KALTAKQUISE', 'ACTIVE', 0, 'Funktion: Geschäftsführer/in (CEO) | Mitarbeiter: 1 bis 10 | Branche: Physiotherapie | Rechtsform: Gesellschaft mit beschränkter Haftung'),
('fc11e727-9977-4834-b30b-7d977f1c81ea', 'a42918cf-b3e2-46c1-81bb-61df7c9dc0d8', 'KALTAKQUISE', 'ACTIVE', 0, 'Funktion: Geschäftsführer/in (CEO) | Mitarbeiter: 1 bis 10 | Branche: Physiotherapie'),
('30f482dc-64c3-41ad-9772-de738e0de49f', 'c97811df-bf80-4692-910d-cfa84762d3a1', 'KALTAKQUISE', 'ACTIVE', 0, 'Funktion: Geschäftsführer/in (CEO) | Mitarbeiter: 1 bis 10 | Branche: Physiotherapie'),
('501605f8-6ab5-4d88-af8c-fcf85c358d67', 'f3758041-4fe4-4442-8786-ad6251e63ae2', 'KALTAKQUISE', 'ACTIVE', 0, 'Funktion: Geschäftsführer/in (CEO) | Mitarbeiter: 1 bis 10 | Branche: Physiotherapie | Rechtsform: Einzelunternehmen'),
('f3c5660a-3a7e-4637-8a88-5e722e6f3b07', '99071a4a-51e3-4281-9d76-782cc5804c80', 'KALTAKQUISE', 'ACTIVE', 0, 'Funktion: Geschäftsführer/in (CEO) | Mitarbeiter: 1 bis 10 | Branche: Physiotherapie | Rechtsform: Gesellschaft mit beschränkter Haftung'),
('d7b5cb29-e900-48af-8a89-6d89fad9740f', 'ca626ab9-b774-42cb-b3de-7ece8c427f0a', 'KALTAKQUISE', 'ACTIVE', 0, 'Funktion: Geschäftsführer/in (CEO) | Mitarbeiter: 1 bis 10 | Branche: Physiotherapie | Rechtsform: Gesellschaft mit beschränkter Haftung'),
('9b01fe5c-892b-4e99-ad2f-53c97b0b8edf', 'ea3360b4-4722-4320-8294-b29395bf0359', 'KALTAKQUISE', 'ACTIVE', 0, 'Funktion: Geschäftsführer/in (CEO) | Mitarbeiter: 1 bis 10 | Branche: Physiotherapie'),
('288c518f-799e-42ae-9bbf-9af193d8fc54', '84d734b5-4957-47d9-8876-38155451d9f4', 'KALTAKQUISE', 'ACTIVE', 0, 'Funktion: Geschäftsführer/in (CEO) | Mitarbeiter: 1 bis 10 | Branche: Physiotherapie'),
('5ba8e212-e03a-42c8-8f7e-1b34ddd8d760', '3e5b1ec7-f110-4aa3-a8a1-7fbff6501aab', 'KALTAKQUISE', 'ACTIVE', 0, 'Funktion: Geschäftsführer/in (CEO) | Mitarbeiter: 1 bis 10 | Branche: Physiotherapie | Rechtsform: Gesellschaft mit beschränkter Haftung'),
('a7fe9b8d-b360-4179-b3e2-00f08d035c34', '59260c95-3bc3-4232-9f9e-f4315801c789', 'KALTAKQUISE', 'ACTIVE', 0, 'Funktion: Geschäftsführer/in (CEO) | Mitarbeiter: 1 bis 10 | Branche: Physiotherapie'),
('b7ada83c-d8da-4365-9567-46084c54e1e2', '4bb228e4-80ba-4f79-8f45-9db490967600', 'KALTAKQUISE', 'ACTIVE', 0, 'Funktion: Geschäftsführer/in (CEO) | Mitarbeiter: 1 bis 10 | Branche: Physiotherapie'),
('eed19953-574b-4805-8aba-da549082661b', 'cfd48612-3542-4fcf-acae-92b6f01f5537', 'KALTAKQUISE', 'ACTIVE', 0, 'Funktion: Geschäftsführer/in (CEO) | Mitarbeiter: 1 bis 10 | Branche: Physiotherapie'),
('e4facd31-47b2-42b7-b536-9cc65c7a756a', '64761294-0973-4140-8f95-7585f1c1fa0a', 'KALTAKQUISE', 'ACTIVE', 0, 'Funktion: Geschäftsführer/in (CEO) | Mitarbeiter: 1 bis 10 | Branche: Physiotherapie | Rechtsform: Einzelunternehmen'),
('f64c8196-1828-474c-933c-a4b9b7f1d943', '72a8c144-5878-4294-8832-f724b053aee4', 'KALTAKQUISE', 'ACTIVE', 0, 'Funktion: Geschäftsführer/in (CEO) | Mitarbeiter: 1 bis 10 | Branche: Physiotherapie'),
('0d421478-42e2-4887-9822-b6366ad3169a', 'bc9473c7-5903-4e01-be03-5c8726f66f53', 'KALTAKQUISE', 'ACTIVE', 0, 'Funktion: Geschäftsführer/in (CEO) | Mitarbeiter: 1 bis 10 | Branche: Physiotherapie'),
('d0dd2cd6-8158-4d7f-b4f1-b502537090dd', 'd17a25d9-9b39-46a3-bce7-8e4d8fdabc11', 'KALTAKQUISE', 'ACTIVE', 0, 'Funktion: Geschäftsführer/in (CEO) | Mitarbeiter: 1 bis 10 | Branche: Physiotherapie'),
('4466a702-a896-42c5-844c-4a6500ab2e1c', 'c59a86b1-e9ca-415a-984e-061d1f7c8fbf', 'KALTAKQUISE', 'ACTIVE', 0, 'Funktion: Geschäftsführer/in (CEO) | Mitarbeiter: 1 bis 10 | Branche: Physiotherapie'),
('a0e7ce51-5ea1-4feb-b3ca-124a240ea8d5', '7afa4af1-5f3d-4373-80db-342470d0379f', 'KALTAKQUISE', 'ACTIVE', 0, 'Funktion: Geschäftsführer/in (CEO) | Mitarbeiter: 1 bis 10 | Branche: Physiotherapie'),
('9358fd8c-09f7-400a-bed1-2c9457fe76e5', 'c73f413e-3124-445e-8401-2d53e76ffbae', 'KALTAKQUISE', 'ACTIVE', 0, 'Funktion: Geschäftsführer/in (CEO) | Mitarbeiter: 1 bis 10 | Branche: Physiotherapie | Rechtsform: Einzelunternehmen'),
('d927b560-ab34-41d3-b870-4982e65f9052', '60698eb0-928f-4a56-ba4c-e46b5649c03b', 'KALTAKQUISE', 'ACTIVE', 0, 'Funktion: Geschäftsführer/in (CEO) | Mitarbeiter: 11 bis 20 | Branche: Physiotherapie | Rechtsform: Aktiengesellschaft');

INSERT INTO lead_tags (lead_id, tag_id) VALUES
('b7a9d37d-270a-4b39-99b6-2afb049977b5', 'ka-b2b'),
('4d77fda5-f479-49a6-935e-db9b9c1a5e7b', 'ka-b2b'),
('c2551eab-a557-4bc5-aace-2fe37a5efbb5', 'ka-b2b'),
('dbe3bca0-394c-4014-85cb-f0ff6b94dc99', 'ka-b2b'),
('304e2c78-f253-4899-aba9-1c5ba871fd1b', 'ka-b2b'),
('2cfac3d1-6658-4bc8-b84c-c5bafc3409b6', 'ka-b2b'),
('ebcf6dd1-aebb-4b78-8763-ab45656e6476', 'ka-b2b'),
('30920404-4f35-4f9f-8761-b6267a612374', 'ka-b2b'),
('b56325b5-06ef-4585-b36f-15f4215952a2', 'ka-b2b'),
('4b820071-34f3-4fd1-a33c-6e9defda57fe', 'ka-b2b'),
('a7cfb4b6-ab4e-4035-a0b7-2c2e26b6ccbd', 'ka-b2b'),
('02f7e2ed-29ec-4fb7-b602-d7acf5686b16', 'ka-b2b'),
('96b68576-8a9d-445f-a8d1-b87068b8f39b', 'ka-b2b'),
('7bb32ffb-e590-4c08-92f6-29799d6c9eee', 'ka-b2b'),
('a0f39aa3-6893-4d17-b112-4b9a9ee277f6', 'ka-b2b'),
('83280578-6640-4676-9c7c-e15a9dcc1378', 'ka-b2b'),
('711235e1-ca22-4dc8-904d-5bbb3e652a64', 'ka-b2b'),
('101cef54-9a57-4e62-9ead-f3423077f672', 'ka-b2b'),
('b2f3f46f-693e-42cb-848c-a937fa09eef1', 'ka-b2b'),
('f9a8567c-6d25-4d82-854c-875389cf9a43', 'ka-b2b'),
('d1b24f51-54c3-438d-bf1c-839371b7fc77', 'ka-b2b'),
('7eb27332-1b31-4778-a9ad-c78a875b8251', 'ka-b2b'),
('5d889d88-6376-45c0-a798-8bbf6a8883a8', 'ka-b2b'),
('ecd702d3-131e-45ae-9ffe-b4d2d08d3aa7', 'ka-b2b'),
('ce8226e7-7f7a-4854-a2c7-d28d3646a889', 'ka-b2b'),
('7c4b41b8-1123-4b34-8b5c-37f8b588a73d', 'ka-b2b'),
('b46a0577-a016-491b-ac40-8af495542448', 'ka-b2b'),
('6ca2c150-c607-4675-ba8d-19975205e683', 'ka-b2b'),
('ed8a487a-c63b-40b8-970f-a74dd5cddb04', 'ka-b2b'),
('5511018d-97e5-4bf5-8318-d44bbfa1055e', 'ka-b2b'),
('10b9b5be-ac09-4a17-b0ec-c41c328603c4', 'ka-b2b'),
('221ce257-c93a-4b1b-807a-88512dd96002', 'ka-b2b'),
('add960fe-1897-48ed-9c28-a067a2537213', 'ka-b2b'),
('526bdbf5-d2d9-451f-8975-9b38e4d2cfd7', 'ka-b2b'),
('3a65129b-34df-4b4d-9032-5f034b8aea02', 'ka-b2b'),
('e29459da-0693-45a8-bee4-28d21357c003', 'ka-b2b'),
('fe56e408-2ec0-429c-8874-5c483fb88f8a', 'ka-b2b'),
('227badee-216f-499b-a528-426c256d29d0', 'ka-b2b'),
('e344aaba-9c05-47dc-b4ec-95d6427c86cd', 'ka-b2b'),
('fe0c2dbd-508a-460d-b81c-1638f8935d6c', 'ka-b2b'),
('68b37016-199a-4c06-838c-8da50a558c5b', 'ka-b2b'),
('77e71b93-1fb8-4488-9cc9-25f7e8b4a2ef', 'ka-b2b'),
('e655bc9b-a94a-48f8-878f-b7b92e838bba', 'ka-b2b'),
('0249742c-29aa-4010-8911-7ce905bbf919', 'ka-b2b'),
('4a7f69f9-f46d-4719-aac3-775f77f84674', 'ka-b2b'),
('1d795b55-6bef-43a4-9235-1fa63000fbaa', 'ka-b2b'),
('cd3274b6-1676-4681-a976-c9660e870f11', 'ka-b2b'),
('ecdf54f4-5f02-4601-a334-7ab84695f6f8', 'ka-b2b'),
('0ba6ff4f-7b33-4b5d-bea9-d43e6d3c22a9', 'ka-b2b'),
('da9e409c-8bb0-418c-9f17-dfe22f8ae67f', 'ka-b2b'),
('aadb5aeb-bb8d-4a62-a466-f550984ade5d', 'ka-b2b'),
('629ff1b9-8ace-4817-9917-1a2a3788b3ac', 'ka-b2b'),
('ec5bb5e5-38a9-4a9a-a7bd-6b5097212035', 'ka-b2b'),
('93ce76c3-04a9-4cb6-b87a-d97b608c532f', 'ka-b2b'),
('b058c2bf-a02a-4466-a05d-bae37134e207', 'ka-b2b'),
('46520fb9-ff36-47e3-ad96-5a4c0112ca18', 'ka-b2b'),
('c8b4b7b1-bd2f-4710-b0d7-cb3152b7a9fe', 'ka-b2b'),
('2d538a12-d0b8-48e5-83a4-2cd6d5301108', 'ka-b2b'),
('4b33c0d1-84b9-4e80-a662-f638c46c0554', 'ka-b2b'),
('ffcdce93-dbe8-44c4-b22b-79ff2b8875b2', 'ka-b2b'),
('0d9d20e5-1994-415d-b474-f8dba2b035ac', 'ka-b2b'),
('17709540-350d-4a76-a7e6-d5273225c57c', 'ka-b2b'),
('1142697e-cc14-4c5d-bbd0-a0b51a07171b', 'ka-b2b'),
('69b10fb3-f2d5-4821-8d05-b0a35916cc44', 'ka-b2b'),
('94eab8a7-0a1d-4522-9806-32351808e167', 'ka-b2b'),
('4de555d0-49eb-4f33-b0df-746ce19c4d7c', 'ka-b2b'),
('a4e4c66a-699c-46cd-8fa4-10362039c719', 'ka-b2b'),
('3bf603d8-7908-425d-940d-75bcb4e9c577', 'ka-b2b'),
('282a5231-b0d6-445a-80e4-d2b3741b52a3', 'ka-b2b'),
('f2269c31-2f44-4247-9ed5-8491dd4be18f', 'ka-b2b'),
('1cbd77ad-4756-4629-8119-3c0957781a6c', 'ka-b2b'),
('d3ca1a9f-cc12-45da-8641-dfe56e0a9136', 'ka-b2b'),
('8a1be82c-f705-4646-a036-868b0a6d31c3', 'ka-b2b'),
('20179b81-eb38-4d82-9966-b2177537015a', 'ka-b2b'),
('1b9ee03f-8d52-4036-80de-2fc00a0a4fc6', 'ka-b2b'),
('1ad192e1-7bc0-4bb2-aa12-ed595b964b28', 'ka-b2b'),
('3c17b7d1-ab6f-4e3f-aca5-f6650cdf9c4b', 'ka-b2b'),
('eb241c66-54fe-4fda-a9e1-38e8d05a7874', 'ka-b2b'),
('730a5449-ff67-4d37-8178-6f54b9c79359', 'ka-b2b'),
('1e699730-684c-4b66-b2bc-a8e4b28ece32', 'ka-b2b'),
('43f7e620-b341-4182-8c7b-94e939103feb', 'ka-b2b'),
('4489e520-2ee2-41ea-9243-e90a87f7202c', 'ka-b2b'),
('f87429a0-d866-410b-b37e-d9fe39861e07', 'ka-b2b'),
('25c184b1-d912-4710-83dd-dd894e9c6995', 'ka-b2b'),
('97e15f57-507d-441c-a62c-403f0cba429f', 'ka-b2b'),
('d1c9d146-0224-423e-b0d6-0ce2782b052a', 'ka-b2b'),
('0c4bdadc-22be-49e4-8faa-5bcacb03443c', 'ka-b2b'),
('5d4ee8a0-c03b-4aab-8380-d7f573c71da0', 'ka-b2b'),
('afcde34a-7679-459e-a0a0-1430e7dc9bcd', 'ka-b2b'),
('997ea00e-9b63-4bbb-b5cf-f4b0519fb452', 'ka-b2b'),
('93fef510-c46e-403d-b35e-f11da96dfa0c', 'ka-b2b'),
('83083bf9-2ec5-4f59-b806-b6c30ecd345a', 'ka-b2b'),
('d65a52bf-e23d-4610-a0fa-78e7704246e7', 'ka-b2b'),
('a08d742d-a9d5-46ea-acc9-d5e8b478bc36', 'ka-b2b'),
('6d6e1fc9-4c04-4fee-98d0-a62e2f2e21bb', 'ka-b2b'),
('ff6e5f48-a83f-4733-804d-e96a49cbe04d', 'ka-b2b'),
('562a9ac1-9066-40e7-914b-ebfb031d77a1', 'ka-b2b'),
('794c6be5-61c9-4ad2-9f31-bad7aac921c7', 'ka-b2b'),
('5c9c51b6-76d3-47fe-b179-db2e9ceaee44', 'ka-b2b'),
('a4f31df7-a13b-4336-9276-5f1217a2dea0', 'ka-b2b'),
('b2d27253-779c-4c86-a899-af460f0918eb', 'ka-b2b'),
('4344f9d0-7e7c-4a94-8c90-92156e119659', 'ka-b2b'),
('95f76d33-e03a-4e2e-860f-73b3d3e55275', 'ka-b2b'),
('27d590ae-88aa-489f-8c06-a9dfb88ce5a9', 'ka-b2b'),
('a6b5200f-e392-4339-9dad-177954cfb928', 'ka-b2b'),
('8190cfec-8dcd-46fe-90de-84ed0b95c254', 'ka-b2b'),
('3430c095-cc87-45c7-8979-fa67d9bbb5db', 'ka-b2b'),
('6b2952aa-128b-4d6b-9805-9e18582e093d', 'ka-b2b'),
('65213bcb-8291-4195-b5a9-b5f384b276f2', 'ka-b2b'),
('3f2eab8f-2be8-4a99-bf7f-074b95c10cde', 'ka-b2b'),
('1c373e96-c060-43f8-978f-0bf763f645a2', 'ka-b2b'),
('41c03a17-14d4-4502-be3a-07474951d3a6', 'ka-b2b'),
('83e67712-6136-468e-9c68-2ccdcf14dfa5', 'ka-b2b'),
('a5114803-8802-41f1-b754-3305c5c8e2fa', 'ka-b2b'),
('635793fb-828a-4237-b25a-e0baac75a5bc', 'ka-b2b'),
('b0a6a2af-d5fd-47ef-8259-a6a4de962261', 'ka-b2b'),
('7898f4fe-738e-46f7-84d9-71e0c26521ca', 'ka-b2b'),
('49f9cf08-0bac-432d-b9a2-8e618b563b48', 'ka-b2b'),
('3c60cf15-ecc4-4212-8366-75a039717ae4', 'ka-b2b'),
('9c73ec55-e19d-45f8-b53c-cae4e6862a7b', 'ka-b2b'),
('58a08c9b-60f1-4e5c-bf9b-c3746a6189a6', 'ka-b2b'),
('007d994d-b0f0-442f-bea7-d5027dcc22dd', 'ka-b2b'),
('966e4b06-6a1e-4f60-9f2e-83dc2a6064be', 'ka-b2b'),
('31845866-f969-46c8-9e04-da1501da636b', 'ka-b2b'),
('575a7235-1056-4285-9392-4b072641d321', 'ka-b2b'),
('2c45adc2-b2d2-4430-ae40-d3bb20d811a0', 'ka-b2b'),
('6b3b109c-ef41-400e-b5af-96f2a61704ef', 'ka-b2b'),
('bdd86217-3db6-49e9-a00a-3547051c2640', 'ka-b2b'),
('20d14a22-2a6e-4105-85e4-e0df1002e95f', 'ka-b2b'),
('ccac326a-e64a-4912-8bfa-1a7ff1289350', 'ka-b2b'),
('eef80b52-a7c4-4a35-8b8b-3327156b1288', 'ka-b2b'),
('bd6b39f8-fe54-4bfa-8f0c-75f37528f120', 'ka-b2b'),
('5b78a24a-aeea-4a73-ae84-042537fb6932', 'ka-b2b'),
('6260257c-ae43-4263-9634-140a2430e89a', 'ka-b2b'),
('4c74db60-743a-4f52-bb3b-2d9e3f6e1ca5', 'ka-b2b'),
('46bc76da-3351-4d2d-a540-955b7e9d8319', 'ka-b2b'),
('03a83059-8e7f-467e-a4e5-c212c8360ff5', 'ka-b2b'),
('83ec5602-6677-4262-8e34-d1d8beb24729', 'ka-b2b'),
('d7e50f13-0214-420b-a651-2228b4269cd3', 'ka-b2b'),
('1d979981-44a8-47e1-b3e9-03c13488cdad', 'ka-b2b'),
('93c78a10-6fa9-416c-81d1-a234243969a6', 'ka-b2b'),
('16cfd061-03db-4e7e-b0fe-ac37165abe26', 'ka-b2b'),
('d9541d79-2c32-4859-b534-21cad3d93754', 'ka-b2b'),
('763d653a-d232-4e63-8fc0-59932e384e17', 'ka-b2b'),
('d30d3c3c-b53d-4a03-ab30-6e8db013a7ef', 'ka-b2b'),
('e17bd3f5-a3e1-4f6e-909a-c6c2bd83bc77', 'ka-b2b'),
('bde10fce-c5b3-49e8-b956-c3096ea684ef', 'ka-b2b'),
('0ff87ad4-3be3-453d-8435-ffb57be313ee', 'ka-b2b'),
('ae7c32d1-693a-48fa-8bb0-f37b537c11a9', 'ka-b2b'),
('a62aadff-9848-4093-b056-4127c47ba152', 'ka-b2b'),
('48a0f434-c97b-4b8d-93da-bd23df053e68', 'ka-b2b'),
('124879ee-b913-4347-a89a-3bd5d0c1d881', 'ka-b2b'),
('f36363cc-9c9f-43c2-8dcf-afd0601e5605', 'ka-b2b'),
('0c4d2dd1-513e-4c45-a317-03ad6f34fc12', 'ka-b2b'),
('fa06850d-13a9-4723-8522-c9c41f73137a', 'ka-b2b'),
('300a7368-fb7a-4f69-864e-31ef048dec87', 'ka-b2b'),
('d5ed325d-022b-42c5-aa5a-082fcf2b40dc', 'ka-b2b'),
('0883e8e7-dba9-4253-a222-a7cce728e8c0', 'ka-b2b'),
('f81b7d1f-d643-44f7-ba31-2b03c94328d6', 'ka-b2b'),
('0c7b062d-ca3f-441b-bf46-2180e300761d', 'ka-b2b'),
('b264aaf1-0bd9-4f53-9082-4f2838cb8885', 'ka-b2b'),
('6261a83f-e703-4ef6-a36e-adbb959eb493', 'ka-b2b'),
('23f5d711-4966-4fb1-bac5-8d44fee2f543', 'ka-b2b'),
('06d44a44-efaf-4303-8b2a-9fb73dff07b1', 'ka-b2b'),
('8f395268-9c55-45d1-9a06-75280bac6f61', 'ka-b2b'),
('87a41609-8388-430a-8dfa-ad0408e880fc', 'ka-b2b'),
('48a3dcc2-6dfc-4790-814c-f2d8b72338f1', 'ka-b2b'),
('c5898dba-a29e-4ea1-90b3-33e0c7e85106', 'ka-b2b'),
('e7ad812c-a370-4956-8bc5-20c479a68ae8', 'ka-b2b'),
('65117dda-7fe3-4af5-b161-0d8013adf7a5', 'ka-b2b'),
('39807cd6-8646-4c5b-ba86-495a3fc45fe6', 'ka-b2b'),
('37f79284-ccaa-428d-b978-d0d5887c589f', 'ka-b2b'),
('9ed9104c-970c-49b5-bd2d-bc268d378eef', 'ka-b2b'),
('5b9ccdb9-b21e-4156-b8fa-8debbf02c0f4', 'ka-b2b'),
('898c7a87-6949-4333-9f97-0729e3831604', 'ka-b2b'),
('1f4dca5d-7e17-48d5-af01-0be9a3952106', 'ka-b2b'),
('2d2ede74-3fee-4390-98fc-2e7b1d7991f0', 'ka-b2b'),
('2021f863-df92-4f9c-8f4d-74e724bdab32', 'ka-b2b'),
('55dcce11-bafb-4d4d-a6da-115ff90c31c0', 'ka-b2b'),
('f5e95717-0387-470e-9e61-e0946a6d4a6e', 'ka-b2b'),
('4d0c9386-ba6a-4bfa-bb3a-9e63486f0bc8', 'ka-b2b'),
('fc11e727-9977-4834-b30b-7d977f1c81ea', 'ka-b2b'),
('30f482dc-64c3-41ad-9772-de738e0de49f', 'ka-b2b'),
('501605f8-6ab5-4d88-af8c-fcf85c358d67', 'ka-b2b'),
('f3c5660a-3a7e-4637-8a88-5e722e6f3b07', 'ka-b2b'),
('d7b5cb29-e900-48af-8a89-6d89fad9740f', 'ka-b2b'),
('9b01fe5c-892b-4e99-ad2f-53c97b0b8edf', 'ka-b2b'),
('288c518f-799e-42ae-9bbf-9af193d8fc54', 'ka-b2b'),
('5ba8e212-e03a-42c8-8f7e-1b34ddd8d760', 'ka-b2b'),
('a7fe9b8d-b360-4179-b3e2-00f08d035c34', 'ka-b2b'),
('b7ada83c-d8da-4365-9567-46084c54e1e2', 'ka-b2b'),
('eed19953-574b-4805-8aba-da549082661b', 'ka-b2b'),
('e4facd31-47b2-42b7-b536-9cc65c7a756a', 'ka-b2b'),
('f64c8196-1828-474c-933c-a4b9b7f1d943', 'ka-b2b'),
('0d421478-42e2-4887-9822-b6366ad3169a', 'ka-b2b'),
('d0dd2cd6-8158-4d7f-b4f1-b502537090dd', 'ka-b2b'),
('4466a702-a896-42c5-844c-4a6500ab2e1c', 'ka-b2b'),
('a0e7ce51-5ea1-4feb-b3ca-124a240ea8d5', 'ka-b2b'),
('9358fd8c-09f7-400a-bed1-2c9457fe76e5', 'ka-b2b'),
('d927b560-ab34-41d3-b870-4982e65f9052', 'ka-b2b');
