-- Batch 107 (200 records)
INSERT INTO contacts (id, first_name, last_name, email, phone, company, address) VALUES
('67d42789-1bc9-4aff-ad63-7a551fa027e9', 'Schnyder', 'Vreni', 'v.schnyder@aquaschnyder.ch', '', NULL, 'Altigerweg 9, 8754 Netstal, GL'),
('a3678fbf-0900-46f4-b9ae-c1ade200a66c', 'Schnyder', 'Waller', 'w_schnyder@bluewin.ch', '41792874855', NULL, 'Trottenrain 7, 8252 Schlatt TG, TG'),
('ec83d1f7-7423-48d7-8a77-12ebd235a3f7', 'Schöb Bruno u. Rosmarie', '(-Wittwer)', 'bschoeb@bluewin.ch', '', NULL, 'Scheuermattweg 27, 3043 Uettligen, BE'),
('fd440ee2-b977-4bc6-bad5-c050499fa292', 'Schob Elsbeth und', 'Peter', 'pedroschoeb@bluewin.ch', '', NULL, 'Erlen 17, 9473 Gams, SG'),
('45f4e162-f3f0-4c07-b89f-262daccbeb86', 'Schöb', 'Lukas', 'lukas.schoeb@gmx.net', '41793742010', NULL, 'Auf der Höhe 9, 4144 Arlesheim, BL'),
('103ebb8c-9811-4d84-b3e1-600fe124f0be', 'Schöb Markus', '(-Hug)', 'schoeb.markus@bluewin.ch', '', NULL, 'Starenweg 9, 9470 Werdenberg, SG'),
('16b353bc-2770-4e6a-b5a1-5e41786300c4', 'Schober', 'Peter', 'peter.schober@bluewin.ch', '', NULL, 'Nelkenweg 3, 3125 Toffen, BE'),
('8c017303-dc0e-44c9-b851-a89c437d9dd9', 'Schober Peter und', 'Irene', 'schober@bluemail.ch', '', NULL, 'Resedastrasse 20, 8008 Zürich, ZH'),
('77fde06a-dae9-4e81-bdea-659cde54d682', 'Schobinger', 'Penelope', 'nelly.schobinger@gmail.com', '41797765728', NULL, 'Höschgasse 29, 8008 Zürich, ZH'),
('6d996615-1593-4fcf-bb59-8f4897e3dc40', 'Schoch Armin', '(-Rubin)', 'a-und-k.schoch@bluewin.ch', '', NULL, 'Friedhofstrasse 17, 8636 Wald ZH, ZH'),
('05c57776-833b-4d9a-8d74-216a57c7e437', 'Schoch Daniel u. Elisabeth', '(-Knüsli)', 'd.schoch@bluewin.ch', '', NULL, 'Louisenbergstrasse 3, 8268 Mannenbach-Salenstein, TG'),
('ba4ef355-88c6-49bf-8d08-3ce9a1555ce4', 'Schoch Felix A. und Schoch Verena', '(-Brunner)', 'felix.schoch@trigonlacke.ch', '', NULL, 'Pestalozzistrasse 2, 3400 Burgdorf, BE'),
('ebab863b-29d1-466a-a8bd-a2c692d385ff', 'Schoch Frank und Sabine', '(-Helfenstein)', 'frank.schoch@bluemail.ch', '', NULL, 'Hanfackerweg 6, 8264 Eschenz, TG'),
('7e628ba9-624a-40b9-a67a-02317cfbd85a', 'Schoch', 'Hans-Rudolf', 'hansruedi.schoch@bluewin.ch', '41799061138', NULL, 'Birkenweg 12, 3662 Seftigen, BE'),
('8e70c8a5-01df-438d-b7c7-b9f62e96cced', 'Schoch', 'Heinz', 'schoch.heinz@bluewin.ch', '41792923644', NULL, 'Eichenrain 31, 3122 Kehrsatz, BE'),
('7de48020-61b5-428a-8a35-319c2416b34a', 'Schoch', 'Max', 'max.schoch@hispeed.ch', '41792073585', NULL, 'Schulhausstrasse 35, 8002 Zürich, ZH'),
('c2b9b6cf-f2bc-4443-8f57-10f2e20b9ac7', 'Schoch Mike und', 'Kristin', 'mike.schoch@hispeed.ch', '', NULL, 'Trockenloostrasse 150, 8105 Regensdorf, ZH'),
('45933e85-8471-419e-9c25-db3513e6aae3', 'Schoch', 'Pascal', 'pasci3568@gmail.com', '41793056868', NULL, 'Bergstrasse 43, 8113 Boppelsen, ZH'),
('f7d24e87-0370-4285-b7b2-3b5f7be91eee', 'Schoch', 'Peter', 'pw.schoch@bluewin.ch', '', NULL, 'Schirmisrütistrasse 24, 8507 Hörhausen, TG'),
('19fb2749-edc1-4df2-9ce6-ee47323d0e1a', 'Schoch Robert und Erika', '(-Löffel)', 'rescho@bluewin.ch', '', NULL, 'Unteres Räftli 8, 3655 Sigriswil, BE'),
('e4a3856b-7a12-4161-84b0-a7f5f8c6b510', 'Schoch', 'Rolf', 'info@ab-z.ch', '', NULL, 'Brüggliacher 26, 5452 Oberrohrdorf, AG'),
('012e197c-b08c-4765-8ccc-bc053d359cdf', 'Schoch', 'Stefan', 'schochtablet@gmail.com', '', NULL, 'Greithstrasse 7, 8640 Rapperswil SG, SG'),
('4619ad54-e89c-40ef-a2b1-c65ef66833a6', 'Schoch', 'Susan', 'art@susanschoch.ch', '', NULL, 'Technikumstrasse 8, 8400 Winterthur'),
('0cf775b3-4c59-4429-9d56-8b444d0b1e01', 'Schoch Urs und', 'Heidi', 'schochurs@bluewin.ch', '', NULL, 'Gossauerstrasse 1, 9246 Niederbüren, SG'),
('e35777ff-d22f-48ea-a5d4-bed0800d935d', 'Schoch Walter und', 'Erika', 'walter.schoch2@bluewin.ch', '', NULL, 'Hofstrasse 6, 7243 Pany, GR'),
('96ebeee2-73de-4e45-889f-23325f5bff90', 'Schoch', 'Woody', 'woody.schoch@gmx.net', '41795061149', NULL, 'Hofstrasse 9, 7243 Pany, GR'),
('21676a63-97ce-4f83-a0a0-a0dd24a4c158', 'Schocher', 'Domenico', 'domoth@bluewin.ch', '41787382970', NULL, 'Bachhaldenstrasse 15, 5621 Zufikon, AG'),
('258132a4-4015-4ec1-a82e-0c65be30ac30', 'Schoder', 'André', 'andreschoder@hotmail.com', '', NULL, 'Thalstrasse 129, 4712 Laupersdorf, SO'),
('8cb64168-a366-44dc-b613-3ca79e68dbfc', 'Schoeffel', 'Thomas', 't.schoeffel@bluewin.ch', '', NULL, 'Veronikastrasse 15, 4123 Allschwil, BL'),
('f3535cd6-f900-4885-9340-f6c87fd7b7ca', 'Schoen Bruno u.', 'Susanne', 'sb.schoen@bluewin.ch', '', NULL, 'Rieselbrunnackerweg 2, 4203 Grellingen, BL'),
('bbdeeadc-ba30-4405-bf8b-5facc793bfbf', 'Schoenenberger Lucie Margaritha', '(-Hilber)', 'lucie.schoenenberger@gmx.ch', '', NULL, 'Sonneweg 34, 5323 Rietheim, AG'),
('e3fae4db-c411-4545-baf0-190cf7081463', 'Schoenenberger', 'Marcel', 'marcelschoenenberger@gmx.ch', '', NULL, 'Voremberg 31, 3150 Schwarzenburg, BE'),
('52dc650d-b5be-4cc6-bfe2-522fe2a93c93', 'Schoepfer Albert und Margrith', '(-Brun)', 'kaesereischoepfer@hotmail.com', '', NULL, 'Chlistei 5, 6106 Werthenstein, LU'),
('2f67456d-f57c-4a4b-928c-2a68a9437c21', 'Schökle Edgar', '(-Ensinger)', 'edgar.schoekle@bluewin.ch', '', NULL, 'Lindenfeldweg 9, 4106 Therwil, BL'),
('75231d7b-b1d8-47c8-b828-778743ef2009', 'Scholl', 'Beatrix', 'beatrixscholl@hotmail.com', '41796283875', NULL, 'Hübeliweg 3, 3250 Lyss, BE'),
('817ad3ac-7390-4032-b797-9a96463bd754', 'Scholl', 'Brigitte', 'b_scholl@bluewin.ch', '41787370123', NULL, 'Brunnmattstrasse 83, 3007 Bern, BE'),
('42d07360-46ad-47c9-b114-90dc181081bf', 'Scholl Herbert und', 'Ursula', 'pilot@fly4fun.ch', '41763971011', NULL, 'Erlenweg 1, 2503 Biel/Bienne, BE'),
('b89fc348-b0c0-4fc4-8a40-b54604495f5d', 'Scholl', 'Mario', 'degaule2@swissonline.ch', '', NULL, 'Orpundstrasse 72, 2504 Biel/Bienne, BE'),
('fef1564c-9cb5-4277-8f9d-46f990949dc5', 'Scholl Peter', 'Ch.', 'info@pcscholl.ch', '41796223111', NULL, 'Ziegelackerfeld 2, 8919 Rottenschwil, AG'),
('f94bd80b-40ee-43d1-bc4e-8fb770e8352e', 'Schollbach', 'Britta', 'body@effizienz.training', '41787260467', NULL, 'Altgasse 56, 6340 Baar, ZG'),
('5aa270b4-125f-461e-b2f0-95a9d39eb957', 'Schöllnast', 'Andrea', 'andrea_schoellnast@gmx.at', '', NULL, 'Breisacherstrasse 6, 4057 Basel, BS'),
('f900ad7e-cd2e-45bb-b0f6-454e657cca8b', 'Scholten', 'Johannes', 'scholten@hypo-privat.com', '', NULL, 'Wührenbachstrasse 1, 8815 Horgenberg, ZH'),
('805c9fc7-bca1-485c-814f-13fcde6c3df3', 'Scholtes Catherine', '(-Buchser)', 'catherine.scholtes@qigong-biel.ch', '', NULL, 'Lore-Sandoz-Weg 7, 2503 Biel/Bienne, BE'),
('aad80a06-309e-432a-baba-c04eb7fe1591', 'Scholtz', 'Astrid', 'astrid.scholtz@bluemail.ch', '', NULL, 'Kupferschmiedeweg 25, 7000 Chur, GR'),
('92264922-8acc-48c8-8afb-6dff32a5db26', 'Scholz', 'Ernst', 'scern@bluewin.ch', '41775318515', NULL, 'Sandbüelstrasse 36, 8606 Greifensee, ZH'),
('25e3e3ce-3ce5-42e8-98b3-b383f61726db', 'Schön', 'Eugen', 'eugen.schoen@bluewin.ch', '', NULL, 'Baarburgstrasse 40, 6345 Neuheim, ZG'),
('275d4dbc-6834-4868-84e7-4951d1bd4e2b', 'Schönauer', 'Carola', 'studio@leben-live.ch', '41794559999', NULL, 'Längmatt 2, 6218 Ettiswil, LU'),
('0151b2a6-6b27-4970-8fb4-4604d966582d', 'Schönauer', 'Josef', 'jakobsweg@pilgern.ch', '', NULL, 'Lilienstrasse 41, 9000 St. Gallen, SG'),
('f63e240f-52fe-45d0-9be5-aa978c88a811', 'Schönauer Roland und', 'Helen', 'schoenauer.roland@bluewin.ch', '', NULL, 'Staatsstrasse 159A, 9445 Rebstein, SG'),
('b9bc55ac-017f-4fd9-b5b9-b5fed0239659', 'Schönbach', 'Ronny', 'info@zeit-zum.reisen', '41762181983', NULL, 'Quittenweg 2, 8590 Romanshorn, TG'),
('3070c5f2-43c0-4307-aecd-c26bf9e858fd', 'Schönbächler', 'Alois', 'info@aszh.ch', '41789001103', NULL, 'Käshaldenstrasse 39, 8052 Zürich, ZH'),
('5e219106-9548-4f23-a3aa-75dae4b93727', 'Schönbächler Brigitte und Anton', '(-Ferrat)', 'toni.schoenbaechler@bluewin.ch', '', NULL, 'In der Rüti 6, 8915 Hausen am Albis, ZH'),
('2db79022-32e5-4bd9-9fe0-84effee3968b', 'Schönbächler', 'Carla', 'info@carlaschoenbaechler.ch', '41792028142', NULL, 'Gähaldenweg 7, 8840 Einsiedeln, SZ'),
('172e2ca6-0be5-46cf-a1e1-e1c3be7679a1', 'Schönbächler Daniela und', 'André', 'a.schoenbaechler@bluewin.ch', '', NULL, 'Langendorfstrasse 37, 4500 Solothurn, SO'),
('f6e7d0ea-8f88-4efa-b4f2-e266cdef4394', 'Schönbächler', 'Sonny', 'info@gymfit-affoltern.ch', '', NULL, 'Lindenmoosstrasse 8, 8910 Affoltern am Albis, ZH'),
('b3d8a735-b4d4-469f-89a5-46d421507272', 'Schönbächler', 'Urs', 'lapsus@active.ch', '41798204577', NULL, 'Hauptstrasse 99, 8762 Schwanden GL, GL'),
('50f70236-9a71-47dd-be68-f548d34ef18f', 'Schönbächler Walter und Ingrid', '(-Manser)', 'w.i.schoenbaechler@hispeed.ch', '', NULL, 'Sonnenbergstrasse 4, 8340 Hinwil, ZH'),
('7d28af73-0cac-43d8-bea2-6e38993e1fea', 'Schönbauer', 'Christian', 'christian@schoenbauer.ch', '', NULL, 'Moosbühlstrasse 39, 3302 Moosseedorf, BE'),
('4f419875-5be6-42ce-928f-b85d8fdc05e9', 'Schönberg', 'Urs', 'urs.schoenberg@gmx.ch', '', NULL, 'Venusstrasse 14, 4512 Bellach, SO'),
('fafedc2b-03a9-493c-903d-90244f2cf4ad', 'Schönenberger Daniel, Maja und Ramon', '(-Frey)', 'mada@schoe.ch', '41763941112', NULL, 'Brunnhaldenweg 23a, 4852 Rothrist, AG'),
('7fea5f9c-09b8-4306-aafc-7b7bae26fb9f', 'Schönenberger Ernst und Rita', '(-Blessing)', 'schoenenbergersfive@bluewin.ch', '', NULL, 'Seeblickstrasse 31, 9037 Speicherschwendi, AR'),
('117b76f9-a0f9-415f-9bfc-b1f5d29a45a3', 'Schönenberger Hanspeter und Ruth', '(-Gerster)', 'ru_ha.schoenenberger@bluewin.ch', '41794001248', NULL, 'Hauptstrasse 122, 8272 Ermatingen, TG'),
('16cbccd0-6722-45fe-8951-37cac9ac79a1', 'Schönenberger', 'Jörg', 'joerg.schoenenberger@swissonline.ch', '', NULL, 'Spechtstrasse 4, 8966 Oberwil-Lieli, AG'),
('c4d80686-2702-46f7-96c2-1f2a4867a5bb', 'Schönenberger Peter und Sylvia', '(-Kesselring)', 'fam.schoenenber@bluewin.ch', '', NULL, 'Bahnhofstrasse 25, 9402 Mörschwil, SG'),
('0d49807e-5a63-4ee7-87f4-cf45ae636e6c', 'Schönenberger Robert und Cornelia', '(-Sommerhalder)', 'privat@dr-schoenenberger.ch', '', NULL, 'Sonnenbergstrasse 52, 9030 Abtwil SG, SG'),
('d4965665-71a1-4233-b361-17f04e3dd637', 'Schönenberger', 'Ruedi', 'rschoenenberger@datacomm.ch', '', NULL, 'Bahnhofstrasse 87, 8803 Rüschlikon, ZH'),
('5e1fc232-55d8-4804-bf0c-17e4b70bb8a7', 'Schönenberger Thomas und', 'Regina', 'thomas@schoenenberger.net', '', NULL, 'Biserhofstrasse 7, 9011 St. Gallen, SG'),
('a186d521-4a28-461f-957b-3243ca9ccc70', 'Schönenberger', 'Urs', 'schoenenberger.urs@bluewin.ch', '41794467892', NULL, 'Tufertschwil 67, 9604 Lütisburg, SG'),
('29819820-29f1-4c7a-8273-4fbc700cf380', 'Schönenberger Urs und', 'Bettina', 'bschoeni@bluewin.ch', '41792929611', NULL, 'Waldhofstrasse 36, 6314 Unterägeri, ZG'),
('57c60f8d-7432-4e31-b2a8-fafc402a34d1', 'Schönenberger', 'Walter', 'w.schoenenberger@thurweb.ch', '41794044611', NULL, 'Au 2126, 9606 Bütschwil, SG'),
('0f49574b-bae3-4eff-b218-ad2d741d5800', 'Schönhaus David Patrick', 'Oliver', 'david.schoenhaus@me.com', '41763675782', NULL, 'Oberdorf 25, 4203 Grellingen, BL'),
('6127d011-a41d-4a25-8887-88083e81569f', 'Schönholzer Angela', 'Isabel', 'a.schoenholzer@bluewin.ch', '', NULL, 'Ilgenstrasse 18, 8280 Kreuzlingen, TG'),
('45053588-32b4-4de5-8005-95f8df5f0698', 'Schönholzer Arthur u. Monika', '(-Rasch)', 'aschon@bluewin.ch', '', NULL, 'Maihölzlistrasse 17, 5621 Zufikon, AG'),
('c6836642-b0c9-4ec7-ad78-48dcc341076e', 'Schönholzer Heinz und Mirjam', '(-Tanner)', 'heinzschoeni@bluewin.ch', '', NULL, 'Müliäckerweg 10, 8264 Eschenz, TG'),
('4671a569-4ac4-437d-a8ce-56a45e59a09b', 'Schönholzer Mario und Bettina', '(-Brügger)', 'm.schoenholzer@besonet.ch', '41794354134', NULL, 'Schörlishäusern 67, 3376 Graben, BE'),
('44999375-0c22-4643-9fa9-a0a89ad2314e', 'Schönholzer', 'Peter', 'peter.schoenholzer@bluewin.ch', '', NULL, 'Rainstrasse 8, 8575 Istighofen, TG'),
('8e418a13-31b3-4f9d-b632-ce371560fa35', 'Schöni', 'Alfred', 'info@schoeni-schrinerei.ch', '41794420087', NULL, 'Burghof 99, 3454 Sumiswald, BE'),
('cdf0adcb-efc6-4b85-b414-0116c2b313f8', 'Schöni', 'Daniel', 'daniel.schoeni@solnet.ch', '41797043710', NULL, 'Längmattstrasse 23, 4563 Gerlafingen, SO'),
('d964730f-0e53-4ce3-b10a-0f2ddea92403', 'Schöni', 'Doris', 'doris.schoeni@bluewin.ch', '', NULL, 'J.V. Widmannstrasse 21A, 3074 Muri b. Bern, BE'),
('281506bb-6b61-4547-a148-3371c4c744c1', 'Schöni', 'Fritz', 'fschoeni.60@bluewin.ch', '41792626699', NULL, 'St. Jakob-Strasse 105, 9000 St. Gallen, SG'),
('fd6c4723-0b83-42a4-8d59-4034968ca884', 'Schöni Matthias und', 'Fränzi', 'matthiasschoeni@bluewin.ch', '', NULL, 'Waldeggstrasse 42, 8405 Winterthur, ZH'),
('9b467407-7ee2-46d1-986b-671760849503', 'Schöni Stefan u.', 'Marianne', 'stefan.schoeni@bluewin.ch', '', NULL, 'Friedhofweg 7, 3322 Urtenen-Schönbühl, BE'),
('d636a37f-8c62-477a-9ed5-f31b541961b1', 'Schöni Thomas und Myriam', '(-Waser)', 'thomas@schoeni.net', '', NULL, 'Steinerweg 21, 8536 Hüttwilen, TG'),
('12e503fe-8eb8-48fd-bbd7-8c121a5e9301', 'Schöni', 'Walter', 'wschoeni@ggs.ch', '41797325787', NULL, 'Mittelgäustrasse 74, 4612 Wangen b. Olten, SO'),
('97b0b6ff-af44-4ea6-a9ea-68ad245b7150', 'Schönki Winfried und Maria', '(-Fahrni)', 'wmschoenki@bluewin.ch', '', NULL, 'Sonnenbergstrasse 11, 8603 Schwerzenbach, ZH'),
('53a48536-ce64-4409-a95f-cb032f78a484', 'Schönmann Abbühl', 'Christa', 'christa@gmx.ch', '', NULL, 'Juraweg 10a, 3046 Wahlendorf, BE'),
('2720637b-75e3-4891-bca1-7333fc8f6689', 'Schönmann Hansueli und Fe', '(-Credo)', 'hansueli.schoenmann@gmail.com', '41798161343', NULL, 'Bümplizstrasse 104A, 3018 Bern, BE'),
('b5057d4e-b44b-4f83-8f54-d0f7628243bd', 'Schönmann', 'Rita', 'rita.schoenmann@bluewin.ch', '', NULL, 'Dietlikerstrasse 31, 8302 Kloten, ZH'),
('81ff6dec-cc84-4dae-9c72-1a30160bfff0', 'Schönthal Hansjürg und Barbara', '(-Gasser)', 'hj.schoenthal@bluewin.ch', '', NULL, 'Bernstrasse 7, 3600 Thun, BE'),
('6e1528cd-5005-4432-bf72-fc2f278f5346', 'Schönthal', 'Peter', 'peter@schoenthal.org', '41792411880', NULL, 'Sägetstrasse 5A, 3123 Belp, BE'),
('c837b820-5252-4cdb-b046-990de0533570', 'Schönthaler', 'Dominik', 'info@dls-beratung.ch', '41788463737', NULL, 'Eulerstrasse 9, 4051 Basel, BS'),
('6f9e3e95-03c1-4537-9287-e2a40e0ae3cc', 'Schönthier', 'Alex', 'alexschoenthier@bluewin.ch', '41793951818', NULL, 'Meienfeldstrasse 2A, 8645 Jona, SG'),
('76ca7d8b-e188-4891-bc23-ed59491729aa', 'Schoop', 'Katharina', 'katharinaschoop@bluewin.ch', '41794306737', NULL, 'Spinerstrasse 3, 7277 Davos Glaris, GR'),
('1f29608d-f099-4e16-9f66-74e5a8bfddbc', 'Schöpfer', 'Alice', 'elof@bluewin.ch', '', NULL, 'Schulstrasse 18, 5426 Lengnau AG, AG'),
('24938acf-a69f-4fb5-a82b-41f4db8e9bd9', 'Schöpfer Josef', 'Anton', 'joe.schoepfer@bluewin.ch', '41799190357', NULL, 'Freiehofweg 1, 6017 Ruswil, LU'),
('987329bd-261d-4591-a741-b698dbf587f2', 'Schopfer', 'Marco', 'marco.schofper@bluewin.ch', '41795247775', NULL, 'Bergmatteweg 25, 3777 Saanenmöser, BE'),
('7d7fff3e-a5ea-40a8-9a9d-2d6ab8d34697', 'Schöpfer Pius und Katrin', '(-Wenzlaff)', 'info@schoepfer1.ch', '', NULL, 'Hochstrasse 20, 5607 Hägglingen, AG'),
('cdf9d8b4-ca34-4eb0-8cef-2bad02f2f67d', 'Schöpfer', 'Timo', 'info@malergeschaeft-basel.ch', '', NULL, 'Bechburgerstrasse 1, 4052 Basel, BS'),
('d4010e26-fec1-4e57-a979-1c5a1d677ae7', 'Schöpflin Sibylle u. Ruedi', '(-Graf)', 'ruedi.schoepflin@bluewin.ch', '', NULL, 'Kettberg 3, 8049 Zürich, ZH'),
('2ca8d6b1-2c39-4746-961b-24dacba5a862', 'Schopper', 'Jürg', 'info@schopper.ch', '', NULL, 'Technikumstrasse 28, 8400 Winterthur, ZH'),
('2f13e2b4-67cc-4a83-b4a9-6cdbf391d65f', 'Schorer', 'Myrta', 'info@myrtadenia.ch', '', NULL, 'Fischeracherstrasse 48, 8315 Lindau, ZH'),
('f3d0059f-8137-4810-b52b-b4c201b74194', 'Schörg', 'Peter', 'schoerg@schoerg.ch', '', NULL, 'Ammerswilerstrasse 3, 5600 Lenzburg, AG'),
('1dede8e8-c8e0-45d4-b0ee-9815d7215bf5', 'Schori David and Regula', '(-Jost)', 'info@wildblumenhaus.ch', '', NULL, 'Haslistutz 10, 3268 Lobsigen, BE'),
('ebc0b6b3-28df-4650-a02a-a258106ddff4', 'Schori', 'Pandolfo', 'pandolfoschori@bluewin.ch', '', NULL, 'Küpfgasse 13, 2543 Lengnau BE, BE'),
('d693a8c6-993c-4efc-bfd3-9092cee17088', 'Schori Therese', '(-Zeugin)', 'ernaehrungsberatung@yetnet.ch', '', NULL, 'Langackerstrasse 35, 5102 Rupperswil, AG'),
('3f8d0cb1-9dc7-4fee-a03f-abf9fd394d97', 'Schorno', 'Edi', 'e.schorno@bluewin.ch', '41797536150', NULL, 'Schmittgasse 5, 5103 Möriken AG, AG'),
('d3f9b6b3-a3f0-496b-a6c6-60ffe43fd522', 'Schorpp Roland et', 'Joceline', 'roland@schorpp.ch', '41792503757', NULL, 'Les Amatennes 7, 2744 Belprahon, BE'),
('ff919dac-2ace-4fbc-9f56-47078df47d3a', 'Schotland Edward und Rosemary', '(-Schaufelberger)', 'rschotland@gmail.com', '', NULL, 'Oberdorfstrasse 33, 8810 Horgen, ZH'),
('2a50811f-4384-4480-ab4c-8f64c2e5f4db', 'Schott Alfred', 'R.', 'wbp@wbp.ch', '', NULL, 'Sandstrasse 7E, 3322 Urtenen-Schönbühl, BE'),
('04629cdf-6001-47f6-9953-842ba77f7525', 'Schott', 'Thomas', 'thomy.schott@bluewin.ch', '', NULL, 'Burgerweg 9, 2532 Magglingen/Macolin, BE'),
('6ac7ff7c-ebbc-4fce-8549-89ab7b940d42', 'Schöttli Markus und Claudia', '(-Munter)', 'schoettli-munter@bluewin.ch', '', NULL, 'Hüttenrain 36, 8143 Stallikon, ZH'),
('25d92db6-e307-4790-aa50-705fd2aecc1f', 'Schrade André und Brigitte', '(-Kammer)', 'andre.schrade@bluewin.ch', '41793709575', NULL, 'Bernastrasse 61, 3005 Bern, BE'),
('69f5b1d9-bede-4ccb-b0c4-61693bfdc046', 'Schrader Urs und Christa', '(-Lips)', 'mail@schrader.ch', '41792790782', NULL, 'Römerweg 10, 4132 Muttenz, BL'),
('fcc47fc4-223b-4531-8515-95d7ef13203c', 'Schraemli Harry und', 'Vroni', 'harry.e.schraemli@bluewin.ch', '', NULL, 'Riedmattstrasse 14, 6052 Hergiswil NW, NW'),
('e26d54d7-e54e-46b8-b2d7-fdd598f12c96', 'Schrag', 'Eugen', 'eugen.schrag@swissworld.com', '', NULL, 'Albulastrasse 11, 8200 Schaffhausen, SH'),
('909e09c8-fd3f-40e9-a83a-946843be23a3', 'Schrag', 'Hansjörg', 'schrag@bluewin.ch', '', NULL, 'Höhenweg 4, 8254 Basadingen, TG'),
('e0b09147-70c3-499c-a172-e296d88fcffa', 'Schrämli', 'Markus', 'markus.schraemli@artbau-net.ch', '41793652178', NULL, 'Rütenenweg 8A, 8245 Feuerthalen, ZH'),
('520d058d-0c50-4edd-aa51-f37ae9c217de', 'Schrämli', 'Martin', 'martin@schraemli.com', '41763983586', NULL, 'Splügenstrasse 9, 9008 St. Gallen, SG'),
('d2b65368-c635-4945-be1d-b06ca25bbb5a', 'Schramm', 'Daniel', 'info@daniel-schramm.ch', '41786712681', NULL, 'Steiacherweg 3a, 6289 Müswangen, LU'),
('8a188c5e-2183-45b6-88c3-71297f57c56a', 'Schramm', 'Dirk', 'dschramm@zapp.ch', '', NULL, 'Landstrasse 19, 3715 Adelboden, BE'),
('c473a784-6da5-4a6f-a507-0967932eb6f6', 'Schramm', 'Kurt', 'kurt_schramm@bluewin.ch', '', NULL, 'Rebweg 2C, 8353 Elgg, ZH'),
('c52ff723-9161-448f-a945-74d4a0a248a6', 'Schramm', 'Roland', 'rolliboy2000@web.de', '41799159585', NULL, 'Gwattstrasse 66A, 3645 Gwatt (Thun), BE'),
('1c3777a7-f935-4c54-be96-f9b62b4504a8', 'Schraner Anton und Ursula', '(-Roth)', 'schraner.roth@bluewin.ch', '', NULL, 'Hinterdorfstrasse 21, 5085 Sulz AG, AG'),
('7694b97a-f087-4fe7-b413-820cede35110', 'Schraner', 'Edgar', 'elektroanlagen.schraner@bluewin.ch', '', NULL, 'Hauptstrasse 32, 5085 Sulz AG, AG'),
('b00535ea-9e89-490e-a9d6-dcf99b07bd27', 'Schraner Hanspeter', '(-Jeker)', 'hp.schraner@ebmnet.ch', '', NULL, 'Musslistrasse 7, 4208 Nunningen, SO'),
('b8aa6203-c709-4a1a-a03f-75ebb5a4864d', 'Schraner', 'Peter', 'schraner@schranerdesign.ch', '', NULL, 'Zwängiweg 15, 8038 Zürich, ZH'),
('93025982-f01e-47dc-afca-736ca262549f', 'Schranz', 'Jürg', 'ripturf@active.ch', '41794165110', NULL, 'Bordackerstrasse 18, 8610 Uster, ZH'),
('2b829854-104d-4c73-ae49-230e73338a9a', 'Schranz Peter', '(-Röthlisberger)', 'spenglerei.schranz@bluewin.ch', '', NULL, 'Dorfstrasse 1, 3792 Saanen, BE'),
('762195f4-adf1-45e2-b501-04c41aa1476f', 'Schranz Steve und Stefanie mit Soe', '(-Messer)', 'steve.schranz@bluewin.ch', '41796897410', NULL, 'Finkenweg 7, 2553 Safnern, BE'),
('d3997507-a470-4d26-88d4-bbf633e9fe53', 'Schregenberger Martin und May-Ling', '(-Tjan)', 'schregenberger.gmbh@gmail.com', '', NULL, 'Jahnstrasse 4, 9000 St. Gallen, SG'),
('94e2922b-a8c5-4e78-8049-ac10999fd760', 'Schreiber Daniel und Salome', '(-Zehntner)', 'schreiber@buechmatt.ch', '', NULL, 'Buechmatt 348, 4317 Wegenstetten, AG'),
('3b0240cf-930a-4db3-974d-30a3305bad51', 'Schreiber', 'David', 'schreiber_david@hotmail.com', '41795367467', NULL, 'Rinderweidstrasse 16, 9325 Roggwil TG, TG'),
('5973a06a-3f59-45ed-9bd1-efd96f5ead2b', 'Schreiber', 'Josef', 'joschreiber@bluewin.ch', '', NULL, 'Veltheimerstrasse 32, 5105 Auenstein, AG'),
('e7711707-8ac4-40e8-9b02-35ecb0615176', 'Schreiber Jürg und', 'Ursi', 'ju.schreiber@bluewin.ch', '', NULL, 'Alpenstrasse 24, 8803 Rüschlikon, ZH'),
('282546cb-adce-408d-8b55-55978bd1f947', 'Schreiber', 'Michael', 'michael.schreiber@bluewin.ch', '41763245441', NULL, 'Homburgerstrasse 46, 4052 Basel, BS'),
('cbac09de-2fb9-48f8-b502-4d12c61c7cb5', 'Schreiber Niklaus und Monika', '(-Bopp)', 'niklaus.schreiber@alpina-haus.ch', '', NULL, 'Schauensee 1, 6204 Sempach, LU'),
('e9a4a16a-90ad-48ef-9eae-a2f7b2f6027a', 'Schreier', 'Beat', 'daniela.schreier@rbweb.ch', '', NULL, 'Kirchweg 20, 5313 Klingnau, AG'),
('8bcf7c51-ec4a-4405-85d7-e8ddfa1af610', 'Schreier', 'Esther', 'schreier@solnet.ch', '41796510846', NULL, 'Tellstrasse 21, 4053 Basel, BS'),
('ea538d7d-aba4-475d-9874-81473afdb268', 'Schreier Käthi', '(-Thomet)', 'fam.schreier@bluewin.ch', '', NULL, 'Quellgasse 11, 3427 Utzenstorf, BE'),
('11d4f1eb-06ff-4c82-ad3f-5122e5f36b38', 'Schreier Lukas', 'Hermann', 'schreier@sunrise.ch', '41774641771', NULL, 'Morgartenring 165, 4054 Basel, BS'),
('1e00b998-e93c-4c5d-bf43-aae5d6c4af29', 'Schreier', 'Mandy', 'mandy.surbeck@swisslife.ch', '', NULL, 'Maienriedweg 15, 8408 Winterthur, ZH'),
('a7b74ec8-af17-473f-b875-dcb99c2d460c', 'Schreier Peter und Renate', '(-Apolloni)', 'peter.schreier@bluewin.ch', '', NULL, 'Zelglistrasse 3, 4543 Deitingen, SO'),
('43409c8a-9895-410a-a0cb-df6fa9b06314', 'Schreier Urs und Silvia', '(-Jenni)', 'u.schreier@bluewin.ch', '41797391437', NULL, 'Wilstrasse 9, 4557 Horriwil, SO'),
('4e070672-fde3-4a4c-a51c-9cca4ee7c8dd', 'Schrempft John u. Thérèse', '(-Stoller)', 'schrempft@swissonline.ch', '', NULL, 'Jurablickstrasse 52, 3095 Spiegel b. Bern, BE'),
('6e5fb9b3-f015-4add-a517-9af848d8fb79', 'Schrepfer', 'Chris', 'chris@schrepfer-bau.ch', '41791963664', NULL, 'St. Galler Strasse 15, 9042 Speicher, AR'),
('7445e3d2-6eb1-406f-8568-94c0af55b82c', 'Schrepfer Herbert und Gellhaus', 'Petra', 'kontakt@lebens-oase.ch', '', NULL, 'Furtbachweg 6, 9030 Abtwil SG, SG'),
('200c1800-88ff-461b-8ca0-78524770c14b', 'Schrepfer', 'Manuela', 'schrepferm@bluewin.ch', '', NULL, 'Maltinastrasse 23, 8890 Flums, SG'),
('0d0a3006-ec14-4ba9-b265-10c5770f6524', 'Schrepfer', 'Rudolf', 'schrepfer.r@bluewin.ch', '41794207171', NULL, 'Egglisbodenstrasse 8, 8883 Quarten, SG'),
('481c353a-7f63-4c78-8c06-fa91b8b634de', 'Schrepfer Urs und Elisabeth', '(-Stöckli)', 'u.schrepfer@swissonline.ch', '', NULL, 'Chörenmattstrasse 41, 8965 Berikon, AG'),
('ebd78db3-bbbb-4647-bd85-a733b2ecd4ac', 'Schriber', 'Erwin', 'erwin.schriber@bluewin.ch', '41794336767', NULL, 'Garzilbrüelstrasse 10, 7323 Wangs, SG'),
('fec1e281-79ba-4c74-a35f-29b83d3cf3ed', 'Schriber Rita', '(-Bitterli)', 'info@rita-schriber.ch', '', NULL, 'Feld 6, 6362 Stansstad, NW'),
('064ce8bf-06e2-4aa8-a5ba-242746999890', 'Schriber Silvan und Chiara', '(-Bertoni)', 'silvan@schriber.ch', '41796005735', NULL, 'Gretenweg 15, 8038 Zürich, ZH'),
('ff803dd6-bb61-4ebe-96ef-0b0c1393bcda', 'Schriber Stefan, Judith, Katjana und', 'Noah', 'stefan.schriber@gmail.com', '', NULL, 'Jupiterstrasse 33/3, 3015 Bern, BE'),
('49b1af28-89d9-49e6-9a5f-7f640d987c9d', 'Schriber Walter u.', 'Ursula', 'walter.schriber@bluewin.ch', '', NULL, 'Grundrebenstrasse 82, 8932 Mettmenstetten, ZH'),
('5e4c4985-3ab8-4cbe-a928-2152ef0ed906', 'Schröder Annelies und', 'Jules', 'allegra@bluewin.ch', '', NULL, 'Weinbergstrasse 21, 8623 Wetzikon ZH, ZH'),
('9eba42ed-2339-45b1-a031-af94df02c8dd', 'Schröder', 'Ninel', 'ninel.schroeder@hin.ch', '', NULL, 'Rosenbergstrasse 10, 9000 St. Gallen, SG'),
('3d31a3b6-ac5d-467a-808e-249f72ff8a47', 'Schröder Stefan und', 'Heidrun', 'schroederfamily@bluewin.ch', '', NULL, 'Bühlweg 4, 5605 Dottikon, AG'),
('8860a2c4-3214-4081-a647-893a392ee65e', 'Schroeder', 'Marianne', 'musikmaria@bluewin.ch', '41796331205', NULL, 'Malzgasse 3, 4052 Basel, BS'),
('41f8518d-3c62-4443-958f-fc45d8ddd3ba', 'Schroer', 'Silvia', 'silvia.schroer@theol.unibe.ch', '', NULL, 'Neuhausweg 32, 3097 Liebefeld, BE'),
('e8f8274f-53b6-42dd-809f-3d1dc22ebbd7', 'Schroff Uwe und Jeannette', '(-Studer)', 'uwe.schroff@bluewin.ch', '41786780160', NULL, 'Dörfli 33, 8585 Zuben, TG'),
('3f7d2043-2592-4018-b18a-8642e3719a9f', 'Schröter Roland', '(-Geissberger)', 'r.schroeter@intergga.ch', '', NULL, 'Binningerstrasse 62, 4153 Reinach BL, BL'),
('2a44b7ce-60f9-48d3-8711-dce10692af9c', 'Schrüfer Beate und', 'Markus', 'markus@schruefer.de', '', NULL, 'Brunnenwiesstrasse 44, 8542 Wiesendangen, ZH'),
('5357c2e0-5367-44d8-9aa7-8d8ac35a0571', 'Schrumpf', 'Mark', 'schrumpf@yahoo.com', '', NULL, 'Gutsch 7, 6319 Allenwinden, ZG'),
('cacb428f-c407-4383-9537-5c9672e8b7c8', 'Schubauer', 'Marc', 'mschubauer@bluewin.ch', '', NULL, 'Frohbergweg 4, 8833 Samstagern, ZH'),
('2622b92f-c7ee-4276-bfc6-f413a904887d', 'Schubert Rainer', '(-Blum)', 'rschuber@sunrise.ch', '41794684785', NULL, 'Schmittegass 70, 8957 Spreitenbach, AG'),
('130c1589-4cb9-42c5-9c0a-5189e034b596', 'Schubiger', 'Karl', 'schubiger@active.ch', '41794195850', NULL, 'Hanfroosenweg 15, 8615 Wermatswil, ZH'),
('bae5c27e-0d28-4d65-8fbb-f66558c8f4d4', 'Schubiger', 'Richard', 'schubiger.bauberatung@stiag.com', '', NULL, 'Zollikerstrasse 234, 8008 Zürich, ZH'),
('6c04d071-5ad8-458e-965e-f47ba1c3264b', 'Schudel Gabi und Kurt', '(-Weber)', 'kschudel@hotmail.com', '41794085700', NULL, 'Untere Rebgasse 22, 4058 Basel, BS'),
('096cf917-d0ab-4965-b6b7-22b1ee992d1d', 'Schudel', 'Robert', 'robschudel@bluewin.ch', '41796728910', NULL, 'Schlossmühlestrasse 77, 8408 Winterthur, ZH'),
('59bddc85-1b8f-40c1-acaa-464cdc25569a', 'Schudel', 'Roland', 'trainer-spitzensport@bluewin.ch', '41794711432', NULL, 'Sagigass 41, 4803 Vordemwald, AG'),
('39359608-be18-4485-a70f-317a3e25fb56', 'Schudel', 'Walter', 'info@w-schudel.ch', '41794124620', NULL, 'Dorfstrasse 62, 8228 Beggingen, SH'),
('1134494d-544e-4f03-8daa-bc3f28362df3', 'Schüepp Ute', '(-Rötzscher)', 'schueepp-roe@bluewin.ch', '', NULL, 'Parkweg 1, 3123 Belp, BE'),
('66d22e4c-3e49-41f3-9092-5453c197df2d', 'Schühle Patrik und Marlies', '(-Mohr)', 'schuehle@swissonline.ch', '41796612433', NULL, 'Erlenstrasse 4, 8955 Oetwil an der Limmat, ZH'),
('908de479-7814-47ab-94ea-1a5b56a90700', 'Schühle', 'Viktor', 'viktor@showbizcenter.ch', '41794149048', NULL, 'Hermetschloostrasse 77, 8048 Zürich, ZH'),
('fc7986df-74a3-4525-b452-a7d26363d43c', 'Schuhmacher', 'Doris', 'info@nails-villmergen.ch', '41799424379', NULL, 'Alte Bahnhofstrasse 6B, 5612 Villmergen, AG'),
('7da25fde-e3bc-4b89-8de9-ec898d8e89af', 'Schuhmacher Ernst und Pham Thi', 'Mai', 'info.werbung@bluewin.ch', '41799567133', NULL, 'Austrasse 80, 3176 Neuenegg, BE'),
('cd7207b3-b01e-4f92-8229-0adec85b49bc', 'Schuiki Ernst und Brigitte', '(-Burgermeister)', 'ernstschuiki@bluewin.ch', '', NULL, 'Im Herrenholz 33, 8122 Binz, ZH'),
('1721775a-5c91-41a7-9742-59c05ddac1cc', 'Schüle Bernard', 'A.', 'bernard.schuele@bluewin.ch', '41796771491', NULL, 'Zeughausstrasse 23, 8910 Affoltern am Albis, ZH'),
('988a6acc-193a-4c4c-8bf7-a8dad64a9bdc', 'Schulenburg', 'Harry', 'auric.goldfinger.schweiz@gmail.com', '', NULL, 'Steinwies 2, 9523 Züberwangen, SG'),
('6b5368ff-b34c-481a-ad82-f5ba960b213f', 'Schulenburg', 'Olaf', 'olaf.schulenburg@bluewin.ch', '', NULL, 'Linsebühlstrasse 94, 9000 St. Gallen, SG'),
('b8abe65f-3962-4af9-832e-b4d95bebf4bf', 'Schuler', 'Anton', 'anton.schuler4@bluewin.ch', '', NULL, 'Moosstrasse 43, 9014 St. Gallen, SG'),
('68d2232f-3b47-4ff2-8ebc-d5c5cecbd26a', 'Schuler Barbara', '(-Freimüller)', 'b_schuler@hotmail.com', '41792294772', NULL, 'Törlenmattstrasse 4, 8915 Hausen am Albis, ZH'),
('22d68a7b-c7bb-440d-af4b-2ee0c83b4ca8', 'Schuler Beat und Elisabeth', '(-Beer)', 'beato.schuler@me.com', '41765862030', NULL, 'Grütstrasse 13, 8645 Jona, SG'),
('18c58485-8d2d-49f4-844d-ac24d709e48b', 'Schuler Birchler', 'Louise', 'louise.schuler@bluewin.ch', '', NULL, 'Hauptstrasse 32, 8840 Einsiedeln, SZ'),
('83932b93-a525-4a83-9a73-67a13c0a93c1', 'Schuler', 'Bruno', 'bsu.stein-am-rhein@bluewin.ch', '', NULL, 'Köhlerweid 5, 8260 Stein am Rhein, SH'),
('38a98803-48fb-464b-a747-eca6d877a7c3', 'Schuler Christian and Katharina', '(-Freitag)', 'schufri@hotmail.com', '41797710427', NULL, 'Oberbergstrasse 2, 8849 Alpthal, SZ'),
('eda05eec-2256-4fc8-8f26-066ff9d18192', 'Schuler Erich', '(-Pollinger)', 'erich-schuler@dplanet.ch', '41763408432', NULL, 'Schoosstrasse 13, 6418 Rothenthurm, SZ'),
('ac7c938d-b4f2-4837-a271-601a92ee01e3', 'Schuler', 'Erwin', 'erwin.schuler@gmx.ch', '41763421414', NULL, 'Binzenstrasse 42, 4058 Basel, BS'),
('143933f4-ab7e-4d05-9e5f-7cb31d3fb756', 'Schuler', 'Franz', 'franz.schuler@kanton.sh', '41797164551', NULL, 'Grabenstrasse 1, 8200 Schaffhausen, SH'),
('9b655a5d-05f6-42cf-9367-fa917a5a0f00', 'Schuler', 'Josef', 'schuler_biberegg@bluewin.ch', '', NULL, 'Biberegg 11, 6418 Rothenthurm, SZ'),
('5503cb52-170b-4a0e-ab02-1f637f562726', 'Schuler Jürg und', 'Adriana', 'jsch55@gmx.ch', '41786767022', NULL, 'Bachtelenrain 18, 3098 Schliern b. Köniz, BE'),
('37388bb1-83a6-4d0a-af7e-15a9e29ce26c', 'Schuler', 'Konrad', 'kschuler@as-info.ch', '', NULL, 'Waidackerstrasse 2, 8592 Uttwil, TG'),
('bf240baf-bd47-4ab2-a320-f05a129b28f1', 'Schuler Luzia und', 'Felix', 'luz@noxin.ch', '41787761652', NULL, 'Fälmisstrasse 8B, 8833 Samstagern, ZH'),
('609db46d-7453-4746-83ee-8f4884afec01', 'Schuler', 'Marcel', 'marcel.schuler@swissonline.ch', '41792879226', NULL, 'Hübelweg 7, 5032 Aarau Rohr, AG'),
('440fa814-a27f-4705-9271-440afcaab3a2', 'Schuler Markus und Manuela', '(-Wettstein)', 'markus-manuela@bluewin.ch', '', NULL, 'Obere Breiten 3, 8108 Dällikon, ZH'),
('20f2fd51-359d-4989-a56f-80e79100b1cf', 'Schuler Martin u. Ursula', '(-Aeppli)', 'schuler.m@bluewin.ch', '', NULL, 'Kirchtalstrasse 27, 5703 Seon, AG'),
('fd035f2f-96ca-40d9-a225-0b9b0b985c07', 'Schuler', 'Paul', 'paulschuler@gmx.ch', '41796416024', NULL, 'Bächtenbühlstrasse 18, 6045 Meggen, LU'),
('b056f504-e208-4314-8857-e9eebd4d84f2', 'Schuler Paul', '(-Frey)', 'schulerpaul@bluewin.ch', '41794837185', NULL, 'Bächlerstrasse 46, 8802 Kilchberg ZH, ZH'),
('cc8e097d-7bf0-4154-bc1f-28f449f855a8', 'Schuler Peter und', 'Rita', 'tigtagschuler@bluewin.ch', '', NULL, 'Reckholder 41, 9527 Niederhelfenschwil, SG'),
('ac45d99c-994a-4a30-905d-36822370412c', 'Schuler Vreni und', 'Jonny', 'info@holzstudio.ch', '', NULL, 'Riedweg 2, 6315 Oberägeri, ZG');

INSERT INTO leads (id, contact_id, source, status, value, notes) VALUES
('ad9bd3c8-cb63-4be2-9019-e7bef19b56b1', '67d42789-1bc9-4aff-ad63-7a551fa027e9', 'KALTAKQUISE', 'ACTIVE', 0, NULL),
('eaa857c0-3d69-4144-bc44-c6925fa888c3', 'a3678fbf-0900-46f4-b9ae-c1ade200a66c', 'KALTAKQUISE', 'ACTIVE', 0, NULL),
('7edf7663-7268-4aee-8d25-502b4fabd181', 'ec83d1f7-7423-48d7-8a77-12ebd235a3f7', 'KALTAKQUISE', 'ACTIVE', 0, NULL),
('c1ac922c-2a28-4342-ad9a-092d19256a0c', 'fd440ee2-b977-4bc6-bad5-c050499fa292', 'KALTAKQUISE', 'ACTIVE', 0, NULL),
('7c3c0164-3e9d-4fd3-b77f-c9aa712a141b', '45f4e162-f3f0-4c07-b89f-262daccbeb86', 'KALTAKQUISE', 'ACTIVE', 0, NULL),
('10159505-4312-4eec-8679-65a4e21813ba', '103ebb8c-9811-4d84-b3e1-600fe124f0be', 'KALTAKQUISE', 'ACTIVE', 0, NULL),
('cb3b9103-fa5e-4e4f-bb3b-0bc99bb0153f', '16b353bc-2770-4e6a-b5a1-5e41786300c4', 'KALTAKQUISE', 'ACTIVE', 0, NULL),
('b48d2b94-5776-4014-b4d4-1c62310af556', '8c017303-dc0e-44c9-b851-a89c437d9dd9', 'KALTAKQUISE', 'ACTIVE', 0, NULL),
('e4a50c21-0b14-463f-b800-f5c6da82e035', '77fde06a-dae9-4e81-bdea-659cde54d682', 'KALTAKQUISE', 'ACTIVE', 0, NULL),
('e86ed095-c3dd-47d2-80b6-5f719f027e82', '6d996615-1593-4fcf-bb59-8f4897e3dc40', 'KALTAKQUISE', 'ACTIVE', 0, NULL),
('d49ccd4c-b009-41e9-a74a-650d332f2513', '05c57776-833b-4d9a-8d74-216a57c7e437', 'KALTAKQUISE', 'ACTIVE', 0, NULL),
('c8db56e1-284b-4d9e-bfca-5c111d91853e', 'ba4ef355-88c6-49bf-8d08-3ce9a1555ce4', 'KALTAKQUISE', 'ACTIVE', 0, NULL),
('867817d9-5b51-4400-8d9d-43def338e05d', 'ebab863b-29d1-466a-a8bd-a2c692d385ff', 'KALTAKQUISE', 'ACTIVE', 0, NULL),
('cca27aa9-c10d-4fec-9196-e44def470a08', '7e628ba9-624a-40b9-a67a-02317cfbd85a', 'KALTAKQUISE', 'ACTIVE', 0, NULL),
('9452e38e-7e82-463a-8ae5-9967775004eb', '8e70c8a5-01df-438d-b7c7-b9f62e96cced', 'KALTAKQUISE', 'ACTIVE', 0, NULL),
('debcc9f3-0b4d-488c-abb9-8fa330c2c2ed', '7de48020-61b5-428a-8a35-319c2416b34a', 'KALTAKQUISE', 'ACTIVE', 0, NULL),
('4f470124-74fa-4cde-9d4e-65fd1b384407', 'c2b9b6cf-f2bc-4443-8f57-10f2e20b9ac7', 'KALTAKQUISE', 'ACTIVE', 0, NULL),
('a213aaaa-94dd-41ae-b5da-ec32a4d7bf1d', '45933e85-8471-419e-9c25-db3513e6aae3', 'KALTAKQUISE', 'ACTIVE', 0, NULL),
('cddb8e14-7087-4dd6-98d1-f2f1edf4f228', 'f7d24e87-0370-4285-b7b2-3b5f7be91eee', 'KALTAKQUISE', 'ACTIVE', 0, NULL),
('6f3d4e35-f591-4c1e-ac38-7cbfd4365b27', '19fb2749-edc1-4df2-9ce6-ee47323d0e1a', 'KALTAKQUISE', 'ACTIVE', 0, NULL),
('a392c862-6f5a-45f5-b7a8-18bdfbc13b7e', 'e4a3856b-7a12-4161-84b0-a7f5f8c6b510', 'KALTAKQUISE', 'ACTIVE', 0, NULL),
('bb278bfc-cba1-4502-9edd-bb8552a120d0', '012e197c-b08c-4765-8ccc-bc053d359cdf', 'KALTAKQUISE', 'ACTIVE', 0, NULL),
('c18ae0e8-476c-44d9-88b8-9736128859a3', '4619ad54-e89c-40ef-a2b1-c65ef66833a6', 'KALTAKQUISE', 'ACTIVE', 0, NULL),
('898e7f0d-7296-4471-876c-b4a8f9093284', '0cf775b3-4c59-4429-9d56-8b444d0b1e01', 'KALTAKQUISE', 'ACTIVE', 0, NULL),
('395d120c-f21e-457f-92ea-d7035e4c72cf', 'e35777ff-d22f-48ea-a5d4-bed0800d935d', 'KALTAKQUISE', 'ACTIVE', 0, NULL),
('c8fea82b-aa81-45bb-8e62-6ef23266801e', '96ebeee2-73de-4e45-889f-23325f5bff90', 'KALTAKQUISE', 'ACTIVE', 0, NULL),
('b46770bb-1a0e-4a82-8de0-e774110334f7', '21676a63-97ce-4f83-a0a0-a0dd24a4c158', 'KALTAKQUISE', 'ACTIVE', 0, NULL),
('4454d86c-118d-4cf4-aa39-7c020091d654', '258132a4-4015-4ec1-a82e-0c65be30ac30', 'KALTAKQUISE', 'ACTIVE', 0, NULL),
('28c2b29e-6074-4e7f-bf9c-a8b3e54883d9', '8cb64168-a366-44dc-b613-3ca79e68dbfc', 'KALTAKQUISE', 'ACTIVE', 0, NULL),
('a7c2fd4b-343b-46bb-b5d2-0ca5b5c8f8b7', 'f3535cd6-f900-4885-9340-f6c87fd7b7ca', 'KALTAKQUISE', 'ACTIVE', 0, NULL),
('26e143c3-00c7-4bc2-b576-a1e6b34840c1', 'bbdeeadc-ba30-4405-bf8b-5facc793bfbf', 'KALTAKQUISE', 'ACTIVE', 0, NULL),
('2af5070f-7693-4c64-8f76-95a37450a63b', 'e3fae4db-c411-4545-baf0-190cf7081463', 'KALTAKQUISE', 'ACTIVE', 0, NULL),
('13c03bbc-4e86-49cc-8444-4c2f98cadb6b', '52dc650d-b5be-4cc6-bfe2-522fe2a93c93', 'KALTAKQUISE', 'ACTIVE', 0, NULL),
('006d3bef-9ac2-4efc-9fdc-abe77bf2f20f', '2f67456d-f57c-4a4b-928c-2a68a9437c21', 'KALTAKQUISE', 'ACTIVE', 0, NULL),
('4c42dc5b-bb8c-421e-900b-57dc8588f5da', '75231d7b-b1d8-47c8-b828-778743ef2009', 'KALTAKQUISE', 'ACTIVE', 0, NULL),
('7f8398a0-9105-4f71-a403-19f83120b6c2', '817ad3ac-7390-4032-b797-9a96463bd754', 'KALTAKQUISE', 'ACTIVE', 0, NULL),
('cd29b380-29ea-4514-8cd4-7987f98cf84c', '42d07360-46ad-47c9-b114-90dc181081bf', 'KALTAKQUISE', 'ACTIVE', 0, NULL),
('f339efaa-2b50-498b-aafc-84d01ccef592', 'b89fc348-b0c0-4fc4-8a40-b54604495f5d', 'KALTAKQUISE', 'ACTIVE', 0, NULL),
('4900127a-310b-45e6-8107-535210c98850', 'fef1564c-9cb5-4277-8f9d-46f990949dc5', 'KALTAKQUISE', 'ACTIVE', 0, NULL),
('0bbf1a6f-22b1-4c49-9ab7-76ac6ba8e8aa', 'f94bd80b-40ee-43d1-bc4e-8fb770e8352e', 'KALTAKQUISE', 'ACTIVE', 0, NULL),
('eed1e3ef-a977-4133-9406-13ad356a0a97', '5aa270b4-125f-461e-b2f0-95a9d39eb957', 'KALTAKQUISE', 'ACTIVE', 0, NULL),
('3e63ec47-7c52-4586-9f81-e91f0976a63b', 'f900ad7e-cd2e-45bb-b0f6-454e657cca8b', 'KALTAKQUISE', 'ACTIVE', 0, NULL),
('6df0644e-14a5-4377-a726-3c241418592b', '805c9fc7-bca1-485c-814f-13fcde6c3df3', 'KALTAKQUISE', 'ACTIVE', 0, NULL),
('5f1bfe80-63db-4789-bae4-da70745ed886', 'aad80a06-309e-432a-baba-c04eb7fe1591', 'KALTAKQUISE', 'ACTIVE', 0, NULL),
('1735695f-8774-47b2-848d-6ebb6b4848c9', '92264922-8acc-48c8-8afb-6dff32a5db26', 'KALTAKQUISE', 'ACTIVE', 0, NULL),
('a89ecdb4-2cad-4585-96b8-82873bb50916', '25e3e3ce-3ce5-42e8-98b3-b383f61726db', 'KALTAKQUISE', 'ACTIVE', 0, NULL),
('18ba4b88-389c-4f51-9842-9838a4e32f5c', '275d4dbc-6834-4868-84e7-4951d1bd4e2b', 'KALTAKQUISE', 'ACTIVE', 0, NULL),
('8888b63f-8b15-4d95-ae90-3c44335c9ba9', '0151b2a6-6b27-4970-8fb4-4604d966582d', 'KALTAKQUISE', 'ACTIVE', 0, NULL),
('60ec1730-47c8-456a-9f29-c3349804ec02', 'f63e240f-52fe-45d0-9be5-aa978c88a811', 'KALTAKQUISE', 'ACTIVE', 0, NULL),
('86c6b2f3-d770-4d67-9d56-4341c90a24ed', 'b9bc55ac-017f-4fd9-b5b9-b5fed0239659', 'KALTAKQUISE', 'ACTIVE', 0, NULL),
('7d718972-026e-46c9-ad48-d3b0d8c7ffca', '3070c5f2-43c0-4307-aecd-c26bf9e858fd', 'KALTAKQUISE', 'ACTIVE', 0, NULL),
('b9a290c6-78de-40fb-ae79-bf0c26575e6f', '5e219106-9548-4f23-a3aa-75dae4b93727', 'KALTAKQUISE', 'ACTIVE', 0, NULL),
('e8060be0-327c-4063-95db-4620eda97867', '2db79022-32e5-4bd9-9fe0-84effee3968b', 'KALTAKQUISE', 'ACTIVE', 0, NULL),
('3525059b-7201-445c-98ef-c2c33de2b642', '172e2ca6-0be5-46cf-a1e1-e1c3be7679a1', 'KALTAKQUISE', 'ACTIVE', 0, NULL),
('a437a518-10d3-49d7-b66d-bf33d77e2530', 'f6e7d0ea-8f88-4efa-b4f2-e266cdef4394', 'KALTAKQUISE', 'ACTIVE', 0, NULL),
('5016e138-ac2a-4109-b881-6c2a03e584e9', 'b3d8a735-b4d4-469f-89a5-46d421507272', 'KALTAKQUISE', 'ACTIVE', 0, NULL),
('380e74dd-1313-4874-9685-bfed948f013e', '50f70236-9a71-47dd-be68-f548d34ef18f', 'KALTAKQUISE', 'ACTIVE', 0, NULL),
('501646a1-e6a9-47c5-bf6f-d72109baa3fa', '7d28af73-0cac-43d8-bea2-6e38993e1fea', 'KALTAKQUISE', 'ACTIVE', 0, NULL),
('37ec2f38-4dcd-493d-b0c0-5fe53fb1546b', '4f419875-5be6-42ce-928f-b85d8fdc05e9', 'KALTAKQUISE', 'ACTIVE', 0, NULL),
('07276e31-4b49-4781-9523-6913d386f9b0', 'fafedc2b-03a9-493c-903d-90244f2cf4ad', 'KALTAKQUISE', 'ACTIVE', 0, NULL),
('5004993e-3833-4c6c-93b9-b06d00c08874', '7fea5f9c-09b8-4306-aafc-7b7bae26fb9f', 'KALTAKQUISE', 'ACTIVE', 0, NULL),
('fab4bd15-e68e-4a4c-91c4-35abfac0970e', '117b76f9-a0f9-415f-9bfc-b1f5d29a45a3', 'KALTAKQUISE', 'ACTIVE', 0, NULL),
('f755db83-b205-43f5-837e-3c582b2d4092', '16cbccd0-6722-45fe-8951-37cac9ac79a1', 'KALTAKQUISE', 'ACTIVE', 0, NULL),
('1f00e2cb-423c-4fa4-bf4b-2965a30c0ccb', 'c4d80686-2702-46f7-96c2-1f2a4867a5bb', 'KALTAKQUISE', 'ACTIVE', 0, NULL),
('65af7d16-f561-4d6c-98b2-9fd16de3a690', '0d49807e-5a63-4ee7-87f4-cf45ae636e6c', 'KALTAKQUISE', 'ACTIVE', 0, NULL),
('b8551abc-e279-49b3-95ae-e9fb060223a6', 'd4965665-71a1-4233-b361-17f04e3dd637', 'KALTAKQUISE', 'ACTIVE', 0, NULL),
('b63a3adc-88a7-4bef-a160-e0847ec7f54a', '5e1fc232-55d8-4804-bf0c-17e4b70bb8a7', 'KALTAKQUISE', 'ACTIVE', 0, NULL),
('316a990a-27c2-442c-8258-d714be008c7b', 'a186d521-4a28-461f-957b-3243ca9ccc70', 'KALTAKQUISE', 'ACTIVE', 0, NULL),
('7527a86c-9bb3-4775-85a3-73ec34ef327c', '29819820-29f1-4c7a-8273-4fbc700cf380', 'KALTAKQUISE', 'ACTIVE', 0, NULL),
('ccc8aa41-912c-4c24-a6ec-bd0d2c5a3cd9', '57c60f8d-7432-4e31-b2a8-fafc402a34d1', 'KALTAKQUISE', 'ACTIVE', 0, NULL),
('dde89f30-f1be-4395-98bc-f4d52e5c1021', '0f49574b-bae3-4eff-b218-ad2d741d5800', 'KALTAKQUISE', 'ACTIVE', 0, NULL),
('337f0658-0b21-4476-9ba2-1c5f15a57f27', '6127d011-a41d-4a25-8887-88083e81569f', 'KALTAKQUISE', 'ACTIVE', 0, NULL),
('c72cf099-a90d-4fd7-992d-8e22da503dad', '45053588-32b4-4de5-8005-95f8df5f0698', 'KALTAKQUISE', 'ACTIVE', 0, NULL),
('a4ec6aed-f478-48c7-8410-cc30ffa2da48', 'c6836642-b0c9-4ec7-ad78-48dcc341076e', 'KALTAKQUISE', 'ACTIVE', 0, NULL),
('14bb64f6-462b-470b-9525-26668083cfb2', '4671a569-4ac4-437d-a8ce-56a45e59a09b', 'KALTAKQUISE', 'ACTIVE', 0, NULL),
('e30398f7-d393-4aa5-9b44-d331537b6ef5', '44999375-0c22-4643-9fa9-a0a89ad2314e', 'KALTAKQUISE', 'ACTIVE', 0, NULL),
('689339f2-1839-4b0e-a150-de4c535fefcb', '8e418a13-31b3-4f9d-b632-ce371560fa35', 'KALTAKQUISE', 'ACTIVE', 0, NULL),
('ed565565-7154-4737-ae40-5bb08bda0756', 'cdf0adcb-efc6-4b85-b414-0116c2b313f8', 'KALTAKQUISE', 'ACTIVE', 0, NULL),
('5a882ce8-59ab-4dec-816f-d64528c8f5bc', 'd964730f-0e53-4ce3-b10a-0f2ddea92403', 'KALTAKQUISE', 'ACTIVE', 0, NULL),
('ef006ce6-cdc0-4362-999c-51940fab72eb', '281506bb-6b61-4547-a148-3371c4c744c1', 'KALTAKQUISE', 'ACTIVE', 0, NULL),
('14b4ca85-d2fc-4c95-84a4-d1729b3f380f', 'fd6c4723-0b83-42a4-8d59-4034968ca884', 'KALTAKQUISE', 'ACTIVE', 0, NULL),
('8d2fe5ed-a7aa-4c4e-889c-f9afe47d3a6c', '9b467407-7ee2-46d1-986b-671760849503', 'KALTAKQUISE', 'ACTIVE', 0, NULL),
('8b8d808b-42bb-4d99-aebf-70c4f5587ff6', 'd636a37f-8c62-477a-9ed5-f31b541961b1', 'KALTAKQUISE', 'ACTIVE', 0, NULL),
('2de18e68-9fdd-4e09-9bed-29503df3b22a', '12e503fe-8eb8-48fd-bbd7-8c121a5e9301', 'KALTAKQUISE', 'ACTIVE', 0, NULL),
('49e663e3-3329-4f6b-9783-45af89f9a02b', '97b0b6ff-af44-4ea6-a9ea-68ad245b7150', 'KALTAKQUISE', 'ACTIVE', 0, NULL),
('ed3e2880-0259-430d-b136-e041bcb1babf', '53a48536-ce64-4409-a95f-cb032f78a484', 'KALTAKQUISE', 'ACTIVE', 0, NULL),
('50ceac31-90f7-431e-ae31-3dc82a77c830', '2720637b-75e3-4891-bca1-7333fc8f6689', 'KALTAKQUISE', 'ACTIVE', 0, NULL),
('9e0c7890-cc13-469e-ab80-5872200c9152', 'b5057d4e-b44b-4f83-8f54-d0f7628243bd', 'KALTAKQUISE', 'ACTIVE', 0, NULL),
('976ce024-abbc-46da-afd3-bfaa358281d3', '81ff6dec-cc84-4dae-9c72-1a30160bfff0', 'KALTAKQUISE', 'ACTIVE', 0, NULL),
('07158947-3b5d-4eb6-9457-387ef23da2b0', '6e1528cd-5005-4432-bf72-fc2f278f5346', 'KALTAKQUISE', 'ACTIVE', 0, NULL),
('e76ce70a-f3df-45d0-9f59-e5638df0781c', 'c837b820-5252-4cdb-b046-990de0533570', 'KALTAKQUISE', 'ACTIVE', 0, NULL),
('9dc03767-fbd5-487d-ad20-01e8d5ef1dae', '6f9e3e95-03c1-4537-9287-e2a40e0ae3cc', 'KALTAKQUISE', 'ACTIVE', 0, NULL),
('9431683e-7e3e-44b6-b2b1-284c4abcbfbe', '76ca7d8b-e188-4891-bc23-ed59491729aa', 'KALTAKQUISE', 'ACTIVE', 0, NULL),
('0c636f80-0e0b-43d5-ad52-e88a7b4eb6ed', '1f29608d-f099-4e16-9f66-74e5a8bfddbc', 'KALTAKQUISE', 'ACTIVE', 0, NULL),
('f045cf79-878f-4bf6-8f75-29feb0283339', '24938acf-a69f-4fb5-a82b-41f4db8e9bd9', 'KALTAKQUISE', 'ACTIVE', 0, NULL),
('27b3c548-6287-4433-acf3-8fa5084808b6', '987329bd-261d-4591-a741-b698dbf587f2', 'KALTAKQUISE', 'ACTIVE', 0, NULL),
('942fad93-43b5-46de-858a-aec71dcf182c', '7d7fff3e-a5ea-40a8-9a9d-2d6ab8d34697', 'KALTAKQUISE', 'ACTIVE', 0, NULL),
('5dc891f1-5590-4af8-b44b-e522e7613501', 'cdf9d8b4-ca34-4eb0-8cef-2bad02f2f67d', 'KALTAKQUISE', 'ACTIVE', 0, NULL),
('f913adcc-2fcc-4184-afd4-8030adab1e29', 'd4010e26-fec1-4e57-a979-1c5a1d677ae7', 'KALTAKQUISE', 'ACTIVE', 0, NULL),
('232fb313-f19a-4ca9-9a8f-420f7f670f1e', '2ca8d6b1-2c39-4746-961b-24dacba5a862', 'KALTAKQUISE', 'ACTIVE', 0, NULL),
('9da5f3e6-dc74-48c1-a881-6bd0b0e4212d', '2f13e2b4-67cc-4a83-b4a9-6cdbf391d65f', 'KALTAKQUISE', 'ACTIVE', 0, NULL),
('2ba5f22b-3baf-47e0-a628-aa36b8aa7057', 'f3d0059f-8137-4810-b52b-b4c201b74194', 'KALTAKQUISE', 'ACTIVE', 0, NULL),
('14d49370-7ba6-454e-914c-e35340139193', '1dede8e8-c8e0-45d4-b0ee-9815d7215bf5', 'KALTAKQUISE', 'ACTIVE', 0, NULL),
('5ee1151a-137c-40b2-8bc2-03cb09ace785', 'ebc0b6b3-28df-4650-a02a-a258106ddff4', 'KALTAKQUISE', 'ACTIVE', 0, NULL),
('99c482ab-a076-45df-a98e-4b5850fb3996', 'd693a8c6-993c-4efc-bfd3-9092cee17088', 'KALTAKQUISE', 'ACTIVE', 0, NULL),
('92e42159-b909-42bf-a9fc-5438ef223eac', '3f8d0cb1-9dc7-4fee-a03f-abf9fd394d97', 'KALTAKQUISE', 'ACTIVE', 0, NULL),
('88fbf5a6-5caf-4872-8704-0f2257588db1', 'd3f9b6b3-a3f0-496b-a6c6-60ffe43fd522', 'KALTAKQUISE', 'ACTIVE', 0, NULL),
('5fe47acf-9976-4d65-be34-7d8cd404ec15', 'ff919dac-2ace-4fbc-9f56-47078df47d3a', 'KALTAKQUISE', 'ACTIVE', 0, NULL),
('57ebbaa0-ae55-4355-bdbc-151663b02027', '2a50811f-4384-4480-ab4c-8f64c2e5f4db', 'KALTAKQUISE', 'ACTIVE', 0, NULL),
('7bff2abb-e07c-4632-bf90-25734cba98e5', '04629cdf-6001-47f6-9953-842ba77f7525', 'KALTAKQUISE', 'ACTIVE', 0, NULL),
('87c1ea45-f228-424b-bc5a-ef1b76c2f706', '6ac7ff7c-ebbc-4fce-8549-89ab7b940d42', 'KALTAKQUISE', 'ACTIVE', 0, NULL),
('acd6c6f3-cadb-491f-9ea1-bebcba60f51b', '25d92db6-e307-4790-aa50-705fd2aecc1f', 'KALTAKQUISE', 'ACTIVE', 0, NULL),
('ed95f066-473b-4136-a37b-ae6267341078', '69f5b1d9-bede-4ccb-b0c4-61693bfdc046', 'KALTAKQUISE', 'ACTIVE', 0, NULL),
('620f22ff-6d54-4aa4-a6f1-f6dd5ba44203', 'fcc47fc4-223b-4531-8515-95d7ef13203c', 'KALTAKQUISE', 'ACTIVE', 0, NULL),
('90e71464-3938-43ba-9bdf-6c06cf11552a', 'e26d54d7-e54e-46b8-b2d7-fdd598f12c96', 'KALTAKQUISE', 'ACTIVE', 0, NULL),
('1b132cf9-791f-4b68-8df7-d598f04810d9', '909e09c8-fd3f-40e9-a83a-946843be23a3', 'KALTAKQUISE', 'ACTIVE', 0, NULL),
('a4902242-c724-43ed-948c-6325659c9943', 'e0b09147-70c3-499c-a172-e296d88fcffa', 'KALTAKQUISE', 'ACTIVE', 0, NULL),
('e1598512-a838-4ebe-9014-8836517b420c', '520d058d-0c50-4edd-aa51-f37ae9c217de', 'KALTAKQUISE', 'ACTIVE', 0, NULL),
('deedccea-3511-4269-9297-7262f3c0c327', 'd2b65368-c635-4945-be1d-b06ca25bbb5a', 'KALTAKQUISE', 'ACTIVE', 0, NULL),
('cc40a326-d3c0-4b69-af33-6929a17826ce', '8a188c5e-2183-45b6-88c3-71297f57c56a', 'KALTAKQUISE', 'ACTIVE', 0, NULL),
('a397f901-cefc-4c35-889c-438b9594b451', 'c473a784-6da5-4a6f-a507-0967932eb6f6', 'KALTAKQUISE', 'ACTIVE', 0, NULL),
('3e652bb2-b3f7-469b-8592-caef57026a6a', 'c52ff723-9161-448f-a945-74d4a0a248a6', 'KALTAKQUISE', 'ACTIVE', 0, NULL),
('4f24e7cc-36a6-4b59-ac34-b0d34f4a1364', '1c3777a7-f935-4c54-be96-f9b62b4504a8', 'KALTAKQUISE', 'ACTIVE', 0, NULL),
('a4e0fcf6-aed9-49e2-abc4-6d477cab5ddd', '7694b97a-f087-4fe7-b413-820cede35110', 'KALTAKQUISE', 'ACTIVE', 0, NULL),
('1b3fc42f-ba9f-45c2-ba90-186edce7c28c', 'b00535ea-9e89-490e-a9d6-dcf99b07bd27', 'KALTAKQUISE', 'ACTIVE', 0, NULL),
('d6269f5d-336f-486b-ac33-999e21771bf6', 'b8aa6203-c709-4a1a-a03f-75ebb5a4864d', 'KALTAKQUISE', 'ACTIVE', 0, NULL),
('5c905cf0-4647-4017-902d-2b2c41daff3d', '93025982-f01e-47dc-afca-736ca262549f', 'KALTAKQUISE', 'ACTIVE', 0, NULL),
('fd220227-eef0-492c-868d-2a003b022e4c', '2b829854-104d-4c73-ae49-230e73338a9a', 'KALTAKQUISE', 'ACTIVE', 0, NULL),
('0a6fc67b-6b6c-449b-ae76-5ae59d6b2394', '762195f4-adf1-45e2-b501-04c41aa1476f', 'KALTAKQUISE', 'ACTIVE', 0, NULL),
('266150c8-4618-4ffd-b182-260e97cfc2ae', 'd3997507-a470-4d26-88d4-bbf633e9fe53', 'KALTAKQUISE', 'ACTIVE', 0, NULL),
('3867d6d1-307c-4c6f-87a2-4f6420ee84f1', '94e2922b-a8c5-4e78-8049-ac10999fd760', 'KALTAKQUISE', 'ACTIVE', 0, NULL),
('62a1ccf4-3c81-4f5c-9359-6533f9366dbb', '3b0240cf-930a-4db3-974d-30a3305bad51', 'KALTAKQUISE', 'ACTIVE', 0, NULL),
('5d59f03a-6265-44be-a74a-692bf5666ff4', '5973a06a-3f59-45ed-9bd1-efd96f5ead2b', 'KALTAKQUISE', 'ACTIVE', 0, NULL),
('69766c10-cf2b-4303-9e26-8041527efce6', 'e7711707-8ac4-40e8-9b02-35ecb0615176', 'KALTAKQUISE', 'ACTIVE', 0, NULL),
('0db88671-5c14-4341-8498-63e73a6dad59', '282546cb-adce-408d-8b55-55978bd1f947', 'KALTAKQUISE', 'ACTIVE', 0, NULL),
('6f56661b-6313-4c59-bd0f-06c913babe1c', 'cbac09de-2fb9-48f8-b502-4d12c61c7cb5', 'KALTAKQUISE', 'ACTIVE', 0, NULL),
('e11e1c98-5309-4917-a373-4f48e84fdffd', 'e9a4a16a-90ad-48ef-9eae-a2f7b2f6027a', 'KALTAKQUISE', 'ACTIVE', 0, NULL),
('508221a0-e1d6-409d-a796-05cb8532bad9', '8bcf7c51-ec4a-4405-85d7-e8ddfa1af610', 'KALTAKQUISE', 'ACTIVE', 0, NULL),
('feb8c480-2728-4000-8569-15595af828d5', 'ea538d7d-aba4-475d-9874-81473afdb268', 'KALTAKQUISE', 'ACTIVE', 0, NULL),
('9a710bc3-373d-4257-bcfa-c2c5c7a0bc63', '11d4f1eb-06ff-4c82-ad3f-5122e5f36b38', 'KALTAKQUISE', 'ACTIVE', 0, NULL),
('30030372-5985-4c43-ab3c-9d19a6f2ee86', '1e00b998-e93c-4c5d-bf43-aae5d6c4af29', 'KALTAKQUISE', 'ACTIVE', 0, NULL),
('d9bf1c9b-e25c-479b-8660-4346232a765a', 'a7b74ec8-af17-473f-b875-dcb99c2d460c', 'KALTAKQUISE', 'ACTIVE', 0, NULL),
('181a8954-9ef7-4276-97f3-7b334838996f', '43409c8a-9895-410a-a0cb-df6fa9b06314', 'KALTAKQUISE', 'ACTIVE', 0, NULL),
('ae05a395-595a-4147-beeb-c7c46b7e8f7f', '4e070672-fde3-4a4c-a51c-9cca4ee7c8dd', 'KALTAKQUISE', 'ACTIVE', 0, NULL),
('da5d061f-c818-4515-b762-ab6cd73a4286', '6e5fb9b3-f015-4add-a517-9af848d8fb79', 'KALTAKQUISE', 'ACTIVE', 0, NULL),
('a132f57d-dc95-463c-bc41-ba7689f0260a', '7445e3d2-6eb1-406f-8568-94c0af55b82c', 'KALTAKQUISE', 'ACTIVE', 0, NULL),
('06bebc60-556d-4348-b2b6-0e5f125040da', '200c1800-88ff-461b-8ca0-78524770c14b', 'KALTAKQUISE', 'ACTIVE', 0, NULL),
('ef80c966-8214-4de5-9d07-66b6a7b6d8c8', '0d0a3006-ec14-4ba9-b265-10c5770f6524', 'KALTAKQUISE', 'ACTIVE', 0, NULL),
('99035bf5-bed1-4bf5-b774-281344f84a9a', '481c353a-7f63-4c78-8c06-fa91b8b634de', 'KALTAKQUISE', 'ACTIVE', 0, NULL),
('09f16453-6785-4ef0-b5ce-538ca501ac32', 'ebd78db3-bbbb-4647-bd85-a733b2ecd4ac', 'KALTAKQUISE', 'ACTIVE', 0, NULL),
('ebb0a05a-ccbd-4a54-9c8d-4e55c323200e', 'fec1e281-79ba-4c74-a35f-29b83d3cf3ed', 'KALTAKQUISE', 'ACTIVE', 0, NULL),
('f28e7812-01b1-4595-a9c4-be376d709afd', '064ce8bf-06e2-4aa8-a5ba-242746999890', 'KALTAKQUISE', 'ACTIVE', 0, NULL),
('9d8631b6-c5e5-40cc-86e8-09ab14d1643c', 'ff803dd6-bb61-4ebe-96ef-0b0c1393bcda', 'KALTAKQUISE', 'ACTIVE', 0, NULL),
('fcc7bb62-7dfd-424b-b7ce-8b13e68cd75b', '49b1af28-89d9-49e6-9a5f-7f640d987c9d', 'KALTAKQUISE', 'ACTIVE', 0, NULL),
('5a1c84f2-7f07-421c-9e80-17c93a1a3c9e', '5e4c4985-3ab8-4cbe-a928-2152ef0ed906', 'KALTAKQUISE', 'ACTIVE', 0, NULL),
('6300f465-37ef-4a96-87e4-a3e20d43f689', '9eba42ed-2339-45b1-a031-af94df02c8dd', 'KALTAKQUISE', 'ACTIVE', 0, NULL),
('6f0819da-20a5-4713-addd-bc7c8a432079', '3d31a3b6-ac5d-467a-808e-249f72ff8a47', 'KALTAKQUISE', 'ACTIVE', 0, NULL),
('db6b9df8-a110-476a-82ae-7752213379e5', '8860a2c4-3214-4081-a647-893a392ee65e', 'KALTAKQUISE', 'ACTIVE', 0, NULL),
('65cfc57b-953e-46be-971e-bd8b2a7fae19', '41f8518d-3c62-4443-958f-fc45d8ddd3ba', 'KALTAKQUISE', 'ACTIVE', 0, NULL),
('42f331f7-eff4-4f40-9a59-799c12d60245', 'e8f8274f-53b6-42dd-809f-3d1dc22ebbd7', 'KALTAKQUISE', 'ACTIVE', 0, NULL),
('0fce4a6a-ee71-431d-bf1a-6e1c0eb65ed4', '3f7d2043-2592-4018-b18a-8642e3719a9f', 'KALTAKQUISE', 'ACTIVE', 0, NULL),
('69fd5765-3506-4633-ad57-2cde29704196', '2a44b7ce-60f9-48d3-8711-dce10692af9c', 'KALTAKQUISE', 'ACTIVE', 0, NULL),
('dfefac15-1e7c-436c-9dd3-0fa60c2c0533', '5357c2e0-5367-44d8-9aa7-8d8ac35a0571', 'KALTAKQUISE', 'ACTIVE', 0, NULL),
('8436fe8c-d7ad-4ade-88d3-67df537a54e6', 'cacb428f-c407-4383-9537-5c9672e8b7c8', 'KALTAKQUISE', 'ACTIVE', 0, NULL),
('2447e7f9-89f9-4503-aced-800e595c1c4f', '2622b92f-c7ee-4276-bfc6-f413a904887d', 'KALTAKQUISE', 'ACTIVE', 0, NULL),
('cdd843dd-27d9-496b-9b0d-9acd4a9b90f0', '130c1589-4cb9-42c5-9c0a-5189e034b596', 'KALTAKQUISE', 'ACTIVE', 0, NULL),
('750ff5e2-ceda-4bba-b009-7ad5e8aef868', 'bae5c27e-0d28-4d65-8fbb-f66558c8f4d4', 'KALTAKQUISE', 'ACTIVE', 0, NULL),
('38549b9a-e253-4f7f-903f-be0b0f67b481', '6c04d071-5ad8-458e-965e-f47ba1c3264b', 'KALTAKQUISE', 'ACTIVE', 0, NULL),
('f2fac3d9-6c5b-495d-99ca-9c860097120b', '096cf917-d0ab-4965-b6b7-22b1ee992d1d', 'KALTAKQUISE', 'ACTIVE', 0, NULL),
('20ea9d94-6e22-4b54-a0b7-d50d5120e1b0', '59bddc85-1b8f-40c1-acaa-464cdc25569a', 'KALTAKQUISE', 'ACTIVE', 0, NULL),
('1a8a55f7-9dcb-4aad-9231-d4f1bb8826d4', '39359608-be18-4485-a70f-317a3e25fb56', 'KALTAKQUISE', 'ACTIVE', 0, NULL),
('a2b98d81-1702-4817-a8f7-06a8da36f40a', '1134494d-544e-4f03-8daa-bc3f28362df3', 'KALTAKQUISE', 'ACTIVE', 0, NULL),
('aae03794-85ae-4bcd-9451-b7d764a1fe61', '66d22e4c-3e49-41f3-9092-5453c197df2d', 'KALTAKQUISE', 'ACTIVE', 0, NULL),
('af8d2539-5b97-43fb-9831-5a8aae2041ea', '908de479-7814-47ab-94ea-1a5b56a90700', 'KALTAKQUISE', 'ACTIVE', 0, NULL),
('9a2fb966-6420-489b-a339-089aaae5b0fb', 'fc7986df-74a3-4525-b452-a7d26363d43c', 'KALTAKQUISE', 'ACTIVE', 0, NULL),
('9dc80f27-ba5a-4820-9c79-6fdd536f9b17', '7da25fde-e3bc-4b89-8de9-ec898d8e89af', 'KALTAKQUISE', 'ACTIVE', 0, NULL),
('acab0acd-6df9-4f0a-82ae-11290e50b3f7', 'cd7207b3-b01e-4f92-8229-0adec85b49bc', 'KALTAKQUISE', 'ACTIVE', 0, NULL),
('55386979-745a-4602-a60f-995ed800b92f', '1721775a-5c91-41a7-9742-59c05ddac1cc', 'KALTAKQUISE', 'ACTIVE', 0, NULL),
('6d99d9b8-a0f6-458c-b8d2-fe9e6c226f5f', '988a6acc-193a-4c4c-8bf7-a8dad64a9bdc', 'KALTAKQUISE', 'ACTIVE', 0, NULL),
('33175461-7d5a-4d1e-84fa-a45686263022', '6b5368ff-b34c-481a-ad82-f5ba960b213f', 'KALTAKQUISE', 'ACTIVE', 0, NULL),
('74858e0a-f75c-4c8f-872b-59c0462937c6', 'b8abe65f-3962-4af9-832e-b4d95bebf4bf', 'KALTAKQUISE', 'ACTIVE', 0, NULL),
('7376740b-ca32-4a10-97b0-e43a1cdfd027', '68d2232f-3b47-4ff2-8ebc-d5c5cecbd26a', 'KALTAKQUISE', 'ACTIVE', 0, NULL),
('1f5ea4f2-c363-4980-a7ca-b5ec06acc983', '22d68a7b-c7bb-440d-af4b-2ee0c83b4ca8', 'KALTAKQUISE', 'ACTIVE', 0, NULL),
('5be148ca-e5a8-4b13-aaf3-b8973dbb9bfd', '18c58485-8d2d-49f4-844d-ac24d709e48b', 'KALTAKQUISE', 'ACTIVE', 0, NULL),
('5e03b0a2-d8a6-4885-83a3-4247742b2ad0', '83932b93-a525-4a83-9a73-67a13c0a93c1', 'KALTAKQUISE', 'ACTIVE', 0, NULL),
('c375edc0-a234-4867-ba7d-d79bc9b3ec3c', '38a98803-48fb-464b-a747-eca6d877a7c3', 'KALTAKQUISE', 'ACTIVE', 0, NULL),
('4ca8c63f-d80e-4aac-9054-1c4b6855a06b', 'eda05eec-2256-4fc8-8f26-066ff9d18192', 'KALTAKQUISE', 'ACTIVE', 0, NULL),
('c8adc514-9d62-44c7-afc6-300619bf9d02', 'ac7c938d-b4f2-4837-a271-601a92ee01e3', 'KALTAKQUISE', 'ACTIVE', 0, NULL),
('e980b23c-94f9-41c7-a27f-cc31c6b6a445', '143933f4-ab7e-4d05-9e5f-7cb31d3fb756', 'KALTAKQUISE', 'ACTIVE', 0, NULL),
('ba8c1dff-dc99-4a48-bd36-799989620dd2', '9b655a5d-05f6-42cf-9367-fa917a5a0f00', 'KALTAKQUISE', 'ACTIVE', 0, NULL),
('61a7113a-0e70-4faa-a100-a10cdfec4869', '5503cb52-170b-4a0e-ab02-1f637f562726', 'KALTAKQUISE', 'ACTIVE', 0, NULL),
('9adea9cb-323d-48c0-aacc-9b300ba3204d', '37388bb1-83a6-4d0a-af7e-15a9e29ce26c', 'KALTAKQUISE', 'ACTIVE', 0, NULL),
('29267081-d862-4d0e-a211-939400ec637e', 'bf240baf-bd47-4ab2-a320-f05a129b28f1', 'KALTAKQUISE', 'ACTIVE', 0, NULL),
('dbef844d-091d-4978-932d-2adae6261238', '609db46d-7453-4746-83ee-8f4884afec01', 'KALTAKQUISE', 'ACTIVE', 0, NULL),
('e58b9f6d-3dde-42be-82a0-bbd044943a44', '440fa814-a27f-4705-9271-440afcaab3a2', 'KALTAKQUISE', 'ACTIVE', 0, NULL),
('54f1b2ca-5172-4a5e-9c3d-33566867d6b0', '20f2fd51-359d-4989-a56f-80e79100b1cf', 'KALTAKQUISE', 'ACTIVE', 0, NULL),
('0902a17f-4518-4a88-8df5-bfbd42c90788', 'fd035f2f-96ca-40d9-a225-0b9b0b985c07', 'KALTAKQUISE', 'ACTIVE', 0, NULL),
('d9d92c29-56f7-4eec-9342-7332d3e4e391', 'b056f504-e208-4314-8857-e9eebd4d84f2', 'KALTAKQUISE', 'ACTIVE', 0, NULL),
('18e4e8ca-b086-4d9e-992a-37b0832fab98', 'cc8e097d-7bf0-4154-bc1f-28f449f855a8', 'KALTAKQUISE', 'ACTIVE', 0, NULL),
('95c88096-4b3a-4229-a3e3-0c9cf36e8473', 'ac45d99c-994a-4a30-905d-36822370412c', 'KALTAKQUISE', 'ACTIVE', 0, NULL);

INSERT INTO lead_tags (lead_id, tag_id) VALUES
('ad9bd3c8-cb63-4be2-9019-e7bef19b56b1', 'ka-b2c'),
('eaa857c0-3d69-4144-bc44-c6925fa888c3', 'ka-b2c'),
('7edf7663-7268-4aee-8d25-502b4fabd181', 'ka-b2c'),
('c1ac922c-2a28-4342-ad9a-092d19256a0c', 'ka-b2c'),
('7c3c0164-3e9d-4fd3-b77f-c9aa712a141b', 'ka-b2c'),
('10159505-4312-4eec-8679-65a4e21813ba', 'ka-b2c'),
('cb3b9103-fa5e-4e4f-bb3b-0bc99bb0153f', 'ka-b2c'),
('b48d2b94-5776-4014-b4d4-1c62310af556', 'ka-b2c'),
('e4a50c21-0b14-463f-b800-f5c6da82e035', 'ka-b2c'),
('e86ed095-c3dd-47d2-80b6-5f719f027e82', 'ka-b2c'),
('d49ccd4c-b009-41e9-a74a-650d332f2513', 'ka-b2c'),
('c8db56e1-284b-4d9e-bfca-5c111d91853e', 'ka-b2c'),
('867817d9-5b51-4400-8d9d-43def338e05d', 'ka-b2c'),
('cca27aa9-c10d-4fec-9196-e44def470a08', 'ka-b2c'),
('9452e38e-7e82-463a-8ae5-9967775004eb', 'ka-b2c'),
('debcc9f3-0b4d-488c-abb9-8fa330c2c2ed', 'ka-b2c'),
('4f470124-74fa-4cde-9d4e-65fd1b384407', 'ka-b2c'),
('a213aaaa-94dd-41ae-b5da-ec32a4d7bf1d', 'ka-b2c'),
('cddb8e14-7087-4dd6-98d1-f2f1edf4f228', 'ka-b2c'),
('6f3d4e35-f591-4c1e-ac38-7cbfd4365b27', 'ka-b2c'),
('a392c862-6f5a-45f5-b7a8-18bdfbc13b7e', 'ka-b2c'),
('bb278bfc-cba1-4502-9edd-bb8552a120d0', 'ka-b2c'),
('c18ae0e8-476c-44d9-88b8-9736128859a3', 'ka-b2c'),
('898e7f0d-7296-4471-876c-b4a8f9093284', 'ka-b2c'),
('395d120c-f21e-457f-92ea-d7035e4c72cf', 'ka-b2c'),
('c8fea82b-aa81-45bb-8e62-6ef23266801e', 'ka-b2c'),
('b46770bb-1a0e-4a82-8de0-e774110334f7', 'ka-b2c'),
('4454d86c-118d-4cf4-aa39-7c020091d654', 'ka-b2c'),
('28c2b29e-6074-4e7f-bf9c-a8b3e54883d9', 'ka-b2c'),
('a7c2fd4b-343b-46bb-b5d2-0ca5b5c8f8b7', 'ka-b2c'),
('26e143c3-00c7-4bc2-b576-a1e6b34840c1', 'ka-b2c'),
('2af5070f-7693-4c64-8f76-95a37450a63b', 'ka-b2c'),
('13c03bbc-4e86-49cc-8444-4c2f98cadb6b', 'ka-b2c'),
('006d3bef-9ac2-4efc-9fdc-abe77bf2f20f', 'ka-b2c'),
('4c42dc5b-bb8c-421e-900b-57dc8588f5da', 'ka-b2c'),
('7f8398a0-9105-4f71-a403-19f83120b6c2', 'ka-b2c'),
('cd29b380-29ea-4514-8cd4-7987f98cf84c', 'ka-b2c'),
('f339efaa-2b50-498b-aafc-84d01ccef592', 'ka-b2c'),
('4900127a-310b-45e6-8107-535210c98850', 'ka-b2c'),
('0bbf1a6f-22b1-4c49-9ab7-76ac6ba8e8aa', 'ka-b2c'),
('eed1e3ef-a977-4133-9406-13ad356a0a97', 'ka-b2c'),
('3e63ec47-7c52-4586-9f81-e91f0976a63b', 'ka-b2c'),
('6df0644e-14a5-4377-a726-3c241418592b', 'ka-b2c'),
('5f1bfe80-63db-4789-bae4-da70745ed886', 'ka-b2c'),
('1735695f-8774-47b2-848d-6ebb6b4848c9', 'ka-b2c'),
('a89ecdb4-2cad-4585-96b8-82873bb50916', 'ka-b2c'),
('18ba4b88-389c-4f51-9842-9838a4e32f5c', 'ka-b2c'),
('8888b63f-8b15-4d95-ae90-3c44335c9ba9', 'ka-b2c'),
('60ec1730-47c8-456a-9f29-c3349804ec02', 'ka-b2c'),
('86c6b2f3-d770-4d67-9d56-4341c90a24ed', 'ka-b2c'),
('7d718972-026e-46c9-ad48-d3b0d8c7ffca', 'ka-b2c'),
('b9a290c6-78de-40fb-ae79-bf0c26575e6f', 'ka-b2c'),
('e8060be0-327c-4063-95db-4620eda97867', 'ka-b2c'),
('3525059b-7201-445c-98ef-c2c33de2b642', 'ka-b2c'),
('a437a518-10d3-49d7-b66d-bf33d77e2530', 'ka-b2c'),
('5016e138-ac2a-4109-b881-6c2a03e584e9', 'ka-b2c'),
('380e74dd-1313-4874-9685-bfed948f013e', 'ka-b2c'),
('501646a1-e6a9-47c5-bf6f-d72109baa3fa', 'ka-b2c'),
('37ec2f38-4dcd-493d-b0c0-5fe53fb1546b', 'ka-b2c'),
('07276e31-4b49-4781-9523-6913d386f9b0', 'ka-b2c'),
('5004993e-3833-4c6c-93b9-b06d00c08874', 'ka-b2c'),
('fab4bd15-e68e-4a4c-91c4-35abfac0970e', 'ka-b2c'),
('f755db83-b205-43f5-837e-3c582b2d4092', 'ka-b2c'),
('1f00e2cb-423c-4fa4-bf4b-2965a30c0ccb', 'ka-b2c'),
('65af7d16-f561-4d6c-98b2-9fd16de3a690', 'ka-b2c'),
('b8551abc-e279-49b3-95ae-e9fb060223a6', 'ka-b2c'),
('b63a3adc-88a7-4bef-a160-e0847ec7f54a', 'ka-b2c'),
('316a990a-27c2-442c-8258-d714be008c7b', 'ka-b2c'),
('7527a86c-9bb3-4775-85a3-73ec34ef327c', 'ka-b2c'),
('ccc8aa41-912c-4c24-a6ec-bd0d2c5a3cd9', 'ka-b2c'),
('dde89f30-f1be-4395-98bc-f4d52e5c1021', 'ka-b2c'),
('337f0658-0b21-4476-9ba2-1c5f15a57f27', 'ka-b2c'),
('c72cf099-a90d-4fd7-992d-8e22da503dad', 'ka-b2c'),
('a4ec6aed-f478-48c7-8410-cc30ffa2da48', 'ka-b2c'),
('14bb64f6-462b-470b-9525-26668083cfb2', 'ka-b2c'),
('e30398f7-d393-4aa5-9b44-d331537b6ef5', 'ka-b2c'),
('689339f2-1839-4b0e-a150-de4c535fefcb', 'ka-b2c'),
('ed565565-7154-4737-ae40-5bb08bda0756', 'ka-b2c'),
('5a882ce8-59ab-4dec-816f-d64528c8f5bc', 'ka-b2c'),
('ef006ce6-cdc0-4362-999c-51940fab72eb', 'ka-b2c'),
('14b4ca85-d2fc-4c95-84a4-d1729b3f380f', 'ka-b2c'),
('8d2fe5ed-a7aa-4c4e-889c-f9afe47d3a6c', 'ka-b2c'),
('8b8d808b-42bb-4d99-aebf-70c4f5587ff6', 'ka-b2c'),
('2de18e68-9fdd-4e09-9bed-29503df3b22a', 'ka-b2c'),
('49e663e3-3329-4f6b-9783-45af89f9a02b', 'ka-b2c'),
('ed3e2880-0259-430d-b136-e041bcb1babf', 'ka-b2c'),
('50ceac31-90f7-431e-ae31-3dc82a77c830', 'ka-b2c'),
('9e0c7890-cc13-469e-ab80-5872200c9152', 'ka-b2c'),
('976ce024-abbc-46da-afd3-bfaa358281d3', 'ka-b2c'),
('07158947-3b5d-4eb6-9457-387ef23da2b0', 'ka-b2c'),
('e76ce70a-f3df-45d0-9f59-e5638df0781c', 'ka-b2c'),
('9dc03767-fbd5-487d-ad20-01e8d5ef1dae', 'ka-b2c'),
('9431683e-7e3e-44b6-b2b1-284c4abcbfbe', 'ka-b2c'),
('0c636f80-0e0b-43d5-ad52-e88a7b4eb6ed', 'ka-b2c'),
('f045cf79-878f-4bf6-8f75-29feb0283339', 'ka-b2c'),
('27b3c548-6287-4433-acf3-8fa5084808b6', 'ka-b2c'),
('942fad93-43b5-46de-858a-aec71dcf182c', 'ka-b2c'),
('5dc891f1-5590-4af8-b44b-e522e7613501', 'ka-b2c'),
('f913adcc-2fcc-4184-afd4-8030adab1e29', 'ka-b2c'),
('232fb313-f19a-4ca9-9a8f-420f7f670f1e', 'ka-b2c'),
('9da5f3e6-dc74-48c1-a881-6bd0b0e4212d', 'ka-b2c'),
('2ba5f22b-3baf-47e0-a628-aa36b8aa7057', 'ka-b2c'),
('14d49370-7ba6-454e-914c-e35340139193', 'ka-b2c'),
('5ee1151a-137c-40b2-8bc2-03cb09ace785', 'ka-b2c'),
('99c482ab-a076-45df-a98e-4b5850fb3996', 'ka-b2c'),
('92e42159-b909-42bf-a9fc-5438ef223eac', 'ka-b2c'),
('88fbf5a6-5caf-4872-8704-0f2257588db1', 'ka-b2c'),
('5fe47acf-9976-4d65-be34-7d8cd404ec15', 'ka-b2c'),
('57ebbaa0-ae55-4355-bdbc-151663b02027', 'ka-b2c'),
('7bff2abb-e07c-4632-bf90-25734cba98e5', 'ka-b2c'),
('87c1ea45-f228-424b-bc5a-ef1b76c2f706', 'ka-b2c'),
('acd6c6f3-cadb-491f-9ea1-bebcba60f51b', 'ka-b2c'),
('ed95f066-473b-4136-a37b-ae6267341078', 'ka-b2c'),
('620f22ff-6d54-4aa4-a6f1-f6dd5ba44203', 'ka-b2c'),
('90e71464-3938-43ba-9bdf-6c06cf11552a', 'ka-b2c'),
('1b132cf9-791f-4b68-8df7-d598f04810d9', 'ka-b2c'),
('a4902242-c724-43ed-948c-6325659c9943', 'ka-b2c'),
('e1598512-a838-4ebe-9014-8836517b420c', 'ka-b2c'),
('deedccea-3511-4269-9297-7262f3c0c327', 'ka-b2c'),
('cc40a326-d3c0-4b69-af33-6929a17826ce', 'ka-b2c'),
('a397f901-cefc-4c35-889c-438b9594b451', 'ka-b2c'),
('3e652bb2-b3f7-469b-8592-caef57026a6a', 'ka-b2c'),
('4f24e7cc-36a6-4b59-ac34-b0d34f4a1364', 'ka-b2c'),
('a4e0fcf6-aed9-49e2-abc4-6d477cab5ddd', 'ka-b2c'),
('1b3fc42f-ba9f-45c2-ba90-186edce7c28c', 'ka-b2c'),
('d6269f5d-336f-486b-ac33-999e21771bf6', 'ka-b2c'),
('5c905cf0-4647-4017-902d-2b2c41daff3d', 'ka-b2c'),
('fd220227-eef0-492c-868d-2a003b022e4c', 'ka-b2c'),
('0a6fc67b-6b6c-449b-ae76-5ae59d6b2394', 'ka-b2c'),
('266150c8-4618-4ffd-b182-260e97cfc2ae', 'ka-b2c'),
('3867d6d1-307c-4c6f-87a2-4f6420ee84f1', 'ka-b2c'),
('62a1ccf4-3c81-4f5c-9359-6533f9366dbb', 'ka-b2c'),
('5d59f03a-6265-44be-a74a-692bf5666ff4', 'ka-b2c'),
('69766c10-cf2b-4303-9e26-8041527efce6', 'ka-b2c'),
('0db88671-5c14-4341-8498-63e73a6dad59', 'ka-b2c'),
('6f56661b-6313-4c59-bd0f-06c913babe1c', 'ka-b2c'),
('e11e1c98-5309-4917-a373-4f48e84fdffd', 'ka-b2c'),
('508221a0-e1d6-409d-a796-05cb8532bad9', 'ka-b2c'),
('feb8c480-2728-4000-8569-15595af828d5', 'ka-b2c'),
('9a710bc3-373d-4257-bcfa-c2c5c7a0bc63', 'ka-b2c'),
('30030372-5985-4c43-ab3c-9d19a6f2ee86', 'ka-b2c'),
('d9bf1c9b-e25c-479b-8660-4346232a765a', 'ka-b2c'),
('181a8954-9ef7-4276-97f3-7b334838996f', 'ka-b2c'),
('ae05a395-595a-4147-beeb-c7c46b7e8f7f', 'ka-b2c'),
('da5d061f-c818-4515-b762-ab6cd73a4286', 'ka-b2c'),
('a132f57d-dc95-463c-bc41-ba7689f0260a', 'ka-b2c'),
('06bebc60-556d-4348-b2b6-0e5f125040da', 'ka-b2c'),
('ef80c966-8214-4de5-9d07-66b6a7b6d8c8', 'ka-b2c'),
('99035bf5-bed1-4bf5-b774-281344f84a9a', 'ka-b2c'),
('09f16453-6785-4ef0-b5ce-538ca501ac32', 'ka-b2c'),
('ebb0a05a-ccbd-4a54-9c8d-4e55c323200e', 'ka-b2c'),
('f28e7812-01b1-4595-a9c4-be376d709afd', 'ka-b2c'),
('9d8631b6-c5e5-40cc-86e8-09ab14d1643c', 'ka-b2c'),
('fcc7bb62-7dfd-424b-b7ce-8b13e68cd75b', 'ka-b2c'),
('5a1c84f2-7f07-421c-9e80-17c93a1a3c9e', 'ka-b2c'),
('6300f465-37ef-4a96-87e4-a3e20d43f689', 'ka-b2c'),
('6f0819da-20a5-4713-addd-bc7c8a432079', 'ka-b2c'),
('db6b9df8-a110-476a-82ae-7752213379e5', 'ka-b2c'),
('65cfc57b-953e-46be-971e-bd8b2a7fae19', 'ka-b2c'),
('42f331f7-eff4-4f40-9a59-799c12d60245', 'ka-b2c'),
('0fce4a6a-ee71-431d-bf1a-6e1c0eb65ed4', 'ka-b2c'),
('69fd5765-3506-4633-ad57-2cde29704196', 'ka-b2c'),
('dfefac15-1e7c-436c-9dd3-0fa60c2c0533', 'ka-b2c'),
('8436fe8c-d7ad-4ade-88d3-67df537a54e6', 'ka-b2c'),
('2447e7f9-89f9-4503-aced-800e595c1c4f', 'ka-b2c'),
('cdd843dd-27d9-496b-9b0d-9acd4a9b90f0', 'ka-b2c'),
('750ff5e2-ceda-4bba-b009-7ad5e8aef868', 'ka-b2c'),
('38549b9a-e253-4f7f-903f-be0b0f67b481', 'ka-b2c'),
('f2fac3d9-6c5b-495d-99ca-9c860097120b', 'ka-b2c'),
('20ea9d94-6e22-4b54-a0b7-d50d5120e1b0', 'ka-b2c'),
('1a8a55f7-9dcb-4aad-9231-d4f1bb8826d4', 'ka-b2c'),
('a2b98d81-1702-4817-a8f7-06a8da36f40a', 'ka-b2c'),
('aae03794-85ae-4bcd-9451-b7d764a1fe61', 'ka-b2c'),
('af8d2539-5b97-43fb-9831-5a8aae2041ea', 'ka-b2c'),
('9a2fb966-6420-489b-a339-089aaae5b0fb', 'ka-b2c'),
('9dc80f27-ba5a-4820-9c79-6fdd536f9b17', 'ka-b2c'),
('acab0acd-6df9-4f0a-82ae-11290e50b3f7', 'ka-b2c'),
('55386979-745a-4602-a60f-995ed800b92f', 'ka-b2c'),
('6d99d9b8-a0f6-458c-b8d2-fe9e6c226f5f', 'ka-b2c'),
('33175461-7d5a-4d1e-84fa-a45686263022', 'ka-b2c'),
('74858e0a-f75c-4c8f-872b-59c0462937c6', 'ka-b2c'),
('7376740b-ca32-4a10-97b0-e43a1cdfd027', 'ka-b2c'),
('1f5ea4f2-c363-4980-a7ca-b5ec06acc983', 'ka-b2c'),
('5be148ca-e5a8-4b13-aaf3-b8973dbb9bfd', 'ka-b2c'),
('5e03b0a2-d8a6-4885-83a3-4247742b2ad0', 'ka-b2c'),
('c375edc0-a234-4867-ba7d-d79bc9b3ec3c', 'ka-b2c'),
('4ca8c63f-d80e-4aac-9054-1c4b6855a06b', 'ka-b2c'),
('c8adc514-9d62-44c7-afc6-300619bf9d02', 'ka-b2c'),
('e980b23c-94f9-41c7-a27f-cc31c6b6a445', 'ka-b2c'),
('ba8c1dff-dc99-4a48-bd36-799989620dd2', 'ka-b2c'),
('61a7113a-0e70-4faa-a100-a10cdfec4869', 'ka-b2c'),
('9adea9cb-323d-48c0-aacc-9b300ba3204d', 'ka-b2c'),
('29267081-d862-4d0e-a211-939400ec637e', 'ka-b2c'),
('dbef844d-091d-4978-932d-2adae6261238', 'ka-b2c'),
('e58b9f6d-3dde-42be-82a0-bbd044943a44', 'ka-b2c'),
('54f1b2ca-5172-4a5e-9c3d-33566867d6b0', 'ka-b2c'),
('0902a17f-4518-4a88-8df5-bfbd42c90788', 'ka-b2c'),
('d9d92c29-56f7-4eec-9342-7332d3e4e391', 'ka-b2c'),
('18e4e8ca-b086-4d9e-992a-37b0832fab98', 'ka-b2c'),
('95c88096-4b3a-4229-a3e3-0c9cf36e8473', 'ka-b2c');
