-- Batch 68 (200 records)
INSERT INTO contacts (id, first_name, last_name, email, phone, company, address) VALUES
('5e995962-c6b0-4b5e-a684-ab7b3c73932b', 'Künzler', 'Ernst', 'ernst.kuenzler@yetnet.ch', '', NULL, 'Bündtenweg 3, 5064 Wittnau, AG'),
('54ada9b7-6001-4aba-a413-1c7fc315e82b', 'Künzler', 'Erwin', 'kuenzler@advokatur-kuenzler.ch', '', NULL, 'Segantinistrasse 21, 9008 St. Gallen, SG'),
('3a2e0c44-caeb-4634-a13d-de852c26113f', 'Künzler', 'Hanspeter', 'hanspkunzler1314@gmail.com', '', NULL, 'Eichhölzlistrasse 42, 8192 Glattfelden, ZH'),
('6a58ee81-b0b0-448e-a7db-2c765f6f6cfd', 'Künzler Hansuli und Gertrud', '(-Keel)', 'huk.grabs@rsnweb.ch', '', NULL, 'Sporgasse 6, 9472 Grabs, SG'),
('b682e946-f148-4c97-a391-6dc7414feddb', 'Künzler', 'Mathilde', 'mathilde.kuenzler@gmx.net', '41796288784', NULL, 'Höhenstrasse 15, 9320 Arbon, TG'),
('e10a0a14-687c-4b29-9624-e9ded862dd71', 'Künzler', 'Matthias', 'matthias.kuenzler@gmx.ch', '', NULL, 'Witikonerstrasse 59A, 8032 Zürich, ZH'),
('3e97bedb-2e78-4c2b-bd98-12f8c7b7d937', 'Künzler', 'Peter', 'pku62@bluewin.ch', '41794058685', NULL, 'Alte Eschenbacherstrasse 14, 8716 Schmerikon, SG'),
('3327b8c0-b5a0-4e87-9c40-31d2f6110c19', 'Künzler Priska', 'Beata', 'pbk@bluewin.ch', '41792313170', NULL, 'Alberich Zwyssigstrasse 3, 5430 Wettingen, AG'),
('bf2b2724-13f6-4470-98bf-537a8d213b91', 'Künzler Suzanne und Werner', '(-Köhli)', 'werner.kuenzler@hispeed.ch', '', NULL, 'Allmendstrasse 2, 3014 Bern, BE'),
('98e6560a-8b22-4c65-8db7-40ea148cf096', 'Künzler Verena und Hofer', 'Jean-François', 'if.hofer@gmail.com', '41796867464', NULL, 'Stodolastrasse 9, 8053 Zürich, ZH'),
('c27b389a-2d86-4f11-8cf4-29f166dd6891', 'Künzli Armin und', 'Frieda', 'afkuenzli@bluewin.ch', '', NULL, 'Kapellenweg 5, 5524 Nesselnbach, AG'),
('d42419e1-935f-4212-b720-70097827db8c', 'Künzli', 'Beatrice', 'info@beatrice-kuenzli.ch', '41764818866', NULL, 'Museumstrasse 10, 3005 Bern, BE'),
('d9786271-495b-46f8-ba76-511ce6bb2338', 'Künzli', 'Bruno', 'info@golfacademybern.ch', '41792498772', NULL, 'Moosgasse 39A, 3053 Münchenbuchsee, BE'),
('906af80c-d3b6-419b-9b11-e8ea7511222a', 'Künzli Bruno und Monika', '(-Suter)', 'mkuenzli@bluewin.ch', '41794866343', NULL, 'Breitfeldstrasse 5, 8500 Frauenfeld, TG'),
('0eaefc3b-c422-4298-9bf2-084a0d6929df', 'Künzli', 'Fritz', 'fritzkuenzli@bluewin.ch', '41794074340', NULL, 'Rieterstrasse 36, 8002 Zürich, ZH'),
('db7fbc02-a6f6-4c4e-b64c-b31335506555', 'Künzli', 'Markus', 'markus.kuenzli@bluewin.ch', '41797657260', NULL, 'Geuenseestrasse 12D, 6210 Sursee, LU'),
('20d690cd-9bb9-4676-bdf7-c48be77e6e4d', 'Künzli', 'Martin', 'trini.kuenzli@bluewin.ch', '41793023109', NULL, 'Remis 93, 9533 Dietschwil, SG'),
('92844d9b-bba4-4c3c-acd2-663a30802cd5', 'Künzli Othmar und', 'Ruth', 'othmarkuenzli@bluewin.ch', '41792963738', NULL, 'Cheschtenematt 1, 6221 Rickenbach LU, LU'),
('378c151e-0b30-45b6-8a47-e83b83d4e199', 'Künzli Ruth', '(-Kern)', 'ruthkuenzli@bluewin.ch', '', NULL, 'Bärenmattstrasse 10, 5620 Bremgarten AG, AG'),
('a288f217-9bb0-4542-bf51-ce25b95e2d8c', 'Künzli Thomas, Claudia, Pascal und Luca', '(-Ryser)', 'thomas.kuenzli@quickline.ch', '41794431557', NULL, 'Pintenmatte 1, 6022 Grosswangen, LU'),
('afd08871-b64e-4c57-980c-a6c212fd53f4', 'Künzli', 'Urs', 'urs.g.kuenzli@bluewin.ch', '', NULL, 'Felsenauweg 4, 4500 Solothurn, SO'),
('d3ce9860-f7e1-4c60-92ef-f94ac0f2cf91', 'Künzli-Zangger', 'Cécile', 'info@praxis-kuenzli.ch', '', NULL, 'Rütistrasse 2, 5524 Niederwil AG, AG'),
('ee88bc1c-65da-4102-8827-1fe27148e51d', 'Kuonen', 'Bernhard', 'bernhard.kuonen@gmx.ch', '', NULL, 'In Lampitzäckern 19B, 8305 Dietlikon, ZH'),
('3def6b94-3fa0-4437-94a7-8af7fa46907f', 'Kuonen', 'Ewald', 'ewald-kuonen@bluewin.ch', '41794279889', NULL, 'Unterdorfstrasse 17, 3072 Ostermundigen, BE'),
('8ae86a50-5643-4c19-bf89-fccb1d9fdd18', 'Kuoni Hansruedi und', 'Heidi', 'hr.kuoni@gmail.com', '41788086353', NULL, 'Arosastrasse 12, 7027 Castiel, GR'),
('26990939-5bb3-4f38-886f-022f0c461ec2', 'Kupferschmid Bruno und Margrit', '(-Weber)', 'bruku@besonet.ch', '', NULL, 'Chrumme 15, 3257 Grossaffoltern, BE'),
('3b7a723a-7967-4c06-8a69-ee5b7c9e3899', 'Kupferschmid Corinne', 'Johanna', 'med.massage.biel@gmail.com', '41767208657', NULL, 'Neuengasse 14, 2502 Biel'),
('161e29e5-0230-41cb-8399-a57e31f8b69c', 'Kupferschmid', 'Ernst', 'ekupferschmid@hotmail.ch', '41767913780', NULL, 'Neumattstrasse 39, 4455 Zunzgen, BL'),
('defe99fd-a308-4322-b37c-e8c773cababf', 'Kuppel Monica', '(-Melchers)', 'monica.kuppel@bluewin.ch', '41792509331', NULL, 'Lenkstrasse 45, 3772 St. Stephan, BE'),
('073ba666-8a32-47d2-bd7a-64eb25303baf', 'Kupper', 'Astrid', 'astridkupper@bluewin.ch', '41794292843', NULL, 'Stigacher 1, 6243 Egolzwil, LU'),
('d65d4464-0b05-4639-abba-fd3c309dc81b', 'Kupper Christof und', 'Petra', 'kupper@hohbueler.ch', '41794504324', NULL, 'Hohbühl 1, 8353 Elgg, ZH'),
('c3c35bed-b1d5-48b3-9820-29a7dc92126d', 'Küpper Helmut E. und Margarete', '(-Vollmer)', 'h.e.kuepper@bluewin.ch', '', NULL, 'Hübelrebenweg 28, 5708 Birrwil, AG'),
('9614cd77-7829-43b8-8e89-c95d990ddc60', 'Kupper', 'Lukas', 'lukas.kupper@luckycooper.ch', '', NULL, 'Schürlimatt 3, 6206 Neuenkirch, LU'),
('46ac3197-3da2-4ec1-a955-e8ae606e9ce1', 'Kupschina Eugen', '(-Michel)', 'schina-schuetz@bluewin.ch', '41796639087', NULL, 'Schützenhausstrasse 1, 8610 Uster, ZH'),
('90aa2dc1-8db6-4136-a81b-88b2c3f84210', 'Kurath', 'Gottlieb', 'gbk@bluewin.ch', '', NULL, 'Nussbaumweg 44, 4103 Bottmingen, BL'),
('36e962a2-f930-4392-a679-c7426e8d2492', 'Kurath Johann', 'Heinrich', 'h.ku@hispeed.ch', '', NULL, 'Obere-Farb-Weg 1, 8610 Uster, ZH'),
('b21bee99-0867-4591-ab03-06a8a01e1db4', 'Kurath Josef u. Maya', '(-Stoop)', 'm-s.kurath@bluewin.ch', '', NULL, 'Wydenhofstrasse 20, 3113 Rubigen, BE'),
('3cd439f4-dc30-4f25-b673-ed442956646c', 'Kuratle', 'Andrea', 'kuratle@swissonline.ch', '41793483362', NULL, 'Rabengasse 7, 7000 Chur, GR'),
('a1ab8afd-f3f0-4c41-8f63-043621484c4e', 'Kuratli Susanna u.', 'Ulrich', 'susanna@kuratli.com', '', NULL, 'Obermatt 3, 8905 Arni AG, AG'),
('593bfb1e-bc7a-4ef5-b192-9db2dc55f622', 'Kurer', 'Thomas', 'info@thomaskurer.ch', '41793362607', NULL, 'Quarzstrasse 35, 8053 Zürich, ZH'),
('58ccd8fc-2928-43df-baef-ce5a2e918b70', 'Kuriger Antoniya, Hanspeter, Robi und Ben', '(-Sumic)', 'antonija.kuriger@hotmail.com', '41763968810', NULL, 'Mythenstrasse 31, 8840 Einsiedeln, SZ'),
('c02d9410-bbe7-4d66-87ca-0a201707b624', 'Kuriger Irma u. Armin', '(-Bamert)', 'armin@kuriger.ch', '', NULL, 'Glarnerstrasse 36A, 8854 Siebnen, SZ'),
('121395f6-9441-43e9-929d-32e3f1c73fe1', 'Kuriger Markus und', 'Rosmarie', 'info@kurigers.ch', '', NULL, 'Wingertweg 1, 7310 Bad Ragaz, SG'),
('0638fae7-e692-4e89-b9df-e679bb928e23', 'Kurmann', 'Alfred', 'alfredo.kurmann@bluewin.ch', '', NULL, 'Lampenbergerstrasse 10A, 4435 Niederdorf, BL'),
('5ca5fa64-b800-4a64-80bb-70e01bc472c8', 'Kurmann Andy und Petra', '(-Kurmann)', 'kurmann@centralnet.ch', '', NULL, 'Wesemlinstrasse 55, 6006 Luzern, LU'),
('e5ef4f32-6ae8-424d-b24a-e849fd320d1f', 'Kurmann', 'Anton', 'kurmann.anton.e1a@gmx.net', '41765496683', NULL, 'Oberrütelistrasse 25, 8753 Mollis, GL'),
('8f9c0b8a-7658-4283-80eb-970a875fbe7a', 'Kurmann', 'Anton', 'toni.kurmann@lula.ch', '', NULL, 'Rossmärt 3, 6123 Geiss, LU'),
('cb95d066-2935-44d7-b6a5-b6898d0dfdfe', 'Kurmann', 'Beat', 'b.kurmann@bluewin.ch', '', NULL, 'Mooswiesen 1, 9322 Egnach, TG'),
('8f2180e7-50b0-428c-af58-c02868615806', 'Kurmann Eduard', '(-Greutmann)', 'm.e.kurmann@bluewin.ch', '', NULL, 'Sagirain 35, 6404 Greppen, LU'),
('abcb01d9-8429-4ed8-92f2-8669f8133cec', 'Kurmann Erwin und Jrène', '(-Kammermann)', 'info@bluamazaina.ch', '', NULL, 'Dorfstrasse 5, 7214 Grüsch, GR'),
('7d09a5cb-eddd-443a-9ae1-583ddfcc99fe', 'Kurmann', 'Hans', 'hkurman@bluewin.ch', '', NULL, 'Obere Heslibachstrasse 75B, 8700 Küsnacht ZH, ZH'),
('0a89f21d-4f47-4520-baa5-faf6bbe8e435', 'Kurmann Josef und Bernadette', '(-Fischer)', 'b_kurmann@hispeed.ch', '41796314264', NULL, 'Hausmattenweg 1, 8932 Mettmenstetten, ZH'),
('63aaa914-ed7f-4826-a4b5-3b7b909e4306', 'Kurmann Olga', '(-Giani)', 'olga.kurmann@gmx.ch', '41792843248', NULL, 'Italienische strasse 74, 7440 Andeer'),
('df747592-5671-4a1f-8403-1cae83b3890c', 'Kurmann', 'Ria', 'physioriakurmann@hispeed.ch', '', NULL, 'Belairstrasse 5, 3780 Gstaad, BE'),
('ea683d8c-991e-4905-9193-3edb6533d5cd', 'Kurmann Stephan, Andreza und', 'Livio', 'mail@stephankurmann.com', '41797787245', NULL, 'Fatiostrasse 23, 4056 Basel, BS'),
('a30c552f-e1ed-4e98-a9c3-e6cfe3cf519f', 'Kursfeld', 'Ruth', 'kursfeld@cwmail.ch', '', NULL, 'Hinter-Listrig 2, 6020 Emmenbrücke, LU'),
('82fd2d82-a90e-4306-9b08-2dccb844d977', 'Kürsteiner', 'Isabelle', 'i.kuersteiner@bluewin.ch', '', NULL, 'Güetli 187, 9428 Walzenhausen, AR'),
('f5c28d26-3bfd-4e26-be44-a3623561856f', 'Kurt Doris und Ueli', '(-Wolf)', 'kurtu@bluewin.ch', '', NULL, 'Sonnrainweg 13, 4632 Trimbach, SO'),
('6c37df06-cb02-4c5f-b13d-c5413d63124c', 'Kurth', 'Peter', 'pkurth.zuerich@gmail.com', '41787715112', NULL, 'Lehenstrasse 25, 8037 Zürich, ZH'),
('81bb71ba-7f99-4b97-b5be-3087b00d7777', 'Kurtz Johnny und Esther', '(-Lehni)', 'jkurtz@dedotec.ch', '41794002426', NULL, 'Längenstrasse 59, 8964 Rudolfstetten, AG'),
('09af70fc-d152-4f19-8912-bc9137829245', 'Kurtz Stefan, Lea und', 'Pia', 'stefankurtz@hispeed.ch', '', NULL, 'Krummibuckweg 2, 8157 Dielsdorf, ZH'),
('b904c572-90e6-4b8a-875c-9b1b879a4216', 'Küry Remo u. Renate', '(-Ammann)', 'remo.kuery@bluewin.ch', '', NULL, 'Maigrund 8, 5073 Gipf-Oberfrick, AG'),
('b6634f25-22e6-4e4b-b06e-7f3515595d7c', 'Kurz Andreas u. Cécile', '(-Herzog)', 'ankurz@bluewin.ch', '41789241627', NULL, 'Steckbornerstrasse 31, 8555 Müllheim Dorf, TG'),
('36a82457-3e45-4ce5-915f-ecc8033c15af', 'Kurz', 'Christian', 'chkurz@kurznet.ch', '41794094940', NULL, 'Froschaugasse 2, 8001 Zürich, ZH'),
('f3422b3f-0691-43f3-825a-e43338fbc037', 'Kurz Edwin und Doris', '(-Ammann)', 'edkurz@gmx.ch', '', NULL, 'Trichtenhausenstrasse 140, 8053 Zürich, ZH'),
('d440fb50-6815-407e-b635-9fa3de4ed4a4', 'Kurz', 'Giulia', 'info@fitnesswellness.ch', '', NULL, 'Schulhausgasse 1, 3860 Meiringen'),
('b85d046a-575f-40d3-8227-e4698ea900d0', 'Kurz Kurt', '(-Jungi)', 'kurt.kurz@bluewin.ch', '41792770838', NULL, 'Baumgarten 4, 2576 Lüscherz, BE'),
('e474d0df-c43c-4115-ae08-f71ae826c43f', 'Kurz', 'Martin', 'info@pcdoktor-brugg.ch', '41792342682', NULL, 'Chleematte 8, 5243 Mülligen, AG'),
('a99ca8f5-4a8a-45c5-8c51-dec514db53b8', 'Kurz', 'Martin', 'martin.kurz@uzh.ch', '', NULL, 'Frohburgstrasse 77, 8006 Zürich, ZH'),
('b6e47320-8714-4379-a01e-bd00f0af934f', 'Kurz', 'Norbert', 'norbert@kurz.li', '41765854249', NULL, 'Waldheimstrasse 2, 3012 Bern, BE'),
('b3f96816-cdfc-4df4-a844-d04b7bb19eb9', 'Kurz Peter und', 'Veronika', 'peter.kurz@hewoo.ch', '41799559816', NULL, 'Zollstrasse 18, 4124 Schönenbuch, BL'),
('412c1c59-f2cb-4ea9-9194-ca6d541a6c03', 'Kurz', 'Yves', 'tunix@iname.com', '41786608740', NULL, 'Chasseralstrasse 3, 3225 Müntschemier, BE'),
('fdc22d34-d639-4aa2-9ed7-c9f77a10eddc', 'Kurzo Roland und Brigitte', '(-Steuri)', 'kurzo@bluewin.ch', '', NULL, 'Obere Bahnhofstrasse 12B, 3700 Spiez, BE'),
('0978d16c-3733-48ed-8663-161f3a29e51c', 'Kuser', 'Herbert', 'kuser@bluewin.ch', '41793198871', NULL, 'Weidenhofstrasse 9D, 9323 Steinach, SG'),
('3e0f1f85-116c-420c-8cb4-6849dcbb645a', 'Kuser', 'Marc', 'kuser86@hotmail.com', '41795436620', NULL, 'Sonnenbergstrasse 1A, 8422 Pfungen, ZH'),
('6e177db8-61c8-427c-ba9f-4a273168d050', 'Kussmaul', 'Theresia', 'kussmaul@nix.ch', '', NULL, 'Nelkenstrasse 7, 5212 Hausen AG, AG'),
('a539db0c-333a-4dcf-b337-99c48c21ff90', 'Kuster Albert', '(-Germann)', 'albert.kuster.ch@bluewin.ch', '', NULL, 'Büel 25b, 8733 Eschenbach SG, SG'),
('38161c0f-d1f7-4b15-8e6d-e5e110a98872', 'Kuster Alfred und', 'Marianne', 'alfred@mariannekuster.ch', '41786596667', NULL, 'Eygasse 10, 6467 Schattdorf, UR'),
('c968f112-9671-4bc4-a107-cab75d3a97ae', 'Kuster', 'Bruno', 'bku.taxi@gmx.ch', '41763840600', NULL, 'Spitzackerstrasse 9, 8304 Wallisellen, ZH'),
('f604b437-ff0a-481c-bdde-e1fcd2e4e1d7', 'Kuster Bruno', '(-Nietlisbach)', 'bkuster@bluewin.ch', '', NULL, 'Luegweg 10, 9443 Widnau, SG'),
('d2f94111-8c70-4a28-8a29-a3059b8adcc4', 'Kuster Corinne', '(-Artho)', 'corinne_kuster@bluewin.ch', '41788270992', NULL, 'Lugmerstrasse 1, 8216 Oberhallau, SH'),
('52a659fc-230a-4fdd-a240-2eddaaac78b0', 'Kuster Erich u. Daniela', '(-Sutter)', 'kuster@permapack.ch', '', NULL, 'Torggelweg 3, 9425 Thal, SG'),
('f105c986-acd4-4bd5-ac40-2e5a972e31ea', 'Kuster Gottfried', 'Karl', 'kuster@grundli.ch', '41792156449', NULL, 'Schmiedgasse 10, 6294 Ermensee, LU'),
('b13e0f97-620e-49aa-8663-74e64d48380b', 'Kuster Hanis und Katharina', '(-Bäumli)', 'haniskuster@bman.ch', '41763796633', NULL, '7447 Avers, GR'),
('dbca12a3-7269-47c9-8eea-2a9b99804a5e', 'Kuster Hanis und Katharina', '(-Bäumli)', 'haniskuster@bman.ch', '', NULL, 'Hintermattstrasse 31, 4417 Ziefen, BL'),
('f7db5035-e153-4645-aeb8-98b2e904dff8', 'Kuster Heinrich und', 'Simone', 'info@stalden.com', '41765749339', NULL, 'Unterdorfstrasse 58, 8965 Berikon, AG'),
('22e63c3f-414d-423d-b3f9-5798de34a528', 'Kuster Joseph Walter und Brigitte', '(-Amrein)', 'joseph-kuster@bluewin.ch', '41787913021', NULL, 'Eichenweg 57, 8424 Embrach, ZH'),
('e62e738a-efaa-4ba6-9a51-8b22cb13a470', 'Kuster', 'Jürg', 'juergkuster@bluewin.ch', '', NULL, 'Fischmarktstrasse 4, 8640 Rapperswil SG, SG'),
('42b902d2-698f-4e04-8886-4e2778f25878', 'Kuster Markus und Marlies', '(-Künzler)', 'markus.kuster@bluewin.ch', '', NULL, 'Heldstadel 1263, 9428 Walzenhausen, AR'),
('25d9d0ab-e44b-40e5-ba24-38d893330aa6', 'Kuster Martin und Corinne', '(-Huder)', 'm.kuster@bluewin.ch', '', NULL, 'Rohrwis 9, 8852 Altendorf, SZ'),
('84e94d07-9387-4c4d-b659-a0958fb851c6', 'Kuster Max und Martha', '(-Schmid)', 'maxkuster@bluemail.ch', '41792783011', NULL, 'Alpenblick 17, 8311 Brütten, ZH'),
('06737111-aa1d-4cfb-b37a-3ea1d62bd527', 'Kuster Reinhard und Marianne', '(-Kellenberger)', 'reinhard_kuster@hispeed.ch', '41797478420', NULL, 'Fellenbergstrasse 65D, 9000 St. Gallen, SG'),
('98f812b3-c723-4f17-9076-dd6d623f6430', 'Kuster', 'René', 'rene.kuster@csei.de', '', NULL, 'Dorfstrasse 25, 6222 Gunzwil, LU'),
('52ec2224-bc39-4a62-b809-316b7fec68fd', 'Kuster Robert und Gabriela', '(-Kälin)', 'kuster.kaelin@bluewin.ch', '', NULL, 'Kirchenrainstrasse 27, 8632 Tann, ZH'),
('426f36d5-6095-4361-a11a-a7f996802823', 'Kuster Rolf und', 'Beatrix', 'rolf-bea.kuster@sunrise.ch', '', NULL, 'Burgstock 902, 8496 Steg im Tösstal, SG'),
('23d15732-4c0a-4836-9a91-4780b109ee94', 'Kuster Sommer', 'Brigitte', 'kustersommer@bluewin.ch', '41792914920', NULL, 'Allmeindstrasse 1A, 8716 Schmerikon, SG'),
('44e10934-5d25-4c89-a25e-5491c518ccfd', 'Kuster', 'Sonja', 'kuster.sonja@bluewin.ch', '', NULL, 'St. Georgen-Strasse, 9011 St. Gallen, SG'),
('4100d5ac-c2d9-4da0-9066-22594f0378a2', 'Kuster', 'Thomas', 'tkuster@gmx.net', '41788703725', NULL, 'Bühlstrasse 6, 8620 Wetzikon ZH, ZH'),
('2e00554f-f51b-4003-98a4-54ec9264a7bb', 'Kuster Werner', '(-Bühler)', 'kusterw@bluewin.ch', '', NULL, 'Pilatusweg 10, 6030 Ebikon, LU'),
('42261176-c710-401d-8300-c1eadba2305b', 'Kuthan François und Carina', '(-Lindén)', 'f.kuthan@gmx.net', '41793404148', NULL, 'Via Giovanni Segantini 10, 7500 St. Moritz, GR'),
('799252a9-f8f8-4690-8fd5-0932302169b9', 'Kutlu', 'Altan', 'info@ak-architektur.ch', '', NULL, 'Hafenrainstrasse 35, 4104 Oberwil BL, BL'),
('02bec46d-c3d1-40ed-bea2-94a3db87426f', 'Kutlu', 'Murat', 'info@kutlu.ch', '41793544244', NULL, 'Wiesentalstrasse 14, 9404 Rorschacherberg, SG'),
('20d2659e-1cd1-4e5d-bb37-659b3d08a0ae', 'Kütt', 'Daniel', 'daniel.kuett@bluewin.ch', '41765264320', NULL, 'Widmerstrasse 86, 8038 Zürich'),
('ec75bcca-1487-4514-801d-034de6b02c4a', 'Küttel Beatrice', '(-Graf)', 'frakuettel@bluewin.ch', '', NULL, 'Kapellenweg 2, 6030 Ebikon, LU'),
('996bd023-1b3b-45b4-aa1d-9c80ca761208', 'Küttel Erwin und Irène', '(-Ringgenberg)', 'kuettel@weggis.ch', '', NULL, 'Bühlstrasse 2, 6353 Weggis, LU'),
('32f6e3a2-5eac-4ab1-942e-7f3954aec0ef', 'Küttel', 'Fabio', 'fabio.kuettel@gmx.ch', '41788133792', NULL, 'Luzernerstrasse 27, 6353 Weggis, LU'),
('1f93022a-a06c-4429-bcf1-ae29d06d0a4e', 'Küttel Josef und Sonja', '(-Meier)', 'jokuettel@bluewin.ch', '41794405416', NULL, 'Neue Bahnhofstrasse 113, 4132 Muttenz, BL'),
('c198e680-f135-44c9-973f-2a9a7b763f17', 'Küttel Marco und', 'Helen', 'kuettel@sunrise.ch', '41794033106', NULL, 'Hinterbergstrasse 31, 8604 Volketswil, ZH'),
('905afd2e-b9b1-4792-95e8-c3cfedf2a0e7', 'Küttel', 'Monika', 'kuettel@tic.ch', '', NULL, 'Bahnhofstrasse 3A, 6030 Ebikon, LU'),
('dad9f833-5731-4153-811b-83b587fb5c40', 'Küttel Ulrich und Dora', '(-Lanfranchi)', 'ulrich.kttel@bluewin.ch', '41793056475', NULL, 'Bläuistrasse 21, 6442 Gersau, SZ'),
('e289b682-8e82-4eec-8e3c-ab1c86d9b799', 'Küttel Walter und Susanne', '(-Zihlmann)', 'walter.kuettel@bluewin.ch', '', NULL, 'Erlenrain 8, 6020 Emmenbrücke, LU'),
('0c599d74-c8c2-42d7-be91-86b54d29c7f3', 'Kuttikattu Samji Jacob und', 'Sobhi', 'jacobsam@gmx.ch', '', NULL, 'Zelgliackerstrasse 11A, 5210 Windisch, AG'),
('7a73ad05-dd36-49e3-bc21-78158f93988d', 'Kuzic Radivoj und Cerina', 'Danjela', 'radi@glattnet.ch', '', NULL, 'Sonnenbergstrasse 56, 8603 Schwerzenbach, ZH'),
('8dacafc9-26dc-490f-9753-74b57f545caa', 'Kuziem Mvimba', 'Simao', 'kuziem.simon@bluewin.ch', '', NULL, 'Mülibachstrasse 10, 8248 Uhwiesen, ZH'),
('121ab7bb-5761-45ae-936d-9ad3626811da', 'Kyburz Armin und', 'Sylvia', 'kyburz@grob-airatec.ch', '', NULL, 'Goldwandstrasse 29A, 5408 Ennetbaden, AG'),
('c43b763c-3cd7-4d1a-a268-e295ad77b853', 'Kyburz Jörg', '(-Bucher)', 'joerg.kyburz@kybis.ch', '', NULL, 'Gustav Henckell-Strasse 14, 5600 Lenzburg, AG'),
('e7d4df33-b527-497c-8646-3b4969b99ec2', 'Kyburz', 'Kaspar', 'kappe.maisprach@bluewin.ch', '41793478426', NULL, 'Zeiningerstrasse 9, 4464 Maisprach, BL'),
('53fbf28b-a460-44d6-a984-57f0f31189a8', 'Kyburz Manfred e Sylvia', '(-Kamber)', 'silvia.kyburz@live.com', '41798100737', NULL, 'Via Canton 6, 6540 Castaneda, GR'),
('597a50dd-dfb2-45c1-ab18-608f620369fe', 'Kyburz', 'Martin', 'kybu@bluewin.ch', '', NULL, 'Grossackerweg 2, 5042 Hirschthal, AG'),
('1351d94d-9c34-400d-b48e-578bc5cc11be', 'Kyburz', 'Oliver', 'oliver.kyburz@gmx.net', '41795713074', NULL, 'Im Gablemacher 20, 8240 Thayngen, SH'),
('49f5d289-450a-4406-8779-f650509a873d', 'Kyburz Ursula und', 'Markus', 'ursula-kyburz@bluewin.ch', '41765668020', NULL, 'Hettlingerstrasse 5, 8471 Rutschwil (Dägerlen), ZH'),
('aafa2cca-8414-4aad-ad28-8c604f7347ba', 'Kyd Rudolf und', 'Monika', 'r.kyd@bluewin.ch', '', NULL, 'Kirchenfeldstrasse 35, 5630 Muri AG, AG'),
('406e1bab-61f9-455d-a9a5-2ad56ad5a9f9', 'L', 'L', 'lore.pfenniger@bluewin.ch', '', NULL, 'Linda 1, 7412 Scharans'),
('b9448793-2ed3-4dfc-9015-bbd1efdce502', 'La Cam-Phat, Le Hoa, Norman, Kevin und Céline', '(-Truong)', 'phat.la@bluewin.ch', '', NULL, 'Grossriedweg 9, 2504 Biel/Bienne, BE'),
('1479a62d-7a05-4d7e-8e33-5290efd3431d', 'La Rocca', 'Antonella', 'nail-design2000@gmx.de', '41797366210', NULL, 'Wallenhofring 24, 5040 Schöftland, AG'),
('25c5cd93-a7bb-430c-ab87-149eb9352622', 'Laag Thorbjörn und', 'Gabriele', 'gabi@laag.com', '41794553517', NULL, 'Gubelstrasse 12, 6300 Zug, ZG'),
('1055813f-058b-4c60-b597-343b75f2441c', 'Laager Melchior und Barbara', '(-Ischi)', 'laager@lernholz.com', '', NULL, 'Bürglenstrasse 30, 8570 Weinfelden, TG'),
('bf71cdde-f1fd-47ee-815e-015a239f0049', 'Laager Rolf und Marianne', '(-Bracher)', 'info@maler-laager.ch', '41792867228', NULL, 'Zügersten 4, 8762 Schwanden GL, GL'),
('6cacedc5-1e45-45ff-ba45-eb78b6bf51f2', 'Laager', 'Rudolf', 'info@laager.ch', '41797575902', NULL, 'Holtenstrasse 28, 5722 Gränichen, AG'),
('a4202180-4f13-4c48-afe4-c2a458582de2', 'Laajimi', 'Noureddine', 'nourilaj@yahoo.fr', '', NULL, 'Chemin de la Mine-d''Or 25, 2504 Biel/Bienne, BE'),
('555f2a9d-5d42-4113-9379-26bc87574596', 'Laan', 'Friso', 'f.laan@gmx.net', '41764724500', NULL, 'Braunauerstrasse 15A, 9512 Rossrüti, SG'),
('abc00f5b-3629-42fe-a11b-90c7402a6476', 'Laaroussi', 'Jürg', 'juergarm@hotmail.com', '41797868343', NULL, 'Kronaustrasse 4, 8404 Winterthur, ZH'),
('d061c44e-1c8f-4987-a98b-dc1105495697', 'Labhardt', 'Fredi', 'fredilabhardt@swissonline.ch', '41794671121', NULL, 'Luzernerring 140, 4056 Basel, BS'),
('226dc7ed-4377-4dff-9fb9-c64d1456c57c', 'Labhart Dora und Walter', '(-Kieser)', 'doralabhart@gmx.ch', '', NULL, 'Wolfgalgen 36, 5304 Endingen, AG'),
('77381d5d-8483-4b51-a6bb-da6833507623', 'Labin Casian', '(-Stoica)', 'ludcas@gmx.ch', '41786286010', NULL, 'Waldaustrasse 31, 8606 Nänikon, ZH'),
('2762cfb6-0e27-451d-a50c-8b2b579c6da1', 'Laborera', 'Sladjana', 'michaellaborera@yahoo.com', '41783072387', NULL, 'Im Maiacher 5, 8804 Au ZH, ZH'),
('5919e85e-cbfb-496b-894e-317956683fe2', 'Lachat', 'Marcel', 'marcel.lachat@fluck-garage.ch', '', NULL, 'Fluckrain 1, 6014 Luzern, LU'),
('83087e6d-4341-44f6-8613-bc0a79c87601', 'Lachat Zdenka', '(-Poctova)', 'cz.lachat@bluewin.ch', '', NULL, 'Rychenbergstrasse 249, 8404 Winterthur, ZH'),
('31366e5a-cac7-440b-9803-eec8f00c72b3', 'Lachenmeier Alois', '(-Kiefer)', 'alois@lachenmeier.net', '', NULL, 'Gärtnerstrasse 73, 4057 Basel, BS'),
('cb8ca587-c067-48c6-86a5-909c2e4796c0', 'Lachenmeier', 'Rosa', 'rosa.lachenmeier@bluewin.ch', '41794499842', NULL, 'Birseckstrasse 11, 4127 Birsfelden, BL'),
('d0ff8e08-66aa-43b3-9bd2-72b345cfdb2a', 'Lacher Heinz u. Monika', '(-Mariotti)', 'familie.lacher@bluewin.ch', '41797945214', NULL, 'Mattenweg 6, 8200 Schaffhausen, SH'),
('354ad4b3-54f9-469f-b9a6-9e8f332082db', 'Lacher Oliver und', 'Marianne', 'info@mm-lacher.ch', '', NULL, 'Spinnereistrasse 6, 9615 Dietfurt, SG'),
('25d8afac-bf72-4cfd-8d77-96e948fdcf99', 'Lacher Walter und Rosa', '(-Pulfer)', 'info@w-lacher.ch', '', NULL, 'Berglihöh 9, 8725 Ernetschwil, SG'),
('96a22cb3-abbd-4125-b3a8-41bc8272a166', 'Lachmund', 'Ulrich', 'admin@schweiz-augenarzt.ch', '', NULL, 'Zwidellen 2, 5070 Frick, AG'),
('afc7027d-c0ee-4105-b219-230410f53135', 'Lack Gabriel und Gabriela', '(-Haefeli)', 'glack@bluewin.ch', '41796934952', NULL, 'Höhenweg 11, 4460 Gelterkinden, BL'),
('2adcfb28-9a80-44e1-9e4d-8cbcc4256e3c', 'Lack Maya und', 'Werner', 'maya.lack@bluewin.ch', '', NULL, 'Hintere Kreuzweid 7, 6274 Eschenbach LU, LU'),
('c1c640c5-7b74-4eca-8192-c951e2dac1cc', 'Lack Robert und Sonja', '(-Rohr)', 'robert.lack@bluewin.ch', '', NULL, 'Boningerstrasse 3d, 4616 Kappel SO, SO'),
('a977e37a-57a9-43be-a0ca-42032b7ea919', 'Lack', 'Thomas', 'lack@bluewin.ch', '41796604145', NULL, 'Untere Neumattstrasse 1, 4553 Subingen, SO'),
('478c5ca7-6baf-4b7b-94e9-d40306275dd4', 'Lackovic', 'Boris', 'boris.lackovic@bluewin.ch', '41794499111', NULL, 'Grüningerstrasse 6, 8133 Esslingen, ZH'),
('288eddd3-a312-463a-8246-624fbddea1c4', 'Lacomb Jacky und', 'Christine', 'jlacomb@bluewin.ch', '', NULL, 'Poststrasse 8, 9246 Niederbüren, SG'),
('7e2c7136-ebc4-4666-a578-22f63f3e7d0a', 'Laczko', 'Thomas', 't.laczko@gmx.ch', '', NULL, 'Schwalbenstrasse 53, 8623 Wetzikon ZH, ZH'),
('4344bf80-ac53-4f52-975b-af3937fac65e', 'Läderach Anita und', 'Walter', 'walter.laederach@bluewin.ch', '', NULL, 'Juravorstadt 33, 2502 Biel/Bienne, BE'),
('93b69ee9-e8f2-462d-8d42-def15b0bdb19', 'Läderach Mike und Tanja', '(-Feller)', 'tmlaedi@yahoo.com', '41796785156', NULL, 'Schlehdornweg 7, 3613 Steffisburg, BE'),
('27507aa4-72cb-4783-975a-346cca2e7967', 'Läderach', 'Nathalie', 'info@kyneo.ch', '', NULL, 'Segantinistrasse 175, 8049 Zürich, ZH'),
('f7d04aa3-24fa-4dee-ab06-06b8297e4959', 'Ladner Denise', '(-Hutter)', 'kontakt@deniseladner.ch', '41798249928', NULL, 'Plattenstrasse 7, 9444 Diepoldsau, SG'),
('1ead646c-32e0-4be3-a004-7eb90d2e456c', 'Laedrach de Groot', 'Ueli', 'uelilaedrach@bluewin.ch', '', NULL, 'Bitziusstrasse 17, 3006 Bern, BE'),
('d52cad95-77eb-437a-a4c1-cd236a8bf910', 'Laetsch', 'Reto', 'reto.laetsch@hin.ch', '', NULL, 'Fläscherstrasse 21, 7310 Bad Ragaz, SG'),
('09024368-9aa5-4df4-9999-de1945e8b15f', 'Lafferma', 'Patrick', 'patrick@lafferma.ch', '41793417333', NULL, 'Wydmatt 5, 3662 Seftigen, BE'),
('f0286e33-e53a-4699-862b-5a959dfe7804', 'Lafitte Hafner', 'Martine', 'martine.lafitte@bluewin.ch', '', NULL, 'Chemin des Pins 10, 2503 Biel/Bienne, BE'),
('0788f838-4242-417d-bd9d-16316b0cbfcc', 'Lagadec Roger und Claudia', '(-Brandes)', 'r.lagadec@bluewin.ch', '41794012858', NULL, 'Rosenstrasse 12, 8105 Regensdorf, ZH'),
('18362992-c67d-40c2-92f8-b8793976b9a3', 'Lages Azevedo Sonia', 'Adriana', 'soni_azevedo@live.com.pt', '41767327557', NULL, 'Fabrikstrasse 6, 6482 Gurtnellen, UR'),
('8160a7d2-0fd3-4c92-ad5d-020a64c90679', 'Lagger', 'Hans-Peter', 'hlagger@bluewin.ch', '41793276870', NULL, 'Brüelstrasse 6A, 5312 Döttingen, AG'),
('f50d4ff7-c434-4ec1-8e2d-a3367810572c', 'Lah', 'Boris', 'boris.lah@gmx.ch', '', NULL, 'Hirschengraben 33, 6003 Luzern, LU'),
('6a0d0e4b-393d-4713-8fc6-3deb17e36995', 'Lah', 'Eveline', 'info@topsign.ch', '41793345822', NULL, 'Langenhart 52A, 8555 Müllheim Dorf, TG'),
('3daf5d71-ff3c-46c6-994d-ea6dd80e0930', 'Lahner-Stoll Erna und', 'Nikolaus', 'erna.lahner@freesurf.ch', '', NULL, 'Zwirnerstrasse 269, 8041 Zürich, ZH'),
('8fb588ce-8666-4bf0-a818-1cac45b40c0b', 'Lahusen Patrick und Sylvia', '(-Pfenninger)', 'lahusen.palaco@bluewin.ch', '', NULL, 'Eschenweg 1, 8135 Langnau am Albis, ZH'),
('256a61ce-fe7a-4f9a-9d08-7f9da8c7e4ce', 'Laich', 'Brigitta', 'b.laich@bluemail.ch', '41793938191', NULL, 'Rütistrasse 9, 9037 Speicherschwendi, AR'),
('49c2d5cb-1dc4-4f07-8f4a-5f5074c34dd2', 'Laich', 'Georg', 'georg.laich@bluemail.ch', '', NULL, 'Mittelbissauweg 4, 9410 Heiden, AR'),
('5c945f57-3e7c-4f52-958f-0bd4b29fdbc7', 'Laissue', 'Nicolas', 'nicolas.laissue@gmail.com', '41799582227', NULL, 'Lehenmattstrasse 69, 4052 Basel, BS'),
('b6161a89-d631-4e8f-947c-190d4aef131f', 'Lalli Klara', '(-Schelbert)', 'lalli@schwyz.net', '', NULL, 'Bächirainstrasse 23, 6422 Steinen, SZ'),
('d41cf65f-658d-44f3-9b58-4001fb8bfa3c', 'Lamassa', 'Giuseppe', 'lamax55@gmail.com', '', NULL, 'Regensbergstrasse 26, 8050 Zürich, ZH'),
('a91a3a1e-0514-4002-a654-feb99161e3c7', 'Lambelet', 'Claude', 'c.lambelet@hispeed.ch', '', NULL, 'Panoramaweg 6, 5616 Meisterschwanden, AG'),
('2e47ebaf-7726-4704-890c-1cfdaaccf33a', 'Lambelet', 'Helene', 'helene.lambelet@bluewin.ch', '41796030640', NULL, 'Gabismattstrasse 15, 4900 Langenthal, BE'),
('ee478b6d-7b46-4dcd-94cb-964da62ac12f', 'Lambelet', 'Patrick', 'patrick.lambelet3@gmail.com', '41792790160', NULL, 'Hitzlisbergstrasse 22, 6006 Luzern, LU'),
('56fe3387-ca16-4ead-b8ea-e104c6485e09', 'Lambing Megdelawit', '(-Tesfamariam)', 'n.lambing@gmx.net', '', NULL, 'Quellenweg 14, 3252 Worben, BE'),
('ec118441-6d66-4a26-9734-b5a1247c7a33', 'Laminet', 'Marie-Therese', 'praxis@laminet.ch', '', NULL, 'Nidaugasse 28, 2502 Biel/Bienne, BE'),
('ef3d9ea9-36d9-4b50-a462-5eaf9835f61a', 'Lämmle Emil und', 'Margrit', 'elaemmle@bluewin.ch', '41793302487', NULL, 'Fulenbacherstrasse 10, 4623 Neuendorf, SO'),
('9b82f027-d044-4304-8886-283d10808e8d', 'Lämmle', 'Matthias', 'iramatt@gmx.ch', '41796056488', NULL, 'Schönbühl 9, 8505 Pfyn, TG'),
('8b68aee8-a5b8-4d22-8181-d679366c9de5', 'Lämmler', 'Walter', 'wlaemmler@sunrise.ch', '41795821412', NULL, 'Spiegelgasse 12, 8001 Zürich, ZH'),
('3d85a1c9-1911-4ec4-8528-3bf57315bc41', 'Lämmli', 'Bruno', 'b.laemmli@bluewin.ch', '', NULL, 'Lägernweg 5, 5242 Lupfig, AG'),
('a2d40c88-ffcf-4462-85ca-79531f5255ee', 'Lämmli Markus, Manuela, Patrick und', 'Franziska', 'windesign@bluewin.ch', '', NULL, 'Schweizermattenstrasse 1, 4813 Uerkheim, AG'),
('192d74dd-0b01-4713-88ad-9b73b51e7b3c', 'Lamontagne Isabelle und Louis', '(-Müller)', 'loulamon@bluewin.ch', '', NULL, 'Hopfenweg 19, 3600 Thun, BE'),
('9e36d0c4-9ba3-4b95-9f5c-efb0fc820bfe', 'Lamontagne Yves und Helen', '(-Heinrich)', 'helenalam@yahoo.com', '', NULL, 'Chemin des Ages 40, 2533 Evilard, BE'),
('bcf56a92-67d1-4868-9019-9469f5d4a6af', 'Lampart', 'Anita', 'info@schmuck1983.ch', '', NULL, 'Werchlaubengässli 6, 6004 Luzern'),
('9758ac1d-1aed-4a77-b28d-2bf55457c6f7', 'Lampart', 'Johann', 'johann.lampart@bluewin.ch', '', NULL, 'Haldenstrasse 43, 6020 Emmenbrücke, LU'),
('6d43d71c-26a8-4071-834f-1f20865eca25', 'Lampert', 'Christian', 'c-lampert-ag@bluewin.ch', '', NULL, 'Gewerbestrasse 13, 7307 Jenins, GR'),
('d5fcb045-db74-40e3-a4a4-55665f47b43f', 'Lampert Markus und', 'Sonja', 'info@lampert-weine.ch', '', NULL, 'Vorstadtgasse 18, 7304 Maienfeld, GR'),
('9041f456-58f2-4a13-956c-2ca0dccd132a', 'Lampert Paul und', 'Sidonia', 'lampert@swissonline.ch', '', NULL, 'Sunnhaldenstrasse 22d, 8600 Dübendorf, ZH'),
('5e0ea015-2709-47ae-b9a5-0aa9a6b034a4', 'Lamprecht Werner und Hanna', '(-Rüegg)', 'w.lamprecht@bluewin.ch', '41794303120', NULL, 'Lättenstrasse 16, 8308 Illnau, ZH'),
('9a404cd8-0260-4f44-8fe4-841f5c897a2b', 'Lanbacher', 'Josef', 'josef.lanbacher@bluewin.ch', '', NULL, 'Calandastrasse 63, 7000 Chur, GR'),
('84918199-5114-4898-847d-69cd159178c4', 'Lancashire', 'Graham', 'lancashire@swift.ch', '', NULL, 'Bachmattweg 15, 4147 Aesch BL, BL'),
('308a99cc-1c8a-454f-adf8-a18c9cd13a0e', 'Lande', 'Berthold', 'b.lande@bluewin.ch', '', NULL, 'Höfliweg 6, 8055 Zürich, ZH'),
('aa92c154-2292-454d-b894-43d8867f8ca9', 'Landert', 'Beat', 'beat_landert@hotmail.com', '', NULL, 'Juststrasse 26, 8706 Meilen, ZH'),
('51386cdf-fdda-4b67-9773-0af478df2740', 'Landert', 'Lydia', 'info@landert.org', '', NULL, 'Unteres Ziel 34, 9050 Appenzell, AI'),
('43d95203-8d0c-4f82-93d1-a9d53fb5cb9a', 'Landert', 'Verena', 'vlandert@gmx.net', '', NULL, 'Landstrasse 37, 8754 Netstal, GL'),
('46d8f79b-ce97-4d90-9ccb-1aadd23f338b', 'Landheer', 'Gody', 'g.landheer@bluewin.ch', '41796097200', NULL, 'Ringstrasse 4, 8854 Siebnen, SZ'),
('1dfb8f07-78b0-48b5-9435-e299558bcf94', 'Landis', 'Anita', 'arasser@datazug.ch', '', NULL, 'Löberenstrasse 22, 6300 Zug, ZG'),
('347d88af-f7b8-4376-af83-6992c8643b62', 'Landis', 'Barbara', 'barbaral@flandis.com', '', NULL, 'Wanderstrasse 7, 4054 Basel, BS'),
('31977afc-fff5-4209-b8a5-c36842270fbc', 'Landis Beat und Monika', '(-Schneider)', 'beat.landis@swissonline.ch', '', NULL, 'Buecheneggstrasse 12, 8906 Bonstetten, ZH'),
('0079d90a-f954-4aa5-a367-7fd72af2f111', 'Landis Carine, Erkki und Arja', '(-Oesterle)', 'landis-oesterle@bluewin.ch', '', NULL, 'Dammstrasse 35, 8702 Zollikon, ZH');

INSERT INTO leads (id, contact_id, source, status, value, notes) VALUES
('d76bf1cc-c8d3-44b1-94dd-f78643bb773e', '5e995962-c6b0-4b5e-a684-ab7b3c73932b', 'KALTAKQUISE', 'ACTIVE', 0, NULL),
('543e8adf-4ffb-42a3-b31d-6a3de6403e90', '54ada9b7-6001-4aba-a413-1c7fc315e82b', 'KALTAKQUISE', 'ACTIVE', 0, NULL),
('45c63e95-f5b7-4f9c-aa32-a7d5df1d9043', '3a2e0c44-caeb-4634-a13d-de852c26113f', 'KALTAKQUISE', 'ACTIVE', 0, NULL),
('1e306750-e471-42be-b139-8b0033d0f761', '6a58ee81-b0b0-448e-a7db-2c765f6f6cfd', 'KALTAKQUISE', 'ACTIVE', 0, NULL),
('55cc402b-1b4f-4cf4-a57f-41ffa3dcbf3f', 'b682e946-f148-4c97-a391-6dc7414feddb', 'KALTAKQUISE', 'ACTIVE', 0, NULL),
('2df85370-c794-43e5-8849-a5264ac1d700', 'e10a0a14-687c-4b29-9624-e9ded862dd71', 'KALTAKQUISE', 'ACTIVE', 0, NULL),
('e266b8b9-b712-4652-a910-86b0490dde27', '3e97bedb-2e78-4c2b-bd98-12f8c7b7d937', 'KALTAKQUISE', 'ACTIVE', 0, NULL),
('ed42ef9d-c18f-4402-90f3-d20475f55744', '3327b8c0-b5a0-4e87-9c40-31d2f6110c19', 'KALTAKQUISE', 'ACTIVE', 0, NULL),
('faf7ea19-d430-4947-9546-9392e3ba5a74', 'bf2b2724-13f6-4470-98bf-537a8d213b91', 'KALTAKQUISE', 'ACTIVE', 0, NULL),
('9d6728b8-55ba-4e45-bc04-d761355e8f69', '98e6560a-8b22-4c65-8db7-40ea148cf096', 'KALTAKQUISE', 'ACTIVE', 0, NULL),
('3e3226e5-db0c-4ffc-8c21-938976b3b1cb', 'c27b389a-2d86-4f11-8cf4-29f166dd6891', 'KALTAKQUISE', 'ACTIVE', 0, NULL),
('95a726dd-f832-4102-ba90-97edfd3fa38d', 'd42419e1-935f-4212-b720-70097827db8c', 'KALTAKQUISE', 'ACTIVE', 0, NULL),
('95a8b69a-8a2e-4d54-80c9-ecbb2e281f76', 'd9786271-495b-46f8-ba76-511ce6bb2338', 'KALTAKQUISE', 'ACTIVE', 0, NULL),
('8d4c18d8-ebef-4d17-b29f-94f996c2479e', '906af80c-d3b6-419b-9b11-e8ea7511222a', 'KALTAKQUISE', 'ACTIVE', 0, NULL),
('cd196685-9be6-4f4e-9ea4-0be158303c3b', '0eaefc3b-c422-4298-9bf2-084a0d6929df', 'KALTAKQUISE', 'ACTIVE', 0, NULL),
('82eff9a7-bca2-4601-9b11-422f7b33e7d6', 'db7fbc02-a6f6-4c4e-b64c-b31335506555', 'KALTAKQUISE', 'ACTIVE', 0, NULL),
('79929a39-b2f5-44c0-87ab-b9267a090d22', '20d690cd-9bb9-4676-bdf7-c48be77e6e4d', 'KALTAKQUISE', 'ACTIVE', 0, NULL),
('2b21289a-89ff-48f2-9bd4-c77679892824', '92844d9b-bba4-4c3c-acd2-663a30802cd5', 'KALTAKQUISE', 'ACTIVE', 0, NULL),
('ebdcbb96-7fa4-4b56-aacd-4685ed23cef8', '378c151e-0b30-45b6-8a47-e83b83d4e199', 'KALTAKQUISE', 'ACTIVE', 0, NULL),
('cc15ffc1-8880-4236-93c1-79c56b8c8ad3', 'a288f217-9bb0-4542-bf51-ce25b95e2d8c', 'KALTAKQUISE', 'ACTIVE', 0, NULL),
('faad862a-8ebb-4d4e-afc0-db7e50ecdd2b', 'afd08871-b64e-4c57-980c-a6c212fd53f4', 'KALTAKQUISE', 'ACTIVE', 0, NULL),
('d2419af6-55c1-4d44-8967-1c423d84d54b', 'd3ce9860-f7e1-4c60-92ef-f94ac0f2cf91', 'KALTAKQUISE', 'ACTIVE', 0, NULL),
('2b3ec5a1-9dde-46d0-adf2-0a6bc8585f18', 'ee88bc1c-65da-4102-8827-1fe27148e51d', 'KALTAKQUISE', 'ACTIVE', 0, NULL),
('f13f523a-512d-48a1-a7de-d20f60b32682', '3def6b94-3fa0-4437-94a7-8af7fa46907f', 'KALTAKQUISE', 'ACTIVE', 0, NULL),
('04a7289b-b6ed-42ed-aee5-625debc038e2', '8ae86a50-5643-4c19-bf89-fccb1d9fdd18', 'KALTAKQUISE', 'ACTIVE', 0, NULL),
('410bbd1e-6176-49f1-a369-498d352e7a70', '26990939-5bb3-4f38-886f-022f0c461ec2', 'KALTAKQUISE', 'ACTIVE', 0, NULL),
('55947083-5e29-4e5e-b5ba-02bc02c9838c', '3b7a723a-7967-4c06-8a69-ee5b7c9e3899', 'KALTAKQUISE', 'ACTIVE', 0, NULL),
('029ccc93-b9ff-4c5b-9d7d-e681a3a4e6a8', '161e29e5-0230-41cb-8399-a57e31f8b69c', 'KALTAKQUISE', 'ACTIVE', 0, NULL),
('e07b87f4-4541-4840-b468-f3a279ac0f35', 'defe99fd-a308-4322-b37c-e8c773cababf', 'KALTAKQUISE', 'ACTIVE', 0, NULL),
('9fe33042-b11c-4999-b9e5-8e1da5e0ee0f', '073ba666-8a32-47d2-bd7a-64eb25303baf', 'KALTAKQUISE', 'ACTIVE', 0, NULL),
('e1eff2ee-e01e-44ba-8ca4-405b9f7487ad', 'd65d4464-0b05-4639-abba-fd3c309dc81b', 'KALTAKQUISE', 'ACTIVE', 0, NULL),
('b114fee4-fe96-4cb7-8ac8-bfedf1936665', 'c3c35bed-b1d5-48b3-9820-29a7dc92126d', 'KALTAKQUISE', 'ACTIVE', 0, NULL),
('00c74630-81d8-432b-94a1-45346ff5385a', '9614cd77-7829-43b8-8e89-c95d990ddc60', 'KALTAKQUISE', 'ACTIVE', 0, NULL),
('5b8b91c1-576b-45ff-923b-d615b402f01d', '46ac3197-3da2-4ec1-a955-e8ae606e9ce1', 'KALTAKQUISE', 'ACTIVE', 0, NULL),
('34431e85-c38b-4bc2-89ad-2b0943438e8b', '90aa2dc1-8db6-4136-a81b-88b2c3f84210', 'KALTAKQUISE', 'ACTIVE', 0, NULL),
('e2fcce64-37a9-4494-971a-49264a9d4549', '36e962a2-f930-4392-a679-c7426e8d2492', 'KALTAKQUISE', 'ACTIVE', 0, NULL),
('7f6ff247-d41b-4fb7-b743-85edf7e48345', 'b21bee99-0867-4591-ab03-06a8a01e1db4', 'KALTAKQUISE', 'ACTIVE', 0, NULL),
('2ed93e40-de87-4c7b-9584-e0b46b5ec3b9', '3cd439f4-dc30-4f25-b673-ed442956646c', 'KALTAKQUISE', 'ACTIVE', 0, NULL),
('bcc962ff-a332-43e2-bf13-7dcdbebdb8e4', 'a1ab8afd-f3f0-4c41-8f63-043621484c4e', 'KALTAKQUISE', 'ACTIVE', 0, NULL),
('7a2d08d6-d3d6-438a-b679-b7b7c1e227b8', '593bfb1e-bc7a-4ef5-b192-9db2dc55f622', 'KALTAKQUISE', 'ACTIVE', 0, NULL),
('93cea545-249c-437e-9570-757cb967a4f6', '58ccd8fc-2928-43df-baef-ce5a2e918b70', 'KALTAKQUISE', 'ACTIVE', 0, NULL),
('c1a4bbb6-4f30-4d94-b121-4efadf483286', 'c02d9410-bbe7-4d66-87ca-0a201707b624', 'KALTAKQUISE', 'ACTIVE', 0, NULL),
('6fd52147-7d74-44a7-948b-449aaf275bf9', '121395f6-9441-43e9-929d-32e3f1c73fe1', 'KALTAKQUISE', 'ACTIVE', 0, NULL),
('c26a2146-8499-4874-9dbf-7f4d4c16750a', '0638fae7-e692-4e89-b9df-e679bb928e23', 'KALTAKQUISE', 'ACTIVE', 0, NULL),
('a58bde50-c065-49a6-8016-53b9352a7b11', '5ca5fa64-b800-4a64-80bb-70e01bc472c8', 'KALTAKQUISE', 'ACTIVE', 0, NULL),
('532bfd22-d687-476a-96fd-9afe6a51ea83', 'e5ef4f32-6ae8-424d-b24a-e849fd320d1f', 'KALTAKQUISE', 'ACTIVE', 0, NULL),
('ada7033e-f24d-4a25-adf0-519a8500bbe1', '8f9c0b8a-7658-4283-80eb-970a875fbe7a', 'KALTAKQUISE', 'ACTIVE', 0, NULL),
('9feed532-4054-4a2e-8a22-3944c6c7f52c', 'cb95d066-2935-44d7-b6a5-b6898d0dfdfe', 'KALTAKQUISE', 'ACTIVE', 0, NULL),
('7500a2ef-4a92-462d-9ac0-693d36de4cdf', '8f2180e7-50b0-428c-af58-c02868615806', 'KALTAKQUISE', 'ACTIVE', 0, NULL),
('cb7b960f-52e6-4766-b70a-68f10e589e56', 'abcb01d9-8429-4ed8-92f2-8669f8133cec', 'KALTAKQUISE', 'ACTIVE', 0, NULL),
('663c98d0-5cca-4b14-9646-07033b0f3eae', '7d09a5cb-eddd-443a-9ae1-583ddfcc99fe', 'KALTAKQUISE', 'ACTIVE', 0, NULL),
('b1dc0855-1c44-46c6-ad27-067decd6065f', '0a89f21d-4f47-4520-baa5-faf6bbe8e435', 'KALTAKQUISE', 'ACTIVE', 0, NULL),
('006da6b7-0749-42a1-be86-aff41716efee', '63aaa914-ed7f-4826-a4b5-3b7b909e4306', 'KALTAKQUISE', 'ACTIVE', 0, NULL),
('9c938f35-0e2b-4c38-b38a-d45f59c4a1e0', 'df747592-5671-4a1f-8403-1cae83b3890c', 'KALTAKQUISE', 'ACTIVE', 0, NULL),
('200bec81-c5da-4d4b-b204-aff4255e8542', 'ea683d8c-991e-4905-9193-3edb6533d5cd', 'KALTAKQUISE', 'ACTIVE', 0, NULL),
('ee09ed4d-b33b-4fe0-8f58-b84a53f09d52', 'a30c552f-e1ed-4e98-a9c3-e6cfe3cf519f', 'KALTAKQUISE', 'ACTIVE', 0, NULL),
('167cf160-80fc-47dc-b483-832dc786c1d3', '82fd2d82-a90e-4306-9b08-2dccb844d977', 'KALTAKQUISE', 'ACTIVE', 0, NULL),
('382a5b9d-6f79-4555-b2d8-3c7b354cb2fb', 'f5c28d26-3bfd-4e26-be44-a3623561856f', 'KALTAKQUISE', 'ACTIVE', 0, NULL),
('ab8dece8-d4e8-4b22-9057-7621885163cb', '6c37df06-cb02-4c5f-b13d-c5413d63124c', 'KALTAKQUISE', 'ACTIVE', 0, NULL),
('7326b7a2-2666-4c18-89b3-011a90dcf863', '81bb71ba-7f99-4b97-b5be-3087b00d7777', 'KALTAKQUISE', 'ACTIVE', 0, NULL),
('46761e9e-8804-410f-ae5a-aa336e279840', '09af70fc-d152-4f19-8912-bc9137829245', 'KALTAKQUISE', 'ACTIVE', 0, NULL),
('c777aaa5-e310-480c-a274-deae670ef12d', 'b904c572-90e6-4b8a-875c-9b1b879a4216', 'KALTAKQUISE', 'ACTIVE', 0, NULL),
('eb7d2ea1-e8a2-4003-8a70-5eb522e908a7', 'b6634f25-22e6-4e4b-b06e-7f3515595d7c', 'KALTAKQUISE', 'ACTIVE', 0, NULL),
('49d63c8e-2d80-49ee-9abd-94aa29c9cbf7', '36a82457-3e45-4ce5-915f-ecc8033c15af', 'KALTAKQUISE', 'ACTIVE', 0, NULL),
('8c641dbb-a680-439b-910b-734f6c93cf31', 'f3422b3f-0691-43f3-825a-e43338fbc037', 'KALTAKQUISE', 'ACTIVE', 0, NULL),
('9bdc2c94-3a75-4be7-ba79-cf949deffbe2', 'd440fb50-6815-407e-b635-9fa3de4ed4a4', 'KALTAKQUISE', 'ACTIVE', 0, NULL),
('620b250b-b7e7-4f83-9953-e2bf5b7af0be', 'b85d046a-575f-40d3-8227-e4698ea900d0', 'KALTAKQUISE', 'ACTIVE', 0, NULL),
('139857e3-f57f-4aef-816b-9a70f722bc9c', 'e474d0df-c43c-4115-ae08-f71ae826c43f', 'KALTAKQUISE', 'ACTIVE', 0, NULL),
('678df7ed-e921-4028-afae-9c92a2c2a028', 'a99ca8f5-4a8a-45c5-8c51-dec514db53b8', 'KALTAKQUISE', 'ACTIVE', 0, NULL),
('06ca129d-c125-45f1-a690-b6c63f736743', 'b6e47320-8714-4379-a01e-bd00f0af934f', 'KALTAKQUISE', 'ACTIVE', 0, NULL),
('8ba828c1-68be-4aaa-8468-3db670756045', 'b3f96816-cdfc-4df4-a844-d04b7bb19eb9', 'KALTAKQUISE', 'ACTIVE', 0, NULL),
('726f98a6-d385-4a24-8564-068017d69cdf', '412c1c59-f2cb-4ea9-9194-ca6d541a6c03', 'KALTAKQUISE', 'ACTIVE', 0, NULL),
('612f8979-9e92-4b92-bc47-4b57d454f76e', 'fdc22d34-d639-4aa2-9ed7-c9f77a10eddc', 'KALTAKQUISE', 'ACTIVE', 0, NULL),
('dfbf9d77-2566-46f0-b4f9-828c45efebe2', '0978d16c-3733-48ed-8663-161f3a29e51c', 'KALTAKQUISE', 'ACTIVE', 0, NULL),
('cfdd617c-149b-41a0-858b-5347804ceda3', '3e0f1f85-116c-420c-8cb4-6849dcbb645a', 'KALTAKQUISE', 'ACTIVE', 0, NULL),
('42de9ed6-6659-4603-8932-881a8cdd983b', '6e177db8-61c8-427c-ba9f-4a273168d050', 'KALTAKQUISE', 'ACTIVE', 0, NULL),
('5e667854-5d52-4a9b-a38c-54d63d7f7ea6', 'a539db0c-333a-4dcf-b337-99c48c21ff90', 'KALTAKQUISE', 'ACTIVE', 0, NULL),
('fc6d8203-4936-4e6c-8e31-560934a3e298', '38161c0f-d1f7-4b15-8e6d-e5e110a98872', 'KALTAKQUISE', 'ACTIVE', 0, NULL),
('4d3ca5bf-aad6-42b2-8671-fad78613a95f', 'c968f112-9671-4bc4-a107-cab75d3a97ae', 'KALTAKQUISE', 'ACTIVE', 0, NULL),
('40cd94e7-6a0a-4057-8758-9819e5b42bf1', 'f604b437-ff0a-481c-bdde-e1fcd2e4e1d7', 'KALTAKQUISE', 'ACTIVE', 0, NULL),
('d7427178-9afe-4a57-ad83-ae5d74cab20c', 'd2f94111-8c70-4a28-8a29-a3059b8adcc4', 'KALTAKQUISE', 'ACTIVE', 0, NULL),
('9b92e4a3-9c73-43fe-9e68-593f9df3fa66', '52a659fc-230a-4fdd-a240-2eddaaac78b0', 'KALTAKQUISE', 'ACTIVE', 0, NULL),
('6b964c38-40ad-4445-9f97-4f1cf09add4d', 'f105c986-acd4-4bd5-ac40-2e5a972e31ea', 'KALTAKQUISE', 'ACTIVE', 0, NULL),
('69f22cdb-50f5-47d6-9906-f540ff0a260b', 'b13e0f97-620e-49aa-8663-74e64d48380b', 'KALTAKQUISE', 'ACTIVE', 0, NULL),
('3a67611b-dfed-48dc-93a2-2b4198bbf43f', 'dbca12a3-7269-47c9-8eea-2a9b99804a5e', 'KALTAKQUISE', 'ACTIVE', 0, NULL),
('37606eb2-4fa6-4804-90c9-bc0ad778c357', 'f7db5035-e153-4645-aeb8-98b2e904dff8', 'KALTAKQUISE', 'ACTIVE', 0, NULL),
('8e915469-f843-4a90-8200-1fc9db00334e', '22e63c3f-414d-423d-b3f9-5798de34a528', 'KALTAKQUISE', 'ACTIVE', 0, NULL),
('b7a757a1-4c1e-429f-8836-dedbb6321892', 'e62e738a-efaa-4ba6-9a51-8b22cb13a470', 'KALTAKQUISE', 'ACTIVE', 0, NULL),
('a6e0cae4-5cc1-4845-9490-c0a93c4755b8', '42b902d2-698f-4e04-8886-4e2778f25878', 'KALTAKQUISE', 'ACTIVE', 0, NULL),
('7864cb5b-f283-4113-9b43-601a688c6462', '25d9d0ab-e44b-40e5-ba24-38d893330aa6', 'KALTAKQUISE', 'ACTIVE', 0, NULL),
('a6e8d9ff-636a-427b-b3f2-c5d2f404c673', '84e94d07-9387-4c4d-b659-a0958fb851c6', 'KALTAKQUISE', 'ACTIVE', 0, NULL),
('8be86bde-394f-4119-9543-d73ca7169b73', '06737111-aa1d-4cfb-b37a-3ea1d62bd527', 'KALTAKQUISE', 'ACTIVE', 0, NULL),
('3e163875-0830-448c-964d-22f6e6b381aa', '98f812b3-c723-4f17-9076-dd6d623f6430', 'KALTAKQUISE', 'ACTIVE', 0, NULL),
('1408011c-ebcf-44b2-8d54-dddb8582224a', '52ec2224-bc39-4a62-b809-316b7fec68fd', 'KALTAKQUISE', 'ACTIVE', 0, NULL),
('a80c3128-217b-4fe7-9d33-58ade01af23d', '426f36d5-6095-4361-a11a-a7f996802823', 'KALTAKQUISE', 'ACTIVE', 0, NULL),
('70bc5e24-a9e7-4b9f-9bab-d47265115bd1', '23d15732-4c0a-4836-9a91-4780b109ee94', 'KALTAKQUISE', 'ACTIVE', 0, NULL),
('474e6150-fd30-43d4-a083-c943a99bb96e', '44e10934-5d25-4c89-a25e-5491c518ccfd', 'KALTAKQUISE', 'ACTIVE', 0, NULL),
('a9fe30ae-e3f6-44c0-bbc6-a2baaf6579b4', '4100d5ac-c2d9-4da0-9066-22594f0378a2', 'KALTAKQUISE', 'ACTIVE', 0, NULL),
('845032c0-ac9b-47e2-87c1-a9bd57be63e8', '2e00554f-f51b-4003-98a4-54ec9264a7bb', 'KALTAKQUISE', 'ACTIVE', 0, NULL),
('424b241b-c19f-4207-a7c7-f81a7f3644c6', '42261176-c710-401d-8300-c1eadba2305b', 'KALTAKQUISE', 'ACTIVE', 0, NULL),
('2aa08b50-569d-4045-9737-cc64780334a1', '799252a9-f8f8-4690-8fd5-0932302169b9', 'KALTAKQUISE', 'ACTIVE', 0, NULL),
('737e2694-6dc6-45fa-95a4-33502e7ccb67', '02bec46d-c3d1-40ed-bea2-94a3db87426f', 'KALTAKQUISE', 'ACTIVE', 0, NULL),
('d9d07ef1-0ae8-4595-bc0b-ef4ee203668b', '20d2659e-1cd1-4e5d-bb37-659b3d08a0ae', 'KALTAKQUISE', 'ACTIVE', 0, NULL),
('3e50cacd-71dd-4e0d-a6b0-1ba3d9e7aacd', 'ec75bcca-1487-4514-801d-034de6b02c4a', 'KALTAKQUISE', 'ACTIVE', 0, NULL),
('58a718cc-1d2d-4897-b690-28746fa8e30f', '996bd023-1b3b-45b4-aa1d-9c80ca761208', 'KALTAKQUISE', 'ACTIVE', 0, NULL),
('84d85e5c-471a-4db2-9af0-1807fa8b932e', '32f6e3a2-5eac-4ab1-942e-7f3954aec0ef', 'KALTAKQUISE', 'ACTIVE', 0, NULL),
('d1f71c11-948d-4647-9191-27079898d7bb', '1f93022a-a06c-4429-bcf1-ae29d06d0a4e', 'KALTAKQUISE', 'ACTIVE', 0, NULL),
('a98776a7-7557-4bd6-b3d0-7fc0dbb4ec7c', 'c198e680-f135-44c9-973f-2a9a7b763f17', 'KALTAKQUISE', 'ACTIVE', 0, NULL),
('7b68ea88-3848-413b-953a-a02fc8634fb2', '905afd2e-b9b1-4792-95e8-c3cfedf2a0e7', 'KALTAKQUISE', 'ACTIVE', 0, NULL),
('120e6d4e-0ad0-4962-af7a-949d18620ef6', 'dad9f833-5731-4153-811b-83b587fb5c40', 'KALTAKQUISE', 'ACTIVE', 0, NULL),
('e780bd94-1ec9-4f91-9f42-95f80d81642b', 'e289b682-8e82-4eec-8e3c-ab1c86d9b799', 'KALTAKQUISE', 'ACTIVE', 0, NULL),
('b80d2e7f-afd8-4f3f-a406-907f11da7d0b', '0c599d74-c8c2-42d7-be91-86b54d29c7f3', 'KALTAKQUISE', 'ACTIVE', 0, NULL),
('603f6e9f-3775-41df-b236-aac687645936', '7a73ad05-dd36-49e3-bc21-78158f93988d', 'KALTAKQUISE', 'ACTIVE', 0, NULL),
('ed5f37f7-9e6b-47de-9a1d-1163ad6bab8b', '8dacafc9-26dc-490f-9753-74b57f545caa', 'KALTAKQUISE', 'ACTIVE', 0, NULL),
('3a7b801d-73e9-46d4-92c6-31933f0fb4e7', '121ab7bb-5761-45ae-936d-9ad3626811da', 'KALTAKQUISE', 'ACTIVE', 0, NULL),
('9fca9b73-d488-4872-ba2a-66437aa2b02d', 'c43b763c-3cd7-4d1a-a268-e295ad77b853', 'KALTAKQUISE', 'ACTIVE', 0, NULL),
('a3edf264-e565-4959-92f2-acff2b0640c7', 'e7d4df33-b527-497c-8646-3b4969b99ec2', 'KALTAKQUISE', 'ACTIVE', 0, NULL),
('3663fdf9-f45d-47fe-a988-681e6a3a8673', '53fbf28b-a460-44d6-a984-57f0f31189a8', 'KALTAKQUISE', 'ACTIVE', 0, NULL),
('a2a49120-2424-4207-86fb-63a11e6094d7', '597a50dd-dfb2-45c1-ab18-608f620369fe', 'KALTAKQUISE', 'ACTIVE', 0, NULL),
('dc3362d5-7d50-4e1a-879b-bce2fe52e94f', '1351d94d-9c34-400d-b48e-578bc5cc11be', 'KALTAKQUISE', 'ACTIVE', 0, NULL),
('4fbf6d9f-5012-4128-b78f-793ceaff77fe', '49f5d289-450a-4406-8779-f650509a873d', 'KALTAKQUISE', 'ACTIVE', 0, NULL),
('1b3ad79d-c32a-4e26-9018-25b44e3eda49', 'aafa2cca-8414-4aad-ad28-8c604f7347ba', 'KALTAKQUISE', 'ACTIVE', 0, NULL),
('653c3d14-e694-443f-bfb7-e65e0bd64f73', '406e1bab-61f9-455d-a9a5-2ad56ad5a9f9', 'KALTAKQUISE', 'ACTIVE', 0, NULL),
('1e26e15e-ee98-4cde-853d-5ccc7b136187', 'b9448793-2ed3-4dfc-9015-bbd1efdce502', 'KALTAKQUISE', 'ACTIVE', 0, NULL),
('6ddc41d3-5fd0-4fad-9f1d-f31953edc805', '1479a62d-7a05-4d7e-8e33-5290efd3431d', 'KALTAKQUISE', 'ACTIVE', 0, NULL),
('ba5ca598-550b-42a1-8851-7ca1dd26fc77', '25c5cd93-a7bb-430c-ab87-149eb9352622', 'KALTAKQUISE', 'ACTIVE', 0, NULL),
('faf92296-2e7e-4a6f-9fc2-e77770602248', '1055813f-058b-4c60-b597-343b75f2441c', 'KALTAKQUISE', 'ACTIVE', 0, NULL),
('b766b6b4-02ff-40e8-811c-c94e61f69ddf', 'bf71cdde-f1fd-47ee-815e-015a239f0049', 'KALTAKQUISE', 'ACTIVE', 0, NULL),
('be5fe3db-5551-42e7-a4fa-85effabd9c55', '6cacedc5-1e45-45ff-ba45-eb78b6bf51f2', 'KALTAKQUISE', 'ACTIVE', 0, NULL),
('6b813e9d-b133-42e2-87f0-f22094fbf97b', 'a4202180-4f13-4c48-afe4-c2a458582de2', 'KALTAKQUISE', 'ACTIVE', 0, NULL),
('24f39901-fc40-4a5f-bcb8-9b5a415ca605', '555f2a9d-5d42-4113-9379-26bc87574596', 'KALTAKQUISE', 'ACTIVE', 0, NULL),
('beae0a6c-13f7-4765-9eed-8c3dfae3bf88', 'abc00f5b-3629-42fe-a11b-90c7402a6476', 'KALTAKQUISE', 'ACTIVE', 0, NULL),
('18b41600-72ef-4b18-91d4-54b23e025566', 'd061c44e-1c8f-4987-a98b-dc1105495697', 'KALTAKQUISE', 'ACTIVE', 0, NULL),
('0e7cf1d4-7cd9-40ce-a7f9-a59310178488', '226dc7ed-4377-4dff-9fb9-c64d1456c57c', 'KALTAKQUISE', 'ACTIVE', 0, NULL),
('f87606b3-1d87-4992-a289-d1867ff19624', '77381d5d-8483-4b51-a6bb-da6833507623', 'KALTAKQUISE', 'ACTIVE', 0, NULL),
('f0a45304-3b35-4ffd-96b9-24a9db632fc1', '2762cfb6-0e27-451d-a50c-8b2b579c6da1', 'KALTAKQUISE', 'ACTIVE', 0, NULL),
('f1c68694-cf74-4fba-b60b-b23645123322', '5919e85e-cbfb-496b-894e-317956683fe2', 'KALTAKQUISE', 'ACTIVE', 0, NULL),
('24fbf3e2-61e9-4dc5-832c-979c0f07647a', '83087e6d-4341-44f6-8613-bc0a79c87601', 'KALTAKQUISE', 'ACTIVE', 0, NULL),
('b4f8d7b3-562f-41e0-93b7-121c8d7c64c7', '31366e5a-cac7-440b-9803-eec8f00c72b3', 'KALTAKQUISE', 'ACTIVE', 0, NULL),
('5fe9af8f-e633-40b8-829e-b585f762ad4a', 'cb8ca587-c067-48c6-86a5-909c2e4796c0', 'KALTAKQUISE', 'ACTIVE', 0, NULL),
('4b547baa-0bb7-45f8-b4da-2756ffac6898', 'd0ff8e08-66aa-43b3-9bd2-72b345cfdb2a', 'KALTAKQUISE', 'ACTIVE', 0, NULL),
('d637307d-bf5d-4bb1-84ab-52269053b820', '354ad4b3-54f9-469f-b9a6-9e8f332082db', 'KALTAKQUISE', 'ACTIVE', 0, NULL),
('b8445a78-e2ef-4886-a67e-9f5614510c88', '25d8afac-bf72-4cfd-8d77-96e948fdcf99', 'KALTAKQUISE', 'ACTIVE', 0, NULL),
('9c954df2-fcfb-4a52-9f45-5bdbf87e47fa', '96a22cb3-abbd-4125-b3a8-41bc8272a166', 'KALTAKQUISE', 'ACTIVE', 0, NULL),
('167b61ba-108a-473b-864a-4c2452f820d0', 'afc7027d-c0ee-4105-b219-230410f53135', 'KALTAKQUISE', 'ACTIVE', 0, NULL),
('4f446b88-93a0-4793-a97f-a5e6d329547f', '2adcfb28-9a80-44e1-9e4d-8cbcc4256e3c', 'KALTAKQUISE', 'ACTIVE', 0, NULL),
('57498bcc-073c-48b8-a679-9ab05028e98a', 'c1c640c5-7b74-4eca-8192-c951e2dac1cc', 'KALTAKQUISE', 'ACTIVE', 0, NULL),
('d2afe563-00de-4a90-9702-37a197d1b6ed', 'a977e37a-57a9-43be-a0ca-42032b7ea919', 'KALTAKQUISE', 'ACTIVE', 0, NULL),
('c03fcc23-4e10-44b9-b8f7-7bfadce4e3db', '478c5ca7-6baf-4b7b-94e9-d40306275dd4', 'KALTAKQUISE', 'ACTIVE', 0, NULL),
('fc2ce110-43d6-4106-aba5-22ba5c4e9ba6', '288eddd3-a312-463a-8246-624fbddea1c4', 'KALTAKQUISE', 'ACTIVE', 0, NULL),
('07fad463-477b-46cc-a771-892691adb293', '7e2c7136-ebc4-4666-a578-22f63f3e7d0a', 'KALTAKQUISE', 'ACTIVE', 0, NULL),
('a2e6ba0f-8d4d-4234-9a43-4c9667ea732a', '4344bf80-ac53-4f52-975b-af3937fac65e', 'KALTAKQUISE', 'ACTIVE', 0, NULL),
('c9ef5e6d-f402-4c21-8fe7-5e38c8b229d4', '93b69ee9-e8f2-462d-8d42-def15b0bdb19', 'KALTAKQUISE', 'ACTIVE', 0, NULL),
('0c430a7c-ec79-475f-bb88-860352def037', '27507aa4-72cb-4783-975a-346cca2e7967', 'KALTAKQUISE', 'ACTIVE', 0, NULL),
('2b00c471-75e2-4f80-897c-b9dc5c01c5c1', 'f7d04aa3-24fa-4dee-ab06-06b8297e4959', 'KALTAKQUISE', 'ACTIVE', 0, NULL),
('62f6ce56-dede-41a1-8246-a064ee69832e', '1ead646c-32e0-4be3-a004-7eb90d2e456c', 'KALTAKQUISE', 'ACTIVE', 0, NULL),
('bbe801e7-b80f-45f7-baf1-ce473f32a90b', 'd52cad95-77eb-437a-a4c1-cd236a8bf910', 'KALTAKQUISE', 'ACTIVE', 0, NULL),
('647e3ac2-5f69-4340-b008-39e7d44f07bf', '09024368-9aa5-4df4-9999-de1945e8b15f', 'KALTAKQUISE', 'ACTIVE', 0, NULL),
('1fd144b8-87ce-453d-883f-bcda258e6685', 'f0286e33-e53a-4699-862b-5a959dfe7804', 'KALTAKQUISE', 'ACTIVE', 0, NULL),
('f6c78e50-99c2-4dfb-898b-afe71dc76755', '0788f838-4242-417d-bd9d-16316b0cbfcc', 'KALTAKQUISE', 'ACTIVE', 0, NULL),
('5650ec6c-28e2-4bf8-8a4c-62790ca85217', '18362992-c67d-40c2-92f8-b8793976b9a3', 'KALTAKQUISE', 'ACTIVE', 0, NULL),
('87a2f3a8-78df-40f1-a3bc-6fac8a897cac', '8160a7d2-0fd3-4c92-ad5d-020a64c90679', 'KALTAKQUISE', 'ACTIVE', 0, NULL),
('f7ff0fcb-3d12-479f-905b-80ee2d0a6704', 'f50d4ff7-c434-4ec1-8e2d-a3367810572c', 'KALTAKQUISE', 'ACTIVE', 0, NULL),
('bc5d8362-4f88-496c-b34a-2a5297d597fa', '6a0d0e4b-393d-4713-8fc6-3deb17e36995', 'KALTAKQUISE', 'ACTIVE', 0, NULL),
('21b9b041-3d0a-4e62-a2cd-20612282d33b', '3daf5d71-ff3c-46c6-994d-ea6dd80e0930', 'KALTAKQUISE', 'ACTIVE', 0, NULL),
('50f843d5-c04f-4d98-829d-77f85bf3dde2', '8fb588ce-8666-4bf0-a818-1cac45b40c0b', 'KALTAKQUISE', 'ACTIVE', 0, NULL),
('fa17437f-d77d-4aae-9788-6666fc85545a', '256a61ce-fe7a-4f9a-9d08-7f9da8c7e4ce', 'KALTAKQUISE', 'ACTIVE', 0, NULL),
('6edd9366-5447-41ba-9164-e3ad88d71d5a', '49c2d5cb-1dc4-4f07-8f4a-5f5074c34dd2', 'KALTAKQUISE', 'ACTIVE', 0, NULL),
('8bcadf4e-136d-4d71-8699-141bdcfe6d91', '5c945f57-3e7c-4f52-958f-0bd4b29fdbc7', 'KALTAKQUISE', 'ACTIVE', 0, NULL),
('45416fc2-c8cf-4341-acf2-75843cd29099', 'b6161a89-d631-4e8f-947c-190d4aef131f', 'KALTAKQUISE', 'ACTIVE', 0, NULL),
('9e48bfc7-b155-4396-98c2-da2e8720b686', 'd41cf65f-658d-44f3-9b58-4001fb8bfa3c', 'KALTAKQUISE', 'ACTIVE', 0, NULL),
('5376f0dd-bfb9-4a9a-aeea-18e2937e1d87', 'a91a3a1e-0514-4002-a654-feb99161e3c7', 'KALTAKQUISE', 'ACTIVE', 0, NULL),
('2b68776a-1497-4df3-8c61-0035016c0c09', '2e47ebaf-7726-4704-890c-1cfdaaccf33a', 'KALTAKQUISE', 'ACTIVE', 0, NULL),
('8effc4aa-abc4-4eff-8604-a741712be2d1', 'ee478b6d-7b46-4dcd-94cb-964da62ac12f', 'KALTAKQUISE', 'ACTIVE', 0, NULL),
('b15a6798-cf5a-486b-ac4d-6ab886c491a9', '56fe3387-ca16-4ead-b8ea-e104c6485e09', 'KALTAKQUISE', 'ACTIVE', 0, NULL),
('471b6cec-4fc5-492f-830f-d2c5012e2da5', 'ec118441-6d66-4a26-9734-b5a1247c7a33', 'KALTAKQUISE', 'ACTIVE', 0, NULL),
('69c615a1-116f-42dc-9442-4a1cba65f404', 'ef3d9ea9-36d9-4b50-a462-5eaf9835f61a', 'KALTAKQUISE', 'ACTIVE', 0, NULL),
('84115716-ff9f-497e-a037-115ea9f34926', '9b82f027-d044-4304-8886-283d10808e8d', 'KALTAKQUISE', 'ACTIVE', 0, NULL),
('042a44d9-c72f-4b87-b63d-d4c7698e4c6a', '8b68aee8-a5b8-4d22-8181-d679366c9de5', 'KALTAKQUISE', 'ACTIVE', 0, NULL),
('eb26a3cc-2b9f-488d-846a-cad649818247', '3d85a1c9-1911-4ec4-8528-3bf57315bc41', 'KALTAKQUISE', 'ACTIVE', 0, NULL),
('ec78f7e4-d643-4506-931e-83077f5a5b4d', 'a2d40c88-ffcf-4462-85ca-79531f5255ee', 'KALTAKQUISE', 'ACTIVE', 0, NULL),
('43b7a2da-9ed9-461b-83d7-6b173818cfb2', '192d74dd-0b01-4713-88ad-9b73b51e7b3c', 'KALTAKQUISE', 'ACTIVE', 0, NULL),
('6a08e3f2-4862-4538-948c-06fc8c7f99a4', '9e36d0c4-9ba3-4b95-9f5c-efb0fc820bfe', 'KALTAKQUISE', 'ACTIVE', 0, NULL),
('830baa69-30a5-40c5-abdb-5fdbff866ff9', 'bcf56a92-67d1-4868-9019-9469f5d4a6af', 'KALTAKQUISE', 'ACTIVE', 0, NULL),
('6ef09d87-c661-425b-be22-28f8adfa8268', '9758ac1d-1aed-4a77-b28d-2bf55457c6f7', 'KALTAKQUISE', 'ACTIVE', 0, NULL),
('15232861-1a77-40e3-bac1-e5c05223aa61', '6d43d71c-26a8-4071-834f-1f20865eca25', 'KALTAKQUISE', 'ACTIVE', 0, NULL),
('0820674d-9469-41b5-9d5d-cf1e4bea0c6f', 'd5fcb045-db74-40e3-a4a4-55665f47b43f', 'KALTAKQUISE', 'ACTIVE', 0, NULL),
('a7bc6814-28b9-4226-8d3b-31c1e972579a', '9041f456-58f2-4a13-956c-2ca0dccd132a', 'KALTAKQUISE', 'ACTIVE', 0, NULL),
('5a882c37-c6fd-444c-ad1b-682cf4ad36d5', '5e0ea015-2709-47ae-b9a5-0aa9a6b034a4', 'KALTAKQUISE', 'ACTIVE', 0, NULL),
('7d87f09b-a62c-442a-8490-4855976e5aaf', '9a404cd8-0260-4f44-8fe4-841f5c897a2b', 'KALTAKQUISE', 'ACTIVE', 0, NULL),
('0a21be13-c233-4c75-ba5a-71be4fb7a341', '84918199-5114-4898-847d-69cd159178c4', 'KALTAKQUISE', 'ACTIVE', 0, NULL),
('57285ae6-5e05-4c65-8d1e-8510615f1a70', '308a99cc-1c8a-454f-adf8-a18c9cd13a0e', 'KALTAKQUISE', 'ACTIVE', 0, NULL),
('7aeb1570-80f9-4d4f-882e-b0abb9dcfc96', 'aa92c154-2292-454d-b894-43d8867f8ca9', 'KALTAKQUISE', 'ACTIVE', 0, NULL),
('f691750a-4d57-4a5e-bdb6-b1543a7d46b9', '51386cdf-fdda-4b67-9773-0af478df2740', 'KALTAKQUISE', 'ACTIVE', 0, NULL),
('2970d3da-a244-4246-b979-4cf34d4019fa', '43d95203-8d0c-4f82-93d1-a9d53fb5cb9a', 'KALTAKQUISE', 'ACTIVE', 0, NULL),
('079b18ce-6ac2-466d-8726-2575c3f24897', '46d8f79b-ce97-4d90-9ccb-1aadd23f338b', 'KALTAKQUISE', 'ACTIVE', 0, NULL),
('8ce72785-4438-46d5-be17-e92e4250d7ce', '1dfb8f07-78b0-48b5-9435-e299558bcf94', 'KALTAKQUISE', 'ACTIVE', 0, NULL),
('4d60c267-a706-4f60-b240-7c77a8e948b6', '347d88af-f7b8-4376-af83-6992c8643b62', 'KALTAKQUISE', 'ACTIVE', 0, NULL),
('b2642887-5845-4feb-9a29-fc2c60252a90', '31977afc-fff5-4209-b8a5-c36842270fbc', 'KALTAKQUISE', 'ACTIVE', 0, NULL),
('1180a048-73b3-4669-968a-bebce8b26922', '0079d90a-f954-4aa5-a367-7fd72af2f111', 'KALTAKQUISE', 'ACTIVE', 0, NULL);

INSERT INTO lead_tags (lead_id, tag_id) VALUES
('d76bf1cc-c8d3-44b1-94dd-f78643bb773e', 'ka-b2c'),
('543e8adf-4ffb-42a3-b31d-6a3de6403e90', 'ka-b2c'),
('45c63e95-f5b7-4f9c-aa32-a7d5df1d9043', 'ka-b2c'),
('1e306750-e471-42be-b139-8b0033d0f761', 'ka-b2c'),
('55cc402b-1b4f-4cf4-a57f-41ffa3dcbf3f', 'ka-b2c'),
('2df85370-c794-43e5-8849-a5264ac1d700', 'ka-b2c'),
('e266b8b9-b712-4652-a910-86b0490dde27', 'ka-b2c'),
('ed42ef9d-c18f-4402-90f3-d20475f55744', 'ka-b2c'),
('faf7ea19-d430-4947-9546-9392e3ba5a74', 'ka-b2c'),
('9d6728b8-55ba-4e45-bc04-d761355e8f69', 'ka-b2c'),
('3e3226e5-db0c-4ffc-8c21-938976b3b1cb', 'ka-b2c'),
('95a726dd-f832-4102-ba90-97edfd3fa38d', 'ka-b2c'),
('95a8b69a-8a2e-4d54-80c9-ecbb2e281f76', 'ka-b2c'),
('8d4c18d8-ebef-4d17-b29f-94f996c2479e', 'ka-b2c'),
('cd196685-9be6-4f4e-9ea4-0be158303c3b', 'ka-b2c'),
('82eff9a7-bca2-4601-9b11-422f7b33e7d6', 'ka-b2c'),
('79929a39-b2f5-44c0-87ab-b9267a090d22', 'ka-b2c'),
('2b21289a-89ff-48f2-9bd4-c77679892824', 'ka-b2c'),
('ebdcbb96-7fa4-4b56-aacd-4685ed23cef8', 'ka-b2c'),
('cc15ffc1-8880-4236-93c1-79c56b8c8ad3', 'ka-b2c'),
('faad862a-8ebb-4d4e-afc0-db7e50ecdd2b', 'ka-b2c'),
('d2419af6-55c1-4d44-8967-1c423d84d54b', 'ka-b2c'),
('2b3ec5a1-9dde-46d0-adf2-0a6bc8585f18', 'ka-b2c'),
('f13f523a-512d-48a1-a7de-d20f60b32682', 'ka-b2c'),
('04a7289b-b6ed-42ed-aee5-625debc038e2', 'ka-b2c'),
('410bbd1e-6176-49f1-a369-498d352e7a70', 'ka-b2c'),
('55947083-5e29-4e5e-b5ba-02bc02c9838c', 'ka-b2c'),
('029ccc93-b9ff-4c5b-9d7d-e681a3a4e6a8', 'ka-b2c'),
('e07b87f4-4541-4840-b468-f3a279ac0f35', 'ka-b2c'),
('9fe33042-b11c-4999-b9e5-8e1da5e0ee0f', 'ka-b2c'),
('e1eff2ee-e01e-44ba-8ca4-405b9f7487ad', 'ka-b2c'),
('b114fee4-fe96-4cb7-8ac8-bfedf1936665', 'ka-b2c'),
('00c74630-81d8-432b-94a1-45346ff5385a', 'ka-b2c'),
('5b8b91c1-576b-45ff-923b-d615b402f01d', 'ka-b2c'),
('34431e85-c38b-4bc2-89ad-2b0943438e8b', 'ka-b2c'),
('e2fcce64-37a9-4494-971a-49264a9d4549', 'ka-b2c'),
('7f6ff247-d41b-4fb7-b743-85edf7e48345', 'ka-b2c'),
('2ed93e40-de87-4c7b-9584-e0b46b5ec3b9', 'ka-b2c'),
('bcc962ff-a332-43e2-bf13-7dcdbebdb8e4', 'ka-b2c'),
('7a2d08d6-d3d6-438a-b679-b7b7c1e227b8', 'ka-b2c'),
('93cea545-249c-437e-9570-757cb967a4f6', 'ka-b2c'),
('c1a4bbb6-4f30-4d94-b121-4efadf483286', 'ka-b2c'),
('6fd52147-7d74-44a7-948b-449aaf275bf9', 'ka-b2c'),
('c26a2146-8499-4874-9dbf-7f4d4c16750a', 'ka-b2c'),
('a58bde50-c065-49a6-8016-53b9352a7b11', 'ka-b2c'),
('532bfd22-d687-476a-96fd-9afe6a51ea83', 'ka-b2c'),
('ada7033e-f24d-4a25-adf0-519a8500bbe1', 'ka-b2c'),
('9feed532-4054-4a2e-8a22-3944c6c7f52c', 'ka-b2c'),
('7500a2ef-4a92-462d-9ac0-693d36de4cdf', 'ka-b2c'),
('cb7b960f-52e6-4766-b70a-68f10e589e56', 'ka-b2c'),
('663c98d0-5cca-4b14-9646-07033b0f3eae', 'ka-b2c'),
('b1dc0855-1c44-46c6-ad27-067decd6065f', 'ka-b2c'),
('006da6b7-0749-42a1-be86-aff41716efee', 'ka-b2c'),
('9c938f35-0e2b-4c38-b38a-d45f59c4a1e0', 'ka-b2c'),
('200bec81-c5da-4d4b-b204-aff4255e8542', 'ka-b2c'),
('ee09ed4d-b33b-4fe0-8f58-b84a53f09d52', 'ka-b2c'),
('167cf160-80fc-47dc-b483-832dc786c1d3', 'ka-b2c'),
('382a5b9d-6f79-4555-b2d8-3c7b354cb2fb', 'ka-b2c'),
('ab8dece8-d4e8-4b22-9057-7621885163cb', 'ka-b2c'),
('7326b7a2-2666-4c18-89b3-011a90dcf863', 'ka-b2c'),
('46761e9e-8804-410f-ae5a-aa336e279840', 'ka-b2c'),
('c777aaa5-e310-480c-a274-deae670ef12d', 'ka-b2c'),
('eb7d2ea1-e8a2-4003-8a70-5eb522e908a7', 'ka-b2c'),
('49d63c8e-2d80-49ee-9abd-94aa29c9cbf7', 'ka-b2c'),
('8c641dbb-a680-439b-910b-734f6c93cf31', 'ka-b2c'),
('9bdc2c94-3a75-4be7-ba79-cf949deffbe2', 'ka-b2c'),
('620b250b-b7e7-4f83-9953-e2bf5b7af0be', 'ka-b2c'),
('139857e3-f57f-4aef-816b-9a70f722bc9c', 'ka-b2c'),
('678df7ed-e921-4028-afae-9c92a2c2a028', 'ka-b2c'),
('06ca129d-c125-45f1-a690-b6c63f736743', 'ka-b2c'),
('8ba828c1-68be-4aaa-8468-3db670756045', 'ka-b2c'),
('726f98a6-d385-4a24-8564-068017d69cdf', 'ka-b2c'),
('612f8979-9e92-4b92-bc47-4b57d454f76e', 'ka-b2c'),
('dfbf9d77-2566-46f0-b4f9-828c45efebe2', 'ka-b2c'),
('cfdd617c-149b-41a0-858b-5347804ceda3', 'ka-b2c'),
('42de9ed6-6659-4603-8932-881a8cdd983b', 'ka-b2c'),
('5e667854-5d52-4a9b-a38c-54d63d7f7ea6', 'ka-b2c'),
('fc6d8203-4936-4e6c-8e31-560934a3e298', 'ka-b2c'),
('4d3ca5bf-aad6-42b2-8671-fad78613a95f', 'ka-b2c'),
('40cd94e7-6a0a-4057-8758-9819e5b42bf1', 'ka-b2c'),
('d7427178-9afe-4a57-ad83-ae5d74cab20c', 'ka-b2c'),
('9b92e4a3-9c73-43fe-9e68-593f9df3fa66', 'ka-b2c'),
('6b964c38-40ad-4445-9f97-4f1cf09add4d', 'ka-b2c'),
('69f22cdb-50f5-47d6-9906-f540ff0a260b', 'ka-b2c'),
('3a67611b-dfed-48dc-93a2-2b4198bbf43f', 'ka-b2c'),
('37606eb2-4fa6-4804-90c9-bc0ad778c357', 'ka-b2c'),
('8e915469-f843-4a90-8200-1fc9db00334e', 'ka-b2c'),
('b7a757a1-4c1e-429f-8836-dedbb6321892', 'ka-b2c'),
('a6e0cae4-5cc1-4845-9490-c0a93c4755b8', 'ka-b2c'),
('7864cb5b-f283-4113-9b43-601a688c6462', 'ka-b2c'),
('a6e8d9ff-636a-427b-b3f2-c5d2f404c673', 'ka-b2c'),
('8be86bde-394f-4119-9543-d73ca7169b73', 'ka-b2c'),
('3e163875-0830-448c-964d-22f6e6b381aa', 'ka-b2c'),
('1408011c-ebcf-44b2-8d54-dddb8582224a', 'ka-b2c'),
('a80c3128-217b-4fe7-9d33-58ade01af23d', 'ka-b2c'),
('70bc5e24-a9e7-4b9f-9bab-d47265115bd1', 'ka-b2c'),
('474e6150-fd30-43d4-a083-c943a99bb96e', 'ka-b2c'),
('a9fe30ae-e3f6-44c0-bbc6-a2baaf6579b4', 'ka-b2c'),
('845032c0-ac9b-47e2-87c1-a9bd57be63e8', 'ka-b2c'),
('424b241b-c19f-4207-a7c7-f81a7f3644c6', 'ka-b2c'),
('2aa08b50-569d-4045-9737-cc64780334a1', 'ka-b2c'),
('737e2694-6dc6-45fa-95a4-33502e7ccb67', 'ka-b2c'),
('d9d07ef1-0ae8-4595-bc0b-ef4ee203668b', 'ka-b2c'),
('3e50cacd-71dd-4e0d-a6b0-1ba3d9e7aacd', 'ka-b2c'),
('58a718cc-1d2d-4897-b690-28746fa8e30f', 'ka-b2c'),
('84d85e5c-471a-4db2-9af0-1807fa8b932e', 'ka-b2c'),
('d1f71c11-948d-4647-9191-27079898d7bb', 'ka-b2c'),
('a98776a7-7557-4bd6-b3d0-7fc0dbb4ec7c', 'ka-b2c'),
('7b68ea88-3848-413b-953a-a02fc8634fb2', 'ka-b2c'),
('120e6d4e-0ad0-4962-af7a-949d18620ef6', 'ka-b2c'),
('e780bd94-1ec9-4f91-9f42-95f80d81642b', 'ka-b2c'),
('b80d2e7f-afd8-4f3f-a406-907f11da7d0b', 'ka-b2c'),
('603f6e9f-3775-41df-b236-aac687645936', 'ka-b2c'),
('ed5f37f7-9e6b-47de-9a1d-1163ad6bab8b', 'ka-b2c'),
('3a7b801d-73e9-46d4-92c6-31933f0fb4e7', 'ka-b2c'),
('9fca9b73-d488-4872-ba2a-66437aa2b02d', 'ka-b2c'),
('a3edf264-e565-4959-92f2-acff2b0640c7', 'ka-b2c'),
('3663fdf9-f45d-47fe-a988-681e6a3a8673', 'ka-b2c'),
('a2a49120-2424-4207-86fb-63a11e6094d7', 'ka-b2c'),
('dc3362d5-7d50-4e1a-879b-bce2fe52e94f', 'ka-b2c'),
('4fbf6d9f-5012-4128-b78f-793ceaff77fe', 'ka-b2c'),
('1b3ad79d-c32a-4e26-9018-25b44e3eda49', 'ka-b2c'),
('653c3d14-e694-443f-bfb7-e65e0bd64f73', 'ka-b2c'),
('1e26e15e-ee98-4cde-853d-5ccc7b136187', 'ka-b2c'),
('6ddc41d3-5fd0-4fad-9f1d-f31953edc805', 'ka-b2c'),
('ba5ca598-550b-42a1-8851-7ca1dd26fc77', 'ka-b2c'),
('faf92296-2e7e-4a6f-9fc2-e77770602248', 'ka-b2c'),
('b766b6b4-02ff-40e8-811c-c94e61f69ddf', 'ka-b2c'),
('be5fe3db-5551-42e7-a4fa-85effabd9c55', 'ka-b2c'),
('6b813e9d-b133-42e2-87f0-f22094fbf97b', 'ka-b2c'),
('24f39901-fc40-4a5f-bcb8-9b5a415ca605', 'ka-b2c'),
('beae0a6c-13f7-4765-9eed-8c3dfae3bf88', 'ka-b2c'),
('18b41600-72ef-4b18-91d4-54b23e025566', 'ka-b2c'),
('0e7cf1d4-7cd9-40ce-a7f9-a59310178488', 'ka-b2c'),
('f87606b3-1d87-4992-a289-d1867ff19624', 'ka-b2c'),
('f0a45304-3b35-4ffd-96b9-24a9db632fc1', 'ka-b2c'),
('f1c68694-cf74-4fba-b60b-b23645123322', 'ka-b2c'),
('24fbf3e2-61e9-4dc5-832c-979c0f07647a', 'ka-b2c'),
('b4f8d7b3-562f-41e0-93b7-121c8d7c64c7', 'ka-b2c'),
('5fe9af8f-e633-40b8-829e-b585f762ad4a', 'ka-b2c'),
('4b547baa-0bb7-45f8-b4da-2756ffac6898', 'ka-b2c'),
('d637307d-bf5d-4bb1-84ab-52269053b820', 'ka-b2c'),
('b8445a78-e2ef-4886-a67e-9f5614510c88', 'ka-b2c'),
('9c954df2-fcfb-4a52-9f45-5bdbf87e47fa', 'ka-b2c'),
('167b61ba-108a-473b-864a-4c2452f820d0', 'ka-b2c'),
('4f446b88-93a0-4793-a97f-a5e6d329547f', 'ka-b2c'),
('57498bcc-073c-48b8-a679-9ab05028e98a', 'ka-b2c'),
('d2afe563-00de-4a90-9702-37a197d1b6ed', 'ka-b2c'),
('c03fcc23-4e10-44b9-b8f7-7bfadce4e3db', 'ka-b2c'),
('fc2ce110-43d6-4106-aba5-22ba5c4e9ba6', 'ka-b2c'),
('07fad463-477b-46cc-a771-892691adb293', 'ka-b2c'),
('a2e6ba0f-8d4d-4234-9a43-4c9667ea732a', 'ka-b2c'),
('c9ef5e6d-f402-4c21-8fe7-5e38c8b229d4', 'ka-b2c'),
('0c430a7c-ec79-475f-bb88-860352def037', 'ka-b2c'),
('2b00c471-75e2-4f80-897c-b9dc5c01c5c1', 'ka-b2c'),
('62f6ce56-dede-41a1-8246-a064ee69832e', 'ka-b2c'),
('bbe801e7-b80f-45f7-baf1-ce473f32a90b', 'ka-b2c'),
('647e3ac2-5f69-4340-b008-39e7d44f07bf', 'ka-b2c'),
('1fd144b8-87ce-453d-883f-bcda258e6685', 'ka-b2c'),
('f6c78e50-99c2-4dfb-898b-afe71dc76755', 'ka-b2c'),
('5650ec6c-28e2-4bf8-8a4c-62790ca85217', 'ka-b2c'),
('87a2f3a8-78df-40f1-a3bc-6fac8a897cac', 'ka-b2c'),
('f7ff0fcb-3d12-479f-905b-80ee2d0a6704', 'ka-b2c'),
('bc5d8362-4f88-496c-b34a-2a5297d597fa', 'ka-b2c'),
('21b9b041-3d0a-4e62-a2cd-20612282d33b', 'ka-b2c'),
('50f843d5-c04f-4d98-829d-77f85bf3dde2', 'ka-b2c'),
('fa17437f-d77d-4aae-9788-6666fc85545a', 'ka-b2c'),
('6edd9366-5447-41ba-9164-e3ad88d71d5a', 'ka-b2c'),
('8bcadf4e-136d-4d71-8699-141bdcfe6d91', 'ka-b2c'),
('45416fc2-c8cf-4341-acf2-75843cd29099', 'ka-b2c'),
('9e48bfc7-b155-4396-98c2-da2e8720b686', 'ka-b2c'),
('5376f0dd-bfb9-4a9a-aeea-18e2937e1d87', 'ka-b2c'),
('2b68776a-1497-4df3-8c61-0035016c0c09', 'ka-b2c'),
('8effc4aa-abc4-4eff-8604-a741712be2d1', 'ka-b2c'),
('b15a6798-cf5a-486b-ac4d-6ab886c491a9', 'ka-b2c'),
('471b6cec-4fc5-492f-830f-d2c5012e2da5', 'ka-b2c'),
('69c615a1-116f-42dc-9442-4a1cba65f404', 'ka-b2c'),
('84115716-ff9f-497e-a037-115ea9f34926', 'ka-b2c'),
('042a44d9-c72f-4b87-b63d-d4c7698e4c6a', 'ka-b2c'),
('eb26a3cc-2b9f-488d-846a-cad649818247', 'ka-b2c'),
('ec78f7e4-d643-4506-931e-83077f5a5b4d', 'ka-b2c'),
('43b7a2da-9ed9-461b-83d7-6b173818cfb2', 'ka-b2c'),
('6a08e3f2-4862-4538-948c-06fc8c7f99a4', 'ka-b2c'),
('830baa69-30a5-40c5-abdb-5fdbff866ff9', 'ka-b2c'),
('6ef09d87-c661-425b-be22-28f8adfa8268', 'ka-b2c'),
('15232861-1a77-40e3-bac1-e5c05223aa61', 'ka-b2c'),
('0820674d-9469-41b5-9d5d-cf1e4bea0c6f', 'ka-b2c'),
('a7bc6814-28b9-4226-8d3b-31c1e972579a', 'ka-b2c'),
('5a882c37-c6fd-444c-ad1b-682cf4ad36d5', 'ka-b2c'),
('7d87f09b-a62c-442a-8490-4855976e5aaf', 'ka-b2c'),
('0a21be13-c233-4c75-ba5a-71be4fb7a341', 'ka-b2c'),
('57285ae6-5e05-4c65-8d1e-8510615f1a70', 'ka-b2c'),
('7aeb1570-80f9-4d4f-882e-b0abb9dcfc96', 'ka-b2c'),
('f691750a-4d57-4a5e-bdb6-b1543a7d46b9', 'ka-b2c'),
('2970d3da-a244-4246-b979-4cf34d4019fa', 'ka-b2c'),
('079b18ce-6ac2-466d-8726-2575c3f24897', 'ka-b2c'),
('8ce72785-4438-46d5-be17-e92e4250d7ce', 'ka-b2c'),
('4d60c267-a706-4f60-b240-7c77a8e948b6', 'ka-b2c'),
('b2642887-5845-4feb-9a29-fc2c60252a90', 'ka-b2c'),
('1180a048-73b3-4669-968a-bebce8b26922', 'ka-b2c');
