-- Batch 38 (200 records)
INSERT INTO contacts (id, first_name, last_name, email, phone, company, address) VALUES
('3b40622e-8110-4e20-b1df-e0c72bc72f75', 'Geier', 'Holm', 'holm_peter@bluewin.ch', '', NULL, 'Teufener Strasse 62, 9000 St. Gallen, SG'),
('2b1e0522-50ae-4c3c-8489-b07d30199371', 'Geier', 'Roger', 'geier.roger@bluewin.ch', '41793531525', NULL, 'Rainweg 12, 3374 Wangenried, BE'),
('a0aab2db-0d30-4acc-8a09-1c2bfa5145e8', 'Geier', 'Urs', 'urs.geier@gmx.net', '41787193887', NULL, 'Mattenweg 15, 3322 Urtenen-Schönbühl, BE'),
('bcb4134a-0602-4925-8d3a-977e9bbedbfd', 'Geiger', 'André', 'info@restaurant-starck.com', '33607344887', NULL, 'Seestrasse 101, 6442 Gersau, SZ'),
('d566c457-45c4-4d19-bad1-20da9451b025', 'Geiger Annemarie und Noldi', '(-Bruhin)', 'noldi@geiger.gg', '', NULL, 'Nollisweid 5, 9050 Appenzell Meistersrüte, AI'),
('554357f3-9c0a-4809-9951-9753f59f6f75', 'Geiger Bruno', '(-Bärlocher)', 'bruno.geiger@gmlaw.ch', '', NULL, 'Paradisstrasse 24, 9402 Mörschwil, SG'),
('a10a57dc-af59-4452-b1fd-3f7fadec12b2', 'Geiger Erich', '(-Wettstein)', 'e_geiger@yahoo.com', '', NULL, 'Gütschstrasse 27, 8122 Binz, ZH'),
('93b6a64b-fe48-4764-b460-470a9f491c97', 'Geiger Esther', '(-Rigg)', 'ege@swissonline.ch', '', NULL, 'Zürcherstrasse 5, 8104 Weiningen ZH, ZH'),
('147b2e25-d613-4cb2-b085-209125202cb0', 'Geiger Ingrid', '(-Koller)', 'ingrid.koller@bluewin.ch', '', NULL, 'Dorfstrasse 10, 6072 Sachseln, OW'),
('a6b90c02-b681-4eba-9b71-6a47ea1d0643', 'Geiger', 'John', 'john.geiger@maxit.ch', '41793542119', NULL, 'Hafenstrasse 24A, 8590 Romanshorn, TG'),
('7de60a8f-28b4-4627-b27c-1fc850e9278d', 'Geiger Jonathan', 'Andreas', 'jonathan.felya.geiger@gmail.com', '41765324747', NULL, 'Barbarastrasse 1, 5400 Baden, AG'),
('bf6ee7e5-7685-49f3-b2a0-8f8fae6bf4b9', 'Geiger', 'Lorenzo', 'hello@lorenzogeiger.ch', '41764439797', NULL, 'Wohlei 4A, 3033 Wohlen b. Bern, BE'),
('f9f0c767-7342-4e9e-8483-9c2c3b52ff52', 'Geiger Martin u. Monika', '(-Altermatt)', 'martingeiger@bluewin.ch', '', NULL, 'Neuhauserstrasse 68g, 8500 Frauenfeld, TG'),
('6f786ed3-7832-49e8-9a93-10d9ba243303', 'Geiger Martin und Ursula', '(-Wiedemeier)', 'martin@geiger.gg', '', NULL, 'Hausmatt 29, 6422 Steinen, SZ'),
('b039cc51-431e-4914-a3e0-fa90c6d41b3b', 'Geiger', 'Nicole', 'kontakt@ng-unicodesign.ch', '41792707649', NULL, 'Sonnhaldenweg 3, 5712 Beinwil am See, AG'),
('78b4b6ad-dd85-4618-bb36-1037b8ef1a7e', 'Geiger Niklaus', '(-Germann)', 'niklaus.geiger@bluewin.ch', '', NULL, 'Taaweg 1A, 9442 Berneck, SG'),
('52110002-bf65-4091-b3c1-b875b1ceadf8', 'Geiger', 'Peter', 'pgeiger@gmx.ch', '', NULL, 'Bühlstrasse 31, 8125 Zollikerberg, ZH'),
('39b62bc6-9583-4e6f-b953-3ec22824dca3', 'Geiger Richard', '(-Venosta)', 'richard.geiger@gmx.ch', '41765294532', NULL, 'Dorfstrasse 91, 8542 Wiesendangen, ZH'),
('ce8fe4bd-5be8-4273-95fb-57856a03d680', 'Geiger Robert', '(-Sonderegger)', 'robert.geiger@hispeed.ch', '41796593234', NULL, 'Zwyssigstrasse 6, 9000 St. Gallen, SG'),
('d5fefc06-894d-4336-bd9e-b5b4d077a301', 'Geiger Thomas und Birgit', '(-Baumann)', 'geiger@intergga.ch', '', NULL, 'Tiefengrabenstrasse 19, 4102 Binningen, BL'),
('244bb09f-c252-48d5-aea2-ac1dfe36768a', 'Geiger', 'Viktor', 'v.geiger@bluewin.ch', '', NULL, 'Rutlenstrasse 49, 9413 Oberegg, AI'),
('e811121f-462f-4452-8e8c-d3b66542420f', 'Geiges', 'Patrick', 'patrick@geiges.com', '', NULL, 'Schulhausstrasse 26, 8704 Herrliberg, ZH'),
('3dc5d9da-98ba-439e-a791-f5faed05d308', 'Geiselmann Karl', '(-Moser)', 'karl.geiselmann@bluewin.ch', '41795191255', NULL, 'Im Hof 1, 8355 Aadorf, TG'),
('d3212232-fec8-431e-b320-63395af7dd5f', 'Geiser Charles-André et Anna', '(-Lauber)', 'chageiser@bluewin.ch', '', NULL, 'Les Vieux Chemins 15, 2712 Le Fuet, BE'),
('5b476f1c-75af-481c-9e7e-266e9321a923', 'Geiser Christine', '(-Vogel)', 'trottenstrasse@bluewin.ch', '', NULL, 'Trottenstrasse 20, 8400 Winterthur, ZH'),
('31ccada0-91c6-4602-bb82-155fe3ea3ad8', 'Geiser Gaby', '(-Arri)', 'gaby.geiser@bluewin.ch', '', NULL, 'Melchnaustrasse 62, 4900 Langenthal, BE'),
('0bdd8193-d1f7-4158-be99-fcd803737ace', 'Geiser Kaspar und', 'Rahel', 'weinbergstrasse@bluewin.ch', '', NULL, 'Weinbergstrasse 2, 8400 Winterthur, ZH'),
('d9ba2649-edd2-4cf7-bc9d-14d3ab6d4011', 'Geiser Marc und Wohlhueter-Geiser Tiziana, Julika und', 'Sascha', 'familie@wohlhuetergeiser.com', '', NULL, 'Hinterkirchweg 3, 4106 Therwil, BL'),
('55304902-6fa9-4c7e-9462-8951cd0a0e0c', 'Geiser Max', '(-Schär)', 'geiser.max@besonet.ch', '', NULL, 'Wangenstrasse 16, 3360 Herzogenbuchsee, BE'),
('9be7c33f-2243-4427-a0f0-2ae0f964b08a', 'Geiser', 'Patrick', 'info@amaroksecurite.ch', '41798184846', NULL, 'Route de Bellelay 7, 2712 Le Fuet, BE'),
('6f79da60-fb56-4b73-867a-df8d8673844e', 'Geiser Peter', 'R.', 'peter.geiser@geiser-holding.ch', '41793329869', NULL, 'Tulpenweg 12, 4900 Langenthal, BE'),
('3dbefc4b-ffca-4b6d-84dd-7bd86fcb58e5', 'Geiser', 'Philipp', 'geiserp@freesurf.ch', '', NULL, 'Ahornweg 4, 4563 Gerlafingen, SO'),
('81057f77-c6cb-4b65-a89b-072d308c52d0', 'Geiser Roland und Fabienne', '(-Lüscher)', 'roland.geiser@swissonline.ch', '', NULL, 'Bodenweg 27, 5103 Möriken AG, AG'),
('27e33629-b37e-4c79-bc27-a031a9034376', 'Geiser', 'Stephan', 'info@funkybrotherhood.com', '41792933261', NULL, 'Neuengasse 1, 3400 Burgdorf, BE'),
('0dfc0c44-e2e2-4a70-a63b-5c79f2027916', 'Geiser Thomas und', 'Ursula', 'ursula.geiser@me.com', '41792983174', NULL, 'Sonnenweg 3, 4914 Roggwil BE, BE'),
('468f8faa-b0d4-47af-94b2-fd61a55afcda', 'Geiser', 'Ulrich', 'u.geiser@windowslive.com', '41793019790', NULL, 'Seftigenstrasse 117, 3007 Bern'),
('2ed16600-d82e-4dd4-bcea-89e7f382b36c', 'Geiser', 'Urs', 'u.geiser@hispeed.ch', '41792708929', NULL, 'Titlisstrasse 8, 4665 Oftringen, AG'),
('8a8aacd1-ef8f-4add-9049-599399b80773', 'Geiser Urs und', 'Marianne', 'stauffenbach@postmail.ch', '', NULL, 'Stauffenbach 13B, 3367 Ochlenberg, BE'),
('9a0914f3-5d56-45ea-a47f-be99ed564d9a', 'Geiser', 'Willi', 'willi.geiser@confidence.ch', '', NULL, '6243 Egolzwil, LU'),
('b30d3533-a44d-4a34-b55c-831ba631f8e4', 'Geissberger', 'Walter', 'capramontes@bluemail.ch', '', NULL, 'Bächimattstrasse 22, 3075 Rüfenacht BE, BE'),
('fa74572a-9716-4904-8d86-fd2d53436e91', 'Geissbühler', 'Beat', 'beat.geissbuehler6@bluewin.ch', '41792379001', NULL, 'Kreuzmattstrasse 11, 4702 Oensingen, SO'),
('eabfdedc-99d8-4f72-aa6c-28f9a0bff88e', 'Geissbühler Heinz', '(-Baumann)', 'heinz.geissbuehler@sunrise.ch', '', NULL, 'Emmenhofweg 30, 3543 Emmenmatt, BE'),
('16ed988f-d413-4d57-bccd-9242e76f0d55', 'Geissbühler Karl Stefan und Jacqueline', '(-Morf)', 'ksgeissb@bluewin.ch', '', NULL, 'Jenfertweg 46, 2572 Sutz, BE'),
('a43df30c-0680-4723-aa71-6c6202e806cb', 'Geisseler Franz und Maria', '(-Jurt)', 'gemuesebau.geisseler@gmail.com', '', NULL, 'Gattwil 6, 6018 Buttisholz, LU'),
('e5826ace-5893-436e-9e10-e572ba834b2b', 'Geisseler Rita und', 'Adolf', 'info@age-enterprise.ch', '', NULL, 'Scheuermattstrasse 6, 2575 Gerolfingen, BE'),
('d320f1c7-cd47-4a99-a905-1fb19fda1763', 'Geisser', 'Franz', 'franz.geisser@bahnbild.ch', '41794115717', NULL, 'Alte Gasse 8, 6423 Seewen SZ, SZ'),
('3f10d0da-37a7-4251-8c0f-ab8028438eee', 'Geisser', 'Michael', 'michael.geisser@gmail.com', '', NULL, 'Fridlimattstrasse 10, 8122 Binz, ZH'),
('e138502e-2659-4ae2-8366-6570a4d3a8c4', 'Geisser Rainer und Paula', '(-Ribeiro)', 'rainer.geisser@bluewin.ch', '', NULL, 'Hohenrainstrasse 7a, 9205 Waldkirch, SG'),
('03c6b436-9090-4bec-8708-f53d159e840e', 'Geisser', 'Rolf', 'rgeisser@swissonline.ch', '', NULL, 'Baumgartenstrasse 10, 8916 Jonen, AG'),
('5f13372d-6cb7-4177-91fe-07be051fd6a1', 'Geisser Thomas und Susanne', '(-Meinicke)', 'togeisser@stafag.ch', '', NULL, 'Im Weberlisrebberg 1, 8500 Gerlikon, TG'),
('3503c52f-fc07-4b7a-a479-f50acdbf11cc', 'Geisser', 'Walter', 'holzundtier@bluewin.ch', '41794831722', NULL, 'Bühlgaden-Laad 1048, 9650 Nesslau, SG'),
('8f310296-feb2-4596-80b5-1356d6c8bb96', 'Geisser-Leu B. and', 'B.', 'info@residenzalagrev.ch', '', NULL, 'Via Suot Ovas, 7514 Sils/Segl Maria, GR'),
('2cd9908f-0f13-437e-bb5a-65d7f68c3716', 'Geissler Annemarie', '(-Kuhn)', 'ageisslerkuhn@gmail.com', '', NULL, 'Hochfelderstrasse 9, 8173 Neerach, ZH'),
('84005ef2-8b82-40eb-b359-59fd5ea4d7ca', 'Geissler', 'René', 'rene.geissler@bluewin.ch', '', NULL, 'Hostalenweg 116, 3037 Herrenschwanden, BE'),
('34420c93-04e0-451d-869c-3060ac6e180d', 'Geissmann Alexandra and', 'Roland', 'treuhand@geissmann.info', '', NULL, 'Sonnenweg 8, 5607 Hägglingen, AG'),
('fc339a53-644e-4cab-97aa-300254883ff4', 'Geissmann', 'Bruno', 'geissmann_b@bluewin.ch', '41793460332', NULL, 'Kleinhüningeranlage 94, 4057 Basel, BS'),
('a8600e84-b7c0-449e-a6bc-3a918b383a40', 'Geissmann', 'Daniel', 'd.geissmann@hispeed.ch', '41786345999', NULL, 'Madretschstrasse 31, 2503 Biel/Bienne, BE'),
('3275005b-47a2-4616-8bb2-5bb718785360', 'Geissmann', 'Denise', 'de@geissmann-coaching.ch', '', NULL, 'J. -C. -Heer-Strasse 23, 8406 Winterthur, ZH'),
('d1170756-8810-40ae-928c-e41be0fa63e5', 'Geissmann', 'Erich', 'verbindung@gmx.ch', '491771964616', NULL, 'Höhenweg 19, 4147 Aesch BL, BL'),
('0ade8f02-f11f-4797-a0c8-8072ec2f95bc', 'Geissmann Esty H. und', 'Walter', 'esty@sunrise.ch', '41765440802', NULL, 'Heuwinkelstrasse 18, 4123 Allschwil, BL'),
('b3c23a54-9009-4bb3-8cfb-21abeed3274c', 'Geiter Paul', '(-Spörndli)', 'paul.geiter@gmx.ch', '', NULL, 'Euthalerstrasse 11, 8844 Euthal, SZ'),
('d509f33b-3351-4242-98a5-16b7880c0875', 'Gempeler Elisabeth und', 'Felix', 'fgempeler@bluewin.ch', '41796493724', NULL, 'Talbodenstrasse 80, 3098 Schliern b. Köniz, BE'),
('77c2fede-d1fa-4a4e-81f7-11bb5de5bc5a', 'Gempeler', 'Roland', 'roland.gempeler@omeris.ch', '41794402607', NULL, 'Schosshaldenstrasse 73, 3006 Bern, BE'),
('83f79014-9f46-48e3-ba0d-a65470551bb3', 'Gemperle Beatrice und Markus', 'Lamfalusi', 'b.r.gemperle@gmail.com', '', NULL, 'Schmiedgasse 29, 8604 Volketswil, ZH'),
('73fdace4-cd5c-42aa-a27b-8a21069259a1', 'Gemperle Bruno und Marianne', '(-Süss)', 'brunogemperle@sunrise.ch', '41797207420', NULL, 'Rote Trotte 6, 6340 Baar, ZG'),
('8f0628df-e9f9-45e8-bdaf-57e790ddd837', 'Gemperle Marcel und', 'Corinne', 'cgemp@bluewin.ch', '', NULL, 'Bachtobelstrasse 11, 8370 Sirnach, TG'),
('61138980-cbde-4e15-b81d-d41bab2167ce', 'Gemperle', 'Richard', 'r.gemperle@gmx.ch', '41774185040', NULL, 'Wasgenring 167, 4055 Basel, BS'),
('df92ca73-3bb4-4dc8-a037-b3b21f6db415', 'Gemperli', 'Guido', 'info@ggholzbau.ch', '41793581955', NULL, 'Im Oberfeld 7A, 9450 Lüchingen, SG'),
('747e6c7c-2fbc-46a5-971f-11682297f3f1', 'Generotzky', 'Peter', 'treuhandwerk@generotzky.ch', '41795118585', NULL, 'Rebenstrasse 5, 9403 Goldach, SG'),
('51f1bd08-84d7-4919-8222-e3a5f9c09dcb', 'Geng', 'Peter', 'drumspirit@bluewin.ch', '', NULL, 'Kellenbergstrasse 65, 9413 Oberegg, AI'),
('8313f4eb-8722-45ce-a7fd-d2524faf8afa', 'Genillard', 'Claire-Lise', 'gen@sguv.ch', '', NULL, 'Chroslenweg 24, 3177 Laupen BE, BE'),
('4f67c974-0005-4677-b5c5-7965acbacd59', 'Genna Anton und Margret', '(-Stalder)', 'anton@genna.ch', '', NULL, 'Untere Wart 44, 3600 Thun, BE'),
('338a5959-0287-4864-b6d5-cd4f71218dfd', 'Genna', 'Davide', 'd.genna@bluewin.ch', '', NULL, 'Brünnlistrasse 23, 8155 Niederhasli, ZH'),
('e08da256-679a-461f-a0bd-d1311366671b', 'Gennarelli', 'Fabio', 'genna1@bluewin.ch', '41788781675', NULL, 'Oberlandstrasse 66, 8610 Uster, ZH'),
('c901c33e-47f7-494a-8f7c-a97ad2d2c3be', 'Genova', 'Paolo', 'genopasilva@sunrise.ch', '41763720778', NULL, 'Feldstrasse 8, 8952 Schlieren, ZH'),
('c19c4417-a478-4250-85e4-2c002aa195b1', 'Genre Yves u. Heide', '(-Gärtner)', 'yves.genre@bluewin.ch', '', NULL, 'Wildsbergstrasse 56, 8606 Greifensee, ZH'),
('8340d256-5fbe-435b-8390-b73f726dce57', 'Gensetter Walter und', 'Bente', 'igeli@hotmail.com', '', NULL, 'Pappelweg 13, 8604 Volketswil, ZH'),
('68e0c8f9-c934-4c67-9f37-dc0b69cb36c1', 'Genta', 'Adriano', 'adriano@genta.ch', '', NULL, 'Russikerstrasse 109, 8330 Pfäffikon ZH, ZH'),
('1a3cb493-16cf-4857-a292-c74784210929', 'Gentina Erwin und', 'Christine', 'gentina@bluewin.ch', '', NULL, 'Hubstrasse 12, 9400 Rorschach, SG'),
('7c34f543-95f4-4a77-b928-0b01e1132175', 'Gentner', 'Daniela', 'daniela.gentner@bluewin.ch', '41793169263', NULL, 'Wetzikerstrasse 15, 8335 Hittnau, ZH'),
('f478a4c2-012f-46b0-8868-ac94e7cf9b66', 'Gentsch Christian, Ingrid, Lavinia und', 'Bianca', 'christian@gentsch.ch', '', NULL, 'Langackerstrasse 11, 9010 St. Gallen, SG'),
('09492a5d-52bd-40d4-96ba-8fe9bae24955', 'Gentsch Daniel, Nicole und', 'Virginia', 'daniel@gentsch.ch', '', NULL, 'Milanweg 6, 9030 Abtwil SG, SG'),
('407c9ff1-5c8d-48b3-a789-6502be84ea15', 'Geosits', 'Christian', 'info@geosits.ch', '41793171036', NULL, 'Riedpark 3, 6300 Zug, ZG'),
('59145eb7-c039-4400-8507-cf9f23108a79', 'Gepp Oliver und', 'Mirco', 'oliver.gepp@swissonline.ch', '', NULL, 'Rossägertenweg 1, 5621 Zufikon, AG'),
('a2945652-ec55-4534-a4a7-e22150976c33', 'GEPS Winterthur Andrea Huber', 'Schoch', 'info@gepswinterthur.ch', '41798239858', NULL, 'Sandgrubstrasse 33, 8304 Wallisellen, ZH'),
('be41729b-05d4-42ae-a03f-2f58d9dfdece', 'Gerber', 'Alfred', 'alfred@gerber-legal.ch', '', NULL, 'Schulstrasse 7C, 8442 Hettlingen, ZH'),
('1683031d-cab2-439d-bf5c-cca8f9d479c7', 'Gerber Andreas und', 'Hanna', 'augerber@bluewin.ch', '41792246008', NULL, 'Burgfeldstrasse 21, 3400 Burgdorf, BE'),
('ac63ff39-4db1-47bd-885e-25767dcef83d', 'Gerber Andreas und Marie-Anne', '(-Tardent)', 'm.a.gerber@hotmail.com', '41794563187', NULL, 'Pestalozzistrasse 46, 3400 Burgdorf, BE'),
('b202a283-8fc7-44c8-a64b-7ece7fed0402', 'Gerber Armon und Katrin', '(-Jahn)', 'armon.gerber@gmx.ch', '41786904866', NULL, 'Kronenwis 22, 8864 Reichenburg, SZ'),
('aeddb49f-0de2-4e06-9514-faeb85508cad', 'Gerber Bendicht und', 'Dorothea', 'gerber-gfeller@bluewin.ch', '', NULL, 'Rässmätteli 110f, 6197 Schangnau, BE'),
('df168c95-decd-4f64-a309-68e5daf5536e', 'Gerber', 'Bernadette', 'bernadette.gerber@bluewin.ch', '41794751156', NULL, 'Kronbergstrasse 12, 9230 Flawil, SG'),
('86f48eb1-beb5-4aa7-a445-18ea99b9aab6', 'Gerber Bruno', '(-Sauser)', 'bg489@bluewin.ch', '', NULL, 'Hasenacherweg 23, 4452 Itingen, BL'),
('48c97cd4-612b-4e68-bc0f-3c71520c65c3', 'Gerber Büchle', 'Lotte', 'buechlegerber@bluewin.ch', '', NULL, 'Fassbindstrasse 16, 4310 Rheinfelden, AG'),
('0bcea113-4e66-490b-9d33-c8c7815cd6c4', 'Gerber', 'Christian', 'kbgerber@bluewin.ch', '', NULL, 'La Clef 1, 2722 Les Reussilles, BE'),
('2a9a67c9-f4b9-402f-b8a8-056294baf0af', 'Gerber', 'Daniel', 'gerber_schuepbach@zapp.ch', '41796511374', NULL, 'Mühlehubelstrasse 17, 3125 Toffen, BE'),
('304cbbc5-b92e-4bde-a938-37d6e641b73e', 'Gerber', 'Edwin', 'edwingerber@bluewin.ch', '41793562621', NULL, 'Juraweg 7, 3052 Zollikofen, BE'),
('1cbef8b3-8820-4dbb-9c45-0eeb08228cd1', 'Gerber Ernst und Marianne', '(-Benkert)', 'gerberer@bluewin.ch', '', NULL, 'Haldenstrasse 14, 3454 Sumiswald, BE'),
('b26ed827-7e67-4ca9-9a6f-2cb22e4ca8c3', 'Gerber Ernst und Regula', '(-Kundert)', 'tomage@tiscalinel.ch', '', NULL, 'Chemin des Bourdons 18, 2533 Evilard, BE'),
('64a9e825-cf63-4066-a1b2-2098f11eb8b0', 'Gerber Erwin und Heidi', '(-Hostettler)', 'erge43@bluewin.ch', '', NULL, 'Bahnhofstrasse 50, 8590 Romanshorn, TG'),
('dccea4a4-2580-4e55-91f0-4aab0916e984', 'Gerber Esther', '(-Fries)', 'efries@gmx.ch', '', NULL, 'Talackerstrasse 48, 3604 Thun, BE'),
('ae67feb1-0210-49c6-b492-a1299ba06b6e', 'Gerber Frédéric', '(-Jacot-Descombes)', 'f.gerber@freesurf.ch', '', NULL, 'Chemin de Prapion 6, 2520 La Neuveville, BE'),
('30083a75-7591-4909-8bc9-aae8d0e818bb', 'Gerber', 'Fritz', 'g@bluewin.ch', '41766609940', NULL, 'Oberstrasse 8, 3550 Langnau im Emmental, BE'),
('d91e9c50-9eb5-49fb-aa93-0ce5fda96320', 'Gerber', 'Fritz', 'fgerber009@gmail.com', '', NULL, 'Talstrasse 25, 2553 Safnern, BE'),
('b2a5fc80-b928-4c5e-a36a-0113d466e18b', 'Gerber', 'Gabriele', 'orta@bluewin.ch', '', NULL, 'Domleschgerstrasse 4, 7412 Scharans, GR'),
('9ab438e1-b348-43cc-bfba-9da7949cdc64', 'Gerber', 'George', 'ida@vtxmail.ch', '', NULL, 'Dreispitz 267, 8050 Zürich, ZH'),
('08cfe952-363f-4539-b7ff-54e7847c112b', 'Gerber', 'Hannelore', 'info@seehaldenhof.ch', '', NULL, 'Seehalde 3, 8507 Hörhausen, TG'),
('61a11c86-eeed-4fd2-be6a-d57db5f983e4', 'Gerber Hannes und Yvonne', '(-Bürgisser)', 'hjg@hjg.ch', '', NULL, 'Friedenstrasse 2, 6004 Luzern, LU'),
('cc492171-ce34-47db-be71-f3e0f0d9901e', 'Gerber', 'Hans', 'webmaster@jhgshark.ch', '', NULL, 'Im Tiergarten 53, 8055 Zürich, ZH'),
('6899bbfb-98b3-4511-aab9-3f698f6a4be4', 'Gerber Hans', 'Ulrich', 'gerber.ing@swissonline.ch', '', NULL, 'Hegiweg 4, 8193 Eglisau, ZH'),
('19c68628-49cc-4899-818f-8ab47542bfc4', 'Gerber', 'Hanspeter', 'fr.financerapide@gmail.com', '41784512360', NULL, 'Bellariastrasse 38, 8038 Zürich, ZH'),
('94c2422b-94d3-4c0d-8b79-1abe6ba6f7b6', 'Gerber Hanspeter', '(-Krebser)', 'hpgerber@bluewin.ch', '', NULL, 'Oberfeldstrasse 152, 8408 Winterthur, ZH'),
('efe18d70-2022-41c9-b4dc-4daee9b7c680', 'Gerber Hansruedi und', 'Marianne', 'hrm.gerber@bluewin.ch', '41794431519', NULL, 'Hinter Zwygarten 139A, 3550 Langnau im Emmental, BE'),
('1d6fd32d-a7c3-488d-8a2c-5688e246acb0', 'Gerber Hans-Ulrich und Hanni', '(-Stalder)', 'info@gerbertreuhand.ch', '', NULL, 'Riedbachstrasse 16, 3204 Rosshäusern, BE'),
('a7812f08-7811-4478-94b3-e0f696695f6f', 'Gerber', 'Heidi', 'yogaschule@ekadaseine.ch', '41787476305', NULL, 'Vogelsang 17, 2502 Biel/Bienne, BE'),
('4a395d88-8f39-4407-8cff-3da64e740d15', 'Gerber Hektor und Therese', '(-Moser)', 'h.gerber@pop.agri.ch', '', NULL, 'Rainstrasse 6, 3315 Kräiligen, BE'),
('37bbafc3-97a3-45a5-9c19-a4a8134490f6', 'Gerber', 'Johannes', 'johannesg@hotmail.com', '41764717063', NULL, 'Gerberweg 4, 2560 Nidau, BE'),
('61d6d3c5-4ddc-4274-8d5c-dad51e79c34c', 'Gerber Johannes and Silvia', '(-Graf)', 'johannes.gerber@psychologie.ch', '', NULL, 'Kornweg 5, 5000 Aarau, AG'),
('ac5c281a-81d6-4c8b-adaa-fdfc4986253c', 'Gerber Kari', '(-Loevaas)', 'gerbermusic@bluewin.ch', '', NULL, 'Gugerhalde 10, 8207 Schaffhausen, SH'),
('ab544893-294f-41e4-a4bf-37f6a895211a', 'Gerber', 'Manon', 'manongerber@bluewin.ch', '41788663112', NULL, 'Strandbodenstrasse 22, 8877 Murg, SG'),
('83cf2695-9b89-4701-bde7-350196046e8a', 'Gerber', 'Martin', 'gerbertours@sunrise.ch', '', NULL, 'Mittelstrasse 30F, 3613 Steffisburg, BE'),
('a7548a36-978d-43ed-9681-019df8a5c08a', 'Gerber Murielle, Christophe et Fabien', '(-Steiner)', 'chris.murielle@bluewin.ch', '', NULL, 'Chemin de Graitery 10, 2740 Moutier, BE'),
('d9d225ef-d0f7-4f50-9318-f63166d5ab97', 'Gerber', 'Paul', 'paul@gerber-uhren.ch', '', NULL, 'Bockhornstrasse 69, 8047 Zürich, ZH'),
('41beedbf-dae9-4566-9632-1c3010b30670', 'Gerber', 'Peter', 'pk.gerber@bluewin.ch', '', NULL, 'Feldgässli 4, 4802 Strengelbach, AG'),
('3ed78623-d299-4486-9b30-9cd0ae3382b0', 'Gerber', 'Peter', 'p.gerber.mech@bluewin.ch', '', NULL, 'Gewerbestrasse 6, 3423 Ersigen, BE'),
('f1753a1b-0720-442f-9b61-d5930a2cbd75', 'Gerber', 'Peter', 'gerber.consulting@bluewin.ch', '41796518439', NULL, 'Gurbenstrasse 32, 3800 Unterseen, BE'),
('de72f422-05e4-48fe-ae57-4fc699f9ac10', 'Gerber Peter und Barbara', '(-Kräuchi)', 'gerber.peter@bluewin.ch', '41793168823', NULL, 'Höhenstrasse 53, 8304 Wallisellen, ZH'),
('3ffebcfe-e4e2-465e-9337-546c6b4e04df', 'Gerber', 'Regula', 'regulasing@sunrise.ch', '41787563880', NULL, 'Hintere Engehaldenstrasse 80, 3004 Bern, BE'),
('76a6e440-133f-41e1-8fcf-420caf0aa35c', 'Gerber', 'René', 'gerbermark@bluewin.ch', '41796439772', NULL, 'Neue Perlenstrasse 2, 6037 Root, LU'),
('322efb80-565f-4646-a500-e1fd25b73d6f', 'Gerber Robert Werner und Theresia', '(-Huber)', 'gerber.kallern@gmx.ch', '', NULL, 'Langmattstrasse 1, 5625 Kallern, AG'),
('6c29f7e3-7cf8-43aa-b8e8-287ab0d5a649', 'Gerber', 'Roger', 'rotsch78.gerber@bluewin.ch', '41793848227', NULL, 'Brüggbühlstrasse 95, 3172 Niederwangen b. Bern, BE'),
('0ac7858f-8c1f-4923-9f65-78deba4a648a', 'Gerber Roland et Eliane', '(-Blaser)', 'gerbla@bluewin.ch', '', NULL, 'Rue des Prés 11, 2720 Tramelan, BE'),
('fd49b784-2f36-4da9-8be6-212d000108cd', 'Gerber', 'Ruth', 'info@ruthsdelikatessen.ch', '41793151905', NULL, 'Thunstrasse 10a, 3112 Allmendingen b. Bern, BE'),
('e819d425-04d5-4c32-b7a2-c515e6d2f406', 'Gerber Silvie', '(-Maegli)', 'silvie-gerber@bluewin.ch', '41797147367', NULL, 'Dorf 30, 3656 Ringoldswil, BE'),
('ab53082d-fedd-4ab1-9384-e790b5e4f46f', 'Gerber', 'Stephan', 'gerber.stephan@bluewin.com', '41797441429', NULL, 'Hallerstrasse 58, 3012 Bern, BE'),
('b1dd983a-f60b-4285-896c-be20bb759e99', 'Gerber', 'Stephane', 'stephanegerber@bluewin.ch', '41794089125', NULL, 'Chemin des Libellules 14, 2502 Biel/Bienne, BE'),
('9ceb65ff-f9b4-4ec3-8c74-561c9834b59a', 'Gerber Susi', '(-Kündig)', 'susi.gerber2@hispeed.ch', '41796708083', NULL, 'Lochmattweg 41, 5033 Buchs AG, AG'),
('00f1ecff-2695-47a5-9df2-0f334fec9c52', 'Gerber Tamara und Christian', '(-Stutz)', 'christian.gerber@netcare.ch', '', NULL, 'Hinterdorfstrasse 13c, 5603 Staufen, AG'),
('2ccea6b4-3765-45de-887f-8574ed157750', 'Gerber Thierry et', 'Sandrine', 'thi.gerber@bluewin.ch', '', NULL, 'Rue des Planches 31, 2613 Villeret, BE'),
('04c86328-eac8-4c7c-a525-83c237dae156', 'Gerber', 'Thomas', 'info@gerberland.ch', '41763556465', NULL, 'Blauenrain 133, 4422 Arisdorf, BL'),
('5a46f295-085e-4b41-9e54-39ddcee80209', 'Gerber', 'Thomas', 'te.ge@gmx.ch', '41792381763', NULL, 'Zweierstrasse 49, 8004 Zürich, ZH'),
('509a0d33-480b-4058-845d-e3ca1928ffdf', 'Gerber Thomas und Lourdes (-Delgado', 'Rodriguez)', 'thomasgerber@sunrise.ch', '41787966368', NULL, 'Stationsstrasse 14, 3204 Rosshäusern, BE'),
('131ab338-f6d2-43d9-ab62-037b7319b18f', 'Gerber Ueli u.', 'Susan', 'ueli.gerber@gerberorg.ch', '41794066542', NULL, 'Lindenweg 7, 8457 Humlikon, ZH'),
('4f25fe33-5164-41ef-95d1-00930d37bf66', 'Gerber Ueli und Doris', '(-Abegglen)', 'gerber.chemtech@bluewin.ch', '41792165910', NULL, 'Sängelihüsi 224, 3534 Signau, BE'),
('228a369d-dbb1-4f9f-a672-c15a2f225666', 'Gerber Walter und Wyss Gerber', 'Gisela', 'wagi.gerber@bluewin.ch', '41794394717', NULL, 'Kirchweg 50C, 3324 Hindelbank, BE'),
('42ff7779-e771-497b-b018-2acb88340891', 'Gerber', 'Werner', 'werner-gerber@gmx.ch', '41764396395', NULL, 'Aarhaldenstrasse 2, 3052 Zollikofen, BE'),
('997cc90f-05c8-49e5-a613-bc2356f822b6', 'Gerber', 'Werner', 'w_gerber@swissonline.ch', '41796316157', NULL, 'Lättenstrasse 9, 8172 Niederglatt ZH, ZH'),
('96aad1a6-6710-47a9-8daf-67da62d7fad5', 'Gerdesmeyer', 'Petra', 'p.gerdesmeyer@gmail.com', '', NULL, 'Rabbentalstrasse 79, 3013 Bern, BE'),
('82f1649f-e5d7-4832-b5a5-f31498879321', 'Gerecht Fredy +', 'Katharina', 'fgerecht@bluewin.ch', '', NULL, 'Oberberg 36, 8222 Beringen, SH'),
('cdbece8b-3231-4044-9978-46deed7ced90', 'Gerhard', 'Max', 'maxgerhard@bluewin.ch', '41795062561', NULL, 'Ferlenweg 1, 8953 Dietikon, ZH'),
('8b5511f0-95b1-4677-8e6a-c7b49b74e83a', 'Gerhard', 'Roland', 'r.gerhard@yetnet.ch', '41789069769', NULL, 'Rebenfluhweg 18, 4652 Winznau, SO'),
('d229e726-d72a-4f5c-a147-5b4fe4fef4d0', 'Gerhards', 'Mario', 'therapie@gmx.ch', '', NULL, 'Wädenswilerstrasse 7, 8712 Stäfa, ZH'),
('2b8d63d9-76a4-4afc-abf1-044b3b6cfc01', 'Gerig', 'Andreas', 'andreas.gerig@gmail.com', '', NULL, 'Heinestrasse 10, 9008 St. Gallen, SG'),
('bb2d4ac3-f20e-40d2-9e86-7dd1b75f2497', 'Gerig Guido und Paula', '(-Marty)', 'ggr.204@bluewin.ch', '', NULL, 'Bürglen 43, 5323 Rietheim, AG'),
('ff6ef7d0-869e-4224-badb-d6b5b417f855', 'Gerig Ruedi und Theres', '(-Arnold)', 'gerru@freesurf.ch', '41788726733', NULL, 'Umfahrungsstrasse 2, 6467 Schattdorf, UR'),
('b25a785f-3c74-4c87-9fd8-a1912cd49f56', 'Gerlach Willi und', 'Esther', 'esther.gerlach@gmx.ch', '', NULL, 'Privatstrasse 14, 4563 Gerlafingen, SO'),
('27d5d308-03bb-4735-bd5e-2916a00172e9', 'Germadnik Anna', 'Maria', 'ann4@bluewin.ch', '41794653024', NULL, 'Igelweid 18, 5000 Aarau, AG'),
('6a59f92b-ff2d-4a9d-a785-b28efe39b021', 'Germann Albert und', 'Elisabeth', 'aegermann@sunrise.ch', '41796427472', NULL, 'Steinweid 2, 8857 Vorderthal, SZ'),
('b4190708-a5c5-4864-a46f-a02369074b6c', 'Germann Beat Eduard und Renate', '(-Gansner)', 'renate.germann@bluewin.ch', '41797115923', NULL, 'Sägenstrasse 29, 7012 Felsberg, GR'),
('4747709b-eddc-493c-988e-22dcbe93cc9e', 'Germann David, Esther, Manoa und Samira', '(-Moser)', 'davidgermann@gmx.ch', '41792135884', NULL, 'Haarengasse 6, 8463 Benken ZH, ZH'),
('171a4010-208d-4379-b656-38f3c402fc1b', 'Germann', 'Edwin', 'edgermann@hispeed.ch', '', NULL, 'Murifeldweg 60, 3006 Bern, BE'),
('70cd7712-ec8b-4de1-a40f-f5888c2e1d8b', 'Germann Erich und Monica', '(-Keller)', 'e.germann@stafag.ch', '', NULL, 'Morgenstrasse 8, 8512 Thundorf, TG'),
('2375ba7f-65fe-4342-90ee-6aa0a70f23e9', 'Germann Hans und Erika', '(-Moser)', 'hans_germann@sunrise.ch', '', NULL, 'Feldacher 8, 6024 Hildisrieden, LU'),
('7e95f7f7-5af0-4a28-8404-85a98c630afa', 'Germann Hans-Peter und', 'Monica', 'monicag@swissonline.ch', '', NULL, 'Altelsweg 3, 3714 Frutigen, BE'),
('455ec801-8e44-46f4-ab75-2928b8b51379', 'Germann Lisbeth u.', 'Hans-Rudolf', 'hr@germann-gmc.ch', '', NULL, 'Aryanastrasse 17, 8704 Herrliberg, ZH'),
('26f7a9a6-81d7-4734-84d8-0a664460cc36', 'Germann Paul und', 'Rosmarie', 'paul.c.germann@bluewin.ch', '41796470112', NULL, 'Kuhnhubel 33e, 4924 Obersteckholz, BE'),
('319477d0-8e6c-4c8e-8e42-90b17ae2a847', 'Germann Peter, Claudia, Gilles und Michel', '(-Zogg)', 'p.germann@samina.ch', '41793568703', NULL, 'Ahornstrasse 9, 9404 Rorschacherberg, SG'),
('9120c4a1-4442-44da-ae88-544a5b164b5b', 'GERMANN ROBERT', 'CHRISTIAN', 'r-germann@hotmail.ch', '41792848550', NULL, 'Buchholzstrasse 10B, 3604 Thun, BE'),
('f17c92af-3698-4b2a-8afa-5038e75897e2', 'Germann Thomas und Judith', '(-Brunner)', 'thomas.germann@thurweb.ch', '', NULL, 'Oberrindal 11, 9604 Oberrindal, SG'),
('cea45673-800a-4747-90f2-7250649ff8ac', 'Germann Toni und', 'Brigitte', 'toni.germann@bluewin.ch', '41796569542', NULL, 'Flühlistrasse 26B, 3612 Steffisburg, BE'),
('570c3309-60b6-4260-b658-bd2056a95447', 'Germann Ursula', '(-Müller)', 'ugermann@bluewin.ch', '', NULL, 'Plattastutzweg 13, 9476 Fontnas, SG'),
('478369cb-4629-4318-86de-87ee08259d1b', 'Germann', 'Viktor', 'info@germann-architektur.ch', '', NULL, 'Waldmattenstrasse 70, 3778 Schönried, BE'),
('b16c09b9-608b-4ceb-acbc-731a9ef09d82', 'Germann', 'Willy', 'w.germann@bluewin.ch', '', NULL, 'Rundstrasse 15, 8400 Winterthur, ZH'),
('d029010d-f755-4641-952b-7e5fdf170235', 'Germiquet Fabien Cindy Aloïse', 'Lionel', 'f.germiquet@hotmail.com', '41793040197', NULL, 'Chemin des Martinets 7, 2735 Malleray, BE'),
('bf97fd41-e5f2-46eb-bedb-26a66532bf94', 'Germond', 'Patrick', 'pgermond@vtx.ch', '41793012743', NULL, 'Grand-Rue 1, 2520 La Neuveville, BE'),
('24088ed9-26c0-4e9f-94eb-8b6855f97b04', 'Gerny Barbora und Michael', '(-Vojtech)', 'mgerny@sunrise.ch', '', NULL, 'Fritz Gottlieb Pfister-Weg 45, 8703 Erlenbach ZH, ZH'),
('fe1f3c0e-6dd8-4bd4-9963-522bf7b1e779', 'Gersbach', 'Christian', 'cgersbach@dplanet.ch', '41794088139', NULL, 'Schaufelgasse 34A, 4313 Möhlin, AG'),
('c4de2e86-9c01-4a65-908c-703dcf744b96', 'Gerschwiler', 'Milo', 'milo.g@ibm.net', '41794174820', NULL, 'Waldeggstrasse 24, 9500 Wil SG, SG'),
('10ab8f23-e80f-40d1-a883-9276c9a0ec7e', 'Gerspacher Daniela, Jonas und Julian', '(-Piguet)', 'd.gerspacher@bluewin.ch', '', NULL, 'Ravellenweg 26, 4702 Oensingen, SO'),
('6811c9a9-deb6-4963-8081-8f7b169b4881', 'Gerspacher', 'Hanspeter', 'hanspeter.gerspacher@bigfoot.com', '', NULL, 'Roggenfeldstrasse 3, 8424 Embrach, ZH'),
('7a0e18b7-b5f1-472c-a971-bfa7b5223a38', 'Gerspacher', 'Manfred', 'fredi.gerspacher@besonet.ch', '', NULL, 'Gallishofstrasse 6, 4556 Aeschi SO, SO'),
('c0969b08-99da-43fb-8ba7-fcd7301585de', 'Gerstendörfer Renate', '(-Marik)', 'renate@gerstendoerfer.com', '41794422254', NULL, 'Hohlengraben 10, 5015 Erlinsbach SO, SO'),
('2de32af0-108a-469a-aa2d-e2b73e496a44', 'Gerster Joerg und Erika', '(-Loeliger)', 'j_gerster@bluewin.ch', '41793202971', NULL, 'Ahornweg 11, 4147 Aesch BL, BL'),
('744dc02e-7631-45e4-b61c-b528133bd560', 'Gerstetter', 'Pascal', 'marc.gerstetter@bluewin.ch', '41793569949', NULL, 'Feldeggstrasse 6, 8645 Jona, SG'),
('a254ceb7-2fa5-4a0d-94c8-0346c395fe07', 'Gertsch', 'Elisabeth', 'ege@quicknet.ch', '41793103270', NULL, 'Schmockenstrasse 174, 3803 Beatenberg, BE'),
('98c21b3e-431b-45bc-8bf3-1059b73efd9c', 'Gertsch Hansruedi', '(-Zurbuchen)', 'hr.gertsch@bluewin.ch', '', NULL, 'Sametweg 14, 3818 Grindelwald, BE'),
('2ecec7a2-326c-414e-98e3-27f8c85ac282', 'Gertsch Hansueli und Patricia', '(-Dischner)', 'hansueli.gertsch@icloud.com', '41792911517', NULL, 'Bühl 16G, 3814 Gsteigwiler, BE'),
('0920e97f-fdee-4741-847f-331df6a26200', 'Gertsch Martin und Elisabeth', '(-Weber)', 'familie.martin.gertsch@bluewin.ch', '', NULL, 'Narzissenweg 2, 3426 Aefligen, BE'),
('75ffe0b2-5286-490a-a486-a06cd344b106', 'Gertsch', 'Niklaus', 'gertsch@vtxmail.ch', '41793659093', NULL, 'Schonegg 1330A, 3823 Wengen, BE'),
('d8509d1c-847c-4f1d-b5bb-b6ddc24e3f68', 'Gertsch Roland und Gönül', '(-Yag)', 'gertsch@vasellari.ch', '', NULL, 'Heilbronnerstrasse 1, 4500 Solothurn, SO'),
('9725ecf3-51a7-44d5-968f-b734de677ce1', 'Gervasio Lüscher', 'Antonietta', 'l.antonietta@bluewin.ch', '', NULL, 'Hohrietrain 6, 9404 Rorschacherberg, SG'),
('1c430c6d-54ec-44e6-8e0c-57f9acc4dbb3', 'Gerwig Helmut und Barbara', '(-Liniger)', 'hgerwig@bluewin.ch', '', NULL, 'Haspelweg 38, 3006 Bern, BE'),
('893424d4-212c-41b1-9a9c-b3bfc185d5c2', 'Gerwig Petra', '(-Kälin)', 'petra.gerwig@ggaweb.ch', '41793057143', NULL, 'Badenerstrasse 21, 8004 Zürich, ZH'),
('5323d430-7581-403e-b1b6-0e7ee56ffc13', 'Gerzner', 'Roger', 'gerzi@datacomm.ch', '', NULL, 'Winklerstrasse 5A, 8424 Embrach, ZH'),
('fc889511-9b37-4703-b703-5fdb1b89ed15', 'GES D''Amico', 'GmbH', 'info@ges-damico.ch', '41768316331', NULL, 'Eichgutweg 12A, 3053 Münchenbuchsee, BE'),
('aef7ed47-b4a5-42b1-ab16-be3153837ca2', 'Gesell', 'Gerd', 'gerd.gesell@bluewin.ch', '41796607994', NULL, 'Muttenstrasse 37, 5712 Beinwil am See, AG'),
('ef5bcc33-853d-4de4-a18c-0d7ac2afdfb5', 'Geser René und Anna-Lena', '(-Hettich)', 're.geser@bluewin.ch', '41787130306', NULL, 'Im Stadelacker 12, 9212 Arnegg, SG'),
('c7c0c262-a1a2-4bbb-a458-95d68fcd2926', 'Geser', 'Seraina', '7000@gmx.ch', '41786009800', NULL, 'Via Cuschas 6, 7013 Domat/Ems, GR'),
('2112676b-896a-44a3-8909-76fb553654a1', 'Gesierich Kurt und Edith', '(-Mathys)', 'kurt.gesierich@bluewin.ch', '', NULL, 'Husenrainstrasse 8, 6354 Vitznau, LU'),
('2e8a4d99-f6f4-4f27-8a92-635ee624517a', 'Gessert', 'Alexander', 'gessert@alexandergessert.ch', '41794373730', NULL, 'Stampfenbachstrasse 125, 8006 Zürich, ZH'),
('8fa39676-c69d-4c1c-b1e2-2deec8211c9d', 'Gessler', 'Peter', 'gessler@ebmnet.ch', '', NULL, 'Pappelweg 10, 4142 Münchenstein, BL');

INSERT INTO leads (id, contact_id, source, status, value, notes) VALUES
('c340b33d-1fb6-46c9-b0ee-d1eecd8fd838', '3b40622e-8110-4e20-b1df-e0c72bc72f75', 'KALTAKQUISE', 'ACTIVE', 0, NULL),
('75bcdfe3-b004-4c89-9de5-ba7bd159164b', '2b1e0522-50ae-4c3c-8489-b07d30199371', 'KALTAKQUISE', 'ACTIVE', 0, NULL),
('28ad5b38-19f8-43f8-a6dc-8fc4af8eb9de', 'a0aab2db-0d30-4acc-8a09-1c2bfa5145e8', 'KALTAKQUISE', 'ACTIVE', 0, NULL),
('d541823d-3182-4e01-840b-9f16d3a73b39', 'bcb4134a-0602-4925-8d3a-977e9bbedbfd', 'KALTAKQUISE', 'ACTIVE', 0, NULL),
('6eaf5dfc-f9b2-413c-b759-51287fccdcc6', 'd566c457-45c4-4d19-bad1-20da9451b025', 'KALTAKQUISE', 'ACTIVE', 0, NULL),
('72f4bca9-eaa6-4e70-acae-fc1eaa90fa06', '554357f3-9c0a-4809-9951-9753f59f6f75', 'KALTAKQUISE', 'ACTIVE', 0, NULL),
('7360e8ef-fdec-4050-9e98-7811b6abd475', 'a10a57dc-af59-4452-b1fd-3f7fadec12b2', 'KALTAKQUISE', 'ACTIVE', 0, NULL),
('d6047742-8880-4b5c-9699-2d7db16aa065', '93b6a64b-fe48-4764-b460-470a9f491c97', 'KALTAKQUISE', 'ACTIVE', 0, NULL),
('5542ed71-0bc4-40b6-a33c-c7cece602168', '147b2e25-d613-4cb2-b085-209125202cb0', 'KALTAKQUISE', 'ACTIVE', 0, NULL),
('633233d3-8690-45a2-aa2e-71061ea6a14f', 'a6b90c02-b681-4eba-9b71-6a47ea1d0643', 'KALTAKQUISE', 'ACTIVE', 0, NULL),
('76a6efd9-bfb0-4f99-bed8-5caebd4e0236', '7de60a8f-28b4-4627-b27c-1fc850e9278d', 'KALTAKQUISE', 'ACTIVE', 0, NULL),
('723748a9-f6fe-40d8-ad77-645ad54f88de', 'bf6ee7e5-7685-49f3-b2a0-8f8fae6bf4b9', 'KALTAKQUISE', 'ACTIVE', 0, NULL),
('0b642032-9f09-418c-af89-3f2b6b268687', 'f9f0c767-7342-4e9e-8483-9c2c3b52ff52', 'KALTAKQUISE', 'ACTIVE', 0, NULL),
('c66c28a1-72f7-4bdb-a663-810ba8eb2738', '6f786ed3-7832-49e8-9a93-10d9ba243303', 'KALTAKQUISE', 'ACTIVE', 0, NULL),
('709ae308-469c-42b3-b384-f27c5310faa1', 'b039cc51-431e-4914-a3e0-fa90c6d41b3b', 'KALTAKQUISE', 'ACTIVE', 0, NULL),
('aed0f88c-f072-4c25-b319-15c34bf0261c', '78b4b6ad-dd85-4618-bb36-1037b8ef1a7e', 'KALTAKQUISE', 'ACTIVE', 0, NULL),
('ddd9929e-0568-4fba-895a-3eac4682a296', '52110002-bf65-4091-b3c1-b875b1ceadf8', 'KALTAKQUISE', 'ACTIVE', 0, NULL),
('217e8789-9abf-4964-bc8f-51a703613655', '39b62bc6-9583-4e6f-b953-3ec22824dca3', 'KALTAKQUISE', 'ACTIVE', 0, NULL),
('526b2b65-6034-4ec8-883b-b7bdb078a8ed', 'ce8fe4bd-5be8-4273-95fb-57856a03d680', 'KALTAKQUISE', 'ACTIVE', 0, NULL),
('e7e44506-45a8-423c-a69a-c4889330822f', 'd5fefc06-894d-4336-bd9e-b5b4d077a301', 'KALTAKQUISE', 'ACTIVE', 0, NULL),
('a6f02001-c67e-40af-87ec-acc354bcfb16', '244bb09f-c252-48d5-aea2-ac1dfe36768a', 'KALTAKQUISE', 'ACTIVE', 0, NULL),
('d763db5d-2cee-4cf2-a1ef-b1b8b14a9704', 'e811121f-462f-4452-8e8c-d3b66542420f', 'KALTAKQUISE', 'ACTIVE', 0, NULL),
('f0f29059-711e-4b57-9434-1227c9d43f23', '3dc5d9da-98ba-439e-a791-f5faed05d308', 'KALTAKQUISE', 'ACTIVE', 0, NULL),
('a1d89701-2e4a-46fa-b490-88ef55bd425e', 'd3212232-fec8-431e-b320-63395af7dd5f', 'KALTAKQUISE', 'ACTIVE', 0, NULL),
('7fe57f31-db93-49d5-96de-3849b6d2beac', '5b476f1c-75af-481c-9e7e-266e9321a923', 'KALTAKQUISE', 'ACTIVE', 0, NULL),
('aa71efa3-7b6f-44a3-96f6-e9a70577f08d', '31ccada0-91c6-4602-bb82-155fe3ea3ad8', 'KALTAKQUISE', 'ACTIVE', 0, NULL),
('4e20d7ba-49b4-40c8-8a74-6f636a5973ef', '0bdd8193-d1f7-4158-be99-fcd803737ace', 'KALTAKQUISE', 'ACTIVE', 0, NULL),
('fdc0fabd-1960-44a4-b860-499df3c7c988', 'd9ba2649-edd2-4cf7-bc9d-14d3ab6d4011', 'KALTAKQUISE', 'ACTIVE', 0, NULL),
('dc69ca80-44d5-4fc6-8071-82b0d5d46bc9', '55304902-6fa9-4c7e-9462-8951cd0a0e0c', 'KALTAKQUISE', 'ACTIVE', 0, NULL),
('958fc5bb-d701-4ab5-aaf2-463858b4e2bb', '9be7c33f-2243-4427-a0f0-2ae0f964b08a', 'KALTAKQUISE', 'ACTIVE', 0, NULL),
('105f6527-8da7-46e0-9eaf-3a1a7acf7bb7', '6f79da60-fb56-4b73-867a-df8d8673844e', 'KALTAKQUISE', 'ACTIVE', 0, NULL),
('528920e2-c44a-4202-b9e2-b0f63e04fbc8', '3dbefc4b-ffca-4b6d-84dd-7bd86fcb58e5', 'KALTAKQUISE', 'ACTIVE', 0, NULL),
('9156d0fd-6a0e-4dff-81e4-1b61370a2831', '81057f77-c6cb-4b65-a89b-072d308c52d0', 'KALTAKQUISE', 'ACTIVE', 0, NULL),
('5eb02641-4b6e-47ba-a20d-de09d31b91bd', '27e33629-b37e-4c79-bc27-a031a9034376', 'KALTAKQUISE', 'ACTIVE', 0, NULL),
('be7e3b65-6a45-46c9-991b-9a0f05927081', '0dfc0c44-e2e2-4a70-a63b-5c79f2027916', 'KALTAKQUISE', 'ACTIVE', 0, NULL),
('247d5b36-e0f1-4b8a-8b77-41804f04ba59', '468f8faa-b0d4-47af-94b2-fd61a55afcda', 'KALTAKQUISE', 'ACTIVE', 0, NULL),
('b2cf3f1d-06c7-4956-8cc8-13b58270ca8e', '2ed16600-d82e-4dd4-bcea-89e7f382b36c', 'KALTAKQUISE', 'ACTIVE', 0, NULL),
('d29aa7c5-6b26-47a6-a6cf-3e991436c1d6', '8a8aacd1-ef8f-4add-9049-599399b80773', 'KALTAKQUISE', 'ACTIVE', 0, NULL),
('d93b96ef-925c-41ef-90c9-c0a646debb7d', '9a0914f3-5d56-45ea-a47f-be99ed564d9a', 'KALTAKQUISE', 'ACTIVE', 0, NULL),
('c35bf249-46a4-483c-ab6c-78744adb519b', 'b30d3533-a44d-4a34-b55c-831ba631f8e4', 'KALTAKQUISE', 'ACTIVE', 0, NULL),
('1eca59d9-9f9c-4731-a436-d23210c623db', 'fa74572a-9716-4904-8d86-fd2d53436e91', 'KALTAKQUISE', 'ACTIVE', 0, NULL),
('bc09f267-d364-4df8-8799-58d2b70971ca', 'eabfdedc-99d8-4f72-aa6c-28f9a0bff88e', 'KALTAKQUISE', 'ACTIVE', 0, NULL),
('19487984-c5fd-4c0b-ae82-4ceaab8e3c7f', '16ed988f-d413-4d57-bccd-9242e76f0d55', 'KALTAKQUISE', 'ACTIVE', 0, NULL),
('2257cf8d-297c-4fb4-b393-9b4fda314181', 'a43df30c-0680-4723-aa71-6c6202e806cb', 'KALTAKQUISE', 'ACTIVE', 0, NULL),
('138398d0-a316-4b8b-b1b5-f43f8d7f77f2', 'e5826ace-5893-436e-9e10-e572ba834b2b', 'KALTAKQUISE', 'ACTIVE', 0, NULL),
('5380e4b9-6213-4e16-86d7-ead5a6bf2518', 'd320f1c7-cd47-4a99-a905-1fb19fda1763', 'KALTAKQUISE', 'ACTIVE', 0, NULL),
('bb80f8fe-2171-4532-b3eb-5dfd7e0e2e24', '3f10d0da-37a7-4251-8c0f-ab8028438eee', 'KALTAKQUISE', 'ACTIVE', 0, NULL),
('1b0962e6-34f9-4597-9879-2f75b7409d43', 'e138502e-2659-4ae2-8366-6570a4d3a8c4', 'KALTAKQUISE', 'ACTIVE', 0, NULL),
('ca593870-a4a7-4c8b-a567-acbd72e6ecac', '03c6b436-9090-4bec-8708-f53d159e840e', 'KALTAKQUISE', 'ACTIVE', 0, NULL),
('3e2415c3-67f0-4351-ad3d-6cfea7cc6d8e', '5f13372d-6cb7-4177-91fe-07be051fd6a1', 'KALTAKQUISE', 'ACTIVE', 0, NULL),
('2feeed56-c690-4eaf-a1e0-305a6f47de7e', '3503c52f-fc07-4b7a-a479-f50acdbf11cc', 'KALTAKQUISE', 'ACTIVE', 0, NULL),
('4ffe6426-fa1f-460b-addc-9ceb6d878c6c', '8f310296-feb2-4596-80b5-1356d6c8bb96', 'KALTAKQUISE', 'ACTIVE', 0, NULL),
('b528cc4c-b2e3-48e0-8f6f-3e90c532f362', '2cd9908f-0f13-437e-bb5a-65d7f68c3716', 'KALTAKQUISE', 'ACTIVE', 0, NULL),
('4fbfd431-6559-491e-85c2-1908de8e6047', '84005ef2-8b82-40eb-b359-59fd5ea4d7ca', 'KALTAKQUISE', 'ACTIVE', 0, NULL),
('1d22446a-a985-4ab4-a7d4-049044266114', '34420c93-04e0-451d-869c-3060ac6e180d', 'KALTAKQUISE', 'ACTIVE', 0, NULL),
('654b091d-42bc-4445-b91d-3108595a442f', 'fc339a53-644e-4cab-97aa-300254883ff4', 'KALTAKQUISE', 'ACTIVE', 0, NULL),
('e7a0eba0-3c10-4ccb-846c-df19c4e68d6a', 'a8600e84-b7c0-449e-a6bc-3a918b383a40', 'KALTAKQUISE', 'ACTIVE', 0, NULL),
('703f6830-47d3-4666-84b0-9dc177c58087', '3275005b-47a2-4616-8bb2-5bb718785360', 'KALTAKQUISE', 'ACTIVE', 0, NULL),
('7a17d843-87a2-4719-b3c8-3dafdf9aab8d', 'd1170756-8810-40ae-928c-e41be0fa63e5', 'KALTAKQUISE', 'ACTIVE', 0, NULL),
('8367b59c-89fc-4cf9-9b56-bf8b1e41f82e', '0ade8f02-f11f-4797-a0c8-8072ec2f95bc', 'KALTAKQUISE', 'ACTIVE', 0, NULL),
('86f8678c-1dcd-4e4c-9190-bbd32b552f73', 'b3c23a54-9009-4bb3-8cfb-21abeed3274c', 'KALTAKQUISE', 'ACTIVE', 0, NULL),
('36b3c66b-4c86-4c75-b773-b65642f30e73', 'd509f33b-3351-4242-98a5-16b7880c0875', 'KALTAKQUISE', 'ACTIVE', 0, NULL),
('bed52318-1b74-4cd0-91a4-a952fcac1a95', '77c2fede-d1fa-4a4e-81f7-11bb5de5bc5a', 'KALTAKQUISE', 'ACTIVE', 0, NULL),
('69ce6da8-93ec-4405-a70e-0f544f16a710', '83f79014-9f46-48e3-ba0d-a65470551bb3', 'KALTAKQUISE', 'ACTIVE', 0, NULL),
('0a1eaa07-2198-4e3f-a0b0-5eb934a7d276', '73fdace4-cd5c-42aa-a27b-8a21069259a1', 'KALTAKQUISE', 'ACTIVE', 0, NULL),
('2af5eeea-1892-4bf9-b920-04ac4b908523', '8f0628df-e9f9-45e8-bdaf-57e790ddd837', 'KALTAKQUISE', 'ACTIVE', 0, NULL),
('21142841-c82c-440b-906a-b6e34ff3de29', '61138980-cbde-4e15-b81d-d41bab2167ce', 'KALTAKQUISE', 'ACTIVE', 0, NULL),
('4d5fdf00-30cc-49a6-8401-754c7b333d23', 'df92ca73-3bb4-4dc8-a037-b3b21f6db415', 'KALTAKQUISE', 'ACTIVE', 0, NULL),
('805d8828-c282-4546-9c38-d7ccfd24490a', '747e6c7c-2fbc-46a5-971f-11682297f3f1', 'KALTAKQUISE', 'ACTIVE', 0, NULL),
('d3274cdf-de31-40fb-b1e8-c044d0a283db', '51f1bd08-84d7-4919-8222-e3a5f9c09dcb', 'KALTAKQUISE', 'ACTIVE', 0, NULL),
('e74b63c7-73bb-4b8f-9ecd-436850d5f48f', '8313f4eb-8722-45ce-a7fd-d2524faf8afa', 'KALTAKQUISE', 'ACTIVE', 0, NULL),
('ec0d5b82-4ef2-4a90-becb-387e3146c4e4', '4f67c974-0005-4677-b5c5-7965acbacd59', 'KALTAKQUISE', 'ACTIVE', 0, NULL),
('21c6fbc3-3e7b-4d72-94f2-a7cb7f7a1a29', '338a5959-0287-4864-b6d5-cd4f71218dfd', 'KALTAKQUISE', 'ACTIVE', 0, NULL),
('c2a29f04-6971-4bf7-9228-c3cc14f8bdcb', 'e08da256-679a-461f-a0bd-d1311366671b', 'KALTAKQUISE', 'ACTIVE', 0, NULL),
('f8f83189-769d-45fc-8262-aa1c05a0195a', 'c901c33e-47f7-494a-8f7c-a97ad2d2c3be', 'KALTAKQUISE', 'ACTIVE', 0, NULL),
('93aa23ac-50b0-4f1d-ac52-3f2a998cdba4', 'c19c4417-a478-4250-85e4-2c002aa195b1', 'KALTAKQUISE', 'ACTIVE', 0, NULL),
('f780ad36-8168-4664-9237-335fc67e5a4e', '8340d256-5fbe-435b-8390-b73f726dce57', 'KALTAKQUISE', 'ACTIVE', 0, NULL),
('4410a071-d1c2-47e5-b7bc-d2bd3e0c5d3c', '68e0c8f9-c934-4c67-9f37-dc0b69cb36c1', 'KALTAKQUISE', 'ACTIVE', 0, NULL),
('06743b47-4aec-45c6-b4f2-b55ebd1d8542', '1a3cb493-16cf-4857-a292-c74784210929', 'KALTAKQUISE', 'ACTIVE', 0, NULL),
('6d1b05d2-37ae-405e-9efd-1d23eb9d3c55', '7c34f543-95f4-4a77-b928-0b01e1132175', 'KALTAKQUISE', 'ACTIVE', 0, NULL),
('64fddf2d-1338-4750-889c-5078e19ebd50', 'f478a4c2-012f-46b0-8868-ac94e7cf9b66', 'KALTAKQUISE', 'ACTIVE', 0, NULL),
('6031a6f3-4625-43af-9e88-9e36594ba467', '09492a5d-52bd-40d4-96ba-8fe9bae24955', 'KALTAKQUISE', 'ACTIVE', 0, NULL),
('5d8d0c12-ad77-48fb-8c7e-a4029f389c7e', '407c9ff1-5c8d-48b3-a789-6502be84ea15', 'KALTAKQUISE', 'ACTIVE', 0, NULL),
('91abbc0b-51f7-4518-8aed-66c84c39c1a4', '59145eb7-c039-4400-8507-cf9f23108a79', 'KALTAKQUISE', 'ACTIVE', 0, NULL),
('5f424c91-6f36-4f3c-b09b-3b37051b5708', 'a2945652-ec55-4534-a4a7-e22150976c33', 'KALTAKQUISE', 'ACTIVE', 0, NULL),
('c89bf08f-0e48-46f2-a54b-ac2b4556d45b', 'be41729b-05d4-42ae-a03f-2f58d9dfdece', 'KALTAKQUISE', 'ACTIVE', 0, NULL),
('6368ae05-f985-4bad-8110-f36ef551d1da', '1683031d-cab2-439d-bf5c-cca8f9d479c7', 'KALTAKQUISE', 'ACTIVE', 0, NULL),
('afd180e4-8719-442e-9903-38888f5670c0', 'ac63ff39-4db1-47bd-885e-25767dcef83d', 'KALTAKQUISE', 'ACTIVE', 0, NULL),
('e3d6635a-02f0-4345-be12-65ec3b9e10e7', 'b202a283-8fc7-44c8-a64b-7ece7fed0402', 'KALTAKQUISE', 'ACTIVE', 0, NULL),
('6fcb6392-dcce-47a6-af63-de439e17f912', 'aeddb49f-0de2-4e06-9514-faeb85508cad', 'KALTAKQUISE', 'ACTIVE', 0, NULL),
('d8c7df4e-df99-495e-b8ba-1a12b434296d', 'df168c95-decd-4f64-a309-68e5daf5536e', 'KALTAKQUISE', 'ACTIVE', 0, NULL),
('6104a1b5-f586-4d49-92d0-ca0875745845', '86f48eb1-beb5-4aa7-a445-18ea99b9aab6', 'KALTAKQUISE', 'ACTIVE', 0, NULL),
('cf6f1bdf-f277-485e-8c38-33727c7bee4f', '48c97cd4-612b-4e68-bc0f-3c71520c65c3', 'KALTAKQUISE', 'ACTIVE', 0, NULL),
('43a8ac45-d11c-4d47-9078-644d0dad3745', '0bcea113-4e66-490b-9d33-c8c7815cd6c4', 'KALTAKQUISE', 'ACTIVE', 0, NULL),
('cecc049c-5b28-49f1-a65b-e1fa34f83efe', '2a9a67c9-f4b9-402f-b8a8-056294baf0af', 'KALTAKQUISE', 'ACTIVE', 0, NULL),
('37ebe9bf-1d70-4c5e-9cf0-37c7970d1ebc', '304cbbc5-b92e-4bde-a938-37d6e641b73e', 'KALTAKQUISE', 'ACTIVE', 0, NULL),
('970c44a4-e5f8-4b2f-b296-121fe3d27fe8', '1cbef8b3-8820-4dbb-9c45-0eeb08228cd1', 'KALTAKQUISE', 'ACTIVE', 0, NULL),
('fbe09c47-a3f9-4e79-9ba7-dbc132c12e3c', 'b26ed827-7e67-4ca9-9a6f-2cb22e4ca8c3', 'KALTAKQUISE', 'ACTIVE', 0, NULL),
('666a5e2e-2d7a-44db-a877-a97d769333e3', '64a9e825-cf63-4066-a1b2-2098f11eb8b0', 'KALTAKQUISE', 'ACTIVE', 0, NULL),
('37eccf2c-e177-481f-81e5-eae8256688be', 'dccea4a4-2580-4e55-91f0-4aab0916e984', 'KALTAKQUISE', 'ACTIVE', 0, NULL),
('8e47d208-93ef-41ea-83ef-d464140edbac', 'ae67feb1-0210-49c6-b492-a1299ba06b6e', 'KALTAKQUISE', 'ACTIVE', 0, NULL),
('951b03b1-a6d9-43ae-a727-59d36aa82fc1', '30083a75-7591-4909-8bc9-aae8d0e818bb', 'KALTAKQUISE', 'ACTIVE', 0, NULL),
('60877681-26e2-4879-ae59-6b4e98441436', 'd91e9c50-9eb5-49fb-aa93-0ce5fda96320', 'KALTAKQUISE', 'ACTIVE', 0, NULL),
('fe32a0d2-40fd-4a86-93b5-5b2ff9627d8e', 'b2a5fc80-b928-4c5e-a36a-0113d466e18b', 'KALTAKQUISE', 'ACTIVE', 0, NULL),
('97dd451a-39ca-40ad-baf0-d4bcd7a540e1', '9ab438e1-b348-43cc-bfba-9da7949cdc64', 'KALTAKQUISE', 'ACTIVE', 0, NULL),
('37459834-bab3-445a-bf86-3f869244dcb5', '08cfe952-363f-4539-b7ff-54e7847c112b', 'KALTAKQUISE', 'ACTIVE', 0, NULL),
('3a2e9981-d31b-4c12-89ff-463d83d8c701', '61a11c86-eeed-4fd2-be6a-d57db5f983e4', 'KALTAKQUISE', 'ACTIVE', 0, NULL),
('77bb9fcc-a407-4623-a0d8-d21fe60fa387', 'cc492171-ce34-47db-be71-f3e0f0d9901e', 'KALTAKQUISE', 'ACTIVE', 0, NULL),
('78c08465-a7af-43a1-a208-3a748be4ec3e', '6899bbfb-98b3-4511-aab9-3f698f6a4be4', 'KALTAKQUISE', 'ACTIVE', 0, NULL),
('dc76ac06-b43e-45d0-a40f-9c7a523dca88', '19c68628-49cc-4899-818f-8ab47542bfc4', 'KALTAKQUISE', 'ACTIVE', 0, NULL),
('2fad04ed-1078-4839-b94b-22fc5ef5e076', '94c2422b-94d3-4c0d-8b79-1abe6ba6f7b6', 'KALTAKQUISE', 'ACTIVE', 0, NULL),
('3b103277-3660-4fda-9211-84ffe962415e', 'efe18d70-2022-41c9-b4dc-4daee9b7c680', 'KALTAKQUISE', 'ACTIVE', 0, NULL),
('011519f4-c75c-4972-9bbc-f5d6a495591d', '1d6fd32d-a7c3-488d-8a2c-5688e246acb0', 'KALTAKQUISE', 'ACTIVE', 0, NULL),
('e3698588-3f4c-438a-9a1c-f10f39a9c6ae', 'a7812f08-7811-4478-94b3-e0f696695f6f', 'KALTAKQUISE', 'ACTIVE', 0, NULL),
('e89cdc12-d162-40d6-85be-b53c472e61cb', '4a395d88-8f39-4407-8cff-3da64e740d15', 'KALTAKQUISE', 'ACTIVE', 0, NULL),
('99c9d8f2-853e-4e69-9445-5d0b20efa45a', '37bbafc3-97a3-45a5-9c19-a4a8134490f6', 'KALTAKQUISE', 'ACTIVE', 0, NULL),
('40791503-b78a-420f-9973-96d8b41e0b61', '61d6d3c5-4ddc-4274-8d5c-dad51e79c34c', 'KALTAKQUISE', 'ACTIVE', 0, NULL),
('481180ae-7369-4cab-8ac7-df64ced9adfe', 'ac5c281a-81d6-4c8b-adaa-fdfc4986253c', 'KALTAKQUISE', 'ACTIVE', 0, NULL),
('ed782de7-14c2-4294-aae0-991301f01c5a', 'ab544893-294f-41e4-a4bf-37f6a895211a', 'KALTAKQUISE', 'ACTIVE', 0, NULL),
('6e9abef6-d221-4a4a-9efa-028228557c60', '83cf2695-9b89-4701-bde7-350196046e8a', 'KALTAKQUISE', 'ACTIVE', 0, NULL),
('04d535d9-6bed-4d6e-afa3-7a6cb157d307', 'a7548a36-978d-43ed-9681-019df8a5c08a', 'KALTAKQUISE', 'ACTIVE', 0, NULL),
('2aa3934d-7da4-467d-8d34-e45d6d4e06d6', 'd9d225ef-d0f7-4f50-9318-f63166d5ab97', 'KALTAKQUISE', 'ACTIVE', 0, NULL),
('8f5ed0aa-23ab-4f73-bfa5-97838d9b93e4', '41beedbf-dae9-4566-9632-1c3010b30670', 'KALTAKQUISE', 'ACTIVE', 0, NULL),
('4fabeded-2eae-4e33-8f91-3f6686741abc', '3ed78623-d299-4486-9b30-9cd0ae3382b0', 'KALTAKQUISE', 'ACTIVE', 0, NULL),
('7e7fb9dc-5c53-42a7-8060-538438efe6a7', 'f1753a1b-0720-442f-9b61-d5930a2cbd75', 'KALTAKQUISE', 'ACTIVE', 0, NULL),
('ffd9a271-2ffa-416a-92d6-de65bea2822b', 'de72f422-05e4-48fe-ae57-4fc699f9ac10', 'KALTAKQUISE', 'ACTIVE', 0, NULL),
('e3d843cd-3044-473f-b64c-7ea504368586', '3ffebcfe-e4e2-465e-9337-546c6b4e04df', 'KALTAKQUISE', 'ACTIVE', 0, NULL),
('fcea766c-f998-4230-a6e6-08e1f263f7cf', '76a6e440-133f-41e1-8fcf-420caf0aa35c', 'KALTAKQUISE', 'ACTIVE', 0, NULL),
('081d703d-a7d3-4f7d-9d7d-3b777c2cf698', '322efb80-565f-4646-a500-e1fd25b73d6f', 'KALTAKQUISE', 'ACTIVE', 0, NULL),
('62be2614-5699-4f3d-9f26-b4f5e14a607f', '6c29f7e3-7cf8-43aa-b8e8-287ab0d5a649', 'KALTAKQUISE', 'ACTIVE', 0, NULL),
('9d1839b3-83bc-452b-b653-0d20aab4c2fc', '0ac7858f-8c1f-4923-9f65-78deba4a648a', 'KALTAKQUISE', 'ACTIVE', 0, NULL),
('f741e775-2df6-48b3-9111-7d2942509bbf', 'fd49b784-2f36-4da9-8be6-212d000108cd', 'KALTAKQUISE', 'ACTIVE', 0, NULL),
('c13bc240-616c-4485-a490-b916ba223ebc', 'e819d425-04d5-4c32-b7a2-c515e6d2f406', 'KALTAKQUISE', 'ACTIVE', 0, NULL),
('3411ad2d-0539-4218-a4f0-1ad7a9de27bf', 'ab53082d-fedd-4ab1-9384-e790b5e4f46f', 'KALTAKQUISE', 'ACTIVE', 0, NULL),
('49974236-4f47-4f7c-9116-93f21f28a800', 'b1dd983a-f60b-4285-896c-be20bb759e99', 'KALTAKQUISE', 'ACTIVE', 0, NULL),
('f1b2a2e9-f508-4e71-9766-0ec7f8c5a4d2', '9ceb65ff-f9b4-4ec3-8c74-561c9834b59a', 'KALTAKQUISE', 'ACTIVE', 0, NULL),
('16ba7aa0-e367-4c2a-af2b-5dc5ec901c49', '00f1ecff-2695-47a5-9df2-0f334fec9c52', 'KALTAKQUISE', 'ACTIVE', 0, NULL),
('69cb7205-76ca-43f0-be87-a3296023ff11', '2ccea6b4-3765-45de-887f-8574ed157750', 'KALTAKQUISE', 'ACTIVE', 0, NULL),
('59b4b75e-cdcf-49d3-9b15-a8e9f4b34fdd', '04c86328-eac8-4c7c-a525-83c237dae156', 'KALTAKQUISE', 'ACTIVE', 0, NULL),
('1db8b305-aff4-429e-b627-7a97e1be15de', '5a46f295-085e-4b41-9e54-39ddcee80209', 'KALTAKQUISE', 'ACTIVE', 0, NULL),
('19a8530d-cdfe-4eb8-a7dc-a436dac89e71', '509a0d33-480b-4058-845d-e3ca1928ffdf', 'KALTAKQUISE', 'ACTIVE', 0, NULL),
('8ffede88-f02c-4146-a5bf-f8cc6e3dcf8d', '131ab338-f6d2-43d9-ab62-037b7319b18f', 'KALTAKQUISE', 'ACTIVE', 0, NULL),
('24d4b9c1-38ff-454b-b539-70a4895977c7', '4f25fe33-5164-41ef-95d1-00930d37bf66', 'KALTAKQUISE', 'ACTIVE', 0, NULL),
('b8fdf2a5-8617-4ca6-81c5-e7eb42c4e7cf', '228a369d-dbb1-4f9f-a672-c15a2f225666', 'KALTAKQUISE', 'ACTIVE', 0, NULL),
('b66e5eb6-c253-441d-b4ac-c3026fa89048', '42ff7779-e771-497b-b018-2acb88340891', 'KALTAKQUISE', 'ACTIVE', 0, NULL),
('b4d23cd5-917c-49ed-a7ac-7dc62814c136', '997cc90f-05c8-49e5-a613-bc2356f822b6', 'KALTAKQUISE', 'ACTIVE', 0, NULL),
('18e3e4c8-0c21-4124-a570-503ceed8135e', '96aad1a6-6710-47a9-8daf-67da62d7fad5', 'KALTAKQUISE', 'ACTIVE', 0, NULL),
('c3e306cb-4be6-4eb3-a195-fcf49d2e6319', '82f1649f-e5d7-4832-b5a5-f31498879321', 'KALTAKQUISE', 'ACTIVE', 0, NULL),
('a9a9151a-e83c-472c-8850-7cb6773a621b', 'cdbece8b-3231-4044-9978-46deed7ced90', 'KALTAKQUISE', 'ACTIVE', 0, NULL),
('e9c9d875-b16f-4043-818c-86be6ccc325b', '8b5511f0-95b1-4677-8e6a-c7b49b74e83a', 'KALTAKQUISE', 'ACTIVE', 0, NULL),
('766f2378-4e50-47b3-af02-844727913bb3', 'd229e726-d72a-4f5c-a147-5b4fe4fef4d0', 'KALTAKQUISE', 'ACTIVE', 0, NULL),
('5ac44836-576a-421e-b960-3f5060adf96a', '2b8d63d9-76a4-4afc-abf1-044b3b6cfc01', 'KALTAKQUISE', 'ACTIVE', 0, NULL),
('53f9e2cb-4964-4e27-960a-c0ac1c5b725c', 'bb2d4ac3-f20e-40d2-9e86-7dd1b75f2497', 'KALTAKQUISE', 'ACTIVE', 0, NULL),
('aed3f1f0-2495-4580-a31e-0b8354548b10', 'ff6ef7d0-869e-4224-badb-d6b5b417f855', 'KALTAKQUISE', 'ACTIVE', 0, NULL),
('9f0c28ac-f62d-4fd4-9eb3-55abe65133b0', 'b25a785f-3c74-4c87-9fd8-a1912cd49f56', 'KALTAKQUISE', 'ACTIVE', 0, NULL),
('7184b24d-aa42-4f32-8030-552c20b14d1e', '27d5d308-03bb-4735-bd5e-2916a00172e9', 'KALTAKQUISE', 'ACTIVE', 0, NULL),
('23337a89-45ca-48e0-a546-5955c9053cc9', '6a59f92b-ff2d-4a9d-a785-b28efe39b021', 'KALTAKQUISE', 'ACTIVE', 0, NULL),
('693209b1-7140-4d77-ab21-b8718157738b', 'b4190708-a5c5-4864-a46f-a02369074b6c', 'KALTAKQUISE', 'ACTIVE', 0, NULL),
('73e3ce70-60c4-46ea-90bd-03c63f2a2c01', '4747709b-eddc-493c-988e-22dcbe93cc9e', 'KALTAKQUISE', 'ACTIVE', 0, NULL),
('43f239ab-889f-41b6-a466-dd59fd91fe05', '171a4010-208d-4379-b656-38f3c402fc1b', 'KALTAKQUISE', 'ACTIVE', 0, NULL),
('f611b2d7-d9fb-436c-9522-da14a1330dad', '70cd7712-ec8b-4de1-a40f-f5888c2e1d8b', 'KALTAKQUISE', 'ACTIVE', 0, NULL),
('6b7f37f1-e6d3-46a7-b445-58f39b235da9', '2375ba7f-65fe-4342-90ee-6aa0a70f23e9', 'KALTAKQUISE', 'ACTIVE', 0, NULL),
('759f335a-ae14-4052-8b91-4bfa9724bdc5', '7e95f7f7-5af0-4a28-8404-85a98c630afa', 'KALTAKQUISE', 'ACTIVE', 0, NULL),
('b3ffef59-2774-4d77-b9f1-c3e05bb4d9e7', '455ec801-8e44-46f4-ab75-2928b8b51379', 'KALTAKQUISE', 'ACTIVE', 0, NULL),
('dd653c38-4d59-4e56-ae89-a3fa1fe96d1e', '26f7a9a6-81d7-4734-84d8-0a664460cc36', 'KALTAKQUISE', 'ACTIVE', 0, NULL),
('d354c75e-e27d-43e5-822d-242da340ab19', '319477d0-8e6c-4c8e-8e42-90b17ae2a847', 'KALTAKQUISE', 'ACTIVE', 0, NULL),
('2041a010-39b4-47d0-9506-12d156b0e6b1', '9120c4a1-4442-44da-ae88-544a5b164b5b', 'KALTAKQUISE', 'ACTIVE', 0, NULL),
('0012f3b2-baba-4519-951a-0def594a456a', 'f17c92af-3698-4b2a-8afa-5038e75897e2', 'KALTAKQUISE', 'ACTIVE', 0, NULL),
('c626b8f1-7a5a-4a57-9422-43ad2ee3f5db', 'cea45673-800a-4747-90f2-7250649ff8ac', 'KALTAKQUISE', 'ACTIVE', 0, NULL),
('7a1b5b70-8467-483a-bf13-c1cd45e891fc', '570c3309-60b6-4260-b658-bd2056a95447', 'KALTAKQUISE', 'ACTIVE', 0, NULL),
('b941ed98-97fa-4a97-a876-cbc95967ebac', '478369cb-4629-4318-86de-87ee08259d1b', 'KALTAKQUISE', 'ACTIVE', 0, NULL),
('664f0bb9-d32f-4111-94cf-ba53a8e975b5', 'b16c09b9-608b-4ceb-acbc-731a9ef09d82', 'KALTAKQUISE', 'ACTIVE', 0, NULL),
('05ade652-bfa9-4333-99bd-c459fd3edf75', 'd029010d-f755-4641-952b-7e5fdf170235', 'KALTAKQUISE', 'ACTIVE', 0, NULL),
('74beff1d-0b52-4887-8dde-4fbd50400458', 'bf97fd41-e5f2-46eb-bedb-26a66532bf94', 'KALTAKQUISE', 'ACTIVE', 0, NULL),
('5cbe220f-074a-4720-92e2-a07748fe2331', '24088ed9-26c0-4e9f-94eb-8b6855f97b04', 'KALTAKQUISE', 'ACTIVE', 0, NULL),
('946da82c-1fea-4eb1-86b9-25acf834ee80', 'fe1f3c0e-6dd8-4bd4-9963-522bf7b1e779', 'KALTAKQUISE', 'ACTIVE', 0, NULL),
('c9060390-2c57-4c78-9834-72d7dd2bf124', 'c4de2e86-9c01-4a65-908c-703dcf744b96', 'KALTAKQUISE', 'ACTIVE', 0, NULL),
('78e71274-c35f-4f23-99e3-eaa1c31930b9', '10ab8f23-e80f-40d1-a883-9276c9a0ec7e', 'KALTAKQUISE', 'ACTIVE', 0, NULL),
('4dde606d-fb90-4495-a881-4e0a7247272b', '6811c9a9-deb6-4963-8081-8f7b169b4881', 'KALTAKQUISE', 'ACTIVE', 0, NULL),
('7ea0cec8-4c7a-4598-9b79-69971cd82b85', '7a0e18b7-b5f1-472c-a971-bfa7b5223a38', 'KALTAKQUISE', 'ACTIVE', 0, NULL),
('55a8755e-1702-4c79-90a0-37471a25b02e', 'c0969b08-99da-43fb-8ba7-fcd7301585de', 'KALTAKQUISE', 'ACTIVE', 0, NULL),
('3983efba-66a0-4d8b-afb2-c7f4e49389e6', '2de32af0-108a-469a-aa2d-e2b73e496a44', 'KALTAKQUISE', 'ACTIVE', 0, NULL),
('e5b1700f-3fa3-4934-8101-329268914a41', '744dc02e-7631-45e4-b61c-b528133bd560', 'KALTAKQUISE', 'ACTIVE', 0, NULL),
('8ca43a3a-6654-46a2-897f-68516f20690c', 'a254ceb7-2fa5-4a0d-94c8-0346c395fe07', 'KALTAKQUISE', 'ACTIVE', 0, NULL),
('e5c51e23-fc9f-4a7d-b7da-3e45c6d2e21d', '98c21b3e-431b-45bc-8bf3-1059b73efd9c', 'KALTAKQUISE', 'ACTIVE', 0, NULL),
('702c00d4-c955-4552-8a6c-f9ab4273f453', '2ecec7a2-326c-414e-98e3-27f8c85ac282', 'KALTAKQUISE', 'ACTIVE', 0, NULL),
('5e5220ce-64fe-4275-8233-918c477b760a', '0920e97f-fdee-4741-847f-331df6a26200', 'KALTAKQUISE', 'ACTIVE', 0, NULL),
('95f5c335-d75e-4ad4-8534-4220945a93a4', '75ffe0b2-5286-490a-a486-a06cd344b106', 'KALTAKQUISE', 'ACTIVE', 0, NULL),
('dc26eb2f-2dca-48df-918a-925ef124490e', 'd8509d1c-847c-4f1d-b5bb-b6ddc24e3f68', 'KALTAKQUISE', 'ACTIVE', 0, NULL),
('286cacb6-22bc-41b5-abb1-7103c67a4d5f', '9725ecf3-51a7-44d5-968f-b734de677ce1', 'KALTAKQUISE', 'ACTIVE', 0, NULL),
('b50d5339-59ee-4976-9e95-07f2982be527', '1c430c6d-54ec-44e6-8e0c-57f9acc4dbb3', 'KALTAKQUISE', 'ACTIVE', 0, NULL),
('b5f7fc34-ae37-4f4e-b24f-81e632fdb8ec', '893424d4-212c-41b1-9a9c-b3bfc185d5c2', 'KALTAKQUISE', 'ACTIVE', 0, NULL),
('0946546d-00a6-4f93-a66c-5af712fb1ce6', '5323d430-7581-403e-b1b6-0e7ee56ffc13', 'KALTAKQUISE', 'ACTIVE', 0, NULL),
('f6023ced-1183-4866-b275-17a49c989dcb', 'fc889511-9b37-4703-b703-5fdb1b89ed15', 'KALTAKQUISE', 'ACTIVE', 0, NULL),
('309168d3-0e46-45fb-9dd0-d2df34790344', 'aef7ed47-b4a5-42b1-ab16-be3153837ca2', 'KALTAKQUISE', 'ACTIVE', 0, NULL),
('50288169-8ad0-4295-b356-011a3f847c22', 'ef5bcc33-853d-4de4-a18c-0d7ac2afdfb5', 'KALTAKQUISE', 'ACTIVE', 0, NULL),
('141e6d17-f3db-4de8-9fcc-bd903f70ba96', 'c7c0c262-a1a2-4bbb-a458-95d68fcd2926', 'KALTAKQUISE', 'ACTIVE', 0, NULL),
('1bcaa6b3-542c-4e06-ae0e-20574c430e8a', '2112676b-896a-44a3-8909-76fb553654a1', 'KALTAKQUISE', 'ACTIVE', 0, NULL),
('8897150a-d46d-441a-bc59-6d1469939860', '2e8a4d99-f6f4-4f27-8a92-635ee624517a', 'KALTAKQUISE', 'ACTIVE', 0, NULL),
('57751cea-5405-496f-99b5-de02b5ff841f', '8fa39676-c69d-4c1c-b1e2-2deec8211c9d', 'KALTAKQUISE', 'ACTIVE', 0, NULL);

INSERT INTO lead_tags (lead_id, tag_id) VALUES
('c340b33d-1fb6-46c9-b0ee-d1eecd8fd838', 'ka-b2c'),
('75bcdfe3-b004-4c89-9de5-ba7bd159164b', 'ka-b2c'),
('28ad5b38-19f8-43f8-a6dc-8fc4af8eb9de', 'ka-b2c'),
('d541823d-3182-4e01-840b-9f16d3a73b39', 'ka-b2c'),
('6eaf5dfc-f9b2-413c-b759-51287fccdcc6', 'ka-b2c'),
('72f4bca9-eaa6-4e70-acae-fc1eaa90fa06', 'ka-b2c'),
('7360e8ef-fdec-4050-9e98-7811b6abd475', 'ka-b2c'),
('d6047742-8880-4b5c-9699-2d7db16aa065', 'ka-b2c'),
('5542ed71-0bc4-40b6-a33c-c7cece602168', 'ka-b2c'),
('633233d3-8690-45a2-aa2e-71061ea6a14f', 'ka-b2c'),
('76a6efd9-bfb0-4f99-bed8-5caebd4e0236', 'ka-b2c'),
('723748a9-f6fe-40d8-ad77-645ad54f88de', 'ka-b2c'),
('0b642032-9f09-418c-af89-3f2b6b268687', 'ka-b2c'),
('c66c28a1-72f7-4bdb-a663-810ba8eb2738', 'ka-b2c'),
('709ae308-469c-42b3-b384-f27c5310faa1', 'ka-b2c'),
('aed0f88c-f072-4c25-b319-15c34bf0261c', 'ka-b2c'),
('ddd9929e-0568-4fba-895a-3eac4682a296', 'ka-b2c'),
('217e8789-9abf-4964-bc8f-51a703613655', 'ka-b2c'),
('526b2b65-6034-4ec8-883b-b7bdb078a8ed', 'ka-b2c'),
('e7e44506-45a8-423c-a69a-c4889330822f', 'ka-b2c'),
('a6f02001-c67e-40af-87ec-acc354bcfb16', 'ka-b2c'),
('d763db5d-2cee-4cf2-a1ef-b1b8b14a9704', 'ka-b2c'),
('f0f29059-711e-4b57-9434-1227c9d43f23', 'ka-b2c'),
('a1d89701-2e4a-46fa-b490-88ef55bd425e', 'ka-b2c'),
('7fe57f31-db93-49d5-96de-3849b6d2beac', 'ka-b2c'),
('aa71efa3-7b6f-44a3-96f6-e9a70577f08d', 'ka-b2c'),
('4e20d7ba-49b4-40c8-8a74-6f636a5973ef', 'ka-b2c'),
('fdc0fabd-1960-44a4-b860-499df3c7c988', 'ka-b2c'),
('dc69ca80-44d5-4fc6-8071-82b0d5d46bc9', 'ka-b2c'),
('958fc5bb-d701-4ab5-aaf2-463858b4e2bb', 'ka-b2c'),
('105f6527-8da7-46e0-9eaf-3a1a7acf7bb7', 'ka-b2c'),
('528920e2-c44a-4202-b9e2-b0f63e04fbc8', 'ka-b2c'),
('9156d0fd-6a0e-4dff-81e4-1b61370a2831', 'ka-b2c'),
('5eb02641-4b6e-47ba-a20d-de09d31b91bd', 'ka-b2c'),
('be7e3b65-6a45-46c9-991b-9a0f05927081', 'ka-b2c'),
('247d5b36-e0f1-4b8a-8b77-41804f04ba59', 'ka-b2c'),
('b2cf3f1d-06c7-4956-8cc8-13b58270ca8e', 'ka-b2c'),
('d29aa7c5-6b26-47a6-a6cf-3e991436c1d6', 'ka-b2c'),
('d93b96ef-925c-41ef-90c9-c0a646debb7d', 'ka-b2c'),
('c35bf249-46a4-483c-ab6c-78744adb519b', 'ka-b2c'),
('1eca59d9-9f9c-4731-a436-d23210c623db', 'ka-b2c'),
('bc09f267-d364-4df8-8799-58d2b70971ca', 'ka-b2c'),
('19487984-c5fd-4c0b-ae82-4ceaab8e3c7f', 'ka-b2c'),
('2257cf8d-297c-4fb4-b393-9b4fda314181', 'ka-b2c'),
('138398d0-a316-4b8b-b1b5-f43f8d7f77f2', 'ka-b2c'),
('5380e4b9-6213-4e16-86d7-ead5a6bf2518', 'ka-b2c'),
('bb80f8fe-2171-4532-b3eb-5dfd7e0e2e24', 'ka-b2c'),
('1b0962e6-34f9-4597-9879-2f75b7409d43', 'ka-b2c'),
('ca593870-a4a7-4c8b-a567-acbd72e6ecac', 'ka-b2c'),
('3e2415c3-67f0-4351-ad3d-6cfea7cc6d8e', 'ka-b2c'),
('2feeed56-c690-4eaf-a1e0-305a6f47de7e', 'ka-b2c'),
('4ffe6426-fa1f-460b-addc-9ceb6d878c6c', 'ka-b2c'),
('b528cc4c-b2e3-48e0-8f6f-3e90c532f362', 'ka-b2c'),
('4fbfd431-6559-491e-85c2-1908de8e6047', 'ka-b2c'),
('1d22446a-a985-4ab4-a7d4-049044266114', 'ka-b2c'),
('654b091d-42bc-4445-b91d-3108595a442f', 'ka-b2c'),
('e7a0eba0-3c10-4ccb-846c-df19c4e68d6a', 'ka-b2c'),
('703f6830-47d3-4666-84b0-9dc177c58087', 'ka-b2c'),
('7a17d843-87a2-4719-b3c8-3dafdf9aab8d', 'ka-b2c'),
('8367b59c-89fc-4cf9-9b56-bf8b1e41f82e', 'ka-b2c'),
('86f8678c-1dcd-4e4c-9190-bbd32b552f73', 'ka-b2c'),
('36b3c66b-4c86-4c75-b773-b65642f30e73', 'ka-b2c'),
('bed52318-1b74-4cd0-91a4-a952fcac1a95', 'ka-b2c'),
('69ce6da8-93ec-4405-a70e-0f544f16a710', 'ka-b2c'),
('0a1eaa07-2198-4e3f-a0b0-5eb934a7d276', 'ka-b2c'),
('2af5eeea-1892-4bf9-b920-04ac4b908523', 'ka-b2c'),
('21142841-c82c-440b-906a-b6e34ff3de29', 'ka-b2c'),
('4d5fdf00-30cc-49a6-8401-754c7b333d23', 'ka-b2c'),
('805d8828-c282-4546-9c38-d7ccfd24490a', 'ka-b2c'),
('d3274cdf-de31-40fb-b1e8-c044d0a283db', 'ka-b2c'),
('e74b63c7-73bb-4b8f-9ecd-436850d5f48f', 'ka-b2c'),
('ec0d5b82-4ef2-4a90-becb-387e3146c4e4', 'ka-b2c'),
('21c6fbc3-3e7b-4d72-94f2-a7cb7f7a1a29', 'ka-b2c'),
('c2a29f04-6971-4bf7-9228-c3cc14f8bdcb', 'ka-b2c'),
('f8f83189-769d-45fc-8262-aa1c05a0195a', 'ka-b2c'),
('93aa23ac-50b0-4f1d-ac52-3f2a998cdba4', 'ka-b2c'),
('f780ad36-8168-4664-9237-335fc67e5a4e', 'ka-b2c'),
('4410a071-d1c2-47e5-b7bc-d2bd3e0c5d3c', 'ka-b2c'),
('06743b47-4aec-45c6-b4f2-b55ebd1d8542', 'ka-b2c'),
('6d1b05d2-37ae-405e-9efd-1d23eb9d3c55', 'ka-b2c'),
('64fddf2d-1338-4750-889c-5078e19ebd50', 'ka-b2c'),
('6031a6f3-4625-43af-9e88-9e36594ba467', 'ka-b2c'),
('5d8d0c12-ad77-48fb-8c7e-a4029f389c7e', 'ka-b2c'),
('91abbc0b-51f7-4518-8aed-66c84c39c1a4', 'ka-b2c'),
('5f424c91-6f36-4f3c-b09b-3b37051b5708', 'ka-b2c'),
('c89bf08f-0e48-46f2-a54b-ac2b4556d45b', 'ka-b2c'),
('6368ae05-f985-4bad-8110-f36ef551d1da', 'ka-b2c'),
('afd180e4-8719-442e-9903-38888f5670c0', 'ka-b2c'),
('e3d6635a-02f0-4345-be12-65ec3b9e10e7', 'ka-b2c'),
('6fcb6392-dcce-47a6-af63-de439e17f912', 'ka-b2c'),
('d8c7df4e-df99-495e-b8ba-1a12b434296d', 'ka-b2c'),
('6104a1b5-f586-4d49-92d0-ca0875745845', 'ka-b2c'),
('cf6f1bdf-f277-485e-8c38-33727c7bee4f', 'ka-b2c'),
('43a8ac45-d11c-4d47-9078-644d0dad3745', 'ka-b2c'),
('cecc049c-5b28-49f1-a65b-e1fa34f83efe', 'ka-b2c'),
('37ebe9bf-1d70-4c5e-9cf0-37c7970d1ebc', 'ka-b2c'),
('970c44a4-e5f8-4b2f-b296-121fe3d27fe8', 'ka-b2c'),
('fbe09c47-a3f9-4e79-9ba7-dbc132c12e3c', 'ka-b2c'),
('666a5e2e-2d7a-44db-a877-a97d769333e3', 'ka-b2c'),
('37eccf2c-e177-481f-81e5-eae8256688be', 'ka-b2c'),
('8e47d208-93ef-41ea-83ef-d464140edbac', 'ka-b2c'),
('951b03b1-a6d9-43ae-a727-59d36aa82fc1', 'ka-b2c'),
('60877681-26e2-4879-ae59-6b4e98441436', 'ka-b2c'),
('fe32a0d2-40fd-4a86-93b5-5b2ff9627d8e', 'ka-b2c'),
('97dd451a-39ca-40ad-baf0-d4bcd7a540e1', 'ka-b2c'),
('37459834-bab3-445a-bf86-3f869244dcb5', 'ka-b2c'),
('3a2e9981-d31b-4c12-89ff-463d83d8c701', 'ka-b2c'),
('77bb9fcc-a407-4623-a0d8-d21fe60fa387', 'ka-b2c'),
('78c08465-a7af-43a1-a208-3a748be4ec3e', 'ka-b2c'),
('dc76ac06-b43e-45d0-a40f-9c7a523dca88', 'ka-b2c'),
('2fad04ed-1078-4839-b94b-22fc5ef5e076', 'ka-b2c'),
('3b103277-3660-4fda-9211-84ffe962415e', 'ka-b2c'),
('011519f4-c75c-4972-9bbc-f5d6a495591d', 'ka-b2c'),
('e3698588-3f4c-438a-9a1c-f10f39a9c6ae', 'ka-b2c'),
('e89cdc12-d162-40d6-85be-b53c472e61cb', 'ka-b2c'),
('99c9d8f2-853e-4e69-9445-5d0b20efa45a', 'ka-b2c'),
('40791503-b78a-420f-9973-96d8b41e0b61', 'ka-b2c'),
('481180ae-7369-4cab-8ac7-df64ced9adfe', 'ka-b2c'),
('ed782de7-14c2-4294-aae0-991301f01c5a', 'ka-b2c'),
('6e9abef6-d221-4a4a-9efa-028228557c60', 'ka-b2c'),
('04d535d9-6bed-4d6e-afa3-7a6cb157d307', 'ka-b2c'),
('2aa3934d-7da4-467d-8d34-e45d6d4e06d6', 'ka-b2c'),
('8f5ed0aa-23ab-4f73-bfa5-97838d9b93e4', 'ka-b2c'),
('4fabeded-2eae-4e33-8f91-3f6686741abc', 'ka-b2c'),
('7e7fb9dc-5c53-42a7-8060-538438efe6a7', 'ka-b2c'),
('ffd9a271-2ffa-416a-92d6-de65bea2822b', 'ka-b2c'),
('e3d843cd-3044-473f-b64c-7ea504368586', 'ka-b2c'),
('fcea766c-f998-4230-a6e6-08e1f263f7cf', 'ka-b2c'),
('081d703d-a7d3-4f7d-9d7d-3b777c2cf698', 'ka-b2c'),
('62be2614-5699-4f3d-9f26-b4f5e14a607f', 'ka-b2c'),
('9d1839b3-83bc-452b-b653-0d20aab4c2fc', 'ka-b2c'),
('f741e775-2df6-48b3-9111-7d2942509bbf', 'ka-b2c'),
('c13bc240-616c-4485-a490-b916ba223ebc', 'ka-b2c'),
('3411ad2d-0539-4218-a4f0-1ad7a9de27bf', 'ka-b2c'),
('49974236-4f47-4f7c-9116-93f21f28a800', 'ka-b2c'),
('f1b2a2e9-f508-4e71-9766-0ec7f8c5a4d2', 'ka-b2c'),
('16ba7aa0-e367-4c2a-af2b-5dc5ec901c49', 'ka-b2c'),
('69cb7205-76ca-43f0-be87-a3296023ff11', 'ka-b2c'),
('59b4b75e-cdcf-49d3-9b15-a8e9f4b34fdd', 'ka-b2c'),
('1db8b305-aff4-429e-b627-7a97e1be15de', 'ka-b2c'),
('19a8530d-cdfe-4eb8-a7dc-a436dac89e71', 'ka-b2c'),
('8ffede88-f02c-4146-a5bf-f8cc6e3dcf8d', 'ka-b2c'),
('24d4b9c1-38ff-454b-b539-70a4895977c7', 'ka-b2c'),
('b8fdf2a5-8617-4ca6-81c5-e7eb42c4e7cf', 'ka-b2c'),
('b66e5eb6-c253-441d-b4ac-c3026fa89048', 'ka-b2c'),
('b4d23cd5-917c-49ed-a7ac-7dc62814c136', 'ka-b2c'),
('18e3e4c8-0c21-4124-a570-503ceed8135e', 'ka-b2c'),
('c3e306cb-4be6-4eb3-a195-fcf49d2e6319', 'ka-b2c'),
('a9a9151a-e83c-472c-8850-7cb6773a621b', 'ka-b2c'),
('e9c9d875-b16f-4043-818c-86be6ccc325b', 'ka-b2c'),
('766f2378-4e50-47b3-af02-844727913bb3', 'ka-b2c'),
('5ac44836-576a-421e-b960-3f5060adf96a', 'ka-b2c'),
('53f9e2cb-4964-4e27-960a-c0ac1c5b725c', 'ka-b2c'),
('aed3f1f0-2495-4580-a31e-0b8354548b10', 'ka-b2c'),
('9f0c28ac-f62d-4fd4-9eb3-55abe65133b0', 'ka-b2c'),
('7184b24d-aa42-4f32-8030-552c20b14d1e', 'ka-b2c'),
('23337a89-45ca-48e0-a546-5955c9053cc9', 'ka-b2c'),
('693209b1-7140-4d77-ab21-b8718157738b', 'ka-b2c'),
('73e3ce70-60c4-46ea-90bd-03c63f2a2c01', 'ka-b2c'),
('43f239ab-889f-41b6-a466-dd59fd91fe05', 'ka-b2c'),
('f611b2d7-d9fb-436c-9522-da14a1330dad', 'ka-b2c'),
('6b7f37f1-e6d3-46a7-b445-58f39b235da9', 'ka-b2c'),
('759f335a-ae14-4052-8b91-4bfa9724bdc5', 'ka-b2c'),
('b3ffef59-2774-4d77-b9f1-c3e05bb4d9e7', 'ka-b2c'),
('dd653c38-4d59-4e56-ae89-a3fa1fe96d1e', 'ka-b2c'),
('d354c75e-e27d-43e5-822d-242da340ab19', 'ka-b2c'),
('2041a010-39b4-47d0-9506-12d156b0e6b1', 'ka-b2c'),
('0012f3b2-baba-4519-951a-0def594a456a', 'ka-b2c'),
('c626b8f1-7a5a-4a57-9422-43ad2ee3f5db', 'ka-b2c'),
('7a1b5b70-8467-483a-bf13-c1cd45e891fc', 'ka-b2c'),
('b941ed98-97fa-4a97-a876-cbc95967ebac', 'ka-b2c'),
('664f0bb9-d32f-4111-94cf-ba53a8e975b5', 'ka-b2c'),
('05ade652-bfa9-4333-99bd-c459fd3edf75', 'ka-b2c'),
('74beff1d-0b52-4887-8dde-4fbd50400458', 'ka-b2c'),
('5cbe220f-074a-4720-92e2-a07748fe2331', 'ka-b2c'),
('946da82c-1fea-4eb1-86b9-25acf834ee80', 'ka-b2c'),
('c9060390-2c57-4c78-9834-72d7dd2bf124', 'ka-b2c'),
('78e71274-c35f-4f23-99e3-eaa1c31930b9', 'ka-b2c'),
('4dde606d-fb90-4495-a881-4e0a7247272b', 'ka-b2c'),
('7ea0cec8-4c7a-4598-9b79-69971cd82b85', 'ka-b2c'),
('55a8755e-1702-4c79-90a0-37471a25b02e', 'ka-b2c'),
('3983efba-66a0-4d8b-afb2-c7f4e49389e6', 'ka-b2c'),
('e5b1700f-3fa3-4934-8101-329268914a41', 'ka-b2c'),
('8ca43a3a-6654-46a2-897f-68516f20690c', 'ka-b2c'),
('e5c51e23-fc9f-4a7d-b7da-3e45c6d2e21d', 'ka-b2c'),
('702c00d4-c955-4552-8a6c-f9ab4273f453', 'ka-b2c'),
('5e5220ce-64fe-4275-8233-918c477b760a', 'ka-b2c'),
('95f5c335-d75e-4ad4-8534-4220945a93a4', 'ka-b2c'),
('dc26eb2f-2dca-48df-918a-925ef124490e', 'ka-b2c'),
('286cacb6-22bc-41b5-abb1-7103c67a4d5f', 'ka-b2c'),
('b50d5339-59ee-4976-9e95-07f2982be527', 'ka-b2c'),
('b5f7fc34-ae37-4f4e-b24f-81e632fdb8ec', 'ka-b2c'),
('0946546d-00a6-4f93-a66c-5af712fb1ce6', 'ka-b2c'),
('f6023ced-1183-4866-b275-17a49c989dcb', 'ka-b2c'),
('309168d3-0e46-45fb-9dd0-d2df34790344', 'ka-b2c'),
('50288169-8ad0-4295-b356-011a3f847c22', 'ka-b2c'),
('141e6d17-f3db-4de8-9fcc-bd903f70ba96', 'ka-b2c'),
('1bcaa6b3-542c-4e06-ae0e-20574c430e8a', 'ka-b2c'),
('8897150a-d46d-441a-bc59-6d1469939860', 'ka-b2c'),
('57751cea-5405-496f-99b5-de02b5ff841f', 'ka-b2c');
