-- Batch 99 (200 records)
INSERT INTO contacts (id, first_name, last_name, email, phone, company, address) VALUES
('5eb04b2a-e20e-4ab8-b650-1ff97cd4a53a', 'Rüegsegger', 'Jan', 'jan_regsegger@bluewin.ch', '', NULL, 'Wittnauerstrasse 120B, 4467 Rothenfluh, BL'),
('2bc0e4a4-f6de-461f-88b5-d95e63baa1d2', 'Rüegsegger', 'Markus', 'm-ruegsegger@bluewin.ch', '41793543043', NULL, 'Foribachweg 6, 6060 Sarnen, OW'),
('95dec3d7-3095-405c-81d3-5d57cf108b05', 'Rüegsegger', 'Peter', 'prueegsegger@hotmail.com', '41798283075', NULL, 'Ifangstrasse 81B, 8153 Rümlang, ZH'),
('744e3adc-97d7-4b2d-a322-d27e146a202f', 'Rüegsegger', 'Roger', 'arch.rueegsegger@bluewin.ch', '', NULL, 'Rebhalde 11, 5620 Bremgarten AG, AG'),
('cd55263c-b403-4ec1-9009-054d1400f319', 'Rüegsegger Roland und Katrin', '(-Gipp)', 'rueegipp@bluewin.ch', '', NULL, 'Spychertenstrasse 19, 3652 Hilterfingen, BE'),
('75f3872d-91a4-4362-ba02-907448a4ea7b', 'Rüegsegger Rudolf und Jnge', '(-Iten)', 'jnru@bluewin.ch', '', NULL, 'Haldenbachstrasse 26, 8006 Zürich, ZH'),
('1fefc1d7-53b4-4457-8fbb-9f72f86ae623', 'Rüegsegger', 'Thomas', 'eichamtbe-1@bluewin.ch', '41796105186', NULL, 'Gummenstrasse 23, 3800 Unterseen, BE'),
('933a8c14-606b-45f8-8f8a-54ae25b864e7', 'Ruepp Fabio', 'Giovanni', 'ruepp-abbrueche@hotmail.ch', '41783137324', NULL, 'Landstrasse 53A, 5420 Ehrendingen, AG'),
('f4cff32d-8a58-4add-862b-929ffc37c1de', 'Ruepp Thomas und Doris', '(-Hediger)', 'druepp@bluewin.ch', '', NULL, 'Stockacker 18, 4463 Buus, BL'),
('edaa3162-00cd-43f2-9d44-90dfed370ef5', 'Ruepp Tony und Vreni', '(-Leutwyler)', 'tony.ruepp@hotmail.com', '', NULL, 'Leehaldenweg 30A, 8153 Rümlang, ZH'),
('c6b5a317-1204-4b80-8c03-83338998bda3', 'Ruepp', 'Walter', 'warufue@vtxmail.ch', '41763703366', NULL, 'Mittlerer Rainweg 7D, 4414 Füllinsdorf, BL'),
('2b0bffe3-2a71-47ef-862c-eaf661bcf2de', 'Rüesch Albert und Barbara', '(-Comiotto)', 'albert.rueesch@bluewin.ch', '', NULL, 'Aetschbergstrasse 24, 9014 St. Gallen, SG'),
('06ff913e-6baa-4076-9dc8-610415bb84ec', 'Rüesch Andres und Ruth', '(-König)', 'andres.rueesch@bluewin.ch', '', NULL, 'Hintergasse 8, 5736 Burg AG, AG'),
('2eef9d02-cfdd-40bb-9b26-4aefe8f0e050', 'Rüesch', 'Daniel', 'danielrueesch@hotmail.com', '41786282205', NULL, 'Säntisstrasse 31, 9542 Münchwilen TG, TG'),
('3fbd40e0-2ca5-47eb-95f0-22edcfd9bf26', 'Rüesch Esther und Daniel', '(-Weibel)', 'esther.rueesch@gmx.ch', '', NULL, 'Bernetstrasse 5, 8962 Bergdietikon, AG'),
('86cfab34-229a-458e-854c-7ebd6a704df4', 'Rüesch', 'Regina', 'regina.ruesch@gmx.net', '41792017594', NULL, 'Aeuelistrasse 10, 9430 St. Margrethen SG, SG'),
('76ee0af5-f258-4e99-95b5-1f0cef643811', 'Ruesch', 'Rosmarin', 'rosys@nostalgieladen.ch', '', NULL, 'Asylstrasse 133, 8032 Zürich, ZH'),
('c750d753-c43f-4d60-aeea-27468c490618', 'Ruess', 'Bruno', 'bruno@ruess.com', '', NULL, 'Im Winkel 4, 8910 Affoltern am Albis, ZH'),
('d592961c-8357-4e73-b413-1c3208a9cda5', 'Ruetsch Christophe et Catherine (-De', 'Groote)', 'christophe@cash-protect.ch', '41796627489', NULL, 'Chemin des Combattes 2, 2744 Belprahon, BE'),
('799e3ae4-3b75-4989-8ed2-16350c9871fc', 'Rüetschi Max und Sabine (-Von', 'Büren)', 'maxi@bluewin.ch', '', NULL, 'Dorf 74u, 4942 Walterswil BE, BE'),
('04fec83f-9fe3-470c-8a20-2d1ece38cd22', 'Ruf', 'Alexandra', 'ale.ruf@bluewin.ch', '41792226629', NULL, 'Mühlackerweg 5, 4563 Gerlafingen, SO'),
('fd452fd7-0d3e-40e1-99c0-8f8a83e5aa9c', 'Ruf', 'Andy', 'andyruf@andyruf.ch', '', NULL, 'Mittelgäustrasse 2, 4613 Rickenbach SO, SO'),
('ff6e4e99-8b92-44b0-bdb1-e3bbac98ff3b', 'Ruf Elia', 'Noah', 'info@ecosun-gmbh.ch', '41787123950', NULL, 'Rehhagstrasse 4, 4410 Liestal, BL'),
('9de66f5a-d3f1-4b77-9fd8-d735bcfbe6d3', 'Ruf Gaudenz', 'B.', 'gbruf@bluewin.ch', '41795984441', NULL, 'Toblerstrasse 39, 8044 Zürich, ZH'),
('845041aa-fc9a-4145-bc5c-1a44a80cd499', 'Rüf', 'Manfred', 'm-ruef@bluewin.ch', '41794215937', NULL, 'Im Gässli 9, 8604 Volketswil, ZH'),
('57c1c659-f0d7-4506-a2af-e025917dc587', 'Ruf', 'Markus', 'bcp@bluewin.ch', '', NULL, 'Blumenweg 8, 4536 Attiswil, BE'),
('0c50d5f8-6faf-4d35-8c37-d48df7cca15c', 'Ruf Olivier et', 'Anne-Lise', 'hurlettela@gmail.com', '41764768629', NULL, 'Rue de Bel-Air 45, 2732 Reconvilier, BE'),
('c48abee8-8788-4982-b0d0-b7d954502573', 'Ruf', 'Peter', 'peterruf@sunrise.ch', '41792384991', NULL, 'Hauptstrasse 78, 9658 Wildhaus, SG'),
('5aafa904-5790-4286-a58c-1d66de936526', 'Ruf Peter', '(-Martinez)', 'notar.ruf@bluewin.ch', '', NULL, 'Hauptstrasse 220, 2532 Magglingen/Macolin, BE'),
('a406d351-2ab5-45bb-91fa-fa5c0418dff6', 'Ruf Peter', '(-Weilenmann)', 'peru57@vtxmail.ch', '41794305757', NULL, 'Wässerwiesenstrasse 88, 8408 Winterthur, ZH'),
('1c0d57b8-481b-4dfd-84db-b0437548d453', 'Ruf', 'Simon', 'simon.ruf@oswald-berater.ch', '41794699199', NULL, 'Hinterbergstrasse 54, 6312 Steinhausen, ZG'),
('d4eda558-67a8-4b4c-a34b-43e02de20a96', 'Ruf Urs und Christine', '(-Ziegler)', 'ursruf@bluewin.ch', '', NULL, 'Herrenweg 38, 4123 Allschwil, BL'),
('056d9363-fb5a-432e-9889-71970c3c3b95', 'Ruf', 'Walter', 'walter-ruf@bluewin.ch', '41794697043', NULL, 'Seetalstrasse 9, 5630 Muri AG, AG'),
('36354c6a-26ac-4899-8e5b-b99741370670', 'Rüfenacht Bernhard und Doris', '(-Bärlocher)', 'd.b.ruefenacht@bluewin.ch', '41796051775', NULL, 'Obstgartenweg 34C, 5425 Schneisingen, AG'),
('e1a4abcb-aac5-4c41-aba5-f2a0a76c9d22', 'Rüfenacht', 'Christoph', 'chrisruef@yahoo.de', '41788256185', NULL, 'Pestalozzistrasse 1, 3007 Bern, BE'),
('7636d598-fea2-490f-a4eb-7b6a44b414e8', 'Rüfenacht', 'Esther', 'e.ruefenacht66@hotmail.com', '41793839609', NULL, 'Eichholzstrasse 1, 3254 Messen, SO'),
('ff1794a4-1d99-41b4-bb02-f68041dac39b', 'Rüfenacht', 'Hanspeter', 'mhpr@bluewin.ch', '41765816177', NULL, '2575 Gerolfingen, BE'),
('fdf6d039-63bf-402a-a7fd-c2f095914231', 'Rüfenacht', 'Philipp', 'philipp.ruefenacht@bluewin.ch', '', NULL, 'Alpenweg 26, 3110 Münsingen, BE'),
('9000d4ed-3c83-482f-83d0-dc92f60b98ac', 'Rüfenacht Sonja & Josef (Seppi)', '(-Scheuber)', 'seppiruefenacht@raonet.ch', '41792739880', NULL, 'Altmattweg 12, 4802 Strengelbach'),
('38a05639-13a4-4ef4-a16e-5942103068c6', 'Rüfenacht Stefan und Verena', '(-Ruff)', 'st.ruefi@bluewin.ch', '41796048186', NULL, 'Am Waldrand 94, 3555 Trubschachen, BE'),
('04d2e2cb-9fec-4277-86ae-e6fd63964058', 'Rüfenacht Walter und Juliane', '(-Mäder)', 'familie.ruefenacht@swissonline.ch', '', NULL, 'Kleinfeldweg 6, 3205 Gümmenen, BE'),
('1c6429d5-91a6-4256-abbe-9f398c56620a', 'Rüfenacht Werner und', 'Gertrud', 'w.ruefenacht@bluewin.ch', '', NULL, 'Worbstrasse 18B, 3113 Rubigen, BE'),
('d8220b6f-8f25-4557-aacb-f69bcfbba025', 'Rufener Heinz und', 'Vreni', 'vreni.rufener@gmx.ch', '41793110107', NULL, 'Weiherweg 2, 3627 Heimberg, BE'),
('69b2c588-d04a-4e09-a840-900c5a69fdd5', 'Rufener', 'Martin', 'mrufener@swissonline.ch', '', NULL, 'Gutstrasse 220, 8055 Zürich, ZH'),
('e227bbb2-ddb3-4fc8-a5b0-78e12ef74073', 'Rufener', 'Simona', 'praxis@simonarufener.ch', '41797810015', NULL, 'Brunismattweg 5, 3665 Wattenwil, BE'),
('3f415bda-2af6-44a2-9656-b17fd670c583', 'Rufener', 'Urs', 'ursrufener@hotmail.com', '', NULL, 'Les Savagnières dessous 10, 2610 Les Pontins, BE'),
('1fd87f59-a438-43f8-9e48-617e971a4a5d', 'Rufer', 'Alexia', 'alexiarufer@bluewin.ch', '41796281294', NULL, 'Derrière Montet 13, 2515 Prêles, BE'),
('191a6a4f-b183-4f23-8dce-687ec8b4ea03', 'Rufer Alfred', '(-Kipfer)', 'arufer@bluewin.ch', '', NULL, 'Kalchackerstrasse 103, 3047 Bremgarten b. Bern, BE'),
('151cf63d-3e9c-410a-b531-a960bb01bdd3', 'Rufer Andrea und', 'Andreas', 'andreas.rufer@bluewin.ch', '41792854840', NULL, 'Austrasse 28, 3176 Neuenegg, BE'),
('8b5990de-38b6-4b81-bdb9-21b9aa0b8c5e', 'Rufer', 'Benjamin', 'benjamin.rufer@bluewin.ch', '41788918155', NULL, 'Jegenstorfstrasse 4, 3303 Zuzwil BE, BE'),
('b4c20518-b658-4552-8478-e035a7d6c158', 'Rufer', 'Christian', 'rufer@rc-klimatechnik.ch', '', NULL, 'Fluhweg 21, 5033 Buchs AG, AG'),
('6e19ab35-0b2d-49af-b6f9-9563be962d3a', 'Rufer', 'Dieter', 'dieterrufer@yahoo.de', '41797665979', NULL, 'Spiegelstrasse 20, 3095 Spiegel b. Bern, BE'),
('1fc95028-f31d-461f-bff7-afdc7f264100', 'Rufer Fredy und Margreth', '(-Ruchti)', 'fredy.rufer@bluewin.ch', '41792513053', NULL, 'Mühlebachweg 27, 3252 Worben, BE'),
('c38acba8-ac2e-4635-940c-db230d2dbd46', 'Rufer', 'Heinz', 'h.rufer@sunrise.ch', '', NULL, 'Sparrenbergstrasse 5, 8103 Unterengstringen, ZH'),
('91959101-c93b-4ebc-bc50-d8cb6135d6eb', 'Rufer', 'Rémy', 'ruferremy@protonmail.com', '41774711804', NULL, 'Rue du Bourg 4, 2502 Biel/Bienne'),
('756c5499-8459-424a-a944-3a763d54a027', 'Rufer Ruth &', 'Jürg', 'ruru@talisorama.ch', '41794168545', NULL, 'Grundhofstrasse 11, 6242 Wauwil, LU'),
('e4e025cb-aca6-4744-9b3f-8c99eb12006b', 'Ruffiner', 'Martin', 'janine@quicknet.ch', '', NULL, 'Beatenbergstrasse 150, 3800 Unterseen, BE'),
('e6d9f547-c4d5-40ab-ae60-c336449670c1', 'Ruffoni', 'Simone', 'simoneruffoni@bluewin.ch', '41798512776', NULL, 'Plazza dal Mulin 3, 7500 St. Moritz, GR'),
('26908445-ca0b-4e29-b1d3-f43c0d136346', 'Rufini Claude et', 'Angélique', 'clauderufini@freesurf.ch', '', NULL, 'Envers des Convers 65, 2616 Renan BE, BE'),
('d7a39d7c-25c6-4c98-bbab-32be72e7d9a5', 'Rüfli Peter', '(-Wirz)', 'perue-timing@bluewin.ch', '', NULL, 'Gummenweg 10, 2543 Lengnau BE, BE'),
('28bd4562-199d-4674-ae2b-c0f4ca1580ba', 'Rufli Robert und Susy', '(-Maier)', 's.rufli@bluewin.ch', '', NULL, 'Klimmweg 38, 8305 Dietlikon, ZH'),
('4b38310c-769a-4257-af60-c3609ec69c21', 'Rüfli-Volken Ernst und', 'Magdalena', 'info@ruefli-architekten.ch', '', NULL, 'Mittelstrasse 11, 2558 Aegerten, BE'),
('2fd47783-d527-4705-8ab9-9d4e3dedad27', 'Ruf-Sager', 'Wilma', 'wilma@ruf-sager.ch', '41793414773', NULL, 'Im oberen Brühl 9, 4132 Muttenz, BL'),
('1d4b9543-9baa-4257-957e-543e7bdf0056', 'Rufus', 'Nicole', 'nicolerufus@bluewin.ch', '41794536610', NULL, 'Moosgasse 12, 3045 Meikirch, BE'),
('123d2d93-2d0b-474a-9525-66ad880f0db6', 'Ruggaber Michel u. Emanuela', '(-Tebaldi)', 'michel.ruggaber@bluewin.ch', '41796367821', NULL, 'Weinbergstrasse 73, 8006 Zürich, ZH'),
('68cbd130-13a8-4c88-b614-555ed2180f32', 'Rügge', 'Stephan', 'sturgis72@bluewin.ch', '41793303255', NULL, 'Weihermatt 26, 5082 Kaisten, AG'),
('132b6d01-48ef-4575-a057-00b61fd149c9', 'Ruggiero Markus und', 'Susanne', 'markus@ruggiero.ch', '41795084701', NULL, 'Gartenstrasse 71J, 4132 Muttenz, BL'),
('bc4be7e3-0da5-4a13-846c-8dec5b35e601', 'Ruggiero', 'Rodolfo', 'info@diru.ch', '', NULL, 'Wilerstrasse 23, 9230 Flawil, SG'),
('a3573543-5905-4b78-b222-cde0548cec0d', 'Ruggli', 'Herbert', 'herbert36@hotmail.com', '', NULL, 'Bahnhofstrasse 57, 8305 Dietlikon, ZH'),
('6489f992-2282-466d-a47f-ed0d8932ef70', 'Ruggli Madeleine', '(-Korstick)', 'thomas.ruggli@bluewin.ch', '', NULL, 'Im Eichtal 4, 5400 Baden, AG'),
('52412873-58a1-4e53-b7cd-09bad1b37de0', 'Ruggli Walter und Jacqueline', '(-Herensperger)', 'w.ruggli@bluewin.ch', '', NULL, 'Buechbühlstrasse 10, 8956 Killwangen, AG'),
('4e83d686-65aa-4b88-b3ea-819c1135c605', 'Ruhier', 'Felix', 'felix@ruhier.ch', '41792179208', NULL, 'Schladstrasse 12, 5425 Schneisingen, AG'),
('5966407f-df38-4788-b520-2420eb5d506b', 'Ruhier Lehmann', 'Brigitte', 'lehruh@gmx.ch', '', NULL, 'Kernstrasse 5, 3067 Boll, BE'),
('7ebada5c-cf74-40e3-857a-510d2a31526f', 'Ruhstaller Hermann', '(-Reichmuth)', 'ruhstallerfeld7@bluewin.ch', '', NULL, 'Im Feld 7, 8840 Einsiedeln, SZ'),
('5d7fbaa1-fc2a-4315-983e-680e62c956e1', 'Ruhstaller Katharina', '(-Späni)', 'gk.ruhstaller@bluewin.ch', '', NULL, 'Zürcherstrasse 44, 8852 Altendorf, SZ'),
('53db44b9-9459-40bb-829c-be380e5c0dc3', 'Ruinelli Jürgen u. Albertina', '(-Rodrigues)', 'jruinelli@dplanet.ch', '', NULL, 'Haldensteig 19, 8708 Männedorf, ZH'),
('c178f583-e63f-41ea-a470-216c4c3f48a0', 'Ruiz José und Elisabete (-Morais', 'Nobre)', 'j.ruiz68@hotmail.com', '', NULL, 'Alpenstrasse 2, 6210 Sursee, LU'),
('373f8410-d714-4e4d-89f0-f1c69c6f39f1', 'Rükgauer Oliver und Michèle', '(-Patsula)', 'oliver@ruekgauer.ch', '', NULL, 'Herrenwäldlirain 32, 3065 Bolligen, BE'),
('3b422468-fc29-4a71-94f8-3f3a9b230449', 'Rummelsburg André und Christa', '(-Dürsteler)', 'a.rummelsburg@bluewin.ch', '', NULL, 'Wilerstrasse 16, 8427 Rorbas, ZH'),
('239d90b6-13cf-410d-a2c3-ae6f2b63cbda', 'Rumpf', 'Robert', 'robertrumpf@hotmail.ch', '41784038840', NULL, 'Brünnenstrasse 61, 3018 Bern, BE'),
('2d75106b-03b8-4204-9c14-b39e223e6192', 'Runda Thomas', 'George', 'rund@gmx.ch', '', NULL, 'Frohburgstrasse 26, 8006 Zürich, ZH'),
('5d71ba7a-eea6-4e0b-9329-a9786fa9cbcf', 'Runge Ulrich und Stiffler', 'Karin', 'info@kamelhof.ch', '41787246177', NULL, 'Olmerswil 63, 9217 Neukirch an der Thur, TG'),
('6012c98e-5572-4fb4-abae-861373500549', 'Ruof Monika', '(-Flach)', 'monikaruof@bluewin.ch', '41796942357', NULL, 'Industriestrasse 12C, 2555 Brügg BE, BE'),
('706522de-f4ed-4889-bc7e-a3862f3315ef', 'Ruosch', 'David', 'davidruosch@hotmail.com', '41794206502', NULL, 'Giessen 18, 8820 Wädenswil, ZH'),
('c689aa73-dc02-4a12-bd00-b3300b807418', 'Ruosch', 'Doris', 'rt@ruosch.com', '', NULL, 'Untere Vogelsangstrasse 87, 8400 Winterthur, ZH'),
('c7672c27-3616-4f1f-b36c-96f9d6d1f58d', 'Ruosch Maya und', 'Ernesto', 'maya@ruosch.net', '', NULL, 'Neugrüthalde 82, 8222 Beringen, SH'),
('839dec27-4f45-4e9d-b4cc-d85cdc4589f5', 'Ruoss Janine und Michael', '(-Benz)', 'michael.ruoss@swissonline.ch', '', NULL, 'Hüöblibachstrasse 2, 8808 Pfäffikon SZ, SZ'),
('4fbfdf4e-487f-477f-8888-78d42bbbe79a', 'Ruoss', 'Markus', 'mruoss@rmcc.ch', '', NULL, 'Churerstrasse 24, 8808 Pfäffikon SZ, SZ'),
('c1b5015b-3bc1-459e-9897-d5c772f3d5b3', 'Ruoss', 'Michael', 'info@winterhaltli.ch', '', NULL, 'Zollrütistrasse 2, 8863 Buttikon SZ, SZ'),
('be7ed07b-f9ea-4e9e-a903-9a4929100d4c', 'Ruoss', 'Peter', 'ruoss-elv@bluewin.ch', '41796333531', NULL, 'Allenbergstrasse 32, 8344 Bäretswil, ZH'),
('8ca3b145-2965-4a72-a8db-60fe73ea254c', 'Ruoss Robert und Andrea', '(-Ruoss)', 'ruossrob@bluewin.ch', '', NULL, 'Hügelackerstrasse 5, 8863 Buttikon SZ, SZ'),
('8a10e3be-8423-4f07-92b5-3b387cb90766', 'Ruoss Roland und Ruth', '(-Bamert)', 'roland.ruoss@bluewin.ch', '', NULL, 'Böschenweg 5, 8856 Tuggen, SZ'),
('449b8e4e-fb77-4fb7-a1e3-ed7f3865f105', 'Rupalti Daniele und Sabine', '(-Denzler)', 'easydrive@bluewin.ch', '41764621717', NULL, 'Bälstrasse 92, 8194 Hüntwangen, ZH'),
('d4e03fef-3e3b-4900-8611-b2b5fb08a37a', 'Rupf', 'Marcel', 'rupfmarcel@yahoo.de', '41795163029', NULL, 'Aeuliweg 26, 7222 Lunden, GR'),
('c0291db1-0187-49c1-8042-520427e67c86', 'Rupf', 'Markus', 'markusrupf@hotmail.com', '', NULL, 'Dorfstrasse 15, 8903 Birmensdorf ZH, ZH'),
('e6011782-7972-49c3-8273-382625e5aa7e', 'Rupff Elisabeth', '(-Schenkel)', 'rupff.elisabeth@shinternet.ch', '', NULL, 'Randenstrasse 2, 8226 Schleitheim, SH'),
('723002d1-cbc6-4295-824b-de3d12dfdd5a', 'Rupp', 'August', 'august.rupp@bluewin.ch', '', NULL, 'Löwenstrasse 1, 7312 Pfäfers, SG'),
('20c20390-1f10-4a0b-b969-9d651bad0367', 'Rupp Fabienne und Heinz', '(-Errigo)', 'rupp.h@bluewin.ch', '41796620703', NULL, 'Badstrasse 9, 3638 Blumenstein, BE'),
('ea7edc60-228d-41f0-ae52-d10f40f179bc', 'Rupp', 'Françoise', 'fr.rupp@bluewin.ch', '41793170133', NULL, 'Dachseggstrasse 5, 8630 Rüti ZH, ZH'),
('ca35b220-2f01-4db9-bc53-fdff813efcef', 'Rupp Jakob und Marlene', '(-Arnold)', 'jakob.rupp@helvetia.ch', '', NULL, 'Neudorfstrasse 30a, 6313 Menzingen, ZG'),
('94e72ccd-0d18-4c12-8fd5-a12044d8add8', 'Rupp Karl', '(-Vetter)', 'karl-rupp@bluewin.ch', '41799200459', NULL, 'Im Ostergau 9, 6130 Willisau, LU'),
('68c5a2ee-3c79-44be-951f-4a5afd1c0553', 'Rupp', 'Marcel', 'marcel.rupp@rupp.ch', '', NULL, 'Langhaus 1, 5400 Baden, AG'),
('f6f336e4-3eb3-44db-9197-dd9c5f0c289a', 'Rupp', 'Markus', 'ruppmarkus@bluewin.ch', '41796816355', NULL, 'Tobelweg 7, 7310 Bad Ragaz, SG'),
('cd1d2527-d574-49b4-81ec-2139499567c2', 'Rupp Martin und Ignazia', '(-Derungs)', 'martin.rupp@bluewin.ch', '', NULL, 'Sum Trutg 168A, 7147 Vignogn, GR'),
('1d54590b-894f-4b77-a67c-7d439e5127f6', 'Rupp', 'Max', 'max.rupp26@bluewin.ch', '41792894462', NULL, 'Baumgartenstrasse 13, 5734 Reinach AG, AG'),
('0183cc19-d820-40ca-be6a-fa904a9a22c9', 'Rupp Peter und', 'Lisbeth', 'rupp.finanzimmo@bluewin.ch', '41792863774', NULL, 'Quadernstrasse 6, 7317 Valens, SG'),
('bfd99193-1266-4823-a607-f010a6120055', 'Rupp Reiner und Heidi', '(-Kull)', 'kontakt@reiner-rupp-sattlermeister.ch', '41788470953', NULL, 'Blumenwies 18, 9056 Gais, AR'),
('f2c443e8-6fd8-47d6-b3df-a884715d90a4', 'Rupp', 'Walter', 'walti.rupp@bluewin.ch', '41765348680', NULL, 'Mattaweg 10, 7276 Davos Frauenkirch, GR'),
('b1ed0bc8-4364-433b-b7ee-667f8c578050', 'Ruppanner Egon und Daniela', '(-Schiesser)', 'ed.ruppanner@bluewin.ch', '', NULL, 'Lehnstrasse 60B, 9014 St. Gallen, SG'),
('a17501af-994a-4800-8179-7e518443308a', 'Rupper', 'Monika', 'mrupper@bluewin.ch', '', NULL, 'Hüttenkopfstrasse 2, 8051 Zürich, ZH'),
('3b4afd32-5fda-4229-beb2-e0306010e094', 'Rupper Peter und', 'Martha', 'peter.rupper@rupper.ch', '41796420359', NULL, 'Moosbachweg 13, 6300 Zug, ZG'),
('0b69f200-5e9a-4b80-a8e1-1860a07107b8', 'Ruppert Rahel und Martin', '(-Stutz)', 'info@rahelundmartin.ch', '41793557382', NULL, 'Veia Dalmeras 7, 7450 Tiefencastel, GR'),
('213570e7-01f8-4d8a-bf17-2bb58901f7a7', 'Ruppli', 'Herbert', 'h.k.ruppli@bluewin.ch', '41794856604', NULL, 'Voa Principala 39, 7078 Lenzerheide/Lai, GR'),
('ba144b63-f0cb-49bb-81dd-01739a4d3651', 'Ruppli Herbert', 'K.', 'h.k.ruppli@bluewin.ch', '41794856604', NULL, 'Neugutstrasse 1, 8134 Adliswil, ZH'),
('3454ed1d-90a1-4258-a80a-dd45e5ee64e8', 'Ruppli Herbert u.', 'Anne', 'ruppli@bluewin.ch', '', NULL, 'Morgenstrasse 12, 8200 Schaffhausen, SH'),
('bb3f9061-b5be-4f62-bfa1-38bc1456eaa0', 'Ruppli Rudolf und Brügger', 'Jeannette', 'rudolf.ruppli@bluewin.ch', '', NULL, 'Eigenstrasse 40, 3367 Thörigen, BE'),
('d43f2dd8-6ae0-4c4c-8a9e-177cceabb32d', 'Ruprecht Doris und Martin', '(-Graf)', 'ma.ruprecht@bluewin.ch', '41793969004', NULL, 'Toracker Park 7, 9100 Herisau, AR'),
('316f8ded-c362-44cb-a5c7-9c1b697b2d15', 'Ruprecht Rosa', 'Maria', 'r.ruprecht@gmx.ch', '41792632088', NULL, 'Reiterstrasse 10, 3013 Bern, BE'),
('1aed59eb-a6cc-482f-8c1c-a184b3488cbe', 'Rusca Diego und', 'Trudi', 'd.rusca@bluemail.ch', '41797974833', NULL, 'Birkenstrasse 14, 8810 Horgen, ZH'),
('f36f312d-eadc-4d87-bf65-c6ca9816b733', 'Rusch Albert und Vreni', '(-Meier)', 'vrusch@sunrise.ch', '', NULL, 'Feldeggstrasse 12, 9113 Degersheim, SG'),
('a0958883-c74e-4dd5-8d82-d4db29212e4a', 'Rüsch Esther', '(-Gähler)', 'egruesch@sunrise.ch', '41799349657', NULL, 'Inder Giraniga 10, 7134 Obersaxen, GR'),
('9a976af7-74e0-4cf1-92fd-c15d1162383d', 'Rusch Esther und Guido', '(-Fuchs)', 'grusch@rit.ch', '41796467712', NULL, 'Linerhofstrasse 1, 9032 Engelburg, SG'),
('b8417fdf-7e93-402f-8e02-8fbcadb63f1c', 'Rusch', 'Josef', 'j.rusch@gmx.net', '', NULL, 'Hostetstrasse 1, 9050 Appenzell, AI'),
('80128947-ff89-4df4-98cc-dd6afa71aa4c', 'Rusch', 'Jürgen', 'juergen.rusch@bluewin.ch', '', NULL, 'Oberdorfstrasse 6, 8187 Weiach, ZH'),
('153dbc98-708d-4602-9c8f-fb73406993fa', 'Rüsch', 'Ruth', 'ruth.ruesch@bluewin.ch', '', NULL, 'Im Ebnet 12, 8427 Rorbas, ZH'),
('603e268f-e73e-4e42-a553-0c4888c63f9d', 'Rusch Walter und', 'Katalin', 'walter.rusch@gmx.net', '41793753409', NULL, 'Langacker 31, 9478 Azmoos, SG'),
('5b8c6f56-2a17-42bd-b6c1-75532d2f405f', 'Russi', 'Urs', 'uru@helbling.ch', '41794400109', NULL, 'Im Dorf 20, 9245 Oberbüren, SG'),
('6891e0d7-4183-4ec4-8cc4-e02cb3d833e4', 'Russo', 'Francesco', 'francesco.russo@bluewin.ch', '', NULL, 'Bahnhofstrasse 6, 8554 Müllheim-Wigoltingen, TG'),
('f085503d-325d-49bb-96f0-370dacf68edb', 'Russo', 'Martino', 'martino.russo67@gmail.com', '41763729473', NULL, 'Poststrasse 4, 8274 Tägerwilen, TG'),
('a226e79e-f495-4bd2-a4f5-2abac407e307', 'Rust', 'Anton', 'arust@hispeed.ch', '41794054257', NULL, 'Baumgartenweg 1, 5300 Turgi, AG'),
('795b28a3-6808-468c-a19d-fd7750da3890', 'Rust Josef und', 'Ida', 'rust-hafner@bluewin.ch', '41762245564', NULL, 'Hinterfeld 1A, 8852 Altendorf, SZ'),
('f1092c86-c191-415e-b3ac-72a65508a0c8', 'Rust Michael und Karin', '(-Wicki)', 'info@rust-rain.ch', '41796943438', NULL, 'Hübeli 1, 6026 Rain, LU'),
('7a94e5a3-00fe-49bf-a2d0-7c2dce2d3ec9', 'Rust', 'Philipp', 'philrust@bluewin.ch', '', NULL, 'Rolandstrasse 9, 8004 Zürich, ZH'),
('6b66416e-64b4-4d9c-9ace-fef91b3622d2', 'Rustemi', 'Izair', 'gb.rustemi@gmx.ch', '41767002537', NULL, 'Erlenweg 17, 9470 Buchs SG, SG'),
('222e2ac9-ddb8-4111-93d9-dc614eebc288', 'Rusterholz', 'Beat', 'beat.rusterholz@bluewin.ch', '', NULL, 'Tischenloostrasse 2, 8800 Thalwil, ZH'),
('e1d7e27e-5fab-4239-bd63-dffcb2940300', 'Rusterholz', 'Bruno', 'info@kunstkiosk.ch', '', NULL, 'Sonnenbergstrasse 9, 8800 Thalwil, ZH'),
('7f249fe7-b061-4b73-91a8-682b19502309', 'Rusterholz', 'Hans', 'hans.rusterholz@leunet.ch', '', NULL, 'Brunnenweg 12, 8624 Grüt (Gossau ZH), ZH'),
('3a1cf15d-43f1-4ae3-9a61-93183797274f', 'Rusterholz Hansjakob und Béatrice', '(-Wüthrich)', 'h.rusterholz@freesurf.ch', '', NULL, 'Grabenackerstrasse 70, 8404 Winterthur, ZH'),
('dd3685e0-2b33-435b-a50b-9a2fbe428033', 'Rusterholz', 'Hans-Rudolf', 'h.rusterholz@gmx.ch', '', NULL, 'Rütistrasse 33, 8820 Wädenswil, ZH'),
('588eca11-d020-4451-b566-959cfc6082db', 'Rusterholz Markus, Gaby, Marion und Flavia', '(-Helbling)', 'gaby.rusterholz@bluewin.ch', '', NULL, 'Weinhaldenstrasse 39a, 8645 Jona, SG'),
('1a5fed87-50b2-48e4-8844-0d2a3ac984fb', 'Rusterholz', 'René', 'rougie@swissonline.ch', '41792288558', NULL, 'Rieterstrasse 110, 8002 Zürich, ZH'),
('d481d441-c38c-4a7f-a281-b6bf2cd399e3', 'Rusterholz Roland und Erika', '(-Baer)', 'neeri-orchids@bluewin.ch', '', NULL, 'Bachserstrasse 2, 8173 Neerach, ZH'),
('db2bdb21-af3b-4001-b35e-c0c6cba1a162', 'Rusterholz', 'Sonja-Eveline', 'sonja.eveline@gmail.com', '', NULL, 'Heissächerstrasse 51, 8907 Wettswil, ZH'),
('f5288b2b-fc16-4968-a361-fc8c1ab00fcb', 'Rüthemann Daniela u.', 'Walo', 'ruethemannw@bluewin.ch', '', NULL, 'Sonnenbergstrasse 6, 9621 Oberhelfenschwil, SG'),
('80447e85-52ea-41f0-a22b-94804acb0f59', 'Rüthemann Guido', '(-Baumann)', 'guidoruethemann@gmx.ch', '41792362019', NULL, 'Unterdorf 9, 9607 Mosnang, SG'),
('acd0e013-7e5d-4aa1-9e9d-7a781c638cb9', 'Rütimann Adolf', '(-Flacher)', 'adolf_ruetimann@bluewin.ch', '41774499961', NULL, 'Untermühleweg 11, 8416 Flaach, ZH'),
('a13c5c92-6d94-41f2-9c20-020cd4a69c83', 'Rütimann Beda und Marianne', '(-Eberli)', 'beda.ruetimann@alseco.ch', '41797780078', NULL, 'Kelleramtstrasse 18, 8905 Arni AG, AG'),
('3f1ff790-2ac0-440c-8940-7c0a881f881c', 'Rütimann', 'Hansruedi', 'ha-rut@bluewin.ch', '', NULL, 'J.-C.-Heer-Strasse 15B, 8635 Dürnten, ZH'),
('f646046b-414f-42a5-aeca-116e325377bc', 'Rütimann Peter und', 'Helena', 'peter.ruetimann@datazug.ch', '', NULL, 'Schwertstrasse 10, 6300 Zug, ZG'),
('e7bc8689-f017-4019-af31-8e42843de102', 'Rütimann', 'Roland', 'hb9leb@gmx.net', '', NULL, 'Heuerweg 1, 5605 Dottikon, AG'),
('3f0120a1-a725-45db-9759-6e23c17e14b5', 'Rütimann Rolf', '(-Studer)', 'rolf.ruetimann@bluewin.ch', '', NULL, 'Langackerweg 12, 8155 Niederhasli, ZH'),
('9e22bb1e-9142-4cdc-b597-324cdc045270', 'Rutishauser', 'Andreas', 'acr@udena.ch', '', NULL, 'Zehntenstrasse 23, 8800 Thalwil, ZH'),
('3f816e85-f9ab-4810-bf14-82eb73c0800e', 'Rutishauser Anton und', 'Lydia', 'anru@bluewin.ch', '', NULL, 'Waldsteig 15, 9008 St. Gallen, SG'),
('70d4acf6-1cd2-4e5e-b54f-2bdcf663661f', 'Rutishauser Beat und', 'Carmen', 'beat.r@bluemail.ch', '41794181789', NULL, 'Lindengässli 8, 3132 Riggisberg, BE'),
('7e4708c2-34ba-40c9-97fe-741359d7f2b9', 'Rutishauser Christian', 'M.', 'christian.rutishauser@lassalle-haus.org', '', NULL, 'Bad Schönbrunn 2, 6313 Edlibach, ZG'),
('73319f6c-9181-4d96-8240-720efbec1054', 'Rutishauser Erwin und', 'Linda', 'ru@erwinrutishauser.ch', '41797743440', NULL, 'Buechlenweg 4C, 8805 Richterswil, ZH'),
('6c49e4f8-5ee8-4a0e-a2db-2bbaeb7abcab', 'Rutishauser', 'Hans', 'rutishauser.hans@bluewin.ch', '', NULL, 'Aachstrasse 25, 8586 Erlen, TG'),
('a6594dff-32a1-4071-906d-eb70e922075b', 'Rutishauser Hans und', 'Heidi', 'heru58@bluewin.ch', '', NULL, 'Unterseestrasse 6, 8280 Kreuzlingen, TG'),
('4f5d45cd-8510-465d-844c-d5c7c703a082', 'Rutishauser Klaus, Brigitte, Jeanine und Marina', '(-Harrer)', 'klaus.rutishauser@sunrise.ch', '', NULL, 'Bahnhofstrasse 53, 8305 Dietlikon, ZH'),
('2ee4adf7-b27c-43de-9bd0-418493b1be33', 'Rutishauser Marti', 'Rösli', 'ruk@swissonline.ch', '', NULL, 'Oberbürerstrasse 33, 9203 Niederwil SG, SG'),
('a8fca73a-5796-4b35-a81f-3444ebc23f11', 'Rutishauser', 'Matthias', 'matrutishauser@netscape.net', '41787436375', NULL, 'Lengwilerstrasse 17, 8574 Dettighofen (Lengwil), TG'),
('c3be7ca0-6b3a-48c8-a0a6-ac484a19dcc8', 'Rutishauser', 'Patrick', 'grutishauser@vtxmail.ch', '', NULL, 'Haldenweg 3, 8802 Kilchberg ZH, ZH'),
('f18c4fd2-9e3e-4c4c-bae7-f5ef9a2e6868', 'Rutishauser', 'Ueli', 'info.cvr@gmail.com', '41763203087', NULL, 'Iifang 6, 8598 Bottighofen, TG'),
('d6b8882d-ab86-4a9e-80e9-7eed866637b3', 'Rutman Michael und Ruth', '(-Wahl)', 'rutman@bluewin.ch', '', NULL, 'Feldstrasse 25A, 8330 Pfäffikon ZH, ZH'),
('6ba273e2-3002-4df0-974f-c6c37e00c08d', 'Rütsche Renata', '(-Müller)', 're.ruetsche@bluewin.ch', '', NULL, 'Oberer Leimatweg 1, 9000 St. Gallen, SG'),
('2af45253-4da2-4696-9b15-4a833619a83c', 'Rütsche', 'Stefan', 's.rutsche@gmail.com', '', NULL, 'Tüelenstrasse 6a, 9533 Kirchberg SG, SG'),
('8e9a95fc-891e-4b0d-9da2-f3ea1e6891fc', 'Rütsche', 'Urs', 'urs.ruetsche@uitikon.ch', '', NULL, 'Under Mangoldwis 6, 8142 Uitikon Waldegg, ZH'),
('3ce45e33-c7a3-4e0d-8daf-7a6d3fb5335c', 'Rütschi', 'Judith', 'judith.ruetschi@bluewin.ch', '', NULL, 'Im Gispert 7, 8457 Humlikon, ZH'),
('57990747-a3ac-411d-ba4e-f70914c5e9fd', 'Rutschi', 'Jürg', 'juerg_rutschi@web.de', '41797786535', NULL, 'Lindenhofstrasse 12, 3048 Worblaufen, BE'),
('689208bc-a9a2-4a9b-9c4a-9ac21e8175f5', 'Rutschi Peter und Irene', '(-Richner)', 'piru@bluewin.ch', '', NULL, 'Aehrenweg 29, 5430 Wettingen, AG'),
('99bd1db1-0048-48c2-a8a0-b3a8f539e7d3', 'Rutschmann Daniel u. Hester (-van', 'Leeuwen)', 'rutschmann-argo@swissonline.ch', '', NULL, 'Im Band, 8194 Hüntwangen, ZH'),
('2442f9b8-3da3-4753-ac48-7af7a266099c', 'Rutschmann', 'Theodor', 'info@sintrecs.com', '', NULL, 'Gehrenstrasse 4, 9536 Schwarzenbach SG, SG'),
('f3b4f915-282b-48fa-bc64-32d04a483979', 'Rutscho', 'Marianne', 'm.rutscho@piano-piano.ch', '41792092726', NULL, 'Rietlistrasse 1, 6345 Neuheim, ZG'),
('93e6fdea-5274-4125-8a83-b445713322ca', 'Rütter Candid und Catherine', '(-Spitzli)', 'cruetter@bluewin.ch', '', NULL, 'Rüchiweg 21, 4106 Therwil, BL'),
('4bef22d8-e601-4a1b-811f-ade586ef8924', 'Rütter', 'Daniel', 'info@garage-ruetter.ch', '', NULL, 'Mettenfeldring 8, 5642 Mühlau, AG'),
('25b54f0a-64d6-4f8c-bb3d-256a33b5510d', 'Rutterschmidt', 'Herbert', 'ruh@mci-produkte.ch', '', NULL, 'Chottgasse 14, 6235 Winikon, LU'),
('38524d41-97e2-4750-8c94-8a9e6f475593', 'Rütti Carl und Marie-Louise', '(-Studer)', 'carl.ruetti@datazug.ch', '', NULL, 'Hänibüel 14, 6300 Zug, ZG'),
('a02fe3f5-454c-4266-9be4-958aba836b00', 'Rütti', 'Michael', 'michael.ruetti@crafft.ch', '', NULL, 'Sängglenstrasse 8, 8118 Pfaffhausen, ZH'),
('4c51927b-4f93-4bca-b069-fdf11653b3b5', 'Rüttimann Albert und Rita', '(-Brunner)', 'ruettimann.rita@bluewin.ch', '41798185475', NULL, 'Under Neumatt 1, 6105 Schachen LU, LU'),
('ea8b7ce1-aa19-48b9-a7d5-cb4332bcde64', 'Rüttimann', 'Daniel', 'info@enikerhof.ch', '', NULL, 'Enikerhof 1, 6330 Cham, ZG'),
('6cb8304a-a72b-4974-ab3a-62a17b8becd9', 'Rüttimann', 'Daniela', 'daniela_ruettimann@bluewin.ch', '41794822903', NULL, 'Hostetgass 9, 9470 Buchs SG, SG'),
('09c50099-96cc-4998-a5ed-4cdc3e11f65c', 'Rüttimann Gustav, Helen und', 'Sylvia', 'helen.ruettimann@bluewin.ch', '', NULL, 'Alpenstrasse 41, 3400 Burgdorf, BE'),
('b5d565af-c19d-4aa0-9d9f-ea55dbc5739d', 'Rüttimann Hans u. Xiomara', '(-Hernandez)', 'xiomara.ruettimann@bluewin.ch', '', NULL, 'Bodelenweg 35, 3172 Niederwangen b. Bern, BE'),
('fc14603c-9881-433b-af04-331f9c650777', 'Rüttimann', 'Jörg', 'schoesche@bluewin.ch', '41765424082', NULL, 'Widenstrasse 36, 6317 Oberwil b. Zug, ZG'),
('135fb069-b084-4fe0-82eb-6443f98ffbc2', 'Rüttimann', 'Martin', 'powerlift@gmx.ch', '41774506484', NULL, 'Ringstrasse 18a, 8737 Gommiswald, SG'),
('86ad2776-aecc-4a89-9cf7-da29578f7286', 'Rüttimann', 'Max', 'max.ruettimann@bleuwin.ch', '41792441537', NULL, 'Hegianwandweg 41, 8045 Zürich, ZH'),
('7ae88a04-4e83-4fe9-b31c-281eb0b02c57', 'Rüttimann', 'Natalie', 'info@wendepunkt-stans.ch', '', NULL, 'Mühlematthof 4, 6374 Buochs, NW'),
('d01468af-eb90-46da-85a8-6ac7d14e5cc7', 'Rüttimann Ralph und Andrea', '(-Herold)', 'ruettimann@email.ch', '', NULL, 'Wässerwies 20, 8712 Stäfa, ZH'),
('f8490603-8f27-4f4a-a406-c45362c007e3', 'Rüttimann Remigius', '(-Zimmermann)', 'remy.ruettimann@bluewin.ch', '41793615182', NULL, 'Quellenstrasse 11, 8200 Schaffhausen, SH'),
('20cc241c-d1ef-4175-8cc3-c771b348c84d', 'Rüttimann', 'René', 'galgenen@hotmail.com', '', NULL, 'Unterfeldhof 14, 8854 Galgenen, SZ'),
('91343277-45c4-48a5-9d14-435af7d2307a', 'Rüttimann Urs und', 'Beatrice', 'ruttimann-hug@bluewin.ch', '', NULL, 'Oberdorf 2, 5645 Aettenschwil, AG'),
('9ce88f9d-d8b6-4fd3-ab7b-0686d8c4ce63', 'Rüttler', 'Kornel', 'kruettler@bluewin.ch', '41795672464', NULL, 'Via Spinatsch 5, 7014 Trin, GR'),
('c531c51a-d402-433c-b199-c201f2171e3d', 'Rutz', 'Albert', 'albert.rutz@bluewin.ch', '', NULL, 'Buchwaldstrasse 6, 9008 St. Gallen, SG'),
('f52d6872-c25e-42a5-b7c5-5253afdda2dc', 'Rutz Anna-Katharina', '(-Gantenbein)', 'akrutz@bluewin.ch', '', NULL, 'Staatsstrasse 62, 9472 Grabs, SG'),
('6afe59ed-7f8b-41ba-a70c-33002f1db49a', 'Rutz', 'Franz', 'map.rutz@bluewin.ch', '', NULL, 'Chrummweid 1, 6026 Rain, LU'),
('d345305d-923b-4db5-b799-a0e9959a8f5c', 'Rutz', 'Franziska', 'familie.rutz@bluewin.ch', '41794735559', NULL, 'Heilbronnerstrasse 11, 4500 Solothurn, SO'),
('f1197ee5-45b3-46fa-9e43-6ea35505ddb0', 'Rutz', 'Helena', 'rutzhelena@bluewin.ch', '41794270815', NULL, 'Dorfstrasse 19, 8596 Scherzingen, TG'),
('3247691c-6bd5-4645-ae92-bd4811f901fe', 'Rutz', 'Josef', 'aktueller_filz@shinternet.ch', '41795180803', NULL, 'Irchelstrasse 32, 8212 Neuhausen am Rheinfall, SH'),
('a24ff410-5f7e-4fff-a695-4151fa9d46fb', 'Rutz Marcel und Mirella', '(-Sandrini)', 'info@sommersweid.ch', '41792982688', NULL, 'Sommersweid 3457, 9200 Gossau SG, SG'),
('8aa4180e-5d0b-44c8-ac4f-16325771ebe6', 'Rutz', 'Michael', 'michirutz@gmx.ch', '41792767885', NULL, 'Oberer Hömel 15, 8636 Wald ZH, ZH');

INSERT INTO leads (id, contact_id, source, status, value, notes) VALUES
('ab52508d-08ca-4577-af6c-5a5d754c3c8f', '5eb04b2a-e20e-4ab8-b650-1ff97cd4a53a', 'KALTAKQUISE', 'ACTIVE', 0, NULL),
('3138bfcc-06ec-46fa-98c6-3f03e8753d1c', '2bc0e4a4-f6de-461f-88b5-d95e63baa1d2', 'KALTAKQUISE', 'ACTIVE', 0, NULL),
('16b83031-179d-4af7-9dc2-f3223ab2157b', '95dec3d7-3095-405c-81d3-5d57cf108b05', 'KALTAKQUISE', 'ACTIVE', 0, NULL),
('35748284-a581-4428-82fa-61a17f6682f3', '744e3adc-97d7-4b2d-a322-d27e146a202f', 'KALTAKQUISE', 'ACTIVE', 0, NULL),
('592992e9-178e-4624-a6fc-d3910be10e42', 'cd55263c-b403-4ec1-9009-054d1400f319', 'KALTAKQUISE', 'ACTIVE', 0, NULL),
('38456059-3a3e-4372-8462-fa1a3c285cec', '75f3872d-91a4-4362-ba02-907448a4ea7b', 'KALTAKQUISE', 'ACTIVE', 0, NULL),
('eff7c3cb-bc99-4797-91b5-62b104d49f43', '1fefc1d7-53b4-4457-8fbb-9f72f86ae623', 'KALTAKQUISE', 'ACTIVE', 0, NULL),
('1afe41c1-2ec7-4dcf-97ec-d08a15c2ec1b', '933a8c14-606b-45f8-8f8a-54ae25b864e7', 'KALTAKQUISE', 'ACTIVE', 0, NULL),
('5a576aee-aae7-49c9-b019-fab81398f2eb', 'f4cff32d-8a58-4add-862b-929ffc37c1de', 'KALTAKQUISE', 'ACTIVE', 0, NULL),
('8132c2eb-b6e4-4fc1-839c-030284d0dd4f', 'edaa3162-00cd-43f2-9d44-90dfed370ef5', 'KALTAKQUISE', 'ACTIVE', 0, NULL),
('d60453a6-814d-4646-bf10-748e174613c0', 'c6b5a317-1204-4b80-8c03-83338998bda3', 'KALTAKQUISE', 'ACTIVE', 0, NULL),
('3becbeaa-6563-4036-b577-6ad1a7f826a5', '2b0bffe3-2a71-47ef-862c-eaf661bcf2de', 'KALTAKQUISE', 'ACTIVE', 0, NULL),
('a0dff1c6-2988-4c21-881c-05acb43b527c', '06ff913e-6baa-4076-9dc8-610415bb84ec', 'KALTAKQUISE', 'ACTIVE', 0, NULL),
('b6a1ec85-4799-46be-b989-f575617e6716', '2eef9d02-cfdd-40bb-9b26-4aefe8f0e050', 'KALTAKQUISE', 'ACTIVE', 0, NULL),
('4d074378-4856-4615-a252-02ae05209490', '3fbd40e0-2ca5-47eb-95f0-22edcfd9bf26', 'KALTAKQUISE', 'ACTIVE', 0, NULL),
('607e0948-c385-4bbd-bc4b-b6e57f53a4f9', '86cfab34-229a-458e-854c-7ebd6a704df4', 'KALTAKQUISE', 'ACTIVE', 0, NULL),
('d2c60bda-9ee3-4fb6-b41c-6cfee36b910d', '76ee0af5-f258-4e99-95b5-1f0cef643811', 'KALTAKQUISE', 'ACTIVE', 0, NULL),
('3e505e97-47e2-4fef-96ef-4a86fcc14cda', 'c750d753-c43f-4d60-aeea-27468c490618', 'KALTAKQUISE', 'ACTIVE', 0, NULL),
('be8e8843-8688-425f-96b3-68a008c1141a', 'd592961c-8357-4e73-b413-1c3208a9cda5', 'KALTAKQUISE', 'ACTIVE', 0, NULL),
('afc482b5-b9a8-4488-b0e9-7d90b2d4777b', '799e3ae4-3b75-4989-8ed2-16350c9871fc', 'KALTAKQUISE', 'ACTIVE', 0, NULL),
('f338d402-f5a5-4c37-bc44-d2911849281b', '04fec83f-9fe3-470c-8a20-2d1ece38cd22', 'KALTAKQUISE', 'ACTIVE', 0, NULL),
('f25c39e9-5802-4e65-aacd-80d4478e0afa', 'fd452fd7-0d3e-40e1-99c0-8f8a83e5aa9c', 'KALTAKQUISE', 'ACTIVE', 0, NULL),
('59b4b2a6-95d9-4bd6-bc85-82f3c2825f1a', 'ff6e4e99-8b92-44b0-bdb1-e3bbac98ff3b', 'KALTAKQUISE', 'ACTIVE', 0, NULL),
('1b82ad9d-76bb-4204-8967-f95b51457de4', '9de66f5a-d3f1-4b77-9fd8-d735bcfbe6d3', 'KALTAKQUISE', 'ACTIVE', 0, NULL),
('3c2c0ef9-d491-442c-8004-3498809a6199', '845041aa-fc9a-4145-bc5c-1a44a80cd499', 'KALTAKQUISE', 'ACTIVE', 0, NULL),
('2225022a-9b7f-4292-a679-2e1ddbd4aa03', '57c1c659-f0d7-4506-a2af-e025917dc587', 'KALTAKQUISE', 'ACTIVE', 0, NULL),
('ab36ca0e-f072-4831-9bf5-f3c6da4685a2', '0c50d5f8-6faf-4d35-8c37-d48df7cca15c', 'KALTAKQUISE', 'ACTIVE', 0, NULL),
('f58c18f7-ee5a-4953-b334-9435c5652843', 'c48abee8-8788-4982-b0d0-b7d954502573', 'KALTAKQUISE', 'ACTIVE', 0, NULL),
('3dbe86f0-1250-4f6e-874b-ed6480d0312a', '5aafa904-5790-4286-a58c-1d66de936526', 'KALTAKQUISE', 'ACTIVE', 0, NULL),
('9b9b2c5c-9720-4776-bd20-d12fae8281de', 'a406d351-2ab5-45bb-91fa-fa5c0418dff6', 'KALTAKQUISE', 'ACTIVE', 0, NULL),
('c95a5c05-45d0-4e5c-96d3-025e144de438', '1c0d57b8-481b-4dfd-84db-b0437548d453', 'KALTAKQUISE', 'ACTIVE', 0, NULL),
('84b35b73-73c0-4a31-bb82-d155418ddac2', 'd4eda558-67a8-4b4c-a34b-43e02de20a96', 'KALTAKQUISE', 'ACTIVE', 0, NULL),
('a41ca899-bd0a-4d47-bb69-4bf65abc4935', '056d9363-fb5a-432e-9889-71970c3c3b95', 'KALTAKQUISE', 'ACTIVE', 0, NULL),
('c1df50a3-c738-43df-be7f-f16c999ea8cd', '36354c6a-26ac-4899-8e5b-b99741370670', 'KALTAKQUISE', 'ACTIVE', 0, NULL),
('e678f072-380f-4368-b4d8-f6b585cca0c5', 'e1a4abcb-aac5-4c41-aba5-f2a0a76c9d22', 'KALTAKQUISE', 'ACTIVE', 0, NULL),
('9da1bdab-7988-41ea-8e9a-65bd91c4785f', '7636d598-fea2-490f-a4eb-7b6a44b414e8', 'KALTAKQUISE', 'ACTIVE', 0, NULL),
('ff349172-92fb-4fbe-a69b-0d15b51591eb', 'ff1794a4-1d99-41b4-bb02-f68041dac39b', 'KALTAKQUISE', 'ACTIVE', 0, NULL),
('f9122b62-4675-4cda-b807-8320e5212ee0', 'fdf6d039-63bf-402a-a7fd-c2f095914231', 'KALTAKQUISE', 'ACTIVE', 0, NULL),
('0621682d-cf8c-4120-8b1c-e73d18c8fb18', '9000d4ed-3c83-482f-83d0-dc92f60b98ac', 'KALTAKQUISE', 'ACTIVE', 0, NULL),
('2a35bad9-26d5-48d6-8e55-b3f277914a13', '38a05639-13a4-4ef4-a16e-5942103068c6', 'KALTAKQUISE', 'ACTIVE', 0, NULL),
('23d20f50-9f37-4df3-8095-e36b5c092345', '04d2e2cb-9fec-4277-86ae-e6fd63964058', 'KALTAKQUISE', 'ACTIVE', 0, NULL),
('e616c1dc-39a2-4f5b-9510-561610352843', '1c6429d5-91a6-4256-abbe-9f398c56620a', 'KALTAKQUISE', 'ACTIVE', 0, NULL),
('5b7fcab4-4642-47b3-9474-4afa7c0d247c', 'd8220b6f-8f25-4557-aacb-f69bcfbba025', 'KALTAKQUISE', 'ACTIVE', 0, NULL),
('3db718a0-7bcf-4194-8e51-88fad50c1d7f', '69b2c588-d04a-4e09-a840-900c5a69fdd5', 'KALTAKQUISE', 'ACTIVE', 0, NULL),
('51a91f78-dbaa-4b91-bb14-6c5561078aec', 'e227bbb2-ddb3-4fc8-a5b0-78e12ef74073', 'KALTAKQUISE', 'ACTIVE', 0, NULL),
('a0a5a66e-cf97-4ccb-ab4e-4029d6ffc351', '3f415bda-2af6-44a2-9656-b17fd670c583', 'KALTAKQUISE', 'ACTIVE', 0, NULL),
('ad0aa086-e9f8-41a0-a328-6c361aeb4198', '1fd87f59-a438-43f8-9e48-617e971a4a5d', 'KALTAKQUISE', 'ACTIVE', 0, NULL),
('ade1dfed-861d-433e-8e9c-7530ed384f97', '191a6a4f-b183-4f23-8dce-687ec8b4ea03', 'KALTAKQUISE', 'ACTIVE', 0, NULL),
('236fd945-ce98-4f57-82de-caa03e83e5a9', '151cf63d-3e9c-410a-b531-a960bb01bdd3', 'KALTAKQUISE', 'ACTIVE', 0, NULL),
('6aa56d04-bb33-4a3b-a33f-c3a67ddce587', '8b5990de-38b6-4b81-bdb9-21b9aa0b8c5e', 'KALTAKQUISE', 'ACTIVE', 0, NULL),
('b1d80ffe-d3df-4bc5-9a82-f31bb997f724', 'b4c20518-b658-4552-8478-e035a7d6c158', 'KALTAKQUISE', 'ACTIVE', 0, NULL),
('bf63c15e-3db2-4b70-ab38-0d40a16f4c4a', '6e19ab35-0b2d-49af-b6f9-9563be962d3a', 'KALTAKQUISE', 'ACTIVE', 0, NULL),
('6535a0ee-a1bd-47b2-b70c-89acb3b41321', '1fc95028-f31d-461f-bff7-afdc7f264100', 'KALTAKQUISE', 'ACTIVE', 0, NULL),
('931ca90d-4470-45fc-a9eb-95953bf12794', 'c38acba8-ac2e-4635-940c-db230d2dbd46', 'KALTAKQUISE', 'ACTIVE', 0, NULL),
('627aa2b9-0077-457d-a15f-24804a6d8afc', '91959101-c93b-4ebc-bc50-d8cb6135d6eb', 'KALTAKQUISE', 'ACTIVE', 0, NULL),
('a21a3fbb-e432-458c-b24b-59d20c5ca27b', '756c5499-8459-424a-a944-3a763d54a027', 'KALTAKQUISE', 'ACTIVE', 0, NULL),
('6e55d00a-856a-4cd7-b49c-c83dc3d0be1b', 'e4e025cb-aca6-4744-9b3f-8c99eb12006b', 'KALTAKQUISE', 'ACTIVE', 0, NULL),
('2e8cbcd8-4fd8-443f-b740-7b5cc2a06378', 'e6d9f547-c4d5-40ab-ae60-c336449670c1', 'KALTAKQUISE', 'ACTIVE', 0, NULL),
('8d29c593-2e8a-4972-b801-e6bd772b8ff2', '26908445-ca0b-4e29-b1d3-f43c0d136346', 'KALTAKQUISE', 'ACTIVE', 0, NULL),
('74ed52d5-1c56-407b-b5b2-db8b650cb806', 'd7a39d7c-25c6-4c98-bbab-32be72e7d9a5', 'KALTAKQUISE', 'ACTIVE', 0, NULL),
('30b687a6-ea00-4055-bacb-76998dc9818e', '28bd4562-199d-4674-ae2b-c0f4ca1580ba', 'KALTAKQUISE', 'ACTIVE', 0, NULL),
('b1c6648e-3385-4496-9f20-85c9005b979b', '4b38310c-769a-4257-af60-c3609ec69c21', 'KALTAKQUISE', 'ACTIVE', 0, NULL),
('3513afc3-5624-4b3a-bb48-ae0d1d193e8a', '2fd47783-d527-4705-8ab9-9d4e3dedad27', 'KALTAKQUISE', 'ACTIVE', 0, NULL),
('0ee45323-0207-4ccc-b037-25a14f531067', '1d4b9543-9baa-4257-957e-543e7bdf0056', 'KALTAKQUISE', 'ACTIVE', 0, NULL),
('8653d030-1ae7-4c21-af82-6b2be810209b', '123d2d93-2d0b-474a-9525-66ad880f0db6', 'KALTAKQUISE', 'ACTIVE', 0, NULL),
('5b9e9607-35ad-410d-a162-d1c230258e75', '68cbd130-13a8-4c88-b614-555ed2180f32', 'KALTAKQUISE', 'ACTIVE', 0, NULL),
('3a2312e2-847d-47a4-a68f-5c32f5743c1b', '132b6d01-48ef-4575-a057-00b61fd149c9', 'KALTAKQUISE', 'ACTIVE', 0, NULL),
('fd5700e5-e21a-4343-aa8d-9151586e3240', 'bc4be7e3-0da5-4a13-846c-8dec5b35e601', 'KALTAKQUISE', 'ACTIVE', 0, NULL),
('50143d4c-39f4-46eb-83db-4aebce87cb01', 'a3573543-5905-4b78-b222-cde0548cec0d', 'KALTAKQUISE', 'ACTIVE', 0, NULL),
('6dff7c69-6b6a-42c8-8ea8-1ee030a7c65e', '6489f992-2282-466d-a47f-ed0d8932ef70', 'KALTAKQUISE', 'ACTIVE', 0, NULL),
('0b57695d-c16e-47ae-90bf-4a2b9df9d1bb', '52412873-58a1-4e53-b7cd-09bad1b37de0', 'KALTAKQUISE', 'ACTIVE', 0, NULL),
('1f99f48e-15e7-400a-aaa2-7b39afc44021', '4e83d686-65aa-4b88-b3ea-819c1135c605', 'KALTAKQUISE', 'ACTIVE', 0, NULL),
('9abc629e-7033-47fd-828c-82e11ddc9587', '5966407f-df38-4788-b520-2420eb5d506b', 'KALTAKQUISE', 'ACTIVE', 0, NULL),
('55661e98-1d52-4dfb-9a82-2c2702ba4078', '7ebada5c-cf74-40e3-857a-510d2a31526f', 'KALTAKQUISE', 'ACTIVE', 0, NULL),
('ad5b9db5-bc50-4cff-ad0d-6755d48a7a6c', '5d7fbaa1-fc2a-4315-983e-680e62c956e1', 'KALTAKQUISE', 'ACTIVE', 0, NULL),
('174a7193-b6b5-46fd-bff5-88f1005f8c14', '53db44b9-9459-40bb-829c-be380e5c0dc3', 'KALTAKQUISE', 'ACTIVE', 0, NULL),
('c4a57b45-7325-45b0-a9dd-b5f7b78243c4', 'c178f583-e63f-41ea-a470-216c4c3f48a0', 'KALTAKQUISE', 'ACTIVE', 0, NULL),
('a407d738-74c2-4134-a2cf-b425d61c21a5', '373f8410-d714-4e4d-89f0-f1c69c6f39f1', 'KALTAKQUISE', 'ACTIVE', 0, NULL),
('d49458e2-47b0-4d3d-8e8e-cb8b36517767', '3b422468-fc29-4a71-94f8-3f3a9b230449', 'KALTAKQUISE', 'ACTIVE', 0, NULL),
('c8e5caff-ec4a-41f0-80da-88577f99b68b', '239d90b6-13cf-410d-a2c3-ae6f2b63cbda', 'KALTAKQUISE', 'ACTIVE', 0, NULL),
('f0534c3c-6b2b-48b1-a739-1d3e2219ae05', '2d75106b-03b8-4204-9c14-b39e223e6192', 'KALTAKQUISE', 'ACTIVE', 0, NULL),
('0a442c8a-dd88-470a-8e21-243c32ae248c', '5d71ba7a-eea6-4e0b-9329-a9786fa9cbcf', 'KALTAKQUISE', 'ACTIVE', 0, NULL),
('53f1089d-a9c8-4844-a55a-3cc54a003fb8', '6012c98e-5572-4fb4-abae-861373500549', 'KALTAKQUISE', 'ACTIVE', 0, NULL),
('b4c37e67-e392-4e8e-b4f4-71aa5c93dc91', '706522de-f4ed-4889-bc7e-a3862f3315ef', 'KALTAKQUISE', 'ACTIVE', 0, NULL),
('ddf16553-18e3-4aec-9828-9f8dc5dd5b7d', 'c689aa73-dc02-4a12-bd00-b3300b807418', 'KALTAKQUISE', 'ACTIVE', 0, NULL),
('f87d4fc3-c044-49d8-9e81-d0999f918815', 'c7672c27-3616-4f1f-b36c-96f9d6d1f58d', 'KALTAKQUISE', 'ACTIVE', 0, NULL),
('ca94d7d9-79d5-4935-91ba-00cf59611101', '839dec27-4f45-4e9d-b4cc-d85cdc4589f5', 'KALTAKQUISE', 'ACTIVE', 0, NULL),
('029690ca-d0c0-417c-96bf-087aee463a10', '4fbfdf4e-487f-477f-8888-78d42bbbe79a', 'KALTAKQUISE', 'ACTIVE', 0, NULL),
('4f9c1f68-78b5-40f5-800e-679760af0473', 'c1b5015b-3bc1-459e-9897-d5c772f3d5b3', 'KALTAKQUISE', 'ACTIVE', 0, NULL),
('57d8f1ee-c7b1-4b44-9677-2853e79cc71f', 'be7ed07b-f9ea-4e9e-a903-9a4929100d4c', 'KALTAKQUISE', 'ACTIVE', 0, NULL),
('23084464-0433-4adf-9014-f78cd7c36d77', '8ca3b145-2965-4a72-a8db-60fe73ea254c', 'KALTAKQUISE', 'ACTIVE', 0, NULL),
('c6a6f5dd-b0d9-44d5-b1e7-5e1924b7f767', '8a10e3be-8423-4f07-92b5-3b387cb90766', 'KALTAKQUISE', 'ACTIVE', 0, NULL),
('4db0c1e1-41b1-4ac9-afa0-7c9affebe7dc', '449b8e4e-fb77-4fb7-a1e3-ed7f3865f105', 'KALTAKQUISE', 'ACTIVE', 0, NULL),
('bb9e215e-29d2-472a-84db-339add63ca18', 'd4e03fef-3e3b-4900-8611-b2b5fb08a37a', 'KALTAKQUISE', 'ACTIVE', 0, NULL),
('8826fa56-8961-4d71-b48c-fe65fa5e08d4', 'c0291db1-0187-49c1-8042-520427e67c86', 'KALTAKQUISE', 'ACTIVE', 0, NULL),
('35ec8d57-a235-4a3f-9bca-d0fd13caf575', 'e6011782-7972-49c3-8273-382625e5aa7e', 'KALTAKQUISE', 'ACTIVE', 0, NULL),
('3fab74ec-385e-4483-b4eb-c42ab3b706ee', '723002d1-cbc6-4295-824b-de3d12dfdd5a', 'KALTAKQUISE', 'ACTIVE', 0, NULL),
('909e6cbe-d0bc-4974-89ad-2570448ef8c1', '20c20390-1f10-4a0b-b969-9d651bad0367', 'KALTAKQUISE', 'ACTIVE', 0, NULL),
('de0394ba-3995-463e-8f4b-f6a801af3839', 'ea7edc60-228d-41f0-ae52-d10f40f179bc', 'KALTAKQUISE', 'ACTIVE', 0, NULL),
('4e44cc19-f977-4b2b-8511-6ecc43bf12d7', 'ca35b220-2f01-4db9-bc53-fdff813efcef', 'KALTAKQUISE', 'ACTIVE', 0, NULL),
('aaade37d-8f1c-40e2-9fda-323b6528a9bd', '94e72ccd-0d18-4c12-8fd5-a12044d8add8', 'KALTAKQUISE', 'ACTIVE', 0, NULL),
('076df8c1-2104-4e42-ae2f-f2b22c0cfb3a', '68c5a2ee-3c79-44be-951f-4a5afd1c0553', 'KALTAKQUISE', 'ACTIVE', 0, NULL),
('f81198b2-18fb-4023-b66a-dd14923a7910', 'f6f336e4-3eb3-44db-9197-dd9c5f0c289a', 'KALTAKQUISE', 'ACTIVE', 0, NULL),
('842a2b81-0db9-48b2-bfeb-57a97ec043eb', 'cd1d2527-d574-49b4-81ec-2139499567c2', 'KALTAKQUISE', 'ACTIVE', 0, NULL),
('4f6a8425-1023-4e7e-a24f-90b6813957dd', '1d54590b-894f-4b77-a67c-7d439e5127f6', 'KALTAKQUISE', 'ACTIVE', 0, NULL),
('ad01d580-12af-415a-86fa-e0076005b078', '0183cc19-d820-40ca-be6a-fa904a9a22c9', 'KALTAKQUISE', 'ACTIVE', 0, NULL),
('3edcf842-9c25-4eec-8650-3fcced695c64', 'bfd99193-1266-4823-a607-f010a6120055', 'KALTAKQUISE', 'ACTIVE', 0, NULL),
('45175b98-e960-4364-88ae-67eb72c1eec3', 'f2c443e8-6fd8-47d6-b3df-a884715d90a4', 'KALTAKQUISE', 'ACTIVE', 0, NULL),
('bd732423-8713-462a-8e0b-aaaf61eafdac', 'b1ed0bc8-4364-433b-b7ee-667f8c578050', 'KALTAKQUISE', 'ACTIVE', 0, NULL),
('fc30b4dc-4bdf-43d1-bb48-ab08a819bc6d', 'a17501af-994a-4800-8179-7e518443308a', 'KALTAKQUISE', 'ACTIVE', 0, NULL),
('5d3e40e0-1e18-4ba7-8455-b33d271c78b2', '3b4afd32-5fda-4229-beb2-e0306010e094', 'KALTAKQUISE', 'ACTIVE', 0, NULL),
('7f6c3f51-4a10-475e-89f6-1abdcdb3d522', '0b69f200-5e9a-4b80-a8e1-1860a07107b8', 'KALTAKQUISE', 'ACTIVE', 0, NULL),
('2e6da785-abef-4c28-9ce5-bed93a85c447', '213570e7-01f8-4d8a-bf17-2bb58901f7a7', 'KALTAKQUISE', 'ACTIVE', 0, NULL),
('a4bfc5f9-8cf6-477d-abce-52f237355865', 'ba144b63-f0cb-49bb-81dd-01739a4d3651', 'KALTAKQUISE', 'ACTIVE', 0, NULL),
('b736b813-3ed6-476d-bb7c-bbe1929e5e76', '3454ed1d-90a1-4258-a80a-dd45e5ee64e8', 'KALTAKQUISE', 'ACTIVE', 0, NULL),
('1c5e4c95-a2ff-488e-95ed-37cfbb3d0827', 'bb3f9061-b5be-4f62-bfa1-38bc1456eaa0', 'KALTAKQUISE', 'ACTIVE', 0, NULL),
('899d6413-31ae-4eb3-a70e-751dadb4fbca', 'd43f2dd8-6ae0-4c4c-8a9e-177cceabb32d', 'KALTAKQUISE', 'ACTIVE', 0, NULL),
('4dbe8708-e899-4364-bd0b-61ee12f11973', '316f8ded-c362-44cb-a5c7-9c1b697b2d15', 'KALTAKQUISE', 'ACTIVE', 0, NULL),
('a7fe051a-5270-4632-918b-b343e6a27a66', '1aed59eb-a6cc-482f-8c1c-a184b3488cbe', 'KALTAKQUISE', 'ACTIVE', 0, NULL),
('7dd23002-5fc9-40c4-a1ec-aad950c538e2', 'f36f312d-eadc-4d87-bf65-c6ca9816b733', 'KALTAKQUISE', 'ACTIVE', 0, NULL),
('211a97e6-375d-465e-bb20-662780d53009', 'a0958883-c74e-4dd5-8d82-d4db29212e4a', 'KALTAKQUISE', 'ACTIVE', 0, NULL),
('5de21368-718b-44de-b0a5-c48b6288e2d6', '9a976af7-74e0-4cf1-92fd-c15d1162383d', 'KALTAKQUISE', 'ACTIVE', 0, NULL),
('a8a5eb11-7745-41c6-97de-968f13b921fd', 'b8417fdf-7e93-402f-8e02-8fbcadb63f1c', 'KALTAKQUISE', 'ACTIVE', 0, NULL),
('8d08c463-e324-4d1a-bc86-a35dd6d09e24', '80128947-ff89-4df4-98cc-dd6afa71aa4c', 'KALTAKQUISE', 'ACTIVE', 0, NULL),
('013f00de-9c5f-49ef-a8ea-ce8aa40c3c14', '153dbc98-708d-4602-9c8f-fb73406993fa', 'KALTAKQUISE', 'ACTIVE', 0, NULL),
('de51cab0-db27-49b1-9b43-9b65483591bd', '603e268f-e73e-4e42-a553-0c4888c63f9d', 'KALTAKQUISE', 'ACTIVE', 0, NULL),
('a19553eb-2709-490d-adb7-316ed1d5a2cc', '5b8c6f56-2a17-42bd-b6c1-75532d2f405f', 'KALTAKQUISE', 'ACTIVE', 0, NULL),
('16462b37-5c15-4af6-895a-255245251994', '6891e0d7-4183-4ec4-8cc4-e02cb3d833e4', 'KALTAKQUISE', 'ACTIVE', 0, NULL),
('aceb989a-26dc-4e47-901c-030bc4cb9ecc', 'f085503d-325d-49bb-96f0-370dacf68edb', 'KALTAKQUISE', 'ACTIVE', 0, NULL),
('bf96a868-bd48-4dbe-8fb2-cedf6ecbebaf', 'a226e79e-f495-4bd2-a4f5-2abac407e307', 'KALTAKQUISE', 'ACTIVE', 0, NULL),
('631ec784-b116-4d07-961a-9c0750c82fea', '795b28a3-6808-468c-a19d-fd7750da3890', 'KALTAKQUISE', 'ACTIVE', 0, NULL),
('ecdfc208-6077-4704-b849-737f34374475', 'f1092c86-c191-415e-b3ac-72a65508a0c8', 'KALTAKQUISE', 'ACTIVE', 0, NULL),
('37a8bc61-41f2-46b8-b21e-c9a410365f3d', '7a94e5a3-00fe-49bf-a2d0-7c2dce2d3ec9', 'KALTAKQUISE', 'ACTIVE', 0, NULL),
('9f66b75c-ae02-45eb-a8ef-c6e163da3d8a', '6b66416e-64b4-4d9c-9ace-fef91b3622d2', 'KALTAKQUISE', 'ACTIVE', 0, NULL),
('7638fd38-8449-4360-9a5c-bb4fa1abbdc3', '222e2ac9-ddb8-4111-93d9-dc614eebc288', 'KALTAKQUISE', 'ACTIVE', 0, NULL),
('26537280-52ff-457f-886f-dda2f9c82b21', 'e1d7e27e-5fab-4239-bd63-dffcb2940300', 'KALTAKQUISE', 'ACTIVE', 0, NULL),
('8009c48f-2667-4281-86be-30d28db765be', '7f249fe7-b061-4b73-91a8-682b19502309', 'KALTAKQUISE', 'ACTIVE', 0, NULL),
('4f46b5fc-efd8-47e5-aae5-a55b7a551ae1', '3a1cf15d-43f1-4ae3-9a61-93183797274f', 'KALTAKQUISE', 'ACTIVE', 0, NULL),
('27cef9c0-a148-4eb7-8621-6f96ac4a3f76', 'dd3685e0-2b33-435b-a50b-9a2fbe428033', 'KALTAKQUISE', 'ACTIVE', 0, NULL),
('e6b92ded-e23c-473d-9784-a4cc3781602f', '588eca11-d020-4451-b566-959cfc6082db', 'KALTAKQUISE', 'ACTIVE', 0, NULL),
('3c9ea3e0-523b-48c0-b7ca-14397e80755b', '1a5fed87-50b2-48e4-8844-0d2a3ac984fb', 'KALTAKQUISE', 'ACTIVE', 0, NULL),
('e71be242-7206-4ff7-80d2-09764d35263f', 'd481d441-c38c-4a7f-a281-b6bf2cd399e3', 'KALTAKQUISE', 'ACTIVE', 0, NULL),
('b43a27b2-4c17-4e39-96fe-3b3516f9c0b9', 'db2bdb21-af3b-4001-b35e-c0c6cba1a162', 'KALTAKQUISE', 'ACTIVE', 0, NULL),
('379c488f-fc58-4d47-8fcc-2ead70145b77', 'f5288b2b-fc16-4968-a361-fc8c1ab00fcb', 'KALTAKQUISE', 'ACTIVE', 0, NULL),
('a52e8f05-8ca4-49b5-b717-16a25dbc3806', '80447e85-52ea-41f0-a22b-94804acb0f59', 'KALTAKQUISE', 'ACTIVE', 0, NULL),
('1700ad04-d3b1-486f-86e0-f76e02dbbdcb', 'acd0e013-7e5d-4aa1-9e9d-7a781c638cb9', 'KALTAKQUISE', 'ACTIVE', 0, NULL),
('2b051b57-5f47-4896-ae6c-674f9e324b33', 'a13c5c92-6d94-41f2-9c20-020cd4a69c83', 'KALTAKQUISE', 'ACTIVE', 0, NULL),
('01741a86-d45c-4ff7-b095-1c3eff469f5c', '3f1ff790-2ac0-440c-8940-7c0a881f881c', 'KALTAKQUISE', 'ACTIVE', 0, NULL),
('ccb454eb-7dbf-441c-81de-909a15de4fc3', 'f646046b-414f-42a5-aeca-116e325377bc', 'KALTAKQUISE', 'ACTIVE', 0, NULL),
('3239df7c-19fb-454c-8d3d-061288453669', 'e7bc8689-f017-4019-af31-8e42843de102', 'KALTAKQUISE', 'ACTIVE', 0, NULL),
('a785a6ed-67f1-4688-8faa-74882a87c388', '3f0120a1-a725-45db-9759-6e23c17e14b5', 'KALTAKQUISE', 'ACTIVE', 0, NULL),
('cb5bb02e-7367-48f8-875a-39f7a2d426c3', '9e22bb1e-9142-4cdc-b597-324cdc045270', 'KALTAKQUISE', 'ACTIVE', 0, NULL),
('79c63104-7f2b-407c-83c7-69dec7f734f9', '3f816e85-f9ab-4810-bf14-82eb73c0800e', 'KALTAKQUISE', 'ACTIVE', 0, NULL),
('7f0694a1-15c2-4d6b-8584-f082928fdae3', '70d4acf6-1cd2-4e5e-b54f-2bdcf663661f', 'KALTAKQUISE', 'ACTIVE', 0, NULL),
('12c28a62-d317-4d61-b447-bd311f45445d', '7e4708c2-34ba-40c9-97fe-741359d7f2b9', 'KALTAKQUISE', 'ACTIVE', 0, NULL),
('cdeb8ab3-2e39-47f3-8058-b9603ddd36f6', '73319f6c-9181-4d96-8240-720efbec1054', 'KALTAKQUISE', 'ACTIVE', 0, NULL),
('d45969d9-0d65-4714-a433-cec653e65627', '6c49e4f8-5ee8-4a0e-a2db-2bbaeb7abcab', 'KALTAKQUISE', 'ACTIVE', 0, NULL),
('9e9221a2-7294-4cec-9e0c-e03f1e638ba7', 'a6594dff-32a1-4071-906d-eb70e922075b', 'KALTAKQUISE', 'ACTIVE', 0, NULL),
('239d90d5-9c37-47a1-a3ed-a07f0a194acd', '4f5d45cd-8510-465d-844c-d5c7c703a082', 'KALTAKQUISE', 'ACTIVE', 0, NULL),
('33587c5e-6227-41ea-9703-8d9d079c6a5b', '2ee4adf7-b27c-43de-9bd0-418493b1be33', 'KALTAKQUISE', 'ACTIVE', 0, NULL),
('de7bc185-ebdd-470d-b0b9-b928a12f48d2', 'a8fca73a-5796-4b35-a81f-3444ebc23f11', 'KALTAKQUISE', 'ACTIVE', 0, NULL),
('263eea2f-c02d-4aea-8973-d34d17126618', 'c3be7ca0-6b3a-48c8-a0a6-ac484a19dcc8', 'KALTAKQUISE', 'ACTIVE', 0, NULL),
('c1f996f0-0cc1-4229-b6c8-bfa2528211f6', 'f18c4fd2-9e3e-4c4c-bae7-f5ef9a2e6868', 'KALTAKQUISE', 'ACTIVE', 0, NULL),
('abe08839-97c8-4c60-9280-d6100c0f617a', 'd6b8882d-ab86-4a9e-80e9-7eed866637b3', 'KALTAKQUISE', 'ACTIVE', 0, NULL),
('9f9fc713-266e-44b0-b5a7-7ac77d4a1f80', '6ba273e2-3002-4df0-974f-c6c37e00c08d', 'KALTAKQUISE', 'ACTIVE', 0, NULL),
('70be7e56-02bf-463d-9446-e01cf127bb5e', '2af45253-4da2-4696-9b15-4a833619a83c', 'KALTAKQUISE', 'ACTIVE', 0, NULL),
('9815ba77-2ee3-435e-bcbb-ada93c02cacc', '8e9a95fc-891e-4b0d-9da2-f3ea1e6891fc', 'KALTAKQUISE', 'ACTIVE', 0, NULL),
('a0ee7be1-1072-488b-a6e5-6722bd9f4892', '3ce45e33-c7a3-4e0d-8daf-7a6d3fb5335c', 'KALTAKQUISE', 'ACTIVE', 0, NULL),
('a8ae9edc-460d-403c-9ccb-55db79e6eae2', '57990747-a3ac-411d-ba4e-f70914c5e9fd', 'KALTAKQUISE', 'ACTIVE', 0, NULL),
('6d550c02-29be-4f1f-9511-a7b1ec6c8a19', '689208bc-a9a2-4a9b-9c4a-9ac21e8175f5', 'KALTAKQUISE', 'ACTIVE', 0, NULL),
('2be15cc7-06c1-4b10-890e-514813c32ba8', '99bd1db1-0048-48c2-a8a0-b3a8f539e7d3', 'KALTAKQUISE', 'ACTIVE', 0, NULL),
('d7e8af06-b978-4735-a674-afcfe017ebe7', '2442f9b8-3da3-4753-ac48-7af7a266099c', 'KALTAKQUISE', 'ACTIVE', 0, NULL),
('d01e8f30-99dc-4b55-be4e-7494e80bbeae', 'f3b4f915-282b-48fa-bc64-32d04a483979', 'KALTAKQUISE', 'ACTIVE', 0, NULL),
('5bb7f728-3cc8-4de9-99fe-6440d968eee0', '93e6fdea-5274-4125-8a83-b445713322ca', 'KALTAKQUISE', 'ACTIVE', 0, NULL),
('af3c6ff8-61d1-4cff-8b49-69094019d41b', '4bef22d8-e601-4a1b-811f-ade586ef8924', 'KALTAKQUISE', 'ACTIVE', 0, NULL),
('f4c16467-81d5-4f6f-8e07-c7cffea9fd79', '25b54f0a-64d6-4f8c-bb3d-256a33b5510d', 'KALTAKQUISE', 'ACTIVE', 0, NULL),
('0414b478-98fe-4285-af3e-c5d2024350af', '38524d41-97e2-4750-8c94-8a9e6f475593', 'KALTAKQUISE', 'ACTIVE', 0, NULL),
('4621fc14-f6c1-49b3-9b2a-cf6ac02e14e8', 'a02fe3f5-454c-4266-9be4-958aba836b00', 'KALTAKQUISE', 'ACTIVE', 0, NULL),
('e9493e63-f525-456f-b99d-9e0d88ce8285', '4c51927b-4f93-4bca-b069-fdf11653b3b5', 'KALTAKQUISE', 'ACTIVE', 0, NULL),
('90f85f13-b5b0-4719-85e7-841dd2c65e8c', 'ea8b7ce1-aa19-48b9-a7d5-cb4332bcde64', 'KALTAKQUISE', 'ACTIVE', 0, NULL),
('d394a7fb-0c78-4c18-9654-5fcf4b810ffa', '6cb8304a-a72b-4974-ab3a-62a17b8becd9', 'KALTAKQUISE', 'ACTIVE', 0, NULL),
('6abb8eeb-7519-49a2-825e-6d61fd34f189', '09c50099-96cc-4998-a5ed-4cdc3e11f65c', 'KALTAKQUISE', 'ACTIVE', 0, NULL),
('c1acda49-9bff-4d2f-9ff6-a46c15df41ef', 'b5d565af-c19d-4aa0-9d9f-ea55dbc5739d', 'KALTAKQUISE', 'ACTIVE', 0, NULL),
('b50e54f9-cf3a-4152-80a0-21b292e40632', 'fc14603c-9881-433b-af04-331f9c650777', 'KALTAKQUISE', 'ACTIVE', 0, NULL),
('0047667a-a983-4a0c-b9ee-94f864dca50e', '135fb069-b084-4fe0-82eb-6443f98ffbc2', 'KALTAKQUISE', 'ACTIVE', 0, NULL),
('3596e28a-acf5-45c1-a131-d7afd1f9c9fe', '86ad2776-aecc-4a89-9cf7-da29578f7286', 'KALTAKQUISE', 'ACTIVE', 0, NULL),
('a353808a-b1bf-451e-a6a5-60d43a153118', '7ae88a04-4e83-4fe9-b31c-281eb0b02c57', 'KALTAKQUISE', 'ACTIVE', 0, NULL),
('28e55487-2a19-4e71-8a96-95348af3c4e8', 'd01468af-eb90-46da-85a8-6ac7d14e5cc7', 'KALTAKQUISE', 'ACTIVE', 0, NULL),
('63eebd9a-af4a-4372-b09b-9aa212467266', 'f8490603-8f27-4f4a-a406-c45362c007e3', 'KALTAKQUISE', 'ACTIVE', 0, NULL),
('5a732b75-76ca-4e2f-9755-6d10248ef9ee', '20cc241c-d1ef-4175-8cc3-c771b348c84d', 'KALTAKQUISE', 'ACTIVE', 0, NULL),
('d4deb63f-5916-4561-94a5-cf759ba9c2e0', '91343277-45c4-48a5-9d14-435af7d2307a', 'KALTAKQUISE', 'ACTIVE', 0, NULL),
('84620d92-c242-4b7a-aecd-72e82397d8fd', '9ce88f9d-d8b6-4fd3-ab7b-0686d8c4ce63', 'KALTAKQUISE', 'ACTIVE', 0, NULL),
('01ef79b1-1755-4091-93d3-fafc4a17c716', 'c531c51a-d402-433c-b199-c201f2171e3d', 'KALTAKQUISE', 'ACTIVE', 0, NULL),
('f5c3ed5d-4f23-4a78-8f8b-ccc2f9feb72d', 'f52d6872-c25e-42a5-b7c5-5253afdda2dc', 'KALTAKQUISE', 'ACTIVE', 0, NULL),
('44404208-2f3d-4327-ae80-61034f45ee77', '6afe59ed-7f8b-41ba-a70c-33002f1db49a', 'KALTAKQUISE', 'ACTIVE', 0, NULL),
('d835c146-7657-40f3-9c2b-c9a8064ec683', 'd345305d-923b-4db5-b799-a0e9959a8f5c', 'KALTAKQUISE', 'ACTIVE', 0, NULL),
('120b1b2b-2081-4531-a6b6-1397319c6f5f', 'f1197ee5-45b3-46fa-9e43-6ea35505ddb0', 'KALTAKQUISE', 'ACTIVE', 0, NULL),
('2fc94a71-c044-466c-802b-689b15059f2a', '3247691c-6bd5-4645-ae92-bd4811f901fe', 'KALTAKQUISE', 'ACTIVE', 0, NULL),
('dea5c6a0-d85f-4271-a907-86f32c44e2b7', 'a24ff410-5f7e-4fff-a695-4151fa9d46fb', 'KALTAKQUISE', 'ACTIVE', 0, NULL),
('e0355d8c-1b5e-4bcc-a4a8-a316994c1ed8', '8aa4180e-5d0b-44c8-ac4f-16325771ebe6', 'KALTAKQUISE', 'ACTIVE', 0, NULL);

INSERT INTO lead_tags (lead_id, tag_id) VALUES
('ab52508d-08ca-4577-af6c-5a5d754c3c8f', 'ka-b2c'),
('3138bfcc-06ec-46fa-98c6-3f03e8753d1c', 'ka-b2c'),
('16b83031-179d-4af7-9dc2-f3223ab2157b', 'ka-b2c'),
('35748284-a581-4428-82fa-61a17f6682f3', 'ka-b2c'),
('592992e9-178e-4624-a6fc-d3910be10e42', 'ka-b2c'),
('38456059-3a3e-4372-8462-fa1a3c285cec', 'ka-b2c'),
('eff7c3cb-bc99-4797-91b5-62b104d49f43', 'ka-b2c'),
('1afe41c1-2ec7-4dcf-97ec-d08a15c2ec1b', 'ka-b2c'),
('5a576aee-aae7-49c9-b019-fab81398f2eb', 'ka-b2c'),
('8132c2eb-b6e4-4fc1-839c-030284d0dd4f', 'ka-b2c'),
('d60453a6-814d-4646-bf10-748e174613c0', 'ka-b2c'),
('3becbeaa-6563-4036-b577-6ad1a7f826a5', 'ka-b2c'),
('a0dff1c6-2988-4c21-881c-05acb43b527c', 'ka-b2c'),
('b6a1ec85-4799-46be-b989-f575617e6716', 'ka-b2c'),
('4d074378-4856-4615-a252-02ae05209490', 'ka-b2c'),
('607e0948-c385-4bbd-bc4b-b6e57f53a4f9', 'ka-b2c'),
('d2c60bda-9ee3-4fb6-b41c-6cfee36b910d', 'ka-b2c'),
('3e505e97-47e2-4fef-96ef-4a86fcc14cda', 'ka-b2c'),
('be8e8843-8688-425f-96b3-68a008c1141a', 'ka-b2c'),
('afc482b5-b9a8-4488-b0e9-7d90b2d4777b', 'ka-b2c'),
('f338d402-f5a5-4c37-bc44-d2911849281b', 'ka-b2c'),
('f25c39e9-5802-4e65-aacd-80d4478e0afa', 'ka-b2c'),
('59b4b2a6-95d9-4bd6-bc85-82f3c2825f1a', 'ka-b2c'),
('1b82ad9d-76bb-4204-8967-f95b51457de4', 'ka-b2c'),
('3c2c0ef9-d491-442c-8004-3498809a6199', 'ka-b2c'),
('2225022a-9b7f-4292-a679-2e1ddbd4aa03', 'ka-b2c'),
('ab36ca0e-f072-4831-9bf5-f3c6da4685a2', 'ka-b2c'),
('f58c18f7-ee5a-4953-b334-9435c5652843', 'ka-b2c'),
('3dbe86f0-1250-4f6e-874b-ed6480d0312a', 'ka-b2c'),
('9b9b2c5c-9720-4776-bd20-d12fae8281de', 'ka-b2c'),
('c95a5c05-45d0-4e5c-96d3-025e144de438', 'ka-b2c'),
('84b35b73-73c0-4a31-bb82-d155418ddac2', 'ka-b2c'),
('a41ca899-bd0a-4d47-bb69-4bf65abc4935', 'ka-b2c'),
('c1df50a3-c738-43df-be7f-f16c999ea8cd', 'ka-b2c'),
('e678f072-380f-4368-b4d8-f6b585cca0c5', 'ka-b2c'),
('9da1bdab-7988-41ea-8e9a-65bd91c4785f', 'ka-b2c'),
('ff349172-92fb-4fbe-a69b-0d15b51591eb', 'ka-b2c'),
('f9122b62-4675-4cda-b807-8320e5212ee0', 'ka-b2c'),
('0621682d-cf8c-4120-8b1c-e73d18c8fb18', 'ka-b2c'),
('2a35bad9-26d5-48d6-8e55-b3f277914a13', 'ka-b2c'),
('23d20f50-9f37-4df3-8095-e36b5c092345', 'ka-b2c'),
('e616c1dc-39a2-4f5b-9510-561610352843', 'ka-b2c'),
('5b7fcab4-4642-47b3-9474-4afa7c0d247c', 'ka-b2c'),
('3db718a0-7bcf-4194-8e51-88fad50c1d7f', 'ka-b2c'),
('51a91f78-dbaa-4b91-bb14-6c5561078aec', 'ka-b2c'),
('a0a5a66e-cf97-4ccb-ab4e-4029d6ffc351', 'ka-b2c'),
('ad0aa086-e9f8-41a0-a328-6c361aeb4198', 'ka-b2c'),
('ade1dfed-861d-433e-8e9c-7530ed384f97', 'ka-b2c'),
('236fd945-ce98-4f57-82de-caa03e83e5a9', 'ka-b2c'),
('6aa56d04-bb33-4a3b-a33f-c3a67ddce587', 'ka-b2c'),
('b1d80ffe-d3df-4bc5-9a82-f31bb997f724', 'ka-b2c'),
('bf63c15e-3db2-4b70-ab38-0d40a16f4c4a', 'ka-b2c'),
('6535a0ee-a1bd-47b2-b70c-89acb3b41321', 'ka-b2c'),
('931ca90d-4470-45fc-a9eb-95953bf12794', 'ka-b2c'),
('627aa2b9-0077-457d-a15f-24804a6d8afc', 'ka-b2c'),
('a21a3fbb-e432-458c-b24b-59d20c5ca27b', 'ka-b2c'),
('6e55d00a-856a-4cd7-b49c-c83dc3d0be1b', 'ka-b2c'),
('2e8cbcd8-4fd8-443f-b740-7b5cc2a06378', 'ka-b2c'),
('8d29c593-2e8a-4972-b801-e6bd772b8ff2', 'ka-b2c'),
('74ed52d5-1c56-407b-b5b2-db8b650cb806', 'ka-b2c'),
('30b687a6-ea00-4055-bacb-76998dc9818e', 'ka-b2c'),
('b1c6648e-3385-4496-9f20-85c9005b979b', 'ka-b2c'),
('3513afc3-5624-4b3a-bb48-ae0d1d193e8a', 'ka-b2c'),
('0ee45323-0207-4ccc-b037-25a14f531067', 'ka-b2c'),
('8653d030-1ae7-4c21-af82-6b2be810209b', 'ka-b2c'),
('5b9e9607-35ad-410d-a162-d1c230258e75', 'ka-b2c'),
('3a2312e2-847d-47a4-a68f-5c32f5743c1b', 'ka-b2c'),
('fd5700e5-e21a-4343-aa8d-9151586e3240', 'ka-b2c'),
('50143d4c-39f4-46eb-83db-4aebce87cb01', 'ka-b2c'),
('6dff7c69-6b6a-42c8-8ea8-1ee030a7c65e', 'ka-b2c'),
('0b57695d-c16e-47ae-90bf-4a2b9df9d1bb', 'ka-b2c'),
('1f99f48e-15e7-400a-aaa2-7b39afc44021', 'ka-b2c'),
('9abc629e-7033-47fd-828c-82e11ddc9587', 'ka-b2c'),
('55661e98-1d52-4dfb-9a82-2c2702ba4078', 'ka-b2c'),
('ad5b9db5-bc50-4cff-ad0d-6755d48a7a6c', 'ka-b2c'),
('174a7193-b6b5-46fd-bff5-88f1005f8c14', 'ka-b2c'),
('c4a57b45-7325-45b0-a9dd-b5f7b78243c4', 'ka-b2c'),
('a407d738-74c2-4134-a2cf-b425d61c21a5', 'ka-b2c'),
('d49458e2-47b0-4d3d-8e8e-cb8b36517767', 'ka-b2c'),
('c8e5caff-ec4a-41f0-80da-88577f99b68b', 'ka-b2c'),
('f0534c3c-6b2b-48b1-a739-1d3e2219ae05', 'ka-b2c'),
('0a442c8a-dd88-470a-8e21-243c32ae248c', 'ka-b2c'),
('53f1089d-a9c8-4844-a55a-3cc54a003fb8', 'ka-b2c'),
('b4c37e67-e392-4e8e-b4f4-71aa5c93dc91', 'ka-b2c'),
('ddf16553-18e3-4aec-9828-9f8dc5dd5b7d', 'ka-b2c'),
('f87d4fc3-c044-49d8-9e81-d0999f918815', 'ka-b2c'),
('ca94d7d9-79d5-4935-91ba-00cf59611101', 'ka-b2c'),
('029690ca-d0c0-417c-96bf-087aee463a10', 'ka-b2c'),
('4f9c1f68-78b5-40f5-800e-679760af0473', 'ka-b2c'),
('57d8f1ee-c7b1-4b44-9677-2853e79cc71f', 'ka-b2c'),
('23084464-0433-4adf-9014-f78cd7c36d77', 'ka-b2c'),
('c6a6f5dd-b0d9-44d5-b1e7-5e1924b7f767', 'ka-b2c'),
('4db0c1e1-41b1-4ac9-afa0-7c9affebe7dc', 'ka-b2c'),
('bb9e215e-29d2-472a-84db-339add63ca18', 'ka-b2c'),
('8826fa56-8961-4d71-b48c-fe65fa5e08d4', 'ka-b2c'),
('35ec8d57-a235-4a3f-9bca-d0fd13caf575', 'ka-b2c'),
('3fab74ec-385e-4483-b4eb-c42ab3b706ee', 'ka-b2c'),
('909e6cbe-d0bc-4974-89ad-2570448ef8c1', 'ka-b2c'),
('de0394ba-3995-463e-8f4b-f6a801af3839', 'ka-b2c'),
('4e44cc19-f977-4b2b-8511-6ecc43bf12d7', 'ka-b2c'),
('aaade37d-8f1c-40e2-9fda-323b6528a9bd', 'ka-b2c'),
('076df8c1-2104-4e42-ae2f-f2b22c0cfb3a', 'ka-b2c'),
('f81198b2-18fb-4023-b66a-dd14923a7910', 'ka-b2c'),
('842a2b81-0db9-48b2-bfeb-57a97ec043eb', 'ka-b2c'),
('4f6a8425-1023-4e7e-a24f-90b6813957dd', 'ka-b2c'),
('ad01d580-12af-415a-86fa-e0076005b078', 'ka-b2c'),
('3edcf842-9c25-4eec-8650-3fcced695c64', 'ka-b2c'),
('45175b98-e960-4364-88ae-67eb72c1eec3', 'ka-b2c'),
('bd732423-8713-462a-8e0b-aaaf61eafdac', 'ka-b2c'),
('fc30b4dc-4bdf-43d1-bb48-ab08a819bc6d', 'ka-b2c'),
('5d3e40e0-1e18-4ba7-8455-b33d271c78b2', 'ka-b2c'),
('7f6c3f51-4a10-475e-89f6-1abdcdb3d522', 'ka-b2c'),
('2e6da785-abef-4c28-9ce5-bed93a85c447', 'ka-b2c'),
('a4bfc5f9-8cf6-477d-abce-52f237355865', 'ka-b2c'),
('b736b813-3ed6-476d-bb7c-bbe1929e5e76', 'ka-b2c'),
('1c5e4c95-a2ff-488e-95ed-37cfbb3d0827', 'ka-b2c'),
('899d6413-31ae-4eb3-a70e-751dadb4fbca', 'ka-b2c'),
('4dbe8708-e899-4364-bd0b-61ee12f11973', 'ka-b2c'),
('a7fe051a-5270-4632-918b-b343e6a27a66', 'ka-b2c'),
('7dd23002-5fc9-40c4-a1ec-aad950c538e2', 'ka-b2c'),
('211a97e6-375d-465e-bb20-662780d53009', 'ka-b2c'),
('5de21368-718b-44de-b0a5-c48b6288e2d6', 'ka-b2c'),
('a8a5eb11-7745-41c6-97de-968f13b921fd', 'ka-b2c'),
('8d08c463-e324-4d1a-bc86-a35dd6d09e24', 'ka-b2c'),
('013f00de-9c5f-49ef-a8ea-ce8aa40c3c14', 'ka-b2c'),
('de51cab0-db27-49b1-9b43-9b65483591bd', 'ka-b2c'),
('a19553eb-2709-490d-adb7-316ed1d5a2cc', 'ka-b2c'),
('16462b37-5c15-4af6-895a-255245251994', 'ka-b2c'),
('aceb989a-26dc-4e47-901c-030bc4cb9ecc', 'ka-b2c'),
('bf96a868-bd48-4dbe-8fb2-cedf6ecbebaf', 'ka-b2c'),
('631ec784-b116-4d07-961a-9c0750c82fea', 'ka-b2c'),
('ecdfc208-6077-4704-b849-737f34374475', 'ka-b2c'),
('37a8bc61-41f2-46b8-b21e-c9a410365f3d', 'ka-b2c'),
('9f66b75c-ae02-45eb-a8ef-c6e163da3d8a', 'ka-b2c'),
('7638fd38-8449-4360-9a5c-bb4fa1abbdc3', 'ka-b2c'),
('26537280-52ff-457f-886f-dda2f9c82b21', 'ka-b2c'),
('8009c48f-2667-4281-86be-30d28db765be', 'ka-b2c'),
('4f46b5fc-efd8-47e5-aae5-a55b7a551ae1', 'ka-b2c'),
('27cef9c0-a148-4eb7-8621-6f96ac4a3f76', 'ka-b2c'),
('e6b92ded-e23c-473d-9784-a4cc3781602f', 'ka-b2c'),
('3c9ea3e0-523b-48c0-b7ca-14397e80755b', 'ka-b2c'),
('e71be242-7206-4ff7-80d2-09764d35263f', 'ka-b2c'),
('b43a27b2-4c17-4e39-96fe-3b3516f9c0b9', 'ka-b2c'),
('379c488f-fc58-4d47-8fcc-2ead70145b77', 'ka-b2c'),
('a52e8f05-8ca4-49b5-b717-16a25dbc3806', 'ka-b2c'),
('1700ad04-d3b1-486f-86e0-f76e02dbbdcb', 'ka-b2c'),
('2b051b57-5f47-4896-ae6c-674f9e324b33', 'ka-b2c'),
('01741a86-d45c-4ff7-b095-1c3eff469f5c', 'ka-b2c'),
('ccb454eb-7dbf-441c-81de-909a15de4fc3', 'ka-b2c'),
('3239df7c-19fb-454c-8d3d-061288453669', 'ka-b2c'),
('a785a6ed-67f1-4688-8faa-74882a87c388', 'ka-b2c'),
('cb5bb02e-7367-48f8-875a-39f7a2d426c3', 'ka-b2c'),
('79c63104-7f2b-407c-83c7-69dec7f734f9', 'ka-b2c'),
('7f0694a1-15c2-4d6b-8584-f082928fdae3', 'ka-b2c'),
('12c28a62-d317-4d61-b447-bd311f45445d', 'ka-b2c'),
('cdeb8ab3-2e39-47f3-8058-b9603ddd36f6', 'ka-b2c'),
('d45969d9-0d65-4714-a433-cec653e65627', 'ka-b2c'),
('9e9221a2-7294-4cec-9e0c-e03f1e638ba7', 'ka-b2c'),
('239d90d5-9c37-47a1-a3ed-a07f0a194acd', 'ka-b2c'),
('33587c5e-6227-41ea-9703-8d9d079c6a5b', 'ka-b2c'),
('de7bc185-ebdd-470d-b0b9-b928a12f48d2', 'ka-b2c'),
('263eea2f-c02d-4aea-8973-d34d17126618', 'ka-b2c'),
('c1f996f0-0cc1-4229-b6c8-bfa2528211f6', 'ka-b2c'),
('abe08839-97c8-4c60-9280-d6100c0f617a', 'ka-b2c'),
('9f9fc713-266e-44b0-b5a7-7ac77d4a1f80', 'ka-b2c'),
('70be7e56-02bf-463d-9446-e01cf127bb5e', 'ka-b2c'),
('9815ba77-2ee3-435e-bcbb-ada93c02cacc', 'ka-b2c'),
('a0ee7be1-1072-488b-a6e5-6722bd9f4892', 'ka-b2c'),
('a8ae9edc-460d-403c-9ccb-55db79e6eae2', 'ka-b2c'),
('6d550c02-29be-4f1f-9511-a7b1ec6c8a19', 'ka-b2c'),
('2be15cc7-06c1-4b10-890e-514813c32ba8', 'ka-b2c'),
('d7e8af06-b978-4735-a674-afcfe017ebe7', 'ka-b2c'),
('d01e8f30-99dc-4b55-be4e-7494e80bbeae', 'ka-b2c'),
('5bb7f728-3cc8-4de9-99fe-6440d968eee0', 'ka-b2c'),
('af3c6ff8-61d1-4cff-8b49-69094019d41b', 'ka-b2c'),
('f4c16467-81d5-4f6f-8e07-c7cffea9fd79', 'ka-b2c'),
('0414b478-98fe-4285-af3e-c5d2024350af', 'ka-b2c'),
('4621fc14-f6c1-49b3-9b2a-cf6ac02e14e8', 'ka-b2c'),
('e9493e63-f525-456f-b99d-9e0d88ce8285', 'ka-b2c'),
('90f85f13-b5b0-4719-85e7-841dd2c65e8c', 'ka-b2c'),
('d394a7fb-0c78-4c18-9654-5fcf4b810ffa', 'ka-b2c'),
('6abb8eeb-7519-49a2-825e-6d61fd34f189', 'ka-b2c'),
('c1acda49-9bff-4d2f-9ff6-a46c15df41ef', 'ka-b2c'),
('b50e54f9-cf3a-4152-80a0-21b292e40632', 'ka-b2c'),
('0047667a-a983-4a0c-b9ee-94f864dca50e', 'ka-b2c'),
('3596e28a-acf5-45c1-a131-d7afd1f9c9fe', 'ka-b2c'),
('a353808a-b1bf-451e-a6a5-60d43a153118', 'ka-b2c'),
('28e55487-2a19-4e71-8a96-95348af3c4e8', 'ka-b2c'),
('63eebd9a-af4a-4372-b09b-9aa212467266', 'ka-b2c'),
('5a732b75-76ca-4e2f-9755-6d10248ef9ee', 'ka-b2c'),
('d4deb63f-5916-4561-94a5-cf759ba9c2e0', 'ka-b2c'),
('84620d92-c242-4b7a-aecd-72e82397d8fd', 'ka-b2c'),
('01ef79b1-1755-4091-93d3-fafc4a17c716', 'ka-b2c'),
('f5c3ed5d-4f23-4a78-8f8b-ccc2f9feb72d', 'ka-b2c'),
('44404208-2f3d-4327-ae80-61034f45ee77', 'ka-b2c'),
('d835c146-7657-40f3-9c2b-c9a8064ec683', 'ka-b2c'),
('120b1b2b-2081-4531-a6b6-1397319c6f5f', 'ka-b2c'),
('2fc94a71-c044-466c-802b-689b15059f2a', 'ka-b2c'),
('dea5c6a0-d85f-4271-a907-86f32c44e2b7', 'ka-b2c'),
('e0355d8c-1b5e-4bcc-a4a8-a316994c1ed8', 'ka-b2c');
