-- Batch 106 (200 records)
INSERT INTO contacts (id, first_name, last_name, email, phone, company, address) VALUES
('b8f73985-e333-4b1f-a9c9-a7959d49b974', 'Schnabl', 'Bernd', 'bernd.schnabl@gmail.com', '41792130605', NULL, 'Hermikonstrasse 47, 8600 Dübendorf, ZH'),
('d902f886-940a-4ac4-aa0e-bf59207a132a', 'Schnapp', 'Mihaela', 'mihaelaschnapp@gmx.ch', '', NULL, 'Obergrundstrasse 90, 6005 Luzern, LU'),
('da2e29e6-b067-4492-8b0f-529b8381022c', 'Schnarwiler', 'Hans', 'hschna@bluewin.ch', '', NULL, 'Grüebliweg 10, 3252 Worben, BE'),
('966305b1-39bd-49da-9a85-249938c96083', 'Schnaufer Max', 'Albert', 'max.schnaufer@bluewin.ch', '', NULL, 'Sonnhaldenweg 3, 8274 Tägerwilen, TG'),
('60aa96d5-f95c-41af-85f8-307a9aa5c275', 'Schnee', 'Gertrud', 'schneegertrud@bluewin.ch', '', NULL, 'Rickstrasse 12A, 9037 Speicherschwendi, AR'),
('cbcdcf44-1066-4979-a1fd-f1c8d235a09e', 'Schneebeli Daniel und Liselotte', '(-Brotzer)', 'info@schneebelis.ch', '41798174070', NULL, 'Alvierstrasse 22, 7324 Vilters, SG'),
('0eb7ca9c-c1af-40ae-8fcd-b20d6b277007', 'Schneebeli', 'Franz', 'fschnee@swissonline.ch', '41794017201', NULL, 'Mattenweg 7, 8952 Schlieren, ZH'),
('277e5d98-1701-449e-972d-fd3cc2f679f1', 'Schneebeli Jürg N. und', 'Andrea', 'j.n.schneebeli@bluewin.ch', '', NULL, 'Vogelherdweg 6, 9554 Tägerschen, TG'),
('5d00a4f7-3215-4552-af7e-97ab5c045dcd', 'Schneebeli', 'Peter', 'peter.schneebeli@gmx.net', '41794196385', NULL, 'Kleinhüningerstrasse 177, 4057 Basel, BS'),
('acedf813-519b-412c-b403-8d894130f341', 'Schneebeli Peter', '(-Arnold)', 'info@blumenschneebeli.ch', '', NULL, 'Untere Bahnhofstrasse 23, 8910 Affoltern am Albis, ZH'),
('2b043f03-0f9e-4b3b-bc53-c8b73674d253', 'Schneebeli', 'Roland', 'roland.schneebeli@bluewin.ch', '41793751461', NULL, 'Langenmattstrasse 9, 8617 Mönchaltorf, ZH'),
('f2c870e1-f7af-46ae-984c-543641319346', 'Schneebeli', 'Urs', 'u.s.ladengestaltung@1st.ch', '41794053617', NULL, 'Scheideggstrasse 66, 8002 Zürich, ZH'),
('f298443c-9026-46ae-9814-c8a1182abf74', 'Schneebelin', 'Erica', 'erica.schnee@bluewin.ch', '', NULL, 'Wehntalerstrasse 245, 8046 Zürich, ZH'),
('6f098f1a-16d1-41d2-8eae-41b6f73e3d9a', 'Schneeberger Christoph, Brigitte, Thomas und Adrian', '(-Frutiger)', 'tabc@bluewin.ch', '', NULL, 'Klusstrasse 16, 4922 Thunstetten, BE'),
('238005ab-789f-4239-ad78-b12ce86141c0', 'Schneeberger', 'Daniel', 'gabriela.schneeberger@hispeed.ch', '41787513364', NULL, 'Hinterburgstrasse 4, 9462 Montlingen, SG'),
('96512428-6ffb-4e81-a65a-cf73d0daf07e', 'Schneeberger Fritz und', 'Katrin', 'stall.schneeberger@bluewin.ch', '', NULL, 'Dorf 13, 3472 Rumendingen, BE'),
('3761afb7-5e7a-45df-b1e2-18f9d4c413c1', 'Schneeberger Hannes und Dolores (-Dalle', 'Carbonare)', 'schneeberger-hannes@bluewin.ch', '', NULL, 'Chriesiweg 12, 9320 Frasnacht, TG'),
('a1bfe2f4-3b52-4f50-a117-4ff569ac711e', 'Schneeberger Heinrich und Rosmarie', '(-Siegenthaler)', 'heinrich.schneeberger@bluewin.ch', '', NULL, 'Stutzstrasse 11A, 3114 Wichtrach, BE'),
('53efd849-2840-4494-bb39-98ff5f50bf2b', 'Schneeberger Heinz und Annamarie (-von', 'Gunten)', 'snoopy@span.ch', '', NULL, 'Postgasse 8, 3052 Zollikofen, BE'),
('d9a34997-6ddf-4b60-bf6b-76379156f50d', 'Schneeberger', 'Ingrid', 'ischneeberger@bluewin.ch', '41797659411', NULL, 'Untere Weinackerstrasse 8, 8500 Frauenfeld, TG'),
('d1f6d1e3-6355-4a6a-8b0e-a1514447246b', 'Schneeberger Irene', '(-Lanz)', 'irene.ruth@icloud.com', '41797075107', NULL, 'Vom Staal-Weg 9, 4500 Solothurn, SO'),
('eac0bbbf-981a-4e2e-8b6c-e0b81d4f1592', 'Schneeberger', 'Markus', 'markus@schneeberger.be', '41792503118', NULL, 'Länggasse 2, 2504 Biel/Bienne, BE'),
('6736ec29-271f-4cd7-9011-d6c3edee5bfb', 'Schneeberger', 'Peter', 'pebri@gmx.ch', '41793721386', NULL, 'Ringstrasse 31, 5116 Schinznach Bad, AG'),
('2eb8908f-1acc-41df-92bf-48db83b9421e', 'Schneeberger René', '(-Sollberger)', 'snow.r@sunrise.ch', '', NULL, 'Dorfgasse 86c, 4900 Langenthal, BE'),
('d62490e2-f454-4da5-ba2f-a020b4378ec7', 'Schneeberger Werner', '(-Steffen)', 'w.schneeberger@datacomm.ch', '41792081062', NULL, 'Weiherstrasse 15, 8427 Freienstein, ZH'),
('910146dc-b8fb-44b7-8611-afc41a524e54', 'Schneeberger-Lanz Irene', 'Ruth', 'irene-ruth@icloud.com', '41797075107', NULL, 'Werkhofstrasse 9, 4500 Solothurn, SO'),
('1e1f883d-74ba-4858-9073-4ca89c1e8acc', 'Schneeberger-Martinez Andres und', 'Evangeline', 'andres@snowmountain.ch', '', NULL, 'Geissackerweg 9, 4146 Hochwald, SO'),
('3a548809-ea6f-48df-b0ce-76773b9595dc', 'Schnegg', 'Charlotte', 'blbgrafik@hispeed.ch', '', NULL, 'Lerchenweg 7, 2563 Ipsach, BE'),
('eba4f44a-54fc-4ebf-b70d-b54e555ab26a', 'Schnegg', 'Jean-Luc', 'newschnegg@bluewin.ch', '', NULL, 'Champ de la Pierre 30, 2735 Malleray, BE'),
('1bc4a70c-7ccc-4ccb-bc26-98a0816e3ccd', 'Schnegg Jean-Paul und Thirza', '(-Stoller)', 'jean-paul.schnegg@bluewin.ch', '', NULL, 'An der Aare 3, 4663 Aarburg, AG'),
('53268188-ce9b-4d5e-a23f-14d1f7ee8015', 'Schnegg', 'Peter', 'p.h.schnegg@gmail.com', '41774005001', NULL, 'Spicherweg 71, 3075 Vielbringen b. Worb, BE'),
('a6aa5369-1e7f-4b60-81ad-5929aa098b74', 'Schneider / Röthlin Georges und', 'Elsbeth', 'info@istech.ch', '41796818782', NULL, 'Rothenburgstrasse 22, 6274 Eschenbach LU, LU'),
('742c7d30-9f56-4075-9529-1715c11c4f49', 'Schneider', 'Adolf', 'aschneider@duebinet.ch', '', NULL, 'Hinterbergstrasse 9, 8604 Volketswil, ZH'),
('ef3cdbcb-4498-48fc-b820-93c013e618bf', 'Schneider', 'Adrian', 'adrian.schneider@swisslife.ch', '41793015347', NULL, 'Bachtelenmattweg 10, 3049 Säriswil, BE'),
('772f70ab-0534-4e8d-aebc-932bf54a8e2e', 'Schneider', 'Adrian', 'adrian_schneider@hispeed.ch', '', NULL, 'Mottastrasse 49, 3005 Bern, BE'),
('d4522a5f-188b-4a2b-a01d-263e4163e7eb', 'Schneider Alexander und Madeleine', '(-Hunziker)', 'maddie.alex@wynspeed.ch', '41787599242', NULL, 'Gurmoosstrasse 9, 5737 Menziken, AG'),
('3add7222-127e-450e-b75e-89c340ddcde6', 'Schneider', 'Alfred', 'fredy.schneider@bluewin.ch', '41792094066', NULL, 'Hauptstrasse 36, 4577 Hessigkofen, SO'),
('a1de9a78-dcbe-477a-b1c3-dbbb3aff9558', 'Schneider Alfred und Marianne', '(-Meier)', 'schneider@rubigen.ch', '41794155635', NULL, 'Kleinhöchstetten 116, 3113 Rubigen, BE'),
('4d16585b-6243-40b6-b12a-51a4424462c6', 'Schneider', 'Andreas', 'andreasschneider@bluewin.ch', '41792714422', NULL, 'Amselstrasse 20a, 4104 Oberwil BL, BL'),
('6e69f20c-b0d0-4783-88ff-aa35963f2218', 'Schneider Andreas u. Madlen', '(-Christen)', 'andreas.schneider@evard.ch', '', NULL, 'Höhestrasse 26, 2563 Ipsach, BE'),
('2fa89b85-e504-49d0-9319-42d4e78a7c39', 'Schneider', 'Arno', 'info@dersportshop.ch', '41793238871', NULL, 'Nettenberg 8, 9607 Mosnang, SG'),
('2b5d5a26-8530-4254-806c-4c6a0ca49aa0', 'Schneider', 'Bea', 'schneider.bea@gmx.net', '41788090303', NULL, 'Walkeweg 18, 4053 Basel, BS'),
('b643259a-91b0-4dac-b798-8a1297a9586f', 'Schneider', 'Beat', 'b.schneider@schneider-treuhand.ch', '', NULL, 'Sonnenbühlstrasse 12, 8305 Dietlikon, ZH'),
('f1c23988-99db-4666-a7e8-ce37e5d8af24', 'Schneider Bernadette und Kurt', '(-Schilling)', 'kube@gmx.ch', '', NULL, 'Untere Parkstrasse 24, 5212 Hausen AG, AG'),
('d895c31c-f9f0-4cf9-beee-1e3509479f9e', 'Schneider Bernhard und Tina', '(-Schweizer)', 'schneider@omnicron.ch', '', NULL, 'Bärenwilerstrasse 5, 4438 Langenbruck, BL'),
('f52ae41c-c490-43ac-a7f9-3b56db4dfe9c', 'Schneider', 'Bruno', 'schneidb@hotmail.com', '', NULL, 'Spalenvorstadt 31, 4051 Basel, BS'),
('4bc84628-4e87-47a2-9eb6-8a7f59127e7b', 'Schneider Christa', '(-Fauser)', 'schneder-kurt@freesurf.ch', '', NULL, 'Kirchweg 5, 8555 Müllheim Dorf, TG'),
('caac1bc0-a228-44ce-84a3-bff6d9e0720b', 'Schneider Christian und', 'Daniela', 'ch_d.schneider@bluewin.ch', '', NULL, 'Feldstrasse 9, 5323 Rietheim, AG'),
('1efcf702-b111-4039-80ec-34a980153d10', 'Schneider Christoph und Cristina', '(-Marti)', 'schneidermarti@freesurf.ch', '', NULL, 'Grenzacherweg 94, 4125 Riehen, BS'),
('2d852c10-1fe3-4e51-acd3-4a156cf5ec34', 'Schneider', 'Cyril', 'hello@cyde.ch', '41797687740', NULL, 'Hauptstrasse 91, 4132 Muttenz, BL'),
('3a1a5aa6-73e6-4879-8c49-35288b178e66', 'Schneider Daniel und Angelika', '(-Mani)', 'info@altholz-schneider.ch', '41794613810', NULL, 'Widigasse 2, 3714 Frutigen, BE'),
('c791c445-29e1-45a3-8be2-0cb0ece670a2', 'Schneider Domenic, Sandra, Jana und', 'Lucy', 'schneiderdsjl@gmail.com', '41798776344', NULL, 'Wiedenhubstrasse 31, 4410 Liestal, BL'),
('00382733-822b-4852-8748-5ebf532522d1', 'Schneider', 'Doris', 'd-h.schneider@bluewin.ch', '', NULL, 'Gotthardstrasse 57, 6490 Andermatt, UR'),
('22b04880-cb3e-429c-b5fa-ab4476d2b273', 'Schneider', 'Doris', 'motodoris@bluewin.ch', '', NULL, 'Säntisstrasse 29, 8304 Wallisellen, ZH'),
('9dab751c-ca30-49ce-b673-d70bddbd73e8', 'Schneider Ekkehard und Regina', '(-Mayländer)', 'radsport@musikmarkt.com', '393314081154', NULL, 'Bühlweg 2, 9542 Münchwilen TG, TG'),
('0f6619b9-2a49-4b36-ad78-3775646a2a8f', 'Schneider Erika und Christian', '(-Herter)', 'erika_herter@yahoo.de', '', NULL, 'Seebühlstrasse 10b, 8472 Seuzach, ZH'),
('87283726-23e4-4965-b2fc-06863b7470a3', 'Schneider Felix u. Jacqueline', '(-Maechler)', 'ja_schneider3@bluewin.ch', '', NULL, 'Motorenstrasse 19, 8623 Wetzikon ZH, ZH'),
('cb42963a-f2ac-41b2-822c-af3217503154', 'Schneider Franz und', 'Elisabeth', 'franz.schneider@sunrise.ch', '41774181992', NULL, 'Suletschas 6, 7432 Zillis, GR'),
('0087bcc1-0a22-4669-b250-ad21ef63f902', 'Schneider Franziska und', 'Manfred', 'schneiderstaeuber@bluewin.ch', '', NULL, 'Tannenweg 10, 3053 Münchenbuchsee, BE'),
('dd4e7c90-2d3c-4a40-ba5d-f6d4605c5c82', 'Schneider Fritz und Dora', '(-Pfister)', 'fschneider@bluewin.ch', '', NULL, 'Rainweg 22, 4624 Härkingen, SO'),
('251bcea0-89b1-4796-a06f-751b5ca933c1', 'Schneider Georg und', 'Agnes', 'gschneider@pitag.ch', '', NULL, 'Randweg 4, 5303 Würenlingen, AG'),
('bba3f954-68b9-4fc1-ace0-e26616eb8750', 'Schneider', 'Gerhard', 'geri.schneider@bluewin.ch', '41793578316', NULL, 'Schillingstrass 2, 8460 Marthalen, ZH'),
('14f8f907-4249-4b75-a830-3dcc8d409078', 'Schneider', 'Gertrud', 'schneider.hp@bluewin.ch', '', NULL, 'Dammweg 17, 3427 Utzenstorf, BE'),
('a2e85e92-a550-4d38-874e-64692ec30307', 'Schneider Gian', 'Franco', 'gianfranco.schneider@bluewin.ch', '41793658915', NULL, 'Dahliastrasse 2, 7000 Chur, GR'),
('5ffb1ef8-543a-424e-bd59-d722eea9a065', 'Schneider', 'Gregor', 'info@gschart.ch', '', NULL, 'Bendel 2528, 9642 Ebnat-Kappel, SG'),
('ccb6fa64-4dce-400e-9557-18270fb61210', 'Schneider Guido und Heidi', '(-Wehrli)', 'heidi.guido@bluewin.ch', '', NULL, 'Weststrasse 72, 8620 Wetzikon ZH, ZH'),
('48a8ca11-b9fe-497e-ace5-bbcd5a393cd2', 'Schneider Hannes und Franziska', '(-Wehrli)', 'ziska.schneider@hotmail.com', '41797545293', NULL, 'Göslikerstrasse 20, 5524 Niederwil AG, AG'),
('b054129b-0a1a-4b08-8640-80bd95e83de3', 'Schneider', 'Hans', 'feusi-asp@gmx.ch', '41796402365', NULL, 'Ahornweg 29, 5024 Küttigen, AG'),
('eff8fe21-6671-4d8b-b44c-7807d38df33c', 'Schneider Hans', '(-Gast)', 'haeis@bluewin.ch', '', NULL, 'Hauptstrasse 8, 3427 Utzenstorf, BE'),
('797017c4-ff5d-4181-8c20-06bdd5cf24e6', 'Schneider Hansjörg, Andrea, Tim und Svenja', '(-Schäfer)', 'casino@swissonline.ch', '', NULL, 'Casinoweg 6, 8754 Netstal, GL'),
('3eff2c3a-c102-48c6-885a-04d6614c0a57', 'Schneider Hans-Martin und', 'Sally', 'jack.tailor@sunrise.ch', '', NULL, 'St. Gallerstrasse 293, 9200 Gossau SG, SG'),
('fcb0f3d0-02e8-4f7f-ae97-69c8372c204b', 'Schneider', 'Hans-Peter', 'hanspeter.schneider@helvetia.ch', '41793530575', NULL, 'Rankweg 3, 4437 Waldenburg, BL'),
('e5277d7a-d5db-4cfb-b2f9-7b41e3cf0020', 'Schneider Hans-Peter und Christina', '(-Dittli)', 'christinaschneider-dittli@bluewin.ch', '', NULL, 'Im Brachtürli 3, 8610 Uster, ZH'),
('64418077-5aa2-4a71-8ea4-cd9a23106093', 'Schneider Hansruedi und Ruth', '(-Dübendorfer)', 'hrschneider@bluewin.ch', '', NULL, 'Hubwiesstrasse 12, 8427 Freienstein, ZH'),
('4c96eaa2-7506-449d-9443-797fb7a43039', 'Schneider', 'Harry', 'info@new-design.ch', '', NULL, 'Zugerstrasse 14, 5620 Bremgarten AG, AG'),
('9e18b0ac-5d5e-4bce-9a91-799d6abf5cd1', 'Schneider', 'Heinz', 'heinzschne@bluewin.ch', '', NULL, 'Hochhausweg 9, 9470 Werdenberg, SG'),
('1b3ac4a7-95a0-4114-8957-41b1ad996d62', 'Schneider Heinz', '(-Chapuis)', 'heinz.schneider@unibas.ch', '', NULL, 'Weiherhofstrasse 89, 4054 Basel, BS'),
('392879cb-79b9-43a9-a0f7-80d8c8e2e401', 'Schneider Helen und', 'Samuel', 'info@schneiderschuhe.ch', '', NULL, 'Kamorstrasse 1, 9030 Abtwil SG, SG'),
('86a15e59-1c3b-4d4d-9421-a3252995d8c2', 'Schneider', 'Jeanne', 'schneider.j@bluewin.ch', '', NULL, 'Sonnenrainstrasse 1, 5304 Endingen, AG'),
('58d4c468-ab7f-46a6-96e4-14518c923c28', 'Schneider', 'Johanna', 'mail@johanna.ch', '', NULL, 'Brauerstrasse 100, 9016 St. Gallen, SG'),
('785f38ce-e02b-45fa-8864-22f67dfb1d5d', 'Schneider Josef', '(-Lier)', 'joschi59@swissonline.ch', '41796430279', NULL, 'Ruhsitzstrasse 59, 9000 St. Gallen, SG'),
('fda4e256-d9f1-4add-8f02-ca526b951846', 'Schneider Kurt und', 'Doris', 'kurt.schneider@solnet.ch', '', NULL, 'Unterer Hardeggweg 5, 3612 Steffisburg, BE'),
('50724278-62fe-4ec5-b874-f8b9b13ba040', 'Schneider', 'Lina', 'jlario@hispeed.ch', '', NULL, 'Schulhausstrasse 2, 8331 Auslikon, ZH'),
('25016aad-ee61-4205-9090-a9413713dc0d', 'Schneider Luzius u. Ursula', '(-Bürgi)', 'ls@luziusschneider.com', '', NULL, 'Kruggasse 10, 5462 Siglistorf, AG'),
('503b30d7-ba66-4383-a376-8c76ae6f11b3', 'Schneider M. und', 'B.', 'b-schneider@sunrise.ch', '', NULL, 'Wieswaldweg 42, 8135 Langnau am Albis, ZH'),
('9833106e-7123-480c-83ce-52d0c5ef82de', 'Schneider', 'Manfred', 'schneider-langenthal@sunrise.ch', '41763457986', NULL, 'Feldstrasse 30, 4900 Langenthal, BE'),
('73f0eed8-85fb-48fb-bfcc-790c94424f5b', 'Schneider', 'Marcel', 'schneider@snnet.ch', '', NULL, 'Staffelackerstrasse 31, 8953 Dietikon, ZH'),
('fd406a18-d1f6-4cab-924c-7f2bad777343', 'Schneider Marjolein & Gerold (-van', 'Kooij)', 'frauengesundheit@bluewin.ch', '', NULL, 'Myrtenstrasse 8, 9010 St. Gallen, SG'),
('f337beaa-86b2-400a-b9f0-d86a3be3c215', 'Schneider Markus und Ruth', '(-Nyffenegger)', 'schneider-geristein@bluewin.ch', '41796686869', NULL, 'Geristein 250, 3065 Bolligen, BE'),
('05c00d48-b90f-47d4-82f5-f18753ae173b', 'Schneider Marta', 'Ewa', 'gusto@gustocucina.ch', '', NULL, 'Rubernstrasse 2, 4852 Rothrist, AG'),
('c84d1d18-29cb-43be-b6e2-a39111ff9f09', 'Schneider', 'Martin', 'info@carrolack.ch', '41796594267', NULL, 'Kreuzfeldweg 26, 3373 Röthenbach Herzogenbuchsee, BE'),
('6368b019-f2fd-47de-bcce-8785c3f21522', 'Schneider', 'Martin', 'tinuschneider@gmx.ch', '41788534826', NULL, 'Wangenstrasse 27, 3018 Bern, BE'),
('6de59388-a08c-4408-bd21-4e699c1f1af4', 'Schneider Martin und Monya', '(-Inniger)', 'msf71@bluewin.ch', '41793779149', NULL, 'Achern 3A, 3714 Frutigen, BE'),
('e07d4c06-fe2f-4053-9a02-156e7590d0f2', 'Schneider Maude', 'Ceraquoi', 'info@ceraquoi.ch', '41786290931', NULL, 'Rue des Roches 30, 2610 St-Imier, BE'),
('5390a7b9-c8a4-4d2f-9bab-c091f4f0d515', 'Schneider Max R. und Anna', '(-Baur)', 'max.schneider@uitikon.ch', '', NULL, 'Im Spilhöfler 2A, 8142 Uitikon Waldegg, ZH'),
('a030c6f1-e492-42ae-b0a2-c10629524ba8', 'Schneider Monica', '(-Schönenberger)', 'marius.schneider@bluewin.ch', '', NULL, 'Hirschengasse 11, 5416 Kirchdorf AG, AG'),
('4447b53f-299d-43b4-878b-39aef1649c8b', 'Schneider', 'Nicole', 'sup@sup-brienzersee.ch', '41794760179', NULL, 'Zügliweg 1, 3806 Bönigen b. Interlaken, BE'),
('ac7dedde-374d-449f-89ed-94121d4f7966', 'Schneider Othmar', '(-Wüstiner)', 'othmar.schneider@bluewin.ch', '', NULL, 'Adlerstrasse 6, 9463 Oberriet SG, SG'),
('bb69024f-d1db-468e-910f-62e627c486f2', 'Schneider', 'Peter', 'ps@peterschneider.info', '', NULL, 'Bergstrasse 122, 8032 Zürich, ZH'),
('f0ea3599-6e34-4206-aa70-76f162811e34', 'Schneider Peter und', 'Elke', 'info@schneider-magden.ch', '', NULL, 'Sandgarten 4, 4312 Magden, AG'),
('ec8f0f0f-9f6e-41c1-8bd8-42dbb294c905', 'Schneider Reto und Tiegermann', 'Brigitt', 'schneider.foto@bluewin.ch', '', NULL, 'Zelglistrasse 45, 8634 Hombrechtikon, ZH'),
('ee186483-63b4-4cad-9e00-1f138e8c6e5f', 'Schneider', 'Robert', 'robert.schneider@balcab.ch', '', NULL, 'Hammerstrasse 183, 4057 Basel, BS'),
('c95532f5-4bab-4946-a03f-b4972d872672', 'Schneider', 'Roberto', 'roschgmbh@bluewin.ch', '41796971390', NULL, 'Dufourstrasse 7, 9400 Rorschach, SG'),
('5b2122b7-8e43-461b-9755-212fb6a98a61', 'Schneider Roger, Nicole und Ladina', '(-Steiger)', 'run.schneider@bluewin.ch', '', NULL, 'Frauenäckerstrasse 3, 9435 Heerbrugg, SG'),
('4039727a-4cf0-4524-893c-6ffcb944eac6', 'Schneider', 'Roland', 'schneider.baeckerei@bluewin.ch', '', NULL, 'Dörflistrasse 8, 8330 Pfäffikon ZH, ZH'),
('7ed2475d-2eaa-4565-b243-295f55b92929', 'Schneider', 'Roland', 'info@weissenstein-energie.ch', '', NULL, 'Lindenweg 12, 3066 Stettlen, BE'),
('358706a1-eb53-43e9-8c41-fe70ebcafed3', 'Schneider Rudolf und', 'Leonie', 'ruedi_schneider@bluewin.ch', '', NULL, 'Rüti 219, 3415 Hasle b. Burgdorf, BE'),
('a3aec62a-cf3c-46f2-b455-3c9c55ddee11', 'Schneider Ruedi', 'E.', 'rs-plangais@bluewin.ch', '', NULL, 'Weirden 3, 9062 Lustmühle, AR'),
('eb709754-3c3d-45f3-a068-9fe9ea27f82b', 'Schneider', 'Silvia', 'silv.schneider@bluewin.ch', '', NULL, 'Untergässli 6, 8782 Rüti GL, GL'),
('194c74c0-48fc-4cbe-a620-99e33b467177', 'Schneider Silvia', 'Brigitte', 'silvia-s@bluewin.ch', '41793596419', NULL, 'Allmend 619, 3054 Schüpfen, BE'),
('fca09af0-9b3d-436e-aff6-64707ff2d38f', 'Schneider', 'Simon', 'simonsc@bluewin.ch', '41774174882', NULL, 'Schützenmattstrasse 30, 6020 Emmenbrücke, LU'),
('35b55e58-89cb-4ce9-95db-8eef9c355c3e', 'Schneider', 'Stefan', 'schneider.stefan@hispeed.ch', '41794040116', NULL, 'Stadacherstrasse 3, 5314 Kleindöttingen, AG'),
('94e36b32-1535-4ea4-8d71-a1d37de42e6b', 'Schneider Stefan und Anita', '(-Kaufmann)', 'stefan.schneider@sbs-rettungsschule.ch', '41796803821', NULL, 'Wehristrasse 15, 6032 Emmen, LU'),
('dc1ed1a6-172f-41a0-9ab8-7ef6fff05637', 'Schneider', 'Stephan', 'stephan-schneider@gmx.net', '41796949504', NULL, 'Römerstrasse Ost 3, 3296 Arch, BE'),
('ef600f11-6ae9-4908-8cbf-58ba2237f034', 'Schneider Theodor und Magdalena', '(-Röthlisberger)', 'th.schneider@belponline.ch', '', NULL, 'Schafmattstrasse 17, 3123 Belp, BE'),
('bd895505-e238-4cee-b395-9aa6a6623415', 'Schneider Theres u. Werner', '(-Scholer)', 'wschneider@datacomm.ch', '', NULL, 'Apfelseestrasse 19, 4202 Duggingen, BL'),
('8eb8b8db-f9ea-412e-b27e-e6d224b46631', 'Schneider', 'Thomas', 'info@biembach.ch', '41786569334', NULL, 'Untere Stampfe 231, 3419 Biembach im Emmental, BE'),
('3ed67285-5570-43a2-9e07-82396be8a148', 'Schneider Thomas und Elvira', '(-Engesser)', 'th.e.schneider@bluewin.ch', '41794255090', NULL, 'Hinter-Schöniseistrasse 24, 6174 Sörenberg, LU'),
('ea32aec1-8a68-48a4-893b-a0b70fc4623c', 'Schneider', 'Urs', 'ulmet@bluewin.ch', '', NULL, 'Hof Ullmatt 68, 4426 Lauwil, BL'),
('75873fba-32de-41f0-8e10-58b800a9675f', 'Schneider', 'Urs', 'urs_schneider@bluewin.ch', '41794006887', NULL, 'Neuschwändistrasse 68, 6390 Engelberg, OW'),
('d01e4b44-ff73-4954-814e-bdf64db59d06', 'Schneider Urs u. Gaby', '(-Ammiraglia)', 'schneider@similasan.ch', '', NULL, 'Ausserdorfstrasse 9, 8918 Unterlunkhofen, AG'),
('81de2a80-c0c0-47a7-9482-bd25b06aee42', 'Schneider', 'Walter', 'schneider.goldach@bluewin.ch', '41795496932', NULL, 'Staudenäckerstrasse 34, 9403 Goldach, SG'),
('a3da9e53-c4c5-422d-bbe2-24628faad8bf', 'Schneider Walter und Doris', '(-Moser)', 'walter.a.schneider@zurich.ch', '', NULL, 'Hafenstrasse 10, 9323 Steinach, SG'),
('b9896fba-8389-4abc-a035-4702d5678457', 'Schneider', 'Yolanda', 'mail@logo-paedin.ch', '41798339971', NULL, 'Wildstrasse 22, 3097 Liebefeld, BE'),
('9c39f286-b3c3-4b0d-a16b-6b0f435d8b9d', 'Schneider-Koch Benedikt und Melanie, Joshua, Anna,', 'Nathan', 'kanzlei@kochschneider.ch', '', NULL, 'Wattenwylstrasse 13, 6020 Emmenbrücke, LU'),
('6bd9df6a-33c7-4d47-9475-1feec73a46fd', 'Schneiders', 'Marlys', 'gesra@gmx.ch', '41786121602', NULL, 'Grendelbachstrasse 49, 8307 Effretikon, ZH'),
('34c45da2-5eba-480c-8106-e04b70ffacf8', 'Schneiter Bruno und Martina', '(-Lüchinger)', 'bm.schneiter@bluewin.ch', '', NULL, 'Mühlebergstrasse 8, 8910 Affoltern am Albis, ZH'),
('426049ec-157a-4173-a3ba-868fcb5babe7', 'Schneiter Claudia, Annika und', 'Yannis', 'texte@bluewin.ch', '', NULL, 'Haldenstrasse 3, 8124 Maur, ZH'),
('4f36e9ff-4bea-46d9-bbea-bcc4bba4f6da', 'Schneiter', 'Jean-Daniel', 'info@abiszmalergipser.com', '', NULL, 'Talstrasse 1, 3053 Münchenbuchsee'),
('2db193e2-fbdf-4c3c-bacf-1c19abe915d6', 'Schneiter', 'Jonas', 'jonas.schneiter@teleport.ch', '41795077691', NULL, 'Donnerbaumstrasse 9, 4132 Muttenz, BL'),
('e5bca116-6412-4a87-a7cf-2639ffb8be7b', 'Schneiter Kurt', 'Christian', 'kurt.schneiter@gmx.ch', '', NULL, 'Bahnhofstrasse 5, 8574 Lengwil, TG'),
('16aa5603-23aa-465b-b8b6-fd062d9c8efb', 'Schneiter', 'Markus', 'markus.schneiter@gmx.net', '41793560312', NULL, 'Heuwinkelstrasse 11, 4123 Allschwil, BL'),
('b7a73651-417d-4dae-8d18-87901bcb0d81', 'Schneiter Patrick u.', 'Andrea', 'pschneiter@bluewin.ch', '', NULL, 'Richterwis 8, 8303 Bassersdorf, ZH'),
('4f0037b9-0bbf-4aab-8cda-5bd21bbfa227', 'Schneiter', 'Rolf', 'rolf71@bluewin.ch', '41794557641', NULL, 'Hauptstrasse 48, 4334 Sisseln AG, AG'),
('81482e10-756c-4836-b1c5-d5b25f7ec234', 'Schneiter Rolf und Daniela', '(-Meer)', 'thuneralpenrose@gmail.com', '', NULL, 'Fliederweg 10, 3661 Uetendorf, BE'),
('4dca2cf6-e61a-4bb0-b2aa-b6332baa40d3', 'Schneiter Strüby Werner und', 'Bernadette', 'aquaobfelden@bluewin.ch', '', NULL, 'Fleugstrasse 7, 8912 Obfelden, ZH'),
('e3f21590-8352-488b-bec0-2c86fa45526c', 'Schneiter Thomas u. Brigitte', '(-Steiner)', 'schneiter@datacomm.ch', '', NULL, 'Hangweg 6B, 3098 Köniz, BE'),
('95783181-cfc9-4127-b7ca-38c5bac7028c', 'Schneiter', 'Urs', 'u_schneiter@hotmail.ch', '', NULL, 'Forststrasse 11, 3176 Neuenegg, BE'),
('8d99cc15-6ce0-45ec-bce7-5573e213d3ea', 'Schneiter', 'Wädi', 'wal.schneiter@bluewin.ch', '', NULL, 'Artherstrasse 120, 6317 Oberwil b. Zug, ZG'),
('3c025a02-3f0a-41f6-8fe7-fe22aaacac9d', 'Schneiter-Huber', 'Carolina', 'carolschneiter@eblcom.ch', '', NULL, 'Grabenweg 3, 4414 Füllinsdorf, BL'),
('9a37cd09-9c08-4115-bd3c-ebf1e98d7bb3', 'Schneitter', 'Oliver', 'oschneitter@gmx.ch', '41763389351', NULL, 'Schreinerweg 6, 3012 Bern, BE'),
('d6f41d45-9121-463d-91ed-6289a8f5b359', 'Schnell Barbara und Herbert', '(-Preisig)', 'barbara.schnell@bluewin.ch', '', NULL, 'Bergstrasse 2a, 8182 Hochfelden, ZH'),
('321860fa-abbf-40f1-85cb-9bf621db6c3e', 'Schnell', 'Priska', 'priska.schnell@bluewin.ch', '', NULL, 'Tiergartenweg 6, 9470 Buchs SG, SG'),
('27a66579-a506-432c-825d-8d718fc307be', 'Schnell Stefan', 'Kurt', 'info@sitec-schnell.ch', '41792359993', NULL, 'Säntisstrasse 15, 4313 Möhlin, AG'),
('7645ef7d-014b-4a47-ba02-abfeb23e01f9', 'Schneller Gentsch', 'Barbara', 'leoti@bluewin.ch', '', NULL, 'Talackerstrasse 40, 8500 Frauenfeld, TG'),
('fb81065a-0a48-4767-beeb-6cbe047847e5', 'Schneller', 'Stefan', 'mail@stefanschneller.ch', '41786378908', NULL, 'Vogelherdstrasse 4, 4500 Solothurn, SO'),
('cb4a3cdf-d64f-4731-9781-7cd3b329bdf8', 'Schneller', 'Yolanda', 'yolanda.atlantis@sunrise.ch', '41796267717', NULL, 'Hauptstrasse 60, 9552 Bronschhofen, SG'),
('73eb1ad5-008b-4de0-93ec-25f8e09c66cb', 'Schnelli Christoph und', 'Thelma', 'chris@bike-adventure-tours.ch', '41793773137', NULL, 'Hölibachstrasse 138, 8912 Obfelden, ZH'),
('f55472ec-89a7-4b3b-94fb-aad7d991dfcd', 'SCHNELLI MANFRED', 'MARKUS', 'sman@bluewin.ch', '41793991900', NULL, 'Bachstrasse 17, 8280 Kreuzlingen, TG'),
('075b119f-4716-422e-9900-8376f8d11168', 'Schnelli', 'Thomas', 'schnelli.thomas@gmail.com', '41792221630', NULL, 'Steigstrasse 13, 9422 Staad SG, SG'),
('203bd05e-8efc-45fe-8455-677ff9015a5d', 'Schnellmann Anton und Silvia', '(-With)', 'anton.schnellmann@web.de', '41797187180', NULL, 'Mühlestrasse 3b, 8855 Wangen SZ, SZ'),
('220051fe-12da-44fb-8141-1896b9d4e456', 'Schnellmann', 'Bruno', 'bruno.schnellmann@bluewin.ch', '41798282616', NULL, 'Chaletweg 1, 5300 Turgi, AG'),
('78ce006d-9616-4ff0-b4a7-9765f52ba04b', 'Schnellmann Christof u. Yvonne', '(-Radl)', 'yvonne.schnellmann@comsolutions.ch', '', NULL, 'Grossfeldweg 1, 8855 Wangen SZ, SZ'),
('d9ddf1bb-12a5-4e0e-a1b1-c7f2fb760540', 'Schnellmann Markus und', 'Anita', 'mschnellmann@fantasytours.ch', '41797433717', NULL, 'Neuwingertstrasse 10B, 8458 Dorf, ZH'),
('b7f21bc2-d4f5-4a24-b269-d2eead63d283', 'Schnellmann', 'Max', 'max.schnellmann@bluewin.ch', '41797033773', NULL, 'Bruderholzstrasse 5, 4103 Bottmingen, BL'),
('b1e8611f-e119-4511-8c7a-2810e67c693c', 'Schnellmann Patrick u.', 'Gabriela', 'schnellmannp@bluewin.ch', '', NULL, 'Bahnhofstrasse 26, 8854 Siebnen, SZ'),
('43f1046b-002d-488a-bfc4-f3b62c646d8c', 'Schnellmann Rochus und Patricia', '(-Schnyder)', 'rochus@rochus.ch', '41787416383', NULL, 'Sägenstrasse 15, 8857 Vorderthal, SZ'),
('819bfe60-7bce-410b-a484-6b52c8b09253', 'Schnetzer', 'Bruno', 'brunoschnetzer45@gmail.com', '', NULL, 'Falkensteinstrasse 94, 9000 St. Gallen, SG'),
('ffeffadb-27c3-40b9-9d8b-f915c3bf1c8b', 'Schnetzer', 'Danielle', 'mrsfinchie@yahoo.de', '41793002478', NULL, 'Sonnenstrasse 7, 9243 Jonschwil, SG'),
('6e55d82c-37cd-4a2c-a47a-142d308f7374', 'Schnetzler', 'Andres', 'andresschnetzler@shinternet.ch', '41792289142', NULL, 'Oberhallauerstrasse 27, 8215 Hallau, SH'),
('32c01818-a88f-4e90-a0ec-f6ce12f2b1d4', 'Schnetzler', 'Natalie', 'inch@4ambach.ch', '', NULL, 'Weiherstrasse 4, 8620 Wetzikon ZH, ZH'),
('29676565-0675-4dd6-92fc-fbeee4033e83', 'Schnetzler', 'Roger', 'roger.schnetzler@bluewin.ch', '41796847208', NULL, 'Chilchgasse 1, 8214 Gächlingen, SH'),
('f739ac8b-b03f-4512-89bf-e8e80d8e934d', 'Schneuwly', 'Daniel', 'schneuli_be@msn.com', '41797552117', NULL, 'Obereichistrasse 4, 3148 Lanzenhäusern, BE'),
('8c3535be-795b-4ada-9e90-b81137c76d79', 'Schneuwly Louis', '(-Brunner)', 'l.schneuwly@bluewin.ch', '', NULL, 'Chrummwisstrasse 13, 8700 Küsnacht ZH, ZH'),
('a2710d72-3d69-4890-9ab8-a773ae0fc7a9', 'Schnider', 'Beat', 'beatschnider@freesurf.ch', '41765032381', NULL, 'Mura 148A, 7132 Vals, GR'),
('c51812c4-b7a5-434d-9321-eb49f8f51f9c', 'Schnider Christian und', 'Petra', 'info@birkenhof.ch', '41793088894', NULL, 'Birkenhof 3, 6174 Sörenberg, LU'),
('6fa81e33-be54-47a3-9f01-29484d6fe7d6', 'Schnider Christiane Ingeborg', '(-Strütt)', 'schnider@vtxmail.ch', '', NULL, 'Gundeldingerstrasse 498, 4053 Basel, BS'),
('d524fb2a-8741-4d28-964c-b9fd5670f964', 'Schnider Christoph u. Regula', '(-Hofstetter)', 'christoph.schnider@sunrise.ch', '', NULL, 'Zopfmättili 3, 6170 Schüpfheim, LU'),
('d583ebff-36cd-4ee3-aeda-cfc453087011', 'Schnider Dora und', 'Mario', 'mschnider@msm-gmbh.ch', '', NULL, 'Mühlegasse 11, 4571 Lüterkofen, SO'),
('6e20388c-dcfd-4f87-8112-16744f82b20f', 'Schnider', 'Ernst', 'eschni@gmail.com', '', NULL, 'Gassenacker 19, 8545 Rickenbach Sulz, ZH'),
('50751620-8457-4075-933f-6cd2c71978a5', 'Schnider', 'Heinz', 'heinz.schnider@bluewin.ch', '', NULL, 'Artherstrasse 118, 6405 Immensee, SZ'),
('847b1457-c0ae-4983-8b64-d8847f3d09a1', 'Schnider Nico u. Antonia', '(-Bischofberger)', 'schnider.n@bluewin.ch', '', NULL, 'Hauptstrasse 50A, 8508 Homburg, TG'),
('ce7fdbb1-df41-44a2-a363-2ef1f2c1804b', 'Schnider', 'Thomas', 't.schnider@hispeed.ch', '41794522866', NULL, 'Brunnmattstrasse 16, 6048 Horw, LU'),
('8eb97787-97d0-42b5-b467-cc4d5787f893', 'Schnidrig Beatrice und Philipp', '(-Beer)', 'philipp.schnidrig@alumni.ethz.ch', '41797123048', NULL, 'Albertus Walder Weg 38, 8606 Greifensee, ZH'),
('37bf8a03-0b12-495e-a257-7710131ae34d', 'Schnidrig', 'Lucette', 'lucette.schnidrig@sunrise.ch', '41793286249', NULL, 'Burgdorfstrasse 87, 3510 Konolfingen, BE'),
('a82c2952-d6a8-4151-b91b-3031dbe4bf89', 'Schnierl', 'Eliane', 'digitrip@bluewin.ch', '41796083871', NULL, 'Giselstrasse 11, 8925 Ebertswil, ZH'),
('00c462d5-8ffc-4d60-8edc-07d5b3446be7', 'Schnierl', 'Herbert', 'h.schnierl@bluewin.ch', '', NULL, 'Schaffhauserstrasse 502, 8052 Zürich, ZH'),
('f2af3cfc-e97b-497f-afce-2480b5750345', 'Schnitter Weber', 'Barbara', 'info@schnitter.ch', '', NULL, 'Niederholzstrasse 17, 8951 Fahrweid, ZH'),
('7a70f2c9-57b9-46b6-b74c-93d54a581966', 'Schnorf', 'Barbara', 'snba@bluewin.ch', '41794157878', NULL, 'Gerechtigkeitsgasse 2, 3011 Bern, BE'),
('daa3c36a-8822-4aed-90b1-ab85d92d2312', 'Schnorr', 'Thomas', 'schnorr@swissonline.ch', '41794009962', NULL, 'Loren-Allee 3, 8610 Uster, ZH'),
('2d31f89f-843b-4f26-9d97-349bb9dd3ff9', 'Schnorr Thomas und Kathi', '(-Hügli)', 'thomas.schnorr@bluewin.ch', '', NULL, 'Föhrenweg 96, 3322 Mattstetten, BE'),
('d8826ded-563b-45c0-94f0-b0db89c51c25', 'Schnüriger Erwin und Edith', '(-Abegg)', 'erwin.schnueriger@baloise.ch', '', NULL, 'Steinertalweg 9, 6422 Steinen, SZ'),
('f61605f3-7879-447d-b9f0-59c8f2db5194', 'Schnüriger', 'Marco', 'info@spritzwerk-schnueriger.ch', '', NULL, 'Spalierweg 6, 5300 Turgi, AG'),
('d86d1e78-0870-437f-9789-b090e484c2d1', 'Schnurrenberger', 'Petra', 'pschnurrenberger@quickline.ch', '', NULL, 'Schmiedstrasse 12, 6330 Cham, ZG'),
('0ba00b0c-d87f-49de-a881-8b8c6bf590a2', 'Schnyder Adrian und Daniela', '(-Bader)', 'adrian@a-schnyder.ch', '41792144900', NULL, 'Gurtenbrauerei 74, 3084 Wabern, BE'),
('7a56a34e-6fe3-46b9-a025-1c5209497911', 'Schnyder Albert und Heidi', '(-Schmid)', 'schnyders@bluewin.ch', '', NULL, 'Oberseestrasse 12, 8752 Näfels, GL'),
('57358ee9-14f6-4927-82f0-735874ab715d', 'Schnyder Andreas, Barbara, Ines, Fabian und', 'Leonie', 'sleep@hirschen-rapperswil.ch', '', NULL, 'Weinhaldenstrasse 16, 8645 Jona, SG'),
('7661eee4-e41b-4128-bc68-91fc43ed8283', 'Schnyder Daniel u. Angela', '(-Duarte)', 'daniel.schnyder@bluewin.ch', '', NULL, 'Grubenwies 1, 9523 Züberwangen, SG'),
('fa24d7dd-7bf1-479e-859f-1b961b47029c', 'Schnyder Hans und Gret', '(-Hefti)', 'hans@schnyder-vst.ch', '', NULL, 'Postweg 16, 8754 Netstal, GL'),
('eda7e3d4-e153-438f-b3f0-5d6e51834d35', 'Schnyder Hanspeter und', 'Margrit', 'schnyder@biotech.biol.ethz.ch', '', NULL, 'Regensbergstrasse 63, 8113 Boppelsen, ZH'),
('2b0aa8d0-570d-4778-a769-d96443bc8053', 'Schnyder', 'Jolanda', 'jolanda.schnyder@gmail.com', '41764022843', NULL, 'Helgenfeld 21, 5034 Suhr, AG'),
('0b9c2cfb-4853-4140-aabe-a5aeba16f78e', 'Schnyder Kathrin und Ulrich-Willy', '(-Aellig)', 'willysch@bluewin.ch', '', NULL, 'Poststrasse 11, 3073 Gümligen, BE'),
('ed58633c-1484-4b91-a8e4-d53294c2dde7', 'Schnyder', 'Kurt', 'schnyder59@bluewin.ch', '', NULL, 'Moosburgstrasse 20, 8307 Effretikon, ZH'),
('e6428e36-100f-4389-8093-af703162d31d', 'Schnyder Marcel und Sandra', '(-Kunz)', 'info@schnyder-indeco.ch', '41794488819', NULL, 'Rüediswilerstrasse 83, 6017 Ruswil, LU'),
('821503a5-7440-489e-beee-21a0d648f7a6', 'Schnyder', 'Marco', 'marcoschnyder@gmail.com', '', NULL, 'Lufenwies Süd 6, 8852 Altendorf, SZ'),
('0e63d9c2-b057-4be0-8314-a9ec535b2e10', 'Schnyder Markus und Christina', '(-Ehret)', 'm.schnyder@schnydercm.ch', '41792870441', NULL, 'Langenrainstrasse 9, 8340 Hinwil, ZH'),
('f385f221-2974-4149-bf58-5a7a8d6f5d06', 'Schnyder Myrtha', '(-Ruffieux)', 'mwschnyder@bluewin.ch', '', NULL, 'Im Katzenwadel 21, 4102 Binningen, BL'),
('51902631-5990-4fa2-8897-cd3be85c40a9', 'Schnyder', 'Patrick', 'patrick@beauty-clinic.ch', '41795485930', NULL, 'Kirchhofweg 4, 4467 Rothenfluh, BL'),
('b1b9b3f4-2208-480a-b73a-ba30f5cf4adb', 'Schnyder', 'Peter', 'schnyder.p@bluewin.ch', '41794242177', NULL, 'Adligenstrasse 7, 6020 Emmenbrücke, LU'),
('8c675a87-7871-45a2-86e8-c28728890859', 'Schnyder Severin', 'Raphael', 'soev@gmx.net', '41796877736', NULL, 'Papiermühlestrasse 12, 3013 Bern, BE');

INSERT INTO leads (id, contact_id, source, status, value, notes) VALUES
('29194d6f-30d8-48ba-a454-e3c8640f7471', 'b8f73985-e333-4b1f-a9c9-a7959d49b974', 'KALTAKQUISE', 'ACTIVE', 0, NULL),
('e6409682-4016-4e32-9678-8bd3fde39a09', 'd902f886-940a-4ac4-aa0e-bf59207a132a', 'KALTAKQUISE', 'ACTIVE', 0, NULL),
('b1ad7418-9206-4833-9996-8112c530ec3d', 'da2e29e6-b067-4492-8b0f-529b8381022c', 'KALTAKQUISE', 'ACTIVE', 0, NULL),
('5052a7ee-e5c4-483a-9b21-ae6353b8aedf', '966305b1-39bd-49da-9a85-249938c96083', 'KALTAKQUISE', 'ACTIVE', 0, NULL),
('de309f6f-029f-4291-9f21-ef8789952f77', '60aa96d5-f95c-41af-85f8-307a9aa5c275', 'KALTAKQUISE', 'ACTIVE', 0, NULL),
('d8068dc4-9769-4f86-89ca-358866febb05', 'cbcdcf44-1066-4979-a1fd-f1c8d235a09e', 'KALTAKQUISE', 'ACTIVE', 0, NULL),
('98ab6fdb-4907-4c88-9472-4f8f0a0447f3', '0eb7ca9c-c1af-40ae-8fcd-b20d6b277007', 'KALTAKQUISE', 'ACTIVE', 0, NULL),
('38089e56-f692-468b-a114-97636ab2188c', '277e5d98-1701-449e-972d-fd3cc2f679f1', 'KALTAKQUISE', 'ACTIVE', 0, NULL),
('ca9ad249-86e5-46c5-8232-b843b03db41b', '5d00a4f7-3215-4552-af7e-97ab5c045dcd', 'KALTAKQUISE', 'ACTIVE', 0, NULL),
('62273f8f-996f-4842-ae83-9cd066c7f6a8', 'acedf813-519b-412c-b403-8d894130f341', 'KALTAKQUISE', 'ACTIVE', 0, NULL),
('2ab3b4ce-9519-49cb-98a4-440944fe1807', '2b043f03-0f9e-4b3b-bc53-c8b73674d253', 'KALTAKQUISE', 'ACTIVE', 0, NULL),
('53125a9b-c743-480d-a280-5d7ab5031caa', 'f2c870e1-f7af-46ae-984c-543641319346', 'KALTAKQUISE', 'ACTIVE', 0, NULL),
('c9097ed8-effc-4f0e-8aa3-2a2ad6b193d4', 'f298443c-9026-46ae-9814-c8a1182abf74', 'KALTAKQUISE', 'ACTIVE', 0, NULL),
('c2f65524-186b-494f-abde-4b22c5df8805', '6f098f1a-16d1-41d2-8eae-41b6f73e3d9a', 'KALTAKQUISE', 'ACTIVE', 0, NULL),
('b79cc5f6-fd37-4cab-b6de-906c404ac090', '238005ab-789f-4239-ad78-b12ce86141c0', 'KALTAKQUISE', 'ACTIVE', 0, NULL),
('21f1ea42-eeaf-4135-811c-edea196e9351', '96512428-6ffb-4e81-a65a-cf73d0daf07e', 'KALTAKQUISE', 'ACTIVE', 0, NULL),
('65a4405c-369f-410a-b2a6-d380c6b6348f', '3761afb7-5e7a-45df-b1e2-18f9d4c413c1', 'KALTAKQUISE', 'ACTIVE', 0, NULL),
('704322cf-1e04-4989-8651-2bd19e83466d', 'a1bfe2f4-3b52-4f50-a117-4ff569ac711e', 'KALTAKQUISE', 'ACTIVE', 0, NULL),
('510004e0-3bb6-4ed3-9bba-8f9ba4a48888', '53efd849-2840-4494-bb39-98ff5f50bf2b', 'KALTAKQUISE', 'ACTIVE', 0, NULL),
('ade70b02-fe43-447b-9249-f20a8a91743a', 'd9a34997-6ddf-4b60-bf6b-76379156f50d', 'KALTAKQUISE', 'ACTIVE', 0, NULL),
('0203769d-18ea-44dc-9ae5-f901d7113fc8', 'd1f6d1e3-6355-4a6a-8b0e-a1514447246b', 'KALTAKQUISE', 'ACTIVE', 0, NULL),
('71506780-09c4-4311-93ba-df4924cd2d1a', 'eac0bbbf-981a-4e2e-8b6c-e0b81d4f1592', 'KALTAKQUISE', 'ACTIVE', 0, NULL),
('6c5f41e9-7b7f-4f98-83c9-6ad0c11d6188', '6736ec29-271f-4cd7-9011-d6c3edee5bfb', 'KALTAKQUISE', 'ACTIVE', 0, NULL),
('4cecaf21-f5fd-489c-b97e-77efcf5df4c6', '2eb8908f-1acc-41df-92bf-48db83b9421e', 'KALTAKQUISE', 'ACTIVE', 0, NULL),
('06c60502-46a9-4dfb-8241-633ca60cafde', 'd62490e2-f454-4da5-ba2f-a020b4378ec7', 'KALTAKQUISE', 'ACTIVE', 0, NULL),
('e42f2289-061d-412a-b9f7-3cdc205507de', '910146dc-b8fb-44b7-8611-afc41a524e54', 'KALTAKQUISE', 'ACTIVE', 0, NULL),
('c0671565-091e-4179-8957-c1097733fa4a', '1e1f883d-74ba-4858-9073-4ca89c1e8acc', 'KALTAKQUISE', 'ACTIVE', 0, NULL),
('bd248f91-c365-40de-988a-5388bd1c49c6', '3a548809-ea6f-48df-b0ce-76773b9595dc', 'KALTAKQUISE', 'ACTIVE', 0, NULL),
('c9f27a6a-96b2-49a4-98ed-2def705686d8', 'eba4f44a-54fc-4ebf-b70d-b54e555ab26a', 'KALTAKQUISE', 'ACTIVE', 0, NULL),
('50dbb6e8-3b1a-4404-99f2-7f0db260d205', '1bc4a70c-7ccc-4ccb-bc26-98a0816e3ccd', 'KALTAKQUISE', 'ACTIVE', 0, NULL),
('559ca274-4e53-4248-87ec-0acba853c2cc', '53268188-ce9b-4d5e-a23f-14d1f7ee8015', 'KALTAKQUISE', 'ACTIVE', 0, NULL),
('86611a9c-f0fd-42fb-bc3e-7f13f53a54a6', 'a6aa5369-1e7f-4b60-81ad-5929aa098b74', 'KALTAKQUISE', 'ACTIVE', 0, NULL),
('c81a0e37-40eb-440e-89be-d69596664906', '742c7d30-9f56-4075-9529-1715c11c4f49', 'KALTAKQUISE', 'ACTIVE', 0, NULL),
('72505f6c-a5b5-45ff-9dac-d6b4cf4b0c6f', 'ef3cdbcb-4498-48fc-b820-93c013e618bf', 'KALTAKQUISE', 'ACTIVE', 0, NULL),
('fbda554e-d9a0-4676-b79f-8ee8dc8deef9', '772f70ab-0534-4e8d-aebc-932bf54a8e2e', 'KALTAKQUISE', 'ACTIVE', 0, NULL),
('32964ef4-b630-4413-8ad2-4e0b705cc485', 'd4522a5f-188b-4a2b-a01d-263e4163e7eb', 'KALTAKQUISE', 'ACTIVE', 0, NULL),
('ccccbc99-9210-4b0a-ad2a-f578a01d891d', '3add7222-127e-450e-b75e-89c340ddcde6', 'KALTAKQUISE', 'ACTIVE', 0, NULL),
('4c1e2a70-3f0b-489e-8f2a-b81bb2a4a976', 'a1de9a78-dcbe-477a-b1c3-dbbb3aff9558', 'KALTAKQUISE', 'ACTIVE', 0, NULL),
('16a2dc74-3e5c-4611-a6f5-be30ef64c1ef', '4d16585b-6243-40b6-b12a-51a4424462c6', 'KALTAKQUISE', 'ACTIVE', 0, NULL),
('202cc02c-529a-425f-a086-fe9c1d311c9e', '6e69f20c-b0d0-4783-88ff-aa35963f2218', 'KALTAKQUISE', 'ACTIVE', 0, NULL),
('4bc3da59-5018-4f20-ae70-e0308a52b2fb', '2fa89b85-e504-49d0-9319-42d4e78a7c39', 'KALTAKQUISE', 'ACTIVE', 0, NULL),
('b282d244-27a3-46bd-b084-0bd94c8de1c3', '2b5d5a26-8530-4254-806c-4c6a0ca49aa0', 'KALTAKQUISE', 'ACTIVE', 0, NULL),
('2450bb6a-73ab-4b18-8d5f-b70effee3492', 'b643259a-91b0-4dac-b798-8a1297a9586f', 'KALTAKQUISE', 'ACTIVE', 0, NULL),
('d777e05c-a127-44a7-bc6a-c7517e7a4f72', 'f1c23988-99db-4666-a7e8-ce37e5d8af24', 'KALTAKQUISE', 'ACTIVE', 0, NULL),
('cb57be87-61f1-4967-95e5-aae906e784e3', 'd895c31c-f9f0-4cf9-beee-1e3509479f9e', 'KALTAKQUISE', 'ACTIVE', 0, NULL),
('236abc27-0f33-4c15-aaa8-8cfe2d558d6a', 'f52ae41c-c490-43ac-a7f9-3b56db4dfe9c', 'KALTAKQUISE', 'ACTIVE', 0, NULL),
('4803e936-1b22-4cb7-86a6-4137220e806f', '4bc84628-4e87-47a2-9eb6-8a7f59127e7b', 'KALTAKQUISE', 'ACTIVE', 0, NULL),
('f1636007-8d6a-4a98-89e2-618975444c1c', 'caac1bc0-a228-44ce-84a3-bff6d9e0720b', 'KALTAKQUISE', 'ACTIVE', 0, NULL),
('0fde665d-25a1-419f-a43b-61200aba6719', '1efcf702-b111-4039-80ec-34a980153d10', 'KALTAKQUISE', 'ACTIVE', 0, NULL),
('16f2b604-f583-409e-9edc-2373eb01e348', '2d852c10-1fe3-4e51-acd3-4a156cf5ec34', 'KALTAKQUISE', 'ACTIVE', 0, NULL),
('4a997005-e817-4ca0-ab5d-4ef781e0dff2', '3a1a5aa6-73e6-4879-8c49-35288b178e66', 'KALTAKQUISE', 'ACTIVE', 0, NULL),
('61b9c5b1-090f-4dae-945d-1986849c0872', 'c791c445-29e1-45a3-8be2-0cb0ece670a2', 'KALTAKQUISE', 'ACTIVE', 0, NULL),
('be516550-92a2-4b73-9be3-2c0753eda847', '00382733-822b-4852-8748-5ebf532522d1', 'KALTAKQUISE', 'ACTIVE', 0, NULL),
('e32254df-8514-4f84-9997-b9f5875a5788', '22b04880-cb3e-429c-b5fa-ab4476d2b273', 'KALTAKQUISE', 'ACTIVE', 0, NULL),
('423245ff-9ff3-4c1b-b42b-22c78373df7a', '9dab751c-ca30-49ce-b673-d70bddbd73e8', 'KALTAKQUISE', 'ACTIVE', 0, NULL),
('1bc7f8b9-2291-4911-97a2-b6065c2b842c', '0f6619b9-2a49-4b36-ad78-3775646a2a8f', 'KALTAKQUISE', 'ACTIVE', 0, NULL),
('fb5b1be4-3c8e-4f04-a704-5e87552fe2cc', '87283726-23e4-4965-b2fc-06863b7470a3', 'KALTAKQUISE', 'ACTIVE', 0, NULL),
('69483bf8-932c-4ad2-8d70-74fd6215b5a1', 'cb42963a-f2ac-41b2-822c-af3217503154', 'KALTAKQUISE', 'ACTIVE', 0, NULL),
('7a0a3a4a-ea0e-4058-8c30-e9f0cdf4afe5', '0087bcc1-0a22-4669-b250-ad21ef63f902', 'KALTAKQUISE', 'ACTIVE', 0, NULL),
('99f94099-57c9-451f-8a11-854f6fbe1672', 'dd4e7c90-2d3c-4a40-ba5d-f6d4605c5c82', 'KALTAKQUISE', 'ACTIVE', 0, NULL),
('cd8c0d52-3aaa-4e5a-a2b4-248b141b6976', '251bcea0-89b1-4796-a06f-751b5ca933c1', 'KALTAKQUISE', 'ACTIVE', 0, NULL),
('b09ab12f-704a-477d-b9fe-8bd68c255532', 'bba3f954-68b9-4fc1-ace0-e26616eb8750', 'KALTAKQUISE', 'ACTIVE', 0, NULL),
('068771fa-27bd-41ed-a090-c3a5691c229e', '14f8f907-4249-4b75-a830-3dcc8d409078', 'KALTAKQUISE', 'ACTIVE', 0, NULL),
('6a71aecc-00f6-4b6a-8b03-aa5396d071da', 'a2e85e92-a550-4d38-874e-64692ec30307', 'KALTAKQUISE', 'ACTIVE', 0, NULL),
('be192d9a-0827-4e04-bd2d-7126c96ed1f0', '5ffb1ef8-543a-424e-bd59-d722eea9a065', 'KALTAKQUISE', 'ACTIVE', 0, NULL),
('8b70a227-b62d-43d6-92e6-039618710071', 'ccb6fa64-4dce-400e-9557-18270fb61210', 'KALTAKQUISE', 'ACTIVE', 0, NULL),
('cd01092f-af70-4b68-87d1-02bfd36d7bbd', '48a8ca11-b9fe-497e-ace5-bbcd5a393cd2', 'KALTAKQUISE', 'ACTIVE', 0, NULL),
('9d9498ee-4432-47ce-b411-1f574b15cd46', 'b054129b-0a1a-4b08-8640-80bd95e83de3', 'KALTAKQUISE', 'ACTIVE', 0, NULL),
('85da37e5-f92c-4d18-b582-89abf66a4089', 'eff8fe21-6671-4d8b-b44c-7807d38df33c', 'KALTAKQUISE', 'ACTIVE', 0, NULL),
('48827683-93b2-4099-bd8e-569e516e3ae7', '797017c4-ff5d-4181-8c20-06bdd5cf24e6', 'KALTAKQUISE', 'ACTIVE', 0, NULL),
('71e6ee4a-42e1-4325-82fa-1f71599d7cc8', '3eff2c3a-c102-48c6-885a-04d6614c0a57', 'KALTAKQUISE', 'ACTIVE', 0, NULL),
('68bc7ba1-8ea6-4bbb-93bd-f65bfb2552aa', 'fcb0f3d0-02e8-4f7f-ae97-69c8372c204b', 'KALTAKQUISE', 'ACTIVE', 0, NULL),
('890c6869-ebe4-409b-83bb-b67ff02730e4', 'e5277d7a-d5db-4cfb-b2f9-7b41e3cf0020', 'KALTAKQUISE', 'ACTIVE', 0, NULL),
('3f266338-87ec-4be6-9b28-edc4b3eeac37', '64418077-5aa2-4a71-8ea4-cd9a23106093', 'KALTAKQUISE', 'ACTIVE', 0, NULL),
('4b5262d1-fe27-4eeb-81a4-0e8712b05392', '4c96eaa2-7506-449d-9443-797fb7a43039', 'KALTAKQUISE', 'ACTIVE', 0, NULL),
('e3395a52-f626-4508-998c-f3bd83c5eb9a', '9e18b0ac-5d5e-4bce-9a91-799d6abf5cd1', 'KALTAKQUISE', 'ACTIVE', 0, NULL),
('f5e2ba2f-5a9f-4eda-8b5f-667475ab1bb8', '1b3ac4a7-95a0-4114-8957-41b1ad996d62', 'KALTAKQUISE', 'ACTIVE', 0, NULL),
('abee1548-fecb-4248-996f-c8b01524fd0f', '392879cb-79b9-43a9-a0f7-80d8c8e2e401', 'KALTAKQUISE', 'ACTIVE', 0, NULL),
('c875f53a-447e-4347-8597-ba8d046e5417', '86a15e59-1c3b-4d4d-9421-a3252995d8c2', 'KALTAKQUISE', 'ACTIVE', 0, NULL),
('9d64f6fe-63da-432e-b3f5-d5747c24b5ed', '58d4c468-ab7f-46a6-96e4-14518c923c28', 'KALTAKQUISE', 'ACTIVE', 0, NULL),
('61d9a804-d073-4a48-b041-f405a28e0516', '785f38ce-e02b-45fa-8864-22f67dfb1d5d', 'KALTAKQUISE', 'ACTIVE', 0, NULL),
('89ee00ec-7453-49d9-b3b7-a9623458b6a8', 'fda4e256-d9f1-4add-8f02-ca526b951846', 'KALTAKQUISE', 'ACTIVE', 0, NULL),
('eb5b00c8-4a96-443a-84d2-92275b836fe8', '50724278-62fe-4ec5-b874-f8b9b13ba040', 'KALTAKQUISE', 'ACTIVE', 0, NULL),
('2568a530-666f-4fd8-bd98-3845e536e7ef', '25016aad-ee61-4205-9090-a9413713dc0d', 'KALTAKQUISE', 'ACTIVE', 0, NULL),
('5d02f478-3f10-44fa-8f65-4b45470f6617', '503b30d7-ba66-4383-a376-8c76ae6f11b3', 'KALTAKQUISE', 'ACTIVE', 0, NULL),
('98788e12-d3cb-4005-b241-01a3cfa5a67b', '9833106e-7123-480c-83ce-52d0c5ef82de', 'KALTAKQUISE', 'ACTIVE', 0, NULL),
('63d16a83-8165-459e-bbd4-7dedfa14b945', '73f0eed8-85fb-48fb-bfcc-790c94424f5b', 'KALTAKQUISE', 'ACTIVE', 0, NULL),
('388a5a2a-ddb8-4455-a6a7-24b222a53918', 'fd406a18-d1f6-4cab-924c-7f2bad777343', 'KALTAKQUISE', 'ACTIVE', 0, NULL),
('a3364093-70f5-41f7-b55d-6415bd54846a', 'f337beaa-86b2-400a-b9f0-d86a3be3c215', 'KALTAKQUISE', 'ACTIVE', 0, NULL),
('66415623-e427-4732-ace8-2f11ea1a4aaf', '05c00d48-b90f-47d4-82f5-f18753ae173b', 'KALTAKQUISE', 'ACTIVE', 0, NULL),
('4b3bb764-2358-4c70-8298-0fd841b0e738', 'c84d1d18-29cb-43be-b6e2-a39111ff9f09', 'KALTAKQUISE', 'ACTIVE', 0, NULL),
('4a43a8be-2026-4a87-b090-85b146baebc2', '6368b019-f2fd-47de-bcce-8785c3f21522', 'KALTAKQUISE', 'ACTIVE', 0, NULL),
('7444b112-b51c-4eec-b443-912c893f984d', '6de59388-a08c-4408-bd21-4e699c1f1af4', 'KALTAKQUISE', 'ACTIVE', 0, NULL),
('ffe6e997-3794-499e-afad-dcb6013a4f6a', 'e07d4c06-fe2f-4053-9a02-156e7590d0f2', 'KALTAKQUISE', 'ACTIVE', 0, NULL),
('8596ae5d-1ff3-46e5-af57-71f6d435f229', '5390a7b9-c8a4-4d2f-9bab-c091f4f0d515', 'KALTAKQUISE', 'ACTIVE', 0, NULL),
('421ee947-bea0-4060-b156-a3784c07dbbf', 'a030c6f1-e492-42ae-b0a2-c10629524ba8', 'KALTAKQUISE', 'ACTIVE', 0, NULL),
('c87ee80a-3f56-45a7-a137-9166fa837463', '4447b53f-299d-43b4-878b-39aef1649c8b', 'KALTAKQUISE', 'ACTIVE', 0, NULL),
('e00d8246-49b6-4342-8a29-0831bcdcc328', 'ac7dedde-374d-449f-89ed-94121d4f7966', 'KALTAKQUISE', 'ACTIVE', 0, NULL),
('f4ebf5c8-289c-4d86-99ac-6e2dd981868d', 'bb69024f-d1db-468e-910f-62e627c486f2', 'KALTAKQUISE', 'ACTIVE', 0, NULL),
('3b2d6ec1-1f95-4033-92c1-bb60223ef6d3', 'f0ea3599-6e34-4206-aa70-76f162811e34', 'KALTAKQUISE', 'ACTIVE', 0, NULL),
('3ab85fd5-4efb-4425-86fb-daa693ff6b82', 'ec8f0f0f-9f6e-41c1-8bd8-42dbb294c905', 'KALTAKQUISE', 'ACTIVE', 0, NULL),
('9f9e9242-372d-47a8-b689-cfe15e28159d', 'ee186483-63b4-4cad-9e00-1f138e8c6e5f', 'KALTAKQUISE', 'ACTIVE', 0, NULL),
('bb24e0de-146f-4559-8017-ecf348c0d829', 'c95532f5-4bab-4946-a03f-b4972d872672', 'KALTAKQUISE', 'ACTIVE', 0, NULL),
('9e172d5a-bb48-419d-adfc-a6ca824bf874', '5b2122b7-8e43-461b-9755-212fb6a98a61', 'KALTAKQUISE', 'ACTIVE', 0, NULL),
('19680388-0301-4c9f-9c66-c5a9165589e0', '4039727a-4cf0-4524-893c-6ffcb944eac6', 'KALTAKQUISE', 'ACTIVE', 0, NULL),
('2e3f1424-83e5-4825-a9d7-1b29d89ab5af', '7ed2475d-2eaa-4565-b243-295f55b92929', 'KALTAKQUISE', 'ACTIVE', 0, NULL),
('03365e1f-a967-42cd-b4c4-63934b991f5b', '358706a1-eb53-43e9-8c41-fe70ebcafed3', 'KALTAKQUISE', 'ACTIVE', 0, NULL),
('cc2b7ef4-b5e1-4dd5-b248-6f98f07ecd6c', 'a3aec62a-cf3c-46f2-b455-3c9c55ddee11', 'KALTAKQUISE', 'ACTIVE', 0, NULL),
('94425efd-ba40-4e37-a0b9-9b3a9b5e4237', 'eb709754-3c3d-45f3-a068-9fe9ea27f82b', 'KALTAKQUISE', 'ACTIVE', 0, NULL),
('3a36f67a-dd08-4f3f-a445-9616ca02111b', '194c74c0-48fc-4cbe-a620-99e33b467177', 'KALTAKQUISE', 'ACTIVE', 0, NULL),
('6d22a531-4de7-48d3-b6a5-a1cab2f32ad3', 'fca09af0-9b3d-436e-aff6-64707ff2d38f', 'KALTAKQUISE', 'ACTIVE', 0, NULL),
('3f9623b6-93de-4774-a1bb-f86a0d943839', '35b55e58-89cb-4ce9-95db-8eef9c355c3e', 'KALTAKQUISE', 'ACTIVE', 0, NULL),
('42159483-eb4a-4c22-88a1-71bfb4fe3a46', '94e36b32-1535-4ea4-8d71-a1d37de42e6b', 'KALTAKQUISE', 'ACTIVE', 0, NULL),
('238cd115-4625-4ab9-910d-6626b5ecaa25', 'dc1ed1a6-172f-41a0-9ab8-7ef6fff05637', 'KALTAKQUISE', 'ACTIVE', 0, NULL),
('cef55744-8c23-47d9-ac29-9a8b8ce5ffab', 'ef600f11-6ae9-4908-8cbf-58ba2237f034', 'KALTAKQUISE', 'ACTIVE', 0, NULL),
('4f7a04e6-8aa8-4478-9efe-3168a9c90cdc', 'bd895505-e238-4cee-b395-9aa6a6623415', 'KALTAKQUISE', 'ACTIVE', 0, NULL),
('aa774ae9-e29b-46d2-9858-d407f8a31f2f', '8eb8b8db-f9ea-412e-b27e-e6d224b46631', 'KALTAKQUISE', 'ACTIVE', 0, NULL),
('192a4062-5ec3-4f95-bf87-79019a4bce72', '3ed67285-5570-43a2-9e07-82396be8a148', 'KALTAKQUISE', 'ACTIVE', 0, NULL),
('59db494c-525e-44d3-81e6-3c35cedc5b85', 'ea32aec1-8a68-48a4-893b-a0b70fc4623c', 'KALTAKQUISE', 'ACTIVE', 0, NULL),
('ab253112-e9af-4d11-951f-af8ea384d285', '75873fba-32de-41f0-8e10-58b800a9675f', 'KALTAKQUISE', 'ACTIVE', 0, NULL),
('e982a8cf-5489-419a-894e-b6d5e60ac6b2', 'd01e4b44-ff73-4954-814e-bdf64db59d06', 'KALTAKQUISE', 'ACTIVE', 0, NULL),
('8219c32d-6109-408c-8794-06ac02d2646a', '81de2a80-c0c0-47a7-9482-bd25b06aee42', 'KALTAKQUISE', 'ACTIVE', 0, NULL),
('1bcd2ed1-6460-4f82-b54d-0b562328793a', 'a3da9e53-c4c5-422d-bbe2-24628faad8bf', 'KALTAKQUISE', 'ACTIVE', 0, NULL),
('353c0aa1-25ef-4099-ac7c-c8c595c0d998', 'b9896fba-8389-4abc-a035-4702d5678457', 'KALTAKQUISE', 'ACTIVE', 0, NULL),
('392cf211-7f5f-4083-b53a-60c44e94acc6', '9c39f286-b3c3-4b0d-a16b-6b0f435d8b9d', 'KALTAKQUISE', 'ACTIVE', 0, NULL),
('747effa9-db3d-4091-89d7-3f5b77ccf066', '6bd9df6a-33c7-4d47-9475-1feec73a46fd', 'KALTAKQUISE', 'ACTIVE', 0, NULL),
('cd04d8e7-9ca4-435e-bc66-482542a66fca', '34c45da2-5eba-480c-8106-e04b70ffacf8', 'KALTAKQUISE', 'ACTIVE', 0, NULL),
('6ff7ccea-f2ef-4c24-a2ab-8227e71fce64', '426049ec-157a-4173-a3ba-868fcb5babe7', 'KALTAKQUISE', 'ACTIVE', 0, NULL),
('52a6b917-7859-4c59-a119-957291d6de81', '4f36e9ff-4bea-46d9-bbea-bcc4bba4f6da', 'KALTAKQUISE', 'ACTIVE', 0, NULL),
('51d7c01d-d55c-4ea5-9d8d-6f06fb3820f4', '2db193e2-fbdf-4c3c-bacf-1c19abe915d6', 'KALTAKQUISE', 'ACTIVE', 0, NULL),
('c6de081c-e4ff-4f62-97b6-709b58015ac1', 'e5bca116-6412-4a87-a7cf-2639ffb8be7b', 'KALTAKQUISE', 'ACTIVE', 0, NULL),
('64b7d575-806a-466a-a52e-b99187807513', '16aa5603-23aa-465b-b8b6-fd062d9c8efb', 'KALTAKQUISE', 'ACTIVE', 0, NULL),
('74c3863f-47ac-45f8-8d4f-99a8083d286d', 'b7a73651-417d-4dae-8d18-87901bcb0d81', 'KALTAKQUISE', 'ACTIVE', 0, NULL),
('071e5460-5f63-4074-af0f-efe27a322260', '4f0037b9-0bbf-4aab-8cda-5bd21bbfa227', 'KALTAKQUISE', 'ACTIVE', 0, NULL),
('bc3065cd-deb5-4ec2-b65a-00bb567467fc', '81482e10-756c-4836-b1c5-d5b25f7ec234', 'KALTAKQUISE', 'ACTIVE', 0, NULL),
('79a20831-a896-4ceb-8c51-259836cd8046', '4dca2cf6-e61a-4bb0-b2aa-b6332baa40d3', 'KALTAKQUISE', 'ACTIVE', 0, NULL),
('09650a09-bb2a-4a4a-ab69-cee692844919', 'e3f21590-8352-488b-bec0-2c86fa45526c', 'KALTAKQUISE', 'ACTIVE', 0, NULL),
('d14974e4-f90f-4ec5-a71f-55c1aa7ddb5e', '95783181-cfc9-4127-b7ca-38c5bac7028c', 'KALTAKQUISE', 'ACTIVE', 0, NULL),
('1dbdba8d-ee29-44a6-9dcc-a18e770a2b9e', '8d99cc15-6ce0-45ec-bce7-5573e213d3ea', 'KALTAKQUISE', 'ACTIVE', 0, NULL),
('a60103fb-b78d-4578-bda4-e63baf00e5c9', '3c025a02-3f0a-41f6-8fe7-fe22aaacac9d', 'KALTAKQUISE', 'ACTIVE', 0, NULL),
('dd8affe2-45ba-4784-9dce-33a42f0e2ea2', '9a37cd09-9c08-4115-bd3c-ebf1e98d7bb3', 'KALTAKQUISE', 'ACTIVE', 0, NULL),
('b0117369-7672-469b-aa08-a3a77cc44e10', 'd6f41d45-9121-463d-91ed-6289a8f5b359', 'KALTAKQUISE', 'ACTIVE', 0, NULL),
('8827a6ad-5d04-4e72-b626-ef2eb1087ad1', '321860fa-abbf-40f1-85cb-9bf621db6c3e', 'KALTAKQUISE', 'ACTIVE', 0, NULL),
('6c5b378f-c12b-4f67-a670-70c08a06bc13', '27a66579-a506-432c-825d-8d718fc307be', 'KALTAKQUISE', 'ACTIVE', 0, NULL),
('4c32cab2-58b0-405e-8e2d-4c53142ee19c', '7645ef7d-014b-4a47-ba02-abfeb23e01f9', 'KALTAKQUISE', 'ACTIVE', 0, NULL),
('384efefa-8ef7-4f25-ba0e-8f0a3f4f0f07', 'fb81065a-0a48-4767-beeb-6cbe047847e5', 'KALTAKQUISE', 'ACTIVE', 0, NULL),
('2f7b9ef2-938c-4765-9ed6-3080c76b8a2a', 'cb4a3cdf-d64f-4731-9781-7cd3b329bdf8', 'KALTAKQUISE', 'ACTIVE', 0, NULL),
('5fbd6ea3-ec34-4edb-9129-e612c82a9607', '73eb1ad5-008b-4de0-93ec-25f8e09c66cb', 'KALTAKQUISE', 'ACTIVE', 0, NULL),
('94e41bf9-f15a-4836-8d06-e0b041552ed6', 'f55472ec-89a7-4b3b-94fb-aad7d991dfcd', 'KALTAKQUISE', 'ACTIVE', 0, NULL),
('5da81f9a-4413-4535-971b-a7666a015d46', '075b119f-4716-422e-9900-8376f8d11168', 'KALTAKQUISE', 'ACTIVE', 0, NULL),
('b37c1b39-d56b-4494-ba16-4b55d50d8efb', '203bd05e-8efc-45fe-8455-677ff9015a5d', 'KALTAKQUISE', 'ACTIVE', 0, NULL),
('6cb99cbe-8998-492a-b57c-d3c2978908d9', '220051fe-12da-44fb-8141-1896b9d4e456', 'KALTAKQUISE', 'ACTIVE', 0, NULL),
('fb2929f5-addf-4034-b23d-81b2a9df6966', '78ce006d-9616-4ff0-b4a7-9765f52ba04b', 'KALTAKQUISE', 'ACTIVE', 0, NULL),
('7df71c0b-78e7-4be4-8cdb-ca1785e4a7a7', 'd9ddf1bb-12a5-4e0e-a1b1-c7f2fb760540', 'KALTAKQUISE', 'ACTIVE', 0, NULL),
('3c6b9a9c-a96d-42bd-a156-0245f91fb0c5', 'b7f21bc2-d4f5-4a24-b269-d2eead63d283', 'KALTAKQUISE', 'ACTIVE', 0, NULL),
('40dc2ccc-094d-4879-b9c6-43fa135320cf', 'b1e8611f-e119-4511-8c7a-2810e67c693c', 'KALTAKQUISE', 'ACTIVE', 0, NULL),
('da12d4c5-9676-4213-b073-d26246ad9446', '43f1046b-002d-488a-bfc4-f3b62c646d8c', 'KALTAKQUISE', 'ACTIVE', 0, NULL),
('e3085c68-d223-46c8-b139-56fc510cd03f', '819bfe60-7bce-410b-a484-6b52c8b09253', 'KALTAKQUISE', 'ACTIVE', 0, NULL),
('0749e974-ca5c-4217-97fe-3ad6087c8dea', 'ffeffadb-27c3-40b9-9d8b-f915c3bf1c8b', 'KALTAKQUISE', 'ACTIVE', 0, NULL),
('b0e099ac-530d-4937-987a-28fc18433ae9', '6e55d82c-37cd-4a2c-a47a-142d308f7374', 'KALTAKQUISE', 'ACTIVE', 0, NULL),
('da7ad1ae-9a7f-4789-98e2-a27c3e4f67df', '32c01818-a88f-4e90-a0ec-f6ce12f2b1d4', 'KALTAKQUISE', 'ACTIVE', 0, NULL),
('0a0017a3-e6f1-4b7d-83c4-d5231ff975f2', '29676565-0675-4dd6-92fc-fbeee4033e83', 'KALTAKQUISE', 'ACTIVE', 0, NULL),
('bdd088d7-33bc-44c8-892c-3225c9f322e2', 'f739ac8b-b03f-4512-89bf-e8e80d8e934d', 'KALTAKQUISE', 'ACTIVE', 0, NULL),
('d19151cc-5fad-4e21-8c3f-98f51db25740', '8c3535be-795b-4ada-9e90-b81137c76d79', 'KALTAKQUISE', 'ACTIVE', 0, NULL),
('55270d86-82ed-4b30-9ba0-cb6b0052b365', 'a2710d72-3d69-4890-9ab8-a773ae0fc7a9', 'KALTAKQUISE', 'ACTIVE', 0, NULL),
('32070608-2ecf-475c-a975-809dcc6bf611', 'c51812c4-b7a5-434d-9321-eb49f8f51f9c', 'KALTAKQUISE', 'ACTIVE', 0, NULL),
('dcc424c0-d6c2-4099-9327-df9234d4600c', '6fa81e33-be54-47a3-9f01-29484d6fe7d6', 'KALTAKQUISE', 'ACTIVE', 0, NULL),
('365659cc-541f-4aca-af79-bcbbedb4e8ac', 'd524fb2a-8741-4d28-964c-b9fd5670f964', 'KALTAKQUISE', 'ACTIVE', 0, NULL),
('b94dfc76-f800-4f3f-b386-598c358430d4', 'd583ebff-36cd-4ee3-aeda-cfc453087011', 'KALTAKQUISE', 'ACTIVE', 0, NULL),
('557b64b7-ded8-4b9e-84a8-32b837b46f6b', '6e20388c-dcfd-4f87-8112-16744f82b20f', 'KALTAKQUISE', 'ACTIVE', 0, NULL),
('3742303e-327f-4754-a158-abec6a0cb87b', '50751620-8457-4075-933f-6cd2c71978a5', 'KALTAKQUISE', 'ACTIVE', 0, NULL),
('e4a80c71-4eac-43d4-bc8e-745c84de5131', '847b1457-c0ae-4983-8b64-d8847f3d09a1', 'KALTAKQUISE', 'ACTIVE', 0, NULL),
('951c9ad0-5c61-488b-90c4-2815ce10a3b5', 'ce7fdbb1-df41-44a2-a363-2ef1f2c1804b', 'KALTAKQUISE', 'ACTIVE', 0, NULL),
('cd01e836-9633-4bd7-9b9f-d35aa55c7ec1', '8eb97787-97d0-42b5-b467-cc4d5787f893', 'KALTAKQUISE', 'ACTIVE', 0, NULL),
('7e4edea8-07f8-443d-b23f-6d2eabd62653', '37bf8a03-0b12-495e-a257-7710131ae34d', 'KALTAKQUISE', 'ACTIVE', 0, NULL),
('207052ee-9a55-4806-9f74-53ac6a4e2bc1', 'a82c2952-d6a8-4151-b91b-3031dbe4bf89', 'KALTAKQUISE', 'ACTIVE', 0, NULL),
('4773a0c4-263e-4022-a578-bfb7e0aab365', '00c462d5-8ffc-4d60-8edc-07d5b3446be7', 'KALTAKQUISE', 'ACTIVE', 0, NULL),
('024a4869-3665-4e0f-b40e-7996693274cd', 'f2af3cfc-e97b-497f-afce-2480b5750345', 'KALTAKQUISE', 'ACTIVE', 0, NULL),
('b4e42648-e643-4f8f-877e-cafd0e329abc', '7a70f2c9-57b9-46b6-b74c-93d54a581966', 'KALTAKQUISE', 'ACTIVE', 0, NULL),
('6b55be89-3dae-4f84-a420-ac1870d60df8', 'daa3c36a-8822-4aed-90b1-ab85d92d2312', 'KALTAKQUISE', 'ACTIVE', 0, NULL),
('bdf258a5-da31-4ea3-b441-6f3c715f42d4', '2d31f89f-843b-4f26-9d97-349bb9dd3ff9', 'KALTAKQUISE', 'ACTIVE', 0, NULL),
('65cca4db-4a17-4b12-84da-4aa083834e7b', 'd8826ded-563b-45c0-94f0-b0db89c51c25', 'KALTAKQUISE', 'ACTIVE', 0, NULL),
('3aaa04d7-4737-4155-8a0f-3451b9f96a3d', 'f61605f3-7879-447d-b9f0-59c8f2db5194', 'KALTAKQUISE', 'ACTIVE', 0, NULL),
('ec0d5107-0202-4c54-8def-56c8b02e6045', 'd86d1e78-0870-437f-9789-b090e484c2d1', 'KALTAKQUISE', 'ACTIVE', 0, NULL),
('b924d80c-3220-4ba1-9c1c-1f11d5bffee9', '0ba00b0c-d87f-49de-a881-8b8c6bf590a2', 'KALTAKQUISE', 'ACTIVE', 0, NULL),
('36cf9011-b594-4849-bede-24cab99c825b', '7a56a34e-6fe3-46b9-a025-1c5209497911', 'KALTAKQUISE', 'ACTIVE', 0, NULL),
('786ade59-b242-4d67-9155-1922ef0b72bf', '57358ee9-14f6-4927-82f0-735874ab715d', 'KALTAKQUISE', 'ACTIVE', 0, NULL),
('9b2b4487-cb25-46ec-9fae-bca2a850691c', '7661eee4-e41b-4128-bc68-91fc43ed8283', 'KALTAKQUISE', 'ACTIVE', 0, NULL),
('89e89e2b-4922-4a4f-9b64-cff10adb4a8b', 'fa24d7dd-7bf1-479e-859f-1b961b47029c', 'KALTAKQUISE', 'ACTIVE', 0, NULL),
('805730ce-4acb-4268-8ecc-5dc6406f1982', 'eda7e3d4-e153-438f-b3f0-5d6e51834d35', 'KALTAKQUISE', 'ACTIVE', 0, NULL),
('9382ae75-a911-4ae3-9e50-db7348abafcc', '2b0aa8d0-570d-4778-a769-d96443bc8053', 'KALTAKQUISE', 'ACTIVE', 0, NULL),
('85069b4f-22d5-4c0a-be2e-b7a6b50422ee', '0b9c2cfb-4853-4140-aabe-a5aeba16f78e', 'KALTAKQUISE', 'ACTIVE', 0, NULL),
('9ca53a20-b200-4b57-8478-708a3626b72b', 'ed58633c-1484-4b91-a8e4-d53294c2dde7', 'KALTAKQUISE', 'ACTIVE', 0, NULL),
('1c63fa2e-0db7-4f5c-855e-6ec99d93fe6d', 'e6428e36-100f-4389-8093-af703162d31d', 'KALTAKQUISE', 'ACTIVE', 0, NULL),
('49f469ee-a687-4dc2-8879-69c209711cf9', '821503a5-7440-489e-beee-21a0d648f7a6', 'KALTAKQUISE', 'ACTIVE', 0, NULL),
('3fee8ef9-5b57-4765-a3fd-824b59a6fb81', '0e63d9c2-b057-4be0-8314-a9ec535b2e10', 'KALTAKQUISE', 'ACTIVE', 0, NULL),
('356e2dc2-cbef-42a0-b248-e99d34c98158', 'f385f221-2974-4149-bf58-5a7a8d6f5d06', 'KALTAKQUISE', 'ACTIVE', 0, NULL),
('a2a881dc-a616-468b-a046-29da1e8c88d7', '51902631-5990-4fa2-8897-cd3be85c40a9', 'KALTAKQUISE', 'ACTIVE', 0, NULL),
('b2e1db8b-b4eb-41cb-8e31-6d49c0c607d6', 'b1b9b3f4-2208-480a-b73a-ba30f5cf4adb', 'KALTAKQUISE', 'ACTIVE', 0, NULL),
('1bb26a56-61f5-404e-99c4-96461e76e234', '8c675a87-7871-45a2-86e8-c28728890859', 'KALTAKQUISE', 'ACTIVE', 0, NULL);

INSERT INTO lead_tags (lead_id, tag_id) VALUES
('29194d6f-30d8-48ba-a454-e3c8640f7471', 'ka-b2c'),
('e6409682-4016-4e32-9678-8bd3fde39a09', 'ka-b2c'),
('b1ad7418-9206-4833-9996-8112c530ec3d', 'ka-b2c'),
('5052a7ee-e5c4-483a-9b21-ae6353b8aedf', 'ka-b2c'),
('de309f6f-029f-4291-9f21-ef8789952f77', 'ka-b2c'),
('d8068dc4-9769-4f86-89ca-358866febb05', 'ka-b2c'),
('98ab6fdb-4907-4c88-9472-4f8f0a0447f3', 'ka-b2c'),
('38089e56-f692-468b-a114-97636ab2188c', 'ka-b2c'),
('ca9ad249-86e5-46c5-8232-b843b03db41b', 'ka-b2c'),
('62273f8f-996f-4842-ae83-9cd066c7f6a8', 'ka-b2c'),
('2ab3b4ce-9519-49cb-98a4-440944fe1807', 'ka-b2c'),
('53125a9b-c743-480d-a280-5d7ab5031caa', 'ka-b2c'),
('c9097ed8-effc-4f0e-8aa3-2a2ad6b193d4', 'ka-b2c'),
('c2f65524-186b-494f-abde-4b22c5df8805', 'ka-b2c'),
('b79cc5f6-fd37-4cab-b6de-906c404ac090', 'ka-b2c'),
('21f1ea42-eeaf-4135-811c-edea196e9351', 'ka-b2c'),
('65a4405c-369f-410a-b2a6-d380c6b6348f', 'ka-b2c'),
('704322cf-1e04-4989-8651-2bd19e83466d', 'ka-b2c'),
('510004e0-3bb6-4ed3-9bba-8f9ba4a48888', 'ka-b2c'),
('ade70b02-fe43-447b-9249-f20a8a91743a', 'ka-b2c'),
('0203769d-18ea-44dc-9ae5-f901d7113fc8', 'ka-b2c'),
('71506780-09c4-4311-93ba-df4924cd2d1a', 'ka-b2c'),
('6c5f41e9-7b7f-4f98-83c9-6ad0c11d6188', 'ka-b2c'),
('4cecaf21-f5fd-489c-b97e-77efcf5df4c6', 'ka-b2c'),
('06c60502-46a9-4dfb-8241-633ca60cafde', 'ka-b2c'),
('e42f2289-061d-412a-b9f7-3cdc205507de', 'ka-b2c'),
('c0671565-091e-4179-8957-c1097733fa4a', 'ka-b2c'),
('bd248f91-c365-40de-988a-5388bd1c49c6', 'ka-b2c'),
('c9f27a6a-96b2-49a4-98ed-2def705686d8', 'ka-b2c'),
('50dbb6e8-3b1a-4404-99f2-7f0db260d205', 'ka-b2c'),
('559ca274-4e53-4248-87ec-0acba853c2cc', 'ka-b2c'),
('86611a9c-f0fd-42fb-bc3e-7f13f53a54a6', 'ka-b2c'),
('c81a0e37-40eb-440e-89be-d69596664906', 'ka-b2c'),
('72505f6c-a5b5-45ff-9dac-d6b4cf4b0c6f', 'ka-b2c'),
('fbda554e-d9a0-4676-b79f-8ee8dc8deef9', 'ka-b2c'),
('32964ef4-b630-4413-8ad2-4e0b705cc485', 'ka-b2c'),
('ccccbc99-9210-4b0a-ad2a-f578a01d891d', 'ka-b2c'),
('4c1e2a70-3f0b-489e-8f2a-b81bb2a4a976', 'ka-b2c'),
('16a2dc74-3e5c-4611-a6f5-be30ef64c1ef', 'ka-b2c'),
('202cc02c-529a-425f-a086-fe9c1d311c9e', 'ka-b2c'),
('4bc3da59-5018-4f20-ae70-e0308a52b2fb', 'ka-b2c'),
('b282d244-27a3-46bd-b084-0bd94c8de1c3', 'ka-b2c'),
('2450bb6a-73ab-4b18-8d5f-b70effee3492', 'ka-b2c'),
('d777e05c-a127-44a7-bc6a-c7517e7a4f72', 'ka-b2c'),
('cb57be87-61f1-4967-95e5-aae906e784e3', 'ka-b2c'),
('236abc27-0f33-4c15-aaa8-8cfe2d558d6a', 'ka-b2c'),
('4803e936-1b22-4cb7-86a6-4137220e806f', 'ka-b2c'),
('f1636007-8d6a-4a98-89e2-618975444c1c', 'ka-b2c'),
('0fde665d-25a1-419f-a43b-61200aba6719', 'ka-b2c'),
('16f2b604-f583-409e-9edc-2373eb01e348', 'ka-b2c'),
('4a997005-e817-4ca0-ab5d-4ef781e0dff2', 'ka-b2c'),
('61b9c5b1-090f-4dae-945d-1986849c0872', 'ka-b2c'),
('be516550-92a2-4b73-9be3-2c0753eda847', 'ka-b2c'),
('e32254df-8514-4f84-9997-b9f5875a5788', 'ka-b2c'),
('423245ff-9ff3-4c1b-b42b-22c78373df7a', 'ka-b2c'),
('1bc7f8b9-2291-4911-97a2-b6065c2b842c', 'ka-b2c'),
('fb5b1be4-3c8e-4f04-a704-5e87552fe2cc', 'ka-b2c'),
('69483bf8-932c-4ad2-8d70-74fd6215b5a1', 'ka-b2c'),
('7a0a3a4a-ea0e-4058-8c30-e9f0cdf4afe5', 'ka-b2c'),
('99f94099-57c9-451f-8a11-854f6fbe1672', 'ka-b2c'),
('cd8c0d52-3aaa-4e5a-a2b4-248b141b6976', 'ka-b2c'),
('b09ab12f-704a-477d-b9fe-8bd68c255532', 'ka-b2c'),
('068771fa-27bd-41ed-a090-c3a5691c229e', 'ka-b2c'),
('6a71aecc-00f6-4b6a-8b03-aa5396d071da', 'ka-b2c'),
('be192d9a-0827-4e04-bd2d-7126c96ed1f0', 'ka-b2c'),
('8b70a227-b62d-43d6-92e6-039618710071', 'ka-b2c'),
('cd01092f-af70-4b68-87d1-02bfd36d7bbd', 'ka-b2c'),
('9d9498ee-4432-47ce-b411-1f574b15cd46', 'ka-b2c'),
('85da37e5-f92c-4d18-b582-89abf66a4089', 'ka-b2c'),
('48827683-93b2-4099-bd8e-569e516e3ae7', 'ka-b2c'),
('71e6ee4a-42e1-4325-82fa-1f71599d7cc8', 'ka-b2c'),
('68bc7ba1-8ea6-4bbb-93bd-f65bfb2552aa', 'ka-b2c'),
('890c6869-ebe4-409b-83bb-b67ff02730e4', 'ka-b2c'),
('3f266338-87ec-4be6-9b28-edc4b3eeac37', 'ka-b2c'),
('4b5262d1-fe27-4eeb-81a4-0e8712b05392', 'ka-b2c'),
('e3395a52-f626-4508-998c-f3bd83c5eb9a', 'ka-b2c'),
('f5e2ba2f-5a9f-4eda-8b5f-667475ab1bb8', 'ka-b2c'),
('abee1548-fecb-4248-996f-c8b01524fd0f', 'ka-b2c'),
('c875f53a-447e-4347-8597-ba8d046e5417', 'ka-b2c'),
('9d64f6fe-63da-432e-b3f5-d5747c24b5ed', 'ka-b2c'),
('61d9a804-d073-4a48-b041-f405a28e0516', 'ka-b2c'),
('89ee00ec-7453-49d9-b3b7-a9623458b6a8', 'ka-b2c'),
('eb5b00c8-4a96-443a-84d2-92275b836fe8', 'ka-b2c'),
('2568a530-666f-4fd8-bd98-3845e536e7ef', 'ka-b2c'),
('5d02f478-3f10-44fa-8f65-4b45470f6617', 'ka-b2c'),
('98788e12-d3cb-4005-b241-01a3cfa5a67b', 'ka-b2c'),
('63d16a83-8165-459e-bbd4-7dedfa14b945', 'ka-b2c'),
('388a5a2a-ddb8-4455-a6a7-24b222a53918', 'ka-b2c'),
('a3364093-70f5-41f7-b55d-6415bd54846a', 'ka-b2c'),
('66415623-e427-4732-ace8-2f11ea1a4aaf', 'ka-b2c'),
('4b3bb764-2358-4c70-8298-0fd841b0e738', 'ka-b2c'),
('4a43a8be-2026-4a87-b090-85b146baebc2', 'ka-b2c'),
('7444b112-b51c-4eec-b443-912c893f984d', 'ka-b2c'),
('ffe6e997-3794-499e-afad-dcb6013a4f6a', 'ka-b2c'),
('8596ae5d-1ff3-46e5-af57-71f6d435f229', 'ka-b2c'),
('421ee947-bea0-4060-b156-a3784c07dbbf', 'ka-b2c'),
('c87ee80a-3f56-45a7-a137-9166fa837463', 'ka-b2c'),
('e00d8246-49b6-4342-8a29-0831bcdcc328', 'ka-b2c'),
('f4ebf5c8-289c-4d86-99ac-6e2dd981868d', 'ka-b2c'),
('3b2d6ec1-1f95-4033-92c1-bb60223ef6d3', 'ka-b2c'),
('3ab85fd5-4efb-4425-86fb-daa693ff6b82', 'ka-b2c'),
('9f9e9242-372d-47a8-b689-cfe15e28159d', 'ka-b2c'),
('bb24e0de-146f-4559-8017-ecf348c0d829', 'ka-b2c'),
('9e172d5a-bb48-419d-adfc-a6ca824bf874', 'ka-b2c'),
('19680388-0301-4c9f-9c66-c5a9165589e0', 'ka-b2c'),
('2e3f1424-83e5-4825-a9d7-1b29d89ab5af', 'ka-b2c'),
('03365e1f-a967-42cd-b4c4-63934b991f5b', 'ka-b2c'),
('cc2b7ef4-b5e1-4dd5-b248-6f98f07ecd6c', 'ka-b2c'),
('94425efd-ba40-4e37-a0b9-9b3a9b5e4237', 'ka-b2c'),
('3a36f67a-dd08-4f3f-a445-9616ca02111b', 'ka-b2c'),
('6d22a531-4de7-48d3-b6a5-a1cab2f32ad3', 'ka-b2c'),
('3f9623b6-93de-4774-a1bb-f86a0d943839', 'ka-b2c'),
('42159483-eb4a-4c22-88a1-71bfb4fe3a46', 'ka-b2c'),
('238cd115-4625-4ab9-910d-6626b5ecaa25', 'ka-b2c'),
('cef55744-8c23-47d9-ac29-9a8b8ce5ffab', 'ka-b2c'),
('4f7a04e6-8aa8-4478-9efe-3168a9c90cdc', 'ka-b2c'),
('aa774ae9-e29b-46d2-9858-d407f8a31f2f', 'ka-b2c'),
('192a4062-5ec3-4f95-bf87-79019a4bce72', 'ka-b2c'),
('59db494c-525e-44d3-81e6-3c35cedc5b85', 'ka-b2c'),
('ab253112-e9af-4d11-951f-af8ea384d285', 'ka-b2c'),
('e982a8cf-5489-419a-894e-b6d5e60ac6b2', 'ka-b2c'),
('8219c32d-6109-408c-8794-06ac02d2646a', 'ka-b2c'),
('1bcd2ed1-6460-4f82-b54d-0b562328793a', 'ka-b2c'),
('353c0aa1-25ef-4099-ac7c-c8c595c0d998', 'ka-b2c'),
('392cf211-7f5f-4083-b53a-60c44e94acc6', 'ka-b2c'),
('747effa9-db3d-4091-89d7-3f5b77ccf066', 'ka-b2c'),
('cd04d8e7-9ca4-435e-bc66-482542a66fca', 'ka-b2c'),
('6ff7ccea-f2ef-4c24-a2ab-8227e71fce64', 'ka-b2c'),
('52a6b917-7859-4c59-a119-957291d6de81', 'ka-b2c'),
('51d7c01d-d55c-4ea5-9d8d-6f06fb3820f4', 'ka-b2c'),
('c6de081c-e4ff-4f62-97b6-709b58015ac1', 'ka-b2c'),
('64b7d575-806a-466a-a52e-b99187807513', 'ka-b2c'),
('74c3863f-47ac-45f8-8d4f-99a8083d286d', 'ka-b2c'),
('071e5460-5f63-4074-af0f-efe27a322260', 'ka-b2c'),
('bc3065cd-deb5-4ec2-b65a-00bb567467fc', 'ka-b2c'),
('79a20831-a896-4ceb-8c51-259836cd8046', 'ka-b2c'),
('09650a09-bb2a-4a4a-ab69-cee692844919', 'ka-b2c'),
('d14974e4-f90f-4ec5-a71f-55c1aa7ddb5e', 'ka-b2c'),
('1dbdba8d-ee29-44a6-9dcc-a18e770a2b9e', 'ka-b2c'),
('a60103fb-b78d-4578-bda4-e63baf00e5c9', 'ka-b2c'),
('dd8affe2-45ba-4784-9dce-33a42f0e2ea2', 'ka-b2c'),
('b0117369-7672-469b-aa08-a3a77cc44e10', 'ka-b2c'),
('8827a6ad-5d04-4e72-b626-ef2eb1087ad1', 'ka-b2c'),
('6c5b378f-c12b-4f67-a670-70c08a06bc13', 'ka-b2c'),
('4c32cab2-58b0-405e-8e2d-4c53142ee19c', 'ka-b2c'),
('384efefa-8ef7-4f25-ba0e-8f0a3f4f0f07', 'ka-b2c'),
('2f7b9ef2-938c-4765-9ed6-3080c76b8a2a', 'ka-b2c'),
('5fbd6ea3-ec34-4edb-9129-e612c82a9607', 'ka-b2c'),
('94e41bf9-f15a-4836-8d06-e0b041552ed6', 'ka-b2c'),
('5da81f9a-4413-4535-971b-a7666a015d46', 'ka-b2c'),
('b37c1b39-d56b-4494-ba16-4b55d50d8efb', 'ka-b2c'),
('6cb99cbe-8998-492a-b57c-d3c2978908d9', 'ka-b2c'),
('fb2929f5-addf-4034-b23d-81b2a9df6966', 'ka-b2c'),
('7df71c0b-78e7-4be4-8cdb-ca1785e4a7a7', 'ka-b2c'),
('3c6b9a9c-a96d-42bd-a156-0245f91fb0c5', 'ka-b2c'),
('40dc2ccc-094d-4879-b9c6-43fa135320cf', 'ka-b2c'),
('da12d4c5-9676-4213-b073-d26246ad9446', 'ka-b2c'),
('e3085c68-d223-46c8-b139-56fc510cd03f', 'ka-b2c'),
('0749e974-ca5c-4217-97fe-3ad6087c8dea', 'ka-b2c'),
('b0e099ac-530d-4937-987a-28fc18433ae9', 'ka-b2c'),
('da7ad1ae-9a7f-4789-98e2-a27c3e4f67df', 'ka-b2c'),
('0a0017a3-e6f1-4b7d-83c4-d5231ff975f2', 'ka-b2c'),
('bdd088d7-33bc-44c8-892c-3225c9f322e2', 'ka-b2c'),
('d19151cc-5fad-4e21-8c3f-98f51db25740', 'ka-b2c'),
('55270d86-82ed-4b30-9ba0-cb6b0052b365', 'ka-b2c'),
('32070608-2ecf-475c-a975-809dcc6bf611', 'ka-b2c'),
('dcc424c0-d6c2-4099-9327-df9234d4600c', 'ka-b2c'),
('365659cc-541f-4aca-af79-bcbbedb4e8ac', 'ka-b2c'),
('b94dfc76-f800-4f3f-b386-598c358430d4', 'ka-b2c'),
('557b64b7-ded8-4b9e-84a8-32b837b46f6b', 'ka-b2c'),
('3742303e-327f-4754-a158-abec6a0cb87b', 'ka-b2c'),
('e4a80c71-4eac-43d4-bc8e-745c84de5131', 'ka-b2c'),
('951c9ad0-5c61-488b-90c4-2815ce10a3b5', 'ka-b2c'),
('cd01e836-9633-4bd7-9b9f-d35aa55c7ec1', 'ka-b2c'),
('7e4edea8-07f8-443d-b23f-6d2eabd62653', 'ka-b2c'),
('207052ee-9a55-4806-9f74-53ac6a4e2bc1', 'ka-b2c'),
('4773a0c4-263e-4022-a578-bfb7e0aab365', 'ka-b2c'),
('024a4869-3665-4e0f-b40e-7996693274cd', 'ka-b2c'),
('b4e42648-e643-4f8f-877e-cafd0e329abc', 'ka-b2c'),
('6b55be89-3dae-4f84-a420-ac1870d60df8', 'ka-b2c'),
('bdf258a5-da31-4ea3-b441-6f3c715f42d4', 'ka-b2c'),
('65cca4db-4a17-4b12-84da-4aa083834e7b', 'ka-b2c'),
('3aaa04d7-4737-4155-8a0f-3451b9f96a3d', 'ka-b2c'),
('ec0d5107-0202-4c54-8def-56c8b02e6045', 'ka-b2c'),
('b924d80c-3220-4ba1-9c1c-1f11d5bffee9', 'ka-b2c'),
('36cf9011-b594-4849-bede-24cab99c825b', 'ka-b2c'),
('786ade59-b242-4d67-9155-1922ef0b72bf', 'ka-b2c'),
('9b2b4487-cb25-46ec-9fae-bca2a850691c', 'ka-b2c'),
('89e89e2b-4922-4a4f-9b64-cff10adb4a8b', 'ka-b2c'),
('805730ce-4acb-4268-8ecc-5dc6406f1982', 'ka-b2c'),
('9382ae75-a911-4ae3-9e50-db7348abafcc', 'ka-b2c'),
('85069b4f-22d5-4c0a-be2e-b7a6b50422ee', 'ka-b2c'),
('9ca53a20-b200-4b57-8478-708a3626b72b', 'ka-b2c'),
('1c63fa2e-0db7-4f5c-855e-6ec99d93fe6d', 'ka-b2c'),
('49f469ee-a687-4dc2-8879-69c209711cf9', 'ka-b2c'),
('3fee8ef9-5b57-4765-a3fd-824b59a6fb81', 'ka-b2c'),
('356e2dc2-cbef-42a0-b248-e99d34c98158', 'ka-b2c'),
('a2a881dc-a616-468b-a046-29da1e8c88d7', 'ka-b2c'),
('b2e1db8b-b4eb-41cb-8e31-6d49c0c607d6', 'ka-b2c'),
('1bb26a56-61f5-404e-99c4-96461e76e234', 'ka-b2c');
