-- Batch 50 (200 records)
INSERT INTO contacts (id, first_name, last_name, email, phone, company, address) VALUES
('3496b4b3-455b-4ad0-b2b5-b1a7cbb78a59', 'Hertig Philipp und Mirjam', '(-Tribelhorn)', 'p.hertig@hhertig.ch', '', NULL, 'Panoramaweg 12A, 5610 Wohlen AG, AG'),
('7d2b0314-bc5f-4007-b8e7-491cd13cb178', 'Hertig', 'Simon', 's.hertig@bluemail.ch', '', NULL, 'Rüppi 193, 3508 Arni BE, BE'),
('a70b8d7b-eeb9-458f-91f0-396cc5e2f638', 'Hertig Thomas und', 'Michelle', 'skynetinfo184@gmail.com', '', NULL, 'Mahrenstrasse 140b, 4654 Lostorf, SO'),
('5dea4c1c-7d55-4397-b2e9-a2b10d26d0ea', 'Hertig', 'Ulrich', 'ulrich.hertig@gmx.ch', '', NULL, 'Mühlackern 8, 3264 Diessbach b. Büren, BE'),
('32b9ea83-ea71-494f-8325-4bb2b6550503', 'Hertzeisen', 'Sophie', 'sophiehertzeisen@gmail.com', '41797897463', NULL, 'Les Campagnols 8, 2710 Tavannes, BE'),
('187b3e4a-9611-4ffc-b212-be4ca947744e', 'Herz', 'Marc', 'marcjherz@gmail.com', '', NULL, 'Austrasse 29, 4051 Basel, BS'),
('88a2663c-9b49-4f68-9cd6-3b40fe8d20c0', 'Herzig', 'Jeannette', 'jeannette.herzig@bluewin.ch', '', NULL, 'Schorenstrasse 36, 4900 Langenthal, BE'),
('5575694f-f65d-4183-94e2-e5ee58051508', 'Herzig Marlene und Wyler Ruedi', '(-Thomet)', 'info@mgh-teddybears.ch', '41793306932', NULL, 'Rörswilstrasse 43, 3065 Bolligen, BE'),
('073a5196-9625-4ff6-bd0f-0e05e2cae910', 'Herzig', 'Martin', 'boese_onkelz@hotmail.com', '41786166742', NULL, 'Lerchenfeldstrasse 67d, 3603 Thun, BE'),
('11a8d8de-f43f-4a6f-badb-450728d5dd56', 'Herzig Urs, Regina, Stefan und Beatrice', '(-Dietler)', 'urs_herzig@bluewin.ch', '', NULL, 'Hutzmannweg 2, 4202 Duggingen, BL'),
('958c9248-3c5b-4e60-abd6-77bfe448f0ff', 'Herzig Ursula', '(-Berger)', 'ursulaherzig@bluewin.ch', '', NULL, 'Farbstrasse 11, 8800 Thalwil, ZH'),
('2e2ee794-419d-4178-a6e0-8af8f6cdcde9', 'Herzka Heinz Stefan', '(-Nil)', 'herzkaprof@bluewin.ch', '', NULL, 'Nelkenstrasse 7, 8006 Zürich, ZH'),
('2b5268ea-6e18-4aec-92a7-218258a0cd95', 'Herzog', 'Adolf', 'a.herzog@kfn-ag.ch', '41797710825', NULL, 'Am Saumweg 21, 6370 Stans, NW'),
('2a8103b5-d17c-4ccb-9ecd-20608d817499', 'Herzog Alfred und Madeleine', '(-Meier)', 'alfred.herzog@bluewin.ch', '', NULL, 'Bruechstrasse 101, 8706 Meilen, ZH'),
('347c7b20-666d-4363-99ef-def3c0f0f130', 'Herzog', 'Andreas', 'a.herzog@bluewin.ch', '41789119580', NULL, 'Wiesen 2479, 9100 Herisau, AR'),
('19218f9d-9f87-4e37-ad9c-a4a150d69c34', 'Herzog B and B', 'Dorf-Schmiede', 'info@dorf-schmiede.ch', '41774297471', NULL, 'Bachstrasse 1, 8555 Müllheim Dorf, TG'),
('336ebb67-e79b-411e-be97-704bb69d0db0', 'Herzog', 'Beat', 'beat-o.herzog@bluewin.ch', '', NULL, 'Mühleweg 30, 4105 Biel-Benken BL, BL'),
('f38883be-fb62-4c99-8684-71dde84a6485', 'Herzog Beat und Monica', '(-Arquint)', 'herzquint@bluewin.ch', '', NULL, 'Oberdorfstrasse 9, 8463 Benken ZH, ZH'),
('1c7cf027-075c-46ba-a3f1-9b7d01365556', 'Herzog', 'Erika', 'erika@wohndecor.ch', '41763816975', NULL, 'Hauptstrasse 37, 9422 Staad SG, SG'),
('1a7db342-dd26-44a7-a3db-aa33a20b4e1f', 'Herzog Fanny', '(-Geiger)', 'fanny.herzog@bluewin.ch', '', NULL, 'Untere Seestrasse 44, 8272 Ermatingen, TG'),
('51e9ca5d-f5d1-436e-9f24-27780ddd0c85', 'Herzog Hedy', '(-Haefelin)', 'herzogurs@bluewin.ch', '', NULL, 'Josef Müller-Strasse 2, 4500 Solothurn, SO'),
('dd7fef3e-83f9-4cd3-b6eb-b8314b8a0ee2', 'Herzog', 'Heinz', 'hherzog@swissonline.ch', '', NULL, 'Schwerzenbachstrasse 7A, 8604 Volketswil, ZH'),
('eb026e71-3e83-4f83-bc3d-895ac23e63f7', 'Herzog', 'Hermann', 'hermann.herzog@bluewin.ch', '', NULL, 'Mühlegasse 28, 5070 Frick, AG'),
('a3b907ba-5fef-42fb-9602-ed4158ad1a85', 'Herzog', 'Jonas', 'orgel.herzog@gmx.ch', '41792000125', NULL, 'Rosenstrasse 1, 5426 Lengnau AG, AG'),
('404f72fb-9f9a-4b17-8adc-6dc14cede0a4', 'Herzog', 'Josef', 'josef.herzog@gmx.ch', '', NULL, 'Obere Bachdellen 356, 5075 Hornussen, AG'),
('6b22ee72-9d29-4797-a65b-c66eda962000', 'Herzog', 'Jürg', 'info@helsecon.ch', '', NULL, 'Bachstrasse 21, 9425 Thal'),
('24adefc7-41c5-497d-9479-92a7aa82abd1', 'Herzog Karl und Rösli', '(-Höchli)', 'karl.j.herzog@bluewin.ch', '', NULL, 'Schulstrasse 6, 5075 Hornussen, AG'),
('2cf9419e-cf84-4ee1-925d-5789bd2757f8', 'Herzog Landu (Marie-Cécile), Nicole, Philippe und Solange', '(-Kuelo)', 'mcherzog@bluewin.ch', '', NULL, 'Hochwiesenstrasse 14, 8370 Sirnach, TG'),
('a3cfeee0-0970-480d-bdda-d10dfe1e670a', 'Herzog Markus und', 'Catherine', 'mc.herzog@bluewin.ch', '', NULL, 'Wielsteinstrasse 42, 8500 Frauenfeld, TG'),
('07bc84a3-ecad-412c-b937-12697b9d6b2d', 'Herzog Markus und', 'Corinne', 'mherzog1@bluewin.ch', '', NULL, 'Chriesbaumstrasse 42, 8115 Hüttikon, ZH'),
('962a0e84-bd0b-4000-b2d4-f08822f964f4', 'Herzog Peter und Elisabeth', '(-Bader)', 'fam.herzog@swissonline.ch', '41792151279', NULL, 'Langmoosstrasse 4, 8135 Langnau am Albis, ZH'),
('becc1ea6-0b3c-405c-8358-de3c908e4428', 'Herzog', 'Pilar', 'pilar.herzog@bluewin.ch', '', NULL, 'Neuwingertstrasse 3, 8447 Dachsen, ZH'),
('9d0d1147-cbd7-47ae-90f2-23d0fa61413e', 'Herzog Robert und Lotti', '(-Soder)', 'lotti.herzog@bluewin.ch', '41794754068', NULL, 'Baslerstrasse 56, 4310 Rheinfelden, AG'),
('28785904-fdcb-4f69-817f-beed0671b569', 'Herzog Roland', '(-Gaio)', 'rherzog@bluewin.ch', '', NULL, 'Sonnhalde 18, 8547 Gachnang, TG'),
('a81d94ae-77fc-458f-af17-101da1287a8d', 'Herzog Roland und Doris', '(-Stutz)', 'herzog.stutz@bluewin.ch', '', NULL, 'Reussblickstrasse 4, 5621 Zufikon, AG'),
('8a6f35e2-d550-4978-bb67-21e5498d813d', 'Herzog', 'Sandra', 'herzog@email.ch', '41796578602', NULL, 'Im Lichs 3, 4310 Rheinfelden, AG'),
('4bc56d1d-ffd8-4d5f-97fc-76839b6e3ae4', 'Herzog', 'Stephan', 'ste.herzog@bluewin.ch', '41794208843', NULL, 'Hasenackerstrasse 42B, 8708 Männedorf, ZH'),
('dc52e351-b4cf-4338-ae3b-08aa8339e3ca', 'Herzog Theresa', '(-Zimmermann)', 'theresa.herzog@pfarreibaden.ch', '41796889187', NULL, 'Pilgerstrasse 37, 5405 Dättwil AG, AG'),
('36f43a8a-ecc8-4041-b892-153bc28950ff', 'Herzog', 'Verena', 'v.heg@bluewin.ch', '41795497222', NULL, 'St. Gallerstrasse 2A, 8716 Schmerikon, SG'),
('9865874d-003b-4b78-92e5-40532e4d17eb', 'Herzog Walter und', 'Jurai', 'zuenikon@bluewin.ch', '', NULL, 'Zünikon 39, 8543 Bertschikon, ZH'),
('d282756c-1910-42d3-8e83-e9a60beda4de', 'Hess (Noser)', 'Eva', 'info@wunschseminare.ch', '41792663778', NULL, 'Taubenweg 3, 5737 Menziken, AG'),
('5d44777a-96c4-4950-8b56-f6810bbfc060', 'Hess', 'Antoinette', 'ahess-felber@gmx.ch', '', NULL, 'Bahnhofstrasse 24, 6210 Sursee, LU'),
('62332230-7898-4f72-951c-4d2e0524a367', 'Hess', 'Beat', 'beatrix-beat@bluewin.ch', '41796766249', NULL, 'Moosstrasse 28, 4562 Biberist, SO'),
('541332a5-b7aa-43a7-86e4-0e26e48f8f63', 'Hess Bianca und Valentino', '(-Vecellio)', 'valentino-hess@bluewin.ch', '', NULL, 'Symondsstrasse 7, 7270 Davos Platz, GR'),
('0f402a5d-fec0-4452-a327-3faf5d03d420', 'Hess Cécile und Hanspeter', '(-Erne)', 'hess2002@bluewin.ch', '41796024168', NULL, 'Mörlerstrasse 10, 8248 Uhwiesen, ZH'),
('f1ec887f-589f-4f93-8444-81b806e0fe00', 'Hess', 'Daniel', 'dan.hess@bluewin.ch', '', NULL, 'Rebbergstrasse 5, 8425 Oberembrach, ZH'),
('c615cb81-f7ea-4a89-b5f3-2f35377e61bd', 'Hess Erich und Anita', '(-Boesch)', 'e_hess@besonet.ch', '41793602403', NULL, 'Ringstrasse 11, 4558 Winistorf, SO'),
('7e0663a3-6352-4ca3-95f7-58b307bf1f30', 'Hess', 'Ernst', 'ernst@karusellvermietung.ch', '41794681100', NULL, 'Ueberlandstrasse 420, 8051 Zürich, ZH'),
('6d8a4e22-9a2c-4293-a700-f544f836e949', 'Hess Ernst und', 'Sonja', 'ehess@bluewin.ch', '41797848020', NULL, 'Brühlstrasse 90, 9320 Arbon, TG'),
('f01b262c-da30-48a2-b41c-ff49f1386f9a', 'Hess', 'Fredi', 'info@holz-in-form.ch', '41793413449', NULL, 'Hofen 117B, 4943 Oeschenbach, BE'),
('d1ed3de4-727b-4a84-86ac-066071acf8d1', 'Hess Georg und', 'Elisabeth', 'georghess@bluewin.ch', '41793301405', NULL, 'Les Lagas 175, 2536 Plagne, BE'),
('6e03e46f-897a-407a-9877-395fd823771a', 'Hess', 'Hanspeter', 'hp.hess@swissonline.ch', '41792438343', NULL, 'Kasernenstrasse 125, 7000 Chur, GR'),
('2daad012-d2f8-4e83-aec6-1ffbaac85169', 'Hess', 'Hansueli', 'hess-hansueli@pop.agri.ch', '', NULL, 'Rösliacherweg 1, 5503 Schafisheim, AG'),
('ee679dbd-047b-440c-9b73-70ce82c5ad54', 'Hess Irène (-von', 'Arx)', 'irene_hess@bluewin.ch', '41763230925', NULL, 'Keltenstrasse 13, 4106 Therwil, BL'),
('bc0d58e6-ab25-4afe-a378-68ba8c1a2f44', 'Hess Jakob und', 'Liselotte', 'jakob.hess@bluewin.ch', '41793301357', NULL, 'Sonnhaldenweg 31, 3506 Grosshöchstetten, BE'),
('182271c5-6edb-45a3-ada1-3b8010330b37', 'Hess', 'Klaus', 'klaus.hess1@bluewin.ch', '41793262220', NULL, 'Mattackerstrasse 2, 8052 Zürich, ZH'),
('e070bb98-d3f3-4d7a-99db-3c0bbf7a0bb4', 'Hess Kurt und Elisabeth', '(-Simmler)', 'hess@i-cv.ch', '41774317757', NULL, 'Hurbigstrasse 16, 8454 Buchberg, SH'),
('2e83c8ba-d2cd-43b4-a83c-8ac85e2cd314', 'Hess Marc und', 'Marianne', 'marc.hess@bluewin.ch', '', NULL, 'Sonneggrain 920, 5728 Gontenschwil, AG'),
('f63e4ad4-c29a-4a39-be66-5d752e9c6a92', 'Hess', 'Margrit', 'margrithess@aol.com', '41794357956', NULL, 'Neulandweg 13, 5036 Oberentfelden, AG'),
('8ec27b85-f3ff-49be-9e2c-6794d66ed187', 'Hess Markus und', 'Karin', 'hekamar@bluewin.ch', '41786493870', NULL, 'Helmweg 32, 8405 Winterthur, ZH'),
('ec2451f5-efe1-4af4-b392-f4c7f9010a53', 'Hess Max u. Rita', '(-Leu)', 'hessmax@swissonline.ch', '', NULL, 'Waggitalstrasse 18, 8820 Wädenswil, ZH'),
('ba5b773d-9f37-49dc-9474-a8359aaf909f', 'Hess Paul und Ursula', '(-Hodel)', 'hesshuttu@bluewin.ch', '41792414370', NULL, 'Bahnhofstrasse 5, 4950 Huttwil, BE'),
('cdd101dc-b793-4f07-9743-13eefb6919f4', 'Hess Peter und Elisabeth', '(-Hügli)', 'hessp@solnet.ch', '', NULL, 'Zieglerweg 6, 4500 Solothurn, SO'),
('8347d090-d525-4897-9e80-e38a02bd5df4', 'Hess', 'Rolf', 'info@ferienvideo.ch', '', NULL, 'Heimatstrasse 1, 9034 Eggersriet, SG'),
('3269b475-4ed2-4c0d-b669-bc6ac7b6fa6f', 'Hess Rolf, Gabriela, Anouk und Lenny', '(-Kramer)', 'rolf_hess@bluewin.ch', '', NULL, 'Schlösslibuckweg 3, 5330 Bad Zurzach, AG'),
('6f7486e1-65c8-4f4f-b1b1-24ed9432cdd3', 'Hess', 'Sonja', 'sonja.hess65@gmail.com', '41797560678', NULL, 'St. Jakobstrasse 77, 4133 Pratteln, BL'),
('82c2dbbf-0840-40ca-991e-1026fbf24030', 'Hess', 'Stefan', 'info@stefanhess.ch', '', NULL, 'Kirchweg 62, 8245 Feuerthalen, ZH'),
('04a74cd0-098c-4d6f-86a4-676d643cb23d', 'Hess', 'Stefanie', 'lichtpunkt@gmx.ch', '41764551454', NULL, 'Lehmattstrasse 3, 4495 Zeglingen, BL'),
('97884513-176b-4f2b-a5f6-0b0da5cbe01c', 'Hess', 'Thomas', 'hess.thom@bluewin.ch', '41794634665', NULL, 'Etzbergstrasse 19D, 8405 Winterthur, ZH'),
('ce33cb7b-87ba-4262-a2c1-a0e9780b5c86', 'Hess Toni und', 'Romy', 'hess.toni@bluewin.ch', '41794355419', NULL, 'Schachenstrasse 7, 6030 Ebikon, LU'),
('b178d69d-ab77-44f3-8afc-3de3df26cc1e', 'Hess', 'Ulla', 'ulla.hess@intergga.ch', '', NULL, 'Hügelweg 21, 4143 Dornach, SO'),
('c9f1ee8e-b112-4823-be00-625fb6dd1da9', 'Hess Urs und Christina', '(-Bertoni)', 'urshess@bluewin.ch', '', NULL, 'Regensbergstrasse 10, 8302 Kloten, ZH'),
('24cfe5d3-a898-471d-95af-2d739a61c5f3', 'Hess', 'Walter', 'waltihess@gmx.net', '', NULL, 'Obere Heferen 10, 8636 Wald ZH, ZH'),
('aa0435cb-1bf0-4285-b2f8-7f08a7c49dcd', 'Hess', 'Zina', 'zinahess@hotmail.ch', '41763443450', NULL, 'Rütihofstrasse 3, 8248 Uhwiesen, ZH'),
('d3d42259-452b-436e-9dbc-9b87cfd498c2', 'Hesse Ludwig und', 'Ida', 'idahesse@bluewin.ch', '', NULL, 'Freudenberg 67, 9542 Münchwilen TG, TG'),
('a7ab7cd9-c44e-4308-868a-cda10a07fdbf', 'Heuberger Alois Sigmund und Phongsri Thabea', '(-Prompink)', 'as.heuberger@bluewin.ch', '', NULL, 'Grafschaft 2, 8143 Stallikon, ZH'),
('1e21f691-08e8-4b16-af69-32e55c8d3bb7', 'Heuberger Angelo und', 'Muriel', 'heubergerbassin@bluewin.ch', '', NULL, 'Spetzgerweg 19, 7250 Klosters, GR'),
('ba565c3d-cfd3-4f53-a013-1844ed13af31', 'Heuberger Kristin und', 'Paul', 'polterav@bluewin.ch', '41796054716', NULL, 'An der Specki 32, 8053 Zürich, ZH'),
('4f0b649f-8a4f-42c9-be75-45f44fb5e210', 'Heuberger Pius u. Annemarie', '(-Rauchenstein)', 'pheuberger@bluewin.ch', '', NULL, 'Oberdorfstrasse 21B, 8853 Lachen SZ, SZ'),
('8bcf996a-0cfb-4254-95f0-0d265c4f9687', 'Heuberger Robert', '(-Balsiger)', 'robert.heuberger@hispeed.ch', '41762262728', NULL, 'Alpenblickstrasse 22, 8853 Lachen SZ, SZ'),
('0013f952-bca6-4bdc-ae55-21a07747936a', 'Heuberger', 'Sacha', 'talgarage@bluewin.ch', '', NULL, 'Wägitalstrasse 43, 8854 Siebnen, SZ'),
('86fd291a-142c-48a7-bb09-ac8e3396c5f8', 'Heubi', 'Hans', 'hansheubi@gmail.com', '41786293405', NULL, 'Doldenstrasse 12, 8565 Hugelshofen, TG'),
('382bc693-caed-4191-9e2f-d96885170b78', 'Heuer Jack W.', '(-Petitpierre)', 'jack.heuer@bluewin.ch', '', NULL, 'Brunnadernrain 3B, 3006 Bern, BE'),
('01efe101-02ee-4b84-966f-5e7c773b596e', 'Heuer Susanna', '(-Ackermann)', 'sheuer@thurweb.ch', '41797734818', NULL, 'Hintere Bahnhofstrasse 11, 9556 Affeltrangen, TG'),
('bd2a23f5-b60d-4e68-a5ef-466ca5e658e8', 'Heule Andreas, Judith und Melanie', '(-Schibli)', 'andreas.heule@bluewin.ch', '41794727766', NULL, 'Langäckerstrasse 6, 5442 Fislisbach, AG'),
('d6894bf4-c002-4ff0-9532-c85d51560f81', 'Heule', 'Christine', 'heulechristine@hotmail.com', '41797015958', NULL, 'Wegenstetterstrasse 252, 4325 Schupfart, AG'),
('0e851e27-6b20-46ff-961a-ff656c4e46c4', 'Heule Egon und Heidi', '(-Steffen)', 'egon.heule@bluewin.ch', '', NULL, 'Fluhweg 14B, 5412 Gebenstorf, AG'),
('ed5359c1-617c-4142-809f-a57dad08dd92', 'Heusler', 'Pius', 'heupius@hispeed.ch', '41764321374', NULL, 'Flurstrasse 1, 5415 Nussbaumen AG, AG'),
('e9133121-e07d-413e-8f0b-199740c812fd', 'Heuss Manfred und', 'Helen', 'h-m-heuss@bluewin.ch', '41796680213', NULL, 'Forchstrasse 152, 8032 Zürich, ZH'),
('aeec1bca-f856-48b4-ac81-ed55c1c773b7', 'Heuss Robert und Christine', '(-Lüdin)', 'robert.heuss@balcab.ch', '41793225534', NULL, 'Eichhornstrasse 14, 4059 Basel, BS'),
('a74607e3-a8ee-40f3-b9ef-bd91290dfd20', 'Heusser', 'Daniela', 'info@danielaheusser.com', '', NULL, 'Weiherstrasse 6, 9607 Mosnang, SG'),
('4604508d-7360-4174-8e3c-7c30b7241491', 'Heusser Haller', 'Ruth/Runa', 'r.heusser@bluewin.ch', '41794500912', NULL, 'Girtannerstrasse 19, 9010 St. Gallen, SG'),
('ec9f23f7-630c-4e5a-a423-a2c9a94fb135', 'Heusser Johannes und', 'Anita', 'info@frowies-honig.ch', '', NULL, 'Frowiesstrasse 21, 8345 Adetswil, ZH'),
('48ce13e6-12e3-46ed-af78-a55abfbc9243', 'Heusser', 'Max', 'maxheusser@hotmail.com', '41796735188', NULL, 'Zürichstrasse 24A, 8413 Neftenbach, ZH'),
('b10690ca-3a78-441e-945f-95817ebfe3cc', 'Heusser', 'Simon', 'heusser_simon@hotmail.com', '', NULL, 'Eichholzstrasse 5b, 8614 Bertschikon (Gossau ZH), ZH'),
('da494af9-4c71-4360-9418-bffdff60f698', 'Heussi', 'Rolf', 'garage_heussi@bluewin.ch', '', NULL, 'Ennetlintherstrasse 26, 8783 Linthal, GL'),
('a25ef1c0-0e8e-4be0-9e8b-f52563204670', 'Heutschi', 'Heinz', 'info@hapbinz.ch', '', NULL, 'Zürichstrasse 212, 8122 Binz, ZH'),
('540f8c74-809e-4816-a81e-a26bd79e2ed5', 'Heutschi', 'Maic', 'maicheutschi@sunrise.ch', '41798302809', NULL, 'Interlakenstrasse 10, 3705 Faulensee, BE'),
('fa61b589-e4a1-4be7-a07f-b2bd1719fbdc', 'Heutschi Regula', '(-Vogel)', 'regula@digiarts.ch', '41787070472', NULL, 'Hohlenstrasse 45B, 2540 Grenchen, SO'),
('4b51bfb2-cf9d-4861-97b5-61285787cb5a', 'Heutschi Roland und Silvia', '(-Urben)', 'info@silviaheutschi.ch', '', NULL, 'Rainmattenweg 18, 4710 Balsthal, SO'),
('e77e3898-47f7-4585-81d6-6b4856715ea8', 'Hew Christian', '(-Neef)', 'chrhew@bluewin.ch', '41797687152', NULL, 'Büelweg 8, 7252 Klosters Dorf, GR'),
('2d1a72dc-8e07-49ce-9123-09e46d40547c', 'Hew', 'Thomas', 'thomas.hew@bluewin.ch', '41787267334', NULL, 'Aeschholzstrasse 11, 8127 Forch, ZH'),
('13e5b7f9-1f25-4d89-bb54-07f9ba10920a', 'Hewel', 'Manfred', 'hewel_manfred@bluewin.ch', '', NULL, 'Via Tuarga 6, 7013 Domat/Ems, GR'),
('6a29bd38-3f26-437b-b834-b1b8bf03dde1', 'Hewlett Annegret', '(-Göldi)', 'annegret.hewlett@bluewin.ch', '', NULL, 'Tavelweg 8, 3006 Bern, BE'),
('010f7381-46ae-4dd5-97be-11ebdb7cbdaf', 'Heydrich', 'Iris', 'i.heydrich@bluewin.ch', '', NULL, 'Waldweg 30, 6005 Luzern, LU'),
('120cedfa-bfbb-4351-ae6d-40066397f2a4', 'Heyll Lydia', '(-Kronig)', 'heyll@bluewin.ch', '41797578824', NULL, 'Gustav-Maurer-Strasse 2, 8702 Zollikon, ZH'),
('b3cdf931-cbec-42d6-b887-dd468087823c', 'Heyn', 'Johannes', 'hk.heyn@gmx.ch', '41799508455', NULL, 'Kantonsschulstrasse 20, 8180 Bülach, ZH'),
('f05baf4f-aad1-4b6f-ac3e-439e10261640', 'Heynen Beat und Gabrielle', '(-Moccand)', 'beat.heynen@bluewin.ch', '', NULL, 'Feldmatt 4, 6204 Sempach, LU'),
('abb5e3f4-4e6a-4668-a26d-ac09f53dd77c', 'Heynen Daniel und Claudia', '(-Zemp)', 'claudia.heynen@bluewin.ch', '41793048400', NULL, 'Maiglöggliweg 28, 3027 Bern, BE'),
('bdade90c-596b-4ceb-b04b-1ddd9ff6b71a', 'Hickenbick', 'Cornelia', 'info@coiffeurhickenbick.ch', '', NULL, 'Zürcherstrasse 44, 8953 Dietikon, ZH'),
('6d04d16b-9e79-498d-8e11-0208b8364b6d', 'Hicklin', 'Martin', 'martin.hicklin@bluewin.ch', '', NULL, 'Nadelberg 14, 4051 Basel, BS'),
('11aebfe6-3bfb-4c6d-acce-4bf27cdaa36b', 'Hicklin', 'Thomas', 'info@lichtschirm.com', '', NULL, 'Ahornstrasse 28, 4055 Basel, BS'),
('4618f3d6-7e4f-4d48-8d06-ef63debf0bab', 'Hidber', 'Andreas', 'mail@andreashidber.com', '', NULL, 'St. Alban-Kirchrain 2, 4052 Basel, BS'),
('8255d1d3-8087-485c-86f8-b7181b02a8fc', 'Hidber', 'Franz', 'franz.hidber@bluewin.ch', '41796113274', NULL, 'Seestrasse 40, 7310 Bad Ragaz, SG'),
('cffb53de-8a9f-4742-8f61-f861686589d3', 'Hidber Hans und Helen', '(-Flury)', 'hidber@rsnweb.ch', '', NULL, 'Klosterweg 4, 8887 Mels, SG'),
('2ea9bac0-9bba-4f0f-8962-58344bbc0e89', 'Hieke Peter', '(-Jauslin)', 'peter.hieke@bluewin.ch', '41793004861', NULL, 'Bodenacker 13, 3065 Bolligen, BE'),
('d0324737-97ce-4319-83aa-5ce4d720962f', 'Hiestand Gerda und', 'Christoph', 'alhie@bluewin.ch', '', NULL, 'Lättenweg 4, 8335 Hittnau, ZH'),
('30c59f52-838e-4917-a6f2-aa2e8c6c6486', 'Hiestand Jasmin', '(-Litscher)', 'jasmin.hiestand@bluewin.ch', '41797288786', NULL, 'Schorenstrasse 7C, 5734 Reinach AG, AG'),
('c1758363-0b88-4743-8614-780e8ff7593e', 'Hiestand Rosemarie und Peter', '(-Nauer)', 'peter.hiestand@vtxmail.ch', '', NULL, 'Schönenbuchstrasse 13, 4123 Allschwil, BL'),
('e02a1b84-491d-43a1-a64f-3f27bf00ef72', 'Hiestand Walter und Silvia', '(-Ammann)', 'whw52@hispeed.ch', '', NULL, 'Wermatswilerstrasse 13, 8610 Uster, ZH'),
('e5c7bc69-645b-469e-9269-1105fd8badcc', 'Hilal Theo und Sylvia', '(-Karrer)', 'theo.hilal@gmail.com', '41763775266', NULL, 'Südstrasse 2, 8800 Thalwil, ZH'),
('614d6b0c-54ed-4187-adbd-36e3ed5f2347', 'Hilber', 'Arthur', 'info@elektrocom.ch', '', NULL, 'Rehetobelstrasse 95, 9016 St. Gallen, SG'),
('0e333519-ed83-4acf-8189-a657fe849a32', 'Hilber', 'Renate', 'renatehilber34@gmail.com', '41795225233', NULL, 'Baderstrasse 10, 8400 Winterthur, ZH'),
('614081a3-6673-4625-83e8-29e0711677f7', 'Hilbert', 'Andreas', 'andreas@hilbert.ch', '', NULL, 'Weinbergstrasse 95, 8006 Zürich, ZH'),
('21713b10-0694-424f-91ff-dc1444797b2a', 'Hilbrand', 'Stefan', 'stefanhilbrand@yahoo.com', '', NULL, 'Hölderlinstrasse 6, 8032 Zürich, ZH'),
('3094bff7-646b-49bf-b54d-d66a7d791a4f', 'Hildbrand', 'Robert', 'hildbrand@bluewin.ch', '', NULL, 'Chalenstrasse 9, 8123 Ebmatingen, ZH'),
('2d2d45f2-7e0e-4e92-bb8e-965fc915b720', 'Hildebrand', 'Andreas', 'andreas@hildebrand.com', '41792243204', NULL, 'Fichtenstrasse 4, 9230 Flawil, SG'),
('6694b3a7-ad0d-4bb3-8839-13c0928a51f0', 'Hildebrand', 'Bruno', 'bru.hildebrand@hotmail.com', '', NULL, 'Schuppisstrasse 34, 9403 Goldach, SG'),
('8bcafc8f-b563-427e-a6ac-99e0505d7e33', 'Hildebrand Rita u. Bert', '(-Hutter)', 'rhildebrand@datacomm.ch', '', NULL, 'Gasterweg 29, 8730 Uznach, SG'),
('d2b53971-60b7-4c79-b920-51b01db87d6b', 'Hildebrandt', 'Michaela', 'info@michaelahildebrandt.com', '', NULL, 'Weinberglistrasse 29, 6005 Luzern, LU'),
('dd066756-164c-4319-8fb5-380f97bc65a6', 'Hilfiker Benedikt und', 'Alice', 'b.hilfiker@triplus.ch', '', NULL, 'Sonnefeld 24, 6012 Obernau, LU'),
('882bbc02-4916-4299-b9a8-17ea24183062', 'Hilfiker', 'Bruno', 'brunohilfiker@hispeed.ch', '41788351576', NULL, 'Zofingerstrasse 2, 4805 Brittnau, AG'),
('c8970606-9ce9-4613-9c2c-bb0c45b2c0a2', 'Hilfiker', 'Rosmarie', 'rosmarie.hilfiker@bluewin.ch', '', NULL, 'Schulstrasse 23, 5012 Schönenwerd, SO'),
('fb227a11-cfde-4269-8e94-a0e79f05e3d4', 'Hilgers Karl-Heinz und', 'Christine', 'hilgers@bluewin.ch', '41796693587', NULL, 'Kirchstrasse 39, 9400 Rorschach, SG'),
('d5a5ffd2-2a9f-42e1-9003-1fee0fe12261', 'Hillen', 'René', 'rene-hillen@freesurf.ch', '', NULL, 'Langweidstrasse 3, 8624 Grüt (Gossau ZH), ZH'),
('6d53615c-503d-495b-9d04-ff2df6888b2b', 'Hiltbrunner Arnold und Madeleine', '(-Kramer)', 'arn.hiltbrunner@bluewin.ch', '', NULL, 'Haldensteig 2, 5316 Leuggern, AG'),
('21ad4349-b8a7-4c76-8764-65c612c36fd8', 'Hiltbrunner Peter und Monique', '(-Grimbühler)', 'pmc.hilt@hispeed.ch', '', NULL, 'Etzelstrasse 2a, 8635 Dürnten, ZH'),
('4c522c57-a833-4b61-af19-355700c90562', 'Hiltbrunner', 'Renate', 'renate@hilti-gravuren.ch', '41787304737', NULL, 'Birkenstrasse 16, 6152 Hüswil, LU'),
('6b55ba9e-ac3d-4b0f-9c33-3a4f297d8a6f', 'Hiltebrand', 'Daniel', 'daniel.hiltebrand@gmx.net', '', NULL, 'Rebenweg 13, 8332 Russikon, ZH'),
('a81098f8-e452-47e9-819a-c92c95b5cb64', 'Hiltebrand', 'Remo', 'r.hiltebrand@bluewin.ch', '', NULL, 'Obere Lättenstrasse 15, 8185 Winkel, ZH'),
('5cde7c02-9935-43f5-a419-0bc64be78d3f', 'Hiltmann', 'M.', 'mf.hiltmann@bluewin.ch', '', NULL, 'Bibenlosstrasse 45, 5620 Bremgarten AG, AG'),
('b17c6e21-527c-40b6-9d1d-54fa97075712', 'Hilty Liliane und', 'Robert', 'hilty@bas.ch', '', NULL, 'Nüberichstrasse 51, 5024 Küttigen, AG'),
('ea32d46f-f2ca-469a-b523-96ee2e82a0dc', 'Hilty René und', 'Regula', 'r_hilty@bluewin.ch', '', NULL, 'Frohlweg 3, 9470 Buchs SG, SG'),
('1a3a78fa-de18-451b-bdba-fff16686ad5c', 'Hilty Susanne und', 'Roland', 'susanne.hilty@i-service.ch', '', NULL, 'Hirtenstallweg 6, 8805 Richterswil, ZH'),
('cfc2ec1a-c17c-4c09-b196-4889e9ae094d', 'Hilzinger', 'Urs', 'urs.hilzinger@gmx.ch', '41792495566', NULL, '8547 Gachnang, TG'),
('cb77522d-ac1b-4433-8510-2494cb3a6539', 'Himmelberger', 'Daniel', 'd.himmelberger@gmx.ch', '', NULL, 'Berchtoldstrasse 44, 3012 Bern, BE'),
('64c7b540-fb1d-481c-b2fc-2c558d5a8dfe', 'Himmelberger', 'Peter', 'peter@himmelberger.ch', '41796354050', NULL, 'Landbergstrasse 48C, 9230 Flawil, SG'),
('7d45ad6d-f874-458b-96f8-3a69c56efd92', 'Himmelberger Roman und', 'Norina', 'bifisworld@bluewin.ch', '', NULL, 'Oberdorfstrasse 111, 9100 Herisau, AR'),
('4d92e203-f82d-472c-8d16-08ffd5aa20f4', 'Himmelrich Urs', '(-Spettel)', 'urs@himmelrich.ch', '', NULL, 'Lilienstrasse 8, 5200 Brugg AG, AG'),
('94ac2fa9-e57a-47c5-ad23-889c980e748d', 'Hinden Erwin, Helena, Melanie und Denise', '(-Cardino)', 'lenahinden@bluewin.ch', '', NULL, 'Prà da Bügl 846, 7550 Scuol, GR'),
('12aaa007-4153-4200-a3b7-786526d16e0a', 'Hinden', 'Heinz', 'heinz@hinden.com', '', NULL, 'Bergstrasse 5, 5073 Gipf-Oberfrick, AG'),
('2663a6e8-964f-49a2-a471-a6cc741d078f', 'Hinder', 'Daniel', 'daniel.hinder@solveras.ch', '', NULL, 'Brunnacherstrasse 2, 8904 Aesch ZH, ZH'),
('277db91b-63e0-4d26-b22d-e7baad51a3a2', 'Hinder Eugen, Lukas und', 'Matthias', 'eugen.hinder@neuropsychologe.ch', '', NULL, 'Klusbachweg 3, 8616 Riedikon, ZH'),
('472de39a-610f-47f6-9943-3879d3fd3650', 'Hinder Tanja und Raphael', '(-Barth)', 'tanja.hinder@swissonline.ch', '41796717433', NULL, 'Breitestrasse 13, 8458 Dorf, ZH'),
('c2c97b22-2e16-4cd6-805c-34b1acfbc45a', 'Hinder Thomas und Christine', '(-Raimann)', 'hinder.raimann@bluewin.ch', '41793079017', NULL, 'Weissensteinstrasse 27, 4059 Basel, BS'),
('01b50aa1-a185-43be-9aa0-817d8cdde5d5', 'Hinkelmann Knut, Anja, Jens und', 'Nils', 'family@hinkelmann.ch', '41788968424', NULL, 'Scheimatte 8, 4616 Kappel SO, SO'),
('015ea6b6-1954-4f6f-b807-0460f9f5b321', 'Hinnen', 'Peter', 'peterhinnen@access.ch', '', NULL, 'Poststrasse 36, 7000 Chur, GR'),
('0891afc2-24ed-4d2b-af56-b69b89241303', 'Hinni Marcel und Pia', '(-Gerber)', 'marcel.hinni@bluewin.ch', '', NULL, 'Burgerweg 9, 3238 Gals, BE'),
('e8c82f1c-8ecf-44af-bd8b-e58656092da7', 'Hinni Michel et Liliane', '(-Kneuss)', 'michel.hinni@bluewin.ch', '41796071492', NULL, 'Chemin des Mésanges 1, 2732 Reconvilier, BE'),
('7f2d0e75-f14f-4832-9070-23d7bd374e3c', 'Hinoran', 'Ursula', 'u.hinoran@gmail.com', '', NULL, 'Baselweg 99, 4147 Aesch BL, BL'),
('53667096-5b16-490d-a3c8-cd3bfc621998', 'Hinteregger Heinz und', 'Heidi', 'heinz.hinteregger@yahoo.de', '41796050304', NULL, 'Krummackerstrasse 6, 8902 Urdorf, ZH'),
('c3e170ac-d581-410b-a7bd-71016591e4ea', 'Hintermann', 'Philipp', 'info@hintermann.com', '', NULL, 'Kehlenstrasse 55, 5712 Beinwil am See, AG'),
('d8928844-4e4f-4fa7-8eda-62e7eb5efae4', 'Hintermann', 'Thomas', 'thhintermann@bluewin.ch', '', NULL, 'Technoparkstrasse 6, 8005 Zürich, ZH'),
('28e453f2-82cf-4702-a17f-6308f8cd4882', 'Hintsch Theres u. Robert', '(-Peter)', 'hintsch@bluewin.ch', '', NULL, 'Engemattstrasse 38, 8200 Schaffhausen, SH'),
('d3ca4b28-6617-467b-af3e-d2e83f5f2ad4', 'Hintzen', 'Johannes', 'hintzen@cah.de', '', NULL, 'Langnaustrasse 100, 3436 Zollbrück, BE'),
('9663ffc1-196f-4dd4-8868-1ae9cedc071c', 'Hippenmeyer', 'Catherine', 'hippenmeyer.catherine@bluewin.ch', '41794152577', NULL, 'Grand-Rue 94, 2746 Crémines, BE'),
('805eb0ee-59f5-4c60-b120-3e2c352d0259', 'Hirn', 'Markus', 'info@autoreisen-hirn.ch', '', NULL, 'Gaiserstrasse 147, 9050 Appenzell, AI'),
('d0e5ac94-7979-43fa-a054-684d66255d3a', 'Hirs Ernst und Elisabeth', '(-Hengartner)', 'hirs8522@bluewin.ch', '', NULL, 'Huzenwilerstrasse 10, 8522 Häuslenen, TG'),
('33619e33-d291-409a-ae43-c5a23ee6ddc4', 'Hirs Hans', 'Peter', 'hphirs@swissonline.ch', '', NULL, 'Seestrasse 147B, 8800 Thalwil, ZH'),
('168c8ce1-9fc5-4425-940f-bc1a3ce698c0', 'Hirsbrunner', 'Christian', 'c.hirsbrunner@gmx.ch', '41792028726', NULL, 'Rütistrasse 12, 3855 Schwanden b. Brienz, BE'),
('e1b4cd0a-18a0-4ae4-838b-625b12a36885', 'Hirsbrunner Elisabeth', '(-Herzog)', 'info@hirsbrunner.ch', '', NULL, 'Wislenboden 1034, 3076 Worb, BE'),
('8e0b0306-ac78-407c-9415-d4095823ac81', 'Hirsbrunner Heinz und Gabriella', '(-Comini)', 'info@sonomed.ch', '', NULL, 'Schulstrasse 107, 8105 Regensdorf, ZH'),
('ca7c3105-775b-4027-89e3-312a7d8b7097', 'Hirsbrunner Kurt', '(-Eggenschwiler)', 'k.hirsbrunner@bluewin.ch', '', NULL, 'Winkelweg 7, 4553 Subingen, SO'),
('06a30fc9-c93d-44c1-be88-864fd2908a21', 'Hirsbrunner Martin und Daniela', '(-Tellenbach)', 'martinhirsbrunner@hotmail.com', '', NULL, 'Tannenblickweg 12, 3052 Zollikofen, BE'),
('5671fbaa-38e1-4234-be6c-c6ded258393e', 'Hirsch', 'Christoph', 'christoph.hirsch@bluewin.ch', '41763959699', NULL, 'Trachtlistrasse 1, 3855 Brienz BE, BE'),
('64fd0b29-fe0f-448a-b218-b594638458da', 'Hirsch', 'Georg', 'ghirsch@tele2.ch', '', NULL, 'Weidstrasse 19, 5082 Kaisten, AG'),
('df9d2495-3c1d-4aa1-a14a-2e7f424b4bed', 'Hirsch', 'Ursula', 'denkraum@bluewin.ch', '', NULL, 'Freyastrasse 9A, 8004 Zürich, ZH'),
('94c0352a-86fe-40d0-8709-3e507c6a6cae', 'Hirschi Anita', '(-Isenschmid)', 'anita.hirschi66@gmail.com', '', NULL, 'Hangweg 3, 3125 Toffen, BE'),
('079000c9-349a-4c53-86ec-cb3825a92c5b', 'Hirschi', 'Barbara', 'info@barbara-training.ch', '41796010658', NULL, 'Alte Bernstrasse 12, 3205 Gümmenen, BE'),
('52cfa4bb-8f09-463a-925a-cf79832f60d7', 'Hirschi Brigitte, Sandra und Marco', '(-Michel)', 'hirschi53@bluewin.ch', '', NULL, 'Birgisgasse 3, 3855 Brienz BE, BE'),
('d9b978a0-c44e-4125-bcf8-9825163115cf', 'Hirschi Eric u. Agnes', '(-Grausz)', 'agnes.hirschi@gmx.net', '', NULL, 'Mühlestrasse 74, 3053 Münchenbuchsee, BE'),
('dbe98816-8167-4614-b034-16ca4edf73d3', 'Hirschi', 'Ernst', 'web@ehirschi.ch', '41774123288', NULL, 'Spitalstrasse 38, 4226 Breitenbach, SO'),
('734bf2a0-74ac-4571-a0f9-640c0969ee93', 'Hirschi', 'Frédéric', 'fhirschi@bluewin.ch', '41796916507', NULL, 'Grafenaustrasse 11, 6300 Zug, ZG'),
('c7c175f2-cf41-40fb-bc69-7d5a47ff8af1', 'Hirschi', 'Heinz', 'h.hirschi@datacomm.ch', '', NULL, 'Hausmattstrasse 64, 3063 Ittigen, BE'),
('d6c55423-6f64-4015-afce-599aae0a600e', 'Hirschi', 'Karin', 'karinhirschi@bluewin.ch', '', NULL, 'Rauracherweg 25, 4114 Hofstetten SO, SO'),
('3007f09e-b778-4413-8212-bf074caa7487', 'Hirschi Luzia und Andreas', '(-Gauch)', 'andreas.hirschi@sunrise.ch', '', NULL, 'Underlehn 1, 6222 Gunzwil, LU'),
('88b5da1e-3015-4532-b3e4-2fb5620855b2', 'Hirschi', 'Vincent', 'tromblonvh@hotmail.com', '41786225146', NULL, 'Rue des Fleurs 10, 2610 St-Imier, BE'),
('45265829-16f3-46d7-b3a0-7ad879449aae', 'Hirschi Werner und Ruth', '(-Schindler)', 'werner_hirschi@gmx.ch', '41792223478', NULL, 'Mei 90, 4938 Rohrbachgraben, BE'),
('f37a9108-475e-417d-826f-90c733399e6e', 'Hirschi Winkelmann Theodor und', 'Verena', 'hirschitheo@bluewin.ch', '', NULL, 'Buchholzweg 50, 3098 Schliern b. Köniz, BE'),
('20da6e6e-756e-48e4-991f-555716ec475f', 'Hirschi-Stoll', 'André', 'info@heubach-garage.ch', '', NULL, 'Stössen 468D, 3154 Rüschegg Heubach, BE'),
('8a276f38-18b5-4b86-9e0a-4ccf2827aeb2', 'Hirt', 'André', 'andre_hirt@bluewin.ch', '', NULL, 'Kasinostrasse 38, 5000 Aarau, AG'),
('3af9ec4d-27ab-4c6a-b0a3-e1fb156af44c', 'Hirt', 'Claude', 'hariom4719@yahoo.in', '', NULL, 'Wiederbergstrasse 5, 3552 Bärau, BE'),
('b9ada6fe-7bad-4640-88fe-5cf71acabe9a', 'Hirt', 'Daniel', 'hirt.dh@bluewin.ch', '41795493676', NULL, 'Rütlistrasse 50, 4051 Basel, BS'),
('9fe3aa95-25f2-4846-bb31-fe52a8507217', 'Hirt Eduard und Priska', '(-Wolleb)', 'eduard.hirt@bluewin.ch', '41797179455', NULL, 'Barell-Weg 12, 3653 Oberhofen am Thunersee, BE'),
('573ed544-9296-48bb-a18c-dc1107841477', 'Hirt Gerhard und Lucia', '(-Humbel)', 'info@comso.ch', '', NULL, 'Obere Höhe 6, 4242 Laufen, BL'),
('eda881e1-9494-4c6d-8a3a-225d43daf1f2', 'Hirt Hans und Franziska', '(-Kläui)', 'hhirt.agro@bluewin.ch', '', NULL, 'Niederfeld 1, 8450 Andelfingen, ZH'),
('8fe5bad1-e712-4f39-a240-d0125a603b78', 'Hirt Heinz', '(-Merz)', 'h-hirt@hotmail.com', '', NULL, 'Tulpenweg 6, 3250 Lyss, BE'),
('9b55ccd4-5616-4978-9909-3b1a13472699', 'Hirt', 'Laura', 'lhirt@vtxmail.ch', '', NULL, 'Sodackerstrasse 12, 4133 Pratteln, BL'),
('ddcb32ed-4bfd-484d-b0c1-1e9264bc4a3a', 'Hirt', 'Remo', 'remohirt@hispeed.ch', '41792860794', NULL, 'Freiestrasse 59, 8952 Schlieren, ZH'),
('12f7f191-80d5-4e15-aeed-821ab970b718', 'Hirt', 'Thomas', 'zahnarzt@hirtpedrinikeller.ch', '', NULL, 'Hasenbühlstrasse 3, 8610 Uster, ZH');

INSERT INTO leads (id, contact_id, source, status, value, notes) VALUES
('a8099a70-7605-4d9f-bcda-81cdb8938fcd', '3496b4b3-455b-4ad0-b2b5-b1a7cbb78a59', 'KALTAKQUISE', 'ACTIVE', 0, NULL),
('44f9bd84-2bc2-4c47-bca3-2248d12305de', '7d2b0314-bc5f-4007-b8e7-491cd13cb178', 'KALTAKQUISE', 'ACTIVE', 0, NULL),
('2f3da20b-e1e3-4a00-b851-088c34725a02', 'a70b8d7b-eeb9-458f-91f0-396cc5e2f638', 'KALTAKQUISE', 'ACTIVE', 0, NULL),
('74513991-6569-43c1-83b7-03f24388f331', '5dea4c1c-7d55-4397-b2e9-a2b10d26d0ea', 'KALTAKQUISE', 'ACTIVE', 0, NULL),
('d3e42602-3bb6-4979-9b50-63fed764faa6', '32b9ea83-ea71-494f-8325-4bb2b6550503', 'KALTAKQUISE', 'ACTIVE', 0, NULL),
('937433b6-f9b1-4c41-9476-543e22583b05', '187b3e4a-9611-4ffc-b212-be4ca947744e', 'KALTAKQUISE', 'ACTIVE', 0, NULL),
('fbd68235-8268-43bb-bca9-61c0d378bad8', '88a2663c-9b49-4f68-9cd6-3b40fe8d20c0', 'KALTAKQUISE', 'ACTIVE', 0, NULL),
('9d561678-87e6-4778-be79-a06bcb098a4b', '5575694f-f65d-4183-94e2-e5ee58051508', 'KALTAKQUISE', 'ACTIVE', 0, NULL),
('b0c75f60-b2f5-4879-b42e-3f0b7915a7a1', '073a5196-9625-4ff6-bd0f-0e05e2cae910', 'KALTAKQUISE', 'ACTIVE', 0, NULL),
('f20ddfb1-87e7-4530-88a1-614d0464bc4a', '11a8d8de-f43f-4a6f-badb-450728d5dd56', 'KALTAKQUISE', 'ACTIVE', 0, NULL),
('967ba910-2502-4930-9456-eae849df5d00', '958c9248-3c5b-4e60-abd6-77bfe448f0ff', 'KALTAKQUISE', 'ACTIVE', 0, NULL),
('c85aadbf-0dad-4994-8426-e51546144bcd', '2e2ee794-419d-4178-a6e0-8af8f6cdcde9', 'KALTAKQUISE', 'ACTIVE', 0, NULL),
('d82cc793-86ef-4699-b0c4-8e5962bb9333', '2b5268ea-6e18-4aec-92a7-218258a0cd95', 'KALTAKQUISE', 'ACTIVE', 0, NULL),
('de68d84a-01b9-47f3-8735-9497bf69c3b5', '2a8103b5-d17c-4ccb-9ecd-20608d817499', 'KALTAKQUISE', 'ACTIVE', 0, NULL),
('90edd987-60f6-4c87-9d76-6524d0f9ccbc', '347c7b20-666d-4363-99ef-def3c0f0f130', 'KALTAKQUISE', 'ACTIVE', 0, NULL),
('39b49efd-0c72-4fff-a346-4ac2b83ec133', '19218f9d-9f87-4e37-ad9c-a4a150d69c34', 'KALTAKQUISE', 'ACTIVE', 0, NULL),
('473cfa50-3e48-4f90-b6ad-5ee8da69f668', '336ebb67-e79b-411e-be97-704bb69d0db0', 'KALTAKQUISE', 'ACTIVE', 0, NULL),
('dece960f-e09f-4b99-b169-a5e86c0b36bd', 'f38883be-fb62-4c99-8684-71dde84a6485', 'KALTAKQUISE', 'ACTIVE', 0, NULL),
('aa17f25e-61d7-4e18-8f84-fcb52a8d9cf4', '1c7cf027-075c-46ba-a3f1-9b7d01365556', 'KALTAKQUISE', 'ACTIVE', 0, NULL),
('d4f62378-9308-4354-b3fc-68ced0873036', '1a7db342-dd26-44a7-a3db-aa33a20b4e1f', 'KALTAKQUISE', 'ACTIVE', 0, NULL),
('2051a7c9-a29b-43d5-a306-7231ee6c4fd6', '51e9ca5d-f5d1-436e-9f24-27780ddd0c85', 'KALTAKQUISE', 'ACTIVE', 0, NULL),
('d8304453-e987-4504-9ab6-b50b7cca496b', 'dd7fef3e-83f9-4cd3-b6eb-b8314b8a0ee2', 'KALTAKQUISE', 'ACTIVE', 0, NULL),
('8c4b0fc5-7ac4-41e8-94f7-8aab94bb95c0', 'eb026e71-3e83-4f83-bc3d-895ac23e63f7', 'KALTAKQUISE', 'ACTIVE', 0, NULL),
('f6733f8e-80db-4230-be7c-a2385fd50c38', 'a3b907ba-5fef-42fb-9602-ed4158ad1a85', 'KALTAKQUISE', 'ACTIVE', 0, NULL),
('5b119b77-e059-4162-9b0e-edb0b48b17d1', '404f72fb-9f9a-4b17-8adc-6dc14cede0a4', 'KALTAKQUISE', 'ACTIVE', 0, NULL),
('cceafd8b-f587-4ae7-86b3-677799a1eb7b', '6b22ee72-9d29-4797-a65b-c66eda962000', 'KALTAKQUISE', 'ACTIVE', 0, NULL),
('6049cff2-e464-40a9-90f9-5c1ecddf60af', '24adefc7-41c5-497d-9479-92a7aa82abd1', 'KALTAKQUISE', 'ACTIVE', 0, NULL),
('e9fecb15-6cc4-4976-a758-28f30d34bb57', '2cf9419e-cf84-4ee1-925d-5789bd2757f8', 'KALTAKQUISE', 'ACTIVE', 0, NULL),
('25af49d4-e6be-4e44-86be-a537aecfb855', 'a3cfeee0-0970-480d-bdda-d10dfe1e670a', 'KALTAKQUISE', 'ACTIVE', 0, NULL),
('ce1eb7d2-29e3-46d4-a0be-834335c65e4d', '07bc84a3-ecad-412c-b937-12697b9d6b2d', 'KALTAKQUISE', 'ACTIVE', 0, NULL),
('f2e83eb2-e8b0-40cb-a28d-a6300a0e4e8a', '962a0e84-bd0b-4000-b2d4-f08822f964f4', 'KALTAKQUISE', 'ACTIVE', 0, NULL),
('e3f94c75-a171-47af-85de-358dcec13b4b', 'becc1ea6-0b3c-405c-8358-de3c908e4428', 'KALTAKQUISE', 'ACTIVE', 0, NULL),
('e6555cfa-7494-4d5e-a903-0240c1bcce48', '9d0d1147-cbd7-47ae-90f2-23d0fa61413e', 'KALTAKQUISE', 'ACTIVE', 0, NULL),
('17bd3d59-3de6-4193-83bd-809c17044858', '28785904-fdcb-4f69-817f-beed0671b569', 'KALTAKQUISE', 'ACTIVE', 0, NULL),
('51c1db5a-c3c7-4a33-bd0e-1ca87176c29c', 'a81d94ae-77fc-458f-af17-101da1287a8d', 'KALTAKQUISE', 'ACTIVE', 0, NULL),
('d0f167d1-89ab-4723-bc12-d93f3503453d', '8a6f35e2-d550-4978-bb67-21e5498d813d', 'KALTAKQUISE', 'ACTIVE', 0, NULL),
('8bae77c3-275b-4cfa-82bf-460d0a060e66', '4bc56d1d-ffd8-4d5f-97fc-76839b6e3ae4', 'KALTAKQUISE', 'ACTIVE', 0, NULL),
('024b407b-e77e-41a7-a5e3-11c31cedb931', 'dc52e351-b4cf-4338-ae3b-08aa8339e3ca', 'KALTAKQUISE', 'ACTIVE', 0, NULL),
('d75f8167-8dcb-4ea5-b33a-a30b3acd8131', '36f43a8a-ecc8-4041-b892-153bc28950ff', 'KALTAKQUISE', 'ACTIVE', 0, NULL),
('35d63265-df8d-4060-bfad-346e93e0c4b9', '9865874d-003b-4b78-92e5-40532e4d17eb', 'KALTAKQUISE', 'ACTIVE', 0, NULL),
('5c229bd1-582a-426f-8f05-bd308f68434b', 'd282756c-1910-42d3-8e83-e9a60beda4de', 'KALTAKQUISE', 'ACTIVE', 0, NULL),
('505b1d59-473b-4936-9624-ce1a0f6762a3', '5d44777a-96c4-4950-8b56-f6810bbfc060', 'KALTAKQUISE', 'ACTIVE', 0, NULL),
('e4a5eda5-7e15-45c4-9516-8038d08badb6', '62332230-7898-4f72-951c-4d2e0524a367', 'KALTAKQUISE', 'ACTIVE', 0, NULL),
('d72741ae-75c6-4038-afb3-16cb73a9ddd9', '541332a5-b7aa-43a7-86e4-0e26e48f8f63', 'KALTAKQUISE', 'ACTIVE', 0, NULL),
('4e6108a0-8053-4d1b-897f-d4d1b004081a', '0f402a5d-fec0-4452-a327-3faf5d03d420', 'KALTAKQUISE', 'ACTIVE', 0, NULL),
('8a8c5937-a7c4-45f4-b7aa-e9901f75fb80', 'f1ec887f-589f-4f93-8444-81b806e0fe00', 'KALTAKQUISE', 'ACTIVE', 0, NULL),
('4070c140-e412-4c4a-945c-b7fa4f999c9d', 'c615cb81-f7ea-4a89-b5f3-2f35377e61bd', 'KALTAKQUISE', 'ACTIVE', 0, NULL),
('2b55a0fa-6a37-496a-84f5-6978081d3e02', '7e0663a3-6352-4ca3-95f7-58b307bf1f30', 'KALTAKQUISE', 'ACTIVE', 0, NULL),
('11022d48-8671-4919-b164-add2da29d7b0', '6d8a4e22-9a2c-4293-a700-f544f836e949', 'KALTAKQUISE', 'ACTIVE', 0, NULL),
('e765ffa5-8cd1-4de9-baa9-fd1ae5af1204', 'f01b262c-da30-48a2-b41c-ff49f1386f9a', 'KALTAKQUISE', 'ACTIVE', 0, NULL),
('7bcd4ac4-650f-4cc9-bd79-de4d737c14e8', 'd1ed3de4-727b-4a84-86ac-066071acf8d1', 'KALTAKQUISE', 'ACTIVE', 0, NULL),
('2961bd92-82fb-4438-8552-b26af4ff6375', '6e03e46f-897a-407a-9877-395fd823771a', 'KALTAKQUISE', 'ACTIVE', 0, NULL),
('2e26339a-77e1-46fa-80f7-e03528d43c93', '2daad012-d2f8-4e83-aec6-1ffbaac85169', 'KALTAKQUISE', 'ACTIVE', 0, NULL),
('9762aabb-bde7-485b-aff3-239b1a95782c', 'ee679dbd-047b-440c-9b73-70ce82c5ad54', 'KALTAKQUISE', 'ACTIVE', 0, NULL),
('37443c1c-33eb-412c-a76a-abcdfa4747ae', 'bc0d58e6-ab25-4afe-a378-68ba8c1a2f44', 'KALTAKQUISE', 'ACTIVE', 0, NULL),
('c0919b58-d179-462f-a8fd-db7acad41d9e', '182271c5-6edb-45a3-ada1-3b8010330b37', 'KALTAKQUISE', 'ACTIVE', 0, NULL),
('7daa8c7a-eb2f-4124-b5d5-3d5433d6634c', 'e070bb98-d3f3-4d7a-99db-3c0bbf7a0bb4', 'KALTAKQUISE', 'ACTIVE', 0, NULL),
('0cd8d6b6-d121-4953-bddd-277ce7caf30a', '2e83c8ba-d2cd-43b4-a83c-8ac85e2cd314', 'KALTAKQUISE', 'ACTIVE', 0, NULL),
('4eca71cc-263b-4306-be69-c769377642ce', 'f63e4ad4-c29a-4a39-be66-5d752e9c6a92', 'KALTAKQUISE', 'ACTIVE', 0, NULL),
('f69cf2ef-7851-49e9-8cfb-d0c68f4005ae', '8ec27b85-f3ff-49be-9e2c-6794d66ed187', 'KALTAKQUISE', 'ACTIVE', 0, NULL),
('4dc9ff75-3d26-4579-8b87-a0b2dd13d32c', 'ec2451f5-efe1-4af4-b392-f4c7f9010a53', 'KALTAKQUISE', 'ACTIVE', 0, NULL),
('7829d59c-0084-489f-9c7f-4f519f5cc94e', 'ba5b773d-9f37-49dc-9474-a8359aaf909f', 'KALTAKQUISE', 'ACTIVE', 0, NULL),
('1cefbabe-93e8-4e5d-be91-8d3fef97c6e7', 'cdd101dc-b793-4f07-9743-13eefb6919f4', 'KALTAKQUISE', 'ACTIVE', 0, NULL),
('555f2704-7ff2-454e-aafb-8609c8ab25ba', '8347d090-d525-4897-9e80-e38a02bd5df4', 'KALTAKQUISE', 'ACTIVE', 0, NULL),
('8ffcfc32-de1a-4a7b-a915-7fb20fc6232c', '3269b475-4ed2-4c0d-b669-bc6ac7b6fa6f', 'KALTAKQUISE', 'ACTIVE', 0, NULL),
('67e93070-b0de-4b8a-9d76-037afb9bf627', '6f7486e1-65c8-4f4f-b1b1-24ed9432cdd3', 'KALTAKQUISE', 'ACTIVE', 0, NULL),
('1fe9355d-c2bd-42d6-bb26-8e8648bc947b', '82c2dbbf-0840-40ca-991e-1026fbf24030', 'KALTAKQUISE', 'ACTIVE', 0, NULL),
('80c9f019-9faf-4446-a28e-bfe9cef91659', '04a74cd0-098c-4d6f-86a4-676d643cb23d', 'KALTAKQUISE', 'ACTIVE', 0, NULL),
('89777912-d0c9-487f-bf1b-ea95f72507eb', '97884513-176b-4f2b-a5f6-0b0da5cbe01c', 'KALTAKQUISE', 'ACTIVE', 0, NULL),
('70c77bb2-3e9f-4122-a8c2-04fcaf178673', 'ce33cb7b-87ba-4262-a2c1-a0e9780b5c86', 'KALTAKQUISE', 'ACTIVE', 0, NULL),
('8cd16d5b-1e18-4db2-acf3-6b92698e25cc', 'b178d69d-ab77-44f3-8afc-3de3df26cc1e', 'KALTAKQUISE', 'ACTIVE', 0, NULL),
('10bc7066-ad67-4f0b-a846-1c783d55e2ee', 'c9f1ee8e-b112-4823-be00-625fb6dd1da9', 'KALTAKQUISE', 'ACTIVE', 0, NULL),
('330e5f6a-c4f7-4f10-bba4-9698a87a0f4c', '24cfe5d3-a898-471d-95af-2d739a61c5f3', 'KALTAKQUISE', 'ACTIVE', 0, NULL),
('fcc0c0c2-be25-4d36-94a1-8152590c96cb', 'aa0435cb-1bf0-4285-b2f8-7f08a7c49dcd', 'KALTAKQUISE', 'ACTIVE', 0, NULL),
('6787488e-80b5-4e72-84e1-4aef6cdf9398', 'd3d42259-452b-436e-9dbc-9b87cfd498c2', 'KALTAKQUISE', 'ACTIVE', 0, NULL),
('0f60b51f-2c55-48c6-90e3-840c0dfa93e2', 'a7ab7cd9-c44e-4308-868a-cda10a07fdbf', 'KALTAKQUISE', 'ACTIVE', 0, NULL),
('3201b009-a8bd-4190-ba26-3c967827864a', '1e21f691-08e8-4b16-af69-32e55c8d3bb7', 'KALTAKQUISE', 'ACTIVE', 0, NULL),
('ba4007b1-f904-459e-868d-1b59a9d2f67e', 'ba565c3d-cfd3-4f53-a013-1844ed13af31', 'KALTAKQUISE', 'ACTIVE', 0, NULL),
('7f7edabd-79bc-44a0-8ea3-855793e6b98f', '4f0b649f-8a4f-42c9-be75-45f44fb5e210', 'KALTAKQUISE', 'ACTIVE', 0, NULL),
('2f85bd2f-4d6c-46e7-85ea-dc4e8d83afa9', '8bcf996a-0cfb-4254-95f0-0d265c4f9687', 'KALTAKQUISE', 'ACTIVE', 0, NULL),
('80914e75-cf0d-4549-a294-45a9b02c59cf', '0013f952-bca6-4bdc-ae55-21a07747936a', 'KALTAKQUISE', 'ACTIVE', 0, NULL),
('93b5401c-851a-4357-84c1-7d4d697689c8', '86fd291a-142c-48a7-bb09-ac8e3396c5f8', 'KALTAKQUISE', 'ACTIVE', 0, NULL),
('0f53d600-4c7d-48aa-8c0b-94e16abac453', '382bc693-caed-4191-9e2f-d96885170b78', 'KALTAKQUISE', 'ACTIVE', 0, NULL),
('3ee749d0-cb7a-460a-9244-25532b03d0a3', '01efe101-02ee-4b84-966f-5e7c773b596e', 'KALTAKQUISE', 'ACTIVE', 0, NULL),
('a180e238-8faf-439c-80ba-41cf2115b025', 'bd2a23f5-b60d-4e68-a5ef-466ca5e658e8', 'KALTAKQUISE', 'ACTIVE', 0, NULL),
('7b05175f-aebb-425f-970c-734131e93040', 'd6894bf4-c002-4ff0-9532-c85d51560f81', 'KALTAKQUISE', 'ACTIVE', 0, NULL),
('5b62ea34-afee-4e2e-95bd-a494084e2ebf', '0e851e27-6b20-46ff-961a-ff656c4e46c4', 'KALTAKQUISE', 'ACTIVE', 0, NULL),
('1f914e5e-5f5c-4640-b291-643cb253d961', 'ed5359c1-617c-4142-809f-a57dad08dd92', 'KALTAKQUISE', 'ACTIVE', 0, NULL),
('98e663a5-3ae0-454e-b23a-cb4086655523', 'e9133121-e07d-413e-8f0b-199740c812fd', 'KALTAKQUISE', 'ACTIVE', 0, NULL),
('29ac38b1-e670-43dd-978a-ae8d12a86704', 'aeec1bca-f856-48b4-ac81-ed55c1c773b7', 'KALTAKQUISE', 'ACTIVE', 0, NULL),
('299b0eb2-a1db-4aca-a563-07bbb46e3ad9', 'a74607e3-a8ee-40f3-b9ef-bd91290dfd20', 'KALTAKQUISE', 'ACTIVE', 0, NULL),
('2495ac0b-167c-4716-a453-e523656a95e1', '4604508d-7360-4174-8e3c-7c30b7241491', 'KALTAKQUISE', 'ACTIVE', 0, NULL),
('87ae84f7-429a-4011-ae27-6f10813dece7', 'ec9f23f7-630c-4e5a-a423-a2c9a94fb135', 'KALTAKQUISE', 'ACTIVE', 0, NULL),
('163bc68c-93ce-4f20-8fee-c9d2bc598d82', '48ce13e6-12e3-46ed-af78-a55abfbc9243', 'KALTAKQUISE', 'ACTIVE', 0, NULL),
('7c6b8e27-2b51-4a58-a403-77f57e91e071', 'b10690ca-3a78-441e-945f-95817ebfe3cc', 'KALTAKQUISE', 'ACTIVE', 0, NULL),
('4cfab03b-7ee9-4144-af3f-f23ffdc5d4ef', 'da494af9-4c71-4360-9418-bffdff60f698', 'KALTAKQUISE', 'ACTIVE', 0, NULL),
('35d387d8-84b3-4166-a0c9-bc497b8d019b', 'a25ef1c0-0e8e-4be0-9e8b-f52563204670', 'KALTAKQUISE', 'ACTIVE', 0, NULL),
('9477a0c7-1c54-4f3e-af27-e1a85f70ab20', '540f8c74-809e-4816-a81e-a26bd79e2ed5', 'KALTAKQUISE', 'ACTIVE', 0, NULL),
('6179aef2-cab5-4db5-9b09-3fcf1ca394c2', 'fa61b589-e4a1-4be7-a07f-b2bd1719fbdc', 'KALTAKQUISE', 'ACTIVE', 0, NULL),
('dea9f308-7f79-4f62-946c-97b8062b99da', '4b51bfb2-cf9d-4861-97b5-61285787cb5a', 'KALTAKQUISE', 'ACTIVE', 0, NULL),
('676e8c1a-b745-48dd-a5b1-66447ec2776b', 'e77e3898-47f7-4585-81d6-6b4856715ea8', 'KALTAKQUISE', 'ACTIVE', 0, NULL),
('d54d1306-c65d-4f23-a19c-87c7baf1155e', '2d1a72dc-8e07-49ce-9123-09e46d40547c', 'KALTAKQUISE', 'ACTIVE', 0, NULL),
('53a4af00-13ec-4de7-9c5f-e277d50ec88e', '13e5b7f9-1f25-4d89-bb54-07f9ba10920a', 'KALTAKQUISE', 'ACTIVE', 0, NULL),
('6ee141c9-289f-4945-bc62-80c655d530c3', '6a29bd38-3f26-437b-b834-b1b8bf03dde1', 'KALTAKQUISE', 'ACTIVE', 0, NULL),
('48a5c908-038c-4013-9e53-d5451e8f599c', '010f7381-46ae-4dd5-97be-11ebdb7cbdaf', 'KALTAKQUISE', 'ACTIVE', 0, NULL),
('f8bf3b20-420d-4635-969e-863dc02b721b', '120cedfa-bfbb-4351-ae6d-40066397f2a4', 'KALTAKQUISE', 'ACTIVE', 0, NULL),
('27be889b-dc31-4885-a0f0-d60b32725321', 'b3cdf931-cbec-42d6-b887-dd468087823c', 'KALTAKQUISE', 'ACTIVE', 0, NULL),
('f76bd280-c1d4-4ffc-a088-be6e77225c81', 'f05baf4f-aad1-4b6f-ac3e-439e10261640', 'KALTAKQUISE', 'ACTIVE', 0, NULL),
('7edde1b2-aab7-4f8e-8240-e43890547654', 'abb5e3f4-4e6a-4668-a26d-ac09f53dd77c', 'KALTAKQUISE', 'ACTIVE', 0, NULL),
('b1766281-dcd5-4539-a64b-708a63c69dd9', 'bdade90c-596b-4ceb-b04b-1ddd9ff6b71a', 'KALTAKQUISE', 'ACTIVE', 0, NULL),
('4f702c52-fcb7-4f26-bfef-b3343ca21aee', '6d04d16b-9e79-498d-8e11-0208b8364b6d', 'KALTAKQUISE', 'ACTIVE', 0, NULL),
('28943c45-c4ef-4d17-bd20-2cdc6ce3ae6a', '11aebfe6-3bfb-4c6d-acce-4bf27cdaa36b', 'KALTAKQUISE', 'ACTIVE', 0, NULL),
('bcb54d24-41c7-4291-ac08-63e7605d9069', '4618f3d6-7e4f-4d48-8d06-ef63debf0bab', 'KALTAKQUISE', 'ACTIVE', 0, NULL),
('039564d3-ad72-48d3-bcee-603e5ac8819d', '8255d1d3-8087-485c-86f8-b7181b02a8fc', 'KALTAKQUISE', 'ACTIVE', 0, NULL),
('2d1f4540-cc32-49bc-be26-38819f340eaa', 'cffb53de-8a9f-4742-8f61-f861686589d3', 'KALTAKQUISE', 'ACTIVE', 0, NULL),
('ed94836b-00ee-4f02-b7c1-c044f41fc0b2', '2ea9bac0-9bba-4f0f-8962-58344bbc0e89', 'KALTAKQUISE', 'ACTIVE', 0, NULL),
('29dddfc0-eac0-4c46-a360-228dc600345d', 'd0324737-97ce-4319-83aa-5ce4d720962f', 'KALTAKQUISE', 'ACTIVE', 0, NULL),
('0bd00f86-3adc-46b5-8fa0-7f330290255d', '30c59f52-838e-4917-a6f2-aa2e8c6c6486', 'KALTAKQUISE', 'ACTIVE', 0, NULL),
('ac93af91-50f5-470e-938d-5258ead823ff', 'c1758363-0b88-4743-8614-780e8ff7593e', 'KALTAKQUISE', 'ACTIVE', 0, NULL),
('24eb6bd3-54b6-4b74-ad2d-fa86fda4fa7f', 'e02a1b84-491d-43a1-a64f-3f27bf00ef72', 'KALTAKQUISE', 'ACTIVE', 0, NULL),
('90a61ec9-8541-4149-9f3e-adc9930e07af', 'e5c7bc69-645b-469e-9269-1105fd8badcc', 'KALTAKQUISE', 'ACTIVE', 0, NULL),
('9719a70b-52c4-469e-9851-b36fed521598', '614d6b0c-54ed-4187-adbd-36e3ed5f2347', 'KALTAKQUISE', 'ACTIVE', 0, NULL),
('ea8fd4ba-adeb-4c4d-87ef-1b04bbda0b25', '0e333519-ed83-4acf-8189-a657fe849a32', 'KALTAKQUISE', 'ACTIVE', 0, NULL),
('925a9028-0ada-476c-8785-f60b78da23ef', '614081a3-6673-4625-83e8-29e0711677f7', 'KALTAKQUISE', 'ACTIVE', 0, NULL),
('8f6d7d73-93a1-4bf4-8cce-d9c4eb9a4ca6', '21713b10-0694-424f-91ff-dc1444797b2a', 'KALTAKQUISE', 'ACTIVE', 0, NULL),
('206bc001-2aeb-4f89-8903-67f8dba0c121', '3094bff7-646b-49bf-b54d-d66a7d791a4f', 'KALTAKQUISE', 'ACTIVE', 0, NULL),
('d4ca642b-5990-495c-9be5-cf52ce8b7415', '2d2d45f2-7e0e-4e92-bb8e-965fc915b720', 'KALTAKQUISE', 'ACTIVE', 0, NULL),
('34e489f7-ffa0-47ff-b131-35a9710dc81e', '6694b3a7-ad0d-4bb3-8839-13c0928a51f0', 'KALTAKQUISE', 'ACTIVE', 0, NULL),
('05016697-d277-45d4-b61e-1ebc6135a038', '8bcafc8f-b563-427e-a6ac-99e0505d7e33', 'KALTAKQUISE', 'ACTIVE', 0, NULL),
('d7f9d077-3bac-4d49-91bd-68829d9070ff', 'd2b53971-60b7-4c79-b920-51b01db87d6b', 'KALTAKQUISE', 'ACTIVE', 0, NULL),
('a273b65c-1396-421c-a852-3cb12741e6d7', 'dd066756-164c-4319-8fb5-380f97bc65a6', 'KALTAKQUISE', 'ACTIVE', 0, NULL),
('ef0d1350-2674-40d9-b77d-d244ab9fb9fc', '882bbc02-4916-4299-b9a8-17ea24183062', 'KALTAKQUISE', 'ACTIVE', 0, NULL),
('58a48d85-cb20-44d7-8904-f56cfc4f328f', 'c8970606-9ce9-4613-9c2c-bb0c45b2c0a2', 'KALTAKQUISE', 'ACTIVE', 0, NULL),
('0f25e0df-4725-4ced-a32b-73a4408207f7', 'fb227a11-cfde-4269-8e94-a0e79f05e3d4', 'KALTAKQUISE', 'ACTIVE', 0, NULL),
('85865928-7d06-4706-b17b-1051ff41fb7d', 'd5a5ffd2-2a9f-42e1-9003-1fee0fe12261', 'KALTAKQUISE', 'ACTIVE', 0, NULL),
('f16f5f20-1b67-44da-9428-9ef0e120fb83', '6d53615c-503d-495b-9d04-ff2df6888b2b', 'KALTAKQUISE', 'ACTIVE', 0, NULL),
('8d8e202d-28a9-4ff2-b774-7e310ee1b522', '21ad4349-b8a7-4c76-8764-65c612c36fd8', 'KALTAKQUISE', 'ACTIVE', 0, NULL),
('61bd0d44-a30b-4a86-81a6-b2653c4c91e0', '4c522c57-a833-4b61-af19-355700c90562', 'KALTAKQUISE', 'ACTIVE', 0, NULL),
('54345727-835c-4d69-b99d-5f838cabef83', '6b55ba9e-ac3d-4b0f-9c33-3a4f297d8a6f', 'KALTAKQUISE', 'ACTIVE', 0, NULL),
('25633b36-5c5f-4d7f-865e-2d069b320672', 'a81098f8-e452-47e9-819a-c92c95b5cb64', 'KALTAKQUISE', 'ACTIVE', 0, NULL),
('9d4d6151-1861-4463-b0be-d25a601e14e8', '5cde7c02-9935-43f5-a419-0bc64be78d3f', 'KALTAKQUISE', 'ACTIVE', 0, NULL),
('8e5abe85-e4e6-41d3-9f47-7799e1e950fa', 'b17c6e21-527c-40b6-9d1d-54fa97075712', 'KALTAKQUISE', 'ACTIVE', 0, NULL),
('aea164db-42f8-44b4-b09a-e66ad1bfd4a6', 'ea32d46f-f2ca-469a-b523-96ee2e82a0dc', 'KALTAKQUISE', 'ACTIVE', 0, NULL),
('29c19d2f-4dd8-491e-86d5-f6457a436137', '1a3a78fa-de18-451b-bdba-fff16686ad5c', 'KALTAKQUISE', 'ACTIVE', 0, NULL),
('5d49e738-efc6-4bd1-ad9e-7d5e35f923d4', 'cfc2ec1a-c17c-4c09-b196-4889e9ae094d', 'KALTAKQUISE', 'ACTIVE', 0, NULL),
('8a0724c1-87c7-49de-a6fa-14e2c2ca31e4', 'cb77522d-ac1b-4433-8510-2494cb3a6539', 'KALTAKQUISE', 'ACTIVE', 0, NULL),
('04342a82-eac9-4151-9e60-91220d52a8e8', '64c7b540-fb1d-481c-b2fc-2c558d5a8dfe', 'KALTAKQUISE', 'ACTIVE', 0, NULL),
('45289c3b-2f98-4b4d-83bf-edb53aa671df', '7d45ad6d-f874-458b-96f8-3a69c56efd92', 'KALTAKQUISE', 'ACTIVE', 0, NULL),
('d698c70c-2824-4d44-99e3-aadf3dfe8414', '4d92e203-f82d-472c-8d16-08ffd5aa20f4', 'KALTAKQUISE', 'ACTIVE', 0, NULL),
('e2af8a86-1503-402f-86d5-0e6f1aaea2fe', '94ac2fa9-e57a-47c5-ad23-889c980e748d', 'KALTAKQUISE', 'ACTIVE', 0, NULL),
('11562ac5-19cd-432e-8a50-4a0de3555cc4', '12aaa007-4153-4200-a3b7-786526d16e0a', 'KALTAKQUISE', 'ACTIVE', 0, NULL),
('642d8f7f-20fc-4868-9dbf-c33f81d525c4', '2663a6e8-964f-49a2-a471-a6cc741d078f', 'KALTAKQUISE', 'ACTIVE', 0, NULL),
('84e54aaa-6481-45a1-8aa5-641192310d3c', '277db91b-63e0-4d26-b22d-e7baad51a3a2', 'KALTAKQUISE', 'ACTIVE', 0, NULL),
('c7ebcc28-2e93-40be-8595-7f6203c37041', '472de39a-610f-47f6-9943-3879d3fd3650', 'KALTAKQUISE', 'ACTIVE', 0, NULL),
('8750515a-39be-41bb-9309-972dbd2325aa', 'c2c97b22-2e16-4cd6-805c-34b1acfbc45a', 'KALTAKQUISE', 'ACTIVE', 0, NULL),
('df231094-eddb-4a30-bc5b-83212cca71fc', '01b50aa1-a185-43be-9aa0-817d8cdde5d5', 'KALTAKQUISE', 'ACTIVE', 0, NULL),
('6ef196e2-201f-44db-88c7-689d745f94a7', '015ea6b6-1954-4f6f-b807-0460f9f5b321', 'KALTAKQUISE', 'ACTIVE', 0, NULL),
('b85f255f-b168-4817-baa6-afbd0158b445', '0891afc2-24ed-4d2b-af56-b69b89241303', 'KALTAKQUISE', 'ACTIVE', 0, NULL),
('effe09e2-de0c-478c-bef3-b5c8bb2891cf', 'e8c82f1c-8ecf-44af-bd8b-e58656092da7', 'KALTAKQUISE', 'ACTIVE', 0, NULL),
('c37473bd-2a80-45dd-a533-e3f77130e24c', '7f2d0e75-f14f-4832-9070-23d7bd374e3c', 'KALTAKQUISE', 'ACTIVE', 0, NULL),
('c65f4abf-58bb-49b0-9bfd-05e8fff7b443', '53667096-5b16-490d-a3c8-cd3bfc621998', 'KALTAKQUISE', 'ACTIVE', 0, NULL),
('8f63ff62-0ac0-45f9-97c8-b7bef73b5ab5', 'c3e170ac-d581-410b-a7bd-71016591e4ea', 'KALTAKQUISE', 'ACTIVE', 0, NULL),
('d9b4d08e-2857-4a4c-ad31-af4001e0be32', 'd8928844-4e4f-4fa7-8eda-62e7eb5efae4', 'KALTAKQUISE', 'ACTIVE', 0, NULL),
('1ce1e78c-3a8d-405b-b9eb-b2748d1817ee', '28e453f2-82cf-4702-a17f-6308f8cd4882', 'KALTAKQUISE', 'ACTIVE', 0, NULL),
('07e817e3-9be8-4c37-ab03-4e296ee64dd0', 'd3ca4b28-6617-467b-af3e-d2e83f5f2ad4', 'KALTAKQUISE', 'ACTIVE', 0, NULL),
('fcbc43cd-298b-4a1f-8aa8-c905d0c92f1c', '9663ffc1-196f-4dd4-8868-1ae9cedc071c', 'KALTAKQUISE', 'ACTIVE', 0, NULL),
('f67363c4-ca78-44d8-acab-da66ebdbe0d3', '805eb0ee-59f5-4c60-b120-3e2c352d0259', 'KALTAKQUISE', 'ACTIVE', 0, NULL),
('f39be9fb-49b1-4a5d-ae13-77dd05997ba2', 'd0e5ac94-7979-43fa-a054-684d66255d3a', 'KALTAKQUISE', 'ACTIVE', 0, NULL),
('45028808-8352-43f6-885a-c7b8bdbbe003', '33619e33-d291-409a-ae43-c5a23ee6ddc4', 'KALTAKQUISE', 'ACTIVE', 0, NULL),
('47a1b7ae-5013-4b36-93bf-534accdfe3fe', '168c8ce1-9fc5-4425-940f-bc1a3ce698c0', 'KALTAKQUISE', 'ACTIVE', 0, NULL),
('fe7b5971-246b-416b-9f03-cd76a08d0db2', 'e1b4cd0a-18a0-4ae4-838b-625b12a36885', 'KALTAKQUISE', 'ACTIVE', 0, NULL),
('c24b5681-eec4-4538-b22a-69312070e106', '8e0b0306-ac78-407c-9415-d4095823ac81', 'KALTAKQUISE', 'ACTIVE', 0, NULL),
('d2cb20eb-4b73-423c-b72e-9b9dc13a0bf2', 'ca7c3105-775b-4027-89e3-312a7d8b7097', 'KALTAKQUISE', 'ACTIVE', 0, NULL),
('bc0917c6-ad67-4405-a518-13f1f340ca8d', '06a30fc9-c93d-44c1-be88-864fd2908a21', 'KALTAKQUISE', 'ACTIVE', 0, NULL),
('6965f30f-fb98-4e54-ab22-923e50e05304', '5671fbaa-38e1-4234-be6c-c6ded258393e', 'KALTAKQUISE', 'ACTIVE', 0, NULL),
('3a2383ce-7653-427b-b2e7-2fa61df1a104', '64fd0b29-fe0f-448a-b218-b594638458da', 'KALTAKQUISE', 'ACTIVE', 0, NULL),
('e958c076-3da0-41de-a256-5fdab74d2ea3', 'df9d2495-3c1d-4aa1-a14a-2e7f424b4bed', 'KALTAKQUISE', 'ACTIVE', 0, NULL),
('894f1498-a115-4b28-a336-92a7c1c9f011', '94c0352a-86fe-40d0-8709-3e507c6a6cae', 'KALTAKQUISE', 'ACTIVE', 0, NULL),
('4b126c0a-5ca0-429a-b173-7bd17b9f040e', '079000c9-349a-4c53-86ec-cb3825a92c5b', 'KALTAKQUISE', 'ACTIVE', 0, NULL),
('ef754d5c-045c-4221-819c-b39c4fe8947b', '52cfa4bb-8f09-463a-925a-cf79832f60d7', 'KALTAKQUISE', 'ACTIVE', 0, NULL),
('6d7eaca2-1bda-4c31-b6ec-a282426e4d9d', 'd9b978a0-c44e-4125-bcf8-9825163115cf', 'KALTAKQUISE', 'ACTIVE', 0, NULL),
('aeafb52c-d1c4-4da4-8143-e00cb83d087d', 'dbe98816-8167-4614-b034-16ca4edf73d3', 'KALTAKQUISE', 'ACTIVE', 0, NULL),
('e3186c9e-d6d7-40c1-959d-48df6ff4b708', '734bf2a0-74ac-4571-a0f9-640c0969ee93', 'KALTAKQUISE', 'ACTIVE', 0, NULL),
('3c6b67c1-777b-4e35-9269-5be40638d253', 'c7c175f2-cf41-40fb-bc69-7d5a47ff8af1', 'KALTAKQUISE', 'ACTIVE', 0, NULL),
('b651b4d4-50b5-4eb8-bedf-8cc6499b2080', 'd6c55423-6f64-4015-afce-599aae0a600e', 'KALTAKQUISE', 'ACTIVE', 0, NULL),
('5971ee3f-03c9-4035-a7ec-32c502f82f22', '3007f09e-b778-4413-8212-bf074caa7487', 'KALTAKQUISE', 'ACTIVE', 0, NULL),
('4f9290b8-32fb-441d-ab6f-8cec770b580b', '88b5da1e-3015-4532-b3e4-2fb5620855b2', 'KALTAKQUISE', 'ACTIVE', 0, NULL),
('f24fad90-643b-42ae-a3ea-b379af069978', '45265829-16f3-46d7-b3a0-7ad879449aae', 'KALTAKQUISE', 'ACTIVE', 0, NULL),
('a93ac46e-74e2-4bf5-bbe1-39706274d01b', 'f37a9108-475e-417d-826f-90c733399e6e', 'KALTAKQUISE', 'ACTIVE', 0, NULL),
('ebec4c89-005b-49e4-8f20-afeb25eed523', '20da6e6e-756e-48e4-991f-555716ec475f', 'KALTAKQUISE', 'ACTIVE', 0, NULL),
('254f3735-97a5-44c8-a1bd-ae3af0cd2de4', '8a276f38-18b5-4b86-9e0a-4ccf2827aeb2', 'KALTAKQUISE', 'ACTIVE', 0, NULL),
('e03c447e-55c2-4725-b0b3-486cf672de81', '3af9ec4d-27ab-4c6a-b0a3-e1fb156af44c', 'KALTAKQUISE', 'ACTIVE', 0, NULL),
('4203718c-e018-45a8-83e1-ab7d7e29759e', 'b9ada6fe-7bad-4640-88fe-5cf71acabe9a', 'KALTAKQUISE', 'ACTIVE', 0, NULL),
('5ee12859-40ce-44f5-8f84-72613673d743', '9fe3aa95-25f2-4846-bb31-fe52a8507217', 'KALTAKQUISE', 'ACTIVE', 0, NULL),
('eaae606e-d0b2-466d-9e4d-bf7a94d9b234', '573ed544-9296-48bb-a18c-dc1107841477', 'KALTAKQUISE', 'ACTIVE', 0, NULL),
('5e74a25b-a05a-4f1e-ab8b-e12fa1f2ffcc', 'eda881e1-9494-4c6d-8a3a-225d43daf1f2', 'KALTAKQUISE', 'ACTIVE', 0, NULL),
('978dc91c-fe17-42b4-a3ad-f50be387002f', '8fe5bad1-e712-4f39-a240-d0125a603b78', 'KALTAKQUISE', 'ACTIVE', 0, NULL),
('08ac71f8-3206-4ade-b871-eacf40074d09', '9b55ccd4-5616-4978-9909-3b1a13472699', 'KALTAKQUISE', 'ACTIVE', 0, NULL),
('702e508e-e3f3-489b-9978-60785dad18ef', 'ddcb32ed-4bfd-484d-b0c1-1e9264bc4a3a', 'KALTAKQUISE', 'ACTIVE', 0, NULL),
('dc460a1e-c534-42dc-b3fe-0ddbbde49198', '12f7f191-80d5-4e15-aeed-821ab970b718', 'KALTAKQUISE', 'ACTIVE', 0, NULL);

INSERT INTO lead_tags (lead_id, tag_id) VALUES
('a8099a70-7605-4d9f-bcda-81cdb8938fcd', 'ka-b2c'),
('44f9bd84-2bc2-4c47-bca3-2248d12305de', 'ka-b2c'),
('2f3da20b-e1e3-4a00-b851-088c34725a02', 'ka-b2c'),
('74513991-6569-43c1-83b7-03f24388f331', 'ka-b2c'),
('d3e42602-3bb6-4979-9b50-63fed764faa6', 'ka-b2c'),
('937433b6-f9b1-4c41-9476-543e22583b05', 'ka-b2c'),
('fbd68235-8268-43bb-bca9-61c0d378bad8', 'ka-b2c'),
('9d561678-87e6-4778-be79-a06bcb098a4b', 'ka-b2c'),
('b0c75f60-b2f5-4879-b42e-3f0b7915a7a1', 'ka-b2c'),
('f20ddfb1-87e7-4530-88a1-614d0464bc4a', 'ka-b2c'),
('967ba910-2502-4930-9456-eae849df5d00', 'ka-b2c'),
('c85aadbf-0dad-4994-8426-e51546144bcd', 'ka-b2c'),
('d82cc793-86ef-4699-b0c4-8e5962bb9333', 'ka-b2c'),
('de68d84a-01b9-47f3-8735-9497bf69c3b5', 'ka-b2c'),
('90edd987-60f6-4c87-9d76-6524d0f9ccbc', 'ka-b2c'),
('39b49efd-0c72-4fff-a346-4ac2b83ec133', 'ka-b2c'),
('473cfa50-3e48-4f90-b6ad-5ee8da69f668', 'ka-b2c'),
('dece960f-e09f-4b99-b169-a5e86c0b36bd', 'ka-b2c'),
('aa17f25e-61d7-4e18-8f84-fcb52a8d9cf4', 'ka-b2c'),
('d4f62378-9308-4354-b3fc-68ced0873036', 'ka-b2c'),
('2051a7c9-a29b-43d5-a306-7231ee6c4fd6', 'ka-b2c'),
('d8304453-e987-4504-9ab6-b50b7cca496b', 'ka-b2c'),
('8c4b0fc5-7ac4-41e8-94f7-8aab94bb95c0', 'ka-b2c'),
('f6733f8e-80db-4230-be7c-a2385fd50c38', 'ka-b2c'),
('5b119b77-e059-4162-9b0e-edb0b48b17d1', 'ka-b2c'),
('cceafd8b-f587-4ae7-86b3-677799a1eb7b', 'ka-b2c'),
('6049cff2-e464-40a9-90f9-5c1ecddf60af', 'ka-b2c'),
('e9fecb15-6cc4-4976-a758-28f30d34bb57', 'ka-b2c'),
('25af49d4-e6be-4e44-86be-a537aecfb855', 'ka-b2c'),
('ce1eb7d2-29e3-46d4-a0be-834335c65e4d', 'ka-b2c'),
('f2e83eb2-e8b0-40cb-a28d-a6300a0e4e8a', 'ka-b2c'),
('e3f94c75-a171-47af-85de-358dcec13b4b', 'ka-b2c'),
('e6555cfa-7494-4d5e-a903-0240c1bcce48', 'ka-b2c'),
('17bd3d59-3de6-4193-83bd-809c17044858', 'ka-b2c'),
('51c1db5a-c3c7-4a33-bd0e-1ca87176c29c', 'ka-b2c'),
('d0f167d1-89ab-4723-bc12-d93f3503453d', 'ka-b2c'),
('8bae77c3-275b-4cfa-82bf-460d0a060e66', 'ka-b2c'),
('024b407b-e77e-41a7-a5e3-11c31cedb931', 'ka-b2c'),
('d75f8167-8dcb-4ea5-b33a-a30b3acd8131', 'ka-b2c'),
('35d63265-df8d-4060-bfad-346e93e0c4b9', 'ka-b2c'),
('5c229bd1-582a-426f-8f05-bd308f68434b', 'ka-b2c'),
('505b1d59-473b-4936-9624-ce1a0f6762a3', 'ka-b2c'),
('e4a5eda5-7e15-45c4-9516-8038d08badb6', 'ka-b2c'),
('d72741ae-75c6-4038-afb3-16cb73a9ddd9', 'ka-b2c'),
('4e6108a0-8053-4d1b-897f-d4d1b004081a', 'ka-b2c'),
('8a8c5937-a7c4-45f4-b7aa-e9901f75fb80', 'ka-b2c'),
('4070c140-e412-4c4a-945c-b7fa4f999c9d', 'ka-b2c'),
('2b55a0fa-6a37-496a-84f5-6978081d3e02', 'ka-b2c'),
('11022d48-8671-4919-b164-add2da29d7b0', 'ka-b2c'),
('e765ffa5-8cd1-4de9-baa9-fd1ae5af1204', 'ka-b2c'),
('7bcd4ac4-650f-4cc9-bd79-de4d737c14e8', 'ka-b2c'),
('2961bd92-82fb-4438-8552-b26af4ff6375', 'ka-b2c'),
('2e26339a-77e1-46fa-80f7-e03528d43c93', 'ka-b2c'),
('9762aabb-bde7-485b-aff3-239b1a95782c', 'ka-b2c'),
('37443c1c-33eb-412c-a76a-abcdfa4747ae', 'ka-b2c'),
('c0919b58-d179-462f-a8fd-db7acad41d9e', 'ka-b2c'),
('7daa8c7a-eb2f-4124-b5d5-3d5433d6634c', 'ka-b2c'),
('0cd8d6b6-d121-4953-bddd-277ce7caf30a', 'ka-b2c'),
('4eca71cc-263b-4306-be69-c769377642ce', 'ka-b2c'),
('f69cf2ef-7851-49e9-8cfb-d0c68f4005ae', 'ka-b2c'),
('4dc9ff75-3d26-4579-8b87-a0b2dd13d32c', 'ka-b2c'),
('7829d59c-0084-489f-9c7f-4f519f5cc94e', 'ka-b2c'),
('1cefbabe-93e8-4e5d-be91-8d3fef97c6e7', 'ka-b2c'),
('555f2704-7ff2-454e-aafb-8609c8ab25ba', 'ka-b2c'),
('8ffcfc32-de1a-4a7b-a915-7fb20fc6232c', 'ka-b2c'),
('67e93070-b0de-4b8a-9d76-037afb9bf627', 'ka-b2c'),
('1fe9355d-c2bd-42d6-bb26-8e8648bc947b', 'ka-b2c'),
('80c9f019-9faf-4446-a28e-bfe9cef91659', 'ka-b2c'),
('89777912-d0c9-487f-bf1b-ea95f72507eb', 'ka-b2c'),
('70c77bb2-3e9f-4122-a8c2-04fcaf178673', 'ka-b2c'),
('8cd16d5b-1e18-4db2-acf3-6b92698e25cc', 'ka-b2c'),
('10bc7066-ad67-4f0b-a846-1c783d55e2ee', 'ka-b2c'),
('330e5f6a-c4f7-4f10-bba4-9698a87a0f4c', 'ka-b2c'),
('fcc0c0c2-be25-4d36-94a1-8152590c96cb', 'ka-b2c'),
('6787488e-80b5-4e72-84e1-4aef6cdf9398', 'ka-b2c'),
('0f60b51f-2c55-48c6-90e3-840c0dfa93e2', 'ka-b2c'),
('3201b009-a8bd-4190-ba26-3c967827864a', 'ka-b2c'),
('ba4007b1-f904-459e-868d-1b59a9d2f67e', 'ka-b2c'),
('7f7edabd-79bc-44a0-8ea3-855793e6b98f', 'ka-b2c'),
('2f85bd2f-4d6c-46e7-85ea-dc4e8d83afa9', 'ka-b2c'),
('80914e75-cf0d-4549-a294-45a9b02c59cf', 'ka-b2c'),
('93b5401c-851a-4357-84c1-7d4d697689c8', 'ka-b2c'),
('0f53d600-4c7d-48aa-8c0b-94e16abac453', 'ka-b2c'),
('3ee749d0-cb7a-460a-9244-25532b03d0a3', 'ka-b2c'),
('a180e238-8faf-439c-80ba-41cf2115b025', 'ka-b2c'),
('7b05175f-aebb-425f-970c-734131e93040', 'ka-b2c'),
('5b62ea34-afee-4e2e-95bd-a494084e2ebf', 'ka-b2c'),
('1f914e5e-5f5c-4640-b291-643cb253d961', 'ka-b2c'),
('98e663a5-3ae0-454e-b23a-cb4086655523', 'ka-b2c'),
('29ac38b1-e670-43dd-978a-ae8d12a86704', 'ka-b2c'),
('299b0eb2-a1db-4aca-a563-07bbb46e3ad9', 'ka-b2c'),
('2495ac0b-167c-4716-a453-e523656a95e1', 'ka-b2c'),
('87ae84f7-429a-4011-ae27-6f10813dece7', 'ka-b2c'),
('163bc68c-93ce-4f20-8fee-c9d2bc598d82', 'ka-b2c'),
('7c6b8e27-2b51-4a58-a403-77f57e91e071', 'ka-b2c'),
('4cfab03b-7ee9-4144-af3f-f23ffdc5d4ef', 'ka-b2c'),
('35d387d8-84b3-4166-a0c9-bc497b8d019b', 'ka-b2c'),
('9477a0c7-1c54-4f3e-af27-e1a85f70ab20', 'ka-b2c'),
('6179aef2-cab5-4db5-9b09-3fcf1ca394c2', 'ka-b2c'),
('dea9f308-7f79-4f62-946c-97b8062b99da', 'ka-b2c'),
('676e8c1a-b745-48dd-a5b1-66447ec2776b', 'ka-b2c'),
('d54d1306-c65d-4f23-a19c-87c7baf1155e', 'ka-b2c'),
('53a4af00-13ec-4de7-9c5f-e277d50ec88e', 'ka-b2c'),
('6ee141c9-289f-4945-bc62-80c655d530c3', 'ka-b2c'),
('48a5c908-038c-4013-9e53-d5451e8f599c', 'ka-b2c'),
('f8bf3b20-420d-4635-969e-863dc02b721b', 'ka-b2c'),
('27be889b-dc31-4885-a0f0-d60b32725321', 'ka-b2c'),
('f76bd280-c1d4-4ffc-a088-be6e77225c81', 'ka-b2c'),
('7edde1b2-aab7-4f8e-8240-e43890547654', 'ka-b2c'),
('b1766281-dcd5-4539-a64b-708a63c69dd9', 'ka-b2c'),
('4f702c52-fcb7-4f26-bfef-b3343ca21aee', 'ka-b2c'),
('28943c45-c4ef-4d17-bd20-2cdc6ce3ae6a', 'ka-b2c'),
('bcb54d24-41c7-4291-ac08-63e7605d9069', 'ka-b2c'),
('039564d3-ad72-48d3-bcee-603e5ac8819d', 'ka-b2c'),
('2d1f4540-cc32-49bc-be26-38819f340eaa', 'ka-b2c'),
('ed94836b-00ee-4f02-b7c1-c044f41fc0b2', 'ka-b2c'),
('29dddfc0-eac0-4c46-a360-228dc600345d', 'ka-b2c'),
('0bd00f86-3adc-46b5-8fa0-7f330290255d', 'ka-b2c'),
('ac93af91-50f5-470e-938d-5258ead823ff', 'ka-b2c'),
('24eb6bd3-54b6-4b74-ad2d-fa86fda4fa7f', 'ka-b2c'),
('90a61ec9-8541-4149-9f3e-adc9930e07af', 'ka-b2c'),
('9719a70b-52c4-469e-9851-b36fed521598', 'ka-b2c'),
('ea8fd4ba-adeb-4c4d-87ef-1b04bbda0b25', 'ka-b2c'),
('925a9028-0ada-476c-8785-f60b78da23ef', 'ka-b2c'),
('8f6d7d73-93a1-4bf4-8cce-d9c4eb9a4ca6', 'ka-b2c'),
('206bc001-2aeb-4f89-8903-67f8dba0c121', 'ka-b2c'),
('d4ca642b-5990-495c-9be5-cf52ce8b7415', 'ka-b2c'),
('34e489f7-ffa0-47ff-b131-35a9710dc81e', 'ka-b2c'),
('05016697-d277-45d4-b61e-1ebc6135a038', 'ka-b2c'),
('d7f9d077-3bac-4d49-91bd-68829d9070ff', 'ka-b2c'),
('a273b65c-1396-421c-a852-3cb12741e6d7', 'ka-b2c'),
('ef0d1350-2674-40d9-b77d-d244ab9fb9fc', 'ka-b2c'),
('58a48d85-cb20-44d7-8904-f56cfc4f328f', 'ka-b2c'),
('0f25e0df-4725-4ced-a32b-73a4408207f7', 'ka-b2c'),
('85865928-7d06-4706-b17b-1051ff41fb7d', 'ka-b2c'),
('f16f5f20-1b67-44da-9428-9ef0e120fb83', 'ka-b2c'),
('8d8e202d-28a9-4ff2-b774-7e310ee1b522', 'ka-b2c'),
('61bd0d44-a30b-4a86-81a6-b2653c4c91e0', 'ka-b2c'),
('54345727-835c-4d69-b99d-5f838cabef83', 'ka-b2c'),
('25633b36-5c5f-4d7f-865e-2d069b320672', 'ka-b2c'),
('9d4d6151-1861-4463-b0be-d25a601e14e8', 'ka-b2c'),
('8e5abe85-e4e6-41d3-9f47-7799e1e950fa', 'ka-b2c'),
('aea164db-42f8-44b4-b09a-e66ad1bfd4a6', 'ka-b2c'),
('29c19d2f-4dd8-491e-86d5-f6457a436137', 'ka-b2c'),
('5d49e738-efc6-4bd1-ad9e-7d5e35f923d4', 'ka-b2c'),
('8a0724c1-87c7-49de-a6fa-14e2c2ca31e4', 'ka-b2c'),
('04342a82-eac9-4151-9e60-91220d52a8e8', 'ka-b2c'),
('45289c3b-2f98-4b4d-83bf-edb53aa671df', 'ka-b2c'),
('d698c70c-2824-4d44-99e3-aadf3dfe8414', 'ka-b2c'),
('e2af8a86-1503-402f-86d5-0e6f1aaea2fe', 'ka-b2c'),
('11562ac5-19cd-432e-8a50-4a0de3555cc4', 'ka-b2c'),
('642d8f7f-20fc-4868-9dbf-c33f81d525c4', 'ka-b2c'),
('84e54aaa-6481-45a1-8aa5-641192310d3c', 'ka-b2c'),
('c7ebcc28-2e93-40be-8595-7f6203c37041', 'ka-b2c'),
('8750515a-39be-41bb-9309-972dbd2325aa', 'ka-b2c'),
('df231094-eddb-4a30-bc5b-83212cca71fc', 'ka-b2c'),
('6ef196e2-201f-44db-88c7-689d745f94a7', 'ka-b2c'),
('b85f255f-b168-4817-baa6-afbd0158b445', 'ka-b2c'),
('effe09e2-de0c-478c-bef3-b5c8bb2891cf', 'ka-b2c'),
('c37473bd-2a80-45dd-a533-e3f77130e24c', 'ka-b2c'),
('c65f4abf-58bb-49b0-9bfd-05e8fff7b443', 'ka-b2c'),
('8f63ff62-0ac0-45f9-97c8-b7bef73b5ab5', 'ka-b2c'),
('d9b4d08e-2857-4a4c-ad31-af4001e0be32', 'ka-b2c'),
('1ce1e78c-3a8d-405b-b9eb-b2748d1817ee', 'ka-b2c'),
('07e817e3-9be8-4c37-ab03-4e296ee64dd0', 'ka-b2c'),
('fcbc43cd-298b-4a1f-8aa8-c905d0c92f1c', 'ka-b2c'),
('f67363c4-ca78-44d8-acab-da66ebdbe0d3', 'ka-b2c'),
('f39be9fb-49b1-4a5d-ae13-77dd05997ba2', 'ka-b2c'),
('45028808-8352-43f6-885a-c7b8bdbbe003', 'ka-b2c'),
('47a1b7ae-5013-4b36-93bf-534accdfe3fe', 'ka-b2c'),
('fe7b5971-246b-416b-9f03-cd76a08d0db2', 'ka-b2c'),
('c24b5681-eec4-4538-b22a-69312070e106', 'ka-b2c'),
('d2cb20eb-4b73-423c-b72e-9b9dc13a0bf2', 'ka-b2c'),
('bc0917c6-ad67-4405-a518-13f1f340ca8d', 'ka-b2c'),
('6965f30f-fb98-4e54-ab22-923e50e05304', 'ka-b2c'),
('3a2383ce-7653-427b-b2e7-2fa61df1a104', 'ka-b2c'),
('e958c076-3da0-41de-a256-5fdab74d2ea3', 'ka-b2c'),
('894f1498-a115-4b28-a336-92a7c1c9f011', 'ka-b2c'),
('4b126c0a-5ca0-429a-b173-7bd17b9f040e', 'ka-b2c'),
('ef754d5c-045c-4221-819c-b39c4fe8947b', 'ka-b2c'),
('6d7eaca2-1bda-4c31-b6ec-a282426e4d9d', 'ka-b2c'),
('aeafb52c-d1c4-4da4-8143-e00cb83d087d', 'ka-b2c'),
('e3186c9e-d6d7-40c1-959d-48df6ff4b708', 'ka-b2c'),
('3c6b67c1-777b-4e35-9269-5be40638d253', 'ka-b2c'),
('b651b4d4-50b5-4eb8-bedf-8cc6499b2080', 'ka-b2c'),
('5971ee3f-03c9-4035-a7ec-32c502f82f22', 'ka-b2c'),
('4f9290b8-32fb-441d-ab6f-8cec770b580b', 'ka-b2c'),
('f24fad90-643b-42ae-a3ea-b379af069978', 'ka-b2c'),
('a93ac46e-74e2-4bf5-bbe1-39706274d01b', 'ka-b2c'),
('ebec4c89-005b-49e4-8f20-afeb25eed523', 'ka-b2c'),
('254f3735-97a5-44c8-a1bd-ae3af0cd2de4', 'ka-b2c'),
('e03c447e-55c2-4725-b0b3-486cf672de81', 'ka-b2c'),
('4203718c-e018-45a8-83e1-ab7d7e29759e', 'ka-b2c'),
('5ee12859-40ce-44f5-8f84-72613673d743', 'ka-b2c'),
('eaae606e-d0b2-466d-9e4d-bf7a94d9b234', 'ka-b2c'),
('5e74a25b-a05a-4f1e-ab8b-e12fa1f2ffcc', 'ka-b2c'),
('978dc91c-fe17-42b4-a3ad-f50be387002f', 'ka-b2c'),
('08ac71f8-3206-4ade-b871-eacf40074d09', 'ka-b2c'),
('702e508e-e3f3-489b-9978-60785dad18ef', 'ka-b2c'),
('dc460a1e-c534-42dc-b3fe-0ddbbde49198', 'ka-b2c');
