-- Batch 73 (200 records)
INSERT INTO contacts (id, first_name, last_name, email, phone, company, address) VALUES
('a395b8fd-5790-4a13-ba28-e2890fb57896', 'Löffel Werner u. Margrit', '(-Wyss)', 'loeffel@bluewin.ch', '', NULL, 'Mühlegasse 7, 3432 Lützelflüh-Goldbach, BE'),
('e7163fed-95d7-417b-a27e-61ae8f621b1c', 'Logoz', 'Dinu', 'd.logoz@bluewin.ch', '', NULL, 'Brühlfeldweg 2, 8112 Otelfingen, ZH'),
('79f774ff-b41c-4b4e-b78c-853636e4b2b5', 'Loher Guido', '(-Eggenberger)', 'g.loher@gmx.ch', '', NULL, 'Gmeindstrasse 37, 9462 Montlingen, SG'),
('984554ce-d338-4d78-be0d-51954df46a52', 'Loher Peter und Hildegard', '(-Sutter)', 'peter.loher@bluewin.ch', '', NULL, 'Apfelweg 7, 8590 Romanshorn, TG'),
('32fb95c3-c7e9-4155-93fc-3cdd45a393ab', 'Loher', 'Stefan', 'stefanloher@gmail.com', '41794103669', NULL, 'In Rugn 15, 6535 Roveredo GR, GR'),
('cadcdf75-cfa5-4f8f-987f-26beb852200d', 'Lohner', 'Eduard', 'lohner@bluewin.ch', '', NULL, 'Tobel 3B, 7493 Schmitten (Albula), GR'),
('785bf762-f84f-4b03-acb9-d993123b9c1f', 'Lohner Erich und', 'Corinne', 'erich@lohner.net', '', NULL, 'Stutzerstrasse 22, 6402 Merlischachen, SZ'),
('eef13ab1-3fe3-4535-b253-153ba2f25c08', 'Lohner', 'Hans', 'h.lohner@bluewin.ch', '41784053940', NULL, 'Moosstrasse 7, 8965 Berikon, AG'),
('377a9cab-f251-4a76-afe8-838b5cc2e2eb', 'Lohner Manfred', '(-Casanova)', 'mlohner@bluewin.ch', '', NULL, 'Arisdörferstrasse 51, 4410 Liestal, BL'),
('2efe7439-12ab-491b-857e-19a5529e6688', 'Lohr', 'Christian', 'christian.lohr@lohr.ch', '', NULL, 'Alleeweg 10, 8280 Kreuzlingen, TG'),
('ed5b1cad-b923-4868-863e-dfdaf836e45a', 'Löhr Daniel und Paola', '(-Conz)', 'daniel.loehr@bluewin.ch', '41794751302', NULL, 'Im Grüt 6, 8902 Urdorf, ZH'),
('12300032-3e6b-4e88-ad7d-d433fa1b645f', 'Löhr', 'Fabio', 'f_loehr@bluewin.ch', '', NULL, 'Schlierenstrasse 35, 8142 Uitikon Waldegg, ZH'),
('5de58650-4cf7-43bb-accd-2d869c2443aa', 'Löhrer Niklaus und Agnes', '(-Walser)', 'niklaus.loehrer@bluewin.ch', '', NULL, 'Rietblickstrasse 2, 9453 Eichberg, SG'),
('2b5567b1-cbf8-430d-a7d0-6a00db28dc17', 'Lohri Barbara und Rudolf und Fabian', '(-Steuri)', 'faruba@bluewin.ch', '', NULL, 'Klosternhalde 3A, 3612 Steffisburg, BE'),
('c2b5ff9d-7508-449c-bafe-4f9fdc737f3a', 'Lohri', 'Hulda', 'hulda.lohri@bluewin.ch', '', NULL, 'Rigistrasse 3, 4054 Basel, BS'),
('20f7d39d-d85c-44a5-bf3b-09162bfb5d55', 'Lohri Roland und Denise', '(-Menzi)', 'lohri.roland@bluewin.ch', '41793200340', NULL, 'Mühlenstrasse 10, 9030 Abtwil SG, SG'),
('39dbae99-9f12-4e55-aec2-cdd9ea5a6315', 'Lohri', 'Therese', 'th.lohri@bluewin.ch', '41796009985', NULL, 'Bellevuestrasse 151, 3095 Spiegel b. Bern, BE'),
('d8699b12-ce10-4088-a02c-78a67eeb2b79', 'Loi Bruno und', 'Paula', 'info@brunoloi.ch', '', NULL, 'Cröt 219, 7447 Avers, GR'),
('fef2d75c-99e9-4113-9d9f-a0b4f8c8165b', 'Lombao Rubias Fernando', 'Javier', 'fernando.lombao@gmx.ch', '41765812950', NULL, 'General-Guisan-Strasse 7, 6300 Zug, ZG'),
('27bdc459-cee6-4e8b-a8c4-d512387fc74c', 'Lombris', 'Fabian', 'fabianlombris@me.com', '41796944278', NULL, 'Obere Postmatte 3, 6468 Attinghausen, UR'),
('96d19cb4-6075-4321-a6ac-da27b38f1397', 'Longatti Marlies und Bruno', '(-Preisig)', 'kontakt@longis.ch', '', NULL, 'Dorf 3, 9063 Stein AR, AR'),
('cf74052a-3587-4a57-a023-52d98977559b', 'Longhitano Giuseppe', '(-Rizzo)', 'mail@longhitano.ch', '', NULL, 'Hauptstrasse 35, 2552 Orpund, BE'),
('1d327099-e58e-4347-9c1c-ef991f205f08', 'Longwitz Ralf und', 'Sarah', 'direct@longwitz.ch', '', NULL, 'Finkfeld 12A, 3400 Burgdorf, BE'),
('87fc634f-d5f8-4dd8-9fbf-e5e00576b10b', 'Lonzen', 'Paul', 'paul@lonzen.net', '', NULL, 'Sonnmatt 80, 9122 Mogelsberg, SG'),
('65f914a9-2a7d-4e08-9e3b-075025d486be', 'Looser', 'Christoph', 'christoph.looser@smile.ch', '', NULL, 'Schulhausstrasse 8, 8916 Jonen, AG'),
('d456e26b-8e7d-4495-a4c8-415bc6d05659', 'Looser', 'Doris', 'dorolingua1@hispeed.ch', '', NULL, 'Lämmlisbrunnenstrasse 34, 9000 St. Gallen, SG'),
('72ab40be-8d1d-4bb4-97eb-1555b4e73987', 'Looser', 'Gaby', 'info@horsewell.ch', '41795318077', NULL, 'Rosengartenstrasse 2, 8418 Schlatt ZH, ZH'),
('236b1309-1274-4e0d-80b2-4b69e89513f9', 'Looser', 'Heinz', 'heinzlooser@bluewin.ch', '41793585475', NULL, 'Entlisbergstrasse 21, 8038 Zürich, ZH'),
('52f5ea54-b858-4961-8431-6137720c6950', 'Looser', 'Jürg', 'juerg.looser@bluewin.ch', '41787438900', NULL, 'Im Garten 3, 8966 Oberwil-Lieli, AG'),
('858877fc-b576-4f97-8240-f9bff518309d', 'Looser Paul', '(-Aquino)', 'segel@bluewin.ch', '', NULL, 'Zum Wisse Segel 1, 4144 Arlesheim, BL'),
('795973e5-2b35-4e5b-8008-1a8dcb91b471', 'Looser', 'Simon', 'simon_looser@bluewin.ch', '', NULL, 'Im Brünnli 13, 8152 Opfikon, ZH'),
('e2c282af-f518-49f4-90e9-8e7b83b7effc', 'Looser', 'Theodor', 'theodor.looser@catv.rol.ch', '', NULL, 'Heidenerstrasse 10, 9450 Altstätten SG, SG'),
('5db887ca-d1aa-4731-a626-0b20d40c8dd5', 'Loosli', 'Anja', 'anja@47nord.ch', '41797963428', NULL, 'Hännisweg 18, 3645 Gwatt (Thun), BE'),
('224fea53-abbb-41e9-b093-d973ec9155a4', 'Loosli Bettina', '(-Stähli)', 'bettie66@hotmail.com', '', NULL, 'Staffelackerstrasse 7, 8953 Dietikon, ZH'),
('d4447e7b-b592-4829-9efd-14315bfc8982', 'Loosli Bruno und Al Habsi', 'Shaikha', 'bl60@icloud.com', '41797835825', NULL, 'Stalden 27, 4500 Solothurn, SO'),
('d1470f70-0c0e-460f-9ce5-32783cf12532', 'Loosli Christoph und Marlis', '(-Zürcher)', 'christoph.loosli@cleanfix.com', '41793351502', NULL, 'Ruhbergstrasse 16, 9230 Flawil, SG'),
('a092bb35-7c61-4741-a88a-b8cded7b8148', 'Loosli Daniel und', 'Dora', 'daniel.loosli@jesus.ch', '', NULL, 'Mühlestrasse 31, 8487 Rämismühle, ZH'),
('00abe549-5053-4379-805a-79e0b235f149', 'Loosli', 'Hans', 'hansloosli@gmx.ch', '41792932042', NULL, 'Moosstrasse 27, 3550 Langnau im Emmental, BE'),
('ff408c4f-51b7-47f3-80af-12011af2f615', 'Loosli', 'Hanspeter', 'hans-peter.loosli@baloise.ch', '41793294587', NULL, 'Dammstrasse 4, 4665 Oftringen, AG'),
('b7b48a46-504c-4fc4-8615-ddf0c9b60873', 'Loosli', 'Henry', 'treuhand.loosli@bluewin.ch', '41793253341', NULL, 'Ringstrasse 6, 4455 Zunzgen, BL'),
('50ee7744-ca8d-4c3a-85ce-9214c61ec8a9', 'Loosli Peter und Annelies', '(-Kilchherr)', 'loosli-riehen@gmx.ch', '41795659148', NULL, 'Bohnackerweg 10, 4153 Reinach BL, BL'),
('b3f46393-fb6a-47fd-a8ea-d85dfa8a5468', 'Loosli Peter und', 'Brigitte', 'loosli.aefligen@bluewin.ch', '', NULL, 'Utzenstorfstrasse 8, 3426 Aefligen, BE'),
('a55a8b1a-c9ee-497f-afb9-f0c9a6eacf08', 'Loosli Rolf', '(-Rumpel)', 'rloosli@swissonline.ch', '', NULL, 'Grafschaftstrasse 57, 8172 Niederglatt ZH, ZH'),
('279c0cb5-49c0-478d-8152-74cc059ff0e0', 'Loosli', 'Samuel', 'sam.loosli@besonet.ch', '', NULL, 'Hinterfeldweg 1, 4914 Roggwil BE, BE'),
('38581eca-e9c0-42f6-a823-0c54afe0e7eb', 'Loosli Simone', '(-Meier)', 'simoneloosli@besonet.ch', '41794496305', NULL, 'Schulhausstrasse 3, 4556 Aeschi SO, SO'),
('8d9bc2f5-79f6-4db3-addc-e0f4486e2c13', 'Loosli', 'Theo', 'theoloosli@yahoo.de', '', NULL, 'Lorzenstrasse 5, 6314 Unterägeri, ZG'),
('236d1677-dfd0-4e9c-924c-c047669299d6', 'Loosli Yan und Ralph', '(-Wang)', 'ralph.loosli@bluewin.ch', '', NULL, 'Gürbeweg 51, 3123 Belp, BE'),
('ca253a75-a29d-4be8-876d-53455e79dd3a', 'Loosli-Schärer Manfred und', 'Barbara', 'barbaraloosli@solnet.ch', '', NULL, 'Friedhofweg 34, 4950 Huttwil, BE'),
('dbfc1fab-c1f6-4ee9-bdff-d1feae59d401', 'Lopes De Carvalho', 'Sandra', 'sandra-carvalho@bluewin.ch', '41796342745', NULL, 'Rütiweg 118, 3072 Ostermundigen, BE'),
('a8437ce8-def0-4982-8f1b-36d4ea204ccc', 'Lopes La Montagne', 'Marisa', 'marisalee9@hotmail.com', '', NULL, 'Döltschihalde 34, 8055 Zürich, ZH'),
('f5a9377f-e77a-460f-877a-6a8b3feded91', 'Lopes', 'Matias', 'brasil.capoeira@smile.ch', '41793301817', NULL, 'Gesellschaftsstrasse 38, 3012 Bern, BE'),
('757d1787-1637-40ed-aae3-47b3610d5dd6', 'Lopez', 'Antonio', 'a.lopez@besonet.ch', '', NULL, 'Sägeweg 6b, 3250 Lyss, BE'),
('318b2557-e9ed-471e-aed6-5ec18115ba46', 'Lopez José', '(-Arias)', 'lopez.jose@bluewin.ch', '41786565672', NULL, 'Tellistrasse 16, 5000 Aarau, AG'),
('4288fbd3-e80e-4e09-9e6c-e93d3a4db012', 'Löpfe Michael und Susanne', '(-Frick)', 'm.loepfe@gmx.ch', '41794487152', NULL, 'Rankweg 30A, 5615 Fahrwangen, AG'),
('195f226e-d1bf-4515-b712-b5b2afe437b0', 'Loprieno Antonio und Andrea', '(-Gnirs)', 'a.loprieno@unibas.ch', '', NULL, 'Petersgasse 38, 4051 Basel, BS'),
('b2e22dad-0d60-4a72-9c8b-4dd1e9af8d10', 'Lor Zielonka', 'Heang', 'heang@zukunft.com', '', NULL, 'Blumentalstrasse 15, 8707 Uetikon am See, ZH'),
('6df11887-62e9-47e8-b274-be10a9795859', 'Lorandi Cornelia und Bruno', '(-Horber)', 'bruno@lorandi.ch', '', NULL, 'Im Obstgarten 7b, 8580 Amriswil, TG'),
('7a76483f-9006-448a-8940-1ed5749a9f68', 'Lorch Jonas und Baschnagel', 'Rachel', 'jonas@lorch.cc', '', NULL, 'Landweg 12, 8916 Jonen, AG'),
('0932f42e-9413-4c84-b408-f25179d37d40', 'Lorenz', 'Daniela', 'danielalorenz@bluewin.ch', '41796305429', NULL, 'Mühlestrasse 19c, 8623 Wetzikon ZH, ZH'),
('315c4b7d-ee12-42c0-80f5-2545b54efd24', 'Lorenz', 'Dieter', 'd.lorenz-wirth@bluewin.ch', '', NULL, 'Gehrstrasse 206, 4574 Nennigkofen, SO'),
('09807151-b388-4670-8679-5c3a332d1f07', 'Lorenz Jörg u. Gisela', '(-Kilsch)', 'info@familie-lorenz.ch', '', NULL, 'Landenbergstrasse 51, 8404 Winterthur, ZH'),
('6bb304ff-0789-448b-bf8e-d829240ae12e', 'Lorenz Marija und Marcus', '(-Sosic)', 'marcus_lorenz@gmx.de', '', NULL, 'Acherrainstrasse 1, 6390 Engelberg, OW'),
('7036fe0d-558e-421e-a5f1-ca8e4168cc19', 'Lorenz', 'Ralf', 'ralf.lorenz@ralo.ch', '41786577333', NULL, 'Gakleinenweg 4, 9472 Grabs, SG'),
('5e98f803-7d2b-4a1d-9ea5-730119e29a24', 'Lorenz', 'Sylvana', 'sclhdsl@gmail.com', '41798894600', NULL, 'Grand-Rue 2, 2520 La Neuveville, BE'),
('66dc239b-a891-4dd5-b011-cba6652d992d', 'Lorenzetti Renzo und Christine', '(-Rytz)', 'lorenzettir@bluewin.ch', '', NULL, 'Gartenweg 1, 3315 Bätterkinden, BE'),
('15f5c794-a851-4566-9f92-de9617be24b5', 'Lorenzini Remo und Vreni', '(-Lehmann)', 'lorenzini@bluewin.ch', '', NULL, 'Winkelweg 6B, 3072 Ostermundigen, BE'),
('849ad71a-bc36-4052-8b74-de81a8c4e1af', 'Lorenzo', 'Alexandre', 'alexandrelorenzo@hotmail.com', '41794931350', NULL, 'Chemin de Graitery 15, 2740 Moutier, BE'),
('1edc6ab4-b5ab-4e24-a198-96e9046bf699', 'Lorenzoni Maya und Werner', '(-Huber)', 'mayalorenzoni@bluewin.ch', '', NULL, 'Gotthardstrasse 28, 6487 Göschenen, UR'),
('d32de3af-6964-4342-a546-42b33b35d3bc', 'Loreti Raffaele und', 'Maria', 'raffaele.loreti@bluewin.ch', '', NULL, 'Hofrain 19, 5420 Ehrendingen, AG'),
('af0b4eff-2cb7-4423-8295-74ec699de8c1', 'Loretz Crameri Lisetta', 'Anna', 'lisetta.loretz@gmx.ch', '41763341952', NULL, 'Schlossgasse 7, 5505 Brunegg, AG'),
('fda2e218-ea93-440e-9230-afbb4b3d8728', 'Loretz Siegfried und', 'Elisabeth', 'fam.loretz@bluewin.ch', '41796818585', NULL, 'Rheinfelsstrasse 29, 7000 Chur, GR'),
('c6f209e5-fff2-4885-ac74-cce8dd3666ed', 'Lorez', 'Silvia', 'slorez@hispeed.ch', '', NULL, 'Bertastrasse 84, 8003 Zürich, ZH'),
('7adda535-ea5f-48d1-b61f-9258be438b0c', 'Lori Patrik und Beatrix', '(-Brun)', 'patrik.lori@me.com', '', NULL, 'Panoramastrasse 6, 5625 Kallern, AG'),
('559c043e-9b57-4575-8623-412b25fc999c', 'Loriol', 'Bernard', 'bloriol@hotmail.com', '41794731908', NULL, 'Schönegg 3, 6300 Zug, ZG'),
('1bec836c-f34a-445c-b90a-f46e6e38c900', 'Loriol François-Marc und Barbara', '(-Sabatini)', 'loriols@gmx.net', '', NULL, 'Brünigstrasse 2A, 8105 Watt, ZH'),
('46687645-ba01-4ed2-9286-788f8d008b84', 'Lorito Leoluca (-De', 'Paolis)', 'l.lorito@bluewin.ch', '41789027366', NULL, 'Hardstrasse 102, 5432 Neuenhof, AG'),
('a093d18c-1e19-4a49-871a-4a11431060e5', 'Lörtscher', 'Daniel', 'lifecopter@gmx.ch', '41772552021', NULL, 'Hochstrasse 98, 8200 Schaffhausen, SH'),
('bc2a0cd4-8eb5-41c7-84e0-bb43e2daec3e', 'Lörtscher', 'Fernando', 'floertscher@swissonline.ch', '', NULL, 'Kumm 311, 3765 Oberwil im Simmental, BE'),
('7fdfb368-7dda-4e7b-94e6-cc8abeac581e', 'Lörtscher Fritz und Liselotte', '(-Grunder)', 'lilo-loertscher@gmx.net', '', NULL, 'Dorfstrasse 41, 5242 Lupfig, AG'),
('fc1c468e-3da7-47ef-aa0d-b13a596f3421', 'Lory', 'Ekkehard', 'info@ekk-art.ch', '', NULL, 'Buchwaldstrasse 5, 9008 St. Gallen, SG'),
('fcfa6807-a528-40ce-970f-e77375622827', 'Lory Reinhilde', 'Gerda', 'gerda.lory@bluewin.ch', '41787380813', NULL, 'Kirchenfeldstrasse 74, 3005 Bern, BE'),
('e6a61ba7-b770-41c0-a59b-c623a78bbd7d', 'Lory Simon und Silvia', '(-Hugi)', 'silo@bluewin.ch', '', NULL, 'Sonnenstrasse 29, 3672 Oberdiessbach, BE'),
('470f6999-65a8-411f-a8a6-fa0d45319894', 'Losa Sabrina', 'Maria', 'sabrinalosa@hotmail.com', '41795600475', NULL, 'Hinterdorfstrasse 6A, 8635 Dürnten, ZH'),
('f5b85825-66fd-4517-be77-6a55f12efbf7', 'Löscher', 'Herbert', 'herbert.loescher@bluewin.ch', '41798603152', NULL, 'Moosweg 15, 9470 Buchs SG, SG'),
('aad6d4b6-8917-4f7c-af83-81ca8f6663cb', 'Loser Christian und Nadja', '(-Eugster)', 'nadja.loser@bluewin.ch', '41794228979', NULL, 'Wühristrasse 43, 5712 Beinwil am See, AG'),
('a627c5d6-3699-43a1-82f4-bb015f93b9c5', 'Loser', 'Julia', 'praxis@seeligkeit.ch', '41795614634', NULL, 'Krebsenweg 4, 5040 Schöftland, AG'),
('2f1a377d-7147-41b6-9e45-553fcc52ef2f', 'Loser Paul', '(-Hediger)', 'pamlos@bluewin.ch', '41796246609', NULL, 'Bahnweg 7, 4614 Hägendorf, SO'),
('9c389119-f628-48c9-86d0-923920e29fa9', 'Loser', 'Peter', 'loserspengler@bluewin.ch', '41786039902', NULL, 'Gähwilerstrasse 56, 9533 Kirchberg SG, SG'),
('906568cd-226c-4bf9-aae9-5d3c8efe5df8', 'Loser Urs u. Hildegard', '(-Zeller)', 'urs.loser@bluewin.ch', '', NULL, 'Leestrasse 12, 9464 Rüthi (Rheintal), SG'),
('985af337-7d63-4f67-97c9-be3df3ef6599', 'Losinger Ania und Eser', 'Matthias', 'info@xala.ch', '', NULL, 'Weissacherweg 18, 4539 Rumisberg, BE'),
('01e267d4-c6dd-47a4-8256-e773dc178533', 'Losinger Paolo Arnoldo', 'Andrea', 'paolo.losinger@bluewin.ch', '', NULL, 'Zollikerstrasse 148, 8008 Zürich, ZH'),
('406090b6-47df-41ee-bd10-5258cf10b434', 'Losinger', 'Vinzenz', 'v.losinger@bluewin.ch', '', NULL, 'Junkerngasse 23, 3011 Bern, BE'),
('aeca1e1a-de17-415d-bc39-1f19dd564497', 'Loss Astrid', 'M.', 'am@loss.ch', '', NULL, 'Rathausgasse 29, 5000 Aarau, AG'),
('33505588-c201-4953-bde9-f2216862f3e8', 'Loss Stefan und Stadie Loss', 'Kerstin', 'stefan@stadie-loss.ch', '41795184103', NULL, 'Weidstrasse 3a, 8122 Binz, ZH'),
('4e6f36b7-ed4d-49d8-a11a-11c151101d65', 'Lotan Reuben und', 'Esther', 're.lotan@bluewin.ch', '41787141636', NULL, 'Feldpark 1, 6300 Zug, ZG'),
('74fd4e41-fa56-4289-bbca-4750c6114be5', 'Lötscher Brigitte', '(-Müller)', 'brigitte.loetscher@bluewin.ch', '', NULL, 'Schauensee 26, 6204 Sempach, LU'),
('37e556f4-889f-499e-a48f-934ff20527f9', 'Lötscher', 'Daniel', 'larrys.tinting@bluewin.ch', '41764958774', NULL, 'Wiesenweg 20, 8200 Schaffhausen, SH'),
('0c849885-377b-4360-a751-3acee8d9b21b', 'Lötscher Denis und Renate', '(-Salomon)', 'denisloetscher@bluewin.ch', '41796969764', NULL, 'Mettgasse 12, 2555 Brügg BE, BE'),
('79f4ffdc-50c0-49b0-8729-8c82c0a73699', 'Lötscher', 'Erwin', 'eloetscher@gmx.ch', '41798144859', NULL, 'Militärstrasse 47, 6003 Luzern, LU'),
('1be3e511-463d-4a45-b705-83dffafeb239', 'Lötscher Franz A. und', 'Blanca', 'franz.a.loetscher@bluewin.ch', '41793218094', NULL, 'Moosmatthalde 21, 6045 Meggen, LU'),
('a77adb64-e21a-4477-814c-95315d9a525f', 'Lötscher Georg', '(-Pleisch)', 'fam-loe@bluewin.ch', '', NULL, 'Kirchweg 15, 7228 Schuders, GR'),
('89e3685e-6981-4949-a36d-0c240b86b4ea', 'Lötscher Hans und Ruth', '(-Hehli)', 'johnny-schweiz@bluewin.ch', '41794005767', NULL, 'Schinderwies 3, 8233 Bargen SH, SH'),
('0775176b-23d0-46b8-ac44-5dced878445c', 'Lötscher Joseph und Marianne', '(-Lustenberger)', 'joseph.loetscher@bluewin.ch', '', NULL, 'Luegisland 2, 6162 Entlebuch, LU'),
('f79e6ffc-6eac-4dfc-b7a5-8f8ab4505a87', 'Lötscher Liliane und Niklaus', '(-Pfäffli)', 'info@alaska-wildtrek.ch', '', NULL, 'Hanselenstrasse 18, 3722 Scharnachtal, BE'),
('f53b386d-f68b-4a1d-8a00-82c5d4871c3e', 'Lötscher', 'Martin', 'martin.loetscher@bluewin.ch', '', NULL, 'Ammannsmatt 56, 6300 Zug, ZG'),
('ff78be38-8650-4a8b-b130-a71bb14815ae', 'Lötscher', 'Martin', 'martin-loetscher@bluewin.ch', '', NULL, 'Haldenwiesli 7, 8224 Löhningen, SH'),
('7e62fa52-91f3-4fd0-97e2-b7f94491dd6c', 'Lötscher', 'Pia', 'kontakt@psychotherapie-loetscher.ch', '41772658205', NULL, 'Unter der Egg 10, 6004 Luzern, LU'),
('46a18008-af3c-46fc-a61a-e04d61aa087f', 'Lötscher', 'Roman', 'roman.loetscher@ltp.ch', '', NULL, 'Haltenhöhe 10, 6048 Horw, LU'),
('6014879b-8360-49f8-9f3f-dda94fac669e', 'Lötscher Sepp', '(-Bürgi)', 'sepp.loetscher@bluewin.ch', '', NULL, 'Ackerweg 5, 8219 Trasadingen, SH'),
('597efc8d-5e65-4306-a541-5d0aa10045ed', 'Lötscher', 'Toni', 'loetscher.toni@bluewin.ch', '41794316562', NULL, 'Aarestrasse 34, 3800 Unterseen, BE'),
('6024ced7-9305-4407-b841-36e01cc863ce', 'Lott Gret', '(-Stolz)', 'lott-stolz@goldnet.ch', '', NULL, 'Bergstrasse 13, 8712 Stäfa, ZH'),
('421e3bf9-c4e5-4ac8-9143-6e2b7bae18fa', 'Lottaz', 'Ursula', 'ursula.lottaz@hispeed.ch', '41786785230', NULL, 'Langhagstrasse 4, 4600 Olten, SO'),
('9680d636-a456-47c0-8947-7c1e4f110510', 'Lottenbach Rolf und Hildegard', '(-Schriber)', 'consult@lottenba.ch', '', NULL, 'Mösliweg 1c, 6353 Weggis, LU'),
('7f196411-3553-4b5c-ae1e-c1b00d5de04d', 'Lotter Ursula', '(-Murrmann)', 'ursula.lotter@bluewin.ch', '', NULL, 'Bööndlerstrasse 23, 5413 Birmenstorf AG, AG'),
('4e24c8dd-9730-4dd0-a8cb-5d1113a8a7f2', 'Louis Thomas A. und', 'Gabriele', 'thomas@louis.ch', '', NULL, 'Schmittegass 47, 8957 Spreitenbach, AG'),
('337e52f8-b8f8-4aaf-8e3f-c721766d1d2b', 'Louven Bernhard Inge', '(-Louven)', 'hans.bernhard@bga.ch', '41792056912', NULL, 'Etzelstrasse 9, 8634 Hombrechtikon, ZH'),
('d0332b64-566b-496a-af69-44602b520d52', 'Louys', 'Marcel', 'louys@gmx.ch', '41794119666', NULL, 'Haslacherweg 10, 8213 Neunkirch, SH'),
('77f2caaf-8ed5-44f9-820c-482c42d67569', 'Lovasz Peter und', 'Pia', 'bistro_uitikon@bluewin.ch', '', NULL, 'Rebhalde 30, 8903 Birmensdorf ZH, ZH'),
('14846268-917d-48e9-8cff-808bf1291fd4', 'Loviat', 'Fabienne', 'fabienne@fabienneloviat.com', '41788029696', NULL, 'Rue Neuve 8, 2738 Court, BE'),
('d785b9d8-5400-4018-b4e5-71d2bab73335', 'Lovis', 'Thierry', 'thierry.lovis@bluewin.ch', '41793355890', NULL, 'Rue Neusté 3, 2740 Moutier, BE'),
('9699ee50-3f9c-40e4-ba33-15c45f059bb5', 'Lovrinovic Blazenka und Mirko', '(-Prskalo)', 'blaze_mirko@hotmail.com', '41793776592', NULL, 'Hasenackerstrasse 17, 8708 Männedorf, ZH'),
('6f385ba6-49fa-458f-8ceb-9bb1298d8a5e', 'Löwenthal Florian, Kamer Sonja, Trütsch Eliane, Fässler', 'Benjamin', 'info@loewenthal.ch', '', NULL, 'Klosterstrasse 5D, 6440 Brunnen, SZ'),
('10ff87f7-7172-488a-bad6-0052aaf12daa', 'Lozza Pirmin e Helena', '(-Camathias)', 'info@lozza.ch', '41797997070', NULL, 'Via Sontget 11, 7180 Disentis/Mustér, GR'),
('2c6b60bf-515e-42f4-9bf8-f6adf4cd65ee', 'Lucchini Heidi', '(-Steuer)', 'heidi.lucchini@ggaweb.ch', '41794725240', NULL, 'Buchhalden 2, 8127 Forch, ZH'),
('ad844b93-5508-4828-9c1c-a6f6c34a875f', 'Lucchini Marco und', 'Andrea', 'alucchini@bluewin.ch', '', NULL, 'Bahnhofstrasse 47, 8320 Fehraltorf, ZH'),
('b7d52fe5-21d0-434f-a2ef-5d2eb377f158', 'Lüchinger Béatrice & Rohner', 'Sandro', 'muehlibach-service@bluewin.ch', '', NULL, 'Feggstrasse 2, 9413 Oberegg, AI'),
('a7e56004-c27b-4f66-8c35-59bb32800a6a', 'Lüchinger Heinz', '(-Christian)', 'heinz.luechinger@hispeed.ch', '41764170757', NULL, 'Unterdorfstrasse 46, 8311 Brütten, ZH'),
('59745c2e-90fd-49e4-a8a5-8b25d936f74a', 'Lüchinger Ivo und Caroline', '(-Müller)', 'ivo.luechinger@bluewin.ch', '41794521291', NULL, 'Emserenstrasse 29, 9434 Au SG, SG'),
('6e0a5685-00de-4df2-a17e-c26914cd22b3', 'Lüchinger', 'Kurt', 'kurt@glag.ch', '', NULL, 'Aegetholzstrasse 27, 9443 Widnau, SG'),
('2267b363-c643-4b2b-ab8b-85645958543b', 'Lüchinger Leuch Gioia und', 'Peter', 'leuch@swissonline.ch', '', NULL, 'Unterrütiweg 6, 8400 Winterthur, ZH'),
('0b9f8fce-aff9-42e8-9a0c-f4d18c19a546', 'Lüchinger', 'Max', 'max.luechinger@hispeed.ch', '41794382085', NULL, 'Seestrasse 116, 8610 Uster, ZH'),
('e0272d53-4402-43dd-b802-723aa442bdf4', 'Lüchinger Paul und Elisabeth', '(-Grob)', 'luechinger_paul@bluewin.ch', '', NULL, 'Kirchgasse 5, 8902 Urdorf, ZH'),
('5511d421-da8c-4ee9-a636-171ceb79ae23', 'Lüchinger Pierre', 'E.', 'pierre.luechinger@bluewin.ch', '41765436146', NULL, 'Gottfried-Keller-Strasse 9, 4800 Zofingen, AG'),
('66a92dfa-6d32-4420-8962-90275182699d', 'Lüchinger', 'Werner', 'wekoag@bluewin.ch', '41787094111', NULL, 'Oberauweg 5D, 9453 Eichberg, SG'),
('a2464465-d975-4bd8-a316-1a8753a923bb', 'Luchsinger Frido', 'M.', 'luchsinger@bluewin.ch', '', NULL, 'Rindhofstrasse 16, 8595 Altnau, TG'),
('51885f9a-5e48-4428-8597-f07663c0fafe', 'Luchsinger Hans und Daniela', '(-Mani)', 'hans.luchsinger@bluewin.ch', '41794295475', NULL, 'Innere Dorfstrasse 36, 3718 Kandersteg, BE'),
('9a559c27-03c3-4461-a5a9-6f0be25c5979', 'Luchsinger', 'René', 'r.luchs@hispeed.ch', '', NULL, 'Tösstalstrasse 42, 8493 Saland, ZH'),
('2613c83b-dc3a-44bc-bb63-4a624cff2613', 'Luchsinger', 'Robert', 'robert.luchsinger@bluewin.ch', '', NULL, 'Kehlhofstrasse 57, 8542 Wiesendangen, ZH'),
('944d165c-ddd4-4180-b4a9-332dbfc4b7fd', 'Luck Annette', '(-Stierli)', 'apluck@bluewin.ch', '', NULL, 'Birkenstrasse 35, 8134 Adliswil, ZH'),
('9d91056e-628d-4be1-b327-cccacd4a852a', 'Luck', 'Arlene', 'info@colorides.ch', '', NULL, 'Neue Jonastrasse 38, 8640 Rapperswil SG, SG'),
('570b1124-a5e2-46c4-b797-c5b5abc959a0', 'Luck Martin und Sibylle', '(-Liver)', 'info@sibylles-kosmetikoase.ch', '', NULL, 'Bahnhofstrasse 41, 7231 Pragg-Jenaz, GR'),
('3dc3b056-5de3-4d6d-9438-d9238336d947', 'Luck Walter und Heidi', '(-Hegi)', 'walter.luck@bluewin.ch', '', NULL, 'Grosszelgstrasse 1, 8426 Lufingen, ZH'),
('c223efb7-a106-4511-8c46-dfcaee66bf58', 'Luder', 'Daniel', 'd.luder@bluewin.ch', '', NULL, 'Steingasse 10, 3429 Höchstetten, BE'),
('cbd5b028-f062-4949-9edf-1c5ccc79f7a7', 'Luder Iris und', 'Daniel', 'daniel.luder@bluewin.ch', '41796638532', NULL, 'Hofackerstrasse 9, 3454 Sumiswald, BE'),
('241fff2f-60b5-4e42-8358-770cc900fa94', 'Luder Ivo und Sandra', '(-Müller)', 'ivo.luder@bluewin.ch', '', NULL, 'Leimatstrasse 26, 9205 Waldkirch, SG'),
('965ab387-1c0a-41cb-b8ba-6e965d79ddb3', 'Luder Markus und Liselotte', '(-Widmer)', 'marc.lilo.luder@bluewin.ch', '', NULL, 'Schützenhausstrasse 4, 5015 Erlinsbach SO, SO'),
('0098abac-d227-40b5-a0a5-803c8300a9dc', 'Luder Silvia, Linda und', 'Lorenz', 'silvia@balcab.ch', '41793334262', NULL, 'Bättwilerstrasse 15, 4054 Basel, BS'),
('c9b70ac9-8dfe-4bff-b49e-e730e32a91d1', 'Ludescher Hans und Judith', '(-Widrig)', 'ludescher.hans@bluewin.ch', '', NULL, 'Badriebstrasse 4A, 7310 Bad Ragaz, SG'),
('c432f17d-f233-4db2-99f1-3c33679da56f', 'Lüdi Hans', 'Ulrich', 'huluedi25@bluewin.ch', '41793032160', NULL, 'Obere Oschwandstrasse 25, 3414 Oberburg, BE'),
('b8120be9-7bc0-46e7-bd98-68d3e7eb68f3', 'Lüdi Hans und Silvia', '(-Szostak)', 'luedith@freesurf.ch', '', NULL, 'Thülboden 9, 4950 Huttwil, BE'),
('19032ce3-e607-4f59-85ad-d1fddf2df998', 'Lüdi Hanspeter und Christine', '(-Gurtner)', 'luedi-gurtner@bluewin.ch', '', NULL, 'Ahornweg 17, 3123 Belp, BE'),
('3f92171c-a2ab-470d-a4c0-89396a082474', 'Ludi Hans-Peter und', 'Esther', 'hanspeter.ludi@buewin.ch', '41797049839', NULL, 'Eggetlistrasse 3, 3770 Zweisimmen, BE'),
('f9496cf5-9a6d-41c7-80a1-39742e5a8db0', 'Lüdi Heinz und Annerose', '(-Mäder)', 'heinzluedi@bluewin.ch', '', NULL, 'Michelsforst 96, 3204 Rosshäusern, BE'),
('47c53bb0-4d0f-40f3-a6ff-a6d7ac156d2f', 'Lüdi', 'Marc', 'marctimon@bluewin.ch', '41787360684', NULL, 'Rossbergstrasse 33, 4632 Trimbach, SO'),
('9a711d37-1902-4742-8fe8-ab89203bd064', 'Lüdi Marc und Erna', '(-Bolliger)', 'marc.luedi@bluewin.ch', '41792130662', NULL, 'Schartenfelsstrasse 29a, 5400 Baden, AG'),
('400b07a4-cb5f-4767-8375-4721c1e7f0b3', 'Lüdi Sonja', '(-Schmidlin)', 'sonjaluedi@hotmail.com', '', NULL, 'Schleifenbergstrasse 39, 4058 Basel, BS'),
('66464d82-7a56-4a12-9bee-3ebc9971356c', 'Lüdi', 'Theresia', 'luedi.heinz4@bluewin.ch', '', NULL, 'Solothurnstrasse 100A, 2543 Lengnau BE, BE'),
('55fd305d-6df9-42a3-bc87-6e7e5baf302a', 'Lüdi', 'Thomas', 'luedi-hess@bluewin.ch', '41797101144', NULL, 'Luzernerstrasse 64, 6025 Neudorf, LU'),
('9bc3aac5-655f-4223-8e9d-d8e6a783e226', 'Lüdi', 'Urs', 'urs.luedi@alternative-heilmethoden.ch', '', NULL, 'Klingentalgraben 27, 4057 Basel, BS'),
('e212d868-a414-460e-81eb-69815488d916', 'Lüdi Walter', '(-Borer)', 'walter.luedi@yahoo.de', '41794414136', NULL, 'Schulgasse 29, 4112 Bättwil, SO'),
('93f1b4c2-ae02-4c8f-84c1-0913018bf5bf', 'Lüdin Andreas und Henriette', '(-Bühlmann)', 'ahlb@bluewin.ch', '', NULL, 'Breitenäckerliweg 13, 8280 Kreuzlingen, TG'),
('7bc02378-1b90-4ce4-b8a3-85dd9d7143c2', 'Ludin', 'Heinz', 'ludinrh@bluewin.ch', '', NULL, 'Gyrhaldenstrasse 50, 8953 Dietikon, ZH'),
('33b52959-b768-4ccf-8b74-978b0838a6ee', 'Lüdin Jürg, Nina und', 'Luca', 'jluedin@vtxmail.ch', '41797457860', NULL, 'Grundackerstrasse 16D, 4414 Füllinsdorf, BL'),
('8dabf03a-d796-4191-a864-ca7fb5ed9210', 'Ludwig Barbara u. Franz R.', '(-Tanner)', 'fam.ludwig@bluewin.ch', '', NULL, 'Schuhmachergasse 4, 8573 Altishausen, TG'),
('724df58b-618f-4806-8409-9ee4a9dd8ae7', 'Ludwig', 'Beat', 'misli70@hotmail.ch', '', NULL, 'Haltenstrasse 315, 3145 Niederscherli, BE'),
('55771710-5429-4bbb-8c90-661d5c5cdfaf', 'Ludwig Christian und Brigitte', '(-Jurt)', 'chr.ludwig@bluewin.ch', '', NULL, 'Bernerstrasse 14a, 5400 Baden, AG'),
('f1ca1a19-f48a-48fa-b7ac-e577d673bf62', 'Ludwig', 'Claudio', 'claudioludwig@web.de', '41763146940', NULL, 'Via Cresta 3, 7014 Trin, GR'),
('fcebc785-ee81-4f8d-95c4-f12695708d30', 'Ludwig', 'Jürg', 'j.ludwig@bluewin.ch', '41793615392', NULL, 'Staatsstrasse 16, 3652 Hilterfingen, BE'),
('82f3ea87-8df1-457a-8f24-abffcb48d652', 'Ludwig Raimund und', 'Letizia', 'raimund.ludwig@bluewin.ch', '', NULL, 'Fenzaweg 4, 7204 Untervaz, GR'),
('e7fe506b-5bbc-483d-af1f-16da93b4ec8c', 'Luechinger', 'Daniel', 'luechinger@bluewin.ch', '41791578195', NULL, 'Poststrasse 5, 8954 Geroldswil, ZH'),
('59865a6c-379e-4abd-af4c-edc13be0426e', 'Luescher', 'Andre', 'andre_luescher@bluewin.ch', '', NULL, 'Hinterdorfstrasse 282B, 5728 Gontenschwil, AG'),
('c08913b7-5ed6-4229-88d4-5c563287320e', 'LUESCHER', 'MARCEL', 'm.luescher@ambauconsult.ch', '41786878080', NULL, 'Schorütistrasse 16, 4813 Uerkheim, AG'),
('10f3763f-1551-4955-bce6-d66013011575', 'Luethi Guida', 'Brigitte', 'brilub@hotmail.com', '', NULL, 'Rickenstrasse 129, 8738 Uetliburg SG, SG'),
('a65e25ed-f2f5-48fc-a429-0861aae4a2be', 'Lufulu', 'Lukombo', 'lufulu.lukombo@bluewin.ch', '41795613625', NULL, 'Krummackerstrasse 17, 4622 Egerkingen, SO'),
('a44deb1b-c105-4bb9-9b61-b192a11c7f6f', 'Lugenbiehl', 'Martin', 'info@stimmeundchor.de', '', NULL, 'Oberdorfstrasse 32, 8408 Winterthur, ZH'),
('fa291429-e745-4183-9987-abebd4c2fe09', 'Luginbuehl', 'Alfred', 'alfred.luginbuehl@bluewin.ch', '41793718983', NULL, 'Alte Gasse 66, 3704 Krattigen, BE'),
('146547b9-ab72-4751-a54d-66650ec39db1', 'Luginbühl Annelies und Reto', '(-Reber)', 'reto.luginbuehl@gmx.net', '', NULL, 'Simmentalstrasse 6, 3700 Spiez, BE'),
('58dcb687-a499-45cc-9452-bbfa6b7a88d2', 'Luginbühl Arnold und Ulrike', '(-Lippl)', 'info@lama1.ch', '41786831567', NULL, 'Seenegg 5, 3703 Aeschiried, BE'),
('32f25f96-e4f0-41d6-865e-39260def5268', 'Luginbühl', 'Jan', 'jan.luginbuehl@sofhard.ch', '', NULL, 'Flühstrasse 17, 5415 Rieden AG, AG'),
('1df29a2d-1e45-40b1-bd2d-4e15edf9dc35', 'Luginbühl Markus und', 'Angela', 'markus.luginbuehl73@gmail.com', '41787405555', NULL, 'Birkenweg 7, 8180 Bülach, ZH'),
('f406018a-5721-4ac9-a398-6f97bf8f935f', 'Luginbühl Martin u.', 'Esther', 'luginbuehlph.ch@bluewin.ch', '', NULL, 'Buechwaldstrasse 18, 3627 Heimberg, BE'),
('e1c16c9f-9884-4d6c-b6d7-25a1fbf5366b', 'Luginbühl', 'Mary', 'marie-res@bluewin.ch', '41786032652', NULL, 'Parkettstrasse 36, 3432 Lützelflüh-Goldbach, BE'),
('3f13b68a-c956-4080-860c-43db3a85b9b6', 'Luginbühl Otto und', 'Evelyne', 'lugotec@bluewin.ch', '', NULL, 'Alterswil 143, 3531 Oberthal, BE'),
('f54f2bb3-8cb6-4161-a8de-baa8b8f55ae1', 'Luginbühl Samuel, Ursula und', 'Christoph', 'sam.luginbuehl@bluewin.ch', '41796466986', NULL, 'Obere Grauensteinstrasse 10, 8594 Güttingen, TG'),
('7bbf0b78-292f-4340-9647-453df2878583', 'Lugo Torres', 'Angela', 'info@lenguache.com', '41793643641', NULL, 'Neudorfstrasse 8, 6313 Menzingen, ZG'),
('a6e05ffc-2bb6-4cb0-b396-74fa2990bb4c', 'Luisoni Thomas und Eva', '(-Koch)', 'tluisoni@spin.ch', '', NULL, 'Masanserstrasse 194, 7000 Chur, GR'),
('fee104fa-2158-4d0f-a4b6-1ce3743f41e1', 'Luk', 'Valentin', 'lukv@bluewin.ch', '41794059036', NULL, 'Sagastrass 2, 7214 Grüsch, GR'),
('8038f893-02ab-4670-a1df-9c4b3ec74f47', 'Lukac', 'Marin', 'info@oxidian.ch', '', NULL, 'Hummelbergstrasse 14, 8645 Jona, SG'),
('43b7bcfe-f6ce-48f3-8bbd-e6ad039b08c3', 'Lüke', 'Christoph', 'christoph_lueke@hotmail.com', '41765761121', NULL, 'Hauflandweg 14, 8605 Gutenswil, ZH'),
('aa3e674b-e438-43bb-844b-c36399ab43df', 'Luke', 'Martin', 'martin.luke@gmx.ch', '41765419220', NULL, 'Schwerzenbachstrasse 18, 8117 Fällanden, ZH'),
('b8331d4d-ffc8-4b8f-8a5b-1cfdc2cac884', 'Luks', 'Ruth', 'ruth.luks@bluewin.ch', '', NULL, 'Fohrbachstrasse 6, 8702 Zollikon, ZH'),
('bb6b48c2-50e4-4154-8156-b249b66bc144', 'Luminati', 'Cassiano', 'cassiano@luminati.eu', '41786731253', NULL, 'Via da Mezz 15, 7742 Poschiavo, GR'),
('21c56654-d4d8-4a35-b0ee-bb1b73f51bdf', 'Luminati', 'Urbana', 'urbana67@bluemail.ch', '41792988667', NULL, 'Via da la Pesa 12, 7742 Poschiavo, GR'),
('b1f266fb-fce0-4396-b01c-730b5b95c254', 'Lumpert Walter u. Esther', '(-Schönenberger)', 'walu@waldkir.ch', '', NULL, 'Leimatbachstrasse 3, 9205 Waldkirch, SG'),
('76ec5b0a-0f4f-4414-b77d-244631d71ed5', 'Luomajoki Hannu und Tervola', 'Tarja', 'physioscience@medbase.ch', '41794357871', NULL, 'Fischerhäuserstrasse 7, 8200 Schaffhausen, SH'),
('9aa777d7-1ff7-42b5-a2ba-5f3247f6c957', 'Lüönd Irene Doris', '(-Kellenberg)', 'irene.luond@tolhusen.ch', '', NULL, 'Tolhusen 11, 8352 Elsau, ZH'),
('dbbf1f03-3556-4d11-a009-7e832fcc1efe', 'Lüönd', 'Karl', 'karl.luond@tolhusen.ch', '41796676887', NULL, 'Seidenstrasse 38, 8400 Winterthur, ZH'),
('b1b7d385-9863-4fdc-ac0e-8410260d99e9', 'Lüönd', 'Regina', 'regina.lueoend@bluewin.ch', '', NULL, 'Harmettlenstrasse 6, 6410 Goldau, SZ'),
('c569d222-a48f-4b13-8f11-a086ccd4b3b8', 'Luongo', 'Rino', 'rino@finocchiaro.ch', '41763981224', NULL, 'Rosenbergstrasse 34, 5024 Küttigen, AG'),
('a9b53ab2-f157-4619-982c-83cfacd81cbf', 'Lupp Marco und', 'Susanne', 'marco.lupp@gmx.ch', '', NULL, 'Pollamatt 57, 5610 Wohlen AG, AG');

INSERT INTO leads (id, contact_id, source, status, value, notes) VALUES
('03b6d233-5a3c-4209-8783-e948c1d9ad01', 'a395b8fd-5790-4a13-ba28-e2890fb57896', 'KALTAKQUISE', 'ACTIVE', 0, NULL),
('eca2aa91-ec26-4ec8-963b-0a404caceee1', 'e7163fed-95d7-417b-a27e-61ae8f621b1c', 'KALTAKQUISE', 'ACTIVE', 0, NULL),
('bf743b20-9b16-4cb8-a126-e90e7c042295', '79f774ff-b41c-4b4e-b78c-853636e4b2b5', 'KALTAKQUISE', 'ACTIVE', 0, NULL),
('16e0f168-8f85-413c-a8b2-746f838a2a1f', '984554ce-d338-4d78-be0d-51954df46a52', 'KALTAKQUISE', 'ACTIVE', 0, NULL),
('c8c4f9d5-c7fb-464b-89bb-e1e7c0109e64', '32fb95c3-c7e9-4155-93fc-3cdd45a393ab', 'KALTAKQUISE', 'ACTIVE', 0, NULL),
('39c632e9-1a9c-4a4b-b45c-00e10233fc1c', 'cadcdf75-cfa5-4f8f-987f-26beb852200d', 'KALTAKQUISE', 'ACTIVE', 0, NULL),
('b9812dcd-50c8-46d0-a032-339fe7732297', '785bf762-f84f-4b03-acb9-d993123b9c1f', 'KALTAKQUISE', 'ACTIVE', 0, NULL),
('0ea601a5-7c39-486c-a94b-42614585327c', 'eef13ab1-3fe3-4535-b253-153ba2f25c08', 'KALTAKQUISE', 'ACTIVE', 0, NULL),
('e6704b5f-f066-4414-bf13-1b5d0ff86ff8', '377a9cab-f251-4a76-afe8-838b5cc2e2eb', 'KALTAKQUISE', 'ACTIVE', 0, NULL),
('6938d09a-d548-4b7d-a57b-6feae3a80941', '2efe7439-12ab-491b-857e-19a5529e6688', 'KALTAKQUISE', 'ACTIVE', 0, NULL),
('852de270-8c5d-48d7-8638-1798bdb6fd93', 'ed5b1cad-b923-4868-863e-dfdaf836e45a', 'KALTAKQUISE', 'ACTIVE', 0, NULL),
('24127008-5cbe-4541-a683-a23c798e05c9', '12300032-3e6b-4e88-ad7d-d433fa1b645f', 'KALTAKQUISE', 'ACTIVE', 0, NULL),
('ebd01b7c-7d9e-4c70-9e5b-0fe278c50cdd', '5de58650-4cf7-43bb-accd-2d869c2443aa', 'KALTAKQUISE', 'ACTIVE', 0, NULL),
('e2b05cf1-8449-490c-a8e6-653f00fa3f1b', '2b5567b1-cbf8-430d-a7d0-6a00db28dc17', 'KALTAKQUISE', 'ACTIVE', 0, NULL),
('6a64dc1d-67d7-4e17-aa47-ff3a47b58288', 'c2b5ff9d-7508-449c-bafe-4f9fdc737f3a', 'KALTAKQUISE', 'ACTIVE', 0, NULL),
('529e7ac4-1f30-4cd9-9498-4cdd337d1fbc', '20f7d39d-d85c-44a5-bf3b-09162bfb5d55', 'KALTAKQUISE', 'ACTIVE', 0, NULL),
('f4e9f1d8-87db-47e2-89a5-3d15ad4c9692', '39dbae99-9f12-4e55-aec2-cdd9ea5a6315', 'KALTAKQUISE', 'ACTIVE', 0, NULL),
('26615e02-9182-4707-b8ea-47a4dcf97096', 'd8699b12-ce10-4088-a02c-78a67eeb2b79', 'KALTAKQUISE', 'ACTIVE', 0, NULL),
('160231f2-cca3-410a-9edc-ba192f2106a5', 'fef2d75c-99e9-4113-9d9f-a0b4f8c8165b', 'KALTAKQUISE', 'ACTIVE', 0, NULL),
('46bc7235-04c4-4f78-a3be-1deff5057f1e', '27bdc459-cee6-4e8b-a8c4-d512387fc74c', 'KALTAKQUISE', 'ACTIVE', 0, NULL),
('3ac570fd-25d0-44f8-ab58-c06ca300b90a', '96d19cb4-6075-4321-a6ac-da27b38f1397', 'KALTAKQUISE', 'ACTIVE', 0, NULL),
('e066a26c-9ae1-4a7a-8e7f-93b16ff78972', 'cf74052a-3587-4a57-a023-52d98977559b', 'KALTAKQUISE', 'ACTIVE', 0, NULL),
('140ad626-8b97-4b31-bb60-33f1216f1db9', '1d327099-e58e-4347-9c1c-ef991f205f08', 'KALTAKQUISE', 'ACTIVE', 0, NULL),
('add55077-8eaa-432e-ae2f-f2dd6c112832', '87fc634f-d5f8-4dd8-9fbf-e5e00576b10b', 'KALTAKQUISE', 'ACTIVE', 0, NULL),
('828b0b6b-e5b7-4ef5-a4f2-1fd156fc6b2d', '65f914a9-2a7d-4e08-9e3b-075025d486be', 'KALTAKQUISE', 'ACTIVE', 0, NULL),
('47b1f98f-3faf-45d4-b569-7eb31d2b507b', 'd456e26b-8e7d-4495-a4c8-415bc6d05659', 'KALTAKQUISE', 'ACTIVE', 0, NULL),
('b5d2525d-17ba-4b61-b197-dd773c0257ea', '72ab40be-8d1d-4bb4-97eb-1555b4e73987', 'KALTAKQUISE', 'ACTIVE', 0, NULL),
('5eb2dbe1-9117-4870-91a0-8a653fd796da', '236b1309-1274-4e0d-80b2-4b69e89513f9', 'KALTAKQUISE', 'ACTIVE', 0, NULL),
('cee978de-1d53-4025-989a-9c4ad140173e', '52f5ea54-b858-4961-8431-6137720c6950', 'KALTAKQUISE', 'ACTIVE', 0, NULL),
('8ca23ad2-eb37-4681-9f99-2b966b4ed475', '858877fc-b576-4f97-8240-f9bff518309d', 'KALTAKQUISE', 'ACTIVE', 0, NULL),
('8bd9e41d-9854-4b4c-a249-3bdc86a5a74c', '795973e5-2b35-4e5b-8008-1a8dcb91b471', 'KALTAKQUISE', 'ACTIVE', 0, NULL),
('ef9f338a-2a59-4447-9049-c220a2d5c629', 'e2c282af-f518-49f4-90e9-8e7b83b7effc', 'KALTAKQUISE', 'ACTIVE', 0, NULL),
('50380e00-f390-494b-8192-8e697c6d5fad', '5db887ca-d1aa-4731-a626-0b20d40c8dd5', 'KALTAKQUISE', 'ACTIVE', 0, NULL),
('18de53a8-fd48-4585-9423-ff9c1098f1ac', '224fea53-abbb-41e9-b093-d973ec9155a4', 'KALTAKQUISE', 'ACTIVE', 0, NULL),
('6684662a-964c-413c-8595-b165c33b51bd', 'd4447e7b-b592-4829-9efd-14315bfc8982', 'KALTAKQUISE', 'ACTIVE', 0, NULL),
('7ac73e43-ccf3-4ea1-a6a6-1c5a5499e128', 'd1470f70-0c0e-460f-9ce5-32783cf12532', 'KALTAKQUISE', 'ACTIVE', 0, NULL),
('3e9c9c98-fcfb-43fd-b981-5cbf1155eb83', 'a092bb35-7c61-4741-a88a-b8cded7b8148', 'KALTAKQUISE', 'ACTIVE', 0, NULL),
('6d432ce1-f9dd-4996-ac8a-87aee14f0abb', '00abe549-5053-4379-805a-79e0b235f149', 'KALTAKQUISE', 'ACTIVE', 0, NULL),
('c4465fa7-cc92-47ea-9885-8c997d31f4b3', 'ff408c4f-51b7-47f3-80af-12011af2f615', 'KALTAKQUISE', 'ACTIVE', 0, NULL),
('5ad287fd-4f85-47d0-b7ee-48fb613fdb45', 'b7b48a46-504c-4fc4-8615-ddf0c9b60873', 'KALTAKQUISE', 'ACTIVE', 0, NULL),
('daf67eb1-476d-446e-a5e6-71048dcd43f9', '50ee7744-ca8d-4c3a-85ce-9214c61ec8a9', 'KALTAKQUISE', 'ACTIVE', 0, NULL),
('4f1d3725-eb80-489b-9cbe-fd10d923200b', 'b3f46393-fb6a-47fd-a8ea-d85dfa8a5468', 'KALTAKQUISE', 'ACTIVE', 0, NULL),
('34124682-639a-4ad1-9893-476a8778aaa9', 'a55a8b1a-c9ee-497f-afb9-f0c9a6eacf08', 'KALTAKQUISE', 'ACTIVE', 0, NULL),
('333251bf-f688-4363-aa54-7832b3cbf53c', '279c0cb5-49c0-478d-8152-74cc059ff0e0', 'KALTAKQUISE', 'ACTIVE', 0, NULL),
('986fae80-8957-4563-9948-7b929108c0e3', '38581eca-e9c0-42f6-a823-0c54afe0e7eb', 'KALTAKQUISE', 'ACTIVE', 0, NULL),
('3cc0574b-c385-4bdf-8128-11d106dfcaf7', '8d9bc2f5-79f6-4db3-addc-e0f4486e2c13', 'KALTAKQUISE', 'ACTIVE', 0, NULL),
('0bdd5d52-d5b3-40eb-89ca-87a708b5d566', '236d1677-dfd0-4e9c-924c-c047669299d6', 'KALTAKQUISE', 'ACTIVE', 0, NULL),
('80fa860d-3183-4ce7-b7d7-a555c31cfce2', 'ca253a75-a29d-4be8-876d-53455e79dd3a', 'KALTAKQUISE', 'ACTIVE', 0, NULL),
('f1395e94-85e8-47e0-8ff1-186f87c8a157', 'dbfc1fab-c1f6-4ee9-bdff-d1feae59d401', 'KALTAKQUISE', 'ACTIVE', 0, NULL),
('a5792fa1-c6af-410a-8592-fb54dad4f664', 'a8437ce8-def0-4982-8f1b-36d4ea204ccc', 'KALTAKQUISE', 'ACTIVE', 0, NULL),
('a2d22a41-584a-4891-bf95-3178d3c68117', 'f5a9377f-e77a-460f-877a-6a8b3feded91', 'KALTAKQUISE', 'ACTIVE', 0, NULL),
('ad825697-00dc-4312-a1a0-a0947bcff3ed', '757d1787-1637-40ed-aae3-47b3610d5dd6', 'KALTAKQUISE', 'ACTIVE', 0, NULL),
('48b9a495-19c1-4a53-9f0b-daa57af75eb8', '318b2557-e9ed-471e-aed6-5ec18115ba46', 'KALTAKQUISE', 'ACTIVE', 0, NULL),
('10eca550-0608-4e21-b730-1714403bf7a5', '4288fbd3-e80e-4e09-9e6c-e93d3a4db012', 'KALTAKQUISE', 'ACTIVE', 0, NULL),
('a39cc358-c6b8-4d91-8ac8-a7b45be4b52c', '195f226e-d1bf-4515-b712-b5b2afe437b0', 'KALTAKQUISE', 'ACTIVE', 0, NULL),
('a5e92097-91fa-448b-b088-fd0503b42413', 'b2e22dad-0d60-4a72-9c8b-4dd1e9af8d10', 'KALTAKQUISE', 'ACTIVE', 0, NULL),
('c563eafd-bb87-4e97-ac64-adc8ac6db3cd', '6df11887-62e9-47e8-b274-be10a9795859', 'KALTAKQUISE', 'ACTIVE', 0, NULL),
('b024f561-d346-4281-9083-18b4e1095692', '7a76483f-9006-448a-8940-1ed5749a9f68', 'KALTAKQUISE', 'ACTIVE', 0, NULL),
('ff4fb1c1-399c-4960-8e36-6b9248a6dd38', '0932f42e-9413-4c84-b408-f25179d37d40', 'KALTAKQUISE', 'ACTIVE', 0, NULL),
('46c87a98-2cf7-4ac8-ad6e-6276e63ddb81', '315c4b7d-ee12-42c0-80f5-2545b54efd24', 'KALTAKQUISE', 'ACTIVE', 0, NULL),
('ae193993-ccf7-42ab-be26-c197bbb113e9', '09807151-b388-4670-8679-5c3a332d1f07', 'KALTAKQUISE', 'ACTIVE', 0, NULL),
('f81138f2-4e73-4a4d-9b92-ea552044a692', '6bb304ff-0789-448b-bf8e-d829240ae12e', 'KALTAKQUISE', 'ACTIVE', 0, NULL),
('dc0c667f-2561-4f0f-a2f3-0408235a86cb', '7036fe0d-558e-421e-a5f1-ca8e4168cc19', 'KALTAKQUISE', 'ACTIVE', 0, NULL),
('151d14c2-8e7b-427b-bb6c-a79c0f35fa52', '5e98f803-7d2b-4a1d-9ea5-730119e29a24', 'KALTAKQUISE', 'ACTIVE', 0, NULL),
('6c7b846b-4f12-4cf7-a34c-fd28967fbb9f', '66dc239b-a891-4dd5-b011-cba6652d992d', 'KALTAKQUISE', 'ACTIVE', 0, NULL),
('64dee8dd-7ab1-4812-89cd-be30b7219c79', '15f5c794-a851-4566-9f92-de9617be24b5', 'KALTAKQUISE', 'ACTIVE', 0, NULL),
('0d36d8f9-123a-476f-9239-a9a66722c1fb', '849ad71a-bc36-4052-8b74-de81a8c4e1af', 'KALTAKQUISE', 'ACTIVE', 0, NULL),
('cb846aba-bbf8-426f-be77-7d9389b60fb6', '1edc6ab4-b5ab-4e24-a198-96e9046bf699', 'KALTAKQUISE', 'ACTIVE', 0, NULL),
('f29ee9ec-5674-43d1-b090-b0412c7ee39d', 'd32de3af-6964-4342-a546-42b33b35d3bc', 'KALTAKQUISE', 'ACTIVE', 0, NULL),
('b447ea21-2361-45c6-8e32-6d806188e039', 'af0b4eff-2cb7-4423-8295-74ec699de8c1', 'KALTAKQUISE', 'ACTIVE', 0, NULL),
('178f6eaf-329a-4a93-be03-83d303f5c33b', 'fda2e218-ea93-440e-9230-afbb4b3d8728', 'KALTAKQUISE', 'ACTIVE', 0, NULL),
('02cefc6e-eead-47b8-8e25-fddeb6ced36e', 'c6f209e5-fff2-4885-ac74-cce8dd3666ed', 'KALTAKQUISE', 'ACTIVE', 0, NULL),
('52a37f50-d888-4b7a-bd7b-f4eab0ceef52', '7adda535-ea5f-48d1-b61f-9258be438b0c', 'KALTAKQUISE', 'ACTIVE', 0, NULL),
('ee034feb-022c-4b2b-b3d0-a06405ae4385', '559c043e-9b57-4575-8623-412b25fc999c', 'KALTAKQUISE', 'ACTIVE', 0, NULL),
('62c640f3-9dbe-43f6-886d-5a281de2bad6', '1bec836c-f34a-445c-b90a-f46e6e38c900', 'KALTAKQUISE', 'ACTIVE', 0, NULL),
('51a9f97e-997d-440f-a1b0-75ac98de9ac7', '46687645-ba01-4ed2-9286-788f8d008b84', 'KALTAKQUISE', 'ACTIVE', 0, NULL),
('0a2935e7-24b4-4c09-a58c-2d0cff0a0944', 'a093d18c-1e19-4a49-871a-4a11431060e5', 'KALTAKQUISE', 'ACTIVE', 0, NULL),
('cb437188-ed7c-4479-b5d7-469ba83bc4cc', 'bc2a0cd4-8eb5-41c7-84e0-bb43e2daec3e', 'KALTAKQUISE', 'ACTIVE', 0, NULL),
('08a1c65d-7bb8-4a5e-b645-367ac5817b5e', '7fdfb368-7dda-4e7b-94e6-cc8abeac581e', 'KALTAKQUISE', 'ACTIVE', 0, NULL),
('666798d8-a421-4ddf-8302-ca185f558396', 'fc1c468e-3da7-47ef-aa0d-b13a596f3421', 'KALTAKQUISE', 'ACTIVE', 0, NULL),
('d6012313-752c-4d93-bb8a-7136079a1b30', 'fcfa6807-a528-40ce-970f-e77375622827', 'KALTAKQUISE', 'ACTIVE', 0, NULL),
('9551024f-1f03-4250-a3e8-e2cd6732a8bb', 'e6a61ba7-b770-41c0-a59b-c623a78bbd7d', 'KALTAKQUISE', 'ACTIVE', 0, NULL),
('d5de3f90-0800-47e8-a084-2bb0b62c1920', '470f6999-65a8-411f-a8a6-fa0d45319894', 'KALTAKQUISE', 'ACTIVE', 0, NULL),
('e1f0f6f9-cd6f-4fc7-a446-68e7137892f5', 'f5b85825-66fd-4517-be77-6a55f12efbf7', 'KALTAKQUISE', 'ACTIVE', 0, NULL),
('2f0248fa-51e3-47da-91cd-be14ab7980b4', 'aad6d4b6-8917-4f7c-af83-81ca8f6663cb', 'KALTAKQUISE', 'ACTIVE', 0, NULL),
('e6e62be0-d169-46a9-a6f0-e6b826d04a09', 'a627c5d6-3699-43a1-82f4-bb015f93b9c5', 'KALTAKQUISE', 'ACTIVE', 0, NULL),
('d6f556b6-11ff-4c2f-8fe7-b9a398aaf890', '2f1a377d-7147-41b6-9e45-553fcc52ef2f', 'KALTAKQUISE', 'ACTIVE', 0, NULL),
('6ac41752-98d2-43d0-b889-caf1b7c62082', '9c389119-f628-48c9-86d0-923920e29fa9', 'KALTAKQUISE', 'ACTIVE', 0, NULL),
('916d9333-c73b-4a6e-8665-0bf373c770c9', '906568cd-226c-4bf9-aae9-5d3c8efe5df8', 'KALTAKQUISE', 'ACTIVE', 0, NULL),
('99a8e87d-ea19-4710-b217-3171fb082d17', '985af337-7d63-4f67-97c9-be3df3ef6599', 'KALTAKQUISE', 'ACTIVE', 0, NULL),
('e785efb6-86f7-4490-a7cf-a0f92382c3f7', '01e267d4-c6dd-47a4-8256-e773dc178533', 'KALTAKQUISE', 'ACTIVE', 0, NULL),
('36e6212b-9c7c-476e-9198-5bb00fe8be56', '406090b6-47df-41ee-bd10-5258cf10b434', 'KALTAKQUISE', 'ACTIVE', 0, NULL),
('1e61c848-ef7d-43eb-bef1-c2ced37cb715', 'aeca1e1a-de17-415d-bc39-1f19dd564497', 'KALTAKQUISE', 'ACTIVE', 0, NULL),
('ad4c2834-98f7-461c-8944-68456c02bce1', '33505588-c201-4953-bde9-f2216862f3e8', 'KALTAKQUISE', 'ACTIVE', 0, NULL),
('015ee0b1-2d61-4057-9b99-13da381307d5', '4e6f36b7-ed4d-49d8-a11a-11c151101d65', 'KALTAKQUISE', 'ACTIVE', 0, NULL),
('aff3fb23-f88e-4f46-9746-30a7397311b6', '74fd4e41-fa56-4289-bbca-4750c6114be5', 'KALTAKQUISE', 'ACTIVE', 0, NULL),
('733f0cdf-ad8e-409a-896a-2f723b8cff85', '37e556f4-889f-499e-a48f-934ff20527f9', 'KALTAKQUISE', 'ACTIVE', 0, NULL),
('d0b7399d-5c53-40ce-ab91-d382e4a5b307', '0c849885-377b-4360-a751-3acee8d9b21b', 'KALTAKQUISE', 'ACTIVE', 0, NULL),
('35395368-0d74-428f-a163-e2afb90d9710', '79f4ffdc-50c0-49b0-8729-8c82c0a73699', 'KALTAKQUISE', 'ACTIVE', 0, NULL),
('024e2278-7a04-43e7-8f07-d60dc11066b3', '1be3e511-463d-4a45-b705-83dffafeb239', 'KALTAKQUISE', 'ACTIVE', 0, NULL),
('ca63dc58-9651-4175-a728-c0a7ce4042df', 'a77adb64-e21a-4477-814c-95315d9a525f', 'KALTAKQUISE', 'ACTIVE', 0, NULL),
('afe7b86d-4c64-4c81-8e3f-b435b7fdf294', '89e3685e-6981-4949-a36d-0c240b86b4ea', 'KALTAKQUISE', 'ACTIVE', 0, NULL),
('f831c93d-e36f-4954-92e0-40da54d73de4', '0775176b-23d0-46b8-ac44-5dced878445c', 'KALTAKQUISE', 'ACTIVE', 0, NULL),
('d8c7022b-4f3a-4182-b69d-bf351d818deb', 'f79e6ffc-6eac-4dfc-b7a5-8f8ab4505a87', 'KALTAKQUISE', 'ACTIVE', 0, NULL),
('e7aaba94-c05c-4870-a0ef-74439dc34337', 'f53b386d-f68b-4a1d-8a00-82c5d4871c3e', 'KALTAKQUISE', 'ACTIVE', 0, NULL),
('d4d3afe1-5a9c-4794-b544-fae0743c01ef', 'ff78be38-8650-4a8b-b130-a71bb14815ae', 'KALTAKQUISE', 'ACTIVE', 0, NULL),
('0e18f41c-7c75-4aab-ad50-e5b3a91db3a8', '7e62fa52-91f3-4fd0-97e2-b7f94491dd6c', 'KALTAKQUISE', 'ACTIVE', 0, NULL),
('9a99227f-b84d-435f-8f2c-90b1d5284377', '46a18008-af3c-46fc-a61a-e04d61aa087f', 'KALTAKQUISE', 'ACTIVE', 0, NULL),
('222a1974-15a7-4e5e-b0a8-23a85300a5d2', '6014879b-8360-49f8-9f3f-dda94fac669e', 'KALTAKQUISE', 'ACTIVE', 0, NULL),
('775f5dc1-dbca-4f9e-a62b-fe8f28694508', '597efc8d-5e65-4306-a541-5d0aa10045ed', 'KALTAKQUISE', 'ACTIVE', 0, NULL),
('f16e057d-9c2e-42a0-b679-c596830ddfc6', '6024ced7-9305-4407-b841-36e01cc863ce', 'KALTAKQUISE', 'ACTIVE', 0, NULL),
('3bab30c1-ff48-4ff8-a5c9-dcd07ef33179', '421e3bf9-c4e5-4ac8-9143-6e2b7bae18fa', 'KALTAKQUISE', 'ACTIVE', 0, NULL),
('921a0f33-c7bb-48b8-859a-c858e19dba7b', '9680d636-a456-47c0-8947-7c1e4f110510', 'KALTAKQUISE', 'ACTIVE', 0, NULL),
('912abade-3db0-4c6e-94cd-8159cda540fd', '7f196411-3553-4b5c-ae1e-c1b00d5de04d', 'KALTAKQUISE', 'ACTIVE', 0, NULL),
('8518b514-78d7-4c8e-aae3-8ed35881f83d', '4e24c8dd-9730-4dd0-a8cb-5d1113a8a7f2', 'KALTAKQUISE', 'ACTIVE', 0, NULL),
('406545c1-8976-4aef-9074-ac89f752c09e', '337e52f8-b8f8-4aaf-8e3f-c721766d1d2b', 'KALTAKQUISE', 'ACTIVE', 0, NULL),
('64493e24-a9f5-41e5-b74f-64149fcc0f46', 'd0332b64-566b-496a-af69-44602b520d52', 'KALTAKQUISE', 'ACTIVE', 0, NULL),
('7bf93637-4817-49f8-8b8a-06892b5f0518', '77f2caaf-8ed5-44f9-820c-482c42d67569', 'KALTAKQUISE', 'ACTIVE', 0, NULL),
('90455354-3a5f-4088-aedd-e6bcfe104a6d', '14846268-917d-48e9-8cff-808bf1291fd4', 'KALTAKQUISE', 'ACTIVE', 0, NULL),
('aed39bd8-11e9-45e7-ba5b-6cbdc0511493', 'd785b9d8-5400-4018-b4e5-71d2bab73335', 'KALTAKQUISE', 'ACTIVE', 0, NULL),
('a4ff19a9-7af5-41ee-8b50-4ce3fafcbfc8', '9699ee50-3f9c-40e4-ba33-15c45f059bb5', 'KALTAKQUISE', 'ACTIVE', 0, NULL),
('55323ad2-b442-47de-9e41-c2992331c41b', '6f385ba6-49fa-458f-8ceb-9bb1298d8a5e', 'KALTAKQUISE', 'ACTIVE', 0, NULL),
('71598c22-cd81-4a1c-9c6e-bbb3e4be8c8d', '10ff87f7-7172-488a-bad6-0052aaf12daa', 'KALTAKQUISE', 'ACTIVE', 0, NULL),
('7b794ff9-82c9-4c8c-a369-44d49ab78568', '2c6b60bf-515e-42f4-9bf8-f6adf4cd65ee', 'KALTAKQUISE', 'ACTIVE', 0, NULL),
('6fae3b40-1fba-48b3-b36f-c1b8d9e9e8ab', 'ad844b93-5508-4828-9c1c-a6f6c34a875f', 'KALTAKQUISE', 'ACTIVE', 0, NULL),
('224f4ff5-59ac-448b-9e25-57aeee4719f9', 'b7d52fe5-21d0-434f-a2ef-5d2eb377f158', 'KALTAKQUISE', 'ACTIVE', 0, NULL),
('8a157fe8-b066-463e-b606-e2396930845c', 'a7e56004-c27b-4f66-8c35-59bb32800a6a', 'KALTAKQUISE', 'ACTIVE', 0, NULL),
('30ecf743-5a82-4e0d-93ca-5ecf447b4757', '59745c2e-90fd-49e4-a8a5-8b25d936f74a', 'KALTAKQUISE', 'ACTIVE', 0, NULL),
('c2854006-311f-4113-a1c6-8bd1d17ac157', '6e0a5685-00de-4df2-a17e-c26914cd22b3', 'KALTAKQUISE', 'ACTIVE', 0, NULL),
('f7ececc4-0cac-46d0-bcdd-3296fe9c56f0', '2267b363-c643-4b2b-ab8b-85645958543b', 'KALTAKQUISE', 'ACTIVE', 0, NULL),
('001b5141-bc98-4808-b608-7b465f77689a', '0b9f8fce-aff9-42e8-9a0c-f4d18c19a546', 'KALTAKQUISE', 'ACTIVE', 0, NULL),
('3d76e065-b402-4524-9cb2-8e9284a54170', 'e0272d53-4402-43dd-b802-723aa442bdf4', 'KALTAKQUISE', 'ACTIVE', 0, NULL),
('a5bcdfea-54b4-4d58-a520-58b00bce8ace', '5511d421-da8c-4ee9-a636-171ceb79ae23', 'KALTAKQUISE', 'ACTIVE', 0, NULL),
('0cba9df5-a6fc-4ed4-8b9c-ad775912e052', '66a92dfa-6d32-4420-8962-90275182699d', 'KALTAKQUISE', 'ACTIVE', 0, NULL),
('e25b7d12-8b82-48f8-8e9a-f700457c1d8c', 'a2464465-d975-4bd8-a316-1a8753a923bb', 'KALTAKQUISE', 'ACTIVE', 0, NULL),
('46d088e7-77a6-4939-b265-48cff10423b4', '51885f9a-5e48-4428-8597-f07663c0fafe', 'KALTAKQUISE', 'ACTIVE', 0, NULL),
('1bccf7bd-6ab0-448f-a16b-498f00651626', '9a559c27-03c3-4461-a5a9-6f0be25c5979', 'KALTAKQUISE', 'ACTIVE', 0, NULL),
('67607b2d-7392-4f43-b57c-c960e6b2a5ff', '2613c83b-dc3a-44bc-bb63-4a624cff2613', 'KALTAKQUISE', 'ACTIVE', 0, NULL),
('86696ca3-1dc3-49a4-935d-d523c796d779', '944d165c-ddd4-4180-b4a9-332dbfc4b7fd', 'KALTAKQUISE', 'ACTIVE', 0, NULL),
('1477b1b3-0654-4409-b188-a95bbc58fe22', '9d91056e-628d-4be1-b327-cccacd4a852a', 'KALTAKQUISE', 'ACTIVE', 0, NULL),
('4729290d-b358-43f7-bc7e-5524f7d14f41', '570b1124-a5e2-46c4-b797-c5b5abc959a0', 'KALTAKQUISE', 'ACTIVE', 0, NULL),
('4dc67f37-ae2f-4d04-8311-ee3817f5eb3d', '3dc3b056-5de3-4d6d-9438-d9238336d947', 'KALTAKQUISE', 'ACTIVE', 0, NULL),
('52fc3657-2b55-4f4e-b7b6-097c35aa9ff5', 'c223efb7-a106-4511-8c46-dfcaee66bf58', 'KALTAKQUISE', 'ACTIVE', 0, NULL),
('f39d1149-45e1-4288-b9a1-3d95408de88a', 'cbd5b028-f062-4949-9edf-1c5ccc79f7a7', 'KALTAKQUISE', 'ACTIVE', 0, NULL),
('16a11553-e212-46b7-8dbc-a1b27b0d7e32', '241fff2f-60b5-4e42-8358-770cc900fa94', 'KALTAKQUISE', 'ACTIVE', 0, NULL),
('bbbcd93c-91c4-4859-8eee-0cbb082b4869', '965ab387-1c0a-41cb-b8ba-6e965d79ddb3', 'KALTAKQUISE', 'ACTIVE', 0, NULL),
('9927be96-d628-4363-9efb-0755d51fda5f', '0098abac-d227-40b5-a0a5-803c8300a9dc', 'KALTAKQUISE', 'ACTIVE', 0, NULL),
('4a253794-89ad-4a02-aa54-729b27645f36', 'c9b70ac9-8dfe-4bff-b49e-e730e32a91d1', 'KALTAKQUISE', 'ACTIVE', 0, NULL),
('7b5154ac-b935-4118-b2cf-9bf9edb5370e', 'c432f17d-f233-4db2-99f1-3c33679da56f', 'KALTAKQUISE', 'ACTIVE', 0, NULL),
('82d7bd93-0c60-4d77-ab47-c157fe25319b', 'b8120be9-7bc0-46e7-bd98-68d3e7eb68f3', 'KALTAKQUISE', 'ACTIVE', 0, NULL),
('f7e61f4f-f2ce-4144-9255-179178afdcc0', '19032ce3-e607-4f59-85ad-d1fddf2df998', 'KALTAKQUISE', 'ACTIVE', 0, NULL),
('06a73006-afde-4d65-a4e3-49dc9e0fee52', '3f92171c-a2ab-470d-a4c0-89396a082474', 'KALTAKQUISE', 'ACTIVE', 0, NULL),
('037066aa-f1fe-43bc-ba19-848a791ed372', 'f9496cf5-9a6d-41c7-80a1-39742e5a8db0', 'KALTAKQUISE', 'ACTIVE', 0, NULL),
('4c75f953-57bc-4f36-8b09-8beafbad5aee', '47c53bb0-4d0f-40f3-a6ff-a6d7ac156d2f', 'KALTAKQUISE', 'ACTIVE', 0, NULL),
('776c9cc9-429b-4dbf-b096-019f8448cf11', '9a711d37-1902-4742-8fe8-ab89203bd064', 'KALTAKQUISE', 'ACTIVE', 0, NULL),
('8b71ced7-d5c2-46d2-8b01-9f4c3d851e20', '400b07a4-cb5f-4767-8375-4721c1e7f0b3', 'KALTAKQUISE', 'ACTIVE', 0, NULL),
('58492b95-0c55-4da7-85e4-ed28abba95b4', '66464d82-7a56-4a12-9bee-3ebc9971356c', 'KALTAKQUISE', 'ACTIVE', 0, NULL),
('acb1c569-39e7-48a3-89cf-d2691dced55b', '55fd305d-6df9-42a3-bc87-6e7e5baf302a', 'KALTAKQUISE', 'ACTIVE', 0, NULL),
('c4b6f210-ae84-4a64-adb3-ff63743857cf', '9bc3aac5-655f-4223-8e9d-d8e6a783e226', 'KALTAKQUISE', 'ACTIVE', 0, NULL),
('22ddbfca-0de5-4220-8071-9f5df97d0a5e', 'e212d868-a414-460e-81eb-69815488d916', 'KALTAKQUISE', 'ACTIVE', 0, NULL),
('2ed398e4-31fb-4212-b725-1bc473b4d5ac', '93f1b4c2-ae02-4c8f-84c1-0913018bf5bf', 'KALTAKQUISE', 'ACTIVE', 0, NULL),
('4650cc91-e4ba-424d-9d8c-423e7564c106', '7bc02378-1b90-4ce4-b8a3-85dd9d7143c2', 'KALTAKQUISE', 'ACTIVE', 0, NULL),
('229df689-8879-4c45-96b4-1dfa8ad6a7d8', '33b52959-b768-4ccf-8b74-978b0838a6ee', 'KALTAKQUISE', 'ACTIVE', 0, NULL),
('6ba189ef-611e-4c55-88ef-63e07d9bc90e', '8dabf03a-d796-4191-a864-ca7fb5ed9210', 'KALTAKQUISE', 'ACTIVE', 0, NULL),
('47782a10-3b83-48f2-8ac0-43f3d06a7a0c', '724df58b-618f-4806-8409-9ee4a9dd8ae7', 'KALTAKQUISE', 'ACTIVE', 0, NULL),
('09eda6e6-df8f-4a74-8968-758c994e2f18', '55771710-5429-4bbb-8c90-661d5c5cdfaf', 'KALTAKQUISE', 'ACTIVE', 0, NULL),
('de4b752a-6607-41dd-b783-9b0e717819ec', 'f1ca1a19-f48a-48fa-b7ac-e577d673bf62', 'KALTAKQUISE', 'ACTIVE', 0, NULL),
('ca0f0907-62a1-4693-a0ee-152253703fd4', 'fcebc785-ee81-4f8d-95c4-f12695708d30', 'KALTAKQUISE', 'ACTIVE', 0, NULL),
('abf6e815-0b21-41c7-bd7c-ae07adbb7a21', '82f3ea87-8df1-457a-8f24-abffcb48d652', 'KALTAKQUISE', 'ACTIVE', 0, NULL),
('c0d7b8d9-4ea8-4ba3-89b5-4decccaf6caa', 'e7fe506b-5bbc-483d-af1f-16da93b4ec8c', 'KALTAKQUISE', 'ACTIVE', 0, NULL),
('647c76ec-2931-4bd5-93c1-9ab41234ed64', '59865a6c-379e-4abd-af4c-edc13be0426e', 'KALTAKQUISE', 'ACTIVE', 0, NULL),
('6ec4b40e-d64b-4357-8637-5791adafead4', 'c08913b7-5ed6-4229-88d4-5c563287320e', 'KALTAKQUISE', 'ACTIVE', 0, NULL),
('c2924784-30bf-4f61-9779-b0fccb4056f6', '10f3763f-1551-4955-bce6-d66013011575', 'KALTAKQUISE', 'ACTIVE', 0, NULL),
('d3df7012-4a77-4b5a-8483-130e93f8053a', 'a65e25ed-f2f5-48fc-a429-0861aae4a2be', 'KALTAKQUISE', 'ACTIVE', 0, NULL),
('214d92d9-1677-475d-b40d-96783a060dc3', 'a44deb1b-c105-4bb9-9b61-b192a11c7f6f', 'KALTAKQUISE', 'ACTIVE', 0, NULL),
('88105693-63c2-4155-9f65-755a4553d96c', 'fa291429-e745-4183-9987-abebd4c2fe09', 'KALTAKQUISE', 'ACTIVE', 0, NULL),
('47854469-cd4f-4303-86fe-f7a2c7cfbf4d', '146547b9-ab72-4751-a54d-66650ec39db1', 'KALTAKQUISE', 'ACTIVE', 0, NULL),
('68af6595-3a86-41ba-a920-0ecd4e0b05fd', '58dcb687-a499-45cc-9452-bbfa6b7a88d2', 'KALTAKQUISE', 'ACTIVE', 0, NULL),
('acf5facf-04cf-4697-97e8-afd4a19662af', '32f25f96-e4f0-41d6-865e-39260def5268', 'KALTAKQUISE', 'ACTIVE', 0, NULL),
('1301675e-d109-4c75-b0bd-1fcf5d985fa1', '1df29a2d-1e45-40b1-bd2d-4e15edf9dc35', 'KALTAKQUISE', 'ACTIVE', 0, NULL),
('bf02621b-b885-491a-bfe9-fefe7e89e208', 'f406018a-5721-4ac9-a398-6f97bf8f935f', 'KALTAKQUISE', 'ACTIVE', 0, NULL),
('bb00a40e-9cec-45a0-9244-360e9f1d9500', 'e1c16c9f-9884-4d6c-b6d7-25a1fbf5366b', 'KALTAKQUISE', 'ACTIVE', 0, NULL),
('dde914e0-2261-4f9d-bbc1-3c788b920556', '3f13b68a-c956-4080-860c-43db3a85b9b6', 'KALTAKQUISE', 'ACTIVE', 0, NULL),
('192dc619-855e-4257-b3c9-d9c4a10787bd', 'f54f2bb3-8cb6-4161-a8de-baa8b8f55ae1', 'KALTAKQUISE', 'ACTIVE', 0, NULL),
('8404405d-7b83-4d1a-ae19-81401bcb4a63', '7bbf0b78-292f-4340-9647-453df2878583', 'KALTAKQUISE', 'ACTIVE', 0, NULL),
('fc4a8a38-ae73-46ea-a578-a526f37620f1', 'a6e05ffc-2bb6-4cb0-b396-74fa2990bb4c', 'KALTAKQUISE', 'ACTIVE', 0, NULL),
('fa7519d9-1667-46bf-8af9-6951c34fd8ed', 'fee104fa-2158-4d0f-a4b6-1ce3743f41e1', 'KALTAKQUISE', 'ACTIVE', 0, NULL),
('6648aa97-6818-435f-bf63-b1bee80bc281', '8038f893-02ab-4670-a1df-9c4b3ec74f47', 'KALTAKQUISE', 'ACTIVE', 0, NULL),
('0ef848de-163e-4784-bb4b-db0ee7244c54', '43b7bcfe-f6ce-48f3-8bbd-e6ad039b08c3', 'KALTAKQUISE', 'ACTIVE', 0, NULL),
('5e89d5ed-ba11-49fc-a896-d61613a74204', 'aa3e674b-e438-43bb-844b-c36399ab43df', 'KALTAKQUISE', 'ACTIVE', 0, NULL),
('5ff30909-4fe8-44be-ad24-459d1b1ae522', 'b8331d4d-ffc8-4b8f-8a5b-1cfdc2cac884', 'KALTAKQUISE', 'ACTIVE', 0, NULL),
('8882fc79-ce77-4be4-9717-1eaa1d85abb6', 'bb6b48c2-50e4-4154-8156-b249b66bc144', 'KALTAKQUISE', 'ACTIVE', 0, NULL),
('f98d5d89-622e-4920-90db-0803e4b8a3f5', '21c56654-d4d8-4a35-b0ee-bb1b73f51bdf', 'KALTAKQUISE', 'ACTIVE', 0, NULL),
('5c1e364b-e673-4ed0-a1f8-5a8b9475a6b9', 'b1f266fb-fce0-4396-b01c-730b5b95c254', 'KALTAKQUISE', 'ACTIVE', 0, NULL),
('202345f8-e2dc-4d6a-99ec-b76062491da8', '76ec5b0a-0f4f-4414-b77d-244631d71ed5', 'KALTAKQUISE', 'ACTIVE', 0, NULL),
('037ba54f-1921-4783-8f26-f31fd17cf7ad', '9aa777d7-1ff7-42b5-a2ba-5f3247f6c957', 'KALTAKQUISE', 'ACTIVE', 0, NULL),
('c28cba40-8204-4c23-bc78-db288fab08ee', 'dbbf1f03-3556-4d11-a009-7e832fcc1efe', 'KALTAKQUISE', 'ACTIVE', 0, NULL),
('f0ae1aae-4832-4112-bc77-26657ca29756', 'b1b7d385-9863-4fdc-ac0e-8410260d99e9', 'KALTAKQUISE', 'ACTIVE', 0, NULL),
('ac46c608-e248-41b8-9d73-26ff108cd5ab', 'c569d222-a48f-4b13-8f11-a086ccd4b3b8', 'KALTAKQUISE', 'ACTIVE', 0, NULL),
('2cc26916-486f-4482-b3d8-61095efe4838', 'a9b53ab2-f157-4619-982c-83cfacd81cbf', 'KALTAKQUISE', 'ACTIVE', 0, NULL);

INSERT INTO lead_tags (lead_id, tag_id) VALUES
('03b6d233-5a3c-4209-8783-e948c1d9ad01', 'ka-b2c'),
('eca2aa91-ec26-4ec8-963b-0a404caceee1', 'ka-b2c'),
('bf743b20-9b16-4cb8-a126-e90e7c042295', 'ka-b2c'),
('16e0f168-8f85-413c-a8b2-746f838a2a1f', 'ka-b2c'),
('c8c4f9d5-c7fb-464b-89bb-e1e7c0109e64', 'ka-b2c'),
('39c632e9-1a9c-4a4b-b45c-00e10233fc1c', 'ka-b2c'),
('b9812dcd-50c8-46d0-a032-339fe7732297', 'ka-b2c'),
('0ea601a5-7c39-486c-a94b-42614585327c', 'ka-b2c'),
('e6704b5f-f066-4414-bf13-1b5d0ff86ff8', 'ka-b2c'),
('6938d09a-d548-4b7d-a57b-6feae3a80941', 'ka-b2c'),
('852de270-8c5d-48d7-8638-1798bdb6fd93', 'ka-b2c'),
('24127008-5cbe-4541-a683-a23c798e05c9', 'ka-b2c'),
('ebd01b7c-7d9e-4c70-9e5b-0fe278c50cdd', 'ka-b2c'),
('e2b05cf1-8449-490c-a8e6-653f00fa3f1b', 'ka-b2c'),
('6a64dc1d-67d7-4e17-aa47-ff3a47b58288', 'ka-b2c'),
('529e7ac4-1f30-4cd9-9498-4cdd337d1fbc', 'ka-b2c'),
('f4e9f1d8-87db-47e2-89a5-3d15ad4c9692', 'ka-b2c'),
('26615e02-9182-4707-b8ea-47a4dcf97096', 'ka-b2c'),
('160231f2-cca3-410a-9edc-ba192f2106a5', 'ka-b2c'),
('46bc7235-04c4-4f78-a3be-1deff5057f1e', 'ka-b2c'),
('3ac570fd-25d0-44f8-ab58-c06ca300b90a', 'ka-b2c'),
('e066a26c-9ae1-4a7a-8e7f-93b16ff78972', 'ka-b2c'),
('140ad626-8b97-4b31-bb60-33f1216f1db9', 'ka-b2c'),
('add55077-8eaa-432e-ae2f-f2dd6c112832', 'ka-b2c'),
('828b0b6b-e5b7-4ef5-a4f2-1fd156fc6b2d', 'ka-b2c'),
('47b1f98f-3faf-45d4-b569-7eb31d2b507b', 'ka-b2c'),
('b5d2525d-17ba-4b61-b197-dd773c0257ea', 'ka-b2c'),
('5eb2dbe1-9117-4870-91a0-8a653fd796da', 'ka-b2c'),
('cee978de-1d53-4025-989a-9c4ad140173e', 'ka-b2c'),
('8ca23ad2-eb37-4681-9f99-2b966b4ed475', 'ka-b2c'),
('8bd9e41d-9854-4b4c-a249-3bdc86a5a74c', 'ka-b2c'),
('ef9f338a-2a59-4447-9049-c220a2d5c629', 'ka-b2c'),
('50380e00-f390-494b-8192-8e697c6d5fad', 'ka-b2c'),
('18de53a8-fd48-4585-9423-ff9c1098f1ac', 'ka-b2c'),
('6684662a-964c-413c-8595-b165c33b51bd', 'ka-b2c'),
('7ac73e43-ccf3-4ea1-a6a6-1c5a5499e128', 'ka-b2c'),
('3e9c9c98-fcfb-43fd-b981-5cbf1155eb83', 'ka-b2c'),
('6d432ce1-f9dd-4996-ac8a-87aee14f0abb', 'ka-b2c'),
('c4465fa7-cc92-47ea-9885-8c997d31f4b3', 'ka-b2c'),
('5ad287fd-4f85-47d0-b7ee-48fb613fdb45', 'ka-b2c'),
('daf67eb1-476d-446e-a5e6-71048dcd43f9', 'ka-b2c'),
('4f1d3725-eb80-489b-9cbe-fd10d923200b', 'ka-b2c'),
('34124682-639a-4ad1-9893-476a8778aaa9', 'ka-b2c'),
('333251bf-f688-4363-aa54-7832b3cbf53c', 'ka-b2c'),
('986fae80-8957-4563-9948-7b929108c0e3', 'ka-b2c'),
('3cc0574b-c385-4bdf-8128-11d106dfcaf7', 'ka-b2c'),
('0bdd5d52-d5b3-40eb-89ca-87a708b5d566', 'ka-b2c'),
('80fa860d-3183-4ce7-b7d7-a555c31cfce2', 'ka-b2c'),
('f1395e94-85e8-47e0-8ff1-186f87c8a157', 'ka-b2c'),
('a5792fa1-c6af-410a-8592-fb54dad4f664', 'ka-b2c'),
('a2d22a41-584a-4891-bf95-3178d3c68117', 'ka-b2c'),
('ad825697-00dc-4312-a1a0-a0947bcff3ed', 'ka-b2c'),
('48b9a495-19c1-4a53-9f0b-daa57af75eb8', 'ka-b2c'),
('10eca550-0608-4e21-b730-1714403bf7a5', 'ka-b2c'),
('a39cc358-c6b8-4d91-8ac8-a7b45be4b52c', 'ka-b2c'),
('a5e92097-91fa-448b-b088-fd0503b42413', 'ka-b2c'),
('c563eafd-bb87-4e97-ac64-adc8ac6db3cd', 'ka-b2c'),
('b024f561-d346-4281-9083-18b4e1095692', 'ka-b2c'),
('ff4fb1c1-399c-4960-8e36-6b9248a6dd38', 'ka-b2c'),
('46c87a98-2cf7-4ac8-ad6e-6276e63ddb81', 'ka-b2c'),
('ae193993-ccf7-42ab-be26-c197bbb113e9', 'ka-b2c'),
('f81138f2-4e73-4a4d-9b92-ea552044a692', 'ka-b2c'),
('dc0c667f-2561-4f0f-a2f3-0408235a86cb', 'ka-b2c'),
('151d14c2-8e7b-427b-bb6c-a79c0f35fa52', 'ka-b2c'),
('6c7b846b-4f12-4cf7-a34c-fd28967fbb9f', 'ka-b2c'),
('64dee8dd-7ab1-4812-89cd-be30b7219c79', 'ka-b2c'),
('0d36d8f9-123a-476f-9239-a9a66722c1fb', 'ka-b2c'),
('cb846aba-bbf8-426f-be77-7d9389b60fb6', 'ka-b2c'),
('f29ee9ec-5674-43d1-b090-b0412c7ee39d', 'ka-b2c'),
('b447ea21-2361-45c6-8e32-6d806188e039', 'ka-b2c'),
('178f6eaf-329a-4a93-be03-83d303f5c33b', 'ka-b2c'),
('02cefc6e-eead-47b8-8e25-fddeb6ced36e', 'ka-b2c'),
('52a37f50-d888-4b7a-bd7b-f4eab0ceef52', 'ka-b2c'),
('ee034feb-022c-4b2b-b3d0-a06405ae4385', 'ka-b2c'),
('62c640f3-9dbe-43f6-886d-5a281de2bad6', 'ka-b2c'),
('51a9f97e-997d-440f-a1b0-75ac98de9ac7', 'ka-b2c'),
('0a2935e7-24b4-4c09-a58c-2d0cff0a0944', 'ka-b2c'),
('cb437188-ed7c-4479-b5d7-469ba83bc4cc', 'ka-b2c'),
('08a1c65d-7bb8-4a5e-b645-367ac5817b5e', 'ka-b2c'),
('666798d8-a421-4ddf-8302-ca185f558396', 'ka-b2c'),
('d6012313-752c-4d93-bb8a-7136079a1b30', 'ka-b2c'),
('9551024f-1f03-4250-a3e8-e2cd6732a8bb', 'ka-b2c'),
('d5de3f90-0800-47e8-a084-2bb0b62c1920', 'ka-b2c'),
('e1f0f6f9-cd6f-4fc7-a446-68e7137892f5', 'ka-b2c'),
('2f0248fa-51e3-47da-91cd-be14ab7980b4', 'ka-b2c'),
('e6e62be0-d169-46a9-a6f0-e6b826d04a09', 'ka-b2c'),
('d6f556b6-11ff-4c2f-8fe7-b9a398aaf890', 'ka-b2c'),
('6ac41752-98d2-43d0-b889-caf1b7c62082', 'ka-b2c'),
('916d9333-c73b-4a6e-8665-0bf373c770c9', 'ka-b2c'),
('99a8e87d-ea19-4710-b217-3171fb082d17', 'ka-b2c'),
('e785efb6-86f7-4490-a7cf-a0f92382c3f7', 'ka-b2c'),
('36e6212b-9c7c-476e-9198-5bb00fe8be56', 'ka-b2c'),
('1e61c848-ef7d-43eb-bef1-c2ced37cb715', 'ka-b2c'),
('ad4c2834-98f7-461c-8944-68456c02bce1', 'ka-b2c'),
('015ee0b1-2d61-4057-9b99-13da381307d5', 'ka-b2c'),
('aff3fb23-f88e-4f46-9746-30a7397311b6', 'ka-b2c'),
('733f0cdf-ad8e-409a-896a-2f723b8cff85', 'ka-b2c'),
('d0b7399d-5c53-40ce-ab91-d382e4a5b307', 'ka-b2c'),
('35395368-0d74-428f-a163-e2afb90d9710', 'ka-b2c'),
('024e2278-7a04-43e7-8f07-d60dc11066b3', 'ka-b2c'),
('ca63dc58-9651-4175-a728-c0a7ce4042df', 'ka-b2c'),
('afe7b86d-4c64-4c81-8e3f-b435b7fdf294', 'ka-b2c'),
('f831c93d-e36f-4954-92e0-40da54d73de4', 'ka-b2c'),
('d8c7022b-4f3a-4182-b69d-bf351d818deb', 'ka-b2c'),
('e7aaba94-c05c-4870-a0ef-74439dc34337', 'ka-b2c'),
('d4d3afe1-5a9c-4794-b544-fae0743c01ef', 'ka-b2c'),
('0e18f41c-7c75-4aab-ad50-e5b3a91db3a8', 'ka-b2c'),
('9a99227f-b84d-435f-8f2c-90b1d5284377', 'ka-b2c'),
('222a1974-15a7-4e5e-b0a8-23a85300a5d2', 'ka-b2c'),
('775f5dc1-dbca-4f9e-a62b-fe8f28694508', 'ka-b2c'),
('f16e057d-9c2e-42a0-b679-c596830ddfc6', 'ka-b2c'),
('3bab30c1-ff48-4ff8-a5c9-dcd07ef33179', 'ka-b2c'),
('921a0f33-c7bb-48b8-859a-c858e19dba7b', 'ka-b2c'),
('912abade-3db0-4c6e-94cd-8159cda540fd', 'ka-b2c'),
('8518b514-78d7-4c8e-aae3-8ed35881f83d', 'ka-b2c'),
('406545c1-8976-4aef-9074-ac89f752c09e', 'ka-b2c'),
('64493e24-a9f5-41e5-b74f-64149fcc0f46', 'ka-b2c'),
('7bf93637-4817-49f8-8b8a-06892b5f0518', 'ka-b2c'),
('90455354-3a5f-4088-aedd-e6bcfe104a6d', 'ka-b2c'),
('aed39bd8-11e9-45e7-ba5b-6cbdc0511493', 'ka-b2c'),
('a4ff19a9-7af5-41ee-8b50-4ce3fafcbfc8', 'ka-b2c'),
('55323ad2-b442-47de-9e41-c2992331c41b', 'ka-b2c'),
('71598c22-cd81-4a1c-9c6e-bbb3e4be8c8d', 'ka-b2c'),
('7b794ff9-82c9-4c8c-a369-44d49ab78568', 'ka-b2c'),
('6fae3b40-1fba-48b3-b36f-c1b8d9e9e8ab', 'ka-b2c'),
('224f4ff5-59ac-448b-9e25-57aeee4719f9', 'ka-b2c'),
('8a157fe8-b066-463e-b606-e2396930845c', 'ka-b2c'),
('30ecf743-5a82-4e0d-93ca-5ecf447b4757', 'ka-b2c'),
('c2854006-311f-4113-a1c6-8bd1d17ac157', 'ka-b2c'),
('f7ececc4-0cac-46d0-bcdd-3296fe9c56f0', 'ka-b2c'),
('001b5141-bc98-4808-b608-7b465f77689a', 'ka-b2c'),
('3d76e065-b402-4524-9cb2-8e9284a54170', 'ka-b2c'),
('a5bcdfea-54b4-4d58-a520-58b00bce8ace', 'ka-b2c'),
('0cba9df5-a6fc-4ed4-8b9c-ad775912e052', 'ka-b2c'),
('e25b7d12-8b82-48f8-8e9a-f700457c1d8c', 'ka-b2c'),
('46d088e7-77a6-4939-b265-48cff10423b4', 'ka-b2c'),
('1bccf7bd-6ab0-448f-a16b-498f00651626', 'ka-b2c'),
('67607b2d-7392-4f43-b57c-c960e6b2a5ff', 'ka-b2c'),
('86696ca3-1dc3-49a4-935d-d523c796d779', 'ka-b2c'),
('1477b1b3-0654-4409-b188-a95bbc58fe22', 'ka-b2c'),
('4729290d-b358-43f7-bc7e-5524f7d14f41', 'ka-b2c'),
('4dc67f37-ae2f-4d04-8311-ee3817f5eb3d', 'ka-b2c'),
('52fc3657-2b55-4f4e-b7b6-097c35aa9ff5', 'ka-b2c'),
('f39d1149-45e1-4288-b9a1-3d95408de88a', 'ka-b2c'),
('16a11553-e212-46b7-8dbc-a1b27b0d7e32', 'ka-b2c'),
('bbbcd93c-91c4-4859-8eee-0cbb082b4869', 'ka-b2c'),
('9927be96-d628-4363-9efb-0755d51fda5f', 'ka-b2c'),
('4a253794-89ad-4a02-aa54-729b27645f36', 'ka-b2c'),
('7b5154ac-b935-4118-b2cf-9bf9edb5370e', 'ka-b2c'),
('82d7bd93-0c60-4d77-ab47-c157fe25319b', 'ka-b2c'),
('f7e61f4f-f2ce-4144-9255-179178afdcc0', 'ka-b2c'),
('06a73006-afde-4d65-a4e3-49dc9e0fee52', 'ka-b2c'),
('037066aa-f1fe-43bc-ba19-848a791ed372', 'ka-b2c'),
('4c75f953-57bc-4f36-8b09-8beafbad5aee', 'ka-b2c'),
('776c9cc9-429b-4dbf-b096-019f8448cf11', 'ka-b2c'),
('8b71ced7-d5c2-46d2-8b01-9f4c3d851e20', 'ka-b2c'),
('58492b95-0c55-4da7-85e4-ed28abba95b4', 'ka-b2c'),
('acb1c569-39e7-48a3-89cf-d2691dced55b', 'ka-b2c'),
('c4b6f210-ae84-4a64-adb3-ff63743857cf', 'ka-b2c'),
('22ddbfca-0de5-4220-8071-9f5df97d0a5e', 'ka-b2c'),
('2ed398e4-31fb-4212-b725-1bc473b4d5ac', 'ka-b2c'),
('4650cc91-e4ba-424d-9d8c-423e7564c106', 'ka-b2c'),
('229df689-8879-4c45-96b4-1dfa8ad6a7d8', 'ka-b2c'),
('6ba189ef-611e-4c55-88ef-63e07d9bc90e', 'ka-b2c'),
('47782a10-3b83-48f2-8ac0-43f3d06a7a0c', 'ka-b2c'),
('09eda6e6-df8f-4a74-8968-758c994e2f18', 'ka-b2c'),
('de4b752a-6607-41dd-b783-9b0e717819ec', 'ka-b2c'),
('ca0f0907-62a1-4693-a0ee-152253703fd4', 'ka-b2c'),
('abf6e815-0b21-41c7-bd7c-ae07adbb7a21', 'ka-b2c'),
('c0d7b8d9-4ea8-4ba3-89b5-4decccaf6caa', 'ka-b2c'),
('647c76ec-2931-4bd5-93c1-9ab41234ed64', 'ka-b2c'),
('6ec4b40e-d64b-4357-8637-5791adafead4', 'ka-b2c'),
('c2924784-30bf-4f61-9779-b0fccb4056f6', 'ka-b2c'),
('d3df7012-4a77-4b5a-8483-130e93f8053a', 'ka-b2c'),
('214d92d9-1677-475d-b40d-96783a060dc3', 'ka-b2c'),
('88105693-63c2-4155-9f65-755a4553d96c', 'ka-b2c'),
('47854469-cd4f-4303-86fe-f7a2c7cfbf4d', 'ka-b2c'),
('68af6595-3a86-41ba-a920-0ecd4e0b05fd', 'ka-b2c'),
('acf5facf-04cf-4697-97e8-afd4a19662af', 'ka-b2c'),
('1301675e-d109-4c75-b0bd-1fcf5d985fa1', 'ka-b2c'),
('bf02621b-b885-491a-bfe9-fefe7e89e208', 'ka-b2c'),
('bb00a40e-9cec-45a0-9244-360e9f1d9500', 'ka-b2c'),
('dde914e0-2261-4f9d-bbc1-3c788b920556', 'ka-b2c'),
('192dc619-855e-4257-b3c9-d9c4a10787bd', 'ka-b2c'),
('8404405d-7b83-4d1a-ae19-81401bcb4a63', 'ka-b2c'),
('fc4a8a38-ae73-46ea-a578-a526f37620f1', 'ka-b2c'),
('fa7519d9-1667-46bf-8af9-6951c34fd8ed', 'ka-b2c'),
('6648aa97-6818-435f-bf63-b1bee80bc281', 'ka-b2c'),
('0ef848de-163e-4784-bb4b-db0ee7244c54', 'ka-b2c'),
('5e89d5ed-ba11-49fc-a896-d61613a74204', 'ka-b2c'),
('5ff30909-4fe8-44be-ad24-459d1b1ae522', 'ka-b2c'),
('8882fc79-ce77-4be4-9717-1eaa1d85abb6', 'ka-b2c'),
('f98d5d89-622e-4920-90db-0803e4b8a3f5', 'ka-b2c'),
('5c1e364b-e673-4ed0-a1f8-5a8b9475a6b9', 'ka-b2c'),
('202345f8-e2dc-4d6a-99ec-b76062491da8', 'ka-b2c'),
('037ba54f-1921-4783-8f26-f31fd17cf7ad', 'ka-b2c'),
('c28cba40-8204-4c23-bc78-db288fab08ee', 'ka-b2c'),
('f0ae1aae-4832-4112-bc77-26657ca29756', 'ka-b2c'),
('ac46c608-e248-41b8-9d73-26ff108cd5ab', 'ka-b2c'),
('2cc26916-486f-4482-b3d8-61095efe4838', 'ka-b2c');
