-- Batch 10 (200 records)
INSERT INTO contacts (id, first_name, last_name, email, phone, company, address) VALUES
('bb42940e-0e2b-445a-8fe5-3f0f5495c4a1', 'Besim', 'Dakaj', 'besimd@msn.com', '', NULL, 'Stadacherstrasse 1, 5314 Kleindöttingen, AG'),
('7ac6137d-a205-44b2-9571-7a8fe450c0b8', 'Besimo', 'Hans-Jörg', 'besimo.hj@sunrise.ch', '41796599724', NULL, 'Hünikonerstrasse 6, 8514 Amlikon-Bissegg, TG'),
('49c039ad-70b2-4398-a223-11fff4302542', 'Besmer', 'Dominic', 'dominic.besmer@bluewin.ch', '', NULL, 'Löbernweg 10, 6330 Cham, ZG'),
('456e63f0-c904-4300-9f5c-20339fbde8aa', 'Bessire Daniel et', 'Anne-Marie', 'daniel.bessire@bluewin.ch', '', NULL, 'Rue du Jura 5, 2603 Péry, BE'),
('86cbb656-0918-49ee-b453-4ed0d37b3228', 'Bessire', 'Felix', 'fbessire@bluewin.ch', '41786154343', NULL, 'Fuchsweg 10, 4512 Bellach, SO'),
('13f57831-4ab8-4fc0-bfce-f10d014e0b9e', 'Bessler Hansjörg u. Ilse', '(-Widmer)', 'h_i.bessler@bluewin.ch', '', NULL, 'Schochenwinkel 7, 8595 Altnau, TG'),
('940765a0-e3dd-4d78-a42e-7957878b827a', 'Bessler', 'Stephan', 'b.praxis@hin.ch', '41792066441', NULL, 'Hofstrasse 62B, 8032 Zürich, ZH'),
('1816b3db-6b44-47ca-92b7-9d8485d5511b', 'Besson Frédéric, Madeleine, Nicole und Philippe', '(-Meili)', 'zuerisee@bluemail.ch', '', NULL, 'Rainstrasse 49, 8800 Thalwil, ZH'),
('e4b9f755-987d-46a3-aec3-5eb838c65abe', 'Besson', 'Michel', 'besson@alumni.uchicago.edu', '', NULL, 'Rehweg 4, 3097 Liebefeld, BE'),
('9b2fb043-3fb7-4948-9e29-d6aeccff1b61', 'Bestel', 'Walter', 'walter.bestel@hispeed.ch', '41793546454', NULL, 'Einsiedlerstrasse 163, 8810 Horgen, ZH'),
('c336e1df-c856-424e-930d-a0bc4342303a', 'Beti Adriano', '(-Colturi)', 'adriano.la.rasiga@bluewin.ch', '', NULL, 'Via da la Rasiga 23, 7745 Li Curt, GR'),
('d382e5ab-7dea-4cac-8ef5-347ca61ade16', 'Beti Reto und Anita', '(-Heller)', 'reto.beti@bluewin.ch', '41793495506', NULL, 'Schachenstrasse 55, 8645 Jona, SG'),
('2a1d0df4-a1a0-4acf-8529-4e2ccfd7f058', 'Betschard', 'Hans', 'hmbetschart@hispeed.ch', '41786086663', NULL, 'Farman-Strasse 48, 8152 Glattpark (Opfikon), ZH'),
('239b5dd8-8d5b-4d15-aee5-3944c9a210e3', 'Betschart', 'Alois', 'al_betschart@bluewin.ch', '41793055755', NULL, 'Josefstrasse 5, 6042 Dietwil, AG'),
('ab29f909-31c4-47cb-b68b-6a1ec46296ae', 'Betschart', 'Arnold', 'arnold@brennerei-betschart.ch', '', NULL, 'Steinerbergstrasse 23, 6417 Sattel, SZ'),
('1adaa5c2-ce9f-4529-b1bb-a53d99d9a0c0', 'Betschart Brigitte', '(-Baur)', 'brigitte_betschart@hotmail.com', '41765323751', NULL, 'Sydedruckiweg 2a, 8805 Richterswil, ZH'),
('a5e2cbb1-0d50-4a89-b3f3-da2524d34b7f', 'Betschart', 'Ernst', 'ernst.betschart@swissonline.ch', '', NULL, 'Bordacherstrasse 6, 8108 Dällikon, ZH'),
('c0f85015-5d91-4e85-9349-b3a71e6d9322', 'Betschart', 'Evelyne', 'betyne@bluewin.ch', '41797062266', NULL, 'Grubenstrasse 17b, 5070 Frick, AG'),
('3a8ae474-c832-4342-a61e-f4068580c7aa', 'Betschart Josef und Hanni', '(-Betschart)', 'h.betschart@vtxfree.ch', '', NULL, 'Lindenmatt 6, 6434 Illgau, SZ'),
('2649c6a0-e4d1-4b59-b14c-8a32c012243d', 'Betschart Karl', '(-Schmid)', 'betschart.karl@bluemail.ch', '', NULL, 'Schulstrasse 8, 6443 Morschach, SZ'),
('ac98c59e-76c6-4e2b-96cb-d71320c40956', 'Betschart Karl und Blattmann', 'Monika', 'k.betschart@gmx.net', '', NULL, 'Goethestrasse 18, 8712 Stäfa, ZH'),
('cd75f12c-0bf8-4b2a-b46b-30644b9c0527', 'Betschart Karl und Rita', '(-Keller)', 'info@karlbetschart.ch', '', NULL, 'Landhausstrasse 6, 6340 Baar, ZG'),
('b2ac5f1f-7db5-4938-87c8-f9d5da1ab9be', 'Betschart', 'Madlene', 'relax-sz@gmx.ch', '', NULL, 'Hauptplatz 10, 6430 Schwyz, SZ'),
('f3d67251-597a-42b5-8a4c-4bf179b15c8b', 'Betschart', 'Marcel', 'marcel_betschart@gmx.ch', '', NULL, 'Sennhofweg 145, 8482 Sennhof (Winterthur), ZH'),
('ec8b388b-301b-4aec-85a4-88c934168411', 'Betschart', 'Markus', 'markus.betschart@bluewin.ch', '', NULL, 'Staffelnhofstrasse 24, 6015 Luzern, LU'),
('4f3eaf17-17ea-4a2f-9dde-12e7895ef0d5', 'Betschart', 'Martin', 'martin-betschart@bluewin.ch', '41792465450', NULL, 'Grosssteinstrasse 35, 6438 Ibach, SZ'),
('eb31cc15-335e-4ed8-97ab-72576e411998', 'Betschart Reinhard', '(-Schelbert)', 'betsch.reinhard@bluewin.ch', '', NULL, 'Hauptstrasse 11, 9436 Balgach, SG'),
('6e66f2da-fcbd-4e7c-887e-93832aed945f', 'Betschart Robert und Ida', '(-Betschart)', 'robertbetschart@bluewin.ch', '41797098900', NULL, 'Giessenweg 3A, 6403 Küssnacht am Rigi'),
('3ea13c4c-ce14-4ab0-ba8c-92d2976eaff9', 'Betschart', 'Walter', 'wb.heizungen@bluewin.ch', '41794060961', NULL, 'Degenbalmstrasse 1, 6443 Morschach, SZ'),
('62902eed-70a8-4476-bbcd-9bedf7a55f12', 'Bettiga', 'Ramona', 'ramona.bettiga@windowslive.com', '41797372351', NULL, 'Fuhr 7, 8756 Mitlödi, GL'),
('2c6acb37-ad5b-40fe-87bd-0cd215ae6ecf', 'Bettin Brigitta Maria', '(-Nacht)', 'gitta.bettin@bluewin.ch', '41765677707', NULL, 'Hinterdorfstrasse 48, 5707 Seengen, AG'),
('7898e305-7d9f-4faa-b715-325e4f0bf6c7', 'Bettini Renato', 'Antonio', 'renato.bettini@bluewin.ch', '', NULL, 'Eierbrechtstrasse 70, 8053 Zürich, ZH'),
('8086ea4c-59ad-4a0c-a691-6f7e2e1a79f8', 'Bettler', 'Fritz', 'bettler.bau@bluewin.ch', '', NULL, 'Saalistrasse 15, 3785 Gsteig b. Gstaad, BE'),
('bfd08c7f-c492-432f-9919-e75804edc446', 'Bettoli Bruno und Regula', '(-Lutz)', 'bbettoli@sunrise.ch', '41764185406', NULL, 'Riegelweidstrasse 10, 8841 Gross, SZ'),
('ffa2df41-468a-4623-8d9b-c953eefc2acb', 'Bettosini Dario', '(-Marti)', 'dario@dental-technik-bettosini.ch', '', NULL, 'Knüslihubelweg 20, 3007 Bern, BE'),
('c4efa3b5-e0dd-43d7-97b3-9931aa3a8186', 'Bettschart Susy und', 'Thomas', 'bettschart@bluewin.ch', '', NULL, 'Weinbergstrasse 17, 9508 Weingarten-Kalthäusern, TG'),
('abb25bf9-24c0-4a3e-8f8d-e73f4bdbce47', 'Bettschen Marietta und Christian', '(-Probst)', 'christian.bettschen@outlook.com', '', NULL, 'Stöcklimattstrasse 20C, 4513 Langendorf, SO'),
('c9e366f7-03de-4e24-a212-2a8caca4610c', 'Bettschen', 'Thomas', 'tierra-foto@bluewin.ch', '', NULL, 'Thalgutstrasse 2, 3116 Kirchdorf BE, BE'),
('7694668d-463f-4b19-9541-fdf102367766', 'Bettschen Urs u. Silvia', '(-Allenbach)', 'urssilv@swissonline.ch', '', NULL, 'Distelweg 11, 3714 Frutigen, BE'),
('2ff30bb2-fc91-40f3-9a72-03c13df06029', 'Betulius Christoph', 'Olivier', 'c.betulius@bluewin.ch', '41786264162', NULL, 'Gertrudstrasse 54, 8003 Zürich, ZH'),
('b30d49ef-76d0-4029-9d88-f835bee22445', 'Betz Widmer', 'Gabriela', 'gbetz@sunrise.ch', '', NULL, 'Brunnenweg 13, 8115 Hüttikon, ZH'),
('d72d7e9f-6fa3-4118-881a-cea7283dc4a0', 'Beugger Hans und Marlène', '(-Volkart)', 'marlene.beugger@bluewin.ch', '41765214070', NULL, 'Bettenhölzliweg 9, 4900 Langenthal, BE'),
('5aa94f14-5967-4aca-b845-2efba6b87d92', 'Beuret Francis et', 'Xandra', 'f.beuret@maars.ch', '', NULL, 'Champ-Cochet 11, 2608 Courtelary, BE'),
('41b8e8e3-96c2-453d-a3e2-01cf6ef778ce', 'Beurret Dominique und', 'Inès', 'db@beurretpartner.ch', '41796458836', NULL, 'Oberer Rainweg 22, 4414 Füllinsdorf, BL'),
('42ab6398-8141-4df4-bba1-4976833f8750', 'Beusch', 'Jack', 'jack.beusch@bluewin.ch', '41766067456', NULL, 'Muntaschin 2, 9470 Werdenberg, SG'),
('a38a4211-f6f7-4bed-b432-69c7ff45b638', 'Beutler Beat, Christine, Sabrina und Michelle', '(-Tröhler)', 'beutler@sio.ch', '', NULL, 'Schlattacker 551, 3512 Walkringen, BE'),
('f6b607be-72f7-4f94-9557-db3af38559ef', 'Beutler', 'Bruno', 'beutlerbruno@bluewin.ch', '41794601472', NULL, 'Rünkhofen 20A, 3533 Bowil, BE'),
('18337ad3-6f55-46e0-a382-aa5da065d10d', 'Beutler Christof und', 'Yvonne', 'christof.beutler@span.ch', '41792783826', NULL, 'Vorderstüdli 2, 9465 Salez, SG'),
('23d188a2-0785-4fc4-b7cb-dd821852d9ac', 'Beutler', 'Dominique', 'd.beutler@ebmnet.ch', '41787815174', NULL, 'Eschenstrasse 3, 4142 Münchenstein, BL'),
('0b4c68cc-4f15-4781-ab32-4eef914495a5', 'Beutler', 'Fabian', 'fabianbeutler@bluewin.ch', '41795447912', NULL, 'Metzgergasse 7, 3400 Burgdorf, BE'),
('62dba8f4-a5b0-4631-a9e9-b238cc9047bb', 'Beutler Peter und Thekla', '(-Recher)', 'beutler@gmx.ch', '', NULL, 'Mittlerer Weg 2, 4436 Oberdorf BL, BL'),
('9f071854-17dc-44d0-9bc0-cf0cade97afb', 'Beutler Rainer und Erika', '(-Wenger)', 'rainer.beutler@bluewin.ch', '', NULL, 'Etzmattrain 18A, 3322 Urtenen-Schönbühl, BE'),
('6f05a3b2-dbd9-48c8-9de6-031bc587fa33', 'Beutler', 'Roger', 'beutler.roger@bluewin.ch', '41793460441', NULL, 'Sur le Crêt 103, 2746 Crémines, BE'),
('6eaeb008-ebda-4871-8fea-c95766236f3d', 'Beutler Rudolf und Ruth', '(-Stettler)', 'r.beutler@datacomm.ch', '', NULL, 'Hirzbrunnenstrasse 109, 4058 Basel, BS'),
('4c5bdcad-5713-4bcb-9515-681e7cc26fa7', 'Beutler', 'Walter', 'beutlerwalter@bluewin.ch', '41797028756', NULL, 'Schiltwiesenweg 34, 8404 Winterthur, ZH'),
('789c1bf1-98ed-42cf-8266-a679672bb2ed', 'Bevilacqua Cyrill', 'Martin', 'cyrill_bevilacqua@hotmail.ch', '41765491413', NULL, 'Mittlere Gasse 9, 8590 Romanshorn, TG'),
('de3cd8e9-2708-42cb-92be-a3ad1d71a8e7', 'Beydoun', 'Hicham', 'automobiledynamik@gmail.com', '', NULL, 'Dorfstrasse 30, 5624 Bünzen, AG'),
('9a066eaf-97d6-4fe7-83dd-0f603b651d1d', 'Beyeler Anton und Doris', '(-Sulzener)', 'abeyeler@btm.ch', '', NULL, 'Mattenstrasse 6, 3661 Uetendorf, BE'),
('6b33f51a-b11a-4ad9-98a2-6e8798476f35', 'Beyeler Barbara und Jacques', '(-Nacht)', 'j.beyeler@gmail.com', '41797542864', NULL, 'Margritenweg 16, 5074 Eiken, AG'),
('3c4291f8-ee86-4106-b815-963d6eebb53a', 'Beyeler', 'Daniel', 'danu1973@gmx.ch', '41795686293', NULL, 'Reuchenettestrasse 2A, 2502 Biel/Bienne, BE'),
('b7665c81-bae5-4b7e-a28d-c58bca6ff72e', 'Beyeler', 'Eliane', 'eli.beyeler@gmail.com', '41797226845', NULL, 'Natershusstrasse 7, 3176 Neuenegg, BE'),
('284c9219-6c24-4806-86a4-3d4ff59361cd', 'Beyeler', 'Franziska', 'melle@gmx.ch', '41794469070', NULL, 'Badweg 3, 3507 Biglen, BE'),
('83c68afe-a93e-4908-95af-aa428965a7a2', 'Beyeler Georg und Florine', '(-Joseph)', 'flbe@bluewin.ch', '41792311331', NULL, 'Hardweg 25, 3174 Thörishaus, BE'),
('f6ed1db4-54b8-4be0-aba8-d3f1acfbf007', 'Beyeler Jürg und Christa', '(-Koller)', 'j-beyeler@bluewin.ch', '', NULL, 'Pfaffenwiesenstrasse 91, 8404 Winterthur, ZH'),
('81e17517-aa60-4e49-ba76-362eb4a9a701', 'Beyeler Marcel und', 'Christine', 'mail@beyi.ch', '41796163690', NULL, 'Lerchenfeld 8, 4665 Oftringen, AG'),
('f749bffe-d644-439f-877a-91cc18db7c0b', 'Beyeler Markus und', 'Irène', 'markusbeyeler@me.com', '', NULL, 'Weidweg 49, 3032 Hinterkappelen, BE'),
('66ebd4b8-3aa3-4079-9b7f-0cd44dace9d5', 'Beyeler Mattle', 'Esther', 'beyeler.esther@bluewin.ch', '41797056271', NULL, 'Winkelstrasse 32, 9445 Rebstein, SG'),
('d6e02727-8923-438f-ad8a-35b5efd9db4c', 'Beyeler Roland und Colette', '(-Lötscher)', 'crs.beyeler@hispeed.ch', '', NULL, 'Heckenweg 21, 3150 Schwarzenburg, BE'),
('c58b1874-a2b6-4b51-a60d-f32b46852d9a', 'Beyeler', 'Rolf', 'rolf@beyeler-kok.ch', '', NULL, 'Froburgstrasse 57, 4632 Trimbach, SO'),
('afb52476-a66d-4e30-aaac-d18d2a1c7c69', 'Beyeler', 'Rudolf', 'info@rudolfbeyeler.ch', '', NULL, 'Gässlisacher, 3065 Bolligen, BE'),
('285e3b74-a6f8-4fbc-9830-52e916b2dc93', 'Beyeler Stefan und Manuela', '(-Bolz)', 's.m.beyeler@freesurf.ch', '', NULL, 'Schlösslifeld 14, 2504 Biel/Bienne, BE'),
('4b5a6f49-c742-4da2-9c4c-684ffbd775ef', 'Beylemans', 'Francis', 'info@francis-selection.com', '', NULL, 'Nestléstrasse 10, 6330 Cham, ZG'),
('7568c83a-cfae-495d-a703-def4d371ac65', 'Beyli', 'André', 'a.beyli@hotmail.com', '41763674788', NULL, 'Ausserdorfstrasse 28, 5603 Staufen, AG'),
('134be034-d69f-4fe9-9b13-f4ecb4821bc8', 'Bez Daniel und Jacqueline', '(-Rigo)', 'danibez@bluewin.ch', '', NULL, 'Karl-Neuhaus-Strasse 7, 2502 Biel/Bienne, BE'),
('1cb2a6bf-cbcd-4950-8f5e-e017d5688e25', 'Bezzola Duri und Ruth', '(-Wagner)', 'bezzola@bluewin.ch', '', NULL, 'Crappun 4, 7503 Samedan, GR'),
('7556bba1-5117-46d1-906b-383bf031f879', 'Bezzola', 'Flavio', 'flavio@bezzola.com', '', NULL, 'Sternegg 6, 6005 Luzern, LU'),
('61e74b9d-ef63-45ac-b7db-2bd9be2c44a1', 'Bhend Aartina (-van den', 'Top)', 'aartina@besonet.ch', '41797769630', NULL, 'Dorfplatz 3, 3366 Bollodingen, BE'),
('9c59a9d5-e2fa-4f94-b6f1-66f9d197a462', 'Bhend Adolf und Anni', '(-Flütsch)', 'bhend.baergsicht@bluewin.ch', '41792872946', NULL, 'Almisgässli 27, 3818 Grindelwald, BE'),
('a87fb867-4384-48d5-a6fe-4b327c5fc43b', 'Bhend', 'Andrea', 'abh.pra@wellcamp.ch', '', NULL, 'Napfstrasse 9, 3550 Langnau im Emmental, BE'),
('147dc121-e7f4-4691-889e-deab1bdf7aa5', 'Bhend Christian und', 'Marlise', 'christian.bhend@bluewin.ch', '', NULL, 'Sagigässli 4, 3714 Frutigen, BE'),
('3a4e6cc7-47eb-481c-8eee-1f090032f740', 'Bhend Paul und Esther', '(-Rudin)', 'p.bhend@sunrise.ch', '', NULL, 'Dorfstrasse 39, 4665 Oftringen, AG'),
('f8e8786a-ac81-4502-9eb4-2f370507905a', 'Bhend Peter und Christine', '(-Baumann)', 'peter.bhend@hin.ch', '41796562351', NULL, 'Bahnhofstrasse 11, 3713 Reichenbach im Kandertal, BE'),
('340319d7-bf9a-413f-a6fd-a64305009a95', 'Bhend', 'Rudolf', 'eispickel@bluewin.ch', '', NULL, 'Dorfstrasse 141, 3818 Grindelwald, BE'),
('598cd42d-d06c-4f81-924f-95b0b9f0ca12', 'Bhend Werner', '(-Schweizer)', 'bhend.kw@bluewin.ch', '', NULL, 'Spillstattstrasse 63B, 3818 Grindelwald, BE'),
('cbc5a37c-3e72-414c-9418-df88daa49d1b', 'Bianchetti', 'Aldo', 'aldo@bianchetti.ch', '', NULL, 'Oberdorfstrasse 9, 9532 Rickenbach b. Wil, TG'),
('daca55e1-9b36-4a99-b410-3196ea4f1329', 'Bianchi Bruno und Joke', '(-Spaltman)', 'brubi45@bluewin.ch', '41797844788', NULL, 'Grüel 18, 9475 Sevelen, SG'),
('aba7e317-9689-4270-9eda-86dc04be12c1', 'Bianchi', 'Trudy', 'trudy.bianchi@gmx.ch', '', NULL, 'Meilipromenade 11, 6032 Emmen, LU'),
('39f286da-4b9c-4f21-a3a3-566394477379', 'Bianchi-Fust Sandro und', 'Jacqueline', 'sandro.bianchi@bluewin.ch', '41795419564', NULL, 'Eisweiherstrasse 113, 8400 Winterthur, ZH'),
('0b04a70c-276a-42ab-8430-d2c7310914ba', 'Bianco', 'Yvette', 'yvette.bianco@yahoo.de', '41793052916', NULL, 'Ensisheimerstrasse 3, 4055 Basel, BS'),
('b1135af8-4fba-4b3e-b798-d0476c563e22', 'Biäsch', 'Hans', 'biaesch@bluewin.ch', '41796648931', NULL, 'Vialstrasse 21, 7205 Zizers, GR'),
('8a6bf0cc-5b6f-480e-bada-49a5429511a4', 'Biasco Diana und Giuseppe', '(-Rüegg)', 'diana@vesparanch.ch', '41765273638', NULL, 'Landstrasse 21, 5300 Turgi, AG'),
('feeb535b-12c3-4eeb-8063-be35e9c517d1', 'Biasi Piero und Gabi', '(-Büchel)', 'pbiasi@gmx.ch', '', NULL, 'Heldstrasse 51, 9443 Widnau, SG'),
('bec6add9-2fec-4f54-a099-aeaef96cd5e0', 'Biasio', 'Fabian', 'info@biasio.com', '41794022255', NULL, 'Dufourstrasse 27, 6003 Luzern, LU'),
('28fedcf6-a652-4861-92b6-2f7f81ab4429', 'Biber', 'Beat', 'bbiber@gmx.ch', '', NULL, 'Thalwiesenstrasse 22, 8302 Kloten, ZH'),
('cfc3d650-a139-4520-a265-d45c0db3664e', 'Biber Peter und Lilly', '(-Frei)', 'peter.biber@swissonline.ch', '', NULL, 'Stockenerstrasse 77, 8405 Winterthur, ZH'),
('4851fd25-7560-4556-b9f4-cb6432bfc746', 'Biberstein', 'Marie-Louise', 'marie-louise.biberstein@bluewin.ch', '', NULL, 'Untere Sternengasse 19A, 4500 Solothurn, SO'),
('ab8509ed-0767-4f94-8d2d-5940a3d17879', 'Biberstein Paul und', 'Beatrice', 'p.biberstein@bluewin.ch', '', NULL, 'Unterer Rainweg 16b, 3068 Utzigen, BE'),
('b89bfa28-43e4-4a88-9522-63e2f2fdd52b', 'Biberstein Peter und Marianne', '(-Flury)', 'p.biberstein@sunrise.ch', '', NULL, 'Wangenstrasse 17, 4543 Deitingen, SO'),
('c499d494-5060-46ba-a01d-d497b9e8be0b', 'Biberstein Rolf, Katrin, Anna, Elias, Sophie und', 'Jakob', 'katrin.biberstein@gmail.com', '', NULL, 'Gartenstrasse 3, 4543 Deitingen, SO'),
('070663b2-06b7-46d8-b3b5-b807bc8fe196', 'Biberstein', 'Thomas', 'thomas.biberstein@bluewin.ch', '41765044771', NULL, 'Obachstrasse 18, 4500 Solothurn'),
('a0d28e0a-7b27-420b-a110-27b45b5e0354', 'Bichet', 'Quentin', 'quentin.jerry@gmail.com', '', NULL, 'Rue Baptiste-Savoye 25, 2610 St-Imier, BE'),
('04f358fc-9488-45cd-96ec-0351739bf734', 'Bichsel Jürg und Ruth', '(-Keller)', 'fam_bichsel@bluewin.ch', '41792207911', NULL, 'Bahnhofstrasse 5, 3067 Boll, BE'),
('b8bc190c-435c-4464-94d7-d3fb7fe89c57', 'Bichsel Nathalie u. Daniel', '(-Pulfer)', 'bichsels@bluewin.ch', '', NULL, 'Im Park 4, 3052 Zollikofen, BE'),
('fd510261-2b0f-45fa-964b-90aba48a7309', 'Bichsel', 'Patrick', 'patrickbichsel@bluewin.ch', '41794048401', NULL, 'Hauptstrasse 114, 8264 Eschenz, TG'),
('10435451-4f46-4841-9e82-8670ac477c7a', 'Bichsel Regina und', 'Erich', 'securitybichsel@bluewin.ch', '', NULL, 'Rotebüelweg 19, 3704 Krattigen, BE'),
('2c8c8f58-9fc7-485b-b966-47cbaf502cc4', 'Bichsel', 'René', 'bichsel.rene@gmail.com', '41795517741', NULL, 'Gatternweg 51, 4125 Riehen, BS'),
('fa1e2f4c-77a5-4696-96db-2269b70b848a', 'Bichsel', 'Uwe', 'uwe.bichsel@bluewin.ch', '', NULL, 'Döllistrasse 27F, 8592 Uttwil, TG'),
('0ed56215-a476-4b2e-b648-64baa0b81917', 'Bickel Peter', '(-Iten)', 'bickel@idv.ch', '', NULL, 'Gumpenwiesenstrasse 38, 8157 Dielsdorf, ZH'),
('a4432078-b5e4-46c8-8def-51d351f622b3', 'Bickel Ursula und Schmid', 'Roland', 'ubickel@thurweb.ch', '', NULL, 'Thuraustrasse 56, 9642 Ebnat-Kappel, SG'),
('42617eae-e483-497b-9da1-5707e93ab4cb', 'Bider', 'Markus', 'langensand@gmx.ch', '41796406364', NULL, 'Langensandhöhe 13, 6005 St. Niklausen LU, LU'),
('6994f752-28cf-43dc-baa2-6772343089b5', 'Bider', 'Roland', 'roland.bider@bluewin.ch', '', NULL, 'Steigwiesstrasse 1, 8427 Rorbas, ZH'),
('29fe8d25-b15d-4419-afc3-0f828f9d176c', 'Bieber', 'Heinz', 'heinz.bieber@bluewin.ch', '', NULL, 'Junkholzweg 2, 2545 Selzach, SO'),
('f56ee160-77e9-4ced-ada0-e0a7aeaa21f7', 'Bieder', 'Werner', 'wernerbieder@bluewin.ch', '', NULL, 'Bächlenweg 34, 5630 Muri AG, AG'),
('1c2aeecb-fd38-4c93-b9a2-e8823d1e2284', 'Biedermann', 'Andreas', 'biedermann.andreas@bluewin.ch', '', NULL, 'Gheidmattweg 12, 4600 Olten, SO'),
('c19a22cd-f842-40da-a6ac-96899ff40a65', 'Biedermann', 'Christian', 'ch.biedermann@hispeed.ch', '41792162901', NULL, 'Chilenholzstrasse 23, 8907 Wettswil, ZH'),
('ba108730-de00-4776-81b4-3b6e71c737df', 'Biedermann', 'Markus', 'forum99@bluewin.ch', '41796677746', NULL, 'Oberdorfweg 4, 3360 Herzogenbuchsee, BE'),
('f1e5a571-8081-4859-9911-83b083d64500', 'Biedert', 'Albert', 'abiedert@vtxmail.ch', '41763393000', NULL, 'Rüttigasse 10, 4402 Frenkendorf, BL'),
('245def81-d607-4541-b056-b25862c2e443', 'Biefer', 'Edwin', 'beac@gmx.ch', '41792863665', NULL, 'Auf der Egg 6, 8038 Zürich, ZH'),
('06db9105-a6d8-40c2-bd4a-dbd6d0de9ac2', 'Biefer', 'Lothar', 'l.biefer@swissonline.ch', '41793083213', NULL, 'Burgstrasse 31, 8280 Kreuzlingen, TG'),
('937e5791-550b-48d8-97fd-998db737d173', 'Biefer', 'Marcel', 'marcelbiefer@bluewin.ch', '', NULL, 'Rebhalde 5, 8564 Gunterswilen, TG'),
('d6ff27c1-b54c-489d-93e9-1cd7f2bd5d1b', 'Biefer', 'Ronald', 'ronaldbiefer@yahoo.de', '', NULL, 'Krönleinstrasse 59, 8044 Zürich, ZH'),
('73493b23-36cb-461a-ba98-cec3c4c160f5', 'Bieger', 'Daniel', 'daniel.bieger@bluewin.ch', '', NULL, 'Breitenäckerstrasse 24, 8918 Unterlunkhofen, AG'),
('bcbabadb-8354-445f-8deb-97790fc39b77', 'Biegger Martin und Beatrice', '(-Geissmann)', 'm.biegger@bluewin.ch', '41796223382', NULL, 'Glärnischweg 14, 8604 Volketswil, ZH'),
('7b20d3dc-2f62-46e3-bc1d-3f3618fb9e85', 'Bieli', 'Franz', 'schreinerei-bieli@ggs.ch', '41794470707', NULL, 'Steinacker 3, 4713 Matzendorf, SO'),
('413d89b0-4821-4eab-a398-c85e47d8ede1', 'Bieli Marcel und Bettina', '(-Erni)', 'marcel.bieli@bluemail.ch', '', NULL, 'Platanen 59, 4600 Olten, SO'),
('68033d3e-62e0-4986-8ae7-959bec4b288e', 'Bienek Daniel und Morgenthaler', 'Sandra', 'info@dabi24.ch', '', NULL, 'Burstel 3, 8820 Wädenswil, ZH'),
('d46b4a4e-ff57-4766-8b72-275314a43718', 'Bienz Annette und', 'Thomas', 'annette.bienz@bluewin.ch', '', NULL, 'Wartstrasse 23, 9244 Niederuzwil, SG'),
('69deddbd-a8e7-4aec-8301-6eba76596f9d', 'Bienz', 'Peter', 'bienz@greifenseeprivatschule.ch', '', NULL, 'Kehrstrasse 5, 8117 Fällanden, ZH'),
('08e0f352-b81c-4ca9-acbd-52d308afb550', 'Bienz', 'Stefan', 'stefan@lattenhofweg.ch', '41794057759', NULL, 'Lattenhofweg 8, 8640 Rapperswil SG, SG'),
('4d26ce7b-cdce-47f3-9623-ddc1f6e0e52e', 'Bienz-Burri Peter und', 'Edith', 'heitere@sunrise.ch', '', NULL, 'Schwarzenburgstrasse 1041, 3147 Mittelhäusern, BE'),
('c1505ea0-85f5-4788-892e-77c03cebac68', 'Bieri', 'Adrian', 'adrian.bieri@sunrise.ch', '41792048826', NULL, 'Hauptstrasse 74, 3806 Bönigen b. Interlaken, BE'),
('be8909ee-4719-4c9e-8aa9-7ffb91bec3f5', 'Bieri', 'Anton', 'anton.bieri@swissonline.ch', '41793020304', NULL, 'Eggiwilstrasse 14, 3535 Schüpbach, BE'),
('b7cfbfb6-095e-4336-9870-a67b5ca3083f', 'Bieri Balz und Lisbeth', '(-Vogel)', 'bieri.vogel@bluewin.ch', '', NULL, 'Dorf 74, 6162 Entlebuch, LU'),
('f2d35bd6-8d22-4cd2-9e8a-09d5a52c53c4', 'Bieri Beatrice', 'Alexandra', 'beabott@bluewin.ch', '', NULL, 'Gartenstrasse 6, 5622 Waltenschwil, AG'),
('46fd2434-0c1b-457c-a291-ae3c0e7d5368', 'Bieri Christian und Katja', '(-Schiffler)', 'chbieri@gmx.ch', '41794585049', NULL, 'Oberer Chaletweg 18, 3072 Ostermundigen, BE'),
('f9859a3b-2544-4aca-9cdc-088ba2b1b378', 'Bieri Claudio und Tamara', '(-Blättler)', 'claudio_bieri@gmx.ch', '41797522680', NULL, 'Büünacherweg 6, 3424 Niederösch, BE'),
('668202db-9072-4d77-8916-a57e46fe604f', 'Bieri', 'Daniel', 'dan.bieri@bluewin.ch', '41794138312', NULL, 'Zimmermatt 39, 3434 Landiswil, BE'),
('c9dcf2f5-2fdc-492c-b8f3-f5eae3e967d2', 'Bieri Ernst', '(-Unternährer)', 'info@autobieri.ch', '41796326316', NULL, 'Dorf 62, 6162 Entlebuch, LU'),
('6765eadd-f54b-4473-a040-814077d44545', 'Bieri Franz und Martha', '(-Nussbaum)', 'franzbieri@bluewin.ch', '41793547724', NULL, 'Göldlinstrasse 14A, 6210 Sursee, LU'),
('4bca3bc9-6037-44bc-842c-c297c95bb912', 'Bieri', 'Hans', 'hans.bieri@hispeed.ch', '41793105910', NULL, 'Höheweg 6, 3700 Spiez, BE'),
('309adf4f-548e-4b71-8bb6-bd8e25fcb84b', 'Bieri Hans-Peter und', 'Annemarie', 'bieri.forst@bluewin.ch', '41796515013', NULL, 'Grünenwald 35B, 6197 Schangnau, BE'),
('ec3dc5a7-bdb2-4878-917c-90f877f593c5', 'Bieri Hans-Peter und Rita', '(-Briggen)', 'info@metzgerei-bieri.ch', '', NULL, 'Neubau 42A, 6197 Schangnau, BE'),
('df2463ff-de13-42fa-a91f-880d7a459542', 'Bieri Ivo und', 'Eva', 'swisspalms@bluewin.ch', '', NULL, 'Auf dem Rebberg 115, 4586 Kyburg-Buchegg, SO'),
('27fa21f6-8b0a-4e42-a6b2-eeef91bc512c', 'Bieri', 'Marcel', 'bieri@lorraine.ch', '41792081293', NULL, 'Bernstrasse 27a, 3052 Zollikofen, BE'),
('174cd00a-d310-4dea-9957-2a2e7748f6fe', 'Bieri', 'Martin', 'martinbieri3@bluewin.ch', '41796519581', NULL, 'Jupiterstrasse 41, 3015 Bern, BE'),
('27562369-8343-4f30-9465-8fdca9f849c2', 'Bieri', 'Martin', 'martin.bieri@rotenbaum.ch', '41796390453', NULL, 'Rotenbaum, 3413 Kaltacker, BE'),
('29cb8598-78f8-4983-9881-540fa4936155', 'Bieri', 'Michael', 'michael.bieri@bluewin.ch', '41787757998', NULL, 'Felberweg 4, 5600 Ammerswil AG, AG'),
('96ab5732-88d4-4429-9c36-19505cce2a37', 'Bieri', 'Miriam', 'miriambieri@lernhilfe.ch', '', NULL, 'Zeunerstrasse 7, 8037 Zürich, ZH'),
('c0446320-e338-465a-9071-028ac64e5567', 'Bieri Peter und Franziska', '(-Freiburghaus)', 'p.bieri@hispeed.ch', '', NULL, 'Asterweg 21, 3075 Rüfenacht BE, BE'),
('fca48a0e-fa93-44b9-99d6-1f4c04be21b3', 'Bieri Roland W. u.', 'Monika', 'mail@bi-com.ch', '', NULL, 'St. Josefsgasse 9, 4500 Solothurn, SO'),
('293ed3cc-8408-4204-83d0-9b717bea4780', 'Bieri Ruthli und Dominik', '(-Walther)', 'bieri.walther@gmail.com', '41797540915', NULL, 'Bachmatte 4, 3632 Oberstocken, BE'),
('ffc76514-fca6-49f2-9fca-e073ca766be6', 'Bieri Sela mit Schaufert Ronja und', 'Lora', 'mail@selabieri.com', '41793969777', NULL, 'Schachenstrasse 13, 8633 Wolfhausen, ZH'),
('77c28dd3-3343-417e-b484-bcc0ab9bf000', 'Bieri', 'Simon', 'simon.bieri1@gmx.net', '41793251542', NULL, 'Gutwindeweg 4, 6410 Goldau, SZ'),
('09e574ea-f45c-4f9a-9c6e-0c202c680e10', 'Bieri Simon und Frey', 'Sarah', 'bierisimon@yahoo.com', '', NULL, 'Stellimattweg 15, 3360 Herzogenbuchsee, BE'),
('3dcab230-e19f-4ea6-a121-b124aa4126d1', 'Bieri Stefan und Simona', '(-Dorca)', 'sbieri75@bluewin.ch', '', NULL, 'Horburgstrasse 91, 4057 Basel, BS'),
('b105fb45-2791-4ef9-82a7-f0db81e299b7', 'Bieri Stephan u. Veronika', '(-Nobs)', 'stephanbieri@bluewin.ch', '41794887528', NULL, 'Schlossgasse 20, 4222 Zwingen, BL'),
('ee903dd5-bc95-47d2-b69d-4540634450d1', 'Bieri Thomas und Kitiya', '(-Chaiyanon)', 'bith@leunet.ch', '41799462194', NULL, 'Hofwiesenstrasse 17, 8546 Kefikon TG, TG'),
('49395409-e90f-495d-8819-dd8460df1d73', 'Bieri', 'Timon', 'info@bierishauswartung.ch', '41799035223', NULL, 'Sennweidstrasse 2A, 6276 Hohenrain, LU'),
('b88eafd1-57c6-45a2-8c42-a5a9cdbd325d', 'Bieri Werner u. Margrit', '(-Wüest)', 'w.bieri@bluewin.ch', '', NULL, 'Heubachstrasse 44, 8810 Horgen, ZH'),
('a8948f56-0eb3-4814-b409-6489bf1baed9', 'Bieri Werner und Ruth', '(-Rohrer)', 'rubi.webi@bluewin.ch', '', NULL, 'Oberlandstrasse 86, 3700 Spiez, BE'),
('949f62bc-61cf-499f-8cfd-7b319f9c06be', 'Biermann Axel, Iris und', 'Bjarne', 'biermann@sunrise.ch', '41764231736', NULL, 'Häberlibodenstrasse 15, 8725 Ernetschwil, SG'),
('0043fae9-2f8d-4f92-a028-6f155cf755ae', 'Biermann Deborah, Isabella u.', 'Armin', 'isabella@biermann.ch', '', NULL, 'Morellweg 6, 3007 Bern, BE'),
('6550e4d8-2444-4955-a374-b4e386314edb', 'Bietenhard', 'Sophia', 'skbietenhard@bluewin.ch', '', NULL, 'Schosshaldenstrasse 79, 3006 Bern, BE'),
('58b7c6a0-cad2-45b2-9f0c-5d4efacc889b', 'Biétry', 'Patrick', 'p.bietry@freesurf.ch', '', NULL, 'Rue Jakob-Stämpfli 113, 2502 Biel/Bienne, BE'),
('09f9b02e-58a4-4e06-bec2-701db90bea03', 'Biffiger', 'Steffan', 's.biffiger@bluewin.ch', '', NULL, 'Hauptstrasse 18, 3036 Detligen, BE'),
('5ebda633-3d77-4c21-bfdc-5b1e5727f356', 'Bigger', 'Elisabeth', 'elisabeth.bigger@rsnweb.ch', '', NULL, 'Dorfstrasse 27C, 9472 Grabs, SG'),
('86f6a45d-c758-400e-b20f-6786b7f2bc54', 'Bigger', 'Oliver', 'olilaptop@bluewin.ch', '', NULL, 'Flurstrasse 13, 8887 Mels, SG'),
('5d18261c-92b4-4c13-9b0d-4f6f6e281963', 'Bigger Peter und Tatjana', '(-Senti)', 'pitsch.bigger@bluewin.ch', '41763814170', NULL, 'Egglisbodenstrasse 1, 8883 Quarten, SG'),
('08098111-fb3f-4161-885a-3860fdeb4ace', 'Biggoer', 'Hanni', 'hanni.biggoer@gmail.com', '', NULL, 'Würzengässli 9, 8735 St. Gallenkappel, SG'),
('22184c33-1da7-4c24-8fef-dd510002ae91', 'Bigler Alfred', '(-Heinemann)', 'alfred.bigler@sunrise.ch', '', NULL, 'Obere Rütte 16, 3323 Bäriswil BE, BE'),
('d2771d88-5e05-4770-a51d-5ba0c4a68c58', 'Bigler Beat, Christine, Mathias und Nico', '(-Geiser)', 'bbigler@bluewin.ch', '41793005319', NULL, 'Weissenbühlweg 23, 3007 Bern, BE'),
('a2e496e4-34ca-470e-a646-318f8e4b2f57', 'Bigler Daniel und Ederlinda', '(-Doble)', 'daniel.bigler@bluewin.ch', '', NULL, 'Bernstrasse 178, 3072 Ostermundigen, BE'),
('aa002b0c-3c44-4a96-852f-5db52b8a3dad', 'Bigler Hans', 'Rudolf', 'hrb@gmx.ch', '41792622307', NULL, 'Breitenacher 56, 8906 Bonstetten, ZH'),
('276640a0-6431-4cd8-846a-217b050a63ec', 'Bigler Hans und', 'Therese', 'thesi.bigler@bluewin.ch', '', NULL, 'Schaufelbühl 718, 3452 Grünenmatt, BE'),
('1178e705-fe69-4be9-824f-01a832c10c17', 'Bigler', 'Hans-Jörg', 'hans-joerg.bigler@gmx.ch', '', NULL, 'Buchenweg 15, 3054 Schüpfen, BE'),
('69c97f55-fac5-4d88-ab14-e6a674ae7a8a', 'Bigler', 'Hans-Peter', 'zkb@datacomm.ch', '', NULL, 'Gaselstrasse 117, 3144 Gasel, BE'),
('95e2d139-2c3b-4c62-9cb2-2239c6387b0d', 'Bigler Hans-Ulrich', '(-Frei)', 'bigler-hu@bluewin.ch', '41793672030', NULL, 'Lochiweg 416, 3082 Schlosswil, BE'),
('e6c98135-0216-4644-905e-150a1d4fc79f', 'Bigler Laurent und', 'Beatrice', 'l.bigler@bluewin.ch', '', NULL, 'Im Stüdli 9, 8627 Grüningen, ZH'),
('426f48f0-95a0-4d8b-898c-612cc993c6e5', 'Bigler', 'Marc', 'marc.bigler29@bluewin.ch', '', NULL, 'Rue des Eglantines 2, 2735 Malleray, BE'),
('8da5b52f-5733-48c2-a667-22e5fc0fe6aa', 'Bigler Marcel und Andrea', '(-Kaiser)', 'a.m.bigler@bluewin.ch', '', NULL, 'Neptunstrasse 70, 8032 Zürich, ZH'),
('7292eff5-2680-4dd6-8970-881629f7e896', 'Bigler', 'Peter', 'pbigler@bluewin.ch', '', NULL, 'Hallwylstrasse 31, 8004 Zürich, ZH'),
('98cda31f-73d6-4c1f-930d-d594bbce829f', 'Bigler Peter', 'Sandra', 'sandrabigler@bluewin.ch', '', NULL, 'Lütschbachstrasse 38, 8734 Ermenswil, SG'),
('0e74cf82-416a-4e60-9392-127d03e9f31d', 'Bigler René und Schmid Bigler', 'Beatrix', 'rene.bigler@gmx.ch', '41763465224', NULL, 'Bergackerstrasse 19i, 3066 Stettlen, BE'),
('903e7034-4ce4-41f9-b27e-7feb1d50f758', 'Bigler Rita', '(-Thoma)', 'rita.bigler@bluewin.ch', '41792990807', NULL, 'Untere Steingasse 12, 6235 Winikon, LU'),
('dfdda6af-3bc1-4e13-a295-3c74a39ae46f', 'Bigler Roland u. Natalie', '(-Duss)', 'bigmac@spectraweb.ch', '', NULL, 'Neumattstrasse 96, 3400 Burgdorf, BE'),
('6faa3f88-d7c1-4954-9232-a9b2644c43e3', 'Bigler Rolf und', 'Verena', 'vreni.bigler@highspeed.ch', '', NULL, 'Multbergstrasse 74, 8422 Pfungen, ZH'),
('28f5db19-4925-4ddd-9107-2d24cb10b192', 'Bigler', 'Sonja', 'info@sonja-bigler.ch', '', NULL, 'Lerchenweg 1, 3267 Seedorf BE, BE'),
('d830a734-2d88-4a50-a995-994a1eb0c0db', 'Bigler Willi und Margrid', '(-Engelhardt)', 'margrid.bigler@bluewin.ch', '', NULL, 'Schulgasse 4, 2560 Nidau, BE'),
('9fa5d154-9e91-4cdc-ae2d-8b4e199adcbe', 'Bigler-Vetterli Daniel und', 'Christina', 'bigler@swissonline.ch', '', NULL, 'Dorfstrasse 154, 5077 Elfingen, AG'),
('8370959d-0e37-477f-acc2-a1bd6a35cd73', 'Bigovic Adelaide und Slobodan', '(-Balzardi)', 'bigobal@bluemail.ch', '', NULL, 'Burgunderstrasse 113, 3018 Bern, BE'),
('0de7d4dd-58e9-42be-952c-8ae506bfb076', 'Bigwood', 'Peter', 'bigwood@bluewin.ch', '', NULL, 'Burstwiesenstrasse 41, 8606 Greifensee, ZH'),
('7bd2ae9a-d3ca-4734-acd1-97af57419cce', 'Bihler Brigitte', '(-Schobinger)', '4bihler@bluewin.ch', '', NULL, 'Sälistrasse 11, 4658 Däniken SO, SO'),
('ddad884a-99d7-4264-8e38-cd44e1a90e11', 'Bilar Susan u. Pedro', 'A.', 'sbilar@bigfoot.com', '', NULL, 'Lüssirainstrasse 42, 6300 Zug, ZG'),
('244818b6-7c10-4105-8f4b-b7bed0f03bd3', 'Bildhalle Mirjam', 'Cavegn', 'info@bildhalle.ch', '', NULL, 'Stauffacherquai 56, 8004 Zürich, ZH'),
('ac779e56-fa2a-4885-9853-06e589a2ded4', 'Bilfeld', 'André', 'abilfeld@bluewin.ch', '41792279621', NULL, 'Zeughausstrasse 48B, 5600 Lenzburg, AG'),
('74c5ee43-ad24-46f0-901a-8dd19301e330', 'Bilgeri', 'Yvo', 'yvobilgeri@bluewin.ch', '', NULL, 'Birkenweg 13, 8590 Romanshorn, TG'),
('64387b35-3a30-4495-acba-200f4ec51f28', 'Bill', 'Adrian', 'info@clown-billy.ch', '41796058265', NULL, 'Mühleweg 9, 5417 Untersiggenthal, AG'),
('2f003c43-c35d-4b5c-91dc-28c59eb1147f', 'Bill Beat und Monika', '(-Appenzeller)', 'bill-rohrbach@bluewin.ch', '41796403545', NULL, 'Hauptstrasse 3, 4938 Rohrbach, BE'),
('d5ff9232-e366-4a1c-aa44-136cde55d322', 'Bill Beat, Dagmar, Jonas, Timo und Urs', '(-Wessoly)', 'b.bill@bluewin.ch', '', NULL, 'Hauentalstrasse 135, 8200 Schaffhausen, SH'),
('0084ca23-ed0d-48d4-a60a-4d549c2425aa', 'Bill', 'Claudia', 'info@akupunktur-bill.ch', '41764595002', NULL, 'Eigerweg 4, 3322 Urtenen-Schönbühl, BE');

INSERT INTO leads (id, contact_id, source, status, value, notes) VALUES
('e864fcfe-d757-4530-8781-4cb47735e367', 'bb42940e-0e2b-445a-8fe5-3f0f5495c4a1', 'KALTAKQUISE', 'ACTIVE', 0, NULL),
('1f6fa26e-e4c4-42a0-9fef-821947fa916d', '7ac6137d-a205-44b2-9571-7a8fe450c0b8', 'KALTAKQUISE', 'ACTIVE', 0, NULL),
('70c3fe9f-acaf-4d15-8994-45fbbf48de90', '49c039ad-70b2-4398-a223-11fff4302542', 'KALTAKQUISE', 'ACTIVE', 0, NULL),
('726ae155-777d-4dbe-8dfd-587c0292f2cc', '456e63f0-c904-4300-9f5c-20339fbde8aa', 'KALTAKQUISE', 'ACTIVE', 0, NULL),
('209f2e27-a724-4b8b-bc7b-2272e38a094b', '86cbb656-0918-49ee-b453-4ed0d37b3228', 'KALTAKQUISE', 'ACTIVE', 0, NULL),
('df7dede1-1536-47bf-9dba-f6a3e4175713', '13f57831-4ab8-4fc0-bfce-f10d014e0b9e', 'KALTAKQUISE', 'ACTIVE', 0, NULL),
('a361c4e7-9abd-4dde-a01f-eda93240fd08', '940765a0-e3dd-4d78-a42e-7957878b827a', 'KALTAKQUISE', 'ACTIVE', 0, NULL),
('9c0d5747-f5f2-44e6-a547-b39e327a3a82', '1816b3db-6b44-47ca-92b7-9d8485d5511b', 'KALTAKQUISE', 'ACTIVE', 0, NULL),
('de979c83-3565-41fc-a713-f5c9a65b7c54', 'e4b9f755-987d-46a3-aec3-5eb838c65abe', 'KALTAKQUISE', 'ACTIVE', 0, NULL),
('75204738-93d0-4aae-a4ac-5b41594519a6', '9b2fb043-3fb7-4948-9e29-d6aeccff1b61', 'KALTAKQUISE', 'ACTIVE', 0, NULL),
('f7774f6b-689a-412b-a476-3d8ef3c7c593', 'c336e1df-c856-424e-930d-a0bc4342303a', 'KALTAKQUISE', 'ACTIVE', 0, NULL),
('4977bb7b-ff2e-40f1-a5d7-5914693a86b1', 'd382e5ab-7dea-4cac-8ef5-347ca61ade16', 'KALTAKQUISE', 'ACTIVE', 0, NULL),
('28985771-1fcf-48c9-8515-19116b05cb2c', '2a1d0df4-a1a0-4acf-8529-4e2ccfd7f058', 'KALTAKQUISE', 'ACTIVE', 0, NULL),
('5b3ecf9b-3eb4-4545-8ce0-77078d8a8daa', '239b5dd8-8d5b-4d15-aee5-3944c9a210e3', 'KALTAKQUISE', 'ACTIVE', 0, NULL),
('b00c457e-724b-459f-80cc-275dbe370b18', 'ab29f909-31c4-47cb-b68b-6a1ec46296ae', 'KALTAKQUISE', 'ACTIVE', 0, NULL),
('bd9a37a0-ad16-474c-9213-c27fc4da186b', '1adaa5c2-ce9f-4529-b1bb-a53d99d9a0c0', 'KALTAKQUISE', 'ACTIVE', 0, NULL),
('fb7ebbb3-a28c-40ad-8447-d7fe09bdb194', 'a5e2cbb1-0d50-4a89-b3f3-da2524d34b7f', 'KALTAKQUISE', 'ACTIVE', 0, NULL),
('972ae0b9-f7bb-4e20-894e-3bcc92fcba9e', 'c0f85015-5d91-4e85-9349-b3a71e6d9322', 'KALTAKQUISE', 'ACTIVE', 0, NULL),
('2f929848-11e1-4231-9c6d-57f3bbe7adb6', '3a8ae474-c832-4342-a61e-f4068580c7aa', 'KALTAKQUISE', 'ACTIVE', 0, NULL),
('1f9f475d-0ba9-4118-bd32-b8dfa3ed2056', '2649c6a0-e4d1-4b59-b14c-8a32c012243d', 'KALTAKQUISE', 'ACTIVE', 0, NULL),
('aac5aad8-e0b6-44bd-b5c7-5ab474c3332b', 'ac98c59e-76c6-4e2b-96cb-d71320c40956', 'KALTAKQUISE', 'ACTIVE', 0, NULL),
('3c674932-7578-4598-b55d-241b3c232863', 'cd75f12c-0bf8-4b2a-b46b-30644b9c0527', 'KALTAKQUISE', 'ACTIVE', 0, NULL),
('a82e45fa-85de-459f-a08b-1fc652b6a758', 'b2ac5f1f-7db5-4938-87c8-f9d5da1ab9be', 'KALTAKQUISE', 'ACTIVE', 0, NULL),
('6f2f98ec-b968-4ce3-badb-ca6bba46a0e0', 'f3d67251-597a-42b5-8a4c-4bf179b15c8b', 'KALTAKQUISE', 'ACTIVE', 0, NULL),
('c60665aa-9c83-466b-a200-30da77585b14', 'ec8b388b-301b-4aec-85a4-88c934168411', 'KALTAKQUISE', 'ACTIVE', 0, NULL),
('abb70079-c6ba-446f-80fc-411daf16f74b', '4f3eaf17-17ea-4a2f-9dde-12e7895ef0d5', 'KALTAKQUISE', 'ACTIVE', 0, NULL),
('b525acc5-b96f-408e-9476-1935dd13e770', 'eb31cc15-335e-4ed8-97ab-72576e411998', 'KALTAKQUISE', 'ACTIVE', 0, NULL),
('8a393dd9-a974-4778-a24a-806480cefe76', '6e66f2da-fcbd-4e7c-887e-93832aed945f', 'KALTAKQUISE', 'ACTIVE', 0, NULL),
('aea73f06-5f3b-42f4-8128-6356ae6b9491', '3ea13c4c-ce14-4ab0-ba8c-92d2976eaff9', 'KALTAKQUISE', 'ACTIVE', 0, NULL),
('6b4dfd07-9ecc-4697-bf0b-5447b9e75445', '62902eed-70a8-4476-bbcd-9bedf7a55f12', 'KALTAKQUISE', 'ACTIVE', 0, NULL),
('1c6657ce-d300-4324-9c50-4fe7f444c2e3', '2c6acb37-ad5b-40fe-87bd-0cd215ae6ecf', 'KALTAKQUISE', 'ACTIVE', 0, NULL),
('818f4df6-f69b-4f7a-8def-d51ac8a90951', '7898e305-7d9f-4faa-b715-325e4f0bf6c7', 'KALTAKQUISE', 'ACTIVE', 0, NULL),
('0f36bd04-8105-4364-ba2e-ba0ae79b00fe', '8086ea4c-59ad-4a0c-a691-6f7e2e1a79f8', 'KALTAKQUISE', 'ACTIVE', 0, NULL),
('894c9876-154e-4310-b555-2f363d86c1c9', 'bfd08c7f-c492-432f-9919-e75804edc446', 'KALTAKQUISE', 'ACTIVE', 0, NULL),
('8bddaf99-7917-406e-8c73-445b3c6043a2', 'ffa2df41-468a-4623-8d9b-c953eefc2acb', 'KALTAKQUISE', 'ACTIVE', 0, NULL),
('7b925141-32c9-4e9a-8f56-38905c601b8b', 'c4efa3b5-e0dd-43d7-97b3-9931aa3a8186', 'KALTAKQUISE', 'ACTIVE', 0, NULL),
('80d9c5ad-ab01-4b4f-8e39-be8d8f52b39e', 'abb25bf9-24c0-4a3e-8f8d-e73f4bdbce47', 'KALTAKQUISE', 'ACTIVE', 0, NULL),
('664946bf-5e25-4b2a-ab88-31b4127a0479', 'c9e366f7-03de-4e24-a212-2a8caca4610c', 'KALTAKQUISE', 'ACTIVE', 0, NULL),
('484a9b32-b080-4dff-b5de-b89ffea6a8e8', '7694668d-463f-4b19-9541-fdf102367766', 'KALTAKQUISE', 'ACTIVE', 0, NULL),
('dbde870a-ff16-457e-b53e-f490f6ad4524', '2ff30bb2-fc91-40f3-9a72-03c13df06029', 'KALTAKQUISE', 'ACTIVE', 0, NULL),
('ca3c8e40-f449-4618-aae3-b68c6310bea1', 'b30d49ef-76d0-4029-9d88-f835bee22445', 'KALTAKQUISE', 'ACTIVE', 0, NULL),
('921536a9-a2ec-46cf-89a1-32404c771d40', 'd72d7e9f-6fa3-4118-881a-cea7283dc4a0', 'KALTAKQUISE', 'ACTIVE', 0, NULL),
('3145393f-9c96-4004-bc24-2ae32f67994c', '5aa94f14-5967-4aca-b845-2efba6b87d92', 'KALTAKQUISE', 'ACTIVE', 0, NULL),
('2965de80-b2ed-4e9e-ad10-c241455df37f', '41b8e8e3-96c2-453d-a3e2-01cf6ef778ce', 'KALTAKQUISE', 'ACTIVE', 0, NULL),
('92663cd3-2326-4f1d-9a17-6bca13161f7e', '42ab6398-8141-4df4-bba1-4976833f8750', 'KALTAKQUISE', 'ACTIVE', 0, NULL),
('5a085f43-4456-401d-9666-33c2901c9cf3', 'a38a4211-f6f7-4bed-b432-69c7ff45b638', 'KALTAKQUISE', 'ACTIVE', 0, NULL),
('7a5b14cc-a873-4a71-b332-06543bb095a8', 'f6b607be-72f7-4f94-9557-db3af38559ef', 'KALTAKQUISE', 'ACTIVE', 0, NULL),
('7e3abc7b-cc82-4b60-b47e-e5eccdc5132d', '18337ad3-6f55-46e0-a382-aa5da065d10d', 'KALTAKQUISE', 'ACTIVE', 0, NULL),
('a3e0bdba-6351-4bee-92cc-cfb127112dec', '23d188a2-0785-4fc4-b7cb-dd821852d9ac', 'KALTAKQUISE', 'ACTIVE', 0, NULL),
('784308d1-0245-443b-a97b-8683eb469e04', '0b4c68cc-4f15-4781-ab32-4eef914495a5', 'KALTAKQUISE', 'ACTIVE', 0, NULL),
('a4da5112-33aa-4618-ab62-7c9a749dc646', '62dba8f4-a5b0-4631-a9e9-b238cc9047bb', 'KALTAKQUISE', 'ACTIVE', 0, NULL),
('8f2b0780-63e0-43f2-89d5-7f006ae86536', '9f071854-17dc-44d0-9bc0-cf0cade97afb', 'KALTAKQUISE', 'ACTIVE', 0, NULL),
('3a1c3ea7-63c3-4f4c-ae2e-67b33b9b87d0', '6f05a3b2-dbd9-48c8-9de6-031bc587fa33', 'KALTAKQUISE', 'ACTIVE', 0, NULL),
('4af0852b-6e5b-46f2-b0a9-c236fdd7ea78', '6eaeb008-ebda-4871-8fea-c95766236f3d', 'KALTAKQUISE', 'ACTIVE', 0, NULL),
('93b87808-b799-4be7-8699-f44900ff93c7', '4c5bdcad-5713-4bcb-9515-681e7cc26fa7', 'KALTAKQUISE', 'ACTIVE', 0, NULL),
('d51c628b-452d-44ec-8748-664d1415c9ed', '789c1bf1-98ed-42cf-8266-a679672bb2ed', 'KALTAKQUISE', 'ACTIVE', 0, NULL),
('7ada127c-74dc-4c16-b703-ac15d5664540', 'de3cd8e9-2708-42cb-92be-a3ad1d71a8e7', 'KALTAKQUISE', 'ACTIVE', 0, NULL),
('2a4cdb43-9771-45b8-98bc-bd6dc89297d1', '9a066eaf-97d6-4fe7-83dd-0f603b651d1d', 'KALTAKQUISE', 'ACTIVE', 0, NULL),
('637787c7-c57e-4e24-be1f-71f295cdd0f8', '6b33f51a-b11a-4ad9-98a2-6e8798476f35', 'KALTAKQUISE', 'ACTIVE', 0, NULL),
('6964d142-b7ac-4f78-8b11-bd6bf1119226', '3c4291f8-ee86-4106-b815-963d6eebb53a', 'KALTAKQUISE', 'ACTIVE', 0, NULL),
('a7cf81a2-77a0-488f-8bf9-2a29f990b95e', 'b7665c81-bae5-4b7e-a28d-c58bca6ff72e', 'KALTAKQUISE', 'ACTIVE', 0, NULL),
('9ff9cee2-2f51-48ac-9a6a-6613f5d52429', '284c9219-6c24-4806-86a4-3d4ff59361cd', 'KALTAKQUISE', 'ACTIVE', 0, NULL),
('700156de-eb9f-41ca-8195-b39b52b62075', '83c68afe-a93e-4908-95af-aa428965a7a2', 'KALTAKQUISE', 'ACTIVE', 0, NULL),
('f840386a-ca96-476c-bf02-edd3ff01a201', 'f6ed1db4-54b8-4be0-aba8-d3f1acfbf007', 'KALTAKQUISE', 'ACTIVE', 0, NULL),
('08443559-5087-4dc7-858c-bc129b8aeb4a', '81e17517-aa60-4e49-ba76-362eb4a9a701', 'KALTAKQUISE', 'ACTIVE', 0, NULL),
('e14cf676-505c-4324-b5f2-c6c6e9b00eaa', 'f749bffe-d644-439f-877a-91cc18db7c0b', 'KALTAKQUISE', 'ACTIVE', 0, NULL),
('126cbee2-eea7-4d14-b91e-52145d2106eb', '66ebd4b8-3aa3-4079-9b7f-0cd44dace9d5', 'KALTAKQUISE', 'ACTIVE', 0, NULL),
('92ed506b-1dd4-476f-9c74-d8545b5775d8', 'd6e02727-8923-438f-ad8a-35b5efd9db4c', 'KALTAKQUISE', 'ACTIVE', 0, NULL),
('ca3a1ff8-c598-4bf1-ba9a-a8fe260ef5fb', 'c58b1874-a2b6-4b51-a60d-f32b46852d9a', 'KALTAKQUISE', 'ACTIVE', 0, NULL),
('34499762-6e88-47bc-9cf0-3cb3135927e2', 'afb52476-a66d-4e30-aaac-d18d2a1c7c69', 'KALTAKQUISE', 'ACTIVE', 0, NULL),
('cf605e1d-8ff1-4519-b3fb-5989d920bdf4', '285e3b74-a6f8-4fbc-9830-52e916b2dc93', 'KALTAKQUISE', 'ACTIVE', 0, NULL),
('b2057fb8-2550-4b3f-8139-3c1ba68ba161', '4b5a6f49-c742-4da2-9c4c-684ffbd775ef', 'KALTAKQUISE', 'ACTIVE', 0, NULL),
('29226faa-3334-4adc-a472-65cd8b400b40', '7568c83a-cfae-495d-a703-def4d371ac65', 'KALTAKQUISE', 'ACTIVE', 0, NULL),
('c2ecbe1d-047d-4f8e-998a-04e2bf0d723b', '134be034-d69f-4fe9-9b13-f4ecb4821bc8', 'KALTAKQUISE', 'ACTIVE', 0, NULL),
('a57cca10-3050-40c5-891d-e428391e8d73', '1cb2a6bf-cbcd-4950-8f5e-e017d5688e25', 'KALTAKQUISE', 'ACTIVE', 0, NULL),
('21893f7d-d477-4699-8e09-81fdaf212e6c', '7556bba1-5117-46d1-906b-383bf031f879', 'KALTAKQUISE', 'ACTIVE', 0, NULL),
('7b83fec0-d758-4efb-8ac2-5a500b3759df', '61e74b9d-ef63-45ac-b7db-2bd9be2c44a1', 'KALTAKQUISE', 'ACTIVE', 0, NULL),
('2bb2a17e-27df-429c-9c7f-ffd0fdda8cac', '9c59a9d5-e2fa-4f94-b6f1-66f9d197a462', 'KALTAKQUISE', 'ACTIVE', 0, NULL),
('ab86a40a-0bbb-4c78-8a4d-98e0559806a6', 'a87fb867-4384-48d5-a6fe-4b327c5fc43b', 'KALTAKQUISE', 'ACTIVE', 0, NULL),
('83504f3a-b79d-4f89-b7e6-1603974aaa32', '147dc121-e7f4-4691-889e-deab1bdf7aa5', 'KALTAKQUISE', 'ACTIVE', 0, NULL),
('0c64630c-1df3-4569-8727-07c2d2e35002', '3a4e6cc7-47eb-481c-8eee-1f090032f740', 'KALTAKQUISE', 'ACTIVE', 0, NULL),
('e198f302-a2c0-479e-aadf-b55f3f5d39ca', 'f8e8786a-ac81-4502-9eb4-2f370507905a', 'KALTAKQUISE', 'ACTIVE', 0, NULL),
('574fdc65-f4cb-421d-86eb-ec38d319076d', '340319d7-bf9a-413f-a6fd-a64305009a95', 'KALTAKQUISE', 'ACTIVE', 0, NULL),
('6b6f5b15-8498-4b3a-9de5-3f957f9c46e9', '598cd42d-d06c-4f81-924f-95b0b9f0ca12', 'KALTAKQUISE', 'ACTIVE', 0, NULL),
('70988b18-09e8-427e-846d-2f01513bade3', 'cbc5a37c-3e72-414c-9418-df88daa49d1b', 'KALTAKQUISE', 'ACTIVE', 0, NULL),
('793aff36-4d33-48dc-ad41-638e3bcff0d9', 'daca55e1-9b36-4a99-b410-3196ea4f1329', 'KALTAKQUISE', 'ACTIVE', 0, NULL),
('cf6dfe0c-6b48-4897-878d-78ac33af3427', 'aba7e317-9689-4270-9eda-86dc04be12c1', 'KALTAKQUISE', 'ACTIVE', 0, NULL),
('fa5701c0-8bd2-4a16-ba95-e4c03d7ad095', '39f286da-4b9c-4f21-a3a3-566394477379', 'KALTAKQUISE', 'ACTIVE', 0, NULL),
('e4dd9f76-2796-460d-b8ef-f0154c7839b9', '0b04a70c-276a-42ab-8430-d2c7310914ba', 'KALTAKQUISE', 'ACTIVE', 0, NULL),
('11ad9541-cce6-43f8-ba2c-e297cd849a32', 'b1135af8-4fba-4b3e-b798-d0476c563e22', 'KALTAKQUISE', 'ACTIVE', 0, NULL),
('d436710b-cc7d-4c04-b93f-1e270f5f9ded', '8a6bf0cc-5b6f-480e-bada-49a5429511a4', 'KALTAKQUISE', 'ACTIVE', 0, NULL),
('09e8b0da-4aa9-457d-8d84-168f27e93edd', 'feeb535b-12c3-4eeb-8063-be35e9c517d1', 'KALTAKQUISE', 'ACTIVE', 0, NULL),
('939a732f-e093-4193-ab20-a9cdac96e2f5', 'bec6add9-2fec-4f54-a099-aeaef96cd5e0', 'KALTAKQUISE', 'ACTIVE', 0, NULL),
('dee7539b-9c08-4995-a476-e2e6b9ebe9af', '28fedcf6-a652-4861-92b6-2f7f81ab4429', 'KALTAKQUISE', 'ACTIVE', 0, NULL),
('14f1b5e8-2541-4bd6-b73b-04624c82b6ee', 'cfc3d650-a139-4520-a265-d45c0db3664e', 'KALTAKQUISE', 'ACTIVE', 0, NULL),
('515bc28e-438e-4570-89b4-073e14427a9d', '4851fd25-7560-4556-b9f4-cb6432bfc746', 'KALTAKQUISE', 'ACTIVE', 0, NULL),
('6a71cacf-93d2-4ebf-a9e8-e1a5f246feba', 'ab8509ed-0767-4f94-8d2d-5940a3d17879', 'KALTAKQUISE', 'ACTIVE', 0, NULL),
('a93b1ce4-4ef1-4817-903e-a3731b6ef4d8', 'b89bfa28-43e4-4a88-9522-63e2f2fdd52b', 'KALTAKQUISE', 'ACTIVE', 0, NULL),
('51b89e7a-71db-4ce3-8ea5-cf1d7edcc170', 'c499d494-5060-46ba-a01d-d497b9e8be0b', 'KALTAKQUISE', 'ACTIVE', 0, NULL),
('49120751-5be2-4f1c-b57c-feb1b0308d13', '070663b2-06b7-46d8-b3b5-b807bc8fe196', 'KALTAKQUISE', 'ACTIVE', 0, NULL),
('505d0cfd-a690-4ee7-9a47-c33ad14add3d', 'a0d28e0a-7b27-420b-a110-27b45b5e0354', 'KALTAKQUISE', 'ACTIVE', 0, NULL),
('716db55f-2e6b-4f12-86b3-7ec563c6f0c4', '04f358fc-9488-45cd-96ec-0351739bf734', 'KALTAKQUISE', 'ACTIVE', 0, NULL),
('d0b4375c-e793-40cc-ad69-807f1d3106b7', 'b8bc190c-435c-4464-94d7-d3fb7fe89c57', 'KALTAKQUISE', 'ACTIVE', 0, NULL),
('23856944-fcf9-40d4-8de5-7c24d9a4873c', 'fd510261-2b0f-45fa-964b-90aba48a7309', 'KALTAKQUISE', 'ACTIVE', 0, NULL),
('d6a8a42a-83c1-4663-8adf-298028fd36f8', '10435451-4f46-4841-9e82-8670ac477c7a', 'KALTAKQUISE', 'ACTIVE', 0, NULL),
('5fb1be30-0178-4fa7-a590-38aefe573956', '2c8c8f58-9fc7-485b-b966-47cbaf502cc4', 'KALTAKQUISE', 'ACTIVE', 0, NULL),
('0f24bd0e-f099-45c7-810e-71924e2d4358', 'fa1e2f4c-77a5-4696-96db-2269b70b848a', 'KALTAKQUISE', 'ACTIVE', 0, NULL),
('99420bfc-1a06-4938-a906-a3c4eec3ebc0', '0ed56215-a476-4b2e-b648-64baa0b81917', 'KALTAKQUISE', 'ACTIVE', 0, NULL),
('6a64cb66-2756-4e79-bc62-a714cdf4d936', 'a4432078-b5e4-46c8-8def-51d351f622b3', 'KALTAKQUISE', 'ACTIVE', 0, NULL),
('87a3b6a4-3399-4549-a062-2de6fa9848fc', '42617eae-e483-497b-9da1-5707e93ab4cb', 'KALTAKQUISE', 'ACTIVE', 0, NULL),
('a6a5a10b-becd-4174-9333-f980672e31ec', '6994f752-28cf-43dc-baa2-6772343089b5', 'KALTAKQUISE', 'ACTIVE', 0, NULL),
('deb068a8-5408-4e4e-965d-7680dfeaccba', '29fe8d25-b15d-4419-afc3-0f828f9d176c', 'KALTAKQUISE', 'ACTIVE', 0, NULL),
('bd14d221-b6ef-48b2-a940-9cfc7c026208', 'f56ee160-77e9-4ced-ada0-e0a7aeaa21f7', 'KALTAKQUISE', 'ACTIVE', 0, NULL),
('c92a37cd-5cab-4808-be28-c8c8c68999d0', '1c2aeecb-fd38-4c93-b9a2-e8823d1e2284', 'KALTAKQUISE', 'ACTIVE', 0, NULL),
('45eb61a4-b498-4469-bde6-665ebc2e72d5', 'c19a22cd-f842-40da-a6ac-96899ff40a65', 'KALTAKQUISE', 'ACTIVE', 0, NULL),
('1070b387-613f-412f-880c-a293d9bcaff8', 'ba108730-de00-4776-81b4-3b6e71c737df', 'KALTAKQUISE', 'ACTIVE', 0, NULL),
('ae72e11b-167c-4b34-8238-ebf172b0bb7a', 'f1e5a571-8081-4859-9911-83b083d64500', 'KALTAKQUISE', 'ACTIVE', 0, NULL),
('27856494-913d-4ab8-b6db-e4d49f2e7361', '245def81-d607-4541-b056-b25862c2e443', 'KALTAKQUISE', 'ACTIVE', 0, NULL),
('9807a8a1-502e-4dec-a7c6-d73e2f01c143', '06db9105-a6d8-40c2-bd4a-dbd6d0de9ac2', 'KALTAKQUISE', 'ACTIVE', 0, NULL),
('ca56193d-f576-4e88-97d6-c741a84ddef8', '937e5791-550b-48d8-97fd-998db737d173', 'KALTAKQUISE', 'ACTIVE', 0, NULL),
('091d6d9a-14d4-4d69-b03e-f433a7351ed6', 'd6ff27c1-b54c-489d-93e9-1cd7f2bd5d1b', 'KALTAKQUISE', 'ACTIVE', 0, NULL),
('4ab1c1d1-fca7-4461-858f-03f8bc4f837f', '73493b23-36cb-461a-ba98-cec3c4c160f5', 'KALTAKQUISE', 'ACTIVE', 0, NULL),
('c4298a94-b22e-49d2-b10b-5aaf1bef091a', 'bcbabadb-8354-445f-8deb-97790fc39b77', 'KALTAKQUISE', 'ACTIVE', 0, NULL),
('3e010bf9-8bfb-486e-89ac-30169ed6e4fe', '7b20d3dc-2f62-46e3-bc1d-3f3618fb9e85', 'KALTAKQUISE', 'ACTIVE', 0, NULL),
('8cfc5a81-462c-4c86-ab42-f7a5d7c2a0a0', '413d89b0-4821-4eab-a398-c85e47d8ede1', 'KALTAKQUISE', 'ACTIVE', 0, NULL),
('f9a5104e-363b-400b-bac9-7b4be966c0ae', '68033d3e-62e0-4986-8ae7-959bec4b288e', 'KALTAKQUISE', 'ACTIVE', 0, NULL),
('e56d8e7a-97b9-4b20-bcee-4818c28f9fd1', 'd46b4a4e-ff57-4766-8b72-275314a43718', 'KALTAKQUISE', 'ACTIVE', 0, NULL),
('394f7c1f-fb9a-41fa-9e41-7768a9db8af6', '69deddbd-a8e7-4aec-8301-6eba76596f9d', 'KALTAKQUISE', 'ACTIVE', 0, NULL),
('d7976351-bea0-4c18-a397-af0bba8ab24a', '08e0f352-b81c-4ca9-acbd-52d308afb550', 'KALTAKQUISE', 'ACTIVE', 0, NULL),
('ac74b690-c6ca-438f-886a-c2dea19de3ba', '4d26ce7b-cdce-47f3-9623-ddc1f6e0e52e', 'KALTAKQUISE', 'ACTIVE', 0, NULL),
('35665f59-16e1-4c88-b1a0-77b0a45f8932', 'c1505ea0-85f5-4788-892e-77c03cebac68', 'KALTAKQUISE', 'ACTIVE', 0, NULL),
('b2776ae7-9659-4e53-ad55-2f78ffdcda5d', 'be8909ee-4719-4c9e-8aa9-7ffb91bec3f5', 'KALTAKQUISE', 'ACTIVE', 0, NULL),
('faffeb01-dcc4-43a1-8f9f-aab91724a948', 'b7cfbfb6-095e-4336-9870-a67b5ca3083f', 'KALTAKQUISE', 'ACTIVE', 0, NULL),
('3da02e37-117a-469a-be68-c8fd31e296b0', 'f2d35bd6-8d22-4cd2-9e8a-09d5a52c53c4', 'KALTAKQUISE', 'ACTIVE', 0, NULL),
('b80f3984-1c69-49f8-ad3d-a00e814f7400', '46fd2434-0c1b-457c-a291-ae3c0e7d5368', 'KALTAKQUISE', 'ACTIVE', 0, NULL),
('b80046aa-4f7e-4f4a-af09-30c1a55923b3', 'f9859a3b-2544-4aca-9cdc-088ba2b1b378', 'KALTAKQUISE', 'ACTIVE', 0, NULL),
('98c23fcd-7f8d-4a36-bb6e-59d1b2a47cc6', '668202db-9072-4d77-8916-a57e46fe604f', 'KALTAKQUISE', 'ACTIVE', 0, NULL),
('7a2533ba-38d5-445f-8b3b-e7bfd4b021c8', 'c9dcf2f5-2fdc-492c-b8f3-f5eae3e967d2', 'KALTAKQUISE', 'ACTIVE', 0, NULL),
('8646f11b-3642-4bb7-98e9-d17742577ed0', '6765eadd-f54b-4473-a040-814077d44545', 'KALTAKQUISE', 'ACTIVE', 0, NULL),
('1fff15ba-0776-4f23-8289-413b40854ded', '4bca3bc9-6037-44bc-842c-c297c95bb912', 'KALTAKQUISE', 'ACTIVE', 0, NULL),
('830140a8-3a72-45d8-ae0e-89bdf448e670', '309adf4f-548e-4b71-8bb6-bd8e25fcb84b', 'KALTAKQUISE', 'ACTIVE', 0, NULL),
('3b863625-d5c3-4090-b051-84045584d4e1', 'ec3dc5a7-bdb2-4878-917c-90f877f593c5', 'KALTAKQUISE', 'ACTIVE', 0, NULL),
('2283055f-3865-459b-8253-e186f3e1ec72', 'df2463ff-de13-42fa-a91f-880d7a459542', 'KALTAKQUISE', 'ACTIVE', 0, NULL),
('4b8828e9-2aad-4541-9ec2-599e56113399', '27fa21f6-8b0a-4e42-a6b2-eeef91bc512c', 'KALTAKQUISE', 'ACTIVE', 0, NULL),
('0f4ec33a-8045-4942-9fa6-c103cf3c7e82', '174cd00a-d310-4dea-9957-2a2e7748f6fe', 'KALTAKQUISE', 'ACTIVE', 0, NULL),
('7913fb11-7c9f-4f16-96cb-f78881a9e9a1', '27562369-8343-4f30-9465-8fdca9f849c2', 'KALTAKQUISE', 'ACTIVE', 0, NULL),
('08193568-5368-4f8e-a3d5-d61dd07f81f5', '29cb8598-78f8-4983-9881-540fa4936155', 'KALTAKQUISE', 'ACTIVE', 0, NULL),
('aceaa465-72c4-4070-8a79-ae93af507557', '96ab5732-88d4-4429-9c36-19505cce2a37', 'KALTAKQUISE', 'ACTIVE', 0, NULL),
('451f8239-f242-4f2a-88ea-baa29e091236', 'c0446320-e338-465a-9071-028ac64e5567', 'KALTAKQUISE', 'ACTIVE', 0, NULL),
('aff81b67-d4c3-4787-94d0-151f99618ca6', 'fca48a0e-fa93-44b9-99d6-1f4c04be21b3', 'KALTAKQUISE', 'ACTIVE', 0, NULL),
('32f194f7-676c-41c5-9cec-c4b6b2c3f5e4', '293ed3cc-8408-4204-83d0-9b717bea4780', 'KALTAKQUISE', 'ACTIVE', 0, NULL),
('dce511cf-4b5b-4f5c-9696-5185f646308d', 'ffc76514-fca6-49f2-9fca-e073ca766be6', 'KALTAKQUISE', 'ACTIVE', 0, NULL),
('73003713-bc38-40d5-8f55-53f8a80861fc', '77c28dd3-3343-417e-b484-bcc0ab9bf000', 'KALTAKQUISE', 'ACTIVE', 0, NULL),
('307cb833-a537-4292-a891-d185d9a8ddd9', '09e574ea-f45c-4f9a-9c6e-0c202c680e10', 'KALTAKQUISE', 'ACTIVE', 0, NULL),
('cbd2274a-c399-4937-a9ed-d9f60962cf34', '3dcab230-e19f-4ea6-a121-b124aa4126d1', 'KALTAKQUISE', 'ACTIVE', 0, NULL),
('6638159f-e19e-4186-ac16-6ddb57117e1c', 'b105fb45-2791-4ef9-82a7-f0db81e299b7', 'KALTAKQUISE', 'ACTIVE', 0, NULL),
('974dc0fc-a4a4-41fb-98a3-db0012ad7b12', 'ee903dd5-bc95-47d2-b69d-4540634450d1', 'KALTAKQUISE', 'ACTIVE', 0, NULL),
('fb09a95f-b883-492f-b654-5f2ff1813f2a', '49395409-e90f-495d-8819-dd8460df1d73', 'KALTAKQUISE', 'ACTIVE', 0, NULL),
('e3bce974-b45f-4dc8-b8dc-cfea0049ce1f', 'b88eafd1-57c6-45a2-8c42-a5a9cdbd325d', 'KALTAKQUISE', 'ACTIVE', 0, NULL),
('3dde0b22-665c-43bf-a3ec-ac479bbe8a5e', 'a8948f56-0eb3-4814-b409-6489bf1baed9', 'KALTAKQUISE', 'ACTIVE', 0, NULL),
('72cf64de-ba16-4425-a91d-129f1b532aa8', '949f62bc-61cf-499f-8cfd-7b319f9c06be', 'KALTAKQUISE', 'ACTIVE', 0, NULL),
('15ea84b6-608b-4e62-bc8a-d47ee865327b', '0043fae9-2f8d-4f92-a028-6f155cf755ae', 'KALTAKQUISE', 'ACTIVE', 0, NULL),
('e37d9250-0e5f-48c5-97a2-557cbca8e5c4', '6550e4d8-2444-4955-a374-b4e386314edb', 'KALTAKQUISE', 'ACTIVE', 0, NULL),
('6513e261-ae6e-441d-b560-c62738b12d8d', '58b7c6a0-cad2-45b2-9f0c-5d4efacc889b', 'KALTAKQUISE', 'ACTIVE', 0, NULL),
('42caceff-ae8a-4807-a865-f58c55d40d88', '09f9b02e-58a4-4e06-bec2-701db90bea03', 'KALTAKQUISE', 'ACTIVE', 0, NULL),
('885feb9e-0b40-46f6-b792-0967f4747ab0', '5ebda633-3d77-4c21-bfdc-5b1e5727f356', 'KALTAKQUISE', 'ACTIVE', 0, NULL),
('68d02a72-2ed2-41ac-a4c0-504ab0e70326', '86f6a45d-c758-400e-b20f-6786b7f2bc54', 'KALTAKQUISE', 'ACTIVE', 0, NULL),
('d820d5ea-84ee-4590-8021-65ab44e31708', '5d18261c-92b4-4c13-9b0d-4f6f6e281963', 'KALTAKQUISE', 'ACTIVE', 0, NULL),
('eeafb088-514b-466a-adb0-685a3ccc1536', '08098111-fb3f-4161-885a-3860fdeb4ace', 'KALTAKQUISE', 'ACTIVE', 0, NULL),
('eb122210-1134-4fe3-9d1f-0891fe34dd66', '22184c33-1da7-4c24-8fef-dd510002ae91', 'KALTAKQUISE', 'ACTIVE', 0, NULL),
('e9730672-8d46-4a7c-b194-a348b363b15f', 'd2771d88-5e05-4770-a51d-5ba0c4a68c58', 'KALTAKQUISE', 'ACTIVE', 0, NULL),
('ef1aa456-4c04-4d0b-a0c2-3553739ba928', 'a2e496e4-34ca-470e-a646-318f8e4b2f57', 'KALTAKQUISE', 'ACTIVE', 0, NULL),
('5b666439-d151-497d-80ac-07dcde474bf3', 'aa002b0c-3c44-4a96-852f-5db52b8a3dad', 'KALTAKQUISE', 'ACTIVE', 0, NULL),
('0d4d28ec-bdd9-4235-ad25-51c7732d1f80', '276640a0-6431-4cd8-846a-217b050a63ec', 'KALTAKQUISE', 'ACTIVE', 0, NULL),
('3fb0c6b0-4b7c-4989-82ab-b630e517c67d', '1178e705-fe69-4be9-824f-01a832c10c17', 'KALTAKQUISE', 'ACTIVE', 0, NULL),
('b1d90986-c7f8-439c-bcba-6a02c63ce534', '69c97f55-fac5-4d88-ab14-e6a674ae7a8a', 'KALTAKQUISE', 'ACTIVE', 0, NULL),
('b668cee9-2a28-4cbc-93d0-1400d0ba8633', '95e2d139-2c3b-4c62-9cb2-2239c6387b0d', 'KALTAKQUISE', 'ACTIVE', 0, NULL),
('aace79f3-7d08-44c0-83cf-7f31f2cdd1b2', 'e6c98135-0216-4644-905e-150a1d4fc79f', 'KALTAKQUISE', 'ACTIVE', 0, NULL),
('072a63a0-05b5-468e-93fe-0c3128069c33', '426f48f0-95a0-4d8b-898c-612cc993c6e5', 'KALTAKQUISE', 'ACTIVE', 0, NULL),
('19032201-1626-4036-86b6-6c113e8de4f1', '8da5b52f-5733-48c2-a667-22e5fc0fe6aa', 'KALTAKQUISE', 'ACTIVE', 0, NULL),
('c9b41128-1ca6-450f-a800-a738d245e155', '7292eff5-2680-4dd6-8970-881629f7e896', 'KALTAKQUISE', 'ACTIVE', 0, NULL),
('266efde5-297d-4abc-9099-34275bfc7630', '98cda31f-73d6-4c1f-930d-d594bbce829f', 'KALTAKQUISE', 'ACTIVE', 0, NULL),
('8280e70c-8b7b-4c9f-a618-86e51c5c71da', '0e74cf82-416a-4e60-9392-127d03e9f31d', 'KALTAKQUISE', 'ACTIVE', 0, NULL),
('745eb048-694d-41c2-9c9b-8cbe805162f7', '903e7034-4ce4-41f9-b27e-7feb1d50f758', 'KALTAKQUISE', 'ACTIVE', 0, NULL),
('12fc3c73-ea29-43e4-9129-9c595b14eada', 'dfdda6af-3bc1-4e13-a295-3c74a39ae46f', 'KALTAKQUISE', 'ACTIVE', 0, NULL),
('33d809be-fceb-4816-84a2-97dee77d9ff2', '6faa3f88-d7c1-4954-9232-a9b2644c43e3', 'KALTAKQUISE', 'ACTIVE', 0, NULL),
('fedcad47-59fa-46d5-a69b-eecc9b34bdab', '28f5db19-4925-4ddd-9107-2d24cb10b192', 'KALTAKQUISE', 'ACTIVE', 0, NULL),
('1ac0cc18-b4f0-46fb-8991-0e1290f2de86', 'd830a734-2d88-4a50-a995-994a1eb0c0db', 'KALTAKQUISE', 'ACTIVE', 0, NULL),
('c78060b8-0f1b-419f-8c8e-9a11061ecddb', '9fa5d154-9e91-4cdc-ae2d-8b4e199adcbe', 'KALTAKQUISE', 'ACTIVE', 0, NULL),
('e9b854c8-e038-425b-8d94-6b92a4895d60', '8370959d-0e37-477f-acc2-a1bd6a35cd73', 'KALTAKQUISE', 'ACTIVE', 0, NULL),
('cd3acf80-1bb7-4e95-9da3-c1f842f564c8', '0de7d4dd-58e9-42be-952c-8ae506bfb076', 'KALTAKQUISE', 'ACTIVE', 0, NULL),
('80f7d776-d8c3-42a7-bcdd-16c4bd1f35f7', '7bd2ae9a-d3ca-4734-acd1-97af57419cce', 'KALTAKQUISE', 'ACTIVE', 0, NULL),
('87d00f95-0355-488e-8786-81be362a7487', 'ddad884a-99d7-4264-8e38-cd44e1a90e11', 'KALTAKQUISE', 'ACTIVE', 0, NULL),
('080beac4-03d9-4e12-860a-5b3af0383ab6', '244818b6-7c10-4105-8f4b-b7bed0f03bd3', 'KALTAKQUISE', 'ACTIVE', 0, NULL),
('315d0987-065b-45ce-a9f0-d2ef4d66e459', 'ac779e56-fa2a-4885-9853-06e589a2ded4', 'KALTAKQUISE', 'ACTIVE', 0, NULL),
('336f33f0-2949-43ec-94ce-9597229f411d', '74c5ee43-ad24-46f0-901a-8dd19301e330', 'KALTAKQUISE', 'ACTIVE', 0, NULL),
('2a36a99a-0b0f-4d10-9734-2a00ec50db3e', '64387b35-3a30-4495-acba-200f4ec51f28', 'KALTAKQUISE', 'ACTIVE', 0, NULL),
('55bca1f3-a4cd-45ae-b84c-7c6b00b06f5b', '2f003c43-c35d-4b5c-91dc-28c59eb1147f', 'KALTAKQUISE', 'ACTIVE', 0, NULL),
('68ffcab2-875d-4673-b4dd-8f8dde618294', 'd5ff9232-e366-4a1c-aa44-136cde55d322', 'KALTAKQUISE', 'ACTIVE', 0, NULL),
('5a08c8f6-d8da-4402-af09-b56881c49d45', '0084ca23-ed0d-48d4-a60a-4d549c2425aa', 'KALTAKQUISE', 'ACTIVE', 0, NULL);

INSERT INTO lead_tags (lead_id, tag_id) VALUES
('e864fcfe-d757-4530-8781-4cb47735e367', 'ka-b2c'),
('1f6fa26e-e4c4-42a0-9fef-821947fa916d', 'ka-b2c'),
('70c3fe9f-acaf-4d15-8994-45fbbf48de90', 'ka-b2c'),
('726ae155-777d-4dbe-8dfd-587c0292f2cc', 'ka-b2c'),
('209f2e27-a724-4b8b-bc7b-2272e38a094b', 'ka-b2c'),
('df7dede1-1536-47bf-9dba-f6a3e4175713', 'ka-b2c'),
('a361c4e7-9abd-4dde-a01f-eda93240fd08', 'ka-b2c'),
('9c0d5747-f5f2-44e6-a547-b39e327a3a82', 'ka-b2c'),
('de979c83-3565-41fc-a713-f5c9a65b7c54', 'ka-b2c'),
('75204738-93d0-4aae-a4ac-5b41594519a6', 'ka-b2c'),
('f7774f6b-689a-412b-a476-3d8ef3c7c593', 'ka-b2c'),
('4977bb7b-ff2e-40f1-a5d7-5914693a86b1', 'ka-b2c'),
('28985771-1fcf-48c9-8515-19116b05cb2c', 'ka-b2c'),
('5b3ecf9b-3eb4-4545-8ce0-77078d8a8daa', 'ka-b2c'),
('b00c457e-724b-459f-80cc-275dbe370b18', 'ka-b2c'),
('bd9a37a0-ad16-474c-9213-c27fc4da186b', 'ka-b2c'),
('fb7ebbb3-a28c-40ad-8447-d7fe09bdb194', 'ka-b2c'),
('972ae0b9-f7bb-4e20-894e-3bcc92fcba9e', 'ka-b2c'),
('2f929848-11e1-4231-9c6d-57f3bbe7adb6', 'ka-b2c'),
('1f9f475d-0ba9-4118-bd32-b8dfa3ed2056', 'ka-b2c'),
('aac5aad8-e0b6-44bd-b5c7-5ab474c3332b', 'ka-b2c'),
('3c674932-7578-4598-b55d-241b3c232863', 'ka-b2c'),
('a82e45fa-85de-459f-a08b-1fc652b6a758', 'ka-b2c'),
('6f2f98ec-b968-4ce3-badb-ca6bba46a0e0', 'ka-b2c'),
('c60665aa-9c83-466b-a200-30da77585b14', 'ka-b2c'),
('abb70079-c6ba-446f-80fc-411daf16f74b', 'ka-b2c'),
('b525acc5-b96f-408e-9476-1935dd13e770', 'ka-b2c'),
('8a393dd9-a974-4778-a24a-806480cefe76', 'ka-b2c'),
('aea73f06-5f3b-42f4-8128-6356ae6b9491', 'ka-b2c'),
('6b4dfd07-9ecc-4697-bf0b-5447b9e75445', 'ka-b2c'),
('1c6657ce-d300-4324-9c50-4fe7f444c2e3', 'ka-b2c'),
('818f4df6-f69b-4f7a-8def-d51ac8a90951', 'ka-b2c'),
('0f36bd04-8105-4364-ba2e-ba0ae79b00fe', 'ka-b2c'),
('894c9876-154e-4310-b555-2f363d86c1c9', 'ka-b2c'),
('8bddaf99-7917-406e-8c73-445b3c6043a2', 'ka-b2c'),
('7b925141-32c9-4e9a-8f56-38905c601b8b', 'ka-b2c'),
('80d9c5ad-ab01-4b4f-8e39-be8d8f52b39e', 'ka-b2c'),
('664946bf-5e25-4b2a-ab88-31b4127a0479', 'ka-b2c'),
('484a9b32-b080-4dff-b5de-b89ffea6a8e8', 'ka-b2c'),
('dbde870a-ff16-457e-b53e-f490f6ad4524', 'ka-b2c'),
('ca3c8e40-f449-4618-aae3-b68c6310bea1', 'ka-b2c'),
('921536a9-a2ec-46cf-89a1-32404c771d40', 'ka-b2c'),
('3145393f-9c96-4004-bc24-2ae32f67994c', 'ka-b2c'),
('2965de80-b2ed-4e9e-ad10-c241455df37f', 'ka-b2c'),
('92663cd3-2326-4f1d-9a17-6bca13161f7e', 'ka-b2c'),
('5a085f43-4456-401d-9666-33c2901c9cf3', 'ka-b2c'),
('7a5b14cc-a873-4a71-b332-06543bb095a8', 'ka-b2c'),
('7e3abc7b-cc82-4b60-b47e-e5eccdc5132d', 'ka-b2c'),
('a3e0bdba-6351-4bee-92cc-cfb127112dec', 'ka-b2c'),
('784308d1-0245-443b-a97b-8683eb469e04', 'ka-b2c'),
('a4da5112-33aa-4618-ab62-7c9a749dc646', 'ka-b2c'),
('8f2b0780-63e0-43f2-89d5-7f006ae86536', 'ka-b2c'),
('3a1c3ea7-63c3-4f4c-ae2e-67b33b9b87d0', 'ka-b2c'),
('4af0852b-6e5b-46f2-b0a9-c236fdd7ea78', 'ka-b2c'),
('93b87808-b799-4be7-8699-f44900ff93c7', 'ka-b2c'),
('d51c628b-452d-44ec-8748-664d1415c9ed', 'ka-b2c'),
('7ada127c-74dc-4c16-b703-ac15d5664540', 'ka-b2c'),
('2a4cdb43-9771-45b8-98bc-bd6dc89297d1', 'ka-b2c'),
('637787c7-c57e-4e24-be1f-71f295cdd0f8', 'ka-b2c'),
('6964d142-b7ac-4f78-8b11-bd6bf1119226', 'ka-b2c'),
('a7cf81a2-77a0-488f-8bf9-2a29f990b95e', 'ka-b2c'),
('9ff9cee2-2f51-48ac-9a6a-6613f5d52429', 'ka-b2c'),
('700156de-eb9f-41ca-8195-b39b52b62075', 'ka-b2c'),
('f840386a-ca96-476c-bf02-edd3ff01a201', 'ka-b2c'),
('08443559-5087-4dc7-858c-bc129b8aeb4a', 'ka-b2c'),
('e14cf676-505c-4324-b5f2-c6c6e9b00eaa', 'ka-b2c'),
('126cbee2-eea7-4d14-b91e-52145d2106eb', 'ka-b2c'),
('92ed506b-1dd4-476f-9c74-d8545b5775d8', 'ka-b2c'),
('ca3a1ff8-c598-4bf1-ba9a-a8fe260ef5fb', 'ka-b2c'),
('34499762-6e88-47bc-9cf0-3cb3135927e2', 'ka-b2c'),
('cf605e1d-8ff1-4519-b3fb-5989d920bdf4', 'ka-b2c'),
('b2057fb8-2550-4b3f-8139-3c1ba68ba161', 'ka-b2c'),
('29226faa-3334-4adc-a472-65cd8b400b40', 'ka-b2c'),
('c2ecbe1d-047d-4f8e-998a-04e2bf0d723b', 'ka-b2c'),
('a57cca10-3050-40c5-891d-e428391e8d73', 'ka-b2c'),
('21893f7d-d477-4699-8e09-81fdaf212e6c', 'ka-b2c'),
('7b83fec0-d758-4efb-8ac2-5a500b3759df', 'ka-b2c'),
('2bb2a17e-27df-429c-9c7f-ffd0fdda8cac', 'ka-b2c'),
('ab86a40a-0bbb-4c78-8a4d-98e0559806a6', 'ka-b2c'),
('83504f3a-b79d-4f89-b7e6-1603974aaa32', 'ka-b2c'),
('0c64630c-1df3-4569-8727-07c2d2e35002', 'ka-b2c'),
('e198f302-a2c0-479e-aadf-b55f3f5d39ca', 'ka-b2c'),
('574fdc65-f4cb-421d-86eb-ec38d319076d', 'ka-b2c'),
('6b6f5b15-8498-4b3a-9de5-3f957f9c46e9', 'ka-b2c'),
('70988b18-09e8-427e-846d-2f01513bade3', 'ka-b2c'),
('793aff36-4d33-48dc-ad41-638e3bcff0d9', 'ka-b2c'),
('cf6dfe0c-6b48-4897-878d-78ac33af3427', 'ka-b2c'),
('fa5701c0-8bd2-4a16-ba95-e4c03d7ad095', 'ka-b2c'),
('e4dd9f76-2796-460d-b8ef-f0154c7839b9', 'ka-b2c'),
('11ad9541-cce6-43f8-ba2c-e297cd849a32', 'ka-b2c'),
('d436710b-cc7d-4c04-b93f-1e270f5f9ded', 'ka-b2c'),
('09e8b0da-4aa9-457d-8d84-168f27e93edd', 'ka-b2c'),
('939a732f-e093-4193-ab20-a9cdac96e2f5', 'ka-b2c'),
('dee7539b-9c08-4995-a476-e2e6b9ebe9af', 'ka-b2c'),
('14f1b5e8-2541-4bd6-b73b-04624c82b6ee', 'ka-b2c'),
('515bc28e-438e-4570-89b4-073e14427a9d', 'ka-b2c'),
('6a71cacf-93d2-4ebf-a9e8-e1a5f246feba', 'ka-b2c'),
('a93b1ce4-4ef1-4817-903e-a3731b6ef4d8', 'ka-b2c'),
('51b89e7a-71db-4ce3-8ea5-cf1d7edcc170', 'ka-b2c'),
('49120751-5be2-4f1c-b57c-feb1b0308d13', 'ka-b2c'),
('505d0cfd-a690-4ee7-9a47-c33ad14add3d', 'ka-b2c'),
('716db55f-2e6b-4f12-86b3-7ec563c6f0c4', 'ka-b2c'),
('d0b4375c-e793-40cc-ad69-807f1d3106b7', 'ka-b2c'),
('23856944-fcf9-40d4-8de5-7c24d9a4873c', 'ka-b2c'),
('d6a8a42a-83c1-4663-8adf-298028fd36f8', 'ka-b2c'),
('5fb1be30-0178-4fa7-a590-38aefe573956', 'ka-b2c'),
('0f24bd0e-f099-45c7-810e-71924e2d4358', 'ka-b2c'),
('99420bfc-1a06-4938-a906-a3c4eec3ebc0', 'ka-b2c'),
('6a64cb66-2756-4e79-bc62-a714cdf4d936', 'ka-b2c'),
('87a3b6a4-3399-4549-a062-2de6fa9848fc', 'ka-b2c'),
('a6a5a10b-becd-4174-9333-f980672e31ec', 'ka-b2c'),
('deb068a8-5408-4e4e-965d-7680dfeaccba', 'ka-b2c'),
('bd14d221-b6ef-48b2-a940-9cfc7c026208', 'ka-b2c'),
('c92a37cd-5cab-4808-be28-c8c8c68999d0', 'ka-b2c'),
('45eb61a4-b498-4469-bde6-665ebc2e72d5', 'ka-b2c'),
('1070b387-613f-412f-880c-a293d9bcaff8', 'ka-b2c'),
('ae72e11b-167c-4b34-8238-ebf172b0bb7a', 'ka-b2c'),
('27856494-913d-4ab8-b6db-e4d49f2e7361', 'ka-b2c'),
('9807a8a1-502e-4dec-a7c6-d73e2f01c143', 'ka-b2c'),
('ca56193d-f576-4e88-97d6-c741a84ddef8', 'ka-b2c'),
('091d6d9a-14d4-4d69-b03e-f433a7351ed6', 'ka-b2c'),
('4ab1c1d1-fca7-4461-858f-03f8bc4f837f', 'ka-b2c'),
('c4298a94-b22e-49d2-b10b-5aaf1bef091a', 'ka-b2c'),
('3e010bf9-8bfb-486e-89ac-30169ed6e4fe', 'ka-b2c'),
('8cfc5a81-462c-4c86-ab42-f7a5d7c2a0a0', 'ka-b2c'),
('f9a5104e-363b-400b-bac9-7b4be966c0ae', 'ka-b2c'),
('e56d8e7a-97b9-4b20-bcee-4818c28f9fd1', 'ka-b2c'),
('394f7c1f-fb9a-41fa-9e41-7768a9db8af6', 'ka-b2c'),
('d7976351-bea0-4c18-a397-af0bba8ab24a', 'ka-b2c'),
('ac74b690-c6ca-438f-886a-c2dea19de3ba', 'ka-b2c'),
('35665f59-16e1-4c88-b1a0-77b0a45f8932', 'ka-b2c'),
('b2776ae7-9659-4e53-ad55-2f78ffdcda5d', 'ka-b2c'),
('faffeb01-dcc4-43a1-8f9f-aab91724a948', 'ka-b2c'),
('3da02e37-117a-469a-be68-c8fd31e296b0', 'ka-b2c'),
('b80f3984-1c69-49f8-ad3d-a00e814f7400', 'ka-b2c'),
('b80046aa-4f7e-4f4a-af09-30c1a55923b3', 'ka-b2c'),
('98c23fcd-7f8d-4a36-bb6e-59d1b2a47cc6', 'ka-b2c'),
('7a2533ba-38d5-445f-8b3b-e7bfd4b021c8', 'ka-b2c'),
('8646f11b-3642-4bb7-98e9-d17742577ed0', 'ka-b2c'),
('1fff15ba-0776-4f23-8289-413b40854ded', 'ka-b2c'),
('830140a8-3a72-45d8-ae0e-89bdf448e670', 'ka-b2c'),
('3b863625-d5c3-4090-b051-84045584d4e1', 'ka-b2c'),
('2283055f-3865-459b-8253-e186f3e1ec72', 'ka-b2c'),
('4b8828e9-2aad-4541-9ec2-599e56113399', 'ka-b2c'),
('0f4ec33a-8045-4942-9fa6-c103cf3c7e82', 'ka-b2c'),
('7913fb11-7c9f-4f16-96cb-f78881a9e9a1', 'ka-b2c'),
('08193568-5368-4f8e-a3d5-d61dd07f81f5', 'ka-b2c'),
('aceaa465-72c4-4070-8a79-ae93af507557', 'ka-b2c'),
('451f8239-f242-4f2a-88ea-baa29e091236', 'ka-b2c'),
('aff81b67-d4c3-4787-94d0-151f99618ca6', 'ka-b2c'),
('32f194f7-676c-41c5-9cec-c4b6b2c3f5e4', 'ka-b2c'),
('dce511cf-4b5b-4f5c-9696-5185f646308d', 'ka-b2c'),
('73003713-bc38-40d5-8f55-53f8a80861fc', 'ka-b2c'),
('307cb833-a537-4292-a891-d185d9a8ddd9', 'ka-b2c'),
('cbd2274a-c399-4937-a9ed-d9f60962cf34', 'ka-b2c'),
('6638159f-e19e-4186-ac16-6ddb57117e1c', 'ka-b2c'),
('974dc0fc-a4a4-41fb-98a3-db0012ad7b12', 'ka-b2c'),
('fb09a95f-b883-492f-b654-5f2ff1813f2a', 'ka-b2c'),
('e3bce974-b45f-4dc8-b8dc-cfea0049ce1f', 'ka-b2c'),
('3dde0b22-665c-43bf-a3ec-ac479bbe8a5e', 'ka-b2c'),
('72cf64de-ba16-4425-a91d-129f1b532aa8', 'ka-b2c'),
('15ea84b6-608b-4e62-bc8a-d47ee865327b', 'ka-b2c'),
('e37d9250-0e5f-48c5-97a2-557cbca8e5c4', 'ka-b2c'),
('6513e261-ae6e-441d-b560-c62738b12d8d', 'ka-b2c'),
('42caceff-ae8a-4807-a865-f58c55d40d88', 'ka-b2c'),
('885feb9e-0b40-46f6-b792-0967f4747ab0', 'ka-b2c'),
('68d02a72-2ed2-41ac-a4c0-504ab0e70326', 'ka-b2c'),
('d820d5ea-84ee-4590-8021-65ab44e31708', 'ka-b2c'),
('eeafb088-514b-466a-adb0-685a3ccc1536', 'ka-b2c'),
('eb122210-1134-4fe3-9d1f-0891fe34dd66', 'ka-b2c'),
('e9730672-8d46-4a7c-b194-a348b363b15f', 'ka-b2c'),
('ef1aa456-4c04-4d0b-a0c2-3553739ba928', 'ka-b2c'),
('5b666439-d151-497d-80ac-07dcde474bf3', 'ka-b2c'),
('0d4d28ec-bdd9-4235-ad25-51c7732d1f80', 'ka-b2c'),
('3fb0c6b0-4b7c-4989-82ab-b630e517c67d', 'ka-b2c'),
('b1d90986-c7f8-439c-bcba-6a02c63ce534', 'ka-b2c'),
('b668cee9-2a28-4cbc-93d0-1400d0ba8633', 'ka-b2c'),
('aace79f3-7d08-44c0-83cf-7f31f2cdd1b2', 'ka-b2c'),
('072a63a0-05b5-468e-93fe-0c3128069c33', 'ka-b2c'),
('19032201-1626-4036-86b6-6c113e8de4f1', 'ka-b2c'),
('c9b41128-1ca6-450f-a800-a738d245e155', 'ka-b2c'),
('266efde5-297d-4abc-9099-34275bfc7630', 'ka-b2c'),
('8280e70c-8b7b-4c9f-a618-86e51c5c71da', 'ka-b2c'),
('745eb048-694d-41c2-9c9b-8cbe805162f7', 'ka-b2c'),
('12fc3c73-ea29-43e4-9129-9c595b14eada', 'ka-b2c'),
('33d809be-fceb-4816-84a2-97dee77d9ff2', 'ka-b2c'),
('fedcad47-59fa-46d5-a69b-eecc9b34bdab', 'ka-b2c'),
('1ac0cc18-b4f0-46fb-8991-0e1290f2de86', 'ka-b2c'),
('c78060b8-0f1b-419f-8c8e-9a11061ecddb', 'ka-b2c'),
('e9b854c8-e038-425b-8d94-6b92a4895d60', 'ka-b2c'),
('cd3acf80-1bb7-4e95-9da3-c1f842f564c8', 'ka-b2c'),
('80f7d776-d8c3-42a7-bcdd-16c4bd1f35f7', 'ka-b2c'),
('87d00f95-0355-488e-8786-81be362a7487', 'ka-b2c'),
('080beac4-03d9-4e12-860a-5b3af0383ab6', 'ka-b2c'),
('315d0987-065b-45ce-a9f0-d2ef4d66e459', 'ka-b2c'),
('336f33f0-2949-43ec-94ce-9597229f411d', 'ka-b2c'),
('2a36a99a-0b0f-4d10-9734-2a00ec50db3e', 'ka-b2c'),
('55bca1f3-a4cd-45ae-b84c-7c6b00b06f5b', 'ka-b2c'),
('68ffcab2-875d-4673-b4dd-8f8dde618294', 'ka-b2c'),
('5a08c8f6-d8da-4402-af09-b56881c49d45', 'ka-b2c');
