-- Batch 42 (200 records)
INSERT INTO contacts (id, first_name, last_name, email, phone, company, address) VALUES
('634c4d56-a7b3-413e-a0e9-ad17e28f49fd', 'Grauwiler Hanspeter und Tosca', '(-Zäpf)', 'tgra-mediaberatung@bluewin.ch', '41793412494', NULL, 'Studenmatt 15, 4324 Obermumpf, AG'),
('5442d37c-40d7-4320-bb60-45da5adb8659', 'Grauwiler Maja', '(-Ruch)', 'maajaa.gr@gmail.com', '41764536566', NULL, 'Weidenmattweg 10, 4448 Läufelfingen'),
('ecaa518b-1c94-4169-9f55-81dbc4c2a855', 'Graz', 'Nicole', 'stefan.graz@bluewin.ch', '', NULL, 'Hilfikerstrasse 5, 5619 Büttikon AG, AG'),
('9fa79702-b29e-4f42-9e17-86905be58499', 'Grazzi', 'Max', 'grazzi@bluewin.ch', '', NULL, 'Sternenstrasse 18d, 8903 Birmensdorf ZH, ZH'),
('744b0745-1b80-4bba-a682-8c3240363a5b', 'Greber Roland und Liselotte', '(-Graf)', 'info@undbewusst.ch', '', NULL, 'Luisenweg 2, 3632 Oberstocken, BE'),
('678406ef-77f2-48e2-b9b0-0c5c77bad926', 'Greber Ruedi und Anne', '(-Züfle)', 'r.greber@gmx.ch', '', NULL, 'Riedweg 8, 3293 Dotzigen, BE'),
('5f4dc845-a745-4993-9a45-c7aadb234a07', 'Greco Gabriel et', 'Halila', 'gabriel@grecos.ch', '41798264492', NULL, 'Chemin du Roc 19, 2533 Evilard, BE'),
('47dc8a64-9a37-48a7-bc92-072b2f204034', 'Greder Olivier und Rachèle', '(-Monnier)', 'gredouille@gmail.com', '', NULL, 'Hubelweg 8, 2552 Orpund, BE'),
('eeba3313-0700-4777-93bd-4259d7de45d0', 'Gredig', 'Gisela', 'gisela.gredig@bluewin.ch', '41796396333', NULL, 'Via dals Ers 8, 7504 Pontresina, GR'),
('e7bd874a-478e-4184-8bbc-9b26c8e195eb', 'Gredig Hedwig und Werner', '(-Gubler)', 'werner.gredig@bluewin.ch', '', NULL, 'Via Crest 1, 7402 Bonaduz, GR'),
('13c9a1b0-35b8-40fb-acd7-5208ddc0067d', 'Gregus', 'Oliver', 'oliver.gregus@allianz.ch', '41796027882', NULL, 'Hofackerstrasse 7, 8272 Ermatingen, TG'),
('afb0d1f0-ca92-452e-aba9-2129ab20ed9f', 'Greiner Milan und Heidi', '(-Eggenschwiler)', 'info@greinerplanbau.ch', '41796517040', NULL, 'Tulpenweg 6, 3672 Oberdiessbach, BE'),
('8477fd9e-de4a-4aaf-bc66-a2a87e3c7af9', 'Greiner', 'Oskar', 'greiner-wohnmobile@bluewin.ch', '41793494951', NULL, 'Steffenstrasse 7, 8052 Zürich, ZH'),
('7cad12fa-2973-412a-a8c7-f4ad00782c45', 'Greis', 'Willy', 'greis@bluewin.ch', '41793153432', NULL, 'Alpstrasse 28, 8280 Kreuzlingen, TG'),
('f6d8db8a-b5ac-4e78-bbae-f80224559c77', 'Greising Stefan und Tamara mit Nik, Lena und Mia', '(-Pavan)', 'stefan.greising@gmail.com', '', NULL, 'Im Klosteracker 39, 4102 Binningen, BL'),
('da7dcc23-3fa8-41cb-b2d3-79fa79470bf4', 'Greisinger Bernd und', 'Melanie', 'bernd@greisinger.ch', '41797593016', NULL, 'Verduonig 2A, 7307 Jenins, GR'),
('320dfbfe-9192-4b9a-b53d-51bae7935aaa', 'Grelling', 'Christian', 'christian@grelling.ch', '41792244281', NULL, 'Lachnerhalden 5, 8717 Benken SG, SG'),
('447c6779-d9c6-49c4-b1b4-4b0f01c126c5', 'Grellmann', 'Bert', 'bert.grellmann@hispeed.ch', '', NULL, 'Schulstrasse 19, 8633 Wolfhausen, ZH'),
('be20f689-e9ac-45a4-99f1-8e53ba71d995', 'Gremaud Georg u.', 'Elvira', 'f-s.grebo@grebo.ch', '41792504846', NULL, 'Bernstrasse 52a, 4562 Biberist, SO'),
('05aabcbd-8e93-45fa-9911-350b17dbead0', 'Greminger', 'Annette', 'annette.greminger@bluewin.ch', '41786000848', NULL, 'Hubacherweg 31, 3097 Liebefeld, BE'),
('55a65bff-efaa-4a31-b9b3-0594778db44b', 'Gremli Nadja', '(-Kral)', 'praxis@gremli-physio.ch', '', NULL, 'Gerlisbrunnenstrasse 13A, 8121 Benglen, ZH'),
('a71b8dc3-a486-4fb9-ace1-d36dda4bd7c7', 'Gremli', 'Veit', 'gremli.veit@bluewin.ch', '', NULL, 'Viaduktstrasse 9, 9565 Bussnang, TG'),
('9e5a1a17-4a89-45e3-a6d9-647ba5d48190', 'Gremminger', 'Catherine', 'ca.gremminger@bluewin.ch', '', NULL, 'Römerstrasse 29, 8400 Winterthur, ZH'),
('826adf0d-ceee-4cb7-b4b5-200c55c005a7', 'Gremminger Matthias und Doris', '(-Fäsi)', 'fam_gremminger@bluewin.ch', '', NULL, 'Fensterwisweg 6, 9220 Bischofszell, TG'),
('e405938b-2075-43a0-a42c-d6c8867f9696', 'Gren', 'Mats', 'matsgren.38@bluemail.ch', '41786066470', NULL, 'Im Wagenbrach 6, 8157 Dielsdorf, ZH'),
('72d52bf8-ca6a-4f14-a50e-9dedcd02b37a', 'Grenacher Hansueli und Yvonne', '(-Weggler)', 'hugrenacher@gmail.com', '', NULL, 'Chaletweg 21, 5616 Meisterschwanden, AG'),
('ec3d29ac-4655-44b8-914e-22bbb2ca59f2', 'Greppin Jacques, Jonathan et', 'Simon', 'jacques.greppin@bluewin.ch', '41792503228', NULL, 'Rue de l''Est 31, 2740 Moutier, BE'),
('2ec991d8-11ea-4623-b362-71434cc4ef03', 'Gresch', 'Anton', 'gresch@gresch.ch', '', NULL, 'Poststrasse 5, 8853 Lachen SZ, SZ'),
('658973ac-0f3f-4e76-a02a-1964c656b581', 'Gresser Arthur und', 'Gisela', 'a.gresser@bluewin.ch', '41792165735', NULL, 'Vorbühlstrasse 21, 8802 Kilchberg ZH, ZH'),
('87d1bfb9-e7d7-40df-b71d-24e611bc7313', 'Gressler', 'Marco', 'info@gressler.ch', '41788887487', NULL, 'Obergasse 3, 9450 Altstätten SG, SG'),
('a36348aa-c6e8-4dfa-b02b-5c030e226abd', 'Gretener Heinz und Regula A.', '(-Bannwart)', 'elektromaerk@bluewin.ch', '41786773060', NULL, 'Sonnmattstrasse 35, 6043 Adligenswil, LU'),
('e8ab5c92-bd37-42dd-9f78-de4d68d2fd61', 'Greter Lukas und', 'Thyra', 'lukasgreter@gmail.com', '41796994532', NULL, 'Burgackerring 13, 4652 Winznau, SO'),
('0972f79c-1f0a-4b88-8f18-b120b3bac97f', 'Greter Pius und Petra', '(-Wiser)', 'pius-petra@bluewin.ch', '', NULL, 'Luzernerstrasse 41, 6415 Arth, SZ'),
('2a64fee3-154b-4e19-ade0-3b51adbfdca6', 'Greter', 'Reinhard', 'reinhard.greter@bluewin.ch', '41765635663', NULL, 'Lindenpark 4, 9032 Engelburg, SG'),
('70f9a4ff-7d07-4e26-bf8e-dabc04b6d1bc', 'Greter Rolf und Sonja', '(-Trauffer)', 'rolf.greter@swissonline.ch', '', NULL, 'Fährenstrasse 43, 3613 Steffisburg, BE'),
('295a0ce2-180e-490c-9408-11b07c843601', 'Greter', 'Walter', 'walter@greter.ch', '', NULL, 'Lilienweg 2, 6010 Kriens, LU'),
('70ae6a7e-87cc-452e-b0fc-e1029de6ba32', 'Greter', 'Walter', 'gremal@bluewin.ch', '41787088338', NULL, 'Weidhofstrasse 15, 6044 Udligenswil, LU'),
('2725aeb1-1177-411b-a4bb-c2f6db547df8', 'Gretler Cécile +', 'Daniel', 'c.gretler@bluewin.ch', '', NULL, 'Sonnenstrasse 12, 9413 Oberegg, AI'),
('b64fbe4f-9c17-4bda-8855-db27453cdbfd', 'Gretsch Elisabeth und', 'Hanspeter', 'hanspeter.gretsch@bluewin.ch', '41796715829', NULL, 'Brüggliacker 1, 8507 Hörhausen, TG'),
('c364ee82-ae53-4ad5-b541-0a1e66d13191', 'Greub Heinz und Anita', '(-Eisele)', 'h.greub@bluewin.ch', '41792091622', NULL, 'Aarwangenstrasse 9, 4913 Bannwil, BE'),
('dca43c53-7c61-406b-a0d0-0da1469d516d', 'Greub Martha', '(-Egger)', 'marthagreub655@msn.com', '', NULL, 'Gartenhof 18, 8408 Winterthur, ZH'),
('e41f28ad-4c3e-4fe7-9aee-a2adfb41b65f', 'Greulich Walter und Dubs Greulich', 'Beatrice', 'walter.greulich@shinternet.ch', '', NULL, 'Mettliweg 9, 8248 Uhwiesen, ZH'),
('0ef3fed7-55a2-4301-ace3-31f6c00799a9', 'Greuter', 'Beni', 'benigreuter@gmx.ch', '', NULL, 'Wiesenstrasse 13, 8400 Winterthur, ZH'),
('7451a0cb-7c12-4ed0-bd1c-dcd9f262c5e0', 'Greuter', 'Hans', 'h.u.greuter@bluewin.ch', '', NULL, 'Nidelbadstrasse 4b, 8802 Kilchberg ZH, ZH'),
('dfa415ff-e439-4de0-be76-478a292b290e', 'Greuter Iris und', 'Hanspeter', 'hbgreuter@gmail.com', '41794058946', NULL, 'Eichelackerstrasse 35, 8106 Adlikon b. Regensdorf, ZH'),
('0395c999-cd1c-4640-94d0-7369531ec5c6', 'Greuter', 'Lorenz', 'lorenzgreuter@gmx.net', '41799453547', NULL, 'Chrattengass 5, 8605 Gutenswil, ZH'),
('561c80b7-32a4-4800-bdc8-eeddf46e6bf3', 'Greuter Susanna', 'Agnes', 'susy.greuter@sunrise.ch', '41796322504', NULL, 'Oetlingerstrasse 29, 4057 Basel, BS'),
('b7482582-42c8-46b7-9e25-80c3298117b8', 'Greutert', 'Bruno', 'greutert-motos@gmx.ch', '', NULL, 'Glattwiesenstrasse 21, 8152 Glattbrugg, ZH'),
('f1ec6caf-9da7-4351-9af0-658dcca44a29', 'Greutert Werner und Yvonne', '(-Thollon)', 'werner@greutert.ch', '', NULL, 'Mühlbergweg 2, 5400 Baden, AG'),
('9ed1d26c-b6ed-4d4e-9030-09f48700bb51', 'Greutmann Marc und', 'Sonja', 'greutmannbauma@bluewin.ch', '41797025251', NULL, 'Dostentalstrasse 1, 8232 Merishausen, SH'),
('24bb83fb-1138-4b34-b2ee-f5106d1d4113', 'Greutmann Martin (-De', 'Rivo)', 'martin.greutmann@hispeed.ch', '', NULL, 'Falkenweg 4, 5504 Othmarsingen, AG'),
('74b60419-3a5c-4687-ba35-1c341676ff0d', 'Grgic', 'Mario', 'mario-grgic@hotmail.com', '', NULL, 'Oltnerstrasse 10, 4622 Egerkingen, SO'),
('992a35a7-f538-4a33-a6fb-dc938a1877a8', 'Gribi', 'Patricia', 'patricia.gribi@hotmail.com', '41763707267', NULL, 'Bruderholzstrasse 106, 4104 Oberwil BL, BL'),
('40c9ac02-0b3a-4e19-8a4c-66829edf587d', 'Gribi Patrik und', 'Claudia', 'claudia.gribi@fortima.ch', '', NULL, 'Tannhofstrasse 39, 2540 Grenchen, SO'),
('ae751882-1922-405b-b3c0-04cd95540737', 'Gribi Paul', '(-Ullmann)', 'info@vidafitline.ch', '', NULL, 'Züblidörfli 3, 8730 Uznach, SG'),
('a809b866-c26e-4f56-90f9-c3dffcb7de3e', 'Gribi Thomas und Renate', '(-Gfeller)', 'tomimaen@bluewin.ch', '41796318301', NULL, 'Höheweg 14, 3294 Büren an der Aare, BE'),
('7d6b6ed1-cf74-43f6-825e-04d6461fc453', 'Grieder Brändli', 'Sibylle', 'grieder-trin@bluewin.ch', '41796739674', NULL, 'Via Bavurca 13, 7014 Trin, GR'),
('912c3117-40f9-49f6-88b2-a94793f83e04', 'Grieder Hans-Peter und', 'Vreni', 'hans-peter.grieder@bluewin.ch', '', NULL, 'Obermoosstrasse 19, 8332 Russikon, ZH'),
('f47fcad5-aad3-4268-ad08-b774e8da33ad', 'Grieder Katharina und', 'Thomas', 'mail@grieder-looren.ch', '41796668964', NULL, 'Loorenstrasse 2, 8330 Pfäffikon ZH, ZH'),
('2ed92fb3-5d40-40a5-b9fd-f55e56dd4eea', 'Grieder Martin und Yvonne', '(-Schneider)', 'info@linden-hof.ch', '', NULL, 'Etterweg 8, 4148 Pfeffingen, BL'),
('09c37258-a074-42b1-bce5-180c61695f52', 'Grieder Max', '(-Portmann)', 'max.grieder@bluewin.ch', '41794515673', NULL, 'Hintergasse 1, 8268 Salenstein, TG'),
('02d9b582-cad5-41c3-ae03-f70fbcedfd8d', 'Grieder Peter und Estelle', '(-Klunge)', 'peter.grieder@space.unibe.ch', '', NULL, 'Wyttenbachstrasse 35, 3013 Bern, BE'),
('c3e5eb6f-a4d6-4dcd-8039-0386ff180d85', 'Grieder Peter und Luzia', '(-Bühlmann)', 'peter.grieder@bluewin.ch', '41792250692', NULL, 'Baumgartenstrasse 2, 4656 Starrkirch-Wil, SO'),
('26f2d188-8fd5-4f99-8dae-45ea1c905cdf', 'Grieder', 'Walter', 'motorgeraete@wgrieder.ch', '', NULL, 'Traubenweg 25, 5313 Klingnau, AG'),
('aeb0c824-ddbb-499e-bad8-ec7e0a552763', 'Griesemer Paul und Silvia', '(-Zanganaro)', 'paul.griesemer@bluewin.ch', '', NULL, 'Alemannenweg 10, 8594 Güttingen, TG'),
('3a577399-8791-41dd-8c97-2f21b0ba95a1', 'Griess', 'Thomas', 'griessth@hispeed.ch', '41788801448', NULL, 'Dufourstrasse 21, 4562 Biberist, SO'),
('d478eef3-e5d0-4a30-931b-093e5039a7d4', 'Griesser Enrico und', 'Barbara', 'e.griesser.1949@gmail.com', '41793443849', NULL, 'Steinhügelstrasse 16, 8965 Berikon, AG'),
('a4d74859-2d35-47f8-86e9-47d008633842', 'Griesser', 'Michael', 'm.griesser@sunrise.ch', '41793573913', NULL, 'Churfirstenweg 4, 8874 Mühlehorn, GL'),
('372a9659-9734-4989-8922-9a84d1b1eb43', 'Grigalis', 'Raitis', 'rgrigalis@hotmail.com', '41764904535', NULL, 'Feldbergstrasse 8, 4057 Basel, BS'),
('4db23039-4ea6-42cf-b2a9-134ef27c7d31', 'Grilz', 'Patric', 'p.grilz@my-mail.ch', '41796645346', NULL, 'Keramikweg 1, 6252 Dagmersellen, LU'),
('2c2bd3f2-1c78-4da6-9493-abb414e6b768', 'Grimaître', 'Pierre-André', 'pagrimaitre@bluewin.ch', '41797900381', NULL, 'Höhenweg 524, 4716 Welschenrohr, SO'),
('a4fa80c8-e821-4481-b15b-9aac4e9e2bfc', 'Grimbichler Alfred und Claire', '(-Gisi)', 'fgrimbichler@bluewin.ch', '', NULL, 'Langenbruckstrasse 10, 4614 Hägendorf, SO'),
('ccf89651-e0e5-4b85-9c0f-24eb3b26300a', 'Grimbichler Heinrich', '(-Hüsser)', 'hrgrimbichler@bluewin.ch', '', NULL, 'Aeschweg 35, 4617 Gunzgen, SO'),
('88a35669-a1ea-46d7-8bd1-8db02f2c4401', 'Grimm Albert', '(-Montel)', 'albertgrimm@swissonline.ch', '', NULL, 'Obere Wangenstrasse 18D, 8306 Brüttisellen, ZH'),
('0177ce3f-dee4-478c-b8ab-52114ae7f1f5', 'Grimm', 'Arthur', 'arthur.grimm@sunrise.ch', '41763750668', NULL, 'Lippen 8, 8184 Bachenbülach, ZH'),
('86cc260c-a8ad-471b-8956-08b78a613533', 'Grimm', 'David', 'grimm@advokaturgrimm.ch', '', NULL, 'Hauptstrasse 45, 5070 Frick, AG'),
('83d98267-7036-4e7e-95c5-9a3b0fd6bb66', 'Grimm Elfinesh', '(-Banti)', 'grimmbanti@bluewin.ch', '', NULL, 'Gussstrasse 44, 8180 Bülach, ZH'),
('f37805cf-671e-41d8-9c6b-b9850c588165', 'Grimm', 'Fredy', 'info@frodetec.ch', '41794155524', NULL, 'Hauptstrasse 429, 4716 Welschenrohr, SO'),
('69454bd9-4032-45b8-af9a-229dc36f693c', 'Grimm Hanspeter', '(-Stolecki)', 'info@escontrol.ch', '41765340745', NULL, 'Glärnischstrasse 34, 8810 Horgen, ZH'),
('dfd82442-f653-4d2f-b90b-975d696751bd', 'Grimm', 'Heinz', 'heinz.grimm@quickline.ch', '41764529700', NULL, 'Dorfgasse 75, 4900 Langenthal'),
('7dd08ed8-1587-49a5-b87f-4705fe5ce5d0', 'Grimm Jörg und Isabelle', '(-Blaser)', 'grimmjoerg@evard.ch', '41797494109', NULL, 'Hauptstrasse 50, 2576 Lüscherz, BE'),
('aefd080d-c0f7-49ec-a7ee-1e21290f06a4', 'Grimm', 'Lorenz', 'lorenz.grimm@gmail.com', '41788406404', NULL, 'Oberburgstrasse 38E, 3400 Burgdorf, BE'),
('92ec5f70-465c-4d55-84d3-d66c33b8f4fb', 'Grimm Micha R. und Judith mit Iljana und Irina', '(-Schranz)', 'micha.grimm@outlook.com', '41795056679', NULL, 'Christoph Kunz Olympiastrasse 10B, 3714 Frutigen, BE'),
('86dbe49f-6da3-495f-b329-684f8beeccff', 'Grimm Patrick und Edita', '(-Christauskaite)', 'grimm@sunrise.ch', '41774039720', NULL, 'Dahlienweg 6, 4552 Derendingen, SO'),
('1d9e1a86-0bc5-4479-b589-1970e59d16fb', 'Grimm René und Barbara', '(-Zaluska)', 'rene.grimm@bluewin.ch', '', NULL, 'Werner Abeggstrasse 48, 3132 Riggisberg, BE'),
('5b47f78b-a1a3-443f-882b-f773600765cd', 'Grimm', 'Sara', 'sg@gmx.ch', '', NULL, '3115 Gerzensee, BE'),
('c60c7e36-a917-485f-a4dd-be95ca21d3d4', 'Grimm Urs und Christiane', '(-Freysoldt)', 'habersack5@bluewin.ch', '41793368888', NULL, 'Im Habersack 5, 7304 Maienfeld, GR'),
('fcfaffea-9b84-4bd0-be62-8705482317d5', 'Grimmer', 'Walter', 'info@kraut-rosen.ch', '', NULL, 'Zürichstrasse 100, 8910 Affoltern am Albis, ZH'),
('075e9eba-0e10-455a-aea2-86659e7050d2', 'Grin Philippe, Tanja und Amelia', '(-Andersohn)', 'tpgrin@besonet.ch', '', NULL, 'Murtenstrasse 42, 3282 Bargen BE, BE'),
('14fbccfb-2dfa-4584-ad02-3757b881de2f', 'Grisch Iva Ernesta', '(-Lanfranchi)', 'iva.grisch@bluewin.ch', '', NULL, 'Gulerweg 1, 7302 Landquart, GR'),
('9bb6f5ad-f0d8-414c-864f-467963bc8a92', 'Grischott Duri und Sonja', '(-Bader)', 'grischott@bluewin.ch', '41794190033', NULL, 'Zollbruckweg 2, 7302 Landquart, GR'),
('feea8b81-88fc-4a0c-a4fb-2fe1f34cb7de', 'Grischott', 'Nyima', 'ngrischott@bluewin.ch', '41782062884', NULL, 'Landquartstrasse 28, 9320 Arbon, TG'),
('f5ad06fe-32be-46e3-b520-acbdb2e003cc', 'Grisiger', 'Bruno', 'gribru@gribru.ch', '41797951391', NULL, 'Ahornweg 8, 6074 Giswil, OW'),
('3ceb9eb5-b75b-47e1-9acc-a44c445f9253', 'Grob Andrea und', 'Daniel', 'daniel.grob@iaeth.ch', '', NULL, 'Saffretweg 5a, 4143 Dornach, SO'),
('5749d715-5eb9-471b-9dbc-d78865854421', 'Grob Andreas und Esther', '(-Lichtensteiger)', 'famaegrob@bluewin.ch', '', NULL, 'Mittlere Halde 5, 8546 Islikon, TG'),
('87476614-4053-4d43-a78b-82374f566173', 'Grob', 'Christian', 'ckg@gmx.ch', '41786254808', NULL, 'Am Saumweg 7, 6370 Stans, NW'),
('0f54ef9e-636f-44eb-967e-aaa273349371', 'Grob', 'Dani', 'dani_grob@hotmail.com', '', NULL, 'Freigutstrasse 27, 8002 Zürich, ZH'),
('ee42a378-6582-43b9-8d91-5aa6e62620c8', 'Grob', 'Dieter', 'grobdieter@bluewin.ch', '', NULL, 'Weiermattstrasse 17, 4653 Obergösgen, SO'),
('d6081122-06ae-4bc9-90ea-f1d30ac01bd9', 'Grob', 'Hansjürg', 'h.grob@bluewin.ch', '', NULL, 'Dorfstrasse 24a, 8902 Urdorf, ZH'),
('2491c7b6-b7f9-4da3-b8db-df1c738bb184', 'Grob', 'Hermann', 'hermi.grob@bluewin.ch', '', NULL, 'Löwenweg 2, 9425 Thal, SG'),
('aa15b0c6-a330-458a-8b49-fa4ccc401c52', 'Grob', 'Irma', 'irmagrob@hotmail.com', '', NULL, 'Adlergut 5, 8750 Glarus, GL'),
('d987b6eb-1479-4f64-9da9-29645e20d633', 'Grob Jean und', 'Pia', 'grob2000@sunrise.ch', '', NULL, 'Rietstrasse 15, 8702 Zollikon, ZH'),
('5bcfb960-f5bb-4a2b-9230-bf58180e489c', 'Grob', 'Jürg', 'juerg.grob@yetnet.ch', '41774119153', NULL, 'Neufeldstrasse 12, 5035 Unterentfelden, AG'),
('9adbc267-68f2-4ca9-9c09-9f1407e3972a', 'Grob Käser', 'Myrta', 'myrta.grob@bluewin.ch', '41798124467', NULL, 'Hardungstrasse 4, 9011 St. Gallen, SG'),
('f81f8b2b-87fa-489b-94e7-e0cd728bf28d', 'Grob', 'Lukas', 'lukasgrob@me.com', '41786798967', NULL, 'Schwaresterstrasse 7G, 5604 Hendschiken, AG'),
('dd7eb093-e469-48c0-bb60-fcbd28d03643', 'Grob Max und Lydia', '(-Egli)', 'm.grob48@bluewin.ch', '', NULL, 'Schnaren 8, 9467 Frümsen, SG'),
('b73985a6-3da6-4acf-ab8a-97d9753b913a', 'Grob', 'Monika', 'pgrob@bluewin.ch', '', NULL, 'Husmattweg 11, 8832 Wilen b. Wollerau, SZ'),
('44bee084-1143-4692-9f63-9f617cbcb0a2', 'Grob', 'Peter', 'grob@tic.ch', '', NULL, 'Gartenweg 8F, 6207 Nottwil, LU'),
('71e7a9ff-5e54-4d03-adce-ee5be336383c', 'Grob', 'Peter', 'peterh.grob@ggaweb.ch', '41796673176', NULL, 'Güetliweg 27, 8132 Hinteregg, ZH'),
('8868ad87-6c98-45ae-b827-020eb94f4b04', 'Grob Roland und Rita', '(-Sauter)', 'roland-grob@bluewin.ch', '41792365344', NULL, 'Steinbruchstrasse 5B, 8956 Killwangen, AG'),
('d35879f3-513c-4e49-b27f-2279b742645e', 'Grob Rudolf und', 'Eva', 'grob@abag-brandschutz.ch', '41763306456', NULL, 'Tüfacherweg 6, 8192 Glattfelden, ZH'),
('57218adc-f052-4e72-9ebd-413e45ae03c8', 'Grob Silvia und Jürg', '(-Moser)', 'juerg.grob@maschinenring.ch', '41794123816', NULL, 'Via Denter Selvas 4, 7157 Siat, GR'),
('95ec1d8f-bd09-4f50-92d4-0fca68687eb8', 'Grob', 'Urs', 'urs.grob5@bluewin.ch', '41797561740', NULL, 'Austrasse 25, 8371 Busswil TG, TG'),
('d8a4caa9-00d3-42ff-b6cb-41c7d7b0b1cb', 'Grob-Aemisegger Christian und', 'Cornelia', 'c.grob75@bluewin.ch', '', NULL, 'Ettenberg 1, 9633 Bächli (Hemberg), SG'),
('a04391b0-067d-49b5-a6ba-d1c469ced4ac', 'Gröble Hans-Peter und Ruth', '(-Nigg)', 'groeble@bluewin.ch', '41796755330', NULL, 'Via Maistra 43, 7513 Silvaplana, GR'),
('e2027496-b2be-4dc7-a4ec-ce0205d6c640', 'Gröbli', 'Christian', 'physiotherapie@groebliundgroebli.ch', '', NULL, 'Merkurstrasse 12, 8400 Winterthur, ZH'),
('8edbb126-2175-4b29-9bac-26da7803d8f3', 'Gröbli Jeanette', '(-Stäheli)', 'jeanette.groebli@bluewin.ch', '', NULL, 'Hauptstrasse 95, 4445 Häfelfingen, BL'),
('cfa56132-a116-42c0-a19d-e394d692bf87', 'Gröbli', 'Jürg', 'juerg.groebli@bluewin.ch', '', NULL, 'Löffelackerstrasse 2, 4142 Münchenstein, BL'),
('8f84ba99-26b1-46eb-b523-28d2f9b9a4a6', 'Gröbli Rolf und', 'Myrtha', 'rgroebli@bluemail.ch', '41794255524', NULL, 'Wartstrasse 9, 9244 Niederuzwil, SG'),
('2622972a-731e-4dc7-b27e-6ca8f8ce37a0', 'Gröbli Urs A. und Wüthrich', 'Elsbeth', 'groebli@gmx.ch', '', NULL, 'Rodelstrasse 26, 8266 Steckborn, TG'),
('6b0abd9e-f078-42b9-8056-4f312426f61a', 'Grod', 'Mike', 'mgrod@bluewin.ch', '41793560182', NULL, 'Ziegelstrasse 1, 4632 Trimbach, SO'),
('1c5e2b89-fda5-4ebe-b791-6ce59fbc9a1d', 'Gröflin Hanspeter und', 'Yolande', 'hanspeter.groeflin@gmail.com', '41786441501', NULL, 'Biretenweg 3, 4434 Hölstein, BL'),
('5501cbb6-1b1f-45d5-9bb6-d80a1df90407', 'Grogg Hans u. Beatrice', '(-Graber)', 'hub.grogg@bluewin.ch', '', NULL, 'Brunnenweg 5, 4932 Lotzwil, BE'),
('c30fee4b-4e13-439d-9482-3c8da1c860e0', 'Grogg', 'Hansjürg', 'hansjuerg@grogg.ch', '41792796138', NULL, 'Luegete 39, 8053 Zürich, ZH'),
('164f40e8-ce8d-47fa-b954-3f18a4b8d3f4', 'Grogg', 'Thomas', 'th.grogg@hispeed.ch', '', NULL, 'Sonnrainweg 1, 4632 Trimbach, SO'),
('131d0e68-4724-4fd5-b2b8-bbfe71480dd5', 'Grogg Walter und Rosmarie', '(-Grundbacher)', 'w.grogg@bluewin.ch', '', NULL, 'Schwabstrasse 80/16, 3018 Bern, BE'),
('e6059b64-39ef-4479-8343-c5d3f4b8476d', 'Groh Jean-Marc u. Claudia', '(-Donatsch)', 'groh@bluewin.ch', '', NULL, 'Vorbühlstrasse 23, 8802 Kilchberg ZH, ZH'),
('7945e281-3823-455f-a5d7-cc52c7bf69e9', 'Gröhl', 'Steffen', 'st.groehl@me.com', '41795365526', NULL, 'Knobelstrasse 28, 5611 Anglikon, AG'),
('a0db8419-f06f-4f2b-afc3-2406f14b7b4c', 'Grohmann', 'Fred-Rainer', 'f.grohmann@bluewin.ch', '41795096084', NULL, 'Niederflachs 6, 8180 Bülach, ZH'),
('79a03d5a-faeb-4fc9-819b-5e0ada208084', 'Grolimund', 'Christa', 'kontakt@physio-movere.ch', '', NULL, 'Winkelriedplatz 6, 4053 Basel, BS'),
('691bc83f-b071-48d9-88db-dc95c05601b5', 'Grolimund', 'Josef', 'grolijos@gmx.ch', '41792236500', NULL, 'Oberwiesenstrasse 42, 8050 Zürich, ZH'),
('c7f03154-361f-495d-851b-2b7876fc3bc3', 'Grolimund', 'Koni', 'koni.g@ggs.ch', '41794228925', NULL, 'Baslerstrasse 1, 4710 Balsthal, SO'),
('d8b0b4e5-095f-472e-81f5-fe92bd24c82e', 'Grolle Ben und Bethli', '(-Sturzenegger)', 'bgrolle@hispeed.ch', '', NULL, 'Schopfacker 18, 9043 Trogen, AR'),
('b8ef0380-88c9-41f3-ad73-8b3e4842aa59', 'Grollimund', 'Hans', 'hansgrollimund19@gmail.com', '', NULL, 'Lindenstrasse 27, 4123 Allschwil, BL'),
('56e63736-bd1a-4803-a9f3-2ae35a9fb0fb', 'Grond Beat e Beatrice', '(-Oswald)', 'bb.grond@bluewin.ch', '', NULL, 'Via Muglin 8, 7537 Müstair, GR'),
('4622c728-3580-4a60-b7e1-a2b23c13afdd', 'Groner', 'Martin', 'grony@bluewin.ch', '', NULL, 'Sonnhaldenstrasse 44, 8610 Uster, ZH'),
('9172d1cb-5c1b-4673-983e-80de4326573c', 'Groppa Dina und Bruno', '(-Erne)', 'innofolia@bluewin.ch', '', NULL, 'Mittskirchstrasse 45, 5330 Bad Zurzach, AG'),
('da210a84-d92c-4693-b8d0-f09fa374a6f4', 'Grosclaude', 'Pierre', 'pierre.grosclaude@gmail.com', '41795504249', NULL, 'Rue du Contrôle 28, 2503 Biel/Bienne, BE'),
('242cfcf8-3f04-4d40-ad40-27379b053971', 'Grosjean', 'Mathieu', 'mathbigjean@hotmail.com', '41792650949', NULL, 'Rue d''Aarberg 11, 2503 Biel/Bienne, BE'),
('8853b0d5-5312-4cf4-a49e-ee2853adc9f1', 'Grosjean Michel und', 'Romana', 'michel.grosjean@bluewin.ch', '', NULL, 'Oberwolfhauserstrasse 17A, 8633 Wolfhausen, ZH'),
('cd51ce4b-591e-422e-8bef-d903a133cf95', 'Gross Barbara und Balz', '(-Kündig)', 'balz.gross@homburger.ch', '', NULL, 'Meierwis 7, 8606 Greifensee, ZH'),
('93a1c9ce-af30-4130-9fdb-fe1f7057efb9', 'Gross Barblina und', 'Arthur', 'arthurgross@bluewin.ch', '', NULL, 'Bauorcha 40, 7535 Valchava, GR'),
('00071688-848b-47cf-917c-411bea22f62b', 'Gross', 'Christine', 'christine_gross@bluewin.ch', '', NULL, 'Kirchweg 1, 3038 Kirchlindach, BE'),
('27dbc01f-89dd-409c-a805-cd29d9554b86', 'Gross Claude und', 'Evi', 'clgross@bluewin.ch', '41796396691', NULL, 'Stägenbuckstrasse 6, 8600 Dübendorf, ZH'),
('36561d29-4eaa-455e-8f81-664093a2f991', 'Gross', 'Diana', 'diana@physiotherapiegross.ch', '', NULL, 'Zürichstrasse 92, 8700 Küsnacht ZH, ZH'),
('b6719274-6585-4017-97b9-fb7c0b9d1df9', 'Gross Erich und Nuria', '(-Panis)', 'gross.erich@econophone.ch', '', NULL, 'Brodheiteristrasse 37, 4663 Aarburg, AG'),
('d7d8f520-fff3-4a9a-b2f3-c9147ab72f1e', 'Gross', 'Flavio', 'info@gima-informatica.ch', '41765776136', NULL, 'Bauorcha 1, 7535 Valchava, GR'),
('48f93c08-c97b-4e18-8780-286551a56c47', 'Gross', 'Gabrielle', 'gabrielle.a.gross@gmail.com', '', NULL, 'Murwiesenstrasse 21, 8057 Zürich, ZH'),
('748271d5-e0d5-40c1-b9d0-18d9cb328669', 'Gross Herbert u. Maya', '(-Dätwyler)', 'info@gross.ac', '', NULL, 'Sonnenweg 2, 4665 Oftringen, AG'),
('6d89d61e-fdb8-43dd-9d8d-7c7fc0aad878', 'Gross Jean-Pierre und Marianne', '(-Egger)', 'm.jpgross@swissonline.ch', '', NULL, 'Weinbergstrasse 53, 5417 Untersiggenthal, AG'),
('9d22f07f-e30b-4559-ad87-c1a4f4999522', 'Gross', 'Joel', 'joelgross@gmx.net', '41797802100', NULL, 'Gartenstadt 28, 4142 Münchenstein, BL'),
('2eca1a8e-9ab0-4a11-9a1f-c6b638610309', 'Gross Josef', 'Friedrich', 'josefgross@hotmail.com', '41797681756', NULL, 'Bahnweg 19, 7430 Thusis, GR'),
('82d0a41e-da2f-4563-8418-54b68d6bd971', 'Gross', 'Marcel', 'marcel.gross1@sunrise.ch', '41764383637', NULL, 'Lentulusrain 24, 3007 Bern, BE'),
('c2a5705d-dff1-4061-9190-1f530ccf2596', 'Gross Mario und', 'Barblina', 'grossforstag@bluewin.ch', '41796114347', NULL, 'Via Chasuras 6, 7532 Tschierv, GR'),
('ae694731-370e-4bf6-9c06-59cd9e21c8f7', 'Gross', 'Martin', 'martingross@yahoo.de', '41767523969', NULL, 'Colmarerstrasse 26, 4055 Basel, BS'),
('e942da96-1f47-413c-b0a3-debfc654d43f', 'Gross Peter und Heidi', '(-Hänni)', 'peter.grande@bluewin.ch', '', NULL, 'Kilchmattstrasse 100, 4132 Muttenz, BL'),
('4a0571fa-a52d-4899-acc5-36c2bb461356', 'Gross Roman, Patrizia, Lea, Ursina, Simone und Andrea', '(-Brunschwiler)', 'family.gross@gmx.ch', '', NULL, 'Mettlenweg 1, 8193 Eglisau, ZH'),
('834e3112-d8a1-4737-8cb4-d32dc951ac69', 'Gross Walter', 'P.', 'wpgross@bluewin.ch', '41792568255', NULL, 'Korneliusstrasse 3, 8008 Zürich, ZH'),
('f0f053c5-c1f6-4a36-bc63-473a2a20bf04', 'Gross Willi und Iris', '(-Näf)', 'willi.gross@shinternet.ch', '41796116000', NULL, 'Hauptstrasse 30, 8259 Wagenhausen, TG'),
('16c9e759-8c67-48dd-8d14-f0579febb51c', 'Grossberger Solomon und', 'Deborah', 'salomon_grossberger@hotmail.com', '41765271729', NULL, 'Manessestrasse 69, 8003 Zürich, ZH'),
('9cc31618-211d-46dc-937b-6fc78db766fb', 'Grossen', 'Daniel', 'd.grossen@gmx.com', '', NULL, 'Feldstrasse 13, 8320 Fehraltorf, ZH'),
('2dcd9cf2-4097-4d1e-90a3-c97a926c98cc', 'Grossen Margrit', '(-Bürgy)', 'm-grossen@bluewin.ch', '41792084756', NULL, 'Wabersackerstrasse 88, 3097 Liebefeld, BE'),
('892aac09-c731-4fd3-9ce6-c8af15bc0820', 'Grossen', 'Peter', 'peter.grossen@bluewin.ch', '41794291521', NULL, 'Jurastrasse 5, 3375 Inkwil, BE'),
('b47a6a2e-cf0d-475d-b004-126bfc445010', 'Grossen', 'Rolf', 'grossen.rolf@bluewin.ch', '', NULL, 'Brüggbühlstrasse 22, 3172 Niederwangen b. Bern, BE'),
('a8d74ec0-d695-4704-b337-3fc4281386b5', 'Grossen Ruedi und', 'Ruth', 'ruedigrossen@bluewin.ch', '41794294410', NULL, 'Hinder de Büele 19, 3718 Kandersteg, BE'),
('3335774a-40a0-4bec-986b-08dc8addb865', 'Grossenbacher Bätzi, Samuel und Nina', '(-Wyssbrod)', 'baetzi@freiberger-emmental.ch', '', NULL, 'Thunstrasse 56, 3415 Schafhausen im Emmental, BE'),
('47421f87-049f-4376-a087-86407cf24055', 'Grossenbacher', 'Denis', 'denisgrossenbacher@bluewin.ch', '41793215464', NULL, 'Le Chêne 3, 2732 Loveresse, BE'),
('b2b2fffc-48a7-432b-a83a-d3396c9b3359', 'Grossenbacher Hans', '(-Wullschleger)', 'grossenbacher@kurzbettli.ch', '41793103908', NULL, 'Kurzenbettli 25, 4302 Augst BL, BL'),
('47c6d8bc-7fd8-4164-822d-694acd03f61e', 'Grossenbacher Heinz u. Marianne', '(-Siegenthaler)', 'ggarchag@vtxmail.ch', '', NULL, 'Hinterdorfstrasse 23, 3550 Langnau im Emmental, BE'),
('e531b87e-1e90-4966-ae75-fc43beb9db4b', 'Grossenbacher Jürg und Pia', '(-Luterbacher)', 'info@kunstschlosserei-jogi.ch', '41793304448', NULL, 'Bernstrasse 8, 3360 Herzogenbuchsee, BE'),
('84ce4d48-99ba-4a23-8c60-3e03158d7a54', 'Grossenbacher Martin und Susanna', '(-Scheidegger)', 'info@fahrschule-grosi.ch', '41794397612', NULL, 'Lützelflühstrasse 15, 3452 Grünenmatt, BE'),
('7b7823a9-7a53-48e6-a0b1-c0bbd8f177fa', 'Grossenbacher Patrick und Martina', '(-Müller)', 'p_grossenbacher@datacomm.ch', '', NULL, 'Hubstrasse 6, 8105 Watt, ZH'),
('eff2d223-7d46-495b-aca8-cec014b17d6b', 'Grossenbacher', 'Philipp', 'greatriver@gmx.ch', '41797768400', NULL, 'Mettlengasse 5, 3665 Wattenwil, BE'),
('56e0070f-8ac5-40f1-b525-6e0291aeb69e', 'Grossenbacher', 'René', 'rene.gro@bluewin.ch', '41792547056', NULL, 'Schmalzgrubenweg 5, 4704 Niederbipp, BE'),
('38a03a48-dd62-47e8-8f9c-486a57f8f2cd', 'Grossenbacher Rudolf und Dori', '(-Hiltbrunner)', 'groba96@bluewin.ch', '', NULL, 'Schulstrasse 7, 3604 Thun, BE'),
('a589cb25-5228-46cf-a22e-7197eada6723', 'Grossenbacher', 'Ruedi', 'ru.grossenbacher@bluewin.ch', '41792092371', NULL, 'Blumenmatt 14, 2572 Mörigen, BE'),
('a214e5a4-89db-488a-b252-5ee24f23bea9', 'Grossenbacher', 'Simon', 'simongro@bluewin.ch', '41787573559', NULL, 'Uettligenstrasse 22, 3033 Wohlen b. Bern, BE'),
('6e7c9d7b-a65e-4fae-8bcc-39178b116182', 'Grossenbacher', 'Stefan', 'info@goldsuchen.ch', '', NULL, 'Steini 8, 6383 Dallenwil, NW'),
('31505e75-80e9-454b-a467-0771dedfcf6a', 'Grossenbacher Urs, Ruth, Andreas und Lukas', '(-Leubin)', 'grossenurs@ch.com', '41792145447', NULL, 'Roggenstrasse 4, 4125 Riehen, BS'),
('092348bb-0c0b-401b-8086-84ee9f90d525', 'Grossenbacher Ursula und Jürg', '(-Wegmann)', 'ju.grossenbacher@gmail.com', '', NULL, 'Mutschellenstrasse 140, 8038 Zürich, ZH'),
('253b2dc9-8d05-45a5-a978-8177a9679aaa', 'Grossenbacher', 'Yvonne', 'mail@visartcosmetics.ch', '', NULL, 'Wylerringstrasse 66, 3014 Bern, BE'),
('e501d5b3-b970-44d0-b909-23c9225f5886', 'Grossglauser Beat, Mirjam, und', 'Angela', 'beat.grossglauser@hispeed.ch', '41793226450', NULL, 'Käferholzstrasse 132, 4058 Basel, BS'),
('a355a3f6-76c0-43f2-aada-6066ba9a4e67', 'Grossglauser Kurt und', 'Jami', 'kurt-gross@bluewin.ch', '', NULL, 'Neuhausweg 9, 3506 Grosshöchstetten, BE'),
('7f0f1bca-c3ca-4931-8b77-b235baff7c83', 'Grosskopf Otto und Marlies', '(-Gurt)', 'otto.grosskopf@alumni.unisg.ch', '', NULL, 'Stallikonerstrasse 42, 8903 Birmensdorf ZH, ZH'),
('bc3d6874-95b0-4c25-9668-1db32501280d', 'Grossmann', 'Cornel', 'cornel.grossmann@mobiliar.ch', '41792716983', NULL, 'Schöneggweg 40, 6410 Goldau, SZ'),
('9b6e3d66-f5ef-4393-ba38-ec504873c0df', 'Grossmann', 'Helen', 'helen.grossmann@bluewin.ch', '', NULL, 'Rychenbergstrasse 93A, 8400 Winterthur, ZH'),
('e4dce3d6-bc9e-497b-a0e7-a63c02ca901c', 'Grossmann', 'Markus', 'grossmann.m@hispeed.ch', '41792032238', NULL, 'Altstrasse 21, 5103 Möriken AG, AG'),
('45c5914c-5d59-43ef-84e7-3e6ecd7edaa6', 'Grossniklaus Andres und', 'Elsbeth', 'grossniklaus@bluewin.ch', '', NULL, 'Mattenstrasse 12, 3800 Matten b. Interlaken, BE'),
('58994ac7-000d-4f9a-8699-69e0deaa7703', 'Grossniklaus Bruno und Gabriela', '(-Kronenberg)', 'grossniklaus.bruno@gmx.net', '', NULL, 'Hartlisbergstrasse 12, 3612 Steffisburg, BE'),
('37a60c5f-c6df-48ac-baac-9f6e40bfa4b3', 'Grossniklaus Kathrin und Hans', 'Ulrich', 'hugrossniklaus@bluewin.ch', '41796069709', NULL, 'Honeggweg 20, 3612 Steffisburg, BE'),
('a26eea75-69a0-415a-8ffd-77e0f64b499f', 'Grossniklaus', 'Sönke', 'soenke.grossniklaus@localsearch.ch', '41794450351', NULL, 'Beatenbergstrasse 34, 3800 Unterseen, BE'),
('63ab925c-44c0-40aa-abff-2de0037e5197', 'Grossniklaus Suzanne', '(-Schmid)', 'aspen@grindelwald.ch', '41794397915', NULL, 'Aspen 1, 3818 Grindelwald, BE'),
('81496b22-a0d6-4c47-acec-a798a0a34a97', 'Groth', 'Adrian', 'adrian.ch.groth@gmail.com', '', NULL, 'Golbrigweg 5, 8702 Zollikon, ZH'),
('8b16da95-49db-41e5-9a37-04455f25ca6e', 'Groux Margrit', 'Frieda', 'm.groux@bluewin.ch', '41793406459', NULL, 'Unterer Chämletenweg 5B, 6333 Hünenberg See, ZG'),
('721930a0-2d56-4501-90d4-0bc41491bcd1', 'Groux Robert', '(-Bähler)', 'rofleur@bluewin.ch', '41792167528', NULL, 'Badische Bahnhofstrasse 23, 8212 Neuhausen am Rheinfall, SH'),
('3d65418c-efba-4451-86fc-bafef6aaa811', 'Grozdanic', 'Zivko', 'grozdanic@ewsmail.ch', '', NULL, 'Breitestrasse 35, 5734 Reinach AG, AG'),
('ce632498-b4c4-4f46-a2ff-b0b4727e2e3f', 'Grubenmann Moritz', '(-Santoro)', 'mgrubenmann@flashcable.ch', '', NULL, 'Chilegass 14, 8957 Spreitenbach, AG'),
('25c742fe-e110-4420-8990-aabc1f4a59c1', 'Gruber', 'Bruno', 'brgruber@bluewin.ch', '41794056032', NULL, 'Unterdorfstrasse 4C, 8117 Fällanden, ZH'),
('58e85a1a-cee6-4b7d-8579-1074fda6316a', 'Gruber', 'Kurt', 'gruku@sunrise.ch', '41791512020', NULL, 'Hauptstrasse 62, 5734 Reinach AG, AG'),
('432625d2-e3ee-4581-bcf3-085bea897fb7', 'Gruber Markus', '(-Frank)', 'gruber@gmx.ch', '', NULL, 'Benkenstrasse 73, 4104 Oberwil BL, BL');

INSERT INTO leads (id, contact_id, source, status, value, notes) VALUES
('fd65506a-c666-42da-8648-3a91ebac9554', '634c4d56-a7b3-413e-a0e9-ad17e28f49fd', 'KALTAKQUISE', 'ACTIVE', 0, NULL),
('5e94af25-05b9-491b-b784-1c08ec27e625', '5442d37c-40d7-4320-bb60-45da5adb8659', 'KALTAKQUISE', 'ACTIVE', 0, NULL),
('e680e499-7c38-43a5-b9ef-b35e851b2ac0', 'ecaa518b-1c94-4169-9f55-81dbc4c2a855', 'KALTAKQUISE', 'ACTIVE', 0, NULL),
('d751555c-0d3a-4ba2-986b-881905d3492e', '9fa79702-b29e-4f42-9e17-86905be58499', 'KALTAKQUISE', 'ACTIVE', 0, NULL),
('9f2812d4-1c8e-4684-a114-28fd740aebba', '744b0745-1b80-4bba-a682-8c3240363a5b', 'KALTAKQUISE', 'ACTIVE', 0, NULL),
('2dda2d67-eddf-4ed7-afbe-0bdc1a09b824', '678406ef-77f2-48e2-b9b0-0c5c77bad926', 'KALTAKQUISE', 'ACTIVE', 0, NULL),
('79fb1e53-3155-4082-9e4e-967d604ee6cc', '5f4dc845-a745-4993-9a45-c7aadb234a07', 'KALTAKQUISE', 'ACTIVE', 0, NULL),
('88ceb6d1-dc2b-4f18-96d8-e8cae0b05f7c', '47dc8a64-9a37-48a7-bc92-072b2f204034', 'KALTAKQUISE', 'ACTIVE', 0, NULL),
('0ef097a1-f2b8-4961-b7cf-e4778cf46f35', 'eeba3313-0700-4777-93bd-4259d7de45d0', 'KALTAKQUISE', 'ACTIVE', 0, NULL),
('c6c3747e-1229-4773-afe0-eef97a82fd53', 'e7bd874a-478e-4184-8bbc-9b26c8e195eb', 'KALTAKQUISE', 'ACTIVE', 0, NULL),
('1c6ab31e-247f-4e61-8b81-5266a7e153d7', '13c9a1b0-35b8-40fb-acd7-5208ddc0067d', 'KALTAKQUISE', 'ACTIVE', 0, NULL),
('4a9d791a-50fa-4fe0-bd73-d5abfa04fccf', 'afb0d1f0-ca92-452e-aba9-2129ab20ed9f', 'KALTAKQUISE', 'ACTIVE', 0, NULL),
('29ff89de-5872-4fb5-8227-891cc1f203dd', '8477fd9e-de4a-4aaf-bc66-a2a87e3c7af9', 'KALTAKQUISE', 'ACTIVE', 0, NULL),
('e5623e20-afdf-4a61-9907-e4bdd24d67b7', '7cad12fa-2973-412a-a8c7-f4ad00782c45', 'KALTAKQUISE', 'ACTIVE', 0, NULL),
('baf7a2ca-596e-4214-88af-b87614772c6f', 'f6d8db8a-b5ac-4e78-bbae-f80224559c77', 'KALTAKQUISE', 'ACTIVE', 0, NULL),
('bccaab88-e538-40ab-997a-1ff309393950', 'da7dcc23-3fa8-41cb-b2d3-79fa79470bf4', 'KALTAKQUISE', 'ACTIVE', 0, NULL),
('7346cc0c-1d3a-4044-974e-1f0df5e01f2b', '320dfbfe-9192-4b9a-b53d-51bae7935aaa', 'KALTAKQUISE', 'ACTIVE', 0, NULL),
('350911c5-0b56-47ae-ba5e-09ea998d8055', '447c6779-d9c6-49c4-b1b4-4b0f01c126c5', 'KALTAKQUISE', 'ACTIVE', 0, NULL),
('576852b6-c143-4bf9-a323-3d1d0ee14932', 'be20f689-e9ac-45a4-99f1-8e53ba71d995', 'KALTAKQUISE', 'ACTIVE', 0, NULL),
('699f82c0-d4b7-44ce-ae52-d1414a89d012', '05aabcbd-8e93-45fa-9911-350b17dbead0', 'KALTAKQUISE', 'ACTIVE', 0, NULL),
('5a4787ba-4462-463c-b3f0-aa8f1b619df0', '55a65bff-efaa-4a31-b9b3-0594778db44b', 'KALTAKQUISE', 'ACTIVE', 0, NULL),
('ea1c4a44-79c3-44bc-8ef1-c04c3e66b69a', 'a71b8dc3-a486-4fb9-ace1-d36dda4bd7c7', 'KALTAKQUISE', 'ACTIVE', 0, NULL),
('6c05f555-6198-41b0-be18-08085a734c30', '9e5a1a17-4a89-45e3-a6d9-647ba5d48190', 'KALTAKQUISE', 'ACTIVE', 0, NULL),
('92b48b64-740f-4315-96ac-68462da5bd5c', '826adf0d-ceee-4cb7-b4b5-200c55c005a7', 'KALTAKQUISE', 'ACTIVE', 0, NULL),
('21b3b890-2ef4-4ab2-ab84-ab0515f14e2a', 'e405938b-2075-43a0-a42c-d6c8867f9696', 'KALTAKQUISE', 'ACTIVE', 0, NULL),
('1c56c0a2-f066-44d9-a153-4559bb89370a', '72d52bf8-ca6a-4f14-a50e-9dedcd02b37a', 'KALTAKQUISE', 'ACTIVE', 0, NULL),
('25583849-7b89-4556-a796-4426101bd871', 'ec3d29ac-4655-44b8-914e-22bbb2ca59f2', 'KALTAKQUISE', 'ACTIVE', 0, NULL),
('a89f7ae9-18cb-48ee-beb2-a06f602108cb', '2ec991d8-11ea-4623-b362-71434cc4ef03', 'KALTAKQUISE', 'ACTIVE', 0, NULL),
('9b08061a-32d5-4edd-a172-7d2164a84c9b', '658973ac-0f3f-4e76-a02a-1964c656b581', 'KALTAKQUISE', 'ACTIVE', 0, NULL),
('fa3805a6-15ae-401f-9652-5d29d6d7c536', '87d1bfb9-e7d7-40df-b71d-24e611bc7313', 'KALTAKQUISE', 'ACTIVE', 0, NULL),
('2d8939e4-df9b-4079-83f3-9507433af0be', 'a36348aa-c6e8-4dfa-b02b-5c030e226abd', 'KALTAKQUISE', 'ACTIVE', 0, NULL),
('069452e1-ec52-4669-874c-3ca7f5fab3cf', 'e8ab5c92-bd37-42dd-9f78-de4d68d2fd61', 'KALTAKQUISE', 'ACTIVE', 0, NULL),
('9d59bd53-ee78-4835-9d91-1378331e671f', '0972f79c-1f0a-4b88-8f18-b120b3bac97f', 'KALTAKQUISE', 'ACTIVE', 0, NULL),
('75a7808c-57ba-46fc-aa8e-9ebf91c4d616', '2a64fee3-154b-4e19-ade0-3b51adbfdca6', 'KALTAKQUISE', 'ACTIVE', 0, NULL),
('ea7980af-c2d3-4403-acbe-dd48edf92cbd', '70f9a4ff-7d07-4e26-bf8e-dabc04b6d1bc', 'KALTAKQUISE', 'ACTIVE', 0, NULL),
('bbfb3cb6-6ff9-4810-852d-cff3f02dd000', '295a0ce2-180e-490c-9408-11b07c843601', 'KALTAKQUISE', 'ACTIVE', 0, NULL),
('66c01a61-6a90-4213-b11b-5a136761a510', '70ae6a7e-87cc-452e-b0fc-e1029de6ba32', 'KALTAKQUISE', 'ACTIVE', 0, NULL),
('16331539-8c72-4a84-8146-eaa76a135904', '2725aeb1-1177-411b-a4bb-c2f6db547df8', 'KALTAKQUISE', 'ACTIVE', 0, NULL),
('5a3240d0-ed96-4f49-8b8d-59b973ae28ff', 'b64fbe4f-9c17-4bda-8855-db27453cdbfd', 'KALTAKQUISE', 'ACTIVE', 0, NULL),
('dd75d3f2-e550-4aa3-bdad-19a5584c5c78', 'c364ee82-ae53-4ad5-b541-0a1e66d13191', 'KALTAKQUISE', 'ACTIVE', 0, NULL),
('8d80e538-638f-4cef-b035-63d47df87902', 'dca43c53-7c61-406b-a0d0-0da1469d516d', 'KALTAKQUISE', 'ACTIVE', 0, NULL),
('2d776af8-e79a-4aac-8d97-2f71341908e8', 'e41f28ad-4c3e-4fe7-9aee-a2adfb41b65f', 'KALTAKQUISE', 'ACTIVE', 0, NULL),
('6aae9205-801a-4604-a67a-ddc2193b67fd', '0ef3fed7-55a2-4301-ace3-31f6c00799a9', 'KALTAKQUISE', 'ACTIVE', 0, NULL),
('8afc10f1-88af-4d71-93c0-77089731d143', '7451a0cb-7c12-4ed0-bd1c-dcd9f262c5e0', 'KALTAKQUISE', 'ACTIVE', 0, NULL),
('289c5bed-1e6c-4d76-b8b0-531e157c746f', 'dfa415ff-e439-4de0-be76-478a292b290e', 'KALTAKQUISE', 'ACTIVE', 0, NULL),
('515890f6-e4af-4085-824f-2e06c1117f3e', '0395c999-cd1c-4640-94d0-7369531ec5c6', 'KALTAKQUISE', 'ACTIVE', 0, NULL),
('efc665d1-244b-4193-a896-ee687fc3dd63', '561c80b7-32a4-4800-bdc8-eeddf46e6bf3', 'KALTAKQUISE', 'ACTIVE', 0, NULL),
('7d9721a2-c225-4947-a8e9-92d223c1193e', 'b7482582-42c8-46b7-9e25-80c3298117b8', 'KALTAKQUISE', 'ACTIVE', 0, NULL),
('7c719c58-05e9-47a6-a5a0-948ee14b80a5', 'f1ec6caf-9da7-4351-9af0-658dcca44a29', 'KALTAKQUISE', 'ACTIVE', 0, NULL),
('7e98d928-db77-47ad-a42b-f166020c531e', '9ed1d26c-b6ed-4d4e-9030-09f48700bb51', 'KALTAKQUISE', 'ACTIVE', 0, NULL),
('590688a4-4620-4df0-94d0-2e3cb994e04d', '24bb83fb-1138-4b34-b2ee-f5106d1d4113', 'KALTAKQUISE', 'ACTIVE', 0, NULL),
('db8e1241-485c-4729-a920-e2cb0096ac69', '74b60419-3a5c-4687-ba35-1c341676ff0d', 'KALTAKQUISE', 'ACTIVE', 0, NULL),
('c7ef78de-5a38-43f0-b4de-e1c6e2d3fb95', '992a35a7-f538-4a33-a6fb-dc938a1877a8', 'KALTAKQUISE', 'ACTIVE', 0, NULL),
('8a39ef59-12db-4902-bf93-854fa55ea54b', '40c9ac02-0b3a-4e19-8a4c-66829edf587d', 'KALTAKQUISE', 'ACTIVE', 0, NULL),
('52e09f63-5a54-4f3c-953a-cf653dadfe33', 'ae751882-1922-405b-b3c0-04cd95540737', 'KALTAKQUISE', 'ACTIVE', 0, NULL),
('68f9bf8e-1b9e-4f43-a4bd-412f0e63d157', 'a809b866-c26e-4f56-90f9-c3dffcb7de3e', 'KALTAKQUISE', 'ACTIVE', 0, NULL),
('afdb9835-f5dc-40bc-9e07-6ba8b1c81c19', '7d6b6ed1-cf74-43f6-825e-04d6461fc453', 'KALTAKQUISE', 'ACTIVE', 0, NULL),
('1a901a38-895f-4e4c-a3e5-9c99960eace9', '912c3117-40f9-49f6-88b2-a94793f83e04', 'KALTAKQUISE', 'ACTIVE', 0, NULL),
('d35c2590-dc20-47a8-b565-e1f84dcc4605', 'f47fcad5-aad3-4268-ad08-b774e8da33ad', 'KALTAKQUISE', 'ACTIVE', 0, NULL),
('2df5a273-2c1a-4e08-8132-88b3574cf814', '2ed92fb3-5d40-40a5-b9fd-f55e56dd4eea', 'KALTAKQUISE', 'ACTIVE', 0, NULL),
('f293e80c-c244-44b0-8937-3360fa151ac1', '09c37258-a074-42b1-bce5-180c61695f52', 'KALTAKQUISE', 'ACTIVE', 0, NULL),
('4f3bbb8b-a819-401d-b6f4-3d0d2e434faa', '02d9b582-cad5-41c3-ae03-f70fbcedfd8d', 'KALTAKQUISE', 'ACTIVE', 0, NULL),
('5ea88cb8-af8d-4057-be5d-4260f07832cc', 'c3e5eb6f-a4d6-4dcd-8039-0386ff180d85', 'KALTAKQUISE', 'ACTIVE', 0, NULL),
('19a1ed49-30a9-4411-9315-cbef2065fe22', '26f2d188-8fd5-4f99-8dae-45ea1c905cdf', 'KALTAKQUISE', 'ACTIVE', 0, NULL),
('c5e75c61-37c7-4234-8103-2bacdf527eeb', 'aeb0c824-ddbb-499e-bad8-ec7e0a552763', 'KALTAKQUISE', 'ACTIVE', 0, NULL),
('f07ddfae-a180-45db-b494-dadfbf6e1769', '3a577399-8791-41dd-8c97-2f21b0ba95a1', 'KALTAKQUISE', 'ACTIVE', 0, NULL),
('5ead14c9-8ac2-4472-9e30-97477fb6b95b', 'd478eef3-e5d0-4a30-931b-093e5039a7d4', 'KALTAKQUISE', 'ACTIVE', 0, NULL),
('33c65497-7488-4e3b-980e-6505d74445f4', 'a4d74859-2d35-47f8-86e9-47d008633842', 'KALTAKQUISE', 'ACTIVE', 0, NULL),
('f7b7c047-2baa-4f38-a348-b8ee981de87d', '372a9659-9734-4989-8922-9a84d1b1eb43', 'KALTAKQUISE', 'ACTIVE', 0, NULL),
('1b7e9bca-da5b-41dc-bf2f-482d31fe4f32', '4db23039-4ea6-42cf-b2a9-134ef27c7d31', 'KALTAKQUISE', 'ACTIVE', 0, NULL),
('2b362e32-12a5-4f94-8b1b-893685b4eade', '2c2bd3f2-1c78-4da6-9493-abb414e6b768', 'KALTAKQUISE', 'ACTIVE', 0, NULL),
('39d6a411-0341-4d85-850d-e7a5592c9e4b', 'a4fa80c8-e821-4481-b15b-9aac4e9e2bfc', 'KALTAKQUISE', 'ACTIVE', 0, NULL),
('1d0b7d2f-6eb0-4311-b1c8-c0669bb7b04e', 'ccf89651-e0e5-4b85-9c0f-24eb3b26300a', 'KALTAKQUISE', 'ACTIVE', 0, NULL),
('c2d6d38f-ad62-420b-a4e2-3bad4875bbe5', '88a35669-a1ea-46d7-8bd1-8db02f2c4401', 'KALTAKQUISE', 'ACTIVE', 0, NULL),
('039a3ea8-3a72-4aa2-afe5-6b48e0744cbc', '0177ce3f-dee4-478c-b8ab-52114ae7f1f5', 'KALTAKQUISE', 'ACTIVE', 0, NULL),
('2a176f63-6103-4446-b8ee-68bcb6783d78', '86cc260c-a8ad-471b-8956-08b78a613533', 'KALTAKQUISE', 'ACTIVE', 0, NULL),
('9c3e09e4-57d2-45d1-9029-d228ff8b8813', '83d98267-7036-4e7e-95c5-9a3b0fd6bb66', 'KALTAKQUISE', 'ACTIVE', 0, NULL),
('fd785c5e-4679-4ec9-a619-87b85aa50736', 'f37805cf-671e-41d8-9c6b-b9850c588165', 'KALTAKQUISE', 'ACTIVE', 0, NULL),
('2643e55a-4d1f-4451-ba9f-7001ca49c917', '69454bd9-4032-45b8-af9a-229dc36f693c', 'KALTAKQUISE', 'ACTIVE', 0, NULL),
('17085a34-06f6-4190-b910-408c3e6fcdb3', 'dfd82442-f653-4d2f-b90b-975d696751bd', 'KALTAKQUISE', 'ACTIVE', 0, NULL),
('8752de09-ccdf-4e2d-914a-7a6dc0b51eb1', '7dd08ed8-1587-49a5-b87f-4705fe5ce5d0', 'KALTAKQUISE', 'ACTIVE', 0, NULL),
('d25c87fb-66e5-4e8d-8345-cfdcf0a21933', 'aefd080d-c0f7-49ec-a7ee-1e21290f06a4', 'KALTAKQUISE', 'ACTIVE', 0, NULL),
('073c39bf-6b4b-42ac-8dad-a4538f8b0a9e', '92ec5f70-465c-4d55-84d3-d66c33b8f4fb', 'KALTAKQUISE', 'ACTIVE', 0, NULL),
('f7b81ff4-02b3-48e5-89a1-28320ae144a9', '86dbe49f-6da3-495f-b329-684f8beeccff', 'KALTAKQUISE', 'ACTIVE', 0, NULL),
('6907f726-251c-4a12-84cd-a7a022a899be', '1d9e1a86-0bc5-4479-b589-1970e59d16fb', 'KALTAKQUISE', 'ACTIVE', 0, NULL),
('ec9ab214-5928-4072-9fb1-d899411080d9', '5b47f78b-a1a3-443f-882b-f773600765cd', 'KALTAKQUISE', 'ACTIVE', 0, NULL),
('d1f7f01e-82a4-4e70-8210-5dfc8ff2f4c3', 'c60c7e36-a917-485f-a4dd-be95ca21d3d4', 'KALTAKQUISE', 'ACTIVE', 0, NULL),
('34f86952-8a07-4025-ad4b-a7ea1cf17f2b', 'fcfaffea-9b84-4bd0-be62-8705482317d5', 'KALTAKQUISE', 'ACTIVE', 0, NULL),
('3405ef4c-09b4-46bc-a650-18f2f038a6c3', '075e9eba-0e10-455a-aea2-86659e7050d2', 'KALTAKQUISE', 'ACTIVE', 0, NULL),
('2dba16a4-5489-4070-b2f3-0a45b383b11f', '14fbccfb-2dfa-4584-ad02-3757b881de2f', 'KALTAKQUISE', 'ACTIVE', 0, NULL),
('8f292509-ad42-4afb-bb8a-ac80281e4ab5', '9bb6f5ad-f0d8-414c-864f-467963bc8a92', 'KALTAKQUISE', 'ACTIVE', 0, NULL),
('43445078-4109-46b7-8710-72998fc27bd1', 'feea8b81-88fc-4a0c-a4fb-2fe1f34cb7de', 'KALTAKQUISE', 'ACTIVE', 0, NULL),
('1d732433-d3d1-4fb1-984e-99591e751fb1', 'f5ad06fe-32be-46e3-b520-acbdb2e003cc', 'KALTAKQUISE', 'ACTIVE', 0, NULL),
('4e345244-e7c7-4eb2-977f-4e1cad9e1748', '3ceb9eb5-b75b-47e1-9acc-a44c445f9253', 'KALTAKQUISE', 'ACTIVE', 0, NULL),
('77bd90c3-06b0-4dca-9138-24a2d07763c2', '5749d715-5eb9-471b-9dbc-d78865854421', 'KALTAKQUISE', 'ACTIVE', 0, NULL),
('f5f1bfaf-9adb-478e-9a2d-dd393cb4273f', '87476614-4053-4d43-a78b-82374f566173', 'KALTAKQUISE', 'ACTIVE', 0, NULL),
('288e733e-7b66-403f-ae32-c7512972dd06', '0f54ef9e-636f-44eb-967e-aaa273349371', 'KALTAKQUISE', 'ACTIVE', 0, NULL),
('6f3f35b2-bca8-41f0-bc08-180bbd9a4d6b', 'ee42a378-6582-43b9-8d91-5aa6e62620c8', 'KALTAKQUISE', 'ACTIVE', 0, NULL),
('98132685-f9a8-4147-a7a3-e51da3d06b31', 'd6081122-06ae-4bc9-90ea-f1d30ac01bd9', 'KALTAKQUISE', 'ACTIVE', 0, NULL),
('85a70f4b-01d5-4bf6-80d2-2d9d3849b726', '2491c7b6-b7f9-4da3-b8db-df1c738bb184', 'KALTAKQUISE', 'ACTIVE', 0, NULL),
('e7a53a6d-2847-42b0-9503-63b6704ae170', 'aa15b0c6-a330-458a-8b49-fa4ccc401c52', 'KALTAKQUISE', 'ACTIVE', 0, NULL),
('fcf38d5e-5e76-4cc8-a339-3cf322f7351c', 'd987b6eb-1479-4f64-9da9-29645e20d633', 'KALTAKQUISE', 'ACTIVE', 0, NULL),
('f71e77a7-5150-4e4a-b22a-b0093a0536a3', '5bcfb960-f5bb-4a2b-9230-bf58180e489c', 'KALTAKQUISE', 'ACTIVE', 0, NULL),
('3c249edc-96d5-4890-ad99-7882ed77cad1', '9adbc267-68f2-4ca9-9c09-9f1407e3972a', 'KALTAKQUISE', 'ACTIVE', 0, NULL),
('73642a19-4b21-42a6-8662-b3fc4905a391', 'f81f8b2b-87fa-489b-94e7-e0cd728bf28d', 'KALTAKQUISE', 'ACTIVE', 0, NULL),
('04ebb76a-7d4a-4881-b933-e64e110f539e', 'dd7eb093-e469-48c0-bb60-fcbd28d03643', 'KALTAKQUISE', 'ACTIVE', 0, NULL),
('a1d3be0f-ea62-47d2-9f6c-900d33fd2aa5', 'b73985a6-3da6-4acf-ab8a-97d9753b913a', 'KALTAKQUISE', 'ACTIVE', 0, NULL),
('473c52db-02e5-4fad-8b08-e66bd962f4f9', '44bee084-1143-4692-9f63-9f617cbcb0a2', 'KALTAKQUISE', 'ACTIVE', 0, NULL),
('c6a16148-83b4-4f3c-a207-b05ae8a7aef2', '71e7a9ff-5e54-4d03-adce-ee5be336383c', 'KALTAKQUISE', 'ACTIVE', 0, NULL),
('d02fbb10-0db7-4a02-9ed1-0f36fe4eb092', '8868ad87-6c98-45ae-b827-020eb94f4b04', 'KALTAKQUISE', 'ACTIVE', 0, NULL),
('a1bcfd0f-961e-4442-b2bd-e50f60380094', 'd35879f3-513c-4e49-b27f-2279b742645e', 'KALTAKQUISE', 'ACTIVE', 0, NULL),
('640ac3e4-6050-4633-923e-fd05a7f0d354', '57218adc-f052-4e72-9ebd-413e45ae03c8', 'KALTAKQUISE', 'ACTIVE', 0, NULL),
('ceb09aec-47f6-4439-af0b-365aeb6fb204', '95ec1d8f-bd09-4f50-92d4-0fca68687eb8', 'KALTAKQUISE', 'ACTIVE', 0, NULL),
('07ba37bc-7c1d-47a9-9f44-10145fe9ee02', 'd8a4caa9-00d3-42ff-b6cb-41c7d7b0b1cb', 'KALTAKQUISE', 'ACTIVE', 0, NULL),
('3aed705d-e14b-46f2-9364-0467233a6be0', 'a04391b0-067d-49b5-a6ba-d1c469ced4ac', 'KALTAKQUISE', 'ACTIVE', 0, NULL),
('e2b29e63-9aa7-4b6a-8c8c-cdc838e558fd', 'e2027496-b2be-4dc7-a4ec-ce0205d6c640', 'KALTAKQUISE', 'ACTIVE', 0, NULL),
('d3f25d24-5892-4b47-8cf7-d985a7b1fb01', '8edbb126-2175-4b29-9bac-26da7803d8f3', 'KALTAKQUISE', 'ACTIVE', 0, NULL),
('fa0f2c51-c2f4-4575-a22d-792791450cef', 'cfa56132-a116-42c0-a19d-e394d692bf87', 'KALTAKQUISE', 'ACTIVE', 0, NULL),
('2453d7da-57e6-4992-8918-5fb213de2f5f', '8f84ba99-26b1-46eb-b523-28d2f9b9a4a6', 'KALTAKQUISE', 'ACTIVE', 0, NULL),
('6f855bb8-253a-40bb-b498-610461867de0', '2622972a-731e-4dc7-b27e-6ca8f8ce37a0', 'KALTAKQUISE', 'ACTIVE', 0, NULL),
('6a1896cd-d0a5-4e48-a931-4e23e4a78c76', '6b0abd9e-f078-42b9-8056-4f312426f61a', 'KALTAKQUISE', 'ACTIVE', 0, NULL),
('bd0161d3-3829-49ad-9e24-d0a2c02d323c', '1c5e2b89-fda5-4ebe-b791-6ce59fbc9a1d', 'KALTAKQUISE', 'ACTIVE', 0, NULL),
('6f78a6a1-562e-4fd0-a9bd-ae07ea3defb2', '5501cbb6-1b1f-45d5-9bb6-d80a1df90407', 'KALTAKQUISE', 'ACTIVE', 0, NULL),
('17fbb7b5-4da8-4d7f-b6e6-480051a368f6', 'c30fee4b-4e13-439d-9482-3c8da1c860e0', 'KALTAKQUISE', 'ACTIVE', 0, NULL),
('865be9eb-b846-4f10-aed1-90738fdf5314', '164f40e8-ce8d-47fa-b954-3f18a4b8d3f4', 'KALTAKQUISE', 'ACTIVE', 0, NULL),
('84d63de9-d8fd-4ee3-b860-31e091dff828', '131d0e68-4724-4fd5-b2b8-bbfe71480dd5', 'KALTAKQUISE', 'ACTIVE', 0, NULL),
('4dd47e00-4845-4d5b-b1de-059c0c64caeb', 'e6059b64-39ef-4479-8343-c5d3f4b8476d', 'KALTAKQUISE', 'ACTIVE', 0, NULL),
('ecb8ddb3-604b-4373-b57f-1738aae56a7f', '7945e281-3823-455f-a5d7-cc52c7bf69e9', 'KALTAKQUISE', 'ACTIVE', 0, NULL),
('d8076d7c-eaef-4a0a-a51e-05eaa54c6734', 'a0db8419-f06f-4f2b-afc3-2406f14b7b4c', 'KALTAKQUISE', 'ACTIVE', 0, NULL),
('64209a95-f6d7-4633-9de1-745d7eb5a564', '79a03d5a-faeb-4fc9-819b-5e0ada208084', 'KALTAKQUISE', 'ACTIVE', 0, NULL),
('9d66f422-813a-4abf-9322-8afbffd9fc25', '691bc83f-b071-48d9-88db-dc95c05601b5', 'KALTAKQUISE', 'ACTIVE', 0, NULL),
('2ac49819-f7a8-439c-897e-b25cc38cd6c1', 'c7f03154-361f-495d-851b-2b7876fc3bc3', 'KALTAKQUISE', 'ACTIVE', 0, NULL),
('c63d0659-3741-4e92-b6af-713e869c5129', 'd8b0b4e5-095f-472e-81f5-fe92bd24c82e', 'KALTAKQUISE', 'ACTIVE', 0, NULL),
('1ff5211e-d1bd-48dd-b6f7-4c6be9afa54f', 'b8ef0380-88c9-41f3-ad73-8b3e4842aa59', 'KALTAKQUISE', 'ACTIVE', 0, NULL),
('838b234b-752a-44c7-a23c-89a964e0dd4f', '56e63736-bd1a-4803-a9f3-2ae35a9fb0fb', 'KALTAKQUISE', 'ACTIVE', 0, NULL),
('f3b8acdf-5178-43fc-bf23-04d187686524', '4622c728-3580-4a60-b7e1-a2b23c13afdd', 'KALTAKQUISE', 'ACTIVE', 0, NULL),
('2f55edce-e3ce-4a18-aaab-b2179df143fb', '9172d1cb-5c1b-4673-983e-80de4326573c', 'KALTAKQUISE', 'ACTIVE', 0, NULL),
('eb4ccae4-7257-44d4-8aa3-8fbbaadbd25e', 'da210a84-d92c-4693-b8d0-f09fa374a6f4', 'KALTAKQUISE', 'ACTIVE', 0, NULL),
('7b5264d1-9e6c-4c96-8b41-e00fbbb334c0', '242cfcf8-3f04-4d40-ad40-27379b053971', 'KALTAKQUISE', 'ACTIVE', 0, NULL),
('a4d85a0d-6a2c-45e5-8673-76b18da0d440', '8853b0d5-5312-4cf4-a49e-ee2853adc9f1', 'KALTAKQUISE', 'ACTIVE', 0, NULL),
('c91bf9d8-7e5d-4402-b709-765682a8bb06', 'cd51ce4b-591e-422e-8bef-d903a133cf95', 'KALTAKQUISE', 'ACTIVE', 0, NULL),
('26d40ded-1e2b-45a2-863e-726d68eeb8c4', '93a1c9ce-af30-4130-9fdb-fe1f7057efb9', 'KALTAKQUISE', 'ACTIVE', 0, NULL),
('1bb6553d-07ea-4b0f-ab2b-06cd8a4fdd16', '00071688-848b-47cf-917c-411bea22f62b', 'KALTAKQUISE', 'ACTIVE', 0, NULL),
('574f555d-dc0b-4112-9a1b-38b8ad849d87', '27dbc01f-89dd-409c-a805-cd29d9554b86', 'KALTAKQUISE', 'ACTIVE', 0, NULL),
('07f24174-856d-46b5-b5ed-58f3435c4605', '36561d29-4eaa-455e-8f81-664093a2f991', 'KALTAKQUISE', 'ACTIVE', 0, NULL),
('2afaa22a-cf07-4801-8987-feb35c047d12', 'b6719274-6585-4017-97b9-fb7c0b9d1df9', 'KALTAKQUISE', 'ACTIVE', 0, NULL),
('b82c3730-d5c8-4afe-92eb-e985e6df00d1', 'd7d8f520-fff3-4a9a-b2f3-c9147ab72f1e', 'KALTAKQUISE', 'ACTIVE', 0, NULL),
('1a4d9108-9654-4225-bef6-d356724eeb3c', '48f93c08-c97b-4e18-8780-286551a56c47', 'KALTAKQUISE', 'ACTIVE', 0, NULL),
('0eb6c27b-d5b1-44e5-b3b1-4c4093ee3ef1', '748271d5-e0d5-40c1-b9d0-18d9cb328669', 'KALTAKQUISE', 'ACTIVE', 0, NULL),
('5362ad74-be20-4d9a-ac7f-299d9efb3078', '6d89d61e-fdb8-43dd-9d8d-7c7fc0aad878', 'KALTAKQUISE', 'ACTIVE', 0, NULL),
('08d8edf7-6332-43b2-846e-af23d6df4c08', '9d22f07f-e30b-4559-ad87-c1a4f4999522', 'KALTAKQUISE', 'ACTIVE', 0, NULL),
('f82f01ac-f6bd-49e3-b450-454971a5673c', '2eca1a8e-9ab0-4a11-9a1f-c6b638610309', 'KALTAKQUISE', 'ACTIVE', 0, NULL),
('3528b05b-ca2e-44d7-9f80-b0d2caf27bdd', '82d0a41e-da2f-4563-8418-54b68d6bd971', 'KALTAKQUISE', 'ACTIVE', 0, NULL),
('0e887fa6-b6f5-4d61-b998-bd49a8e3e14c', 'c2a5705d-dff1-4061-9190-1f530ccf2596', 'KALTAKQUISE', 'ACTIVE', 0, NULL),
('97a63d82-72f5-4135-ae66-caadaec59e1d', 'ae694731-370e-4bf6-9c06-59cd9e21c8f7', 'KALTAKQUISE', 'ACTIVE', 0, NULL),
('80bf1307-4a76-442f-80d2-cb69f5807c80', 'e942da96-1f47-413c-b0a3-debfc654d43f', 'KALTAKQUISE', 'ACTIVE', 0, NULL),
('b5b8270f-9e29-4581-9e4b-53b77cf52aa2', '4a0571fa-a52d-4899-acc5-36c2bb461356', 'KALTAKQUISE', 'ACTIVE', 0, NULL),
('bcb57636-e64a-4508-8642-d0dac603207a', '834e3112-d8a1-4737-8cb4-d32dc951ac69', 'KALTAKQUISE', 'ACTIVE', 0, NULL),
('8d0992d3-59f7-4051-b20e-e946dca5a8be', 'f0f053c5-c1f6-4a36-bc63-473a2a20bf04', 'KALTAKQUISE', 'ACTIVE', 0, NULL),
('93895e53-d85f-49bd-8445-0c330cdd5f31', '16c9e759-8c67-48dd-8d14-f0579febb51c', 'KALTAKQUISE', 'ACTIVE', 0, NULL),
('f74fae1b-85a2-4ccb-bc60-e7f0037bc273', '9cc31618-211d-46dc-937b-6fc78db766fb', 'KALTAKQUISE', 'ACTIVE', 0, NULL),
('f3bf5eff-6297-4450-99b7-9d2313e9b65a', '2dcd9cf2-4097-4d1e-90a3-c97a926c98cc', 'KALTAKQUISE', 'ACTIVE', 0, NULL),
('c326cf86-d447-4e18-a695-c3e5e8713f9c', '892aac09-c731-4fd3-9ce6-c8af15bc0820', 'KALTAKQUISE', 'ACTIVE', 0, NULL),
('e817aed3-5ede-418c-b41d-9f49f5cd98a9', 'b47a6a2e-cf0d-475d-b004-126bfc445010', 'KALTAKQUISE', 'ACTIVE', 0, NULL),
('b2696bef-711d-4282-989f-402a82b12342', 'a8d74ec0-d695-4704-b337-3fc4281386b5', 'KALTAKQUISE', 'ACTIVE', 0, NULL),
('887e04eb-081f-49a8-acb9-f9daf02b908a', '3335774a-40a0-4bec-986b-08dc8addb865', 'KALTAKQUISE', 'ACTIVE', 0, NULL),
('49941a5e-77b9-4622-acb1-d40170df63f8', '47421f87-049f-4376-a087-86407cf24055', 'KALTAKQUISE', 'ACTIVE', 0, NULL),
('8f61d3d9-3375-4717-a8c0-3c6f56bca1a2', 'b2b2fffc-48a7-432b-a83a-d3396c9b3359', 'KALTAKQUISE', 'ACTIVE', 0, NULL),
('f5d7b261-5e3f-43fc-810f-4059c5c62aec', '47c6d8bc-7fd8-4164-822d-694acd03f61e', 'KALTAKQUISE', 'ACTIVE', 0, NULL),
('0933eb5f-3827-4070-8b45-fbee9748652a', 'e531b87e-1e90-4966-ae75-fc43beb9db4b', 'KALTAKQUISE', 'ACTIVE', 0, NULL),
('2a850dc3-f432-4440-beaf-1f14df1697a8', '84ce4d48-99ba-4a23-8c60-3e03158d7a54', 'KALTAKQUISE', 'ACTIVE', 0, NULL),
('23fcfc87-4779-404d-825b-fac12dc13011', '7b7823a9-7a53-48e6-a0b1-c0bbd8f177fa', 'KALTAKQUISE', 'ACTIVE', 0, NULL),
('d5c59ccc-586e-423f-bf5d-873b7029961f', 'eff2d223-7d46-495b-aca8-cec014b17d6b', 'KALTAKQUISE', 'ACTIVE', 0, NULL),
('4d7db5b7-e721-4f30-b618-8c969d89bee2', '56e0070f-8ac5-40f1-b525-6e0291aeb69e', 'KALTAKQUISE', 'ACTIVE', 0, NULL),
('a4fb5f17-daaa-402b-894f-83d470aedbcf', '38a03a48-dd62-47e8-8f9c-486a57f8f2cd', 'KALTAKQUISE', 'ACTIVE', 0, NULL),
('188ac3aa-1a16-48a7-8c59-c079c90f5ca5', 'a589cb25-5228-46cf-a22e-7197eada6723', 'KALTAKQUISE', 'ACTIVE', 0, NULL),
('c68b464e-4696-4a1b-ac0b-4f12d8e9e15f', 'a214e5a4-89db-488a-b252-5ee24f23bea9', 'KALTAKQUISE', 'ACTIVE', 0, NULL),
('80a4da39-40be-4ac8-bdea-8c1a3f58cd6c', '6e7c9d7b-a65e-4fae-8bcc-39178b116182', 'KALTAKQUISE', 'ACTIVE', 0, NULL),
('c07a96a4-adf0-43cb-aac2-54aaab5630e5', '31505e75-80e9-454b-a467-0771dedfcf6a', 'KALTAKQUISE', 'ACTIVE', 0, NULL),
('3a4c7b54-3af0-4a18-837c-31f54624da9e', '092348bb-0c0b-401b-8086-84ee9f90d525', 'KALTAKQUISE', 'ACTIVE', 0, NULL),
('3fae6ab2-e0e1-4f28-92ac-33f86b1f7772', '253b2dc9-8d05-45a5-a978-8177a9679aaa', 'KALTAKQUISE', 'ACTIVE', 0, NULL),
('8b7f16a2-2da2-4607-a0c2-e18f1a1944a9', 'e501d5b3-b970-44d0-b909-23c9225f5886', 'KALTAKQUISE', 'ACTIVE', 0, NULL),
('c7308cf4-9633-440f-a8d3-7bd6aff90f44', 'a355a3f6-76c0-43f2-aada-6066ba9a4e67', 'KALTAKQUISE', 'ACTIVE', 0, NULL),
('7096261b-46f1-4ff7-859f-f447e868e576', '7f0f1bca-c3ca-4931-8b77-b235baff7c83', 'KALTAKQUISE', 'ACTIVE', 0, NULL),
('cd035956-0251-4c73-aaed-5b12ab18d76a', 'bc3d6874-95b0-4c25-9668-1db32501280d', 'KALTAKQUISE', 'ACTIVE', 0, NULL),
('952dd73f-12ef-4a0a-aab9-ad65a4096504', '9b6e3d66-f5ef-4393-ba38-ec504873c0df', 'KALTAKQUISE', 'ACTIVE', 0, NULL),
('ddc4e481-3392-4bd4-a376-f76d72cccc56', 'e4dce3d6-bc9e-497b-a0e7-a63c02ca901c', 'KALTAKQUISE', 'ACTIVE', 0, NULL),
('67646ebc-3357-4c84-885a-8fdec467c114', '45c5914c-5d59-43ef-84e7-3e6ecd7edaa6', 'KALTAKQUISE', 'ACTIVE', 0, NULL),
('b2786aa9-f01c-4524-a181-03e26d5658ce', '58994ac7-000d-4f9a-8699-69e0deaa7703', 'KALTAKQUISE', 'ACTIVE', 0, NULL),
('7b6d3a99-7b5c-433f-b085-a4572b836d50', '37a60c5f-c6df-48ac-baac-9f6e40bfa4b3', 'KALTAKQUISE', 'ACTIVE', 0, NULL),
('15e31957-5fba-44b5-88bb-04618587d671', 'a26eea75-69a0-415a-8ffd-77e0f64b499f', 'KALTAKQUISE', 'ACTIVE', 0, NULL),
('e895f4c6-2188-48b1-b920-4e18daf52898', '63ab925c-44c0-40aa-abff-2de0037e5197', 'KALTAKQUISE', 'ACTIVE', 0, NULL),
('765efc80-8cc6-4d55-b8f1-17149ecfe4a0', '81496b22-a0d6-4c47-acec-a798a0a34a97', 'KALTAKQUISE', 'ACTIVE', 0, NULL),
('aaaf3216-504e-465f-bdc2-661bc94ae4af', '8b16da95-49db-41e5-9a37-04455f25ca6e', 'KALTAKQUISE', 'ACTIVE', 0, NULL),
('3d55aeaf-07de-45ee-8cfa-6a9b0f5919d1', '721930a0-2d56-4501-90d4-0bc41491bcd1', 'KALTAKQUISE', 'ACTIVE', 0, NULL),
('77623b96-36ea-4163-94d4-2352c49669af', '3d65418c-efba-4451-86fc-bafef6aaa811', 'KALTAKQUISE', 'ACTIVE', 0, NULL),
('08f9965c-1f73-4bcb-b01f-4e4d0196fef0', 'ce632498-b4c4-4f46-a2ff-b0b4727e2e3f', 'KALTAKQUISE', 'ACTIVE', 0, NULL),
('c48d8e2f-d7ff-46cb-a538-30a97aa682b2', '25c742fe-e110-4420-8990-aabc1f4a59c1', 'KALTAKQUISE', 'ACTIVE', 0, NULL),
('ba28388a-905f-499a-b5ce-f77e91e18b18', '58e85a1a-cee6-4b7d-8579-1074fda6316a', 'KALTAKQUISE', 'ACTIVE', 0, NULL),
('cd872d22-30a3-4e70-b937-f4a70014541a', '432625d2-e3ee-4581-bcf3-085bea897fb7', 'KALTAKQUISE', 'ACTIVE', 0, NULL);

INSERT INTO lead_tags (lead_id, tag_id) VALUES
('fd65506a-c666-42da-8648-3a91ebac9554', 'ka-b2c'),
('5e94af25-05b9-491b-b784-1c08ec27e625', 'ka-b2c'),
('e680e499-7c38-43a5-b9ef-b35e851b2ac0', 'ka-b2c'),
('d751555c-0d3a-4ba2-986b-881905d3492e', 'ka-b2c'),
('9f2812d4-1c8e-4684-a114-28fd740aebba', 'ka-b2c'),
('2dda2d67-eddf-4ed7-afbe-0bdc1a09b824', 'ka-b2c'),
('79fb1e53-3155-4082-9e4e-967d604ee6cc', 'ka-b2c'),
('88ceb6d1-dc2b-4f18-96d8-e8cae0b05f7c', 'ka-b2c'),
('0ef097a1-f2b8-4961-b7cf-e4778cf46f35', 'ka-b2c'),
('c6c3747e-1229-4773-afe0-eef97a82fd53', 'ka-b2c'),
('1c6ab31e-247f-4e61-8b81-5266a7e153d7', 'ka-b2c'),
('4a9d791a-50fa-4fe0-bd73-d5abfa04fccf', 'ka-b2c'),
('29ff89de-5872-4fb5-8227-891cc1f203dd', 'ka-b2c'),
('e5623e20-afdf-4a61-9907-e4bdd24d67b7', 'ka-b2c'),
('baf7a2ca-596e-4214-88af-b87614772c6f', 'ka-b2c'),
('bccaab88-e538-40ab-997a-1ff309393950', 'ka-b2c'),
('7346cc0c-1d3a-4044-974e-1f0df5e01f2b', 'ka-b2c'),
('350911c5-0b56-47ae-ba5e-09ea998d8055', 'ka-b2c'),
('576852b6-c143-4bf9-a323-3d1d0ee14932', 'ka-b2c'),
('699f82c0-d4b7-44ce-ae52-d1414a89d012', 'ka-b2c'),
('5a4787ba-4462-463c-b3f0-aa8f1b619df0', 'ka-b2c'),
('ea1c4a44-79c3-44bc-8ef1-c04c3e66b69a', 'ka-b2c'),
('6c05f555-6198-41b0-be18-08085a734c30', 'ka-b2c'),
('92b48b64-740f-4315-96ac-68462da5bd5c', 'ka-b2c'),
('21b3b890-2ef4-4ab2-ab84-ab0515f14e2a', 'ka-b2c'),
('1c56c0a2-f066-44d9-a153-4559bb89370a', 'ka-b2c'),
('25583849-7b89-4556-a796-4426101bd871', 'ka-b2c'),
('a89f7ae9-18cb-48ee-beb2-a06f602108cb', 'ka-b2c'),
('9b08061a-32d5-4edd-a172-7d2164a84c9b', 'ka-b2c'),
('fa3805a6-15ae-401f-9652-5d29d6d7c536', 'ka-b2c'),
('2d8939e4-df9b-4079-83f3-9507433af0be', 'ka-b2c'),
('069452e1-ec52-4669-874c-3ca7f5fab3cf', 'ka-b2c'),
('9d59bd53-ee78-4835-9d91-1378331e671f', 'ka-b2c'),
('75a7808c-57ba-46fc-aa8e-9ebf91c4d616', 'ka-b2c'),
('ea7980af-c2d3-4403-acbe-dd48edf92cbd', 'ka-b2c'),
('bbfb3cb6-6ff9-4810-852d-cff3f02dd000', 'ka-b2c'),
('66c01a61-6a90-4213-b11b-5a136761a510', 'ka-b2c'),
('16331539-8c72-4a84-8146-eaa76a135904', 'ka-b2c'),
('5a3240d0-ed96-4f49-8b8d-59b973ae28ff', 'ka-b2c'),
('dd75d3f2-e550-4aa3-bdad-19a5584c5c78', 'ka-b2c'),
('8d80e538-638f-4cef-b035-63d47df87902', 'ka-b2c'),
('2d776af8-e79a-4aac-8d97-2f71341908e8', 'ka-b2c'),
('6aae9205-801a-4604-a67a-ddc2193b67fd', 'ka-b2c'),
('8afc10f1-88af-4d71-93c0-77089731d143', 'ka-b2c'),
('289c5bed-1e6c-4d76-b8b0-531e157c746f', 'ka-b2c'),
('515890f6-e4af-4085-824f-2e06c1117f3e', 'ka-b2c'),
('efc665d1-244b-4193-a896-ee687fc3dd63', 'ka-b2c'),
('7d9721a2-c225-4947-a8e9-92d223c1193e', 'ka-b2c'),
('7c719c58-05e9-47a6-a5a0-948ee14b80a5', 'ka-b2c'),
('7e98d928-db77-47ad-a42b-f166020c531e', 'ka-b2c'),
('590688a4-4620-4df0-94d0-2e3cb994e04d', 'ka-b2c'),
('db8e1241-485c-4729-a920-e2cb0096ac69', 'ka-b2c'),
('c7ef78de-5a38-43f0-b4de-e1c6e2d3fb95', 'ka-b2c'),
('8a39ef59-12db-4902-bf93-854fa55ea54b', 'ka-b2c'),
('52e09f63-5a54-4f3c-953a-cf653dadfe33', 'ka-b2c'),
('68f9bf8e-1b9e-4f43-a4bd-412f0e63d157', 'ka-b2c'),
('afdb9835-f5dc-40bc-9e07-6ba8b1c81c19', 'ka-b2c'),
('1a901a38-895f-4e4c-a3e5-9c99960eace9', 'ka-b2c'),
('d35c2590-dc20-47a8-b565-e1f84dcc4605', 'ka-b2c'),
('2df5a273-2c1a-4e08-8132-88b3574cf814', 'ka-b2c'),
('f293e80c-c244-44b0-8937-3360fa151ac1', 'ka-b2c'),
('4f3bbb8b-a819-401d-b6f4-3d0d2e434faa', 'ka-b2c'),
('5ea88cb8-af8d-4057-be5d-4260f07832cc', 'ka-b2c'),
('19a1ed49-30a9-4411-9315-cbef2065fe22', 'ka-b2c'),
('c5e75c61-37c7-4234-8103-2bacdf527eeb', 'ka-b2c'),
('f07ddfae-a180-45db-b494-dadfbf6e1769', 'ka-b2c'),
('5ead14c9-8ac2-4472-9e30-97477fb6b95b', 'ka-b2c'),
('33c65497-7488-4e3b-980e-6505d74445f4', 'ka-b2c'),
('f7b7c047-2baa-4f38-a348-b8ee981de87d', 'ka-b2c'),
('1b7e9bca-da5b-41dc-bf2f-482d31fe4f32', 'ka-b2c'),
('2b362e32-12a5-4f94-8b1b-893685b4eade', 'ka-b2c'),
('39d6a411-0341-4d85-850d-e7a5592c9e4b', 'ka-b2c'),
('1d0b7d2f-6eb0-4311-b1c8-c0669bb7b04e', 'ka-b2c'),
('c2d6d38f-ad62-420b-a4e2-3bad4875bbe5', 'ka-b2c'),
('039a3ea8-3a72-4aa2-afe5-6b48e0744cbc', 'ka-b2c'),
('2a176f63-6103-4446-b8ee-68bcb6783d78', 'ka-b2c'),
('9c3e09e4-57d2-45d1-9029-d228ff8b8813', 'ka-b2c'),
('fd785c5e-4679-4ec9-a619-87b85aa50736', 'ka-b2c'),
('2643e55a-4d1f-4451-ba9f-7001ca49c917', 'ka-b2c'),
('17085a34-06f6-4190-b910-408c3e6fcdb3', 'ka-b2c'),
('8752de09-ccdf-4e2d-914a-7a6dc0b51eb1', 'ka-b2c'),
('d25c87fb-66e5-4e8d-8345-cfdcf0a21933', 'ka-b2c'),
('073c39bf-6b4b-42ac-8dad-a4538f8b0a9e', 'ka-b2c'),
('f7b81ff4-02b3-48e5-89a1-28320ae144a9', 'ka-b2c'),
('6907f726-251c-4a12-84cd-a7a022a899be', 'ka-b2c'),
('ec9ab214-5928-4072-9fb1-d899411080d9', 'ka-b2c'),
('d1f7f01e-82a4-4e70-8210-5dfc8ff2f4c3', 'ka-b2c'),
('34f86952-8a07-4025-ad4b-a7ea1cf17f2b', 'ka-b2c'),
('3405ef4c-09b4-46bc-a650-18f2f038a6c3', 'ka-b2c'),
('2dba16a4-5489-4070-b2f3-0a45b383b11f', 'ka-b2c'),
('8f292509-ad42-4afb-bb8a-ac80281e4ab5', 'ka-b2c'),
('43445078-4109-46b7-8710-72998fc27bd1', 'ka-b2c'),
('1d732433-d3d1-4fb1-984e-99591e751fb1', 'ka-b2c'),
('4e345244-e7c7-4eb2-977f-4e1cad9e1748', 'ka-b2c'),
('77bd90c3-06b0-4dca-9138-24a2d07763c2', 'ka-b2c'),
('f5f1bfaf-9adb-478e-9a2d-dd393cb4273f', 'ka-b2c'),
('288e733e-7b66-403f-ae32-c7512972dd06', 'ka-b2c'),
('6f3f35b2-bca8-41f0-bc08-180bbd9a4d6b', 'ka-b2c'),
('98132685-f9a8-4147-a7a3-e51da3d06b31', 'ka-b2c'),
('85a70f4b-01d5-4bf6-80d2-2d9d3849b726', 'ka-b2c'),
('e7a53a6d-2847-42b0-9503-63b6704ae170', 'ka-b2c'),
('fcf38d5e-5e76-4cc8-a339-3cf322f7351c', 'ka-b2c'),
('f71e77a7-5150-4e4a-b22a-b0093a0536a3', 'ka-b2c'),
('3c249edc-96d5-4890-ad99-7882ed77cad1', 'ka-b2c'),
('73642a19-4b21-42a6-8662-b3fc4905a391', 'ka-b2c'),
('04ebb76a-7d4a-4881-b933-e64e110f539e', 'ka-b2c'),
('a1d3be0f-ea62-47d2-9f6c-900d33fd2aa5', 'ka-b2c'),
('473c52db-02e5-4fad-8b08-e66bd962f4f9', 'ka-b2c'),
('c6a16148-83b4-4f3c-a207-b05ae8a7aef2', 'ka-b2c'),
('d02fbb10-0db7-4a02-9ed1-0f36fe4eb092', 'ka-b2c'),
('a1bcfd0f-961e-4442-b2bd-e50f60380094', 'ka-b2c'),
('640ac3e4-6050-4633-923e-fd05a7f0d354', 'ka-b2c'),
('ceb09aec-47f6-4439-af0b-365aeb6fb204', 'ka-b2c'),
('07ba37bc-7c1d-47a9-9f44-10145fe9ee02', 'ka-b2c'),
('3aed705d-e14b-46f2-9364-0467233a6be0', 'ka-b2c'),
('e2b29e63-9aa7-4b6a-8c8c-cdc838e558fd', 'ka-b2c'),
('d3f25d24-5892-4b47-8cf7-d985a7b1fb01', 'ka-b2c'),
('fa0f2c51-c2f4-4575-a22d-792791450cef', 'ka-b2c'),
('2453d7da-57e6-4992-8918-5fb213de2f5f', 'ka-b2c'),
('6f855bb8-253a-40bb-b498-610461867de0', 'ka-b2c'),
('6a1896cd-d0a5-4e48-a931-4e23e4a78c76', 'ka-b2c'),
('bd0161d3-3829-49ad-9e24-d0a2c02d323c', 'ka-b2c'),
('6f78a6a1-562e-4fd0-a9bd-ae07ea3defb2', 'ka-b2c'),
('17fbb7b5-4da8-4d7f-b6e6-480051a368f6', 'ka-b2c'),
('865be9eb-b846-4f10-aed1-90738fdf5314', 'ka-b2c'),
('84d63de9-d8fd-4ee3-b860-31e091dff828', 'ka-b2c'),
('4dd47e00-4845-4d5b-b1de-059c0c64caeb', 'ka-b2c'),
('ecb8ddb3-604b-4373-b57f-1738aae56a7f', 'ka-b2c'),
('d8076d7c-eaef-4a0a-a51e-05eaa54c6734', 'ka-b2c'),
('64209a95-f6d7-4633-9de1-745d7eb5a564', 'ka-b2c'),
('9d66f422-813a-4abf-9322-8afbffd9fc25', 'ka-b2c'),
('2ac49819-f7a8-439c-897e-b25cc38cd6c1', 'ka-b2c'),
('c63d0659-3741-4e92-b6af-713e869c5129', 'ka-b2c'),
('1ff5211e-d1bd-48dd-b6f7-4c6be9afa54f', 'ka-b2c'),
('838b234b-752a-44c7-a23c-89a964e0dd4f', 'ka-b2c'),
('f3b8acdf-5178-43fc-bf23-04d187686524', 'ka-b2c'),
('2f55edce-e3ce-4a18-aaab-b2179df143fb', 'ka-b2c'),
('eb4ccae4-7257-44d4-8aa3-8fbbaadbd25e', 'ka-b2c'),
('7b5264d1-9e6c-4c96-8b41-e00fbbb334c0', 'ka-b2c'),
('a4d85a0d-6a2c-45e5-8673-76b18da0d440', 'ka-b2c'),
('c91bf9d8-7e5d-4402-b709-765682a8bb06', 'ka-b2c'),
('26d40ded-1e2b-45a2-863e-726d68eeb8c4', 'ka-b2c'),
('1bb6553d-07ea-4b0f-ab2b-06cd8a4fdd16', 'ka-b2c'),
('574f555d-dc0b-4112-9a1b-38b8ad849d87', 'ka-b2c'),
('07f24174-856d-46b5-b5ed-58f3435c4605', 'ka-b2c'),
('2afaa22a-cf07-4801-8987-feb35c047d12', 'ka-b2c'),
('b82c3730-d5c8-4afe-92eb-e985e6df00d1', 'ka-b2c'),
('1a4d9108-9654-4225-bef6-d356724eeb3c', 'ka-b2c'),
('0eb6c27b-d5b1-44e5-b3b1-4c4093ee3ef1', 'ka-b2c'),
('5362ad74-be20-4d9a-ac7f-299d9efb3078', 'ka-b2c'),
('08d8edf7-6332-43b2-846e-af23d6df4c08', 'ka-b2c'),
('f82f01ac-f6bd-49e3-b450-454971a5673c', 'ka-b2c'),
('3528b05b-ca2e-44d7-9f80-b0d2caf27bdd', 'ka-b2c'),
('0e887fa6-b6f5-4d61-b998-bd49a8e3e14c', 'ka-b2c'),
('97a63d82-72f5-4135-ae66-caadaec59e1d', 'ka-b2c'),
('80bf1307-4a76-442f-80d2-cb69f5807c80', 'ka-b2c'),
('b5b8270f-9e29-4581-9e4b-53b77cf52aa2', 'ka-b2c'),
('bcb57636-e64a-4508-8642-d0dac603207a', 'ka-b2c'),
('8d0992d3-59f7-4051-b20e-e946dca5a8be', 'ka-b2c'),
('93895e53-d85f-49bd-8445-0c330cdd5f31', 'ka-b2c'),
('f74fae1b-85a2-4ccb-bc60-e7f0037bc273', 'ka-b2c'),
('f3bf5eff-6297-4450-99b7-9d2313e9b65a', 'ka-b2c'),
('c326cf86-d447-4e18-a695-c3e5e8713f9c', 'ka-b2c'),
('e817aed3-5ede-418c-b41d-9f49f5cd98a9', 'ka-b2c'),
('b2696bef-711d-4282-989f-402a82b12342', 'ka-b2c'),
('887e04eb-081f-49a8-acb9-f9daf02b908a', 'ka-b2c'),
('49941a5e-77b9-4622-acb1-d40170df63f8', 'ka-b2c'),
('8f61d3d9-3375-4717-a8c0-3c6f56bca1a2', 'ka-b2c'),
('f5d7b261-5e3f-43fc-810f-4059c5c62aec', 'ka-b2c'),
('0933eb5f-3827-4070-8b45-fbee9748652a', 'ka-b2c'),
('2a850dc3-f432-4440-beaf-1f14df1697a8', 'ka-b2c'),
('23fcfc87-4779-404d-825b-fac12dc13011', 'ka-b2c'),
('d5c59ccc-586e-423f-bf5d-873b7029961f', 'ka-b2c'),
('4d7db5b7-e721-4f30-b618-8c969d89bee2', 'ka-b2c'),
('a4fb5f17-daaa-402b-894f-83d470aedbcf', 'ka-b2c'),
('188ac3aa-1a16-48a7-8c59-c079c90f5ca5', 'ka-b2c'),
('c68b464e-4696-4a1b-ac0b-4f12d8e9e15f', 'ka-b2c'),
('80a4da39-40be-4ac8-bdea-8c1a3f58cd6c', 'ka-b2c'),
('c07a96a4-adf0-43cb-aac2-54aaab5630e5', 'ka-b2c'),
('3a4c7b54-3af0-4a18-837c-31f54624da9e', 'ka-b2c'),
('3fae6ab2-e0e1-4f28-92ac-33f86b1f7772', 'ka-b2c'),
('8b7f16a2-2da2-4607-a0c2-e18f1a1944a9', 'ka-b2c'),
('c7308cf4-9633-440f-a8d3-7bd6aff90f44', 'ka-b2c'),
('7096261b-46f1-4ff7-859f-f447e868e576', 'ka-b2c'),
('cd035956-0251-4c73-aaed-5b12ab18d76a', 'ka-b2c'),
('952dd73f-12ef-4a0a-aab9-ad65a4096504', 'ka-b2c'),
('ddc4e481-3392-4bd4-a376-f76d72cccc56', 'ka-b2c'),
('67646ebc-3357-4c84-885a-8fdec467c114', 'ka-b2c'),
('b2786aa9-f01c-4524-a181-03e26d5658ce', 'ka-b2c'),
('7b6d3a99-7b5c-433f-b085-a4572b836d50', 'ka-b2c'),
('15e31957-5fba-44b5-88bb-04618587d671', 'ka-b2c'),
('e895f4c6-2188-48b1-b920-4e18daf52898', 'ka-b2c'),
('765efc80-8cc6-4d55-b8f1-17149ecfe4a0', 'ka-b2c'),
('aaaf3216-504e-465f-bdc2-661bc94ae4af', 'ka-b2c'),
('3d55aeaf-07de-45ee-8cfa-6a9b0f5919d1', 'ka-b2c'),
('77623b96-36ea-4163-94d4-2352c49669af', 'ka-b2c'),
('08f9965c-1f73-4bcb-b01f-4e4d0196fef0', 'ka-b2c'),
('c48d8e2f-d7ff-46cb-a538-30a97aa682b2', 'ka-b2c'),
('ba28388a-905f-499a-b5ce-f77e91e18b18', 'ka-b2c'),
('cd872d22-30a3-4e70-b937-f4a70014541a', 'ka-b2c');
