-- Batch 126 (200 records)
INSERT INTO contacts (id, first_name, last_name, email, phone, company, address) VALUES
('3fba31e3-8f43-43ec-9216-5a15c2a9b2ac', 'von Peschke Hanspeter und Kathrin', '(-Staub)', 'kvonpeschke@swissonline.ch', '41793002614', NULL, 'Müslinweg 10, 3006 Bern, BE'),
('fecc5ca0-3433-4b5c-bab9-57d33dda16a9', 'von Reding', 'Madleina', 'kontakt@madleinavonreding.com', '41794797282', NULL, 'Brisenstrasse 16, 6370 Stans, NW'),
('39ba4f30-3fdc-45ff-9fc8-0ceee64cdf98', 'von Reding Maria und Martin', '(-Etter)', 'martin@vonreding.com', '41793418888', NULL, 'Bumeli 1, 6410 Goldau, SZ'),
('f694d1cf-7804-4c3a-add8-306ab8b50e65', 'von Roeder', 'Brigitte', 'b.v.roeder@gmx.ch', '', NULL, 'Herzentalstrasse 22, 4143 Dornach, SO'),
('45159ec8-0025-41e1-924c-05e35f26147a', 'von Rotz', 'Hans', 'hvr@bluewin.ch', '', NULL, 'Erlenweg 57, 6390 Engelberg, OW'),
('055fee8a-164e-4265-954c-390be5cb2067', 'von Rotz Hans-Peter und', 'Katja', 'hpvonrotz@bluewin.ch', '41797757376', NULL, 'Arvenweg 2, 6066 St. Niklausen OW, OW'),
('e0430297-425f-4c74-84c3-fa6ebdb56b86', 'von Salis Albert (-de', 'Carvalho)', 'kaffeetechnik@vonsalis.com', '', NULL, 'Hauptstrasse 33/35, 9477 Trübbach, SG'),
('eff7f5eb-01db-425e-8795-78d40c2d2b4b', 'von Salis', 'Radolf', 'radolf@bluewin.ch', '', NULL, 'Stutzring 4, 4434 Hölstein, BL'),
('ba76ec75-787b-41e1-9463-b3cc2b7ea4a2', 'von Salis Thomas und Elisabeth', '(-Schindler)', 'thomas.vonsalis@hin.ch', '', NULL, 'Guggerstrasse 18, 8702 Zollikon, ZH'),
('1ffee85a-9ccc-4d20-afd6-0cf816ff60d4', 'von Schulthess Rechberg Gustav und', 'Yela', 'yela.vonschulthess@bluewin.ch', '41793404201', NULL, 'Susenbergstrasse 79, 8044 Zürich, ZH'),
('50336ef1-335c-4062-88a2-93795d809a88', 'von Schulthess Tobias und Annette', '(-Mettler)', 'vonschulthess@ent-rollen.ch', '', NULL, 'Hafnerwaldstrasse 13B, 9012 St. Gallen, SG'),
('f0eee339-589a-4b74-b359-6e9a33862d86', 'von Senger', 'Gery', 'gvonsenger@gmx.ch', '41794688068', NULL, 'Aeschstrasse 4A, 8127 Forch, ZH'),
('6efe8d45-bb83-4bc1-b1da-7d551ead4b4b', 'Von Seth', 'Frank', 'frankvonseth@mac.com', '41796545350', NULL, 'Brunaustrasse 39, 8002 Zürich, ZH'),
('08fb0c3b-c991-48d7-9d56-79bc89d62ff1', 'von Siebenthal', 'Bernhard', 'beni1@datacomm.ch', '', NULL, 'Belchenstrasse 6, 4612 Wangen b. Olten, SO'),
('d2c51af6-c081-459d-86d4-4a66b217d419', 'von Siebenthal', 'Cornelia', 'c.vonsiebenthal@bluewin.ch', '41787418120', NULL, 'Mühlhalte 4, 3754 Diemtigen, BE'),
('c9ab883a-c91e-4726-b825-c1de55905951', 'von Siebenthal Kurt und Monika', '(-Reichenbach)', 'kurtv7thal@bluewin.ch', '41793288304', NULL, 'Sonnige Lauenenstrasse 46, 3782 Lauenen b. Gstaad, BE'),
('c106ecbe-bc04-4548-a288-d29dd42e7ba8', 'von Sinner Alex', '(-Vischer)', 'info@vonsinner.com', '', NULL, 'Engelgasse 8A, 4052 Basel, BS'),
('cce8d447-b155-444c-930a-88cbebb8d1a3', 'Von Steiger Anke', '(-Langeheine)', 'a-n-vonsteiger@bluewin.ch', '', NULL, 'Florastrasse 17, 3005 Bern, BE'),
('cee03963-808f-482e-a96c-4778b958b3bf', 'von Wartburg', 'Andreas', 'andreas.vonwartburg@bluewin.ch', '41795432265', NULL, 'Dinkelweg 5, 3400 Burgdorf, BE'),
('fd461a1a-645a-4f57-aad1-5478a0826f05', 'von Wartburg', 'Felix', 'felix@fotoakademie.ch', '41795655465', NULL, 'Ulmenstrasse 8, 6003 Luzern, LU'),
('405bd694-ed71-4cdf-b121-67429ed49bda', 'von Wartburg', 'Matthias', 'mail@matthiasvonwartburg.ch', '41795904022', NULL, 'Mittelstrasse 15, 2560 Nidau, BE'),
('b1c08e7f-8bfa-493d-aace-e2f84808d2f7', 'von Wartburg Reto und Baumann', 'Silvia', 'retovonwartburg@bluewin.ch', '41792421579', NULL, 'Erlenmatte 31, 6020 Emmenbrücke, LU'),
('a8007182-b3d0-451c-b5cd-f129c4f178db', 'von Wartburg Urs und', 'Anita', 'von_wartburg@yahoo.com', '', NULL, 'Neudorfstrasse 16, 6312 Steinhausen, ZG'),
('621e91a7-aea1-4fae-ba93-a8d4abd5ec69', 'von Wattenwyl', 'Bernard', 'bernardo@ch.evnettravel.com', '', NULL, 'Uttiggut 1, 3628 Uttigen, BE'),
('5f828922-8482-4941-a665-943c003b14e3', 'Von Weissenfluh Andreas u. Claudia', '(-Rüttimann)', 'vonweissenfluh@bluewin.ch', '', NULL, 'Hondrichstrasse 89, 3702 Hondrich, BE'),
('f56b2d95-9d3d-471d-b235-2178a915651e', 'von Weissenfluh', 'Christian', 'v.weissenfluh@bluewin.ch', '', NULL, 'Wildenrüti 422B, 3661 Uetendorf, BE'),
('ec16ab33-5dde-45b1-8096-7233c3fbcff4', 'von Weissenfluh', 'Theres', 'theres@quicknet.ch', '41792092416', NULL, 'Alpbachstrasse 10, 3860 Meiringen, BE'),
('b2b6745c-15a2-4c16-95c4-dbbe646072c8', 'von Wild Götz und', 'Franzisca', 'bwanandeke@bluewin.ch', '41786411078', NULL, 'Bahnhofplatz 2, 3011 Bern, BE'),
('9b409967-3e68-4f7c-be8e-8236e6006b31', 'von Wyl', 'Beat', 'beat.vonwyl@hotmail.com', '41799549215', NULL, 'Brünigstrasse 82, 6074 Giswil, OW'),
('89cd37f7-11ca-4343-9031-8ab29ec9b026', 'von Wyl', 'Hugo', 'hvonwyl1@mmm.com', '', NULL, 'Alte Landstrasse 16, 6055 Alpnach Dorf, OW'),
('7756a6f0-8543-4d0c-bbf9-e57c389393aa', 'von Wyttenbach Thomas u. Manuela', '(-Etter)', 'tvw@bluewin.ch', '', NULL, 'Bahnhofstrasse 15, 6460 Altdorf UR, UR'),
('c860a15c-53ee-4952-bf15-46d71b017949', 'Vona Spartano', 'Salvatore', 'salvatorevona@hotmail.com', '', NULL, 'Allmendring 6, 6373 Ennetbürgen, NW'),
('0724165e-79c0-459f-a542-be4e18191f29', 'Vonaesch Martino und', 'Marianne', 'mevz@bluewin.ch', '', NULL, 'Goethestrasse 30, 9008 St. Gallen, SG'),
('ab28da77-a677-476d-b669-d975d6452a81', 'Vonarburg', 'David', 'info@bauernhofglace.net', '41774599839', NULL, 'Adelwil 11, 6203 Sempach Station, LU'),
('c543b5d2-15d8-46d8-8ad2-ccc04cc2b6a0', 'Vonarburg Josef und Manuela', '(-Brechbühl)', 'fam.vonarburg@bluewin.ch', '41792482952', NULL, 'Dorfmattweg 35, 3110 Münsingen, BE'),
('0a023f83-d530-4450-8eba-902f9e6c47a0', 'Vonarburg', 'Thomas', 'vonith@swissonline.ch', '41763307060', NULL, 'Chänelmatt 13, 6026 Rain, LU'),
('1c690554-1518-4f2b-a471-c782687beaf3', 'Vonäsch', 'Heinz', 'heinz.vonaesch@gmx.ch', '41794155556', NULL, 'Stapfenstrasse 53b, 3098 Köniz, BE'),
('89337a83-2100-4ced-9b34-d19037202640', 'Vondeling Zogg Hans und', 'Eveline', 'weavex@sunrise.ch', '', NULL, 'Sägestrasse 15, 8355 Aadorf, TG'),
('702259b8-ca79-4f56-ba85-a4992134f6a8', 'Vonder Mühll Valentin und Monika', '(-Bucheli)', 'valentin.vondermuehll@altamira.ch', '', NULL, 'Obere Dorfstrasse 65, 4126 Bettingen, BS'),
('65f111f9-6d63-4f57-949c-708ca86a6eee', 'Vonderschmitt', 'Gregor', 'info@simple.ch', '', NULL, 'Am Chatzebach 18, 4104 Oberwil BL, BL'),
('3b2e8fbe-7b36-42a6-bb88-af1192bc950a', 'Vondrasek Andrea e Claudia', '(-Vetter)', 'vondrasek@bluewin.ch', '41798187640', NULL, 'Quadrellas 61B, 7503 Samedan, GR'),
('cb9be830-4133-4adb-a331-be8dc7d405bf', 'Vonesch', 'Marcel', 'info@vones.ch', '', NULL, 'Schuelgässli 3, 8455 Rüdlingen, SH'),
('0ac3b9f6-558a-4bf9-8035-5d2e334cf28e', 'Voney', 'Hans', 'hans.voney@helvetia.ch', '41796069449', NULL, 'Im Zöpfli 25, 6026 Rain, LU'),
('829e3529-6f73-4dd5-9363-089383d25686', 'Vonlanthen', 'Beatrix', 'be_vonlanthen@bluewin.ch', '', NULL, 'Industriestrasse 26, 8304 Wallisellen, ZH'),
('3605163b-4379-43e0-ab8d-5549a49d14e9', 'Vonlanthen', 'Martin', 'tiun@bluewin.ch', '41799156070', NULL, 'Oeystrasse 33, 3792 Saanen, BE'),
('38e30e4e-bd0f-4d33-8a0b-c963e03ae17e', 'Vonlanthen Moritz und Anna', '(-Stampfli)', 'momo-saanen@bluewin.ch', '41794449088', NULL, 'Gstaadstrasse 10, 3792 Saanen, BE'),
('2fa84181-4e92-4577-b1b2-053a8ff55178', 'Vonlanthen', 'Romy', 'romy.vonlanthen@bluewin.ch', '41792805212', NULL, 'Oberdörfli 880, 8723 Rufi, SG'),
('2bb4cc9e-5e70-4ea6-bf47-170b3cd8b21b', 'Vonlaufen', 'Rolf', 'info@vedasana.ch', '41793609533', NULL, 'Ober Emmenweid 21, 6020 Emmenbrücke, LU'),
('a3b64398-1edd-479a-ae24-1612de34aa84', 'Vonmoos Franziska und Peter', '(-Rahm)', 'info@vonmoosstein.ch', '', NULL, 'Hauptstrasse 72, 4457 Diegten, BL'),
('5f84291a-919e-4ead-befc-4d8396d6eda1', 'Vonow Christian u. Maya', '(-Marti)', 'c.vonow@bluewin.ch', '', NULL, 'Rainstrasse 129, 8143 Stallikon, ZH'),
('a1881aa1-94b7-4e6a-b567-ebfc871e1f8e', 'Vonplon Diego', '(-Schicker)', 'info@vonplon.ch', '', NULL, 'Sonnrain 11, 6340 Baar, ZG'),
('0acb319a-96e0-4f8c-837f-a353a732711b', 'Vonplon', 'Rudolf', 'info@vonplon.ch', '', NULL, 'Büessikon, 6340 Baar, ZG'),
('b09660b8-4ad6-4712-abad-e4ced15de596', 'Vontobel Beat und Barbara', '(-Weibel)', 'bvontobel@email.ch', '', NULL, 'Alte Rutschwilerstrasse 41, 8442 Hettlingen, ZH'),
('a9834e78-7555-4368-9cfc-32925534a169', 'Vontobel', 'Coiffeur', 'coiffeurvontobel@gmail.com', '', NULL, 'Forchstrasse 50, 8704 Herrliberg, ZH'),
('b164fbff-d96a-4841-ade7-1a025db8e627', 'Vontobel Erich u. Ruth', '(-Sollberger)', 'evontobel@bluewin.ch', '', NULL, 'Sunnentalstrasse 6, 8633 Wolfhausen, ZH'),
('8a150358-d68e-45a4-966b-8c1e3e8c1bd9', 'Vontobel', 'Evelyn', 'evelyn.vontobel@bluewin.ch', '41774533378', NULL, 'Längimoosstrasse 7, 3075 Rüfenacht BE, BE'),
('eb934d82-9daf-465d-bdde-769dde413aec', 'Vontobel', 'Hano', 'hano@email.ch', '41794519421', NULL, 'Büelstrasse 20, 8636 Wald ZH, ZH'),
('f51c8793-14fe-4509-9533-f6091500d1ce', 'Vontobel Jürg', 'O.', 'jvonty99@gmail.com', '41767611886', NULL, 'Schlüchtern 18, 3150 Schwarzenburg, BE'),
('6a61f9e5-3b80-4a43-a2a2-b1f9f84bfdc8', 'Vontobel', 'Patrick', 'abcwinterthur@bluewin.ch', '41798374249', NULL, 'Mörsburgstrasse 3, 8404 Stadel (Winterthur), ZH'),
('a13c8061-262b-4f73-be28-53aa0d9354f1', 'Vonzun', 'Jachen', 'jachen.vonzun-lapunt@bluewin.ch', '41796314422', NULL, 'Gulas 9, 7522 La Punt Chamues-ch, GR'),
('de36e89b-48d9-49d7-a190-2e1370b77ad4', 'Vorburger François u. Beatrice', '(-Weber)', 'fvorburger@ggaweb.ch', '', NULL, 'Aeschstrasse 116, 8123 Ebmatingen, ZH'),
('73ddc3f5-b500-4631-b6d6-8b1a5e9c2517', 'Vorburger', 'Martin', 'm.vorburger@bluewin.ch', '', NULL, 'Lärchenstrasse 4, 9240 Uzwil, SG'),
('2363009e-b33c-45ba-ae82-77b92b63bb70', 'Vorburger Silvio und Ursula', '(-Keller)', 'silvio_vorburger@hotmail.com', '41796958465', NULL, 'Oberhofstettenstrasse 51, 9012 St. Gallen, SG'),
('85819a89-1984-4abf-88e9-f302d10f1bbe', 'Vorhang & Innendekorationsatelier Verena', 'Lustenberger', 'verena.lustenberger@bluewin.ch', '41793794911', NULL, 'Rossmärt 6, 6123 Geiss, LU'),
('be4cb7c2-4628-48e8-af93-6959f25915e9', 'Vorholz', 'Evelin', 'evelin@vorholz.ch', '', NULL, 'Höflistrasse 120, 8135 Langnau am Albis, ZH'),
('c81c18f9-b36c-46e7-b33c-2971676f53e2', 'Vorpe', 'Maryline', 'domainemaryline@gmail.com', '', NULL, 'La Chaux-d''Abel 61, 2333 La Ferrière, BE'),
('c155a646-6d49-4b9d-b5c6-e4041210dc95', 'Vorpe Maryline &', 'Jérémi', 'marylinevorpe@bluewin.ch', '', NULL, 'Rue de l''Envers 24A, 2710 Tavannes, BE'),
('3b6c0963-4b25-4779-b400-660940402e54', 'Vorpe Nancy', '(-Lutringer)', 'nancy.crepes@bluewin.ch', '41794008016', NULL, 'Milieu du Village 10, 2732 Saules BE, BE'),
('4f105cb5-d426-4840-8e15-6af8a37cdb9f', 'Voser', 'Christian', 'christian.voser@gmail.com', '41796952981', NULL, 'Dorfstrasse 40, 5432 Neuenhof, AG'),
('1301db8e-5582-4b32-bc3e-633dab1fca71', 'Voser', 'Marie-Louise', 'marielouise.voser@freesurf.ch', '41792622376', NULL, 'Le Champat 17, 2744 Belprahon, BE'),
('884019bd-4cb6-413a-bf51-e975657c5ef4', 'Voser', 'Walter', 'waltervoser@bluewin.ch', '', NULL, 'Sonnrainweg 27, 5430 Wettingen, AG'),
('a51d383f-081d-4385-9b2b-5366a8962ec1', 'Voss Herbert', 'H.', 'hvoss@ggaweb.ch', '41796634537', NULL, 'Blattenstrasse 20, 8603 Schwerzenbach, ZH'),
('8830f47b-9ce4-4845-ae28-b4af6d21d41f', 'Vossen', 'Michaela', 'michaela@vossentraining.ch', '', NULL, 'Räbmatt 3, 6403 Küssnacht am Rigi, SZ'),
('c5f1f9cd-c19d-4370-9f5f-5851bda8760f', 'Votta', 'Sandro', 'sandrovotta@hotmail.com', '41795743970', NULL, 'Kochstrasse 3, 8004 Zürich, ZH'),
('abdc6ef5-db9d-4f22-957b-bd688460448e', 'Vouets Willy', '(-Buisset)', 'vouets@swissonline.ch', '', NULL, 'Försterweg 10, 5242 Birr, AG'),
('065b22e0-5a11-4502-a998-70c24e2e2baf', 'Vouillamoz Charles-Henri', '(-Brun)', 'charles.vouillamoz@swissonline.ch', '41796441983', NULL, 'Horngasse 2, 8802 Kilchberg ZH, ZH'),
('e526fcb5-0178-4d57-8fe8-0589b7896fc3', 'Vouillamoz Lucien et', 'Sabine', 'sabine.vouillamoz@gmail.com', '41788208450', NULL, 'Dorfstrasse 31, 8835 Feusisberg, SZ'),
('331a1b3c-a302-4a29-be76-a4aabdeddb9a', 'Voumard Michel et Jacqueline', '(-Maître)', 'micouvou@hotmail.com', '41793084264', NULL, 'Rue Virgile-Rossel 9, 2720 Tramelan, BE'),
('55ab80ed-8bb4-450e-9849-e8b52f5f6f7b', 'Voumard Serge et Monique (-von', 'Allmen)', 'serge.voumard@bluewin.ch', '41786737515', NULL, 'Les Reussilles 17B, 2722 Les Reussilles, BE'),
('7f09eb13-b492-4144-ad17-457fd2b28ec9', 'Voyame', 'Lucien', 'l.voyame@wbag.ch', '41793540449', NULL, 'Schulgässli 15, 3627 Heimberg, BE'),
('765a3ee3-2bf3-4241-bbb9-9a11afd6a54a', 'Vrancken', 'Ben', 'info@waldburg-praxis.ch', '', NULL, 'Rudi Dado 1, 7018 Flims Waldhaus, GR'),
('e024c009-1a97-4002-83b4-18eeabe02b7b', 'Vrastyak', 'Peter', 'mediclever@hin.ch', '', NULL, 'Comercialstrasse 19, 7000 Chur, GR'),
('0ef777cd-7c89-428e-9b48-8e4f0eb60c6a', 'Vu Phac', '(-Kong)', 'phac_vu@hotmail.com', '41791354235', NULL, 'Bahnhofstrasse 26, 8222 Beringen, SH'),
('e0e65693-4d0e-4f7f-a203-6a5f99274135', 'Vucer', 'Marijo', 'luka-markierung@hotmail.ch', '41762448711', NULL, 'Sprengimatt 8, 6020 Emmenbrücke, LU'),
('fec6432b-71ed-44f8-b783-98790905da0d', 'Vuerich', 'Silvia', 'engadiner@yahoo.it', '', NULL, 'Somvih 3, 7524 Zuoz, GR'),
('7d635956-5375-435a-9b89-3cfaa08b773d', 'Vuillemin Michel et', 'Verena', 'vuillemin_michel@bluewin.ch', '41796393484', NULL, 'Chemin du Rêche 13, 2520 La Neuveville, BE'),
('0c22cb01-4e16-41e8-aac7-3cdc5f2a7dae', 'Vuillemin Susi und Daniel', '(-Käufeler)', 'sv@vedv.ch', '', NULL, 'Gassackerstrasse 12, 3033 Wohlen b. Bern, BE'),
('8baac320-cb76-4972-a2cd-1ac9ba031fd4', 'Vuilleumier', 'Eric', 'tiolu@bluewin.ch', '41795760840', NULL, 'Clos des Jardins 5, 2715 Monible, BE'),
('68500df9-c9dc-4b94-92b6-37d085b68f7e', 'Vuilleumier', 'Johann', 'johann.vuilleumier@caramail.com', '41792235165', NULL, 'Grand-Rue 141, 2720 Tramelan, BE'),
('ba8d3923-3100-4813-8607-5fa9b7128ccd', 'Vuilleumier', 'Michel', 'm.vuilleumier@freesurf.ch', '', NULL, 'Rue de la Promenade 27, 2720 Tramelan, BE'),
('8f2221e3-2f03-4fc9-a921-3b4c27cb8261', 'Vuk Erich', 'A.', 'erich.a.vuk@bluewin.ch', '41794313708', NULL, 'Via Alpsu 4/29, 7188 Sedrun, GR'),
('742eb27b-c3ed-4de2-9300-7cd1963ed24e', 'Vukovic', 'Jasmina', 'info@jorky-reinigung.ch', '41767101077', NULL, 'Anton-Julius-Eggstein-Gasse 1, 6005 Luzern, LU'),
('2350f301-7387-4791-af9c-77724be36202', 'Vuletic Milena und', 'Nikola', 'vuletic@hispeed.ch', '', NULL, 'Kiefernweg 14, 8057 Zürich, ZH'),
('4dc0a77e-b87f-4b37-91af-84e561c4c426', 'Vural Mustafa und', 'Gülbahar', 'mustafa.vural1@hotmail.com', '', NULL, 'Am Feutschenbach 9, 9542 Münchwilen TG, TG'),
('6c7703d4-e09e-43ac-82fe-0b3829740974', 'Vyvial Ludvik und Alena', '(-Baron)', 'vyvial@bluewin.ch', '41794224277', NULL, 'Kanzleistrasse 70, 8004 Zürich, ZH'),
('e3d9d141-e4e0-4337-bd6f-cd86b9e382f8', 'Waber Andreas und Iris', '(-Bigler)', 'waberandreas@gmail.com', '41796689078', NULL, 'Schlossgutweg 44, 3073 Gümligen, BE'),
('9c14876e-9454-4947-a381-b3cdb20df7d4', 'Waber', 'Manuel', 'manuel.waber@bluewin.ch', '41794118664', NULL, 'Tannenhofstrasse 3, 3629 Kiesen, BE'),
('7ceb9269-3b6e-42b0-b581-b3dbb7fada5e', 'Wäber Maya', '(-Steiner)', 'maya.waeber@gmail.com', '41762486547', NULL, 'Hochstrasse 107, 8044 Zürich, ZH'),
('fb014b70-714f-437c-99e8-5cdc9409a426', 'Wächli', 'Sven', 'mail@sven.ch', '', NULL, 'Wartstrasse 3, 8032 Zürich, ZH'),
('57e0651d-3be9-47af-8a22-fadcabee2db8', 'Wachter', 'Bruno', 'bruno.wachter@gmx.ch', '41794650032', NULL, 'Gallis 708, 9651 Ennetbühl, SG'),
('2001a205-d369-4b86-aa5a-6ec09932b287', 'Wachter Gilbert und Susann', '(-Widmer)', 'susann.wachter@bluemail.ch', '', NULL, 'Bäumlihofstrasse 129, 4058 Basel, BS'),
('1d0b0f1c-eb67-4c33-82a5-11785a065974', 'Wächter Hesse', 'Vreni', 'vreniwaechter@compuserve.ch', '', NULL, 'Klusstrasse 32, 8032 Zürich, ZH'),
('6a99c00e-4c0d-4e9a-bce6-359641b15b7a', 'Wachter', 'Jacqueline', 'info@musikwachter.ch', '41792188215', NULL, 'Frauholzstrasse 25, 6422 Steinen, SZ'),
('7076cda4-14fe-4be1-829f-13b9f7c22527', 'Wächter Josef und Irène', '(-Fankhauser)', 'hagwiese@bluewin.ch', '', NULL, 'Hagwiesenstrasse 33, 3122 Kehrsatz, BE'),
('6c6e35e8-c0ef-47a2-8f09-ad41edda9bee', 'Wachter', 'Sonja', 'sonja.wht@bluewin.ch', '41793463678', NULL, 'Stadtergasse 21, 8887 Mels, SG'),
('99e700fb-ce56-4ef4-9bae-89610819e799', 'Wachter', 'Urs', 'urs.wachter@gmx.ch', '', NULL, 'Hüttli 119, 5727 Oberkulm, AG'),
('b3d18747-f0c3-4caf-9bc2-50b8d5b961d3', 'Wacker Bruno und Beatrice', '(-Leutert)', 'bruno.wacker@bluemail.ch', '', NULL, 'Wohlenschwilerweg 15, 5507 Mellingen, AG'),
('04d7821f-14e7-423c-81d8-583558d60642', 'Wacker Edgar u.', 'Christine', 'e.wacker@bluewin.ch', '', NULL, 'Chrüzliacherstrasse 38, 2544 Bettlach, SO'),
('baf67133-e723-4624-ab8f-345c957260b4', 'Wacker', 'Hansruedi', 'hrwacker@bluewin.ch', '', NULL, 'Untere Brünishalde 11, 5619 Büttikon AG, AG'),
('bba6207a-aa88-4ea3-b646-b38b77494fcf', 'Wacker', 'Michael', 'michael.wacker@greenplanet.ch', '41792061688', NULL, 'Bärengasse 2, 4800 Zofingen, AG'),
('2da8174d-2988-4c55-a19c-59974512feb4', 'Wacker Urs und', 'Susanne', 'immo.ht@gmail.com', '41796747041', NULL, 'In der Bänklen 25, 8802 Kilchberg ZH, ZH'),
('0a828cb1-77c4-4d18-a046-ab14839b713b', 'Wäckerlin Christa und Hans', '(-Thommen)', 'a&p@bluewin.ch', '', NULL, 'Mettlenstrasse 15, 8217 Wilchingen, SH'),
('f8c3a386-858b-44d8-9c85-3020fe09e781', 'Wäckerlin Heidi', '(-Kormann)', 'jhwaeckerlin@bluewin.ch', '', NULL, 'Tannenstrasse 55B, 8424 Embrach, ZH'),
('00f627d2-5d98-42f7-9162-34298ef9d0bd', 'Wäckerlin', 'Romano', 'waeckerlin42@bluewin.ch', '41792823286', NULL, 'In der Schwerzi 5, 8617 Mönchaltorf, ZH'),
('18935d4a-174d-4dd7-a222-c988b69a61b7', 'Wäckerlin', 'Ruth', 'rwaeckerlin@bluewin.ch', '', NULL, 'Gulmstrasse 14B, 6315 Oberägeri, ZG'),
('44bcda81-da6c-4ac2-911e-e06bea37284f', 'Waddell', 'Oliver', 'oliver@waddell.ch', '41794195928', NULL, 'Agnesstrasse 19, 8004 Zürich, ZH'),
('5d7f9dc8-c108-4f08-b245-a2bcf5981fcc', 'Waeber Alfred', 'Paul', 'alfred.waeber@outlook.com', '', NULL, 'Burghalde 5, 5024 Küttigen, AG'),
('4bcd9aba-e604-457c-b5a5-23ab52e81ff7', 'Waeber', 'Roger', 'r.waeber@gmx.ch', '', NULL, 'Waltenschwilerstrasse 4, 5610 Wohlen AG, AG'),
('5de6ce9d-a4b0-42c4-b335-b1d02c49bd2c', 'Waeber Vital und', 'Zita', 'vwaeber@gmail.com', '', NULL, 'Karl-Stauffer-Strasse 11, 2502 Biel/Bienne, BE'),
('a58757fe-3a2b-4dee-9fd2-ee371df4ecf0', 'Waefler', 'Pierre-Alain', 'sgreidenweis@bluewin.ch', '41796077329', NULL, 'Combe du Pelu 68, 2333 La Ferrière, BE'),
('9bdd5818-7a8c-4aa0-921a-a84f69abaf7d', 'Waelchli', 'Felix', 'felix.waelchli@bluewin.ch', '41796460844', NULL, 'Schulstrasse 24, 4132 Muttenz, BL'),
('95201ee8-f6f2-423c-9d47-84d865cfe5bd', 'Waespe Käthi und Ferdinand', '(-Wyss)', 'fwaespe@bluewin.ch', '', NULL, 'Trogihalten 1494A, 3823 Wengen, BE'),
('9410d623-492b-4a73-9f28-d538aab79bc6', 'Wäfler Christian und Punya', '(-Kaewyod)', 'christian.waefler@weinsave.ch', '41792075038', NULL, 'Heidenbüelstrasse 23, 8352 Elsau, ZH'),
('ad5c02ca-0ac5-4a6f-9e55-434267ee66ef', 'Wäfler Daniel und Florina', '(-Morina)', 'waefler@uudial.ch', '', NULL, 'Tägernaustrasse 80, 8625 Gossau ZH, ZH'),
('18d5a8d3-53c1-4712-a5bd-ff70957f7c59', 'Wäfler Niklaus und Brigitte', '(-Schulthess)', 'waeflertreicheln@hotmail.com', '', NULL, 'Hanselenstrasse 88, 3722 Scharnachtal, BE'),
('fb85c07d-3d8c-419b-9e6a-a7d9f62a052e', 'Wäfler', 'Roland', 'waefler@gmx.net', '', NULL, 'Chalcheren 21, 8484 Weisslingen, ZH'),
('045d6c5d-c222-4ab7-8a1b-ebe44346f3a4', 'Wagelaar', 'Petra', 'wagelaar@bluewin.ch', '', NULL, 'Hirschengraben 9, 3011 Bern, BE'),
('4c2de138-70a5-4b92-9700-fcd9f1bcff0d', 'Wagenbach Kurt u.', 'Adina', 'wagenbach@bluewin.ch', '', NULL, 'Bidemsstrasse 43, 7310 Bad Ragaz, SG'),
('71bf23d8-9ea3-4411-b3fc-fb5d57ff2609', 'Wagenseil Ernst und', 'Käthy', 'jpwagi@bluewin.ch', '', NULL, 'Baumenstrasse 12, 8330 Pfäffikon ZH, ZH'),
('7f79c184-5083-4273-8817-d0f31c963eff', 'Wäger', 'Rolf', 'waeger17@bluewin.ch', '', NULL, 'Schlüsselstrasse 3, 8645 Jona, SG'),
('d2985b27-5a4b-4e1c-9280-3e968f55468a', 'Wägli Susanna u. Daniel', '(-Etzensperger)', 'd.waegli@spectraweb.ch', '', NULL, 'Sandbühl 30, 3122 Kehrsatz, BE'),
('e8afdbc0-6024-43db-9dd1-d0643f65af36', 'Wagmann Martin, Martin Gaetano', 'Wagmann', 'mawagmann@bluewin.ch', '41787328253', NULL, 'Rüttenenstrasse 79, 4513 Langendorf, SO'),
('521a0867-5ade-41bb-9c18-9fc5f7247993', 'Wagner', 'Albert', 'awagner@dplanet.ch', '41796006304', NULL, 'Zuckenmatt 1041, 9606 Bütschwil, SG'),
('770e114e-d839-4bdf-b456-de0741ae24ea', 'Wagner', 'Alfred', 'alf42@bluewin.ch', '', NULL, 'Küntwilerstrasse 19, 6343 Rotkreuz, ZG'),
('42666ef8-4377-474c-8339-cf3203a9aa27', 'Wagner Andreas und Heidi', '(-Felix)', 'wagner-boote@bluewin.ch', '', NULL, 'Staaderstrasse 20, 8264 Eschenz, TG'),
('e4130511-af89-4b99-a71b-10376060b34d', 'Wagner', 'Barb', 'barb@barbwagner.ch', '41786297401', NULL, 'Büelstrasse 25F, 6340 Baar, ZG'),
('1bf78195-bc52-4a5e-9ece-c17a423d2506', 'Wagner', 'Barbara', 'barbara-wagner@bluewin.ch', '41797502946', NULL, 'Käsereistrasse 1, 8593 Kesswil, TG'),
('871e04a9-4283-4cf5-ab42-392cf7b694a1', 'Wagner Beat und Elisabeth', '(-Wanzenried)', 'wagner.b@bluewin.ch', '41794288986', NULL, 'Chameracherstrasse 19, 5412 Vogelsang AG, AG'),
('57bfb7d5-42f5-42fc-b7a9-d39d1a528381', 'Wagner Ernst und Regula', '(-Spycher)', 're.wagner@besonet.ch', '', NULL, 'Dorfstrasse 2, 3472 Wynigen, BE'),
('3e5b6a01-f5cc-4fa0-b3f4-6df9a314d271', 'Wagner Erwin und Carmen', '(-Gschwend)', 'wagner@mails.ch', '41797407882', NULL, 'Schlossgasse 4a, 8570 Weinfelden, TG'),
('c6700dc1-de26-448d-a855-6c1c0f90baae', 'Wagner Franz und Renate', '(-Spiegel)', 'familiewagner@bluewin.ch', '', NULL, 'Bildfeldstrasse 48B, 9552 Bronschhofen, SG'),
('3e201c03-48ba-4960-ad35-5448fdb36d8e', 'Wagner', 'Hansruedi', 'wagner.hansruedi@bluewin.ch', '41792165250', NULL, 'Doggilochstrasse 54, 7250 Klosters, GR'),
('e5c260c7-a897-452e-a9c3-3d2f88b6a47f', 'Wagner Helmut und Pascale', '(-Lambert)', 'helpas@bluewin.ch', '', NULL, 'Brüggistrasse 22, 6072 Sachseln, OW'),
('84508fe9-dfde-4a82-b8a7-423de903c419', 'Wagner', 'Jürgen', 'dr.j.wagner@hin.ch', '', NULL, 'Gärtlistrasse 8, 8239 Dörflingen, SH'),
('2b484eab-74c0-4e4e-a1eb-397cac8f4c3a', 'Wagner Klaus', '(-Fürling)', 'klawagner@bluewin.ch', '', NULL, 'Baslerstrasse 272, 4123 Allschwil, BL'),
('c088b310-c5ed-45fe-9060-61c412e977c9', 'Wagner', 'Kurt', 'kurt.wagner@bluewin.ch', '', NULL, 'Schmittenackerstrasse 15, 4448 Läufelfingen, BL'),
('b05d8f73-356b-45c0-b777-9ce451b80fdd', 'Wagner', 'Larissa', 'kontakt@psychotherapie-praxis-wagner.ch', '', NULL, 'Neudorfstrasse 58, 7430 Thusis, GR'),
('4c9e8da0-f5a6-46f7-961d-6b05a4283ab3', 'Wagner Martine und Patrick', '(-Steiner)', 'wagner@schadenanwaelte.ch', '', NULL, 'Enzberghöhe 15A, 5073 Gipf-Oberfrick, AG'),
('6957a061-5fb3-4ee7-ab39-a29274072c28', 'Wagner', 'Nanette', 'nwagner@hispeed.ch', '', NULL, 'Wildbachstrasse 7, 8424 Embrach, ZH'),
('c525b16e-64db-4e1b-bc4c-40ab78403e5c', 'Wagner', 'Patrick', 'patrick.wagner@hotmail.com', '41796493971', NULL, 'Rosenweg 4, 3377 Walliswil b. Wangen, BE'),
('bcd77afc-1b26-4bc0-92b1-2f896680bbf7', 'Wagner Paul und Brigitta', '(-Trümpler)', 'wagner.paul@bluewin.ch', '', NULL, 'Stollen 33, 8824 Schönenberg ZH, ZH'),
('f7723639-dff6-4663-9e5d-1a799735d35e', 'Wagner Paul und Susanne', '(-Bohren)', 'wagner-bohren@bluewin.ch', '', NULL, 'Buochserstrasse 20A, 6370 Stans, NW'),
('050f072a-83d1-47f4-af7c-19e47f66a666', 'Wagner Roland', '(-Nyffeler)', 'wagner.roland@fganet.ch', '41796733862', NULL, 'Hundsackerstrasse 31, 4703 Kestenholz, SO'),
('4c29bb13-b4bd-4fd4-9e13-74885c568580', 'Wagner', 'Roman', 'info@wagner-grafiken.ch', '', NULL, 'Ramelenstrasse 9, 4622 Egerkingen, SO'),
('ea3f30eb-05f2-4f05-9020-ea533fba363e', 'Wagner Sandra und Thomas', '(-Oberholzer)', 'thom.wagner@bluewin.ch', '', NULL, 'Thal 2A, 8374 Dussnang, TG'),
('51754669-d549-4167-bd06-7b0bc2952fd5', 'Wagner Theresia', 'Johanna', 'theres.wagner@bluewin.ch', '41797404187', NULL, 'Forchstrasse 4, 8400 Winterthur, ZH'),
('75bda7fb-e1e4-4d75-8d9f-ee19f3778d24', 'Wagner Urs, Regula, Franziska und', 'Aliena', 'rewag@deep.ch', '', NULL, 'Wiesentalstrasse 176, 7000 Chur, GR'),
('c2a63c9e-dff7-4e42-b7bb-80d5168a9e14', 'Wagner Uwe Güntensperger', 'Renate', 'info@chateau-grenouille.ch', '', NULL, 'Wolfhauserstrasse 6, 8608 Bubikon, ZH'),
('b794953f-2924-4eeb-998c-6901894292c1', 'Wagner', 'Walter', 'info@holzart.ch', '', NULL, 'Schürenmatt 20, 4208 Nunningen, SO'),
('6c7d763f-1314-4e29-a7a4-79946aef815d', 'Wagner Walter und Regula', '(-Küng)', 'wagner@sms-lawyers.ch', '', NULL, 'Poststrasse 23, 9000 St. Gallen, SG'),
('e2878ad5-ab09-4a23-89a7-e099bc5809c0', 'Wagner Weibel', 'Anita', 'anita.wagner@datazug.ch', '41794567115', NULL, 'Am Sientalweg 6, 6343 Rotkreuz, ZG'),
('f7a99267-05c0-43b8-9612-d8fb40fa669b', 'Wagnon', 'Michel', 'mw.deco@hotmail.com', '41786907906', NULL, 'Mattenstrasse 5A, 2558 Aegerten, BE'),
('312a3b6d-4ab1-4cd2-b6ca-a190b80894b1', 'Wahl', 'Peter', 'p.wahl.scherz@swissonline.ch', '41792079012', NULL, 'Hauserstrasse 191, 5246 Scherz, AG'),
('c187c8e2-b5b8-416a-ad93-6299f026cae2', 'Wahl Stephan und Ursina', '(-Stähli)', 'wahl@gmx.ch', '', NULL, 'Fuhrenweg 2, 3812 Wilderswil, BE'),
('cdcd1b35-cd6f-495a-b9ca-f8a051674798', 'Wahl', 'Wolfgang', 'wwahl1@bluewin.ch', '41796365204', NULL, 'Ahornstrasse 13, 9430 St. Margrethen SG, SG'),
('b156932c-d9b3-4867-9067-60c6fc8bb954', 'Wahlen René', '(-Hofer)', 'rene.wahlen@gmx.ch', '', NULL, 'Finkenweg 6, 3267 Seedorf BE, BE'),
('9b948443-d353-4860-b5d9-12da5bf46631', 'Wähli Guido u. Susi', '(-Rüegg)', 'g.waehli@bluewin.ch', '', NULL, 'Schützenstrasse 36, 5454 Bellikon, AG'),
('5c1628c9-61e4-49f0-9ec2-04bc24a262b7', 'Wahli Yves und Christine', '(-Krähenbühl)', 'yveswahli@bluewin.ch', '', NULL, 'Rue des Mélèzes 21, 2735 Malleray, BE'),
('f55117f3-772e-462f-9e57-f775c9030505', 'Wahlich', 'Lukas', 'lukas.wahlich@epost.ch', '41792714052', NULL, 'Huepel 6, 3665 Wattenwil, BE'),
('e3e2fc9c-9a30-4b52-9b8f-98a4470e18c0', 'Wahrbichler', 'Reto', 'rwahrbichler@bluewin.ch', '41792580411', NULL, 'Langmesser 1, 5306 Tegerfelden, AG'),
('5c862a19-deee-4c96-860e-3c6c10929b7b', 'Währen Frédéric', 'Charles', 'frederic.bs@gmx.ch', '41797784260', NULL, 'Claragraben 83, 4058 Basel'),
('71fb8ecc-54d8-40f5-a942-9afd06b612fa', 'Wahrenberger', 'Urs', 'info@muehle-lamperswil.ch', '', NULL, 'Zur Mühle 1, 8556 Lamperswil TG, TG'),
('1bfec991-c880-43aa-9765-9c9765ac1a69', 'Waibel', 'Monika', 'monika.waibel@me.com', '41792638700', NULL, 'Kastelweid 243, 4204 Himmelried, SO'),
('73e38591-853c-4537-a2e9-c60ab9e7fefb', 'Wainaina Munywe James und', 'Anne', 'jwainain@webshuttle.ch', '', NULL, 'Heiselstrasse 91, 8155 Niederhasli, ZH'),
('22e8570b-e401-43dc-8e85-04a2777bd014', 'Walch Susi und', 'Armin', 'walch@bluewin.ch', '', NULL, 'Fadackerstrasse 3, 8305 Dietlikon, ZH'),
('02340d05-8573-4135-8870-76a93f29fa4b', 'Wälchli Beatrice und Thomas', '(-Gutzwiller)', 'thomas.waelchli@gmx.de', '', NULL, 'Moosgasse 24, 3232 Ins, BE'),
('ae5c4b83-a145-4192-ab1a-13e57c006cc5', 'Wälchli Erich und Wälchli', 'Simon', 'waelchli@active.ch', '', NULL, 'Breitwies 13, 8532 Warth, TG'),
('b60e912b-6415-463c-bfb6-bf9799b943e5', 'Wälchli Hansruedi', '(-Blunier)', 'barbecue@bluewin.ch', '', NULL, 'Im Raindörfli 24, 8038 Zürich, ZH'),
('46d78430-46c7-44af-82b3-f61c44664f3f', 'Wälchli', 'Markus', 'ppw@bluewin.ch', '41797513494', NULL, 'Geerenstrasse 23, 8604 Volketswil, ZH'),
('df2798a2-d0f5-4604-90e8-b35de55166ed', 'Walczak', 'Michal', 'walc@bluewin.ch', '41793766537', NULL, 'Pilgerstrasse 7, 5405 Dättwil AG, AG'),
('c18040d7-21a8-49cf-964b-4b730de79488', 'Waldburger', 'Marco', 'waldburger@gasslihof.ch', '41792128336', NULL, 'Gassli 23, 7109 Thalkirch, GR'),
('3a06c0dd-0a0d-4ebe-ad17-24a406c89e0a', 'Waldburger Max und Elsbeth', '(-Meier)', 'mwaldburger@bluewin.ch', '41797461533', NULL, 'Krummbach 16, 9055 Bühler, AR'),
('17347153-9b30-4e03-b4bc-6be0197e93e7', 'Waldburger', 'Ruth', 'ru.waldburger@bluewin.ch', '41793102967', NULL, 'Hirschiguet 6, 3636 Längenbühl, BE'),
('ee3fde6a-2579-4f64-a8ee-7891c0471a08', 'Walde Katharina und', 'Kurt', 'k.walde@bluewin.ch', '41793569078', NULL, 'Alpenstrasse 1, 8330 Pfäffikon ZH, ZH'),
('629c9029-292d-4138-93b7-574f261679ab', 'Walde Patrik und Monika', '(-Senn)', 'pw@patrikwalde.com', '41797565255', NULL, 'Rügetstrasse 193, 5077 Elfingen, AG'),
('84fff4bc-98c3-456e-9a00-01e5ec594a0c', 'Walder Carol', 'Isabel', 'pe_walder@bluewin.ch', '', NULL, 'Reuthof 4, 8574 Lengwil, TG'),
('b2588050-0b77-4317-92a7-cfba08c312a8', 'Walder', 'Edwin', 'edi.neli.walder@bluewin.ch', '', NULL, 'Laufferweg 16, 8006 Zürich, ZH'),
('01bae3db-1d45-4638-a5c2-5c3d31cfc443', 'Walder', 'Georg', 'walderkurier@bluewin.ch', '41796692937', NULL, 'Willikonerstrasse 50, 8618 Oetwil am See, ZH'),
('4a56610a-e2ff-4f1a-9787-59cf88e784f6', 'Walder Guido', '(-Svajger)', 'gwalder@bluewin.ch', '41794065330', NULL, 'Klebestrasse 18, 8041 Zürich, ZH'),
('78f65e72-29b6-4863-8d87-ed174e5ebbc5', 'Walder', 'Guy', 'guy@waldok.ch', '41794184111', NULL, 'Auf der Mauer 7, 8001 Zürich, ZH'),
('a958c046-ef2c-4afd-bcb8-a93957791e2a', 'Walder Hans', '(-Tapanes)', 'hans.walder@hispeed.ch', '41795287856', NULL, 'Wassergass 15, 8810 Horgen, ZH'),
('6dbf8382-e8d9-4f05-9e94-a3f004f95ac6', 'Walder', 'Hans-Jörg', 'hjwalder@bluemail.ch', '', NULL, 'Lindenhofstrasse 9, 8001 Zürich, ZH'),
('e4dccd4a-304c-4f8d-9c53-39f36c6a1403', 'Walder', 'Hansjürg', 'h.walder@monochrom.ch', '', NULL, 'Verenaweg 16a, 8708 Männedorf, ZH'),
('5b4bd9dc-64e8-406a-9998-b2ded0cecd19', 'Walder', 'Hansrudolf', 'aaruetihof@bluewin.ch', '41796850964', NULL, 'Aarütistrasse 38, 8192 Glattfelden, ZH'),
('f91b3186-6713-4051-97dc-6e784ceceddc', 'Walder', 'Katharina', 'katharina.walder@bluewin.ch', '', NULL, 'Speerweg 24, 8618 Oetwil am See, ZH'),
('0594411d-9a60-4162-87a6-e0443b30c656', 'Walder', 'Martin', 'martinwalder@bluewin.ch', '41796609540', NULL, 'Davos Cuort 27E, 7144 Vella, GR'),
('fe36ae35-aba5-40f4-af80-1a24619a87cf', 'Walder', 'R.', 'maaczw@gmx.ch', '', NULL, 'Studackerstrasse 1, 8953 Dietikon, ZH'),
('c0cff783-1786-4b9c-9d32-1f5c6fb9c938', 'Walder', 'Stephan', 'emil.walder@bluewin.ch', '', NULL, 'Rigi Scheidegg 75, 6410 Rigi Scheidegg, SZ'),
('baaa5456-df7a-4235-978c-93ac4a9c91cc', 'Walder', 'Urs', 'uwalder@web.de', '41798419011', NULL, 'Stifelacher 4, 8132 Hinteregg, ZH'),
('e6b3886f-7a57-449a-8217-43025df968de', 'Walder Valerie', '(-Hatton)', 'valwal@hispeed.ch', '', NULL, 'Sperrstrasse 39, 4057 Basel, BS');

INSERT INTO leads (id, contact_id, source, status, value, notes) VALUES
('91a56820-b1bd-450b-82fa-5ab6e2c51437', '3fba31e3-8f43-43ec-9216-5a15c2a9b2ac', 'KALTAKQUISE', 'ACTIVE', 0, NULL),
('549d8721-bfd6-4489-9615-bf4e1c57e5e7', 'fecc5ca0-3433-4b5c-bab9-57d33dda16a9', 'KALTAKQUISE', 'ACTIVE', 0, NULL),
('749ea7b8-4117-44ee-a5ac-7d23716e9543', '39ba4f30-3fdc-45ff-9fc8-0ceee64cdf98', 'KALTAKQUISE', 'ACTIVE', 0, NULL),
('f3e40e50-d54e-48c7-bdfa-ef4ff3d65d68', 'f694d1cf-7804-4c3a-add8-306ab8b50e65', 'KALTAKQUISE', 'ACTIVE', 0, NULL),
('5ca97816-f15e-4a08-b9c7-6d4e3cc95abe', '45159ec8-0025-41e1-924c-05e35f26147a', 'KALTAKQUISE', 'ACTIVE', 0, NULL),
('a1e62580-410b-4baf-ada6-f284bb551a81', '055fee8a-164e-4265-954c-390be5cb2067', 'KALTAKQUISE', 'ACTIVE', 0, NULL),
('49928957-75b8-4be1-9f3e-3bc6c3ca7406', 'e0430297-425f-4c74-84c3-fa6ebdb56b86', 'KALTAKQUISE', 'ACTIVE', 0, NULL),
('b3952a15-803a-4cc9-8613-7bf240323a46', 'eff7f5eb-01db-425e-8795-78d40c2d2b4b', 'KALTAKQUISE', 'ACTIVE', 0, NULL),
('4dea6fdb-3c6d-4967-99c0-7ba980fbe630', 'ba76ec75-787b-41e1-9463-b3cc2b7ea4a2', 'KALTAKQUISE', 'ACTIVE', 0, NULL),
('e66a8f81-6d93-46a7-bfce-b1c38c0d0f42', '1ffee85a-9ccc-4d20-afd6-0cf816ff60d4', 'KALTAKQUISE', 'ACTIVE', 0, NULL),
('14a0f6de-eee0-462e-8c0c-21dc2a665c8f', '50336ef1-335c-4062-88a2-93795d809a88', 'KALTAKQUISE', 'ACTIVE', 0, NULL),
('9becffdb-d049-47e2-b396-3285ec61f3a6', 'f0eee339-589a-4b74-b359-6e9a33862d86', 'KALTAKQUISE', 'ACTIVE', 0, NULL),
('d81685ab-8a35-43d4-87a1-61c7cb299cf2', '6efe8d45-bb83-4bc1-b1da-7d551ead4b4b', 'KALTAKQUISE', 'ACTIVE', 0, NULL),
('a6aeb65b-454b-4652-932a-55005053ca58', '08fb0c3b-c991-48d7-9d56-79bc89d62ff1', 'KALTAKQUISE', 'ACTIVE', 0, NULL),
('0d1b5be4-a6ad-4894-8a34-acb5b2b3acd2', 'd2c51af6-c081-459d-86d4-4a66b217d419', 'KALTAKQUISE', 'ACTIVE', 0, NULL),
('156e3d82-9549-417b-9cd4-a9b1455f1afc', 'c9ab883a-c91e-4726-b825-c1de55905951', 'KALTAKQUISE', 'ACTIVE', 0, NULL),
('beeb89ad-f118-4919-9613-0203147f9d7d', 'c106ecbe-bc04-4548-a288-d29dd42e7ba8', 'KALTAKQUISE', 'ACTIVE', 0, NULL),
('de168598-d7b2-4718-a6cd-39be7eb0101f', 'cce8d447-b155-444c-930a-88cbebb8d1a3', 'KALTAKQUISE', 'ACTIVE', 0, NULL),
('12a85a11-e803-4630-a2f9-53bcf41d7ba5', 'cee03963-808f-482e-a96c-4778b958b3bf', 'KALTAKQUISE', 'ACTIVE', 0, NULL),
('221ea7c2-88c9-48dc-bd5c-2767d292ae45', 'fd461a1a-645a-4f57-aad1-5478a0826f05', 'KALTAKQUISE', 'ACTIVE', 0, NULL),
('f0f6c2fb-52c9-4fbc-86a5-57ec56591c44', '405bd694-ed71-4cdf-b121-67429ed49bda', 'KALTAKQUISE', 'ACTIVE', 0, NULL),
('ee25d064-e5ac-4455-b3f3-e8601f10cce4', 'b1c08e7f-8bfa-493d-aace-e2f84808d2f7', 'KALTAKQUISE', 'ACTIVE', 0, NULL),
('cc2be9b4-87c0-421c-b3a5-194be5e9b1d1', 'a8007182-b3d0-451c-b5cd-f129c4f178db', 'KALTAKQUISE', 'ACTIVE', 0, NULL),
('feca85d7-2e9c-44c4-a74e-86bc0a0440e9', '621e91a7-aea1-4fae-ba93-a8d4abd5ec69', 'KALTAKQUISE', 'ACTIVE', 0, NULL),
('1929d157-dd8b-459b-969a-4b7b1717a39f', '5f828922-8482-4941-a665-943c003b14e3', 'KALTAKQUISE', 'ACTIVE', 0, NULL),
('1026e115-8364-4b48-b565-1a1b3c4d6c8e', 'f56b2d95-9d3d-471d-b235-2178a915651e', 'KALTAKQUISE', 'ACTIVE', 0, NULL),
('16fb9790-dcd3-4b76-aa9e-914e2d37f0f9', 'ec16ab33-5dde-45b1-8096-7233c3fbcff4', 'KALTAKQUISE', 'ACTIVE', 0, NULL),
('7f63f0ea-5ed4-409d-9bcd-7854dd37ee9d', 'b2b6745c-15a2-4c16-95c4-dbbe646072c8', 'KALTAKQUISE', 'ACTIVE', 0, NULL),
('65921dc4-4d03-4915-9191-c9f9023b37dc', '9b409967-3e68-4f7c-be8e-8236e6006b31', 'KALTAKQUISE', 'ACTIVE', 0, NULL),
('2b3a621b-261e-4ca4-8687-3a4b45e1a613', '89cd37f7-11ca-4343-9031-8ab29ec9b026', 'KALTAKQUISE', 'ACTIVE', 0, NULL),
('01a1a3a2-fc76-4032-af47-1ae0854061aa', '7756a6f0-8543-4d0c-bbf9-e57c389393aa', 'KALTAKQUISE', 'ACTIVE', 0, NULL),
('da4e6d8c-7030-4113-962e-c243a4818063', 'c860a15c-53ee-4952-bf15-46d71b017949', 'KALTAKQUISE', 'ACTIVE', 0, NULL),
('015f7774-8166-4229-802f-37be9860d8b5', '0724165e-79c0-459f-a542-be4e18191f29', 'KALTAKQUISE', 'ACTIVE', 0, NULL),
('e971a5f8-42b4-48b9-aa34-6be111a595c5', 'ab28da77-a677-476d-b669-d975d6452a81', 'KALTAKQUISE', 'ACTIVE', 0, NULL),
('a475d355-dda8-4b9c-92e3-8f0214351d8a', 'c543b5d2-15d8-46d8-8ad2-ccc04cc2b6a0', 'KALTAKQUISE', 'ACTIVE', 0, NULL),
('f65bf2db-8b65-4267-b4c3-13a7724d726e', '0a023f83-d530-4450-8eba-902f9e6c47a0', 'KALTAKQUISE', 'ACTIVE', 0, NULL),
('2bd0b09e-f785-463e-acfc-653a9eee1d1c', '1c690554-1518-4f2b-a471-c782687beaf3', 'KALTAKQUISE', 'ACTIVE', 0, NULL),
('55e941cd-e79a-4907-a06d-978853de28d7', '89337a83-2100-4ced-9b34-d19037202640', 'KALTAKQUISE', 'ACTIVE', 0, NULL),
('6e6b4fec-1bb5-4137-a567-692c8f5c7415', '702259b8-ca79-4f56-ba85-a4992134f6a8', 'KALTAKQUISE', 'ACTIVE', 0, NULL),
('db1594c2-9747-4e65-8689-4d1cf60a69e3', '65f111f9-6d63-4f57-949c-708ca86a6eee', 'KALTAKQUISE', 'ACTIVE', 0, NULL),
('0b9ccfb0-a294-4d41-8cfc-5c581597cf9e', '3b2e8fbe-7b36-42a6-bb88-af1192bc950a', 'KALTAKQUISE', 'ACTIVE', 0, NULL),
('0a8d928b-641b-47c1-a0ae-8f5c7710aac4', 'cb9be830-4133-4adb-a331-be8dc7d405bf', 'KALTAKQUISE', 'ACTIVE', 0, NULL),
('4e9a9a91-35d8-4d1c-9c4a-6c39ec9f29da', '0ac3b9f6-558a-4bf9-8035-5d2e334cf28e', 'KALTAKQUISE', 'ACTIVE', 0, NULL),
('54f56085-630b-43f3-b463-3a5ab6b3e14a', '829e3529-6f73-4dd5-9363-089383d25686', 'KALTAKQUISE', 'ACTIVE', 0, NULL),
('764a9b19-2b68-4d7f-ba79-3416cf09e649', '3605163b-4379-43e0-ab8d-5549a49d14e9', 'KALTAKQUISE', 'ACTIVE', 0, NULL),
('eaf272c8-9c39-45aa-bb33-58e7c1c27058', '38e30e4e-bd0f-4d33-8a0b-c963e03ae17e', 'KALTAKQUISE', 'ACTIVE', 0, NULL),
('4440a8f2-049f-40e1-9973-6fc69411d442', '2fa84181-4e92-4577-b1b2-053a8ff55178', 'KALTAKQUISE', 'ACTIVE', 0, NULL),
('9a33c302-1086-4e05-a535-f6b5a292b80e', '2bb4cc9e-5e70-4ea6-bf47-170b3cd8b21b', 'KALTAKQUISE', 'ACTIVE', 0, NULL),
('a525fad6-b7df-466d-a492-1b082979efbd', 'a3b64398-1edd-479a-ae24-1612de34aa84', 'KALTAKQUISE', 'ACTIVE', 0, NULL),
('02928ee5-562b-48f1-ab3f-67e2652a9735', '5f84291a-919e-4ead-befc-4d8396d6eda1', 'KALTAKQUISE', 'ACTIVE', 0, NULL),
('a5df567e-585d-4505-81cb-e77f38934244', 'a1881aa1-94b7-4e6a-b567-ebfc871e1f8e', 'KALTAKQUISE', 'ACTIVE', 0, NULL),
('6200c82a-5971-402e-95a4-df4bf17f92c1', '0acb319a-96e0-4f8c-837f-a353a732711b', 'KALTAKQUISE', 'ACTIVE', 0, NULL),
('d6762498-d56a-4cdc-8133-0bc4ef5f75d0', 'b09660b8-4ad6-4712-abad-e4ced15de596', 'KALTAKQUISE', 'ACTIVE', 0, NULL),
('25bccd6e-711b-406f-a542-7577c4b16a7e', 'a9834e78-7555-4368-9cfc-32925534a169', 'KALTAKQUISE', 'ACTIVE', 0, NULL),
('1cd007e9-c7f0-4fce-bb7d-b302a41f2044', 'b164fbff-d96a-4841-ade7-1a025db8e627', 'KALTAKQUISE', 'ACTIVE', 0, NULL),
('66450b24-13b3-4a9b-aa49-ad315ab3f770', '8a150358-d68e-45a4-966b-8c1e3e8c1bd9', 'KALTAKQUISE', 'ACTIVE', 0, NULL),
('e43cd666-ad5e-42c0-82b0-349a16c911fd', 'eb934d82-9daf-465d-bdde-769dde413aec', 'KALTAKQUISE', 'ACTIVE', 0, NULL),
('3ce1dc11-eff3-4404-b72d-6c7734e378ac', 'f51c8793-14fe-4509-9533-f6091500d1ce', 'KALTAKQUISE', 'ACTIVE', 0, NULL),
('e6e0230d-c6a0-45b2-90ef-5884c0e53f58', '6a61f9e5-3b80-4a43-a2a2-b1f9f84bfdc8', 'KALTAKQUISE', 'ACTIVE', 0, NULL),
('9cd1d3d1-c19f-497f-b000-9374af8d9068', 'a13c8061-262b-4f73-be28-53aa0d9354f1', 'KALTAKQUISE', 'ACTIVE', 0, NULL),
('40b558f2-f15e-4b07-91c8-4ab8f94d27e5', 'de36e89b-48d9-49d7-a190-2e1370b77ad4', 'KALTAKQUISE', 'ACTIVE', 0, NULL),
('d7f89a53-e25a-499c-9afd-7dddc913a451', '73ddc3f5-b500-4631-b6d6-8b1a5e9c2517', 'KALTAKQUISE', 'ACTIVE', 0, NULL),
('530c2681-8b20-4f1a-98c1-76d190547868', '2363009e-b33c-45ba-ae82-77b92b63bb70', 'KALTAKQUISE', 'ACTIVE', 0, NULL),
('a80d43db-9895-47f8-ac1a-ca06ee823c96', '85819a89-1984-4abf-88e9-f302d10f1bbe', 'KALTAKQUISE', 'ACTIVE', 0, NULL),
('420abe4a-4b47-4d3f-83d0-aa01c67fa032', 'be4cb7c2-4628-48e8-af93-6959f25915e9', 'KALTAKQUISE', 'ACTIVE', 0, NULL),
('84dadb9d-980b-48f3-9ed5-83e01a480795', 'c81c18f9-b36c-46e7-b33c-2971676f53e2', 'KALTAKQUISE', 'ACTIVE', 0, NULL),
('16976b3c-1155-4ff5-8f6f-40a238b6788a', 'c155a646-6d49-4b9d-b5c6-e4041210dc95', 'KALTAKQUISE', 'ACTIVE', 0, NULL),
('e20e8b50-ca4d-4624-8a3c-26df7a28f3f6', '3b6c0963-4b25-4779-b400-660940402e54', 'KALTAKQUISE', 'ACTIVE', 0, NULL),
('a0a91b4a-635c-405f-b017-be99ce89ad4a', '4f105cb5-d426-4840-8e15-6af8a37cdb9f', 'KALTAKQUISE', 'ACTIVE', 0, NULL),
('15da422d-2e6d-4393-be40-82130402aa2f', '1301db8e-5582-4b32-bc3e-633dab1fca71', 'KALTAKQUISE', 'ACTIVE', 0, NULL),
('18682589-8320-4c23-90fa-269963dc2c4b', '884019bd-4cb6-413a-bf51-e975657c5ef4', 'KALTAKQUISE', 'ACTIVE', 0, NULL),
('a70472ef-ec08-4ba2-9ec5-4497c8e6410a', 'a51d383f-081d-4385-9b2b-5366a8962ec1', 'KALTAKQUISE', 'ACTIVE', 0, NULL),
('c4542e8c-cf22-4a85-b64d-74ca064543d2', '8830f47b-9ce4-4845-ae28-b4af6d21d41f', 'KALTAKQUISE', 'ACTIVE', 0, NULL),
('874d72f3-34ff-4206-b7b2-dcf35f66991f', 'c5f1f9cd-c19d-4370-9f5f-5851bda8760f', 'KALTAKQUISE', 'ACTIVE', 0, NULL),
('9062dfea-4be1-4ce3-ab63-d8949a049aa5', 'abdc6ef5-db9d-4f22-957b-bd688460448e', 'KALTAKQUISE', 'ACTIVE', 0, NULL),
('d757b4fb-6b11-478b-974e-d2b8c61a2f01', '065b22e0-5a11-4502-a998-70c24e2e2baf', 'KALTAKQUISE', 'ACTIVE', 0, NULL),
('b5580bb5-b70c-4adf-b0ae-8746bc4cbcc4', 'e526fcb5-0178-4d57-8fe8-0589b7896fc3', 'KALTAKQUISE', 'ACTIVE', 0, NULL),
('0b882656-f24f-43fc-a4d8-a06684b53f2c', '331a1b3c-a302-4a29-be76-a4aabdeddb9a', 'KALTAKQUISE', 'ACTIVE', 0, NULL),
('e6f8a373-a127-4f89-835b-5e2777ab7977', '55ab80ed-8bb4-450e-9849-e8b52f5f6f7b', 'KALTAKQUISE', 'ACTIVE', 0, NULL),
('206ec365-5042-4f3b-88fe-6f1bc482c0be', '7f09eb13-b492-4144-ad17-457fd2b28ec9', 'KALTAKQUISE', 'ACTIVE', 0, NULL),
('eb1447cd-7673-40c1-a553-12e5b760bf54', '765a3ee3-2bf3-4241-bbb9-9a11afd6a54a', 'KALTAKQUISE', 'ACTIVE', 0, NULL),
('b4867251-e97c-4d33-9780-d85c9a147141', 'e024c009-1a97-4002-83b4-18eeabe02b7b', 'KALTAKQUISE', 'ACTIVE', 0, NULL),
('f5cae0e9-58d0-48be-a4bf-877bb6b0ad4d', '0ef777cd-7c89-428e-9b48-8e4f0eb60c6a', 'KALTAKQUISE', 'ACTIVE', 0, NULL),
('b0381e16-b50c-4243-a872-4a5e079b2f9e', 'e0e65693-4d0e-4f7f-a203-6a5f99274135', 'KALTAKQUISE', 'ACTIVE', 0, NULL),
('ee6f8cd7-d2ae-42b6-92e1-255446f87bf6', 'fec6432b-71ed-44f8-b783-98790905da0d', 'KALTAKQUISE', 'ACTIVE', 0, NULL),
('a69ac20d-83c9-479a-b73f-7a0bdfba963b', '7d635956-5375-435a-9b89-3cfaa08b773d', 'KALTAKQUISE', 'ACTIVE', 0, NULL),
('6c007524-3270-4f9f-8b42-1bb2ebb67ca7', '0c22cb01-4e16-41e8-aac7-3cdc5f2a7dae', 'KALTAKQUISE', 'ACTIVE', 0, NULL),
('7a9d2a5f-05b3-4dad-84bd-b79e8f9c29a6', '8baac320-cb76-4972-a2cd-1ac9ba031fd4', 'KALTAKQUISE', 'ACTIVE', 0, NULL),
('85cdaf1f-0a64-40d2-88b6-50ce70118774', '68500df9-c9dc-4b94-92b6-37d085b68f7e', 'KALTAKQUISE', 'ACTIVE', 0, NULL),
('5d890ff7-32f4-4225-82ae-00e06b3c35f6', 'ba8d3923-3100-4813-8607-5fa9b7128ccd', 'KALTAKQUISE', 'ACTIVE', 0, NULL),
('4e7d1537-58d8-4b11-999a-275e16058c08', '8f2221e3-2f03-4fc9-a921-3b4c27cb8261', 'KALTAKQUISE', 'ACTIVE', 0, NULL),
('b0073de4-42a9-4282-920d-9494f1c9f565', '742eb27b-c3ed-4de2-9300-7cd1963ed24e', 'KALTAKQUISE', 'ACTIVE', 0, NULL),
('b9af88ae-8564-46e6-9209-10949f32aa3a', '2350f301-7387-4791-af9c-77724be36202', 'KALTAKQUISE', 'ACTIVE', 0, NULL),
('ec282f16-2ba8-4464-9e2d-661c7789995c', '4dc0a77e-b87f-4b37-91af-84e561c4c426', 'KALTAKQUISE', 'ACTIVE', 0, NULL),
('ba3ed38d-9e5e-474d-98a9-518838d9d1ee', '6c7703d4-e09e-43ac-82fe-0b3829740974', 'KALTAKQUISE', 'ACTIVE', 0, NULL),
('2518f11b-7395-446d-aad2-28562b676e32', 'e3d9d141-e4e0-4337-bd6f-cd86b9e382f8', 'KALTAKQUISE', 'ACTIVE', 0, NULL),
('273cde98-c594-446d-a70d-cafda4c711da', '9c14876e-9454-4947-a381-b3cdb20df7d4', 'KALTAKQUISE', 'ACTIVE', 0, NULL),
('228d14bd-b75b-41ea-a44b-ca30c8b8e317', '7ceb9269-3b6e-42b0-b581-b3dbb7fada5e', 'KALTAKQUISE', 'ACTIVE', 0, NULL),
('279b179f-54ae-47be-aebd-ba60910c7f38', 'fb014b70-714f-437c-99e8-5cdc9409a426', 'KALTAKQUISE', 'ACTIVE', 0, NULL),
('93944b79-d383-4153-9b4c-7e6464793b51', '57e0651d-3be9-47af-8a22-fadcabee2db8', 'KALTAKQUISE', 'ACTIVE', 0, NULL),
('2c6e74a3-dc60-43a5-842f-65e325d13d88', '2001a205-d369-4b86-aa5a-6ec09932b287', 'KALTAKQUISE', 'ACTIVE', 0, NULL),
('3a0716e1-23bc-4e10-a59e-dcba2b9982df', '1d0b0f1c-eb67-4c33-82a5-11785a065974', 'KALTAKQUISE', 'ACTIVE', 0, NULL),
('c01a7ec3-5fec-47ae-9036-503517c7b361', '6a99c00e-4c0d-4e9a-bce6-359641b15b7a', 'KALTAKQUISE', 'ACTIVE', 0, NULL),
('590e8f7a-897c-47d8-a813-fc59a4825679', '7076cda4-14fe-4be1-829f-13b9f7c22527', 'KALTAKQUISE', 'ACTIVE', 0, NULL),
('34a0b7b5-1bcc-4bb5-867e-d461f0245f76', '6c6e35e8-c0ef-47a2-8f09-ad41edda9bee', 'KALTAKQUISE', 'ACTIVE', 0, NULL),
('40fbb876-f1c0-485c-bcb1-f54f990bce44', '99e700fb-ce56-4ef4-9bae-89610819e799', 'KALTAKQUISE', 'ACTIVE', 0, NULL),
('068b2ff2-03a1-404c-a556-35693db27209', 'b3d18747-f0c3-4caf-9bc2-50b8d5b961d3', 'KALTAKQUISE', 'ACTIVE', 0, NULL),
('62923405-d703-4c07-b6b3-50ca073e67eb', '04d7821f-14e7-423c-81d8-583558d60642', 'KALTAKQUISE', 'ACTIVE', 0, NULL),
('b02c67bd-6b6e-43e2-8d30-a3d51abc078a', 'baf67133-e723-4624-ab8f-345c957260b4', 'KALTAKQUISE', 'ACTIVE', 0, NULL),
('5437e7d9-eb6e-4abf-8994-5624854081e4', 'bba6207a-aa88-4ea3-b646-b38b77494fcf', 'KALTAKQUISE', 'ACTIVE', 0, NULL),
('04011cb9-1ae8-4820-bda7-239c7b34bd93', '2da8174d-2988-4c55-a19c-59974512feb4', 'KALTAKQUISE', 'ACTIVE', 0, NULL),
('dd112091-98a0-434f-a6d7-2945b8686b03', '0a828cb1-77c4-4d18-a046-ab14839b713b', 'KALTAKQUISE', 'ACTIVE', 0, NULL),
('1c6fb68d-1271-4775-a4e0-3afdd80e9a44', 'f8c3a386-858b-44d8-9c85-3020fe09e781', 'KALTAKQUISE', 'ACTIVE', 0, NULL),
('9814a07d-7333-418d-a220-207979ae3ffd', '00f627d2-5d98-42f7-9162-34298ef9d0bd', 'KALTAKQUISE', 'ACTIVE', 0, NULL),
('f54f98a1-f1cd-415d-afe2-bdc8c526b715', '18935d4a-174d-4dd7-a222-c988b69a61b7', 'KALTAKQUISE', 'ACTIVE', 0, NULL),
('fa17f6cb-c333-4e3b-ae62-b3ce490576a7', '44bcda81-da6c-4ac2-911e-e06bea37284f', 'KALTAKQUISE', 'ACTIVE', 0, NULL),
('d8ed9cd6-f5de-4ca6-be11-3e163cf98170', '5d7f9dc8-c108-4f08-b245-a2bcf5981fcc', 'KALTAKQUISE', 'ACTIVE', 0, NULL),
('1a98f518-ecf1-4302-af5f-52270ac7ba03', '4bcd9aba-e604-457c-b5a5-23ab52e81ff7', 'KALTAKQUISE', 'ACTIVE', 0, NULL),
('cd142ff9-4b05-4369-b503-46c94f24eada', '5de6ce9d-a4b0-42c4-b335-b1d02c49bd2c', 'KALTAKQUISE', 'ACTIVE', 0, NULL),
('32f7a3b9-3299-4a09-98d5-902060911b99', 'a58757fe-3a2b-4dee-9fd2-ee371df4ecf0', 'KALTAKQUISE', 'ACTIVE', 0, NULL),
('df5c289a-f78d-4324-8070-e557528445c7', '9bdd5818-7a8c-4aa0-921a-a84f69abaf7d', 'KALTAKQUISE', 'ACTIVE', 0, NULL),
('82a8b991-394d-4200-8d93-a66041e4f993', '95201ee8-f6f2-423c-9d47-84d865cfe5bd', 'KALTAKQUISE', 'ACTIVE', 0, NULL),
('71d79dd3-0c97-4b58-ad29-45c8a867e7d5', '9410d623-492b-4a73-9f28-d538aab79bc6', 'KALTAKQUISE', 'ACTIVE', 0, NULL),
('aa5ea64c-614a-494b-b101-1724e353923e', 'ad5c02ca-0ac5-4a6f-9e55-434267ee66ef', 'KALTAKQUISE', 'ACTIVE', 0, NULL),
('027cc09f-a8cd-4b5c-abdd-153f2aab3e98', '18d5a8d3-53c1-4712-a5bd-ff70957f7c59', 'KALTAKQUISE', 'ACTIVE', 0, NULL),
('67df656b-b22f-4264-914e-4ea9811366f2', 'fb85c07d-3d8c-419b-9e6a-a7d9f62a052e', 'KALTAKQUISE', 'ACTIVE', 0, NULL),
('b9065d16-6202-4e79-81db-1fa5c741891e', '045d6c5d-c222-4ab7-8a1b-ebe44346f3a4', 'KALTAKQUISE', 'ACTIVE', 0, NULL),
('4b87e556-1173-42aa-8977-a7379e17c53d', '4c2de138-70a5-4b92-9700-fcd9f1bcff0d', 'KALTAKQUISE', 'ACTIVE', 0, NULL),
('d0ffae28-fcd0-4b36-af02-f91a4de5496c', '71bf23d8-9ea3-4411-b3fc-fb5d57ff2609', 'KALTAKQUISE', 'ACTIVE', 0, NULL),
('5dbbd0b4-7fbc-425c-ab6d-4b7539cc3a51', '7f79c184-5083-4273-8817-d0f31c963eff', 'KALTAKQUISE', 'ACTIVE', 0, NULL),
('b9f6dd7d-0d1b-494b-8c39-d898ac4e7c50', 'd2985b27-5a4b-4e1c-9280-3e968f55468a', 'KALTAKQUISE', 'ACTIVE', 0, NULL),
('f91ddda6-53a6-48ae-961f-8e2fb3ad264f', 'e8afdbc0-6024-43db-9dd1-d0643f65af36', 'KALTAKQUISE', 'ACTIVE', 0, NULL),
('7d1713b3-5cb4-420e-b62e-47a45a0f7b72', '521a0867-5ade-41bb-9c18-9fc5f7247993', 'KALTAKQUISE', 'ACTIVE', 0, NULL),
('0d1cf7f3-af68-4d78-83a7-868f7f7a15a2', '770e114e-d839-4bdf-b456-de0741ae24ea', 'KALTAKQUISE', 'ACTIVE', 0, NULL),
('5796622e-5cfc-4f73-9794-b7f76e97c84c', '42666ef8-4377-474c-8339-cf3203a9aa27', 'KALTAKQUISE', 'ACTIVE', 0, NULL),
('3f29ee6d-fa1d-4fda-b298-1a8082702665', 'e4130511-af89-4b99-a71b-10376060b34d', 'KALTAKQUISE', 'ACTIVE', 0, NULL),
('2aa93889-625e-4fd9-9bf5-10ba3192c358', '1bf78195-bc52-4a5e-9ece-c17a423d2506', 'KALTAKQUISE', 'ACTIVE', 0, NULL),
('d2b1f596-3c7b-4c06-9e27-b1a9235a4507', '871e04a9-4283-4cf5-ab42-392cf7b694a1', 'KALTAKQUISE', 'ACTIVE', 0, NULL),
('3b8da99a-72ef-41c8-bbd1-f40cd8c13a61', '57bfb7d5-42f5-42fc-b7a9-d39d1a528381', 'KALTAKQUISE', 'ACTIVE', 0, NULL),
('47c6edb0-e814-48fc-a3f3-35b978b96db7', '3e5b6a01-f5cc-4fa0-b3f4-6df9a314d271', 'KALTAKQUISE', 'ACTIVE', 0, NULL),
('2a8b1298-a516-4c55-aa92-165b698c7dce', 'c6700dc1-de26-448d-a855-6c1c0f90baae', 'KALTAKQUISE', 'ACTIVE', 0, NULL),
('acf7ab0a-be6e-444e-a6db-572d6219479d', '3e201c03-48ba-4960-ad35-5448fdb36d8e', 'KALTAKQUISE', 'ACTIVE', 0, NULL),
('083fb252-44d2-4c03-96b5-8d18f9b02f56', 'e5c260c7-a897-452e-a9c3-3d2f88b6a47f', 'KALTAKQUISE', 'ACTIVE', 0, NULL),
('9655ff6b-2746-4fb5-b155-3694e1058b92', '84508fe9-dfde-4a82-b8a7-423de903c419', 'KALTAKQUISE', 'ACTIVE', 0, NULL),
('24c16cc6-95b3-413e-ba7c-94d606486195', '2b484eab-74c0-4e4e-a1eb-397cac8f4c3a', 'KALTAKQUISE', 'ACTIVE', 0, NULL),
('70d3f57a-6466-4a00-8cf2-75cca49f1166', 'c088b310-c5ed-45fe-9060-61c412e977c9', 'KALTAKQUISE', 'ACTIVE', 0, NULL),
('65ba36e2-44ed-42ce-8167-664eac809f21', 'b05d8f73-356b-45c0-b777-9ce451b80fdd', 'KALTAKQUISE', 'ACTIVE', 0, NULL),
('9131f358-60df-4861-af86-24d0c17dfede', '4c9e8da0-f5a6-46f7-961d-6b05a4283ab3', 'KALTAKQUISE', 'ACTIVE', 0, NULL),
('6cb34f95-fc0d-4c00-90c8-d9dfb974f8b4', '6957a061-5fb3-4ee7-ab39-a29274072c28', 'KALTAKQUISE', 'ACTIVE', 0, NULL),
('7bf3093b-3e90-4f8d-b486-dd952d824961', 'c525b16e-64db-4e1b-bc4c-40ab78403e5c', 'KALTAKQUISE', 'ACTIVE', 0, NULL),
('2cc4197c-6662-4029-99b3-d618fb16cd5b', 'bcd77afc-1b26-4bc0-92b1-2f896680bbf7', 'KALTAKQUISE', 'ACTIVE', 0, NULL),
('e7116662-2762-4ce7-b30a-1fa62274985e', 'f7723639-dff6-4663-9e5d-1a799735d35e', 'KALTAKQUISE', 'ACTIVE', 0, NULL),
('d7ddbd0e-ee4a-4582-89c7-e5a0b953fe39', '050f072a-83d1-47f4-af7c-19e47f66a666', 'KALTAKQUISE', 'ACTIVE', 0, NULL),
('4c007dd4-f269-4ce4-a746-c0287fa79ffa', '4c29bb13-b4bd-4fd4-9e13-74885c568580', 'KALTAKQUISE', 'ACTIVE', 0, NULL),
('6a2511a6-c45d-43dd-9686-a7a717b6dfb5', 'ea3f30eb-05f2-4f05-9020-ea533fba363e', 'KALTAKQUISE', 'ACTIVE', 0, NULL),
('34489b65-1df7-4367-9b16-882cb45306ef', '51754669-d549-4167-bd06-7b0bc2952fd5', 'KALTAKQUISE', 'ACTIVE', 0, NULL),
('42cb69ec-2ba9-4c07-a94a-82e084d70147', '75bda7fb-e1e4-4d75-8d9f-ee19f3778d24', 'KALTAKQUISE', 'ACTIVE', 0, NULL),
('355be842-2ea9-45cf-9820-955eff599b25', 'c2a63c9e-dff7-4e42-b7bb-80d5168a9e14', 'KALTAKQUISE', 'ACTIVE', 0, NULL),
('984fec52-3ebf-440f-aa2d-9d0def716ef4', 'b794953f-2924-4eeb-998c-6901894292c1', 'KALTAKQUISE', 'ACTIVE', 0, NULL),
('8e1ead34-86cb-457b-9473-b568692833a5', '6c7d763f-1314-4e29-a7a4-79946aef815d', 'KALTAKQUISE', 'ACTIVE', 0, NULL),
('e374f114-6b76-436c-bd4f-74ef24e7477b', 'e2878ad5-ab09-4a23-89a7-e099bc5809c0', 'KALTAKQUISE', 'ACTIVE', 0, NULL),
('adff99a6-36eb-4480-83c7-73e431f1399d', 'f7a99267-05c0-43b8-9612-d8fb40fa669b', 'KALTAKQUISE', 'ACTIVE', 0, NULL),
('6802f40f-19f3-4732-9430-b2030b2adb1f', '312a3b6d-4ab1-4cd2-b6ca-a190b80894b1', 'KALTAKQUISE', 'ACTIVE', 0, NULL),
('cda86c8e-db28-415f-8a23-28fe9eb00dc3', 'c187c8e2-b5b8-416a-ad93-6299f026cae2', 'KALTAKQUISE', 'ACTIVE', 0, NULL),
('265df8a6-afbb-46dd-a059-53a7ed3e1e32', 'cdcd1b35-cd6f-495a-b9ca-f8a051674798', 'KALTAKQUISE', 'ACTIVE', 0, NULL),
('40bd7b3c-7f97-4738-a351-128134b0575e', 'b156932c-d9b3-4867-9067-60c6fc8bb954', 'KALTAKQUISE', 'ACTIVE', 0, NULL),
('162d8a6b-fe54-495b-8085-81cb6b592750', '9b948443-d353-4860-b5d9-12da5bf46631', 'KALTAKQUISE', 'ACTIVE', 0, NULL),
('e5153d2d-77ac-4546-b819-8db3b83d5b87', '5c1628c9-61e4-49f0-9ec2-04bc24a262b7', 'KALTAKQUISE', 'ACTIVE', 0, NULL),
('adb98893-7f87-49db-9b44-e4f3d1a3f9c0', 'f55117f3-772e-462f-9e57-f775c9030505', 'KALTAKQUISE', 'ACTIVE', 0, NULL),
('e148176f-f34a-4648-8504-0952270c9c8c', 'e3e2fc9c-9a30-4b52-9b8f-98a4470e18c0', 'KALTAKQUISE', 'ACTIVE', 0, NULL),
('cd5f5660-2364-4a7a-928e-12092af3e105', '5c862a19-deee-4c96-860e-3c6c10929b7b', 'KALTAKQUISE', 'ACTIVE', 0, NULL),
('22f8aaf7-f66c-4074-95e2-61d929ee0e42', '71fb8ecc-54d8-40f5-a942-9afd06b612fa', 'KALTAKQUISE', 'ACTIVE', 0, NULL),
('e4544474-79e1-4026-9e11-2fd437e5c5a2', '1bfec991-c880-43aa-9765-9c9765ac1a69', 'KALTAKQUISE', 'ACTIVE', 0, NULL),
('9e438480-261e-493d-a3f6-33d190700f1f', '73e38591-853c-4537-a2e9-c60ab9e7fefb', 'KALTAKQUISE', 'ACTIVE', 0, NULL),
('95ae78e5-0685-44e2-8efd-15a9aab2141c', '22e8570b-e401-43dc-8e85-04a2777bd014', 'KALTAKQUISE', 'ACTIVE', 0, NULL),
('169ff1b6-a44c-42d2-a8b0-0cf7e2e663e9', '02340d05-8573-4135-8870-76a93f29fa4b', 'KALTAKQUISE', 'ACTIVE', 0, NULL),
('80ca3653-a0e3-4aaf-80e1-d5ddb0a90146', 'ae5c4b83-a145-4192-ab1a-13e57c006cc5', 'KALTAKQUISE', 'ACTIVE', 0, NULL),
('09816c7f-e614-431d-b86f-2f7ebbbc7754', 'b60e912b-6415-463c-bfb6-bf9799b943e5', 'KALTAKQUISE', 'ACTIVE', 0, NULL),
('923577e9-e82c-4688-872e-4913ea6b9d42', '46d78430-46c7-44af-82b3-f61c44664f3f', 'KALTAKQUISE', 'ACTIVE', 0, NULL),
('6f009429-97e7-49cd-a203-8d7913e49d2f', 'df2798a2-d0f5-4604-90e8-b35de55166ed', 'KALTAKQUISE', 'ACTIVE', 0, NULL),
('cf995873-b69e-49b9-b5ac-e21531fa57a7', 'c18040d7-21a8-49cf-964b-4b730de79488', 'KALTAKQUISE', 'ACTIVE', 0, NULL),
('3d6ddd82-9de7-4568-8c7c-e41dfaf1f3bf', '3a06c0dd-0a0d-4ebe-ad17-24a406c89e0a', 'KALTAKQUISE', 'ACTIVE', 0, NULL),
('39f159d7-ef16-4dea-8f85-ee891b1eda31', '17347153-9b30-4e03-b4bc-6be0197e93e7', 'KALTAKQUISE', 'ACTIVE', 0, NULL),
('d05f8ee0-d767-463a-a8a2-b36c35cbba32', 'ee3fde6a-2579-4f64-a8ee-7891c0471a08', 'KALTAKQUISE', 'ACTIVE', 0, NULL),
('80ee90d0-1a91-4555-92dd-0a8dac03c649', '629c9029-292d-4138-93b7-574f261679ab', 'KALTAKQUISE', 'ACTIVE', 0, NULL),
('03bb80c3-f65f-4949-9827-f6b2e369cd05', '84fff4bc-98c3-456e-9a00-01e5ec594a0c', 'KALTAKQUISE', 'ACTIVE', 0, NULL),
('97e50785-823d-4d4e-9ee7-d2222d47a7e2', 'b2588050-0b77-4317-92a7-cfba08c312a8', 'KALTAKQUISE', 'ACTIVE', 0, NULL),
('d641c76d-c1f8-4dea-b473-93666266db30', '01bae3db-1d45-4638-a5c2-5c3d31cfc443', 'KALTAKQUISE', 'ACTIVE', 0, NULL),
('992dc30c-a1b8-490f-99ef-e4077005aeb6', '4a56610a-e2ff-4f1a-9787-59cf88e784f6', 'KALTAKQUISE', 'ACTIVE', 0, NULL),
('9a84dae7-b832-4b24-82c8-28f4b495ff96', '78f65e72-29b6-4863-8d87-ed174e5ebbc5', 'KALTAKQUISE', 'ACTIVE', 0, NULL),
('25de229a-d032-4d46-ae98-130a4c9e2e03', 'a958c046-ef2c-4afd-bcb8-a93957791e2a', 'KALTAKQUISE', 'ACTIVE', 0, NULL),
('6e8e69dc-02ce-4132-b3eb-19de01719758', '6dbf8382-e8d9-4f05-9e94-a3f004f95ac6', 'KALTAKQUISE', 'ACTIVE', 0, NULL),
('0565aa46-57e4-47f7-91f4-177d993483cb', 'e4dccd4a-304c-4f8d-9c53-39f36c6a1403', 'KALTAKQUISE', 'ACTIVE', 0, NULL),
('b5616401-ec46-4a0c-aae5-449f315fc8ed', '5b4bd9dc-64e8-406a-9998-b2ded0cecd19', 'KALTAKQUISE', 'ACTIVE', 0, NULL),
('622ca3e6-c890-4ba0-b2f7-13ac40e8f5c5', 'f91b3186-6713-4051-97dc-6e784ceceddc', 'KALTAKQUISE', 'ACTIVE', 0, NULL),
('c7ba9f3b-7abd-46b3-ba42-1ae57af9a9d8', '0594411d-9a60-4162-87a6-e0443b30c656', 'KALTAKQUISE', 'ACTIVE', 0, NULL),
('9e038e6e-e86b-4f95-a2e6-a10b7ebd42f4', 'fe36ae35-aba5-40f4-af80-1a24619a87cf', 'KALTAKQUISE', 'ACTIVE', 0, NULL),
('e0bc7df4-6c7a-4e40-9a46-26d5d6d7ad25', 'c0cff783-1786-4b9c-9d32-1f5c6fb9c938', 'KALTAKQUISE', 'ACTIVE', 0, NULL),
('6f1a3cbb-0d6d-4981-b4c9-78fa125983b9', 'baaa5456-df7a-4235-978c-93ac4a9c91cc', 'KALTAKQUISE', 'ACTIVE', 0, NULL),
('3ad9fc70-8582-4d8f-b301-f54d3e71ecf3', 'e6b3886f-7a57-449a-8217-43025df968de', 'KALTAKQUISE', 'ACTIVE', 0, NULL);

INSERT INTO lead_tags (lead_id, tag_id) VALUES
('91a56820-b1bd-450b-82fa-5ab6e2c51437', 'ka-b2c'),
('549d8721-bfd6-4489-9615-bf4e1c57e5e7', 'ka-b2c'),
('749ea7b8-4117-44ee-a5ac-7d23716e9543', 'ka-b2c'),
('f3e40e50-d54e-48c7-bdfa-ef4ff3d65d68', 'ka-b2c'),
('5ca97816-f15e-4a08-b9c7-6d4e3cc95abe', 'ka-b2c'),
('a1e62580-410b-4baf-ada6-f284bb551a81', 'ka-b2c'),
('49928957-75b8-4be1-9f3e-3bc6c3ca7406', 'ka-b2c'),
('b3952a15-803a-4cc9-8613-7bf240323a46', 'ka-b2c'),
('4dea6fdb-3c6d-4967-99c0-7ba980fbe630', 'ka-b2c'),
('e66a8f81-6d93-46a7-bfce-b1c38c0d0f42', 'ka-b2c'),
('14a0f6de-eee0-462e-8c0c-21dc2a665c8f', 'ka-b2c'),
('9becffdb-d049-47e2-b396-3285ec61f3a6', 'ka-b2c'),
('d81685ab-8a35-43d4-87a1-61c7cb299cf2', 'ka-b2c'),
('a6aeb65b-454b-4652-932a-55005053ca58', 'ka-b2c'),
('0d1b5be4-a6ad-4894-8a34-acb5b2b3acd2', 'ka-b2c'),
('156e3d82-9549-417b-9cd4-a9b1455f1afc', 'ka-b2c'),
('beeb89ad-f118-4919-9613-0203147f9d7d', 'ka-b2c'),
('de168598-d7b2-4718-a6cd-39be7eb0101f', 'ka-b2c'),
('12a85a11-e803-4630-a2f9-53bcf41d7ba5', 'ka-b2c'),
('221ea7c2-88c9-48dc-bd5c-2767d292ae45', 'ka-b2c'),
('f0f6c2fb-52c9-4fbc-86a5-57ec56591c44', 'ka-b2c'),
('ee25d064-e5ac-4455-b3f3-e8601f10cce4', 'ka-b2c'),
('cc2be9b4-87c0-421c-b3a5-194be5e9b1d1', 'ka-b2c'),
('feca85d7-2e9c-44c4-a74e-86bc0a0440e9', 'ka-b2c'),
('1929d157-dd8b-459b-969a-4b7b1717a39f', 'ka-b2c'),
('1026e115-8364-4b48-b565-1a1b3c4d6c8e', 'ka-b2c'),
('16fb9790-dcd3-4b76-aa9e-914e2d37f0f9', 'ka-b2c'),
('7f63f0ea-5ed4-409d-9bcd-7854dd37ee9d', 'ka-b2c'),
('65921dc4-4d03-4915-9191-c9f9023b37dc', 'ka-b2c'),
('2b3a621b-261e-4ca4-8687-3a4b45e1a613', 'ka-b2c'),
('01a1a3a2-fc76-4032-af47-1ae0854061aa', 'ka-b2c'),
('da4e6d8c-7030-4113-962e-c243a4818063', 'ka-b2c'),
('015f7774-8166-4229-802f-37be9860d8b5', 'ka-b2c'),
('e971a5f8-42b4-48b9-aa34-6be111a595c5', 'ka-b2c'),
('a475d355-dda8-4b9c-92e3-8f0214351d8a', 'ka-b2c'),
('f65bf2db-8b65-4267-b4c3-13a7724d726e', 'ka-b2c'),
('2bd0b09e-f785-463e-acfc-653a9eee1d1c', 'ka-b2c'),
('55e941cd-e79a-4907-a06d-978853de28d7', 'ka-b2c'),
('6e6b4fec-1bb5-4137-a567-692c8f5c7415', 'ka-b2c'),
('db1594c2-9747-4e65-8689-4d1cf60a69e3', 'ka-b2c'),
('0b9ccfb0-a294-4d41-8cfc-5c581597cf9e', 'ka-b2c'),
('0a8d928b-641b-47c1-a0ae-8f5c7710aac4', 'ka-b2c'),
('4e9a9a91-35d8-4d1c-9c4a-6c39ec9f29da', 'ka-b2c'),
('54f56085-630b-43f3-b463-3a5ab6b3e14a', 'ka-b2c'),
('764a9b19-2b68-4d7f-ba79-3416cf09e649', 'ka-b2c'),
('eaf272c8-9c39-45aa-bb33-58e7c1c27058', 'ka-b2c'),
('4440a8f2-049f-40e1-9973-6fc69411d442', 'ka-b2c'),
('9a33c302-1086-4e05-a535-f6b5a292b80e', 'ka-b2c'),
('a525fad6-b7df-466d-a492-1b082979efbd', 'ka-b2c'),
('02928ee5-562b-48f1-ab3f-67e2652a9735', 'ka-b2c'),
('a5df567e-585d-4505-81cb-e77f38934244', 'ka-b2c'),
('6200c82a-5971-402e-95a4-df4bf17f92c1', 'ka-b2c'),
('d6762498-d56a-4cdc-8133-0bc4ef5f75d0', 'ka-b2c'),
('25bccd6e-711b-406f-a542-7577c4b16a7e', 'ka-b2c'),
('1cd007e9-c7f0-4fce-bb7d-b302a41f2044', 'ka-b2c'),
('66450b24-13b3-4a9b-aa49-ad315ab3f770', 'ka-b2c'),
('e43cd666-ad5e-42c0-82b0-349a16c911fd', 'ka-b2c'),
('3ce1dc11-eff3-4404-b72d-6c7734e378ac', 'ka-b2c'),
('e6e0230d-c6a0-45b2-90ef-5884c0e53f58', 'ka-b2c'),
('9cd1d3d1-c19f-497f-b000-9374af8d9068', 'ka-b2c'),
('40b558f2-f15e-4b07-91c8-4ab8f94d27e5', 'ka-b2c'),
('d7f89a53-e25a-499c-9afd-7dddc913a451', 'ka-b2c'),
('530c2681-8b20-4f1a-98c1-76d190547868', 'ka-b2c'),
('a80d43db-9895-47f8-ac1a-ca06ee823c96', 'ka-b2c'),
('420abe4a-4b47-4d3f-83d0-aa01c67fa032', 'ka-b2c'),
('84dadb9d-980b-48f3-9ed5-83e01a480795', 'ka-b2c'),
('16976b3c-1155-4ff5-8f6f-40a238b6788a', 'ka-b2c'),
('e20e8b50-ca4d-4624-8a3c-26df7a28f3f6', 'ka-b2c'),
('a0a91b4a-635c-405f-b017-be99ce89ad4a', 'ka-b2c'),
('15da422d-2e6d-4393-be40-82130402aa2f', 'ka-b2c'),
('18682589-8320-4c23-90fa-269963dc2c4b', 'ka-b2c'),
('a70472ef-ec08-4ba2-9ec5-4497c8e6410a', 'ka-b2c'),
('c4542e8c-cf22-4a85-b64d-74ca064543d2', 'ka-b2c'),
('874d72f3-34ff-4206-b7b2-dcf35f66991f', 'ka-b2c'),
('9062dfea-4be1-4ce3-ab63-d8949a049aa5', 'ka-b2c'),
('d757b4fb-6b11-478b-974e-d2b8c61a2f01', 'ka-b2c'),
('b5580bb5-b70c-4adf-b0ae-8746bc4cbcc4', 'ka-b2c'),
('0b882656-f24f-43fc-a4d8-a06684b53f2c', 'ka-b2c'),
('e6f8a373-a127-4f89-835b-5e2777ab7977', 'ka-b2c'),
('206ec365-5042-4f3b-88fe-6f1bc482c0be', 'ka-b2c'),
('eb1447cd-7673-40c1-a553-12e5b760bf54', 'ka-b2c'),
('b4867251-e97c-4d33-9780-d85c9a147141', 'ka-b2c'),
('f5cae0e9-58d0-48be-a4bf-877bb6b0ad4d', 'ka-b2c'),
('b0381e16-b50c-4243-a872-4a5e079b2f9e', 'ka-b2c'),
('ee6f8cd7-d2ae-42b6-92e1-255446f87bf6', 'ka-b2c'),
('a69ac20d-83c9-479a-b73f-7a0bdfba963b', 'ka-b2c'),
('6c007524-3270-4f9f-8b42-1bb2ebb67ca7', 'ka-b2c'),
('7a9d2a5f-05b3-4dad-84bd-b79e8f9c29a6', 'ka-b2c'),
('85cdaf1f-0a64-40d2-88b6-50ce70118774', 'ka-b2c'),
('5d890ff7-32f4-4225-82ae-00e06b3c35f6', 'ka-b2c'),
('4e7d1537-58d8-4b11-999a-275e16058c08', 'ka-b2c'),
('b0073de4-42a9-4282-920d-9494f1c9f565', 'ka-b2c'),
('b9af88ae-8564-46e6-9209-10949f32aa3a', 'ka-b2c'),
('ec282f16-2ba8-4464-9e2d-661c7789995c', 'ka-b2c'),
('ba3ed38d-9e5e-474d-98a9-518838d9d1ee', 'ka-b2c'),
('2518f11b-7395-446d-aad2-28562b676e32', 'ka-b2c'),
('273cde98-c594-446d-a70d-cafda4c711da', 'ka-b2c'),
('228d14bd-b75b-41ea-a44b-ca30c8b8e317', 'ka-b2c'),
('279b179f-54ae-47be-aebd-ba60910c7f38', 'ka-b2c'),
('93944b79-d383-4153-9b4c-7e6464793b51', 'ka-b2c'),
('2c6e74a3-dc60-43a5-842f-65e325d13d88', 'ka-b2c'),
('3a0716e1-23bc-4e10-a59e-dcba2b9982df', 'ka-b2c'),
('c01a7ec3-5fec-47ae-9036-503517c7b361', 'ka-b2c'),
('590e8f7a-897c-47d8-a813-fc59a4825679', 'ka-b2c'),
('34a0b7b5-1bcc-4bb5-867e-d461f0245f76', 'ka-b2c'),
('40fbb876-f1c0-485c-bcb1-f54f990bce44', 'ka-b2c'),
('068b2ff2-03a1-404c-a556-35693db27209', 'ka-b2c'),
('62923405-d703-4c07-b6b3-50ca073e67eb', 'ka-b2c'),
('b02c67bd-6b6e-43e2-8d30-a3d51abc078a', 'ka-b2c'),
('5437e7d9-eb6e-4abf-8994-5624854081e4', 'ka-b2c'),
('04011cb9-1ae8-4820-bda7-239c7b34bd93', 'ka-b2c'),
('dd112091-98a0-434f-a6d7-2945b8686b03', 'ka-b2c'),
('1c6fb68d-1271-4775-a4e0-3afdd80e9a44', 'ka-b2c'),
('9814a07d-7333-418d-a220-207979ae3ffd', 'ka-b2c'),
('f54f98a1-f1cd-415d-afe2-bdc8c526b715', 'ka-b2c'),
('fa17f6cb-c333-4e3b-ae62-b3ce490576a7', 'ka-b2c'),
('d8ed9cd6-f5de-4ca6-be11-3e163cf98170', 'ka-b2c'),
('1a98f518-ecf1-4302-af5f-52270ac7ba03', 'ka-b2c'),
('cd142ff9-4b05-4369-b503-46c94f24eada', 'ka-b2c'),
('32f7a3b9-3299-4a09-98d5-902060911b99', 'ka-b2c'),
('df5c289a-f78d-4324-8070-e557528445c7', 'ka-b2c'),
('82a8b991-394d-4200-8d93-a66041e4f993', 'ka-b2c'),
('71d79dd3-0c97-4b58-ad29-45c8a867e7d5', 'ka-b2c'),
('aa5ea64c-614a-494b-b101-1724e353923e', 'ka-b2c'),
('027cc09f-a8cd-4b5c-abdd-153f2aab3e98', 'ka-b2c'),
('67df656b-b22f-4264-914e-4ea9811366f2', 'ka-b2c'),
('b9065d16-6202-4e79-81db-1fa5c741891e', 'ka-b2c'),
('4b87e556-1173-42aa-8977-a7379e17c53d', 'ka-b2c'),
('d0ffae28-fcd0-4b36-af02-f91a4de5496c', 'ka-b2c'),
('5dbbd0b4-7fbc-425c-ab6d-4b7539cc3a51', 'ka-b2c'),
('b9f6dd7d-0d1b-494b-8c39-d898ac4e7c50', 'ka-b2c'),
('f91ddda6-53a6-48ae-961f-8e2fb3ad264f', 'ka-b2c'),
('7d1713b3-5cb4-420e-b62e-47a45a0f7b72', 'ka-b2c'),
('0d1cf7f3-af68-4d78-83a7-868f7f7a15a2', 'ka-b2c'),
('5796622e-5cfc-4f73-9794-b7f76e97c84c', 'ka-b2c'),
('3f29ee6d-fa1d-4fda-b298-1a8082702665', 'ka-b2c'),
('2aa93889-625e-4fd9-9bf5-10ba3192c358', 'ka-b2c'),
('d2b1f596-3c7b-4c06-9e27-b1a9235a4507', 'ka-b2c'),
('3b8da99a-72ef-41c8-bbd1-f40cd8c13a61', 'ka-b2c'),
('47c6edb0-e814-48fc-a3f3-35b978b96db7', 'ka-b2c'),
('2a8b1298-a516-4c55-aa92-165b698c7dce', 'ka-b2c'),
('acf7ab0a-be6e-444e-a6db-572d6219479d', 'ka-b2c'),
('083fb252-44d2-4c03-96b5-8d18f9b02f56', 'ka-b2c'),
('9655ff6b-2746-4fb5-b155-3694e1058b92', 'ka-b2c'),
('24c16cc6-95b3-413e-ba7c-94d606486195', 'ka-b2c'),
('70d3f57a-6466-4a00-8cf2-75cca49f1166', 'ka-b2c'),
('65ba36e2-44ed-42ce-8167-664eac809f21', 'ka-b2c'),
('9131f358-60df-4861-af86-24d0c17dfede', 'ka-b2c'),
('6cb34f95-fc0d-4c00-90c8-d9dfb974f8b4', 'ka-b2c'),
('7bf3093b-3e90-4f8d-b486-dd952d824961', 'ka-b2c'),
('2cc4197c-6662-4029-99b3-d618fb16cd5b', 'ka-b2c'),
('e7116662-2762-4ce7-b30a-1fa62274985e', 'ka-b2c'),
('d7ddbd0e-ee4a-4582-89c7-e5a0b953fe39', 'ka-b2c'),
('4c007dd4-f269-4ce4-a746-c0287fa79ffa', 'ka-b2c'),
('6a2511a6-c45d-43dd-9686-a7a717b6dfb5', 'ka-b2c'),
('34489b65-1df7-4367-9b16-882cb45306ef', 'ka-b2c'),
('42cb69ec-2ba9-4c07-a94a-82e084d70147', 'ka-b2c'),
('355be842-2ea9-45cf-9820-955eff599b25', 'ka-b2c'),
('984fec52-3ebf-440f-aa2d-9d0def716ef4', 'ka-b2c'),
('8e1ead34-86cb-457b-9473-b568692833a5', 'ka-b2c'),
('e374f114-6b76-436c-bd4f-74ef24e7477b', 'ka-b2c'),
('adff99a6-36eb-4480-83c7-73e431f1399d', 'ka-b2c'),
('6802f40f-19f3-4732-9430-b2030b2adb1f', 'ka-b2c'),
('cda86c8e-db28-415f-8a23-28fe9eb00dc3', 'ka-b2c'),
('265df8a6-afbb-46dd-a059-53a7ed3e1e32', 'ka-b2c'),
('40bd7b3c-7f97-4738-a351-128134b0575e', 'ka-b2c'),
('162d8a6b-fe54-495b-8085-81cb6b592750', 'ka-b2c'),
('e5153d2d-77ac-4546-b819-8db3b83d5b87', 'ka-b2c'),
('adb98893-7f87-49db-9b44-e4f3d1a3f9c0', 'ka-b2c'),
('e148176f-f34a-4648-8504-0952270c9c8c', 'ka-b2c'),
('cd5f5660-2364-4a7a-928e-12092af3e105', 'ka-b2c'),
('22f8aaf7-f66c-4074-95e2-61d929ee0e42', 'ka-b2c'),
('e4544474-79e1-4026-9e11-2fd437e5c5a2', 'ka-b2c'),
('9e438480-261e-493d-a3f6-33d190700f1f', 'ka-b2c'),
('95ae78e5-0685-44e2-8efd-15a9aab2141c', 'ka-b2c'),
('169ff1b6-a44c-42d2-a8b0-0cf7e2e663e9', 'ka-b2c'),
('80ca3653-a0e3-4aaf-80e1-d5ddb0a90146', 'ka-b2c'),
('09816c7f-e614-431d-b86f-2f7ebbbc7754', 'ka-b2c'),
('923577e9-e82c-4688-872e-4913ea6b9d42', 'ka-b2c'),
('6f009429-97e7-49cd-a203-8d7913e49d2f', 'ka-b2c'),
('cf995873-b69e-49b9-b5ac-e21531fa57a7', 'ka-b2c'),
('3d6ddd82-9de7-4568-8c7c-e41dfaf1f3bf', 'ka-b2c'),
('39f159d7-ef16-4dea-8f85-ee891b1eda31', 'ka-b2c'),
('d05f8ee0-d767-463a-a8a2-b36c35cbba32', 'ka-b2c'),
('80ee90d0-1a91-4555-92dd-0a8dac03c649', 'ka-b2c'),
('03bb80c3-f65f-4949-9827-f6b2e369cd05', 'ka-b2c'),
('97e50785-823d-4d4e-9ee7-d2222d47a7e2', 'ka-b2c'),
('d641c76d-c1f8-4dea-b473-93666266db30', 'ka-b2c'),
('992dc30c-a1b8-490f-99ef-e4077005aeb6', 'ka-b2c'),
('9a84dae7-b832-4b24-82c8-28f4b495ff96', 'ka-b2c'),
('25de229a-d032-4d46-ae98-130a4c9e2e03', 'ka-b2c'),
('6e8e69dc-02ce-4132-b3eb-19de01719758', 'ka-b2c'),
('0565aa46-57e4-47f7-91f4-177d993483cb', 'ka-b2c'),
('b5616401-ec46-4a0c-aae5-449f315fc8ed', 'ka-b2c'),
('622ca3e6-c890-4ba0-b2f7-13ac40e8f5c5', 'ka-b2c'),
('c7ba9f3b-7abd-46b3-ba42-1ae57af9a9d8', 'ka-b2c'),
('9e038e6e-e86b-4f95-a2e6-a10b7ebd42f4', 'ka-b2c'),
('e0bc7df4-6c7a-4e40-9a46-26d5d6d7ad25', 'ka-b2c'),
('6f1a3cbb-0d6d-4981-b4c9-78fa125983b9', 'ka-b2c'),
('3ad9fc70-8582-4d8f-b301-f54d3e71ecf3', 'ka-b2c');
