-- Batch 48 (200 records)
INSERT INTO contacts (id, first_name, last_name, email, phone, company, address) VALUES
('56e73888-ba45-4a27-9acd-4e41fdbca030', 'Häusler Rahel und Andreas', '(-Bartels)', 'no_spam@partybar.ch', '', NULL, 'Rümikerstrasse 88, 8409 Winterthur, ZH'),
('5b47f33f-7ad4-41c5-b1a2-5fb322911661', 'Häusler', 'Stefan', 'mentronix@gmx.ch', '', NULL, 'Aeschau 890A, 3536 Aeschau, BE'),
('a97549d5-7143-42b4-b4c8-9a2eb3cc289c', 'Häusler-Widmer Corinne &', 'Christian', 'mail@corinnehaeusler.ch', '41797385388', NULL, 'Terrassenweg 14, 5725 Leutwil, AG'),
('2ce69166-d200-439e-97fc-5fa6a919d7b6', 'Hausmann Heidi und Daniel', '(-Thürig)', 'dah@dah-media.ch', '41794214985', NULL, 'Schönenbergstrasse 80B, 8820 Wädenswil, ZH'),
('b58a8e91-8430-4325-ba4b-d6e885cc9033', 'Hausmann Jürg', 'Hermann', 'j.hausmann@gmx.ch', '41797779330', NULL, 'Erlenweg 4, 7000 Chur, GR'),
('26a51f42-d0f6-467b-acf2-760ecfe86e0c', 'Hausmann', 'Karl', 'krlhausmann@gmail.com', '41795658691', NULL, 'Staatsstrasse 161, 3626 Hünibach, BE'),
('b1010b64-92dc-4333-b360-bac28441085f', 'Hausmann', 'Micha', 'hausmann.micha@gmail.com', '41786674472', NULL, 'Schlettstadterstrasse 21, 4055 Basel, BS'),
('fa769f46-18d4-4d2b-9b0e-bf41acd511c6', 'Hausmann Philipp und Lilian', '(-Toron)', 'p.hausmann@gidaboll.com', '', NULL, 'Schimmelstrasse 9, 8003 Zürich, ZH'),
('ef9e4d95-7632-49df-a155-149a82d5241e', 'Hausmann', 'Werner', 'wezi@bluewin.ch', '41793305161', NULL, 'Baslerstrasse 30, 4600 Olten, SO'),
('e70422fa-e472-4fa0-b14b-03aad7e21879', 'Hausold', 'Viktor', 'hausoldviktor@hotmail.com', '', NULL, 'Wehntalerstrasse 299, 8046 Zürich, ZH'),
('11e3e11e-c1b9-4ef7-b4b6-094970b85433', 'Haussmann', 'Markus', 'haussmann@bluewin.ch', '41788580132', NULL, 'Zugerstrasse 27d, 8805 Richterswil, ZH'),
('b2e0e5d1-4098-4ce2-b949-2d2992c8153e', 'Hauswirth Karl', '(-Gasser)', 'karl.hauswirth@fhso.ch', '', NULL, 'Moosweg 4, 3296 Arch, BE'),
('0af5084b-dd97-4231-8db8-1f63fb2fc62f', 'Hauswirth Kathrin, Celine. Florian und Fabian', '(-Reichenbach)', 'kathrin@hauswirth-alpches.ch', '41796824953', NULL, 'Löchlistrasse 17, 3778 Schönried, BE'),
('89be29a7-c0a4-448f-84f7-1697b0d26e47', 'Hauswirth Marcel und', 'Rahel', 'mhauswirth@gmx.ch', '41793919271', NULL, 'Gsteigstrasse 108, 3784 Feutersoey, BE'),
('e3553ff1-deb9-45e4-9528-834c833528c2', 'Hauswirth', 'Markus', 'markus_hauswirth@hotmail.com', '', NULL, 'Krummatt 3, 5707 Seengen, AG'),
('ab611279-711e-4115-94fe-c29b6429fa35', 'Hauswirth Simon', '(-Schild)', 's.hauswirth@bluewin.ch', '', NULL, 'Kirchgasse 3, 3714 Frutigen, BE'),
('94b89310-5e75-4e91-8236-d22006e8c5e6', 'Hauswirth Ueli und Christa', '(-Baumer)', 'hauswirths@bluewin.ch', '41792114788', NULL, 'Mattenstrasse 76, 3780 Gstaad, BE'),
('aa229b03-016e-425a-86fe-52b2e98fdcb5', 'Hautle Antonio und Marianne', '(-Bucher)', 'hautlea@bluewin.ch', '', NULL, 'Chäsirain 13, 6214 Schenkon, LU'),
('6f20e98d-9c2f-49fb-b804-aa383cffcd01', 'Hautle Piero', '(-Ambühl)', 'architekt@breitband.ch', '', NULL, 'Landskronweg 6A, 4107 Ettingen, BL'),
('bb830f0e-4b9a-4b4f-bde9-ba72c5e761a2', 'Havener Thomas und Regula', '(-Nievergelt)', 'regula.nievi@bluewin.ch', '41763392564', NULL, 'Im Bergli 2, 4418 Reigoldswil, BL'),
('25332e47-f7b6-4f8b-b6d9-15fe0e4e79a1', 'Haxhiu', 'Afrim', 'ahaxhiu@bluewin.ch', '41794676420', NULL, 'Oberdorfweg 1, 5619 Uezwil, AG'),
('0310cad2-c864-40af-a915-2a47be52eb14', 'Hayat Khan', 'Mohammad', 'hayat@bluewin.ch', '', NULL, 'Könizstrasse 82, 3008 Bern, BE'),
('f7cb178b-5765-4b0f-bd7d-cf562a4972cf', 'Haymoz', 'Peter', 'info@haymoz.ch', '41788840742', NULL, 'Feggstrasse 7, 9413 Oberegg, AI'),
('cde6112c-24d5-4756-b50f-88d7f77b5869', 'Hazadji Abdelhakim, Grazia, Mariam und', 'Nadja', 'm.grazia@bluewin.ch', '41798885061', NULL, 'Rütistrasse 28, 8580 Amriswil, TG'),
('530490dd-b0ba-4e42-9aff-8da8dc069a80', 'Hebang-Mottet', 'Daniela', 'hebang@gmx.ch', '41786062248', NULL, 'Im Gässli 26, 8162 Steinmaur, ZH'),
('993a9a4e-2703-4f21-88f1-e5d09de7d2c1', 'Hebeisen Anne et Philippe', '(-L''Huillier)', 'philippe-hebeisen@bluewin.ch', '41794495979', NULL, 'Mättivor 3, 6430 Schwyz, SZ'),
('77b863e1-9881-4abf-ac29-a78822572f68', 'Hebeisen Bruno und', 'Edith', 'bruno.hebeisen@ggs.ch', '41788755797', NULL, 'Solothurnstrasse 33A, 4702 Oensingen, SO'),
('269fea58-debb-4488-a68c-53d580471be5', 'Hebeisen', 'Hans-Ruedi', 'hebeisen@swissonline.ch', '', NULL, 'Haldenweg 12, 8425 Oberembrach, ZH'),
('d5f7c8ca-3e55-4b65-98b6-bc1fbfcef0b3', 'Hebeisen', 'Manuel', 'manuelhebeisen@outlook.com', '41794188194', NULL, 'Tunnelstrasse 8, 2540 Grenchen, SO'),
('b78281b6-90b1-4a5d-afcd-ba418c151b17', 'Hebeisen Michael', 'W.', 'michael.hebeisen@evard.ch', '', NULL, 'Grossacherweg 19c, 2572 Sutz, BE'),
('e0ec2732-55e3-4c38-a70c-22f073c6e0e4', 'Hebeisen Susanne', '(-Mani)', 'susi.hebeisen@bluewin.ch', '41774080364', NULL, 'Stockhornstrasse 25, 3052 Zollikofen, BE'),
('adc6880b-4842-4133-a48f-0e1590077c9a', 'Hebeisen', 'Ueli', 'uheb@bluewin.ch', '', NULL, 'Zielstrasse 2, 8400 Winterthur, ZH'),
('b9c3e31f-d0e9-4d74-974a-226a6b42707a', 'Hebel Kai, Manuela, Lars, Julian und Sander', '(-Cotardo)', 'hebel@bluemail.ch', '41794678041', NULL, 'Gartenstrasse 4, 8620 Wetzikon ZH, ZH'),
('bdc5675b-3deb-4131-a6f6-e67da31ba51a', 'Hechler Edith und', 'Peter', 'pe.he@bluewin.ch', '', NULL, 'Plattenstrasse 35, 8810 Horgen, ZH'),
('1b7d47bf-daee-4e0a-846f-bfb10b58465f', 'Hecht Bruno und', 'Gabriela', 'b.hecht@bluewin.ch', '', NULL, 'Lättenweg 14, 8335 Hittnau, ZH'),
('06e649a5-841f-4939-8e0d-30da08cd9007', 'Hecht Pius und Margrith', '(-Zemp)', 'p.hecht@bluewin.ch', '', NULL, 'Seetalstrasse 92A, 6032 Emmen, LU'),
('07932eed-7d7e-495f-ae32-138849bf5df5', 'Heckendorn', 'Fredy', 'f.heck555@gmail.com', '', NULL, 'Heidengasse 6, 8575 Bürglen TG, TG'),
('ff10dd43-ef48-4c8e-98ee-e833ad07604c', 'Hediger', 'Daniel', 'hedan@bluewin.ch', '', NULL, 'Schriberystrasse 7, 3778 Schönried, BE'),
('2d41a2fb-a597-4898-9caa-a52c2102415b', 'Hediger Erika und Walter', '(-Ernst)', 'walter.hediger@bluewin.ch', '', NULL, 'Rosenweg 123, 5273 Oberhofen AG, AG'),
('a14d95ab-0d62-4b59-8591-d36fe55ec76b', 'Hediger', 'Fritz', 'fritzhediger@pop.agri.ch', '', NULL, 'Kreuzzelgstrasse 12, 5507 Mellingen, AG'),
('4eef3831-2e32-4adb-a62d-720f9c6434a9', 'Hediger', 'Hanspeter', 'hhk.maler.hediger@bluewin.ch', '41798144506', NULL, 'Lindengartenstrasse 14, 8302 Kloten, ZH'),
('42ac40e0-465e-486d-a14e-e44e841cc681', 'Hediger Hans-Peter', '(-Hügli)', 'hediger.hp@bluewin.ch', '41794390468', NULL, 'Hasenbühlstrasse 23, 8910 Affoltern am Albis, ZH'),
('1992a2af-ed2c-45bd-8b7c-1503d24d5260', 'Hediger Hans-Peter und', 'Maja', 'hp.hediger@ziksuhr.ch', '', NULL, 'Wiesenweg 12, 5034 Suhr, AG'),
('02ea18a0-5a75-45f4-a5b2-88280cc66ba0', 'Hediger Hermann und Ursula', '(-Bechter)', 'werbewerkstatt@hispeed.ch', '', NULL, 'Obere Holzgasse 4, 5212 Hausen AG, AG'),
('a19531ea-a510-4d60-9954-f085f9fac892', 'Hediger Ilse und', 'Marcel', 'hediger@swissonline.ch', '', NULL, 'In der Breite 9, 8914 Aeugstertal, ZH'),
('30d87070-c4f6-42ed-9539-2a46fcb33e86', 'Hediger', 'Kurt', 'trukregideh@bluewin.ch', '41794202629', NULL, 'St. -Georgen-Strasse 50, 8400 Winterthur, ZH'),
('320418ab-5c1b-495a-8365-441296fc3613', 'Hediger', 'Matthias', 'mhediger@vtxmail.ch', '', NULL, 'Oberkulmerstrasse 1074, 5728 Gontenschwil, AG'),
('5c5e517b-62f9-487f-b43c-880f5736344e', 'Hediger', 'Peter', 'peter.hediger@ref-kirche-oberentfelden.ch', '41795084019', NULL, 'Unterdorfstrasse 26, 5036 Oberentfelden, AG'),
('de81311b-4ce3-4999-a734-70c460b171b2', 'Hediger Thomas', '(-Stäubli)', 'hdthomas@swissonline.ch', '', NULL, 'Widumstrasse 6, 8603 Schwerzenbach, ZH'),
('887621a7-7f2e-4c6e-93d0-6b3bc4aa3da8', 'Hediger Walter', '(-Neresheimer)', 'hediger@gallet.ch', '', NULL, 'Alte Landstrasse 40, 8702 Zollikon, ZH'),
('19d109db-a704-4cc2-b8e0-89a6ae134cb4', 'Hediger Walter', '(-Truninger)', 'hetruni@bluewin.ch', '', NULL, 'Felmenackerstrasse 16, 8548 Ellikon an der Thur, ZH'),
('72c2a713-90bf-4761-a0e3-e14142e05399', 'Hedinger Andi', 'C.', 'andi@carniello.ch', '41797027606', NULL, 'Noll 1, 9043 Trogen, AR'),
('c87d4659-2da0-4dbd-84a3-1be0a7cd1564', 'Hedinger', 'Balz', 'bahe@swissonline.ch', '41792396363', NULL, 'Rosenstrasse 7A, 8953 Dietikon, ZH'),
('2f1cc663-3c37-427b-a3ae-e780daaaef00', 'Hedinger Erwin und', 'Silvia', 'winsilv@bluewin.ch', '', NULL, 'Berninastrasse 106, 8057 Zürich, ZH'),
('51063760-fa19-45bc-bee4-db6a47deeb10', 'Hedinger Johannes', 'M.', 'hedinger@com-com.ch', '41792364373', NULL, 'Höhenring 9, 8052 Zürich, ZH'),
('946993af-9452-4607-af35-f7ea118e9429', 'Hedinger', 'Jonathan', 'jonathan.hedinger@gmx.ch', '41786531168', NULL, 'Platte 5A, 8547 Gachnang, TG'),
('c7c4113b-a971-4041-8bba-15a26dc96e70', 'Hedinger', 'Max', 'max.hedinger@gmail.com', '', NULL, 'Sonnhalde 2, 6289 Müswangen, LU'),
('fbecd3a3-2b93-4b57-869a-081afba4aff9', 'Hedinger', 'Rita', 'ritahedinger@bluewin.ch', '41797568278', NULL, 'Hasenbergstrasse 9, 8213 Neunkirch, SH'),
('71f879e3-fc9e-4284-b6f8-014f1ad0f504', 'Heeb Christian', '(-Riedener)', 'heeb.christian48@bluewin.ch', '', NULL, 'Gaditsch 12a, 9468 Sax, SG'),
('c22a5c29-2c8c-42b2-b2b7-ce5f4cd9eb99', 'Heeb Fidel und Sandra', '(-Kobler)', 'fidel.heeb@bluewin.ch', '41796714065', NULL, 'Brunnenbergstrasse 53, 9464 Rüthi (Rheintal), SG'),
('8ea75214-5873-4ec1-b470-23cc89d4eac0', 'Heeb', 'Gergor', 'heebgregor@bluewin.ch', '41796554620', NULL, 'Espenstrasse 3, 9220 Bischofszell, TG'),
('772c9885-5370-423b-8cd9-cb7a333ea36b', 'Heeb Hans und Menga', '(-Attinger)', 'heeb36@bluewin.ch', '41796166509', NULL, 'J.-C.-Heer-Strasse 36, 8635 Dürnten, ZH'),
('b7fd470e-547a-4c5f-84ea-5c7ee5f76cd5', 'Heeb', 'Jürg', 'j.heeb@elitehair.ch', '', NULL, 'Vadianstrasse 7, 9000 St. Gallen, SG'),
('f242f642-3eec-4ee1-b4c6-b3d5e61d0f60', 'Heeb Marcel und Lutgart', '(-Sinnaeve)', 'marcel.heeb@bluewin.ch', '', NULL, 'Käntlibachstrasse 23, 8635 Dürnten, ZH'),
('88330d01-8539-485e-b7f7-c923392c379c', 'Heeb Markus und Evi', '(-Stieger)', 'm.heeb@bluewin.ch', '41794856334', NULL, 'Oberrieterstrasse 38, 9462 Montlingen, SG'),
('76743e81-9aaa-44ac-812c-cf5fcb44c379', 'Heeb', 'Reto', 'retoheeb@bluewin.ch', '4237922986', NULL, 'Brunnenbergstrasse 15, 9464 Rüthi (Rheintal), SG'),
('d5d6940e-64a5-41a5-8cf8-70418f51391c', 'Heeb', 'Ruedi', 'ruediheeb@bluewin.ch', '', NULL, 'Austrasse 3B, 8840 Trachslau, SZ'),
('62ad9a2a-b8ab-4571-8448-3f80531efd28', 'Heeb', 'Silvia', 'info@naturheilpraxisheeb.ch', '', NULL, 'Kronenstrasse 11, 9450 Altstätten SG, SG'),
('e8063da8-ccdf-435a-80dc-afe2b268f42d', 'Heeb Urs', '(-Kohler)', 'urs.heeb@bluewin.ch', '', NULL, 'Untere Weierbodenstrasse 4, 9620 Lichtensteig, SG'),
('e91d7399-30cf-4cb2-801a-c454dcdead96', 'Heeb Verena', 'Maria', 'vreni.heeb@bluewin.ch', '', NULL, 'Höhenstrasse 1B, 9300 Wittenbach, SG'),
('5598a5e4-63fc-4b4f-b86e-b808f9ef5e58', 'Heer Alois u. Margrit', '(-Exer)', 'heexam@cybercity.ch', '', NULL, 'Morgenhölzlistrasse 42, 8912 Obfelden, ZH'),
('e7dee2bd-a918-42a9-8841-675bafb2faad', 'Heer', 'Andreas', 'andreas@bluewin.ch', '', NULL, 'Püntenstrasse 29, 8143 Stallikon, ZH'),
('a5ddfe0c-0a1d-4b9f-9e74-94380a4adfe0', 'Heer', 'Bruno', 'bruno.heer@swissonline.ch', '', NULL, 'Klostermühlematte 2, 8840 Einsiedeln, SZ'),
('ea23190c-d533-4179-83b8-dc0d707d31ae', 'Heer', 'Erich', 'eheer@bluewin.ch', '', NULL, 'Grabenstrasse 8a, 8952 Schlieren, ZH'),
('c248f0cf-cc6a-4b93-8242-bc369e4847f8', 'Heer Hansruedi und Gisela', '(-Grafke)', 'arch.heer@bluewin.ch', '41794386701', NULL, 'Thuotenbergstrasse 11, 8784 Braunwald, GL'),
('5ce90ff5-a593-4202-8f7a-19739f39a0d7', 'Heer', 'Lilo', 'liloheer@hotmail.com', '', NULL, 'Rütistrasse 31, 8044 Gockhausen, ZH'),
('1359fd44-7712-4edf-8f4d-5c543dba794d', 'Heer', 'Peter', 'hep.hop@bluewin.ch', '', NULL, 'Rütiweg 111, 3072 Ostermundigen, BE'),
('f3c2bcb7-15e3-44fc-b4e1-9bb43ce777c5', 'Heer', 'Regula', 'regula.heer@tierservice.ch', '', NULL, 'Schloss 1, 8497 Fischenthal, ZH'),
('3d869da3-8766-4c7f-bbc0-f3207168e79e', 'Heer Urs u.', 'Eliane', 'heerurs@bluewin.ch', '', NULL, 'Burgstrasse 28, 8750 Glarus, GL'),
('d7bd0098-9b83-4f76-9e39-0980cb4fe7c5', 'Heezen', 'Mirjam', 'mirjam.heezen@hin.ch', '41763035500', NULL, 'Ludretikonerstrasse 53, 8800 Thalwil, ZH'),
('c15bbb04-f757-4df9-99e0-682c9459bd62', 'Hefti', 'Abraham', 'abraham.hefti@bluewin.ch', '', NULL, 'Hauptstrasse 78, 8772 Nidfurn, GL'),
('a2772c36-7b0d-482b-bf70-fdc9fbfc4e31', 'Hefti', 'David', 'david@govertical.ch', '41793706190', NULL, 'Via Maistra 163, 7504 Pontresina, GR'),
('9361f9bd-d6fe-46e0-9046-daf1c404c7f9', 'Hefti', 'Hanspeter', 'pitschu1@bluewin.ch', '', NULL, 'Büelstrasse 19, 3784 Feutersoey, BE'),
('cbff3104-6c7e-44f6-a463-ddeb4d91bc3c', 'Hefti', 'Heinz', 'heinzhefti@bluewin.ch', '', NULL, 'Alteinstrasse 18, 7050 Arosa, GR'),
('2f7da11d-b855-4088-934c-296dbb25fb3d', 'Hefti', 'Heinz', 'heftiheinz@bluewin.ch', '41794898100', NULL, 'Untergatter 3, 9472 Grabs, SG'),
('21df0036-e13f-4268-bba8-2160b4e5418b', 'Hefti Hofstetter', 'Susanne', 'info@carneti-coaching.ch', '41795054823', NULL, 'Veia Larischs 5, 7460 Savognin, GR'),
('c26a9e02-8652-42a8-aae8-99d6cea0cab3', 'Hefti', 'Lorenz', 'lorenz.hefti@windowslive.com', '', NULL, 'Oberstrasse 239, 9014 St. Gallen, SG'),
('50b31048-1775-4722-ab97-4258306864e3', 'Hefti Markus und Kelly', '(-Bregua)', 'hefti.markus@bluewin.ch', '41795960440', NULL, 'Riedtalstrasse 16, 4800 Zofingen, AG'),
('c470af54-abf4-4156-ab84-2cca7aaa7535', 'Hefti Markus und', 'Ruth', 'hefti@hefti1.com', '', NULL, 'Schwändibergstrasse 3, 8784 Braunwald, GL'),
('3e6d4e37-8dce-42e2-8ff7-187729073491', 'Hefti Peter und Gun', '(-Berglund)', 'hefti-berglund@bluewin.ch', '', NULL, 'Haldenstrasse 18, 8302 Kloten, ZH'),
('81b48609-1fab-48af-94b5-6102517b863a', 'Hefti', 'René', 'hefti.schreiner@bluewin.ch', '41794393884', NULL, 'Im Has 4, 4616 Kappel SO, SO'),
('84a0f5da-404a-4693-b373-54b55d33f347', 'Hefti', 'Sammy', 'sammy@hefti-services.ch', '41794047678', NULL, 'Molseralpstrasse 9, 8898 Flumserberg Tannenbodenalp, SG'),
('d252b458-f069-4193-ba0e-41839504eda1', 'Hefti', 'Thea', 'thea.hefti63@bluewin.ch', '41786114694', NULL, 'Habersack 28, 9305 Berg SG, SG'),
('a4df191f-7c26-487c-80af-570ea3202399', 'Hefti', 'Urs', 'bkk-finanz@hispeed.ch', '41762240558', NULL, 'Adlerstrasse 8b, 9463 Oberriet SG, SG'),
('45c04b60-3d22-4d9f-aeb0-9f644e71d102', 'Hefty', 'Gregor', 'gregor.hefty@hispeed.ch', '41772533988', NULL, 'Mittlere Strasse 151, 4056 Basel, BS'),
('cf0f0328-77d7-4a5b-9dc2-3df6ca502fc2', 'Hégelé', 'Alexander', 'hegele@swissonline.ch', '', NULL, 'Belchenstrasse 14, 4054 Basel, BS'),
('5ff67dfa-bcf6-41a2-b044-e71441b4086d', 'Hegeman', 'Leonard', 'leomantie@bluewin.ch', '41793045594', NULL, 'Riedikerstrasse 76, 8616 Riedikon, ZH'),
('d0a4a148-6109-4050-a609-e8b14aadc619', 'Hegetschweiler Rolf', '(-Bonvin)', 'rolf@hegetschweiler.ch', '', NULL, 'Lanzenstrasse 4, 8913 Ottenbach, ZH'),
('4e38c78c-2c20-4551-a84e-317fa1e1825b', 'Hegg Thomas und Jenny', '(-Hoffmann)', 'jennytom@bluemail.ch', '', NULL, 'Untere Halde 1, 5453 Remetschwil, AG'),
('567faf6f-c871-4a49-85ad-b8cc236a0b60', 'Heggendorn', 'Andreas', 'andreas@heggendorn.ch', '41797339950', NULL, 'Laresch 2, 7433 Mathon, GR'),
('a5f2632d-6c12-4fb7-827e-ca205f8c3ff6', 'Heggendorn Olgiati', 'Christine', 'c.heggendorn@gmx.ch', '', NULL, 'Balmerstrasse 8, 3006 Bern, BE'),
('f66ca78a-6d6b-4774-9ad0-4345bb58d85d', 'Heggli Christian', '(-Franke)', 'christian.heggli@weber-marmoran.ch', '41796457870', NULL, 'Mühlegasse 2b, 8505 Pfyn, TG'),
('a028b654-fa6b-47d2-88a9-938b4182d70e', 'Heggli', 'David', 'heggli@gmx.ch', '41787071723', NULL, 'Haldenweg 7, 8245 Feuerthalen, ZH'),
('fe93a266-b7d9-4dfa-a3ec-9ea97ce39de2', 'Heggli Ernst und Madeleine', '(-Hirt)', 'ernst.heggli@gmx.ch', '41763273320', NULL, 'Benzeweg 17, 8222 Beringen, SH'),
('8ba028ae-425c-499b-8ce9-5e9d7deec7b2', 'Heggli Franz und', 'Verena', 'f.heggli45@bluewin.ch', '41792096813', NULL, 'St. Johannserstrasse 18, 5312 Döttingen, AG'),
('a7c87c94-7e11-40fa-97d5-96bdc4294f4a', 'Heggli', 'Hans-Rudolf', 'h.heggli@bluewin.ch', '41795693774', NULL, 'Mühleweg 1, 6010 Kriens, LU'),
('52cc2d35-1745-4f76-b41f-705b219fa31a', 'Heggli', 'Markus', 'marheggli@bluewin.ch', '41794214827', NULL, 'Hummelbergstrasse 25, 8645 Jona, SG'),
('e12fe0c1-2b11-4ad3-a96b-3c94ca574480', 'Heggli-Kurmann Isidor und', 'Jolanda', 'isidor.heggli@gmx.ch', '', NULL, 'Zelgstrasse 15, 8222 Beringen, SH'),
('646b4035-0473-4266-b2bc-5bc21aa39b01', 'Hegglin', 'Andrea', 'andrea.hegglin@gmx.ch', '41794099284', NULL, 'Sandrainstrasse 97, 3007 Bern, BE'),
('49bb12f0-d8f0-460a-9de2-ac6b71b05b83', 'Hegglin', 'Armin', 'hegglin.a@bluewin.ch', '41792762266', NULL, 'Gutschstrasse 20, 6313 Menzingen, ZG'),
('e01d1487-764c-4ddb-a32d-21c740279c46', 'Hegglin Judith, Cedric, Carmen, Jérôme und Carole', '(-Fischer)', 'judith.hegglin@gmx.ch', '', NULL, 'Löwenacher 4, 6017 Ruswil, LU'),
('5389e16c-9052-4f0d-942b-b7146bc9dffc', 'Hegglin Paul u. Marlies', '(-Amstutz)', 'p.hegglin@bluewin.ch', '', NULL, 'Mühlestrasse 19, 6313 Edlibach, ZG'),
('f9f205d9-078a-425b-aec2-f7d5d100e656', 'Hegglin Richard und Margrit', '(-Krieg)', 'rihegglin@bluewin.ch', '', NULL, 'Rainweg 4b, 6313 Menzingen, ZG'),
('36fcedf7-9d37-4779-9c4e-b8ebf32e5afe', 'Hegglin Röösli', 'Pia', 'pia.hegglin@gmx.ch', '41764109471', NULL, 'Fridbachweg 7, 6300 Zug, ZG'),
('95ade63c-518c-43a8-8205-f3dbcb76c4a6', 'Hegglin Walter', '(-Iseli)', 'walti@waltisgetraenkehandel.ch', '41794389068', NULL, 'Rairing 63, 8108 Dällikon, ZH'),
('820a5d9f-361e-405a-9f5e-9d6fb164ff82', 'Hegi', 'Fritz', 'fritzhegi@bluewin.ch', '41793016561', NULL, 'Lerberstrasse 32, 3013 Bern, BE'),
('eded6225-be2d-46db-bb14-cdcdaee48f93', 'Hegi Martina und Mirko', '(-Staub)', 'hegi@bluewin.ch', '41796827493', NULL, 'Feldstrasse 21, 4900 Langenthal, BE'),
('9bb97c4c-3f61-47b4-b4df-25e7ca7dba76', 'Hegi', 'Oliver', 'oliverhegi@gmx.ch', '41794531221', NULL, 'St. Urbanstrasse 90, 4900 Langenthal, BE'),
('e6fae44c-7b7a-43d6-a574-29cc0c6d2176', 'Hegi', 'Peter', 'hegi.peter@swissonline.ch', '', NULL, 'Rainhaldenstrasse 7, 8114 Dänikon ZH, ZH'),
('a00a50da-bc4d-4ac9-b128-cc5c1afdee17', 'Hegi Peter und Ursula', '(-Glur)', 'p.u.hegi@besonet.ch', '', NULL, 'Ahornweg 10, 4914 Roggwil BE, BE'),
('6d268cfe-1b7e-45b2-80c2-54fc3292df9f', 'Hegner Anneliese', '(-Hinterberger)', 'anneliese.hegner@bluewin.ch', '', NULL, 'Kniestrasse 10, 8640 Rapperswil SG, SG'),
('5d713edc-8777-4087-b61a-1e91b5dfdb81', 'Hegner', 'Lukas', 'luc.heg@bluewin.ch', '', NULL, 'Unterfeldhof 17, 8854 Galgenen, SZ'),
('35b107bf-693a-46d5-b1ba-3f6f715a5b89', 'Hegner', 'Margrit', 'maggie.hegner@bluewin.ch', '41792813839', NULL, 'Wasenstrasse 10, 8280 Kreuzlingen, TG'),
('77116da2-9b18-4fca-857a-0f13ccd1f258', 'Hegner', 'Pascal', 'pascal@studiohegner.ch', '41794358444', NULL, 'Höflistrasse 2, 4532 Feldbrunnen, SO'),
('e2360660-7ad7-4c72-8d25-597f8c314cb8', 'Hegner', 'Roman', 'r.hegner@datacomm.ch', '41796053828', NULL, 'Remigihofstrasse 7, 8730 Uznach, SG'),
('65f6d3a7-bf07-43d1-a25a-7958ab236610', 'Hehli', 'Werner', 'werner.hehli@bluewin.ch', '', NULL, 'Strassburgerallee 86, 4055 Basel, BS'),
('af6fed68-2feb-444f-a8c1-66c5f49f4f8d', 'Heid', 'Caroline', 'honigbiinli@yahoo.de', '41794588236', NULL, 'Rheinfelderstrasse 63, 4450 Sissach, BL'),
('ebd4b0b4-a5e7-4895-b7b0-38f1d9b99ebf', 'Heid', 'Karin', 'pasadena-blumen@bluewin.ch', '', NULL, 'Schulstrasse 20, 4450 Sissach, BL'),
('a2a280e3-1623-422f-a5e3-5e378305bd95', 'Heid', 'Roger', 'rogerheid@itcenter.ch', '', NULL, 'Bachwiesenstrasse 13, 5436 Würenlos, AG'),
('23d72871-c681-4dc5-9326-2f99d4f06029', 'Heidegger Anita und Martin', '(-Schmidt)', 'm.heidegger@bluewin.ch', '', NULL, 'Hauptstrasse 51, 8280 Kreuzlingen, TG'),
('9ec59e68-b8d4-437f-a707-6581207d626c', 'Heidelberger', 'Daniel', 'd.heidelberger@gmx.net', '41786086361', NULL, 'Dorfrain 11, 5745 Safenwil, AG'),
('e53a37bd-6841-4678-b510-0e23bfa2373b', 'Heidelberger', 'Franz', 'franz-h@bluewin.ch', '', NULL, 'Stapfenackerstrasse 58, 3018 Bern, BE'),
('5390734b-0faa-42c4-8fed-0e81bb330e83', 'Heider Gabriel and', 'Kristina', 'gk.heider@t-online.de', '', NULL, 'Neuhaltenring 1, 6030 Ebikon, LU'),
('d2c2b5df-5b67-4103-b85e-dadc12870e50', 'Heierle Denise', '(-Nebauer)', 'daisy.route66@gmx.ch', '41795255420', NULL, 'Eichenstrasse 401, 5054 Kirchleerau, AG'),
('850a0db5-1de9-4c3d-8fc6-a87d2cd6e103', 'Heierli', 'Dani', 'd.heierli@bluewin.ch', '41797868807', NULL, 'Nutzenbuech 3779, 9200 Gossau SG, SG'),
('31af69b1-38c9-4946-9a7e-0264df0e4cf5', 'Heierli Elisabeth und Hanspeter', '(-Polentarutti)', 'elisabeth.heierli@bluewin.ch', '41793039208', NULL, 'Stossstrasse 5, 9056 Gais, AR'),
('309b8cba-e485-4eef-9343-a41789b6abc1', 'Heierli', 'Walter', 'w.heierli@gsa-gmbh.ch', '41797334559', NULL, 'Albulastrasse 6, 8200 Schaffhausen, SH'),
('d7b35112-0db4-444a-820c-24ee49c929bf', 'Heil Astrid', '(-Wellauer)', 'heillichtoase@bluewin.ch', '', NULL, 'Meltingerstrasse 7, 4053 Basel, BS'),
('249fcba2-2dc4-41d7-bd7e-ef64c5668dd7', 'Heil', 'Heinrich', 'h.heil@heil-heizung.ch', '41767610444', NULL, 'Dorfstrasse 40, 3366 Bettenhausen, BE'),
('f5cb9ce7-25b0-4546-80c6-4c38bacaef48', 'Heilig', 'Barbara', 'salvador.r@mysunrise.ch', '41792739480', NULL, 'Rosenstrasse 18, 9400 Rorschach, SG'),
('e9540f89-9330-4489-b97e-4b3d74fac1a7', 'Heiliger', 'Marcus', 'meggesh@web.de', '41789221689', NULL, 'Freiestrasse 41A, 3604 Thun, BE'),
('cecbccab-40b0-4702-a041-1b26cf26fe61', 'Heiliger Siegfried und', 'Vera', 'anfrage@putzengel.ch', '41786996802', NULL, 'Blumenstrasse 40, 8240 Thayngen, SH'),
('2ed2fa29-903b-47f3-adfa-51ee9f9182c2', 'Heilmann', 'Thomas', 'thomas.heilmann@bluewin.ch', '', NULL, 'Neumarkt 12, 8001 Zürich, ZH'),
('9be9d5b3-113a-415d-92c6-07e06101ecd8', 'Heim Alex und Ursula', '(-Pfluger)', 'heim.alex@bluewin.ch', '41763320451', NULL, 'Hardgrabenstrasse 52, 4623 Neuendorf, SO'),
('986fe842-0f40-4aec-9990-536b1ddc1479', 'Heim Apolonia', '(-Stigger)', 'anisha1@gmx.ch', '41787971888', NULL, 'Heiselstrasse 63F, 8155 Niederhasli, ZH'),
('15c09810-0197-4095-a855-1bcb57aa79ef', 'Heim', 'Gerhard', 'com-service@gmx.ch', '41765006496', NULL, 'Treuackerstrasse 27, 9000 St. Gallen, SG'),
('6a865e6b-7295-424f-adaa-181dfa74dfc5', 'Heim', 'Jonas', 'jonas.heim@gmail.com', '41792792139', NULL, 'Seldwylaweg 3, 2503 Biel/Bienne, BE'),
('d16aefc1-9c72-4efd-94b3-c0b737c859b1', 'Heim Karl und', 'Heidi', 'h.heim@bluewin.ch', '', NULL, 'Kreuzhaldenstrasse 28, 8192 Glattfelden, ZH'),
('4149223f-65b1-4073-94ea-91548d6bde10', 'Heim Niklaus und', 'Beatrice', 'heim@compuserve.com', '', NULL, 'Obere Brünishalde 30, 5619 Büttikon AG, AG'),
('ecf7324e-4bf3-4336-8604-336a4aa56568', 'Heim', 'Oliver', 'o.heim@bluewin.ch', '', NULL, 'Jeninserstrasse 30, 7208 Malans GR, GR'),
('2ee73d1d-ff78-4aff-ba56-1397c6a5e839', 'Heim Tobias, Selma und', 'Dimitri', 'tobi.heim@hotmail.com', '41765624951', NULL, 'Bürenstrasse 37, 3007 Bern, BE'),
('3b9c8ac0-e4ee-487c-990d-b59cf3bb77a6', 'Heim Ursula und', 'Peter', 'ursula.casa@bluewin.ch', '', NULL, 'Lantschenstrasse 4d, 9402 Mörschwil, SG'),
('0372fc93-c7b3-4ad4-befc-e97227bd325e', 'Heim', 'Werner', 'werner@heim.ch', '', NULL, 'Alte Römerstrasse 30, 8404 Winterthur, ZH'),
('7cba3782-e465-4945-ae6c-01e464a063b0', 'Heimann Ernst A. und Elsbeth', '(-Haury)', 'e.heimann-haury@tiscalinet.ch', '', NULL, 'Buechweg 203, 4493 Wenslingen, BL'),
('8ecb5081-1ca4-4aec-bf8c-4f8d08589090', 'Heimann Helmut und Habegger', 'Bettina', 'helmut.heimann@bluewin.ch', '41774115170', NULL, 'Rebenweg 24, 2576 Lüscherz, BE'),
('2bd73e0b-0ab7-42b6-9cf5-5b8d5195fd71', 'Heimann Willi und Erika', '(-Kern)', 'w.heimann@bluewin.ch', '41766811391', NULL, 'Bergstrasse 6, 9038 Rehetobel, AR'),
('839aac15-e2d6-43b5-8349-eca0ee3fb898', 'Heimberg Kurt und', 'Ursula', 'kh@intergga.ch', '41763774444', NULL, 'Erlenstrasse 5, 4153 Reinach BL, BL'),
('efa02362-10ab-4ef2-b3a6-2beb488d4e14', 'Heimberg Kurt und Yolanda', '(-Estermann)', 'kurt.heimberg@gmx.ch', '', NULL, 'Lohrenstrasse 9, 5525 Fischbach-Göslikon, AG'),
('4f4e63dd-b22a-4fe6-8915-10a1abd8b40a', 'Heimberg', 'Nycko', 'nycko.h@gmail.com', '41794432200', NULL, 'Dorfstrasse 24, 2512 Tüscherz-Alfermée, BE'),
('64f69fb9-5ab6-4ff2-8ed1-36cbb48007b4', 'Heimberg Paul und Rosmarie', '(-Kunz)', 'pa.heimberg@bluewin.ch', '41794714678', NULL, '3758 Latterbach, BE'),
('1e784f06-e8d2-4d1f-89dd-8f2995d3423a', 'Heimberg', 'Thomas', 'info@garageheimberg.ch', '', NULL, 'Brünigstrasse 225, 6072 Sachseln, OW'),
('ffa3b65e-e3b6-4a6d-afc1-90b11e0827b5', 'Heimberg', 'Ursula', 'ursula.heimberg@gmx.net', '41792158573', NULL, 'Obermoosweg 9, 3324 Hindelbank, BE'),
('1061c98f-d6de-433c-9195-05c0e950c5d6', 'Heimer', 'Andreas', 'athedy@hotmail.com', '', NULL, 'Seestrasse 640, 8706 Meilen, ZH'),
('1cea5d95-7725-49e4-87f0-10c7bbeaf1ae', 'Heimers Werner und Heidi', '(-Schudel)', 'heidi@heimers.ch', '', NULL, 'Klingelbergstrasse 69, 4056 Basel, BS'),
('2404e0e1-10f6-4930-865a-970d1f2a2326', 'Heimgartner Adrian, Cornelia, Simon und', 'Daniel', 'heimgartners@bluewin.ch', '', NULL, 'Wiedmattenstrasse 10, 5525 Fischbach-Göslikon, AG'),
('9b53926e-591d-4ea0-b053-b12899a58668', 'Heimgartner Bernardin', 'Franz', 'bernardin.heimgartner@kapuziner.org', '41797431031', NULL, 'Sonnhaldenstrasse 2, 6283 Baldegg, LU'),
('4c982dea-3d35-4a5b-b61a-ab9baf2bcca1', 'Heimgartner', 'Cyrill', 'ch@chcon.ch', '41794319945', NULL, 'Wiedmattenstrasse 8, 5525 Fischbach-Göslikon, AG'),
('526915c3-a8c3-4adf-b7cd-6c92bf262092', 'Heimgartner', 'Daniel', 'daniel.58@bluemail.ch', '', NULL, 'Speetelacherstrasse 33, 5244 Birrhard, AG'),
('9b572f01-016d-40fa-81f3-6cc8594a29be', 'Heimgartner', 'Franz', 'fr.heimgartner@bluewin.ch', '', NULL, 'Deinikonerstrasse 37b, 6340 Baar, ZG'),
('a9906cfe-01db-4359-bb25-5c29343b7b26', 'Heimgartner', 'Johanna', 'johanna.heimgartner@bluewin.ch', '', NULL, 'Balmstrasse 6, 6045 Meggen, LU'),
('24740e08-19a7-4e8a-a412-4593dac70e48', 'Heimgartner Jürg und', 'Melinda', 'juerg.heimgartner@gmx.net', '', NULL, 'Gänsbrühlweg 11, 2545 Selzach, SO'),
('0e332887-faa7-4195-a779-a328c3115f0d', 'Heimgartner Linda und Peter', '(-Käufeler)', 'heimi55@bluewin.ch', '', NULL, 'Oberdorfstrasse 19, 5606 Dintikon, AG'),
('edaebb71-2faa-478b-a01c-fe8c8df95d5e', 'Heimgartner', 'Martin', 'heimi4@bluewin.ch', '41792179455', NULL, 'Auf dem Höli 221, 5246 Scherz, AG'),
('915442a3-0ee5-4e7b-a0a1-4deedc4276d0', 'Heimgartner Rico und Brigitte', '(-Rohner)', 'rico.heimgartner@bluewin.ch', '41792163089', NULL, 'Gartenweg 1, 9104 Waldstatt, AR'),
('31ab5cf8-eadb-489b-bcfd-32f434a0f47a', 'Heimgartner', 'Roland', 'info@rolandheimgartner.ch', '41794141456', NULL, 'Rossbergstrasse 26, 8002 Zürich, ZH'),
('bf836336-c059-4d4a-818e-5a0c316ae405', 'Heimgartner', 'Susanne', 'susanne.heimgartner@bluewin.ch', '41795412913', NULL, 'Stelzenrebenstrasse 5, 9403 Goldach, SG'),
('d56fc02b-0b62-411c-bc60-7412b6ba62d3', 'Heimgartner', 'Yvonne', 'yvonne.heimgartner@bluewin.ch', '', NULL, 'Oberer Schüracherweg 9, 5452 Oberrohrdorf, AG'),
('a7ea96cc-a2aa-4cce-b8f1-8608dda21d3c', 'Heimgartner', 'Yvonne', 'yvonne.heimgartner@bluewin.ch', '41792346370', NULL, 'Schönaustrasse 3, 5442 Fislisbach, AG'),
('dbefe831-b642-4938-be3e-49d7b3e6909e', 'Heimlinger Rolf und', 'Iris', 'prof.heimlinger@bluewin.ch', '41792089173', NULL, 'Breichtenstrasse 20, 3074 Muri b. Bern, BE'),
('a5dfcb5d-41bd-4de7-9200-4a9052cd08db', 'Heinemann', 'Wilfried', 'heitec@heinemann.li', '41794202637', NULL, 'Juchmattstrasse 28, 8805 Richterswil, ZH'),
('e0d88d7e-5e37-44d4-b519-8280d521628d', 'Heinen', 'Adrian', 'adrian@adrianheinen.com', '', NULL, 'Walden 7, 4704 Niederbipp, BE'),
('5030d900-3729-47ac-a25f-c11445f3b279', 'Heini', 'Andi', 'andi_heini@hotmail.com', '41798133565', NULL, 'Seehof 2.1, 6123 Geiss, LU'),
('1b74fb0e-c06a-4add-a35e-e4c2b32e9e62', 'Heini', 'Daniel', 'architektur@atelier-heini.ch', '41792859574', NULL, 'Via Sableun 12, 7402 Bonaduz, GR'),
('4205dfd1-3e3c-48a5-abec-d30948fab30a', 'Heini Hans', 'W.', 'hein.erle@hotmail.com', '', NULL, 'Luzernstrasse 90, 6102 Malters, LU'),
('ce818e90-caf2-4579-b6e5-49318e171a38', 'Heini Martin u. Renate', '(-Rast)', 'martin.heini@bluewin.ch', '', NULL, 'Habermattweg 7, 6010 Kriens, LU'),
('be1f450e-4d71-4b5d-a877-81b159cffead', 'Heini René und Miriam', '(-Schmid)', 'rene.heini@bluewin.ch', '', NULL, 'Lindenbrunnenstrasse 5, 6274 Eschenbach LU, LU'),
('95af4eb2-6a5f-4cbb-9d94-5e25b154b667', 'Heini Roland und Caroline', '(-Meyer)', 'family@heini.info', '41792427069', NULL, 'Herferswil 54, 8932 Mettmenstetten, ZH'),
('b46f635b-a092-491d-9bb8-b2dd2aafd4a3', 'Heini Roland, Esther und Melanie', '(-Küttel)', 'heini@jemako-mail.com', '', NULL, 'Kreuzstrasse 14, 6353 Weggis, LU'),
('58385237-d066-424d-90cb-0a21b27778e9', 'Heini Urs u. Luzia', '(-Fuchs)', 'u.heini@bluewin.ch', '', NULL, 'Fuchsmatt 27, 6432 Rickenbach b. Schwyz, SZ'),
('783f5690-3ef3-4b05-a57e-5b9535ef0283', 'Heiniger Beat und Rita', '(-Probst)', 'beat.heiniger@gmail.com', '', NULL, 'Kaselfeldstrasse 29, 4512 Bellach, SO'),
('045686cb-2e03-4b37-b70a-cbc7584a8e57', 'Heiniger Beat und Ruth', '(-Meyer)', 'beat.heiniger@helvetia.ch', '41793329064', NULL, 'Bärenmatte 6K, 3464 Schmidigen-Mühleweg, BE'),
('05057f33-9799-4465-b94e-120e1eb68702', 'Heiniger Daniel und Sandra', '(-Aebersold)', 'heiniger85@bluewin.ch', '41788766624', NULL, 'Allmendweg 5, 3089 Hinterfultigen, BE'),
('5b75b16c-7d29-4344-9398-f137be40829b', 'Heiniger Hans-Peter und Vreni', '(-Bigler)', 'fam-heiniger@bluewin.ch', '', NULL, 'Äsch 193A, 3453 Heimisbach, BE'),
('b8951a00-a013-4f44-8836-dda2d99d113d', 'Heiniger Huber', 'Silvia', 'r.huber68@bluewin.ch', '41796446216', NULL, 'Hexmattstrasse 18, 4133 Pratteln, BL'),
('b4297052-717b-4f28-ad9d-7baf01fb9745', 'Heiniger Jörg Alain und Murielle', '(-Grandjean)', 'joerg.heiniger@gmail.com', '', NULL, 'Oberer Rebbergweg 60, 4153 Reinach BL, BL'),
('e9b475b1-c52d-4b3e-9aa4-2b28e2b9363f', 'Heiniger', 'Markus', 'markus.heiniger@parasolfilms.ch', '41797082985', NULL, 'Mittelstrasse 10, 4900 Langenthal, BE'),
('88b7754c-fcd5-4219-87cb-f4d9eba2ac10', 'Heiniger', 'Martin', 'physioheiniger@bluewin.ch', '', NULL, 'Unterer Quai 37, 2502 Biel/Bienne, BE'),
('75336644-96b8-438b-bd6f-f4c20e0a2dbd', 'Heiniger Martin und', 'Elisabeth', 'martin.heiniger@heinigersport.ch', '41794306490', NULL, 'Stegmattweg 7, 3250 Lyss, BE'),
('f1c9ec70-fd22-4a66-956b-4270f79cad43', 'Heiniger Meyer', 'Ursula', 'heiniger.meyer@bluewin.ch', '', NULL, 'Gossetstrasse 36, 3084 Wabern, BE'),
('9a42771c-5a05-40ab-82bf-dff99fc07360', 'Heiniger Paul und Martina', '(-Sanchez)', 'paul_heiniger@hotmail.com', '41764764877', NULL, 'Eisenbahnerstrasse 6, 8048 Zürich, ZH');

INSERT INTO leads (id, contact_id, source, status, value, notes) VALUES
('8ce5a6b4-dffc-4ea3-b7ce-fa55f2b3d372', '56e73888-ba45-4a27-9acd-4e41fdbca030', 'KALTAKQUISE', 'ACTIVE', 0, NULL),
('a2e56cb0-0815-4880-9d05-25f5ceb51d7e', '5b47f33f-7ad4-41c5-b1a2-5fb322911661', 'KALTAKQUISE', 'ACTIVE', 0, NULL),
('5073ace9-265a-45c5-ab85-9fb59c890dee', 'a97549d5-7143-42b4-b4c8-9a2eb3cc289c', 'KALTAKQUISE', 'ACTIVE', 0, NULL),
('7de79e7a-9950-4de6-afa8-b838c2dc197f', '2ce69166-d200-439e-97fc-5fa6a919d7b6', 'KALTAKQUISE', 'ACTIVE', 0, NULL),
('23ba48f7-9a55-4954-87c2-15c97707dd2b', 'b58a8e91-8430-4325-ba4b-d6e885cc9033', 'KALTAKQUISE', 'ACTIVE', 0, NULL),
('9da2fd3d-f07b-4ce3-a851-e43c2d3ea67d', '26a51f42-d0f6-467b-acf2-760ecfe86e0c', 'KALTAKQUISE', 'ACTIVE', 0, NULL),
('d8674432-5c0b-4938-a1f7-ff8575e42840', 'b1010b64-92dc-4333-b360-bac28441085f', 'KALTAKQUISE', 'ACTIVE', 0, NULL),
('22180633-58d1-4dc4-81b8-4a4b70fc63e9', 'fa769f46-18d4-4d2b-9b0e-bf41acd511c6', 'KALTAKQUISE', 'ACTIVE', 0, NULL),
('d8d8f372-6942-43b9-8165-ecc9ad601a3f', 'ef9e4d95-7632-49df-a155-149a82d5241e', 'KALTAKQUISE', 'ACTIVE', 0, NULL),
('1f786eed-5b18-406d-bfdb-4db0cdbe2a2e', 'e70422fa-e472-4fa0-b14b-03aad7e21879', 'KALTAKQUISE', 'ACTIVE', 0, NULL),
('3fd0d75e-c60a-454b-b2e5-078d90b35fdb', '11e3e11e-c1b9-4ef7-b4b6-094970b85433', 'KALTAKQUISE', 'ACTIVE', 0, NULL),
('010df1d0-9031-4429-993d-253ee30c9d57', 'b2e0e5d1-4098-4ce2-b949-2d2992c8153e', 'KALTAKQUISE', 'ACTIVE', 0, NULL),
('5eb45bd3-9e2d-49af-9536-fd823de903b6', '0af5084b-dd97-4231-8db8-1f63fb2fc62f', 'KALTAKQUISE', 'ACTIVE', 0, NULL),
('9240cad7-9342-4324-8685-d27dfed3df58', '89be29a7-c0a4-448f-84f7-1697b0d26e47', 'KALTAKQUISE', 'ACTIVE', 0, NULL),
('f9dc7031-680c-44f7-aa3f-67e300e631b1', 'e3553ff1-deb9-45e4-9528-834c833528c2', 'KALTAKQUISE', 'ACTIVE', 0, NULL),
('b4fb9267-4c9e-4d40-b988-6362329dc608', 'ab611279-711e-4115-94fe-c29b6429fa35', 'KALTAKQUISE', 'ACTIVE', 0, NULL),
('cb4b343c-bc2e-453b-8a9e-40e94a97b122', '94b89310-5e75-4e91-8236-d22006e8c5e6', 'KALTAKQUISE', 'ACTIVE', 0, NULL),
('00803dc8-1bc2-445c-80de-92ebc1f098fc', 'aa229b03-016e-425a-86fe-52b2e98fdcb5', 'KALTAKQUISE', 'ACTIVE', 0, NULL),
('1f291c13-bdd8-47c3-aff5-d70565c70ed6', '6f20e98d-9c2f-49fb-b804-aa383cffcd01', 'KALTAKQUISE', 'ACTIVE', 0, NULL),
('cc672365-02ab-4f7f-9737-cf61abcc5939', 'bb830f0e-4b9a-4b4f-bde9-ba72c5e761a2', 'KALTAKQUISE', 'ACTIVE', 0, NULL),
('48aeb84f-49d1-46ec-b0c3-42aef8d5572f', '25332e47-f7b6-4f8b-b6d9-15fe0e4e79a1', 'KALTAKQUISE', 'ACTIVE', 0, NULL),
('e08809fe-53a6-4137-a9c4-3a0dbf47971a', '0310cad2-c864-40af-a915-2a47be52eb14', 'KALTAKQUISE', 'ACTIVE', 0, NULL),
('154c11f2-d7d5-4e40-8268-61871967c597', 'f7cb178b-5765-4b0f-bd7d-cf562a4972cf', 'KALTAKQUISE', 'ACTIVE', 0, NULL),
('ba8092de-d0cd-4e48-bc95-c6bc617feb82', 'cde6112c-24d5-4756-b50f-88d7f77b5869', 'KALTAKQUISE', 'ACTIVE', 0, NULL),
('945cc1cd-8008-4a03-bdc8-0dd34172e830', '530490dd-b0ba-4e42-9aff-8da8dc069a80', 'KALTAKQUISE', 'ACTIVE', 0, NULL),
('9cfdb9fb-5d4e-48ef-a495-1d1d1f5ef7ef', '993a9a4e-2703-4f21-88f1-e5d09de7d2c1', 'KALTAKQUISE', 'ACTIVE', 0, NULL),
('eb410d1a-1673-4b2e-b7a7-9f6dc67b35a0', '77b863e1-9881-4abf-ac29-a78822572f68', 'KALTAKQUISE', 'ACTIVE', 0, NULL),
('cfd6c24a-131a-4e1a-b543-47a3121af80d', '269fea58-debb-4488-a68c-53d580471be5', 'KALTAKQUISE', 'ACTIVE', 0, NULL),
('ee9d0c4f-9dbd-47a1-a59f-c8395c87de17', 'd5f7c8ca-3e55-4b65-98b6-bc1fbfcef0b3', 'KALTAKQUISE', 'ACTIVE', 0, NULL),
('6ac225a4-6a3c-4bb8-a813-4b7a8de1343b', 'b78281b6-90b1-4a5d-afcd-ba418c151b17', 'KALTAKQUISE', 'ACTIVE', 0, NULL),
('3a40420a-3abc-4da0-9002-e457a10fe24e', 'e0ec2732-55e3-4c38-a70c-22f073c6e0e4', 'KALTAKQUISE', 'ACTIVE', 0, NULL),
('0ee21ef9-5699-4bb0-a5e6-eabbfaf7192a', 'adc6880b-4842-4133-a48f-0e1590077c9a', 'KALTAKQUISE', 'ACTIVE', 0, NULL),
('79d996e3-88cb-4a4f-93c2-b764e15e8d94', 'b9c3e31f-d0e9-4d74-974a-226a6b42707a', 'KALTAKQUISE', 'ACTIVE', 0, NULL),
('db56cef1-2241-45c3-9432-f21172107299', 'bdc5675b-3deb-4131-a6f6-e67da31ba51a', 'KALTAKQUISE', 'ACTIVE', 0, NULL),
('a3b681e8-ccee-45bc-9b08-de091ce76b15', '1b7d47bf-daee-4e0a-846f-bfb10b58465f', 'KALTAKQUISE', 'ACTIVE', 0, NULL),
('c21f76eb-06f2-4f33-9ca7-b9a8a8183684', '06e649a5-841f-4939-8e0d-30da08cd9007', 'KALTAKQUISE', 'ACTIVE', 0, NULL),
('54a77940-253f-4fc1-b5fe-21d6dc068e7e', '07932eed-7d7e-495f-ae32-138849bf5df5', 'KALTAKQUISE', 'ACTIVE', 0, NULL),
('954cd4cc-9215-4315-931e-1ef9509af27b', 'ff10dd43-ef48-4c8e-98ee-e833ad07604c', 'KALTAKQUISE', 'ACTIVE', 0, NULL),
('110b5468-ad70-4a8a-b4a3-e82fc5fe1a8b', '2d41a2fb-a597-4898-9caa-a52c2102415b', 'KALTAKQUISE', 'ACTIVE', 0, NULL),
('5c117904-c660-451d-8396-66162accd37d', 'a14d95ab-0d62-4b59-8591-d36fe55ec76b', 'KALTAKQUISE', 'ACTIVE', 0, NULL),
('99525b75-5f92-4c4d-b063-25502b0656e7', '4eef3831-2e32-4adb-a62d-720f9c6434a9', 'KALTAKQUISE', 'ACTIVE', 0, NULL),
('71dc53d3-3304-452c-b6e3-ac172f226388', '42ac40e0-465e-486d-a14e-e44e841cc681', 'KALTAKQUISE', 'ACTIVE', 0, NULL),
('12d2b006-5f2a-4063-a71b-fdd1e191b231', '1992a2af-ed2c-45bd-8b7c-1503d24d5260', 'KALTAKQUISE', 'ACTIVE', 0, NULL),
('f60631a1-c263-4a4e-90e0-41a29505c21a', '02ea18a0-5a75-45f4-a5b2-88280cc66ba0', 'KALTAKQUISE', 'ACTIVE', 0, NULL),
('fc33d520-d159-4c93-af34-2220d0c1d806', 'a19531ea-a510-4d60-9954-f085f9fac892', 'KALTAKQUISE', 'ACTIVE', 0, NULL),
('df8a6acb-2238-496b-975e-419e69ee5018', '30d87070-c4f6-42ed-9539-2a46fcb33e86', 'KALTAKQUISE', 'ACTIVE', 0, NULL),
('43fb40d8-b554-47de-86fb-c65decdc93ca', '320418ab-5c1b-495a-8365-441296fc3613', 'KALTAKQUISE', 'ACTIVE', 0, NULL),
('1965b85a-5459-4f5f-bb14-40b1a2a90b65', '5c5e517b-62f9-487f-b43c-880f5736344e', 'KALTAKQUISE', 'ACTIVE', 0, NULL),
('7823ad86-a043-4a3a-af2b-534220289a57', 'de81311b-4ce3-4999-a734-70c460b171b2', 'KALTAKQUISE', 'ACTIVE', 0, NULL),
('898b62e6-beda-4eef-a3d1-e895bf7e5529', '887621a7-7f2e-4c6e-93d0-6b3bc4aa3da8', 'KALTAKQUISE', 'ACTIVE', 0, NULL),
('d03a191d-a0f2-4bc8-8a2b-f14bb10cdb34', '19d109db-a704-4cc2-b8e0-89a6ae134cb4', 'KALTAKQUISE', 'ACTIVE', 0, NULL),
('b8fc5d73-3cef-4914-a20d-15cbbfa23a7b', '72c2a713-90bf-4761-a0e3-e14142e05399', 'KALTAKQUISE', 'ACTIVE', 0, NULL),
('4e706c66-9314-4802-8f2d-292877f5484b', 'c87d4659-2da0-4dbd-84a3-1be0a7cd1564', 'KALTAKQUISE', 'ACTIVE', 0, NULL),
('80155109-f034-4d47-9cc6-9c328007551b', '2f1cc663-3c37-427b-a3ae-e780daaaef00', 'KALTAKQUISE', 'ACTIVE', 0, NULL),
('9afa73c2-bb25-43ac-a43b-9f4ac1551130', '51063760-fa19-45bc-bee4-db6a47deeb10', 'KALTAKQUISE', 'ACTIVE', 0, NULL),
('63c123af-2ab8-4eed-a3b4-cb44255b3975', '946993af-9452-4607-af35-f7ea118e9429', 'KALTAKQUISE', 'ACTIVE', 0, NULL),
('166ecf36-55f4-46d3-9fd1-bd221031eaaa', 'c7c4113b-a971-4041-8bba-15a26dc96e70', 'KALTAKQUISE', 'ACTIVE', 0, NULL),
('b5dae1fd-d29f-4d02-a60a-ea9f0ab6271b', 'fbecd3a3-2b93-4b57-869a-081afba4aff9', 'KALTAKQUISE', 'ACTIVE', 0, NULL),
('614cc063-4f4e-42dc-8420-6848d38270b6', '71f879e3-fc9e-4284-b6f8-014f1ad0f504', 'KALTAKQUISE', 'ACTIVE', 0, NULL),
('f3bbcfd5-a859-4ed7-a958-62423b83dd3f', 'c22a5c29-2c8c-42b2-b2b7-ce5f4cd9eb99', 'KALTAKQUISE', 'ACTIVE', 0, NULL),
('7e06ad97-0ba6-450e-9c7b-826f4828b6b8', '8ea75214-5873-4ec1-b470-23cc89d4eac0', 'KALTAKQUISE', 'ACTIVE', 0, NULL),
('cf93077d-ec70-4c43-9530-8b37be7bdb1a', '772c9885-5370-423b-8cd9-cb7a333ea36b', 'KALTAKQUISE', 'ACTIVE', 0, NULL),
('1f14c762-22b9-42bc-88a9-3bc273fb2433', 'b7fd470e-547a-4c5f-84ea-5c7ee5f76cd5', 'KALTAKQUISE', 'ACTIVE', 0, NULL),
('04a41ad9-42b0-42e4-8c38-8225ae7feac4', 'f242f642-3eec-4ee1-b4c6-b3d5e61d0f60', 'KALTAKQUISE', 'ACTIVE', 0, NULL),
('21ee6173-dc7f-402f-b5e3-2ccd7f2ebf6b', '88330d01-8539-485e-b7f7-c923392c379c', 'KALTAKQUISE', 'ACTIVE', 0, NULL),
('0fe6dd32-317a-47a0-a2ad-177b6c9147ad', '76743e81-9aaa-44ac-812c-cf5fcb44c379', 'KALTAKQUISE', 'ACTIVE', 0, NULL),
('2c2fa26e-b487-4dee-b91f-b60b8da38759', 'd5d6940e-64a5-41a5-8cf8-70418f51391c', 'KALTAKQUISE', 'ACTIVE', 0, NULL),
('d677f223-1418-46b4-a8a6-16d2ca77142f', '62ad9a2a-b8ab-4571-8448-3f80531efd28', 'KALTAKQUISE', 'ACTIVE', 0, NULL),
('a486111d-e487-4060-be8f-19257e1935a8', 'e8063da8-ccdf-435a-80dc-afe2b268f42d', 'KALTAKQUISE', 'ACTIVE', 0, NULL),
('3cb84e4e-3e65-4bd9-82c3-0af31800d775', 'e91d7399-30cf-4cb2-801a-c454dcdead96', 'KALTAKQUISE', 'ACTIVE', 0, NULL),
('3247ada4-fa4e-4581-8c8c-c59b9e6cc963', '5598a5e4-63fc-4b4f-b86e-b808f9ef5e58', 'KALTAKQUISE', 'ACTIVE', 0, NULL),
('81f5d9c7-2faf-4d45-a1b2-cad0c815539e', 'e7dee2bd-a918-42a9-8841-675bafb2faad', 'KALTAKQUISE', 'ACTIVE', 0, NULL),
('f18e6060-3836-42c7-9bac-3b498f51bc13', 'a5ddfe0c-0a1d-4b9f-9e74-94380a4adfe0', 'KALTAKQUISE', 'ACTIVE', 0, NULL),
('7743ffcf-c63f-4012-944a-d749cc13edb8', 'ea23190c-d533-4179-83b8-dc0d707d31ae', 'KALTAKQUISE', 'ACTIVE', 0, NULL),
('a2138acc-7639-40e2-b116-90db183d0cd1', 'c248f0cf-cc6a-4b93-8242-bc369e4847f8', 'KALTAKQUISE', 'ACTIVE', 0, NULL),
('a998fa11-040a-41cb-a324-365a638598f4', '5ce90ff5-a593-4202-8f7a-19739f39a0d7', 'KALTAKQUISE', 'ACTIVE', 0, NULL),
('e1e60aef-4fd7-4d1a-bd92-2add415c3c18', '1359fd44-7712-4edf-8f4d-5c543dba794d', 'KALTAKQUISE', 'ACTIVE', 0, NULL),
('0e548d75-df5f-466c-9891-2e7c072fc617', 'f3c2bcb7-15e3-44fc-b4e1-9bb43ce777c5', 'KALTAKQUISE', 'ACTIVE', 0, NULL),
('aa2ab300-b552-4898-a21c-350565925f1f', '3d869da3-8766-4c7f-bbc0-f3207168e79e', 'KALTAKQUISE', 'ACTIVE', 0, NULL),
('9919cdd5-da1b-4e0b-9aef-0a64e8f47731', 'd7bd0098-9b83-4f76-9e39-0980cb4fe7c5', 'KALTAKQUISE', 'ACTIVE', 0, NULL),
('b94610f3-749d-45c5-a59e-c38ab75a6e4b', 'c15bbb04-f757-4df9-99e0-682c9459bd62', 'KALTAKQUISE', 'ACTIVE', 0, NULL),
('be033242-1b61-4bae-a1b3-f8f92b46fbf5', 'a2772c36-7b0d-482b-bf70-fdc9fbfc4e31', 'KALTAKQUISE', 'ACTIVE', 0, NULL),
('350aa9b5-2359-467e-9301-283c6896ca86', '9361f9bd-d6fe-46e0-9046-daf1c404c7f9', 'KALTAKQUISE', 'ACTIVE', 0, NULL),
('19a00a72-7160-4f23-bee0-7f27b7ee926c', 'cbff3104-6c7e-44f6-a463-ddeb4d91bc3c', 'KALTAKQUISE', 'ACTIVE', 0, NULL),
('98e67333-bac4-4718-a2b3-69f03becedcc', '2f7da11d-b855-4088-934c-296dbb25fb3d', 'KALTAKQUISE', 'ACTIVE', 0, NULL),
('bc0ae623-b528-4cf6-8584-3882147670f8', '21df0036-e13f-4268-bba8-2160b4e5418b', 'KALTAKQUISE', 'ACTIVE', 0, NULL),
('9f9b8d74-7916-4b28-b5e8-d00a42a3a3b4', 'c26a9e02-8652-42a8-aae8-99d6cea0cab3', 'KALTAKQUISE', 'ACTIVE', 0, NULL),
('8bd05231-e735-4ff8-9151-87c754f74c66', '50b31048-1775-4722-ab97-4258306864e3', 'KALTAKQUISE', 'ACTIVE', 0, NULL),
('298a43cf-2b48-44ac-8650-8314e6094e9a', 'c470af54-abf4-4156-ab84-2cca7aaa7535', 'KALTAKQUISE', 'ACTIVE', 0, NULL),
('37ba8270-6cdf-47cd-97ca-098edf08fd65', '3e6d4e37-8dce-42e2-8ff7-187729073491', 'KALTAKQUISE', 'ACTIVE', 0, NULL),
('fe56c809-c388-40d9-a40f-1760ab2535fa', '81b48609-1fab-48af-94b5-6102517b863a', 'KALTAKQUISE', 'ACTIVE', 0, NULL),
('605756db-e514-4381-8fb3-5de2826116be', '84a0f5da-404a-4693-b373-54b55d33f347', 'KALTAKQUISE', 'ACTIVE', 0, NULL),
('4e58366c-8a3c-440e-a3b8-c4343e6a2436', 'd252b458-f069-4193-ba0e-41839504eda1', 'KALTAKQUISE', 'ACTIVE', 0, NULL),
('1a14973c-cd9b-40fe-80bc-3733e579411b', 'a4df191f-7c26-487c-80af-570ea3202399', 'KALTAKQUISE', 'ACTIVE', 0, NULL),
('c5f40f50-9013-4412-882f-b49b452d1608', '45c04b60-3d22-4d9f-aeb0-9f644e71d102', 'KALTAKQUISE', 'ACTIVE', 0, NULL),
('d6773c5b-0087-4225-9b42-07895341e039', 'cf0f0328-77d7-4a5b-9dc2-3df6ca502fc2', 'KALTAKQUISE', 'ACTIVE', 0, NULL),
('e7593bf0-bda7-4434-9cd2-1ca4217bd7da', '5ff67dfa-bcf6-41a2-b044-e71441b4086d', 'KALTAKQUISE', 'ACTIVE', 0, NULL),
('babed46e-1edb-4260-8591-79c9e38ce9c0', 'd0a4a148-6109-4050-a609-e8b14aadc619', 'KALTAKQUISE', 'ACTIVE', 0, NULL),
('ba9e816f-358d-486a-996b-9fb73a5579f9', '4e38c78c-2c20-4551-a84e-317fa1e1825b', 'KALTAKQUISE', 'ACTIVE', 0, NULL),
('94e486e9-8303-40c7-a668-ef2a6b9d6e12', '567faf6f-c871-4a49-85ad-b8cc236a0b60', 'KALTAKQUISE', 'ACTIVE', 0, NULL),
('c4cf2c04-1a5d-4b70-ac27-39e4b1c6a8ca', 'a5f2632d-6c12-4fb7-827e-ca205f8c3ff6', 'KALTAKQUISE', 'ACTIVE', 0, NULL),
('cc848c6e-e2d8-443d-b910-45d5b960a6aa', 'f66ca78a-6d6b-4774-9ad0-4345bb58d85d', 'KALTAKQUISE', 'ACTIVE', 0, NULL),
('4a33f7d7-2eba-40e4-834c-f7fd745d16f7', 'a028b654-fa6b-47d2-88a9-938b4182d70e', 'KALTAKQUISE', 'ACTIVE', 0, NULL),
('d070a392-6cca-4490-9c61-ab5a09a24a9d', 'fe93a266-b7d9-4dfa-a3ec-9ea97ce39de2', 'KALTAKQUISE', 'ACTIVE', 0, NULL),
('10e38874-7474-49b8-937d-4f020494a6a3', '8ba028ae-425c-499b-8ce9-5e9d7deec7b2', 'KALTAKQUISE', 'ACTIVE', 0, NULL),
('8ef01092-7da4-460b-b155-2f30b53508bd', 'a7c87c94-7e11-40fa-97d5-96bdc4294f4a', 'KALTAKQUISE', 'ACTIVE', 0, NULL),
('22405e18-6406-444e-ae8c-d4f867afefb0', '52cc2d35-1745-4f76-b41f-705b219fa31a', 'KALTAKQUISE', 'ACTIVE', 0, NULL),
('3d9255c9-2f2e-4349-99de-f3ade51df59f', 'e12fe0c1-2b11-4ad3-a96b-3c94ca574480', 'KALTAKQUISE', 'ACTIVE', 0, NULL),
('fb8d8a8a-ac9a-4c2e-a907-76063d84cd4e', '646b4035-0473-4266-b2bc-5bc21aa39b01', 'KALTAKQUISE', 'ACTIVE', 0, NULL),
('5be3e498-94a7-4ebc-880a-2168ef97799e', '49bb12f0-d8f0-460a-9de2-ac6b71b05b83', 'KALTAKQUISE', 'ACTIVE', 0, NULL),
('fcedbc6c-d3d2-4036-b08f-3a963e0ef128', 'e01d1487-764c-4ddb-a32d-21c740279c46', 'KALTAKQUISE', 'ACTIVE', 0, NULL),
('c0a8a130-33fd-4972-97b1-e2f9810d8132', '5389e16c-9052-4f0d-942b-b7146bc9dffc', 'KALTAKQUISE', 'ACTIVE', 0, NULL),
('8fb670ee-f13f-43c2-9a0e-e4e164ee21a7', 'f9f205d9-078a-425b-aec2-f7d5d100e656', 'KALTAKQUISE', 'ACTIVE', 0, NULL),
('50d6a173-6f95-4773-ad40-2f68f541326e', '36fcedf7-9d37-4779-9c4e-b8ebf32e5afe', 'KALTAKQUISE', 'ACTIVE', 0, NULL),
('44c74e45-24c7-4629-82c2-9a1f6be65283', '95ade63c-518c-43a8-8205-f3dbcb76c4a6', 'KALTAKQUISE', 'ACTIVE', 0, NULL),
('8f572f0c-b5e6-485e-89ab-289747bd7d12', '820a5d9f-361e-405a-9f5e-9d6fb164ff82', 'KALTAKQUISE', 'ACTIVE', 0, NULL),
('42ef7886-0098-40f3-9dee-8627d8d2b224', 'eded6225-be2d-46db-bb14-cdcdaee48f93', 'KALTAKQUISE', 'ACTIVE', 0, NULL),
('7df31793-23df-444c-9426-6348738b54e2', '9bb97c4c-3f61-47b4-b4df-25e7ca7dba76', 'KALTAKQUISE', 'ACTIVE', 0, NULL),
('8d9c78ff-4329-47c9-aa31-51865bd82b80', 'e6fae44c-7b7a-43d6-a574-29cc0c6d2176', 'KALTAKQUISE', 'ACTIVE', 0, NULL),
('21bdf9c0-565d-4671-8d29-05d28b2e553c', 'a00a50da-bc4d-4ac9-b128-cc5c1afdee17', 'KALTAKQUISE', 'ACTIVE', 0, NULL),
('47c04c5c-d587-4b06-9a07-b02c4cd9822e', '6d268cfe-1b7e-45b2-80c2-54fc3292df9f', 'KALTAKQUISE', 'ACTIVE', 0, NULL),
('d722cbc5-96c8-4c8a-ac1d-c7e180cd4562', '5d713edc-8777-4087-b61a-1e91b5dfdb81', 'KALTAKQUISE', 'ACTIVE', 0, NULL),
('acbd3963-8a1c-4589-a8cb-488cc48f90c4', '35b107bf-693a-46d5-b1ba-3f6f715a5b89', 'KALTAKQUISE', 'ACTIVE', 0, NULL),
('59ace606-b5a4-46ca-882d-9430b503b4e1', '77116da2-9b18-4fca-857a-0f13ccd1f258', 'KALTAKQUISE', 'ACTIVE', 0, NULL),
('225f54bc-312e-450d-bf69-ae5a0e1e7c92', 'e2360660-7ad7-4c72-8d25-597f8c314cb8', 'KALTAKQUISE', 'ACTIVE', 0, NULL),
('8094ccb5-1229-46de-a72b-4a0a51665175', '65f6d3a7-bf07-43d1-a25a-7958ab236610', 'KALTAKQUISE', 'ACTIVE', 0, NULL),
('a68e4837-5825-4c86-bc76-1b0564ab97af', 'af6fed68-2feb-444f-a8c1-66c5f49f4f8d', 'KALTAKQUISE', 'ACTIVE', 0, NULL),
('d04df3e3-fcd2-4c98-9345-d5ea89a1ca20', 'ebd4b0b4-a5e7-4895-b7b0-38f1d9b99ebf', 'KALTAKQUISE', 'ACTIVE', 0, NULL),
('72a444b2-e90e-4c53-a795-35981cfbf822', 'a2a280e3-1623-422f-a5e3-5e378305bd95', 'KALTAKQUISE', 'ACTIVE', 0, NULL),
('0b9c812c-2289-47fa-9a6b-de162a95296d', '23d72871-c681-4dc5-9326-2f99d4f06029', 'KALTAKQUISE', 'ACTIVE', 0, NULL),
('e894cd66-2ae5-423c-84e8-671e05331c24', '9ec59e68-b8d4-437f-a707-6581207d626c', 'KALTAKQUISE', 'ACTIVE', 0, NULL),
('67a8b91e-183c-4e68-98e8-155c0dbc12f1', 'e53a37bd-6841-4678-b510-0e23bfa2373b', 'KALTAKQUISE', 'ACTIVE', 0, NULL),
('94f5e477-cecd-482f-8e80-8b4713bac87e', '5390734b-0faa-42c4-8fed-0e81bb330e83', 'KALTAKQUISE', 'ACTIVE', 0, NULL),
('59d1f524-c696-4184-9e32-33d795a79b8d', 'd2c2b5df-5b67-4103-b85e-dadc12870e50', 'KALTAKQUISE', 'ACTIVE', 0, NULL),
('c9db50ac-b197-4d0d-8c89-6cb53d86eb3a', '850a0db5-1de9-4c3d-8fc6-a87d2cd6e103', 'KALTAKQUISE', 'ACTIVE', 0, NULL),
('5995b0da-c56c-44f3-bafa-cc401ba1fe38', '31af69b1-38c9-4946-9a7e-0264df0e4cf5', 'KALTAKQUISE', 'ACTIVE', 0, NULL),
('4d3bb92d-1ca3-4f11-b60e-36733ef18d10', '309b8cba-e485-4eef-9343-a41789b6abc1', 'KALTAKQUISE', 'ACTIVE', 0, NULL),
('53cee2bc-33c2-4e1f-b7f5-b21c939d6404', 'd7b35112-0db4-444a-820c-24ee49c929bf', 'KALTAKQUISE', 'ACTIVE', 0, NULL),
('72fdc5d0-fc9c-43dd-9cfa-64798ec054fb', '249fcba2-2dc4-41d7-bd7e-ef64c5668dd7', 'KALTAKQUISE', 'ACTIVE', 0, NULL),
('aa5796b6-84bb-45c1-a3dd-fde2fc5e38c7', 'f5cb9ce7-25b0-4546-80c6-4c38bacaef48', 'KALTAKQUISE', 'ACTIVE', 0, NULL),
('e60f68c2-e36d-462b-8fcc-8339d3023c5c', 'e9540f89-9330-4489-b97e-4b3d74fac1a7', 'KALTAKQUISE', 'ACTIVE', 0, NULL),
('0ad86dfa-de6e-4874-90ec-ae6ca8b8b037', 'cecbccab-40b0-4702-a041-1b26cf26fe61', 'KALTAKQUISE', 'ACTIVE', 0, NULL),
('2db41b8c-9808-4106-b259-642b82897384', '2ed2fa29-903b-47f3-adfa-51ee9f9182c2', 'KALTAKQUISE', 'ACTIVE', 0, NULL),
('000d8475-8079-4d6b-a314-f78570c95863', '9be9d5b3-113a-415d-92c6-07e06101ecd8', 'KALTAKQUISE', 'ACTIVE', 0, NULL),
('869821d0-71a6-46ef-9e0c-f132e01863ba', '986fe842-0f40-4aec-9990-536b1ddc1479', 'KALTAKQUISE', 'ACTIVE', 0, NULL),
('54daff57-9eae-48b3-8a77-0d53ea07a9ab', '15c09810-0197-4095-a855-1bcb57aa79ef', 'KALTAKQUISE', 'ACTIVE', 0, NULL),
('fcd0f861-849d-4be0-b1bf-993849cf990d', '6a865e6b-7295-424f-adaa-181dfa74dfc5', 'KALTAKQUISE', 'ACTIVE', 0, NULL),
('9f9c1a2f-3f2d-44db-b12e-eebef3263b5e', 'd16aefc1-9c72-4efd-94b3-c0b737c859b1', 'KALTAKQUISE', 'ACTIVE', 0, NULL),
('70ea98d7-3fbc-42c6-bcf2-ea9b730c2d52', '4149223f-65b1-4073-94ea-91548d6bde10', 'KALTAKQUISE', 'ACTIVE', 0, NULL),
('a16a8bae-34d8-486c-8347-5bd92f9401e0', 'ecf7324e-4bf3-4336-8604-336a4aa56568', 'KALTAKQUISE', 'ACTIVE', 0, NULL),
('1de9e138-d4b6-46c5-8a27-71e43e1d98a9', '2ee73d1d-ff78-4aff-ba56-1397c6a5e839', 'KALTAKQUISE', 'ACTIVE', 0, NULL),
('b8410487-b6d0-4d8b-9199-0bd973ccf91e', '3b9c8ac0-e4ee-487c-990d-b59cf3bb77a6', 'KALTAKQUISE', 'ACTIVE', 0, NULL),
('158e8486-68d4-4535-8cb7-ec74147ecd67', '0372fc93-c7b3-4ad4-befc-e97227bd325e', 'KALTAKQUISE', 'ACTIVE', 0, NULL),
('b2548f88-0be5-4182-8435-6a45df1e48db', '7cba3782-e465-4945-ae6c-01e464a063b0', 'KALTAKQUISE', 'ACTIVE', 0, NULL),
('06350cb7-9793-49da-a5fd-fa559398e886', '8ecb5081-1ca4-4aec-bf8c-4f8d08589090', 'KALTAKQUISE', 'ACTIVE', 0, NULL),
('ae7de074-5271-4ba6-a876-6cfa6ce6f8ed', '2bd73e0b-0ab7-42b6-9cf5-5b8d5195fd71', 'KALTAKQUISE', 'ACTIVE', 0, NULL),
('f9ebdfbe-ad39-4038-91d0-d63318422d95', '839aac15-e2d6-43b5-8349-eca0ee3fb898', 'KALTAKQUISE', 'ACTIVE', 0, NULL),
('07e0887f-1570-439d-a2b5-f5ab52d27ae5', 'efa02362-10ab-4ef2-b3a6-2beb488d4e14', 'KALTAKQUISE', 'ACTIVE', 0, NULL),
('ac88a33c-749c-4b58-803e-a64d812a00ac', '4f4e63dd-b22a-4fe6-8915-10a1abd8b40a', 'KALTAKQUISE', 'ACTIVE', 0, NULL),
('3cbc32ce-5568-4456-bc9f-a1c214dfe91e', '64f69fb9-5ab6-4ff2-8ed1-36cbb48007b4', 'KALTAKQUISE', 'ACTIVE', 0, NULL),
('c728ee66-4bb6-43a7-b434-88fa00c7022f', '1e784f06-e8d2-4d1f-89dd-8f2995d3423a', 'KALTAKQUISE', 'ACTIVE', 0, NULL),
('2112c0b4-f753-4f0d-9f83-77e9fa5a00c4', 'ffa3b65e-e3b6-4a6d-afc1-90b11e0827b5', 'KALTAKQUISE', 'ACTIVE', 0, NULL),
('bd6bc9ef-0854-4a82-92e9-883520604504', '1061c98f-d6de-433c-9195-05c0e950c5d6', 'KALTAKQUISE', 'ACTIVE', 0, NULL),
('8038381a-4d0b-4cd1-a463-4f8a48ee3b2f', '1cea5d95-7725-49e4-87f0-10c7bbeaf1ae', 'KALTAKQUISE', 'ACTIVE', 0, NULL),
('64473fc8-53e9-4278-b74f-a2ab15e7e614', '2404e0e1-10f6-4930-865a-970d1f2a2326', 'KALTAKQUISE', 'ACTIVE', 0, NULL),
('4140fa97-68d2-4793-ba40-492ca0b49e8c', '9b53926e-591d-4ea0-b053-b12899a58668', 'KALTAKQUISE', 'ACTIVE', 0, NULL),
('86038183-25d2-4e4c-8665-425948e403eb', '4c982dea-3d35-4a5b-b61a-ab9baf2bcca1', 'KALTAKQUISE', 'ACTIVE', 0, NULL),
('c096fa62-b9a5-4986-b88c-da0c350414ea', '526915c3-a8c3-4adf-b7cd-6c92bf262092', 'KALTAKQUISE', 'ACTIVE', 0, NULL),
('45530693-7a81-494f-a874-baa3b6ec71dd', '9b572f01-016d-40fa-81f3-6cc8594a29be', 'KALTAKQUISE', 'ACTIVE', 0, NULL),
('d03d9776-9776-417b-b20c-bd115b142781', 'a9906cfe-01db-4359-bb25-5c29343b7b26', 'KALTAKQUISE', 'ACTIVE', 0, NULL),
('5bfb4c81-3b10-4cd5-92d6-cee5557ba221', '24740e08-19a7-4e8a-a412-4593dac70e48', 'KALTAKQUISE', 'ACTIVE', 0, NULL),
('6d23959c-b3ed-4cbd-8368-6513718f512c', '0e332887-faa7-4195-a779-a328c3115f0d', 'KALTAKQUISE', 'ACTIVE', 0, NULL),
('ae2ea099-56f4-49ed-ae64-9930d7125473', 'edaebb71-2faa-478b-a01c-fe8c8df95d5e', 'KALTAKQUISE', 'ACTIVE', 0, NULL),
('23068e76-96cc-4cd5-8038-46d80c304a4e', '915442a3-0ee5-4e7b-a0a1-4deedc4276d0', 'KALTAKQUISE', 'ACTIVE', 0, NULL),
('d77fc404-8fde-4598-a7b7-0a8ac4eea358', '31ab5cf8-eadb-489b-bcfd-32f434a0f47a', 'KALTAKQUISE', 'ACTIVE', 0, NULL),
('26f41bad-b756-47fd-9682-9cc1444f870e', 'bf836336-c059-4d4a-818e-5a0c316ae405', 'KALTAKQUISE', 'ACTIVE', 0, NULL),
('f0db6c61-dd36-472b-ada8-c1984299f5f2', 'd56fc02b-0b62-411c-bc60-7412b6ba62d3', 'KALTAKQUISE', 'ACTIVE', 0, NULL),
('20eebf52-5746-45c3-b5c4-8a68e74ae104', 'a7ea96cc-a2aa-4cce-b8f1-8608dda21d3c', 'KALTAKQUISE', 'ACTIVE', 0, NULL),
('e8a8d405-e78c-45d3-924e-775477e97411', 'dbefe831-b642-4938-be3e-49d7b3e6909e', 'KALTAKQUISE', 'ACTIVE', 0, NULL),
('facb0c7d-0926-4d39-9e46-c25e63f4d4f4', 'a5dfcb5d-41bd-4de7-9200-4a9052cd08db', 'KALTAKQUISE', 'ACTIVE', 0, NULL),
('176c37d6-e431-4b59-b508-7dfa41b30472', 'e0d88d7e-5e37-44d4-b519-8280d521628d', 'KALTAKQUISE', 'ACTIVE', 0, NULL),
('d5cfbfd4-7c5d-4ef1-8f63-fba0f30a0890', '5030d900-3729-47ac-a25f-c11445f3b279', 'KALTAKQUISE', 'ACTIVE', 0, NULL),
('15424e68-acd8-4034-9cd1-cf5b60e6969d', '1b74fb0e-c06a-4add-a35e-e4c2b32e9e62', 'KALTAKQUISE', 'ACTIVE', 0, NULL),
('fa41960c-efde-4b79-9d2f-d0e3674de952', '4205dfd1-3e3c-48a5-abec-d30948fab30a', 'KALTAKQUISE', 'ACTIVE', 0, NULL),
('38510b74-69de-4203-9ee4-808850d82437', 'ce818e90-caf2-4579-b6e5-49318e171a38', 'KALTAKQUISE', 'ACTIVE', 0, NULL),
('47daf4d0-f97b-49e1-a91c-3ee22e3b5110', 'be1f450e-4d71-4b5d-a877-81b159cffead', 'KALTAKQUISE', 'ACTIVE', 0, NULL),
('21495269-fc96-4835-b2a0-6bff477563ec', '95af4eb2-6a5f-4cbb-9d94-5e25b154b667', 'KALTAKQUISE', 'ACTIVE', 0, NULL),
('941ff87d-64c0-4554-ad29-50534f3ccb62', 'b46f635b-a092-491d-9bb8-b2dd2aafd4a3', 'KALTAKQUISE', 'ACTIVE', 0, NULL),
('38d726dc-0a7a-4db1-9c9b-fa752712ecc8', '58385237-d066-424d-90cb-0a21b27778e9', 'KALTAKQUISE', 'ACTIVE', 0, NULL),
('5e41a551-f3c9-47f5-80dc-8b30943b473a', '783f5690-3ef3-4b05-a57e-5b9535ef0283', 'KALTAKQUISE', 'ACTIVE', 0, NULL),
('273da065-1b16-4f8f-af16-7780c152c5c9', '045686cb-2e03-4b37-b70a-cbc7584a8e57', 'KALTAKQUISE', 'ACTIVE', 0, NULL),
('476faa8e-bbb0-49a2-8ec1-eb23cb4894c0', '05057f33-9799-4465-b94e-120e1eb68702', 'KALTAKQUISE', 'ACTIVE', 0, NULL),
('5083aef8-a7f1-4af0-adfd-dcfd35496652', '5b75b16c-7d29-4344-9398-f137be40829b', 'KALTAKQUISE', 'ACTIVE', 0, NULL),
('5834c591-9484-4b66-b88e-fffb7723ea69', 'b8951a00-a013-4f44-8836-dda2d99d113d', 'KALTAKQUISE', 'ACTIVE', 0, NULL),
('4c9febe9-7a2b-433c-bcfb-8d0e2b003cfa', 'b4297052-717b-4f28-ad9d-7baf01fb9745', 'KALTAKQUISE', 'ACTIVE', 0, NULL),
('17242948-bacd-40e5-9779-7f8f876c3c28', 'e9b475b1-c52d-4b3e-9aa4-2b28e2b9363f', 'KALTAKQUISE', 'ACTIVE', 0, NULL),
('37bc6b52-d37a-4d2a-a908-486da31ba727', '88b7754c-fcd5-4219-87cb-f4d9eba2ac10', 'KALTAKQUISE', 'ACTIVE', 0, NULL),
('f7f68e1a-0900-44f0-a9bf-510371a00f10', '75336644-96b8-438b-bd6f-f4c20e0a2dbd', 'KALTAKQUISE', 'ACTIVE', 0, NULL),
('fddee9a1-9719-4a4c-a0b0-7df9019a3b2d', 'f1c9ec70-fd22-4a66-956b-4270f79cad43', 'KALTAKQUISE', 'ACTIVE', 0, NULL),
('5024b458-9fd9-421f-90db-900f80559027', '9a42771c-5a05-40ab-82bf-dff99fc07360', 'KALTAKQUISE', 'ACTIVE', 0, NULL);

INSERT INTO lead_tags (lead_id, tag_id) VALUES
('8ce5a6b4-dffc-4ea3-b7ce-fa55f2b3d372', 'ka-b2c'),
('a2e56cb0-0815-4880-9d05-25f5ceb51d7e', 'ka-b2c'),
('5073ace9-265a-45c5-ab85-9fb59c890dee', 'ka-b2c'),
('7de79e7a-9950-4de6-afa8-b838c2dc197f', 'ka-b2c'),
('23ba48f7-9a55-4954-87c2-15c97707dd2b', 'ka-b2c'),
('9da2fd3d-f07b-4ce3-a851-e43c2d3ea67d', 'ka-b2c'),
('d8674432-5c0b-4938-a1f7-ff8575e42840', 'ka-b2c'),
('22180633-58d1-4dc4-81b8-4a4b70fc63e9', 'ka-b2c'),
('d8d8f372-6942-43b9-8165-ecc9ad601a3f', 'ka-b2c'),
('1f786eed-5b18-406d-bfdb-4db0cdbe2a2e', 'ka-b2c'),
('3fd0d75e-c60a-454b-b2e5-078d90b35fdb', 'ka-b2c'),
('010df1d0-9031-4429-993d-253ee30c9d57', 'ka-b2c'),
('5eb45bd3-9e2d-49af-9536-fd823de903b6', 'ka-b2c'),
('9240cad7-9342-4324-8685-d27dfed3df58', 'ka-b2c'),
('f9dc7031-680c-44f7-aa3f-67e300e631b1', 'ka-b2c'),
('b4fb9267-4c9e-4d40-b988-6362329dc608', 'ka-b2c'),
('cb4b343c-bc2e-453b-8a9e-40e94a97b122', 'ka-b2c'),
('00803dc8-1bc2-445c-80de-92ebc1f098fc', 'ka-b2c'),
('1f291c13-bdd8-47c3-aff5-d70565c70ed6', 'ka-b2c'),
('cc672365-02ab-4f7f-9737-cf61abcc5939', 'ka-b2c'),
('48aeb84f-49d1-46ec-b0c3-42aef8d5572f', 'ka-b2c'),
('e08809fe-53a6-4137-a9c4-3a0dbf47971a', 'ka-b2c'),
('154c11f2-d7d5-4e40-8268-61871967c597', 'ka-b2c'),
('ba8092de-d0cd-4e48-bc95-c6bc617feb82', 'ka-b2c'),
('945cc1cd-8008-4a03-bdc8-0dd34172e830', 'ka-b2c'),
('9cfdb9fb-5d4e-48ef-a495-1d1d1f5ef7ef', 'ka-b2c'),
('eb410d1a-1673-4b2e-b7a7-9f6dc67b35a0', 'ka-b2c'),
('cfd6c24a-131a-4e1a-b543-47a3121af80d', 'ka-b2c'),
('ee9d0c4f-9dbd-47a1-a59f-c8395c87de17', 'ka-b2c'),
('6ac225a4-6a3c-4bb8-a813-4b7a8de1343b', 'ka-b2c'),
('3a40420a-3abc-4da0-9002-e457a10fe24e', 'ka-b2c'),
('0ee21ef9-5699-4bb0-a5e6-eabbfaf7192a', 'ka-b2c'),
('79d996e3-88cb-4a4f-93c2-b764e15e8d94', 'ka-b2c'),
('db56cef1-2241-45c3-9432-f21172107299', 'ka-b2c'),
('a3b681e8-ccee-45bc-9b08-de091ce76b15', 'ka-b2c'),
('c21f76eb-06f2-4f33-9ca7-b9a8a8183684', 'ka-b2c'),
('54a77940-253f-4fc1-b5fe-21d6dc068e7e', 'ka-b2c'),
('954cd4cc-9215-4315-931e-1ef9509af27b', 'ka-b2c'),
('110b5468-ad70-4a8a-b4a3-e82fc5fe1a8b', 'ka-b2c'),
('5c117904-c660-451d-8396-66162accd37d', 'ka-b2c'),
('99525b75-5f92-4c4d-b063-25502b0656e7', 'ka-b2c'),
('71dc53d3-3304-452c-b6e3-ac172f226388', 'ka-b2c'),
('12d2b006-5f2a-4063-a71b-fdd1e191b231', 'ka-b2c'),
('f60631a1-c263-4a4e-90e0-41a29505c21a', 'ka-b2c'),
('fc33d520-d159-4c93-af34-2220d0c1d806', 'ka-b2c'),
('df8a6acb-2238-496b-975e-419e69ee5018', 'ka-b2c'),
('43fb40d8-b554-47de-86fb-c65decdc93ca', 'ka-b2c'),
('1965b85a-5459-4f5f-bb14-40b1a2a90b65', 'ka-b2c'),
('7823ad86-a043-4a3a-af2b-534220289a57', 'ka-b2c'),
('898b62e6-beda-4eef-a3d1-e895bf7e5529', 'ka-b2c'),
('d03a191d-a0f2-4bc8-8a2b-f14bb10cdb34', 'ka-b2c'),
('b8fc5d73-3cef-4914-a20d-15cbbfa23a7b', 'ka-b2c'),
('4e706c66-9314-4802-8f2d-292877f5484b', 'ka-b2c'),
('80155109-f034-4d47-9cc6-9c328007551b', 'ka-b2c'),
('9afa73c2-bb25-43ac-a43b-9f4ac1551130', 'ka-b2c'),
('63c123af-2ab8-4eed-a3b4-cb44255b3975', 'ka-b2c'),
('166ecf36-55f4-46d3-9fd1-bd221031eaaa', 'ka-b2c'),
('b5dae1fd-d29f-4d02-a60a-ea9f0ab6271b', 'ka-b2c'),
('614cc063-4f4e-42dc-8420-6848d38270b6', 'ka-b2c'),
('f3bbcfd5-a859-4ed7-a958-62423b83dd3f', 'ka-b2c'),
('7e06ad97-0ba6-450e-9c7b-826f4828b6b8', 'ka-b2c'),
('cf93077d-ec70-4c43-9530-8b37be7bdb1a', 'ka-b2c'),
('1f14c762-22b9-42bc-88a9-3bc273fb2433', 'ka-b2c'),
('04a41ad9-42b0-42e4-8c38-8225ae7feac4', 'ka-b2c'),
('21ee6173-dc7f-402f-b5e3-2ccd7f2ebf6b', 'ka-b2c'),
('0fe6dd32-317a-47a0-a2ad-177b6c9147ad', 'ka-b2c'),
('2c2fa26e-b487-4dee-b91f-b60b8da38759', 'ka-b2c'),
('d677f223-1418-46b4-a8a6-16d2ca77142f', 'ka-b2c'),
('a486111d-e487-4060-be8f-19257e1935a8', 'ka-b2c'),
('3cb84e4e-3e65-4bd9-82c3-0af31800d775', 'ka-b2c'),
('3247ada4-fa4e-4581-8c8c-c59b9e6cc963', 'ka-b2c'),
('81f5d9c7-2faf-4d45-a1b2-cad0c815539e', 'ka-b2c'),
('f18e6060-3836-42c7-9bac-3b498f51bc13', 'ka-b2c'),
('7743ffcf-c63f-4012-944a-d749cc13edb8', 'ka-b2c'),
('a2138acc-7639-40e2-b116-90db183d0cd1', 'ka-b2c'),
('a998fa11-040a-41cb-a324-365a638598f4', 'ka-b2c'),
('e1e60aef-4fd7-4d1a-bd92-2add415c3c18', 'ka-b2c'),
('0e548d75-df5f-466c-9891-2e7c072fc617', 'ka-b2c'),
('aa2ab300-b552-4898-a21c-350565925f1f', 'ka-b2c'),
('9919cdd5-da1b-4e0b-9aef-0a64e8f47731', 'ka-b2c'),
('b94610f3-749d-45c5-a59e-c38ab75a6e4b', 'ka-b2c'),
('be033242-1b61-4bae-a1b3-f8f92b46fbf5', 'ka-b2c'),
('350aa9b5-2359-467e-9301-283c6896ca86', 'ka-b2c'),
('19a00a72-7160-4f23-bee0-7f27b7ee926c', 'ka-b2c'),
('98e67333-bac4-4718-a2b3-69f03becedcc', 'ka-b2c'),
('bc0ae623-b528-4cf6-8584-3882147670f8', 'ka-b2c'),
('9f9b8d74-7916-4b28-b5e8-d00a42a3a3b4', 'ka-b2c'),
('8bd05231-e735-4ff8-9151-87c754f74c66', 'ka-b2c'),
('298a43cf-2b48-44ac-8650-8314e6094e9a', 'ka-b2c'),
('37ba8270-6cdf-47cd-97ca-098edf08fd65', 'ka-b2c'),
('fe56c809-c388-40d9-a40f-1760ab2535fa', 'ka-b2c'),
('605756db-e514-4381-8fb3-5de2826116be', 'ka-b2c'),
('4e58366c-8a3c-440e-a3b8-c4343e6a2436', 'ka-b2c'),
('1a14973c-cd9b-40fe-80bc-3733e579411b', 'ka-b2c'),
('c5f40f50-9013-4412-882f-b49b452d1608', 'ka-b2c'),
('d6773c5b-0087-4225-9b42-07895341e039', 'ka-b2c'),
('e7593bf0-bda7-4434-9cd2-1ca4217bd7da', 'ka-b2c'),
('babed46e-1edb-4260-8591-79c9e38ce9c0', 'ka-b2c'),
('ba9e816f-358d-486a-996b-9fb73a5579f9', 'ka-b2c'),
('94e486e9-8303-40c7-a668-ef2a6b9d6e12', 'ka-b2c'),
('c4cf2c04-1a5d-4b70-ac27-39e4b1c6a8ca', 'ka-b2c'),
('cc848c6e-e2d8-443d-b910-45d5b960a6aa', 'ka-b2c'),
('4a33f7d7-2eba-40e4-834c-f7fd745d16f7', 'ka-b2c'),
('d070a392-6cca-4490-9c61-ab5a09a24a9d', 'ka-b2c'),
('10e38874-7474-49b8-937d-4f020494a6a3', 'ka-b2c'),
('8ef01092-7da4-460b-b155-2f30b53508bd', 'ka-b2c'),
('22405e18-6406-444e-ae8c-d4f867afefb0', 'ka-b2c'),
('3d9255c9-2f2e-4349-99de-f3ade51df59f', 'ka-b2c'),
('fb8d8a8a-ac9a-4c2e-a907-76063d84cd4e', 'ka-b2c'),
('5be3e498-94a7-4ebc-880a-2168ef97799e', 'ka-b2c'),
('fcedbc6c-d3d2-4036-b08f-3a963e0ef128', 'ka-b2c'),
('c0a8a130-33fd-4972-97b1-e2f9810d8132', 'ka-b2c'),
('8fb670ee-f13f-43c2-9a0e-e4e164ee21a7', 'ka-b2c'),
('50d6a173-6f95-4773-ad40-2f68f541326e', 'ka-b2c'),
('44c74e45-24c7-4629-82c2-9a1f6be65283', 'ka-b2c'),
('8f572f0c-b5e6-485e-89ab-289747bd7d12', 'ka-b2c'),
('42ef7886-0098-40f3-9dee-8627d8d2b224', 'ka-b2c'),
('7df31793-23df-444c-9426-6348738b54e2', 'ka-b2c'),
('8d9c78ff-4329-47c9-aa31-51865bd82b80', 'ka-b2c'),
('21bdf9c0-565d-4671-8d29-05d28b2e553c', 'ka-b2c'),
('47c04c5c-d587-4b06-9a07-b02c4cd9822e', 'ka-b2c'),
('d722cbc5-96c8-4c8a-ac1d-c7e180cd4562', 'ka-b2c'),
('acbd3963-8a1c-4589-a8cb-488cc48f90c4', 'ka-b2c'),
('59ace606-b5a4-46ca-882d-9430b503b4e1', 'ka-b2c'),
('225f54bc-312e-450d-bf69-ae5a0e1e7c92', 'ka-b2c'),
('8094ccb5-1229-46de-a72b-4a0a51665175', 'ka-b2c'),
('a68e4837-5825-4c86-bc76-1b0564ab97af', 'ka-b2c'),
('d04df3e3-fcd2-4c98-9345-d5ea89a1ca20', 'ka-b2c'),
('72a444b2-e90e-4c53-a795-35981cfbf822', 'ka-b2c'),
('0b9c812c-2289-47fa-9a6b-de162a95296d', 'ka-b2c'),
('e894cd66-2ae5-423c-84e8-671e05331c24', 'ka-b2c'),
('67a8b91e-183c-4e68-98e8-155c0dbc12f1', 'ka-b2c'),
('94f5e477-cecd-482f-8e80-8b4713bac87e', 'ka-b2c'),
('59d1f524-c696-4184-9e32-33d795a79b8d', 'ka-b2c'),
('c9db50ac-b197-4d0d-8c89-6cb53d86eb3a', 'ka-b2c'),
('5995b0da-c56c-44f3-bafa-cc401ba1fe38', 'ka-b2c'),
('4d3bb92d-1ca3-4f11-b60e-36733ef18d10', 'ka-b2c'),
('53cee2bc-33c2-4e1f-b7f5-b21c939d6404', 'ka-b2c'),
('72fdc5d0-fc9c-43dd-9cfa-64798ec054fb', 'ka-b2c'),
('aa5796b6-84bb-45c1-a3dd-fde2fc5e38c7', 'ka-b2c'),
('e60f68c2-e36d-462b-8fcc-8339d3023c5c', 'ka-b2c'),
('0ad86dfa-de6e-4874-90ec-ae6ca8b8b037', 'ka-b2c'),
('2db41b8c-9808-4106-b259-642b82897384', 'ka-b2c'),
('000d8475-8079-4d6b-a314-f78570c95863', 'ka-b2c'),
('869821d0-71a6-46ef-9e0c-f132e01863ba', 'ka-b2c'),
('54daff57-9eae-48b3-8a77-0d53ea07a9ab', 'ka-b2c'),
('fcd0f861-849d-4be0-b1bf-993849cf990d', 'ka-b2c'),
('9f9c1a2f-3f2d-44db-b12e-eebef3263b5e', 'ka-b2c'),
('70ea98d7-3fbc-42c6-bcf2-ea9b730c2d52', 'ka-b2c'),
('a16a8bae-34d8-486c-8347-5bd92f9401e0', 'ka-b2c'),
('1de9e138-d4b6-46c5-8a27-71e43e1d98a9', 'ka-b2c'),
('b8410487-b6d0-4d8b-9199-0bd973ccf91e', 'ka-b2c'),
('158e8486-68d4-4535-8cb7-ec74147ecd67', 'ka-b2c'),
('b2548f88-0be5-4182-8435-6a45df1e48db', 'ka-b2c'),
('06350cb7-9793-49da-a5fd-fa559398e886', 'ka-b2c'),
('ae7de074-5271-4ba6-a876-6cfa6ce6f8ed', 'ka-b2c'),
('f9ebdfbe-ad39-4038-91d0-d63318422d95', 'ka-b2c'),
('07e0887f-1570-439d-a2b5-f5ab52d27ae5', 'ka-b2c'),
('ac88a33c-749c-4b58-803e-a64d812a00ac', 'ka-b2c'),
('3cbc32ce-5568-4456-bc9f-a1c214dfe91e', 'ka-b2c'),
('c728ee66-4bb6-43a7-b434-88fa00c7022f', 'ka-b2c'),
('2112c0b4-f753-4f0d-9f83-77e9fa5a00c4', 'ka-b2c'),
('bd6bc9ef-0854-4a82-92e9-883520604504', 'ka-b2c'),
('8038381a-4d0b-4cd1-a463-4f8a48ee3b2f', 'ka-b2c'),
('64473fc8-53e9-4278-b74f-a2ab15e7e614', 'ka-b2c'),
('4140fa97-68d2-4793-ba40-492ca0b49e8c', 'ka-b2c'),
('86038183-25d2-4e4c-8665-425948e403eb', 'ka-b2c'),
('c096fa62-b9a5-4986-b88c-da0c350414ea', 'ka-b2c'),
('45530693-7a81-494f-a874-baa3b6ec71dd', 'ka-b2c'),
('d03d9776-9776-417b-b20c-bd115b142781', 'ka-b2c'),
('5bfb4c81-3b10-4cd5-92d6-cee5557ba221', 'ka-b2c'),
('6d23959c-b3ed-4cbd-8368-6513718f512c', 'ka-b2c'),
('ae2ea099-56f4-49ed-ae64-9930d7125473', 'ka-b2c'),
('23068e76-96cc-4cd5-8038-46d80c304a4e', 'ka-b2c'),
('d77fc404-8fde-4598-a7b7-0a8ac4eea358', 'ka-b2c'),
('26f41bad-b756-47fd-9682-9cc1444f870e', 'ka-b2c'),
('f0db6c61-dd36-472b-ada8-c1984299f5f2', 'ka-b2c'),
('20eebf52-5746-45c3-b5c4-8a68e74ae104', 'ka-b2c'),
('e8a8d405-e78c-45d3-924e-775477e97411', 'ka-b2c'),
('facb0c7d-0926-4d39-9e46-c25e63f4d4f4', 'ka-b2c'),
('176c37d6-e431-4b59-b508-7dfa41b30472', 'ka-b2c'),
('d5cfbfd4-7c5d-4ef1-8f63-fba0f30a0890', 'ka-b2c'),
('15424e68-acd8-4034-9cd1-cf5b60e6969d', 'ka-b2c'),
('fa41960c-efde-4b79-9d2f-d0e3674de952', 'ka-b2c'),
('38510b74-69de-4203-9ee4-808850d82437', 'ka-b2c'),
('47daf4d0-f97b-49e1-a91c-3ee22e3b5110', 'ka-b2c'),
('21495269-fc96-4835-b2a0-6bff477563ec', 'ka-b2c'),
('941ff87d-64c0-4554-ad29-50534f3ccb62', 'ka-b2c'),
('38d726dc-0a7a-4db1-9c9b-fa752712ecc8', 'ka-b2c'),
('5e41a551-f3c9-47f5-80dc-8b30943b473a', 'ka-b2c'),
('273da065-1b16-4f8f-af16-7780c152c5c9', 'ka-b2c'),
('476faa8e-bbb0-49a2-8ec1-eb23cb4894c0', 'ka-b2c'),
('5083aef8-a7f1-4af0-adfd-dcfd35496652', 'ka-b2c'),
('5834c591-9484-4b66-b88e-fffb7723ea69', 'ka-b2c'),
('4c9febe9-7a2b-433c-bcfb-8d0e2b003cfa', 'ka-b2c'),
('17242948-bacd-40e5-9779-7f8f876c3c28', 'ka-b2c'),
('37bc6b52-d37a-4d2a-a908-486da31ba727', 'ka-b2c'),
('f7f68e1a-0900-44f0-a9bf-510371a00f10', 'ka-b2c'),
('fddee9a1-9719-4a4c-a0b0-7df9019a3b2d', 'ka-b2c'),
('5024b458-9fd9-421f-90db-900f80559027', 'ka-b2c');
