-- Batch 6 (200 records)
INSERT INTO contacts (id, first_name, last_name, email, phone, company, address) VALUES
('ac91f300-f9f7-4be8-9d03-1a69ec5f952d', 'Baldegger Marc und', 'Angela', 'marc@baldegger.com', '', NULL, 'Buchen 2990, 9242 Oberuzwil, SG'),
('472c984d-1a29-4107-9183-de1cc4b1fbce', 'Baldegger', 'Willi', 'willi.baldegger.wb@gmail.com', '', NULL, 'Im Hölzli 32, 9000 St. Gallen, SG'),
('a1bc57ea-9144-4ba8-941d-999016efac4b', 'Baldomero Oscar, Helen, Natasha und', 'Sebastian', 'oscar.baldomero@balmed.ch', '41798306198', NULL, 'Im Marteli 1, 4102 Binningen, BL'),
('84d6c673-bc6c-45a9-aa7e-72f62c3aed28', 'Balet Georges', 'André', 'georges-andre.balet@bluewin.ch', '', NULL, 'Haldenrainstrasse 5, 4402 Frenkendorf, BL'),
('48de7610-5195-482b-bba9-deb6e0125e3b', 'Balett', 'Richard', 'info@marius-sport.ch', '', NULL, 'Via Cadruvi Sut 10, 7165 Breil/Brigels, GR'),
('da41fe0c-b09d-4778-bb3c-5d20c61ee34f', 'Balimann', 'Hans', 'balimann@intergga.ch', '', NULL, 'Känelmattweg 40, 4106 Therwil, BL'),
('a2d3533a-e58e-4c42-b678-e92e9c19e11f', 'Balke', 'Felix', 'felix@scorproduktion.ch', '41794071606', NULL, 'Frohheimstrasse 13, 8304 Wallisellen, ZH'),
('4ce12b45-8bf1-444f-9633-f6a7b1e9c748', 'Ballarini Patricia und Daniele', '(-Lugani)', 'daniele.ballarini@bluewin.ch', '', NULL, 'Nübruchweg 16, 8605 Gutenswil, ZH'),
('07304dba-bbd0-49b1-aab9-7b791ba595d5', 'Balli', 'Lydia', 'lydia.balli@datazug.ch', '41793849125', NULL, 'Kleinweid 9, 6330 Cham, ZG'),
('51ecfbce-79c0-4f16-ad9c-8dd475488b09', 'Balli Marcel Vahan und Silvya', 'Maria', 'info@artballi.ch', '', NULL, 'Wiesenstrasse 1, 8274 Tägerwilen, TG'),
('2a244e49-c8d1-4e35-ab80-5035f070606f', 'Balli', 'Martin', 'm.balli@dinus.ch', '41793015837', NULL, 'Strücki 43, 3305 Iffwil, BE'),
('3fc2e2ad-4f5f-4023-a1ed-08388f5a83a9', 'Ballmer Patrick und', 'Marianne', 'patrickballmer@hotmail.com', '', NULL, 'Haferweg 3, 3400 Burgdorf, BE'),
('100e1b15-6b9f-46ee-ab17-2a39e3f6d676', 'Ballmer Stefan und Elke', '(-Steinmetz)', 'vorname.ballmer@bluewin.ch', '', NULL, 'Erlifeldstrasse 38, 5035 Unterentfelden, AG'),
('435c7e30-1164-45b2-b4e5-c835f8997a6b', 'Ballotti', 'Lorenzo', 'loballotti@bluewin.ch', '', NULL, 'Hardturmstrasse 130, 8005 Zürich, ZH'),
('9b18f997-488a-4476-81ac-5ccbf3cca1a0', 'Bally', 'Chasper', 'chasper.bally@gmail.com', '41765483135', NULL, 'Turbinenstrasse 50, 8005 Zürich, ZH'),
('f95f3702-31e6-492b-930c-a386d77f6335', 'Balmer Andrea und Patrick', '(-Beetschen)', 'info@carrosseriesuisse.ch', '41798205512', NULL, 'Obere Gwanne 39, 3713 Reichenbach im Kandertal, BE'),
('6167dc9e-5548-4137-8d58-86321f7984d1', 'Balmer', 'Andreas', 'esther.dres@quicknet.ch', '41796843426', NULL, 'Schulgässli 43, 3812 Wilderswil, BE'),
('f9502211-48b3-43b7-9d99-581bcfc78d46', 'Balmer Christian und Lisebeth', '(-Wyss)', 'lisebeth.balmer@bluewin.ch', '', NULL, 'Sulzweg 7, 3818 Grindelwald, BE'),
('cb9afaa2-d1f2-4791-9fd9-0d09a2b8add1', 'Balmer Christoph und Erna', '(-Schöpfer)', 'christoph.balmer@ebs.rba.ch', '', NULL, 'Unterdorf 14, 6170 Schüpfheim, LU'),
('943b8782-9f39-4be7-acea-48d88166f3be', 'Balmer', 'Dres', 'dres.balmer@bluewin.ch', '', NULL, 'Sonneggsteig 8, 3008 Bern, BE'),
('3b1ef184-46c5-4169-b015-d18fd1647236', 'Balmer', 'Ernst', 'balmrumo@quicknet.ch', '41794271454', NULL, 'Büelgässli 5, 3812 Wilderswil, BE'),
('6c38058b-9410-4b8f-bb95-1671d3b2d45f', 'Balmer Hans und Kathrin', '(-Fisch)', 'hansbalmer@hansbalmer.ch', '', NULL, 'Bahnhofmatte 10, 3532 Zäziwil, BE'),
('6708159c-3837-492e-9a19-14da85cb6c57', 'Balmer', 'Jürg', 'juergbalmer@gmx.ch', '', NULL, 'Hofächerstrasse 12, 8907 Wettswil, ZH'),
('8800aa2e-6438-461a-a741-249575440a2e', 'Balmer', 'Patrik', 'patrik.balmer@bluewin.ch', '41794374100', NULL, 'Laupenstrasse 10, 3204 Rosshäusern, BE'),
('a57fdb77-5d6f-4919-9717-e5d04196ce5e', 'Balmer Peter und Erika', '(-Häsler)', 'peter.balmer5@bluewin.ch', '41792225636', NULL, 'Rugenstrasse 11, 3812 Wilderswil, BE'),
('61a3132f-d4fd-45d0-9873-7035c7940575', 'Balmer Ueli und Marlis', '(-Müllener)', 'uelisi@yahoo.de', '', NULL, 'Lanzenen 30, 3800 Interlaken, BE'),
('c75c5b4e-c4ae-4074-8e8d-62b56cdcb64d', 'Balmer Ursula', '(-Ritter)', 'ursula.balmer@bluewin.ch', '', NULL, 'Keltenweg 6, 3232 Ins, BE'),
('7fd12d95-414e-4f7a-ba82-de233383bedf', 'Balmer Werner und', 'Elly', 'armos@bluewin.ch', '41793415115', NULL, 'Buholzstrasse 1a, 6032 Emmen, LU'),
('52b53845-3d4c-4681-ad68-ebf1a6af3f5c', 'Baloco Samson und', 'Sylvia', 'sbaloco@bluewin.ch', '', NULL, 'Brunnenhof 4, 6242 Wauwil, LU'),
('7d226338-bff3-43f8-bd72-b84c278ccd4a', 'Balog', 'Thomas', 'balog@bluewin.ch', '', NULL, 'Heinrichstrasse 114, 8005 Zürich, ZH'),
('a1546a6e-12af-4e47-9795-ebd0ba913225', 'Balsiger Alfred und Heidi', '(-Michel)', 'alfred.balsiger@quicknet.ch', '', NULL, 'Spielmatte 47, 3800 Unterseen, BE'),
('6cf275a0-c85a-4041-8376-eae0d38c43ac', 'Balsiger', 'Andreas', 'balsiger.andreas@bluewin.ch', '', NULL, 'Kehr 613, 3510 Konolfingen, BE'),
('f2fbab88-d66e-4f49-9e0d-bf2f15921949', 'Balsiger Margrit und Rolf', '(-Küffer)', 'balsiger.r@gmail.com', '', NULL, 'Neugrundstrasse 17, 3176 Neuenegg, BE'),
('c291be9f-bda4-410c-a425-175deeab8abe', 'Balsiger', 'Matthias', 'matthbal@hotmail.ch', '41797617363', NULL, 'Weidmattweg 5, 3018 Bern, BE'),
('df57c450-2ebb-4500-8dfa-66dcd069ab97', 'Baltensberger', 'Peter', 'baltensberger@datacomm.ch', '', NULL, 'Forchstrasse 6, 8400 Winterthur, ZH'),
('e8dbf5f3-fb63-4d05-8dda-9db40bd0011f', 'Baltensberger', 'Thomas', 'thomasbaltensberger@bluewin.ch', '41796616613', NULL, 'Kollbrunnerstrasse 3, 8353 Elgg, ZH'),
('5d65fa93-d7e6-4483-a4c7-704b42ebd625', 'Baltensperger', 'Richard', 'ri.balt@bluewin.ch', '', NULL, 'Brüelgasse 5, 8311 Brütten, ZH'),
('a373cfa7-302f-4afc-8580-0de026c8d234', 'Baltensperger', 'Werner', 'werni.balti@bluewin.ch', '41796426181', NULL, 'Schmiedgasse 2, 8182 Hochfelden, ZH'),
('08a1983a-f3f6-4c1a-9ffd-fb8c2239f724', 'Balthasar', 'Esther', 'info@balthasarmediation.ch', '', NULL, 'Dorf 54, 3615 Heimenschwand, BE'),
('87245069-f2e6-40f2-931d-23796534d5bf', 'Baltisberger Daniel und', 'Denise', 'dbaltisberger@bluewin.ch', '', NULL, 'Aareweg 2B, 2557 Studen BE, BE'),
('4bfbd320-a908-4516-86d9-6cf62b6b064e', 'Baltzer', 'Christoph', 'christoph.baltzer@gmx.ch', '41793286998', NULL, 'Lyssachstrasse 23, 3400 Burgdorf, BE'),
('05aacf2f-57fa-453c-922a-8a988dd319fd', 'Baltzer Niklaus und Anna', '(-Rohner)', 'baltzer.niklaus@gmail.com', '', NULL, 'Finkenhubelweg 6, 3012 Bern, BE'),
('1c9ed0c9-cc95-4b5e-ab98-0a071a1cf9b7', 'Balz', 'Caroline', 'caroline.balz@gmx.ch', '41792489802', NULL, 'Nydeggstalden 8, 3011 Bern, BE'),
('4f410cb4-b7a0-4ee5-87a2-bfb5e7ba1290', 'Balz', 'Marc-Samuel', 'marc.balz@gmx.ch', '41796785558', NULL, 'Langestrasse 44, 3603 Thun, BE'),
('22328511-47f6-4950-ac45-20dc00be8cc2', 'Balzarini', 'Ilario', 'i.balzarini@bluewin.ch', '', NULL, 'Wohnstadion Kirchenacker 4, 8050 Zürich, ZH'),
('6091e386-79ff-4209-bb97-2bbeaf991694', 'Balzer Dieter und', 'Irène', 'dieter_balzer@hispeed.ch', '', NULL, 'Eggliweg 41, 8832 Wilen b. Wollerau, SZ'),
('63681e0b-62a6-40dc-9c99-162bc7cdbd4c', 'Balzer', 'Gerald', 'gbalzer@balzer-computing.ch', '', NULL, 'Breitensteinstrasse 88, 8037 Zürich, ZH'),
('01623621-de2d-4e7c-8c2c-aee7235e4538', 'Bambauer Claudia', '(-Boecker)', 'claudia.bambauer@bluewin.ch', '', NULL, 'Sonnenblickstrasse 1, 8645 Jona, SG'),
('e2e8b20d-9389-45de-80bc-9f2bb4796d16', 'Bameler Pius', 'Anton', 'piusbaumeler@hotmail.com', '41787116738', NULL, 'Markgräflerstrasse 35, 4057 Basel, BS'),
('da2a7ce2-105f-415e-9260-0d4765906cb3', 'Bamert', 'André', 'andre.bamert@bluewin.ch', '41793337890', NULL, 'Heimpelstrasse 17, 8910 Affoltern am Albis, ZH'),
('8d46a2d3-bcde-4f08-8405-469329bc4665', 'Bamert Hermann u. Andrea', '(-Werder)', 'bamert@bluemail.ch', '', NULL, 'Rebenweg 22b, 6331 Hünenberg, ZG'),
('4183acfd-54f0-48e6-9cb7-700a67ea51e0', 'Bamert', 'Marco', 'insler@bluewin.ch', '41797562126', NULL, 'Hohenemserstrasse 26, 9444 Diepoldsau, SG'),
('6c3abaeb-2656-413b-ac60-784b5a178bc8', 'Bamert', 'Peter', 'info@peba.ch', '41792058242', NULL, 'Aarainstrasse 4B, 8635 Dürnten, ZH'),
('3ec7eea4-5ded-424d-9bbb-792aebfde695', 'Bamert', 'Tamara', 'tamara.bamert@bluewin.ch', '41792812328', NULL, 'Bohnenackerweg 437, 5732 Zetzwil, AG'),
('bffb149b-271f-4a9b-a88d-f61f14b53960', 'Bamert', 'Urs', 'finanzberatung@pbthur.ch', '', NULL, 'Hintergasse 22, 9620 Lichtensteig, SG'),
('dab09a30-d55b-4f7f-88ad-c00e9f419e4b', 'Bammert', 'Daniel', 'dani.bammert@gmail.com', '41789183892', NULL, 'Giessereiweg 3, 5703 Seon, AG'),
('c8abee99-245f-490a-b7e8-b5207d2ae01b', 'Bangerter Andrea und Michael', '(-Zürcher)', 'bangisfarm@bluewin.ch', '', NULL, 'Langeneggmoos 746, 3553 Gohl, BE'),
('36a3beef-596a-44f0-8b4c-2e71ada1457b', 'Bangerter', 'Daniel', 'danielbangerter@gmx.ch', '41798890098', NULL, 'Brünnliacher 17, 3326 Krauchthal, BE'),
('c7bcd29f-c005-4db6-a286-a06f655ffc09', 'Bangerter Ernst und', 'Zina', 'ernst.bangerter@laupen.ch', '41797752029', NULL, 'Amthausgasse 7, 3235 Erlach, BE'),
('50c64575-4aca-4f58-8641-2c54b2694b10', 'Bangerter Fritz und Marianne', '(-Ruchti)', 'fm.bangerter@bluewin.ch', '41793188338', NULL, 'Lärchenweg 5, 3054 Schüpfen, BE'),
('aa12edfa-7c5b-47a5-acc5-22b740caa3d1', 'Bangerter', 'Heinz', 'heinzbangerter@bluewin.ch', '41792727124', NULL, 'Chränzlerstrasse 13, 8302 Kloten, ZH'),
('a9e2b3df-8f95-4df7-89c0-69aa048793be', 'Bangerter Konrad', '(-Schwager)', 'konrad.bangerter@bluewin.ch', '', NULL, 'Zelgenweg 3, 8424 Embrach, ZH'),
('73617a5a-725a-4f43-bde8-ac6dfb73cefa', 'Bangerter Kurt und Arnoulet', 'Elisabeth', 'kurt.bangerter@musik4you.ch', '', NULL, 'Insstrasse 49, 3235 Erlach, BE'),
('7f1b3f08-1081-4c0a-b75a-522b89dafb5e', 'Bangerter', 'Monika', 'monika.bangerter@bluewin.ch', '41793703216', NULL, 'Beaumontweg 18, 3007 Bern, BE'),
('d7ab0275-6817-4f79-ad28-ddfa27adcff1', 'Bangerter', 'Richard', 'richardbangerter@bluewin.ch', '41794156003', NULL, 'Chenaux 3, 2517 Diesse, BE'),
('2fba86e0-c76b-4df6-95f3-4b7265fbfaa8', 'Bangerter Roland und Barbara', '(-Sohm)', 'bangerter-gisleren@freesurf.ch', '', NULL, 'Gisleren 11, 3266 Wiler b. Seedorf, BE'),
('34f4a66d-828f-4c65-bfcf-dccd0e0c55dc', 'Bangerter', 'Thomas', 'info@lespresdelamontagne.ch', '41786338469', NULL, 'Milieu de la Montagne 2, 2720 Tramelan, BE'),
('b2d437ca-91de-42a8-b929-e2820c5f5ae8', 'Banholzer Hans', 'A.', 'banholzer@solnet.ch', '', NULL, 'Obersteinstrasse 16, 3860 Meiringen, BE'),
('d3c6b675-7492-4569-af0b-6d541ea0c63a', 'Bänninger', 'Andreas', 'res.baenninger@gmail.com', '41765826970', NULL, 'Gugolzstrasse 10, 8004 Zürich, ZH'),
('5e60cee9-4701-432f-a46d-d9cf416d01ec', 'Bänninger Cornelia und Alex', '(-Rüttimann)', 'c.ruettimann@gmx.net', '', NULL, 'Eichmattstrasse 22, 6330 Cham, ZG'),
('83ea718a-efc5-4f3a-bf29-06531c68fe73', 'Bänninger Rebekka und Andreas', '(-Wigger)', 'rebekkawigger@hotmail.com', '', NULL, 'Altweg 10, 8450 Andelfingen, ZH'),
('bb08ac2c-7f0b-4662-8e45-cfc5dd21240e', 'Bänninger Werner und Bächler', 'V.', 'w.baenninger@gmx.ch', '41799593026', NULL, 'Rechenbühl 70, 8106 Adlikon b. Regensdorf, ZH'),
('0fda5e5f-b9f5-4b30-ab5e-b0ca01e23497', 'Bannwart Irene und Lötscher', 'Roger', 'irene-bannwart@bluewin.ch', '', NULL, 'Rebhalde 13, 8500 Frauenfeld, TG'),
('eb166950-f8ea-4e0d-9b2b-9b47cd6ceec7', 'Bannwart Jürg und Bettina', '(-Niedermann)', 'juerg.bannwart@mobiliar.ch', '41786238069', NULL, 'Froheimstrasse 12, 9533 Kirchberg SG, SG'),
('a333a34d-84f1-4395-bab6-86be7780cf4a', 'Bannwart Paul und', 'Ursula', 'paul.bannwart@gmx.ch', '41786384890', NULL, 'Bäbelers 5, 9050 Appenzell Steinegg, AI'),
('791fc93f-b757-49b8-beb5-6afed3af9e1b', 'Bannwart Walter und', 'Barbara', 'bawa@gmx.ch', '41795470351', NULL, 'Bühlmatt 1, 6020 Emmenbrücke, LU'),
('ce8e0102-2212-4530-9542-a956cb28cb6c', 'Banovic Dragan', '(-Mirjana)', 'draban@hispeed.ch', '41794237814', NULL, 'Hardstrasse 94, 5432 Neuenhof, AG'),
('e7d2715c-9be7-46ca-b9ec-170f16cac241', 'Bansac-Juvet Paulette und', 'Denis', 'denis.bansac@hispeed.ch', '', NULL, 'Seefeldstrasse 110, 8008 Zürich, ZH'),
('5310afaf-2356-48b4-82c7-98c5709e4df9', 'Bantle Stefan und', 'Sandra', 'bantle@orcasys.ch', '', NULL, 'Brunnackerstrasse 4, 8610 Uster, ZH'),
('6ec964fa-22b7-46d0-bb2f-cd69e4c1b5f3', 'Bantli', 'Hans', 'info@bantlis.com', '41793338517', NULL, 'Chalenstrasse 3, 8123 Ebmatingen, ZH'),
('03b52abd-c634-4c14-bf69-7c1320be80ea', 'Banz', 'Pirmin', 'info@garage-waldhaus.ch', '41796423367', NULL, 'Waldhus 1, 6016 Hellbühl, LU'),
('304b8102-c921-47c7-9769-4bbf160a47de', 'Banz', 'Urs', 'info@banz-bau.ch', '41796224392', NULL, 'Bachmättli 7, 6105 Schachen LU, LU'),
('6b7f11ee-e455-4a11-9ece-0e4eb4211f9c', 'Banzer', 'Bruno', 'bbanzer@datazug.ch', '', NULL, 'Räbmatt 18, 6317 Oberwil b. Zug, ZG'),
('e84b54d0-4b24-49dd-bc1f-8668c00cf5e3', 'Banzer Georg und', 'Uschi', 'gbanzer@bluewin.ch', '41794078058', NULL, 'Stein 4, 8750 Riedern, GL'),
('5ff2f952-04a7-4236-bbf9-63734dbb8ce3', 'Banzer Reto und Bettina', '(-Caflisch)', 'eraplauna@bluewin.ch', '41794090184', NULL, 'Era Plauna 6, 7412 Scharans, GR'),
('431b59a8-a038-4cf3-8c90-c7668c55fe79', 'Bänziger', 'Andreas', 'andreas.baenziger@abaenziger.ch', '', NULL, 'Bergstrasse 68, 9038 Rehetobel, AR'),
('7684b901-7934-40d9-a5e2-697e974fd3ef', 'Bänziger Christian und', 'Edith', 'christian.baenziger@gmail.com', '', NULL, 'Lippenreute 394, 9427 Wolfhalden, AR'),
('c4ce46b2-e43b-478f-9722-a77db5ab24a9', 'Bänziger Luzia', '(-Bischofberger)', 'luzia.baenziger@bluewin.ch', '41794044712', NULL, 'Kirchgass 8, 9442 Berneck, SG'),
('37b2c4e9-10f0-4cf3-8601-4322c4911744', 'Bänziger', 'Markus', 'info@baenziger-kipper.ch', '', NULL, 'Bruggmüli 1, 9043 Trogen, AR'),
('a2f3fdab-82da-471c-ab83-14f4b3109679', 'Bänziger Max und', 'Sonja', 'mbaenziger@bluewin.ch', '41794072029', NULL, 'Bildfeldstrasse 42, 9552 Bronschhofen, SG'),
('84d5f657-349b-48eb-a788-46d120a68943', 'Bänziger Rolf', 'R.', 'reproconsulting@bluewin.ch', '41764110114', NULL, 'Goldauerstrasse 56, 8006 Zürich, ZH'),
('d846d78a-08f5-48a0-b35a-f13d215764d8', 'Bänziger Thomas und Nelly', '(-Keller)', 'info@asktom.ch', '', NULL, 'Ferggerstrasse 5, 9444 Diepoldsau, SG'),
('64bc8ea2-214d-4eff-9d7e-752e7be8f875', 'Bänziger', 'Thuri', 'thuri.baenziger@bluewin.ch', '41793922651', NULL, 'Rosenstrasse 4, 8545 Rickenbach Sulz, ZH'),
('55c4a0cd-e6ec-4ff8-85da-d8cce1e8e282', 'Bänziger Walter u. Barbara', '(-Wehrli)', 'baenziger.family@bluewin.ch', '', NULL, 'Höhenweg 20, 5023 Biberstein, AG'),
('76e12c18-e39b-4581-aa82-dd8ff7309644', 'Bänziger-Hösli', 'Elisabeth', 'elisabeth.baenziger@bluewin.ch', '', NULL, 'Chrüzlerstrasse 13, 8545 Rickenbach Sulz'),
('8d3a603e-25c2-4ea6-a19a-1e074e499edf', 'Baour Francis et Gil', '(-Wisard)', 'gil.baour@tribu.ch', '41786591477', NULL, 'Rue des Prés 3, 2740 Moutier, BE'),
('a981576a-c00b-4415-8a57-34ec81c711a2', 'Bär Andreas u. Sonja', '(-Gredig)', 'andi_baer@swissonline.ch', '', NULL, 'Ghöchstrasse 117, 8498 Gibswil, ZH'),
('811a1a4f-677e-45a8-82fe-6ef56854a066', 'Bär Christian und', 'Sabine', 'info@c-s-b.ch', '41788093424', NULL, 'Büetigenstrasse 26b, 2557 Studen BE, BE'),
('4698ee8a-4ead-4843-aa2c-d693ea6c9fa5', 'Bär Daniela und', 'Peter', 'ilpderweg@gmail.com', '', NULL, 'Rainallee 136, 4125 Riehen, BS'),
('92686728-24f9-4524-8f61-a3be32640eb4', 'Bär', 'Denise', 'schiffahoi@hispeed.ch', '', NULL, 'Neugasse 99/ 04, 8005 Zürich, ZH'),
('e472ecad-31a0-4bf9-bf67-ebcc89c2a5c3', 'Bär', 'Erich', 'erich.baer@bluewin.ch', '', NULL, 'Rotmattstrasse 12, 6045 Meggen, LU'),
('b397ff7a-7a24-47c4-9ad5-5ced0ada327c', 'Bär', 'Klaus', 'baerkla@gmail.com', '41797208124', NULL, 'Rütmattstrasse 7, 5004 Aarau, AG'),
('be2ac827-5606-41b9-a08a-20de242df3ee', 'Bär Marcel und Pia', '(-Magnusson)', 'marcel.baer1@bluewin.ch', '', NULL, 'Talweg 128, 8610 Uster, ZH'),
('0983b523-bfff-4c98-b3f5-252ac376b47a', 'Bär', 'Monika', 'mbaer@mariposa.ch', '', NULL, 'Regensdorferstrasse 67, 8049 Zürich, ZH'),
('e14581ee-a390-40a0-93ec-3f5bdb1f394f', 'Bär', 'Nika', 'nika@charisma-sound.ch', '', NULL, 'Tanne 55, 9405 Wienacht-Tobel, AR'),
('3be0842b-a6ca-4bfa-9b36-d222d0408ee5', 'Bär', 'Oliver', 'info@humanart.ch', '41764164969', NULL, 'Walhallastrasse 12, 9320 Arbon, TG'),
('6ae568ec-0b58-4254-86ca-092aa6292814', 'Bär', 'Patrick', 'p_baeri@bluewin.ch', '41793326629', NULL, 'Adelgasse 6, 4446 Buckten, BL'),
('3050c8e2-7e1e-459f-87be-429221f5b9d0', 'Bär', 'Werner', 'info@baer-jenaz.ch', '41794323214', NULL, 'Kuhgasse 26, 7233 Jenaz, GR'),
('615b24b5-3cee-4d95-892c-dc45b5bbdaa7', 'Baracchi-Meier', 'Marianne', 'marianne@baracchi.ch', '41794306424', NULL, 'Schmiedgasse 15, 8307 Ottikon b. Kemptthal, ZH'),
('5d533675-0958-435a-baa5-6b7d79fc37e1', 'Barack Boaz und', 'Ruth', 'boaz.barack@gmail.com', '41792648390', NULL, 'Felsenmattstrasse 6, 8832 Wollerau, SZ'),
('b9ef8b93-b9ad-437e-b13a-f503430ca539', 'Barahona', 'Jeronimo', 'info@sternen-einsiedeln.ch', '', NULL, 'Hauptstrasse 46, 8840 Einsiedeln, SZ'),
('844821d6-3e65-493f-b0c5-8f83a702cd05', 'Barandun', 'David', 'atelier@david-barandun.ch', '41796103854', NULL, 'Brändligasse 36, 7000 Chur, GR'),
('3707e62c-9f1a-458c-908b-4e3420666ef6', 'Barandun Domenic und', 'Nataliya', 'dobagartenbau@bluewin.ch', '41787427020', NULL, 'Via Principela 39, 7523 Madulain'),
('6df2e88a-67e6-4963-b9b3-0f817ad31c74', 'Barandun', 'Eveline', 'info@lerncoaching-ebarandun.ch', '', NULL, 'Gümligenweg 6, 3112 Allmendingen b. Bern, BE'),
('e1623894-51ec-443f-b014-3d4a12d62acd', 'Barandun', 'Hannes', 'barandun.h@bluewin.ch', '41794130433', NULL, 'Bahnhofstrasse 21, 7260 Davos Dorf, GR'),
('8e67bfc5-68fb-4ee9-aa9f-78f6d8609a49', 'Barandun Julia, Arno und', 'Gian', 'saloms@gmx.ch', '', NULL, 'Saloms 3, 7424 Präz, GR'),
('5e9908d3-6759-4586-8faf-f0f2519549ad', 'Barandun', 'Jürg', 'barandun@gmx.ch', '41793170409', NULL, 'Prasserieweg 6, 7000 Chur, GR'),
('981b175d-b786-47b2-ade5-13354cdaaa6a', 'Barandun Rosmarie', '(-Senteler)', 'rosmariebarandun@gmail.com', '', NULL, 'Heinzenbergstrasse 19, 7421 Summaprada, GR'),
('792cc8a8-4e1e-4fcb-b587-418a8ceca15b', 'Barandun', 'Verena', 'v.barandun@bluewin.ch', '', NULL, 'Werkstrasse 9, 7000 Chur, GR'),
('718de626-117a-42f4-a9b8-1aba35df3ac9', 'Baranowski', 'Damian', 'damian.b@hispeed.ch', '41796925950', NULL, 'Stallikerstrasse 3C, 8906 Bonstetten, ZH'),
('89a74469-42b8-47de-a29f-71d4cdc312b4', 'Baratoff', 'Cyril', 'cbaratoff@xlnow.ch', '', NULL, 'Birkenweg 1, 4528 Zuchwil, SO'),
('2c64394a-696f-4909-8dae-1654939efa5f', 'Baratta', 'Gianfranco', 'uhrenservice@bluewin.ch', '', NULL, '5405 Dättwil AG, AG'),
('1970edf4-e871-4bb5-a96f-904eb326de78', 'Barbera', 'Fabian', 'fabianbarbera1@gmail.com', '', NULL, 'Werchlaubengässli 3, 6004 Luzern, LU'),
('2c0da267-e07d-4af1-bc8c-0127e8b74935', 'Barbey', 'Evelyne', 'info@aponi-therapie.ch', '', NULL, 'Rebgartenweg 27, 4104 Oberwil BL, BL'),
('5f4628d1-bda3-44ea-aa96-2a119b8a144e', 'Barbey Jean-François und', 'Maria', 'jf_bar@gmx.net', '', NULL, 'Moosmatthalde 17, 6045 Meggen, LU'),
('a69ea648-7643-49a6-bb00-e67aac67ef8b', 'Barbier', 'Emmanuel', 'manu.barbier@datacomm.ch', '', NULL, 'Oberer Quai 138, 2503 Biel/Bienne, BE'),
('231435ea-f754-4554-b591-8af8536f89d1', 'Barden Alfred, Beatrice, Alexandra,', 'Alex', 'beatrice@barden.ch', '41794874337', NULL, 'Gämpi 10, 6043 Adligenswil LU'),
('21429418-772a-4945-bb0d-79437e49505b', 'Bardheci Leoreta und Shkelzen', '(-Gashi)', 'leoreta.bardheci@hotmail.com', '41788016395', NULL, 'Huttwilstrasse 58D, 4944 Auswil, BE'),
('b3596a7d-e2b2-4fa4-8487-95e30d2141ef', 'Bardill Andreas und Anna', '(-Riatsch)', 'a.bardill@bluewin.ch', '41792088167', NULL, 'Hauptstrasse 10, 7231 Pragg-Jenaz, GR'),
('e7c640a9-784c-4712-b01b-59f51daf9569', 'Bardill Georg und Ursina', '(-Parolini)', 'georgbardill@gmail.com', '41793214868', NULL, 'Garglasweg 42, 7220 Schiers, GR'),
('5f04fa23-0ee2-47dd-b322-0e9d6c3158fd', 'Bardill', 'Otto', 'o.bardill@bluewin.ch', '41793265144', NULL, 'Hauptstrasse 91, 7233 Jenaz, GR'),
('df01efa3-f24d-4ac8-8d36-80747b5a7895', 'Bareiss Robert u. Theres', '(-Schmid)', 'robert.bareiss@bluewin.ch', '', NULL, 'Bahnhofgässli 12, 3718 Kandersteg, BE'),
('3770f278-a592-4c78-be00-5e70462d836f', 'Bareth', 'Susanna', 'susanna.bareth@bluewin.ch', '41798112959', NULL, 'Aeschenbrunnmattstrasse 3, 3047 Bremgarten b. Bern, BE'),
('54e515b4-dede-4c0c-b06f-fd8bfcf0ac04', 'Barfuss', 'Claudia', 'info@web-ideen.ch', '', NULL, 'Eglerweg 2, 5064 Wittnau, AG'),
('d6d5634b-aa1b-451d-a64a-aecba1f8938f', 'Bargas Marcelo', 'Enrique', 'info@derfahrlehrer.ch', '41764002505', NULL, 'Rittergasse 25, 4103 Bottmingen, BL'),
('e7ba98e8-31b5-4422-8713-1ccaf5ebc62d', 'Barletta Toni und', 'Ursula', 'barletta@bluewin.ch', '', NULL, 'Birmensdorferstrasse 147, 8902 Urdorf, ZH'),
('d1abbeb2-cd6f-43d3-b0a0-5a16a54f465e', 'Bärlocher Josef u. Angela', '(-Häfliger)', 'a.baerlocher@bluewin.ch', '', NULL, 'Gossauerstrasse 102b, 9100 Herisau, AR'),
('c3070139-5515-4552-92f4-9e855ac9e598', 'Bärlocher', 'Marianne', 'marianne@baerlocher.ch', '', NULL, 'Dorfstrasse 47, 8800 Thalwil, ZH'),
('62615062-47b9-4584-94b4-09429e295c95', 'Bärlocher Wieland und', 'Lilian', 'info@tannacker.ch', '41794117665', NULL, 'Tannacker 21, 9306 Freidorf TG, SG'),
('bdcf825d-e0b2-418f-9347-2f73be5a5736', 'Barmet Edy und Cathi', '(-Meyer)', 'edibarmet@bluewin.ch', '41792724239', NULL, 'Biffig 1A, 6247 Schötz, LU'),
('4aea6db0-ffb0-4917-aec7-765d390f5519', 'Barmettler', 'Arnold', 'rappi@barmettler.com', '', NULL, 'Zürcherstrasse 53, 8640 Rapperswil SG, SG'),
('251d1eab-dc06-4df1-806b-e4270341fc67', 'Barmettler Bruno', 'Clemens', 'brbarmettler@swissonline.ch', '', NULL, 'Dörflistrasse 36A, 8942 Oberrieden, ZH'),
('15848411-c86f-4e14-b76c-561bd62e98a0', 'Barmettler', 'Fabio', 'fabio.barmettler@yahoo.com', '', NULL, 'Luzernerstrasse 17, 6403 Küssnacht am Rigi, SZ'),
('8b6bc18b-81f0-48fe-86e7-ee25523e4e90', 'Barmettler Hans-Peter und Andrea', '(-Wiemer)', 'info@liftboys.ch', '41793566900', NULL, 'Chilenmattli 13, 6372 Ennetmoos, NW'),
('d898ab16-c1a4-4701-a7cf-2f1526b3d02e', 'Barmettler', 'Irene', 'buddhayogasadhana@gmail.ch', '', NULL, 'Riedappel 9, 6403 Küssnacht am Rigi, SZ'),
('f6f3ba3c-4ecc-4154-a47e-589a07002eae', 'Barmettler Peter', '(-Huber)', 'peterbarmettler@yahoo.com', '', NULL, 'Beckenriederstrasse 50, 6374 Buochs, NW'),
('294de7a8-0b1f-46af-8b62-eaee0c7c83ae', 'Barmettler', 'Richard', 'richard.barmettler@datazug.ch', '', NULL, 'Landstrasse 10, 6418 Rothenthurm, SZ'),
('8456867a-29d8-47f7-9c10-edd52217e096', 'Barmettler-Bang Hans und', 'Kis', 'kis@barmettlerag.ch', '', NULL, 'Krähbüel 2, 6403 Küssnacht am Rigi, SZ'),
('7add8ad6-fb67-46a9-b6f7-a4786628c83a', 'Barnett John und Monica', '(-Murer)', 'vorname@barnett.ch', '', NULL, 'Hungerbüelstrasse 8, 8185 Winkel, ZH'),
('8e8a11e1-85ba-4a3b-b51a-5d45f5c2db7f', 'Barozzi Manuela', 'Jolanda', 'manuela_barozzi@bluewin.ch', '41786118355', NULL, 'Bahnstrasse 19a, 3063 Ittigen, BE'),
('7cc04aa7-0773-4f35-9085-20774c919b26', 'Barozzi Marco', 'Baba', 'b.barozzi@bluewin.ch', '41796655050', NULL, 'Chämletenweg 15, 8153 Rümlang, ZH'),
('b70913a8-4b9e-473a-96c2-a9ba652f54d1', 'Barras', 'Jean-Claude', 'jean.cl.barras@gmail.com', '', NULL, 'Clos Memin 2, 2536 Plagne, BE'),
('0223d025-3f34-4668-8714-a03f2e133bf6', 'Barras Nicolas und', 'Tatjana', 'info@weiblicherzyklus.ch', '', NULL, 'Schlossstrasse 15, 3098 Köniz, BE'),
('11d000cc-d3c6-494c-ac58-2bc8b884d2d0', 'Barrer Heinz', '(-Fürst)', 'heinz.barrer@ggs.ch', '41792424975', NULL, 'Gerstenacker 12, 4628 Wolfwil, SO'),
('dbe23ce0-0292-4d7f-930b-cea597c5a9fe', 'Barrer', 'Marcel', 'mbarrer@bluewin.ch', '', NULL, 'Sälistrasse 5, 4800 Zofingen, AG'),
('ee6a0a9d-1dee-4c5d-81f7-d0693b2f2ee6', 'Barrerio Laura und F.J', 'Caamaùo', 'kikolau1@msn.com', '41793308803', NULL, 'Neuhausweg 3, 3027 Bern, BE'),
('a80e95fe-981c-4ad7-aac3-1b99f336b671', 'Bart', 'Chantal', 'bart@zmail.ch', '', NULL, 'Eschenweg 4, 2555 Brügg BE, BE'),
('0082bf98-6b34-45b2-a8d0-ae5068335bf6', 'Bart', 'Hans-Rudolf', 'bartolyss@besonet.ch', '', NULL, 'Bernstrasse 73, 3250 Lyss, BE'),
('faaa7edb-ecb0-40d7-9759-4106d5253f0c', 'Bart Merlijn und', 'Anna', 'mejito@gmail.com', '41787565007', NULL, 'Vereinsweg 23, 3012 Bern, BE'),
('6955b268-3de4-4cb9-ae52-2149843da0a0', 'Bart Rudolf und Agnes', '(-Bühler)', 'abart@bluewin.ch', '', NULL, 'Feldstrasse 45, 8330 Pfäffikon ZH, ZH'),
('fe16cf4c-81bf-4be0-857c-cd6dbbd45e68', 'Bartels Philip', 'Robert', 'philipbartels@web.de', '41793189938', NULL, 'Neptunstrasse 61, 8032 Zürich, ZH'),
('6d362831-b14c-4ca7-b385-941cfa365463', 'Barth', 'Bruno', 'barth.bruno@bluewin.ch', '', NULL, 'Oberhausenstrasse 3, 8907 Wettswil, ZH'),
('5b1a2755-2f68-45ca-b1bd-5b29aa1bd2ab', 'Barth', 'Christian', 'cbb@cbb.ch', '41792001402', NULL, 'Limberg 66, 8127 Forch, ZH'),
('65791dd4-43ea-4854-8203-50d224e8840b', 'Barth Georg und Madlaina', '(-Pfister)', 'madlaina@barthfruit.ch', '', NULL, 'Pfaffenlohweg 24, 4125 Riehen, BS'),
('711cb701-934e-47e2-b8e5-faac5ec5cd37', 'Barth', 'Karin', 'karinbarthtreuhand@swissonline.ch', '41792454600', NULL, 'Tössweg 9, 8805 Richterswil, ZH'),
('609378d9-5b4f-4a5f-9607-c15d147ed906', 'Barth', 'Markus', 'markus_barth@sunrise.ch', '', NULL, 'Rossmarktplatz 17, 4500 Solothurn, SO'),
('b2015294-2c49-4d95-ba61-8d4ecf17c01c', 'Barthassat Jean-Marc und Sook-Yei', '(-Lee)', 'jeanmarc.barthassat@bluewin.ch', '', NULL, 'Riedhofstrasse 364, 8049 Zürich, ZH'),
('4d1f019d-200c-4ea1-a0cb-ae4f2fcbc222', 'Bartholdi', 'Herbert', 'he.bartholdi@bluewin.ch', '41792275340', NULL, 'Poststrasse 15, 8583 Sulgen, TG'),
('191cd506-c19c-4147-aaa8-caed38e7b723', 'Bartholet Guido und Yvonne', '(-Zimmermann)', 'g.bartholet_ac_bau@bluewin.ch', '41794427042', NULL, 'Guschastrasse 9, 8890 Flums, SG'),
('ac55847b-1409-4ce2-8df8-5e7314b08f33', 'Bartholet Johann und Nelly', '(-Lusti)', 'joh.bartholet@bluewin.ch', '', NULL, 'Pfrundwingertstrasse 11, 8893 Flums Hochwiese, SG'),
('845d042d-cb06-4c74-a081-7c7b41feb56d', 'Bartholet', 'Richard', 'r_bartholet@bluewin.ch', '', NULL, 'Buchenbühlweg 5, 5610 Wohlen AG, AG'),
('9ba2415a-e72c-49e5-8400-97663b38b90d', 'Bartl René', 'H.', 'info@bbbbartl.ch', '', NULL, 'Benzburweg 21, 4410 Liestal, BL'),
('c3dbc525-f5ff-47f2-8160-ec18528804ec', 'Bartlome', 'Bruno', 'bruno.bartlome@gmx.ch', '41792688042', NULL, 'Murli 7, 4583 Mühledorf SO, SO'),
('8932ac00-aca0-4868-8205-6ec59099c527', 'Bartlomé', 'Erich', 'eb51@bluewin.ch', '41793551451', NULL, 'Oberschnasberg 5, 8352 Elsau, ZH'),
('e7a3646d-4306-434f-a640-95c8fa5cbf33', 'Bartlomé', 'Rudolf', 'bartlome@bluwin.ch', '41796091437', NULL, '7435 Splügen, GR'),
('c6d0bd06-2057-4568-9c86-c20f697d10ad', 'Barton', 'Nicholas', 'nick.barton@bluewin.ch', '', NULL, 'Säntisstrasse 3, 9533 Kirchberg SG, SG'),
('b5144591-5b16-47f5-923e-b5a51cb7c68e', 'Bärtsch Bernhard und Christine', '(-Walser)', 'quaderhof@bluewin.ch', '', NULL, 'Dorfstrasse 27, 7232 Furna, GR'),
('e51541c5-1c76-4bb2-8e4f-6d6b9be41230', 'Bärtsch', 'Hans', 'hans.baertsch@alteskino.ch', '41796690292', NULL, 'Sarganserstrasse 66, 8887 Mels, SG'),
('f707255b-1ae9-47d0-9c48-5ac8b7689404', 'Bärtsch Inga und Matthias', '(-Philipps)', 'baertsch@bluemail.ch', '', NULL, 'Sandackerstrasse 15, 5304 Endingen, AG'),
('490f3820-3720-4d6a-9dd7-970f1bdba3db', 'Bärtsch Markus und Sabine', '(-Schnyder)', 'sm-baertsch@gmx.ch', '41792927293', NULL, 'Underi Müli 4, 8260 Stein am Rhein, SH'),
('f40ec1af-ca09-471d-a208-5e596c837f5a', 'Bartsch', 'Roland', 'roland_bartsch@sunrise.ch', '41765299215', NULL, 'Seeguetstrasse 8, 8804 Au ZH, ZH'),
('80748d5d-a0a0-4310-a1f3-d5a8c248bf3b', 'Bärtsch Toni u. Waltraud', '(-Schmider)', 'tbaertsch@bluewin.ch', '', NULL, 'Amperdellstrasse 22, 8887 Mels, SG'),
('111aa7cb-2b8f-429e-9923-07961739953a', 'Bärtschi Andreas und Christine', '(-Leiser)', 'res.baertschi@vtxmail.ch', '', NULL, 'Bifängli 53, 3432 Lützelflüh-Goldbach'),
('c4b6f009-d149-44b6-8813-5c2aab031c4e', 'Bärtschi', 'Christian', 'christian.baertschi@sunig.ch', '41796143070', NULL, 'Reservoirstrasse 5, 8442 Hettlingen, ZH'),
('f70e55ea-fdcb-4718-9904-3578a0902bfc', 'Bärtschi Christian und Brigitte', '(-Born)', 'baertschi.christian@gmail.com', '41796640711', NULL, 'Feldstrasse 22, 5507 Mellingen, AG'),
('c29a610d-4aee-4859-a0e9-206e64167b8d', 'Bärtschi Gottfried und Lydia (-Mac', 'Kenzie)', 'godi.baertschi@ggaweb.ch', '41796845315', NULL, 'Chalenstrasse 22, 8123 Ebmatingen, ZH'),
('5bffca12-aa73-420c-ac88-a9fb30f57bcc', 'Bärtschi', 'Guido', 'guido.baertschi@yetnet.ch', '41796438569', NULL, 'Bahnhofstrasse 29, 4657 Dulliken, SO'),
('06ad9e9e-66dc-45ba-a8b6-19e14a2f8b51', 'Bärtschi', 'Jürg', 'a@swissonline.ch', '41793337575', NULL, 'Gutsch 23, 6319 Allenwinden, ZG'),
('91ea37fc-836b-4720-bb9f-4f2cb31f8dc7', 'Bärtschi Jürg und', 'Ruzica', 'kontakt@j-baertschi.ch', '', NULL, 'Schwerzbrünnlistrasse 12, 5078 Effingen, AG'),
('36d659ef-234c-4004-bdf7-b3ebffda5f08', 'Bärtschi Michael und', 'Franziska', 'michael.baertschi@bluewin.ch', '', NULL, 'Wangenhubelstrasse 26c, 3173 Oberwangen b. Bern, BE'),
('2603f58a-5363-4249-9d8a-8ea3bdedf3ff', 'Bärtschi Peter und Ursula', '(-Walther)', 'peterbaertschi@bluewin.ch', '41788005067', NULL, 'Wikartswil 618, 3512 Walkringen, BE'),
('025f8dbe-7e52-48b5-be94-cd601c713d55', 'Bärtschi', 'Ruedi', 'info@vivarium-tablat.ch', '', NULL, 'Tablat 1030, 8492 Wila, ZH'),
('ef3b2a42-e380-4192-98bc-ac33110f4201', 'Bärtschi Urs und Verena', '(-Feuz)', 'info@oldmirrorlodge.ca', '41796678374', NULL, 'Froburgstrasse 11, 4657 Dulliken, SO'),
('245314dc-2e3c-43a1-bf6c-d8ccf07e92d3', 'Baruffol Reto und Barbara', '(-Uster)', 'baruffol@swissplace.ch', '41793243802', NULL, 'Mönchhofstrasse 11, 8802 Kilchberg ZH, ZH'),
('eba7850d-bdf8-48bb-bf90-3aeb719b5595', 'Barukcic', 'Ilija', 'ilijabarukcic@hispeed.ch', '41797048365', NULL, 'Mühlestrasse 5B, 7260 Davos Dorf, GR'),
('6b44a544-fdec-4e9d-8c80-90a99afde73d', 'Baschera', 'Marco', 'bascheramar@bluewin.ch', '', NULL, 'Zanggerweg 21, 8006 Zürich, ZH'),
('663cde35-cd82-4c91-8464-f10760243df1', 'Baschnagel', 'Pius', 'piusb@freesurf.ch', '41796875463', NULL, 'Bertastrasse 5, 8003 Zürich, ZH'),
('f342adbd-afcd-4496-820f-a5402af3d571', 'Baschung Philipp und Cornelia', '(-Bärtschi)', 'info@ferienimschloss.ch', '', NULL, 'Italienische Strasse 24, 7437 Nufenen, GR'),
('52ee99c7-4e5e-45c3-bcac-3672512eb570', 'Baschung Rita', 'Renata', 'info@inspirita.ch', '', NULL, 'Rüttihubel 29, 3512 Walkringen, BE'),
('05250405-bec7-4157-9909-e2dcc80c346f', 'Baschung', 'Roland', 'ag15221@gmx.ch', '41767492952', NULL, 'Sonnenbergweg 286, 5728 Gontenschwil, AG');

INSERT INTO leads (id, contact_id, source, status, value, notes) VALUES
('e22dc32b-e114-440f-be92-f3c449ddab1e', 'ac91f300-f9f7-4be8-9d03-1a69ec5f952d', 'KALTAKQUISE', 'ACTIVE', 0, NULL),
('44f3e264-f034-43ba-b307-f9506d8280bf', '472c984d-1a29-4107-9183-de1cc4b1fbce', 'KALTAKQUISE', 'ACTIVE', 0, NULL),
('b98c71d9-4dd8-43ee-b646-e1b55955e945', 'a1bc57ea-9144-4ba8-941d-999016efac4b', 'KALTAKQUISE', 'ACTIVE', 0, NULL),
('136158a3-b17c-4013-8793-b3784f85f2a4', '84d6c673-bc6c-45a9-aa7e-72f62c3aed28', 'KALTAKQUISE', 'ACTIVE', 0, NULL),
('25b74730-2a24-41e5-8965-45ce9c9c89bd', '48de7610-5195-482b-bba9-deb6e0125e3b', 'KALTAKQUISE', 'ACTIVE', 0, NULL),
('35ce67ed-2bbb-4b47-b1e9-0bae0fb050a6', 'da41fe0c-b09d-4778-bb3c-5d20c61ee34f', 'KALTAKQUISE', 'ACTIVE', 0, NULL),
('83840b4f-5de8-4072-ae7a-94c03176aecd', 'a2d3533a-e58e-4c42-b678-e92e9c19e11f', 'KALTAKQUISE', 'ACTIVE', 0, NULL),
('83d5d44b-ca94-463f-9852-70ffec4f05a5', '4ce12b45-8bf1-444f-9633-f6a7b1e9c748', 'KALTAKQUISE', 'ACTIVE', 0, NULL),
('13dfd8e7-3e08-4391-b08c-035adc8e83d9', '07304dba-bbd0-49b1-aab9-7b791ba595d5', 'KALTAKQUISE', 'ACTIVE', 0, NULL),
('131788b3-c732-4f74-8d7f-c4cb1786b65f', '51ecfbce-79c0-4f16-ad9c-8dd475488b09', 'KALTAKQUISE', 'ACTIVE', 0, NULL),
('9aa4dca8-8326-46d4-a3b9-0723480c84cd', '2a244e49-c8d1-4e35-ab80-5035f070606f', 'KALTAKQUISE', 'ACTIVE', 0, NULL),
('c86ff0cd-1c5c-4b9b-8cca-700d6af9a434', '3fc2e2ad-4f5f-4023-a1ed-08388f5a83a9', 'KALTAKQUISE', 'ACTIVE', 0, NULL),
('09f203dc-b161-4814-9c72-c4e1b5b03cc4', '100e1b15-6b9f-46ee-ab17-2a39e3f6d676', 'KALTAKQUISE', 'ACTIVE', 0, NULL),
('586d3f43-88ec-4043-9c19-eedee27f64d8', '435c7e30-1164-45b2-b4e5-c835f8997a6b', 'KALTAKQUISE', 'ACTIVE', 0, NULL),
('25f8ba04-fc5f-4e31-a011-b4c95975a6be', '9b18f997-488a-4476-81ac-5ccbf3cca1a0', 'KALTAKQUISE', 'ACTIVE', 0, NULL),
('7b315b98-ed80-4543-86e8-efbc4e906b10', 'f95f3702-31e6-492b-930c-a386d77f6335', 'KALTAKQUISE', 'ACTIVE', 0, NULL),
('6e10d5d3-cd44-4285-bbca-42853deb8c26', '6167dc9e-5548-4137-8d58-86321f7984d1', 'KALTAKQUISE', 'ACTIVE', 0, NULL),
('e311ba69-c281-4a23-a5d0-e63abe2b1f1d', 'f9502211-48b3-43b7-9d99-581bcfc78d46', 'KALTAKQUISE', 'ACTIVE', 0, NULL),
('ea20f494-b951-43d6-8438-bcbbb38a8981', 'cb9afaa2-d1f2-4791-9fd9-0d09a2b8add1', 'KALTAKQUISE', 'ACTIVE', 0, NULL),
('691adda0-e830-4e8d-9b8c-81c446633586', '943b8782-9f39-4be7-acea-48d88166f3be', 'KALTAKQUISE', 'ACTIVE', 0, NULL),
('ec8a02cf-198b-4dff-92d3-d0d0db05934c', '3b1ef184-46c5-4169-b015-d18fd1647236', 'KALTAKQUISE', 'ACTIVE', 0, NULL),
('15f40bae-ac51-4f15-beed-cc5dd41705b0', '6c38058b-9410-4b8f-bb95-1671d3b2d45f', 'KALTAKQUISE', 'ACTIVE', 0, NULL),
('f9a85c36-0763-45d1-a34b-24b583c6cc9a', '6708159c-3837-492e-9a19-14da85cb6c57', 'KALTAKQUISE', 'ACTIVE', 0, NULL),
('75192bd1-1946-44aa-8d9a-176b842ef8ff', '8800aa2e-6438-461a-a741-249575440a2e', 'KALTAKQUISE', 'ACTIVE', 0, NULL),
('f2d5a804-a94c-4dce-9526-85fb2bf4433f', 'a57fdb77-5d6f-4919-9717-e5d04196ce5e', 'KALTAKQUISE', 'ACTIVE', 0, NULL),
('e043cf17-9383-4650-b4eb-1bc3bd8a644d', '61a3132f-d4fd-45d0-9873-7035c7940575', 'KALTAKQUISE', 'ACTIVE', 0, NULL),
('faa66951-b1c1-428d-b995-9bb75467bcca', 'c75c5b4e-c4ae-4074-8e8d-62b56cdcb64d', 'KALTAKQUISE', 'ACTIVE', 0, NULL),
('95f657a6-d756-4004-bb3c-1d9b531d49d7', '7fd12d95-414e-4f7a-ba82-de233383bedf', 'KALTAKQUISE', 'ACTIVE', 0, NULL),
('b9b7d1ed-f516-413e-becf-6df508f3a7fb', '52b53845-3d4c-4681-ad68-ebf1a6af3f5c', 'KALTAKQUISE', 'ACTIVE', 0, NULL),
('e735a081-759e-4d3d-813a-8eac873c6cf0', '7d226338-bff3-43f8-bd72-b84c278ccd4a', 'KALTAKQUISE', 'ACTIVE', 0, NULL),
('5c1a2ee2-3d45-445b-8a1d-95858bdf3ab5', 'a1546a6e-12af-4e47-9795-ebd0ba913225', 'KALTAKQUISE', 'ACTIVE', 0, NULL),
('d86ebf58-f6bd-4d96-bcc5-1e91c24120d5', '6cf275a0-c85a-4041-8376-eae0d38c43ac', 'KALTAKQUISE', 'ACTIVE', 0, NULL),
('8e87f9ea-2ed0-48ef-b459-33003a4e3cc2', 'f2fbab88-d66e-4f49-9e0d-bf2f15921949', 'KALTAKQUISE', 'ACTIVE', 0, NULL),
('1978a87b-771e-49aa-9d3c-a9aaf8428cdf', 'c291be9f-bda4-410c-a425-175deeab8abe', 'KALTAKQUISE', 'ACTIVE', 0, NULL),
('b5497ec2-68af-4891-9705-2f3e5d096457', 'df57c450-2ebb-4500-8dfa-66dcd069ab97', 'KALTAKQUISE', 'ACTIVE', 0, NULL),
('abbe5074-d800-492f-b000-edf80a962064', 'e8dbf5f3-fb63-4d05-8dda-9db40bd0011f', 'KALTAKQUISE', 'ACTIVE', 0, NULL),
('9e0c2f0e-b01f-499f-81e6-c045652e4890', '5d65fa93-d7e6-4483-a4c7-704b42ebd625', 'KALTAKQUISE', 'ACTIVE', 0, NULL),
('9489209c-44dd-4ad6-8d52-f38825b6c8c9', 'a373cfa7-302f-4afc-8580-0de026c8d234', 'KALTAKQUISE', 'ACTIVE', 0, NULL),
('08665b02-a00a-4e41-898a-3158904f72ab', '08a1983a-f3f6-4c1a-9ffd-fb8c2239f724', 'KALTAKQUISE', 'ACTIVE', 0, NULL),
('acc62a6b-b017-4291-a8e8-1ea8a47fb5e4', '87245069-f2e6-40f2-931d-23796534d5bf', 'KALTAKQUISE', 'ACTIVE', 0, NULL),
('427a5fed-83ff-464b-b727-532efa560d00', '4bfbd320-a908-4516-86d9-6cf62b6b064e', 'KALTAKQUISE', 'ACTIVE', 0, NULL),
('93e1efd2-6658-4e12-a2e3-b6637b4fe1a6', '05aacf2f-57fa-453c-922a-8a988dd319fd', 'KALTAKQUISE', 'ACTIVE', 0, NULL),
('7ea6e878-ccc0-4acd-b86d-666dce68524a', '1c9ed0c9-cc95-4b5e-ab98-0a071a1cf9b7', 'KALTAKQUISE', 'ACTIVE', 0, NULL),
('40151be4-bfef-4287-b55b-2552d4bf97e3', '4f410cb4-b7a0-4ee5-87a2-bfb5e7ba1290', 'KALTAKQUISE', 'ACTIVE', 0, NULL),
('96c687cd-82bb-4c6f-9441-2516c4663d0e', '22328511-47f6-4950-ac45-20dc00be8cc2', 'KALTAKQUISE', 'ACTIVE', 0, NULL),
('f31dcd02-b567-418f-9973-03944fb00ec1', '6091e386-79ff-4209-bb97-2bbeaf991694', 'KALTAKQUISE', 'ACTIVE', 0, NULL),
('f7710edf-e543-4fa9-869b-5534f5e7a932', '63681e0b-62a6-40dc-9c99-162bc7cdbd4c', 'KALTAKQUISE', 'ACTIVE', 0, NULL),
('b76acf88-9603-495b-b182-d216b19d6d83', '01623621-de2d-4e7c-8c2c-aee7235e4538', 'KALTAKQUISE', 'ACTIVE', 0, NULL),
('1ee5fe38-1413-438d-9515-47af3bd266dc', 'e2e8b20d-9389-45de-80bc-9f2bb4796d16', 'KALTAKQUISE', 'ACTIVE', 0, NULL),
('e5efca3a-fc3d-4439-b601-01be965ef1f5', 'da2a7ce2-105f-415e-9260-0d4765906cb3', 'KALTAKQUISE', 'ACTIVE', 0, NULL),
('b362d217-a811-4b41-9816-df5526cffa38', '8d46a2d3-bcde-4f08-8405-469329bc4665', 'KALTAKQUISE', 'ACTIVE', 0, NULL),
('df787913-299d-49bf-9062-2688879ba9ce', '4183acfd-54f0-48e6-9cb7-700a67ea51e0', 'KALTAKQUISE', 'ACTIVE', 0, NULL),
('9e525005-ce31-4e20-ad06-3c890dcd0141', '6c3abaeb-2656-413b-ac60-784b5a178bc8', 'KALTAKQUISE', 'ACTIVE', 0, NULL),
('a4b34b5b-d733-49e6-aff8-7d0fe68f8cff', '3ec7eea4-5ded-424d-9bbb-792aebfde695', 'KALTAKQUISE', 'ACTIVE', 0, NULL),
('683ccea6-f48b-4d5f-bd04-371ccdc523cf', 'bffb149b-271f-4a9b-a88d-f61f14b53960', 'KALTAKQUISE', 'ACTIVE', 0, NULL),
('cc73cbe3-aaf3-4f60-bcf2-19fc1353124b', 'dab09a30-d55b-4f7f-88ad-c00e9f419e4b', 'KALTAKQUISE', 'ACTIVE', 0, NULL),
('6c81bee1-0449-489e-ba75-079bf5b1b9cf', 'c8abee99-245f-490a-b7e8-b5207d2ae01b', 'KALTAKQUISE', 'ACTIVE', 0, NULL),
('8b5beaad-d9c6-41d9-928f-1e6c8c6097f6', '36a3beef-596a-44f0-8b4c-2e71ada1457b', 'KALTAKQUISE', 'ACTIVE', 0, NULL),
('2c5550c3-353e-46ff-b9c7-5f167dba6e5b', 'c7bcd29f-c005-4db6-a286-a06f655ffc09', 'KALTAKQUISE', 'ACTIVE', 0, NULL),
('c04d228d-71b6-4996-af50-4c13d1f7ba39', '50c64575-4aca-4f58-8641-2c54b2694b10', 'KALTAKQUISE', 'ACTIVE', 0, NULL),
('ee54cfad-f841-4c8f-bc40-cb011de87b7e', 'aa12edfa-7c5b-47a5-acc5-22b740caa3d1', 'KALTAKQUISE', 'ACTIVE', 0, NULL),
('46884d70-a073-4c0c-b9e5-aae5c43ea090', 'a9e2b3df-8f95-4df7-89c0-69aa048793be', 'KALTAKQUISE', 'ACTIVE', 0, NULL),
('73cffd50-48c6-4147-a71e-36dc9963fd61', '73617a5a-725a-4f43-bde8-ac6dfb73cefa', 'KALTAKQUISE', 'ACTIVE', 0, NULL),
('f341733f-ff19-4433-983c-7fa777bb9f40', '7f1b3f08-1081-4c0a-b75a-522b89dafb5e', 'KALTAKQUISE', 'ACTIVE', 0, NULL),
('dae1d4bf-5c70-4b8b-8d86-5552b67a8cd6', 'd7ab0275-6817-4f79-ad28-ddfa27adcff1', 'KALTAKQUISE', 'ACTIVE', 0, NULL),
('8f94caee-2967-4e29-af8d-97b8389730b8', '2fba86e0-c76b-4df6-95f3-4b7265fbfaa8', 'KALTAKQUISE', 'ACTIVE', 0, NULL),
('f45a092e-feb2-4a9b-a00f-f43f77e900f1', '34f4a66d-828f-4c65-bfcf-dccd0e0c55dc', 'KALTAKQUISE', 'ACTIVE', 0, NULL),
('17f6f352-ac2e-4051-bc43-00f7a898bdf7', 'b2d437ca-91de-42a8-b929-e2820c5f5ae8', 'KALTAKQUISE', 'ACTIVE', 0, NULL),
('80cfcb56-d778-4b2e-90cf-c404c7b40871', 'd3c6b675-7492-4569-af0b-6d541ea0c63a', 'KALTAKQUISE', 'ACTIVE', 0, NULL),
('ac572a47-cc3b-4cc5-8d1a-9f63596e9558', '5e60cee9-4701-432f-a46d-d9cf416d01ec', 'KALTAKQUISE', 'ACTIVE', 0, NULL),
('229eec94-3511-4d28-a907-c5a5409987d4', '83ea718a-efc5-4f3a-bf29-06531c68fe73', 'KALTAKQUISE', 'ACTIVE', 0, NULL),
('24049b71-208a-4019-895a-fea2e8d6118f', 'bb08ac2c-7f0b-4662-8e45-cfc5dd21240e', 'KALTAKQUISE', 'ACTIVE', 0, NULL),
('978118f2-c8b2-4b8e-9222-b3e6410ac6f9', '0fda5e5f-b9f5-4b30-ab5e-b0ca01e23497', 'KALTAKQUISE', 'ACTIVE', 0, NULL),
('8acff57d-e62e-45c3-834d-9801572afac8', 'eb166950-f8ea-4e0d-9b2b-9b47cd6ceec7', 'KALTAKQUISE', 'ACTIVE', 0, NULL),
('3553ee38-f0c3-4ab0-86ab-d05d36d761a5', 'a333a34d-84f1-4395-bab6-86be7780cf4a', 'KALTAKQUISE', 'ACTIVE', 0, NULL),
('8ab0ebb5-b169-4cd4-afda-a0d734ed57bb', '791fc93f-b757-49b8-beb5-6afed3af9e1b', 'KALTAKQUISE', 'ACTIVE', 0, NULL),
('81c33707-0d93-4a3d-91e0-133e082da8f6', 'ce8e0102-2212-4530-9542-a956cb28cb6c', 'KALTAKQUISE', 'ACTIVE', 0, NULL),
('edab691a-14bb-4460-875a-def2cdbf6ca3', 'e7d2715c-9be7-46ca-b9ec-170f16cac241', 'KALTAKQUISE', 'ACTIVE', 0, NULL),
('ccc47fb8-c098-4e33-9bc1-d3882ce9c1a9', '5310afaf-2356-48b4-82c7-98c5709e4df9', 'KALTAKQUISE', 'ACTIVE', 0, NULL),
('ad83b067-fdb4-4449-a167-6489237e3360', '6ec964fa-22b7-46d0-bb2f-cd69e4c1b5f3', 'KALTAKQUISE', 'ACTIVE', 0, NULL),
('79286d62-afe2-478d-8fce-28e2602ccd73', '03b52abd-c634-4c14-bf69-7c1320be80ea', 'KALTAKQUISE', 'ACTIVE', 0, NULL),
('d574441a-ab28-44ec-98e7-e5e6a746315f', '304b8102-c921-47c7-9769-4bbf160a47de', 'KALTAKQUISE', 'ACTIVE', 0, NULL),
('0a9d6ea9-ee76-4626-9269-0b9552c86ae5', '6b7f11ee-e455-4a11-9ece-0e4eb4211f9c', 'KALTAKQUISE', 'ACTIVE', 0, NULL),
('08c8ed92-9487-4f2c-832e-39fdcce0b8e5', 'e84b54d0-4b24-49dd-bc1f-8668c00cf5e3', 'KALTAKQUISE', 'ACTIVE', 0, NULL),
('b8fdccc5-42ad-4444-8910-5000ab2c2987', '5ff2f952-04a7-4236-bbf9-63734dbb8ce3', 'KALTAKQUISE', 'ACTIVE', 0, NULL),
('8bada7dc-bfdf-4650-ab35-6296941633c0', '431b59a8-a038-4cf3-8c90-c7668c55fe79', 'KALTAKQUISE', 'ACTIVE', 0, NULL),
('34244463-da91-4550-a882-650693b83e92', '7684b901-7934-40d9-a5e2-697e974fd3ef', 'KALTAKQUISE', 'ACTIVE', 0, NULL),
('e2b12cf0-35df-4931-a87e-d6147f9507c6', 'c4ce46b2-e43b-478f-9722-a77db5ab24a9', 'KALTAKQUISE', 'ACTIVE', 0, NULL),
('e5fa340f-f50b-48db-9d35-344e75724e9f', '37b2c4e9-10f0-4cf3-8601-4322c4911744', 'KALTAKQUISE', 'ACTIVE', 0, NULL),
('01bedc1e-f5e2-42f2-8327-0aa8731e0b3f', 'a2f3fdab-82da-471c-ab83-14f4b3109679', 'KALTAKQUISE', 'ACTIVE', 0, NULL),
('f0ef2549-8bfc-4717-b2a9-66f4d89e9e47', '84d5f657-349b-48eb-a788-46d120a68943', 'KALTAKQUISE', 'ACTIVE', 0, NULL),
('5382d9b7-4df0-476e-8779-3ab9b8b11f01', 'd846d78a-08f5-48a0-b35a-f13d215764d8', 'KALTAKQUISE', 'ACTIVE', 0, NULL),
('5bae7872-4275-4856-98ac-33efa3421140', '64bc8ea2-214d-4eff-9d7e-752e7be8f875', 'KALTAKQUISE', 'ACTIVE', 0, NULL),
('62d24da6-420f-4051-ad25-dc8455ce478d', '55c4a0cd-e6ec-4ff8-85da-d8cce1e8e282', 'KALTAKQUISE', 'ACTIVE', 0, NULL),
('47acb824-edf8-4d6f-a5da-fe840a43bbe8', '76e12c18-e39b-4581-aa82-dd8ff7309644', 'KALTAKQUISE', 'ACTIVE', 0, NULL),
('63d50fba-b49b-4e49-b608-5082f9326a7e', '8d3a603e-25c2-4ea6-a19a-1e074e499edf', 'KALTAKQUISE', 'ACTIVE', 0, NULL),
('3b5e7ee5-ecf5-48c0-b5e5-33b0b6cb38fb', 'a981576a-c00b-4415-8a57-34ec81c711a2', 'KALTAKQUISE', 'ACTIVE', 0, NULL),
('d31fea1e-ed7b-4443-8c15-9fe0703db19a', '811a1a4f-677e-45a8-82fe-6ef56854a066', 'KALTAKQUISE', 'ACTIVE', 0, NULL),
('988973ff-3fd9-4d94-8dab-448f4a319053', '4698ee8a-4ead-4843-aa2c-d693ea6c9fa5', 'KALTAKQUISE', 'ACTIVE', 0, NULL),
('e5ba748d-2a53-4087-82d5-2601fa77f01f', '92686728-24f9-4524-8f61-a3be32640eb4', 'KALTAKQUISE', 'ACTIVE', 0, NULL),
('bbc23934-8d9f-4bc0-85dd-ddc5707889a3', 'e472ecad-31a0-4bf9-bf67-ebcc89c2a5c3', 'KALTAKQUISE', 'ACTIVE', 0, NULL),
('3477e7e5-ae15-4fef-9be8-40ccb05130f0', 'b397ff7a-7a24-47c4-9ad5-5ced0ada327c', 'KALTAKQUISE', 'ACTIVE', 0, NULL),
('3b95455b-3ebf-4cdf-a04f-148ed089ec70', 'be2ac827-5606-41b9-a08a-20de242df3ee', 'KALTAKQUISE', 'ACTIVE', 0, NULL),
('b73d2da8-1fe9-40f9-a835-56ce70f00357', '0983b523-bfff-4c98-b3f5-252ac376b47a', 'KALTAKQUISE', 'ACTIVE', 0, NULL),
('445f4dc0-5909-4ef3-b8d5-c01a5e62388d', 'e14581ee-a390-40a0-93ec-3f5bdb1f394f', 'KALTAKQUISE', 'ACTIVE', 0, NULL),
('07032f85-ceef-4480-b721-0e2ba4cd7064', '3be0842b-a6ca-4bfa-9b36-d222d0408ee5', 'KALTAKQUISE', 'ACTIVE', 0, NULL),
('b05fb377-53e4-429e-aea6-6264320232be', '6ae568ec-0b58-4254-86ca-092aa6292814', 'KALTAKQUISE', 'ACTIVE', 0, NULL),
('a7928f9f-ac14-4b03-9216-1c80abb41a08', '3050c8e2-7e1e-459f-87be-429221f5b9d0', 'KALTAKQUISE', 'ACTIVE', 0, NULL),
('38755b4c-ea67-48b3-abbc-cc09314b54f5', '615b24b5-3cee-4d95-892c-dc45b5bbdaa7', 'KALTAKQUISE', 'ACTIVE', 0, NULL),
('f2bd42f2-7c87-4525-99de-7ea04604e7a6', '5d533675-0958-435a-baa5-6b7d79fc37e1', 'KALTAKQUISE', 'ACTIVE', 0, NULL),
('40763069-f610-4bd7-8742-1dcba59c5f51', 'b9ef8b93-b9ad-437e-b13a-f503430ca539', 'KALTAKQUISE', 'ACTIVE', 0, NULL),
('f843c84b-0d60-45e7-acdd-ef7a3be99cdc', '844821d6-3e65-493f-b0c5-8f83a702cd05', 'KALTAKQUISE', 'ACTIVE', 0, NULL),
('c1e0375f-0d7a-4685-84e1-7387979f346d', '3707e62c-9f1a-458c-908b-4e3420666ef6', 'KALTAKQUISE', 'ACTIVE', 0, NULL),
('d8d1f9d7-3d43-46b9-aeb8-927602211b9c', '6df2e88a-67e6-4963-b9b3-0f817ad31c74', 'KALTAKQUISE', 'ACTIVE', 0, NULL),
('0b31092a-a96a-4b79-9499-9cb3d820442c', 'e1623894-51ec-443f-b014-3d4a12d62acd', 'KALTAKQUISE', 'ACTIVE', 0, NULL),
('6ccb1133-a270-462c-8f06-0ac5feed9135', '8e67bfc5-68fb-4ee9-aa9f-78f6d8609a49', 'KALTAKQUISE', 'ACTIVE', 0, NULL),
('39d6d295-a644-4525-b3e6-cc1589c2baad', '5e9908d3-6759-4586-8faf-f0f2519549ad', 'KALTAKQUISE', 'ACTIVE', 0, NULL),
('b22930f2-3160-4c65-bd59-35faa978d732', '981b175d-b786-47b2-ade5-13354cdaaa6a', 'KALTAKQUISE', 'ACTIVE', 0, NULL),
('84440a73-60fc-4317-a068-f1a75fd27b1c', '792cc8a8-4e1e-4fcb-b587-418a8ceca15b', 'KALTAKQUISE', 'ACTIVE', 0, NULL),
('b3a9cafe-0144-490f-97fe-f808aeecdfad', '718de626-117a-42f4-a9b8-1aba35df3ac9', 'KALTAKQUISE', 'ACTIVE', 0, NULL),
('688a61d1-3cca-483f-b70e-6aff8b21bfd4', '89a74469-42b8-47de-a29f-71d4cdc312b4', 'KALTAKQUISE', 'ACTIVE', 0, NULL),
('7e090ed4-7366-4a16-8c9f-4226d48ad722', '2c64394a-696f-4909-8dae-1654939efa5f', 'KALTAKQUISE', 'ACTIVE', 0, NULL),
('be8a4e20-6924-46be-9bb6-432f8c029496', '1970edf4-e871-4bb5-a96f-904eb326de78', 'KALTAKQUISE', 'ACTIVE', 0, NULL),
('af718d71-70dd-4df9-9923-0f4a0f9017cc', '2c0da267-e07d-4af1-bc8c-0127e8b74935', 'KALTAKQUISE', 'ACTIVE', 0, NULL),
('d314468b-a33d-481f-93f8-1db58215bef5', '5f4628d1-bda3-44ea-aa96-2a119b8a144e', 'KALTAKQUISE', 'ACTIVE', 0, NULL),
('893774ba-dffd-4d01-9094-6a76bbb371bc', 'a69ea648-7643-49a6-bb00-e67aac67ef8b', 'KALTAKQUISE', 'ACTIVE', 0, NULL),
('f4e5c613-ce81-46d5-9a9d-6a430f391c4e', '231435ea-f754-4554-b591-8af8536f89d1', 'KALTAKQUISE', 'ACTIVE', 0, NULL),
('389c5383-a04f-488d-a8dd-54fae8fdde80', '21429418-772a-4945-bb0d-79437e49505b', 'KALTAKQUISE', 'ACTIVE', 0, NULL),
('4a0d6b00-4dbc-4dcb-9e12-e04793e123be', 'b3596a7d-e2b2-4fa4-8487-95e30d2141ef', 'KALTAKQUISE', 'ACTIVE', 0, NULL),
('63a3c336-b828-4469-95a7-abc222f96131', 'e7c640a9-784c-4712-b01b-59f51daf9569', 'KALTAKQUISE', 'ACTIVE', 0, NULL),
('77160de4-97b5-460b-9658-b0b084554535', '5f04fa23-0ee2-47dd-b322-0e9d6c3158fd', 'KALTAKQUISE', 'ACTIVE', 0, NULL),
('ed101770-af2c-4711-9b67-bf76084871f0', 'df01efa3-f24d-4ac8-8d36-80747b5a7895', 'KALTAKQUISE', 'ACTIVE', 0, NULL),
('9eeef4f2-af0c-4369-bf59-799d9fff519d', '3770f278-a592-4c78-be00-5e70462d836f', 'KALTAKQUISE', 'ACTIVE', 0, NULL),
('8a683c89-e65c-46df-a2ce-eed812fe3209', '54e515b4-dede-4c0c-b06f-fd8bfcf0ac04', 'KALTAKQUISE', 'ACTIVE', 0, NULL),
('89efdbfa-3613-4df0-864c-81ea02f8a82b', 'd6d5634b-aa1b-451d-a64a-aecba1f8938f', 'KALTAKQUISE', 'ACTIVE', 0, NULL),
('f7194cb5-f6f9-479a-9733-bd1588a0338a', 'e7ba98e8-31b5-4422-8713-1ccaf5ebc62d', 'KALTAKQUISE', 'ACTIVE', 0, NULL),
('de281ee5-6ff0-4017-98e9-5d8af6e27470', 'd1abbeb2-cd6f-43d3-b0a0-5a16a54f465e', 'KALTAKQUISE', 'ACTIVE', 0, NULL),
('75f38e99-a367-4162-a70d-fa6729ea7135', 'c3070139-5515-4552-92f4-9e855ac9e598', 'KALTAKQUISE', 'ACTIVE', 0, NULL),
('1a129ce2-aaee-4c50-95d7-10c25273ac5b', '62615062-47b9-4584-94b4-09429e295c95', 'KALTAKQUISE', 'ACTIVE', 0, NULL),
('c78ced8c-2a43-40f5-9b39-046bee56b1ff', 'bdcf825d-e0b2-418f-9347-2f73be5a5736', 'KALTAKQUISE', 'ACTIVE', 0, NULL),
('a982181d-9167-4c85-8519-576e163d9a31', '4aea6db0-ffb0-4917-aec7-765d390f5519', 'KALTAKQUISE', 'ACTIVE', 0, NULL),
('7215791a-c289-44a1-9838-735d568b6830', '251d1eab-dc06-4df1-806b-e4270341fc67', 'KALTAKQUISE', 'ACTIVE', 0, NULL),
('d62a3b62-bdf3-4104-b051-40b1f9a1152c', '15848411-c86f-4e14-b76c-561bd62e98a0', 'KALTAKQUISE', 'ACTIVE', 0, NULL),
('f6afc21f-5ccf-4063-830b-73292b814fda', '8b6bc18b-81f0-48fe-86e7-ee25523e4e90', 'KALTAKQUISE', 'ACTIVE', 0, NULL),
('08474604-9c92-41e3-8f5f-2c7f660e25c4', 'd898ab16-c1a4-4701-a7cf-2f1526b3d02e', 'KALTAKQUISE', 'ACTIVE', 0, NULL),
('c449e1ad-a136-46a0-85f3-738083eaaf13', 'f6f3ba3c-4ecc-4154-a47e-589a07002eae', 'KALTAKQUISE', 'ACTIVE', 0, NULL),
('97ceab05-e239-4219-9a76-092112ba8ee8', '294de7a8-0b1f-46af-8b62-eaee0c7c83ae', 'KALTAKQUISE', 'ACTIVE', 0, NULL),
('4255d1e3-b193-4d79-ad9a-462a1bcee737', '8456867a-29d8-47f7-9c10-edd52217e096', 'KALTAKQUISE', 'ACTIVE', 0, NULL),
('cc2faa52-acbc-4801-8ddb-266f56d38e47', '7add8ad6-fb67-46a9-b6f7-a4786628c83a', 'KALTAKQUISE', 'ACTIVE', 0, NULL),
('1a4dc08b-92b6-465f-919e-92c48ecf1538', '8e8a11e1-85ba-4a3b-b51a-5d45f5c2db7f', 'KALTAKQUISE', 'ACTIVE', 0, NULL),
('91fe6d2b-79f1-40f5-9e8b-6b861177f0a7', '7cc04aa7-0773-4f35-9085-20774c919b26', 'KALTAKQUISE', 'ACTIVE', 0, NULL),
('4192261c-da9e-4afe-8367-ee2094a1b85b', 'b70913a8-4b9e-473a-96c2-a9ba652f54d1', 'KALTAKQUISE', 'ACTIVE', 0, NULL),
('e3d6bece-3448-467d-98b2-2c686c58a8be', '0223d025-3f34-4668-8714-a03f2e133bf6', 'KALTAKQUISE', 'ACTIVE', 0, NULL),
('0afdd289-86ed-4bd9-9a22-648c6fe15610', '11d000cc-d3c6-494c-ac58-2bc8b884d2d0', 'KALTAKQUISE', 'ACTIVE', 0, NULL),
('7dc2fe37-b01f-4eff-9e75-a366e0b8663b', 'dbe23ce0-0292-4d7f-930b-cea597c5a9fe', 'KALTAKQUISE', 'ACTIVE', 0, NULL),
('c73a8bea-247a-4e4a-8ca3-0ed6d15e6ba3', 'ee6a0a9d-1dee-4c5d-81f7-d0693b2f2ee6', 'KALTAKQUISE', 'ACTIVE', 0, NULL),
('d82033e5-479c-4958-82c3-4c0f9a9fdae9', 'a80e95fe-981c-4ad7-aac3-1b99f336b671', 'KALTAKQUISE', 'ACTIVE', 0, NULL),
('cfd62f89-0910-4499-a797-a321e781c7e0', '0082bf98-6b34-45b2-a8d0-ae5068335bf6', 'KALTAKQUISE', 'ACTIVE', 0, NULL),
('424135c6-a2e8-4ee5-a68d-209130165adc', 'faaa7edb-ecb0-40d7-9759-4106d5253f0c', 'KALTAKQUISE', 'ACTIVE', 0, NULL),
('525a95e9-caf2-4600-8d25-dbbf325d4096', '6955b268-3de4-4cb9-ae52-2149843da0a0', 'KALTAKQUISE', 'ACTIVE', 0, NULL),
('10001665-9a33-42e5-8001-0c5c69667a46', 'fe16cf4c-81bf-4be0-857c-cd6dbbd45e68', 'KALTAKQUISE', 'ACTIVE', 0, NULL),
('4044ccbf-6939-4fb5-92e9-5e0bbed26ee0', '6d362831-b14c-4ca7-b385-941cfa365463', 'KALTAKQUISE', 'ACTIVE', 0, NULL),
('39cb3d61-29cd-43ec-a3b1-a1425f2bfcdf', '5b1a2755-2f68-45ca-b1bd-5b29aa1bd2ab', 'KALTAKQUISE', 'ACTIVE', 0, NULL),
('35314e2d-278e-4072-9406-11c1508777d8', '65791dd4-43ea-4854-8203-50d224e8840b', 'KALTAKQUISE', 'ACTIVE', 0, NULL),
('252ebe96-8c0b-4c7f-95db-5f35ce03aadf', '711cb701-934e-47e2-b8e5-faac5ec5cd37', 'KALTAKQUISE', 'ACTIVE', 0, NULL),
('fa553c18-616d-4f44-bd4c-f4db63a576ab', '609378d9-5b4f-4a5f-9607-c15d147ed906', 'KALTAKQUISE', 'ACTIVE', 0, NULL),
('a989fef9-a7c7-4bce-a802-bfd284fd038c', 'b2015294-2c49-4d95-ba61-8d4ecf17c01c', 'KALTAKQUISE', 'ACTIVE', 0, NULL),
('487c4037-88ee-4414-bab4-c2b712834d99', '4d1f019d-200c-4ea1-a0cb-ae4f2fcbc222', 'KALTAKQUISE', 'ACTIVE', 0, NULL),
('4a30937a-3dad-444f-bdfc-f38d090cf0bd', '191cd506-c19c-4147-aaa8-caed38e7b723', 'KALTAKQUISE', 'ACTIVE', 0, NULL),
('e2d793c6-ea83-48cb-8334-4366892b27cf', 'ac55847b-1409-4ce2-8df8-5e7314b08f33', 'KALTAKQUISE', 'ACTIVE', 0, NULL),
('9d2d6b68-6237-4083-97fa-7fc82b1f7158', '845d042d-cb06-4c74-a081-7c7b41feb56d', 'KALTAKQUISE', 'ACTIVE', 0, NULL),
('671becf2-a0a1-4862-9ecd-0f3a76863f8b', '9ba2415a-e72c-49e5-8400-97663b38b90d', 'KALTAKQUISE', 'ACTIVE', 0, NULL),
('daa3d5af-7e91-4ddf-a78d-919c8889be83', 'c3dbc525-f5ff-47f2-8160-ec18528804ec', 'KALTAKQUISE', 'ACTIVE', 0, NULL),
('efa8ba90-f5aa-4f54-b360-58de6f18425f', '8932ac00-aca0-4868-8205-6ec59099c527', 'KALTAKQUISE', 'ACTIVE', 0, NULL),
('853beb55-9c33-411e-87a5-0d0c188e226a', 'e7a3646d-4306-434f-a640-95c8fa5cbf33', 'KALTAKQUISE', 'ACTIVE', 0, NULL),
('0eab94fe-f274-414e-bd9d-6e49204325ef', 'c6d0bd06-2057-4568-9c86-c20f697d10ad', 'KALTAKQUISE', 'ACTIVE', 0, NULL),
('67b476a7-a5e1-46fb-afab-0e5cb0d1412f', 'b5144591-5b16-47f5-923e-b5a51cb7c68e', 'KALTAKQUISE', 'ACTIVE', 0, NULL),
('b9ae02d4-00ad-4903-af82-7247d166eadd', 'e51541c5-1c76-4bb2-8e4f-6d6b9be41230', 'KALTAKQUISE', 'ACTIVE', 0, NULL),
('4e1257cc-69c6-4461-bd8f-6db1e2bbba01', 'f707255b-1ae9-47d0-9c48-5ac8b7689404', 'KALTAKQUISE', 'ACTIVE', 0, NULL),
('c2020897-f7aa-46bb-9b46-82d274b15168', '490f3820-3720-4d6a-9dd7-970f1bdba3db', 'KALTAKQUISE', 'ACTIVE', 0, NULL),
('1f1719e1-24f1-4b99-9bd0-a335c4407292', 'f40ec1af-ca09-471d-a208-5e596c837f5a', 'KALTAKQUISE', 'ACTIVE', 0, NULL),
('c08c9e32-b49b-470e-b067-aebe2fa97ad8', '80748d5d-a0a0-4310-a1f3-d5a8c248bf3b', 'KALTAKQUISE', 'ACTIVE', 0, NULL),
('d965b24b-4385-43ea-9e84-e7ee52ed2ba4', '111aa7cb-2b8f-429e-9923-07961739953a', 'KALTAKQUISE', 'ACTIVE', 0, NULL),
('3636f0f4-9f68-46e8-b1f8-0765af2baed3', 'c4b6f009-d149-44b6-8813-5c2aab031c4e', 'KALTAKQUISE', 'ACTIVE', 0, NULL),
('612f4a90-444b-477b-bad4-dfc6fffe0ba3', 'f70e55ea-fdcb-4718-9904-3578a0902bfc', 'KALTAKQUISE', 'ACTIVE', 0, NULL),
('435cec22-cc24-4b73-8d47-310726499739', 'c29a610d-4aee-4859-a0e9-206e64167b8d', 'KALTAKQUISE', 'ACTIVE', 0, NULL),
('2e8f6822-e860-43a3-9f6f-595a22e1643f', '5bffca12-aa73-420c-ac88-a9fb30f57bcc', 'KALTAKQUISE', 'ACTIVE', 0, NULL),
('ffd5b19a-0254-4c09-865c-4abc02cb632c', '06ad9e9e-66dc-45ba-a8b6-19e14a2f8b51', 'KALTAKQUISE', 'ACTIVE', 0, NULL),
('61da34dd-7784-42fa-bef6-1cb3ecc89002', '91ea37fc-836b-4720-bb9f-4f2cb31f8dc7', 'KALTAKQUISE', 'ACTIVE', 0, NULL),
('74618512-95a2-4b6e-af14-09171b98fad9', '36d659ef-234c-4004-bdf7-b3ebffda5f08', 'KALTAKQUISE', 'ACTIVE', 0, NULL),
('f7fef695-3ea5-4bda-bebc-675d51d32954', '2603f58a-5363-4249-9d8a-8ea3bdedf3ff', 'KALTAKQUISE', 'ACTIVE', 0, NULL),
('54be23c3-b127-41f9-98a1-d36e8f702026', '025f8dbe-7e52-48b5-be94-cd601c713d55', 'KALTAKQUISE', 'ACTIVE', 0, NULL),
('c6ba52eb-9c7a-4d34-a126-39eb196f7e5d', 'ef3b2a42-e380-4192-98bc-ac33110f4201', 'KALTAKQUISE', 'ACTIVE', 0, NULL),
('72e45bce-528a-4a80-a8c8-e05ca4d675f5', '245314dc-2e3c-43a1-bf6c-d8ccf07e92d3', 'KALTAKQUISE', 'ACTIVE', 0, NULL),
('b3077950-a297-4407-a266-c9bf0a429d5c', 'eba7850d-bdf8-48bb-bf90-3aeb719b5595', 'KALTAKQUISE', 'ACTIVE', 0, NULL),
('0afb67e9-84c1-4a11-b62b-df324ac2ddef', '6b44a544-fdec-4e9d-8c80-90a99afde73d', 'KALTAKQUISE', 'ACTIVE', 0, NULL),
('29f14495-0682-4922-be6d-b9b04dc18f38', '663cde35-cd82-4c91-8464-f10760243df1', 'KALTAKQUISE', 'ACTIVE', 0, NULL),
('d98662a0-8027-40f6-ad27-fbd3c8cd66ea', 'f342adbd-afcd-4496-820f-a5402af3d571', 'KALTAKQUISE', 'ACTIVE', 0, NULL),
('c55a78d1-f14b-400b-abf2-44d74011c145', '52ee99c7-4e5e-45c3-bcac-3672512eb570', 'KALTAKQUISE', 'ACTIVE', 0, NULL),
('6bb7984a-4901-421a-91d6-ad7e65ec3aae', '05250405-bec7-4157-9909-e2dcc80c346f', 'KALTAKQUISE', 'ACTIVE', 0, NULL);

INSERT INTO lead_tags (lead_id, tag_id) VALUES
('e22dc32b-e114-440f-be92-f3c449ddab1e', 'ka-b2c'),
('44f3e264-f034-43ba-b307-f9506d8280bf', 'ka-b2c'),
('b98c71d9-4dd8-43ee-b646-e1b55955e945', 'ka-b2c'),
('136158a3-b17c-4013-8793-b3784f85f2a4', 'ka-b2c'),
('25b74730-2a24-41e5-8965-45ce9c9c89bd', 'ka-b2c'),
('35ce67ed-2bbb-4b47-b1e9-0bae0fb050a6', 'ka-b2c'),
('83840b4f-5de8-4072-ae7a-94c03176aecd', 'ka-b2c'),
('83d5d44b-ca94-463f-9852-70ffec4f05a5', 'ka-b2c'),
('13dfd8e7-3e08-4391-b08c-035adc8e83d9', 'ka-b2c'),
('131788b3-c732-4f74-8d7f-c4cb1786b65f', 'ka-b2c'),
('9aa4dca8-8326-46d4-a3b9-0723480c84cd', 'ka-b2c'),
('c86ff0cd-1c5c-4b9b-8cca-700d6af9a434', 'ka-b2c'),
('09f203dc-b161-4814-9c72-c4e1b5b03cc4', 'ka-b2c'),
('586d3f43-88ec-4043-9c19-eedee27f64d8', 'ka-b2c'),
('25f8ba04-fc5f-4e31-a011-b4c95975a6be', 'ka-b2c'),
('7b315b98-ed80-4543-86e8-efbc4e906b10', 'ka-b2c'),
('6e10d5d3-cd44-4285-bbca-42853deb8c26', 'ka-b2c'),
('e311ba69-c281-4a23-a5d0-e63abe2b1f1d', 'ka-b2c'),
('ea20f494-b951-43d6-8438-bcbbb38a8981', 'ka-b2c'),
('691adda0-e830-4e8d-9b8c-81c446633586', 'ka-b2c'),
('ec8a02cf-198b-4dff-92d3-d0d0db05934c', 'ka-b2c'),
('15f40bae-ac51-4f15-beed-cc5dd41705b0', 'ka-b2c'),
('f9a85c36-0763-45d1-a34b-24b583c6cc9a', 'ka-b2c'),
('75192bd1-1946-44aa-8d9a-176b842ef8ff', 'ka-b2c'),
('f2d5a804-a94c-4dce-9526-85fb2bf4433f', 'ka-b2c'),
('e043cf17-9383-4650-b4eb-1bc3bd8a644d', 'ka-b2c'),
('faa66951-b1c1-428d-b995-9bb75467bcca', 'ka-b2c'),
('95f657a6-d756-4004-bb3c-1d9b531d49d7', 'ka-b2c'),
('b9b7d1ed-f516-413e-becf-6df508f3a7fb', 'ka-b2c'),
('e735a081-759e-4d3d-813a-8eac873c6cf0', 'ka-b2c'),
('5c1a2ee2-3d45-445b-8a1d-95858bdf3ab5', 'ka-b2c'),
('d86ebf58-f6bd-4d96-bcc5-1e91c24120d5', 'ka-b2c'),
('8e87f9ea-2ed0-48ef-b459-33003a4e3cc2', 'ka-b2c'),
('1978a87b-771e-49aa-9d3c-a9aaf8428cdf', 'ka-b2c'),
('b5497ec2-68af-4891-9705-2f3e5d096457', 'ka-b2c'),
('abbe5074-d800-492f-b000-edf80a962064', 'ka-b2c'),
('9e0c2f0e-b01f-499f-81e6-c045652e4890', 'ka-b2c'),
('9489209c-44dd-4ad6-8d52-f38825b6c8c9', 'ka-b2c'),
('08665b02-a00a-4e41-898a-3158904f72ab', 'ka-b2c'),
('acc62a6b-b017-4291-a8e8-1ea8a47fb5e4', 'ka-b2c'),
('427a5fed-83ff-464b-b727-532efa560d00', 'ka-b2c'),
('93e1efd2-6658-4e12-a2e3-b6637b4fe1a6', 'ka-b2c'),
('7ea6e878-ccc0-4acd-b86d-666dce68524a', 'ka-b2c'),
('40151be4-bfef-4287-b55b-2552d4bf97e3', 'ka-b2c'),
('96c687cd-82bb-4c6f-9441-2516c4663d0e', 'ka-b2c'),
('f31dcd02-b567-418f-9973-03944fb00ec1', 'ka-b2c'),
('f7710edf-e543-4fa9-869b-5534f5e7a932', 'ka-b2c'),
('b76acf88-9603-495b-b182-d216b19d6d83', 'ka-b2c'),
('1ee5fe38-1413-438d-9515-47af3bd266dc', 'ka-b2c'),
('e5efca3a-fc3d-4439-b601-01be965ef1f5', 'ka-b2c'),
('b362d217-a811-4b41-9816-df5526cffa38', 'ka-b2c'),
('df787913-299d-49bf-9062-2688879ba9ce', 'ka-b2c'),
('9e525005-ce31-4e20-ad06-3c890dcd0141', 'ka-b2c'),
('a4b34b5b-d733-49e6-aff8-7d0fe68f8cff', 'ka-b2c'),
('683ccea6-f48b-4d5f-bd04-371ccdc523cf', 'ka-b2c'),
('cc73cbe3-aaf3-4f60-bcf2-19fc1353124b', 'ka-b2c'),
('6c81bee1-0449-489e-ba75-079bf5b1b9cf', 'ka-b2c'),
('8b5beaad-d9c6-41d9-928f-1e6c8c6097f6', 'ka-b2c'),
('2c5550c3-353e-46ff-b9c7-5f167dba6e5b', 'ka-b2c'),
('c04d228d-71b6-4996-af50-4c13d1f7ba39', 'ka-b2c'),
('ee54cfad-f841-4c8f-bc40-cb011de87b7e', 'ka-b2c'),
('46884d70-a073-4c0c-b9e5-aae5c43ea090', 'ka-b2c'),
('73cffd50-48c6-4147-a71e-36dc9963fd61', 'ka-b2c'),
('f341733f-ff19-4433-983c-7fa777bb9f40', 'ka-b2c'),
('dae1d4bf-5c70-4b8b-8d86-5552b67a8cd6', 'ka-b2c'),
('8f94caee-2967-4e29-af8d-97b8389730b8', 'ka-b2c'),
('f45a092e-feb2-4a9b-a00f-f43f77e900f1', 'ka-b2c'),
('17f6f352-ac2e-4051-bc43-00f7a898bdf7', 'ka-b2c'),
('80cfcb56-d778-4b2e-90cf-c404c7b40871', 'ka-b2c'),
('ac572a47-cc3b-4cc5-8d1a-9f63596e9558', 'ka-b2c'),
('229eec94-3511-4d28-a907-c5a5409987d4', 'ka-b2c'),
('24049b71-208a-4019-895a-fea2e8d6118f', 'ka-b2c'),
('978118f2-c8b2-4b8e-9222-b3e6410ac6f9', 'ka-b2c'),
('8acff57d-e62e-45c3-834d-9801572afac8', 'ka-b2c'),
('3553ee38-f0c3-4ab0-86ab-d05d36d761a5', 'ka-b2c'),
('8ab0ebb5-b169-4cd4-afda-a0d734ed57bb', 'ka-b2c'),
('81c33707-0d93-4a3d-91e0-133e082da8f6', 'ka-b2c'),
('edab691a-14bb-4460-875a-def2cdbf6ca3', 'ka-b2c'),
('ccc47fb8-c098-4e33-9bc1-d3882ce9c1a9', 'ka-b2c'),
('ad83b067-fdb4-4449-a167-6489237e3360', 'ka-b2c'),
('79286d62-afe2-478d-8fce-28e2602ccd73', 'ka-b2c'),
('d574441a-ab28-44ec-98e7-e5e6a746315f', 'ka-b2c'),
('0a9d6ea9-ee76-4626-9269-0b9552c86ae5', 'ka-b2c'),
('08c8ed92-9487-4f2c-832e-39fdcce0b8e5', 'ka-b2c'),
('b8fdccc5-42ad-4444-8910-5000ab2c2987', 'ka-b2c'),
('8bada7dc-bfdf-4650-ab35-6296941633c0', 'ka-b2c'),
('34244463-da91-4550-a882-650693b83e92', 'ka-b2c'),
('e2b12cf0-35df-4931-a87e-d6147f9507c6', 'ka-b2c'),
('e5fa340f-f50b-48db-9d35-344e75724e9f', 'ka-b2c'),
('01bedc1e-f5e2-42f2-8327-0aa8731e0b3f', 'ka-b2c'),
('f0ef2549-8bfc-4717-b2a9-66f4d89e9e47', 'ka-b2c'),
('5382d9b7-4df0-476e-8779-3ab9b8b11f01', 'ka-b2c'),
('5bae7872-4275-4856-98ac-33efa3421140', 'ka-b2c'),
('62d24da6-420f-4051-ad25-dc8455ce478d', 'ka-b2c'),
('47acb824-edf8-4d6f-a5da-fe840a43bbe8', 'ka-b2c'),
('63d50fba-b49b-4e49-b608-5082f9326a7e', 'ka-b2c'),
('3b5e7ee5-ecf5-48c0-b5e5-33b0b6cb38fb', 'ka-b2c'),
('d31fea1e-ed7b-4443-8c15-9fe0703db19a', 'ka-b2c'),
('988973ff-3fd9-4d94-8dab-448f4a319053', 'ka-b2c'),
('e5ba748d-2a53-4087-82d5-2601fa77f01f', 'ka-b2c'),
('bbc23934-8d9f-4bc0-85dd-ddc5707889a3', 'ka-b2c'),
('3477e7e5-ae15-4fef-9be8-40ccb05130f0', 'ka-b2c'),
('3b95455b-3ebf-4cdf-a04f-148ed089ec70', 'ka-b2c'),
('b73d2da8-1fe9-40f9-a835-56ce70f00357', 'ka-b2c'),
('445f4dc0-5909-4ef3-b8d5-c01a5e62388d', 'ka-b2c'),
('07032f85-ceef-4480-b721-0e2ba4cd7064', 'ka-b2c'),
('b05fb377-53e4-429e-aea6-6264320232be', 'ka-b2c'),
('a7928f9f-ac14-4b03-9216-1c80abb41a08', 'ka-b2c'),
('38755b4c-ea67-48b3-abbc-cc09314b54f5', 'ka-b2c'),
('f2bd42f2-7c87-4525-99de-7ea04604e7a6', 'ka-b2c'),
('40763069-f610-4bd7-8742-1dcba59c5f51', 'ka-b2c'),
('f843c84b-0d60-45e7-acdd-ef7a3be99cdc', 'ka-b2c'),
('c1e0375f-0d7a-4685-84e1-7387979f346d', 'ka-b2c'),
('d8d1f9d7-3d43-46b9-aeb8-927602211b9c', 'ka-b2c'),
('0b31092a-a96a-4b79-9499-9cb3d820442c', 'ka-b2c'),
('6ccb1133-a270-462c-8f06-0ac5feed9135', 'ka-b2c'),
('39d6d295-a644-4525-b3e6-cc1589c2baad', 'ka-b2c'),
('b22930f2-3160-4c65-bd59-35faa978d732', 'ka-b2c'),
('84440a73-60fc-4317-a068-f1a75fd27b1c', 'ka-b2c'),
('b3a9cafe-0144-490f-97fe-f808aeecdfad', 'ka-b2c'),
('688a61d1-3cca-483f-b70e-6aff8b21bfd4', 'ka-b2c'),
('7e090ed4-7366-4a16-8c9f-4226d48ad722', 'ka-b2c'),
('be8a4e20-6924-46be-9bb6-432f8c029496', 'ka-b2c'),
('af718d71-70dd-4df9-9923-0f4a0f9017cc', 'ka-b2c'),
('d314468b-a33d-481f-93f8-1db58215bef5', 'ka-b2c'),
('893774ba-dffd-4d01-9094-6a76bbb371bc', 'ka-b2c'),
('f4e5c613-ce81-46d5-9a9d-6a430f391c4e', 'ka-b2c'),
('389c5383-a04f-488d-a8dd-54fae8fdde80', 'ka-b2c'),
('4a0d6b00-4dbc-4dcb-9e12-e04793e123be', 'ka-b2c'),
('63a3c336-b828-4469-95a7-abc222f96131', 'ka-b2c'),
('77160de4-97b5-460b-9658-b0b084554535', 'ka-b2c'),
('ed101770-af2c-4711-9b67-bf76084871f0', 'ka-b2c'),
('9eeef4f2-af0c-4369-bf59-799d9fff519d', 'ka-b2c'),
('8a683c89-e65c-46df-a2ce-eed812fe3209', 'ka-b2c'),
('89efdbfa-3613-4df0-864c-81ea02f8a82b', 'ka-b2c'),
('f7194cb5-f6f9-479a-9733-bd1588a0338a', 'ka-b2c'),
('de281ee5-6ff0-4017-98e9-5d8af6e27470', 'ka-b2c'),
('75f38e99-a367-4162-a70d-fa6729ea7135', 'ka-b2c'),
('1a129ce2-aaee-4c50-95d7-10c25273ac5b', 'ka-b2c'),
('c78ced8c-2a43-40f5-9b39-046bee56b1ff', 'ka-b2c'),
('a982181d-9167-4c85-8519-576e163d9a31', 'ka-b2c'),
('7215791a-c289-44a1-9838-735d568b6830', 'ka-b2c'),
('d62a3b62-bdf3-4104-b051-40b1f9a1152c', 'ka-b2c'),
('f6afc21f-5ccf-4063-830b-73292b814fda', 'ka-b2c'),
('08474604-9c92-41e3-8f5f-2c7f660e25c4', 'ka-b2c'),
('c449e1ad-a136-46a0-85f3-738083eaaf13', 'ka-b2c'),
('97ceab05-e239-4219-9a76-092112ba8ee8', 'ka-b2c'),
('4255d1e3-b193-4d79-ad9a-462a1bcee737', 'ka-b2c'),
('cc2faa52-acbc-4801-8ddb-266f56d38e47', 'ka-b2c'),
('1a4dc08b-92b6-465f-919e-92c48ecf1538', 'ka-b2c'),
('91fe6d2b-79f1-40f5-9e8b-6b861177f0a7', 'ka-b2c'),
('4192261c-da9e-4afe-8367-ee2094a1b85b', 'ka-b2c'),
('e3d6bece-3448-467d-98b2-2c686c58a8be', 'ka-b2c'),
('0afdd289-86ed-4bd9-9a22-648c6fe15610', 'ka-b2c'),
('7dc2fe37-b01f-4eff-9e75-a366e0b8663b', 'ka-b2c'),
('c73a8bea-247a-4e4a-8ca3-0ed6d15e6ba3', 'ka-b2c'),
('d82033e5-479c-4958-82c3-4c0f9a9fdae9', 'ka-b2c'),
('cfd62f89-0910-4499-a797-a321e781c7e0', 'ka-b2c'),
('424135c6-a2e8-4ee5-a68d-209130165adc', 'ka-b2c'),
('525a95e9-caf2-4600-8d25-dbbf325d4096', 'ka-b2c'),
('10001665-9a33-42e5-8001-0c5c69667a46', 'ka-b2c'),
('4044ccbf-6939-4fb5-92e9-5e0bbed26ee0', 'ka-b2c'),
('39cb3d61-29cd-43ec-a3b1-a1425f2bfcdf', 'ka-b2c'),
('35314e2d-278e-4072-9406-11c1508777d8', 'ka-b2c'),
('252ebe96-8c0b-4c7f-95db-5f35ce03aadf', 'ka-b2c'),
('fa553c18-616d-4f44-bd4c-f4db63a576ab', 'ka-b2c'),
('a989fef9-a7c7-4bce-a802-bfd284fd038c', 'ka-b2c'),
('487c4037-88ee-4414-bab4-c2b712834d99', 'ka-b2c'),
('4a30937a-3dad-444f-bdfc-f38d090cf0bd', 'ka-b2c'),
('e2d793c6-ea83-48cb-8334-4366892b27cf', 'ka-b2c'),
('9d2d6b68-6237-4083-97fa-7fc82b1f7158', 'ka-b2c'),
('671becf2-a0a1-4862-9ecd-0f3a76863f8b', 'ka-b2c'),
('daa3d5af-7e91-4ddf-a78d-919c8889be83', 'ka-b2c'),
('efa8ba90-f5aa-4f54-b360-58de6f18425f', 'ka-b2c'),
('853beb55-9c33-411e-87a5-0d0c188e226a', 'ka-b2c'),
('0eab94fe-f274-414e-bd9d-6e49204325ef', 'ka-b2c'),
('67b476a7-a5e1-46fb-afab-0e5cb0d1412f', 'ka-b2c'),
('b9ae02d4-00ad-4903-af82-7247d166eadd', 'ka-b2c'),
('4e1257cc-69c6-4461-bd8f-6db1e2bbba01', 'ka-b2c'),
('c2020897-f7aa-46bb-9b46-82d274b15168', 'ka-b2c'),
('1f1719e1-24f1-4b99-9bd0-a335c4407292', 'ka-b2c'),
('c08c9e32-b49b-470e-b067-aebe2fa97ad8', 'ka-b2c'),
('d965b24b-4385-43ea-9e84-e7ee52ed2ba4', 'ka-b2c'),
('3636f0f4-9f68-46e8-b1f8-0765af2baed3', 'ka-b2c'),
('612f4a90-444b-477b-bad4-dfc6fffe0ba3', 'ka-b2c'),
('435cec22-cc24-4b73-8d47-310726499739', 'ka-b2c'),
('2e8f6822-e860-43a3-9f6f-595a22e1643f', 'ka-b2c'),
('ffd5b19a-0254-4c09-865c-4abc02cb632c', 'ka-b2c'),
('61da34dd-7784-42fa-bef6-1cb3ecc89002', 'ka-b2c'),
('74618512-95a2-4b6e-af14-09171b98fad9', 'ka-b2c'),
('f7fef695-3ea5-4bda-bebc-675d51d32954', 'ka-b2c'),
('54be23c3-b127-41f9-98a1-d36e8f702026', 'ka-b2c'),
('c6ba52eb-9c7a-4d34-a126-39eb196f7e5d', 'ka-b2c'),
('72e45bce-528a-4a80-a8c8-e05ca4d675f5', 'ka-b2c'),
('b3077950-a297-4407-a266-c9bf0a429d5c', 'ka-b2c'),
('0afb67e9-84c1-4a11-b62b-df324ac2ddef', 'ka-b2c'),
('29f14495-0682-4922-be6d-b9b04dc18f38', 'ka-b2c'),
('d98662a0-8027-40f6-ad27-fbd3c8cd66ea', 'ka-b2c'),
('c55a78d1-f14b-400b-abf2-44d74011c145', 'ka-b2c'),
('6bb7984a-4901-421a-91d6-ad7e65ec3aae', 'ka-b2c');
