-- Batch 69 (200 records)
INSERT INTO contacts (id, first_name, last_name, email, phone, company, address) VALUES
('c74db57f-614f-4381-bc63-8a0a36370563', 'Landis', 'Myrtha', 'info@fengshui-zentrum.ch', '41797898888', NULL, 'Steiweidlistrasse 1, 6417 Sattel'),
('7d1248da-cbde-46d4-81fd-9add8f2c38c1', 'Landis', 'Urs', 'urs-landis@swissonline.ch', '', NULL, 'Birchstrasse 180, 8050 Zürich, ZH'),
('79c9effe-e12f-4c6f-bbe7-f28f1973af55', 'Landmesser Marianne', '(-Rubin)', 'alain.landmesser@bluewin.ch', '', NULL, 'Jungfrauweg 4, 3812 Wilderswil, BE'),
('95403b98-7e4b-4581-8f18-933d4876e4bc', 'Landolf', 'David', 'david@landolf.ch', '', NULL, 'Alpeneggstrasse 10, 3012 Bern, BE'),
('1462a609-6398-49ce-810a-caf02d2347b9', 'Landolt', 'Corinne', 'jesabeco@hotmail.com', '41763418368', NULL, 'Grenzstrasse 28, 8406 Winterthur, ZH'),
('93175ef5-21d1-4120-b804-b664644af65e', 'Landolt', 'Daniel', 'dan.lan@bluewin.ch', '', NULL, 'Sellenbüren 22, 8143 Stallikon, ZH'),
('2eadf966-9736-4dbf-b266-35466b3fa0f6', 'Landolt', 'Erwin', 'erwin-landolt@bluewin.ch', '41794606788', NULL, 'Schmiedgasse 20, 8752 Näfels, GL'),
('88b594f6-4c92-4559-9818-bad021a7d0e8', 'Landolt', 'Gabby', 'gabby@gmx.ch', '41797870774', NULL, 'Voglingen 2, 8758 Obstalden, GL'),
('d8d267ed-703c-4c06-a322-efb1a2f9c3f9', 'Landolt Gabi', '(-Slongo)', 'gabilandolt@bluemail.ch', '41765793979', NULL, 'Mittskirchweg 5, 5330 Bad Zurzach, AG'),
('f611e885-bb74-43b6-9d8a-30476a66ec66', 'Landolt Hans-Ulrich und Magdalena', '(-Wieland)', 'hans-ulrich@lando.lt', '41796105902', NULL, 'Rychenbergstrasse 211, 8404 Winterthur, ZH'),
('d6bb6cfe-33ac-4b1e-8e03-3f390f71c909', 'Landolt Josef und Elvira', '(-Müller)', 'info@fahrschule-landolt.ch', '41792238611', NULL, 'Rösslistrasse 15, 8752 Näfels, GL'),
('f4b28778-2ccc-4cb1-aed8-e33ff157e0a5', 'Landolt', 'Jürg', 'jurglandolt@bluewin.ch', '', NULL, 'Höhenweg 16B, 5023 Biberstein, AG'),
('e7aaaef1-9523-4887-9ff8-aeeb082cdbff', 'Landolt', 'Karl', 'landolt.bernacchi@bluewin.ch', '41799351934', NULL, 'Dorfstrasse 129, 5464 Rümikon AG, AG'),
('6459e4fe-f106-4a3b-a7cd-07af1221d93d', 'Landolt Katharina und', 'Dominik', 'fam@landolt.me', '41793391492', NULL, 'Schützenweg 4, 5032 Aarau Rohr, AG'),
('da19b8fe-18a3-44e1-965b-bc2f3c38a6f0', 'Landolt Marc', 'jr.', 'hackerspace@marclandolt.ch', '', NULL, 'Neuenburgerstrasse 6, 5004 Aarau, AG'),
('4dd8d8bc-fbfd-43cc-b280-88b24d92dad0', 'Landolt Marcel und Helen', '(-Kalberer)', 'kaeserei.warthausen@bluewin.ch', '', NULL, 'Warthausen 2205, 8718 Schänis, SG'),
('ce2706ca-6993-4e11-a041-51233fdef88e', 'Landolt Margrit', '(-Götte)', 'margrit.landolt@hispeed.ch', '', NULL, 'Weidstrasse 3, 8320 Fehraltorf, ZH'),
('f24938f2-1a2f-429b-9c8c-e196e37ed6b9', 'Landolt', 'Markus', 'markus.landolt@helvetia.ch', '41793711990', NULL, 'Im Giessen 9, 8868 Oberurnen, GL'),
('c8726854-1ef7-40b4-b26f-e8bd45c884e3', 'Landolt', 'Martin', 'tin.landolt@bluewin.ch', '41796200851', NULL, 'Poststrasse 11A, 8867 Niederurnen, GL'),
('4b1786e7-0d45-442d-8f8a-987107a8a8fc', 'Landolt', 'Max', 'xlando@icloud.com', '41774669582', NULL, 'Norastrasse 34, 8004 Zürich, ZH'),
('002a3d15-1e35-488a-9b87-3e860f5db921', 'Landolt Paul', 'Ignaz', 'paul.landolt@sunrise.ch', '41787724866', NULL, 'Wallisellerstrasse 122, 8152 Opfikon, ZH'),
('de0fd7c8-4eaa-4dde-bc30-230c46562398', 'Landolt', 'Peter', 'mail@p-landolt.ch', '41794325790', NULL, 'Ennetgiessen 5, 8752 Näfels, GL'),
('2319ec2f-f707-40cb-8c9b-50411e936bc4', 'Landolt Roger und Andrea', '(-Müller)', 'r.landolt@swissonline.ch', '', NULL, 'Altmoosstrasse 35, 8157 Dielsdorf, ZH'),
('8874dd6d-432f-43e8-b446-9a431effe230', 'Landolt', 'Ruth', 'ruth.landolt@bluemail.ch', '41794191516', NULL, 'Speerstrasse 1, 8820 Wädenswil, ZH'),
('2cfe1530-118e-41a6-b7f6-302f1e6b4d1d', 'Landolt Stephan und Myriam', '(-Kistler)', 'info@zahnarzt-landolt.ch', '', NULL, 'Hirschistrasse 7, 6430 Schwyz, SZ'),
('bec2900d-f973-429c-a74f-f2057ee5a588', 'Landolt Tim, Elke und Beni', '(-Heinzmann)', 'tim_landolt@vtxmail.ch', '', NULL, 'Friedbergstrasse 24, 8512 Thundorf, TG'),
('db83bc1f-847c-4fa3-89c3-756f5c0e8c89', 'Landtechnik AG', 'Gredig', 'info@gredig-sils.ch', '41796114183', NULL, 'Unterdorf 28, 7411 Sils im Domleschg, GR'),
('900831d2-4da5-453c-84e4-16643fa04086', 'Landtwing Rita u. Armin', '(-Ottiger)', 'rita.landtwing@bluemail.ch', '', NULL, 'Seehofmatt 30, 6314 Unterägeri, ZG'),
('74f01d11-3213-40ff-91bf-0fab9f0974a8', 'Landucci Philippe und', 'Liliane', 'philippe@landucci.ch', '41792756191', NULL, 'Dorfstrasse 37, 8248 Uhwiesen, ZH'),
('3dcf5974-f591-4480-8f03-be110e58e3c6', 'Landwehr Ludwig', '(-Durand)', 'info@leder-louis.ch', '', NULL, 'Badstrasse 12, 8634 Hombrechtikon, ZH'),
('1a07ec36-83c0-42a6-ad53-246e8a1f1174', 'Lanfranchi Andrea und Reichmuth', 'Regula', 'andrea.lanfranchi@gmx.net', '', NULL, 'Haltenweg 28, 8706 Meilen, ZH'),
('5e507884-ecd2-4524-a957-0e40fb1f3ce7', 'Lanfranchi', 'Pierina', 'piery.clean@gmail.com', '41788133767', NULL, 'Wybergliweg 91, 6415 Arth, SZ'),
('c5dde6c4-baee-425d-a0a6-6c18111e0841', 'Lanfranchi Ulrica', '(-Derungs)', 'lansa@bluewin.ch', '', NULL, 'Crusch 33, 7503 Samedan, GR'),
('941c7563-2287-46ea-b1f0-4baef51d8fa4', 'Lanfranconi Peter und Andrée', '(-Gern)', 'lanfranconi@bluewin.ch', '41794022559', NULL, 'Schiblerstrasse 2, 8444 Henggart, ZH'),
('bbf3c9f2-dcc3-46c7-b2bd-1605665cba90', 'Lang Brigitte', '(-Henche)', 'lang.henche@bluewin.ch', '', NULL, 'Im Lee 3, 8400 Winterthur, ZH'),
('b79637f5-e24c-4d81-b6e6-33e030956acc', 'Lang', 'Christian', 'christian.lang@bluewin.ch', '', NULL, 'Kornfeldstrasse 4, 4313 Möhlin, AG'),
('fc2d703a-3ee1-49b4-9081-de94a9c1d381', 'Lang Christian und', 'Susanna', 'csulang@bluewin.ch', '', NULL, 'Kirchbühlweg 17, 3007 Bern, BE'),
('821e8aa7-e783-4e39-bab2-ccc0cf37b5a2', 'Lang', 'Colette', 'cl@colettelang.ch', '41795431813', NULL, 'Dorfstrasse 14D, 8427 Freienstein, ZH'),
('fceabe3e-565b-4c4b-9dd3-ea6e0cabb0e7', 'Lang Cornelia und Müller Hans', 'Peter', 'cornelia.lang@gmx.ch', '41793285007', NULL, 'Zimikerstrasse 21, 8610 Uster, ZH'),
('1694aab8-ef7d-49a4-b390-d751f5c9eb16', 'Lang', 'Edgar', 'edgar_lang@bluewin.ch', '', NULL, 'Bühlhaldenweg 3, 8135 Langnau am Albis, ZH'),
('f2a57eca-cce8-45ef-b072-ffc243d8fe63', 'Lang', 'Gregor', 'goforward@2vida.ch', '', NULL, 'Grabenmattweg 27, 4123 Allschwil, BL'),
('523416c3-e05e-4992-a67d-784dcd00b21f', 'Läng Hanna', '(-Studer)', 'hlaeng@hispeed.ch', '41796963665', NULL, 'Utostrasse 18, 5430 Wettingen, AG'),
('c0ccad95-7609-425b-a667-1f58cdbce8aa', 'Läng Hans-Peter und', 'Sibylle', 'info@markom.ch', '41793943632', NULL, 'Rüefaweg 1, 7250 Klosters, GR'),
('84dc42c5-03ce-4afd-ad00-fe5a9bf03e63', 'Lang', 'Hansruedi', 'halang@gmx.ch', '', NULL, 'Waidlistrasse 18, 8750 Glarus, GL'),
('e8430c83-5d78-44a5-b1c3-91d65bb52925', 'Lang Heinrich und Regina', '(-Jenzer)', 'heinrich.lang@freesurf.ch', '', NULL, 'Mühletobelstrasse 57, 8500 Frauenfeld, TG'),
('fbcfb2b4-0d51-4675-a704-861abc5d856e', 'Läng', 'Jürg', 'juerg.laeng@evard.ch', '', NULL, 'Stöcklerengasse 59a, 2564 Bellmund, BE'),
('b2893260-65b8-482a-8213-8e01a84b0d32', 'Lang Mathis, Liv-Helen,', 'Jon-Erik', 'mathislang@netwings.ch', '41765713221', NULL, 'Föhrenweg 10, 5400 Baden, AG'),
('0d43f646-604d-4957-b473-e9eb60e23125', 'Lang Meier Regula und Meier Karl, Nora, Mira und', 'Yael', 'familie.meier.lang@bluewin.ch', '41788458483', NULL, 'Barzingergasse 19, 8240 Thayngen, SH'),
('6f5e8d98-a137-4d74-b94b-61e7fdab6bdc', 'Lang', 'Monika', 'info@alpenblick-weiningen.ch', '', NULL, 'Kirchweg 1, 8532 Weiningen TG, TG'),
('09ea167c-f352-49fe-8426-75af364c00e3', 'Lang Oliver und', 'Blanka', 'upalilang@hotmail.com', '', NULL, 'Im Tüll 16, 8353 Elgg, ZH'),
('4f3a472f-8ba9-43b9-978f-4656e4278fc8', 'Läng Peter', '(-Meile)', 'laeng1954@gmail.com', '41792211852', NULL, 'Grütstrasse 78, 8625 Gossau ZH, ZH'),
('b1377eff-9ad4-42ec-89d9-00c9bada162a', 'Lang Pius und Carla', '(-Brüggenthaler)', 'pica.lang@bluewin.ch', '', NULL, 'Kirchweg 6, 8547 Gachnang, TG'),
('def9b5de-99dc-455c-b6de-9d9be4c59557', 'Lang René und Esther', '(-Schmid)', 'familie@lang-schmid.ch', '41788707802', NULL, 'Weinbergstrasse 80A, 8408 Winterthur, ZH'),
('04f4299e-729f-44a2-a9ba-9cad5ad5b63f', 'Lang Rudolf H.', 'A.', 'r.m.lang@swissonline.ch', '', NULL, 'Schartenstrasse 86, 5430 Wettingen, AG'),
('4bad3ece-119c-4108-bc73-a9434b785ffc', 'Lang Stefan und Simone', '(-Henggeler)', 'slangs@bluewin.ch', '', NULL, 'Claridenstrasse 12A, 8800 Thalwil, ZH'),
('96e7a2ab-df33-4729-9298-39103588af6f', 'Lang', 'Thomas', 'sigma20@vtxmail.ch', '41764706384', NULL, 'Manessestrasse 74, 8003 Zürich, ZH'),
('78a259c2-1d63-461e-bd64-e6863c90f49a', 'Lang Thomas und Barbara', '(-Stäger)', 'familie@lang.ch', '', NULL, 'Wiesliacher 46, 8053 Zürich, ZH'),
('a9526ce6-6941-43cc-85d6-81f7257f879a', 'Lang Vreni und Peter', '(-Bärlocher)', 'p.lang.moslig@gmail.com', '41796195406', NULL, 'Grämigerstrasse 17, 9606 Bütschwil, SG'),
('bf4df10e-a899-428a-9e54-9b9bc4b32eac', 'Lange Andreas und', 'Johana', 'andreas.lange@medialog.ch', '41796237462', NULL, 'Tälligstrasse 7, 8570 Weinfelden, TG'),
('37283bee-e23d-4531-ba09-a62e8fe9cb23', 'Langenauer', 'Sandra', 'sapala@bluewin.ch', '41791338563', NULL, 'Niederhaslistrasse 184, 8105 Watt, ZH'),
('852f1d25-20b3-4757-8d41-45eb89833366', 'Langenegger A. und', 'E.', 'elange@aim.unizh.ch', '', NULL, 'Linthblick 3, 8725 Ernetschwil, SG'),
('de4ca140-c16f-49a7-8b7a-7646b550edfd', 'Langenegger Emil', '(-Baumgartner)', 'langeneggere@bluewin.ch', '41795983722', NULL, 'Zielackerstrasse 10a, 8500 Frauenfeld, TG'),
('b29c73a1-1241-430e-9fd8-8b9ab2d0c3ed', 'Langenegger Ernst', '(-Nef)', 'chaeshuesli.gmbh@thurweb.ch', '', NULL, 'Kapplerstrasse 13, 9642 Ebnat-Kappel, SG'),
('898312a4-0df8-4c90-bd6a-00363ebea11c', 'Langenegger Hans u.', 'Margrit', 'langenegger@datacomm.ch', '', NULL, 'Hofwiesenstrasse 7B, 8136 Gattikon, ZH'),
('90ed1b95-2554-493b-9bdf-19283323b99a', 'Langenegger', 'Kurt', 'info@langenegger-holzbau.ch', '', NULL, 'Haufen 534, 9426 Lutzenberg, AR'),
('9fa37083-6c3d-45b7-abc5-8d0499f59c2d', 'Langenegger Martin und Verena', '(-Koop)', 'martin.langenegger@bluewin.ch', '41794557977', NULL, 'Chälenberg 3, 6433 Stoos SZ, SZ'),
('2c31f184-492c-4363-a6eb-6c0b8f8612e2', 'Langenegger', 'Roland', 'galileo_agentur@freesurf.ch', '', NULL, 'Amselweg 3, 5102 Rupperswil, AG'),
('dec15955-b8fe-478c-a059-d9a247ecd3c0', 'Langenegger', 'Simon', 'tekorrekor@gmail.com', '41796445657', NULL, 'Riedbachstrasse 24, 3202 Frauenkappelen, BE'),
('cfa061cf-1f9e-429f-ab47-1a6b9f55fc14', 'Langenegger', 'Ursula', 'u.langenegger@outlook.com', '41793621251', NULL, 'Hardungstrasse 55A, 9011 St. Gallen, SG'),
('17f7fd22-4acf-438c-9435-7df596f7608e', 'Langenegger', 'Vreni', 'lang.we@bluewin.ch', '', NULL, 'Im Werk 6, 8610 Uster, ZH'),
('ba6d275b-7ab9-4bf4-8f13-a7b96ec70936', 'Langer Anne und', 'Wolfgang', 'wolfgang.langer@gmx.ch', '', NULL, 'Seestrasse 110D, 8610 Uster, ZH'),
('daf220ea-03b0-407d-9dbe-a4005acb4660', 'Langhard Dieter und', 'Nicole', 'djetsch@bluewin.ch', '41796729585', NULL, 'Hauptstrasse 74, 8477 Oberstammheim, ZH'),
('5d91046c-a03d-4984-8ec0-4310372572e9', 'Langhard', 'Jürg', 'langhard@greenbanana.ch', '41796907596', NULL, 'Joachimsackerstrasse 49, 4103 Bottmingen, BL'),
('0fceaea0-3dc6-4241-aaee-e2cc0507afb8', 'Langhart Beat und Brigitta', '(-Küng)', 'langhart-b@bluewin.ch', '', NULL, 'Unterdorf 20, 8476 Unterstammheim, ZH'),
('96d14118-3650-42d0-b7d2-eeed931d93f0', 'Langhart', 'Peter', 'peter.langhart@gmx.ch', '', NULL, 'Grabenstrasse 16, 4805 Brittnau, AG'),
('d179b895-5483-4373-8fcc-ba28ca04e7d9', 'Langloh Nicolaus und', 'Beatrice', 'langloh-willi@datacomm.ch', '41793222526', NULL, 'Aeujerstrasse 55, 7250 Klosters, GR'),
('e569f2c8-a5cd-4e5d-8440-a6124813ac30', 'Langloh Pieter und Graziella', '(-Gschwend)', 'plangloh@swissonline.ch', '', NULL, 'Talstrasse 59, 7250 Klosters, GR'),
('6f9ad87c-3135-48e2-b073-8a251af87c74', 'Langmeier Felix und Bumi', '(-Roth)', 'felixlangmeier@bluewin.ch', '', NULL, 'Hinterdorfstrasse 1, 8107 Buchs ZH, ZH'),
('4d7ce9dd-9d4b-455d-b736-ff6298bfa537', 'Langone Luigi und', 'Vreni', 'info@langone.ch', '41797002225', NULL, 'Bettwilerstrasse 18, 5614 Sarmenstorf, AG'),
('ca5101a0-f67d-43ff-a7cd-d61caaa77533', 'Lanicca', 'Danilo', '600@gmx.ch', '41788432267', NULL, 'Käshaldenstrasse 19, 8052 Zürich, ZH'),
('82e3855c-c072-46e8-a059-e22ec5adccfa', 'Lanicca Domenic und Romana', '(-Casanova)', 'info@lanicca.org', '41797539529', NULL, 'Via Davos 20, 7154 Ruschein, GR'),
('77ba26cc-0368-4bc8-a000-31b69b62ed14', 'Lanker', 'Annemarie', 'annemarie.lanker@gmx.ch', '41792444212', NULL, 'Gerechtigkeitsgasse 43, 3011 Bern, BE'),
('99a17e65-621d-4182-b542-cdfd66538b2c', 'Lanker', 'Marco', 'river_phoenix@gmx.net', '', NULL, 'Alt Strass 7, 7203 Trimmis, GR'),
('39c886af-da18-44fa-9b38-a8873e007081', 'Lanter', 'Rebekka', 're.lanter@bluewin.ch', '', NULL, 'Wolfgangstrasse 47, 9014 St. Gallen, SG'),
('a9347133-2bb0-4393-b7ce-5c1492aa0a11', 'Lanter Werner und Anni', '(-Niedermann)', 'werner.lanter@lanter-edv.ch', '', NULL, 'Obermättlistrasse 4, 8964 Rudolfstetten, AG'),
('fd4d55ac-be74-44bd-8e22-69e592def60b', 'Lanz', 'Adrian', 'adrian@lanz.name', '41797445508', NULL, 'Jakob-Peter-Weg 17, 8055 Zürich, ZH'),
('6ca2148b-4972-46fa-ac30-7f68cc46f618', 'Lanz Christian und Adelheid', '(-Fuhrer)', 'by-lanz@swissonline.ch', '41796235467', NULL, 'Steinacker 8, 5610 Wohlen AG, AG'),
('10bef838-5119-4f16-8023-9ee8024a6870', 'Lanz Christian und Alexandra', '(-Gurtner)', 'lanzfamily@besonet.ch', '', NULL, 'Rigiweg 5, 2543 Lengnau BE, BE'),
('db874aeb-9b3c-4dfb-b867-102e70a695c2', 'Lanz Christian und Hildegard', '(-Glur)', 'clanz@bluewin.ch', '41796504237', NULL, 'Poliateren 7, 3771 Blankenburg, BE'),
('2c173f2c-f87f-42eb-8770-d053265b7684', 'Lanz Daniel und Monika', '(-Zehnder)', 'monika@lanzag.ch', '', NULL, 'Schlossstrasse 9, 3700 Spiez, BE'),
('a1a13de9-f052-4a04-8b75-893d8c2b1b68', 'Lanz Ernst und Ester', '(-Colla)', 'arcoarte_ch@sunrise.ch', '', NULL, 'Einschlagweg 21, 4153 Reinach BL, BL'),
('0670b53d-d288-433e-afff-a5552b586f73', 'Lanz Eugen und Myriam', '(-Baur)', 'eugen.lanz@hotmail.com', '41796599603', NULL, 'Unterer Leeweg 9, 5236 Remigen, AG'),
('d4e9a26e-c6a4-41f2-a6e0-5d96f3a502fc', 'Lanz', 'Fritz', 'f.lanz@ubv.ch', '41794014724', NULL, 'Bristenstrasse 3, 6440 Brunnen, SZ'),
('2f1e9c21-cc58-4ee9-b303-06c9231ebd59', 'Lanz', 'Fritz', 'fritzlanz@cleanfrog.ch', '41796161241', NULL, 'Traubenweg 16, 3612 Steffisburg, BE'),
('9a3b9fce-f9d6-42fa-8425-6def87701ee0', 'Lanz Hans', '(-Elsener)', 'hanslanz@bluewin.ch', '', NULL, 'Sternenstrasse 10b, 8903 Birmensdorf ZH, ZH'),
('f85c05ac-27f8-445e-94a1-6fb9dceb1e24', 'Lanz Hanspeter (-Fensterbau HP Lanz', 'AG)', 'stefan@lanzfenster.ch', '41794146672', NULL, 'Brückenstrasse 13, 4950 Huttwil, BE'),
('cbed9d49-e79b-45c7-9af5-043a9a6a63e9', 'Lanz Jürg und', 'Esther', 'juerg.lanz@yetnet.ch', '', NULL, 'In den Reben 31A, 5105 Auenstein, AG'),
('7c14c679-8ba5-4cbf-8220-5b9de204537d', 'Lanz', 'Kurt', 'klanz@datacomm.ch', '', NULL, 'Oberfeldstrasse 37, 4133 Pratteln, BL'),
('1db0a7c9-6741-4e22-9e71-93b8ad5441c7', 'Lanz', 'Lukas', 'lanzl5@hotmail.com', '41792170668', NULL, 'Erlenweg 15, 3604 Thun, BE'),
('01d1821e-45fc-4545-bdf1-addd9fd0e0bf', 'Lanz', 'Manfred', 'manfred.lanz@bluewin.ch', '41796314981', NULL, 'Bergfeld 5, 3325 Hettiswil b. Hindelbank, BE'),
('42754999-7915-4879-bccb-c9d997056c3b', 'Lanz Manuela', '(-Boccagni)', 'man.lanz@bluewin.ch', '', NULL, 'Sophiestrasse 1, 3072 Ostermundigen, BE'),
('28c316ee-39f7-4ee1-90e7-36e890bd34c0', 'Lanz', 'Margrit', 'lanzstalban@balcab.ch', '', NULL, 'St. Alban-Tal 41, 4052 Basel, BS'),
('68b6ea8e-a6ec-4489-be01-12d1c8eeefae', 'Lanz', 'Mario', 'info@lanz-mario.com', '41793717670', NULL, 'Obermülistrasse 85, 8320 Fehraltorf, ZH'),
('740928e3-965e-46c0-a615-28a8b6a3c8e3', 'Lanz', 'Martin', 'lanz.trans@sunrise.ch', '41796464771', NULL, 'Lehnenweingarten 8, 8592 Uttwil, TG'),
('eddc4a2d-1936-4f23-97a9-2de092b56984', 'Lanz', 'Patrick', 'info@mobile-zimmerei.ch', '41794471718', NULL, 'Tschäppel 57, 4950 Huttwil, BE'),
('3133c327-a774-4f05-9160-d4709474b9ed', 'Lanz', 'Paul', 'mplanz@bluewin.ch', '41796538575', NULL, 'Sonnrainweg 6, 3532 Zäziwil, BE'),
('71908897-b353-4da3-a74c-8417b9411c08', 'Lanz', 'Peter', 'pet.lanz@hispeed.ch', '', NULL, 'Bernstrasse 189, 4852 Rothrist, AG'),
('bec7f704-d19e-40e4-a910-be67d96cf53a', 'Lanz René und Charlotte', '(-Bieri)', 'relais1939@bluewin.ch', '', NULL, 'Trübenbachweg 26, 3706 Leissigen, BE'),
('9f0622e3-cefa-43a4-b263-263d16829d9c', 'Lanz Rettenhaber', 'Cornelia', 'conele@bluewin.ch', '', NULL, 'Dorfstrasse 35, 3432 Lützelflüh-Goldbach, BE'),
('f947100e-5ba0-4a27-82ac-1a94f786fdb2', 'Lanz Samuel und', 'Madé', 'samuellanz@msn.com', '', NULL, 'Feldblumenstrasse 117, 8134 Adliswil, ZH'),
('90dc36eb-eb06-4d21-8d9a-89e1bc195d6b', 'Lanz Stefan und Jolanda', '(-Kurz)', 'email@jemako-ch-lanz.com', '', NULL, 'Wechtenweg 262, 4718 Holderbank SO, SO'),
('b718feeb-79b7-44bc-92fd-0718f6ccaf57', 'Lanz Stefan und', 'Ursula', 'uslanz@bluewin.ch', '41792622341', NULL, 'Gsang 2, 4952 Eriswil, BE'),
('cc1903ce-fd4f-42a9-8a8a-7864c13876a4', 'Lanz Stephan und Daniela', '(-Baur)', 'lanz-boll@bluewin.ch', '', NULL, 'Bollhölzliweg 23, 3067 Boll, BE'),
('1103a653-3ffc-40f4-833e-859062978851', 'Lanz Theodor und', 'Doris', 'thlanz@hispeed.ch', '', NULL, 'Rietgrabenstrasse 60, 8152 Opfikon, ZH'),
('f6326d1f-7aa6-4672-8a42-c899f7b2f7a7', 'Lanz Werner und Margrith', '(-Lehmann)', 'mwlanz@bluewin.ch', '', NULL, 'Wassermattweg 9, 3176 Neuenegg, BE'),
('8748cd35-0b70-43a9-8cec-5c14b1e63378', 'Lanza Angelo und Barbara', '(-Wüger)', 'a.lanza@bluewin.ch', '41793086867', NULL, 'Tannenweg 17, 5102 Rupperswil, AG'),
('74dae88b-09d3-4cb4-a7e9-5cb430814d07', 'Länzlinger Hans', 'Jörg', 'laenzlingerhj@bluewin.ch', '', NULL, 'Gheistrasse 33, 8634 Hombrechtikon, ZH'),
('431b5085-fe69-4451-a711-d23c9d21c0e3', 'Lao', 'Alessio', 'lao.alessio@sunrise.ch', '', NULL, 'Kornmattstrasse 24, 6460 Altdorf UR, UR'),
('6db2a097-2fe4-4ff2-9749-169ad1845265', 'Lappert Hansruedi und Lorly', '(-Metz)', 'lappert.hr@bluewin.ch', '41795162006', NULL, 'Aarepark 3a, 5000 Aarau, AG'),
('2282862e-554b-49dc-b085-f2f8092d34fd', 'Lappert Paul und Sonja', '(-Leibundgut)', 'paul.lappert@quickline.ch', '41794158946', NULL, 'Dorfgasse 90B, 4900 Langenthal, BE'),
('bd571ccf-f27e-43c3-8062-d10a79508986', 'Lappert', 'Roland', 'laro@lappert.ch', '41796860802', NULL, 'Einschlagstrasse 45, 4622 Egerkingen, SO'),
('281c7e3c-6bf1-48f4-9250-560759bf051c', 'Lardi Agostino', '(-Priuli)', 'lago@bluewin.ch', '', NULL, 'Via da la Scöla 1, 7746 Le Prese, GR'),
('4c049e68-d25a-450d-891c-2d1e4f629e65', 'Lardi Guido', '(-Menghini)', 'guido.lardi@bluewin.ch', '41794195557', NULL, 'Via da li Clüsüri 41, 7742 Poschiavo, GR'),
('42028c6f-8aaf-4056-9eb9-3c6e73e46f0c', 'Lardi Marcel und Monika', '(-Schoppmann)', 'marcel.lardi@bluewin.ch', '', NULL, 'Blumenweg 1, 8556 Wigoltingen, TG'),
('8edebd8b-6be4-4f95-abf1-feae53cd818e', 'Lardi Mauro e Mariangela', '(-Tosio)', 'mmmm.lardi@tosio.ch', '', NULL, 'Via da Curtinell 3, 7742 Poschiavo, GR'),
('9c5d3a2e-49c2-4549-8746-a061cb70f5c1', 'Lardi Reto', 'Diego', 'reto.lardi@lgkarchitekten.ch', '41792377153', NULL, 'Cantone 11, 7746 Le Prese, GR'),
('d4709db7-11d1-47df-a974-b7951f5851fc', 'Lardieri', 'Francesco', 'flardi@gmx.net', '41762204747', NULL, 'Freiburgstrasse 62, 3008 Bern, BE'),
('d133a6f7-b6a2-4b50-9131-1dcc67731aed', 'Lardon', 'Peter', 'p.lardon@freesurf.ch', '', NULL, 'Hubackerstrasse 3, 8105 Regensdorf, ZH'),
('4a5f5e17-bb39-48e2-80b5-fd7d37f55891', 'Larentis Ivan und Brigitte', '(-Eggerschwiler)', 'ivan.larentis@bluewin.ch', '', NULL, 'Ächerlistrasse 26, 6064 Kerns, OW'),
('3fd64ed0-175b-4950-a9a3-5fabf8ba5105', 'Largo', 'Reto', 'reto.largo@largos.ch', '41794164317', NULL, 'Im Glockenacker 8, 8053 Zürich, ZH'),
('a6c2b487-6762-4a17-8fe4-9a65be464f63', 'Larini', 'Peter', 'larini@hli.ch', '', NULL, 'Schwaresterstrasse 2, 5604 Hendschiken, AG'),
('af03d2bf-83e5-4931-9816-3958a2fbcaf8', 'Larkin Bill und', 'Brigitte', 'larkinfamily@bluewin.ch', '', NULL, 'Bibenlosstrasse 10, 5620 Bremgarten AG, AG'),
('04eee4cf-84a9-42cf-852a-6389d53ad579', 'Larmuth', 'Margaret', 'larmuth@gmail.com', '41763930735', NULL, 'Müllheimerstrasse 95, 4057 Basel, BS'),
('4a8432e6-c7d0-4f94-bfa8-de85d2102c57', 'Larsen Christian und', 'Claudia', 'contact@claudialarsen.com', '', NULL, 'Ackerstrasse 25, 8708 Männedorf, ZH'),
('f5a97036-c681-4f66-a5c2-557ac2265405', 'Larsson Jan und', 'Marie-Hélène', 'jan.larsson@stena.com', '', NULL, 'Morgentalstrasse 113, 8038 Zürich, ZH'),
('2e24e045-752c-4de0-bc74-781ca80227cc', 'Larsson Michael und Reto', '(-Frieden)', 'miclar@swissonline.ch', '', NULL, 'Blasenbergstrasse 26, 6300 Zug, ZG'),
('79c6d54a-5cf4-4cf3-a89f-a52d0f45a00f', 'Larsson Olle und', 'Helga', 'olle.larsson@olh.nu', '41793407272', NULL, 'Himmelrichstrasse 18, 6340 Baar, ZG'),
('ddf52037-e434-46e1-9d8a-213419f9f78c', 'Larsson', 'Regina', 'galerie25@bluewin.ch', '', NULL, 'Käsereiweg 1, 2577 Siselen BE, BE'),
('f99ea4d6-3056-4671-bd61-5a04a15559ed', 'Laschinger', 'Germaine', 'germaine@laschinger.ch', '', NULL, 'Alemannengasse 24, 4058 Basel, BS'),
('118fc26b-1c17-4dcb-85f8-ae5fb70e6e86', 'Laschinger-Löw Lena und Löw-Laschinger', 'Fabian', 'lena@laschinger.ch', '41765328466', NULL, 'Webergasse 3, 4058 Basel, BS'),
('327a774a-07f7-4c14-b554-1388f661c352', 'Laski', 'Pashk', 'laski-pascal@hotmail.com', '41797615385', NULL, 'Tablatstrasse 10, 9016 St. Gallen, SG'),
('2a84322c-e2cd-4cc1-9d98-e1770259a061', 'Lasowsky Eric H. und', 'Marion', 'elaso@csi.com', '', NULL, 'Dahlienweg 8, 8112 Otelfingen, ZH'),
('ccaf9333-5eb0-4f48-9daf-2f0748ad11f8', 'Lassauer', 'Karl', 'karl@lassauer.ch', '41794453259', NULL, 'Werkstrasse 3A, 9000 St. Gallen, SG'),
('4fee2177-e012-4b5a-bdb2-6085d5eda80e', 'Lässer', 'Willi', 'guglielm@pobox.com', '', NULL, 'Röschibachstrasse 73, 8037 Zürich, ZH'),
('252b2bfb-593c-4180-a9a3-15e76a06bdaa', 'Latal', 'Petr', 'platal@bluewin.ch', '41797932106', NULL, 'Spitzliweg 9, 8703 Erlenbach ZH, ZH'),
('bef0019f-2fda-4fd4-bedf-6ee7a88784e5', 'Latella Antonio und Jutta', '(-Stutz)', 'a.latella@bluewin.ch', '', NULL, 'Ottenbergstrasse 20, 8572 Berg TG, TG'),
('423800c6-9c31-43af-b7bc-a90099f2891a', 'Latham', 'Gordon', 'gordon.latham@bluewin.ch', '41793525057', NULL, 'Egenterweg 1, 5630 Muri AG, AG'),
('508a2f77-495b-41a8-ab10-63529b130050', 'Latic', 'Admir', 'a.latic@freesurf.ch', '', NULL, 'Emmentalstrasse 156, 3414 Oberburg, BE'),
('07c69c71-a0e6-4403-882f-991d43c379f7', 'Latifaj', 'Qamil', 'arnisa2005@hotmail.com', '41791584834', NULL, 'Meiliplatz 1, 6032 Emmen, LU'),
('8e203df1-3067-40ab-a8cc-79dbceed2245', 'Lätsch Ruedi und Romie', '(-Rüegg)', 'ruedilaetsch@hotmail.com', '', NULL, 'Büelstrasse 41, 8104 Weiningen ZH, ZH'),
('be1dafe4-4a59-40c5-8c8a-624726bba96a', 'Latscha', 'Urs', 'latscha.kaelin@bluewin.ch', '', NULL, 'Biberiststrasse 12C, 4500 Solothurn, SO'),
('46b02914-5ee3-4d93-8edd-866bc166a9e5', 'Lattmann', 'Hansjürg', 'h.j.lattmann@bluewin.ch', '41798300556', NULL, 'Eigenweg 3, 6260 Reiden'),
('6bf10c6c-48d7-4f6c-9ab5-075c020aceaa', 'Lattmann Hans-Rudolf u. Daniela', '(-Hinder)', 'hrlattmann@freesurf.ch', '', NULL, 'Standbachstrasse 19, 8370 Sirnach, TG'),
('a7c19d35-253f-4888-8a0d-87fe0cb8574a', 'Lattmann', 'Marietta', 'marietta.lattmann63@gmail.com', '41797547613', NULL, 'Via dal Bagn 2, 7500 St. Moritz, GR'),
('91939e9b-4872-486e-b2a4-5e0483441085', 'Lattmann Werner und', 'Yvonne', 'yvonne.lattmann@bluewin.ch', '41764966244', NULL, 'Wylandstrasse 31, 8400 Winterthur, ZH'),
('038cd2fd-9ed2-4052-b773-9f11288aef18', 'Latzer', 'Emil', 'migg.latzer@bluewin.ch', '41796083101', NULL, 'Marktgasse 41, 4600 Olten, SO'),
('d4f7184f-bfec-4db3-a936-15ec090d8cb1', 'Lau', 'Reiner', 'reinerlau@hispeed.ch', '', NULL, 'Fuchshubelstrasse 29, 3063 Ittigen, BE'),
('46bcc0ee-c303-4e72-8b09-063adfd33754', 'Laub Manuela', '(-Läber)', 'mlaub@bluewin.ch', '41792618721', NULL, 'Parkstrasse 13, 5036 Oberentfelden, AG'),
('f6a4c855-eec5-42f5-bca8-5396c7fcbf0b', 'Laube', 'Bernadette', 'bernadette.laube@sunrise.ch', '41763310205', NULL, 'Geeringstrasse 63, 8049 Zürich, ZH'),
('6266b2ee-ba66-48b5-a961-16cf3610b979', 'Laube Hans u. Margrit', '(-Mutz)', 'hans_laube@bluewin.ch', '', NULL, 'Lutertalpark 10, 3065 Bolligen, BE'),
('15446a4c-74a7-4335-8493-c043cf94e8de', 'Laube', 'Paul', 'home@laube.ch', '', NULL, 'Seestegstrasse 16, 5330 Bad Zurzach, AG'),
('c289257e-9355-4e0c-bd77-0dcd400ca7b8', 'Laube', 'Th.', 'thomaslaube@bluewin.ch', '', NULL, 'Platanen 28, 4600 Olten, SO'),
('3995b8af-50c2-4465-906f-6392b8f36e84', 'Lauber', 'Alain', 'alainlauber@gmx.ch', '41798737766', NULL, 'Schimmelstrasse 106, 4232 Fehren, SO'),
('3ba6b442-a952-4ad5-b4c6-480162c3a255', 'Lauber', 'Daniel', 'd.lauber@datacomm.ch', '41762707227', NULL, 'Weidenweg 50, 4222 Zwingen, BL'),
('e549e807-6ec7-4554-8fd3-cb626c7a7f20', 'Lauber', 'Georg', 'georglauber@bluewin.ch', '41796478308', NULL, 'Bündtenweg 7, 4913 Bannwil, BE'),
('520a9696-8e02-4e27-8739-6714c8591e36', 'Lauber Gotthelf und Therese', '(-Schöni)', 'thegola@hispeed.ch', '41798121543', NULL, 'Grienweg 10, 4852 Rothrist, AG'),
('996624b6-eedc-4dca-a282-58d68759ed4a', 'Lauber Hans', '(-Büschlen)', 'lauberhans1@bluewin.ch', '', NULL, 'Rütenistrasse 38g, 3716 Kandergrund, BE'),
('342103e7-02c5-472b-a792-950e36e36f02', 'Lauber', 'Hanspeter', 'hanspeter.lauber@bluewin.ch', '41797455081', NULL, 'Zwygartenstrasse 27, 3703 Aeschi b. Spiez, BE'),
('9ba68c19-41e0-4cb3-b685-1545e3ed04bf', 'Lauber', 'Heidi', 'heidi.lauber26@gmail.com', '41798674975', NULL, 'Falkenstrasse 14, 3714 Frutigen, BE'),
('9a73cbb5-0a62-4131-bd81-395959cd2098', 'Lauber Jörg', 'Walter', 'jw_lauber@bluewin.ch', '', NULL, 'Blauäcker 20, 8051 Zürich, ZH'),
('3d5c8668-92a1-4040-a356-b82c847e19ad', 'Lauber Marcel und Käthi', '(-Schmid)', 'marcel.lauber@bluewin.ch', '', NULL, 'Talgartenstrasse 19, 8630 Rüti ZH, ZH'),
('6261847f-41c8-415d-b860-e9dbd203a986', 'Lauber Samuel und Stephanie mit Nora, Mina und', 'Luca', 's.lauber@laubermaier.ch', '', NULL, 'Waldi 7, 6222 Gunzwil'),
('0ee62a8d-1b6a-4ac9-ad7a-1b28c0cd5321', 'Läubli', 'Matthias', 'matthias.laeubli@gmx.ch', '', NULL, 'Wingertlistrasse 6, 8405 Winterthur, ZH'),
('fae663f3-74ba-426f-aadc-bc6a93a85ded', 'Laubscher Lorenz, Laubscher''s', 'Vitalpilze', 'laubschersvitalpilze@gmail.com', '', NULL, 'Dorfstrasse 46, 3273 Kappelen, BE'),
('be341338-8d98-4edd-b311-146fff30d2b2', 'Laubscher Robert und Monika', '(-Vogt)', 'laubscher-vogt@intergga.ch', '', NULL, 'Passwangstrasse 20, 4106 Therwil, BL'),
('970772ea-bf49-4b10-a9b9-19ffa526adde', 'Laubscher Thomas u. Regula', '(-Vogt)', 'tlaubscher@freesurf.ch', '', NULL, 'Denter Ers 1, 7403 Rhäzüns, GR'),
('786e8882-8acf-4094-9cec-6fd6d41faed3', 'Laubscher', 'Werner', 'gesund&wohl-laubscher@bluewin.ch', '', NULL, 'Kirchbühlstrasse 14, 8737 Gommiswald, SG'),
('fa1d56eb-aafa-4c4d-9949-c79b8fee968c', 'Läuchli Stephan', '(-Fluhr)', 'stephan@laeuchli.net', '', NULL, 'Moosmatthalde 4, 6045 Meggen, LU'),
('bd231075-8b17-4f0b-940b-103ba642ba01', 'Laudadio', 'Manuela', 'praxis-fuer-fusspflege@bluewin.ch', '', NULL, 'Ahornweg 5, 5746 Walterswil SO, SO'),
('2a6dd65a-37f2-4672-b76e-127d9ac685a6', 'Laudati', 'Carlo', 'morpheo@gmx.ch', '41774870985', NULL, 'Unterdorf 5, 9044 Wald AR, AR'),
('a33cbbb3-2a46-40c0-9ccf-352f62a38840', 'Lauener Nicole', '(-Thoma)', 'welcome@nicole-lauener.ch', '41796692513', NULL, 'Holzwiesstrasse 29, 8703 Erlenbach ZH, ZH'),
('0aa0b945-20f3-42e9-9479-a200da38e1b5', 'Lauer Anne', 'Elsa', 'fahreschlauer@gmail.com', '41763778786', NULL, 'Alfred-Escher-Strasse 24, 8002 Zürich, ZH'),
('cbb3c290-2b80-4853-8d18-1944c9922d2f', 'Lauer', 'Franz', 'lauerf@gmx.de', '491728585442', NULL, 'Via Gunels 10, 7512 Champfèr, GR'),
('deff8463-67cc-41ef-9a1b-3e7aa1e3a0e3', 'Lauffer', 'Marlis', 'marlis.lauffer@bluewin.ch', '41796724953', NULL, 'Alpenstrasse 51, 3400 Burgdorf, BE'),
('badb17cf-5565-4034-8634-d8c6bd566420', 'Lauper', 'Alfred', 'alfred.lauper@wingover.ch', '41765682345', NULL, 'Wydäckerring 69, 8047 Zürich, ZH'),
('59ceeb62-d568-4181-965d-ae42a21fda55', 'Lauper Bea und Zemp', 'Roland', 'info@lauperzemp.ch', '', NULL, 'Maihofhalde 19, 6006 Luzern, LU'),
('65e842ca-c730-4f6b-80a0-cf6ee9e56db1', 'Lauper', 'Fabian', 'fabian@loupi.ch', '41792406748', NULL, 'Eigasse 14, 4614 Hägendorf, SO'),
('1fa5db54-e355-4378-97cb-d4ffe6b0f877', 'Lauper Fritz', '(-Oezalp)', 'lauper.fritz@hotmail.ch', '41787052388', NULL, 'Gottfried Reimannstr. 43, 2504 Biel'),
('2e2a4b3f-2b4d-4688-a44a-8a9c9bc3d269', 'Lauper', 'Heinz', 'lauperhene@bluewin.ch', '41795111899', NULL, 'Freiestrasse 1, 3097 Liebefeld, BE'),
('0c2e10d9-fdeb-47b8-a194-65a49d37478d', 'Lauper Heinz und Ruth', '(-Herzog)', 'hlauper@datacomm.ch', '', NULL, 'Hauptstrasse 16, 4414 Füllinsdorf, BL'),
('449b3d31-4cce-4781-823c-ce35b684b14f', 'Lauper Jürg und Erika', '(-Balmer)', 'juerg.lauper@bluewin.ch', '', NULL, 'Krattigstrasse 65, 3700 Spiez, BE'),
('744ec6f5-b015-44cb-98ec-eacc0ec3e4aa', 'Lauper Mathilde', '(-Amstutz)', 'diespiegelburg@bluewin.ch', '41792441941', NULL, 'Vreniken 15, 5454 Bellikon, AG'),
('3e50259a-a441-48a3-be80-8adbf1ccad31', 'Lauper Max und', 'Eva', 'mlauper@ecm-solutions.ch', '', NULL, 'Obergrossstrasse 2, 8841 Gross, SZ'),
('49fe7716-116a-4189-b100-859fa8147bd6', 'Läuppi', 'Kurt', 'laeuppi@bluewin.ch', '', NULL, 'Wiesenstrasse 8, 8807 Freienbach, SZ'),
('9d424455-5ed3-49e3-8838-64056d03331a', 'Lausselet Friedrich und Charlotte', '(-Wohlgemuth)', 'lausselet@freesurf.ch', '', NULL, 'Blindackerstrasse 8, 4543 Deitingen, SO'),
('ad69fd14-b7b6-40fc-a159-6561481175f8', 'Lautenschlager Bruno u. Silvia', '(-Steinlin)', 'lautenschlager@swissonline.ch', '', NULL, 'Zweibruggenmühlestrasse 17, 9014 St. Gallen, SG'),
('3a9c42d6-f601-4c9c-b9b0-8dcf02116e74', 'Lautenschlager', 'Doris', 'lautenschlag@bluewin.ch', '', NULL, 'Schipfe 29, 8001 Zürich, ZH'),
('c524fa01-e50e-4777-8752-ec282cb61cb1', 'Lauterburg Marffy Christine', 'Liselotte', 'christine.lauterburg@hispeed.ch', '41765850356', NULL, 'Stauffacherstrasse 41, 3014 Bern, BE'),
('e400f4fc-4625-43b9-b8be-d67ba8b1b941', 'Lavagetti', 'Claudia', 'info@4cats.ch', '41787534928', NULL, 'Brünigstrasse 58, 6055 Alpnach Dorf, OW'),
('b97b0044-e835-4195-a889-3b4693b7ce49', 'Lavanga', 'Giuseppe', 'lavanga@bluewin.ch', '', NULL, 'Mülibachweg 9, 5443 Niederrohrdorf, AG');

INSERT INTO leads (id, contact_id, source, status, value, notes) VALUES
('c985c532-a274-47f7-b47f-1a4035416207', 'c74db57f-614f-4381-bc63-8a0a36370563', 'KALTAKQUISE', 'ACTIVE', 0, NULL),
('288c6e3d-73d1-4d43-9e01-1f085d46bf00', '7d1248da-cbde-46d4-81fd-9add8f2c38c1', 'KALTAKQUISE', 'ACTIVE', 0, NULL),
('5b84081c-f0de-4f14-a161-07bea75b4bcf', '79c9effe-e12f-4c6f-bbe7-f28f1973af55', 'KALTAKQUISE', 'ACTIVE', 0, NULL),
('241ee907-673e-4540-91c9-b6336e86bb67', '95403b98-7e4b-4581-8f18-933d4876e4bc', 'KALTAKQUISE', 'ACTIVE', 0, NULL),
('d2a7c179-a31d-489e-84a1-a5cbc19b7609', '1462a609-6398-49ce-810a-caf02d2347b9', 'KALTAKQUISE', 'ACTIVE', 0, NULL),
('8887bf7d-5335-4fec-81cf-b22c9b895e43', '93175ef5-21d1-4120-b804-b664644af65e', 'KALTAKQUISE', 'ACTIVE', 0, NULL),
('08499035-761c-468a-9da9-d8069fff43f4', '2eadf966-9736-4dbf-b266-35466b3fa0f6', 'KALTAKQUISE', 'ACTIVE', 0, NULL),
('c69849b1-0235-4512-a5ce-a153fae2c9b2', '88b594f6-4c92-4559-9818-bad021a7d0e8', 'KALTAKQUISE', 'ACTIVE', 0, NULL),
('c7a98ccf-b99d-4d63-9358-c0d7f3080b6b', 'd8d267ed-703c-4c06-a322-efb1a2f9c3f9', 'KALTAKQUISE', 'ACTIVE', 0, NULL),
('61b3465c-e284-4e4a-a8dc-c4603d17abff', 'f611e885-bb74-43b6-9d8a-30476a66ec66', 'KALTAKQUISE', 'ACTIVE', 0, NULL),
('610357e3-c8c0-4996-ab9f-a2fd51ef00a7', 'd6bb6cfe-33ac-4b1e-8e03-3f390f71c909', 'KALTAKQUISE', 'ACTIVE', 0, NULL),
('6617c656-8b28-491c-a703-41ab626fd273', 'f4b28778-2ccc-4cb1-aed8-e33ff157e0a5', 'KALTAKQUISE', 'ACTIVE', 0, NULL),
('1b07a57d-91c7-4596-8e68-8408e04d40fc', 'e7aaaef1-9523-4887-9ff8-aeeb082cdbff', 'KALTAKQUISE', 'ACTIVE', 0, NULL),
('24219cc3-76c7-4ae6-a46a-af5fc7617200', '6459e4fe-f106-4a3b-a7cd-07af1221d93d', 'KALTAKQUISE', 'ACTIVE', 0, NULL),
('b7a16039-9197-4634-a85e-22b02148661f', 'da19b8fe-18a3-44e1-965b-bc2f3c38a6f0', 'KALTAKQUISE', 'ACTIVE', 0, NULL),
('a01e23f2-0ec5-4361-895d-1cc806ec34a7', '4dd8d8bc-fbfd-43cc-b280-88b24d92dad0', 'KALTAKQUISE', 'ACTIVE', 0, NULL),
('9f427814-c65d-4255-8a2d-4645db28a52d', 'ce2706ca-6993-4e11-a041-51233fdef88e', 'KALTAKQUISE', 'ACTIVE', 0, NULL),
('a5166968-79ab-4c14-941c-a5b5aa9784a8', 'f24938f2-1a2f-429b-9c8c-e196e37ed6b9', 'KALTAKQUISE', 'ACTIVE', 0, NULL),
('2ab68b9d-385a-4044-bf9d-bfc4fbdae7b9', 'c8726854-1ef7-40b4-b26f-e8bd45c884e3', 'KALTAKQUISE', 'ACTIVE', 0, NULL),
('37bfcd23-aad1-4cc1-b198-532ab4a898cd', '4b1786e7-0d45-442d-8f8a-987107a8a8fc', 'KALTAKQUISE', 'ACTIVE', 0, NULL),
('43991503-11fd-48ba-b9b4-9d9d47bd1b85', '002a3d15-1e35-488a-9b87-3e860f5db921', 'KALTAKQUISE', 'ACTIVE', 0, NULL),
('b5b4b702-14e9-4cf4-93dc-94e7c09f8044', 'de0fd7c8-4eaa-4dde-bc30-230c46562398', 'KALTAKQUISE', 'ACTIVE', 0, NULL),
('ea6cb885-d36a-4c64-b3ad-d01841a9bd5d', '2319ec2f-f707-40cb-8c9b-50411e936bc4', 'KALTAKQUISE', 'ACTIVE', 0, NULL),
('9542a1d2-c27e-478d-b526-260e087e2f33', '8874dd6d-432f-43e8-b446-9a431effe230', 'KALTAKQUISE', 'ACTIVE', 0, NULL),
('fb371309-f61f-402d-a6a0-d90d87362abd', '2cfe1530-118e-41a6-b7f6-302f1e6b4d1d', 'KALTAKQUISE', 'ACTIVE', 0, NULL),
('9694da51-2771-44c7-8d3c-aecaccd21437', 'bec2900d-f973-429c-a74f-f2057ee5a588', 'KALTAKQUISE', 'ACTIVE', 0, NULL),
('8848c4a4-5ec0-4b23-b0a7-408dfe568f53', 'db83bc1f-847c-4fa3-89c3-756f5c0e8c89', 'KALTAKQUISE', 'ACTIVE', 0, NULL),
('518c4187-5913-4916-94e2-5aa396236361', '900831d2-4da5-453c-84e4-16643fa04086', 'KALTAKQUISE', 'ACTIVE', 0, NULL),
('51e27bb4-1bf4-40d8-8af0-8a250d57cf99', '74f01d11-3213-40ff-91bf-0fab9f0974a8', 'KALTAKQUISE', 'ACTIVE', 0, NULL),
('08b22a05-16ff-4f07-b12b-86a671b6630d', '3dcf5974-f591-4480-8f03-be110e58e3c6', 'KALTAKQUISE', 'ACTIVE', 0, NULL),
('18c95e20-c6cc-411f-88bc-750e44868cb3', '1a07ec36-83c0-42a6-ad53-246e8a1f1174', 'KALTAKQUISE', 'ACTIVE', 0, NULL),
('e42d7166-355b-412c-b5c7-0f1db4522684', '5e507884-ecd2-4524-a957-0e40fb1f3ce7', 'KALTAKQUISE', 'ACTIVE', 0, NULL),
('ec84b226-0821-4886-914c-c3efd64850b0', 'c5dde6c4-baee-425d-a0a6-6c18111e0841', 'KALTAKQUISE', 'ACTIVE', 0, NULL),
('c94fde10-a891-41d8-ae70-35a4379ecb32', '941c7563-2287-46ea-b1f0-4baef51d8fa4', 'KALTAKQUISE', 'ACTIVE', 0, NULL),
('1e70fad4-9675-4625-abfd-9e873a9187c7', 'bbf3c9f2-dcc3-46c7-b2bd-1605665cba90', 'KALTAKQUISE', 'ACTIVE', 0, NULL),
('15e8dc6a-7468-4e1a-b588-20a13b118f58', 'b79637f5-e24c-4d81-b6e6-33e030956acc', 'KALTAKQUISE', 'ACTIVE', 0, NULL),
('2e827045-d6a6-4453-a3aa-d72a7e728e4a', 'fc2d703a-3ee1-49b4-9081-de94a9c1d381', 'KALTAKQUISE', 'ACTIVE', 0, NULL),
('b32ec683-053c-4a7e-9732-d30a5a59c2d4', '821e8aa7-e783-4e39-bab2-ccc0cf37b5a2', 'KALTAKQUISE', 'ACTIVE', 0, NULL),
('1b6585c2-5d22-470a-a215-9ee8b92afad2', 'fceabe3e-565b-4c4b-9dd3-ea6e0cabb0e7', 'KALTAKQUISE', 'ACTIVE', 0, NULL),
('89ef5e54-64d0-4291-bc28-6361e3c90c78', '1694aab8-ef7d-49a4-b390-d751f5c9eb16', 'KALTAKQUISE', 'ACTIVE', 0, NULL),
('02597302-afad-4ba4-b7be-39037b889003', 'f2a57eca-cce8-45ef-b072-ffc243d8fe63', 'KALTAKQUISE', 'ACTIVE', 0, NULL),
('b1eacdd8-a018-4a28-a6da-551e8c369e32', '523416c3-e05e-4992-a67d-784dcd00b21f', 'KALTAKQUISE', 'ACTIVE', 0, NULL),
('80751ca2-d13c-4e66-8cd6-55d933dd2d2a', 'c0ccad95-7609-425b-a667-1f58cdbce8aa', 'KALTAKQUISE', 'ACTIVE', 0, NULL),
('f77486a3-a133-45b8-980b-95fd6265133f', '84dc42c5-03ce-4afd-ad00-fe5a9bf03e63', 'KALTAKQUISE', 'ACTIVE', 0, NULL),
('fe56a085-4044-4191-8c3b-8a84ab0aed5d', 'e8430c83-5d78-44a5-b1c3-91d65bb52925', 'KALTAKQUISE', 'ACTIVE', 0, NULL),
('ec98cdf9-6550-4673-8864-3491f609f62f', 'fbcfb2b4-0d51-4675-a704-861abc5d856e', 'KALTAKQUISE', 'ACTIVE', 0, NULL),
('49e59b00-60c7-4c64-9f42-d05e9f7aec92', 'b2893260-65b8-482a-8213-8e01a84b0d32', 'KALTAKQUISE', 'ACTIVE', 0, NULL),
('ff57a93f-ee55-4ba8-b7ce-07e770a6eb5f', '0d43f646-604d-4957-b473-e9eb60e23125', 'KALTAKQUISE', 'ACTIVE', 0, NULL),
('e916ef09-d6b3-4be2-971a-5f80751bb10e', '6f5e8d98-a137-4d74-b94b-61e7fdab6bdc', 'KALTAKQUISE', 'ACTIVE', 0, NULL),
('423e5117-b636-41b4-8e0d-a57a02145e6a', '09ea167c-f352-49fe-8426-75af364c00e3', 'KALTAKQUISE', 'ACTIVE', 0, NULL),
('7dacc855-9ee1-42de-81c3-03f063c6983b', '4f3a472f-8ba9-43b9-978f-4656e4278fc8', 'KALTAKQUISE', 'ACTIVE', 0, NULL),
('ee004c72-3fbd-4750-bc1c-ba96c8f9899d', 'b1377eff-9ad4-42ec-89d9-00c9bada162a', 'KALTAKQUISE', 'ACTIVE', 0, NULL),
('26107713-4142-4638-93d5-ea2e6aaa21fa', 'def9b5de-99dc-455c-b6de-9d9be4c59557', 'KALTAKQUISE', 'ACTIVE', 0, NULL),
('d9c0259c-9b87-4827-abec-186b0f809cd4', '04f4299e-729f-44a2-a9ba-9cad5ad5b63f', 'KALTAKQUISE', 'ACTIVE', 0, NULL),
('ffd89081-7c94-420a-b10b-981c9b50236d', '4bad3ece-119c-4108-bc73-a9434b785ffc', 'KALTAKQUISE', 'ACTIVE', 0, NULL),
('9515ee6c-be65-4580-a7e1-957cdd073c4c', '96e7a2ab-df33-4729-9298-39103588af6f', 'KALTAKQUISE', 'ACTIVE', 0, NULL),
('9353d411-4103-4a1a-bc97-6c4e3946b9b4', '78a259c2-1d63-461e-bd64-e6863c90f49a', 'KALTAKQUISE', 'ACTIVE', 0, NULL),
('4e148a55-6d08-4ebe-a52f-c701930a3bbf', 'a9526ce6-6941-43cc-85d6-81f7257f879a', 'KALTAKQUISE', 'ACTIVE', 0, NULL),
('720a7685-921b-4abd-af5d-e810a01052d4', 'bf4df10e-a899-428a-9e54-9b9bc4b32eac', 'KALTAKQUISE', 'ACTIVE', 0, NULL),
('f2207d72-dd1a-420f-87c6-d5a33d03785a', '37283bee-e23d-4531-ba09-a62e8fe9cb23', 'KALTAKQUISE', 'ACTIVE', 0, NULL),
('aaae962a-ad91-49f0-826a-b73bfa2358e9', '852f1d25-20b3-4757-8d41-45eb89833366', 'KALTAKQUISE', 'ACTIVE', 0, NULL),
('5ecb1e3f-f9a7-421e-b685-3f23ea0bcf88', 'de4ca140-c16f-49a7-8b7a-7646b550edfd', 'KALTAKQUISE', 'ACTIVE', 0, NULL),
('deff3b29-5c6c-41cf-9e90-cf53f001c69e', 'b29c73a1-1241-430e-9fd8-8b9ab2d0c3ed', 'KALTAKQUISE', 'ACTIVE', 0, NULL),
('138809ce-bb48-4204-bc86-cb9ead5162da', '898312a4-0df8-4c90-bd6a-00363ebea11c', 'KALTAKQUISE', 'ACTIVE', 0, NULL),
('b9e5f325-967f-4ef7-a089-e04639f02a20', '90ed1b95-2554-493b-9bdf-19283323b99a', 'KALTAKQUISE', 'ACTIVE', 0, NULL),
('cb0bb433-0f2e-43ef-9fe0-6787dc90c456', '9fa37083-6c3d-45b7-abc5-8d0499f59c2d', 'KALTAKQUISE', 'ACTIVE', 0, NULL),
('f7c5f9a5-c809-4f35-88e0-165d6474daa6', '2c31f184-492c-4363-a6eb-6c0b8f8612e2', 'KALTAKQUISE', 'ACTIVE', 0, NULL),
('bfadef05-ae66-4429-b46c-fbb960a802f3', 'dec15955-b8fe-478c-a059-d9a247ecd3c0', 'KALTAKQUISE', 'ACTIVE', 0, NULL),
('07f5196f-67a4-4cbb-a0f0-d56cd63b91a6', 'cfa061cf-1f9e-429f-ab47-1a6b9f55fc14', 'KALTAKQUISE', 'ACTIVE', 0, NULL),
('863a0339-a756-4aaf-9e89-e4c7b94cef27', '17f7fd22-4acf-438c-9435-7df596f7608e', 'KALTAKQUISE', 'ACTIVE', 0, NULL),
('8d97444e-72f0-44ac-85d5-9e6a15b7bccf', 'ba6d275b-7ab9-4bf4-8f13-a7b96ec70936', 'KALTAKQUISE', 'ACTIVE', 0, NULL),
('89588c17-da49-45a0-9172-aac70a411e79', 'daf220ea-03b0-407d-9dbe-a4005acb4660', 'KALTAKQUISE', 'ACTIVE', 0, NULL),
('a24c9551-1744-4543-83d6-905cf9ce6d47', '5d91046c-a03d-4984-8ec0-4310372572e9', 'KALTAKQUISE', 'ACTIVE', 0, NULL),
('65ed8931-dae8-4db4-9580-33cd15053706', '0fceaea0-3dc6-4241-aaee-e2cc0507afb8', 'KALTAKQUISE', 'ACTIVE', 0, NULL),
('1c91bc8a-bc48-46cf-b9b1-5bb7f6a44369', '96d14118-3650-42d0-b7d2-eeed931d93f0', 'KALTAKQUISE', 'ACTIVE', 0, NULL),
('857ba193-7280-4ecc-a2c6-b52bf6839db3', 'd179b895-5483-4373-8fcc-ba28ca04e7d9', 'KALTAKQUISE', 'ACTIVE', 0, NULL),
('5895a2b5-b2e8-44b3-bbc2-de4ea3792c28', 'e569f2c8-a5cd-4e5d-8440-a6124813ac30', 'KALTAKQUISE', 'ACTIVE', 0, NULL),
('bb83940b-86a2-488a-a4db-da7d700e541c', '6f9ad87c-3135-48e2-b073-8a251af87c74', 'KALTAKQUISE', 'ACTIVE', 0, NULL),
('6d8a92af-c6ba-4160-b38d-ab7fae53e5b1', '4d7ce9dd-9d4b-455d-b736-ff6298bfa537', 'KALTAKQUISE', 'ACTIVE', 0, NULL),
('470159a8-635d-4b18-a4cb-1de9572e271e', 'ca5101a0-f67d-43ff-a7cd-d61caaa77533', 'KALTAKQUISE', 'ACTIVE', 0, NULL),
('a62b6101-31a8-4699-8af6-117266faab6f', '82e3855c-c072-46e8-a059-e22ec5adccfa', 'KALTAKQUISE', 'ACTIVE', 0, NULL),
('f7e19446-c074-4fc0-9eea-a9f5f61eba9d', '77ba26cc-0368-4bc8-a000-31b69b62ed14', 'KALTAKQUISE', 'ACTIVE', 0, NULL),
('0c055712-2382-459c-9524-57bf386824cb', '99a17e65-621d-4182-b542-cdfd66538b2c', 'KALTAKQUISE', 'ACTIVE', 0, NULL),
('a164ab23-08e1-409e-83df-71de8eb92c91', '39c886af-da18-44fa-9b38-a8873e007081', 'KALTAKQUISE', 'ACTIVE', 0, NULL),
('3c1fdfaa-9581-4cec-abfb-cf9efadbd270', 'a9347133-2bb0-4393-b7ce-5c1492aa0a11', 'KALTAKQUISE', 'ACTIVE', 0, NULL),
('7bd958f7-a1c1-4084-b9aa-75dd2e9153fc', 'fd4d55ac-be74-44bd-8e22-69e592def60b', 'KALTAKQUISE', 'ACTIVE', 0, NULL),
('d7625dce-5156-4c49-93ef-341569700e6b', '6ca2148b-4972-46fa-ac30-7f68cc46f618', 'KALTAKQUISE', 'ACTIVE', 0, NULL),
('40e49de0-0b54-4740-9f96-b50217272b72', '10bef838-5119-4f16-8023-9ee8024a6870', 'KALTAKQUISE', 'ACTIVE', 0, NULL),
('0a7ed381-9129-4272-821c-f1792d8f7a7f', 'db874aeb-9b3c-4dfb-b867-102e70a695c2', 'KALTAKQUISE', 'ACTIVE', 0, NULL),
('3d85ea8a-7dec-4078-aa4d-a459e62a6c76', '2c173f2c-f87f-42eb-8770-d053265b7684', 'KALTAKQUISE', 'ACTIVE', 0, NULL),
('e796215b-31db-4ed5-90cb-66de89af1ffd', 'a1a13de9-f052-4a04-8b75-893d8c2b1b68', 'KALTAKQUISE', 'ACTIVE', 0, NULL),
('3d0d174d-327a-4ca4-9be2-e21856cde5a2', '0670b53d-d288-433e-afff-a5552b586f73', 'KALTAKQUISE', 'ACTIVE', 0, NULL),
('4025b471-7652-4862-b9e8-3f61cb8a4609', 'd4e9a26e-c6a4-41f2-a6e0-5d96f3a502fc', 'KALTAKQUISE', 'ACTIVE', 0, NULL),
('a0a526f7-47fb-4541-8356-edc900da17da', '2f1e9c21-cc58-4ee9-b303-06c9231ebd59', 'KALTAKQUISE', 'ACTIVE', 0, NULL),
('d42db302-cb09-42e7-9fb6-5b052334cfef', '9a3b9fce-f9d6-42fa-8425-6def87701ee0', 'KALTAKQUISE', 'ACTIVE', 0, NULL),
('a39593eb-0763-48de-8843-80968d82b847', 'f85c05ac-27f8-445e-94a1-6fb9dceb1e24', 'KALTAKQUISE', 'ACTIVE', 0, NULL),
('6bd2da23-7bef-42da-96a7-9242906a05d0', 'cbed9d49-e79b-45c7-9af5-043a9a6a63e9', 'KALTAKQUISE', 'ACTIVE', 0, NULL),
('30109650-12ab-4a7f-9853-9f13d83673bd', '7c14c679-8ba5-4cbf-8220-5b9de204537d', 'KALTAKQUISE', 'ACTIVE', 0, NULL),
('d7ee45ea-3fb0-4735-9fca-a7b89a6d0006', '1db0a7c9-6741-4e22-9e71-93b8ad5441c7', 'KALTAKQUISE', 'ACTIVE', 0, NULL),
('364b118e-08bd-47e8-b774-36c98ee1d7aa', '01d1821e-45fc-4545-bdf1-addd9fd0e0bf', 'KALTAKQUISE', 'ACTIVE', 0, NULL),
('c6eda7f7-ffad-4930-a33f-8bd3e5bd1cd1', '42754999-7915-4879-bccb-c9d997056c3b', 'KALTAKQUISE', 'ACTIVE', 0, NULL),
('457edd81-3341-49c3-ad60-0a5dd20c99fb', '28c316ee-39f7-4ee1-90e7-36e890bd34c0', 'KALTAKQUISE', 'ACTIVE', 0, NULL),
('ddc4e517-b55a-4ddf-aaf7-40fd66cff3f6', '68b6ea8e-a6ec-4489-be01-12d1c8eeefae', 'KALTAKQUISE', 'ACTIVE', 0, NULL),
('24fe649f-85ae-4ed2-9ec9-2f9192bb0128', '740928e3-965e-46c0-a615-28a8b6a3c8e3', 'KALTAKQUISE', 'ACTIVE', 0, NULL),
('bc90090f-dd34-49e8-b755-f96222d10947', 'eddc4a2d-1936-4f23-97a9-2de092b56984', 'KALTAKQUISE', 'ACTIVE', 0, NULL),
('4adc1884-39d6-45d5-8af2-7dc77370ac45', '3133c327-a774-4f05-9160-d4709474b9ed', 'KALTAKQUISE', 'ACTIVE', 0, NULL),
('9aed68f2-0631-4b67-ba39-d87ef37530d6', '71908897-b353-4da3-a74c-8417b9411c08', 'KALTAKQUISE', 'ACTIVE', 0, NULL),
('1fda3935-0cd7-4974-9956-c07adf723029', 'bec7f704-d19e-40e4-a910-be67d96cf53a', 'KALTAKQUISE', 'ACTIVE', 0, NULL),
('014f6d6d-33e4-4252-b8ff-2064fd58f5ac', '9f0622e3-cefa-43a4-b263-263d16829d9c', 'KALTAKQUISE', 'ACTIVE', 0, NULL),
('f3027a7d-efd2-4719-8802-b77148855d13', 'f947100e-5ba0-4a27-82ac-1a94f786fdb2', 'KALTAKQUISE', 'ACTIVE', 0, NULL),
('3ee15270-6e99-4f4d-94b8-0c797ce1afba', '90dc36eb-eb06-4d21-8d9a-89e1bc195d6b', 'KALTAKQUISE', 'ACTIVE', 0, NULL),
('d2bf8584-a37f-4442-83f8-a6c21dcb7e03', 'b718feeb-79b7-44bc-92fd-0718f6ccaf57', 'KALTAKQUISE', 'ACTIVE', 0, NULL),
('103dca0a-a946-4156-8776-380955942227', 'cc1903ce-fd4f-42a9-8a8a-7864c13876a4', 'KALTAKQUISE', 'ACTIVE', 0, NULL),
('ae8ffb7f-2a7f-4631-ba64-875171d2051c', '1103a653-3ffc-40f4-833e-859062978851', 'KALTAKQUISE', 'ACTIVE', 0, NULL),
('526ff1a2-cfdd-4210-a108-030d03427490', 'f6326d1f-7aa6-4672-8a42-c899f7b2f7a7', 'KALTAKQUISE', 'ACTIVE', 0, NULL),
('becda542-662d-4716-9fdc-5bdfc69cee9e', '8748cd35-0b70-43a9-8cec-5c14b1e63378', 'KALTAKQUISE', 'ACTIVE', 0, NULL),
('8e9b3fbc-c2c9-4fa2-afe1-b7ef25d52fda', '74dae88b-09d3-4cb4-a7e9-5cb430814d07', 'KALTAKQUISE', 'ACTIVE', 0, NULL),
('90fc5e28-4a85-47eb-bb79-f79ea8a9a314', '431b5085-fe69-4451-a711-d23c9d21c0e3', 'KALTAKQUISE', 'ACTIVE', 0, NULL),
('e9da4102-22f1-494b-8124-4118c15412e2', '6db2a097-2fe4-4ff2-9749-169ad1845265', 'KALTAKQUISE', 'ACTIVE', 0, NULL),
('208782d4-36b6-4832-8534-011c5445bc43', '2282862e-554b-49dc-b085-f2f8092d34fd', 'KALTAKQUISE', 'ACTIVE', 0, NULL),
('c15536c1-4155-465b-ba12-26e8ae1018fb', 'bd571ccf-f27e-43c3-8062-d10a79508986', 'KALTAKQUISE', 'ACTIVE', 0, NULL),
('b161b1f0-9677-4370-b108-ba2c6b745c89', '281c7e3c-6bf1-48f4-9250-560759bf051c', 'KALTAKQUISE', 'ACTIVE', 0, NULL),
('e67ed0cd-5df8-4fe4-897a-e058272c7caf', '4c049e68-d25a-450d-891c-2d1e4f629e65', 'KALTAKQUISE', 'ACTIVE', 0, NULL),
('c8e1cc04-8022-4f91-8a69-806e058c50a4', '42028c6f-8aaf-4056-9eb9-3c6e73e46f0c', 'KALTAKQUISE', 'ACTIVE', 0, NULL),
('d3bf8942-e9ed-47d5-8818-3077c82a0f3b', '8edebd8b-6be4-4f95-abf1-feae53cd818e', 'KALTAKQUISE', 'ACTIVE', 0, NULL),
('d02e2f8a-b70b-413e-95ae-6b8860cb0485', '9c5d3a2e-49c2-4549-8746-a061cb70f5c1', 'KALTAKQUISE', 'ACTIVE', 0, NULL),
('c94f42e5-fe86-4e70-be70-85b28cf1d3ef', 'd4709db7-11d1-47df-a974-b7951f5851fc', 'KALTAKQUISE', 'ACTIVE', 0, NULL),
('4134b292-23aa-43d6-ae72-330cd3c3d049', 'd133a6f7-b6a2-4b50-9131-1dcc67731aed', 'KALTAKQUISE', 'ACTIVE', 0, NULL),
('b80474ea-44c9-43e6-87e4-b57ed7eaf961', '4a5f5e17-bb39-48e2-80b5-fd7d37f55891', 'KALTAKQUISE', 'ACTIVE', 0, NULL),
('bfe90b0a-128c-4893-84fa-8d784925f4b8', '3fd64ed0-175b-4950-a9a3-5fabf8ba5105', 'KALTAKQUISE', 'ACTIVE', 0, NULL),
('ebce9fab-7e0c-4c0d-98d9-08462da2437c', 'a6c2b487-6762-4a17-8fe4-9a65be464f63', 'KALTAKQUISE', 'ACTIVE', 0, NULL),
('b6b6f63a-fb83-4bcf-8264-5977efc548fc', 'af03d2bf-83e5-4931-9816-3958a2fbcaf8', 'KALTAKQUISE', 'ACTIVE', 0, NULL),
('9d543c7d-b067-4262-abe4-b71bd1086e27', '04eee4cf-84a9-42cf-852a-6389d53ad579', 'KALTAKQUISE', 'ACTIVE', 0, NULL),
('6335de35-8ce4-4471-99cb-8afe09a091da', '4a8432e6-c7d0-4f94-bfa8-de85d2102c57', 'KALTAKQUISE', 'ACTIVE', 0, NULL),
('ce6c0277-34e4-4221-8be8-300df4b50eca', 'f5a97036-c681-4f66-a5c2-557ac2265405', 'KALTAKQUISE', 'ACTIVE', 0, NULL),
('4c4219ca-bfe5-4695-823f-637ec73385c9', '2e24e045-752c-4de0-bc74-781ca80227cc', 'KALTAKQUISE', 'ACTIVE', 0, NULL),
('1ecbfde8-e2b6-4246-aad3-df534e89be41', '79c6d54a-5cf4-4cf3-a89f-a52d0f45a00f', 'KALTAKQUISE', 'ACTIVE', 0, NULL),
('4edc4507-b883-427d-87d9-0de94ca317cf', 'ddf52037-e434-46e1-9d8a-213419f9f78c', 'KALTAKQUISE', 'ACTIVE', 0, NULL),
('c4f7101a-c3da-4614-8319-9cb9758756cb', 'f99ea4d6-3056-4671-bd61-5a04a15559ed', 'KALTAKQUISE', 'ACTIVE', 0, NULL),
('905be1b4-34d8-4a50-9916-181031f12f94', '118fc26b-1c17-4dcb-85f8-ae5fb70e6e86', 'KALTAKQUISE', 'ACTIVE', 0, NULL),
('203b84b3-0fce-449b-a6ca-9a5487d9129a', '327a774a-07f7-4c14-b554-1388f661c352', 'KALTAKQUISE', 'ACTIVE', 0, NULL),
('e3e686fc-015d-4a6b-b4db-d7acd8aad913', '2a84322c-e2cd-4cc1-9d98-e1770259a061', 'KALTAKQUISE', 'ACTIVE', 0, NULL),
('5da6e1a2-c59f-4a6f-ba77-a5f9d3d652fb', 'ccaf9333-5eb0-4f48-9daf-2f0748ad11f8', 'KALTAKQUISE', 'ACTIVE', 0, NULL),
('ab634653-d59c-448a-9aa5-a55b76b7e65d', '4fee2177-e012-4b5a-bdb2-6085d5eda80e', 'KALTAKQUISE', 'ACTIVE', 0, NULL),
('7f7a5b17-7b28-4299-a47e-61f17092a5fd', '252b2bfb-593c-4180-a9a3-15e76a06bdaa', 'KALTAKQUISE', 'ACTIVE', 0, NULL),
('31f51b2e-36d2-4f53-97b2-39bbe4d59d67', 'bef0019f-2fda-4fd4-bedf-6ee7a88784e5', 'KALTAKQUISE', 'ACTIVE', 0, NULL),
('181d692f-5be9-4083-b124-df444acae2ee', '423800c6-9c31-43af-b7bc-a90099f2891a', 'KALTAKQUISE', 'ACTIVE', 0, NULL),
('e173e0c8-826e-4777-b03c-59da0e3b02f5', '508a2f77-495b-41a8-ab10-63529b130050', 'KALTAKQUISE', 'ACTIVE', 0, NULL),
('2e990f58-7c01-4d9a-a5dd-a995a46a7bc7', '07c69c71-a0e6-4403-882f-991d43c379f7', 'KALTAKQUISE', 'ACTIVE', 0, NULL),
('d2435493-ae27-4134-b411-4b7e85d6c565', '8e203df1-3067-40ab-a8cc-79dbceed2245', 'KALTAKQUISE', 'ACTIVE', 0, NULL),
('ec9be908-b6ad-4db4-a05d-7bbe8d9cbead', 'be1dafe4-4a59-40c5-8c8a-624726bba96a', 'KALTAKQUISE', 'ACTIVE', 0, NULL),
('641c21c3-ec24-450b-8fda-474dae06ca76', '46b02914-5ee3-4d93-8edd-866bc166a9e5', 'KALTAKQUISE', 'ACTIVE', 0, NULL),
('f09a513e-a300-429d-9e39-aac4b98630c4', '6bf10c6c-48d7-4f6c-9ab5-075c020aceaa', 'KALTAKQUISE', 'ACTIVE', 0, NULL),
('14b71a3d-59be-4ec4-973c-960a5cf16290', 'a7c19d35-253f-4888-8a0d-87fe0cb8574a', 'KALTAKQUISE', 'ACTIVE', 0, NULL),
('87a9d9cd-61fd-472d-965f-3c8e6fab773c', '91939e9b-4872-486e-b2a4-5e0483441085', 'KALTAKQUISE', 'ACTIVE', 0, NULL),
('e4a983b1-0f58-4cc5-9d73-018f4663a1b1', '038cd2fd-9ed2-4052-b773-9f11288aef18', 'KALTAKQUISE', 'ACTIVE', 0, NULL),
('e3a9dd36-3023-47a5-8ecc-c1696a0e3efd', 'd4f7184f-bfec-4db3-a936-15ec090d8cb1', 'KALTAKQUISE', 'ACTIVE', 0, NULL),
('aba3383d-0353-4966-b70d-e786dacc30dc', '46bcc0ee-c303-4e72-8b09-063adfd33754', 'KALTAKQUISE', 'ACTIVE', 0, NULL),
('4141733f-3f3b-42b4-8694-9ec56ee25fa6', 'f6a4c855-eec5-42f5-bca8-5396c7fcbf0b', 'KALTAKQUISE', 'ACTIVE', 0, NULL),
('40b03555-8a92-4ba1-854c-84c04c41fad5', '6266b2ee-ba66-48b5-a961-16cf3610b979', 'KALTAKQUISE', 'ACTIVE', 0, NULL),
('0d307341-e957-4a7b-97e8-c1c22348e848', '15446a4c-74a7-4335-8493-c043cf94e8de', 'KALTAKQUISE', 'ACTIVE', 0, NULL),
('4654fd7c-d9f6-4efb-9ca1-169299178195', 'c289257e-9355-4e0c-bd77-0dcd400ca7b8', 'KALTAKQUISE', 'ACTIVE', 0, NULL),
('5ba92c61-d6e0-43d6-81cb-5b77a44a3b5a', '3995b8af-50c2-4465-906f-6392b8f36e84', 'KALTAKQUISE', 'ACTIVE', 0, NULL),
('fa76e7d6-af21-4398-854f-e6eb3ede7823', '3ba6b442-a952-4ad5-b4c6-480162c3a255', 'KALTAKQUISE', 'ACTIVE', 0, NULL),
('4f083bab-4928-41a4-b930-bc0f6baa6eed', 'e549e807-6ec7-4554-8fd3-cb626c7a7f20', 'KALTAKQUISE', 'ACTIVE', 0, NULL),
('7b164f9b-e251-460f-beb6-0a7744877a52', '520a9696-8e02-4e27-8739-6714c8591e36', 'KALTAKQUISE', 'ACTIVE', 0, NULL),
('f44a224f-ca08-4a58-808b-e86b308f40d4', '996624b6-eedc-4dca-a282-58d68759ed4a', 'KALTAKQUISE', 'ACTIVE', 0, NULL),
('17afbcab-964f-4129-9e8d-fb3222c89703', '342103e7-02c5-472b-a792-950e36e36f02', 'KALTAKQUISE', 'ACTIVE', 0, NULL),
('b698b1b2-9246-49a7-a6fa-c8ff2be8b079', '9ba68c19-41e0-4cb3-b685-1545e3ed04bf', 'KALTAKQUISE', 'ACTIVE', 0, NULL),
('e5975223-655f-439a-a810-1a663cf8c433', '9a73cbb5-0a62-4131-bd81-395959cd2098', 'KALTAKQUISE', 'ACTIVE', 0, NULL),
('00bce209-1548-4c4a-8038-1932365d8abd', '3d5c8668-92a1-4040-a356-b82c847e19ad', 'KALTAKQUISE', 'ACTIVE', 0, NULL),
('5f5a4825-06c3-4ff9-b7d4-8cb20c859146', '6261847f-41c8-415d-b860-e9dbd203a986', 'KALTAKQUISE', 'ACTIVE', 0, NULL),
('084e674b-08c1-4141-ae8f-3afa6380f7a8', '0ee62a8d-1b6a-4ac9-ad7a-1b28c0cd5321', 'KALTAKQUISE', 'ACTIVE', 0, NULL),
('aa202ca5-f442-47ba-be61-3e2ee4fb9798', 'fae663f3-74ba-426f-aadc-bc6a93a85ded', 'KALTAKQUISE', 'ACTIVE', 0, NULL),
('2f2684af-ab05-4f59-a00f-0ea5e896e9a7', 'be341338-8d98-4edd-b311-146fff30d2b2', 'KALTAKQUISE', 'ACTIVE', 0, NULL),
('6361e28e-f4a1-4283-8def-a5e2a35ee75b', '970772ea-bf49-4b10-a9b9-19ffa526adde', 'KALTAKQUISE', 'ACTIVE', 0, NULL),
('00da0385-00ad-4576-9dc7-5b29515be6b0', '786e8882-8acf-4094-9cec-6fd6d41faed3', 'KALTAKQUISE', 'ACTIVE', 0, NULL),
('5ea8871d-906c-46c9-94e6-e687366cf19d', 'fa1d56eb-aafa-4c4d-9949-c79b8fee968c', 'KALTAKQUISE', 'ACTIVE', 0, NULL),
('df112ced-48b1-4891-a659-4cf89dfa7028', 'bd231075-8b17-4f0b-940b-103ba642ba01', 'KALTAKQUISE', 'ACTIVE', 0, NULL),
('041dffc7-e64b-44ab-b249-2c4c3a87f62a', '2a6dd65a-37f2-4672-b76e-127d9ac685a6', 'KALTAKQUISE', 'ACTIVE', 0, NULL),
('395b1fe0-3b45-4824-add5-c63c1bf61653', 'a33cbbb3-2a46-40c0-9ccf-352f62a38840', 'KALTAKQUISE', 'ACTIVE', 0, NULL),
('8af8027a-debf-47fc-854f-0acba47a5723', '0aa0b945-20f3-42e9-9479-a200da38e1b5', 'KALTAKQUISE', 'ACTIVE', 0, NULL),
('1368710d-c754-4699-a96b-ca3a35f44dff', 'cbb3c290-2b80-4853-8d18-1944c9922d2f', 'KALTAKQUISE', 'ACTIVE', 0, NULL),
('3a9cbe44-00f2-47a8-a715-35033baab37a', 'deff8463-67cc-41ef-9a1b-3e7aa1e3a0e3', 'KALTAKQUISE', 'ACTIVE', 0, NULL),
('0efa77c3-3522-466e-8341-348f5eb5ab2a', 'badb17cf-5565-4034-8634-d8c6bd566420', 'KALTAKQUISE', 'ACTIVE', 0, NULL),
('1f925e1a-9482-4197-bcab-98709b05bcbf', '59ceeb62-d568-4181-965d-ae42a21fda55', 'KALTAKQUISE', 'ACTIVE', 0, NULL),
('c24e8e13-cb48-4c67-b31a-1eeec1966d32', '65e842ca-c730-4f6b-80a0-cf6ee9e56db1', 'KALTAKQUISE', 'ACTIVE', 0, NULL),
('a4e91c65-7def-4452-aa77-7707e922d621', '1fa5db54-e355-4378-97cb-d4ffe6b0f877', 'KALTAKQUISE', 'ACTIVE', 0, NULL),
('d89e2457-a689-41cc-9f50-3a423fe1d70a', '2e2a4b3f-2b4d-4688-a44a-8a9c9bc3d269', 'KALTAKQUISE', 'ACTIVE', 0, NULL),
('936b81f5-26ad-4d30-b938-b7bf64b67144', '0c2e10d9-fdeb-47b8-a194-65a49d37478d', 'KALTAKQUISE', 'ACTIVE', 0, NULL),
('45f1c0e9-c057-4a5b-bc5b-59399757c438', '449b3d31-4cce-4781-823c-ce35b684b14f', 'KALTAKQUISE', 'ACTIVE', 0, NULL),
('27d2af42-b9b4-4ca8-a9c4-746d8d2f554c', '744ec6f5-b015-44cb-98ec-eacc0ec3e4aa', 'KALTAKQUISE', 'ACTIVE', 0, NULL),
('3b83ddba-f539-4dea-9c71-e498cfdb313b', '3e50259a-a441-48a3-be80-8adbf1ccad31', 'KALTAKQUISE', 'ACTIVE', 0, NULL),
('4131afad-31a8-4830-bfca-c9951334276d', '49fe7716-116a-4189-b100-859fa8147bd6', 'KALTAKQUISE', 'ACTIVE', 0, NULL),
('7761ab43-9432-4035-9124-7017078f55b0', '9d424455-5ed3-49e3-8838-64056d03331a', 'KALTAKQUISE', 'ACTIVE', 0, NULL),
('b99b6988-b4f7-467e-a53b-b645e018d277', 'ad69fd14-b7b6-40fc-a159-6561481175f8', 'KALTAKQUISE', 'ACTIVE', 0, NULL),
('febcdd65-74f6-4c03-93bd-26e06225116b', '3a9c42d6-f601-4c9c-b9b0-8dcf02116e74', 'KALTAKQUISE', 'ACTIVE', 0, NULL),
('a4caa0cd-3211-42b0-9efa-cf2ce4d967bc', 'c524fa01-e50e-4777-8752-ec282cb61cb1', 'KALTAKQUISE', 'ACTIVE', 0, NULL),
('a13aded9-372a-478d-9f94-06ff4ec21761', 'e400f4fc-4625-43b9-b8be-d67ba8b1b941', 'KALTAKQUISE', 'ACTIVE', 0, NULL),
('31bc3f81-aff4-44a1-9e3f-5a6df1f18ae5', 'b97b0044-e835-4195-a889-3b4693b7ce49', 'KALTAKQUISE', 'ACTIVE', 0, NULL);

INSERT INTO lead_tags (lead_id, tag_id) VALUES
('c985c532-a274-47f7-b47f-1a4035416207', 'ka-b2c'),
('288c6e3d-73d1-4d43-9e01-1f085d46bf00', 'ka-b2c'),
('5b84081c-f0de-4f14-a161-07bea75b4bcf', 'ka-b2c'),
('241ee907-673e-4540-91c9-b6336e86bb67', 'ka-b2c'),
('d2a7c179-a31d-489e-84a1-a5cbc19b7609', 'ka-b2c'),
('8887bf7d-5335-4fec-81cf-b22c9b895e43', 'ka-b2c'),
('08499035-761c-468a-9da9-d8069fff43f4', 'ka-b2c'),
('c69849b1-0235-4512-a5ce-a153fae2c9b2', 'ka-b2c'),
('c7a98ccf-b99d-4d63-9358-c0d7f3080b6b', 'ka-b2c'),
('61b3465c-e284-4e4a-a8dc-c4603d17abff', 'ka-b2c'),
('610357e3-c8c0-4996-ab9f-a2fd51ef00a7', 'ka-b2c'),
('6617c656-8b28-491c-a703-41ab626fd273', 'ka-b2c'),
('1b07a57d-91c7-4596-8e68-8408e04d40fc', 'ka-b2c'),
('24219cc3-76c7-4ae6-a46a-af5fc7617200', 'ka-b2c'),
('b7a16039-9197-4634-a85e-22b02148661f', 'ka-b2c'),
('a01e23f2-0ec5-4361-895d-1cc806ec34a7', 'ka-b2c'),
('9f427814-c65d-4255-8a2d-4645db28a52d', 'ka-b2c'),
('a5166968-79ab-4c14-941c-a5b5aa9784a8', 'ka-b2c'),
('2ab68b9d-385a-4044-bf9d-bfc4fbdae7b9', 'ka-b2c'),
('37bfcd23-aad1-4cc1-b198-532ab4a898cd', 'ka-b2c'),
('43991503-11fd-48ba-b9b4-9d9d47bd1b85', 'ka-b2c'),
('b5b4b702-14e9-4cf4-93dc-94e7c09f8044', 'ka-b2c'),
('ea6cb885-d36a-4c64-b3ad-d01841a9bd5d', 'ka-b2c'),
('9542a1d2-c27e-478d-b526-260e087e2f33', 'ka-b2c'),
('fb371309-f61f-402d-a6a0-d90d87362abd', 'ka-b2c'),
('9694da51-2771-44c7-8d3c-aecaccd21437', 'ka-b2c'),
('8848c4a4-5ec0-4b23-b0a7-408dfe568f53', 'ka-b2c'),
('518c4187-5913-4916-94e2-5aa396236361', 'ka-b2c'),
('51e27bb4-1bf4-40d8-8af0-8a250d57cf99', 'ka-b2c'),
('08b22a05-16ff-4f07-b12b-86a671b6630d', 'ka-b2c'),
('18c95e20-c6cc-411f-88bc-750e44868cb3', 'ka-b2c'),
('e42d7166-355b-412c-b5c7-0f1db4522684', 'ka-b2c'),
('ec84b226-0821-4886-914c-c3efd64850b0', 'ka-b2c'),
('c94fde10-a891-41d8-ae70-35a4379ecb32', 'ka-b2c'),
('1e70fad4-9675-4625-abfd-9e873a9187c7', 'ka-b2c'),
('15e8dc6a-7468-4e1a-b588-20a13b118f58', 'ka-b2c'),
('2e827045-d6a6-4453-a3aa-d72a7e728e4a', 'ka-b2c'),
('b32ec683-053c-4a7e-9732-d30a5a59c2d4', 'ka-b2c'),
('1b6585c2-5d22-470a-a215-9ee8b92afad2', 'ka-b2c'),
('89ef5e54-64d0-4291-bc28-6361e3c90c78', 'ka-b2c'),
('02597302-afad-4ba4-b7be-39037b889003', 'ka-b2c'),
('b1eacdd8-a018-4a28-a6da-551e8c369e32', 'ka-b2c'),
('80751ca2-d13c-4e66-8cd6-55d933dd2d2a', 'ka-b2c'),
('f77486a3-a133-45b8-980b-95fd6265133f', 'ka-b2c'),
('fe56a085-4044-4191-8c3b-8a84ab0aed5d', 'ka-b2c'),
('ec98cdf9-6550-4673-8864-3491f609f62f', 'ka-b2c'),
('49e59b00-60c7-4c64-9f42-d05e9f7aec92', 'ka-b2c'),
('ff57a93f-ee55-4ba8-b7ce-07e770a6eb5f', 'ka-b2c'),
('e916ef09-d6b3-4be2-971a-5f80751bb10e', 'ka-b2c'),
('423e5117-b636-41b4-8e0d-a57a02145e6a', 'ka-b2c'),
('7dacc855-9ee1-42de-81c3-03f063c6983b', 'ka-b2c'),
('ee004c72-3fbd-4750-bc1c-ba96c8f9899d', 'ka-b2c'),
('26107713-4142-4638-93d5-ea2e6aaa21fa', 'ka-b2c'),
('d9c0259c-9b87-4827-abec-186b0f809cd4', 'ka-b2c'),
('ffd89081-7c94-420a-b10b-981c9b50236d', 'ka-b2c'),
('9515ee6c-be65-4580-a7e1-957cdd073c4c', 'ka-b2c'),
('9353d411-4103-4a1a-bc97-6c4e3946b9b4', 'ka-b2c'),
('4e148a55-6d08-4ebe-a52f-c701930a3bbf', 'ka-b2c'),
('720a7685-921b-4abd-af5d-e810a01052d4', 'ka-b2c'),
('f2207d72-dd1a-420f-87c6-d5a33d03785a', 'ka-b2c'),
('aaae962a-ad91-49f0-826a-b73bfa2358e9', 'ka-b2c'),
('5ecb1e3f-f9a7-421e-b685-3f23ea0bcf88', 'ka-b2c'),
('deff3b29-5c6c-41cf-9e90-cf53f001c69e', 'ka-b2c'),
('138809ce-bb48-4204-bc86-cb9ead5162da', 'ka-b2c'),
('b9e5f325-967f-4ef7-a089-e04639f02a20', 'ka-b2c'),
('cb0bb433-0f2e-43ef-9fe0-6787dc90c456', 'ka-b2c'),
('f7c5f9a5-c809-4f35-88e0-165d6474daa6', 'ka-b2c'),
('bfadef05-ae66-4429-b46c-fbb960a802f3', 'ka-b2c'),
('07f5196f-67a4-4cbb-a0f0-d56cd63b91a6', 'ka-b2c'),
('863a0339-a756-4aaf-9e89-e4c7b94cef27', 'ka-b2c'),
('8d97444e-72f0-44ac-85d5-9e6a15b7bccf', 'ka-b2c'),
('89588c17-da49-45a0-9172-aac70a411e79', 'ka-b2c'),
('a24c9551-1744-4543-83d6-905cf9ce6d47', 'ka-b2c'),
('65ed8931-dae8-4db4-9580-33cd15053706', 'ka-b2c'),
('1c91bc8a-bc48-46cf-b9b1-5bb7f6a44369', 'ka-b2c'),
('857ba193-7280-4ecc-a2c6-b52bf6839db3', 'ka-b2c'),
('5895a2b5-b2e8-44b3-bbc2-de4ea3792c28', 'ka-b2c'),
('bb83940b-86a2-488a-a4db-da7d700e541c', 'ka-b2c'),
('6d8a92af-c6ba-4160-b38d-ab7fae53e5b1', 'ka-b2c'),
('470159a8-635d-4b18-a4cb-1de9572e271e', 'ka-b2c'),
('a62b6101-31a8-4699-8af6-117266faab6f', 'ka-b2c'),
('f7e19446-c074-4fc0-9eea-a9f5f61eba9d', 'ka-b2c'),
('0c055712-2382-459c-9524-57bf386824cb', 'ka-b2c'),
('a164ab23-08e1-409e-83df-71de8eb92c91', 'ka-b2c'),
('3c1fdfaa-9581-4cec-abfb-cf9efadbd270', 'ka-b2c'),
('7bd958f7-a1c1-4084-b9aa-75dd2e9153fc', 'ka-b2c'),
('d7625dce-5156-4c49-93ef-341569700e6b', 'ka-b2c'),
('40e49de0-0b54-4740-9f96-b50217272b72', 'ka-b2c'),
('0a7ed381-9129-4272-821c-f1792d8f7a7f', 'ka-b2c'),
('3d85ea8a-7dec-4078-aa4d-a459e62a6c76', 'ka-b2c'),
('e796215b-31db-4ed5-90cb-66de89af1ffd', 'ka-b2c'),
('3d0d174d-327a-4ca4-9be2-e21856cde5a2', 'ka-b2c'),
('4025b471-7652-4862-b9e8-3f61cb8a4609', 'ka-b2c'),
('a0a526f7-47fb-4541-8356-edc900da17da', 'ka-b2c'),
('d42db302-cb09-42e7-9fb6-5b052334cfef', 'ka-b2c'),
('a39593eb-0763-48de-8843-80968d82b847', 'ka-b2c'),
('6bd2da23-7bef-42da-96a7-9242906a05d0', 'ka-b2c'),
('30109650-12ab-4a7f-9853-9f13d83673bd', 'ka-b2c'),
('d7ee45ea-3fb0-4735-9fca-a7b89a6d0006', 'ka-b2c'),
('364b118e-08bd-47e8-b774-36c98ee1d7aa', 'ka-b2c'),
('c6eda7f7-ffad-4930-a33f-8bd3e5bd1cd1', 'ka-b2c'),
('457edd81-3341-49c3-ad60-0a5dd20c99fb', 'ka-b2c'),
('ddc4e517-b55a-4ddf-aaf7-40fd66cff3f6', 'ka-b2c'),
('24fe649f-85ae-4ed2-9ec9-2f9192bb0128', 'ka-b2c'),
('bc90090f-dd34-49e8-b755-f96222d10947', 'ka-b2c'),
('4adc1884-39d6-45d5-8af2-7dc77370ac45', 'ka-b2c'),
('9aed68f2-0631-4b67-ba39-d87ef37530d6', 'ka-b2c'),
('1fda3935-0cd7-4974-9956-c07adf723029', 'ka-b2c'),
('014f6d6d-33e4-4252-b8ff-2064fd58f5ac', 'ka-b2c'),
('f3027a7d-efd2-4719-8802-b77148855d13', 'ka-b2c'),
('3ee15270-6e99-4f4d-94b8-0c797ce1afba', 'ka-b2c'),
('d2bf8584-a37f-4442-83f8-a6c21dcb7e03', 'ka-b2c'),
('103dca0a-a946-4156-8776-380955942227', 'ka-b2c'),
('ae8ffb7f-2a7f-4631-ba64-875171d2051c', 'ka-b2c'),
('526ff1a2-cfdd-4210-a108-030d03427490', 'ka-b2c'),
('becda542-662d-4716-9fdc-5bdfc69cee9e', 'ka-b2c'),
('8e9b3fbc-c2c9-4fa2-afe1-b7ef25d52fda', 'ka-b2c'),
('90fc5e28-4a85-47eb-bb79-f79ea8a9a314', 'ka-b2c'),
('e9da4102-22f1-494b-8124-4118c15412e2', 'ka-b2c'),
('208782d4-36b6-4832-8534-011c5445bc43', 'ka-b2c'),
('c15536c1-4155-465b-ba12-26e8ae1018fb', 'ka-b2c'),
('b161b1f0-9677-4370-b108-ba2c6b745c89', 'ka-b2c'),
('e67ed0cd-5df8-4fe4-897a-e058272c7caf', 'ka-b2c'),
('c8e1cc04-8022-4f91-8a69-806e058c50a4', 'ka-b2c'),
('d3bf8942-e9ed-47d5-8818-3077c82a0f3b', 'ka-b2c'),
('d02e2f8a-b70b-413e-95ae-6b8860cb0485', 'ka-b2c'),
('c94f42e5-fe86-4e70-be70-85b28cf1d3ef', 'ka-b2c'),
('4134b292-23aa-43d6-ae72-330cd3c3d049', 'ka-b2c'),
('b80474ea-44c9-43e6-87e4-b57ed7eaf961', 'ka-b2c'),
('bfe90b0a-128c-4893-84fa-8d784925f4b8', 'ka-b2c'),
('ebce9fab-7e0c-4c0d-98d9-08462da2437c', 'ka-b2c'),
('b6b6f63a-fb83-4bcf-8264-5977efc548fc', 'ka-b2c'),
('9d543c7d-b067-4262-abe4-b71bd1086e27', 'ka-b2c'),
('6335de35-8ce4-4471-99cb-8afe09a091da', 'ka-b2c'),
('ce6c0277-34e4-4221-8be8-300df4b50eca', 'ka-b2c'),
('4c4219ca-bfe5-4695-823f-637ec73385c9', 'ka-b2c'),
('1ecbfde8-e2b6-4246-aad3-df534e89be41', 'ka-b2c'),
('4edc4507-b883-427d-87d9-0de94ca317cf', 'ka-b2c'),
('c4f7101a-c3da-4614-8319-9cb9758756cb', 'ka-b2c'),
('905be1b4-34d8-4a50-9916-181031f12f94', 'ka-b2c'),
('203b84b3-0fce-449b-a6ca-9a5487d9129a', 'ka-b2c'),
('e3e686fc-015d-4a6b-b4db-d7acd8aad913', 'ka-b2c'),
('5da6e1a2-c59f-4a6f-ba77-a5f9d3d652fb', 'ka-b2c'),
('ab634653-d59c-448a-9aa5-a55b76b7e65d', 'ka-b2c'),
('7f7a5b17-7b28-4299-a47e-61f17092a5fd', 'ka-b2c'),
('31f51b2e-36d2-4f53-97b2-39bbe4d59d67', 'ka-b2c'),
('181d692f-5be9-4083-b124-df444acae2ee', 'ka-b2c'),
('e173e0c8-826e-4777-b03c-59da0e3b02f5', 'ka-b2c'),
('2e990f58-7c01-4d9a-a5dd-a995a46a7bc7', 'ka-b2c'),
('d2435493-ae27-4134-b411-4b7e85d6c565', 'ka-b2c'),
('ec9be908-b6ad-4db4-a05d-7bbe8d9cbead', 'ka-b2c'),
('641c21c3-ec24-450b-8fda-474dae06ca76', 'ka-b2c'),
('f09a513e-a300-429d-9e39-aac4b98630c4', 'ka-b2c'),
('14b71a3d-59be-4ec4-973c-960a5cf16290', 'ka-b2c'),
('87a9d9cd-61fd-472d-965f-3c8e6fab773c', 'ka-b2c'),
('e4a983b1-0f58-4cc5-9d73-018f4663a1b1', 'ka-b2c'),
('e3a9dd36-3023-47a5-8ecc-c1696a0e3efd', 'ka-b2c'),
('aba3383d-0353-4966-b70d-e786dacc30dc', 'ka-b2c'),
('4141733f-3f3b-42b4-8694-9ec56ee25fa6', 'ka-b2c'),
('40b03555-8a92-4ba1-854c-84c04c41fad5', 'ka-b2c'),
('0d307341-e957-4a7b-97e8-c1c22348e848', 'ka-b2c'),
('4654fd7c-d9f6-4efb-9ca1-169299178195', 'ka-b2c'),
('5ba92c61-d6e0-43d6-81cb-5b77a44a3b5a', 'ka-b2c'),
('fa76e7d6-af21-4398-854f-e6eb3ede7823', 'ka-b2c'),
('4f083bab-4928-41a4-b930-bc0f6baa6eed', 'ka-b2c'),
('7b164f9b-e251-460f-beb6-0a7744877a52', 'ka-b2c'),
('f44a224f-ca08-4a58-808b-e86b308f40d4', 'ka-b2c'),
('17afbcab-964f-4129-9e8d-fb3222c89703', 'ka-b2c'),
('b698b1b2-9246-49a7-a6fa-c8ff2be8b079', 'ka-b2c'),
('e5975223-655f-439a-a810-1a663cf8c433', 'ka-b2c'),
('00bce209-1548-4c4a-8038-1932365d8abd', 'ka-b2c'),
('5f5a4825-06c3-4ff9-b7d4-8cb20c859146', 'ka-b2c'),
('084e674b-08c1-4141-ae8f-3afa6380f7a8', 'ka-b2c'),
('aa202ca5-f442-47ba-be61-3e2ee4fb9798', 'ka-b2c'),
('2f2684af-ab05-4f59-a00f-0ea5e896e9a7', 'ka-b2c'),
('6361e28e-f4a1-4283-8def-a5e2a35ee75b', 'ka-b2c'),
('00da0385-00ad-4576-9dc7-5b29515be6b0', 'ka-b2c'),
('5ea8871d-906c-46c9-94e6-e687366cf19d', 'ka-b2c'),
('df112ced-48b1-4891-a659-4cf89dfa7028', 'ka-b2c'),
('041dffc7-e64b-44ab-b249-2c4c3a87f62a', 'ka-b2c'),
('395b1fe0-3b45-4824-add5-c63c1bf61653', 'ka-b2c'),
('8af8027a-debf-47fc-854f-0acba47a5723', 'ka-b2c'),
('1368710d-c754-4699-a96b-ca3a35f44dff', 'ka-b2c'),
('3a9cbe44-00f2-47a8-a715-35033baab37a', 'ka-b2c'),
('0efa77c3-3522-466e-8341-348f5eb5ab2a', 'ka-b2c'),
('1f925e1a-9482-4197-bcab-98709b05bcbf', 'ka-b2c'),
('c24e8e13-cb48-4c67-b31a-1eeec1966d32', 'ka-b2c'),
('a4e91c65-7def-4452-aa77-7707e922d621', 'ka-b2c'),
('d89e2457-a689-41cc-9f50-3a423fe1d70a', 'ka-b2c'),
('936b81f5-26ad-4d30-b938-b7bf64b67144', 'ka-b2c'),
('45f1c0e9-c057-4a5b-bc5b-59399757c438', 'ka-b2c'),
('27d2af42-b9b4-4ca8-a9c4-746d8d2f554c', 'ka-b2c'),
('3b83ddba-f539-4dea-9c71-e498cfdb313b', 'ka-b2c'),
('4131afad-31a8-4830-bfca-c9951334276d', 'ka-b2c'),
('7761ab43-9432-4035-9124-7017078f55b0', 'ka-b2c'),
('b99b6988-b4f7-467e-a53b-b645e018d277', 'ka-b2c'),
('febcdd65-74f6-4c03-93bd-26e06225116b', 'ka-b2c'),
('a4caa0cd-3211-42b0-9efa-cf2ce4d967bc', 'ka-b2c'),
('a13aded9-372a-478d-9f94-06ff4ec21761', 'ka-b2c'),
('31bc3f81-aff4-44a1-9e3f-5a6df1f18ae5', 'ka-b2c');
