-- Batch 97 (200 records)
INSERT INTO contacts (id, first_name, last_name, email, phone, company, address) VALUES
('f7ffc214-8634-4deb-9c5c-6c8b8ecf657c', 'Rohrer Peter und Rita', '(-Durrer)', 'peter-rohrer@gmx.ch', '', NULL, 'Brünigstrasse 58, 6072 Sachseln, OW'),
('0cca1d3a-bcdb-44ff-bd8f-9d884553615f', 'Rohrer Peter und Ursula', '(-Brunner)', 'rohrer@evard.ch', '41794471880', NULL, 'Grossried 9, 2565 Jens, BE'),
('9995d034-7654-4182-a610-e451a8f60c3a', 'Rohrer Regina', '(-Nafzger)', 'rohrer.regina@bluewin.ch', '41765585501', NULL, 'Huberstrasse 13A, 3008 Bern, BE'),
('187d401b-2114-44e0-bebd-1285dbc7ce4a', 'Rohrer', 'Ruth', 'ru.rohrer@bluewin.ch', '', NULL, 'Allemannweg 12, 7000 Chur, GR'),
('c85ec04e-35ba-44d2-86ca-a0b4f460f761', 'Rohrer Thomas und Margrit', '(-Odermatt)', 'thomaegy@bluewin.ch', '', NULL, 'Büttenenhalde 25, 6006 Luzern, LU'),
('f9dff25a-4dc9-4e17-a92a-54726e11dde5', 'Rohrer Toni und Renate', '(-Elsener)', 'renata.rohrer@datazug.ch', '', NULL, 'Winzenbachstrasse 2, 6345 Neuheim, ZG'),
('98817afa-cb1d-4f98-91d8-4bda7f1e71ad', 'Rohrer', 'Urs', 'u.-o.rohrer@bluewin.ch', '41794874712', NULL, 'Klappergasse 7, 5612 Villmergen, AG'),
('b653610a-8353-48c5-924a-923e05b9d05f', 'Rohrer', 'Walter', 'walterrohrer@bluewin.ch', '41795229400', NULL, 'Chapfli 20, 6072 Sachseln, OW'),
('cb011e7b-feae-4797-9f5b-29133cfc027e', 'Rohrer Walter', 'Felix', 'mail@rohrercoaching.ch', '', NULL, 'Mühletalstrasse 12A, 3110 Münsingen, BE'),
('630124dc-481e-4e38-9dba-7528c8119a95', 'Roling Trevor J.', '(-Raschle)', 'tjr@bluewin.ch', '41796712424', NULL, 'Im Felix 32, 8545 Rickenbach Sulz, ZH'),
('d5ddbe23-ab47-42f0-8fdb-5205c44a0244', 'Rollat', 'Daniel', 'whitebearli@hotmail.com', '41794265831', NULL, 'Unterdorf 1, 5014 Gretzenbach, SO'),
('c45ecc61-8dd5-4dfc-9d12-5e771c53934e', 'Rölli Anton und Vreni', '(-Zihlmann)', 'anton.roelli@bluewin.ch', '', NULL, 'Grisigenstrasse 29, 6048 Horw, LU'),
('41f70102-fa35-4318-9e52-1702d158bee4', 'Rölli Bruno und Sabrina', '(-Erni)', 'info@mcfleischag.ch', '', NULL, 'Kantonsstrasse 9, 6207 Nottwil, LU'),
('fb7f8447-dd33-47c6-89b4-7d619fbf6181', 'Rölli Charles und Barbara', '(-Schön)', 'barbararoelli@bluewin.ch', '41793547870', NULL, 'Nunwil 18, 6283 Baldegg, LU'),
('1ddf8cdf-892f-48bd-97b8-14f4897a30f5', 'Rolli Elisabeth und Reto', '(-Erb)', 'info@rolli-apotheken.ch', '41794357616', NULL, 'Gempenweg 32, 4144 Arlesheim, BL'),
('82545147-3391-4890-9ea2-deb6eb76934b', 'Rolli Fritz und Margrith', '(-Aeschacher)', 'frumag@hispeed.ch', '', NULL, 'Belpbergstrasse 28A, 3115 Gerzensee, BE'),
('1ca5f8b4-98fe-4dc1-8497-6ce75e079825', 'Rolli', 'Hans', 'hans.rolli_hr@bluewin.ch', '41797110535', NULL, 'Endweg 58, 3818 Grindelwald, BE'),
('8c691fdf-bf66-4c31-aa69-7b3806b2e002', 'Rolli', 'Hansjörg', 'hj.rolli@bluewin.ch', '41796228571', NULL, 'Holländerstrasse 80, 8707 Uetikon am See, ZH'),
('0d06304b-e870-4da8-b69d-14bfa07cae3c', 'Rölli', 'Karl', 'info@karlroelli.ch', '', NULL, 'Chäppeli 2, 6264 Pfaffnau, LU'),
('640cb141-e89d-4f42-bfc8-68cbdbf9d16d', 'Rolli Martin und Margrith', '(-Wälchli)', 'rollifam@sunrise.ch', '', NULL, 'Untere Haltenstrasse 12, 3625 Heiligenschwendi, BE'),
('bc6d99d0-8462-4508-af2c-c07f298cdffc', 'Rolli Michael und', 'Heike', 'michael@rollis.ch', '', NULL, 'Minderweg 17, 3400 Burgdorf, BE'),
('ea146f20-6c97-4827-9251-ef93086e6480', 'Rölli', 'Othmar', 'othmar.roelli@raonet.ch', '', NULL, 'Hinterbergring 9, 6260 Reiden, LU'),
('3c1b7144-032e-450e-92fe-ffd3e9ba661d', 'Rölli Richie', 'Erich', 'richero@gmx.ch', '41794226192', NULL, 'Waldweg 6, 6005 Luzern, LU'),
('823f23ce-9c9c-4988-9048-e861371ec70a', 'Rolli Robert', '(-Widmer)', 'info@rrroseware.ch', '', NULL, 'Schenkenberg 144D, 5112 Thalheim AG, AG'),
('6f0e4aa2-95c5-4fdf-a7d0-7b7dd9ede45a', 'Rolli', 'Werner', 'info@fotorolli.ch', '41797744580', NULL, 'Neumattweg 3, 5034 Suhr, AG'),
('b30aefb9-96d5-493d-9fc2-25dc4787c03b', 'Rollier', 'Georges-André', 'georges-andre.rollier@bluewin.ch', '41793526320', NULL, 'Route de Diesse 12, 2518 Nods, BE'),
('e8238815-953b-46dc-8c6e-61ebf79beefa', 'Röllin', 'Bruno', 'bruno@diemacher.info', '', NULL, 'Rebbergstrasse 174, 5237 Mönthal, AG'),
('535ea892-8aee-45cf-af1e-21228c6e1419', 'Röllin Susanne und Beat', '(-Landis)', 'famroellin@bluewin.ch', '41794063247', NULL, 'Oberdorfstrasse 1, 8800 Thalwil, ZH'),
('80aba993-8827-4e1a-a2a0-c8468fedf405', 'Röllin Urs und', 'Gerda', 'urs.roellin@bluewin.ch', '', NULL, 'Dorfstrasse 66, 5210 Windisch, AG'),
('20650d6d-7faf-4036-abc4-a75b3de68e2e', 'Rom Elisabeth und Bernhard', '(-Aebi)', 'romau2@bluewin.ch', '41793352284', NULL, 'General-Werdmüller-Strasse 49, 8804 Au ZH, ZH'),
('bdb75c4b-3d2c-4d1f-911e-e46d60132390', 'Rom Karin', '(-Biedermann)', 'karinrom@bluewin.ch', '41763400215', NULL, 'Tscharnerstrasse 12A, 3007 Bern, BE'),
('ff2de1de-3752-4145-86ea-afb73440bdb5', 'Roman', 'Ruth', 'ruth@roman.ch', '', NULL, 'Maneggpromenade 132, 8041 Zürich, ZH'),
('670a9cee-a810-489b-b8fc-0334acd8c82d', 'Romana', 'Anja', 'anjazinsli@gmail.com', '41787575037', NULL, 'Austrasse 7A, 7000 Chur, GR'),
('aafd6063-39bd-4a4c-8fa2-2cd66e481c35', 'Romanelli Johnny und Silvia', '(-Merki)', 'romanelli@gmx.ch', '', NULL, 'Im Kirschgarten 39, 4102 Binningen, BL'),
('f0347ccc-3617-4dea-9b25-4f56879fd4ad', 'Romang Marcel und Karin', '(-Kunz)', 'mromang@vaudoise.ch', '41793211958', NULL, 'Alte Strasse 42, 3778 Schönried, BE'),
('e5984071-817e-4c84-bfe7-224a217264e8', 'Romann Heinz und Silvia', '(-Landert)', 'h.romann@gmx.ch', '', NULL, 'Strittackerstrasse 25, 8406 Winterthur, ZH'),
('5963d22d-e8d6-414d-9d94-751d4f55b447', 'Romann Robert und Verena', '(-Lehmann)', 'robert.romann@bwgthun.ch', '', NULL, 'Dahlienweg 24, 3604 Thun, BE'),
('15ac103e-a6b3-4834-a5a4-bc8a9430d661', 'Romann Ursula', '(-Meer)', 'ursula-romann@bluewin.ch', '41796287492', NULL, 'Mühlegasse 14, 4563 Gerlafingen, SO'),
('20b96e5b-ae77-4c84-879f-ce6487df41b9', 'Romano Di Flaviano Angelo und', 'Andrea', 'a.aromano@bluewin.ch', '', NULL, 'Poststrasse 216, 8957 Spreitenbach, AG'),
('f90c2ddc-9844-45d0-816f-b67af456405b', 'Romano Isabelle und', 'Gabriel', 'rg@swissonline.ch', '41794150505', NULL, 'Buchenweg 7, 3627 Heimberg, BE'),
('b695e064-ad49-454b-8860-818243d22f2b', 'Romano', 'Peter', 'promowi@bluewin.ch', '41794032216', NULL, 'Untere Kesselrietstrasse 5, 8492 Wila, ZH'),
('e9e12b44-fa5b-4fc6-88d5-1db9118c5466', 'Romano', 'Salvatore', 'salvatore_romano@jesus.ch', '41765224981', NULL, 'Schaufelweg 86, 3098 Schliern b. Köniz, BE'),
('e537ab60-24e8-473c-9210-0ab01405502a', 'Romano', 'Vincenzo', 'info@casaromano.ch', '', NULL, 'Hauptstrasse 20, 9400 Rorschach, SG'),
('17a3a4f4-754f-49ca-bac0-97b5577cf3df', 'Romanutti Silvia und Chester', '(-Nideröst)', 'romanutti@swissonline.ch', '', NULL, 'Leuenweg 6, 8132 Hinteregg, ZH'),
('c5886f83-09f6-4437-b6a8-1819f4ebfa4c', 'Rombach', 'Gabriela', 'g.rombach@bluewin.ch', '41796554266', NULL, 'Hembergerstrasse 34, 9630 Wattwil, SG'),
('40819e96-c577-4c1f-abea-1e8df1d377b5', 'Romegialli Rico und Edmée', '(-Veltman)', 'edmee.romegialli@hispeed.ch', '41792759962', NULL, 'Rebenstrasse 30, 8307 Effretikon, ZH'),
('d439ea46-d857-42ed-95ec-d83c48420b65', 'Romeo Antonietta und Vito', '(-Sbriglio)', 'fromeo@bluewin.ch', '41765221775', NULL, 'Amselweg 43, 4528 Zuchwil, SO'),
('96fdd3a8-1abb-4f07-bccb-e259fbc358d0', 'Romeo Fabio, Katrin und Emanuele', '(-Cicala)', 'fromeo@buewin.ch', '41764676263', NULL, 'Hauptstrasse 48, 4522 Rüttenen, SO'),
('9824c5e2-68df-46f0-b7f3-f11682f63715', 'Romer Albert', '(Alberto)', 'romer@romerexpert.ch', '', NULL, 'Luzernerstrasse 10, 5712 Beinwil am See, AG'),
('1c236b11-5221-4c20-8364-afb15ae19c8e', 'Römer Hanny', '(-Weibel)', 'hanny.roemer@bluewin.ch', '41794022076', NULL, 'Schützenstrasse 31, 8808 Pfäffikon SZ, SZ'),
('9e146144-fd49-4c42-bb92-3bb59cfe1aa9', 'Römer', 'Jacqueline', 'ja.ni.roemer@bluewin.ch', '', NULL, 'Neuenburgstrasse 24, 2505 Biel/Bienne, BE'),
('694c0a3a-e7ae-4a5d-b397-7a90bf018f84', 'Römer', 'Josef', 'josef_roemer@bluewin.ch', '41794009681', NULL, 'Allmeindstrasse 55, 8854 Galgenen, SZ'),
('10c23e20-18b7-4a9f-a966-de93184e10cc', 'Romer Silvan und Josy', '(-Mächler)', 'silvan.romer@bluewin.ch', '', NULL, 'Untere Rainstrasse 20, 6340 Baar, ZG'),
('f27a0368-45a8-4338-97fd-2209ce66ab51', 'Romer', 'Tino', 'tino@tinoromer.ch', '41764297878', NULL, 'Zugerstrasse 20, 6340 Baar, ZG'),
('62bb154b-917f-484d-a765-3fce2973ec3d', 'Römer Trudy und', 'Ruedi', 'trudy.roemer@bluewin.ch', '41793117021', NULL, 'Chlyne Twann 20, 2513 Twann, BE'),
('0d0acaae-28ad-42b3-8a09-2b28242d83a9', 'Romer', 'Ursina', 'ursina@ursana.ch', '', NULL, 'Zihlstrasse 24, 5712 Beinwil am See, AG'),
('7e62298c-2e4e-4b7b-a6da-baa04ca41ce0', 'Rominger Lars u. Jolanda', '(-Hänny)', 'rominger@kunststofftechnik.ch', '', NULL, 'Bleick 3B, 6313 Edlibach, ZG'),
('6702cc71-aa43-4fec-b768-5b07dc4c885e', 'Rominger Roger und Martina', '(-Masüger)', 'fexerlamm@bluewin.ch', '41796977882', NULL, 'Via Cartinellas 9, 7514 Fex, GR'),
('6d58c6cd-9f36-4597-90ab-90e8ce32f20a', 'Rommel', 'David', 'mediquant@protonmail.com', '', NULL, 'Unterer Graben 17, 8400 Winterthur, ZH'),
('872b1977-d648-4693-9f96-3e2486af598c', 'Römmel Hanspeter und Margaritha', '(-Gmür)', 'hp.roemmel@glattnet.ch', '', NULL, 'Scheibenbühlstrasse 25, 8305 Dietlikon, ZH'),
('cf174a45-5c4a-44a9-9e5f-0f6657f5af40', 'Rommel', 'Nikolaus', 'nikirommel@bluewin.ch', '41793538885', NULL, 'Untergstaadstrasse 7, 3780 Gstaad, BE'),
('bd2acffa-0ba5-493f-b3fc-871c3f9041af', 'Romualdi Gianfranco und Esther', '(-Stettler)', 'gianni.romualdi@gmail.com', '', NULL, 'Obere Hinterwies 5, 9042 Speicher, AR'),
('3bb50676-2da2-4522-9534-c57384290a65', 'Ronchis Ido und Sidonia', '(-Leuzinger)', 'ido.ronchis@sunrise.ch', '', NULL, 'Wäseliweg 1, 9475 Sevelen, SG'),
('9e8effb9-716d-4b07-9762-08621d14012b', 'Ronconi', 'Elio', 'info@ronconi.ch', '41788232295', NULL, 'Frauenfelderstrasse 10, 8560 Märstetten, TG'),
('d40daff8-0b9c-43a6-bd87-cf258e230d89', 'Ronner Fabienne', 'Cécile', 'info@farowell.ch', '41787953531', NULL, 'Ygrubenstrasse 4, 8750 Glarus, GL'),
('029df361-048b-46fa-bc1e-401e2db1367c', 'Ronni Nicole', '(-Schindler)', 'nischindler@bluewin.ch', '41795078700', NULL, 'Hirschengutstrasse 25A, 8872 Weesen, SG'),
('92077e6e-099c-4195-a1fd-d3d1a636d834', 'Roos Angelo und Erika', '(-Rohrer)', 'aeroos@bluewin.ch', '41795454577', NULL, 'Sagenmattli 2, 6062 Wilen (Sarnen), OW'),
('22866db7-b2cf-4287-b212-c751c68c67ca', 'Roos Beat und Priska', '(-Enz)', 'vierroos@bluewin.ch', '41774014859', NULL, 'Büntenweg 9, 6232 Geuensee, LU'),
('a0879f0c-c77b-4b2b-acfd-6e7ac50d4152', 'Roos Muff', 'Franziska', 'roos.franziska@datazug.ch', '', NULL, 'Eichmattstrasse 99, 6333 Hünenberg See, ZG'),
('602f52a0-c88c-4a15-a325-201d1534cfac', 'Roose', 'Christiane', 'roose-langnau@hispeed.ch', '', NULL, 'Wildenbühlstrasse 64, 8135 Langnau am Albis, ZH'),
('bc49502f-cb4f-4e7d-b153-b99230322426', 'Röösli Kurt und Lilo', '(-Zimmerli)', 'kurt.roeoesli@bluewin.ch', '', NULL, 'Gasshof 7, 6014 Luzern, LU'),
('b63ba5ac-9d1e-4c7c-bc15-a1ea29541280', 'Röösli', 'Pius', 'pius.roeoesli@bluewin.ch', '41794039063', NULL, 'Gärtnerweg 5, 6010 Kriens, LU'),
('2a4cd9d0-b717-41f7-b5bf-85cf1df4daf0', 'Röösli', 'Thomas', 'contact@carabus.ch', '', NULL, 'Imfangstrasse 23, 6005 Luzern, LU'),
('88642235-191c-4124-b279-0a5a88b50b1a', 'Roost Jakob und Margrit', '(-Seiler)', 'cmcroost@bluewin.ch', '', NULL, 'Dachslenbergstrasse 57, 8180 Bülach, ZH'),
('9629caaa-92f9-459f-bcd1-8624c85591d3', 'Roost', 'Rudolf', 'ruedi.roost@hin.ch', '41792226014', NULL, 'Jurablickstrasse 56, 3095 Spiegel b. Bern, BE'),
('894d0f9e-28e2-4ecb-97b8-45423ef030eb', 'Roost Ursula und', 'Peter', 'peter.roost@peroo.ch', '', NULL, 'Amelenbergstrasse 41, 8472 Seuzach, ZH'),
('1aafda56-b1db-4ccb-91e6-e088fbee6b57', 'Rosamilia Gerardo und', 'Caroline', 'grosamilia@bluewin.ch', '41793800647', NULL, 'Korbackerweg 52, 5502 Hunzenschwil, AG'),
('e4318821-af01-4b3a-927d-4a58d3781ad3', 'Rosari Dante', 'Max', 'danterosari@gmail.com', '41793531123', NULL, 'Bümplizstrasse 104b, 3018 Bern, BE'),
('df2dbd20-b962-496b-9ff6-c4f236d2371f', 'Rosat', 'Nathalie', 'nathalie_rosat@bluewin.ch', '41795337444', NULL, 'Juraweg 1, 3053 Münchenbuchsee, BE'),
('569376d9-4c3c-48cb-a41e-1392391cb29c', 'Rösch Armin und Elsbeth', '(-Ramp)', 'hb9mfl@amsat.org', '', NULL, 'Schulhausstrasse 7, 4543 Deitingen, SO'),
('59b1bdbb-7237-45ae-ae94-4032790a4442', 'Rösch Blum', 'Patricia', 'patricia.roesch@bluewin.ch', '', NULL, 'Grütligasse 5, 8832 Wollerau, SZ'),
('9dcf6510-0219-4204-b189-2c3006e8732e', 'Rösch Christof', 'A.', 'ch.roesch@schigliana.com', '41793202008', NULL, 'Schigliana 183, 7554 Sent, GR'),
('5c4a655b-b881-49fc-827a-92c3d5c1e6d4', 'Rösch Hans und Marlies', '(-Stadelmann)', 'h.m.roesch@bluewin.ch', '41794154958', NULL, 'Seematte 1, 6214 Schenkon, LU'),
('8554f52f-aedd-461d-8d09-ff37d2de0272', 'Rösch Hanspeter und', 'Susanna', 'kreuz.limpach@bluewin.ch', '', NULL, 'Bätterkindenstrasse 3, 3317 Limpach, BE'),
('7d137f3b-93d6-4f02-bc67-e6ce1eb67e4d', 'Rösch', 'Markus', 'maler.roesch@gmx.ch', '41795346890', NULL, 'Industriestrasse 8, 5722 Gränichen, AG'),
('5304a53c-8326-4458-8bcb-315608832d1a', 'Rösch Stephan', 'Walter', 'stephan.roesch@bluemail.ch', '41792195161', NULL, 'Hardturmstrasse 106, 8005 Zürich, ZH'),
('96f52e2b-c8d1-4835-8454-23be6710d5d8', 'Roschi Heinz und Astrid', '(-Crotta)', 'heinz.roschi@gmx.ch', '', NULL, 'Thunstrasse 30, 3125 Toffen, BE'),
('e76d9817-eb5b-4307-b3fb-a8c06753f193', 'Röschmann', 'Hansruedi', 'hr@roeschmann.ch', '', NULL, 'Adlergut 21, 8750 Glarus, GL'),
('5803245d-d10c-4189-8bec-e4d7747d3c0f', 'Rose', 'Jacqueline', 'bomaroja@bluewin.ch', '', NULL, 'Hauptstrasse 39, 8259 Kaltenbach, TG'),
('92022d08-3d76-4b19-bef3-8f9c606c807d', 'Rosen Raoul', 'Roger', 'r.rosen@bluewin.ch', '', NULL, 'Panoramastrasse 31, 5043 Holziken, AG'),
('cc8ef322-9910-4793-a97e-c1c2446b38db', 'Rosenberg AG', 'Zahnarztpraxis', 'info@praxisrosenberg.ch', '', NULL, 'Hofstrasse 10, 8808 Pfäffikon SZ, SZ'),
('46b3f357-7a0e-4736-885d-27a515e6c43a', 'Rosenberg Elieser', '(-Noe)', 'elieser48@gmail.com', '', NULL, 'Zweierstrasse 177, 8003 Zürich, ZH'),
('d1084cfd-9683-4a7c-be3d-6ce18153468b', 'Rosenberg', 'Heinz', 'risc@swissonline.ch', '', NULL, 'Kindhauserstrasse 26, 8962 Bergdietikon, AG'),
('c69a772d-8937-4398-8824-d7ff5a20ed3c', 'Rosenberg', 'Jörg', 'joerg.rosenberg@projektrosenberg.ch', '41792463131', NULL, 'Schibeweidstrasse 7, 5624 Bünzen, AG'),
('92f294e6-953f-440d-85b2-dd25e2ab44db', 'Rosenberg', 'Martin', 'martin.rosenberg@windowslive.com', '41794197830', NULL, 'Sonnenhof 2, 6340 Baar, ZG'),
('de895bd3-907d-4475-8aba-499537267813', 'Rosenberg', 'René', 'rr.design@bluewin.ch', '41793027282', NULL, 'Dornacherstrasse 210, 4053 Basel, BS'),
('55d3f8bd-be81-46c1-85ce-2490c7639434', 'Rosenberger', 'Maya', 'maya.rosenberger@usz.ch', '', NULL, 'Hofackerstrasse 4, 8272 Ermatingen, TG'),
('2aa439dc-81bd-43ef-a7ce-92482ec01898', 'Rosenberger', 'Werner', 'w.rosenberger@bluewin.ch', '41797452812', NULL, 'Johannisburgstrasse 8, 8700 Küsnacht ZH, ZH'),
('78c4df1a-c016-47f7-a36d-d06baa41dc90', 'Rosenblum', 'Thomas', 'thomas@rosenblum.ch', '', NULL, 'Lessingstrasse 1, 9008 St. Gallen, SG'),
('2307531a-e63e-440a-a67c-11f581c17341', 'Rosenboom', 'Hans', 'rosenboom@sunrise.ch', '41796944846', NULL, 'Sandgrubenstrasse 21, 8330 Pfäffikon ZH, ZH'),
('b2d9ada9-6127-4533-b37a-a6cb0d671ace', 'Rosenfelder Karl und Katharina', '(-Graf)', 'c-rosenfelder@hispeed.ch', '', NULL, 'Rosenweg 5, 8725 Ernetschwil, SG'),
('8aca24b6-b080-4afc-a7e9-3dc1a1a94af9', 'Rosenheim', 'Ruth', 'rr.9333@yahoo.de', '41795667607', NULL, 'Gutstrasse 51, 8055 Zürich, ZH'),
('b64e6dfe-9569-4b0c-96ea-a14672427b38', 'Rosenkranz', 'Daniel', 'daniel.rosenkranz@datacomm.ch', '', NULL, 'Karlstrasse 10, 8610 Uster, ZH'),
('a0073ec1-766b-4937-9e1f-dd945580bb97', 'Rosenkranz René und Ruth', '(-Moser)', 'r.rosenkranz@bluewin.ch', '', NULL, 'Falknisstrasse 3, 7310 Bad Ragaz, SG'),
('2252f729-b3a9-45ac-9043-0e3339869ddc', 'Rosenkränzer', 'Bernhard', 'bero@lindev.ch', '', NULL, 'Obere Bitzi 5A, 8758 Obstalden, GL'),
('eea80c53-360c-458f-ae0b-dd270bda93a1', 'Rosenstand', 'Lars', 'lars@rosenstand.ch', '41793405993', NULL, 'Vorderbergstrasse 43, 6318 Walchwil, ZG'),
('1107d9c8-382a-4f6c-b46a-9de7f7785c35', 'Rosenthaler', 'Lukas', 'lukas.rosenthaler@unibas.ch', '41794225441', NULL, 'Ochsengartenweg 17, 4123 Allschwil, BL'),
('64b92136-1ce7-4d46-929f-87161525471e', 'Rosenthaler René und Gabriela', '(-Zgraggen)', 'rosi.hausen@bluewin.ch', '', NULL, 'Etzelstrasse 14, 8633 Wolfhausen, ZH'),
('cb5e0ac0-246b-4948-a09f-1ea42f24b218', 'Roser', 'Christian', 'chr_roser@bluewin.ch', '41793066294', NULL, 'Römerweg 12, 4132 Muttenz, BL'),
('7723e1c4-f656-4e23-83a0-de93aafdec84', 'Roser Hans W. und Hosch', 'Sabine', 'sabine.hosch@bluewin.ch', '', NULL, 'Spalenring 83, 4055 Basel, BS'),
('deb9ab22-0d9a-47da-860f-c65e5ec9fde6', 'Roser Urs und', 'Lilian', 'urs.roser@bluewin.ch', '', NULL, 'Homburgweg 10, 4144 Arlesheim, BL'),
('9b76e373-d252-4dd7-b6a7-6b47c921d1dc', 'Rosic', 'Katarina', 'info@muotadental.ch', '', NULL, 'Wilstrasse 10, 6436 Muotathal, SZ'),
('d19c69dc-e11e-47d7-960d-e1257051dc65', 'Rösli Ernst u. Margrith', '(-Straub)', 'roesli@swissonline.ch', '41792179909', NULL, 'Am Brunnenbächli 2, 8125 Zollikerberg, ZH'),
('2a94a323-304b-41f3-8fa4-aa43c28ef202', 'Rösli Hansulrich und Marianne', '(-Baumgartner)', 'hu.roesli@swissonline.ch', '', NULL, 'Althörnlistrasse 24, 8496 Steg im Tösstal, ZH'),
('73b1cd99-0faa-42f1-a513-45fb715a5f30', 'Rösli', 'Jrene-Beatrix', 'th.roesli@quickline.ch', '41763786923', NULL, 'Affeier 64, 7134 Obersaxen, GR'),
('53721060-649e-4b1f-a7cf-6f676d7995b4', 'Rösli Rolf und', 'Edith', 'roeslir@hispeed.ch', '', NULL, 'Sternenweg 5, 5212 Hausen AG, AG'),
('c6069165-6616-473a-a8e1-47aefd9ccb4d', 'Rosner Ursi und', 'Bethi', 'ursi.rosner@gmail.com', '', NULL, 'Lohwisstrasse 22, 8123 Ebmatingen, ZH'),
('225efcbf-4550-4b32-a6cc-0b254a9a1972', 'Rosolen Ulisse und', 'Beatrix', 'ulisse.rosolen@allianz-suisse.ch', '41797476787', NULL, 'Birmenstorferstrasse 1, 5243 Mülligen, AG'),
('59e51f59-490e-4841-943c-9ca05e36d628', 'Rossacher Christoph und Claudia', '(-Wild)', 'christoph.rossacher@bluewin.ch', '', NULL, 'Ringstrasse 16, 8903 Birmensdorf ZH, ZH'),
('535bdaf0-40f8-455f-9bd0-e528fcf6ec53', 'Rossé', 'Francis', 'francis.rosse@bluewin.ch', '41794727145', NULL, 'Brandschenkesteig 8, 8002 Zürich, ZH'),
('2599abd9-8518-4dbe-8849-f6b53794b546', 'Rossel', 'Bernhard', 'bernhard.rossel@besonet.ch', '41794341091', NULL, 'Eigerweg 15, 2543 Lengnau BE, BE'),
('6772fe07-6ed7-4bb9-97ba-4a5d13a38e28', 'Rossel Sylvia u. Louis', '(-Mittendorfer)', 'louis.rossel@victoria.ch', '', NULL, 'Aegeristrasse 29A, 6340 Baar, ZG'),
('b2d6275e-0ecd-45c3-85fd-a8276126936a', 'Rosset', 'Patrick', 'patrick.rosset@gmail.com', '41792477800', NULL, 'Am Stalden 12A, 3145 Niederscherli, BE'),
('8618e7fc-b5f8-44fb-90ad-42fa0e596670', 'Rossi Fabio', 'M.', 'fmrossi@bluewin.ch', '41792220255', NULL, 'Strada de la Fornás 12, 6565 S. Bernardino, GR'),
('fb4037e2-64a2-4bf1-b371-07e9d02511c2', 'Rossi', 'Luciano', 'lrossi@bluewin.ch', '', NULL, 'Loom 4, 8582 Dozwil, TG'),
('16b2a405-81bf-4b86-83ec-9afb62c2b5ab', 'Rossi Ricardo und Therese', '(-Zweifel)', 'rikiross@virgilio.it', '41763344051', NULL, 'Seefeldstrasse 108, 8008 Zürich, ZH'),
('8b1da434-b47b-4434-a613-3cf080c75b60', 'Rossi Silvano und Angela', '(-Wieser)', 'an_rossi@bluewin.ch', '41793786677', NULL, 'Stradun 124, 7524 Zuoz, GR'),
('82ed6d50-b728-4be9-b71f-83eab23dee58', 'Rossi', 'Walter', 'rossibau@gmail.com', '41794327481', NULL, 'Alte Aarburgerstrasse 60, 4852 Rothrist, AG'),
('6ab60d6f-55dc-4108-8d2c-2d5fbc0f110f', 'Rossiter Susanna', '(-Derendinger)', 'rossiter@bluewin.ch', '', NULL, 'Löwenstrasse 9, 8133 Esslingen, ZH'),
('9e5a322c-d320-4ed9-a897-f8c2263aa67f', 'Rössler Maja', '(-Oswald)', 'alrauna@bluewin.ch', '41787117253', NULL, 'Steppel 10, 8750 Glarus, GL'),
('301a0e09-52c6-4559-9781-5f36a9fa8c08', 'Rossy Robert et Madeleine', '(-Mundwiler)', 'roebrigi@hotmail.com', '41765692218', NULL, 'St. Gallerstrasse 200, 9200 Gossau SG, SG'),
('d4cada0b-2542-4090-a608-7e39fbb5a8ec', 'Röst Helen und', 'Joe', 'h.roest@hotmail.com', '', NULL, 'Obere Prätschwaldstrasse 7, 7058 Litzirüti, GR'),
('629f1f1f-abd0-43ec-9033-1b45f10758e5', 'Rostetter', 'Reto', 'rrostetter@bluewin.ch', '41792610072', NULL, 'Via dalla Resga 26, 7403 Rhäzüns, GR'),
('bf0eff96-8214-4d9b-994d-8e3efebe678e', 'Rösti', 'Adolf', 'a.roesti@bluewin.ch', '', NULL, 'Reichenmattestrasse 12, 3714 Frutigen, BE'),
('b326dfb3-a2d7-4a74-9791-71122d2a8158', 'Rota Doriano und', 'Doris', 'doriano.rota@solnet.ch', '', NULL, 'Marsstrasse 3, 4500 Solothurn, SO'),
('17cdbe41-00ff-4d77-b85d-65f6ef379fe2', 'Rota Karin', '(-Huber)', 'karin.rota.huber@me.com', '41797863006', NULL, 'Universitätstrasse 87, 8006 Zürich, ZH'),
('c8a7783c-f6ca-4808-a59b-8fa9ecbae2d2', 'Rotach', 'Ulrich', 'ueli.rotach@hispeed.ch', '', NULL, 'Lilienweg 3, 8952 Schlieren, ZH'),
('e41696f0-7961-417a-9ad1-9127f055e39a', 'Roth Agnes und Roland', '(-Beyeler)', 'rothbeyeler@bluewin.ch', '41797933254', NULL, 'Am Rain 18, 4419 Lupsingen, BL'),
('f21462a9-3540-423b-a11e-ad1cf5e43f94', 'Roth', 'Alex', 'alex@redmedia.ch', '41796757638', NULL, 'Biserhofstrasse 17, 9011 St. Gallen, SG'),
('5749845e-8699-4be6-937e-8cba508172d2', 'Roth', 'Alexandra', 'alexandra.roth@magicpaws.ch', '41793282113', NULL, 'Riedholzstrasse 3, 4535 Hubersdorf, SO'),
('57648ef7-c4d4-47d5-be1c-19d073c0c7fd', 'Roth', 'Ariane', 'kontakt@ariroth.ch', '41796716662', NULL, 'Meinrad-Lienert-Strasse 23, 8003 Zürich, ZH'),
('9fc5eb3c-48a7-476f-87a7-952546add612', 'Roth Beat und Nicole', '(-Meyer)', 'beatroth@gmx.ch', '', NULL, 'Zwidellen 35A, 5070 Frick, AG'),
('fab36f21-5685-4d93-b5f6-188848d72ca9', 'Roth', 'Christian', 'chrigelroth@bluewin.ch', '', NULL, 'Sonnenweg 2, 5607 Hägglingen, AG'),
('bc5a5bec-4722-4e51-800b-34e0950f1f25', 'Roth Christoph und Heidi', '(-Naef)', 'info@hafnerei.ch', '', NULL, 'Jonenbachstrasse 5, 8911 Rifferswil, ZH'),
('457f33fa-ad80-40d1-a21b-7826d17b99a3', 'Roth', 'Daniel', 'info@globalit.ch', '41796563333', NULL, 'Rainweg 17, 3626 Hünibach, BE'),
('91768b6b-9bc4-4ee6-898c-de65644a3e33', 'Roth Daniel und Monika', '(-Brunner)', 'd.roth@swissonline.ch', '', NULL, 'Baumgartenweg 6, 6207 Nottwil, LU'),
('a5013554-1493-450d-9555-5d742f4e6848', 'Roth Daniela und Bornet', 'Pascal', 'pascal.bornet@strickerei.eu', '', NULL, 'Dorfstrasse 5, 3555 Trubschachen, BE'),
('43a56fde-5ff4-4605-b6ff-bbde53b6d1df', 'Roth', 'Ernst', 'ernst.roth@gmx.ch', '41792752753', NULL, 'Veja da Stuls 13, 7482 Stugl/Stuls, GR'),
('9fd55a48-85a7-4882-bdd6-d82b77d45df5', 'Roth Frédéric E.', '(-Cuzquén)', 'f.roth@sunrise.ch', '', NULL, 'Breitfeldstrasse 1, 3014 Bern, BE'),
('007798fd-86aa-4ae5-b3e8-069f75dbdc56', 'Roth Fritz und', 'Alexandra', 'info@weid-hof.ch', '', NULL, 'Weid 350, 9621 Oberhelfenschwil, SG'),
('c2b2e702-68a3-4b4e-9958-dc382423174b', 'Roth Hans Jörg und Erika', '(-Erni)', 'info@roth-dettighofen.ch', '', NULL, 'Burgstrasse 2, 8505 Dettighofen, TG'),
('fd5cb188-0742-47ea-9593-3619610750bd', 'Roth Hans u. Ursula', '(-Schneider)', 'handworkatelier@bluewin.ch', '41796571749', NULL, 'Meierhofweg 10, 5024 Küttigen, AG'),
('3154c0a1-0732-4776-9828-042a3b623576', 'Roth', 'Heinz', 'hellish@gmx.net', '', NULL, 'Reiserstrasse 118, 4600 Olten, SO'),
('ec49589d-0bba-4d68-b848-9b8697d8ac8d', 'Roth Heinz u.', 'Romy', 'fs_roth@bluewin.ch', '', NULL, 'Titlisstrasse 6, 4665 Oftringen, AG'),
('37e7ab7d-7799-40d1-8802-442e1a52fb3c', 'Roth', 'Heiri', 'roth.zaunbau@gmail.com', '', NULL, 'Lattenwaldstrasse 55, 9453 Eichberg, SG'),
('8450aa21-ae37-4e1f-b12f-530c6984b007', 'Roth Hugo und Ursula', '(-Althaus)', 'roth-althaus@bluewin.ch', '41792998317', NULL, 'Säntisstrasse 1, 8472 Seuzach, ZH'),
('cdd28e2e-a826-4181-902a-60de0020e950', 'Roth', 'Jakob', 'rothjakob@bluewin.ch', '41794231903', NULL, 'Hengartensteig 69, 9608 Ganterschwil, SG'),
('c5b8949b-994c-4d3e-b5fa-b3c01befd146', 'Roth Jochen und Diana', '(-Hammer)', 'info@struppi.ch', '41792312906', NULL, 'Oelackerweg 2, 5725 Leutwil, AG'),
('45a5ccc2-17a7-4a78-9cc0-e904e2d46cf7', 'Roth Jytte und Helmut', '(-Christensen)', 'roth-christensen@bluewin.ch', '', NULL, 'Talstrasse 20, 5103 Wildegg, AG'),
('1e5626c1-3263-4740-9feb-9c365c0ac2f7', 'Roth', 'Karin', 'rkg@fit-for-ever.ch', '', NULL, 'Am Wildbach 7, 8320 Fehraltorf, ZH'),
('1609bbef-19f1-4c39-bd64-2cde43dff0c0', 'Roth', 'Karl', 'karo58@bluewin.ch', '', NULL, 'Hofwiesenstrasse 4, 8330 Pfäffikon ZH, ZH'),
('34e30bd1-0468-42ac-8764-4aad54f8a144', 'Roth Maria', '(-Gubser)', 'maria.rolf.roth@gmail.com', '', NULL, 'Plattenstrasse 134, 8706 Meilen, ZH'),
('ac206bc0-0628-4e5b-bb17-11fed300e5eb', 'Roth Matthias und Ruth', '(-Fiechter)', 'mr@roth-melchnau.ch', '', NULL, 'Neustrasse 4, 4917 Melchnau, BE'),
('20d14d1b-c2c4-438d-b69a-e23f9e84f3d0', 'Roth Max und Christoffel', 'Martina', 'roth.max@bluewin.ch', '', NULL, 'Tannenrauchstrasse 101, 8038 Zürich, ZH'),
('36a2f9e2-08e2-4c89-ab73-f9ec72623081', 'Roth Max und Lilo', '(-Berchtold)', 'max.roth@yetnet.ch', '41793772992', NULL, 'Rainweg 11, 5105 Auenstein, AG'),
('c6257d8d-7d45-4f1d-8524-2241aab41a3b', 'Roth', 'Nathan', 'nathan78@hispeed.ch', '', NULL, 'Florastrasse 15, 7000 Chur, GR'),
('7b62ed8c-5ce7-40d2-bf17-6c845489d7b6', 'Roth', 'Oliver', 'oli.roth@olisweb.ch', '41793419175', NULL, 'Talacher 16, 6253 Uffikon, LU'),
('0b0fd085-3db3-4e07-93e8-355a2eef8efe', 'Roth', 'Pascal', 'pascal.roth@gmail.com', '41792504188', NULL, 'Hauptstrasse 18, 2556 Schwadernau, BE'),
('56893af8-ab0a-4db7-a4ca-16859264ca30', 'Roth Patrick und', 'Mariola', 'patrick@patrock.com', '', NULL, 'Ahornweg 9, 8134 Adliswil, ZH'),
('2eb1580d-ebe5-4668-af4c-f9b64b5673a4', 'Roth Patrick und Sandra', '(-Betschart)', 'sz19546@me.com', '41796573408', NULL, 'Obdorf 15, 6430 Schwyz, SZ'),
('6a2db4cc-324e-4ffe-a814-b5b75eaf4b91', 'Roth', 'Peter', 'rothfam@bluewin.ch', '41787198900', NULL, 'Hochhausstrasse 20, 9472 Grabs, SG'),
('05d718e5-f6f6-465c-808a-ac8d011a86cf', 'Roth', 'Peter', 'roth.p@hispeed.ch', '', NULL, 'Husmatt 18, 5405 Dättwil AG, AG'),
('c3033189-2015-493a-8b71-fb229bd542c0', 'Roth', 'Peter', 'peter.roth@rauchkammer.ch', '41796179918', NULL, 'Steinenbühlstrasse 3, 5417 Untersiggenthal, AG'),
('aab440e8-07bd-46cb-815f-4ae7ded9b731', 'Roth', 'Peter', 'roarch@swissonline.ch', '', NULL, 'Zinkereistrasse 14b, 8633 Wolfhausen, ZH'),
('11f9f311-e2c8-4d39-8f4f-b7506cd484d3', 'Roth Peter und', 'Sara', 'roth.pit@gawnet.ch', '41792226224', NULL, 'Mätteliweg 1, 4710 Balsthal, SO'),
('af37ad50-0a39-406b-9863-b50bcfdc4e98', 'Roth Pia und', 'Heinz', 'h.roth.dentist@bluewin.ch', '', NULL, 'Unterfeldstrasse 7D, 8500 Frauenfeld, TG'),
('94cf5b06-9fd7-4ba7-93dd-8b785fbb41e2', 'Roth', 'Rafael', 'rroth@berufsfeuerwehr.ch', '41794291794', NULL, 'Höhenring 24, 8052 Zürich, ZH'),
('16693355-325f-4df5-a0de-291efc519dd6', 'Roth René und', 'Daniela', 'roth@ga-ro.ch', '41793562927', NULL, 'Otterbachstrasse 4, 3673 Linden, BE'),
('e8de4979-4fee-4b18-baf7-058dd3ca9ef5', 'Roth', 'Reto', 'reto@roth-motorsport.ch', '41794058710', NULL, 'Branziring 2B, 8303 Bassersdorf, ZH'),
('04bf04ab-1f8f-4df0-9103-101d8468e5fb', 'Roth', 'Roland', 'info@rothstoren.ch', '', NULL, 'Bielhölzliweg 7, 3253 Schnottwil, SO'),
('f95a3e26-cfed-4752-9dcc-b01412f77659', 'Roth', 'Rolf', 'rolfroth1@bluewin.ch', '41764558026', NULL, 'Burgackerstrasse 13, 8260 Stein am Rhein, SH'),
('9f45b2c9-a53f-47ac-a884-034f41ede64d', 'Roth', 'Rolf', 'katzenrolf92@bluewin.ch', '41774478534', NULL, 'Kreuzstrasse 15, 5737 Menziken, AG'),
('8f68da85-e96a-46ac-8fc0-0c0846d8e239', 'Roth', 'Rudi', 'rudolf.roth@vtxmail.ch', '', NULL, 'Mühlegässli 22, 3150 Schwarzenburg, BE'),
('11ff67e4-3837-4115-acc3-dbd756c8f87a', 'Roth Rudolf und', 'Ruedi', 'ruedi.b.roth@sunrise.ch', '41763845428', NULL, 'Schützengasse 41, 2502 Biel/Bienne, BE'),
('b6866e26-8fb9-4905-8313-c498ca55fc16', 'Roth Ruth und Peter', '(-Höchli)', 'famroth@bluewin.ch', '41794553019', NULL, 'Obermattenweg 11, 5313 Klingnau, AG'),
('96e3bf21-4ee9-4753-8806-a94ccf6de954', 'Roth Samuel u.', 'Hildi', 'roth.samuel@bluewin.ch', '41796412549', NULL, 'Hostettlistrasse 16, 6055 Alpnach Dorf, OW'),
('e3dd60ae-34bc-4bf0-be44-a24c78f1afbd', 'Roth Silvia und Peter', '(-Müller)', 'fam.roth@wynspeed.ch', '', NULL, 'Weiden 124, 5733 Leimbach AG, AG'),
('5621a4a7-856e-49cb-b784-96cfadb68631', 'Roth', 'Stefan', 'info@sr-p.ch', '41765669901', NULL, 'Steinbruchstrasse 11, 5200 Brugg AG, AG'),
('1c37eb91-61e7-40c5-8dc4-420640c3fd60', 'Roth Theres', '(-Hunkeler)', 'roth.hunkeler@bluewin.ch', '41792074282', NULL, 'Arbachstrasse 16, 6340 Baar, ZG'),
('f6041516-3a2d-47eb-af8c-a75d5454bde4', 'Roth Thomas', '(-Mariani)', 'rothmariani@gmx.ch', '41788095180', NULL, 'Freiestrasse 35, 3604 Thun, BE'),
('63178d0e-a9c2-4471-b50a-1978f797f2f6', 'Roth Thomas u. Elke', '(-Kutscherauer)', 'thoro@bluewin.ch', '', NULL, 'Hübeliacker 208, 5733 Leimbach AG, AG'),
('484d72dc-b1e8-48b8-ade4-f52fb9864a02', 'Roth', 'Toni', 'roth-metzgerei@bluewin.ch', '41794699256', NULL, 'Dorfstrasse 72, 3818 Grindelwald, BE'),
('768035f2-b4c6-4011-b457-8c12db79ce3a', 'Roth Urs und Verena', '(-Wild)', 'rothwild@hispeed.ch', '', NULL, 'Schoneggstrasse 29B, 3700 Spiez, BE'),
('c0ca2a14-2b17-4e7f-b07f-8008e9b0296e', 'Roth', 'Werner', 'w.roth@pop.agri.ch', '', NULL, 'Brunnenstrasse 4, 8194 Hüntwangen, ZH'),
('8a4b1fb8-d71e-4f3c-b3f6-cb7f52d547d5', 'Roth Werner E. und Katharina', '(-Ischer)', 'weroth@hispeed.ch', '', NULL, 'Colombstrasse 27, 3027 Bern, BE'),
('31d314e1-9c06-4304-9c8e-8829ada88294', 'Roth Werner und', 'Claudia', 'c.w.roth@bluewin.ch', '', NULL, 'Unteregg 442, 9220 Bischofszell, SG'),
('0d030877-c900-4dc0-971d-6732f16bd66f', 'Roth Wyss Urs und Barbara, David, Florian und', 'Alena', 'ap.ursroth@gmail.com', '', NULL, 'Nennigkofenstrasse 23, 4571 Lüterkofen, SO'),
('b3478074-2e26-4321-807e-ced30d674656', 'Rothacher', 'Jacqueline', 'rothacher.j@bluewin.ch', '', NULL, 'Lindeneggweg 10, 3645 Gwatt (Thun), BE'),
('d03b5efe-bca3-4015-96be-7509cb3956a3', 'Rothacher', 'Peter', 'prothacher65@gmail.com', '41794344276', NULL, 'Lochzelgli 31, 4542 Luterbach, SO'),
('ab26b75f-74c8-4b1a-87ee-b6c75fbd0f05', 'Rothacher Roland und Lilly', '(-Waber)', 'roro77@sunrise.ch', '41763427977', NULL, 'Riedernstrasse 16, 3661 Uetendorf, BE');

INSERT INTO leads (id, contact_id, source, status, value, notes) VALUES
('b0101053-943c-471f-9a66-b7e88e15f3a1', 'f7ffc214-8634-4deb-9c5c-6c8b8ecf657c', 'KALTAKQUISE', 'ACTIVE', 0, NULL),
('b8a8edfc-bb92-4ea8-beea-c4efcf8108cb', '0cca1d3a-bcdb-44ff-bd8f-9d884553615f', 'KALTAKQUISE', 'ACTIVE', 0, NULL),
('6db8e7f3-d75e-4647-990d-b5de3da16e6c', '9995d034-7654-4182-a610-e451a8f60c3a', 'KALTAKQUISE', 'ACTIVE', 0, NULL),
('c63e8cc0-b530-44d5-9a78-d5041f9ea7fc', '187d401b-2114-44e0-bebd-1285dbc7ce4a', 'KALTAKQUISE', 'ACTIVE', 0, NULL),
('3fc458a6-0849-4856-9c8b-6ba8e5b64119', 'c85ec04e-35ba-44d2-86ca-a0b4f460f761', 'KALTAKQUISE', 'ACTIVE', 0, NULL),
('e00bcfaa-38d5-4c69-ac47-fc5794703fa5', 'f9dff25a-4dc9-4e17-a92a-54726e11dde5', 'KALTAKQUISE', 'ACTIVE', 0, NULL),
('d152744e-b48d-4849-be04-3b061ef4a921', '98817afa-cb1d-4f98-91d8-4bda7f1e71ad', 'KALTAKQUISE', 'ACTIVE', 0, NULL),
('d20b12bf-50ae-4918-96f6-f3f6f5023854', 'b653610a-8353-48c5-924a-923e05b9d05f', 'KALTAKQUISE', 'ACTIVE', 0, NULL),
('82bdee71-a871-455e-a920-a22de110dcc6', 'cb011e7b-feae-4797-9f5b-29133cfc027e', 'KALTAKQUISE', 'ACTIVE', 0, NULL),
('ce28b388-f5ab-43ab-aeed-dbfa2034d0d2', '630124dc-481e-4e38-9dba-7528c8119a95', 'KALTAKQUISE', 'ACTIVE', 0, NULL),
('9edadd8d-4cb5-4d3b-b4af-d383b65749ef', 'd5ddbe23-ab47-42f0-8fdb-5205c44a0244', 'KALTAKQUISE', 'ACTIVE', 0, NULL),
('d69dd435-8859-4df9-94ef-513e931e9652', 'c45ecc61-8dd5-4dfc-9d12-5e771c53934e', 'KALTAKQUISE', 'ACTIVE', 0, NULL),
('be767af6-1e8f-42e5-a348-78e77199a24c', '41f70102-fa35-4318-9e52-1702d158bee4', 'KALTAKQUISE', 'ACTIVE', 0, NULL),
('be44573b-a3f9-4fb1-841e-869e504c4220', 'fb7f8447-dd33-47c6-89b4-7d619fbf6181', 'KALTAKQUISE', 'ACTIVE', 0, NULL),
('c5c6df67-799f-4bd4-83e5-46255ec0a620', '1ddf8cdf-892f-48bd-97b8-14f4897a30f5', 'KALTAKQUISE', 'ACTIVE', 0, NULL),
('20cdfec3-6c80-4684-a792-e2185377e911', '82545147-3391-4890-9ea2-deb6eb76934b', 'KALTAKQUISE', 'ACTIVE', 0, NULL),
('484dcbda-0b88-49d7-aa91-67afcfb7ea58', '1ca5f8b4-98fe-4dc1-8497-6ce75e079825', 'KALTAKQUISE', 'ACTIVE', 0, NULL),
('bd206bf2-b031-43b2-ad42-dc803151af26', '8c691fdf-bf66-4c31-aa69-7b3806b2e002', 'KALTAKQUISE', 'ACTIVE', 0, NULL),
('87a50509-2243-4b98-81f7-e4bda16fad33', '0d06304b-e870-4da8-b69d-14bfa07cae3c', 'KALTAKQUISE', 'ACTIVE', 0, NULL),
('d6250c20-69f6-474e-adfd-28521b35bb17', '640cb141-e89d-4f42-bfc8-68cbdbf9d16d', 'KALTAKQUISE', 'ACTIVE', 0, NULL),
('5af279d9-2b43-4c92-a05e-81dcc6e676c9', 'bc6d99d0-8462-4508-af2c-c07f298cdffc', 'KALTAKQUISE', 'ACTIVE', 0, NULL),
('02312eab-dc00-4f89-9ea5-573350e3c940', 'ea146f20-6c97-4827-9251-ef93086e6480', 'KALTAKQUISE', 'ACTIVE', 0, NULL),
('8165bf79-ce03-4b5f-b5c0-ce9a82f8eaff', '3c1b7144-032e-450e-92fe-ffd3e9ba661d', 'KALTAKQUISE', 'ACTIVE', 0, NULL),
('d68a0c5d-f835-4c02-8ecf-1bad08f870d7', '823f23ce-9c9c-4988-9048-e861371ec70a', 'KALTAKQUISE', 'ACTIVE', 0, NULL),
('e44d8400-02bd-4d9d-9b8d-43ff268d8635', '6f0e4aa2-95c5-4fdf-a7d0-7b7dd9ede45a', 'KALTAKQUISE', 'ACTIVE', 0, NULL),
('861d0374-4b66-4c0d-80a6-20ad3116a206', 'b30aefb9-96d5-493d-9fc2-25dc4787c03b', 'KALTAKQUISE', 'ACTIVE', 0, NULL),
('2265d071-5c8e-4a93-b42c-33d419a6eace', 'e8238815-953b-46dc-8c6e-61ebf79beefa', 'KALTAKQUISE', 'ACTIVE', 0, NULL),
('7b4e616c-7cd6-41fe-a67c-a93e55257c43', '535ea892-8aee-45cf-af1e-21228c6e1419', 'KALTAKQUISE', 'ACTIVE', 0, NULL),
('0410fc43-1bf7-4b32-8a7d-5f2b7012a57d', '80aba993-8827-4e1a-a2a0-c8468fedf405', 'KALTAKQUISE', 'ACTIVE', 0, NULL),
('640ff7de-e745-406e-aaa4-4dc540c80bcc', '20650d6d-7faf-4036-abc4-a75b3de68e2e', 'KALTAKQUISE', 'ACTIVE', 0, NULL),
('151379bf-6744-405d-b11c-7ad750e6c736', 'bdb75c4b-3d2c-4d1f-911e-e46d60132390', 'KALTAKQUISE', 'ACTIVE', 0, NULL),
('8445f21a-8075-45ca-bd06-cbc3c99a58ab', 'ff2de1de-3752-4145-86ea-afb73440bdb5', 'KALTAKQUISE', 'ACTIVE', 0, NULL),
('acdf8bb7-fa41-4ab2-9e1a-686995078f0a', '670a9cee-a810-489b-b8fc-0334acd8c82d', 'KALTAKQUISE', 'ACTIVE', 0, NULL),
('78c5352a-2bc4-42eb-89bf-4fb86d290d15', 'aafd6063-39bd-4a4c-8fa2-2cd66e481c35', 'KALTAKQUISE', 'ACTIVE', 0, NULL),
('e5d7973c-0c56-4329-bf1d-67f4d523268e', 'f0347ccc-3617-4dea-9b25-4f56879fd4ad', 'KALTAKQUISE', 'ACTIVE', 0, NULL),
('42955639-8bd6-45da-8dba-9fe387e36621', 'e5984071-817e-4c84-bfe7-224a217264e8', 'KALTAKQUISE', 'ACTIVE', 0, NULL),
('3b8aac52-8953-4e17-a5f2-6dbcaf8b995f', '5963d22d-e8d6-414d-9d94-751d4f55b447', 'KALTAKQUISE', 'ACTIVE', 0, NULL),
('57bc731d-dd2b-4c4b-9690-230ef7409dbc', '15ac103e-a6b3-4834-a5a4-bc8a9430d661', 'KALTAKQUISE', 'ACTIVE', 0, NULL),
('9abd673e-7823-4d4d-a3db-0d0b0f5e1512', '20b96e5b-ae77-4c84-879f-ce6487df41b9', 'KALTAKQUISE', 'ACTIVE', 0, NULL),
('73b59dac-d6c5-4de3-a0e6-856a972b59ec', 'f90c2ddc-9844-45d0-816f-b67af456405b', 'KALTAKQUISE', 'ACTIVE', 0, NULL),
('fb6ee66d-7b4d-4e68-b4cb-ed91985316a5', 'b695e064-ad49-454b-8860-818243d22f2b', 'KALTAKQUISE', 'ACTIVE', 0, NULL),
('7c4a7581-2369-4f86-bcf4-419eac6607c8', 'e9e12b44-fa5b-4fc6-88d5-1db9118c5466', 'KALTAKQUISE', 'ACTIVE', 0, NULL),
('538a8b55-a2a9-4529-98b0-4394d16467a8', 'e537ab60-24e8-473c-9210-0ab01405502a', 'KALTAKQUISE', 'ACTIVE', 0, NULL),
('f7759651-c213-4ec6-9dfe-b5a622814b9e', '17a3a4f4-754f-49ca-bac0-97b5577cf3df', 'KALTAKQUISE', 'ACTIVE', 0, NULL),
('0696c8c2-5eba-4999-8ec4-23b4bf2b1b1a', 'c5886f83-09f6-4437-b6a8-1819f4ebfa4c', 'KALTAKQUISE', 'ACTIVE', 0, NULL),
('616d30fa-71db-4f6e-b11a-fb39ffe90038', '40819e96-c577-4c1f-abea-1e8df1d377b5', 'KALTAKQUISE', 'ACTIVE', 0, NULL),
('c3649228-8437-4b43-ac0a-de71da3c7946', 'd439ea46-d857-42ed-95ec-d83c48420b65', 'KALTAKQUISE', 'ACTIVE', 0, NULL),
('fd2da7b3-f808-4af3-a75b-76a77f19b571', '96fdd3a8-1abb-4f07-bccb-e259fbc358d0', 'KALTAKQUISE', 'ACTIVE', 0, NULL),
('5a4e5afa-b215-40d1-a6f3-edfe097eb7f6', '9824c5e2-68df-46f0-b7f3-f11682f63715', 'KALTAKQUISE', 'ACTIVE', 0, NULL),
('86710fab-d715-4038-b4d2-8f15976345dd', '1c236b11-5221-4c20-8364-afb15ae19c8e', 'KALTAKQUISE', 'ACTIVE', 0, NULL),
('42d79bc9-a436-455b-ae01-1fc709843754', '9e146144-fd49-4c42-bb92-3bb59cfe1aa9', 'KALTAKQUISE', 'ACTIVE', 0, NULL),
('a70642f8-51fa-44e8-aaa3-44e1c2b5b7da', '694c0a3a-e7ae-4a5d-b397-7a90bf018f84', 'KALTAKQUISE', 'ACTIVE', 0, NULL),
('ce48f5c0-f72e-4e38-89b1-db6a2dcef93b', '10c23e20-18b7-4a9f-a966-de93184e10cc', 'KALTAKQUISE', 'ACTIVE', 0, NULL),
('c28995d1-191e-4779-bcf8-bd7a100de1e0', 'f27a0368-45a8-4338-97fd-2209ce66ab51', 'KALTAKQUISE', 'ACTIVE', 0, NULL),
('7ed5e706-c912-4ae8-848e-c64edbafa845', '62bb154b-917f-484d-a765-3fce2973ec3d', 'KALTAKQUISE', 'ACTIVE', 0, NULL),
('7a5f6537-9c93-49da-b8b7-6c3af204f902', '0d0acaae-28ad-42b3-8a09-2b28242d83a9', 'KALTAKQUISE', 'ACTIVE', 0, NULL),
('abb948e5-3552-417d-94ee-6ae379e90ff7', '7e62298c-2e4e-4b7b-a6da-baa04ca41ce0', 'KALTAKQUISE', 'ACTIVE', 0, NULL),
('637dcea6-a110-4efd-aa4f-fe9a1887a4cd', '6702cc71-aa43-4fec-b768-5b07dc4c885e', 'KALTAKQUISE', 'ACTIVE', 0, NULL),
('f8429ddc-1429-452b-b4df-7c63e8228e15', '6d58c6cd-9f36-4597-90ab-90e8ce32f20a', 'KALTAKQUISE', 'ACTIVE', 0, NULL),
('baf9b523-05d4-43b4-803a-7b4e0ba386e7', '872b1977-d648-4693-9f96-3e2486af598c', 'KALTAKQUISE', 'ACTIVE', 0, NULL),
('573ca264-6644-4908-987d-e1cb3fd6d5c6', 'cf174a45-5c4a-44a9-9e5f-0f6657f5af40', 'KALTAKQUISE', 'ACTIVE', 0, NULL),
('699585f3-4089-4263-a3da-8f7fce934447', 'bd2acffa-0ba5-493f-b3fc-871c3f9041af', 'KALTAKQUISE', 'ACTIVE', 0, NULL),
('f65c10af-8423-474b-bd64-5df6f8d1f03c', '3bb50676-2da2-4522-9534-c57384290a65', 'KALTAKQUISE', 'ACTIVE', 0, NULL),
('8b6f8ff2-8f61-4cec-9a08-4924c13cadaf', '9e8effb9-716d-4b07-9762-08621d14012b', 'KALTAKQUISE', 'ACTIVE', 0, NULL),
('7b49dbf1-2827-48fa-ab3a-1d5a3fe33cde', 'd40daff8-0b9c-43a6-bd87-cf258e230d89', 'KALTAKQUISE', 'ACTIVE', 0, NULL),
('3ebde4e8-6bde-4119-8c23-cf40e4fc4163', '029df361-048b-46fa-bc1e-401e2db1367c', 'KALTAKQUISE', 'ACTIVE', 0, NULL),
('39265b4b-d5a7-44f2-956f-e04cc10d68d2', '92077e6e-099c-4195-a1fd-d3d1a636d834', 'KALTAKQUISE', 'ACTIVE', 0, NULL),
('f39e97d8-f73f-4adf-a4d1-2dfa343590fe', '22866db7-b2cf-4287-b212-c751c68c67ca', 'KALTAKQUISE', 'ACTIVE', 0, NULL),
('c3885eec-b49b-4aa2-971e-5b7f5374a490', 'a0879f0c-c77b-4b2b-acfd-6e7ac50d4152', 'KALTAKQUISE', 'ACTIVE', 0, NULL),
('8bf8da29-fd5f-4d7c-b71f-a8c4d5104dbf', '602f52a0-c88c-4a15-a325-201d1534cfac', 'KALTAKQUISE', 'ACTIVE', 0, NULL),
('184a15ae-c6c6-48ab-9f5c-cd1b7942f0e6', 'bc49502f-cb4f-4e7d-b153-b99230322426', 'KALTAKQUISE', 'ACTIVE', 0, NULL),
('53b67e50-b7ac-4293-9869-7686fda43c89', 'b63ba5ac-9d1e-4c7c-bc15-a1ea29541280', 'KALTAKQUISE', 'ACTIVE', 0, NULL),
('307b62ad-707c-4974-857b-fa2bdf934575', '2a4cd9d0-b717-41f7-b5bf-85cf1df4daf0', 'KALTAKQUISE', 'ACTIVE', 0, NULL),
('80e1dd1d-4584-4ced-8bc1-08cceeb3cf0e', '88642235-191c-4124-b279-0a5a88b50b1a', 'KALTAKQUISE', 'ACTIVE', 0, NULL),
('6e81a147-4077-4bba-b582-570441555b69', '9629caaa-92f9-459f-bcd1-8624c85591d3', 'KALTAKQUISE', 'ACTIVE', 0, NULL),
('bbe76cb7-c3cd-46e5-ad9e-017d6049e931', '894d0f9e-28e2-4ecb-97b8-45423ef030eb', 'KALTAKQUISE', 'ACTIVE', 0, NULL),
('8c7d8b6d-de79-4b63-af04-63f9c7135e0d', '1aafda56-b1db-4ccb-91e6-e088fbee6b57', 'KALTAKQUISE', 'ACTIVE', 0, NULL),
('4a9af391-6fa6-43ac-a15a-698df97db215', 'e4318821-af01-4b3a-927d-4a58d3781ad3', 'KALTAKQUISE', 'ACTIVE', 0, NULL),
('1e6c81e7-1c3a-46f6-b00c-dd1b2b91bf61', 'df2dbd20-b962-496b-9ff6-c4f236d2371f', 'KALTAKQUISE', 'ACTIVE', 0, NULL),
('d64d0143-8e6d-4a5e-bcec-667fc01e964d', '569376d9-4c3c-48cb-a41e-1392391cb29c', 'KALTAKQUISE', 'ACTIVE', 0, NULL),
('21920140-6413-4d4d-ace0-d207edebc572', '59b1bdbb-7237-45ae-ae94-4032790a4442', 'KALTAKQUISE', 'ACTIVE', 0, NULL),
('391663e7-6535-4538-b847-58238f56ed99', '9dcf6510-0219-4204-b189-2c3006e8732e', 'KALTAKQUISE', 'ACTIVE', 0, NULL),
('54b5cf82-18d0-4d57-9968-67fd00e25c8d', '5c4a655b-b881-49fc-827a-92c3d5c1e6d4', 'KALTAKQUISE', 'ACTIVE', 0, NULL),
('e86d0c03-539d-40c7-abc8-0dd95e6ac26d', '8554f52f-aedd-461d-8d09-ff37d2de0272', 'KALTAKQUISE', 'ACTIVE', 0, NULL),
('133a4dc8-bcbd-4a96-914e-f78b92890a06', '7d137f3b-93d6-4f02-bc67-e6ce1eb67e4d', 'KALTAKQUISE', 'ACTIVE', 0, NULL),
('649ca20d-dc97-499f-8b0c-61f3dd1691f9', '5304a53c-8326-4458-8bcb-315608832d1a', 'KALTAKQUISE', 'ACTIVE', 0, NULL),
('28df7e9c-f6ac-4e13-9d9b-5c98f6222489', '96f52e2b-c8d1-4835-8454-23be6710d5d8', 'KALTAKQUISE', 'ACTIVE', 0, NULL),
('f0922cb6-4291-46b6-90c4-e6e1e82bb22b', 'e76d9817-eb5b-4307-b3fb-a8c06753f193', 'KALTAKQUISE', 'ACTIVE', 0, NULL),
('1483b86b-667e-4b79-b000-d66f291441ad', '5803245d-d10c-4189-8bec-e4d7747d3c0f', 'KALTAKQUISE', 'ACTIVE', 0, NULL),
('c056b3b6-aa96-4051-8fb2-e1abe8fc4a5e', '92022d08-3d76-4b19-bef3-8f9c606c807d', 'KALTAKQUISE', 'ACTIVE', 0, NULL),
('059ef54d-5bfa-4915-98d2-9bb2ddaf6f26', 'cc8ef322-9910-4793-a97e-c1c2446b38db', 'KALTAKQUISE', 'ACTIVE', 0, NULL),
('a10c1ae0-263d-48de-ab05-9a09faf86b69', '46b3f357-7a0e-4736-885d-27a515e6c43a', 'KALTAKQUISE', 'ACTIVE', 0, NULL),
('f6e4d9e0-2dfd-49cb-8ed1-8f0da1e2b9ba', 'd1084cfd-9683-4a7c-be3d-6ce18153468b', 'KALTAKQUISE', 'ACTIVE', 0, NULL),
('125de63f-103d-4f58-8898-2b0a4f59844c', 'c69a772d-8937-4398-8824-d7ff5a20ed3c', 'KALTAKQUISE', 'ACTIVE', 0, NULL),
('cc7329cd-858e-4cde-aeae-e43187bae467', '92f294e6-953f-440d-85b2-dd25e2ab44db', 'KALTAKQUISE', 'ACTIVE', 0, NULL),
('a678c6ed-11c0-44f3-9190-383c6d68039b', 'de895bd3-907d-4475-8aba-499537267813', 'KALTAKQUISE', 'ACTIVE', 0, NULL),
('e3296a81-d355-4924-b30a-3305604c4c2d', '55d3f8bd-be81-46c1-85ce-2490c7639434', 'KALTAKQUISE', 'ACTIVE', 0, NULL),
('c848acba-28f6-4e39-b249-ea0fddcaa435', '2aa439dc-81bd-43ef-a7ce-92482ec01898', 'KALTAKQUISE', 'ACTIVE', 0, NULL),
('91b4f55a-5681-4eab-b178-b6eecbf9a6f6', '78c4df1a-c016-47f7-a36d-d06baa41dc90', 'KALTAKQUISE', 'ACTIVE', 0, NULL),
('2c0ad24f-1455-4077-927b-28144f299f6b', '2307531a-e63e-440a-a67c-11f581c17341', 'KALTAKQUISE', 'ACTIVE', 0, NULL),
('96c3ad5a-0d45-4885-a74e-bc968d55b390', 'b2d9ada9-6127-4533-b37a-a6cb0d671ace', 'KALTAKQUISE', 'ACTIVE', 0, NULL),
('b6a5f695-0651-40c9-9a96-135931a7eae3', '8aca24b6-b080-4afc-a7e9-3dc1a1a94af9', 'KALTAKQUISE', 'ACTIVE', 0, NULL),
('f856664f-fed8-4f9f-b726-9fb2864dbaa9', 'b64e6dfe-9569-4b0c-96ea-a14672427b38', 'KALTAKQUISE', 'ACTIVE', 0, NULL),
('dee397c2-d958-4b1c-87c4-dd9d9be56123', 'a0073ec1-766b-4937-9e1f-dd945580bb97', 'KALTAKQUISE', 'ACTIVE', 0, NULL),
('ada08534-5379-431e-9f08-c257968cc7d0', '2252f729-b3a9-45ac-9043-0e3339869ddc', 'KALTAKQUISE', 'ACTIVE', 0, NULL),
('2472cf67-cd2a-44cb-a06e-a4ad22c83ee1', 'eea80c53-360c-458f-ae0b-dd270bda93a1', 'KALTAKQUISE', 'ACTIVE', 0, NULL),
('16c8b9cf-4b6b-4143-8b88-225c674724db', '1107d9c8-382a-4f6c-b46a-9de7f7785c35', 'KALTAKQUISE', 'ACTIVE', 0, NULL),
('c69006ae-367b-4f15-88d2-96fd928f074d', '64b92136-1ce7-4d46-929f-87161525471e', 'KALTAKQUISE', 'ACTIVE', 0, NULL),
('b88b1eff-257c-4b28-a5c9-6d1a24d401c1', 'cb5e0ac0-246b-4948-a09f-1ea42f24b218', 'KALTAKQUISE', 'ACTIVE', 0, NULL),
('8dd241eb-5670-4f05-a646-4336e379a2d5', '7723e1c4-f656-4e23-83a0-de93aafdec84', 'KALTAKQUISE', 'ACTIVE', 0, NULL),
('05ebcf98-48e7-42fd-9522-5d0c3ff5e535', 'deb9ab22-0d9a-47da-860f-c65e5ec9fde6', 'KALTAKQUISE', 'ACTIVE', 0, NULL),
('8759ebb5-c2b0-456c-8a76-66b401d0a259', '9b76e373-d252-4dd7-b6a7-6b47c921d1dc', 'KALTAKQUISE', 'ACTIVE', 0, NULL),
('25cbb9c8-b421-4aa7-b604-427a14c905e2', 'd19c69dc-e11e-47d7-960d-e1257051dc65', 'KALTAKQUISE', 'ACTIVE', 0, NULL),
('018f2377-5638-4220-8005-818b9ab5f0c9', '2a94a323-304b-41f3-8fa4-aa43c28ef202', 'KALTAKQUISE', 'ACTIVE', 0, NULL),
('bff0dc0e-f4a0-4134-9342-2013a2b01ea1', '73b1cd99-0faa-42f1-a513-45fb715a5f30', 'KALTAKQUISE', 'ACTIVE', 0, NULL),
('1e206a0d-864a-4143-adec-28f8fa72ae98', '53721060-649e-4b1f-a7cf-6f676d7995b4', 'KALTAKQUISE', 'ACTIVE', 0, NULL),
('d289f11d-f7e4-48b6-abec-1a95aa874333', 'c6069165-6616-473a-a8e1-47aefd9ccb4d', 'KALTAKQUISE', 'ACTIVE', 0, NULL),
('5eaae5cc-4b6f-4137-a060-6d57563ced7d', '225efcbf-4550-4b32-a6cc-0b254a9a1972', 'KALTAKQUISE', 'ACTIVE', 0, NULL),
('f2103f77-61fc-4f5d-aa46-43ee9d25cc35', '59e51f59-490e-4841-943c-9ca05e36d628', 'KALTAKQUISE', 'ACTIVE', 0, NULL),
('9c4da413-402a-4325-9bdf-d117d16bec0c', '535bdaf0-40f8-455f-9bd0-e528fcf6ec53', 'KALTAKQUISE', 'ACTIVE', 0, NULL),
('9020dc70-287e-46cc-a012-be1de6bdfde9', '2599abd9-8518-4dbe-8849-f6b53794b546', 'KALTAKQUISE', 'ACTIVE', 0, NULL),
('b5b54975-846a-4a8a-ad33-43f7abce1b1c', '6772fe07-6ed7-4bb9-97ba-4a5d13a38e28', 'KALTAKQUISE', 'ACTIVE', 0, NULL),
('9e81bf12-ffe0-4dca-bb11-62183739a6ce', 'b2d6275e-0ecd-45c3-85fd-a8276126936a', 'KALTAKQUISE', 'ACTIVE', 0, NULL),
('4f3d16aa-9761-436d-b854-cf0d47e24ef5', '8618e7fc-b5f8-44fb-90ad-42fa0e596670', 'KALTAKQUISE', 'ACTIVE', 0, NULL),
('30fdd9f1-898b-41b9-b17e-af64775fe46b', 'fb4037e2-64a2-4bf1-b371-07e9d02511c2', 'KALTAKQUISE', 'ACTIVE', 0, NULL),
('c07b01ec-e0fe-4c8f-aeb6-29c1c2540557', '16b2a405-81bf-4b86-83ec-9afb62c2b5ab', 'KALTAKQUISE', 'ACTIVE', 0, NULL),
('bb804784-22ef-40ba-9808-02af8202c95e', '8b1da434-b47b-4434-a613-3cf080c75b60', 'KALTAKQUISE', 'ACTIVE', 0, NULL),
('7f1f03ae-0d71-4947-9cf7-84b0020fba59', '82ed6d50-b728-4be9-b71f-83eab23dee58', 'KALTAKQUISE', 'ACTIVE', 0, NULL),
('5b64526a-d5a3-41c1-8d6a-4e1d927d2d32', '6ab60d6f-55dc-4108-8d2c-2d5fbc0f110f', 'KALTAKQUISE', 'ACTIVE', 0, NULL),
('42e916bf-30d5-4eb9-8440-51ae3589d0de', '9e5a322c-d320-4ed9-a897-f8c2263aa67f', 'KALTAKQUISE', 'ACTIVE', 0, NULL),
('513802ef-0488-45a5-8ce7-550cff733fff', '301a0e09-52c6-4559-9781-5f36a9fa8c08', 'KALTAKQUISE', 'ACTIVE', 0, NULL),
('c36ea778-0f27-443e-87eb-aaaf23b839ae', 'd4cada0b-2542-4090-a608-7e39fbb5a8ec', 'KALTAKQUISE', 'ACTIVE', 0, NULL),
('d6e44ac9-cac4-4668-b4ed-94a0a3643f55', '629f1f1f-abd0-43ec-9033-1b45f10758e5', 'KALTAKQUISE', 'ACTIVE', 0, NULL),
('c1d32b89-fc7a-4cb4-a1d6-281012186f56', 'bf0eff96-8214-4d9b-994d-8e3efebe678e', 'KALTAKQUISE', 'ACTIVE', 0, NULL),
('b5990643-3d95-46a0-a002-63234364ef21', 'b326dfb3-a2d7-4a74-9791-71122d2a8158', 'KALTAKQUISE', 'ACTIVE', 0, NULL),
('269be8eb-d639-4654-b6dd-eb8662638c6e', '17cdbe41-00ff-4d77-b85d-65f6ef379fe2', 'KALTAKQUISE', 'ACTIVE', 0, NULL),
('f8bca161-38d7-4f14-bbd8-f71c4b6834e8', 'c8a7783c-f6ca-4808-a59b-8fa9ecbae2d2', 'KALTAKQUISE', 'ACTIVE', 0, NULL),
('45be3495-f217-4cd0-b19e-c20ca0a17a0b', 'e41696f0-7961-417a-9ad1-9127f055e39a', 'KALTAKQUISE', 'ACTIVE', 0, NULL),
('fa0eaaba-4869-41a8-8b4b-aa4cf01edf54', 'f21462a9-3540-423b-a11e-ad1cf5e43f94', 'KALTAKQUISE', 'ACTIVE', 0, NULL),
('304df77f-c809-4aaf-a320-69cddba73dd6', '5749845e-8699-4be6-937e-8cba508172d2', 'KALTAKQUISE', 'ACTIVE', 0, NULL),
('8fad484c-1a2a-424b-a0ec-4eda1fa798bb', '57648ef7-c4d4-47d5-be1c-19d073c0c7fd', 'KALTAKQUISE', 'ACTIVE', 0, NULL),
('1874b2eb-64f5-49c7-9dd5-7509dadb79da', '9fc5eb3c-48a7-476f-87a7-952546add612', 'KALTAKQUISE', 'ACTIVE', 0, NULL),
('034f5afd-072f-4025-8761-2074df2689af', 'fab36f21-5685-4d93-b5f6-188848d72ca9', 'KALTAKQUISE', 'ACTIVE', 0, NULL),
('0c5ea56c-f24c-48c1-942f-02c73491c272', 'bc5a5bec-4722-4e51-800b-34e0950f1f25', 'KALTAKQUISE', 'ACTIVE', 0, NULL),
('71378032-e949-46d7-b5fb-d67d3feb9ccf', '457f33fa-ad80-40d1-a21b-7826d17b99a3', 'KALTAKQUISE', 'ACTIVE', 0, NULL),
('62002115-2360-40ce-b546-71efde3f494b', '91768b6b-9bc4-4ee6-898c-de65644a3e33', 'KALTAKQUISE', 'ACTIVE', 0, NULL),
('c72b36af-1728-4f74-a289-7af85d5024fe', 'a5013554-1493-450d-9555-5d742f4e6848', 'KALTAKQUISE', 'ACTIVE', 0, NULL),
('24a83ebd-bae3-460a-a3ef-da222f2ca888', '43a56fde-5ff4-4605-b6ff-bbde53b6d1df', 'KALTAKQUISE', 'ACTIVE', 0, NULL),
('f6b728e6-8861-4a3f-997c-882ba03fae3c', '9fd55a48-85a7-4882-bdd6-d82b77d45df5', 'KALTAKQUISE', 'ACTIVE', 0, NULL),
('6cdcb9bc-b4d3-46a7-b468-8c121295bd3c', '007798fd-86aa-4ae5-b3e8-069f75dbdc56', 'KALTAKQUISE', 'ACTIVE', 0, NULL),
('793cc56a-d8c2-4758-a38a-1d0f5999909b', 'c2b2e702-68a3-4b4e-9958-dc382423174b', 'KALTAKQUISE', 'ACTIVE', 0, NULL),
('5edc143a-3e03-4da8-8be3-02b7aa0e3c91', 'fd5cb188-0742-47ea-9593-3619610750bd', 'KALTAKQUISE', 'ACTIVE', 0, NULL),
('3acf330f-cc4d-4161-8bd8-665c6833cfeb', '3154c0a1-0732-4776-9828-042a3b623576', 'KALTAKQUISE', 'ACTIVE', 0, NULL),
('6de46545-83e4-4c71-be67-a867874ab04d', 'ec49589d-0bba-4d68-b848-9b8697d8ac8d', 'KALTAKQUISE', 'ACTIVE', 0, NULL),
('bb8e5f79-2648-4f03-b435-232df04b1ae4', '37e7ab7d-7799-40d1-8802-442e1a52fb3c', 'KALTAKQUISE', 'ACTIVE', 0, NULL),
('8037b7f0-bbf1-40f5-8323-9710327f5e6c', '8450aa21-ae37-4e1f-b12f-530c6984b007', 'KALTAKQUISE', 'ACTIVE', 0, NULL),
('0d1ead5c-be32-48d6-9418-9ca653fb00c1', 'cdd28e2e-a826-4181-902a-60de0020e950', 'KALTAKQUISE', 'ACTIVE', 0, NULL),
('87a7075b-981b-4815-b60f-a0a02fd7cc35', 'c5b8949b-994c-4d3e-b5fa-b3c01befd146', 'KALTAKQUISE', 'ACTIVE', 0, NULL),
('2bb34d12-d447-4576-b3a8-1d35db180140', '45a5ccc2-17a7-4a78-9cc0-e904e2d46cf7', 'KALTAKQUISE', 'ACTIVE', 0, NULL),
('e41d9700-16e8-452b-bb9a-759166221625', '1e5626c1-3263-4740-9feb-9c365c0ac2f7', 'KALTAKQUISE', 'ACTIVE', 0, NULL),
('ff06cd97-b942-4c2e-9dfa-dbc0949d5c07', '1609bbef-19f1-4c39-bd64-2cde43dff0c0', 'KALTAKQUISE', 'ACTIVE', 0, NULL),
('b7de96f2-aff0-4e43-bc6f-ee8978b88397', '34e30bd1-0468-42ac-8764-4aad54f8a144', 'KALTAKQUISE', 'ACTIVE', 0, NULL),
('ec0a9823-6a68-467e-ae2a-f25643e8a772', 'ac206bc0-0628-4e5b-bb17-11fed300e5eb', 'KALTAKQUISE', 'ACTIVE', 0, NULL),
('afb614b5-4b70-4939-bd88-13898dc8a771', '20d14d1b-c2c4-438d-b69a-e23f9e84f3d0', 'KALTAKQUISE', 'ACTIVE', 0, NULL),
('76609f09-134d-4387-8e33-d06bc605f2a0', '36a2f9e2-08e2-4c89-ab73-f9ec72623081', 'KALTAKQUISE', 'ACTIVE', 0, NULL),
('9229986d-6bc7-4653-ac76-ccff3a2b0bac', 'c6257d8d-7d45-4f1d-8524-2241aab41a3b', 'KALTAKQUISE', 'ACTIVE', 0, NULL),
('307b13e6-3cd1-4f73-bc8d-63e61525359a', '7b62ed8c-5ce7-40d2-bf17-6c845489d7b6', 'KALTAKQUISE', 'ACTIVE', 0, NULL),
('66091ce3-9ee5-46bf-89b3-6aea4f908a64', '0b0fd085-3db3-4e07-93e8-355a2eef8efe', 'KALTAKQUISE', 'ACTIVE', 0, NULL),
('50f6b92d-5f7e-4af4-a728-870fe804c546', '56893af8-ab0a-4db7-a4ca-16859264ca30', 'KALTAKQUISE', 'ACTIVE', 0, NULL),
('98a140d5-96a4-45ec-8ae7-7be2a203bf1c', '2eb1580d-ebe5-4668-af4c-f9b64b5673a4', 'KALTAKQUISE', 'ACTIVE', 0, NULL),
('9d29589f-d8b3-479b-8fea-aa94cc50a673', '6a2db4cc-324e-4ffe-a814-b5b75eaf4b91', 'KALTAKQUISE', 'ACTIVE', 0, NULL),
('ea6ebe8c-ee4f-46c5-ad3e-5c83785ab92b', '05d718e5-f6f6-465c-808a-ac8d011a86cf', 'KALTAKQUISE', 'ACTIVE', 0, NULL),
('50e2dc8a-325e-47df-a870-0fa8e895b686', 'c3033189-2015-493a-8b71-fb229bd542c0', 'KALTAKQUISE', 'ACTIVE', 0, NULL),
('b335a241-372f-4800-bcd8-045d96127cd8', 'aab440e8-07bd-46cb-815f-4ae7ded9b731', 'KALTAKQUISE', 'ACTIVE', 0, NULL),
('a40b619a-f106-49f0-aa6c-a5352fe696c4', '11f9f311-e2c8-4d39-8f4f-b7506cd484d3', 'KALTAKQUISE', 'ACTIVE', 0, NULL),
('e2dbad5b-52b2-4f17-9c57-c1c1f2da3de2', 'af37ad50-0a39-406b-9863-b50bcfdc4e98', 'KALTAKQUISE', 'ACTIVE', 0, NULL),
('ef6176a2-2096-41eb-a201-8e9554d09723', '94cf5b06-9fd7-4ba7-93dd-8b785fbb41e2', 'KALTAKQUISE', 'ACTIVE', 0, NULL),
('bbaaf61d-3287-41d9-8aa3-1ffd9f146b14', '16693355-325f-4df5-a0de-291efc519dd6', 'KALTAKQUISE', 'ACTIVE', 0, NULL),
('77c24118-2174-4893-8ebd-b1d505678314', 'e8de4979-4fee-4b18-baf7-058dd3ca9ef5', 'KALTAKQUISE', 'ACTIVE', 0, NULL),
('1e16bf4b-4d61-4ed9-9cca-1f4d82327f67', '04bf04ab-1f8f-4df0-9103-101d8468e5fb', 'KALTAKQUISE', 'ACTIVE', 0, NULL),
('73376d2c-05ee-42e2-8b01-240f69898d47', 'f95a3e26-cfed-4752-9dcc-b01412f77659', 'KALTAKQUISE', 'ACTIVE', 0, NULL),
('e2d681a3-757c-453d-bedd-5f4832eeefa2', '9f45b2c9-a53f-47ac-a884-034f41ede64d', 'KALTAKQUISE', 'ACTIVE', 0, NULL),
('64312054-660a-47ea-8205-9d2231c18df6', '8f68da85-e96a-46ac-8fc0-0c0846d8e239', 'KALTAKQUISE', 'ACTIVE', 0, NULL),
('58d63d8b-fb53-40fa-9ae7-5a85c31223b5', '11ff67e4-3837-4115-acc3-dbd756c8f87a', 'KALTAKQUISE', 'ACTIVE', 0, NULL),
('f335e60d-1b1d-4cf7-bb37-1344f8e9da66', 'b6866e26-8fb9-4905-8313-c498ca55fc16', 'KALTAKQUISE', 'ACTIVE', 0, NULL),
('32703359-b559-45f6-8f0c-3e2eb0e5e12b', '96e3bf21-4ee9-4753-8806-a94ccf6de954', 'KALTAKQUISE', 'ACTIVE', 0, NULL),
('8e749f39-a233-4538-9467-42d170044ebc', 'e3dd60ae-34bc-4bf0-be44-a24c78f1afbd', 'KALTAKQUISE', 'ACTIVE', 0, NULL),
('0ed531f1-9dfe-4573-a27c-33087283f3d6', '5621a4a7-856e-49cb-b784-96cfadb68631', 'KALTAKQUISE', 'ACTIVE', 0, NULL),
('81c46784-90f0-433c-8b46-dd4f803d468e', '1c37eb91-61e7-40c5-8dc4-420640c3fd60', 'KALTAKQUISE', 'ACTIVE', 0, NULL),
('3b2fd1a0-06cc-436e-af45-ecfb3883fec9', 'f6041516-3a2d-47eb-af8c-a75d5454bde4', 'KALTAKQUISE', 'ACTIVE', 0, NULL),
('b6e6dd40-cdbc-4d44-a154-b5fdf63a21df', '63178d0e-a9c2-4471-b50a-1978f797f2f6', 'KALTAKQUISE', 'ACTIVE', 0, NULL),
('1a0df1d6-82d1-4734-90b8-bc798f99fcbb', '484d72dc-b1e8-48b8-ade4-f52fb9864a02', 'KALTAKQUISE', 'ACTIVE', 0, NULL),
('bb85d7f8-8dc6-45b5-ac38-82262972b1c9', '768035f2-b4c6-4011-b457-8c12db79ce3a', 'KALTAKQUISE', 'ACTIVE', 0, NULL),
('77ed23b2-96fa-44b0-86f2-7217fee1da9a', 'c0ca2a14-2b17-4e7f-b07f-8008e9b0296e', 'KALTAKQUISE', 'ACTIVE', 0, NULL),
('92ab3734-d262-43e0-a879-82c0d1d527ff', '8a4b1fb8-d71e-4f3c-b3f6-cb7f52d547d5', 'KALTAKQUISE', 'ACTIVE', 0, NULL),
('59e0f648-af91-470a-8591-90b5c647371a', '31d314e1-9c06-4304-9c8e-8829ada88294', 'KALTAKQUISE', 'ACTIVE', 0, NULL),
('34e74f8c-838d-47eb-bd2a-f5efbecbc732', '0d030877-c900-4dc0-971d-6732f16bd66f', 'KALTAKQUISE', 'ACTIVE', 0, NULL),
('948a3382-a5d5-4e73-82d8-fb3cc09463a5', 'b3478074-2e26-4321-807e-ced30d674656', 'KALTAKQUISE', 'ACTIVE', 0, NULL),
('b0f36766-34b0-4da5-85ab-a513dba4ac6c', 'd03b5efe-bca3-4015-96be-7509cb3956a3', 'KALTAKQUISE', 'ACTIVE', 0, NULL),
('e77cdf0b-85bc-47d3-9173-d51cf90411ae', 'ab26b75f-74c8-4b1a-87ee-b6c75fbd0f05', 'KALTAKQUISE', 'ACTIVE', 0, NULL);

INSERT INTO lead_tags (lead_id, tag_id) VALUES
('b0101053-943c-471f-9a66-b7e88e15f3a1', 'ka-b2c'),
('b8a8edfc-bb92-4ea8-beea-c4efcf8108cb', 'ka-b2c'),
('6db8e7f3-d75e-4647-990d-b5de3da16e6c', 'ka-b2c'),
('c63e8cc0-b530-44d5-9a78-d5041f9ea7fc', 'ka-b2c'),
('3fc458a6-0849-4856-9c8b-6ba8e5b64119', 'ka-b2c'),
('e00bcfaa-38d5-4c69-ac47-fc5794703fa5', 'ka-b2c'),
('d152744e-b48d-4849-be04-3b061ef4a921', 'ka-b2c'),
('d20b12bf-50ae-4918-96f6-f3f6f5023854', 'ka-b2c'),
('82bdee71-a871-455e-a920-a22de110dcc6', 'ka-b2c'),
('ce28b388-f5ab-43ab-aeed-dbfa2034d0d2', 'ka-b2c'),
('9edadd8d-4cb5-4d3b-b4af-d383b65749ef', 'ka-b2c'),
('d69dd435-8859-4df9-94ef-513e931e9652', 'ka-b2c'),
('be767af6-1e8f-42e5-a348-78e77199a24c', 'ka-b2c'),
('be44573b-a3f9-4fb1-841e-869e504c4220', 'ka-b2c'),
('c5c6df67-799f-4bd4-83e5-46255ec0a620', 'ka-b2c'),
('20cdfec3-6c80-4684-a792-e2185377e911', 'ka-b2c'),
('484dcbda-0b88-49d7-aa91-67afcfb7ea58', 'ka-b2c'),
('bd206bf2-b031-43b2-ad42-dc803151af26', 'ka-b2c'),
('87a50509-2243-4b98-81f7-e4bda16fad33', 'ka-b2c'),
('d6250c20-69f6-474e-adfd-28521b35bb17', 'ka-b2c'),
('5af279d9-2b43-4c92-a05e-81dcc6e676c9', 'ka-b2c'),
('02312eab-dc00-4f89-9ea5-573350e3c940', 'ka-b2c'),
('8165bf79-ce03-4b5f-b5c0-ce9a82f8eaff', 'ka-b2c'),
('d68a0c5d-f835-4c02-8ecf-1bad08f870d7', 'ka-b2c'),
('e44d8400-02bd-4d9d-9b8d-43ff268d8635', 'ka-b2c'),
('861d0374-4b66-4c0d-80a6-20ad3116a206', 'ka-b2c'),
('2265d071-5c8e-4a93-b42c-33d419a6eace', 'ka-b2c'),
('7b4e616c-7cd6-41fe-a67c-a93e55257c43', 'ka-b2c'),
('0410fc43-1bf7-4b32-8a7d-5f2b7012a57d', 'ka-b2c'),
('640ff7de-e745-406e-aaa4-4dc540c80bcc', 'ka-b2c'),
('151379bf-6744-405d-b11c-7ad750e6c736', 'ka-b2c'),
('8445f21a-8075-45ca-bd06-cbc3c99a58ab', 'ka-b2c'),
('acdf8bb7-fa41-4ab2-9e1a-686995078f0a', 'ka-b2c'),
('78c5352a-2bc4-42eb-89bf-4fb86d290d15', 'ka-b2c'),
('e5d7973c-0c56-4329-bf1d-67f4d523268e', 'ka-b2c'),
('42955639-8bd6-45da-8dba-9fe387e36621', 'ka-b2c'),
('3b8aac52-8953-4e17-a5f2-6dbcaf8b995f', 'ka-b2c'),
('57bc731d-dd2b-4c4b-9690-230ef7409dbc', 'ka-b2c'),
('9abd673e-7823-4d4d-a3db-0d0b0f5e1512', 'ka-b2c'),
('73b59dac-d6c5-4de3-a0e6-856a972b59ec', 'ka-b2c'),
('fb6ee66d-7b4d-4e68-b4cb-ed91985316a5', 'ka-b2c'),
('7c4a7581-2369-4f86-bcf4-419eac6607c8', 'ka-b2c'),
('538a8b55-a2a9-4529-98b0-4394d16467a8', 'ka-b2c'),
('f7759651-c213-4ec6-9dfe-b5a622814b9e', 'ka-b2c'),
('0696c8c2-5eba-4999-8ec4-23b4bf2b1b1a', 'ka-b2c'),
('616d30fa-71db-4f6e-b11a-fb39ffe90038', 'ka-b2c'),
('c3649228-8437-4b43-ac0a-de71da3c7946', 'ka-b2c'),
('fd2da7b3-f808-4af3-a75b-76a77f19b571', 'ka-b2c'),
('5a4e5afa-b215-40d1-a6f3-edfe097eb7f6', 'ka-b2c'),
('86710fab-d715-4038-b4d2-8f15976345dd', 'ka-b2c'),
('42d79bc9-a436-455b-ae01-1fc709843754', 'ka-b2c'),
('a70642f8-51fa-44e8-aaa3-44e1c2b5b7da', 'ka-b2c'),
('ce48f5c0-f72e-4e38-89b1-db6a2dcef93b', 'ka-b2c'),
('c28995d1-191e-4779-bcf8-bd7a100de1e0', 'ka-b2c'),
('7ed5e706-c912-4ae8-848e-c64edbafa845', 'ka-b2c'),
('7a5f6537-9c93-49da-b8b7-6c3af204f902', 'ka-b2c'),
('abb948e5-3552-417d-94ee-6ae379e90ff7', 'ka-b2c'),
('637dcea6-a110-4efd-aa4f-fe9a1887a4cd', 'ka-b2c'),
('f8429ddc-1429-452b-b4df-7c63e8228e15', 'ka-b2c'),
('baf9b523-05d4-43b4-803a-7b4e0ba386e7', 'ka-b2c'),
('573ca264-6644-4908-987d-e1cb3fd6d5c6', 'ka-b2c'),
('699585f3-4089-4263-a3da-8f7fce934447', 'ka-b2c'),
('f65c10af-8423-474b-bd64-5df6f8d1f03c', 'ka-b2c'),
('8b6f8ff2-8f61-4cec-9a08-4924c13cadaf', 'ka-b2c'),
('7b49dbf1-2827-48fa-ab3a-1d5a3fe33cde', 'ka-b2c'),
('3ebde4e8-6bde-4119-8c23-cf40e4fc4163', 'ka-b2c'),
('39265b4b-d5a7-44f2-956f-e04cc10d68d2', 'ka-b2c'),
('f39e97d8-f73f-4adf-a4d1-2dfa343590fe', 'ka-b2c'),
('c3885eec-b49b-4aa2-971e-5b7f5374a490', 'ka-b2c'),
('8bf8da29-fd5f-4d7c-b71f-a8c4d5104dbf', 'ka-b2c'),
('184a15ae-c6c6-48ab-9f5c-cd1b7942f0e6', 'ka-b2c'),
('53b67e50-b7ac-4293-9869-7686fda43c89', 'ka-b2c'),
('307b62ad-707c-4974-857b-fa2bdf934575', 'ka-b2c'),
('80e1dd1d-4584-4ced-8bc1-08cceeb3cf0e', 'ka-b2c'),
('6e81a147-4077-4bba-b582-570441555b69', 'ka-b2c'),
('bbe76cb7-c3cd-46e5-ad9e-017d6049e931', 'ka-b2c'),
('8c7d8b6d-de79-4b63-af04-63f9c7135e0d', 'ka-b2c'),
('4a9af391-6fa6-43ac-a15a-698df97db215', 'ka-b2c'),
('1e6c81e7-1c3a-46f6-b00c-dd1b2b91bf61', 'ka-b2c'),
('d64d0143-8e6d-4a5e-bcec-667fc01e964d', 'ka-b2c'),
('21920140-6413-4d4d-ace0-d207edebc572', 'ka-b2c'),
('391663e7-6535-4538-b847-58238f56ed99', 'ka-b2c'),
('54b5cf82-18d0-4d57-9968-67fd00e25c8d', 'ka-b2c'),
('e86d0c03-539d-40c7-abc8-0dd95e6ac26d', 'ka-b2c'),
('133a4dc8-bcbd-4a96-914e-f78b92890a06', 'ka-b2c'),
('649ca20d-dc97-499f-8b0c-61f3dd1691f9', 'ka-b2c'),
('28df7e9c-f6ac-4e13-9d9b-5c98f6222489', 'ka-b2c'),
('f0922cb6-4291-46b6-90c4-e6e1e82bb22b', 'ka-b2c'),
('1483b86b-667e-4b79-b000-d66f291441ad', 'ka-b2c'),
('c056b3b6-aa96-4051-8fb2-e1abe8fc4a5e', 'ka-b2c'),
('059ef54d-5bfa-4915-98d2-9bb2ddaf6f26', 'ka-b2c'),
('a10c1ae0-263d-48de-ab05-9a09faf86b69', 'ka-b2c'),
('f6e4d9e0-2dfd-49cb-8ed1-8f0da1e2b9ba', 'ka-b2c'),
('125de63f-103d-4f58-8898-2b0a4f59844c', 'ka-b2c'),
('cc7329cd-858e-4cde-aeae-e43187bae467', 'ka-b2c'),
('a678c6ed-11c0-44f3-9190-383c6d68039b', 'ka-b2c'),
('e3296a81-d355-4924-b30a-3305604c4c2d', 'ka-b2c'),
('c848acba-28f6-4e39-b249-ea0fddcaa435', 'ka-b2c'),
('91b4f55a-5681-4eab-b178-b6eecbf9a6f6', 'ka-b2c'),
('2c0ad24f-1455-4077-927b-28144f299f6b', 'ka-b2c'),
('96c3ad5a-0d45-4885-a74e-bc968d55b390', 'ka-b2c'),
('b6a5f695-0651-40c9-9a96-135931a7eae3', 'ka-b2c'),
('f856664f-fed8-4f9f-b726-9fb2864dbaa9', 'ka-b2c'),
('dee397c2-d958-4b1c-87c4-dd9d9be56123', 'ka-b2c'),
('ada08534-5379-431e-9f08-c257968cc7d0', 'ka-b2c'),
('2472cf67-cd2a-44cb-a06e-a4ad22c83ee1', 'ka-b2c'),
('16c8b9cf-4b6b-4143-8b88-225c674724db', 'ka-b2c'),
('c69006ae-367b-4f15-88d2-96fd928f074d', 'ka-b2c'),
('b88b1eff-257c-4b28-a5c9-6d1a24d401c1', 'ka-b2c'),
('8dd241eb-5670-4f05-a646-4336e379a2d5', 'ka-b2c'),
('05ebcf98-48e7-42fd-9522-5d0c3ff5e535', 'ka-b2c'),
('8759ebb5-c2b0-456c-8a76-66b401d0a259', 'ka-b2c'),
('25cbb9c8-b421-4aa7-b604-427a14c905e2', 'ka-b2c'),
('018f2377-5638-4220-8005-818b9ab5f0c9', 'ka-b2c'),
('bff0dc0e-f4a0-4134-9342-2013a2b01ea1', 'ka-b2c'),
('1e206a0d-864a-4143-adec-28f8fa72ae98', 'ka-b2c'),
('d289f11d-f7e4-48b6-abec-1a95aa874333', 'ka-b2c'),
('5eaae5cc-4b6f-4137-a060-6d57563ced7d', 'ka-b2c'),
('f2103f77-61fc-4f5d-aa46-43ee9d25cc35', 'ka-b2c'),
('9c4da413-402a-4325-9bdf-d117d16bec0c', 'ka-b2c'),
('9020dc70-287e-46cc-a012-be1de6bdfde9', 'ka-b2c'),
('b5b54975-846a-4a8a-ad33-43f7abce1b1c', 'ka-b2c'),
('9e81bf12-ffe0-4dca-bb11-62183739a6ce', 'ka-b2c'),
('4f3d16aa-9761-436d-b854-cf0d47e24ef5', 'ka-b2c'),
('30fdd9f1-898b-41b9-b17e-af64775fe46b', 'ka-b2c'),
('c07b01ec-e0fe-4c8f-aeb6-29c1c2540557', 'ka-b2c'),
('bb804784-22ef-40ba-9808-02af8202c95e', 'ka-b2c'),
('7f1f03ae-0d71-4947-9cf7-84b0020fba59', 'ka-b2c'),
('5b64526a-d5a3-41c1-8d6a-4e1d927d2d32', 'ka-b2c'),
('42e916bf-30d5-4eb9-8440-51ae3589d0de', 'ka-b2c'),
('513802ef-0488-45a5-8ce7-550cff733fff', 'ka-b2c'),
('c36ea778-0f27-443e-87eb-aaaf23b839ae', 'ka-b2c'),
('d6e44ac9-cac4-4668-b4ed-94a0a3643f55', 'ka-b2c'),
('c1d32b89-fc7a-4cb4-a1d6-281012186f56', 'ka-b2c'),
('b5990643-3d95-46a0-a002-63234364ef21', 'ka-b2c'),
('269be8eb-d639-4654-b6dd-eb8662638c6e', 'ka-b2c'),
('f8bca161-38d7-4f14-bbd8-f71c4b6834e8', 'ka-b2c'),
('45be3495-f217-4cd0-b19e-c20ca0a17a0b', 'ka-b2c'),
('fa0eaaba-4869-41a8-8b4b-aa4cf01edf54', 'ka-b2c'),
('304df77f-c809-4aaf-a320-69cddba73dd6', 'ka-b2c'),
('8fad484c-1a2a-424b-a0ec-4eda1fa798bb', 'ka-b2c'),
('1874b2eb-64f5-49c7-9dd5-7509dadb79da', 'ka-b2c'),
('034f5afd-072f-4025-8761-2074df2689af', 'ka-b2c'),
('0c5ea56c-f24c-48c1-942f-02c73491c272', 'ka-b2c'),
('71378032-e949-46d7-b5fb-d67d3feb9ccf', 'ka-b2c'),
('62002115-2360-40ce-b546-71efde3f494b', 'ka-b2c'),
('c72b36af-1728-4f74-a289-7af85d5024fe', 'ka-b2c'),
('24a83ebd-bae3-460a-a3ef-da222f2ca888', 'ka-b2c'),
('f6b728e6-8861-4a3f-997c-882ba03fae3c', 'ka-b2c'),
('6cdcb9bc-b4d3-46a7-b468-8c121295bd3c', 'ka-b2c'),
('793cc56a-d8c2-4758-a38a-1d0f5999909b', 'ka-b2c'),
('5edc143a-3e03-4da8-8be3-02b7aa0e3c91', 'ka-b2c'),
('3acf330f-cc4d-4161-8bd8-665c6833cfeb', 'ka-b2c'),
('6de46545-83e4-4c71-be67-a867874ab04d', 'ka-b2c'),
('bb8e5f79-2648-4f03-b435-232df04b1ae4', 'ka-b2c'),
('8037b7f0-bbf1-40f5-8323-9710327f5e6c', 'ka-b2c'),
('0d1ead5c-be32-48d6-9418-9ca653fb00c1', 'ka-b2c'),
('87a7075b-981b-4815-b60f-a0a02fd7cc35', 'ka-b2c'),
('2bb34d12-d447-4576-b3a8-1d35db180140', 'ka-b2c'),
('e41d9700-16e8-452b-bb9a-759166221625', 'ka-b2c'),
('ff06cd97-b942-4c2e-9dfa-dbc0949d5c07', 'ka-b2c'),
('b7de96f2-aff0-4e43-bc6f-ee8978b88397', 'ka-b2c'),
('ec0a9823-6a68-467e-ae2a-f25643e8a772', 'ka-b2c'),
('afb614b5-4b70-4939-bd88-13898dc8a771', 'ka-b2c'),
('76609f09-134d-4387-8e33-d06bc605f2a0', 'ka-b2c'),
('9229986d-6bc7-4653-ac76-ccff3a2b0bac', 'ka-b2c'),
('307b13e6-3cd1-4f73-bc8d-63e61525359a', 'ka-b2c'),
('66091ce3-9ee5-46bf-89b3-6aea4f908a64', 'ka-b2c'),
('50f6b92d-5f7e-4af4-a728-870fe804c546', 'ka-b2c'),
('98a140d5-96a4-45ec-8ae7-7be2a203bf1c', 'ka-b2c'),
('9d29589f-d8b3-479b-8fea-aa94cc50a673', 'ka-b2c'),
('ea6ebe8c-ee4f-46c5-ad3e-5c83785ab92b', 'ka-b2c'),
('50e2dc8a-325e-47df-a870-0fa8e895b686', 'ka-b2c'),
('b335a241-372f-4800-bcd8-045d96127cd8', 'ka-b2c'),
('a40b619a-f106-49f0-aa6c-a5352fe696c4', 'ka-b2c'),
('e2dbad5b-52b2-4f17-9c57-c1c1f2da3de2', 'ka-b2c'),
('ef6176a2-2096-41eb-a201-8e9554d09723', 'ka-b2c'),
('bbaaf61d-3287-41d9-8aa3-1ffd9f146b14', 'ka-b2c'),
('77c24118-2174-4893-8ebd-b1d505678314', 'ka-b2c'),
('1e16bf4b-4d61-4ed9-9cca-1f4d82327f67', 'ka-b2c'),
('73376d2c-05ee-42e2-8b01-240f69898d47', 'ka-b2c'),
('e2d681a3-757c-453d-bedd-5f4832eeefa2', 'ka-b2c'),
('64312054-660a-47ea-8205-9d2231c18df6', 'ka-b2c'),
('58d63d8b-fb53-40fa-9ae7-5a85c31223b5', 'ka-b2c'),
('f335e60d-1b1d-4cf7-bb37-1344f8e9da66', 'ka-b2c'),
('32703359-b559-45f6-8f0c-3e2eb0e5e12b', 'ka-b2c'),
('8e749f39-a233-4538-9467-42d170044ebc', 'ka-b2c'),
('0ed531f1-9dfe-4573-a27c-33087283f3d6', 'ka-b2c'),
('81c46784-90f0-433c-8b46-dd4f803d468e', 'ka-b2c'),
('3b2fd1a0-06cc-436e-af45-ecfb3883fec9', 'ka-b2c'),
('b6e6dd40-cdbc-4d44-a154-b5fdf63a21df', 'ka-b2c'),
('1a0df1d6-82d1-4734-90b8-bc798f99fcbb', 'ka-b2c'),
('bb85d7f8-8dc6-45b5-ac38-82262972b1c9', 'ka-b2c'),
('77ed23b2-96fa-44b0-86f2-7217fee1da9a', 'ka-b2c'),
('92ab3734-d262-43e0-a879-82c0d1d527ff', 'ka-b2c'),
('59e0f648-af91-470a-8591-90b5c647371a', 'ka-b2c'),
('34e74f8c-838d-47eb-bd2a-f5efbecbc732', 'ka-b2c'),
('948a3382-a5d5-4e73-82d8-fb3cc09463a5', 'ka-b2c'),
('b0f36766-34b0-4da5-85ab-a513dba4ac6c', 'ka-b2c'),
('e77cdf0b-85bc-47d3-9173-d51cf90411ae', 'ka-b2c');
