-- Batch 15 (200 records)
INSERT INTO contacts (id, first_name, last_name, email, phone, company, address) VALUES
('35babc13-8ff0-4401-913b-2e41cee1f3c2', 'Braun', 'Manfred', 'manfred.braun@bluewin.ch', '41797703287', NULL, 'Hauptstrasse 29, 8865 Bilten, GL'),
('9746962a-a4a1-4712-b613-e0c5c0353c94', 'Braun Michael und', 'Armanda', 'info@braun.pt', '', NULL, 'Langgasse 30, 9056 Gais, AR'),
('f0fc6a5d-8312-41ef-9d03-6cdab2de3e61', 'Braun', 'Oliver', 'oliver.braun@gmx.ch', '', NULL, 'Wehntalerstrasse 332, 8046 Zürich, ZH'),
('5fc55749-27e8-4f6b-8eb5-0fcfc4679547', 'Braun Paul und Erna', '(-Küttel)', 'wurzelzwaerge@gmx.ch', '', NULL, 'Kuonimattstrasse 6, 6010 Kriens, LU'),
('a4338335-2f1b-473c-9b4d-4f97b1d7c9f4', 'Braun Richard und Dorothy', '(-Clark)', 'rdbraun@bluewin.ch', '', NULL, 'Kistlerweg 9, 3006 Bern, BE'),
('12755292-9994-4ca1-94dd-0f311eed9b7b', 'Braun', 'Samuel', 'ocaribo@gmx.ch', '41793029243', NULL, 'Brunnrain 16, 4853 Riken AG, AG'),
('6ec8a59c-3e70-4963-9698-4a509b7264cb', 'Braun', 'Stefan', 'stefan-braun@hotmail.com', '41794705543', NULL, 'Sur Rieven 12A, 7013 Domat/Ems, GR'),
('8f96cc93-35f1-4cef-87d2-c4a5af3d007c', 'Braun Urs', '(-Afanasyewa)', 'ursbraun54@bluewin.ch', '41774416186', NULL, 'Pappelweg 2, 8546 Islikon, TG'),
('c8721b7c-a11d-449e-8ef9-bb25495f9f7f', 'Braun Wilfried und Edda', '(-Klingel)', 'braun@interegga.ch', '41792478531', NULL, 'Eigenweg 23, 4107 Ettingen, BL'),
('6d71e1b6-aae4-4b3e-83c1-b6b176d4884b', 'Braun Willy und', 'Therese', 'wibraun@bluewin.ch', '41788520253', NULL, 'Brünneliweg 15, 5724 Dürrenäsch, AG'),
('0b5ddab0-88be-4fa3-88de-9491a7b4f414', 'Brauner', 'Stefanie', 'info@physio-brauner.ch', '41767489792', NULL, 'Hauptstrasse 50, 5212 Hausen AG, AG'),
('58002077-fa6b-4a3d-8c43-4eb1740146bb', 'Braunschweig Sabine und Stefan', '(-Vollenweider)', 'braunschweig@gmx.ch', '41796674634', NULL, 'Glärnischstrasse 294C, 8708 Männedorf, ZH'),
('4c4e2e88-c56d-402a-8f61-0a51304c7ad6', 'Braunschweiler Walter', '(-Müller)', 'wbraunschweiler@bluewin.ch', '', NULL, 'Westbühlstrasse 2, 8038 Zürich, ZH'),
('921c08a4-c3f9-4d98-90eb-733e52913327', 'Braunwalder-Inauen Josef und Rita', '(-Inauen)', 'braunwalder.j@bluewin.ch', '', NULL, 'Hauptstrasse 7, 9030 Abtwil SG, SG'),
('4ed890f8-0652-4d01-82af-2cb7b9525a0a', 'Bräutigam', 'Eva', 'info@evabraeutigam.ch', '', NULL, 'Lagerstrasse 96, 8004 Zürich, ZH'),
('59f3c965-4e1c-46ce-a847-49bf6770168a', 'Brava', 'Vezir', 'v.brava@hotmail.com', '41765708553', NULL, 'Lindenhof 7, 3422 Kirchberg BE, BE'),
('f19ead9a-6294-4342-9f00-42237e70f970', 'Brawand', 'Ruedi', 'ruedi.brawand@bluewin.ch', '', NULL, 'Guggengasse 12, 3818 Grindelwald, BE'),
('045333df-48b1-4a35-bb2f-d6c37a8c6582', 'Brawand Werner', '(-Köchli)', 'w.brawand@bluewin.ch', '', NULL, 'Oberdorfstrasse 27, 8906 Bonstetten, ZH'),
('73df04c6-ae75-428c-94fa-6dfbee6b5019', 'Brawer', 'Robert', 'brawer-goeldi@bluewin.ch', '', NULL, 'Amanz Gressly-Strasse 33, 4500 Solothurn, SO'),
('1843d189-3482-4a34-ac9d-bb61e9e28543', 'Brazerol Rene', 'Roman', 'rene.brazerol@hispeed.ch', '41787897110', NULL, 'Stuckishausstrasse 15A, 3037 Herrenschwanden, BE'),
('5c2e937c-3f0e-4118-8e53-f7bf00d32f36', 'Brazzola Roberto und Marianne', '(-Kreis)', 'roberto.brazzola@bluewin.ch', '', NULL, 'Sunnehofweg 7, 8605 Gutenswil, ZH'),
('4005fb4f-551a-47a9-a834-e2ef1d9856eb', 'Brecelj', 'Milan', 'milan.brecelj@mercury-fs.ch', '41793115075', NULL, 'Oberer Mühlestettenweg 4, 4450 Sissach, BL'),
('0c36f3e2-9510-46df-9a66-06168c85e80f', 'Brechbuehl', 'Beat', 'beat.brechbuehl@bluewin.ch', '41796221252', NULL, 'Kornfeldstrasse 8, 4313 Möhlin, AG'),
('85cacdea-c5b8-4908-ab32-8780b287a670', 'Brechbühl', 'Bruno', 'bruno.brechbuehl@bluewin.ch', '', NULL, 'Aargauerstrasse 10, 8048 Zürich, ZH'),
('8e993ba6-17cb-4442-b273-ac2953318446', 'Brechbühl Fritz', '(-Pfister)', 'info@brechbuehl-motos.ch', '41794298342', NULL, 'Holzmatt 656M, 3537 Eggiwil, BE'),
('5828b4ce-c561-4546-99fa-c09ad3f9e574', 'Brechbühl Gabriela u. Dieter', '(-Röösli)', 'gabi-didi@bluewin.ch', '', NULL, 'Zihlenfeld 11, 6110 Wolhusen, LU'),
('28a71b24-9aaa-4583-b985-18143e4a14d0', 'Brechbühl', 'Heinz', 'brechbuehl.kawasaki@bluewin.ch', '', NULL, 'Emmentalstrasse 127B, 3414 Oberburg, BE'),
('6f5b38ae-ad23-493b-8175-ca5c6dc9ab6b', 'Brechbühl Heinz und Elisabeth', '(-Omlin)', 'brechbuehl.kawasaki@bluewin.ch', '41794227195', NULL, 'Leiebach 127, 3453 Heimisbach, BE'),
('b8303bd3-c45b-4b1a-bb76-8f8440cce13d', 'Brechbühl Nadia, Mathias, Nicola und Laura', '(-Wolfer)', 'mail@mbpictures.ch', '41764591111', NULL, 'Steinacherstrasse 18A, 8630 Rüti ZH, ZH'),
('47536d61-94ee-4f17-8e43-57e50d3b4cd1', 'Brechbühl', 'René', 'rene@rbrechbuehl.ch', '', NULL, 'Sonnweg 9, 3550 Langnau im Emmental, BE'),
('912fb7da-6aec-45e2-a25e-2004846d2e10', 'Brechbühl', 'Rudi', 'rudibrechbuehl@outlook.com', '41797317011', NULL, 'Herrenmoosweg 10, 2560 Nidau, BE'),
('6027970e-b551-431c-8139-005339287cee', 'Brechbühl', 'Sonja', 's.brechbuehl@pop.agri.ch', '', NULL, 'Ruflisbergstrasse 20, 6006 Luzern, LU'),
('94ea5c9f-3521-4569-a1bd-526947f637d6', 'Brechbühler Alfred u.', 'Frieda', 'alfredb@greenmail.ch', '', NULL, 'Brüelstrasse 9, 5312 Döttingen, AG'),
('b506413e-aabd-4d07-98c8-584fd319e16f', 'Brechbühler Rudolf und Lisbeth', '(-Romann)', 'rubrechbuehler@bluewin.ch', '41794618930', NULL, 'Hofgutweg 1e, 3400 Burgdorf, BE'),
('d65ce830-9282-49bd-87ab-2780b2ae2767', 'Brêchet Sébastien et Catherine', '(-Schmidt)', 'theseb@bluewin.ch', '', NULL, 'Rue des Oeuchettes 11, 2710 Tavannes, BE'),
('08f29ae4-92b9-4439-b60d-aec4248175fc', 'Breda Manuela', 'Olga', 'brolmarapp@gmail.com', '41774506493', NULL, 'Hauptstrasse 90, 3255 Rapperswil BE, BE'),
('9be9d489-ef9f-4e49-b081-127b718acf22', 'Bredschneijder Mia', 'Krista', 'miab@bluewin.ch', '41786857390', NULL, 'Fischbachstrasse 5, 8564 Hattenhausen, TG'),
('3af7fb96-eed5-464f-98a4-a50b1b2a8ff3', 'Breede Patricia und Haefeli', 'Martin', 'info@arosa-vetter-hotel.ch', '', NULL, 'Seeblickstrasse 9, 7050 Arosa, GR'),
('12450cc8-39dd-4c34-be3b-d37b78831d30', 'Bregg Peter und Lina', '(-Gallati)', 'peter@bregg.ch', '', NULL, 'Fuchswinkel 4, 8718 Schänis, SG'),
('376ad328-ee22-4727-a5e3-003b56c3ffbc', 'Bregnard', 'Jean-Claude', 'jcbregnard@bluewin.ch', '41793508200', NULL, 'Eichenstrasse 19, 2562 Port, BE'),
('5dfe3b4f-0b2f-49b5-87be-4b1e5e67e837', 'Brehm Reto und Nünlist Brehm Brigitte, Tim und Noé', '(-Nünlist)', 'info@seetalbnb.ch', '', NULL, 'Moosbergstrasse 52, 6284 Gelfingen, LU'),
('16a86b69-bc9c-41a9-b6f1-d7d046bd528e', 'Breiholtz', 'Jürg', 'juerg.breiholtz@hispeed.ch', '41796526603', NULL, 'Weissensteinstrasse 93, 3007 Bern, BE'),
('9d63e371-b486-4844-912d-0564974ce0b4', 'Breiss', 'Kaled', 'kaled.breiss@gmail.com', '41793913888', NULL, 'Gempenstrasse 25, 4053 Basel, BS'),
('9ca845a7-e878-46d7-870a-4d4711bfb06a', 'Breitenmoser', 'Maja', 'rita.bremo@bluewin.ch', '', NULL, 'Sonneggstrasse 4, 6330 Cham, ZG'),
('13c05550-f669-48cb-9531-54414d5ed46d', 'Breitenmoser', 'Paul', 'paulbreitenmoser@bluemail.ch', '', NULL, 'Riedstrasse 10, 8604 Volketswil, ZH'),
('13adad44-c48c-40af-aa44-9ba0052180ce', 'Breitenmoser', 'Walter', 'walterbreitenmoser@bluewin.ch', '', NULL, 'Langensteig 11, 9615 Dietfurt, SG'),
('d198c0f4-df55-40c4-87e7-cb9be3387bef', 'Breitenmoser Walter und', 'Elvira', 'breitenmoser.zuzwil@bluewin.ch', '41793557477', NULL, 'Oberdorfstrasse 27, 9524 Zuzwil SG, SG'),
('22215d60-0737-4d22-af67-07fce288f1ba', 'Breitenstein Kurt und Franziska', '(-Spitteler)', 'kufranaso@bluewin.ch', '41795603486', NULL, 'Lindenweg 23, 4303 Kaiseraugst, AG'),
('5a2c0d11-746c-4763-bf42-a7488d3d1021', 'Breitenstein Ruedi und', 'Theres', 'r.breitenstein@bluewin.ch', '41796780005', NULL, 'Südbahnweg 5, 5210 Windisch, AG'),
('e7227781-5bc7-46bd-8ca2-6e2f3173aad2', 'Breiter Fritz', '(-Müller)', 'breiter@gawnet.ch', '', NULL, 'Rüttenenstrasse 68, 4513 Langendorf, SO'),
('435986e1-7b9d-42aa-947f-9aa1a9dc1ed6', 'Breiter Hanni und Heinz', '(-Stoll)', 'h.h.breiter@bluewin.ch', '41795148955', NULL, 'Im Langen 18, 8416 Flaach, ZH'),
('bbc71e2b-7c9a-4930-96e9-6687e3b6739f', 'Brem Guido', '(-Huber)', 'mail@fiba-lift.ch', '', NULL, 'Pilatusstrasse 32, 8330 Pfäffikon ZH, ZH'),
('ecf8facf-cf83-40d0-b1bc-0cd21e44f49b', 'Brendle', 'Marc', 'm.brendle@bluewin.ch', '', NULL, 'Chellenweiherweg 5, 9200 Gossau SG, SG'),
('755af5d0-fc9b-4e9a-80aa-ea2e6e593ca0', 'Brenna Rolf', '(-Schaffner)', 'brennaofen@bluewin.ch', '', NULL, 'Baumgärtliring 13, 4460 Gelterkinden, BL'),
('957d0779-09a6-47ce-8b62-aba9ccea2ba1', 'Brennecke', 'Michael', 'm.brennecke@gmx.ch', '41797851639', NULL, 'Tobelstrasse 4, 8615 Wermatswil, ZH'),
('0efc921c-247f-4a01-bbfb-bf22d1e22b64', 'Brenneisen Erika', '(-Strobel)', 'erika.brenneisen@gmx.ch', '', NULL, 'Roggenburgstrasse 2, 4055 Basel, BS'),
('515e89b0-e2ad-4724-8ef7-c60813375956', 'Brenneisen', 'Michael', 'michael.brenneisen@gmx.ch', '41774132921', NULL, 'Erikastrasse 10, 4057 Basel, BS'),
('dc5e673d-0d9b-41ab-b45e-b612dbe6e555', 'Brenneisen', 'Tobias', 'tbrenneisen@bluewin.ch', '41798145500', NULL, 'Bettingerstrasse 257, 4125 Riehen, BS'),
('bf9d179e-17e8-4e07-bc5b-ab096763239b', 'Brenner Andreas und Denise', '(-Merklin)', 'a-d.brenner@sunrise.ch', '', NULL, 'Beim Buremichelskopf 25, 4059 Basel, BS'),
('7778b61f-c5fd-4597-8c88-a3f8840c8b29', 'Brentano', 'Diego', 'brentano@gmx.ch', '41765715945', NULL, 'Aarauerstrasse 12, 5200 Brugg AG, AG'),
('3067391d-1556-4cc7-ab80-ac182930591f', 'Brentzel Thomas und Elisabeth', '(-Frey)', 'tomliz@bluewin.ch', '', NULL, 'Essigweg 31, 4133 Pratteln, BL'),
('ac8fa49e-674d-4307-b4eb-0f64b388a55d', 'Breny', 'Michel', 'breny@bluewin.ch', '', NULL, 'Gishalde 7a, 4665 Oftringen, AG'),
('26879a92-4e83-4d2b-8b93-1550cf7a5c5a', 'Brenzikofer Antoinette und Theo', '(-Demisch)', 'brenzikofer@quickline.ch', '41796634335', NULL, 'Rämelgässli 2, 3067 Boll, BE'),
('8c9b6acc-0fc5-4e0a-9acf-d96dae409f3b', 'Bresolin', 'Luciano', 'brluciano@sunrise.ch', '41792835852', NULL, 'Untere Langrütistrasse 12, 8645 Jona, SG'),
('65511081-ba2a-47d3-be4d-e7076af2f26a', 'Brestel Norbert und Jacqueline', '(-Stutz)', 'norbert.brestel@bluewin.ch', '', NULL, 'Zolliker Strasse 32, 8702 Zollikon, ZH'),
('de8a9fc9-a527-4881-b55d-3f6e0e2f85c0', 'Breu Matthias', 'Urs', 'info@breu.ch', '', NULL, 'Adlerstrasse 2, 9300 Wittenbach, SG'),
('d550fb85-1127-4cee-b008-08806ea51cbb', 'Breu Pius August', '(-Waldispühl)', 'pabreu@bluewin.ch', '', NULL, 'Zuzwilstrasse 28, 3303 Jegenstorf, BE'),
('2e43db89-16b3-4be7-a430-e38732c1acaa', 'Breu Theresia', '(-Moser)', 'theresia.breu@bluewin.ch', '41793927865', NULL, 'Gerkfeldstrasse 3a, 4563 Gerlafingen, SO'),
('329e1431-da1f-4fdf-90ba-5e3ab5b280f2', 'Breuss', 'Sonja', 'sonja.breuss@bluewin.ch', '', NULL, 'Zwinglistrasse 37, 9000 St. Gallen, SG'),
('1c1affd9-b62b-4a80-9bcb-3d6fb697deb4', 'Briccola', 'Alfred', 'alfredo@diversplanet.com', '41794006553', NULL, 'General-Wille-Strasse 202, 8706 Meilen, ZH'),
('3cbf831c-d8b4-41bd-9f7e-3d45eff9f2ee', 'Briccola', 'Elisabeth', 'elisabeth.briccola@hispeed.ch', '41793366156', NULL, 'Oberdorfstrasse 24, 8153 Rümlang, ZH'),
('080f7390-7106-4511-81ec-8193030d0770', 'Brigmann', 'Thorsten', 'brigmann@hispeed.ch', '41792905416', NULL, 'Sonnenrain 8, 4800 Zofingen, AG'),
('ac479451-891f-4604-b023-7d3b5a5fed88', 'Brignoli Reto und', 'Berta', 'berta.brignoli@bluewin.ch', '', NULL, 'Ahornweg 22, 8630 Rüti ZH, ZH'),
('9b8df595-f59b-466f-aa9f-667655bcf41e', 'Briker', 'Kari', 'briker.ak@bluewin.ch', '', NULL, 'Brüsti 1, 6468 Attinghausen, UR'),
('8d1e78c7-0c4c-4aa7-ab8d-a539aaf1b639', 'Briner Emil, Nadja, Thomas und Jnderbitzin', 'J.', 'ecomas4you@hotmail.com', '', NULL, 'Weidstrasse 1A, 8122 Binz, ZH'),
('6b92db85-2c3b-49b5-943e-41466d53e7d4', 'Briner', 'Hans', 'briner@bau-umweltrecht.ch', '', NULL, 'Geroldsweg 5, 8196 Wil ZH, ZH'),
('caf0d2f9-27b2-4feb-9d62-522813d000d8', 'Briner', 'Patrick', 'malergeschaeftbriner@bluewin.ch', '41788707092', NULL, 'Geimoosstrasse 14, 8712 Stäfa, ZH'),
('e5498ac5-6e52-4430-8138-d1297110ec1a', 'Briner', 'Thomas', 'info@bã¼nzhof.ch', '', NULL, 'Othmarsingerstrasse 31A, 5103 Möriken AG, AG'),
('92685477-e620-446e-beb5-caf2b7127a0e', 'Bringold', 'Andreas', 'andreas.bringold@ggs.ch', '41795179417', NULL, 'Hof Chratten 256, 4229 Beinwil SO, SO'),
('8af73609-2fbf-4031-b28a-ae3966150f1f', 'Bringold Erny', 'Karin', 'bringold82@hotmail.com', '41786376876', NULL, 'Höhenweg 6, 5070 Frick, AG'),
('226c7efe-3760-4058-af45-22e49891603f', 'Bringold Roland und Nelly', '(-Scholten)', 'roland.bringold@bluewin.ch', '', NULL, 'Veilchenweg 10, 5074 Eiken, AG'),
('df2731c5-9bb5-430f-b0e3-d35477d20acf', 'Bringolf', 'Ellen', 'contact@ellenb.ch', '41765876767', NULL, 'Waidfussweg 37, 8037 Zürich, ZH'),
('9b001c24-09a3-48dd-9788-9817c2a38e64', 'Brischoux Patrice, Corinne, Jules, Louise, Mathilde et Léon', '(-Cattin)', 'cabris@hotmail.ch', '', NULL, 'Sous-Raimeux 22, 2740 Moutier, BE'),
('4007e874-dd79-4a78-8e02-9bf53164c8d0', 'Britschgi Anton', 'N.', 'a.bri@sunrise.ch', '41793645011', NULL, 'Kasernenstrasse 15, 3250 Lyss, BE'),
('c386a80b-0110-4204-b1d1-2aa602831f8f', 'Britschgi Peter und Lydia', '(-Stöckli)', 'peter.britschgi@swissonline.ch', '', NULL, 'Urdorferstrasse 65, 8952 Schlieren, ZH'),
('6f97f6d8-f87e-463b-b2c5-eb19a54f30de', 'Britt', 'Ernst', 'ernst.britt@bluewin.ch', '41786468568', NULL, 'Mittlerer Hummelwald 1162, 9630 Wattwil, SG'),
('cc3f9476-491e-4dda-b5fd-03dee75c00b9', 'Broch', 'Pius', 'info@broch-treuhand.ch', '', NULL, 'Luzernstrasse 1A, 6016 Hellbühl, LU'),
('c99d4e19-43d1-455b-a103-c9929eee800f', 'Bröchin', 'Hans', 'hans@broechin.com', '41763911043', NULL, 'In den Steinreben 4c, 4153 Reinach BL, BL'),
('5d2a5c56-fb37-4f62-b7f3-9562f578f7b9', 'Brockett Peter', '(-Elliott)', 'p.brockett@bluewin.ch', '', NULL, 'Im Grundacher 10b, 5452 Oberrohrdorf, AG'),
('8fdd1d05-b8fe-4616-bc03-0e64119cc503', 'Broda Hellmuth und Scheuring Broda', 'Claudia', 'hellmuth.broda@computer.org', '', NULL, 'Holbeinstrasse 19, 4051 Basel, BS'),
('92fa3272-9f32-4f8c-875d-ec940e70e506', 'Broda', 'Steffen', 'steffen.broda@hotmail.com', '', NULL, 'Bristenstrasse 13, 6460 Altdorf UR, UR'),
('3d95a4c6-b0d0-4885-bba8-066243c1908f', 'Brodbeck', 'Doris', 'db@theologinnen.ch', '', NULL, 'Kirchgasse 4, 8226 Schleitheim, SH'),
('df9b5408-5f37-4c06-8879-77a12168a331', 'Brodbeck', 'Gero', 'gebrodbeck@gmx.ch', '41786925143', NULL, 'Untermattweg 64, 3027 Bern, BE'),
('d12ca584-208a-4099-b45c-e10a9fcd9ad5', 'Brodbeck', 'Konrad', 'konrad.brodbeck@bluewin.ch', '41795431157', NULL, 'Püntenstrasse 6, 8104 Weiningen ZH, ZH'),
('b64f3789-3904-4761-868e-e7a6d7303f45', 'Brodbeck', 'Urs', 'ursbrodbeck@bluewin.ch', '', NULL, 'Pflugsteinstrasse 32, 8703 Erlenbach ZH, ZH'),
('a1961d14-0d6b-482a-b7b6-fd7efbc6b70f', 'Broder Adrian und Petra', '(-Stutz)', 'broderstutz@bluewin.ch', '', NULL, 'Schwemmiweg 11, 8880 Walenstadt, SG'),
('327789c2-138e-4709-99d9-e11cc8ec8295', 'Broder Hans u. Monika', '(-Bissig)', 'broderbissig@freesurf.ch', '', NULL, 'Achern 4, 8756 Mitlödi, GL'),
('0d3001af-00a8-4883-b600-2e2f5f5c3efd', 'Broder Raymond und', 'Katharina', 'r.broder@gmx.net', '', NULL, 'Bachtelweg 3, 8052 Zürich, ZH'),
('f0f7a4c9-9a9d-477c-a5d3-f3def4e70a3a', 'Broekema Cor und', 'Nelleke', 'broekema@hispeed.ch', '', NULL, 'Obermühleweg 16, 8424 Embrach, ZH'),
('6ff32d2d-0116-464c-85fa-9a0918717bb1', 'Broger Daniela u. Thomas', '(-Raess)', 'thomas-broger@bluewin.ch', '', NULL, 'Eschenstrasse 44, 9524 Zuzwil SG, SG'),
('36a23f52-3dbd-4b07-b94d-c6ebf98dc8e8', 'Broger', 'Maurus', 'maurus@brogesch.ch', '41792927061', NULL, 'Bäbelers 18, 9050 Appenzell Steinegg, AI'),
('4add2b26-b711-4bea-b343-efe1870c1449', 'Broger Robert u. Brigitte', '(-Geser)', 'chris_broger@bluewin.ch', '', NULL, 'Schrennenstrasse 5A, 8733 Eschenbach SG, SG'),
('59990d70-4615-479b-9d80-a137b642ad7d', 'Broggi', 'Cornelia', 'cbroggi@bluewin.ch', '', NULL, 'Im Lätten 8, 8134 Adliswil, ZH'),
('fe21c742-4c96-47e5-993b-a99b478ed205', 'Brogli', 'Marcel', 'marcel.brogli@bluewin.ch', '41796644157', NULL, 'Bachstrasse 6, 4333 Münchwilen AG, AG'),
('4b13359d-cfc9-4c83-803d-cd1942a88886', 'Brogli Peter', '(-Ritter)', 'peterbrogli@vtxmail.ch', '41794466670', NULL, 'Wydenweg 10, 4316 Hellikon, AG'),
('3a414dc4-3aef-401a-908e-0602202834b9', 'Brogli Thomas und Monika', '(-Diriwächter)', 'brogli@gmx.net', '', NULL, 'Niederamtstrasse 32, 4632 Trimbach, SO'),
('728c40ef-e9ce-4f53-85f4-adcf77db78cc', 'Brombacher Martin und', 'Antonia', 'brombacher@swissonline.ch', '', NULL, 'Moosstrasse 51, 8134 Adliswil, ZH'),
('1bbbf793-1ae8-4d9c-a833-acdfd713f65e', 'Brommecker', 'Klaus', 'brommecker@bluewin.ch', '', NULL, 'Heckenweg 14, 2575 Gerolfingen, BE'),
('a26de61e-7e0a-4082-873e-67b200a52494', 'Brönimann', 'Rudolf', 'rudolfb5@bluewin.ch', '', NULL, 'Edenstrasse 4, 8045 Zürich, ZH'),
('ee56b2a5-8440-48ab-af16-bacb1c6380c3', 'Bronn', 'Sibylle', 'si.bronn@bluewin.ch', '41796105318', NULL, 'Hostalenweg 130, 3037 Herrenschwanden, BE'),
('13e41667-f44f-4a74-bb9c-29653e506e97', 'Brönnimann Andreas, Annemarie, Sandro und Silvan', '(-Baumgartner)', 'info@broennimanns-ziegenhof.ch', '', NULL, 'Wuhrweg 24, 3145 Niederscherli, BE'),
('b075ab35-731c-4704-abcb-22320487d3e3', 'Brönnimann Andres und Barbara', '(-Aebischer)', 'andresbroennimann@bluewin.ch', '41792660684', NULL, 'Zimmerwaldstrasse 101, 3122 Kehrsatz, BE'),
('e3b84eba-b700-4e4e-bbb9-183e9fd51b6e', 'Brönnimann', 'Christiane', 'info@christiane-broennimann-hypnose.ch', '41793072967', NULL, 'Egelgasse 45, 3006 Bern, BE'),
('2713d583-3f36-432f-b613-da387a651490', 'Brönnimann Eugen', '(-Moser)', 'broeni@freesurf.ch', '', NULL, 'Hasenackerstrasse 22, 4415 Lausen, BL'),
('e7a46c69-b1ea-4ae8-9aaf-3967a051d0ce', 'Brönnimann', 'Fritz', 'fb@broennimann-stapler.ch', '41793524245', NULL, 'Usterstrasse 59, 8308 Illnau, ZH'),
('f662f541-a2a7-4f74-9fe7-93710fa9d9a6', 'Brönnimann Hanspeter und Beatrice', '(-Bischoff)', 'broennimann@gmx.ch', '', NULL, 'Kornweidliweg 26, 3700 Spiez, BE'),
('f4efe17b-c072-4851-a055-b0f87d94c19b', 'Brönnimann', 'Heidi', 'heidi.broennimann@bluewin.ch', '41793515201', NULL, 'Berglistrasse 7b, 8180 Bülach, ZH'),
('bb809a56-6f4a-4132-9b20-2628873a86b5', 'Brönnimann Heinz und Daniela', '(-Premezzi)', 'heinz@b-visuals.ch', '41763370068', NULL, 'Bergstrasse 123, 8707 Uetikon am See, ZH'),
('47b0f133-b12e-42ad-a0ee-7fdb1702f45d', 'Brönnimann', 'Michael', 'm.broennimann@gmx.ch', '41797090409', NULL, 'Talweg 74, 8707 Uetikon am See, ZH'),
('df1e499c-dde3-4e05-88fc-6ee37b5622d1', 'Brönnimann', 'Peter', 'pet-man@hispeed.ch', '41792554442', NULL, 'Grenzweg 6K, 3645 Gwatt (Thun), BE'),
('a2688c86-f41b-4bd8-b3c1-cb38aa3b3724', 'Brönnimann', 'Robert', 'robert@miroplus.ch', '41796058450', NULL, 'Oberwiesen 3, 8224 Löhningen, SH'),
('9613d7ed-71a1-4a2a-a8ce-d737432192be', 'Brönnimann Traugott', '(-Grimm)', 'sotra@evard.ch', '', NULL, 'Seestrasse 17, 2576 Lüscherz, BE'),
('655e33c7-08fe-4b62-8ea8-76aae512c093', 'Brönnimann Urs und Sandra', '(-Jau)', 'broennimann-jau@bluewin.ch', '41793736451', NULL, 'Haslistrasse 18, 3088 Rüeggisberg, BE'),
('74a0257e-7833-4474-8c78-87cc297c7fa9', 'Brons', 'Christiane', 'cbrons@hispeed.ch', '', NULL, 'Allmendstrasse 46, 3014 Bern, BE'),
('d6206944-a579-4807-8e29-470840b844c0', 'Bronwasser', 'Peter', 'info@loewenzahni.ch', '', NULL, 'Löwenstrasse 2, 9403 Goldach, SG'),
('41c861eb-3633-4959-bf3d-2fbe6b1d7324', 'Brose', 'Herbert', 'h.brose@sunrise.ch', '', NULL, 'Gerbestrasse 12a, 8595 Altnau, TG'),
('0f76deb4-3a9b-4b21-b23a-8a65942bd4bf', 'Brosi Hansjöri und Maria', '(-Flütsch)', 'hasibrosi66@gmail.com', '41763703020', NULL, 'St. Antönierstrasse 32, 7246 St. Antönien, GR'),
('b8c73110-443b-43d7-8569-0ce89cd3a077', 'Brossi Sven und Edjane', '(-Sobreira)', 'sven_brossi@hotmail.com', '', NULL, 'Im Ahorn 5, 8125 Zollikerberg, ZH'),
('056d47ef-a000-4853-8658-b17b4f8169cc', 'Brosy', 'Urs', 'urs.brosy@flyaway.ch', '', NULL, 'Spottenbergstrasse 16, 8535 Herdern, TG'),
('43e31a02-1f71-40a0-a2b1-a442e727c723', 'Brotschi', 'Fredi', 'fredi.brotschi@bluewin.ch', '', NULL, 'Badstrasse 22, 4573 Lohn-Ammannsegg, SO'),
('a3a520f5-e408-45b6-93b0-6ac4b9960d53', 'Brotschi', 'Jean-Pierre', 'brotschijp@bluewin.ch', '41796316486', NULL, 'Sagimattweg 7A, 4704 Niederbipp, BE'),
('dd094721-80f2-411b-a393-3ef2f61c3b98', 'Brotschi', 'Markus', 'markus.brotschi@gmx.ch', '41763661207', NULL, 'Lindenstrasse 16, 5107 Schinznach Dorf, AG'),
('3e94e646-6df7-4dda-a8ff-95c160c0499d', 'Brotz Christoph und', 'Esther', 'brotz@westernriding.ch', '41796911284', NULL, 'Sulzbacherstrasse 83, 8610 Uster, ZH'),
('9b86dd44-2fa3-46be-a8c3-5b9a115078bd', 'Brovelli Venanzio', '(-Cappilli)', 'info@brovelli.ch', '41797773040', NULL, 'Grabenackerstrasse 28, 8404 Winterthur, ZH'),
('3626a8f2-1833-4c4e-bd53-afbdd12fdc27', 'Brozzo Marie-Luise', '(-Spycher)', 'brozzo@sunrise.ch', '41793765338', NULL, 'Lägernstrasse 15, 5430 Wettingen, AG'),
('d308eb5b-08e3-466b-9443-18ffe6b6cae5', 'Brucato', 'Giuseppe', 'brucato.giuseppe@hispeed.ch', '', NULL, 'Bachwisstrasse 6, 9100 Herisau, AR'),
('dbfafc2a-9261-4ee6-a4e7-21ea507f6611', 'Bruch', 'Dominik', 'rhycar@gmail.com', '', NULL, 'Baselstrasse 3, 4202 Duggingen, BL'),
('2e91f02d-8221-4476-90e8-6380bb933e06', 'Brucker', 'Etta', 'etta.brucker@bluewin.ch', '41794747721', NULL, 'Langweid 27, 6333 Hünenberg See, ZG'),
('38bc60ee-6943-4254-bb7b-7307b1bef29e', 'Bruder Ernst und Susi', '(-Bolliger)', 'bruder@bruderhc.ch', '41794031665', NULL, 'Friedhofstrasse 12, 8048 Zürich, ZH'),
('d65ba74e-28aa-4a9a-b3ca-e0c211632aa1', 'Bruder', 'Käthi', 'info@bodana-travel.ch', '', NULL, 'Neustrasse 2, 8590 Romanshorn, TG'),
('d8db706e-4846-42cb-85a7-caf9d313da1b', 'Bruder Ruth und Reinhold', '(-Sager)', 'bruder@away.ch', '', NULL, 'Lärchenstrasse 4, 5024 Küttigen, AG'),
('6cc2e731-cab0-41f4-be9c-76f19e0f9dfd', 'Bruderer Hermann und Esther', '(-Frehner)', 'hebrud@bluewin.ch', '41795052003', NULL, 'Im Stadtwald 1, 9400 Rorschach, SG'),
('34473a61-8773-4dc1-b12d-976ac6486447', 'Bruderer', 'Kurt', 'kurt-magi@bluewin.ch', '', NULL, 'Obere Wilenhalde 18, 9100 Herisau, AR'),
('4eeced18-8c40-43fd-8702-b5ca8093b035', 'Bruderer Roland und', 'Maria', 'roland.bruderer@hispeed.ch', '', NULL, 'Kirchbühlstrasse 14, 9436 Balgach, SG'),
('4f927f99-4c6b-4813-b84b-2ff7c05852a3', 'Bruderer Thomas und Barbara', '(-Hulliger)', 'tombru@bluewin.ch', '41794267940', NULL, 'Napfstrasse 7, 3550 Langnau im Emmental, BE'),
('7ecaaf8c-76a5-4b4c-bce3-bc33d8002f94', 'Bruderer', 'Ursula', 'ernst.bruderer@zhwin.ch', '', NULL, 'Talweg 135, 8610 Uster, ZH'),
('b6de9c81-1880-4dd1-aaab-cd3d9244e445', 'Bruderer', 'Werner', 'werni.bruderer@bluewin.ch', '41793451642', NULL, 'Büntenmattweg 3, 4453 Nusshof, BL'),
('c4cebe83-e929-492b-b785-fa9349e63f01', 'Bruderer', 'Werner', 'webru@gmx.net', '', NULL, 'Eichelwiesenstrasse 10, 8305 Dietlikon, ZH'),
('e7289e1f-f1d3-46b1-b2f9-b64fba175b5d', 'Brüderli Jeannette', '(-Milz)', 'bruederli.j@vtxmail.ch', '4237913700', NULL, 'Staubeggstrasse 35, 8500 Frauenfeld, TG'),
('f5d640c6-0aaf-4064-ac3a-f3d125268fb3', 'Brüderlin', 'Martin', 'm.bruederlin@bluewin.ch', '41794361183', NULL, 'Tubackackerstrasse 18, 8234 Stetten SH, SH'),
('69557827-ef2a-4f31-b666-5e68ea244d1a', 'Brüderlin Paul und Esther', '(-Jenni)', 'paul.bruederlin@vtxmail.ch', '41792153704', NULL, 'Fitzerweg 13, 3715 Adelboden, BE'),
('59284726-e9dd-404c-8b6e-3135325ebc40', 'Brüderlin Peter', 'W.', 'pbmarketing@swissonline.ch', '41793507624', NULL, 'Bahnhofstrasse 3, 8803 Rüschlikon, ZH'),
('8678596f-26d9-4e88-83df-5de47caab56b', 'Brudermann', 'Daniel', 'd.brudermann@bluewin.ch', '', NULL, 'Grundstrasse 28, 8105 Watt, ZH'),
('4cde43d8-ebc4-47c1-b48c-24d3cd3db9c3', 'Bruegger Silvan', 'Till', 'silvan.bruegger@students.unibe.ch', '41797213437', NULL, 'Laubeggstrasse 58, 3006 Bern, BE'),
('7b7d010c-87c2-446f-8fe2-85a677d6ac3d', 'Brügger Cornelia, Peter, Vera, Lukas und Max', '(-Neuman)', 'cbruegger@ininet.ch', '', NULL, 'Stettbrunnenweg 38, 4132 Muttenz, BL'),
('526543ad-deb1-4885-9ceb-6005d7dd3f89', 'Brugger', 'Ernst', 'ebrugger@tele-net.ch', '', NULL, 'Amriswilerstrasse 5, 8582 Dozwil, TG'),
('e6479fde-50ae-4a61-bb24-ca4585d6c784', 'Brügger Eugen und', 'Carmen', 'mail@ebt.ch', '', NULL, 'Hubelstrasse 15, 6204 Sempach, LU'),
('1f194b8b-e0cd-4348-8266-23b0167d054a', 'Brügger Hans und', 'Astrid', 'hbruegger@bluewin.ch', '', NULL, 'Schweizeraustrasse 7, 4132 Muttenz, BL'),
('db5a2ecd-302c-46b4-bf91-b6091db07027', 'Brügger Karin und Patrick', '(-Mösching)', 'bruegger@wallisgasse42.ch', '41796500380', NULL, 'Wallisgasse 42, 3714 Frutigen, BE'),
('cfc324dc-be14-4c41-baf7-c210a63070cd', 'Brugger', 'Leci', 'leci@kruezli.ch', '41764311106', NULL, 'Via Dulezi 3, 7188 Sedrun, GR'),
('2a8f30f5-9020-4669-9882-b1b3dc9f1c4f', 'Brugger Marcel und', 'Yvonne', 'praxis@kinemal.ch', '', NULL, 'Alte Landstrasse 63, 8800 Thalwil, ZH'),
('a8821929-ec57-4fc0-822c-95aa70106c28', 'Brugger Michael, Andrea, Luan und', 'Ilaria', 'brugger.04@bluewin.ch', '', NULL, 'Chälenstrasse 16, 8187 Weiach, ZH'),
('d182b1ab-3edf-4358-8c15-69c3506c71d4', 'Brügger Othmar und Breu', 'Mirjam', 'o.bruegger@bluewin.ch', '41795044613', NULL, 'Galgerain 50, 6233 Büron, LU'),
('39837fc6-009b-4d29-824f-30786dc3ead4', 'Brugger', 'Reinhard', 'reini.brugger@gmail.com', '', NULL, 'Amriswilerstrasse 48, 8570 Weinfelden, TG'),
('0e8678d3-a94c-413a-a6a8-68ed39aff29a', 'Brügger René und Silvia', '(-Hägi)', 'rsbruegger@bluewin.ch', '', NULL, 'Im Winkel 12, 7411 Sils im Domleschg, GR'),
('4f2c1749-bb41-44c5-bdef-940448d7f888', 'Brugger Reno und Elma (-de', 'Vries)', 'reno.brugger@sunrise.ch', '41786744784', NULL, 'Höhenweg 8, 8834 Schindellegi, SZ'),
('7b9c81cc-777f-4f82-9bf2-839fb6b84151', 'Brügger Urs, Daniela, Lars und Lia', '(-Stoller)', 'bruegger.urs@bluewin.ch', '41796966611', NULL, 'Zinsmaadstrasse 3, 3714 Frutigen, BE'),
('af5e6fc3-5423-44da-a4b5-33509122dfc4', 'Brügger', 'Werner', 'brueggerwe@bluewin.ch', '41792427280', NULL, 'Brüggmatteweg 1a, 3714 Frutigen, BE'),
('1fc83f9a-1c89-40cd-845f-1362b55ee14b', 'Brugger-Duttli', 'Ariane', 'info@ariane-style.ch', '41794573606', NULL, 'Im Hofacker 43, 4106 Therwil, BL'),
('c7acc8b0-1638-4210-8bb6-aaae5b63a97d', 'Bruggisser Pascal', 'Johannes', 'pascal.bruggisser@gmx.ch', '41796843150', NULL, 'Angelgasse 5A, 6317 Oberwil b. Zug, ZG'),
('163bbe4f-8bf8-421a-bb38-04e8339d93a9', 'Bruggmann', 'Blanka', 'blanca.bruggmann@bluewin.ch', '41794060643', NULL, 'Pelikanstrasse 5, 8570 Weinfelden, TG'),
('5cfc8986-5402-45ff-be34-2c1ee20f54f4', 'Bruggmann Maria', '(-Pancheva)', 'mara@abv.bg', '41793849135', NULL, 'Rathausgasse 3, 6442 Gersau, SZ'),
('e62dfb4e-f9da-4a82-9b77-90120ff0b0f0', 'Bruggmann Paul und Maria Prazeres', '(-Patricio)', 'paulbruggmann@gmail.com', '41794768005', NULL, 'Badenerstrasse 16, 5413 Birmenstorf AG, AG'),
('7847bb5a-2bdc-4eff-ab8d-3938e6e6be6a', 'Bruggraber', 'Herbert', 'hbruggi@bluewin.ch', '', NULL, 'Kumetstrasse 50, 5234 Villigen, AG'),
('0bc3a7a8-01bb-4356-9752-28a0b5d7a3cb', 'Bruhin', 'Daniel', 'dbruhin@glaronia.ch', '', NULL, 'Speerstrasse 8, 8716 Schmerikon, SG'),
('4e99f31a-b056-44de-80e1-fe24b977e7ea', 'Bruhin', 'Karl', 'bruhin-holzbau@bluewin.ch', '41796057964', NULL, 'Schwendi 9, 8857 Vorderthal, SZ'),
('a0a9903e-9bc1-4411-9c39-9b990ff7d854', 'Bruhin Markus und', 'Elke', 'markus-bruhin@swissonline.ch', '', NULL, 'Sommeristrasse 34, 8580 Amriswil, TG'),
('7e08a5fa-cf9e-4a25-9f3f-5b7baf30a297', 'Bruhin Rudolf und', 'Gabriela', 'rudolf.bruhin@bluewin.ch', '41792088813', NULL, 'Gotthelfstrasse 5, 4054 Basel, BS'),
('f5149352-9c99-4251-9c5f-62192398ff23', 'Bruhin Ruedi', '(-Fleischmann)', 'ruedi@bruhin.biz', '', NULL, 'Seestrasse 57, 8855 Wangen SZ, SZ'),
('5e9c0cc5-f863-41bf-aa39-dca835cfdeba', 'Bruhin', 'Urs', 'u.bruhin@bruhin-druck.ch', '', NULL, 'Schmitte 10, 8737 Gommiswald, SG'),
('01c3ccaf-30c3-4f16-80f7-08c7967ace48', 'Brühlmann', 'Fritz', 'fbruehlmann@bluewin.ch', '41786056662', NULL, 'Dorflindenstrasse 4, 8050 Zürich, ZH'),
('f2c90da4-d8f3-464e-bf00-691edb0087ad', 'Brühlmann', 'Jörg', 'joerg.bruehlmann@bluewin.ch', '41763838314', NULL, 'Neudörflingerstrasse 9, 8239 Dörflingen, SH'),
('e91e9c84-8ea9-4d13-984c-9b96f4932e5d', 'Brühlmann', 'Peter', 'bruehlmann_zof@swissonline.ch', '41794228841', NULL, 'Fegergasse 31, 4800 Zofingen, AG'),
('f7466a33-969a-4cf3-a9d2-83e861f79abc', 'Brühlmann Robert und', 'Rita', 'info@yachtsport.ch', '', NULL, 'Alpsteinstrasse 26, 8590 Romanshorn, TG'),
('0c2b6a44-6622-4ac8-b321-d2fd4312ded6', 'Brühlmann', 'Roy', 'roy.bruehlmann@bluewin.ch', '41792110301', NULL, 'Altbach, 9533 Kirchberg SG, SG'),
('e68bae5d-fe5e-4b56-8e9e-627a81e1510a', 'Brühlmeier Hossle', 'Sibylle', 'hosslefam@bluewin.ch', '', NULL, 'Hinterbächlistrasse 46A, 5452 Oberrohrdorf, AG'),
('651a15bf-20e4-4e23-a442-a2e6cadafb00', 'Brühwiler Bruno und Doris', '(-Gantenbein)', 'bruno.b.bruehwiler@bluewin.ch', '41794042213', NULL, 'Riedackerstrasse 4, 8135 Langnau am Albis, ZH'),
('e994f7ca-7f95-4da5-a721-7331c5e4ad17', 'Brühwiler', 'Ivo', 'ivo-b@bluewin.ch', '41792966560', NULL, 'St. Gallerstrasse 62, 9200 Gossau SG, SG'),
('72db603d-743b-4c1b-bb64-45efe4326036', 'Brühwiler Markus und', 'Marie-Theres', 'm.m.bruehwiler@bluewin.ch', '', NULL, 'Döllistrasse 1, 8592 Uttwil, TG'),
('e00ed622-36f8-4fa3-b5fd-3958d44c971c', 'Brühwiler Martin und Monica', '(-Bischofberger)', 'mabruehwiler@gmail.com', '', NULL, 'Gässeli 22, 9437 Marbach SG, SG'),
('96097631-b089-4b2d-9f13-f48e6b83c1a2', 'Brühwiler Ochsner Rudolf und', 'Rosemarie', 'ruedi.bruehwiler@hispeed.ch', '41796879086', NULL, 'Albisriederstrasse 338, 8047 Zürich, ZH'),
('ab1b8c32-fef8-4dc0-bb29-7d3a968b6fe9', 'Brühwiler Paul und Monika', '(-Gerber)', 'pbruehwiler@gmx.ch', '', NULL, 'Im Boden 1, 8353 Elgg, ZH'),
('c94df6b7-7c70-4411-8225-287e9c4d7d8e', 'Brühwiler', 'Peter', 'pbmw@hispeed.ch', '', NULL, 'Rietstrasse 6, 8108 Dällikon, ZH'),
('9cf3a1dc-86ed-4a66-8385-dc22d2cc9162', 'Brühwiler Roman und', 'Andrea', 'rab@thurweb.ch', '', NULL, 'Sägestrasse 13, 8374 Oberwangen TG, TG'),
('7612a8bf-c104-4203-8f8f-aa72cf36de08', 'Brühwiler', 'Urban', 'urban.bruehwiler@gmx.ch', '', NULL, 'Trümmlenweg 17, 8630 Rüti ZH, ZH'),
('da0ac7a1-6e9a-45b3-944b-e38e83049148', 'Brühwiler Urban und Elinda', '(-Eisenring)', 'urban.bruehwiler@bluewin.ch', '', NULL, 'Landstrasse 37, 8362 Balterswil, TG'),
('4e29ae06-f180-46b7-af1f-5f23740cf26a', 'Brülhart', 'Stefan', 'stefan_bruelhart@bluewin.ch', '', NULL, 'Sonnenrain 10, 8810 Horgen, ZH'),
('b3939f0c-a496-4604-9f86-0ef996520e6c', 'Brülisauer Beat und Elisabeth', '(-Giger)', 'bbruelisauer@hotmail.com', '41796075542', NULL, 'Unter der Höhe 1038, 9064 Hundwil, AR'),
('b596dd2d-6ac3-470b-b039-cf21cbbf8de5', 'Brülisauer', 'Daniel', 'info@c-care.ch', '41797056581', NULL, 'Brunnenstrasse 3, 9542 Münchwilen TG, TG'),
('d1525564-4335-41ea-b43e-fba1da090ab2', 'Brülisauer', 'Hans', 'hans.brueli@bluewin.ch', '', NULL, 'Eigenweg 10, 8215 Hallau, SH');

INSERT INTO leads (id, contact_id, source, status, value, notes) VALUES
('223de9a0-f243-450d-b7d7-614a5678c308', '35babc13-8ff0-4401-913b-2e41cee1f3c2', 'KALTAKQUISE', 'ACTIVE', 0, NULL),
('aa18aafb-03f5-45f6-8062-716f2ea51b6c', '9746962a-a4a1-4712-b613-e0c5c0353c94', 'KALTAKQUISE', 'ACTIVE', 0, NULL),
('bc5b5776-ed77-4623-8c20-55953e1a9b14', 'f0fc6a5d-8312-41ef-9d03-6cdab2de3e61', 'KALTAKQUISE', 'ACTIVE', 0, NULL),
('2d7220a3-9ad8-4ba8-a7d8-f63478d15890', '5fc55749-27e8-4f6b-8eb5-0fcfc4679547', 'KALTAKQUISE', 'ACTIVE', 0, NULL),
('0dc25841-4b39-431e-9f6e-288ce124de88', 'a4338335-2f1b-473c-9b4d-4f97b1d7c9f4', 'KALTAKQUISE', 'ACTIVE', 0, NULL),
('a9ae5c43-f21d-4195-8b29-227cf79ef558', '12755292-9994-4ca1-94dd-0f311eed9b7b', 'KALTAKQUISE', 'ACTIVE', 0, NULL),
('d5fd898f-adf4-4077-ad5c-f3c79eec6a39', '6ec8a59c-3e70-4963-9698-4a509b7264cb', 'KALTAKQUISE', 'ACTIVE', 0, NULL),
('cbbb6330-968e-492c-9252-d31a5a3e4490', '8f96cc93-35f1-4cef-87d2-c4a5af3d007c', 'KALTAKQUISE', 'ACTIVE', 0, NULL),
('2ab177ff-a7cb-4dea-9f1a-0f06811a41c6', 'c8721b7c-a11d-449e-8ef9-bb25495f9f7f', 'KALTAKQUISE', 'ACTIVE', 0, NULL),
('ef445f43-cdb1-41e9-9bf5-88f793220f31', '6d71e1b6-aae4-4b3e-83c1-b6b176d4884b', 'KALTAKQUISE', 'ACTIVE', 0, NULL),
('d50c4484-75fd-489e-a474-ee67ced3a5d1', '0b5ddab0-88be-4fa3-88de-9491a7b4f414', 'KALTAKQUISE', 'ACTIVE', 0, NULL),
('c08ceb69-a157-42fb-8eaf-b5dc0d070311', '58002077-fa6b-4a3d-8c43-4eb1740146bb', 'KALTAKQUISE', 'ACTIVE', 0, NULL),
('0b1c0485-7317-4a19-89d2-192e03e65049', '4c4e2e88-c56d-402a-8f61-0a51304c7ad6', 'KALTAKQUISE', 'ACTIVE', 0, NULL),
('4e336085-20f4-4ecc-95f9-1f5f9600e300', '921c08a4-c3f9-4d98-90eb-733e52913327', 'KALTAKQUISE', 'ACTIVE', 0, NULL),
('6428aa8e-6df0-4068-9ebb-e662eefd4434', '4ed890f8-0652-4d01-82af-2cb7b9525a0a', 'KALTAKQUISE', 'ACTIVE', 0, NULL),
('893a3e89-b290-4ab5-8317-a48574a1f39f', '59f3c965-4e1c-46ce-a847-49bf6770168a', 'KALTAKQUISE', 'ACTIVE', 0, NULL),
('38a56375-ff7c-4092-8a24-10fcdec9a083', 'f19ead9a-6294-4342-9f00-42237e70f970', 'KALTAKQUISE', 'ACTIVE', 0, NULL),
('3d013cd3-ddf6-4e1d-9334-9dc63a96d0c4', '045333df-48b1-4a35-bb2f-d6c37a8c6582', 'KALTAKQUISE', 'ACTIVE', 0, NULL),
('ac2da3bb-aa3e-41fb-8085-e1ce7cd503c6', '73df04c6-ae75-428c-94fa-6dfbee6b5019', 'KALTAKQUISE', 'ACTIVE', 0, NULL),
('3378b5ae-82e8-480d-9bc2-47d9742df24c', '1843d189-3482-4a34-ac9d-bb61e9e28543', 'KALTAKQUISE', 'ACTIVE', 0, NULL),
('7cfd6972-8a5f-437b-ab6f-1a59d88b791a', '5c2e937c-3f0e-4118-8e53-f7bf00d32f36', 'KALTAKQUISE', 'ACTIVE', 0, NULL),
('4461eaee-3f10-4d8e-a32f-4c2355f4b398', '4005fb4f-551a-47a9-a834-e2ef1d9856eb', 'KALTAKQUISE', 'ACTIVE', 0, NULL),
('29272386-d2a5-4a5f-9182-7b2944b8cf50', '0c36f3e2-9510-46df-9a66-06168c85e80f', 'KALTAKQUISE', 'ACTIVE', 0, NULL),
('5c1fe850-88a8-4818-a227-3d326b04c1ea', '85cacdea-c5b8-4908-ab32-8780b287a670', 'KALTAKQUISE', 'ACTIVE', 0, NULL),
('6e6806a9-87dd-444f-ba79-8e521f93399b', '8e993ba6-17cb-4442-b273-ac2953318446', 'KALTAKQUISE', 'ACTIVE', 0, NULL),
('d9efa7ab-e96f-4efe-ae83-814a304f7307', '5828b4ce-c561-4546-99fa-c09ad3f9e574', 'KALTAKQUISE', 'ACTIVE', 0, NULL),
('f789ffe0-7486-4fa4-adfe-807b64068780', '28a71b24-9aaa-4583-b985-18143e4a14d0', 'KALTAKQUISE', 'ACTIVE', 0, NULL),
('0460cf86-d8f5-4af3-9e0a-06dc2f4664ea', '6f5b38ae-ad23-493b-8175-ca5c6dc9ab6b', 'KALTAKQUISE', 'ACTIVE', 0, NULL),
('796e14d2-d503-4f50-b3b6-382f976923cd', 'b8303bd3-c45b-4b1a-bb76-8f8440cce13d', 'KALTAKQUISE', 'ACTIVE', 0, NULL),
('4169cc41-ef38-401d-936d-b32fa1c9ec99', '47536d61-94ee-4f17-8e43-57e50d3b4cd1', 'KALTAKQUISE', 'ACTIVE', 0, NULL),
('1643b5b0-335d-4275-bf5d-09dbdb3412e8', '912fb7da-6aec-45e2-a25e-2004846d2e10', 'KALTAKQUISE', 'ACTIVE', 0, NULL),
('749525e1-fde4-4b9a-bd26-f16b1c03e8f5', '6027970e-b551-431c-8139-005339287cee', 'KALTAKQUISE', 'ACTIVE', 0, NULL),
('76e9bd73-1e6f-43d2-a029-93e6c3977f4b', '94ea5c9f-3521-4569-a1bd-526947f637d6', 'KALTAKQUISE', 'ACTIVE', 0, NULL),
('db0449b2-7a1b-473e-969d-c09fa6b72d9d', 'b506413e-aabd-4d07-98c8-584fd319e16f', 'KALTAKQUISE', 'ACTIVE', 0, NULL),
('34a03ce9-484f-451e-b77e-61e1fa341a89', 'd65ce830-9282-49bd-87ab-2780b2ae2767', 'KALTAKQUISE', 'ACTIVE', 0, NULL),
('34a80b62-63ee-4ada-9e39-3793e2385e3a', '08f29ae4-92b9-4439-b60d-aec4248175fc', 'KALTAKQUISE', 'ACTIVE', 0, NULL),
('47649650-e73b-41ac-aabe-b9bcbf9ce6cc', '9be9d489-ef9f-4e49-b081-127b718acf22', 'KALTAKQUISE', 'ACTIVE', 0, NULL),
('3b54bb6b-3123-457d-881f-afd7dacf113d', '3af7fb96-eed5-464f-98a4-a50b1b2a8ff3', 'KALTAKQUISE', 'ACTIVE', 0, NULL),
('3abedeff-07f7-49d2-a8e4-0bff999a9d94', '12450cc8-39dd-4c34-be3b-d37b78831d30', 'KALTAKQUISE', 'ACTIVE', 0, NULL),
('67477820-7333-432b-8170-40f874749e73', '376ad328-ee22-4727-a5e3-003b56c3ffbc', 'KALTAKQUISE', 'ACTIVE', 0, NULL),
('aeb0c4cd-3dfe-4629-8140-4c84e4a31e3c', '5dfe3b4f-0b2f-49b5-87be-4b1e5e67e837', 'KALTAKQUISE', 'ACTIVE', 0, NULL),
('d70ee2a3-a54b-41da-8985-f99abdfec563', '16a86b69-bc9c-41a9-b6f1-d7d046bd528e', 'KALTAKQUISE', 'ACTIVE', 0, NULL),
('0a576c70-9a73-405f-bbb8-b6b8016e7f5b', '9d63e371-b486-4844-912d-0564974ce0b4', 'KALTAKQUISE', 'ACTIVE', 0, NULL),
('28a8a49c-63cd-45e8-9116-099d23628299', '9ca845a7-e878-46d7-870a-4d4711bfb06a', 'KALTAKQUISE', 'ACTIVE', 0, NULL),
('f1ba1cdb-0591-44b6-bce6-49eb40d61803', '13c05550-f669-48cb-9531-54414d5ed46d', 'KALTAKQUISE', 'ACTIVE', 0, NULL),
('9d248377-aa30-4824-9253-497e4de53891', '13adad44-c48c-40af-aa44-9ba0052180ce', 'KALTAKQUISE', 'ACTIVE', 0, NULL),
('f4051fa5-3bb8-4f8b-872e-e1d126c47d86', 'd198c0f4-df55-40c4-87e7-cb9be3387bef', 'KALTAKQUISE', 'ACTIVE', 0, NULL),
('7a56702c-1b46-41f4-a5ed-77bc12c32613', '22215d60-0737-4d22-af67-07fce288f1ba', 'KALTAKQUISE', 'ACTIVE', 0, NULL),
('95b83877-5f80-4727-8248-9463073828eb', '5a2c0d11-746c-4763-bf42-a7488d3d1021', 'KALTAKQUISE', 'ACTIVE', 0, NULL),
('7011f2fd-f80e-4c7d-9fe2-0e569340959f', 'e7227781-5bc7-46bd-8ca2-6e2f3173aad2', 'KALTAKQUISE', 'ACTIVE', 0, NULL),
('cd9688e9-9137-4c32-bab7-baf81a432401', '435986e1-7b9d-42aa-947f-9aa1a9dc1ed6', 'KALTAKQUISE', 'ACTIVE', 0, NULL),
('41bb756c-7c14-47e0-ab81-24e808f3305f', 'bbc71e2b-7c9a-4930-96e9-6687e3b6739f', 'KALTAKQUISE', 'ACTIVE', 0, NULL),
('3d6bd8c3-54ef-423d-90b2-db750971d7f8', 'ecf8facf-cf83-40d0-b1bc-0cd21e44f49b', 'KALTAKQUISE', 'ACTIVE', 0, NULL),
('29b903a6-63d3-42f6-a6f8-3b1a887ce601', '755af5d0-fc9b-4e9a-80aa-ea2e6e593ca0', 'KALTAKQUISE', 'ACTIVE', 0, NULL),
('50a9d335-d308-434b-a06a-e676386212f2', '957d0779-09a6-47ce-8b62-aba9ccea2ba1', 'KALTAKQUISE', 'ACTIVE', 0, NULL),
('57b868a4-a15c-42ac-9578-1967970470ed', '0efc921c-247f-4a01-bbfb-bf22d1e22b64', 'KALTAKQUISE', 'ACTIVE', 0, NULL),
('1b2f00f6-0fa6-4171-b00f-76df6d02ff9d', '515e89b0-e2ad-4724-8ef7-c60813375956', 'KALTAKQUISE', 'ACTIVE', 0, NULL),
('e32cda67-d0de-4485-a265-53772c6eb3ac', 'dc5e673d-0d9b-41ab-b45e-b612dbe6e555', 'KALTAKQUISE', 'ACTIVE', 0, NULL),
('09e50177-c366-4aed-adae-f35f76591fc3', 'bf9d179e-17e8-4e07-bc5b-ab096763239b', 'KALTAKQUISE', 'ACTIVE', 0, NULL),
('c9a20741-6608-4001-a36c-34e79149ea05', '7778b61f-c5fd-4597-8c88-a3f8840c8b29', 'KALTAKQUISE', 'ACTIVE', 0, NULL),
('ab2fcc56-b150-4128-99f1-46e4f500508e', '3067391d-1556-4cc7-ab80-ac182930591f', 'KALTAKQUISE', 'ACTIVE', 0, NULL),
('293197ae-a315-441b-8b8b-fc3aad2707ec', 'ac8fa49e-674d-4307-b4eb-0f64b388a55d', 'KALTAKQUISE', 'ACTIVE', 0, NULL),
('108a7834-db45-47e7-9612-700c5e1bef2d', '26879a92-4e83-4d2b-8b93-1550cf7a5c5a', 'KALTAKQUISE', 'ACTIVE', 0, NULL),
('32d1adc0-6f68-4612-9bb1-978f5a0497a7', '8c9b6acc-0fc5-4e0a-9acf-d96dae409f3b', 'KALTAKQUISE', 'ACTIVE', 0, NULL),
('67fee78f-5612-4e9b-b83a-55f15bf72da6', '65511081-ba2a-47d3-be4d-e7076af2f26a', 'KALTAKQUISE', 'ACTIVE', 0, NULL),
('99fb1f94-7cac-4bb9-9acf-96bf7e17e074', 'de8a9fc9-a527-4881-b55d-3f6e0e2f85c0', 'KALTAKQUISE', 'ACTIVE', 0, NULL),
('4e20690a-c2c9-48af-92e9-693eb82a1137', 'd550fb85-1127-4cee-b008-08806ea51cbb', 'KALTAKQUISE', 'ACTIVE', 0, NULL),
('8b6acba6-7a80-4930-a0cd-68202f2c12c4', '2e43db89-16b3-4be7-a430-e38732c1acaa', 'KALTAKQUISE', 'ACTIVE', 0, NULL),
('60726deb-ca8c-45bd-8af1-2ec6dce4b9f0', '329e1431-da1f-4fdf-90ba-5e3ab5b280f2', 'KALTAKQUISE', 'ACTIVE', 0, NULL),
('b95229d9-2b24-4b9e-bdc0-7893df1dabad', '1c1affd9-b62b-4a80-9bcb-3d6fb697deb4', 'KALTAKQUISE', 'ACTIVE', 0, NULL),
('fdf0684e-08c2-49b5-827f-63c89590de65', '3cbf831c-d8b4-41bd-9f7e-3d45eff9f2ee', 'KALTAKQUISE', 'ACTIVE', 0, NULL),
('58116986-7702-45cb-9f0a-d9fbc0b8a995', '080f7390-7106-4511-81ec-8193030d0770', 'KALTAKQUISE', 'ACTIVE', 0, NULL),
('3be82dfe-1f13-4771-81f7-c802e2543631', 'ac479451-891f-4604-b023-7d3b5a5fed88', 'KALTAKQUISE', 'ACTIVE', 0, NULL),
('608a7492-cb96-4912-a3b9-8efb029b9a15', '9b8df595-f59b-466f-aa9f-667655bcf41e', 'KALTAKQUISE', 'ACTIVE', 0, NULL),
('7b7258b2-c310-4745-94a4-9f5b836fdd06', '8d1e78c7-0c4c-4aa7-ab8d-a539aaf1b639', 'KALTAKQUISE', 'ACTIVE', 0, NULL),
('aa1435ab-6ee9-465a-a78d-4b1f88578f11', '6b92db85-2c3b-49b5-943e-41466d53e7d4', 'KALTAKQUISE', 'ACTIVE', 0, NULL),
('ec0f0098-ae92-436a-9bc5-368fa0ec13cf', 'caf0d2f9-27b2-4feb-9d62-522813d000d8', 'KALTAKQUISE', 'ACTIVE', 0, NULL),
('d4575d82-1160-4a1b-9cee-91516a572f56', 'e5498ac5-6e52-4430-8138-d1297110ec1a', 'KALTAKQUISE', 'ACTIVE', 0, NULL),
('361432fd-7c44-4e5c-96e2-b57234e4488e', '92685477-e620-446e-beb5-caf2b7127a0e', 'KALTAKQUISE', 'ACTIVE', 0, NULL),
('bc39a073-9376-4a12-bfb1-7cea7153f063', '8af73609-2fbf-4031-b28a-ae3966150f1f', 'KALTAKQUISE', 'ACTIVE', 0, NULL),
('458dc7e5-ac9b-4c06-b6e2-801fbe603481', '226c7efe-3760-4058-af45-22e49891603f', 'KALTAKQUISE', 'ACTIVE', 0, NULL),
('152be10c-0daf-456e-bb7c-974b422d5503', 'df2731c5-9bb5-430f-b0e3-d35477d20acf', 'KALTAKQUISE', 'ACTIVE', 0, NULL),
('ec9f2993-f80c-4cd9-a205-d4c82fdf6a2d', '9b001c24-09a3-48dd-9788-9817c2a38e64', 'KALTAKQUISE', 'ACTIVE', 0, NULL),
('28c5905e-077b-4c32-ad7f-63836e6b6a13', '4007e874-dd79-4a78-8e02-9bf53164c8d0', 'KALTAKQUISE', 'ACTIVE', 0, NULL),
('49dc6834-89e6-47ef-b959-113d7eb34e31', 'c386a80b-0110-4204-b1d1-2aa602831f8f', 'KALTAKQUISE', 'ACTIVE', 0, NULL),
('3bb5066c-6139-4f13-a1f1-7f422a2afd2b', '6f97f6d8-f87e-463b-b2c5-eb19a54f30de', 'KALTAKQUISE', 'ACTIVE', 0, NULL),
('a5cb7826-4ccb-46a8-8d4e-f6db49cf5c4a', 'cc3f9476-491e-4dda-b5fd-03dee75c00b9', 'KALTAKQUISE', 'ACTIVE', 0, NULL),
('893a077f-77ea-43ae-bd50-da78b64dfec2', 'c99d4e19-43d1-455b-a103-c9929eee800f', 'KALTAKQUISE', 'ACTIVE', 0, NULL),
('6c857c15-a371-49bb-975e-aeb63455ef6d', '5d2a5c56-fb37-4f62-b7f3-9562f578f7b9', 'KALTAKQUISE', 'ACTIVE', 0, NULL),
('c788a4c9-8915-408e-866d-aa9944239cd2', '8fdd1d05-b8fe-4616-bc03-0e64119cc503', 'KALTAKQUISE', 'ACTIVE', 0, NULL),
('d534ac4f-baa3-49f8-8a5c-cafb9612dd65', '92fa3272-9f32-4f8c-875d-ec940e70e506', 'KALTAKQUISE', 'ACTIVE', 0, NULL),
('60dcf3f4-4299-42b7-9e04-0c56b7512b63', '3d95a4c6-b0d0-4885-bba8-066243c1908f', 'KALTAKQUISE', 'ACTIVE', 0, NULL),
('eb65c761-df9e-4d1f-9116-725058b146c8', 'df9b5408-5f37-4c06-8879-77a12168a331', 'KALTAKQUISE', 'ACTIVE', 0, NULL),
('25c6fa31-7467-4237-baf0-70ca7b6eb3a9', 'd12ca584-208a-4099-b45c-e10a9fcd9ad5', 'KALTAKQUISE', 'ACTIVE', 0, NULL),
('db736dd9-f241-4814-ad62-b39c32309173', 'b64f3789-3904-4761-868e-e7a6d7303f45', 'KALTAKQUISE', 'ACTIVE', 0, NULL),
('9bc82c68-c7fd-42c6-b762-8d2952d1a6b9', 'a1961d14-0d6b-482a-b7b6-fd7efbc6b70f', 'KALTAKQUISE', 'ACTIVE', 0, NULL),
('4140578c-3f12-47a8-b0b8-4b34a4982110', '327789c2-138e-4709-99d9-e11cc8ec8295', 'KALTAKQUISE', 'ACTIVE', 0, NULL),
('a04e75a8-637b-4d38-9575-fa811f67615d', '0d3001af-00a8-4883-b600-2e2f5f5c3efd', 'KALTAKQUISE', 'ACTIVE', 0, NULL),
('64203497-f2e4-4ab0-ae26-95fcd1472a3e', 'f0f7a4c9-9a9d-477c-a5d3-f3def4e70a3a', 'KALTAKQUISE', 'ACTIVE', 0, NULL),
('e52b67e4-1e4e-4adc-981c-b769dfadb92f', '6ff32d2d-0116-464c-85fa-9a0918717bb1', 'KALTAKQUISE', 'ACTIVE', 0, NULL),
('8dc9eb2e-184e-4ed1-9f42-044187903331', '36a23f52-3dbd-4b07-b94d-c6ebf98dc8e8', 'KALTAKQUISE', 'ACTIVE', 0, NULL),
('68213e9f-98c2-46bf-8263-243e455163c9', '4add2b26-b711-4bea-b343-efe1870c1449', 'KALTAKQUISE', 'ACTIVE', 0, NULL),
('5c7045c6-9f7c-4ee0-8d41-ac9de0fc3258', '59990d70-4615-479b-9d80-a137b642ad7d', 'KALTAKQUISE', 'ACTIVE', 0, NULL),
('2232ee76-c693-4ccf-84e9-10a8f6b59bd5', 'fe21c742-4c96-47e5-993b-a99b478ed205', 'KALTAKQUISE', 'ACTIVE', 0, NULL),
('e0646872-4a4b-4252-808b-d8c1417a8be6', '4b13359d-cfc9-4c83-803d-cd1942a88886', 'KALTAKQUISE', 'ACTIVE', 0, NULL),
('0028b29a-4811-4c87-8673-b129c7335ec7', '3a414dc4-3aef-401a-908e-0602202834b9', 'KALTAKQUISE', 'ACTIVE', 0, NULL),
('c1e527e6-2698-4b17-b52c-efca1299df73', '728c40ef-e9ce-4f53-85f4-adcf77db78cc', 'KALTAKQUISE', 'ACTIVE', 0, NULL),
('90835bf9-3734-4a97-adaf-e0abd310b888', '1bbbf793-1ae8-4d9c-a833-acdfd713f65e', 'KALTAKQUISE', 'ACTIVE', 0, NULL),
('37e49b64-2e07-49c2-804c-a9c360357102', 'a26de61e-7e0a-4082-873e-67b200a52494', 'KALTAKQUISE', 'ACTIVE', 0, NULL),
('d0345034-2199-4bb1-ab8d-a145225994f2', 'ee56b2a5-8440-48ab-af16-bacb1c6380c3', 'KALTAKQUISE', 'ACTIVE', 0, NULL),
('eba4d41b-0114-4d59-8106-6026381a7fbf', '13e41667-f44f-4a74-bb9c-29653e506e97', 'KALTAKQUISE', 'ACTIVE', 0, NULL),
('e6e2408a-f11e-42e3-8410-3c9bef7a978b', 'b075ab35-731c-4704-abcb-22320487d3e3', 'KALTAKQUISE', 'ACTIVE', 0, NULL),
('70151b30-db21-4697-b93b-64f42adae573', 'e3b84eba-b700-4e4e-bbb9-183e9fd51b6e', 'KALTAKQUISE', 'ACTIVE', 0, NULL),
('cc252bc6-92c6-4d4a-a3a1-4e7551818a62', '2713d583-3f36-432f-b613-da387a651490', 'KALTAKQUISE', 'ACTIVE', 0, NULL),
('8f3e3ea0-e7b0-4e0c-b581-ca6ca1b9f323', 'e7a46c69-b1ea-4ae8-9aaf-3967a051d0ce', 'KALTAKQUISE', 'ACTIVE', 0, NULL),
('7c1c528e-ef53-4d36-84bf-1ddf7eb96611', 'f662f541-a2a7-4f74-9fe7-93710fa9d9a6', 'KALTAKQUISE', 'ACTIVE', 0, NULL),
('4ba30acc-68c9-4cfa-b7d0-50fc14d442f2', 'f4efe17b-c072-4851-a055-b0f87d94c19b', 'KALTAKQUISE', 'ACTIVE', 0, NULL),
('0ca7927d-f8ce-4e40-befc-2c35ffda888c', 'bb809a56-6f4a-4132-9b20-2628873a86b5', 'KALTAKQUISE', 'ACTIVE', 0, NULL),
('8df1b17a-8052-49b3-81a3-7a57f95c0e63', '47b0f133-b12e-42ad-a0ee-7fdb1702f45d', 'KALTAKQUISE', 'ACTIVE', 0, NULL),
('904a226f-5d30-44b7-bd16-82750ab37538', 'df1e499c-dde3-4e05-88fc-6ee37b5622d1', 'KALTAKQUISE', 'ACTIVE', 0, NULL),
('a47676c9-58d4-44c2-9cdf-977954dd36f2', 'a2688c86-f41b-4bd8-b3c1-cb38aa3b3724', 'KALTAKQUISE', 'ACTIVE', 0, NULL),
('f9fe88cc-9dfc-4ffe-86d5-85744c1b199c', '9613d7ed-71a1-4a2a-a8ce-d737432192be', 'KALTAKQUISE', 'ACTIVE', 0, NULL),
('5529379b-d082-409f-91a8-6bb1a4945c1c', '655e33c7-08fe-4b62-8ea8-76aae512c093', 'KALTAKQUISE', 'ACTIVE', 0, NULL),
('c8d423c7-02f2-43e9-b79e-225f64e7ccea', '74a0257e-7833-4474-8c78-87cc297c7fa9', 'KALTAKQUISE', 'ACTIVE', 0, NULL),
('ad6c1abd-38c4-46bd-8935-96db4d920af2', 'd6206944-a579-4807-8e29-470840b844c0', 'KALTAKQUISE', 'ACTIVE', 0, NULL),
('5adb67a4-e1d0-4642-8321-4d11cf17eaa0', '41c861eb-3633-4959-bf3d-2fbe6b1d7324', 'KALTAKQUISE', 'ACTIVE', 0, NULL),
('0c4fda64-36d3-47d4-82b1-d95c0e9cda45', '0f76deb4-3a9b-4b21-b23a-8a65942bd4bf', 'KALTAKQUISE', 'ACTIVE', 0, NULL),
('3d1e7f8c-c9e7-4fc0-8669-1493737387c6', 'b8c73110-443b-43d7-8569-0ce89cd3a077', 'KALTAKQUISE', 'ACTIVE', 0, NULL),
('9e17ec6e-6301-45fd-9c7b-2cea8c927f65', '056d47ef-a000-4853-8658-b17b4f8169cc', 'KALTAKQUISE', 'ACTIVE', 0, NULL),
('4444f825-0fde-456b-8b0a-c037bd2e7420', '43e31a02-1f71-40a0-a2b1-a442e727c723', 'KALTAKQUISE', 'ACTIVE', 0, NULL),
('b1fe2c02-461c-41a3-837a-d72258842dd6', 'a3a520f5-e408-45b6-93b0-6ac4b9960d53', 'KALTAKQUISE', 'ACTIVE', 0, NULL),
('022fd040-d953-4399-a016-883f5a7bf4d7', 'dd094721-80f2-411b-a393-3ef2f61c3b98', 'KALTAKQUISE', 'ACTIVE', 0, NULL),
('bfb1ec62-e5d6-417a-8d31-dede099bb645', '3e94e646-6df7-4dda-a8ff-95c160c0499d', 'KALTAKQUISE', 'ACTIVE', 0, NULL),
('872b5605-d746-437b-8d87-0392d754e5ed', '9b86dd44-2fa3-46be-a8c3-5b9a115078bd', 'KALTAKQUISE', 'ACTIVE', 0, NULL),
('542b0460-8237-4174-8c5a-ff9cde1737ec', '3626a8f2-1833-4c4e-bd53-afbdd12fdc27', 'KALTAKQUISE', 'ACTIVE', 0, NULL),
('2deca8ea-0a69-4899-8f6f-9cfcf6d371cf', 'd308eb5b-08e3-466b-9443-18ffe6b6cae5', 'KALTAKQUISE', 'ACTIVE', 0, NULL),
('343db10a-b4c8-45fd-b639-67058918fd3b', 'dbfafc2a-9261-4ee6-a4e7-21ea507f6611', 'KALTAKQUISE', 'ACTIVE', 0, NULL),
('437b7ced-9569-45a3-91a2-4daecae510b8', '2e91f02d-8221-4476-90e8-6380bb933e06', 'KALTAKQUISE', 'ACTIVE', 0, NULL),
('de42f6ba-d3ba-42f5-b08f-01621917b052', '38bc60ee-6943-4254-bb7b-7307b1bef29e', 'KALTAKQUISE', 'ACTIVE', 0, NULL),
('b0a4168d-fd91-4be3-8e7f-52eb84de155b', 'd65ba74e-28aa-4a9a-b3ca-e0c211632aa1', 'KALTAKQUISE', 'ACTIVE', 0, NULL),
('95aa9f5d-1ac1-4e50-a56d-23d87f5d8516', 'd8db706e-4846-42cb-85a7-caf9d313da1b', 'KALTAKQUISE', 'ACTIVE', 0, NULL),
('7d6c21d1-3046-4609-bfd1-191b9e383a66', '6cc2e731-cab0-41f4-be9c-76f19e0f9dfd', 'KALTAKQUISE', 'ACTIVE', 0, NULL),
('3580bbe1-fdac-4238-a430-746d5d8c7528', '34473a61-8773-4dc1-b12d-976ac6486447', 'KALTAKQUISE', 'ACTIVE', 0, NULL),
('07d1990a-24ad-4161-9ec1-38172f2353dc', '4eeced18-8c40-43fd-8702-b5ca8093b035', 'KALTAKQUISE', 'ACTIVE', 0, NULL),
('a6789ef0-0cdb-4a77-bb2b-c8c391051771', '4f927f99-4c6b-4813-b84b-2ff7c05852a3', 'KALTAKQUISE', 'ACTIVE', 0, NULL),
('c2551c29-a348-4eb1-a93c-c66dace7da36', '7ecaaf8c-76a5-4b4c-bce3-bc33d8002f94', 'KALTAKQUISE', 'ACTIVE', 0, NULL),
('037a46db-b0c3-4cc2-aa92-3445a7947c74', 'b6de9c81-1880-4dd1-aaab-cd3d9244e445', 'KALTAKQUISE', 'ACTIVE', 0, NULL),
('040f89a9-c9a0-4573-9c4b-4d40bd2f7c50', 'c4cebe83-e929-492b-b785-fa9349e63f01', 'KALTAKQUISE', 'ACTIVE', 0, NULL),
('3c54d3fe-9add-4ff6-ba4e-4f2dd1d12bbc', 'e7289e1f-f1d3-46b1-b2f9-b64fba175b5d', 'KALTAKQUISE', 'ACTIVE', 0, NULL),
('426297c2-5abe-495b-973f-5b29027f58a6', 'f5d640c6-0aaf-4064-ac3a-f3d125268fb3', 'KALTAKQUISE', 'ACTIVE', 0, NULL),
('2c68bb29-7402-4354-86b7-38ac95440cae', '69557827-ef2a-4f31-b666-5e68ea244d1a', 'KALTAKQUISE', 'ACTIVE', 0, NULL),
('2540d0c9-b64b-4844-9f01-46eb100f73e8', '59284726-e9dd-404c-8b6e-3135325ebc40', 'KALTAKQUISE', 'ACTIVE', 0, NULL),
('ef115828-c6f1-4350-98d3-8c809897b3b1', '8678596f-26d9-4e88-83df-5de47caab56b', 'KALTAKQUISE', 'ACTIVE', 0, NULL),
('44b00c33-f982-4170-ba7a-138a90f4bb19', '4cde43d8-ebc4-47c1-b48c-24d3cd3db9c3', 'KALTAKQUISE', 'ACTIVE', 0, NULL),
('3b27d9aa-4bc8-4f83-8c4f-f78f05bc7627', '7b7d010c-87c2-446f-8fe2-85a677d6ac3d', 'KALTAKQUISE', 'ACTIVE', 0, NULL),
('1ed533b8-2d6d-4172-a56a-53ad3c8b48d9', '526543ad-deb1-4885-9ceb-6005d7dd3f89', 'KALTAKQUISE', 'ACTIVE', 0, NULL),
('0cc478d0-492d-47e3-ad8c-ecb9f82f9de7', 'e6479fde-50ae-4a61-bb24-ca4585d6c784', 'KALTAKQUISE', 'ACTIVE', 0, NULL),
('c8191a9a-8320-4830-85a9-e04f105670d5', '1f194b8b-e0cd-4348-8266-23b0167d054a', 'KALTAKQUISE', 'ACTIVE', 0, NULL),
('eecf1f03-c46d-44f0-884e-8bd0e88b699b', 'db5a2ecd-302c-46b4-bf91-b6091db07027', 'KALTAKQUISE', 'ACTIVE', 0, NULL),
('a0b22c3f-9019-4147-a839-433219971abb', 'cfc324dc-be14-4c41-baf7-c210a63070cd', 'KALTAKQUISE', 'ACTIVE', 0, NULL),
('901bb166-08b5-4cb1-aa71-bff109759386', '2a8f30f5-9020-4669-9882-b1b3dc9f1c4f', 'KALTAKQUISE', 'ACTIVE', 0, NULL),
('2da9947b-3889-4a4a-b049-e5926d2cbcc6', 'a8821929-ec57-4fc0-822c-95aa70106c28', 'KALTAKQUISE', 'ACTIVE', 0, NULL),
('7d5dee5c-e5e0-4452-9438-c133d6230eda', 'd182b1ab-3edf-4358-8c15-69c3506c71d4', 'KALTAKQUISE', 'ACTIVE', 0, NULL),
('b24a63a7-d6a5-44ee-9a87-dec8a4b6f2dc', '39837fc6-009b-4d29-824f-30786dc3ead4', 'KALTAKQUISE', 'ACTIVE', 0, NULL),
('4a424b54-fed6-4ad3-ac83-b2569332c9e5', '0e8678d3-a94c-413a-a6a8-68ed39aff29a', 'KALTAKQUISE', 'ACTIVE', 0, NULL),
('88bec273-bd62-4f6a-9cf9-1b50d1eac7bf', '4f2c1749-bb41-44c5-bdef-940448d7f888', 'KALTAKQUISE', 'ACTIVE', 0, NULL),
('84a1a932-a2ba-48d1-877f-3744373d4cab', '7b9c81cc-777f-4f82-9bf2-839fb6b84151', 'KALTAKQUISE', 'ACTIVE', 0, NULL),
('13f0eb14-fa7f-40b0-91a2-c46878996fe6', 'af5e6fc3-5423-44da-a4b5-33509122dfc4', 'KALTAKQUISE', 'ACTIVE', 0, NULL),
('0fc8e3d8-4b52-45cb-af89-5497849a5990', '1fc83f9a-1c89-40cd-845f-1362b55ee14b', 'KALTAKQUISE', 'ACTIVE', 0, NULL),
('f68c409e-1a10-410c-9d1f-f47f88f9a898', 'c7acc8b0-1638-4210-8bb6-aaae5b63a97d', 'KALTAKQUISE', 'ACTIVE', 0, NULL),
('26715f90-cf13-4b4b-afea-57c8d1d3a98e', '163bbe4f-8bf8-421a-bb38-04e8339d93a9', 'KALTAKQUISE', 'ACTIVE', 0, NULL),
('0be98fce-2237-4607-8afd-fb8603e2f427', '5cfc8986-5402-45ff-be34-2c1ee20f54f4', 'KALTAKQUISE', 'ACTIVE', 0, NULL),
('4c0a58fd-4583-4dab-949f-7d0d58f09be9', 'e62dfb4e-f9da-4a82-9b77-90120ff0b0f0', 'KALTAKQUISE', 'ACTIVE', 0, NULL),
('9229fa4b-8538-4e4c-8e0d-d99b5cbdb39f', '7847bb5a-2bdc-4eff-ab8d-3938e6e6be6a', 'KALTAKQUISE', 'ACTIVE', 0, NULL),
('ada39ad6-2f9c-448d-883a-9893e843f182', '0bc3a7a8-01bb-4356-9752-28a0b5d7a3cb', 'KALTAKQUISE', 'ACTIVE', 0, NULL),
('f8e53522-c45d-4f1c-bdfd-22367645a499', '4e99f31a-b056-44de-80e1-fe24b977e7ea', 'KALTAKQUISE', 'ACTIVE', 0, NULL),
('fcb3040b-4db5-47d8-b9cd-1d31b38e6ed3', 'a0a9903e-9bc1-4411-9c39-9b990ff7d854', 'KALTAKQUISE', 'ACTIVE', 0, NULL),
('841123b3-468a-45e5-96ba-1f297fbcee9f', '7e08a5fa-cf9e-4a25-9f3f-5b7baf30a297', 'KALTAKQUISE', 'ACTIVE', 0, NULL),
('db726fe7-1de1-4079-b3f3-71b4dcbd82f7', 'f5149352-9c99-4251-9c5f-62192398ff23', 'KALTAKQUISE', 'ACTIVE', 0, NULL),
('06774dd8-54cf-42f3-9975-0d47f831bd2e', '5e9c0cc5-f863-41bf-aa39-dca835cfdeba', 'KALTAKQUISE', 'ACTIVE', 0, NULL),
('311ec991-59e4-4b68-af58-91218ada5831', '01c3ccaf-30c3-4f16-80f7-08c7967ace48', 'KALTAKQUISE', 'ACTIVE', 0, NULL),
('484ce71f-745c-4513-bf7a-db0667e503f8', 'f2c90da4-d8f3-464e-bf00-691edb0087ad', 'KALTAKQUISE', 'ACTIVE', 0, NULL),
('f1cda00e-0bf7-4aeb-b4ef-c2c835e33632', 'e91e9c84-8ea9-4d13-984c-9b96f4932e5d', 'KALTAKQUISE', 'ACTIVE', 0, NULL),
('c6024344-139e-4ff0-b6ca-c640c7d16ee0', 'f7466a33-969a-4cf3-a9d2-83e861f79abc', 'KALTAKQUISE', 'ACTIVE', 0, NULL),
('29c44a7d-128c-4444-b68f-ad6320d897d1', '0c2b6a44-6622-4ac8-b321-d2fd4312ded6', 'KALTAKQUISE', 'ACTIVE', 0, NULL),
('9eb35084-3a53-4a39-8c0b-1e9b6000186b', 'e68bae5d-fe5e-4b56-8e9e-627a81e1510a', 'KALTAKQUISE', 'ACTIVE', 0, NULL),
('7d65af5d-0f1f-405f-8452-b0e28636b1db', '651a15bf-20e4-4e23-a442-a2e6cadafb00', 'KALTAKQUISE', 'ACTIVE', 0, NULL),
('3bddd26c-b9c6-4254-854e-f27aac526d7c', 'e994f7ca-7f95-4da5-a721-7331c5e4ad17', 'KALTAKQUISE', 'ACTIVE', 0, NULL),
('d7643e30-2523-4682-806d-6732cb0e9c64', '72db603d-743b-4c1b-bb64-45efe4326036', 'KALTAKQUISE', 'ACTIVE', 0, NULL),
('87fd238e-6f5c-4ab6-8b4c-9e4b08448bab', 'e00ed622-36f8-4fa3-b5fd-3958d44c971c', 'KALTAKQUISE', 'ACTIVE', 0, NULL),
('a8770bdf-51b9-4ebb-981d-b09986df5302', '96097631-b089-4b2d-9f13-f48e6b83c1a2', 'KALTAKQUISE', 'ACTIVE', 0, NULL),
('7e9c640c-4f3e-4940-8f15-c701bb3df3db', 'ab1b8c32-fef8-4dc0-bb29-7d3a968b6fe9', 'KALTAKQUISE', 'ACTIVE', 0, NULL),
('825256ea-a4a5-4456-880c-feda4c7ec470', 'c94df6b7-7c70-4411-8225-287e9c4d7d8e', 'KALTAKQUISE', 'ACTIVE', 0, NULL),
('79168284-3a76-46c5-b326-4cf6012d4c72', '9cf3a1dc-86ed-4a66-8385-dc22d2cc9162', 'KALTAKQUISE', 'ACTIVE', 0, NULL),
('048f0a78-865c-4bd2-9e36-7105059b2dd4', '7612a8bf-c104-4203-8f8f-aa72cf36de08', 'KALTAKQUISE', 'ACTIVE', 0, NULL),
('8c122056-2969-4e8e-be02-aac3ee47f458', 'da0ac7a1-6e9a-45b3-944b-e38e83049148', 'KALTAKQUISE', 'ACTIVE', 0, NULL),
('68d5239b-7264-42e9-86da-66967a62de47', '4e29ae06-f180-46b7-af1f-5f23740cf26a', 'KALTAKQUISE', 'ACTIVE', 0, NULL),
('4b21fbab-6122-4f9e-be40-076ee6b27ab6', 'b3939f0c-a496-4604-9f86-0ef996520e6c', 'KALTAKQUISE', 'ACTIVE', 0, NULL),
('eedd1289-bb76-4cdc-979f-e252f2a35dec', 'b596dd2d-6ac3-470b-b039-cf21cbbf8de5', 'KALTAKQUISE', 'ACTIVE', 0, NULL),
('ec2b3b5d-cade-42c7-83c9-a8a3ecd7f3bd', 'd1525564-4335-41ea-b43e-fba1da090ab2', 'KALTAKQUISE', 'ACTIVE', 0, NULL);

INSERT INTO lead_tags (lead_id, tag_id) VALUES
('223de9a0-f243-450d-b7d7-614a5678c308', 'ka-b2c'),
('aa18aafb-03f5-45f6-8062-716f2ea51b6c', 'ka-b2c'),
('bc5b5776-ed77-4623-8c20-55953e1a9b14', 'ka-b2c'),
('2d7220a3-9ad8-4ba8-a7d8-f63478d15890', 'ka-b2c'),
('0dc25841-4b39-431e-9f6e-288ce124de88', 'ka-b2c'),
('a9ae5c43-f21d-4195-8b29-227cf79ef558', 'ka-b2c'),
('d5fd898f-adf4-4077-ad5c-f3c79eec6a39', 'ka-b2c'),
('cbbb6330-968e-492c-9252-d31a5a3e4490', 'ka-b2c'),
('2ab177ff-a7cb-4dea-9f1a-0f06811a41c6', 'ka-b2c'),
('ef445f43-cdb1-41e9-9bf5-88f793220f31', 'ka-b2c'),
('d50c4484-75fd-489e-a474-ee67ced3a5d1', 'ka-b2c'),
('c08ceb69-a157-42fb-8eaf-b5dc0d070311', 'ka-b2c'),
('0b1c0485-7317-4a19-89d2-192e03e65049', 'ka-b2c'),
('4e336085-20f4-4ecc-95f9-1f5f9600e300', 'ka-b2c'),
('6428aa8e-6df0-4068-9ebb-e662eefd4434', 'ka-b2c'),
('893a3e89-b290-4ab5-8317-a48574a1f39f', 'ka-b2c'),
('38a56375-ff7c-4092-8a24-10fcdec9a083', 'ka-b2c'),
('3d013cd3-ddf6-4e1d-9334-9dc63a96d0c4', 'ka-b2c'),
('ac2da3bb-aa3e-41fb-8085-e1ce7cd503c6', 'ka-b2c'),
('3378b5ae-82e8-480d-9bc2-47d9742df24c', 'ka-b2c'),
('7cfd6972-8a5f-437b-ab6f-1a59d88b791a', 'ka-b2c'),
('4461eaee-3f10-4d8e-a32f-4c2355f4b398', 'ka-b2c'),
('29272386-d2a5-4a5f-9182-7b2944b8cf50', 'ka-b2c'),
('5c1fe850-88a8-4818-a227-3d326b04c1ea', 'ka-b2c'),
('6e6806a9-87dd-444f-ba79-8e521f93399b', 'ka-b2c'),
('d9efa7ab-e96f-4efe-ae83-814a304f7307', 'ka-b2c'),
('f789ffe0-7486-4fa4-adfe-807b64068780', 'ka-b2c'),
('0460cf86-d8f5-4af3-9e0a-06dc2f4664ea', 'ka-b2c'),
('796e14d2-d503-4f50-b3b6-382f976923cd', 'ka-b2c'),
('4169cc41-ef38-401d-936d-b32fa1c9ec99', 'ka-b2c'),
('1643b5b0-335d-4275-bf5d-09dbdb3412e8', 'ka-b2c'),
('749525e1-fde4-4b9a-bd26-f16b1c03e8f5', 'ka-b2c'),
('76e9bd73-1e6f-43d2-a029-93e6c3977f4b', 'ka-b2c'),
('db0449b2-7a1b-473e-969d-c09fa6b72d9d', 'ka-b2c'),
('34a03ce9-484f-451e-b77e-61e1fa341a89', 'ka-b2c'),
('34a80b62-63ee-4ada-9e39-3793e2385e3a', 'ka-b2c'),
('47649650-e73b-41ac-aabe-b9bcbf9ce6cc', 'ka-b2c'),
('3b54bb6b-3123-457d-881f-afd7dacf113d', 'ka-b2c'),
('3abedeff-07f7-49d2-a8e4-0bff999a9d94', 'ka-b2c'),
('67477820-7333-432b-8170-40f874749e73', 'ka-b2c'),
('aeb0c4cd-3dfe-4629-8140-4c84e4a31e3c', 'ka-b2c'),
('d70ee2a3-a54b-41da-8985-f99abdfec563', 'ka-b2c'),
('0a576c70-9a73-405f-bbb8-b6b8016e7f5b', 'ka-b2c'),
('28a8a49c-63cd-45e8-9116-099d23628299', 'ka-b2c'),
('f1ba1cdb-0591-44b6-bce6-49eb40d61803', 'ka-b2c'),
('9d248377-aa30-4824-9253-497e4de53891', 'ka-b2c'),
('f4051fa5-3bb8-4f8b-872e-e1d126c47d86', 'ka-b2c'),
('7a56702c-1b46-41f4-a5ed-77bc12c32613', 'ka-b2c'),
('95b83877-5f80-4727-8248-9463073828eb', 'ka-b2c'),
('7011f2fd-f80e-4c7d-9fe2-0e569340959f', 'ka-b2c'),
('cd9688e9-9137-4c32-bab7-baf81a432401', 'ka-b2c'),
('41bb756c-7c14-47e0-ab81-24e808f3305f', 'ka-b2c'),
('3d6bd8c3-54ef-423d-90b2-db750971d7f8', 'ka-b2c'),
('29b903a6-63d3-42f6-a6f8-3b1a887ce601', 'ka-b2c'),
('50a9d335-d308-434b-a06a-e676386212f2', 'ka-b2c'),
('57b868a4-a15c-42ac-9578-1967970470ed', 'ka-b2c'),
('1b2f00f6-0fa6-4171-b00f-76df6d02ff9d', 'ka-b2c'),
('e32cda67-d0de-4485-a265-53772c6eb3ac', 'ka-b2c'),
('09e50177-c366-4aed-adae-f35f76591fc3', 'ka-b2c'),
('c9a20741-6608-4001-a36c-34e79149ea05', 'ka-b2c'),
('ab2fcc56-b150-4128-99f1-46e4f500508e', 'ka-b2c'),
('293197ae-a315-441b-8b8b-fc3aad2707ec', 'ka-b2c'),
('108a7834-db45-47e7-9612-700c5e1bef2d', 'ka-b2c'),
('32d1adc0-6f68-4612-9bb1-978f5a0497a7', 'ka-b2c'),
('67fee78f-5612-4e9b-b83a-55f15bf72da6', 'ka-b2c'),
('99fb1f94-7cac-4bb9-9acf-96bf7e17e074', 'ka-b2c'),
('4e20690a-c2c9-48af-92e9-693eb82a1137', 'ka-b2c'),
('8b6acba6-7a80-4930-a0cd-68202f2c12c4', 'ka-b2c'),
('60726deb-ca8c-45bd-8af1-2ec6dce4b9f0', 'ka-b2c'),
('b95229d9-2b24-4b9e-bdc0-7893df1dabad', 'ka-b2c'),
('fdf0684e-08c2-49b5-827f-63c89590de65', 'ka-b2c'),
('58116986-7702-45cb-9f0a-d9fbc0b8a995', 'ka-b2c'),
('3be82dfe-1f13-4771-81f7-c802e2543631', 'ka-b2c'),
('608a7492-cb96-4912-a3b9-8efb029b9a15', 'ka-b2c'),
('7b7258b2-c310-4745-94a4-9f5b836fdd06', 'ka-b2c'),
('aa1435ab-6ee9-465a-a78d-4b1f88578f11', 'ka-b2c'),
('ec0f0098-ae92-436a-9bc5-368fa0ec13cf', 'ka-b2c'),
('d4575d82-1160-4a1b-9cee-91516a572f56', 'ka-b2c'),
('361432fd-7c44-4e5c-96e2-b57234e4488e', 'ka-b2c'),
('bc39a073-9376-4a12-bfb1-7cea7153f063', 'ka-b2c'),
('458dc7e5-ac9b-4c06-b6e2-801fbe603481', 'ka-b2c'),
('152be10c-0daf-456e-bb7c-974b422d5503', 'ka-b2c'),
('ec9f2993-f80c-4cd9-a205-d4c82fdf6a2d', 'ka-b2c'),
('28c5905e-077b-4c32-ad7f-63836e6b6a13', 'ka-b2c'),
('49dc6834-89e6-47ef-b959-113d7eb34e31', 'ka-b2c'),
('3bb5066c-6139-4f13-a1f1-7f422a2afd2b', 'ka-b2c'),
('a5cb7826-4ccb-46a8-8d4e-f6db49cf5c4a', 'ka-b2c'),
('893a077f-77ea-43ae-bd50-da78b64dfec2', 'ka-b2c'),
('6c857c15-a371-49bb-975e-aeb63455ef6d', 'ka-b2c'),
('c788a4c9-8915-408e-866d-aa9944239cd2', 'ka-b2c'),
('d534ac4f-baa3-49f8-8a5c-cafb9612dd65', 'ka-b2c'),
('60dcf3f4-4299-42b7-9e04-0c56b7512b63', 'ka-b2c'),
('eb65c761-df9e-4d1f-9116-725058b146c8', 'ka-b2c'),
('25c6fa31-7467-4237-baf0-70ca7b6eb3a9', 'ka-b2c'),
('db736dd9-f241-4814-ad62-b39c32309173', 'ka-b2c'),
('9bc82c68-c7fd-42c6-b762-8d2952d1a6b9', 'ka-b2c'),
('4140578c-3f12-47a8-b0b8-4b34a4982110', 'ka-b2c'),
('a04e75a8-637b-4d38-9575-fa811f67615d', 'ka-b2c'),
('64203497-f2e4-4ab0-ae26-95fcd1472a3e', 'ka-b2c'),
('e52b67e4-1e4e-4adc-981c-b769dfadb92f', 'ka-b2c'),
('8dc9eb2e-184e-4ed1-9f42-044187903331', 'ka-b2c'),
('68213e9f-98c2-46bf-8263-243e455163c9', 'ka-b2c'),
('5c7045c6-9f7c-4ee0-8d41-ac9de0fc3258', 'ka-b2c'),
('2232ee76-c693-4ccf-84e9-10a8f6b59bd5', 'ka-b2c'),
('e0646872-4a4b-4252-808b-d8c1417a8be6', 'ka-b2c'),
('0028b29a-4811-4c87-8673-b129c7335ec7', 'ka-b2c'),
('c1e527e6-2698-4b17-b52c-efca1299df73', 'ka-b2c'),
('90835bf9-3734-4a97-adaf-e0abd310b888', 'ka-b2c'),
('37e49b64-2e07-49c2-804c-a9c360357102', 'ka-b2c'),
('d0345034-2199-4bb1-ab8d-a145225994f2', 'ka-b2c'),
('eba4d41b-0114-4d59-8106-6026381a7fbf', 'ka-b2c'),
('e6e2408a-f11e-42e3-8410-3c9bef7a978b', 'ka-b2c'),
('70151b30-db21-4697-b93b-64f42adae573', 'ka-b2c'),
('cc252bc6-92c6-4d4a-a3a1-4e7551818a62', 'ka-b2c'),
('8f3e3ea0-e7b0-4e0c-b581-ca6ca1b9f323', 'ka-b2c'),
('7c1c528e-ef53-4d36-84bf-1ddf7eb96611', 'ka-b2c'),
('4ba30acc-68c9-4cfa-b7d0-50fc14d442f2', 'ka-b2c'),
('0ca7927d-f8ce-4e40-befc-2c35ffda888c', 'ka-b2c'),
('8df1b17a-8052-49b3-81a3-7a57f95c0e63', 'ka-b2c'),
('904a226f-5d30-44b7-bd16-82750ab37538', 'ka-b2c'),
('a47676c9-58d4-44c2-9cdf-977954dd36f2', 'ka-b2c'),
('f9fe88cc-9dfc-4ffe-86d5-85744c1b199c', 'ka-b2c'),
('5529379b-d082-409f-91a8-6bb1a4945c1c', 'ka-b2c'),
('c8d423c7-02f2-43e9-b79e-225f64e7ccea', 'ka-b2c'),
('ad6c1abd-38c4-46bd-8935-96db4d920af2', 'ka-b2c'),
('5adb67a4-e1d0-4642-8321-4d11cf17eaa0', 'ka-b2c'),
('0c4fda64-36d3-47d4-82b1-d95c0e9cda45', 'ka-b2c'),
('3d1e7f8c-c9e7-4fc0-8669-1493737387c6', 'ka-b2c'),
('9e17ec6e-6301-45fd-9c7b-2cea8c927f65', 'ka-b2c'),
('4444f825-0fde-456b-8b0a-c037bd2e7420', 'ka-b2c'),
('b1fe2c02-461c-41a3-837a-d72258842dd6', 'ka-b2c'),
('022fd040-d953-4399-a016-883f5a7bf4d7', 'ka-b2c'),
('bfb1ec62-e5d6-417a-8d31-dede099bb645', 'ka-b2c'),
('872b5605-d746-437b-8d87-0392d754e5ed', 'ka-b2c'),
('542b0460-8237-4174-8c5a-ff9cde1737ec', 'ka-b2c'),
('2deca8ea-0a69-4899-8f6f-9cfcf6d371cf', 'ka-b2c'),
('343db10a-b4c8-45fd-b639-67058918fd3b', 'ka-b2c'),
('437b7ced-9569-45a3-91a2-4daecae510b8', 'ka-b2c'),
('de42f6ba-d3ba-42f5-b08f-01621917b052', 'ka-b2c'),
('b0a4168d-fd91-4be3-8e7f-52eb84de155b', 'ka-b2c'),
('95aa9f5d-1ac1-4e50-a56d-23d87f5d8516', 'ka-b2c'),
('7d6c21d1-3046-4609-bfd1-191b9e383a66', 'ka-b2c'),
('3580bbe1-fdac-4238-a430-746d5d8c7528', 'ka-b2c'),
('07d1990a-24ad-4161-9ec1-38172f2353dc', 'ka-b2c'),
('a6789ef0-0cdb-4a77-bb2b-c8c391051771', 'ka-b2c'),
('c2551c29-a348-4eb1-a93c-c66dace7da36', 'ka-b2c'),
('037a46db-b0c3-4cc2-aa92-3445a7947c74', 'ka-b2c'),
('040f89a9-c9a0-4573-9c4b-4d40bd2f7c50', 'ka-b2c'),
('3c54d3fe-9add-4ff6-ba4e-4f2dd1d12bbc', 'ka-b2c'),
('426297c2-5abe-495b-973f-5b29027f58a6', 'ka-b2c'),
('2c68bb29-7402-4354-86b7-38ac95440cae', 'ka-b2c'),
('2540d0c9-b64b-4844-9f01-46eb100f73e8', 'ka-b2c'),
('ef115828-c6f1-4350-98d3-8c809897b3b1', 'ka-b2c'),
('44b00c33-f982-4170-ba7a-138a90f4bb19', 'ka-b2c'),
('3b27d9aa-4bc8-4f83-8c4f-f78f05bc7627', 'ka-b2c'),
('1ed533b8-2d6d-4172-a56a-53ad3c8b48d9', 'ka-b2c'),
('0cc478d0-492d-47e3-ad8c-ecb9f82f9de7', 'ka-b2c'),
('c8191a9a-8320-4830-85a9-e04f105670d5', 'ka-b2c'),
('eecf1f03-c46d-44f0-884e-8bd0e88b699b', 'ka-b2c'),
('a0b22c3f-9019-4147-a839-433219971abb', 'ka-b2c'),
('901bb166-08b5-4cb1-aa71-bff109759386', 'ka-b2c'),
('2da9947b-3889-4a4a-b049-e5926d2cbcc6', 'ka-b2c'),
('7d5dee5c-e5e0-4452-9438-c133d6230eda', 'ka-b2c'),
('b24a63a7-d6a5-44ee-9a87-dec8a4b6f2dc', 'ka-b2c'),
('4a424b54-fed6-4ad3-ac83-b2569332c9e5', 'ka-b2c'),
('88bec273-bd62-4f6a-9cf9-1b50d1eac7bf', 'ka-b2c'),
('84a1a932-a2ba-48d1-877f-3744373d4cab', 'ka-b2c'),
('13f0eb14-fa7f-40b0-91a2-c46878996fe6', 'ka-b2c'),
('0fc8e3d8-4b52-45cb-af89-5497849a5990', 'ka-b2c'),
('f68c409e-1a10-410c-9d1f-f47f88f9a898', 'ka-b2c'),
('26715f90-cf13-4b4b-afea-57c8d1d3a98e', 'ka-b2c'),
('0be98fce-2237-4607-8afd-fb8603e2f427', 'ka-b2c'),
('4c0a58fd-4583-4dab-949f-7d0d58f09be9', 'ka-b2c'),
('9229fa4b-8538-4e4c-8e0d-d99b5cbdb39f', 'ka-b2c'),
('ada39ad6-2f9c-448d-883a-9893e843f182', 'ka-b2c'),
('f8e53522-c45d-4f1c-bdfd-22367645a499', 'ka-b2c'),
('fcb3040b-4db5-47d8-b9cd-1d31b38e6ed3', 'ka-b2c'),
('841123b3-468a-45e5-96ba-1f297fbcee9f', 'ka-b2c'),
('db726fe7-1de1-4079-b3f3-71b4dcbd82f7', 'ka-b2c'),
('06774dd8-54cf-42f3-9975-0d47f831bd2e', 'ka-b2c'),
('311ec991-59e4-4b68-af58-91218ada5831', 'ka-b2c'),
('484ce71f-745c-4513-bf7a-db0667e503f8', 'ka-b2c'),
('f1cda00e-0bf7-4aeb-b4ef-c2c835e33632', 'ka-b2c'),
('c6024344-139e-4ff0-b6ca-c640c7d16ee0', 'ka-b2c'),
('29c44a7d-128c-4444-b68f-ad6320d897d1', 'ka-b2c'),
('9eb35084-3a53-4a39-8c0b-1e9b6000186b', 'ka-b2c'),
('7d65af5d-0f1f-405f-8452-b0e28636b1db', 'ka-b2c'),
('3bddd26c-b9c6-4254-854e-f27aac526d7c', 'ka-b2c'),
('d7643e30-2523-4682-806d-6732cb0e9c64', 'ka-b2c'),
('87fd238e-6f5c-4ab6-8b4c-9e4b08448bab', 'ka-b2c'),
('a8770bdf-51b9-4ebb-981d-b09986df5302', 'ka-b2c'),
('7e9c640c-4f3e-4940-8f15-c701bb3df3db', 'ka-b2c'),
('825256ea-a4a5-4456-880c-feda4c7ec470', 'ka-b2c'),
('79168284-3a76-46c5-b326-4cf6012d4c72', 'ka-b2c'),
('048f0a78-865c-4bd2-9e36-7105059b2dd4', 'ka-b2c'),
('8c122056-2969-4e8e-be02-aac3ee47f458', 'ka-b2c'),
('68d5239b-7264-42e9-86da-66967a62de47', 'ka-b2c'),
('4b21fbab-6122-4f9e-be40-076ee6b27ab6', 'ka-b2c'),
('eedd1289-bb76-4cdc-979f-e252f2a35dec', 'ka-b2c'),
('ec2b3b5d-cade-42c7-83c9-a8a3ecd7f3bd', 'ka-b2c');
