-- Batch 85 (200 records)
INSERT INTO contacts (id, first_name, last_name, email, phone, company, address) VALUES
('265c4d24-8c2c-498a-9dad-1a9691ffd801', 'Murer', 'Robert', 'aeugst@bluewin.ch', '41794777435', NULL, 'Breitenstrasse 3, 8914 Aeugst am Albis, ZH'),
('7345b1e2-4eff-41bb-8fa1-fe39f905b8d2', 'Murer Saverio und', 'Käthi', 'murer@zik5037.ch', '', NULL, 'Spätrain 15, 5037 Muhen, AG'),
('057ffa28-f69b-481a-8111-ca716f623635', 'Murer', 'Thomas', 'th.murer@bluewin.ch', '41793485309', NULL, 'Oberdorfstrasse 50, 6375 Beckenried, NW'),
('33553de9-eb4f-4af9-88eb-87dcafda253e', 'Murer Werner und', 'Diana', 'wmurer@bluewin.ch', '', NULL, 'Feldhof 25, 6300 Zug, ZG'),
('ba3d9b9a-9c22-4933-852b-f5919129bda1', 'Müri', 'Christian', 'christian.mueri@bluewin.ch', '', NULL, 'Austrasse 11, 8706 Meilen, ZH'),
('d2d5201e-dbc0-4b21-8de7-283acb4d1f08', 'Müri', 'Elisabeth', 'mueri.elisabeth@gmail.com', '', NULL, 'Moosmülistrasse 30, 9030 Abtwil SG, SG'),
('87e83421-7d35-4e91-adaf-25e3c73f5ef2', 'Müri', 'Felix', 'felix@mueri.ch', '', NULL, 'Zimmerlistrasse 7, 8004 Zürich, ZH'),
('0e0bbd78-fc80-4ba9-aedf-903730693d0f', 'Müri Marianne', '(-Lussi)', 'marianne.mueri@postmail.ch', '', NULL, 'Heugatterstrasse 12, 8600 Dübendorf, ZH'),
('dab51c8b-a58c-42db-859d-e027ef681d1e', 'Muri', 'René', 'renato.muri@bluewin.ch', '41792323861', NULL, 'Bernstrasse 36, 3037 Herrenschwanden, BE'),
('42c2b9da-d02b-43ce-a4ac-66eb8e35f97a', 'Muri Ruedi', '(-Bachmann)', 'ruedi.muri@gmx.ch', '41795021748', NULL, 'Under Neuhus 15, 6017 Ruswil, LU'),
('bbeb9d8f-6765-4746-895c-80eb4e20c9e8', 'Müri', 'Stephan', 'stephan@mueri.ch', '', NULL, 'Stettbacherrain 2, 8051 Zürich, ZH'),
('401af3a8-aaa1-454e-a2da-005d4bdb70bf', 'Murk Maria', '(-Caceres)', 'marymurk@hotmail.ch', '41768010814', NULL, 'Seefeldstrasse 8, 9320 Arbon, TG'),
('91d3b359-c0ae-4e9a-ba40-2f4b97eab63e', 'Murk', 'Mary', 'marymurki@hotmail.com', '41788094593', NULL, 'Rebenstrasse 60, 9320 Arbon, TG'),
('d73a9171-0f6f-4e02-bac3-55cad7d62571', 'Murk Ursin', '(-Rudigier)', 'apartbellamira@bluewin.ch', '', NULL, 'Lärchenweg 2, 7562 Samnaun-Compatsch, GR'),
('a196d8a9-2703-4ab3-934b-b395bffa1e95', 'Mürner Guido u. Eveline', '(-Held)', 'g.muerner@bluewin.ch', '', NULL, 'Hauptstrasse 30A, 8532 Weiningen TG, TG'),
('14f2a448-4009-4129-b1e5-00d38c48087b', 'Mürner Robert', '(-Fink)', 'r.muerner@bluewin.ch', '', NULL, 'Friedheimstrasse 29, 8057 Zürich, ZH'),
('e00fcbf2-a90e-4ed9-b122-cbda70e25cf0', 'Mürner Sepp u. Anita', '(-Meyer)', 'sepp.muerner@com2net.ch', '', NULL, 'Buchenweg 11, 5417 Untersiggenthal, AG'),
('a5df8489-48de-4a0a-bf53-635f67564bf1', 'Mürner Susanne und', 'Nathalie', 'smuerner@sunrise.ch', '41793056174', NULL, 'Tschuppestrasse 4, 3704 Krattigen, BE'),
('936f466f-33b2-4b2c-a2f6-bbbf4cf414c5', 'Murray Brendan und Janine', '(-Stevens)', 'murray@avalis.ch', '', NULL, 'Brunnackerstrasse 6, 4433 Ramlinsburg, BL'),
('4f4f46e2-72c6-41a8-83e8-91dcd4daff04', 'Murri Gerhard und Carola', '(-Koll)', 'info@diwefa.ch', '', NULL, 'Schulstrasse 70, 8413 Neftenbach, ZH'),
('de93ebfb-bd9a-4c6d-a934-c66c5fc710e0', 'Mürset', 'Philippe', 'fillol@bluewin.ch', '', NULL, 'Bruugholzweg 5, 3148 Lanzenhäusern, BE'),
('910725ea-7c25-498e-89eb-0f9b07bf2e16', 'Mürset Roman und', 'Reiko', 'reiko.muerset@bluewin.ch', '41799572259', NULL, 'Dorfgasse 21, 2513 Twann, BE'),
('74761b78-3dba-4af1-93d8-52121c83d7ce', 'Muser', 'Irène', 'praxis@irenemuser.ch', '', NULL, 'Spitalackerstrasse 67, 3013 Bern, BE'),
('6077c00f-bc6b-476f-90d7-a0f53f4d9e71', 'Muslija', 'Afrim', 'muslija.afrim@gmail.com', '', NULL, 'Gässli 49, 4665 Oftringen, AG'),
('c7c1fe75-3a94-4415-8d69-ca9a2264a850', 'Musso', 'Fulvio', 'fulvio@musso.ch', '', NULL, 'Flawiler Strasse 50, 9536 Schwarzenbach SG, SG'),
('925b8ca9-8fcd-4f75-ad2a-ff96e2ad8022', 'Muster Regula und', 'Werner', 'werner.muster@bluewin.ch', '', NULL, 'Aemtlerstrasse 170, 8003 Zürich, ZH'),
('f4209912-898f-4083-9a7f-9e4834ce922a', 'Muster Rolf et Anne-Lise', '(-Schwab)', 'rolfmuster@bluewin.ch', '41793038329', NULL, 'Place Samuel Gobat 21, 2746 Crémines, BE'),
('ed8e68c9-581a-41c4-8a88-16afb010e6b6', 'Muthuraja', 'Sathanantham', 'satha14@bluewin.ch', '41794648478', NULL, 'Rainstrasse 2, 8406 Winterthur, ZH'),
('a5279688-2a53-42f5-a73b-e7ed3268b52f', 'Mutikdaktsang Sonam', 'Yergyal', 'mutikdaktsang@bluewin.ch', '41787798336', NULL, 'Roseneggweg 4, 6005 Luzern, LU'),
('9c519f2f-b575-46ed-84b4-a53878697979', 'Mutschlechner', 'Monica', 'monica.mutschlechner@bluewin.ch', '', NULL, 'Landoltstrasse 23, 3007 Bern, BE'),
('3b8ad694-06ec-463d-b39f-052bccf87da9', 'Mutter', 'Arthur', 'turimutter@hispeed.ch', '41764432280', NULL, 'Luxmattenstrasse 3, 5452 Oberrohrdorf, AG'),
('dc4627a7-1c11-4c95-8cd8-93356e7243c6', 'Mutter', 'Matthias', 'matthias_mutter@sunrise.ch', '41794459054', NULL, 'Elestastrasse 16ost, 7310 Bad Ragaz, SG'),
('7a47af9b-50e9-42bd-93c4-c2dde699e9ba', 'Mutti Carmen', '(-Schären)', 'carmen.mutti@bluewin.ch', '', NULL, 'Schulhausstrasse 8, 4512 Bellach, SO'),
('e106bd62-49b8-4f75-ad36-c92f0c63a141', 'Mutti Heinz', 'Ernst', 'hmutti@dplanet.ch', '', NULL, 'Bahnhofstrasse 24B, 6037 Root, LU'),
('00f5c3ce-ebba-4fa4-a20d-4d3e6beb794b', 'Mutti', 'Jürg', 'mail@mutti-bellach.ch', '', NULL, 'Dorfstrasse 11, 4512 Bellach, SO'),
('7cf8455c-adb4-487f-82b8-66352964ca79', 'Mutti', 'Philipp', 'philipp_mutti@gmx.net', '41765944170', NULL, 'Rossackerstrasse 91, 8047 Zürich, ZH'),
('04607d22-7cdb-4b1e-abf3-400456d39392', 'Mutz', 'Charly', 'info@mmb-gartenbau.ch', '', NULL, 'Ryffstrasse 51, 4056 Basel, BS'),
('a7713dff-3f95-49c7-abad-ec072a8b5819', 'Muzzarelli Peter und', 'Vreni', 'peter.muzzarelli@bluewin.ch', '41788896774', NULL, 'Am Schrabach 10, 7220 Schiers, GR'),
('b7958102-9e10-4f38-8d0d-3a78101af731', 'Myland Mel und Conny', '(-Kyburz)', 'conny.myland@bluewin.ch', '', NULL, 'Breitestrasse 10, 5734 Reinach AG, AG'),
('e7d50ee3-0934-48eb-bac6-70e9c479cf77', 'Myrthas', 'Nähatelier', 'e.wiersinga@bluewin.ch', '41762835651', NULL, 'Unterweg 40, 8180 Bülach, ZH'),
('940993f9-cedf-4377-9fd3-aa1a094fed67', 'Na', 'Madeleine', 'na@hr-coach.ch', '41788972370', NULL, 'Hauptstrasse 36, 4411 Seltisberg, BL'),
('d70f214e-b52e-46a6-b70f-dd03c539ad3e', 'Naas', 'Dunia', 'dunia.naas@freesurf.ch', '', NULL, 'Ahornweg 15, 8406 Winterthur, ZH'),
('cca09f49-f540-42f1-95ab-07dcc9ef96b3', 'Nabold', 'Christoph', 'chris_nabold@bluewin.ch', '41796057021', NULL, 'Brunnaderenstrasse 3, 8193 Eglisau, ZH'),
('49f4b050-6d10-46a7-b7bb-518d58d5ba62', 'Nabulon René und Verena', '(-Schoch)', 'nabulon@hispeed.ch', '', NULL, 'Laubenstrasse 3, 8617 Mönchaltorf, ZH'),
('9d9fbf21-d0fa-4abc-adf0-bceac7aeab28', 'Nabulon', 'Stephan', 'stephan.nabulon@hispeed.ch', '41796215484', NULL, 'Schlössliweg 12, 5425 Schneisingen, AG'),
('04438e4d-7bf8-4837-a607-68e18303805c', 'Nachbur Bernhard und Bettina', '(-Rickenbacher)', 'nachbur@bluewin.ch', '', NULL, 'Talmoosstrasse 48, 3063 Ittigen, BE'),
('f51be4f1-4adc-4e56-b6f0-ed1e5f99d643', 'Nachbur', 'Rolf', 'rolf.nachbur@bluewin.ch', '', NULL, 'Schulstrasse 17, 5415 Nussbaumen AG, AG'),
('894ebd40-c807-48ac-8d5b-b46a4910c7f8', 'Nachchinarkkiniyasivam', 'Manivannan', 'manithar@hotmail.com', '41787086315', NULL, 'Witmattstrasse 35, 2540 Grenchen, SO'),
('89d1a307-aa92-499a-9032-01fde726c185', 'Nacht Brigitte', '(-Pfister)', 'br.nacht@bluewin.ch', '', NULL, 'Hausmattweg 59, 3074 Muri b. Bern, BE'),
('0c1a5306-4dbd-46cd-915f-cc343258fc7e', 'Nacht Robert und Melania', '(-Bratulescu)', 'robert.nacht@bluewin.ch', '', NULL, 'Hauensteinstrasse 124, 4059 Basel, BS'),
('59d80997-0db1-47b3-a88b-8b5f4ff96701', 'Nacht', 'Stefan', 'stefan.nacht@axa.ch', '41795584106', NULL, 'Käterlistrasse 27A, 5102 Rupperswil, AG'),
('ce4c797c-2704-41e5-9bec-8b86bd7e7caf', 'Nacht Wilhelm', '(-Weingartsberger)', 'nacht@flashcable.ch', '41764123141', NULL, 'Untere Dorfstrasse 14, 8957 Spreitenbach, AG'),
('9b17b24f-9d88-444f-a3aa-7e9c18c1bcec', 'Nacke', 'Peter', 'peter_nacke@gmx.ch', '', NULL, 'Dorfstrasse 152, 8424 Embrach, ZH'),
('f1c5b394-e054-4d24-961e-7f8b65d09bc7', 'Nadarajah', 'Janooya', 'janooya@gmx.ch', '', NULL, 'Gönhardweg 5B, 5034 Suhr, AG'),
('084d8d79-87a1-43ee-aafa-2b597742d0b6', 'Nadarajah Manivannan', '(-Suthamathy)', 'mani6@hispeed.ch', '41765371929', NULL, 'Delfterstrasse 7, 5000 Aarau, AG'),
('066989cf-da41-4b42-a459-4c4ad3b6e094', 'Nadarajah', 'Navaratnam', 'n.nava@ebmnet.ch', '41789104877', NULL, 'Schützenmattstrasse 14, 4142 Münchenstein, BL'),
('0b066207-aa75-4457-9190-d0e80224fd0c', 'Nadarajah', 'Sathiyakaran', 'nadasathi@yahoo.com', '', NULL, 'Neumatt 8, 4414 Füllinsdorf, BL'),
('3315fb4b-1c5a-4a1f-ac48-3f2c2fe10e80', 'Nadarajah', 'Senthilnathan', 'senthilart@hotmail.com', '41789051958', NULL, 'Ryffstrasse 50, 4056 Basel, BS'),
('824b81a8-f1ed-40ac-b627-87398a2e07b5', 'Nadarajah', 'Sivaloganathan', 'sivalohanathan@bluewin.ch', '', NULL, 'Schürhofweg 10, 4147 Aesch BL, BL'),
('628bfb06-5fa4-4bda-b07e-52e9f92a9cd1', 'Nadarajalingam', 'Lathagini', 'delft03@ymail.com', '41799322539', NULL, 'Riegenenstrasse 830, 3552 Bärau, BE'),
('e463cbaf-7899-4d78-b6c5-4a917b820e42', 'Nadenbousch Alexander und Daniela', '(-Mösching)', 'mrx2@bluewin.ch', '41792226547', NULL, 'Riedburgstrasse 20, 3147 Mittelhäusern, BE'),
('31a57bde-259d-4e18-b6d1-6929938e9aab', 'Nadesan', 'Sathiyaseelan', 'nseelan@hotmail.com', '', NULL, 'St. Ursen-Weg 3, 4562 Biberist, SO'),
('8addda60-0c0c-4f67-9597-572bae20bf07', 'Nadig Carla', '(-Bontognali)', 'carla@bluemail.ch', '41796654116', NULL, 'Rheinstrasse 167, 7000 Chur, GR'),
('53948e83-07e9-4c9d-9c4e-800f7b62ebf8', 'Nadig', 'Helmut', 'nadigarchitektur@bluewin.ch', '41793346012', NULL, 'Langenbruckstrasse 23, 4614 Hägendorf, SO'),
('d1658ea1-48a8-49ab-b29c-524155ee6b86', 'Nadig', 'Margit', 'margitnadigmode@bluewin.ch', '', NULL, 'Im Obstgarten 9, 8044 Gockhausen, ZH'),
('dc82590f-f581-45a5-8c0b-8fe07c513c66', 'Nadig Paul und Heidi', '(-Frischknecht)', 'paul.nadig@bluewin.ch', '', NULL, 'Pardi 6, 7083 Lantsch/Lenz, GR'),
('d07d174c-f7ba-4fea-8262-cc9f8ddd25cf', 'Nadiv Ehud und', 'Yael', 'nadive@smile.ch', '41793168807', NULL, 'Biberlinstrasse 37, 8032 Zürich, ZH'),
('0bc21e7e-c0a5-42a6-a51a-0599a27f9937', 'Naduvathettu George und', 'Molly', 'naduvathettu@gmail.com', '41763071237', NULL, 'Mülligerstrasse 16D, 5210 Windisch, AG'),
('13aec655-0157-4062-ae83-e92532bb493b', 'Naef Beat', '(-Zysset)', 'beat_naef@bluewin.ch', '41792389216', NULL, 'Moosstrasse 58, 2540 Grenchen, SO'),
('eee463b4-d83f-4705-b702-5b4c64b733a5', 'Naef Doris', 'H.', 'do.naef@bluewin.ch', '', NULL, 'Frauenfelderstrasse 4, 8570 Weinfelden, TG'),
('4176bb5f-177a-4b47-be60-131c90576afe', 'Naef Edmund und Heidi', '(-Rutz)', 'edinaef@bluewin.ch', '', NULL, 'Rietstrasse 17, 8873 Amden, SG'),
('9031aa2c-43ea-4cbc-bccc-2733226027b6', 'Naef Fritz und', 'Silvia', 'info@holzbau-naef.ch', '', NULL, 'Dietschenen 10, 8840 Trachslau, SZ'),
('a08e1280-e77b-4378-b422-a6eecf8afa68', 'Naef', 'Peter', 'peter.naef@yahoo.de', '41794196891', NULL, 'Fasanenstrasse 221, 4058 Basel, BS'),
('aea4e315-1c63-441c-9abc-a34a6b2e80df', 'Naef', 'Peter', 'naefboeden@bluewin.ch', '41796677836', NULL, 'Oberrenggstrasse 74, 8135 Langnau am Albis, ZH'),
('afdd1ffc-59dd-4f40-995d-934cbc7ea86f', 'Naef Susanne und Jakob', '(-Wehrli)', 'jakob_naef@bluewin.ch', '', NULL, 'Im Buech 8A, 9247 Henau, SG'),
('93f5db9d-2e7a-4635-8352-4a8fcb2c00fa', 'Naef', 'Walter', 'info@waltinaef.ch', '41796659629', NULL, 'Hauptstrasse 58, 5070 Frick, AG'),
('c2459a4f-85fd-40e2-9f5d-2bfb59d165f9', 'Naegeli', 'Hans', 'h.e.naegeli@bluewin.ch', '41794066484', NULL, 'Voa Casoja 8, 7077 Valbella, GR'),
('5c734567-9a1b-4fc9-b00a-9dec04937c1a', 'Naegeli', 'Urs-Heinz', 'naegeli.partner@bluewin.ch', '41796627978', NULL, 'Viehmarktstrasse 6, 4950 Huttwil, BE'),
('65ed317c-8fc6-43f0-896a-a05aace33ba0', 'Naepfer', 'Roger', 'r.naepfer@gmx.ch', '', NULL, 'Büelstrasse 40, 8966 Oberwil-Lieli, AG'),
('c9c773a3-07e3-4470-b152-a65cc0327972', 'Näf', 'Béatrice', 'trabby@bluewin.ch', '', NULL, 'Steilweg 5, 8353 Elgg, ZH'),
('923690e1-911f-4d4f-bb43-d926d427e162', 'Näf Bernhard u. Ursula', '(-Wick)', 'bedi.naef@gmx.ch', '', NULL, 'Hauptstrasse 17, 9526 Zuckenriet, SG'),
('58085a15-a1d6-456e-ba98-3fd549c39a53', 'Näf', 'Florian', 'florian.naef@allianz.ch', '41792397833', NULL, 'Armetsholzstrasse 21, 9244 Niederuzwil, SG'),
('476c9345-304d-4d43-8392-63575dd8b011', 'Näf', 'Fritz', 'f.naef@bluewin.ch', '41793518309', NULL, 'Rötelstrasse 36, 8413 Neftenbach, ZH'),
('5e3e3e57-10e2-4d3c-8ca5-c179ce8b11fc', 'Näf Heinz und Frieda', '(-Lieberherr)', 'naef.heinz-frieda@bluewin.ch', '', NULL, 'Amselweg 6, 7000 Chur, GR'),
('4958c736-d322-4498-a9f6-e1ff98620431', 'Näf Immanuel und Ruth', '(-Meyer)', 'naef-immanuel@bluewin.ch', '', NULL, 'Schachenstrasse 56, 4702 Oensingen, SO'),
('a10e66eb-9141-4bc4-b555-fb7b6310e3b0', 'Näf', 'Margrit', 'info@damenriegeenge.ch', '41794856385', NULL, 'Ankerweg 3, 2563 Ipsach, BE'),
('884ca9b5-e102-4ef0-80fd-dec3d690b36a', 'Näf', 'Matthias', 'matthias.naef@yetnet.ch', '', NULL, 'Vorstattstrasse 25, 4653 Obergösgen, SO'),
('f01e0d3f-ae08-4cce-ba07-23c32208c5b6', 'Näf Mauriz und Marlis', '(-Auchli)', 'mauriznaef@bluewin.ch', '41797535377', NULL, 'Mondschein 1, 6122 Menznau, LU'),
('b3be0339-4ae6-45ca-aa18-9d250b33cc7b', 'Näf Max und Monika', '(-Herzog)', 'mm.naef@swissonline.ch', '', NULL, 'Steig 2, 8310 Grafstal, ZH'),
('fb313cca-fb28-418f-ac8d-0435e18c020d', 'Näf', 'Monica', 'monica.naef@gmail.com', '', NULL, 'Landstrasse 110, 5415 Rieden AG, AG'),
('09bdb217-c385-4eee-8656-31ae0ceb0415', 'Näf Monika und Werner', '(-Bühler)', 'monikaschlumpf@bluewin.ch', '', NULL, 'Hofstrasse 3, 9621 Oberhelfenschwil, SG'),
('0b37cea9-f90f-472c-ab34-db09b942c8ac', 'Näf', 'Priska', 'priska.naef@gmail.com', '41787524862', NULL, 'Im Feldtal 3, 8408 Winterthur, ZH'),
('0251efd5-afdd-4382-8013-bfe27e761cef', 'Näf Rolf und Rita', '(-Konrad)', 'bsantana@hnweb.ch', '41797406434', NULL, 'Sandweg 2, 5314 Kleindöttingen, AG'),
('19463eee-5ffe-431c-844d-d46dee9bf086', 'Näf', 'Thomas', 'thomas.naef@naef-werbung.ch', '', NULL, 'Brunnenweg 4, 8542 Wiesendangen, ZH'),
('aa007ef7-a83e-427f-8298-a64e5e4fa592', 'Näf', 'Werner', 'sw.naef@bluewin.ch', '', NULL, 'Buchberg 191, 9064 Hundwil, AR'),
('b066a33c-adfc-4544-a321-ccb85912d9b8', 'Näf', 'Willy', 'willynaef@bluewin.ch', '', NULL, 'Kastellweg 10, 8404 Winterthur, ZH'),
('24799ce7-b5c0-46a3-8a93-6ad1bb591e4e', 'Näff Dominik, Thi Vang, Pascal, David und Martin', '(-Nguyen)', 'dominik@naeff.net', '', NULL, 'Fasanenweg 10, 4334 Sisseln AG, AG'),
('3ab6ec34-6816-439a-a21d-d31675940e61', 'Näff Rolf und', 'Marie-Therese', 'r.naeff@bluewin.ch', '', NULL, 'Mugerenmatt 21, 6330 Cham, ZG'),
('0cbd08b4-2b4a-4787-8cec-d5edec03f5f2', 'Nafzger', 'Anton', 'anton.nafzger@bemermail.com', '41798166576', NULL, 'Bruuch 12, 3673 Linden, BE'),
('af872e0f-9ade-4207-a31a-f1dbd525f276', 'Nafzger Hans Peter, Ananda und', 'Livia', 'info@liefeart.ch', '41796430673', NULL, 'Hausmatt 17, 3662 Seftigen, BE'),
('0e57c630-24e1-49cb-8379-633e852f5db4', 'Nafzger Hans-Rudolf', '(-Lauener)', 'info@elektronafzger.ch', '', NULL, 'Eggetlistrasse 37, 3770 Zweisimmen, BE'),
('28c5d6d7-3070-4c6f-ab51-d2ac6044226f', 'Nafzger', 'Willi', 'w.nafzger@vtxmail.ch', '', NULL, 'Wellhauserweg 4, 8500 Frauenfeld, TG'),
('c1325254-224e-4852-ada8-d08766c02b39', 'Nagalingam Thayaparan, Arulnithy, Jansi, Jasmi und', 'Tharani', 'thayaparan.nagalingam@gmail.com', '41788803847', NULL, 'Gewerbestrasse 21, 6207 Nottwil, LU'),
('14de14b9-1b14-41a3-af9e-61a4f0378874', 'Nagaratnam', 'Vijiharan', 'info@innovatethinking.ch', '', NULL, 'Im See 12, 8187 Weiach, ZH'),
('aed11c05-a07e-4b1d-9daf-94d07c56b8e3', 'Nagel Beat, Leona, Alisa und', 'Malea', 'family@nagels.ch', '', NULL, 'Ahornweg 1, 4434 Hölstein, BL'),
('41b66a00-2ca2-4843-bf0d-39a014f0c870', 'Nagel Karl und Alexandra', '(-Ellenberger)', 'naka1@sunrise.ch', '', NULL, 'Poststrasse 26, 8604 Volketswil, ZH'),
('fcdddc0b-365e-44e5-ba5d-c49f793dcb75', 'Nagel', 'Monika', 'monikanagel@sunrise.ch', '41765772032', NULL, 'Oberdorfstrasse 98, 9100 Herisau, AR'),
('bbe2c897-9204-402b-8fb6-c4d967fe813c', 'Nagel Nadja', '(-Schönenberger)', 'n.nagel@thurweb.ch', '41798307265', NULL, 'Neufeldstrasse 8, 9533 Kirchberg SG, SG'),
('7e330fc5-f7c6-4a98-9a51-27957cb03393', 'Nagel Ruth und', 'Robert', 'r.nagel@swissonline.ch', '41795073514', NULL, 'Unterweg 84, 8180 Bülach, ZH'),
('d986a6ad-4fa3-4e82-b9d3-dbabf1f51b6f', 'Nagel', 'Sandro', 'sandronagel@hotmail.com', '41794735466', NULL, 'Rotbuchenstrasse 5, 9320 Frasnacht, TG'),
('f28468d8-3eee-4d14-ac9e-b5037c097f50', 'Nägeli Beat und', 'Susan', 'info@decoflex.ch', '', NULL, 'Hollenweg 12, 4432 Lampenberg, BL'),
('0c981f08-34b0-43d5-907e-93357f86508e', 'Nägeli Hans und Barbara', '(-Spichiger)', 'info@birdwing.ch', '41793532323', NULL, '3860 Meiringen, BE'),
('f11d7460-3101-4862-8097-625d37839be5', 'Nägeli', 'Marlies', 'info@ballonfahrten-naegeli.ch', '41794495975', NULL, 'Breitfeldstrasse 1, 8593 Kesswil, TG'),
('7ac4bbcf-816d-4d12-a43f-09353b4852c9', 'Nägeli', 'Martin', 'martin_naegeli@bluewin.ch', '41794302922', NULL, 'Steinigen Buck, 8465 Rudolfingen, ZH'),
('99754ca3-b311-4dc3-abdc-f1783e842ef9', 'Nägeli', 'R.', 'alex_naegeli@bluewin.ch', '', NULL, 'Steinkrattenweg 11, 8815 Horgenberg, ZH'),
('006ca183-b161-4067-b27f-d8e195cbf3ff', 'Nägeli', 'Werner', 'wnh@gmx.ch', '', NULL, 'Hauptstrasse 25, 8536 Hüttwilen, TG'),
('d5ca75b4-4971-4f57-8071-9d7a49f5e5c0', 'Nagy Claudine und', 'Christoph', 'cnagy@bluewin.ch', '', NULL, 'Ospiz Pitschen 30, 7530 Zernez, GR'),
('d09c2829-a906-4585-a5c9-386eb9058b83', 'Nagy', 'Istvan', 'istvan@nagy.ch', '41794464646', NULL, 'Schulstrasse 10, 8640 Rapperswil SG, SG'),
('94e669e5-dcd3-4daa-96e7-3001d0d459ef', 'Nagy', 'Nander', 'nandith@swissonline.ch', '', NULL, 'Klausstrasse 50, 8008 Zürich, ZH'),
('602eabfe-ef0d-4546-8c64-fa137735719c', 'Nähmode', 'Chantal', 'naehmode.chantal@gmail.com', '41798826500', NULL, 'Vorstadtplatz 4, 4242 Laufen, BL'),
('c17c99f7-0a7a-430b-9411-80f2254d7d02', 'Nahvi', 'Mostafa', 'mostafa@nahvi.ch', '', NULL, 'Bruggwaldstrasse 80, 9008 St. Gallen, SG'),
('7a0aca36-d4cc-4fbe-bbb0-1db0a41001e2', 'Nambiar', 'Narayanan', 'nnambiar80@hotmail.com', '', NULL, 'Guldifuess 23, 8260 Stein am Rhein, SH'),
('cfe5c86f-32a0-43a3-8d29-2e7868099db4', 'Nanay', 'Istvan', 'inanay@swissonline.ch', '', NULL, 'Letzistrasse 23B, 8006 Zürich, ZH'),
('92db4ed8-6318-4f22-b622-df7bb95601ff', 'Nänni', 'Hans', 'naenni@bluewin.ch', '41792247125', NULL, 'Lerchenweg 17, 8302 Kloten, ZH'),
('da64700d-4c6a-4076-b664-d72a5f60bb37', 'Näpflin', 'Hans', 'hans.naepflin@bluewin.ch', '41794141323', NULL, 'Seestrasse 18A, 6052 Hergiswil NW, NW'),
('94c3b117-afcb-426d-8778-e76560c657b3', 'Nascivera Tiziano und', 'Fabio', 'nascivera@vtxmail.ch', '', NULL, 'Hermann Hiltbrunner-Weg 35b, 8713 Uerikon, ZH'),
('34704e02-24c4-431f-9ae1-efa6bf7628b0', 'Naso Renato', 'G.F.', 'renato.naso@hotmail.com', '41794352945', NULL, 'Fatiostrasse 18, 4056 Basel, BS'),
('2c6a410e-c3c2-43b6-822c-c9d003e9e19f', 'Nassif', 'Drahem', 'drahem.nassif1@gmail.com', '41763908462', NULL, 'Boulevard Lilienthal 11, 8152 Glattpark (Opfikon), ZH'),
('272b4a4c-4fc8-4d41-ada1-0d7596fcb1b8', 'Nasso', 'Marcello', 'info@marcellonasso.com', '', NULL, 'Seefeldstrasse 141, 8008 Zürich, ZH'),
('a1c8cb45-9ee9-46ae-854b-b5d0378a2b41', 'Nastasi', 'Enzo', 'vincenzo.nastasi@sunrise.ch', '41792790960', NULL, 'Poststrasse 94, 8957 Spreitenbach, AG'),
('88507184-62d2-4d0c-b090-b37bc9c22fa5', 'Natalio', 'Geara', 'natgeara@gmail.com', '41763283013', NULL, 'Route de Tramelan 2, 2610 St-Imier, BE'),
('862afaf3-433d-44bb-8ebe-de7b210c7e04', 'Nater Samuel und Sonja', '(-Siegrist)', 'samuel-nater@bluewin.ch', '41763410372', NULL, 'Alte Landstrasse 12, 8508 Homburg, TG'),
('0ed51fdd-a6d6-475a-91f9-80508e91823c', 'Nauer Beat', '(-Stutz)', 'beat.nauer@bluewin.ch', '', NULL, 'Itenhardstrasse 42, 5620 Bremgarten AG, AG'),
('9a6cb3ba-ea2c-4956-aef3-7d4aa41dd02d', 'Nauer', 'Ernst', 'e_nauer@bluewin.ch', '', NULL, 'Sonnenbergstrasse 38, 9030 Abtwil SG, SG'),
('0422a830-b883-44fc-8b27-2a6f1c028231', 'Nauer Hans und Ottilia', '(-Fischer)', 'h.nauer@bluewin.ch', '', NULL, 'Grosserstrasse 6, 8841 Gross, SZ'),
('a0394257-9425-4f6e-a6e4-d314450602c6', 'Nauer Hugo', '(-Dönni)', 'hugo.nauer@gmail.com', '41794410916', NULL, 'Büelmatt 19, 6204 Sempach, LU'),
('e38b67d5-c511-4a90-9b32-ce26622ac9ef', 'Nauer Oski und Christa', '(-Holdener)', 'oski.nauer@hispeed.ch', '', NULL, 'Tschalunstrasse 37, 8843 Oberiberg, SZ'),
('4aef720d-9a66-4623-a8ee-952ab07f85d9', 'Nauer', 'Paul', 'nauer-heizungen@bluewin.ch', '41796919424', NULL, 'Betliserstrasse 11, 8872 Weesen, SG'),
('6c6d8565-decc-490b-89bd-9656e1731490', 'Naumann', 'Tobias', 'tobias@naumann.ch', '41796759374', NULL, 'Bundesstrasse 6, 6300 Zug, ZG'),
('0a89b570-d661-44ed-b182-2bc61d7605eb', 'Nava', 'Regula', 'stefano.nava@hispeed.ch', '', NULL, 'Seestrasse 106, 8610 Uster, ZH'),
('3dabff5c-86c0-4691-817b-b38e01aa86a9', 'Navaratnasingam', 'Kandeepan', 'navaratnasingam@gmail.com', '41794189728', NULL, 'Bruggmattweg 17, 4242 Laufen, BL'),
('6c646d29-a40b-483a-8eae-cf0a556e22cb', 'Naville Walpoth', 'Jacqueline', 'jnaville@bluewin.ch', '41787669177', NULL, 'Promenadengasse 19, 8001 Zürich, ZH'),
('7c55c6cd-0d32-41a9-9687-59cb5e037472', 'Navratil', 'Mia', 'mia@dentalshop.ch', '', NULL, 'Unterdorfwäg 24, 8117 Fällanden, ZH'),
('4c667998-3edb-47c5-94ec-d86dd96d3a0d', 'Nay', 'Giusep', 'g.nay@me.com', '41796109121', NULL, 'Voa Tgiern-seura 19, 7077 Valbella, GR'),
('e4c1506a-b165-47bb-9412-0036d6e8cbdd', 'Nay Giusep', '(-Bernhard)', 'g.nay@me.com', '41796109121', NULL, 'Im Binz 22B, 5430 Wettingen, AG'),
('d73163d4-3bab-4493-8b5b-6e21cd2f1481', 'Nayer', 'Hamid', 'my@nayer.ch', '41797754010', NULL, 'Shopping-Center 9102, 8957 Spreitenbach, AG'),
('875c8095-1e7d-4464-bd54-13a170a059fc', 'Naylor Jonathan M.', 'M.', 'jon.naylor@bluewin.ch', '', NULL, 'Turmholzweg 41, 3173 Oberwangen b. Bern, BE'),
('5dc9445c-be2c-4c29-a61a-bbb1b16cf42e', 'Nebel Andreas und Judith', '(-Alder)', 'a.nebel@bluemail.ch', '41794475482', NULL, 'Unterer Riedweg 5, 7494 Davos Wiesen, GR'),
('370595d4-fe0c-4e9e-a2c1-dc211c2302c8', 'Nebel', 'Felix', 'info@regioschreinerei.ch', '', NULL, 'Gempenstrasse 23, 4143 Dornach, SO'),
('1308047c-376a-4b41-97cd-4d71598d8cb2', 'Nebel Klaus Aurelius u. Lidia', '(-Montani)', 'khanebel@swissonline.ch', '', NULL, 'Oerlikonerstrasse 25, 8057 Zürich, ZH'),
('1c57bfb8-0cdd-4c55-a13b-17fa193272ae', 'Nebel', 'Stefan', 'stefan.nebel@intergga.ch', '', NULL, 'Hauptstrasse 145, 4147 Aesch BL, BL'),
('8cfd5c7b-71ad-4984-96ec-0f7dd5751954', 'Nebiker Max', '(-Berchtold)', 'max.nebiker@yetnet.ch', '41798440523', NULL, 'Michelmattstrasse 19, 4652 Winznau, SO'),
('850c14d0-5524-4412-b945-621756c56187', 'Nebril Francisco', 'Manuel', 'francisco@nebril.ch', '', NULL, 'Hechtackerstrasse 8A, 9014 St. Gallen, SG'),
('f66c9d59-4459-4487-883a-c31cc74c8608', 'Neck Ernst', '(-Lötscher)', 'info@weitesland.ch', '41794095888', NULL, 'Sonnenblickweg 9, 8222 Beringen, SH'),
('747e6ae3-4bed-4d5b-9871-da0fc9cfc7d8', 'Nedok', 'Heinz', 'heinznedok@bluewin.ch', '41794044790', NULL, 'Zürcherstrasse 30, 8142 Uitikon Waldegg, ZH'),
('3bbe2e5e-e771-47c7-ba31-c782e2121bef', 'Neeracher Matthias und Helene', '(-Hug)', 'neerifon@mac.com', '', NULL, 'Binzwiesenstrasse 25, 8057 Zürich, ZH'),
('7225e827-b8d1-4f4b-b562-0807bdf67b5f', 'Neesam', 'Christopher', 'christopher.neesam@puma.com', '41763556084', NULL, 'Ostringstrasse 17, 4702 Oensingen, SO'),
('0a92c1cc-f55a-4e2c-b9c6-176c5c4e82a8', 'Neeser', 'Erich', 'erichneeser-gartenbau@bluewin.ch', '41796085924', NULL, 'Oberrohrdorferstrasse 39, 5442 Fislisbach, AG'),
('9ca9ba5c-469c-473f-8550-d02590850f76', 'Neeser', 'Ernst', 'neeser.ernst@bluewin.ch', '', NULL, 'Mühlestrasse 43, 8105 Regensdorf, ZH'),
('98bba083-5085-44b6-a2ec-639f63e6f00d', 'Nef', 'Amelinda', 'info@aamp.ch', '', NULL, 'Mülibachstrasse 42, 8107 Buchs ZH, ZH'),
('1e247da3-b1db-46de-b99d-8e61901487e2', 'Nef', 'Hans', 'h.nemo@bluewin.ch', '', NULL, 'Gnosseweg 16, 8832 Wilen b. Wollerau, SZ'),
('3fe0b6eb-f294-4bc3-a7d2-f3f817f64b42', 'Nef Petra und Hans', '(-Minikus)', 'info@nef-naturbuur.ch', '', NULL, 'Neuhus 5, 8618 Oetwil am See, ZH'),
('b2b5b225-32ff-4a05-b66a-1012593792f4', 'Neff', 'Andreas', 'andreas.neff@gmx.ch', '41792915542', NULL, 'Wilerstrasse 2, 9602 Bazenheid, SG'),
('f82e01ee-0dac-4149-a6ff-ddedc92f7aa6', 'Neff', 'Anton', 'tneff@sunrise.ch', '41765896649', NULL, 'Oberdorfstrasse 2, 5621 Zufikon, AG'),
('05f4eff9-e87d-4b87-a628-4af6681c3219', 'Neff', 'Werner', 'werner.neff@bluewin.ch', '', NULL, 'Lorzenweidstrasse 92, 6332 Hagendorn, ZG'),
('0b9bc869-b15d-49d7-bd0a-b401b31d14d4', 'Negreira Patricia und José', '(-Gerpe)', 'jose.negreira@hotmail.com', '', NULL, 'Tutensee 4, 6122 Menznau, LU'),
('1a4b18a9-c2e1-450e-b335-e8734d02ec82', 'Negro', 'Sandro', 'sandro@negro.ch', '', NULL, 'Milchgasse 32, 5000 Aarau, AG'),
('604ca2ec-934c-4939-b5f1-a96aea2424a4', 'Neidhardt Alfred und Frieda', '(-Bingisser)', 'frieda@neidhardt.ch', '', NULL, 'Dufourstrasse 138, 8008 Zürich, ZH'),
('4f6ea4ca-5bbe-4714-b036-1f3df735df9c', 'Neidhardt Daniela', '(-Burkhard)', 'daniela_zh@hotmail.com', '', NULL, 'Breitibachstrasse 23, 8600 Dübendorf, ZH'),
('e18e2050-f006-4e90-ae86-6080e57ad4b4', 'Neidhart Christian und', 'Monique', 'christian.neidhart@bluewin.ch', '', NULL, 'Räspweg 10, 8126 Zumikon, ZH'),
('780f07c1-424c-461f-8c88-18c896d940d3', 'Neidhart', 'Christine', 'contact@christineneidhart.ch', '41764112420', NULL, 'Weststrasse 17, 8003 Zürich, ZH'),
('41e578f5-fc39-4ae1-8ac9-d14eb8983a44', 'Neidhart', 'Eva-Maria', 'evamaria.neidhart@gmail.com', '41792204069', NULL, 'Zähringerstrasse 64, 3012 Bern, BE'),
('47b909c1-29b7-4946-b0ea-7f9ed2f6c636', 'Neidhart', 'Regina', 'reginaneidhart@bluewin.ch', '', NULL, 'Untere Haushaldenstrasse 9, 8374 Dussnang, TG'),
('722e4b61-b635-4174-b6fc-e8093f4025d3', 'Neidhart Thomas u. Theres', '(-Genner)', 'neidi@bluewin.ch', '', NULL, 'Bahnhofstrasse 326, 8262 Ramsen, SH'),
('89647cc3-56cd-4c78-ba7f-dd746502411b', 'Neiger Andrea', 'Cristina', 'acneiger@gmx.net', '41797064574', NULL, 'Hochfeldstrasse 88, 3012 Bern, BE'),
('c20529a1-dd21-47f4-b1a6-581e7fe2e5eb', 'Neiger', 'Hans', 'hansneiger@bluewin.ch', '41794229091', NULL, 'Grundstrasse 6, 3862 Innertkirchen, BE'),
('b5912c2e-2168-4519-b8c2-f2b16949b18f', 'Nell', 'Annelies', 'annelies.nell@bluewin.ch', '41797681034', NULL, 'Affolternstrasse 119, 8050 Zürich, ZH'),
('1997ab05-73a5-4f29-bf16-4d68972c98b5', 'Nellen', 'Roger', 'r.nellen@nellen.ch', '41792074373', NULL, 'Redingstrasse 6, 9000 St. Gallen, SG'),
('18fa1396-e63b-4861-b35d-6964cf4482ac', 'Nellen Roman', '(-Gnägi)', 'roman.nellen@bluewin.ch', '41792398508', NULL, 'Schulstrasse 18, 2563 Ipsach, BE'),
('232d3283-5a71-4ba7-ae89-114d4111a612', 'Nelles', 'Joachim', 'jnelles@solnet.ch', '', NULL, 'Mösliweg 8, 3700 Spiez, BE'),
('d8199364-0f77-4b40-b82f-ce5f0009f508', 'Nelson', 'Douglas', 'info@ludekedesign.com', '', NULL, 'Hardstrasse 322, 8005 Zürich, ZH'),
('9c83a90b-375d-474c-897c-eabdce4199af', 'Nelwek Josef', 'A.', 'josef.nelwek@bluewin.ch', '41794418216', NULL, 'Kirchenfeldstrasse 41, 5630 Muri AG, AG'),
('4a753460-d834-4fc6-a92b-5dd8550d1c04', 'Nemecek', 'Josef', 'josef@nemecek.info', '41764244242', NULL, 'Sagi 8, 8833 Samstagern, ZH'),
('a1912f10-a855-44b5-930f-4e5a626d2816', 'Németh Jolán', 'Valéria', 'jolyswelt@hotmail.ch', '41764707144', NULL, 'Aachstrasse 31d, 8586 Erlen, TG'),
('2b0ffacd-1fa1-4005-9cc5-28cebdea95bc', 'Nemeth', 'Robert', 'robert.nemeth@ggaweb.ch', '41763970352', NULL, 'Im Grossacher 1, 8127 Forch, ZH'),
('36af50a1-2c4c-455d-bacf-6cca6fac992d', 'Nemoda', 'Attila', 'anem@bluewin.ch', '41792325645', NULL, 'Untergass 26, 8193 Eglisau, ZH'),
('24628afe-9b15-4ae8-9cf0-f3c7e778ddf6', 'Nenniger Peter, Margot und', 'Markus', 'pnenniger@hotmail.com', '41787126140', NULL, 'Kirchstrasse 78, 2540 Grenchen, SO'),
('be14c5e0-0af1-453c-be45-ce4263363527', 'Nepfer', 'Marcel', 'zmw@nepfer.ch', '41787719310', NULL, 'Dorfstrasse 58, 8248 Uhwiesen, ZH'),
('b51c74c2-900e-4daf-a31d-0afe3031aafa', 'Neresheimer Fritz und Ursula', '(-Stäheli)', 'fritz.neresheimer@hispeed.ch', '', NULL, 'Zolliker Strasse 57, 8702 Zollikon, ZH'),
('53595fd1-00c7-405e-ba8a-5d60f9986a71', 'Neri Philipp und', 'Regula', 'philippneri@bluewin.ch', '', NULL, 'Fohrenbergstrasse 5, 8355 Aadorf, TG'),
('131d9c29-7b25-4222-968d-f4eec34a906b', 'Nesic', 'Predrag', 'pera@freesurf.ch', '41763733337', NULL, 'Höhenstrasse 40, 8304 Wallisellen, ZH'),
('25f501b6-32b9-44c4-8440-4896229abe93', 'Neskovic', 'Carolla', 'c.neskovic@swissonline.ch', '41792850790', NULL, 'Spitalgasse 38, 3011 Bern, BE'),
('b167cfcd-55fe-43c8-81c1-09675becd93f', 'Nesnidal', 'Martin', 'modernmusicschool@gmail.com', '', NULL, 'Hauptstrasse 32, 8756 Mitlödi, GL'),
('b56c9b65-165d-44bb-8d08-9ccaa0ec75b5', 'Nespolo Paolo', '(-Steiner)', 'pnespolo@spin.ch', '', NULL, 'Untergassa 12, 7240 Küblis, GR'),
('52e8865c-de23-47ae-bf69-5b54d5dd17cf', 'Nessensohn Fredi und Isabelle', '(-Hächler)', 'fredi.n@gmx.ch', '', NULL, 'Gassackerstrasse 78, 8492 Wila, ZH'),
('0e367182-0772-48a2-9b0f-cd190b869278', 'Nessensohn', 'Jakob', 'jakob.nessensohn@bbzsogr.ch', '41794007389', NULL, 'Wallisberg 115, 4576 Tscheppach, SO'),
('e5a1b1c0-9cf7-4ba7-a64b-d45d9a63dbe4', 'Nessensohn Kay', 'Paul', 'kayn14@msn.com', '41797841932', NULL, 'Bachstrasse 2, 8574 Lengwil, TG'),
('db391470-2169-464b-a869-f2deee848b89', 'Nessensohn', 'Susanne', 'susanne.nessensohn@bluewin.ch', '', NULL, 'Sägereistrasse 3, 8566 Neuwilen, TG'),
('73957d20-7462-41bf-9b78-46aa20b8d7d2', 'Nestel', 'Christof', 'chris.nestel@bluewin.ch', '', NULL, 'Elisabethenstrasse 5, 8004 Zürich, ZH'),
('be99a39b-9c64-4798-b856-99b0d77f5bc7', 'Nester Kornelia und Marcus', 'P.', 'nester@swissonline.ch', '41793418494', NULL, 'Forsterstrasse 80, 8044 Zürich, ZH');

INSERT INTO leads (id, contact_id, source, status, value, notes) VALUES
('867c8b05-e8ad-4751-b082-e26c9e01e8af', '265c4d24-8c2c-498a-9dad-1a9691ffd801', 'KALTAKQUISE', 'ACTIVE', 0, NULL),
('9d18066f-51e6-4126-824f-bbb3b4478625', '7345b1e2-4eff-41bb-8fa1-fe39f905b8d2', 'KALTAKQUISE', 'ACTIVE', 0, NULL),
('94bade6a-0bed-49d7-a39e-ee6b32bd000e', '057ffa28-f69b-481a-8111-ca716f623635', 'KALTAKQUISE', 'ACTIVE', 0, NULL),
('1cbe7f72-455d-4b4c-a684-61a95bb5de90', '33553de9-eb4f-4af9-88eb-87dcafda253e', 'KALTAKQUISE', 'ACTIVE', 0, NULL),
('fc9997aa-5de1-4b71-8dd5-0c766d4b7b9a', 'ba3d9b9a-9c22-4933-852b-f5919129bda1', 'KALTAKQUISE', 'ACTIVE', 0, NULL),
('98d12623-3a65-491b-9078-7bfa25816dee', 'd2d5201e-dbc0-4b21-8de7-283acb4d1f08', 'KALTAKQUISE', 'ACTIVE', 0, NULL),
('6f4cf3af-3a05-471f-a267-908a4092f192', '87e83421-7d35-4e91-adaf-25e3c73f5ef2', 'KALTAKQUISE', 'ACTIVE', 0, NULL),
('916e9564-c81c-4007-b0f9-c69695ee9a49', '0e0bbd78-fc80-4ba9-aedf-903730693d0f', 'KALTAKQUISE', 'ACTIVE', 0, NULL),
('c30eef3d-d18e-46d3-88b8-8190a8a8a7e7', 'dab51c8b-a58c-42db-859d-e027ef681d1e', 'KALTAKQUISE', 'ACTIVE', 0, NULL),
('2e67226e-f471-4f8c-951c-2a864a5ee4f4', '42c2b9da-d02b-43ce-a4ac-66eb8e35f97a', 'KALTAKQUISE', 'ACTIVE', 0, NULL),
('ecc11f33-c6b9-48a1-9cdb-a2e380c4d9ab', 'bbeb9d8f-6765-4746-895c-80eb4e20c9e8', 'KALTAKQUISE', 'ACTIVE', 0, NULL),
('bc9b035f-0fcc-4af8-8d16-3ab6c9ce54f5', '401af3a8-aaa1-454e-a2da-005d4bdb70bf', 'KALTAKQUISE', 'ACTIVE', 0, NULL),
('0841d26e-60c0-4518-b86e-b419d63aeac9', '91d3b359-c0ae-4e9a-ba40-2f4b97eab63e', 'KALTAKQUISE', 'ACTIVE', 0, NULL),
('0ce4cab0-87ec-474e-99b1-e4f3576dcdd3', 'd73a9171-0f6f-4e02-bac3-55cad7d62571', 'KALTAKQUISE', 'ACTIVE', 0, NULL),
('f0fd0a96-8ab9-452d-8950-de07ed2d48eb', 'a196d8a9-2703-4ab3-934b-b395bffa1e95', 'KALTAKQUISE', 'ACTIVE', 0, NULL),
('4718a11c-ba47-456d-8a26-ee0780985054', '14f2a448-4009-4129-b1e5-00d38c48087b', 'KALTAKQUISE', 'ACTIVE', 0, NULL),
('9183cfb8-0278-48a5-9a11-6c4126a96d99', 'e00fcbf2-a90e-4ed9-b122-cbda70e25cf0', 'KALTAKQUISE', 'ACTIVE', 0, NULL),
('cc1ee26b-f613-461e-9e31-5b68eaa6ee6e', 'a5df8489-48de-4a0a-bf53-635f67564bf1', 'KALTAKQUISE', 'ACTIVE', 0, NULL),
('1389949b-ace3-4238-9b0c-8f2ac0f470f7', '936f466f-33b2-4b2c-a2f6-bbbf4cf414c5', 'KALTAKQUISE', 'ACTIVE', 0, NULL),
('6c28bb0f-2857-4b44-b3ab-7bb09c0ecc96', '4f4f46e2-72c6-41a8-83e8-91dcd4daff04', 'KALTAKQUISE', 'ACTIVE', 0, NULL),
('19274477-d7b1-495d-a70c-9af174bbf031', 'de93ebfb-bd9a-4c6d-a934-c66c5fc710e0', 'KALTAKQUISE', 'ACTIVE', 0, NULL),
('04cc5273-31e2-498d-8d56-a7d66368477d', '910725ea-7c25-498e-89eb-0f9b07bf2e16', 'KALTAKQUISE', 'ACTIVE', 0, NULL),
('66a291cc-2c83-4d33-a32e-a5c2e99a4e3f', '74761b78-3dba-4af1-93d8-52121c83d7ce', 'KALTAKQUISE', 'ACTIVE', 0, NULL),
('fed08545-1273-4a4e-880d-3ae4563ed8dc', '6077c00f-bc6b-476f-90d7-a0f53f4d9e71', 'KALTAKQUISE', 'ACTIVE', 0, NULL),
('87a0d34c-efc7-4766-8986-d5726f1fa8cf', 'c7c1fe75-3a94-4415-8d69-ca9a2264a850', 'KALTAKQUISE', 'ACTIVE', 0, NULL),
('af1d89f4-aaa2-46fe-9410-0694aed64630', '925b8ca9-8fcd-4f75-ad2a-ff96e2ad8022', 'KALTAKQUISE', 'ACTIVE', 0, NULL),
('fe7015ce-fa21-4467-ac9c-46b2b500320c', 'f4209912-898f-4083-9a7f-9e4834ce922a', 'KALTAKQUISE', 'ACTIVE', 0, NULL),
('8116446b-0a43-4997-9eb5-e5131c9f8a89', 'ed8e68c9-581a-41c4-8a88-16afb010e6b6', 'KALTAKQUISE', 'ACTIVE', 0, NULL),
('b0906b37-962e-47cb-b297-828eb3b50d5f', 'a5279688-2a53-42f5-a73b-e7ed3268b52f', 'KALTAKQUISE', 'ACTIVE', 0, NULL),
('8221170d-c763-4387-acb0-960b4b7e9dfb', '9c519f2f-b575-46ed-84b4-a53878697979', 'KALTAKQUISE', 'ACTIVE', 0, NULL),
('3d20fa14-f505-4f3c-a85d-e7d6db9db6c4', '3b8ad694-06ec-463d-b39f-052bccf87da9', 'KALTAKQUISE', 'ACTIVE', 0, NULL),
('821d027b-c7a1-4f14-9abd-290f32295dc0', 'dc4627a7-1c11-4c95-8cd8-93356e7243c6', 'KALTAKQUISE', 'ACTIVE', 0, NULL),
('addc9fd7-1a72-4abb-b0bf-59f4a2f831b2', '7a47af9b-50e9-42bd-93c4-c2dde699e9ba', 'KALTAKQUISE', 'ACTIVE', 0, NULL),
('22548662-b65a-44a2-be67-5c01d88ab9c5', 'e106bd62-49b8-4f75-ad36-c92f0c63a141', 'KALTAKQUISE', 'ACTIVE', 0, NULL),
('c96d82de-1c8f-429b-85eb-557c3e233a26', '00f5c3ce-ebba-4fa4-a20d-4d3e6beb794b', 'KALTAKQUISE', 'ACTIVE', 0, NULL),
('a80d659e-53f2-408b-a583-51216de721ce', '7cf8455c-adb4-487f-82b8-66352964ca79', 'KALTAKQUISE', 'ACTIVE', 0, NULL),
('69b7b459-a6d0-466d-9f57-2aef5cdec442', '04607d22-7cdb-4b1e-abf3-400456d39392', 'KALTAKQUISE', 'ACTIVE', 0, NULL),
('21f426c9-01f5-4861-ae5b-627174047a68', 'a7713dff-3f95-49c7-abad-ec072a8b5819', 'KALTAKQUISE', 'ACTIVE', 0, NULL),
('1b8bf64f-a1b1-474b-966b-b526e62be565', 'b7958102-9e10-4f38-8d0d-3a78101af731', 'KALTAKQUISE', 'ACTIVE', 0, NULL),
('e5cc7ae7-4ca3-40a3-8f73-91ee432f2f98', 'e7d50ee3-0934-48eb-bac6-70e9c479cf77', 'KALTAKQUISE', 'ACTIVE', 0, NULL),
('1484c229-f117-44e5-a4ac-6f11775782c9', '940993f9-cedf-4377-9fd3-aa1a094fed67', 'KALTAKQUISE', 'ACTIVE', 0, NULL),
('2a9ce307-2115-4c3c-a65c-08c4c76ba439', 'd70f214e-b52e-46a6-b70f-dd03c539ad3e', 'KALTAKQUISE', 'ACTIVE', 0, NULL),
('bc4ff855-1d7c-4402-94f6-cd33f65048c3', 'cca09f49-f540-42f1-95ab-07dcc9ef96b3', 'KALTAKQUISE', 'ACTIVE', 0, NULL),
('9dbe426c-5bbc-4fe3-b0a1-50e616fb62e1', '49f4b050-6d10-46a7-b7bb-518d58d5ba62', 'KALTAKQUISE', 'ACTIVE', 0, NULL),
('71891ba9-5648-42c2-b5a1-51b2a1cb47f8', '9d9fbf21-d0fa-4abc-adf0-bceac7aeab28', 'KALTAKQUISE', 'ACTIVE', 0, NULL),
('102c6292-f935-4060-bdf5-97d2edc155b6', '04438e4d-7bf8-4837-a607-68e18303805c', 'KALTAKQUISE', 'ACTIVE', 0, NULL),
('e3b2173c-2877-409d-8a7b-58fa23cce708', 'f51be4f1-4adc-4e56-b6f0-ed1e5f99d643', 'KALTAKQUISE', 'ACTIVE', 0, NULL),
('dc6293f3-7f3c-4d47-8c8f-5b2c2cb41deb', '894ebd40-c807-48ac-8d5b-b46a4910c7f8', 'KALTAKQUISE', 'ACTIVE', 0, NULL),
('844af6a2-13f0-4fe2-9f6f-3aadfaca913a', '89d1a307-aa92-499a-9032-01fde726c185', 'KALTAKQUISE', 'ACTIVE', 0, NULL),
('2dfd644d-4a14-4cb3-a28c-09f4b8f8b120', '0c1a5306-4dbd-46cd-915f-cc343258fc7e', 'KALTAKQUISE', 'ACTIVE', 0, NULL),
('d0d92142-d5ad-4912-9bd3-940905ffe3ad', '59d80997-0db1-47b3-a88b-8b5f4ff96701', 'KALTAKQUISE', 'ACTIVE', 0, NULL),
('c4501d32-c505-4bb3-a9f0-bd8157fca117', 'ce4c797c-2704-41e5-9bec-8b86bd7e7caf', 'KALTAKQUISE', 'ACTIVE', 0, NULL),
('5635bc93-2fc2-4b25-bf3d-ef4995e792e2', '9b17b24f-9d88-444f-a3aa-7e9c18c1bcec', 'KALTAKQUISE', 'ACTIVE', 0, NULL),
('eccc8ab1-c34c-4691-ac15-e38a49cefdb6', 'f1c5b394-e054-4d24-961e-7f8b65d09bc7', 'KALTAKQUISE', 'ACTIVE', 0, NULL),
('5386bb05-f1fe-4879-b3a3-06d12abeb496', '084d8d79-87a1-43ee-aafa-2b597742d0b6', 'KALTAKQUISE', 'ACTIVE', 0, NULL),
('85f52484-a020-4c2a-91e8-b65d4df3424a', '066989cf-da41-4b42-a459-4c4ad3b6e094', 'KALTAKQUISE', 'ACTIVE', 0, NULL),
('f164a98a-2ce4-41a5-ac56-d4bfc1c2d9ca', '0b066207-aa75-4457-9190-d0e80224fd0c', 'KALTAKQUISE', 'ACTIVE', 0, NULL),
('225451b3-8c90-4082-8be1-64311913ac0d', '3315fb4b-1c5a-4a1f-ac48-3f2c2fe10e80', 'KALTAKQUISE', 'ACTIVE', 0, NULL),
('d0136d1c-7c05-4bc5-94ee-1a8765d04d59', '824b81a8-f1ed-40ac-b627-87398a2e07b5', 'KALTAKQUISE', 'ACTIVE', 0, NULL),
('33520b74-e68a-46d0-ab64-f7f0728d6b98', '628bfb06-5fa4-4bda-b07e-52e9f92a9cd1', 'KALTAKQUISE', 'ACTIVE', 0, NULL),
('6fd5f01a-b283-403f-bf71-29bc70804dc5', 'e463cbaf-7899-4d78-b6c5-4a917b820e42', 'KALTAKQUISE', 'ACTIVE', 0, NULL),
('df9ef9ea-3625-4d32-aa15-ee7c5f75e95e', '31a57bde-259d-4e18-b6d1-6929938e9aab', 'KALTAKQUISE', 'ACTIVE', 0, NULL),
('98d04c88-8482-4c0b-b1a4-979ea2665096', '8addda60-0c0c-4f67-9597-572bae20bf07', 'KALTAKQUISE', 'ACTIVE', 0, NULL),
('ab7dc65e-f460-4796-aecf-3d2facc04fc5', '53948e83-07e9-4c9d-9c4e-800f7b62ebf8', 'KALTAKQUISE', 'ACTIVE', 0, NULL),
('3f4f5a5a-3834-4d08-a01e-073c1bc09505', 'd1658ea1-48a8-49ab-b29c-524155ee6b86', 'KALTAKQUISE', 'ACTIVE', 0, NULL),
('126cb229-9e66-4f7a-bec3-4979a76f874a', 'dc82590f-f581-45a5-8c0b-8fe07c513c66', 'KALTAKQUISE', 'ACTIVE', 0, NULL),
('97b3458d-40db-4ada-be3e-e821d50842a6', 'd07d174c-f7ba-4fea-8262-cc9f8ddd25cf', 'KALTAKQUISE', 'ACTIVE', 0, NULL),
('692d75e7-b0c3-4ad9-bd22-f80080d62694', '0bc21e7e-c0a5-42a6-a51a-0599a27f9937', 'KALTAKQUISE', 'ACTIVE', 0, NULL),
('a08b40be-fb40-4c71-b0dc-64cc17a7f7a4', '13aec655-0157-4062-ae83-e92532bb493b', 'KALTAKQUISE', 'ACTIVE', 0, NULL),
('366cfa91-5eb3-4220-a17a-7e2463d6ac46', 'eee463b4-d83f-4705-b702-5b4c64b733a5', 'KALTAKQUISE', 'ACTIVE', 0, NULL),
('213ddb82-60de-4c50-9b7b-bc0389756fb2', '4176bb5f-177a-4b47-be60-131c90576afe', 'KALTAKQUISE', 'ACTIVE', 0, NULL),
('8f79dc0d-5a48-43e2-a706-42040d6b573b', '9031aa2c-43ea-4cbc-bccc-2733226027b6', 'KALTAKQUISE', 'ACTIVE', 0, NULL),
('2e9c8edd-a3ff-4db7-a127-d908d5df9eb0', 'a08e1280-e77b-4378-b422-a6eecf8afa68', 'KALTAKQUISE', 'ACTIVE', 0, NULL),
('19e030d3-2cff-4cd7-b94d-65926072123b', 'aea4e315-1c63-441c-9abc-a34a6b2e80df', 'KALTAKQUISE', 'ACTIVE', 0, NULL),
('81d23cae-0cf1-4428-b630-f5565992ae78', 'afdd1ffc-59dd-4f40-995d-934cbc7ea86f', 'KALTAKQUISE', 'ACTIVE', 0, NULL),
('ab093ff3-25b5-44f3-b7d4-54af5fb3b21b', '93f5db9d-2e7a-4635-8352-4a8fcb2c00fa', 'KALTAKQUISE', 'ACTIVE', 0, NULL),
('bd37e392-3a99-4031-81be-b2981bb2e49c', 'c2459a4f-85fd-40e2-9f5d-2bfb59d165f9', 'KALTAKQUISE', 'ACTIVE', 0, NULL),
('e021f15d-8eee-4531-84bc-7b600f62bb03', '5c734567-9a1b-4fc9-b00a-9dec04937c1a', 'KALTAKQUISE', 'ACTIVE', 0, NULL),
('b41e61e2-349d-4fbe-85e1-f3b44964ec02', '65ed317c-8fc6-43f0-896a-a05aace33ba0', 'KALTAKQUISE', 'ACTIVE', 0, NULL),
('ef6d06e9-f720-4322-8aa4-0288481947f9', 'c9c773a3-07e3-4470-b152-a65cc0327972', 'KALTAKQUISE', 'ACTIVE', 0, NULL),
('92f5af39-635a-46fa-9f2a-cc9758a411d2', '923690e1-911f-4d4f-bb43-d926d427e162', 'KALTAKQUISE', 'ACTIVE', 0, NULL),
('8bdef125-3fbb-4705-a176-3e02554326e6', '58085a15-a1d6-456e-ba98-3fd549c39a53', 'KALTAKQUISE', 'ACTIVE', 0, NULL),
('7c07cfea-766e-4afd-8312-18e60abb05d9', '476c9345-304d-4d43-8392-63575dd8b011', 'KALTAKQUISE', 'ACTIVE', 0, NULL),
('234c310f-a50e-4e88-ac31-89a204349dd1', '5e3e3e57-10e2-4d3c-8ca5-c179ce8b11fc', 'KALTAKQUISE', 'ACTIVE', 0, NULL),
('8a6eeefd-110d-4658-9ac0-6edd9f714a20', '4958c736-d322-4498-a9f6-e1ff98620431', 'KALTAKQUISE', 'ACTIVE', 0, NULL),
('142d038c-b1e0-4984-aa99-dd81dff3f659', 'a10e66eb-9141-4bc4-b555-fb7b6310e3b0', 'KALTAKQUISE', 'ACTIVE', 0, NULL),
('7636235e-80dc-45e4-a606-22658c0119ac', '884ca9b5-e102-4ef0-80fd-dec3d690b36a', 'KALTAKQUISE', 'ACTIVE', 0, NULL),
('5570eac7-d775-4514-88e7-36ba93203fdd', 'f01e0d3f-ae08-4cce-ba07-23c32208c5b6', 'KALTAKQUISE', 'ACTIVE', 0, NULL),
('9f066f61-375f-40dc-8d98-369aaa0b2989', 'b3be0339-4ae6-45ca-aa18-9d250b33cc7b', 'KALTAKQUISE', 'ACTIVE', 0, NULL),
('4a473418-f48f-4298-a0a3-10a8382a7744', 'fb313cca-fb28-418f-ac8d-0435e18c020d', 'KALTAKQUISE', 'ACTIVE', 0, NULL),
('c90de19b-9468-4350-9cb6-9fbd450439fb', '09bdb217-c385-4eee-8656-31ae0ceb0415', 'KALTAKQUISE', 'ACTIVE', 0, NULL),
('636dd7f2-e425-4e12-814f-869b2f729be3', '0b37cea9-f90f-472c-ab34-db09b942c8ac', 'KALTAKQUISE', 'ACTIVE', 0, NULL),
('2b121446-3b5b-45fe-af26-0ddf61ccc089', '0251efd5-afdd-4382-8013-bfe27e761cef', 'KALTAKQUISE', 'ACTIVE', 0, NULL),
('f1f1393b-6398-43be-bdac-77c2bd0315c9', '19463eee-5ffe-431c-844d-d46dee9bf086', 'KALTAKQUISE', 'ACTIVE', 0, NULL),
('f6b4cdd1-79f2-41d1-8099-79650b5e0c77', 'aa007ef7-a83e-427f-8298-a64e5e4fa592', 'KALTAKQUISE', 'ACTIVE', 0, NULL),
('5121a0c0-78db-450b-b1b7-375be4389b45', 'b066a33c-adfc-4544-a321-ccb85912d9b8', 'KALTAKQUISE', 'ACTIVE', 0, NULL),
('4764f914-903f-4dfb-927d-88e97390a55e', '24799ce7-b5c0-46a3-8a93-6ad1bb591e4e', 'KALTAKQUISE', 'ACTIVE', 0, NULL),
('e7a51976-a185-4cc4-8e0e-6560bfa1e27c', '3ab6ec34-6816-439a-a21d-d31675940e61', 'KALTAKQUISE', 'ACTIVE', 0, NULL),
('3f1039ae-a1a0-472b-a2f8-b1cc2c934452', '0cbd08b4-2b4a-4787-8cec-d5edec03f5f2', 'KALTAKQUISE', 'ACTIVE', 0, NULL),
('4737cb92-b57c-490b-a6f8-0f3b860035fd', 'af872e0f-9ade-4207-a31a-f1dbd525f276', 'KALTAKQUISE', 'ACTIVE', 0, NULL),
('2db780f7-cc8d-4926-8991-9eb5615fe3bc', '0e57c630-24e1-49cb-8379-633e852f5db4', 'KALTAKQUISE', 'ACTIVE', 0, NULL),
('b8ca6efc-8012-434e-82eb-e29854734e75', '28c5d6d7-3070-4c6f-ab51-d2ac6044226f', 'KALTAKQUISE', 'ACTIVE', 0, NULL),
('32872bae-b664-41bf-a763-a22fd809076c', 'c1325254-224e-4852-ada8-d08766c02b39', 'KALTAKQUISE', 'ACTIVE', 0, NULL),
('78da4f82-c688-4630-a1b6-46b1f132a4b4', '14de14b9-1b14-41a3-af9e-61a4f0378874', 'KALTAKQUISE', 'ACTIVE', 0, NULL),
('abc3e63b-5ee4-4a0d-b5f9-dea195714612', 'aed11c05-a07e-4b1d-9daf-94d07c56b8e3', 'KALTAKQUISE', 'ACTIVE', 0, NULL),
('b151b690-f079-44a5-b0a8-87a026a5604a', '41b66a00-2ca2-4843-bf0d-39a014f0c870', 'KALTAKQUISE', 'ACTIVE', 0, NULL),
('4ef8b788-709b-49d4-a539-237910205a1f', 'fcdddc0b-365e-44e5-ba5d-c49f793dcb75', 'KALTAKQUISE', 'ACTIVE', 0, NULL),
('90c8d408-1dee-4b94-b8a1-d6faecfdc3cd', 'bbe2c897-9204-402b-8fb6-c4d967fe813c', 'KALTAKQUISE', 'ACTIVE', 0, NULL),
('074ab172-226c-43be-96cc-93e09109e708', '7e330fc5-f7c6-4a98-9a51-27957cb03393', 'KALTAKQUISE', 'ACTIVE', 0, NULL),
('2e5a5d0f-91d5-480a-987d-de20a8bca8ab', 'd986a6ad-4fa3-4e82-b9d3-dbabf1f51b6f', 'KALTAKQUISE', 'ACTIVE', 0, NULL),
('20b267cb-61fe-49b9-a337-0a4ea74d2403', 'f28468d8-3eee-4d14-ac9e-b5037c097f50', 'KALTAKQUISE', 'ACTIVE', 0, NULL),
('ffa6bdf3-0235-4d96-a3ee-fa0a5a2c16f9', '0c981f08-34b0-43d5-907e-93357f86508e', 'KALTAKQUISE', 'ACTIVE', 0, NULL),
('9c1c2731-b72c-46d3-bc33-cf4d11354a36', 'f11d7460-3101-4862-8097-625d37839be5', 'KALTAKQUISE', 'ACTIVE', 0, NULL),
('73cc89ed-9883-49f2-a2de-42fb00a8f7fa', '7ac4bbcf-816d-4d12-a43f-09353b4852c9', 'KALTAKQUISE', 'ACTIVE', 0, NULL),
('28ffa4a3-4126-47a4-9a82-ea9bee63103a', '99754ca3-b311-4dc3-abdc-f1783e842ef9', 'KALTAKQUISE', 'ACTIVE', 0, NULL),
('6c4e3e7b-92c5-40cc-b5f3-91fbbfbfc281', '006ca183-b161-4067-b27f-d8e195cbf3ff', 'KALTAKQUISE', 'ACTIVE', 0, NULL),
('90e435c3-9740-48b0-9dcf-3b35a8a03a89', 'd5ca75b4-4971-4f57-8071-9d7a49f5e5c0', 'KALTAKQUISE', 'ACTIVE', 0, NULL),
('69f9eac9-bed2-4c51-8a61-2028d9f373f1', 'd09c2829-a906-4585-a5c9-386eb9058b83', 'KALTAKQUISE', 'ACTIVE', 0, NULL),
('e4a3a9e6-49a2-4676-9be9-ac513394405c', '94e669e5-dcd3-4daa-96e7-3001d0d459ef', 'KALTAKQUISE', 'ACTIVE', 0, NULL),
('6795218a-9953-4383-8051-7eb430d4f92a', '602eabfe-ef0d-4546-8c64-fa137735719c', 'KALTAKQUISE', 'ACTIVE', 0, NULL),
('2b8af842-237a-4fc1-aca3-69e9253a067e', 'c17c99f7-0a7a-430b-9411-80f2254d7d02', 'KALTAKQUISE', 'ACTIVE', 0, NULL),
('ed53e331-03dd-4183-95a0-3dad5462eea0', '7a0aca36-d4cc-4fbe-bbb0-1db0a41001e2', 'KALTAKQUISE', 'ACTIVE', 0, NULL),
('52979b29-c650-4a7e-ad99-d93353e63157', 'cfe5c86f-32a0-43a3-8d29-2e7868099db4', 'KALTAKQUISE', 'ACTIVE', 0, NULL),
('d07896ee-9f2f-4fdf-8c02-75988e251e84', '92db4ed8-6318-4f22-b622-df7bb95601ff', 'KALTAKQUISE', 'ACTIVE', 0, NULL),
('99065299-0f9f-4888-a251-3f29c9a15899', 'da64700d-4c6a-4076-b664-d72a5f60bb37', 'KALTAKQUISE', 'ACTIVE', 0, NULL),
('6abf8ba8-1420-4e59-90ee-1f3999489154', '94c3b117-afcb-426d-8778-e76560c657b3', 'KALTAKQUISE', 'ACTIVE', 0, NULL),
('37146abe-ff2b-419b-b1a8-aa9cd079a13c', '34704e02-24c4-431f-9ae1-efa6bf7628b0', 'KALTAKQUISE', 'ACTIVE', 0, NULL),
('196533d4-a2ad-4ad5-b538-ee0e061c131d', '2c6a410e-c3c2-43b6-822c-c9d003e9e19f', 'KALTAKQUISE', 'ACTIVE', 0, NULL),
('9a7d6329-7026-452f-a004-2051f1548d99', '272b4a4c-4fc8-4d41-ada1-0d7596fcb1b8', 'KALTAKQUISE', 'ACTIVE', 0, NULL),
('c9d5a297-13b2-417b-828a-964e42d66c2e', 'a1c8cb45-9ee9-46ae-854b-b5d0378a2b41', 'KALTAKQUISE', 'ACTIVE', 0, NULL),
('66fc342f-1e86-4aa4-bb6d-451995fa351f', '88507184-62d2-4d0c-b090-b37bc9c22fa5', 'KALTAKQUISE', 'ACTIVE', 0, NULL),
('b4d6e858-1529-407e-bf3f-de347e7223c9', '862afaf3-433d-44bb-8ebe-de7b210c7e04', 'KALTAKQUISE', 'ACTIVE', 0, NULL),
('9628396e-1c36-49aa-bb3c-2fb90f92fe63', '0ed51fdd-a6d6-475a-91f9-80508e91823c', 'KALTAKQUISE', 'ACTIVE', 0, NULL),
('6db01df5-9843-48c6-ac82-010ee89a8a03', '9a6cb3ba-ea2c-4956-aef3-7d4aa41dd02d', 'KALTAKQUISE', 'ACTIVE', 0, NULL),
('e2708a28-3619-4238-9126-79c87a0c5331', '0422a830-b883-44fc-8b27-2a6f1c028231', 'KALTAKQUISE', 'ACTIVE', 0, NULL),
('17cfda34-555d-4671-bcb0-e64ccacbaa07', 'a0394257-9425-4f6e-a6e4-d314450602c6', 'KALTAKQUISE', 'ACTIVE', 0, NULL),
('0c4dc235-bdfa-4c33-ab3d-0b0f41cebec5', 'e38b67d5-c511-4a90-9b32-ce26622ac9ef', 'KALTAKQUISE', 'ACTIVE', 0, NULL),
('11cbc2a6-c12b-447c-9ceb-eeec0cec8302', '4aef720d-9a66-4623-a8ee-952ab07f85d9', 'KALTAKQUISE', 'ACTIVE', 0, NULL),
('a48fc2f2-0873-4dc8-bb3e-9f503eb6c221', '6c6d8565-decc-490b-89bd-9656e1731490', 'KALTAKQUISE', 'ACTIVE', 0, NULL),
('9366dd33-ab07-417f-8c46-edbb3bd3c3aa', '0a89b570-d661-44ed-b182-2bc61d7605eb', 'KALTAKQUISE', 'ACTIVE', 0, NULL),
('618dd6f9-31f7-4d63-8f9b-ed4c38cf5299', '3dabff5c-86c0-4691-817b-b38e01aa86a9', 'KALTAKQUISE', 'ACTIVE', 0, NULL),
('ccec412d-1421-4986-ad99-a9b245193a14', '6c646d29-a40b-483a-8eae-cf0a556e22cb', 'KALTAKQUISE', 'ACTIVE', 0, NULL),
('c67a79ce-1d75-4162-be7c-232b725f04f1', '7c55c6cd-0d32-41a9-9687-59cb5e037472', 'KALTAKQUISE', 'ACTIVE', 0, NULL),
('ff128cd9-a76a-42a5-ac29-711f81cbd32c', '4c667998-3edb-47c5-94ec-d86dd96d3a0d', 'KALTAKQUISE', 'ACTIVE', 0, NULL),
('3566b47f-395b-40be-a4ad-68c4341983c8', 'e4c1506a-b165-47bb-9412-0036d6e8cbdd', 'KALTAKQUISE', 'ACTIVE', 0, NULL),
('c383bdf9-9672-4c69-846b-10c316502bf9', 'd73163d4-3bab-4493-8b5b-6e21cd2f1481', 'KALTAKQUISE', 'ACTIVE', 0, NULL),
('7003fc44-d5dc-434c-8dd2-907fd4f85a52', '875c8095-1e7d-4464-bd54-13a170a059fc', 'KALTAKQUISE', 'ACTIVE', 0, NULL),
('ef0192e4-9c61-4e03-bae9-2580c6c2b068', '5dc9445c-be2c-4c29-a61a-bbb1b16cf42e', 'KALTAKQUISE', 'ACTIVE', 0, NULL),
('7f80fac4-5921-4a8c-91eb-1c273e35df22', '370595d4-fe0c-4e9e-a2c1-dc211c2302c8', 'KALTAKQUISE', 'ACTIVE', 0, NULL),
('3b4df765-7c46-4825-afa3-aa103f2d1baa', '1308047c-376a-4b41-97cd-4d71598d8cb2', 'KALTAKQUISE', 'ACTIVE', 0, NULL),
('55fa379e-6687-4685-849b-1a679ab6a520', '1c57bfb8-0cdd-4c55-a13b-17fa193272ae', 'KALTAKQUISE', 'ACTIVE', 0, NULL),
('989e299f-b489-47f1-b58e-7597d48b1882', '8cfd5c7b-71ad-4984-96ec-0f7dd5751954', 'KALTAKQUISE', 'ACTIVE', 0, NULL),
('83b75c88-5cb5-4531-8e4d-40bfec624ff6', '850c14d0-5524-4412-b945-621756c56187', 'KALTAKQUISE', 'ACTIVE', 0, NULL),
('8d64cd36-99b2-41a8-8d58-80d9a7c01a9e', 'f66c9d59-4459-4487-883a-c31cc74c8608', 'KALTAKQUISE', 'ACTIVE', 0, NULL),
('0029f416-1ee6-48e3-b641-d10af627276e', '747e6ae3-4bed-4d5b-9871-da0fc9cfc7d8', 'KALTAKQUISE', 'ACTIVE', 0, NULL),
('801c9c9f-10a6-4e68-b19d-7ba26df086e7', '3bbe2e5e-e771-47c7-ba31-c782e2121bef', 'KALTAKQUISE', 'ACTIVE', 0, NULL),
('5fe88359-b484-4092-8150-5a1647bccef5', '7225e827-b8d1-4f4b-b562-0807bdf67b5f', 'KALTAKQUISE', 'ACTIVE', 0, NULL),
('bba2aad2-f18a-451a-b201-99297f5b2971', '0a92c1cc-f55a-4e2c-b9c6-176c5c4e82a8', 'KALTAKQUISE', 'ACTIVE', 0, NULL),
('90f55675-cadb-4d05-a4cb-8898c394bc04', '9ca9ba5c-469c-473f-8550-d02590850f76', 'KALTAKQUISE', 'ACTIVE', 0, NULL),
('5838a690-b6d7-4d30-9841-1d0c41eecaeb', '98bba083-5085-44b6-a2ec-639f63e6f00d', 'KALTAKQUISE', 'ACTIVE', 0, NULL),
('65f32a6d-e5d9-4996-999f-dca0b407828b', '1e247da3-b1db-46de-b99d-8e61901487e2', 'KALTAKQUISE', 'ACTIVE', 0, NULL),
('4d9e262d-388b-47ff-a88e-c18e460868b9', '3fe0b6eb-f294-4bc3-a7d2-f3f817f64b42', 'KALTAKQUISE', 'ACTIVE', 0, NULL),
('5e1b5583-e41d-4fe6-9ed5-b0632ef0de5e', 'b2b5b225-32ff-4a05-b66a-1012593792f4', 'KALTAKQUISE', 'ACTIVE', 0, NULL),
('0c8296ba-a645-47b6-a6e4-9ee1bef48558', 'f82e01ee-0dac-4149-a6ff-ddedc92f7aa6', 'KALTAKQUISE', 'ACTIVE', 0, NULL),
('0e9f3f6e-00c6-4c1f-af85-d6393fd1fe71', '05f4eff9-e87d-4b87-a628-4af6681c3219', 'KALTAKQUISE', 'ACTIVE', 0, NULL),
('18e3a69e-c52f-44a3-a7f2-ea272a301377', '0b9bc869-b15d-49d7-bd0a-b401b31d14d4', 'KALTAKQUISE', 'ACTIVE', 0, NULL),
('a62bc8d2-898a-4c3f-8e03-d027e4a80b1a', '1a4b18a9-c2e1-450e-b335-e8734d02ec82', 'KALTAKQUISE', 'ACTIVE', 0, NULL),
('a344d0d0-0b13-4cc8-9943-01bd713c2d8c', '604ca2ec-934c-4939-b5f1-a96aea2424a4', 'KALTAKQUISE', 'ACTIVE', 0, NULL),
('4e469213-10a8-4e54-8948-f09ae8faa3ab', '4f6ea4ca-5bbe-4714-b036-1f3df735df9c', 'KALTAKQUISE', 'ACTIVE', 0, NULL),
('a76ad0ec-c8d9-4ee2-8481-608d1ca332c3', 'e18e2050-f006-4e90-ae86-6080e57ad4b4', 'KALTAKQUISE', 'ACTIVE', 0, NULL),
('9a096aed-59a2-443e-b345-3216eae27223', '780f07c1-424c-461f-8c88-18c896d940d3', 'KALTAKQUISE', 'ACTIVE', 0, NULL),
('08a31c78-029e-466b-b150-0be3dc29bfa5', '41e578f5-fc39-4ae1-8ac9-d14eb8983a44', 'KALTAKQUISE', 'ACTIVE', 0, NULL),
('3f12015a-70c0-4d70-b7d7-77daa4993631', '47b909c1-29b7-4946-b0ea-7f9ed2f6c636', 'KALTAKQUISE', 'ACTIVE', 0, NULL),
('d3130f68-f1ed-4a51-8b65-1405656ebf39', '722e4b61-b635-4174-b6fc-e8093f4025d3', 'KALTAKQUISE', 'ACTIVE', 0, NULL),
('595934bd-e1c9-4235-8bb8-f50a205ea00d', '89647cc3-56cd-4c78-ba7f-dd746502411b', 'KALTAKQUISE', 'ACTIVE', 0, NULL),
('1244df64-4f32-4973-aa1d-012f4709fbf4', 'c20529a1-dd21-47f4-b1a6-581e7fe2e5eb', 'KALTAKQUISE', 'ACTIVE', 0, NULL),
('6e9974a0-9f5c-499c-9f72-32ed3cc8a264', 'b5912c2e-2168-4519-b8c2-f2b16949b18f', 'KALTAKQUISE', 'ACTIVE', 0, NULL),
('c45f5800-bd80-44d1-8754-87cf8024e439', '1997ab05-73a5-4f29-bf16-4d68972c98b5', 'KALTAKQUISE', 'ACTIVE', 0, NULL),
('59ad598c-4dc7-4b71-bc1e-353e8dc925c7', '18fa1396-e63b-4861-b35d-6964cf4482ac', 'KALTAKQUISE', 'ACTIVE', 0, NULL),
('c396deca-e1da-47a6-b211-bbdacc34b4fd', '232d3283-5a71-4ba7-ae89-114d4111a612', 'KALTAKQUISE', 'ACTIVE', 0, NULL),
('8369be11-106a-4529-bc64-d5229f885ba9', 'd8199364-0f77-4b40-b82f-ce5f0009f508', 'KALTAKQUISE', 'ACTIVE', 0, NULL),
('b06457b1-eecc-483a-85cd-c33b620115c0', '9c83a90b-375d-474c-897c-eabdce4199af', 'KALTAKQUISE', 'ACTIVE', 0, NULL),
('db343f83-60ea-48f5-afad-adccc8fb62d3', '4a753460-d834-4fc6-a92b-5dd8550d1c04', 'KALTAKQUISE', 'ACTIVE', 0, NULL),
('fc4ccf85-11c7-4c3a-b7c9-c703092f3e47', 'a1912f10-a855-44b5-930f-4e5a626d2816', 'KALTAKQUISE', 'ACTIVE', 0, NULL),
('2b9b0f4a-32a7-4af8-ad6b-f1f56354fb73', '2b0ffacd-1fa1-4005-9cc5-28cebdea95bc', 'KALTAKQUISE', 'ACTIVE', 0, NULL),
('47830c7f-9c25-4b23-9a50-e89baecead0d', '36af50a1-2c4c-455d-bacf-6cca6fac992d', 'KALTAKQUISE', 'ACTIVE', 0, NULL),
('61e90e8c-9f25-41e2-bb14-11827a62e9a4', '24628afe-9b15-4ae8-9cf0-f3c7e778ddf6', 'KALTAKQUISE', 'ACTIVE', 0, NULL),
('892b1adb-62c0-4f70-983f-2b1ddc41e9a5', 'be14c5e0-0af1-453c-be45-ce4263363527', 'KALTAKQUISE', 'ACTIVE', 0, NULL),
('1e7f6960-9085-4d6a-86e1-dcda4c26eba6', 'b51c74c2-900e-4daf-a31d-0afe3031aafa', 'KALTAKQUISE', 'ACTIVE', 0, NULL),
('a3a672ba-9422-4279-a33d-f10cd09f59c8', '53595fd1-00c7-405e-ba8a-5d60f9986a71', 'KALTAKQUISE', 'ACTIVE', 0, NULL),
('fb930d24-b8ff-4ad1-b8d7-bf011ea17e80', '131d9c29-7b25-4222-968d-f4eec34a906b', 'KALTAKQUISE', 'ACTIVE', 0, NULL),
('3a26c815-5bf1-4a9f-8d6c-254348558366', '25f501b6-32b9-44c4-8440-4896229abe93', 'KALTAKQUISE', 'ACTIVE', 0, NULL),
('b075de5b-8123-453a-b00a-275679889c73', 'b167cfcd-55fe-43c8-81c1-09675becd93f', 'KALTAKQUISE', 'ACTIVE', 0, NULL),
('e939a8fc-6a76-40fe-ba49-b9ae10c0161a', 'b56c9b65-165d-44bb-8d08-9ccaa0ec75b5', 'KALTAKQUISE', 'ACTIVE', 0, NULL),
('6913c98c-4279-4909-800d-19ddd99d6d79', '52e8865c-de23-47ae-bf69-5b54d5dd17cf', 'KALTAKQUISE', 'ACTIVE', 0, NULL),
('cc8b2ac2-c385-4241-a600-500b7663e01c', '0e367182-0772-48a2-9b0f-cd190b869278', 'KALTAKQUISE', 'ACTIVE', 0, NULL),
('53e76ffd-4d6f-44ca-8264-96d91407f780', 'e5a1b1c0-9cf7-4ba7-a64b-d45d9a63dbe4', 'KALTAKQUISE', 'ACTIVE', 0, NULL),
('b28b128e-7d4d-4178-9a0e-c8a63bfa76d8', 'db391470-2169-464b-a869-f2deee848b89', 'KALTAKQUISE', 'ACTIVE', 0, NULL),
('f9528b03-55f8-486b-b814-3fd7233fd1d5', '73957d20-7462-41bf-9b78-46aa20b8d7d2', 'KALTAKQUISE', 'ACTIVE', 0, NULL),
('6ad2efc2-72b4-4471-80f4-3f06119ee732', 'be99a39b-9c64-4798-b856-99b0d77f5bc7', 'KALTAKQUISE', 'ACTIVE', 0, NULL);

INSERT INTO lead_tags (lead_id, tag_id) VALUES
('867c8b05-e8ad-4751-b082-e26c9e01e8af', 'ka-b2c'),
('9d18066f-51e6-4126-824f-bbb3b4478625', 'ka-b2c'),
('94bade6a-0bed-49d7-a39e-ee6b32bd000e', 'ka-b2c'),
('1cbe7f72-455d-4b4c-a684-61a95bb5de90', 'ka-b2c'),
('fc9997aa-5de1-4b71-8dd5-0c766d4b7b9a', 'ka-b2c'),
('98d12623-3a65-491b-9078-7bfa25816dee', 'ka-b2c'),
('6f4cf3af-3a05-471f-a267-908a4092f192', 'ka-b2c'),
('916e9564-c81c-4007-b0f9-c69695ee9a49', 'ka-b2c'),
('c30eef3d-d18e-46d3-88b8-8190a8a8a7e7', 'ka-b2c'),
('2e67226e-f471-4f8c-951c-2a864a5ee4f4', 'ka-b2c'),
('ecc11f33-c6b9-48a1-9cdb-a2e380c4d9ab', 'ka-b2c'),
('bc9b035f-0fcc-4af8-8d16-3ab6c9ce54f5', 'ka-b2c'),
('0841d26e-60c0-4518-b86e-b419d63aeac9', 'ka-b2c'),
('0ce4cab0-87ec-474e-99b1-e4f3576dcdd3', 'ka-b2c'),
('f0fd0a96-8ab9-452d-8950-de07ed2d48eb', 'ka-b2c'),
('4718a11c-ba47-456d-8a26-ee0780985054', 'ka-b2c'),
('9183cfb8-0278-48a5-9a11-6c4126a96d99', 'ka-b2c'),
('cc1ee26b-f613-461e-9e31-5b68eaa6ee6e', 'ka-b2c'),
('1389949b-ace3-4238-9b0c-8f2ac0f470f7', 'ka-b2c'),
('6c28bb0f-2857-4b44-b3ab-7bb09c0ecc96', 'ka-b2c'),
('19274477-d7b1-495d-a70c-9af174bbf031', 'ka-b2c'),
('04cc5273-31e2-498d-8d56-a7d66368477d', 'ka-b2c'),
('66a291cc-2c83-4d33-a32e-a5c2e99a4e3f', 'ka-b2c'),
('fed08545-1273-4a4e-880d-3ae4563ed8dc', 'ka-b2c'),
('87a0d34c-efc7-4766-8986-d5726f1fa8cf', 'ka-b2c'),
('af1d89f4-aaa2-46fe-9410-0694aed64630', 'ka-b2c'),
('fe7015ce-fa21-4467-ac9c-46b2b500320c', 'ka-b2c'),
('8116446b-0a43-4997-9eb5-e5131c9f8a89', 'ka-b2c'),
('b0906b37-962e-47cb-b297-828eb3b50d5f', 'ka-b2c'),
('8221170d-c763-4387-acb0-960b4b7e9dfb', 'ka-b2c'),
('3d20fa14-f505-4f3c-a85d-e7d6db9db6c4', 'ka-b2c'),
('821d027b-c7a1-4f14-9abd-290f32295dc0', 'ka-b2c'),
('addc9fd7-1a72-4abb-b0bf-59f4a2f831b2', 'ka-b2c'),
('22548662-b65a-44a2-be67-5c01d88ab9c5', 'ka-b2c'),
('c96d82de-1c8f-429b-85eb-557c3e233a26', 'ka-b2c'),
('a80d659e-53f2-408b-a583-51216de721ce', 'ka-b2c'),
('69b7b459-a6d0-466d-9f57-2aef5cdec442', 'ka-b2c'),
('21f426c9-01f5-4861-ae5b-627174047a68', 'ka-b2c'),
('1b8bf64f-a1b1-474b-966b-b526e62be565', 'ka-b2c'),
('e5cc7ae7-4ca3-40a3-8f73-91ee432f2f98', 'ka-b2c'),
('1484c229-f117-44e5-a4ac-6f11775782c9', 'ka-b2c'),
('2a9ce307-2115-4c3c-a65c-08c4c76ba439', 'ka-b2c'),
('bc4ff855-1d7c-4402-94f6-cd33f65048c3', 'ka-b2c'),
('9dbe426c-5bbc-4fe3-b0a1-50e616fb62e1', 'ka-b2c'),
('71891ba9-5648-42c2-b5a1-51b2a1cb47f8', 'ka-b2c'),
('102c6292-f935-4060-bdf5-97d2edc155b6', 'ka-b2c'),
('e3b2173c-2877-409d-8a7b-58fa23cce708', 'ka-b2c'),
('dc6293f3-7f3c-4d47-8c8f-5b2c2cb41deb', 'ka-b2c'),
('844af6a2-13f0-4fe2-9f6f-3aadfaca913a', 'ka-b2c'),
('2dfd644d-4a14-4cb3-a28c-09f4b8f8b120', 'ka-b2c'),
('d0d92142-d5ad-4912-9bd3-940905ffe3ad', 'ka-b2c'),
('c4501d32-c505-4bb3-a9f0-bd8157fca117', 'ka-b2c'),
('5635bc93-2fc2-4b25-bf3d-ef4995e792e2', 'ka-b2c'),
('eccc8ab1-c34c-4691-ac15-e38a49cefdb6', 'ka-b2c'),
('5386bb05-f1fe-4879-b3a3-06d12abeb496', 'ka-b2c'),
('85f52484-a020-4c2a-91e8-b65d4df3424a', 'ka-b2c'),
('f164a98a-2ce4-41a5-ac56-d4bfc1c2d9ca', 'ka-b2c'),
('225451b3-8c90-4082-8be1-64311913ac0d', 'ka-b2c'),
('d0136d1c-7c05-4bc5-94ee-1a8765d04d59', 'ka-b2c'),
('33520b74-e68a-46d0-ab64-f7f0728d6b98', 'ka-b2c'),
('6fd5f01a-b283-403f-bf71-29bc70804dc5', 'ka-b2c'),
('df9ef9ea-3625-4d32-aa15-ee7c5f75e95e', 'ka-b2c'),
('98d04c88-8482-4c0b-b1a4-979ea2665096', 'ka-b2c'),
('ab7dc65e-f460-4796-aecf-3d2facc04fc5', 'ka-b2c'),
('3f4f5a5a-3834-4d08-a01e-073c1bc09505', 'ka-b2c'),
('126cb229-9e66-4f7a-bec3-4979a76f874a', 'ka-b2c'),
('97b3458d-40db-4ada-be3e-e821d50842a6', 'ka-b2c'),
('692d75e7-b0c3-4ad9-bd22-f80080d62694', 'ka-b2c'),
('a08b40be-fb40-4c71-b0dc-64cc17a7f7a4', 'ka-b2c'),
('366cfa91-5eb3-4220-a17a-7e2463d6ac46', 'ka-b2c'),
('213ddb82-60de-4c50-9b7b-bc0389756fb2', 'ka-b2c'),
('8f79dc0d-5a48-43e2-a706-42040d6b573b', 'ka-b2c'),
('2e9c8edd-a3ff-4db7-a127-d908d5df9eb0', 'ka-b2c'),
('19e030d3-2cff-4cd7-b94d-65926072123b', 'ka-b2c'),
('81d23cae-0cf1-4428-b630-f5565992ae78', 'ka-b2c'),
('ab093ff3-25b5-44f3-b7d4-54af5fb3b21b', 'ka-b2c'),
('bd37e392-3a99-4031-81be-b2981bb2e49c', 'ka-b2c'),
('e021f15d-8eee-4531-84bc-7b600f62bb03', 'ka-b2c'),
('b41e61e2-349d-4fbe-85e1-f3b44964ec02', 'ka-b2c'),
('ef6d06e9-f720-4322-8aa4-0288481947f9', 'ka-b2c'),
('92f5af39-635a-46fa-9f2a-cc9758a411d2', 'ka-b2c'),
('8bdef125-3fbb-4705-a176-3e02554326e6', 'ka-b2c'),
('7c07cfea-766e-4afd-8312-18e60abb05d9', 'ka-b2c'),
('234c310f-a50e-4e88-ac31-89a204349dd1', 'ka-b2c'),
('8a6eeefd-110d-4658-9ac0-6edd9f714a20', 'ka-b2c'),
('142d038c-b1e0-4984-aa99-dd81dff3f659', 'ka-b2c'),
('7636235e-80dc-45e4-a606-22658c0119ac', 'ka-b2c'),
('5570eac7-d775-4514-88e7-36ba93203fdd', 'ka-b2c'),
('9f066f61-375f-40dc-8d98-369aaa0b2989', 'ka-b2c'),
('4a473418-f48f-4298-a0a3-10a8382a7744', 'ka-b2c'),
('c90de19b-9468-4350-9cb6-9fbd450439fb', 'ka-b2c'),
('636dd7f2-e425-4e12-814f-869b2f729be3', 'ka-b2c'),
('2b121446-3b5b-45fe-af26-0ddf61ccc089', 'ka-b2c'),
('f1f1393b-6398-43be-bdac-77c2bd0315c9', 'ka-b2c'),
('f6b4cdd1-79f2-41d1-8099-79650b5e0c77', 'ka-b2c'),
('5121a0c0-78db-450b-b1b7-375be4389b45', 'ka-b2c'),
('4764f914-903f-4dfb-927d-88e97390a55e', 'ka-b2c'),
('e7a51976-a185-4cc4-8e0e-6560bfa1e27c', 'ka-b2c'),
('3f1039ae-a1a0-472b-a2f8-b1cc2c934452', 'ka-b2c'),
('4737cb92-b57c-490b-a6f8-0f3b860035fd', 'ka-b2c'),
('2db780f7-cc8d-4926-8991-9eb5615fe3bc', 'ka-b2c'),
('b8ca6efc-8012-434e-82eb-e29854734e75', 'ka-b2c'),
('32872bae-b664-41bf-a763-a22fd809076c', 'ka-b2c'),
('78da4f82-c688-4630-a1b6-46b1f132a4b4', 'ka-b2c'),
('abc3e63b-5ee4-4a0d-b5f9-dea195714612', 'ka-b2c'),
('b151b690-f079-44a5-b0a8-87a026a5604a', 'ka-b2c'),
('4ef8b788-709b-49d4-a539-237910205a1f', 'ka-b2c'),
('90c8d408-1dee-4b94-b8a1-d6faecfdc3cd', 'ka-b2c'),
('074ab172-226c-43be-96cc-93e09109e708', 'ka-b2c'),
('2e5a5d0f-91d5-480a-987d-de20a8bca8ab', 'ka-b2c'),
('20b267cb-61fe-49b9-a337-0a4ea74d2403', 'ka-b2c'),
('ffa6bdf3-0235-4d96-a3ee-fa0a5a2c16f9', 'ka-b2c'),
('9c1c2731-b72c-46d3-bc33-cf4d11354a36', 'ka-b2c'),
('73cc89ed-9883-49f2-a2de-42fb00a8f7fa', 'ka-b2c'),
('28ffa4a3-4126-47a4-9a82-ea9bee63103a', 'ka-b2c'),
('6c4e3e7b-92c5-40cc-b5f3-91fbbfbfc281', 'ka-b2c'),
('90e435c3-9740-48b0-9dcf-3b35a8a03a89', 'ka-b2c'),
('69f9eac9-bed2-4c51-8a61-2028d9f373f1', 'ka-b2c'),
('e4a3a9e6-49a2-4676-9be9-ac513394405c', 'ka-b2c'),
('6795218a-9953-4383-8051-7eb430d4f92a', 'ka-b2c'),
('2b8af842-237a-4fc1-aca3-69e9253a067e', 'ka-b2c'),
('ed53e331-03dd-4183-95a0-3dad5462eea0', 'ka-b2c'),
('52979b29-c650-4a7e-ad99-d93353e63157', 'ka-b2c'),
('d07896ee-9f2f-4fdf-8c02-75988e251e84', 'ka-b2c'),
('99065299-0f9f-4888-a251-3f29c9a15899', 'ka-b2c'),
('6abf8ba8-1420-4e59-90ee-1f3999489154', 'ka-b2c'),
('37146abe-ff2b-419b-b1a8-aa9cd079a13c', 'ka-b2c'),
('196533d4-a2ad-4ad5-b538-ee0e061c131d', 'ka-b2c'),
('9a7d6329-7026-452f-a004-2051f1548d99', 'ka-b2c'),
('c9d5a297-13b2-417b-828a-964e42d66c2e', 'ka-b2c'),
('66fc342f-1e86-4aa4-bb6d-451995fa351f', 'ka-b2c'),
('b4d6e858-1529-407e-bf3f-de347e7223c9', 'ka-b2c'),
('9628396e-1c36-49aa-bb3c-2fb90f92fe63', 'ka-b2c'),
('6db01df5-9843-48c6-ac82-010ee89a8a03', 'ka-b2c'),
('e2708a28-3619-4238-9126-79c87a0c5331', 'ka-b2c'),
('17cfda34-555d-4671-bcb0-e64ccacbaa07', 'ka-b2c'),
('0c4dc235-bdfa-4c33-ab3d-0b0f41cebec5', 'ka-b2c'),
('11cbc2a6-c12b-447c-9ceb-eeec0cec8302', 'ka-b2c'),
('a48fc2f2-0873-4dc8-bb3e-9f503eb6c221', 'ka-b2c'),
('9366dd33-ab07-417f-8c46-edbb3bd3c3aa', 'ka-b2c'),
('618dd6f9-31f7-4d63-8f9b-ed4c38cf5299', 'ka-b2c'),
('ccec412d-1421-4986-ad99-a9b245193a14', 'ka-b2c'),
('c67a79ce-1d75-4162-be7c-232b725f04f1', 'ka-b2c'),
('ff128cd9-a76a-42a5-ac29-711f81cbd32c', 'ka-b2c'),
('3566b47f-395b-40be-a4ad-68c4341983c8', 'ka-b2c'),
('c383bdf9-9672-4c69-846b-10c316502bf9', 'ka-b2c'),
('7003fc44-d5dc-434c-8dd2-907fd4f85a52', 'ka-b2c'),
('ef0192e4-9c61-4e03-bae9-2580c6c2b068', 'ka-b2c'),
('7f80fac4-5921-4a8c-91eb-1c273e35df22', 'ka-b2c'),
('3b4df765-7c46-4825-afa3-aa103f2d1baa', 'ka-b2c'),
('55fa379e-6687-4685-849b-1a679ab6a520', 'ka-b2c'),
('989e299f-b489-47f1-b58e-7597d48b1882', 'ka-b2c'),
('83b75c88-5cb5-4531-8e4d-40bfec624ff6', 'ka-b2c'),
('8d64cd36-99b2-41a8-8d58-80d9a7c01a9e', 'ka-b2c'),
('0029f416-1ee6-48e3-b641-d10af627276e', 'ka-b2c'),
('801c9c9f-10a6-4e68-b19d-7ba26df086e7', 'ka-b2c'),
('5fe88359-b484-4092-8150-5a1647bccef5', 'ka-b2c'),
('bba2aad2-f18a-451a-b201-99297f5b2971', 'ka-b2c'),
('90f55675-cadb-4d05-a4cb-8898c394bc04', 'ka-b2c'),
('5838a690-b6d7-4d30-9841-1d0c41eecaeb', 'ka-b2c'),
('65f32a6d-e5d9-4996-999f-dca0b407828b', 'ka-b2c'),
('4d9e262d-388b-47ff-a88e-c18e460868b9', 'ka-b2c'),
('5e1b5583-e41d-4fe6-9ed5-b0632ef0de5e', 'ka-b2c'),
('0c8296ba-a645-47b6-a6e4-9ee1bef48558', 'ka-b2c'),
('0e9f3f6e-00c6-4c1f-af85-d6393fd1fe71', 'ka-b2c'),
('18e3a69e-c52f-44a3-a7f2-ea272a301377', 'ka-b2c'),
('a62bc8d2-898a-4c3f-8e03-d027e4a80b1a', 'ka-b2c'),
('a344d0d0-0b13-4cc8-9943-01bd713c2d8c', 'ka-b2c'),
('4e469213-10a8-4e54-8948-f09ae8faa3ab', 'ka-b2c'),
('a76ad0ec-c8d9-4ee2-8481-608d1ca332c3', 'ka-b2c'),
('9a096aed-59a2-443e-b345-3216eae27223', 'ka-b2c'),
('08a31c78-029e-466b-b150-0be3dc29bfa5', 'ka-b2c'),
('3f12015a-70c0-4d70-b7d7-77daa4993631', 'ka-b2c'),
('d3130f68-f1ed-4a51-8b65-1405656ebf39', 'ka-b2c'),
('595934bd-e1c9-4235-8bb8-f50a205ea00d', 'ka-b2c'),
('1244df64-4f32-4973-aa1d-012f4709fbf4', 'ka-b2c'),
('6e9974a0-9f5c-499c-9f72-32ed3cc8a264', 'ka-b2c'),
('c45f5800-bd80-44d1-8754-87cf8024e439', 'ka-b2c'),
('59ad598c-4dc7-4b71-bc1e-353e8dc925c7', 'ka-b2c'),
('c396deca-e1da-47a6-b211-bbdacc34b4fd', 'ka-b2c'),
('8369be11-106a-4529-bc64-d5229f885ba9', 'ka-b2c'),
('b06457b1-eecc-483a-85cd-c33b620115c0', 'ka-b2c'),
('db343f83-60ea-48f5-afad-adccc8fb62d3', 'ka-b2c'),
('fc4ccf85-11c7-4c3a-b7c9-c703092f3e47', 'ka-b2c'),
('2b9b0f4a-32a7-4af8-ad6b-f1f56354fb73', 'ka-b2c'),
('47830c7f-9c25-4b23-9a50-e89baecead0d', 'ka-b2c'),
('61e90e8c-9f25-41e2-bb14-11827a62e9a4', 'ka-b2c'),
('892b1adb-62c0-4f70-983f-2b1ddc41e9a5', 'ka-b2c'),
('1e7f6960-9085-4d6a-86e1-dcda4c26eba6', 'ka-b2c'),
('a3a672ba-9422-4279-a33d-f10cd09f59c8', 'ka-b2c'),
('fb930d24-b8ff-4ad1-b8d7-bf011ea17e80', 'ka-b2c'),
('3a26c815-5bf1-4a9f-8d6c-254348558366', 'ka-b2c'),
('b075de5b-8123-453a-b00a-275679889c73', 'ka-b2c'),
('e939a8fc-6a76-40fe-ba49-b9ae10c0161a', 'ka-b2c'),
('6913c98c-4279-4909-800d-19ddd99d6d79', 'ka-b2c'),
('cc8b2ac2-c385-4241-a600-500b7663e01c', 'ka-b2c'),
('53e76ffd-4d6f-44ca-8264-96d91407f780', 'ka-b2c'),
('b28b128e-7d4d-4178-9a0e-c8a63bfa76d8', 'ka-b2c'),
('f9528b03-55f8-486b-b814-3fd7233fd1d5', 'ka-b2c'),
('6ad2efc2-72b4-4471-80f4-3f06119ee732', 'ka-b2c');
