-- Batch 20 (200 records)
INSERT INTO contacts (id, first_name, last_name, email, phone, company, address) VALUES
('421fed4d-39a6-4493-a2c4-f50c2fde70a5', 'Cadosch Otto und Letizia', '(-Giacomelli)', 'cadosch.otto@bluewin.ch', '41793005730', NULL, 'Voia Principala 13, 7083 Lantsch/Lenz, GR'),
('06cccf5e-e9f4-48d3-af28-8f286074685f', 'Cadoux Jean-Pierre et Vérène', '(-Sommer)', 'jpcadoux@hotmail.com', '', NULL, 'Stadtgraben 1, 3235 Erlach, BE'),
('00f0ec62-bf97-4aa1-a451-a20bb17213bc', 'Cadruvi Mattias e Gabi', '(-Maissen)', 'mattias.cadruvi@kns.ch', '', NULL, 'Via Splecs 22, 7166 Trun, GR'),
('73276d63-a96f-48d0-8542-7dd4917d3473', 'Cadruvi Plazi Giusep', '(-Bass)', 'p.g.cadruvi@bluewin.ch', '41796502447', NULL, 'Via Fau 10, 7031 Laax GR, GR'),
('172e714a-55da-4f76-81b1-59da2b95a0e8', 'Caduff', 'Flurin', 'flurin.caduff@kns.ch', '41796924620', NULL, 'Naus 253, 7143 Morissen, GR'),
('be7a44e1-d501-4672-ba79-9690ffedfade', 'Caduff Gian Andrea und Ursula', '(-Schlatter)', 'gianacaduff@bluewin.ch', '', NULL, 'Obergasse 18, 7205 Zizers, GR'),
('9278eeda-0ff2-41da-8405-5f34986c0c24', 'Caduff Giusep', '(-Kneidinger)', 'caduff@grischa.ch', '', NULL, 'Via Alpettas 3, 7180 Disentis/Mustér, GR'),
('7aceddfc-d6d0-4925-8d29-3251b386ff0d', 'Caduff Marcel und Jasmina', '(-Cajacob)', 'marcel.caduff@kns.ch', '41797956323', NULL, 'Vonporta 103, 7143 Morissen, GR'),
('2796699c-f7b3-4bae-91c9-779970b65e86', 'Caduff', 'Marco', 'mc@marcocaduff.ch', '41792251525', NULL, 'Dorfstrasse 69, 8957 Spreitenbach, AG'),
('3dbe7c71-d82e-4a46-b091-d7c1b043d0c9', 'Caduff Michael und Rita', '(-Cathomas)', 'info@almica.ch', '41796909749', NULL, 'Via Tumvi 34, 7163 Danis, GR'),
('947f9d63-9600-4cdf-98e2-68587eb517f6', 'Caduff Möll', 'Susanne', 'susanne.moell@bluewin.ch', '', NULL, 'Fretli 109F, 7144 Vella, GR'),
('873da6fc-b015-42cd-b8fb-d9b1984489fd', 'Caduff-Rageth Marco und', 'Priska', 'info@glaserei-ct.ch', '41794338800', NULL, 'Via Cazzettas 17, 7151 Schluein, GR'),
('da7587d4-8de4-49c4-beea-4b2c66e9bfb5', 'Cadusch', 'Sascha', 'bdscadusch@bluemail.ch', '', NULL, 'Patnalerweg 7, 7204 Untervaz, GR'),
('7acea1c9-07e5-44a0-b996-9983b24031c7', 'Caflisch Claude und Regula', '(-Keller)', 'caflisch.avers@bluewin.ch', '', NULL, 'Täusistrasse 74, 8630 Rüti ZH, ZH'),
('781899db-185b-49e1-aae4-33b2de92dbbb', 'Caflisch Doris', '(-Haslinger)', 'info@doris-caflisch.ch', '', NULL, 'Obere Säge 6, 8755 Ennenda, GL'),
('ef530719-9569-4ae3-8e9c-41625914c3d0', 'Caflisch', 'Notta', 'hello@notta.ch', '41763650179', NULL, 'Wiesendangerstrasse 9A, 8352 Elsau'),
('2070c1f9-8b38-47d7-8727-bfe3eee1a912', 'Caflisch-Keller Claude und', 'Regula', 'caflisch.avers@bluewin.ch', '41792027123', NULL, 'Loretzhaus 8, 7447 Avers'),
('62b209b3-8090-445d-b38e-699da05dfa88', 'Cagienard', 'Giachen', 'arch.g.c@bluewin.ch', '41792535426', NULL, 'Via Principala 64, 7031 Laax GR, GR'),
('1343033d-40f2-42ec-9ea0-0d3c3db237a3', 'Cagienard Jörg', 'Fortunat', 'cagienard@hispeed.ch', '41794376153', NULL, 'Meilibachweg 2B, 8810 Horgen, ZH'),
('b3178abf-9273-4460-8ec3-86656b3ddc95', 'Cagienard Venanzi e', 'Natalia', 'cagienard_sa@bluewin.ch', '', NULL, 'Via Pustget 4, 7166 Trun, GR'),
('14dc066c-983b-47a0-a5a1-7e827119a434', 'Cahannes Klaus und Ursi', '(-Luginbühl)', 'kcahannes@bluewin.ch', '41799594023', NULL, 'Schöneggstrasse 10, 2540 Grenchen, SO'),
('8178bd13-8d78-4495-b730-a72ada1cfa5f', 'Cahn', 'David', 'mail@cahn.ch', '', NULL, 'Sandreuterweg 42, 4125 Riehen, BS'),
('7fdf13e5-d75d-4436-854e-f82d9ca42a74', 'Cahumba Urszula', '(-Kulakowska)', 'urszulacahumba@gmail.com', '41789219582', NULL, 'Blumenfeldstrasse 33, 8046 Zürich, ZH'),
('28c7b7d0-4180-4d20-a9ce-9997a2fc2103', 'Cajacob Alfred und', 'Esther', 'cajacob@acberatung.ch', '41796316820', NULL, 'Conterserstrasse 71, 7241 Conters im Prättigau, GR'),
('a89cc65c-cde4-4d21-82f4-f46b41f6f43a', 'Cajos Andri', '(-Kaufmann)', 'cajos@gmx.net', '41787037701', NULL, 'Gsteigstrasse 9, 8049 Zürich, ZH'),
('b87af046-1457-40d2-b517-ef7e15e2df37', 'Cajos Anna Margaritta und Otmar', '(-Mendury)', 'cajos.ftan@sunrise.ch', '41796111301', NULL, 'Rontsch 69, 7551 Ftan, GR'),
('1e1b24dd-578d-4a4a-a12e-6d3eb6851911', 'Cakaroglu', 'Sarim', 'csarim@hotmail.com', '41788033965', NULL, 'Halmackerstrasse 352, 4625 Oberbuchsiten, SO'),
('8f4e4342-0d2f-4b48-8adc-8bb77eb74b0c', 'Calabria Olivia und', 'Renato', 'paparazzo@hispeed.ch', '41797606064', NULL, 'Schmittenstrasse 1, 8582 Dozwil, TG'),
('9a626c49-873b-42b5-afea-98b441f4adb0', 'Calabria Remo, Sarah und Zürcher Thomas', '(-Laird)', 'sarah.calabria@bluewin.ch', '41797825159', NULL, 'Sonnenbergstrasse 10, 9038 Rehetobel, AR'),
('7d260683-b0cb-4054-98a7-6390f827ad56', 'Calan', 'Gandi', 'gandicalan@gmail.com', '', NULL, 'Hintere Bahnhofstrasse 12, 8107 Buchs ZH, ZH'),
('e747eb54-f68a-43c9-890d-d2931549e42e', 'Calcaterra', 'Salvatore', 'fmmaler@hispeed.ch', '41763980608', NULL, 'Sandweg 1, 4313 Möhlin, AG'),
('3726eec5-ba94-4b3b-bf58-f992bb308cf3', 'Calderon Mirian Maria', '(-Stucki)', 'mirian.calderon@hotmail.com', '41763357541', NULL, 'Farbsteig 16, 8800 Thalwil, ZH'),
('1425b905-6e36-479f-af3c-2058ad65973c', 'Callister Athena u. Gareth', '(-Bischof)', 'info@yogawelt.com', '', NULL, 'St. Georgen-Strasse 62, 9000 St. Gallen, SG'),
('c5ea01ee-80a0-461d-bc2a-f092b2767be7', 'Calo Rosario (-De', 'Pascalis)', 'rosario.calo@bluewin.ch', '41764324250', NULL, 'Wehntalerstrasse 501, 8046 Zürich, ZH'),
('6b753fab-a427-4bd7-b930-80a13bf964c1', 'Calonder', 'Silvio', 'silvio.calonder@bluewin.ch', '', NULL, 'Riedhofstrasse 9, 8049 Zürich, ZH'),
('fee2d666-c1c6-4137-a4fb-dbe2dbe303f1', 'Calörtscher Hugo und Marianne', '(-Casutt)', 'hugo.caloertscher@gmail.com', '41796840290', NULL, 'Kirchweg 18, 7122 Valendas, GR'),
('27ebb8ab-1a96-4657-ba14-2d7876f01077', 'Caluori Jörg und Pia', '(-Krayss)', 'info@camas.ch', '41793543861', NULL, 'Golfstrasse 10, 9246 Niederbüren, SG'),
('77c6db4a-e37f-493c-a6c1-0141287bd053', 'Calzada', 'Antonio', 'tonicalzada@bluewin.ch', '', NULL, 'Schürmatt 4, 6042 Dietwil, AG'),
('ae6da249-bd95-45b9-8e47-1372a9a2d7bd', 'Camacho Claire-Lise', '(-Blanchard)', 'camacho.claire@gmail.com', '', NULL, 'Emil Frey-Strasse 175, 4142 Münchenstein, BL'),
('99b78de4-a86e-4830-8c7a-24ca0ec351cb', 'Camartin', 'Mario', 'info@taximario.ch', '', NULL, 'Via Palius 3, 7165 Breil/Brigels, GR'),
('17f5e5dc-43b8-4868-8f9e-a7327e5ff3b8', 'Camastral Roger', '(-Obrist)', 'info@camastral.ch', '41794323646', NULL, 'Salietstrass 10, 7203 Trimmis, GR'),
('e33ccd2b-288c-4187-b186-13e80d5de898', 'Camen', 'Pius', 'pcamen@bluewin.ch', '', NULL, 'Veia Sur Ual 27, 7460 Savognin, GR'),
('b258bbe8-8a34-4af4-a86e-6de20a7be12c', 'Camen Reto und', 'Brigitte', 'retocamen@bluewin.ch', '', NULL, 'Stocken 532, 9053 Teufen AR, AR'),
('89eed68e-a1ff-4f95-a39b-f93954a1e794', 'Camenisch Erich, Lorenz und', 'Remo', 'familie@camenisch.cc', '', NULL, 'Hofackerstrasse 19, 4313 Möhlin, AG'),
('a02f8be4-a0a0-4dfe-b1d1-049c2edbb729', 'Camenisch Gion und Maria Luisa', '(-Stecher)', 'camenischgion@gmail.com', '', NULL, 'Bahnhofstrasse 5, 8592 Uttwil, TG'),
('37e75f5f-0222-4120-8192-b33c42bd3378', 'Camenisch Guido und Wanda', '(-Gort)', 'guidocamenisch@sunrise.ch', '', NULL, 'Via Carcarola 2, 7155 Ladir, GR'),
('237a9f12-f92c-4da1-8ab2-59b8bb1d4867', 'Camenisch', 'Michael', 'mike.camenisch@bluewin.ch', '41796100209', NULL, 'Alexanderstrasse 14, 7000 Chur, GR'),
('8f77e24e-3828-4962-9913-8472ab43b4a4', 'Camenisch Verena', '(-Fäh)', 'verena.camenisch@camenisch.cc', '', NULL, 'Altstetterstrasse 267, 8047 Zürich, ZH'),
('ca1f694e-0dd2-44a4-885a-c33fd54c590c', 'Camenzind', 'Alfred', 'f.camenzind@gmx.ch', '41793410786', NULL, 'Brombeerweg 11, 4512 Bellach, SO'),
('c613ab76-7bad-45f7-8f04-a04c68bc8ffd', 'Camenzind Beat und', 'Rita', 'beat.camenzind@hotmail.ch', '41798309903', NULL, 'Oberes Feldmoos 8, 6417 Sattel, SZ'),
('6eac951e-13a1-47ca-9a28-ba4664425110', 'Camenzind', 'Bruno', 'nauenfahrten@bluewin.ch', '41793408928', NULL, 'Holzhäusernstrasse 40, 6343 Holzhäusern ZG, ZG'),
('1ab02f3f-052a-401b-9bd2-bb9cd4bd4fb6', 'Camenzind Ferdy u. Jacqueline', '(-Frey)', 'camenzindf@gmail.com', '', NULL, 'Seestrasse 105B, 6442 Gersau, SZ'),
('b1244ff6-f785-45cd-b6fc-144ef9db7645', 'Camenzind Francine', '(-Graf)', 'camenzind@spin.ch', '', NULL, 'Obere Bahnhofstrasse 6, 7402 Bonaduz, GR'),
('e3f23678-5b58-46e5-8f55-45acb3c366e7', 'Camenzind', 'Helene', 'h.czd@bluewin.ch', '41793309028', NULL, 'Wyssgerbistrasse 6, 6442 Gersau, SZ'),
('1076f0ec-aa0d-41ce-89aa-123f0690bb01', 'Camenzind Josef, Samuel, Léonie und Annen', 'Madeleine', 'cami-design@bluewin.ch', '', NULL, 'Tschaibrunnen 7, 6430 Schwyz, SZ'),
('15e86026-44ec-4a3a-a27b-b5378d575966', 'Camenzind Leo, Erika, Aron, Finn und Alena', '(-Reichlin)', 'leo@camenzind.net', '', NULL, 'Grossmatt 6, 6440 Brunnen, SZ'),
('3870a0d9-ba34-40af-a7d1-dedb3b7c7e89', 'Camenzind Marzell u. Clara', '(-Nigg)', 'marzell.camenzind@bluewin.ch', '', NULL, 'Stückistrasse 1, 6442 Gersau, SZ'),
('d2a71894-fd74-4e9f-9fd2-1c385cdc31be', 'Camenzind Simon', '(-Amrein)', 'admin@ansica.ch', '', NULL, 'Steigstrasse 3, 8363 Bichelsee, TG'),
('414105af-2288-4b59-8626-51b32e4c91e5', 'Camenzind', 'Toni', 'toni_camenzind@bluewin.ch', '', NULL, 'Brünnistrasse, 6353 Weggis, LU'),
('19620be5-ec3b-4d2e-b25d-cc5ccc25c4c8', 'Camenzind', 'Urs', 'info@lebensfreude.ch', '', NULL, 'Langackerstrasse 29, 6330 Cham, ZG'),
('fcb3ba75-08db-4d90-9438-20c000c678bd', 'Camenzind Urs und Esther', '(-Grob)', 'camur@swissonline.ch', '', NULL, 'Heusbergstrasse 8, 8614 Bertschikon (Gossau ZH), ZH'),
('d12f170b-bb93-48ad-84d4-0ec0bd048c94', 'Camichel Fabio Armon und Selina', '(-Janka)', 'info@selinabio.ch', '', NULL, 'Nordstrasse 47, 7000 Chur, GR'),
('3e969464-472b-4cc1-9f38-ae8f3daf9ff2', 'Camilleri', 'Peter', 'peter@camilleri.com', '41792551544', NULL, 'Theodor-Kirchner-Strasse 3, 8400 Winterthur, ZH'),
('fb9069af-6aa9-4132-9684-886a02b5fc06', 'Caminada', 'Martin', 'martin.caminada@gmx.ch', '41788210910', NULL, 'Sarganserstrasse 67B, 7310 Bad Ragaz, SG'),
('a16d9d20-7846-4f36-a319-23a07b390468', 'Caminada', 'Romolo', 'boote@caminadawerft.ch', '', NULL, 'Grisigenstrasse 16, 6048 Horw, LU'),
('7c385cef-8438-456a-ab1e-42aaf76a92f1', 'Camiu Luis, Annamarie, Marco, Daniela und Alexi', '(-Buchli)', 'camanna@bluewin.ch', '', NULL, 'Rumein 27, 7145 Degen, GR'),
('eec97462-ce3d-498a-b69a-329ea8623986', 'Camo', 'Hamdo', 'info@camo.ch', '', NULL, 'Poststrasse 51, 8462 Rheinau, ZH'),
('a43f41e1-3236-4d10-9fbc-5ced1c88044c', 'Camp Georges', 'Pierre', 'gpcamp@bluewin.ch', '', NULL, 'Dufourstrasse 107, 8008 Zürich, ZH'),
('46030836-35e8-4b49-90aa-e1227360c03d', 'Campagnoli', 'Damiano', 'd.miner@hotmail.it', '41794190960', NULL, 'Strada Cantonal 76, 6535 Roveredo GR, GR'),
('f1ab39f6-7bce-44ec-b88f-850520083878', 'Campbell', 'Jesse', 'jessie.campbell@bluewin.ch', '', NULL, 'Hauptstrasse 56, 4417 Ziefen, BL'),
('45f8ba1b-226b-4927-9a70-a23345af0e60', 'Campisi Gabriela und', 'Antonio', 'find_celi@hotmail.com', '', NULL, 'Schärlibachstrasse 12, 8374 Dussnang, TG'),
('65fa528b-2ca0-48bc-a35f-a92c213313da', 'Campomilla Andrea', 'Luigi', 'andrea.campomilla@hispeed.ch', '', NULL, 'Dorfstrasse 53, 8309 Nürensdorf, ZH'),
('7418fe23-c59d-401c-aa24-bed7bafab604', 'Campomori', 'Angelo', 'angelo-campomori@bluewin.ch', '', NULL, 'Barzstrasse 9, 5330 Bad Zurzach, AG'),
('a852dcef-cad5-4518-b949-53e965d5c9fc', 'Campos', 'Armando', 'armandocampos@hotmail.com', '41763415508', NULL, 'Eschenring 3, 6300 Zug, ZG'),
('5fb93fb8-24f4-4715-9c95-4b50d10e1aad', 'Campos De Woldmann', 'Milagros', 'milagroscampos@hispeed.ch', '41794419752', NULL, 'Altwiesenstrasse 211, 8051 Zürich, ZH'),
('d2cc1965-6d2c-4a96-844d-475c495cc70e', 'Canal', 'Iro', 'iro.canal@bluewin.ch', '41796694027', NULL, 'Hinterbüelweg 6, 6340 Baar, ZG'),
('69696ca1-fc16-4412-a1f6-055888057b6c', 'Canci', 'Nurettin', 'nurettincanci@hotmail.com', '41786820443', NULL, 'Daleustrasse 21, 7000 Chur, GR'),
('47d8cb26-4cad-46dc-ac2d-a4e363406b15', 'Candinas Reto und', 'Christina', 'candinas@bluemail.ch', '', NULL, 'Chlosterweg 8, 5423 Freienwil, AG'),
('60bc8b63-432d-4c9b-8017-23a33bdbaa3f', 'Candinas', 'Robert', 'beti.candinas@bluewin.ch', '41794383200', NULL, 'Via Plazzas 22, 7173 Surrein, GR'),
('79e317d6-2d49-4243-a0b8-c1987cff414b', 'Candita', 'Davide', 'info@pastatech.ch', '', NULL, 'Metzgerstrasse 5, 8500 Frauenfeld, TG'),
('53728091-6bab-42a7-8703-8aca4a52859f', 'Candrian Daniel u. Karina', '(-Schenkel)', 'danielcandrian@bluewin.ch', '', NULL, 'Dorfwisenstrasse 14, 8165 Schöfflisdorf, ZH'),
('ea055725-fefb-40f7-aad7-1dd2cd512217', 'Candrian', 'Silvia', 'silvia.candrian@hotmail.com', '', NULL, 'Eichrainstrasse 25, 8052 Zürich, ZH'),
('c661557b-553e-480e-ba72-27026d060fa0', 'Candrian', 'Toni', 'toni.candrian@bluewin.ch', '41794453613', NULL, 'Via Caguils 34, 7013 Domat-Ems GR'),
('c7241e4c-e523-432a-adaf-a2921b7e9100', 'Canellos', 'Athanassios', 'a.canellos@bluewin.ch', '41794491340', NULL, 'Bahnhofstrasse 5, 5636 Benzenschwil, AG'),
('2cbeecd3-eddf-40f7-b7e1-ef3d88dc5893', 'Cannella', 'Mario', 'mariocannella@aol.com', '41764042325', NULL, 'Münchensteinerstrasse 150, 4053 Basel, BS'),
('87fb13bc-2a59-4fdc-b17f-12baee8da654', 'Canonica', 'Enrico', 'canonica@web.ch', '41763667604', NULL, 'Dorfplatz 16, 4412 Nuglar, SO'),
('de27d529-5ca6-4e92-ad34-9acd61795d43', 'Canonica Susana', '(-Formados)', 'go@formados.ch', '41787970311', NULL, 'Rathausplatz 8, 3011 Bern, BE'),
('36d18606-1147-4001-b29e-af347f86dee9', 'Canosa José und Ivana', '(-D''Orazio)', 'info@canosa.ch', '41793545209', NULL, 'Emma-Horber-Weg 1, 3604 Thun, BE'),
('fee40168-2dbe-4e6e-b86b-8c3cf3160e1c', 'Cantagalli', 'Laura', 'laura.cantagalli@sunrise.ch', '41794369105', NULL, 'Marguerite-Weidauer-Weg 5, 2503 Biel/Bienne, BE'),
('66052939-7969-4e30-929b-5aaf16e491b3', 'Cantieni', 'Cornelia', 'cantieni-c@bluewin.ch', '41787179752', NULL, 'Fähnernstrasse 7, 9000 St. Gallen, SG'),
('4461ac82-c32f-4298-882d-6d3a6322d18d', 'Cantieni', 'Fredi', 'fr.cantieni@bluewin.ch', '', NULL, 'Neuenburgerstrasse 11, 5004 Aarau, AG'),
('f7f22278-f933-4b0a-89e0-a80998bcfe38', 'Cantieni', 'Martin', 'm.cantieni82@hotmail.com', '41793388839', NULL, 'Veia da Candealas 6, 7443 Pignia, GR'),
('c8e61bcb-3d6b-42fe-8318-c75e906b2837', 'Cantieni', 'Monica', 'mc_satzbau@bluewin.ch', '', NULL, 'Klosterstrasse 24, 5430 Wettingen, AG'),
('6079cfed-d8a1-4336-9f24-e6253a3b1140', 'Cantieni', 'Petra', 'petra.cantieni@bluewin.ch', '', NULL, 'Schulstrasse 21, 8597 Landschlacht, TG'),
('75024d7d-a97b-4236-90be-5ed5a88c4531', 'Cantieni Rita', '(-Schwyter)', 'cantieni.sotcha@bluewin.ch', '', NULL, 'Sotchà Dadora 693, 7550 Scuol, GR'),
('a52d54e3-0019-4315-9c81-434783461698', 'Cantoni', 'Marcel', 'buna@datacomm.ch', '', NULL, 'Rebgasse 14, 4102 Binningen, BL'),
('9255d218-36a3-4dce-8916-5f8876c29aed', 'Cao', 'Aldo', 'aldo.cao@gmail.com', '41796818141', NULL, 'Via Cantonale 291, 7743 Brusio, GR'),
('cac9a971-4e7a-4241-9f4e-3c191218d8b6', 'Cao', 'Igino', 'igino.cao@bluewin.ch', '41795430379', NULL, 'Via S. Maria 23, 7742 Poschiavo, GR'),
('6ad6d66a-e62f-4879-b0b6-45a0172350ac', 'Capadrutt', 'Ernest', 'ernestcapadrutt@yahoo.de', '41786000869', NULL, 'Sonneggstrasse 25, 8006 Zürich, ZH'),
('e6507bd9-7ec6-489a-9d1c-7ee81ad459db', 'Capafons Frederic und', 'Erika', 'info@capafons.eu', '', NULL, 'Hauptstrasse 43, 4148 Pfeffingen, BL'),
('5af5a674-1d6f-4f4f-81e5-eacb6fdaa453', 'Capaul Christian und Renata', '(-Riedi)', 'christian@capaul.org', '41796589641', NULL, 'Via Spendas 26, 7031 Laax GR, GR'),
('4f96363e-1921-4f5a-b31f-6aff9adec491', 'Capaul Edith und Mario', '(-Crottogini)', 'edith.capaul@swissonline.ch', '41792567715', NULL, 'Dreibündenstrasse 1, 7000 Chur, GR'),
('2a7bc8d3-61b1-40c0-923b-cb77c654b77c', 'Capaul', 'Flori', 'capaulflori@bluewin.ch', '', NULL, 'Im Oelihof 2, 5014 Gretzenbach, SO'),
('71cefd74-776e-4c64-908b-e4f72f483da7', 'Capaul Hans und', 'Doris', 'bobeli12@hispeed.ch', '41797431394', NULL, 'Seeblickstrasse 29A, 9327 Tübach, SG'),
('7ddc4b3a-1d04-4847-86f2-dc55df5e0eb1', 'Capaul', 'Toni', 't.capaul.vals@bluewin.ch', '41796318484', NULL, 'Müllibord 171A, 7132 Vals, GR'),
('79b3cc99-9e43-4ccb-b396-f265fd4a0d67', 'Capeder', 'Antonietta', 'a.capeder@datazug.ch', '', NULL, 'Aabachstrasse 26a, 6300 Zug, ZG'),
('c8362d28-5d20-47b8-9bad-6b49193fdf6d', 'Capeder', 'Felix', 'fcapeder@bluewin.ch', '41787426320', NULL, 'Via da Scola 10, 7127 Sevgein, GR'),
('c0116f63-f83c-416d-8c27-67ceeb37f4ea', 'Capeder', 'Jakob', 'jakob.capeder@bluewin.ch', '', NULL, 'Bubikonerstrasse 19, 8635 Dürnten, ZH'),
('8f13e520-8646-4a5a-b558-fb7d08839655', 'Capeder Johann', 'Peter', 'capeder-gion@bluewin.ch', '', NULL, 'Via Vitg 7, 7126 Castrisch, GR'),
('8755922f-1dcb-4db9-8953-3cd93099d35a', 'Capeder Philippe und Carmen', '(-Crivelli)', 'p.capeder@bluewin.ch', '', NULL, 'Witikonerstrasse 234, 8053 Zürich, ZH'),
('e2e81f3d-c0cd-4fc6-a419-97df3c3e1abf', 'Capeder', 'Ueli', 'ueli@capeder.ch', '', NULL, 'Zürcherstrasse 4, 8107 Buchs ZH, ZH'),
('301cbb68-82b7-49c8-9ded-d59d57ae5487', 'Capelli Paolo, Angela, Manuele und', 'Damiano', 'capellis@bluewin.ch', '', NULL, 'Stückliweg 19, 7206 Igis, GR'),
('61886b05-0dd4-4eac-bd4b-03e93e7dde0b', 'Capetola', 'Emilio', 'emilio.capetola@bluewin.ch', '', NULL, 'Industriestrasse 11c, 8570 Weinfelden, TG'),
('1165d9ee-5f29-459b-9892-66ab553995ab', 'Caplazi Krystyna', '(-Slaz)', 'k.caplazi@ebmnet.ch', '41796480516', NULL, 'Schluchtstrasse 26, 4142 Münchenstein, BL'),
('3e10b427-0082-4407-b781-72d65313b5fa', 'Caplazi', 'Robert', 'r.caplazi@bluewin.ch', '', NULL, 'Voa Baselgia 2, 7078 Lenzerheide/Lai, GR'),
('57d4e95a-bc0c-4840-bafa-2bb4df4a8d59', 'Cappellari', 'Maurizio', 'info@malerei-restauration.ch', '', NULL, 'Obstadtstrasse 17, 8880 Walenstadt, SG'),
('8d87f248-e0d0-4478-9e94-2deb07aec170', 'Cappilli', 'Mauro', 'cappilli@bluewin.ch', '', NULL, 'Hallgartenstrasse 16, 8548 Ellikon an der Thur, ZH'),
('506294b5-08fd-44a8-b27c-b294e1b479bf', 'Cappuccio', 'Franco', 'cappuccio@gmx.ch', '41763268385', NULL, 'Wallisellenstrasse 304, 8050 Zürich, ZH'),
('6aaa9181-f59c-457d-9a14-ce2fea12ecd9', 'Caprettini Luciano', '(-Meier)', 'l.caprettini@bluewin.ch', '41796383914', NULL, 'Rietmattstrasse 16, 8200 Schaffhausen, SH'),
('288479fa-4b61-41b2-a9a5-8c8cc889c186', 'Caprez Annemarie', '(-Moisi)', 'am.caprez@spin.ch', '41792567427', NULL, 'Prada 4, 7240 Küblis, GR'),
('69c39d9b-8f14-46a7-af1a-8b29cc9bd5fc', 'Caprez', 'Christian', 'caprez@bluewin.ch', '41796284757', NULL, 'Via Cruscheda 50, 7504 Pontresina, GR'),
('047e8761-b17b-4f87-a521-0ff01a9a01b5', 'Caprez', 'Claudio', 'capcla@bluewin.ch', '41792037973', NULL, 'Albulastrasse 87, 7411 Sils im Domleschg, GR'),
('2b4190fe-7abf-42b6-bc38-954e7cdcfa58', 'Caprez', 'Claudio', 'claudio.caprez@hispeed.ch', '41763363020', NULL, 'Baslerstrasse 75, 4632 Trimbach, SO'),
('d3f90eff-8aa6-43e9-a1f0-d18f35882d58', 'Caprez Claudio, Daniela, Luca, Leona, Liv und', 'Lorin', 'family.c@prez.ch', '', NULL, 'Föhrenweg 3, 3303 Münchringen, BE'),
('5098632d-72fc-4e67-8336-4be3b085d251', 'Caprez Georg und Evi', '(-Diener)', 'megacap@bluewin.ch', '', NULL, 'Risere 17, 3303 Jegenstorf, BE'),
('b240e762-102a-42e4-8fed-bd8fd2fa2035', 'Caprez Heidi', '(-Rutz)', 'mail@heidicaprez.ch', '', NULL, 'Waldheimstrasse 36, 6314 Unterägeri, ZG'),
('79b64bc2-89c7-4ca0-bcaf-fb295a924ff9', 'Capt Francois u. Irène', '(-Bachmann)', 'capt-bachmann@bluewin.ch', '41786586000', NULL, 'Lindenstrasse 1, 6260 Reiden, LU'),
('c005c734-4b98-4c14-b08c-4e412381be6c', 'Caputo Schneider Claudio, Ariane, Vanessa und', 'Valentina', 'famcaputo@bluewin.ch', '', NULL, 'Eichwisstrasse 66, 8634 Hombrechtikon, ZH'),
('1c12a8ac-d0fe-4699-9891-325e9a1996f2', 'Caramanica', 'Dario', 'dario.caramanica@postmail.ch', '', NULL, 'Via Camp de la Mezzera 14, 6534 S. Vittore, GR'),
('17b481af-fb61-44cc-af60-3a6209f7fb8d', 'Caratsch', 'Catherine', 'keller.catherine@gmail.com', '41799015064', NULL, 'Bächtoldstrasse 15, 8044 Zürich, ZH'),
('91b6e26c-4267-4615-9028-22ba3005f3e8', 'Caratsch Claudio und', 'Brigitta', 'clcaratsch@bluewin.ch', '', NULL, 'Bügl Suot 18, 7525 S-chanf, GR'),
('0318a5c3-62e6-4f08-999f-81ae15f1cf53', 'Caratsch Enrico e', 'Ulla', 'ulla.caratsch@bluewin.ch', '41795423987', NULL, 'Scheischnas 9, 7525 S-chanf, GR'),
('9ce5b6f6-1669-48e9-8d31-11e1dc345062', 'Caratsch Schimun und Ulrica', '(-Fallet)', 'schimun63@bluewin.ch', '', NULL, 'Funtauna 9, 7525 S-chanf, GR'),
('d4d61e7b-bb41-4f7b-84ce-585cc69fa904', 'Cardigliano', 'Massimo', 'info@fahrschule-massimo.ch', '41798173300', NULL, 'Lerchenberg 3, 8046 Zürich, ZH'),
('088b561e-ce5e-4cd0-a3b5-1362f340fb3e', 'Cardillo Angela', '(-Nicastro)', 'angela.cardillo@equi-librio.ch', '', NULL, 'Rietlistrasse 5, 9403 Goldach, SG'),
('007b28bb-d247-4098-80ea-156e25ab5af7', 'Cardillo Jean und Cornelia', '(-Rosser)', 'j.cardillo@bluewin.ch', '', NULL, 'Hinterbergstrasse 39, 8604 Volketswil, ZH'),
('aa7c9f87-38b8-4754-8daf-feac735c1cd2', 'Cardinale Stefano und Eveline', '(-Hasler)', 'familie@cardinale.ch', '', NULL, 'Mühliweg 14, 8586 Riedt b. Erlen, TG'),
('239adc4d-ef7c-4526-b7c0-a12e99c92e29', 'Carfora Patricia et', 'Sebastiano', 'sebapaty@hotmail.it', '', NULL, 'Champs-Fornats 14, 2606 Corgémont, BE'),
('0058c6e8-6603-43c8-83f3-9d290f326e7a', 'Cargill Julia und Tatiana', '(-Sonderegger)', 'info@westernfamily.ch', '41793728480', NULL, 'Ibergweg 10, 8483 Kollbrunn, ZH'),
('514919c2-5acd-4c94-9351-9b890587e677', 'Carigiet Hubert und Mirjam', '(-Hosang)', 'info@hubertcarigiet.ch', '41794230380', NULL, 'Via Crest 25, 7031 Laax GR, GR'),
('c8ac813a-4992-4a8a-8227-348fae3f6e54', 'Carigiet Toni und Margret (-von', 'Dop)', 'carigiet@sunrise.ch', '', NULL, 'Felseneggstrasse 2, 8707 Uetikon am See, ZH'),
('af32b3de-e19a-4fef-b597-bdc4b5b224c0', 'Carino Büttel', 'Sara', 'mail@saracarino.ch', '', NULL, 'Hallenweg 5, 4132 Muttenz, BL'),
('933ed4b6-ef87-48b3-9d1b-f0f20e27ab44', 'Carl Herby W. und', 'Andrea', 'hcarl@bluewin.ch', '41795251535', NULL, 'Rümlangstrasse 111, 8052 Zürich, ZH'),
('d6256de4-f320-4955-a536-b948a77b2137', 'Carls Tina und', 'Lawrence', 'tinacarls@me.com', '', NULL, 'Via Cuolm Liung, 7032 Laax GR 2, GR'),
('88562533-8832-402e-9210-37981224b1be', 'Carlucci Antonio, Marie et', 'Tara', 'martacarl1@bluewin.ch', '41795244019', NULL, 'Crêt-des-Fleurs 4a, 2503 Biel/Bienne, BE'),
('1dca52b5-3a5e-4f5a-b19d-335e2710cb28', 'Carmone Angelina und', 'Michele', 'carmone@bluewin.ch', '', NULL, 'Haslistrasse 15, 8187 Weiach, ZH'),
('25ee78dc-545d-4ac0-8b52-aabc337d8fd4', 'Carnal Catherine, Damien, Robin et Romy', '(-Favre)', 'catherine.carnal@bluewin.ch', '41792993269', NULL, 'Les Morels 8, 2515 Prêles, BE'),
('0446e486-7bcb-47c4-94a2-9ef4d21dff96', 'Carnal', 'Nicole', 'ncarnal@compuserve.com', '', NULL, 'Berninastrasse 13, 8057 Zürich, ZH'),
('ce8accaf-2e3e-411e-ab09-fd7ef82a88ce', 'Carnal', 'Richard', 'carnal.richard@bluewin.ch', '41793586861', NULL, 'Chemin des Fauvettes 5, 2740 Moutier, BE'),
('8d264523-24f7-4781-ad29-f304e44a02a8', 'Carniello-Hedinger', 'Andreas', 'info@mikrofit.ch', '', NULL, 'Buchenstrasse 29, 9042 Speicher, AR'),
('86d12e4b-eead-4aef-89b9-d4aefe2b0d0d', 'Carnuccio Antonio und', 'Lidia', 'info@maler-carnuccio.ch', '', NULL, 'Florastrasse 7, 8620 Wetzikon ZH, ZH'),
('c9b39784-6a71-4a2e-928f-7b7ccdb2ddb4', 'Carollo Vincenzo und Barbara', '(-Bittel)', 'praxis@drcarollo.ch', '', NULL, 'Feldmatt 20, 6018 Buttisholz, LU'),
('78e8a157-2fc7-4972-bec1-4739ad5c953b', 'Carpanetti', 'Katja', 'manufactura-tschuetta@bluewin.ch', '41786575202', NULL, 'Fionas 266, 7551 Ftan, GR'),
('efdc2e40-4375-41f3-aaf1-2921295b2287', 'Carpinelli Franco und Barbara', '(-Zehnder)', 'franco.carpinelli@bluewin.ch', '', NULL, 'Rohracherstrasse 2, 8113 Boppelsen, ZH'),
('52d18869-8160-46e7-a1b9-c5b2b48043e7', 'Carrara Sandra', '(-Steiner)', 'praxis@tiergefluester.ch', '41786157010', NULL, 'Florastrasse 14, 8355 Aadorf, TG'),
('7f14199f-5af1-44de-8445-359c60a3da74', 'Carrel Jean-François et', 'Laurence', 'jf.carrel@bluewin.ch', '41796072204', NULL, 'Route de Nods 20, 2517 Diesse, BE'),
('1b52d3f2-c5fc-413a-a766-bacedd786a52', 'Carrey', 'Jean-Gerome', 'jg.carrey@gmail.com', '41787374636', NULL, 'Nordstrasse 96, 8037 Zürich, ZH'),
('2c116911-b688-49de-8109-e557ecda1657', 'Carron', 'Jean-Paul', 'jpcarron@vtx.ch', '', NULL, 'Rue des Gorges 22a, 2740 Moutier, BE'),
('1d5795f5-0404-4cac-8a05-22d17cb4cdf9', 'Carsana', 'Silvia', 'scarsana@bluemail.ch', '', NULL, 'Heerenschürlistrasse 1, 8051 Zürich, ZH'),
('eb9d34a4-aede-4a76-8f09-e067e2412513', 'Carspecken', 'André', 'andre@carspecken.com', '41796168582', NULL, 'Alte Landstrasse 71, 8942 Oberrieden, ZH'),
('f7385b6f-81df-4565-b158-e8c997aa07ce', 'Car-Spot', 'GmbH', 'info@car-spot.ch', '', NULL, 'Waldhof 7, 8585 Langrickenbach, TG'),
('28a6499b-3396-481e-9d9e-48d361af5818', 'Cartier Konrad und Marianne', '(-Weber)', 'office.kumcartier-weber@bluewin.ch', '', NULL, 'Alte Lenzburgerstrasse 13c, 5702 Niederlenz, AG'),
('43215125-6e72-4110-a95e-591d57a3bbb3', 'Cartier Vogt', 'Sibylle', 's.cartier-vogt@bluewin.ch', '41796390316', NULL, 'Laubholzstrasse 57, 8703 Erlenbach ZH, ZH'),
('3ac0f667-a039-43ca-a64c-781cc1b511f7', 'Cartwright John', 'G.', 'cartwright.english@bluewin.ch', '', NULL, 'Glarnerstrasse 58, 8805 Richterswil, ZH'),
('f4902944-3f17-41fc-83a7-317523988459', 'Caruso', 'Carolina', 'carolinacarusostudio@gmail.com', '41762575781', NULL, 'Chamerstrasse 42B, 6300 Zug, ZG'),
('b106c06e-8b96-446a-bced-d6bce0865ae9', 'Carzaniga Paolo und Susanne', '(-Ruf)', 'p.carzaniga@intergga.ch', '', NULL, 'Steinenweg 54, 4133 Pratteln, BL'),
('8ffdebc1-dd03-4aba-9f6a-50846ebc7fc7', 'Casa', 'Dario', 'casa-dario@bluewin.ch', '41796315511', NULL, 'Bergstrasse 4, 8479 Altikon, ZH'),
('ff627ed9-ee92-4e30-8f83-a85574c1ecec', 'Casa Durandi Alfonso, Giulietta and', 'Emilia', 'alduro@sunrise.ch', '', NULL, 'Starenstrasse 21, 4106 Therwil, BL'),
('3b2362ae-49b5-4f42-b013-9c6e6f862d6c', 'Casadei Stefano e Nicoleta', '(-Irimia)', 'stefano.casadei@bluewin.ch', '41792608729', NULL, 'Strada de Cébia 31, 6563 Mesocco, GR'),
('2f1b30ad-f068-4845-98f3-9457d2ecabf1', 'Casadio Renato und Mary', '(-Roncoroni)', 'rcasadio@bluewin.ch', '41774768338', NULL, 'Klösterliweg 2, 9413 Oberegg, AI'),
('1c7c503b-96cc-4894-b572-21e7141939cb', 'Casagrande Adolf und', 'Rösli', 'adrocasa@bluewin.ch', '', NULL, 'Wiesenbachstrasse 7B, 9015 St. Gallen, SG'),
('b1df48d7-5355-467f-8df2-ec07f30e22a4', 'Casal Federico und', 'Silvia', 'casalfg@active.ch', '', NULL, 'Rankhöhenstrasse 9, 8645 Jona, SG'),
('8d2bcb7e-f759-43b7-a0f6-17b82e163ec8', 'Casalini Peter Iris E.M. und Thomas', 'M.', 'iriscasalini@bluewin.ch', '', NULL, 'Fischerweg 19, 3012 Bern, BE'),
('7e5f39de-c39e-4aa9-ba09-4b61f69819c5', 'Casanova Anita mit Lea und Pia', '(-Gartmann)', 'anita@fahrschule-gartmann.ch', '41796821414', NULL, 'Val Sulé 4, 7017 Flims Dorf, GR'),
('d37b3801-306d-45a0-bc40-ffc84819c26f', 'Casanova', 'Marco', 'stangencasi@hotmail.com', '41794130245', NULL, 'Markal 17, 7134 Obersaxen, GR'),
('4764d289-a979-4894-83e5-d848e385c91d', 'Casaulta', 'Marco', 'casaultam@gmail.com', '41788821119', NULL, 'Bodenrebenweg 9, 3225 Müntschemier, BE'),
('6710df6e-0ef8-4d78-a0ec-0506d92905a7', 'Casaulta Simona', '(-Meyer)', 'info@ad-solutions.ch', '', NULL, 'Boglerenstrasse 64, 8700 Küsnacht ZH, ZH'),
('81902a63-a5e6-49ba-a616-bb24b5983d0b', 'Casciero Wyler', 'Fiorella', 'dulciamara@me.com', '41787422895', NULL, 'Bernstrasse 173, 3052 Zollikofen, BE'),
('f2e310cd-7893-49aa-a306-4dcc549035ec', 'Caseri', 'Harald', 'world_visitor@hotmail.com', '41765635332', NULL, 'Zürichstrasse 112, 8123 Ebmatingen, ZH'),
('b58f7812-12de-49e1-b953-56d67561b2d8', 'Casetti', 'Claudio', 'casetti67@gmail.com', '41795006336', NULL, 'Tempelstrasse 7, 3052 Zollikofen'),
('3846235a-60cd-4412-854f-1ffb4cd75a18', 'Casiraghi', 'Erwin', 'e.casiraghi@datazug.ch', '', NULL, 'Luzernerstrasse 206, 6402 Merlischachen, SZ'),
('dde2f614-3f46-4c41-8725-d51860bd93fe', 'Casonati Giovanni', '(-Zehnder)', 'cg@swissonline.ch', '', NULL, 'Sternenstrasse 8a, 5415 Nussbaumen AG, AG'),
('4216aa72-fc4b-41e5-8d71-07cecb64faed', 'Caspar', 'Mario', 'mario.caspar@bluewin.ch', '41793070062', NULL, 'Bahnhofstrasse 94, 8902 Urdorf, ZH'),
('cb63ead4-6e3a-4e3e-88c9-653563b09fcc', 'Caspar Schmid', 'Elisabeth', 'casparschmid@bluewin.ch', '', NULL, 'Sonderstrasse 22, 9038 Rehetobel, AR'),
('1f7d215a-3c70-4a6d-8218-33433ad2bd58', 'Caspari', 'Renato', 'renato.caspari@air-brush-design.ch', '', NULL, 'Frauenfelderstrasse 33, 9542 Münchwilen TG, TG'),
('87e1bc12-9d79-4037-84e2-ecbe6e60ceaf', 'Casparis Claudio und Helene', '(-Murer)', 'casparis@tic.ch', '', NULL, 'Dreilindenstrasse 29, 6045 Meggen, LU'),
('e8bb4f3c-3732-431e-95d0-42f645a7c50b', 'Casparis', 'Stephanie', 's.casparis@zahnarzt-zuerich-schaffhausen.ch', '', NULL, 'Erlistrasse 44, 8454 Buchberg, SH'),
('13c1e459-7adc-4a28-a002-64b3e17f8777', 'Cassaday Patrick', '(-Tavares)', 'patrickcassaday@gmx.ch', '41788176082', NULL, 'Haldenpark 2, 4313 Möhlin, AG'),
('e9b2a158-619f-4cc5-b53c-4ce5e1bc210e', 'Cassan Silvia, Ronny und Sabrina', '(-Fischer)', 'claudio.cassan@bluewin.ch', '', NULL, 'Auf den Felsen 65, 4114 Hofstetten SO, SO'),
('76962add-321c-4832-96fd-b507b86c9bfa', 'Castelberg Peter und', 'Saskia', 'peter.castelberg@gmx.ch', '41795622201', NULL, 'Witikonerstrasse 456, 8053 Zürich, ZH'),
('1fde1334-f4f6-4ad7-a4f9-07d2baece6dd', 'Castelberg Theodor, Jeannine, Rahel Corina', '(-Zellweger)', 'theo.castelberg@bluewin.ch', '', NULL, 'Neufeldstrasse 3B, 3454 Sumiswald, BE'),
('e5e47720-90fa-465f-98d0-a0968f33a420', 'Castellazzi', 'Heidi', 'castellazzi.heidi@bluewin.ch', '41792333356', NULL, 'Bidemsstrasse 38, 7310 Bad Ragaz, SG'),
('d0f300be-b7e2-47d9-a92c-c83a001510e1', 'Castellote Beatrix', '(-Iselin)', 'bcastellote@freesurf.ch', '', NULL, 'Birsstrasse 242, 4052 Basel, BS'),
('91fa4532-e60d-4aa8-a570-5514fd663b0b', 'Castiglione', 'Gianni', 'artdecocastiglione@bluewin.ch', '41796112505', NULL, 'Schingasse 2A, 9470 Buchs SG, SG'),
('67bc953e-bcd7-4c43-83da-bdaa1d009a58', 'Castiglioni Silvano und', 'Petra', 's.castiglioni@bluewin.ch', '41793700551', NULL, 'Murtenstrasse 356, 3027 Bern, BE'),
('fc3c125c-0268-4271-bf19-b5451fee1a22', 'Castillo Elisabeth', '(-Walt)', 'ecastillo@shinternet.ch', '41792796601', NULL, 'Lochstrasse 91, 8200 Schaffhausen, SH'),
('d38274f3-b87c-48cb-9457-ef9ccfb7053c', 'Castillo', 'Silvia', 'info@latino13.com', '', NULL, 'Oenzgasse 6, 3362 Niederönz, BE'),
('f1c6465e-4bc1-4daa-a48b-6fbe13d18609', 'Castrischer', 'Björn', 'bcastrischer@hotmail.com', '', NULL, 'Sonnenfeld 14, 8854 Siebnen, SZ'),
('856d4b11-02dc-4e8b-b04e-d7d0d4016bef', 'Castrischer', 'Nils', 'nca@gmx.ch', '41793607989', NULL, 'Zentralstrasse 11, 8610 Uster, ZH'),
('3177aced-04a3-4a6c-85d3-0c5d3d498f84', 'Casura Christian', '(-Hafner)', 'casura@bluewin.ch', '', NULL, 'Sängetelstrasse 15, 5014 Gretzenbach, SO');

INSERT INTO leads (id, contact_id, source, status, value, notes) VALUES
('c23c99ec-10eb-4c4b-9b25-5a5599612ad9', '421fed4d-39a6-4493-a2c4-f50c2fde70a5', 'KALTAKQUISE', 'ACTIVE', 0, NULL),
('ad8a95bc-6902-40cb-96d8-1cc81e7d44cb', '06cccf5e-e9f4-48d3-af28-8f286074685f', 'KALTAKQUISE', 'ACTIVE', 0, NULL),
('1ec54894-ab2e-4ed9-b56e-3bf256b21fc4', '00f0ec62-bf97-4aa1-a451-a20bb17213bc', 'KALTAKQUISE', 'ACTIVE', 0, NULL),
('31f5c2c0-5907-4e49-9bbf-f8b0e8257175', '73276d63-a96f-48d0-8542-7dd4917d3473', 'KALTAKQUISE', 'ACTIVE', 0, NULL),
('6c4e47f7-bbb6-4023-8e6f-496aa7af82c9', '172e714a-55da-4f76-81b1-59da2b95a0e8', 'KALTAKQUISE', 'ACTIVE', 0, NULL),
('a8ed5cb3-223b-41ba-a849-72ca41e28ab9', 'be7a44e1-d501-4672-ba79-9690ffedfade', 'KALTAKQUISE', 'ACTIVE', 0, NULL),
('2c31d91f-eb6c-419a-b6a4-dcb0cc88aef6', '9278eeda-0ff2-41da-8405-5f34986c0c24', 'KALTAKQUISE', 'ACTIVE', 0, NULL),
('6a0fa51c-27ca-4cba-b3c4-b25696902581', '7aceddfc-d6d0-4925-8d29-3251b386ff0d', 'KALTAKQUISE', 'ACTIVE', 0, NULL),
('97e53382-92b7-4225-bcf8-1c810e99099a', '2796699c-f7b3-4bae-91c9-779970b65e86', 'KALTAKQUISE', 'ACTIVE', 0, NULL),
('d32008b5-ef0e-406f-bc3a-70c3762b050f', '3dbe7c71-d82e-4a46-b091-d7c1b043d0c9', 'KALTAKQUISE', 'ACTIVE', 0, NULL),
('58e761dd-cd18-4db9-9149-b3ec32045d64', '947f9d63-9600-4cdf-98e2-68587eb517f6', 'KALTAKQUISE', 'ACTIVE', 0, NULL),
('c720d7a2-7196-4517-8dd0-23709ab033a3', '873da6fc-b015-42cd-b8fb-d9b1984489fd', 'KALTAKQUISE', 'ACTIVE', 0, NULL),
('ea087c9f-5827-44ed-b709-bd77791b30a5', 'da7587d4-8de4-49c4-beea-4b2c66e9bfb5', 'KALTAKQUISE', 'ACTIVE', 0, NULL),
('60805acd-cead-41be-acef-8f7cf32a4f14', '7acea1c9-07e5-44a0-b996-9983b24031c7', 'KALTAKQUISE', 'ACTIVE', 0, NULL),
('3e39eeb6-5460-423b-81e3-b6ff1a9c3c68', '781899db-185b-49e1-aae4-33b2de92dbbb', 'KALTAKQUISE', 'ACTIVE', 0, NULL),
('a0590843-855f-4a8a-ad9e-1bc204b205df', 'ef530719-9569-4ae3-8e9c-41625914c3d0', 'KALTAKQUISE', 'ACTIVE', 0, NULL),
('50cf2465-e336-4b6a-8fef-e78533dbd609', '2070c1f9-8b38-47d7-8727-bfe3eee1a912', 'KALTAKQUISE', 'ACTIVE', 0, NULL),
('776e9039-b695-454c-85b5-1f16bc018aba', '62b209b3-8090-445d-b38e-699da05dfa88', 'KALTAKQUISE', 'ACTIVE', 0, NULL),
('0af68ed5-a3df-4445-a405-36d9c76634a8', '1343033d-40f2-42ec-9ea0-0d3c3db237a3', 'KALTAKQUISE', 'ACTIVE', 0, NULL),
('9a9d2e32-f154-430d-b3f3-3426f4f600fc', 'b3178abf-9273-4460-8ec3-86656b3ddc95', 'KALTAKQUISE', 'ACTIVE', 0, NULL),
('1f12af99-9458-4612-af34-9c7ffe92f94b', '14dc066c-983b-47a0-a5a1-7e827119a434', 'KALTAKQUISE', 'ACTIVE', 0, NULL),
('358026ac-4f7a-40b0-9bd5-30afd75d527d', '8178bd13-8d78-4495-b730-a72ada1cfa5f', 'KALTAKQUISE', 'ACTIVE', 0, NULL),
('63f12806-3673-41d9-8c37-309345ec89d0', '7fdf13e5-d75d-4436-854e-f82d9ca42a74', 'KALTAKQUISE', 'ACTIVE', 0, NULL),
('ddf98809-997f-44e3-a6ee-4fdc0df45399', '28c7b7d0-4180-4d20-a9ce-9997a2fc2103', 'KALTAKQUISE', 'ACTIVE', 0, NULL),
('d0595df9-a731-4a1f-b8d1-4dd25c6e3262', 'a89cc65c-cde4-4d21-82f4-f46b41f6f43a', 'KALTAKQUISE', 'ACTIVE', 0, NULL),
('efd82857-714d-4cac-8824-c13d75a8f24a', 'b87af046-1457-40d2-b517-ef7e15e2df37', 'KALTAKQUISE', 'ACTIVE', 0, NULL),
('54055c47-ce06-4549-8a62-9f0d1aa278df', '1e1b24dd-578d-4a4a-a12e-6d3eb6851911', 'KALTAKQUISE', 'ACTIVE', 0, NULL),
('ac4b8081-baf8-4ae8-be21-0a61fb5f9bf0', '8f4e4342-0d2f-4b48-8adc-8bb77eb74b0c', 'KALTAKQUISE', 'ACTIVE', 0, NULL),
('e9b261dd-9e3a-460d-969a-a5b33b4d794d', '9a626c49-873b-42b5-afea-98b441f4adb0', 'KALTAKQUISE', 'ACTIVE', 0, NULL),
('7386ef32-4151-4e64-95fd-9a9090e9dabf', '7d260683-b0cb-4054-98a7-6390f827ad56', 'KALTAKQUISE', 'ACTIVE', 0, NULL),
('b73acba6-322a-4e65-a0a5-58c26fceab6d', 'e747eb54-f68a-43c9-890d-d2931549e42e', 'KALTAKQUISE', 'ACTIVE', 0, NULL),
('e55f34ac-c346-45d8-aad8-83188edfde1f', '3726eec5-ba94-4b3b-bf58-f992bb308cf3', 'KALTAKQUISE', 'ACTIVE', 0, NULL),
('a0e51c4e-7d30-4b6c-90bc-22978f59b3e3', '1425b905-6e36-479f-af3c-2058ad65973c', 'KALTAKQUISE', 'ACTIVE', 0, NULL),
('ec37f67b-5090-4c28-9bdf-43a8ead91a8a', 'c5ea01ee-80a0-461d-bc2a-f092b2767be7', 'KALTAKQUISE', 'ACTIVE', 0, NULL),
('7bc52671-a90b-4027-b81c-4cf30ccc055b', '6b753fab-a427-4bd7-b930-80a13bf964c1', 'KALTAKQUISE', 'ACTIVE', 0, NULL),
('de1fc28b-fca5-48c9-9d08-96799bb09770', 'fee2d666-c1c6-4137-a4fb-dbe2dbe303f1', 'KALTAKQUISE', 'ACTIVE', 0, NULL),
('6b6091d5-acac-4ea9-aa52-4c17d3e9435d', '27ebb8ab-1a96-4657-ba14-2d7876f01077', 'KALTAKQUISE', 'ACTIVE', 0, NULL),
('8d389a2b-d82b-4042-bf7f-5473ad7b666e', '77c6db4a-e37f-493c-a6c1-0141287bd053', 'KALTAKQUISE', 'ACTIVE', 0, NULL),
('49060ab7-a092-4157-b353-51bb8f77bc84', 'ae6da249-bd95-45b9-8e47-1372a9a2d7bd', 'KALTAKQUISE', 'ACTIVE', 0, NULL),
('b9915231-4a0b-4b1d-bb7e-3ab450403883', '99b78de4-a86e-4830-8c7a-24ca0ec351cb', 'KALTAKQUISE', 'ACTIVE', 0, NULL),
('13f1d672-f1a7-4eec-8905-040421694ebe', '17f5e5dc-43b8-4868-8f9e-a7327e5ff3b8', 'KALTAKQUISE', 'ACTIVE', 0, NULL),
('1f6c6693-2e4f-4f01-85a7-54662b357011', 'e33ccd2b-288c-4187-b186-13e80d5de898', 'KALTAKQUISE', 'ACTIVE', 0, NULL),
('41400d26-58ee-41fd-af5d-370fd854cbf9', 'b258bbe8-8a34-4af4-a86e-6de20a7be12c', 'KALTAKQUISE', 'ACTIVE', 0, NULL),
('1a7afd5a-1dff-4056-ad2f-e23191f236fa', '89eed68e-a1ff-4f95-a39b-f93954a1e794', 'KALTAKQUISE', 'ACTIVE', 0, NULL),
('db2aebd0-bd06-4945-b42f-817e9e16d193', 'a02f8be4-a0a0-4dfe-b1d1-049c2edbb729', 'KALTAKQUISE', 'ACTIVE', 0, NULL),
('40237062-5beb-402b-82cd-053eec164505', '37e75f5f-0222-4120-8192-b33c42bd3378', 'KALTAKQUISE', 'ACTIVE', 0, NULL),
('447c08af-5969-4efa-aee1-d7c166126aec', '237a9f12-f92c-4da1-8ab2-59b8bb1d4867', 'KALTAKQUISE', 'ACTIVE', 0, NULL),
('cebf3955-0d49-427d-9cd4-e04e447e10a0', '8f77e24e-3828-4962-9913-8472ab43b4a4', 'KALTAKQUISE', 'ACTIVE', 0, NULL),
('ec58ec87-4673-4258-8a05-7e26671c3f95', 'ca1f694e-0dd2-44a4-885a-c33fd54c590c', 'KALTAKQUISE', 'ACTIVE', 0, NULL),
('0cccef17-b731-4046-974c-33c8809e2945', 'c613ab76-7bad-45f7-8f04-a04c68bc8ffd', 'KALTAKQUISE', 'ACTIVE', 0, NULL),
('64812769-2883-4261-8b58-e8581ea3fac3', '6eac951e-13a1-47ca-9a28-ba4664425110', 'KALTAKQUISE', 'ACTIVE', 0, NULL),
('d5a83686-57c3-4cc7-b3aa-57b3a3156dec', '1ab02f3f-052a-401b-9bd2-bb9cd4bd4fb6', 'KALTAKQUISE', 'ACTIVE', 0, NULL),
('bad73566-3c30-4b97-a58b-fa3e91606a82', 'b1244ff6-f785-45cd-b6fc-144ef9db7645', 'KALTAKQUISE', 'ACTIVE', 0, NULL),
('d2af3299-0561-454f-99ea-66ec81c49be5', 'e3f23678-5b58-46e5-8f55-45acb3c366e7', 'KALTAKQUISE', 'ACTIVE', 0, NULL),
('d31a70ab-7af1-4495-8e93-3a90f60fc7c4', '1076f0ec-aa0d-41ce-89aa-123f0690bb01', 'KALTAKQUISE', 'ACTIVE', 0, NULL),
('581b7432-aa31-4048-8ae8-603cc9b17539', '15e86026-44ec-4a3a-a27b-b5378d575966', 'KALTAKQUISE', 'ACTIVE', 0, NULL),
('39adfe12-f4d4-4f17-aff5-c992c4b6ca08', '3870a0d9-ba34-40af-a7d1-dedb3b7c7e89', 'KALTAKQUISE', 'ACTIVE', 0, NULL),
('5420fded-2a88-4b77-bd12-90da04b57ba4', 'd2a71894-fd74-4e9f-9fd2-1c385cdc31be', 'KALTAKQUISE', 'ACTIVE', 0, NULL),
('dc8f86f8-8df1-4b1b-82b7-ba52b756e14e', '414105af-2288-4b59-8626-51b32e4c91e5', 'KALTAKQUISE', 'ACTIVE', 0, NULL),
('c2b7564b-b526-48d5-9d81-4f90d6ae3519', '19620be5-ec3b-4d2e-b25d-cc5ccc25c4c8', 'KALTAKQUISE', 'ACTIVE', 0, NULL),
('56bf0a70-63f3-430c-a7e2-67c2d74f75df', 'fcb3ba75-08db-4d90-9438-20c000c678bd', 'KALTAKQUISE', 'ACTIVE', 0, NULL),
('d587a1e6-e6e5-4888-b713-fa7743f94fda', 'd12f170b-bb93-48ad-84d4-0ec0bd048c94', 'KALTAKQUISE', 'ACTIVE', 0, NULL),
('05e31c8d-1cc4-4452-bd97-27d1caece922', '3e969464-472b-4cc1-9f38-ae8f3daf9ff2', 'KALTAKQUISE', 'ACTIVE', 0, NULL),
('68a13927-149c-4e40-9cad-78e426940c7e', 'fb9069af-6aa9-4132-9684-886a02b5fc06', 'KALTAKQUISE', 'ACTIVE', 0, NULL),
('f863487c-9605-44a8-a675-4ae9413b3535', 'a16d9d20-7846-4f36-a319-23a07b390468', 'KALTAKQUISE', 'ACTIVE', 0, NULL),
('f7424bf7-c2db-451d-a5d5-25a8dde11815', '7c385cef-8438-456a-ab1e-42aaf76a92f1', 'KALTAKQUISE', 'ACTIVE', 0, NULL),
('90a171e3-05ee-42f8-b74c-7f9647f4d4b7', 'eec97462-ce3d-498a-b69a-329ea8623986', 'KALTAKQUISE', 'ACTIVE', 0, NULL),
('764de6ee-33db-42e4-860f-5b0dfdd6c519', 'a43f41e1-3236-4d10-9fbc-5ced1c88044c', 'KALTAKQUISE', 'ACTIVE', 0, NULL),
('51de055c-d416-4f4e-bc9a-2b0e60f6a2dc', '46030836-35e8-4b49-90aa-e1227360c03d', 'KALTAKQUISE', 'ACTIVE', 0, NULL),
('f7d5956c-9d63-42e6-88d7-a9f43797c015', 'f1ab39f6-7bce-44ec-b88f-850520083878', 'KALTAKQUISE', 'ACTIVE', 0, NULL),
('e68b23ae-53fc-4806-8406-9930dd396305', '45f8ba1b-226b-4927-9a70-a23345af0e60', 'KALTAKQUISE', 'ACTIVE', 0, NULL),
('107b43a2-d439-4fcc-ba34-deb76ad77ba7', '65fa528b-2ca0-48bc-a35f-a92c213313da', 'KALTAKQUISE', 'ACTIVE', 0, NULL),
('93f5d83c-7943-42e9-a523-c4efff1a0d5b', '7418fe23-c59d-401c-aa24-bed7bafab604', 'KALTAKQUISE', 'ACTIVE', 0, NULL),
('577250df-bcc2-4587-ba84-f4c054ad7018', 'a852dcef-cad5-4518-b949-53e965d5c9fc', 'KALTAKQUISE', 'ACTIVE', 0, NULL),
('63fc01e0-7bca-4e9a-bcb4-24a8d41ec5b4', '5fb93fb8-24f4-4715-9c95-4b50d10e1aad', 'KALTAKQUISE', 'ACTIVE', 0, NULL),
('1139d9e9-eb1e-40a7-ba40-9abb2d1c2046', 'd2cc1965-6d2c-4a96-844d-475c495cc70e', 'KALTAKQUISE', 'ACTIVE', 0, NULL),
('b1179144-f9bf-43d2-9b84-7190f8ac1024', '69696ca1-fc16-4412-a1f6-055888057b6c', 'KALTAKQUISE', 'ACTIVE', 0, NULL),
('2898c823-dc03-451a-85d7-0abc847851ef', '47d8cb26-4cad-46dc-ac2d-a4e363406b15', 'KALTAKQUISE', 'ACTIVE', 0, NULL),
('d09afe76-7c79-4ad8-9430-994cfbabb3e4', '60bc8b63-432d-4c9b-8017-23a33bdbaa3f', 'KALTAKQUISE', 'ACTIVE', 0, NULL),
('1fc844b1-8cc4-437d-8339-678cb451e367', '79e317d6-2d49-4243-a0b8-c1987cff414b', 'KALTAKQUISE', 'ACTIVE', 0, NULL),
('9bd1ee5d-ff14-45b6-b9b0-d20109ad6f17', '53728091-6bab-42a7-8703-8aca4a52859f', 'KALTAKQUISE', 'ACTIVE', 0, NULL),
('d47469b6-5fa9-499f-9a31-2ec2b5aa7399', 'ea055725-fefb-40f7-aad7-1dd2cd512217', 'KALTAKQUISE', 'ACTIVE', 0, NULL),
('b29d9b37-ed3b-4e81-8a71-64898756cd64', 'c661557b-553e-480e-ba72-27026d060fa0', 'KALTAKQUISE', 'ACTIVE', 0, NULL),
('fd2d47f4-6fb6-45d8-8164-22c45b7407a2', 'c7241e4c-e523-432a-adaf-a2921b7e9100', 'KALTAKQUISE', 'ACTIVE', 0, NULL),
('1fddcfd8-306d-4119-87a5-b4d2025f0a49', '2cbeecd3-eddf-40f7-b7e1-ef3d88dc5893', 'KALTAKQUISE', 'ACTIVE', 0, NULL),
('22a9c4af-16aa-4a34-8093-6398378d1f68', '87fb13bc-2a59-4fdc-b17f-12baee8da654', 'KALTAKQUISE', 'ACTIVE', 0, NULL),
('30c3c50d-c0e8-47c3-818c-00a2a3d300ce', 'de27d529-5ca6-4e92-ad34-9acd61795d43', 'KALTAKQUISE', 'ACTIVE', 0, NULL),
('67894a30-0647-485b-a6f6-ba1c2e6b01a4', '36d18606-1147-4001-b29e-af347f86dee9', 'KALTAKQUISE', 'ACTIVE', 0, NULL),
('7e334652-7955-4a45-bfcf-ed1aae8c27a5', 'fee40168-2dbe-4e6e-b86b-8c3cf3160e1c', 'KALTAKQUISE', 'ACTIVE', 0, NULL),
('95070422-e215-4573-aedd-aa39077327dc', '66052939-7969-4e30-929b-5aaf16e491b3', 'KALTAKQUISE', 'ACTIVE', 0, NULL),
('66c60bfe-0f36-4ea1-b1bc-54512279cd23', '4461ac82-c32f-4298-882d-6d3a6322d18d', 'KALTAKQUISE', 'ACTIVE', 0, NULL),
('60a45340-951c-4591-a881-a7175d723609', 'f7f22278-f933-4b0a-89e0-a80998bcfe38', 'KALTAKQUISE', 'ACTIVE', 0, NULL),
('89635db8-4002-424b-91fc-e392665580fa', 'c8e61bcb-3d6b-42fe-8318-c75e906b2837', 'KALTAKQUISE', 'ACTIVE', 0, NULL),
('5d709a7b-23ca-4579-90a2-626f2c9311a7', '6079cfed-d8a1-4336-9f24-e6253a3b1140', 'KALTAKQUISE', 'ACTIVE', 0, NULL),
('63acd1c9-3ebd-4c8e-8f05-a048f9de6683', '75024d7d-a97b-4236-90be-5ed5a88c4531', 'KALTAKQUISE', 'ACTIVE', 0, NULL),
('c7d84097-6a21-42fa-b4b7-6f950fdd5a5d', 'a52d54e3-0019-4315-9c81-434783461698', 'KALTAKQUISE', 'ACTIVE', 0, NULL),
('33027e33-a52b-4eee-9608-ffe27f183805', '9255d218-36a3-4dce-8916-5f8876c29aed', 'KALTAKQUISE', 'ACTIVE', 0, NULL),
('39c73111-224b-4bb3-9768-afa9ef1045be', 'cac9a971-4e7a-4241-9f4e-3c191218d8b6', 'KALTAKQUISE', 'ACTIVE', 0, NULL),
('45426690-4ac7-460e-af7c-5e3f292ed615', '6ad6d66a-e62f-4879-b0b6-45a0172350ac', 'KALTAKQUISE', 'ACTIVE', 0, NULL),
('199e651c-3c03-4d2f-a414-1abd6da9a8a3', 'e6507bd9-7ec6-489a-9d1c-7ee81ad459db', 'KALTAKQUISE', 'ACTIVE', 0, NULL),
('3329bc84-a302-49a0-ac7d-e34b8342b4ad', '5af5a674-1d6f-4f4f-81e5-eacb6fdaa453', 'KALTAKQUISE', 'ACTIVE', 0, NULL),
('d6c47ce6-40e2-489d-ad44-4aad4841e0f3', '4f96363e-1921-4f5a-b31f-6aff9adec491', 'KALTAKQUISE', 'ACTIVE', 0, NULL),
('553796ed-830f-4ce0-9405-a4e921d38f7a', '2a7bc8d3-61b1-40c0-923b-cb77c654b77c', 'KALTAKQUISE', 'ACTIVE', 0, NULL),
('3c0bee69-763c-4e67-825b-4f3d8b83ac11', '71cefd74-776e-4c64-908b-e4f72f483da7', 'KALTAKQUISE', 'ACTIVE', 0, NULL),
('7145cd10-b02b-4cf9-badb-b52cea3fd5dd', '7ddc4b3a-1d04-4847-86f2-dc55df5e0eb1', 'KALTAKQUISE', 'ACTIVE', 0, NULL),
('d5cf5f0a-d248-46d5-985c-2566bb4dc193', '79b3cc99-9e43-4ccb-b396-f265fd4a0d67', 'KALTAKQUISE', 'ACTIVE', 0, NULL),
('218acacf-ca07-4e2a-913f-c8e38d07749a', 'c8362d28-5d20-47b8-9bad-6b49193fdf6d', 'KALTAKQUISE', 'ACTIVE', 0, NULL),
('7b614a7a-21f0-41bf-9187-6e52aacd8559', 'c0116f63-f83c-416d-8c27-67ceeb37f4ea', 'KALTAKQUISE', 'ACTIVE', 0, NULL),
('6c60857f-ff21-4e48-89a7-e08d14d3b8bf', '8f13e520-8646-4a5a-b558-fb7d08839655', 'KALTAKQUISE', 'ACTIVE', 0, NULL),
('685f1749-ae49-4bdd-b018-fd9bb36f50c4', '8755922f-1dcb-4db9-8953-3cd93099d35a', 'KALTAKQUISE', 'ACTIVE', 0, NULL),
('6f2403b1-8c3f-4341-909a-252737586ae7', 'e2e81f3d-c0cd-4fc6-a419-97df3c3e1abf', 'KALTAKQUISE', 'ACTIVE', 0, NULL),
('5aa42738-615f-4867-9982-10ee94aecff9', '301cbb68-82b7-49c8-9ded-d59d57ae5487', 'KALTAKQUISE', 'ACTIVE', 0, NULL),
('af343ac5-969a-4cc7-b601-46fb0bc266b3', '61886b05-0dd4-4eac-bd4b-03e93e7dde0b', 'KALTAKQUISE', 'ACTIVE', 0, NULL),
('51d985a5-6e8c-4f5a-86a5-04f81f50130d', '1165d9ee-5f29-459b-9892-66ab553995ab', 'KALTAKQUISE', 'ACTIVE', 0, NULL),
('a45a22f0-3818-42da-9d8f-093f97508994', '3e10b427-0082-4407-b781-72d65313b5fa', 'KALTAKQUISE', 'ACTIVE', 0, NULL),
('b7a17983-c199-408c-aa36-d6dbf84883ab', '57d4e95a-bc0c-4840-bafa-2bb4df4a8d59', 'KALTAKQUISE', 'ACTIVE', 0, NULL),
('a1e43edb-6b6e-4873-82ae-2e4465987f08', '8d87f248-e0d0-4478-9e94-2deb07aec170', 'KALTAKQUISE', 'ACTIVE', 0, NULL),
('58b2cfdf-8eff-449b-9bab-fe5803caa050', '506294b5-08fd-44a8-b27c-b294e1b479bf', 'KALTAKQUISE', 'ACTIVE', 0, NULL),
('1e164b13-4201-450a-952c-466d077611e7', '6aaa9181-f59c-457d-9a14-ce2fea12ecd9', 'KALTAKQUISE', 'ACTIVE', 0, NULL),
('38ba5f41-6330-4394-8b0d-2e34864099df', '288479fa-4b61-41b2-a9a5-8c8cc889c186', 'KALTAKQUISE', 'ACTIVE', 0, NULL),
('69a22918-0ea8-4e46-8a21-14706f4353b2', '69c39d9b-8f14-46a7-af1a-8b29cc9bd5fc', 'KALTAKQUISE', 'ACTIVE', 0, NULL),
('3013ca5d-a5a4-4767-be2f-d76180d9ea0e', '047e8761-b17b-4f87-a521-0ff01a9a01b5', 'KALTAKQUISE', 'ACTIVE', 0, NULL),
('53b9d433-8764-4d81-94bd-6c148a61f6f2', '2b4190fe-7abf-42b6-bc38-954e7cdcfa58', 'KALTAKQUISE', 'ACTIVE', 0, NULL),
('cbe0fe63-9bc3-4648-95db-8b7a4e914793', 'd3f90eff-8aa6-43e9-a1f0-d18f35882d58', 'KALTAKQUISE', 'ACTIVE', 0, NULL),
('954c0a66-673f-4371-b985-ae83f007d18c', '5098632d-72fc-4e67-8336-4be3b085d251', 'KALTAKQUISE', 'ACTIVE', 0, NULL),
('4d22c131-92e7-4bab-9644-f8cc4e404e97', 'b240e762-102a-42e4-8fed-bd8fd2fa2035', 'KALTAKQUISE', 'ACTIVE', 0, NULL),
('c3a76ff5-306d-47e3-b1b8-5650c15394b9', '79b64bc2-89c7-4ca0-bcaf-fb295a924ff9', 'KALTAKQUISE', 'ACTIVE', 0, NULL),
('1a3afdb0-a81e-43f4-a713-d7dc44880fc6', 'c005c734-4b98-4c14-b08c-4e412381be6c', 'KALTAKQUISE', 'ACTIVE', 0, NULL),
('670fec4c-8088-434c-bb4c-a2f49ddebe11', '1c12a8ac-d0fe-4699-9891-325e9a1996f2', 'KALTAKQUISE', 'ACTIVE', 0, NULL),
('a11f9151-d4f2-455d-bd7f-861a39b86da6', '17b481af-fb61-44cc-af60-3a6209f7fb8d', 'KALTAKQUISE', 'ACTIVE', 0, NULL),
('33e8eec5-5cb5-4b05-a37f-ed8b0de37cb2', '91b6e26c-4267-4615-9028-22ba3005f3e8', 'KALTAKQUISE', 'ACTIVE', 0, NULL),
('357763bb-9785-4ca5-bf5b-dc5710f145ce', '0318a5c3-62e6-4f08-999f-81ae15f1cf53', 'KALTAKQUISE', 'ACTIVE', 0, NULL),
('93baeef2-9b20-47fd-b5bb-18e58aee639a', '9ce5b6f6-1669-48e9-8d31-11e1dc345062', 'KALTAKQUISE', 'ACTIVE', 0, NULL),
('d76c7adb-bf84-4d06-934b-4e4c6751a1ca', 'd4d61e7b-bb41-4f7b-84ce-585cc69fa904', 'KALTAKQUISE', 'ACTIVE', 0, NULL),
('bc646a04-f72b-4f3c-a754-ad24e0701f8d', '088b561e-ce5e-4cd0-a3b5-1362f340fb3e', 'KALTAKQUISE', 'ACTIVE', 0, NULL),
('0819925f-9a61-4e05-959b-68c520501b49', '007b28bb-d247-4098-80ea-156e25ab5af7', 'KALTAKQUISE', 'ACTIVE', 0, NULL),
('933134b1-e14e-43ec-b0e9-5e203d710852', 'aa7c9f87-38b8-4754-8daf-feac735c1cd2', 'KALTAKQUISE', 'ACTIVE', 0, NULL),
('0c5e1ac8-d67a-4264-8d9c-910196ba290b', '239adc4d-ef7c-4526-b7c0-a12e99c92e29', 'KALTAKQUISE', 'ACTIVE', 0, NULL),
('274bec6a-8317-4301-a359-6a40e0418e13', '0058c6e8-6603-43c8-83f3-9d290f326e7a', 'KALTAKQUISE', 'ACTIVE', 0, NULL),
('563405c2-9174-4261-857e-b6f8c7d85fab', '514919c2-5acd-4c94-9351-9b890587e677', 'KALTAKQUISE', 'ACTIVE', 0, NULL),
('7e7b8757-45ca-408d-9cc3-df460320a86f', 'c8ac813a-4992-4a8a-8227-348fae3f6e54', 'KALTAKQUISE', 'ACTIVE', 0, NULL),
('95625952-fe9c-4c17-b58a-c62c37745971', 'af32b3de-e19a-4fef-b597-bdc4b5b224c0', 'KALTAKQUISE', 'ACTIVE', 0, NULL),
('3f44265e-aa29-4cfc-9c25-d9f28e2f4f36', '933ed4b6-ef87-48b3-9d1b-f0f20e27ab44', 'KALTAKQUISE', 'ACTIVE', 0, NULL),
('8f9260ec-6de1-40fe-af84-03b439ad264e', 'd6256de4-f320-4955-a536-b948a77b2137', 'KALTAKQUISE', 'ACTIVE', 0, NULL),
('cf054107-673e-40dc-a428-3fdb30ec9b5b', '88562533-8832-402e-9210-37981224b1be', 'KALTAKQUISE', 'ACTIVE', 0, NULL),
('610abfa1-b53a-4526-a92f-bb26dd6e606c', '1dca52b5-3a5e-4f5a-b19d-335e2710cb28', 'KALTAKQUISE', 'ACTIVE', 0, NULL),
('ea269deb-0519-4dc5-8c63-de0261b66271', '25ee78dc-545d-4ac0-8b52-aabc337d8fd4', 'KALTAKQUISE', 'ACTIVE', 0, NULL),
('ab29f78e-9145-4d44-a620-a675cd589833', '0446e486-7bcb-47c4-94a2-9ef4d21dff96', 'KALTAKQUISE', 'ACTIVE', 0, NULL),
('7ae0483d-85a1-4bb8-9214-00a4c029da2f', 'ce8accaf-2e3e-411e-ab09-fd7ef82a88ce', 'KALTAKQUISE', 'ACTIVE', 0, NULL),
('4988cc33-a4a4-43a4-9442-db4f26de4c5d', '8d264523-24f7-4781-ad29-f304e44a02a8', 'KALTAKQUISE', 'ACTIVE', 0, NULL),
('658e513d-47ff-49bd-8a55-1f25d0b800ec', '86d12e4b-eead-4aef-89b9-d4aefe2b0d0d', 'KALTAKQUISE', 'ACTIVE', 0, NULL),
('73be8d34-bff2-4d75-87bc-da8f8514a56c', 'c9b39784-6a71-4a2e-928f-7b7ccdb2ddb4', 'KALTAKQUISE', 'ACTIVE', 0, NULL),
('08b46a5c-344b-40e1-872a-da0c15bd8867', '78e8a157-2fc7-4972-bec1-4739ad5c953b', 'KALTAKQUISE', 'ACTIVE', 0, NULL),
('d2ded44f-788c-466b-9f78-7ba83ed4e751', 'efdc2e40-4375-41f3-aaf1-2921295b2287', 'KALTAKQUISE', 'ACTIVE', 0, NULL),
('c726185b-6951-42da-ac7a-52ace800d39a', '52d18869-8160-46e7-a1b9-c5b2b48043e7', 'KALTAKQUISE', 'ACTIVE', 0, NULL),
('b53431bf-87cd-44a4-bc93-eb99dc29e970', '7f14199f-5af1-44de-8445-359c60a3da74', 'KALTAKQUISE', 'ACTIVE', 0, NULL),
('d5109f1b-6811-4b7a-b008-ebf6df120a19', '1b52d3f2-c5fc-413a-a766-bacedd786a52', 'KALTAKQUISE', 'ACTIVE', 0, NULL),
('56d5f8ac-f40e-4317-9202-6b52913e77ff', '2c116911-b688-49de-8109-e557ecda1657', 'KALTAKQUISE', 'ACTIVE', 0, NULL),
('5dbc7829-7c25-4b7c-891c-c4f887da722b', '1d5795f5-0404-4cac-8a05-22d17cb4cdf9', 'KALTAKQUISE', 'ACTIVE', 0, NULL),
('a4f5d6fb-9598-4805-8201-df8b74235bf1', 'eb9d34a4-aede-4a76-8f09-e067e2412513', 'KALTAKQUISE', 'ACTIVE', 0, NULL),
('9c8be3d7-09c4-48fc-a7bb-57926fe13c89', 'f7385b6f-81df-4565-b158-e8c997aa07ce', 'KALTAKQUISE', 'ACTIVE', 0, NULL),
('584b64b0-fa83-4294-93bc-16ad116bf315', '28a6499b-3396-481e-9d9e-48d361af5818', 'KALTAKQUISE', 'ACTIVE', 0, NULL),
('e3d34032-5042-489b-8fc7-175095fce91a', '43215125-6e72-4110-a95e-591d57a3bbb3', 'KALTAKQUISE', 'ACTIVE', 0, NULL),
('c6f3f8f3-fd31-4d51-a10b-69dce658e7d8', '3ac0f667-a039-43ca-a64c-781cc1b511f7', 'KALTAKQUISE', 'ACTIVE', 0, NULL),
('bc2e8963-b3ee-4482-9d84-8b3239f04714', 'f4902944-3f17-41fc-83a7-317523988459', 'KALTAKQUISE', 'ACTIVE', 0, NULL),
('55f68063-fbfe-49cc-b45d-3ac4e550fe94', 'b106c06e-8b96-446a-bced-d6bce0865ae9', 'KALTAKQUISE', 'ACTIVE', 0, NULL),
('daf4c1e1-7cc9-45d5-8147-267197f556d4', '8ffdebc1-dd03-4aba-9f6a-50846ebc7fc7', 'KALTAKQUISE', 'ACTIVE', 0, NULL),
('d1c05afd-8f5a-4e03-9db3-4f739214a213', 'ff627ed9-ee92-4e30-8f83-a85574c1ecec', 'KALTAKQUISE', 'ACTIVE', 0, NULL),
('b597d751-382c-46ec-89af-26e2ee9e6a8c', '3b2362ae-49b5-4f42-b013-9c6e6f862d6c', 'KALTAKQUISE', 'ACTIVE', 0, NULL),
('7d1cda2f-f513-49db-afe5-a73a59f4bfdc', '2f1b30ad-f068-4845-98f3-9457d2ecabf1', 'KALTAKQUISE', 'ACTIVE', 0, NULL),
('4f678188-5b87-4b36-9200-a699f5f933b6', '1c7c503b-96cc-4894-b572-21e7141939cb', 'KALTAKQUISE', 'ACTIVE', 0, NULL),
('500df09b-a9af-450f-ac76-3e5376f08174', 'b1df48d7-5355-467f-8df2-ec07f30e22a4', 'KALTAKQUISE', 'ACTIVE', 0, NULL),
('a02303df-4a8f-49f2-8b02-0ed51670af5b', '8d2bcb7e-f759-43b7-a0f6-17b82e163ec8', 'KALTAKQUISE', 'ACTIVE', 0, NULL),
('03043714-8254-454a-a296-d187a61191c0', '7e5f39de-c39e-4aa9-ba09-4b61f69819c5', 'KALTAKQUISE', 'ACTIVE', 0, NULL),
('406f7093-e3f7-4987-b192-de03e23d94b5', 'd37b3801-306d-45a0-bc40-ffc84819c26f', 'KALTAKQUISE', 'ACTIVE', 0, NULL),
('d430c987-8d0c-4b15-affe-7172db64b2f5', '4764d289-a979-4894-83e5-d848e385c91d', 'KALTAKQUISE', 'ACTIVE', 0, NULL),
('46271ea7-4ed6-484a-a11a-fcbaedbb32b6', '6710df6e-0ef8-4d78-a0ec-0506d92905a7', 'KALTAKQUISE', 'ACTIVE', 0, NULL),
('521bbe5f-dc22-4dbd-a61e-45a303d4c2df', '81902a63-a5e6-49ba-a616-bb24b5983d0b', 'KALTAKQUISE', 'ACTIVE', 0, NULL),
('20559467-cdfe-4af1-ab36-b9be22a9df52', 'f2e310cd-7893-49aa-a306-4dcc549035ec', 'KALTAKQUISE', 'ACTIVE', 0, NULL),
('57b50e75-9c6a-4534-aa66-98f933ba7b5a', 'b58f7812-12de-49e1-b953-56d67561b2d8', 'KALTAKQUISE', 'ACTIVE', 0, NULL),
('eaf95f5f-7911-48ea-bdac-7befc22f7d86', '3846235a-60cd-4412-854f-1ffb4cd75a18', 'KALTAKQUISE', 'ACTIVE', 0, NULL),
('9aa58326-7ae0-46fb-a726-7edd5d86750a', 'dde2f614-3f46-4c41-8725-d51860bd93fe', 'KALTAKQUISE', 'ACTIVE', 0, NULL),
('474fec85-bdae-4825-9559-d0a5e744c43f', '4216aa72-fc4b-41e5-8d71-07cecb64faed', 'KALTAKQUISE', 'ACTIVE', 0, NULL),
('a2015e99-a4ee-41b3-b143-701c3606a5aa', 'cb63ead4-6e3a-4e3e-88c9-653563b09fcc', 'KALTAKQUISE', 'ACTIVE', 0, NULL),
('e840318e-b5a8-4d1c-8ae4-ea9568498508', '1f7d215a-3c70-4a6d-8218-33433ad2bd58', 'KALTAKQUISE', 'ACTIVE', 0, NULL),
('a9de87e8-bf85-43bc-925c-f529abfbe23c', '87e1bc12-9d79-4037-84e2-ecbe6e60ceaf', 'KALTAKQUISE', 'ACTIVE', 0, NULL),
('59aefc15-d474-448f-84b6-80cf1c2a6cbc', 'e8bb4f3c-3732-431e-95d0-42f645a7c50b', 'KALTAKQUISE', 'ACTIVE', 0, NULL),
('1de844f5-f1cf-4b4b-b0f3-626fab065d76', '13c1e459-7adc-4a28-a002-64b3e17f8777', 'KALTAKQUISE', 'ACTIVE', 0, NULL),
('9ae84bb8-b028-40e5-a6ea-547cd0602a99', 'e9b2a158-619f-4cc5-b53c-4ce5e1bc210e', 'KALTAKQUISE', 'ACTIVE', 0, NULL),
('b47590da-bb1f-4af8-8ded-d4177ecad391', '76962add-321c-4832-96fd-b507b86c9bfa', 'KALTAKQUISE', 'ACTIVE', 0, NULL),
('5658adf3-7805-457f-9afd-0009340407f2', '1fde1334-f4f6-4ad7-a4f9-07d2baece6dd', 'KALTAKQUISE', 'ACTIVE', 0, NULL),
('6517715d-0462-4f9a-a515-f711ed3b425e', 'e5e47720-90fa-465f-98d0-a0968f33a420', 'KALTAKQUISE', 'ACTIVE', 0, NULL),
('454d0f91-d000-495d-bc1d-af85fca0b177', 'd0f300be-b7e2-47d9-a92c-c83a001510e1', 'KALTAKQUISE', 'ACTIVE', 0, NULL),
('30c5fd16-bad6-4d6c-8312-3202b67a52e9', '91fa4532-e60d-4aa8-a570-5514fd663b0b', 'KALTAKQUISE', 'ACTIVE', 0, NULL),
('c642a8bc-df03-41a9-9210-fb6d528336e9', '67bc953e-bcd7-4c43-83da-bdaa1d009a58', 'KALTAKQUISE', 'ACTIVE', 0, NULL),
('66046de3-7698-4935-a465-641670ccbe8d', 'fc3c125c-0268-4271-bf19-b5451fee1a22', 'KALTAKQUISE', 'ACTIVE', 0, NULL),
('5d05f228-74c5-4853-84de-774b025a65a3', 'd38274f3-b87c-48cb-9457-ef9ccfb7053c', 'KALTAKQUISE', 'ACTIVE', 0, NULL),
('977110ef-6eaa-45a7-96bd-3392b4b5f6b4', 'f1c6465e-4bc1-4daa-a48b-6fbe13d18609', 'KALTAKQUISE', 'ACTIVE', 0, NULL),
('e79e8ca1-8eb0-428d-b283-2649fa5b62bd', '856d4b11-02dc-4e8b-b04e-d7d0d4016bef', 'KALTAKQUISE', 'ACTIVE', 0, NULL),
('cd640b7d-e18c-4cd0-8578-c0c41dab9844', '3177aced-04a3-4a6c-85d3-0c5d3d498f84', 'KALTAKQUISE', 'ACTIVE', 0, NULL);

INSERT INTO lead_tags (lead_id, tag_id) VALUES
('c23c99ec-10eb-4c4b-9b25-5a5599612ad9', 'ka-b2c'),
('ad8a95bc-6902-40cb-96d8-1cc81e7d44cb', 'ka-b2c'),
('1ec54894-ab2e-4ed9-b56e-3bf256b21fc4', 'ka-b2c'),
('31f5c2c0-5907-4e49-9bbf-f8b0e8257175', 'ka-b2c'),
('6c4e47f7-bbb6-4023-8e6f-496aa7af82c9', 'ka-b2c'),
('a8ed5cb3-223b-41ba-a849-72ca41e28ab9', 'ka-b2c'),
('2c31d91f-eb6c-419a-b6a4-dcb0cc88aef6', 'ka-b2c'),
('6a0fa51c-27ca-4cba-b3c4-b25696902581', 'ka-b2c'),
('97e53382-92b7-4225-bcf8-1c810e99099a', 'ka-b2c'),
('d32008b5-ef0e-406f-bc3a-70c3762b050f', 'ka-b2c'),
('58e761dd-cd18-4db9-9149-b3ec32045d64', 'ka-b2c'),
('c720d7a2-7196-4517-8dd0-23709ab033a3', 'ka-b2c'),
('ea087c9f-5827-44ed-b709-bd77791b30a5', 'ka-b2c'),
('60805acd-cead-41be-acef-8f7cf32a4f14', 'ka-b2c'),
('3e39eeb6-5460-423b-81e3-b6ff1a9c3c68', 'ka-b2c'),
('a0590843-855f-4a8a-ad9e-1bc204b205df', 'ka-b2c'),
('50cf2465-e336-4b6a-8fef-e78533dbd609', 'ka-b2c'),
('776e9039-b695-454c-85b5-1f16bc018aba', 'ka-b2c'),
('0af68ed5-a3df-4445-a405-36d9c76634a8', 'ka-b2c'),
('9a9d2e32-f154-430d-b3f3-3426f4f600fc', 'ka-b2c'),
('1f12af99-9458-4612-af34-9c7ffe92f94b', 'ka-b2c'),
('358026ac-4f7a-40b0-9bd5-30afd75d527d', 'ka-b2c'),
('63f12806-3673-41d9-8c37-309345ec89d0', 'ka-b2c'),
('ddf98809-997f-44e3-a6ee-4fdc0df45399', 'ka-b2c'),
('d0595df9-a731-4a1f-b8d1-4dd25c6e3262', 'ka-b2c'),
('efd82857-714d-4cac-8824-c13d75a8f24a', 'ka-b2c'),
('54055c47-ce06-4549-8a62-9f0d1aa278df', 'ka-b2c'),
('ac4b8081-baf8-4ae8-be21-0a61fb5f9bf0', 'ka-b2c'),
('e9b261dd-9e3a-460d-969a-a5b33b4d794d', 'ka-b2c'),
('7386ef32-4151-4e64-95fd-9a9090e9dabf', 'ka-b2c'),
('b73acba6-322a-4e65-a0a5-58c26fceab6d', 'ka-b2c'),
('e55f34ac-c346-45d8-aad8-83188edfde1f', 'ka-b2c'),
('a0e51c4e-7d30-4b6c-90bc-22978f59b3e3', 'ka-b2c'),
('ec37f67b-5090-4c28-9bdf-43a8ead91a8a', 'ka-b2c'),
('7bc52671-a90b-4027-b81c-4cf30ccc055b', 'ka-b2c'),
('de1fc28b-fca5-48c9-9d08-96799bb09770', 'ka-b2c'),
('6b6091d5-acac-4ea9-aa52-4c17d3e9435d', 'ka-b2c'),
('8d389a2b-d82b-4042-bf7f-5473ad7b666e', 'ka-b2c'),
('49060ab7-a092-4157-b353-51bb8f77bc84', 'ka-b2c'),
('b9915231-4a0b-4b1d-bb7e-3ab450403883', 'ka-b2c'),
('13f1d672-f1a7-4eec-8905-040421694ebe', 'ka-b2c'),
('1f6c6693-2e4f-4f01-85a7-54662b357011', 'ka-b2c'),
('41400d26-58ee-41fd-af5d-370fd854cbf9', 'ka-b2c'),
('1a7afd5a-1dff-4056-ad2f-e23191f236fa', 'ka-b2c'),
('db2aebd0-bd06-4945-b42f-817e9e16d193', 'ka-b2c'),
('40237062-5beb-402b-82cd-053eec164505', 'ka-b2c'),
('447c08af-5969-4efa-aee1-d7c166126aec', 'ka-b2c'),
('cebf3955-0d49-427d-9cd4-e04e447e10a0', 'ka-b2c'),
('ec58ec87-4673-4258-8a05-7e26671c3f95', 'ka-b2c'),
('0cccef17-b731-4046-974c-33c8809e2945', 'ka-b2c'),
('64812769-2883-4261-8b58-e8581ea3fac3', 'ka-b2c'),
('d5a83686-57c3-4cc7-b3aa-57b3a3156dec', 'ka-b2c'),
('bad73566-3c30-4b97-a58b-fa3e91606a82', 'ka-b2c'),
('d2af3299-0561-454f-99ea-66ec81c49be5', 'ka-b2c'),
('d31a70ab-7af1-4495-8e93-3a90f60fc7c4', 'ka-b2c'),
('581b7432-aa31-4048-8ae8-603cc9b17539', 'ka-b2c'),
('39adfe12-f4d4-4f17-aff5-c992c4b6ca08', 'ka-b2c'),
('5420fded-2a88-4b77-bd12-90da04b57ba4', 'ka-b2c'),
('dc8f86f8-8df1-4b1b-82b7-ba52b756e14e', 'ka-b2c'),
('c2b7564b-b526-48d5-9d81-4f90d6ae3519', 'ka-b2c'),
('56bf0a70-63f3-430c-a7e2-67c2d74f75df', 'ka-b2c'),
('d587a1e6-e6e5-4888-b713-fa7743f94fda', 'ka-b2c'),
('05e31c8d-1cc4-4452-bd97-27d1caece922', 'ka-b2c'),
('68a13927-149c-4e40-9cad-78e426940c7e', 'ka-b2c'),
('f863487c-9605-44a8-a675-4ae9413b3535', 'ka-b2c'),
('f7424bf7-c2db-451d-a5d5-25a8dde11815', 'ka-b2c'),
('90a171e3-05ee-42f8-b74c-7f9647f4d4b7', 'ka-b2c'),
('764de6ee-33db-42e4-860f-5b0dfdd6c519', 'ka-b2c'),
('51de055c-d416-4f4e-bc9a-2b0e60f6a2dc', 'ka-b2c'),
('f7d5956c-9d63-42e6-88d7-a9f43797c015', 'ka-b2c'),
('e68b23ae-53fc-4806-8406-9930dd396305', 'ka-b2c'),
('107b43a2-d439-4fcc-ba34-deb76ad77ba7', 'ka-b2c'),
('93f5d83c-7943-42e9-a523-c4efff1a0d5b', 'ka-b2c'),
('577250df-bcc2-4587-ba84-f4c054ad7018', 'ka-b2c'),
('63fc01e0-7bca-4e9a-bcb4-24a8d41ec5b4', 'ka-b2c'),
('1139d9e9-eb1e-40a7-ba40-9abb2d1c2046', 'ka-b2c'),
('b1179144-f9bf-43d2-9b84-7190f8ac1024', 'ka-b2c'),
('2898c823-dc03-451a-85d7-0abc847851ef', 'ka-b2c'),
('d09afe76-7c79-4ad8-9430-994cfbabb3e4', 'ka-b2c'),
('1fc844b1-8cc4-437d-8339-678cb451e367', 'ka-b2c'),
('9bd1ee5d-ff14-45b6-b9b0-d20109ad6f17', 'ka-b2c'),
('d47469b6-5fa9-499f-9a31-2ec2b5aa7399', 'ka-b2c'),
('b29d9b37-ed3b-4e81-8a71-64898756cd64', 'ka-b2c'),
('fd2d47f4-6fb6-45d8-8164-22c45b7407a2', 'ka-b2c'),
('1fddcfd8-306d-4119-87a5-b4d2025f0a49', 'ka-b2c'),
('22a9c4af-16aa-4a34-8093-6398378d1f68', 'ka-b2c'),
('30c3c50d-c0e8-47c3-818c-00a2a3d300ce', 'ka-b2c'),
('67894a30-0647-485b-a6f6-ba1c2e6b01a4', 'ka-b2c'),
('7e334652-7955-4a45-bfcf-ed1aae8c27a5', 'ka-b2c'),
('95070422-e215-4573-aedd-aa39077327dc', 'ka-b2c'),
('66c60bfe-0f36-4ea1-b1bc-54512279cd23', 'ka-b2c'),
('60a45340-951c-4591-a881-a7175d723609', 'ka-b2c'),
('89635db8-4002-424b-91fc-e392665580fa', 'ka-b2c'),
('5d709a7b-23ca-4579-90a2-626f2c9311a7', 'ka-b2c'),
('63acd1c9-3ebd-4c8e-8f05-a048f9de6683', 'ka-b2c'),
('c7d84097-6a21-42fa-b4b7-6f950fdd5a5d', 'ka-b2c'),
('33027e33-a52b-4eee-9608-ffe27f183805', 'ka-b2c'),
('39c73111-224b-4bb3-9768-afa9ef1045be', 'ka-b2c'),
('45426690-4ac7-460e-af7c-5e3f292ed615', 'ka-b2c'),
('199e651c-3c03-4d2f-a414-1abd6da9a8a3', 'ka-b2c'),
('3329bc84-a302-49a0-ac7d-e34b8342b4ad', 'ka-b2c'),
('d6c47ce6-40e2-489d-ad44-4aad4841e0f3', 'ka-b2c'),
('553796ed-830f-4ce0-9405-a4e921d38f7a', 'ka-b2c'),
('3c0bee69-763c-4e67-825b-4f3d8b83ac11', 'ka-b2c'),
('7145cd10-b02b-4cf9-badb-b52cea3fd5dd', 'ka-b2c'),
('d5cf5f0a-d248-46d5-985c-2566bb4dc193', 'ka-b2c'),
('218acacf-ca07-4e2a-913f-c8e38d07749a', 'ka-b2c'),
('7b614a7a-21f0-41bf-9187-6e52aacd8559', 'ka-b2c'),
('6c60857f-ff21-4e48-89a7-e08d14d3b8bf', 'ka-b2c'),
('685f1749-ae49-4bdd-b018-fd9bb36f50c4', 'ka-b2c'),
('6f2403b1-8c3f-4341-909a-252737586ae7', 'ka-b2c'),
('5aa42738-615f-4867-9982-10ee94aecff9', 'ka-b2c'),
('af343ac5-969a-4cc7-b601-46fb0bc266b3', 'ka-b2c'),
('51d985a5-6e8c-4f5a-86a5-04f81f50130d', 'ka-b2c'),
('a45a22f0-3818-42da-9d8f-093f97508994', 'ka-b2c'),
('b7a17983-c199-408c-aa36-d6dbf84883ab', 'ka-b2c'),
('a1e43edb-6b6e-4873-82ae-2e4465987f08', 'ka-b2c'),
('58b2cfdf-8eff-449b-9bab-fe5803caa050', 'ka-b2c'),
('1e164b13-4201-450a-952c-466d077611e7', 'ka-b2c'),
('38ba5f41-6330-4394-8b0d-2e34864099df', 'ka-b2c'),
('69a22918-0ea8-4e46-8a21-14706f4353b2', 'ka-b2c'),
('3013ca5d-a5a4-4767-be2f-d76180d9ea0e', 'ka-b2c'),
('53b9d433-8764-4d81-94bd-6c148a61f6f2', 'ka-b2c'),
('cbe0fe63-9bc3-4648-95db-8b7a4e914793', 'ka-b2c'),
('954c0a66-673f-4371-b985-ae83f007d18c', 'ka-b2c'),
('4d22c131-92e7-4bab-9644-f8cc4e404e97', 'ka-b2c'),
('c3a76ff5-306d-47e3-b1b8-5650c15394b9', 'ka-b2c'),
('1a3afdb0-a81e-43f4-a713-d7dc44880fc6', 'ka-b2c'),
('670fec4c-8088-434c-bb4c-a2f49ddebe11', 'ka-b2c'),
('a11f9151-d4f2-455d-bd7f-861a39b86da6', 'ka-b2c'),
('33e8eec5-5cb5-4b05-a37f-ed8b0de37cb2', 'ka-b2c'),
('357763bb-9785-4ca5-bf5b-dc5710f145ce', 'ka-b2c'),
('93baeef2-9b20-47fd-b5bb-18e58aee639a', 'ka-b2c'),
('d76c7adb-bf84-4d06-934b-4e4c6751a1ca', 'ka-b2c'),
('bc646a04-f72b-4f3c-a754-ad24e0701f8d', 'ka-b2c'),
('0819925f-9a61-4e05-959b-68c520501b49', 'ka-b2c'),
('933134b1-e14e-43ec-b0e9-5e203d710852', 'ka-b2c'),
('0c5e1ac8-d67a-4264-8d9c-910196ba290b', 'ka-b2c'),
('274bec6a-8317-4301-a359-6a40e0418e13', 'ka-b2c'),
('563405c2-9174-4261-857e-b6f8c7d85fab', 'ka-b2c'),
('7e7b8757-45ca-408d-9cc3-df460320a86f', 'ka-b2c'),
('95625952-fe9c-4c17-b58a-c62c37745971', 'ka-b2c'),
('3f44265e-aa29-4cfc-9c25-d9f28e2f4f36', 'ka-b2c'),
('8f9260ec-6de1-40fe-af84-03b439ad264e', 'ka-b2c'),
('cf054107-673e-40dc-a428-3fdb30ec9b5b', 'ka-b2c'),
('610abfa1-b53a-4526-a92f-bb26dd6e606c', 'ka-b2c'),
('ea269deb-0519-4dc5-8c63-de0261b66271', 'ka-b2c'),
('ab29f78e-9145-4d44-a620-a675cd589833', 'ka-b2c'),
('7ae0483d-85a1-4bb8-9214-00a4c029da2f', 'ka-b2c'),
('4988cc33-a4a4-43a4-9442-db4f26de4c5d', 'ka-b2c'),
('658e513d-47ff-49bd-8a55-1f25d0b800ec', 'ka-b2c'),
('73be8d34-bff2-4d75-87bc-da8f8514a56c', 'ka-b2c'),
('08b46a5c-344b-40e1-872a-da0c15bd8867', 'ka-b2c'),
('d2ded44f-788c-466b-9f78-7ba83ed4e751', 'ka-b2c'),
('c726185b-6951-42da-ac7a-52ace800d39a', 'ka-b2c'),
('b53431bf-87cd-44a4-bc93-eb99dc29e970', 'ka-b2c'),
('d5109f1b-6811-4b7a-b008-ebf6df120a19', 'ka-b2c'),
('56d5f8ac-f40e-4317-9202-6b52913e77ff', 'ka-b2c'),
('5dbc7829-7c25-4b7c-891c-c4f887da722b', 'ka-b2c'),
('a4f5d6fb-9598-4805-8201-df8b74235bf1', 'ka-b2c'),
('9c8be3d7-09c4-48fc-a7bb-57926fe13c89', 'ka-b2c'),
('584b64b0-fa83-4294-93bc-16ad116bf315', 'ka-b2c'),
('e3d34032-5042-489b-8fc7-175095fce91a', 'ka-b2c'),
('c6f3f8f3-fd31-4d51-a10b-69dce658e7d8', 'ka-b2c'),
('bc2e8963-b3ee-4482-9d84-8b3239f04714', 'ka-b2c'),
('55f68063-fbfe-49cc-b45d-3ac4e550fe94', 'ka-b2c'),
('daf4c1e1-7cc9-45d5-8147-267197f556d4', 'ka-b2c'),
('d1c05afd-8f5a-4e03-9db3-4f739214a213', 'ka-b2c'),
('b597d751-382c-46ec-89af-26e2ee9e6a8c', 'ka-b2c'),
('7d1cda2f-f513-49db-afe5-a73a59f4bfdc', 'ka-b2c'),
('4f678188-5b87-4b36-9200-a699f5f933b6', 'ka-b2c'),
('500df09b-a9af-450f-ac76-3e5376f08174', 'ka-b2c'),
('a02303df-4a8f-49f2-8b02-0ed51670af5b', 'ka-b2c'),
('03043714-8254-454a-a296-d187a61191c0', 'ka-b2c'),
('406f7093-e3f7-4987-b192-de03e23d94b5', 'ka-b2c'),
('d430c987-8d0c-4b15-affe-7172db64b2f5', 'ka-b2c'),
('46271ea7-4ed6-484a-a11a-fcbaedbb32b6', 'ka-b2c'),
('521bbe5f-dc22-4dbd-a61e-45a303d4c2df', 'ka-b2c'),
('20559467-cdfe-4af1-ab36-b9be22a9df52', 'ka-b2c'),
('57b50e75-9c6a-4534-aa66-98f933ba7b5a', 'ka-b2c'),
('eaf95f5f-7911-48ea-bdac-7befc22f7d86', 'ka-b2c'),
('9aa58326-7ae0-46fb-a726-7edd5d86750a', 'ka-b2c'),
('474fec85-bdae-4825-9559-d0a5e744c43f', 'ka-b2c'),
('a2015e99-a4ee-41b3-b143-701c3606a5aa', 'ka-b2c'),
('e840318e-b5a8-4d1c-8ae4-ea9568498508', 'ka-b2c'),
('a9de87e8-bf85-43bc-925c-f529abfbe23c', 'ka-b2c'),
('59aefc15-d474-448f-84b6-80cf1c2a6cbc', 'ka-b2c'),
('1de844f5-f1cf-4b4b-b0f3-626fab065d76', 'ka-b2c'),
('9ae84bb8-b028-40e5-a6ea-547cd0602a99', 'ka-b2c'),
('b47590da-bb1f-4af8-8ded-d4177ecad391', 'ka-b2c'),
('5658adf3-7805-457f-9afd-0009340407f2', 'ka-b2c'),
('6517715d-0462-4f9a-a515-f711ed3b425e', 'ka-b2c'),
('454d0f91-d000-495d-bc1d-af85fca0b177', 'ka-b2c'),
('30c5fd16-bad6-4d6c-8312-3202b67a52e9', 'ka-b2c'),
('c642a8bc-df03-41a9-9210-fb6d528336e9', 'ka-b2c'),
('66046de3-7698-4935-a465-641670ccbe8d', 'ka-b2c'),
('5d05f228-74c5-4853-84de-774b025a65a3', 'ka-b2c'),
('977110ef-6eaa-45a7-96bd-3392b4b5f6b4', 'ka-b2c'),
('e79e8ca1-8eb0-428d-b283-2649fa5b62bd', 'ka-b2c'),
('cd640b7d-e18c-4cd0-8578-c0c41dab9844', 'ka-b2c');
