-- Batch 131 (200 records)
INSERT INTO contacts (id, first_name, last_name, email, phone, company, address) VALUES
('2f4b3dbe-e1be-46d7-90f3-fe093bac0a35', 'Wiederkehr', 'Martin', 'm.wiederkehr-nr@bluewin.ch', '', NULL, 'Holzrütistrasse 10, 5443 Niederrohrdorf, AG'),
('1df92f2b-355f-4aee-982b-6d506c4bfd89', 'Wiederkehr Roland und Mariann (-von der', 'Crone)', 'mariann.w@bluewin.ch', '', NULL, 'Eichacherstrasse 22, 8904 Aesch ZH, ZH'),
('3c6d6bbc-58b6-4207-8e0a-3384bf4b6b3d', 'Wiederkehr Thomas und', 'Claudia', 'tjw@bluewin.ch', '', NULL, 'Schützenwisstrasse 15, 8124 Maur, ZH'),
('5a6e790c-9659-48b2-8db9-56490b12fa39', 'Wiederkehr Ursus und Karin', '(-Müller)', 'u.wiederkehr@bluewin.ch', '41794466783', NULL, 'Jegerhof 3, 8135 Langnau am Albis, ZH'),
('19dcf6c4-5d0e-4403-9f60-47f607af653a', 'Wiedersheim', 'Gert-Michael', 'gw@wiedersheimlaw.ch', '', NULL, 'Stadthausstrasse 79, 8400 Winterthur, ZH'),
('81112272-a150-4c7a-ae79-12500d2d8b24', 'Wiedler', 'Irene', 'irene.wiedler@gmail.com', '41796841662', NULL, 'Ringelweg 6, 7012 Felsberg, GR'),
('8d8fff60-3f2e-41bf-b39a-2ae0bb84a03b', 'Wiedmann Roland und Elisabeth', '(-Dettwiler)', 'wiedmann@bluewin.ch', '', NULL, 'Byfangweg 3, 4710 Balsthal, SO'),
('1225973d-416d-4da5-8ea5-e63080d30e04', 'Wiedmer Bruno und Sandra', '(-Walther)', 'bruno.wiedmer@datacomm.ch', '41788857802', NULL, 'Kältberggässli 11, 3414 Oberburg, BE'),
('b162ebc0-4991-4ff9-9bbe-996741015c73', 'Wiedmer Caroline', 'Alice', 'cwiedmer@es-unizh.ch', '', NULL, 'Schindlerstrasse 11, 8006 Zürich, ZH'),
('5a42759c-f9ca-4901-85e7-ee37cae881f6', 'Wiedmer', 'Heinz', 'heinz.wiedmer@bluewin.ch', '41794234179', NULL, 'Langfurenstrasse 22, 8143 Stallikon, ZH'),
('4e84ff50-2c17-48c6-bb55-97755b348ef6', 'Wiedmer Peter und', 'Rosetta', 'peter.wiedmer@elektro-kontrolle.ch', '', NULL, 'Haselweg 3, 5012 Schönenwerd, SO'),
('80385586-7f22-4ae9-92aa-302b4fd37e3a', 'Wiedmer Simone', 'Lea', 'simonelea_wiedmer@gmx.ch', '41765212339', NULL, 'Hinter Birnbaum 565, 3436 Zollbrück, BE'),
('6b0057bb-97cf-43a9-95cc-2511ca823a81', 'Wiedmer Thomas und Bichsel', 'Christina', 'hallo@biolokal.ch', '', NULL, 'Schleumen 6A, 3325 Hettiswil b. Hindelbank, BE'),
('c70e729f-cf19-449f-b142-aa4d5af264e2', 'Wiedmer Viktor und Monika', '(-Peter)', 'wiedmer.peter@sunrise.ch', '', NULL, 'Wehrstrasse 15, 3203 Mühleberg, BE'),
('310d451c-cb68-4e41-9035-ce653aca4785', 'Wiedmer Willi und', 'Helene', 'hwiedmer@media-design.ch', '', NULL, 'Unterdorfstrasse 15, 8908 Hedingen, ZH'),
('9d066af9-85ad-4fd6-b4d7-0819b33a6220', 'Wiegand', 'Holger', 'ch-wiegand@quickline.ch', '', NULL, 'Grossholzweg 22, 3073 Gümligen, BE'),
('c11325f2-3be6-4542-a445-83c9d5959a4a', 'Wiekert Ulla und Willy', '(-Dahlhaus)', 'uwwie@intergga.ch', '', NULL, 'Im Pfeiffengarten 24, 4153 Reinach BL, BL'),
('ccf78fce-35d5-4f1e-af70-5318541e8fb4', 'Wieland', 'Christian', 'chris.wieland@gmx.ch', '41787661425', NULL, 'Schulhausstrasse 14B, 8600 Dübendorf, ZH'),
('6e342e5b-34e2-4c88-991b-1d98d58bc673', 'Wieland', 'Christoph', 'christoph.wieland@bluewin.ch', '41796955972', NULL, 'Hauptstrasse 20, 4554 Hüniken, SO'),
('cc3e0e1f-2103-4f2e-8fb9-454c93a84fd9', 'Wieland Edith und Peter', '(-Brügger)', 'pe_wieland@bluewin.ch', '', NULL, 'Dorfstrasse 30a, 4514 Lommiswil, SO'),
('c87f97ec-6a1e-401d-bf2f-9ee3109b90e3', 'Wieland', 'Gustav', 'gustav.wieland@bluewin.ch', '41792543539', NULL, 'Pradastrasse 40, 7414 Fürstenau, GR'),
('6214d679-b451-4947-9609-e899e391bbd3', 'Wieland Heinz', 'W.', 'heinz@wieland.in', '', NULL, 'Bahnhofstrasse 8, 6055 Alpnach Dorf, OW'),
('723230c3-9ac6-4510-9e12-061e18db3928', 'Wieland', 'Jonas', 'jonas.wieland@bluewin.ch', '41797062975', NULL, 'Feldstrasse 14, 6060 Sarnen, OW'),
('c45eced8-e425-4588-b03b-614f66a63fdd', 'Wieland Kurt und', 'Edith', 'kurt.wieland@datacomm.ch', '', NULL, 'Müllistrasse 2A, 8915 Hausen am Albis, ZH'),
('755c357d-bcec-4c37-b0b8-e3de24148aaa', 'Wieland', 'Marcel', 'marcel.wieland@generali.ch', '', NULL, 'Schornäglenstrasse 32, 8623 Wetzikon ZH, ZH'),
('4dd08ee1-f622-4955-a669-4b7d9df1b469', 'Wieland', 'Monika', 'm.wieland@bluewin.ch', '41793879977', NULL, 'Schönbergstrasse 2, 7000 Chur, GR'),
('021c379f-7941-4d77-a26a-7bdf3d131e8f', 'Wieland', 'Renata', 'renata.wieland@gmail.com', '41763357726', NULL, 'Oltingerstrasse 45, 4055 Basel, BS'),
('33177429-1627-48b6-9edb-056520ced8ad', 'Wiemken Renate', '(-Stamm)', 'wiemken@bluewin.ch', '', NULL, 'Seestrasse 13, 6373 Ennetbürgen, NW'),
('1766037a-bc6f-4cde-a15e-629b663aaa8e', 'Wies', 'Ghislain', 'ghislain_wies@bluewin.ch', '41787843630', NULL, 'Funtanella 12, 7503 Samedan, GR'),
('566dff72-d1e1-4bcc-a908-708d0b28624c', 'Wiesendanger', 'Andres', 'maisballen@bluewin.ch', '41796716765', NULL, 'Langenmoos 5, 8475 Ossingen, ZH'),
('7a16667a-5d24-4ae1-876f-ec3dac1879b9', 'Wiesendanger Jürg und Rosetta', '(-Iapello)', 'info@wak.ch', '', NULL, 'Mattenweg 16, 5035 Unterentfelden, AG'),
('16013173-184c-470a-8013-aea9565826ac', 'Wiesendanger Ursus', '(-Meli)', 'urs--1@bluewin.ch', '41797644467', NULL, 'Kasernenstrasse 11, 8180 Bülach, ZH'),
('f5f97f8a-4342-4e0e-850e-6fce0ab5f5f2', 'Wieser Adrienne und Ueli', '(-Marti)', 'wieser-marti@ggs.ch', '', NULL, 'Schwengiweg 22, 4438 Langenbruck, BL'),
('6111d52a-c940-45f6-b5bb-994a1c5cf7d8', 'Wieser', 'Georg', 'karim.wieser@bluewin.ch', '', NULL, 'Am Sagenbach 5, 6033 Buchrain, LU'),
('906745c6-cff0-4e9c-bea0-cea0cfec1784', 'Wieser Hans Juerg', '(-Bertschinger)', 'wieser.hans-juerg@bluewin.ch', '', NULL, 'Neubergstrasse 4, 8522 Häuslenen, TG'),
('985bc844-ed7c-4ff3-9d8a-ef8e806c22ed', 'Wieser Rainer u.', 'Helga', 'rainer.wieser@bluewin.ch', '', NULL, 'Nefenstrasse 39b, 9435 Heerbrugg, SG'),
('82eb1b83-7a0e-43f1-bf6b-41432981bd61', 'Wiesflecker Mettler Dieter und', 'Heidi', 'dieter@changes.ch', '41796093546', NULL, 'Schlossweg 2, 8335 Hittnau, ZH'),
('6d502c3f-b56f-406f-89ba-c30252e117f9', 'Wiesli Josef', '(-Gainitz)', 'info@boersenkurier.ch', '', NULL, 'Rosetstrasse 8, 8371 Busswil TG, TG'),
('519f6d45-3fca-46e4-942c-c5d01c927303', 'Wiesli Markus und Barbara', '(-Richard)', 'mbwiesli@besonet.ch', '41797326479', NULL, 'Schulhausstrasse 31A, 4923 Wynau, BE'),
('aecf8a9f-b989-4991-8584-5897327a44b6', 'Wiesli', 'Martin', 'wiesli@eye-d.ch', '41786264010', NULL, 'Waisenhausplatz 30, 3011 Bern, BE'),
('9e5fddee-b5ed-4d0b-9b8e-115e341c6d6b', 'Wiesmann Christine', '(-Obrecht)', 'christine.wiesmann@bluewin.ch', '', NULL, 'Im Tobel 44, 8706 Meilen, ZH'),
('f1bfb4f7-cb12-4052-bce9-23ba383de69b', 'Wiesmann Elfi und', 'Matthias', 'k.m.wiesmann@gmail.com', '', NULL, 'Oberkirchstrasse 15, 8500 Frauenfeld, TG'),
('d79247b5-c28f-4634-8037-6db5b9b51e98', 'Wiesmann', 'Jara', 'jara-atelier@bluewin.ch', '', NULL, 'Bächirainstrasse 4, 6422 Steinen, SZ'),
('4f6d0dcb-9c1f-4f60-b9fa-6fc44048e892', 'Wiesmann Martin und Gabriele', '(-Ringel)', 'info@sunnyhome.ch', '', NULL, 'Liebenfelsstrasse 10, 8265 Mammern, TG'),
('70bb9f1e-bb53-41d5-8596-60ac7244bdc5', 'Wiesner', 'Christine', 'christinewiesner@bluewin.ch', '', NULL, 'Oberer Mühlestettenweg 8, 4450 Sissach, BL'),
('f8c5bc97-5d77-43bb-905a-73d06c46e230', 'Wiesner', 'Heinrich', 'heini.wiesner@bluewin.ch', '', NULL, 'Hauptstrasse 21, 2576 Lüscherz, BE'),
('ef24ca25-c404-4cbd-aab4-28bbdf3ba121', 'Wiesner', 'René', 'wiesner.r@bluewin.ch', '', NULL, 'Sustenstrasse 24, 3604 Thun, BE'),
('43fedb71-8e8c-42e4-9f53-1efd81a7ccce', 'Wiesner', 'Urs', 'uwiesner@urswiesner.ch', '41793353960', NULL, 'Gisibergweg 63, 4456 Tenniken, BL'),
('fea3198a-be47-4a90-a781-ebcb448b3f68', 'Wiessner Andreas und Beatrice', '(-Scramoncini)', 'ab.wie@hispeed.ch', '41792327748', NULL, 'Lindenstrasse 20, 8153 Rümlang, ZH'),
('25a69376-b2ad-4d7d-a808-fcf58f69e74c', 'Wietlisbach', 'Guido', 'g.wietlisbach@bluewin.ch', '', NULL, 'Weissenbachstrasse 9, 5622 Waltenschwil, AG'),
('ffaaa540-60b6-434b-9187-461396893d87', 'Wietlisbach', 'Urs-Victor', 'wietlisbach.urs@bluewin.ch', '', NULL, 'Heersacher 1, 5333 Baldingen, AG'),
('69b370a8-b1ef-4a78-9e11-0249e9f9e76c', 'Wiget Agnes, Agnes jun. Franz und', 'Barbara', 'wiget.hirsch@bluewin.ch', '', NULL, 'Sonnenbergstrasse 49, 8842 Unteriberg, SZ'),
('a99ce905-3c78-48e4-ad47-8cb6ff1aa340', 'Wiget', 'Cornel', 'info@koweco.ch', '', NULL, 'Bahnhofstrasse 33, 8932 Mettmenstetten, ZH'),
('267e9950-85a5-4e3b-a265-8eb2267622cc', 'Wiget Heinz A.', '(-Büchel)', 'wiget@bluewin.ch', '', NULL, 'Herbrigstrasse 7, 5073 Gipf-Oberfrick, AG'),
('94886c77-74b6-4904-8752-52bb23d907f2', 'Wiget', 'Kurt', 'wiget.kurt@bluewin.ch', '41767472219', NULL, 'Riedikerstrasse 11, 8610 Uster, ZH'),
('640dae76-a8d1-4a4b-8cfe-a92455a19603', 'Wiget Liselotte und Schott', 'Martin', 'liselotte.wiget@bluewin.ch', '41774519284', NULL, 'Schiltwiesenweg 22, 8404 Winterthur, ZH'),
('867ff835-2220-4fea-8597-2b177015e5d8', 'Wiget', 'Rico', 'info@ihelp.ch', '41793290738', NULL, 'Aspermontstrasse 24, 7000 Chur, GR'),
('0d459d56-21d8-49d9-851c-67136fa9f62a', 'Wiget', 'Roger', 'roger_wiget@hotmail.com', '', NULL, 'Gärtnerweg 5, 5443 Niederrohrdorf, AG'),
('a1a0e517-b588-41e7-8843-74df0849d861', 'Wiget Silvia und', 'Traugott', 'tswiget@bluewin.ch', '', NULL, 'Bützackerstrasse 10, 8304 Wallisellen, ZH'),
('4e20e3b2-4e6c-4ef1-bbcb-3f4bd9a70526', 'Wiget Urs und Susi', '(-Kriemler)', 'udw@uitikon.ch', '', NULL, 'Haldenstrasse 40, 8142 Uitikon Waldegg, ZH'),
('ea507f4f-eba3-40cc-9410-cbf3d0341979', 'Wigger', 'Hans-Ruedi', 'hrwigger@msn.com', '', NULL, 'Mausackerweg 16, 4153 Reinach BL, BL'),
('16526ca3-5c6f-467c-94fe-1f6c787ff886', 'Wigger Irene und Andreas', '(-Essig)', 'kontakt@spibi.ch', '', NULL, 'Seilersgrabeweg 14, 5413 Birmenstorf AG, AG'),
('95475a32-a14a-4940-bffd-446483ca28b9', 'Wihler Willy und', 'Rosemarie', 'willy.wihler@bluewin.ch', '41796787100', NULL, 'Lehenmattstrasse 307, 4052 Basel, BS'),
('7a208d6c-c7e9-4636-8083-fa663a90677a', 'Wil IG Treuhand & Beratungen', 'GmbH', 'info@igtreuhand.ch', '', NULL, 'St. Gallerstrasse 1, 9500 Wil SG'),
('c1d3d025-c695-486b-8876-1302bbdd20f9', 'Wilcockson Lloyd und', 'Verena', 'l.j.wilcockson@gmail.com', '41796336531', NULL, 'Sonnmatte 5, 6146 Grossdietwil, LU'),
('99b6b92d-aaf4-4e17-9d9a-70b3ea206cb5', 'Wild', 'B.', 'bruwil@hispeed.ch', '', NULL, 'Rosenthalstrasse 13, 8636 Wald ZH, ZH'),
('21733a67-13c2-46fd-b1fd-754fc7fa8f30', 'Wild', 'Bernhard', 'bernhardwild@gmx.ch', '', NULL, 'Schönaustrasse 11, 8722 Kaltbrunn, SG'),
('8195dcc3-f48c-4905-a839-c35d302fccce', 'Wild Franz und Johanna', '(-Roth)', 'wildf@bluewin.ch', '41793005339', NULL, 'Unterer Hardeggweg 23, 3612 Steffisburg, BE'),
('14b14b4f-3f8a-45d2-95ad-26b5649ab3c8', 'Wild', 'Hans', 'wild.hans@bluewin.ch', '', NULL, 'Bleichelistrasse 18, 9055 Bühler, AR'),
('4ac09ee4-4f46-4313-8ee2-0aa6bedbf459', 'Wild Hanspeter und', 'Angela', 'wildhandelsag@bluewin.ch', '41796419318', NULL, 'Althausweid 12, 6047 Kastanienbaum, LU'),
('839ad6ea-4cb5-45b3-aa75-541aca79c901', 'Wild Heidi', '(-Käppeli)', 'heidi.wild47@bluewin.ch', '', NULL, 'Spitzackerstrasse 13, 4410 Liestal, BL'),
('a7f3ef0e-6591-4214-a652-9b5e90d0fd56', 'Wild Kurt und Brigitte', '(-Müller)', 'thewilds@bluewin.ch', '', NULL, 'Oggenhäusernweg 4, 4704 Niederbipp, BE'),
('3eb4e5b0-e895-4e65-9671-5b1b24948b93', 'Wild Max und Anne-Marie', '(-Bühler)', 'mmwild@gawnet.ch', '41793174948', NULL, 'Haffnerstrasse 18, 4500 Solothurn, SO'),
('7c1eee02-8876-4182-93ee-def8aa037a3b', 'Wild', 'Michael', 'mike.wild@gmx.ch', '', NULL, 'Hauptstrasse 25, 4562 Biberist, SO'),
('a8cd76a6-0fd2-4fb1-b087-70ffb8faabca', 'Wild Rolf und Eliane', '(-Lutz)', 'wildotti@bluewin.ch', '41797685928', NULL, 'Buchgrindelstrasse 4B, 8620 Wetzikon ZH, ZH'),
('db7f3d1d-abe7-435a-b763-ff09f665e285', 'Wild', 'Ronald', 'sunna@swissonline.ch', '41792975766', NULL, 'Rosenweg 5, 8702 Zollikon, ZH'),
('90531f8a-2efd-4497-b3ea-e6b9668d9bbe', 'Wild Ruedi und', 'Verena', 'ruedi.wild48@bluewin.ch', '41796241300', NULL, 'Alderstrasse 38, 8008 Zürich, ZH'),
('3bfa9f15-e3af-4eea-ad23-c1dc28eee53a', 'Wild', 'Sabine', 'sabine_wild@gmx.ch', '41796429550', NULL, 'Herbrig 35, 9042 Speicher, AR'),
('23354c91-dd41-4a83-8a00-105810eb6470', 'Wild Silvia', 'Maria', 'silvia.wild@bluewin.ch', '41797828466', NULL, 'Oberer Graben 44, 9000 St. Gallen, SG'),
('454be2dd-cb0b-4ac3-9d19-7d011b4c87d0', 'Wild', 'Therese', 'yoga.therese@gmx.ch', '', NULL, 'Unterholz 8, 3380 Wangen an der Aare, BE'),
('b4d562bf-170e-45c6-bea5-7b96c1259898', 'Wild Urs und Eva', '(-Niklaus)', 'uewild@bluewin.ch', '', NULL, 'Kappenbühlweg 11, 8049 Zürich, ZH'),
('1eb26d4b-2d70-4fd4-b077-dde043c89fac', 'Wild', 'W.', 'wiwild@bluewin.ch', '41796748210', NULL, 'Oberer Burghaldenweg 27, 4410 Liestal, BL'),
('31a28e83-181c-4105-acd1-9350422d5974', 'Wild', 'Werner', 'w.wild@wildrechtsanwalt.ch', '', NULL, 'Seestrasse 93, 6052 Hergiswil NW, NW'),
('45403e39-037c-4cd1-9135-0f89c1ee61ea', 'Wild Werner und', 'Daniela', 'info@home-dry.ch', '41793805084', NULL, 'Hasenweid 2, 8634 Hombrechtikon, ZH'),
('c366bf78-3891-456d-926b-39a4932ad4de', 'Wild', 'Wolfgang', 'wolfgangatelier@gmail.com', '', NULL, 'Wuhrstrasse 27, 8003 Zürich, ZH'),
('0d030d26-2991-43b7-9ea5-a16524b61d69', 'Wildberger', 'Barbara', 'barbara@violina.ch', '41794039008', NULL, 'Alte Landstrasse 113, 8708 Männedorf, ZH'),
('eae22620-335f-4389-a652-6512a05ca13d', 'Wilden Johann P. und', 'Annelis', 'jp_wilden@bluewin.ch', '', NULL, 'Schinbergstrasse 7, 8614 Bertschikon (Gossau ZH), ZH'),
('55a716eb-0a86-49d1-891d-0d1002a514df', 'Wildermuth', 'Adrian', 'adrian.wildermuth@gmx.ch', '', NULL, 'Etzmattrain 18c, 3322 Urtenen-Schönbühl, BE'),
('ebbdfe04-2332-418a-bd81-e0666470360e', 'Wildhaber', 'Adrian', 'wildhaber@abinsweb.ch', '', NULL, 'Alpenblickstrasse 79, 8810 Horgen, ZH'),
('c8bf4ca7-df2a-47c1-9998-2014da1c3941', 'Wildhaber Ambros u.', 'Theres', 'elwerag@walensee.net', '', NULL, 'Tremlastrasse 18, 8880 Walenstadt, SG'),
('df7d3ac9-afd4-4aa3-b6ed-c1652c0c6a48', 'Wildhaber Andreas und Micha', '(-Uehli)', 'a.m.wildhaber@bluewin.ch', '41793556488', NULL, 'Lauiweg 15, 8880 Walenstadt, SG'),
('6f9512f1-b605-40b4-84f6-b4d4eeecdd7a', 'Wildhaber', 'Anton', 'mawildhaber@bluewin.ch', '', NULL, 'Wuhrmattstrasse 27, 4103 Bottmingen, BL'),
('5c90d11c-3d08-4f47-b527-f09906f76c95', 'Wildhaber', 'Fabian', 'fabian.wildhaber@gmx.ch', '41794845225', NULL, 'Feldhofweg 11, 6038 Gisikon, LU'),
('acfb60db-fbe0-49e2-83c7-0d355a3df7a2', 'Wildhaber', 'Karin', 'karin.wildhaber@gmx.ch', '41763213827', NULL, 'Kampstrasse 29, 8952 Schlieren, ZH'),
('0766253d-6ccc-47e8-96d9-6c076df7e2d4', 'Wildhaber', 'Michael', 'michaelwildhaber@hotmail.com', '41797232076', NULL, 'Rietbrüelstrasse 17, 7323 Wangs, SG'),
('4cbc34a8-02e5-4fae-82e3-f6f01a94f21b', 'Wildhaber Oskar und Frei', 'Anita', 'oswi@gmx.ch', '41794222029', NULL, '8881 Tscherlach, SG'),
('d0be5339-5950-4084-8a0e-e6e3868546e5', 'Wildhaber Ruth', '(-Merz)', 'ruth.wildhaber@bluemail.ch', '', NULL, 'Herdschwandstrasse 8, 6020 Emmenbrücke, LU'),
('bfa1ec9a-8826-46b4-a5d9-93aa1687ec0e', 'Wildi A. und E.', '(-Wittlin)', 'wildi.e@bluewin.ch', '41792698608', NULL, 'Im Spiegelfeld 12, 4102 Binningen, BL'),
('f1880507-2fbb-434d-b742-ea3767bdfc51', 'Wildi', 'Christine', 'christine.hediger@wynspedd.ch', '', NULL, 'Hofmattpark 12, 5737 Menziken, AG'),
('d8db091c-1d0e-4bd7-ae07-6765a4f44beb', 'Wildi Frey', 'Silvia', 'silvia.wildi@swissonline.ch', '', NULL, 'Lärchenstrasse 1, 5737 Menziken, AG'),
('d12a46a7-86b7-4918-858c-26ecf7e76ba5', 'Wildi Heinz und Hedy', '(-Schallenberger)', 'heinz.wildi@bluewin.ch', '', NULL, 'Stoltenweg 3, 5703 Seon, AG'),
('b1ff05f5-8d52-4d6e-8e79-f99c45d1ea01', 'Wildi Marco und Jessica', '(-Neuenschwander)', 'marco.wildi@tvkoenig.ch', '', NULL, 'Reinacherstrasse 573, 5728 Gontenschwil, AG'),
('737c6dd7-3554-4ae4-b96c-dc86450104b3', 'Wildi', 'Paul', 'pwildi@bluewin.ch', '41796662184', NULL, 'Unterdorfstrasse 35, 5116 Schinznach Bad, AG'),
('fc494bde-3896-4543-8ab7-2dd651319dc1', 'Wildi Sascha u. Yvonne', '(-Meier)', 'info@saschas-fahrschule.ch', '41793655866', NULL, 'Maienweg 3, 5102 Rupperswil, AG'),
('6ce15ed6-11d5-4858-9430-d896002950aa', 'Wildisen', 'Stephan', 'stwi@gmx.ch', '', NULL, 'Pfaffengasse 20, 7206 Igis, GR'),
('7fbad854-66ab-4560-bf21-8eb2422d036b', 'Wiler Isabelle', '(-Burri)', 'isabelle.burri@gmx.ch', '41797134030', NULL, 'Aspenweid 3, 6214 Schenkon, LU'),
('256a9677-c0f7-490c-9455-5a1a444af1ee', 'Wilhelm Anton', '(-Leder)', 'ursula.wilhelm@hispeed.ch', '41797090541', NULL, 'Juraweg 7, 5103 Möriken AG, AG'),
('1c8a09d8-89ad-4db4-86f6-794549871660', 'Wilhelm Arnold und Heidi', '(-Jenny)', 'wilhelm_jenny@sunrise.ch', '41787485740', NULL, 'Neudorfstrasse 25, 7430 Thusis, GR'),
('9703edd3-f5a4-4a1c-b8f4-b53cecfef3f6', 'Wilhelm', 'Christian', 'christianwilhelm@bluewin.ch', '41794124362', NULL, 'Quaderstrasse 23, 7000 Chur, GR'),
('3d3b7e93-ac63-484d-a314-47766b024c60', 'Wilhelm Heinz und Silvia', '(-Herzog)', 'silvia.wilhelm@sunrise.ch', '', NULL, 'Froschweg 30, 3098 Schliern b. Köniz, BE'),
('a8f88b1c-c71d-4d0d-b075-ee6de4b5cd78', 'Wilhelm Jörg und', 'Anne', 'jorg.wilhelm@hotmail.com', '41786023542', NULL, 'Beckenstrasse 13, 4056 Basel, BS'),
('8bc6680b-6013-4bf1-85c3-ba830d478767', 'Wilhelm Némitz', 'Fabienne', 'info@praxislernbar.ch', '', NULL, 'Eichwaldstrasse 20, 6300 Zug, ZG'),
('5f9ba340-fc2f-4fd9-b6b0-1b8810ddb8c8', 'Wilhelm', 'Tina', 'tina@tinawilhelm.ch', '', NULL, 'Höhenstrasse 25C, 3646 Einigen, BE'),
('32aa7ecb-4a3f-420b-880e-e4eee83a4d2b', 'Wilhelm Urs und Gaby', '(-Gruber)', 'info@hochstativfoto.ch', '', NULL, 'Bühlstrasse 12, 9436 Balgach, SG'),
('02c386a9-cadc-435a-88e3-6cc399ad080c', 'Wili Urs und Elsbeth', '(-Giger)', 'ubwili@swissonline.ch', '', NULL, 'Waldriedstrasse 16a, 3074 Muri b. Bern, BE'),
('2de142b2-e985-46ed-a0d5-6d236faf3768', 'Will', 'Jörg', 'joergwill@bluewin.ch', '41793346415', NULL, 'Kuhmattweg 7, 4913 Bannwil, BE'),
('8d8b1e6f-7a4b-46a0-a1b8-6da9729d57be', 'Wille', 'David', 'jdvuille@gmail.com', '41793005503', NULL, 'Spino 19, 7606 Promontogno, GR'),
('97399689-0014-4b05-8329-0bc47f7d8c9e', 'Wille Matthias', 'G.', 'mgwille@hispeed.ch', '', NULL, 'Binsenstrasse 1, 5452 Oberrohrdorf, AG'),
('4032b6d4-d48c-425a-9760-dbbc0ec5c892', 'Wille Simon', 'Eric', 'info@magicfaces.ch', '41798432528', NULL, 'Klosterweg 9, 8808 Pfäffikon SZ, SZ'),
('2904e9a1-abcb-494e-8bc8-8a61e59269e2', 'Willenegger Dominik', '(-Senchuea)', 'willenegger@mac.com', '', NULL, 'Alpenstrasse 81, 3052 Zollikofen, BE'),
('1e10bf21-eedf-4922-9055-ac120f4d3bd6', 'Willener', 'Thomas', 'thomas@willener.net', '41793103286', NULL, 'Blümlisalpstrasse 8, 3613 Steffisburg, BE'),
('af700708-8eb5-4556-8968-273f0cb46a81', 'Willi', 'André', 'willi.andre@bluewin.ch', '41794067675', NULL, 'Tgampi Saura 5, 7083 Lantsch/Lenz, GR'),
('70b961aa-3d67-4359-bbff-f7b3500633b8', 'Willi', 'Daniel', 'daniel.willi@gmx.net', '41794604275', NULL, 'Hostetweg 30A, 3860 Schattenhalb, BE'),
('f86ff4c1-b5f4-4bd3-9a74-12ba3dac78a5', 'Willi David und Huldi', '(-Buchli)', 'willi.holzbau@bluewin.ch', '41796356161', NULL, 'Lätsch 14, 7202 Says, GR'),
('276f37a0-320c-4a6c-854c-f4688d189f02', 'Willi', 'Eduard', 'ediwilli@bluewin.ch', '', NULL, 'Obermoosstrasse 7, 8332 Russikon, ZH'),
('27106edc-c4fb-42b6-8ef6-9d4677b0c585', 'Willi Felix', '(-Peacock)', 'topo@leunet.ch', '', NULL, 'Hauptstrasse 64, 8546 Islikon, TG'),
('607260e2-bc7e-4e84-9f1c-b50d5a03bb7f', 'Willi Heinrich und', 'Regula', 'regula.willi@bluewin.ch', '41788122600', NULL, 'Im Zelgli 8, 8908 Hedingen, ZH'),
('5fd0d6d3-c1f1-49df-849b-d1b8137dc1e2', 'Willi', 'Johann', 'j_willi@bluewin.ch', '', NULL, 'Thürliacker 5, 3116 Kirchdorf BE, BE'),
('db788417-ce14-49f4-a532-99f27e26cad7', 'Willi Jörg und Monika', '(-Benz)', 'jw@email.ch', '', NULL, 'Langgartenweg 9, 4123 Allschwil, BL'),
('4d046fcc-644e-4e32-bd4b-f55941c14bb9', 'Willi', 'Jörn', 'joern.willi@gmx.net', '41793577909', NULL, 'Chupferwise 5, 8260 Stein am Rhein, SH'),
('61b14c60-766b-48be-bbe5-92509db7e084', 'Willi', 'Kurt', 'willitech@bluewin.ch', '41796103727', NULL, 'Bachstrasse 84, 8887 Mels, SG'),
('124927b9-d281-40a5-b94a-39c3776008af', 'Willi Marc und Nina', '(-Pross)', 'nina.willi@gmx.ch', '', NULL, 'Roseberg 15, 8260 Stein am Rhein, SH'),
('5b97e6a0-6da3-41c6-ae7f-d1a6c1f8a165', 'Willi Marcel und', 'Hilke', 'fam.willi@gmx.ch', '', NULL, 'Understadt 1, 8260 Stein am Rhein, SH'),
('54af438a-b928-4a07-9779-7eb105fbc699', 'Willi Marco und Susanne', '(-Gruber)', 'marco.willi@bluewin.ch', '', NULL, 'Campodelsweg 25, 7000 Chur, GR'),
('00673823-dc4d-46f4-bb3b-e2382d72be62', 'Willi Markus und Monika', '(-Vogel)', 'fam.m.willi@bluewin.ch', '', NULL, 'Strassackerstrasse 22b, 5116 Schinznach Bad, AG'),
('f1b61810-9053-4a31-99cb-018ff3fa872a', 'Willi Martin und Beatrice', '(-Gerber)', 'martin.willi@bluewin.ch', '', NULL, 'Holiweg 35, 3253 Schnottwil, SO'),
('13268ec6-a9f0-40ba-a843-4fd6fce3f3bc', 'Willi Max und Katrin', '(-Dönz)', 'mkwilli@bluewin.ch', '41794265201', NULL, 'Talmoosstrasse 45, 3063 Ittigen, BE'),
('5d09122c-4c04-404a-9094-d331a0bdb066', 'Willi Niels und Andrea', '(-Hänggi)', 'nielswilli@bluewin.ch', '', NULL, 'Starenstrasse 6, 4106 Therwil, BL'),
('3d36af96-8c12-4f8b-9c48-99135500741b', 'Willi Norbert und Janine', '(-Grossmann)', 'familie.willi@hispeed.ch', '41798293572', NULL, 'Enzianstrasse 16, 5212 Hausen AG, AG'),
('ac514282-eec5-4d65-8502-060ef81afd92', 'Willi', 'Peter', 'info@willi-keramik.ch', '41794380114', NULL, 'Sarganserstrasse 70, 8887 Mels, SG'),
('fbdc4898-cf44-4232-a5c7-ac25a86225c9', 'Willi Peter', '(-Fetz)', 'willi81@bluewin.ch', '41792321873', NULL, 'Via Pizokel 14, 7013 Domat/Ems, GR'),
('7d819208-43c7-48c4-af11-e08012651e96', 'Willi Peter A. und Brigitte', '(-Kunz)', 'petera.willi@bluewin.ch', '41796774220', NULL, 'Seestrasse 35B, 8820 Wädenswil, ZH'),
('8448d5b9-ef11-43f0-97c9-697a108d9477', 'Willi Roger und Monika', '(-Zubler)', 'tragbar@bluewin.ch', '41796910289', NULL, 'Unter Rain 6, 4416 Bubendorf, BL'),
('eb041f7b-491a-426d-9952-38af38695b29', 'Willi', 'Roman', 'roman.willi@gmx.ch', '41762119276', NULL, 'Chappelihof 24, 8863 Buttikon SZ, SZ'),
('882e50a9-cb91-406e-877a-117872924f09', 'Willi Ruedi und', 'Arlette', 'info@swissalp-tours.ch', '41794271351', NULL, 'Husmatt 11, 6443 Morschach, SZ'),
('e5ca4c3c-6a93-4288-bb6e-e645c3b7e913', 'Willi', 'Stefan', 'willi@rtv-willi.ch', '', NULL, 'Kaiserstuhlerstrasse 18, 8174 Stadel b. Niederglatt, ZH'),
('4a56e08f-4a08-4fc8-a2a8-498cd4dbadbf', 'William', 'Karin', 'info@naturheilpraxis-wald.ch', '', NULL, 'Hofacherstrasse 11g, 8637 Laupen ZH, ZH'),
('5fe979e9-6b59-4563-a3a7-08d98c270fd4', 'Williams Tony und Jolanda', '(-Schneider)', 'jolwill@gmx.net', '', NULL, 'Lindenstrasse 15, 8604 Volketswil, ZH'),
('c1608ecd-7834-4bfa-bc52-a82ced3f7590', 'Williamson Hanna und Stephen S.', '(-Koller)', 'mail@williamson.ch', '', NULL, 'Glaubtenstrasse 101, 8046 Zürich, ZH'),
('68e7208f-42e2-47e7-a519-5dcaf35974c0', 'Willimann', 'Eric', 'eric-willimann@msn.com', '41791088331', NULL, 'Wright-Strasse 71, 8152 Glattpark (Opfikon), ZH'),
('a724a162-2ca9-4a73-84e7-384195d74be9', 'Willimann', 'Friedrich', 'f.willimann@intergga.ch', '41763807004', NULL, 'Oberer Brühlweg 38, 4143 Dornach, SO'),
('2b228d37-e3c9-474b-adb6-1f49367ed142', 'Willimann Josef und Vreni', '(-Schmidig)', 'ferienwohnung@bluewin.ch', '', NULL, 'Zugerstrasse 92B, 6415 Arth, SZ'),
('b2e59d6e-01e3-40cb-becd-72866b181b6f', 'Willimann Marcel & Edith', '(-Anderhub)', 'marcel.willimann@gmx.ch', '41793419005', NULL, 'Hubelstrasse 18, 6012 Obernau, LU'),
('4ee66e27-b418-4ca5-ab95-43cc971358bb', 'Willimann Rene', 'Hubert', 'rewillimann@hotmail.ch', '41764634040', NULL, 'Schützenmattstrasse 15, 6374 Buochs, NW'),
('1d22ceff-aac6-44ca-b7c1-c1ac92d61450', 'Williner', 'Yvonne', 'yvonne@calabresi.ch', '', NULL, 'Via dils Larischs 14, 7018 Flims Waldhaus, GR'),
('aea14b0b-a112-46fc-aa33-f2da88a28cec', 'Wilmes Lisbeth', '(-Waltenspühl)', 'aperochuchi@bluewin.ch', '41795810038', NULL, 'Bodenmatte 22D, 5647 Oberrüti, AG'),
('91a257f5-d4a4-440c-9792-f551e8a270cb', 'Wilms Henri und Brigitte', '(-Lüönd)', 'wilms@bluewin.ch', '', NULL, 'Dorfbachstrasse 18, 6418 Rothenthurm, SZ'),
('892d0125-3c8f-43cd-ad13-24680d748a1b', 'Wilms Peter, Sabine, Kevin, Samuel, Benjamin und Melissa', '(-Hirsiger)', 'familie_wilms@epost.ch', '41788520852', NULL, 'Amselweg 2, 5034 Suhr, AG'),
('c233d98f-6b96-4bb5-93f8-33caf1c412f4', 'Wimmer Verena', 'Irene', 'v.i.wimmer@gmail.com', '41792543728', NULL, 'Bändlistrasse 70, 8064 Zürich, ZH'),
('cdda4f5d-e726-40dd-8d09-a79de5f2c1d7', 'Windler Heinz und', 'Margrit', 'heinz@windler.ch', '', NULL, 'Neue Bahnhofstrasse 111, 4132 Muttenz, BL'),
('05439971-d849-4757-a4cb-a19d35e86f1f', 'Windlin', 'Anita', 'anita@schreinerei-durrer.ch', '41763999140', NULL, 'Brunnmatte 4B, 5647 Oberrüti, AG'),
('39f44300-ebc7-4829-8907-6968b8f085f8', 'Windlin', 'Hanna', 'hanna.windlin@bluewin.ch', '', NULL, 'Vorbreitfeld 16, 6403 Küssnacht am Rigi, SZ'),
('c50aece1-d11f-435d-bdde-c082538cad5d', 'Windlinger', 'Ulrich', 'ueli.windlinger@gmx.ch', '41765037668', NULL, 'Seestrasse 170, 8802 Kilchberg ZH, ZH'),
('7567c20c-ddcc-4ffe-9f2e-3e964114211d', 'Winet Anton und Iris', '(-Schluep)', 'winett@bluewin.ch', '', NULL, 'Blumenstrasse 7, 9430 St. Margrethen SG, SG'),
('e2c63e62-402b-4646-b63c-363a36e2b589', 'Winet Bruno u. Ersilia', '(-Meyer)', 'fam.winet@bluewin.ch', '', NULL, 'Sackhofring 23, 6043 Adligenswil, LU'),
('d68420b6-a97b-4327-aaf2-f3d743049c57', 'Winet', 'Ernst', 'info@erwimo.ch', '41774306040', NULL, 'Bahnhofstrasse 14, 8852 Altendorf, SZ'),
('e9a031d8-521d-48b9-8d3e-86d02768de64', 'Winet Fabian und Sonja', '(-Lustenberger)', 'fabian@winet.li', '41799316593', NULL, 'Stockbergstrasse 4C, 8854 Siebnen, SZ'),
('6934ddd9-5751-48ab-88a3-a6e357f173a0', 'Winfield', 'Barbara', 'balwinfield@hotmail.com', '41797473576', NULL, 'Kernstrasse 6, 3067 Boll, BE'),
('ac958e15-f879-47e9-bf2a-04fffa5285d4', 'Winiger', 'Daniel', 'kinderchor@gmx.ch', '', NULL, 'Grabackerstrasse 20, 8722 Kaltbrunn, SG'),
('4929df5b-8baa-45ad-93a1-3a7cc4f38e06', 'Winiger Fabbio', 'Remo', 'fabbio.winiger@outlook.com', '', NULL, 'Judebömmlistrasse 535, 8262 Ramsen, SH'),
('1ed6a17e-c56c-43be-8bbd-3c80a3021a6e', 'Winiger', 'Gerhard', 'gwm@wps-ag.ch', '', NULL, 'Laupenstrasse 32, 8636 Wald ZH, ZH'),
('12277c35-9c58-4303-9ee1-f52d1d315bef', 'Winiger', 'Hans-Rudolf', 'hrw@bluewin.ch', '41796232551', NULL, 'Fägswilerstrasse 7, 8630 Rüti ZH, ZH'),
('b647fa03-9f97-446a-9045-ff2f406da15a', 'Winiger', 'Herbert', 'herbert.winiger@hispeed.ch', '', NULL, 'Bollbergstrasse 22, 5600 Lenzburg, AG'),
('66c8d333-e28b-4d5e-82ff-a6c5b02cfee6', 'Winiger', 'Marie-Louise', 'info@taximary.ch', '41797757777', NULL, 'Sonnhalde 10, 6232 Geuensee, LU'),
('e534dcb7-ca9e-491a-8dc8-74a32329aa77', 'Winiger', 'Matthias', 'matthiaswiniger@bluewin.ch', '', NULL, 'Bubikerstrasse 60, 8645 Jona, SG'),
('70eb638f-ae32-46b4-b890-976d74b1654a', 'Winiger', 'Matthias', 'matthias.winiger@baloise.ch', '41798857568', NULL, 'In der Matte 6, 6460 Altdorf UR, UR'),
('357f6189-e68d-4844-bc73-fb37a34bca25', 'Winiger', 'Sabine', 'sabine.winiger@gmx.ch', '', NULL, 'Kasimir-Pfyffer-Strasse 12, 6003 Luzern, LU'),
('330a2598-06bf-49d1-bc42-0df3a7e8933c', 'Winiger-Candolfi Carole und', 'Ivo', 'carole-ivo@bluewin.ch', '', NULL, 'Zumhofrain 2, 6010 Kriens, LU'),
('03af2ef8-e2c9-4833-b75e-1f709b2af607', 'Winiker Uschi', '(-Meyer)', 'uschi.winiker@bluewin.ch', '', NULL, 'Unterstadt 20, 6210 Sursee, LU'),
('3868611b-e639-4a6b-af69-b1b517079ef4', 'Winistörfer Heinz und Brigitte', '(-Müller)', 'wimue@bluewin.ch', '', NULL, 'Haselweg 7, 4528 Zuchwil, SO'),
('b329aae8-0071-4a45-989b-d068d76b208f', 'Winizki Christine und David', '(-Leuenberger)', 'david.winizki@bluewin.ch', '', NULL, 'Hardturmstrasse 368, 8005 Zürich, ZH'),
('99aab679-ceba-4ee3-9a76-54eca3ac825e', 'Winkelman Alain J.', 'W.', 'alain.winkelman@gmail.com', '41794475756', NULL, 'Hornbergstrasse 17, 8200 Schaffhausen, SH'),
('55b468a8-a5d7-427e-98fb-93fefd49e0f8', 'Winkelmann Daniel, Doris und Roy', '(-Rubin)', 'd.winkelmann@bluewin.ch', '41794812559', NULL, 'Inselstrasse 6, 2575 Täuffelen, BE'),
('b4ee9dc4-cb95-4829-93e2-775643513027', 'Winkelmann Friedlos', 'Katrin', 'katrinwinkelmann@bluewin.ch', '', NULL, 'Hochrain 34, 2502 Biel/Bienne, BE'),
('de9f700b-05d9-46a1-b09b-8536886972d0', 'Winkelmann Werner und Brigitta', '(-Styger)', 'w.winkelmann@bluewin.ch', '', NULL, 'Kreuzstrasse 9c, 9032 Engelburg, SG'),
('c291d33c-b887-4bed-b749-5a955227eb41', 'Winkler Adrian und Barbara', '(-Stübi)', 'awinkler@bluewin.ch', '41796659749', NULL, 'Aeschweg 9, 5630 Muri AG, AG'),
('7b0ad7a0-a6a2-41fa-aa2e-f8f6b06094e4', 'Winkler', 'Beat', 'beat.winkler@bluewin.ch', '41793111410', NULL, 'Gheiweg 17, 3646 Einigen, BE'),
('f1882476-2744-4bf7-80cb-a5a1b4d38318', 'Winkler', 'Claudia', 'cwin@bluewin.ch', '41795676191', NULL, 'Oberbottigenweg 29, 3019 Bern, BE'),
('5514f7a4-594c-4ee6-9f93-b89f08aec8df', 'Winkler Elisabeth Sissy', '(-Siega)', 'sissy.winkler@gmx.ch', '', NULL, 'Rainstrasse 8, 8800 Thalwil, ZH'),
('8259cab2-0a05-432f-b0f8-7af1e96f720f', 'Winkler', 'Ernst', 'ernst.winkler@ggaweb.ch', '', NULL, 'Schossackerstrasse 2, 8603 Schwerzenbach, ZH'),
('ef628324-ce4b-4b40-9ebb-56c025181720', 'Winkler', 'Kurt', 'winklertreuhand@gmail.com', '', NULL, 'Missionsstrasse 50, 4055 Basel, BS'),
('5e2cd4fb-5d19-4c61-84a2-918a198abf00', 'Winkler Nelly', '(-Mattenberger)', 'nelly.winkler@bluewin.ch', '', NULL, 'Sittertalstrasse 15, 9220 Bischofszell, TG'),
('497d5502-46de-4c79-8172-e97869b14728', 'Winkler Oskar und Sylvia', '(-Padrutt)', 'oskar.winkler@gaiserwald.net', '', NULL, 'Dufourpark 9, 9030 Abtwil SG, SG'),
('31a1d6a0-6fe7-403c-a3a0-80860b522d1f', 'Winkler Ruedi', '(-Chaperon)', 'winkler@pilze.ch', '', NULL, 'Benedikt-Fontana-Weg 5, 8049 Zürich, ZH'),
('10bb3fc1-5488-4f80-85eb-28cf3fb773db', 'Winkler', 'Silvia', 'winkler.zofingen@bluemail.ch', '', NULL, 'Riedhalde 3, 4800 Zofingen, AG'),
('e5cd8c26-3e0b-4439-8372-d3e385671199', 'Winkler Susann und Schär', 'Christoph', 'berghof-rohr@bluewin.ch', '41795366934', NULL, 'Berghof 54, 4655 Rohr b. Olten, SO'),
('335d7572-fa4d-4212-b3a8-572044cf1074', 'Winkler', 'Thomas', 'info@malerwinkler.ch', '', NULL, 'Römerstrasse 3, 8545 Rickenbach Sulz, ZH'),
('94874749-853c-4db2-9498-4cce66d4e208', 'Winkler', 'Ursula', 'ursula.winkler16@gmail.com', '41794328933', NULL, 'Chorherrengasse 7, 3633 Amsoldingen, BE'),
('27efb304-7d57-4e88-9a96-6b295d6a5bcc', 'Winkler', 'Ursula', 'ursula.winkler16@gmail.com', '41794328933', NULL, 'Hönggerstrasse 21, 8037 Zürich, ZH'),
('9eda48f0-3c82-4e7c-a6c4-5140f539cf62', 'Winkler', 'Walter', 'walterwinkler@gmx.ch', '', NULL, 'Pestalozzistrasse 2A, 3600 Thun, BE');

INSERT INTO leads (id, contact_id, source, status, value, notes) VALUES
('c1429dfc-78e0-4eb4-a9ec-044bde50b78c', '2f4b3dbe-e1be-46d7-90f3-fe093bac0a35', 'KALTAKQUISE', 'ACTIVE', 0, NULL),
('588a3f9f-3347-4175-bf4f-afedb4f434e5', '1df92f2b-355f-4aee-982b-6d506c4bfd89', 'KALTAKQUISE', 'ACTIVE', 0, NULL),
('42c8ecd7-b629-408e-b8c3-60ae0ecdf32b', '3c6d6bbc-58b6-4207-8e0a-3384bf4b6b3d', 'KALTAKQUISE', 'ACTIVE', 0, NULL),
('4f17e30a-c597-40ca-8a6e-ae545c186c77', '5a6e790c-9659-48b2-8db9-56490b12fa39', 'KALTAKQUISE', 'ACTIVE', 0, NULL),
('f1580b17-c154-4789-846a-8c2b95fec161', '19dcf6c4-5d0e-4403-9f60-47f607af653a', 'KALTAKQUISE', 'ACTIVE', 0, NULL),
('7faec22d-a22a-4614-9590-350fbe39c4a4', '81112272-a150-4c7a-ae79-12500d2d8b24', 'KALTAKQUISE', 'ACTIVE', 0, NULL),
('d075582e-9339-4431-8658-e6255e3346b6', '8d8fff60-3f2e-41bf-b39a-2ae0bb84a03b', 'KALTAKQUISE', 'ACTIVE', 0, NULL),
('c530bdde-a483-487e-a2ec-21f3d734cc4c', '1225973d-416d-4da5-8ea5-e63080d30e04', 'KALTAKQUISE', 'ACTIVE', 0, NULL),
('7fcc7636-a813-4926-b7f9-5c4e0a48285c', 'b162ebc0-4991-4ff9-9bbe-996741015c73', 'KALTAKQUISE', 'ACTIVE', 0, NULL),
('4de53018-ddc9-4804-8654-96fdbdfd3118', '5a42759c-f9ca-4901-85e7-ee37cae881f6', 'KALTAKQUISE', 'ACTIVE', 0, NULL),
('b809fb1b-6a8a-47a7-a0cd-c4b2cfd733d2', '4e84ff50-2c17-48c6-bb55-97755b348ef6', 'KALTAKQUISE', 'ACTIVE', 0, NULL),
('81fb25da-3dae-4fbc-8453-b3c09f7c1f98', '80385586-7f22-4ae9-92aa-302b4fd37e3a', 'KALTAKQUISE', 'ACTIVE', 0, NULL),
('3507a5cf-f6e6-4a44-a398-9288c78701ed', '6b0057bb-97cf-43a9-95cc-2511ca823a81', 'KALTAKQUISE', 'ACTIVE', 0, NULL),
('0cfe42a6-5405-4796-8b18-abce82f20c16', 'c70e729f-cf19-449f-b142-aa4d5af264e2', 'KALTAKQUISE', 'ACTIVE', 0, NULL),
('91b58e5a-b636-426f-af77-2ea41759fd7e', '310d451c-cb68-4e41-9035-ce653aca4785', 'KALTAKQUISE', 'ACTIVE', 0, NULL),
('c183cc42-4d6f-4cc0-9cde-392554b187ca', '9d066af9-85ad-4fd6-b4d7-0819b33a6220', 'KALTAKQUISE', 'ACTIVE', 0, NULL),
('94bb835e-aa29-4c97-b91e-58223aea2f4e', 'c11325f2-3be6-4542-a445-83c9d5959a4a', 'KALTAKQUISE', 'ACTIVE', 0, NULL),
('76e3f7b5-c99b-4512-90bb-b3943c8b41ab', 'ccf78fce-35d5-4f1e-af70-5318541e8fb4', 'KALTAKQUISE', 'ACTIVE', 0, NULL),
('e559f9a5-22ab-4113-a74d-97177d5bbe2d', '6e342e5b-34e2-4c88-991b-1d98d58bc673', 'KALTAKQUISE', 'ACTIVE', 0, NULL),
('9ed51ded-aa94-405b-960f-d100b155bfd4', 'cc3e0e1f-2103-4f2e-8fb9-454c93a84fd9', 'KALTAKQUISE', 'ACTIVE', 0, NULL),
('dce83634-2ead-44c0-9015-4b630ad6d28e', 'c87f97ec-6a1e-401d-bf2f-9ee3109b90e3', 'KALTAKQUISE', 'ACTIVE', 0, NULL),
('d9e2e25d-7961-4f4f-a5f2-7335307154b4', '6214d679-b451-4947-9609-e899e391bbd3', 'KALTAKQUISE', 'ACTIVE', 0, NULL),
('1ea14120-d9f5-412c-a782-829fabdccdec', '723230c3-9ac6-4510-9e12-061e18db3928', 'KALTAKQUISE', 'ACTIVE', 0, NULL),
('0a318432-19e1-4ab3-8498-e698203e374b', 'c45eced8-e425-4588-b03b-614f66a63fdd', 'KALTAKQUISE', 'ACTIVE', 0, NULL),
('35421ae0-fbcc-4b6a-9795-fcc8a2f7ec80', '755c357d-bcec-4c37-b0b8-e3de24148aaa', 'KALTAKQUISE', 'ACTIVE', 0, NULL),
('3e6d6a24-de0c-4fff-b520-da3ae7ebb2be', '4dd08ee1-f622-4955-a669-4b7d9df1b469', 'KALTAKQUISE', 'ACTIVE', 0, NULL),
('9b8c5fd5-21b6-4f75-b4af-92bacf4705d5', '021c379f-7941-4d77-a26a-7bdf3d131e8f', 'KALTAKQUISE', 'ACTIVE', 0, NULL),
('70c70453-9e2d-47f3-98a2-76c49586b35a', '33177429-1627-48b6-9edb-056520ced8ad', 'KALTAKQUISE', 'ACTIVE', 0, NULL),
('e031b935-a81b-427c-822f-fa44f2f4a7b5', '1766037a-bc6f-4cde-a15e-629b663aaa8e', 'KALTAKQUISE', 'ACTIVE', 0, NULL),
('4c5133d0-7a79-475d-af70-7e53444d49f1', '566dff72-d1e1-4bcc-a908-708d0b28624c', 'KALTAKQUISE', 'ACTIVE', 0, NULL),
('045bd0e4-0a78-433c-8687-edabbd260315', '7a16667a-5d24-4ae1-876f-ec3dac1879b9', 'KALTAKQUISE', 'ACTIVE', 0, NULL),
('6c536c08-a422-4ee3-8e5e-2ec9ff4a067f', '16013173-184c-470a-8013-aea9565826ac', 'KALTAKQUISE', 'ACTIVE', 0, NULL),
('099af677-129a-4709-a982-47f838b75d14', 'f5f97f8a-4342-4e0e-850e-6fce0ab5f5f2', 'KALTAKQUISE', 'ACTIVE', 0, NULL),
('f265b7d5-73f7-4cae-9b8f-a7ee1b54594b', '6111d52a-c940-45f6-b5bb-994a1c5cf7d8', 'KALTAKQUISE', 'ACTIVE', 0, NULL),
('78a7da6a-6398-48f7-8c73-167f521b3fcd', '906745c6-cff0-4e9c-bea0-cea0cfec1784', 'KALTAKQUISE', 'ACTIVE', 0, NULL),
('19c36c38-61ed-4cd1-b54f-9f30dc78d89d', '985bc844-ed7c-4ff3-9d8a-ef8e806c22ed', 'KALTAKQUISE', 'ACTIVE', 0, NULL),
('2a73acf9-16a4-4a43-ac97-217ad5eca182', '82eb1b83-7a0e-43f1-bf6b-41432981bd61', 'KALTAKQUISE', 'ACTIVE', 0, NULL),
('f0c7855e-d0af-4cf5-b6d1-8f646cf4c81e', '6d502c3f-b56f-406f-89ba-c30252e117f9', 'KALTAKQUISE', 'ACTIVE', 0, NULL),
('a7d68853-1147-41c4-beca-67b1daa59e6e', '519f6d45-3fca-46e4-942c-c5d01c927303', 'KALTAKQUISE', 'ACTIVE', 0, NULL),
('0196906e-e8e6-4d91-be62-c26e5e35f85f', 'aecf8a9f-b989-4991-8584-5897327a44b6', 'KALTAKQUISE', 'ACTIVE', 0, NULL),
('547adbf4-a30f-4b55-b112-e4b87cf6c8bd', '9e5fddee-b5ed-4d0b-9b8e-115e341c6d6b', 'KALTAKQUISE', 'ACTIVE', 0, NULL),
('e0611aef-272f-4ca6-a0e2-a41fc0297c5d', 'f1bfb4f7-cb12-4052-bce9-23ba383de69b', 'KALTAKQUISE', 'ACTIVE', 0, NULL),
('ded254cf-1d09-4829-bb88-9e24063e3089', 'd79247b5-c28f-4634-8037-6db5b9b51e98', 'KALTAKQUISE', 'ACTIVE', 0, NULL),
('be49d079-8b29-4959-96e6-e7ec0da38e2c', '4f6d0dcb-9c1f-4f60-b9fa-6fc44048e892', 'KALTAKQUISE', 'ACTIVE', 0, NULL),
('10027851-97c6-4311-90db-ab47cc8a247e', '70bb9f1e-bb53-41d5-8596-60ac7244bdc5', 'KALTAKQUISE', 'ACTIVE', 0, NULL),
('c74fe822-726e-4303-8133-8a396f2fd655', 'f8c5bc97-5d77-43bb-905a-73d06c46e230', 'KALTAKQUISE', 'ACTIVE', 0, NULL),
('bacb7069-c5bc-49a5-86d8-88139a652956', 'ef24ca25-c404-4cbd-aab4-28bbdf3ba121', 'KALTAKQUISE', 'ACTIVE', 0, NULL),
('5acee265-4a01-48e6-ae32-ea4352396e1c', '43fedb71-8e8c-42e4-9f53-1efd81a7ccce', 'KALTAKQUISE', 'ACTIVE', 0, NULL),
('ff7efcdd-b56d-44e9-a625-ae404aac5aa7', 'fea3198a-be47-4a90-a781-ebcb448b3f68', 'KALTAKQUISE', 'ACTIVE', 0, NULL),
('f6a9f1cc-085e-4c55-9c6c-925778b6cf2c', '25a69376-b2ad-4d7d-a808-fcf58f69e74c', 'KALTAKQUISE', 'ACTIVE', 0, NULL),
('45e5c6d1-5a5f-443c-8c17-205ab11521bd', 'ffaaa540-60b6-434b-9187-461396893d87', 'KALTAKQUISE', 'ACTIVE', 0, NULL),
('8f7487be-0ecf-46a8-b11e-469e1ff41774', '69b370a8-b1ef-4a78-9e11-0249e9f9e76c', 'KALTAKQUISE', 'ACTIVE', 0, NULL),
('43353177-75b8-4098-81eb-aed59b202a33', 'a99ce905-3c78-48e4-ad47-8cb6ff1aa340', 'KALTAKQUISE', 'ACTIVE', 0, NULL),
('dc041395-2e5c-4ae1-981e-8e193d11b0be', '267e9950-85a5-4e3b-a265-8eb2267622cc', 'KALTAKQUISE', 'ACTIVE', 0, NULL),
('80dc7a12-f2ca-4021-9bd0-6fd526a4e689', '94886c77-74b6-4904-8752-52bb23d907f2', 'KALTAKQUISE', 'ACTIVE', 0, NULL),
('9ff76dd8-4fe6-4f02-b07f-ec32cce4b634', '640dae76-a8d1-4a4b-8cfe-a92455a19603', 'KALTAKQUISE', 'ACTIVE', 0, NULL),
('08ee889e-809d-43cf-9087-49b8b21ad8ef', '867ff835-2220-4fea-8597-2b177015e5d8', 'KALTAKQUISE', 'ACTIVE', 0, NULL),
('cd95bf66-2eca-4bfa-9bee-cadcf418bc64', '0d459d56-21d8-49d9-851c-67136fa9f62a', 'KALTAKQUISE', 'ACTIVE', 0, NULL),
('d76acb01-e392-4715-9501-2c1776282dc3', 'a1a0e517-b588-41e7-8843-74df0849d861', 'KALTAKQUISE', 'ACTIVE', 0, NULL),
('ba108c78-0a07-4ab9-9a97-8308b92e7875', '4e20e3b2-4e6c-4ef1-bbcb-3f4bd9a70526', 'KALTAKQUISE', 'ACTIVE', 0, NULL),
('82258339-0b0d-4e0d-8b8a-8c683d7149af', 'ea507f4f-eba3-40cc-9410-cbf3d0341979', 'KALTAKQUISE', 'ACTIVE', 0, NULL),
('835dcd5f-b647-4622-935f-3dd21e5f313c', '16526ca3-5c6f-467c-94fe-1f6c787ff886', 'KALTAKQUISE', 'ACTIVE', 0, NULL),
('3cd7b231-d455-47f8-9430-2f567721dc83', '95475a32-a14a-4940-bffd-446483ca28b9', 'KALTAKQUISE', 'ACTIVE', 0, NULL),
('6dad684b-2689-4b96-88a7-a5bb3456bce4', '7a208d6c-c7e9-4636-8083-fa663a90677a', 'KALTAKQUISE', 'ACTIVE', 0, NULL),
('bc1bafe2-eda2-4dac-88f7-709fc476d630', 'c1d3d025-c695-486b-8876-1302bbdd20f9', 'KALTAKQUISE', 'ACTIVE', 0, NULL),
('7e28441b-da2e-4704-9cb7-4e29e1e6ab07', '99b6b92d-aaf4-4e17-9d9a-70b3ea206cb5', 'KALTAKQUISE', 'ACTIVE', 0, NULL),
('98905b25-c893-4a87-ab5a-f402176b33e4', '21733a67-13c2-46fd-b1fd-754fc7fa8f30', 'KALTAKQUISE', 'ACTIVE', 0, NULL),
('6f6aa51c-304c-438d-b495-3c7289267f93', '8195dcc3-f48c-4905-a839-c35d302fccce', 'KALTAKQUISE', 'ACTIVE', 0, NULL),
('14791328-c7ee-403d-8930-68b18c8b1d99', '14b14b4f-3f8a-45d2-95ad-26b5649ab3c8', 'KALTAKQUISE', 'ACTIVE', 0, NULL),
('8abce166-d2bc-4af0-a0f4-671be0d8109d', '4ac09ee4-4f46-4313-8ee2-0aa6bedbf459', 'KALTAKQUISE', 'ACTIVE', 0, NULL),
('5c6d70fe-ac15-4dfd-ae35-ead021afcfba', '839ad6ea-4cb5-45b3-aa75-541aca79c901', 'KALTAKQUISE', 'ACTIVE', 0, NULL),
('840c2f4a-7b04-47be-adcf-3aba86bba9d3', 'a7f3ef0e-6591-4214-a652-9b5e90d0fd56', 'KALTAKQUISE', 'ACTIVE', 0, NULL),
('ca05e8b0-02d8-41e4-9f04-f92468154634', '3eb4e5b0-e895-4e65-9671-5b1b24948b93', 'KALTAKQUISE', 'ACTIVE', 0, NULL),
('5da1eb74-e4f8-4eae-8fad-f01d4c751cbe', '7c1eee02-8876-4182-93ee-def8aa037a3b', 'KALTAKQUISE', 'ACTIVE', 0, NULL),
('4352ae62-ba7f-45fd-980e-a1fa22263254', 'a8cd76a6-0fd2-4fb1-b087-70ffb8faabca', 'KALTAKQUISE', 'ACTIVE', 0, NULL),
('d4fba919-b806-43ea-b787-a27877695b4c', 'db7f3d1d-abe7-435a-b763-ff09f665e285', 'KALTAKQUISE', 'ACTIVE', 0, NULL),
('56dbd8b3-9a27-408a-a7fa-5c891acc347e', '90531f8a-2efd-4497-b3ea-e6b9668d9bbe', 'KALTAKQUISE', 'ACTIVE', 0, NULL),
('fcfa7850-6474-471c-8185-83d6d2524851', '3bfa9f15-e3af-4eea-ad23-c1dc28eee53a', 'KALTAKQUISE', 'ACTIVE', 0, NULL),
('11487472-a8d6-41f1-a6a5-8697e089d2fb', '23354c91-dd41-4a83-8a00-105810eb6470', 'KALTAKQUISE', 'ACTIVE', 0, NULL),
('cdea7a9a-2aba-47ab-8fc1-3c7c7d54acef', '454be2dd-cb0b-4ac3-9d19-7d011b4c87d0', 'KALTAKQUISE', 'ACTIVE', 0, NULL),
('fa2e96b5-cedb-43be-b797-9ff20a70b79f', 'b4d562bf-170e-45c6-bea5-7b96c1259898', 'KALTAKQUISE', 'ACTIVE', 0, NULL),
('4c6e8720-33ce-447c-81e3-fb9ca9be96c1', '1eb26d4b-2d70-4fd4-b077-dde043c89fac', 'KALTAKQUISE', 'ACTIVE', 0, NULL),
('dde86cc0-f6e8-4180-9b69-bffff12f8192', '31a28e83-181c-4105-acd1-9350422d5974', 'KALTAKQUISE', 'ACTIVE', 0, NULL),
('075d3850-af0e-467d-b80e-4969419b35b6', '45403e39-037c-4cd1-9135-0f89c1ee61ea', 'KALTAKQUISE', 'ACTIVE', 0, NULL),
('0d84b509-8a91-470e-9051-254016d157bb', 'c366bf78-3891-456d-926b-39a4932ad4de', 'KALTAKQUISE', 'ACTIVE', 0, NULL),
('d6e7fe88-5bee-4a09-ad52-1109cba04719', '0d030d26-2991-43b7-9ea5-a16524b61d69', 'KALTAKQUISE', 'ACTIVE', 0, NULL),
('b635cd8c-66c3-46d6-990c-517da1ee0bc9', 'eae22620-335f-4389-a652-6512a05ca13d', 'KALTAKQUISE', 'ACTIVE', 0, NULL),
('8fd1d02f-6210-4ac2-8247-ef252fb60bdb', '55a716eb-0a86-49d1-891d-0d1002a514df', 'KALTAKQUISE', 'ACTIVE', 0, NULL),
('6b686fa6-5690-41cf-abe9-d71237f2681e', 'ebbdfe04-2332-418a-bd81-e0666470360e', 'KALTAKQUISE', 'ACTIVE', 0, NULL),
('2b4a3c65-94bb-4a73-8d17-d919392e6f7a', 'c8bf4ca7-df2a-47c1-9998-2014da1c3941', 'KALTAKQUISE', 'ACTIVE', 0, NULL),
('7fd8992e-2278-422b-86cb-f3bb6790d7ca', 'df7d3ac9-afd4-4aa3-b6ed-c1652c0c6a48', 'KALTAKQUISE', 'ACTIVE', 0, NULL),
('3a3e01bb-3e00-4277-ab20-b9b16862e5b5', '6f9512f1-b605-40b4-84f6-b4d4eeecdd7a', 'KALTAKQUISE', 'ACTIVE', 0, NULL),
('27dbbef3-fa4f-4b1b-ad17-3d79d4260031', '5c90d11c-3d08-4f47-b527-f09906f76c95', 'KALTAKQUISE', 'ACTIVE', 0, NULL),
('ec5bff01-dfd3-4487-8d6b-d000cd42b0d3', 'acfb60db-fbe0-49e2-83c7-0d355a3df7a2', 'KALTAKQUISE', 'ACTIVE', 0, NULL),
('ba3ef3fe-28bf-4eb2-8c32-1b8e480ce12c', '0766253d-6ccc-47e8-96d9-6c076df7e2d4', 'KALTAKQUISE', 'ACTIVE', 0, NULL),
('c7e1adf9-17ef-4c95-9fc9-288d81de455a', '4cbc34a8-02e5-4fae-82e3-f6f01a94f21b', 'KALTAKQUISE', 'ACTIVE', 0, NULL),
('24512e7f-efb3-492e-a15c-5ee7cef3f2cf', 'd0be5339-5950-4084-8a0e-e6e3868546e5', 'KALTAKQUISE', 'ACTIVE', 0, NULL),
('1d8a4918-f83d-4297-a2ec-31261fc82b54', 'bfa1ec9a-8826-46b4-a5d9-93aa1687ec0e', 'KALTAKQUISE', 'ACTIVE', 0, NULL),
('c56d5e4c-6a39-4da9-a59f-6a159bb448d3', 'f1880507-2fbb-434d-b742-ea3767bdfc51', 'KALTAKQUISE', 'ACTIVE', 0, NULL),
('16af11b6-13bf-403b-8204-ee3001cfd9bc', 'd8db091c-1d0e-4bd7-ae07-6765a4f44beb', 'KALTAKQUISE', 'ACTIVE', 0, NULL),
('9f4033d7-23b5-435b-a9b5-eaee4947cea3', 'd12a46a7-86b7-4918-858c-26ecf7e76ba5', 'KALTAKQUISE', 'ACTIVE', 0, NULL),
('b89f179d-6053-4b4c-a779-05558abc57ef', 'b1ff05f5-8d52-4d6e-8e79-f99c45d1ea01', 'KALTAKQUISE', 'ACTIVE', 0, NULL),
('8b1ff53b-d1b9-418f-a9b6-fcb40811374f', '737c6dd7-3554-4ae4-b96c-dc86450104b3', 'KALTAKQUISE', 'ACTIVE', 0, NULL),
('d747c0a8-8be4-4a71-b333-94fae85e103b', 'fc494bde-3896-4543-8ab7-2dd651319dc1', 'KALTAKQUISE', 'ACTIVE', 0, NULL),
('4699a2e5-8145-4ecd-a7b9-5020d7960ad3', '6ce15ed6-11d5-4858-9430-d896002950aa', 'KALTAKQUISE', 'ACTIVE', 0, NULL),
('aaa6a43e-7459-425b-bf6e-ac28b3131a81', '7fbad854-66ab-4560-bf21-8eb2422d036b', 'KALTAKQUISE', 'ACTIVE', 0, NULL),
('14517901-bb39-48ae-b1e1-391df20fb2a9', '256a9677-c0f7-490c-9455-5a1a444af1ee', 'KALTAKQUISE', 'ACTIVE', 0, NULL),
('b9a7063a-4c4f-4001-a287-433aa2e28a9f', '1c8a09d8-89ad-4db4-86f6-794549871660', 'KALTAKQUISE', 'ACTIVE', 0, NULL),
('23621927-1f75-4265-a86f-0806a2284795', '9703edd3-f5a4-4a1c-b8f4-b53cecfef3f6', 'KALTAKQUISE', 'ACTIVE', 0, NULL),
('8c31aa9e-9086-495b-a367-f0e4f94bceeb', '3d3b7e93-ac63-484d-a314-47766b024c60', 'KALTAKQUISE', 'ACTIVE', 0, NULL),
('162c1793-a5e8-4ed3-8020-30215096a640', 'a8f88b1c-c71d-4d0d-b075-ee6de4b5cd78', 'KALTAKQUISE', 'ACTIVE', 0, NULL),
('2c8755ac-87c2-49fb-becc-c18c6d62e93d', '8bc6680b-6013-4bf1-85c3-ba830d478767', 'KALTAKQUISE', 'ACTIVE', 0, NULL),
('c83f7203-7402-4a2c-b37b-1c2e028abb8a', '5f9ba340-fc2f-4fd9-b6b0-1b8810ddb8c8', 'KALTAKQUISE', 'ACTIVE', 0, NULL),
('aef63222-c627-4035-a96b-1ba4a34dabd7', '32aa7ecb-4a3f-420b-880e-e4eee83a4d2b', 'KALTAKQUISE', 'ACTIVE', 0, NULL),
('fc98723a-8ae1-4c0d-920e-9bea144538db', '02c386a9-cadc-435a-88e3-6cc399ad080c', 'KALTAKQUISE', 'ACTIVE', 0, NULL),
('82cba3b3-faaf-4c8b-b2a2-ce781363a568', '2de142b2-e985-46ed-a0d5-6d236faf3768', 'KALTAKQUISE', 'ACTIVE', 0, NULL),
('0513b6c6-df51-4866-a378-2a3f3afb15a9', '8d8b1e6f-7a4b-46a0-a1b8-6da9729d57be', 'KALTAKQUISE', 'ACTIVE', 0, NULL),
('f3d48328-802d-4b82-b4c8-6f5705a24ca2', '97399689-0014-4b05-8329-0bc47f7d8c9e', 'KALTAKQUISE', 'ACTIVE', 0, NULL),
('27f4a8f7-ebf8-495e-bc9e-4e98c18ed5ee', '4032b6d4-d48c-425a-9760-dbbc0ec5c892', 'KALTAKQUISE', 'ACTIVE', 0, NULL),
('1b6cf60a-cc04-4324-a2b0-7df9196e7d70', '2904e9a1-abcb-494e-8bc8-8a61e59269e2', 'KALTAKQUISE', 'ACTIVE', 0, NULL),
('8b705f0a-77b6-4a94-b5b1-fd2222a602ac', '1e10bf21-eedf-4922-9055-ac120f4d3bd6', 'KALTAKQUISE', 'ACTIVE', 0, NULL),
('3f2bd2dd-88dc-4d56-82fc-d10ce1844e45', 'af700708-8eb5-4556-8968-273f0cb46a81', 'KALTAKQUISE', 'ACTIVE', 0, NULL),
('fc23149c-6015-4a88-8372-a9b19e803182', '70b961aa-3d67-4359-bbff-f7b3500633b8', 'KALTAKQUISE', 'ACTIVE', 0, NULL),
('3cd4b246-c286-4b65-bf18-826bb54577cd', 'f86ff4c1-b5f4-4bd3-9a74-12ba3dac78a5', 'KALTAKQUISE', 'ACTIVE', 0, NULL),
('8e1dda73-9ad7-4dde-b22e-4f09ca085e7e', '276f37a0-320c-4a6c-854c-f4688d189f02', 'KALTAKQUISE', 'ACTIVE', 0, NULL),
('9fe7bfaa-275e-4ed8-82dd-6d0e0cc49707', '27106edc-c4fb-42b6-8ef6-9d4677b0c585', 'KALTAKQUISE', 'ACTIVE', 0, NULL),
('3cd24f71-5982-4126-9927-9e20e2c830c2', '607260e2-bc7e-4e84-9f1c-b50d5a03bb7f', 'KALTAKQUISE', 'ACTIVE', 0, NULL),
('7fc2e59d-c08a-487a-bac9-f86fd4d1bf81', '5fd0d6d3-c1f1-49df-849b-d1b8137dc1e2', 'KALTAKQUISE', 'ACTIVE', 0, NULL),
('b866309d-c949-4ee5-9314-3c1d44a8efa5', 'db788417-ce14-49f4-a532-99f27e26cad7', 'KALTAKQUISE', 'ACTIVE', 0, NULL),
('4942d9a0-2343-4899-a43c-46b9a241d529', '4d046fcc-644e-4e32-bd4b-f55941c14bb9', 'KALTAKQUISE', 'ACTIVE', 0, NULL),
('fa59d4ba-f46b-4a03-af39-2521c77f5dad', '61b14c60-766b-48be-bbe5-92509db7e084', 'KALTAKQUISE', 'ACTIVE', 0, NULL),
('2896e25f-0ebb-451d-a5a9-7c272c5f9c71', '124927b9-d281-40a5-b94a-39c3776008af', 'KALTAKQUISE', 'ACTIVE', 0, NULL),
('6d8e33e7-8683-4fe0-b651-cff85a58d2bf', '5b97e6a0-6da3-41c6-ae7f-d1a6c1f8a165', 'KALTAKQUISE', 'ACTIVE', 0, NULL),
('d3dd3362-ba6c-4df0-aac6-5c685e0921af', '54af438a-b928-4a07-9779-7eb105fbc699', 'KALTAKQUISE', 'ACTIVE', 0, NULL),
('d42fabd9-82c7-421d-8c2f-1ff9bf23980e', '00673823-dc4d-46f4-bb3b-e2382d72be62', 'KALTAKQUISE', 'ACTIVE', 0, NULL),
('69b0afdf-1840-4968-a252-fddfaf6aabaf', 'f1b61810-9053-4a31-99cb-018ff3fa872a', 'KALTAKQUISE', 'ACTIVE', 0, NULL),
('0368734c-2833-43bf-bf92-91f973e787f9', '13268ec6-a9f0-40ba-a843-4fd6fce3f3bc', 'KALTAKQUISE', 'ACTIVE', 0, NULL),
('0e34d4eb-d2fd-4214-82cb-d7834505f49a', '5d09122c-4c04-404a-9094-d331a0bdb066', 'KALTAKQUISE', 'ACTIVE', 0, NULL),
('a4c88fc7-53f7-47bd-a293-2d3127cb6ac4', '3d36af96-8c12-4f8b-9c48-99135500741b', 'KALTAKQUISE', 'ACTIVE', 0, NULL),
('f182663c-042e-40a9-b320-dae89e2f8941', 'ac514282-eec5-4d65-8502-060ef81afd92', 'KALTAKQUISE', 'ACTIVE', 0, NULL),
('376ad624-fa1b-482c-b4a8-d2911f5b3b50', 'fbdc4898-cf44-4232-a5c7-ac25a86225c9', 'KALTAKQUISE', 'ACTIVE', 0, NULL),
('1bafe852-19b5-4f43-920d-6536ee9c0c77', '7d819208-43c7-48c4-af11-e08012651e96', 'KALTAKQUISE', 'ACTIVE', 0, NULL),
('1d41e3f9-4b88-4f6d-bc30-b1ef387c355e', '8448d5b9-ef11-43f0-97c9-697a108d9477', 'KALTAKQUISE', 'ACTIVE', 0, NULL),
('5b282cd1-02de-4355-8ff3-94f2cd211c00', 'eb041f7b-491a-426d-9952-38af38695b29', 'KALTAKQUISE', 'ACTIVE', 0, NULL),
('b7dd09dc-222f-49b3-9061-341f17101cd0', '882e50a9-cb91-406e-877a-117872924f09', 'KALTAKQUISE', 'ACTIVE', 0, NULL),
('c0193881-b380-4c1f-913a-6ac8bd096d7b', 'e5ca4c3c-6a93-4288-bb6e-e645c3b7e913', 'KALTAKQUISE', 'ACTIVE', 0, NULL),
('497df28e-c212-4d5d-be33-0c60f6b50de7', '4a56e08f-4a08-4fc8-a2a8-498cd4dbadbf', 'KALTAKQUISE', 'ACTIVE', 0, NULL),
('e2e35da5-33dc-4f2d-94ee-703b41afe2f1', '5fe979e9-6b59-4563-a3a7-08d98c270fd4', 'KALTAKQUISE', 'ACTIVE', 0, NULL),
('18525856-2b73-4d18-a4af-0661f60c2ba8', 'c1608ecd-7834-4bfa-bc52-a82ced3f7590', 'KALTAKQUISE', 'ACTIVE', 0, NULL),
('db206636-d498-473d-95d9-bec69bb9b5ee', '68e7208f-42e2-47e7-a519-5dcaf35974c0', 'KALTAKQUISE', 'ACTIVE', 0, NULL),
('b43d9e82-c297-42e6-9950-066f1be0e21f', 'a724a162-2ca9-4a73-84e7-384195d74be9', 'KALTAKQUISE', 'ACTIVE', 0, NULL),
('8a3dba39-64db-43d2-9bad-f723dc8c7af5', '2b228d37-e3c9-474b-adb6-1f49367ed142', 'KALTAKQUISE', 'ACTIVE', 0, NULL),
('031bcb34-9745-4474-abf1-8f70a9074050', 'b2e59d6e-01e3-40cb-becd-72866b181b6f', 'KALTAKQUISE', 'ACTIVE', 0, NULL),
('a2926e03-7531-478c-b5f9-9b4ae9267a2f', '4ee66e27-b418-4ca5-ab95-43cc971358bb', 'KALTAKQUISE', 'ACTIVE', 0, NULL),
('d930de19-a0f3-4c82-bdc9-859cdaa81b3c', '1d22ceff-aac6-44ca-b7c1-c1ac92d61450', 'KALTAKQUISE', 'ACTIVE', 0, NULL),
('820f247e-4d0e-42ba-ac82-7a10c664153e', 'aea14b0b-a112-46fc-aa33-f2da88a28cec', 'KALTAKQUISE', 'ACTIVE', 0, NULL),
('9489eb30-a140-4e3c-b4ce-010dfb911aaf', '91a257f5-d4a4-440c-9792-f551e8a270cb', 'KALTAKQUISE', 'ACTIVE', 0, NULL),
('bc587152-031c-411f-9d61-0eaf8ad4236c', '892d0125-3c8f-43cd-ad13-24680d748a1b', 'KALTAKQUISE', 'ACTIVE', 0, NULL),
('d079b8d7-0544-445e-8612-dc03d0d802eb', 'c233d98f-6b96-4bb5-93f8-33caf1c412f4', 'KALTAKQUISE', 'ACTIVE', 0, NULL),
('9ab94acc-868b-49dd-9a30-f640c7280ebc', 'cdda4f5d-e726-40dd-8d09-a79de5f2c1d7', 'KALTAKQUISE', 'ACTIVE', 0, NULL),
('46e52943-3ae9-408a-9e85-164152f1ee65', '05439971-d849-4757-a4cb-a19d35e86f1f', 'KALTAKQUISE', 'ACTIVE', 0, NULL),
('5e2bd7cf-0d63-4f47-b3f6-59f63b70f8af', '39f44300-ebc7-4829-8907-6968b8f085f8', 'KALTAKQUISE', 'ACTIVE', 0, NULL),
('85f9b88c-078a-4c8f-92b0-4c884faebf72', 'c50aece1-d11f-435d-bdde-c082538cad5d', 'KALTAKQUISE', 'ACTIVE', 0, NULL),
('75c5f4a0-252d-4f0e-8012-f6c845e5d863', '7567c20c-ddcc-4ffe-9f2e-3e964114211d', 'KALTAKQUISE', 'ACTIVE', 0, NULL),
('7b6fa38b-04e9-4187-ba82-fe25d6826658', 'e2c63e62-402b-4646-b63c-363a36e2b589', 'KALTAKQUISE', 'ACTIVE', 0, NULL),
('b80788a4-b337-4d04-ac43-8f66973276ce', 'd68420b6-a97b-4327-aaf2-f3d743049c57', 'KALTAKQUISE', 'ACTIVE', 0, NULL),
('7cf41f1e-b367-448a-b176-dddbc3c80527', 'e9a031d8-521d-48b9-8d3e-86d02768de64', 'KALTAKQUISE', 'ACTIVE', 0, NULL),
('39162fc4-d4e4-4feb-a936-6342bd082a4f', '6934ddd9-5751-48ab-88a3-a6e357f173a0', 'KALTAKQUISE', 'ACTIVE', 0, NULL),
('a4e43b69-6cb1-4592-a780-46349f2d91bd', 'ac958e15-f879-47e9-bf2a-04fffa5285d4', 'KALTAKQUISE', 'ACTIVE', 0, NULL),
('ef3c2219-9923-426a-ac6e-67a64d22f3b1', '4929df5b-8baa-45ad-93a1-3a7cc4f38e06', 'KALTAKQUISE', 'ACTIVE', 0, NULL),
('cde0ee87-6521-4611-b1ab-456dd829895c', '1ed6a17e-c56c-43be-8bbd-3c80a3021a6e', 'KALTAKQUISE', 'ACTIVE', 0, NULL),
('9e99f443-1297-4f73-b828-76ee23d0abdb', '12277c35-9c58-4303-9ee1-f52d1d315bef', 'KALTAKQUISE', 'ACTIVE', 0, NULL),
('5dcbfeda-120e-4087-b4bb-b93c2c99f507', 'b647fa03-9f97-446a-9045-ff2f406da15a', 'KALTAKQUISE', 'ACTIVE', 0, NULL),
('938b1e27-ff52-4af9-9bd9-6cd4a1f7ac29', '66c8d333-e28b-4d5e-82ff-a6c5b02cfee6', 'KALTAKQUISE', 'ACTIVE', 0, NULL),
('8ab815f8-c97c-4f66-bb01-87ae1bb7bc7f', 'e534dcb7-ca9e-491a-8dc8-74a32329aa77', 'KALTAKQUISE', 'ACTIVE', 0, NULL),
('58d31db4-7e3d-441a-b49a-cbf7c897cfd4', '70eb638f-ae32-46b4-b890-976d74b1654a', 'KALTAKQUISE', 'ACTIVE', 0, NULL),
('1f52613f-625e-46f5-ba2f-a72a015c51c5', '357f6189-e68d-4844-bc73-fb37a34bca25', 'KALTAKQUISE', 'ACTIVE', 0, NULL),
('cfdedb9a-8e2e-46fc-8b24-9871cf86ee9c', '330a2598-06bf-49d1-bc42-0df3a7e8933c', 'KALTAKQUISE', 'ACTIVE', 0, NULL),
('947746be-7aca-4f31-8059-c6443a5246e0', '03af2ef8-e2c9-4833-b75e-1f709b2af607', 'KALTAKQUISE', 'ACTIVE', 0, NULL),
('7770be76-2c66-4b1b-adfe-06b8f78fe7c6', '3868611b-e639-4a6b-af69-b1b517079ef4', 'KALTAKQUISE', 'ACTIVE', 0, NULL),
('11b9e41e-8da8-4e25-a8dd-9900d0a8a5f2', 'b329aae8-0071-4a45-989b-d068d76b208f', 'KALTAKQUISE', 'ACTIVE', 0, NULL),
('b0be5b71-ce50-4792-b3fe-8af902546087', '99aab679-ceba-4ee3-9a76-54eca3ac825e', 'KALTAKQUISE', 'ACTIVE', 0, NULL),
('5ca18c25-76d7-428b-a610-6c6473b5142b', '55b468a8-a5d7-427e-98fb-93fefd49e0f8', 'KALTAKQUISE', 'ACTIVE', 0, NULL),
('d574c243-a5c3-405b-bd68-32f23cc8d1fb', 'b4ee9dc4-cb95-4829-93e2-775643513027', 'KALTAKQUISE', 'ACTIVE', 0, NULL),
('52c26adf-5dc8-4baa-b277-e158e905a9e0', 'de9f700b-05d9-46a1-b09b-8536886972d0', 'KALTAKQUISE', 'ACTIVE', 0, NULL),
('d358cfdc-4fee-48ba-8fbd-cc74338897f5', 'c291d33c-b887-4bed-b749-5a955227eb41', 'KALTAKQUISE', 'ACTIVE', 0, NULL),
('84519f63-0f97-4743-aa53-a8e3a066d676', '7b0ad7a0-a6a2-41fa-aa2e-f8f6b06094e4', 'KALTAKQUISE', 'ACTIVE', 0, NULL),
('c6e77c88-1a20-4479-b9c6-d08647c1f7b2', 'f1882476-2744-4bf7-80cb-a5a1b4d38318', 'KALTAKQUISE', 'ACTIVE', 0, NULL),
('ba30510a-7fee-4fed-9ffd-bf101b6c1927', '5514f7a4-594c-4ee6-9f93-b89f08aec8df', 'KALTAKQUISE', 'ACTIVE', 0, NULL),
('3b8113f6-7929-41bd-8830-f9f4f806940c', '8259cab2-0a05-432f-b0f8-7af1e96f720f', 'KALTAKQUISE', 'ACTIVE', 0, NULL),
('428f9f61-9dcc-4768-9c56-47ec2f365405', 'ef628324-ce4b-4b40-9ebb-56c025181720', 'KALTAKQUISE', 'ACTIVE', 0, NULL),
('d9a25bc9-b129-4ef5-aee8-422609e656e4', '5e2cd4fb-5d19-4c61-84a2-918a198abf00', 'KALTAKQUISE', 'ACTIVE', 0, NULL),
('68163d0d-84ad-4c2e-ab61-af858a3e2eb1', '497d5502-46de-4c79-8172-e97869b14728', 'KALTAKQUISE', 'ACTIVE', 0, NULL),
('b9e23379-00ef-4599-a8e8-fd73374cd39b', '31a1d6a0-6fe7-403c-a3a0-80860b522d1f', 'KALTAKQUISE', 'ACTIVE', 0, NULL),
('ff3c180d-bcba-4a55-bd1c-e8a6522cf180', '10bb3fc1-5488-4f80-85eb-28cf3fb773db', 'KALTAKQUISE', 'ACTIVE', 0, NULL),
('c02fe348-e04d-4efe-bb62-1ad236dc17be', 'e5cd8c26-3e0b-4439-8372-d3e385671199', 'KALTAKQUISE', 'ACTIVE', 0, NULL),
('4f6be956-bbb4-49b7-ad0b-f2dc2d04531d', '335d7572-fa4d-4212-b3a8-572044cf1074', 'KALTAKQUISE', 'ACTIVE', 0, NULL),
('62fa5048-792d-4904-9f21-dd020d59a5df', '94874749-853c-4db2-9498-4cce66d4e208', 'KALTAKQUISE', 'ACTIVE', 0, NULL),
('85ffda4e-50e0-4843-8f38-e7af4601ea4b', '27efb304-7d57-4e88-9a96-6b295d6a5bcc', 'KALTAKQUISE', 'ACTIVE', 0, NULL),
('379f936e-d6aa-441b-84a5-d16583936bf4', '9eda48f0-3c82-4e7c-a6c4-5140f539cf62', 'KALTAKQUISE', 'ACTIVE', 0, NULL);

INSERT INTO lead_tags (lead_id, tag_id) VALUES
('c1429dfc-78e0-4eb4-a9ec-044bde50b78c', 'ka-b2c'),
('588a3f9f-3347-4175-bf4f-afedb4f434e5', 'ka-b2c'),
('42c8ecd7-b629-408e-b8c3-60ae0ecdf32b', 'ka-b2c'),
('4f17e30a-c597-40ca-8a6e-ae545c186c77', 'ka-b2c'),
('f1580b17-c154-4789-846a-8c2b95fec161', 'ka-b2c'),
('7faec22d-a22a-4614-9590-350fbe39c4a4', 'ka-b2c'),
('d075582e-9339-4431-8658-e6255e3346b6', 'ka-b2c'),
('c530bdde-a483-487e-a2ec-21f3d734cc4c', 'ka-b2c'),
('7fcc7636-a813-4926-b7f9-5c4e0a48285c', 'ka-b2c'),
('4de53018-ddc9-4804-8654-96fdbdfd3118', 'ka-b2c'),
('b809fb1b-6a8a-47a7-a0cd-c4b2cfd733d2', 'ka-b2c'),
('81fb25da-3dae-4fbc-8453-b3c09f7c1f98', 'ka-b2c'),
('3507a5cf-f6e6-4a44-a398-9288c78701ed', 'ka-b2c'),
('0cfe42a6-5405-4796-8b18-abce82f20c16', 'ka-b2c'),
('91b58e5a-b636-426f-af77-2ea41759fd7e', 'ka-b2c'),
('c183cc42-4d6f-4cc0-9cde-392554b187ca', 'ka-b2c'),
('94bb835e-aa29-4c97-b91e-58223aea2f4e', 'ka-b2c'),
('76e3f7b5-c99b-4512-90bb-b3943c8b41ab', 'ka-b2c'),
('e559f9a5-22ab-4113-a74d-97177d5bbe2d', 'ka-b2c'),
('9ed51ded-aa94-405b-960f-d100b155bfd4', 'ka-b2c'),
('dce83634-2ead-44c0-9015-4b630ad6d28e', 'ka-b2c'),
('d9e2e25d-7961-4f4f-a5f2-7335307154b4', 'ka-b2c'),
('1ea14120-d9f5-412c-a782-829fabdccdec', 'ka-b2c'),
('0a318432-19e1-4ab3-8498-e698203e374b', 'ka-b2c'),
('35421ae0-fbcc-4b6a-9795-fcc8a2f7ec80', 'ka-b2c'),
('3e6d6a24-de0c-4fff-b520-da3ae7ebb2be', 'ka-b2c'),
('9b8c5fd5-21b6-4f75-b4af-92bacf4705d5', 'ka-b2c'),
('70c70453-9e2d-47f3-98a2-76c49586b35a', 'ka-b2c'),
('e031b935-a81b-427c-822f-fa44f2f4a7b5', 'ka-b2c'),
('4c5133d0-7a79-475d-af70-7e53444d49f1', 'ka-b2c'),
('045bd0e4-0a78-433c-8687-edabbd260315', 'ka-b2c'),
('6c536c08-a422-4ee3-8e5e-2ec9ff4a067f', 'ka-b2c'),
('099af677-129a-4709-a982-47f838b75d14', 'ka-b2c'),
('f265b7d5-73f7-4cae-9b8f-a7ee1b54594b', 'ka-b2c'),
('78a7da6a-6398-48f7-8c73-167f521b3fcd', 'ka-b2c'),
('19c36c38-61ed-4cd1-b54f-9f30dc78d89d', 'ka-b2c'),
('2a73acf9-16a4-4a43-ac97-217ad5eca182', 'ka-b2c'),
('f0c7855e-d0af-4cf5-b6d1-8f646cf4c81e', 'ka-b2c'),
('a7d68853-1147-41c4-beca-67b1daa59e6e', 'ka-b2c'),
('0196906e-e8e6-4d91-be62-c26e5e35f85f', 'ka-b2c'),
('547adbf4-a30f-4b55-b112-e4b87cf6c8bd', 'ka-b2c'),
('e0611aef-272f-4ca6-a0e2-a41fc0297c5d', 'ka-b2c'),
('ded254cf-1d09-4829-bb88-9e24063e3089', 'ka-b2c'),
('be49d079-8b29-4959-96e6-e7ec0da38e2c', 'ka-b2c'),
('10027851-97c6-4311-90db-ab47cc8a247e', 'ka-b2c'),
('c74fe822-726e-4303-8133-8a396f2fd655', 'ka-b2c'),
('bacb7069-c5bc-49a5-86d8-88139a652956', 'ka-b2c'),
('5acee265-4a01-48e6-ae32-ea4352396e1c', 'ka-b2c'),
('ff7efcdd-b56d-44e9-a625-ae404aac5aa7', 'ka-b2c'),
('f6a9f1cc-085e-4c55-9c6c-925778b6cf2c', 'ka-b2c'),
('45e5c6d1-5a5f-443c-8c17-205ab11521bd', 'ka-b2c'),
('8f7487be-0ecf-46a8-b11e-469e1ff41774', 'ka-b2c'),
('43353177-75b8-4098-81eb-aed59b202a33', 'ka-b2c'),
('dc041395-2e5c-4ae1-981e-8e193d11b0be', 'ka-b2c'),
('80dc7a12-f2ca-4021-9bd0-6fd526a4e689', 'ka-b2c'),
('9ff76dd8-4fe6-4f02-b07f-ec32cce4b634', 'ka-b2c'),
('08ee889e-809d-43cf-9087-49b8b21ad8ef', 'ka-b2c'),
('cd95bf66-2eca-4bfa-9bee-cadcf418bc64', 'ka-b2c'),
('d76acb01-e392-4715-9501-2c1776282dc3', 'ka-b2c'),
('ba108c78-0a07-4ab9-9a97-8308b92e7875', 'ka-b2c'),
('82258339-0b0d-4e0d-8b8a-8c683d7149af', 'ka-b2c'),
('835dcd5f-b647-4622-935f-3dd21e5f313c', 'ka-b2c'),
('3cd7b231-d455-47f8-9430-2f567721dc83', 'ka-b2c'),
('6dad684b-2689-4b96-88a7-a5bb3456bce4', 'ka-b2c'),
('bc1bafe2-eda2-4dac-88f7-709fc476d630', 'ka-b2c'),
('7e28441b-da2e-4704-9cb7-4e29e1e6ab07', 'ka-b2c'),
('98905b25-c893-4a87-ab5a-f402176b33e4', 'ka-b2c'),
('6f6aa51c-304c-438d-b495-3c7289267f93', 'ka-b2c'),
('14791328-c7ee-403d-8930-68b18c8b1d99', 'ka-b2c'),
('8abce166-d2bc-4af0-a0f4-671be0d8109d', 'ka-b2c'),
('5c6d70fe-ac15-4dfd-ae35-ead021afcfba', 'ka-b2c'),
('840c2f4a-7b04-47be-adcf-3aba86bba9d3', 'ka-b2c'),
('ca05e8b0-02d8-41e4-9f04-f92468154634', 'ka-b2c'),
('5da1eb74-e4f8-4eae-8fad-f01d4c751cbe', 'ka-b2c'),
('4352ae62-ba7f-45fd-980e-a1fa22263254', 'ka-b2c'),
('d4fba919-b806-43ea-b787-a27877695b4c', 'ka-b2c'),
('56dbd8b3-9a27-408a-a7fa-5c891acc347e', 'ka-b2c'),
('fcfa7850-6474-471c-8185-83d6d2524851', 'ka-b2c'),
('11487472-a8d6-41f1-a6a5-8697e089d2fb', 'ka-b2c'),
('cdea7a9a-2aba-47ab-8fc1-3c7c7d54acef', 'ka-b2c'),
('fa2e96b5-cedb-43be-b797-9ff20a70b79f', 'ka-b2c'),
('4c6e8720-33ce-447c-81e3-fb9ca9be96c1', 'ka-b2c'),
('dde86cc0-f6e8-4180-9b69-bffff12f8192', 'ka-b2c'),
('075d3850-af0e-467d-b80e-4969419b35b6', 'ka-b2c'),
('0d84b509-8a91-470e-9051-254016d157bb', 'ka-b2c'),
('d6e7fe88-5bee-4a09-ad52-1109cba04719', 'ka-b2c'),
('b635cd8c-66c3-46d6-990c-517da1ee0bc9', 'ka-b2c'),
('8fd1d02f-6210-4ac2-8247-ef252fb60bdb', 'ka-b2c'),
('6b686fa6-5690-41cf-abe9-d71237f2681e', 'ka-b2c'),
('2b4a3c65-94bb-4a73-8d17-d919392e6f7a', 'ka-b2c'),
('7fd8992e-2278-422b-86cb-f3bb6790d7ca', 'ka-b2c'),
('3a3e01bb-3e00-4277-ab20-b9b16862e5b5', 'ka-b2c'),
('27dbbef3-fa4f-4b1b-ad17-3d79d4260031', 'ka-b2c'),
('ec5bff01-dfd3-4487-8d6b-d000cd42b0d3', 'ka-b2c'),
('ba3ef3fe-28bf-4eb2-8c32-1b8e480ce12c', 'ka-b2c'),
('c7e1adf9-17ef-4c95-9fc9-288d81de455a', 'ka-b2c'),
('24512e7f-efb3-492e-a15c-5ee7cef3f2cf', 'ka-b2c'),
('1d8a4918-f83d-4297-a2ec-31261fc82b54', 'ka-b2c'),
('c56d5e4c-6a39-4da9-a59f-6a159bb448d3', 'ka-b2c'),
('16af11b6-13bf-403b-8204-ee3001cfd9bc', 'ka-b2c'),
('9f4033d7-23b5-435b-a9b5-eaee4947cea3', 'ka-b2c'),
('b89f179d-6053-4b4c-a779-05558abc57ef', 'ka-b2c'),
('8b1ff53b-d1b9-418f-a9b6-fcb40811374f', 'ka-b2c'),
('d747c0a8-8be4-4a71-b333-94fae85e103b', 'ka-b2c'),
('4699a2e5-8145-4ecd-a7b9-5020d7960ad3', 'ka-b2c'),
('aaa6a43e-7459-425b-bf6e-ac28b3131a81', 'ka-b2c'),
('14517901-bb39-48ae-b1e1-391df20fb2a9', 'ka-b2c'),
('b9a7063a-4c4f-4001-a287-433aa2e28a9f', 'ka-b2c'),
('23621927-1f75-4265-a86f-0806a2284795', 'ka-b2c'),
('8c31aa9e-9086-495b-a367-f0e4f94bceeb', 'ka-b2c'),
('162c1793-a5e8-4ed3-8020-30215096a640', 'ka-b2c'),
('2c8755ac-87c2-49fb-becc-c18c6d62e93d', 'ka-b2c'),
('c83f7203-7402-4a2c-b37b-1c2e028abb8a', 'ka-b2c'),
('aef63222-c627-4035-a96b-1ba4a34dabd7', 'ka-b2c'),
('fc98723a-8ae1-4c0d-920e-9bea144538db', 'ka-b2c'),
('82cba3b3-faaf-4c8b-b2a2-ce781363a568', 'ka-b2c'),
('0513b6c6-df51-4866-a378-2a3f3afb15a9', 'ka-b2c'),
('f3d48328-802d-4b82-b4c8-6f5705a24ca2', 'ka-b2c'),
('27f4a8f7-ebf8-495e-bc9e-4e98c18ed5ee', 'ka-b2c'),
('1b6cf60a-cc04-4324-a2b0-7df9196e7d70', 'ka-b2c'),
('8b705f0a-77b6-4a94-b5b1-fd2222a602ac', 'ka-b2c'),
('3f2bd2dd-88dc-4d56-82fc-d10ce1844e45', 'ka-b2c'),
('fc23149c-6015-4a88-8372-a9b19e803182', 'ka-b2c'),
('3cd4b246-c286-4b65-bf18-826bb54577cd', 'ka-b2c'),
('8e1dda73-9ad7-4dde-b22e-4f09ca085e7e', 'ka-b2c'),
('9fe7bfaa-275e-4ed8-82dd-6d0e0cc49707', 'ka-b2c'),
('3cd24f71-5982-4126-9927-9e20e2c830c2', 'ka-b2c'),
('7fc2e59d-c08a-487a-bac9-f86fd4d1bf81', 'ka-b2c'),
('b866309d-c949-4ee5-9314-3c1d44a8efa5', 'ka-b2c'),
('4942d9a0-2343-4899-a43c-46b9a241d529', 'ka-b2c'),
('fa59d4ba-f46b-4a03-af39-2521c77f5dad', 'ka-b2c'),
('2896e25f-0ebb-451d-a5a9-7c272c5f9c71', 'ka-b2c'),
('6d8e33e7-8683-4fe0-b651-cff85a58d2bf', 'ka-b2c'),
('d3dd3362-ba6c-4df0-aac6-5c685e0921af', 'ka-b2c'),
('d42fabd9-82c7-421d-8c2f-1ff9bf23980e', 'ka-b2c'),
('69b0afdf-1840-4968-a252-fddfaf6aabaf', 'ka-b2c'),
('0368734c-2833-43bf-bf92-91f973e787f9', 'ka-b2c'),
('0e34d4eb-d2fd-4214-82cb-d7834505f49a', 'ka-b2c'),
('a4c88fc7-53f7-47bd-a293-2d3127cb6ac4', 'ka-b2c'),
('f182663c-042e-40a9-b320-dae89e2f8941', 'ka-b2c'),
('376ad624-fa1b-482c-b4a8-d2911f5b3b50', 'ka-b2c'),
('1bafe852-19b5-4f43-920d-6536ee9c0c77', 'ka-b2c'),
('1d41e3f9-4b88-4f6d-bc30-b1ef387c355e', 'ka-b2c'),
('5b282cd1-02de-4355-8ff3-94f2cd211c00', 'ka-b2c'),
('b7dd09dc-222f-49b3-9061-341f17101cd0', 'ka-b2c'),
('c0193881-b380-4c1f-913a-6ac8bd096d7b', 'ka-b2c'),
('497df28e-c212-4d5d-be33-0c60f6b50de7', 'ka-b2c'),
('e2e35da5-33dc-4f2d-94ee-703b41afe2f1', 'ka-b2c'),
('18525856-2b73-4d18-a4af-0661f60c2ba8', 'ka-b2c'),
('db206636-d498-473d-95d9-bec69bb9b5ee', 'ka-b2c'),
('b43d9e82-c297-42e6-9950-066f1be0e21f', 'ka-b2c'),
('8a3dba39-64db-43d2-9bad-f723dc8c7af5', 'ka-b2c'),
('031bcb34-9745-4474-abf1-8f70a9074050', 'ka-b2c'),
('a2926e03-7531-478c-b5f9-9b4ae9267a2f', 'ka-b2c'),
('d930de19-a0f3-4c82-bdc9-859cdaa81b3c', 'ka-b2c'),
('820f247e-4d0e-42ba-ac82-7a10c664153e', 'ka-b2c'),
('9489eb30-a140-4e3c-b4ce-010dfb911aaf', 'ka-b2c'),
('bc587152-031c-411f-9d61-0eaf8ad4236c', 'ka-b2c'),
('d079b8d7-0544-445e-8612-dc03d0d802eb', 'ka-b2c'),
('9ab94acc-868b-49dd-9a30-f640c7280ebc', 'ka-b2c'),
('46e52943-3ae9-408a-9e85-164152f1ee65', 'ka-b2c'),
('5e2bd7cf-0d63-4f47-b3f6-59f63b70f8af', 'ka-b2c'),
('85f9b88c-078a-4c8f-92b0-4c884faebf72', 'ka-b2c'),
('75c5f4a0-252d-4f0e-8012-f6c845e5d863', 'ka-b2c'),
('7b6fa38b-04e9-4187-ba82-fe25d6826658', 'ka-b2c'),
('b80788a4-b337-4d04-ac43-8f66973276ce', 'ka-b2c'),
('7cf41f1e-b367-448a-b176-dddbc3c80527', 'ka-b2c'),
('39162fc4-d4e4-4feb-a936-6342bd082a4f', 'ka-b2c'),
('a4e43b69-6cb1-4592-a780-46349f2d91bd', 'ka-b2c'),
('ef3c2219-9923-426a-ac6e-67a64d22f3b1', 'ka-b2c'),
('cde0ee87-6521-4611-b1ab-456dd829895c', 'ka-b2c'),
('9e99f443-1297-4f73-b828-76ee23d0abdb', 'ka-b2c'),
('5dcbfeda-120e-4087-b4bb-b93c2c99f507', 'ka-b2c'),
('938b1e27-ff52-4af9-9bd9-6cd4a1f7ac29', 'ka-b2c'),
('8ab815f8-c97c-4f66-bb01-87ae1bb7bc7f', 'ka-b2c'),
('58d31db4-7e3d-441a-b49a-cbf7c897cfd4', 'ka-b2c'),
('1f52613f-625e-46f5-ba2f-a72a015c51c5', 'ka-b2c'),
('cfdedb9a-8e2e-46fc-8b24-9871cf86ee9c', 'ka-b2c'),
('947746be-7aca-4f31-8059-c6443a5246e0', 'ka-b2c'),
('7770be76-2c66-4b1b-adfe-06b8f78fe7c6', 'ka-b2c'),
('11b9e41e-8da8-4e25-a8dd-9900d0a8a5f2', 'ka-b2c'),
('b0be5b71-ce50-4792-b3fe-8af902546087', 'ka-b2c'),
('5ca18c25-76d7-428b-a610-6c6473b5142b', 'ka-b2c'),
('d574c243-a5c3-405b-bd68-32f23cc8d1fb', 'ka-b2c'),
('52c26adf-5dc8-4baa-b277-e158e905a9e0', 'ka-b2c'),
('d358cfdc-4fee-48ba-8fbd-cc74338897f5', 'ka-b2c'),
('84519f63-0f97-4743-aa53-a8e3a066d676', 'ka-b2c'),
('c6e77c88-1a20-4479-b9c6-d08647c1f7b2', 'ka-b2c'),
('ba30510a-7fee-4fed-9ffd-bf101b6c1927', 'ka-b2c'),
('3b8113f6-7929-41bd-8830-f9f4f806940c', 'ka-b2c'),
('428f9f61-9dcc-4768-9c56-47ec2f365405', 'ka-b2c'),
('d9a25bc9-b129-4ef5-aee8-422609e656e4', 'ka-b2c'),
('68163d0d-84ad-4c2e-ab61-af858a3e2eb1', 'ka-b2c'),
('b9e23379-00ef-4599-a8e8-fd73374cd39b', 'ka-b2c'),
('ff3c180d-bcba-4a55-bd1c-e8a6522cf180', 'ka-b2c'),
('c02fe348-e04d-4efe-bb62-1ad236dc17be', 'ka-b2c'),
('4f6be956-bbb4-49b7-ad0b-f2dc2d04531d', 'ka-b2c'),
('62fa5048-792d-4904-9f21-dd020d59a5df', 'ka-b2c'),
('85ffda4e-50e0-4843-8f38-e7af4601ea4b', 'ka-b2c'),
('379f936e-d6aa-441b-84a5-d16583936bf4', 'ka-b2c');
